fetched_utc,quote_utc,root,expiry,type,strike,spot,bid,bid_size,ask,ask_size,last,volume,open_interest,iv,delta,gamma,theta,vega,rho
2026-09-01T17:22:11Z,2026-09-01 17:21:31,SPXW,2026-09-01,C,6875.0,7633.7402,749.6,1.0,769.0,1.0,0.0,0.0,0.0,2.3486,0.9996,0.0,-0.025,0.0021,0.0
2026-09-01T17:22:11Z,2026-09-01 17:21:31,SPXW,2026-09-01,P,6875.0,7633.7402,0.0,0.0,0.05,1575.0,0.05,0.0,214.0,1.7379,-0.0004,0.0,-0.025,0.0021,0.0
2026-09-01T17:22:11Z,2026-09-01 17:21:31,SPXW,2026-09-01,C,6900.0,7633.7402,728.3,1.0,744.0,1.0,769.75,0.0,1.0,2.702,0.9996,0.0,-0.025,0.0021,0.0
2026-09-01T17:22:11Z,2026-09-01 17:21:31,SPXW,2026-09-01,P,6900.0,7633.7402,0.0,0.0,0.05,1641.0,0.03,1.0,718.0,1.6816,-0.0004,0.0,-0.025,0.0021,0.0
2026-09-01T17:22:11Z,2026-09-01 17:21:31,SPXW,2026-09-01,C,6925.0,7633.7402,703.3,1.0,719.0,1.0,0.0,0.0,0.0,2.6188,0.9995,0.0,-0.025,0.0022,0.0
2026-09-01T17:22:11Z,2026-09-01 17:21:31,SPXW,2026-09-01,P,6925.0,7633.7402,0.0,0.0,0.05,1426.0,0.05,0.0,305.0,1.6255,-0.0005,0.0,-0.025,0.0022,0.0
2026-09-01T17:22:11Z,2026-09-01 17:21:31,SPXW,2026-09-01,C,6950.0,7633.7402,678.3,1.0,694.0,1.0,0.0,0.0,0.0,2.5357,0.9995,0.0,-0.025,0.0023,0.0
2026-09-01T17:22:11Z,2026-09-01 17:21:31,SPXW,2026-09-01,P,6950.0,7633.7402,0.0,0.0,0.05,1416.0,0.05,0.0,237.0,1.5694,-0.0005,0.0,-0.025,0.0023,0.0
2026-09-01T17:22:11Z,2026-09-01 17:21:31,SPXW,2026-09-01,C,6975.0,7633.7402,649.6,1.0,669.0,1.0,0.0,0.0,0.0,2.0584,0.9995,0.0,-0.025,0.0024,0.0
2026-09-01T17:22:11Z,2026-09-01 17:21:31,SPXW,2026-09-01,P,6975.0,7633.7402,0.0,0.0,0.05,1391.0,0.05,0.0,216.0,1.5134,-0.0005,0.0,-0.025,0.0024,0.0
2026-09-01T17:22:11Z,2026-09-01 17:21:31,SPXW,2026-09-01,C,7000.0,7633.7402,624.6,1.0,644.0,1.0,647.88,1.0,1.0,1.986,0.9995,0.0,-0.025,0.0024,0.0
2026-09-01T17:22:11Z,2026-09-01 17:21:31,SPXW,2026-09-01,P,7000.0,7633.7402,0.0,0.0,0.05,1493.0,0.03,1.0,774.0,1.4575,-0.0005,0.0,-0.025,0.0024,0.0
2026-09-01T17:22:11Z,2026-09-01 17:21:31,SPXW,2026-09-01,C,7025.0,7633.7402,599.6,1.0,619.0,1.0,0.0,0.0,0.0,1.9135,0.9995,0.0,-0.025,0.0025,0.0
2026-09-01T17:22:11Z,2026-09-01 17:21:31,SPXW,2026-09-01,P,7025.0,7633.7402,0.0,0.0,0.05,1353.0,0.05,0.0,171.0,1.4017,-0.0005,0.0,-0.025,0.0025,0.0
2026-09-01T17:22:11Z,2026-09-01 17:21:31,SPXW,2026-09-01,C,7050.0,7633.7402,574.6,1.0,594.0,1.0,0.0,0.0,0.0,1.841,0.9994,0.0,-0.025,0.0026,0.0
2026-09-01T17:22:11Z,2026-09-01 17:21:31,SPXW,2026-09-01,P,7050.0,7633.7402,0.0,0.0,0.05,1362.0,0.03,1.0,737.0,1.3459,-0.0006,0.0,-0.025,0.0026,0.0
2026-09-01T17:22:11Z,2026-09-01 17:21:31,SPXW,2026-09-01,C,7070.0,7633.7402,558.3,1.0,573.8,1.0,0.0,0.0,0.0,2.1226,0.9994,0.0,-0.025,0.0027,0.0
2026-09-01T17:22:11Z,2026-09-01 17:21:31,SPXW,2026-09-01,P,7070.0,7633.7402,0.0,0.0,0.05,1171.0,0.05,0.0,31.0,1.3013,-0.0006,0.0,-0.025,0.0027,0.0
2026-09-01T17:22:11Z,2026-09-01 17:21:31,SPXW,2026-09-01,C,7075.0,7633.7402,549.6,1.0,569.0,1.0,0.0,0.0,0.0,1.7685,0.9994,0.0,-0.025,0.0027,0.0
2026-09-01T17:22:11Z,2026-09-01 17:21:31,SPXW,2026-09-01,P,7075.0,7633.7402,0.0,0.0,0.05,1283.0,0.05,0.0,196.0,1.2902,-0.0006,0.0,-0.025,0.0027,0.0
2026-09-01T17:22:11Z,2026-09-01 17:21:31,SPXW,2026-09-01,C,7080.0,7633.7402,548.3,1.0,563.8,1.0,0.0,0.0,0.0,2.0894,0.9994,0.0,-0.025,0.0028,0.0
2026-09-01T17:22:11Z,2026-09-01 17:21:31,SPXW,2026-09-01,P,7080.0,7633.7402,0.0,0.0,0.05,1177.0,0.05,0.0,21.0,1.279,-0.0006,0.0,-0.025,0.0028,0.0
2026-09-01T17:22:11Z,2026-09-01 17:21:31,SPXW,2026-09-01,C,7090.0,7633.7402,538.3,1.0,553.8,1.0,0.0,0.0,0.0,2.0561,0.9994,0.0,-0.025,0.0028,0.0
2026-09-01T17:22:11Z,2026-09-01 17:21:31,SPXW,2026-09-01,P,7090.0,7633.7402,0.0,0.0,0.05,1201.0,0.05,0.0,28.0,1.2567,-0.0006,0.0,-0.025,0.0028,0.0
2026-09-01T17:22:11Z,2026-09-01 17:21:31,SPXW,2026-09-01,C,7100.0,7633.7402,528.3,1.0,543.8,1.0,671.16,0.0,1.0,2.0228,0.9994,0.0,-0.025,0.0028,0.0
2026-09-01T17:22:11Z,2026-09-01 17:21:31,SPXW,2026-09-01,P,7100.0,7633.7402,0.0,0.0,0.05,1268.0,0.05,2.0,278.0,1.2345,-0.0006,0.0,-0.025,0.0028,0.0
2026-09-01T17:22:11Z,2026-09-01 17:21:31,SPXW,2026-09-01,C,7110.0,7633.7402,514.6,1.0,533.8,1.0,0.0,0.0,0.0,1.6355,0.9994,0.0,-0.025,0.0029,0.0
2026-09-01T17:22:11Z,2026-09-01 17:21:31,SPXW,2026-09-01,P,7110.0,7633.7402,0.0,0.0,0.05,1170.0,0.05,0.0,134.0,1.2122,-0.0006,0.0,-0.025,0.0029,0.0
2026-09-01T17:22:11Z,2026-09-01 17:21:31,SPXW,2026-09-01,C,7120.0,7633.7402,508.3,1.0,523.8,1.0,0.0,0.0,0.0,1.9562,0.9994,0.0,-0.025,0.0029,0.0
2026-09-01T17:22:11Z,2026-09-01 17:21:31,SPXW,2026-09-01,P,7120.0,7633.7402,0.0,0.0,0.05,1138.0,0.07,0.0,29.0,1.1899,-0.0006,0.0,-0.025,0.0029,0.0
2026-09-01T17:22:11Z,2026-09-01 17:21:31,SPXW,2026-09-01,C,7125.0,7633.7402,499.6,1.0,518.8,1.0,0.0,0.0,0.0,1.5926,0.9994,0.0,-0.025,0.003,0.0
2026-09-01T17:22:11Z,2026-09-01 17:21:31,SPXW,2026-09-01,P,7125.0,7633.7402,0.0,0.0,0.05,1202.0,0.07,0.0,458.0,1.1788,-0.0006,0.0,-0.025,0.003,0.0
2026-09-01T17:22:11Z,2026-09-01 17:21:31,SPXW,2026-09-01,C,7130.0,7633.7402,494.6,1.0,513.6,1.0,0.0,0.0,0.0,1.5439,0.9994,0.0,-0.025,0.003,0.0
2026-09-01T17:22:11Z,2026-09-01 17:21:31,SPXW,2026-09-01,P,7130.0,7633.7402,0.0,0.0,0.05,1071.0,0.1,0.0,262.0,1.1677,-0.0006,0.0,-0.025,0.003,0.0
2026-09-01T17:22:11Z,2026-09-01 17:21:31,SPXW,2026-09-01,C,7140.0,7633.7402,484.6,1.0,503.8,1.0,0.0,0.0,0.0,1.5496,0.9994,0.0,-0.025,0.003,0.0
2026-09-01T17:22:11Z,2026-09-01 17:21:31,SPXW,2026-09-01,P,7140.0,7633.7402,0.0,0.0,0.05,1185.0,0.05,0.0,343.0,1.1454,-0.0006,0.0,-0.025,0.003,0.0
2026-09-01T17:22:11Z,2026-09-01 17:21:31,SPXW,2026-09-01,C,7150.0,7633.7402,474.6,1.0,494.0,1.0,0.0,0.0,0.0,1.5506,0.9994,0.0,-0.025,0.0031,0.0
2026-09-01T17:22:11Z,2026-09-01 17:21:31,SPXW,2026-09-01,P,7150.0,7633.7402,0.0,0.0,0.05,1183.0,0.1,0.0,510.0,1.1232,-0.0006,0.0,-0.025,0.0031,0.0
2026-09-01T17:22:11Z,2026-09-01 17:21:31,SPXW,2026-09-01,C,7160.0,7633.7402,473.4,6.0,484.8,2.0,0.0,0.0,0.0,0.0,0.9993,0.0,-0.025,0.0032,0.0
2026-09-01T17:22:11Z,2026-09-01 17:21:31,SPXW,2026-09-01,P,7160.0,7633.7402,0.0,0.0,0.05,1033.0,0.1,0.0,216.0,1.1009,-0.0007,0.0,-0.025,0.0032,0.0
2026-09-01T17:22:11Z,2026-09-01 17:21:31,SPXW,2026-09-01,C,7170.0,7633.7402,463.4,6.0,474.8,2.0,0.0,0.0,0.0,0.0,0.9993,0.0,-0.025,0.0032,0.0
2026-09-01T17:22:11Z,2026-09-01 17:21:31,SPXW,2026-09-01,P,7170.0,7633.7402,0.0,0.0,0.05,1037.0,0.07,0.0,17.0,1.0787,-0.0007,0.0,-0.025,0.0032,0.0
2026-09-01T17:22:11Z,2026-09-01 17:21:31,SPXW,2026-09-01,C,7175.0,7633.7402,458.4,6.0,469.8,2.0,499.51,0.0,111.0,0.0,0.9993,0.0,-0.025,0.0032,0.0
2026-09-01T17:22:11Z,2026-09-01 17:21:31,SPXW,2026-09-01,P,7175.0,7633.7402,0.0,0.0,0.05,1124.0,0.05,0.0,159.0,1.0676,-0.0007,0.0,-0.025,0.0032,0.0
2026-09-01T17:22:11Z,2026-09-01 17:21:31,SPXW,2026-09-01,C,7180.0,7633.7402,453.4,6.0,464.5,1.0,0.0,0.0,0.0,0.0,0.9993,0.0,-0.025,0.0033,0.0
2026-09-01T17:22:11Z,2026-09-01 17:21:31,SPXW,2026-09-01,P,7180.0,7633.7402,0.0,0.0,0.05,1014.0,0.05,1.0,199.0,1.0564,-0.0007,0.0,-0.025,0.0033,0.0
2026-09-01T17:22:11Z,2026-09-01 17:21:31,SPXW,2026-09-01,C,7190.0,7633.7402,443.4,6.0,454.5,1.0,0.0,0.0,0.0,0.0,0.9993,0.0,-0.025,0.0033,0.0
2026-09-01T17:22:11Z,2026-09-01 17:21:31,SPXW,2026-09-01,P,7190.0,7633.7402,0.0,0.0,0.05,1349.0,0.1,0.0,15.0,1.0342,-0.0007,0.0,-0.025,0.0033,0.0
2026-09-01T17:22:11Z,2026-09-01 17:21:31,SPXW,2026-09-01,C,7200.0,7633.7402,433.4,6.0,444.5,1.0,476.56,0.0,59.0,0.0,0.9993,0.0,-0.025,0.0034,0.0
2026-09-01T17:22:11Z,2026-09-01 17:21:31,SPXW,2026-09-01,P,7200.0,7633.7402,0.0,0.0,0.05,1444.0,0.03,33.0,985.0,1.0119,-0.0007,0.0,-0.025,0.0034,0.0
2026-09-01T17:22:11Z,2026-09-01 17:21:31,SPXW,2026-09-01,C,7210.0,7633.7402,423.4,6.0,428.3,3.0,466.5,0.0,39.0,0.0,0.9993,0.0,-0.025,0.0035,0.0
2026-09-01T17:22:11Z,2026-09-01 17:21:31,SPXW,2026-09-01,P,7210.0,7633.7402,0.0,0.0,0.05,1569.0,0.03,3.0,213.0,0.9897,-0.0007,0.0,-0.025,0.0035,0.0
2026-09-01T17:22:11Z,2026-09-01 17:21:31,SPXW,2026-09-01,C,7220.0,7633.7402,413.4,6.0,423.3,2.0,0.0,0.0,30.0,0.0,0.9993,0.0,-0.025,0.0035,0.0
2026-09-01T17:22:11Z,2026-09-01 17:21:31,SPXW,2026-09-01,P,7220.0,7633.7402,0.0,0.0,0.05,1488.0,0.05,3.0,68.0,0.9674,-0.0007,0.0,-0.025,0.0035,0.0
2026-09-01T17:22:11Z,2026-09-01 17:21:31,SPXW,2026-09-01,C,7225.0,7633.7402,408.4,6.0,418.3,2.0,218.6,0.0,51.0,0.0,0.9992,0.0,-0.025,0.0036,0.0
2026-09-01T17:22:11Z,2026-09-01 17:21:31,SPXW,2026-09-01,P,7225.0,7633.7402,0.0,0.0,0.05,735.0,0.05,2.0,1129.0,0.9563,-0.0008,0.0,-0.025,0.0036,0.0
2026-09-01T17:22:11Z,2026-09-01 17:21:31,SPXW,2026-09-01,C,7230.0,7633.7402,403.4,6.0,413.3,2.0,0.0,0.0,0.0,0.0,0.9992,0.0,-0.025,0.0036,0.0
2026-09-01T17:22:11Z,2026-09-01 17:21:31,SPXW,2026-09-01,P,7230.0,7633.7402,0.0,0.0,0.05,575.0,0.03,1.0,49.0,0.9452,-0.0008,0.0,-0.025,0.0036,0.0
2026-09-01T17:22:11Z,2026-09-01 17:21:31,SPXW,2026-09-01,C,7235.0,7633.7402,398.3,6.0,408.3,2.0,0.0,0.0,0.0,0.0,0.9992,0.0,-0.025,0.0036,0.0
2026-09-01T17:22:11Z,2026-09-01 17:21:31,SPXW,2026-09-01,P,7235.0,7633.7402,0.0,0.0,0.05,570.0,0.03,14.0,33.0,0.934,-0.0008,0.0,-0.025,0.0036,0.0
2026-09-01T17:22:11Z,2026-09-01 17:21:31,SPXW,2026-09-01,C,7240.0,7633.7402,393.3,6.0,403.3,2.0,0.0,0.0,0.0,0.0,0.9992,0.0,-0.025,0.0037,0.0
2026-09-01T17:22:11Z,2026-09-01 17:21:31,SPXW,2026-09-01,P,7240.0,7633.7402,0.0,0.0,0.05,616.0,0.05,80.0,40.0,0.9229,-0.0008,0.0,-0.025,0.0037,0.0
2026-09-01T17:22:11Z,2026-09-01 17:21:31,SPXW,2026-09-01,C,7245.0,7633.7402,388.3,6.0,398.3,2.0,0.0,0.0,0.0,0.0,0.9992,0.0,-0.025,0.0037,0.0
2026-09-01T17:22:11Z,2026-09-01 17:21:31,SPXW,2026-09-01,P,7245.0,7633.7402,0.0,0.0,0.05,581.0,0.1,0.0,18.0,0.9118,-0.0008,0.0,-0.025,0.0037,0.0
2026-09-01T17:22:11Z,2026-09-01 17:21:31,SPXW,2026-09-01,C,7250.0,7633.7402,383.3,6.0,395.3,1.0,235.07,0.0,6.0,0.0,0.9992,0.0,-0.025,0.0038,0.0
2026-09-01T17:22:11Z,2026-09-01 17:21:31,SPXW,2026-09-01,P,7250.0,7633.7402,0.0,0.0,0.05,700.0,0.05,302.0,884.0,0.9006,-0.0008,0.0,-0.025,0.0038,0.0
2026-09-01T17:22:11Z,2026-09-01 17:21:31,SPXW,2026-09-01,C,7255.0,7633.7402,378.3,6.0,388.3,2.0,0.0,0.0,0.0,0.0,0.9992,0.0,-0.025,0.0038,0.0
2026-09-01T17:22:11Z,2026-09-01 17:21:31,SPXW,2026-09-01,P,7255.0,7633.7402,0.0,0.0,0.05,612.0,0.12,0.0,37.0,0.8895,-0.0008,0.0,-0.025,0.0038,0.0
2026-09-01T17:22:11Z,2026-09-01 17:21:31,SPXW,2026-09-01,C,7260.0,7633.7402,373.3,6.0,383.3,2.0,0.0,0.0,0.0,0.0,0.9992,0.0,-0.025,0.0039,0.0
2026-09-01T17:22:11Z,2026-09-01 17:21:31,SPXW,2026-09-01,P,7260.0,7633.7402,0.0,0.0,0.05,566.0,0.07,0.0,281.0,0.8784,-0.0008,0.0,-0.025,0.0039,0.0
2026-09-01T17:22:11Z,2026-09-01 17:21:31,SPXW,2026-09-01,C,7265.0,7633.7402,368.3,6.0,379.1,1.0,0.0,0.0,0.0,0.0,0.9992,0.0,-0.025,0.0039,0.0
2026-09-01T17:22:11Z,2026-09-01 17:21:31,SPXW,2026-09-01,P,7265.0,7633.7402,0.0,0.0,0.05,596.0,0.07,0.0,19.0,0.8672,-0.0008,0.0,-0.025,0.0039,0.0
2026-09-01T17:22:11Z,2026-09-01 17:21:31,SPXW,2026-09-01,C,7270.0,7633.7402,363.3,6.0,373.3,2.0,406.85,0.0,1.0,0.0,0.9992,0.0,-0.025,0.004,0.0
2026-09-01T17:22:11Z,2026-09-01 17:21:31,SPXW,2026-09-01,P,7270.0,7633.7402,0.0,0.0,0.05,574.0,0.02,4.0,105.0,0.8561,-0.0008,0.0,-0.025,0.004,0.0
2026-09-01T17:22:11Z,2026-09-01 17:21:31,SPXW,2026-09-01,C,7275.0,7633.7402,358.3,6.0,368.3,2.0,245.4,0.0,3.0,0.8862,0.9992,0.0,-0.025,0.004,0.0
2026-09-01T17:22:11Z,2026-09-01 17:21:31,SPXW,2026-09-01,P,7275.0,7633.7402,0.0,0.0,0.05,626.0,0.05,2.0,544.0,0.845,-0.0008,0.0,-0.025,0.004,0.0
2026-09-01T17:22:11Z,2026-09-01 17:21:31,SPXW,2026-09-01,C,7280.0,7633.7402,353.3,6.0,363.3,2.0,241.6,0.0,3.0,0.8746,0.9992,0.0,-0.025,0.004,0.0
2026-09-01T17:22:11Z,2026-09-01 17:21:31,SPXW,2026-09-01,P,7280.0,7633.7402,0.0,0.0,0.05,537.0,0.05,1.0,312.0,0.8338,-0.0008,0.0,-0.025,0.004,0.0
2026-09-01T17:22:11Z,2026-09-01 17:21:31,SPXW,2026-09-01,C,7285.0,7633.7402,348.3,6.0,358.3,2.0,0.0,0.0,0.0,0.863,0.9991,0.0,-0.025,0.0041,0.0
2026-09-01T17:22:11Z,2026-09-01 17:21:31,SPXW,2026-09-01,P,7285.0,7633.7402,0.0,0.0,0.05,454.0,0.07,0.0,236.0,0.8227,-0.0009,0.0,-0.025,0.0041,0.0
2026-09-01T17:22:11Z,2026-09-01 17:21:31,SPXW,2026-09-01,C,7290.0,7633.7402,343.3,6.0,353.3,2.0,0.0,0.0,0.0,0.8514,0.9991,0.0,-0.025,0.0041,0.0
2026-09-01T17:22:11Z,2026-09-01 17:21:31,SPXW,2026-09-01,P,7290.0,7633.7402,0.0,0.0,0.05,448.0,0.03,8.0,270.0,0.8115,-0.0009,0.0,-0.025,0.0041,0.0
2026-09-01T17:22:11Z,2026-09-01 17:21:31,SPXW,2026-09-01,C,7295.0,7633.7402,338.3,6.0,348.3,2.0,0.0,0.0,0.0,0.8397,0.9991,0.0,-0.025,0.0042,0.0
2026-09-01T17:22:11Z,2026-09-01 17:21:31,SPXW,2026-09-01,P,7295.0,7633.7402,0.0,0.0,0.05,273.0,0.03,2.0,97.0,0.8004,-0.0009,0.0,-0.025,0.0042,0.0
2026-09-01T17:22:11Z,2026-09-01 17:21:31,SPXW,2026-09-01,C,7300.0,7633.7402,333.3,6.0,343.3,2.0,409.34,0.0,16.0,0.8281,0.9991,0.0,-0.025,0.0042,0.0
2026-09-01T17:22:11Z,2026-09-01 17:21:31,SPXW,2026-09-01,P,7300.0,7633.7402,0.0,0.0,0.05,656.0,0.03,780.0,1464.0,0.7892,-0.0009,0.0,-0.025,0.0042,0.0
2026-09-01T17:22:11Z,2026-09-01 17:21:31,SPXW,2026-09-01,C,7305.0,7633.7402,328.3,6.0,338.3,2.0,0.0,0.0,0.0,0.8165,0.9991,0.0,-0.025,0.0043,0.0
2026-09-01T17:22:11Z,2026-09-01 17:21:31,SPXW,2026-09-01,P,7305.0,7633.7402,0.0,0.0,0.05,300.0,0.05,112.0,217.0,0.778,-0.0009,0.0,-0.025,0.0043,0.0
2026-09-01T17:22:11Z,2026-09-01 17:21:31,SPXW,2026-09-01,C,7310.0,7633.7402,323.3,6.0,333.9,1.0,0.0,0.0,0.0,0.8048,0.9991,0.0,-0.025,0.0044,0.0
2026-09-01T17:22:11Z,2026-09-01 17:21:31,SPXW,2026-09-01,P,7310.0,7633.7402,0.0,0.0,0.05,375.0,0.05,778.0,651.0,0.7669,-0.0009,0.0,-0.025,0.0044,0.0
2026-09-01T17:22:11Z,2026-09-01 17:21:31,SPXW,2026-09-01,C,7315.0,7633.7402,318.3,6.0,328.9,1.0,0.0,0.0,0.0,0.7932,0.9991,0.0,-0.025,0.0044,0.0
2026-09-01T17:22:11Z,2026-09-01 17:21:31,SPXW,2026-09-01,P,7315.0,7633.7402,0.0,0.0,0.05,1146.0,0.06,82.0,132.0,0.7557,-0.0009,0.0,-0.025,0.0044,0.0
2026-09-01T17:22:11Z,2026-09-01 17:21:31,SPXW,2026-09-01,C,7320.0,7633.7402,313.3,6.0,323.9,1.0,359.31,0.0,22.0,0.7816,0.9991,0.0,-0.025,0.0045,0.0
2026-09-01T17:22:11Z,2026-09-01 17:21:31,SPXW,2026-09-01,P,7320.0,7633.7402,0.0,0.0,0.05,130.0,0.05,57.0,255.0,0.7445,-0.0009,0.0,-0.025,0.0045,0.0
2026-09-01T17:22:11Z,2026-09-01 17:21:31,SPXW,2026-09-01,C,7325.0,7633.7402,308.3,6.0,319.1,1.0,367.38,0.0,1.0,0.7699,0.999,0.0,-0.025,0.0046,0.0
2026-09-01T17:22:11Z,2026-09-01 17:21:31,SPXW,2026-09-01,P,7325.0,7633.7402,0.0,0.0,0.05,737.0,0.03,264.0,2666.0,0.7334,-0.001,0.0,-0.025,0.0046,0.0
2026-09-01T17:22:11Z,2026-09-01 17:21:31,SPXW,2026-09-01,C,7330.0,7633.7402,303.3,6.0,314.8,1.0,0.0,0.0,0.0,0.7583,0.999,0.0,-0.025,0.0046,0.0
2026-09-01T17:22:11Z,2026-09-01 17:21:31,SPXW,2026-09-01,P,7330.0,7633.7402,0.0,0.0,0.05,159.0,0.03,58.0,149.0,0.7222,-0.001,0.0,-0.025,0.0046,0.0
2026-09-01T17:22:11Z,2026-09-01 17:21:31,SPXW,2026-09-01,C,7335.0,7633.7402,298.3,6.0,309.8,1.0,0.0,0.0,0.0,0.7466,0.999,0.0,-0.025,0.0047,0.0
2026-09-01T17:22:11Z,2026-09-01 17:21:31,SPXW,2026-09-01,P,7335.0,7633.7402,0.0,0.0,0.05,224.0,0.03,212.0,50.0,0.711,-0.001,0.0,-0.025,0.0047,0.0
2026-09-01T17:22:11Z,2026-09-01 17:21:31,SPXW,2026-09-01,C,7340.0,7633.7402,293.3,6.0,304.8,1.0,0.0,0.0,0.0,0.7349,0.999,0.0,-0.025,0.0048,0.0
2026-09-01T17:22:11Z,2026-09-01 17:21:31,SPXW,2026-09-01,P,7340.0,7633.7402,0.0,0.0,0.05,183.0,0.03,262.0,3117.0,0.6998,-0.001,0.0,-0.025,0.0048,0.0
2026-09-01T17:22:11Z,2026-09-01 17:21:31,SPXW,2026-09-01,C,7345.0,7633.7402,288.3,6.0,299.1,1.0,0.0,0.0,0.0,0.7233,0.999,0.0,-0.025,0.0048,0.0
2026-09-01T17:22:11Z,2026-09-01 17:21:31,SPXW,2026-09-01,P,7345.0,7633.7402,0.0,0.0,0.05,137.0,0.03,117.0,163.0,0.6886,-0.001,0.0,-0.025,0.0048,0.0
2026-09-01T17:22:11Z,2026-09-01 17:21:31,SPXW,2026-09-01,C,7350.0,7633.7402,283.3,6.0,294.1,1.0,307.2,3.0,7.0,0.7116,0.999,0.0,-0.025,0.0049,0.0
2026-09-01T17:22:11Z,2026-09-01 17:21:31,SPXW,2026-09-01,P,7350.0,7633.7402,0.0,0.0,0.05,472.0,0.03,749.0,717.0,0.6774,-0.001,0.0,-0.025,0.0049,0.0
2026-09-01T17:22:11Z,2026-09-01 17:21:31,SPXW,2026-09-01,C,7355.0,7633.7402,278.3,6.0,289.4,1.0,0.0,0.0,0.0,0.6999,0.999,0.0,-0.025,0.005,0.0
2026-09-01T17:22:11Z,2026-09-01 17:21:31,SPXW,2026-09-01,P,7355.0,7633.7402,0.0,0.0,0.05,41.0,0.05,117.0,173.0,0.6662,-0.001,0.0,-0.025,0.005,0.0
2026-09-01T17:22:11Z,2026-09-01 17:21:31,SPXW,2026-09-01,C,7360.0,7633.7402,273.3,6.0,283.9,1.0,297.57,1.0,13.0,0.6882,0.9989,0.0,-0.025,0.005,0.0
2026-09-01T17:22:11Z,2026-09-01 17:21:31,SPXW,2026-09-01,P,7360.0,7633.7402,0.0,0.0,0.05,43.0,0.03,966.0,969.0,0.655,-0.0011,0.0,-0.025,0.005,0.0
2026-09-01T17:22:11Z,2026-09-01 17:21:31,SPXW,2026-09-01,C,7365.0,7633.7402,268.3,6.0,279.8,1.0,318.18,0.0,10.0,0.6765,0.9989,0.0,-0.025,0.0051,0.0
2026-09-01T17:22:11Z,2026-09-01 17:21:31,SPXW,2026-09-01,P,7365.0,7633.7402,0.0,0.0,0.05,10.0,0.05,211.0,407.0,0.6438,-0.0011,0.0,-0.025,0.0051,0.0
2026-09-01T17:22:11Z,2026-09-01 17:21:31,SPXW,2026-09-01,C,7370.0,7633.7402,263.3,6.0,270.3,3.0,365.15,0.0,31.0,0.6648,0.9989,0.0,-0.025,0.0052,0.0
2026-09-01T17:22:11Z,2026-09-01 17:21:31,SPXW,2026-09-01,P,7370.0,7633.7402,0.0,0.0,0.05,105.0,0.03,68.0,158.0,0.6325,-0.0011,0.0,-0.025,0.0052,0.0
2026-09-01T17:22:11Z,2026-09-01 17:21:31,SPXW,2026-09-01,C,7375.0,7633.7402,258.3,6.0,269.4,1.0,301.6,0.0,13.0,0.6531,0.9989,0.0,-0.025,0.0053,0.0
2026-09-01T17:22:11Z,2026-09-01 17:21:31,SPXW,2026-09-01,P,7375.0,7633.7402,0.0,0.0,0.05,258.0,0.03,90.0,1504.0,0.6213,-0.0011,0.0,-0.025,0.0053,0.0
2026-09-01T17:22:11Z,2026-09-01 17:21:31,SPXW,2026-09-01,C,7380.0,7633.7402,253.3,6.0,263.9,1.0,273.78,2.0,6.0,0.6413,0.9989,0.0,-0.025,0.0054,0.0
2026-09-01T17:22:11Z,2026-09-01 17:21:31,SPXW,2026-09-01,P,7380.0,7633.7402,0.0,0.0,0.05,121.0,0.03,562.0,281.0,0.6101,-0.0011,0.0,-0.025,0.0054,0.0
2026-09-01T17:22:11Z,2026-09-01 17:21:31,SPXW,2026-09-01,C,7385.0,7633.7402,248.3,6.0,249.6,4.0,344.17,0.0,0.0,0.6296,0.998,0.0001,-0.05,0.0092,0.0
2026-09-01T17:22:11Z,2026-09-01 17:21:31,SPXW,2026-09-01,P,7385.0,7633.7402,0.0,0.0,0.1,647.0,0.05,215.0,312.0,0.6358,-0.002,0.0001,-0.05,0.0092,0.0
2026-09-01T17:22:11Z,2026-09-01 17:21:31,SPXW,2026-09-01,C,7390.0,7633.7402,243.3,6.0,244.6,4.0,193.0,0.0,8.0,0.6179,0.9971,0.0001,-0.075,0.0126,0.0
2026-09-01T17:22:11Z,2026-09-01 17:21:31,SPXW,2026-09-01,P,7390.0,7633.7402,0.05,1.0,0.1,538.0,0.05,635.0,393.0,0.6483,-0.0029,0.0001,-0.075,0.0126,0.0
2026-09-01T17:22:11Z,2026-09-01 17:21:31,SPXW,2026-09-01,C,7395.0,7633.7402,238.3,6.0,239.6,4.0,0.0,0.0,0.0,0.651,0.9979,0.0001,-0.05,0.0096,0.0
2026-09-01T17:22:11Z,2026-09-01 17:21:31,SPXW,2026-09-01,P,7395.0,7633.7402,0.0,0.0,0.1,506.0,0.05,355.0,310.0,0.6122,-0.0021,0.0001,-0.05,0.0096,0.0
2026-09-01T17:22:11Z,2026-09-01 17:21:31,SPXW,2026-09-01,C,7400.0,7633.7402,233.3,6.0,234.6,4.0,235.6,11.0,32.0,0.6385,0.9978,0.0001,-0.05,0.0097,0.0
2026-09-01T17:22:11Z,2026-09-01 17:21:31,SPXW,2026-09-01,P,7400.0,7633.7402,0.0,0.0,0.1,524.0,0.05,476.0,3919.0,0.6003,-0.0022,0.0001,-0.05,0.0097,0.0
2026-09-01T17:22:11Z,2026-09-01 17:21:31,SPXW,2026-09-01,C,7405.0,7633.7402,228.3,6.0,229.6,4.0,0.0,0.0,0.0,0.5826,0.997,0.0001,-0.075,0.0133,0.0
2026-09-01T17:22:11Z,2026-09-01 17:21:31,SPXW,2026-09-01,P,7405.0,7633.7402,0.05,57.0,0.1,538.0,0.06,282.0,344.0,0.6115,-0.0031,0.0001,-0.075,0.0133,0.0
2026-09-01T17:22:11Z,2026-09-01 17:21:31,SPXW,2026-09-01,C,7410.0,7633.7402,223.3,6.0,224.6,4.0,231.07,4.0,9.0,0.5708,0.9969,0.0001,-0.075,0.0136,0.0
2026-09-01T17:22:11Z,2026-09-01 17:21:31,SPXW,2026-09-01,P,7410.0,7633.7402,0.05,57.0,0.1,535.0,0.05,126.0,580.0,0.5992,-0.0031,0.0001,-0.075,0.0136,0.0
2026-09-01T17:22:11Z,2026-09-01 17:21:31,SPXW,2026-09-01,C,7415.0,7633.7402,218.3,6.0,219.6,4.0,0.0,0.0,0.0,0.559,0.9968,0.0001,-0.075,0.0138,0.0
2026-09-01T17:22:11Z,2026-09-01 17:21:31,SPXW,2026-09-01,P,7415.0,7633.7402,0.05,277.0,0.1,584.0,0.05,135.0,10460.0,0.5869,-0.0032,0.0001,-0.075,0.0138,0.0
2026-09-01T17:22:11Z,2026-09-01 17:21:31,SPXW,2026-09-01,C,7420.0,7633.7402,213.3,6.0,214.6,4.0,226.75,1.0,12.0,0.5472,0.9968,0.0001,-0.075,0.0141,0.0
2026-09-01T17:22:11Z,2026-09-01 17:21:31,SPXW,2026-09-01,P,7420.0,7633.7402,0.05,287.0,0.1,514.0,0.1,253.0,260.0,0.5746,-0.0032,0.0001,-0.075,0.0141,0.0
2026-09-01T17:22:11Z,2026-09-01 17:21:31,SPXW,2026-09-01,C,7425.0,7633.7402,208.3,6.0,209.6,4.0,234.12,15.0,55.0,0.0,0.9967,0.0001,-0.075,0.0144,0.0
2026-09-01T17:22:11Z,2026-09-01 17:21:31,SPXW,2026-09-01,P,7425.0,7633.7402,0.05,524.0,0.1,503.0,0.05,876.0,6183.0,0.5623,-0.0033,0.0001,-0.075,0.0144,0.0
2026-09-01T17:22:11Z,2026-09-01 17:21:31,SPXW,2026-09-01,C,7430.0,7633.7402,203.4,6.0,204.6,4.0,220.91,3.0,12.0,0.5235,0.9966,0.0001,-0.075,0.0146,0.0
2026-09-01T17:22:11Z,2026-09-01 17:21:31,SPXW,2026-09-01,P,7430.0,7633.7402,0.05,914.0,0.1,402.0,0.05,263.0,348.0,0.55,-0.0034,0.0001,-0.075,0.0146,0.0
2026-09-01T17:22:11Z,2026-09-01 17:21:31,SPXW,2026-09-01,C,7435.0,7633.7402,198.4,6.0,199.6,4.0,0.0,0.0,0.0,0.5506,0.9966,0.0001,-0.075,0.0149,0.0
2026-09-01T17:22:11Z,2026-09-01 17:21:31,SPXW,2026-09-01,P,7435.0,7633.7402,0.05,690.0,0.1,408.0,0.07,1275.0,1002.0,0.5376,-0.0034,0.0001,-0.075,0.0149,0.0
2026-09-01T17:22:11Z,2026-09-01 17:21:31,SPXW,2026-09-01,C,7440.0,7633.7402,193.4,6.0,194.6,4.0,195.6,15.0,17.0,0.538,0.9965,0.0001,-0.075,0.0152,0.0
2026-09-01T17:22:11Z,2026-09-01 17:21:31,SPXW,2026-09-01,P,7440.0,7633.7402,0.05,652.0,0.1,228.0,0.1,1701.0,336.0,0.5253,-0.0035,0.0001,-0.075,0.0152,0.0
2026-09-01T17:22:11Z,2026-09-01 17:21:31,SPXW,2026-09-01,C,7445.0,7633.7402,188.3,6.0,189.6,10.0,0.0,0.0,0.0,0.5254,0.9964,0.0001,-0.075,0.0156,0.0
2026-09-01T17:22:11Z,2026-09-01 17:21:31,SPXW,2026-09-01,P,7445.0,7633.7402,0.05,667.0,0.1,227.0,0.1,337.0,1328.0,0.5129,-0.0036,0.0001,-0.075,0.0156,0.0
2026-09-01T17:22:11Z,2026-09-01 17:21:31,SPXW,2026-09-01,C,7450.0,7633.7402,183.4,6.0,184.6,4.0,208.85,10.0,669.0,0.537,0.9964,0.0002,-0.075,0.0159,0.0
2026-09-01T17:22:11Z,2026-09-01 17:21:31,SPXW,2026-09-01,P,7450.0,7633.7402,0.05,668.0,0.1,207.0,0.05,532.0,3495.0,0.5005,-0.0036,0.0002,-0.075,0.0159,0.0
2026-09-01T17:22:11Z,2026-09-01 17:21:31,SPXW,2026-09-01,C,7455.0,7633.7402,178.3,6.0,179.6,10.0,228.53,0.0,4.0,0.5,0.9963,0.0002,-0.075,0.0163,0.0
2026-09-01T17:22:11Z,2026-09-01 17:21:31,SPXW,2026-09-01,P,7455.0,7633.7402,0.05,657.0,0.1,160.0,0.07,280.0,182.0,0.488,-0.0037,0.0002,-0.075,0.0163,0.0
2026-09-01T17:22:11Z,2026-09-01 17:21:31,SPXW,2026-09-01,C,7460.0,7633.7402,173.4,6.0,174.6,4.0,199.18,6.0,14.0,0.4874,0.9962,0.0002,-0.075,0.0166,0.0
2026-09-01T17:22:11Z,2026-09-01 17:21:31,SPXW,2026-09-01,P,7460.0,7633.7402,0.05,627.0,0.1,121.0,0.05,613.0,476.0,0.4756,-0.0038,0.0002,-0.075,0.0166,0.0
2026-09-01T17:22:11Z,2026-09-01 17:21:31,SPXW,2026-09-01,C,7465.0,7633.7402,168.4,6.0,169.6,4.0,170.79,2.0,2.0,0.4746,0.9961,0.0002,-0.075,0.017,0.0
2026-09-01T17:22:11Z,2026-09-01 17:21:31,SPXW,2026-09-01,P,7465.0,7633.7402,0.05,616.0,0.1,85.0,0.07,406.0,918.0,0.4631,-0.0039,0.0002,-0.075,0.017,0.0
2026-09-01T17:22:11Z,2026-09-01 17:21:31,SPXW,2026-09-01,C,7470.0,7633.7402,163.4,6.0,164.6,4.0,206.58,0.0,52.0,0.4619,0.996,0.0002,-0.075,0.0174,0.0
2026-09-01T17:22:11Z,2026-09-01 17:21:31,SPXW,2026-09-01,P,7470.0,7633.7402,0.05,617.0,0.1,94.0,0.1,747.0,618.0,0.4506,-0.004,0.0002,-0.075,0.0174,0.0
2026-09-01T17:22:11Z,2026-09-01 17:21:31,SPXW,2026-09-01,C,7475.0,7633.7402,158.4,6.0,159.6,4.0,161.72,4.0,7.0,0.4491,0.9959,0.0002,-0.075,0.0179,0.0
2026-09-01T17:22:11Z,2026-09-01 17:21:31,SPXW,2026-09-01,P,7475.0,7633.7402,0.05,675.0,0.1,121.0,0.07,792.0,2267.0,0.4381,-0.0041,0.0002,-0.075,0.0179,0.0
2026-09-01T17:22:11Z,2026-09-01 17:21:31,SPXW,2026-09-01,C,7480.0,7633.7402,153.5,6.0,154.6,4.0,160.42,21.0,9.0,0.4363,0.9958,0.0002,-0.075,0.0183,0.0
2026-09-01T17:22:11Z,2026-09-01 17:21:31,SPXW,2026-09-01,P,7480.0,7633.7402,0.05,750.0,0.1,4.0,0.1,1253.0,512.0,0.4256,-0.0042,0.0002,-0.075,0.0183,0.0
2026-09-01T17:22:11Z,2026-09-01 17:21:31,SPXW,2026-09-01,C,7485.0,7633.7402,148.5,6.0,149.6,4.0,234.95,0.0,10.0,0.4235,0.9935,0.0003,-0.125,0.0269,0.0
2026-09-01T17:22:11Z,2026-09-01 17:21:31,SPXW,2026-09-01,P,7485.0,7633.7402,0.1,10.0,0.15,539.0,0.12,825.0,1599.0,0.4368,-0.0065,0.0003,-0.125,0.0269,0.0
2026-09-01T17:22:11Z,2026-09-01 17:21:31,SPXW,2026-09-01,C,7490.0,7633.7402,143.5,6.0,144.6,4.0,191.75,0.0,20.0,0.4107,0.9933,0.0003,-0.125,0.0276,0.0
2026-09-01T17:22:11Z,2026-09-01 17:21:31,SPXW,2026-09-01,P,7490.0,7633.7402,0.1,281.0,0.15,483.0,0.15,1882.0,513.0,0.4236,-0.0067,0.0003,-0.125,0.0276,0.0
2026-09-01T17:22:11Z,2026-09-01 17:21:31,SPXW,2026-09-01,C,7495.0,7633.7402,138.5,6.0,139.6,4.0,196.58,0.0,11.0,0.368,0.9931,0.0003,-0.125,0.0283,0.0
2026-09-01T17:22:11Z,2026-09-01 17:21:31,SPXW,2026-09-01,P,7495.0,7633.7402,0.1,313.0,0.15,379.0,0.12,1754.0,362.0,0.4104,-0.0069,0.0003,-0.125,0.0283,0.0
2026-09-01T17:22:11Z,2026-09-01 17:21:31,SPXW,2026-09-01,C,7500.0,7633.7402,133.4,6.0,134.6,4.0,135.3,21.0,115.0,0.3559,0.9929,0.0004,-0.125,0.0291,0.0
2026-09-01T17:22:11Z,2026-09-01 17:21:31,SPXW,2026-09-01,P,7500.0,7633.7402,0.1,529.0,0.15,339.0,0.12,4051.0,4237.0,0.3972,-0.0071,0.0004,-0.125,0.0291,0.0
2026-09-01T17:22:11Z,2026-09-01 17:21:31,SPXW,2026-09-01,C,7505.0,7633.7402,128.4,6.0,129.6,4.0,130.37,1.0,6.0,0.3719,0.9927,0.0004,-0.125,0.03,0.0
2026-09-01T17:22:11Z,2026-09-01 17:21:31,SPXW,2026-09-01,P,7505.0,7633.7402,0.1,734.0,0.15,288.0,0.1,1951.0,467.0,0.3839,-0.0073,0.0004,-0.125,0.03,0.0
2026-09-01T17:22:11Z,2026-09-01 17:21:31,SPXW,2026-09-01,C,7510.0,7633.7402,123.4,6.0,124.6,4.0,140.17,71.0,42.0,0.3771,0.9924,0.0004,-0.125,0.0309,0.0
2026-09-01T17:22:11Z,2026-09-01 17:21:31,SPXW,2026-09-01,P,7510.0,7633.7402,0.1,640.0,0.15,181.0,0.12,1896.0,404.0,0.3706,-0.0076,0.0004,-0.125,0.0309,0.0
2026-09-01T17:22:11Z,2026-09-01 17:21:31,SPXW,2026-09-01,C,7515.0,7633.7402,118.4,6.0,119.6,4.0,143.47,4.0,4.0,0.3636,0.9922,0.0004,-0.125,0.0319,0.0
2026-09-01T17:22:11Z,2026-09-01 17:21:31,SPXW,2026-09-01,P,7515.0,7633.7402,0.1,591.0,0.15,144.0,0.12,1746.0,10661.0,0.3572,-0.0078,0.0004,-0.125,0.0319,0.0
2026-09-01T17:22:11Z,2026-09-01 17:21:31,SPXW,2026-09-01,C,7520.0,7633.7402,113.4,6.0,114.6,4.0,135.99,23.0,14.0,0.35,0.9919,0.0005,-0.125,0.033,0.0
2026-09-01T17:22:11Z,2026-09-01 17:21:31,SPXW,2026-09-01,P,7520.0,7633.7402,0.1,630.0,0.15,38.0,0.15,1752.0,6233.0,0.3438,-0.0081,0.0005,-0.125,0.033,0.0
2026-09-01T17:22:11Z,2026-09-01 17:21:31,SPXW,2026-09-01,C,7525.0,7633.7402,108.4,6.0,109.6,4.0,111.63,8.0,69.0,0.3493,0.9903,0.0006,-0.15,0.0385,0.0
2026-09-01T17:22:11Z,2026-09-01 17:21:31,SPXW,2026-09-01,P,7525.0,7633.7402,0.1,587.0,0.2,559.0,0.15,2102.0,7234.0,0.3378,-0.0097,0.0006,-0.15,0.0385,0.0
2026-09-01T17:22:11Z,2026-09-01 17:21:31,SPXW,2026-09-01,C,7530.0,7633.7402,103.4,6.0,104.7,4.0,116.7,2.0,4.0,0.3226,0.9887,0.0006,-0.175,0.0441,0.0
2026-09-01T17:22:11Z,2026-09-01 17:21:31,SPXW,2026-09-01,P,7530.0,7633.7402,0.15,137.0,0.2,531.0,0.17,3841.0,5977.0,0.3305,-0.0113,0.0006,-0.175,0.0441,0.0
2026-09-01T17:22:11Z,2026-09-01 17:21:31,SPXW,2026-09-01,C,7535.0,7633.7402,98.8,4.0,99.5,4.0,106.5,5.0,8.0,0.321,0.9882,0.0007,-0.175,0.0457,0.0
2026-09-01T17:22:11Z,2026-09-01 17:21:31,SPXW,2026-09-01,P,7535.0,7633.7402,0.15,648.0,0.2,448.0,0.17,3275.0,1279.0,0.3165,-0.0118,0.0007,-0.175,0.0457,0.0
2026-09-01T17:22:11Z,2026-09-01 17:21:31,SPXW,2026-09-01,C,7540.0,7633.7402,93.8,4.0,94.5,4.0,116.79,14.0,3.0,0.3068,0.9877,0.0008,-0.175,0.0475,0.0
2026-09-01T17:22:11Z,2026-09-01 17:21:31,SPXW,2026-09-01,P,7540.0,7633.7402,0.15,665.0,0.2,265.0,0.2,4212.0,1720.0,0.3024,-0.0123,0.0008,-0.175,0.0475,0.0
2026-09-01T17:22:11Z,2026-09-01 17:21:31,SPXW,2026-09-01,C,7545.0,7633.7402,88.7,4.0,89.6,4.0,93.05,2.0,1.0,0.2925,0.9845,0.0009,-0.225,0.058,0.0
2026-09-01T17:22:11Z,2026-09-01 17:21:31,SPXW,2026-09-01,P,7545.0,7633.7402,0.2,2.0,0.25,653.0,0.2,3964.0,529.0,0.2984,-0.0155,0.0009,-0.225,0.058,0.0
2026-09-01T17:22:11Z,2026-09-01 17:21:31,SPXW,2026-09-01,C,7550.0,7633.7402,83.7,4.0,84.6,4.0,85.3,67.0,127.0,0.2781,0.9838,0.001,-0.225,0.0604,0.0
2026-09-01T17:22:11Z,2026-09-01 17:21:31,SPXW,2026-09-01,P,7550.0,7633.7402,0.2,263.0,0.25,437.0,0.22,9152.0,3787.0,0.2838,-0.0162,0.001,-0.225,0.0604,0.0
2026-09-01T17:22:11Z,2026-09-01 17:21:31,SPXW,2026-09-01,C,7555.0,7633.7402,78.8,4.0,79.6,12.0,106.02,7.0,28.0,0.28,0.983,0.0011,-0.225,0.063,0.0
2026-09-01T17:22:11Z,2026-09-01 17:21:31,SPXW,2026-09-01,P,7555.0,7633.7402,0.2,614.0,0.25,33.0,0.25,5045.0,1048.0,0.2691,-0.017,0.0011,-0.225,0.063,0.0
2026-09-01T17:22:11Z,2026-09-01 17:21:31,SPXW,2026-09-01,C,7560.0,7633.7402,73.8,4.0,74.6,4.0,74.9,139.0,113.0,0.2648,0.9792,0.0014,-0.275,0.0745,0.0
2026-09-01T17:22:11Z,2026-09-01 17:21:31,SPXW,2026-09-01,P,7560.0,7633.7402,0.25,458.0,0.3,568.0,0.3,8513.0,1209.0,0.262,-0.0208,0.0014,-0.275,0.0745,0.0
2026-09-01T17:22:11Z,2026-09-01 17:21:31,SPXW,2026-09-01,C,7565.0,7633.7402,68.9,4.0,69.6,4.0,73.9,17.0,26.0,0.2495,0.9752,0.0016,-0.325,0.0863,0.0
2026-09-01T17:22:11Z,2026-09-01 17:21:31,SPXW,2026-09-01,P,7565.0,7633.7402,0.3,40.0,0.35,589.0,0.3,8292.0,2242.0,0.2533,-0.0248,0.0016,-0.325,0.0863,0.0
2026-09-01T17:22:11Z,2026-09-01 17:21:31,SPXW,2026-09-01,C,7570.0,7633.7402,63.9,4.0,64.7,12.0,89.0,146.0,94.0,0.2455,0.9709,0.002,-0.375,0.0984,0.0
2026-09-01T17:22:11Z,2026-09-01 17:21:31,SPXW,2026-09-01,P,7570.0,7633.7402,0.35,32.0,0.4,522.0,0.37,10034.0,1158.0,0.2434,-0.0291,0.002,-0.375,0.0984,0.0
2026-09-01T17:22:11Z,2026-09-01 17:21:31,SPXW,2026-09-01,C,7575.0,7633.7402,59.0,4.0,59.8,4.0,65.02,109.0,119.0,0.2342,0.9662,0.0023,-0.425,0.1113,0.0
2026-09-01T17:22:11Z,2026-09-01 17:21:31,SPXW,2026-09-01,P,7575.0,7633.7402,0.4,328.0,0.45,346.0,0.45,19189.0,1121.0,0.2323,-0.0338,0.0023,-0.425,0.1113,0.0
2026-09-01T17:22:11Z,2026-09-01 17:21:31,SPXW,2026-09-01,C,7580.0,7633.7402,54.2,1.0,54.8,1.0,57.88,515.0,43.0,0.226,0.9582,0.0029,-0.525,0.1318,0.0
2026-09-01T17:22:11Z,2026-09-01 17:21:31,SPXW,2026-09-01,P,7580.0,7633.7402,0.5,87.0,0.55,502.0,0.52,24602.0,1957.0,0.2244,-0.0418,0.0029,-0.525,0.1318,0.0
2026-09-01T17:22:11Z,2026-09-01 17:21:31,SPXW,2026-09-01,C,7585.0,7633.7402,49.3,1.0,49.9,1.0,53.8,247.0,16.0,0.2159,0.9496,0.0035,-0.625,0.1529,0.0
2026-09-01T17:22:11Z,2026-09-01 17:21:31,SPXW,2026-09-01,P,7585.0,7633.7402,0.6,336.0,0.65,282.0,0.65,16474.0,1148.0,0.2146,-0.0504,0.0035,-0.625,0.1529,0.0
2026-09-01T17:22:11Z,2026-09-01 17:21:31,SPXW,2026-09-01,C,7590.0,7633.7402,44.5,1.0,44.8,1.0,46.0,377.0,75.0,0.21,0.9373,0.0043,-0.7753,0.1805,0.0
2026-09-01T17:22:11Z,2026-09-01 17:21:31,SPXW,2026-09-01,P,7590.0,7633.7402,0.75,222.0,0.8,338.0,0.77,22632.0,1491.0,0.206,-0.0627,0.0043,-0.7753,0.1805,0.0
2026-09-01T17:22:11Z,2026-09-01 17:21:31,SPXW,2026-09-01,C,7595.0,7633.7402,39.7,1.0,40.0,15.0,40.0,532.0,127.0,0.2011,0.9199,0.0054,-1.0006,0.2166,0.0
2026-09-01T17:22:11Z,2026-09-01 17:21:31,SPXW,2026-09-01,P,7595.0,7633.7402,0.95,231.0,1.0,235.0,0.95,25066.0,1733.0,0.1989,-0.0801,0.0054,-1.0006,0.2166,0.0
2026-09-01T17:22:11Z,2026-09-01 17:21:31,SPXW,2026-09-01,C,7600.0,7633.7402,35.1,12.0,35.3,3.0,35.5,1999.0,841.0,0.1938,0.8976,0.0067,-1.2948,0.258,0.0
2026-09-01T17:22:11Z,2026-09-01 17:21:31,SPXW,2026-09-01,P,7600.0,7633.7402,1.2,483.0,1.25,27.0,1.2,57008.0,3563.0,0.191,-0.1015,0.0067,-1.2771,0.2566,0.0
2026-09-01T17:22:11Z,2026-09-01 17:21:31,SPXW,2026-09-01,C,7605.0,7633.7402,30.5,1.0,30.6,1.0,30.27,1252.0,59.0,0.1849,0.8715,0.0083,-1.626,0.3012,0.0
2026-09-01T17:22:11Z,2026-09-01 17:21:31,SPXW,2026-09-01,P,7605.0,7633.7402,1.55,273.0,1.6,44.0,1.6,31212.0,1984.0,0.1825,-0.1285,0.0083,-1.626,0.3012,0.0
2026-09-01T17:22:11Z,2026-09-01 17:21:31,SPXW,2026-09-01,C,7610.0,7633.7402,25.9,15.0,26.1,3.0,25.82,2119.0,92.0,0.1772,0.8352,0.0102,-2.1263,0.3533,0.0
2026-09-01T17:22:11Z,2026-09-01 17:21:31,SPXW,2026-09-01,P,7610.0,7633.7402,2.05,22.0,2.1,160.0,2.05,46171.0,2277.0,0.1751,-0.1648,0.0102,-2.1263,0.3533,0.0
2026-09-01T17:22:11Z,2026-09-01 17:21:31,SPXW,2026-09-01,C,7615.0,7633.7402,21.7,1.0,21.8,37.0,21.5,2397.0,102.0,0.1703,0.7876,0.0124,-2.8268,0.41,0.0
2026-09-01T17:22:11Z,2026-09-01 17:21:31,SPXW,2026-09-01,P,7615.0,7633.7402,2.7,105.0,2.75,26.0,2.75,42864.0,1982.0,0.1686,-0.2124,0.0124,-2.8268,0.41,0.0
2026-09-01T17:22:11Z,2026-09-01 17:21:31,SPXW,2026-09-01,C,7620.0,7633.7402,17.5,2.0,17.7,36.0,17.6,5104.0,269.0,0.164,0.7271,0.0147,-3.7948,0.4662,0.0
2026-09-01T17:22:11Z,2026-09-01 17:21:31,SPXW,2026-09-01,P,7620.0,7633.7402,3.6,79.0,3.7,155.0,3.7,62953.0,1697.0,0.162,-0.2724,0.0147,-3.7759,0.4658,0.0
2026-09-01T17:22:11Z,2026-09-01 17:21:31,SPXW,2026-09-01,C,7625.0,7633.7402,13.8,1.0,13.9,51.0,13.8,7190.0,806.0,0.1568,0.6547,0.017,-5.0298,0.5139,0.0
2026-09-01T17:22:11Z,2026-09-01 17:21:31,SPXW,2026-09-01,P,7625.0,7633.7402,4.8,96.0,4.9,55.0,4.8,64024.0,2969.0,0.156,-0.3453,0.017,-5.0298,0.5139,0.0
2026-09-01T17:22:11Z,2026-09-01 17:21:31,SPXW,2026-09-01,C,7630.0,7633.7402,10.4,58.0,10.5,26.0,10.42,17695.0,806.0,0.1522,0.5688,0.0187,-6.6947,0.5459,0.0
2026-09-01T17:22:11Z,2026-09-01 17:21:31,SPXW,2026-09-01,P,7630.0,7633.7402,6.4,128.0,6.6,124.0,6.5,84079.0,1689.0,0.1505,-0.4312,0.0187,-6.6908,0.5459,0.0
2026-09-01T17:22:11Z,2026-09-01 17:21:31,SPXW,2026-09-01,C,7635.0,7633.7402,7.5,93.0,7.6,30.0,7.62,28901.0,265.0,0.1486,0.4734,0.0194,-7.5051,0.5524,0.0
2026-09-01T17:22:11Z,2026-09-01 17:21:31,SPXW,2026-09-01,P,7635.0,7633.7402,8.6,14.0,8.7,32.0,8.68,78982.0,1252.0,0.1469,-0.5266,0.0194,-7.5051,0.5524,0.0
2026-09-01T17:22:11Z,2026-09-01 17:21:31,SPXW,2026-09-01,C,7640.0,7633.7402,5.3,25.0,5.4,147.0,5.4,48140.0,232.0,0.1453,0.3755,0.0189,-5.2144,0.5282,0.0
2026-09-01T17:22:11Z,2026-09-01 17:21:31,SPXW,2026-09-01,P,7640.0,7633.7402,11.3,15.0,11.4,4.0,11.4,84381.0,1892.0,0.1435,-0.6247,0.0189,-5.2051,0.5282,0.0
2026-09-01T17:22:11Z,2026-09-01 17:21:31,SPXW,2026-09-01,C,7645.0,7633.7402,3.5,153.0,3.6,46.0,3.6,50741.0,626.0,0.1442,0.2842,0.017,-3.5231,0.4756,0.0
2026-09-01T17:22:11Z,2026-09-01 17:21:31,SPXW,2026-09-01,P,7645.0,7633.7402,14.6,1.0,14.7,7.0,14.8,64864.0,1187.0,0.1422,-0.7163,0.017,-3.5052,0.4753,0.0
2026-09-01T17:22:11Z,2026-09-01 17:21:31,SPXW,2026-09-01,C,7650.0,7633.7402,2.3,179.0,2.35,20.0,2.32,91326.0,1128.0,0.1441,0.2065,0.0143,-2.3221,0.4049,0.0
2026-09-01T17:22:11Z,2026-09-01 17:21:31,SPXW,2026-09-01,P,7650.0,7633.7402,18.3,12.0,18.5,5.0,18.4,76919.0,2791.0,0.1411,-0.7942,0.0143,-2.3052,0.4042,0.0
2026-09-01T17:22:11Z,2026-09-01 17:21:31,SPXW,2026-09-01,C,7655.0,7633.7402,1.5,34.0,1.55,197.0,1.5,75843.0,182.0,0.1454,0.1448,0.0113,-1.496,0.328,0.0
2026-09-01T17:22:11Z,2026-09-01 17:21:31,SPXW,2026-09-01,P,7655.0,7633.7402,22.5,12.0,22.7,4.0,22.6,45854.0,1428.0,0.1424,-0.8552,0.0113,-1.496,0.328,0.0
2026-09-01T17:22:11Z,2026-09-01 17:21:31,SPXW,2026-09-01,C,7660.0,7633.7402,0.95,246.0,1.0,55.0,1.0,105560.0,228.0,0.1483,0.1003,0.0086,-0.9749,0.2574,0.0
2026-09-01T17:22:11Z,2026-09-01 17:21:31,SPXW,2026-09-01,P,7660.0,7633.7402,26.9,1.0,27.2,1.0,27.48,35245.0,1807.0,0.1475,-0.8997,0.0086,-0.9749,0.2574,0.0
2026-09-01T17:22:11Z,2026-09-01 17:21:31,SPXW,2026-09-01,C,7665.0,7633.7402,0.65,425.0,0.7,424.0,0.65,83025.0,471.0,0.1541,0.0715,0.0064,-0.6749,0.2023,0.0
2026-09-01T17:22:11Z,2026-09-01 17:21:31,SPXW,2026-09-01,P,7665.0,7633.7402,31.6,1.0,31.9,1.0,31.9,12664.0,968.0,0.153,-0.9285,0.0064,-0.6749,0.2023,0.0
2026-09-01T17:22:11Z,2026-09-01 17:21:31,SPXW,2026-09-01,C,7670.0,7633.7402,0.45,447.0,0.5,377.0,0.45,78865.0,673.0,0.1607,0.0511,0.0047,-0.4748,0.1577,0.0
2026-09-01T17:22:11Z,2026-09-01 17:21:31,SPXW,2026-09-01,P,7670.0,7633.7402,36.2,1.0,36.8,1.0,36.57,7695.0,1192.0,0.1589,-0.9487,0.0047,-0.475,0.158,0.0
2026-09-01T17:22:11Z,2026-09-01 17:21:31,SPXW,2026-09-01,C,7675.0,7633.7402,0.3,620.0,0.4,747.0,0.35,64647.0,2532.0,0.1676,0.038,0.0036,-0.35,0.1251,0.0
2026-09-01T17:22:11Z,2026-09-01 17:21:31,SPXW,2026-09-01,P,7675.0,7633.7402,41.1,1.0,41.7,1.0,41.2,5962.0,2480.0,0.168,-0.962,0.0036,-0.35,0.1251,0.0
2026-09-01T17:22:11Z,2026-09-01 17:21:31,SPXW,2026-09-01,C,7680.0,7633.7402,0.25,377.0,0.3,548.0,0.27,83603.0,1004.0,0.1768,0.0294,0.0027,-0.2749,0.1019,0.0
2026-09-01T17:22:11Z,2026-09-01 17:21:31,SPXW,2026-09-01,P,7680.0,7633.7402,46.0,1.0,46.6,1.0,46.6,3867.0,1927.0,0.1742,-0.9706,0.0027,-0.275,0.1021,0.0
2026-09-01T17:22:11Z,2026-09-01 17:21:31,SPXW,2026-09-01,C,7685.0,7633.7402,0.2,316.0,0.25,588.0,0.2,60988.0,1004.0,0.1864,0.0235,0.0022,-0.225,0.0851,0.0
2026-09-01T17:22:11Z,2026-09-01 17:21:31,SPXW,2026-09-01,P,7685.0,7633.7402,51.0,1.0,51.6,5.0,51.19,2450.0,1349.0,0.1833,-0.9764,0.0022,-0.225,0.0852,0.0
2026-09-01T17:22:11Z,2026-09-01 17:21:31,SPXW,2026-09-01,C,7690.0,7633.7402,0.15,619.0,0.2,239.0,0.17,34563.0,1517.0,0.194,0.0182,0.0017,-0.175,0.0688,0.0
2026-09-01T17:22:11Z,2026-09-01 17:21:31,SPXW,2026-09-01,P,7690.0,7633.7402,55.9,1.0,56.5,1.0,55.25,1776.0,2264.0,0.1982,-0.9818,0.0017,-0.175,0.0689,0.0
2026-09-01T17:22:11Z,2026-09-01 17:21:31,SPXW,2026-09-01,C,7695.0,7633.7402,0.15,143.0,0.2,649.0,0.17,19411.0,981.0,0.2085,0.0171,0.0015,-0.175,0.0648,0.0
2026-09-01T17:22:11Z,2026-09-01 17:21:31,SPXW,2026-09-01,P,7695.0,7633.7402,60.9,36.0,61.5,1.0,61.6,645.0,1009.0,0.2046,-0.9829,0.0015,-0.175,0.0649,0.0
2026-09-01T17:22:11Z,2026-09-01 17:21:31,SPXW,2026-09-01,C,7700.0,7633.7402,0.1,850.0,0.15,74.0,0.12,22360.0,2403.0,0.2128,0.0125,0.0011,-0.125,0.0498,0.0
2026-09-01T17:22:11Z,2026-09-01 17:21:31,SPXW,2026-09-01,P,7700.0,7633.7402,65.8,8.0,66.6,10.0,66.2,1048.0,1736.0,0.2077,-0.9875,0.0011,-0.125,0.0498,0.0
2026-09-01T17:22:11Z,2026-09-01 17:21:31,SPXW,2026-09-01,C,7705.0,7633.7402,0.1,771.0,0.15,251.0,0.12,10009.0,2071.0,0.2266,0.0118,0.001,-0.125,0.0472,0.0
2026-09-01T17:22:11Z,2026-09-01 17:21:31,SPXW,2026-09-01,P,7705.0,7633.7402,70.8,8.0,71.6,9.0,67.15,220.0,358.0,0.2212,-0.9882,0.001,-0.125,0.0472,0.0
2026-09-01T17:22:11Z,2026-09-01 17:21:31,SPXW,2026-09-01,C,7710.0,7633.7402,0.1,558.0,0.15,500.0,0.12,7839.0,1936.0,0.2402,0.0112,0.0009,-0.125,0.0449,0.0
2026-09-01T17:22:11Z,2026-09-01 17:21:31,SPXW,2026-09-01,P,7710.0,7633.7402,75.8,4.0,76.5,4.0,71.05,367.0,492.0,0.2347,-0.9888,0.0009,-0.125,0.045,0.0
2026-09-01T17:22:11Z,2026-09-01 17:21:31,SPXW,2026-09-01,C,7715.0,7633.7402,0.1,441.0,0.15,586.0,0.12,5823.0,1681.0,0.2537,0.0107,0.0008,-0.125,0.0429,0.0
2026-09-01T17:22:11Z,2026-09-01 17:21:31,SPXW,2026-09-01,P,7715.0,7633.7402,80.8,4.0,81.6,9.0,79.57,199.0,716.0,0.248,-0.9893,0.0008,-0.125,0.0429,0.0
2026-09-01T17:22:11Z,2026-09-01 17:21:31,SPXW,2026-09-01,C,7720.0,7633.7402,0.1,184.0,0.15,606.0,0.12,7359.0,2395.0,0.2672,0.0102,0.0007,-0.125,0.0411,0.0
2026-09-01T17:22:11Z,2026-09-01 17:21:31,SPXW,2026-09-01,P,7720.0,7633.7402,85.8,4.0,86.6,9.0,84.2,480.0,981.0,0.2612,-0.9898,0.0007,-0.125,0.0411,0.0
2026-09-01T17:22:11Z,2026-09-01 17:21:31,SPXW,2026-09-01,C,7725.0,7633.7402,0.1,43.0,0.15,636.0,0.12,8028.0,3022.0,0.2806,0.0098,0.0007,-0.125,0.0394,0.0
2026-09-01T17:22:11Z,2026-09-01 17:21:31,SPXW,2026-09-01,P,7725.0,7633.7402,90.8,4.0,91.6,9.0,90.74,220.0,1452.0,0.2744,-0.9902,0.0007,-0.125,0.0394,0.0
2026-09-01T17:22:11Z,2026-09-01 17:21:31,SPXW,2026-09-01,C,7730.0,7633.7402,0.1,446.0,0.15,640.0,0.1,5019.0,2976.0,0.2938,0.0094,0.0006,-0.125,0.0379,0.0
2026-09-01T17:22:11Z,2026-09-01 17:21:31,SPXW,2026-09-01,P,7730.0,7633.7402,95.7,9.0,96.5,4.0,93.44,338.0,468.0,0.2874,-0.9906,0.0006,-0.125,0.0379,0.0
2026-09-01T17:22:11Z,2026-09-01 17:21:31,SPXW,2026-09-01,C,7735.0,7633.7402,0.1,10.0,0.15,613.0,0.07,4085.0,1740.0,0.307,0.009,0.0006,-0.125,0.0365,0.0
2026-09-01T17:22:11Z,2026-09-01 17:21:31,SPXW,2026-09-01,P,7735.0,7633.7402,100.6,4.0,101.8,6.0,98.53,75.0,328.0,0.3004,-0.991,0.0006,-0.125,0.0365,0.0
2026-09-01T17:22:11Z,2026-09-01 17:21:31,SPXW,2026-09-01,C,7740.0,7633.7402,0.05,787.0,0.1,67.0,0.07,4525.0,3880.0,0.3018,0.0058,0.0004,-0.075,0.0249,0.0
2026-09-01T17:22:11Z,2026-09-01 17:21:31,SPXW,2026-09-01,P,7740.0,7633.7402,105.6,10.0,106.9,9.0,105.88,67.0,737.0,0.3133,-0.9942,0.0004,-0.075,0.025,0.0
2026-09-01T17:22:11Z,2026-09-01 17:21:31,SPXW,2026-09-01,C,7745.0,7633.7402,0.05,646.0,0.1,200.0,0.07,3708.0,1907.0,0.3142,0.0056,0.0004,-0.075,0.0241,0.0
2026-09-01T17:22:11Z,2026-09-01 17:21:31,SPXW,2026-09-01,P,7745.0,7633.7402,110.6,4.0,111.8,6.0,109.8,18.0,137.0,0.3419,-0.9944,0.0004,-0.075,0.0241,0.0
2026-09-01T17:22:11Z,2026-09-01 17:21:31,SPXW,2026-09-01,C,7750.0,7633.7402,0.05,716.0,0.1,405.0,0.1,3943.0,4551.0,0.3266,0.0054,0.0003,-0.075,0.0232,0.0
2026-09-01T17:22:11Z,2026-09-01 17:21:31,SPXW,2026-09-01,P,7750.0,7633.7402,115.6,4.0,116.7,5.0,112.0,287.0,832.0,0.3159,-0.9946,0.0003,-0.075,0.0233,0.0
2026-09-01T17:22:11Z,2026-09-01 17:21:31,SPXW,2026-09-01,C,7755.0,7633.7402,0.05,723.0,0.1,264.0,0.07,3221.0,2697.0,0.339,0.0052,0.0003,-0.075,0.0225,0.0
2026-09-01T17:22:11Z,2026-09-01 17:21:31,SPXW,2026-09-01,P,7755.0,7633.7402,120.6,4.0,121.8,6.0,119.36,64.0,101.0,0.3517,-0.9948,0.0003,-0.075,0.0225,0.0
2026-09-01T17:22:11Z,2026-09-01 17:21:31,SPXW,2026-09-01,C,7760.0,7633.7402,0.05,824.0,0.1,305.0,0.07,5323.0,1655.0,0.3513,0.005,0.0003,-0.075,0.0218,0.0
2026-09-01T17:22:11Z,2026-09-01 17:21:31,SPXW,2026-09-01,P,7760.0,7633.7402,125.6,4.0,126.8,6.0,119.65,69.0,177.0,0.3644,-0.995,0.0003,-0.075,0.0218,0.0
2026-09-01T17:22:11Z,2026-09-01 17:21:31,SPXW,2026-09-01,C,7765.0,7633.7402,0.05,681.0,0.1,256.0,0.1,3408.0,1580.0,0.3635,0.0049,0.0003,-0.075,0.0211,0.0
2026-09-01T17:22:11Z,2026-09-01 17:21:31,SPXW,2026-09-01,P,7765.0,7633.7402,130.6,4.0,131.8,6.0,129.28,51.0,145.0,0.3518,-0.9951,0.0003,-0.075,0.0211,0.0
2026-09-01T17:22:11Z,2026-09-01 17:21:31,SPXW,2026-09-01,C,7770.0,7633.7402,0.05,326.0,0.1,269.0,0.05,2926.0,1128.0,0.3757,0.0048,0.0003,-0.075,0.0205,0.0
2026-09-01T17:22:11Z,2026-09-01 17:21:31,SPXW,2026-09-01,P,7770.0,7633.7402,135.6,4.0,136.8,6.0,117.7,46.0,124.0,0.3637,-0.9952,0.0003,-0.075,0.0205,0.0
2026-09-01T17:22:11Z,2026-09-01 17:21:31,SPXW,2026-09-01,C,7775.0,7633.7402,0.05,323.0,0.1,452.0,0.07,1355.0,2486.0,0.3878,0.0046,0.0002,-0.075,0.02,0.0
2026-09-01T17:22:11Z,2026-09-01 17:21:31,SPXW,2026-09-01,P,7775.0,7633.7402,140.6,4.0,141.8,6.0,138.66,18.0,122.0,0.3755,-0.9954,0.0002,-0.075,0.02,0.0
2026-09-01T17:22:11Z,2026-09-01 17:21:31,SPXW,2026-09-01,C,7780.0,7633.7402,0.05,334.0,0.1,556.0,0.07,3349.0,1382.0,0.4,0.0045,0.0002,-0.075,0.0194,0.0
2026-09-01T17:22:11Z,2026-09-01 17:21:31,SPXW,2026-09-01,P,7780.0,7633.7402,145.6,4.0,146.8,6.0,143.47,18.0,106.0,0.3874,-0.9955,0.0002,-0.075,0.0194,0.0
2026-09-01T17:22:11Z,2026-09-01 17:21:31,SPXW,2026-09-01,C,7785.0,7633.7402,0.05,291.0,0.1,451.0,0.07,1735.0,906.0,0.412,0.0044,0.0002,-0.075,0.0189,0.0
2026-09-01T17:22:11Z,2026-09-01 17:21:31,SPXW,2026-09-01,P,7785.0,7633.7402,150.6,4.0,151.8,6.0,148.64,20.0,59.0,0.3991,-0.9956,0.0002,-0.075,0.0189,0.0
2026-09-01T17:22:11Z,2026-09-01 17:21:31,SPXW,2026-09-01,C,7790.0,7633.7402,0.05,590.0,0.1,533.0,0.05,1085.0,1261.0,0.424,0.0043,0.0002,-0.075,0.0185,0.0
2026-09-01T17:22:11Z,2026-09-01 17:21:31,SPXW,2026-09-01,P,7790.0,7633.7402,155.6,4.0,156.8,6.0,134.02,22.0,50.0,0.4108,-0.9957,0.0002,-0.075,0.0185,0.0
2026-09-01T17:22:11Z,2026-09-01 17:21:31,SPXW,2026-09-01,C,7795.0,7633.7402,0.05,293.0,0.1,580.0,0.05,944.0,1608.0,0.436,0.0042,0.0002,-0.075,0.018,0.0
2026-09-01T17:22:11Z,2026-09-01 17:21:31,SPXW,2026-09-01,P,7795.0,7633.7402,160.6,4.0,161.8,6.0,149.2,1.0,19.0,0.4225,-0.9958,0.0002,-0.075,0.018,0.0
2026-09-01T17:22:11Z,2026-09-01 17:21:31,SPXW,2026-09-01,C,7800.0,7633.7402,0.0,0.0,0.05,142.0,0.05,2312.0,2568.0,0.4037,0.0016,0.0001,-0.025,0.0079,0.0
2026-09-01T17:22:11Z,2026-09-01 17:21:31,SPXW,2026-09-01,P,7800.0,7633.7402,165.6,4.0,166.8,5.0,163.51,31.0,346.0,0.3566,-0.9984,0.0001,-0.025,0.0079,0.0
2026-09-01T17:22:11Z,2026-09-01 17:21:31,SPXW,2026-09-01,C,7805.0,7633.7402,0.0,0.0,0.05,286.0,0.04,2123.0,1038.0,0.4146,0.0016,0.0001,-0.025,0.0077,0.0
2026-09-01T17:22:11Z,2026-09-01 17:21:31,SPXW,2026-09-01,P,7805.0,7633.7402,170.6,4.0,171.8,6.0,131.3,0.0,17.0,0.4458,-0.9984,0.0001,-0.025,0.0077,0.0
2026-09-01T17:22:11Z,2026-09-01 17:21:31,SPXW,2026-09-01,C,7810.0,7633.7402,0.0,0.0,0.05,288.0,0.03,1781.0,7904.0,0.4255,0.0016,0.0001,-0.025,0.0075,0.0
2026-09-01T17:22:11Z,2026-09-01 17:21:31,SPXW,2026-09-01,P,7810.0,7633.7402,175.6,4.0,176.8,6.0,150.78,9.0,26.0,0.4573,-0.9984,0.0001,-0.025,0.0075,0.0
2026-09-01T17:22:11Z,2026-09-01 17:21:31,SPXW,2026-09-01,C,7815.0,7633.7402,0.0,0.0,0.05,766.0,0.05,649.0,8145.0,0.4364,0.0015,0.0001,-0.025,0.0074,0.0
2026-09-01T17:22:11Z,2026-09-01 17:21:31,SPXW,2026-09-01,P,7815.0,7633.7402,180.6,4.0,181.8,6.0,166.9,1.0,7.0,0.386,-0.9985,0.0001,-0.025,0.0074,0.0
2026-09-01T17:22:11Z,2026-09-01 17:21:31,SPXW,2026-09-01,C,7820.0,7633.7402,0.0,0.0,0.05,370.0,0.05,311.0,656.0,0.4472,0.0015,0.0001,-0.025,0.0072,0.0
2026-09-01T17:22:11Z,2026-09-01 17:21:31,SPXW,2026-09-01,P,7820.0,7633.7402,185.5,4.0,186.8,6.0,168.46,1.0,47.0,0.3958,-0.9985,0.0001,-0.025,0.0072,0.0
2026-09-01T17:22:11Z,2026-09-01 17:21:31,SPXW,2026-09-01,C,7825.0,7633.7402,0.0,0.0,0.05,342.0,0.05,96.0,894.0,0.458,0.0015,0.0001,-0.025,0.007,0.0
2026-09-01T17:22:11Z,2026-09-01 17:21:31,SPXW,2026-09-01,P,7825.0,7633.7402,190.5,4.0,191.8,6.0,177.3,4.0,23.0,0.4055,-0.9985,0.0001,-0.025,0.007,0.0
2026-09-01T17:22:11Z,2026-09-01 17:21:31,SPXW,2026-09-01,C,7830.0,7633.7402,0.0,0.0,0.05,185.0,0.05,46.0,1149.0,0.4688,0.0014,0.0001,-0.025,0.0069,0.0
2026-09-01T17:22:11Z,2026-09-01 17:21:31,SPXW,2026-09-01,P,7830.0,7633.7402,195.5,4.0,196.8,6.0,168.47,12.0,26.0,0.4152,-0.9986,0.0001,-0.025,0.0069,0.0
2026-09-01T17:22:11Z,2026-09-01 17:21:31,SPXW,2026-09-01,C,7835.0,7633.7402,0.0,0.0,0.05,263.0,0.05,209.0,1057.0,0.4795,0.0014,0.0001,-0.025,0.0068,0.0
2026-09-01T17:22:11Z,2026-09-01 17:21:31,SPXW,2026-09-01,P,7835.0,7633.7402,200.5,4.0,201.8,6.0,0.0,0.0,1.0,0.5147,-0.9986,0.0001,-0.025,0.0068,0.0
2026-09-01T17:22:11Z,2026-09-01 17:21:31,SPXW,2026-09-01,C,7840.0,7633.7402,0.0,0.0,0.05,197.0,0.03,93.0,1008.0,0.4902,0.0014,0.0001,-0.025,0.0066,0.0
2026-09-01T17:22:11Z,2026-09-01 17:21:31,SPXW,2026-09-01,P,7840.0,7633.7402,205.5,4.0,206.8,6.0,180.81,3.0,15.0,0.5261,-0.9986,0.0001,-0.025,0.0066,0.0
2026-09-01T17:22:11Z,2026-09-01 17:21:31,SPXW,2026-09-01,C,7845.0,7633.7402,0.0,0.0,0.05,215.0,0.07,0.0,706.0,0.5009,0.0014,0.0001,-0.025,0.0065,0.0
2026-09-01T17:22:11Z,2026-09-01 17:21:31,SPXW,2026-09-01,P,7845.0,7633.7402,210.5,4.0,211.8,6.0,163.48,0.0,1.0,0.5374,-0.9986,0.0001,-0.025,0.0065,0.0
2026-09-01T17:22:11Z,2026-09-01 17:21:31,SPXW,2026-09-01,C,7850.0,7633.7402,0.0,0.0,0.05,706.0,0.05,26.0,1695.0,0.5116,0.0013,0.0001,-0.025,0.0064,0.0
2026-09-01T17:22:11Z,2026-09-01 17:21:31,SPXW,2026-09-01,P,7850.0,7633.7402,215.5,4.0,216.8,6.0,191.02,114.0,140.0,0.5488,-0.9987,0.0001,-0.025,0.0064,0.0
2026-09-01T17:22:11Z,2026-09-01 17:21:31,SPXW,2026-09-01,C,7855.0,7633.7402,0.0,0.0,0.05,375.0,0.03,1.0,840.0,0.5222,0.0013,0.0001,-0.025,0.0062,0.0
2026-09-01T17:22:11Z,2026-09-01 17:21:31,SPXW,2026-09-01,P,7855.0,7633.7402,220.5,4.0,221.8,6.0,203.45,3.0,5.0,0.5601,-0.9987,0.0001,-0.025,0.0062,0.0
2026-09-01T17:22:11Z,2026-09-01 17:21:31,SPXW,2026-09-01,C,7860.0,7633.7402,0.0,0.0,0.05,394.0,0.03,3.0,1157.0,0.5328,0.0013,0.0001,-0.025,0.0061,0.0
2026-09-01T17:22:11Z,2026-09-01 17:21:31,SPXW,2026-09-01,P,7860.0,7633.7402,216.0,1.0,234.8,4.0,154.41,0.0,6.0,0.0,-0.9987,0.0001,-0.025,0.0061,0.0
2026-09-01T17:22:11Z,2026-09-01 17:21:31,SPXW,2026-09-01,C,7865.0,7633.7402,0.0,0.0,0.05,319.0,0.03,2.0,1066.0,0.5434,0.0013,0.0001,-0.025,0.006,0.0
2026-09-01T17:22:11Z,2026-09-01 17:21:31,SPXW,2026-09-01,P,7865.0,7633.7402,221.2,1.0,236.8,1.0,159.33,0.0,7.0,0.0,-0.9987,0.0001,-0.025,0.006,0.0
2026-09-01T17:22:11Z,2026-09-01 17:21:31,SPXW,2026-09-01,C,7870.0,7633.7402,0.0,0.0,0.05,323.0,0.05,0.0,765.0,0.554,0.0012,0.0,-0.025,0.0059,0.0
2026-09-01T17:22:11Z,2026-09-01 17:21:31,SPXW,2026-09-01,P,7870.0,7633.7402,224.7,1.0,245.2,1.0,217.95,8.0,9.0,0.0,-0.9988,0.0,-0.025,0.0059,0.0
2026-09-01T17:22:11Z,2026-09-01 17:21:31,SPXW,2026-09-01,C,7875.0,7633.7402,0.0,0.0,0.05,554.0,0.03,6.0,3039.0,0.5646,0.0012,0.0,-0.025,0.0058,0.0
2026-09-01T17:22:11Z,2026-09-01 17:21:31,SPXW,2026-09-01,P,7875.0,7633.7402,231.0,1.0,246.6,1.0,202.08,0.0,6.0,0.0,-0.9988,0.0,-0.025,0.0058,0.0
2026-09-01T17:22:11Z,2026-09-01 17:21:31,SPXW,2026-09-01,C,7880.0,7633.7402,0.0,0.0,0.05,612.0,0.03,13.0,911.0,0.5751,0.0012,0.0,-0.025,0.0057,0.0
2026-09-01T17:22:11Z,2026-09-01 17:21:31,SPXW,2026-09-01,P,7880.0,7633.7402,236.0,1.0,255.5,1.0,240.84,5.0,6.0,0.0,-0.9988,0.0,-0.025,0.0057,0.0
2026-09-01T17:22:11Z,2026-09-01 17:21:31,SPXW,2026-09-01,C,7885.0,7633.7402,0.0,0.0,0.05,432.0,0.05,17.0,511.0,0.5856,0.0012,0.0,-0.025,0.0056,0.0
2026-09-01T17:22:11Z,2026-09-01 17:21:31,SPXW,2026-09-01,P,7885.0,7633.7402,241.0,1.0,260.5,1.0,0.0,0.0,0.0,0.0,-0.9988,0.0,-0.025,0.0056,0.0
2026-09-01T17:22:11Z,2026-09-01 17:21:31,SPXW,2026-09-01,C,7890.0,7633.7402,0.0,0.0,0.05,447.0,0.05,3.0,594.0,0.5961,0.0012,0.0,-0.025,0.0055,0.0
2026-09-01T17:22:11Z,2026-09-01 17:21:31,SPXW,2026-09-01,P,7890.0,7633.7402,246.0,1.0,265.5,1.0,181.5,0.0,5.0,0.0,-0.9988,0.0,-0.025,0.0055,0.0
2026-09-01T17:22:11Z,2026-09-01 17:21:31,SPXW,2026-09-01,C,7895.0,7633.7402,0.0,0.0,0.05,407.0,0.03,8.0,520.0,0.6066,0.0011,0.0,-0.025,0.0054,0.0
2026-09-01T17:22:11Z,2026-09-01 17:21:31,SPXW,2026-09-01,P,7895.0,7633.7402,249.7,1.0,270.2,1.0,0.0,0.0,0.0,0.0,-0.9989,0.0,-0.025,0.0054,0.0
2026-09-01T17:22:11Z,2026-09-01 17:21:31,SPXW,2026-09-01,C,7900.0,7633.7402,0.0,0.0,0.05,1039.0,0.03,5.0,1021.0,0.617,0.0011,0.0,-0.025,0.0054,0.0
2026-09-01T17:22:11Z,2026-09-01 17:21:31,SPXW,2026-09-01,P,7900.0,7633.7402,254.7,1.0,275.2,1.0,260.84,5.0,11.0,0.0,-0.9989,0.0,-0.025,0.0054,0.0
2026-09-01T17:22:11Z,2026-09-01 17:21:31,SPXW,2026-09-01,C,7905.0,7633.7402,0.0,0.0,0.05,559.0,0.03,5.0,4647.0,0.6274,0.0011,0.0,-0.025,0.0053,0.0
2026-09-01T17:22:11Z,2026-09-01 17:21:31,SPXW,2026-09-01,P,7905.0,7633.7402,261.1,1.0,276.8,1.0,0.0,0.0,0.0,0.0,-0.9989,0.0,-0.025,0.0053,0.0
2026-09-01T17:22:11Z,2026-09-01 17:21:31,SPXW,2026-09-01,C,7910.0,7633.7402,0.0,0.0,0.05,530.0,0.03,0.0,803.0,0.6378,0.0011,0.0,-0.025,0.0052,0.0
2026-09-01T17:22:11Z,2026-09-01 17:21:31,SPXW,2026-09-01,P,7910.0,7633.7402,264.7,1.0,285.2,1.0,251.27,1.0,2.0,0.0,-0.9989,0.0,-0.025,0.0052,0.0
2026-09-01T17:22:11Z,2026-09-01 17:21:31,SPXW,2026-09-01,C,7915.0,7633.7402,0.0,0.0,0.05,542.0,0.03,1.0,40.0,0.6482,0.0011,0.0,-0.025,0.0051,0.0
2026-09-01T17:22:11Z,2026-09-01 17:21:31,SPXW,2026-09-01,P,7915.0,7633.7402,269.7,1.0,290.2,1.0,174.32,0.0,1.0,0.0,-0.9989,0.0,-0.025,0.0051,0.0
2026-09-01T17:22:11Z,2026-09-01 17:21:31,SPXW,2026-09-01,C,7920.0,7633.7402,0.0,0.0,0.05,603.0,0.03,18.0,799.0,0.6586,0.0011,0.0,-0.025,0.005,0.0
2026-09-01T17:22:11Z,2026-09-01 17:21:31,SPXW,2026-09-01,P,7920.0,7633.7402,276.0,1.0,294.8,3.0,228.73,0.0,30.0,0.0,-0.9989,0.0,-0.025,0.005,0.0
2026-09-01T17:22:11Z,2026-09-01 17:21:31,SPXW,2026-09-01,C,7925.0,7633.7402,0.0,0.0,0.05,879.0,0.03,15.0,455.0,0.6689,0.001,0.0,-0.025,0.005,0.0
2026-09-01T17:22:11Z,2026-09-01 17:21:31,SPXW,2026-09-01,P,7925.0,7633.7402,280.1,3.0,300.2,1.0,287.47,5.0,6.0,0.0,-0.999,0.0,-0.025,0.005,0.0
2026-09-01T17:22:11Z,2026-09-01 17:21:31,SPXW,2026-09-01,C,7930.0,7633.7402,0.0,0.0,0.05,698.0,0.07,0.0,443.0,0.6792,0.001,0.0,-0.025,0.0049,0.0
2026-09-01T17:22:11Z,2026-09-01 17:21:31,SPXW,2026-09-01,P,7930.0,7633.7402,285.1,3.0,305.2,1.0,248.29,0.0,2.0,0.0,-0.999,0.0,-0.025,0.0049,0.0
2026-09-01T17:22:11Z,2026-09-01 17:21:31,SPXW,2026-09-01,C,7935.0,7633.7402,0.0,0.0,0.05,705.0,0.05,0.0,32.0,0.6895,0.001,0.0,-0.025,0.0048,0.0
2026-09-01T17:22:11Z,2026-09-01 17:21:31,SPXW,2026-09-01,P,7935.0,7633.7402,291.1,1.0,306.8,1.0,0.0,0.0,0.0,0.0,-0.999,0.0,-0.025,0.0048,0.0
2026-09-01T17:22:11Z,2026-09-01 17:21:31,SPXW,2026-09-01,C,7940.0,7633.7402,0.0,0.0,0.05,755.0,0.05,0.0,544.0,0.6998,0.001,0.0,-0.025,0.0048,0.0
2026-09-01T17:22:11Z,2026-09-01 17:21:31,SPXW,2026-09-01,P,7940.0,7633.7402,296.0,1.0,311.9,1.0,302.9,5.0,5.0,0.0,-0.999,0.0,-0.025,0.0048,0.0
2026-09-01T17:22:11Z,2026-09-01 17:21:31,SPXW,2026-09-01,C,7945.0,7633.7402,0.0,0.0,0.05,705.0,0.05,0.0,109.0,0.7101,0.001,0.0,-0.025,0.0047,0.0
2026-09-01T17:22:11Z,2026-09-01 17:21:31,SPXW,2026-09-01,P,7945.0,7633.7402,300.8,1.0,320.5,1.0,0.0,0.0,0.0,0.0,-0.999,0.0,-0.025,0.0047,0.0
2026-09-01T17:22:11Z,2026-09-01 17:21:31,SPXW,2026-09-01,C,7950.0,7633.7402,0.0,0.0,0.05,1429.0,0.03,0.0,1592.0,0.7203,0.001,0.0,-0.025,0.0046,0.0
2026-09-01T17:22:11Z,2026-09-01 17:21:31,SPXW,2026-09-01,P,7950.0,7633.7402,306.0,1.0,325.5,1.0,267.62,0.0,3.0,0.0,-0.999,0.0,-0.025,0.0046,0.0
2026-09-01T17:22:11Z,2026-09-01 17:21:31,SPXW,2026-09-01,C,7955.0,7633.7402,0.0,0.0,0.05,732.0,0.05,0.0,10.0,0.7306,0.001,0.0,-0.025,0.0046,0.0
2026-09-01T17:22:11Z,2026-09-01 17:21:31,SPXW,2026-09-01,P,7955.0,7633.7402,310.8,1.0,330.5,1.0,0.0,0.0,0.0,0.0,-0.999,0.0,-0.025,0.0046,0.0
2026-09-01T17:22:11Z,2026-09-01 17:21:31,SPXW,2026-09-01,C,7960.0,7633.7402,0.0,0.0,0.05,747.0,0.05,0.0,246.0,0.7408,0.001,0.0,-0.025,0.0045,0.0
2026-09-01T17:22:11Z,2026-09-01 17:21:31,SPXW,2026-09-01,P,7960.0,7633.7402,316.0,1.0,331.8,1.0,298.77,0.0,2.0,0.0,-0.999,0.0,-0.025,0.0045,0.0
2026-09-01T17:22:11Z,2026-09-01 17:21:31,SPXW,2026-09-01,C,7970.0,7633.7402,0.0,0.0,0.05,734.0,0.05,0.0,133.0,0.7612,0.0009,0.0,-0.025,0.0044,0.0
2026-09-01T17:22:11Z,2026-09-01 17:21:31,SPXW,2026-09-01,P,7970.0,7633.7402,326.0,1.0,341.7,1.0,0.0,0.0,0.0,0.0,-0.9991,0.0,-0.025,0.0044,0.0
2026-09-01T17:22:11Z,2026-09-01 17:21:31,SPXW,2026-09-01,C,7975.0,7633.7402,0.0,0.0,0.05,1057.0,0.05,0.0,195.0,0.7713,0.0009,0.0,-0.025,0.0044,0.0
2026-09-01T17:22:11Z,2026-09-01 17:21:31,SPXW,2026-09-01,P,7975.0,7633.7402,330.8,1.0,350.5,1.0,250.6,0.0,2.0,0.0,-0.9991,0.0,-0.025,0.0044,0.0
2026-09-01T17:22:11Z,2026-09-01 17:21:31,SPXW,2026-09-01,C,7980.0,7633.7402,0.0,0.0,0.05,748.0,0.05,0.0,57.0,0.7815,0.0009,0.0,-0.025,0.0043,0.0
2026-09-01T17:22:11Z,2026-09-01 17:21:31,SPXW,2026-09-01,P,7980.0,7633.7402,336.0,1.0,351.7,1.0,0.0,0.0,20.0,0.0,-0.9991,0.0,-0.025,0.0043,0.0
2026-09-01T17:22:11Z,2026-09-01 17:21:31,SPXW,2026-09-01,C,7990.0,7633.7402,0.0,0.0,0.05,1715.0,0.05,0.0,9189.0,0.8017,0.0009,0.0,-0.025,0.0042,0.0
2026-09-01T17:22:11Z,2026-09-01 17:21:31,SPXW,2026-09-01,P,7990.0,7633.7402,346.0,1.0,365.5,1.0,0.0,0.0,0.0,0.0,-0.9991,0.0,-0.025,0.0042,0.0
2026-09-01T17:22:11Z,2026-09-01 17:21:31,SPXW,2026-09-01,C,8000.0,7633.7402,0.0,0.0,0.05,1753.0,0.03,0.0,780.0,0.8219,0.0009,0.0,-0.025,0.0041,0.0
2026-09-01T17:22:11Z,2026-09-01 17:21:31,SPXW,2026-09-01,P,8000.0,7633.7402,356.0,1.0,375.5,1.0,326.8,0.0,22.0,0.0,-0.9991,0.0,-0.025,0.0041,0.0
2026-09-01T17:22:11Z,2026-09-01 17:21:31,SPXW,2026-09-01,C,8010.0,7633.7402,0.0,0.0,0.05,749.0,0.0,0.0,0.0,0.842,0.0008,0.0,-0.025,0.004,0.0
2026-09-01T17:22:11Z,2026-09-01 17:21:31,SPXW,2026-09-01,P,8010.0,7633.7402,366.0,1.0,385.5,1.0,0.0,0.0,0.0,0.0,-0.9992,0.0,-0.025,0.004,0.0
2026-09-01T17:22:11Z,2026-09-01 17:21:31,SPXW,2026-09-01,C,8020.0,7633.7402,0.0,0.0,0.05,744.0,0.0,0.0,0.0,0.8621,0.0008,0.0,-0.025,0.004,0.0
2026-09-01T17:22:11Z,2026-09-01 17:21:31,SPXW,2026-09-01,P,8020.0,7633.7402,376.0,1.0,395.5,1.0,0.0,0.0,0.0,0.0,-0.9992,0.0,-0.025,0.004,0.0
2026-09-01T17:22:11Z,2026-09-01 17:21:31,SPXW,2026-09-01,C,8025.0,7633.7402,0.0,0.0,0.05,1242.0,0.03,0.0,521.0,0.8721,0.0008,0.0,-0.025,0.0039,0.0
2026-09-01T17:22:11Z,2026-09-01 17:21:31,SPXW,2026-09-01,P,8025.0,7633.7402,381.0,1.0,400.5,1.0,0.0,0.0,0.0,0.0,-0.9992,0.0,-0.025,0.0039,0.0
2026-09-01T17:22:11Z,2026-09-01 17:21:31,SPXW,2026-09-01,C,8030.0,7633.7402,0.0,0.0,0.05,762.0,0.03,0.0,10.0,0.8821,0.0008,0.0,-0.025,0.0039,0.0
2026-09-01T17:22:11Z,2026-09-01 17:21:31,SPXW,2026-09-01,P,8030.0,7633.7402,385.1,3.0,405.3,1.0,0.0,0.0,0.0,0.0,-0.9992,0.0,-0.025,0.0039,0.0
2026-09-01T17:22:11Z,2026-09-01 17:21:31,SPXW,2026-09-01,C,8050.0,7633.7402,0.0,0.0,0.05,1304.0,0.06,0.0,259.0,0.9219,0.0008,0.0,-0.025,0.0037,0.0
2026-09-01T17:22:11Z,2026-09-01 17:21:31,SPXW,2026-09-01,P,8050.0,7633.7402,405.1,3.0,425.3,1.0,330.63,0.0,1.0,0.0,-0.9992,0.0,-0.025,0.0037,0.0
2026-09-01T17:22:11Z,2026-09-01 17:21:31,SPXW,2026-09-01,C,8075.0,7633.7402,0.0,0.0,0.05,1346.0,0.04,0.0,110.0,0.9713,0.0007,0.0,-0.025,0.0036,0.0
2026-09-01T17:22:11Z,2026-09-01 17:21:31,SPXW,2026-09-01,P,8075.0,7633.7402,430.1,3.0,450.3,1.0,0.0,0.0,0.0,0.0,-0.9993,0.0,-0.025,0.0036,0.0
2026-09-01T17:22:11Z,2026-09-01 17:21:31,SPXW,2026-09-01,C,8100.0,7633.7402,0.0,0.0,0.05,2245.0,0.05,0.0,158.0,1.0204,0.0007,0.0,-0.025,0.0034,0.0
2026-09-01T17:22:11Z,2026-09-01 17:21:31,SPXW,2026-09-01,P,8100.0,7633.7402,456.0,1.0,475.5,1.0,325.54,0.0,1.0,0.0,-0.9993,0.0,-0.025,0.0034,0.0
2026-09-01T17:22:11Z,2026-09-01 17:21:31,SPXW,2026-09-01,C,8125.0,7633.7402,0.0,0.0,0.05,1739.0,0.03,0.0,69.0,1.0692,0.0007,0.0,-0.025,0.0033,0.0
2026-09-01T17:22:11Z,2026-09-01 17:21:31,SPXW,2026-09-01,P,8125.0,7633.7402,481.0,1.0,500.5,1.0,0.0,0.0,0.0,0.0,-0.9993,0.0,-0.025,0.0033,0.0
2026-09-01T17:22:11Z,2026-09-01 17:21:31,SPXW,2026-09-01,C,8150.0,7633.7402,0.0,0.0,0.05,1836.0,0.05,0.0,52.0,1.1177,0.0007,0.0,-0.025,0.0031,0.0
2026-09-01T17:22:11Z,2026-09-01 17:21:31,SPXW,2026-09-01,P,8150.0,7633.7402,504.8,1.0,525.3,1.0,0.0,0.0,0.0,0.0,-0.9993,0.0,-0.025,0.0031,0.0
2026-09-01T17:22:11Z,2026-09-01 17:21:31,SPXW,2026-09-01,C,8175.0,7633.7402,0.0,0.0,0.05,1951.0,0.05,0.0,517.0,1.1659,0.0006,0.0,-0.025,0.003,0.0
2026-09-01T17:22:11Z,2026-09-01 17:21:31,SPXW,2026-09-01,P,8175.0,7633.7402,529.8,1.0,550.3,1.0,501.3,0.0,0.0,0.0,-0.9994,0.0,-0.025,0.003,0.0
2026-09-01T17:22:11Z,2026-09-01 17:21:31,SPXW,2026-09-01,C,8200.0,7633.7402,0.0,0.0,0.05,1890.0,0.05,0.0,25.0,1.2137,0.0006,0.0,-0.025,0.0029,0.0
2026-09-01T17:22:11Z,2026-09-01 17:21:31,SPXW,2026-09-01,P,8200.0,7633.7402,556.0,1.0,575.5,1.0,0.0,0.0,0.0,0.0,-0.9994,0.0,-0.025,0.0029,0.0
2026-09-01T17:22:11Z,2026-09-01 17:21:31,SPXW,2026-09-01,C,8225.0,7633.7402,0.0,0.0,0.05,2000.0,0.15,0.0,869.0,1.2613,0.0006,0.0,-0.025,0.0028,0.0
2026-09-01T17:22:11Z,2026-09-01 17:21:31,SPXW,2026-09-01,P,8225.0,7633.7402,581.0,1.0,600.5,1.0,446.4,0.0,1.0,0.0,-0.9994,0.0,-0.025,0.0028,0.0
2026-09-01T17:22:11Z,2026-09-01 17:21:31,SPXW,2026-09-01,C,8250.0,7633.7402,0.0,0.0,0.05,1906.0,0.1,0.0,30.0,1.3086,0.0006,0.0,-0.025,0.0027,0.0
2026-09-01T17:22:11Z,2026-09-01 17:21:31,SPXW,2026-09-01,P,8250.0,7633.7402,606.0,1.0,625.5,1.0,0.0,0.0,0.0,0.0,-0.9994,0.0,-0.025,0.0027,0.0
2026-09-01T17:22:11Z,2026-09-01 17:21:31,SPXW,2026-09-01,C,8275.0,7633.7402,0.0,0.0,0.05,1914.0,0.1,0.0,22.0,1.3557,0.0006,0.0,-0.025,0.0026,0.0
2026-09-01T17:22:11Z,2026-09-01 17:21:31,SPXW,2026-09-01,P,8275.0,7633.7402,630.9,1.0,650.5,1.0,0.0,0.0,0.0,0.0,-0.9994,0.0,-0.025,0.0026,0.0
2026-09-01T17:22:11Z,2026-09-01 17:21:31,SPXW,2026-09-01,C,8300.0,7633.7402,0.0,0.0,0.05,1942.0,0.05,0.0,29.0,1.4024,0.0005,0.0,-0.025,0.0026,0.0
2026-09-01T17:22:11Z,2026-09-01 17:21:31,SPXW,2026-09-01,P,8300.0,7633.7402,656.0,1.0,675.5,1.0,560.54,0.0,0.0,0.0,-0.9995,0.0,-0.025,0.0026,0.0
2026-09-01T17:22:11Z,2026-09-01 17:21:31,SPXW,2026-09-01,C,8325.0,7633.7402,0.0,0.0,0.05,1902.0,0.1,0.0,3.0,1.4489,0.0005,0.0,-0.025,0.0025,0.0
2026-09-01T17:22:11Z,2026-09-01 17:21:31,SPXW,2026-09-01,P,8325.0,7633.7402,680.9,1.0,696.7,1.0,0.0,0.0,0.0,0.0,-0.9995,0.0,-0.025,0.0025,0.0
2026-09-01T17:22:11Z,2026-09-01 17:21:31,SPXW,2026-09-02,C,6875.0,7633.7402,750.6,1.0,769.9,1.0,766.58,2.0,2.0,0.7995,0.9988,0.0,0.0,0.0165,0.188
2026-09-01T17:22:11Z,2026-09-01 17:21:31,SPXW,2026-09-02,P,6875.0,7633.7402,0.05,161.0,0.1,413.0,0.05,10.0,56.0,0.6208,-0.0012,0.0,-0.0784,0.0165,-0.0002
2026-09-01T17:22:11Z,2026-09-01 17:21:31,SPXW,2026-09-02,C,6900.0,7633.7402,725.6,1.0,744.9,1.0,752.44,1.0,1.0,0.7747,0.9988,0.0,0.0,0.0174,0.1887
2026-09-01T17:22:11Z,2026-09-01 17:21:31,SPXW,2026-09-02,P,6900.0,7633.7402,0.05,243.0,0.1,259.0,0.1,0.0,530.0,0.6009,-0.0012,0.0,-0.0806,0.0173,-0.0002
2026-09-01T17:22:11Z,2026-09-01 17:21:31,SPXW,2026-09-02,C,6925.0,7633.7402,700.6,1.0,719.9,1.0,0.0,0.0,0.0,0.7499,0.9987,0.0,0.0,0.0183,0.1893
2026-09-01T17:22:11Z,2026-09-01 17:21:31,SPXW,2026-09-02,P,6925.0,7633.7402,0.05,116.0,0.1,246.0,0.07,0.0,222.0,0.5811,-0.0013,0.0,-0.0829,0.0182,-0.0003
2026-09-01T17:22:11Z,2026-09-01 17:21:31,SPXW,2026-09-02,C,6950.0,7633.7402,675.6,1.0,695.0,1.0,0.0,0.0,0.0,0.7299,0.9986,0.0,-0.004,0.0193,0.19
2026-09-01T17:22:11Z,2026-09-01 17:21:31,SPXW,2026-09-02,P,6950.0,7633.7402,0.05,291.0,0.1,190.0,0.07,3.0,111.0,0.5613,-0.0014,0.0,-0.0855,0.0192,-0.0003
2026-09-01T17:22:11Z,2026-09-01 17:21:31,SPXW,2026-09-02,C,6975.0,7633.7402,651.4,1.0,670.0,1.0,0.0,0.0,0.0,0.7373,0.9986,0.0,-0.0098,0.0204,0.1907
2026-09-01T17:22:11Z,2026-09-01 17:21:31,SPXW,2026-09-02,P,6975.0,7633.7402,0.05,659.0,0.1,144.0,0.07,20.0,228.0,0.5415,-0.0014,0.0,-0.0882,0.0204,-0.0003
2026-09-01T17:22:11Z,2026-09-01 17:21:31,SPXW,2026-09-02,C,7000.0,7633.7402,626.4,1.0,645.0,1.0,487.6,0.0,1.0,0.7116,0.9985,0.0,-0.0158,0.0217,0.1913
2026-09-01T17:22:11Z,2026-09-01 17:21:31,SPXW,2026-09-02,P,7000.0,7633.7402,0.05,785.0,0.15,590.0,0.1,222.0,1099.0,0.5349,-0.0015,0.0,-0.0912,0.0216,-0.0003
2026-09-01T17:22:11Z,2026-09-01 17:21:31,SPXW,2026-09-02,C,7025.0,7633.7402,604.1,1.0,620.0,1.0,0.0,0.0,0.0,0.7587,0.9984,0.0,-0.0221,0.0231,0.192
2026-09-01T17:22:11Z,2026-09-01 17:21:31,SPXW,2026-09-02,P,7025.0,7633.7402,0.05,649.0,0.15,570.0,0.07,27.0,263.0,0.5147,-0.0016,0.0,-0.0945,0.023,-0.0003
2026-09-01T17:22:11Z,2026-09-01 17:21:31,SPXW,2026-09-02,C,7050.0,7633.7402,576.4,1.0,595.0,1.0,0.0,0.0,0.0,0.6602,0.9982,0.0,-0.0288,0.0246,0.1926
2026-09-01T17:22:11Z,2026-09-01 17:21:31,SPXW,2026-09-02,P,7050.0,7633.7402,0.05,745.0,0.15,554.0,0.1,5.0,1526.0,0.4946,-0.0017,0.0,-0.0982,0.0246,-0.0004
2026-09-01T17:22:11Z,2026-09-01 17:21:31,SPXW,2026-09-02,C,7070.0,7633.7402,556.4,1.0,575.0,1.0,0.0,0.0,0.0,0.6397,0.9981,0.0,-0.0344,0.026,0.1932
2026-09-01T17:22:11Z,2026-09-01 17:21:31,SPXW,2026-09-02,P,7070.0,7633.7402,0.05,640.0,0.15,494.0,0.1,5.0,217.0,0.4785,-0.0018,0.0,-0.1014,0.026,-0.0004
2026-09-01T17:22:11Z,2026-09-01 17:21:31,SPXW,2026-09-02,C,7075.0,7633.7402,551.4,1.0,570.0,1.0,636.01,0.0,4.0,0.6345,0.9981,0.0,-0.0359,0.0264,0.1933
2026-09-01T17:22:11Z,2026-09-01 17:21:31,SPXW,2026-09-02,P,7075.0,7633.7402,0.05,668.0,0.15,484.0,0.1,9.0,118.0,0.4744,-0.0019,0.0,-0.1022,0.0263,-0.0004
2026-09-01T17:22:11Z,2026-09-01 17:21:31,SPXW,2026-09-02,C,7080.0,7633.7402,546.4,1.0,565.0,1.0,0.0,0.0,0.0,0.6294,0.9981,0.0,-0.0374,0.0268,0.1934
2026-09-01T17:22:11Z,2026-09-01 17:21:31,SPXW,2026-09-02,P,7080.0,7633.7402,0.05,642.0,0.15,478.0,0.1,11.0,5.0,0.4704,-0.0019,0.0,-0.1031,0.0267,-0.0004
2026-09-01T17:22:11Z,2026-09-01 17:21:31,SPXW,2026-09-02,C,7090.0,7633.7402,536.4,1.0,555.0,1.0,0.0,0.0,0.0,0.6191,0.998,0.0,-0.0404,0.0276,0.1937
2026-09-01T17:22:11Z,2026-09-01 17:21:31,SPXW,2026-09-02,P,7090.0,7633.7402,0.05,644.0,0.15,428.0,0.1,35.0,30.0,0.4624,-0.002,0.0,-0.1049,0.0275,-0.0004
2026-09-01T17:22:11Z,2026-09-01 17:21:31,SPXW,2026-09-02,C,7100.0,7633.7402,526.3,1.0,544.8,1.0,611.06,0.0,5.0,0.599,0.998,0.0,-0.0435,0.0284,0.194
2026-09-01T17:22:11Z,2026-09-01 17:21:31,SPXW,2026-09-02,P,7100.0,7633.7402,0.05,783.0,0.15,456.0,0.1,13.0,843.0,0.454,-0.002,0.0,-0.1074,0.0284,-0.0004
2026-09-01T17:22:11Z,2026-09-01 17:21:31,SPXW,2026-09-02,C,7110.0,7633.7402,516.4,1.0,535.0,1.0,0.0,0.0,0.0,0.5985,0.9979,0.0,-0.0468,0.0293,0.1942
2026-09-01T17:22:11Z,2026-09-01 17:21:31,SPXW,2026-09-02,P,7110.0,7633.7402,0.1,114.0,0.15,464.0,0.1,50.0,16.0,0.4552,-0.0021,0.0,-0.1093,0.0293,-0.0004
2026-09-01T17:22:11Z,2026-09-01 17:21:31,SPXW,2026-09-02,C,7120.0,7633.7402,508.3,1.0,525.0,1.0,0.0,0.0,0.0,0.6368,0.9978,0.0,-0.0501,0.0302,0.1945
2026-09-01T17:22:11Z,2026-09-01 17:21:31,SPXW,2026-09-02,P,7120.0,7633.7402,0.1,101.0,0.15,300.0,0.1,100.0,23.0,0.447,-0.0022,0.0,-0.1115,0.0302,-0.0004
2026-09-01T17:22:11Z,2026-09-01 17:21:31,SPXW,2026-09-02,C,7125.0,7633.7402,501.4,1.0,520.0,1.0,0.0,0.0,0.0,0.5831,0.9978,0.0,-0.0518,0.0306,0.1946
2026-09-01T17:22:11Z,2026-09-01 17:21:31,SPXW,2026-09-02,P,7125.0,7633.7402,0.1,114.0,0.15,282.0,0.12,2.0,235.0,0.4429,-0.0022,0.0,-0.1126,0.0306,-0.0004
2026-09-01T17:22:11Z,2026-09-01 17:21:31,SPXW,2026-09-02,C,7130.0,7633.7402,498.3,1.0,514.9,1.0,0.0,0.0,0.0,0.6237,0.9978,0.0,-0.0535,0.0311,0.1947
2026-09-01T17:22:11Z,2026-09-01 17:21:31,SPXW,2026-09-02,P,7130.0,7633.7402,0.1,121.0,0.15,229.0,0.1,0.0,45.0,0.4388,-0.0022,0.0,-0.1137,0.0311,-0.0004
2026-09-01T17:22:11Z,2026-09-01 17:21:31,SPXW,2026-09-02,C,7140.0,7633.7402,486.4,1.0,505.0,1.0,0.0,0.0,0.0,0.5676,0.9977,0.0,-0.0571,0.0321,0.195
2026-09-01T17:22:11Z,2026-09-01 17:21:31,SPXW,2026-09-02,P,7140.0,7633.7402,0.1,272.0,0.15,228.0,0.1,6.0,9.0,0.4306,-0.0023,0.0,-0.1161,0.0321,-0.0005
2026-09-01T17:22:11Z,2026-09-01 17:21:31,SPXW,2026-09-02,C,7150.0,7633.7402,479.1,1.0,494.9,1.0,0.0,0.0,0.0,0.618,0.9976,0.0,-0.0608,0.0332,0.1952
2026-09-01T17:22:11Z,2026-09-01 17:21:31,SPXW,2026-09-02,P,7150.0,7633.7402,0.1,307.0,0.15,232.0,0.1,29.0,810.0,0.4224,-0.0024,0.0,-0.1186,0.0332,-0.0005
2026-09-01T17:22:11Z,2026-09-01 17:21:31,SPXW,2026-09-02,C,7160.0,7633.7402,465.8,1.0,486.1,1.0,0.0,0.0,0.0,0.5527,0.9975,0.0,-0.0647,0.0343,0.1955
2026-09-01T17:22:11Z,2026-09-01 17:21:31,SPXW,2026-09-02,P,7160.0,7633.7402,0.1,319.0,0.15,238.0,0.1,25.0,45.0,0.4142,-0.0025,0.0,-0.1213,0.0344,-0.0005
2026-09-01T17:22:11Z,2026-09-01 17:21:31,SPXW,2026-09-02,C,7170.0,7633.7402,455.8,1.0,475.9,1.0,0.0,0.0,0.0,0.545,0.9974,0.0,-0.0687,0.0356,0.1958
2026-09-01T17:22:11Z,2026-09-01 17:21:31,SPXW,2026-09-02,P,7170.0,7633.7402,0.1,324.0,0.15,10.0,0.15,1.0,17.0,0.406,-0.0026,0.0,-0.1241,0.0356,-0.0005
2026-09-01T17:22:11Z,2026-09-01 17:21:31,SPXW,2026-09-02,C,7175.0,7633.7402,450.8,1.0,471.0,1.0,512.04,0.0,6.0,0.5424,0.9974,0.0,-0.0707,0.0362,0.1959
2026-09-01T17:22:11Z,2026-09-01 17:21:31,SPXW,2026-09-02,P,7175.0,7633.7402,0.1,547.0,0.15,10.0,0.1,11.0,292.0,0.4019,-0.0026,0.0,-0.1256,0.0362,-0.0005
2026-09-01T17:22:11Z,2026-09-01 17:21:31,SPXW,2026-09-02,C,7180.0,7633.7402,448.6,1.0,466.1,1.0,0.0,0.0,0.0,0.5918,0.9973,0.0,-0.0728,0.0369,0.196
2026-09-01T17:22:11Z,2026-09-01 17:21:31,SPXW,2026-09-02,P,7180.0,7633.7402,0.1,563.0,0.15,10.0,0.15,2.0,199.0,0.3978,-0.0027,0.0,-0.1271,0.0369,-0.0005
2026-09-01T17:22:11Z,2026-09-01 17:21:31,SPXW,2026-09-02,C,7190.0,7633.7402,436.4,1.0,455.0,1.0,0.0,0.0,0.0,0.516,0.9972,0.0,-0.0772,0.0382,0.1963
2026-09-01T17:22:11Z,2026-09-01 17:21:31,SPXW,2026-09-02,P,7190.0,7633.7402,0.1,571.0,0.2,536.0,0.1,0.0,150.0,0.3966,-0.0028,0.0,-0.1302,0.0383,-0.0006
2026-09-01T17:22:11Z,2026-09-01 17:21:31,SPXW,2026-09-02,C,7200.0,7633.7402,426.2,1.0,446.5,2.0,487.09,0.0,9.0,0.5211,0.9971,0.0,-0.0818,0.0397,0.1965
2026-09-01T17:22:11Z,2026-09-01 17:21:31,SPXW,2026-09-02,P,7200.0,7633.7402,0.1,611.0,0.15,45.0,0.12,59.0,1173.0,0.3814,-0.0029,0.0,-0.1336,0.0398,-0.0006
2026-09-01T17:22:11Z,2026-09-01 17:21:31,SPXW,2026-09-02,C,7210.0,7633.7402,415.8,1.0,436.1,1.0,0.0,0.0,0.0,0.5006,0.997,0.0001,-0.0866,0.0413,0.1968
2026-09-01T17:22:11Z,2026-09-01 17:21:31,SPXW,2026-09-02,P,7210.0,7633.7402,0.1,571.0,0.2,495.0,0.1,0.0,89.0,0.3799,-0.003,0.0001,-0.1372,0.0414,-0.0006
2026-09-01T17:22:11Z,2026-09-01 17:21:31,SPXW,2026-09-02,C,7220.0,7633.7402,406.3,1.0,424.9,1.0,0.0,0.0,0.0,0.4795,0.9968,0.0001,-0.0916,0.043,0.197
2026-09-01T17:22:11Z,2026-09-01 17:21:31,SPXW,2026-09-02,P,7220.0,7633.7402,0.1,580.0,0.2,466.0,0.12,20.0,167.0,0.3716,-0.0032,0.0001,-0.1411,0.0431,-0.0006
2026-09-01T17:22:11Z,2026-09-01 17:21:31,SPXW,2026-09-02,C,7225.0,7633.7402,401.3,1.0,419.9,1.0,0.0,0.0,0.0,0.4744,0.9968,0.0001,-0.0942,0.0439,0.1971
2026-09-01T17:22:11Z,2026-09-01 17:21:31,SPXW,2026-09-02,P,7225.0,7633.7402,0.1,607.0,0.2,473.0,0.1,1.0,3055.0,0.3674,-0.0032,0.0001,-0.1431,0.044,-0.0006
2026-09-01T17:22:11Z,2026-09-01 17:21:31,SPXW,2026-09-02,C,7230.0,7633.7402,396.4,1.0,415.0,1.0,457.25,0.0,4.0,0.4746,0.9967,0.0001,-0.0969,0.0449,0.1973
2026-09-01T17:22:11Z,2026-09-01 17:21:31,SPXW,2026-09-02,P,7230.0,7633.7402,0.1,578.0,0.2,451.0,0.1,0.0,30.0,0.3632,-0.0033,0.0001,-0.1452,0.0449,-0.0007
2026-09-01T17:22:11Z,2026-09-01 17:21:31,SPXW,2026-09-02,C,7235.0,7633.7402,390.9,1.0,410.9,1.0,0.0,0.0,0.0,0.4793,0.9966,0.0001,-0.0997,0.0458,0.1974
2026-09-01T17:22:11Z,2026-09-01 17:21:31,SPXW,2026-09-02,P,7235.0,7633.7402,0.1,608.0,0.2,413.0,0.15,54.0,10.0,0.3591,-0.0034,0.0001,-0.1474,0.0458,-0.0007
2026-09-01T17:22:11Z,2026-09-01 17:21:31,SPXW,2026-09-02,C,7240.0,7633.7402,385.9,1.0,406.2,1.0,543.45,0.0,3.0,0.4717,0.9965,0.0001,-0.1025,0.0468,0.1975
2026-09-01T17:22:11Z,2026-09-01 17:21:31,SPXW,2026-09-02,P,7240.0,7633.7402,0.1,627.0,0.2,468.0,0.15,254.0,41.0,0.3549,-0.0035,0.0001,-0.1496,0.0468,-0.0007
2026-09-01T17:22:11Z,2026-09-01 17:21:31,SPXW,2026-09-02,C,7245.0,7633.7402,384.0,1.0,400.0,1.0,0.0,0.0,0.0,0.5118,0.9964,0.0001,-0.1055,0.0478,0.1976
2026-09-01T17:22:11Z,2026-09-01 17:21:31,SPXW,2026-09-02,P,7245.0,7633.7402,0.1,627.0,0.2,303.0,0.15,2.0,2.0,0.3507,-0.0036,0.0001,-0.152,0.0479,-0.0007
2026-09-01T17:22:11Z,2026-09-01 17:21:31,SPXW,2026-09-02,C,7250.0,7633.7402,375.9,1.0,396.2,1.0,0.0,0.0,0.0,0.4611,0.9964,0.0001,-0.1085,0.0489,0.1977
2026-09-01T17:22:11Z,2026-09-01 17:21:31,SPXW,2026-09-02,P,7250.0,7633.7402,0.15,109.0,0.2,256.0,0.17,16.0,192.0,0.352,-0.0036,0.0001,-0.1544,0.0489,-0.0007
2026-09-01T17:22:11Z,2026-09-01 17:21:31,SPXW,2026-09-02,C,7255.0,7633.7402,374.1,1.0,390.2,1.0,0.0,0.0,0.0,0.5054,0.9963,0.0001,-0.1116,0.05,0.1979
2026-09-01T17:22:11Z,2026-09-01 17:21:31,SPXW,2026-09-02,P,7255.0,7633.7402,0.15,121.0,0.2,257.0,0.15,9.0,1.0,0.3478,-0.0037,0.0001,-0.1569,0.05,-0.0008
2026-09-01T17:22:11Z,2026-09-01 17:21:31,SPXW,2026-09-02,C,7260.0,7633.7402,368.9,1.0,385.2,1.0,0.0,0.0,0.0,0.4965,0.9962,0.0001,-0.1148,0.0511,0.198
2026-09-01T17:22:11Z,2026-09-01 17:21:31,SPXW,2026-09-02,P,7260.0,7633.7402,0.15,147.0,0.2,234.0,0.15,6.0,37.0,0.3436,-0.0038,0.0001,-0.1595,0.0512,-0.0008
2026-09-01T17:22:11Z,2026-09-01 17:21:31,SPXW,2026-09-02,C,7265.0,7633.7402,368.4,6.0,371.6,1.0,0.0,0.0,0.0,0.3332,0.9961,0.0001,-0.1181,0.0523,0.1981
2026-09-01T17:22:11Z,2026-09-01 17:21:31,SPXW,2026-09-02,P,7265.0,7633.7402,0.15,268.0,0.2,271.0,0.15,0.0,52.0,0.3394,-0.0039,0.0001,-0.1622,0.0523,-0.0008
2026-09-01T17:22:11Z,2026-09-01 17:21:31,SPXW,2026-09-02,C,7270.0,7633.7402,363.5,6.0,366.6,1.0,0.0,0.0,0.0,0.3289,0.996,0.0001,-0.1215,0.0535,0.1982
2026-09-01T17:22:11Z,2026-09-01 17:21:31,SPXW,2026-09-02,P,7270.0,7633.7402,0.15,317.0,0.2,248.0,0.17,504.0,259.0,0.3351,-0.004,0.0001,-0.165,0.0536,-0.0008
2026-09-01T17:22:11Z,2026-09-01 17:21:31,SPXW,2026-09-02,C,7275.0,7633.7402,358.5,6.0,361.7,1.0,0.0,0.0,0.0,0.3246,0.9959,0.0001,-0.125,0.0548,0.1983
2026-09-01T17:22:11Z,2026-09-01 17:21:31,SPXW,2026-09-02,P,7275.0,7633.7402,0.15,291.0,0.2,224.0,0.18,12.0,91.0,0.3309,-0.0041,0.0001,-0.1679,0.0548,-0.0008
2026-09-01T17:22:11Z,2026-09-01 17:21:31,SPXW,2026-09-02,C,7280.0,7633.7402,353.5,6.0,356.7,1.0,0.0,0.0,0.0,0.3303,0.9958,0.0001,-0.1287,0.0561,0.1984
2026-09-01T17:22:11Z,2026-09-01 17:21:31,SPXW,2026-09-02,P,7280.0,7633.7402,0.15,300.0,0.2,145.0,0.17,3.0,185.0,0.3266,-0.0042,0.0001,-0.171,0.0562,-0.0008
2026-09-01T17:22:11Z,2026-09-01 17:21:31,SPXW,2026-09-02,C,7285.0,7633.7402,348.5,6.0,351.7,1.0,0.0,0.0,0.0,0.326,0.9956,0.0001,-0.1324,0.0575,0.1986
2026-09-01T17:22:11Z,2026-09-01 17:21:31,SPXW,2026-09-02,P,7285.0,7633.7402,0.15,286.0,0.2,3.0,0.17,7.0,251.0,0.3224,-0.0043,0.0001,-0.1741,0.0576,-0.0009
2026-09-01T17:22:11Z,2026-09-01 17:21:31,SPXW,2026-09-02,C,7290.0,7633.7402,343.5,6.0,346.7,1.0,0.0,0.0,0.0,0.3216,0.9955,0.0001,-0.1363,0.059,0.1987
2026-09-01T17:22:11Z,2026-09-01 17:21:31,SPXW,2026-09-02,P,7290.0,7633.7402,0.15,317.0,0.25,580.0,0.17,19.0,574.0,0.3227,-0.0045,0.0001,-0.1774,0.059,-0.0009
2026-09-01T17:22:11Z,2026-09-01 17:21:31,SPXW,2026-09-02,C,7295.0,7633.7402,338.5,6.0,341.7,1.0,0.0,0.0,0.0,0.3172,0.9954,0.0001,-0.1403,0.0605,0.1988
2026-09-01T17:22:11Z,2026-09-01 17:21:31,SPXW,2026-09-02,P,7295.0,7633.7402,0.15,507.0,0.25,549.0,0.15,13.0,13.0,0.3184,-0.0046,0.0001,-0.1808,0.0605,-0.0009
2026-09-01T17:22:11Z,2026-09-01 17:21:31,SPXW,2026-09-02,C,7300.0,7633.7402,333.4,6.0,336.4,6.0,375.32,0.0,4.0,0.3128,0.9953,0.0001,-0.1445,0.0621,0.1989
2026-09-01T17:22:11Z,2026-09-01 17:21:31,SPXW,2026-09-02,P,7300.0,7633.7402,0.15,526.0,0.2,3.0,0.17,114.0,393.0,0.3097,-0.0047,0.0001,-0.1844,0.0621,-0.001
2026-09-01T17:22:11Z,2026-09-01 17:21:31,SPXW,2026-09-02,C,7305.0,7633.7402,328.4,6.0,331.4,6.0,0.0,0.0,0.0,0.3084,0.9951,0.0001,-0.1488,0.0638,0.199
2026-09-01T17:22:11Z,2026-09-01 17:21:31,SPXW,2026-09-02,P,7305.0,7633.7402,0.15,491.0,0.25,517.0,0.2,16.0,13.0,0.3098,-0.0049,0.0001,-0.1881,0.0638,-0.001
2026-09-01T17:22:11Z,2026-09-01 17:21:31,SPXW,2026-09-02,C,7310.0,7633.7402,323.5,6.0,326.4,6.0,0.0,0.0,0.0,0.304,0.995,0.0001,-0.1532,0.0655,0.1991
2026-09-01T17:22:11Z,2026-09-01 17:21:31,SPXW,2026-09-02,P,7310.0,7633.7402,0.15,498.0,0.25,513.0,0.2,6.0,201.0,0.3055,-0.005,0.0001,-0.192,0.0655,-0.001
2026-09-01T17:22:11Z,2026-09-01 17:21:31,SPXW,2026-09-02,C,7315.0,7633.7402,318.4,6.0,321.4,6.0,0.0,0.0,0.0,0.2996,0.9948,0.0001,-0.1579,0.0673,0.1992
2026-09-01T17:22:11Z,2026-09-01 17:21:31,SPXW,2026-09-02,P,7315.0,7633.7402,0.15,506.0,0.25,504.0,0.2,7.0,19.0,0.3012,-0.0052,0.0001,-0.196,0.0674,-0.001
2026-09-01T17:22:11Z,2026-09-01 17:21:31,SPXW,2026-09-02,C,7320.0,7633.7402,313.5,6.0,316.1,1.0,360.86,0.0,0.0,0.2952,0.9947,0.0001,-0.1627,0.0692,0.1993
2026-09-01T17:22:11Z,2026-09-01 17:21:31,SPXW,2026-09-02,P,7320.0,7633.7402,0.15,525.0,0.25,484.0,0.2,51.0,203.0,0.2969,-0.0053,0.0001,-0.2003,0.0693,-0.0011
2026-09-01T17:22:11Z,2026-09-01 17:21:31,SPXW,2026-09-02,C,7325.0,7633.7402,308.6,6.0,311.1,1.0,0.0,0.0,0.0,0.2909,0.9945,0.0001,-0.1677,0.0712,0.1994
2026-09-01T17:22:11Z,2026-09-01 17:21:31,SPXW,2026-09-02,P,7325.0,7633.7402,0.15,539.0,0.25,481.0,0.2,98.0,195.0,0.2926,-0.0055,0.0001,-0.2047,0.0712,-0.0011
2026-09-01T17:22:11Z,2026-09-01 17:21:31,SPXW,2026-09-02,C,7330.0,7633.7402,303.5,6.0,306.1,1.0,328.12,3.0,0.0,0.2865,0.9944,0.0001,-0.1729,0.0733,0.1995
2026-09-01T17:22:11Z,2026-09-01 17:21:31,SPXW,2026-09-02,P,7330.0,7633.7402,0.2,88.0,0.25,346.0,0.17,112.0,282.0,0.2922,-0.0056,0.0001,-0.2092,0.0733,-0.0011
2026-09-01T17:22:11Z,2026-09-01 17:21:31,SPXW,2026-09-02,C,7335.0,7633.7402,298.6,6.0,301.1,1.0,0.0,0.0,0.0,0.2821,0.9942,0.0001,-0.1784,0.0754,0.1996
2026-09-01T17:22:11Z,2026-09-01 17:21:31,SPXW,2026-09-02,P,7335.0,7633.7402,0.2,138.0,0.25,289.0,0.2,27.0,22.0,0.2877,-0.0058,0.0001,-0.2141,0.0755,-0.0012
2026-09-01T17:22:11Z,2026-09-01 17:21:31,SPXW,2026-09-02,C,7340.0,7633.7402,293.6,6.0,296.1,1.0,318.81,1.0,0.0,0.2686,0.994,0.0001,-0.184,0.0777,0.1997
2026-09-01T17:22:11Z,2026-09-01 17:21:31,SPXW,2026-09-02,P,7340.0,7633.7402,0.2,257.0,0.25,246.0,0.2,14.0,77.0,0.2833,-0.006,0.0001,-0.2192,0.0777,-0.0012
2026-09-01T17:22:11Z,2026-09-01 17:21:31,SPXW,2026-09-02,C,7345.0,7633.7402,288.5,6.0,291.1,1.0,0.0,0.0,0.0,0.2733,0.9938,0.0001,-0.1899,0.08,0.1998
2026-09-01T17:22:11Z,2026-09-01 17:21:31,SPXW,2026-09-02,P,7345.0,7633.7402,0.2,248.0,0.25,138.0,0.25,13.0,128.0,0.2789,-0.0062,0.0001,-0.2245,0.0801,-0.0013
2026-09-01T17:22:11Z,2026-09-01 17:21:31,SPXW,2026-09-02,C,7350.0,7633.7402,283.6,6.0,286.1,1.0,304.99,2.0,31.0,0.2689,0.9936,0.0001,-0.1961,0.0825,0.1999
2026-09-01T17:22:11Z,2026-09-01 17:21:31,SPXW,2026-09-02,P,7350.0,7633.7402,0.2,269.0,0.25,33.0,0.27,38.0,1813.0,0.2746,-0.0064,0.0001,-0.2301,0.0826,-0.0013
2026-09-01T17:22:11Z,2026-09-01 17:21:31,SPXW,2026-09-02,C,7355.0,7633.7402,278.5,6.0,281.1,1.0,0.0,0.0,0.0,0.2645,0.9933,0.0002,-0.2025,0.0851,0.2
2026-09-01T17:22:11Z,2026-09-01 17:21:31,SPXW,2026-09-02,P,7355.0,7633.7402,0.2,253.0,0.25,7.0,0.25,2752.0,85.0,0.2702,-0.0067,0.0002,-0.2359,0.0851,-0.0014
2026-09-01T17:22:11Z,2026-09-01 17:21:31,SPXW,2026-09-02,C,7360.0,7633.7402,273.5,6.0,276.1,1.0,317.08,0.0,1.0,0.2601,0.9931,0.0002,-0.2092,0.0878,0.2001
2026-09-01T17:22:11Z,2026-09-01 17:21:31,SPXW,2026-09-02,P,7360.0,7633.7402,0.2,256.0,0.3,513.0,0.25,314.0,127.0,0.269,-0.0069,0.0002,-0.2421,0.0878,-0.0014
2026-09-01T17:22:11Z,2026-09-01 17:21:31,SPXW,2026-09-02,C,7365.0,7633.7402,268.6,7.0,271.2,1.0,0.0,0.0,0.0,0.2687,0.9928,0.0002,-0.2163,0.0906,0.2002
2026-09-01T17:22:11Z,2026-09-01 17:21:31,SPXW,2026-09-02,P,7365.0,7633.7402,0.2,441.0,0.3,489.0,0.25,23.0,39.0,0.2646,-0.0072,0.0002,-0.2485,0.0907,-0.0014
2026-09-01T17:22:11Z,2026-09-01 17:21:31,SPXW,2026-09-02,C,7370.0,7633.7402,263.5,6.0,266.2,1.0,280.44,4.0,30.0,0.2513,0.9926,0.0002,-0.2237,0.0937,0.2002
2026-09-01T17:22:11Z,2026-09-01 17:21:31,SPXW,2026-09-02,P,7370.0,7633.7402,0.2,477.0,0.3,481.0,0.25,21.0,260.0,0.2602,-0.0074,0.0002,-0.2553,0.0938,-0.0015
2026-09-01T17:22:11Z,2026-09-01 17:21:31,SPXW,2026-09-02,C,7375.0,7633.7402,258.6,7.0,261.2,1.0,436.05,0.0,14.0,0.2596,0.9923,0.0002,-0.2314,0.0969,0.2003
2026-09-01T17:22:11Z,2026-09-01 17:21:31,SPXW,2026-09-02,P,7375.0,7633.7402,0.2,487.0,0.3,452.0,0.25,3123.0,665.0,0.2557,-0.0077,0.0002,-0.2624,0.097,-0.0016
2026-09-01T17:22:11Z,2026-09-01 17:21:31,SPXW,2026-09-02,C,7380.0,7633.7402,253.7,6.0,256.8,1.0,263.15,6.0,0.0,0.2551,0.992,0.0002,-0.2395,0.1003,0.2004
2026-09-01T17:22:11Z,2026-09-01 17:21:31,SPXW,2026-09-02,P,7380.0,7633.7402,0.25,110.0,0.3,296.0,0.3,76.0,189.0,0.2542,-0.008,0.0002,-0.27,0.1004,-0.0016
2026-09-01T17:22:11Z,2026-09-01 17:21:31,SPXW,2026-09-02,C,7385.0,7633.7402,248.6,6.0,251.8,1.0,296.21,0.0,0.0,0.2505,0.9917,0.0002,-0.2481,0.1038,0.2005
2026-09-01T17:22:11Z,2026-09-01 17:21:31,SPXW,2026-09-02,P,7385.0,7633.7402,0.25,210.0,0.3,153.0,0.25,26.0,89.0,0.2497,-0.0083,0.0002,-0.2779,0.1039,-0.0017
2026-09-01T17:22:11Z,2026-09-01 17:21:31,SPXW,2026-09-02,C,7390.0,7633.7402,243.7,6.0,246.2,1.0,257.8,1.0,0.0,0.2459,0.9913,0.0002,-0.2571,0.1076,0.2006
2026-09-01T17:22:11Z,2026-09-01 17:21:31,SPXW,2026-09-02,P,7390.0,7633.7402,0.25,245.0,0.3,116.0,0.25,46.0,395.0,0.2452,-0.0087,0.0002,-0.2864,0.1077,-0.0018
2026-09-01T17:22:11Z,2026-09-01 17:21:31,SPXW,2026-09-02,C,7395.0,7633.7402,238.7,6.0,241.8,1.0,0.0,0.0,0.0,0.2414,0.991,0.0002,-0.2666,0.1116,0.2006
2026-09-01T17:22:11Z,2026-09-01 17:21:31,SPXW,2026-09-02,P,7395.0,7633.7402,0.25,257.0,0.3,33.0,0.3,156.0,2624.0,0.2407,-0.009,0.0002,-0.2953,0.1117,-0.0018
2026-09-01T17:22:11Z,2026-09-01 17:21:31,SPXW,2026-09-02,C,7400.0,7633.7402,233.7,6.0,236.2,1.0,236.4,9.0,82.0,0.2368,0.9906,0.0002,-0.2767,0.1159,0.2007
2026-09-01T17:22:11Z,2026-09-01 17:21:31,SPXW,2026-09-02,P,7400.0,7633.7402,0.25,239.0,0.35,486.0,0.25,3406.0,1724.0,0.2387,-0.0094,0.0002,-0.3048,0.116,-0.0019
2026-09-01T17:22:11Z,2026-09-01 17:21:31,SPXW,2026-09-02,C,7405.0,7633.7402,228.6,7.0,231.2,1.0,0.0,0.0,0.0,0.237,0.9902,0.0003,-0.2874,0.1203,0.2007
2026-09-01T17:22:11Z,2026-09-01 17:21:31,SPXW,2026-09-02,P,7405.0,7633.7402,0.25,414.0,0.35,474.0,0.32,231.0,193.0,0.2342,-0.0098,0.0003,-0.3149,0.1204,-0.002
2026-09-01T17:22:11Z,2026-09-01 17:21:31,SPXW,2026-09-02,C,7410.0,7633.7402,223.6,6.0,226.2,1.0,249.23,11.0,0.0,0.216,0.9898,0.0003,-0.2988,0.1251,0.2008
2026-09-01T17:22:11Z,2026-09-01 17:21:31,SPXW,2026-09-02,P,7410.0,7633.7402,0.3,92.0,0.35,383.0,0.35,521.0,238.0,0.2319,-0.0103,0.0003,-0.3257,0.1252,-0.0021
2026-09-01T17:22:11Z,2026-09-01 17:21:31,SPXW,2026-09-02,C,7415.0,7633.7402,218.6,6.0,221.4,1.0,0.0,0.0,0.0,0.2178,0.9893,0.0003,-0.311,0.1301,0.2008
2026-09-01T17:22:11Z,2026-09-01 17:21:31,SPXW,2026-09-02,P,7415.0,7633.7402,0.3,104.0,0.35,158.0,0.22,11.0,637.0,0.2273,-0.0107,0.0003,-0.3373,0.1302,-0.0022
2026-09-01T17:22:11Z,2026-09-01 17:21:31,SPXW,2026-09-02,C,7420.0,7633.7402,213.8,6.0,216.2,1.0,260.36,0.0,3.0,0.2184,0.9888,0.0003,-0.3241,0.1355,0.2008
2026-09-01T17:22:11Z,2026-09-01 17:21:31,SPXW,2026-09-02,P,7420.0,7633.7402,0.3,237.0,0.35,33.0,0.3,186.0,480.0,0.2227,-0.0112,0.0003,-0.3498,0.1356,-0.0023
2026-09-01T17:22:11Z,2026-09-01 17:21:31,SPXW,2026-09-02,C,7425.0,7633.7402,208.7,6.0,211.2,1.0,211.79,12.0,31.0,0.2184,0.9882,0.0003,-0.3381,0.1412,0.2009
2026-09-01T17:22:11Z,2026-09-01 17:21:31,SPXW,2026-09-02,P,7425.0,7633.7402,0.3,235.0,0.4,469.0,0.3,2099.0,441.0,0.2202,-0.0118,0.0003,-0.3633,0.1414,-0.0024
2026-09-01T17:22:11Z,2026-09-01 17:21:31,SPXW,2026-09-02,C,7430.0,7633.7402,203.8,6.0,206.3,1.0,221.8,4.0,13.0,0.2092,0.9876,0.0004,-0.3533,0.1475,0.2009
2026-09-01T17:22:11Z,2026-09-01 17:21:31,SPXW,2026-09-02,P,7430.0,7633.7402,0.3,272.0,0.4,326.0,0.35,244.0,248.0,0.2155,-0.0124,0.0004,-0.3778,0.1476,-0.0025
2026-09-01T17:22:11Z,2026-09-01 17:21:31,SPXW,2026-09-02,C,7435.0,7633.7402,198.8,6.0,201.3,1.0,202.76,2.0,2.0,0.2166,0.987,0.0004,-0.3697,0.1542,0.2009
2026-09-01T17:22:11Z,2026-09-01 17:21:31,SPXW,2026-09-02,P,7435.0,7633.7402,0.35,127.0,0.4,154.0,0.25,10.0,463.0,0.2129,-0.013,0.0004,-0.3935,0.1542,-0.0026
2026-09-01T17:22:11Z,2026-09-01 17:21:31,SPXW,2026-09-02,C,7440.0,7633.7402,193.7,7.0,196.3,1.0,242.34,0.0,82.0,0.2082,0.9863,0.0004,-0.3876,0.1615,0.2009
2026-09-01T17:22:11Z,2026-09-01 17:21:31,SPXW,2026-09-02,P,7440.0,7633.7402,0.35,210.0,0.45,440.0,0.39,108.0,641.0,0.21,-0.0137,0.0004,-0.4108,0.1615,-0.0028
2026-09-01T17:22:11Z,2026-09-01 17:21:31,SPXW,2026-09-02,C,7445.0,7633.7402,188.8,6.0,191.3,1.0,0.0,0.0,0.0,0.2034,0.9855,0.0004,-0.4072,0.1694,0.2009
2026-09-01T17:22:11Z,2026-09-01 17:21:31,SPXW,2026-09-02,P,7445.0,7633.7402,0.35,353.0,0.45,431.0,0.4,220.0,257.0,0.2053,-0.0145,0.0004,-0.4298,0.1694,-0.003
2026-09-01T17:22:11Z,2026-09-01 17:21:31,SPXW,2026-09-02,C,7450.0,7633.7402,183.8,6.0,186.8,1.0,212.36,14.0,734.0,0.2208,0.9846,0.0004,-0.4288,0.178,0.2008
2026-09-01T17:22:11Z,2026-09-01 17:21:31,SPXW,2026-09-02,P,7450.0,7633.7402,0.4,146.0,0.45,70.0,0.41,310.0,2697.0,0.2022,-0.0154,0.0004,-0.4508,0.178,-0.0031
2026-09-01T17:22:11Z,2026-09-01 17:21:31,SPXW,2026-09-02,C,7455.0,7633.7402,178.9,6.0,181.3,1.0,213.4,0.0,3.0,0.1939,0.9837,0.0005,-0.4528,0.1872,0.2008
2026-09-01T17:22:11Z,2026-09-01 17:21:31,SPXW,2026-09-02,P,7455.0,7633.7402,0.4,211.0,0.5,462.0,0.4,3002.0,373.0,0.199,-0.0163,0.0005,-0.4742,0.1872,-0.0033
2026-09-01T17:22:11Z,2026-09-01 17:21:31,SPXW,2026-09-02,C,7460.0,7633.7402,173.8,7.0,176.4,1.0,222.57,0.0,3.0,0.1955,0.9827,0.0005,-0.4795,0.1973,0.2007
2026-09-01T17:22:11Z,2026-09-01 17:21:31,SPXW,2026-09-02,P,7460.0,7633.7402,0.45,113.0,0.5,69.0,0.5,293.0,359.0,0.1956,-0.0173,0.0005,-0.5003,0.1973,-0.0035
2026-09-01T17:22:11Z,2026-09-01 17:21:31,SPXW,2026-09-02,C,7465.0,7633.7402,168.9,6.0,171.4,1.0,188.48,6.0,0.0,0.1843,0.9815,0.0006,-0.5093,0.2084,0.2006
2026-09-01T17:22:11Z,2026-09-01 17:21:31,SPXW,2026-09-02,P,7465.0,7633.7402,0.45,187.0,0.55,378.0,0.55,168.0,370.0,0.1922,-0.0185,0.0006,-0.5296,0.2084,-0.0038
2026-09-01T17:22:11Z,2026-09-01 17:21:31,SPXW,2026-09-02,C,7470.0,7633.7402,164.0,6.0,166.3,1.0,244.51,0.0,48.0,0.1827,0.9802,0.0006,-0.5429,0.2207,0.2004
2026-09-01T17:22:11Z,2026-09-01 17:21:31,SPXW,2026-09-02,P,7470.0,7633.7402,0.5,208.0,0.55,1.0,0.5,876.0,1406.0,0.1886,-0.0198,0.0006,-0.5625,0.2207,-0.004
2026-09-01T17:22:11Z,2026-09-01 17:21:31,SPXW,2026-09-02,C,7475.0,7633.7402,158.9,6.0,161.4,1.0,232.55,0.0,11.0,0.1807,0.9787,0.0006,-0.5809,0.2344,0.2003
2026-09-01T17:22:11Z,2026-09-01 17:21:31,SPXW,2026-09-02,P,7475.0,7633.7402,0.55,106.0,0.6,123.0,0.54,3539.0,2296.0,0.1861,-0.0213,0.0006,-0.5999,0.2344,-0.0043
2026-09-01T17:22:11Z,2026-09-01 17:21:31,SPXW,2026-09-02,C,7480.0,7633.7402,154.1,6.0,156.9,1.0,161.42,1.0,24.0,0.1876,0.9771,0.0007,-0.624,0.2495,0.2001
2026-09-01T17:22:11Z,2026-09-01 17:21:31,SPXW,2026-09-02,P,7480.0,7633.7402,0.6,31.0,0.65,141.0,0.57,231.0,1025.0,0.1834,-0.0229,0.0007,-0.6424,0.2495,-0.0047
2026-09-01T17:22:11Z,2026-09-01 17:21:31,SPXW,2026-09-02,C,7485.0,7633.7402,149.0,6.0,151.7,1.0,168.65,2.0,0.0,0.1758,0.9752,0.0008,-0.6731,0.2662,0.1998
2026-09-01T17:22:11Z,2026-09-01 17:21:31,SPXW,2026-09-02,P,7485.0,7633.7402,0.65,18.0,0.7,101.0,0.65,228.0,927.0,0.1805,-0.0248,0.0008,-0.691,0.2662,-0.0051
2026-09-01T17:22:11Z,2026-09-01 17:21:31,SPXW,2026-09-02,C,7490.0,7633.7402,144.2,6.0,147.1,1.0,151.02,1.0,20.0,0.1772,0.9731,0.0008,-0.7295,0.2845,0.1995
2026-09-01T17:22:11Z,2026-09-01 17:21:31,SPXW,2026-09-02,P,7490.0,7633.7402,0.7,60.0,0.75,88.0,0.7,453.0,1160.0,0.1774,-0.0269,0.0008,-0.7467,0.2845,-0.0055
2026-09-01T17:22:11Z,2026-09-01 17:21:31,SPXW,2026-09-02,C,7495.0,7633.7402,139.2,6.0,141.7,1.0,181.88,0.0,1.0,0.1699,0.9707,0.0009,-0.7941,0.305,0.1992
2026-09-01T17:22:11Z,2026-09-01 17:21:31,SPXW,2026-09-02,P,7495.0,7633.7402,0.75,150.0,0.85,387.0,0.77,154.0,309.0,0.175,-0.0293,0.0009,-0.8108,0.305,-0.006
2026-09-01T17:22:11Z,2026-09-01 17:21:31,SPXW,2026-09-02,C,7500.0,7633.7402,134.1,6.0,136.7,1.0,149.05,18.0,405.0,0.1703,0.968,0.001,-0.8684,0.3279,0.1988
2026-09-01T17:22:11Z,2026-09-01 17:21:31,SPXW,2026-09-02,P,7500.0,7633.7402,0.8,348.0,0.9,114.0,0.85,4659.0,1929.0,0.1723,-0.032,0.001,-0.8844,0.3279,-0.0066
2026-09-01T17:22:11Z,2026-09-01 17:21:31,SPXW,2026-09-02,C,7505.0,7633.7402,129.3,6.0,131.8,1.0,131.91,1.0,5.0,0.1667,0.9648,0.0011,-0.954,0.3534,0.1982
2026-09-01T17:22:11Z,2026-09-01 17:21:31,SPXW,2026-09-02,P,7505.0,7633.7402,0.9,156.0,1.0,225.0,0.95,243.0,267.0,0.1694,-0.0352,0.0011,-0.9694,0.3534,-0.0072
2026-09-01T17:22:11Z,2026-09-01 17:21:31,SPXW,2026-09-02,C,7510.0,7633.7402,124.4,6.0,126.9,1.0,168.87,0.0,7.0,0.1644,0.9613,0.0012,-1.0529,0.3813,0.1976
2026-09-01T17:22:11Z,2026-09-01 17:21:31,SPXW,2026-09-02,P,7510.0,7633.7402,1.0,222.0,1.1,147.0,1.05,484.0,368.0,0.1669,-0.0387,0.0012,-1.0678,0.3813,-0.008
2026-09-01T17:22:11Z,2026-09-01 17:21:31,SPXW,2026-09-02,C,7515.0,7633.7402,119.6,6.0,122.5,1.0,138.18,965.0,980.0,0.1755,0.9572,0.0013,-1.1672,0.4122,0.1969
2026-09-01T17:22:11Z,2026-09-01 17:21:31,SPXW,2026-09-02,P,7515.0,7633.7402,1.15,20.0,1.2,111.0,1.2,2438.0,383.0,0.1648,-0.0428,0.0013,-1.1815,0.4122,-0.0088
2026-09-01T17:22:11Z,2026-09-01 17:21:31,SPXW,2026-09-02,C,7520.0,7633.7402,114.8,6.0,117.2,1.0,218.38,0.0,85.0,0.1626,0.9526,0.0014,-1.2992,0.4466,0.1961
2026-09-01T17:22:11Z,2026-09-01 17:21:31,SPXW,2026-09-02,P,7520.0,7633.7402,1.25,223.0,1.35,152.0,1.3,934.0,422.0,0.1629,-0.0474,0.0014,-1.3129,0.4466,-0.0098
2026-09-01T17:22:11Z,2026-09-01 17:21:31,SPXW,2026-09-02,C,7525.0,7633.7402,109.9,6.0,112.3,1.0,112.81,7.0,25.0,0.158,0.9473,0.0016,-1.4517,0.4845,0.1952
2026-09-01T17:22:11Z,2026-09-01 17:21:31,SPXW,2026-09-02,P,7525.0,7633.7402,1.4,230.0,1.5,107.0,1.45,739.0,532.0,0.1605,-0.0527,0.0016,-1.4647,0.4845,-0.0108
2026-09-01T17:22:11Z,2026-09-01 17:21:31,SPXW,2026-09-02,C,7530.0,7633.7402,105.1,6.0,107.5,1.0,111.44,3.0,12.0,0.1576,0.9414,0.0017,-1.628,0.5255,0.194
2026-09-01T17:22:11Z,2026-09-01 17:21:31,SPXW,2026-09-02,P,7530.0,7633.7402,1.6,89.0,1.7,231.0,1.55,684.0,502.0,0.1583,-0.0586,0.0017,-1.6404,0.5255,-0.0121
2026-09-01T17:22:11Z,2026-09-01 17:21:31,SPXW,2026-09-02,C,7535.0,7633.7402,100.3,6.0,103.3,1.0,119.4,2.0,8.0,0.1574,0.9346,0.0019,-1.8313,0.5704,0.1928
2026-09-01T17:22:11Z,2026-09-01 17:21:31,SPXW,2026-09-02,P,7535.0,7633.7402,1.8,119.0,1.9,150.0,1.7,881.0,379.0,0.1562,-0.0654,0.0019,-1.8432,0.5704,-0.0135
2026-09-01T17:22:11Z,2026-09-01 17:21:31,SPXW,2026-09-02,C,7540.0,7633.7402,96.2,4.0,97.8,4.0,115.56,3.0,1.0,0.1546,0.9269,0.0021,-2.0654,0.6196,0.1913
2026-09-01T17:22:11Z,2026-09-01 17:21:31,SPXW,2026-09-02,P,7540.0,7633.7402,2.0,129.0,2.1,75.0,2.15,1735.0,455.0,0.1544,-0.0731,0.0021,-2.0767,0.6196,-0.0151
2026-09-01T17:22:11Z,2026-09-01 17:21:31,SPXW,2026-09-02,C,7545.0,7633.7402,91.5,4.0,93.0,4.0,107.93,50.0,0.0,0.1531,0.9182,0.0023,-2.3351,0.6721,0.1896
2026-09-01T17:22:11Z,2026-09-01 17:21:31,SPXW,2026-09-02,P,7545.0,7633.7402,2.3,115.0,2.4,126.0,2.25,721.0,477.0,0.1521,-0.0818,0.0023,-2.3458,0.6721,-0.0169
2026-09-01T17:22:11Z,2026-09-01 17:21:31,SPXW,2026-09-02,C,7550.0,7633.7402,86.1,5.0,88.5,1.0,87.45,69.0,69.0,0.151,0.9084,0.0026,-2.6448,0.7283,0.1877
2026-09-01T17:22:11Z,2026-09-01 17:21:31,SPXW,2026-09-02,P,7550.0,7633.7402,2.6,116.0,2.7,88.0,2.67,2570.0,4024.0,0.1505,-0.0916,0.0026,-2.6549,0.7283,-0.019
2026-09-01T17:22:11Z,2026-09-01 17:21:31,SPXW,2026-09-02,C,7555.0,7633.7402,82.1,4.0,83.7,4.0,103.3,1.0,11.0,0.1504,0.8974,0.0028,-2.9994,0.789,0.1856
2026-09-01T17:22:11Z,2026-09-01 17:21:31,SPXW,2026-09-02,P,7555.0,7633.7402,2.95,115.0,3.1,110.0,2.98,773.0,266.0,0.1489,-0.1026,0.0028,-3.0089,0.789,-0.0213
2026-09-01T17:22:11Z,2026-09-01 17:21:31,SPXW,2026-09-02,C,7560.0,7633.7402,77.5,4.0,79.1,4.0,97.79,47.0,8.0,0.1484,0.8852,0.0031,-3.4054,0.8522,0.1831
2026-09-01T17:22:11Z,2026-09-01 17:21:31,SPXW,2026-09-02,P,7560.0,7633.7402,3.3,108.0,3.5,115.0,3.3,1602.0,1713.0,0.147,-0.1148,0.0031,-3.4143,0.8522,-0.0238
2026-09-01T17:22:11Z,2026-09-01 17:21:31,SPXW,2026-09-02,C,7565.0,7633.7402,72.3,7.0,74.7,1.0,73.44,70.0,12.0,0.1458,0.8715,0.0034,-3.8681,0.9188,0.1804
2026-09-01T17:22:11Z,2026-09-01 17:21:31,SPXW,2026-09-02,P,7565.0,7633.7402,3.8,86.0,3.9,84.0,3.8,907.0,274.0,0.1451,-0.1285,0.0034,-3.8764,0.9188,-0.0267
2026-09-01T17:22:11Z,2026-09-01 17:21:31,SPXW,2026-09-02,C,7570.0,7633.7402,68.5,4.0,70.0,4.0,69.22,162.0,14.0,0.1438,0.8563,0.0037,-4.3941,0.9886,0.1773
2026-09-01T17:22:11Z,2026-09-01 17:21:31,SPXW,2026-09-02,P,7570.0,7633.7402,4.3,96.0,4.5,86.0,4.31,1633.0,422.0,0.1432,-0.1437,0.0037,-4.4018,0.9886,-0.0299
2026-09-01T17:22:11Z,2026-09-01 17:21:31,SPXW,2026-09-02,C,7575.0,7633.7402,64.1,4.0,65.6,4.0,65.87,57.0,123.0,0.1421,0.8395,0.004,-4.9904,1.0594,0.174
2026-09-01T17:22:11Z,2026-09-01 17:21:31,SPXW,2026-09-02,P,7575.0,7633.7402,4.9,74.0,5.0,11.0,4.87,1502.0,1228.0,0.1415,-0.1605,0.004,-4.9975,1.0594,-0.0334
2026-09-01T17:22:11Z,2026-09-01 17:21:31,SPXW,2026-09-02,C,7580.0,7633.7402,57.8,1.0,61.4,1.0,59.89,275.0,12.0,0.1402,0.821,0.0044,-5.662,1.1325,0.1702
2026-09-01T17:22:11Z,2026-09-01 17:21:31,SPXW,2026-09-02,P,7580.0,7633.7402,5.5,90.0,5.7,78.0,5.4,1965.0,660.0,0.1401,-0.179,0.0044,-5.6685,1.1325,-0.0373
2026-09-01T17:22:11Z,2026-09-01 17:21:31,SPXW,2026-09-02,C,7585.0,7633.7402,55.6,4.0,57.0,4.0,55.64,689.0,21.0,0.1388,0.8008,0.0048,-6.4149,1.2056,0.1661
2026-09-01T17:22:11Z,2026-09-01 17:21:31,SPXW,2026-09-02,P,7585.0,7633.7402,6.3,25.0,6.5,89.0,6.08,904.0,360.0,0.1379,-0.1992,0.0048,-6.4208,1.2056,-0.0416
2026-09-01T17:22:11Z,2026-09-01 17:21:31,SPXW,2026-09-02,C,7590.0,7633.7402,51.4,4.0,52.8,4.0,52.09,791.0,25.0,0.1371,0.7787,0.0051,-7.2499,1.2779,0.1616
2026-09-01T17:22:11Z,2026-09-01 17:21:31,SPXW,2026-09-02,P,7590.0,7633.7402,7.1,73.0,7.3,69.0,7.1,1441.0,355.0,0.1367,-0.2213,0.0051,-7.2552,1.2779,-0.0462
2026-09-01T17:22:11Z,2026-09-01 17:21:31,SPXW,2026-09-02,C,7595.0,7633.7402,45.8,10.0,48.9,7.0,49.6,155.0,15.0,0.1358,0.7547,0.0055,-8.1635,1.3494,0.1567
2026-09-01T17:22:11Z,2026-09-01 17:21:31,SPXW,2026-09-02,P,7595.0,7633.7402,8.1,37.0,8.2,10.0,8.3,1511.0,1158.0,0.1346,-0.2453,0.0055,-8.1682,1.3494,-0.0513
2026-09-01T17:22:11Z,2026-09-01 17:21:31,SPXW,2026-09-02,C,7600.0,7633.7402,43.9,7.0,44.2,13.0,44.9,1408.0,1055.0,0.1347,0.7288,0.0058,-9.145,1.4168,0.1514
2026-09-01T17:22:11Z,2026-09-01 17:21:31,SPXW,2026-09-02,P,7600.0,7633.7402,9.1,70.0,9.3,66.0,9.2,4598.0,1473.0,0.1332,-0.2712,0.0058,-9.1491,1.4168,-0.0567
2026-09-01T17:22:11Z,2026-09-01 17:21:31,SPXW,2026-09-02,C,7605.0,7633.7402,40.0,14.0,40.4,14.0,40.0,228.0,13.0,0.133,0.701,0.0062,-10.1678,1.4812,0.1456
2026-09-01T17:22:11Z,2026-09-01 17:21:31,SPXW,2026-09-02,P,7605.0,7633.7402,10.3,52.0,10.5,67.0,10.5,1144.0,338.0,0.1316,-0.299,0.0062,-10.1713,1.4812,-0.0626
2026-09-01T17:22:11Z,2026-09-01 17:21:31,SPXW,2026-09-02,C,7610.0,7633.7402,36.5,3.0,36.7,13.0,38.41,228.0,25.0,0.1311,0.6712,0.0065,-11.1947,1.5388,0.1395
2026-09-01T17:22:11Z,2026-09-01 17:21:31,SPXW,2026-09-02,P,7610.0,7633.7402,11.6,60.0,11.8,22.0,11.9,1531.0,652.0,0.1298,-0.3288,0.0065,-11.1976,1.5388,-0.0688
2026-09-01T17:22:11Z,2026-09-01 17:21:31,SPXW,2026-09-02,C,7615.0,7633.7402,33.0,4.0,33.1,14.0,32.9,1048.0,31.0,0.1296,0.6395,0.0068,-12.166,1.5898,0.1329
2026-09-01T17:22:11Z,2026-09-01 17:21:31,SPXW,2026-09-02,P,7615.0,7633.7402,13.1,29.0,13.3,50.0,12.8,1922.0,688.0,0.1283,-0.3605,0.0068,-12.1684,1.5898,-0.0756
2026-09-01T17:22:11Z,2026-09-01 17:21:31,SPXW,2026-09-02,C,7620.0,7633.7402,29.6,5.0,29.8,15.0,29.34,1174.0,39.0,0.128,0.6061,0.0071,-13.0087,1.6314,0.126
2026-09-01T17:22:11Z,2026-09-01 17:21:31,SPXW,2026-09-02,P,7620.0,7633.7402,14.7,50.0,14.9,22.0,14.3,2538.0,672.0,0.1271,-0.3939,0.0071,-13.0104,1.6314,-0.0826
2026-09-01T17:22:11Z,2026-09-01 17:21:31,SPXW,2026-09-02,C,7625.0,7633.7402,26.4,6.0,26.6,44.0,26.6,348.0,55.0,0.1264,0.571,0.0073,-13.6412,1.6627,0.1187
2026-09-01T17:22:11Z,2026-09-01 17:21:31,SPXW,2026-09-02,P,7625.0,7633.7402,16.5,42.0,16.7,2.0,16.4,1953.0,609.0,0.1252,-0.429,0.0073,-13.6423,1.6627,-0.09
2026-09-01T17:22:11Z,2026-09-01 17:21:31,SPXW,2026-09-02,C,7630.0,7633.7402,23.4,6.0,23.5,4.0,23.7,1572.0,56.0,0.1249,0.5345,0.0075,-13.9787,1.6819,0.1111
2026-09-01T17:22:11Z,2026-09-01 17:21:31,SPXW,2026-09-02,P,7630.0,7633.7402,18.5,44.0,18.7,9.0,18.8,2411.0,634.0,0.124,-0.4655,0.0075,-13.9792,1.6819,-0.0978
2026-09-01T17:22:11Z,2026-09-01 17:21:31,SPXW,2026-09-02,C,7635.0,7633.7402,20.6,7.0,20.7,13.0,20.4,1879.0,39.0,0.1235,0.4968,0.0076,-13.9647,1.6878,0.1033
2026-09-01T17:22:11Z,2026-09-01 17:21:31,SPXW,2026-09-02,P,7635.0,7633.7402,20.7,34.0,20.9,14.0,21.1,3850.0,327.0,0.1223,-0.5032,0.0076,-13.9647,1.6878,-0.1058
2026-09-01T17:22:11Z,2026-09-01 17:21:31,SPXW,2026-09-02,C,7640.0,7633.7402,18.0,7.0,18.1,6.0,17.79,2183.0,61.0,0.1222,0.4583,0.0077,-13.5651,1.6793,0.0953
2026-09-01T17:22:11Z,2026-09-01 17:21:31,SPXW,2026-09-02,P,7640.0,7633.7402,23.1,9.0,23.3,18.0,23.5,3798.0,420.0,0.121,-0.5417,0.0077,-13.5644,1.6793,-0.1139
2026-09-01T17:22:11Z,2026-09-01 17:21:31,SPXW,2026-09-02,C,7645.0,7633.7402,15.6,7.0,15.7,12.0,15.5,2948.0,47.0,0.1206,0.4193,0.0076,-12.8053,1.6555,0.0871
2026-09-01T17:22:11Z,2026-09-01 17:21:31,SPXW,2026-09-02,P,7645.0,7633.7402,25.7,19.0,25.9,13.0,26.05,2112.0,294.0,0.1196,-0.5806,0.0076,-12.804,1.6555,-0.1222
2026-09-01T17:22:11Z,2026-09-01 17:21:31,SPXW,2026-09-02,C,7650.0,7633.7402,13.3,40.0,13.5,12.0,13.33,5072.0,105.0,0.1196,0.3804,0.0075,-11.743,1.6167,0.0791
2026-09-01T17:22:11Z,2026-09-01 17:21:31,SPXW,2026-09-02,P,7650.0,7633.7402,28.5,5.0,28.7,19.0,28.5,4899.0,888.0,0.1183,-0.6196,0.0075,-11.7412,1.6167,-0.1304
2026-09-01T17:22:11Z,2026-09-01 17:21:31,SPXW,2026-09-02,C,7655.0,7633.7402,11.4,8.0,11.5,13.0,11.67,2599.0,99.0,0.1186,0.342,0.0073,-10.4821,1.5623,0.071
2026-09-01T17:22:11Z,2026-09-01 17:21:31,SPXW,2026-09-02,P,7655.0,7633.7402,31.5,7.0,31.7,11.0,31.2,2031.0,238.0,0.117,-0.658,0.0073,-10.4796,1.5623,-0.1386
2026-09-01T17:22:11Z,2026-09-01 17:21:31,SPXW,2026-09-02,C,7660.0,7633.7402,9.6,37.0,9.7,5.0,9.6,4572.0,100.0,0.1173,0.3047,0.0071,-9.1282,1.495,0.0632
2026-09-01T17:22:11Z,2026-09-01 17:21:31,SPXW,2026-09-02,P,7660.0,7633.7402,34.6,2.0,34.9,2.0,34.0,2644.0,405.0,0.1163,-0.6953,0.0071,-9.1252,1.495,-0.1464
2026-09-01T17:22:11Z,2026-09-01 17:21:31,SPXW,2026-09-02,C,7665.0,7633.7402,8.0,52.0,8.1,5.0,8.16,1915.0,94.0,0.116,0.2688,0.0067,-7.7856,1.4141,0.0557
2026-09-01T17:22:11Z,2026-09-01 17:21:31,SPXW,2026-09-02,P,7665.0,7633.7402,37.6,4.0,38.8,4.0,37.05,908.0,696.0,0.116,-0.7312,0.0067,-7.782,1.4141,-0.1541
2026-09-01T17:22:11Z,2026-09-01 17:21:31,SPXW,2026-09-02,C,7670.0,7633.7402,6.6,65.0,6.8,46.0,6.6,2050.0,487.0,0.1153,0.2349,0.0063,-6.5264,1.3241,0.0487
2026-09-01T17:22:11Z,2026-09-01 17:21:31,SPXW,2026-09-02,P,7670.0,7633.7402,40.9,7.0,42.9,15.0,39.43,603.0,529.0,0.1149,-0.7651,0.0063,-6.5222,1.3241,-0.1613
2026-09-01T17:22:11Z,2026-09-01 17:21:31,SPXW,2026-09-02,C,7675.0,7633.7402,5.4,93.0,5.6,74.0,5.55,1859.0,460.0,0.1147,0.2033,0.0058,-5.3971,1.2255,0.0421
2026-09-01T17:22:11Z,2026-09-01 17:21:31,SPXW,2026-09-02,P,7675.0,7633.7402,44.9,4.0,46.3,4.0,40.13,659.0,846.0,0.1139,-0.7967,0.0058,-5.3923,1.2255,-0.168
2026-09-01T17:22:11Z,2026-09-01 17:21:31,SPXW,2026-09-02,C,7680.0,7633.7402,4.4,90.0,4.6,99.0,4.61,2509.0,661.0,0.1137,0.1743,0.0053,-4.4143,1.1222,0.036
2026-09-01T17:22:11Z,2026-09-01 17:21:31,SPXW,2026-09-02,P,7680.0,7633.7402,49.3,1.0,50.3,4.0,50.0,420.0,346.0,0.1137,-0.8257,0.0053,-4.4089,1.1222,-0.1742
2026-09-01T17:22:11Z,2026-09-01 17:21:31,SPXW,2026-09-02,C,7685.0,7633.7402,3.6,100.0,3.7,52.0,3.7,1823.0,202.0,0.1131,0.148,0.0048,-3.5782,1.0168,0.0306
2026-09-01T17:22:11Z,2026-09-01 17:21:31,SPXW,2026-09-02,P,7685.0,7633.7402,52.8,1.0,54.9,14.0,51.7,84.0,317.0,0.1121,-0.852,0.0048,-3.5722,1.0168,-0.1798
2026-09-01T17:22:11Z,2026-09-01 17:21:31,SPXW,2026-09-02,C,7690.0,7633.7402,2.9,86.0,2.95,24.0,2.95,2749.0,538.0,0.1128,0.1246,0.0043,-2.8788,0.9111,0.0257
2026-09-01T17:22:11Z,2026-09-01 17:21:31,SPXW,2026-09-02,P,7690.0,7633.7402,57.3,10.0,58.8,4.0,57.61,1295.0,1149.0,0.1122,-0.8754,0.0043,-2.8722,0.9111,-0.1848
2026-09-01T17:22:11Z,2026-09-01 17:21:31,SPXW,2026-09-02,C,7695.0,7633.7402,2.3,101.0,2.35,13.0,2.34,1765.0,193.0,0.1126,0.104,0.0038,-2.3009,0.8091,0.0214
2026-09-01T17:22:11Z,2026-09-01 17:21:31,SPXW,2026-09-02,P,7695.0,7633.7402,61.7,6.0,63.2,4.0,60.76,124.0,271.0,0.113,-0.896,0.0038,-2.2937,0.8091,-0.1892
2026-09-01T17:22:11Z,2026-09-01 17:21:31,SPXW,2026-09-02,C,7700.0,7633.7402,1.8,167.0,1.9,107.0,1.85,6316.0,1651.0,0.1124,0.0862,0.0033,-1.8297,0.7112,0.0177
2026-09-01T17:22:11Z,2026-09-01 17:21:31,SPXW,2026-09-02,P,7700.0,7633.7402,66.0,1.0,68.2,11.0,67.12,534.0,1273.0,0.111,-0.9138,0.0033,-1.8219,0.7112,-0.193
2026-09-01T17:22:11Z,2026-09-01 17:21:31,SPXW,2026-09-02,C,7705.0,7633.7402,1.45,27.0,1.5,76.0,1.5,1908.0,676.0,0.1122,0.0709,0.0028,-1.4493,0.6207,0.0146
2026-09-01T17:22:11Z,2026-09-01 17:21:31,SPXW,2026-09-02,P,7705.0,7633.7402,70.7,4.0,72.3,4.0,69.18,142.0,308.0,0.1114,-0.9291,0.0028,-1.4409,0.6207,-0.1964
2026-09-01T17:22:11Z,2026-09-01 17:21:31,SPXW,2026-09-02,C,7710.0,7633.7402,1.1,238.0,1.2,174.0,1.16,1626.0,895.0,0.1124,0.0581,0.0024,-1.1457,0.5375,0.0119
2026-09-01T17:22:11Z,2026-09-01 17:21:31,SPXW,2026-09-02,P,7710.0,7633.7402,75.4,4.0,77.0,4.0,73.47,107.0,399.0,0.1115,-0.9419,0.0024,-1.1367,0.5375,-0.1991
2026-09-01T17:22:11Z,2026-09-01 17:21:31,SPXW,2026-09-02,C,7715.0,7633.7402,0.85,289.0,0.95,216.0,0.9,2840.0,1015.0,0.1125,0.0475,0.0021,-0.9059,0.4632,0.0097
2026-09-01T17:22:11Z,2026-09-01 17:21:31,SPXW,2026-09-02,P,7715.0,7633.7402,80.1,1.0,82.5,6.0,77.76,879.0,897.0,0.1102,-0.9525,0.0021,-0.8963,0.4632,-0.2015
2026-09-01T17:22:11Z,2026-09-01 17:21:31,SPXW,2026-09-02,C,7720.0,7633.7402,0.7,8.0,0.75,69.0,0.72,3887.0,629.0,0.1134,0.0388,0.0017,-0.7182,0.3976,0.0079
2026-09-01T17:22:11Z,2026-09-01 17:21:31,SPXW,2026-09-02,P,7720.0,7633.7402,85.0,4.0,86.6,4.0,82.79,113.0,267.0,0.1114,-0.9612,0.0017,-0.708,0.3976,-0.2034
2026-09-01T17:22:11Z,2026-09-01 17:21:31,SPXW,2026-09-02,C,7725.0,7633.7402,0.55,8.0,0.6,157.0,0.57,3486.0,2103.0,0.114,0.0317,0.0015,-0.5725,0.341,0.0065
2026-09-01T17:22:11Z,2026-09-01 17:21:31,SPXW,2026-09-02,P,7725.0,7633.7402,89.8,4.0,91.5,4.0,90.0,231.0,941.0,0.1151,-0.9683,0.0015,-0.5616,0.341,-0.205
2026-09-01T17:22:11Z,2026-09-01 17:21:31,SPXW,2026-09-02,C,7730.0,7633.7402,0.4,285.0,0.5,194.0,0.45,2245.0,607.0,0.1144,0.026,0.0012,-0.46,0.2925,0.0053
2026-09-01T17:22:11Z,2026-09-01 17:21:31,SPXW,2026-09-02,P,7730.0,7633.7402,94.6,1.0,97.0,6.0,93.1,282.0,176.0,0.1105,-0.974,0.0012,-0.4486,0.2925,-0.2063
2026-09-01T17:22:11Z,2026-09-01 17:21:31,SPXW,2026-09-02,C,7735.0,7633.7402,0.35,38.0,0.4,205.0,0.35,1077.0,422.0,0.1161,0.0215,0.001,-0.3737,0.2518,0.0044
2026-09-01T17:22:11Z,2026-09-01 17:21:31,SPXW,2026-09-02,P,7735.0,7633.7402,99.5,1.0,101.8,6.0,97.88,72.0,114.0,0.1198,-0.9785,0.001,-0.3617,0.2518,-0.2074
2026-09-01T17:22:11Z,2026-09-01 17:21:31,SPXW,2026-09-02,C,7740.0,7633.7402,0.25,368.0,0.35,319.0,0.3,2008.0,1132.0,0.117,0.0179,0.0009,-0.3075,0.2178,0.0036
2026-09-01T17:22:11Z,2026-09-01 17:21:31,SPXW,2026-09-02,P,7740.0,7633.7402,104.1,6.0,107.0,6.0,102.83,37.0,205.0,0.0,-0.9821,0.0009,-0.2949,0.2178,-0.2082
2026-09-01T17:22:11Z,2026-09-01 17:21:31,SPXW,2026-09-02,C,7745.0,7633.7402,0.2,363.0,0.3,326.0,0.25,847.0,300.0,0.1186,0.0151,0.0008,-0.2568,0.1896,0.0031
2026-09-01T17:22:11Z,2026-09-01 17:21:31,SPXW,2026-09-02,P,7745.0,7633.7402,109.5,1.0,111.8,6.0,96.47,13.0,101.0,0.1224,-0.9849,0.0008,-0.2436,0.1896,-0.209
2026-09-01T17:22:11Z,2026-09-01 17:21:31,SPXW,2026-09-02,C,7750.0,7633.7402,0.2,35.0,0.25,242.0,0.2,1471.0,2091.0,0.1196,0.0129,0.0006,-0.218,0.1664,0.0026
2026-09-01T17:22:11Z,2026-09-01 17:21:31,SPXW,2026-09-02,P,7750.0,7633.7402,114.4,1.0,117.0,6.0,115.1,235.0,665.0,0.1298,-0.9871,0.0006,-0.2042,0.1664,-0.2096
2026-09-01T17:22:11Z,2026-09-01 17:21:31,SPXW,2026-09-02,C,7755.0,7633.7402,0.15,355.0,0.2,121.0,0.17,521.0,520.0,0.1219,0.0111,0.0006,-0.188,0.1473,0.0022
2026-09-01T17:22:11Z,2026-09-01 17:21:31,SPXW,2026-09-02,P,7755.0,7633.7402,119.3,1.0,121.8,6.0,119.1,43.0,111.0,0.125,-0.9889,0.0006,-0.1736,0.1473,-0.21
2026-09-01T17:22:11Z,2026-09-01 17:21:31,SPXW,2026-09-02,C,7760.0,7633.7402,0.1,503.0,0.2,404.0,0.15,564.0,615.0,0.1239,0.0097,0.0005,-0.1647,0.1316,0.002
2026-09-01T17:22:11Z,2026-09-01 17:21:31,SPXW,2026-09-02,P,7760.0,7633.7402,124.4,1.0,126.7,6.0,122.94,18.0,94.0,0.1332,-0.9903,0.0005,-0.1497,0.1316,-0.2105
2026-09-01T17:22:11Z,2026-09-01 17:21:31,SPXW,2026-09-02,C,7765.0,7633.7402,0.1,574.0,0.2,528.0,0.15,336.0,393.0,0.1282,0.0086,0.0004,-0.1464,0.1186,0.0017
2026-09-01T17:22:11Z,2026-09-01 17:21:31,SPXW,2026-09-02,P,7765.0,7633.7402,129.3,1.0,131.7,6.0,129.11,17.0,158.0,0.1296,-0.9914,0.0004,-0.1309,0.1186,-0.2108
2026-09-01T17:22:11Z,2026-09-01 17:21:31,SPXW,2026-09-02,C,7770.0,7633.7402,0.1,315.0,0.15,172.0,0.1,1614.0,612.0,0.1296,0.0077,0.0004,-0.132,0.1078,0.0016
2026-09-01T17:22:11Z,2026-09-01 17:21:31,SPXW,2026-09-02,P,7770.0,7633.7402,134.2,1.0,136.7,6.0,124.49,30.0,60.0,0.1385,-0.9923,0.0004,-0.1158,0.1078,-0.2112
2026-09-01T17:22:11Z,2026-09-01 17:21:31,SPXW,2026-09-02,C,7775.0,7633.7402,0.1,149.0,0.15,344.0,0.1,218.0,834.0,0.1338,0.007,0.0003,-0.1205,0.0988,0.0014
2026-09-01T17:22:11Z,2026-09-01 17:21:31,SPXW,2026-09-02,P,7775.0,7633.7402,139.3,1.0,141.6,6.0,138.04,9.0,76.0,0.1383,-0.993,0.0003,-0.1037,0.0988,-0.2114
2026-09-01T17:22:11Z,2026-09-01 17:21:31,SPXW,2026-09-02,C,7780.0,7633.7402,0.1,36.0,0.15,532.0,0.1,799.0,737.0,0.1381,0.0063,0.0003,-0.1106,0.0908,0.0013
2026-09-01T17:22:11Z,2026-09-01 17:21:31,SPXW,2026-09-02,P,7780.0,7633.7402,144.3,1.0,146.6,6.0,120.42,10.0,43.0,0.1427,-0.9936,0.0003,-0.0937,0.0911,-0.2117
2026-09-01T17:22:11Z,2026-09-01 17:21:31,SPXW,2026-09-02,C,7785.0,7633.7402,0.05,750.0,0.15,616.0,0.1,287.0,955.0,0.1388,0.0058,0.0003,-0.103,0.0843,0.0012
2026-09-01T17:22:11Z,2026-09-01 17:21:31,SPXW,2026-09-02,P,7785.0,7633.7402,149.3,1.0,151.6,6.0,148.85,22.0,148.0,0.1518,-0.9942,0.0003,-0.0855,0.0846,-0.212
2026-09-01T17:22:11Z,2026-09-01 17:21:31,SPXW,2026-09-02,C,7790.0,7633.7402,0.05,766.0,0.15,657.0,0.1,645.0,512.0,0.1428,0.0054,0.0002,-0.0968,0.0787,0.0011
2026-09-01T17:22:11Z,2026-09-01 17:21:31,SPXW,2026-09-02,P,7790.0,7633.7402,154.1,1.0,156.8,6.0,133.49,12.0,42.0,0.1562,-0.9946,0.0003,-0.0786,0.079,-0.2122
2026-09-01T17:22:11Z,2026-09-01 17:21:31,SPXW,2026-09-02,C,7795.0,7633.7402,0.1,404.0,0.15,731.0,0.1,229.0,1034.0,0.1505,0.005,0.0002,-0.0915,0.0739,0.001
2026-09-01T17:22:11Z,2026-09-01 17:21:31,SPXW,2026-09-02,P,7795.0,7633.7402,159.3,1.0,161.6,6.0,158.85,1.0,22.0,0.1606,-0.995,0.0002,-0.0726,0.0741,-0.2124
2026-09-01T17:22:11Z,2026-09-01 17:21:31,SPXW,2026-09-02,C,7800.0,7633.7402,0.05,359.0,0.1,98.0,0.05,603.0,1476.0,0.1463,0.0047,0.0002,-0.087,0.0696,0.0009
2026-09-01T17:22:11Z,2026-09-01 17:21:31,SPXW,2026-09-02,P,7800.0,7633.7402,164.2,1.0,166.6,6.0,161.1,14.0,87.0,0.1535,-0.9953,0.0002,-0.0675,0.0698,-0.2126
2026-09-01T17:22:11Z,2026-09-01 17:21:31,SPXW,2026-09-02,C,7805.0,7633.7402,0.05,286.0,0.1,213.0,0.05,65.0,947.0,0.1502,0.0044,0.0002,-0.0832,0.0659,0.0009
2026-09-01T17:22:11Z,2026-09-01 17:21:31,SPXW,2026-09-02,P,7805.0,7633.7402,169.2,1.0,171.6,6.0,135.25,0.0,21.0,0.1577,-0.9956,0.0002,-0.0631,0.0661,-0.2128
2026-09-01T17:22:11Z,2026-09-01 17:21:31,SPXW,2026-09-02,C,7810.0,7633.7402,0.05,320.0,0.1,321.0,0.1,58.0,1037.0,0.1541,0.0042,0.0002,-0.0798,0.0625,0.0008
2026-09-01T17:22:11Z,2026-09-01 17:21:31,SPXW,2026-09-02,P,7810.0,7633.7402,174.2,1.0,176.6,6.0,159.38,2.0,77.0,0.1618,-0.9958,0.0002,-0.0591,0.0627,-0.213
2026-09-01T17:22:11Z,2026-09-01 17:21:31,SPXW,2026-09-02,C,7815.0,7633.7402,0.05,293.0,0.1,465.0,0.08,49.0,2278.0,0.158,0.004,0.0002,-0.0769,0.0595,0.0008
2026-09-01T17:22:11Z,2026-09-01 17:21:31,SPXW,2026-09-02,P,7815.0,7633.7402,179.2,1.0,181.6,6.0,178.28,2.0,10.0,0.1659,-0.996,0.0002,-0.0556,0.0597,-0.2131
2026-09-01T17:22:11Z,2026-09-01 17:21:31,SPXW,2026-09-02,C,7820.0,7633.7402,0.05,289.0,0.1,777.0,0.06,101.0,2351.0,0.1619,0.0038,0.0002,-0.0743,0.0568,0.0008
2026-09-01T17:22:11Z,2026-09-01 17:21:31,SPXW,2026-09-02,P,7820.0,7633.7402,183.6,1.0,186.6,6.0,183.22,13.0,29.0,0.1701,-0.9962,0.0002,-0.0524,0.057,-0.2133
2026-09-01T17:22:11Z,2026-09-01 17:21:31,SPXW,2026-09-02,C,7825.0,7633.7402,0.05,175.0,0.1,599.0,0.05,31.0,1042.0,0.1658,0.0036,0.0001,-0.0721,0.0544,0.0007
2026-09-01T17:22:11Z,2026-09-01 17:21:31,SPXW,2026-09-02,P,7825.0,7633.7402,189.2,1.0,191.6,6.0,189.54,12.0,51.0,0.1648,-0.9964,0.0001,-0.0495,0.0545,-0.2135
2026-09-01T17:22:11Z,2026-09-01 17:21:31,SPXW,2026-09-02,C,7830.0,7633.7402,0.05,165.0,0.1,631.0,0.07,8.0,741.0,0.1696,0.0034,0.0001,-0.07,0.0522,0.0007
2026-09-01T17:22:11Z,2026-09-01 17:21:31,SPXW,2026-09-02,P,7830.0,7633.7402,194.2,1.0,196.6,6.0,171.59,1.0,18.0,0.1688,-0.9965,0.0001,-0.0469,0.0523,-0.2137
2026-09-01T17:22:11Z,2026-09-01 17:21:31,SPXW,2026-09-02,C,7835.0,7633.7402,0.05,154.0,0.1,668.0,0.04,4.0,1087.0,0.1666,0.0033,0.0001,-0.0684,0.0503,0.0007
2026-09-01T17:22:11Z,2026-09-01 17:21:31,SPXW,2026-09-02,P,7835.0,7633.7402,198.7,1.0,201.6,6.0,179.4,10.0,11.0,0.0,-0.9967,0.0001,-0.0445,0.0503,-0.2138
2026-09-01T17:22:11Z,2026-09-01 17:21:31,SPXW,2026-09-02,C,7840.0,7633.7402,0.0,0.0,0.1,693.0,0.05,21.0,696.0,0.1704,0.0032,0.0001,-0.0666,0.0483,0.0006
2026-09-01T17:22:11Z,2026-09-01 17:21:31,SPXW,2026-09-02,P,7840.0,7633.7402,198.4,1.0,210.9,1.0,189.23,4.0,5.0,0.0,-0.9968,0.0001,-0.0422,0.0484,-0.214
2026-09-01T17:22:11Z,2026-09-01 17:21:31,SPXW,2026-09-02,C,7845.0,7633.7402,0.0,0.0,0.1,723.0,0.1,10.0,635.0,0.1742,0.0031,0.0001,-0.0651,0.0466,0.0006
2026-09-01T17:22:11Z,2026-09-01 17:21:31,SPXW,2026-09-02,P,7845.0,7633.7402,203.1,1.0,215.9,1.0,191.98,3.0,7.0,0.0,-0.9969,0.0001,-0.0401,0.0466,-0.2142
2026-09-01T17:22:11Z,2026-09-01 17:21:31,SPXW,2026-09-02,C,7850.0,7633.7402,0.0,0.0,0.05,1.0,0.05,28.0,1504.0,0.1673,0.003,0.0001,-0.0638,0.045,0.0006
2026-09-01T17:22:11Z,2026-09-01 17:21:31,SPXW,2026-09-02,P,7850.0,7633.7402,208.3,1.0,220.9,1.0,191.23,9.0,22.0,0.0,-0.997,0.0001,-0.0382,0.045,-0.2143
2026-09-01T17:22:11Z,2026-09-01 17:21:31,SPXW,2026-09-02,C,7855.0,7633.7402,0.0,0.0,0.1,819.0,0.05,19.0,738.0,0.1815,0.0029,0.0001,-0.0626,0.0435,0.0006
2026-09-01T17:22:11Z,2026-09-01 17:21:31,SPXW,2026-09-02,P,7855.0,7633.7402,209.0,1.0,229.5,1.0,0.0,0.0,0.0,0.0,-0.9971,0.0001,-0.0364,0.0436,-0.2145
2026-09-01T17:22:11Z,2026-09-01 17:21:31,SPXW,2026-09-02,C,7860.0,7633.7402,0.0,0.0,0.05,38.0,0.03,215.0,874.0,0.1742,0.0028,0.0001,-0.0614,0.0421,0.0006
2026-09-01T17:22:11Z,2026-09-01 17:21:31,SPXW,2026-09-02,P,7860.0,7633.7402,214.7,1.0,233.9,1.0,115.28,0.0,3.0,0.0,-0.9972,0.0001,-0.0346,0.0422,-0.2146
2026-09-01T17:22:11Z,2026-09-01 17:21:31,SPXW,2026-09-02,C,7865.0,7633.7402,0.0,0.0,0.1,860.0,0.05,2.0,1089.0,0.1888,0.0027,0.0001,-0.0604,0.0408,0.0005
2026-09-01T17:22:11Z,2026-09-01 17:21:31,SPXW,2026-09-02,P,7865.0,7633.7402,219.7,1.0,236.5,1.0,0.0,0.0,0.0,0.0,-0.9973,0.0001,-0.033,0.0409,-0.2148
2026-09-01T17:22:11Z,2026-09-01 17:21:31,SPXW,2026-09-02,C,7870.0,7633.7402,0.0,0.0,0.05,9.0,0.03,12.0,1393.0,0.1812,0.0026,0.0001,-0.0594,0.0396,0.0005
2026-09-01T17:22:11Z,2026-09-01 17:21:31,SPXW,2026-09-02,P,7870.0,7633.7402,224.7,1.0,244.5,1.0,191.15,0.0,1.0,0.0,-0.9974,0.0001,-0.0315,0.0397,-0.2149
2026-09-01T17:22:11Z,2026-09-01 17:21:31,SPXW,2026-09-02,C,7875.0,7633.7402,0.0,0.0,0.1,850.0,0.05,33.0,1680.0,0.1961,0.0025,0.0001,-0.0586,0.0385,0.0005
2026-09-01T17:22:11Z,2026-09-01 17:21:31,SPXW,2026-09-02,P,7875.0,7633.7402,229.5,1.0,245.9,1.0,191.29,0.0,18.0,0.0,-0.9975,0.0001,-0.03,0.0386,-0.2151
2026-09-01T17:22:11Z,2026-09-01 17:21:31,SPXW,2026-09-02,C,7880.0,7633.7402,0.0,0.0,0.05,8.0,0.03,6.0,732.0,0.1881,0.0024,0.0001,-0.0578,0.0374,0.0005
2026-09-01T17:22:11Z,2026-09-01 17:21:31,SPXW,2026-09-02,P,7880.0,7633.7402,234.7,1.0,254.5,1.0,196.45,0.0,4.0,0.0,-0.9975,0.0001,-0.0286,0.0375,-0.2152
2026-09-01T17:22:11Z,2026-09-01 17:21:31,SPXW,2026-09-02,C,7885.0,7633.7402,0.0,0.0,0.1,942.0,0.03,83.0,613.0,0.2034,0.0024,0.0001,-0.057,0.0364,0.0005
2026-09-01T17:22:11Z,2026-09-01 17:21:31,SPXW,2026-09-02,P,7885.0,7633.7402,239.7,1.0,256.7,1.0,0.0,0.0,0.0,0.0,-0.9976,0.0001,-0.0272,0.0365,-0.2154
2026-09-01T17:22:11Z,2026-09-01 17:21:31,SPXW,2026-09-02,C,7890.0,7633.7402,0.0,0.0,0.05,8.0,0.05,201.0,639.0,0.195,0.0023,0.0001,-0.0563,0.0355,0.0005
2026-09-01T17:22:11Z,2026-09-01 17:21:31,SPXW,2026-09-02,P,7890.0,7633.7402,244.7,1.0,264.5,1.0,0.0,0.0,0.0,0.0,-0.9977,0.0001,-0.0259,0.0356,-0.2155
2026-09-01T17:22:11Z,2026-09-01 17:21:31,SPXW,2026-09-02,C,7895.0,7633.7402,0.0,0.0,0.05,5.0,0.03,38.0,410.0,0.1984,0.0023,0.0001,-0.0557,0.0346,0.0004
2026-09-01T17:22:11Z,2026-09-01 17:21:31,SPXW,2026-09-02,P,7895.0,7633.7402,250.0,1.0,269.5,1.0,0.0,0.0,0.0,0.0,-0.9977,0.0001,-0.0247,0.0347,-0.2157
2026-09-01T17:22:11Z,2026-09-01 17:21:31,SPXW,2026-09-02,C,7900.0,7633.7402,0.0,0.0,0.05,48.0,0.03,322.0,1650.0,0.2019,0.0022,0.0001,-0.0551,0.0338,0.0004
2026-09-01T17:22:11Z,2026-09-01 17:21:31,SPXW,2026-09-02,P,7900.0,7633.7402,255.0,1.0,274.5,1.0,190.43,0.0,15.0,0.0,-0.9978,0.0001,-0.0235,0.0339,-0.2158
2026-09-01T17:22:11Z,2026-09-01 17:21:31,SPXW,2026-09-02,C,7905.0,7633.7402,0.0,0.0,0.1,864.0,0.03,12.0,223.0,0.2178,0.0022,0.0001,-0.0545,0.033,0.0004
2026-09-01T17:22:11Z,2026-09-01 17:21:31,SPXW,2026-09-02,P,7905.0,7633.7402,260.0,1.0,279.5,1.0,0.0,0.0,0.0,0.0,-0.9978,0.0001,-0.0223,0.0331,-0.216
2026-09-01T17:22:11Z,2026-09-01 17:21:31,SPXW,2026-09-02,C,7910.0,7633.7402,0.0,0.0,0.05,101.0,0.03,1.0,407.0,0.2087,0.0021,0.0001,-0.054,0.0323,0.0004
2026-09-01T17:22:11Z,2026-09-01 17:21:31,SPXW,2026-09-02,P,7910.0,7633.7402,265.0,1.0,281.1,1.0,0.0,0.0,0.0,0.0,-0.9979,0.0001,-0.0212,0.0323,-0.2161
2026-09-01T17:22:11Z,2026-09-01 17:21:31,SPXW,2026-09-02,C,7915.0,7633.7402,0.0,0.0,0.05,102.0,0.07,0.0,42.0,0.2121,0.0021,0.0001,-0.0535,0.0316,0.0004
2026-09-01T17:22:11Z,2026-09-01 17:21:31,SPXW,2026-09-02,P,7915.0,7633.7402,269.7,1.0,289.5,1.0,0.0,0.0,0.0,0.0,-0.9979,0.0001,-0.0201,0.0316,-0.2163
2026-09-01T17:22:11Z,2026-09-01 17:21:31,SPXW,2026-09-02,C,7920.0,7633.7402,0.0,0.0,0.05,77.0,0.03,30.0,416.0,0.2155,0.002,0.0001,-0.053,0.0309,0.0004
2026-09-01T17:22:11Z,2026-09-01 17:21:31,SPXW,2026-09-02,P,7920.0,7633.7402,274.8,1.0,293.4,1.0,238.32,0.0,1.0,0.0,-0.998,0.0001,-0.019,0.031,-0.2164
2026-09-01T17:22:11Z,2026-09-01 17:21:31,SPXW,2026-09-02,C,7925.0,7633.7402,0.0,0.0,0.05,293.0,0.03,1.0,496.0,0.2189,0.002,0.0001,-0.0526,0.0303,0.0004
2026-09-01T17:22:11Z,2026-09-01 17:21:31,SPXW,2026-09-02,P,7925.0,7633.7402,279.2,1.0,295.9,1.0,286.36,35.0,132.0,0.0,-0.998,0.0001,-0.018,0.0303,-0.2166
2026-09-01T17:22:11Z,2026-09-01 17:21:31,SPXW,2026-09-02,C,7930.0,7633.7402,0.0,0.0,0.05,191.0,0.01,7.0,387.0,0.2223,0.0019,0.0001,-0.0522,0.0297,0.0004
2026-09-01T17:22:11Z,2026-09-01 17:21:31,SPXW,2026-09-02,P,7930.0,7633.7402,285.0,1.0,304.5,1.0,0.0,0.0,0.0,0.0,-0.998,0.0001,-0.017,0.0297,-0.2167
2026-09-01T17:22:11Z,2026-09-01 17:21:31,SPXW,2026-09-02,C,7935.0,7633.7402,0.0,0.0,0.05,198.0,0.2,0.0,20.0,0.2257,0.0019,0.0001,-0.0518,0.0291,0.0004
2026-09-01T17:22:11Z,2026-09-01 17:21:31,SPXW,2026-09-02,P,7935.0,7633.7402,290.2,1.0,308.8,1.0,0.0,0.0,0.0,0.0,-0.9981,0.0001,-0.016,0.0291,-0.2168
2026-09-01T17:22:11Z,2026-09-01 17:21:31,SPXW,2026-09-02,C,7940.0,7633.7402,0.0,0.0,0.05,198.0,0.08,0.0,713.0,0.229,0.0019,0.0001,-0.0514,0.0285,0.0004
2026-09-01T17:22:11Z,2026-09-01 17:21:31,SPXW,2026-09-02,P,7940.0,7633.7402,294.1,1.0,314.2,1.0,301.74,5.0,3.0,0.0,-0.9981,0.0001,-0.015,0.0286,-0.217
2026-09-01T17:22:11Z,2026-09-01 17:21:31,SPXW,2026-09-02,C,7945.0,7633.7402,0.0,0.0,0.05,197.0,0.0,0.0,0.0,0.2324,0.0018,0.0001,-0.0511,0.028,0.0004
2026-09-01T17:22:11Z,2026-09-01 17:21:31,SPXW,2026-09-02,P,7945.0,7633.7402,299.1,1.0,319.2,1.0,0.0,0.0,0.0,0.0,-0.9982,0.0001,-0.0141,0.028,-0.2171
2026-09-01T17:22:11Z,2026-09-01 17:21:31,SPXW,2026-09-02,C,7950.0,7633.7402,0.0,0.0,0.05,320.0,0.03,2.0,589.0,0.2358,0.0018,0.0,-0.0508,0.0275,0.0004
2026-09-01T17:22:11Z,2026-09-01 17:21:31,SPXW,2026-09-02,P,7950.0,7633.7402,304.2,1.0,320.9,1.0,209.56,0.0,2.0,0.0,-0.9982,0.0,-0.0132,0.0275,-0.2173
2026-09-01T17:22:11Z,2026-09-01 17:21:31,SPXW,2026-09-02,C,7955.0,7633.7402,0.0,0.0,0.05,203.0,0.0,0.0,0.0,0.2391,0.0018,0.0,-0.0504,0.027,0.0004
2026-09-01T17:22:11Z,2026-09-01 17:21:31,SPXW,2026-09-02,P,7955.0,7633.7402,309.2,1.0,329.2,1.0,0.0,0.0,0.0,0.0,-0.9982,0.0,-0.0123,0.027,-0.2174
2026-09-01T17:22:11Z,2026-09-01 17:21:31,SPXW,2026-09-02,C,7960.0,7633.7402,0.0,0.0,0.05,206.0,0.06,0.0,226.0,0.2425,0.0017,0.0,-0.0501,0.0265,0.0003
2026-09-01T17:22:11Z,2026-09-01 17:21:31,SPXW,2026-09-02,P,7960.0,7633.7402,315.1,1.0,333.7,1.0,0.0,0.0,0.0,0.0,-0.9983,0.0,-0.0114,0.0265,-0.2176
2026-09-01T17:22:11Z,2026-09-01 17:21:31,SPXW,2026-09-02,C,7970.0,7633.7402,0.0,0.0,0.05,295.0,0.05,0.0,225.0,0.2492,0.0017,0.0,-0.0496,0.0256,0.0003
2026-09-01T17:22:11Z,2026-09-01 17:21:31,SPXW,2026-09-02,P,7970.0,7633.7402,323.9,1.0,344.2,1.0,0.0,0.0,0.0,0.0,-0.9983,0.0,-0.0096,0.0256,-0.2178
2026-09-01T17:22:11Z,2026-09-01 17:21:31,SPXW,2026-09-02,C,7975.0,7633.7402,0.0,0.0,0.05,402.0,0.05,0.0,541.0,0.2525,0.0016,0.0,-0.0493,0.0252,0.0003
2026-09-01T17:22:11Z,2026-09-01 17:21:31,SPXW,2026-09-02,P,7975.0,7633.7402,328.9,1.0,349.2,1.0,0.0,0.0,0.0,0.0,-0.9983,0.0,-0.0088,0.0252,-0.218
2026-09-01T17:22:11Z,2026-09-01 17:21:31,SPXW,2026-09-02,C,7980.0,7633.7402,0.0,0.0,0.05,298.0,0.05,0.0,133.0,0.2558,0.0016,0.0,-0.0491,0.0248,0.0003
2026-09-01T17:22:11Z,2026-09-01 17:21:31,SPXW,2026-09-02,P,7980.0,7633.7402,333.9,1.0,354.2,1.0,0.0,0.0,0.0,0.0,-0.9984,0.0,-0.0079,0.0248,-0.2181
2026-09-01T17:22:11Z,2026-09-01 17:21:31,SPXW,2026-09-02,C,7990.0,7633.7402,0.0,0.0,0.05,272.0,0.05,0.0,26.0,0.2625,0.0016,0.0,-0.0486,0.024,0.0003
2026-09-01T17:22:11Z,2026-09-01 17:21:31,SPXW,2026-09-02,P,7990.0,7633.7402,343.9,1.0,364.2,1.0,0.0,0.0,0.0,0.0,-0.9984,0.0,-0.0062,0.024,-0.2184
2026-09-01T17:22:11Z,2026-09-01 17:21:31,SPXW,2026-09-02,C,8000.0,7633.7402,0.0,0.0,0.05,379.0,0.03,2.0,3081.0,0.2691,0.0015,0.0,-0.0482,0.0232,0.0003
2026-09-01T17:22:11Z,2026-09-01 17:21:31,SPXW,2026-09-02,P,8000.0,7633.7402,355.0,1.0,370.9,1.0,326.37,0.0,1.0,0.0,-0.9985,0.0,-0.0046,0.0233,-0.2187
2026-09-01T17:22:11Z,2026-09-01 17:21:31,SPXW,2026-09-02,C,8010.0,7633.7402,0.0,0.0,0.05,276.0,0.05,0.0,1.0,0.2757,0.0015,0.0,-0.0477,0.0226,0.0003
2026-09-01T17:22:11Z,2026-09-01 17:21:31,SPXW,2026-09-02,P,8010.0,7633.7402,363.9,1.0,384.2,1.0,0.0,0.0,0.0,0.0,-0.9985,0.0,-0.003,0.0226,-0.219
2026-09-01T17:22:11Z,2026-09-01 17:21:31,SPXW,2026-09-02,C,8020.0,7633.7402,0.0,0.0,0.05,323.0,0.0,0.0,0.0,0.2823,0.0014,0.0,-0.0474,0.0219,0.0003
2026-09-01T17:22:11Z,2026-09-01 17:21:31,SPXW,2026-09-02,P,8020.0,7633.7402,375.1,1.0,393.7,1.0,0.0,0.0,0.0,0.0,-0.9986,0.0,-0.0014,0.022,-0.2193
2026-09-01T17:22:11Z,2026-09-01 17:21:31,SPXW,2026-09-02,C,8025.0,7633.7402,0.0,0.0,0.05,312.0,0.05,0.0,223.0,0.2856,0.0014,0.0,-0.0472,0.0216,0.0003
2026-09-01T17:22:11Z,2026-09-01 17:21:31,SPXW,2026-09-02,P,8025.0,7633.7402,380.0,1.0,399.5,1.0,0.0,0.0,0.0,0.0,-0.9986,0.0,-0.0006,0.0217,-0.2194
2026-09-01T17:22:11Z,2026-09-01 17:21:31,SPXW,2026-09-02,C,8030.0,7633.7402,0.0,0.0,0.05,324.0,0.05,0.0,101.0,0.2888,0.0014,0.0,-0.047,0.0213,0.0003
2026-09-01T17:22:11Z,2026-09-01 17:21:31,SPXW,2026-09-02,P,8030.0,7633.7402,385.0,1.0,404.5,1.0,0.0,0.0,0.0,0.0,-0.9986,0.0,0.0,0.0214,-0.2196
2026-09-01T17:22:11Z,2026-09-01 17:21:31,SPXW,2026-09-02,C,8050.0,7633.7402,0.0,0.0,0.05,329.0,0.05,0.0,271.0,0.3019,0.0013,0.0,-0.0463,0.0202,0.0003
2026-09-01T17:22:11Z,2026-09-01 17:21:31,SPXW,2026-09-02,P,8050.0,7633.7402,405.0,1.0,424.5,1.0,0.0,0.0,0.0,0.0,-0.9987,0.0,0.0,0.0203,-0.2201
2026-09-01T17:22:11Z,2026-09-01 17:21:31,SPXW,2026-09-02,C,8075.0,7633.7402,0.0,0.0,0.05,479.0,0.2,0.0,200.0,0.3181,0.0012,0.0,-0.0455,0.019,0.0002
2026-09-01T17:22:11Z,2026-09-01 17:21:31,SPXW,2026-09-02,P,8075.0,7633.7402,428.9,1.0,449.2,1.0,314.85,0.0,1.0,0.0,-0.9987,0.0,0.0,0.0191,-0.2208
2026-09-01T17:22:11Z,2026-09-01 17:21:31,SPXW,2026-09-02,C,8100.0,7633.7402,0.0,0.0,0.05,900.0,0.05,0.0,491.0,0.3342,0.0012,0.0,-0.0448,0.018,0.0002
2026-09-01T17:22:11Z,2026-09-01 17:21:31,SPXW,2026-09-02,P,8100.0,7633.7402,454.8,1.0,474.5,1.0,0.0,0.0,0.0,0.0,-0.9988,0.0,0.0,0.018,-0.2215
2026-09-01T17:22:11Z,2026-09-01 17:21:31,SPXW,2026-09-02,C,8125.0,7633.7402,0.0,0.0,0.05,877.0,0.05,0.0,107.0,0.3503,0.0011,0.0,-0.0442,0.017,0.0002
2026-09-01T17:22:11Z,2026-09-01 17:21:31,SPXW,2026-09-02,P,8125.0,7633.7402,480.0,1.0,498.6,1.0,0.0,0.0,0.0,0.0,-0.9989,0.0,0.0,0.017,-0.2222
2026-09-01T17:22:11Z,2026-09-01 17:21:31,SPXW,2026-09-02,C,8150.0,7633.7402,0.0,0.0,0.05,914.0,0.05,0.0,406.0,0.3662,0.0011,0.0,-0.0436,0.0161,0.0002
2026-09-01T17:22:11Z,2026-09-01 17:21:31,SPXW,2026-09-02,P,8150.0,7633.7402,505.0,1.0,523.6,1.0,0.0,0.0,0.0,0.0,-0.9989,0.0,0.0,0.0162,-0.2229
2026-09-01T17:22:11Z,2026-09-01 17:21:31,SPXW,2026-09-02,C,8175.0,7633.7402,0.0,0.0,0.05,947.0,0.05,0.0,306.0,0.382,0.001,0.0,-0.043,0.0153,0.0002
2026-09-01T17:22:11Z,2026-09-01 17:21:31,SPXW,2026-09-02,P,8175.0,7633.7402,528.9,1.0,549.2,1.0,502.22,0.0,1.0,0.0,-0.999,0.0,0.0,0.0154,-0.2236
2026-09-01T17:22:11Z,2026-09-01 17:21:31,SPXW,2026-09-02,C,8200.0,7633.7402,0.0,0.0,0.05,1385.0,0.05,0.0,73.0,0.3977,0.001,0.0,-0.0424,0.0146,0.0002
2026-09-01T17:22:11Z,2026-09-01 17:21:31,SPXW,2026-09-02,P,8200.0,7633.7402,553.9,1.0,574.2,1.0,0.0,0.0,0.0,0.0,-0.999,0.0,0.0,0.0146,-0.2243
2026-09-01T17:22:11Z,2026-09-01 17:21:31,SPXW,2026-09-02,C,8225.0,7633.7402,0.0,0.0,0.05,1028.0,0.05,0.0,313.0,0.4133,0.0009,0.0,-0.0419,0.014,0.0002
2026-09-01T17:22:11Z,2026-09-01 17:21:31,SPXW,2026-09-02,P,8225.0,7633.7402,580.1,1.0,595.8,1.0,0.0,0.0,0.0,0.0,-0.9991,0.0,0.0,0.014,-0.225
2026-09-01T17:22:11Z,2026-09-01 17:21:31,SPXW,2026-09-02,C,8250.0,7633.7402,0.0,0.0,0.05,1065.0,0.15,0.0,60.0,0.4288,0.0009,0.0,-0.0414,0.0134,0.0002
2026-09-01T17:22:11Z,2026-09-01 17:21:31,SPXW,2026-09-02,P,8250.0,7633.7402,605.0,1.0,623.6,1.0,0.0,0.0,0.0,0.0,-0.9991,0.0,0.0,0.0134,-0.2257
2026-09-01T17:22:11Z,2026-09-01 17:21:31,SPXW,2026-09-02,C,8275.0,7633.7402,0.0,0.0,0.05,1105.0,0.15,0.0,7.0,0.4442,0.0008,0.0,-0.0409,0.0128,0.0002
2026-09-01T17:22:11Z,2026-09-01 17:21:31,SPXW,2026-09-02,P,8275.0,7633.7402,630.0,1.0,648.6,1.0,0.0,0.0,0.0,0.0,-0.9992,0.0,0.0,0.0128,-0.2264
2026-09-01T17:22:11Z,2026-09-01 17:21:31,SPXW,2026-09-02,C,8300.0,7633.7402,0.0,0.0,0.05,1145.0,0.15,0.0,66.0,0.4596,0.0008,0.0,-0.0404,0.0123,0.0002
2026-09-01T17:22:11Z,2026-09-01 17:21:31,SPXW,2026-09-02,P,8300.0,7633.7402,655.0,1.0,673.6,1.0,0.0,0.0,0.0,0.0,-0.9992,0.0,0.0,0.0123,-0.2271
2026-09-01T17:22:11Z,2026-09-01 17:21:31,SPXW,2026-09-02,C,8325.0,7633.7402,0.0,0.0,0.05,1188.0,0.15,0.0,1.0,0.4748,0.0008,0.0,-0.0399,0.0118,0.0001
2026-09-01T17:22:11Z,2026-09-01 17:21:31,SPXW,2026-09-02,P,8325.0,7633.7402,680.0,1.0,696.4,1.0,0.0,0.0,0.0,0.0,-0.9992,0.0,0.0,0.0118,-0.2278
2026-09-01T17:22:11Z,2026-09-01 17:21:31,SPXW,2026-09-03,C,6875.0,7633.7402,750.8,1.0,770.3,1.0,0.0,0.0,0.0,0.589,0.998,0.0,-0.0595,0.0379,0.3756
2026-09-01T17:22:11Z,2026-09-01 17:21:31,SPXW,2026-09-03,P,6875.0,7633.7402,0.1,496.0,0.2,377.0,0.15,4.0,225.0,0.4793,-0.002,0.0,-0.1517,0.0378,-0.0008
2026-09-01T17:22:11Z,2026-09-01 17:21:31,SPXW,2026-09-03,C,6900.0,7633.7402,725.9,1.0,745.1,1.0,752.79,1.0,0.0,0.5671,0.9979,0.0,-0.0709,0.0406,0.3769
2026-09-01T17:22:11Z,2026-09-01 17:21:31,SPXW,2026-09-03,P,6900.0,7633.7402,0.1,491.0,0.2,272.0,0.15,11.0,347.0,0.4641,-0.0021,0.0,-0.1601,0.0405,-0.0009
2026-09-01T17:22:11Z,2026-09-01 17:21:31,SPXW,2026-09-03,C,6925.0,7633.7402,700.9,1.0,720.2,1.0,0.0,0.0,0.0,0.5522,0.9977,0.0,-0.083,0.0435,0.3782
2026-09-01T17:22:11Z,2026-09-01 17:21:31,SPXW,2026-09-03,P,6925.0,7633.7402,0.15,110.0,0.2,253.0,0.25,0.0,74.0,0.4551,-0.0023,0.0,-0.1696,0.0436,-0.0009
2026-09-01T17:22:11Z,2026-09-01 17:21:31,SPXW,2026-09-03,C,6950.0,7633.7402,675.9,1.0,695.3,1.0,0.0,0.0,0.0,0.537,0.9975,0.0,-0.0958,0.0468,0.3795
2026-09-01T17:22:11Z,2026-09-01 17:21:31,SPXW,2026-09-03,P,6950.0,7633.7402,0.15,288.0,0.2,10.0,0.15,12.0,295.0,0.4398,-0.0025,0.0,-0.1794,0.0468,-0.001
2026-09-01T17:22:11Z,2026-09-01 17:21:31,SPXW,2026-09-03,C,6975.0,7633.7402,654.3,1.0,670.1,1.0,0.0,0.0,0.0,0.59,0.9973,0.0,-0.1094,0.0504,0.3808
2026-09-01T17:22:11Z,2026-09-01 17:21:31,SPXW,2026-09-03,P,6975.0,7633.7402,0.15,504.0,0.25,428.0,0.17,0.0,1529.0,0.4299,-0.0027,0.0,-0.1899,0.0504,-0.0011
2026-09-01T17:22:11Z,2026-09-01 17:21:31,SPXW,2026-09-03,C,7000.0,7633.7402,625.9,1.0,645.3,1.0,680.5,0.0,2.0,0.5002,0.9971,0.0,-0.1239,0.0544,0.382
2026-09-01T17:22:11Z,2026-09-01 17:21:31,SPXW,2026-09-03,P,7000.0,7633.7402,0.15,479.0,0.25,284.0,0.2,0.0,823.0,0.4144,-0.0029,0.0,-0.2014,0.0545,-0.0012
2026-09-01T17:22:11Z,2026-09-01 17:21:31,SPXW,2026-09-03,C,7025.0,7633.7402,600.9,1.0,620.3,1.0,0.0,0.0,0.0,0.4818,0.9968,0.0,-0.1394,0.0589,0.3833
2026-09-01T17:22:11Z,2026-09-01 17:21:31,SPXW,2026-09-03,P,7025.0,7633.7402,0.2,99.0,0.25,238.0,0.2,1.0,189.0,0.4037,-0.0032,0.0,-0.2139,0.059,-0.0013
2026-09-01T17:22:11Z,2026-09-01 17:21:31,SPXW,2026-09-03,C,7050.0,7633.7402,575.9,1.0,595.4,1.0,765.55,0.0,0.0,0.4663,0.9965,0.0,-0.1562,0.0639,0.3846
2026-09-01T17:22:11Z,2026-09-01 17:21:31,SPXW,2026-09-03,P,7050.0,7633.7402,0.2,311.0,0.3,412.0,0.28,1.0,187.0,0.3922,-0.0035,0.0,-0.2277,0.064,-0.0014
2026-09-01T17:22:11Z,2026-09-01 17:21:31,SPXW,2026-09-03,C,7075.0,7633.7402,551.1,1.0,571.6,1.0,0.0,0.0,0.0,0.4696,0.9962,0.0,-0.1744,0.0695,0.3858
2026-09-01T17:22:11Z,2026-09-01 17:21:31,SPXW,2026-09-03,P,7075.0,7633.7402,0.2,479.0,0.3,285.0,0.2,302.0,59.0,0.3765,-0.0038,0.0,-0.2429,0.0695,-0.0015
2026-09-01T17:22:11Z,2026-09-01 17:21:31,SPXW,2026-09-03,C,7080.0,7633.7402,549.5,1.0,565.4,1.0,0.0,0.0,0.0,0.5127,0.9961,0.0,-0.1783,0.0706,0.386
2026-09-01T17:22:11Z,2026-09-01 17:21:31,SPXW,2026-09-03,P,7080.0,7633.7402,0.2,441.0,0.3,265.0,0.0,0.0,0.0,0.3733,-0.0039,0.0,-0.2461,0.0707,-0.0016
2026-09-01T17:22:11Z,2026-09-01 17:21:31,SPXW,2026-09-03,C,7090.0,7633.7402,539.5,1.0,555.4,1.0,0.0,0.0,0.0,0.5046,0.996,0.0001,-0.1861,0.0731,0.3865
2026-09-01T17:22:11Z,2026-09-01 17:21:31,SPXW,2026-09-03,P,7090.0,7633.7402,0.25,60.0,0.3,256.0,0.25,198.0,0.0,0.3707,-0.004,0.0001,-0.2527,0.0732,-0.0016
2026-09-01T17:22:11Z,2026-09-01 17:21:31,SPXW,2026-09-03,C,7100.0,7633.7402,529.4,1.0,545.4,1.0,579.29,0.0,8.0,0.495,0.9958,0.0001,-0.1943,0.0757,0.387
2026-09-01T17:22:11Z,2026-09-01 17:21:31,SPXW,2026-09-03,P,7100.0,7633.7402,0.25,221.0,0.3,216.0,0.22,537.0,1133.0,0.3643,-0.0042,0.0001,-0.2597,0.0758,-0.0017
2026-09-01T17:22:11Z,2026-09-01 17:21:31,SPXW,2026-09-03,C,7110.0,7633.7402,516.0,1.0,535.2,1.0,0.0,0.0,0.0,0.4194,0.9956,0.0001,-0.2027,0.0784,0.3875
2026-09-01T17:22:11Z,2026-09-01 17:21:31,SPXW,2026-09-03,P,7110.0,7633.7402,0.25,258.0,0.3,39.0,0.25,2.0,1.0,0.358,-0.0044,0.0001,-0.2669,0.0785,-0.0018
2026-09-01T17:22:11Z,2026-09-01 17:21:31,SPXW,2026-09-03,C,7120.0,7633.7402,506.0,1.0,525.4,1.0,0.0,0.0,0.0,0.4172,0.9955,0.0001,-0.2114,0.0813,0.388
2026-09-01T17:22:11Z,2026-09-01 17:21:31,SPXW,2026-09-03,P,7120.0,7633.7402,0.25,284.0,0.35,433.0,0.2,0.0,6.0,0.3549,-0.0045,0.0001,-0.2744,0.0814,-0.0018
2026-09-01T17:22:11Z,2026-09-01 17:21:31,SPXW,2026-09-03,C,7125.0,7633.7402,501.0,1.0,520.4,1.0,554.37,0.0,8.0,0.4135,0.9954,0.0001,-0.216,0.0828,0.3882
2026-09-01T17:22:11Z,2026-09-01 17:21:31,SPXW,2026-09-03,P,7125.0,7633.7402,0.25,399.0,0.35,425.0,0.27,1.0,121.0,0.3517,-0.0046,0.0001,-0.2783,0.0829,-0.0019
2026-09-01T17:22:11Z,2026-09-01 17:21:31,SPXW,2026-09-03,C,7130.0,7633.7402,496.0,1.0,515.4,1.0,0.0,0.0,0.0,0.4098,0.9953,0.0001,-0.2205,0.0843,0.3884
2026-09-01T17:22:11Z,2026-09-01 17:21:31,SPXW,2026-09-03,P,7130.0,7633.7402,0.25,436.0,0.35,309.0,0.25,0.0,9.0,0.3485,-0.0047,0.0001,-0.2823,0.0844,-0.0019
2026-09-01T17:22:11Z,2026-09-01 17:21:31,SPXW,2026-09-03,C,7140.0,7633.7402,486.0,1.0,505.4,1.0,0.0,0.0,0.0,0.4024,0.9951,0.0001,-0.23,0.0875,0.3889
2026-09-01T17:22:11Z,2026-09-01 17:21:31,SPXW,2026-09-03,P,7140.0,7633.7402,0.25,466.0,0.35,263.0,0.32,3.0,4.0,0.3421,-0.0049,0.0001,-0.2906,0.0876,-0.002
2026-09-01T17:22:11Z,2026-09-01 17:21:31,SPXW,2026-09-03,C,7150.0,7633.7402,476.0,1.0,495.4,1.0,562.39,0.0,3.0,0.395,0.9949,0.0001,-0.2398,0.0909,0.3894
2026-09-01T17:22:11Z,2026-09-01 17:21:31,SPXW,2026-09-03,P,7150.0,7633.7402,0.3,52.0,0.35,253.0,0.35,0.0,514.0,0.3386,-0.0051,0.0001,-0.2992,0.091,-0.0021
2026-09-01T17:22:11Z,2026-09-01 17:21:31,SPXW,2026-09-03,C,7160.0,7633.7402,469.6,1.0,485.3,1.0,0.0,0.0,0.0,0.4473,0.9947,0.0001,-0.2501,0.0945,0.3898
2026-09-01T17:22:11Z,2026-09-01 17:21:31,SPXW,2026-09-03,P,7160.0,7633.7402,0.3,211.0,0.35,199.0,0.4,0.0,56.0,0.3322,-0.0053,0.0001,-0.3083,0.0946,-0.0022
2026-09-01T17:22:11Z,2026-09-01 17:21:31,SPXW,2026-09-03,C,7170.0,7633.7402,456.2,1.0,476.3,1.0,0.0,0.0,0.0,0.4027,0.9944,0.0001,-0.2609,0.0983,0.3903
2026-09-01T17:22:11Z,2026-09-01 17:21:31,SPXW,2026-09-03,P,7170.0,7633.7402,0.3,252.0,0.35,22.0,0.3,0.0,36.0,0.3257,-0.0056,0.0001,-0.3178,0.0984,-0.0023
2026-09-01T17:22:11Z,2026-09-01 17:21:31,SPXW,2026-09-03,C,7175.0,7633.7402,451.0,1.0,470.3,1.0,515.92,0.0,17.0,0.3741,0.9943,0.0001,-0.2664,0.1003,0.3905
2026-09-01T17:22:11Z,2026-09-01 17:21:31,SPXW,2026-09-03,P,7175.0,7633.7402,0.3,280.0,0.4,428.0,0.3,0.0,231.0,0.3252,-0.0057,0.0001,-0.3228,0.1004,-0.0023
2026-09-01T17:22:11Z,2026-09-01 17:21:31,SPXW,2026-09-03,C,7180.0,7633.7402,446.1,1.0,465.6,1.0,0.0,0.0,0.0,0.3794,0.9942,0.0001,-0.2721,0.1023,0.3907
2026-09-01T17:22:11Z,2026-09-01 17:21:31,SPXW,2026-09-03,P,7180.0,7633.7402,0.3,297.0,0.4,409.0,0.3,13.0,149.0,0.3219,-0.0058,0.0001,-0.3278,0.1024,-0.0024
2026-09-01T17:22:11Z,2026-09-01 17:21:31,SPXW,2026-09-03,C,7190.0,7633.7402,439.6,1.0,455.5,1.0,0.0,0.0,0.0,0.4252,0.9939,0.0001,-0.2839,0.1065,0.3912
2026-09-01T17:22:11Z,2026-09-01 17:21:31,SPXW,2026-09-03,P,7190.0,7633.7402,0.3,423.0,0.4,261.0,0.3,5.0,120.0,0.3154,-0.0061,0.0001,-0.3384,0.1066,-0.0025
2026-09-01T17:22:11Z,2026-09-01 17:21:31,SPXW,2026-09-03,C,7200.0,7633.7402,426.5,1.0,446.9,1.0,478.82,0.0,22.0,0.3829,0.9936,0.0001,-0.2962,0.111,0.3916
2026-09-01T17:22:11Z,2026-09-01 17:21:31,SPXW,2026-09-03,P,7200.0,7633.7402,0.3,455.0,0.4,248.0,0.3,32.0,1393.0,0.3089,-0.0064,0.0001,-0.3496,0.1111,-0.0026
2026-09-01T17:22:11Z,2026-09-01 17:21:31,SPXW,2026-09-03,C,7210.0,7633.7402,416.2,1.0,436.7,1.0,0.0,0.0,0.0,0.3718,0.9933,0.0001,-0.3093,0.1156,0.392
2026-09-01T17:22:11Z,2026-09-01 17:21:31,SPXW,2026-09-03,P,7210.0,7633.7402,0.35,208.0,0.4,39.0,0.35,42.0,297.0,0.3048,-0.0067,0.0001,-0.3614,0.1158,-0.0027
2026-09-01T17:22:11Z,2026-09-01 17:21:31,SPXW,2026-09-03,C,7220.0,7633.7402,406.2,1.0,426.7,1.0,0.0,0.0,0.0,0.364,0.993,0.0001,-0.3229,0.1207,0.3924
2026-09-01T17:22:11Z,2026-09-01 17:21:31,SPXW,2026-09-03,P,7220.0,7633.7402,0.35,268.0,0.45,456.0,0.3,0.0,163.0,0.3004,-0.007,0.0001,-0.3738,0.1208,-0.0028
2026-09-01T17:22:11Z,2026-09-01 17:21:31,SPXW,2026-09-03,C,7225.0,7633.7402,401.1,2.0,421.7,1.0,279.5,0.0,6.0,0.3585,0.9928,0.0001,-0.33,0.1233,0.3926
2026-09-01T17:22:11Z,2026-09-01 17:21:31,SPXW,2026-09-03,P,7225.0,7633.7402,0.35,282.0,0.45,423.0,0.4,9.0,142.0,0.2971,-0.0072,0.0001,-0.3804,0.1234,-0.0029
2026-09-01T17:22:11Z,2026-09-01 17:21:31,SPXW,2026-09-03,C,7230.0,7633.7402,399.7,1.0,415.5,1.0,0.0,0.0,0.0,0.3932,0.9926,0.0001,-0.3374,0.126,0.3928
2026-09-01T17:22:11Z,2026-09-01 17:21:31,SPXW,2026-09-03,P,7230.0,7633.7402,0.35,318.0,0.45,282.0,0.32,1.0,16.0,0.2938,-0.0073,0.0001,-0.3871,0.1262,-0.003
2026-09-01T17:22:11Z,2026-09-01 17:21:31,SPXW,2026-09-03,C,7235.0,7633.7402,391.2,1.0,411.7,1.0,0.0,0.0,0.0,0.3524,0.9925,0.0001,-0.3449,0.1289,0.393
2026-09-01T17:22:11Z,2026-09-01 17:21:31,SPXW,2026-09-03,P,7235.0,7633.7402,0.35,410.0,0.45,260.0,0.3,43.0,0.0,0.2905,-0.0075,0.0001,-0.394,0.129,-0.0031
2026-09-01T17:22:11Z,2026-09-01 17:21:31,SPXW,2026-09-03,C,7240.0,7633.7402,386.1,1.0,405.5,1.0,0.0,0.0,0.0,0.3322,0.9923,0.0001,-0.3526,0.1318,0.3932
2026-09-01T17:22:11Z,2026-09-01 17:21:31,SPXW,2026-09-03,P,7240.0,7633.7402,0.35,423.0,0.45,271.0,0.5,0.0,52.0,0.2872,-0.0077,0.0001,-0.4011,0.132,-0.0031
2026-09-01T17:22:11Z,2026-09-01 17:21:31,SPXW,2026-09-03,C,7245.0,7633.7402,380.0,1.0,400.5,1.0,0.0,0.0,0.0,0.3021,0.9921,0.0001,-0.3606,0.1348,0.3934
2026-09-01T17:22:11Z,2026-09-01 17:21:31,SPXW,2026-09-03,P,7245.0,7633.7402,0.4,25.0,0.45,247.0,0.0,0.0,0.0,0.286,-0.0079,0.0001,-0.4084,0.135,-0.0032
2026-09-01T17:22:11Z,2026-09-01 17:21:31,SPXW,2026-09-03,C,7250.0,7633.7402,376.1,1.0,395.5,1.0,428.45,0.0,18.0,0.3247,0.9919,0.0001,-0.3687,0.138,0.3936
2026-09-01T17:22:11Z,2026-09-01 17:21:31,SPXW,2026-09-03,P,7250.0,7633.7402,0.4,249.0,0.45,69.0,0.3,0.0,223.0,0.2826,-0.0081,0.0001,-0.416,0.1382,-0.0033
2026-09-01T17:22:11Z,2026-09-01 17:21:31,SPXW,2026-09-03,C,7255.0,7633.7402,371.5,1.0,391.4,1.0,0.0,0.0,0.0,0.343,0.9917,0.0001,-0.3772,0.1413,0.3938
2026-09-01T17:22:11Z,2026-09-01 17:21:31,SPXW,2026-09-03,P,7255.0,7633.7402,0.4,215.0,0.5,363.0,0.35,0.0,1.0,0.2812,-0.0083,0.0001,-0.4239,0.1414,-0.0034
2026-09-01T17:22:11Z,2026-09-01 17:21:31,SPXW,2026-09-03,C,7260.0,7633.7402,366.2,1.0,385.7,1.0,0.0,0.0,0.0,0.3228,0.9914,0.0001,-0.3859,0.1447,0.394
2026-09-01T17:22:11Z,2026-09-01 17:21:31,SPXW,2026-09-03,P,7260.0,7633.7402,0.4,203.0,0.5,358.0,0.65,0.0,28.0,0.2779,-0.0086,0.0001,-0.432,0.1448,-0.0035
2026-09-01T17:22:11Z,2026-09-01 17:21:31,SPXW,2026-09-03,C,7265.0,7633.7402,361.2,1.0,380.5,1.0,0.0,0.0,0.0,0.3154,0.9912,0.0001,-0.3949,0.1482,0.3942
2026-09-01T17:22:11Z,2026-09-01 17:21:31,SPXW,2026-09-03,P,7265.0,7633.7402,0.4,224.0,0.5,274.0,0.42,0.0,9.0,0.2746,-0.0088,0.0001,-0.4404,0.1484,-0.0036
2026-09-01T17:22:11Z,2026-09-01 17:21:31,SPXW,2026-09-03,C,7270.0,7633.7402,356.2,1.0,375.4,1.0,0.0,0.0,0.0,0.3097,0.991,0.0001,-0.4042,0.1518,0.3943
2026-09-01T17:22:11Z,2026-09-01 17:21:31,SPXW,2026-09-03,P,7270.0,7633.7402,0.4,340.0,0.5,271.0,0.42,3.0,56.0,0.2712,-0.009,0.0001,-0.4491,0.152,-0.0037
2026-09-01T17:22:11Z,2026-09-01 17:21:31,SPXW,2026-09-03,C,7275.0,7633.7402,351.2,1.0,370.6,1.0,421.2,0.0,30.0,0.3096,0.9907,0.0002,-0.4139,0.1556,0.3945
2026-09-01T17:22:11Z,2026-09-01 17:21:31,SPXW,2026-09-03,P,7275.0,7633.7402,0.45,25.0,0.5,245.0,0.49,0.0,101.0,0.2696,-0.0093,0.0002,-0.4581,0.1558,-0.0038
2026-09-01T17:22:11Z,2026-09-01 17:21:31,SPXW,2026-09-03,C,7280.0,7633.7402,349.8,1.0,365.6,1.0,0.0,0.0,0.0,0.3536,0.9904,0.0002,-0.4238,0.1595,0.3947
2026-09-01T17:22:11Z,2026-09-01 17:21:31,SPXW,2026-09-03,P,7280.0,7633.7402,0.45,199.0,0.5,38.0,0.4,3.0,121.0,0.2662,-0.0095,0.0002,-0.4675,0.1597,-0.0039
2026-09-01T17:22:11Z,2026-09-01 17:21:31,SPXW,2026-09-03,C,7285.0,7633.7402,341.2,1.0,361.8,1.0,0.0,0.0,0.0,0.315,0.9902,0.0002,-0.4342,0.1636,0.3948
2026-09-01T17:22:11Z,2026-09-01 17:21:31,SPXW,2026-09-03,P,7285.0,7633.7402,0.45,179.0,0.55,441.0,0.35,0.0,58.0,0.2646,-0.0098,0.0002,-0.4773,0.1637,-0.004
2026-09-01T17:22:11Z,2026-09-01 17:21:31,SPXW,2026-09-03,C,7290.0,7633.7402,336.2,1.0,355.6,1.0,0.0,0.0,0.0,0.2982,0.9899,0.0002,-0.445,0.1678,0.395
2026-09-01T17:22:11Z,2026-09-01 17:21:31,SPXW,2026-09-03,P,7290.0,7633.7402,0.45,199.0,0.55,407.0,0.4,0.0,246.0,0.2612,-0.0101,0.0002,-0.4874,0.1679,-0.0041
2026-09-01T17:22:11Z,2026-09-01 17:21:31,SPXW,2026-09-03,C,7295.0,7633.7402,334.5,1.0,350.5,1.0,0.0,0.0,0.0,0.3368,0.9896,0.0002,-0.4562,0.1721,0.3951
2026-09-01T17:22:11Z,2026-09-01 17:21:31,SPXW,2026-09-03,P,7295.0,7633.7402,0.45,245.0,0.55,278.0,0.6,0.0,2.0,0.2578,-0.0104,0.0002,-0.498,0.1723,-0.0042
2026-09-01T17:22:11Z,2026-09-01 17:21:31,SPXW,2026-09-03,C,7300.0,7633.7402,326.2,1.0,345.6,1.0,415.23,0.0,4.0,0.2906,0.9893,0.0002,-0.4678,0.1766,0.3953
2026-09-01T17:22:11Z,2026-09-01 17:21:31,SPXW,2026-09-03,P,7300.0,7633.7402,0.5,23.0,0.55,263.0,0.4,176.0,743.0,0.2559,-0.0107,0.0002,-0.509,0.1768,-0.0044
2026-09-01T17:22:11Z,2026-09-01 17:21:31,SPXW,2026-09-03,C,7305.0,7633.7402,321.6,1.0,342.1,2.0,0.0,0.0,0.0,0.3048,0.989,0.0002,-0.48,0.1814,0.3954
2026-09-01T17:22:11Z,2026-09-01 17:21:31,SPXW,2026-09-03,P,7305.0,7633.7402,0.5,189.0,0.55,37.0,0.3,0.0,36.0,0.2525,-0.0111,0.0002,-0.5206,0.1816,-0.0045
2026-09-01T17:22:11Z,2026-09-01 17:21:31,SPXW,2026-09-03,C,7310.0,7633.7402,316.3,1.0,335.5,1.0,495.89,0.0,1.0,0.2829,0.9886,0.0002,-0.4926,0.1863,0.3956
2026-09-01T17:22:11Z,2026-09-01 17:21:31,SPXW,2026-09-03,P,7310.0,7633.7402,0.5,187.0,0.6,403.0,0.42,55.0,327.0,0.2506,-0.0114,0.0002,-0.5326,0.1865,-0.0046
2026-09-01T17:22:11Z,2026-09-01 17:21:31,SPXW,2026-09-03,C,7315.0,7633.7402,311.4,1.0,331.9,1.0,0.0,0.0,0.0,0.3007,0.9882,0.0002,-0.5058,0.1915,0.3957
2026-09-01T17:22:11Z,2026-09-01 17:21:31,SPXW,2026-09-03,P,7315.0,7633.7402,0.5,197.0,0.6,283.0,0.52,3.0,55.0,0.2471,-0.0118,0.0002,-0.5452,0.1917,-0.0048
2026-09-01T17:22:11Z,2026-09-01 17:21:31,SPXW,2026-09-03,C,7320.0,7633.7402,306.3,1.0,325.7,1.0,468.37,0.0,3.0,0.2785,0.9879,0.0002,-0.5197,0.1969,0.3958
2026-09-01T17:22:11Z,2026-09-01 17:21:31,SPXW,2026-09-03,P,7320.0,7633.7402,0.5,360.0,0.6,230.0,0.44,35.0,232.0,0.2451,-0.0121,0.0002,-0.5584,0.1971,-0.005
2026-09-01T17:22:11Z,2026-09-01 17:21:31,SPXW,2026-09-03,C,7325.0,7633.7402,301.4,1.0,321.9,1.0,324.9,0.0,6.0,0.2875,0.9875,0.0002,-0.5341,0.2027,0.3959
2026-09-01T17:22:11Z,2026-09-01 17:21:31,SPXW,2026-09-03,P,7325.0,7633.7402,0.55,179.0,0.65,367.0,0.4,0.0,41.0,0.2431,-0.0125,0.0002,-0.5718,0.2027,-0.0051
2026-09-01T17:22:11Z,2026-09-01 17:21:31,SPXW,2026-09-03,C,7330.0,7633.7402,296.3,1.0,316.9,1.0,0.0,0.0,0.0,0.2822,0.987,0.0002,-0.5493,0.2087,0.396
2026-09-01T17:22:11Z,2026-09-01 17:21:31,SPXW,2026-09-03,P,7330.0,7633.7402,0.55,204.0,0.65,344.0,0.45,22.0,92.0,0.2395,-0.013,0.0002,-0.5869,0.2089,-0.0053
2026-09-01T17:22:11Z,2026-09-01 17:21:31,SPXW,2026-09-03,C,7335.0,7633.7402,291.4,1.0,311.9,1.0,0.0,0.0,0.0,0.2795,0.9866,0.0002,-0.5653,0.215,0.3961
2026-09-01T17:22:11Z,2026-09-01 17:21:31,SPXW,2026-09-03,P,7335.0,7633.7402,0.55,199.0,0.65,252.0,0.6,6.0,7.0,0.236,-0.0134,0.0002,-0.6022,0.2152,-0.0055
2026-09-01T17:22:11Z,2026-09-01 17:21:31,SPXW,2026-09-03,C,7340.0,7633.7402,286.4,1.0,305.6,1.0,336.56,0.0,31.0,0.263,0.9861,0.0003,-0.5821,0.2217,0.3962
2026-09-01T17:22:11Z,2026-09-01 17:21:31,SPXW,2026-09-03,P,7340.0,7633.7402,0.6,178.0,0.65,31.0,0.45,11.0,194.0,0.2352,-0.0139,0.0003,-0.618,0.2217,-0.0057
2026-09-01T17:22:11Z,2026-09-01 17:21:31,SPXW,2026-09-03,C,7345.0,7633.7402,281.4,1.0,300.6,1.0,0.0,0.0,0.0,0.2592,0.9856,0.0003,-0.5999,0.2287,0.3962
2026-09-01T17:22:11Z,2026-09-01 17:21:31,SPXW,2026-09-03,P,7345.0,7633.7402,0.6,206.0,0.7,403.0,0.42,36.0,92.0,0.2316,-0.0144,0.0003,-0.6356,0.2289,-0.0059
2026-09-01T17:22:11Z,2026-09-01 17:21:31,SPXW,2026-09-03,C,7350.0,7633.7402,276.4,1.0,295.7,1.0,315.55,0.0,37.0,0.2568,0.9851,0.0003,-0.6187,0.236,0.3963
2026-09-01T17:22:11Z,2026-09-01 17:21:31,SPXW,2026-09-03,P,7350.0,7633.7402,0.6,195.0,0.7,160.0,0.65,47.0,309.0,0.2292,-0.0149,0.0003,-0.6537,0.2362,-0.0061
2026-09-01T17:22:11Z,2026-09-01 17:21:31,SPXW,2026-09-03,C,7355.0,7633.7402,271.4,1.0,290.8,1.0,0.0,0.0,0.0,0.2543,0.9845,0.0003,-0.6386,0.2437,0.3963
2026-09-01T17:22:11Z,2026-09-01 17:21:31,SPXW,2026-09-03,P,7355.0,7633.7402,0.65,174.0,0.75,424.0,0.6,3.0,113.0,0.2268,-0.0155,0.0003,-0.673,0.2439,-0.0063
2026-09-01T17:22:11Z,2026-09-01 17:21:31,SPXW,2026-09-03,C,7360.0,7633.7402,266.8,1.0,287.3,2.0,277.21,1.0,6.0,0.2654,0.9839,0.0003,-0.6598,0.2518,0.3964
2026-09-01T17:22:11Z,2026-09-01 17:21:31,SPXW,2026-09-03,P,7360.0,7633.7402,0.65,206.0,0.75,253.0,0.6,4.0,226.0,0.2233,-0.0161,0.0003,-0.6935,0.252,-0.0066
2026-09-01T17:22:11Z,2026-09-01 17:21:31,SPXW,2026-09-03,C,7365.0,7633.7402,261.5,2.0,282.0,1.0,0.0,0.0,0.0,0.259,0.9833,0.0003,-0.6823,0.2604,0.3964
2026-09-01T17:22:11Z,2026-09-01 17:21:31,SPXW,2026-09-03,P,7365.0,7633.7402,0.7,182.0,0.8,417.0,0.6,19.0,132.0,0.2218,-0.0167,0.0003,-0.7154,0.2606,-0.0068
2026-09-01T17:22:11Z,2026-09-01 17:21:31,SPXW,2026-09-03,C,7370.0,7633.7402,256.6,1.0,277.0,1.0,344.64,0.0,1.0,0.2594,0.9826,0.0003,-0.7062,0.2694,0.3964
2026-09-01T17:22:11Z,2026-09-01 17:21:31,SPXW,2026-09-03,P,7370.0,7633.7402,0.7,154.0,0.8,239.0,0.65,8.0,124.0,0.2182,-0.0174,0.0003,-0.7387,0.2696,-0.0071
2026-09-01T17:22:11Z,2026-09-01 17:21:31,SPXW,2026-09-03,C,7375.0,7633.7402,251.5,1.0,270.9,1.0,0.0,0.0,0.0,0.2412,0.9818,0.0004,-0.7318,0.279,0.3963
2026-09-01T17:22:11Z,2026-09-01 17:21:31,SPXW,2026-09-03,P,7375.0,7633.7402,0.75,165.0,0.85,428.0,0.7,32.0,307.0,0.2167,-0.0182,0.0004,-0.7636,0.2792,-0.0074
2026-09-01T17:22:11Z,2026-09-01 17:21:31,SPXW,2026-09-03,C,7380.0,7633.7402,246.5,1.0,265.9,1.0,332.14,0.0,5.0,0.2372,0.981,0.0004,-0.7591,0.2892,0.3963
2026-09-01T17:22:11Z,2026-09-01 17:21:31,SPXW,2026-09-03,P,7380.0,7633.7402,0.75,178.0,0.85,66.0,0.65,3.0,153.0,0.214,-0.019,0.0004,-0.7903,0.2894,-0.0078
2026-09-01T17:22:11Z,2026-09-01 17:21:31,SPXW,2026-09-03,C,7385.0,7633.7402,241.7,1.0,262.2,1.0,252.89,1.0,1.0,0.2459,0.9802,0.0004,-0.7883,0.3002,0.3962
2026-09-01T17:22:11Z,2026-09-01 17:21:31,SPXW,2026-09-03,P,7385.0,7633.7402,0.8,186.0,0.9,258.0,0.7,4.0,129.0,0.2113,-0.0198,0.0004,-0.8188,0.3004,-0.0081
2026-09-01T17:22:11Z,2026-09-01 17:21:31,SPXW,2026-09-03,C,7390.0,7633.7402,236.6,1.0,256.0,1.0,0.0,0.0,0.0,0.2317,0.9793,0.0004,-0.8196,0.3118,0.3961
2026-09-01T17:22:11Z,2026-09-01 17:21:31,SPXW,2026-09-03,P,7390.0,7633.7402,0.85,173.0,0.95,399.0,0.7,4.0,408.0,0.2094,-0.0207,0.0004,-0.8494,0.312,-0.0085
2026-09-01T17:22:11Z,2026-09-01 17:21:31,SPXW,2026-09-03,C,7395.0,7633.7402,232.5,2.0,250.9,1.0,0.0,0.0,0.0,0.2366,0.9783,0.0004,-0.8532,0.3243,0.396
2026-09-01T17:22:11Z,2026-09-01 17:21:31,SPXW,2026-09-03,P,7395.0,7633.7402,0.9,19.0,0.95,45.0,0.75,8.0,93.0,0.2066,-0.0217,0.0004,-0.8824,0.3244,-0.0089
2026-09-01T17:22:11Z,2026-09-01 17:21:31,SPXW,2026-09-03,C,7400.0,7633.7402,227.0,1.0,247.3,1.0,286.0,0.0,9.0,0.2375,0.9772,0.0004,-0.8893,0.3375,0.3958
2026-09-01T17:22:11Z,2026-09-01 17:21:31,SPXW,2026-09-03,P,7400.0,7633.7402,0.9,170.0,1.0,106.0,0.95,176.0,321.0,0.2045,-0.0228,0.0004,-0.9178,0.3377,-0.0093
2026-09-01T17:22:11Z,2026-09-01 17:21:31,SPXW,2026-09-03,C,7405.0,7633.7402,222.1,1.0,242.6,2.0,0.0,0.0,0.0,0.2342,0.9761,0.0005,-0.9282,0.3515,0.3956
2026-09-01T17:22:11Z,2026-09-01 17:21:31,SPXW,2026-09-03,P,7405.0,7633.7402,0.95,165.0,1.05,109.0,0.8,8.0,35.0,0.2015,-0.0239,0.0005,-0.9561,0.3517,-0.0098
2026-09-01T17:22:11Z,2026-09-01 17:21:31,SPXW,2026-09-03,C,7410.0,7633.7402,217.1,1.0,237.1,1.0,301.89,0.0,1.0,0.2319,0.9749,0.0005,-0.9702,0.3664,0.3954
2026-09-01T17:22:11Z,2026-09-01 17:21:31,SPXW,2026-09-03,P,7410.0,7633.7402,1.0,154.0,1.1,111.0,0.95,4.0,252.0,0.1993,-0.0251,0.0005,-0.9974,0.3666,-0.0103
2026-09-01T17:22:11Z,2026-09-01 17:21:31,SPXW,2026-09-03,C,7415.0,7633.7402,213.2,1.0,232.4,1.0,0.0,0.0,0.0,0.2394,0.9736,0.0005,-1.0155,0.3822,0.3951
2026-09-01T17:22:11Z,2026-09-01 17:21:31,SPXW,2026-09-03,P,7415.0,7633.7402,1.05,152.0,1.15,109.0,0.9,210.0,329.0,0.1971,-0.0264,0.0005,-1.0422,0.3822,-0.0109
2026-09-01T17:22:11Z,2026-09-01 17:21:31,SPXW,2026-09-03,C,7420.0,7633.7402,210.0,1.0,223.7,1.0,218.69,1.0,1.0,0.2168,0.9721,0.0006,-1.0644,0.3991,0.3948
2026-09-01T17:22:11Z,2026-09-01 17:21:31,SPXW,2026-09-03,P,7420.0,7633.7402,1.1,161.0,1.2,60.0,1.15,35.0,115.0,0.1952,-0.0279,0.0006,-1.0903,0.3993,-0.0115
2026-09-01T17:22:11Z,2026-09-01 17:21:31,SPXW,2026-09-03,C,7425.0,7633.7402,204.9,1.0,218.4,1.0,232.37,9.0,25.0,0.2107,0.9705,0.0006,-1.1173,0.4173,0.3944
2026-09-01T17:22:11Z,2026-09-01 17:21:31,SPXW,2026-09-03,P,7425.0,7633.7402,1.2,75.0,1.25,25.0,1.0,128.0,3203.0,0.1933,-0.0295,0.0006,-1.1431,0.4177,-0.0121
2026-09-01T17:22:11Z,2026-09-01 17:21:31,SPXW,2026-09-03,C,7430.0,7633.7402,201.0,2.0,213.2,1.0,219.41,4.0,7.0,0.2148,0.9688,0.0006,-1.1745,0.4369,0.394
2026-09-01T17:22:11Z,2026-09-01 17:21:31,SPXW,2026-09-03,P,7430.0,7633.7402,1.25,154.0,1.35,189.0,1.0,121.0,151.0,0.1907,-0.0312,0.0006,-1.1996,0.4372,-0.0128
2026-09-01T17:22:11Z,2026-09-01 17:21:31,SPXW,2026-09-03,C,7435.0,7633.7402,194.6,1.0,208.0,1.0,297.75,0.0,4.0,0.1952,0.967,0.0007,-1.2363,0.4579,0.3935
2026-09-01T17:22:11Z,2026-09-01 17:21:31,SPXW,2026-09-03,P,7435.0,7633.7402,1.35,10.0,1.4,18.0,1.3,18.0,85.0,0.1886,-0.033,0.0007,-1.2608,0.4583,-0.0136
2026-09-01T17:22:11Z,2026-09-01 17:21:31,SPXW,2026-09-03,C,7440.0,7633.7402,189.7,2.0,203.9,1.0,237.93,0.0,54.0,0.2009,0.965,0.0007,-1.3032,0.4802,0.3929
2026-09-01T17:22:11Z,2026-09-01 17:21:31,SPXW,2026-09-03,P,7440.0,7633.7402,1.4,122.0,1.5,41.0,1.25,27.0,122.0,0.1865,-0.035,0.0007,-1.3269,0.4802,-0.0144
2026-09-01T17:22:11Z,2026-09-01 17:21:31,SPXW,2026-09-03,C,7445.0,7633.7402,185.7,1.0,198.7,2.0,274.63,0.0,9.0,0.2035,0.9628,0.0008,-1.3757,0.504,0.3923
2026-09-01T17:22:11Z,2026-09-01 17:21:31,SPXW,2026-09-03,P,7445.0,7633.7402,1.5,90.0,1.6,43.0,1.2,45.0,88.0,0.1846,-0.0372,0.0008,-1.399,0.5044,-0.0153
2026-09-01T17:22:11Z,2026-09-01 17:21:31,SPXW,2026-09-03,C,7450.0,7633.7402,180.6,2.0,193.3,1.0,207.54,14.0,51.0,0.195,0.9605,0.0008,-1.4543,0.5291,0.3916
2026-09-01T17:22:11Z,2026-09-01 17:21:31,SPXW,2026-09-03,P,7450.0,7633.7402,1.6,161.0,1.7,115.0,1.65,60.0,1929.0,0.1828,-0.0395,0.0008,-1.4767,0.5291,-0.0163
2026-09-01T17:22:11Z,2026-09-01 17:21:31,SPXW,2026-09-03,C,7455.0,7633.7402,174.7,1.0,188.6,1.0,0.0,0.0,0.0,0.1855,0.9579,0.0008,-1.5393,0.556,0.3908
2026-09-01T17:22:11Z,2026-09-01 17:21:31,SPXW,2026-09-03,P,7455.0,7633.7402,1.7,182.0,1.8,122.0,1.35,25.0,226.0,0.1809,-0.0422,0.0008,-1.5614,0.5565,-0.0174
2026-09-01T17:22:11Z,2026-09-01 17:21:31,SPXW,2026-09-03,C,7460.0,7633.7402,170.8,1.0,183.5,1.0,293.42,0.0,12.0,0.1896,0.9551,0.0009,-1.6312,0.585,0.3899
2026-09-01T17:22:11Z,2026-09-01 17:21:31,SPXW,2026-09-03,P,7460.0,7633.7402,1.85,20.0,1.9,72.0,1.75,61.0,1405.0,0.1788,-0.0449,0.0009,-1.6524,0.585,-0.0185
2026-09-01T17:22:11Z,2026-09-01 17:21:31,SPXW,2026-09-03,C,7465.0,7633.7402,166.1,1.0,178.6,1.0,0.0,0.0,0.0,0.1882,0.952,0.001,-1.7304,0.616,0.3889
2026-09-01T17:22:11Z,2026-09-01 17:21:31,SPXW,2026-09-03,P,7465.0,7633.7402,1.95,223.0,2.05,77.0,1.8,40.0,189.0,0.1773,-0.048,0.001,-1.7511,0.616,-0.0198
2026-09-01T17:22:11Z,2026-09-01 17:21:31,SPXW,2026-09-03,C,7470.0,7633.7402,160.6,3.0,174.8,1.0,244.59,0.0,3.0,0.1867,0.9487,0.001,-1.8377,0.6491,0.3878
2026-09-01T17:22:11Z,2026-09-01 17:21:31,SPXW,2026-09-03,P,7470.0,7633.7402,2.1,96.0,2.2,93.0,2.0,273.0,290.0,0.1752,-0.0513,0.001,-1.8577,0.6491,-0.0212
2026-09-01T17:22:11Z,2026-09-01 17:21:31,SPXW,2026-09-03,C,7475.0,7633.7402,156.3,1.0,168.9,1.0,258.46,0.0,6.0,0.1828,0.9451,0.0011,-1.9535,0.6839,0.3865
2026-09-01T17:22:11Z,2026-09-01 17:21:31,SPXW,2026-09-03,P,7475.0,7633.7402,2.25,192.0,2.35,75.0,2.25,91.0,1812.0,0.1737,-0.0549,0.0011,-1.973,0.6839,-0.0227
2026-09-01T17:22:11Z,2026-09-01 17:21:31,SPXW,2026-09-03,C,7480.0,7633.7402,150.9,1.0,163.9,1.0,234.86,0.0,3.0,0.1756,0.9411,0.0012,-2.0785,0.7207,0.3852
2026-09-01T17:22:11Z,2026-09-01 17:21:31,SPXW,2026-09-03,P,7480.0,7633.7402,2.45,31.0,2.5,74.0,2.12,93.0,347.0,0.1719,-0.0588,0.0012,-2.0973,0.7207,-0.0243
2026-09-01T17:22:11Z,2026-09-01 17:21:31,SPXW,2026-09-03,C,7485.0,7633.7402,146.6,1.0,160.3,3.0,0.0,0.0,0.0,0.1814,0.9368,0.0012,-2.213,0.7598,0.3837
2026-09-01T17:22:11Z,2026-09-01 17:21:31,SPXW,2026-09-03,P,7485.0,7633.7402,2.6,179.0,2.7,84.0,2.4,148.0,134.0,0.1703,-0.0631,0.0012,-2.2313,0.7598,-0.0261
2026-09-01T17:22:11Z,2026-09-01 17:21:31,SPXW,2026-09-03,C,7490.0,7633.7402,141.5,1.0,155.2,2.0,193.27,0.0,9.0,0.1784,0.9322,0.0013,-2.3575,0.8017,0.382
2026-09-01T17:22:11Z,2026-09-01 17:21:31,SPXW,2026-09-03,P,7490.0,7633.7402,2.85,3.0,2.9,69.0,2.85,596.0,6254.0,0.1685,-0.0678,0.0013,-2.3752,0.8017,-0.028
2026-09-01T17:22:11Z,2026-09-01 17:21:31,SPXW,2026-09-03,C,7495.0,7633.7402,137.0,1.0,150.7,1.0,0.0,0.0,0.0,0.1776,0.9271,0.0014,-2.5125,0.8461,0.3802
2026-09-01T17:22:11Z,2026-09-01 17:21:31,SPXW,2026-09-03,P,7495.0,7633.7402,3.0,72.0,3.2,174.0,2.85,117.0,107.0,0.1671,-0.0729,0.0014,-2.5295,0.8461,-0.0302
2026-09-01T17:22:11Z,2026-09-01 17:21:31,SPXW,2026-09-03,C,7500.0,7633.7402,132.0,2.0,145.7,2.0,140.44,5.0,90.0,0.1744,0.9216,0.0015,-2.6785,0.8925,0.3781
2026-09-01T17:22:11Z,2026-09-01 17:21:31,SPXW,2026-09-03,P,7500.0,7633.7402,3.3,57.0,3.4,68.0,3.29,459.0,6643.0,0.1649,-0.0784,0.0015,-2.6949,0.8925,-0.0325
2026-09-01T17:22:11Z,2026-09-01 17:21:31,SPXW,2026-09-03,C,7505.0,7633.7402,127.3,1.0,141.0,1.0,173.49,0.0,1.0,0.1721,0.9156,0.0016,-2.856,0.9408,0.3759
2026-09-01T17:22:11Z,2026-09-01 17:21:31,SPXW,2026-09-03,P,7505.0,7633.7402,3.5,172.0,3.7,99.0,3.6,68.0,350.0,0.1636,-0.0843,0.0016,-2.8718,0.9408,-0.035
2026-09-01T17:22:11Z,2026-09-01 17:21:31,SPXW,2026-09-03,C,7510.0,7633.7402,122.7,1.0,136.3,1.0,172.45,0.0,13.0,0.1706,0.9092,0.0017,-3.045,0.9919,0.3735
2026-09-01T17:22:11Z,2026-09-01 17:21:31,SPXW,2026-09-03,P,7510.0,7633.7402,3.8,115.0,4.0,80.0,3.33,286.0,371.0,0.162,-0.0908,0.0017,-3.0602,0.9919,-0.0377
2026-09-01T17:22:11Z,2026-09-01 17:21:31,SPXW,2026-09-03,C,7515.0,7633.7402,119.7,1.0,131.4,1.0,165.32,0.0,2.0,0.1755,0.9022,0.0018,-3.2457,1.0461,0.3708
2026-09-01T17:22:11Z,2026-09-01 17:21:31,SPXW,2026-09-03,P,7515.0,7633.7402,4.2,14.0,4.3,93.0,3.7,130.0,230.0,0.1607,-0.0978,0.0018,-3.2603,1.0461,-0.0406
2026-09-01T17:22:11Z,2026-09-01 17:21:31,SPXW,2026-09-03,C,7520.0,7633.7402,113.2,2.0,126.5,1.0,122.8,1.0,8.0,0.1641,0.8946,0.002,-3.4582,1.1024,0.3679
2026-09-01T17:22:11Z,2026-09-01 17:21:31,SPXW,2026-09-03,P,7520.0,7633.7402,4.5,101.0,4.7,67.0,4.22,189.0,1209.0,0.1591,-0.1054,0.002,-3.4722,1.1024,-0.0438
2026-09-01T17:22:11Z,2026-09-01 17:21:31,SPXW,2026-09-03,C,7525.0,7633.7402,108.6,3.0,122.3,2.0,156.96,0.0,40.0,0.1641,0.8864,0.0021,-3.6825,1.1602,0.3647
2026-09-01T17:22:11Z,2026-09-01 17:21:31,SPXW,2026-09-03,P,7525.0,7633.7402,4.9,99.0,5.1,65.0,4.89,215.0,1122.0,0.1576,-0.1136,0.0021,-3.6959,1.1602,-0.0473
2026-09-01T17:22:11Z,2026-09-01 17:21:31,SPXW,2026-09-03,C,7530.0,7633.7402,105.8,2.0,114.3,1.0,114.86,1.0,1.0,0.1554,0.8776,0.0022,-3.9184,1.2202,0.3613
2026-09-01T17:22:11Z,2026-09-01 17:21:31,SPXW,2026-09-03,P,7530.0,7633.7402,5.3,89.0,5.5,69.0,5.5,141.0,260.0,0.1559,-0.1224,0.0022,-3.9311,1.2202,-0.0509
2026-09-01T17:22:11Z,2026-09-01 17:21:31,SPXW,2026-09-03,C,7535.0,7633.7402,101.6,1.0,110.5,2.0,0.0,0.0,0.0,0.1582,0.868,0.0024,-4.165,1.283,0.3576
2026-09-01T17:22:11Z,2026-09-01 17:21:31,SPXW,2026-09-03,P,7535.0,7633.7402,5.8,80.0,6.0,53.0,5.87,64.0,232.0,0.1547,-0.132,0.0024,-4.1771,1.283,-0.0549
2026-09-01T17:22:11Z,2026-09-01 17:21:31,SPXW,2026-09-03,C,7540.0,7633.7402,97.5,2.0,105.9,1.0,153.44,0.0,9.0,0.1576,0.8578,0.0025,-4.4217,1.3476,0.3535
2026-09-01T17:22:11Z,2026-09-01 17:21:31,SPXW,2026-09-03,P,7540.0,7633.7402,6.3,74.0,6.5,73.0,6.22,143.0,446.0,0.1532,-0.1422,0.0025,-4.4332,1.3476,-0.0592
2026-09-01T17:22:11Z,2026-09-01 17:21:31,SPXW,2026-09-03,C,7545.0,7633.7402,92.7,1.0,101.7,1.0,113.51,1.0,0.0,0.1552,0.8468,0.0027,-4.6877,1.4129,0.3492
2026-09-01T17:22:11Z,2026-09-01 17:21:31,SPXW,2026-09-03,P,7545.0,7633.7402,6.9,51.0,7.0,1.0,6.7,136.0,1298.0,0.1517,-0.1532,0.0027,-4.6986,1.4129,-0.0639
2026-09-01T17:22:11Z,2026-09-01 17:21:31,SPXW,2026-09-03,C,7550.0,7633.7402,88.6,1.0,97.1,1.0,93.12,6.0,51.0,0.1543,0.835,0.0028,-4.9617,1.4793,0.3446
2026-09-01T17:22:11Z,2026-09-01 17:21:31,SPXW,2026-09-03,P,7550.0,7633.7402,7.5,55.0,7.6,10.0,7.5,598.0,3245.0,0.1502,-0.165,0.0028,-4.972,1.4793,-0.0688
2026-09-01T17:22:11Z,2026-09-01 17:21:31,SPXW,2026-09-03,C,7555.0,7633.7402,84.4,1.0,92.3,1.0,124.55,0.0,14.0,0.1516,0.8224,0.003,-5.2419,1.5478,0.3395
2026-09-01T17:22:11Z,2026-09-01 17:21:31,SPXW,2026-09-03,P,7555.0,7633.7402,8.1,65.0,8.3,63.0,8.17,114.0,448.0,0.1491,-0.1776,0.003,-5.2516,1.5478,-0.0741
2026-09-01T17:22:11Z,2026-09-01 17:21:31,SPXW,2026-09-03,C,7560.0,7633.7402,79.7,1.0,88.1,1.0,93.05,3.0,11.0,0.1491,0.809,0.0032,-5.5264,1.6166,0.3341
2026-09-01T17:22:11Z,2026-09-01 17:21:31,SPXW,2026-09-03,P,7560.0,7633.7402,8.8,65.0,9.0,43.0,9.0,210.0,644.0,0.1476,-0.191,0.0032,-5.5355,1.6166,-0.0798
2026-09-01T17:22:11Z,2026-09-01 17:21:31,SPXW,2026-09-03,C,7565.0,7633.7402,76.8,1.0,84.4,8.0,94.09,4.0,22.0,0.1531,0.7947,0.0033,-5.8132,1.6844,0.3283
2026-09-01T17:22:11Z,2026-09-01 17:21:31,SPXW,2026-09-03,P,7565.0,7633.7402,9.6,65.0,9.8,52.0,9.2,351.0,327.0,0.1464,-0.2053,0.0033,-5.8216,1.6844,-0.0858
2026-09-01T17:22:11Z,2026-09-01 17:21:31,SPXW,2026-09-03,C,7570.0,7633.7402,72.6,1.0,79.7,1.0,149.29,0.0,5.0,0.1498,0.7795,0.0035,-6.0995,1.7525,0.3222
2026-09-01T17:22:11Z,2026-09-01 17:21:31,SPXW,2026-09-03,P,7570.0,7633.7402,10.5,36.0,10.6,10.0,9.4,162.0,194.0,0.1448,-0.2205,0.0035,-6.1074,1.7525,-0.0922
2026-09-01T17:22:11Z,2026-09-01 17:21:31,SPXW,2026-09-03,C,7575.0,7633.7402,68.4,7.0,75.6,8.0,85.47,4.0,71.0,0.1479,0.7634,0.0037,-6.3823,1.8205,0.3157
2026-09-01T17:22:11Z,2026-09-01 17:21:31,SPXW,2026-09-03,P,7575.0,7633.7402,11.4,41.0,11.6,45.0,11.1,243.0,654.0,0.1436,-0.2366,0.0037,-6.3896,1.8205,-0.099
2026-09-01T17:22:11Z,2026-09-01 17:21:31,SPXW,2026-09-03,C,7580.0,7633.7402,66.0,1.0,69.0,7.0,81.28,1.0,9.0,0.143,0.7463,0.0038,-6.6583,1.8861,0.3087
2026-09-01T17:22:11Z,2026-09-01 17:21:31,SPXW,2026-09-03,P,7580.0,7633.7402,12.4,13.0,12.6,45.0,12.6,166.0,358.0,0.1423,-0.2537,0.0038,-6.665,1.8861,-0.1063
2026-09-01T17:22:11Z,2026-09-01 17:21:31,SPXW,2026-09-03,C,7585.0,7633.7402,63.5,7.0,63.8,13.0,64.7,15.0,119.0,0.1418,0.7283,0.004,-6.9244,1.9492,0.3015
2026-09-01T17:22:11Z,2026-09-01 17:21:31,SPXW,2026-09-03,P,7585.0,7633.7402,13.4,64.0,13.6,20.0,12.1,144.0,224.0,0.1409,-0.2717,0.004,-6.9304,1.9492,-0.1138
2026-09-01T17:22:11Z,2026-09-01 17:21:31,SPXW,2026-09-03,C,7590.0,7633.7402,59.7,6.0,59.9,14.0,60.5,50.0,11.0,0.1406,0.7094,0.0042,-7.1764,2.0109,0.2937
2026-09-01T17:22:11Z,2026-09-01 17:21:31,SPXW,2026-09-03,P,7590.0,7633.7402,14.6,44.0,14.8,47.0,14.5,366.0,426.0,0.1398,-0.2906,0.0042,-7.1819,2.0109,-0.1218
2026-09-01T17:22:11Z,2026-09-01 17:21:31,SPXW,2026-09-03,C,7595.0,7633.7402,55.9,9.0,56.2,14.0,56.9,12.0,8.0,0.1393,0.6895,0.0044,-7.4102,2.0687,0.2855
2026-09-01T17:22:11Z,2026-09-01 17:21:31,SPXW,2026-09-03,P,7595.0,7633.7402,15.9,1.0,16.1,49.0,15.5,85.0,183.0,0.1385,-0.3105,0.0044,-7.415,2.0687,-0.1303
2026-09-01T17:22:11Z,2026-09-01 17:21:31,SPXW,2026-09-03,C,7600.0,7633.7402,52.3,10.0,52.5,14.0,52.0,101.0,195.0,0.138,0.6687,0.0045,-7.622,2.1217,0.2771
2026-09-01T17:22:11Z,2026-09-01 17:21:31,SPXW,2026-09-03,P,7600.0,7633.7402,17.2,46.0,17.4,28.0,17.5,944.0,996.0,0.1372,-0.3312,0.0045,-7.6263,2.1217,-0.139
2026-09-01T17:22:11Z,2026-09-01 17:21:31,SPXW,2026-09-03,C,7605.0,7633.7402,48.7,18.0,49.0,4.0,49.5,40.0,8.0,0.1367,0.6471,0.0047,-7.8077,2.1707,0.2682
2026-09-01T17:22:11Z,2026-09-01 17:21:31,SPXW,2026-09-03,P,7605.0,7633.7402,18.6,41.0,18.9,43.0,17.0,228.0,132.0,0.1361,-0.3529,0.0047,-7.8113,2.1707,-0.1482
2026-09-01T17:22:11Z,2026-09-01 17:21:31,SPXW,2026-09-03,C,7610.0,7633.7402,45.3,12.0,45.5,15.0,46.8,41.0,23.0,0.1356,0.6245,0.0048,-7.9625,2.2143,0.2588
2026-09-01T17:22:11Z,2026-09-01 17:21:31,SPXW,2026-09-03,P,7610.0,7633.7402,20.2,44.0,20.5,42.0,18.5,277.0,381.0,0.1348,-0.3755,0.0048,-7.9655,2.2143,-0.1578
2026-09-01T17:22:11Z,2026-09-01 17:21:31,SPXW,2026-09-03,C,7615.0,7633.7402,42.0,12.0,42.2,15.0,42.55,50.0,9.0,0.1345,0.6011,0.0049,-8.083,2.2508,0.2492
2026-09-01T17:22:11Z,2026-09-01 17:21:31,SPXW,2026-09-03,P,7615.0,7633.7402,21.9,36.0,22.1,26.0,19.0,316.0,214.0,0.1335,-0.3989,0.0049,-8.0854,2.2508,-0.1676
2026-09-01T17:22:11Z,2026-09-01 17:21:31,SPXW,2026-09-03,C,7620.0,7633.7402,38.8,14.0,39.0,17.0,40.3,72.0,39.0,0.1332,0.5769,0.005,-8.1655,2.2808,0.2392
2026-09-01T17:22:11Z,2026-09-01 17:21:31,SPXW,2026-09-03,P,7620.0,7633.7402,23.7,6.0,23.9,25.0,23.4,273.0,220.0,0.1323,-0.4231,0.005,-8.1673,2.2808,-0.1779
2026-09-01T17:22:11Z,2026-09-01 17:21:31,SPXW,2026-09-03,C,7625.0,7633.7402,35.7,17.0,35.9,5.0,35.7,284.0,330.0,0.132,0.552,0.0051,-8.2059,2.3032,0.2289
2026-09-01T17:22:11Z,2026-09-01 17:21:31,SPXW,2026-09-03,P,7625.0,7633.7402,25.6,28.0,25.8,17.0,25.1,441.0,986.0,0.1312,-0.448,0.0051,-8.2071,2.3032,-0.1886
2026-09-01T17:22:11Z,2026-09-01 17:21:31,SPXW,2026-09-03,C,7630.0,7633.7402,32.7,36.0,33.0,29.0,33.7,221.0,83.0,0.1308,0.5265,0.0052,-8.202,2.3169,0.2184
2026-09-01T17:22:11Z,2026-09-01 17:21:31,SPXW,2026-09-03,P,7630.0,7633.7402,27.7,1.0,27.9,33.0,27.6,304.0,139.0,0.13,-0.4735,0.0052,-8.2026,2.3169,-0.1993
2026-09-01T17:22:11Z,2026-09-01 17:21:31,SPXW,2026-09-03,C,7635.0,7633.7402,29.9,28.0,30.1,1.0,29.9,245.0,45.0,0.1297,0.5003,0.0053,-8.1518,2.3217,0.2075
2026-09-01T17:22:11Z,2026-09-01 17:21:31,SPXW,2026-09-03,P,7635.0,7633.7402,29.8,41.0,30.0,1.0,29.5,515.0,161.0,0.129,-0.4997,0.0053,-8.1517,2.3217,-0.2105
2026-09-01T17:22:11Z,2026-09-01 17:21:31,SPXW,2026-09-03,C,7640.0,7633.7402,27.3,6.0,27.5,37.0,28.54,524.0,50.0,0.1284,0.4737,0.0053,-8.053,2.317,0.1965
2026-09-01T17:22:11Z,2026-09-01 17:21:31,SPXW,2026-09-03,P,7640.0,7633.7402,32.1,16.0,32.3,7.0,32.2,503.0,232.0,0.1277,-0.5262,0.0053,-8.0524,2.317,-0.2218
2026-09-01T17:22:11Z,2026-09-01 17:21:31,SPXW,2026-09-03,C,7645.0,7633.7402,24.7,35.0,24.9,12.0,24.6,500.0,41.0,0.1273,0.4468,0.0053,-7.9063,2.3026,0.1854
2026-09-01T17:22:11Z,2026-09-01 17:21:31,SPXW,2026-09-03,P,7645.0,7633.7402,34.6,15.0,34.8,13.0,32.9,319.0,164.0,0.1266,-0.5532,0.0053,-7.905,2.3026,-0.2332
2026-09-01T17:22:11Z,2026-09-01 17:21:31,SPXW,2026-09-03,C,7650.0,7633.7402,22.3,31.0,22.5,26.0,22.29,697.0,226.0,0.1262,0.4197,0.0053,-7.7118,2.2774,0.174
2026-09-01T17:22:11Z,2026-09-01 17:21:31,SPXW,2026-09-03,P,7650.0,7633.7402,37.2,21.0,37.5,25.0,35.7,841.0,1011.0,0.1255,-0.5803,0.0053,-7.71,2.2774,-0.2448
2026-09-01T17:22:11Z,2026-09-01 17:21:31,SPXW,2026-09-03,C,7655.0,7633.7402,20.0,33.0,20.3,40.0,20.9,449.0,99.0,0.1253,0.3925,0.0053,-7.471,2.2424,0.1628
2026-09-01T17:22:11Z,2026-09-01 17:21:31,SPXW,2026-09-03,P,7655.0,7633.7402,39.9,18.0,40.2,19.0,37.3,325.0,339.0,0.1244,-0.6075,0.0053,-7.4686,2.2424,-0.2563
2026-09-01T17:22:11Z,2026-09-01 17:21:31,SPXW,2026-09-03,C,7660.0,7633.7402,17.9,40.0,18.1,16.0,19.4,469.0,55.0,0.1243,0.3654,0.0052,-7.1877,2.197,0.1515
2026-09-01T17:22:11Z,2026-09-01 17:21:31,SPXW,2026-09-03,P,7660.0,7633.7402,42.8,14.0,43.1,19.0,41.9,421.0,269.0,0.1234,-0.6346,0.0052,-7.1846,2.197,-0.2678
2026-09-01T17:22:11Z,2026-09-01 17:21:31,SPXW,2026-09-03,C,7665.0,7633.7402,16.0,30.0,16.2,46.0,16.4,269.0,53.0,0.1231,0.3386,0.0051,-6.8651,2.1408,0.1403
2026-09-01T17:22:11Z,2026-09-01 17:21:31,SPXW,2026-09-03,P,7665.0,7633.7402,45.8,6.0,46.1,10.0,38.1,180.0,204.0,0.1224,-0.6614,0.0051,-6.8614,2.1408,-0.2793
2026-09-01T17:22:11Z,2026-09-01 17:21:31,SPXW,2026-09-03,C,7670.0,7633.7402,14.1,50.0,14.3,18.0,14.9,264.0,95.0,0.1222,0.3122,0.005,-6.5084,2.0763,0.1294
2026-09-01T17:22:11Z,2026-09-01 17:21:31,SPXW,2026-09-03,P,7670.0,7633.7402,49.0,14.0,49.2,2.0,47.25,242.0,326.0,0.1214,-0.6878,0.005,-6.5042,2.0763,-0.2905
2026-09-01T17:22:11Z,2026-09-01 17:21:31,SPXW,2026-09-03,C,7675.0,7633.7402,12.5,32.0,12.6,5.0,13.2,376.0,1116.0,0.1211,0.2865,0.0048,-6.1238,2.0017,0.1186
2026-09-01T17:22:11Z,2026-09-01 17:21:31,SPXW,2026-09-03,P,7675.0,7633.7402,50.9,1.0,54.0,1.0,47.8,280.0,798.0,0.1208,-0.7135,0.0048,-6.1188,2.0017,-0.3016
2026-09-01T17:22:11Z,2026-09-01 17:21:31,SPXW,2026-09-03,C,7680.0,7633.7402,11.0,1.0,11.1,36.0,11.3,846.0,597.0,0.1203,0.2616,0.0046,-5.7168,1.9195,0.1083
2026-09-01T17:22:11Z,2026-09-01 17:21:31,SPXW,2026-09-03,P,7680.0,7633.7402,54.4,1.0,57.5,3.0,51.4,154.0,261.0,0.1195,-0.7384,0.0046,-5.7113,1.9195,-0.3121
2026-09-01T17:22:11Z,2026-09-01 17:21:31,SPXW,2026-09-03,C,7685.0,7633.7402,9.6,1.0,9.7,43.0,9.7,224.0,111.0,0.1194,0.2376,0.0044,-5.2948,1.8307,0.0983
2026-09-01T17:22:11Z,2026-09-01 17:21:31,SPXW,2026-09-03,P,7685.0,7633.7402,55.0,1.0,61.6,7.0,56.83,131.0,500.0,0.1183,-0.7624,0.0044,-5.2887,1.8307,-0.3224
2026-09-01T17:22:11Z,2026-09-01 17:21:31,SPXW,2026-09-03,C,7690.0,7633.7402,8.3,55.0,8.4,6.0,8.4,291.0,350.0,0.1183,0.2146,0.0042,-4.8642,1.7346,0.0887
2026-09-01T17:22:11Z,2026-09-01 17:21:31,SPXW,2026-09-03,P,7690.0,7633.7402,59.2,1.0,65.3,7.0,61.82,112.0,453.0,0.1177,-0.7854,0.0042,-4.8574,1.7346,-0.3323
2026-09-01T17:22:11Z,2026-09-01 17:21:31,SPXW,2026-09-03,C,7695.0,7633.7402,7.1,66.0,7.3,72.0,7.5,198.0,96.0,0.1177,0.1928,0.004,-4.4316,1.6353,0.0797
2026-09-01T17:22:11Z,2026-09-01 17:21:31,SPXW,2026-09-03,P,7695.0,7633.7402,65.1,6.0,69.2,15.0,64.25,51.0,309.0,0.109,-0.8072,0.004,-4.4242,1.6353,-0.3416
2026-09-01T17:22:11Z,2026-09-01 17:21:31,SPXW,2026-09-03,C,7700.0,7633.7402,6.1,61.0,6.3,70.0,6.08,799.0,846.0,0.117,0.1722,0.0037,-4.0036,1.531,0.0711
2026-09-01T17:22:11Z,2026-09-01 17:21:31,SPXW,2026-09-03,P,7700.0,7633.7402,69.0,6.0,73.3,13.0,69.68,340.0,579.0,0.116,-0.8278,0.0037,-3.9957,1.531,-0.3505
2026-09-01T17:22:11Z,2026-09-01 17:21:31,SPXW,2026-09-03,C,7705.0,7633.7402,5.2,84.0,5.4,86.0,5.4,424.0,109.0,0.1163,0.1529,0.0035,-3.5859,1.4253,0.0632
2026-09-01T17:22:11Z,2026-09-01 17:21:31,SPXW,2026-09-03,P,7705.0,7633.7402,71.1,1.0,78.8,1.0,69.16,29.0,120.0,0.1115,-0.8471,0.0035,-3.5774,1.4253,-0.3587
2026-09-01T17:22:11Z,2026-09-01 17:21:31,SPXW,2026-09-03,C,7710.0,7633.7402,4.4,58.0,4.6,139.0,4.64,410.0,404.0,0.1156,0.135,0.0032,-3.1843,1.3186,0.0556
2026-09-01T17:22:11Z,2026-09-01 17:21:31,SPXW,2026-09-03,P,7710.0,7633.7402,75.1,1.0,81.5,6.0,77.96,94.0,374.0,0.1144,-0.865,0.0032,-3.1752,1.3186,-0.3665
2026-09-01T17:22:11Z,2026-09-01 17:21:31,SPXW,2026-09-03,C,7715.0,7633.7402,3.7,104.0,3.9,150.0,4.0,195.0,512.0,0.1149,0.1185,0.003,-2.8033,1.2115,0.0488
2026-09-01T17:22:11Z,2026-09-01 17:21:31,SPXW,2026-09-03,P,7715.0,7633.7402,79.1,7.0,87.3,1.0,68.81,18.0,170.0,0.1071,-0.8815,0.003,-2.7935,1.2115,-0.3735
2026-09-01T17:22:11Z,2026-09-01 17:21:31,SPXW,2026-09-03,C,7720.0,7633.7402,3.1,108.0,3.3,158.0,3.5,1090.0,496.0,0.1143,0.1033,0.0027,-2.4468,1.1071,0.0425
2026-09-01T17:22:11Z,2026-09-01 17:21:31,SPXW,2026-09-03,P,7720.0,7633.7402,85.9,6.0,90.4,11.0,65.73,22.0,294.0,0.1129,-0.8966,0.0027,-2.4364,1.1071,-0.3801
2026-09-01T17:22:11Z,2026-09-01 17:21:31,SPXW,2026-09-03,C,7725.0,7633.7402,2.65,33.0,2.7,12.0,2.7,349.0,457.0,0.1135,0.0896,0.0024,-2.1181,1.0042,0.0368
2026-09-01T17:22:11Z,2026-09-01 17:21:31,SPXW,2026-09-03,P,7725.0,7633.7402,90.3,6.0,94.9,11.0,90.86,60.0,255.0,0.0994,-0.9104,0.0024,-2.1071,1.0042,-0.3861
2026-09-01T17:22:11Z,2026-09-01 17:21:31,SPXW,2026-09-03,C,7730.0,7633.7402,2.2,63.0,2.25,11.0,2.35,312.0,240.0,0.1129,0.0772,0.0022,-1.8187,0.9062,0.0317
2026-09-01T17:22:11Z,2026-09-01 17:21:31,SPXW,2026-09-03,P,7730.0,7633.7402,94.9,6.0,99.5,11.0,94.47,34.0,252.0,0.1118,-0.9227,0.0022,-1.8071,0.9062,-0.3915
2026-09-01T17:22:11Z,2026-09-01 17:21:31,SPXW,2026-09-03,C,7735.0,7633.7402,1.8,81.0,1.9,94.0,1.92,1399.0,396.0,0.1128,0.0662,0.002,-1.5503,0.8124,0.0272
2026-09-01T17:22:11Z,2026-09-01 17:21:31,SPXW,2026-09-03,P,7735.0,7633.7402,97.7,1.0,105.3,2.0,84.6,23.0,159.0,0.1032,-0.9338,0.002,-1.5381,0.8124,-0.3963
2026-09-01T17:22:11Z,2026-09-01 17:21:31,SPXW,2026-09-03,C,7740.0,7633.7402,1.45,241.0,1.6,207.0,1.59,1470.0,516.0,0.112,0.0565,0.0017,-1.3125,0.7244,0.0232
2026-09-01T17:22:11Z,2026-09-01 17:21:31,SPXW,2026-09-03,P,7740.0,7633.7402,104.3,6.0,108.7,6.0,92.92,11.0,271.0,0.1106,-0.9435,0.0017,-1.2997,0.7244,-0.4006
2026-09-01T17:22:11Z,2026-09-01 17:21:31,SPXW,2026-09-03,C,7745.0,7633.7402,1.2,250.0,1.3,51.0,1.25,97.0,288.0,0.112,0.048,0.0015,-1.1048,0.6428,0.0196
2026-09-01T17:22:11Z,2026-09-01 17:21:31,SPXW,2026-09-03,P,7745.0,7633.7402,107.1,1.0,115.3,1.0,97.22,14.0,146.0,0.1055,-0.952,0.0015,-1.0914,0.6428,-0.4044
2026-09-01T17:22:11Z,2026-09-01 17:21:31,SPXW,2026-09-03,C,7750.0,7633.7402,1.0,202.0,1.1,300.0,1.02,1038.0,1667.0,0.1123,0.0406,0.0013,-0.9256,0.5675,0.0166
2026-09-01T17:22:11Z,2026-09-01 17:21:31,SPXW,2026-09-03,P,7750.0,7633.7402,113.7,6.0,118.3,6.0,116.43,229.0,981.0,0.1094,-0.9594,0.0013,-0.9115,0.5675,-0.4077
2026-09-01T17:22:11Z,2026-09-01 17:21:31,SPXW,2026-09-03,C,7755.0,7633.7402,0.8,270.0,0.9,142.0,0.9,117.0,237.0,0.1119,0.0343,0.0012,-0.7727,0.4995,0.014
2026-09-01T17:22:11Z,2026-09-01 17:21:31,SPXW,2026-09-03,P,7755.0,7633.7402,114.1,1.0,127.3,1.0,102.12,15.0,59.0,0.0996,-0.9657,0.0012,-0.7581,0.4995,-0.4106
2026-09-01T17:22:11Z,2026-09-01 17:21:31,SPXW,2026-09-03,C,7760.0,7633.7402,0.65,284.0,0.75,131.0,0.7,117.0,253.0,0.1119,0.0289,0.001,-0.6439,0.4382,0.0118
2026-09-01T17:22:11Z,2026-09-01 17:21:31,SPXW,2026-09-03,P,7760.0,7633.7402,118.4,2.0,132.1,1.0,115.3,9.0,146.0,0.0,-0.9711,0.001,-0.6287,0.4382,-0.4131
2026-09-01T17:22:11Z,2026-09-01 17:21:31,SPXW,2026-09-03,C,7765.0,7633.7402,0.55,173.0,0.65,283.0,0.6,142.0,226.0,0.1127,0.0243,0.0009,-0.5363,0.3838,0.0099
2026-09-01T17:22:11Z,2026-09-01 17:21:31,SPXW,2026-09-03,P,7765.0,7633.7402,123.3,2.0,136.3,2.0,86.26,0.0,71.0,0.0,-0.9756,0.0009,-0.5204,0.3838,-0.4152
2026-09-01T17:22:11Z,2026-09-01 17:21:31,SPXW,2026-09-03,C,7770.0,7633.7402,0.45,209.0,0.55,432.0,0.52,230.0,266.0,0.1131,0.0205,0.0008,-0.4473,0.336,0.0083
2026-09-01T17:22:11Z,2026-09-01 17:21:31,SPXW,2026-09-03,P,7770.0,7633.7402,128.6,1.0,141.2,1.0,118.2,12.0,59.0,0.0,-0.9795,0.0008,-0.4308,0.336,-0.417
2026-09-01T17:22:11Z,2026-09-01 17:21:31,SPXW,2026-09-03,C,7775.0,7633.7402,0.35,215.0,0.45,238.0,0.4,332.0,363.0,0.1128,0.0174,0.0006,-0.3742,0.2942,0.007
2026-09-01T17:22:11Z,2026-09-01 17:21:31,SPXW,2026-09-03,P,7775.0,7633.7402,133.1,1.0,146.8,1.0,114.6,12.0,48.0,0.0,-0.9826,0.0006,-0.3571,0.2942,-0.4186
2026-09-01T17:22:11Z,2026-09-01 17:21:31,SPXW,2026-09-03,C,7780.0,7633.7402,0.3,213.0,0.4,426.0,0.35,138.0,271.0,0.114,0.0147,0.0006,-0.3145,0.2581,0.006
2026-09-01T17:22:11Z,2026-09-01 17:21:31,SPXW,2026-09-03,P,7780.0,7633.7402,138.1,1.0,151.0,1.0,140.2,10.0,44.0,0.0,-0.9853,0.0006,-0.2968,0.2581,-0.42
2026-09-01T17:22:11Z,2026-09-01 17:21:31,SPXW,2026-09-03,C,7785.0,7633.7402,0.25,235.0,0.35,377.0,0.31,142.0,526.0,0.1136,0.0126,0.0005,-0.2661,0.227,0.0051
2026-09-01T17:22:11Z,2026-09-01 17:21:31,SPXW,2026-09-03,P,7785.0,7633.7402,143.1,1.0,156.0,1.0,148.8,1.0,20.0,0.0,-0.9874,0.0005,-0.2478,0.227,-0.4211
2026-09-01T17:22:11Z,2026-09-01 17:21:31,SPXW,2026-09-03,C,7790.0,7633.7402,0.2,235.0,0.3,415.0,0.25,109.0,260.0,0.1154,0.0108,0.0004,-0.2268,0.2005,0.0044
2026-09-01T17:22:11Z,2026-09-01 17:21:31,SPXW,2026-09-03,P,7790.0,7633.7402,148.0,1.0,160.9,1.0,70.0,0.0,60.0,0.0,-0.9892,0.0004,-0.2079,0.2005,-0.4221
2026-09-01T17:22:11Z,2026-09-01 17:21:31,SPXW,2026-09-03,C,7795.0,7633.7402,0.2,1.0,0.25,426.0,0.15,46.0,435.0,0.117,0.0093,0.0004,-0.1951,0.1779,0.0038
2026-09-01T17:22:11Z,2026-09-01 17:21:31,SPXW,2026-09-03,P,7795.0,7633.7402,153.3,1.0,165.9,1.0,146.9,1.0,1.0,0.0,-0.9907,0.0004,-0.1756,0.1779,-0.423
2026-09-01T17:22:11Z,2026-09-01 17:21:31,SPXW,2026-09-03,C,7800.0,7633.7402,0.15,237.0,0.2,85.0,0.2,149.0,1214.0,0.1166,0.0081,0.0003,-0.1696,0.1588,0.0033
2026-09-01T17:22:11Z,2026-09-01 17:21:31,SPXW,2026-09-03,P,7800.0,7633.7402,158.7,1.0,171.1,1.0,140.03,5.0,67.0,0.0,-0.9919,0.0003,-0.1494,0.1588,-0.4238
2026-09-01T17:22:11Z,2026-09-01 17:21:31,SPXW,2026-09-03,C,7805.0,7633.7402,0.1,438.0,0.2,467.0,0.1,67.0,463.0,0.1175,0.0071,0.0003,-0.1489,0.1427,0.0029
2026-09-01T17:22:11Z,2026-09-01 17:21:31,SPXW,2026-09-03,P,7805.0,7633.7402,163.1,1.0,175.8,1.0,135.15,0.0,1.0,0.0,-0.9929,0.0003,-0.1282,0.1427,-0.4244
2026-09-01T17:22:11Z,2026-09-01 17:21:31,SPXW,2026-09-03,C,7810.0,7633.7402,0.1,333.0,0.15,55.0,0.15,45.0,294.0,0.118,0.0063,0.0003,-0.1321,0.129,0.0025
2026-09-01T17:22:11Z,2026-09-01 17:21:31,SPXW,2026-09-03,P,7810.0,7633.7402,168.2,1.0,181.0,1.0,157.08,3.0,34.0,0.0,-0.9937,0.0003,-0.1108,0.129,-0.425
2026-09-01T17:22:11Z,2026-09-01 17:21:31,SPXW,2026-09-03,C,7815.0,7633.7402,0.1,203.0,0.15,249.0,0.1,44.0,412.0,0.1211,0.0056,0.0002,-0.118,0.1169,0.0023
2026-09-01T17:22:11Z,2026-09-01 17:21:31,SPXW,2026-09-03,P,7815.0,7633.7402,173.2,1.0,187.1,1.0,150.76,0.0,3.0,0.0,-0.9943,0.0002,-0.0966,0.1173,-0.4256
2026-09-01T17:22:11Z,2026-09-01 17:21:31,SPXW,2026-09-03,C,7820.0,7633.7402,0.05,872.0,0.15,509.0,0.11,98.0,416.0,0.1211,0.0051,0.0002,-0.1071,0.1072,0.002
2026-09-01T17:22:11Z,2026-09-01 17:21:31,SPXW,2026-09-03,P,7820.0,7633.7402,177.8,1.0,190.7,1.0,140.11,0.0,153.0,0.0,-0.9949,0.0002,-0.0849,0.1075,-0.4261
2026-09-01T17:22:11Z,2026-09-01 17:21:31,SPXW,2026-09-03,C,7825.0,7633.7402,0.05,703.0,0.15,571.0,0.05,92.0,1083.0,0.124,0.0046,0.0002,-0.098,0.0987,0.0018
2026-09-01T17:22:11Z,2026-09-01 17:21:31,SPXW,2026-09-03,P,7825.0,7633.7402,183.6,1.0,197.3,1.0,144.56,0.0,14.0,0.1322,-0.9953,0.0002,-0.0752,0.0991,-0.4265
2026-09-01T17:22:11Z,2026-09-01 17:21:31,SPXW,2026-09-03,C,7830.0,7633.7402,0.05,552.0,0.15,614.0,0.07,9.0,583.0,0.1268,0.0042,0.0002,-0.0905,0.0916,0.0017
2026-09-01T17:22:11Z,2026-09-01 17:21:31,SPXW,2026-09-03,P,7830.0,7633.7402,187.8,1.0,201.5,1.0,186.67,13.0,26.0,0.0,-0.9957,0.0002,-0.067,0.0919,-0.427
2026-09-01T17:22:11Z,2026-09-01 17:21:31,SPXW,2026-09-03,C,7835.0,7633.7402,0.05,472.0,0.1,242.0,0.1,16.0,406.0,0.1257,0.004,0.0002,-0.0846,0.0858,0.0016
2026-09-01T17:22:11Z,2026-09-01 17:21:31,SPXW,2026-09-03,P,7835.0,7633.7402,192.8,1.0,205.6,1.0,0.0,0.0,0.0,0.0,-0.996,0.0002,-0.0602,0.0857,-0.4274
2026-09-01T17:22:11Z,2026-09-01 17:21:31,SPXW,2026-09-03,C,7840.0,7633.7402,0.05,520.0,0.1,257.0,0.13,51.0,1559.0,0.1284,0.0037,0.0001,-0.0793,0.0805,0.0015
2026-09-01T17:22:11Z,2026-09-01 17:21:31,SPXW,2026-09-03,P,7840.0,7633.7402,198.0,1.0,211.4,1.0,159.49,0.0,22.0,0.0,-0.9963,0.0001,-0.0543,0.0803,-0.4278
2026-09-01T17:22:11Z,2026-09-01 17:21:31,SPXW,2026-09-03,C,7845.0,7633.7402,0.05,252.0,0.1,397.0,0.1,12.0,1134.0,0.1312,0.0034,0.0001,-0.0749,0.0758,0.0014
2026-09-01T17:22:11Z,2026-09-01 17:21:31,SPXW,2026-09-03,P,7845.0,7633.7402,202.8,1.0,217.0,1.0,132.36,0.0,1.0,0.0,-0.9966,0.0001,-0.0492,0.0756,-0.4281
2026-09-01T17:22:11Z,2026-09-01 17:21:31,SPXW,2026-09-03,C,7850.0,7633.7402,0.05,100.0,0.1,537.0,0.1,113.0,2766.0,0.1338,0.0032,0.0001,-0.0712,0.0718,0.0013
2026-09-01T17:22:11Z,2026-09-01 17:21:31,SPXW,2026-09-03,P,7850.0,7633.7402,208.0,1.0,221.5,1.0,189.73,3.0,22.0,0.0,-0.9968,0.0001,-0.0448,0.0714,-0.4285
2026-09-01T17:22:11Z,2026-09-01 17:21:31,SPXW,2026-09-03,C,7855.0,7633.7402,0.0,0.0,0.1,498.0,0.07,30.0,1560.0,0.1318,0.003,0.0001,-0.0676,0.0676,0.0012
2026-09-01T17:22:11Z,2026-09-01 17:21:31,SPXW,2026-09-03,P,7855.0,7633.7402,208.7,1.0,229.4,2.0,174.52,0.0,5.0,0.0,-0.997,0.0001,-0.0409,0.0678,-0.4288
2026-09-01T17:22:11Z,2026-09-01 17:21:31,SPXW,2026-09-03,C,7860.0,7633.7402,0.0,0.0,0.1,525.0,0.05,5.0,523.0,0.1345,0.0029,0.0001,-0.0648,0.0644,0.0011
2026-09-01T17:22:11Z,2026-09-01 17:21:31,SPXW,2026-09-03,P,7860.0,7633.7402,213.4,1.0,233.9,1.0,216.92,2.0,32.0,0.0,-0.9971,0.0001,-0.0374,0.0645,-0.4292
2026-09-01T17:22:11Z,2026-09-01 17:21:31,SPXW,2026-09-03,C,7865.0,7633.7402,0.0,0.0,0.1,544.0,0.07,2.0,125.0,0.1371,0.0027,0.0001,-0.0623,0.0614,0.0011
2026-09-01T17:22:11Z,2026-09-01 17:21:31,SPXW,2026-09-03,P,7865.0,7633.7402,219.8,1.0,239.3,1.0,0.0,0.0,0.0,0.0,-0.9972,0.0001,-0.0343,0.0615,-0.4295
2026-09-01T17:22:11Z,2026-09-01 17:21:31,SPXW,2026-09-03,C,7870.0,7633.7402,0.05,1.0,0.1,561.0,0.07,19.0,779.0,0.145,0.0026,0.0001,-0.0602,0.059,0.001
2026-09-01T17:22:11Z,2026-09-01 17:21:31,SPXW,2026-09-03,P,7870.0,7633.7402,224.8,1.0,244.3,1.0,214.8,1.0,1.0,0.0,-0.9974,0.0001,-0.0315,0.0588,-0.4298
2026-09-01T17:22:11Z,2026-09-01 17:21:31,SPXW,2026-09-03,C,7875.0,7633.7402,0.0,0.0,0.1,575.0,0.1,3.0,553.0,0.1421,0.0025,0.0001,-0.0582,0.0565,0.001
2026-09-01T17:22:11Z,2026-09-01 17:21:31,SPXW,2026-09-03,P,7875.0,7633.7402,228.6,1.0,249.1,1.0,219.65,1.0,3.0,0.0,-0.9975,0.0001,-0.0289,0.0564,-0.4301
2026-09-01T17:22:11Z,2026-09-01 17:21:31,SPXW,2026-09-03,C,7880.0,7633.7402,0.0,0.0,0.1,589.0,0.05,3.0,623.0,0.1448,0.0024,0.0001,-0.0564,0.0542,0.001
2026-09-01T17:22:11Z,2026-09-01 17:21:31,SPXW,2026-09-03,P,7880.0,7633.7402,234.8,1.0,254.3,1.0,114.74,0.0,7.0,0.0,-0.9976,0.0001,-0.0264,0.0541,-0.4304
2026-09-01T17:22:11Z,2026-09-01 17:21:31,SPXW,2026-09-03,C,7885.0,7633.7402,0.0,0.0,0.1,601.0,0.1,0.0,108.0,0.1474,0.0023,0.0001,-0.0547,0.0522,0.0009
2026-09-01T17:22:11Z,2026-09-01 17:21:31,SPXW,2026-09-03,P,7885.0,7633.7402,239.8,1.0,255.6,1.0,0.0,0.0,0.0,0.0,-0.9977,0.0001,-0.0242,0.052,-0.4308
2026-09-01T17:22:11Z,2026-09-01 17:21:31,SPXW,2026-09-03,C,7890.0,7633.7402,0.0,0.0,0.1,613.0,0.07,1.0,581.0,0.1501,0.0022,0.0001,-0.0532,0.0502,0.0009
2026-09-01T17:22:11Z,2026-09-01 17:21:31,SPXW,2026-09-03,P,7890.0,7633.7402,244.8,1.0,264.3,1.0,0.0,0.0,0.0,0.0,-0.9978,0.0001,-0.0221,0.0501,-0.4311
2026-09-01T17:22:11Z,2026-09-01 17:21:31,SPXW,2026-09-03,C,7895.0,7633.7402,0.0,0.0,0.1,624.0,0.15,0.0,58.0,0.1527,0.0021,0.0001,-0.0519,0.0485,0.0008
2026-09-01T17:22:11Z,2026-09-01 17:21:31,SPXW,2026-09-03,P,7895.0,7633.7402,249.8,1.0,265.6,1.0,0.0,0.0,0.0,0.0,-0.9979,0.0001,-0.0201,0.0483,-0.4314
2026-09-01T17:22:11Z,2026-09-01 17:21:31,SPXW,2026-09-03,C,7900.0,7633.7402,0.0,0.0,0.05,37.0,0.06,28.0,3156.0,0.1462,0.002,0.0001,-0.0506,0.0468,0.0008
2026-09-01T17:22:11Z,2026-09-01 17:21:31,SPXW,2026-09-03,P,7900.0,7633.7402,254.8,1.0,274.3,1.0,128.23,0.0,166.0,0.0,-0.9979,0.0001,-0.0183,0.0467,-0.4317
2026-09-01T17:22:11Z,2026-09-01 17:21:31,SPXW,2026-09-03,C,7905.0,7633.7402,0.0,0.0,0.1,606.0,0.07,6.0,88.0,0.1578,0.002,0.0001,-0.0494,0.0453,0.0008
2026-09-01T17:22:11Z,2026-09-01 17:21:31,SPXW,2026-09-03,P,7905.0,7633.7402,259.8,1.0,275.6,1.0,0.0,0.0,0.0,0.0,-0.998,0.0001,-0.0165,0.0452,-0.432
2026-09-01T17:22:11Z,2026-09-01 17:21:31,SPXW,2026-09-03,C,7910.0,7633.7402,0.0,0.0,0.1,616.0,0.15,0.0,302.0,0.1604,0.0019,0.0001,-0.0483,0.0438,0.0008
2026-09-01T17:22:11Z,2026-09-01 17:21:31,SPXW,2026-09-03,P,7910.0,7633.7402,264.8,1.0,284.3,1.0,267.12,1.0,1.0,0.0,-0.9981,0.0001,-0.0148,0.0437,-0.4323
2026-09-01T17:22:11Z,2026-09-01 17:21:31,SPXW,2026-09-03,C,7915.0,7633.7402,0.0,0.0,0.1,621.0,0.15,0.0,48.0,0.163,0.0019,0.0001,-0.0474,0.0425,0.0007
2026-09-01T17:22:11Z,2026-09-01 17:21:31,SPXW,2026-09-03,P,7915.0,7633.7402,269.9,1.0,285.6,1.0,0.0,0.0,0.0,0.0,-0.9981,0.0001,-0.0132,0.0423,-0.4326
2026-09-01T17:22:11Z,2026-09-01 17:21:31,SPXW,2026-09-03,C,7920.0,7633.7402,0.0,0.0,0.05,8.0,0.05,34.0,483.0,0.1562,0.0018,0.0001,-0.0464,0.0412,0.0007
2026-09-01T17:22:11Z,2026-09-01 17:21:31,SPXW,2026-09-03,P,7920.0,7633.7402,274.8,1.0,294.3,1.0,0.0,0.0,0.0,0.0,-0.9982,0.0001,-0.0116,0.0411,-0.4329
2026-09-01T17:22:11Z,2026-09-01 17:21:31,SPXW,2026-09-03,C,7925.0,7633.7402,0.0,0.0,0.05,76.0,0.05,10.0,553.0,0.1587,0.0017,0.0001,-0.0455,0.0399,0.0007
2026-09-01T17:22:11Z,2026-09-01 17:21:31,SPXW,2026-09-03,P,7925.0,7633.7402,279.8,1.0,299.3,1.0,209.32,0.0,4.0,0.0,-0.9982,0.0001,-0.0101,0.0398,-0.4332
2026-09-01T17:22:11Z,2026-09-01 17:21:31,SPXW,2026-09-03,C,7930.0,7633.7402,0.0,0.0,0.05,78.0,0.07,2.0,298.0,0.1612,0.0017,0.0,-0.0446,0.0388,0.0007
2026-09-01T17:22:11Z,2026-09-01 17:21:31,SPXW,2026-09-03,P,7930.0,7633.7402,284.8,1.0,304.3,1.0,0.0,0.0,0.0,0.0,-0.9983,0.0,-0.0086,0.0387,-0.4335
2026-09-01T17:22:11Z,2026-09-01 17:21:31,SPXW,2026-09-03,C,7935.0,7633.7402,0.0,0.0,0.05,68.0,0.07,0.0,23.0,0.1636,0.0016,0.0,-0.0438,0.0377,0.0006
2026-09-01T17:22:11Z,2026-09-01 17:21:31,SPXW,2026-09-03,P,7935.0,7633.7402,289.8,1.0,309.3,1.0,0.0,0.0,0.0,0.0,-0.9984,0.0,-0.0072,0.0376,-0.4338
2026-09-01T17:22:11Z,2026-09-01 17:21:31,SPXW,2026-09-03,C,7940.0,7633.7402,0.0,0.0,0.05,57.0,0.1,0.0,316.0,0.1661,0.0016,0.0,-0.0431,0.0367,0.0006
2026-09-01T17:22:11Z,2026-09-01 17:21:31,SPXW,2026-09-03,P,7940.0,7633.7402,294.8,1.0,314.3,1.0,0.0,0.0,0.0,0.0,-0.9984,0.0,-0.0059,0.0366,-0.4341
2026-09-01T17:22:11Z,2026-09-01 17:21:31,SPXW,2026-09-03,C,7945.0,7633.7402,0.0,0.0,0.05,57.0,0.1,0.0,23.0,0.1685,0.0016,0.0,-0.0423,0.0357,0.0006
2026-09-01T17:22:11Z,2026-09-01 17:21:31,SPXW,2026-09-03,P,7945.0,7633.7402,299.8,1.0,315.6,1.0,0.0,0.0,0.0,0.0,-0.9984,0.0,-0.0045,0.0356,-0.4344
2026-09-01T17:22:11Z,2026-09-01 17:21:31,SPXW,2026-09-03,C,7950.0,7633.7402,0.0,0.0,0.05,57.0,0.05,6.0,702.0,0.171,0.0015,0.0,-0.0416,0.0347,0.0006
2026-09-01T17:22:11Z,2026-09-01 17:21:31,SPXW,2026-09-03,P,7950.0,7633.7402,304.8,1.0,324.3,1.0,0.0,0.0,0.0,0.0,-0.9985,0.0,-0.0032,0.0347,-0.4346
2026-09-01T17:22:11Z,2026-09-01 17:21:31,SPXW,2026-09-03,C,7955.0,7633.7402,0.0,0.0,0.05,57.0,0.05,8.0,6.0,0.1734,0.0015,0.0,-0.041,0.0338,0.0006
2026-09-01T17:22:11Z,2026-09-01 17:21:31,SPXW,2026-09-03,P,7955.0,7633.7402,308.6,1.0,325.6,1.0,0.0,0.0,0.0,0.0,-0.9985,0.0,-0.002,0.0338,-0.4349
2026-09-01T17:22:11Z,2026-09-01 17:21:31,SPXW,2026-09-03,C,7960.0,7633.7402,0.0,0.0,0.05,57.0,0.05,14.0,170.0,0.1759,0.0014,0.0,-0.0404,0.033,0.0006
2026-09-01T17:22:11Z,2026-09-01 17:21:31,SPXW,2026-09-03,P,7960.0,7633.7402,314.8,1.0,334.3,1.0,221.84,0.0,30.0,0.0,-0.9986,0.0,-0.0007,0.0329,-0.4352
2026-09-01T17:22:11Z,2026-09-01 17:21:31,SPXW,2026-09-03,C,7970.0,7633.7402,0.0,0.0,0.05,76.0,0.05,8.0,226.0,0.1807,0.0014,0.0,-0.0392,0.0314,0.0005
2026-09-01T17:22:11Z,2026-09-01 17:21:31,SPXW,2026-09-03,P,7970.0,7633.7402,324.8,1.0,344.3,1.0,297.21,0.0,3.0,0.0,-0.9986,0.0,0.0,0.0313,-0.4358
2026-09-01T17:22:11Z,2026-09-01 17:21:31,SPXW,2026-09-03,C,7975.0,7633.7402,0.0,0.0,0.05,58.0,0.1,0.0,459.0,0.1832,0.0013,0.0,-0.0386,0.0306,0.0005
2026-09-01T17:22:11Z,2026-09-01 17:21:31,SPXW,2026-09-03,P,7975.0,7633.7402,329.8,1.0,349.3,1.0,259.12,0.0,1.0,0.0,-0.9987,0.0,0.0,0.0306,-0.4361
2026-09-01T17:22:11Z,2026-09-01 17:21:31,SPXW,2026-09-03,C,7980.0,7633.7402,0.0,0.0,0.05,77.0,0.2,0.0,20.0,0.1856,0.0013,0.0,-0.0381,0.0299,0.0005
2026-09-01T17:22:11Z,2026-09-01 17:21:31,SPXW,2026-09-03,P,7980.0,7633.7402,334.8,1.0,350.6,1.0,0.0,0.0,0.0,0.0,-0.9987,0.0,0.0,0.0299,-0.4364
2026-09-01T17:22:11Z,2026-09-01 17:21:31,SPXW,2026-09-03,C,7990.0,7633.7402,0.0,0.0,0.05,58.0,0.0,0.0,0.0,0.1904,0.0012,0.0,-0.0371,0.0286,0.0005
2026-09-01T17:22:11Z,2026-09-01 17:21:31,SPXW,2026-09-03,P,7990.0,7633.7402,344.8,1.0,364.3,1.0,0.0,0.0,0.0,0.0,-0.9988,0.0,0.0,0.0285,-0.4369
2026-09-01T17:22:11Z,2026-09-01 17:21:31,SPXW,2026-09-03,C,8000.0,7633.7402,0.0,0.0,0.05,60.0,0.07,22.0,359.0,0.1952,0.0012,0.0,-0.0361,0.0274,0.0005
2026-09-01T17:22:11Z,2026-09-01 17:21:31,SPXW,2026-09-03,P,8000.0,7633.7402,354.9,1.0,374.3,1.0,326.0,0.0,3.0,0.0,-0.9988,0.0,0.0,0.0273,-0.4375
2026-09-01T17:22:11Z,2026-09-01 17:21:31,SPXW,2026-09-03,C,8010.0,7633.7402,0.0,0.0,0.05,50.0,0.0,0.0,0.0,0.2,0.0011,0.0,-0.0352,0.0262,0.0004
2026-09-01T17:22:11Z,2026-09-01 17:21:31,SPXW,2026-09-03,P,8010.0,7633.7402,364.6,1.0,384.3,1.0,0.0,0.0,0.0,0.0,-0.9988,0.0,0.0,0.0262,-0.4381
2026-09-01T17:22:11Z,2026-09-01 17:21:31,SPXW,2026-09-03,C,8020.0,7633.7402,0.0,0.0,0.05,53.0,0.1,0.0,1.0,0.2048,0.0011,0.0,-0.0344,0.0251,0.0004
2026-09-01T17:22:11Z,2026-09-01 17:21:31,SPXW,2026-09-03,P,8020.0,7633.7402,374.9,1.0,394.3,1.0,0.0,0.0,0.0,0.0,-0.9989,0.0,0.0,0.0251,-0.4386
2026-09-01T17:22:11Z,2026-09-01 17:21:31,SPXW,2026-09-03,C,8025.0,7633.7402,0.0,0.0,0.05,66.0,0.11,0.0,597.0,0.2072,0.0011,0.0,-0.034,0.0246,0.0004
2026-09-01T17:22:11Z,2026-09-01 17:21:31,SPXW,2026-09-03,P,8025.0,7633.7402,379.9,1.0,399.3,1.0,0.0,0.0,0.0,0.0,-0.9989,0.0,0.0,0.0246,-0.4389
2026-09-01T17:22:11Z,2026-09-01 17:21:31,SPXW,2026-09-03,C,8030.0,7633.7402,0.0,0.0,0.05,67.0,0.0,0.0,0.0,0.2096,0.001,0.0,-0.0336,0.0242,0.0004
2026-09-01T17:22:11Z,2026-09-01 17:21:31,SPXW,2026-09-03,P,8030.0,7633.7402,384.9,1.0,404.3,1.0,0.0,0.0,0.0,0.0,-0.9989,0.0,0.0,0.0241,-0.4392
2026-09-01T17:22:11Z,2026-09-01 17:21:31,SPXW,2026-09-03,C,8050.0,7633.7402,0.0,0.0,0.05,52.0,0.07,0.0,675.0,0.2191,0.001,0.0,-0.0322,0.0223,0.0004
2026-09-01T17:22:11Z,2026-09-01 17:21:31,SPXW,2026-09-03,P,8050.0,7633.7402,404.9,1.0,424.3,1.0,0.0,0.0,0.0,0.0,-0.999,0.0,0.0,0.0223,-0.4403
2026-09-01T17:22:11Z,2026-09-01 17:21:31,SPXW,2026-09-03,C,8075.0,7633.7402,0.0,0.0,0.05,68.0,0.05,88.0,194.0,0.2309,0.0009,0.0,-0.0306,0.0204,0.0004
2026-09-01T17:22:11Z,2026-09-01 17:21:31,SPXW,2026-09-03,P,8075.0,7633.7402,429.9,1.0,449.3,1.0,0.0,0.0,0.0,0.0,-0.9991,0.0,0.0,0.0203,-0.4417
2026-09-01T17:22:11Z,2026-09-01 17:21:31,SPXW,2026-09-03,C,8100.0,7633.7402,0.0,0.0,0.05,70.0,0.05,0.0,690.0,0.2426,0.0008,0.0,-0.0291,0.0186,0.0003
2026-09-01T17:22:11Z,2026-09-01 17:21:31,SPXW,2026-09-03,P,8100.0,7633.7402,454.7,1.0,474.3,1.0,392.34,0.0,1.0,0.0,-0.9992,0.0,0.0,0.0186,-0.4431
2026-09-01T17:22:11Z,2026-09-01 17:21:31,SPXW,2026-09-03,C,8125.0,7633.7402,0.0,0.0,0.05,125.0,0.05,0.0,20.0,0.2542,0.0007,0.0,-0.0277,0.0172,0.0003
2026-09-01T17:22:11Z,2026-09-01 17:21:31,SPXW,2026-09-03,P,8125.0,7633.7402,479.9,1.0,499.3,1.0,0.0,0.0,0.0,0.0,-0.9992,0.0,0.0,0.0171,-0.4445
2026-09-01T17:22:11Z,2026-09-01 17:21:31,SPXW,2026-09-03,C,8150.0,7633.7402,0.0,0.0,0.05,128.0,0.1,0.0,2301.0,0.2658,0.0007,0.0,-0.0265,0.0158,0.0003
2026-09-01T17:22:11Z,2026-09-01 17:21:31,SPXW,2026-09-03,P,8150.0,7633.7402,504.9,1.0,524.3,1.0,473.81,0.0,3.0,0.0,-0.9993,0.0,0.0,0.0158,-0.4459
2026-09-01T17:22:11Z,2026-09-01 17:21:31,SPXW,2026-09-03,C,8175.0,7633.7402,0.0,0.0,0.05,201.0,0.1,0.0,162.0,0.2773,0.0006,0.0,-0.0253,0.0147,0.0002
2026-09-01T17:22:11Z,2026-09-01 17:21:31,SPXW,2026-09-03,P,8175.0,7633.7402,529.8,1.0,549.2,1.0,0.0,0.0,0.0,0.0,-0.9994,0.0,0.0,0.0146,-0.4473
2026-09-01T17:22:11Z,2026-09-01 17:21:31,SPXW,2026-09-03,C,8200.0,7633.7402,0.0,0.0,0.05,206.0,0.1,0.0,1005.0,0.2887,0.0006,0.0,-0.0242,0.0136,0.0002
2026-09-01T17:22:11Z,2026-09-01 17:21:31,SPXW,2026-09-03,P,8200.0,7633.7402,554.7,1.0,574.2,1.0,0.0,0.0,0.0,0.0,-0.9994,0.0,0.0,0.0136,-0.4487
2026-09-01T17:22:11Z,2026-09-01 17:21:31,SPXW,2026-09-03,C,8225.0,7633.7402,0.0,0.0,0.05,247.0,0.1,0.0,9.0,0.3,0.0006,0.0,-0.0232,0.0127,0.0002
2026-09-01T17:22:11Z,2026-09-01 17:21:31,SPXW,2026-09-03,P,8225.0,7633.7402,579.8,1.0,599.2,1.0,0.0,0.0,0.0,0.0,-0.9994,0.0,0.0,0.0126,-0.4501
2026-09-01T17:22:11Z,2026-09-01 17:21:31,SPXW,2026-09-03,C,8250.0,7633.7402,0.0,0.0,0.05,251.0,0.05,5.0,79.0,0.3113,0.0005,0.0,-0.0222,0.0118,0.0002
2026-09-01T17:22:11Z,2026-09-01 17:21:31,SPXW,2026-09-03,P,8250.0,7633.7402,604.7,1.0,620.5,1.0,0.0,0.0,0.0,0.0,-0.9995,0.0,0.0,0.0118,-0.4515
2026-09-01T17:22:11Z,2026-09-01 17:21:31,SPXW,2026-09-03,C,8275.0,7633.7402,0.0,0.0,0.05,255.0,1.25,0.0,37.0,0.3225,0.0005,0.0,-0.0212,0.011,0.0002
2026-09-01T17:22:11Z,2026-09-01 17:21:31,SPXW,2026-09-03,P,8275.0,7633.7402,629.7,1.0,649.2,1.0,0.0,0.0,0.0,0.0,-0.9995,0.0,0.0,0.011,-0.4528
2026-09-01T17:22:11Z,2026-09-01 17:21:31,SPXW,2026-09-03,C,8300.0,7633.7402,0.0,0.0,0.05,1246.0,0.1,0.0,31.0,0.3337,0.0004,0.0,-0.0203,0.0103,0.0002
2026-09-01T17:22:11Z,2026-09-01 17:21:31,SPXW,2026-09-03,P,8300.0,7633.7402,654.7,1.0,674.2,1.0,0.0,0.0,0.0,0.0,-0.9995,0.0,0.0,0.0102,-0.4542
2026-09-01T17:22:11Z,2026-09-01 17:21:31,SPXW,2026-09-03,C,8325.0,7633.7402,0.0,0.0,0.05,905.0,0.1,0.0,1.0,0.3448,0.0004,0.0,-0.0195,0.0096,0.0002
2026-09-01T17:22:11Z,2026-09-01 17:21:31,SPXW,2026-09-03,P,8325.0,7633.7402,678.7,1.0,699.0,1.0,0.0,0.0,0.0,0.0,-0.9996,0.0,0.0,0.0096,-0.4556
2026-09-01T17:22:11Z,2026-09-01 17:21:31,SPXW,2026-09-04,C,6875.0,7633.7402,753.7,1.0,772.3,1.0,863.66,0.0,1.0,0.5097,0.9964,0.0,-0.187,0.0785,1.1245
2026-09-01T17:22:11Z,2026-09-01 17:21:31,SPXW,2026-09-04,P,6875.0,7633.7402,0.3,233.0,0.35,286.0,0.3,0.0,373.0,0.4267,-0.0036,0.0,-0.2782,0.0785,-0.0043
2026-09-01T17:22:11Z,2026-09-01 17:21:31,SPXW,2026-09-04,C,6880.0,7633.7402,748.4,1.0,767.3,1.0,0.0,0.0,0.0,0.4994,0.9964,0.0,-0.1904,0.0795,1.1252
2026-09-01T17:22:11Z,2026-09-01 17:21:31,SPXW,2026-09-04,P,6880.0,7633.7402,0.3,232.0,0.35,167.0,0.0,0.0,0.0,0.424,-0.0036,0.0,-0.2809,0.0795,-0.0044
2026-09-01T17:22:11Z,2026-09-01 17:21:31,SPXW,2026-09-04,C,6890.0,7633.7402,744.0,7.0,750.4,6.0,0.0,0.0,250.0,0.4577,0.9963,0.0,-0.1971,0.0816,1.1267
2026-09-01T17:22:11Z,2026-09-01 17:21:31,SPXW,2026-09-04,P,6890.0,7633.7402,0.3,292.0,0.35,36.0,0.3,75.0,41.0,0.4187,-0.0037,0.0,-0.2865,0.0816,-0.0045
2026-09-01T17:22:11Z,2026-09-01 17:21:31,SPXW,2026-09-04,C,6900.0,7633.7402,728.1,1.0,747.6,1.0,820.9,0.0,5.0,0.4865,0.9962,0.0,-0.204,0.0838,1.1282
2026-09-01T17:22:11Z,2026-09-01 17:21:31,SPXW,2026-09-04,P,6900.0,7633.7402,0.3,332.0,0.4,545.0,0.3,2.0,2565.0,0.4166,-0.0038,0.0,-0.2922,0.0838,-0.0046
2026-09-01T17:22:11Z,2026-09-01 17:21:31,SPXW,2026-09-04,C,6910.0,7633.7402,721.4,1.0,737.4,1.0,772.3,0.0,2.0,0.5362,0.996,0.0,-0.2111,0.0861,1.1298
2026-09-01T17:22:11Z,2026-09-01 17:21:31,SPXW,2026-09-04,P,6910.0,7633.7402,0.3,361.0,0.4,523.0,0.29,500.0,562.0,0.4112,-0.0039,0.0,-0.298,0.086,-0.0048
2026-09-01T17:22:11Z,2026-09-01 17:21:31,SPXW,2026-09-04,C,6920.0,7633.7402,711.3,1.0,728.5,1.0,719.92,2.0,0.0,0.543,0.9959,0.0,-0.2183,0.0884,1.1312
2026-09-01T17:22:11Z,2026-09-01 17:21:31,SPXW,2026-09-04,P,6920.0,7633.7402,0.3,466.0,0.4,399.0,0.45,0.0,12.0,0.4058,-0.004,0.0,-0.3041,0.0883,-0.0049
2026-09-01T17:22:11Z,2026-09-01 17:21:31,SPXW,2026-09-04,C,6925.0,7633.7402,706.6,1.0,722.3,1.0,0.0,0.0,0.0,0.5274,0.9959,0.0,-0.222,0.0896,1.132
2026-09-01T17:22:11Z,2026-09-01 17:21:31,SPXW,2026-09-04,P,6925.0,7633.7402,0.3,516.0,0.4,330.0,0.3,3.0,119.0,0.4032,-0.0041,0.0,-0.3071,0.0895,-0.005
2026-09-01T17:22:11Z,2026-09-01 17:21:31,SPXW,2026-09-04,C,6930.0,7633.7402,698.8,1.0,717.4,1.0,753.55,0.0,3.0,0.4784,0.9958,0.0,-0.2257,0.0908,1.1327
2026-09-01T17:22:11Z,2026-09-01 17:21:31,SPXW,2026-09-04,P,6930.0,7633.7402,0.3,495.0,0.4,306.0,0.3,2.0,110.0,0.4005,-0.0042,0.0,-0.3102,0.0908,-0.0051
2026-09-01T17:22:11Z,2026-09-01 17:21:31,SPXW,2026-09-04,C,6940.0,7633.7402,688.3,1.0,708.6,1.0,0.0,0.0,0.0,0.478,0.9957,0.0,-0.2333,0.0933,1.1342
2026-09-01T17:22:11Z,2026-09-01 17:21:31,SPXW,2026-09-04,P,6940.0,7633.7402,0.35,251.0,0.4,249.0,0.35,0.0,155.0,0.398,-0.0043,0.0,-0.3166,0.0933,-0.0052
2026-09-01T17:22:11Z,2026-09-01 17:21:31,SPXW,2026-09-04,C,6950.0,7633.7402,678.2,1.0,698.4,1.0,733.23,0.0,7.0,0.4734,0.9955,0.0,-0.241,0.096,1.1357
2026-09-01T17:22:11Z,2026-09-01 17:21:31,SPXW,2026-09-04,P,6950.0,7633.7402,0.35,277.0,0.4,43.0,0.3,3.0,1220.0,0.3926,-0.0044,0.0,-0.3231,0.0959,-0.0054
2026-09-01T17:22:11Z,2026-09-01 17:21:31,SPXW,2026-09-04,C,6960.0,7633.7402,671.6,1.0,688.3,1.0,0.0,0.0,0.0,0.5165,0.9954,0.0,-0.249,0.0987,1.1372
2026-09-01T17:22:11Z,2026-09-01 17:21:31,SPXW,2026-09-04,P,6960.0,7633.7402,0.35,318.0,0.45,494.0,0.25,0.0,136.0,0.3899,-0.0046,0.0,-0.3298,0.0986,-0.0056
2026-09-01T17:22:11Z,2026-09-01 17:21:31,SPXW,2026-09-04,C,6970.0,7633.7402,658.2,1.0,677.4,1.0,669.38,1.0,0.0,0.4394,0.9953,0.0,-0.2571,0.1016,1.1386
2026-09-01T17:22:11Z,2026-09-01 17:21:31,SPXW,2026-09-04,P,6970.0,7633.7402,0.35,454.0,0.45,396.0,0.38,2.0,104.0,0.3845,-0.0047,0.0,-0.3367,0.1015,-0.0057
2026-09-01T17:22:11Z,2026-09-01 17:21:31,SPXW,2026-09-04,C,6975.0,7633.7402,653.2,1.0,672.5,1.0,708.51,0.0,3.0,0.4385,0.9952,0.0,-0.2612,0.103,1.1394
2026-09-01T17:22:11Z,2026-09-01 17:21:31,SPXW,2026-09-04,P,6975.0,7633.7402,0.35,459.0,0.45,395.0,0.35,20.0,236.0,0.3818,-0.0048,0.0,-0.3403,0.1029,-0.0058
2026-09-01T17:22:11Z,2026-09-01 17:21:31,SPXW,2026-09-04,C,6980.0,7633.7402,648.6,1.0,668.9,1.0,0.0,0.0,0.0,0.4593,0.9951,0.0,-0.2654,0.1045,1.1401
2026-09-01T17:22:11Z,2026-09-01 17:21:31,SPXW,2026-09-04,P,6980.0,7633.7402,0.35,512.0,0.45,325.0,0.4,0.0,238.0,0.3791,-0.0049,0.0,-0.3439,0.1044,-0.0059
2026-09-01T17:22:11Z,2026-09-01 17:21:31,SPXW,2026-09-04,C,6990.0,7633.7402,638.2,1.0,657.5,1.0,649.52,3.0,2.0,0.4289,0.995,0.0,-0.274,0.1076,1.1416
2026-09-01T17:22:11Z,2026-09-01 17:21:31,SPXW,2026-09-04,P,6990.0,7633.7402,0.4,102.0,0.45,302.0,0.35,1.0,264.0,0.3762,-0.005,0.0,-0.3512,0.1075,-0.0061
2026-09-01T17:22:11Z,2026-09-01 17:21:31,SPXW,2026-09-04,C,7000.0,7633.7402,634.3,7.0,640.4,5.0,694.8,0.0,4546.0,0.3992,0.9948,0.0001,-0.2828,0.1108,1.143
2026-09-01T17:22:11Z,2026-09-01 17:21:31,SPXW,2026-09-04,P,7000.0,7633.7402,0.4,254.0,0.45,72.0,0.33,28.0,9080.0,0.3705,-0.0052,0.0001,-0.3593,0.1109,-0.0063
2026-09-01T17:22:11Z,2026-09-01 17:21:31,SPXW,2026-09-04,C,7010.0,7633.7402,618.3,1.0,638.6,1.0,629.84,2.0,1.0,0.4396,0.9946,0.0001,-0.2918,0.1142,1.1444
2026-09-01T17:22:11Z,2026-09-01 17:21:31,SPXW,2026-09-04,P,7010.0,7633.7402,0.4,304.0,0.5,501.0,0.5,0.0,237.0,0.3674,-0.0054,0.0001,-0.3671,0.1143,-0.0065
2026-09-01T17:22:11Z,2026-09-01 17:21:31,SPXW,2026-09-04,C,7020.0,7633.7402,608.3,1.0,628.4,1.0,0.0,0.0,0.0,0.4296,0.9944,0.0001,-0.3011,0.1177,1.1458
2026-09-01T17:22:11Z,2026-09-01 17:21:31,SPXW,2026-09-04,P,7020.0,7633.7402,0.4,436.0,0.5,381.0,0.45,0.0,52.0,0.362,-0.0055,0.0001,-0.3752,0.1178,-0.0068
2026-09-01T17:22:11Z,2026-09-01 17:21:31,SPXW,2026-09-04,C,7025.0,7633.7402,603.4,1.0,623.4,1.0,649.44,0.0,1.0,0.4281,0.9944,0.0001,-0.3058,0.1195,1.1466
2026-09-01T17:22:11Z,2026-09-01 17:21:31,SPXW,2026-09-04,P,7025.0,7633.7402,0.4,455.0,0.5,391.0,0.35,1.0,2870.0,0.3592,-0.0056,0.0001,-0.3794,0.1195,-0.0069
2026-09-01T17:22:11Z,2026-09-01 17:21:31,SPXW,2026-09-04,C,7030.0,7633.7402,598.9,1.0,617.5,1.0,611.47,2.0,0.0,0.4176,0.9942,0.0001,-0.3107,0.1213,1.1473
2026-09-01T17:22:11Z,2026-09-01 17:21:31,SPXW,2026-09-04,P,7030.0,7633.7402,0.4,486.0,0.5,345.0,0.35,0.0,75.0,0.3565,-0.0057,0.0001,-0.3836,0.1214,-0.007
2026-09-01T17:22:11Z,2026-09-01 17:21:31,SPXW,2026-09-04,C,7040.0,7633.7402,588.9,1.0,607.4,1.0,631.04,0.0,2.0,0.4093,0.994,0.0001,-0.3206,0.1251,1.1486
2026-09-01T17:22:11Z,2026-09-01 17:21:31,SPXW,2026-09-04,P,7040.0,7633.7402,0.45,140.0,0.5,241.0,0.4,1.0,252.0,0.3532,-0.0059,0.0001,-0.3923,0.1251,-0.0072
2026-09-01T17:22:11Z,2026-09-01 17:21:31,SPXW,2026-09-04,C,7050.0,7633.7402,578.9,1.0,597.5,1.0,590.65,3.0,180.0,0.4047,0.9938,0.0001,-0.3308,0.129,1.15
2026-09-01T17:22:11Z,2026-09-01 17:21:31,SPXW,2026-09-04,P,7050.0,7633.7402,0.45,278.0,0.5,24.0,0.43,5.0,4247.0,0.3477,-0.0061,0.0001,-0.4013,0.129,-0.0075
2026-09-01T17:22:11Z,2026-09-01 17:21:31,SPXW,2026-09-04,C,7060.0,7633.7402,571.8,1.0,587.4,1.0,0.0,0.0,0.0,0.439,0.9936,0.0001,-0.3413,0.133,1.1514
2026-09-01T17:22:11Z,2026-09-01 17:21:31,SPXW,2026-09-04,P,7060.0,7633.7402,0.45,306.0,0.55,490.0,0.4,0.0,100.0,0.3442,-0.0064,0.0001,-0.4106,0.1331,-0.0078
2026-09-01T17:22:11Z,2026-09-01 17:21:31,SPXW,2026-09-04,C,7070.0,7633.7402,561.9,1.0,577.5,1.0,600.28,0.0,2.0,0.4346,0.9934,0.0001,-0.3521,0.1373,1.1528
2026-09-01T17:22:11Z,2026-09-01 17:21:31,SPXW,2026-09-04,P,7070.0,7633.7402,0.45,430.0,0.55,356.0,0.4,0.0,131.0,0.3387,-0.0066,0.0001,-0.4203,0.1374,-0.008
2026-09-01T17:22:11Z,2026-09-01 17:21:31,SPXW,2026-09-04,C,7075.0,7633.7402,553.7,1.0,572.3,1.0,670.92,0.0,73.0,0.3811,0.9933,0.0001,-0.3577,0.1395,1.1534
2026-09-01T17:22:11Z,2026-09-01 17:21:31,SPXW,2026-09-04,P,7075.0,7633.7402,0.45,482.0,0.55,329.0,0.45,16.0,913.0,0.3359,-0.0067,0.0001,-0.4252,0.1395,-0.0082
2026-09-01T17:22:11Z,2026-09-01 17:21:31,SPXW,2026-09-04,C,7080.0,7633.7402,548.7,1.0,567.3,1.0,665.97,0.0,68.0,0.3779,0.9932,0.0001,-0.3634,0.1417,1.1541
2026-09-01T17:22:11Z,2026-09-01 17:21:31,SPXW,2026-09-04,P,7080.0,7633.7402,0.5,95.0,0.55,237.0,0.45,0.0,55.0,0.335,-0.0068,0.0001,-0.4303,0.1418,-0.0083
2026-09-01T17:22:11Z,2026-09-01 17:21:31,SPXW,2026-09-04,C,7090.0,7633.7402,538.7,1.0,559.0,1.0,581.43,0.0,2.0,0.392,0.9929,0.0001,-0.375,0.1464,1.1555
2026-09-01T17:22:11Z,2026-09-01 17:21:31,SPXW,2026-09-04,P,7090.0,7633.7402,0.5,264.0,0.6,558.0,0.45,1.0,163.0,0.3313,-0.0071,0.0001,-0.4408,0.1464,-0.0086
2026-09-01T17:22:11Z,2026-09-01 17:21:31,SPXW,2026-09-04,C,7100.0,7633.7402,531.0,1.0,547.6,1.0,586.02,0.0,18.0,0.4044,0.9926,0.0001,-0.387,0.1513,1.1568
2026-09-01T17:22:11Z,2026-09-01 17:21:31,SPXW,2026-09-04,P,7100.0,7633.7402,0.5,315.0,0.6,509.0,0.5,92.0,1360.0,0.3257,-0.0073,0.0001,-0.4516,0.1514,-0.009
2026-09-01T17:22:11Z,2026-09-01 17:21:31,SPXW,2026-09-04,C,7110.0,7633.7402,519.0,1.0,537.5,1.0,560.64,0.0,1.0,0.3677,0.9924,0.0001,-0.3995,0.1564,1.1581
2026-09-01T17:22:11Z,2026-09-01 17:21:31,SPXW,2026-09-04,P,7110.0,7633.7402,0.5,448.0,0.6,316.0,0.55,0.0,225.0,0.3201,-0.0076,0.0001,-0.4629,0.1565,-0.0093
2026-09-01T17:22:11Z,2026-09-01 17:21:31,SPXW,2026-09-04,C,7120.0,7633.7402,509.0,1.0,527.6,1.0,566.09,0.0,8.0,0.3629,0.9921,0.0001,-0.4125,0.1619,1.1594
2026-09-01T17:22:11Z,2026-09-01 17:21:31,SPXW,2026-09-04,P,7120.0,7633.7402,0.55,251.0,0.6,89.0,0.47,40.0,341.0,0.3162,-0.0079,0.0001,-0.4746,0.162,-0.0096
2026-09-01T17:22:11Z,2026-09-01 17:21:31,SPXW,2026-09-04,C,7125.0,7633.7402,506.9,1.0,522.4,1.0,553.62,0.0,11.0,0.3956,0.9919,0.0001,-0.4191,0.1648,1.16
2026-09-01T17:22:11Z,2026-09-01 17:21:31,SPXW,2026-09-04,P,7125.0,7633.7402,0.55,263.0,0.65,580.0,0.41,0.0,814.0,0.3151,-0.0081,0.0001,-0.4807,0.1648,-0.0098
2026-09-01T17:22:11Z,2026-09-01 17:21:31,SPXW,2026-09-04,C,7130.0,7633.7402,499.1,1.0,517.7,1.0,540.75,0.0,1.0,0.3596,0.9918,0.0001,-0.4259,0.1677,1.1606
2026-09-01T17:22:11Z,2026-09-01 17:21:31,SPXW,2026-09-04,P,7130.0,7633.7402,0.55,292.0,0.65,527.0,0.6,0.0,3784.0,0.3122,-0.0082,0.0001,-0.4869,0.1678,-0.01
2026-09-01T17:22:11Z,2026-09-01 17:21:31,SPXW,2026-09-04,C,7140.0,7633.7402,489.1,1.0,507.7,1.0,612.96,0.0,6.0,0.3531,0.9914,0.0001,-0.44,0.1737,1.1619
2026-09-01T17:22:11Z,2026-09-01 17:21:31,SPXW,2026-09-04,P,7140.0,7633.7402,0.55,353.0,0.65,372.0,0.45,0.0,12469.0,0.3066,-0.0086,0.0001,-0.4998,0.1738,-0.0104
2026-09-01T17:22:11Z,2026-09-01 17:21:31,SPXW,2026-09-04,C,7150.0,7633.7402,479.1,1.0,497.7,1.0,563.96,0.0,10.0,0.3466,0.9911,0.0001,-0.4546,0.1801,1.1631
2026-09-01T17:22:11Z,2026-09-01 17:21:31,SPXW,2026-09-04,P,7150.0,7633.7402,0.6,217.0,0.65,83.0,0.63,15.0,23810.0,0.3025,-0.0089,0.0001,-0.5132,0.1802,-0.0109
2026-09-01T17:22:11Z,2026-09-01 17:21:31,SPXW,2026-09-04,C,7160.0,7633.7402,472.0,1.0,487.4,1.0,523.6,0.0,6.0,0.3726,0.9907,0.0001,-0.4699,0.1869,1.1642
2026-09-01T17:22:11Z,2026-09-01 17:21:31,SPXW,2026-09-04,P,7160.0,7633.7402,0.6,296.0,0.7,521.0,0.65,0.0,1591.0,0.2983,-0.0093,0.0001,-0.5273,0.187,-0.0113
2026-09-01T17:22:11Z,2026-09-01 17:21:31,SPXW,2026-09-04,C,7170.0,7633.7402,458.9,1.0,477.5,1.0,0.0,0.0,0.0,0.3274,0.9903,0.0001,-0.4859,0.1939,1.1654
2026-09-01T17:22:11Z,2026-09-01 17:21:31,SPXW,2026-09-04,P,7170.0,7633.7402,0.6,348.0,0.7,325.0,0.7,0.0,451.0,0.2926,-0.0097,0.0001,-0.5421,0.194,-0.0118
2026-09-01T17:22:11Z,2026-09-01 17:21:31,SPXW,2026-09-04,C,7175.0,7633.7402,456.9,1.0,472.7,1.0,490.89,0.0,109.0,0.3644,0.9901,0.0001,-0.4942,0.1976,1.166
2026-09-01T17:22:11Z,2026-09-01 17:21:31,SPXW,2026-09-04,P,7175.0,7633.7402,0.65,77.0,0.7,217.0,0.55,2.0,467.0,0.2911,-0.0099,0.0001,-0.5498,0.1977,-0.0121
2026-09-01T17:22:11Z,2026-09-01 17:21:31,SPXW,2026-09-04,C,7180.0,7633.7402,448.9,1.0,467.5,1.0,286.2,0.0,1.0,0.3209,0.9899,0.0001,-0.5027,0.2014,1.1665
2026-09-01T17:22:11Z,2026-09-01 17:21:31,SPXW,2026-09-04,P,7180.0,7633.7402,0.65,202.0,0.7,51.0,0.6,0.0,230.0,0.2883,-0.0101,0.0001,-0.5578,0.2015,-0.0124
2026-09-01T17:22:11Z,2026-09-01 17:21:31,SPXW,2026-09-04,C,7190.0,7633.7402,442.1,1.0,457.8,1.0,493.43,0.0,5.0,0.357,0.9894,0.0001,-0.5204,0.2092,1.1676
2026-09-01T17:22:11Z,2026-09-01 17:21:31,SPXW,2026-09-04,P,7190.0,7633.7402,0.65,294.0,0.75,455.0,0.5,0.0,783.0,0.2839,-0.0105,0.0001,-0.5743,0.2094,-0.0129
2026-09-01T17:22:11Z,2026-09-01 17:21:31,SPXW,2026-09-04,C,7200.0,7633.7402,429.2,1.0,447.7,1.0,466.34,0.0,31.0,0.3155,0.989,0.0001,-0.539,0.2176,1.1686
2026-09-01T17:22:11Z,2026-09-01 17:21:31,SPXW,2026-09-04,P,7200.0,7633.7402,0.7,79.0,0.75,97.0,0.6,63.0,4857.0,0.2794,-0.011,0.0001,-0.5917,0.2177,-0.0135
2026-09-01T17:22:11Z,2026-09-01 17:21:31,SPXW,2026-09-04,C,7210.0,7633.7402,418.7,1.0,438.1,1.0,468.04,0.0,8.0,0.3076,0.9884,0.0001,-0.5587,0.2264,1.1697
2026-09-01T17:22:11Z,2026-09-01 17:21:31,SPXW,2026-09-04,P,7210.0,7633.7402,0.7,286.0,0.8,456.0,0.58,1.0,494.0,0.2749,-0.0115,0.0001,-0.6102,0.2266,-0.0141
2026-09-01T17:22:11Z,2026-09-01 17:21:31,SPXW,2026-09-04,C,7220.0,7633.7402,408.7,1.0,428.1,1.0,463.57,0.0,11.0,0.301,0.9879,0.0002,-0.5796,0.236,1.1706
2026-09-01T17:22:11Z,2026-09-01 17:21:31,SPXW,2026-09-04,P,7220.0,7633.7402,0.75,91.0,0.8,103.0,0.7,1.0,376.0,0.2702,-0.0121,0.0002,-0.6299,0.2361,-0.0148
2026-09-01T17:22:11Z,2026-09-01 17:21:31,SPXW,2026-09-04,C,7225.0,7633.7402,404.0,1.0,424.3,2.0,501.0,0.0,57.0,0.3163,0.9876,0.0002,-0.5904,0.241,1.1711
2026-09-01T17:22:11Z,2026-09-01 17:21:31,SPXW,2026-09-04,P,7225.0,7633.7402,0.75,201.0,0.8,50.0,0.62,2.0,512.0,0.2673,-0.0124,0.0002,-0.6402,0.2412,-0.0152
2026-09-01T17:22:11Z,2026-09-01 17:21:31,SPXW,2026-09-04,C,7230.0,7633.7402,398.7,1.0,417.9,1.0,430.53,1.0,5.0,0.2917,0.9873,0.0002,-0.6017,0.2462,1.1715
2026-09-01T17:22:11Z,2026-09-01 17:21:31,SPXW,2026-09-04,P,7230.0,7633.7402,0.75,231.0,0.85,477.0,0.73,2.0,3742.0,0.2655,-0.0127,0.0002,-0.6508,0.2464,-0.0155
2026-09-01T17:22:11Z,2026-09-01 17:21:31,SPXW,2026-09-04,C,7235.0,7633.7402,396.9,1.0,413.2,1.0,0.0,0.0,0.0,0.3274,0.987,0.0002,-0.6133,0.2516,1.172
2026-09-01T17:22:11Z,2026-09-01 17:21:31,SPXW,2026-09-04,P,7235.0,7633.7402,0.75,221.0,0.85,244.0,0.0,0.0,0.0,0.2626,-0.013,0.0002,-0.6618,0.2518,-0.0159
2026-09-01T17:22:11Z,2026-09-01 17:21:31,SPXW,2026-09-04,C,7240.0,7633.7402,392.2,1.0,407.9,1.0,469.0,0.0,6.0,0.3239,0.9866,0.0002,-0.6252,0.2572,1.1724
2026-09-01T17:22:11Z,2026-09-01 17:21:31,SPXW,2026-09-04,P,7240.0,7633.7402,0.8,166.0,0.85,58.0,0.6,7.0,285.0,0.2608,-0.0133,0.0002,-0.6732,0.2574,-0.0163
2026-09-01T17:22:11Z,2026-09-01 17:21:31,SPXW,2026-09-04,C,7245.0,7633.7402,384.1,1.0,402.7,1.0,0.0,0.0,0.0,0.2848,0.9863,0.0002,-0.6376,0.263,1.1728
2026-09-01T17:22:11Z,2026-09-01 17:21:31,SPXW,2026-09-04,P,7245.0,7633.7402,0.8,211.0,0.9,443.0,0.0,0.0,0.0,0.2589,-0.0137,0.0002,-0.685,0.2632,-0.0168
2026-09-01T17:22:11Z,2026-09-01 17:21:31,SPXW,2026-09-04,C,7250.0,7633.7402,382.1,1.0,398.0,1.0,433.25,0.0,25.0,0.3168,0.986,0.0002,-0.6504,0.2691,1.1732
2026-09-01T17:22:11Z,2026-09-01 17:21:31,SPXW,2026-09-04,P,7250.0,7633.7402,0.8,233.0,0.9,360.0,0.62,22.0,4450.0,0.256,-0.014,0.0002,-0.6972,0.2693,-0.0172
2026-09-01T17:22:11Z,2026-09-01 17:21:31,SPXW,2026-09-04,C,7255.0,7633.7402,376.9,1.0,394.4,1.0,0.0,0.0,0.0,0.3193,0.9856,0.0002,-0.6637,0.2753,1.1735
2026-09-01T17:22:11Z,2026-09-01 17:21:31,SPXW,2026-09-04,P,7255.0,7633.7402,0.85,78.0,0.9,61.0,0.7,0.0,2.0,0.254,-0.0144,0.0002,-0.7099,0.2755,-0.0177
2026-09-01T17:22:11Z,2026-09-01 17:21:31,SPXW,2026-09-04,C,7260.0,7633.7402,372.3,1.0,388.3,1.0,465.56,0.0,7.0,0.3141,0.9852,0.0002,-0.6775,0.2818,1.1738
2026-09-01T17:22:11Z,2026-09-01 17:21:31,SPXW,2026-09-04,P,7260.0,7633.7402,0.85,203.0,0.95,549.0,0.67,1.0,1764.0,0.252,-0.0148,0.0002,-0.7231,0.282,-0.0182
2026-09-01T17:22:11Z,2026-09-01 17:21:31,SPXW,2026-09-04,C,7265.0,7633.7402,367.0,1.0,383.0,1.0,425.76,0.0,3.0,0.3054,0.9848,0.0002,-0.6918,0.2885,1.1742
2026-09-01T17:22:11Z,2026-09-01 17:21:31,SPXW,2026-09-04,P,7265.0,7633.7402,0.85,222.0,0.95,249.0,0.6,0.0,2.0,0.2491,-0.0152,0.0002,-0.7368,0.2887,-0.0187
2026-09-01T17:22:11Z,2026-09-01 17:21:31,SPXW,2026-09-04,C,7270.0,7633.7402,359.4,1.0,378.0,1.0,242.2,0.0,8.0,0.2759,0.9844,0.0002,-0.7066,0.2954,1.1744
2026-09-01T17:22:11Z,2026-09-01 17:21:31,SPXW,2026-09-04,P,7270.0,7633.7402,0.9,154.0,0.95,34.0,0.9,8.0,387.0,0.2472,-0.0156,0.0002,-0.7507,0.2954,-0.0192
2026-09-01T17:22:11Z,2026-09-01 17:21:31,SPXW,2026-09-04,C,7275.0,7633.7402,354.5,1.0,373.1,1.0,409.06,0.0,9.0,0.2749,0.9839,0.0002,-0.7221,0.3026,1.1747
2026-09-01T17:22:11Z,2026-09-01 17:21:31,SPXW,2026-09-04,P,7275.0,7633.7402,0.9,203.0,1.0,405.0,0.67,49.0,901.0,0.245,-0.0161,0.0002,-0.766,0.3028,-0.0198
2026-09-01T17:22:11Z,2026-09-01 17:21:31,SPXW,2026-09-04,C,7280.0,7633.7402,348.9,1.0,368.2,1.0,410.81,0.0,7.0,0.2657,0.9834,0.0002,-0.7382,0.31,1.175
2026-09-01T17:22:11Z,2026-09-01 17:21:31,SPXW,2026-09-04,P,7280.0,7633.7402,0.95,77.0,1.0,80.0,0.7,2.0,402.0,0.2429,-0.0165,0.0002,-0.7815,0.3103,-0.0203
2026-09-01T17:22:11Z,2026-09-01 17:21:31,SPXW,2026-09-04,C,7285.0,7633.7402,347.1,1.0,363.1,1.0,408.53,0.0,1.0,0.293,0.983,0.0002,-0.755,0.3178,1.1752
2026-09-01T17:22:11Z,2026-09-01 17:21:31,SPXW,2026-09-04,P,7285.0,7633.7402,0.95,195.0,1.05,484.0,0.7,0.0,1.0,0.2409,-0.017,0.0002,-0.7972,0.3178,-0.0209
2026-09-01T17:22:11Z,2026-09-01 17:21:31,SPXW,2026-09-04,C,7290.0,7633.7402,342.3,1.0,358.1,1.0,425.0,0.0,5.0,0.2911,0.9824,0.0002,-0.7726,0.3258,1.1754
2026-09-01T17:22:11Z,2026-09-01 17:21:31,SPXW,2026-09-04,P,7290.0,7633.7402,1.0,44.0,1.05,78.0,1.0,29.0,247.0,0.2387,-0.0175,0.0002,-0.8142,0.3258,-0.0216
2026-09-01T17:22:11Z,2026-09-01 17:21:31,SPXW,2026-09-04,C,7295.0,7633.7402,337.1,1.0,353.1,1.0,400.33,0.0,1.0,0.2859,0.9819,0.0003,-0.7908,0.3343,1.1755
2026-09-01T17:22:11Z,2026-09-01 17:21:31,SPXW,2026-09-04,P,7295.0,7633.7402,1.0,180.0,1.1,424.0,1.0,4.0,1.0,0.2365,-0.0181,0.0003,-0.8318,0.3343,-0.0222
2026-09-01T17:22:11Z,2026-09-01 17:21:31,SPXW,2026-09-04,C,7300.0,7633.7402,329.6,1.0,348.2,1.0,353.85,1.0,63.0,0.2603,0.9813,0.0003,-0.8099,0.3431,1.1756
2026-09-01T17:22:11Z,2026-09-01 17:21:31,SPXW,2026-09-04,P,7300.0,7633.7402,1.05,42.0,1.1,68.0,1.0,29.0,4344.0,0.2343,-0.0186,0.0003,-0.8504,0.3431,-0.0229
2026-09-01T17:22:11Z,2026-09-01 17:21:31,SPXW,2026-09-04,C,7305.0,7633.7402,327.1,1.0,343.2,1.0,0.0,0.0,0.0,0.2796,0.9808,0.0003,-0.8299,0.3524,1.1758
2026-09-01T17:22:11Z,2026-09-01 17:21:31,SPXW,2026-09-04,P,7305.0,7633.7402,1.05,205.0,1.15,285.0,0.65,0.0,11.0,0.232,-0.0192,0.0003,-0.8697,0.3524,-0.0236
2026-09-01T17:22:11Z,2026-09-01 17:21:31,SPXW,2026-09-04,C,7310.0,7633.7402,319.1,1.0,338.4,1.0,372.95,0.0,10.0,0.2504,0.9801,0.0003,-0.8508,0.3621,1.1758
2026-09-01T17:22:11Z,2026-09-01 17:21:31,SPXW,2026-09-04,P,7310.0,7633.7402,1.1,77.0,1.2,496.0,1.05,19.0,354.0,0.2305,-0.0198,0.0003,-0.89,0.3621,-0.0244
2026-09-01T17:22:11Z,2026-09-01 17:21:31,SPXW,2026-09-04,C,7315.0,7633.7402,314.1,1.0,333.7,1.0,0.0,0.0,0.0,0.2502,0.9795,0.0003,-0.8728,0.3723,1.1758
2026-09-01T17:22:11Z,2026-09-01 17:21:31,SPXW,2026-09-04,P,7315.0,7633.7402,1.15,23.0,1.2,168.0,1.1,35.0,18.0,0.2282,-0.0205,0.0003,-0.9114,0.3723,-0.0252
2026-09-01T17:22:11Z,2026-09-01 17:21:31,SPXW,2026-09-04,C,7320.0,7633.7402,309.9,1.0,328.7,1.0,228.9,0.0,9.0,0.2546,0.9788,0.0003,-0.8957,0.383,1.1758
2026-09-01T17:22:11Z,2026-09-01 17:21:31,SPXW,2026-09-04,P,7320.0,7633.7402,1.15,184.0,1.25,280.0,0.95,20.0,334.0,0.2258,-0.0212,0.0003,-0.9337,0.383,-0.0261
2026-09-01T17:22:11Z,2026-09-01 17:21:31,SPXW,2026-09-04,C,7325.0,7633.7402,307.5,1.0,324.8,1.0,389.17,0.0,13.0,0.2763,0.978,0.0003,-0.9198,0.3942,1.1757
2026-09-01T17:22:11Z,2026-09-01 17:21:31,SPXW,2026-09-04,P,7325.0,7633.7402,1.2,72.0,1.3,468.0,1.15,37.0,1672.0,0.2241,-0.0219,0.0003,-0.9573,0.3942,-0.027
2026-09-01T17:22:11Z,2026-09-01 17:21:31,SPXW,2026-09-04,C,7330.0,7633.7402,299.8,1.0,318.4,1.0,352.18,0.0,3.0,0.244,0.9773,0.0003,-0.9452,0.406,1.1755
2026-09-01T17:22:11Z,2026-09-01 17:21:31,SPXW,2026-09-04,P,7330.0,7633.7402,1.25,30.0,1.3,53.0,1.2,51.0,371.0,0.2217,-0.0227,0.0003,-0.982,0.406,-0.0279
2026-09-01T17:22:11Z,2026-09-01 17:21:31,SPXW,2026-09-04,C,7335.0,7633.7402,294.8,1.0,314.9,1.0,317.18,2.0,0.0,0.2494,0.9764,0.0004,-0.9719,0.4182,1.1753
2026-09-01T17:22:11Z,2026-09-01 17:21:31,SPXW,2026-09-04,P,7335.0,7633.7402,1.3,22.0,1.35,151.0,1.3,54.0,6.0,0.2199,-0.0235,0.0004,-1.0081,0.4182,-0.029
2026-09-01T17:22:11Z,2026-09-01 17:21:31,SPXW,2026-09-04,C,7340.0,7633.7402,292.1,1.0,308.5,1.0,249.1,0.0,4.0,0.2568,0.9756,0.0004,-1.0,0.431,1.1751
2026-09-01T17:22:11Z,2026-09-01 17:21:31,SPXW,2026-09-04,P,7340.0,7633.7402,1.3,194.0,1.4,215.0,0.95,3.0,1127.0,0.2174,-0.0244,0.0004,-1.0356,0.431,-0.0301
2026-09-01T17:22:11Z,2026-09-01 17:21:31,SPXW,2026-09-04,C,7345.0,7633.7402,287.4,1.0,304.7,1.0,0.0,0.0,0.0,0.2635,0.9747,0.0004,-1.0296,0.4444,1.1747
2026-09-01T17:22:11Z,2026-09-01 17:21:31,SPXW,2026-09-04,P,7345.0,7633.7402,1.35,177.0,1.45,205.0,0.95,7.0,177.0,0.2155,-0.0253,0.0004,-1.0646,0.4444,-0.0312
2026-09-01T17:22:11Z,2026-09-01 17:21:31,SPXW,2026-09-04,C,7350.0,7633.7402,280.8,1.0,298.7,1.0,324.13,0.0,95.0,0.2413,0.9737,0.0004,-1.0608,0.4583,1.1743
2026-09-01T17:22:11Z,2026-09-01 17:21:31,SPXW,2026-09-04,P,7350.0,7633.7402,1.4,187.0,1.5,212.0,1.4,70.0,1929.0,0.2135,-0.0263,0.0004,-1.0952,0.4583,-0.0324
2026-09-01T17:22:11Z,2026-09-01 17:21:31,SPXW,2026-09-04,C,7355.0,7633.7402,277.4,1.0,295.1,1.0,0.0,0.0,0.0,0.2555,0.9727,0.0004,-1.0937,0.473,1.1739
2026-09-01T17:22:11Z,2026-09-01 17:21:31,SPXW,2026-09-04,P,7355.0,7633.7402,1.45,253.0,1.55,177.0,0.97,5.0,143.0,0.2115,-0.0273,0.0004,-1.1275,0.473,-0.0337
2026-09-01T17:22:11Z,2026-09-01 17:21:31,SPXW,2026-09-04,C,7360.0,7633.7402,270.9,1.0,288.7,1.0,280.01,1.0,17.0,0.235,0.9716,0.0004,-1.1284,0.4885,1.1733
2026-09-01T17:22:11Z,2026-09-01 17:21:31,SPXW,2026-09-04,P,7360.0,7633.7402,1.55,16.0,1.6,105.0,1.38,19.0,315.0,0.21,-0.0284,0.0004,-1.1616,0.4885,-0.0351
2026-09-01T17:22:11Z,2026-09-01 17:21:31,SPXW,2026-09-04,C,7365.0,7633.7402,266.0,1.0,285.2,1.0,0.0,0.0,0.0,0.2428,0.9704,0.0005,-1.1651,0.5049,1.1727
2026-09-01T17:22:11Z,2026-09-01 17:21:31,SPXW,2026-09-04,P,7365.0,7633.7402,1.6,14.0,1.65,59.0,0.98,5.0,162.0,0.2078,-0.0296,0.0005,-1.1977,0.5049,-0.0365
2026-09-01T17:22:11Z,2026-09-01 17:21:31,SPXW,2026-09-04,C,7370.0,7633.7402,262.6,1.0,278.8,1.0,286.45,2.0,32.0,0.2405,0.9692,0.0005,-1.2037,0.5222,1.172
2026-09-01T17:22:11Z,2026-09-01 17:21:31,SPXW,2026-09-04,P,7370.0,7633.7402,1.65,19.0,1.75,421.0,1.56,66.0,859.0,0.2062,-0.0308,0.0005,-1.2357,0.5222,-0.038
2026-09-01T17:22:11Z,2026-09-01 17:21:31,SPXW,2026-09-04,C,7375.0,7633.7402,257.9,1.0,274.0,1.0,303.84,0.0,87.0,0.2399,0.9678,0.0005,-1.2446,0.5404,1.1712
2026-09-01T17:22:11Z,2026-09-01 17:21:31,SPXW,2026-09-04,P,7375.0,7633.7402,1.7,214.0,1.8,213.0,1.65,311.0,569.0,0.2044,-0.0321,0.0005,-1.276,0.5404,-0.0396
2026-09-01T17:22:11Z,2026-09-01 17:21:31,SPXW,2026-09-04,C,7380.0,7633.7402,250.3,1.0,268.9,1.0,294.68,0.0,35.0,0.2177,0.9664,0.0005,-1.2877,0.5596,1.1703
2026-09-01T17:22:11Z,2026-09-01 17:21:31,SPXW,2026-09-04,P,7380.0,7633.7402,1.8,19.0,1.85,38.0,1.25,29.0,399.0,0.2021,-0.0335,0.0005,-1.3185,0.5596,-0.0414
2026-09-01T17:22:11Z,2026-09-01 17:21:31,SPXW,2026-09-04,C,7385.0,7633.7402,246.2,1.0,265.1,1.0,255.77,1.0,0.0,0.2287,0.965,0.0005,-1.3333,0.5798,1.1692
2026-09-01T17:22:11Z,2026-09-01 17:21:31,SPXW,2026-09-04,P,7385.0,7633.7402,1.85,204.0,1.95,175.0,1.7,55.0,222.0,0.2007,-0.035,0.0005,-1.3635,0.5798,-0.0433
2026-09-01T17:22:11Z,2026-09-01 17:21:31,SPXW,2026-09-04,C,7390.0,7633.7402,243.1,1.0,260.6,1.0,272.96,0.0,35.0,0.2363,0.9634,0.0006,-1.3815,0.6008,1.168
2026-09-01T17:22:11Z,2026-09-01 17:21:31,SPXW,2026-09-04,P,7390.0,7633.7402,1.95,19.0,2.05,269.0,1.85,23.0,578.0,0.1987,-0.0366,0.0006,-1.4111,0.6008,-0.0453
2026-09-01T17:22:11Z,2026-09-01 17:21:31,SPXW,2026-09-04,C,7395.0,7633.7402,235.0,1.0,254.4,1.0,268.73,2.0,4.0,0.2085,0.9617,0.0006,-1.4325,0.6229,1.1667
2026-09-01T17:22:11Z,2026-09-01 17:21:31,SPXW,2026-09-04,P,7395.0,7633.7402,2.05,14.0,2.1,31.0,2.05,10.0,263.0,0.1967,-0.0383,0.0006,-1.4615,0.6229,-0.0474
2026-09-01T17:22:11Z,2026-09-01 17:21:31,SPXW,2026-09-04,C,7400.0,7633.7402,233.2,1.0,250.8,1.0,252.47,1.0,172.0,0.2302,0.9599,0.0006,-1.4864,0.646,1.1653
2026-09-01T17:22:11Z,2026-09-01 17:21:31,SPXW,2026-09-04,P,7400.0,7633.7402,2.15,5.0,2.2,50.0,2.15,224.0,3977.0,0.195,-0.0401,0.0006,-1.5148,0.646,-0.0497
2026-09-01T17:22:11Z,2026-09-01 17:21:31,SPXW,2026-09-04,C,7405.0,7633.7402,225.7,1.0,245.9,1.0,0.0,0.0,0.0,0.2126,0.9579,0.0006,-1.5434,0.6703,1.1637
2026-09-01T17:22:11Z,2026-09-01 17:21:31,SPXW,2026-09-04,P,7405.0,7633.7402,2.25,25.0,2.3,57.0,2.15,18.0,217.0,0.1932,-0.042,0.0006,-1.5712,0.6703,-0.0521
2026-09-01T17:22:11Z,2026-09-01 17:21:31,SPXW,2026-09-04,C,7410.0,7633.7402,223.9,1.0,241.0,1.0,253.54,2.0,77.0,0.2297,0.9559,0.0007,-1.6035,0.696,1.162
2026-09-01T17:22:11Z,2026-09-01 17:21:31,SPXW,2026-09-04,P,7410.0,7633.7402,2.35,33.0,2.4,2.0,2.35,42.0,363.0,0.1917,-0.0441,0.0007,-1.6307,0.696,-0.0546
2026-09-01T17:22:11Z,2026-09-01 17:21:31,SPXW,2026-09-04,C,7415.0,7633.7402,215.8,1.0,236.1,1.0,0.0,0.0,0.0,0.2099,0.9537,0.0007,-1.667,0.7233,1.1601
2026-09-01T17:22:11Z,2026-09-01 17:21:31,SPXW,2026-09-04,P,7415.0,7633.7402,2.45,185.0,2.55,142.0,1.57,62.0,371.0,0.1901,-0.0463,0.0007,-1.6936,0.7233,-0.0573
2026-09-01T17:22:11Z,2026-09-01 17:21:31,SPXW,2026-09-04,C,7420.0,7633.7402,210.9,1.0,231.0,1.0,222.07,1.0,26.0,0.2049,0.9513,0.0008,-1.7341,0.752,1.158
2026-09-01T17:22:11Z,2026-09-01 17:21:31,SPXW,2026-09-04,P,7420.0,7633.7402,2.6,52.0,2.65,75.0,2.15,40.0,1247.0,0.1884,-0.0486,0.0008,-1.7601,0.752,-0.0602
2026-09-01T17:22:11Z,2026-09-01 17:21:31,SPXW,2026-09-04,C,7425.0,7633.7402,208.5,1.0,222.0,1.0,239.16,8.0,54.0,0.194,0.9488,0.0008,-1.8048,0.7821,1.1557
2026-09-01T17:22:11Z,2026-09-01 17:21:31,SPXW,2026-09-04,P,7425.0,7633.7402,2.7,211.0,2.8,91.0,2.6,62.0,2816.0,0.1866,-0.0511,0.0008,-1.8302,0.7821,-0.0634
2026-09-01T17:22:11Z,2026-09-01 17:21:31,SPXW,2026-09-04,C,7430.0,7633.7402,204.3,1.0,216.7,1.0,234.15,1.0,19.0,0.1933,0.9462,0.0008,-1.8795,0.8135,1.1531
2026-09-01T17:22:11Z,2026-09-01 17:21:31,SPXW,2026-09-04,P,7430.0,7633.7402,2.85,188.0,2.95,61.0,2.87,456.0,3452.0,0.185,-0.0538,0.0008,-1.9043,0.8135,-0.0668
2026-09-01T17:22:11Z,2026-09-01 17:21:31,SPXW,2026-09-04,C,7435.0,7633.7402,199.5,1.0,212.2,1.0,0.0,0.0,0.0,0.1935,0.9433,0.0009,-1.9582,0.8461,1.1504
2026-09-01T17:22:11Z,2026-09-01 17:21:31,SPXW,2026-09-04,P,7435.0,7633.7402,3.0,214.0,3.1,55.0,3.09,15.0,313.0,0.183,-0.0567,0.0009,-1.9824,0.8461,-0.0704
2026-09-01T17:22:11Z,2026-09-01 17:21:31,SPXW,2026-09-04,C,7440.0,7633.7402,194.6,1.0,207.4,1.0,212.74,3.0,32.0,0.1913,0.9403,0.0009,-2.0412,0.8802,1.1474
2026-09-01T17:22:11Z,2026-09-01 17:21:31,SPXW,2026-09-04,P,7440.0,7633.7402,3.2,1.0,3.3,186.0,3.1,451.0,539.0,0.1818,-0.0597,0.0009,-2.0648,0.8802,-0.0742
2026-09-01T17:22:11Z,2026-09-01 17:21:31,SPXW,2026-09-04,C,7445.0,7633.7402,192.4,1.0,199.1,16.0,326.02,0.0,3.0,0.1848,0.937,0.001,-2.1285,0.9162,1.1442
2026-09-01T17:22:11Z,2026-09-01 17:21:31,SPXW,2026-09-04,P,7445.0,7633.7402,3.3,241.0,3.5,115.0,2.9,195.0,399.0,0.1805,-0.063,0.001,-2.1515,0.9162,-0.0782
2026-09-01T17:22:11Z,2026-09-01 17:21:31,SPXW,2026-09-04,C,7450.0,7633.7402,187.6,1.0,194.3,16.0,201.74,2.0,182.0,0.1831,0.9336,0.001,-2.2203,0.9541,1.1407
2026-09-01T17:22:11Z,2026-09-01 17:21:31,SPXW,2026-09-04,P,7450.0,7633.7402,3.5,238.0,3.7,114.0,3.6,225.0,5174.0,0.179,-0.0664,0.001,-2.2427,0.9541,-0.0825
2026-09-01T17:22:11Z,2026-09-01 17:21:31,SPXW,2026-09-04,C,7455.0,7633.7402,183.2,1.0,189.4,16.0,224.5,0.0,8.0,0.1828,0.9298,0.0011,-2.3167,0.994,1.1369
2026-09-01T17:22:11Z,2026-09-01 17:21:31,SPXW,2026-09-04,P,7455.0,7633.7402,3.7,156.0,3.9,105.0,3.5,326.0,555.0,0.1774,-0.0701,0.0011,-2.3385,0.994,-0.0871
2026-09-01T17:22:11Z,2026-09-01 17:21:31,SPXW,2026-09-04,C,7460.0,7633.7402,178.4,1.0,184.7,16.0,181.69,2.0,41.0,0.1813,0.9259,0.0011,-2.4178,1.0355,1.1327
2026-09-01T17:22:11Z,2026-09-01 17:21:31,SPXW,2026-09-04,P,7460.0,7633.7402,4.0,1.0,4.1,87.0,3.6,83.0,752.0,0.1756,-0.0741,0.0011,-2.439,1.0355,-0.0921
2026-09-01T17:22:11Z,2026-09-01 17:21:31,SPXW,2026-09-04,C,7465.0,7633.7402,173.3,1.0,179.9,16.0,187.08,2.0,4.0,0.1778,0.9217,0.0012,-2.5238,1.0784,1.1282
2026-09-01T17:22:11Z,2026-09-01 17:21:31,SPXW,2026-09-04,P,7465.0,7633.7402,4.2,115.0,4.3,40.0,4.1,99.0,746.0,0.1742,-0.0783,0.0012,-2.5444,1.0784,-0.0975
2026-09-01T17:22:11Z,2026-09-01 17:21:31,SPXW,2026-09-04,C,7470.0,7633.7402,168.9,1.0,175.1,16.0,186.58,2.0,16.0,0.1774,0.9172,0.0012,-2.6349,1.1228,1.1233
2026-09-01T17:22:11Z,2026-09-01 17:21:31,SPXW,2026-09-04,P,7470.0,7633.7402,4.5,16.0,4.6,86.0,4.31,155.0,1134.0,0.1727,-0.0828,0.0012,-2.6549,1.1228,-0.1031
2026-09-01T17:22:11Z,2026-09-01 17:21:31,SPXW,2026-09-04,C,7475.0,7633.7402,164.2,1.0,170.4,16.0,184.01,2.0,91.0,0.176,0.9124,0.0013,-2.7509,1.169,1.1182
2026-09-01T17:22:11Z,2026-09-01 17:21:31,SPXW,2026-09-04,P,7475.0,7633.7402,4.7,155.0,4.9,89.0,4.8,307.0,1664.0,0.1715,-0.0876,0.0013,-2.7704,1.169,-0.1091
2026-09-01T17:22:11Z,2026-09-01 17:21:31,SPXW,2026-09-04,C,7480.0,7633.7402,159.5,1.0,165.7,16.0,175.77,1.0,60.0,0.1744,0.9073,0.0014,-2.872,1.2175,1.1127
2026-09-01T17:22:11Z,2026-09-01 17:21:31,SPXW,2026-09-04,P,7480.0,7633.7402,5.0,151.0,5.2,76.0,4.55,285.0,753.0,0.1701,-0.0927,0.0014,-2.8908,1.2175,-0.1154
2026-09-01T17:22:11Z,2026-09-01 17:21:31,SPXW,2026-09-04,C,7485.0,7633.7402,154.9,1.0,160.9,16.0,208.18,0.0,20.0,0.1726,0.9019,0.0014,-2.998,1.2682,1.1067
2026-09-01T17:22:11Z,2026-09-01 17:21:31,SPXW,2026-09-04,P,7485.0,7633.7402,5.3,78.0,5.5,75.0,5.49,184.0,542.0,0.1685,-0.0981,0.0014,-3.0162,1.2682,-0.1222
2026-09-01T17:22:11Z,2026-09-01 17:21:31,SPXW,2026-09-04,C,7490.0,7633.7402,150.2,1.0,156.3,16.0,170.08,2.0,33.0,0.1711,0.8961,0.0015,-3.129,1.3206,1.1001
2026-09-01T17:22:11Z,2026-09-01 17:21:31,SPXW,2026-09-04,P,7490.0,7633.7402,5.7,86.0,5.8,1.0,5.7,265.0,767.0,0.1672,-0.1039,0.0015,-3.1467,1.3206,-0.1296
2026-09-01T17:22:11Z,2026-09-01 17:21:31,SPXW,2026-09-04,C,7495.0,7633.7402,145.8,1.0,151.7,16.0,149.53,2.0,20.0,0.1705,0.89,0.0016,-3.265,1.3741,1.0931
2026-09-01T17:22:11Z,2026-09-01 17:21:31,SPXW,2026-09-04,P,7495.0,7633.7402,6.1,1.0,6.2,51.0,6.1,268.0,549.0,0.1661,-0.11,0.0016,-3.282,1.3741,-0.1374
2026-09-01T17:22:11Z,2026-09-01 17:21:31,SPXW,2026-09-04,C,7500.0,7633.7402,141.3,6.0,146.3,6.0,196.46,0.0,549.0,0.1665,0.8834,0.0017,-3.4058,1.429,1.0858
2026-09-01T17:22:11Z,2026-09-01 17:21:31,SPXW,2026-09-04,P,7500.0,7633.7402,6.4,81.0,6.6,50.0,6.6,702.0,7278.0,0.1644,-0.1166,0.0017,-3.4223,1.429,-0.1456
2026-09-01T17:22:11Z,2026-09-01 17:21:31,SPXW,2026-09-04,C,7505.0,7633.7402,136.4,1.0,142.5,16.0,182.23,0.0,52.0,0.1666,0.8765,0.0018,-3.5513,1.4857,1.078
2026-09-01T17:22:11Z,2026-09-01 17:21:31,SPXW,2026-09-04,P,7505.0,7633.7402,6.9,44.0,7.0,48.0,6.41,199.0,532.0,0.1632,-0.1235,0.0018,-3.5671,1.4857,-0.1543
2026-09-01T17:22:11Z,2026-09-01 17:21:31,SPXW,2026-09-04,C,7510.0,7633.7402,132.2,9.0,137.2,7.0,147.07,27.0,1114.0,0.1642,0.8691,0.0018,-3.701,1.5447,1.0695
2026-09-01T17:22:11Z,2026-09-01 17:21:31,SPXW,2026-09-04,P,7510.0,7633.7402,7.3,75.0,7.5,61.0,7.12,1219.0,3460.0,0.1619,-0.1308,0.0018,-3.7162,1.5447,-0.1635
2026-09-01T17:22:11Z,2026-09-01 17:21:31,SPXW,2026-09-04,C,7515.0,7633.7402,127.4,1.0,133.3,16.0,132.87,50.0,3.0,0.1635,0.8613,0.0019,-3.8547,1.6054,1.0604
2026-09-01T17:22:11Z,2026-09-01 17:21:31,SPXW,2026-09-04,P,7515.0,7633.7402,7.8,73.0,8.0,58.0,7.85,391.0,9510.0,0.1607,-0.1386,0.0019,-3.8693,1.6054,-0.1734
2026-09-01T17:22:11Z,2026-09-01 17:21:31,SPXW,2026-09-04,C,7520.0,7633.7402,122.5,1.0,128.9,16.0,136.55,2.0,51.0,0.161,0.8531,0.002,-4.012,1.6667,1.0507
2026-09-01T17:22:11Z,2026-09-01 17:21:31,SPXW,2026-09-04,P,7520.0,7633.7402,8.3,69.0,8.5,41.0,7.45,502.0,7304.0,0.1596,-0.1469,0.002,-4.0261,1.6667,-0.184
2026-09-01T17:22:11Z,2026-09-01 17:21:31,SPXW,2026-09-04,C,7525.0,7633.7402,118.8,7.0,123.9,1.0,128.37,18.0,1203.0,0.1599,0.8443,0.0021,-4.1727,1.7285,1.0405
2026-09-01T17:22:11Z,2026-09-01 17:21:31,SPXW,2026-09-04,P,7525.0,7633.7402,8.9,66.0,9.1,56.0,8.8,679.0,6359.0,0.158,-0.1557,0.0021,-4.1861,1.7285,-0.195
2026-09-01T17:22:11Z,2026-09-01 17:21:31,SPXW,2026-09-04,C,7530.0,7633.7402,114.3,1.0,119.8,1.0,190.01,0.0,38.0,0.1594,0.8351,0.0022,-4.336,1.7916,1.0298
2026-09-01T17:22:11Z,2026-09-01 17:21:31,SPXW,2026-09-04,P,7530.0,7633.7402,9.5,64.0,9.7,53.0,9.42,435.0,961.0,0.157,-0.1649,0.0022,-4.3488,1.7916,-0.2065
2026-09-01T17:22:11Z,2026-09-01 17:21:31,SPXW,2026-09-04,C,7535.0,7633.7402,109.8,1.0,115.5,1.0,150.67,0.0,20.0,0.1579,0.8253,0.0023,-4.5013,1.8564,1.0183
2026-09-01T17:22:11Z,2026-09-01 17:21:31,SPXW,2026-09-04,P,7535.0,7633.7402,10.1,64.0,10.3,38.0,9.2,297.0,1499.0,0.1558,-0.1746,0.0023,-4.5136,1.8564,-0.2188
2026-09-01T17:22:11Z,2026-09-01 17:21:31,SPXW,2026-09-04,C,7540.0,7633.7402,105.5,1.0,111.1,1.0,127.38,13.0,56.0,0.1564,0.815,0.0024,-4.668,1.922,1.006
2026-09-01T17:22:11Z,2026-09-01 17:21:31,SPXW,2026-09-04,P,7540.0,7633.7402,10.8,63.0,11.0,36.0,10.6,265.0,1041.0,0.1547,-0.1849,0.0024,-4.6796,1.922,-0.232
2026-09-01T17:22:11Z,2026-09-01 17:21:31,SPXW,2026-09-04,C,7545.0,7633.7402,101.5,1.0,107.1,1.0,113.95,2.0,3.0,0.1567,0.8042,0.0025,-4.8351,1.987,0.993
2026-09-01T17:22:11Z,2026-09-01 17:21:31,SPXW,2026-09-04,P,7545.0,7633.7402,11.6,27.0,11.8,54.0,11.7,397.0,619.0,0.1533,-0.1958,0.0025,-4.8462,1.987,-0.2458
2026-09-01T17:22:11Z,2026-09-01 17:21:31,SPXW,2026-09-04,C,7550.0,7633.7402,99.0,2.0,100.5,2.0,100.99,295.0,222.0,0.152,0.7928,0.0026,-5.002,2.0515,0.9795
2026-09-01T17:22:11Z,2026-09-01 17:21:31,SPXW,2026-09-04,P,7550.0,7633.7402,12.4,1.0,12.5,16.0,12.0,997.0,2942.0,0.1522,-0.2072,0.0026,-5.0125,2.0515,-0.2601
2026-09-01T17:22:11Z,2026-09-01 17:21:31,SPXW,2026-09-04,C,7555.0,7633.7402,95.0,2.0,96.3,2.0,104.87,2.0,36.0,0.1511,0.7809,0.0028,-5.1677,2.1165,0.9653
2026-09-01T17:22:11Z,2026-09-01 17:21:31,SPXW,2026-09-04,P,7555.0,7633.7402,13.2,56.0,13.4,38.0,12.8,176.0,605.0,0.1513,-0.2191,0.0028,-5.1775,2.1165,-0.2751
2026-09-01T17:22:11Z,2026-09-01 17:21:31,SPXW,2026-09-04,C,7560.0,7633.7402,90.9,3.0,92.2,3.0,95.1,28.0,94.0,0.1499,0.7683,0.0029,-5.3309,2.1818,0.9501
2026-09-01T17:22:11Z,2026-09-01 17:21:31,SPXW,2026-09-04,P,7560.0,7633.7402,14.1,54.0,14.3,43.0,13.98,336.0,856.0,0.1502,-0.2316,0.0029,-5.3401,2.1818,-0.2911
2026-09-01T17:22:11Z,2026-09-01 17:21:31,SPXW,2026-09-04,C,7565.0,7633.7402,86.9,4.0,88.1,4.0,88.58,11.0,49.0,0.1488,0.7552,0.003,-5.4906,2.2457,0.9341
2026-09-01T17:22:11Z,2026-09-01 17:21:31,SPXW,2026-09-04,P,7565.0,7633.7402,15.1,14.0,15.2,10.0,15.15,154.0,1576.0,0.1487,-0.2448,0.003,-5.4992,2.2457,-0.308
2026-09-01T17:22:11Z,2026-09-01 17:21:31,SPXW,2026-09-04,C,7570.0,7633.7402,83.4,9.0,83.7,7.0,87.1,57.0,424.0,0.1482,0.7415,0.0031,-5.6456,2.3075,0.9176
2026-09-01T17:22:11Z,2026-09-01 17:21:31,SPXW,2026-09-04,P,7570.0,7633.7402,16.1,24.0,16.2,8.0,15.5,353.0,1702.0,0.1475,-0.2585,0.0031,-5.6536,2.3075,-0.3253
2026-09-01T17:22:11Z,2026-09-01 17:21:31,SPXW,2026-09-04,C,7575.0,7633.7402,79.5,7.0,79.8,7.0,80.62,42.0,341.0,0.1471,0.7271,0.0032,-5.7947,2.3679,0.9004
2026-09-01T17:22:11Z,2026-09-01 17:21:31,SPXW,2026-09-04,P,7575.0,7633.7402,17.1,47.0,17.3,8.0,17.31,1299.0,2222.0,0.1465,-0.2728,0.0032,-5.8021,2.3679,-0.3433
2026-09-01T17:22:11Z,2026-09-01 17:21:31,SPXW,2026-09-04,C,7580.0,7633.7402,75.7,1.0,75.9,8.0,76.04,43.0,345.0,0.1462,0.7122,0.0033,-5.9365,2.4272,0.8822
2026-09-01T17:22:11Z,2026-09-01 17:21:31,SPXW,2026-09-04,P,7580.0,7633.7402,18.3,34.0,18.5,29.0,18.08,289.0,1020.0,0.1456,-0.2878,0.0033,-5.9433,2.4272,-0.3623
2026-09-01T17:22:11Z,2026-09-01 17:21:31,SPXW,2026-09-04,C,7585.0,7633.7402,71.9,7.0,72.2,7.0,75.6,15.0,109.0,0.1449,0.6967,0.0034,-6.0695,2.4841,0.863
2026-09-01T17:22:11Z,2026-09-01 17:21:31,SPXW,2026-09-04,P,7585.0,7633.7402,19.5,38.0,19.7,21.0,19.6,212.0,590.0,0.1444,-0.3033,0.0034,-6.0757,2.4841,-0.3823
2026-09-01T17:22:11Z,2026-09-01 17:21:31,SPXW,2026-09-04,C,7590.0,7633.7402,68.2,7.0,68.5,11.0,68.92,73.0,130.0,0.1438,0.6806,0.0035,-6.1923,2.5371,0.8434
2026-09-01T17:22:11Z,2026-09-01 17:21:31,SPXW,2026-09-04,P,7590.0,7633.7402,20.8,38.0,21.0,25.0,20.24,268.0,840.0,0.1433,-0.3194,0.0035,-6.1979,2.5371,-0.4028
2026-09-01T17:22:11Z,2026-09-01 17:21:31,SPXW,2026-09-04,C,7595.0,7633.7402,64.6,10.0,64.8,1.0,66.9,40.0,31.0,0.1427,0.6638,0.0036,-6.3038,2.5868,0.8232
2026-09-01T17:22:11Z,2026-09-01 17:21:31,SPXW,2026-09-04,P,7595.0,7633.7402,22.2,13.0,22.4,29.0,21.27,148.0,557.0,0.1422,-0.3361,0.0036,-6.3088,2.5868,-0.4238
2026-09-01T17:22:11Z,2026-09-01 17:21:31,SPXW,2026-09-04,C,7600.0,7633.7402,61.0,13.0,61.3,13.0,62.0,218.0,545.0,0.1416,0.6466,0.0037,-6.4023,2.6337,0.802
2026-09-01T17:22:11Z,2026-09-01 17:21:31,SPXW,2026-09-04,P,7600.0,7633.7402,23.7,6.0,23.9,34.0,23.7,2068.0,4884.0,0.1413,-0.3534,0.0037,-6.4067,2.6337,-0.4459
2026-09-01T17:22:11Z,2026-09-01 17:21:31,SPXW,2026-09-04,C,7605.0,7633.7402,57.5,14.0,57.8,14.0,57.7,17.0,54.0,0.1405,0.6287,0.0038,-6.4862,2.6762,0.7798
2026-09-01T17:22:11Z,2026-09-01 17:21:31,SPXW,2026-09-04,P,7605.0,7633.7402,25.2,34.0,25.4,21.0,24.9,138.0,1039.0,0.1401,-0.3713,0.0038,-6.49,2.6762,-0.4689
2026-09-01T17:22:11Z,2026-09-01 17:21:31,SPXW,2026-09-04,C,7610.0,7633.7402,54.2,12.0,54.5,14.0,54.5,102.0,163.0,0.1395,0.6103,0.0039,-6.5544,2.7134,0.7573
2026-09-01T17:22:11Z,2026-09-01 17:21:31,SPXW,2026-09-04,P,7610.0,7633.7402,26.8,34.0,27.1,30.0,26.8,236.0,928.0,0.1392,-0.3897,0.0039,-6.5576,2.7134,-0.4922
2026-09-01T17:22:11Z,2026-09-01 17:21:31,SPXW,2026-09-04,C,7615.0,7633.7402,50.9,15.0,51.2,16.0,51.9,77.0,113.0,0.1385,0.5914,0.004,-6.6057,2.7455,0.7342
2026-09-01T17:22:11Z,2026-09-01 17:21:31,SPXW,2026-09-04,P,7615.0,7633.7402,28.5,35.0,28.8,25.0,26.7,401.0,1088.0,0.1381,-0.4086,0.004,-6.6083,2.7455,-0.516
2026-09-01T17:22:11Z,2026-09-01 17:21:31,SPXW,2026-09-04,C,7620.0,7633.7402,47.8,6.0,48.0,11.0,48.7,159.0,266.0,0.1374,0.572,0.004,-6.6386,2.7725,0.71
2026-09-01T17:22:11Z,2026-09-01 17:21:31,SPXW,2026-09-04,P,7620.0,7633.7402,30.4,1.0,30.6,27.0,30.2,384.0,1036.0,0.1369,-0.428,0.004,-6.6407,2.7725,-0.541
2026-09-01T17:22:11Z,2026-09-01 17:21:31,SPXW,2026-09-04,C,7625.0,7633.7402,44.7,8.0,44.9,6.0,45.2,218.0,276.0,0.1364,0.5521,0.0041,-6.652,2.7934,0.6853
2026-09-01T17:22:11Z,2026-09-01 17:21:31,SPXW,2026-09-04,P,7625.0,7633.7402,32.3,21.0,32.5,15.0,31.6,927.0,1392.0,0.136,-0.4479,0.0041,-6.6534,2.7934,-0.5666
2026-09-01T17:22:11Z,2026-09-01 17:21:31,SPXW,2026-09-04,C,7630.0,7633.7402,41.7,19.0,42.0,21.0,41.7,453.0,90.0,0.1354,0.5318,0.0042,-6.6451,2.8075,0.6605
2026-09-01T17:22:11Z,2026-09-01 17:21:31,SPXW,2026-09-04,P,7630.0,7633.7402,34.3,36.0,34.5,6.0,34.4,377.0,1721.0,0.1351,-0.4682,0.0042,-6.646,2.8075,-0.5922
2026-09-01T17:22:11Z,2026-09-01 17:21:31,SPXW,2026-09-04,C,7635.0,7633.7402,38.8,23.0,39.1,23.0,38.8,545.0,181.0,0.1343,0.5111,0.0042,-6.6173,2.8149,0.635
2026-09-01T17:22:11Z,2026-09-01 17:21:31,SPXW,2026-09-04,P,7635.0,7633.7402,36.5,6.0,36.7,25.0,36.6,486.0,395.0,0.134,-0.4889,0.0042,-6.6176,2.8149,-0.6186
2026-09-01T17:22:11Z,2026-09-01 17:21:31,SPXW,2026-09-04,C,7640.0,7633.7402,36.1,20.0,36.3,17.0,36.32,586.0,99.0,0.1333,0.4901,0.0042,-6.5676,2.8152,0.6086
2026-09-01T17:22:11Z,2026-09-01 17:21:31,SPXW,2026-09-04,P,7640.0,7633.7402,38.7,12.0,38.9,13.0,38.7,662.0,1310.0,0.133,-0.5099,0.0042,-6.5673,2.8152,-0.6458
2026-09-01T17:22:11Z,2026-09-01 17:21:31,SPXW,2026-09-04,C,7645.0,7633.7402,33.4,24.0,33.7,26.0,33.6,486.0,132.0,0.1323,0.4688,0.0042,-6.4958,2.808,0.5823
2026-09-01T17:22:11Z,2026-09-01 17:21:31,SPXW,2026-09-04,P,7645.0,7633.7402,41.0,18.0,41.3,18.0,40.7,430.0,470.0,0.132,-0.5312,0.0042,-6.4948,2.808,-0.6729
2026-09-01T17:22:11Z,2026-09-01 17:21:31,SPXW,2026-09-04,C,7650.0,7633.7402,30.9,29.0,31.1,6.0,31.11,1391.0,1236.0,0.1313,0.4472,0.0043,-6.4021,2.7931,0.5559
2026-09-01T17:22:11Z,2026-09-01 17:21:31,SPXW,2026-09-04,P,7650.0,7633.7402,43.5,2.0,43.7,13.0,43.2,1564.0,3462.0,0.131,-0.5527,0.0043,-6.4006,2.7931,-0.7001
2026-09-01T17:22:11Z,2026-09-01 17:21:31,SPXW,2026-09-04,C,7655.0,7633.7402,28.5,20.0,28.7,20.0,29.24,372.0,260.0,0.1304,0.4256,0.0042,-6.2865,2.7699,0.5287
2026-09-01T17:22:11Z,2026-09-01 17:21:31,SPXW,2026-09-04,P,7655.0,7633.7402,46.1,6.0,46.3,13.0,45.0,275.0,387.0,0.1301,-0.5744,0.0042,-6.2843,2.7699,-0.7282
2026-09-01T17:22:11Z,2026-09-01 17:21:31,SPXW,2026-09-04,C,7660.0,7633.7402,26.2,17.0,26.4,19.0,26.2,267.0,172.0,0.1295,0.4038,0.0042,-6.1492,2.7388,0.5016
2026-09-01T17:22:11Z,2026-09-01 17:21:31,SPXW,2026-09-04,P,7660.0,7633.7402,48.7,12.0,49.0,12.0,47.2,331.0,618.0,0.1292,-0.5961,0.0042,-6.1465,2.7388,-0.756
2026-09-01T17:22:11Z,2026-09-01 17:21:31,SPXW,2026-09-04,C,7665.0,7633.7402,24.0,26.0,24.2,27.0,25.0,175.0,172.0,0.1286,0.3821,0.0042,-5.9915,2.7002,0.4749
2026-09-01T17:22:11Z,2026-09-01 17:21:31,SPXW,2026-09-04,P,7665.0,7633.7402,51.6,1.0,51.8,12.0,49.7,186.0,1308.0,0.1283,-0.6178,0.0042,-5.9882,2.7002,-0.7835
2026-09-01T17:22:11Z,2026-09-01 17:21:31,SPXW,2026-09-04,C,7670.0,7633.7402,21.9,27.0,22.1,13.0,22.0,262.0,564.0,0.1277,0.3605,0.0042,-5.8145,2.6529,0.4478
2026-09-01T17:22:11Z,2026-09-01 17:21:31,SPXW,2026-09-04,P,7670.0,7633.7402,54.5,12.0,54.8,13.0,54.64,194.0,1007.0,0.1273,-0.6395,0.0042,-5.8106,2.6529,-0.8115
2026-09-01T17:22:11Z,2026-09-01 17:21:31,SPXW,2026-09-04,C,7675.0,7633.7402,20.0,7.0,20.2,35.0,20.42,323.0,405.0,0.1269,0.3391,0.0041,-5.6191,2.5976,0.421
2026-09-01T17:22:11Z,2026-09-01 17:21:31,SPXW,2026-09-04,P,7675.0,7633.7402,57.5,9.0,57.7,3.0,55.72,497.0,2442.0,0.1264,-0.6609,0.0041,-5.6146,2.5976,-0.8391
2026-09-01T17:22:11Z,2026-09-01 17:21:31,SPXW,2026-09-04,C,7680.0,7633.7402,18.1,48.0,18.3,19.0,18.59,569.0,1392.0,0.1262,0.318,0.004,-5.4074,2.5359,0.395
2026-09-01T17:22:11Z,2026-09-01 17:21:31,SPXW,2026-09-04,P,7680.0,7633.7402,60.6,10.0,60.9,10.0,60.03,204.0,1518.0,0.1255,-0.682,0.004,-5.4023,2.5359,-0.8659
2026-09-01T17:22:11Z,2026-09-01 17:21:31,SPXW,2026-09-04,C,7685.0,7633.7402,16.4,34.0,16.6,46.0,16.5,229.0,367.0,0.125,0.2972,0.0039,-5.1813,2.4664,0.369
2026-09-01T17:22:11Z,2026-09-01 17:21:31,SPXW,2026-09-04,P,7685.0,7633.7402,63.6,4.0,64.8,2.0,64.23,184.0,471.0,0.1254,-0.7028,0.0039,-5.1755,2.4664,-0.8928
2026-09-01T17:22:11Z,2026-09-01 17:21:31,SPXW,2026-09-04,C,7690.0,7633.7402,14.8,41.0,15.0,38.0,15.0,246.0,434.0,0.1242,0.2768,0.0038,-4.9425,2.3895,0.3435
2026-09-01T17:22:11Z,2026-09-01 17:21:31,SPXW,2026-09-04,P,7690.0,7633.7402,66.8,2.0,68.0,2.0,66.41,163.0,588.0,0.1246,-0.7231,0.0038,-4.9361,2.3895,-0.9191
2026-09-01T17:22:11Z,2026-09-01 17:21:31,SPXW,2026-09-04,C,7695.0,7633.7402,13.3,43.0,13.5,48.0,13.8,136.0,415.0,0.1234,0.257,0.0037,-4.6933,2.308,0.3191
2026-09-01T17:22:11Z,2026-09-01 17:21:31,SPXW,2026-09-04,P,7695.0,7633.7402,70.3,2.0,71.5,2.0,67.48,625.0,861.0,0.1238,-0.7429,0.0037,-4.6864,2.308,-0.9443
2026-09-01T17:22:11Z,2026-09-01 17:21:31,SPXW,2026-09-04,C,7700.0,7633.7402,11.9,56.0,12.1,50.0,12.07,1400.0,2878.0,0.123,0.2378,0.0036,-4.4362,2.2207,0.295
2026-09-01T17:22:11Z,2026-09-01 17:21:31,SPXW,2026-09-04,P,7700.0,7633.7402,73.9,2.0,75.2,2.0,74.21,579.0,3378.0,0.1232,-0.7621,0.0036,-4.4286,2.2207,-0.9692
2026-09-01T17:22:11Z,2026-09-01 17:21:31,SPXW,2026-09-04,C,7705.0,7633.7402,10.6,58.0,10.8,27.0,11.1,244.0,455.0,0.1222,0.2193,0.0034,-4.1731,2.1274,0.2718
2026-09-01T17:22:11Z,2026-09-01 17:21:31,SPXW,2026-09-04,P,7705.0,7633.7402,77.6,2.0,79.0,2.0,78.08,50.0,294.0,0.1224,-0.7806,0.0034,-4.165,2.1274,-0.9932
2026-09-01T17:22:11Z,2026-09-01 17:21:31,SPXW,2026-09-04,C,7710.0,7633.7402,9.5,37.0,9.6,17.0,9.7,396.0,695.0,0.1213,0.2015,0.0033,-3.9065,2.0317,0.2499
2026-09-01T17:22:11Z,2026-09-01 17:21:31,SPXW,2026-09-04,P,7710.0,7633.7402,81.4,2.0,82.8,2.0,81.6,116.0,1006.0,0.1218,-0.7985,0.0033,-3.8977,2.0317,-1.0159
2026-09-01T17:22:11Z,2026-09-01 17:21:31,SPXW,2026-09-04,C,7715.0,7633.7402,8.4,53.0,8.6,68.0,8.47,561.0,2032.0,0.1208,0.1845,0.0031,-3.6388,1.9325,0.2285
2026-09-01T17:22:11Z,2026-09-01 17:21:31,SPXW,2026-09-04,P,7715.0,7633.7402,85.3,2.0,86.7,2.0,70.83,123.0,531.0,0.1211,-0.8155,0.0031,-3.6294,1.9325,-1.0382
2026-09-01T17:22:11Z,2026-09-01 17:21:31,SPXW,2026-09-04,C,7720.0,7633.7402,7.4,67.0,7.6,65.0,7.52,1056.0,746.0,0.12,0.1682,0.003,-3.372,1.8295,0.2082
2026-09-01T17:22:11Z,2026-09-01 17:21:31,SPXW,2026-09-04,P,7720.0,7633.7402,89.3,2.0,90.8,2.0,88.41,585.0,818.0,0.1206,-0.8318,0.003,-3.3621,1.8295,-1.0593
2026-09-01T17:22:11Z,2026-09-01 17:21:31,SPXW,2026-09-04,C,7725.0,7633.7402,6.5,70.0,6.7,65.0,6.6,895.0,1657.0,0.1196,0.1528,0.0028,-3.1084,1.7263,0.1892
2026-09-01T17:22:11Z,2026-09-01 17:21:31,SPXW,2026-09-04,P,7725.0,7633.7402,93.4,3.0,94.8,2.0,94.01,473.0,1816.0,0.1197,-0.8472,0.0028,-3.0979,1.7263,-1.0791
2026-09-01T17:22:11Z,2026-09-01 17:21:31,SPXW,2026-09-04,C,7730.0,7633.7402,5.7,80.0,5.9,67.0,5.8,453.0,486.0,0.1187,0.1383,0.0026,-2.8504,1.622,0.1709
2026-09-01T17:22:11Z,2026-09-01 17:21:31,SPXW,2026-09-04,P,7730.0,7633.7402,97.6,2.0,99.0,2.0,97.24,56.0,386.0,0.1195,-0.8617,0.0026,-2.8392,1.622,-1.0982
2026-09-01T17:22:11Z,2026-09-01 17:21:31,SPXW,2026-09-04,C,7735.0,7633.7402,5.0,93.0,5.1,26.0,5.2,477.0,587.0,0.1183,0.1246,0.0024,-2.5997,1.5165,0.154
2026-09-01T17:22:11Z,2026-09-01 17:21:31,SPXW,2026-09-04,P,7735.0,7633.7402,100.1,6.0,104.3,2.0,101.1,48.0,225.0,0.1142,-0.8754,0.0024,-2.5879,1.5165,-1.116
2026-09-01T17:22:11Z,2026-09-01 17:21:31,SPXW,2026-09-04,C,7740.0,7633.7402,4.4,16.0,4.5,126.0,4.63,386.0,788.0,0.1177,0.1118,0.0023,-2.3582,1.4131,0.1382
2026-09-01T17:22:11Z,2026-09-01 17:21:31,SPXW,2026-09-04,P,7740.0,7633.7402,104.5,6.0,109.4,2.0,105.48,4.0,750.0,0.116,-0.8882,0.0023,-2.3458,1.4131,-1.1326
2026-09-01T17:22:11Z,2026-09-01 17:21:31,SPXW,2026-09-04,C,7745.0,7633.7402,3.8,46.0,3.9,82.0,3.85,739.0,1664.0,0.1174,0.0999,0.0021,-2.1277,1.3108,0.1233
2026-09-01T17:22:11Z,2026-09-01 17:21:31,SPXW,2026-09-04,P,7745.0,7633.7402,108.9,6.0,113.9,2.0,107.73,7.0,230.0,0.1156,-0.9,0.0021,-2.1148,1.3108,-1.1484
2026-09-01T17:22:11Z,2026-09-01 17:21:31,SPXW,2026-09-04,C,7750.0,7633.7402,3.3,20.0,3.4,142.0,3.37,1910.0,4042.0,0.1167,0.089,0.0019,-1.9097,1.2101,0.1097
2026-09-01T17:22:11Z,2026-09-01 17:21:31,SPXW,2026-09-04,P,7750.0,7633.7402,113.3,1.0,118.4,8.0,93.8,104.0,3273.0,0.1152,-0.911,0.0019,-1.8961,1.2101,-1.1627
2026-09-01T17:22:11Z,2026-09-01 17:21:31,SPXW,2026-09-04,C,7755.0,7633.7402,2.8,165.0,2.9,62.0,3.05,307.0,1482.0,0.1162,0.0789,0.0018,-1.7052,1.1135,0.0972
2026-09-01T17:22:11Z,2026-09-01 17:21:31,SPXW,2026-09-04,P,7755.0,7633.7402,117.1,1.0,123.2,1.0,117.79,3.0,147.0,0.1104,-0.9211,0.0018,-1.691,1.1135,-1.176
2026-09-01T17:22:11Z,2026-09-01 17:21:31,SPXW,2026-09-04,C,7760.0,7633.7402,2.4,269.0,2.5,67.0,2.52,444.0,582.0,0.1158,0.0697,0.0016,-1.5152,1.02,0.0857
2026-09-01T17:22:11Z,2026-09-01 17:21:31,SPXW,2026-09-04,P,7760.0,7633.7402,122.4,1.0,127.5,2.0,110.0,5.0,332.0,0.1135,-0.9303,0.0016,-1.5005,1.02,-1.1884
2026-09-01T17:22:11Z,2026-09-01 17:21:31,SPXW,2026-09-04,C,7765.0,7633.7402,2.1,1.0,2.15,70.0,2.2,457.0,666.0,0.1154,0.0614,0.0015,-1.3403,0.9305,0.0755
2026-09-01T17:22:11Z,2026-09-01 17:21:31,SPXW,2026-09-04,P,7765.0,7633.7402,126.3,16.0,133.0,16.0,106.53,3.0,109.0,0.1116,-0.9386,0.0015,-1.325,0.9305,-1.1994
2026-09-01T17:22:11Z,2026-09-01 17:21:31,SPXW,2026-09-04,C,7770.0,7633.7402,1.75,260.0,1.85,30.0,1.85,667.0,714.0,0.1152,0.0538,0.0013,-1.1806,0.8465,0.0662
2026-09-01T17:22:11Z,2026-09-01 17:21:31,SPXW,2026-09-04,P,7770.0,7633.7402,131.8,6.0,137.0,7.0,133.83,41.0,254.0,0.1102,-0.9461,0.0013,-1.1647,0.8465,-1.2096
2026-09-01T17:22:11Z,2026-09-01 17:21:31,SPXW,2026-09-04,C,7775.0,7633.7402,1.5,229.0,1.6,63.0,1.6,950.0,1776.0,0.1151,0.0471,0.0012,-1.0363,0.7671,0.0578
2026-09-01T17:22:11Z,2026-09-01 17:21:31,SPXW,2026-09-04,P,7775.0,7633.7402,136.5,6.0,141.7,7.0,137.19,59.0,327.0,0.1128,-0.9528,0.0012,-1.0197,0.7671,-1.2188
2026-09-01T17:22:11Z,2026-09-01 17:21:31,SPXW,2026-09-04,C,7780.0,7633.7402,1.3,49.0,1.35,31.0,1.3,1164.0,638.0,0.1145,0.0411,0.0011,-0.9067,0.6931,0.0505
2026-09-01T17:22:11Z,2026-09-01 17:21:31,SPXW,2026-09-04,P,7780.0,7633.7402,140.4,15.0,147.2,1.0,124.5,15.0,173.0,0.1083,-0.9588,0.0011,-0.8895,0.6931,-1.2269
2026-09-01T17:22:11Z,2026-09-01 17:21:31,SPXW,2026-09-04,C,7785.0,7633.7402,1.1,78.0,1.2,362.0,1.1,575.0,937.0,0.1146,0.0358,0.001,-0.7913,0.625,0.0439
2026-09-01T17:22:11Z,2026-09-01 17:21:31,SPXW,2026-09-04,P,7785.0,7633.7402,145.1,16.0,152.3,15.0,146.3,16.0,96.0,0.1094,-0.9641,0.001,-0.7736,0.625,-1.2343
2026-09-01T17:22:11Z,2026-09-01 17:21:31,SPXW,2026-09-04,C,7790.0,7633.7402,0.95,34.0,1.0,78.0,1.0,769.0,708.0,0.1144,0.0312,0.0009,-0.6896,0.5622,0.0381
2026-09-01T17:22:11Z,2026-09-01 17:21:31,SPXW,2026-09-04,P,7790.0,7633.7402,149.9,16.0,156.7,1.0,152.31,93.0,147.0,0.1021,-0.9688,0.0009,-0.6712,0.5622,-1.2408
2026-09-01T17:22:11Z,2026-09-01 17:21:31,SPXW,2026-09-04,C,7795.0,7633.7402,0.8,82.0,0.85,49.0,0.85,271.0,1018.0,0.1147,0.0271,0.0008,-0.6002,0.5049,0.0332
2026-09-01T17:22:11Z,2026-09-01 17:21:31,SPXW,2026-09-04,P,7795.0,7633.7402,154.8,15.0,161.7,1.0,156.59,17.0,64.0,0.1033,-0.9728,0.0008,-0.5813,0.5049,-1.2466
2026-09-01T17:22:11Z,2026-09-01 17:21:31,SPXW,2026-09-04,C,7800.0,7633.7402,0.65,225.0,0.75,162.0,0.7,1440.0,5233.0,0.1147,0.0236,0.0007,-0.5223,0.4532,0.0288
2026-09-01T17:22:11Z,2026-09-01 17:21:31,SPXW,2026-09-04,P,7800.0,7633.7402,160.6,6.0,165.9,7.0,158.0,68.0,881.0,0.111,-0.9764,0.0007,-0.5028,0.4532,-1.2518
2026-09-01T17:22:11Z,2026-09-01 17:21:31,SPXW,2026-09-04,C,7805.0,7633.7402,0.55,227.0,0.65,250.0,0.65,134.0,596.0,0.1148,0.0206,0.0006,-0.4549,0.4067,0.025
2026-09-01T17:22:11Z,2026-09-01 17:21:31,SPXW,2026-09-04,P,7805.0,7633.7402,164.3,16.0,171.8,16.0,158.85,18.0,190.0,0.1002,-0.9794,0.0006,-0.4348,0.4067,-1.2564
2026-09-01T17:22:11Z,2026-09-01 17:21:31,SPXW,2026-09-04,C,7810.0,7633.7402,0.5,59.0,0.55,89.0,0.53,579.0,3565.0,0.1154,0.0179,0.0005,-0.3968,0.3649,0.0218
2026-09-01T17:22:11Z,2026-09-01 17:21:31,SPXW,2026-09-04,P,7810.0,7633.7402,169.3,15.0,176.4,1.0,157.16,49.0,157.0,0.082,-0.982,0.0005,-0.376,0.3649,-1.2604
2026-09-01T17:22:11Z,2026-09-01 17:21:31,SPXW,2026-09-04,C,7815.0,7633.7402,0.4,246.0,0.5,449.0,0.45,72.0,661.0,0.1156,0.0157,0.0005,-0.3468,0.3278,0.019
2026-09-01T17:22:11Z,2026-09-01 17:21:31,SPXW,2026-09-04,P,7815.0,7633.7402,174.1,15.0,181.3,1.0,159.69,10.0,176.0,0.0,-0.9843,0.0005,-0.3255,0.3278,-1.2641
2026-09-01T17:22:11Z,2026-09-01 17:21:31,SPXW,2026-09-04,C,7820.0,7633.7402,0.35,245.0,0.45,441.0,0.42,930.0,2831.0,0.1155,0.0137,0.0004,-0.3042,0.2949,0.0166
2026-09-01T17:22:11Z,2026-09-01 17:21:31,SPXW,2026-09-04,P,7820.0,7633.7402,179.1,15.0,186.6,16.0,145.36,0.0,69.0,0.0882,-0.9862,0.0004,-0.2823,0.2949,-1.2673
2026-09-01T17:22:11Z,2026-09-01 17:21:31,SPXW,2026-09-04,C,7825.0,7633.7402,0.3,253.0,0.35,42.0,0.37,369.0,2330.0,0.1159,0.0121,0.0004,-0.2678,0.2658,0.0146
2026-09-01T17:22:11Z,2026-09-01 17:21:31,SPXW,2026-09-04,P,7825.0,7633.7402,185.2,6.0,190.5,6.0,168.52,52.0,223.0,0.0,-0.9879,0.0004,-0.2453,0.2658,-1.2701
2026-09-01T17:22:11Z,2026-09-01 17:21:31,SPXW,2026-09-04,C,7830.0,7633.7402,0.25,276.0,0.35,443.0,0.3,769.0,1102.0,0.1174,0.0107,0.0003,-0.2369,0.2402,0.0129
2026-09-01T17:22:11Z,2026-09-01 17:21:31,SPXW,2026-09-04,P,7830.0,7633.7402,189.0,15.0,196.3,15.0,182.67,1.0,12.0,0.0,-0.9893,0.0003,-0.2138,0.2402,-1.2726
2026-09-01T17:22:11Z,2026-09-01 17:21:31,SPXW,2026-09-04,C,7835.0,7633.7402,0.2,307.0,0.3,394.0,0.3,489.0,1045.0,0.1173,0.0094,0.0003,-0.2106,0.2178,0.0114
2026-09-01T17:22:11Z,2026-09-01 17:21:31,SPXW,2026-09-04,P,7835.0,7633.7402,194.1,15.0,201.5,15.0,156.75,0.0,2.0,0.0,-0.9905,0.0003,-0.1869,0.2178,-1.275
2026-09-01T17:22:11Z,2026-09-01 17:21:31,SPXW,2026-09-04,C,7840.0,7633.7402,0.2,220.0,0.25,199.0,0.2,174.0,795.0,0.1183,0.0084,0.0003,-0.1884,0.1982,0.0102
2026-09-01T17:22:11Z,2026-09-01 17:21:31,SPXW,2026-09-04,P,7840.0,7633.7402,195.7,1.0,208.4,1.0,135.44,0.0,22.0,0.0,-0.9915,0.0003,-0.1641,0.1982,-1.277
2026-09-01T17:22:11Z,2026-09-01 17:21:31,SPXW,2026-09-04,C,7845.0,7633.7402,0.15,357.0,0.25,459.0,0.2,16.0,1110.0,0.1192,0.0076,0.0002,-0.1696,0.181,0.0091
2026-09-01T17:22:11Z,2026-09-01 17:21:31,SPXW,2026-09-04,P,7845.0,7633.7402,201.1,1.0,213.6,1.0,202.13,2.0,15.0,0.0,-0.9924,0.0002,-0.1446,0.181,-1.2789
2026-09-01T17:22:11Z,2026-09-01 17:21:31,SPXW,2026-09-04,C,7850.0,7633.7402,0.15,324.0,0.2,213.0,0.15,1125.0,4956.0,0.1199,0.0068,0.0002,-0.1531,0.1656,0.0082
2026-09-01T17:22:11Z,2026-09-01 17:21:31,SPXW,2026-09-04,P,7850.0,7633.7402,205.9,1.0,218.3,1.0,214.75,3.0,91.0,0.0,-0.9932,0.0002,-0.128,0.166,-1.2806
2026-09-01T17:22:11Z,2026-09-01 17:21:31,SPXW,2026-09-04,C,7855.0,7633.7402,0.1,551.0,0.2,276.0,0.25,55.0,1526.0,0.1202,0.0062,0.0002,-0.1396,0.1526,0.0074
2026-09-01T17:22:11Z,2026-09-01 17:21:31,SPXW,2026-09-04,P,7855.0,7633.7402,207.2,1.0,223.7,1.0,0.0,0.0,5.0,0.0,-0.9938,0.0002,-0.1139,0.153,-1.2822
2026-09-01T17:22:11Z,2026-09-01 17:21:31,SPXW,2026-09-04,C,7860.0,7633.7402,0.1,399.0,0.2,532.0,0.1,147.0,1223.0,0.1226,0.0056,0.0002,-0.1282,0.1412,0.0068
2026-09-01T17:22:11Z,2026-09-01 17:21:31,SPXW,2026-09-04,P,7860.0,7633.7402,212.7,1.0,228.6,1.0,99.5,0.0,25.0,0.0,-0.9943,0.0002,-0.1018,0.1415,-1.2837
2026-09-01T17:22:11Z,2026-09-01 17:21:31,SPXW,2026-09-04,C,7865.0,7633.7402,0.1,375.0,0.15,65.0,0.14,87.0,766.0,0.1226,0.0052,0.0002,-0.1185,0.1312,0.0062
2026-09-01T17:22:11Z,2026-09-01 17:21:31,SPXW,2026-09-04,P,7865.0,7633.7402,217.5,1.0,233.3,1.0,0.0,0.0,0.0,0.0,-0.9948,0.0002,-0.0915,0.1316,-1.2851
2026-09-01T17:22:11Z,2026-09-01 17:21:31,SPXW,2026-09-04,C,7870.0,7633.7402,0.1,327.0,0.15,240.0,0.15,145.0,850.0,0.125,0.0048,0.0002,-0.1102,0.1226,0.0057
2026-09-01T17:22:11Z,2026-09-01 17:21:31,SPXW,2026-09-04,P,7870.0,7633.7402,221.4,1.0,241.7,1.0,110.5,0.0,17.0,0.0,-0.9952,0.0002,-0.0826,0.1228,-1.2864
2026-09-01T17:22:11Z,2026-09-01 17:21:31,SPXW,2026-09-04,C,7875.0,7633.7402,0.1,67.0,0.15,335.0,0.09,89.0,1167.0,0.1273,0.0044,0.0001,-0.1032,0.1149,0.0053
2026-09-01T17:22:11Z,2026-09-01 17:21:31,SPXW,2026-09-04,P,7875.0,7633.7402,227.3,1.0,243.3,1.0,200.8,0.0,169.0,0.0,-0.9955,0.0001,-0.0749,0.1152,-1.2876
2026-09-01T17:22:11Z,2026-09-01 17:21:31,SPXW,2026-09-04,C,7880.0,7633.7402,0.05,763.0,0.15,545.0,0.15,35.0,3021.0,0.1267,0.0041,0.0001,-0.097,0.1081,0.005
2026-09-01T17:22:11Z,2026-09-01 17:21:31,SPXW,2026-09-04,P,7880.0,7633.7402,231.6,1.0,251.6,1.0,120.56,0.0,55.0,0.0,-0.9958,0.0001,-0.0682,0.1084,-1.2888
2026-09-01T17:22:11Z,2026-09-01 17:21:31,SPXW,2026-09-04,C,7885.0,7633.7402,0.05,847.0,0.15,565.0,0.15,64.0,820.0,0.129,0.0039,0.0001,-0.0918,0.1022,0.0047
2026-09-01T17:22:11Z,2026-09-01 17:21:31,SPXW,2026-09-04,P,7885.0,7633.7402,236.4,1.0,256.7,1.0,0.0,0.0,0.0,0.0,-0.9961,0.0001,-0.0623,0.1024,-1.2899
2026-09-01T17:22:11Z,2026-09-01 17:21:31,SPXW,2026-09-04,C,7890.0,7633.7402,0.05,801.0,0.15,591.0,0.1,102.0,1661.0,0.1313,0.0037,0.0001,-0.0873,0.0969,0.0044
2026-09-01T17:22:11Z,2026-09-01 17:21:31,SPXW,2026-09-04,P,7890.0,7633.7402,242.5,1.0,261.1,1.0,247.13,1.0,8.0,0.0,-0.9963,0.0001,-0.0572,0.0971,-1.291
2026-09-01T17:22:11Z,2026-09-01 17:21:31,SPXW,2026-09-04,C,7895.0,7633.7402,0.05,668.0,0.15,610.0,0.05,28.0,461.0,0.1336,0.0035,0.0001,-0.0834,0.0922,0.0041
2026-09-01T17:22:11Z,2026-09-01 17:21:31,SPXW,2026-09-04,P,7895.0,7633.7402,247.5,1.0,266.0,1.0,215.66,0.0,2.0,0.0,-0.9965,0.0001,-0.0527,0.0924,-1.2921
2026-09-01T17:22:11Z,2026-09-01 17:21:31,SPXW,2026-09-04,C,7900.0,7633.7402,0.05,499.0,0.1,73.0,0.1,720.0,16488.0,0.1316,0.0033,0.0001,-0.0801,0.0884,0.004
2026-09-01T17:22:11Z,2026-09-01 17:21:31,SPXW,2026-09-04,P,7900.0,7633.7402,252.5,1.0,268.2,1.0,205.71,0.0,37.0,0.0,-0.9967,0.0001,-0.0487,0.0882,-1.2931
2026-09-01T17:22:11Z,2026-09-01 17:21:31,SPXW,2026-09-04,C,7905.0,7633.7402,0.05,562.0,0.1,77.0,0.09,27.0,525.0,0.1338,0.0031,0.0001,-0.0772,0.0846,0.0038
2026-09-01T17:22:11Z,2026-09-01 17:21:31,SPXW,2026-09-04,P,7905.0,7633.7402,257.5,1.0,273.1,1.0,0.0,0.0,0.0,0.0,-0.9968,0.0001,-0.0451,0.0844,-1.2941
2026-09-01T17:22:11Z,2026-09-01 17:21:31,SPXW,2026-09-04,C,7910.0,7633.7402,0.05,557.0,0.1,215.0,0.15,30.0,565.0,0.1365,0.003,0.0001,-0.0745,0.0809,0.0036
2026-09-01T17:22:11Z,2026-09-01 17:21:31,SPXW,2026-09-04,P,7910.0,7633.7402,262.5,1.0,281.0,1.0,232.74,0.0,3.0,0.0,-0.997,0.0001,-0.0418,0.081,-1.2951
2026-09-01T17:22:11Z,2026-09-01 17:21:31,SPXW,2026-09-04,C,7915.0,7633.7402,0.05,362.0,0.1,243.0,0.12,8.0,427.0,0.1387,0.0029,0.0001,-0.0721,0.0778,0.0034
2026-09-01T17:22:11Z,2026-09-01 17:21:31,SPXW,2026-09-04,P,7915.0,7633.7402,267.4,1.0,283.1,1.0,235.87,0.0,5.0,0.0,-0.9971,0.0001,-0.0389,0.0779,-1.2961
2026-09-01T17:22:11Z,2026-09-01 17:21:31,SPXW,2026-09-04,C,7920.0,7633.7402,0.05,360.0,0.1,310.0,0.08,21.0,719.0,0.141,0.0028,0.0001,-0.07,0.0749,0.0033
2026-09-01T17:22:11Z,2026-09-01 17:21:31,SPXW,2026-09-04,P,7920.0,7633.7402,272.4,1.0,291.8,1.0,0.0,0.0,0.0,0.0,-0.9972,0.0001,-0.0362,0.075,-1.297
2026-09-01T17:22:11Z,2026-09-01 17:21:31,SPXW,2026-09-04,C,7925.0,7633.7402,0.05,307.0,0.1,305.0,0.07,15.0,2494.0,0.1429,0.0026,0.0001,-0.068,0.0723,0.0032
2026-09-01T17:22:11Z,2026-09-01 17:21:31,SPXW,2026-09-04,P,7925.0,7633.7402,277.4,1.0,293.7,1.0,217.67,0.0,4.0,0.0,-0.9973,0.0001,-0.0337,0.0724,-1.298
2026-09-01T17:22:11Z,2026-09-01 17:21:31,SPXW,2026-09-04,C,7930.0,7633.7402,0.05,305.0,0.1,365.0,0.1,5.0,979.0,0.1451,0.0026,0.0001,-0.0663,0.0699,0.0031
2026-09-01T17:22:11Z,2026-09-01 17:21:31,SPXW,2026-09-04,P,7930.0,7633.7402,282.6,1.0,301.1,1.0,252.62,0.0,8.0,0.0,-0.9974,0.0001,-0.0314,0.07,-1.2989
2026-09-01T17:22:11Z,2026-09-01 17:21:31,SPXW,2026-09-04,C,7935.0,7633.7402,0.05,279.0,0.1,553.0,0.1,10.0,283.0,0.1472,0.0025,0.0001,-0.0647,0.0677,0.003
2026-09-01T17:22:11Z,2026-09-01 17:21:31,SPXW,2026-09-04,P,7935.0,7633.7402,287.5,1.0,306.1,1.0,257.4,0.0,1.0,0.0,-0.9975,0.0001,-0.0293,0.0678,-1.2998
2026-09-01T17:22:11Z,2026-09-01 17:21:31,SPXW,2026-09-04,C,7940.0,7633.7402,0.05,290.0,0.1,544.0,0.07,135.0,779.0,0.1494,0.0024,0.0001,-0.0633,0.0656,0.0029
2026-09-01T17:22:11Z,2026-09-01 17:21:31,SPXW,2026-09-04,P,7940.0,7633.7402,291.3,1.0,311.6,1.0,264.52,0.0,1.0,0.0,-0.9976,0.0001,-0.0273,0.0657,-1.3008
2026-09-01T17:22:11Z,2026-09-01 17:21:31,SPXW,2026-09-04,C,7950.0,7633.7402,0.05,248.0,0.1,513.0,0.08,23.0,4424.0,0.1538,0.0022,0.0001,-0.0608,0.0619,0.0027
2026-09-01T17:22:11Z,2026-09-01 17:21:31,SPXW,2026-09-04,P,7950.0,7633.7402,302.4,1.0,321.0,1.0,271.77,0.0,13.0,0.0,-0.9977,0.0001,-0.0236,0.0619,-1.3026
2026-09-01T17:22:11Z,2026-09-01 17:21:31,SPXW,2026-09-04,C,7960.0,7633.7402,0.05,85.0,0.1,569.0,0.11,0.0,395.0,0.158,0.0021,0.0001,-0.0589,0.0587,0.0025
2026-09-01T17:22:11Z,2026-09-01 17:21:31,SPXW,2026-09-04,P,7960.0,7633.7402,312.4,1.0,331.0,1.0,284.74,0.0,2.0,0.0,-0.9978,0.0001,-0.0202,0.0586,-1.3044
2026-09-01T17:22:11Z,2026-09-01 17:21:31,SPXW,2026-09-04,C,7970.0,7633.7402,0.0,0.0,0.1,578.0,0.15,0.0,358.0,0.1567,0.002,0.0001,-0.0569,0.0556,0.0024
2026-09-01T17:22:11Z,2026-09-01 17:21:31,SPXW,2026-09-04,P,7970.0,7633.7402,322.4,1.0,338.1,1.0,291.85,0.0,35.0,0.0,-0.998,0.0001,-0.0172,0.0556,-1.3061
2026-09-01T17:22:11Z,2026-09-01 17:21:31,SPXW,2026-09-04,C,7975.0,7633.7402,0.0,0.0,0.1,581.0,0.08,8.0,583.0,0.1588,0.002,0.0,-0.056,0.0543,0.0023
2026-09-01T17:22:11Z,2026-09-01 17:21:31,SPXW,2026-09-04,P,7975.0,7633.7402,327.4,1.0,346.0,1.0,296.26,0.0,2.0,0.0,-0.998,0.0,-0.0157,0.0543,-1.307
2026-09-01T17:22:11Z,2026-09-01 17:21:31,SPXW,2026-09-04,C,7980.0,7633.7402,0.0,0.0,0.1,586.0,0.07,8.0,466.0,0.1608,0.0019,0.0,-0.0552,0.053,0.0023
2026-09-01T17:22:11Z,2026-09-01 17:21:31,SPXW,2026-09-04,P,7980.0,7633.7402,332.4,1.0,351.0,1.0,301.82,0.0,62.0,0.0,-0.998,0.0,-0.0143,0.053,-1.3079
2026-09-01T17:22:11Z,2026-09-01 17:21:31,SPXW,2026-09-04,C,7990.0,7633.7402,0.0,0.0,0.1,598.0,0.15,0.0,333.0,0.165,0.0018,0.0,-0.0538,0.0506,0.0022
2026-09-01T17:22:11Z,2026-09-01 17:21:31,SPXW,2026-09-04,P,7990.0,7633.7402,342.4,1.0,361.0,1.0,311.85,0.0,50.0,0.0,-0.9981,0.0,-0.0116,0.0506,-1.3096
2026-09-01T17:22:11Z,2026-09-01 17:21:31,SPXW,2026-09-04,C,8000.0,7633.7402,0.05,46.0,0.1,609.0,0.08,36.0,7212.0,0.1754,0.0018,0.0,-0.0524,0.0483,0.0021
2026-09-01T17:22:11Z,2026-09-01 17:21:31,SPXW,2026-09-04,P,8000.0,7633.7402,359.7,6.0,365.3,7.0,361.1,7.0,3133.0,0.0,-0.9982,0.0,-0.009,0.0483,-1.3114
2026-09-01T17:22:11Z,2026-09-01 17:21:31,SPXW,2026-09-04,C,8010.0,7633.7402,0.0,0.0,0.1,543.0,0.12,0.0,225.0,0.1734,0.0017,0.0,-0.0511,0.0463,0.002
2026-09-01T17:22:11Z,2026-09-01 17:21:31,SPXW,2026-09-04,P,8010.0,7633.7402,362.4,1.0,381.8,1.0,333.24,0.0,1.0,0.0,-0.9983,0.0,-0.0066,0.0463,-1.3131
2026-09-01T17:22:11Z,2026-09-01 17:21:31,SPXW,2026-09-04,C,8020.0,7633.7402,0.0,0.0,0.1,652.0,0.15,0.0,302.0,0.1775,0.0016,0.0,-0.05,0.0444,0.0019
2026-09-01T17:22:11Z,2026-09-01 17:21:31,SPXW,2026-09-04,P,8020.0,7633.7402,371.2,1.0,391.5,1.0,306.91,0.0,1.0,0.0,-0.9984,0.0,-0.0042,0.0444,-1.3148
2026-09-01T17:22:11Z,2026-09-01 17:21:31,SPXW,2026-09-04,C,8025.0,7633.7402,0.0,0.0,0.1,656.0,0.07,2.0,757.0,0.1796,0.0016,0.0,-0.0494,0.0435,0.0019
2026-09-01T17:22:11Z,2026-09-01 17:21:31,SPXW,2026-09-04,P,8025.0,7633.7402,384.6,6.0,390.3,7.0,346.4,0.0,801.0,0.0,-0.9984,0.0,-0.003,0.0435,-1.3157
2026-09-01T17:22:11Z,2026-09-01 17:21:31,SPXW,2026-09-04,C,8030.0,7633.7402,0.0,0.0,0.1,658.0,0.1,0.0,195.0,0.1816,0.0015,0.0,-0.0488,0.0426,0.0018
2026-09-01T17:22:11Z,2026-09-01 17:21:31,SPXW,2026-09-04,P,8030.0,7633.7402,381.2,1.0,401.5,1.0,351.23,0.0,1.0,0.0,-0.9984,0.0,-0.0019,0.0426,-1.3166
2026-09-01T17:22:11Z,2026-09-01 17:21:31,SPXW,2026-09-04,C,8040.0,7633.7402,0.0,0.0,0.1,667.0,0.05,8.0,170.0,0.1857,0.0015,0.0,-0.0478,0.041,0.0018
2026-09-01T17:22:11Z,2026-09-01 17:21:31,SPXW,2026-09-04,P,8040.0,7633.7402,391.4,1.0,411.5,1.0,356.22,0.0,1.0,0.0,-0.9985,0.0,0.0,0.041,-1.3183
2026-09-01T17:22:11Z,2026-09-01 17:21:31,SPXW,2026-09-04,C,8050.0,7633.7402,0.05,2.0,0.1,677.0,0.07,0.0,5651.0,0.1967,0.0014,0.0,-0.0468,0.0394,0.0017
2026-09-01T17:22:11Z,2026-09-01 17:21:31,SPXW,2026-09-04,P,8050.0,7633.7402,409.6,6.0,415.3,7.0,364.18,0.0,203.0,0.0,-0.9986,0.0,0.0,0.0394,-1.32
2026-09-01T17:22:11Z,2026-09-01 17:21:31,SPXW,2026-09-04,C,8060.0,7633.7402,0.0,0.0,0.1,566.0,0.05,0.0,63.0,0.1939,0.0014,0.0,-0.0459,0.038,0.0016
2026-09-01T17:22:11Z,2026-09-01 17:21:31,SPXW,2026-09-04,P,8060.0,7633.7402,411.3,1.0,431.5,1.0,374.05,0.0,1.0,0.0,-0.9986,0.0,0.0,0.038,-1.3217
2026-09-01T17:22:11Z,2026-09-01 17:21:31,SPXW,2026-09-04,C,8070.0,7633.7402,0.05,2.0,0.1,601.0,0.1,0.0,35.0,0.2051,0.0013,0.0,-0.0449,0.0366,0.0016
2026-09-01T17:22:11Z,2026-09-01 17:21:31,SPXW,2026-09-04,P,8070.0,7633.7402,422.5,1.0,441.0,1.0,380.93,0.0,1.0,0.0,-0.9986,0.0,0.0,0.0366,-1.3234
2026-09-01T17:22:11Z,2026-09-01 17:21:31,SPXW,2026-09-04,C,8075.0,7633.7402,0.05,2.0,0.1,598.0,0.09,1.0,369.0,0.2072,0.0013,0.0,-0.0445,0.036,0.0015
2026-09-01T17:22:11Z,2026-09-01 17:21:31,SPXW,2026-09-04,P,8075.0,7633.7402,427.3,1.0,446.7,1.0,431.27,20.0,20.0,0.0,-0.9987,0.0,0.0,0.036,-1.3242
2026-09-01T17:22:11Z,2026-09-01 17:21:31,SPXW,2026-09-04,C,8080.0,7633.7402,0.0,0.0,0.1,705.0,0.1,0.0,41.0,0.2021,0.0013,0.0,-0.0441,0.0353,0.0015
2026-09-01T17:22:11Z,2026-09-01 17:21:31,SPXW,2026-09-04,P,8080.0,7633.7402,432.3,1.0,450.9,1.0,386.71,0.0,1.0,0.0,-0.9987,0.0,0.0,0.0353,-1.3251
2026-09-01T17:22:11Z,2026-09-01 17:21:31,SPXW,2026-09-04,C,8090.0,7633.7402,0.0,0.0,0.1,670.0,0.1,0.0,63.0,0.2061,0.0012,0.0,-0.0432,0.0341,0.0015
2026-09-01T17:22:11Z,2026-09-01 17:21:31,SPXW,2026-09-04,P,8090.0,7633.7402,442.3,1.0,460.9,1.0,446.29,20.0,21.0,0.0,-0.9987,0.0,0.0,0.0341,-1.3268
2026-09-01T17:22:11Z,2026-09-01 17:21:31,SPXW,2026-09-04,C,8100.0,7633.7402,0.0,0.0,0.05,37.0,0.03,18.0,845.0,0.199,0.0012,0.0,-0.0424,0.0329,0.0014
2026-09-01T17:22:11Z,2026-09-01 17:21:31,SPXW,2026-09-04,P,8100.0,7633.7402,452.3,1.0,468.2,1.0,407.9,0.0,102.0,0.0,-0.9988,0.0,0.0,0.0329,-1.3285
2026-09-01T17:22:11Z,2026-09-01 17:21:31,SPXW,2026-09-04,C,8110.0,7633.7402,0.0,0.0,0.1,557.0,0.1,0.0,152.0,0.2142,0.0012,0.0,-0.0416,0.0319,0.0014
2026-09-01T17:22:11Z,2026-09-01 17:21:31,SPXW,2026-09-04,P,8110.0,7633.7402,462.3,1.0,478.4,1.0,0.0,0.0,0.0,0.0,-0.9988,0.0,0.0,0.0319,-1.3302
2026-09-01T17:22:11Z,2026-09-01 17:21:31,SPXW,2026-09-04,C,8120.0,7633.7402,0.0,0.0,0.1,556.0,0.1,0.0,637.0,0.2182,0.0011,0.0,-0.0408,0.0308,0.0013
2026-09-01T17:22:11Z,2026-09-01 17:21:31,SPXW,2026-09-04,P,8120.0,7633.7402,471.0,1.0,491.2,1.0,456.85,1.0,2.0,0.0,-0.9989,0.0,0.0,0.0308,-1.3318
2026-09-01T17:22:11Z,2026-09-01 17:21:31,SPXW,2026-09-04,C,8125.0,7633.7402,0.0,0.0,0.1,554.0,0.07,0.0,469.0,0.2202,0.0011,0.0,-0.0405,0.0303,0.0013
2026-09-01T17:22:11Z,2026-09-01 17:21:31,SPXW,2026-09-04,P,8125.0,7633.7402,477.3,1.0,493.0,1.0,416.06,0.0,35.0,0.0,-0.9989,0.0,0.0,0.0303,-1.3327
2026-09-01T17:22:11Z,2026-09-01 17:21:31,SPXW,2026-09-04,C,8130.0,7633.7402,0.0,0.0,0.1,668.0,0.1,0.0,18.0,0.2222,0.0011,0.0,-0.0401,0.0298,0.0013
2026-09-01T17:22:11Z,2026-09-01 17:21:31,SPXW,2026-09-04,P,8130.0,7633.7402,482.3,1.0,500.9,1.0,406.74,0.0,4.0,0.0,-0.9989,0.0,0.0,0.0298,-1.3335
2026-09-01T17:22:11Z,2026-09-01 17:21:31,SPXW,2026-09-04,C,8140.0,7633.7402,0.0,0.0,0.1,554.0,0.15,0.0,50.0,0.2262,0.001,0.0,-0.0394,0.0289,0.0012
2026-09-01T17:22:11Z,2026-09-01 17:21:31,SPXW,2026-09-04,P,8140.0,7633.7402,492.3,1.0,510.9,1.0,476.88,2.0,10.0,0.0,-0.9989,0.0,0.0,0.0289,-1.3352
2026-09-01T17:22:11Z,2026-09-01 17:21:31,SPXW,2026-09-04,C,8150.0,7633.7402,0.0,0.0,0.1,552.0,0.05,3.0,604.0,0.2302,0.001,0.0,-0.0387,0.028,0.0012
2026-09-01T17:22:11Z,2026-09-01 17:21:31,SPXW,2026-09-04,P,8150.0,7633.7402,502.3,1.0,520.8,1.0,0.0,0.0,0.0,0.0,-0.999,0.0,0.0,0.028,-1.3369
2026-09-01T17:22:11Z,2026-09-01 17:21:31,SPXW,2026-09-04,C,8160.0,7633.7402,0.0,0.0,0.1,555.0,0.15,0.0,2.0,0.2342,0.001,0.0,-0.038,0.0271,0.0012
2026-09-01T17:22:11Z,2026-09-01 17:21:31,SPXW,2026-09-04,P,8160.0,7633.7402,512.3,1.0,530.8,1.0,498.2,2.0,35.0,0.0,-0.999,0.0,0.0,0.0271,-1.3386
2026-09-01T17:22:11Z,2026-09-01 17:21:31,SPXW,2026-09-04,C,8170.0,7633.7402,0.0,0.0,0.1,555.0,0.05,0.0,155.0,0.2382,0.001,0.0,-0.0373,0.0263,0.0011
2026-09-01T17:22:11Z,2026-09-01 17:21:31,SPXW,2026-09-04,P,8170.0,7633.7402,521.1,1.0,541.4,1.0,447.58,0.0,10.0,0.0,-0.999,0.0,0.0,0.0263,-1.3403
2026-09-01T17:22:11Z,2026-09-01 17:21:31,SPXW,2026-09-04,C,8175.0,7633.7402,0.0,0.0,0.1,555.0,0.05,3.0,860.0,0.2401,0.0009,0.0,-0.037,0.0259,0.0011
2026-09-01T17:22:11Z,2026-09-01 17:21:31,SPXW,2026-09-04,P,8175.0,7633.7402,526.1,1.0,546.4,1.0,513.75,2.0,7.0,0.0,-0.999,0.0,0.0,0.0259,-1.3411
2026-09-01T17:22:11Z,2026-09-01 17:21:31,SPXW,2026-09-04,C,8200.0,7633.7402,0.0,0.0,0.1,561.0,0.05,1.0,810.0,0.25,0.0009,0.0,-0.0354,0.024,0.001
2026-09-01T17:22:11Z,2026-09-01 17:21:31,SPXW,2026-09-04,P,8200.0,7633.7402,552.2,1.0,567.9,1.0,537.58,2.0,7.0,0.0,-0.9991,0.0,0.0,0.024,-1.3453
2026-09-01T17:22:11Z,2026-09-01 17:21:31,SPXW,2026-09-04,C,8225.0,7633.7402,0.0,0.0,0.1,692.0,0.05,0.0,400.0,0.2598,0.0008,0.0,-0.0338,0.0223,0.0009
2026-09-01T17:22:11Z,2026-09-01 17:21:31,SPXW,2026-09-04,P,8225.0,7633.7402,576.1,1.0,592.9,1.0,571.38,3.0,1.0,0.0,-0.9992,0.0,0.0,0.0223,-1.3495
2026-09-01T17:22:11Z,2026-09-01 17:21:31,SPXW,2026-09-04,C,8250.0,7633.7402,0.0,0.0,0.1,706.0,0.1,0.0,4577.0,0.2695,0.0007,0.0,-0.0324,0.0207,0.0009
2026-09-01T17:22:11Z,2026-09-01 17:21:31,SPXW,2026-09-04,P,8250.0,7633.7402,602.2,1.0,620.8,1.0,596.1,2.0,0.0,0.0,-0.9992,0.0,0.0,0.0207,-1.3536
2026-09-01T17:22:11Z,2026-09-01 17:21:31,SPXW,2026-09-04,C,8275.0,7633.7402,0.0,0.0,0.1,693.0,0.1,0.0,356.0,0.2792,0.0007,0.0,-0.031,0.0193,0.0008
2026-09-01T17:22:11Z,2026-09-01 17:21:31,SPXW,2026-09-04,P,8275.0,7633.7402,627.2,1.0,645.8,1.0,0.0,0.0,0.0,0.0,-0.9993,0.0,0.0,0.0193,-1.3578
2026-09-01T17:22:11Z,2026-09-01 17:21:31,SPXW,2026-09-04,C,8300.0,7633.7402,0.0,0.0,0.1,681.0,0.1,0.0,2546.0,0.2888,0.0006,0.0,-0.0296,0.018,0.0008
2026-09-01T17:22:11Z,2026-09-01 17:21:31,SPXW,2026-09-04,P,8300.0,7633.7402,652.2,1.0,670.8,1.0,0.0,0.0,0.0,0.0,-0.9993,0.0,0.0,0.018,-1.362
2026-09-01T17:22:11Z,2026-09-01 17:21:31,SPXW,2026-09-04,C,8325.0,7633.7402,0.0,0.0,0.1,696.0,0.1,0.0,97.0,0.2984,0.0006,0.0,-0.0284,0.0169,0.0007
2026-09-01T17:22:11Z,2026-09-01 17:21:31,SPXW,2026-09-04,P,8325.0,7633.7402,676.0,1.0,696.3,1.0,641.6,0.0,3.0,0.0,-0.9994,0.0,0.0,0.0169,-1.3661
2026-09-01T17:22:11Z,2026-09-01 17:21:31,SPXW,2026-09-04,C,8350.0,7633.7402,0.0,0.0,0.1,709.0,0.05,0.0,237.0,0.3079,0.0006,0.0,-0.0271,0.0158,0.0007
2026-09-01T17:22:11Z,2026-09-01 17:21:31,SPXW,2026-09-04,P,8350.0,7633.7402,702.1,1.0,720.7,1.0,0.0,0.0,0.0,0.0,-0.9994,0.0,0.0,0.0158,-1.3703
2026-09-01T17:22:11Z,2026-09-01 17:21:31,SPXW,2026-09-04,C,8375.0,7633.7402,0.0,0.0,0.05,166.0,0.35,0.0,500.0,0.3016,0.0005,0.0,-0.026,0.0148,0.0006
2026-09-01T17:22:11Z,2026-09-01 17:21:31,SPXW,2026-09-04,P,8375.0,7633.7402,727.1,1.0,742.8,1.0,0.0,0.0,0.0,0.0,-0.9994,0.0,0.0,0.0148,-1.3744
2026-09-01T17:22:11Z,2026-09-01 17:21:31,SPXW,2026-09-08,C,6875.0,7633.7402,753.7,1.0,774.2,1.0,0.0,0.0,0.0,0.3466,0.9944,0.0,-0.1911,0.1825,1.3086
2026-09-01T17:22:11Z,2026-09-01 17:21:31,SPXW,2026-09-08,P,6875.0,7633.7402,0.5,281.0,0.6,241.0,0.5,1.0,52.0,0.2988,-0.0056,0.0,-0.2802,0.1826,-0.008
2026-09-01T17:22:11Z,2026-09-01 17:21:31,SPXW,2026-09-08,C,6900.0,7633.7402,731.8,1.0,747.9,1.0,0.0,0.0,0.0,0.36,0.994,0.0,-0.2066,0.1947,1.3128
2026-09-01T17:22:11Z,2026-09-01 17:21:31,SPXW,2026-09-08,P,6900.0,7633.7402,0.55,235.0,0.65,321.0,0.57,4.0,3313.0,0.2924,-0.006,0.0,-0.2928,0.1948,-0.0086
2026-09-01T17:22:11Z,2026-09-01 17:21:31,SPXW,2026-09-08,C,6925.0,7633.7402,703.7,1.0,722.9,1.0,0.0,0.0,0.0,0.312,0.9935,0.0001,-0.2229,0.208,1.317
2026-09-01T17:22:11Z,2026-09-01 17:21:31,SPXW,2026-09-08,P,6925.0,7633.7402,0.6,202.0,0.7,348.0,0.6,1.0,138.0,0.2858,-0.0065,0.0001,-0.3062,0.2081,-0.0092
2026-09-01T17:22:11Z,2026-09-01 17:21:31,SPXW,2026-09-08,C,6950.0,7633.7402,678.8,2.0,699.0,1.0,732.5,0.0,0.0,0.3175,0.993,0.0001,-0.2402,0.2226,1.321
2026-09-01T17:22:11Z,2026-09-01 17:21:31,SPXW,2026-09-08,P,6950.0,7633.7402,0.6,273.0,0.7,177.0,0.6,5.0,135.0,0.2764,-0.007,0.0001,-0.3205,0.2226,-0.01
2026-09-01T17:22:11Z,2026-09-01 17:21:31,SPXW,2026-09-08,C,6975.0,7633.7402,657.1,1.0,674.4,1.0,0.0,0.0,0.0,0.3377,0.9924,0.0001,-0.2585,0.2387,1.325
2026-09-01T17:22:11Z,2026-09-01 17:21:31,SPXW,2026-09-08,P,6975.0,7633.7402,0.65,266.0,0.75,317.0,0.55,59.0,229.0,0.2694,-0.0076,0.0001,-0.336,0.2388,-0.0108
2026-09-01T17:22:11Z,2026-09-01 17:21:31,SPXW,2026-09-08,C,7000.0,7633.7402,632.0,1.0,648.4,1.0,732.18,0.0,20.0,0.3206,0.9918,0.0001,-0.278,0.2566,1.3289
2026-09-01T17:22:11Z,2026-09-01 17:21:31,SPXW,2026-09-08,P,7000.0,7633.7402,0.7,232.0,0.8,343.0,0.57,23.0,402.0,0.2621,-0.0082,0.0001,-0.3526,0.2568,-0.0117
2026-09-01T17:22:11Z,2026-09-01 17:21:31,SPXW,2026-09-08,C,7025.0,7633.7402,604.0,1.0,624.3,1.0,0.0,0.0,0.0,0.2901,0.9911,0.0001,-0.2989,0.2765,1.3326
2026-09-01T17:22:11Z,2026-09-01 17:21:31,SPXW,2026-09-08,P,7025.0,7633.7402,0.75,220.0,0.85,352.0,0.65,51.0,99.0,0.2546,-0.0089,0.0001,-0.3705,0.2766,-0.0127
2026-09-01T17:22:11Z,2026-09-01 17:21:31,SPXW,2026-09-08,C,7050.0,7633.7402,579.0,1.0,598.4,1.0,680.78,0.0,20.0,0.2692,0.9903,0.0001,-0.3214,0.2984,1.3363
2026-09-01T17:22:11Z,2026-09-01 17:21:31,SPXW,2026-09-08,P,7050.0,7633.7402,0.8,219.0,0.9,359.0,0.85,10.0,166.0,0.2469,-0.0097,0.0001,-0.3901,0.2985,-0.0139
2026-09-01T17:22:11Z,2026-09-01 17:21:31,SPXW,2026-09-08,C,7075.0,7633.7402,554.1,1.0,573.4,1.0,606.21,0.0,7.0,0.2596,0.9894,0.0001,-0.3457,0.3226,1.3398
2026-09-01T17:22:11Z,2026-09-01 17:21:31,SPXW,2026-09-08,P,7075.0,7633.7402,0.85,226.0,0.95,311.0,0.9,30.0,369.0,0.2391,-0.0106,0.0001,-0.4115,0.3228,-0.0152
2026-09-01T17:22:11Z,2026-09-01 17:21:31,SPXW,2026-09-08,C,7080.0,7633.7402,547.9,1.0,568.4,1.0,0.0,0.0,0.0,0.2417,0.9892,0.0001,-0.3508,0.3278,1.3404
2026-09-01T17:22:11Z,2026-09-01 17:21:31,SPXW,2026-09-08,P,7080.0,7633.7402,0.85,252.0,0.95,244.0,0.85,49.0,0.0,0.2371,-0.0108,0.0001,-0.4161,0.328,-0.0155
2026-09-01T17:22:11Z,2026-09-01 17:21:31,SPXW,2026-09-08,C,7090.0,7633.7402,542.7,1.0,558.5,1.0,0.0,0.0,0.0,0.2852,0.9888,0.0001,-0.3613,0.3386,1.3418
2026-09-01T17:22:11Z,2026-09-01 17:21:31,SPXW,2026-09-08,P,7090.0,7633.7402,0.9,215.0,1.0,339.0,0.91,24.0,0.0,0.2349,-0.0112,0.0001,-0.4254,0.3388,-0.016
2026-09-01T17:22:11Z,2026-09-01 17:21:31,SPXW,2026-09-08,C,7100.0,7633.7402,532.2,1.0,548.4,1.0,581.31,0.0,7.0,0.2763,0.9883,0.0001,-0.3722,0.35,1.3431
2026-09-01T17:22:11Z,2026-09-01 17:21:31,SPXW,2026-09-08,P,7100.0,7633.7402,0.9,175.0,1.0,204.0,0.81,208.0,407.0,0.231,-0.0116,0.0001,-0.4351,0.3501,-0.0167
2026-09-01T17:22:11Z,2026-09-01 17:21:31,SPXW,2026-09-08,C,7110.0,7633.7402,517.9,1.0,538.5,1.0,0.0,0.0,0.0,0.2306,0.9879,0.0001,-0.3835,0.3619,1.3443
2026-09-01T17:22:11Z,2026-09-01 17:21:31,SPXW,2026-09-08,P,7110.0,7633.7402,0.95,173.0,1.05,255.0,0.85,24.0,0.0,0.2286,-0.0121,0.0001,-0.4453,0.3621,-0.0173
2026-09-01T17:22:11Z,2026-09-01 17:21:31,SPXW,2026-09-08,C,7120.0,7633.7402,508.0,1.0,528.5,1.0,0.0,0.0,0.0,0.2278,0.9874,0.0001,-0.3953,0.3746,1.3456
2026-09-01T17:22:11Z,2026-09-01 17:21:31,SPXW,2026-09-08,P,7120.0,7633.7402,0.95,169.0,1.1,509.0,0.0,0.0,0.0,0.2255,-0.0126,0.0001,-0.4558,0.3748,-0.018
2026-09-01T17:22:11Z,2026-09-01 17:21:31,SPXW,2026-09-08,C,7125.0,7633.7402,507.7,1.0,523.4,1.0,0.0,0.0,0.0,0.2683,0.9872,0.0001,-0.4013,0.3812,1.3462
2026-09-01T17:22:11Z,2026-09-01 17:21:31,SPXW,2026-09-08,P,7125.0,7633.7402,1.0,162.0,1.1,335.0,0.65,0.0,196.0,0.2242,-0.0128,0.0001,-0.4613,0.3814,-0.0183
2026-09-01T17:22:11Z,2026-09-01 17:21:31,SPXW,2026-09-08,C,7130.0,7633.7402,502.6,1.0,518.5,1.0,0.0,0.0,0.0,0.266,0.9869,0.0001,-0.4075,0.388,1.3467
2026-09-01T17:22:11Z,2026-09-01 17:21:31,SPXW,2026-09-08,P,7130.0,7633.7402,1.0,183.0,1.1,277.0,0.85,21.0,0.0,0.2223,-0.0131,0.0001,-0.4669,0.3882,-0.0187
2026-09-01T17:22:11Z,2026-09-01 17:21:31,SPXW,2026-09-08,C,7140.0,7633.7402,488.1,1.0,508.6,1.0,0.0,0.0,0.0,0.2221,0.9864,0.0001,-0.4203,0.402,1.3479
2026-09-01T17:22:11Z,2026-09-01 17:21:31,SPXW,2026-09-08,P,7140.0,7633.7402,1.05,172.0,1.15,332.0,1.05,1.0,0.0,0.2197,-0.0136,0.0001,-0.4785,0.4023,-0.0195
2026-09-01T17:22:11Z,2026-09-01 17:21:31,SPXW,2026-09-08,C,7150.0,7633.7402,479.4,1.0,498.6,1.0,490.04,1.0,1.0,0.2323,0.9858,0.0002,-0.4336,0.4169,1.349
2026-09-01T17:22:11Z,2026-09-01 17:21:31,SPXW,2026-09-08,P,7150.0,7633.7402,1.05,151.0,1.2,505.0,1.0,1.0,266.0,0.2164,-0.0142,0.0002,-0.4907,0.4171,-0.0203
2026-09-01T17:22:11Z,2026-09-01 17:21:31,SPXW,2026-09-08,C,7160.0,7633.7402,472.6,1.0,488.7,1.0,0.0,0.0,0.0,0.2534,0.9852,0.0002,-0.4476,0.4326,1.35
2026-09-01T17:22:11Z,2026-09-01 17:21:31,SPXW,2026-09-08,P,7160.0,7633.7402,1.1,161.0,1.2,231.0,0.85,45.0,0.0,0.2131,-0.0148,0.0002,-0.5036,0.4328,-0.0212
2026-09-01T17:22:11Z,2026-09-01 17:21:31,SPXW,2026-09-08,C,7170.0,7633.7402,462.7,1.0,479.8,1.0,0.0,0.0,0.0,0.256,0.9845,0.0002,-0.4624,0.449,1.3509
2026-09-01T17:22:11Z,2026-09-01 17:21:31,SPXW,2026-09-08,P,7170.0,7633.7402,1.15,161.0,1.25,246.0,1.02,10.0,0.0,0.2103,-0.0155,0.0002,-0.5172,0.4493,-0.0222
2026-09-01T17:22:11Z,2026-09-01 17:21:31,SPXW,2026-09-08,C,7175.0,7633.7402,454.5,2.0,474.8,1.0,497.78,0.0,9.0,0.2325,0.9842,0.0002,-0.47,0.4576,1.3514
2026-09-01T17:22:11Z,2026-09-01 17:21:31,SPXW,2026-09-08,P,7175.0,7633.7402,1.15,159.0,1.3,429.0,1.1,2.0,111.0,0.2089,-0.0158,0.0002,-0.5243,0.4579,-0.0227
2026-09-01T17:22:11Z,2026-09-01 17:21:31,SPXW,2026-09-08,C,7180.0,7633.7402,449.5,1.0,470.0,1.0,0.0,0.0,0.0,0.2294,0.9838,0.0002,-0.4779,0.4665,1.3518
2026-09-01T17:22:11Z,2026-09-01 17:21:31,SPXW,2026-09-08,P,7180.0,7633.7402,1.2,163.0,1.3,255.0,0.0,0.0,0.0,0.2075,-0.0162,0.0002,-0.5316,0.4668,-0.0232
2026-09-01T17:22:11Z,2026-09-01 17:21:31,SPXW,2026-09-08,C,7190.0,7633.7402,442.9,1.0,458.8,1.0,0.0,0.0,0.0,0.2419,0.983,0.0002,-0.4944,0.485,1.3526
2026-09-01T17:22:11Z,2026-09-01 17:21:31,SPXW,2026-09-08,P,7190.0,7633.7402,1.25,160.0,1.35,274.0,0.0,0.0,0.0,0.2046,-0.0169,0.0002,-0.5468,0.4853,-0.0243
2026-09-01T17:22:11Z,2026-09-01 17:21:31,SPXW,2026-09-08,C,7200.0,7633.7402,432.7,1.0,450.0,1.0,473.43,0.0,10.0,0.2429,0.9822,0.0002,-0.5118,0.5047,1.3534
2026-09-01T17:22:11Z,2026-09-01 17:21:31,SPXW,2026-09-08,P,7200.0,7633.7402,1.3,147.0,1.4,246.0,1.3,98.0,412.0,0.2017,-0.0177,0.0002,-0.5631,0.505,-0.0255
2026-09-01T17:22:11Z,2026-09-01 17:21:31,SPXW,2026-09-08,C,7210.0,7633.7402,423.0,1.0,439.0,1.0,0.0,0.0,0.0,0.2342,0.9814,0.0002,-0.5302,0.5259,1.354
2026-09-01T17:22:11Z,2026-09-01 17:21:31,SPXW,2026-09-08,P,7210.0,7633.7402,1.35,146.0,1.45,205.0,1.3,1.0,26.0,0.1987,-0.0186,0.0002,-0.5804,0.5262,-0.0268
2026-09-01T17:22:11Z,2026-09-01 17:21:31,SPXW,2026-09-08,C,7220.0,7633.7402,409.8,1.0,430.3,1.0,0.0,0.0,0.0,0.2178,0.9804,0.0002,-0.5499,0.5487,1.3546
2026-09-01T17:22:11Z,2026-09-01 17:21:31,SPXW,2026-09-08,P,7220.0,7633.7402,1.4,141.0,1.5,161.0,1.35,1.0,26.0,0.1956,-0.0196,0.0002,-0.5989,0.549,-0.0281
2026-09-01T17:22:11Z,2026-09-01 17:21:31,SPXW,2026-09-08,C,7225.0,7633.7402,407.8,1.0,425.3,3.0,554.25,0.0,1.0,0.2331,0.9799,0.0002,-0.5602,0.5607,1.3548
2026-09-01T17:22:11Z,2026-09-01 17:21:31,SPXW,2026-09-08,P,7225.0,7633.7402,1.45,48.0,1.55,267.0,1.14,2.0,108.0,0.1945,-0.0201,0.0002,-0.6086,0.5611,-0.0288
2026-09-01T17:22:11Z,2026-09-01 17:21:31,SPXW,2026-09-08,C,7230.0,7633.7402,403.1,1.0,419.0,1.0,0.0,0.0,0.0,0.2253,0.9794,0.0002,-0.5708,0.5731,1.355
2026-09-01T17:22:11Z,2026-09-01 17:21:31,SPXW,2026-09-08,P,7230.0,7633.7402,1.45,138.0,1.6,290.0,1.06,4.0,11.0,0.193,-0.0206,0.0002,-0.6187,0.5735,-0.0296
2026-09-01T17:22:11Z,2026-09-01 17:21:31,SPXW,2026-09-08,C,7235.0,7633.7402,398.1,1.0,414.1,1.0,0.0,0.0,0.0,0.2235,0.9788,0.0002,-0.5819,0.586,1.3552
2026-09-01T17:22:11Z,2026-09-01 17:21:31,SPXW,2026-09-08,P,7235.0,7633.7402,1.5,148.0,1.6,182.0,0.0,0.0,0.0,0.1914,-0.0211,0.0002,-0.6292,0.5864,-0.0304
2026-09-01T17:22:11Z,2026-09-01 17:21:31,SPXW,2026-09-08,C,7240.0,7633.7402,389.9,1.0,409.1,1.0,0.0,0.0,0.0,0.201,0.9783,0.0002,-0.5933,0.5994,1.3553
2026-09-01T17:22:11Z,2026-09-01 17:21:31,SPXW,2026-09-08,P,7240.0,7633.7402,1.55,46.0,1.65,227.0,1.55,5.0,149.0,0.1902,-0.0217,0.0002,-0.64,0.5998,-0.0312
2026-09-01T17:22:11Z,2026-09-01 17:21:31,SPXW,2026-09-08,C,7245.0,7633.7402,386.2,1.0,405.5,1.0,0.0,0.0,0.0,0.2137,0.9777,0.0003,-0.6051,0.6132,1.3554
2026-09-01T17:22:11Z,2026-09-01 17:21:31,SPXW,2026-09-08,P,7245.0,7633.7402,1.55,144.0,1.7,278.0,0.0,0.0,0.0,0.1886,-0.0223,0.0003,-0.6513,0.6136,-0.0321
2026-09-01T17:22:11Z,2026-09-01 17:21:31,SPXW,2026-09-08,C,7250.0,7633.7402,380.5,1.0,399.2,1.0,0.0,0.0,0.0,0.2015,0.977,0.0003,-0.6174,0.6275,1.3554
2026-09-01T17:22:11Z,2026-09-01 17:21:31,SPXW,2026-09-08,P,7250.0,7633.7402,1.6,161.0,1.7,33.0,1.36,155.0,453.0,0.1874,-0.0229,0.0003,-0.663,0.6279,-0.033
2026-09-01T17:22:11Z,2026-09-01 17:21:31,SPXW,2026-09-08,C,7255.0,7633.7402,378.1,1.0,394.2,1.0,0.0,0.0,0.0,0.2145,0.9764,0.0003,-0.6301,0.6422,1.3554
2026-09-01T17:22:11Z,2026-09-01 17:21:31,SPXW,2026-09-08,P,7255.0,7633.7402,1.65,142.0,1.75,154.0,0.0,0.0,0.0,0.1857,-0.0236,0.0003,-0.6751,0.6427,-0.034
2026-09-01T17:22:11Z,2026-09-01 17:21:31,SPXW,2026-09-08,C,7260.0,7633.7402,371.3,1.0,389.3,1.0,379.71,2.0,0.0,0.2026,0.9757,0.0003,-0.6432,0.6575,1.3554
2026-09-01T17:22:11Z,2026-09-01 17:21:31,SPXW,2026-09-08,P,7260.0,7633.7402,1.7,132.0,1.8,163.0,1.65,2.0,47.0,0.1844,-0.0243,0.0003,-0.6877,0.658,-0.035
2026-09-01T17:22:11Z,2026-09-01 17:21:31,SPXW,2026-09-08,C,7265.0,7633.7402,368.2,1.0,384.3,1.0,0.0,0.0,0.0,0.2108,0.975,0.0003,-0.657,0.6734,1.3553
2026-09-01T17:22:11Z,2026-09-01 17:21:31,SPXW,2026-09-08,P,7265.0,7633.7402,1.75,107.0,1.85,182.0,0.0,0.0,0.0,0.1831,-0.025,0.0003,-0.7008,0.6738,-0.036
2026-09-01T17:22:11Z,2026-09-01 17:21:31,SPXW,2026-09-08,C,7270.0,7633.7402,363.4,1.0,379.4,1.0,0.0,0.0,0.0,0.2099,0.9743,0.0003,-0.6712,0.6898,1.3552
2026-09-01T17:22:11Z,2026-09-01 17:21:31,SPXW,2026-09-08,P,7270.0,7633.7402,1.8,44.0,1.9,191.0,1.3,3.0,128.0,0.1819,-0.0257,0.0003,-0.7141,0.6898,-0.0371
2026-09-01T17:22:11Z,2026-09-01 17:21:31,SPXW,2026-09-08,C,7275.0,7633.7402,356.4,1.0,376.0,2.0,372.5,0.0,1.0,0.2024,0.9735,0.0003,-0.6859,0.7068,1.355
2026-09-01T17:22:11Z,2026-09-01 17:21:31,SPXW,2026-09-08,P,7275.0,7633.7402,1.85,43.0,1.95,206.0,1.8,63.0,251.0,0.1805,-0.0265,0.0003,-0.7283,0.7068,-0.0382
2026-09-01T17:22:11Z,2026-09-01 17:21:31,SPXW,2026-09-08,C,7280.0,7633.7402,351.5,1.0,369.5,1.0,0.0,0.0,0.0,0.1956,0.9727,0.0003,-0.7013,0.7246,1.3548
2026-09-01T17:22:11Z,2026-09-01 17:21:31,SPXW,2026-09-08,P,7280.0,7633.7402,1.9,36.0,2.0,195.0,1.84,56.0,67.0,0.1791,-0.0273,0.0003,-0.743,0.7246,-0.0394
2026-09-01T17:22:11Z,2026-09-01 17:21:31,SPXW,2026-09-08,C,7285.0,7633.7402,348.3,1.0,364.3,1.0,0.0,0.0,0.0,0.2017,0.9718,0.0003,-0.7173,0.7431,1.3545
2026-09-01T17:22:11Z,2026-09-01 17:21:31,SPXW,2026-09-08,P,7285.0,7633.7402,1.95,95.0,2.05,149.0,1.85,3.0,0.0,0.1777,-0.0282,0.0003,-0.7584,0.7431,-0.0406
2026-09-01T17:22:11Z,2026-09-01 17:21:31,SPXW,2026-09-08,C,7290.0,7633.7402,343.3,1.0,360.9,1.0,0.0,0.0,0.0,0.2054,0.9709,0.0004,-0.7339,0.7624,1.3542
2026-09-01T17:22:11Z,2026-09-01 17:21:31,SPXW,2026-09-08,P,7290.0,7633.7402,2.0,116.0,2.1,154.0,2.0,1.0,29.0,0.1763,-0.029,0.0004,-0.7744,0.7624,-0.0419
2026-09-01T17:22:11Z,2026-09-01 17:21:31,SPXW,2026-09-08,C,7295.0,7633.7402,338.6,1.0,354.7,1.0,0.0,0.0,0.0,0.2002,0.97,0.0004,-0.7511,0.7826,1.3538
2026-09-01T17:22:11Z,2026-09-01 17:21:31,SPXW,2026-09-08,P,7295.0,7633.7402,2.05,116.0,2.15,32.0,0.0,0.0,0.0,0.1752,-0.03,0.0004,-0.7911,0.7826,-0.0432
2026-09-01T17:22:11Z,2026-09-01 17:21:31,SPXW,2026-09-08,C,7300.0,7633.7402,330.5,3.0,351.0,1.0,375.9,0.0,3.0,0.1873,0.969,0.0004,-0.769,0.8036,1.3533
2026-09-01T17:22:11Z,2026-09-01 17:21:31,SPXW,2026-09-08,P,7300.0,7633.7402,2.1,122.0,2.25,268.0,1.95,61.0,642.0,0.174,-0.031,0.0004,-0.8084,0.8036,-0.0446
2026-09-01T17:22:11Z,2026-09-01 17:21:31,SPXW,2026-09-08,C,7305.0,7633.7402,328.5,1.0,344.9,1.0,0.0,0.0,0.0,0.1957,0.968,0.0004,-0.7877,0.8255,1.3528
2026-09-01T17:22:11Z,2026-09-01 17:21:31,SPXW,2026-09-08,P,7305.0,7633.7402,2.2,36.0,2.3,152.0,0.0,0.0,0.0,0.1725,-0.032,0.0004,-0.8265,0.8255,-0.0461
2026-09-01T17:22:11Z,2026-09-01 17:21:31,SPXW,2026-09-08,C,7310.0,7633.7402,320.7,1.0,340.9,1.0,0.0,0.0,0.0,0.1847,0.9669,0.0004,-0.8071,0.8482,1.3522
2026-09-01T17:22:11Z,2026-09-01 17:21:31,SPXW,2026-09-08,P,7310.0,7633.7402,2.25,104.0,2.35,22.0,2.22,20.0,164.0,0.1713,-0.0331,0.0004,-0.8453,0.8482,-0.0477
2026-09-01T17:22:11Z,2026-09-01 17:21:31,SPXW,2026-09-08,C,7315.0,7633.7402,315.7,1.0,336.2,1.0,0.0,0.0,0.0,0.1838,0.9657,0.0004,-0.8273,0.8718,1.3514
2026-09-01T17:22:11Z,2026-09-01 17:21:31,SPXW,2026-09-08,P,7315.0,7633.7402,2.3,112.0,2.45,200.0,2.3,31.0,0.0,0.17,-0.0342,0.0004,-0.8649,0.8718,-0.0494
2026-09-01T17:22:11Z,2026-09-01 17:21:31,SPXW,2026-09-08,C,7320.0,7633.7402,310.8,1.0,330.0,1.0,0.0,0.0,0.0,0.1758,0.9645,0.0004,-0.8483,0.8962,1.3506
2026-09-01T17:22:11Z,2026-09-01 17:21:31,SPXW,2026-09-08,P,7320.0,7633.7402,2.4,101.0,2.5,21.0,2.15,76.0,86.0,0.1687,-0.0354,0.0004,-0.8853,0.8962,-0.0512
2026-09-01T17:22:11Z,2026-09-01 17:21:31,SPXW,2026-09-08,C,7325.0,7633.7402,305.9,1.0,326.3,1.0,354.56,0.0,7.0,0.1804,0.9633,0.0004,-0.8701,0.9216,1.3497
2026-09-01T17:22:11Z,2026-09-01 17:21:31,SPXW,2026-09-08,P,7325.0,7633.7402,2.5,33.0,2.6,151.0,2.4,39.0,1154.0,0.1674,-0.0367,0.0004,-0.9066,0.9216,-0.053
2026-09-01T17:22:11Z,2026-09-01 17:21:31,SPXW,2026-09-08,C,7330.0,7633.7402,300.9,1.0,320.3,1.0,347.93,0.0,1.0,0.1731,0.9619,0.0005,-0.8929,0.9478,1.3487
2026-09-01T17:22:11Z,2026-09-01 17:21:31,SPXW,2026-09-08,P,7330.0,7633.7402,2.55,110.0,2.7,212.0,2.4,50.0,75.0,0.166,-0.038,0.0005,-0.9288,0.9478,-0.055
2026-09-01T17:22:11Z,2026-09-01 17:21:31,SPXW,2026-09-08,C,7335.0,7633.7402,299.7,1.0,316.6,1.0,0.0,0.0,0.0,0.1914,0.9605,0.0005,-0.9166,0.975,1.3476
2026-09-01T17:22:11Z,2026-09-01 17:21:31,SPXW,2026-09-08,P,7335.0,7633.7402,2.65,104.0,2.8,223.0,1.75,10.0,0.0,0.1649,-0.0394,0.0005,-0.9519,0.975,-0.057
2026-09-01T17:22:11Z,2026-09-01 17:21:31,SPXW,2026-09-08,C,7340.0,7633.7402,294.2,1.0,310.4,1.0,0.0,0.0,0.0,0.1835,0.9591,0.0005,-0.9412,1.0034,1.3465
2026-09-01T17:22:11Z,2026-09-01 17:21:31,SPXW,2026-09-08,P,7340.0,7633.7402,2.75,96.0,2.85,20.0,1.8,16.0,148.0,0.1637,-0.0409,0.0005,-0.9759,1.0034,-0.0592
2026-09-01T17:22:11Z,2026-09-01 17:21:31,SPXW,2026-09-08,C,7345.0,7633.7402,286.3,1.0,306.8,1.0,0.0,0.0,0.0,0.1735,0.9575,0.0005,-0.9668,1.033,1.3452
2026-09-01T17:22:11Z,2026-09-01 17:21:31,SPXW,2026-09-08,P,7345.0,7633.7402,2.85,101.0,3.0,217.0,2.8,18.0,0.0,0.1625,-0.0424,0.0005,-1.0009,1.033,-0.0614
2026-09-01T17:22:11Z,2026-09-01 17:21:31,SPXW,2026-09-08,C,7350.0,7633.7402,282.0,1.0,302.1,1.0,0.0,0.0,0.0,0.1744,0.9559,0.0005,-0.9934,1.064,1.3438
2026-09-01T17:22:11Z,2026-09-01 17:21:31,SPXW,2026-09-08,P,7350.0,7633.7402,2.95,182.0,3.1,233.0,3.0,75.0,395.0,0.1615,-0.044,0.0005,-1.0269,1.064,-0.0637
2026-09-01T17:22:11Z,2026-09-01 17:21:31,SPXW,2026-09-08,C,7355.0,7633.7402,277.8,1.0,295.7,1.0,0.0,0.0,0.0,0.1715,0.9542,0.0006,-1.021,1.0962,1.3423
2026-09-01T17:22:11Z,2026-09-01 17:21:31,SPXW,2026-09-08,P,7355.0,7633.7402,3.0,240.0,3.2,135.0,2.05,6.0,136.0,0.1602,-0.0458,0.0006,-1.054,1.0962,-0.0662
2026-09-01T17:22:11Z,2026-09-01 17:21:31,SPXW,2026-09-08,C,7360.0,7633.7402,271.6,1.0,290.9,1.0,0.0,0.0,0.0,0.1648,0.9524,0.0006,-1.0496,1.1298,1.3407
2026-09-01T17:22:11Z,2026-09-01 17:21:31,SPXW,2026-09-08,P,7360.0,7633.7402,3.2,144.0,3.3,81.0,2.65,8.0,3260.0,0.1593,-0.0475,0.0006,-1.082,1.1298,-0.0688
2026-09-01T17:22:11Z,2026-09-01 17:21:31,SPXW,2026-09-08,C,7365.0,7633.7402,270.4,1.0,285.8,1.0,0.0,0.0,0.0,0.1768,0.9505,0.0006,-1.0794,1.1647,1.3389
2026-09-01T17:22:11Z,2026-09-01 17:21:31,SPXW,2026-09-08,P,7365.0,7633.7402,3.3,178.0,3.5,189.0,1.85,0.0,76.0,0.1579,-0.0494,0.0006,-1.1112,1.1647,-0.0716
2026-09-01T17:22:11Z,2026-09-01 17:21:31,SPXW,2026-09-08,C,7370.0,7633.7402,262.4,1.0,281.1,1.0,0.0,0.0,0.0,0.1641,0.9486,0.0006,-1.1103,1.2007,1.3369
2026-09-01T17:22:11Z,2026-09-01 17:21:31,SPXW,2026-09-08,P,7370.0,7633.7402,3.4,190.0,3.6,184.0,3.3,69.0,94.0,0.1569,-0.0514,0.0006,-1.1415,1.2007,-0.0745
2026-09-01T17:22:11Z,2026-09-01 17:21:31,SPXW,2026-09-08,C,7375.0,7633.7402,260.1,1.0,276.3,1.0,368.5,0.0,1.0,0.1723,0.9465,0.0006,-1.1423,1.2378,1.3348
2026-09-01T17:22:11Z,2026-09-01 17:21:31,SPXW,2026-09-08,P,7375.0,7633.7402,3.6,113.0,3.7,19.0,3.25,77.0,278.0,0.1558,-0.0535,0.0006,-1.1729,1.2378,-0.0776
2026-09-01T17:22:11Z,2026-09-01 17:21:31,SPXW,2026-09-08,C,7380.0,7633.7402,254.7,1.0,271.4,1.0,0.0,0.0,0.0,0.1686,0.9443,0.0007,-1.1755,1.2762,1.3325
2026-09-01T17:22:11Z,2026-09-01 17:21:31,SPXW,2026-09-08,P,7380.0,7633.7402,3.7,180.0,3.9,182.0,3.5,120.0,47.0,0.1542,-0.0557,0.0007,-1.2056,1.2762,-0.0808
2026-09-01T17:22:11Z,2026-09-01 17:21:31,SPXW,2026-09-08,C,7385.0,7633.7402,249.9,1.0,268.1,3.0,0.0,0.0,0.0,0.1723,0.942,0.0007,-1.2099,1.3158,1.33
2026-09-01T17:22:11Z,2026-09-01 17:21:31,SPXW,2026-09-08,P,7385.0,7633.7402,3.9,96.0,4.1,146.0,3.6,42.0,28.0,0.1535,-0.058,0.0007,-1.2394,1.3158,-0.0842
2026-09-01T17:22:11Z,2026-09-01 17:21:31,SPXW,2026-09-08,C,7390.0,7633.7402,245.3,1.0,261.7,1.0,255.0,2.0,0.0,0.1664,0.9395,0.0007,-1.2455,1.3571,1.3275
2026-09-01T17:22:11Z,2026-09-01 17:21:31,SPXW,2026-09-08,P,7390.0,7633.7402,4.0,141.0,4.2,98.0,3.7,85.0,138.0,0.1522,-0.0604,0.0007,-1.2744,1.3571,-0.0878
2026-09-01T17:22:11Z,2026-09-01 17:21:31,SPXW,2026-09-08,C,7395.0,7633.7402,239.9,1.0,258.6,3.0,0.0,0.0,0.0,0.1664,0.937,0.0008,-1.2824,1.4,1.3248
2026-09-01T17:22:11Z,2026-09-01 17:21:31,SPXW,2026-09-08,P,7395.0,7633.7402,4.2,138.0,4.4,136.0,2.55,16.0,189.0,0.151,-0.063,0.0008,-1.3107,1.4,-0.0914
2026-09-01T17:22:11Z,2026-09-01 17:21:31,SPXW,2026-09-08,C,7400.0,7633.7402,235.1,1.0,253.4,1.0,281.55,0.0,13.0,0.1658,0.9343,0.0008,-1.3204,1.4447,1.3218
2026-09-01T17:22:11Z,2026-09-01 17:21:31,SPXW,2026-09-08,P,7400.0,7633.7402,4.4,130.0,4.6,141.0,4.15,191.0,874.0,0.15,-0.0657,0.0008,-1.3482,1.4447,-0.0953
2026-09-01T17:22:11Z,2026-09-01 17:21:31,SPXW,2026-09-08,C,7405.0,7633.7402,230.2,1.0,247.1,1.0,0.0,0.0,0.0,0.1594,0.9315,0.0008,-1.3597,1.4911,1.3187
2026-09-01T17:22:11Z,2026-09-01 17:21:31,SPXW,2026-09-08,P,7405.0,7633.7402,4.6,65.0,4.8,69.0,4.72,40.0,56.0,0.1489,-0.0685,0.0008,-1.3869,1.4911,-0.0994
2026-09-01T17:22:11Z,2026-09-01 17:21:31,SPXW,2026-09-08,C,7410.0,7633.7402,225.4,1.0,243.9,1.0,234.88,30.0,30.0,0.1628,0.9285,0.0009,-1.4003,1.5389,1.3152
2026-09-01T17:22:11Z,2026-09-01 17:21:31,SPXW,2026-09-08,P,7410.0,7633.7402,4.8,45.0,5.0,66.0,4.92,116.0,171.0,0.1478,-0.0715,0.0009,-1.4268,1.5389,-0.1038
2026-09-01T17:22:11Z,2026-09-01 17:21:31,SPXW,2026-09-08,C,7415.0,7633.7402,220.9,1.0,239.1,1.0,0.0,0.0,0.0,0.162,0.9254,0.0009,-1.4421,1.5881,1.3116
2026-09-01T17:22:11Z,2026-09-01 17:21:31,SPXW,2026-09-08,P,7415.0,7633.7402,5.0,70.0,5.2,62.0,4.42,71.0,211.0,0.1466,-0.0746,0.0009,-1.4681,1.5881,-0.1085
2026-09-01T17:22:11Z,2026-09-01 17:21:31,SPXW,2026-09-08,C,7420.0,7633.7402,216.1,1.0,234.1,1.0,351.46,0.0,2.0,0.1598,0.9221,0.0009,-1.4852,1.6385,1.3076
2026-09-01T17:22:11Z,2026-09-01 17:21:31,SPXW,2026-09-08,P,7420.0,7633.7402,5.2,114.0,5.5,66.0,5.5,151.0,244.0,0.1461,-0.0779,0.0009,-1.5106,1.6385,-0.1133
2026-09-01T17:22:11Z,2026-09-01 17:21:31,SPXW,2026-09-08,C,7425.0,7633.7402,211.0,1.0,228.2,1.0,267.6,0.0,23.0,0.1543,0.9186,0.001,-1.5296,1.6903,1.3035
2026-09-01T17:22:11Z,2026-09-01 17:21:31,SPXW,2026-09-08,P,7425.0,7633.7402,5.5,61.0,5.7,61.0,4.9,220.0,431.0,0.1447,-0.0813,0.001,-1.5544,1.6903,-0.1184
2026-09-01T17:22:11Z,2026-09-01 17:21:31,SPXW,2026-09-08,C,7430.0,7633.7402,207.4,1.0,221.1,1.0,216.6,2.0,3.0,0.1487,0.915,0.001,-1.5752,1.7437,1.2992
2026-09-01T17:22:11Z,2026-09-01 17:21:31,SPXW,2026-09-08,P,7430.0,7633.7402,5.8,38.0,6.0,66.0,5.3,82.0,361.0,0.144,-0.0849,0.001,-1.5994,1.7437,-0.1237
2026-09-01T17:22:11Z,2026-09-01 17:21:31,SPXW,2026-09-08,C,7435.0,7633.7402,202.4,1.0,216.1,2.0,0.0,0.0,0.0,0.1468,0.9112,0.001,-1.6221,1.799,1.2947
2026-09-01T17:22:11Z,2026-09-01 17:21:31,SPXW,2026-09-08,P,7435.0,7633.7402,6.0,60.0,6.2,42.0,5.8,82.0,165.0,0.1431,-0.0887,0.001,-1.6457,1.799,-0.1292
2026-09-01T17:22:11Z,2026-09-01 17:21:31,SPXW,2026-09-08,C,7440.0,7633.7402,198.8,1.0,211.1,1.0,204.71,2.0,2.0,0.1479,0.9072,0.0011,-1.6702,1.8564,1.2898
2026-09-01T17:22:11Z,2026-09-01 17:21:31,SPXW,2026-09-08,P,7440.0,7633.7402,6.3,36.0,6.5,49.0,5.75,54.0,256.0,0.1421,-0.0927,0.0011,-1.6933,1.8564,-0.135
2026-09-01T17:22:11Z,2026-09-01 17:21:31,SPXW,2026-09-08,C,7445.0,7633.7402,194.1,1.0,206.7,2.0,0.0,0.0,0.0,0.1474,0.9031,0.0011,-1.7195,1.9156,1.2846
2026-09-01T17:22:11Z,2026-09-01 17:21:31,SPXW,2026-09-08,P,7445.0,7633.7402,6.6,55.0,6.8,38.0,6.8,30.0,409.0,0.1411,-0.0969,0.0011,-1.742,1.9156,-0.1411
2026-09-01T17:22:11Z,2026-09-01 17:21:31,SPXW,2026-09-08,C,7450.0,7633.7402,191.1,25.0,198.2,24.0,248.46,0.0,6.0,0.1407,0.8987,0.0012,-1.77,1.9762,1.2791
2026-09-01T17:22:11Z,2026-09-01 17:21:31,SPXW,2026-09-08,P,7450.0,7633.7402,7.0,21.0,7.2,48.0,6.8,149.0,3597.0,0.14,-0.1013,0.0012,-1.7919,1.9762,-0.1476
2026-09-01T17:22:11Z,2026-09-01 17:21:31,SPXW,2026-09-08,C,7455.0,7633.7402,187.0,23.0,193.5,23.0,0.0,0.0,0.0,0.141,0.8941,0.0012,-1.8216,2.038,1.2732
2026-09-01T17:22:11Z,2026-09-01 17:21:31,SPXW,2026-09-08,P,7455.0,7633.7402,7.3,50.0,7.5,47.0,7.1,209.0,201.0,0.1388,-0.1059,0.0012,-1.8429,2.038,-0.1545
2026-09-01T17:22:11Z,2026-09-01 17:21:31,SPXW,2026-09-08,C,7460.0,7633.7402,182.2,23.0,189.5,23.0,197.57,12.0,12.0,0.1411,0.8892,0.0013,-1.8744,2.1008,1.267
2026-09-01T17:22:11Z,2026-09-01 17:21:31,SPXW,2026-09-08,P,7460.0,7633.7402,7.7,31.0,7.9,45.0,6.84,134.0,239.0,0.138,-0.1107,0.0013,-1.8951,2.1008,-0.1617
2026-09-01T17:22:11Z,2026-09-01 17:21:31,SPXW,2026-09-08,C,7465.0,7633.7402,177.7,23.0,184.8,23.0,0.0,0.0,0.0,0.1401,0.8842,0.0013,-1.9282,2.165,1.2605
2026-09-01T17:22:11Z,2026-09-01 17:21:31,SPXW,2026-09-08,P,7465.0,7633.7402,8.0,47.0,8.3,45.0,8.0,33.0,245.0,0.1371,-0.1158,0.0013,-1.9483,2.165,-0.1691
2026-09-01T17:22:11Z,2026-09-01 17:21:31,SPXW,2026-09-08,C,7470.0,7633.7402,173.2,23.0,180.2,23.0,0.0,0.0,0.0,0.1392,0.8789,0.0014,-1.983,2.2311,1.2537
2026-09-01T17:22:11Z,2026-09-01 17:21:31,SPXW,2026-09-08,P,7470.0,7633.7402,8.4,46.0,8.7,44.0,7.65,54.0,365.0,0.1361,-0.1211,0.0014,-2.0026,2.2311,-0.1768
2026-09-01T17:22:11Z,2026-09-01 17:21:31,SPXW,2026-09-08,C,7475.0,7633.7402,168.6,23.0,175.7,23.0,210.13,0.0,15.0,0.1383,0.8733,0.0014,-2.0388,2.2991,1.2466
2026-09-01T17:22:11Z,2026-09-01 17:21:31,SPXW,2026-09-08,P,7475.0,7633.7402,8.9,37.0,9.1,42.0,8.98,71.0,1254.0,0.1351,-0.1266,0.0014,-2.0578,2.2991,-0.1849
2026-09-01T17:22:11Z,2026-09-01 17:21:31,SPXW,2026-09-08,C,7480.0,7633.7402,164.1,23.0,170.9,23.0,201.58,0.0,11.0,0.1368,0.8675,0.0015,-2.0954,2.3689,1.239
2026-09-01T17:22:11Z,2026-09-01 17:21:31,SPXW,2026-09-08,P,7480.0,7633.7402,9.3,44.0,9.5,34.0,9.43,122.0,214.0,0.1344,-0.1325,0.0015,-2.1138,2.3689,-0.1935
2026-09-01T17:22:11Z,2026-09-01 17:21:31,SPXW,2026-09-08,C,7485.0,7633.7402,159.4,24.0,166.5,23.0,0.0,0.0,0.0,0.1356,0.8614,0.0016,-2.1528,2.4398,1.2308
2026-09-01T17:22:11Z,2026-09-01 17:21:31,SPXW,2026-09-08,P,7485.0,7633.7402,9.8,40.0,10.0,32.0,9.47,62.0,169.0,0.1331,-0.1386,0.0016,-2.1706,2.4398,-0.2026
2026-09-01T17:22:11Z,2026-09-01 17:21:31,SPXW,2026-09-08,C,7490.0,7633.7402,155.1,23.0,162.1,23.0,196.52,0.0,5.0,0.1352,0.855,0.0016,-2.2108,2.5113,1.2223
2026-09-01T17:22:11Z,2026-09-01 17:21:31,SPXW,2026-09-08,P,7490.0,7633.7402,10.3,40.0,10.5,32.0,10.62,86.0,290.0,0.1326,-0.1449,0.0016,-2.228,2.5113,-0.2121
2026-09-01T17:22:11Z,2026-09-01 17:21:31,SPXW,2026-09-08,C,7495.0,7633.7402,150.0,24.0,157.4,23.0,235.49,0.0,10.0,0.1325,0.8484,0.0017,-2.2695,2.5833,1.2133
2026-09-01T17:22:11Z,2026-09-01 17:21:31,SPXW,2026-09-08,P,7495.0,7633.7402,10.8,41.0,11.0,30.0,10.38,98.0,1748.0,0.1315,-0.1516,0.0017,-2.2861,2.5833,-0.222
2026-09-01T17:22:11Z,2026-09-01 17:21:31,SPXW,2026-09-08,C,7500.0,7633.7402,146.1,23.0,152.9,22.0,160.39,12.0,175.0,0.1325,0.8414,0.0017,-2.3286,2.6564,1.2041
2026-09-01T17:22:11Z,2026-09-01 17:21:31,SPXW,2026-09-08,P,7500.0,7633.7402,11.4,32.0,11.6,38.0,11.11,286.0,3737.0,0.1304,-0.1586,0.0017,-2.3447,2.6564,-0.2322
2026-09-01T17:22:11Z,2026-09-01 17:21:31,SPXW,2026-09-08,C,7505.0,7633.7402,141.9,23.0,148.5,22.0,195.97,0.0,1.0,0.1319,0.8341,0.0018,-2.3881,2.7311,1.1944
2026-09-01T17:22:11Z,2026-09-01 17:21:31,SPXW,2026-09-08,P,7505.0,7633.7402,12.0,17.0,12.2,34.0,11.04,13.0,186.0,0.1297,-0.1659,0.0018,-2.4036,2.7311,-0.2428
2026-09-01T17:22:11Z,2026-09-01 17:21:31,SPXW,2026-09-08,C,7510.0,7633.7402,137.3,23.0,144.2,22.0,143.18,30.0,35.0,0.1306,0.8265,0.0019,-2.4478,2.8072,1.1842
2026-09-01T17:22:11Z,2026-09-01 17:21:31,SPXW,2026-09-08,P,7510.0,7633.7402,12.6,24.0,12.8,34.0,12.13,73.0,363.0,0.1289,-0.1735,0.0019,-2.4627,2.8072,-0.254
2026-09-01T17:22:11Z,2026-09-01 17:21:31,SPXW,2026-09-08,C,7515.0,7633.7402,132.9,24.0,139.9,23.0,140.22,1.0,0.0,0.1297,0.8185,0.0019,-2.5074,2.8841,1.1733
2026-09-01T17:22:11Z,2026-09-01 17:21:31,SPXW,2026-09-08,P,7515.0,7633.7402,13.2,35.0,13.5,32.0,11.97,28.0,199.0,0.1278,-0.1814,0.0019,-2.5218,2.8841,-0.2659
2026-09-01T17:22:11Z,2026-09-01 17:21:31,SPXW,2026-09-08,C,7520.0,7633.7402,128.6,25.0,135.4,23.0,172.36,0.0,8.0,0.1284,0.8102,0.002,-2.567,2.9607,1.1618
2026-09-01T17:22:11Z,2026-09-01 17:21:31,SPXW,2026-09-08,P,7520.0,7633.7402,13.9,34.0,14.1,8.0,12.72,50.0,216.0,0.1269,-0.1897,0.002,-2.5807,2.9607,-0.2783
2026-09-01T17:22:11Z,2026-09-01 17:21:31,SPXW,2026-09-08,C,7525.0,7633.7402,124.6,25.0,130.9,22.0,128.77,2.0,26.0,0.1275,0.8016,0.0021,-2.6262,3.0369,1.1499
2026-09-01T17:22:11Z,2026-09-01 17:21:31,SPXW,2026-09-08,P,7525.0,7633.7402,14.6,34.0,14.9,32.0,14.81,126.0,511.0,0.1261,-0.1984,0.0021,-2.6393,3.0369,-0.2912
2026-09-01T17:22:11Z,2026-09-01 17:21:31,SPXW,2026-09-08,C,7530.0,7633.7402,120.4,25.0,126.9,23.0,129.72,6.0,33.0,0.127,0.7926,0.0021,-2.6849,3.1131,1.1377
2026-09-01T17:22:11Z,2026-09-01 17:21:31,SPXW,2026-09-08,P,7530.0,7633.7402,15.4,33.0,15.6,8.0,14.82,851.0,253.0,0.1252,-0.2074,0.0021,-2.6975,3.1131,-0.3043
2026-09-01T17:22:11Z,2026-09-01 17:21:31,SPXW,2026-09-08,C,7535.0,7633.7402,116.2,25.0,122.5,23.0,122.87,3.0,0.0,0.1257,0.7832,0.0022,-2.7429,3.19,1.1249
2026-09-01T17:22:11Z,2026-09-01 17:21:31,SPXW,2026-09-08,P,7535.0,7633.7402,16.2,33.0,16.4,8.0,15.2,198.0,315.0,0.1242,-0.2168,0.0022,-2.7549,3.19,-0.3181
2026-09-01T17:22:11Z,2026-09-01 17:21:31,SPXW,2026-09-08,C,7540.0,7633.7402,112.1,24.0,118.5,22.0,272.9,0.0,2.0,0.1251,0.7734,0.0023,-2.8,3.2673,1.1114
2026-09-01T17:22:11Z,2026-09-01 17:21:31,SPXW,2026-09-08,P,7540.0,7633.7402,17.0,32.0,17.3,25.0,15.62,72.0,153.0,0.1234,-0.2265,0.0023,-2.8113,3.2673,-0.3326
2026-09-01T17:22:11Z,2026-09-01 17:21:31,SPXW,2026-09-08,C,7545.0,7633.7402,108.0,23.0,114.2,23.0,129.8,2.0,0.0,0.1239,0.7633,0.0024,-2.8557,3.3441,1.0971
2026-09-01T17:22:11Z,2026-09-01 17:21:31,SPXW,2026-09-08,P,7545.0,7633.7402,17.9,31.0,18.2,30.0,16.7,1381.0,162.0,0.1225,-0.2366,0.0024,-2.8665,3.3441,-0.3478
2026-09-01T17:22:11Z,2026-09-01 17:21:31,SPXW,2026-09-08,C,7550.0,7633.7402,104.0,23.0,110.1,23.0,107.04,3.0,160.0,0.123,0.7528,0.0024,-2.91,3.419,1.0823
2026-09-01T17:22:11Z,2026-09-01 17:21:31,SPXW,2026-09-08,P,7550.0,7633.7402,18.9,25.0,19.1,24.0,17.3,311.0,923.0,0.1217,-0.2472,0.0024,-2.9202,3.419,-0.3636
2026-09-01T17:22:11Z,2026-09-01 17:21:31,SPXW,2026-09-08,C,7555.0,7633.7402,102.4,5.0,103.2,5.0,106.22,9.0,8.0,0.1226,0.7418,0.0025,-2.9626,3.4923,1.0671
2026-09-01T17:22:11Z,2026-09-01 17:21:31,SPXW,2026-09-08,P,7555.0,7633.7402,19.8,25.0,20.1,24.0,18.7,96.0,191.0,0.1207,-0.2581,0.0025,-2.9722,3.4923,-0.3797
2026-09-01T17:22:11Z,2026-09-01 17:21:31,SPXW,2026-09-08,C,7560.0,7633.7402,98.5,5.0,100.7,1.0,113.35,6.0,10.0,0.12,0.7305,0.0026,-3.0132,3.5645,1.0515
2026-09-01T17:22:11Z,2026-09-01 17:21:31,SPXW,2026-09-08,P,7560.0,7633.7402,20.9,19.0,21.1,13.0,19.5,1406.0,288.0,0.1198,-0.2695,0.0026,-3.0222,3.5645,-0.3963
2026-09-01T17:22:11Z,2026-09-01 17:21:31,SPXW,2026-09-08,C,7565.0,7633.7402,94.5,5.0,95.7,11.0,109.2,1.0,5.0,0.1191,0.7187,0.0026,-3.0614,3.636,1.035
2026-09-01T17:22:11Z,2026-09-01 17:21:31,SPXW,2026-09-08,P,7565.0,7633.7402,22.0,18.0,22.2,19.0,20.35,32.0,107.0,0.119,-0.2812,0.0026,-3.0699,3.636,-0.4137
2026-09-01T17:22:11Z,2026-09-01 17:21:31,SPXW,2026-09-08,C,7570.0,7633.7402,90.6,5.0,91.9,13.0,120.12,0.0,19.0,0.1181,0.7066,0.0027,-3.107,3.7058,1.0177
2026-09-01T17:22:11Z,2026-09-01 17:21:31,SPXW,2026-09-08,P,7570.0,7633.7402,23.1,13.0,23.4,29.0,23.0,114.0,250.0,0.1182,-0.2934,0.0027,-3.1149,3.7058,-0.432
2026-09-01T17:22:11Z,2026-09-01 17:21:31,SPXW,2026-09-08,C,7575.0,7633.7402,86.8,5.0,88.1,14.0,169.61,0.0,96.0,0.1172,0.694,0.0028,-3.1496,3.7726,0.9998
2026-09-01T17:22:11Z,2026-09-01 17:21:31,SPXW,2026-09-08,P,7575.0,7633.7402,24.3,12.0,24.6,28.0,22.42,2088.0,1473.0,0.1173,-0.306,0.0028,-3.1569,3.7726,-0.4509
2026-09-01T17:22:11Z,2026-09-01 17:21:31,SPXW,2026-09-08,C,7580.0,7633.7402,83.4,2.0,83.8,2.0,97.51,3.0,14.0,0.1166,0.681,0.0029,-3.1889,3.8358,0.9815
2026-09-01T17:22:11Z,2026-09-01 17:21:31,SPXW,2026-09-08,P,7580.0,7633.7402,25.5,34.0,25.8,22.0,24.0,64.0,458.0,0.1164,-0.319,0.0029,-3.1957,3.8358,-0.4701
2026-09-01T17:22:11Z,2026-09-01 17:21:31,SPXW,2026-09-08,C,7585.0,7633.7402,79.8,3.0,80.1,3.0,93.4,12.0,8.0,0.1157,0.6676,0.0029,-3.2247,3.8962,0.9628
2026-09-01T17:22:11Z,2026-09-01 17:21:31,SPXW,2026-09-08,P,7585.0,7633.7402,26.8,33.0,27.1,14.0,26.25,88.0,382.0,0.1155,-0.3324,0.0029,-3.2308,3.8962,-0.4898
2026-09-01T17:22:11Z,2026-09-01 17:21:31,SPXW,2026-09-08,C,7590.0,7633.7402,76.1,3.0,76.5,3.0,82.1,11.0,16.0,0.1148,0.6537,0.003,-3.2566,3.9539,0.9432
2026-09-01T17:22:11Z,2026-09-01 17:21:31,SPXW,2026-09-08,P,7590.0,7633.7402,28.2,22.0,28.5,15.0,28.1,78.0,224.0,0.1145,-0.3462,0.003,-3.2621,3.9539,-0.5103
2026-09-01T17:22:11Z,2026-09-01 17:21:31,SPXW,2026-09-08,C,7595.0,7633.7402,72.5,4.0,72.8,4.0,84.5,2.0,7.0,0.114,0.6395,0.0031,-3.2841,4.0082,0.9227
2026-09-01T17:22:11Z,2026-09-01 17:21:31,SPXW,2026-09-08,P,7595.0,7633.7402,29.7,8.0,30.0,24.0,27.9,68.0,162.0,0.1138,-0.3605,0.0031,-3.289,4.0082,-0.5318
2026-09-01T17:22:11Z,2026-09-01 17:21:31,SPXW,2026-09-08,C,7600.0,7633.7402,69.0,5.0,69.4,7.0,83.7,8.0,740.0,0.113,0.6248,0.0031,-3.3069,4.0577,0.9017
2026-09-01T17:22:11Z,2026-09-01 17:21:31,SPXW,2026-09-08,P,7600.0,7633.7402,31.2,8.0,31.5,24.0,30.75,1251.0,1812.0,0.1129,-0.3751,0.0031,-3.3113,4.0577,-0.5538
2026-09-01T17:22:11Z,2026-09-01 17:21:31,SPXW,2026-09-08,C,7605.0,7633.7402,65.6,5.0,66.0,7.0,68.6,17.0,8.0,0.1122,0.6098,0.0032,-3.3248,4.102,0.8804
2026-09-01T17:22:11Z,2026-09-01 17:21:31,SPXW,2026-09-08,P,7605.0,7633.7402,32.8,7.0,33.0,10.0,31.86,40.0,135.0,0.1121,-0.3901,0.0032,-3.3286,4.102,-0.576
2026-09-01T17:22:11Z,2026-09-01 17:21:31,SPXW,2026-09-08,C,7610.0,7633.7402,62.3,5.0,62.6,8.0,76.15,9.0,10.0,0.1114,0.5944,0.0032,-3.3376,4.1415,0.8587
2026-09-01T17:22:11Z,2026-09-01 17:21:31,SPXW,2026-09-08,P,7610.0,7633.7402,34.4,14.0,34.7,18.0,30.56,40.0,448.0,0.1111,-0.4056,0.0032,-3.3408,4.1415,-0.5987
2026-09-01T17:22:11Z,2026-09-01 17:21:31,SPXW,2026-09-08,C,7615.0,7633.7402,59.1,6.0,59.3,5.0,59.8,10.0,62.0,0.1104,0.5786,0.0033,-3.3448,4.1762,0.836
2026-09-01T17:22:11Z,2026-09-01 17:21:31,SPXW,2026-09-08,P,7615.0,7633.7402,36.2,6.0,36.4,6.0,35.1,130.0,235.0,0.1104,-0.4214,0.0033,-3.3474,4.1762,-0.6224
2026-09-01T17:22:11Z,2026-09-01 17:21:31,SPXW,2026-09-08,C,7620.0,7633.7402,55.9,6.0,56.1,3.0,55.85,68.0,107.0,0.1096,0.5624,0.0034,-3.3461,4.205,0.8125
2026-09-01T17:22:11Z,2026-09-01 17:21:31,SPXW,2026-09-08,P,7620.0,7633.7402,38.0,13.0,38.2,6.0,35.91,161.0,294.0,0.1095,-0.4375,0.0034,-3.3482,4.205,-0.6468
2026-09-01T17:22:11Z,2026-09-01 17:21:31,SPXW,2026-09-08,C,7625.0,7633.7402,52.8,6.0,53.1,23.0,53.42,24.0,696.0,0.1087,0.5459,0.0034,-3.3413,4.2273,0.7889
2026-09-01T17:22:11Z,2026-09-01 17:21:31,SPXW,2026-09-08,P,7625.0,7633.7402,39.9,7.0,40.1,6.0,36.88,342.0,510.0,0.1086,-0.454,0.0034,-3.3428,4.2273,-0.6714
2026-09-01T17:22:11Z,2026-09-01 17:21:31,SPXW,2026-09-08,C,7630.0,7633.7402,49.8,6.0,50.0,11.0,52.3,165.0,55.0,0.1079,0.5291,0.0034,-3.3302,4.2429,0.765
2026-09-01T17:22:11Z,2026-09-01 17:21:31,SPXW,2026-09-08,P,7630.0,7633.7402,41.8,13.0,42.1,6.0,40.3,283.0,416.0,0.1078,-0.4709,0.0034,-3.3311,4.2429,-0.6962
2026-09-01T17:22:11Z,2026-09-01 17:21:31,SPXW,2026-09-08,C,7635.0,7633.7402,46.9,6.0,47.1,7.0,46.7,191.0,3.0,0.1071,0.5119,0.0035,-3.3126,4.2517,0.7404
2026-09-01T17:22:11Z,2026-09-01 17:21:31,SPXW,2026-09-08,P,7635.0,7633.7402,43.9,11.0,44.2,7.0,43.9,280.0,134.0,0.107,-0.488,0.0035,-3.3129,4.2517,-0.7218
2026-09-01T17:22:11Z,2026-09-01 17:21:31,SPXW,2026-09-08,C,7640.0,7633.7402,44.0,7.0,44.2,3.0,44.05,134.0,24.0,0.1064,0.4945,0.0035,-3.2883,4.2532,0.715
2026-09-01T17:22:11Z,2026-09-01 17:21:31,SPXW,2026-09-08,P,7640.0,7633.7402,46.0,20.0,46.3,6.0,46.35,138.0,247.0,0.1061,-0.5054,0.0035,-3.288,4.2532,-0.7481
2026-09-01T17:22:11Z,2026-09-01 17:21:31,SPXW,2026-09-08,C,7645.0,7633.7402,41.2,19.0,41.5,6.0,42.49,78.0,22.0,0.1054,0.4768,0.0035,-3.2572,4.247,0.6895
2026-09-01T17:22:11Z,2026-09-01 17:21:31,SPXW,2026-09-08,P,7645.0,7633.7402,48.3,9.0,48.6,6.0,46.0,323.0,99.0,0.1054,-0.5231,0.0035,-3.2563,4.247,-0.7746
2026-09-01T17:22:11Z,2026-09-01 17:21:31,SPXW,2026-09-08,C,7650.0,7633.7402,38.6,14.0,38.9,17.0,38.6,274.0,448.0,0.1047,0.459,0.0035,-3.2192,4.2332,0.664
2026-09-01T17:22:11Z,2026-09-01 17:21:31,SPXW,2026-09-08,P,7650.0,7633.7402,50.6,11.0,50.9,6.0,50.6,276.0,715.0,0.1045,-0.541,0.0035,-3.2178,4.2332,-0.801
2026-09-01T17:22:11Z,2026-09-01 17:21:31,SPXW,2026-09-08,C,7655.0,7633.7402,36.0,20.0,36.3,6.0,36.05,72.0,40.0,0.1038,0.4409,0.0036,-3.1745,4.2109,0.638
2026-09-01T17:22:11Z,2026-09-01 17:21:31,SPXW,2026-09-08,P,7655.0,7633.7402,53.1,6.0,53.4,6.0,51.2,320.0,168.0,0.1038,-0.5591,0.0036,-3.1724,4.2109,-0.828
2026-09-01T17:22:11Z,2026-09-01 17:21:31,SPXW,2026-09-08,C,7660.0,7633.7402,33.6,14.0,33.9,17.0,35.06,159.0,106.0,0.1032,0.4227,0.0036,-3.1228,4.1798,0.6113
2026-09-01T17:22:11Z,2026-09-01 17:21:31,SPXW,2026-09-08,P,7660.0,7633.7402,55.7,6.0,56.0,6.0,51.86,489.0,152.0,0.1029,-0.5773,0.0036,-3.1202,4.1798,-0.8556
2026-09-01T17:22:11Z,2026-09-01 17:21:31,SPXW,2026-09-08,C,7665.0,7633.7402,31.2,28.0,31.5,14.0,32.1,70.0,148.0,0.1023,0.4044,0.0035,-3.0645,4.1405,0.5849
2026-09-01T17:22:11Z,2026-09-01 17:21:31,SPXW,2026-09-08,P,7665.0,7633.7402,58.2,10.0,58.6,8.0,58.3,107.0,119.0,0.1023,-0.5956,0.0035,-3.0613,4.1405,-0.883
2026-09-01T17:22:11Z,2026-09-01 17:21:31,SPXW,2026-09-08,C,7670.0,7633.7402,29.0,16.0,29.2,7.0,30.51,50.0,180.0,0.1017,0.386,0.0035,-2.9997,4.0932,0.5587
2026-09-01T17:22:11Z,2026-09-01 17:21:31,SPXW,2026-09-08,P,7670.0,7633.7402,61.0,5.0,61.4,5.0,59.82,72.0,284.0,0.1014,-0.6139,0.0035,-2.9959,4.0932,-0.9101
2026-09-01T17:22:11Z,2026-09-01 17:21:31,SPXW,2026-09-08,C,7675.0,7633.7402,26.8,22.0,27.1,20.0,28.0,96.0,320.0,0.1008,0.3677,0.0035,-2.9288,4.0369,0.5321
2026-09-01T17:22:11Z,2026-09-01 17:21:31,SPXW,2026-09-08,P,7675.0,7633.7402,63.9,5.0,64.2,5.0,62.5,324.0,2360.0,0.1007,-0.6323,0.0035,-2.9245,4.0369,-0.9377
2026-09-01T17:22:11Z,2026-09-01 17:21:31,SPXW,2026-09-08,C,7680.0,7633.7402,24.8,16.0,25.1,21.0,25.66,99.0,578.0,0.1002,0.3494,0.0035,-2.852,3.971,0.5053
2026-09-01T17:22:11Z,2026-09-01 17:21:31,SPXW,2026-09-08,P,7680.0,7633.7402,66.8,4.0,67.2,4.0,65.98,220.0,751.0,0.1,-0.6505,0.0035,-2.847,3.971,-0.9655
2026-09-01T17:22:11Z,2026-09-01 17:21:31,SPXW,2026-09-08,C,7685.0,7633.7402,22.8,29.0,23.1,22.0,23.27,116.0,106.0,0.0994,0.3313,0.0034,-2.7696,3.8976,0.4792
2026-09-01T17:22:11Z,2026-09-01 17:21:31,SPXW,2026-09-08,P,7685.0,7633.7402,69.9,3.0,70.2,3.0,69.18,442.0,131.0,0.0993,-0.6687,0.0034,-2.7641,3.8976,-0.9925
2026-09-01T17:22:11Z,2026-09-01 17:21:31,SPXW,2026-09-08,C,7690.0,7633.7402,21.0,18.0,21.2,6.0,21.62,67.0,184.0,0.0988,0.3133,0.0034,-2.6824,3.8171,0.4535
2026-09-01T17:22:11Z,2026-09-01 17:21:31,SPXW,2026-09-08,P,7690.0,7633.7402,72.9,2.0,73.3,2.0,73.18,873.0,305.0,0.0986,-0.6866,0.0034,-2.6762,3.8171,-1.0192
2026-09-01T17:22:11Z,2026-09-01 17:21:31,SPXW,2026-09-08,C,7695.0,7633.7402,19.2,30.0,19.5,23.0,19.3,598.0,123.0,0.0981,0.2956,0.0033,-2.5906,3.7278,0.4276
2026-09-01T17:22:11Z,2026-09-01 17:21:31,SPXW,2026-09-08,P,7695.0,7633.7402,74.5,1.0,78.3,1.0,58.7,512.0,52.0,0.0982,-0.7043,0.0033,-2.5838,3.7278,-1.0461
2026-09-01T17:22:11Z,2026-09-01 17:21:31,SPXW,2026-09-08,C,7700.0,7633.7402,17.6,20.0,17.8,13.0,17.5,1042.0,542.0,0.0974,0.2783,0.0032,-2.4947,3.6303,0.4022
2026-09-01T17:22:11Z,2026-09-01 17:21:31,SPXW,2026-09-08,P,7700.0,7633.7402,77.9,1.0,81.6,1.0,77.64,34.0,560.0,0.0977,-0.7217,0.0032,-2.4874,3.6303,-1.0724
2026-09-01T17:22:11Z,2026-09-01 17:21:31,SPXW,2026-09-08,C,7705.0,7633.7402,16.1,8.0,16.3,26.0,16.3,83.0,90.0,0.0968,0.2612,0.0031,-2.3953,3.5274,0.3778
2026-09-01T17:22:11Z,2026-09-01 17:21:31,SPXW,2026-09-08,P,7705.0,7633.7402,81.3,1.0,85.1,1.0,71.58,19.0,126.0,0.097,-0.7387,0.0031,-2.3875,3.5274,-1.0977
2026-09-01T17:22:11Z,2026-09-01 17:21:31,SPXW,2026-09-08,C,7710.0,7633.7402,14.6,28.0,14.8,23.0,15.21,166.0,170.0,0.0962,0.2446,0.0031,-2.2931,3.419,0.3537
2026-09-01T17:22:11Z,2026-09-01 17:21:31,SPXW,2026-09-08,P,7710.0,7633.7402,85.1,14.0,88.0,26.0,85.64,57.0,247.0,0.0948,-0.7553,0.0031,-2.2846,3.419,-1.1228
2026-09-01T17:22:11Z,2026-09-01 17:21:31,SPXW,2026-09-08,C,7715.0,7633.7402,13.2,35.0,13.5,28.0,13.4,1001.0,86.0,0.0956,0.2285,0.003,-2.1884,3.3032,0.33
2026-09-01T17:22:11Z,2026-09-01 17:21:31,SPXW,2026-09-08,P,7715.0,7633.7402,87.4,22.0,93.5,24.0,71.96,805.0,97.0,0.0949,-0.7715,0.003,-2.1793,3.3032,-1.1474
2026-09-01T17:22:11Z,2026-09-01 17:21:31,SPXW,2026-09-08,C,7720.0,7633.7402,12.0,23.0,12.2,29.0,12.32,556.0,140.0,0.095,0.2128,0.0028,-2.0817,3.1823,0.3074
2026-09-01T17:22:11Z,2026-09-01 17:21:31,SPXW,2026-09-08,P,7720.0,7633.7402,90.8,22.0,97.1,31.0,93.71,502.0,338.0,0.0935,-0.7871,0.0028,-2.0721,3.1823,-1.171
2026-09-01T17:22:11Z,2026-09-01 17:21:31,SPXW,2026-09-08,C,7725.0,7633.7402,10.8,33.0,11.0,30.0,11.31,744.0,1133.0,0.0945,0.1977,0.0028,-1.9736,3.0588,0.2857
2026-09-01T17:22:11Z,2026-09-01 17:21:31,SPXW,2026-09-08,P,7725.0,7633.7402,94.9,29.0,101.1,31.0,95.89,29.0,205.0,0.0937,-0.8022,0.0028,-1.9634,3.0588,-1.1937
2026-09-01T17:22:11Z,2026-09-01 17:21:31,SPXW,2026-09-08,C,7730.0,7633.7402,9.7,34.0,9.9,19.0,10.1,90.0,149.0,0.0939,0.1831,0.0026,-1.8647,2.931,0.2642
2026-09-01T17:22:11Z,2026-09-01 17:21:31,SPXW,2026-09-08,P,7730.0,7633.7402,98.8,23.0,105.0,25.0,101.52,22.0,182.0,0.093,-0.8168,0.0026,-1.8539,2.931,-1.2161
2026-09-01T17:22:11Z,2026-09-01 17:21:31,SPXW,2026-09-08,C,7735.0,7633.7402,8.7,35.0,8.9,33.0,9.33,62.0,91.0,0.0934,0.1691,0.0025,-1.7554,2.7986,0.2439
2026-09-01T17:22:11Z,2026-09-01 17:21:31,SPXW,2026-09-08,P,7735.0,7633.7402,102.2,22.0,109.0,24.0,90.43,6.0,42.0,0.0913,-0.8309,0.0025,-1.744,2.7986,-1.2374
2026-09-01T17:22:11Z,2026-09-01 17:21:31,SPXW,2026-09-08,C,7740.0,7633.7402,7.8,29.0,8.0,27.0,8.33,873.0,236.0,0.0928,0.1556,0.0024,-1.6462,2.665,0.2246
2026-09-01T17:22:11Z,2026-09-01 17:21:31,SPXW,2026-09-08,P,7740.0,7633.7402,106.3,23.0,113.1,25.0,94.33,18.0,117.0,0.0908,-0.8443,0.0024,-1.6342,2.665,-1.2576
2026-09-01T17:22:11Z,2026-09-01 17:21:31,SPXW,2026-09-08,C,7745.0,7633.7402,6.9,46.0,7.1,15.0,7.2,872.0,155.0,0.0922,0.1428,0.0023,-1.5378,2.5304,0.2058
2026-09-01T17:22:11Z,2026-09-01 17:21:31,SPXW,2026-09-08,P,7745.0,7633.7402,111.0,24.0,117.9,26.0,112.47,9.0,60.0,0.0927,-0.8572,0.0023,-1.5253,2.5304,-1.2774
2026-09-01T17:22:11Z,2026-09-01 17:21:31,SPXW,2026-09-08,C,7750.0,7633.7402,6.2,36.0,6.4,59.0,6.4,264.0,478.0,0.0918,0.1306,0.0022,-1.4309,2.3935,0.188
2026-09-01T17:22:11Z,2026-09-01 17:21:31,SPXW,2026-09-08,P,7750.0,7633.7402,115.0,30.0,122.1,32.0,106.6,11.0,469.0,0.0917,-0.8694,0.0022,-1.4178,2.3935,-1.2962
2026-09-01T17:22:11Z,2026-09-01 17:21:31,SPXW,2026-09-08,C,7755.0,7633.7402,5.5,39.0,5.7,63.0,5.6,132.0,142.0,0.0914,0.119,0.002,-1.3259,2.2563,0.1714
2026-09-01T17:22:11Z,2026-09-01 17:21:31,SPXW,2026-09-08,P,7755.0,7633.7402,119.4,24.0,126.4,25.0,120.52,1.0,20.0,0.0915,-0.881,0.002,-1.3122,2.2563,-1.3137
2026-09-01T17:22:11Z,2026-09-01 17:21:31,SPXW,2026-09-08,C,7760.0,7633.7402,4.8,59.0,5.0,67.0,5.0,161.0,313.0,0.0909,0.108,0.0019,-1.2235,2.1209,0.1555
2026-09-01T17:22:11Z,2026-09-01 17:21:31,SPXW,2026-09-08,P,7760.0,7633.7402,123.7,25.0,130.2,24.0,92.39,0.0,86.0,0.0895,-0.8919,0.0019,-1.2092,2.1209,-1.3306
2026-09-01T17:22:11Z,2026-09-01 17:21:31,SPXW,2026-09-08,C,7765.0,7633.7402,4.3,24.0,4.4,16.0,4.4,252.0,710.0,0.0903,0.0978,0.0018,-1.1244,1.9863,0.1405
2026-09-01T17:22:11Z,2026-09-01 17:21:31,SPXW,2026-09-08,P,7765.0,7633.7402,124.0,2.0,137.3,2.0,109.32,9.0,29.0,0.085,-0.9022,0.0018,-1.1095,1.9863,-1.3466
2026-09-01T17:22:11Z,2026-09-01 17:21:31,SPXW,2026-09-08,C,7770.0,7633.7402,3.7,67.0,3.9,47.0,3.9,333.0,363.0,0.09,0.0881,0.0017,-1.0291,1.8533,0.1267
2026-09-01T17:22:11Z,2026-09-01 17:21:31,SPXW,2026-09-08,P,7770.0,7633.7402,129.3,1.0,140.8,1.0,110.45,33.0,145.0,0.0832,-0.9118,0.0017,-1.0136,1.8533,-1.3613
2026-09-01T17:22:11Z,2026-09-01 17:21:31,SPXW,2026-09-08,C,7775.0,7633.7402,3.3,51.0,3.5,144.0,3.4,115.0,567.0,0.0894,0.0792,0.0015,-0.9381,1.7241,0.1138
2026-09-01T17:22:11Z,2026-09-01 17:21:31,SPXW,2026-09-08,P,7775.0,7633.7402,133.2,1.0,145.1,1.0,132.5,12.0,91.0,0.0786,-0.9208,0.0015,-0.9221,1.7241,-1.3752
2026-09-01T17:22:11Z,2026-09-01 17:21:31,SPXW,2026-09-08,C,7780.0,7633.7402,2.85,144.0,3.0,104.0,2.92,153.0,297.0,0.0893,0.071,0.0014,-0.8521,1.5988,0.1017
2026-09-01T17:22:11Z,2026-09-01 17:21:31,SPXW,2026-09-08,P,7780.0,7633.7402,138.0,1.0,149.8,1.0,119.74,4.0,76.0,0.0786,-0.929,0.0014,-0.8354,1.5988,-1.3882
2026-09-01T17:22:11Z,2026-09-01 17:21:31,SPXW,2026-09-08,C,7785.0,7633.7402,2.5,126.0,2.65,90.0,2.67,119.0,286.0,0.0889,0.0634,0.0013,-0.7712,1.4776,0.0909
2026-09-01T17:22:11Z,2026-09-01 17:21:31,SPXW,2026-09-08,P,7785.0,7633.7402,142.8,1.0,154.2,1.0,76.4,0.0,10.0,0.0765,-0.9366,0.0013,-0.754,1.4776,-1.4
2026-09-01T17:22:11Z,2026-09-01 17:21:31,SPXW,2026-09-08,C,7790.0,7633.7402,2.2,19.0,2.3,120.0,2.24,323.0,393.0,0.0887,0.0564,0.0012,-0.6958,1.3619,0.0809
2026-09-01T17:22:11Z,2026-09-01 17:21:31,SPXW,2026-09-08,P,7790.0,7633.7402,147.1,1.0,159.1,1.0,100.0,0.0,38.0,0.0734,-0.9435,0.0012,-0.678,1.3619,-1.4109
2026-09-01T17:22:11Z,2026-09-01 17:21:31,SPXW,2026-09-08,C,7795.0,7633.7402,1.9,91.0,2.0,70.0,1.94,219.0,255.0,0.0885,0.0502,0.0011,-0.6261,1.2521,0.0717
2026-09-01T17:22:11Z,2026-09-01 17:21:31,SPXW,2026-09-08,P,7795.0,7633.7402,151.8,1.0,163.7,1.0,101.84,0.0,10.0,0.0692,-0.9498,0.0011,-0.6078,1.2521,-1.4211
2026-09-01T17:22:11Z,2026-09-01 17:21:31,SPXW,2026-09-08,C,7800.0,7633.7402,1.65,34.0,1.75,83.0,1.75,295.0,2602.0,0.0883,0.0445,0.001,-0.5621,1.1485,0.0636
2026-09-01T17:22:11Z,2026-09-01 17:21:31,SPXW,2026-09-08,P,7800.0,7633.7402,156.8,1.0,167.9,7.0,142.7,86.0,987.0,0.0879,-0.9555,0.001,-0.5432,1.1485,-1.4301
2026-09-01T17:22:11Z,2026-09-01 17:21:31,SPXW,2026-09-08,C,7805.0,7633.7402,1.4,152.0,1.55,232.0,1.44,209.0,1579.0,0.0881,0.0394,0.0009,-0.5038,1.0513,0.0563
2026-09-01T17:22:11Z,2026-09-01 17:21:31,SPXW,2026-09-08,P,7805.0,7633.7402,161.9,1.0,173.2,2.0,128.69,0.0,15.0,0.0677,-0.9606,0.0009,-0.4842,1.0513,-1.4384
2026-09-01T17:22:11Z,2026-09-01 17:21:31,SPXW,2026-09-08,C,7810.0,7633.7402,1.2,164.0,1.35,224.0,1.25,32.0,469.0,0.0879,0.0349,0.0008,-0.4509,0.9609,0.0497
2026-09-01T17:22:11Z,2026-09-01 17:21:31,SPXW,2026-09-08,P,7810.0,7633.7402,166.7,1.0,178.0,1.0,171.34,16.0,32.0,0.0597,-0.9651,0.0008,-0.4308,0.9609,-1.4459
2026-09-01T17:22:11Z,2026-09-01 17:21:31,SPXW,2026-09-08,C,7815.0,7633.7402,1.05,157.0,1.15,109.0,1.37,50.0,202.0,0.0877,0.0308,0.0007,-0.4033,0.8773,0.0439
2026-09-01T17:22:11Z,2026-09-01 17:21:31,SPXW,2026-09-08,P,7815.0,7633.7402,170.9,1.0,182.8,1.0,72.6,0.0,8.0,0.0,-0.9691,0.0007,-0.3826,0.8773,-1.4527
2026-09-01T17:22:11Z,2026-09-01 17:21:31,SPXW,2026-09-08,C,7820.0,7633.7402,0.9,167.0,1.0,103.0,1.0,28.0,449.0,0.0875,0.0273,0.0007,-0.3606,0.8004,0.0389
2026-09-01T17:22:11Z,2026-09-01 17:21:31,SPXW,2026-09-08,P,7820.0,7633.7402,176.4,1.0,187.6,1.0,181.75,2.0,77.0,0.0,-0.9727,0.0007,-0.3393,0.8004,-1.4587
2026-09-01T17:22:11Z,2026-09-01 17:21:31,SPXW,2026-09-08,C,7825.0,7633.7402,0.8,50.0,0.9,266.0,0.8,117.0,355.0,0.0879,0.0241,0.0006,-0.3226,0.7298,0.0343
2026-09-01T17:22:11Z,2026-09-01 17:21:31,SPXW,2026-09-08,P,7825.0,7633.7402,180.7,1.0,192.5,1.0,186.09,10.0,22.0,0.0,-0.9758,0.0006,-0.3007,0.7298,-1.4642
2026-09-01T17:22:11Z,2026-09-01 17:21:31,SPXW,2026-09-08,C,7830.0,7633.7402,0.7,48.0,0.8,261.0,0.7,90.0,846.0,0.0877,0.0214,0.0006,-0.2888,0.6654,0.0303
2026-09-01T17:22:11Z,2026-09-01 17:21:31,SPXW,2026-09-08,P,7830.0,7633.7402,185.5,2.0,197.4,1.0,182.57,1.0,49.0,0.0,-0.9786,0.0006,-0.2663,0.6654,-1.4692
2026-09-01T17:22:11Z,2026-09-01 17:21:31,SPXW,2026-09-08,C,7835.0,7633.7402,0.6,53.0,0.7,268.0,0.6,68.0,800.0,0.0881,0.019,0.0005,-0.2589,0.607,0.0269
2026-09-01T17:22:11Z,2026-09-01 17:21:31,SPXW,2026-09-08,P,7835.0,7633.7402,191.1,1.0,203.5,1.0,0.0,0.0,0.0,0.0639,-0.981,0.0005,-0.2358,0.607,-1.4735
2026-09-01T17:22:11Z,2026-09-01 17:21:31,SPXW,2026-09-08,C,7840.0,7633.7402,0.5,172.0,0.6,221.0,0.55,97.0,553.0,0.0878,0.0168,0.0004,-0.2324,0.5542,0.0239
2026-09-01T17:22:11Z,2026-09-01 17:21:31,SPXW,2026-09-08,P,7840.0,7633.7402,196.2,1.0,208.5,1.0,113.29,0.0,14.0,0.071,-0.9831,0.0004,-0.2088,0.5542,-1.4775
2026-09-01T17:22:11Z,2026-09-01 17:21:31,SPXW,2026-09-08,C,7845.0,7633.7402,0.45,59.0,0.55,280.0,0.5,317.0,250.0,0.0885,0.015,0.0004,-0.2091,0.5064,0.0212
2026-09-01T17:22:11Z,2026-09-01 17:21:31,SPXW,2026-09-08,P,7845.0,7633.7402,200.3,1.0,213.7,1.0,0.0,0.0,0.0,0.0,-0.985,0.0004,-0.1849,0.5064,-1.4811
2026-09-01T17:22:11Z,2026-09-01 17:21:31,SPXW,2026-09-08,C,7850.0,7633.7402,0.4,59.0,0.45,136.0,0.4,377.0,1573.0,0.0876,0.0134,0.0004,-0.1887,0.4633,0.0189
2026-09-01T17:22:11Z,2026-09-01 17:21:31,SPXW,2026-09-08,P,7850.0,7633.7402,206.1,1.0,219.1,2.0,187.77,21.0,49.0,0.0862,-0.9866,0.0004,-0.1639,0.4633,-1.4844
2026-09-01T17:22:11Z,2026-09-01 17:21:31,SPXW,2026-09-08,C,7855.0,7633.7402,0.35,62.0,0.4,141.0,0.35,39.0,172.0,0.0878,0.012,0.0003,-0.1708,0.4248,0.017
2026-09-01T17:22:11Z,2026-09-01 17:21:31,SPXW,2026-09-08,P,7855.0,7633.7402,207.0,1.0,223.0,1.0,0.0,0.0,0.0,0.0,-0.988,0.0003,-0.1454,0.4248,-1.4873
2026-09-01T17:22:11Z,2026-09-01 17:21:31,SPXW,2026-09-08,C,7860.0,7633.7402,0.3,67.0,0.35,87.0,0.31,183.0,660.0,0.0887,0.0108,0.0003,-0.155,0.3902,0.0152
2026-09-01T17:22:11Z,2026-09-01 17:21:31,SPXW,2026-09-08,P,7860.0,7633.7402,212.6,1.0,231.6,1.0,103.25,0.0,6.0,0.0,-0.9892,0.0003,-0.129,0.3902,-1.49
2026-09-01T17:22:11Z,2026-09-01 17:21:31,SPXW,2026-09-08,C,7865.0,7633.7402,0.25,180.0,0.35,307.0,0.25,49.0,220.0,0.0895,0.0097,0.0003,-0.1412,0.3592,0.0137
2026-09-01T17:22:11Z,2026-09-01 17:21:31,SPXW,2026-09-08,P,7865.0,7633.7402,215.9,1.0,233.0,1.0,0.0,0.0,0.0,0.0,-0.9902,0.0003,-0.1147,0.3592,-1.4925
2026-09-01T17:22:11Z,2026-09-01 17:21:31,SPXW,2026-09-08,C,7870.0,7633.7402,0.2,261.0,0.3,206.0,0.25,40.0,306.0,0.0892,0.0088,0.0002,-0.1292,0.3314,0.0124
2026-09-01T17:22:11Z,2026-09-01 17:21:31,SPXW,2026-09-08,P,7870.0,7633.7402,220.9,1.0,241.4,1.0,150.45,0.0,2.0,0.0,-0.9912,0.0002,-0.1021,0.3314,-1.4948
2026-09-01T17:22:11Z,2026-09-01 17:21:31,SPXW,2026-09-08,C,7875.0,7633.7402,0.2,182.0,0.25,4.0,0.2,260.0,2427.0,0.0897,0.008,0.0002,-0.1187,0.3067,0.0112
2026-09-01T17:22:11Z,2026-09-01 17:21:31,SPXW,2026-09-08,P,7875.0,7633.7402,226.9,1.0,246.5,1.0,213.29,55.0,172.0,0.0,-0.992,0.0002,-0.091,0.3067,-1.4969
2026-09-01T17:22:11Z,2026-09-01 17:21:31,SPXW,2026-09-08,C,7880.0,7633.7402,0.15,427.0,0.25,221.0,0.2,69.0,994.0,0.0901,0.0073,0.0002,-0.1095,0.2847,0.0103
2026-09-01T17:22:11Z,2026-09-01 17:21:31,SPXW,2026-09-08,P,7880.0,7633.7402,230.8,1.0,251.3,1.0,0.0,0.0,0.0,0.0,-0.9927,0.0002,-0.0812,0.2847,-1.4988
2026-09-01T17:22:11Z,2026-09-01 17:21:31,SPXW,2026-09-08,C,7885.0,7633.7402,0.15,266.0,0.25,338.0,0.0,0.0,0.0,0.0918,0.0067,0.0002,-0.1015,0.2652,0.0094
2026-09-01T17:22:11Z,2026-09-01 17:21:31,SPXW,2026-09-08,P,7885.0,7633.7402,237.1,1.0,252.9,1.0,0.0,0.0,0.0,0.0,-0.9933,0.0002,-0.0726,0.2652,-1.5006
2026-09-01T17:22:11Z,2026-09-01 17:21:31,SPXW,2026-09-08,C,7890.0,7633.7402,0.15,209.0,0.2,165.0,0.2,45.0,502.0,0.092,0.0062,0.0002,-0.0945,0.2477,0.0086
2026-09-01T17:22:11Z,2026-09-01 17:21:31,SPXW,2026-09-08,P,7890.0,7633.7402,242.0,1.0,261.4,1.0,125.62,0.0,2.0,0.0,-0.9938,0.0002,-0.0651,0.2477,-1.5023
2026-09-01T17:22:11Z,2026-09-01 17:21:31,SPXW,2026-09-08,C,7895.0,7633.7402,0.1,563.0,0.2,267.0,0.25,24.0,0.0,0.0921,0.0057,0.0002,-0.0883,0.2316,0.008
2026-09-01T17:22:11Z,2026-09-01 17:21:31,SPXW,2026-09-08,P,7895.0,7633.7402,246.1,1.0,266.2,1.0,0.0,0.0,0.0,0.0,-0.9943,0.0002,-0.0584,0.2321,-1.5039
2026-09-01T17:22:11Z,2026-09-01 17:21:31,SPXW,2026-09-08,C,7900.0,7633.7402,0.1,443.0,0.2,390.0,0.15,130.0,4022.0,0.0936,0.0053,0.0001,-0.083,0.2177,0.0074
2026-09-01T17:22:11Z,2026-09-01 17:21:31,SPXW,2026-09-08,P,7900.0,7633.7402,251.0,1.0,268.0,1.0,224.51,0.0,43.0,0.0,-0.9947,0.0001,-0.0525,0.2181,-1.5055
2026-09-01T17:22:11Z,2026-09-01 17:21:31,SPXW,2026-09-08,C,7905.0,7633.7402,0.1,266.0,0.2,393.0,0.0,0.0,0.0,0.0952,0.0049,0.0001,-0.0784,0.2054,0.0069
2026-09-01T17:22:11Z,2026-09-01 17:21:31,SPXW,2026-09-08,P,7905.0,7633.7402,257.0,1.0,273.6,1.0,0.0,0.0,0.0,0.0,-0.995,0.0001,-0.0473,0.2057,-1.5069
2026-09-01T17:22:11Z,2026-09-01 17:21:31,SPXW,2026-09-08,C,7910.0,7633.7402,0.1,279.0,0.2,580.0,0.15,65.0,1790.0,0.0967,0.0046,0.0001,-0.0744,0.1944,0.0065
2026-09-01T17:22:11Z,2026-09-01 17:21:31,SPXW,2026-09-08,P,7910.0,7633.7402,261.9,1.0,281.4,1.0,249.41,0.0,2.0,0.0,-0.9953,0.0001,-0.0427,0.1947,-1.5083
2026-09-01T17:22:11Z,2026-09-01 17:21:31,SPXW,2026-09-08,C,7915.0,7633.7402,0.1,237.0,0.15,157.0,0.15,18.0,0.0,0.0964,0.0044,0.0001,-0.071,0.1849,0.0061
2026-09-01T17:22:11Z,2026-09-01 17:21:31,SPXW,2026-09-08,P,7915.0,7633.7402,266.9,1.0,287.4,1.0,0.0,0.0,0.0,0.0,-0.9956,0.0001,-0.0386,0.1849,-1.5097
2026-09-01T17:22:11Z,2026-09-01 17:21:31,SPXW,2026-09-08,C,7920.0,7633.7402,0.1,243.0,0.15,231.0,0.15,7.0,439.0,0.098,0.0041,0.0001,-0.0678,0.1758,0.0058
2026-09-01T17:22:11Z,2026-09-01 17:21:31,SPXW,2026-09-08,P,7920.0,7633.7402,271.9,1.0,291.4,1.0,258.81,0.0,2.0,0.0,-0.9958,0.0001,-0.0349,0.1761,-1.511
2026-09-01T17:22:11Z,2026-09-01 17:21:31,SPXW,2026-09-08,C,7925.0,7633.7402,0.05,882.0,0.15,350.0,0.15,5.0,431.0,0.0973,0.0039,0.0001,-0.0652,0.1679,0.0055
2026-09-01T17:22:11Z,2026-09-01 17:21:31,SPXW,2026-09-08,P,7925.0,7633.7402,277.0,1.0,296.4,1.0,188.66,0.0,4.0,0.0,-0.996,0.0001,-0.0317,0.1682,-1.5122
2026-09-01T17:22:11Z,2026-09-01 17:21:31,SPXW,2026-09-08,C,7930.0,7633.7402,0.05,820.0,0.15,378.0,0.15,4.0,160.0,0.0988,0.0037,0.0001,-0.0628,0.1608,0.0052
2026-09-01T17:22:11Z,2026-09-01 17:21:31,SPXW,2026-09-08,P,7930.0,7633.7402,280.4,2.0,300.9,1.0,0.0,0.0,0.0,0.0,-0.9962,0.0001,-0.0288,0.1611,-1.5134
2026-09-01T17:22:11Z,2026-09-01 17:21:31,SPXW,2026-09-08,C,7940.0,7633.7402,0.05,615.0,0.15,417.0,0.15,0.0,734.0,0.1014,0.0034,0.0001,-0.0588,0.1489,0.0048
2026-09-01T17:22:11Z,2026-09-01 17:21:31,SPXW,2026-09-08,P,7940.0,7633.7402,291.9,1.0,307.6,1.0,0.0,0.0,0.0,0.0,-0.9965,0.0001,-0.0237,0.1489,-1.5158
2026-09-01T17:22:11Z,2026-09-01 17:21:31,SPXW,2026-09-08,C,7950.0,7633.7402,0.05,560.0,0.15,433.0,0.12,12.0,699.0,0.1044,0.0032,0.0001,-0.0559,0.1388,0.0044
2026-09-01T17:22:11Z,2026-09-01 17:21:31,SPXW,2026-09-08,P,7950.0,7633.7402,301.7,1.0,321.4,1.0,180.2,0.0,2.0,0.0,-0.9968,0.0001,-0.0196,0.1388,-1.5181
2026-09-01T17:22:11Z,2026-09-01 17:21:31,SPXW,2026-09-08,C,7960.0,7633.7402,0.05,540.0,0.15,776.0,0.1,6.0,66.0,0.1074,0.003,0.0001,-0.0536,0.1304,0.0041
2026-09-01T17:22:11Z,2026-09-01 17:21:31,SPXW,2026-09-08,P,7960.0,7633.7402,311.9,1.0,327.7,1.0,0.0,0.0,0.0,0.0,-0.997,0.0001,-0.0161,0.1304,-1.5203
2026-09-01T17:22:11Z,2026-09-01 17:21:31,SPXW,2026-09-08,C,7970.0,7633.7402,0.05,523.0,0.15,784.0,0.0,0.0,0.0,0.1102,0.0028,0.0001,-0.0519,0.1236,0.0039
2026-09-01T17:22:11Z,2026-09-01 17:21:31,SPXW,2026-09-08,P,7970.0,7633.7402,321.8,1.0,337.6,1.0,0.0,0.0,0.0,0.0,-0.9972,0.0001,-0.0131,0.1232,-1.5224
2026-09-01T17:22:11Z,2026-09-01 17:21:31,SPXW,2026-09-08,C,7975.0,7633.7402,0.05,518.0,0.15,819.0,0.08,2.0,734.0,0.1119,0.0027,0.0001,-0.0511,0.12,0.0038
2026-09-01T17:22:11Z,2026-09-01 17:21:31,SPXW,2026-09-08,P,7975.0,7633.7402,326.8,1.0,346.4,1.0,249.05,0.0,1.0,0.0,-0.9972,0.0001,-0.0118,0.1201,-1.5235
2026-09-01T17:22:11Z,2026-09-01 17:21:31,SPXW,2026-09-08,C,7980.0,7633.7402,0.05,501.0,0.15,776.0,0.1,1.0,0.0,0.1134,0.0026,0.0001,-0.0504,0.1171,0.0037
2026-09-01T17:22:11Z,2026-09-01 17:21:31,SPXW,2026-09-08,P,7980.0,7633.7402,331.8,1.0,347.8,1.0,0.0,0.0,0.0,0.0,-0.9973,0.0001,-0.0105,0.1171,-1.5245
2026-09-01T17:22:11Z,2026-09-01 17:21:31,SPXW,2026-09-08,C,7990.0,7633.7402,0.05,287.0,0.1,68.0,0.0,0.0,0.0,0.1134,0.0025,0.0001,-0.0492,0.1117,0.0035
2026-09-01T17:22:11Z,2026-09-01 17:21:31,SPXW,2026-09-08,P,7990.0,7633.7402,340.6,1.0,361.1,1.0,0.0,0.0,0.0,0.0,-0.9974,0.0001,-0.0081,0.1117,-1.5266
2026-09-01T17:22:11Z,2026-09-01 17:21:31,SPXW,2026-09-08,C,8000.0,7633.7402,0.05,279.0,0.1,71.0,0.1,21.0,678.0,0.116,0.0024,0.0001,-0.0481,0.1069,0.0034
2026-09-01T17:22:11Z,2026-09-01 17:21:31,SPXW,2026-09-08,P,8000.0,7633.7402,351.8,1.0,368.0,1.0,357.97,1.0,6.0,0.0,-0.9975,0.0001,-0.0059,0.107,-1.5287
2026-09-01T17:22:11Z,2026-09-01 17:21:31,SPXW,2026-09-08,C,8025.0,7633.7402,0.05,188.0,0.1,206.0,0.07,105.0,347.0,0.1229,0.0022,0.0,-0.0461,0.097,0.003
2026-09-01T17:22:11Z,2026-09-01 17:21:31,SPXW,2026-09-08,P,8025.0,7633.7402,376.8,1.0,396.3,1.0,383.67,1.0,7.0,0.0,-0.9978,0.0,-0.001,0.0969,-1.5338
2026-09-01T17:22:11Z,2026-09-01 17:21:31,SPXW,2026-09-08,C,8050.0,7633.7402,0.05,196.0,0.1,231.0,0.05,81.0,412.0,0.1299,0.002,0.0,-0.0447,0.0888,0.0028
2026-09-01T17:22:11Z,2026-09-01 17:21:31,SPXW,2026-09-08,P,8050.0,7633.7402,401.8,1.0,421.3,1.0,0.0,0.0,0.0,0.0,-0.9979,0.0,0.0,0.0887,-1.5388
2026-09-01T17:22:11Z,2026-09-01 17:21:31,SPXW,2026-09-08,C,8075.0,7633.7402,0.05,181.0,0.1,249.0,0.1,0.0,399.0,0.1368,0.0019,0.0,-0.0434,0.0819,0.0026
2026-09-01T17:22:11Z,2026-09-01 17:21:31,SPXW,2026-09-08,P,8075.0,7633.7402,426.8,1.0,446.3,1.0,0.0,0.0,0.0,0.0,-0.9981,0.0,0.0,0.0817,-1.5438
2026-09-01T17:22:11Z,2026-09-01 17:21:31,SPXW,2026-09-08,C,8100.0,7633.7402,0.05,178.0,0.1,307.0,0.14,0.0,3246.0,0.1437,0.0017,0.0,-0.0422,0.0759,0.0024
2026-09-01T17:22:11Z,2026-09-01 17:21:31,SPXW,2026-09-08,P,8100.0,7633.7402,450.5,1.0,467.8,1.0,422.02,0.0,1.0,0.0,-0.9982,0.0,0.0,0.0757,-1.5488
2026-09-01T17:22:11Z,2026-09-01 17:21:31,SPXW,2026-09-08,C,8125.0,7633.7402,0.05,157.0,0.1,350.0,0.1,0.0,203.0,0.1506,0.0016,0.0,-0.0412,0.0706,0.0022
2026-09-01T17:22:11Z,2026-09-01 17:21:31,SPXW,2026-09-08,P,8125.0,7633.7402,476.9,1.0,495.6,1.0,0.0,0.0,0.0,0.0,-0.9984,0.0,0.0,0.0704,-1.5538
2026-09-01T17:22:11Z,2026-09-01 17:21:31,SPXW,2026-09-08,C,8150.0,7633.7402,0.05,157.0,0.1,388.0,0.31,0.0,36.0,0.1574,0.0015,0.0,-0.0401,0.0658,0.0021
2026-09-01T17:22:11Z,2026-09-01 17:21:31,SPXW,2026-09-08,P,8150.0,7633.7402,501.7,1.0,521.2,1.0,0.0,0.0,0.0,0.0,-0.9984,0.0,0.0,0.0656,-1.5587
2026-09-01T17:22:11Z,2026-09-01 17:21:31,SPXW,2026-09-08,C,8175.0,7633.7402,0.0,0.0,0.1,379.0,0.3,0.0,25.0,0.1587,0.0014,0.0,-0.0391,0.0615,0.002
2026-09-01T17:22:11Z,2026-09-01 17:21:31,SPXW,2026-09-08,P,8175.0,7633.7402,526.7,1.0,546.2,1.0,0.0,0.0,0.0,0.0,-0.9986,0.0,0.0,0.0614,-1.5636
2026-09-01T17:22:11Z,2026-09-01 17:21:31,SPXW,2026-09-08,C,8200.0,7633.7402,0.0,0.0,0.1,363.0,0.05,0.0,294.0,0.1652,0.0013,0.0,-0.0382,0.0576,0.0018
2026-09-01T17:22:11Z,2026-09-01 17:21:31,SPXW,2026-09-08,P,8200.0,7633.7402,551.7,1.0,567.6,1.0,0.0,0.0,0.0,0.0,-0.9986,0.0,0.0,0.0575,-1.5685
2026-09-01T17:22:11Z,2026-09-01 17:21:31,SPXW,2026-09-08,C,8225.0,7633.7402,0.0,0.0,0.1,351.0,0.27,0.0,26.0,0.1717,0.0012,0.0,-0.0372,0.0541,0.0017
2026-09-01T17:22:11Z,2026-09-01 17:21:31,SPXW,2026-09-08,P,8225.0,7633.7402,575.4,1.0,595.9,1.0,0.0,0.0,0.0,0.0,-0.9987,0.0,0.0,0.054,-1.5734
2026-09-01T17:22:11Z,2026-09-01 17:21:31,SPXW,2026-09-08,C,8250.0,7633.7402,0.0,0.0,0.1,533.0,0.22,0.0,33.0,0.1781,0.0012,0.0,-0.0362,0.0509,0.0016
2026-09-01T17:22:11Z,2026-09-01 17:21:31,SPXW,2026-09-08,P,8250.0,7633.7402,601.8,1.0,620.5,1.0,0.0,0.0,0.0,0.0,-0.9988,0.0,0.0,0.0508,-1.5783
2026-09-01T17:22:11Z,2026-09-01 17:21:31,SPXW,2026-09-08,C,8275.0,7633.7402,0.0,0.0,0.1,499.0,0.22,0.0,20.0,0.1846,0.0011,0.0,-0.0354,0.048,0.0015
2026-09-01T17:22:11Z,2026-09-01 17:21:31,SPXW,2026-09-08,P,8275.0,7633.7402,626.6,1.0,646.1,1.0,0.0,0.0,0.0,0.0,-0.9988,0.0,0.0,0.0478,-1.5832
2026-09-01T17:22:11Z,2026-09-01 17:21:31,SPXW,2026-09-08,C,8300.0,7633.7402,0.0,0.0,0.1,442.0,0.1,0.0,138.0,0.1912,0.001,0.0,-0.0344,0.0452,0.0014
2026-09-01T17:22:11Z,2026-09-01 17:21:31,SPXW,2026-09-08,P,8300.0,7633.7402,651.4,1.0,671.1,1.0,0.0,0.0,0.0,0.0,-0.9989,0.0,0.0,0.0451,-1.5881
2026-09-01T17:22:11Z,2026-09-01 17:21:31,SPXW,2026-09-08,C,8325.0,7633.7402,0.0,0.0,0.1,452.0,0.0,0.0,0.0,0.1972,0.001,0.0,-0.0335,0.0428,0.0014
2026-09-01T17:22:11Z,2026-09-01 17:21:31,SPXW,2026-09-08,P,8325.0,7633.7402,676.6,1.0,696.1,1.0,0.0,0.0,0.0,0.0,-0.999,0.0,0.0,0.0426,-1.5929
2026-09-01T17:22:11Z,2026-09-01 17:21:31,SPXW,2026-09-09,C,6875.0,7633.7402,754.3,1.0,773.5,1.0,0.0,0.0,0.0,0.3168,0.9923,0.0001,-0.2677,0.2557,1.4921
2026-09-01T17:22:11Z,2026-09-01 17:21:31,SPXW,2026-09-09,P,6875.0,7633.7402,0.75,143.0,0.9,323.0,0.77,3.0,41.0,0.2934,-0.0076,0.0001,-0.3556,0.2558,-0.0125
2026-09-01T17:22:11Z,2026-09-01 17:21:31,SPXW,2026-09-09,C,6900.0,7633.7402,732.6,1.0,748.9,1.0,0.0,0.0,0.0,0.345,0.9918,0.0001,-0.2844,0.2717,1.4966
2026-09-01T17:22:11Z,2026-09-01 17:21:31,SPXW,2026-09-09,P,6900.0,7633.7402,0.8,140.0,0.95,371.0,0.8,1.0,262.0,0.2864,-0.0082,0.0001,-0.3695,0.2718,-0.0134
2026-09-01T17:22:11Z,2026-09-01 17:21:31,SPXW,2026-09-09,C,6925.0,7633.7402,707.7,1.0,723.6,1.0,0.0,0.0,0.0,0.3325,0.9912,0.0001,-0.302,0.2891,1.5012
2026-09-01T17:22:11Z,2026-09-01 17:21:31,SPXW,2026-09-09,P,6925.0,7633.7402,0.85,129.0,1.0,373.0,0.87,0.0,119.0,0.2793,-0.0088,0.0001,-0.3842,0.2892,-0.0144
2026-09-01T17:22:11Z,2026-09-01 17:21:31,SPXW,2026-09-09,C,6950.0,7633.7402,679.5,1.0,698.8,1.0,0.0,0.0,0.0,0.2927,0.9905,0.0001,-0.3207,0.308,1.5056
2026-09-01T17:22:11Z,2026-09-01 17:21:31,SPXW,2026-09-09,P,6950.0,7633.7402,0.9,126.0,1.05,355.0,0.9,1.0,243.0,0.272,-0.0094,0.0001,-0.4,0.3082,-0.0154
2026-09-01T17:22:11Z,2026-09-01 17:21:31,SPXW,2026-09-09,C,6975.0,7633.7402,654.6,1.0,673.9,1.0,0.0,0.0,0.0,0.2848,0.9898,0.0001,-0.3406,0.3286,1.5098
2026-09-01T17:22:11Z,2026-09-01 17:21:31,SPXW,2026-09-09,P,6975.0,7633.7402,0.95,139.0,1.1,311.0,0.85,14.0,52.0,0.2646,-0.0101,0.0001,-0.4171,0.3288,-0.0166
2026-09-01T17:22:11Z,2026-09-01 17:21:31,SPXW,2026-09-09,C,7000.0,7633.7402,630.1,1.0,648.8,1.0,708.22,0.0,6.0,0.2788,0.989,0.0001,-0.362,0.3513,1.514
2026-09-01T17:22:11Z,2026-09-01 17:21:31,SPXW,2026-09-09,P,7000.0,7633.7402,1.0,145.0,1.15,147.0,1.0,240.0,269.0,0.257,-0.0109,0.0001,-0.4356,0.3514,-0.0179
2026-09-01T17:22:11Z,2026-09-01 17:21:31,SPXW,2026-09-09,C,7025.0,7633.7402,608.1,1.0,624.1,1.0,0.0,0.0,0.0,0.296,0.9881,0.0001,-0.3851,0.3766,1.518
2026-09-01T17:22:11Z,2026-09-01 17:21:31,SPXW,2026-09-09,P,7025.0,7633.7402,1.1,47.0,1.2,50.0,0.9,17.0,393.0,0.25,-0.0118,0.0001,-0.4558,0.3767,-0.0194
2026-09-01T17:22:11Z,2026-09-01 17:21:31,SPXW,2026-09-09,C,7050.0,7633.7402,579.8,1.0,599.2,1.0,659.07,0.0,6.0,0.2592,0.9871,0.0001,-0.4101,0.405,1.5218
2026-09-01T17:22:11Z,2026-09-01 17:21:31,SPXW,2026-09-09,P,7050.0,7633.7402,1.15,49.0,1.3,132.0,1.15,12.0,321.0,0.2427,-0.0128,0.0001,-0.478,0.4052,-0.0211
2026-09-01T17:22:11Z,2026-09-01 17:21:31,SPXW,2026-09-09,C,7075.0,7633.7402,554.9,1.0,574.1,1.0,0.0,0.0,0.0,0.2489,0.9859,0.0001,-0.4377,0.437,1.5253
2026-09-01T17:22:11Z,2026-09-01 17:21:31,SPXW,2026-09-09,P,7075.0,7633.7402,1.25,46.0,1.35,111.0,1.15,0.0,506.0,0.2353,-0.014,0.0001,-0.5027,0.4372,-0.023
2026-09-01T17:22:11Z,2026-09-01 17:21:31,SPXW,2026-09-09,C,7100.0,7633.7402,530.1,1.0,549.3,1.0,0.0,0.0,0.0,0.2423,0.9846,0.0001,-0.4682,0.473,1.5286
2026-09-01T17:22:11Z,2026-09-01 17:21:31,SPXW,2026-09-09,P,7100.0,7633.7402,1.35,47.0,1.45,81.0,1.35,2.0,121.0,0.2282,-0.0154,0.0001,-0.5304,0.4733,-0.0252
2026-09-01T17:22:11Z,2026-09-01 17:21:31,SPXW,2026-09-09,C,7125.0,7633.7402,505.2,2.0,525.7,1.0,0.0,0.0,0.0,0.2415,0.983,0.0002,-0.5026,0.5137,1.5314
2026-09-01T17:22:11Z,2026-09-01 17:21:31,SPXW,2026-09-09,P,7125.0,7633.7402,1.45,45.0,1.6,136.0,1.3,5.0,163.0,0.2214,-0.0169,0.0002,-0.5619,0.514,-0.0278
2026-09-01T17:22:11Z,2026-09-01 17:21:31,SPXW,2026-09-09,C,7150.0,7633.7402,483.5,1.0,499.7,1.0,0.0,0.0,0.0,0.2474,0.9812,0.0002,-0.5417,0.5607,1.5339
2026-09-01T17:22:11Z,2026-09-01 17:21:31,SPXW,2026-09-09,P,7150.0,7633.7402,1.55,237.0,1.7,79.0,1.55,8.0,42.0,0.2143,-0.0188,0.0002,-0.5981,0.561,-0.0308
2026-09-01T17:22:11Z,2026-09-01 17:21:31,SPXW,2026-09-09,C,7175.0,7633.7402,456.1,2.0,474.7,1.0,521.52,0.0,3.0,0.2216,0.979,0.0002,-0.5866,0.6157,1.5358
2026-09-01T17:22:11Z,2026-09-01 17:21:31,SPXW,2026-09-09,P,7175.0,7633.7402,1.7,230.0,1.85,64.0,1.77,16.0,32.0,0.2073,-0.0209,0.0002,-0.6402,0.6161,-0.0344
2026-09-01T17:22:11Z,2026-09-01 17:21:31,SPXW,2026-09-09,C,7200.0,7633.7402,433.8,1.0,449.9,1.0,536.85,0.0,9.0,0.2278,0.9764,0.0002,-0.6387,0.6799,1.5369
2026-09-01T17:22:11Z,2026-09-01 17:21:31,SPXW,2026-09-09,P,7200.0,7633.7402,1.9,45.0,2.05,84.0,1.9,9.0,335.0,0.2003,-0.0235,0.0002,-0.6895,0.6803,-0.0388
2026-09-01T17:22:11Z,2026-09-01 17:21:31,SPXW,2026-09-09,C,7220.0,7633.7402,411.3,1.0,431.3,1.0,0.0,0.0,0.0,0.2131,0.9739,0.0003,-0.6868,0.7387,1.5371
2026-09-01T17:22:11Z,2026-09-01 17:21:31,SPXW,2026-09-09,P,7220.0,7633.7402,2.1,41.0,2.25,218.0,2.1,3.0,6.0,0.1954,-0.026,0.0003,-0.7354,0.7391,-0.043
2026-09-01T17:22:11Z,2026-09-01 17:21:31,SPXW,2026-09-09,C,7225.0,7633.7402,406.5,1.0,426.5,3.0,0.0,0.0,0.0,0.213,0.9732,0.0003,-0.6999,0.7546,1.5371
2026-09-01T17:22:11Z,2026-09-01 17:21:31,SPXW,2026-09-09,P,7225.0,7633.7402,2.15,29.0,2.3,203.0,2.17,15.0,41.0,0.1941,-0.0267,0.0003,-0.7478,0.7551,-0.0441
2026-09-01T17:22:11Z,2026-09-01 17:21:31,SPXW,2026-09-09,C,7230.0,7633.7402,401.6,1.0,421.6,1.0,0.0,0.0,0.0,0.2118,0.9725,0.0003,-0.7134,0.7711,1.537
2026-09-01T17:22:11Z,2026-09-01 17:21:31,SPXW,2026-09-09,P,7230.0,7633.7402,2.2,29.0,2.35,202.0,2.05,2.0,39.0,0.1928,-0.0274,0.0003,-0.7604,0.7711,-0.0452
2026-09-01T17:22:11Z,2026-09-01 17:21:31,SPXW,2026-09-09,C,7240.0,7633.7402,394.1,1.0,410.1,1.0,0.0,0.0,0.0,0.2123,0.971,0.0003,-0.7418,0.806,1.5367
2026-09-01T17:22:11Z,2026-09-01 17:21:31,SPXW,2026-09-09,P,7240.0,7633.7402,2.3,28.0,2.45,108.0,1.63,5.0,0.0,0.1901,-0.0289,0.0003,-0.7876,0.806,-0.0477
2026-09-01T17:22:11Z,2026-09-01 17:21:31,SPXW,2026-09-09,C,7250.0,7633.7402,384.2,1.0,400.3,1.0,474.4,0.0,1.0,0.2091,0.9694,0.0003,-0.7721,0.8435,1.5362
2026-09-01T17:22:11Z,2026-09-01 17:21:31,SPXW,2026-09-09,P,7250.0,7633.7402,2.4,27.0,2.6,241.0,2.43,17.0,85.0,0.188,-0.0306,0.0003,-0.8168,0.8435,-0.0504
2026-09-01T17:22:11Z,2026-09-01 17:21:31,SPXW,2026-09-09,C,7260.0,7633.7402,371.5,1.0,390.6,1.0,0.0,0.0,0.0,0.1928,0.9676,0.0003,-0.8044,0.8839,1.5354
2026-09-01T17:22:11Z,2026-09-01 17:21:31,SPXW,2026-09-09,P,7260.0,7633.7402,2.55,27.0,2.7,107.0,2.53,45.0,2.0,0.1851,-0.0324,0.0003,-0.848,0.8839,-0.0534
2026-09-01T17:22:11Z,2026-09-01 17:21:31,SPXW,2026-09-09,C,7270.0,7633.7402,364.4,1.0,380.7,1.0,0.0,0.0,0.0,0.2026,0.9656,0.0004,-0.8391,0.927,1.5343
2026-09-01T17:22:11Z,2026-09-01 17:21:31,SPXW,2026-09-09,P,7270.0,7633.7402,2.7,26.0,2.85,115.0,2.15,29.0,28.0,0.1827,-0.0343,0.0004,-0.8815,0.927,-0.0567
2026-09-01T17:22:11Z,2026-09-01 17:21:31,SPXW,2026-09-09,C,7275.0,7633.7402,356.6,3.0,376.9,1.0,0.0,0.0,0.0,0.1931,0.9646,0.0004,-0.8573,0.9495,1.5336
2026-09-01T17:22:11Z,2026-09-01 17:21:31,SPXW,2026-09-09,P,7275.0,7633.7402,2.75,34.0,2.95,211.0,2.73,111.0,404.0,0.1814,-0.0354,0.0004,-0.8991,0.9495,-0.0585
2026-09-01T17:22:11Z,2026-09-01 17:21:31,SPXW,2026-09-09,C,7280.0,7633.7402,352.2,1.0,372.2,1.0,0.0,0.0,0.0,0.1936,0.9635,0.0004,-0.8761,0.9728,1.5329
2026-09-01T17:22:11Z,2026-09-01 17:21:31,SPXW,2026-09-09,P,7280.0,7633.7402,2.85,30.0,3.0,111.0,2.05,1.0,202.0,0.1802,-0.0364,0.0004,-0.9174,0.9728,-0.0603
2026-09-01T17:22:11Z,2026-09-01 17:21:31,SPXW,2026-09-09,C,7290.0,7633.7402,342.3,1.0,362.4,1.0,0.0,0.0,0.0,0.1904,0.9612,0.0004,-0.9158,1.0215,1.5312
2026-09-01T17:22:11Z,2026-09-01 17:21:31,SPXW,2026-09-09,P,7290.0,7633.7402,3.0,24.0,3.2,188.0,2.15,6.0,25.0,0.1778,-0.0388,0.0004,-0.9559,1.0215,-0.0642
2026-09-01T17:22:11Z,2026-09-01 17:21:31,SPXW,2026-09-09,C,7300.0,7633.7402,332.4,1.0,351.3,1.0,444.8,0.0,1.0,0.1828,0.9587,0.0004,-0.9581,1.0736,1.5292
2026-09-01T17:22:11Z,2026-09-01 17:21:31,SPXW,2026-09-09,P,7300.0,7633.7402,3.2,24.0,3.4,187.0,2.8,14.0,241.0,0.1756,-0.0413,0.0004,-0.997,1.0736,-0.0684
2026-09-01T17:22:11Z,2026-09-01 17:21:31,SPXW,2026-09-09,C,7310.0,7633.7402,322.8,2.0,341.5,1.0,0.0,0.0,0.0,0.1808,0.9559,0.0005,-1.0033,1.1297,1.5268
2026-09-01T17:22:11Z,2026-09-01 17:21:31,SPXW,2026-09-09,P,7310.0,7633.7402,3.4,23.0,3.6,183.0,2.5,2.0,39.0,0.1732,-0.044,0.0005,-1.041,1.1297,-0.0729
2026-09-01T17:22:11Z,2026-09-01 17:21:31,SPXW,2026-09-09,C,7320.0,7633.7402,313.0,1.0,331.7,1.0,0.0,0.0,0.0,0.1779,0.9529,0.0005,-1.0514,1.19,1.524
2026-09-01T17:22:11Z,2026-09-01 17:21:31,SPXW,2026-09-09,P,7320.0,7633.7402,3.6,99.0,3.8,110.0,2.75,5.0,45.0,0.1706,-0.047,0.0005,-1.088,1.19,-0.0779
2026-09-01T17:22:11Z,2026-09-01 17:21:31,SPXW,2026-09-09,C,7325.0,7633.7402,310.3,1.0,326.8,1.0,0.0,0.0,0.0,0.1846,0.9513,0.0005,-1.0766,1.2218,1.5224
2026-09-01T17:22:11Z,2026-09-01 17:21:31,SPXW,2026-09-09,P,7325.0,7633.7402,3.7,106.0,3.9,21.0,3.02,10.0,81.0,0.1698,-0.0486,0.0005,-1.1126,1.2218,-0.0806
2026-09-01T17:22:11Z,2026-09-01 17:21:31,SPXW,2026-09-09,C,7330.0,7633.7402,302.8,3.0,323.5,1.0,0.0,0.0,0.0,0.1794,0.9496,0.0005,-1.1025,1.2545,1.5207
2026-09-01T17:22:11Z,2026-09-01 17:21:31,SPXW,2026-09-09,P,7330.0,7633.7402,3.8,231.0,4.1,181.0,3.79,23.0,41.0,0.1684,-0.0503,0.0005,-1.138,1.2545,-0.0834
2026-09-01T17:22:11Z,2026-09-01 17:21:31,SPXW,2026-09-09,C,7340.0,7633.7402,295.8,1.0,313.8,1.0,0.0,0.0,0.0,0.1857,0.946,0.0006,-1.157,1.3226,1.5168
2026-09-01T17:22:11Z,2026-09-01 17:21:31,SPXW,2026-09-09,P,7340.0,7633.7402,4.1,20.0,4.3,20.0,3.7,36.0,16.0,0.1664,-0.0539,0.0006,-1.1913,1.3226,-0.0895
2026-09-01T17:22:11Z,2026-09-01 17:21:31,SPXW,2026-09-09,C,7350.0,7633.7402,285.8,1.0,302.5,1.0,326.87,0.0,3.0,0.1767,0.9422,0.0006,-1.2147,1.3945,1.5125
2026-09-01T17:22:11Z,2026-09-01 17:21:31,SPXW,2026-09-09,P,7350.0,7633.7402,4.4,90.0,4.6,19.0,4.39,84.0,170.0,0.1642,-0.0578,0.0006,-1.2479,1.3945,-0.096
2026-09-01T17:22:11Z,2026-09-01 17:21:31,SPXW,2026-09-09,C,7360.0,7633.7402,275.9,1.0,294.5,1.0,345.16,0.0,6.0,0.1782,0.9379,0.0007,-1.2758,1.4713,1.5076
2026-09-01T17:22:11Z,2026-09-01 17:21:31,SPXW,2026-09-09,P,7360.0,7633.7402,4.7,210.0,5.0,160.0,4.4,81.0,97.0,0.1619,-0.062,0.0007,-1.3079,1.4713,-0.1031
2026-09-01T17:22:11Z,2026-09-01 17:21:31,SPXW,2026-09-09,C,7370.0,7633.7402,266.2,1.0,284.8,1.0,0.0,0.0,0.0,0.1735,0.9333,0.0007,-1.3404,1.5536,1.5021
2026-09-01T17:22:11Z,2026-09-01 17:21:31,SPXW,2026-09-09,P,7370.0,7633.7402,5.1,18.0,5.3,18.0,5.05,111.0,54.0,0.16,-0.0667,0.0007,-1.3713,1.5536,-0.1108
2026-09-01T17:22:11Z,2026-09-01 17:21:31,SPXW,2026-09-09,C,7375.0,7633.7402,259.6,2.0,280.1,2.0,0.0,0.0,0.0,0.1668,0.9308,0.0007,-1.374,1.5967,1.499
2026-09-01T17:22:11Z,2026-09-01 17:21:31,SPXW,2026-09-09,P,7375.0,7633.7402,5.3,18.0,5.5,21.0,5.46,100.0,376.0,0.159,-0.0692,0.0007,-1.4043,1.5967,-0.1149
2026-09-01T17:22:11Z,2026-09-01 17:21:31,SPXW,2026-09-09,C,7380.0,7633.7402,254.8,1.0,275.1,1.0,299.42,0.0,1.0,0.1655,0.9282,0.0008,-1.4084,1.6411,1.4958
2026-09-01T17:22:11Z,2026-09-01 17:21:31,SPXW,2026-09-09,P,7380.0,7633.7402,5.5,17.0,5.7,20.0,3.7,4.0,46.0,0.1579,-0.0717,0.0008,-1.4382,1.6411,-0.1193
2026-09-01T17:22:11Z,2026-09-01 17:21:31,SPXW,2026-09-09,C,7385.0,7633.7402,250.0,1.0,270.1,1.0,0.0,0.0,0.0,0.1648,0.9255,0.0008,-1.4438,1.6864,1.4923
2026-09-01T17:22:11Z,2026-09-01 17:21:31,SPXW,2026-09-09,P,7385.0,7633.7402,5.7,24.0,5.9,22.0,5.6,198.0,1.0,0.1568,-0.0744,0.0008,-1.4729,1.6864,-0.1239
2026-09-01T17:22:11Z,2026-09-01 17:21:31,SPXW,2026-09-09,C,7390.0,7633.7402,247.2,1.0,265.3,1.0,295.26,0.0,30.0,0.1688,0.9227,0.0008,-1.48,1.7328,1.4886
2026-09-01T17:22:11Z,2026-09-01 17:21:31,SPXW,2026-09-09,P,7390.0,7633.7402,5.9,94.0,6.2,20.0,5.8,18.0,69.0,0.1556,-0.0772,0.0008,-1.5085,1.7328,-0.1286
2026-09-01T17:22:11Z,2026-09-01 17:21:31,SPXW,2026-09-09,C,7395.0,7633.7402,242.1,1.0,260.5,1.0,0.0,0.0,0.0,0.1665,0.9198,0.0008,-1.517,1.7801,1.4847
2026-09-01T17:22:11Z,2026-09-01 17:21:31,SPXW,2026-09-09,P,7395.0,7633.7402,6.1,128.0,6.4,19.0,6.0,3.0,0.0,0.1547,-0.0802,0.0008,-1.545,1.7801,-0.1336
2026-09-01T17:22:11Z,2026-09-01 17:21:31,SPXW,2026-09-09,C,7400.0,7633.7402,237.7,1.0,256.1,1.0,307.56,0.0,7.0,0.1669,0.9167,0.0009,-1.555,1.8287,1.4807
2026-09-01T17:22:11Z,2026-09-01 17:21:31,SPXW,2026-09-09,P,7400.0,7633.7402,6.4,25.0,6.6,21.0,6.18,62.0,552.0,0.154,-0.0832,0.0009,-1.5824,1.8287,-0.1387
2026-09-01T17:22:11Z,2026-09-01 17:21:31,SPXW,2026-09-09,C,7405.0,7633.7402,232.9,1.0,251.0,1.0,0.0,0.0,0.0,0.1646,0.9135,0.0009,-1.5938,1.8787,1.4765
2026-09-01T17:22:11Z,2026-09-01 17:21:31,SPXW,2026-09-09,P,7405.0,7633.7402,6.7,17.0,6.9,20.0,5.97,40.0,8.0,0.1526,-0.0864,0.0009,-1.6207,1.8787,-0.144
2026-09-01T17:22:11Z,2026-09-01 17:21:31,SPXW,2026-09-09,C,7410.0,7633.7402,228.1,1.0,246.6,1.0,0.0,0.0,0.0,0.1629,0.9102,0.0009,-1.6335,1.9303,1.4721
2026-09-01T17:22:11Z,2026-09-01 17:21:31,SPXW,2026-09-09,P,7410.0,7633.7402,6.9,33.0,7.2,33.0,6.92,26.0,23.0,0.1518,-0.0898,0.0009,-1.6598,1.9303,-0.1495
2026-09-01T17:22:11Z,2026-09-01 17:21:31,SPXW,2026-09-09,C,7415.0,7633.7402,222.2,1.0,241.9,1.0,0.0,0.0,0.0,0.1597,0.9067,0.001,-1.674,1.9836,1.4674
2026-09-01T17:22:11Z,2026-09-01 17:21:31,SPXW,2026-09-09,P,7415.0,7633.7402,7.2,37.0,7.4,19.0,7.4,45.0,29.0,0.1509,-0.0932,0.001,-1.6997,1.9836,-0.1553
2026-09-01T17:22:11Z,2026-09-01 17:21:31,SPXW,2026-09-09,C,7420.0,7633.7402,218.5,1.0,237.1,1.0,0.0,0.0,0.0,0.1606,0.9031,0.001,-1.7152,2.0384,1.4624
2026-09-01T17:22:11Z,2026-09-01 17:21:31,SPXW,2026-09-09,P,7420.0,7633.7402,7.5,39.0,7.7,21.0,7.0,70.0,80.0,0.1499,-0.0968,0.001,-1.7404,2.0384,-0.1614
2026-09-01T17:22:11Z,2026-09-01 17:21:31,SPXW,2026-09-09,C,7425.0,7633.7402,214.4,1.0,232.5,1.0,0.0,0.0,0.0,0.1599,0.8993,0.001,-1.7573,2.0943,1.4571
2026-09-01T17:22:11Z,2026-09-01 17:21:31,SPXW,2026-09-09,P,7425.0,7633.7402,7.8,32.0,8.1,30.0,7.6,243.0,161.0,0.1488,-0.1006,0.001,-1.7819,2.0943,-0.1678
2026-09-01T17:22:11Z,2026-09-01 17:21:31,SPXW,2026-09-09,C,7430.0,7633.7402,213.4,24.0,220.0,24.0,300.9,0.0,4.0,0.15,0.8954,0.0011,-1.8002,2.1512,1.4514
2026-09-01T17:22:11Z,2026-09-01 17:21:31,SPXW,2026-09-09,P,7430.0,7633.7402,8.2,25.0,8.4,28.0,8.0,84.0,38.0,0.1477,-0.1046,0.0011,-1.8241,2.1512,-0.1746
2026-09-01T17:22:11Z,2026-09-01 17:21:31,SPXW,2026-09-09,C,7435.0,7633.7402,208.8,24.0,215.9,24.0,0.0,0.0,0.0,0.1504,0.8913,0.0011,-1.8438,2.2089,1.4455
2026-09-01T17:22:11Z,2026-09-01 17:21:31,SPXW,2026-09-09,P,7435.0,7633.7402,8.5,37.0,8.7,20.0,8.3,90.0,86.0,0.147,-0.1087,0.0011,-1.8672,2.2089,-0.1816
2026-09-01T17:22:11Z,2026-09-01 17:21:31,SPXW,2026-09-09,C,7440.0,7633.7402,203.5,25.0,211.1,24.0,269.04,0.0,2.0,0.1475,0.887,0.0012,-1.8881,2.2676,1.4394
2026-09-01T17:22:11Z,2026-09-01 17:21:31,SPXW,2026-09-09,P,7440.0,7633.7402,8.9,24.0,9.1,28.0,8.04,71.0,73.0,0.1458,-0.1129,0.0012,-1.911,2.2676,-0.1888
2026-09-01T17:22:11Z,2026-09-01 17:21:31,SPXW,2026-09-09,C,7445.0,7633.7402,199.5,23.0,206.7,23.0,0.0,0.0,0.0,0.1483,0.8825,0.0012,-1.9332,2.3276,1.4331
2026-09-01T17:22:11Z,2026-09-01 17:21:31,SPXW,2026-09-09,P,7445.0,7633.7402,9.3,14.0,9.5,28.0,9.17,34.0,14.0,0.1449,-0.1174,0.0012,-1.9554,2.3276,-0.1962
2026-09-01T17:22:11Z,2026-09-01 17:21:31,SPXW,2026-09-09,C,7450.0,7633.7402,194.9,23.0,202.1,23.0,250.71,0.0,13.0,0.1472,0.8779,0.0012,-1.9789,2.3892,1.4264
2026-09-01T17:22:11Z,2026-09-01 17:21:31,SPXW,2026-09-09,P,7450.0,7633.7402,9.7,13.0,9.9,28.0,9.55,179.0,432.0,0.1439,-0.122,0.0012,-2.0006,2.3892,-0.2039
2026-09-01T17:22:11Z,2026-09-01 17:21:31,SPXW,2026-09-09,C,7455.0,7633.7402,190.3,22.0,197.5,23.0,0.0,0.0,0.0,0.1461,0.8731,0.0013,-2.0252,2.4524,1.4195
2026-09-01T17:22:11Z,2026-09-01 17:21:31,SPXW,2026-09-09,P,7455.0,7633.7402,10.1,12.0,10.3,25.0,8.4,27.0,55.0,0.1429,-0.1269,0.0013,-2.0463,2.4524,-0.212
2026-09-01T17:22:11Z,2026-09-01 17:21:31,SPXW,2026-09-09,C,7460.0,7633.7402,185.6,23.0,192.7,23.0,0.0,0.0,0.0,0.1443,0.868,0.0013,-2.0721,2.5172,1.412
2026-09-01T17:22:11Z,2026-09-01 17:21:31,SPXW,2026-09-09,P,7460.0,7633.7402,10.5,21.0,10.7,25.0,10.07,54.0,140.0,0.1422,-0.1319,0.0013,-2.0926,2.5172,-0.2205
2026-09-01T17:22:11Z,2026-09-01 17:21:31,SPXW,2026-09-09,C,7465.0,7633.7402,180.6,23.0,187.6,23.0,0.0,0.0,0.0,0.1413,0.8628,0.0014,-2.1194,2.5829,1.4042
2026-09-01T17:22:11Z,2026-09-01 17:21:31,SPXW,2026-09-09,P,7465.0,7633.7402,11.0,11.0,11.2,24.0,7.95,33.0,47.0,0.1411,-0.1372,0.0014,-2.1394,2.5829,-0.2295
2026-09-01T17:22:11Z,2026-09-01 17:21:31,SPXW,2026-09-09,C,7470.0,7633.7402,176.6,24.0,183.7,23.0,367.52,0.0,2.0,0.1425,0.8573,0.0014,-2.1673,2.6493,1.3959
2026-09-01T17:22:11Z,2026-09-01 17:21:31,SPXW,2026-09-09,P,7470.0,7633.7402,11.4,30.0,11.7,24.0,8.6,35.0,119.0,0.1402,-0.1426,0.0014,-2.1866,2.6493,-0.2388
2026-09-01T17:22:11Z,2026-09-01 17:21:31,SPXW,2026-09-09,C,7475.0,7633.7402,172.1,24.0,179.2,23.0,0.0,0.0,0.0,0.1415,0.8516,0.0014,-2.2155,2.716,1.3873
2026-09-01T17:22:11Z,2026-09-01 17:21:31,SPXW,2026-09-09,P,7475.0,7633.7402,11.9,22.0,12.2,25.0,10.7,322.0,278.0,0.1393,-0.1483,0.0014,-2.2343,2.716,-0.2485
2026-09-01T17:22:11Z,2026-09-01 17:21:31,SPXW,2026-09-09,C,7480.0,7633.7402,167.8,24.0,174.6,23.0,209.55,0.0,23.0,0.1406,0.8457,0.0015,-2.2641,2.7834,1.3785
2026-09-01T17:22:11Z,2026-09-01 17:21:31,SPXW,2026-09-09,P,7480.0,7633.7402,12.5,10.0,12.7,22.0,10.72,30.0,116.0,0.1384,-0.1542,0.0015,-2.2823,2.7834,-0.2585
2026-09-01T17:22:11Z,2026-09-01 17:21:31,SPXW,2026-09-09,C,7485.0,7633.7402,163.4,24.0,170.2,23.0,0.0,0.0,0.0,0.1397,0.8395,0.0016,-2.3129,2.852,1.3693
2026-09-01T17:22:11Z,2026-09-01 17:21:31,SPXW,2026-09-09,P,7485.0,7633.7402,13.0,18.0,13.2,14.0,11.17,36.0,56.0,0.1375,-0.1604,0.0016,-2.3305,2.852,-0.2687
2026-09-01T17:22:11Z,2026-09-01 17:21:31,SPXW,2026-09-09,C,7490.0,7633.7402,158.8,24.0,165.8,23.0,199.61,0.0,30.0,0.1385,0.8331,0.0016,-2.3619,2.922,1.3597
2026-09-01T17:22:11Z,2026-09-01 17:21:31,SPXW,2026-09-09,P,7490.0,7633.7402,13.6,18.0,13.8,22.0,12.6,49.0,407.0,0.1364,-0.1668,0.0016,-2.379,2.922,-0.2794
2026-09-01T17:22:11Z,2026-09-01 17:21:31,SPXW,2026-09-09,C,7495.0,7633.7402,154.7,23.0,161.3,22.0,176.44,2.0,0.0,0.1378,0.8265,0.0016,-2.411,2.9932,1.3495
2026-09-01T17:22:11Z,2026-09-01 17:21:31,SPXW,2026-09-09,P,7495.0,7633.7402,14.2,18.0,14.4,22.0,13.48,32.0,92.0,0.1355,-0.1735,0.0016,-2.4275,2.9932,-0.2907
2026-09-01T17:22:11Z,2026-09-01 17:21:31,SPXW,2026-09-09,C,7500.0,7633.7402,150.4,23.0,156.9,22.0,172.97,2.0,41.0,0.1369,0.8195,0.0017,-2.46,3.0651,1.3388
2026-09-01T17:22:11Z,2026-09-01 17:21:31,SPXW,2026-09-09,P,7500.0,7633.7402,14.8,17.0,15.0,9.0,15.05,81.0,643.0,0.1346,-0.1804,0.0017,-2.4759,3.0651,-0.3025
2026-09-01T17:22:11Z,2026-09-01 17:21:31,SPXW,2026-09-09,C,7505.0,7633.7402,145.8,23.0,152.6,22.0,235.92,0.0,50.0,0.1355,0.8123,0.0018,-2.5089,3.137,1.3275
2026-09-01T17:22:11Z,2026-09-01 17:21:31,SPXW,2026-09-09,P,7505.0,7633.7402,15.5,9.0,15.7,22.0,14.3,21.0,26.0,0.1337,-0.1876,0.0018,-2.5242,3.137,-0.3149
2026-09-01T17:22:11Z,2026-09-01 17:21:31,SPXW,2026-09-09,C,7510.0,7633.7402,141.8,23.0,148.4,22.0,152.99,26.0,51.0,0.1352,0.8049,0.0018,-2.5576,3.2085,1.3159
2026-09-01T17:22:11Z,2026-09-01 17:21:31,SPXW,2026-09-09,P,7510.0,7633.7402,16.2,9.0,16.4,22.0,15.8,9.0,144.0,0.1328,-0.1951,0.0018,-2.5723,3.2085,-0.3276
2026-09-01T17:22:11Z,2026-09-01 17:21:31,SPXW,2026-09-09,C,7515.0,7633.7402,137.3,23.0,143.8,22.0,160.65,965.0,0.0,0.1333,0.7971,0.0019,-2.6059,3.28,1.3039
2026-09-01T17:22:11Z,2026-09-01 17:21:31,SPXW,2026-09-09,P,7515.0,7633.7402,16.9,9.0,17.1,14.0,15.67,11.0,40.0,0.1319,-0.2028,0.0019,-2.6201,3.28,-0.3407
2026-09-01T17:22:11Z,2026-09-01 17:21:31,SPXW,2026-09-09,C,7520.0,7633.7402,133.3,24.0,139.8,22.0,156.15,4.0,3.0,0.1331,0.789,0.0019,-2.6537,3.3519,1.2916
2026-09-01T17:22:11Z,2026-09-01 17:21:31,SPXW,2026-09-09,P,7520.0,7633.7402,17.6,16.0,17.9,21.0,17.85,26.0,564.0,0.131,-0.2109,0.0019,-2.6673,3.3519,-0.3541
2026-09-01T17:22:11Z,2026-09-01 17:21:31,SPXW,2026-09-09,C,7525.0,7633.7402,129.1,24.0,135.5,22.0,150.54,2.0,17.0,0.132,0.7807,0.002,-2.7009,3.4245,1.2786
2026-09-01T17:22:11Z,2026-09-01 17:21:31,SPXW,2026-09-09,P,7525.0,7633.7402,18.4,15.0,18.7,20.0,18.66,40.0,267.0,0.1301,-0.2192,0.002,-2.7139,3.4245,-0.3682
2026-09-01T17:22:11Z,2026-09-01 17:21:31,SPXW,2026-09-09,C,7530.0,7633.7402,124.8,24.0,131.3,22.0,208.82,0.0,7.0,0.1308,0.772,0.002,-2.7473,3.4975,1.265
2026-09-01T17:22:11Z,2026-09-01 17:21:31,SPXW,2026-09-09,P,7530.0,7633.7402,19.2,15.0,19.5,13.0,19.49,16.0,221.0,0.1291,-0.2279,0.002,-2.7597,3.4975,-0.3829
2026-09-01T17:22:11Z,2026-09-01 17:21:31,SPXW,2026-09-09,C,7535.0,7633.7402,120.7,24.0,127.2,22.0,163.68,0.0,1.0,0.1299,0.7631,0.0021,-2.7926,3.5699,1.2506
2026-09-01T17:22:11Z,2026-09-01 17:21:31,SPXW,2026-09-09,P,7535.0,7633.7402,20.1,15.0,20.4,20.0,19.75,84.0,40.0,0.1283,-0.2369,0.0021,-2.8045,3.5699,-0.3984
2026-09-01T17:22:11Z,2026-09-01 17:21:31,SPXW,2026-09-09,C,7540.0,7633.7402,116.6,23.0,122.9,21.0,127.45,4.0,5.0,0.1286,0.7538,0.0022,-2.8369,3.6409,1.2358
2026-09-01T17:22:11Z,2026-09-01 17:21:31,SPXW,2026-09-09,P,7540.0,7633.7402,21.0,15.0,21.3,20.0,17.5,31.0,54.0,0.1273,-0.2462,0.0022,-2.8482,3.6409,-0.4143
2026-09-01T17:22:11Z,2026-09-01 17:21:31,SPXW,2026-09-09,C,7545.0,7633.7402,115.0,6.0,117.4,1.0,0.0,0.0,0.0,0.1265,0.7441,0.0022,-2.8798,3.7105,1.2206
2026-09-01T17:22:11Z,2026-09-01 17:21:31,SPXW,2026-09-09,P,7545.0,7633.7402,22.0,8.0,22.2,13.0,18.2,29.0,44.0,0.1264,-0.2558,0.0022,-2.8906,3.7105,-0.4305
2026-09-01T17:22:11Z,2026-09-01 17:21:31,SPXW,2026-09-09,C,7550.0,7633.7402,111.0,6.0,113.4,1.0,118.66,26.0,11.0,0.1256,0.7342,0.0023,-2.9213,3.7792,1.205
2026-09-01T17:22:11Z,2026-09-01 17:21:31,SPXW,2026-09-09,P,7550.0,7633.7402,22.9,16.0,23.2,13.0,22.4,110.0,3752.0,0.1254,-0.2658,0.0023,-2.9314,3.7792,-0.4472
2026-09-01T17:22:11Z,2026-09-01 17:21:31,SPXW,2026-09-09,C,7555.0,7633.7402,107.0,5.0,107.9,5.0,163.5,0.0,1.0,0.1246,0.7239,0.0024,-2.9611,3.8474,1.1888
2026-09-01T17:22:11Z,2026-09-01 17:21:31,SPXW,2026-09-09,P,7555.0,7633.7402,24.0,8.0,24.2,8.0,23.53,89.0,33.0,0.1246,-0.276,0.0024,-2.9706,3.8474,-0.4645
2026-09-01T17:22:11Z,2026-09-01 17:21:31,SPXW,2026-09-09,C,7560.0,7633.7402,103.1,6.0,104.0,5.0,103.33,3.0,1.0,0.1237,0.7133,0.0024,-2.9989,3.9148,1.1717
2026-09-01T17:22:11Z,2026-09-01 17:21:31,SPXW,2026-09-09,P,7560.0,7633.7402,25.1,8.0,25.3,8.0,24.4,60.0,218.0,0.1236,-0.2867,0.0024,-3.0079,3.9148,-0.4827
2026-09-01T17:22:11Z,2026-09-01 17:21:31,SPXW,2026-09-09,C,7565.0,7633.7402,99.3,6.0,101.6,16.0,140.47,0.0,1.0,0.1244,0.7023,0.0025,-3.0346,3.9804,1.1539
2026-09-01T17:22:11Z,2026-09-01 17:21:31,SPXW,2026-09-09,P,7565.0,7633.7402,26.2,8.0,26.5,19.0,20.51,38.0,80.0,0.1228,-0.2977,0.0025,-3.0431,3.9804,-0.5016
2026-09-01T17:22:11Z,2026-09-01 17:21:31,SPXW,2026-09-09,C,7570.0,7633.7402,95.7,2.0,96.1,2.0,133.6,0.0,5.0,0.122,0.691,0.0025,-3.068,4.0431,1.1356
2026-09-01T17:22:11Z,2026-09-01 17:21:31,SPXW,2026-09-09,P,7570.0,7633.7402,27.4,8.0,27.7,19.0,26.4,29.0,204.0,0.1219,-0.309,0.0025,-3.0758,4.0431,-0.521
2026-09-01T17:22:11Z,2026-09-01 17:21:31,SPXW,2026-09-09,C,7575.0,7633.7402,92.0,3.0,92.4,3.0,99.0,2.0,163.0,0.121,0.6793,0.0026,-3.0988,4.103,1.1171
2026-09-01T17:22:11Z,2026-09-01 17:21:31,SPXW,2026-09-09,P,7575.0,7633.7402,28.6,9.0,28.9,21.0,27.95,100.0,2086.0,0.1209,-0.3206,0.0026,-3.106,4.103,-0.5407
2026-09-01T17:22:11Z,2026-09-01 17:21:31,SPXW,2026-09-09,C,7580.0,7633.7402,88.3,3.0,88.7,3.0,93.7,2.0,2.0,0.1202,0.6673,0.0026,-3.1268,4.1605,1.098
2026-09-01T17:22:11Z,2026-09-01 17:21:31,SPXW,2026-09-09,P,7580.0,7633.7402,29.9,7.0,30.2,13.0,29.5,16.0,293.0,0.12,-0.3326,0.0026,-3.1335,4.1605,-0.5608
2026-09-01T17:22:11Z,2026-09-01 17:21:31,SPXW,2026-09-09,C,7585.0,7633.7402,84.7,4.0,85.0,4.0,148.2,0.0,1.0,0.1192,0.6549,0.0027,-3.1518,4.216,1.0781
2026-09-01T17:22:11Z,2026-09-01 17:21:31,SPXW,2026-09-09,P,7585.0,7633.7402,31.2,7.0,31.5,7.0,23.9,38.0,45.0,0.119,-0.345,0.0027,-3.1579,4.216,-0.5818
2026-09-01T17:22:11Z,2026-09-01 17:21:31,SPXW,2026-09-09,C,7590.0,7633.7402,81.1,4.0,81.4,4.0,92.22,8.0,9.0,0.1184,0.6422,0.0028,-3.1735,4.2687,1.0573
2026-09-01T17:22:11Z,2026-09-01 17:21:31,SPXW,2026-09-09,P,7590.0,7633.7402,32.6,7.0,32.9,7.0,29.35,30.0,73.0,0.1181,-0.3577,0.0028,-3.179,4.2687,-0.6037
2026-09-01T17:22:11Z,2026-09-01 17:21:31,SPXW,2026-09-09,C,7595.0,7633.7402,77.5,5.0,77.9,5.0,79.6,1.0,20.0,0.1175,0.6292,0.0028,-3.1916,4.3175,1.0359
2026-09-01T17:22:11Z,2026-09-01 17:21:31,SPXW,2026-09-09,P,7595.0,7633.7402,34.1,7.0,34.3,7.0,33.7,13.0,96.0,0.1173,-0.3708,0.0028,-3.1966,4.3175,-0.6262
2026-09-01T17:22:11Z,2026-09-01 17:21:31,SPXW,2026-09-09,C,7600.0,7633.7402,74.1,5.0,74.4,5.0,87.0,968.0,29.0,0.1166,0.6158,0.0029,-3.206,4.3618,1.0143
2026-09-01T17:22:11Z,2026-09-01 17:21:31,SPXW,2026-09-09,P,7600.0,7633.7402,35.6,8.0,35.9,8.0,34.8,1165.0,1802.0,0.1164,-0.3842,0.0029,-3.2104,4.3618,-0.6489
2026-09-01T17:22:11Z,2026-09-01 17:21:31,SPXW,2026-09-09,C,7605.0,7633.7402,70.7,5.0,71.0,10.0,116.53,0.0,4.0,0.1157,0.6021,0.0029,-3.2165,4.4018,0.9923
2026-09-01T17:22:11Z,2026-09-01 17:21:31,SPXW,2026-09-09,P,7605.0,7633.7402,37.2,7.0,37.5,13.0,31.8,9.0,34.0,0.1155,-0.3979,0.0029,-3.2204,4.4018,-0.672
2026-09-01T17:22:11Z,2026-09-01 17:21:31,SPXW,2026-09-09,C,7610.0,7633.7402,67.3,6.0,67.6,6.0,73.4,12.0,11.0,0.1148,0.588,0.003,-3.2229,4.4379,0.9695
2026-09-01T17:22:11Z,2026-09-01 17:21:31,SPXW,2026-09-09,P,7610.0,7633.7402,38.8,7.0,39.1,7.0,33.3,33.0,103.0,0.1147,-0.4119,0.003,-3.2261,4.4379,-0.6959
2026-09-01T17:22:11Z,2026-09-01 17:21:31,SPXW,2026-09-09,C,7615.0,7633.7402,64.1,6.0,64.4,6.0,156.3,0.0,1.0,0.114,0.5736,0.003,-3.2248,4.4696,0.9458
2026-09-01T17:22:11Z,2026-09-01 17:21:31,SPXW,2026-09-09,P,7615.0,7633.7402,40.6,7.0,40.9,12.0,37.0,14.0,91.0,0.1137,-0.4263,0.003,-3.2275,4.4696,-0.7207
2026-09-01T17:22:11Z,2026-09-01 17:21:31,SPXW,2026-09-09,C,7620.0,7633.7402,60.8,6.0,61.1,6.0,72.46,61.0,38.0,0.1131,0.5589,0.0031,-3.2221,4.4959,0.9216
2026-09-01T17:22:11Z,2026-09-01 17:21:31,SPXW,2026-09-09,P,7620.0,7633.7402,42.4,7.0,42.7,12.0,40.94,29.0,127.0,0.1128,-0.441,0.0031,-3.2242,4.4959,-0.746
2026-09-01T17:22:11Z,2026-09-01 17:21:31,SPXW,2026-09-09,C,7625.0,7633.7402,57.7,6.0,58.1,6.0,58.0,12.0,1367.0,0.1122,0.544,0.0031,-3.2146,4.5164,0.8972
2026-09-01T17:22:11Z,2026-09-01 17:21:31,SPXW,2026-09-09,P,7625.0,7633.7402,44.2,12.0,44.6,12.0,43.28,35.0,485.0,0.112,-0.456,0.0031,-3.2161,4.5164,-0.7715
2026-09-01T17:22:11Z,2026-09-01 17:21:31,SPXW,2026-09-09,C,7630.0,7633.7402,54.7,6.0,55.0,12.0,57.27,21.0,19.0,0.1113,0.5287,0.0031,-3.2022,4.5311,0.8726
2026-09-01T17:22:11Z,2026-09-01 17:21:31,SPXW,2026-09-09,P,7630.0,7633.7402,46.2,8.0,46.6,17.0,42.6,238.0,85.0,0.1112,-0.4713,0.0031,-3.2031,4.5311,-0.7972
2026-09-01T17:22:11Z,2026-09-01 17:21:31,SPXW,2026-09-09,C,7635.0,7633.7402,51.7,8.0,52.1,7.0,53.8,122.0,16.0,0.1105,0.5131,0.0032,-3.1847,4.5398,0.8471
2026-09-01T17:22:11Z,2026-09-01 17:21:31,SPXW,2026-09-09,P,7635.0,7633.7402,48.2,7.0,48.6,7.0,48.25,29.0,135.0,0.1103,-0.4868,0.0032,-3.185,4.5398,-0.8238
2026-09-01T17:22:11Z,2026-09-01 17:21:31,SPXW,2026-09-09,C,7640.0,7633.7402,48.8,7.0,49.1,7.0,49.3,92.0,7.0,0.1096,0.4973,0.0032,-3.162,4.5421,0.8208
2026-09-01T17:22:11Z,2026-09-01 17:21:31,SPXW,2026-09-09,P,7640.0,7633.7402,50.3,13.0,50.7,7.0,50.4,76.0,83.0,0.1095,-0.5026,0.0032,-3.1617,4.5421,-0.8512
2026-09-01T17:22:11Z,2026-09-01 17:21:31,SPXW,2026-09-09,C,7645.0,7633.7402,46.1,7.0,46.4,13.0,56.56,6.0,15.0,0.1088,0.4813,0.0032,-3.1339,4.5376,0.7943
2026-09-01T17:22:11Z,2026-09-01 17:21:31,SPXW,2026-09-09,P,7645.0,7633.7402,52.5,7.0,52.9,7.0,51.55,26.0,45.0,0.1087,-0.5187,0.0032,-3.1331,4.5376,-0.8787
2026-09-01T17:22:11Z,2026-09-01 17:21:31,SPXW,2026-09-09,C,7650.0,7633.7402,43.3,7.0,43.7,14.0,44.6,76.0,1288.0,0.1079,0.465,0.0032,-3.1004,4.5264,0.7679
2026-09-01T17:22:11Z,2026-09-01 17:21:31,SPXW,2026-09-09,P,7650.0,7633.7402,54.8,6.0,55.2,6.0,53.95,88.0,292.0,0.1079,-0.5349,0.0032,-3.0991,4.5264,-0.9062
2026-09-01T17:22:11Z,2026-09-01 17:21:31,SPXW,2026-09-09,C,7655.0,7633.7402,40.7,7.0,41.0,6.0,45.19,35.0,7.0,0.1071,0.4486,0.0032,-3.0617,4.5079,0.7411
2026-09-01T17:22:11Z,2026-09-01 17:21:31,SPXW,2026-09-09,P,7655.0,7633.7402,57.2,6.0,57.5,6.0,55.75,48.0,68.0,0.107,-0.5513,0.0032,-3.0598,4.5079,-0.9341
2026-09-01T17:22:11Z,2026-09-01 17:21:31,SPXW,2026-09-09,C,7660.0,7633.7402,38.2,8.0,38.5,14.0,40.0,46.0,33.0,0.1064,0.432,0.0032,-3.0176,4.4816,0.7136
2026-09-01T17:22:11Z,2026-09-01 17:21:31,SPXW,2026-09-09,P,7660.0,7633.7402,59.7,6.0,60.1,6.0,59.6,79.0,97.0,0.1063,-0.5679,0.0032,-3.0151,4.4816,-0.9628
2026-09-01T17:22:11Z,2026-09-01 17:21:31,SPXW,2026-09-09,C,7665.0,7633.7402,35.8,7.0,36.0,7.0,46.3,44.0,62.0,0.1057,0.4153,0.0032,-2.9682,4.4474,0.6858
2026-09-01T17:22:11Z,2026-09-01 17:21:31,SPXW,2026-09-09,P,7665.0,7633.7402,62.2,6.0,62.6,6.0,61.07,30.0,104.0,0.1054,-0.5846,0.0032,-2.9651,4.4474,-0.9916
2026-09-01T17:22:11Z,2026-09-01 17:21:31,SPXW,2026-09-09,C,7670.0,7633.7402,33.4,7.0,33.7,13.0,34.4,27.0,297.0,0.1048,0.3986,0.0032,-2.9135,4.4062,0.6583
2026-09-01T17:22:11Z,2026-09-01 17:21:31,SPXW,2026-09-09,P,7670.0,7633.7402,64.9,5.0,65.3,5.0,64.93,24.0,231.0,0.1047,-0.6014,0.0032,-2.9098,4.4062,-1.0202
2026-09-01T17:22:11Z,2026-09-01 17:21:31,SPXW,2026-09-09,C,7675.0,7633.7402,31.2,7.0,31.5,7.0,32.1,34.0,247.0,0.1041,0.3817,0.0032,-2.8539,4.3576,0.6309
2026-09-01T17:22:11Z,2026-09-01 17:21:31,SPXW,2026-09-09,P,7675.0,7633.7402,67.6,5.0,67.9,5.0,53.9,32.0,740.0,0.1039,-0.6182,0.0032,-2.8497,4.3576,-1.0487
2026-09-01T17:22:11Z,2026-09-01 17:21:31,SPXW,2026-09-09,C,7680.0,7633.7402,29.0,7.0,29.3,13.0,29.9,13.0,82.0,0.1033,0.3649,0.0032,-2.7896,4.3004,0.6029
2026-09-01T17:22:11Z,2026-09-01 17:21:31,SPXW,2026-09-09,P,7680.0,7633.7402,70.5,5.0,70.8,5.0,68.48,80.0,381.0,0.1032,-0.635,0.0032,-2.7847,4.3004,-1.0778
2026-09-01T17:22:11Z,2026-09-01 17:21:31,SPXW,2026-09-09,C,7685.0,7633.7402,27.0,7.0,27.2,13.0,30.17,48.0,48.0,0.1026,0.3482,0.0032,-2.7206,4.2348,0.5749
2026-09-01T17:22:11Z,2026-09-01 17:21:31,SPXW,2026-09-09,P,7685.0,7633.7402,73.4,4.0,73.8,4.0,60.03,3.0,74.0,0.1024,-0.6518,0.0032,-2.7152,4.2348,-1.1069
2026-09-01T17:22:11Z,2026-09-01 17:21:31,SPXW,2026-09-09,C,7690.0,7633.7402,25.0,7.0,25.2,7.0,28.0,21.0,61.0,0.1018,0.3315,0.0031,-2.6473,4.1625,0.5476
2026-09-01T17:22:11Z,2026-09-01 17:21:31,SPXW,2026-09-09,P,7690.0,7633.7402,76.4,3.0,76.7,3.0,59.9,18.0,183.0,0.1017,-0.6684,0.0031,-2.6413,4.1625,-1.1353
2026-09-01T17:22:11Z,2026-09-01 17:21:31,SPXW,2026-09-09,C,7695.0,7633.7402,23.1,8.0,23.3,15.0,30.0,32.0,67.0,0.1011,0.315,0.0031,-2.5701,4.0838,0.5206
2026-09-01T17:22:11Z,2026-09-01 17:21:31,SPXW,2026-09-09,P,7695.0,7633.7402,79.6,2.0,79.9,2.0,77.7,2.0,49.0,0.1011,-0.6849,0.0031,-2.5635,4.0838,-1.1634
2026-09-01T17:22:11Z,2026-09-01 17:21:31,SPXW,2026-09-09,C,7700.0,7633.7402,21.3,9.0,21.5,7.0,22.0,360.0,813.0,0.1004,0.2987,0.003,-2.4893,3.9971,0.4934
2026-09-01T17:22:11Z,2026-09-01 17:21:31,SPXW,2026-09-09,P,7700.0,7633.7402,81.0,1.0,84.9,1.0,81.39,58.0,1311.0,0.1011,-0.7012,0.003,-2.4822,3.9971,-1.1917
2026-09-01T17:22:11Z,2026-09-01 17:21:31,SPXW,2026-09-09,C,7705.0,7633.7402,19.6,8.0,19.9,8.0,21.6,14.0,74.0,0.0997,0.2826,0.003,-2.4052,3.9025,0.4665
2026-09-01T17:22:11Z,2026-09-01 17:21:31,SPXW,2026-09-09,P,7705.0,7633.7402,84.3,1.0,88.2,1.0,67.31,15.0,67.0,0.0999,-0.7173,0.003,-2.3975,3.9025,-1.2196
2026-09-01T17:22:11Z,2026-09-01 17:21:31,SPXW,2026-09-09,C,7710.0,7633.7402,18.0,15.0,18.3,15.0,20.0,7.0,96.0,0.0991,0.2669,0.0029,-2.3182,3.8025,0.4406
2026-09-01T17:22:11Z,2026-09-01 17:21:31,SPXW,2026-09-09,P,7710.0,7633.7402,87.7,1.0,91.6,1.0,70.2,7.0,108.0,0.0995,-0.7331,0.0029,-2.31,3.8025,-1.2466
2026-09-01T17:22:11Z,2026-09-01 17:21:31,SPXW,2026-09-09,C,7715.0,7633.7402,16.5,15.0,16.7,7.0,16.7,29.0,72.0,0.0985,0.2514,0.0028,-2.2287,3.6979,0.4153
2026-09-01T17:22:11Z,2026-09-01 17:21:31,SPXW,2026-09-09,P,7715.0,7633.7402,91.2,1.0,95.1,1.0,92.64,9.0,68.0,0.0987,-0.7486,0.0028,-2.2199,3.6979,-1.2731
2026-09-01T17:22:11Z,2026-09-01 17:21:31,SPXW,2026-09-09,C,7720.0,7633.7402,15.1,15.0,15.3,8.0,15.7,54.0,105.0,0.0978,0.2363,0.0028,-2.137,3.5868,0.39
2026-09-01T17:22:11Z,2026-09-01 17:21:31,SPXW,2026-09-09,P,7720.0,7633.7402,93.3,22.0,99.8,24.0,94.65,12.0,142.0,0.0966,-0.7637,0.0028,-2.1276,3.5868,-1.2995
2026-09-01T17:22:11Z,2026-09-01 17:21:31,SPXW,2026-09-09,C,7725.0,7633.7402,13.8,8.0,14.0,16.0,14.17,19.0,629.0,0.0972,0.2216,0.0027,-2.0435,3.4694,0.3654
2026-09-01T17:22:11Z,2026-09-01 17:21:31,SPXW,2026-09-09,P,7725.0,7633.7402,96.9,28.0,103.4,31.0,99.9,4.0,283.0,0.0957,-0.7784,0.0027,-2.0335,3.4694,-1.3251
2026-09-01T17:22:11Z,2026-09-01 17:21:31,SPXW,2026-09-09,C,7730.0,7633.7402,12.5,24.0,12.7,8.0,14.9,19.0,45.0,0.0966,0.2073,0.0026,-1.9484,3.3488,0.342
2026-09-01T17:22:11Z,2026-09-01 17:21:31,SPXW,2026-09-09,P,7730.0,7633.7402,100.6,22.0,107.3,24.0,89.48,7.0,129.0,0.0952,-0.7927,0.0026,-1.9378,3.3488,-1.3496
2026-09-01T17:22:11Z,2026-09-01 17:21:31,SPXW,2026-09-09,C,7735.0,7633.7402,11.4,9.0,11.6,17.0,14.77,18.0,30.0,0.096,0.1934,0.0025,-1.8523,3.2254,0.3191
2026-09-01T17:22:11Z,2026-09-01 17:21:31,SPXW,2026-09-09,P,7735.0,7633.7402,104.4,22.0,111.2,24.0,87.85,13.0,41.0,0.0946,-0.8066,0.0025,-1.8412,3.2254,-1.3736
2026-09-01T17:22:11Z,2026-09-01 17:21:31,SPXW,2026-09-09,C,7740.0,7633.7402,10.3,16.0,10.5,18.0,10.79,45.0,104.0,0.0956,0.18,0.0024,-1.7555,3.0972,0.2966
2026-09-01T17:22:11Z,2026-09-01 17:21:31,SPXW,2026-09-09,P,7740.0,7633.7402,109.0,22.0,115.6,24.0,109.16,2.0,56.0,0.0959,-0.82,0.0024,-1.7438,3.0972,-1.3973
2026-09-01T17:22:11Z,2026-09-01 17:21:31,SPXW,2026-09-09,C,7745.0,7633.7402,9.3,17.0,9.5,19.0,12.22,21.0,25.0,0.095,0.167,0.0023,-1.6584,2.9652,0.2752
2026-09-01T17:22:11Z,2026-09-01 17:21:31,SPXW,2026-09-09,P,7745.0,7633.7402,112.8,23.0,119.1,24.0,114.27,1.0,37.0,0.0942,-0.8329,0.0023,-1.6461,2.9652,-1.4197
2026-09-01T17:22:11Z,2026-09-01 17:21:31,SPXW,2026-09-09,C,7750.0,7633.7402,8.4,19.0,8.6,21.0,8.78,369.0,1265.0,0.0944,0.1546,0.0022,-1.5615,2.8323,0.2548
2026-09-01T17:22:11Z,2026-09-01 17:21:31,SPXW,2026-09-09,P,7750.0,7633.7402,116.3,29.0,123.1,30.0,98.3,37.0,700.0,0.0924,-0.8454,0.0022,-1.5486,2.8323,-1.4412
2026-09-01T17:22:11Z,2026-09-01 17:21:31,SPXW,2026-09-09,C,7755.0,7633.7402,7.5,18.0,7.8,80.0,7.6,27.0,44.0,0.0939,0.1426,0.0021,-1.4652,2.6984,0.2349
2026-09-01T17:22:11Z,2026-09-01 17:21:31,SPXW,2026-09-09,P,7755.0,7633.7402,120.9,23.0,127.8,24.0,87.62,0.0,15.0,0.0938,-0.8573,0.0021,-1.4517,2.6984,-1.4622
2026-09-01T17:22:11Z,2026-09-01 17:21:31,SPXW,2026-09-09,C,7760.0,7633.7402,6.7,13.0,7.0,74.0,8.84,54.0,222.0,0.0933,0.1312,0.002,-1.37,2.562,0.2158
2026-09-01T17:22:11Z,2026-09-01 17:21:31,SPXW,2026-09-09,P,7760.0,7633.7402,125.3,23.0,132.2,24.0,88.7,0.0,47.0,0.094,-0.8687,0.002,-1.356,2.562,-1.4824
2026-09-01T17:22:11Z,2026-09-01 17:21:31,SPXW,2026-09-09,C,7765.0,7633.7402,6.0,15.0,6.3,78.0,6.29,22.0,199.0,0.0929,0.1204,0.0019,-1.2765,2.4251,0.1981
2026-09-01T17:22:11Z,2026-09-01 17:21:31,SPXW,2026-09-09,P,7765.0,7633.7402,129.4,23.0,136.3,24.0,94.85,0.0,18.0,0.0928,-0.8796,0.0019,-1.2619,2.4251,-1.5012
2026-09-01T17:22:11Z,2026-09-01 17:21:31,SPXW,2026-09-09,C,7770.0,7633.7402,5.4,16.0,5.6,16.0,5.5,27.0,132.0,0.0927,0.1101,0.0018,-1.1851,2.29,0.181
2026-09-01T17:22:11Z,2026-09-01 17:21:31,SPXW,2026-09-09,P,7770.0,7633.7402,133.8,24.0,140.9,24.0,125.22,9.0,27.0,0.0931,-0.8899,0.0018,-1.1699,2.29,-1.5194
2026-09-01T17:22:11Z,2026-09-01 17:21:31,SPXW,2026-09-09,C,7775.0,7633.7402,4.8,20.0,5.0,22.0,4.91,92.0,121.0,0.0922,0.1003,0.0017,-1.0964,2.1557,0.1647
2026-09-01T17:22:11Z,2026-09-01 17:21:31,SPXW,2026-09-09,P,7775.0,7633.7402,137.9,24.0,145.0,23.0,124.31,1.0,35.0,0.0912,-0.8996,0.0017,-1.0807,2.1557,-1.5368
2026-09-01T17:22:11Z,2026-09-01 17:21:31,SPXW,2026-09-09,C,7780.0,7633.7402,4.3,19.0,4.5,92.0,4.43,53.0,181.0,0.0915,0.0912,0.0016,-1.0109,2.0225,0.1497
2026-09-01T17:22:11Z,2026-09-01 17:21:31,SPXW,2026-09-09,P,7780.0,7633.7402,139.3,1.0,150.6,1.0,90.84,0.0,25.0,0.0852,-0.9088,0.0016,-0.9946,2.0225,-1.5529
2026-09-01T17:22:11Z,2026-09-01 17:21:31,SPXW,2026-09-09,C,7785.0,7633.7402,3.8,21.0,4.0,184.0,4.0,24.0,20.0,0.0911,0.0826,0.0015,-0.929,1.8926,0.1357
2026-09-01T17:22:11Z,2026-09-01 17:21:31,SPXW,2026-09-09,P,7785.0,7633.7402,143.6,1.0,155.1,1.0,0.0,0.0,0.0,0.0834,-0.9173,0.0015,-0.9121,1.8926,-1.568
2026-09-01T17:22:11Z,2026-09-01 17:21:31,SPXW,2026-09-09,C,7790.0,7633.7402,3.3,35.0,3.5,109.0,4.71,3.0,60.0,0.0909,0.0747,0.0014,-0.851,1.7666,0.1224
2026-09-01T17:22:11Z,2026-09-01 17:21:31,SPXW,2026-09-09,P,7790.0,7633.7402,148.3,1.0,159.7,1.0,77.92,0.0,19.0,0.0831,-0.9252,0.0014,-0.8336,1.7666,-1.5823
2026-09-01T17:22:11Z,2026-09-01 17:21:31,SPXW,2026-09-09,C,7795.0,7633.7402,2.9,45.0,3.1,111.0,4.26,51.0,107.0,0.0906,0.0673,0.0013,-0.7774,1.6442,0.1103
2026-09-01T17:22:11Z,2026-09-01 17:21:31,SPXW,2026-09-09,P,7795.0,7633.7402,152.9,1.0,164.3,1.0,0.0,0.0,0.0,0.0819,-0.9326,0.0013,-0.7594,1.6442,-1.5956
2026-09-01T17:22:11Z,2026-09-01 17:21:31,SPXW,2026-09-09,C,7800.0,7633.7402,2.55,48.0,2.75,111.0,2.7,373.0,1002.0,0.0903,0.0606,0.0012,-0.7083,1.5264,0.0992
2026-09-01T17:22:11Z,2026-09-01 17:21:31,SPXW,2026-09-09,P,7800.0,7633.7402,157.0,1.0,168.8,1.0,151.86,7.0,42.0,0.077,-0.9394,0.0012,-0.6897,1.5264,-1.6077
2026-09-01T17:22:11Z,2026-09-01 17:21:31,SPXW,2026-09-09,C,7805.0,7633.7402,2.3,1.0,2.45,118.0,3.67,96.0,53.0,0.0901,0.0544,0.0011,-0.6439,1.4142,0.089
2026-09-01T17:22:11Z,2026-09-01 17:21:31,SPXW,2026-09-09,P,7805.0,7633.7402,161.7,1.0,173.5,1.0,0.0,0.0,0.0,0.0751,-0.9456,0.0011,-0.6247,1.4142,-1.6191
2026-09-01T17:22:11Z,2026-09-01 17:21:31,SPXW,2026-09-09,C,7810.0,7633.7402,1.95,180.0,2.1,6.0,2.05,248.0,1731.0,0.0895,0.0488,0.001,-0.5843,1.3078,0.0796
2026-09-01T17:22:11Z,2026-09-01 17:21:31,SPXW,2026-09-09,P,7810.0,7633.7402,166.9,1.0,178.2,1.0,171.48,1.0,26.0,0.0763,-0.9512,0.001,-0.5645,1.3078,-1.6295
2026-09-01T17:22:11Z,2026-09-01 17:21:31,SPXW,2026-09-09,C,7815.0,7633.7402,1.7,172.0,1.85,1.0,1.82,413.0,57.0,0.0892,0.0436,0.0009,-0.5294,1.2072,0.0713
2026-09-01T17:22:11Z,2026-09-01 17:21:31,SPXW,2026-09-09,P,7815.0,7633.7402,171.7,1.0,183.0,1.0,0.0,0.0,0.0,0.075,-0.9563,0.0009,-0.509,1.2072,-1.639
2026-09-01T17:22:11Z,2026-09-01 17:21:31,SPXW,2026-09-09,C,7820.0,7633.7402,1.5,195.0,1.65,128.0,1.7,151.0,88.0,0.0892,0.039,0.0008,-0.4791,1.1127,0.0637
2026-09-01T17:22:11Z,2026-09-01 17:21:31,SPXW,2026-09-09,P,7820.0,7633.7402,176.5,1.0,187.6,1.0,167.82,1.0,18.0,0.0703,-0.9609,0.0008,-0.4582,1.1127,-1.6476
2026-09-01T17:22:11Z,2026-09-01 17:21:31,SPXW,2026-09-09,C,7825.0,7633.7402,1.3,145.0,1.45,108.0,1.37,264.0,172.0,0.089,0.0349,0.0008,-0.4333,1.0246,0.0568
2026-09-01T17:22:11Z,2026-09-01 17:21:31,SPXW,2026-09-09,P,7825.0,7633.7402,181.1,1.0,194.0,1.0,141.76,0.0,14.0,0.082,-0.965,0.0008,-0.4117,1.0246,-1.6556
2026-09-01T17:22:11Z,2026-09-01 17:21:31,SPXW,2026-09-09,C,7830.0,7633.7402,1.15,185.0,1.3,152.0,1.27,53.0,538.0,0.0891,0.0312,0.0007,-0.3917,0.9426,0.0508
2026-09-01T17:22:11Z,2026-09-01 17:21:31,SPXW,2026-09-09,P,7830.0,7633.7402,185.8,1.0,197.4,2.0,155.38,0.0,8.0,0.0,-0.9688,0.0007,-0.3696,0.9426,-1.6628
2026-09-01T17:22:11Z,2026-09-01 17:21:31,SPXW,2026-09-09,C,7835.0,7633.7402,1.0,192.0,1.15,140.0,1.05,76.0,35.0,0.089,0.0279,0.0006,-0.354,0.8668,0.0454
2026-09-01T17:22:11Z,2026-09-01 17:21:31,SPXW,2026-09-09,P,7835.0,7633.7402,190.4,1.0,202.2,1.0,0.0,0.0,0.0,0.0,-0.9721,0.0006,-0.3314,0.8668,-1.6692
2026-09-01T17:22:11Z,2026-09-01 17:21:31,SPXW,2026-09-09,C,7840.0,7633.7402,0.85,197.0,1.0,53.0,0.94,60.0,105.0,0.0887,0.0249,0.0006,-0.3201,0.7967,0.0405
2026-09-01T17:22:11Z,2026-09-01 17:21:31,SPXW,2026-09-09,P,7840.0,7633.7402,195.3,1.0,207.1,2.0,130.8,0.0,15.0,0.0,-0.975,0.0006,-0.2969,0.7967,-1.6752
2026-09-01T17:22:11Z,2026-09-01 17:21:31,SPXW,2026-09-09,C,7845.0,7633.7402,0.75,147.0,0.9,145.0,0.8,2.0,34.0,0.0889,0.0223,0.0005,-0.2897,0.7322,0.0362
2026-09-01T17:22:11Z,2026-09-01 17:21:31,SPXW,2026-09-09,P,7845.0,7633.7402,200.9,1.0,211.9,1.0,0.0,0.0,0.0,0.0,-0.9776,0.0005,-0.2658,0.7322,-1.6806
2026-09-01T17:22:11Z,2026-09-01 17:21:31,SPXW,2026-09-09,C,7850.0,7633.7402,0.65,152.0,0.8,159.0,0.65,33.0,489.0,0.089,0.02,0.0005,-0.2624,0.6732,0.0324
2026-09-01T17:22:11Z,2026-09-01 17:21:31,SPXW,2026-09-09,P,7850.0,7633.7402,205.4,1.0,218.2,1.0,191.3,2.0,22.0,0.0707,-0.98,0.0005,-0.238,0.6732,-1.6855
2026-09-01T17:22:11Z,2026-09-01 17:21:31,SPXW,2026-09-09,C,7855.0,7633.7402,0.55,212.0,0.7,149.0,1.5,0.0,55.0,0.0888,0.0179,0.0004,-0.2379,0.6193,0.0291
2026-09-01T17:22:11Z,2026-09-01 17:21:31,SPXW,2026-09-09,P,7855.0,7633.7402,207.2,1.0,223.0,1.0,0.0,0.0,0.0,0.0,-0.982,0.0004,-0.2129,0.6193,-1.6899
2026-09-01T17:22:11Z,2026-09-01 17:21:31,SPXW,2026-09-09,C,7860.0,7633.7402,0.5,224.0,0.6,40.0,0.55,28.0,116.0,0.0889,0.0161,0.0004,-0.216,0.5699,0.0261
2026-09-01T17:22:11Z,2026-09-01 17:21:31,SPXW,2026-09-09,P,7860.0,7633.7402,211.7,1.0,228.0,1.0,208.99,0.0,1.0,0.0,-0.9838,0.0004,-0.1904,0.5699,-1.694
2026-09-01T17:22:11Z,2026-09-01 17:21:31,SPXW,2026-09-09,C,7865.0,7633.7402,0.45,40.0,0.55,129.0,0.7,3.0,58.0,0.0888,0.0145,0.0004,-0.1965,0.5249,0.0234
2026-09-01T17:22:11Z,2026-09-01 17:21:31,SPXW,2026-09-09,P,7865.0,7633.7402,215.5,1.0,232.7,1.0,0.0,0.0,0.0,0.0,-0.9854,0.0004,-0.1703,0.5249,-1.6978
2026-09-01T17:22:11Z,2026-09-01 17:21:31,SPXW,2026-09-09,C,7870.0,7633.7402,0.35,246.0,0.5,135.0,0.4,13.0,184.0,0.0891,0.0131,0.0003,-0.1791,0.484,0.0211
2026-09-01T17:22:11Z,2026-09-01 17:21:31,SPXW,2026-09-09,P,7870.0,7633.7402,221.8,1.0,237.8,1.0,0.0,0.0,0.0,0.0,-0.9869,0.0003,-0.1524,0.484,-1.7012
2026-09-01T17:22:11Z,2026-09-01 17:21:31,SPXW,2026-09-09,C,7875.0,7633.7402,0.3,348.0,0.45,126.0,0.4,24.0,147.0,0.0893,0.0118,0.0003,-0.1636,0.4469,0.0191
2026-09-01T17:22:11Z,2026-09-01 17:21:31,SPXW,2026-09-09,P,7875.0,7633.7402,225.4,1.0,242.7,1.0,0.0,0.0,0.0,0.0,-0.9881,0.0003,-0.1363,0.4469,-1.7043
2026-09-01T17:22:11Z,2026-09-01 17:21:31,SPXW,2026-09-09,C,7880.0,7633.7402,0.3,70.0,0.4,124.0,0.3,210.0,252.0,0.0901,0.0107,0.0003,-0.1498,0.4133,0.0173
2026-09-01T17:22:11Z,2026-09-01 17:21:31,SPXW,2026-09-09,P,7880.0,7633.7402,231.5,1.0,247.7,1.0,182.87,0.0,125.0,0.0,-0.9892,0.0003,-0.1219,0.4133,-1.7072
2026-09-01T17:22:11Z,2026-09-01 17:21:31,SPXW,2026-09-09,C,7890.0,7633.7402,0.2,305.0,0.35,192.0,0.25,83.0,424.0,0.0906,0.0089,0.0002,-0.1266,0.3551,0.0143
2026-09-01T17:22:11Z,2026-09-01 17:21:31,SPXW,2026-09-09,P,7890.0,7633.7402,240.3,1.0,257.6,1.0,0.0,0.0,0.0,0.0,-0.9911,0.0002,-0.0976,0.3551,-1.7124
2026-09-01T17:22:11Z,2026-09-01 17:21:31,SPXW,2026-09-09,C,7900.0,7633.7402,0.15,475.0,0.3,352.0,0.2,159.0,1232.0,0.0915,0.0074,0.0002,-0.1083,0.3076,0.012
2026-09-01T17:22:11Z,2026-09-01 17:21:31,SPXW,2026-09-09,P,7900.0,7633.7402,251.3,1.0,270.9,1.0,240.3,0.0,131.0,0.0,-0.9925,0.0002,-0.0782,0.3076,-1.7169
2026-09-01T17:22:11Z,2026-09-01 17:21:31,SPXW,2026-09-09,C,7910.0,7633.7402,0.1,567.0,0.25,148.0,0.15,1.0,137.0,0.0919,0.0063,0.0002,-0.0939,0.269,0.0101
2026-09-01T17:22:11Z,2026-09-01 17:21:31,SPXW,2026-09-09,P,7910.0,7633.7402,261.4,1.0,280.9,1.0,0.0,0.0,0.0,0.0,-0.9936,0.0002,-0.0626,0.269,-1.7209
2026-09-01T17:22:11Z,2026-09-01 17:21:31,SPXW,2026-09-09,C,7920.0,7633.7402,0.1,302.0,0.25,624.0,0.1,2.0,690.0,0.0949,0.0054,0.0001,-0.0825,0.237,0.0087
2026-09-01T17:22:11Z,2026-09-01 17:21:31,SPXW,2026-09-09,P,7920.0,7633.7402,271.4,1.0,287.4,1.0,0.0,0.0,0.0,0.0,-0.9945,0.0001,-0.0502,0.2375,-1.7245
2026-09-01T17:22:11Z,2026-09-01 17:21:31,SPXW,2026-09-09,C,7925.0,7633.7402,0.1,356.0,0.2,118.0,0.2,2.0,473.0,0.0948,0.0051,0.0001,-0.0778,0.2236,0.0081
2026-09-01T17:22:11Z,2026-09-01 17:21:31,SPXW,2026-09-09,P,7925.0,7633.7402,276.4,1.0,295.9,1.0,162.73,0.0,1.0,0.0,-0.9949,0.0001,-0.0449,0.224,-1.7262
2026-09-01T17:22:11Z,2026-09-01 17:21:31,SPXW,2026-09-09,C,7930.0,7633.7402,0.1,228.0,0.2,314.0,0.1,2.0,109.0,0.0962,0.0047,0.0001,-0.0737,0.2115,0.0076
2026-09-01T17:22:11Z,2026-09-01 17:21:31,SPXW,2026-09-09,P,7930.0,7633.7402,281.4,1.0,297.4,1.0,0.0,0.0,0.0,0.0,-0.9952,0.0001,-0.0402,0.2119,-1.7278
2026-09-01T17:22:11Z,2026-09-01 17:21:31,SPXW,2026-09-09,C,7940.0,7633.7402,0.05,711.0,0.2,511.0,0.16,5.0,25.0,0.0991,0.0042,0.0001,-0.0667,0.1908,0.0067
2026-09-01T17:22:11Z,2026-09-01 17:21:31,SPXW,2026-09-09,P,7940.0,7633.7402,291.4,1.0,310.8,1.0,0.0,0.0,0.0,0.0,-0.9957,0.0001,-0.0321,0.1912,-1.7309
2026-09-01T17:22:11Z,2026-09-01 17:21:31,SPXW,2026-09-09,C,7950.0,7633.7402,0.05,761.0,0.2,635.0,0.2,2.0,448.0,0.1001,0.0038,0.0001,-0.0613,0.174,0.006
2026-09-01T17:22:11Z,2026-09-01 17:21:31,SPXW,2026-09-09,P,7950.0,7633.7402,301.3,1.0,317.3,1.0,290.24,0.0,1.0,0.0,-0.9962,0.0001,-0.0255,0.1742,-1.7337
2026-09-01T17:22:11Z,2026-09-01 17:21:31,SPXW,2026-09-09,C,7960.0,7633.7402,0.05,532.0,0.2,728.0,0.15,1.0,18.0,0.1029,0.0034,0.0001,-0.0571,0.16,0.0055
2026-09-01T17:22:11Z,2026-09-01 17:21:31,SPXW,2026-09-09,P,7960.0,7633.7402,310.0,1.0,330.5,1.0,0.0,0.0,0.0,0.0,-0.9965,0.0001,-0.0201,0.1602,-1.7365
2026-09-01T17:22:11Z,2026-09-01 17:21:31,SPXW,2026-09-09,C,7975.0,7633.7402,0.05,443.0,0.15,341.0,0.2,0.0,234.0,0.1045,0.003,0.0001,-0.0521,0.1434,0.0048
2026-09-01T17:22:11Z,2026-09-01 17:21:31,SPXW,2026-09-09,P,7975.0,7633.7402,326.1,1.0,342.0,1.0,288.72,0.0,3.0,0.0,-0.9969,0.0001,-0.0136,0.1436,-1.7404
2026-09-01T17:22:11Z,2026-09-01 17:21:31,SPXW,2026-09-09,C,8000.0,7633.7402,0.05,293.0,0.15,690.0,0.1,131.0,484.0,0.1113,0.0026,0.0001,-0.0471,0.124,0.0041
2026-09-01T17:22:11Z,2026-09-01 17:21:31,SPXW,2026-09-09,P,8000.0,7633.7402,351.3,1.0,367.2,1.0,287.86,0.0,1.0,0.0,-0.9973,0.0001,-0.0056,0.1238,-1.7466
2026-09-01T17:22:11Z,2026-09-01 17:21:31,SPXW,2026-09-09,C,8025.0,7633.7402,0.05,40.0,0.15,866.0,0.09,2.0,343.0,0.1184,0.0023,0.0,-0.0441,0.1099,0.0037
2026-09-01T17:22:11Z,2026-09-01 17:21:31,SPXW,2026-09-09,P,8025.0,7633.7402,376.2,1.0,392.3,1.0,0.0,0.0,0.0,0.0,-0.9976,0.0,0.0,0.11,-1.7525
2026-09-01T17:22:11Z,2026-09-01 17:21:31,SPXW,2026-09-09,C,8050.0,7633.7402,0.0,0.0,0.15,832.0,0.15,0.0,350.0,0.1251,0.0021,0.0,-0.042,0.0994,0.0033
2026-09-01T17:22:11Z,2026-09-01 17:21:31,SPXW,2026-09-09,P,8050.0,7633.7402,401.3,1.0,417.2,1.0,0.0,0.0,0.0,0.0,-0.9979,0.0,0.0,0.0995,-1.7584
2026-09-01T17:22:11Z,2026-09-01 17:21:31,SPXW,2026-09-09,C,8075.0,7633.7402,0.0,0.0,0.15,896.0,0.05,3.0,83.0,0.128,0.0019,0.0,-0.0404,0.0911,0.003
2026-09-01T17:22:11Z,2026-09-01 17:21:31,SPXW,2026-09-09,P,8075.0,7633.7402,426.2,1.0,442.2,1.0,0.0,0.0,0.0,0.0,-0.998,0.0,0.0,0.091,-1.7641
2026-09-01T17:22:11Z,2026-09-01 17:21:31,SPXW,2026-09-09,C,8100.0,7633.7402,0.0,0.0,0.1,245.0,0.25,0.0,53.0,0.13,0.0018,0.0,-0.0392,0.084,0.0028
2026-09-01T17:22:11Z,2026-09-01 17:21:31,SPXW,2026-09-09,P,8100.0,7633.7402,451.2,1.0,467.2,1.0,0.0,0.0,0.0,0.0,-0.9982,0.0,0.0,0.084,-1.7698
2026-09-01T17:22:11Z,2026-09-01 17:21:31,SPXW,2026-09-09,C,8125.0,7633.7402,0.0,0.0,0.1,261.0,0.1,0.0,12.0,0.1362,0.0016,0.0,-0.0382,0.078,0.0026
2026-09-01T17:22:11Z,2026-09-01 17:21:31,SPXW,2026-09-09,P,8125.0,7633.7402,476.1,1.0,492.1,1.0,0.0,0.0,0.0,0.0,-0.9983,0.0,0.0,0.0779,-1.7755
2026-09-01T17:22:11Z,2026-09-01 17:21:31,SPXW,2026-09-09,C,8150.0,7633.7402,0.0,0.0,0.1,358.0,0.38,0.0,28.0,0.1423,0.0015,0.0,-0.0372,0.0728,0.0024
2026-09-01T17:22:11Z,2026-09-01 17:21:31,SPXW,2026-09-09,P,8150.0,7633.7402,501.1,1.0,517.0,1.0,0.0,0.0,0.0,0.0,-0.9984,0.0,0.0,0.0725,-1.7811
2026-09-01T17:22:11Z,2026-09-01 17:21:31,SPXW,2026-09-09,C,8175.0,7633.7402,0.0,0.0,0.1,370.0,0.1,0.0,28.0,0.1486,0.0014,0.0,-0.0363,0.0679,0.0023
2026-09-01T17:22:11Z,2026-09-01 17:21:31,SPXW,2026-09-09,P,8175.0,7633.7402,525.9,1.0,542.1,1.0,0.0,0.0,0.0,0.0,-0.9985,0.0,0.0,0.0678,-1.7868
2026-09-01T17:22:11Z,2026-09-01 17:21:31,SPXW,2026-09-09,C,8200.0,7633.7402,0.0,0.0,0.1,387.0,0.32,0.0,337.0,0.1545,0.0014,0.0,-0.0354,0.0638,0.0021
2026-09-01T17:22:11Z,2026-09-01 17:21:31,SPXW,2026-09-09,P,8200.0,7633.7402,551.1,1.0,570.6,1.0,0.0,0.0,0.0,0.0,-0.9986,0.0,0.0,0.0635,-1.7924
2026-09-01T17:22:11Z,2026-09-01 17:21:31,SPXW,2026-09-09,C,8225.0,7633.7402,0.0,0.0,0.1,314.0,0.39,0.0,4.0,0.1609,0.0013,0.0,-0.0345,0.0597,0.002
2026-09-01T17:22:11Z,2026-09-01 17:21:31,SPXW,2026-09-09,P,8225.0,7633.7402,575.1,1.0,592.0,1.0,0.0,0.0,0.0,0.0,-0.9987,0.0,0.0,0.0596,-1.798
2026-09-01T17:22:11Z,2026-09-01 17:21:31,SPXW,2026-09-09,C,8250.0,7633.7402,0.0,0.0,0.1,422.0,0.15,0.0,109.0,0.167,0.0012,0.0,-0.0337,0.0562,0.0019
2026-09-01T17:22:11Z,2026-09-01 17:21:31,SPXW,2026-09-09,P,8250.0,7633.7402,601.0,1.0,616.9,1.0,0.0,0.0,0.0,0.0,-0.9988,0.0,0.0,0.0561,-1.8036
2026-09-01T17:22:11Z,2026-09-01 17:21:31,SPXW,2026-09-09,C,8275.0,7633.7402,0.0,0.0,0.1,436.0,0.47,0.0,25.0,0.173,0.0011,0.0,-0.0329,0.0529,0.0018
2026-09-01T17:22:11Z,2026-09-01 17:21:31,SPXW,2026-09-09,P,8275.0,7633.7402,626.0,1.0,642.0,1.0,0.0,0.0,0.0,0.0,-0.9988,0.0,0.0,0.0529,-1.8091
2026-09-01T17:22:11Z,2026-09-01 17:21:31,SPXW,2026-09-09,C,8300.0,7633.7402,0.0,0.0,0.1,348.0,0.05,33.0,31.0,0.1789,0.0011,0.0,-0.0321,0.05,0.0017
2026-09-01T17:22:11Z,2026-09-01 17:21:31,SPXW,2026-09-09,P,8300.0,7633.7402,651.0,1.0,670.5,1.0,0.0,0.0,0.0,0.0,-0.9989,0.0,0.0,0.0499,-1.8147
2026-09-01T17:22:11Z,2026-09-01 17:21:31,SPXW,2026-09-09,C,8325.0,7633.7402,0.0,0.0,0.1,359.0,0.0,0.0,0.0,0.1849,0.001,0.0,-0.0313,0.0473,0.0016
2026-09-01T17:22:11Z,2026-09-01 17:21:31,SPXW,2026-09-09,P,8325.0,7633.7402,674.7,1.0,691.9,1.0,0.0,0.0,0.0,0.0,-0.9989,0.0,0.0,0.0472,-1.8203
