fetched_utc,quote_utc,root,expiry,type,strike,spot,bid,bid_size,ask,ask_size,last,volume,open_interest,iv,delta,gamma,theta,vega,rho
2026-10-08T19:20:44Z,2026-10-08 19:20:10,SPXW,2026-10-08,C,7000.0,7753.0698,748.2,1.0,764.4,1.0,664.45,0.0,10.0,4.7982,1.0,0.0,-0.0001,0.0,0.0
2026-10-08T19:20:44Z,2026-10-08 19:20:10,SPXW,2026-10-08,P,7000.0,7753.0698,0.0,0.0,0.05,2108.0,0.03,25.0,699.0,3.0187,0.0,0.0,-0.0001,0.0,0.0
2026-10-08T19:20:44Z,2026-10-08 19:20:10,SPXW,2026-10-08,C,7025.0,7753.0698,722.4,1.0,739.9,3.0,747.82,0.0,1.0,4.61,1.0,0.0,-0.0002,0.0,0.0
2026-10-08T19:20:44Z,2026-10-08 19:20:10,SPXW,2026-10-08,P,7025.0,7753.0698,0.0,0.0,0.05,1665.0,0.05,0.0,308.0,2.9206,0.0,0.0,-0.0002,0.0,0.0
2026-10-08T19:20:44Z,2026-10-08 19:20:10,SPXW,2026-10-08,C,7050.0,7753.0698,696.6,1.0,714.4,1.0,0.0,0.0,0.0,4.2554,1.0,0.0,-0.0005,0.0,0.0
2026-10-08T19:20:44Z,2026-10-08 19:20:10,SPXW,2026-10-08,P,7050.0,7753.0698,0.0,0.0,0.05,1454.0,0.03,10.0,385.0,2.8226,0.0,0.0,-0.0005,0.0,0.0
2026-10-08T19:20:44Z,2026-10-08 19:20:10,SPXW,2026-10-08,C,7060.0,7753.0698,683.9,1.0,704.4,1.0,0.0,0.0,0.0,3.381,1.0,0.0,-0.0006,0.0001,0.0
2026-10-08T19:20:44Z,2026-10-08 19:20:10,SPXW,2026-10-08,P,7060.0,7753.0698,0.0,0.0,0.05,1115.0,0.07,0.0,61.0,2.7834,0.0,0.0,-0.0006,0.0001,0.0
2026-10-08T19:20:44Z,2026-10-08 19:20:10,SPXW,2026-10-08,C,7070.0,7753.0698,673.9,1.0,694.4,1.0,0.0,0.0,0.0,3.3347,1.0,0.0,-0.0008,0.0001,0.0
2026-10-08T19:20:44Z,2026-10-08 19:20:10,SPXW,2026-10-08,P,7070.0,7753.0698,0.0,0.0,0.05,1120.0,0.05,0.0,59.0,2.7442,0.0,0.0,-0.0008,0.0001,0.0
2026-10-08T19:20:44Z,2026-10-08 19:20:10,SPXW,2026-10-08,C,7075.0,7753.0698,673.2,1.0,689.4,1.0,682.43,10.0,85.0,4.3657,1.0,0.0,-0.001,0.0001,0.0
2026-10-08T19:20:44Z,2026-10-08 19:20:10,SPXW,2026-10-08,P,7075.0,7753.0698,0.0,0.0,0.05,1371.0,0.03,11.0,452.0,2.7247,0.0,0.0,-0.001,0.0001,0.0
2026-10-08T19:20:44Z,2026-10-08 19:20:10,SPXW,2026-10-08,C,7080.0,7753.0698,667.3,1.0,684.4,1.0,0.0,0.0,0.0,4.2061,1.0,0.0,-0.0011,0.0001,0.0
2026-10-08T19:20:44Z,2026-10-08 19:20:10,SPXW,2026-10-08,P,7080.0,7753.0698,0.0,0.0,0.05,1117.0,0.05,0.0,64.0,2.7051,0.0,0.0,-0.0011,0.0001,0.0
2026-10-08T19:20:44Z,2026-10-08 19:20:10,SPXW,2026-10-08,C,7090.0,7753.0698,657.0,1.0,674.4,1.0,650.53,1.0,0.0,4.1024,1.0,0.0,-0.0015,0.0001,0.0
2026-10-08T19:20:44Z,2026-10-08 19:20:10,SPXW,2026-10-08,P,7090.0,7753.0698,0.0,0.0,0.05,1112.0,0.05,0.0,92.0,2.666,0.0,0.0,-0.0015,0.0001,0.0
2026-10-08T19:20:44Z,2026-10-08 19:20:10,SPXW,2026-10-08,C,7100.0,7753.0698,648.2,1.0,664.4,1.0,657.38,13.0,85.0,4.2215,0.9999,0.0,-0.002,0.0002,0.0
2026-10-08T19:20:44Z,2026-10-08 19:20:10,SPXW,2026-10-08,P,7100.0,7753.0698,0.0,0.0,0.05,1487.0,0.05,0.0,356.0,2.6269,-0.0001,0.0,-0.002,0.0002,0.0
2026-10-08T19:20:44Z,2026-10-08 19:20:10,SPXW,2026-10-08,C,7110.0,7753.0698,633.9,1.0,654.4,1.0,644.34,3.0,1.0,3.1499,0.9999,0.0,-0.0026,0.0002,0.0
2026-10-08T19:20:44Z,2026-10-08 19:20:10,SPXW,2026-10-08,P,7110.0,7753.0698,0.0,0.0,0.05,1135.0,0.04,2.0,37.0,2.5879,-0.0001,0.0,-0.0026,0.0002,0.0
2026-10-08T19:20:44Z,2026-10-08 19:20:10,SPXW,2026-10-08,C,7120.0,7753.0698,623.9,1.0,644.4,1.0,639.74,2.0,0.0,3.1037,0.9999,0.0,-0.0034,0.0003,0.0
2026-10-08T19:20:44Z,2026-10-08 19:20:10,SPXW,2026-10-08,P,7120.0,7753.0698,0.0,0.0,0.05,1130.0,0.07,0.0,4.0,2.5488,-0.0001,0.0,-0.0034,0.0003,0.0
2026-10-08T19:20:44Z,2026-10-08 19:20:10,SPXW,2026-10-08,C,7125.0,7753.0698,621.6,1.0,639.4,1.0,649.42,1.0,45.0,3.8419,0.9999,0.0,-0.0038,0.0003,0.0
2026-10-08T19:20:44Z,2026-10-08 19:20:10,SPXW,2026-10-08,P,7125.0,7753.0698,0.0,0.0,0.05,1373.0,0.05,0.0,415.0,2.5293,-0.0001,0.0,-0.0038,0.0003,0.0
2026-10-08T19:20:44Z,2026-10-08 19:20:10,SPXW,2026-10-08,C,7130.0,7753.0698,613.8,1.0,634.3,1.0,0.0,0.0,0.0,2.9093,0.9999,0.0,-0.0044,0.0003,0.0
2026-10-08T19:20:44Z,2026-10-08 19:20:10,SPXW,2026-10-08,P,7130.0,7753.0698,0.0,0.0,0.05,1131.0,0.1,0.0,12.0,2.5098,-0.0001,0.0,-0.0044,0.0003,0.0
2026-10-08T19:20:44Z,2026-10-08 19:20:10,SPXW,2026-10-08,C,7140.0,7753.0698,603.8,1.0,624.3,1.0,0.0,0.0,0.0,2.865,0.9998,0.0,-0.0057,0.0004,0.0
2026-10-08T19:20:44Z,2026-10-08 19:20:10,SPXW,2026-10-08,P,7140.0,7753.0698,0.0,0.0,0.05,1122.0,0.1,0.0,384.0,2.4708,-0.0001,0.0,-0.0057,0.0004,0.0
2026-10-08T19:20:44Z,2026-10-08 19:20:10,SPXW,2026-10-08,C,7150.0,7753.0698,598.2,1.0,614.8,1.0,646.76,4.0,4.0,3.9821,0.9998,0.0,-0.0074,0.0005,0.0
2026-10-08T19:20:44Z,2026-10-08 19:20:10,SPXW,2026-10-08,P,7150.0,7753.0698,0.0,0.0,0.05,1257.0,0.1,0.0,407.0,2.4318,-0.0002,0.0,-0.0074,0.0005,0.0
2026-10-08T19:20:44Z,2026-10-08 19:20:10,SPXW,2026-10-08,C,7160.0,7753.0698,586.9,1.0,604.3,1.0,0.0,0.0,0.0,3.6805,0.9998,0.0,-0.0095,0.0007,0.0
2026-10-08T19:20:44Z,2026-10-08 19:20:10,SPXW,2026-10-08,P,7160.0,7753.0698,0.0,0.0,0.05,1113.0,0.05,0.0,59.0,2.3928,-0.0002,0.0,-0.0095,0.0007,0.0
2026-10-08T19:20:44Z,2026-10-08 19:20:10,SPXW,2026-10-08,C,7170.0,7753.0698,577.3,1.0,594.8,1.0,0.0,0.0,0.0,3.7532,0.9997,0.0,-0.0122,0.0008,0.0
2026-10-08T19:20:44Z,2026-10-08 19:20:10,SPXW,2026-10-08,P,7170.0,7753.0698,0.0,0.0,0.05,1109.0,0.07,0.0,26.0,2.3538,-0.0003,0.0,-0.0122,0.0008,0.0
2026-10-08T19:20:44Z,2026-10-08 19:20:10,SPXW,2026-10-08,C,7175.0,7753.0698,571.9,1.0,589.3,1.0,0.0,0.0,0.0,3.5971,0.9997,0.0,-0.0137,0.0009,0.0
2026-10-08T19:20:44Z,2026-10-08 19:20:10,SPXW,2026-10-08,P,7175.0,7753.0698,0.0,0.0,0.05,1258.0,0.15,0.0,355.0,2.3344,-0.0003,0.0,-0.0137,0.0009,0.0
2026-10-08T19:20:44Z,2026-10-08 19:20:10,SPXW,2026-10-08,C,7180.0,7753.0698,563.8,1.0,584.3,1.0,0.0,0.0,0.0,2.6879,0.9996,0.0,-0.0155,0.001,0.0
2026-10-08T19:20:44Z,2026-10-08 19:20:10,SPXW,2026-10-08,P,7180.0,7753.0698,0.0,0.0,0.05,1118.0,0.15,0.0,12.0,2.3149,-0.0004,0.0,-0.0155,0.001,0.0
2026-10-08T19:20:44Z,2026-10-08 19:20:10,SPXW,2026-10-08,C,7190.0,7753.0698,557.3,1.0,574.8,1.0,0.0,0.0,0.0,3.6389,0.9995,0.0,-0.0197,0.0013,0.0
2026-10-08T19:20:44Z,2026-10-08 19:20:10,SPXW,2026-10-08,P,7190.0,7753.0698,0.0,0.0,0.05,1113.0,0.15,0.0,18.0,2.2759,-0.0005,0.0,-0.0197,0.0013,0.0
2026-10-08T19:20:44Z,2026-10-08 19:20:10,SPXW,2026-10-08,C,7200.0,7753.0698,548.0,1.0,564.3,1.0,440.42,0.0,20.0,3.607,0.9994,0.0,-0.025,0.0015,0.0
2026-10-08T19:20:44Z,2026-10-08 19:20:10,SPXW,2026-10-08,P,7200.0,7753.0698,0.0,0.0,0.05,1342.0,0.05,2.0,967.0,2.237,-0.0006,0.0,-0.025,0.0015,0.0
2026-10-08T19:20:44Z,2026-10-08 19:20:10,SPXW,2026-10-08,C,7210.0,7753.0698,533.8,1.0,554.3,1.0,0.0,0.0,0.0,2.5552,0.9994,0.0,-0.025,0.0016,0.0
2026-10-08T19:20:44Z,2026-10-08 19:20:10,SPXW,2026-10-08,P,7210.0,7753.0698,0.0,0.0,0.05,1028.0,0.3,0.0,13.0,2.1981,-0.0006,0.0,-0.025,0.0016,0.0
2026-10-08T19:20:44Z,2026-10-08 19:20:10,SPXW,2026-10-08,C,7215.0,7753.0698,532.2,1.0,549.3,1.0,0.0,0.0,0.0,3.4169,0.9994,0.0,-0.025,0.0016,0.0
2026-10-08T19:20:44Z,2026-10-08 19:20:10,SPXW,2026-10-08,P,7215.0,7753.0698,0.0,0.0,0.05,1087.0,0.3,0.0,2.0,2.1786,-0.0006,0.0,-0.025,0.0016,0.0
2026-10-08T19:20:44Z,2026-10-08 19:20:10,SPXW,2026-10-08,C,7220.0,7753.0698,526.1,1.0,544.3,1.0,0.0,0.0,0.0,3.2204,0.9994,0.0,-0.025,0.0016,0.0
2026-10-08T19:20:44Z,2026-10-08 19:20:10,SPXW,2026-10-08,P,7220.0,7753.0698,0.0,0.0,0.05,1026.0,0.15,0.0,327.0,2.1592,-0.0006,0.0,-0.025,0.0016,0.0
2026-10-08T19:20:44Z,2026-10-08 19:20:10,SPXW,2026-10-08,C,7225.0,7753.0698,523.2,1.0,539.3,1.0,0.0,0.0,0.0,3.4868,0.9994,0.0,-0.025,0.0016,0.0
2026-10-08T19:20:44Z,2026-10-08 19:20:10,SPXW,2026-10-08,P,7225.0,7753.0698,0.0,0.0,0.05,1185.0,0.1,0.0,2926.0,2.1397,-0.0006,0.0,-0.025,0.0016,0.0
2026-10-08T19:20:44Z,2026-10-08 19:20:10,SPXW,2026-10-08,C,7230.0,7753.0698,516.1,1.0,534.8,1.0,0.0,0.0,0.0,3.2465,0.9994,0.0,-0.025,0.0016,0.0
2026-10-08T19:20:44Z,2026-10-08 19:20:10,SPXW,2026-10-08,P,7230.0,7753.0698,0.0,0.0,0.05,1100.0,0.07,0.0,461.0,2.1203,-0.0006,0.0,-0.025,0.0016,0.0
2026-10-08T19:20:44Z,2026-10-08 19:20:10,SPXW,2026-10-08,C,7235.0,7753.0698,511.9,1.0,529.3,1.0,0.0,0.0,0.0,3.2628,0.9994,0.0,-0.025,0.0016,0.0
2026-10-08T19:20:44Z,2026-10-08 19:20:10,SPXW,2026-10-08,P,7235.0,7753.0698,0.0,0.0,0.05,1074.0,0.1,0.0,102.0,2.1008,-0.0006,0.0,-0.025,0.0016,0.0
2026-10-08T19:20:44Z,2026-10-08 19:20:10,SPXW,2026-10-08,C,7240.0,7753.0698,506.1,1.0,524.8,1.0,0.0,0.0,0.0,3.1913,0.9994,0.0,-0.025,0.0016,0.0
2026-10-08T19:20:44Z,2026-10-08 19:20:10,SPXW,2026-10-08,P,7240.0,7753.0698,0.0,0.0,0.05,1006.0,0.15,0.0,36.0,2.0814,-0.0006,0.0,-0.025,0.0016,0.0
2026-10-08T19:20:44Z,2026-10-08 19:20:10,SPXW,2026-10-08,C,7245.0,7753.0698,498.8,1.0,519.3,1.0,0.0,0.0,0.0,2.4003,0.9994,0.0,-0.025,0.0017,0.0
2026-10-08T19:20:44Z,2026-10-08 19:20:10,SPXW,2026-10-08,P,7245.0,7753.0698,0.0,0.0,0.05,1069.0,0.15,0.0,12.0,2.0619,-0.0006,0.0,-0.025,0.0017,0.0
2026-10-08T19:20:44Z,2026-10-08 19:20:10,SPXW,2026-10-08,C,7250.0,7753.0698,497.0,1.0,514.3,1.0,394.29,0.0,20.0,3.1929,0.9994,0.0,-0.025,0.0017,0.0
2026-10-08T19:20:44Z,2026-10-08 19:20:10,SPXW,2026-10-08,P,7250.0,7753.0698,0.0,0.0,0.05,1692.0,0.03,893.0,1182.0,2.0425,-0.0006,0.0,-0.025,0.0017,0.0
2026-10-08T19:20:44Z,2026-10-08 19:20:10,SPXW,2026-10-08,C,7255.0,7753.0698,492.2,1.0,509.3,1.0,0.0,0.0,0.0,3.1916,0.9994,0.0,-0.025,0.0017,0.0
2026-10-08T19:20:44Z,2026-10-08 19:20:10,SPXW,2026-10-08,P,7255.0,7753.0698,0.0,0.0,0.05,1065.0,0.45,0.0,5.0,2.023,-0.0006,0.0,-0.025,0.0017,0.0
2026-10-08T19:20:44Z,2026-10-08 19:20:10,SPXW,2026-10-08,C,7260.0,7753.0698,486.9,1.0,504.3,1.0,0.0,0.0,0.0,3.1232,0.9994,0.0,-0.025,0.0017,0.0
2026-10-08T19:20:44Z,2026-10-08 19:20:10,SPXW,2026-10-08,P,7260.0,7753.0698,0.0,0.0,0.05,996.0,0.1,0.0,128.0,2.0036,-0.0006,0.0,-0.025,0.0017,0.0
2026-10-08T19:20:44Z,2026-10-08 19:20:10,SPXW,2026-10-08,C,7265.0,7753.0698,478.8,1.0,499.3,1.0,0.0,0.0,0.0,2.3117,0.9994,0.0,-0.025,0.0017,0.0
2026-10-08T19:20:44Z,2026-10-08 19:20:10,SPXW,2026-10-08,P,7265.0,7753.0698,0.0,0.0,0.05,1129.0,0.1,0.0,455.0,1.9842,-0.0006,0.0,-0.025,0.0017,0.0
2026-10-08T19:20:44Z,2026-10-08 19:20:10,SPXW,2026-10-08,C,7270.0,7753.0698,476.9,1.0,494.8,1.0,0.0,0.0,0.0,3.1322,0.9994,0.0,-0.025,0.0017,0.0
2026-10-08T19:20:44Z,2026-10-08 19:20:10,SPXW,2026-10-08,P,7270.0,7753.0698,0.0,0.0,0.05,1081.0,0.07,0.0,225.0,1.9647,-0.0006,0.0,-0.025,0.0017,0.0
2026-10-08T19:20:44Z,2026-10-08 19:20:10,SPXW,2026-10-08,C,7275.0,7753.0698,472.0,1.0,489.8,1.0,0.0,0.0,0.0,3.116,0.9994,0.0,-0.025,0.0018,0.0
2026-10-08T19:20:44Z,2026-10-08 19:20:10,SPXW,2026-10-08,P,7275.0,7753.0698,0.0,0.0,0.05,1298.0,0.03,3.0,408.0,1.9453,-0.0006,0.0,-0.025,0.0018,0.0
2026-10-08T19:20:44Z,2026-10-08 19:20:10,SPXW,2026-10-08,C,7280.0,7753.0698,466.9,1.0,484.3,1.0,0.0,0.0,0.0,3.0113,0.9993,0.0,-0.025,0.0018,0.0
2026-10-08T19:20:44Z,2026-10-08 19:20:10,SPXW,2026-10-08,P,7280.0,7753.0698,0.0,0.0,0.05,1179.0,0.03,1.0,122.0,1.9258,-0.0007,0.0,-0.025,0.0018,0.0
2026-10-08T19:20:44Z,2026-10-08 19:20:10,SPXW,2026-10-08,C,7285.0,7753.0698,462.0,1.0,479.8,1.0,0.0,0.0,0.0,3.0589,0.9993,0.0,-0.025,0.0018,0.0
2026-10-08T19:20:44Z,2026-10-08 19:20:10,SPXW,2026-10-08,P,7285.0,7753.0698,0.0,0.0,0.05,1133.0,0.04,2.0,7.0,1.9064,-0.0007,0.0,-0.025,0.0018,0.0
2026-10-08T19:20:44Z,2026-10-08 19:20:10,SPXW,2026-10-08,C,7290.0,7753.0698,456.9,1.0,474.3,1.0,0.0,0.0,0.0,2.9553,0.9993,0.0,-0.025,0.0018,0.0
2026-10-08T19:20:44Z,2026-10-08 19:20:10,SPXW,2026-10-08,P,7290.0,7753.0698,0.0,0.0,0.05,1302.0,0.03,1.0,251.0,1.887,-0.0007,0.0,-0.025,0.0018,0.0
2026-10-08T19:20:44Z,2026-10-08 19:20:10,SPXW,2026-10-08,C,7295.0,7753.0698,450.9,1.0,469.8,1.0,0.0,0.0,0.0,2.8584,0.9993,0.0,-0.025,0.0018,0.0
2026-10-08T19:20:44Z,2026-10-08 19:20:10,SPXW,2026-10-08,P,7295.0,7753.0698,0.0,0.0,0.05,1391.0,0.1,0.0,763.0,1.8675,-0.0007,0.0,-0.025,0.0018,0.0
2026-10-08T19:20:44Z,2026-10-08 19:20:10,SPXW,2026-10-08,C,7300.0,7753.0698,453.0,6.0,454.2,7.0,0.0,0.0,0.0,0.0,0.9993,0.0,-0.025,0.0018,0.0
2026-10-08T19:20:44Z,2026-10-08 19:20:10,SPXW,2026-10-08,P,7300.0,7753.0698,0.0,0.0,0.05,1391.0,0.02,48.0,854.0,1.8481,-0.0007,0.0,-0.025,0.0018,0.0
2026-10-08T19:20:44Z,2026-10-08 19:20:10,SPXW,2026-10-08,C,7305.0,7753.0698,442.5,1.0,459.8,1.0,0.0,0.0,0.0,3.0006,0.9993,0.0,-0.025,0.0018,0.0
2026-10-08T19:20:44Z,2026-10-08 19:20:10,SPXW,2026-10-08,P,7305.0,7753.0698,0.0,0.0,0.05,1235.0,0.1,0.0,552.0,1.8287,-0.0007,0.0,-0.025,0.0018,0.0
2026-10-08T19:20:44Z,2026-10-08 19:20:10,SPXW,2026-10-08,C,7310.0,7753.0698,436.9,1.0,454.3,1.0,0.0,0.0,0.0,2.843,0.9993,0.0,-0.025,0.0019,0.0
2026-10-08T19:20:44Z,2026-10-08 19:20:10,SPXW,2026-10-08,P,7310.0,7753.0698,0.0,0.0,0.05,1178.0,0.03,20.0,162.0,1.8092,-0.0007,0.0,-0.025,0.0019,0.0
2026-10-08T19:20:44Z,2026-10-08 19:20:10,SPXW,2026-10-08,C,7315.0,7753.0698,432.2,1.0,449.3,1.0,0.0,0.0,0.0,2.8521,0.9993,0.0,-0.025,0.0019,0.0
2026-10-08T19:20:44Z,2026-10-08 19:20:10,SPXW,2026-10-08,P,7315.0,7753.0698,0.0,0.0,0.05,1213.0,0.25,0.0,57.0,1.7898,-0.0007,0.0,-0.025,0.0019,0.0
2026-10-08T19:20:44Z,2026-10-08 19:20:10,SPXW,2026-10-08,C,7320.0,7753.0698,426.1,1.0,444.8,1.0,0.0,0.0,0.0,2.7479,0.9993,0.0,-0.025,0.0019,0.0
2026-10-08T19:20:44Z,2026-10-08 19:20:10,SPXW,2026-10-08,P,7320.0,7753.0698,0.0,0.0,0.05,1170.0,0.03,1.0,194.0,1.7703,-0.0007,0.0,-0.025,0.0019,0.0
2026-10-08T19:20:44Z,2026-10-08 19:20:10,SPXW,2026-10-08,C,7325.0,7753.0698,423.0,1.0,439.3,1.0,0.0,0.0,0.0,2.8844,0.9993,0.0,-0.025,0.0019,0.0
2026-10-08T19:20:44Z,2026-10-08 19:20:10,SPXW,2026-10-08,P,7325.0,7753.0698,0.0,0.0,0.05,1122.0,0.03,33.0,1218.0,1.7509,-0.0007,0.0,-0.025,0.0019,0.0
2026-10-08T19:20:44Z,2026-10-08 19:20:10,SPXW,2026-10-08,C,7330.0,7753.0698,418.1,1.0,434.4,1.0,443.42,1.0,1.0,2.8758,0.9993,0.0,-0.025,0.0019,0.0
2026-10-08T19:20:44Z,2026-10-08 19:20:10,SPXW,2026-10-08,P,7330.0,7753.0698,0.0,0.0,0.05,1002.0,0.1,0.0,139.0,1.7315,-0.0007,0.0,-0.025,0.0019,0.0
2026-10-08T19:20:44Z,2026-10-08 19:20:10,SPXW,2026-10-08,C,7335.0,7753.0698,408.9,1.0,429.4,1.0,0.0,0.0,0.0,2.1102,0.9993,0.0,-0.025,0.002,0.0
2026-10-08T19:20:44Z,2026-10-08 19:20:10,SPXW,2026-10-08,P,7335.0,7753.0698,0.0,0.0,0.05,1021.0,0.1,0.0,86.0,1.712,-0.0007,0.0,-0.025,0.002,0.0
2026-10-08T19:20:44Z,2026-10-08 19:20:10,SPXW,2026-10-08,C,7340.0,7753.0698,406.1,1.0,424.9,3.0,0.0,0.0,0.0,2.6493,0.9993,0.0,-0.025,0.002,0.0
2026-10-08T19:20:44Z,2026-10-08 19:20:10,SPXW,2026-10-08,P,7340.0,7753.0698,0.0,0.0,0.05,992.0,0.1,0.0,154.0,1.6926,-0.0007,0.0,-0.025,0.002,0.0
2026-10-08T19:20:44Z,2026-10-08 19:20:10,SPXW,2026-10-08,C,7345.0,7753.0698,398.9,1.0,419.4,1.0,0.0,0.0,0.0,2.0638,0.9992,0.0,-0.025,0.002,0.0
2026-10-08T19:20:44Z,2026-10-08 19:20:10,SPXW,2026-10-08,P,7345.0,7753.0698,0.0,0.0,0.05,1008.0,0.1,0.0,123.0,1.6731,-0.0008,0.0,-0.025,0.002,0.0
2026-10-08T19:20:44Z,2026-10-08 19:20:10,SPXW,2026-10-08,C,7350.0,7753.0698,398.2,1.0,414.4,1.0,372.48,0.0,1.0,2.7683,0.9992,0.0,-0.025,0.002,0.0
2026-10-08T19:20:44Z,2026-10-08 19:20:10,SPXW,2026-10-08,P,7350.0,7753.0698,0.0,0.0,0.05,1405.0,0.05,392.0,1096.0,1.6537,-0.0008,0.0,-0.025,0.002,0.0
2026-10-08T19:20:44Z,2026-10-08 19:20:10,SPXW,2026-10-08,C,7355.0,7753.0698,391.9,1.0,409.4,1.0,0.0,0.0,0.0,2.6014,0.9992,0.0,-0.025,0.002,0.0
2026-10-08T19:20:44Z,2026-10-08 19:20:10,SPXW,2026-10-08,P,7355.0,7753.0698,0.0,0.0,0.05,984.0,0.1,0.0,190.0,1.6342,-0.0008,0.0,-0.025,0.002,0.0
2026-10-08T19:20:44Z,2026-10-08 19:20:10,SPXW,2026-10-08,C,7360.0,7753.0698,388.1,1.0,404.4,1.0,389.86,10.0,11.0,2.6998,0.9992,0.0,-0.025,0.0021,0.0
2026-10-08T19:20:44Z,2026-10-08 19:20:10,SPXW,2026-10-08,P,7360.0,7753.0698,0.0,0.0,0.05,1134.0,0.03,4.0,166.0,1.6148,-0.0008,0.0,-0.025,0.0021,0.0
2026-10-08T19:20:44Z,2026-10-08 19:20:10,SPXW,2026-10-08,C,7365.0,7753.0698,378.9,1.0,399.4,1.0,384.46,10.0,10.0,1.971,0.9992,0.0,-0.025,0.0021,0.0
2026-10-08T19:20:44Z,2026-10-08 19:20:10,SPXW,2026-10-08,P,7365.0,7753.0698,0.0,0.0,0.05,1030.0,0.03,8.0,215.0,1.5953,-0.0008,0.0,-0.025,0.0021,0.0
2026-10-08T19:20:44Z,2026-10-08 19:20:10,SPXW,2026-10-08,C,7370.0,7753.0698,376.1,1.0,394.9,3.0,308.1,0.0,1.0,2.481,0.9992,0.0,-0.025,0.0021,0.0
2026-10-08T19:20:44Z,2026-10-08 19:20:10,SPXW,2026-10-08,P,7370.0,7753.0698,0.0,0.0,0.05,1029.0,0.05,5.0,192.0,1.5759,-0.0008,0.0,-0.025,0.0021,0.0
2026-10-08T19:20:44Z,2026-10-08 19:20:10,SPXW,2026-10-08,C,7375.0,7753.0698,372.2,1.0,389.4,1.0,343.45,0.0,2.0,2.5209,0.9992,0.0,-0.025,0.0021,0.0
2026-10-08T19:20:44Z,2026-10-08 19:20:10,SPXW,2026-10-08,P,7375.0,7753.0698,0.0,0.0,0.05,1429.0,0.03,5.0,342.0,1.5564,-0.0008,0.0,-0.025,0.0021,0.0
2026-10-08T19:20:44Z,2026-10-08 19:20:10,SPXW,2026-10-08,C,7380.0,7753.0698,366.6,1.0,384.5,1.0,342.56,0.0,1.0,2.4365,0.9992,0.0,-0.025,0.0022,0.0
2026-10-08T19:20:44Z,2026-10-08 19:20:10,SPXW,2026-10-08,P,7380.0,7753.0698,0.0,0.0,0.05,1302.0,0.03,2.0,441.0,1.537,-0.0008,0.0,-0.025,0.0022,0.0
2026-10-08T19:20:44Z,2026-10-08 19:20:10,SPXW,2026-10-08,C,7385.0,7753.0698,360.9,1.0,379.9,1.0,351.71,0.0,0.0,2.3847,0.9992,0.0,-0.025,0.0022,0.0
2026-10-08T19:20:44Z,2026-10-08 19:20:10,SPXW,2026-10-08,P,7385.0,7753.0698,0.0,0.0,0.05,1002.0,0.03,4.0,667.0,1.5175,-0.0008,0.0,-0.025,0.0022,0.0
2026-10-08T19:20:44Z,2026-10-08 19:20:10,SPXW,2026-10-08,C,7390.0,7753.0698,356.9,1.0,374.5,1.0,0.0,0.0,0.0,2.4133,0.9992,0.0,-0.025,0.0022,0.0
2026-10-08T19:20:44Z,2026-10-08 19:20:10,SPXW,2026-10-08,P,7390.0,7753.0698,0.0,0.0,0.05,1027.0,0.05,235.0,332.0,1.498,-0.0008,0.0,-0.025,0.0022,0.0
2026-10-08T19:20:44Z,2026-10-08 19:20:10,SPXW,2026-10-08,C,7395.0,7753.0698,349.0,1.0,369.5,1.0,0.0,0.0,0.0,1.9029,0.9992,0.0,-0.025,0.0022,0.0
2026-10-08T19:20:44Z,2026-10-08 19:20:10,SPXW,2026-10-08,P,7395.0,7753.0698,0.0,0.0,0.05,1035.0,0.03,13.0,231.0,1.4786,-0.0008,0.0,-0.025,0.0022,0.0
2026-10-08T19:20:44Z,2026-10-08 19:20:10,SPXW,2026-10-08,C,7400.0,7753.0698,346.6,1.0,364.5,1.0,377.37,1.0,4.0,2.3232,0.9992,0.0,-0.025,0.0022,0.0
2026-10-08T19:20:44Z,2026-10-08 19:20:10,SPXW,2026-10-08,P,7400.0,7753.0698,0.0,0.0,0.05,1720.0,0.03,435.0,1699.0,1.4591,-0.0008,0.0,-0.025,0.0022,0.0
2026-10-08T19:20:44Z,2026-10-08 19:20:10,SPXW,2026-10-08,C,7405.0,7753.0698,339.0,1.0,359.5,1.0,0.0,0.0,0.0,1.8548,0.9991,0.0,-0.025,0.0023,0.0
2026-10-08T19:20:44Z,2026-10-08 19:20:10,SPXW,2026-10-08,P,7405.0,7753.0698,0.0,0.0,0.05,1349.0,0.05,213.0,177.0,1.4396,-0.0009,0.0,-0.025,0.0023,0.0
2026-10-08T19:20:44Z,2026-10-08 19:20:10,SPXW,2026-10-08,C,7410.0,7753.0698,336.6,1.0,354.5,1.0,323.73,0.0,30.0,2.2665,0.9991,0.0,-0.025,0.0023,0.0
2026-10-08T19:20:44Z,2026-10-08 19:20:10,SPXW,2026-10-08,P,7410.0,7753.0698,0.0,0.0,0.05,1330.0,0.05,266.0,286.0,1.4201,-0.0009,0.0,-0.025,0.0023,0.0
2026-10-08T19:20:44Z,2026-10-08 19:20:10,SPXW,2026-10-08,C,7415.0,7753.0698,329.6,1.0,349.9,1.0,371.66,2.0,0.0,2.0578,0.9991,0.0,-0.025,0.0023,0.0
2026-10-08T19:20:44Z,2026-10-08 19:20:10,SPXW,2026-10-08,P,7415.0,7753.0698,0.0,0.0,0.05,1014.0,0.05,92.0,228.0,1.4006,-0.0009,0.0,-0.025,0.0023,0.0
2026-10-08T19:20:44Z,2026-10-08 19:20:10,SPXW,2026-10-08,C,7420.0,7753.0698,326.9,1.0,344.9,1.0,352.68,4.0,4.0,2.2998,0.9991,0.0,-0.025,0.0024,0.0
2026-10-08T19:20:44Z,2026-10-08 19:20:10,SPXW,2026-10-08,P,7420.0,7753.0698,0.0,0.0,0.05,1265.0,0.03,117.0,596.0,1.3811,-0.0009,0.0,-0.025,0.0024,0.0
2026-10-08T19:20:44Z,2026-10-08 19:20:10,SPXW,2026-10-08,C,7425.0,7753.0698,319.6,1.0,339.9,1.0,400.98,0.0,0.0,2.0044,0.9991,0.0,-0.025,0.0024,0.0
2026-10-08T19:20:44Z,2026-10-08 19:20:10,SPXW,2026-10-08,P,7425.0,7753.0698,0.0,0.0,0.05,1817.0,0.03,376.0,680.0,1.3616,-0.0009,0.0,-0.025,0.0024,0.0
2026-10-08T19:20:44Z,2026-10-08 19:20:10,SPXW,2026-10-08,C,7430.0,7753.0698,316.9,1.0,334.6,1.0,334.5,0.0,1.0,2.1935,0.9991,0.0,-0.025,0.0024,0.0
2026-10-08T19:20:44Z,2026-10-08 19:20:10,SPXW,2026-10-08,P,7430.0,7753.0698,0.0,0.0,0.05,1583.0,0.03,170.0,323.0,1.3421,-0.0009,0.0,-0.025,0.0024,0.0
2026-10-08T19:20:44Z,2026-10-08 19:20:10,SPXW,2026-10-08,C,7435.0,7753.0698,309.1,1.0,329.6,1.0,0.0,0.0,0.0,1.7637,0.9991,0.0,-0.025,0.0025,0.0
2026-10-08T19:20:44Z,2026-10-08 19:20:10,SPXW,2026-10-08,P,7435.0,7753.0698,0.0,0.0,0.05,1081.0,0.03,689.0,1005.0,1.3226,-0.0009,0.0,-0.025,0.0025,0.0
2026-10-08T19:20:44Z,2026-10-08 19:20:10,SPXW,2026-10-08,C,7440.0,7753.0698,306.1,1.0,324.6,1.0,332.34,5.0,7.0,2.0521,0.9991,0.0,-0.025,0.0025,0.0
2026-10-08T19:20:44Z,2026-10-08 19:20:10,SPXW,2026-10-08,P,7440.0,7753.0698,0.0,0.0,0.05,996.0,0.03,271.0,228.0,1.303,-0.0009,0.0,-0.025,0.0025,0.0
2026-10-08T19:20:44Z,2026-10-08 19:20:10,SPXW,2026-10-08,C,7445.0,7753.0698,299.6,1.0,319.9,1.0,247.0,0.0,1.0,1.8972,0.999,0.0,-0.025,0.0025,0.0
2026-10-08T19:20:44Z,2026-10-08 19:20:10,SPXW,2026-10-08,P,7445.0,7753.0698,0.0,0.0,0.05,1101.0,0.05,499.0,1676.0,1.2835,-0.001,0.0,-0.025,0.0025,0.0
2026-10-08T19:20:44Z,2026-10-08 19:20:10,SPXW,2026-10-08,C,7450.0,7753.0698,298.2,1.0,314.6,1.0,303.14,7.0,32.0,2.1902,0.999,0.0,-0.025,0.0026,0.0
2026-10-08T19:20:44Z,2026-10-08 19:20:10,SPXW,2026-10-08,P,7450.0,7753.0698,0.0,0.0,0.05,1192.0,0.03,712.0,1980.0,1.264,-0.001,0.0,-0.025,0.0026,0.0
2026-10-08T19:20:44Z,2026-10-08 19:20:10,SPXW,2026-10-08,C,7455.0,7753.0698,289.1,1.0,309.6,1.0,0.0,0.0,0.0,1.6644,0.999,0.0,-0.025,0.0026,0.0
2026-10-08T19:20:44Z,2026-10-08 19:20:10,SPXW,2026-10-08,P,7455.0,7753.0698,0.0,0.0,0.05,1059.0,0.03,95.0,445.0,1.2444,-0.001,0.0,-0.025,0.0026,0.0
2026-10-08T19:20:44Z,2026-10-08 19:20:10,SPXW,2026-10-08,C,7460.0,7753.0698,286.1,1.0,304.6,1.0,311.9,3.0,7.0,1.9392,0.999,0.0,-0.025,0.0026,0.0
2026-10-08T19:20:44Z,2026-10-08 19:20:10,SPXW,2026-10-08,P,7460.0,7753.0698,0.0,0.0,0.05,1055.0,0.03,109.0,236.0,1.2248,-0.001,0.0,-0.025,0.0026,0.0
2026-10-08T19:20:44Z,2026-10-08 19:20:10,SPXW,2026-10-08,C,7465.0,7753.0698,279.1,1.0,299.6,1.0,0.0,0.0,0.0,1.6146,0.999,0.0,-0.025,0.0027,0.0
2026-10-08T19:20:44Z,2026-10-08 19:20:10,SPXW,2026-10-08,P,7465.0,7753.0698,0.0,0.0,0.05,1487.0,0.05,128.0,2067.0,1.2053,-0.001,0.0,-0.025,0.0027,0.0
2026-10-08T19:20:44Z,2026-10-08 19:20:10,SPXW,2026-10-08,C,7470.0,7753.0698,276.1,1.0,294.6,1.0,221.17,0.0,50.0,1.8825,0.999,0.0,-0.025,0.0027,0.0
2026-10-08T19:20:44Z,2026-10-08 19:20:10,SPXW,2026-10-08,P,7470.0,7753.0698,0.0,0.0,0.05,615.0,0.03,246.0,453.0,1.1857,-0.001,0.0,-0.025,0.0027,0.0
2026-10-08T19:20:44Z,2026-10-08 19:20:10,SPXW,2026-10-08,C,7475.0,7753.0698,272.3,1.0,289.6,1.0,282.38,1.0,5.0,1.9666,0.999,0.0,-0.025,0.0028,0.0
2026-10-08T19:20:44Z,2026-10-08 19:20:10,SPXW,2026-10-08,P,7475.0,7753.0698,0.0,0.0,0.05,655.0,0.05,122.0,748.0,1.1661,-0.001,0.0,-0.025,0.0028,0.0
2026-10-08T19:20:44Z,2026-10-08 19:20:10,SPXW,2026-10-08,C,7480.0,7753.0698,266.9,1.0,284.9,1.0,292.27,8.0,59.0,1.9368,0.9989,0.0,-0.025,0.0028,0.0
2026-10-08T19:20:44Z,2026-10-08 19:20:10,SPXW,2026-10-08,P,7480.0,7753.0698,0.0,0.0,0.05,602.0,0.05,109.0,361.0,1.1465,-0.0011,0.0,-0.025,0.0028,0.0
2026-10-08T19:20:44Z,2026-10-08 19:20:10,SPXW,2026-10-08,C,7485.0,7753.0698,259.6,1.0,279.9,1.0,254.0,1.0,1.0,1.6678,0.9989,0.0,-0.025,0.0028,0.0
2026-10-08T19:20:44Z,2026-10-08 19:20:10,SPXW,2026-10-08,P,7485.0,7753.0698,0.0,0.0,0.05,635.0,0.05,353.0,3289.0,1.1269,-0.0011,0.0,-0.025,0.0028,0.0
2026-10-08T19:20:44Z,2026-10-08 19:20:10,SPXW,2026-10-08,C,7490.0,7753.0698,256.1,1.0,274.6,1.0,285.88,1.0,15.0,1.7686,0.9989,0.0,-0.025,0.0029,0.0
2026-10-08T19:20:44Z,2026-10-08 19:20:10,SPXW,2026-10-08,P,7490.0,7753.0698,0.0,0.0,0.05,677.0,0.03,352.0,252.0,1.1073,-0.0011,0.0,-0.025,0.0029,0.0
2026-10-08T19:20:44Z,2026-10-08 19:20:10,SPXW,2026-10-08,C,7495.0,7753.0698,251.9,1.0,269.9,1.0,0.0,0.0,0.0,1.8475,0.9989,0.0,-0.025,0.0029,0.0
2026-10-08T19:20:44Z,2026-10-08 19:20:10,SPXW,2026-10-08,P,7495.0,7753.0698,0.0,0.0,0.05,585.0,0.03,211.0,353.0,1.0876,-0.0011,0.0,-0.025,0.0029,0.0
2026-10-08T19:20:44Z,2026-10-08 19:20:10,SPXW,2026-10-08,C,7500.0,7753.0698,248.2,1.0,264.9,1.0,279.7,2.0,4.0,1.9135,0.9989,0.0,-0.025,0.003,0.0
2026-10-08T19:20:44Z,2026-10-08 19:20:10,SPXW,2026-10-08,P,7500.0,7753.0698,0.0,0.0,0.05,631.0,0.05,721.0,5563.0,1.068,-0.0011,0.0,-0.025,0.003,0.0
2026-10-08T19:20:44Z,2026-10-08 19:20:10,SPXW,2026-10-08,C,7505.0,7753.0698,240.7,1.0,259.6,1.0,0.0,0.0,0.0,1.642,0.9988,0.0,-0.025,0.003,0.0
2026-10-08T19:20:44Z,2026-10-08 19:20:10,SPXW,2026-10-08,P,7505.0,7753.0698,0.0,0.0,0.05,572.0,0.05,799.0,253.0,1.0483,-0.0012,0.0,-0.025,0.003,0.0
2026-10-08T19:20:44Z,2026-10-08 19:20:10,SPXW,2026-10-08,C,7510.0,7753.0698,236.1,1.0,254.6,1.0,251.23,7.0,46.0,1.654,0.9988,0.0,-0.025,0.0031,0.0
2026-10-08T19:20:44Z,2026-10-08 19:20:10,SPXW,2026-10-08,P,7510.0,7753.0698,0.0,0.0,0.05,572.0,0.05,450.0,3480.0,1.0286,-0.0012,0.0,-0.025,0.0031,0.0
2026-10-08T19:20:44Z,2026-10-08 19:20:10,SPXW,2026-10-08,C,7515.0,7753.0698,231.0,1.0,250.1,1.0,263.56,0.0,1.0,1.6618,0.9988,0.0,-0.025,0.0031,0.0
2026-10-08T19:20:44Z,2026-10-08 19:20:10,SPXW,2026-10-08,P,7515.0,7753.0698,0.0,0.0,0.05,603.0,0.05,616.0,466.0,1.0089,-0.0012,0.0,-0.025,0.0031,0.0
2026-10-08T19:20:44Z,2026-10-08 19:20:10,SPXW,2026-10-08,C,7520.0,7753.0698,225.7,1.0,244.9,1.0,232.96,10.0,9.0,1.5964,0.9988,0.0,-0.025,0.0032,0.0
2026-10-08T19:20:44Z,2026-10-08 19:20:10,SPXW,2026-10-08,P,7520.0,7753.0698,0.0,0.0,0.05,593.0,0.05,796.0,226.0,0.9892,-0.0012,0.0,-0.025,0.0032,0.0
2026-10-08T19:20:44Z,2026-10-08 19:20:10,SPXW,2026-10-08,C,7525.0,7753.0698,221.6,1.0,239.9,4.0,252.1,0.0,10.0,1.6362,0.9988,0.0,-0.025,0.0032,0.0
2026-10-08T19:20:44Z,2026-10-08 19:20:10,SPXW,2026-10-08,P,7525.0,7753.0698,0.0,0.0,0.05,639.0,0.05,643.0,3796.0,0.9695,-0.0012,0.0,-0.025,0.0032,0.0
2026-10-08T19:20:44Z,2026-10-08 19:20:10,SPXW,2026-10-08,C,7530.0,7753.0698,223.0,6.0,224.2,1.0,246.1,0.0,9.0,0.0,0.9988,0.0001,-0.025,0.0033,0.0
2026-10-08T19:20:44Z,2026-10-08 19:20:10,SPXW,2026-10-08,P,7530.0,7753.0698,0.0,0.0,0.05,643.0,0.03,2193.0,573.0,0.9498,-0.0012,0.0001,-0.025,0.0033,0.0
2026-10-08T19:20:44Z,2026-10-08 19:20:10,SPXW,2026-10-08,C,7535.0,7753.0698,211.0,1.0,229.9,4.0,288.85,0.0,7.0,1.5273,0.9987,0.0001,-0.025,0.0034,0.0
2026-10-08T19:20:44Z,2026-10-08 19:20:10,SPXW,2026-10-08,P,7535.0,7753.0698,0.0,0.0,0.05,642.0,0.05,385.0,1651.0,0.93,-0.0013,0.0001,-0.025,0.0034,0.0
2026-10-08T19:20:44Z,2026-10-08 19:20:10,SPXW,2026-10-08,C,7540.0,7753.0698,207.4,1.0,221.1,3.0,238.5,0.0,8.0,1.1971,0.9987,0.0001,-0.025,0.0034,0.0
2026-10-08T19:20:44Z,2026-10-08 19:20:10,SPXW,2026-10-08,P,7540.0,7753.0698,0.0,0.0,0.05,583.0,0.05,662.0,587.0,0.9102,-0.0013,0.0001,-0.025,0.0034,0.0
2026-10-08T19:20:44Z,2026-10-08 19:20:10,SPXW,2026-10-08,C,7545.0,7753.0698,202.9,1.0,215.4,1.0,240.73,1.0,20.0,1.1238,0.9987,0.0001,-0.025,0.0035,0.0
2026-10-08T19:20:44Z,2026-10-08 19:20:10,SPXW,2026-10-08,P,7545.0,7753.0698,0.0,0.0,0.05,674.0,0.03,619.0,282.0,0.8904,-0.0013,0.0001,-0.025,0.0035,0.0
2026-10-08T19:20:44Z,2026-10-08 19:20:10,SPXW,2026-10-08,C,7550.0,7753.0698,197.0,1.0,210.2,1.0,198.43,3.0,20.0,0.0,0.9986,0.0001,-0.025,0.0036,0.0
2026-10-08T19:20:44Z,2026-10-08 19:20:10,SPXW,2026-10-08,P,7550.0,7753.0698,0.0,0.0,0.05,647.0,0.03,552.0,2421.0,0.8706,-0.0014,0.0001,-0.025,0.0036,0.0
2026-10-08T19:20:44Z,2026-10-08 19:20:10,SPXW,2026-10-08,C,7555.0,7753.0698,195.2,19.0,202.6,19.0,188.93,0.0,5.0,0.0,0.9986,0.0001,-0.025,0.0036,0.0
2026-10-08T19:20:44Z,2026-10-08 19:20:10,SPXW,2026-10-08,P,7555.0,7753.0698,0.0,0.0,0.05,516.0,0.05,416.0,251.0,0.8508,-0.0014,0.0001,-0.025,0.0036,0.0
2026-10-08T19:20:44Z,2026-10-08 19:20:10,SPXW,2026-10-08,C,7560.0,7753.0698,190.1,19.0,197.6,19.0,193.8,2.0,35.0,0.0,0.9986,0.0001,-0.025,0.0037,0.0
2026-10-08T19:20:44Z,2026-10-08 19:20:10,SPXW,2026-10-08,P,7560.0,7753.0698,0.0,0.0,0.05,548.0,0.05,502.0,410.0,0.8309,-0.0014,0.0001,-0.025,0.0037,0.0
2026-10-08T19:20:44Z,2026-10-08 19:20:10,SPXW,2026-10-08,C,7565.0,7753.0698,185.1,19.0,192.6,19.0,181.59,2.0,7.0,0.0,0.9986,0.0001,-0.025,0.0038,0.0
2026-10-08T19:20:44Z,2026-10-08 19:20:10,SPXW,2026-10-08,P,7565.0,7753.0698,0.0,0.0,0.05,529.0,0.03,817.0,2080.0,0.811,-0.0014,0.0001,-0.025,0.0038,0.0
2026-10-08T19:20:44Z,2026-10-08 19:20:10,SPXW,2026-10-08,C,7570.0,7753.0698,180.2,19.0,187.6,19.0,186.8,3.0,26.0,0.0,0.9985,0.0001,-0.025,0.0039,0.0
2026-10-08T19:20:44Z,2026-10-08 19:20:10,SPXW,2026-10-08,P,7570.0,7753.0698,0.0,0.0,0.05,452.0,0.05,261.0,404.0,0.7911,-0.0015,0.0001,-0.025,0.0039,0.0
2026-10-08T19:20:44Z,2026-10-08 19:20:10,SPXW,2026-10-08,C,7575.0,7753.0698,175.1,19.0,182.6,19.0,203.78,1.0,10.0,0.0,0.9985,0.0001,-0.025,0.004,0.0
2026-10-08T19:20:44Z,2026-10-08 19:20:10,SPXW,2026-10-08,P,7575.0,7753.0698,0.0,0.0,0.05,439.0,0.04,756.0,1064.0,0.7712,-0.0015,0.0001,-0.025,0.004,0.0
2026-10-08T19:20:44Z,2026-10-08 19:20:10,SPXW,2026-10-08,C,7580.0,7753.0698,170.1,19.0,177.6,19.0,210.12,15.0,19.0,0.0,0.9984,0.0001,-0.025,0.0041,0.0
2026-10-08T19:20:44Z,2026-10-08 19:20:10,SPXW,2026-10-08,P,7580.0,7753.0698,0.0,0.0,0.05,493.0,0.05,584.0,1845.0,0.7512,-0.0016,0.0001,-0.025,0.0041,0.0
2026-10-08T19:20:44Z,2026-10-08 19:20:10,SPXW,2026-10-08,C,7585.0,7753.0698,165.1,19.0,172.6,19.0,191.73,8.0,25.0,0.0,0.9984,0.0001,-0.025,0.0042,0.0
2026-10-08T19:20:44Z,2026-10-08 19:20:10,SPXW,2026-10-08,P,7585.0,7753.0698,0.0,0.0,0.05,465.0,0.05,1305.0,3625.0,0.7312,-0.0016,0.0001,-0.025,0.0042,0.0
2026-10-08T19:20:44Z,2026-10-08 19:20:10,SPXW,2026-10-08,C,7590.0,7753.0698,160.1,19.0,167.6,19.0,192.06,1.0,20.0,0.0,0.9984,0.0001,-0.025,0.0043,0.0
2026-10-08T19:20:44Z,2026-10-08 19:20:10,SPXW,2026-10-08,P,7590.0,7753.0698,0.0,0.0,0.05,487.0,0.05,688.0,592.0,0.7112,-0.0016,0.0001,-0.025,0.0043,0.0
2026-10-08T19:20:44Z,2026-10-08 19:20:10,SPXW,2026-10-08,C,7595.0,7753.0698,155.1,19.0,162.6,19.0,136.63,0.0,14.0,0.0,0.9983,0.0001,-0.025,0.0044,0.0
2026-10-08T19:20:44Z,2026-10-08 19:20:10,SPXW,2026-10-08,P,7595.0,7753.0698,0.0,0.0,0.05,493.0,0.05,562.0,829.0,0.6912,-0.0017,0.0001,-0.025,0.0044,0.0
2026-10-08T19:20:44Z,2026-10-08 19:20:10,SPXW,2026-10-08,C,7600.0,7753.0698,150.1,19.0,157.6,19.0,158.52,76.0,85.0,0.0,0.9983,0.0001,-0.025,0.0045,0.0
2026-10-08T19:20:44Z,2026-10-08 19:20:10,SPXW,2026-10-08,P,7600.0,7753.0698,0.0,0.0,0.05,356.0,0.03,2741.0,5854.0,0.6711,-0.0017,0.0001,-0.025,0.0045,0.0
2026-10-08T19:20:44Z,2026-10-08 19:20:10,SPXW,2026-10-08,C,7605.0,7753.0698,145.1,19.0,152.6,19.0,142.78,6.0,24.0,0.0,0.9982,0.0001,-0.025,0.0046,0.0
2026-10-08T19:20:44Z,2026-10-08 19:20:10,SPXW,2026-10-08,P,7605.0,7753.0698,0.0,0.0,0.05,262.0,0.05,1342.0,725.0,0.651,-0.0018,0.0001,-0.025,0.0046,0.0
2026-10-08T19:20:44Z,2026-10-08 19:20:10,SPXW,2026-10-08,C,7610.0,7753.0698,140.1,19.0,147.6,19.0,142.52,23.0,96.0,0.0,0.9982,0.0001,-0.025,0.0048,0.0
2026-10-08T19:20:44Z,2026-10-08 19:20:10,SPXW,2026-10-08,P,7610.0,7753.0698,0.0,0.0,0.05,301.0,0.03,2383.0,3788.0,0.6308,-0.0018,0.0001,-0.025,0.0048,0.0
2026-10-08T19:20:44Z,2026-10-08 19:20:10,SPXW,2026-10-08,C,7615.0,7753.0698,135.1,19.0,142.6,19.0,165.85,1.0,28.0,0.0,0.9981,0.0001,-0.025,0.0049,0.0
2026-10-08T19:20:44Z,2026-10-08 19:20:10,SPXW,2026-10-08,P,7615.0,7753.0698,0.0,0.0,0.05,249.0,0.05,2072.0,1165.0,0.6106,-0.0019,0.0001,-0.025,0.0049,0.0
2026-10-08T19:20:44Z,2026-10-08 19:20:10,SPXW,2026-10-08,C,7620.0,7753.0698,130.0,19.0,137.6,19.0,124.22,14.0,93.0,0.0,0.9981,0.0001,-0.025,0.0051,0.0
2026-10-08T19:20:44Z,2026-10-08 19:20:10,SPXW,2026-10-08,P,7620.0,7753.0698,0.0,0.0,0.05,136.0,0.05,3893.0,792.0,0.5904,-0.0019,0.0001,-0.025,0.0051,0.0
2026-10-08T19:20:44Z,2026-10-08 19:20:10,SPXW,2026-10-08,C,7625.0,7753.0698,125.0,19.0,132.6,19.0,130.74,16.0,191.0,0.0,0.998,0.0001,-0.025,0.0052,0.0
2026-10-08T19:20:44Z,2026-10-08 19:20:10,SPXW,2026-10-08,P,7625.0,7753.0698,0.0,0.0,0.05,201.0,0.03,3563.0,3773.0,0.5701,-0.002,0.0001,-0.025,0.0052,0.0
2026-10-08T19:20:44Z,2026-10-08 19:20:10,SPXW,2026-10-08,C,7630.0,7753.0698,120.0,19.0,127.6,19.0,104.35,8.0,60.0,0.0,0.9979,0.0001,-0.025,0.0054,0.0
2026-10-08T19:20:44Z,2026-10-08 19:20:10,SPXW,2026-10-08,P,7630.0,7753.0698,0.0,0.0,0.05,146.0,0.03,4633.0,4828.0,0.5498,-0.0021,0.0001,-0.025,0.0054,0.0
2026-10-08T19:20:44Z,2026-10-08 19:20:10,SPXW,2026-10-08,C,7635.0,7753.0698,115.0,19.0,122.6,19.0,115.41,12.0,48.0,0.6399,0.9979,0.0002,-0.025,0.0056,0.0
2026-10-08T19:20:44Z,2026-10-08 19:20:10,SPXW,2026-10-08,P,7635.0,7753.0698,0.0,0.0,0.05,128.0,0.03,3765.0,3136.0,0.5294,-0.0021,0.0002,-0.025,0.0056,0.0
2026-10-08T19:20:44Z,2026-10-08 19:20:10,SPXW,2026-10-08,C,7640.0,7753.0698,110.0,19.0,117.6,19.0,116.83,14.0,86.0,0.616,0.9978,0.0002,-0.025,0.0058,0.0
2026-10-08T19:20:44Z,2026-10-08 19:20:10,SPXW,2026-10-08,P,7640.0,7753.0698,0.0,0.0,0.05,128.0,0.05,4608.0,4624.0,0.509,-0.0022,0.0002,-0.025,0.0058,0.0
2026-10-08T19:20:44Z,2026-10-08 19:20:10,SPXW,2026-10-08,C,7645.0,7753.0698,105.3,19.0,112.6,19.0,92.14,2.0,39.0,0.6496,0.9977,0.0002,-0.025,0.006,0.0
2026-10-08T19:20:44Z,2026-10-08 19:20:10,SPXW,2026-10-08,P,7645.0,7753.0698,0.0,0.0,0.05,78.0,0.03,4458.0,601.0,0.4885,-0.0023,0.0002,-0.025,0.006,0.0
2026-10-08T19:20:44Z,2026-10-08 19:20:10,SPXW,2026-10-08,C,7650.0,7753.0698,103.0,6.0,104.2,4.0,107.0,49.0,95.0,0.5008,0.9976,0.0002,-0.025,0.0062,0.0
2026-10-08T19:20:44Z,2026-10-08 19:20:10,SPXW,2026-10-08,P,7650.0,7753.0698,0.0,0.0,0.05,26.0,0.03,4801.0,3163.0,0.468,-0.0024,0.0002,-0.025,0.0062,0.0
2026-10-08T19:20:44Z,2026-10-08 19:20:10,SPXW,2026-10-08,C,7655.0,7753.0698,98.2,4.0,99.1,4.0,94.2,11.0,58.0,0.5439,0.994,0.0004,-0.075,0.0142,0.0
2026-10-08T19:20:44Z,2026-10-08 19:20:10,SPXW,2026-10-08,P,7655.0,7753.0698,0.05,10.0,0.1,609.0,0.05,5045.0,999.0,0.5008,-0.006,0.0004,-0.075,0.0142,0.0
2026-10-08T19:20:44Z,2026-10-08 19:20:10,SPXW,2026-10-08,C,7660.0,7753.0698,93.2,4.0,94.1,4.0,92.7,75.0,87.0,0.5197,0.9954,0.0004,-0.05,0.0111,0.0
2026-10-08T19:20:44Z,2026-10-08 19:20:10,SPXW,2026-10-08,P,7660.0,7753.0698,0.0,0.0,0.1,649.0,0.05,5500.0,1049.0,0.4569,-0.0046,0.0004,-0.05,0.0111,0.0
2026-10-08T19:20:44Z,2026-10-08 19:20:10,SPXW,2026-10-08,C,7665.0,7753.0698,88.2,4.0,89.1,4.0,93.52,11.0,114.0,0.4954,0.9934,0.0005,-0.075,0.0154,0.0
2026-10-08T19:20:44Z,2026-10-08 19:20:10,SPXW,2026-10-08,P,7665.0,7753.0698,0.05,18.0,0.1,681.0,0.05,5112.0,2133.0,0.455,-0.0066,0.0005,-0.075,0.0154,0.0
2026-10-08T19:20:44Z,2026-10-08 19:20:10,SPXW,2026-10-08,C,7670.0,7753.0698,83.3,4.0,84.1,4.0,88.27,84.0,211.0,0.4709,0.9931,0.0006,-0.075,0.0161,0.0
2026-10-08T19:20:44Z,2026-10-08 19:20:10,SPXW,2026-10-08,P,7670.0,7753.0698,0.05,68.0,0.1,665.0,0.05,9273.0,2001.0,0.4321,-0.0069,0.0006,-0.075,0.0161,0.0
2026-10-08T19:20:44Z,2026-10-08 19:20:10,SPXW,2026-10-08,C,7675.0,7753.0698,78.3,4.0,79.1,4.0,80.72,110.0,707.0,0.4642,0.9928,0.0006,-0.075,0.0169,0.0
2026-10-08T19:20:44Z,2026-10-08 19:20:10,SPXW,2026-10-08,P,7675.0,7753.0698,0.05,169.0,0.1,795.0,0.07,8183.0,2226.0,0.4092,-0.0072,0.0006,-0.075,0.0169,0.0
2026-10-08T19:20:44Z,2026-10-08 19:20:10,SPXW,2026-10-08,C,7680.0,7753.0698,73.3,4.0,74.2,4.0,77.0,63.0,187.0,0.4387,0.9924,0.0007,-0.075,0.0177,0.0
2026-10-08T19:20:44Z,2026-10-08 19:20:10,SPXW,2026-10-08,P,7680.0,7753.0698,0.05,312.0,0.1,772.0,0.05,11295.0,3207.0,0.3861,-0.0076,0.0007,-0.075,0.0177,0.0
2026-10-08T19:20:44Z,2026-10-08 19:20:10,SPXW,2026-10-08,C,7685.0,7753.0698,68.3,4.0,69.2,4.0,72.67,35.0,45.0,0.413,0.9919,0.0008,-0.075,0.0187,0.0
2026-10-08T19:20:44Z,2026-10-08 19:20:10,SPXW,2026-10-08,P,7685.0,7753.0698,0.05,748.0,0.1,828.0,0.05,10437.0,1559.0,0.3629,-0.0081,0.0008,-0.075,0.0187,0.0
2026-10-08T19:20:44Z,2026-10-08 19:20:10,SPXW,2026-10-08,C,7690.0,7753.0698,63.4,4.0,64.2,4.0,66.38,89.0,174.0,0.3871,0.9914,0.0009,-0.075,0.0198,0.0
2026-10-08T19:20:44Z,2026-10-08 19:20:10,SPXW,2026-10-08,P,7690.0,7753.0698,0.05,928.0,0.1,397.0,0.05,18605.0,1412.0,0.3396,-0.0086,0.0009,-0.075,0.0198,0.0
2026-10-08T19:20:44Z,2026-10-08 19:20:10,SPXW,2026-10-08,C,7695.0,7753.0698,58.3,4.0,59.1,4.0,63.6,151.0,86.0,0.361,0.9909,0.001,-0.075,0.021,0.0
2026-10-08T19:20:44Z,2026-10-08 19:20:10,SPXW,2026-10-08,P,7695.0,7753.0698,0.05,927.0,0.1,227.0,0.1,14671.0,1273.0,0.316,-0.0091,0.001,-0.075,0.0211,0.0
2026-10-08T19:20:44Z,2026-10-08 19:20:10,SPXW,2026-10-08,C,7700.0,7753.0698,53.3,4.0,54.2,4.0,54.9,728.0,1141.0,0.3347,0.9855,0.0015,-0.125,0.0312,0.0
2026-10-08T19:20:44Z,2026-10-08 19:20:10,SPXW,2026-10-08,P,7700.0,7753.0698,0.1,14.0,0.15,666.0,0.12,46591.0,5614.0,0.3127,-0.0145,0.0015,-0.125,0.0313,0.0
2026-10-08T19:20:44Z,2026-10-08 19:20:10,SPXW,2026-10-08,C,7705.0,7753.0698,48.7,4.0,49.1,17.0,50.26,485.0,2300.0,0.2787,0.9844,0.0017,-0.125,0.0335,0.0
2026-10-08T19:20:44Z,2026-10-08 19:20:10,SPXW,2026-10-08,P,7705.0,7753.0698,0.1,266.0,0.15,558.0,0.12,28337.0,3283.0,0.2875,-0.0156,0.0017,-0.125,0.0335,0.0
2026-10-08T19:20:44Z,2026-10-08 19:20:10,SPXW,2026-10-08,C,7710.0,7753.0698,43.7,1.0,44.0,20.0,44.1,782.0,297.0,0.2691,0.983,0.002,-0.125,0.0361,0.0
2026-10-08T19:20:44Z,2026-10-08 19:20:10,SPXW,2026-10-08,P,7710.0,7753.0698,0.1,813.0,0.15,168.0,0.12,40375.0,1855.0,0.262,-0.017,0.002,-0.125,0.0361,0.0
2026-10-08T19:20:44Z,2026-10-08 19:20:10,SPXW,2026-10-08,C,7715.0,7753.0698,38.7,4.0,39.1,18.0,42.0,1160.0,829.0,0.254,0.9761,0.0028,-0.175,0.048,0.0
2026-10-08T19:20:44Z,2026-10-08 19:20:10,SPXW,2026-10-08,P,7715.0,7753.0698,0.15,137.0,0.2,549.0,0.17,49983.0,1581.0,0.2488,-0.0238,0.0028,-0.175,0.048,0.0
2026-10-08T19:20:44Z,2026-10-08 19:20:10,SPXW,2026-10-08,C,7720.0,7753.0698,33.7,21.0,34.1,24.0,34.2,2600.0,953.0,0.2264,0.9708,0.0037,-0.2,0.0567,0.0
2026-10-08T19:20:44Z,2026-10-08 19:20:10,SPXW,2026-10-08,P,7720.0,7753.0698,0.2,14.0,0.25,533.0,0.22,80416.0,8252.0,0.2265,-0.0292,0.0037,-0.2,0.0567,0.0
2026-10-08T19:20:44Z,2026-10-08 19:20:10,SPXW,2026-10-08,C,7725.0,7753.0698,28.8,22.0,29.2,24.0,28.87,2227.0,1233.0,0.2136,0.959,0.0053,-0.275,0.0746,0.0
2026-10-08T19:20:44Z,2026-10-08 19:20:10,SPXW,2026-10-08,P,7725.0,7753.0698,0.25,548.0,0.3,169.0,0.27,82679.0,2097.0,0.2103,-0.0409,0.0052,-0.275,0.0746,0.0
2026-10-08T19:20:44Z,2026-10-08 19:20:10,SPXW,2026-10-08,C,7730.0,7753.0698,23.9,11.0,24.3,25.0,24.22,5900.0,2284.0,0.1946,0.9397,0.0078,-0.4,0.1006,0.0
2026-10-08T19:20:44Z,2026-10-08 19:20:10,SPXW,2026-10-08,P,7730.0,7753.0698,0.4,80.0,0.45,358.0,0.4,88277.0,2331.0,0.1947,-0.0603,0.0078,-0.4,0.1006,0.0
2026-10-08T19:20:44Z,2026-10-08 19:20:10,SPXW,2026-10-08,C,7735.0,7753.0698,19.3,10.0,19.6,32.0,19.3,7656.0,206.0,0.1828,0.9043,0.0117,-0.65,0.141,0.0
2026-10-08T19:20:44Z,2026-10-08 19:20:10,SPXW,2026-10-08,P,7735.0,7753.0698,0.65,13.0,0.7,266.0,0.68,84953.0,1318.0,0.1828,-0.0957,0.0117,-0.65,0.141,0.0
2026-10-08T19:20:44Z,2026-10-08 19:20:10,SPXW,2026-10-08,C,7740.0,7753.0698,14.7,2.0,14.9,23.0,14.8,17941.0,571.0,0.1724,0.844,0.0174,-1.1246,0.1953,0.0
2026-10-08T19:20:44Z,2026-10-08 19:20:10,SPXW,2026-10-08,P,7740.0,7753.0698,1.1,200.0,1.15,5.0,1.1,103210.0,1357.0,0.1738,-0.156,0.0174,-1.1246,0.1953,0.0
2026-10-08T19:20:44Z,2026-10-08 19:20:10,SPXW,2026-10-08,C,7745.0,7753.0698,10.6,33.0,10.8,17.0,10.5,25131.0,271.0,0.1638,0.7515,0.0241,-1.946,0.2548,0.0
2026-10-08T19:20:44Z,2026-10-08 19:20:10,SPXW,2026-10-08,P,7745.0,7753.0698,1.95,106.0,2.0,29.0,1.96,112218.0,2708.0,0.1658,-0.2485,0.0241,-1.946,0.2548,0.0
2026-10-08T19:20:44Z,2026-10-08 19:20:10,SPXW,2026-10-08,C,7750.0,7753.0698,7.1,1.0,7.2,63.0,7.0,49758.0,1537.0,0.16,0.6211,0.03,-3.3499,0.3027,0.0
2026-10-08T19:20:44Z,2026-10-08 19:20:10,SPXW,2026-10-08,P,7750.0,7753.0698,3.3,178.0,3.4,1.0,3.4,161276.0,4587.0,0.16,-0.3789,0.03,-3.3499,0.3027,0.0
2026-10-08T19:20:44Z,2026-10-08 19:20:10,SPXW,2026-10-08,C,7755.0,7753.0698,4.2,1.0,4.3,155.0,4.2,56004.0,555.0,0.1542,0.4645,0.0325,-4.3501,0.3153,0.0
2026-10-08T19:20:44Z,2026-10-08 19:20:10,SPXW,2026-10-08,P,7755.0,7753.0698,5.5,75.0,5.6,30.0,5.6,97699.0,1145.0,0.1542,-0.5355,0.0325,-4.3501,0.3153,0.0
2026-10-08T19:20:44Z,2026-10-08 19:20:10,SPXW,2026-10-08,C,7760.0,7753.0698,2.25,134.0,2.35,105.0,2.35,86647.0,549.0,0.1524,0.3072,0.0291,-2.3761,0.2811,0.0
2026-10-08T19:20:44Z,2026-10-08 19:20:10,SPXW,2026-10-08,P,7760.0,7753.0698,8.5,25.0,8.6,1.0,8.7,113246.0,1967.0,0.1533,-0.6928,0.0291,-2.3761,0.2811,0.0
2026-10-08T19:20:44Z,2026-10-08 19:20:10,SPXW,2026-10-08,C,7765.0,7753.0698,1.1,67.0,1.15,164.0,1.1,77126.0,214.0,0.1524,0.1795,0.0217,-1.1755,0.2135,0.0
2026-10-08T19:20:44Z,2026-10-08 19:20:10,SPXW,2026-10-08,P,7765.0,7753.0698,12.3,30.0,12.6,13.0,12.5,77431.0,1732.0,0.1536,-0.8204,0.0217,-1.1755,0.2135,0.0
2026-10-08T19:20:44Z,2026-10-08 19:20:10,SPXW,2026-10-08,C,7770.0,7753.0698,0.5,289.0,0.55,205.0,0.52,98909.0,605.0,0.1551,0.0956,0.0138,-0.55,0.142,0.0
2026-10-08T19:20:44Z,2026-10-08 19:20:10,SPXW,2026-10-08,P,7770.0,7753.0698,16.7,2.0,16.9,10.0,16.8,102919.0,3450.0,0.1551,-0.9044,0.0138,-0.55,0.142,0.0
2026-10-08T19:20:44Z,2026-10-08 19:20:10,SPXW,2026-10-08,C,7775.0,7753.0698,0.2,1179.0,0.3,415.0,0.26,103448.0,1710.0,0.1626,0.0512,0.0081,-0.275,0.0901,0.0
2026-10-08T19:20:44Z,2026-10-08 19:20:10,SPXW,2026-10-08,P,7775.0,7753.0698,21.4,20.0,21.7,1.0,21.4,73287.0,1752.0,0.1656,-0.9488,0.0081,-0.275,0.0901,0.0
2026-10-08T19:20:44Z,2026-10-08 19:20:10,SPXW,2026-10-08,C,7780.0,7753.0698,0.15,9.0,0.2,806.0,0.15,119762.0,739.0,0.1775,0.0321,0.0051,-0.175,0.0625,0.0
2026-10-08T19:20:44Z,2026-10-08 19:20:10,SPXW,2026-10-08,P,7780.0,7753.0698,26.3,21.0,26.7,4.0,26.69,64546.0,2693.0,0.173,-0.9679,0.0051,-0.175,0.0625,0.0
2026-10-08T19:20:44Z,2026-10-08 19:20:10,SPXW,2026-10-08,C,7785.0,7753.0698,0.1,30.0,0.15,768.0,0.1,111634.0,708.0,0.1945,0.0221,0.0034,-0.125,0.046,0.0
2026-10-08T19:20:44Z,2026-10-08 19:20:10,SPXW,2026-10-08,P,7785.0,7753.0698,31.2,17.0,31.6,4.0,31.5,38555.0,763.0,0.1881,-0.9779,0.0034,-0.125,0.046,0.0
2026-10-08T19:20:44Z,2026-10-08 19:20:10,SPXW,2026-10-08,C,7790.0,7753.0698,0.05,1351.0,0.1,310.0,0.07,112896.0,871.0,0.2052,0.0134,0.0021,-0.075,0.0304,0.0
2026-10-08T19:20:44Z,2026-10-08 19:20:10,SPXW,2026-10-08,P,7790.0,7753.0698,36.2,20.0,36.6,4.0,36.8,29410.0,1184.0,0.2136,-0.9866,0.0021,-0.075,0.0304,0.0
2026-10-08T19:20:44Z,2026-10-08 19:20:10,SPXW,2026-10-08,C,7795.0,7753.0698,0.05,1070.0,0.1,1099.0,0.1,71981.0,944.0,0.2295,0.0122,0.0017,-0.075,0.0276,0.0
2026-10-08T19:20:44Z,2026-10-08 19:20:10,SPXW,2026-10-08,P,7795.0,7753.0698,41.0,5.0,41.8,4.0,38.38,11416.0,886.0,0.1401,-0.9878,0.0017,-0.075,0.0276,0.0
2026-10-08T19:20:44Z,2026-10-08 19:20:10,SPXW,2026-10-08,C,7800.0,7753.0698,0.05,784.0,0.1,983.0,0.07,136343.0,2931.0,0.2535,0.0111,0.0015,-0.075,0.0254,0.0
2026-10-08T19:20:44Z,2026-10-08 19:20:10,SPXW,2026-10-08,P,7800.0,7753.0698,46.0,5.0,46.8,4.0,45.25,14378.0,3059.0,0.156,-0.9889,0.0015,-0.075,0.0254,0.0
2026-10-08T19:20:44Z,2026-10-08 19:20:10,SPXW,2026-10-08,C,7805.0,7753.0698,0.05,437.0,0.1,810.0,0.1,65559.0,1244.0,0.2772,0.0103,0.0012,-0.075,0.0236,0.0
2026-10-08T19:20:44Z,2026-10-08 19:20:10,SPXW,2026-10-08,P,7805.0,7753.0698,51.0,8.0,51.8,4.0,47.0,3797.0,595.0,0.1719,-0.9897,0.0012,-0.075,0.0236,0.0
2026-10-08T19:20:44Z,2026-10-08 19:20:10,SPXW,2026-10-08,C,7810.0,7753.0698,0.05,322.0,0.1,679.0,0.08,74918.0,1570.0,0.3007,0.0096,0.0011,-0.075,0.022,0.0
2026-10-08T19:20:44Z,2026-10-08 19:20:10,SPXW,2026-10-08,P,7810.0,7753.0698,56.0,8.0,56.8,4.0,51.31,2241.0,570.0,0.1876,-0.9904,0.0011,-0.075,0.022,0.0
2026-10-08T19:20:44Z,2026-10-08 19:20:10,SPXW,2026-10-08,C,7815.0,7753.0698,0.05,216.0,0.1,775.0,0.05,40275.0,1163.0,0.324,0.009,0.0009,-0.075,0.0206,0.0
2026-10-08T19:20:44Z,2026-10-08 19:20:10,SPXW,2026-10-08,P,7815.0,7753.0698,61.0,8.0,61.8,4.0,59.47,1138.0,210.0,0.2033,-0.991,0.0009,-0.075,0.0206,0.0
2026-10-08T19:20:44Z,2026-10-08 19:20:10,SPXW,2026-10-08,C,7820.0,7753.0698,0.05,141.0,0.1,752.0,0.05,44431.0,1755.0,0.3471,0.0084,0.0008,-0.075,0.0194,0.0
2026-10-08T19:20:44Z,2026-10-08 19:20:10,SPXW,2026-10-08,P,7820.0,7753.0698,66.0,8.0,66.8,4.0,61.38,1632.0,786.0,0.2189,-0.9916,0.0008,-0.075,0.0194,0.0
2026-10-08T19:20:44Z,2026-10-08 19:20:10,SPXW,2026-10-08,C,7825.0,7753.0698,0.05,40.0,0.1,827.0,0.05,36163.0,4158.0,0.37,0.008,0.0007,-0.075,0.0184,0.0
2026-10-08T19:20:44Z,2026-10-08 19:20:10,SPXW,2026-10-08,P,7825.0,7753.0698,71.0,8.0,71.8,4.0,69.84,382.0,483.0,0.0,-0.992,0.0007,-0.075,0.0184,0.0
2026-10-08T19:20:44Z,2026-10-08 19:20:10,SPXW,2026-10-08,C,7830.0,7753.0698,0.05,11.0,0.1,772.0,0.05,28703.0,4383.0,0.3927,0.0075,0.0007,-0.075,0.0175,0.0
2026-10-08T19:20:44Z,2026-10-08 19:20:10,SPXW,2026-10-08,P,7830.0,7753.0698,76.0,8.0,76.8,4.0,73.25,819.0,541.0,0.0,-0.9925,0.0007,-0.075,0.0175,0.0
2026-10-08T19:20:44Z,2026-10-08 19:20:10,SPXW,2026-10-08,C,7835.0,7753.0698,0.05,11.0,0.1,711.0,0.1,30985.0,2218.0,0.4152,0.0072,0.0006,-0.075,0.0167,0.0
2026-10-08T19:20:44Z,2026-10-08 19:20:10,SPXW,2026-10-08,P,7835.0,7753.0698,81.0,8.0,81.8,4.0,78.4,381.0,288.0,0.0,-0.9928,0.0006,-0.075,0.0167,0.0
2026-10-08T19:20:44Z,2026-10-08 19:20:10,SPXW,2026-10-08,C,7840.0,7753.0698,0.05,52.0,0.1,743.0,0.05,27357.0,3299.0,0.4377,0.0068,0.0006,-0.075,0.016,0.0
2026-10-08T19:20:44Z,2026-10-08 19:20:10,SPXW,2026-10-08,P,7840.0,7753.0698,86.0,8.0,86.8,4.0,86.5,182.0,270.0,0.0,-0.9932,0.0006,-0.075,0.016,0.0
2026-10-08T19:20:44Z,2026-10-08 19:20:10,SPXW,2026-10-08,C,7845.0,7753.0698,0.0,0.0,0.05,25.0,0.03,10351.0,1585.0,0.4102,0.0027,0.0003,-0.025,0.007,0.0
2026-10-08T19:20:44Z,2026-10-08 19:20:10,SPXW,2026-10-08,P,7845.0,7753.0698,90.9,8.0,91.8,8.0,91.5,106.0,78.0,0.0,-0.9973,0.0003,-0.025,0.007,0.0
2026-10-08T19:20:44Z,2026-10-08 19:20:10,SPXW,2026-10-08,C,7850.0,7753.0698,0.0,0.0,0.05,24.0,0.05,13493.0,5524.0,0.4304,0.0026,0.0002,-0.025,0.0067,0.0
2026-10-08T19:20:44Z,2026-10-08 19:20:10,SPXW,2026-10-08,P,7850.0,7753.0698,95.9,8.0,96.8,8.0,93.17,449.0,1342.0,0.0,-0.9974,0.0002,-0.025,0.0067,0.0
2026-10-08T19:20:44Z,2026-10-08 19:20:10,SPXW,2026-10-08,C,7855.0,7753.0698,0.0,0.0,0.05,72.0,0.03,6376.0,1836.0,0.4505,0.0025,0.0002,-0.025,0.0065,0.0
2026-10-08T19:20:44Z,2026-10-08 19:20:10,SPXW,2026-10-08,P,7855.0,7753.0698,100.9,4.0,102.0,5.0,95.02,25.0,135.0,0.4828,-0.9975,0.0002,-0.025,0.0065,0.0
2026-10-08T19:20:44Z,2026-10-08 19:20:10,SPXW,2026-10-08,C,7860.0,7753.0698,0.0,0.0,0.05,78.0,0.03,9127.0,2369.0,0.4705,0.0024,0.0002,-0.025,0.0062,0.0
2026-10-08T19:20:44Z,2026-10-08 19:20:10,SPXW,2026-10-08,P,7860.0,7753.0698,105.9,4.0,107.0,5.0,102.63,46.0,76.0,0.504,-0.9976,0.0002,-0.025,0.0062,0.0
2026-10-08T19:20:44Z,2026-10-08 19:20:10,SPXW,2026-10-08,C,7865.0,7753.0698,0.0,0.0,0.05,359.0,0.03,4882.0,2952.0,0.4904,0.0023,0.0002,-0.025,0.006,0.0
2026-10-08T19:20:44Z,2026-10-08 19:20:10,SPXW,2026-10-08,P,7865.0,7753.0698,110.9,4.0,112.0,5.0,94.45,14.0,45.0,0.525,-0.9977,0.0002,-0.025,0.006,0.0
2026-10-08T19:20:44Z,2026-10-08 19:20:10,SPXW,2026-10-08,C,7870.0,7753.0698,0.0,0.0,0.05,398.0,0.05,4677.0,2713.0,0.5103,0.0022,0.0002,-0.025,0.0058,0.0
2026-10-08T19:20:44Z,2026-10-08 19:20:10,SPXW,2026-10-08,P,7870.0,7753.0698,115.9,4.0,117.0,5.0,115.8,45.0,46.0,0.546,-0.9978,0.0002,-0.025,0.0058,0.0
2026-10-08T19:20:44Z,2026-10-08 19:20:10,SPXW,2026-10-08,C,7875.0,7753.0698,0.0,0.0,0.05,286.0,0.05,3452.0,1977.0,0.53,0.0021,0.0002,-0.025,0.0056,0.0
2026-10-08T19:20:44Z,2026-10-08 19:20:10,SPXW,2026-10-08,P,7875.0,7753.0698,120.9,4.0,122.0,5.0,119.88,31.0,45.0,0.5669,-0.9979,0.0002,-0.025,0.0056,0.0
2026-10-08T19:20:44Z,2026-10-08 19:20:10,SPXW,2026-10-08,C,7880.0,7753.0698,0.0,0.0,0.05,373.0,0.03,4835.0,2986.0,0.5497,0.0021,0.0001,-0.025,0.0054,0.0
2026-10-08T19:20:44Z,2026-10-08 19:20:10,SPXW,2026-10-08,P,7880.0,7753.0698,125.9,4.0,127.0,6.0,122.37,13.0,20.0,0.5877,-0.9979,0.0001,-0.025,0.0054,0.0
2026-10-08T19:20:44Z,2026-10-08 19:20:10,SPXW,2026-10-08,C,7885.0,7753.0698,0.0,0.0,0.05,458.0,0.05,6019.0,1459.0,0.5693,0.002,0.0001,-0.025,0.0052,0.0
2026-10-08T19:20:44Z,2026-10-08 19:20:10,SPXW,2026-10-08,P,7885.0,7753.0698,130.9,4.0,132.0,6.0,127.1,6.0,10.0,0.6084,-0.998,0.0001,-0.025,0.0052,0.0
2026-10-08T19:20:44Z,2026-10-08 19:20:10,SPXW,2026-10-08,C,7890.0,7753.0698,0.0,0.0,0.05,475.0,0.05,5814.0,1868.0,0.5889,0.0019,0.0001,-0.025,0.0051,0.0
2026-10-08T19:20:44Z,2026-10-08 19:20:10,SPXW,2026-10-08,P,7890.0,7753.0698,135.9,4.0,137.0,6.0,146.82,4.0,31.0,0.6291,-0.9981,0.0001,-0.025,0.0051,0.0
2026-10-08T19:20:44Z,2026-10-08 19:20:10,SPXW,2026-10-08,C,7895.0,7753.0698,0.0,0.0,0.05,508.0,0.05,5559.0,1145.0,0.6083,0.0019,0.0001,-0.025,0.0049,0.0
2026-10-08T19:20:44Z,2026-10-08 19:20:10,SPXW,2026-10-08,P,7895.0,7753.0698,140.9,4.0,141.9,4.0,140.0,9.0,27.0,0.6497,-0.9981,0.0001,-0.025,0.0049,0.0
2026-10-08T19:20:44Z,2026-10-08 19:20:10,SPXW,2026-10-08,C,7900.0,7753.0698,0.0,0.0,0.05,472.0,0.05,7121.0,2423.0,0.6278,0.0018,0.0001,-0.025,0.0048,0.0
2026-10-08T19:20:44Z,2026-10-08 19:20:10,SPXW,2026-10-08,P,7900.0,7753.0698,145.9,4.0,146.9,4.0,142.37,62.0,31.0,0.6702,-0.9982,0.0001,-0.025,0.0048,0.0
2026-10-08T19:20:44Z,2026-10-08 19:20:10,SPXW,2026-10-08,C,7905.0,7753.0698,0.0,0.0,0.05,454.0,0.05,1790.0,1012.0,0.6471,0.0018,0.0001,-0.025,0.0047,0.0
2026-10-08T19:20:44Z,2026-10-08 19:20:10,SPXW,2026-10-08,P,7905.0,7753.0698,150.9,4.0,151.9,4.0,150.62,6.0,6.0,0.6906,-0.9982,0.0001,-0.025,0.0047,0.0
2026-10-08T19:20:44Z,2026-10-08 19:20:10,SPXW,2026-10-08,C,7910.0,7753.0698,0.0,0.0,0.05,594.0,0.05,1652.0,1624.0,0.6664,0.0017,0.0001,-0.025,0.0046,0.0
2026-10-08T19:20:44Z,2026-10-08 19:20:10,SPXW,2026-10-08,P,7910.0,7753.0698,155.9,4.0,156.9,4.0,125.54,5.0,18.0,0.7109,-0.9983,0.0001,-0.025,0.0046,0.0
2026-10-08T19:20:44Z,2026-10-08 19:20:10,SPXW,2026-10-08,C,7915.0,7753.0698,0.0,0.0,0.05,549.0,0.05,1261.0,5313.0,0.6856,0.0017,0.0001,-0.025,0.0044,0.0
2026-10-08T19:20:44Z,2026-10-08 19:20:10,SPXW,2026-10-08,P,7915.0,7753.0698,160.9,4.0,161.9,4.0,122.14,0.0,3.0,0.7312,-0.9983,0.0001,-0.025,0.0044,0.0
2026-10-08T19:20:44Z,2026-10-08 19:20:10,SPXW,2026-10-08,C,7920.0,7753.0698,0.0,0.0,0.05,683.0,0.05,1441.0,1529.0,0.7048,0.0016,0.0001,-0.025,0.0043,0.0
2026-10-08T19:20:44Z,2026-10-08 19:20:10,SPXW,2026-10-08,P,7920.0,7753.0698,165.9,4.0,166.9,4.0,148.57,4.0,4.0,0.7514,-0.9984,0.0001,-0.025,0.0043,0.0
2026-10-08T19:20:44Z,2026-10-08 19:20:10,SPXW,2026-10-08,C,7925.0,7753.0698,0.0,0.0,0.05,638.0,0.05,1541.0,1898.0,0.7239,0.0016,0.0001,-0.025,0.0042,0.0
2026-10-08T19:20:44Z,2026-10-08 19:20:10,SPXW,2026-10-08,P,7925.0,7753.0698,170.9,4.0,171.9,4.0,140.52,1.0,452.0,0.7716,-0.9984,0.0001,-0.025,0.0042,0.0
2026-10-08T19:20:44Z,2026-10-08 19:20:10,SPXW,2026-10-08,C,7930.0,7753.0698,0.0,0.0,0.05,635.0,0.05,2067.0,1103.0,0.7429,0.0016,0.0001,-0.025,0.0041,0.0
2026-10-08T19:20:44Z,2026-10-08 19:20:10,SPXW,2026-10-08,P,7930.0,7753.0698,175.9,4.0,176.9,4.0,158.57,3.0,3.0,0.7917,-0.9984,0.0001,-0.025,0.0041,0.0
2026-10-08T19:20:44Z,2026-10-08 19:20:10,SPXW,2026-10-08,C,7935.0,7753.0698,0.0,0.0,0.05,470.0,0.03,2732.0,1003.0,0.762,0.0015,0.0001,-0.025,0.004,0.0
2026-10-08T19:20:44Z,2026-10-08 19:20:10,SPXW,2026-10-08,P,7935.0,7753.0698,180.9,4.0,181.9,4.0,155.55,1.0,1.0,0.8118,-0.9985,0.0001,-0.025,0.004,0.0
2026-10-08T19:20:44Z,2026-10-08 19:20:10,SPXW,2026-10-08,C,7940.0,7753.0698,0.0,0.0,0.05,530.0,0.03,1655.0,1251.0,0.7809,0.0015,0.0001,-0.025,0.004,0.0
2026-10-08T19:20:44Z,2026-10-08 19:20:10,SPXW,2026-10-08,P,7940.0,7753.0698,185.9,4.0,186.9,4.0,251.05,0.0,2.0,0.8317,-0.9985,0.0001,-0.025,0.004,0.0
2026-10-08T19:20:44Z,2026-10-08 19:20:10,SPXW,2026-10-08,C,7945.0,7753.0698,0.0,0.0,0.05,489.0,0.05,1452.0,460.0,0.7998,0.0015,0.0001,-0.025,0.0039,0.0
2026-10-08T19:20:44Z,2026-10-08 19:20:10,SPXW,2026-10-08,P,7945.0,7753.0698,190.9,4.0,191.9,4.0,0.0,0.0,0.0,0.8517,-0.9985,0.0001,-0.025,0.0039,0.0
2026-10-08T19:20:44Z,2026-10-08 19:20:10,SPXW,2026-10-08,C,7950.0,7753.0698,0.0,0.0,0.05,509.0,0.05,2207.0,2252.0,0.8187,0.0014,0.0001,-0.025,0.0038,0.0
2026-10-08T19:20:44Z,2026-10-08 19:20:10,SPXW,2026-10-08,P,7950.0,7753.0698,195.9,4.0,196.9,4.0,178.44,5.0,6.0,0.8715,-0.9986,0.0001,-0.025,0.0038,0.0
2026-10-08T19:20:44Z,2026-10-08 19:20:10,SPXW,2026-10-08,C,7955.0,7753.0698,0.0,0.0,0.05,558.0,0.05,1635.0,1631.0,0.8375,0.0014,0.0001,-0.025,0.0037,0.0
2026-10-08T19:20:44Z,2026-10-08 19:20:10,SPXW,2026-10-08,P,7955.0,7753.0698,200.9,4.0,201.9,4.0,0.0,0.0,0.0,0.8914,-0.9986,0.0001,-0.025,0.0037,0.0
2026-10-08T19:20:44Z,2026-10-08 19:20:10,SPXW,2026-10-08,C,7960.0,7753.0698,0.0,0.0,0.05,607.0,0.05,1441.0,643.0,0.8563,0.0014,0.0001,-0.025,0.0036,0.0
2026-10-08T19:20:44Z,2026-10-08 19:20:10,SPXW,2026-10-08,P,7960.0,7753.0698,205.7,6.0,207.1,6.0,187.45,7.0,7.0,0.0,-0.9986,0.0001,-0.025,0.0036,0.0
2026-10-08T19:20:44Z,2026-10-08 19:20:10,SPXW,2026-10-08,C,7965.0,7753.0698,0.0,0.0,0.05,624.0,0.05,1272.0,4592.0,0.875,0.0014,0.0001,-0.025,0.0036,0.0
2026-10-08T19:20:44Z,2026-10-08 19:20:10,SPXW,2026-10-08,P,7965.0,7753.0698,210.9,4.0,211.9,5.0,0.0,0.0,0.0,0.9309,-0.9986,0.0001,-0.025,0.0036,0.0
2026-10-08T19:20:44Z,2026-10-08 19:20:10,SPXW,2026-10-08,C,7970.0,7753.0698,0.0,0.0,0.05,1067.0,0.05,2187.0,390.0,0.8937,0.0013,0.0001,-0.025,0.0035,0.0
2026-10-08T19:20:44Z,2026-10-08 19:20:10,SPXW,2026-10-08,P,7970.0,7753.0698,215.9,4.0,216.9,5.0,0.0,0.0,0.0,0.9505,-0.9987,0.0001,-0.025,0.0035,0.0
2026-10-08T19:20:44Z,2026-10-08 19:20:10,SPXW,2026-10-08,C,7975.0,7753.0698,0.0,0.0,0.05,1075.0,0.05,4087.0,3700.0,0.9123,0.0013,0.0001,-0.025,0.0034,0.0
2026-10-08T19:20:44Z,2026-10-08 19:20:10,SPXW,2026-10-08,P,7975.0,7753.0698,220.9,4.0,221.9,5.0,0.0,0.0,0.0,0.9702,-0.9987,0.0001,-0.025,0.0034,0.0
2026-10-08T19:20:44Z,2026-10-08 19:20:10,SPXW,2026-10-08,C,7980.0,7753.0698,0.0,0.0,0.05,1421.0,0.05,2254.0,413.0,0.9309,0.0013,0.0001,-0.025,0.0034,0.0
2026-10-08T19:20:44Z,2026-10-08 19:20:10,SPXW,2026-10-08,P,7980.0,7753.0698,225.9,4.0,226.9,5.0,0.0,0.0,0.0,0.9898,-0.9987,0.0001,-0.025,0.0034,0.0
2026-10-08T19:20:44Z,2026-10-08 19:20:10,SPXW,2026-10-08,C,7985.0,7753.0698,0.0,0.0,0.05,968.0,0.05,927.0,260.0,0.9494,0.0013,0.0001,-0.025,0.0033,0.0
2026-10-08T19:20:44Z,2026-10-08 19:20:10,SPXW,2026-10-08,P,7985.0,7753.0698,230.9,4.0,231.9,5.0,0.0,0.0,0.0,1.0093,-0.9987,0.0001,-0.025,0.0033,0.0
2026-10-08T19:20:44Z,2026-10-08 19:20:10,SPXW,2026-10-08,C,7990.0,7753.0698,0.0,0.0,0.05,1397.0,0.05,1537.0,3040.0,0.968,0.0012,0.0,-0.025,0.0033,0.0
2026-10-08T19:20:44Z,2026-10-08 19:20:10,SPXW,2026-10-08,P,7990.0,7753.0698,235.9,4.0,236.9,5.0,0.0,0.0,0.0,1.0288,-0.9988,0.0,-0.025,0.0033,0.0
2026-10-08T19:20:44Z,2026-10-08 19:20:10,SPXW,2026-10-08,C,7995.0,7753.0698,0.0,0.0,0.05,1400.0,0.05,655.0,176.0,0.9864,0.0012,0.0,-0.025,0.0032,0.0
2026-10-08T19:20:44Z,2026-10-08 19:20:10,SPXW,2026-10-08,P,7995.0,7753.0698,240.9,4.0,242.0,4.0,0.0,0.0,0.0,1.0482,-0.9988,0.0,-0.025,0.0032,0.0
2026-10-08T19:20:44Z,2026-10-08 19:20:10,SPXW,2026-10-08,C,8000.0,7753.0698,0.0,0.0,0.05,1423.0,0.05,1799.0,895.0,1.0049,0.0012,0.0,-0.025,0.0032,0.0
2026-10-08T19:20:44Z,2026-10-08 19:20:10,SPXW,2026-10-08,P,8000.0,7753.0698,245.9,4.0,247.0,4.0,262.0,1.0,7.0,1.0676,-0.9988,0.0,-0.025,0.0032,0.0
2026-10-08T19:20:44Z,2026-10-08 19:20:10,SPXW,2026-10-08,C,8005.0,7753.0698,0.0,0.0,0.05,1423.0,0.05,262.0,128.0,1.0233,0.0012,0.0,-0.025,0.0031,0.0
2026-10-08T19:20:44Z,2026-10-08 19:20:10,SPXW,2026-10-08,P,8005.0,7753.0698,250.9,4.0,252.0,4.0,0.0,0.0,0.0,1.087,-0.9988,0.0,-0.025,0.0031,0.0
2026-10-08T19:20:44Z,2026-10-08 19:20:10,SPXW,2026-10-08,C,8010.0,7753.0698,0.0,0.0,0.05,1448.0,0.05,114.0,159.0,1.0416,0.0012,0.0,-0.025,0.0031,0.0
2026-10-08T19:20:44Z,2026-10-08 19:20:10,SPXW,2026-10-08,P,8010.0,7753.0698,255.8,4.0,256.9,5.0,0.0,0.0,0.0,1.1063,-0.9988,0.0,-0.025,0.0031,0.0
2026-10-08T19:20:44Z,2026-10-08 19:20:10,SPXW,2026-10-08,C,8015.0,7753.0698,0.0,0.0,0.05,1462.0,0.05,269.0,4709.0,1.06,0.0011,0.0,-0.025,0.003,0.0
2026-10-08T19:20:44Z,2026-10-08 19:20:10,SPXW,2026-10-08,P,8015.0,7753.0698,260.9,4.0,262.0,4.0,0.0,0.0,0.0,1.1256,-0.9989,0.0,-0.025,0.003,0.0
2026-10-08T19:20:44Z,2026-10-08 19:20:10,SPXW,2026-10-08,C,8020.0,7753.0698,0.0,0.0,0.05,1482.0,0.05,148.0,575.0,1.0782,0.0011,0.0,-0.025,0.003,0.0
2026-10-08T19:20:44Z,2026-10-08 19:20:10,SPXW,2026-10-08,P,8020.0,7753.0698,265.8,4.0,267.0,4.0,0.0,0.0,0.0,1.1448,-0.9989,0.0,-0.025,0.003,0.0
2026-10-08T19:20:44Z,2026-10-08 19:20:10,SPXW,2026-10-08,C,8025.0,7753.0698,0.0,0.0,0.05,1498.0,0.05,416.0,379.0,1.0965,0.0011,0.0,-0.025,0.0029,0.0
2026-10-08T19:20:44Z,2026-10-08 19:20:10,SPXW,2026-10-08,P,8025.0,7753.0698,270.8,4.0,272.0,4.0,0.0,0.0,0.0,0.0,-0.9989,0.0,-0.025,0.0029,0.0
2026-10-08T19:20:44Z,2026-10-08 19:20:10,SPXW,2026-10-08,C,8030.0,7753.0698,0.0,0.0,0.05,1520.0,0.05,49.0,3044.0,1.1147,0.0011,0.0,-0.025,0.0029,0.0
2026-10-08T19:20:44Z,2026-10-08 19:20:10,SPXW,2026-10-08,P,8030.0,7753.0698,275.8,4.0,277.0,4.0,257.1,0.0,1.0,0.0,-0.9989,0.0,-0.025,0.0029,0.0
2026-10-08T19:20:44Z,2026-10-08 19:20:10,SPXW,2026-10-08,C,8035.0,7753.0698,0.0,0.0,0.05,1531.0,0.05,158.0,59.0,1.1329,0.0011,0.0,-0.025,0.0028,0.0
2026-10-08T19:20:44Z,2026-10-08 19:20:10,SPXW,2026-10-08,P,8035.0,7753.0698,280.8,4.0,282.0,4.0,0.0,0.0,0.0,0.0,-0.9989,0.0,-0.025,0.0028,0.0
2026-10-08T19:20:44Z,2026-10-08 19:20:10,SPXW,2026-10-08,C,8040.0,7753.0698,0.0,0.0,0.05,1548.0,0.05,113.0,71.0,1.151,0.0011,0.0,-0.025,0.0028,0.0
2026-10-08T19:20:44Z,2026-10-08 19:20:10,SPXW,2026-10-08,P,8040.0,7753.0698,285.8,4.0,287.0,4.0,0.0,0.0,0.0,1.2214,-0.9989,0.0,-0.025,0.0028,0.0
2026-10-08T19:20:44Z,2026-10-08 19:20:10,SPXW,2026-10-08,C,8045.0,7753.0698,0.0,0.0,0.05,1661.0,0.05,45.0,59.0,1.1692,0.001,0.0,-0.025,0.0028,0.0
2026-10-08T19:20:44Z,2026-10-08 19:20:10,SPXW,2026-10-08,P,8045.0,7753.0698,290.8,4.0,292.0,4.0,0.0,0.0,0.0,0.0,-0.999,0.0,-0.025,0.0028,0.0
2026-10-08T19:20:44Z,2026-10-08 19:20:10,SPXW,2026-10-08,C,8050.0,7753.0698,0.0,0.0,0.05,1826.0,0.05,1060.0,7769.0,1.1872,0.001,0.0,-0.025,0.0027,0.0
2026-10-08T19:20:44Z,2026-10-08 19:20:10,SPXW,2026-10-08,P,8050.0,7753.0698,295.8,7.0,297.0,5.0,0.0,0.0,0.0,0.0,-0.999,0.0,-0.025,0.0027,0.0
2026-10-08T19:20:44Z,2026-10-08 19:20:10,SPXW,2026-10-08,C,8060.0,7753.0698,0.0,0.0,0.05,937.0,0.05,212.0,109.0,1.2233,0.001,0.0,-0.025,0.0026,0.0
2026-10-08T19:20:44Z,2026-10-08 19:20:10,SPXW,2026-10-08,P,8060.0,7753.0698,295.1,1.0,313.9,1.0,0.0,0.0,2.0,0.0,-0.999,0.0,-0.025,0.0026,0.0
2026-10-08T19:20:44Z,2026-10-08 19:20:10,SPXW,2026-10-08,C,8070.0,7753.0698,0.0,0.0,0.05,1080.0,0.05,305.0,6.0,1.2592,0.001,0.0,-0.025,0.0026,0.0
2026-10-08T19:20:44Z,2026-10-08 19:20:10,SPXW,2026-10-08,P,8070.0,7753.0698,315.8,7.0,317.0,5.0,0.0,0.0,0.0,0.9492,-0.999,0.0,-0.025,0.0026,0.0
2026-10-08T19:20:44Z,2026-10-08 19:20:10,SPXW,2026-10-08,C,8075.0,7753.0698,0.0,0.0,0.05,1316.0,0.05,451.0,3556.0,1.2771,0.001,0.0,-0.025,0.0026,0.0
2026-10-08T19:20:44Z,2026-10-08 19:20:10,SPXW,2026-10-08,P,8075.0,7753.0698,310.1,1.0,328.4,1.0,294.0,0.0,1.0,0.0,-0.999,0.0,-0.025,0.0026,0.0
2026-10-08T19:20:44Z,2026-10-08 19:20:10,SPXW,2026-10-08,C,8080.0,7753.0698,0.0,0.0,0.05,1195.0,0.05,35.0,35.0,1.295,0.001,0.0,-0.025,0.0025,0.0
2026-10-08T19:20:44Z,2026-10-08 19:20:10,SPXW,2026-10-08,P,8080.0,7753.0698,325.8,7.0,327.0,5.0,0.0,0.0,0.0,0.9772,-0.999,0.0,-0.025,0.0025,0.0
2026-10-08T19:20:44Z,2026-10-08 19:20:10,SPXW,2026-10-08,C,8090.0,7753.0698,0.0,0.0,0.05,1204.0,0.05,433.0,116.0,1.3307,0.0009,0.0,-0.025,0.0025,0.0
2026-10-08T19:20:44Z,2026-10-08 19:20:10,SPXW,2026-10-08,P,8090.0,7753.0698,335.8,7.0,337.0,5.0,0.0,0.0,0.0,1.0051,-0.9991,0.0,-0.025,0.0025,0.0
2026-10-08T19:20:44Z,2026-10-08 19:20:10,SPXW,2026-10-08,C,8100.0,7753.0698,0.0,0.0,0.05,1375.0,0.05,800.0,658.0,1.3663,0.0009,0.0,-0.025,0.0024,0.0
2026-10-08T19:20:44Z,2026-10-08 19:20:10,SPXW,2026-10-08,P,8100.0,7753.0698,345.8,7.0,347.0,5.0,420.89,0.0,2.0,1.0329,-0.9991,0.0,-0.025,0.0024,0.0
2026-10-08T19:20:44Z,2026-10-08 19:20:10,SPXW,2026-10-08,C,8110.0,7753.0698,0.0,0.0,0.05,1210.0,0.05,348.0,15.0,1.4017,0.0009,0.0,-0.025,0.0024,0.0
2026-10-08T19:20:44Z,2026-10-08 19:20:10,SPXW,2026-10-08,P,8110.0,7753.0698,355.8,7.0,357.0,5.0,0.0,0.0,0.0,1.0606,-0.9991,0.0,-0.025,0.0024,0.0
2026-10-08T19:20:44Z,2026-10-08 19:20:10,SPXW,2026-10-08,C,8120.0,7753.0698,0.0,0.0,0.05,1186.0,0.05,454.0,4.0,1.4371,0.0009,0.0,-0.025,0.0023,0.0
2026-10-08T19:20:44Z,2026-10-08 19:20:10,SPXW,2026-10-08,P,8120.0,7753.0698,365.8,7.0,367.0,5.0,0.0,0.0,0.0,1.0882,-0.9991,0.0,-0.025,0.0023,0.0
2026-10-08T19:20:44Z,2026-10-08 19:20:10,SPXW,2026-10-08,C,8125.0,7753.0698,0.0,0.0,0.05,1175.0,0.05,216.0,67.0,1.4547,0.0009,0.0,-0.025,0.0023,0.0
2026-10-08T19:20:44Z,2026-10-08 19:20:10,SPXW,2026-10-08,P,8125.0,7753.0698,370.8,7.0,372.0,5.0,0.0,0.0,0.0,0.0,-0.9991,0.0,-0.025,0.0023,0.0
2026-10-08T19:20:44Z,2026-10-08 19:20:10,SPXW,2026-10-08,C,8130.0,7753.0698,0.0,0.0,0.05,1223.0,0.05,257.0,0.0,1.4723,0.0008,0.0,-0.025,0.0022,0.0
2026-10-08T19:20:44Z,2026-10-08 19:20:10,SPXW,2026-10-08,P,8130.0,7753.0698,375.8,7.0,377.0,5.0,0.0,0.0,0.0,0.0,-0.9992,0.0,-0.025,0.0022,0.0
2026-10-08T19:20:44Z,2026-10-08 19:20:10,SPXW,2026-10-08,C,8150.0,7753.0698,0.0,0.0,0.05,1364.0,0.05,330.0,369.0,1.5425,0.0008,0.0,-0.025,0.0022,0.0
2026-10-08T19:20:44Z,2026-10-08 19:20:10,SPXW,2026-10-08,P,8150.0,7753.0698,395.8,7.0,397.0,5.0,394.52,1.0,4.0,1.1708,-0.9992,0.0,-0.025,0.0022,0.0
2026-10-08T19:20:44Z,2026-10-08 19:20:10,SPXW,2026-10-08,C,8175.0,7753.0698,0.0,0.0,0.05,1151.0,0.03,1.0,189.0,1.6296,0.0008,0.0,-0.025,0.0021,0.0
2026-10-08T19:20:44Z,2026-10-08 19:20:10,SPXW,2026-10-08,P,8175.0,7753.0698,410.6,1.0,428.9,1.0,419.37,1.0,3.0,0.0,-0.9992,0.0,-0.025,0.0021,0.0
2026-10-08T19:20:44Z,2026-10-08 19:20:10,SPXW,2026-10-08,C,8200.0,7753.0698,0.0,0.0,0.05,1537.0,0.03,2.0,215.0,1.7161,0.0007,0.0,-0.025,0.002,0.0
2026-10-08T19:20:44Z,2026-10-08 19:20:10,SPXW,2026-10-08,P,8200.0,7753.0698,445.8,7.0,447.0,5.0,425.7,0.0,2.0,1.3072,-0.9993,0.0,-0.025,0.002,0.0
2026-10-08T19:20:44Z,2026-10-08 19:20:10,SPXW,2026-10-08,C,8225.0,7753.0698,0.0,0.0,0.05,1257.0,0.05,0.0,177.0,1.802,0.0007,0.0,-0.025,0.0019,0.0
2026-10-08T19:20:44Z,2026-10-08 19:20:10,SPXW,2026-10-08,P,8225.0,7753.0698,460.1,3.0,478.1,1.0,422.0,0.0,2.0,0.0,-0.9993,0.0,-0.025,0.0019,0.0
2026-10-08T19:20:44Z,2026-10-08 19:20:10,SPXW,2026-10-08,C,8250.0,7753.0698,0.0,0.0,0.05,1166.0,0.03,22.0,246.0,1.8873,0.0007,0.0,-0.025,0.0018,0.0
2026-10-08T19:20:44Z,2026-10-08 19:20:10,SPXW,2026-10-08,P,8250.0,7753.0698,495.8,7.0,497.0,5.0,446.9,0.0,1.0,1.442,-0.9993,0.0,-0.025,0.0018,0.0
2026-10-08T19:20:44Z,2026-10-08 19:20:10,SPXW,2026-10-08,C,8275.0,7753.0698,0.0,0.0,0.05,1317.0,0.05,0.0,143.0,1.9721,0.0006,0.0,-0.025,0.0017,0.0
2026-10-08T19:20:44Z,2026-10-08 19:20:10,SPXW,2026-10-08,P,8275.0,7753.0698,510.6,1.0,527.6,1.0,0.0,0.0,0.0,0.0,-0.9994,0.0,-0.025,0.0017,0.0
2026-10-08T19:20:44Z,2026-10-08 19:20:10,SPXW,2026-10-08,C,8300.0,7753.0698,0.0,0.0,0.05,1656.0,0.05,0.0,251.0,2.0564,0.0006,0.0,-0.025,0.0017,0.0
2026-10-08T19:20:44Z,2026-10-08 19:20:10,SPXW,2026-10-08,P,8300.0,7753.0698,545.6,6.0,546.9,5.0,600.25,0.0,2.0,0.0,-0.9994,0.0,-0.025,0.0017,0.0
2026-10-08T19:20:44Z,2026-10-08 19:20:10,SPXW,2026-10-08,C,8325.0,7753.0698,0.0,0.0,0.05,1394.0,0.05,0.0,91.0,2.1402,0.0006,0.0,-0.025,0.0016,0.0
2026-10-08T19:20:44Z,2026-10-08 19:20:10,SPXW,2026-10-08,P,8325.0,7753.0698,560.1,3.0,577.9,1.0,0.0,0.0,0.0,0.0,-0.9994,0.0,-0.025,0.0016,0.0
2026-10-08T19:20:44Z,2026-10-08 19:20:10,SPXW,2026-10-08,C,8350.0,7753.0698,0.0,0.0,0.05,1410.0,0.05,0.0,103.0,2.2234,0.0006,0.0,-0.025,0.0016,0.0
2026-10-08T19:20:44Z,2026-10-08 19:20:10,SPXW,2026-10-08,P,8350.0,7753.0698,595.6,6.0,596.9,5.0,0.0,0.0,0.0,0.0,-0.9994,0.0,-0.025,0.0016,0.0
2026-10-08T19:20:44Z,2026-10-08 19:20:10,SPXW,2026-10-08,C,8400.0,7753.0698,0.0,0.0,0.05,2053.0,0.05,0.0,1277.0,2.3885,0.0002,0.0,-0.0088,0.0006,0.0
2026-10-08T19:20:44Z,2026-10-08 19:20:10,SPXW,2026-10-08,P,8400.0,7753.0698,645.6,6.0,646.9,5.0,0.0,0.0,0.0,0.0,-0.9998,0.0,-0.0088,0.0006,0.0
2026-10-08T19:20:44Z,2026-10-08 19:20:10,SPXW,2026-10-08,C,8500.0,7753.0698,0.0,0.0,0.05,2638.0,0.05,0.0,6.0,2.7133,0.0,0.0,-0.0009,0.0001,0.0
2026-10-08T19:20:44Z,2026-10-08 19:20:10,SPXW,2026-10-08,P,8500.0,7753.0698,745.8,7.0,747.0,5.0,0.0,0.0,0.0,0.0,-1.0,0.0,-0.0009,0.0001,0.0
2026-10-08T19:20:44Z,2026-10-08 19:20:10,SPXW,2026-10-09,C,6980.0,7753.0698,770.2,1.0,786.8,1.0,0.0,0.0,0.0,0.9389,0.999,0.0,0.0,0.0153,0.5725
2026-10-08T19:20:44Z,2026-10-08 19:20:10,SPXW,2026-10-09,P,6980.0,7753.0698,0.05,301.0,0.1,397.0,0.15,0.0,207.0,0.6479,-0.0011,0.0,-0.0756,0.0153,-0.0007
2026-10-08T19:20:44Z,2026-10-08 19:20:10,SPXW,2026-10-09,C,6990.0,7753.0698,760.2,1.0,776.8,1.0,0.0,0.0,0.0,0.9276,0.999,0.0,0.0,0.0156,0.5733
2026-10-08T19:20:44Z,2026-10-08 19:20:10,SPXW,2026-10-09,P,6990.0,7753.0698,0.05,369.0,0.1,368.0,0.2,0.0,208.0,0.6398,-0.0011,0.0,-0.0768,0.0156,-0.0007
2026-10-08T19:20:44Z,2026-10-08 19:20:10,SPXW,2026-10-09,C,7000.0,7753.0698,753.7,4.0,758.1,5.0,806.0,0.0,341.0,0.0,0.9989,0.0,0.0,0.016,0.5741
2026-10-08T19:20:44Z,2026-10-08 19:20:10,SPXW,2026-10-09,P,7000.0,7753.0698,0.05,468.0,0.1,358.0,0.05,226.0,11874.0,0.6317,-0.0011,0.0,-0.078,0.016,-0.0007
2026-10-08T19:20:44Z,2026-10-08 19:20:10,SPXW,2026-10-09,C,7010.0,7753.0698,740.3,1.0,756.8,1.0,833.81,0.0,13.0,0.9081,0.9989,0.0,0.0,0.0164,0.5749
2026-10-08T19:20:44Z,2026-10-08 19:20:10,SPXW,2026-10-09,P,7010.0,7753.0698,0.05,531.0,0.1,146.0,0.1,82.0,149.0,0.6236,-0.0012,0.0,-0.0793,0.0164,-0.0007
2026-10-08T19:20:44Z,2026-10-08 19:20:10,SPXW,2026-10-09,C,7020.0,7753.0698,730.3,1.0,746.8,1.0,822.62,0.0,1.0,0.8969,0.9989,0.0,0.0,0.0168,0.5757
2026-10-08T19:20:44Z,2026-10-08 19:20:10,SPXW,2026-10-09,P,7020.0,7753.0698,0.05,546.0,0.1,165.0,0.15,0.0,52.0,0.6155,-0.0012,0.0,-0.0806,0.0168,-0.0007
2026-10-08T19:20:44Z,2026-10-08 19:20:10,SPXW,2026-10-09,C,7025.0,7753.0698,725.3,1.0,741.8,1.0,650.3,0.0,1.0,0.8913,0.9989,0.0,0.0,0.017,0.5761
2026-10-08T19:20:44Z,2026-10-08 19:20:10,SPXW,2026-10-09,P,7025.0,7753.0698,0.05,698.0,0.1,155.0,0.1,1.0,357.0,0.6115,-0.0012,0.0,-0.0812,0.017,-0.0007
2026-10-08T19:20:44Z,2026-10-08 19:20:10,SPXW,2026-10-09,C,7030.0,7753.0698,720.3,1.0,736.8,1.0,751.37,1.0,126.0,0.8856,0.9988,0.0,0.0,0.0172,0.5765
2026-10-08T19:20:44Z,2026-10-08 19:20:10,SPXW,2026-10-09,P,7030.0,7753.0698,0.05,712.0,0.1,103.0,0.1,1.0,195.0,0.6074,-0.0012,0.0,-0.0819,0.0172,-0.0008
2026-10-08T19:20:44Z,2026-10-08 19:20:10,SPXW,2026-10-09,C,7040.0,7753.0698,710.6,1.0,726.8,1.0,0.0,0.0,0.0,0.8826,0.9988,0.0,0.0,0.0176,0.5773
2026-10-08T19:20:44Z,2026-10-08 19:20:10,SPXW,2026-10-09,P,7040.0,7753.0698,0.05,691.0,0.1,93.0,0.07,38.0,162.0,0.5993,-0.0013,0.0,-0.0833,0.0176,-0.0008
2026-10-08T19:20:44Z,2026-10-08 19:20:10,SPXW,2026-10-09,C,7050.0,7753.0698,700.3,1.0,716.8,1.0,794.86,0.0,2.0,0.8632,0.9988,0.0,0.0,0.0181,0.5781
2026-10-08T19:20:44Z,2026-10-08 19:20:10,SPXW,2026-10-09,P,7050.0,7753.0698,0.05,766.0,0.1,88.0,0.1,231.0,1418.0,0.5912,-0.0013,0.0,-0.0846,0.0181,-0.0008
2026-10-08T19:20:44Z,2026-10-08 19:20:10,SPXW,2026-10-09,C,7060.0,7753.0698,690.3,1.0,707.1,1.0,783.66,0.0,46.0,0.86,0.9988,0.0,0.0,0.0185,0.5789
2026-10-08T19:20:44Z,2026-10-08 19:20:10,SPXW,2026-10-09,P,7060.0,7753.0698,0.05,656.0,0.1,51.0,0.1,11.0,232.0,0.5831,-0.0013,0.0,-0.0861,0.0185,-0.0008
2026-10-08T19:20:44Z,2026-10-08 19:20:10,SPXW,2026-10-09,C,7070.0,7753.0698,680.3,1.0,696.9,1.0,0.0,0.0,0.0,0.8435,0.9987,0.0,0.0,0.019,0.5797
2026-10-08T19:20:44Z,2026-10-08 19:20:10,SPXW,2026-10-09,P,7070.0,7753.0698,0.05,766.0,0.1,52.0,0.1,63.0,221.0,0.575,-0.0014,0.0,-0.0876,0.019,-0.0008
2026-10-08T19:20:44Z,2026-10-08 19:20:10,SPXW,2026-10-09,C,7075.0,7753.0698,675.6,1.0,691.9,1.0,0.0,0.0,0.0,0.8457,0.9987,0.0,0.0,0.0192,0.5801
2026-10-08T19:20:44Z,2026-10-08 19:20:10,SPXW,2026-10-09,P,7075.0,7753.0698,0.05,792.0,0.1,52.0,0.1,4.0,309.0,0.571,-0.0014,0.0,-0.0884,0.0192,-0.0008
2026-10-08T19:20:44Z,2026-10-08 19:20:10,SPXW,2026-10-09,C,7080.0,7753.0698,670.3,1.0,686.9,1.0,0.0,0.0,0.0,0.8322,0.9987,0.0,0.0,0.0195,0.5805
2026-10-08T19:20:44Z,2026-10-08 19:20:10,SPXW,2026-10-09,P,7080.0,7753.0698,0.05,821.0,0.1,57.0,0.1,13.0,139.0,0.5811,-0.0014,0.0,-0.089,0.0195,-0.0009
2026-10-08T19:20:44Z,2026-10-08 19:20:10,SPXW,2026-10-09,C,7090.0,7753.0698,660.3,1.0,676.9,1.0,753.53,0.0,1.0,0.821,0.9986,0.0,0.0,0.02,0.5813
2026-10-08T19:20:44Z,2026-10-08 19:20:10,SPXW,2026-10-09,P,7090.0,7753.0698,0.05,833.0,0.15,691.0,0.25,0.0,1173.0,0.5728,-0.0014,0.0,-0.0906,0.02,-0.0009
2026-10-08T19:20:44Z,2026-10-08 19:20:10,SPXW,2026-10-09,C,7100.0,7753.0698,650.6,1.0,666.9,1.0,745.35,0.0,1.0,0.8174,0.9986,0.0,0.0,0.0206,0.5821
2026-10-08T19:20:44Z,2026-10-08 19:20:10,SPXW,2026-10-09,P,7100.0,7753.0698,0.05,843.0,0.15,637.0,0.1,76.0,3790.0,0.5646,-0.0015,0.0,-0.0922,0.0205,-0.0009
2026-10-08T19:20:44Z,2026-10-08 19:20:10,SPXW,2026-10-09,C,7110.0,7753.0698,640.6,1.0,657.1,1.0,0.0,0.0,0.0,0.811,0.9986,0.0,0.0,0.0211,0.5829
2026-10-08T19:20:44Z,2026-10-08 19:20:10,SPXW,2026-10-09,P,7110.0,7753.0698,0.05,878.0,0.15,609.0,0.1,10.0,2846.0,0.5564,-0.0015,0.0,-0.0938,0.0211,-0.0009
2026-10-08T19:20:44Z,2026-10-08 19:20:10,SPXW,2026-10-09,C,7120.0,7753.0698,630.6,1.0,646.9,1.0,0.0,0.0,0.0,0.7948,0.9985,0.0,0.0,0.0217,0.5837
2026-10-08T19:20:44Z,2026-10-08 19:20:10,SPXW,2026-10-09,P,7120.0,7753.0698,0.05,893.0,0.15,605.0,0.12,13.0,210.0,0.5481,-0.0016,0.0,-0.0955,0.0217,-0.001
2026-10-08T19:20:44Z,2026-10-08 19:20:10,SPXW,2026-10-09,C,7125.0,7753.0698,625.3,1.0,641.9,1.0,599.4,0.0,15.0,0.7817,0.9985,0.0,0.0,0.022,0.5841
2026-10-08T19:20:44Z,2026-10-08 19:20:10,SPXW,2026-10-09,P,7125.0,7753.0698,0.05,905.0,0.15,614.0,0.1,46.0,541.0,0.544,-0.0016,0.0,-0.0963,0.022,-0.001
2026-10-08T19:20:44Z,2026-10-08 19:20:10,SPXW,2026-10-09,C,7130.0,7753.0698,620.6,1.0,637.4,1.0,691.8,0.0,1.0,0.7953,0.9985,0.0,0.0,0.0223,0.5845
2026-10-08T19:20:44Z,2026-10-08 19:20:10,SPXW,2026-10-09,P,7130.0,7753.0698,0.05,915.0,0.15,618.0,0.1,4.0,2219.0,0.5399,-0.0016,0.0,-0.0972,0.0223,-0.001
2026-10-08T19:20:44Z,2026-10-08 19:20:10,SPXW,2026-10-09,C,7140.0,7753.0698,610.3,1.0,627.4,1.0,703.58,0.0,4.0,0.777,0.9984,0.0,0.0,0.0229,0.5853
2026-10-08T19:20:44Z,2026-10-08 19:20:10,SPXW,2026-10-09,P,7140.0,7753.0698,0.05,933.0,0.15,598.0,0.15,37.0,407.0,0.5316,-0.0017,0.0,-0.099,0.0229,-0.001
2026-10-08T19:20:44Z,2026-10-08 19:20:10,SPXW,2026-10-09,C,7150.0,7753.0698,601.2,1.0,616.9,1.0,589.72,0.0,6.0,0.7747,0.9984,0.0,0.0,0.0236,0.5861
2026-10-08T19:20:44Z,2026-10-08 19:20:10,SPXW,2026-10-09,P,7150.0,7753.0698,0.05,833.0,0.1,97.0,0.1,254.0,913.0,0.5105,-0.0017,0.0,-0.1008,0.0236,-0.001
2026-10-08T19:20:44Z,2026-10-08 19:20:10,SPXW,2026-10-09,C,7160.0,7753.0698,590.5,1.0,607.4,1.0,550.82,0.0,11.0,0.7588,0.9983,0.0,0.0,0.0243,0.5868
2026-10-08T19:20:44Z,2026-10-08 19:20:10,SPXW,2026-10-09,P,7160.0,7753.0698,0.05,1006.0,0.15,543.0,0.1,58.0,238.0,0.5152,-0.0018,0.0,-0.1028,0.0243,-0.0011
2026-10-08T19:20:44Z,2026-10-08 19:20:10,SPXW,2026-10-09,C,7170.0,7753.0698,580.7,1.0,597.4,1.0,616.96,0.0,1.0,0.7518,0.9982,0.0,0.0,0.025,0.5876
2026-10-08T19:20:44Z,2026-10-08 19:20:10,SPXW,2026-10-09,P,7170.0,7753.0698,0.05,918.0,0.15,530.0,0.1,26.0,130.0,0.507,-0.0018,0.0,-0.1047,0.025,-0.0011
2026-10-08T19:20:44Z,2026-10-08 19:20:10,SPXW,2026-10-09,C,7175.0,7753.0698,575.5,1.0,592.4,1.0,653.4,0.0,1.0,0.7417,0.9982,0.0,0.0,0.0254,0.588
2026-10-08T19:20:44Z,2026-10-08 19:20:10,SPXW,2026-10-09,P,7175.0,7753.0698,0.05,890.0,0.15,550.0,0.11,903.0,266.0,0.5029,-0.0019,0.0,-0.1058,0.0254,-0.0011
2026-10-08T19:20:44Z,2026-10-08 19:20:10,SPXW,2026-10-09,C,7180.0,7753.0698,570.4,1.0,586.9,1.0,641.91,0.0,276.0,0.7224,0.9982,0.0,0.0,0.0258,0.5884
2026-10-08T19:20:44Z,2026-10-08 19:20:10,SPXW,2026-10-09,P,7180.0,7753.0698,0.05,904.0,0.15,534.0,0.1,207.0,227.0,0.4988,-0.0019,0.0,-0.1068,0.0257,-0.0012
2026-10-08T19:20:44Z,2026-10-08 19:20:10,SPXW,2026-10-09,C,7190.0,7753.0698,560.4,1.0,576.9,1.0,559.22,0.0,11.0,0.7111,0.9981,0.0,0.0,0.0265,0.5892
2026-10-08T19:20:44Z,2026-10-08 19:20:10,SPXW,2026-10-09,P,7190.0,7753.0698,0.05,877.0,0.15,553.0,0.15,61.0,327.0,0.4905,-0.002,0.0,-0.1089,0.0265,-0.0012
2026-10-08T19:20:44Z,2026-10-08 19:20:10,SPXW,2026-10-09,C,7200.0,7753.0698,550.4,1.0,567.4,1.0,613.52,0.0,48.0,0.7111,0.9981,0.0,0.0,0.0274,0.59
2026-10-08T19:20:44Z,2026-10-08 19:20:10,SPXW,2026-10-09,P,7200.0,7753.0698,0.1,2.0,0.15,441.0,0.15,452.0,6086.0,0.4922,-0.002,0.0,-0.1112,0.0273,-0.0012
2026-10-08T19:20:44Z,2026-10-08 19:20:10,SPXW,2026-10-09,C,7210.0,7753.0698,540.4,1.0,557.0,1.0,0.0,0.0,0.0,0.6909,0.998,0.0,0.0,0.0282,0.5908
2026-10-08T19:20:44Z,2026-10-08 19:20:10,SPXW,2026-10-09,P,7210.0,7753.0698,0.1,143.0,0.15,412.0,0.15,0.0,2928.0,0.4741,-0.0021,0.0,-0.1135,0.0282,-0.0013
2026-10-08T19:20:44Z,2026-10-08 19:20:10,SPXW,2026-10-09,C,7220.0,7753.0698,530.4,1.0,547.0,1.0,611.92,0.0,2.0,0.6796,0.9979,0.0,0.0,0.0291,0.5915
2026-10-08T19:20:44Z,2026-10-08 19:20:10,SPXW,2026-10-09,P,7220.0,7753.0698,0.1,168.0,0.15,381.0,0.15,18.0,310.0,0.4755,-0.0022,0.0,-0.1159,0.0291,-0.0013
2026-10-08T19:20:44Z,2026-10-08 19:20:10,SPXW,2026-10-09,C,7225.0,7753.0698,525.4,1.0,542.0,1.0,603.35,0.0,15.0,0.6739,0.9979,0.0,0.0,0.0296,0.5919
2026-10-08T19:20:44Z,2026-10-08 19:20:10,SPXW,2026-10-09,P,7225.0,7753.0698,0.1,228.0,0.15,424.0,0.15,21.0,453.0,0.4713,-0.0022,0.0,-0.1172,0.0295,-0.0013
2026-10-08T19:20:44Z,2026-10-08 19:20:10,SPXW,2026-10-09,C,7230.0,7753.0698,520.4,1.0,537.5,1.0,519.7,0.0,1.0,0.679,0.9979,0.0,0.0,0.03,0.5923
2026-10-08T19:20:44Z,2026-10-08 19:20:10,SPXW,2026-10-09,P,7230.0,7753.0698,0.1,288.0,0.15,367.0,0.13,28.0,1261.0,0.4671,-0.0022,0.0,-0.1184,0.03,-0.0014
2026-10-08T19:20:44Z,2026-10-08 19:20:10,SPXW,2026-10-09,C,7240.0,7753.0698,510.4,1.0,527.0,1.0,0.0,0.0,0.0,0.657,0.9978,0.0,0.0,0.031,0.5931
2026-10-08T19:20:44Z,2026-10-08 19:20:10,SPXW,2026-10-09,P,7240.0,7753.0698,0.1,300.0,0.15,202.0,0.13,33.0,702.0,0.4587,-0.0023,0.0,-0.1211,0.031,-0.0014
2026-10-08T19:20:44Z,2026-10-08 19:20:10,SPXW,2026-10-09,C,7250.0,7753.0698,500.4,1.0,517.5,2.0,522.27,0.0,22.0,0.6561,0.9977,0.0,0.0,0.032,0.5939
2026-10-08T19:20:44Z,2026-10-08 19:20:10,SPXW,2026-10-09,P,7250.0,7753.0698,0.1,368.0,0.15,122.0,0.17,77.0,1755.0,0.4504,-0.0024,0.0,-0.1238,0.032,-0.0015
2026-10-08T19:20:44Z,2026-10-08 19:20:10,SPXW,2026-10-09,C,7260.0,7753.0698,490.4,1.0,507.5,2.0,553.75,0.0,3.0,0.6447,0.9976,0.0,0.0,0.0331,0.5946
2026-10-08T19:20:44Z,2026-10-08 19:20:10,SPXW,2026-10-09,P,7260.0,7753.0698,0.1,486.0,0.15,121.0,0.2,0.0,414.0,0.442,-0.0025,0.0,-0.1267,0.0331,-0.0015
2026-10-08T19:20:44Z,2026-10-08 19:20:10,SPXW,2026-10-09,C,7265.0,7753.0698,485.4,1.0,502.0,1.0,526.36,0.0,1.0,0.6287,0.9976,0.0,0.0,0.0337,0.595
2026-10-08T19:20:44Z,2026-10-08 19:20:10,SPXW,2026-10-09,P,7265.0,7753.0698,0.1,642.0,0.15,77.0,0.17,26.0,0.0,0.4378,-0.0025,0.0,-0.1282,0.0337,-0.0015
2026-10-08T19:20:44Z,2026-10-08 19:20:10,SPXW,2026-10-09,C,7270.0,7753.0698,476.7,1.0,497.0,1.0,483.76,0.0,1.0,0.5173,0.9975,0.0,0.0,0.0343,0.5954
2026-10-08T19:20:44Z,2026-10-08 19:20:10,SPXW,2026-10-09,P,7270.0,7753.0698,0.1,725.0,0.15,46.0,0.2,0.0,587.0,0.4336,-0.0026,0.0,-0.1297,0.0343,-0.0016
2026-10-08T19:20:44Z,2026-10-08 19:20:10,SPXW,2026-10-09,C,7275.0,7753.0698,475.7,1.0,492.0,1.0,0.0,0.0,0.0,0.6236,0.9975,0.0,0.0,0.0349,0.5958
2026-10-08T19:20:44Z,2026-10-08 19:20:10,SPXW,2026-10-09,P,7275.0,7753.0698,0.1,717.0,0.15,51.0,0.2,110.0,1309.0,0.4368,-0.0026,0.0,-0.131,0.0348,-0.0016
2026-10-08T19:20:44Z,2026-10-08 19:20:10,SPXW,2026-10-09,C,7280.0,7753.0698,469.8,1.0,487.0,1.0,0.0,0.0,0.0,0.5988,0.9974,0.0,0.0,0.0355,0.5962
2026-10-08T19:20:44Z,2026-10-08 19:20:10,SPXW,2026-10-09,P,7280.0,7753.0698,0.1,741.0,0.15,200.0,0.12,7.0,327.0,0.4253,-0.0027,0.0,-0.1329,0.0355,-0.0016
2026-10-08T19:20:44Z,2026-10-08 19:20:10,SPXW,2026-10-09,C,7285.0,7753.0698,463.2,1.0,482.0,1.0,0.0,0.0,0.0,0.5516,0.9974,0.0,0.0,0.0362,0.5965
2026-10-08T19:20:44Z,2026-10-08 19:20:10,SPXW,2026-10-09,P,7285.0,7753.0698,0.1,777.0,0.15,200.0,0.15,87.0,21.0,0.4211,-0.0027,0.0,-0.1346,0.0362,-0.0017
2026-10-08T19:20:44Z,2026-10-08 19:20:10,SPXW,2026-10-09,C,7290.0,7753.0698,458.2,1.0,477.0,1.0,496.99,0.0,5.0,0.5463,0.9973,0.0,0.0,0.0368,0.5969
2026-10-08T19:20:44Z,2026-10-08 19:20:10,SPXW,2026-10-09,P,7290.0,7753.0698,0.1,783.0,0.15,200.0,0.12,255.0,370.0,0.4169,-0.0028,0.0,-0.1362,0.0368,-0.0017
2026-10-08T19:20:44Z,2026-10-08 19:20:10,SPXW,2026-10-09,C,7295.0,7753.0698,453.4,1.0,472.0,1.0,0.0,0.0,0.0,0.5469,0.9973,0.0,0.0,0.0375,0.5973
2026-10-08T19:20:44Z,2026-10-08 19:20:10,SPXW,2026-10-09,P,7295.0,7753.0698,0.1,803.0,0.15,200.0,0.15,203.0,174.0,0.4127,-0.0028,0.0,-0.138,0.0375,-0.0017
2026-10-08T19:20:44Z,2026-10-08 19:20:10,SPXW,2026-10-09,C,7300.0,7753.0698,450.1,1.0,467.0,1.0,488.85,2.0,14.0,0.5829,0.9972,0.0,0.0,0.0382,0.5977
2026-10-08T19:20:44Z,2026-10-08 19:20:10,SPXW,2026-10-09,P,7300.0,7753.0698,0.1,854.0,0.2,538.0,0.15,262.0,2041.0,0.4153,-0.0029,0.0,-0.1396,0.0382,-0.0018
2026-10-08T19:20:44Z,2026-10-08 19:20:10,SPXW,2026-10-09,C,7305.0,7753.0698,444.3,1.0,462.0,1.0,459.04,0.0,1.0,0.5594,0.9971,0.0,0.0,0.039,0.598
2026-10-08T19:20:44Z,2026-10-08 19:20:10,SPXW,2026-10-09,P,7305.0,7753.0698,0.1,870.0,0.2,515.0,0.1,10.0,3.0,0.4111,-0.0029,0.0,-0.1414,0.039,-0.0018
2026-10-08T19:20:44Z,2026-10-08 19:20:10,SPXW,2026-10-09,C,7310.0,7753.0698,436.7,1.0,457.0,1.0,483.66,0.0,2.0,0.5308,0.9971,0.0,0.0,0.0397,0.5984
2026-10-08T19:20:44Z,2026-10-08 19:20:10,SPXW,2026-10-09,P,7310.0,7753.0698,0.1,887.0,0.2,526.0,0.15,158.0,1956.0,0.4068,-0.003,0.0,-0.1433,0.0397,-0.0018
2026-10-08T19:20:44Z,2026-10-08 19:20:10,SPXW,2026-10-09,C,7315.0,7753.0698,434.6,1.0,452.1,1.0,0.0,0.0,0.0,0.5575,0.997,0.0001,0.0,0.0405,0.5988
2026-10-08T19:20:44Z,2026-10-08 19:20:10,SPXW,2026-10-09,P,7315.0,7753.0698,0.1,928.0,0.2,527.0,0.15,12.0,12.0,0.4026,-0.0031,0.0001,-0.1452,0.0405,-0.0019
2026-10-08T19:20:44Z,2026-10-08 19:20:10,SPXW,2026-10-09,C,7320.0,7753.0698,426.8,1.0,447.1,1.0,475.84,0.0,13.0,0.4717,0.997,0.0001,0.0,0.0413,0.5992
2026-10-08T19:20:44Z,2026-10-08 19:20:10,SPXW,2026-10-09,P,7320.0,7753.0698,0.1,777.0,0.2,538.0,0.15,128.0,311.0,0.3983,-0.0031,0.0001,-0.1473,0.0413,-0.0019
2026-10-08T19:20:44Z,2026-10-08 19:20:10,SPXW,2026-10-09,C,7325.0,7753.0698,425.0,1.0,442.3,1.0,357.24,0.0,51.0,0.5587,0.9969,0.0001,0.0,0.0421,0.5995
2026-10-08T19:20:44Z,2026-10-08 19:20:10,SPXW,2026-10-09,P,7325.0,7753.0698,0.15,100.0,0.2,529.0,0.15,52.0,3811.0,0.4006,-0.0032,0.0001,-0.1496,0.0421,-0.002
2026-10-08T19:20:44Z,2026-10-08 19:20:10,SPXW,2026-10-09,C,7330.0,7753.0698,419.1,1.0,437.1,1.0,442.43,0.0,1.0,0.5296,0.9968,0.0001,0.0,0.043,0.5999
2026-10-08T19:20:44Z,2026-10-08 19:20:10,SPXW,2026-10-09,P,7330.0,7753.0698,0.1,864.0,0.2,524.0,0.25,53.0,470.0,0.3898,-0.0033,0.0001,-0.1514,0.043,-0.002
2026-10-08T19:20:44Z,2026-10-08 19:20:10,SPXW,2026-10-09,C,7335.0,7753.0698,414.3,1.0,432.1,1.0,0.0,0.0,0.0,0.5286,0.9968,0.0001,0.0,0.0439,0.6002
2026-10-08T19:20:44Z,2026-10-08 19:20:10,SPXW,2026-10-09,P,7335.0,7753.0698,0.1,884.0,0.2,586.0,0.25,4.0,24.0,0.3856,-0.0033,0.0001,-0.1536,0.0439,-0.002
2026-10-08T19:20:44Z,2026-10-08 19:20:10,SPXW,2026-10-09,C,7340.0,7753.0698,409.1,1.0,427.1,1.0,0.0,0.0,125.0,0.5185,0.9967,0.0001,-0.0028,0.0448,0.6006
2026-10-08T19:20:44Z,2026-10-08 19:20:10,SPXW,2026-10-09,P,7340.0,7753.0698,0.15,53.0,0.2,441.0,0.15,3.0,281.0,0.3877,-0.0034,0.0001,-0.1561,0.0448,-0.0021
2026-10-08T19:20:44Z,2026-10-08 19:20:10,SPXW,2026-10-09,C,7345.0,7753.0698,404.3,1.0,422.1,1.0,0.0,0.0,0.0,0.5175,0.9966,0.0001,-0.0069,0.0457,0.601
2026-10-08T19:20:44Z,2026-10-08 19:20:10,SPXW,2026-10-09,P,7345.0,7753.0698,0.15,126.0,0.2,415.0,0.15,170.0,6.0,0.383,-0.0035,0.0001,-0.1582,0.0457,-0.0021
2026-10-08T19:20:44Z,2026-10-08 19:20:10,SPXW,2026-10-09,C,7350.0,7753.0698,396.8,1.0,417.1,1.0,481.59,0.0,23.0,0.4607,0.9965,0.0001,-0.0112,0.0467,0.6013
2026-10-08T19:20:44Z,2026-10-08 19:20:10,SPXW,2026-10-09,P,7350.0,7753.0698,0.15,268.0,0.2,295.0,0.17,330.0,2465.0,0.3787,-0.0036,0.0001,-0.1606,0.0467,-0.0022
2026-10-08T19:20:44Z,2026-10-08 19:20:10,SPXW,2026-10-09,C,7355.0,7753.0698,394.3,1.0,412.1,1.0,0.0,0.0,0.0,0.5064,0.9964,0.0001,-0.0155,0.0476,0.6017
2026-10-08T19:20:44Z,2026-10-08 19:20:10,SPXW,2026-10-09,P,7355.0,7753.0698,0.15,284.0,0.2,202.0,0.15,214.0,38.0,0.3743,-0.0036,0.0001,-0.1631,0.0477,-0.0022
2026-10-08T19:20:44Z,2026-10-08 19:20:10,SPXW,2026-10-09,C,7360.0,7753.0698,386.8,1.0,407.1,1.0,393.5,10.0,1.0,0.4823,0.9964,0.0001,-0.0199,0.0487,0.6021
2026-10-08T19:20:44Z,2026-10-08 19:20:10,SPXW,2026-10-09,P,7360.0,7753.0698,0.15,327.0,0.2,204.0,0.17,63.0,410.0,0.37,-0.0037,0.0001,-0.1657,0.0487,-0.0023
2026-10-08T19:20:44Z,2026-10-08 19:20:10,SPXW,2026-10-09,C,7365.0,7753.0698,384.3,1.0,402.1,1.0,388.15,10.0,4.0,0.4953,0.9963,0.0001,-0.0244,0.0497,0.6024
2026-10-08T19:20:44Z,2026-10-08 19:20:10,SPXW,2026-10-09,P,7365.0,7753.0698,0.15,474.0,0.2,86.0,0.25,99.0,223.0,0.3657,-0.0038,0.0001,-0.1684,0.0498,-0.0024
2026-10-08T19:20:44Z,2026-10-08 19:20:10,SPXW,2026-10-09,C,7370.0,7753.0698,376.8,1.0,397.1,1.0,396.99,0.0,45.0,0.469,0.9962,0.0001,-0.029,0.0508,0.6028
2026-10-08T19:20:44Z,2026-10-08 19:20:10,SPXW,2026-10-09,P,7370.0,7753.0698,0.15,586.0,0.2,75.0,0.25,61.0,699.0,0.3614,-0.0039,0.0001,-0.1711,0.0509,-0.0024
2026-10-08T19:20:44Z,2026-10-08 19:20:10,SPXW,2026-10-09,C,7375.0,7753.0698,371.8,1.0,392.1,1.0,384.37,0.0,11.0,0.4636,0.9961,0.0001,-0.0336,0.052,0.6031
2026-10-08T19:20:44Z,2026-10-08 19:20:10,SPXW,2026-10-09,P,7375.0,7753.0698,0.15,685.0,0.25,612.0,0.2,902.0,1059.0,0.3621,-0.004,0.0001,-0.174,0.052,-0.0025
2026-10-08T19:20:44Z,2026-10-08 19:20:10,SPXW,2026-10-09,C,7380.0,7753.0698,369.9,1.0,387.1,1.0,346.07,0.0,2.0,0.4906,0.996,0.0001,-0.0384,0.0532,0.6035
2026-10-08T19:20:44Z,2026-10-08 19:20:10,SPXW,2026-10-09,P,7380.0,7753.0698,0.15,681.0,0.25,571.0,0.2,39.0,258.0,0.3577,-0.0041,0.0001,-0.1769,0.0532,-0.0025
2026-10-08T19:20:44Z,2026-10-08 19:20:10,SPXW,2026-10-09,C,7385.0,7753.0698,364.8,1.0,382.1,1.0,397.41,1.0,1.0,0.483,0.9959,0.0001,-0.0432,0.0544,0.6038
2026-10-08T19:20:44Z,2026-10-08 19:20:10,SPXW,2026-10-09,P,7385.0,7753.0698,0.15,684.0,0.25,526.0,0.2,19.0,125.0,0.3533,-0.0042,0.0001,-0.1799,0.0544,-0.0026
2026-10-08T19:20:44Z,2026-10-08 19:20:10,SPXW,2026-10-09,C,7390.0,7753.0698,356.8,1.0,377.1,1.0,369.37,0.0,2.0,0.4051,0.9958,0.0001,-0.0482,0.0556,0.6042
2026-10-08T19:20:44Z,2026-10-08 19:20:10,SPXW,2026-10-09,P,7390.0,7753.0698,0.15,693.0,0.25,526.0,0.2,57.0,1397.0,0.349,-0.0043,0.0001,-0.1831,0.0557,-0.0027
2026-10-08T19:20:44Z,2026-10-08 19:20:10,SPXW,2026-10-09,C,7395.0,7753.0698,354.4,1.0,372.2,1.0,331.55,0.0,4.0,0.4659,0.9956,0.0001,-0.0533,0.057,0.6045
2026-10-08T19:20:44Z,2026-10-08 19:20:10,SPXW,2026-10-09,P,7395.0,7753.0698,0.15,761.0,0.25,522.0,0.2,26.0,215.0,0.3446,-0.0044,0.0001,-0.1864,0.057,-0.0027
2026-10-08T19:20:44Z,2026-10-08 19:20:10,SPXW,2026-10-09,C,7400.0,7753.0698,354.7,6.0,357.9,6.0,337.1,6.0,99.0,0.3677,0.9955,0.0001,-0.0585,0.0584,0.6048
2026-10-08T19:20:44Z,2026-10-08 19:20:10,SPXW,2026-10-09,P,7400.0,7753.0698,0.15,732.0,0.25,529.0,0.2,421.0,5176.0,0.3402,-0.0046,0.0001,-0.1898,0.0584,-0.0028
2026-10-08T19:20:44Z,2026-10-08 19:20:10,SPXW,2026-10-09,C,7405.0,7753.0698,345.9,1.0,362.2,1.0,0.0,0.0,0.0,0.481,0.9954,0.0001,-0.0639,0.0598,0.6052
2026-10-08T19:20:44Z,2026-10-08 19:20:10,SPXW,2026-10-09,P,7405.0,7753.0698,0.15,785.0,0.25,530.0,0.15,14.0,189.0,0.3358,-0.0047,0.0001,-0.1933,0.0599,-0.0029
2026-10-08T19:20:44Z,2026-10-08 19:20:10,SPXW,2026-10-09,C,7410.0,7753.0698,338.5,1.0,357.2,1.0,420.7,0.0,8.0,0.4813,0.9953,0.0001,-0.0693,0.0613,0.6055
2026-10-08T19:20:44Z,2026-10-08 19:20:10,SPXW,2026-10-09,P,7410.0,7753.0698,0.15,755.0,0.25,502.0,0.2,53.0,690.0,0.3314,-0.0048,0.0001,-0.1969,0.0614,-0.003
2026-10-08T19:20:44Z,2026-10-08 19:20:10,SPXW,2026-10-09,C,7415.0,7753.0698,335.9,1.0,352.2,1.0,0.0,0.0,0.0,0.4693,0.9951,0.0001,-0.0749,0.0629,0.6058
2026-10-08T19:20:44Z,2026-10-08 19:20:10,SPXW,2026-10-09,P,7415.0,7753.0698,0.2,108.0,0.25,460.0,0.2,20.0,528.0,0.327,-0.0049,0.0001,-0.2007,0.063,-0.003
2026-10-08T19:20:44Z,2026-10-08 19:20:10,SPXW,2026-10-09,C,7420.0,7753.0698,328.0,1.0,347.2,1.0,354.53,6.0,6.0,0.4695,0.995,0.0001,-0.0807,0.0645,0.6062
2026-10-08T19:20:44Z,2026-10-08 19:20:10,SPXW,2026-10-09,P,7420.0,7753.0698,0.2,154.0,0.25,323.0,0.25,239.0,535.0,0.3268,-0.0051,0.0001,-0.2046,0.0646,-0.0031
2026-10-08T19:20:44Z,2026-10-08 19:20:10,SPXW,2026-10-09,C,7425.0,7753.0698,325.3,1.0,342.2,1.0,282.59,0.0,3.0,0.448,0.9949,0.0001,-0.0866,0.0662,0.6065
2026-10-08T19:20:44Z,2026-10-08 19:20:10,SPXW,2026-10-09,P,7425.0,7753.0698,0.2,155.0,0.25,244.0,0.3,32.0,490.0,0.3224,-0.0052,0.0001,-0.2087,0.0663,-0.0032
2026-10-08T19:20:44Z,2026-10-08 19:20:10,SPXW,2026-10-09,C,7430.0,7753.0698,318.6,1.0,337.2,1.0,344.71,6.0,10.0,0.4106,0.9947,0.0001,-0.0927,0.068,0.6068
2026-10-08T19:20:44Z,2026-10-08 19:20:10,SPXW,2026-10-09,P,7430.0,7753.0698,0.2,187.0,0.25,228.0,0.25,57.0,338.0,0.3179,-0.0054,0.0001,-0.213,0.0681,-0.0033
2026-10-08T19:20:44Z,2026-10-08 19:20:10,SPXW,2026-10-09,C,7435.0,7753.0698,315.9,1.0,332.2,1.0,286.77,0.0,2.0,0.4458,0.9946,0.0001,-0.099,0.0698,0.6071
2026-10-08T19:20:44Z,2026-10-08 19:20:10,SPXW,2026-10-09,P,7435.0,7753.0698,0.2,243.0,0.25,162.0,0.25,38.0,390.0,0.3135,-0.0055,0.0001,-0.2175,0.07,-0.0034
2026-10-08T19:20:44Z,2026-10-08 19:20:10,SPXW,2026-10-09,C,7440.0,7753.0698,306.9,1.0,327.2,1.0,390.59,0.0,10.0,0.3578,0.9944,0.0001,-0.1054,0.0718,0.6074
2026-10-08T19:20:44Z,2026-10-08 19:20:10,SPXW,2026-10-09,P,7440.0,7753.0698,0.2,383.0,0.25,165.0,0.24,165.0,827.0,0.309,-0.0057,0.0001,-0.2221,0.0719,-0.0035
2026-10-08T19:20:44Z,2026-10-08 19:20:10,SPXW,2026-10-09,C,7445.0,7753.0698,304.8,1.0,322.2,1.0,313.85,0.0,7.0,0.4166,0.9942,0.0001,-0.1121,0.0738,0.6077
2026-10-08T19:20:44Z,2026-10-08 19:20:10,SPXW,2026-10-09,P,7445.0,7753.0698,0.2,585.0,0.3,494.0,0.4,27.0,346.0,0.3082,-0.0059,0.0001,-0.227,0.0739,-0.0036
2026-10-08T19:20:44Z,2026-10-08 19:20:10,SPXW,2026-10-09,C,7450.0,7753.0698,296.9,1.0,317.2,1.0,353.63,0.0,64.0,0.3886,0.994,0.0001,-0.119,0.0759,0.608
2026-10-08T19:20:44Z,2026-10-08 19:20:10,SPXW,2026-10-09,P,7450.0,7753.0698,0.2,586.0,0.3,450.0,0.25,205.0,2353.0,0.3037,-0.0061,0.0001,-0.232,0.076,-0.0037
2026-10-08T19:20:44Z,2026-10-08 19:20:10,SPXW,2026-10-09,C,7455.0,7753.0698,292.6,1.0,312.2,1.0,369.51,0.0,2.0,0.3767,0.9938,0.0001,-0.1261,0.078,0.6083
2026-10-08T19:20:44Z,2026-10-08 19:20:10,SPXW,2026-10-09,P,7455.0,7753.0698,0.2,599.0,0.3,486.0,0.3,60.0,626.0,0.2992,-0.0063,0.0001,-0.2373,0.0782,-0.0039
2026-10-08T19:20:44Z,2026-10-08 19:20:10,SPXW,2026-10-09,C,7460.0,7753.0698,289.2,1.0,307.3,1.0,315.98,4.0,26.0,0.3908,0.9936,0.0001,-0.1334,0.0803,0.6086
2026-10-08T19:20:44Z,2026-10-08 19:20:10,SPXW,2026-10-09,P,7460.0,7753.0698,0.2,613.0,0.3,464.0,0.4,95.0,796.0,0.2947,-0.0065,0.0001,-0.2429,0.0805,-0.004
2026-10-08T19:20:44Z,2026-10-08 19:20:10,SPXW,2026-10-09,C,7465.0,7753.0698,282.6,1.0,302.3,1.0,330.24,0.0,9.0,0.3658,0.9934,0.0001,-0.141,0.0827,0.6088
2026-10-08T19:20:44Z,2026-10-08 19:20:10,SPXW,2026-10-09,P,7465.0,7753.0698,0.2,615.0,0.3,461.0,0.4,101.0,392.0,0.2907,-0.0067,0.0001,-0.2482,0.0826,-0.0041
2026-10-08T19:20:44Z,2026-10-08 19:20:10,SPXW,2026-10-09,C,7470.0,7753.0698,280.9,1.0,297.3,1.0,304.89,4.0,44.0,0.4059,0.9932,0.0002,-0.1489,0.0852,0.6091
2026-10-08T19:20:44Z,2026-10-08 19:20:10,SPXW,2026-10-09,P,7470.0,7753.0698,0.2,639.0,0.3,492.0,0.27,106.0,957.0,0.2862,-0.0069,0.0002,-0.2542,0.0851,-0.0042
2026-10-08T19:20:44Z,2026-10-08 19:20:10,SPXW,2026-10-09,C,7475.0,7753.0698,271.9,1.0,292.3,1.0,285.03,1.0,15.0,0.3388,0.993,0.0002,-0.1571,0.0878,0.6094
2026-10-08T19:20:44Z,2026-10-08 19:20:10,SPXW,2026-10-09,P,7475.0,7753.0698,0.25,109.0,0.3,407.0,0.26,291.0,2274.0,0.2848,-0.0071,0.0002,-0.2605,0.0877,-0.0044
2026-10-08T19:20:44Z,2026-10-08 19:20:10,SPXW,2026-10-09,C,7480.0,7753.0698,270.2,1.0,287.3,1.0,273.38,6.0,60.0,0.384,0.9927,0.0002,-0.1656,0.0906,0.6096
2026-10-08T19:20:44Z,2026-10-08 19:20:10,SPXW,2026-10-09,P,7480.0,7753.0698,0.25,181.0,0.3,277.0,0.3,738.0,1542.0,0.2802,-0.0074,0.0002,-0.2672,0.0905,-0.0046
2026-10-08T19:20:44Z,2026-10-08 19:20:10,SPXW,2026-10-09,C,7485.0,7753.0698,265.7,1.0,282.3,1.0,317.84,0.0,2.0,0.3853,0.9924,0.0002,-0.1744,0.0935,0.6099
2026-10-08T19:20:44Z,2026-10-08 19:20:10,SPXW,2026-10-09,P,7485.0,7753.0698,0.25,172.0,0.3,209.0,0.3,138.0,1028.0,0.2757,-0.0076,0.0002,-0.2741,0.0934,-0.0047
2026-10-08T19:20:44Z,2026-10-08 19:20:10,SPXW,2026-10-09,C,7490.0,7753.0698,260.7,1.0,277.3,1.0,272.57,4.0,6.0,0.3794,0.9922,0.0002,-0.1836,0.0966,0.6101
2026-10-08T19:20:44Z,2026-10-08 19:20:10,SPXW,2026-10-09,P,7490.0,7753.0698,0.25,264.0,0.3,176.0,0.27,315.0,779.0,0.2711,-0.0079,0.0002,-0.2815,0.0965,-0.0049
2026-10-08T19:20:44Z,2026-10-08 19:20:10,SPXW,2026-10-09,C,7495.0,7753.0698,255.7,1.0,272.3,1.0,211.05,0.0,4.0,0.3734,0.9919,0.0002,-0.1932,0.0998,0.6104
2026-10-08T19:20:44Z,2026-10-08 19:20:10,SPXW,2026-10-09,P,7495.0,7753.0698,0.25,291.0,0.3,122.0,0.3,125.0,880.0,0.2665,-0.0082,0.0002,-0.2892,0.0997,-0.0051
2026-10-08T19:20:44Z,2026-10-08 19:20:10,SPXW,2026-10-09,C,7500.0,7753.0698,255.1,1.0,258.0,6.0,248.9,14.0,56.0,0.2597,0.9915,0.0002,-0.2032,0.1032,0.6106
2026-10-08T19:20:44Z,2026-10-08 19:20:10,SPXW,2026-10-09,P,7500.0,7753.0698,0.25,455.0,0.3,50.0,0.29,3145.0,3251.0,0.262,-0.0085,0.0002,-0.2974,0.1032,-0.0053
2026-10-08T19:20:44Z,2026-10-08 19:20:10,SPXW,2026-10-09,C,7505.0,7753.0698,246.0,1.0,262.3,1.0,289.65,0.0,3.0,0.3654,0.9912,0.0002,-0.2137,0.1069,0.6108
2026-10-08T19:20:44Z,2026-10-08 19:20:10,SPXW,2026-10-09,P,7505.0,7753.0698,0.25,585.0,0.35,457.0,0.3,580.0,448.0,0.2601,-0.0089,0.0002,-0.306,0.1068,-0.0055
2026-10-08T19:20:44Z,2026-10-08 19:20:10,SPXW,2026-10-09,C,7510.0,7753.0698,240.7,1.0,257.4,1.0,268.7,2.0,79.0,0.3568,0.9909,0.0002,-0.2247,0.1107,0.611
2026-10-08T19:20:44Z,2026-10-08 19:20:10,SPXW,2026-10-09,P,7510.0,7753.0698,0.25,602.0,0.35,446.0,0.27,248.0,585.0,0.2555,-0.0092,0.0002,-0.3152,0.1106,-0.0057
2026-10-08T19:20:44Z,2026-10-08 19:20:10,SPXW,2026-10-09,C,7515.0,7753.0698,235.7,1.0,252.7,1.0,151.7,0.0,11.0,0.3571,0.9905,0.0002,-0.2363,0.1147,0.6111
2026-10-08T19:20:44Z,2026-10-08 19:20:10,SPXW,2026-10-09,P,7515.0,7753.0698,0.25,649.0,0.35,365.0,0.3,8904.0,850.0,0.2508,-0.0096,0.0002,-0.3249,0.1146,-0.0059
2026-10-08T19:20:44Z,2026-10-08 19:20:10,SPXW,2026-10-09,C,7520.0,7753.0698,230.7,1.0,247.6,1.0,282.26,0.0,15.0,0.3473,0.9901,0.0003,-0.2485,0.119,0.6113
2026-10-08T19:20:44Z,2026-10-08 19:20:10,SPXW,2026-10-09,P,7520.0,7753.0698,0.3,50.0,0.35,381.0,0.3,1950.0,2169.0,0.2486,-0.01,0.0003,-0.3352,0.1189,-0.0062
2026-10-08T19:20:44Z,2026-10-08 19:20:10,SPXW,2026-10-09,C,7525.0,7753.0698,225.8,1.0,242.8,1.0,264.6,1.0,106.0,0.3461,0.9896,0.0003,-0.2614,0.1234,0.6114
2026-10-08T19:20:44Z,2026-10-08 19:20:10,SPXW,2026-10-09,P,7525.0,7753.0698,0.3,216.0,0.35,228.0,0.3,7506.0,4369.0,0.244,-0.0104,0.0003,-0.3462,0.1234,-0.0065
2026-10-08T19:20:44Z,2026-10-08 19:20:10,SPXW,2026-10-09,C,7530.0,7753.0698,221.0,1.0,237.4,1.0,225.62,1.0,23.0,0.3364,0.9892,0.0003,-0.275,0.1282,0.6116
2026-10-08T19:20:44Z,2026-10-08 19:20:10,SPXW,2026-10-09,P,7530.0,7753.0698,0.3,225.0,0.35,158.0,0.32,902.0,2528.0,0.2393,-0.0109,0.0003,-0.358,0.1281,-0.0068
2026-10-08T19:20:44Z,2026-10-08 19:20:10,SPXW,2026-10-09,C,7535.0,7753.0698,215.8,1.0,232.4,1.0,155.6,0.0,38.0,0.3279,0.9887,0.0003,-0.2895,0.1333,0.6117
2026-10-08T19:20:44Z,2026-10-08 19:20:10,SPXW,2026-10-09,P,7535.0,7753.0698,0.3,312.0,0.35,58.0,0.35,328.0,657.0,0.2346,-0.0114,0.0003,-0.3706,0.1332,-0.007
2026-10-08T19:20:44Z,2026-10-08 19:20:10,SPXW,2026-10-09,C,7540.0,7753.0698,210.8,1.0,223.8,1.0,248.6,10.0,28.0,0.2811,0.9882,0.0003,-0.3049,0.1387,0.6117
2026-10-08T19:20:44Z,2026-10-08 19:20:10,SPXW,2026-10-09,P,7540.0,7753.0698,0.3,449.0,0.4,416.0,0.35,613.0,1313.0,0.232,-0.0119,0.0003,-0.3841,0.1386,-0.0074
2026-10-08T19:20:44Z,2026-10-08 19:20:10,SPXW,2026-10-09,C,7545.0,7753.0698,205.9,1.0,218.3,1.0,203.95,3.0,8.0,0.2496,0.9876,0.0003,-0.3213,0.1446,0.6118
2026-10-08T19:20:44Z,2026-10-08 19:20:10,SPXW,2026-10-09,P,7545.0,7753.0698,0.3,456.0,0.4,407.0,0.35,245.0,599.0,0.2273,-0.0125,0.0003,-0.3987,0.1444,-0.0077
2026-10-08T19:20:44Z,2026-10-08 19:20:10,SPXW,2026-10-09,C,7550.0,7753.0698,200.9,1.0,213.2,1.0,209.75,7.0,160.0,0.2417,0.987,0.0004,-0.3388,0.1509,0.6118
2026-10-08T19:20:44Z,2026-10-08 19:20:10,SPXW,2026-10-09,P,7550.0,7753.0698,0.35,77.0,0.4,262.0,0.35,1741.0,2493.0,0.2245,-0.0131,0.0004,-0.4149,0.1509,-0.0081
2026-10-08T19:20:44Z,2026-10-08 19:20:10,SPXW,2026-10-09,C,7555.0,7753.0698,196.0,1.0,208.4,1.0,204.24,1.0,30.0,0.2441,0.9863,0.0004,-0.3577,0.1576,0.6118
2026-10-08T19:20:44Z,2026-10-08 19:20:10,SPXW,2026-10-09,P,7555.0,7753.0698,0.35,206.0,0.4,129.0,0.38,259.0,826.0,0.2197,-0.0138,0.0004,-0.4319,0.1576,-0.0086
2026-10-08T19:20:44Z,2026-10-08 19:20:10,SPXW,2026-10-09,C,7560.0,7753.0698,195.0,1.0,200.4,15.0,199.7,3.0,54.0,0.2588,0.9856,0.0004,-0.3781,0.1649,0.6118
2026-10-08T19:20:44Z,2026-10-08 19:20:10,SPXW,2026-10-09,P,7560.0,7753.0698,0.35,472.0,0.45,444.0,0.4,1023.0,1005.0,0.2168,-0.0145,0.0004,-0.4504,0.1649,-0.009
2026-10-08T19:20:44Z,2026-10-08 19:20:10,SPXW,2026-10-09,C,7565.0,7753.0698,190.0,1.0,195.4,15.0,185.04,2.0,16.0,0.2532,0.9848,0.0004,-0.4002,0.1727,0.6117
2026-10-08T19:20:44Z,2026-10-08 19:20:10,SPXW,2026-10-09,P,7565.0,7753.0698,0.35,502.0,0.45,270.0,0.4,522.0,1101.0,0.2119,-0.0153,0.0004,-0.4707,0.1727,-0.0095
2026-10-08T19:20:44Z,2026-10-08 19:20:10,SPXW,2026-10-09,C,7570.0,7753.0698,185.5,1.0,188.1,7.0,189.65,15.0,81.0,0.2056,0.9839,0.0005,-0.4242,0.181,0.6115
2026-10-08T19:20:44Z,2026-10-08 19:20:10,SPXW,2026-10-09,P,7570.0,7753.0698,0.4,196.0,0.45,138.0,0.42,580.0,1566.0,0.2088,-0.0162,0.0005,-0.4929,0.181,-0.0101
2026-10-08T19:20:44Z,2026-10-08 19:20:10,SPXW,2026-10-09,C,7575.0,7753.0698,180.0,1.0,185.5,15.0,175.88,3.0,86.0,0.2436,0.9829,0.0005,-0.4504,0.19,0.6113
2026-10-08T19:20:44Z,2026-10-08 19:20:10,SPXW,2026-10-09,P,7575.0,7753.0698,0.4,451.0,0.45,1.0,0.42,1493.0,1671.0,0.2039,-0.0172,0.0005,-0.5172,0.19,-0.0107
2026-10-08T19:20:44Z,2026-10-08 19:20:10,SPXW,2026-10-09,C,7580.0,7753.0698,175.5,1.0,178.0,1.0,170.89,29.0,163.0,0.233,0.9819,0.0005,-0.4792,0.1999,0.6111
2026-10-08T19:20:44Z,2026-10-08 19:20:10,SPXW,2026-10-09,P,7580.0,7753.0698,0.45,99.0,0.5,176.0,0.45,675.0,1225.0,0.2021,-0.0182,0.0005,-0.5441,0.1999,-0.0113
2026-10-08T19:20:44Z,2026-10-08 19:20:10,SPXW,2026-10-09,C,7585.0,7753.0698,168.3,1.0,175.5,15.0,198.78,6.0,65.0,0.21,0.9807,0.0006,-0.5107,0.2106,0.6108
2026-10-08T19:20:44Z,2026-10-08 19:20:10,SPXW,2026-10-09,P,7585.0,7753.0698,0.45,393.0,0.55,408.0,0.45,925.0,719.0,0.1986,-0.0194,0.0006,-0.5739,0.2106,-0.012
2026-10-08T19:20:44Z,2026-10-08 19:20:10,SPXW,2026-10-09,C,7590.0,7753.0698,165.3,6.0,168.1,6.0,167.62,7.0,308.0,0.1975,0.9794,0.0006,-0.5456,0.2224,0.6104
2026-10-08T19:20:44Z,2026-10-08 19:20:10,SPXW,2026-10-09,P,7590.0,7753.0698,0.5,144.0,0.55,163.0,0.5,1183.0,1130.0,0.1949,-0.0207,0.0006,-0.6069,0.2224,-0.0128
2026-10-08T19:20:44Z,2026-10-08 19:20:10,SPXW,2026-10-09,C,7595.0,7753.0698,158.2,1.0,165.6,15.0,182.13,2.0,47.0,0.2092,0.978,0.0006,-0.5843,0.2353,0.6099
2026-10-08T19:20:44Z,2026-10-08 19:20:10,SPXW,2026-10-09,P,7595.0,7753.0698,0.5,377.0,0.6,249.0,0.5,9845.0,8842.0,0.1912,-0.0221,0.0006,-0.6437,0.2353,-0.0137
2026-10-08T19:20:44Z,2026-10-08 19:20:10,SPXW,2026-10-09,C,7600.0,7753.0698,155.4,6.0,158.2,6.0,157.03,54.0,594.0,0.187,0.9764,0.0007,-0.6274,0.2494,0.6093
2026-10-08T19:20:44Z,2026-10-08 19:20:10,SPXW,2026-10-09,P,7600.0,7753.0698,0.55,373.0,0.65,270.0,0.55,6419.0,5705.0,0.1885,-0.0237,0.0007,-0.685,0.2494,-0.0148
2026-10-08T19:20:44Z,2026-10-08 19:20:10,SPXW,2026-10-09,C,7605.0,7753.0698,148.7,1.0,155.7,16.0,148.48,1.0,38.0,0.1999,0.9746,0.0008,-0.6756,0.2647,0.6086
2026-10-08T19:20:44Z,2026-10-08 19:20:10,SPXW,2026-10-09,P,7605.0,7753.0698,0.6,293.0,0.7,264.0,0.6,9106.0,9391.0,0.1857,-0.0254,0.0008,-0.7314,0.2647,-0.0159
2026-10-08T19:20:44Z,2026-10-08 19:20:10,SPXW,2026-10-09,C,7610.0,7753.0698,143.4,1.0,150.7,16.0,142.88,24.0,163.0,0.1909,0.9726,0.0008,-0.7298,0.2814,0.6078
2026-10-08T19:20:44Z,2026-10-08 19:20:10,SPXW,2026-10-09,P,7610.0,7753.0698,0.65,324.0,0.75,291.0,0.7,1705.0,912.0,0.1826,-0.0274,0.0008,-0.7837,0.2814,-0.0171
2026-10-08T19:20:44Z,2026-10-08 19:20:10,SPXW,2026-10-09,C,7615.0,7753.0698,138.6,1.0,145.8,16.0,138.34,2.0,32.0,0.1887,0.9704,0.0009,-0.7908,0.3,0.6068
2026-10-08T19:20:44Z,2026-10-08 19:20:10,SPXW,2026-10-09,P,7615.0,7753.0698,0.7,252.0,0.8,208.0,0.75,9693.0,2152.0,0.1793,-0.0297,0.0009,-0.8429,0.3,-0.0185
2026-10-08T19:20:44Z,2026-10-08 19:20:10,SPXW,2026-10-09,C,7620.0,7753.0698,133.5,1.0,140.8,16.0,156.92,2.0,158.0,0.1892,0.9679,0.001,-0.8596,0.3206,0.6056
2026-10-08T19:20:44Z,2026-10-08 19:20:10,SPXW,2026-10-09,P,7620.0,7753.0698,0.8,111.0,0.85,83.0,0.85,3644.0,1430.0,0.1767,-0.0322,0.001,-0.9099,0.3206,-0.0201
2026-10-08T19:20:44Z,2026-10-08 19:20:10,SPXW,2026-10-09,C,7625.0,7753.0698,129.0,1.0,135.9,16.0,136.48,18.0,582.0,0.1848,0.9651,0.001,-0.9376,0.3432,0.6042
2026-10-08T19:20:44Z,2026-10-08 19:20:10,SPXW,2026-10-09,P,7625.0,7753.0698,0.85,321.0,0.95,183.0,0.9,6098.0,2350.0,0.1738,-0.035,0.001,-0.9861,0.3432,-0.0219
2026-10-08T19:20:44Z,2026-10-08 19:20:10,SPXW,2026-10-09,C,7630.0,7753.0698,125.5,1.0,131.0,16.0,131.6,15.0,165.0,0.1923,0.9619,0.0012,-1.0264,0.3679,0.6026
2026-10-08T19:20:44Z,2026-10-08 19:20:10,SPXW,2026-10-09,P,7630.0,7753.0698,0.95,262.0,1.05,194.0,0.92,1697.0,1127.0,0.1715,-0.0382,0.0012,-1.073,0.3679,-0.0239
2026-10-08T19:20:44Z,2026-10-08 19:20:10,SPXW,2026-10-09,C,7635.0,7753.0698,120.6,1.0,126.1,16.0,115.66,42.0,148.0,0.1883,0.9582,0.0013,-1.1277,0.395,0.6007
2026-10-08T19:20:44Z,2026-10-08 19:20:10,SPXW,2026-10-09,P,7635.0,7753.0698,1.05,217.0,1.15,103.0,1.09,1121.0,2215.0,0.1688,-0.0418,0.0013,-1.1724,0.395,-0.0262
2026-10-08T19:20:44Z,2026-10-08 19:20:10,SPXW,2026-10-09,C,7640.0,7753.0698,115.8,1.0,121.2,16.0,116.97,45.0,272.0,0.1851,0.9542,0.0014,-1.2432,0.4251,0.5986
2026-10-08T19:20:44Z,2026-10-08 19:20:10,SPXW,2026-10-09,P,7640.0,7753.0698,1.2,111.0,1.25,1.0,1.2,2019.0,1278.0,0.1664,-0.0459,0.0014,-1.2861,0.4251,-0.0288
2026-10-08T19:20:44Z,2026-10-08 19:20:10,SPXW,2026-10-09,C,7645.0,7753.0698,111.3,6.0,114.0,6.0,105.98,12.0,98.0,0.1662,0.9495,0.0015,-1.3752,0.4584,0.596
2026-10-08T19:20:44Z,2026-10-08 19:20:10,SPXW,2026-10-09,P,7645.0,7753.0698,1.35,35.0,1.4,110.0,1.3,1581.0,1353.0,0.1643,-0.0506,0.0015,-1.4162,0.4584,-0.0317
2026-10-08T19:20:44Z,2026-10-08 19:20:10,SPXW,2026-10-09,C,7650.0,7753.0698,106.4,6.0,109.2,6.0,111.95,69.0,833.0,0.1645,0.9442,0.0017,-1.5265,0.4945,0.5931
2026-10-08T19:20:44Z,2026-10-08 19:20:10,SPXW,2026-10-09,P,7650.0,7753.0698,1.5,125.0,1.6,187.0,1.55,5891.0,2356.0,0.1623,-0.0558,0.0017,-1.5657,0.4945,-0.0351
2026-10-08T19:20:44Z,2026-10-08 19:20:10,SPXW,2026-10-09,C,7655.0,7753.0698,101.6,6.0,104.3,6.0,88.42,3.0,128.0,0.1583,0.9383,0.0018,-1.7,0.5337,0.5897
2026-10-08T19:20:44Z,2026-10-08 19:20:10,SPXW,2026-10-09,P,7655.0,7753.0698,1.65,231.0,1.75,63.0,1.7,2219.0,1276.0,0.1598,-0.0618,0.0018,-1.7374,0.5337,-0.0388
2026-10-08T19:20:44Z,2026-10-08 19:20:10,SPXW,2026-10-09,C,7660.0,7753.0698,97.4,4.0,99.0,10.0,86.33,13.0,275.0,0.1606,0.9315,0.002,-1.8988,0.5769,0.5859
2026-10-08T19:20:44Z,2026-10-08 19:20:10,SPXW,2026-10-09,P,7660.0,7753.0698,1.9,87.0,1.95,8.0,1.9,3097.0,1380.0,0.1579,-0.0686,0.002,-1.9343,0.5769,-0.0431
2026-10-08T19:20:44Z,2026-10-08 19:20:10,SPXW,2026-10-09,C,7665.0,7753.0698,92.5,4.0,94.1,4.0,95.19,22.0,467.0,0.1591,0.9239,0.0022,-2.1267,0.6239,0.5814
2026-10-08T19:20:44Z,2026-10-08 19:20:10,SPXW,2026-10-09,P,7665.0,7753.0698,2.15,53.0,2.2,1.0,2.1,1708.0,1150.0,0.1554,-0.0762,0.0022,-2.1604,0.6239,-0.048
2026-10-08T19:20:44Z,2026-10-08 19:20:10,SPXW,2026-10-09,C,7670.0,7753.0698,87.8,4.0,89.5,4.0,92.45,34.0,402.0,0.1555,0.9152,0.0024,-2.3882,0.674,0.5763
2026-10-08T19:20:44Z,2026-10-08 19:20:10,SPXW,2026-10-09,P,7670.0,7753.0698,2.4,129.0,2.5,139.0,2.25,3050.0,1407.0,0.1533,-0.0848,0.0024,-2.4201,0.674,-0.0535
2026-10-08T19:20:44Z,2026-10-08 19:20:10,SPXW,2026-10-09,C,7675.0,7753.0698,83.1,4.0,84.8,4.0,87.51,44.0,488.0,0.1544,0.9055,0.0027,-2.6875,0.7282,0.5706
2026-10-08T19:20:44Z,2026-10-08 19:20:10,SPXW,2026-10-09,P,7675.0,7753.0698,2.7,152.0,2.8,40.0,2.75,3851.0,2089.0,0.151,-0.0946,0.0027,-2.7176,0.7282,-0.0596
2026-10-08T19:20:44Z,2026-10-08 19:20:10,SPXW,2026-10-09,C,7680.0,7753.0698,78.6,4.0,80.0,4.0,84.86,67.0,370.0,0.1507,0.8946,0.003,-3.0299,0.7865,0.564
2026-10-08T19:20:44Z,2026-10-08 19:20:10,SPXW,2026-10-09,P,7680.0,7753.0698,3.0,138.0,3.2,145.0,3.15,3969.0,1272.0,0.1488,-0.1055,0.003,-3.058,0.7865,-0.0666
2026-10-08T19:20:44Z,2026-10-08 19:20:10,SPXW,2026-10-09,C,7685.0,7753.0698,73.9,4.0,75.4,4.0,72.38,27.0,142.0,0.1484,0.8823,0.0032,-3.4214,0.8474,0.5566
2026-10-08T19:20:44Z,2026-10-08 19:20:10,SPXW,2026-10-09,P,7685.0,7753.0698,3.4,128.0,3.6,135.0,3.6,2365.0,1156.0,0.1467,-0.1178,0.0032,-3.4477,0.8474,-0.0745
2026-10-08T19:20:44Z,2026-10-08 19:20:10,SPXW,2026-10-09,C,7690.0,7753.0698,69.3,5.0,71.0,10.0,72.41,82.0,355.0,0.1473,0.8686,0.0036,-3.8674,0.9121,0.5483
2026-10-08T19:20:44Z,2026-10-08 19:20:10,SPXW,2026-10-09,P,7690.0,7753.0698,3.9,106.0,4.0,6.0,4.0,3688.0,1713.0,0.1446,-0.1315,0.0036,-3.8918,0.9121,-0.0831
2026-10-08T19:20:44Z,2026-10-08 19:20:10,SPXW,2026-10-09,C,7695.0,7753.0698,64.8,5.0,66.5,10.0,65.7,46.0,227.0,0.1448,0.8533,0.0039,-4.3751,0.9798,0.5389
2026-10-08T19:20:44Z,2026-10-08 19:20:10,SPXW,2026-10-09,P,7695.0,7753.0698,4.4,103.0,4.6,87.0,4.45,2982.0,1086.0,0.1424,-0.1467,0.0039,-4.3977,0.9798,-0.093
2026-10-08T19:20:44Z,2026-10-08 19:20:10,SPXW,2026-10-09,C,7700.0,7753.0698,60.4,6.0,61.9,4.0,61.58,332.0,1579.0,0.1423,0.8364,0.0043,-4.952,1.0489,0.5285
2026-10-08T19:20:44Z,2026-10-08 19:20:10,SPXW,2026-10-09,P,7700.0,7753.0698,5.0,30.0,5.1,59.0,5.03,10725.0,4741.0,0.1405,-0.1637,0.0043,-4.9728,1.0489,-0.1038
2026-10-08T19:20:44Z,2026-10-08 19:20:10,SPXW,2026-10-09,C,7705.0,7753.0698,56.1,6.0,57.5,4.0,63.24,271.0,332.0,0.1391,0.8176,0.0046,-5.6051,1.1207,0.5169
2026-10-08T19:20:44Z,2026-10-08 19:20:10,SPXW,2026-10-09,P,7705.0,7753.0698,5.6,72.0,5.7,6.0,5.16,2444.0,874.0,0.1379,-0.1825,0.0046,-5.6241,1.1207,-0.1158
2026-10-08T19:20:44Z,2026-10-08 19:20:10,SPXW,2026-10-09,C,7710.0,7753.0698,52.2,13.0,53.3,13.0,56.11,282.0,559.0,0.1358,0.7969,0.005,-6.3443,1.1923,0.504
2026-10-08T19:20:44Z,2026-10-08 19:20:10,SPXW,2026-10-09,P,7710.0,7753.0698,6.3,74.0,6.5,99.0,6.45,4221.0,985.0,0.136,-0.2032,0.005,-6.3614,1.1923,-0.1291
2026-10-08T19:20:44Z,2026-10-08 19:20:10,SPXW,2026-10-09,C,7715.0,7753.0698,48.1,6.0,49.1,13.0,49.36,202.0,434.0,0.1339,0.7742,0.0054,-7.1778,1.264,0.49
2026-10-08T19:20:44Z,2026-10-08 19:20:10,SPXW,2026-10-09,P,7715.0,7753.0698,7.1,72.0,7.3,97.0,7.2,2747.0,987.0,0.1337,-0.2259,0.0054,-7.1931,1.264,-0.1435
2026-10-08T19:20:44Z,2026-10-08 19:20:10,SPXW,2026-10-09,C,7720.0,7753.0698,44.0,7.0,44.8,9.0,48.23,2145.0,945.0,0.1319,0.7493,0.0058,-8.1167,1.3345,0.4743
2026-10-08T19:20:44Z,2026-10-08 19:20:10,SPXW,2026-10-09,P,7720.0,7753.0698,8.0,72.0,8.2,93.0,8.1,5166.0,2543.0,0.1313,-0.2508,0.0058,-8.1302,1.3345,-0.1596
2026-10-08T19:20:44Z,2026-10-08 19:20:10,SPXW,2026-10-09,C,7725.0,7753.0698,40.4,6.0,40.7,20.0,40.93,1892.0,3928.0,0.1295,0.7222,0.0062,-9.1715,1.4015,0.4575
2026-10-08T19:20:44Z,2026-10-08 19:20:10,SPXW,2026-10-09,P,7725.0,7753.0698,9.1,51.0,9.2,4.0,9.1,3535.0,4268.0,0.1289,-0.2778,0.0062,-9.1831,1.4015,-0.1768
2026-10-08T19:20:44Z,2026-10-08 19:20:10,SPXW,2026-10-09,C,7730.0,7753.0698,36.6,2.0,36.8,22.0,37.49,827.0,760.0,0.1272,0.6929,0.0066,-10.3494,1.465,0.4389
2026-10-08T19:20:44Z,2026-10-08 19:20:10,SPXW,2026-10-09,P,7730.0,7753.0698,10.2,43.0,10.3,2.0,10.2,7410.0,2189.0,0.1271,-0.3072,0.0066,-10.3591,1.465,-0.1958
2026-10-08T19:20:44Z,2026-10-08 19:20:10,SPXW,2026-10-09,C,7735.0,7753.0698,32.9,3.0,33.1,24.0,32.7,1115.0,562.0,0.125,0.6613,0.007,-11.6348,1.5214,0.4192
2026-10-08T19:20:44Z,2026-10-08 19:20:10,SPXW,2026-10-09,P,7735.0,7753.0698,11.5,41.0,11.7,67.0,11.39,4513.0,907.0,0.1249,-0.3388,0.007,-11.6427,1.5214,-0.216
2026-10-08T19:20:44Z,2026-10-08 19:20:10,SPXW,2026-10-09,C,7740.0,7753.0698,29.3,16.0,29.6,41.0,29.5,1526.0,775.0,0.1232,0.6274,0.0074,-12.9625,1.5708,0.3976
2026-10-08T19:20:44Z,2026-10-08 19:20:10,SPXW,2026-10-09,P,7740.0,7753.0698,13.0,19.0,13.1,1.0,13.1,4236.0,884.0,0.1227,-0.3726,0.0074,-12.9686,1.5708,-0.238
2026-10-08T19:20:44Z,2026-10-08 19:20:10,SPXW,2026-10-09,C,7745.0,7753.0698,26.0,6.0,26.2,28.0,26.0,1312.0,1132.0,0.1209,0.5914,0.0077,-14.2008,1.6094,0.375
2026-10-08T19:20:44Z,2026-10-08 19:20:10,SPXW,2026-10-09,P,7745.0,7753.0698,14.6,43.0,14.8,28.0,14.7,3253.0,1169.0,0.1208,-0.4087,0.0077,-14.2051,1.6094,-0.261
2026-10-08T19:20:44Z,2026-10-08 19:20:10,SPXW,2026-10-09,C,7750.0,7753.0698,22.9,6.0,23.0,15.0,22.9,6392.0,3746.0,0.1194,0.5533,0.008,-15.1123,1.6366,0.3507
2026-10-08T19:20:44Z,2026-10-08 19:20:10,SPXW,2026-10-09,P,7750.0,7753.0698,16.5,19.0,16.7,17.0,16.4,8787.0,4587.0,0.1186,-0.4468,0.008,-15.1147,1.6366,-0.2857
2026-10-08T19:20:44Z,2026-10-08 19:20:10,SPXW,2026-10-09,C,7755.0,7753.0698,19.9,7.0,20.1,36.0,19.8,2643.0,1238.0,0.1172,0.5134,0.0082,-15.4652,1.6493,0.3256
2026-10-08T19:20:44Z,2026-10-08 19:20:10,SPXW,2026-10-09,P,7755.0,7753.0698,18.5,37.0,18.7,7.0,18.6,3332.0,734.0,0.1172,-0.4866,0.0082,-15.4658,1.6493,-0.3112
2026-10-08T19:20:44Z,2026-10-08 19:20:10,SPXW,2026-10-09,C,7760.0,7753.0698,17.2,19.0,17.4,61.0,17.44,4480.0,1165.0,0.1157,0.4722,0.0083,-15.071,1.6465,0.2993
2026-10-08T19:20:44Z,2026-10-08 19:20:10,SPXW,2026-10-09,P,7760.0,7753.0698,20.8,30.0,21.0,6.0,20.8,5588.0,1052.0,0.1157,-0.5279,0.0083,-15.0697,1.6465,-0.3379
2026-10-08T19:20:44Z,2026-10-08 19:20:10,SPXW,2026-10-09,C,7765.0,7753.0698,14.7,13.0,14.9,39.0,14.9,1909.0,427.0,0.1142,0.4301,0.0083,-13.96,1.6267,0.2726
2026-10-08T19:20:44Z,2026-10-08 19:20:10,SPXW,2026-10-09,P,7765.0,7753.0698,23.3,24.0,23.5,6.0,21.62,2446.0,726.0,0.1141,-0.57,0.0083,-13.9568,1.6267,-0.365
2026-10-08T19:20:44Z,2026-10-08 19:20:10,SPXW,2026-10-09,C,7770.0,7753.0698,12.4,54.0,12.6,38.0,12.4,6875.0,3047.0,0.1128,0.3877,0.0082,-12.339,1.5891,0.2457
2026-10-08T19:20:44Z,2026-10-08 19:20:10,SPXW,2026-10-09,P,7770.0,7753.0698,26.1,5.0,26.3,17.0,26.2,4301.0,874.0,0.1124,-0.6124,0.0082,-12.334,1.5891,-0.3923
2026-10-08T19:20:44Z,2026-10-08 19:20:10,SPXW,2026-10-09,C,7775.0,7753.0698,10.4,25.0,10.6,33.0,10.4,5740.0,2773.0,0.1113,0.3456,0.008,-10.5238,1.5337,0.2188
2026-10-08T19:20:44Z,2026-10-08 19:20:10,SPXW,2026-10-09,P,7775.0,7753.0698,29.0,15.0,29.2,3.0,29.2,4100.0,1218.0,0.1113,-0.6544,0.008,-10.517,1.5337,-0.4196
2026-10-08T19:20:44Z,2026-10-08 19:20:10,SPXW,2026-10-09,C,7780.0,7753.0698,8.6,73.0,8.8,60.0,8.8,6323.0,1335.0,0.1101,0.3047,0.0077,-8.7699,1.4625,0.1929
2026-10-08T19:20:44Z,2026-10-08 19:20:10,SPXW,2026-10-09,P,7780.0,7753.0698,32.2,14.0,32.4,2.0,31.5,3690.0,972.0,0.11,-0.6954,0.0077,-8.7612,1.4625,-0.4459
2026-10-08T19:20:44Z,2026-10-08 19:20:10,SPXW,2026-10-09,C,7785.0,7753.0698,7.1,10.0,7.2,61.0,7.1,6099.0,753.0,0.1091,0.2656,0.0073,-7.2089,1.376,0.168
2026-10-08T19:20:44Z,2026-10-08 19:20:10,SPXW,2026-10-09,P,7785.0,7753.0698,35.3,4.0,36.3,12.0,35.76,1902.0,540.0,0.1087,-0.7345,0.0073,-7.1984,1.376,-0.4713
2026-10-08T19:20:44Z,2026-10-08 19:20:10,SPXW,2026-10-09,C,7790.0,7753.0698,5.7,96.0,5.9,49.0,6.0,7113.0,872.0,0.1081,0.2289,0.0068,-5.8699,1.2787,0.1446
2026-10-08T19:20:44Z,2026-10-08 19:20:10,SPXW,2026-10-09,P,7790.0,7753.0698,38.9,5.0,40.0,11.0,37.66,2166.0,1995.0,0.1069,-0.7712,0.0068,-5.8575,1.2787,-0.4951
2026-10-08T19:20:44Z,2026-10-08 19:20:10,SPXW,2026-10-09,C,7795.0,7753.0698,4.6,36.0,4.7,46.0,4.75,4019.0,843.0,0.1073,0.1952,0.0062,-4.7412,1.1734,0.1233
2026-10-08T19:20:44Z,2026-10-08 19:20:10,SPXW,2026-10-09,P,7795.0,7753.0698,42.7,6.0,44.2,12.0,42.21,831.0,327.0,0.1055,-0.8049,0.0062,-4.727,1.1734,-0.5168
2026-10-08T19:20:44Z,2026-10-08 19:20:10,SPXW,2026-10-09,C,7800.0,7753.0698,3.6,131.0,3.8,124.0,3.7,16340.0,6441.0,0.1067,0.1648,0.0056,-3.8031,1.0632,0.1039
2026-10-08T19:20:44Z,2026-10-08 19:20:10,SPXW,2026-10-09,P,7800.0,7753.0698,46.8,4.0,47.9,11.0,46.46,4383.0,2469.0,0.1047,-0.8353,0.0056,-3.7871,1.0632,-0.5366
2026-10-08T19:20:44Z,2026-10-08 19:20:10,SPXW,2026-10-09,C,7805.0,7753.0698,2.9,14.0,3.0,81.0,3.0,3049.0,1350.0,0.1063,0.1378,0.005,-3.0329,0.9534,0.0868
2026-10-08T19:20:44Z,2026-10-08 19:20:10,SPXW,2026-10-09,P,7805.0,7753.0698,51.0,10.0,52.5,12.0,48.56,651.0,500.0,0.105,-0.8622,0.005,-3.015,0.9534,-0.5541
2026-10-08T19:20:44Z,2026-10-08 19:20:10,SPXW,2026-10-09,C,7810.0,7753.0698,2.25,116.0,2.35,71.0,2.37,6129.0,1948.0,0.1059,0.1144,0.0044,-2.4086,0.8455,0.072
2026-10-08T19:20:44Z,2026-10-08 19:20:10,SPXW,2026-10-09,P,7810.0,7753.0698,55.3,10.0,56.5,11.0,53.51,338.0,1037.0,0.1038,-0.8856,0.0044,-2.3889,0.8455,-0.5693
2026-10-08T19:20:44Z,2026-10-08 19:20:10,SPXW,2026-10-09,C,7815.0,7753.0698,1.8,22.0,1.85,94.0,1.8,3687.0,1690.0,0.1056,0.0944,0.0038,-1.9076,0.7434,0.0593
2026-10-08T19:20:44Z,2026-10-08 19:20:10,SPXW,2026-10-09,P,7815.0,7753.0698,59.8,11.0,61.0,11.0,56.3,228.0,363.0,0.1035,-0.9057,0.0038,-1.886,0.7434,-0.5824
2026-10-08T19:20:44Z,2026-10-08 19:20:10,SPXW,2026-10-09,C,7820.0,7753.0698,1.4,1.0,1.45,91.0,1.4,5360.0,1677.0,0.1058,0.0775,0.0033,-1.5089,0.6487,0.0486
2026-10-08T19:20:44Z,2026-10-08 19:20:10,SPXW,2026-10-09,P,7820.0,7753.0698,64.4,11.0,65.6,11.0,61.95,194.0,313.0,0.1034,-0.9226,0.0033,-1.4856,0.6487,-0.5935
2026-10-08T19:20:44Z,2026-10-08 19:20:10,SPXW,2026-10-09,C,7825.0,7753.0698,1.05,207.0,1.15,73.0,1.14,5923.0,4194.0,0.1064,0.0635,0.0028,-1.1945,0.5624,0.0397
2026-10-08T19:20:44Z,2026-10-08 19:20:10,SPXW,2026-10-09,P,7825.0,7753.0698,69.1,11.0,70.3,11.0,67.0,97.0,2065.0,0.1036,-0.9366,0.0028,-1.1693,0.5624,-0.6028
2026-10-08T19:20:44Z,2026-10-08 19:20:10,SPXW,2026-10-09,C,7830.0,7753.0698,0.85,111.0,0.9,53.0,0.95,6627.0,4187.0,0.1069,0.0519,0.0024,-0.9476,0.4856,0.0324
2026-10-08T19:20:44Z,2026-10-08 19:20:10,SPXW,2026-10-09,P,7830.0,7753.0698,73.8,11.0,75.6,10.0,70.07,253.0,512.0,0.1035,-0.9482,0.0024,-0.9206,0.4856,-0.6105
2026-10-08T19:20:44Z,2026-10-08 19:20:10,SPXW,2026-10-09,C,7835.0,7753.0698,0.7,1.0,0.75,354.0,0.75,2972.0,1270.0,0.1081,0.0424,0.002,-0.755,0.4179,0.0265
2026-10-08T19:20:44Z,2026-10-08 19:20:10,SPXW,2026-10-09,P,7835.0,7753.0698,78.6,5.0,80.0,10.0,79.44,503.0,754.0,0.1078,-0.9577,0.002,-0.7261,0.4179,-0.6169
2026-10-08T19:20:44Z,2026-10-08 19:20:10,SPXW,2026-10-09,C,7840.0,7753.0698,0.55,45.0,0.6,108.0,0.58,4239.0,3910.0,0.109,0.0348,0.0017,-0.605,0.3594,0.0216
2026-10-08T19:20:44Z,2026-10-08 19:20:10,SPXW,2026-10-09,P,7840.0,7753.0698,83.5,10.0,84.9,6.0,81.04,575.0,842.0,0.1071,-0.9653,0.0017,-0.5742,0.3594,-0.6221
2026-10-08T19:20:44Z,2026-10-08 19:20:10,SPXW,2026-10-09,C,7845.0,7753.0698,0.45,8.0,0.5,370.0,0.48,4100.0,1733.0,0.1107,0.0286,0.0014,-0.4885,0.3091,0.0178
2026-10-08T19:20:44Z,2026-10-08 19:20:10,SPXW,2026-10-09,P,7845.0,7753.0698,88.4,10.0,89.6,6.0,95.42,93.0,126.0,0.1085,-0.9715,0.0014,-0.456,0.3091,-0.6264
2026-10-08T19:20:44Z,2026-10-08 19:20:10,SPXW,2026-10-09,C,7850.0,7753.0698,0.35,165.0,0.4,120.0,0.4,9493.0,7455.0,0.1116,0.0236,0.0012,-0.3981,0.2664,0.0147
2026-10-08T19:20:44Z,2026-10-08 19:20:10,SPXW,2026-10-09,P,7850.0,7753.0698,93.3,10.0,94.7,6.0,89.73,170.0,2232.0,0.1091,-0.9764,0.0012,-0.3637,0.2664,-0.6299
2026-10-08T19:20:44Z,2026-10-08 19:20:10,SPXW,2026-10-09,C,7855.0,7753.0698,0.3,82.0,0.35,219.0,0.32,2444.0,1560.0,0.1141,0.0197,0.001,-0.3282,0.2306,0.0122
2026-10-08T19:20:44Z,2026-10-08 19:20:10,SPXW,2026-10-09,P,7855.0,7753.0698,98.1,10.0,99.8,4.0,99.01,4.0,264.0,0.1002,-0.9804,0.001,-0.2919,0.2306,-0.6328
2026-10-08T19:20:44Z,2026-10-08 19:20:10,SPXW,2026-10-09,C,7860.0,7753.0698,0.25,86.0,0.3,285.0,0.25,3671.0,3153.0,0.1162,0.0166,0.0008,-0.2739,0.2006,0.0103
2026-10-08T19:20:44Z,2026-10-08 19:20:10,SPXW,2026-10-09,P,7860.0,7753.0698,102.5,6.0,105.2,1.0,103.06,215.0,322.0,0.0885,-0.9835,0.0008,-0.2358,0.2006,-0.6351
2026-10-08T19:20:44Z,2026-10-08 19:20:10,SPXW,2026-10-09,C,7865.0,7753.0698,0.2,256.0,0.25,116.0,0.22,2883.0,2374.0,0.1176,0.0141,0.0007,-0.2318,0.1757,0.0087
2026-10-08T19:20:44Z,2026-10-08 19:20:10,SPXW,2026-10-09,P,7865.0,7753.0698,107.5,6.0,110.0,1.0,67.7,0.0,106.0,0.0,-0.986,0.0007,-0.1919,0.1757,-0.6371
2026-10-08T19:20:44Z,2026-10-08 19:20:10,SPXW,2026-10-09,C,7870.0,7753.0698,0.2,1.0,0.25,623.0,0.25,2417.0,6723.0,0.1223,0.0121,0.0006,-0.1992,0.1551,0.0075
2026-10-08T19:20:44Z,2026-10-08 19:20:10,SPXW,2026-10-09,P,7870.0,7753.0698,112.5,6.0,115.2,1.0,117.07,18.0,84.0,0.0,-0.988,0.0006,-0.1574,0.1551,-0.6388
2026-10-08T19:20:44Z,2026-10-08 19:20:10,SPXW,2026-10-09,C,7875.0,7753.0698,0.15,271.0,0.2,41.0,0.17,3967.0,5023.0,0.1228,0.0106,0.0006,-0.1739,0.1381,0.0065
2026-10-08T19:20:44Z,2026-10-08 19:20:10,SPXW,2026-10-09,P,7875.0,7753.0698,117.4,6.0,120.0,1.0,109.88,76.0,1571.0,0.0,-0.9895,0.0006,-0.1303,0.1381,-0.6401
2026-10-08T19:20:44Z,2026-10-08 19:20:10,SPXW,2026-10-09,C,7880.0,7753.0698,0.15,47.0,0.2,482.0,0.17,2131.0,4216.0,0.1273,0.0093,0.0005,-0.1542,0.1242,0.0057
2026-10-08T19:20:44Z,2026-10-08 19:20:10,SPXW,2026-10-09,P,7880.0,7753.0698,122.5,6.0,125.1,1.0,122.93,208.0,218.0,0.1062,-0.9908,0.0005,-0.1087,0.1242,-0.6413
2026-10-08T19:20:44Z,2026-10-08 19:20:10,SPXW,2026-10-09,C,7885.0,7753.0698,0.1,781.0,0.2,489.0,0.15,1062.0,1118.0,0.1293,0.0083,0.0004,-0.1388,0.1127,0.0051
2026-10-08T19:20:44Z,2026-10-08 19:20:10,SPXW,2026-10-09,P,7885.0,7753.0698,127.4,6.0,130.1,1.0,112.09,1.0,19.0,0.0,-0.9918,0.0004,-0.0915,0.1127,-0.6424
2026-10-08T19:20:44Z,2026-10-08 19:20:10,SPXW,2026-10-09,C,7890.0,7753.0698,0.1,401.0,0.15,46.0,0.12,1661.0,2078.0,0.1308,0.0075,0.0004,-0.1268,0.1032,0.0046
2026-10-08T19:20:44Z,2026-10-08 19:20:10,SPXW,2026-10-09,P,7890.0,7753.0698,130.0,1.0,136.7,1.0,146.0,4.0,21.0,0.0,-0.9926,0.0004,-0.0776,0.1032,-0.6433
2026-10-08T19:20:44Z,2026-10-08 19:20:10,SPXW,2026-10-09,C,7895.0,7753.0698,0.1,220.0,0.15,426.0,0.1,575.0,1087.0,0.1351,0.0068,0.0003,-0.1172,0.0952,0.0042
2026-10-08T19:20:44Z,2026-10-08 19:20:10,SPXW,2026-10-09,P,7895.0,7753.0698,137.4,6.0,140.1,1.0,137.91,11.0,10.0,0.0,-0.9932,0.0003,-0.0662,0.0952,-0.6441
2026-10-08T19:20:44Z,2026-10-08 19:20:10,SPXW,2026-10-09,C,7900.0,7753.0698,0.1,466.0,0.15,484.0,0.1,8450.0,9003.0,0.1394,0.0063,0.0003,-0.1097,0.0886,0.0039
2026-10-08T19:20:44Z,2026-10-08 19:20:10,SPXW,2026-10-09,P,7900.0,7753.0698,142.3,6.0,145.1,1.0,140.0,33.0,280.0,0.0,-0.9938,0.0003,-0.0568,0.0886,-0.6448
2026-10-08T19:20:44Z,2026-10-08 19:20:10,SPXW,2026-10-09,C,7905.0,7753.0698,0.1,23.0,0.15,492.0,0.15,5262.0,1224.0,0.1436,0.0059,0.0003,-0.1036,0.083,0.0036
2026-10-08T19:20:44Z,2026-10-08 19:20:10,SPXW,2026-10-09,P,7905.0,7753.0698,147.4,6.0,150.1,1.0,144.29,3.0,3.0,0.0,-0.9942,0.0003,-0.0489,0.083,-0.6455
2026-10-08T19:20:44Z,2026-10-08 19:20:10,SPXW,2026-10-09,C,7910.0,7753.0698,0.05,1096.0,0.15,504.0,0.1,8365.0,3413.0,0.1442,0.0055,0.0003,-0.0987,0.0782,0.0034
2026-10-08T19:20:44Z,2026-10-08 19:20:10,SPXW,2026-10-09,P,7910.0,7753.0698,150.0,1.0,156.6,1.0,124.16,1.0,6.0,0.0,-0.9946,0.0003,-0.0422,0.0782,-0.6461
2026-10-08T19:20:44Z,2026-10-08 19:20:10,SPXW,2026-10-09,C,7915.0,7753.0698,0.05,1132.0,0.15,539.0,0.1,687.0,787.0,0.1483,0.0052,0.0002,-0.0947,0.0741,0.0032
2026-10-08T19:20:44Z,2026-10-08 19:20:10,SPXW,2026-10-09,P,7915.0,7753.0698,155.0,1.0,161.6,1.0,157.67,15.0,16.0,0.0,-0.9949,0.0002,-0.0363,0.0741,-0.6468
2026-10-08T19:20:44Z,2026-10-08 19:20:10,SPXW,2026-10-09,C,7920.0,7753.0698,0.05,1178.0,0.15,550.0,0.12,1585.0,1791.0,0.1524,0.0049,0.0002,-0.0914,0.0705,0.003
2026-10-08T19:20:44Z,2026-10-08 19:20:10,SPXW,2026-10-09,P,7920.0,7753.0698,160.0,1.0,166.6,1.0,164.57,2.0,13.0,0.0,-0.9952,0.0002,-0.0312,0.0705,-0.6473
2026-10-08T19:20:44Z,2026-10-08 19:20:10,SPXW,2026-10-09,C,7925.0,7753.0698,0.05,1356.0,0.1,42.0,0.1,1159.0,1687.0,0.1565,0.0047,0.0002,-0.0886,0.0673,0.0029
2026-10-08T19:20:44Z,2026-10-08 19:20:10,SPXW,2026-10-09,P,7925.0,7753.0698,165.0,1.0,171.3,1.0,173.08,18.0,19.0,0.0,-0.9954,0.0002,-0.0265,0.0673,-0.6479
2026-10-08T19:20:44Z,2026-10-08 19:20:10,SPXW,2026-10-09,C,7930.0,7753.0698,0.05,736.0,0.1,50.0,0.1,658.0,1734.0,0.1558,0.0045,0.0002,-0.0862,0.0644,0.0027
2026-10-08T19:20:44Z,2026-10-08 19:20:10,SPXW,2026-10-09,P,7930.0,7753.0698,169.9,1.0,176.3,1.0,174.51,8.0,1.0,0.0,-0.9956,0.0002,-0.0223,0.0644,-0.6484
2026-10-08T19:20:44Z,2026-10-08 19:20:10,SPXW,2026-10-09,C,7935.0,7753.0698,0.05,438.0,0.1,60.0,0.1,216.0,597.0,0.1598,0.0043,0.0002,-0.0841,0.0619,0.0026
2026-10-08T19:20:44Z,2026-10-08 19:20:10,SPXW,2026-10-09,P,7935.0,7753.0698,174.9,1.0,181.6,1.0,0.0,0.0,0.0,0.0,-0.9958,0.0002,-0.0184,0.0619,-0.6489
2026-10-08T19:20:44Z,2026-10-08 19:20:10,SPXW,2026-10-09,C,7940.0,7753.0698,0.05,396.0,0.1,91.0,0.05,414.0,1104.0,0.1638,0.0041,0.0002,-0.0823,0.0595,0.0025
2026-10-08T19:20:44Z,2026-10-08 19:20:10,SPXW,2026-10-09,P,7940.0,7753.0698,179.8,15.0,186.9,1.0,164.85,8.0,3.0,0.0,-0.996,0.0002,-0.0147,0.0595,-0.6494
2026-10-08T19:20:44Z,2026-10-08 19:20:10,SPXW,2026-10-09,C,7945.0,7753.0698,0.05,431.0,0.1,220.0,0.08,110.0,349.0,0.1678,0.004,0.0002,-0.0807,0.0574,0.0024
2026-10-08T19:20:44Z,2026-10-08 19:20:10,SPXW,2026-10-09,P,7945.0,7753.0698,184.8,15.0,191.9,1.0,156.62,0.0,18.0,0.0,-0.9961,0.0002,-0.0113,0.0574,-0.65
2026-10-08T19:20:44Z,2026-10-08 19:20:10,SPXW,2026-10-09,C,7950.0,7753.0698,0.05,968.0,0.1,209.0,0.1,528.0,5387.0,0.1717,0.0038,0.0002,-0.0793,0.0555,0.0023
2026-10-08T19:20:44Z,2026-10-08 19:20:10,SPXW,2026-10-09,P,7950.0,7753.0698,189.8,15.0,197.1,1.0,145.44,0.0,19.0,0.0,-0.9962,0.0002,-0.008,0.0555,-0.6504
2026-10-08T19:20:44Z,2026-10-08 19:20:10,SPXW,2026-10-09,C,7955.0,7753.0698,0.05,282.0,0.1,326.0,0.1,299.0,214.0,0.1756,0.0037,0.0001,-0.078,0.0537,0.0023
2026-10-08T19:20:44Z,2026-10-08 19:20:10,SPXW,2026-10-09,P,7955.0,7753.0698,194.8,15.0,201.9,1.0,201.24,2.0,18.0,0.0,-0.9964,0.0001,-0.0049,0.0537,-0.6509
2026-10-08T19:20:44Z,2026-10-08 19:20:10,SPXW,2026-10-09,C,7960.0,7753.0698,0.05,233.0,0.1,507.0,0.05,654.0,1580.0,0.1795,0.0036,0.0001,-0.0768,0.052,0.0022
2026-10-08T19:20:44Z,2026-10-08 19:20:10,SPXW,2026-10-09,P,7960.0,7753.0698,197.0,1.0,210.6,1.0,175.78,1.0,3.0,0.0,-0.9965,0.0001,-0.0019,0.052,-0.6514
2026-10-08T19:20:44Z,2026-10-08 19:20:10,SPXW,2026-10-09,C,7965.0,7753.0698,0.05,231.0,0.1,518.0,0.1,91.0,297.0,0.1834,0.0035,0.0001,-0.0758,0.0505,0.0021
2026-10-08T19:20:44Z,2026-10-08 19:20:10,SPXW,2026-10-09,P,7965.0,7753.0698,201.7,1.0,215.3,1.0,123.18,0.0,2.0,0.1807,-0.9966,0.0001,0.0,0.0505,-0.6519
2026-10-08T19:20:44Z,2026-10-08 19:20:10,SPXW,2026-10-09,C,7970.0,7753.0698,0.05,188.0,0.1,498.0,0.1,70.0,680.0,0.1874,0.0034,0.0001,-0.0748,0.049,0.002
2026-10-08T19:20:44Z,2026-10-08 19:20:10,SPXW,2026-10-09,P,7970.0,7753.0698,206.7,1.0,220.4,1.0,0.0,0.0,0.0,0.0,-0.9967,0.0001,0.0,0.049,-0.6524
2026-10-08T19:20:44Z,2026-10-08 19:20:10,SPXW,2026-10-09,C,7975.0,7753.0698,0.05,854.0,0.1,455.0,0.07,2769.0,1968.0,0.1912,0.0033,0.0001,-0.0739,0.0476,0.002
2026-10-08T19:20:44Z,2026-10-08 19:20:10,SPXW,2026-10-09,P,7975.0,7753.0698,217.2,6.0,220.2,6.0,205.7,0.0,27.0,0.2003,-0.9968,0.0001,0.0,0.0476,-0.6528
2026-10-08T19:20:44Z,2026-10-08 19:20:10,SPXW,2026-10-09,C,7980.0,7753.0698,0.05,148.0,0.1,468.0,0.07,326.0,753.0,0.1951,0.0032,0.0001,-0.073,0.0464,0.0019
2026-10-08T19:20:44Z,2026-10-08 19:20:10,SPXW,2026-10-09,P,7980.0,7753.0698,212.8,1.0,230.4,1.0,150.05,0.0,15.0,0.0,-0.9969,0.0001,0.0,0.0464,-0.6533
2026-10-08T19:20:44Z,2026-10-08 19:20:10,SPXW,2026-10-09,C,7985.0,7753.0698,0.05,114.0,0.1,479.0,0.1,137.0,162.0,0.1915,0.0031,0.0001,-0.0722,0.0452,0.0019
2026-10-08T19:20:44Z,2026-10-08 19:20:10,SPXW,2026-10-09,P,7985.0,7753.0698,217.4,1.0,235.7,1.0,0.0,0.0,0.0,0.0,-0.997,0.0001,0.0,0.0452,-0.6538
2026-10-08T19:20:44Z,2026-10-08 19:20:10,SPXW,2026-10-09,C,7990.0,7753.0698,0.05,1.0,0.1,577.0,0.1,68.0,952.0,0.2028,0.003,0.0001,-0.0715,0.044,0.0018
2026-10-08T19:20:44Z,2026-10-08 19:20:10,SPXW,2026-10-09,P,7990.0,7753.0698,222.4,1.0,242.7,1.0,341.55,0.0,1.0,0.0,-0.997,0.0001,0.0,0.044,-0.6542
2026-10-08T19:20:44Z,2026-10-08 19:20:10,SPXW,2026-10-09,C,7995.0,7753.0698,0.0,0.0,0.1,580.0,0.05,22.0,325.0,0.1989,0.003,0.0001,-0.0708,0.0429,0.0018
2026-10-08T19:20:44Z,2026-10-08 19:20:10,SPXW,2026-10-09,P,7995.0,7753.0698,227.8,1.0,245.7,1.0,0.0,0.0,0.0,0.0,-0.9971,0.0001,0.0,0.0429,-0.6547
2026-10-08T19:20:44Z,2026-10-08 19:20:10,SPXW,2026-10-09,C,8000.0,7753.0698,0.05,245.0,0.1,556.0,0.07,10037.0,3657.0,0.2105,0.0029,0.0001,-0.0702,0.0419,0.0018
2026-10-08T19:20:44Z,2026-10-08 19:20:10,SPXW,2026-10-09,P,8000.0,7753.0698,242.2,6.0,245.2,6.0,192.03,0.0,67.0,0.2221,-0.9972,0.0001,0.0,0.0419,-0.6552
2026-10-08T19:20:44Z,2026-10-08 19:20:10,SPXW,2026-10-09,C,8005.0,7753.0698,0.05,3.0,0.1,562.0,0.1,3061.0,2.0,0.2144,0.0028,0.0001,-0.0696,0.0409,0.0017
2026-10-08T19:20:44Z,2026-10-08 19:20:10,SPXW,2026-10-09,P,8005.0,7753.0698,237.6,1.0,255.4,1.0,0.0,0.0,0.0,0.0,-0.9973,0.0001,0.0,0.0409,-0.6556
2026-10-08T19:20:44Z,2026-10-08 19:20:10,SPXW,2026-10-09,C,8010.0,7753.0698,0.0,0.0,0.1,582.0,0.06,3020.0,607.0,0.2101,0.0028,0.0001,-0.069,0.04,0.0017
2026-10-08T19:20:44Z,2026-10-08 19:20:10,SPXW,2026-10-09,P,8010.0,7753.0698,242.7,1.0,259.1,1.0,232.62,0.0,1.0,0.0,-0.9973,0.0001,0.0,0.04,-0.656
2026-10-08T19:20:44Z,2026-10-08 19:20:10,SPXW,2026-10-09,C,8015.0,7753.0698,0.0,0.0,0.1,589.0,0.05,17.0,2.0,0.2138,0.0027,0.0001,-0.0684,0.0391,0.0016
2026-10-08T19:20:44Z,2026-10-08 19:20:10,SPXW,2026-10-09,P,8015.0,7753.0698,247.9,1.0,264.6,1.0,0.0,0.0,0.0,0.0,-0.9974,0.0001,0.0,0.0391,-0.6565
2026-10-08T19:20:44Z,2026-10-08 19:20:10,SPXW,2026-10-09,C,8020.0,7753.0698,0.0,0.0,0.1,591.0,0.05,36.0,375.0,0.2175,0.0026,0.0001,-0.0679,0.0382,0.0016
2026-10-08T19:20:44Z,2026-10-08 19:20:10,SPXW,2026-10-09,P,8020.0,7753.0698,252.9,1.0,269.6,1.0,0.0,0.0,0.0,0.0,-0.9974,0.0001,0.0,0.0382,-0.6569
2026-10-08T19:20:44Z,2026-10-08 19:20:10,SPXW,2026-10-09,C,8025.0,7753.0698,0.0,0.0,0.1,560.0,0.05,26.0,1102.0,0.2212,0.0026,0.0001,-0.0673,0.0374,0.0016
2026-10-08T19:20:44Z,2026-10-08 19:20:10,SPXW,2026-10-09,P,8025.0,7753.0698,257.4,1.0,274.6,1.0,0.0,0.0,0.0,0.0,-0.9975,0.0001,0.0,0.0374,-0.6574
2026-10-08T19:20:44Z,2026-10-08 19:20:10,SPXW,2026-10-09,C,8030.0,7753.0698,0.0,0.0,0.1,560.0,0.05,50.0,179.0,0.2248,0.0025,0.0001,-0.0668,0.0366,0.0015
2026-10-08T19:20:44Z,2026-10-08 19:20:10,SPXW,2026-10-09,P,8030.0,7753.0698,262.9,1.0,279.3,1.0,273.56,2.0,0.0,0.0,-0.9976,0.0001,0.0,0.0366,-0.6578
2026-10-08T19:20:44Z,2026-10-08 19:20:10,SPXW,2026-10-09,C,8035.0,7753.0698,0.0,0.0,0.1,554.0,0.05,49.0,53.0,0.2285,0.0025,0.0001,-0.0664,0.0359,0.0015
2026-10-08T19:20:44Z,2026-10-08 19:20:10,SPXW,2026-10-09,P,8035.0,7753.0698,267.4,1.0,284.6,1.0,0.0,0.0,0.0,0.0,-0.9976,0.0001,0.0,0.0359,-0.6583
2026-10-08T19:20:44Z,2026-10-08 19:20:10,SPXW,2026-10-09,C,8040.0,7753.0698,0.0,0.0,0.1,563.0,0.05,179.0,237.0,0.2322,0.0024,0.0001,-0.0659,0.0352,0.0015
2026-10-08T19:20:44Z,2026-10-08 19:20:10,SPXW,2026-10-09,P,8040.0,7753.0698,272.9,1.0,289.6,1.0,0.0,0.0,0.0,0.0,-0.9977,0.0001,0.0,0.0352,-0.6587
2026-10-08T19:20:44Z,2026-10-08 19:20:10,SPXW,2026-10-09,C,8045.0,7753.0698,0.0,0.0,0.1,621.0,0.05,48.0,0.0,0.2358,0.0024,0.0001,-0.0654,0.0345,0.0014
2026-10-08T19:20:44Z,2026-10-08 19:20:10,SPXW,2026-10-09,P,8045.0,7753.0698,277.8,1.0,294.6,1.0,0.0,0.0,0.0,0.0,-0.9977,0.0001,0.0,0.0345,-0.6592
2026-10-08T19:20:44Z,2026-10-08 19:20:10,SPXW,2026-10-09,C,8050.0,7753.0698,0.0,0.0,0.05,269.0,0.05,52.0,627.0,0.2258,0.0023,0.0001,-0.065,0.0338,0.0014
2026-10-08T19:20:44Z,2026-10-08 19:20:10,SPXW,2026-10-09,P,8050.0,7753.0698,282.8,1.0,299.6,1.0,266.91,2.0,1.0,0.0,-0.9978,0.0001,0.0,0.0338,-0.6596
2026-10-08T19:20:44Z,2026-10-08 19:20:10,SPXW,2026-10-09,C,8060.0,7753.0698,0.0,0.0,0.1,584.0,0.07,1.0,870.0,0.2467,0.0022,0.0001,-0.0642,0.0326,0.0014
2026-10-08T19:20:44Z,2026-10-08 19:20:10,SPXW,2026-10-09,P,8060.0,7753.0698,292.8,1.0,309.5,1.0,285.51,1.0,1.0,0.0,-0.9978,0.0001,0.0,0.0326,-0.6605
2026-10-08T19:20:44Z,2026-10-08 19:20:10,SPXW,2026-10-09,C,8070.0,7753.0698,0.0,0.0,0.1,645.0,0.07,3.0,26.0,0.254,0.0022,0.0001,-0.0634,0.0314,0.0013
2026-10-08T19:20:44Z,2026-10-08 19:20:10,SPXW,2026-10-09,P,8070.0,7753.0698,302.8,1.0,319.5,1.0,0.0,0.0,0.0,0.0,-0.9979,0.0001,0.0,0.0314,-0.6613
2026-10-08T19:20:44Z,2026-10-08 19:20:10,SPXW,2026-10-09,C,8075.0,7753.0698,0.0,0.0,0.1,686.0,0.05,2.0,1162.0,0.2576,0.0021,0.0001,-0.063,0.0308,0.0013
2026-10-08T19:20:44Z,2026-10-08 19:20:10,SPXW,2026-10-09,P,8075.0,7753.0698,307.8,1.0,324.5,1.0,300.58,2.0,62.0,0.0,-0.998,0.0001,0.0,0.0308,-0.6618
2026-10-08T19:20:44Z,2026-10-08 19:20:10,SPXW,2026-10-09,C,8080.0,7753.0698,0.0,0.0,0.1,751.0,0.05,22.0,91.0,0.2612,0.0021,0.0001,-0.0626,0.0303,0.0013
2026-10-08T19:20:44Z,2026-10-08 19:20:10,SPXW,2026-10-09,P,8080.0,7753.0698,312.8,1.0,329.5,1.0,296.5,2.0,0.0,0.0,-0.998,0.0001,0.0,0.0303,-0.6622
2026-10-08T19:20:44Z,2026-10-08 19:20:10,SPXW,2026-10-09,C,8090.0,7753.0698,0.0,0.0,0.1,641.0,0.07,2.0,122.0,0.2684,0.002,0.0001,-0.0618,0.0293,0.0012
2026-10-08T19:20:44Z,2026-10-08 19:20:10,SPXW,2026-10-09,P,8090.0,7753.0698,322.8,1.0,340.6,1.0,257.22,0.0,31.0,0.0,-0.9981,0.0001,0.0,0.0293,-0.6631
2026-10-08T19:20:44Z,2026-10-08 19:20:10,SPXW,2026-10-09,C,8100.0,7753.0698,0.0,0.0,0.05,117.0,0.05,136.0,1171.0,0.2602,0.002,0.0,-0.0611,0.0283,0.0012
2026-10-08T19:20:44Z,2026-10-08 19:20:10,SPXW,2026-10-09,P,8100.0,7753.0698,342.4,1.0,345.2,5.0,315.33,2.0,26.0,0.0,-0.9981,0.0,0.0,0.0283,-0.6639
2026-10-08T19:20:44Z,2026-10-08 19:20:10,SPXW,2026-10-09,C,8110.0,7753.0698,0.0,0.0,0.1,677.0,0.18,0.0,58.0,0.2827,0.0019,0.0,-0.0604,0.0274,0.0011
2026-10-08T19:20:44Z,2026-10-08 19:20:10,SPXW,2026-10-09,P,8110.0,7753.0698,342.8,1.0,360.6,1.0,385.27,0.0,37.0,0.0,-0.9982,0.0,0.0,0.0274,-0.6648
2026-10-08T19:20:44Z,2026-10-08 19:20:10,SPXW,2026-10-09,C,8120.0,7753.0698,0.0,0.0,0.1,675.0,0.15,0.0,334.0,0.2898,0.0018,0.0,-0.0598,0.0266,0.0011
2026-10-08T19:20:44Z,2026-10-08 19:20:10,SPXW,2026-10-09,P,8120.0,7753.0698,352.8,1.0,370.3,1.0,340.82,1.0,1.0,0.0,-0.9982,0.0,0.0,0.0266,-0.6656
2026-10-08T19:20:44Z,2026-10-08 19:20:10,SPXW,2026-10-09,C,8125.0,7753.0698,0.0,0.0,0.1,680.0,0.05,34.0,600.0,0.2934,0.0018,0.0,-0.0594,0.0261,0.0011
2026-10-08T19:20:44Z,2026-10-08 19:20:10,SPXW,2026-10-09,P,8125.0,7753.0698,357.7,1.0,378.1,1.0,320.67,0.0,32.0,0.0,-0.9983,0.0,0.0,0.0261,-0.6661
2026-10-08T19:20:44Z,2026-10-08 19:20:10,SPXW,2026-10-09,C,8130.0,7753.0698,0.0,0.0,0.1,686.0,0.2,0.0,882.0,0.2969,0.0018,0.0,-0.0591,0.0257,0.0011
2026-10-08T19:20:44Z,2026-10-08 19:20:10,SPXW,2026-10-09,P,8130.0,7753.0698,362.7,1.0,380.6,1.0,349.69,2.0,2.0,0.0,-0.9983,0.0,0.0,0.0257,-0.6665
2026-10-08T19:20:44Z,2026-10-08 19:20:10,SPXW,2026-10-09,C,8140.0,7753.0698,0.0,0.0,0.1,696.0,0.05,28.0,210.0,0.304,0.0017,0.0,-0.0585,0.025,0.001
2026-10-08T19:20:44Z,2026-10-08 19:20:10,SPXW,2026-10-09,P,8140.0,7753.0698,372.7,1.0,390.6,1.0,383.56,0.0,10.0,0.0,-0.9984,0.0,0.0,0.025,-0.6674
2026-10-08T19:20:44Z,2026-10-08 19:20:10,SPXW,2026-10-09,C,8150.0,7753.0698,0.0,0.0,0.1,708.0,0.05,17.0,1461.0,0.311,0.0017,0.0,-0.0578,0.0242,0.001
2026-10-08T19:20:44Z,2026-10-08 19:20:10,SPXW,2026-10-09,P,8150.0,7753.0698,382.7,1.0,400.6,1.0,373.78,0.0,3.0,0.0,-0.9984,0.0,0.0,0.0242,-0.6682
2026-10-08T19:20:44Z,2026-10-08 19:20:10,SPXW,2026-10-09,C,8160.0,7753.0698,0.0,0.0,0.1,707.0,0.08,0.0,275.0,0.318,0.0016,0.0,-0.0572,0.0235,0.001
2026-10-08T19:20:44Z,2026-10-08 19:20:10,SPXW,2026-10-09,P,8160.0,7753.0698,392.7,1.0,410.6,1.0,399.73,3.0,1.0,0.0,-0.9985,0.0,0.0,0.0235,-0.6691
2026-10-08T19:20:44Z,2026-10-08 19:20:10,SPXW,2026-10-09,C,8170.0,7753.0698,0.0,0.0,0.1,720.0,0.05,9.0,374.0,0.325,0.0016,0.0,-0.0566,0.0229,0.001
2026-10-08T19:20:44Z,2026-10-08 19:20:10,SPXW,2026-10-09,P,8170.0,7753.0698,402.5,1.0,419.3,1.0,420.28,1.0,0.0,0.0,-0.9985,0.0,0.0,0.0229,-0.6699
2026-10-08T19:20:44Z,2026-10-08 19:20:10,SPXW,2026-10-09,C,8175.0,7753.0698,0.0,0.0,0.05,59.0,0.05,12.0,278.0,0.3285,0.0016,0.0,-0.0563,0.0225,0.0009
2026-10-08T19:20:44Z,2026-10-08 19:20:10,SPXW,2026-10-09,P,8175.0,7753.0698,407.7,1.0,424.5,1.0,395.94,0.0,1.0,0.0,-0.9985,0.0,0.0,0.0225,-0.6703
2026-10-08T19:20:44Z,2026-10-08 19:20:10,SPXW,2026-10-09,C,8180.0,7753.0698,0.0,0.0,0.05,60.0,0.1,0.0,250.0,0.332,0.0015,0.0,-0.056,0.0222,0.0009
2026-10-08T19:20:44Z,2026-10-08 19:20:10,SPXW,2026-10-09,P,8180.0,7753.0698,412.5,1.0,429.5,1.0,399.42,0.0,11.0,0.0,-0.9986,0.0,0.0,0.0222,-0.6708
2026-10-08T19:20:44Z,2026-10-08 19:20:10,SPXW,2026-10-09,C,8190.0,7753.0698,0.0,0.0,0.05,87.0,0.05,70.0,3.0,0.3207,0.0015,0.0,-0.0554,0.0216,0.0009
2026-10-08T19:20:44Z,2026-10-08 19:20:10,SPXW,2026-10-09,P,8190.0,7753.0698,422.2,1.0,439.5,1.0,0.0,0.0,0.0,0.0,-0.9986,0.0,0.0,0.0216,-0.6716
2026-10-08T19:20:44Z,2026-10-08 19:20:10,SPXW,2026-10-09,C,8200.0,7753.0698,0.0,0.0,0.05,395.0,0.05,201.0,1164.0,0.3273,0.0014,0.0,-0.0549,0.0211,0.0009
2026-10-08T19:20:44Z,2026-10-08 19:20:10,SPXW,2026-10-09,P,8200.0,7753.0698,432.7,1.0,449.5,1.0,451.14,2.0,0.0,0.0,-0.9986,0.0,0.0,0.0211,-0.6724
2026-10-08T19:20:44Z,2026-10-08 19:20:10,SPXW,2026-10-09,C,8210.0,7753.0698,0.0,0.0,0.05,121.0,0.05,31.0,0.0,0.3339,0.0014,0.0,-0.0543,0.0205,0.0008
2026-10-08T19:20:44Z,2026-10-08 19:20:10,SPXW,2026-10-09,P,8210.0,7753.0698,442.7,1.0,459.5,1.0,449.61,2.0,0.0,0.0,-0.9987,0.0,0.0,0.0205,-0.6733
2026-10-08T19:20:44Z,2026-10-08 19:20:10,SPXW,2026-10-09,C,8220.0,7753.0698,0.0,0.0,0.05,128.0,0.05,26.0,0.0,0.3405,0.0014,0.0,-0.0537,0.02,0.0008
2026-10-08T19:20:44Z,2026-10-08 19:20:10,SPXW,2026-10-09,P,8220.0,7753.0698,452.7,1.0,469.5,1.0,0.0,0.0,0.0,0.0,-0.9987,0.0,0.0,0.02,-0.6741
2026-10-08T19:20:44Z,2026-10-08 19:20:10,SPXW,2026-10-09,C,8225.0,7753.0698,0.0,0.0,0.05,127.0,0.05,20.0,822.0,0.3438,0.0014,0.0,-0.0535,0.0197,0.0008
2026-10-08T19:20:44Z,2026-10-08 19:20:10,SPXW,2026-10-09,P,8225.0,7753.0698,457.4,1.0,474.5,1.0,466.04,1.0,1.0,0.0,-0.9987,0.0,0.0,0.0197,-0.6746
2026-10-08T19:20:44Z,2026-10-08 19:20:10,SPXW,2026-10-09,C,8230.0,7753.0698,0.0,0.0,0.05,131.0,0.05,20.0,103.0,0.3471,0.0013,0.0,-0.0532,0.0195,0.0008
2026-10-08T19:20:44Z,2026-10-08 19:20:10,SPXW,2026-10-09,P,8230.0,7753.0698,462.7,1.0,479.5,1.0,470.99,1.0,1.0,0.0,-0.9987,0.0,0.0,0.0195,-0.675
2026-10-08T19:20:44Z,2026-10-08 19:20:10,SPXW,2026-10-09,C,8240.0,7753.0698,0.0,0.0,0.05,131.0,0.05,20.0,0.0,0.3536,0.0013,0.0,-0.0526,0.019,0.0008
2026-10-08T19:20:44Z,2026-10-08 19:20:10,SPXW,2026-10-09,P,8240.0,7753.0698,472.7,1.0,489.5,1.0,0.0,0.0,0.0,0.0,-0.9988,0.0,0.0,0.019,-0.6758
2026-10-08T19:20:44Z,2026-10-08 19:20:10,SPXW,2026-10-09,C,8250.0,7753.0698,0.0,0.0,0.05,169.0,0.03,71.0,933.0,0.3601,0.0013,0.0,-0.0521,0.0186,0.0008
2026-10-08T19:20:44Z,2026-10-08 19:20:10,SPXW,2026-10-09,P,8250.0,7753.0698,482.7,1.0,499.4,1.0,490.17,4.0,0.0,0.0,-0.9988,0.0,0.0,0.0186,-0.6767
2026-10-08T19:20:44Z,2026-10-08 19:20:10,SPXW,2026-10-09,C,8260.0,7753.0698,0.0,0.0,0.05,206.0,0.05,22.0,0.0,0.3667,0.0012,0.0,-0.0516,0.0181,0.0007
2026-10-08T19:20:44Z,2026-10-08 19:20:10,SPXW,2026-10-09,P,8260.0,7753.0698,492.4,1.0,509.4,1.0,500.11,3.0,0.0,0.0,-0.9988,0.0,0.0,0.0181,-0.6775
2026-10-08T19:20:44Z,2026-10-08 19:20:10,SPXW,2026-10-09,C,8270.0,7753.0698,0.0,0.0,0.05,196.0,0.05,44.0,0.0,0.3732,0.0012,0.0,-0.051,0.0177,0.0007
2026-10-08T19:20:44Z,2026-10-08 19:20:10,SPXW,2026-10-09,P,8270.0,7753.0698,502.7,1.0,519.4,1.0,0.0,0.0,0.0,0.0,-0.9989,0.0,0.0,0.0177,-0.6783
2026-10-08T19:20:44Z,2026-10-08 19:20:10,SPXW,2026-10-09,C,8275.0,7753.0698,0.0,0.0,0.05,194.0,0.05,54.0,687.0,0.3764,0.0012,0.0,-0.0508,0.0175,0.0007
2026-10-08T19:20:44Z,2026-10-08 19:20:10,SPXW,2026-10-09,P,8275.0,7753.0698,507.7,1.0,524.4,1.0,497.1,0.0,1.0,0.0,-0.9989,0.0,0.0,0.0175,-0.6788
2026-10-08T19:20:44Z,2026-10-08 19:20:10,SPXW,2026-10-09,C,8280.0,7753.0698,0.0,0.0,0.05,254.0,0.05,114.0,0.0,0.3796,0.0012,0.0,-0.0505,0.0173,0.0007
2026-10-08T19:20:44Z,2026-10-08 19:20:10,SPXW,2026-10-09,P,8280.0,7753.0698,512.2,2.0,529.4,1.0,498.19,0.0,1.0,0.0,-0.9989,0.0,0.0,0.0173,-0.6792
2026-10-08T19:20:44Z,2026-10-08 19:20:10,SPXW,2026-10-09,C,8300.0,7753.0698,0.0,0.0,0.05,272.0,0.05,1587.0,2565.0,0.3926,0.0011,0.0,-0.0495,0.0165,0.0007
2026-10-08T19:20:44Z,2026-10-08 19:20:10,SPXW,2026-10-09,P,8300.0,7753.0698,532.7,1.0,549.4,1.0,541.37,2.0,1.0,0.0,-0.999,0.0,0.0,0.0165,-0.6808
2026-10-08T19:20:44Z,2026-10-08 19:20:10,SPXW,2026-10-09,C,8325.0,7753.0698,0.0,0.0,0.05,455.0,0.03,23.0,15.0,0.4086,0.0011,0.0,-0.0482,0.0156,0.0006
2026-10-08T19:20:44Z,2026-10-08 19:20:10,SPXW,2026-10-09,P,8325.0,7753.0698,557.6,1.0,574.4,1.0,565.29,5.0,2.0,0.0,-0.999,0.0,0.0,0.0156,-0.6829
2026-10-08T19:20:44Z,2026-10-08 19:20:10,SPXW,2026-10-09,C,8350.0,7753.0698,0.0,0.0,0.05,477.0,0.07,1.0,873.0,0.4246,0.001,0.0,-0.047,0.0147,0.0006
2026-10-08T19:20:44Z,2026-10-08 19:20:10,SPXW,2026-10-09,P,8350.0,7753.0698,582.6,1.0,599.4,1.0,590.03,4.0,4.0,0.0,-0.9991,0.0,0.0,0.0147,-0.685
2026-10-08T19:20:44Z,2026-10-08 19:20:10,SPXW,2026-10-09,C,8375.0,7753.0698,0.0,0.0,0.05,463.0,0.05,0.0,6253.0,0.4405,0.001,0.0,-0.0458,0.0139,0.0006
2026-10-08T19:20:44Z,2026-10-08 19:20:10,SPXW,2026-10-09,P,8375.0,7753.0698,607.6,1.0,624.4,1.0,572.1,0.0,3.0,0.0,-0.9991,0.0,0.0,0.0139,-0.6871
2026-10-08T19:20:44Z,2026-10-08 19:20:10,SPXW,2026-10-09,C,8400.0,7753.0698,0.0,0.0,0.05,1493.0,0.05,0.0,1195.0,0.4563,0.0009,0.0,-0.0447,0.0132,0.0005
2026-10-08T19:20:44Z,2026-10-08 19:20:10,SPXW,2026-10-09,P,8400.0,7753.0698,632.6,1.0,649.4,1.0,640.64,1.0,6.0,0.0,-0.9992,0.0,0.0,0.0132,-0.6892
2026-10-08T19:20:44Z,2026-10-08 19:20:10,SPXW,2026-10-09,C,8425.0,7753.0698,0.0,0.0,0.05,1131.0,0.0,0.0,0.0,0.472,0.0008,0.0,-0.0435,0.0126,0.0005
2026-10-08T19:20:44Z,2026-10-08 19:20:10,SPXW,2026-10-09,P,8425.0,7753.0698,657.6,1.0,674.4,1.0,664.93,2.0,2.0,0.0,-0.9992,0.0,0.0,0.0126,-0.6913
2026-10-08T19:20:44Z,2026-10-08 19:20:10,SPXW,2026-10-09,C,8450.0,7753.0698,0.0,0.0,0.05,917.0,0.05,0.0,718.0,0.4876,0.0008,0.0,-0.0424,0.0119,0.0005
2026-10-08T19:20:44Z,2026-10-08 19:20:10,SPXW,2026-10-09,P,8450.0,7753.0698,682.6,1.0,699.4,1.0,0.0,0.0,0.0,0.0,-0.9993,0.0,0.0,0.0119,-0.6934
2026-10-08T19:20:44Z,2026-10-08 19:20:10,SPXW,2026-10-09,C,8475.0,7753.0698,0.0,0.0,0.05,1125.0,0.05,0.0,14.0,0.5032,0.0008,0.0,-0.0413,0.0114,0.0005
2026-10-08T19:20:44Z,2026-10-08 19:20:10,SPXW,2026-10-09,P,8475.0,7753.0698,707.6,1.0,724.3,1.0,0.0,0.0,0.0,0.0,-0.9993,0.0,0.0,0.0114,-0.6954
2026-10-08T19:20:44Z,2026-10-08 19:20:10,SPXW,2026-10-09,C,8500.0,7753.0698,0.0,0.0,0.05,1187.0,0.05,0.0,813.0,0.5186,0.0007,0.0,-0.0403,0.0108,0.0004
2026-10-08T19:20:44Z,2026-10-08 19:20:10,SPXW,2026-10-09,P,8500.0,7753.0698,732.6,1.0,748.5,1.0,0.0,0.0,0.0,0.0,-0.9994,0.0,0.0,0.0108,-0.6975
2026-10-08T19:20:44Z,2026-10-08 19:20:10,SPXW,2026-10-09,C,8525.0,7753.0698,0.0,0.0,0.05,1009.0,0.0,0.0,0.0,0.534,0.0007,0.0,-0.0392,0.0104,0.0004
2026-10-08T19:20:44Z,2026-10-08 19:20:10,SPXW,2026-10-09,P,8525.0,7753.0698,757.5,1.0,774.3,1.0,0.0,0.0,0.0,0.0,-0.9994,0.0,0.0,0.0104,-0.6996
2026-10-08T19:20:44Z,2026-10-08 19:20:10,SPXW,2026-10-12,C,7000.0,7753.0698,749.4,1.0,767.0,1.0,739.1,0.0,88.0,0.4587,0.9975,0.0,0.0,0.0664,0.7642
2026-10-08T19:20:44Z,2026-10-08 19:20:10,SPXW,2026-10-12,P,7000.0,7753.0698,0.15,1105.0,0.25,559.0,0.15,391.0,1874.0,0.349,-0.0025,0.0,-0.1632,0.0665,-0.002
2026-10-08T19:20:44Z,2026-10-08 19:20:10,SPXW,2026-10-12,C,7025.0,7753.0698,724.1,1.0,742.0,1.0,0.0,0.0,0.0,0.4398,0.9973,0.0,0.0,0.0708,0.7668
2026-10-08T19:20:44Z,2026-10-08 19:20:10,SPXW,2026-10-12,P,7025.0,7753.0698,0.15,606.0,0.25,513.0,0.15,0.0,82.0,0.338,-0.0026,0.0,-0.1702,0.0709,-0.0022
2026-10-08T19:20:44Z,2026-10-08 19:20:10,SPXW,2026-10-12,C,7050.0,7753.0698,699.2,1.0,717.0,1.0,689.2,0.0,13.0,0.4273,0.9971,0.0,0.0,0.0756,0.7694
2026-10-08T19:20:44Z,2026-10-08 19:20:10,SPXW,2026-10-12,P,7050.0,7753.0698,0.2,120.0,0.25,280.0,0.17,3.0,268.0,0.3307,-0.0028,0.0,-0.1776,0.0757,-0.0023
2026-10-08T19:20:44Z,2026-10-08 19:20:10,SPXW,2026-10-12,C,7075.0,7753.0698,671.6,2.0,692.5,2.0,0.0,0.0,0.0,0.3728,0.9969,0.0,0.0,0.0809,0.772
2026-10-08T19:20:44Z,2026-10-08 19:20:10,SPXW,2026-10-12,P,7075.0,7753.0698,0.2,215.0,0.25,124.0,0.25,2.0,107.0,0.3196,-0.003,0.0,-0.1853,0.0809,-0.0025
2026-10-08T19:20:44Z,2026-10-08 19:20:10,SPXW,2026-10-12,C,7100.0,7753.0698,649.2,1.0,667.3,1.0,0.0,0.0,0.0,0.4035,0.9967,0.0,0.0,0.0865,0.7745
2026-10-08T19:20:44Z,2026-10-08 19:20:10,SPXW,2026-10-12,P,7100.0,7753.0698,0.2,468.0,0.3,522.0,0.25,50.0,1038.0,0.3117,-0.0032,0.0,-0.1934,0.0866,-0.0027
2026-10-08T19:20:44Z,2026-10-08 19:20:10,SPXW,2026-10-12,C,7125.0,7753.0698,624.2,1.0,642.1,1.0,0.0,0.0,0.0,0.3865,0.9965,0.0,0.0,0.0926,0.777
2026-10-08T19:20:44Z,2026-10-08 19:20:10,SPXW,2026-10-12,P,7125.0,7753.0698,0.2,591.0,0.3,534.0,0.3,47.0,268.0,0.3005,-0.0035,0.0,-0.2019,0.0928,-0.0029
2026-10-08T19:20:44Z,2026-10-08 19:20:10,SPXW,2026-10-12,C,7150.0,7753.0698,600.5,1.0,617.4,1.0,596.15,0.0,20.0,0.3924,0.9962,0.0,0.0,0.0993,0.7795
2026-10-08T19:20:44Z,2026-10-08 19:20:10,SPXW,2026-10-12,P,7150.0,7753.0698,0.2,584.0,0.3,347.0,0.3,6.0,354.0,0.2892,-0.0038,0.0,-0.2109,0.0994,-0.0031
2026-10-08T19:20:44Z,2026-10-08 19:20:10,SPXW,2026-10-12,C,7160.0,7753.0698,590.7,1.0,607.1,1.0,0.0,0.0,0.0,0.3855,0.9961,0.0,0.0,0.1022,0.7805
2026-10-08T19:20:44Z,2026-10-08 19:20:10,SPXW,2026-10-12,P,7160.0,7753.0698,0.25,120.0,0.3,264.0,0.0,0.0,0.0,0.2875,-0.0039,0.0,-0.2147,0.1023,-0.0032
2026-10-08T19:20:44Z,2026-10-08 19:20:10,SPXW,2026-10-12,C,7170.0,7753.0698,578.8,1.0,597.4,1.0,0.0,0.0,0.0,0.3598,0.9959,0.0,0.0,0.1051,0.7815
2026-10-08T19:20:44Z,2026-10-08 19:20:10,SPXW,2026-10-12,P,7170.0,7753.0698,0.25,234.0,0.3,120.0,0.0,0.0,0.0,0.283,-0.004,0.0,-0.2185,0.1052,-0.0033
2026-10-08T19:20:44Z,2026-10-08 19:20:10,SPXW,2026-10-12,C,7175.0,7753.0698,574.3,1.0,592.1,1.0,577.86,0.0,3.0,0.3598,0.9959,0.0,-0.0001,0.1066,0.782
2026-10-08T19:20:44Z,2026-10-08 19:20:10,SPXW,2026-10-12,P,7175.0,7753.0698,0.25,227.0,0.3,103.0,0.25,5.0,194.0,0.2808,-0.0041,0.0,-0.2205,0.1068,-0.0034
2026-10-08T19:20:44Z,2026-10-08 19:20:10,SPXW,2026-10-12,C,7180.0,7753.0698,569.0,1.0,587.2,1.0,0.0,0.0,0.0,0.3542,0.9958,0.0,-0.004,0.1082,0.7825
2026-10-08T19:20:44Z,2026-10-08 19:20:10,SPXW,2026-10-12,P,7180.0,7753.0698,0.25,278.0,0.3,101.0,0.26,0.0,726.0,0.2785,-0.0042,0.0,-0.2224,0.1084,-0.0034
2026-10-08T19:20:44Z,2026-10-08 19:20:10,SPXW,2026-10-12,C,7190.0,7753.0698,560.2,1.0,577.2,1.0,0.0,0.0,0.0,0.3636,0.9957,0.0001,-0.0118,0.1114,0.7835
2026-10-08T19:20:44Z,2026-10-08 19:20:10,SPXW,2026-10-12,P,7190.0,7753.0698,0.25,462.0,0.35,528.0,0.25,0.0,74.0,0.2765,-0.0043,0.0001,-0.2265,0.1116,-0.0035
2026-10-08T19:20:44Z,2026-10-08 19:20:10,SPXW,2026-10-12,C,7200.0,7753.0698,549.3,1.0,567.7,1.0,591.55,0.0,30.0,0.3532,0.9955,0.0001,-0.0197,0.1148,0.7845
2026-10-08T19:20:44Z,2026-10-08 19:20:10,SPXW,2026-10-12,P,7200.0,7753.0698,0.25,481.0,0.35,556.0,0.3,37.0,849.0,0.2719,-0.0044,0.0001,-0.2306,0.115,-0.0036
2026-10-08T19:20:44Z,2026-10-08 19:20:10,SPXW,2026-10-12,C,7210.0,7753.0698,536.8,2.0,557.2,1.0,0.0,0.0,0.0,0.2993,0.9954,0.0001,-0.0278,0.1183,0.7855
2026-10-08T19:20:44Z,2026-10-08 19:20:10,SPXW,2026-10-12,P,7210.0,7753.0698,0.25,570.0,0.35,527.0,0.4,0.0,41.0,0.2674,-0.0046,0.0001,-0.2348,0.1185,-0.0038
2026-10-08T19:20:44Z,2026-10-08 19:20:10,SPXW,2026-10-12,C,7220.0,7753.0698,530.3,1.0,547.6,1.0,0.0,0.0,0.0,0.3527,0.9952,0.0001,-0.0359,0.122,0.7864
2026-10-08T19:20:44Z,2026-10-08 19:20:10,SPXW,2026-10-12,P,7220.0,7753.0698,0.25,588.0,0.35,506.0,0.51,0.0,67.0,0.2628,-0.0047,0.0001,-0.2392,0.1222,-0.0039
2026-10-08T19:20:44Z,2026-10-08 19:20:10,SPXW,2026-10-12,C,7225.0,7753.0698,521.8,2.0,542.2,1.0,540.68,0.0,1.0,0.2914,0.9952,0.0001,-0.04,0.1239,0.7869
2026-10-08T19:20:44Z,2026-10-08 19:20:10,SPXW,2026-10-12,P,7225.0,7753.0698,0.25,591.0,0.35,508.0,0.35,7.0,327.0,0.2605,-0.0048,0.0001,-0.2414,0.1241,-0.0039
2026-10-08T19:20:44Z,2026-10-08 19:20:10,SPXW,2026-10-12,C,7230.0,7753.0698,516.8,2.0,537.2,1.0,0.0,0.0,0.0,0.2888,0.9951,0.0001,-0.0441,0.1259,0.7874
2026-10-08T19:20:44Z,2026-10-08 19:20:10,SPXW,2026-10-12,P,7230.0,7753.0698,0.25,584.0,0.35,479.0,0.3,356.0,14.0,0.2583,-0.0049,0.0001,-0.2436,0.126,-0.004
2026-10-08T19:20:44Z,2026-10-08 19:20:10,SPXW,2026-10-12,C,7240.0,7753.0698,506.8,2.0,527.2,1.0,0.0,0.0,0.0,0.2836,0.9949,0.0001,-0.0525,0.1299,0.7884
2026-10-08T19:20:44Z,2026-10-08 19:20:10,SPXW,2026-10-12,P,7240.0,7753.0698,0.3,87.0,0.35,269.0,0.41,46.0,31.0,0.2537,-0.005,0.0001,-0.2482,0.1301,-0.0042
2026-10-08T19:20:44Z,2026-10-08 19:20:10,SPXW,2026-10-12,C,7250.0,7753.0698,500.6,1.0,517.7,1.0,541.65,0.0,11.0,0.3381,0.9947,0.0001,-0.061,0.1341,0.7893
2026-10-08T19:20:44Z,2026-10-08 19:20:10,SPXW,2026-10-12,P,7250.0,7753.0698,0.3,272.0,0.35,82.0,0.35,640.0,392.0,0.2513,-0.0052,0.0001,-0.253,0.1343,-0.0043
2026-10-08T19:20:44Z,2026-10-08 19:20:10,SPXW,2026-10-12,C,7260.0,7753.0698,489.4,1.0,507.3,1.0,0.0,0.0,0.0,0.3154,0.9946,0.0001,-0.0697,0.1385,0.7902
2026-10-08T19:20:44Z,2026-10-08 19:20:10,SPXW,2026-10-12,P,7260.0,7753.0698,0.3,272.0,0.35,48.0,0.3,25.0,29.0,0.2487,-0.0054,0.0001,-0.2579,0.1387,-0.0044
2026-10-08T19:20:44Z,2026-10-08 19:20:10,SPXW,2026-10-12,C,7270.0,7753.0698,479.4,1.0,497.8,1.0,0.0,0.0,0.0,0.3153,0.9944,0.0001,-0.0785,0.1431,0.7912
2026-10-08T19:20:44Z,2026-10-08 19:20:10,SPXW,2026-10-12,P,7270.0,7753.0698,0.3,529.0,0.4,546.0,0.3,0.0,72.0,0.2441,-0.0056,0.0001,-0.2629,0.1433,-0.0046
2026-10-08T19:20:44Z,2026-10-08 19:20:10,SPXW,2026-10-12,C,7275.0,7753.0698,474.4,1.0,492.3,1.0,480.4,0.0,3.0,0.3069,0.9943,0.0001,-0.083,0.1455,0.7916
2026-10-08T19:20:44Z,2026-10-08 19:20:10,SPXW,2026-10-12,P,7275.0,7753.0698,0.3,552.0,0.4,533.0,0.4,38.0,909.0,0.2418,-0.0057,0.0001,-0.2655,0.1457,-0.0047
2026-10-08T19:20:44Z,2026-10-08 19:20:10,SPXW,2026-10-12,C,7280.0,7753.0698,468.2,1.0,487.3,1.0,0.0,0.0,0.0,0.2889,0.9942,0.0001,-0.0875,0.1479,0.7921
2026-10-08T19:20:44Z,2026-10-08 19:20:10,SPXW,2026-10-12,P,7280.0,7753.0698,0.3,534.0,0.4,524.0,0.5,0.0,40.0,0.2395,-0.0058,0.0001,-0.2682,0.1482,-0.0048
2026-10-08T19:20:44Z,2026-10-08 19:20:10,SPXW,2026-10-12,C,7290.0,7753.0698,459.4,1.0,477.3,1.0,0.0,0.0,0.0,0.2983,0.9939,0.0001,-0.0967,0.153,0.793
2026-10-08T19:20:44Z,2026-10-08 19:20:10,SPXW,2026-10-12,P,7290.0,7753.0698,0.3,553.0,0.4,478.0,0.35,0.0,142.0,0.2348,-0.006,0.0001,-0.2736,0.1532,-0.005
2026-10-08T19:20:44Z,2026-10-08 19:20:10,SPXW,2026-10-12,C,7300.0,7753.0698,446.9,2.0,467.3,1.0,540.07,0.0,3.0,0.2566,0.9937,0.0001,-0.1061,0.1583,0.7939
2026-10-08T19:20:44Z,2026-10-08 19:20:10,SPXW,2026-10-12,P,7300.0,7753.0698,0.35,40.0,0.4,268.0,0.36,32.0,647.0,0.232,-0.0063,0.0001,-0.2792,0.1585,-0.0052
2026-10-08T19:20:44Z,2026-10-08 19:20:10,SPXW,2026-10-12,C,7305.0,7753.0698,445.3,1.0,462.3,1.0,0.0,0.0,0.0,0.2991,0.9936,0.0001,-0.1109,0.161,0.7944
2026-10-08T19:20:44Z,2026-10-08 19:20:10,SPXW,2026-10-12,P,7305.0,7753.0698,0.35,95.0,0.4,261.0,0.0,0.0,0.0,0.2297,-0.0064,0.0001,-0.2821,0.1612,-0.0053
2026-10-08T19:20:44Z,2026-10-08 19:20:10,SPXW,2026-10-12,C,7310.0,7753.0698,439.4,1.0,457.3,1.0,0.0,0.0,0.0,0.2869,0.9935,0.0001,-0.1158,0.1638,0.7948
2026-10-08T19:20:44Z,2026-10-08 19:20:10,SPXW,2026-10-12,P,7310.0,7753.0698,0.35,237.0,0.4,82.0,0.55,6.0,112.0,0.2274,-0.0065,0.0001,-0.285,0.1641,-0.0054
2026-10-08T19:20:44Z,2026-10-08 19:20:10,SPXW,2026-10-12,C,7315.0,7753.0698,432.1,1.0,452.6,1.0,0.0,0.0,0.0,0.2577,0.9933,0.0001,-0.1206,0.1667,0.7952
2026-10-08T19:20:44Z,2026-10-08 19:20:10,SPXW,2026-10-12,P,7315.0,7753.0698,0.35,254.0,0.4,59.0,0.3,9.0,61.0,0.225,-0.0066,0.0001,-0.288,0.167,-0.0055
2026-10-08T19:20:44Z,2026-10-08 19:20:10,SPXW,2026-10-12,C,7320.0,7753.0698,426.9,2.0,447.3,1.0,381.25,0.0,2.0,0.246,0.9932,0.0001,-0.1256,0.1697,0.7957
2026-10-08T19:20:44Z,2026-10-08 19:20:10,SPXW,2026-10-12,P,7320.0,7753.0698,0.35,262.0,0.4,46.0,0.45,31.0,844.0,0.2229,-0.0068,0.0001,-0.2908,0.1697,-0.0056
2026-10-08T19:20:44Z,2026-10-08 19:20:10,SPXW,2026-10-12,C,7325.0,7753.0698,424.5,1.0,442.3,1.0,445.96,0.0,2.0,0.2794,0.9931,0.0001,-0.1306,0.1728,0.7961
2026-10-08T19:20:44Z,2026-10-08 19:20:10,SPXW,2026-10-12,P,7325.0,7753.0698,0.35,410.0,0.45,516.0,0.4,44.0,406.0,0.222,-0.0069,0.0001,-0.2943,0.1731,-0.0057
2026-10-08T19:20:44Z,2026-10-08 19:20:10,SPXW,2026-10-12,C,7330.0,7753.0698,421.1,1.0,437.4,1.0,0.0,0.0,0.0,0.2926,0.9929,0.0001,-0.1357,0.176,0.7966
2026-10-08T19:20:44Z,2026-10-08 19:20:10,SPXW,2026-10-12,P,7330.0,7753.0698,0.35,411.0,0.45,518.0,0.39,14.0,61.0,0.2196,-0.007,0.0001,-0.2975,0.1762,-0.0058
2026-10-08T19:20:44Z,2026-10-08 19:20:10,SPXW,2026-10-12,C,7335.0,7753.0698,414.5,1.0,432.7,1.0,0.0,0.0,0.0,0.2788,0.9928,0.0001,-0.1409,0.1792,0.797
2026-10-08T19:20:44Z,2026-10-08 19:20:10,SPXW,2026-10-12,P,7335.0,7753.0698,0.35,538.0,0.45,516.0,0.4,3.0,1.0,0.2173,-0.0072,0.0001,-0.3007,0.1795,-0.0059
2026-10-08T19:20:44Z,2026-10-08 19:20:10,SPXW,2026-10-12,C,7340.0,7753.0698,408.4,1.0,427.6,1.0,0.0,0.0,0.0,0.262,0.9926,0.0001,-0.1461,0.1826,0.7974
2026-10-08T19:20:44Z,2026-10-08 19:20:10,SPXW,2026-10-12,P,7340.0,7753.0698,0.35,544.0,0.45,517.0,0.44,14.0,261.0,0.2149,-0.0073,0.0001,-0.3041,0.1829,-0.006
2026-10-08T19:20:44Z,2026-10-08 19:20:10,SPXW,2026-10-12,C,7345.0,7753.0698,404.2,1.0,422.9,1.0,0.0,0.0,0.0,0.271,0.9925,0.0001,-0.1514,0.186,0.7978
2026-10-08T19:20:44Z,2026-10-08 19:20:10,SPXW,2026-10-12,P,7345.0,7753.0698,0.35,557.0,0.45,471.0,0.42,33.0,1.0,0.2126,-0.0075,0.0001,-0.3075,0.1864,-0.0062
2026-10-08T19:20:44Z,2026-10-08 19:20:10,SPXW,2026-10-12,C,7350.0,7753.0698,399.5,1.0,417.4,1.0,0.0,0.0,0.0,0.2661,0.9923,0.0001,-0.1568,0.1896,0.7983
2026-10-08T19:20:44Z,2026-10-08 19:20:10,SPXW,2026-10-12,P,7350.0,7753.0698,0.4,40.0,0.45,377.0,0.42,20.0,431.0,0.2117,-0.0076,0.0001,-0.311,0.19,-0.0063
2026-10-08T19:20:44Z,2026-10-08 19:20:10,SPXW,2026-10-12,C,7355.0,7753.0698,393.4,1.0,412.9,1.0,0.0,0.0,0.0,0.257,0.9922,0.0001,-0.1623,0.1933,0.7987
2026-10-08T19:20:44Z,2026-10-08 19:20:10,SPXW,2026-10-12,P,7355.0,7753.0698,0.4,181.0,0.45,105.0,0.65,0.0,1.0,0.2094,-0.0078,0.0001,-0.3146,0.1937,-0.0064
2026-10-08T19:20:44Z,2026-10-08 19:20:10,SPXW,2026-10-12,C,7360.0,7753.0698,387.0,2.0,407.4,1.0,420.18,0.0,0.0,0.2286,0.992,0.0001,-0.1679,0.1972,0.7991
2026-10-08T19:20:44Z,2026-10-08 19:20:10,SPXW,2026-10-12,P,7360.0,7753.0698,0.4,197.0,0.45,55.0,0.45,4.0,174.0,0.207,-0.008,0.0001,-0.3183,0.1975,-0.0066
2026-10-08T19:20:44Z,2026-10-08 19:20:10,SPXW,2026-10-12,C,7365.0,7753.0698,382.2,1.0,402.7,1.0,0.0,0.0,0.0,0.2339,0.9918,0.0001,-0.1736,0.2011,0.7995
2026-10-08T19:20:44Z,2026-10-08 19:20:10,SPXW,2026-10-12,P,7365.0,7753.0698,0.4,256.0,0.45,44.0,0.35,16.0,37.0,0.2046,-0.0081,0.0001,-0.3221,0.2014,-0.0067
2026-10-08T19:20:44Z,2026-10-08 19:20:10,SPXW,2026-10-12,C,7370.0,7753.0698,380.4,1.0,397.4,1.0,462.1,0.0,0.0,0.2629,0.9916,0.0001,-0.1793,0.2052,0.7999
2026-10-08T19:20:44Z,2026-10-08 19:20:10,SPXW,2026-10-12,P,7370.0,7753.0698,0.4,270.0,0.45,44.0,0.51,3.0,114.0,0.2025,-0.0083,0.0001,-0.3256,0.2051,-0.0068
2026-10-08T19:20:44Z,2026-10-08 19:20:10,SPXW,2026-10-12,C,7375.0,7753.0698,375.7,1.0,392.9,1.0,362.56,0.0,1.0,0.2666,0.9915,0.0001,-0.1852,0.2094,0.8003
2026-10-08T19:20:44Z,2026-10-08 19:20:10,SPXW,2026-10-12,P,7375.0,7753.0698,0.4,384.0,0.5,513.0,0.6,30.0,3225.0,0.2013,-0.0085,0.0001,-0.33,0.2098,-0.007
2026-10-08T19:20:44Z,2026-10-08 19:20:10,SPXW,2026-10-12,C,7380.0,7753.0698,369.6,1.0,387.4,1.0,0.0,0.0,0.0,0.2498,0.9913,0.0001,-0.1913,0.2137,0.8007
2026-10-08T19:20:44Z,2026-10-08 19:20:10,SPXW,2026-10-12,P,7380.0,7753.0698,0.4,392.0,0.5,495.0,0.55,1.0,51.0,0.1989,-0.0087,0.0001,-0.3342,0.2141,-0.0072
2026-10-08T19:20:44Z,2026-10-08 19:20:10,SPXW,2026-10-12,C,7385.0,7753.0698,362.0,3.0,382.5,1.0,394.12,2.0,0.0,0.217,0.9911,0.0001,-0.1974,0.2182,0.801
2026-10-08T19:20:44Z,2026-10-08 19:20:10,SPXW,2026-10-12,P,7385.0,7753.0698,0.4,531.0,0.5,465.0,0.4,5.0,36.0,0.198,-0.0089,0.0001,-0.338,0.2182,-0.0073
2026-10-08T19:20:44Z,2026-10-08 19:20:10,SPXW,2026-10-12,C,7390.0,7753.0698,359.6,1.0,377.7,1.0,293.12,0.0,4.0,0.2468,0.9909,0.0001,-0.2037,0.2229,0.8014
2026-10-08T19:20:44Z,2026-10-08 19:20:10,SPXW,2026-10-12,P,7390.0,7753.0698,0.45,73.0,0.5,289.0,0.5,5.0,95.0,0.1954,-0.0091,0.0001,-0.3428,0.2233,-0.0075
2026-10-08T19:20:44Z,2026-10-08 19:20:10,SPXW,2026-10-12,C,7395.0,7753.0698,352.0,3.0,372.5,1.0,0.0,0.0,0.0,0.2117,0.9906,0.0002,-0.2102,0.2277,0.8018
2026-10-08T19:20:44Z,2026-10-08 19:20:10,SPXW,2026-10-12,P,7395.0,7753.0698,0.45,185.0,0.5,47.0,0.39,6.0,23.0,0.193,-0.0093,0.0002,-0.3474,0.2281,-0.0077
2026-10-08T19:20:44Z,2026-10-08 19:20:10,SPXW,2026-10-12,C,7400.0,7753.0698,349.6,1.0,368.0,1.0,432.15,0.0,2.0,0.2436,0.9904,0.0002,-0.2168,0.2326,0.8021
2026-10-08T19:20:44Z,2026-10-08 19:20:10,SPXW,2026-10-12,P,7400.0,7753.0698,0.45,214.0,0.5,53.0,0.5,493.0,1511.0,0.1908,-0.0095,0.0002,-0.3517,0.2326,-0.0079
2026-10-08T19:20:44Z,2026-10-08 19:20:10,SPXW,2026-10-12,C,7405.0,7753.0698,345.5,1.0,362.9,1.0,0.0,0.0,0.0,0.2471,0.9902,0.0002,-0.2236,0.2378,0.8025
2026-10-08T19:20:44Z,2026-10-08 19:20:10,SPXW,2026-10-12,P,7405.0,7753.0698,0.45,285.0,0.5,42.0,0.5,10.0,142.0,0.1883,-0.0098,0.0002,-0.3569,0.238,-0.0081
2026-10-08T19:20:44Z,2026-10-08 19:20:10,SPXW,2026-10-12,C,7410.0,7753.0698,337.1,2.0,357.5,1.0,312.65,0.0,2.0,0.2052,0.9899,0.0002,-0.2306,0.2432,0.8028
2026-10-08T19:20:44Z,2026-10-08 19:20:10,SPXW,2026-10-12,P,7410.0,7753.0698,0.45,324.0,0.55,428.0,0.8,45.0,169.0,0.1872,-0.01,0.0002,-0.3618,0.2431,-0.0083
2026-10-08T19:20:44Z,2026-10-08 19:20:10,SPXW,2026-10-12,C,7415.0,7753.0698,335.6,1.0,352.5,1.0,0.0,0.0,0.0,0.2388,0.9897,0.0002,-0.2378,0.2488,0.8031
2026-10-08T19:20:44Z,2026-10-08 19:20:10,SPXW,2026-10-12,P,7415.0,7753.0698,0.5,1.0,0.55,396.0,0.5,27.0,284.0,0.1859,-0.0103,0.0002,-0.3671,0.2487,-0.0085
2026-10-08T19:20:44Z,2026-10-08 19:20:10,SPXW,2026-10-12,C,7420.0,7753.0698,327.1,2.0,347.5,1.0,0.0,0.0,0.0,0.1999,0.9894,0.0002,-0.2453,0.2546,0.8035
2026-10-08T19:20:44Z,2026-10-08 19:20:10,SPXW,2026-10-12,P,7420.0,7753.0698,0.5,71.0,0.55,294.0,0.5,18.0,169.0,0.1835,-0.0106,0.0002,-0.3726,0.2546,-0.0087
2026-10-08T19:20:44Z,2026-10-08 19:20:10,SPXW,2026-10-12,C,7425.0,7753.0698,324.7,1.0,342.5,1.0,0.0,0.0,0.0,0.2254,0.9891,0.0002,-0.253,0.2607,0.8038
2026-10-08T19:20:44Z,2026-10-08 19:20:10,SPXW,2026-10-12,P,7425.0,7753.0698,0.5,180.0,0.55,45.0,0.5,197.0,363.0,0.181,-0.0108,0.0002,-0.3785,0.2606,-0.009
2026-10-08T19:20:44Z,2026-10-08 19:20:10,SPXW,2026-10-12,C,7430.0,7753.0698,319.7,1.0,337.6,1.0,0.0,0.0,0.0,0.2234,0.9888,0.0002,-0.261,0.2671,0.8041
2026-10-08T19:20:44Z,2026-10-08 19:20:10,SPXW,2026-10-12,P,7430.0,7753.0698,0.5,205.0,0.55,42.0,0.55,11.0,123.0,0.1786,-0.0112,0.0002,-0.3846,0.267,-0.0092
2026-10-08T19:20:44Z,2026-10-08 19:20:10,SPXW,2026-10-12,C,7435.0,7753.0698,312.1,3.0,332.6,1.0,0.0,0.0,0.0,0.1932,0.9885,0.0002,-0.2693,0.2738,0.8044
2026-10-08T19:20:44Z,2026-10-08 19:20:10,SPXW,2026-10-12,P,7435.0,7753.0698,0.5,275.0,0.55,41.0,0.55,10.0,91.0,0.1762,-0.0115,0.0002,-0.391,0.2737,-0.0095
2026-10-08T19:20:44Z,2026-10-08 19:20:10,SPXW,2026-10-12,C,7440.0,7753.0698,307.8,1.0,327.6,1.0,318.77,0.0,30.0,0.1993,0.9882,0.0002,-0.278,0.2808,0.8046
2026-10-08T19:20:44Z,2026-10-08 19:20:10,SPXW,2026-10-12,P,7440.0,7753.0698,0.5,317.0,0.6,419.0,0.55,27.0,77.0,0.1748,-0.0118,0.0002,-0.3977,0.2807,-0.0098
2026-10-08T19:20:44Z,2026-10-08 19:20:10,SPXW,2026-10-12,C,7445.0,7753.0698,302.6,1.0,323.0,1.0,0.0,0.0,0.0,0.1998,0.9878,0.0002,-0.287,0.2882,0.8049
2026-10-08T19:20:44Z,2026-10-08 19:20:10,SPXW,2026-10-12,P,7445.0,7753.0698,0.55,70.0,0.6,97.0,0.55,24.0,68.0,0.1733,-0.0122,0.0002,-0.4048,0.2881,-0.01
2026-10-08T19:20:44Z,2026-10-08 19:20:10,SPXW,2026-10-12,C,7450.0,7753.0698,298.9,1.0,317.6,1.0,394.7,0.0,29.0,0.2047,0.9874,0.0002,-0.2963,0.296,0.8051
2026-10-08T19:20:44Z,2026-10-08 19:20:10,SPXW,2026-10-12,P,7450.0,7753.0698,0.55,186.0,0.6,50.0,0.6,111.0,404.0,0.1708,-0.0125,0.0002,-0.4123,0.2959,-0.0104
2026-10-08T19:20:44Z,2026-10-08 19:20:10,SPXW,2026-10-12,C,7455.0,7753.0698,292.2,2.0,312.6,1.0,272.87,0.0,2.0,0.1838,0.987,0.0002,-0.3062,0.3042,0.8054
2026-10-08T19:20:44Z,2026-10-08 19:20:10,SPXW,2026-10-12,P,7455.0,7753.0698,0.55,240.0,0.6,40.0,0.6,69.0,157.0,0.1684,-0.0129,0.0002,-0.4202,0.3041,-0.0107
2026-10-08T19:20:44Z,2026-10-08 19:20:10,SPXW,2026-10-12,C,7460.0,7753.0698,289.8,1.0,307.7,1.0,0.0,0.0,0.0,0.2073,0.9866,0.0002,-0.3165,0.3128,0.8056
2026-10-08T19:20:44Z,2026-10-08 19:20:10,SPXW,2026-10-12,P,7460.0,7753.0698,0.55,321.0,0.65,397.0,0.6,64.0,119.0,0.1668,-0.0133,0.0002,-0.4286,0.3127,-0.011
2026-10-08T19:20:44Z,2026-10-08 19:20:10,SPXW,2026-10-12,C,7465.0,7753.0698,282.2,3.0,302.7,1.0,0.0,0.0,0.0,0.1796,0.9862,0.0003,-0.3273,0.3219,0.8057
2026-10-08T19:20:44Z,2026-10-08 19:20:10,SPXW,2026-10-12,P,7465.0,7753.0698,0.6,76.0,0.65,46.0,0.6,18.0,59.0,0.1652,-0.0138,0.0003,-0.4376,0.3218,-0.0114
2026-10-08T19:20:44Z,2026-10-08 19:20:10,SPXW,2026-10-12,C,7470.0,7753.0698,279.8,1.0,297.7,1.0,373.21,0.0,4.0,0.2013,0.9857,0.0003,-0.3387,0.3315,0.8059
2026-10-08T19:20:44Z,2026-10-08 19:20:10,SPXW,2026-10-12,P,7470.0,7753.0698,0.6,242.0,0.65,39.0,0.65,26.0,93.0,0.1627,-0.0142,0.0003,-0.4471,0.3314,-0.0118
2026-10-08T19:20:44Z,2026-10-08 19:20:10,SPXW,2026-10-12,C,7475.0,7753.0698,276.0,1.0,293.1,1.0,278.3,1.0,1.0,0.2101,0.9852,0.0003,-0.3508,0.3416,0.806
2026-10-08T19:20:44Z,2026-10-08 19:20:10,SPXW,2026-10-12,P,7475.0,7753.0698,0.6,292.0,0.7,381.0,0.65,108.0,597.0,0.1611,-0.0148,0.0003,-0.4572,0.3415,-0.0122
2026-10-08T19:20:44Z,2026-10-08 19:20:10,SPXW,2026-10-12,C,7480.0,7753.0698,267.5,1.0,288.0,1.0,273.16,13.0,10.0,0.178,0.9847,0.0003,-0.3635,0.3523,0.8061
2026-10-08T19:20:44Z,2026-10-08 19:20:10,SPXW,2026-10-12,P,7480.0,7753.0698,0.65,155.0,0.7,48.0,0.65,110.0,176.0,0.1594,-0.0153,0.0003,-0.4681,0.3522,-0.0127
2026-10-08T19:20:44Z,2026-10-08 19:20:10,SPXW,2026-10-12,C,7485.0,7753.0698,265.8,1.0,283.0,1.0,0.0,0.0,0.0,0.2013,0.9841,0.0003,-0.377,0.3636,0.8061
2026-10-08T19:20:44Z,2026-10-08 19:20:10,SPXW,2026-10-12,P,7485.0,7753.0698,0.65,268.0,0.75,426.0,0.7,31.0,212.0,0.1577,-0.0159,0.0003,-0.4797,0.3635,-0.0132
2026-10-08T19:20:44Z,2026-10-08 19:20:10,SPXW,2026-10-12,C,7490.0,7753.0698,259.9,1.0,278.2,1.0,284.92,1.0,11.0,0.1943,0.9835,0.0003,-0.3914,0.3757,0.8062
2026-10-08T19:20:44Z,2026-10-08 19:20:10,SPXW,2026-10-12,P,7490.0,7753.0698,0.65,439.0,0.75,103.0,0.7,71.0,191.0,0.1551,-0.0165,0.0003,-0.4921,0.3755,-0.0137
2026-10-08T19:20:44Z,2026-10-08 19:20:10,SPXW,2026-10-12,C,7495.0,7753.0698,252.3,3.0,272.8,1.0,0.0,0.0,0.0,0.1654,0.9828,0.0003,-0.4067,0.3885,0.8062
2026-10-08T19:20:44Z,2026-10-08 19:20:10,SPXW,2026-10-12,P,7495.0,7753.0698,0.7,263.0,0.8,364.0,0.75,22.0,97.0,0.1541,-0.0172,0.0003,-0.5055,0.3883,-0.0142
2026-10-08T19:20:44Z,2026-10-08 19:20:10,SPXW,2026-10-12,C,7500.0,7753.0698,249.9,1.0,268.1,1.0,253.16,10.0,40.0,0.1869,0.9821,0.0004,-0.423,0.4022,0.8061
2026-10-08T19:20:44Z,2026-10-08 19:20:10,SPXW,2026-10-12,P,7500.0,7753.0698,0.7,421.0,0.8,121.0,0.75,261.0,689.0,0.1515,-0.0179,0.0004,-0.5199,0.402,-0.0148
2026-10-08T19:20:44Z,2026-10-08 19:20:10,SPXW,2026-10-12,C,7505.0,7753.0698,242.4,3.0,262.9,1.0,0.0,0.0,0.0,0.162,0.9813,0.0004,-0.4404,0.4168,0.806
2026-10-08T19:20:44Z,2026-10-08 19:20:10,SPXW,2026-10-12,P,7505.0,7753.0698,0.75,287.0,0.85,398.0,0.8,15.0,108.0,0.1504,-0.0186,0.0004,-0.5354,0.4167,-0.0155
2026-10-08T19:20:44Z,2026-10-08 19:20:10,SPXW,2026-10-12,C,7510.0,7753.0698,240.1,1.0,257.9,1.0,265.74,10.0,5.0,0.1808,0.9805,0.0004,-0.4589,0.4325,0.8059
2026-10-08T19:20:44Z,2026-10-08 19:20:10,SPXW,2026-10-12,P,7510.0,7753.0698,0.75,394.0,0.85,91.0,0.8,315.0,579.0,0.1478,-0.0195,0.0004,-0.552,0.4323,-0.0162
2026-10-08T19:20:44Z,2026-10-08 19:20:10,SPXW,2026-10-12,C,7515.0,7753.0698,235.0,1.0,252.9,1.0,0.0,0.0,0.0,0.1771,0.9796,0.0004,-0.4788,0.4492,0.8057
2026-10-08T19:20:44Z,2026-10-08 19:20:10,SPXW,2026-10-12,P,7515.0,7753.0698,0.8,267.0,0.9,193.0,0.8,119.0,169.0,0.1465,-0.0204,0.0004,-0.57,0.449,-0.0169
2026-10-08T19:20:44Z,2026-10-08 19:20:10,SPXW,2026-10-12,C,7520.0,7753.0698,229.6,1.0,248.0,1.0,230.36,12.0,27.0,0.172,0.9786,0.0004,-0.5,0.4671,0.8054
2026-10-08T19:20:44Z,2026-10-08 19:20:10,SPXW,2026-10-12,P,7520.0,7753.0698,0.85,240.0,0.95,353.0,0.9,77.0,2907.0,0.1451,-0.0214,0.0004,-0.5893,0.4669,-0.0177
2026-10-08T19:20:44Z,2026-10-08 19:20:10,SPXW,2026-10-12,C,7525.0,7753.0698,226.1,1.0,243.5,1.0,269.11,0.0,9.0,0.1811,0.9775,0.0004,-0.5227,0.4862,0.8051
2026-10-08T19:20:44Z,2026-10-08 19:20:10,SPXW,2026-10-12,P,7525.0,7753.0698,0.9,139.0,0.95,34.0,0.9,303.0,752.0,0.143,-0.0224,0.0004,-0.6101,0.486,-0.0186
2026-10-08T19:20:44Z,2026-10-08 19:20:10,SPXW,2026-10-12,C,7530.0,7753.0698,221.1,1.0,238.3,1.0,302.77,0.0,9.0,0.1768,0.9764,0.0005,-0.5471,0.5065,0.8046
2026-10-08T19:20:44Z,2026-10-08 19:20:10,SPXW,2026-10-12,P,7530.0,7753.0698,0.9,396.0,1.0,52.0,0.95,57.0,738.0,0.141,-0.0235,0.0005,-0.6326,0.5062,-0.0196
2026-10-08T19:20:44Z,2026-10-08 19:20:10,SPXW,2026-10-12,C,7535.0,7753.0698,216.2,1.0,233.1,1.0,202.85,0.0,1.0,0.1731,0.9752,0.0005,-0.5733,0.5282,0.8041
2026-10-08T19:20:44Z,2026-10-08 19:20:10,SPXW,2026-10-12,P,7535.0,7753.0698,0.95,390.0,1.05,63.0,1.0,74.0,150.0,0.1394,-0.0248,0.0005,-0.6568,0.5279,-0.0207
2026-10-08T19:20:44Z,2026-10-08 19:20:10,SPXW,2026-10-12,C,7540.0,7753.0698,210.7,1.0,227.9,1.0,147.61,0.0,42.0,0.166,0.9738,0.0005,-0.6014,0.5513,0.8035
2026-10-08T19:20:44Z,2026-10-08 19:20:10,SPXW,2026-10-12,P,7540.0,7753.0698,1.05,14.0,1.1,65.0,1.05,100.0,875.0,0.1383,-0.0261,0.0005,-0.683,0.5511,-0.0218
2026-10-08T19:20:44Z,2026-10-08 19:20:10,SPXW,2026-10-12,C,7545.0,7753.0698,205.5,1.0,219.0,1.0,0.0,0.0,0.0,0.1312,0.9724,0.0006,-0.6315,0.5762,0.8029
2026-10-08T19:20:44Z,2026-10-08 19:20:10,SPXW,2026-10-12,P,7545.0,7753.0698,1.1,74.0,1.15,46.0,1.1,185.0,225.0,0.1366,-0.0276,0.0006,-0.7112,0.5759,-0.023
2026-10-08T19:20:44Z,2026-10-08 19:20:10,SPXW,2026-10-12,C,7550.0,7753.0698,205.4,6.0,209.5,7.0,197.88,11.0,12.0,0.1384,0.9708,0.0006,-0.6638,0.6029,0.8021
2026-10-08T19:20:44Z,2026-10-08 19:20:10,SPXW,2026-10-12,P,7550.0,7753.0698,1.15,199.0,1.25,327.0,1.15,1453.0,800.0,0.1353,-0.0292,0.0006,-0.7416,0.6026,-0.0243
2026-10-08T19:20:44Z,2026-10-08 19:20:10,SPXW,2026-10-12,C,7555.0,7753.0698,197.7,1.0,209.2,1.0,200.59,0.0,1.0,0.1461,0.969,0.0006,-0.6984,0.6315,0.8012
2026-10-08T19:20:44Z,2026-10-08 19:20:10,SPXW,2026-10-12,P,7555.0,7753.0698,1.2,210.0,1.3,46.0,1.25,34.0,463.0,0.1335,-0.0309,0.0006,-0.7742,0.6311,-0.0258
2026-10-08T19:20:44Z,2026-10-08 19:20:10,SPXW,2026-10-12,C,7560.0,7753.0698,194.3,16.0,201.3,16.0,223.06,2.0,9.0,0.1335,0.9672,0.0007,-0.7354,0.662,0.8002
2026-10-08T19:20:44Z,2026-10-08 19:20:10,SPXW,2026-10-12,P,7560.0,7753.0698,1.3,69.0,1.35,22.0,1.31,110.0,534.0,0.132,-0.0328,0.0007,-0.8093,0.6616,-0.0273
2026-10-08T19:20:44Z,2026-10-08 19:20:10,SPXW,2026-10-12,C,7565.0,7753.0698,189.2,16.0,196.4,16.0,0.0,0.0,0.0,0.1306,0.9651,0.0007,-0.775,0.6944,0.799
2026-10-08T19:20:44Z,2026-10-08 19:20:10,SPXW,2026-10-12,P,7565.0,7753.0698,1.35,186.0,1.45,39.0,1.4,65.0,706.0,0.1308,-0.0348,0.0007,-0.8475,0.6944,-0.0291
2026-10-08T19:20:44Z,2026-10-08 19:20:10,SPXW,2026-10-12,C,7570.0,7753.0698,184.3,16.0,191.5,16.0,223.07,0.0,6.0,0.1293,0.9629,0.0008,-0.8174,0.7289,0.7976
2026-10-08T19:20:44Z,2026-10-08 19:20:10,SPXW,2026-10-12,P,7570.0,7753.0698,1.45,154.0,1.55,36.0,1.45,74.0,681.0,0.1291,-0.037,0.0008,-0.8875,0.7285,-0.031
2026-10-08T19:20:44Z,2026-10-08 19:20:10,SPXW,2026-10-12,C,7575.0,7753.0698,179.4,16.0,186.6,16.0,177.48,2.0,11.0,0.1279,0.9605,0.0008,-0.8628,0.7656,0.7961
2026-10-08T19:20:44Z,2026-10-08 19:20:10,SPXW,2026-10-12,P,7575.0,7753.0698,1.55,163.0,1.65,37.0,1.55,219.0,436.0,0.1277,-0.0395,0.0008,-0.9315,0.7656,-0.033
2026-10-08T19:20:44Z,2026-10-08 19:20:10,SPXW,2026-10-12,C,7580.0,7753.0698,174.5,16.0,181.7,16.0,109.82,0.0,5.0,0.1264,0.9579,0.0009,-0.9112,0.8048,0.7945
2026-10-08T19:20:44Z,2026-10-08 19:20:10,SPXW,2026-10-12,P,7580.0,7753.0698,1.65,177.0,1.75,38.0,1.6,138.0,264.0,0.1266,-0.0421,0.0009,-0.978,0.8048,-0.0352
2026-10-08T19:20:44Z,2026-10-08 19:20:10,SPXW,2026-10-12,C,7585.0,7753.0698,169.6,16.0,176.8,16.0,252.95,0.0,13.0,0.1247,0.955,0.0009,-0.9627,0.8467,0.7927
2026-10-08T19:20:44Z,2026-10-08 19:20:10,SPXW,2026-10-12,P,7585.0,7753.0698,1.8,68.0,1.85,20.0,1.8,101.0,274.0,0.125,-0.0449,0.0009,-1.0276,0.8467,-0.0376
2026-10-08T19:20:44Z,2026-10-08 19:20:10,SPXW,2026-10-12,C,7590.0,7753.0698,164.7,16.0,171.9,16.0,185.38,10.0,69.0,0.123,0.9519,0.001,-1.0175,0.8913,0.7906
2026-10-08T19:20:44Z,2026-10-08 19:20:10,SPXW,2026-10-12,P,7590.0,7753.0698,1.9,170.0,2.0,38.0,1.9,194.0,1400.0,0.1239,-0.048,0.001,-1.0805,0.8913,-0.0402
2026-10-08T19:20:44Z,2026-10-08 19:20:10,SPXW,2026-10-12,C,7595.0,7753.0698,159.9,16.0,167.0,16.0,119.2,0.0,7.0,0.1218,0.9486,0.001,-1.0758,0.9384,0.7883
2026-10-08T19:20:44Z,2026-10-08 19:20:10,SPXW,2026-10-12,P,7595.0,7753.0698,2.05,152.0,2.15,59.0,2.05,126.0,802.0,0.1224,-0.0514,0.001,-1.1369,0.9384,-0.0431
2026-10-08T19:20:44Z,2026-10-08 19:20:10,SPXW,2026-10-12,C,7600.0,7753.0698,156.5,7.0,160.5,7.0,152.66,9.0,378.0,0.1227,0.9449,0.0011,-1.1376,0.9879,0.7857
2026-10-08T19:20:44Z,2026-10-08 19:20:10,SPXW,2026-10-12,P,7600.0,7753.0698,2.2,146.0,2.3,58.0,2.25,1109.0,2097.0,0.121,-0.055,0.0011,-1.1968,0.9879,-0.0462
2026-10-08T19:20:44Z,2026-10-08 19:20:10,SPXW,2026-10-12,C,7605.0,7753.0698,150.5,16.0,157.3,16.0,225.52,0.0,10.0,0.1206,0.941,0.0012,-1.2031,1.0403,0.7829
2026-10-08T19:20:44Z,2026-10-08 19:20:10,SPXW,2026-10-12,P,7605.0,7753.0698,2.4,53.0,2.45,18.0,2.35,1106.0,525.0,0.1198,-0.059,0.0012,-1.2604,1.0403,-0.0495
2026-10-08T19:20:44Z,2026-10-08 19:20:10,SPXW,2026-10-12,C,7610.0,7753.0698,145.7,16.0,152.5,16.0,165.9,13.0,75.0,0.1194,0.9367,0.0013,-1.2723,1.096,0.7799
2026-10-08T19:20:44Z,2026-10-08 19:20:10,SPXW,2026-10-12,P,7610.0,7753.0698,2.55,122.0,2.65,42.0,2.6,2303.0,271.0,0.1184,-0.0633,0.0013,-1.3278,1.096,-0.0531
2026-10-08T19:20:44Z,2026-10-08 19:20:10,SPXW,2026-10-12,C,7615.0,7753.0698,140.9,16.0,147.7,16.0,139.63,1.0,9.0,0.118,0.932,0.0014,-1.3453,1.1549,0.7765
2026-10-08T19:20:44Z,2026-10-08 19:20:10,SPXW,2026-10-12,P,7615.0,7753.0698,2.75,117.0,2.85,33.0,2.8,215.0,833.0,0.1172,-0.0679,0.0014,-1.3989,1.1549,-0.057
2026-10-08T19:20:44Z,2026-10-08 19:20:10,SPXW,2026-10-12,C,7620.0,7753.0698,135.9,16.0,142.9,16.0,158.45,1.0,59.0,0.1156,0.927,0.0015,-1.4222,1.2168,0.7728
2026-10-08T19:20:44Z,2026-10-08 19:20:10,SPXW,2026-10-12,P,7620.0,7753.0698,3.0,36.0,3.1,98.0,2.9,175.0,349.0,0.1162,-0.073,0.0015,-1.4739,1.2168,-0.0613
2026-10-08T19:20:44Z,2026-10-08 19:20:10,SPXW,2026-10-12,C,7625.0,7753.0698,131.1,16.0,138.1,16.0,137.56,2.0,108.0,0.1141,0.9215,0.0016,-1.5029,1.2813,0.7686
2026-10-08T19:20:44Z,2026-10-08 19:20:10,SPXW,2026-10-12,P,7625.0,7753.0698,3.2,118.0,3.3,32.0,3.29,361.0,655.0,0.1146,-0.0784,0.0016,-1.5527,1.2813,-0.066
2026-10-08T19:20:44Z,2026-10-08 19:20:10,SPXW,2026-10-12,C,7630.0,7753.0698,126.7,16.0,133.3,16.0,129.61,41.0,69.0,0.114,0.9156,0.0017,-1.5876,1.3488,0.7642
2026-10-08T19:20:44Z,2026-10-08 19:20:10,SPXW,2026-10-12,P,7630.0,7753.0698,3.5,53.0,3.6,96.0,3.4,228.0,464.0,0.1137,-0.0843,0.0017,-1.6355,1.3488,-0.071
2026-10-08T19:20:44Z,2026-10-08 19:20:10,SPXW,2026-10-12,C,7635.0,7753.0698,121.7,17.0,128.6,16.0,150.99,13.0,26.0,0.1117,0.9092,0.0018,-1.6762,1.42,0.7594
2026-10-08T19:20:44Z,2026-10-08 19:20:10,SPXW,2026-10-12,P,7635.0,7753.0698,3.7,158.0,3.9,112.0,3.7,161.0,169.0,0.1122,-0.0907,0.0018,-1.7222,1.42,-0.0764
2026-10-08T19:20:44Z,2026-10-08 19:20:10,SPXW,2026-10-12,C,7640.0,7753.0698,118.4,7.0,122.4,7.0,137.83,1.0,130.0,0.1122,0.9023,0.0019,-1.7685,1.4947,0.754
2026-10-08T19:20:44Z,2026-10-08 19:20:10,SPXW,2026-10-12,P,7640.0,7753.0698,4.1,30.0,4.2,78.0,3.9,369.0,467.0,0.1113,-0.0976,0.0019,-1.8126,1.4947,-0.0822
2026-10-08T19:20:44Z,2026-10-08 19:20:10,SPXW,2026-10-12,C,7645.0,7753.0698,113.8,9.0,117.8,7.0,108.57,36.0,57.0,0.111,0.8949,0.002,-1.8645,1.5721,0.7482
2026-10-08T19:20:44Z,2026-10-08 19:20:10,SPXW,2026-10-12,P,7645.0,7753.0698,4.4,93.0,4.5,1.0,4.3,435.0,265.0,0.1098,-0.1051,0.002,-1.9068,1.5721,-0.0887
2026-10-08T19:20:44Z,2026-10-08 19:20:10,SPXW,2026-10-12,C,7650.0,7753.0698,109.1,7.0,113.1,7.0,107.32,8.0,350.0,0.1092,0.8868,0.0022,-1.9641,1.6518,0.7418
2026-10-08T19:20:44Z,2026-10-08 19:20:10,SPXW,2026-10-12,P,7650.0,7753.0698,4.8,16.0,4.9,54.0,4.8,3796.0,5733.0,0.1088,-0.1132,0.0022,-2.0044,1.6518,-0.0956
2026-10-08T19:20:44Z,2026-10-08 19:20:10,SPXW,2026-10-12,C,7655.0,7753.0698,104.6,8.0,108.5,8.0,147.8,0.0,44.0,0.108,0.8781,0.0023,-2.0671,1.7347,0.735
2026-10-08T19:20:44Z,2026-10-08 19:20:10,SPXW,2026-10-12,P,7655.0,7753.0698,5.2,43.0,5.3,44.0,5.1,220.0,408.0,0.1076,-0.1218,0.0023,-2.1055,1.7347,-0.1029
2026-10-08T19:20:44Z,2026-10-08 19:20:10,SPXW,2026-10-12,C,7660.0,7753.0698,100.1,7.0,104.0,8.0,123.47,1.0,131.0,0.1071,0.8687,0.0024,-2.173,1.8212,0.7276
2026-10-08T19:20:44Z,2026-10-08 19:20:10,SPXW,2026-10-12,P,7660.0,7753.0698,5.6,78.0,5.7,1.0,5.51,220.0,880.0,0.1061,-0.1312,0.0024,-2.2095,1.8212,-0.1108
2026-10-08T19:20:44Z,2026-10-08 19:20:10,SPXW,2026-10-12,C,7665.0,7753.0698,94.1,18.0,100.7,16.0,114.46,1.0,42.0,0.1041,0.8586,0.0026,-2.2816,1.91,0.7195
2026-10-08T19:20:44Z,2026-10-08 19:20:10,SPXW,2026-10-12,P,7665.0,7753.0698,6.1,45.0,6.2,40.0,6.0,270.0,215.0,0.1051,-0.1413,0.0026,-2.3162,1.91,-0.1195
2026-10-08T19:20:44Z,2026-10-08 19:20:10,SPXW,2026-10-12,C,7670.0,7753.0698,91.0,10.0,94.9,8.0,96.3,9.0,192.0,0.1044,0.8478,0.0028,-2.3924,2.0,0.7107
2026-10-08T19:20:44Z,2026-10-08 19:20:10,SPXW,2026-10-12,P,7670.0,7753.0698,6.6,70.0,6.7,1.0,6.47,233.0,283.0,0.1038,-0.1522,0.0028,-2.4252,2.0,-0.1289
2026-10-08T19:20:44Z,2026-10-08 19:20:10,SPXW,2026-10-12,C,7675.0,7753.0698,86.6,7.0,90.5,8.0,91.9,11.0,125.0,0.1031,0.836,0.0029,-2.505,2.0923,0.7014
2026-10-08T19:20:44Z,2026-10-08 19:20:10,SPXW,2026-10-12,P,7675.0,7753.0698,7.1,77.0,7.3,36.0,7.0,1071.0,1093.0,0.1025,-0.1639,0.0029,-2.5358,2.0923,-0.1388
2026-10-08T19:20:44Z,2026-10-08 19:20:10,SPXW,2026-10-12,C,7680.0,7753.0698,82.2,10.0,86.1,8.0,82.92,20.0,88.0,0.1018,0.8235,0.0031,-2.6186,2.1873,0.6912
2026-10-08T19:20:44Z,2026-10-08 19:20:10,SPXW,2026-10-12,P,7680.0,7753.0698,7.8,22.0,7.9,7.0,7.6,218.0,630.0,0.1015,-0.1765,0.0031,-2.6475,2.1873,-0.1494
2026-10-08T19:20:44Z,2026-10-08 19:20:10,SPXW,2026-10-12,C,7685.0,7753.0698,77.9,12.0,81.8,10.0,78.35,104.0,196.0,0.101,0.81,0.0033,-2.7324,2.2827,0.6801
2026-10-08T19:20:44Z,2026-10-08 19:20:10,SPXW,2026-10-12,P,7685.0,7753.0698,8.4,74.0,8.6,34.0,8.05,237.0,351.0,0.1002,-0.19,0.0033,-2.7594,2.2827,-0.1611
2026-10-08T19:20:44Z,2026-10-08 19:20:10,SPXW,2026-10-12,C,7690.0,7753.0698,73.6,12.0,77.5,10.0,78.11,17.0,73.0,0.1,0.7956,0.0035,-2.8455,2.3775,0.6683
2026-10-08T19:20:44Z,2026-10-08 19:20:10,SPXW,2026-10-12,P,7690.0,7753.0698,9.2,29.0,9.3,7.0,8.71,359.0,803.0,0.0989,-0.2044,0.0035,-2.8707,2.3775,-0.1734
2026-10-08T19:20:44Z,2026-10-08 19:20:10,SPXW,2026-10-12,C,7695.0,7753.0698,69.5,11.0,73.3,11.0,73.49,12.0,32.0,0.0982,0.7801,0.0037,-2.9572,2.4732,0.6558
2026-10-08T19:20:44Z,2026-10-08 19:20:10,SPXW,2026-10-12,P,7695.0,7753.0698,10.0,20.0,10.1,10.0,10.0,378.0,447.0,0.0978,-0.2198,0.0037,-2.9804,2.4732,-0.1865
2026-10-08T19:20:44Z,2026-10-08 19:20:10,SPXW,2026-10-12,C,7700.0,7753.0698,66.7,3.0,68.0,3.0,69.31,111.0,749.0,0.0972,0.7637,0.0039,-3.0659,2.5688,0.6421
2026-10-08T19:20:44Z,2026-10-08 19:20:10,SPXW,2026-10-12,P,7700.0,7753.0698,10.8,72.0,11.0,36.0,10.01,2705.0,1363.0,0.0968,-0.2363,0.0039,-3.0873,2.5688,-0.2007
2026-10-08T19:20:44Z,2026-10-08 19:20:10,SPXW,2026-10-12,C,7705.0,7753.0698,62.2,3.0,64.5,3.0,65.17,6.0,46.0,0.0962,0.7461,0.0041,-3.1705,2.6611,0.6276
2026-10-08T19:20:44Z,2026-10-08 19:20:10,SPXW,2026-10-12,P,7705.0,7753.0698,11.8,22.0,11.9,1.0,11.3,292.0,490.0,0.0955,-0.2538,0.0041,-3.19,2.6611,-0.2158
2026-10-08T19:20:44Z,2026-10-08 19:20:10,SPXW,2026-10-12,C,7710.0,7753.0698,59.2,6.0,59.5,15.0,62.9,36.0,1193.0,0.0946,0.7275,0.0043,-3.2697,2.7509,0.6123
2026-10-08T19:20:44Z,2026-10-08 19:20:10,SPXW,2026-10-12,P,7710.0,7753.0698,12.8,67.0,13.0,16.0,12.7,350.0,779.0,0.0945,-0.2725,0.0043,-3.2873,2.7509,-0.2316
2026-10-08T19:20:44Z,2026-10-08 19:20:10,SPXW,2026-10-12,C,7715.0,7753.0698,55.2,8.0,55.6,15.0,53.6,30.0,105.0,0.0934,0.7077,0.0045,-3.3618,2.8385,0.5958
2026-10-08T19:20:44Z,2026-10-08 19:20:10,SPXW,2026-10-12,P,7715.0,7753.0698,13.9,56.0,14.1,1.0,13.3,319.0,839.0,0.0935,-0.2922,0.0045,-3.3776,2.8385,-0.2487
2026-10-08T19:20:44Z,2026-10-08 19:20:10,SPXW,2026-10-12,C,7720.0,7753.0698,51.5,2.0,51.7,10.0,53.42,229.0,1068.0,0.0925,0.6868,0.0047,-3.4453,2.9202,0.5783
2026-10-08T19:20:44Z,2026-10-08 19:20:10,SPXW,2026-10-12,P,7720.0,7753.0698,15.1,20.0,15.3,3.0,15.2,1483.0,1150.0,0.0923,-0.3132,0.0047,-3.4591,2.9202,-0.2668
2026-10-08T19:20:44Z,2026-10-08 19:20:10,SPXW,2026-10-12,C,7725.0,7753.0698,47.8,9.0,48.1,13.0,48.6,215.0,631.0,0.0913,0.6647,0.0049,-3.5185,2.9954,0.5601
2026-10-08T19:20:44Z,2026-10-08 19:20:10,SPXW,2026-10-12,P,7725.0,7753.0698,16.4,57.0,16.6,8.0,15.8,499.0,1316.0,0.0912,-0.3352,0.0049,-3.5304,2.9954,-0.2855
2026-10-08T19:20:44Z,2026-10-08 19:20:10,SPXW,2026-10-12,C,7730.0,7753.0698,44.2,12.0,44.4,4.0,45.0,114.0,190.0,0.0903,0.6416,0.0051,-3.5797,3.0648,0.5406
2026-10-08T19:20:44Z,2026-10-08 19:20:10,SPXW,2026-10-12,P,7730.0,7753.0698,17.9,58.0,18.1,7.0,17.4,724.0,382.0,0.09,-0.3584,0.0051,-3.5897,3.0648,-0.3055
2026-10-08T19:20:44Z,2026-10-08 19:20:10,SPXW,2026-10-12,C,7735.0,7753.0698,40.8,5.0,41.0,13.0,42.01,223.0,135.0,0.0893,0.6173,0.0052,-3.627,3.1248,0.5202
2026-10-08T19:20:44Z,2026-10-08 19:20:10,SPXW,2026-10-12,P,7735.0,7753.0698,19.4,26.0,19.6,1.0,19.4,606.0,379.0,0.0892,-0.3827,0.0052,-3.6351,3.1248,-0.3265
2026-10-08T19:20:44Z,2026-10-08 19:20:10,SPXW,2026-10-12,C,7740.0,7753.0698,37.5,6.0,37.7,21.0,39.27,290.0,251.0,0.0882,0.5919,0.0054,-3.659,3.1747,0.4992
2026-10-08T19:20:44Z,2026-10-08 19:20:10,SPXW,2026-10-12,P,7740.0,7753.0698,21.1,7.0,21.3,32.0,20.2,781.0,252.0,0.0879,-0.408,0.0054,-3.6653,3.1747,-0.348
2026-10-08T19:20:44Z,2026-10-08 19:20:10,SPXW,2026-10-12,C,7745.0,7753.0698,34.3,6.0,34.5,47.0,35.0,241.0,250.0,0.0872,0.5656,0.0055,-3.6741,3.2141,0.4768
2026-10-08T19:20:44Z,2026-10-08 19:20:10,SPXW,2026-10-12,P,7745.0,7753.0698,22.8,31.0,23.1,31.0,22.8,703.0,364.0,0.0869,-0.4344,0.0055,-3.6784,3.2141,-0.371
2026-10-08T19:20:44Z,2026-10-08 19:20:10,SPXW,2026-10-12,C,7750.0,7753.0698,31.2,15.0,31.4,16.0,31.5,924.0,1673.0,0.0862,0.5383,0.0056,-3.6707,3.2405,0.454
2026-10-08T19:20:44Z,2026-10-08 19:20:10,SPXW,2026-10-12,P,7750.0,7753.0698,24.8,12.0,25.0,25.0,25.0,2558.0,3540.0,0.0861,-0.4616,0.0056,-3.6732,3.2405,-0.3944
2026-10-08T19:20:44Z,2026-10-08 19:20:10,SPXW,2026-10-12,C,7755.0,7753.0698,28.3,6.0,28.5,49.0,28.3,327.0,537.0,0.0853,0.5102,0.0057,-3.6481,3.2532,0.4304
2026-10-08T19:20:44Z,2026-10-08 19:20:10,SPXW,2026-10-12,P,7755.0,7753.0698,26.9,17.0,27.1,2.0,26.9,633.0,226.0,0.0851,-0.4897,0.0057,-3.6486,3.2532,-0.4184
2026-10-08T19:20:44Z,2026-10-08 19:20:10,SPXW,2026-10-12,C,7760.0,7753.0698,25.5,6.0,25.7,43.0,25.69,611.0,161.0,0.0842,0.4815,0.0058,-3.6051,3.2511,0.4059
2026-10-08T19:20:44Z,2026-10-08 19:20:10,SPXW,2026-10-12,P,7760.0,7753.0698,29.1,22.0,29.3,1.0,27.5,871.0,320.0,0.0842,-0.5185,0.0058,-3.6038,3.2511,-0.4435
2026-10-08T19:20:44Z,2026-10-08 19:20:10,SPXW,2026-10-12,C,7765.0,7753.0698,22.9,5.0,23.1,30.0,23.0,940.0,139.0,0.0834,0.4522,0.0058,-3.5416,3.2334,0.3815
2026-10-08T19:20:44Z,2026-10-08 19:20:10,SPXW,2026-10-12,P,7765.0,7753.0698,31.5,19.0,31.7,6.0,29.9,795.0,197.0,0.0832,-0.5478,0.0058,-3.5384,3.2334,-0.4684
2026-10-08T19:20:44Z,2026-10-08 19:20:10,SPXW,2026-10-12,C,7770.0,7753.0698,20.4,58.0,20.7,56.0,22.1,761.0,451.0,0.0826,0.4226,0.0058,-3.4577,3.1989,0.3563
2026-10-08T19:20:44Z,2026-10-08 19:20:10,SPXW,2026-10-12,P,7770.0,7753.0698,34.0,18.0,34.2,6.0,33.2,744.0,1736.0,0.0823,-0.5774,0.0058,-3.4526,3.1989,-0.4942
2026-10-08T19:20:44Z,2026-10-08 19:20:10,SPXW,2026-10-12,C,7775.0,7753.0698,18.2,7.0,18.4,33.0,18.3,1788.0,845.0,0.0818,0.3929,0.0058,-3.3539,3.148,0.3313
2026-10-08T19:20:44Z,2026-10-08 19:20:10,SPXW,2026-10-12,P,7775.0,7753.0698,36.8,11.0,37.0,1.0,37.3,894.0,523.0,0.0814,-0.6071,0.0058,-3.3468,3.148,-0.5197
2026-10-08T19:20:44Z,2026-10-08 19:20:10,SPXW,2026-10-12,C,7780.0,7753.0698,16.0,60.0,16.3,58.0,16.3,905.0,876.0,0.0809,0.3633,0.0057,-3.2315,3.0808,0.3063
2026-10-08T19:20:44Z,2026-10-08 19:20:10,SPXW,2026-10-12,P,7780.0,7753.0698,39.7,4.0,39.9,12.0,38.5,703.0,228.0,0.0807,-0.6366,0.0057,-3.2226,3.0808,-0.5453
2026-10-08T19:20:44Z,2026-10-08 19:20:10,SPXW,2026-10-12,C,7785.0,7753.0698,14.1,24.0,14.3,23.0,14.21,496.0,285.0,0.0801,0.3342,0.0056,-3.0921,2.9965,0.2816
2026-10-08T19:20:44Z,2026-10-08 19:20:10,SPXW,2026-10-12,P,7785.0,7753.0698,42.7,10.0,42.9,3.0,41.5,340.0,159.0,0.0799,-0.6658,0.0056,-3.0813,2.9965,-0.5706
2026-10-08T19:20:44Z,2026-10-08 19:20:10,SPXW,2026-10-12,C,7790.0,7753.0698,12.4,15.0,12.5,8.0,12.4,647.0,311.0,0.0794,0.3056,0.0054,-2.9379,2.8988,0.2576
2026-10-08T19:20:44Z,2026-10-08 19:20:10,SPXW,2026-10-12,P,7790.0,7753.0698,45.9,9.0,46.1,2.0,44.0,492.0,170.0,0.0793,-0.6943,0.0054,-2.9252,2.8988,-0.5951
2026-10-08T19:20:44Z,2026-10-08 19:20:10,SPXW,2026-10-12,C,7795.0,7753.0698,10.7,71.0,10.9,17.0,11.0,352.0,327.0,0.0788,0.278,0.0052,-2.7713,2.7855,0.234
2026-10-08T19:20:44Z,2026-10-08 19:20:10,SPXW,2026-10-12,P,7795.0,7753.0698,48.1,1.0,50.6,1.0,47.31,327.0,117.0,0.0782,-0.722,0.0052,-2.7567,2.7855,-0.6193
2026-10-08T19:20:44Z,2026-10-08 19:20:10,SPXW,2026-10-12,C,7800.0,7753.0698,9.3,80.0,9.5,47.0,9.4,5553.0,2729.0,0.0784,0.2514,0.005,-2.5952,2.6616,0.2117
2026-10-08T19:20:44Z,2026-10-08 19:20:10,SPXW,2026-10-12,P,7800.0,7753.0698,51.6,1.0,54.2,1.0,49.5,1114.0,4056.0,0.0776,-0.7486,0.005,-2.5788,2.6616,-0.6421
2026-10-08T19:20:44Z,2026-10-08 19:20:10,SPXW,2026-10-12,C,7805.0,7753.0698,8.0,46.0,8.2,66.0,8.21,443.0,374.0,0.0779,0.2261,0.0047,-2.4126,2.5269,0.1901
2026-10-08T19:20:44Z,2026-10-08 19:20:10,SPXW,2026-10-12,P,7805.0,7753.0698,54.8,9.0,58.5,1.0,54.41,83.0,84.0,0.0769,-0.7739,0.0047,-2.3942,2.5269,-0.6643
2026-10-08T19:20:44Z,2026-10-08 19:20:10,SPXW,2026-10-12,C,7810.0,7753.0698,6.9,66.0,7.1,80.0,7.5,588.0,312.0,0.0775,0.2022,0.0044,-2.2264,2.384,0.17
2026-10-08T19:20:44Z,2026-10-08 19:20:10,SPXW,2026-10-12,P,7810.0,7753.0698,58.8,2.0,62.4,1.0,57.96,45.0,172.0,0.0762,-0.7978,0.0044,-2.2061,2.384,-0.6848
2026-10-08T19:20:44Z,2026-10-08 19:20:10,SPXW,2026-10-12,C,7815.0,7753.0698,5.9,1.0,6.0,51.0,6.55,1096.0,278.0,0.077,0.1798,0.0042,-2.0396,2.2365,0.151
2026-10-08T19:20:44Z,2026-10-08 19:20:10,SPXW,2026-10-12,P,7815.0,7753.0698,62.6,9.0,66.4,1.0,64.84,110.0,89.0,0.0758,-0.8202,0.0042,-2.0174,2.2365,-0.7045
2026-10-08T19:20:44Z,2026-10-08 19:20:10,SPXW,2026-10-12,C,7820.0,7753.0698,5.0,79.0,5.2,89.0,5.18,5737.0,2630.0,0.0769,0.159,0.0038,-1.855,2.0841,0.1335
2026-10-08T19:20:44Z,2026-10-08 19:20:10,SPXW,2026-10-12,P,7820.0,7753.0698,66.7,8.0,70.5,1.0,65.26,84.0,158.0,0.0754,-0.841,0.0038,-1.831,2.0841,-0.7225
2026-10-08T19:20:44Z,2026-10-08 19:20:10,SPXW,2026-10-12,C,7825.0,7753.0698,4.2,97.0,4.4,137.0,4.33,1181.0,927.0,0.0765,0.1399,0.0035,-1.6754,1.932,0.1173
2026-10-08T19:20:44Z,2026-10-08 19:20:10,SPXW,2026-10-12,P,7825.0,7753.0698,70.9,8.0,74.7,1.0,68.58,54.0,119.0,0.0752,-0.8601,0.0035,-1.6494,1.932,-0.7392
2026-10-08T19:20:44Z,2026-10-08 19:20:10,SPXW,2026-10-12,C,7830.0,7753.0698,3.6,1.0,3.7,72.0,3.7,734.0,1654.0,0.0764,0.1225,0.0032,-1.503,1.7798,0.1026
2026-10-08T19:20:44Z,2026-10-08 19:20:10,SPXW,2026-10-12,P,7830.0,7753.0698,75.2,8.0,79.1,1.0,75.89,85.0,163.0,0.075,-0.8775,0.0032,-1.4752,1.7798,-0.7545
2026-10-08T19:20:44Z,2026-10-08 19:20:10,SPXW,2026-10-12,C,7835.0,7753.0698,3.0,97.0,3.1,39.0,3.3,393.0,284.0,0.0762,0.1067,0.0029,-1.3399,1.6313,0.0893
2026-10-08T19:20:44Z,2026-10-08 19:20:10,SPXW,2026-10-12,P,7835.0,7753.0698,79.7,8.0,83.6,9.0,94.95,98.0,51.0,0.0746,-0.8932,0.0029,-1.3102,1.6313,-0.7683
2026-10-08T19:20:44Z,2026-10-08 19:20:10,SPXW,2026-10-12,C,7840.0,7753.0698,2.55,56.0,2.6,24.0,2.66,2857.0,1526.0,0.076,0.0926,0.0026,-1.1876,1.4875,0.0774
2026-10-08T19:20:44Z,2026-10-08 19:20:10,SPXW,2026-10-12,P,7840.0,7753.0698,84.2,8.0,87.9,2.0,84.29,275.0,79.0,0.0743,-0.9074,0.0026,-1.156,1.4875,-0.7808
2026-10-08T19:20:44Z,2026-10-08 19:20:10,SPXW,2026-10-12,C,7845.0,7753.0698,2.1,173.0,2.2,52.0,2.21,411.0,1369.0,0.0762,0.08,0.0024,-1.0473,1.35,0.0669
2026-10-08T19:20:44Z,2026-10-08 19:20:10,SPXW,2026-10-12,P,7845.0,7753.0698,88.8,8.0,92.7,9.0,91.27,186.0,48.0,0.0746,-0.9199,0.0024,-1.0138,1.35,-0.7918
2026-10-08T19:20:44Z,2026-10-08 19:20:10,SPXW,2026-10-12,C,7850.0,7753.0698,1.75,268.0,1.85,58.0,1.95,1991.0,2063.0,0.0763,0.069,0.0021,-0.9197,1.2204,0.0575
2026-10-08T19:20:44Z,2026-10-08 19:20:10,SPXW,2026-10-12,P,7850.0,7753.0698,93.4,8.0,97.1,2.0,92.26,157.0,382.0,0.0741,-0.931,0.0021,-0.8842,1.2204,-0.8018
2026-10-08T19:20:44Z,2026-10-08 19:20:10,SPXW,2026-10-12,C,7855.0,7753.0698,1.5,1.0,1.55,33.0,1.6,447.0,475.0,0.0764,0.0593,0.0019,-0.8048,1.0994,0.0495
2026-10-08T19:20:44Z,2026-10-08 19:20:10,SPXW,2026-10-12,P,7855.0,7753.0698,98.1,8.0,101.8,2.0,98.7,3.0,10.0,0.0734,-0.9406,0.0019,-0.7676,1.0994,-0.8103
2026-10-08T19:20:44Z,2026-10-08 19:20:10,SPXW,2026-10-12,C,7860.0,7753.0698,1.25,55.0,1.3,40.0,1.32,845.0,554.0,0.0766,0.051,0.0017,-0.7028,0.9877,0.0424
2026-10-08T19:20:44Z,2026-10-08 19:20:10,SPXW,2026-10-12,P,7860.0,7753.0698,102.9,8.0,106.6,2.0,116.03,4.0,19.0,0.0731,-0.949,0.0017,-0.6636,0.9877,-0.818
2026-10-08T19:20:44Z,2026-10-08 19:20:10,SPXW,2026-10-12,C,7865.0,7753.0698,1.0,358.0,1.1,61.0,1.15,330.0,164.0,0.077,0.0438,0.0015,-0.613,0.8858,0.0364
2026-10-08T19:20:44Z,2026-10-08 19:20:10,SPXW,2026-10-12,P,7865.0,7753.0698,107.9,2.0,111.4,2.0,120.77,3.0,4.0,0.0731,-0.9562,0.0015,-0.5719,0.8858,-0.8245
2026-10-08T19:20:44Z,2026-10-08 19:20:10,SPXW,2026-10-12,C,7870.0,7753.0698,0.85,310.0,0.95,157.0,0.95,860.0,510.0,0.0769,0.0376,0.0013,-0.5347,0.7935,0.0312
2026-10-08T19:20:44Z,2026-10-08 19:20:10,SPXW,2026-10-12,P,7870.0,7753.0698,112.5,8.0,116.2,2.0,117.8,3.0,25.0,0.0733,-0.9623,0.0013,-0.4917,0.7935,-0.8302
2026-10-08T19:20:44Z,2026-10-08 19:20:10,SPXW,2026-10-12,C,7875.0,7753.0698,0.7,397.0,0.8,53.0,0.75,793.0,1181.0,0.078,0.0324,0.0011,-0.467,0.7106,0.0268
2026-10-08T19:20:44Z,2026-10-08 19:20:10,SPXW,2026-10-12,P,7875.0,7753.0698,117.4,8.0,121.1,2.0,115.34,1.0,13.0,0.073,-0.9676,0.0011,-0.4222,0.7106,-0.8352
2026-10-08T19:20:44Z,2026-10-08 19:20:10,SPXW,2026-10-12,C,7880.0,7753.0698,0.6,412.0,0.7,251.0,0.7,538.0,668.0,0.0779,0.028,0.001,-0.4089,0.637,0.0232
2026-10-08T19:20:44Z,2026-10-08 19:20:10,SPXW,2026-10-12,P,7880.0,7753.0698,120.6,1.0,127.9,1.0,109.51,0.0,5.0,0.0805,-0.972,0.001,-0.3621,0.637,-0.8394
2026-10-08T19:20:44Z,2026-10-08 19:20:10,SPXW,2026-10-12,C,7885.0,7753.0698,0.5,439.0,0.6,274.0,0.6,424.0,197.0,0.0784,0.0242,0.0009,-0.3593,0.5717,0.02
2026-10-08T19:20:44Z,2026-10-08 19:20:10,SPXW,2026-10-12,P,7885.0,7753.0698,125.5,1.0,132.8,1.0,103.05,2.0,1.0,0.0813,-0.9757,0.0009,-0.3106,0.5717,-0.8431
2026-10-08T19:20:44Z,2026-10-08 19:20:10,SPXW,2026-10-12,C,7890.0,7753.0698,0.45,163.0,0.5,45.0,0.5,810.0,1346.0,0.0798,0.0211,0.0008,-0.3172,0.5142,0.0174
2026-10-08T19:20:44Z,2026-10-08 19:20:10,SPXW,2026-10-12,P,7890.0,7753.0698,130.4,1.0,137.5,1.0,118.01,1.0,4.0,0.0796,-0.9789,0.0008,-0.2666,0.5142,-0.8462
2026-10-08T19:20:44Z,2026-10-08 19:20:10,SPXW,2026-10-12,C,7895.0,7753.0698,0.35,617.0,0.45,172.0,0.45,238.0,327.0,0.0803,0.0185,0.0007,-0.2815,0.464,0.0152
2026-10-08T19:20:44Z,2026-10-08 19:20:10,SPXW,2026-10-12,P,7895.0,7753.0698,135.4,1.0,142.4,1.0,0.0,0.0,0.0,0.0809,-0.9815,0.0007,-0.2291,0.464,-0.849
2026-10-08T19:20:44Z,2026-10-08 19:20:10,SPXW,2026-10-12,C,7900.0,7753.0698,0.3,596.0,0.4,227.0,0.38,1699.0,2518.0,0.0813,0.0163,0.0006,-0.2514,0.4202,0.0134
2026-10-08T19:20:44Z,2026-10-08 19:20:10,SPXW,2026-10-12,P,7900.0,7753.0698,141.9,8.0,145.9,8.0,140.83,17.0,9.0,0.0747,-0.9837,0.0006,-0.1971,0.4202,-0.8513
2026-10-08T19:20:44Z,2026-10-08 19:20:10,SPXW,2026-10-12,C,7905.0,7753.0698,0.3,74.0,0.35,104.0,0.35,280.0,443.0,0.082,0.0144,0.0005,-0.2264,0.3824,0.0119
2026-10-08T19:20:44Z,2026-10-08 19:20:10,SPXW,2026-10-12,P,7905.0,7753.0698,145.1,15.0,152.4,15.0,0.0,0.0,1.0,0.0812,-0.9855,0.0005,-0.1698,0.382,-0.8534
2026-10-08T19:20:44Z,2026-10-08 19:20:10,SPXW,2026-10-12,C,7910.0,7753.0698,0.25,332.0,0.35,420.0,0.3,998.0,1989.0,0.0835,0.0129,0.0005,-0.205,0.3492,0.0106
2026-10-08T19:20:44Z,2026-10-08 19:20:10,SPXW,2026-10-12,P,7910.0,7753.0698,150.1,15.0,157.4,15.0,0.0,0.0,0.0,0.0836,-0.9871,0.0005,-0.1466,0.3488,-0.8553
2026-10-08T19:20:44Z,2026-10-08 19:20:10,SPXW,2026-10-12,C,7915.0,7753.0698,0.2,639.0,0.3,444.0,0.25,552.0,566.0,0.0838,0.0116,0.0004,-0.1871,0.3204,0.0095
2026-10-08T19:20:44Z,2026-10-08 19:20:10,SPXW,2026-10-12,P,7915.0,7753.0698,155.1,15.0,162.4,15.0,0.0,0.0,1.0,0.086,-0.9884,0.0004,-0.1268,0.3201,-0.8569
2026-10-08T19:20:44Z,2026-10-08 19:20:10,SPXW,2026-10-12,C,7920.0,7753.0698,0.2,321.0,0.25,67.0,0.25,355.0,1135.0,0.086,0.0105,0.0004,-0.1719,0.2955,0.0086
2026-10-08T19:20:44Z,2026-10-08 19:20:10,SPXW,2026-10-12,P,7920.0,7753.0698,160.0,15.0,167.5,15.0,0.0,0.0,3.0,0.0884,-0.9895,0.0004,-0.1098,0.2952,-0.8583
2026-10-08T19:20:44Z,2026-10-08 19:20:10,SPXW,2026-10-12,C,7925.0,7753.0698,0.2,1.0,0.25,415.0,0.2,440.0,1170.0,0.0872,0.0096,0.0004,-0.1592,0.2737,0.0078
2026-10-08T19:20:44Z,2026-10-08 19:20:10,SPXW,2026-10-12,P,7925.0,7753.0698,165.0,15.0,172.6,15.0,165.63,3.0,2.0,0.0927,-0.9904,0.0004,-0.0952,0.2735,-0.8596
2026-10-08T19:20:44Z,2026-10-08 19:20:10,SPXW,2026-10-12,C,7930.0,7753.0698,0.15,724.0,0.25,556.0,0.2,633.0,720.0,0.0881,0.0088,0.0003,-0.1485,0.2548,0.0072
2026-10-08T19:20:44Z,2026-10-08 19:20:10,SPXW,2026-10-12,P,7930.0,7753.0698,170.0,15.0,177.3,15.0,176.53,3.0,0.0,0.0888,-0.9912,0.0003,-0.0827,0.2545,-0.8608
2026-10-08T19:20:44Z,2026-10-08 19:20:10,SPXW,2026-10-12,C,7935.0,7753.0698,0.15,304.0,0.2,70.0,0.15,175.0,319.0,0.0903,0.0081,0.0003,-0.1395,0.2383,0.0066
2026-10-08T19:20:44Z,2026-10-08 19:20:10,SPXW,2026-10-12,P,7935.0,7753.0698,175.0,15.0,182.5,15.0,0.0,0.0,1.0,0.0956,-0.9918,0.0003,-0.0718,0.2381,-0.8619
2026-10-08T19:20:44Z,2026-10-08 19:20:10,SPXW,2026-10-12,C,7940.0,7753.0698,0.15,78.0,0.2,322.0,0.17,328.0,817.0,0.0911,0.0076,0.0003,-0.1318,0.2239,0.0062
2026-10-08T19:20:44Z,2026-10-08 19:20:10,SPXW,2026-10-12,P,7940.0,7753.0698,179.9,15.0,187.3,15.0,0.0,0.0,1.0,0.0906,-0.9924,0.0003,-0.0622,0.2237,-0.863
2026-10-08T19:20:44Z,2026-10-08 19:20:10,SPXW,2026-10-12,C,7945.0,7753.0698,0.1,827.0,0.2,575.0,0.15,121.0,462.0,0.0916,0.0071,0.0003,-0.1253,0.2113,0.0058
2026-10-08T19:20:44Z,2026-10-08 19:20:10,SPXW,2026-10-12,P,7945.0,7753.0698,184.9,15.0,192.3,15.0,0.0,0.0,0.0,0.0929,-0.9929,0.0003,-0.0539,0.2111,-0.8639
2026-10-08T19:20:44Z,2026-10-08 19:20:10,SPXW,2026-10-12,C,7950.0,7753.0698,0.1,829.0,0.2,556.0,0.13,1297.0,2026.0,0.0937,0.0066,0.0002,-0.1198,0.2001,0.0054
2026-10-08T19:20:44Z,2026-10-08 19:20:10,SPXW,2026-10-12,P,7950.0,7753.0698,189.9,15.0,197.3,15.0,211.57,0.0,6.0,0.0952,-0.9933,0.0002,-0.0465,0.2,-0.8648
2026-10-08T19:20:44Z,2026-10-08 19:20:10,SPXW,2026-10-12,C,7955.0,7753.0698,0.1,782.0,0.2,579.0,0.15,211.0,458.0,0.0958,0.0063,0.0002,-0.1151,0.1903,0.0051
2026-10-08T19:20:44Z,2026-10-08 19:20:10,SPXW,2026-10-12,P,7955.0,7753.0698,194.9,15.0,202.4,15.0,0.0,0.0,1.0,0.1005,-0.9937,0.0002,-0.0398,0.1902,-0.8656
2026-10-08T19:20:44Z,2026-10-08 19:20:10,SPXW,2026-10-12,C,7960.0,7753.0698,0.1,435.0,0.2,594.0,0.15,273.0,878.0,0.0979,0.006,0.0002,-0.111,0.1815,0.0048
2026-10-08T19:20:44Z,2026-10-08 19:20:10,SPXW,2026-10-12,P,7960.0,7753.0698,197.0,1.0,210.8,1.0,0.0,0.0,0.0,0.1131,-0.994,0.0002,-0.0339,0.1814,-0.8665
2026-10-08T19:20:44Z,2026-10-08 19:20:10,SPXW,2026-10-12,C,7965.0,7753.0698,0.1,203.0,0.15,226.0,0.1,145.0,142.0,0.098,0.0057,0.0002,-0.1075,0.1736,0.0046
2026-10-08T19:20:44Z,2026-10-08 19:20:10,SPXW,2026-10-12,P,7965.0,7753.0698,202.2,1.0,215.9,1.0,0.0,0.0,1.0,0.1201,-0.9943,0.0002,-0.0286,0.1735,-0.8672
2026-10-08T19:20:44Z,2026-10-08 19:20:10,SPXW,2026-10-12,C,7970.0,7753.0698,0.1,166.0,0.15,223.0,0.15,174.0,164.0,0.1001,0.0054,0.0002,-0.1045,0.1665,0.0044
2026-10-08T19:20:44Z,2026-10-08 19:20:10,SPXW,2026-10-12,P,7970.0,7753.0698,207.0,1.0,220.6,1.0,0.0,0.0,0.0,0.1144,-0.9946,0.0002,-0.0236,0.1664,-0.868
2026-10-08T19:20:44Z,2026-10-08 19:20:10,SPXW,2026-10-12,C,7975.0,7753.0698,0.1,155.0,0.15,259.0,0.13,385.0,4126.0,0.1022,0.0052,0.0002,-0.1019,0.16,0.0042
2026-10-08T19:20:44Z,2026-10-08 19:20:10,SPXW,2026-10-12,P,7975.0,7753.0698,207.5,1.0,226.6,1.0,218.79,1.0,2.0,0.0,-0.9948,0.0002,-0.0191,0.16,-0.8687
2026-10-08T19:20:44Z,2026-10-08 19:20:10,SPXW,2026-10-12,C,7980.0,7753.0698,0.1,143.0,0.15,333.0,0.15,222.0,217.0,0.1042,0.005,0.0002,-0.0996,0.1542,0.004
2026-10-08T19:20:44Z,2026-10-08 19:20:10,SPXW,2026-10-12,P,7980.0,7753.0698,212.4,2.0,229.4,1.0,0.0,0.0,0.0,0.0,-0.995,0.0002,-0.0149,0.1541,-0.8694
2026-10-08T19:20:44Z,2026-10-08 19:20:10,SPXW,2026-10-12,C,7985.0,7753.0698,0.05,962.0,0.15,449.0,0.1,385.0,153.0,0.1038,0.0048,0.0002,-0.0975,0.1489,0.0039
2026-10-08T19:20:44Z,2026-10-08 19:20:10,SPXW,2026-10-12,P,7985.0,7753.0698,217.5,1.0,235.5,1.0,0.0,0.0,1.0,0.0,-0.9952,0.0002,-0.011,0.1488,-0.8701
2026-10-08T19:20:44Z,2026-10-08 19:20:10,SPXW,2026-10-12,C,7990.0,7753.0698,0.05,1023.0,0.15,574.0,0.15,278.0,528.0,0.1058,0.0046,0.0001,-0.0957,0.144,0.0038
2026-10-08T19:20:44Z,2026-10-08 19:20:10,SPXW,2026-10-12,P,7990.0,7753.0698,222.9,1.0,239.9,1.0,0.0,0.0,0.0,0.0,-0.9953,0.0001,-0.0073,0.1439,-0.8708
2026-10-08T19:20:44Z,2026-10-08 19:20:10,SPXW,2026-10-12,C,7995.0,7753.0698,0.05,929.0,0.15,605.0,0.1,15.0,150.0,0.108,0.0045,0.0001,-0.0939,0.139,0.0036
2026-10-08T19:20:44Z,2026-10-08 19:20:10,SPXW,2026-10-12,P,7995.0,7753.0698,227.4,1.0,246.9,1.0,0.0,0.0,1.0,0.0,-0.9955,0.0001,-0.0037,0.1394,-0.8715
2026-10-08T19:20:44Z,2026-10-08 19:20:10,SPXW,2026-10-12,C,8000.0,7753.0698,0.05,1033.0,0.15,623.0,0.1,1244.0,2415.0,0.11,0.0043,0.0001,-0.0924,0.1348,0.0035
2026-10-08T19:20:44Z,2026-10-08 19:20:10,SPXW,2026-10-12,P,8000.0,7753.0698,241.5,7.0,245.7,7.0,237.52,5.0,6.0,0.0,-0.9956,0.0001,-0.0003,0.1352,-0.8722
2026-10-08T19:20:44Z,2026-10-08 19:20:10,SPXW,2026-10-12,C,8005.0,7753.0698,0.05,932.0,0.15,596.0,0.2,0.0,12.0,0.112,0.0042,0.0001,-0.0911,0.1309,0.0034
2026-10-08T19:20:44Z,2026-10-08 19:20:10,SPXW,2026-10-12,P,8005.0,7753.0698,237.9,1.0,258.4,3.0,0.0,0.0,0.0,0.0,-0.9957,0.0001,0.0,0.1312,-0.8728
2026-10-08T19:20:44Z,2026-10-08 19:20:10,SPXW,2026-10-12,C,8010.0,7753.0698,0.05,933.0,0.15,605.0,0.12,31.0,333.0,0.114,0.0041,0.0001,-0.0898,0.1272,0.0033
2026-10-08T19:20:44Z,2026-10-08 19:20:10,SPXW,2026-10-12,P,8010.0,7753.0698,242.9,1.0,260.8,1.0,0.0,0.0,0.0,0.0,-0.9959,0.0001,0.0,0.1275,-0.8734
2026-10-08T19:20:44Z,2026-10-08 19:20:10,SPXW,2026-10-12,C,8015.0,7753.0698,0.05,902.0,0.15,598.0,0.0,0.0,0.0,0.116,0.004,0.0001,-0.0887,0.1237,0.0032
2026-10-08T19:20:44Z,2026-10-08 19:20:10,SPXW,2026-10-12,P,8015.0,7753.0698,247.9,1.0,268.4,3.0,0.0,0.0,0.0,0.0,-0.996,0.0001,0.0,0.124,-0.8741
2026-10-08T19:20:44Z,2026-10-08 19:20:10,SPXW,2026-10-12,C,8020.0,7753.0698,0.05,914.0,0.15,637.0,0.1,0.0,260.0,0.118,0.0039,0.0001,-0.0876,0.1205,0.0031
2026-10-08T19:20:44Z,2026-10-08 19:20:10,SPXW,2026-10-12,P,8020.0,7753.0698,252.8,1.0,271.2,1.0,0.0,0.0,0.0,0.0,-0.9961,0.0001,0.0,0.1207,-0.8747
2026-10-08T19:20:44Z,2026-10-08 19:20:10,SPXW,2026-10-12,C,8025.0,7753.0698,0.05,908.0,0.15,633.0,0.12,24.0,4186.0,0.1199,0.0038,0.0001,-0.0866,0.1174,0.0031
2026-10-08T19:20:44Z,2026-10-08 19:20:10,SPXW,2026-10-12,P,8025.0,7753.0698,257.8,1.0,278.3,1.0,277.36,1.0,6.0,0.0,-0.9962,0.0001,0.0,0.1176,-0.8754
2026-10-08T19:20:44Z,2026-10-08 19:20:10,SPXW,2026-10-12,C,8030.0,7753.0698,0.05,961.0,0.15,632.0,0.1,41.0,2102.0,0.1219,0.0037,0.0001,-0.0856,0.1144,0.003
2026-10-08T19:20:44Z,2026-10-08 19:20:10,SPXW,2026-10-12,P,8030.0,7753.0698,262.4,2.0,282.9,1.0,282.35,1.0,1.0,0.0,-0.9963,0.0001,0.0,0.1147,-0.876
2026-10-08T19:20:44Z,2026-10-08 19:20:10,SPXW,2026-10-12,C,8035.0,7753.0698,0.05,906.0,0.15,636.0,0.15,0.0,25.0,0.1238,0.0036,0.0001,-0.0847,0.1116,0.0029
2026-10-08T19:20:44Z,2026-10-08 19:20:10,SPXW,2026-10-12,P,8035.0,7753.0698,267.8,1.0,284.8,1.0,0.0,0.0,0.0,0.0,-0.9964,0.0001,0.0,0.1118,-0.8766
2026-10-08T19:20:44Z,2026-10-08 19:20:10,SPXW,2026-10-12,C,8040.0,7753.0698,0.05,899.0,0.15,635.0,0.1,0.0,212.0,0.1258,0.0035,0.0001,-0.0838,0.1089,0.0028
2026-10-08T19:20:44Z,2026-10-08 19:20:10,SPXW,2026-10-12,P,8040.0,7753.0698,272.8,1.0,293.3,1.0,0.0,0.0,0.0,0.0,-0.9965,0.0001,0.0,0.1092,-0.8772
2026-10-08T19:20:44Z,2026-10-08 19:20:10,SPXW,2026-10-12,C,8045.0,7753.0698,0.05,791.0,0.15,645.0,0.15,0.0,40.0,0.1278,0.0034,0.0001,-0.083,0.1064,0.0028
2026-10-08T19:20:44Z,2026-10-08 19:20:10,SPXW,2026-10-12,P,8045.0,7753.0698,277.8,1.0,298.3,1.0,0.0,0.0,0.0,0.0,-0.9965,0.0001,0.0,0.1066,-0.8778
2026-10-08T19:20:44Z,2026-10-08 19:20:10,SPXW,2026-10-12,C,8050.0,7753.0698,0.05,801.0,0.15,654.0,0.1,1.0,460.0,0.1297,0.0033,0.0001,-0.0822,0.1039,0.0027
2026-10-08T19:20:44Z,2026-10-08 19:20:10,SPXW,2026-10-12,P,8050.0,7753.0698,282.8,1.0,300.8,1.0,206.91,0.0,1.0,0.0,-0.9966,0.0001,0.0,0.1041,-0.8785
2026-10-08T19:20:44Z,2026-10-08 19:20:10,SPXW,2026-10-12,C,8060.0,7753.0698,0.05,597.0,0.15,626.0,0.15,0.0,2099.0,0.1336,0.0032,0.0001,-0.0807,0.0993,0.0026
2026-10-08T19:20:44Z,2026-10-08 19:20:10,SPXW,2026-10-12,P,8060.0,7753.0698,292.6,1.0,311.5,1.0,0.0,0.0,0.0,0.0,-0.9968,0.0001,0.0,0.0995,-0.8797
2026-10-08T19:20:44Z,2026-10-08 19:20:10,SPXW,2026-10-12,C,8070.0,7753.0698,0.05,604.0,0.15,634.0,0.27,0.0,100.0,0.1375,0.0031,0.0001,-0.0792,0.0951,0.0025
2026-10-08T19:20:44Z,2026-10-08 19:20:10,SPXW,2026-10-12,P,8070.0,7753.0698,302.8,1.0,320.5,1.0,0.0,0.0,0.0,0.0,-0.9969,0.0001,0.0,0.0953,-0.8809
2026-10-08T19:20:44Z,2026-10-08 19:20:10,SPXW,2026-10-12,C,8075.0,7753.0698,0.05,600.0,0.15,643.0,0.1,12.0,137.0,0.1394,0.003,0.0001,-0.0786,0.0931,0.0024
2026-10-08T19:20:44Z,2026-10-08 19:20:10,SPXW,2026-10-12,P,8075.0,7753.0698,307.8,1.0,326.0,1.0,0.0,0.0,0.0,0.0,-0.997,0.0001,0.0,0.0933,-0.8815
2026-10-08T19:20:44Z,2026-10-08 19:20:10,SPXW,2026-10-12,C,8080.0,7753.0698,0.05,600.0,0.15,626.0,0.0,0.0,0.0,0.1413,0.0029,0.0001,-0.0779,0.0912,0.0024
2026-10-08T19:20:44Z,2026-10-08 19:20:10,SPXW,2026-10-12,P,8080.0,7753.0698,312.3,1.0,332.8,1.0,0.0,0.0,0.0,0.0,-0.997,0.0001,0.0,0.0913,-0.8821
2026-10-08T19:20:44Z,2026-10-08 19:20:10,SPXW,2026-10-12,C,8090.0,7753.0698,0.05,588.0,0.15,662.0,0.15,0.0,30.0,0.1452,0.0028,0.0001,-0.0766,0.0875,0.0023
2026-10-08T19:20:44Z,2026-10-08 19:20:10,SPXW,2026-10-12,P,8090.0,7753.0698,322.8,1.0,343.3,1.0,0.0,0.0,0.0,0.0,-0.9971,0.0001,0.0,0.0877,-0.8833
2026-10-08T19:20:44Z,2026-10-08 19:20:10,SPXW,2026-10-12,C,8100.0,7753.0698,0.05,582.0,0.15,735.0,0.1,16.0,245.0,0.149,0.0027,0.0001,-0.0753,0.0841,0.0022
2026-10-08T19:20:44Z,2026-10-08 19:20:10,SPXW,2026-10-12,P,8100.0,7753.0698,332.8,1.0,353.3,1.0,0.0,0.0,0.0,0.0,-0.9972,0.0001,0.0,0.0842,-0.8844
2026-10-08T19:20:44Z,2026-10-08 19:20:10,SPXW,2026-10-12,C,8110.0,7753.0698,0.05,530.0,0.15,687.0,0.12,0.0,40.0,0.1528,0.0026,0.0001,-0.0741,0.0809,0.0021
2026-10-08T19:20:44Z,2026-10-08 19:20:10,SPXW,2026-10-12,P,8110.0,7753.0698,342.3,1.0,362.8,1.0,0.0,0.0,0.0,0.0,-0.9974,0.0001,0.0,0.081,-0.8856
2026-10-08T19:20:44Z,2026-10-08 19:20:10,SPXW,2026-10-12,C,8120.0,7753.0698,0.05,517.0,0.1,58.0,0.0,0.0,0.0,0.1566,0.0025,0.0001,-0.073,0.0779,0.002
2026-10-08T19:20:44Z,2026-10-08 19:20:10,SPXW,2026-10-12,P,8120.0,7753.0698,352.8,1.0,373.3,1.0,0.0,0.0,0.0,0.0,-0.9974,0.0001,0.0,0.078,-0.8868
2026-10-08T19:20:44Z,2026-10-08 19:20:10,SPXW,2026-10-12,C,8125.0,7753.0698,0.05,367.0,0.1,59.0,0.13,1.0,65.0,0.1585,0.0024,0.0001,-0.0724,0.0764,0.002
2026-10-08T19:20:44Z,2026-10-08 19:20:10,SPXW,2026-10-12,P,8125.0,7753.0698,357.8,1.0,375.7,1.0,0.0,0.0,0.0,0.0,-0.9975,0.0001,0.0,0.0766,-0.8874
2026-10-08T19:20:44Z,2026-10-08 19:20:10,SPXW,2026-10-12,C,8130.0,7753.0698,0.05,377.0,0.1,72.0,0.0,0.0,0.0,0.156,0.0024,0.0001,-0.0719,0.0752,0.002
2026-10-08T19:20:44Z,2026-10-08 19:20:10,SPXW,2026-10-12,P,8130.0,7753.0698,362.8,1.0,383.3,1.0,0.0,0.0,0.0,0.0,-0.9975,0.0001,0.0,0.0751,-0.888
2026-10-08T19:20:44Z,2026-10-08 19:20:10,SPXW,2026-10-12,C,8150.0,7753.0698,0.05,375.0,0.1,96.0,0.09,22.0,937.0,0.1636,0.0022,0.0,-0.0696,0.0698,0.0018
2026-10-08T19:20:44Z,2026-10-08 19:20:10,SPXW,2026-10-12,P,8150.0,7753.0698,382.8,1.0,403.3,3.0,366.51,2.0,2.0,0.0,-0.9977,0.0,0.0,0.0699,-0.8903
2026-10-08T19:20:44Z,2026-10-08 19:20:10,SPXW,2026-10-12,C,8175.0,7753.0698,0.05,333.0,0.1,73.0,0.25,0.0,67.0,0.1723,0.0021,0.0,-0.0674,0.0645,0.0017
2026-10-08T19:20:44Z,2026-10-08 19:20:10,SPXW,2026-10-12,P,8175.0,7753.0698,407.3,1.0,425.7,1.0,0.0,0.0,0.0,0.0,-0.9979,0.0,0.0,0.0642,-0.8932
2026-10-08T19:20:44Z,2026-10-08 19:20:10,SPXW,2026-10-12,C,8200.0,7753.0698,0.05,156.0,0.1,137.0,0.05,1.0,341.0,0.1814,0.0019,0.0,-0.0649,0.0594,0.0015
2026-10-08T19:20:44Z,2026-10-08 19:20:10,SPXW,2026-10-12,P,8200.0,7753.0698,432.7,1.0,451.0,1.0,462.15,0.0,1.0,0.0,-0.9981,0.0,0.0,0.0591,-0.8961
2026-10-08T19:20:44Z,2026-10-08 19:20:10,SPXW,2026-10-12,C,8225.0,7753.0698,0.05,117.0,0.1,302.0,0.1,0.0,595.0,0.1906,0.0018,0.0,-0.0625,0.0548,0.0014
2026-10-08T19:20:44Z,2026-10-08 19:20:10,SPXW,2026-10-12,P,8225.0,7753.0698,457.5,1.0,478.2,1.0,0.0,0.0,0.0,0.0,-0.9982,0.0,0.0,0.0546,-0.8989
2026-10-08T19:20:44Z,2026-10-08 19:20:10,SPXW,2026-10-12,C,8250.0,7753.0698,0.0,0.0,0.1,431.0,0.05,2.0,1622.0,0.1996,0.0016,0.0,-0.06,0.0506,0.0013
2026-10-08T19:20:44Z,2026-10-08 19:20:10,SPXW,2026-10-12,P,8250.0,7753.0698,482.7,1.0,503.2,1.0,0.0,0.0,0.0,0.0,-0.9983,0.0,0.0,0.0506,-0.9018
2026-10-08T19:20:44Z,2026-10-08 19:20:10,SPXW,2026-10-12,C,8275.0,7753.0698,0.0,0.0,0.1,471.0,0.05,7.0,706.0,0.2013,0.0015,0.0,-0.058,0.0472,0.0012
2026-10-08T19:20:44Z,2026-10-08 19:20:10,SPXW,2026-10-12,P,8275.0,7753.0698,507.7,1.0,528.2,1.0,0.0,0.0,0.0,0.0,-0.9984,0.0,0.0,0.0469,-0.9046
2026-10-08T19:20:44Z,2026-10-08 19:20:10,SPXW,2026-10-12,C,8300.0,7753.0698,0.0,0.0,0.1,476.0,0.2,0.0,386.0,0.2099,0.0014,0.0,-0.0559,0.0439,0.0011
2026-10-08T19:20:44Z,2026-10-08 19:20:10,SPXW,2026-10-12,P,8300.0,7753.0698,532.7,1.0,550.3,1.0,562.13,0.0,1.0,0.0,-0.9986,0.0,0.0,0.0437,-0.9074
2026-10-08T19:20:44Z,2026-10-08 19:20:10,SPXW,2026-10-12,C,8325.0,7753.0698,0.0,0.0,0.1,572.0,0.05,6.0,0.0,0.2184,0.0013,0.0,-0.0538,0.0409,0.001
2026-10-08T19:20:44Z,2026-10-08 19:20:10,SPXW,2026-10-12,P,8325.0,7753.0698,557.7,1.0,574.6,1.0,0.0,0.0,0.0,0.0,-0.9987,0.0,0.0,0.0407,-0.9102
2026-10-08T19:20:44Z,2026-10-08 19:20:10,SPXW,2026-10-12,C,8350.0,7753.0698,0.0,0.0,0.1,566.0,0.0,0.0,0.0,0.2269,0.0012,0.0,-0.0518,0.0382,0.001
2026-10-08T19:20:44Z,2026-10-08 19:20:10,SPXW,2026-10-12,P,8350.0,7753.0698,582.7,1.0,603.2,3.0,0.0,0.0,0.0,0.0,-0.9987,0.0,0.0,0.038,-0.913
2026-10-08T19:20:44Z,2026-10-08 19:20:10,SPXW,2026-10-12,C,8400.0,7753.0698,0.0,0.0,0.1,560.0,0.17,0.0,60.0,0.2437,0.0011,0.0,-0.048,0.0334,0.0008
2026-10-08T19:20:44Z,2026-10-08 19:20:10,SPXW,2026-10-12,P,8400.0,7753.0698,632.6,1.0,653.1,1.0,0.0,0.0,0.0,0.0,-0.9989,0.0,0.0,0.0333,-0.9186
2026-10-08T19:20:44Z,2026-10-08 19:20:10,SPXW,2026-10-12,C,8500.0,7753.0698,0.0,0.0,0.05,10.0,0.25,0.0,7.0,0.2627,0.0008,0.0,-0.0411,0.0259,0.0006
2026-10-08T19:20:44Z,2026-10-08 19:20:10,SPXW,2026-10-12,P,8500.0,7753.0698,732.6,1.0,753.1,1.0,0.0,0.0,0.0,0.0,-0.9991,0.0,0.0,0.0258,-0.9298
2026-10-08T19:20:44Z,2026-10-08 19:20:10,SPXW,2026-10-13,C,7000.0,7753.0698,749.1,1.0,767.8,1.0,834.66,0.0,10.0,0.4008,0.9963,0.0,0.0,0.1067,0.9539
2026-10-08T19:20:44Z,2026-10-08 19:20:10,SPXW,2026-10-13,P,7000.0,7753.0698,0.3,220.0,0.35,40.0,0.35,65.0,3212.0,0.3282,-0.0037,0.0,-0.2262,0.1068,-0.0038
2026-10-08T19:20:44Z,2026-10-08 19:20:10,SPXW,2026-10-13,C,7025.0,7753.0698,726.1,1.0,742.8,1.0,0.0,0.0,0.0,0.4147,0.996,0.0,0.0,0.113,0.9571
2026-10-08T19:20:44Z,2026-10-08 19:20:10,SPXW,2026-10-13,P,7025.0,7753.0698,0.3,519.0,0.4,553.0,0.25,109.0,55.0,0.3203,-0.0039,0.0,-0.2342,0.1131,-0.004
2026-10-08T19:20:44Z,2026-10-08 19:20:10,SPXW,2026-10-13,C,7050.0,7753.0698,700.4,1.0,717.8,1.0,691.8,0.0,7.0,0.3934,0.9958,0.0,0.0,0.1199,0.9602
2026-10-08T19:20:44Z,2026-10-08 19:20:10,SPXW,2026-10-13,P,7050.0,7753.0698,0.3,559.0,0.4,290.0,0.3,1.0,135.0,0.3099,-0.0042,0.0,-0.2426,0.12,-0.0043
2026-10-08T19:20:44Z,2026-10-08 19:20:10,SPXW,2026-10-13,C,7075.0,7753.0698,672.4,2.0,692.8,1.0,0.0,0.0,0.0,0.3316,0.9955,0.0,0.0,0.1275,0.9634
2026-10-08T19:20:44Z,2026-10-08 19:20:10,SPXW,2026-10-13,P,7075.0,7753.0698,0.35,265.0,0.4,62.0,0.3,7.0,169.0,0.3039,-0.0044,0.0,-0.2516,0.1276,-0.0046
2026-10-08T19:20:44Z,2026-10-08 19:20:10,SPXW,2026-10-13,C,7100.0,7753.0698,647.4,3.0,667.9,1.0,730.24,0.0,7.0,0.322,0.9952,0.0,-0.0118,0.1359,0.9665
2026-10-08T19:20:44Z,2026-10-08 19:20:10,SPXW,2026-10-13,P,7100.0,7753.0698,0.35,511.0,0.45,552.0,0.4,6.0,326.0,0.2934,-0.0048,0.0,-0.2612,0.136,-0.0049
2026-10-08T19:20:44Z,2026-10-08 19:20:10,SPXW,2026-10-13,C,7125.0,7753.0698,625.5,1.0,642.9,1.0,0.0,0.0,0.0,0.357,0.9948,0.0001,-0.0315,0.1451,0.9695
2026-10-08T19:20:44Z,2026-10-08 19:20:10,SPXW,2026-10-13,P,7125.0,7753.0698,0.35,553.0,0.45,300.0,0.32,3.0,137.0,0.2829,-0.0051,0.0001,-0.2714,0.1452,-0.0053
2026-10-08T19:20:44Z,2026-10-08 19:20:10,SPXW,2026-10-13,C,7150.0,7753.0698,600.5,1.0,617.9,1.0,507.0,0.0,19.0,0.3441,0.9944,0.0001,-0.052,0.1552,0.9725
2026-10-08T19:20:44Z,2026-10-08 19:20:10,SPXW,2026-10-13,P,7150.0,7753.0698,0.4,340.0,0.5,575.0,0.4,7.0,70.0,0.276,-0.0055,0.0001,-0.2824,0.1553,-0.0057
2026-10-08T19:20:44Z,2026-10-08 19:20:10,SPXW,2026-10-13,C,7175.0,7753.0698,572.5,3.0,593.0,1.0,0.0,0.0,0.0,0.2903,0.994,0.0001,-0.0733,0.1664,0.9755
2026-10-08T19:20:44Z,2026-10-08 19:20:10,SPXW,2026-10-13,P,7175.0,7753.0698,0.4,494.0,0.5,321.0,0.54,4.0,142.0,0.2655,-0.0059,0.0001,-0.2942,0.1665,-0.0061
2026-10-08T19:20:44Z,2026-10-08 19:20:10,SPXW,2026-10-13,C,7180.0,7753.0698,567.5,3.0,588.0,1.0,0.0,0.0,0.0,0.2879,0.9939,0.0001,-0.0777,0.1687,0.9761
2026-10-08T19:20:44Z,2026-10-08 19:20:10,SPXW,2026-10-13,P,7180.0,7753.0698,0.4,527.0,0.5,296.0,0.5,15.0,0.0,0.2634,-0.006,0.0001,-0.2967,0.1688,-0.0062
2026-10-08T19:20:44Z,2026-10-08 19:20:10,SPXW,2026-10-13,C,7190.0,7753.0698,557.5,3.0,578.0,1.0,0.0,0.0,0.0,0.2831,0.9937,0.0001,-0.0866,0.1736,0.9772
2026-10-08T19:20:44Z,2026-10-08 19:20:10,SPXW,2026-10-13,P,7190.0,7753.0698,0.45,97.0,0.5,171.0,0.0,0.0,0.0,0.2607,-0.0062,0.0001,-0.3019,0.1737,-0.0064
2026-10-08T19:20:44Z,2026-10-08 19:20:10,SPXW,2026-10-13,C,7200.0,7753.0698,551.6,1.0,568.0,1.0,580.99,0.0,1.0,0.33,0.9935,0.0001,-0.0957,0.1787,0.9784
2026-10-08T19:20:44Z,2026-10-08 19:20:10,SPXW,2026-10-13,P,7200.0,7753.0698,0.45,340.0,0.5,49.0,0.49,10.0,3503.0,0.258,-0.0064,0.0001,-0.3072,0.1788,-0.0066
2026-10-08T19:20:44Z,2026-10-08 19:20:10,SPXW,2026-10-13,C,7210.0,7753.0698,540.8,1.0,558.0,1.0,0.0,0.0,0.0,0.3171,0.9933,0.0001,-0.105,0.184,0.9796
2026-10-08T19:20:44Z,2026-10-08 19:20:10,SPXW,2026-10-13,P,7210.0,7753.0698,0.45,351.0,0.55,547.0,0.5,0.0,4.0,0.2537,-0.0066,0.0001,-0.3127,0.1842,-0.0069
2026-10-08T19:20:44Z,2026-10-08 19:20:10,SPXW,2026-10-13,C,7220.0,7753.0698,530.7,1.0,548.1,1.0,0.0,0.0,0.0,0.3119,0.9931,0.0001,-0.1145,0.1896,0.9807
2026-10-08T19:20:44Z,2026-10-08 19:20:10,SPXW,2026-10-13,P,7220.0,7753.0698,0.45,368.0,0.55,457.0,0.74,0.0,11.0,0.2494,-0.0069,0.0001,-0.3184,0.1898,-0.0071
2026-10-08T19:20:44Z,2026-10-08 19:20:10,SPXW,2026-10-13,C,7225.0,7753.0698,524.9,1.0,543.1,1.0,619.38,0.0,1.0,0.3011,0.993,0.0001,-0.1193,0.1926,0.9813
2026-10-08T19:20:44Z,2026-10-08 19:20:10,SPXW,2026-10-13,P,7225.0,7753.0698,0.45,511.0,0.55,442.0,0.45,0.0,188.0,0.2473,-0.007,0.0001,-0.3213,0.1927,-0.0072
2026-10-08T19:20:44Z,2026-10-08 19:20:10,SPXW,2026-10-13,C,7230.0,7753.0698,519.9,1.0,538.6,2.0,0.0,0.0,0.0,0.3038,0.9928,0.0001,-0.1242,0.1955,0.9818
2026-10-08T19:20:44Z,2026-10-08 19:20:10,SPXW,2026-10-13,P,7230.0,7753.0698,0.45,516.0,0.55,288.0,0.55,0.0,15.0,0.2467,-0.0071,0.0001,-0.3241,0.1955,-0.0073
2026-10-08T19:20:44Z,2026-10-08 19:20:10,SPXW,2026-10-13,C,7240.0,7753.0698,510.2,1.0,528.1,1.0,0.0,0.0,0.0,0.2966,0.9926,0.0001,-0.1341,0.2017,0.9829
2026-10-08T19:20:44Z,2026-10-08 19:20:10,SPXW,2026-10-13,P,7240.0,7753.0698,0.5,101.0,0.55,144.0,0.55,0.0,89.0,0.2423,-0.0074,0.0001,-0.3304,0.2019,-0.0076
2026-10-08T19:20:44Z,2026-10-08 19:20:10,SPXW,2026-10-13,C,7250.0,7753.0698,500.7,1.0,518.6,1.0,594.66,0.0,2.0,0.3009,0.9923,0.0001,-0.1443,0.2082,0.984
2026-10-08T19:20:44Z,2026-10-08 19:20:10,SPXW,2026-10-13,P,7250.0,7753.0698,0.5,324.0,0.55,46.0,0.75,18.0,243.0,0.2381,-0.0076,0.0001,-0.3366,0.2082,-0.0078
2026-10-08T19:20:44Z,2026-10-08 19:20:10,SPXW,2026-10-13,C,7260.0,7753.0698,490.2,1.0,508.1,1.0,0.0,0.0,0.0,0.2863,0.9921,0.0001,-0.1547,0.2151,0.9851
2026-10-08T19:20:44Z,2026-10-08 19:20:10,SPXW,2026-10-13,P,7260.0,7753.0698,0.5,353.0,0.6,442.0,0.65,1.0,7.0,0.235,-0.0079,0.0001,-0.3434,0.2153,-0.0081
2026-10-08T19:20:44Z,2026-10-08 19:20:10,SPXW,2026-10-13,C,7270.0,7753.0698,480.2,1.0,498.1,1.0,0.0,0.0,0.0,0.2811,0.9918,0.0001,-0.1654,0.2224,0.9862
2026-10-08T19:20:44Z,2026-10-08 19:20:10,SPXW,2026-10-13,P,7270.0,7753.0698,0.5,359.0,0.6,404.0,0.6,0.0,202.0,0.2307,-0.0082,0.0001,-0.3504,0.2226,-0.0084
2026-10-08T19:20:44Z,2026-10-08 19:20:10,SPXW,2026-10-13,C,7275.0,7753.0698,474.5,1.0,493.1,1.0,399.69,0.0,42.0,0.2713,0.9916,0.0001,-0.1709,0.2262,0.9867
2026-10-08T19:20:44Z,2026-10-08 19:20:10,SPXW,2026-10-13,P,7275.0,7753.0698,0.55,69.0,0.6,222.0,0.65,0.0,151.0,0.2297,-0.0083,0.0001,-0.3539,0.2263,-0.0086
2026-10-08T19:20:44Z,2026-10-08 19:20:10,SPXW,2026-10-13,C,7280.0,7753.0698,469.5,1.0,488.2,1.0,0.0,0.0,0.0,0.2698,0.9915,0.0001,-0.1764,0.23,0.9872
2026-10-08T19:20:44Z,2026-10-08 19:20:10,SPXW,2026-10-13,P,7280.0,7753.0698,0.55,100.0,0.6,59.0,0.7,1.0,10.0,0.2276,-0.0085,0.0001,-0.3576,0.2302,-0.0088
2026-10-08T19:20:44Z,2026-10-08 19:20:10,SPXW,2026-10-13,C,7290.0,7753.0698,460.2,1.0,478.2,1.0,0.0,0.0,0.0,0.2717,0.9911,0.0001,-0.1878,0.2381,0.9883
2026-10-08T19:20:44Z,2026-10-08 19:20:10,SPXW,2026-10-13,P,7290.0,7753.0698,0.55,326.0,0.6,45.0,0.65,0.0,51.0,0.2233,-0.0088,0.0001,-0.3649,0.238,-0.0091
2026-10-08T19:20:44Z,2026-10-08 19:20:10,SPXW,2026-10-13,C,7300.0,7753.0698,447.7,3.0,468.2,1.0,480.42,0.0,5.0,0.2373,0.9908,0.0001,-0.1995,0.2466,0.9893
2026-10-08T19:20:44Z,2026-10-08 19:20:10,SPXW,2026-10-13,P,7300.0,7753.0698,0.55,349.0,0.65,433.0,0.75,6.0,404.0,0.2202,-0.0092,0.0001,-0.3728,0.2465,-0.0095
2026-10-08T19:20:44Z,2026-10-08 19:20:10,SPXW,2026-10-13,C,7310.0,7753.0698,439.4,1.0,458.2,1.0,0.0,0.0,0.0,0.2536,0.9904,0.0001,-0.2116,0.2555,0.9902
2026-10-08T19:20:44Z,2026-10-08 19:20:10,SPXW,2026-10-13,P,7310.0,7753.0698,0.6,69.0,0.65,146.0,0.6,3.0,39.0,0.2169,-0.0095,0.0001,-0.3812,0.2554,-0.0099
2026-10-08T19:20:44Z,2026-10-08 19:20:10,SPXW,2026-10-13,C,7320.0,7753.0698,430.3,1.0,448.3,1.0,0.0,0.0,0.0,0.258,0.99,0.0001,-0.2242,0.2649,0.9912
2026-10-08T19:20:44Z,2026-10-08 19:20:10,SPXW,2026-10-13,P,7320.0,7753.0698,0.6,211.0,0.65,49.0,0.7,0.0,29.0,0.2125,-0.0099,0.0001,-0.3899,0.2648,-0.0103
2026-10-08T19:20:44Z,2026-10-08 19:20:10,SPXW,2026-10-13,C,7325.0,7753.0698,425.8,1.0,443.3,1.0,0.0,0.0,0.0,0.2597,0.9898,0.0001,-0.2306,0.2698,0.9916
2026-10-08T19:20:44Z,2026-10-08 19:20:10,SPXW,2026-10-13,P,7325.0,7753.0698,0.6,258.0,0.65,43.0,0.55,2.0,78.0,0.2103,-0.0101,0.0001,-0.3945,0.2698,-0.0105
2026-10-08T19:20:44Z,2026-10-08 19:20:10,SPXW,2026-10-13,C,7330.0,7753.0698,421.8,1.0,438.8,2.0,0.0,0.0,0.0,0.2685,0.9896,0.0001,-0.2372,0.2749,0.9921
2026-10-08T19:20:44Z,2026-10-08 19:20:10,SPXW,2026-10-13,P,7330.0,7753.0698,0.6,267.0,0.7,423.0,0.75,0.0,36.0,0.2091,-0.0104,0.0001,-0.3992,0.2748,-0.0107
2026-10-08T19:20:44Z,2026-10-08 19:20:10,SPXW,2026-10-13,C,7335.0,7753.0698,412.8,3.0,433.3,1.0,0.0,0.0,0.0,0.2233,0.9894,0.0001,-0.2439,0.2801,0.9926
2026-10-08T19:20:44Z,2026-10-08 19:20:10,SPXW,2026-10-13,P,7335.0,7753.0698,0.6,295.0,0.7,390.0,0.65,1.0,0.0,0.2078,-0.0106,0.0001,-0.4042,0.2803,-0.011
2026-10-08T19:20:44Z,2026-10-08 19:20:10,SPXW,2026-10-13,C,7340.0,7753.0698,410.3,1.0,428.3,1.0,0.0,0.0,0.0,0.2476,0.9891,0.0001,-0.2508,0.2855,0.993
2026-10-08T19:20:44Z,2026-10-08 19:20:10,SPXW,2026-10-13,P,7340.0,7753.0698,0.65,69.0,0.7,121.0,0.65,44.0,73.0,0.2057,-0.0108,0.0001,-0.4089,0.2854,-0.0112
2026-10-08T19:20:44Z,2026-10-08 19:20:10,SPXW,2026-10-13,C,7345.0,7753.0698,402.8,3.0,423.3,1.0,0.0,0.0,0.0,0.2184,0.9889,0.0002,-0.2578,0.2911,0.9934
2026-10-08T19:20:44Z,2026-10-08 19:20:10,SPXW,2026-10-13,P,7345.0,7753.0698,0.65,200.0,0.7,41.0,0.65,1.0,0.0,0.2035,-0.011,0.0002,-0.414,0.291,-0.0114
2026-10-08T19:20:44Z,2026-10-08 19:20:10,SPXW,2026-10-13,C,7350.0,7753.0698,400.9,1.0,418.3,1.0,325.4,0.0,19.0,0.2473,0.9886,0.0002,-0.2649,0.2968,0.9939
2026-10-08T19:20:44Z,2026-10-08 19:20:10,SPXW,2026-10-13,P,7350.0,7753.0698,0.65,210.0,0.7,43.0,0.65,1.0,181.0,0.2013,-0.0113,0.0002,-0.4193,0.2968,-0.0117
2026-10-08T19:20:44Z,2026-10-08 19:20:10,SPXW,2026-10-13,C,7355.0,7753.0698,392.9,2.0,413.3,1.0,0.0,0.0,0.0,0.2149,0.9884,0.0002,-0.2722,0.3028,0.9943
2026-10-08T19:20:44Z,2026-10-08 19:20:10,SPXW,2026-10-13,P,7355.0,7753.0698,0.65,252.0,0.75,497.0,0.7,1.0,1.0,0.2,-0.0116,0.0002,-0.4247,0.3027,-0.012
2026-10-08T19:20:44Z,2026-10-08 19:20:10,SPXW,2026-10-13,C,7360.0,7753.0698,390.4,1.0,408.8,1.0,421.23,1.0,1.0,0.242,0.9881,0.0002,-0.2797,0.309,0.9947
2026-10-08T19:20:44Z,2026-10-08 19:20:10,SPXW,2026-10-13,P,7360.0,7753.0698,0.65,274.0,0.75,259.0,0.7,4.0,31.0,0.1978,-0.0118,0.0002,-0.4303,0.3089,-0.0122
2026-10-08T19:20:44Z,2026-10-08 19:20:10,SPXW,2026-10-13,C,7365.0,7753.0698,386.3,1.0,403.8,1.0,0.0,0.0,0.0,0.2467,0.9878,0.0002,-0.2874,0.3154,0.9951
2026-10-08T19:20:44Z,2026-10-08 19:20:10,SPXW,2026-10-13,P,7365.0,7753.0698,0.7,150.0,0.75,101.0,0.7,1.0,13.0,0.1964,-0.0121,0.0002,-0.436,0.3154,-0.0125
2026-10-08T19:20:44Z,2026-10-08 19:20:10,SPXW,2026-10-13,C,7370.0,7753.0698,381.9,1.0,398.4,1.0,0.0,0.0,0.0,0.2447,0.9876,0.0002,-0.2952,0.3221,0.9955
2026-10-08T19:20:44Z,2026-10-08 19:20:10,SPXW,2026-10-13,P,7370.0,7753.0698,0.7,210.0,0.75,42.0,0.7,2.0,21.0,0.1942,-0.0124,0.0002,-0.442,0.322,-0.0128
2026-10-08T19:20:44Z,2026-10-08 19:20:10,SPXW,2026-10-13,C,7375.0,7753.0698,375.0,1.0,393.7,1.0,337.09,0.0,1.0,0.2301,0.9873,0.0002,-0.3033,0.329,0.9958
2026-10-08T19:20:44Z,2026-10-08 19:20:10,SPXW,2026-10-13,P,7375.0,7753.0698,0.7,250.0,0.8,491.0,0.7,8.0,156.0,0.1928,-0.0127,0.0002,-0.4482,0.3289,-0.0131
2026-10-08T19:20:44Z,2026-10-08 19:20:10,SPXW,2026-10-13,C,7380.0,7753.0698,370.4,1.0,388.7,1.0,310.3,0.0,1.0,0.2306,0.987,0.0002,-0.3116,0.3362,0.9962
2026-10-08T19:20:44Z,2026-10-08 19:20:10,SPXW,2026-10-13,P,7380.0,7753.0698,0.7,263.0,0.8,252.0,0.75,16.0,102.0,0.1906,-0.013,0.0002,-0.4546,0.3361,-0.0135
2026-10-08T19:20:44Z,2026-10-08 19:20:10,SPXW,2026-10-13,C,7385.0,7753.0698,366.4,1.0,383.8,1.0,394.82,2.0,0.0,0.2366,0.9866,0.0002,-0.3202,0.3437,0.9966
2026-10-08T19:20:44Z,2026-10-08 19:20:10,SPXW,2026-10-13,P,7385.0,7753.0698,0.75,82.0,0.8,99.0,0.75,1.0,9.0,0.1892,-0.0133,0.0002,-0.4612,0.3435,-0.0138
2026-10-08T19:20:44Z,2026-10-08 19:20:10,SPXW,2026-10-13,C,7390.0,7753.0698,359.7,1.0,378.8,1.0,0.0,0.0,0.0,0.2214,0.9863,0.0002,-0.3289,0.3514,0.9969
2026-10-08T19:20:44Z,2026-10-08 19:20:10,SPXW,2026-10-13,P,7390.0,7753.0698,0.75,199.0,0.8,41.0,0.75,6.0,59.0,0.1869,-0.0137,0.0002,-0.4681,0.3513,-0.0142
2026-10-08T19:20:44Z,2026-10-08 19:20:10,SPXW,2026-10-13,C,7395.0,7753.0698,355.5,1.0,373.5,1.0,0.0,0.0,0.0,0.2219,0.9859,0.0002,-0.338,0.3594,0.9972
2026-10-08T19:20:44Z,2026-10-08 19:20:10,SPXW,2026-10-13,P,7395.0,7753.0698,0.75,266.0,0.85,255.0,0.8,1.0,9.0,0.1854,-0.014,0.0002,-0.4752,0.3593,-0.0145
2026-10-08T19:20:44Z,2026-10-08 19:20:10,SPXW,2026-10-13,C,7400.0,7753.0698,350.1,1.0,368.5,1.0,305.61,0.0,0.0,0.2162,0.9856,0.0002,-0.3474,0.3677,0.9975
2026-10-08T19:20:44Z,2026-10-08 19:20:10,SPXW,2026-10-13,P,7400.0,7753.0698,0.75,278.0,0.85,127.0,0.8,63.0,304.0,0.1832,-0.0144,0.0002,-0.4828,0.3676,-0.0149
2026-10-08T19:20:44Z,2026-10-08 19:20:10,SPXW,2026-10-13,C,7405.0,7753.0698,347.1,1.0,364.0,1.0,0.0,0.0,0.0,0.2308,0.9852,0.0002,-0.357,0.3764,0.9978
2026-10-08T19:20:44Z,2026-10-08 19:20:10,SPXW,2026-10-13,P,7405.0,7753.0698,0.8,177.0,0.85,40.0,0.8,42.0,14.0,0.1817,-0.0148,0.0002,-0.4905,0.3762,-0.0153
2026-10-08T19:20:44Z,2026-10-08 19:20:10,SPXW,2026-10-13,C,7410.0,7753.0698,341.4,1.0,358.5,1.0,318.16,0.0,30.0,0.2203,0.9848,0.0002,-0.3671,0.3854,0.998
2026-10-08T19:20:44Z,2026-10-08 19:20:10,SPXW,2026-10-13,P,7410.0,7753.0698,0.8,254.0,0.9,251.0,0.85,1.0,35.0,0.1801,-0.0152,0.0002,-0.4986,0.3852,-0.0158
2026-10-08T19:20:44Z,2026-10-08 19:20:10,SPXW,2026-10-13,C,7415.0,7753.0698,336.5,1.0,353.6,1.0,375.66,2.0,0.0,0.219,0.9843,0.0002,-0.3775,0.3947,0.9982
2026-10-08T19:20:44Z,2026-10-08 19:20:10,SPXW,2026-10-13,P,7415.0,7753.0698,0.8,254.0,0.9,104.0,0.85,5.0,25.0,0.1778,-0.0156,0.0002,-0.5071,0.3946,-0.0162
2026-10-08T19:20:44Z,2026-10-08 19:20:10,SPXW,2026-10-13,C,7420.0,7753.0698,332.0,1.0,348.8,1.0,387.09,0.0,1.0,0.2206,0.9839,0.0002,-0.3883,0.4045,0.9984
2026-10-08T19:20:44Z,2026-10-08 19:20:10,SPXW,2026-10-13,P,7420.0,7753.0698,0.85,241.0,0.95,430.0,0.85,3.0,80.0,0.177,-0.0161,0.0002,-0.516,0.4043,-0.0167
2026-10-08T19:20:44Z,2026-10-08 19:20:10,SPXW,2026-10-13,C,7425.0,7753.0698,326.2,1.0,343.6,1.0,335.03,0.0,6.0,0.2115,0.9834,0.0003,-0.3995,0.4146,0.9986
2026-10-08T19:20:44Z,2026-10-08 19:20:10,SPXW,2026-10-13,P,7425.0,7753.0698,0.85,265.0,0.95,203.0,0.9,2.0,99.0,0.1746,-0.0166,0.0003,-0.5253,0.4145,-0.0172
2026-10-08T19:20:44Z,2026-10-08 19:20:10,SPXW,2026-10-13,C,7430.0,7753.0698,320.7,1.0,338.6,1.0,0.0,0.0,0.0,0.2054,0.9829,0.0003,-0.4112,0.4253,0.9988
2026-10-08T19:20:44Z,2026-10-08 19:20:10,SPXW,2026-10-13,P,7430.0,7753.0698,0.9,204.0,0.95,1.0,0.9,17.0,291.0,0.173,-0.017,0.0003,-0.5351,0.4252,-0.0177
2026-10-08T19:20:44Z,2026-10-08 19:20:10,SPXW,2026-10-13,C,7435.0,7753.0698,313.2,1.0,333.7,1.0,0.0,0.0,0.0,0.1833,0.9824,0.0003,-0.4233,0.4365,0.9989
2026-10-08T19:20:44Z,2026-10-08 19:20:10,SPXW,2026-10-13,P,7435.0,7753.0698,0.9,247.0,1.0,217.0,0.95,5.0,223.0,0.1713,-0.0176,0.0003,-0.5454,0.4363,-0.0183
2026-10-08T19:20:44Z,2026-10-08 19:20:10,SPXW,2026-10-13,C,7440.0,7753.0698,310.0,1.0,328.7,1.0,0.0,0.0,0.0,0.1958,0.9818,0.0003,-0.436,0.4482,0.999
2026-10-08T19:20:44Z,2026-10-08 19:20:10,SPXW,2026-10-13,P,7440.0,7753.0698,0.9,403.0,1.0,53.0,0.95,25.0,64.0,0.169,-0.0181,0.0003,-0.5562,0.448,-0.0189
2026-10-08T19:20:44Z,2026-10-08 19:20:10,SPXW,2026-10-13,C,7445.0,7753.0698,306.6,1.0,323.7,1.0,0.0,0.0,0.0,0.2038,0.9812,0.0003,-0.4493,0.4606,0.9991
2026-10-08T19:20:44Z,2026-10-08 19:20:10,SPXW,2026-10-13,P,7445.0,7753.0698,0.95,230.0,1.05,207.0,1.0,35.0,70.0,0.1679,-0.0187,0.0003,-0.5675,0.4604,-0.0195
2026-10-08T19:20:44Z,2026-10-08 19:20:10,SPXW,2026-10-13,C,7450.0,7753.0698,300.0,1.0,319.0,1.0,356.64,0.0,3.0,0.1927,0.9806,0.0003,-0.4632,0.4736,0.9991
2026-10-08T19:20:44Z,2026-10-08 19:20:10,SPXW,2026-10-13,P,7450.0,7753.0698,1.0,230.0,1.1,431.0,1.0,83.0,3054.0,0.1662,-0.0194,0.0003,-0.5797,0.4736,-0.0201
2026-10-08T19:20:44Z,2026-10-08 19:20:10,SPXW,2026-10-13,C,7455.0,7753.0698,296.7,1.0,313.8,1.0,0.0,0.0,0.0,0.1995,0.9799,0.0003,-0.4778,0.4872,0.9991
2026-10-08T19:20:44Z,2026-10-08 19:20:10,SPXW,2026-10-13,P,7455.0,7753.0698,1.0,230.0,1.1,127.0,1.0,28.0,86.0,0.1644,-0.02,0.0003,-0.5922,0.487,-0.0208
2026-10-08T19:20:44Z,2026-10-08 19:20:10,SPXW,2026-10-13,C,7460.0,7753.0698,292.3,1.0,308.8,1.0,0.0,0.0,0.0,0.2002,0.9792,0.0003,-0.493,0.5016,0.9991
2026-10-08T19:20:44Z,2026-10-08 19:20:10,SPXW,2026-10-13,P,7460.0,7753.0698,1.05,215.0,1.15,236.0,1.05,50.0,101.0,0.1632,-0.0207,0.0003,-0.6055,0.5014,-0.0215
2026-10-08T19:20:44Z,2026-10-08 19:20:10,SPXW,2026-10-13,C,7465.0,7753.0698,285.6,1.0,303.8,1.0,0.0,0.0,0.0,0.1873,0.9785,0.0004,-0.509,0.5167,0.999
2026-10-08T19:20:44Z,2026-10-08 19:20:10,SPXW,2026-10-13,P,7465.0,7753.0698,1.1,70.0,1.15,15.0,1.1,5.0,59.0,0.1608,-0.0214,0.0004,-0.6196,0.5165,-0.0223
2026-10-08T19:20:44Z,2026-10-08 19:20:10,SPXW,2026-10-13,C,7470.0,7753.0698,282.3,1.0,299.1,1.0,241.52,0.0,23.0,0.1962,0.9777,0.0004,-0.5259,0.5326,0.9988
2026-10-08T19:20:44Z,2026-10-08 19:20:10,SPXW,2026-10-13,P,7470.0,7753.0698,1.1,214.0,1.2,106.0,1.15,6.0,148.0,0.1595,-0.0222,0.0004,-0.6345,0.5324,-0.0231
2026-10-08T19:20:44Z,2026-10-08 19:20:10,SPXW,2026-10-13,C,7475.0,7753.0698,275.6,1.0,293.9,1.0,305.11,0.0,1.0,0.1825,0.9769,0.0004,-0.5436,0.5493,0.9986
2026-10-08T19:20:44Z,2026-10-08 19:20:10,SPXW,2026-10-13,P,7475.0,7753.0698,1.15,219.0,1.25,164.0,1.15,12.0,170.0,0.1582,-0.0231,0.0004,-0.6504,0.549,-0.024
2026-10-08T19:20:44Z,2026-10-08 19:20:10,SPXW,2026-10-13,C,7480.0,7753.0698,272.4,1.0,289.4,1.0,0.0,0.0,0.0,0.1926,0.976,0.0004,-0.5623,0.5668,0.9984
2026-10-08T19:20:44Z,2026-10-08 19:20:10,SPXW,2026-10-13,P,7480.0,7753.0698,1.2,220.0,1.3,222.0,1.2,199.0,373.0,0.1568,-0.024,0.0004,-0.6671,0.5665,-0.025
2026-10-08T19:20:44Z,2026-10-08 19:20:10,SPXW,2026-10-13,C,7485.0,7753.0698,267.0,1.0,284.0,1.0,0.0,0.0,0.0,0.1856,0.975,0.0004,-0.582,0.5853,0.998
2026-10-08T19:20:44Z,2026-10-08 19:20:10,SPXW,2026-10-13,P,7485.0,7753.0698,1.25,196.0,1.35,236.0,1.25,39.0,210.0,0.1553,-0.0249,0.0004,-0.6849,0.585,-0.026
2026-10-08T19:20:44Z,2026-10-08 19:20:10,SPXW,2026-10-13,C,7490.0,7753.0698,261.3,1.0,279.1,1.0,194.99,0.0,2.0,0.1795,0.974,0.0004,-0.6028,0.6048,0.9976
2026-10-08T19:20:44Z,2026-10-08 19:20:10,SPXW,2026-10-13,P,7490.0,7753.0698,1.3,186.0,1.4,233.0,1.3,171.0,328.0,0.1538,-0.0259,0.0004,-0.7038,0.6044,-0.0271
2026-10-08T19:20:44Z,2026-10-08 19:20:10,SPXW,2026-10-13,C,7495.0,7753.0698,257.6,1.0,274.1,1.0,0.0,0.0,0.0,0.1836,0.9729,0.0004,-0.6248,0.6253,0.9972
2026-10-08T19:20:44Z,2026-10-08 19:20:10,SPXW,2026-10-13,P,7495.0,7753.0698,1.35,133.0,1.45,234.0,1.3,9.0,232.0,0.1522,-0.027,0.0004,-0.7239,0.625,-0.0282
2026-10-08T19:20:44Z,2026-10-08 19:20:10,SPXW,2026-10-13,C,7500.0,7753.0698,248.7,1.0,269.2,1.0,290.59,0.0,193.0,0.1584,0.9718,0.0005,-0.648,0.6472,0.9967
2026-10-08T19:20:44Z,2026-10-08 19:20:10,SPXW,2026-10-13,P,7500.0,7753.0698,1.4,191.0,1.5,211.0,1.4,248.0,1669.0,0.1506,-0.0282,0.0005,-0.7452,0.6468,-0.0294
2026-10-08T19:20:44Z,2026-10-08 19:20:10,SPXW,2026-10-13,C,7505.0,7753.0698,244.2,1.0,264.2,1.0,326.07,0.0,10.0,0.1592,0.9705,0.0005,-0.6725,0.6703,0.996
2026-10-08T19:20:44Z,2026-10-08 19:20:10,SPXW,2026-10-13,P,7505.0,7753.0698,1.45,175.0,1.55,157.0,1.45,210.0,445.0,0.149,-0.0294,0.0005,-0.7678,0.6699,-0.0307
2026-10-08T19:20:44Z,2026-10-08 19:20:10,SPXW,2026-10-13,C,7510.0,7753.0698,238.9,1.0,259.3,1.0,283.47,10.0,41.0,0.1552,0.9692,0.0005,-0.6984,0.6948,0.9954
2026-10-08T19:20:44Z,2026-10-08 19:20:10,SPXW,2026-10-13,P,7510.0,7753.0698,1.5,167.0,1.6,46.0,1.5,125.0,369.0,0.1473,-0.0308,0.0005,-0.7917,0.6944,-0.0321
2026-10-08T19:20:44Z,2026-10-08 19:20:10,SPXW,2026-10-13,C,7515.0,7753.0698,234.0,1.0,254.4,1.0,316.22,0.0,10.0,0.1538,0.9678,0.0005,-0.7258,0.7207,0.9946
2026-10-08T19:20:44Z,2026-10-08 19:20:10,SPXW,2026-10-13,P,7515.0,7753.0698,1.6,89.0,1.7,216.0,1.55,110.0,137.0,0.1459,-0.0322,0.0005,-0.8172,0.7202,-0.0336
2026-10-08T19:20:44Z,2026-10-08 19:20:10,SPXW,2026-10-13,C,7520.0,7753.0698,229.2,1.0,249.4,1.0,0.0,0.0,0.0,0.1524,0.9662,0.0006,-0.7547,0.748,0.9936
2026-10-08T19:20:44Z,2026-10-08 19:20:10,SPXW,2026-10-13,P,7520.0,7753.0698,1.65,142.0,1.75,81.0,1.65,31.0,140.0,0.1445,-0.0337,0.0006,-0.8442,0.7475,-0.0352
2026-10-08T19:20:44Z,2026-10-08 19:20:10,SPXW,2026-10-13,C,7525.0,7753.0698,224.2,1.0,244.5,1.0,321.26,0.0,2.0,0.1504,0.9646,0.0006,-0.7852,0.7767,0.9926
2026-10-08T19:20:44Z,2026-10-08 19:20:10,SPXW,2026-10-13,P,7525.0,7753.0698,1.75,71.0,1.85,174.0,1.7,44.0,144.0,0.143,-0.0354,0.0006,-0.8733,0.7767,-0.0369
2026-10-08T19:20:44Z,2026-10-08 19:20:10,SPXW,2026-10-13,C,7530.0,7753.0698,221.6,1.0,239.6,1.0,246.95,3.0,6.0,0.161,0.9628,0.0006,-0.8175,0.8069,0.9914
2026-10-08T19:20:44Z,2026-10-08 19:20:10,SPXW,2026-10-13,P,7530.0,7753.0698,1.8,125.0,1.95,197.0,1.8,25.0,97.0,0.1415,-0.0371,0.0006,-0.9037,0.8069,-0.0388
2026-10-08T19:20:44Z,2026-10-08 19:20:10,SPXW,2026-10-13,C,7535.0,7753.0698,214.2,1.0,234.7,1.0,248.74,0.0,0.0,0.1461,0.961,0.0007,-0.8517,0.8387,0.9901
2026-10-08T19:20:44Z,2026-10-08 19:20:10,SPXW,2026-10-13,P,7535.0,7753.0698,1.9,132.0,2.0,22.0,1.9,4.0,52.0,0.1402,-0.039,0.0007,-0.9359,0.8387,-0.0408
2026-10-08T19:20:44Z,2026-10-08 19:20:10,SPXW,2026-10-13,C,7540.0,7753.0698,212.2,2.0,229.8,1.0,239.99,0.0,7.0,0.1589,0.959,0.0007,-0.8877,0.8723,0.9886
2026-10-08T19:20:44Z,2026-10-08 19:20:10,SPXW,2026-10-13,P,7540.0,7753.0698,2.0,132.0,2.1,1.0,1.95,52.0,122.0,0.1389,-0.041,0.0007,-0.9701,0.8723,-0.0429
2026-10-08T19:20:44Z,2026-10-08 19:20:10,SPXW,2026-10-13,C,7545.0,7753.0698,207.1,1.0,220.8,1.0,264.1,0.0,1.0,0.1346,0.9568,0.0007,-0.9257,0.9079,0.9871
2026-10-08T19:20:44Z,2026-10-08 19:20:10,SPXW,2026-10-13,P,7545.0,7753.0698,2.1,153.0,2.2,39.0,2.05,33.0,78.0,0.1378,-0.0431,0.0007,-1.0062,0.9079,-0.0452
2026-10-08T19:20:44Z,2026-10-08 19:20:10,SPXW,2026-10-13,C,7550.0,7753.0698,203.1,1.0,215.9,1.0,243.65,10.0,20.0,0.1384,0.9545,0.0008,-0.9657,0.9456,0.9854
2026-10-08T19:20:44Z,2026-10-08 19:20:10,SPXW,2026-10-13,P,7550.0,7753.0698,2.25,54.0,2.35,178.0,2.2,229.0,512.0,0.1366,-0.0454,0.0008,-1.0443,0.9456,-0.0476
2026-10-08T19:20:44Z,2026-10-08 19:20:10,SPXW,2026-10-13,C,7555.0,7753.0698,198.5,1.0,211.0,1.0,271.82,0.0,3.0,0.1384,0.952,0.0008,-1.0078,0.9854,0.9834
2026-10-08T19:20:44Z,2026-10-08 19:20:10,SPXW,2026-10-13,P,7555.0,7753.0698,2.35,136.0,2.45,38.0,2.3,18.0,79.0,0.135,-0.0479,0.0008,-1.0845,0.9854,-0.0502
2026-10-08T19:20:44Z,2026-10-08 19:20:10,SPXW,2026-10-13,C,7560.0,7753.0698,194.8,1.0,206.0,1.0,157.93,0.0,5.0,0.1419,0.9494,0.0008,-1.0521,1.027,0.9813
2026-10-08T19:20:44Z,2026-10-08 19:20:10,SPXW,2026-10-13,P,7560.0,7753.0698,2.5,71.0,2.6,136.0,2.4,49.0,103.0,0.1339,-0.0506,0.0008,-1.1269,1.027,-0.053
2026-10-08T19:20:44Z,2026-10-08 19:20:10,SPXW,2026-10-13,C,7565.0,7753.0698,189.4,1.0,201.2,1.0,0.0,0.0,0.0,0.1381,0.9465,0.0009,-1.0987,1.0706,0.9789
2026-10-08T19:20:44Z,2026-10-08 19:20:10,SPXW,2026-10-13,P,7565.0,7753.0698,2.65,27.0,2.7,1.0,2.55,42.0,837.0,0.1327,-0.0534,0.0009,-1.1716,1.0706,-0.056
2026-10-08T19:20:44Z,2026-10-08 19:20:10,SPXW,2026-10-13,C,7570.0,7753.0698,183.9,1.0,196.2,1.0,171.53,0.0,32.0,0.1329,0.9435,0.001,-1.1476,1.1161,0.9764
2026-10-08T19:20:44Z,2026-10-08 19:20:10,SPXW,2026-10-13,P,7570.0,7753.0698,2.8,43.0,2.85,1.0,2.7,52.0,150.0,0.1314,-0.0564,0.001,-1.2186,1.1161,-0.0593
2026-10-08T19:20:44Z,2026-10-08 19:20:10,SPXW,2026-10-13,C,7575.0,7753.0698,179.5,1.0,191.6,1.0,138.6,0.0,3.0,0.1345,0.9402,0.001,-1.1989,1.164,0.9736
2026-10-08T19:20:44Z,2026-10-08 19:20:10,SPXW,2026-10-13,P,7575.0,7753.0698,2.95,46.0,3.1,149.0,2.9,104.0,820.0,0.1302,-0.0597,0.001,-1.268,1.164,-0.0628
2026-10-08T19:20:44Z,2026-10-08 19:20:10,SPXW,2026-10-13,C,7580.0,7753.0698,174.7,1.0,186.7,1.0,123.89,0.0,8.0,0.1328,0.9368,0.001,-1.2525,1.2144,0.9706
2026-10-08T19:20:44Z,2026-10-08 19:20:10,SPXW,2026-10-13,P,7580.0,7753.0698,3.1,108.0,3.2,17.0,3.0,8105.0,270.0,0.1285,-0.0632,0.001,-1.3197,1.2144,-0.0664
2026-10-08T19:20:44Z,2026-10-08 19:20:10,SPXW,2026-10-13,C,7585.0,7753.0698,169.8,1.0,181.9,1.0,138.6,0.0,1.0,0.1311,0.933,0.0011,-1.3086,1.2674,0.9674
2026-10-08T19:20:44Z,2026-10-08 19:20:10,SPXW,2026-10-13,P,7585.0,7753.0698,3.3,106.0,3.4,1.0,3.2,76.0,448.0,0.1274,-0.0669,0.0011,-1.3739,1.2674,-0.0703
2026-10-08T19:20:44Z,2026-10-08 19:20:10,SPXW,2026-10-13,C,7590.0,7753.0698,164.9,1.0,177.1,1.0,149.85,0.0,218.0,0.1293,0.929,0.0012,-1.3671,1.3228,0.9638
2026-10-08T19:20:44Z,2026-10-08 19:20:10,SPXW,2026-10-13,P,7590.0,7753.0698,3.5,103.0,3.6,16.0,3.4,8366.0,538.0,0.1262,-0.0709,0.0012,-1.4305,1.3228,-0.0746
2026-10-08T19:20:44Z,2026-10-08 19:20:10,SPXW,2026-10-13,C,7595.0,7753.0698,160.2,1.0,173.3,1.0,166.38,10.0,37.0,0.1325,0.9248,0.0012,-1.428,1.3803,0.96
2026-10-08T19:20:44Z,2026-10-08 19:20:10,SPXW,2026-10-13,P,7595.0,7753.0698,3.7,101.0,3.9,118.0,3.6,415.0,2660.0,0.1252,-0.0752,0.0012,-1.4895,1.3803,-0.0791
2026-10-08T19:20:44Z,2026-10-08 19:20:10,SPXW,2026-10-13,C,7600.0,7753.0698,155.9,1.0,167.6,1.0,177.13,0.0,43.0,0.1327,0.9202,0.0013,-1.4914,1.4399,0.9557
2026-10-08T19:20:44Z,2026-10-08 19:20:10,SPXW,2026-10-13,P,7600.0,7753.0698,3.9,166.0,4.1,92.0,3.8,786.0,3316.0,0.1237,-0.0798,0.0013,-1.551,1.4399,-0.084
2026-10-08T19:20:44Z,2026-10-08 19:20:10,SPXW,2026-10-13,C,7605.0,7753.0698,150.2,1.0,162.8,1.0,120.2,0.0,6.0,0.1238,0.9153,0.0014,-1.5573,1.5019,0.9512
2026-10-08T19:20:44Z,2026-10-08 19:20:10,SPXW,2026-10-13,P,7605.0,7753.0698,4.2,98.0,4.3,14.0,4.1,110.0,198.0,0.1225,-0.0846,0.0014,-1.615,1.5019,-0.0892
2026-10-08T19:20:44Z,2026-10-08 19:20:10,SPXW,2026-10-13,C,7610.0,7753.0698,146.3,1.0,158.0,1.0,152.33,10.0,181.0,0.125,0.9101,0.0015,-1.6256,1.5667,0.9465
2026-10-08T19:20:44Z,2026-10-08 19:20:10,SPXW,2026-10-13,P,7610.0,7753.0698,4.5,79.0,4.6,63.0,4.4,454.0,203.0,0.1215,-0.0898,0.0015,-1.6814,1.5667,-0.0947
2026-10-08T19:20:44Z,2026-10-08 19:20:10,SPXW,2026-10-13,C,7615.0,7753.0698,140.9,1.0,154.3,1.0,109.8,0.0,14.0,0.1256,0.9046,0.0015,-1.6962,1.6345,0.9413
2026-10-08T19:20:44Z,2026-10-08 19:20:10,SPXW,2026-10-13,P,7615.0,7753.0698,4.8,47.0,4.9,44.0,4.6,106.0,130.0,0.1204,-0.0954,0.0015,-1.7501,1.6345,-0.1005
2026-10-08T19:20:44Z,2026-10-08 19:20:10,SPXW,2026-10-13,C,7620.0,7753.0698,136.2,1.0,149.6,1.0,154.85,0.0,70.0,0.1241,0.8986,0.0016,-1.7691,1.7046,0.9356
2026-10-08T19:20:44Z,2026-10-08 19:20:10,SPXW,2026-10-13,P,7620.0,7753.0698,5.1,84.0,5.2,39.0,5.0,797.0,902.0,0.1191,-0.1013,0.0016,-1.8211,1.7046,-0.1069
2026-10-08T19:20:44Z,2026-10-08 19:20:10,SPXW,2026-10-13,C,7625.0,7753.0698,131.5,1.0,145.1,1.0,194.02,0.0,56.0,0.1225,0.8923,0.0017,-1.8442,1.7765,0.9295
2026-10-08T19:20:44Z,2026-10-08 19:20:10,SPXW,2026-10-13,P,7625.0,7753.0698,5.4,81.0,5.6,82.0,5.3,279.0,268.0,0.118,-0.1076,0.0017,-1.8943,1.7765,-0.1137
2026-10-08T19:20:44Z,2026-10-08 19:20:10,SPXW,2026-10-13,C,7630.0,7753.0698,128.2,1.0,139.4,1.0,151.66,2.0,25.0,0.1216,0.8856,0.0018,-1.9214,1.8503,0.923
2026-10-08T19:20:44Z,2026-10-08 19:20:10,SPXW,2026-10-13,P,7630.0,7753.0698,5.8,79.0,5.9,1.0,5.6,2582.0,460.0,0.1168,-0.1144,0.0018,-1.9696,1.8503,-0.1209
2026-10-08T19:20:44Z,2026-10-08 19:20:10,SPXW,2026-10-13,C,7635.0,7753.0698,121.1,1.0,134.8,1.0,155.33,0.0,30.0,0.1135,0.8784,0.0019,-2.0006,1.9268,0.9161
2026-10-08T19:20:44Z,2026-10-08 19:20:10,SPXW,2026-10-13,P,7635.0,7753.0698,6.2,72.0,6.3,1.0,6.1,86.0,131.0,0.1157,-0.1216,0.0019,-2.0469,1.9268,-0.1285
2026-10-08T19:20:44Z,2026-10-08 19:20:10,SPXW,2026-10-13,C,7640.0,7753.0698,119.2,1.0,131.3,1.0,138.85,0.0,25.0,0.1223,0.8707,0.002,-2.0815,2.0062,0.9087
2026-10-08T19:20:44Z,2026-10-08 19:20:10,SPXW,2026-10-13,P,7640.0,7753.0698,6.6,74.0,6.8,74.0,6.5,377.0,381.0,0.1147,-0.1292,0.002,-2.126,2.0062,-0.1365
2026-10-08T19:20:44Z,2026-10-08 19:20:10,SPXW,2026-10-13,C,7645.0,7753.0698,116.8,7.0,121.4,8.0,116.1,68.0,32.0,0.1141,0.8626,0.0021,-2.1641,2.0877,0.9006
2026-10-08T19:20:44Z,2026-10-08 19:20:10,SPXW,2026-10-13,P,7645.0,7753.0698,7.1,39.0,7.2,29.0,6.9,126.0,333.0,0.1136,-0.1374,0.0021,-2.2066,2.0877,-0.1453
2026-10-08T19:20:44Z,2026-10-08 19:20:10,SPXW,2026-10-13,C,7650.0,7753.0698,108.8,1.0,121.3,1.0,148.76,5.0,586.0,0.1139,0.8539,0.0022,-2.2481,2.1703,0.8919
2026-10-08T19:20:44Z,2026-10-08 19:20:10,SPXW,2026-10-13,P,7650.0,7753.0698,7.5,70.0,7.7,28.0,7.6,558.0,1937.0,0.1122,-0.146,0.0022,-2.2887,2.1703,-0.1547
2026-10-08T19:20:44Z,2026-10-08 19:20:10,SPXW,2026-10-13,C,7655.0,7753.0698,105.7,2.0,114.9,1.0,122.17,1.0,18.0,0.1117,0.8447,0.0023,-2.3332,2.2541,0.8828
2026-10-08T19:20:44Z,2026-10-08 19:20:10,SPXW,2026-10-13,P,7655.0,7753.0698,8.1,43.0,8.3,76.0,7.6,38.0,186.0,0.1112,-0.1552,0.0023,-2.372,2.2541,-0.1645
2026-10-08T19:20:44Z,2026-10-08 19:20:10,SPXW,2026-10-13,C,7660.0,7753.0698,101.3,1.0,109.9,1.0,99.41,13.0,59.0,0.1092,0.8349,0.0025,-2.4192,2.34,0.8732
2026-10-08T19:20:44Z,2026-10-08 19:20:10,SPXW,2026-10-13,P,7660.0,7753.0698,8.6,66.0,8.8,25.0,8.8,166.0,360.0,0.1101,-0.165,0.0025,-2.4561,2.34,-0.1748
2026-10-08T19:20:44Z,2026-10-08 19:20:10,SPXW,2026-10-13,C,7665.0,7753.0698,97.0,1.0,106.1,3.0,60.65,0.0,52.0,0.1096,0.8245,0.0026,-2.5058,2.4281,0.8628
2026-10-08T19:20:44Z,2026-10-08 19:20:10,SPXW,2026-10-13,P,7665.0,7753.0698,9.3,31.0,9.4,13.0,9.0,60.0,245.0,0.1089,-0.1754,0.0026,-2.5407,2.4281,-0.1859
2026-10-08T19:20:44Z,2026-10-08 19:20:10,SPXW,2026-10-13,C,7670.0,7753.0698,93.5,1.0,101.2,1.0,95.16,3.0,100.0,0.109,0.8135,0.0027,-2.5924,2.5168,0.8515
2026-10-08T19:20:44Z,2026-10-08 19:20:10,SPXW,2026-10-13,P,7670.0,7753.0698,9.9,65.0,10.1,65.0,9.7,181.0,710.0,0.108,-0.1864,0.0027,-2.6254,2.5168,-0.1978
2026-10-08T19:20:44Z,2026-10-08 19:20:10,SPXW,2026-10-13,C,7675.0,7753.0698,90.6,3.0,94.9,8.0,85.8,5.0,171.0,0.1077,0.8018,0.0028,-2.6786,2.605,0.8396
2026-10-08T19:20:44Z,2026-10-08 19:20:10,SPXW,2026-10-13,P,7675.0,7753.0698,10.6,46.0,10.8,19.0,10.2,338.0,746.0,0.107,-0.1982,0.0028,-2.7098,2.605,-0.2104
2026-10-08T19:20:44Z,2026-10-08 19:20:10,SPXW,2026-10-13,C,7680.0,7753.0698,86.4,3.0,90.5,2.0,97.1,59.0,70.0,0.1066,0.7894,0.003,-2.7641,2.6935,0.8272
2026-10-08T19:20:44Z,2026-10-08 19:20:10,SPXW,2026-10-13,P,7680.0,7753.0698,11.4,24.0,11.5,7.0,11.0,313.0,1605.0,0.1058,-0.2105,0.003,-2.7934,2.6935,-0.2235
2026-10-08T19:20:44Z,2026-10-08 19:20:10,SPXW,2026-10-13,C,7685.0,7753.0698,81.1,3.0,88.5,4.0,82.7,7.0,657.0,0.1063,0.7763,0.0031,-2.8483,2.783,0.8139
2026-10-08T19:20:44Z,2026-10-08 19:20:10,SPXW,2026-10-13,P,7685.0,7753.0698,12.2,62.0,12.4,62.0,11.9,304.0,444.0,0.1049,-0.2236,0.0031,-2.8756,2.783,-0.2375
2026-10-08T19:20:44Z,2026-10-08 19:20:10,SPXW,2026-10-13,C,7690.0,7753.0698,77.3,4.0,84.3,4.0,96.13,1.0,57.0,0.1057,0.7625,0.0032,-2.9304,2.8719,0.7996
2026-10-08T19:20:44Z,2026-10-08 19:20:10,SPXW,2026-10-13,P,7690.0,7753.0698,13.1,28.0,13.3,61.0,12.7,548.0,224.0,0.1036,-0.2374,0.0032,-2.9559,2.8719,-0.2525
2026-10-08T19:20:44Z,2026-10-08 19:20:10,SPXW,2026-10-13,C,7695.0,7753.0698,75.6,6.0,76.8,5.0,70.9,27.0,78.0,0.1034,0.7479,0.0034,-3.0098,2.9583,0.7845
2026-10-08T19:20:44Z,2026-10-08 19:20:10,SPXW,2026-10-13,P,7695.0,7753.0698,14.0,36.0,14.2,24.0,13.6,300.0,119.0,0.1028,-0.252,0.0034,-3.0334,2.9583,-0.2682
2026-10-08T19:20:44Z,2026-10-08 19:20:10,SPXW,2026-10-13,C,7700.0,7753.0698,72.1,6.0,72.4,16.0,73.8,44.0,1074.0,0.1018,0.7325,0.0035,-3.0859,3.0425,0.7689
2026-10-08T19:20:44Z,2026-10-08 19:20:10,SPXW,2026-10-13,P,7700.0,7753.0698,15.0,36.0,15.2,24.0,15.2,795.0,1322.0,0.1017,-0.2674,0.0035,-3.1076,3.0425,-0.2845
2026-10-08T19:20:44Z,2026-10-08 19:20:10,SPXW,2026-10-13,C,7705.0,7753.0698,68.1,8.0,68.5,16.0,68.2,26.0,92.0,0.1008,0.7164,0.0037,-3.1578,3.1256,0.7523
2026-10-08T19:20:44Z,2026-10-08 19:20:10,SPXW,2026-10-13,P,7705.0,7753.0698,16.1,34.0,16.3,53.0,15.6,108.0,110.0,0.1008,-0.2836,0.0037,-3.1776,3.1256,-0.3018
2026-10-08T19:20:44Z,2026-10-08 19:20:10,SPXW,2026-10-13,C,7710.0,7753.0698,64.3,8.0,64.6,8.0,63.1,17.0,133.0,0.0999,0.6994,0.0038,-3.2246,3.2054,0.7346
2026-10-08T19:20:44Z,2026-10-08 19:20:10,SPXW,2026-10-13,P,7710.0,7753.0698,17.2,57.0,17.5,52.0,16.7,59.0,182.0,0.0996,-0.3005,0.0038,-3.2425,3.2054,-0.3202
2026-10-08T19:20:44Z,2026-10-08 19:20:10,SPXW,2026-10-13,C,7715.0,7753.0698,60.5,11.0,60.8,11.0,64.6,39.0,65.0,0.0988,0.6816,0.004,-3.2855,3.2799,0.7162
2026-10-08T19:20:44Z,2026-10-08 19:20:10,SPXW,2026-10-13,P,7715.0,7753.0698,18.5,47.0,18.7,1.0,17.9,159.0,176.0,0.0988,-0.3183,0.004,-3.3015,3.2799,-0.3393
2026-10-08T19:20:44Z,2026-10-08 19:20:10,SPXW,2026-10-13,C,7720.0,7753.0698,56.9,3.0,57.1,11.0,62.8,38.0,85.0,0.0979,0.6631,0.0041,-3.3397,3.3497,0.6971
2026-10-08T19:20:44Z,2026-10-08 19:20:10,SPXW,2026-10-13,P,7720.0,7753.0698,19.8,54.0,20.0,6.0,19.2,280.0,176.0,0.0977,-0.3369,0.0041,-3.3538,3.3497,-0.3591
2026-10-08T19:20:44Z,2026-10-08 19:20:10,SPXW,2026-10-13,C,7725.0,7753.0698,53.3,4.0,53.5,12.0,59.6,40.0,63.0,0.097,0.6437,0.0042,-3.3862,3.415,0.6769
2026-10-08T19:20:44Z,2026-10-08 19:20:10,SPXW,2026-10-13,P,7725.0,7753.0698,21.2,56.0,21.5,51.0,20.5,203.0,290.0,0.0966,-0.3562,0.0042,-3.3984,3.415,-0.38
2026-10-08T19:20:44Z,2026-10-08 19:20:10,SPXW,2026-10-13,C,7730.0,7753.0698,49.8,13.0,50.1,13.0,56.0,42.0,60.0,0.0959,0.6236,0.0043,-3.4238,3.4732,0.6557
2026-10-08T19:20:44Z,2026-10-08 19:20:10,SPXW,2026-10-13,P,7730.0,7753.0698,22.8,46.0,23.0,1.0,21.9,70.0,354.0,0.0958,-0.3764,0.0043,-3.4341,3.4732,-0.4019
2026-10-08T19:20:44Z,2026-10-08 19:20:10,SPXW,2026-10-13,C,7735.0,7753.0698,46.5,5.0,46.7,14.0,51.3,25.0,60.0,0.0951,0.6027,0.0044,-3.452,3.5231,0.6341
2026-10-08T19:20:44Z,2026-10-08 19:20:10,SPXW,2026-10-13,P,7735.0,7753.0698,24.4,27.0,24.6,1.0,23.5,96.0,79.0,0.0949,-0.3973,0.0044,-3.4604,3.5231,-0.4241
2026-10-08T19:20:44Z,2026-10-08 19:20:10,SPXW,2026-10-13,C,7740.0,7753.0698,43.2,15.0,43.5,48.0,47.0,282.0,215.0,0.094,0.5811,0.0045,-3.4698,3.5653,0.6116
2026-10-08T19:20:44Z,2026-10-08 19:20:10,SPXW,2026-10-13,P,7740.0,7753.0698,26.1,53.0,26.3,1.0,25.8,286.0,325.0,0.0939,-0.4189,0.0045,-3.4763,3.5653,-0.4474
2026-10-08T19:20:44Z,2026-10-08 19:20:10,SPXW,2026-10-13,C,7745.0,7753.0698,40.1,6.0,40.3,48.0,42.4,141.0,61.0,0.0931,0.5588,0.0046,-3.4762,3.5986,0.5879
2026-10-08T19:20:44Z,2026-10-08 19:20:10,SPXW,2026-10-13,P,7745.0,7753.0698,28.0,20.0,28.2,2.0,27.7,163.0,1541.0,0.093,-0.4411,0.0046,-3.4808,3.5986,-0.4717
2026-10-08T19:20:44Z,2026-10-08 19:20:10,SPXW,2026-10-13,C,7750.0,7753.0698,37.0,15.0,37.2,5.0,38.6,584.0,565.0,0.0923,0.5359,0.0047,-3.4706,3.6212,0.5641
2026-10-08T19:20:44Z,2026-10-08 19:20:10,SPXW,2026-10-13,P,7750.0,7753.0698,29.9,48.0,30.2,19.0,30.0,592.0,1194.0,0.0921,-0.464,0.0047,-3.4734,3.6212,-0.4962
2026-10-08T19:20:44Z,2026-10-08 19:20:10,SPXW,2026-10-13,C,7755.0,7753.0698,34.1,6.0,34.3,37.0,34.3,389.0,111.0,0.0914,0.5124,0.0048,-3.4526,3.6331,0.5396
2026-10-08T19:20:44Z,2026-10-08 19:20:10,SPXW,2026-10-13,P,7755.0,7753.0698,32.0,45.0,32.3,22.0,32.1,217.0,556.0,0.0913,-0.4875,0.0048,-3.4535,3.6331,-0.5214
2026-10-08T19:20:44Z,2026-10-08 19:20:10,SPXW,2026-10-13,C,7760.0,7753.0698,31.3,23.0,31.6,52.0,31.3,813.0,176.0,0.0906,0.4885,0.0048,-3.4215,3.6334,0.5142
2026-10-08T19:20:44Z,2026-10-08 19:20:10,SPXW,2026-10-13,P,7760.0,7753.0698,34.2,43.0,34.5,22.0,34.2,239.0,178.0,0.0904,-0.5114,0.0048,-3.4204,3.6334,-0.5475
2026-10-08T19:20:44Z,2026-10-08 19:20:10,SPXW,2026-10-13,C,7765.0,7753.0698,28.7,6.0,28.9,51.0,29.0,201.0,150.0,0.0898,0.4642,0.0048,-3.377,3.6217,0.4888
2026-10-08T19:20:44Z,2026-10-08 19:20:10,SPXW,2026-10-13,P,7765.0,7753.0698,36.5,43.0,36.8,19.0,35.8,56.0,172.0,0.0896,-0.5358,0.0048,-3.3741,3.6217,-0.5736
2026-10-08T19:20:44Z,2026-10-08 19:20:10,SPXW,2026-10-13,C,7770.0,7753.0698,26.2,7.0,26.4,55.0,27.3,137.0,1793.0,0.0888,0.4396,0.0048,-3.3193,3.5972,0.463
2026-10-08T19:20:44Z,2026-10-08 19:20:10,SPXW,2026-10-13,P,7770.0,7753.0698,39.0,21.0,39.2,1.0,38.3,141.0,1624.0,0.0887,-0.5604,0.0048,-3.3145,3.5972,-0.6001
2026-10-08T19:20:44Z,2026-10-08 19:20:10,SPXW,2026-10-13,C,7775.0,7753.0698,23.8,1.0,24.0,56.0,25.4,275.0,259.0,0.088,0.4148,0.0048,-3.2483,3.5592,0.4366
2026-10-08T19:20:44Z,2026-10-08 19:20:10,SPXW,2026-10-13,P,7775.0,7753.0698,41.7,12.0,41.9,2.0,47.59,275.0,692.0,0.0879,-0.5851,0.0048,-3.2415,3.5592,-0.6272
2026-10-08T19:20:44Z,2026-10-08 19:20:10,SPXW,2026-10-13,C,7780.0,7753.0698,21.5,7.0,21.7,55.0,22.5,393.0,586.0,0.0874,0.39,0.0048,-3.1643,3.5088,0.4107
2026-10-08T19:20:44Z,2026-10-08 19:20:10,SPXW,2026-10-13,P,7780.0,7753.0698,44.3,13.0,44.6,13.0,42.7,216.0,180.0,0.0872,-0.61,0.0048,-3.1556,3.5088,-0.6537
2026-10-08T19:20:44Z,2026-10-08 19:20:10,SPXW,2026-10-13,C,7785.0,7753.0698,19.4,14.0,19.6,55.0,20.8,191.0,186.0,0.0866,0.3653,0.0047,-3.0682,3.4453,0.3845
2026-10-08T19:20:44Z,2026-10-08 19:20:10,SPXW,2026-10-13,P,7785.0,7753.0698,47.3,10.0,47.5,5.0,45.4,169.0,59.0,0.0865,-0.6347,0.0047,-3.0577,3.4453,-0.6805
2026-10-08T19:20:44Z,2026-10-08 19:20:10,SPXW,2026-10-13,C,7790.0,7753.0698,17.4,8.0,17.6,45.0,17.5,331.0,271.0,0.086,0.3408,0.0047,-2.9606,3.3679,0.3585
2026-10-08T19:20:44Z,2026-10-08 19:20:10,SPXW,2026-10-13,P,7790.0,7753.0698,50.2,18.0,50.5,11.0,49.6,89.0,152.0,0.0858,-0.6592,0.0047,-2.9482,3.3679,-0.7073
2026-10-08T19:20:44Z,2026-10-08 19:20:10,SPXW,2026-10-13,C,7795.0,7753.0698,15.6,1.0,15.8,61.0,16.9,142.0,1809.0,0.0851,0.3166,0.0046,-2.8427,3.2797,0.3333
2026-10-08T19:20:44Z,2026-10-08 19:20:10,SPXW,2026-10-13,P,7795.0,7753.0698,53.5,2.0,53.7,9.0,52.8,99.0,55.0,0.0851,-0.6833,0.0046,-2.8283,3.2797,-0.7332
2026-10-08T19:20:44Z,2026-10-08 19:20:10,SPXW,2026-10-13,C,7800.0,7753.0698,13.9,1.0,14.1,62.0,14.7,1508.0,1085.0,0.0845,0.293,0.0044,-2.7158,3.1795,0.3081
2026-10-08T19:20:44Z,2026-10-08 19:20:10,SPXW,2026-10-13,P,7800.0,7753.0698,56.2,3.0,57.5,3.0,57.05,117.0,1052.0,0.0846,-0.707,0.0044,-2.6996,3.1795,-0.759
2026-10-08T19:20:44Z,2026-10-08 19:20:10,SPXW,2026-10-13,C,7805.0,7753.0698,12.3,8.0,12.5,46.0,13.4,226.0,3388.0,0.0841,0.27,0.0043,-2.5812,3.0676,0.2839
2026-10-08T19:20:44Z,2026-10-08 19:20:10,SPXW,2026-10-13,P,7805.0,7753.0698,58.8,1.0,61.7,3.0,70.0,550.0,96.0,0.0834,-0.7299,0.0043,-2.563,3.0676,-0.784
2026-10-08T19:20:44Z,2026-10-08 19:20:10,SPXW,2026-10-13,C,7810.0,7753.0698,10.9,35.0,11.1,66.0,11.72,269.0,310.0,0.0833,0.2478,0.0041,-2.4405,2.9483,0.2606
2026-10-08T19:20:44Z,2026-10-08 19:20:10,SPXW,2026-10-13,P,7810.0,7753.0698,62.4,1.0,65.2,1.0,43.9,55.0,79.0,0.083,-0.7522,0.0041,-2.4204,2.9483,-0.8079
2026-10-08T19:20:44Z,2026-10-08 19:20:10,SPXW,2026-10-13,C,7815.0,7753.0698,9.6,33.0,9.8,68.0,10.6,251.0,2828.0,0.0828,0.2264,0.004,-2.2952,2.8195,0.2378
2026-10-08T19:20:44Z,2026-10-08 19:20:10,SPXW,2026-10-13,P,7815.0,7753.0698,65.4,9.0,69.8,1.0,79.6,74.0,84.0,0.0824,-0.7735,0.004,-2.2733,2.8195,-0.8314
2026-10-08T19:20:44Z,2026-10-08 19:20:10,SPXW,2026-10-13,C,7820.0,7753.0698,8.4,69.0,8.6,67.0,9.3,203.0,671.0,0.0825,0.206,0.0038,-2.1469,2.6838,0.2164
2026-10-08T19:20:44Z,2026-10-08 19:20:10,SPXW,2026-10-13,P,7820.0,7753.0698,69.3,2.0,73.7,7.0,68.96,57.0,260.0,0.0817,-0.7939,0.0038,-2.1231,2.6838,-0.8535
2026-10-08T19:20:44Z,2026-10-08 19:20:10,SPXW,2026-10-13,C,7825.0,7753.0698,7.3,72.0,7.5,46.0,8.2,715.0,4113.0,0.0821,0.1866,0.0036,-1.9973,2.5442,0.1959
2026-10-08T19:20:44Z,2026-10-08 19:20:10,SPXW,2026-10-13,P,7825.0,7753.0698,73.1,10.0,77.5,1.0,53.2,44.0,133.0,0.0811,-0.8133,0.0036,-1.9716,2.5442,-0.8747
2026-10-08T19:20:44Z,2026-10-08 19:20:10,SPXW,2026-10-13,C,7830.0,7753.0698,6.4,65.0,6.6,56.0,6.8,214.0,345.0,0.0817,0.1683,0.0034,-1.8479,2.3991,0.1765
2026-10-08T19:20:44Z,2026-10-08 19:20:10,SPXW,2026-10-13,P,7830.0,7753.0698,77.3,2.0,81.7,8.0,79.38,57.0,93.0,0.0824,-0.8316,0.0034,-1.8203,2.3991,-0.8948
2026-10-08T19:20:44Z,2026-10-08 19:20:10,SPXW,2026-10-13,C,7835.0,7753.0698,5.6,9.0,5.7,51.0,5.9,148.0,329.0,0.0814,0.1512,0.0031,-1.7003,2.2526,0.1586
2026-10-08T19:20:44Z,2026-10-08 19:20:10,SPXW,2026-10-13,P,7835.0,7753.0698,81.3,9.0,85.8,2.0,59.5,9.0,153.0,0.0815,-0.8488,0.0031,-1.6707,2.2526,-0.9134
2026-10-08T19:20:44Z,2026-10-08 19:20:10,SPXW,2026-10-13,C,7840.0,7753.0698,4.8,86.0,5.0,86.0,5.1,217.0,504.0,0.0812,0.1352,0.0029,-1.5559,2.1057,0.1415
2026-10-08T19:20:44Z,2026-10-08 19:20:10,SPXW,2026-10-13,P,7840.0,7753.0698,83.3,3.0,92.3,3.0,92.33,16.0,42.0,0.0815,-0.8648,0.0029,-1.5245,2.1057,-0.9311
2026-10-08T19:20:44Z,2026-10-08 19:20:10,SPXW,2026-10-13,C,7845.0,7753.0698,4.2,1.0,4.3,93.0,4.4,228.0,324.0,0.0807,0.1204,0.0027,-1.4162,1.9583,0.126
2026-10-08T19:20:44Z,2026-10-08 19:20:10,SPXW,2026-10-13,P,7845.0,7753.0698,90.0,2.0,94.4,2.0,88.72,9.0,185.0,0.0814,-0.8796,0.0027,-1.3829,1.9583,-0.9473
2026-10-08T19:20:44Z,2026-10-08 19:20:10,SPXW,2026-10-13,C,7850.0,7753.0698,3.6,67.0,3.7,73.0,3.8,587.0,1243.0,0.0807,0.1067,0.0025,-1.2824,1.8142,0.1116
2026-10-08T19:20:44Z,2026-10-08 19:20:10,SPXW,2026-10-13,P,7850.0,7753.0698,94.5,2.0,98.9,7.0,70.19,5.0,53.0,0.0799,-0.8932,0.0025,-1.2472,1.8142,-0.9624
2026-10-08T19:20:44Z,2026-10-08 19:20:10,SPXW,2026-10-13,C,7855.0,7753.0698,3.1,35.0,3.2,108.0,3.39,215.0,125.0,0.0804,0.0943,0.0023,-1.1558,1.6734,0.0984
2026-10-08T19:20:44Z,2026-10-08 19:20:10,SPXW,2026-10-13,P,7855.0,7753.0698,96.6,3.0,105.2,3.0,70.2,8.0,20.0,0.0802,-0.9057,0.0023,-1.1187,1.6734,-0.9762
2026-10-08T19:20:44Z,2026-10-08 19:20:10,SPXW,2026-10-13,C,7860.0,7753.0698,2.65,75.0,2.75,112.0,2.95,300.0,187.0,0.0804,0.083,0.0021,-1.0372,1.5373,0.0867
2026-10-08T19:20:44Z,2026-10-08 19:20:10,SPXW,2026-10-13,P,7860.0,7753.0698,101.5,1.0,109.6,3.0,57.92,0.0,28.0,0.0808,-0.9169,0.0021,-0.9982,1.5373,-0.9886
2026-10-08T19:20:44Z,2026-10-08 19:20:10,SPXW,2026-10-13,C,7865.0,7753.0698,2.25,76.0,2.35,70.0,2.45,126.0,81.0,0.0804,0.0729,0.0019,-0.9272,1.4076,0.076
2026-10-08T19:20:44Z,2026-10-08 19:20:10,SPXW,2026-10-13,P,7865.0,7753.0698,105.6,4.0,114.7,3.0,78.77,1.0,6.0,0.0803,-0.9271,0.0019,-0.8863,1.4076,-1.0001
2026-10-08T19:20:44Z,2026-10-08 19:20:10,SPXW,2026-10-13,C,7870.0,7753.0698,1.95,16.0,2.0,51.0,2.05,312.0,347.0,0.0803,0.0638,0.0017,-0.8264,1.2847,0.0665
2026-10-08T19:20:44Z,2026-10-08 19:20:10,SPXW,2026-10-13,P,7870.0,7753.0698,108.3,1.0,119.7,1.0,82.91,1.0,59.0,0.0726,-0.9361,0.0017,-0.7836,1.2847,-1.0102
2026-10-08T19:20:44Z,2026-10-08 19:20:10,SPXW,2026-10-13,C,7875.0,7753.0698,1.65,50.0,1.75,94.0,1.7,410.0,574.0,0.0802,0.0558,0.0015,-0.7347,1.1694,0.0581
2026-10-08T19:20:44Z,2026-10-08 19:20:10,SPXW,2026-10-13,P,7875.0,7753.0698,113.1,1.0,125.2,3.0,65.2,0.0,17.0,0.0769,-0.9441,0.0015,-0.69,1.1694,-1.0193
2026-10-08T19:20:44Z,2026-10-08 19:20:10,SPXW,2026-10-13,C,7880.0,7753.0698,1.4,72.0,1.5,107.0,1.5,528.0,318.0,0.0802,0.0488,0.0014,-0.6522,1.0624,0.0506
2026-10-08T19:20:44Z,2026-10-08 19:20:10,SPXW,2026-10-13,P,7880.0,7753.0698,117.8,1.0,130.0,3.0,83.6,0.0,21.0,0.0766,-0.9512,0.0014,-0.6056,1.0624,-1.0274
2026-10-08T19:20:44Z,2026-10-08 19:20:10,SPXW,2026-10-13,C,7885.0,7753.0698,1.2,55.0,1.25,46.0,1.3,135.0,66.0,0.0805,0.0426,0.0012,-0.5784,0.9637,0.0442
2026-10-08T19:20:44Z,2026-10-08 19:20:10,SPXW,2026-10-13,P,7885.0,7753.0698,122.6,1.0,136.3,3.0,101.63,0.0,8.0,0.0854,-0.9574,0.0012,-0.5299,0.9637,-1.0345
2026-10-08T19:20:44Z,2026-10-08 19:20:10,SPXW,2026-10-13,C,7890.0,7753.0698,1.0,260.0,1.1,155.0,1.1,246.0,414.0,0.0804,0.0372,0.0011,-0.5129,0.8733,0.0386
2026-10-08T19:20:44Z,2026-10-08 19:20:10,SPXW,2026-10-13,P,7890.0,7753.0698,127.3,1.0,139.7,3.0,76.58,0.0,4.0,0.0758,-0.9627,0.0011,-0.4625,0.8733,-1.0408
2026-10-08T19:20:44Z,2026-10-08 19:20:10,SPXW,2026-10-13,C,7895.0,7753.0698,0.85,261.0,0.95,231.0,0.95,85.0,89.0,0.0806,0.0326,0.001,-0.4551,0.7909,0.0337
2026-10-08T19:20:44Z,2026-10-08 19:20:10,SPXW,2026-10-13,P,7895.0,7753.0698,132.1,1.0,146.0,3.0,126.05,0.0,6.0,0.0861,-0.9674,0.001,-0.4028,0.7909,-1.0465
2026-10-08T19:20:44Z,2026-10-08 19:20:10,SPXW,2026-10-13,C,7900.0,7753.0698,0.7,389.0,0.8,107.0,0.75,811.0,2372.0,0.081,0.0285,0.0009,-0.4043,0.7166,0.0295
2026-10-08T19:20:44Z,2026-10-08 19:20:10,SPXW,2026-10-13,P,7900.0,7753.0698,137.0,1.0,150.7,3.0,125.72,2.0,5.0,0.086,-0.9714,0.0009,-0.3501,0.7166,-1.0513
2026-10-08T19:20:44Z,2026-10-08 19:20:10,SPXW,2026-10-13,C,7905.0,7753.0698,0.6,395.0,0.7,108.0,0.7,282.0,1615.0,0.081,0.025,0.0008,-0.3599,0.6496,0.0259
2026-10-08T19:20:44Z,2026-10-08 19:20:10,SPXW,2026-10-13,P,7905.0,7753.0698,142.0,1.0,155.2,3.0,89.47,0.0,3.0,0.0846,-0.9749,0.0008,-0.3038,0.6496,-1.0556
2026-10-08T19:20:44Z,2026-10-08 19:20:10,SPXW,2026-10-13,C,7910.0,7753.0698,0.55,188.0,0.6,110.0,0.6,418.0,445.0,0.0817,0.022,0.0007,-0.3212,0.5894,0.0227
2026-10-08T19:20:44Z,2026-10-08 19:20:10,SPXW,2026-10-13,P,7910.0,7753.0698,146.8,1.0,160.2,2.0,117.53,1.0,4.0,0.0853,-0.9779,0.0007,-0.2632,0.5894,-1.0595
2026-10-08T19:20:44Z,2026-10-08 19:20:10,SPXW,2026-10-13,C,7915.0,7753.0698,0.45,392.0,0.55,403.0,0.5,111.0,128.0,0.0822,0.0194,0.0006,-0.2875,0.5357,0.0201
2026-10-08T19:20:44Z,2026-10-08 19:20:10,SPXW,2026-10-13,P,7915.0,7753.0698,151.7,1.0,164.8,2.0,92.61,0.0,1.0,0.0824,-0.9805,0.0006,-0.2276,0.5357,-1.0628
2026-10-08T19:20:44Z,2026-10-08 19:20:10,SPXW,2026-10-13,C,7920.0,7753.0698,0.4,248.0,0.45,38.0,0.45,174.0,316.0,0.0831,0.0172,0.0006,-0.2583,0.4879,0.0178
2026-10-08T19:20:44Z,2026-10-08 19:20:10,SPXW,2026-10-13,P,7920.0,7753.0698,156.6,1.0,169.6,2.0,102.05,0.0,4.0,0.0807,-0.9827,0.0006,-0.1965,0.4879,-1.0658
2026-10-08T19:20:44Z,2026-10-08 19:20:10,SPXW,2026-10-13,C,7925.0,7753.0698,0.35,148.0,0.4,54.0,0.4,315.0,843.0,0.0831,0.0153,0.0005,-0.2329,0.4453,0.0158
2026-10-08T19:20:44Z,2026-10-08 19:20:10,SPXW,2026-10-13,P,7925.0,7753.0698,161.6,1.0,175.3,2.0,242.8,0.0,1.0,0.0914,-0.9846,0.0005,-0.1693,0.4453,-1.0685
2026-10-08T19:20:44Z,2026-10-08 19:20:10,SPXW,2026-10-13,C,7930.0,7753.0698,0.3,380.0,0.35,42.0,0.35,247.0,341.0,0.0844,0.0137,0.0004,-0.2111,0.4074,0.0141
2026-10-08T19:20:44Z,2026-10-08 19:20:10,SPXW,2026-10-13,P,7930.0,7753.0698,166.5,1.0,180.3,1.0,154.62,4.0,4.0,0.0927,-0.9862,0.0004,-0.1455,0.4074,-1.0708
2026-10-08T19:20:44Z,2026-10-08 19:20:10,SPXW,2026-10-13,C,7935.0,7753.0698,0.25,446.0,0.35,387.0,0.35,409.0,50.0,0.0848,0.0123,0.0004,-0.1921,0.374,0.0126
2026-10-08T19:20:44Z,2026-10-08 19:20:10,SPXW,2026-10-13,P,7935.0,7753.0698,171.5,1.0,185.0,1.0,0.0,0.0,0.0,0.0915,-0.9876,0.0004,-0.1247,0.374,-1.073
2026-10-08T19:20:44Z,2026-10-08 19:20:10,SPXW,2026-10-13,C,7940.0,7753.0698,0.25,67.0,0.3,130.0,0.25,120.0,328.0,0.0859,0.0111,0.0004,-0.1758,0.3445,0.0114
2026-10-08T19:20:44Z,2026-10-08 19:20:10,SPXW,2026-10-13,P,7940.0,7753.0698,176.5,1.0,190.2,1.0,157.75,1.0,0.0,0.0962,-0.9888,0.0004,-0.1064,0.3445,-1.0749
2026-10-08T19:20:44Z,2026-10-08 19:20:10,SPXW,2026-10-13,C,7945.0,7753.0698,0.2,522.0,0.3,475.0,0.25,450.0,103.0,0.0868,0.0101,0.0003,-0.1617,0.3183,0.0103
2026-10-08T19:20:44Z,2026-10-08 19:20:10,SPXW,2026-10-13,P,7945.0,7753.0698,181.4,1.0,194.5,1.0,0.0,0.0,0.0,0.0859,-0.9899,0.0003,-0.0904,0.3183,-1.0766
2026-10-08T19:20:44Z,2026-10-08 19:20:10,SPXW,2026-10-13,C,7950.0,7753.0698,0.2,98.0,0.25,120.0,0.25,200.0,862.0,0.0877,0.0092,0.0003,-0.1498,0.2956,0.0094
2026-10-08T19:20:44Z,2026-10-08 19:20:10,SPXW,2026-10-13,P,7950.0,7753.0698,186.4,1.0,199.8,1.0,0.0,0.0,0.0,0.0938,-0.9908,0.0003,-0.0764,0.2952,-1.0782
2026-10-08T19:20:44Z,2026-10-08 19:20:10,SPXW,2026-10-13,C,7955.0,7753.0698,0.15,577.0,0.25,505.0,0.25,523.0,309.0,0.0884,0.0084,0.0003,-0.1393,0.2751,0.0086
2026-10-08T19:20:44Z,2026-10-08 19:20:10,SPXW,2026-10-13,P,7955.0,7753.0698,191.4,1.0,205.1,1.0,0.0,0.0,0.0,0.1004,-0.9915,0.0003,-0.064,0.2747,-1.0797
2026-10-08T19:20:44Z,2026-10-08 19:20:10,SPXW,2026-10-13,C,7960.0,7753.0698,0.15,367.0,0.25,517.0,0.15,157.0,562.0,0.0903,0.0078,0.0003,-0.1302,0.2571,0.008
2026-10-08T19:20:44Z,2026-10-08 19:20:10,SPXW,2026-10-13,P,7960.0,7753.0698,196.5,1.0,210.2,1.0,0.0,0.0,0.0,0.1052,-0.9922,0.0003,-0.0532,0.2567,-1.0811
2026-10-08T19:20:44Z,2026-10-08 19:20:10,SPXW,2026-10-13,C,7965.0,7753.0698,0.15,113.0,0.2,220.0,0.22,8.0,170.0,0.0908,0.0072,0.0002,-0.1225,0.2412,0.0074
2026-10-08T19:20:44Z,2026-10-08 19:20:10,SPXW,2026-10-13,P,7965.0,7753.0698,201.3,1.0,214.3,1.0,0.0,0.0,0.0,0.0846,-0.9927,0.0002,-0.0435,0.2408,-1.0823
2026-10-08T19:20:44Z,2026-10-08 19:20:10,SPXW,2026-10-13,C,7970.0,7753.0698,0.1,768.0,0.2,373.0,0.2,110.0,290.0,0.0912,0.0067,0.0002,-0.1158,0.2271,0.0069
2026-10-08T19:20:44Z,2026-10-08 19:20:10,SPXW,2026-10-13,P,7970.0,7753.0698,206.3,1.0,219.9,1.0,0.0,0.0,0.0,0.1025,-0.9932,0.0002,-0.0349,0.2268,-1.0835
2026-10-08T19:20:44Z,2026-10-08 19:20:10,SPXW,2026-10-13,C,7975.0,7753.0698,0.1,747.0,0.2,537.0,0.2,199.0,570.0,0.093,0.0063,0.0002,-0.11,0.2146,0.0064
2026-10-08T19:20:44Z,2026-10-08 19:20:10,SPXW,2026-10-13,P,7975.0,7753.0698,207.2,1.0,227.7,1.0,318.0,0.0,1.0,0.0,-0.9937,0.0002,-0.0272,0.2144,-1.0846
2026-10-08T19:20:44Z,2026-10-08 19:20:10,SPXW,2026-10-13,C,7980.0,7753.0698,0.1,543.0,0.2,562.0,0.15,324.0,741.0,0.0949,0.0059,0.0002,-0.105,0.2035,0.006
2026-10-08T19:20:44Z,2026-10-08 19:20:10,SPXW,2026-10-13,P,7980.0,7753.0698,211.7,1.0,230.2,1.0,204.02,2.0,2.0,0.0,-0.994,0.0002,-0.0204,0.2033,-1.0857
2026-10-08T19:20:44Z,2026-10-08 19:20:10,SPXW,2026-10-13,C,7985.0,7753.0698,0.1,433.0,0.2,539.0,0.2,74.0,108.0,0.0968,0.0056,0.0002,-0.1007,0.1936,0.0057
2026-10-08T19:20:44Z,2026-10-08 19:20:10,SPXW,2026-10-13,P,7985.0,7753.0698,217.2,1.0,237.7,1.0,0.0,0.0,0.0,0.0,-0.9944,0.0002,-0.0142,0.1934,-1.0868
2026-10-08T19:20:44Z,2026-10-08 19:20:10,SPXW,2026-10-13,C,7990.0,7753.0698,0.1,422.0,0.2,568.0,0.1,81.0,393.0,0.0986,0.0053,0.0002,-0.097,0.1848,0.0054
2026-10-08T19:20:44Z,2026-10-08 19:20:10,SPXW,2026-10-13,P,7990.0,7753.0698,222.2,1.0,239.9,1.0,0.0,0.0,0.0,0.0,-0.9946,0.0002,-0.0086,0.1846,-1.0877
2026-10-08T19:20:44Z,2026-10-08 19:20:10,SPXW,2026-10-13,C,7995.0,7753.0698,0.1,345.0,0.15,209.0,0.15,4.0,49.0,0.0985,0.0051,0.0002,-0.0938,0.1769,0.0052
2026-10-08T19:20:44Z,2026-10-08 19:20:10,SPXW,2026-10-13,P,7995.0,7753.0698,226.7,2.0,244.9,1.0,0.0,0.0,0.0,0.0,-0.9949,0.0002,-0.0035,0.1767,-1.0887
2026-10-08T19:20:44Z,2026-10-08 19:20:10,SPXW,2026-10-13,C,8000.0,7753.0698,0.1,388.0,0.15,209.0,0.1,412.0,1476.0,0.1005,0.0048,0.0001,-0.091,0.1694,0.0049
2026-10-08T19:20:44Z,2026-10-08 19:20:10,SPXW,2026-10-13,P,8000.0,7753.0698,232.1,1.0,252.6,1.0,227.26,0.0,0.0,0.0,-0.9951,0.0001,0.0,0.1696,-1.0896
2026-10-08T19:20:44Z,2026-10-08 19:20:10,SPXW,2026-10-13,C,8005.0,7753.0698,0.1,161.0,0.15,224.0,0.2,140.0,42.0,0.1024,0.0046,0.0001,-0.0886,0.163,0.0047
2026-10-08T19:20:44Z,2026-10-08 19:20:10,SPXW,2026-10-13,P,8005.0,7753.0698,237.1,1.0,257.6,1.0,0.0,0.0,0.0,0.0,-0.9953,0.0001,0.0,0.1633,-1.0905
2026-10-08T19:20:44Z,2026-10-08 19:20:10,SPXW,2026-10-13,C,8010.0,7753.0698,0.1,97.0,0.15,291.0,0.1,122.0,53.0,0.1042,0.0045,0.0001,-0.0865,0.1573,0.0045
2026-10-08T19:20:44Z,2026-10-08 19:20:10,SPXW,2026-10-13,P,8010.0,7753.0698,242.1,1.0,262.6,1.0,0.0,0.0,0.0,0.0,-0.9955,0.0001,0.0,0.1575,-1.0913
2026-10-08T19:20:44Z,2026-10-08 19:20:10,SPXW,2026-10-13,C,8015.0,7753.0698,0.1,67.0,0.15,360.0,0.2,2.0,4.0,0.106,0.0043,0.0001,-0.0847,0.152,0.0044
2026-10-08T19:20:44Z,2026-10-08 19:20:10,SPXW,2026-10-13,P,8015.0,7753.0698,247.1,1.0,267.6,1.0,0.0,0.0,0.0,0.0,-0.9956,0.0001,0.0,0.1523,-1.0922
2026-10-08T19:20:44Z,2026-10-08 19:20:10,SPXW,2026-10-13,C,8020.0,7753.0698,0.1,65.0,0.15,347.0,0.12,2.0,4.0,0.1078,0.0042,0.0001,-0.0831,0.1473,0.0042
2026-10-08T19:20:44Z,2026-10-08 19:20:10,SPXW,2026-10-13,P,8020.0,7753.0698,252.1,1.0,272.6,1.0,0.0,0.0,0.0,0.0,-0.9958,0.0001,0.0,0.1475,-1.093
2026-10-08T19:20:44Z,2026-10-08 19:20:10,SPXW,2026-10-13,C,8025.0,7753.0698,0.05,919.0,0.15,357.0,0.15,42.0,874.0,0.1071,0.004,0.0001,-0.0817,0.1429,0.0041
2026-10-08T19:20:44Z,2026-10-08 19:20:10,SPXW,2026-10-13,P,8025.0,7753.0698,257.1,1.0,276.2,1.0,0.0,0.0,0.0,0.0,-0.9959,0.0001,0.0,0.1431,-1.0938
2026-10-08T19:20:44Z,2026-10-08 19:20:10,SPXW,2026-10-13,C,8030.0,7753.0698,0.05,932.0,0.15,367.0,0.15,100.0,9.0,0.1089,0.0039,0.0001,-0.0804,0.1388,0.004
2026-10-08T19:20:44Z,2026-10-08 19:20:10,SPXW,2026-10-13,P,8030.0,7753.0698,261.7,1.0,279.9,1.0,0.0,0.0,0.0,0.0,-0.996,0.0001,0.0,0.139,-1.0946
2026-10-08T19:20:44Z,2026-10-08 19:20:10,SPXW,2026-10-13,C,8035.0,7753.0698,0.05,877.0,0.15,502.0,0.15,0.0,55.0,0.1106,0.0038,0.0001,-0.0793,0.135,0.0039
2026-10-08T19:20:44Z,2026-10-08 19:20:10,SPXW,2026-10-13,P,8035.0,7753.0698,266.6,1.0,284.8,1.0,0.0,0.0,0.0,0.0,-0.9961,0.0001,0.0,0.1352,-1.0954
2026-10-08T19:20:44Z,2026-10-08 19:20:10,SPXW,2026-10-13,C,8040.0,7753.0698,0.05,979.0,0.15,528.0,0.15,178.0,20.0,0.1124,0.0037,0.0001,-0.0783,0.1315,0.0038
2026-10-08T19:20:44Z,2026-10-08 19:20:10,SPXW,2026-10-13,P,8040.0,7753.0698,272.1,1.0,289.3,1.0,0.0,0.0,0.0,0.0,-0.9962,0.0001,0.0,0.1317,-1.0962
2026-10-08T19:20:44Z,2026-10-08 19:20:10,SPXW,2026-10-13,C,8045.0,7753.0698,0.05,881.0,0.15,524.0,0.2,0.0,20.0,0.1141,0.0036,0.0001,-0.0774,0.1282,0.0036
2026-10-08T19:20:44Z,2026-10-08 19:20:10,SPXW,2026-10-13,P,8045.0,7753.0698,276.6,1.0,294.3,1.0,0.0,0.0,0.0,0.0,-0.9963,0.0001,0.0,0.1284,-1.097
2026-10-08T19:20:44Z,2026-10-08 19:20:10,SPXW,2026-10-13,C,8050.0,7753.0698,0.05,867.0,0.15,551.0,0.15,112.0,679.0,0.1159,0.0035,0.0001,-0.0766,0.1252,0.0036
2026-10-08T19:20:44Z,2026-10-08 19:20:10,SPXW,2026-10-13,P,8050.0,7753.0698,282.1,1.0,302.6,1.0,0.0,0.0,0.0,0.0,-0.9964,0.0001,0.0,0.1253,-1.0978
2026-10-08T19:20:44Z,2026-10-08 19:20:10,SPXW,2026-10-13,C,8060.0,7753.0698,0.05,766.0,0.15,539.0,0.15,68.0,0.0,0.1194,0.0034,0.0001,-0.0752,0.1195,0.0034
2026-10-08T19:20:44Z,2026-10-08 19:20:10,SPXW,2026-10-13,P,8060.0,7753.0698,291.6,1.0,309.8,1.0,0.0,0.0,0.0,0.0,-0.9966,0.0001,0.0,0.1197,-1.0993
2026-10-08T19:20:44Z,2026-10-08 19:20:10,SPXW,2026-10-13,C,8070.0,7753.0698,0.05,768.0,0.15,600.0,0.1,11.0,0.0,0.1228,0.0032,0.0001,-0.074,0.1144,0.0032
2026-10-08T19:20:44Z,2026-10-08 19:20:10,SPXW,2026-10-13,P,8070.0,7753.0698,302.1,1.0,322.6,1.0,0.0,0.0,0.0,0.0,-0.9967,0.0001,0.0,0.1146,-1.1008
2026-10-08T19:20:44Z,2026-10-08 19:20:10,SPXW,2026-10-13,C,8075.0,7753.0698,0.05,764.0,0.15,588.0,0.1,82.0,522.0,0.1246,0.0032,0.0001,-0.0734,0.1121,0.0032
2026-10-08T19:20:44Z,2026-10-08 19:20:10,SPXW,2026-10-13,P,8075.0,7753.0698,307.1,1.0,324.1,1.0,0.0,0.0,0.0,0.0,-0.9968,0.0001,0.0,0.1122,-1.1016
2026-10-08T19:20:44Z,2026-10-08 19:20:10,SPXW,2026-10-13,C,8080.0,7753.0698,0.05,760.0,0.15,595.0,0.0,0.0,0.0,0.1263,0.0031,0.0001,-0.0729,0.1098,0.0031
2026-10-08T19:20:44Z,2026-10-08 19:20:10,SPXW,2026-10-13,P,8080.0,7753.0698,312.1,1.0,329.2,1.0,0.0,0.0,0.0,0.0,-0.9968,0.0001,0.0,0.11,-1.1023
2026-10-08T19:20:44Z,2026-10-08 19:20:10,SPXW,2026-10-13,C,8090.0,7753.0698,0.05,748.0,0.15,609.0,0.15,50.0,0.0,0.1297,0.003,0.0001,-0.072,0.1056,0.003
2026-10-08T19:20:44Z,2026-10-08 19:20:10,SPXW,2026-10-13,P,8090.0,7753.0698,322.1,1.0,342.6,1.0,0.0,0.0,0.0,0.0,-0.997,0.0001,0.0,0.1058,-1.1038
2026-10-08T19:20:44Z,2026-10-08 19:20:10,SPXW,2026-10-13,C,8100.0,7753.0698,0.05,772.0,0.15,626.0,0.1,12.0,538.0,0.1332,0.0029,0.0001,-0.0711,0.1017,0.0029
2026-10-08T19:20:44Z,2026-10-08 19:20:10,SPXW,2026-10-13,P,8100.0,7753.0698,332.1,1.0,349.8,1.0,316.4,0.0,1.0,0.0,-0.9971,0.0001,0.0,0.1019,-1.1053
2026-10-08T19:20:44Z,2026-10-08 19:20:10,SPXW,2026-10-13,C,8110.0,7753.0698,0.05,742.0,0.15,620.0,0.0,0.0,0.0,0.1366,0.0028,0.0001,-0.0703,0.0981,0.0028
2026-10-08T19:20:44Z,2026-10-08 19:20:10,SPXW,2026-10-13,P,8110.0,7753.0698,342.1,1.0,362.6,1.0,0.0,0.0,0.0,0.0,-0.9972,0.0001,0.0,0.0983,-1.1067
2026-10-08T19:20:44Z,2026-10-08 19:20:10,SPXW,2026-10-13,C,8120.0,7753.0698,0.05,646.0,0.15,628.0,0.0,0.0,0.0,0.14,0.0027,0.0001,-0.0696,0.0947,0.0027
2026-10-08T19:20:44Z,2026-10-08 19:20:10,SPXW,2026-10-13,P,8120.0,7753.0698,352.1,1.0,372.6,1.0,0.0,0.0,0.0,0.0,-0.9973,0.0001,0.0,0.0949,-1.1082
2026-10-08T19:20:44Z,2026-10-08 19:20:10,SPXW,2026-10-13,C,8125.0,7753.0698,0.05,725.0,0.15,634.0,0.25,0.0,44.0,0.1417,0.0026,0.0001,-0.0692,0.0931,0.0027
2026-10-08T19:20:44Z,2026-10-08 19:20:10,SPXW,2026-10-13,P,8125.0,7753.0698,357.0,1.0,377.5,1.0,0.0,0.0,0.0,0.0,-0.9973,0.0001,0.0,0.0933,-1.1089
2026-10-08T19:20:44Z,2026-10-08 19:20:10,SPXW,2026-10-13,C,8130.0,7753.0698,0.05,635.0,0.15,619.0,0.0,0.0,0.0,0.1434,0.0026,0.0001,-0.0688,0.0916,0.0026
2026-10-08T19:20:44Z,2026-10-08 19:20:10,SPXW,2026-10-13,P,8130.0,7753.0698,362.0,1.0,382.5,1.0,0.0,0.0,0.0,0.0,-0.9974,0.0001,0.0,0.0917,-1.1097
2026-10-08T19:20:44Z,2026-10-08 19:20:10,SPXW,2026-10-13,C,8150.0,7753.0698,0.05,640.0,0.15,656.0,0.1,2.0,11.0,0.1498,0.0024,0.0001,-0.0677,0.0862,0.0025
2026-10-08T19:20:44Z,2026-10-08 19:20:10,SPXW,2026-10-13,P,8150.0,7753.0698,381.5,1.0,398.5,1.0,0.0,0.0,0.0,0.0,-0.9975,0.0001,0.0,0.0859,-1.1126
2026-10-08T19:20:44Z,2026-10-08 19:20:10,SPXW,2026-10-13,C,8175.0,7753.0698,0.05,355.0,0.15,646.0,0.15,0.0,2.0,0.1585,0.0023,0.0,-0.0659,0.0794,0.0023
2026-10-08T19:20:44Z,2026-10-08 19:20:10,SPXW,2026-10-13,P,8175.0,7753.0698,407.0,1.0,427.5,1.0,0.0,0.0,0.0,0.0,-0.9977,0.0,0.0,0.0795,-1.1162
2026-10-08T19:20:44Z,2026-10-08 19:20:10,SPXW,2026-10-13,C,8200.0,7753.0698,0.05,363.0,0.1,62.0,0.25,0.0,93.0,0.1668,0.0021,0.0,-0.0643,0.0738,0.0021
2026-10-08T19:20:44Z,2026-10-08 19:20:10,SPXW,2026-10-13,P,8200.0,7753.0698,432.0,1.0,449.1,1.0,0.0,0.0,0.0,0.0,-0.9978,0.0,0.0,0.0739,-1.1197
2026-10-08T19:20:44Z,2026-10-08 19:20:10,SPXW,2026-10-13,C,8225.0,7753.0698,0.05,335.0,0.1,122.0,0.1,2.0,2.0,0.1704,0.002,0.0,-0.0629,0.0689,0.002
2026-10-08T19:20:44Z,2026-10-08 19:20:10,SPXW,2026-10-13,P,8225.0,7753.0698,457.0,1.0,475.8,1.0,0.0,0.0,0.0,0.0,-0.998,0.0,0.0,0.0689,-1.1233
2026-10-08T19:20:44Z,2026-10-08 19:20:10,SPXW,2026-10-13,C,8250.0,7753.0698,0.05,304.0,0.1,138.0,0.5,0.0,3.0,0.1786,0.0018,0.0,-0.0614,0.0643,0.0018
2026-10-08T19:20:44Z,2026-10-08 19:20:10,SPXW,2026-10-13,P,8250.0,7753.0698,482.0,1.0,501.0,1.0,0.0,0.0,0.0,0.0,-0.9981,0.0,0.0,0.0644,-1.1268
2026-10-08T19:20:44Z,2026-10-08 19:20:10,SPXW,2026-10-13,C,8275.0,7753.0698,0.05,249.0,0.1,138.0,0.17,0.0,85.0,0.1866,0.0017,0.0,-0.06,0.0603,0.0017
2026-10-08T19:20:44Z,2026-10-08 19:20:10,SPXW,2026-10-13,P,8275.0,7753.0698,507.0,1.0,524.2,1.0,0.0,0.0,0.0,0.0,-0.9982,0.0,0.0,0.0604,-1.1304
2026-10-08T19:20:44Z,2026-10-08 19:20:10,SPXW,2026-10-13,C,8300.0,7753.0698,0.05,120.0,0.1,138.0,0.12,0.0,79.0,0.1945,0.0016,0.0,-0.0586,0.0566,0.0016
2026-10-08T19:20:44Z,2026-10-08 19:20:10,SPXW,2026-10-13,P,8300.0,7753.0698,531.9,1.0,552.4,1.0,0.0,0.0,0.0,0.0,-0.9983,0.0,0.0,0.0567,-1.1339
2026-10-08T19:20:44Z,2026-10-08 19:20:10,SPXW,2026-10-13,C,8325.0,7753.0698,0.0,0.0,0.1,283.0,0.0,0.0,0.0,0.2022,0.0015,0.0,-0.0573,0.0534,0.0015
2026-10-08T19:20:44Z,2026-10-08 19:20:10,SPXW,2026-10-13,P,8325.0,7753.0698,556.9,1.0,577.4,1.0,0.0,0.0,0.0,0.0,-0.9984,0.0,0.0,0.0534,-1.1374
2026-10-08T19:20:44Z,2026-10-08 19:20:10,SPXW,2026-10-13,C,8350.0,7753.0698,0.0,0.0,0.1,460.0,0.0,0.0,0.0,0.2032,0.0014,0.0,-0.0558,0.0502,0.0014
2026-10-08T19:20:44Z,2026-10-08 19:20:10,SPXW,2026-10-13,P,8350.0,7753.0698,581.9,1.0,602.4,1.0,0.0,0.0,0.0,0.0,-0.9985,0.0,0.0,0.0503,-1.1409
2026-10-08T19:20:44Z,2026-10-08 19:20:10,SPXW,2026-10-13,C,8400.0,7753.0698,0.0,0.0,0.1,502.0,0.07,0.0,24.0,0.2183,0.0013,0.0,-0.0532,0.0448,0.0013
2026-10-08T19:20:44Z,2026-10-08 19:20:10,SPXW,2026-10-13,P,8400.0,7753.0698,631.9,1.0,652.4,1.0,0.0,0.0,0.0,0.0,-0.9987,0.0,0.0,0.0449,-1.1479
2026-10-08T19:20:44Z,2026-10-08 19:20:10,SPXW,2026-10-13,C,8500.0,7753.0698,0.0,0.0,0.1,609.0,0.1,0.0,50.0,0.2479,0.001,0.0,-0.0481,0.0363,0.001
2026-10-08T19:20:44Z,2026-10-08 19:20:10,SPXW,2026-10-13,P,8500.0,7753.0698,731.8,1.0,752.3,1.0,0.0,0.0,0.0,0.0,-0.9989,0.0,0.0,0.0364,-1.1619
2026-10-08T19:20:44Z,2026-10-08 19:20:10,SPXW,2026-10-14,C,7000.0,7753.0698,752.1,1.0,768.5,1.0,727.8,0.0,67.0,0.3957,0.995,0.0,0.0,0.1515,1.143
2026-10-08T19:20:44Z,2026-10-08 19:20:10,SPXW,2026-10-14,P,7000.0,7753.0698,0.45,109.0,0.5,162.0,0.35,2.0,420.0,0.3123,-0.0049,0.0,-0.2763,0.1516,-0.0061
2026-10-08T19:20:44Z,2026-10-08 19:20:10,SPXW,2026-10-14,C,7025.0,7753.0698,723.1,3.0,743.6,1.0,0.0,0.0,0.0,0.33,0.9947,0.0,-0.0084,0.161,1.1467
2026-10-08T19:20:44Z,2026-10-08 19:20:10,SPXW,2026-10-14,P,7025.0,7753.0698,0.45,309.0,0.55,547.0,0.35,0.0,66.0,0.3042,-0.0052,0.0,-0.2868,0.1611,-0.0065
2026-10-08T19:20:44Z,2026-10-08 19:20:10,SPXW,2026-10-14,C,7050.0,7753.0698,701.6,1.0,718.6,1.0,0.0,0.0,0.0,0.3674,0.9943,0.0,-0.0291,0.1713,1.1504
2026-10-08T19:20:44Z,2026-10-08 19:20:10,SPXW,2026-10-14,P,7050.0,7753.0698,0.5,91.0,0.55,163.0,0.6,2.0,625.0,0.2961,-0.0056,0.0,-0.298,0.1714,-0.007
2026-10-08T19:20:44Z,2026-10-08 19:20:10,SPXW,2026-10-14,C,7075.0,7753.0698,675.7,1.0,693.7,1.0,0.0,0.0,0.0,0.3469,0.9939,0.0001,-0.0506,0.1825,1.1539
2026-10-08T19:20:44Z,2026-10-08 19:20:10,SPXW,2026-10-14,P,7075.0,7753.0698,0.5,298.0,0.6,528.0,0.35,0.0,126.0,0.2878,-0.006,0.0001,-0.31,0.1826,-0.0075
2026-10-08T19:20:44Z,2026-10-08 19:20:10,SPXW,2026-10-14,C,7100.0,7753.0698,648.3,2.0,668.7,1.0,0.0,0.0,0.0,0.3022,0.9935,0.0001,-0.073,0.1948,1.1575
2026-10-08T19:20:44Z,2026-10-08 19:20:10,SPXW,2026-10-14,P,7100.0,7753.0698,0.55,90.0,0.6,123.0,0.55,17.0,663.0,0.2795,-0.0065,0.0001,-0.3228,0.1947,-0.008
2026-10-08T19:20:44Z,2026-10-08 19:20:10,SPXW,2026-10-14,C,7125.0,7753.0698,626.2,1.0,643.7,1.0,0.0,0.0,0.0,0.3285,0.993,0.0001,-0.0965,0.2083,1.161
2026-10-08T19:20:44Z,2026-10-08 19:20:10,SPXW,2026-10-14,P,7125.0,7753.0698,0.55,309.0,0.65,461.0,0.6,5.0,140.0,0.2709,-0.007,0.0001,-0.3367,0.2082,-0.0086
2026-10-08T19:20:44Z,2026-10-08 19:20:10,SPXW,2026-10-14,C,7150.0,7753.0698,600.6,1.0,618.8,1.0,0.0,0.0,0.0,0.3115,0.9924,0.0001,-0.121,0.2233,1.1644
2026-10-08T19:20:44Z,2026-10-08 19:20:10,SPXW,2026-10-14,P,7150.0,7753.0698,0.6,157.0,0.65,50.0,0.45,9.0,124.0,0.2623,-0.0075,0.0001,-0.3518,0.2233,-0.0093
2026-10-08T19:20:44Z,2026-10-08 19:20:10,SPXW,2026-10-14,C,7175.0,7753.0698,574.8,1.0,594.3,1.0,0.0,0.0,0.0,0.2966,0.9918,0.0001,-0.1468,0.2402,1.1677
2026-10-08T19:20:44Z,2026-10-08 19:20:10,SPXW,2026-10-14,P,7175.0,7753.0698,0.65,69.0,0.7,89.0,0.69,6.0,151.0,0.2546,-0.0081,0.0001,-0.368,0.2401,-0.0101
2026-10-08T19:20:44Z,2026-10-08 19:20:10,SPXW,2026-10-14,C,7180.0,7753.0698,571.5,1.0,588.9,1.0,0.0,0.0,0.0,0.3069,0.9916,0.0001,-0.1521,0.2438,1.1684
2026-10-08T19:20:44Z,2026-10-08 19:20:10,SPXW,2026-10-14,P,7180.0,7753.0698,0.65,164.0,0.7,58.0,0.0,0.0,0.0,0.2526,-0.0083,0.0001,-0.3715,0.2437,-0.0103
2026-10-08T19:20:44Z,2026-10-08 19:20:10,SPXW,2026-10-14,C,7190.0,7753.0698,562.6,1.0,579.1,1.0,0.0,0.0,0.0,0.3129,0.9914,0.0001,-0.1629,0.2512,1.1696
2026-10-08T19:20:44Z,2026-10-08 19:20:10,SPXW,2026-10-14,P,7190.0,7753.0698,0.65,305.0,0.7,49.0,0.0,0.0,0.0,0.2494,-0.0086,0.0001,-0.379,0.2517,-0.0107
2026-10-08T19:20:44Z,2026-10-08 19:20:10,SPXW,2026-10-14,C,7200.0,7753.0698,551.0,1.0,568.9,1.0,0.0,0.0,0.0,0.2928,0.9911,0.0001,-0.174,0.259,1.1709
2026-10-08T19:20:44Z,2026-10-08 19:20:10,SPXW,2026-10-14,P,7200.0,7753.0698,0.7,73.0,0.75,356.0,0.75,135.0,305.0,0.2468,-0.0089,0.0001,-0.3859,0.259,-0.011
2026-10-08T19:20:44Z,2026-10-08 19:20:10,SPXW,2026-10-14,C,7210.0,7753.0698,539.5,1.0,558.9,1.0,0.0,0.0,0.0,0.2725,0.9908,0.0001,-0.1854,0.2671,1.1722
2026-10-08T19:20:44Z,2026-10-08 19:20:10,SPXW,2026-10-14,P,7210.0,7753.0698,0.7,151.0,0.75,56.0,1.43,0.0,5.0,0.2427,-0.0092,0.0001,-0.3934,0.2671,-0.0114
2026-10-08T19:20:44Z,2026-10-08 19:20:10,SPXW,2026-10-14,C,7220.0,7753.0698,529.4,1.0,549.4,1.0,0.0,0.0,0.0,0.2724,0.9904,0.0001,-0.1971,0.2756,1.1734
2026-10-08T19:20:44Z,2026-10-08 19:20:10,SPXW,2026-10-14,P,7220.0,7753.0698,0.7,293.0,0.75,48.0,1.05,0.0,31.0,0.2397,-0.0095,0.0001,-0.4013,0.2756,-0.0118
2026-10-08T19:20:44Z,2026-10-08 19:20:10,SPXW,2026-10-14,C,7225.0,7753.0698,525.8,1.0,544.2,1.0,495.6,0.0,5.0,0.2818,0.9903,0.0001,-0.2031,0.28,1.174
2026-10-08T19:20:44Z,2026-10-08 19:20:10,SPXW,2026-10-14,P,7225.0,7753.0698,0.7,218.0,0.8,364.0,0.63,1.0,69.0,0.2376,-0.0097,0.0001,-0.4054,0.2799,-0.012
2026-10-08T19:20:44Z,2026-10-08 19:20:10,SPXW,2026-10-14,C,7230.0,7753.0698,519.5,1.0,539.5,2.0,0.0,0.0,0.0,0.2698,0.9901,0.0001,-0.2092,0.2844,1.1746
2026-10-08T19:20:44Z,2026-10-08 19:20:10,SPXW,2026-10-14,P,7230.0,7753.0698,0.75,73.0,0.8,309.0,1.53,0.0,6.0,0.2366,-0.0098,0.0001,-0.4096,0.2844,-0.0122
2026-10-08T19:20:44Z,2026-10-08 19:20:10,SPXW,2026-10-14,C,7240.0,7753.0698,509.6,1.0,529.0,1.0,0.0,0.0,0.0,0.2609,0.9897,0.0001,-0.2215,0.2937,1.1758
2026-10-08T19:20:44Z,2026-10-08 19:20:10,SPXW,2026-10-14,P,7240.0,7753.0698,0.75,153.0,0.8,55.0,1.0,1.0,12.0,0.2325,-0.0102,0.0001,-0.4182,0.2937,-0.0127
2026-10-08T19:20:44Z,2026-10-08 19:20:10,SPXW,2026-10-14,C,7250.0,7753.0698,501.1,1.0,519.0,1.0,521.87,0.0,5.0,0.2707,0.9893,0.0001,-0.2343,0.3035,1.1769
2026-10-08T19:20:44Z,2026-10-08 19:20:10,SPXW,2026-10-14,P,7250.0,7753.0698,0.75,214.0,0.85,386.0,0.78,5.0,771.0,0.2294,-0.0106,0.0001,-0.4271,0.3034,-0.0132
2026-10-08T19:20:44Z,2026-10-08 19:20:10,SPXW,2026-10-14,C,7260.0,7753.0698,491.5,1.0,509.5,1.0,0.0,0.0,0.0,0.2733,0.9889,0.0001,-0.2475,0.3138,1.178
2026-10-08T19:20:44Z,2026-10-08 19:20:10,SPXW,2026-10-14,P,7260.0,7753.0698,0.8,141.0,0.85,54.0,0.8,101.0,23.0,0.2262,-0.011,0.0001,-0.4365,0.3137,-0.0137
2026-10-08T19:20:44Z,2026-10-08 19:20:10,SPXW,2026-10-14,C,7270.0,7753.0698,482.0,1.0,499.6,1.0,0.0,0.0,0.0,0.2729,0.9885,0.0001,-0.2611,0.3246,1.1792
2026-10-08T19:20:44Z,2026-10-08 19:20:10,SPXW,2026-10-14,P,7270.0,7753.0698,0.8,229.0,0.9,400.0,0.8,1.0,90.0,0.2229,-0.0114,0.0001,-0.4463,0.3246,-0.0142
2026-10-08T19:20:44Z,2026-10-08 19:20:10,SPXW,2026-10-14,C,7275.0,7753.0698,473.6,3.0,494.1,1.0,449.45,0.0,5.0,0.2344,0.9883,0.0001,-0.2681,0.3303,1.1797
2026-10-08T19:20:44Z,2026-10-08 19:20:10,SPXW,2026-10-14,P,7275.0,7753.0698,0.8,219.0,0.9,217.0,0.85,45.0,553.0,0.2208,-0.0117,0.0001,-0.4514,0.3302,-0.0145
2026-10-08T19:20:44Z,2026-10-08 19:20:10,SPXW,2026-10-14,C,7280.0,7753.0698,468.7,2.0,489.1,1.0,443.3,0.0,1.0,0.2334,0.988,0.0001,-0.2752,0.3362,1.1802
2026-10-08T19:20:44Z,2026-10-08 19:20:10,SPXW,2026-10-14,P,7280.0,7753.0698,0.85,71.0,0.9,53.0,0.85,1.0,19.0,0.2196,-0.0119,0.0001,-0.4566,0.3361,-0.0148
2026-10-08T19:20:44Z,2026-10-08 19:20:10,SPXW,2026-10-14,C,7290.0,7753.0698,461.0,1.0,479.2,1.0,0.0,0.0,0.0,0.2524,0.9875,0.0001,-0.2899,0.3484,1.1813
2026-10-08T19:20:44Z,2026-10-08 19:20:10,SPXW,2026-10-14,P,7290.0,7753.0698,0.85,223.0,0.95,375.0,0.85,7.0,31.0,0.2163,-0.0124,0.0001,-0.4675,0.3483,-0.0154
2026-10-08T19:20:44Z,2026-10-08 19:20:10,SPXW,2026-10-14,C,7300.0,7753.0698,451.0,1.0,469.2,1.0,475.62,0.0,5.0,0.2476,0.987,0.0002,-0.3051,0.3614,1.1822
2026-10-08T19:20:44Z,2026-10-08 19:20:10,SPXW,2026-10-14,P,7300.0,7753.0698,0.9,77.0,0.95,51.0,0.9,21.0,460.0,0.2129,-0.0129,0.0002,-0.4789,0.3614,-0.0161
2026-10-08T19:20:44Z,2026-10-08 19:20:10,SPXW,2026-10-14,C,7310.0,7753.0698,442.5,1.0,459.7,1.0,0.0,0.0,0.0,0.2572,0.9864,0.0002,-0.321,0.3753,1.1832
2026-10-08T19:20:44Z,2026-10-08 19:20:10,SPXW,2026-10-14,P,7310.0,7753.0698,0.9,229.0,1.0,212.0,0.9,1.0,68.0,0.2095,-0.0135,0.0002,-0.491,0.3752,-0.0168
2026-10-08T19:20:44Z,2026-10-08 19:20:10,SPXW,2026-10-14,C,7320.0,7753.0698,432.2,1.0,449.7,1.0,0.0,0.0,0.0,0.2503,0.9858,0.0002,-0.3376,0.39,1.1841
2026-10-08T19:20:44Z,2026-10-08 19:20:10,SPXW,2026-10-14,P,7320.0,7753.0698,0.95,156.0,1.0,43.0,0.95,2.0,44.0,0.206,-0.0141,0.0002,-0.5038,0.3899,-0.0176
2026-10-08T19:20:44Z,2026-10-08 19:20:10,SPXW,2026-10-14,C,7325.0,7753.0698,427.8,1.0,444.3,1.0,0.0,0.0,0.0,0.2491,0.9855,0.0002,-0.3462,0.3977,1.1845
2026-10-08T19:20:44Z,2026-10-08 19:20:10,SPXW,2026-10-14,P,7325.0,7753.0698,0.95,224.0,1.05,208.0,0.95,43.0,194.0,0.2046,-0.0144,0.0002,-0.5105,0.3976,-0.018
2026-10-08T19:20:44Z,2026-10-08 19:20:10,SPXW,2026-10-14,C,7330.0,7753.0698,418.8,3.0,439.3,1.0,0.0,0.0,0.0,0.2142,0.9852,0.0002,-0.3551,0.4056,1.1849
2026-10-08T19:20:44Z,2026-10-08 19:20:10,SPXW,2026-10-14,P,7330.0,7753.0698,1.0,82.0,1.05,103.0,1.0,17.0,37.0,0.2032,-0.0147,0.0002,-0.5175,0.4055,-0.0184
2026-10-08T19:20:44Z,2026-10-08 19:20:10,SPXW,2026-10-14,C,7335.0,7753.0698,418.0,1.0,434.7,1.0,0.0,0.0,0.0,0.2485,0.9848,0.0002,-0.3641,0.4137,1.1853
2026-10-08T19:20:44Z,2026-10-08 19:20:10,SPXW,2026-10-14,P,7335.0,7753.0698,1.0,162.0,1.05,43.0,1.0,1.0,0.0,0.2018,-0.0151,0.0002,-0.5246,0.4136,-0.0188
2026-10-08T19:20:44Z,2026-10-08 19:20:10,SPXW,2026-10-14,C,7340.0,7753.0698,412.9,1.0,429.8,2.0,0.0,0.0,0.0,0.2453,0.9845,0.0002,-0.3734,0.4222,1.1856
2026-10-08T19:20:44Z,2026-10-08 19:20:10,SPXW,2026-10-14,P,7340.0,7753.0698,1.0,228.0,1.1,204.0,1.0,2.0,45.0,0.1997,-0.0154,0.0002,-0.532,0.4221,-0.0193
2026-10-08T19:20:44Z,2026-10-08 19:20:10,SPXW,2026-10-14,C,7345.0,7753.0698,408.1,1.0,424.4,1.0,0.0,0.0,0.0,0.2416,0.9841,0.0002,-0.383,0.4309,1.186
2026-10-08T19:20:44Z,2026-10-08 19:20:10,SPXW,2026-10-14,P,7345.0,7753.0698,1.05,160.0,1.1,42.0,1.05,1.0,0.0,0.1982,-0.0158,0.0002,-0.5397,0.4308,-0.0197
2026-10-08T19:20:44Z,2026-10-08 19:20:10,SPXW,2026-10-14,C,7350.0,7753.0698,403.0,1.0,419.7,2.0,0.0,0.0,0.0,0.2403,0.9837,0.0002,-0.3929,0.4399,1.1863
2026-10-08T19:20:44Z,2026-10-08 19:20:10,SPXW,2026-10-14,P,7350.0,7753.0698,1.05,217.0,1.15,247.0,1.05,132.0,282.0,0.1967,-0.0162,0.0002,-0.5477,0.4398,-0.0202
2026-10-08T19:20:44Z,2026-10-08 19:20:10,SPXW,2026-10-14,C,7355.0,7753.0698,395.8,1.0,414.8,1.0,0.0,0.0,0.0,0.2249,0.9833,0.0002,-0.403,0.4492,1.1866
2026-10-08T19:20:44Z,2026-10-08 19:20:10,SPXW,2026-10-14,P,7355.0,7753.0698,1.05,227.0,1.15,101.0,1.1,1.0,0.0,0.1946,-0.0166,0.0002,-0.5559,0.4491,-0.0208
2026-10-08T19:20:44Z,2026-10-08 19:20:10,SPXW,2026-10-14,C,7360.0,7753.0698,392.4,1.0,409.9,1.0,420.69,2.0,0.0,0.2329,0.9829,0.0002,-0.4135,0.4588,1.1869
2026-10-08T19:20:44Z,2026-10-08 19:20:10,SPXW,2026-10-14,P,7360.0,7753.0698,1.1,209.0,1.2,272.0,1.1,11.0,219.0,0.1937,-0.017,0.0002,-0.5645,0.4587,-0.0213
2026-10-08T19:20:44Z,2026-10-08 19:20:10,SPXW,2026-10-14,C,7365.0,7753.0698,384.9,1.0,404.5,1.0,0.0,0.0,0.0,0.2102,0.9825,0.0002,-0.4243,0.4688,1.1872
2026-10-08T19:20:44Z,2026-10-08 19:20:10,SPXW,2026-10-14,P,7365.0,7753.0698,1.1,228.0,1.2,100.0,1.15,4.0,19.0,0.1915,-0.0174,0.0002,-0.5734,0.4687,-0.0218
2026-10-08T19:20:44Z,2026-10-08 19:20:10,SPXW,2026-10-14,C,7370.0,7753.0698,382.5,1.0,399.5,1.0,316.64,0.0,30.0,0.226,0.982,0.0002,-0.4354,0.4793,1.1874
2026-10-08T19:20:44Z,2026-10-08 19:20:10,SPXW,2026-10-14,P,7370.0,7753.0698,1.15,208.0,1.25,269.0,1.15,8.0,99.0,0.1906,-0.0179,0.0002,-0.5826,0.4792,-0.0224
2026-10-08T19:20:44Z,2026-10-08 19:20:10,SPXW,2026-10-14,C,7375.0,7753.0698,375.8,1.0,395.0,2.0,0.0,0.0,0.0,0.2158,0.9815,0.0002,-0.4469,0.4901,1.1877
2026-10-08T19:20:44Z,2026-10-08 19:20:10,SPXW,2026-10-14,P,7375.0,7753.0698,1.15,222.0,1.25,102.0,1.15,22.0,169.0,0.1884,-0.0184,0.0002,-0.5922,0.49,-0.023
2026-10-08T19:20:44Z,2026-10-08 19:20:10,SPXW,2026-10-14,C,7380.0,7753.0698,371.1,1.0,390.0,1.0,0.0,0.0,0.0,0.2154,0.981,0.0002,-0.4588,0.5015,1.1878
2026-10-08T19:20:44Z,2026-10-08 19:20:10,SPXW,2026-10-14,P,7380.0,7753.0698,1.2,206.0,1.3,236.0,1.2,13.0,52.0,0.1874,-0.0189,0.0002,-0.6022,0.5013,-0.0236
2026-10-08T19:20:44Z,2026-10-08 19:20:10,SPXW,2026-10-14,C,7385.0,7753.0698,365.8,1.0,384.6,1.0,395.97,2.0,0.0,0.2082,0.9805,0.0002,-0.4711,0.5133,1.188
2026-10-08T19:20:44Z,2026-10-08 19:20:10,SPXW,2026-10-14,P,7385.0,7753.0698,1.2,218.0,1.3,74.0,1.25,13.0,9.0,0.1852,-0.0194,0.0002,-0.6126,0.5131,-0.0243
2026-10-08T19:20:44Z,2026-10-08 19:20:10,SPXW,2026-10-14,C,7390.0,7753.0698,362.1,1.0,379.6,1.0,0.0,0.0,0.0,0.2142,0.98,0.0003,-0.4839,0.5256,1.1882
2026-10-08T19:20:44Z,2026-10-08 19:20:10,SPXW,2026-10-14,P,7390.0,7753.0698,1.25,208.0,1.35,173.0,1.25,21.0,77.0,0.1841,-0.02,0.0003,-0.6234,0.5254,-0.0249
2026-10-08T19:20:44Z,2026-10-08 19:20:10,SPXW,2026-10-14,C,7395.0,7753.0698,357.7,1.0,375.1,2.0,0.0,0.0,0.0,0.2181,0.9794,0.0003,-0.4971,0.5384,1.1883
2026-10-08T19:20:44Z,2026-10-08 19:20:10,SPXW,2026-10-14,P,7395.0,7753.0698,1.3,135.0,1.4,388.0,1.25,4.0,137.0,0.183,-0.0205,0.0003,-0.6348,0.5382,-0.0257
2026-10-08T19:20:44Z,2026-10-08 19:20:10,SPXW,2026-10-14,C,7400.0,7753.0698,352.2,1.0,369.7,1.0,317.87,0.0,2.0,0.2104,0.9788,0.0003,-0.5108,0.5517,1.1883
2026-10-08T19:20:44Z,2026-10-08 19:20:10,SPXW,2026-10-14,P,7400.0,7753.0698,1.3,208.0,1.4,111.0,1.3,217.0,348.0,0.1808,-0.0211,0.0003,-0.6466,0.5516,-0.0264
2026-10-08T19:20:44Z,2026-10-08 19:20:10,SPXW,2026-10-14,C,7405.0,7753.0698,346.5,1.0,365.2,3.0,0.0,0.0,0.0,0.2067,0.9782,0.0003,-0.525,0.5656,1.1884
2026-10-08T19:20:44Z,2026-10-08 19:20:10,SPXW,2026-10-14,P,7405.0,7753.0698,1.35,200.0,1.45,166.0,1.35,5.0,15.0,0.1795,-0.0218,0.0003,-0.6589,0.5655,-0.0272
2026-10-08T19:20:44Z,2026-10-08 19:20:10,SPXW,2026-10-14,C,7410.0,7753.0698,341.8,1.0,359.8,1.0,0.0,0.0,0.0,0.2036,0.9775,0.0003,-0.5398,0.5801,1.1883
2026-10-08T19:20:44Z,2026-10-08 19:20:10,SPXW,2026-10-14,P,7410.0,7753.0698,1.4,163.0,1.5,235.0,1.35,15.0,148.0,0.1783,-0.0224,0.0003,-0.6718,0.5799,-0.0281
2026-10-08T19:20:44Z,2026-10-08 19:20:10,SPXW,2026-10-14,C,7415.0,7753.0698,336.7,1.0,355.3,1.0,0.0,0.0,0.0,0.2035,0.9768,0.0003,-0.5552,0.5951,1.1882
2026-10-08T19:20:44Z,2026-10-08 19:20:10,SPXW,2026-10-14,P,7415.0,7753.0698,1.4,204.0,1.5,52.0,1.4,8.0,20.0,0.1761,-0.0231,0.0003,-0.6852,0.595,-0.029
2026-10-08T19:20:44Z,2026-10-08 19:20:10,SPXW,2026-10-14,C,7420.0,7753.0698,332.4,1.0,350.1,1.0,285.14,0.0,2.0,0.2037,0.9761,0.0003,-0.5712,0.6108,1.1881
2026-10-08T19:20:44Z,2026-10-08 19:20:10,SPXW,2026-10-14,P,7420.0,7753.0698,1.45,189.0,1.55,72.0,1.45,18.0,154.0,0.1748,-0.0239,0.0003,-0.6994,0.6106,-0.0299
2026-10-08T19:20:44Z,2026-10-08 19:20:10,SPXW,2026-10-14,C,7425.0,7753.0698,325.1,1.0,344.9,1.0,272.18,0.0,2.0,0.186,0.9753,0.0003,-0.5879,0.627,1.188
2026-10-08T19:20:44Z,2026-10-08 19:20:10,SPXW,2026-10-14,P,7425.0,7753.0698,1.5,181.0,1.6,90.0,1.5,5.0,208.0,0.1734,-0.0246,0.0003,-0.7142,0.6268,-0.0309
2026-10-08T19:20:44Z,2026-10-08 19:20:10,SPXW,2026-10-14,C,7430.0,7753.0698,322.0,1.0,340.2,1.0,0.0,0.0,0.0,0.197,0.9745,0.0003,-0.6053,0.644,1.1878
2026-10-08T19:20:44Z,2026-10-08 19:20:10,SPXW,2026-10-14,P,7430.0,7753.0698,1.55,177.0,1.65,127.0,1.5,14.0,74.0,0.1721,-0.0254,0.0003,-0.7296,0.6438,-0.0319
2026-10-08T19:20:44Z,2026-10-08 19:20:10,SPXW,2026-10-14,C,7435.0,7753.0698,317.2,1.0,335.0,1.0,0.0,0.0,0.0,0.1945,0.9736,0.0004,-0.6235,0.6617,1.1875
2026-10-08T19:20:44Z,2026-10-08 19:20:10,SPXW,2026-10-14,P,7435.0,7753.0698,1.6,173.0,1.7,127.0,1.55,55.0,85.0,0.1707,-0.0263,0.0004,-0.7459,0.6615,-0.033
2026-10-08T19:20:44Z,2026-10-08 19:20:10,SPXW,2026-10-14,C,7440.0,7753.0698,313.5,1.0,330.1,1.0,345.2,0.0,10.0,0.1991,0.9727,0.0004,-0.6424,0.6803,1.1872
2026-10-08T19:20:44Z,2026-10-08 19:20:10,SPXW,2026-10-14,P,7440.0,7753.0698,1.65,169.0,1.75,95.0,1.6,30.0,342.0,0.1692,-0.0272,0.0004,-0.7629,0.6801,-0.0341
2026-10-08T19:20:44Z,2026-10-08 19:20:10,SPXW,2026-10-14,C,7445.0,7753.0698,307.4,1.0,325.1,1.0,0.0,0.0,0.0,0.191,0.9718,0.0004,-0.6622,0.6997,1.1868
2026-10-08T19:20:44Z,2026-10-08 19:20:10,SPXW,2026-10-14,P,7445.0,7753.0698,1.7,163.0,1.8,82.0,1.65,6.0,98.0,0.1678,-0.0282,0.0004,-0.7808,0.6995,-0.0353
2026-10-08T19:20:44Z,2026-10-08 19:20:10,SPXW,2026-10-14,C,7450.0,7753.0698,302.2,1.0,320.4,1.0,357.82,0.0,7.0,0.189,0.9707,0.0004,-0.6828,0.7202,1.1864
2026-10-08T19:20:44Z,2026-10-08 19:20:10,SPXW,2026-10-14,P,7450.0,7753.0698,1.75,156.0,1.85,69.0,1.7,92.0,490.0,0.1662,-0.0292,0.0004,-0.7995,0.7199,-0.0366
2026-10-08T19:20:44Z,2026-10-08 19:20:10,SPXW,2026-10-14,C,7455.0,7753.0698,296.0,1.0,315.2,1.0,0.0,0.0,0.0,0.1788,0.9697,0.0004,-0.7043,0.7416,1.1858
2026-10-08T19:20:44Z,2026-10-08 19:20:10,SPXW,2026-10-14,P,7455.0,7753.0698,1.85,62.0,1.9,41.0,1.8,4.0,53.0,0.1651,-0.0302,0.0004,-0.8191,0.7413,-0.0379
2026-10-08T19:20:44Z,2026-10-08 19:20:10,SPXW,2026-10-14,C,7460.0,7753.0698,292.6,1.0,310.3,1.0,325.7,0.0,31.0,0.1853,0.9686,0.0004,-0.7268,0.7641,1.1852
2026-10-08T19:20:44Z,2026-10-08 19:20:10,SPXW,2026-10-14,P,7460.0,7753.0698,1.9,76.0,2.0,119.0,1.85,30.0,632.0,0.1638,-0.0314,0.0004,-0.8396,0.7638,-0.0393
2026-10-08T19:20:44Z,2026-10-08 19:20:10,SPXW,2026-10-14,C,7465.0,7753.0698,287.7,1.0,305.6,1.0,0.0,0.0,0.0,0.1847,0.9674,0.0004,-0.7502,0.7876,1.1846
2026-10-08T19:20:44Z,2026-10-08 19:20:10,SPXW,2026-10-14,P,7465.0,7753.0698,1.95,135.0,2.05,60.0,1.95,24.0,14.0,0.1622,-0.0326,0.0004,-0.8612,0.7873,-0.0408
2026-10-08T19:20:44Z,2026-10-08 19:20:10,SPXW,2026-10-14,C,7470.0,7753.0698,282.5,1.0,300.4,1.0,226.74,0.0,30.0,0.1802,0.9661,0.0005,-0.7747,0.8121,1.1838
2026-10-08T19:20:44Z,2026-10-08 19:20:10,SPXW,2026-10-14,P,7470.0,7753.0698,2.05,58.0,2.15,144.0,1.95,30.0,369.0,0.1613,-0.0338,0.0005,-0.8838,0.8118,-0.0424
2026-10-08T19:20:44Z,2026-10-08 19:20:10,SPXW,2026-10-14,C,7475.0,7753.0698,277.6,1.0,295.5,1.0,225.0,0.0,26.0,0.1785,0.9648,0.0005,-0.8004,0.8376,1.1829
2026-10-08T19:20:44Z,2026-10-08 19:20:10,SPXW,2026-10-14,P,7475.0,7753.0698,2.1,122.0,2.2,59.0,2.05,25.0,396.0,0.1596,-0.0351,0.0005,-0.9075,0.8373,-0.0441
2026-10-08T19:20:44Z,2026-10-08 19:20:10,SPXW,2026-10-14,C,7480.0,7753.0698,272.7,1.0,290.6,1.0,300.07,1.0,1.0,0.1769,0.9634,0.0005,-0.8271,0.8642,1.1819
2026-10-08T19:20:44Z,2026-10-08 19:20:10,SPXW,2026-10-14,P,7480.0,7753.0698,2.2,56.0,2.3,111.0,2.1,36.0,3124.0,0.1585,-0.0366,0.0005,-0.9323,0.8639,-0.046
2026-10-08T19:20:44Z,2026-10-08 19:20:10,SPXW,2026-10-14,C,7485.0,7753.0698,267.3,1.0,285.7,1.0,0.0,0.0,0.0,0.1729,0.9619,0.0005,-0.8551,0.8919,1.1808
2026-10-08T19:20:44Z,2026-10-08 19:20:10,SPXW,2026-10-14,P,7485.0,7753.0698,2.3,61.0,2.4,120.0,2.2,26.0,146.0,0.157,-0.0381,0.0005,-0.9587,0.8919,-0.0479
2026-10-08T19:20:44Z,2026-10-08 19:20:10,SPXW,2026-10-14,C,7490.0,7753.0698,262.4,1.0,280.8,1.0,316.05,0.0,6.0,0.1712,0.9603,0.0006,-0.8843,0.9208,1.1796
2026-10-08T19:20:44Z,2026-10-08 19:20:10,SPXW,2026-10-14,P,7490.0,7753.0698,2.35,120.0,2.45,23.0,2.3,6.0,233.0,0.1555,-0.0396,0.0006,-0.9857,0.9205,-0.0499
2026-10-08T19:20:44Z,2026-10-08 19:20:10,SPXW,2026-10-14,C,7495.0,7753.0698,257.9,1.0,275.9,1.0,0.0,0.0,0.0,0.1712,0.9586,0.0006,-0.9148,0.9512,1.1783
2026-10-08T19:20:44Z,2026-10-08 19:20:10,SPXW,2026-10-14,P,7495.0,7753.0698,2.45,117.0,2.55,1.0,2.4,13.0,88.0,0.1543,-0.0413,0.0006,-1.0143,0.9508,-0.052
2026-10-08T19:20:44Z,2026-10-08 19:20:10,SPXW,2026-10-14,C,7500.0,7753.0698,250.8,1.0,271.0,1.0,263.7,4.0,38.0,0.1593,0.9568,0.0006,-0.9466,0.983,1.177
2026-10-08T19:20:44Z,2026-10-08 19:20:10,SPXW,2026-10-14,P,7500.0,7753.0698,2.6,45.0,2.7,149.0,2.5,81.0,1854.0,0.1533,-0.0431,0.0006,-1.0442,0.9826,-0.0542
2026-10-08T19:20:44Z,2026-10-08 19:20:10,SPXW,2026-10-14,C,7505.0,7753.0698,247.7,1.0,266.1,1.0,174.4,0.0,1.0,0.1659,0.955,0.0006,-0.9798,1.0164,1.1754
2026-10-08T19:20:44Z,2026-10-08 19:20:10,SPXW,2026-10-14,P,7505.0,7753.0698,2.7,68.0,2.8,73.0,2.6,6.0,82.0,0.1519,-0.045,0.0006,-1.0758,1.0164,-0.0566
2026-10-08T19:20:44Z,2026-10-08 19:20:10,SPXW,2026-10-14,C,7510.0,7753.0698,244.6,1.0,261.2,1.0,187.06,0.0,3.0,0.1713,0.953,0.0006,-1.0143,1.0513,1.1738
2026-10-08T19:20:44Z,2026-10-08 19:20:10,SPXW,2026-10-14,P,7510.0,7753.0698,2.8,149.0,2.9,45.0,2.7,12.0,286.0,0.1508,-0.0469,0.0006,-1.1081,1.0509,-0.059
2026-10-08T19:20:44Z,2026-10-08 19:20:10,SPXW,2026-10-14,C,7515.0,7753.0698,239.7,1.0,256.4,1.0,0.0,0.0,0.0,0.1696,0.9509,0.0007,-1.0503,1.0878,1.1719
2026-10-08T19:20:44Z,2026-10-08 19:20:10,SPXW,2026-10-14,P,7515.0,7753.0698,2.95,63.0,3.1,255.0,3.8,18.0,132.0,0.1498,-0.049,0.0007,-1.1422,1.0873,-0.0617
2026-10-08T19:20:44Z,2026-10-08 19:20:10,SPXW,2026-10-14,C,7520.0,7753.0698,233.8,1.0,251.5,1.0,266.86,0.0,1.0,0.1639,0.9487,0.0007,-1.0878,1.1256,1.1699
2026-10-08T19:20:44Z,2026-10-08 19:20:10,SPXW,2026-10-14,P,7520.0,7753.0698,3.0,233.0,3.2,125.0,3.0,16.0,1038.0,0.1482,-0.0512,0.0007,-1.1778,1.1252,-0.0646
2026-10-08T19:20:44Z,2026-10-08 19:20:10,SPXW,2026-10-14,C,7525.0,7753.0698,228.3,1.0,246.6,1.0,295.49,0.0,4.0,0.1596,0.9463,0.0007,-1.1269,1.1648,1.1676
2026-10-08T19:20:44Z,2026-10-08 19:20:10,SPXW,2026-10-14,P,7525.0,7753.0698,3.2,115.0,3.3,21.0,3.1,40.0,627.0,0.1471,-0.0536,0.0007,-1.2149,1.1644,-0.0676
2026-10-08T19:20:44Z,2026-10-08 19:20:10,SPXW,2026-10-14,C,7530.0,7753.0698,224.6,1.0,241.8,1.0,249.49,0.0,12.0,0.1624,0.9438,0.0008,-1.1675,1.2055,1.1653
2026-10-08T19:20:44Z,2026-10-08 19:20:10,SPXW,2026-10-14,P,7530.0,7753.0698,3.3,186.0,3.5,128.0,3.3,149.0,283.0,0.146,-0.0561,0.0008,-1.2536,1.205,-0.0708
2026-10-08T19:20:44Z,2026-10-08 19:20:10,SPXW,2026-10-14,C,7535.0,7753.0698,219.1,1.0,236.9,1.0,0.0,0.0,0.0,0.1582,0.9412,0.0008,-1.2098,1.2479,1.1627
2026-10-08T19:20:44Z,2026-10-08 19:20:10,SPXW,2026-10-14,P,7535.0,7753.0698,3.5,93.0,3.7,213.0,3.4,12.0,171.0,0.1451,-0.0587,0.0008,-1.2944,1.2479,-0.0742
2026-10-08T19:20:44Z,2026-10-08 19:20:10,SPXW,2026-10-14,C,7540.0,7753.0698,213.5,1.0,232.1,1.0,202.17,0.0,2.0,0.154,0.9384,0.0008,-1.2536,1.2921,1.16
2026-10-08T19:20:44Z,2026-10-08 19:20:10,SPXW,2026-10-14,P,7540.0,7753.0698,3.7,77.0,3.8,55.0,3.6,38.0,351.0,0.1438,-0.0615,0.0008,-1.3363,1.2921,-0.0777
2026-10-08T19:20:44Z,2026-10-08 19:20:10,SPXW,2026-10-14,C,7545.0,7753.0698,210.0,1.0,223.7,1.0,216.41,1.0,2.0,0.1441,0.9354,0.0009,-1.2991,1.3383,1.1571
2026-10-08T19:20:44Z,2026-10-08 19:20:10,SPXW,2026-10-14,P,7545.0,7753.0698,3.8,177.0,4.0,79.0,3.8,42.0,240.0,0.1424,-0.0645,0.0009,-1.3799,1.3383,-0.0814
2026-10-08T19:20:44Z,2026-10-08 19:20:10,SPXW,2026-10-14,C,7550.0,7753.0698,205.5,1.0,218.3,1.0,232.0,12.0,69.0,0.1418,0.9323,0.0009,-1.3462,1.3865,1.154
2026-10-08T19:20:44Z,2026-10-08 19:20:10,SPXW,2026-10-14,P,7550.0,7753.0698,4.0,164.0,4.2,83.0,4.0,59.0,1917.0,0.1413,-0.0676,0.0009,-1.4251,1.3865,-0.0853
2026-10-08T19:20:44Z,2026-10-08 19:20:10,SPXW,2026-10-14,C,7555.0,7753.0698,201.0,3.0,214.5,1.0,0.0,0.0,0.0,0.146,0.929,0.001,-1.3949,1.4366,1.1506
2026-10-08T19:20:44Z,2026-10-08 19:20:10,SPXW,2026-10-14,P,7555.0,7753.0698,4.3,24.0,4.4,67.0,4.42,6.0,128.0,0.1401,-0.0709,0.001,-1.472,1.4366,-0.0896
2026-10-08T19:20:44Z,2026-10-08 19:20:10,SPXW,2026-10-14,C,7560.0,7753.0698,195.8,1.0,209.5,1.0,193.84,2.0,4.0,0.1418,0.9255,0.001,-1.4454,1.4882,1.1469
2026-10-08T19:20:44Z,2026-10-08 19:20:10,SPXW,2026-10-14,P,7560.0,7753.0698,4.5,66.0,4.6,25.0,4.4,27.0,786.0,0.1389,-0.0744,0.001,-1.5205,1.4882,-0.0941
2026-10-08T19:20:44Z,2026-10-08 19:20:10,SPXW,2026-10-14,C,7565.0,7753.0698,192.6,1.0,204.0,1.0,132.2,0.0,1.0,0.1433,0.9218,0.001,-1.4975,1.5413,1.143
2026-10-08T19:20:44Z,2026-10-08 19:20:10,SPXW,2026-10-14,P,7565.0,7753.0698,4.7,82.0,4.9,101.0,4.6,19.0,394.0,0.1383,-0.0781,0.001,-1.5707,1.5413,-0.0988
2026-10-08T19:20:44Z,2026-10-08 19:20:10,SPXW,2026-10-14,C,7570.0,7753.0698,188.0,1.0,200.3,1.0,216.92,9.0,37.0,0.146,0.918,0.0011,-1.5513,1.5961,1.1388
2026-10-08T19:20:44Z,2026-10-08 19:20:10,SPXW,2026-10-14,P,7570.0,7753.0698,4.9,161.0,5.1,78.0,4.8,160.0,1681.0,0.1368,-0.082,0.0011,-1.6226,1.5961,-0.1038
2026-10-08T19:20:44Z,2026-10-08 19:20:10,SPXW,2026-10-14,C,7575.0,7753.0698,183.2,1.0,194.5,1.0,196.89,0.0,150.0,0.141,0.9138,0.0012,-1.6068,1.6528,1.1344
2026-10-08T19:20:44Z,2026-10-08 19:20:10,SPXW,2026-10-14,P,7575.0,7753.0698,5.2,87.0,5.4,91.0,5.1,196.0,679.0,0.136,-0.0861,0.0012,-1.6762,1.6528,-0.109
2026-10-08T19:20:44Z,2026-10-08 19:20:10,SPXW,2026-10-14,C,7580.0,7753.0698,177.3,1.0,190.7,1.0,130.3,0.0,20.0,0.1398,0.9095,0.0012,-1.6639,1.7119,1.1298
2026-10-08T19:20:44Z,2026-10-08 19:20:10,SPXW,2026-10-14,P,7580.0,7753.0698,5.5,78.0,5.7,97.0,5.3,288.0,408.0,0.1348,-0.0904,0.0012,-1.7314,1.7119,-0.1145
2026-10-08T19:20:44Z,2026-10-08 19:20:10,SPXW,2026-10-14,C,7585.0,7753.0698,172.6,1.0,186.0,1.0,134.98,0.0,4.0,0.1386,0.9049,0.0013,-1.7226,1.7732,1.1248
2026-10-08T19:20:44Z,2026-10-08 19:20:10,SPXW,2026-10-14,P,7585.0,7753.0698,5.8,75.0,6.0,87.0,5.6,100.0,365.0,0.1337,-0.095,0.0013,-1.7882,1.7732,-0.1204
2026-10-08T19:20:44Z,2026-10-08 19:20:10,SPXW,2026-10-14,C,7590.0,7753.0698,168.8,1.0,181.4,1.0,182.86,0.0,66.0,0.1397,0.9,0.0013,-1.7828,1.8364,1.1194
2026-10-08T19:20:44Z,2026-10-08 19:20:10,SPXW,2026-10-14,P,7590.0,7753.0698,6.1,73.0,6.3,77.0,5.9,467.0,748.0,0.1328,-0.0999,0.0013,-1.8466,1.8364,-0.1266
2026-10-08T19:20:44Z,2026-10-08 19:20:10,SPXW,2026-10-14,C,7595.0,7753.0698,162.8,1.0,176.5,1.0,190.75,0.0,3.0,0.1337,0.8949,0.0014,-1.8446,1.901,1.1135
2026-10-08T19:20:44Z,2026-10-08 19:20:10,SPXW,2026-10-14,P,7595.0,7753.0698,6.4,69.0,6.6,65.0,6.3,1696.0,424.0,0.1316,-0.105,0.0014,-1.9065,1.901,-0.1332
2026-10-08T19:20:44Z,2026-10-08 19:20:10,SPXW,2026-10-14,C,7600.0,7753.0698,158.2,1.0,172.1,1.0,168.26,8.0,46.0,0.1338,0.8895,0.0014,-1.9079,1.9669,1.1074
2026-10-08T19:20:44Z,2026-10-08 19:20:10,SPXW,2026-10-14,P,7600.0,7753.0698,6.8,66.0,7.0,73.0,6.55,1961.0,866.0,0.1308,-0.1104,0.0014,-1.9679,1.9669,-0.1402
2026-10-08T19:20:44Z,2026-10-08 19:20:10,SPXW,2026-10-14,C,7605.0,7753.0698,153.3,2.0,166.5,1.0,180.92,1.0,27.0,0.1289,0.8838,0.0015,-1.9726,2.0344,1.101
2026-10-08T19:20:44Z,2026-10-08 19:20:10,SPXW,2026-10-14,P,7605.0,7753.0698,7.2,34.0,7.3,14.0,7.0,386.0,410.0,0.1296,-0.1161,0.0015,-2.0307,2.0344,-0.1474
2026-10-08T19:20:44Z,2026-10-08 19:20:10,SPXW,2026-10-14,C,7610.0,7753.0698,150.7,1.0,162.9,3.0,151.92,27.0,69.0,0.1352,0.8778,0.0016,-2.0387,2.104,1.0942
2026-10-08T19:20:44Z,2026-10-08 19:20:10,SPXW,2026-10-14,P,7610.0,7753.0698,7.6,67.0,7.8,77.0,7.4,185.0,324.0,0.1286,-0.1221,0.0016,-2.0948,2.104,-0.155
2026-10-08T19:20:44Z,2026-10-08 19:20:10,SPXW,2026-10-14,C,7615.0,7753.0698,144.8,1.0,158.2,1.0,116.8,0.0,12.0,0.1313,0.8715,0.0016,-2.106,2.176,1.087
2026-10-08T19:20:44Z,2026-10-08 19:20:10,SPXW,2026-10-14,P,7615.0,7753.0698,8.0,65.0,8.2,59.0,7.8,346.0,418.0,0.1277,-0.1284,0.0016,-2.1602,2.176,-0.163
2026-10-08T19:20:44Z,2026-10-08 19:20:10,SPXW,2026-10-14,C,7620.0,7753.0698,140.2,1.0,153.7,1.0,169.37,9.0,48.0,0.1299,0.8649,0.0017,-2.1743,2.2498,1.0792
2026-10-08T19:20:44Z,2026-10-08 19:20:10,SPXW,2026-10-14,P,7620.0,7753.0698,8.5,31.0,8.6,12.0,8.15,143.0,409.0,0.1264,-0.135,0.0017,-2.2267,2.2498,-0.1716
2026-10-08T19:20:44Z,2026-10-08 19:20:10,SPXW,2026-10-14,C,7625.0,7753.0698,135.7,1.0,149.2,1.0,162.36,0.0,45.0,0.1288,0.8579,0.0018,-2.2437,2.3246,1.071
2026-10-08T19:20:44Z,2026-10-08 19:20:10,SPXW,2026-10-14,P,7625.0,7753.0698,8.9,62.0,9.1,18.0,8.7,107.0,2185.0,0.1254,-0.1421,0.0018,-2.2942,2.3246,-0.1807
2026-10-08T19:20:44Z,2026-10-08 19:20:10,SPXW,2026-10-14,C,7630.0,7753.0698,131.2,1.0,144.7,1.0,144.17,26.0,70.0,0.1276,0.8505,0.0019,-2.314,2.4,1.0622
2026-10-08T19:20:44Z,2026-10-08 19:20:10,SPXW,2026-10-14,P,7630.0,7753.0698,9.5,28.0,9.6,11.0,9.2,228.0,229.0,0.1244,-0.1494,0.0019,-2.3626,2.4,-0.1903
2026-10-08T19:20:44Z,2026-10-08 19:20:10,SPXW,2026-10-14,C,7635.0,7753.0698,126.8,1.0,140.3,1.0,86.3,0.0,30.0,0.1268,0.8427,0.0019,-2.385,2.4765,1.0532
2026-10-08T19:20:44Z,2026-10-08 19:20:10,SPXW,2026-10-14,P,7635.0,7753.0698,10.0,59.0,10.2,53.0,9.7,89.0,439.0,0.1236,-0.1572,0.0019,-2.4317,2.4765,-0.2002
2026-10-08T19:20:44Z,2026-10-08 19:20:10,SPXW,2026-10-14,C,7640.0,7753.0698,122.8,1.0,136.0,1.0,121.86,4.0,92.0,0.1265,0.8346,0.002,-2.4566,2.5548,1.0436
2026-10-08T19:20:44Z,2026-10-08 19:20:10,SPXW,2026-10-14,P,7640.0,7753.0698,10.6,30.0,10.8,53.0,10.3,306.0,721.0,0.1227,-0.1654,0.002,-2.5014,2.5548,-0.2105
2026-10-08T19:20:44Z,2026-10-08 19:20:10,SPXW,2026-10-14,C,7645.0,7753.0698,118.4,1.0,131.5,1.0,127.92,4.0,17.0,0.1254,0.826,0.0021,-2.5285,2.6348,1.0335
2026-10-08T19:20:44Z,2026-10-08 19:20:10,SPXW,2026-10-14,P,7645.0,7753.0698,11.2,57.0,11.4,52.0,10.9,50.0,372.0,0.1217,-0.1739,0.0021,-2.5714,2.6348,-0.2215
2026-10-08T19:20:44Z,2026-10-08 19:20:10,SPXW,2026-10-14,C,7650.0,7753.0698,114.4,1.0,127.1,2.0,135.74,1.0,70.0,0.1244,0.817,0.0022,-2.6005,2.7156,1.0226
2026-10-08T19:20:44Z,2026-10-08 19:20:10,SPXW,2026-10-14,P,7650.0,7753.0698,11.9,25.0,12.0,10.0,11.6,262.0,3410.0,0.1205,-0.1829,0.0022,-2.6414,2.7156,-0.2332
2026-10-08T19:20:44Z,2026-10-08 19:20:10,SPXW,2026-10-14,C,7655.0,7753.0698,109.2,1.0,122.8,3.0,116.18,1.0,37.0,0.1217,0.8076,0.0023,-2.6723,2.7961,1.0111
2026-10-08T19:20:44Z,2026-10-08 19:20:10,SPXW,2026-10-14,P,7655.0,7753.0698,12.5,56.0,12.7,15.0,12.56,30.0,140.0,0.1196,-0.1924,0.0023,-2.7114,2.7961,-0.2455
2026-10-08T19:20:44Z,2026-10-08 19:20:10,SPXW,2026-10-14,C,7660.0,7753.0698,106.7,4.0,115.3,1.0,128.7,0.0,41.0,0.1181,0.7977,0.0024,-2.7438,2.8762,0.9992
2026-10-08T19:20:44Z,2026-10-08 19:20:10,SPXW,2026-10-14,P,7660.0,7753.0698,13.3,56.0,13.5,43.0,13.0,73.0,818.0,0.1188,-0.2023,0.0024,-2.781,2.8762,-0.2582
2026-10-08T19:20:44Z,2026-10-08 19:20:10,SPXW,2026-10-14,C,7665.0,7753.0698,102.5,4.0,111.7,4.0,78.39,0.0,19.0,0.1182,0.7873,0.0025,-2.8147,2.9568,0.9869
2026-10-08T19:20:44Z,2026-10-08 19:20:10,SPXW,2026-10-14,P,7665.0,7753.0698,14.1,27.0,14.3,47.0,13.8,24.0,258.0,0.1178,-0.2126,0.0025,-2.8499,2.9568,-0.2714
2026-10-08T19:20:44Z,2026-10-08 19:20:10,SPXW,2026-10-14,C,7670.0,7753.0698,98.9,4.0,107.1,1.0,125.3,0.0,152.0,0.1175,0.7764,0.0026,-2.8845,3.0382,0.9738
2026-10-08T19:20:44Z,2026-10-08 19:20:10,SPXW,2026-10-14,P,7670.0,7753.0698,14.9,30.0,15.1,39.0,14.6,95.0,496.0,0.1169,-0.2235,0.0026,-2.9179,3.0382,-0.2853
2026-10-08T19:20:44Z,2026-10-08 19:20:10,SPXW,2026-10-14,C,7675.0,7753.0698,95.7,1.0,102.8,1.0,121.1,0.0,90.0,0.1177,0.7651,0.0026,-2.9529,3.1193,0.9598
2026-10-08T19:20:44Z,2026-10-08 19:20:10,SPXW,2026-10-14,P,7675.0,7753.0698,15.8,28.0,16.0,41.0,15.5,234.0,563.0,0.116,-0.2349,0.0026,-2.9844,3.1193,-0.3001
2026-10-08T19:20:44Z,2026-10-08 19:20:10,SPXW,2026-10-14,C,7680.0,7753.0698,90.9,1.0,99.1,1.0,101.1,1.0,43.0,0.1163,0.7532,0.0027,-3.0196,3.1986,0.9452
2026-10-08T19:20:44Z,2026-10-08 19:20:10,SPXW,2026-10-14,P,7680.0,7753.0698,16.7,53.0,16.9,9.0,16.4,111.0,693.0,0.115,-0.2467,0.0027,-3.0492,3.1986,-0.3156
2026-10-08T19:20:44Z,2026-10-08 19:20:10,SPXW,2026-10-14,C,7685.0,7753.0698,89.1,1.0,91.8,1.0,105.65,1.0,79.0,0.1146,0.7408,0.0028,-3.0842,3.2757,0.9301
2026-10-08T19:20:44Z,2026-10-08 19:20:10,SPXW,2026-10-14,P,7685.0,7753.0698,17.7,27.0,17.9,8.0,18.05,80.0,208.0,0.1141,-0.2591,0.0028,-3.1118,3.2757,-0.3314
2026-10-08T19:20:44Z,2026-10-08 19:20:10,SPXW,2026-10-14,C,7690.0,7753.0698,86.1,3.0,88.1,1.0,86.8,3.0,162.0,0.1136,0.7279,0.0029,-3.1462,3.3518,0.9145
2026-10-08T19:20:44Z,2026-10-08 19:20:10,SPXW,2026-10-14,P,7690.0,7753.0698,18.8,27.0,19.0,40.0,19.0,178.0,316.0,0.1131,-0.272,0.0029,-3.172,3.3518,-0.3479
2026-10-08T19:20:44Z,2026-10-08 19:20:10,SPXW,2026-10-14,C,7695.0,7753.0698,81.3,1.0,84.3,1.0,73.8,2.0,162.0,0.1128,0.7145,0.003,-3.2053,3.4268,0.8979
2026-10-08T19:20:44Z,2026-10-08 19:20:10,SPXW,2026-10-14,P,7695.0,7753.0698,19.9,21.0,20.1,40.0,23.2,78.0,160.0,0.1124,-0.2855,0.003,-3.2292,3.4268,-0.3652
2026-10-08T19:20:44Z,2026-10-08 19:20:10,SPXW,2026-10-14,C,7700.0,7753.0698,78.5,3.0,79.4,3.0,82.3,12.0,173.0,0.1121,0.7005,0.0031,-3.2608,3.4993,0.8805
2026-10-08T19:20:44Z,2026-10-08 19:20:10,SPXW,2026-10-14,P,7700.0,7753.0698,21.0,51.0,21.3,39.0,20.3,364.0,1603.0,0.1113,-0.2994,0.0031,-3.2828,3.4993,-0.3835
2026-10-08T19:20:44Z,2026-10-08 19:20:10,SPXW,2026-10-14,C,7705.0,7753.0698,75.1,2.0,75.3,2.0,76.73,1.0,69.0,0.1107,0.686,0.0032,-3.3124,3.5677,0.8625
2026-10-08T19:20:44Z,2026-10-08 19:20:10,SPXW,2026-10-14,P,7705.0,7753.0698,22.3,48.0,22.5,8.0,21.4,81.0,228.0,0.1106,-0.3139,0.0032,-3.3324,3.5677,-0.4023
2026-10-08T19:20:44Z,2026-10-08 19:20:10,SPXW,2026-10-14,C,7710.0,7753.0698,71.4,3.0,71.6,3.0,77.4,14.0,639.0,0.1098,0.671,0.0033,-3.3595,3.6322,0.8441
2026-10-08T19:20:44Z,2026-10-08 19:20:10,SPXW,2026-10-14,P,7710.0,7753.0698,23.6,51.0,23.8,8.0,21.15,98.0,266.0,0.1097,-0.329,0.0033,-3.3777,3.6322,-0.4215
2026-10-08T19:20:44Z,2026-10-08 19:20:10,SPXW,2026-10-14,C,7715.0,7753.0698,67.8,3.0,68.0,3.0,66.65,4.0,73.0,0.109,0.6554,0.0034,-3.4018,3.6936,0.8249
2026-10-08T19:20:44Z,2026-10-08 19:20:10,SPXW,2026-10-14,P,7715.0,7753.0698,25.0,50.0,25.2,7.0,24.4,57.0,91.0,0.1088,-0.3445,0.0034,-3.4181,3.6936,-0.4415
2026-10-08T19:20:44Z,2026-10-08 19:20:10,SPXW,2026-10-14,C,7720.0,7753.0698,64.3,4.0,64.5,6.0,68.2,13.0,171.0,0.1082,0.6393,0.0035,-3.4386,3.7511,0.8047
2026-10-08T19:20:44Z,2026-10-08 19:20:10,SPXW,2026-10-14,P,7720.0,7753.0698,26.5,22.0,26.7,7.0,33.4,96.0,361.0,0.1081,-0.3606,0.0035,-3.453,3.7511,-0.4626
2026-10-08T19:20:44Z,2026-10-08 19:20:10,SPXW,2026-10-14,C,7725.0,7753.0698,60.8,5.0,61.1,7.0,66.05,14.0,241.0,0.1073,0.6228,0.0035,-3.4693,3.8028,0.7839
2026-10-08T19:20:44Z,2026-10-08 19:20:10,SPXW,2026-10-14,P,7725.0,7753.0698,28.0,48.0,28.3,13.0,27.8,119.0,843.0,0.1071,-0.3772,0.0035,-3.4818,3.8028,-0.4842
2026-10-08T19:20:44Z,2026-10-08 19:20:10,SPXW,2026-10-14,C,7730.0,7753.0698,57.5,5.0,57.7,7.0,60.6,84.0,147.0,0.1066,0.6059,0.0036,-3.4934,3.8478,0.7631
2026-10-08T19:20:44Z,2026-10-08 19:20:10,SPXW,2026-10-14,P,7730.0,7753.0698,29.7,20.0,29.9,7.0,29.5,1185.0,1260.0,0.1065,-0.3943,0.0036,-3.5043,3.8482,-0.506
2026-10-08T19:20:44Z,2026-10-08 19:20:10,SPXW,2026-10-14,C,7735.0,7753.0698,54.2,6.0,54.4,14.0,52.95,51.0,59.0,0.1056,0.5881,0.0037,-3.5112,3.8881,0.7411
2026-10-08T19:20:44Z,2026-10-08 19:20:10,SPXW,2026-10-14,P,7735.0,7753.0698,31.4,44.0,31.7,10.0,31.53,121.0,105.0,0.1056,-0.4118,0.0037,-3.5199,3.8881,-0.5286
2026-10-08T19:20:44Z,2026-10-08 19:20:10,SPXW,2026-10-14,C,7740.0,7753.0698,51.0,10.0,51.3,18.0,47.0,25.0,170.0,0.1049,0.5702,0.0037,-3.5214,3.9218,0.7184
2026-10-08T19:20:44Z,2026-10-08 19:20:10,SPXW,2026-10-14,P,7740.0,7753.0698,33.2,42.0,33.5,9.0,32.57,81.0,730.0,0.1047,-0.4298,0.0037,-3.5282,3.9218,-0.5522
2026-10-08T19:20:44Z,2026-10-08 19:20:10,SPXW,2026-10-14,C,7745.0,7753.0698,47.9,9.0,48.2,40.0,48.42,13.0,96.0,0.1041,0.5517,0.0038,-3.5238,3.9481,0.6952
2026-10-08T19:20:44Z,2026-10-08 19:20:10,SPXW,2026-10-14,P,7745.0,7753.0698,35.1,45.0,35.4,6.0,34.82,132.0,82.0,0.1039,-0.4482,0.0038,-3.5287,3.9481,-0.5762
2026-10-08T19:20:44Z,2026-10-08 19:20:10,SPXW,2026-10-14,C,7750.0,7753.0698,45.0,6.0,45.2,19.0,46.68,49.0,1071.0,0.1033,0.533,0.0038,-3.5181,3.9664,0.6719
2026-10-08T19:20:44Z,2026-10-08 19:20:10,SPXW,2026-10-14,P,7750.0,7753.0698,37.2,18.0,37.4,6.0,35.8,159.0,1211.0,0.1033,-0.467,0.0038,-3.5211,3.9664,-0.6003
2026-10-08T19:20:44Z,2026-10-08 19:20:10,SPXW,2026-10-14,C,7755.0,7753.0698,42.1,6.0,42.3,19.0,46.2,27.0,91.0,0.1027,0.5138,0.0039,-3.5041,3.9768,0.648
2026-10-08T19:20:44Z,2026-10-08 19:20:10,SPXW,2026-10-14,P,7755.0,7753.0698,39.2,42.0,39.5,6.0,37.44,83.0,297.0,0.1025,-0.4861,0.0039,-3.5052,3.9768,-0.625
2026-10-08T19:20:44Z,2026-10-08 19:20:10,SPXW,2026-10-14,C,7760.0,7753.0698,39.3,6.0,39.5,19.0,41.0,68.0,145.0,0.1019,0.4944,0.0039,-3.4814,3.9787,0.6232
2026-10-08T19:20:44Z,2026-10-08 19:20:10,SPXW,2026-10-14,P,7760.0,7753.0698,41.5,18.0,41.7,6.0,40.0,95.0,182.0,0.1017,-0.5055,0.0039,-3.4806,3.9787,-0.6506
2026-10-08T19:20:44Z,2026-10-08 19:20:10,SPXW,2026-10-14,C,7765.0,7753.0698,36.6,6.0,36.8,43.0,36.99,77.0,185.0,0.1011,0.4747,0.0039,-3.4498,3.9718,0.5985
2026-10-08T19:20:44Z,2026-10-08 19:20:10,SPXW,2026-10-14,P,7765.0,7753.0698,43.8,16.0,44.0,6.0,41.3,51.0,85.0,0.101,-0.5252,0.0039,-3.4472,3.9718,-0.6762
2026-10-08T19:20:44Z,2026-10-08 19:20:10,SPXW,2026-10-14,C,7770.0,7753.0698,34.0,34.0,34.3,45.0,34.66,101.0,135.0,0.1004,0.4548,0.0039,-3.4095,3.956,0.5737
2026-10-08T19:20:44Z,2026-10-08 19:20:10,SPXW,2026-10-14,P,7770.0,7753.0698,46.2,16.0,46.4,6.0,43.17,142.0,145.0,0.1003,-0.5451,0.0039,-3.4049,3.956,-0.7017
2026-10-08T19:20:44Z,2026-10-08 19:20:10,SPXW,2026-10-14,C,7775.0,7753.0698,31.6,6.0,31.8,46.0,32.87,343.0,852.0,0.0997,0.4348,0.0039,-3.3604,3.9305,0.5484
2026-10-08T19:20:44Z,2026-10-08 19:20:10,SPXW,2026-10-14,P,7775.0,7753.0698,48.7,34.0,49.0,6.0,45.79,384.0,164.0,0.0996,-0.5652,0.0039,-3.3539,3.9305,-0.7279
2026-10-08T19:20:44Z,2026-10-08 19:20:10,SPXW,2026-10-14,C,7780.0,7753.0698,29.2,14.0,29.4,19.0,31.5,115.0,515.0,0.099,0.4146,0.0039,-3.3023,3.8951,0.5227
2026-10-08T19:20:44Z,2026-10-08 19:20:10,SPXW,2026-10-14,P,7780.0,7753.0698,51.4,8.0,51.6,6.0,46.4,192.0,125.0,0.0989,-0.5853,0.0039,-3.294,3.8951,-0.7544
2026-10-08T19:20:44Z,2026-10-08 19:20:10,SPXW,2026-10-14,C,7785.0,7753.0698,27.0,7.0,27.2,51.0,27.5,333.0,143.0,0.0984,0.3945,0.0039,-3.2358,3.8508,0.4976
2026-10-08T19:20:44Z,2026-10-08 19:20:10,SPXW,2026-10-14,P,7785.0,7753.0698,54.1,5.0,54.4,5.0,63.34,119.0,64.0,0.0983,-0.6054,0.0039,-3.2255,3.8508,-0.7804
2026-10-08T19:20:44Z,2026-10-08 19:20:10,SPXW,2026-10-14,C,7790.0,7753.0698,24.8,7.0,25.0,12.0,26.2,160.0,163.0,0.0977,0.3744,0.0039,-3.161,3.7973,0.4724
2026-10-08T19:20:44Z,2026-10-08 19:20:10,SPXW,2026-10-14,P,7790.0,7753.0698,57.0,5.0,57.2,5.0,60.7,67.0,303.0,0.0976,-0.6255,0.0039,-3.1488,3.7973,-0.8064
2026-10-08T19:20:44Z,2026-10-08 19:20:10,SPXW,2026-10-14,C,7795.0,7753.0698,22.8,7.0,23.0,43.0,23.58,63.0,172.0,0.0972,0.3544,0.0038,-3.0784,3.7332,0.4468
2026-10-08T19:20:44Z,2026-10-08 19:20:10,SPXW,2026-10-14,P,7795.0,7753.0698,60.0,4.0,60.2,4.0,66.18,24.0,114.0,0.0969,-0.6455,0.0038,-3.0644,3.7332,-0.8328
2026-10-08T19:20:44Z,2026-10-08 19:20:10,SPXW,2026-10-14,C,7800.0,7753.0698,20.9,8.0,21.1,50.0,21.1,761.0,4116.0,0.0965,0.3347,0.0038,-2.9884,3.6602,0.4218
2026-10-08T19:20:44Z,2026-10-08 19:20:10,SPXW,2026-10-14,P,7800.0,7753.0698,63.0,3.0,63.3,3.0,62.4,229.0,1217.0,0.0964,-0.6653,0.0038,-2.9724,3.6602,-0.8586
2026-10-08T19:20:44Z,2026-10-08 19:20:10,SPXW,2026-10-14,C,7805.0,7753.0698,19.1,8.0,19.3,51.0,19.9,125.0,513.0,0.0959,0.3152,0.0037,-2.8917,3.5797,0.3975
2026-10-08T19:20:44Z,2026-10-08 19:20:10,SPXW,2026-10-14,P,7805.0,7753.0698,66.2,2.0,66.5,2.0,66.4,13.0,105.0,0.0958,-0.6848,0.0037,-2.8738,3.5797,-0.8838
2026-10-08T19:20:44Z,2026-10-08 19:20:10,SPXW,2026-10-14,C,7810.0,7753.0698,17.4,8.0,17.6,51.0,17.55,210.0,234.0,0.0953,0.296,0.0036,-2.789,3.4901,0.373
2026-10-08T19:20:44Z,2026-10-08 19:20:10,SPXW,2026-10-14,P,7810.0,7753.0698,68.1,1.0,71.4,3.0,78.95,23.0,84.0,0.0948,-0.704,0.0036,-2.7692,3.4901,-0.909
2026-10-08T19:20:44Z,2026-10-08 19:20:10,SPXW,2026-10-14,C,7815.0,7753.0698,15.8,14.0,16.0,46.0,15.82,77.0,157.0,0.0949,0.2772,0.0035,-2.6808,3.3915,0.3492
2026-10-08T19:20:44Z,2026-10-08 19:20:10,SPXW,2026-10-14,P,7815.0,7753.0698,71.5,1.0,74.5,1.0,53.43,28.0,43.0,0.0948,-0.7227,0.0035,-2.6591,3.3915,-0.9337
2026-10-08T19:20:44Z,2026-10-08 19:20:10,SPXW,2026-10-14,C,7820.0,7753.0698,14.3,6.0,14.5,58.0,14.7,129.0,693.0,0.0943,0.2589,0.0034,-2.568,3.2874,0.3263
2026-10-08T19:20:44Z,2026-10-08 19:20:10,SPXW,2026-10-14,P,7820.0,7753.0698,75.0,1.0,78.0,1.0,69.7,36.0,198.0,0.0938,-0.741,0.0034,-2.5444,3.2874,-0.9574
2026-10-08T19:20:44Z,2026-10-08 19:20:10,SPXW,2026-10-14,C,7825.0,7753.0698,12.9,51.0,13.1,26.0,13.12,856.0,883.0,0.0938,0.2411,0.0033,-2.4514,3.1772,0.3038
2026-10-08T19:20:44Z,2026-10-08 19:20:10,SPXW,2026-10-14,P,7825.0,7753.0698,76.1,1.0,84.5,3.0,59.2,19.0,67.0,0.0942,-0.7588,0.0033,-2.426,3.1772,-0.9808
2026-10-08T19:20:44Z,2026-10-08 19:20:10,SPXW,2026-10-14,C,7830.0,7753.0698,11.7,7.0,11.8,24.0,12.33,385.0,357.0,0.0932,0.224,0.0032,-2.3319,3.0595,0.2818
2026-10-08T19:20:44Z,2026-10-08 19:20:10,SPXW,2026-10-14,P,7830.0,7753.0698,79.8,1.0,88.1,3.0,76.9,8.0,49.0,0.0935,-0.776,0.0032,-2.3045,3.0595,-1.0035
2026-10-08T19:20:44Z,2026-10-08 19:20:10,SPXW,2026-10-14,C,7835.0,7753.0698,10.5,25.0,10.7,58.0,11.4,156.0,211.0,0.0929,0.2074,0.0031,-2.2102,2.9377,0.2611
2026-10-08T19:20:44Z,2026-10-08 19:20:10,SPXW,2026-10-14,P,7835.0,7753.0698,83.9,1.0,91.9,1.0,89.7,10.0,44.0,0.0931,-0.7926,0.0031,-2.1809,2.9377,-1.0251
2026-10-08T19:20:44Z,2026-10-08 19:20:10,SPXW,2026-10-14,C,7840.0,7753.0698,9.4,57.0,9.6,56.0,10.05,233.0,481.0,0.0924,0.1915,0.0029,-2.0871,2.8131,0.241
2026-10-08T19:20:44Z,2026-10-08 19:20:10,SPXW,2026-10-14,P,7840.0,7753.0698,87.8,1.0,95.4,2.0,64.7,6.0,24.0,0.0924,-0.8085,0.0029,-2.056,2.8131,-1.046
2026-10-08T19:20:44Z,2026-10-08 19:20:10,SPXW,2026-10-14,C,7845.0,7753.0698,8.4,59.0,8.6,58.0,8.86,200.0,195.0,0.092,0.1762,0.0028,-1.9636,2.6839,0.2215
2026-10-08T19:20:44Z,2026-10-08 19:20:10,SPXW,2026-10-14,P,7845.0,7753.0698,91.6,1.0,99.4,3.0,77.65,15.0,36.0,0.0917,-0.8237,0.0028,-1.9305,2.6839,-1.0663
2026-10-08T19:20:44Z,2026-10-08 19:20:10,SPXW,2026-10-14,C,7850.0,7753.0698,7.5,61.0,7.7,57.0,7.81,2571.0,2667.0,0.0917,0.1617,0.0027,-1.8404,2.552,0.2033
2026-10-08T19:20:44Z,2026-10-08 19:20:10,SPXW,2026-10-14,P,7850.0,7753.0698,95.6,1.0,103.2,1.0,105.32,22.0,475.0,0.0905,-0.8382,0.0027,-1.8054,2.552,-1.0853
2026-10-08T19:20:44Z,2026-10-08 19:20:10,SPXW,2026-10-14,C,7855.0,7753.0698,6.7,58.0,6.8,32.0,7.2,74.0,182.0,0.0913,0.1479,0.0025,-1.7182,2.4202,0.1859
2026-10-08T19:20:44Z,2026-10-08 19:20:10,SPXW,2026-10-14,P,7855.0,7753.0698,99.8,1.0,107.6,1.0,69.7,0.0,12.0,0.0907,-0.852,0.0025,-1.6814,2.4202,-1.1035
2026-10-08T19:20:44Z,2026-10-08 19:20:10,SPXW,2026-10-14,C,7860.0,7753.0698,5.9,73.0,6.1,66.0,6.0,131.0,251.0,0.091,0.1349,0.0024,-1.5981,2.2872,0.1693
2026-10-08T19:20:44Z,2026-10-08 19:20:10,SPXW,2026-10-14,P,7860.0,7753.0698,104.1,1.0,112.7,3.0,94.77,1.0,21.0,0.0925,-0.865,0.0024,-1.5593,2.2872,-1.121
2026-10-08T19:20:44Z,2026-10-08 19:20:10,SPXW,2026-10-14,C,7865.0,7753.0698,5.2,133.0,5.4,49.0,5.4,113.0,861.0,0.0909,0.1227,0.0022,-1.4806,2.1534,0.1539
2026-10-08T19:20:44Z,2026-10-08 19:20:10,SPXW,2026-10-14,P,7865.0,7753.0698,108.4,1.0,116.3,3.0,64.2,0.0,2.0,0.0905,-0.8773,0.0022,-1.4399,2.1534,-1.1372
2026-10-08T19:20:44Z,2026-10-08 19:20:10,SPXW,2026-10-14,C,7870.0,7753.0698,4.6,92.0,4.8,90.0,4.8,952.0,7564.0,0.0905,0.1112,0.0021,-1.3665,2.022,0.1395
2026-10-08T19:20:44Z,2026-10-08 19:20:10,SPXW,2026-10-14,P,7870.0,7753.0698,110.3,1.0,122.8,3.0,82.59,0.0,25.0,0.0892,-0.8888,0.0021,-1.3239,2.022,-1.1524
2026-10-08T19:20:44Z,2026-10-08 19:20:10,SPXW,2026-10-14,C,7875.0,7753.0698,4.1,73.0,4.3,160.0,4.3,1196.0,1944.0,0.0903,0.1004,0.002,-1.2566,1.8927,0.1258
2026-10-08T19:20:44Z,2026-10-08 19:20:10,SPXW,2026-10-14,P,7875.0,7753.0698,114.8,1.0,128.2,3.0,186.0,0.0,4.0,0.0918,-0.8995,0.002,-1.2122,1.8927,-1.167
2026-10-08T19:20:44Z,2026-10-08 19:20:10,SPXW,2026-10-14,C,7880.0,7753.0698,3.6,87.0,3.8,159.0,3.9,154.0,501.0,0.09,0.0905,0.0018,-1.1515,1.7653,0.1133
2026-10-08T19:20:44Z,2026-10-08 19:20:10,SPXW,2026-10-14,P,7880.0,7753.0698,119.2,1.0,132.2,3.0,122.87,15.0,7.0,0.0899,-0.9094,0.0018,-1.1051,1.7653,-1.1802
2026-10-08T19:20:44Z,2026-10-08 19:20:10,SPXW,2026-10-14,C,7885.0,7753.0698,3.2,22.0,3.3,93.0,3.4,653.0,7193.0,0.0902,0.0813,0.0017,-1.0516,1.6421,0.1018
2026-10-08T19:20:44Z,2026-10-08 19:20:10,SPXW,2026-10-14,P,7885.0,7753.0698,123.9,1.0,135.4,1.0,93.66,0.0,22.0,0.0855,-0.9186,0.0017,-1.0034,1.6421,-1.1926
2026-10-08T19:20:44Z,2026-10-08 19:20:10,SPXW,2026-10-14,C,7890.0,7753.0698,2.8,28.0,2.9,74.0,2.95,505.0,463.0,0.0896,0.0729,0.0015,-0.9576,1.5236,0.0911
2026-10-08T19:20:44Z,2026-10-08 19:20:10,SPXW,2026-10-14,P,7890.0,7753.0698,128.5,1.0,142.2,3.0,132.05,15.0,4.0,0.093,-0.927,0.0015,-0.9074,1.5236,-1.2041
2026-10-08T19:20:44Z,2026-10-08 19:20:10,SPXW,2026-10-14,C,7895.0,7753.0698,2.45,23.0,2.5,1.0,2.5,114.0,176.0,0.0895,0.0652,0.0014,-0.8696,1.4096,0.0814
2026-10-08T19:20:44Z,2026-10-08 19:20:10,SPXW,2026-10-14,P,7895.0,7753.0698,133.0,1.0,145.7,1.0,77.11,0.0,0.0,0.0882,-0.9347,0.0014,-0.8176,1.4096,-1.2146
2026-10-08T19:20:44Z,2026-10-08 19:20:10,SPXW,2026-10-14,C,7900.0,7753.0698,2.15,25.0,2.2,20.0,2.2,2191.0,1103.0,0.0895,0.0582,0.0013,-0.7879,1.3012,0.0727
2026-10-08T19:20:44Z,2026-10-08 19:20:10,SPXW,2026-10-14,P,7900.0,7753.0698,137.7,1.0,150.2,3.0,149.88,1.0,13.0,0.0872,-0.9417,0.0013,-0.7339,1.3012,-1.2241
2026-10-08T19:20:44Z,2026-10-08 19:20:10,SPXW,2026-10-14,C,7905.0,7753.0698,1.85,45.0,1.95,62.0,1.9,1594.0,210.0,0.0892,0.0519,0.0012,-0.7126,1.1991,0.0647
2026-10-08T19:20:44Z,2026-10-08 19:20:10,SPXW,2026-10-14,P,7905.0,7753.0698,142.4,1.0,154.8,1.0,0.0,0.0,0.0,0.0862,-0.948,0.0012,-0.6567,1.1991,-1.233
2026-10-08T19:20:44Z,2026-10-08 19:20:10,SPXW,2026-10-14,C,7910.0,7753.0698,1.6,150.0,1.7,54.0,1.7,388.0,419.0,0.0894,0.0462,0.0011,-0.6436,1.103,0.0576
2026-10-08T19:20:44Z,2026-10-08 19:20:10,SPXW,2026-10-14,P,7910.0,7753.0698,147.2,1.0,160.2,3.0,0.0,0.0,0.0,0.0896,-0.9537,0.0011,-0.5859,1.103,-1.2409
2026-10-08T19:20:44Z,2026-10-08 19:20:10,SPXW,2026-10-14,C,7915.0,7753.0698,1.4,148.0,1.5,112.0,1.45,282.0,463.0,0.0892,0.0412,0.001,-0.5808,1.0134,0.0513
2026-10-08T19:20:44Z,2026-10-08 19:20:10,SPXW,2026-10-14,P,7915.0,7753.0698,152.1,1.0,163.1,1.0,0.0,0.0,0.0,0.0769,-0.9588,0.001,-0.5211,1.0134,-1.248
2026-10-08T19:20:44Z,2026-10-08 19:20:10,SPXW,2026-10-14,C,7920.0,7753.0698,1.2,277.0,1.3,54.0,1.3,307.0,477.0,0.0894,0.0367,0.0009,-0.5239,0.9301,0.0456
2026-10-08T19:20:44Z,2026-10-08 19:20:10,SPXW,2026-10-14,P,7920.0,7753.0698,156.8,1.0,167.9,1.0,102.7,0.0,7.0,0.0732,-0.9633,0.0009,-0.4624,0.9301,-1.2545
2026-10-08T19:20:44Z,2026-10-08 19:20:10,SPXW,2026-10-14,C,7925.0,7753.0698,1.05,236.0,1.15,97.0,1.15,321.0,555.0,0.0892,0.0327,0.0008,-0.4727,0.8534,0.0405
2026-10-08T19:20:44Z,2026-10-08 19:20:10,SPXW,2026-10-14,P,7925.0,7753.0698,161.6,1.0,172.8,1.0,152.82,0.0,2.0,0.0702,-0.9673,0.0008,-0.4093,0.8534,-1.2604
2026-10-08T19:20:44Z,2026-10-08 19:20:10,SPXW,2026-10-14,C,7930.0,7753.0698,0.9,313.0,1.0,84.0,0.95,287.0,526.0,0.0896,0.0291,0.0007,-0.4268,0.7829,0.0361
2026-10-08T19:20:44Z,2026-10-08 19:20:10,SPXW,2026-10-14,P,7930.0,7753.0698,166.4,1.0,179.5,3.0,0.0,0.0,0.0,0.0894,-0.9708,0.0007,-0.3615,0.7829,-1.2656
2026-10-08T19:20:44Z,2026-10-08 19:20:10,SPXW,2026-10-14,C,7935.0,7753.0698,0.8,255.0,0.9,204.0,0.85,76.0,305.0,0.0897,0.026,0.0007,-0.3858,0.7184,0.0322
2026-10-08T19:20:44Z,2026-10-08 19:20:10,SPXW,2026-10-14,P,7935.0,7753.0698,171.3,1.0,183.7,1.0,0.0,0.0,0.0,0.0832,-0.9739,0.0007,-0.3185,0.7184,-1.2703
2026-10-08T19:20:44Z,2026-10-08 19:20:10,SPXW,2026-10-14,C,7940.0,7753.0698,0.7,202.0,0.8,367.0,0.75,255.0,338.0,0.09,0.0232,0.0006,-0.3493,0.6596,0.0288
2026-10-08T19:20:44Z,2026-10-08 19:20:10,SPXW,2026-10-14,P,7940.0,7753.0698,176.2,1.0,187.7,1.0,0.0,0.0,0.0,0.0,-0.9767,0.0006,-0.2801,0.6596,-1.2746
2026-10-08T19:20:44Z,2026-10-08 19:20:10,SPXW,2026-10-14,C,7945.0,7753.0698,0.6,335.0,0.7,177.0,0.65,108.0,297.0,0.0901,0.0208,0.0006,-0.3169,0.6062,0.0258
2026-10-08T19:20:44Z,2026-10-08 19:20:10,SPXW,2026-10-14,P,7945.0,7753.0698,181.1,1.0,194.1,2.0,0.0,0.0,0.0,0.0896,-0.9791,0.0006,-0.2459,0.6062,-1.2785
2026-10-08T19:20:44Z,2026-10-08 19:20:10,SPXW,2026-10-14,C,7950.0,7753.0698,0.55,43.0,0.6,113.0,0.55,487.0,1424.0,0.0904,0.0187,0.0005,-0.2883,0.558,0.0232
2026-10-08T19:20:44Z,2026-10-08 19:20:10,SPXW,2026-10-14,P,7950.0,7753.0698,186.0,1.0,198.4,2.0,175.57,0.0,4.0,0.08,-0.9812,0.0005,-0.2153,0.558,-1.2819
2026-10-08T19:20:44Z,2026-10-08 19:20:10,SPXW,2026-10-14,C,7955.0,7753.0698,0.45,370.0,0.55,196.0,0.5,88.0,157.0,0.0906,0.0169,0.0005,-0.2629,0.5144,0.0208
2026-10-08T19:20:44Z,2026-10-08 19:20:10,SPXW,2026-10-14,P,7955.0,7753.0698,191.0,1.0,204.3,2.0,0.0,0.0,0.0,0.0948,-0.9831,0.0005,-0.1881,0.5144,-1.285
2026-10-08T19:20:44Z,2026-10-08 19:20:10,SPXW,2026-10-14,C,7960.0,7753.0698,0.4,374.0,0.5,220.0,0.45,79.0,350.0,0.0912,0.0153,0.0004,-0.2409,0.4755,0.0188
2026-10-08T19:20:44Z,2026-10-08 19:20:10,SPXW,2026-10-14,P,7960.0,7753.0698,196.1,1.0,208.9,2.0,0.0,0.0,0.0,0.0935,-0.9847,0.0004,-0.1639,0.475,-1.2879
2026-10-08T19:20:44Z,2026-10-08 19:20:10,SPXW,2026-10-14,C,7965.0,7753.0698,0.35,373.0,0.45,175.0,0.4,58.0,212.0,0.0916,0.0138,0.0004,-0.2212,0.44,0.017
2026-10-08T19:20:44Z,2026-10-08 19:20:10,SPXW,2026-10-14,P,7965.0,7753.0698,200.9,1.0,213.4,2.0,0.0,0.0,0.0,0.0836,-0.9861,0.0004,-0.1423,0.4396,-1.2905
2026-10-08T19:20:44Z,2026-10-08 19:20:10,SPXW,2026-10-14,C,7970.0,7753.0698,0.3,581.0,0.4,224.0,0.35,75.0,395.0,0.0919,0.0126,0.0004,-0.2039,0.4083,0.0155
2026-10-08T19:20:44Z,2026-10-08 19:20:10,SPXW,2026-10-14,P,7970.0,7753.0698,205.8,1.0,218.8,2.0,186.7,1.0,1.0,0.0917,-0.9873,0.0004,-0.1232,0.4079,-1.2928
2026-10-08T19:20:44Z,2026-10-08 19:20:10,SPXW,2026-10-14,C,7975.0,7753.0698,0.3,113.0,0.4,373.0,0.35,236.0,617.0,0.0937,0.0115,0.0003,-0.1887,0.3799,0.0142
2026-10-08T19:20:44Z,2026-10-08 19:20:10,SPXW,2026-10-14,P,7975.0,7753.0698,206.9,1.0,224.2,1.0,191.55,1.0,1.0,0.0875,-0.9884,0.0003,-0.1061,0.3795,-1.295
2026-10-08T19:20:44Z,2026-10-08 19:20:10,SPXW,2026-10-14,C,7980.0,7753.0698,0.25,468.0,0.35,261.0,0.3,230.0,475.0,0.0937,0.0106,0.0003,-0.1754,0.3544,0.013
2026-10-08T19:20:44Z,2026-10-08 19:20:10,SPXW,2026-10-14,P,7980.0,7753.0698,211.6,1.0,228.7,1.0,0.0,0.0,1.0,0.0,-0.9894,0.0003,-0.0909,0.354,-1.297
2026-10-08T19:20:44Z,2026-10-08 19:20:10,SPXW,2026-10-14,C,7985.0,7753.0698,0.25,95.0,0.3,168.0,0.3,88.0,0.0,0.0945,0.0098,0.0003,-0.1637,0.3315,0.012
2026-10-08T19:20:44Z,2026-10-08 19:20:10,SPXW,2026-10-14,P,7985.0,7753.0698,216.6,1.0,233.6,1.0,0.0,0.0,0.0,0.0,-0.9902,0.0003,-0.0773,0.3312,-1.2988
2026-10-08T19:20:44Z,2026-10-08 19:20:10,SPXW,2026-10-14,C,7990.0,7753.0698,0.2,613.0,0.3,259.0,0.25,169.0,291.0,0.0952,0.009,0.0002,-0.1534,0.311,0.0111
2026-10-08T19:20:44Z,2026-10-08 19:20:10,SPXW,2026-10-14,P,7990.0,7753.0698,221.1,1.0,241.0,1.0,0.0,0.0,0.0,0.0,-0.9909,0.0002,-0.0652,0.3107,-1.3005
2026-10-08T19:20:44Z,2026-10-08 19:20:10,SPXW,2026-10-14,C,7995.0,7753.0698,0.2,384.0,0.3,496.0,0.32,34.0,0.0,0.097,0.0084,0.0002,-0.1444,0.2926,0.0103
2026-10-08T19:20:44Z,2026-10-08 19:20:10,SPXW,2026-10-14,P,7995.0,7753.0698,226.5,1.0,244.3,1.0,0.0,0.0,0.0,0.0,-0.9915,0.0002,-0.0543,0.2924,-1.3021
2026-10-08T19:20:44Z,2026-10-08 19:20:10,SPXW,2026-10-14,C,8000.0,7753.0698,0.2,64.0,0.25,236.0,0.2,126.0,736.0,0.0976,0.0078,0.0002,-0.1366,0.2762,0.0096
2026-10-08T19:20:44Z,2026-10-08 19:20:10,SPXW,2026-10-14,P,8000.0,7753.0698,231.5,1.0,252.0,1.0,175.16,0.0,12.0,0.0,-0.9921,0.0002,-0.0445,0.276,-1.3036
2026-10-08T19:20:44Z,2026-10-08 19:20:10,SPXW,2026-10-14,C,8005.0,7753.0698,0.15,557.0,0.25,299.0,0.0,0.0,0.0,0.098,0.0074,0.0002,-0.1296,0.2615,0.009
2026-10-08T19:20:44Z,2026-10-08 19:20:10,SPXW,2026-10-14,P,8005.0,7753.0698,236.5,1.0,257.0,1.0,0.0,0.0,0.0,0.0,-0.9926,0.0002,-0.0357,0.2613,-1.3051
2026-10-08T19:20:44Z,2026-10-08 19:20:10,SPXW,2026-10-14,C,8010.0,7753.0698,0.15,493.0,0.25,501.0,0.15,10.0,190.0,0.0997,0.0069,0.0002,-0.1236,0.2484,0.0085
2026-10-08T19:20:44Z,2026-10-08 19:20:10,SPXW,2026-10-14,P,8010.0,7753.0698,241.0,1.0,258.6,1.0,0.0,0.0,0.0,0.0,-0.993,0.0002,-0.0278,0.2482,-1.3064
2026-10-08T19:20:44Z,2026-10-08 19:20:10,SPXW,2026-10-14,C,8015.0,7753.0698,0.15,329.0,0.25,529.0,0.0,0.0,0.0,0.1014,0.0065,0.0002,-0.1182,0.2365,0.008
2026-10-08T19:20:44Z,2026-10-08 19:20:10,SPXW,2026-10-14,P,8015.0,7753.0698,246.0,1.0,263.9,1.0,0.0,0.0,0.0,0.0,-0.9934,0.0002,-0.0205,0.2363,-1.3077
2026-10-08T19:20:44Z,2026-10-08 19:20:10,SPXW,2026-10-14,C,8020.0,7753.0698,0.15,239.0,0.25,505.0,0.15,11.0,321.0,0.1032,0.0062,0.0002,-0.1135,0.2258,0.0076
2026-10-08T19:20:44Z,2026-10-08 19:20:10,SPXW,2026-10-14,P,8020.0,7753.0698,251.0,1.0,268.6,1.0,0.0,0.0,0.0,0.0,-0.9938,0.0002,-0.014,0.2256,-1.309
2026-10-08T19:20:44Z,2026-10-08 19:20:10,SPXW,2026-10-14,C,8025.0,7753.0698,0.15,96.0,0.2,285.0,0.25,52.0,587.0,0.1033,0.0059,0.0002,-0.1094,0.2161,0.0072
2026-10-08T19:20:44Z,2026-10-08 19:20:10,SPXW,2026-10-14,P,8025.0,7753.0698,256.0,1.0,272.9,1.0,0.0,0.0,0.0,0.0,-0.994,0.0002,-0.008,0.216,-1.3102
2026-10-08T19:20:44Z,2026-10-08 19:20:10,SPXW,2026-10-14,C,8030.0,7753.0698,0.1,696.0,0.2,276.0,0.2,25.0,150.0,0.1033,0.0056,0.0001,-0.1058,0.2073,0.0069
2026-10-08T19:20:44Z,2026-10-08 19:20:10,SPXW,2026-10-14,P,8030.0,7753.0698,261.0,1.0,278.5,1.0,0.0,0.0,0.0,0.0,-0.9943,0.0001,-0.0024,0.2072,-1.3113
2026-10-08T19:20:44Z,2026-10-08 19:20:10,SPXW,2026-10-14,C,8035.0,7753.0698,0.1,611.0,0.2,308.0,0.3,20.0,0.0,0.1049,0.0054,0.0001,-0.1026,0.1994,0.0066
2026-10-08T19:20:44Z,2026-10-08 19:20:10,SPXW,2026-10-14,P,8035.0,7753.0698,266.4,1.0,286.9,1.0,0.0,0.0,0.0,0.0,-0.9946,0.0001,0.0,0.1993,-1.3124
2026-10-08T19:20:44Z,2026-10-08 19:20:10,SPXW,2026-10-14,C,8040.0,7753.0698,0.1,684.0,0.2,388.0,0.15,32.0,97.0,0.1066,0.0052,0.0001,-0.0998,0.1922,0.0063
2026-10-08T19:20:44Z,2026-10-08 19:20:10,SPXW,2026-10-14,P,8040.0,7753.0698,271.4,1.0,288.5,1.0,0.0,0.0,0.0,0.0,-0.9948,0.0001,0.0,0.1921,-1.3135
2026-10-08T19:20:44Z,2026-10-08 19:20:10,SPXW,2026-10-14,C,8050.0,7753.0698,0.1,580.0,0.2,559.0,0.1,15.0,709.0,0.1099,0.0048,0.0001,-0.0951,0.1796,0.0058
2026-10-08T19:20:44Z,2026-10-08 19:20:10,SPXW,2026-10-14,P,8050.0,7753.0698,280.9,1.0,299.4,1.0,0.0,0.0,0.0,0.0,-0.9951,0.0001,0.0,0.1795,-1.3156
2026-10-08T19:20:44Z,2026-10-08 19:20:10,SPXW,2026-10-14,C,8060.0,7753.0698,0.1,342.0,0.2,553.0,0.0,0.0,0.0,0.1133,0.0045,0.0001,-0.0912,0.1687,0.0055
2026-10-08T19:20:44Z,2026-10-08 19:20:10,SPXW,2026-10-14,P,8060.0,7753.0698,291.4,1.0,308.8,1.0,0.0,0.0,0.0,0.0,-0.9954,0.0001,0.0,0.1689,-1.3176
2026-10-08T19:20:44Z,2026-10-08 19:20:10,SPXW,2026-10-14,C,8070.0,7753.0698,0.1,344.0,0.2,557.0,0.2,4.0,0.0,0.1166,0.0042,0.0001,-0.0882,0.1596,0.0051
2026-10-08T19:20:44Z,2026-10-08 19:20:10,SPXW,2026-10-14,P,8070.0,7753.0698,301.0,1.0,319.4,1.0,0.0,0.0,0.0,0.0,-0.9957,0.0001,0.0,0.1598,-1.3196
2026-10-08T19:20:44Z,2026-10-08 19:20:10,SPXW,2026-10-14,C,8075.0,7753.0698,0.1,338.0,0.2,556.0,0.15,5.0,276.0,0.1182,0.0041,0.0001,-0.087,0.1556,0.005
2026-10-08T19:20:44Z,2026-10-08 19:20:10,SPXW,2026-10-14,P,8075.0,7753.0698,306.4,1.0,324.4,1.0,0.0,0.0,0.0,0.0,-0.9958,0.0001,0.0,0.1557,-1.3205
2026-10-08T19:20:44Z,2026-10-08 19:20:10,SPXW,2026-10-14,C,8080.0,7753.0698,0.1,332.0,0.2,577.0,0.0,0.0,0.0,0.1198,0.004,0.0001,-0.0858,0.1518,0.0049
2026-10-08T19:20:44Z,2026-10-08 19:20:10,SPXW,2026-10-14,P,8080.0,7753.0698,311.4,1.0,329.1,1.0,0.0,0.0,0.0,0.0,-0.9959,0.0001,0.0,0.1519,-1.3215
2026-10-08T19:20:44Z,2026-10-08 19:20:10,SPXW,2026-10-14,C,8090.0,7753.0698,0.1,323.0,0.15,91.0,0.0,0.0,0.0,0.1231,0.0038,0.0001,-0.0838,0.1448,0.0046
2026-10-08T19:20:44Z,2026-10-08 19:20:10,SPXW,2026-10-14,P,8090.0,7753.0698,321.4,1.0,340.5,1.0,0.0,0.0,0.0,0.0,-0.9961,0.0001,0.0,0.145,-1.3234
2026-10-08T19:20:44Z,2026-10-08 19:20:10,SPXW,2026-10-14,C,8100.0,7753.0698,0.1,275.0,0.15,121.0,0.12,16.0,1278.0,0.1265,0.0036,0.0001,-0.0821,0.1384,0.0044
2026-10-08T19:20:44Z,2026-10-08 19:20:10,SPXW,2026-10-14,P,8100.0,7753.0698,331.3,1.0,351.8,1.0,0.0,0.0,0.0,0.0,-0.9963,0.0001,0.0,0.1388,-1.3252
2026-10-08T19:20:44Z,2026-10-08 19:20:10,SPXW,2026-10-14,C,8110.0,7753.0698,0.1,232.0,0.15,275.0,0.0,0.0,0.0,0.1274,0.0035,0.0001,-0.0806,0.1329,0.0042
2026-10-08T19:20:44Z,2026-10-08 19:20:10,SPXW,2026-10-14,P,8110.0,7753.0698,341.3,1.0,357.8,1.0,0.0,0.0,0.0,0.0,-0.9964,0.0001,0.0,0.1332,-1.327
2026-10-08T19:20:44Z,2026-10-08 19:20:10,SPXW,2026-10-14,C,8125.0,7753.0698,0.1,224.0,0.15,288.0,0.2,0.0,85.0,0.1321,0.0033,0.0001,-0.0788,0.1255,0.004
2026-10-08T19:20:44Z,2026-10-08 19:20:10,SPXW,2026-10-14,P,8125.0,7753.0698,356.3,1.0,374.3,1.0,0.0,0.0,0.0,0.0,-0.9966,0.0001,0.0,0.1258,-1.3298
2026-10-08T19:20:44Z,2026-10-08 19:20:10,SPXW,2026-10-14,C,8150.0,7753.0698,0.1,100.0,0.15,297.0,0.19,0.0,157.0,0.14,0.003,0.0001,-0.0765,0.1151,0.0037
2026-10-08T19:20:44Z,2026-10-08 19:20:10,SPXW,2026-10-14,P,8150.0,7753.0698,381.1,1.0,399.2,1.0,0.0,0.0,0.0,0.0,-0.9969,0.0001,0.0,0.1154,-1.3342
2026-10-08T19:20:44Z,2026-10-08 19:20:10,SPXW,2026-10-14,C,8175.0,7753.0698,0.05,707.0,0.15,284.0,0.2,0.0,13.0,0.1444,0.0028,0.0001,-0.0746,0.1067,0.0034
2026-10-08T19:20:44Z,2026-10-08 19:20:10,SPXW,2026-10-14,P,8175.0,7753.0698,406.3,1.0,423.4,1.0,0.0,0.0,0.0,0.0,-0.9971,0.0001,0.0,0.1067,-1.3386
2026-10-08T19:20:44Z,2026-10-08 19:20:10,SPXW,2026-10-14,C,8200.0,7753.0698,0.05,717.0,0.15,341.0,0.15,2.0,53.0,0.1521,0.0026,0.0,-0.0729,0.0991,0.0032
2026-10-08T19:20:44Z,2026-10-08 19:20:10,SPXW,2026-10-14,P,8200.0,7753.0698,430.8,1.0,447.7,1.0,0.0,0.0,0.0,0.0,-0.9973,0.0,0.0,0.0991,-1.3429
2026-10-08T19:20:44Z,2026-10-08 19:20:10,SPXW,2026-10-14,C,8225.0,7753.0698,0.05,713.0,0.15,491.0,0.2,0.0,65.0,0.1596,0.0024,0.0,-0.0714,0.0925,0.003
2026-10-08T19:20:44Z,2026-10-08 19:20:10,SPXW,2026-10-14,P,8225.0,7753.0698,456.2,1.0,474.1,1.0,0.0,0.0,0.0,0.0,-0.9975,0.0,0.0,0.0925,-1.3472
2026-10-08T19:20:44Z,2026-10-08 19:20:10,SPXW,2026-10-14,C,8250.0,7753.0698,0.05,692.0,0.15,586.0,0.18,0.0,100.0,0.1673,0.0023,0.0,-0.0699,0.0865,0.0028
2026-10-08T19:20:44Z,2026-10-08 19:20:10,SPXW,2026-10-14,P,8250.0,7753.0698,480.7,1.0,498.3,1.0,0.0,0.0,0.0,0.0,-0.9976,0.0,0.0,0.0867,-1.3515
2026-10-08T19:20:44Z,2026-10-08 19:20:10,SPXW,2026-10-14,C,8275.0,7753.0698,0.05,580.0,0.15,616.0,0.32,0.0,55.0,0.1747,0.0022,0.0,-0.0686,0.0813,0.0026
2026-10-08T19:20:44Z,2026-10-08 19:20:10,SPXW,2026-10-14,P,8275.0,7753.0698,505.7,1.0,523.3,1.0,0.0,0.0,0.0,0.0,-0.9978,0.0,0.0,0.0815,-1.3558
2026-10-08T19:20:44Z,2026-10-08 19:20:10,SPXW,2026-10-14,C,8300.0,7753.0698,0.05,582.0,0.15,621.0,0.14,0.0,76.0,0.1817,0.002,0.0,-0.0676,0.0771,0.0025
2026-10-08T19:20:44Z,2026-10-08 19:20:10,SPXW,2026-10-14,P,8300.0,7753.0698,530.8,1.0,548.7,1.0,0.0,0.0,0.0,0.0,-0.9979,0.0,0.0,0.0768,-1.36
2026-10-08T19:20:44Z,2026-10-08 19:20:10,SPXW,2026-10-14,C,8325.0,7753.0698,0.05,494.0,0.15,648.0,0.0,0.0,0.0,0.1892,0.0019,0.0,-0.0663,0.0728,0.0023
2026-10-08T19:20:44Z,2026-10-08 19:20:10,SPXW,2026-10-14,P,8325.0,7753.0698,556.2,1.0,573.3,1.0,0.0,0.0,0.0,0.0,-0.998,0.0,0.0,0.0725,-1.3643
2026-10-08T19:20:44Z,2026-10-08 19:20:10,SPXW,2026-10-14,C,8350.0,7753.0698,0.05,274.0,0.15,658.0,0.0,0.0,0.0,0.1964,0.0018,0.0,-0.0651,0.0688,0.0022
2026-10-08T19:20:44Z,2026-10-08 19:20:10,SPXW,2026-10-14,P,8350.0,7753.0698,581.2,1.0,601.7,3.0,0.0,0.0,0.0,0.0,-0.9981,0.0,0.0,0.0686,-1.3685
2026-10-08T19:20:44Z,2026-10-08 19:20:10,SPXW,2026-10-14,C,8400.0,7753.0698,0.05,265.0,0.1,134.0,0.17,0.0,13.0,0.206,0.0016,0.0,-0.0624,0.0616,0.002
2026-10-08T19:20:44Z,2026-10-08 19:20:10,SPXW,2026-10-14,P,8400.0,7753.0698,630.9,1.0,649.0,1.0,0.0,0.0,0.0,0.0,-0.9983,0.0,0.0,0.0617,-1.3769
2026-10-08T19:20:44Z,2026-10-08 19:20:10,SPXW,2026-10-14,C,8500.0,7753.0698,0.05,212.0,0.1,143.0,0.1,0.0,31.0,0.2335,0.0014,0.0,-0.058,0.0509,0.0016
2026-10-08T19:20:44Z,2026-10-08 19:20:10,SPXW,2026-10-14,P,8500.0,7753.0698,731.0,1.0,751.5,1.0,0.0,0.0,0.0,0.0,-0.9986,0.0,0.0,0.0507,-1.3937
2026-10-08T19:20:44Z,2026-10-08 19:20:10,SPXW,2026-10-15,C,7000.0,7753.0698,750.5,1.0,769.4,1.0,780.47,0.0,6.0,0.3556,0.9937,0.0,-0.0443,0.2032,1.3314
2026-10-08T19:20:44Z,2026-10-08 19:20:10,SPXW,2026-10-15,P,7000.0,7753.0698,0.6,266.0,0.7,508.0,0.58,5.0,345.0,0.2996,-0.0063,0.0,-0.3189,0.2034,-0.0091
2026-10-08T19:20:44Z,2026-10-08 19:20:10,SPXW,2026-10-15,C,7025.0,7753.0698,725.8,1.0,744.2,1.0,0.0,0.0,0.0,0.3456,0.9932,0.0001,-0.0662,0.216,1.3356
2026-10-08T19:20:44Z,2026-10-08 19:20:10,SPXW,2026-10-15,P,7025.0,7753.0698,0.6,394.0,0.7,104.0,0.65,6.0,435.0,0.2903,-0.0067,0.0001,-0.3317,0.2162,-0.0097
2026-10-08T19:20:44Z,2026-10-08 19:20:10,SPXW,2026-10-15,C,7050.0,7753.0698,702.7,1.0,719.0,1.0,0.0,0.0,0.0,0.3504,0.9927,0.0001,-0.0888,0.2299,1.3397
2026-10-08T19:20:44Z,2026-10-08 19:20:10,SPXW,2026-10-15,P,7050.0,7753.0698,0.65,413.0,0.75,264.0,0.8,12.0,1306.0,0.2834,-0.0072,0.0001,-0.3453,0.2301,-0.0104
2026-10-08T19:20:44Z,2026-10-08 19:20:10,SPXW,2026-10-15,C,7075.0,7753.0698,675.7,1.0,694.1,1.0,0.0,0.0,0.0,0.3214,0.9922,0.0001,-0.1123,0.2452,1.3437
2026-10-08T19:20:44Z,2026-10-08 19:20:10,SPXW,2026-10-15,P,7075.0,7753.0698,0.7,403.0,0.8,303.0,0.65,6.0,486.0,0.2764,-0.0077,0.0001,-0.3598,0.2455,-0.0112
2026-10-08T19:20:44Z,2026-10-08 19:20:10,SPXW,2026-10-15,C,7100.0,7753.0698,650.9,1.0,669.1,1.0,733.11,0.0,4.0,0.3124,0.9916,0.0001,-0.1368,0.2621,1.3476
2026-10-08T19:20:44Z,2026-10-08 19:20:10,SPXW,2026-10-15,P,7100.0,7753.0698,0.75,97.0,0.85,747.0,0.85,2.0,249.0,0.2691,-0.0083,0.0001,-0.3753,0.2624,-0.0121
2026-10-08T19:20:44Z,2026-10-08 19:20:10,SPXW,2026-10-15,C,7125.0,7753.0698,627.2,1.0,644.2,1.0,0.0,0.0,0.0,0.3139,0.991,0.0001,-0.1625,0.2807,1.3514
2026-10-08T19:20:44Z,2026-10-08 19:20:10,SPXW,2026-10-15,P,7125.0,7753.0698,0.75,401.0,0.9,678.0,1.69,0.0,667.0,0.2606,-0.009,0.0001,-0.3919,0.281,-0.013
2026-10-08T19:20:44Z,2026-10-08 19:20:10,SPXW,2026-10-15,C,7150.0,7753.0698,603.2,1.0,619.3,1.0,631.18,2.0,2.0,0.311,0.9902,0.0001,-0.1895,0.301,1.3551
2026-10-08T19:20:44Z,2026-10-08 19:20:10,SPXW,2026-10-15,P,7150.0,7753.0698,0.8,400.0,0.95,675.0,0.95,7.0,390.0,0.253,-0.0097,0.0001,-0.4099,0.3014,-0.0141
2026-10-08T19:20:44Z,2026-10-08 19:20:10,SPXW,2026-10-15,C,7175.0,7753.0698,576.4,1.0,594.6,1.0,0.0,0.0,0.0,0.2881,0.9894,0.0001,-0.218,0.3234,1.3587
2026-10-08T19:20:44Z,2026-10-08 19:20:10,SPXW,2026-10-15,P,7175.0,7753.0698,0.85,394.0,1.0,634.0,1.04,10.0,133.0,0.2452,-0.0105,0.0001,-0.4294,0.3238,-0.0153
2026-10-08T19:20:44Z,2026-10-08 19:20:10,SPXW,2026-10-15,C,7200.0,7753.0698,552.4,1.0,569.4,1.0,517.19,0.0,11.0,0.283,0.9885,0.0001,-0.2483,0.3484,1.3622
2026-10-08T19:20:44Z,2026-10-08 19:20:10,SPXW,2026-10-15,P,7200.0,7753.0698,0.95,155.0,1.05,604.0,0.9,46.0,1254.0,0.2382,-0.0114,0.0001,-0.4503,0.3483,-0.0167
2026-10-08T19:20:44Z,2026-10-08 19:20:10,SPXW,2026-10-15,C,7210.0,7753.0698,543.0,1.0,559.9,2.0,0.0,0.0,0.0,0.2861,0.9881,0.0001,-0.261,0.3593,1.3635
2026-10-08T19:20:44Z,2026-10-08 19:20:10,SPXW,2026-10-15,P,7210.0,7753.0698,0.95,378.0,1.05,156.0,0.95,137.0,0.0,0.2343,-0.0119,0.0001,-0.4594,0.3592,-0.0173
2026-10-08T19:20:44Z,2026-10-08 19:20:10,SPXW,2026-10-15,C,7220.0,7753.0698,531.3,1.0,549.5,1.0,0.0,0.0,0.0,0.2663,0.9876,0.0001,-0.2741,0.3707,1.3648
2026-10-08T19:20:44Z,2026-10-08 19:20:10,SPXW,2026-10-15,P,7220.0,7753.0698,1.0,154.0,1.1,593.0,0.95,1.0,0.0,0.232,-0.0123,0.0001,-0.4688,0.3707,-0.0179
2026-10-08T19:20:44Z,2026-10-08 19:20:10,SPXW,2026-10-15,C,7225.0,7753.0698,527.5,1.0,544.5,1.0,0.0,0.0,0.0,0.2731,0.9874,0.0001,-0.2808,0.3767,1.3654
2026-10-08T19:20:44Z,2026-10-08 19:20:10,SPXW,2026-10-15,P,7225.0,7753.0698,1.0,367.0,1.1,261.0,0.95,1.0,448.0,0.23,-0.0125,0.0001,-0.4737,0.3766,-0.0182
2026-10-08T19:20:44Z,2026-10-08 19:20:10,SPXW,2026-10-15,C,7230.0,7753.0698,522.5,1.0,539.5,1.0,0.0,0.0,0.0,0.2708,0.9872,0.0001,-0.2876,0.3828,1.366
2026-10-08T19:20:44Z,2026-10-08 19:20:10,SPXW,2026-10-15,P,7230.0,7753.0698,1.0,374.0,1.1,167.0,1.0,1.0,0.0,0.2281,-0.0127,0.0001,-0.4787,0.3827,-0.0185
2026-10-08T19:20:44Z,2026-10-08 19:20:10,SPXW,2026-10-15,C,7240.0,7753.0698,513.1,1.0,529.6,1.0,0.0,0.0,0.0,0.271,0.9867,0.0001,-0.3015,0.3955,1.3672
2026-10-08T19:20:44Z,2026-10-08 19:20:10,SPXW,2026-10-15,P,7240.0,7753.0698,1.05,363.0,1.15,524.0,1.05,1.0,0.0,0.2256,-0.0132,0.0001,-0.489,0.3955,-0.0192
2026-10-08T19:20:44Z,2026-10-08 19:20:10,SPXW,2026-10-15,C,7250.0,7753.0698,502.1,1.0,519.6,1.0,470.66,0.0,5.0,0.2596,0.9862,0.0001,-0.3159,0.4089,1.3684
2026-10-08T19:20:44Z,2026-10-08 19:20:10,SPXW,2026-10-15,P,7250.0,7753.0698,1.05,368.0,1.15,15.0,1.05,33.0,91.0,0.2217,-0.0137,0.0001,-0.4998,0.4088,-0.02
2026-10-08T19:20:44Z,2026-10-08 19:20:10,SPXW,2026-10-15,C,7260.0,7753.0698,492.0,1.0,509.6,1.0,0.0,0.0,0.0,0.2543,0.9856,0.0001,-0.3308,0.423,1.3695
2026-10-08T19:20:44Z,2026-10-08 19:20:10,SPXW,2026-10-15,P,7260.0,7753.0698,1.1,361.0,1.2,162.0,1.1,1.0,1.0,0.2191,-0.0143,0.0001,-0.5111,0.4229,-0.0208
2026-10-08T19:20:44Z,2026-10-08 19:20:10,SPXW,2026-10-15,C,7270.0,7753.0698,482.1,1.0,499.7,1.0,0.0,0.0,0.0,0.2512,0.9851,0.0002,-0.3464,0.4378,1.3706
2026-10-08T19:20:44Z,2026-10-08 19:20:10,SPXW,2026-10-15,P,7270.0,7753.0698,1.15,269.0,1.25,497.0,1.1,1.0,1.0,0.2164,-0.0148,0.0002,-0.523,0.4377,-0.0216
2026-10-08T19:20:44Z,2026-10-08 19:20:10,SPXW,2026-10-15,C,7275.0,7753.0698,477.7,1.0,494.7,1.0,370.4,0.0,1.0,0.2529,0.9848,0.0002,-0.3544,0.4454,1.3711
2026-10-08T19:20:44Z,2026-10-08 19:20:10,SPXW,2026-10-15,P,7275.0,7753.0698,1.15,361.0,1.25,92.0,1.1,3.0,95.0,0.2144,-0.0152,0.0002,-0.5292,0.4454,-0.0221
2026-10-08T19:20:44Z,2026-10-08 19:20:10,SPXW,2026-10-15,C,7280.0,7753.0698,472.1,1.0,490.1,1.0,0.0,0.0,0.0,0.2499,0.9844,0.0002,-0.3625,0.4533,1.3716
2026-10-08T19:20:44Z,2026-10-08 19:20:10,SPXW,2026-10-15,P,7280.0,7753.0698,1.15,360.0,1.25,15.0,1.15,1.0,17.0,0.2131,-0.0155,0.0002,-0.5355,0.4532,-0.0226
2026-10-08T19:20:44Z,2026-10-08 19:20:10,SPXW,2026-10-15,C,7290.0,7753.0698,462.7,1.0,479.8,1.0,0.0,0.0,0.0,0.2466,0.9838,0.0002,-0.3794,0.4698,1.3725
2026-10-08T19:20:44Z,2026-10-08 19:20:10,SPXW,2026-10-15,P,7290.0,7753.0698,1.2,358.0,1.3,55.0,1.2,1.0,186.0,0.2097,-0.0161,0.0002,-0.5488,0.4697,-0.0235
2026-10-08T19:20:44Z,2026-10-08 19:20:10,SPXW,2026-10-15,C,7300.0,7753.0698,453.5,1.0,470.3,1.0,491.25,0.0,21.0,0.2497,0.9831,0.0002,-0.3971,0.4872,1.3734
2026-10-08T19:20:44Z,2026-10-08 19:20:10,SPXW,2026-10-15,P,7300.0,7753.0698,1.25,351.0,1.35,94.0,1.25,23.0,349.0,0.2069,-0.0168,0.0002,-0.5629,0.4871,-0.0246
2026-10-08T19:20:44Z,2026-10-08 19:20:10,SPXW,2026-10-15,C,7310.0,7753.0698,442.3,1.0,459.9,1.0,0.0,0.0,0.0,0.2355,0.9823,0.0002,-0.4157,0.5057,1.3742
2026-10-08T19:20:44Z,2026-10-08 19:20:10,SPXW,2026-10-15,P,7310.0,7753.0698,1.3,339.0,1.4,74.0,1.3,11.0,10.0,0.204,-0.0176,0.0002,-0.5779,0.5056,-0.0257
2026-10-08T19:20:44Z,2026-10-08 19:20:10,SPXW,2026-10-15,C,7320.0,7753.0698,432.4,1.0,449.9,1.0,0.0,0.0,0.0,0.2316,0.9815,0.0002,-0.4353,0.5255,1.3749
2026-10-08T19:20:44Z,2026-10-08 19:20:10,SPXW,2026-10-15,P,7320.0,7753.0698,1.35,336.0,1.45,71.0,1.35,1.0,36.0,0.201,-0.0184,0.0002,-0.5938,0.5254,-0.0268
2026-10-08T19:20:44Z,2026-10-08 19:20:10,SPXW,2026-10-15,C,7325.0,7753.0698,424.5,2.0,445.0,1.0,0.0,0.0,0.0,0.2093,0.9811,0.0002,-0.4455,0.536,1.3753
2026-10-08T19:20:44Z,2026-10-08 19:20:10,SPXW,2026-10-15,P,7325.0,7753.0698,1.4,242.0,1.5,360.0,1.35,29.0,341.0,0.2,-0.0188,0.0002,-0.6023,0.536,-0.0275
2026-10-08T19:20:44Z,2026-10-08 19:20:10,SPXW,2026-10-15,C,7330.0,7753.0698,422.4,1.0,440.0,1.0,0.0,0.0,0.0,0.2276,0.9806,0.0002,-0.4559,0.5468,1.3756
2026-10-08T19:20:44Z,2026-10-08 19:20:10,SPXW,2026-10-15,P,7330.0,7753.0698,1.4,336.0,1.5,62.0,1.4,3.0,143.0,0.198,-0.0193,0.0002,-0.6108,0.5467,-0.0281
2026-10-08T19:20:44Z,2026-10-08 19:20:10,SPXW,2026-10-15,C,7340.0,7753.0698,409.6,3.0,430.1,1.0,0.0,0.0,0.0,0.2044,0.9797,0.0002,-0.4778,0.5696,1.3761
2026-10-08T19:20:44Z,2026-10-08 19:20:10,SPXW,2026-10-15,P,7340.0,7753.0698,1.45,335.0,1.55,35.0,1.45,1.0,110.0,0.1949,-0.0202,0.0002,-0.629,0.5695,-0.0295
2026-10-08T19:20:44Z,2026-10-08 19:20:10,SPXW,2026-10-15,C,7350.0,7753.0698,402.6,1.0,420.1,1.0,419.23,0.0,2.0,0.2201,0.9787,0.0002,-0.501,0.5941,1.3765
2026-10-08T19:20:44Z,2026-10-08 19:20:10,SPXW,2026-10-15,P,7350.0,7753.0698,1.55,230.0,1.65,350.0,1.5,90.0,275.0,0.1927,-0.0212,0.0002,-0.6487,0.5941,-0.031
2026-10-08T19:20:44Z,2026-10-08 19:20:10,SPXW,2026-10-15,C,7360.0,7753.0698,392.2,1.0,410.2,1.0,418.85,2.0,0.0,0.2137,0.9776,0.0003,-0.5256,0.6203,1.3768
2026-10-08T19:20:44Z,2026-10-08 19:20:10,SPXW,2026-10-15,P,7360.0,7753.0698,1.6,310.0,1.7,36.0,1.55,17.0,28.0,0.1895,-0.0223,0.0003,-0.6696,0.6202,-0.0326
2026-10-08T19:20:44Z,2026-10-08 19:20:10,SPXW,2026-10-15,C,7365.0,7753.0698,388.2,1.0,405.7,2.0,0.0,0.0,0.0,0.2195,0.977,0.0003,-0.5386,0.6341,1.3769
2026-10-08T19:20:44Z,2026-10-08 19:20:10,SPXW,2026-10-15,P,7365.0,7753.0698,1.65,226.0,1.75,222.0,1.6,114.0,10.0,0.1883,-0.0229,0.0003,-0.6807,0.634,-0.0335
2026-10-08T19:20:44Z,2026-10-08 19:20:10,SPXW,2026-10-15,C,7370.0,7753.0698,384.0,1.0,400.3,1.0,0.0,0.0,0.0,0.2192,0.9764,0.0003,-0.5519,0.6484,1.3769
2026-10-08T19:20:44Z,2026-10-08 19:20:10,SPXW,2026-10-15,P,7370.0,7753.0698,1.7,226.0,1.75,15.0,1.65,160.0,65.0,0.1866,-0.0236,0.0003,-0.6923,0.6482,-0.0345
2026-10-08T19:20:44Z,2026-10-08 19:20:10,SPXW,2026-10-15,C,7375.0,7753.0698,378.6,1.0,395.3,1.0,399.59,0.0,2.0,0.2148,0.9757,0.0003,-0.5658,0.6631,1.3769
2026-10-08T19:20:44Z,2026-10-08 19:20:10,SPXW,2026-10-15,P,7375.0,7753.0698,1.7,313.0,1.8,15.0,1.7,121.0,170.0,0.185,-0.0242,0.0003,-0.7043,0.6629,-0.0354
2026-10-08T19:20:44Z,2026-10-08 19:20:10,SPXW,2026-10-15,C,7380.0,7753.0698,372.9,1.0,390.4,1.0,0.0,0.0,0.0,0.2093,0.975,0.0003,-0.5801,0.6784,1.3768
2026-10-08T19:20:44Z,2026-10-08 19:20:10,SPXW,2026-10-15,P,7380.0,7753.0698,1.75,301.0,1.85,35.0,1.7,68.0,45.0,0.1837,-0.0249,0.0003,-0.7168,0.6782,-0.0364
2026-10-08T19:20:44Z,2026-10-08 19:20:10,SPXW,2026-10-15,C,7385.0,7753.0698,368.5,1.0,385.9,1.0,393.15,2.0,0.0,0.2125,0.9743,0.0003,-0.5949,0.6942,1.3767
2026-10-08T19:20:44Z,2026-10-08 19:20:10,SPXW,2026-10-15,P,7385.0,7753.0698,1.8,294.0,1.9,35.0,1.75,32.0,17.0,0.1824,-0.0256,0.0003,-0.7298,0.694,-0.0375
2026-10-08T19:20:44Z,2026-10-08 19:20:10,SPXW,2026-10-15,C,7390.0,7753.0698,363.5,1.0,380.5,1.0,393.83,0.0,2.0,0.2081,0.9736,0.0003,-0.6103,0.7106,1.3766
2026-10-08T19:20:44Z,2026-10-08 19:20:10,SPXW,2026-10-15,P,7390.0,7753.0698,1.85,208.0,1.95,46.0,1.8,2693.0,101.0,0.1811,-0.0263,0.0003,-0.7434,0.7104,-0.0386
2026-10-08T19:20:44Z,2026-10-08 19:20:10,SPXW,2026-10-15,C,7395.0,7753.0698,359.2,1.0,375.5,1.0,0.0,0.0,0.0,0.2091,0.9728,0.0003,-0.6262,0.7277,1.3764
2026-10-08T19:20:44Z,2026-10-08 19:20:10,SPXW,2026-10-15,P,7395.0,7753.0698,1.9,206.0,2.0,45.0,1.85,4.0,4.0,0.1797,-0.0271,0.0003,-0.7575,0.7275,-0.0397
2026-10-08T19:20:44Z,2026-10-08 19:20:10,SPXW,2026-10-15,C,7400.0,7753.0698,354.3,1.0,370.6,1.0,358.58,1.0,21.0,0.2076,0.972,0.0003,-0.6427,0.7455,1.3762
2026-10-08T19:20:44Z,2026-10-08 19:20:10,SPXW,2026-10-15,P,7400.0,7753.0698,1.95,205.0,2.05,35.0,1.9,222.0,346.0,0.1784,-0.0279,0.0003,-0.7722,0.7453,-0.0409
2026-10-08T19:20:44Z,2026-10-08 19:20:10,SPXW,2026-10-15,C,7405.0,7753.0698,349.3,1.0,365.7,1.0,0.0,0.0,0.0,0.2056,0.9711,0.0003,-0.6598,0.7641,1.3759
2026-10-08T19:20:44Z,2026-10-08 19:20:10,SPXW,2026-10-15,P,7405.0,7753.0698,2.0,230.0,2.1,35.0,1.95,203.0,13.0,0.1769,-0.0288,0.0003,-0.7874,0.7639,-0.0422
2026-10-08T19:20:44Z,2026-10-08 19:20:10,SPXW,2026-10-15,C,7410.0,7753.0698,343.0,1.0,360.7,1.0,326.21,0.0,30.0,0.1971,0.9702,0.0004,-0.6775,0.7835,1.3756
2026-10-08T19:20:44Z,2026-10-08 19:20:10,SPXW,2026-10-15,P,7410.0,7753.0698,2.1,77.0,2.15,15.0,2.0,34.0,55.0,0.1755,-0.0297,0.0004,-0.8033,0.7833,-0.0434
2026-10-08T19:20:44Z,2026-10-08 19:20:10,SPXW,2026-10-15,C,7415.0,7753.0698,336.2,1.0,356.0,2.0,0.0,0.0,0.0,0.187,0.9693,0.0004,-0.6959,0.8037,1.3752
2026-10-08T19:20:44Z,2026-10-08 19:20:10,SPXW,2026-10-15,P,7415.0,7753.0698,2.15,100.0,2.25,162.0,2.1,3.0,0.0,0.1744,-0.0306,0.0004,-0.8199,0.8035,-0.0448
2026-10-08T19:20:44Z,2026-10-08 19:20:10,SPXW,2026-10-15,C,7420.0,7753.0698,332.5,1.0,350.8,1.0,0.0,0.0,0.0,0.1904,0.9683,0.0004,-0.715,0.8248,1.3747
2026-10-08T19:20:44Z,2026-10-08 19:20:10,SPXW,2026-10-15,P,7420.0,7753.0698,2.2,152.0,2.3,153.0,2.15,70.0,80.0,0.1732,-0.0316,0.0004,-0.8372,0.8245,-0.0462
2026-10-08T19:20:44Z,2026-10-08 19:20:10,SPXW,2026-10-15,C,7425.0,7753.0698,329.6,1.0,345.9,1.0,245.36,0.0,1.0,0.1981,0.9673,0.0004,-0.7348,0.8467,1.3741
2026-10-08T19:20:44Z,2026-10-08 19:20:10,SPXW,2026-10-15,P,7425.0,7753.0698,2.25,140.0,2.35,104.0,2.2,108.0,210.0,0.1717,-0.0326,0.0004,-0.8551,0.8464,-0.0478
2026-10-08T19:20:44Z,2026-10-08 19:20:10,SPXW,2026-10-15,C,7430.0,7753.0698,323.3,1.0,341.0,1.0,329.03,1.0,1.0,0.1904,0.9662,0.0004,-0.7553,0.8694,1.3735
2026-10-08T19:20:44Z,2026-10-08 19:20:10,SPXW,2026-10-15,P,7430.0,7753.0698,2.35,105.0,2.45,160.0,2.25,101.0,274.0,0.1705,-0.0337,0.0004,-0.8739,0.8691,-0.0494
2026-10-08T19:20:44Z,2026-10-08 19:20:10,SPXW,2026-10-15,C,7435.0,7753.0698,319.3,1.0,336.1,1.0,0.0,0.0,0.0,0.1927,0.9651,0.0004,-0.7766,0.8929,1.3727
2026-10-08T19:20:44Z,2026-10-08 19:20:10,SPXW,2026-10-15,P,7435.0,7753.0698,2.4,126.0,2.5,101.0,2.35,23.0,50.0,0.1692,-0.0348,0.0004,-0.8934,0.8926,-0.0511
2026-10-08T19:20:44Z,2026-10-08 19:20:10,SPXW,2026-10-15,C,7440.0,7753.0698,313.6,1.0,331.1,1.0,232.46,0.0,1.0,0.1873,0.9639,0.0004,-0.7988,0.9173,1.3719
2026-10-08T19:20:44Z,2026-10-08 19:20:10,SPXW,2026-10-15,P,7440.0,7753.0698,2.5,82.0,2.6,161.0,2.4,19.0,101.0,0.1682,-0.036,0.0004,-0.9139,0.9173,-0.0529
2026-10-08T19:20:44Z,2026-10-08 19:20:10,SPXW,2026-10-15,C,7445.0,7753.0698,310.0,1.0,326.2,1.0,0.0,0.0,0.0,0.191,0.9626,0.0004,-0.8218,0.9425,1.371
2026-10-08T19:20:44Z,2026-10-08 19:20:10,SPXW,2026-10-15,P,7445.0,7753.0698,2.55,128.0,2.65,15.0,2.5,75.0,65.0,0.1666,-0.0373,0.0004,-0.9349,0.9422,-0.0548
2026-10-08T19:20:44Z,2026-10-08 19:20:10,SPXW,2026-10-15,C,7450.0,7753.0698,303.0,1.0,321.3,1.0,357.84,0.0,12.0,0.1807,0.9613,0.0005,-0.8457,0.9687,1.37
2026-10-08T19:20:44Z,2026-10-08 19:20:10,SPXW,2026-10-15,P,7450.0,7753.0698,2.65,127.0,2.75,76.0,2.6,372.0,164.0,0.1655,-0.0386,0.0005,-0.9569,0.9684,-0.0567
2026-10-08T19:20:44Z,2026-10-08 19:20:10,SPXW,2026-10-15,C,7455.0,7753.0698,300.2,1.0,316.4,1.0,0.0,0.0,0.0,0.1876,0.9599,0.0005,-0.8704,0.996,1.3689
2026-10-08T19:20:44Z,2026-10-08 19:20:10,SPXW,2026-10-15,P,7455.0,7753.0698,2.75,86.0,2.85,86.0,2.65,83.0,30.0,0.1644,-0.04,0.0005,-0.9799,0.9957,-0.0588
2026-10-08T19:20:44Z,2026-10-08 19:20:10,SPXW,2026-10-15,C,7460.0,7753.0698,293.1,1.0,311.5,1.0,235.68,0.0,1.0,0.1771,0.9585,0.0005,-0.8962,1.0244,1.3677
2026-10-08T19:20:44Z,2026-10-08 19:20:10,SPXW,2026-10-15,P,7460.0,7753.0698,2.85,77.0,2.95,131.0,2.8,11.0,47.0,0.1632,-0.0414,0.0005,-1.0038,1.024,-0.0609
2026-10-08T19:20:44Z,2026-10-08 19:20:10,SPXW,2026-10-15,C,7465.0,7753.0698,290.4,1.0,306.6,1.0,0.0,0.0,0.0,0.1841,0.957,0.0005,-0.9228,1.054,1.3664
2026-10-08T19:20:44Z,2026-10-08 19:20:10,SPXW,2026-10-15,P,7465.0,7753.0698,2.95,105.0,3.1,246.0,2.9,23.0,6.0,0.1622,-0.043,0.0005,-1.0287,1.0536,-0.0631
2026-10-08T19:20:44Z,2026-10-08 19:20:10,SPXW,2026-10-15,C,7470.0,7753.0698,283.3,1.0,301.7,1.0,240.34,0.0,2.0,0.1738,0.9553,0.0005,-0.9505,1.0849,1.365
2026-10-08T19:20:44Z,2026-10-08 19:20:10,SPXW,2026-10-15,P,7470.0,7753.0698,3.0,195.0,3.2,243.0,3.0,50.0,48.0,0.1606,-0.0446,0.0005,-1.0545,1.0846,-0.0655
2026-10-08T19:20:44Z,2026-10-08 19:20:10,SPXW,2026-10-15,C,7475.0,7753.0698,278.4,1.0,296.8,1.0,363.17,0.0,82.0,0.1722,0.9536,0.0006,-0.9792,1.1172,1.3635
2026-10-08T19:20:44Z,2026-10-08 19:20:10,SPXW,2026-10-15,P,7475.0,7753.0698,3.1,285.0,3.3,182.0,3.1,181.0,387.0,0.1593,-0.0462,0.0006,-1.0813,1.1168,-0.068
2026-10-08T19:20:44Z,2026-10-08 19:20:10,SPXW,2026-10-15,C,7480.0,7753.0698,273.8,1.0,292.0,1.0,0.0,0.0,0.0,0.172,0.9519,0.0006,-1.0089,1.1507,1.3618
2026-10-08T19:20:44Z,2026-10-08 19:20:10,SPXW,2026-10-15,P,7480.0,7753.0698,3.3,61.0,3.4,133.0,3.2,50.0,217.0,0.158,-0.048,0.0006,-1.1092,1.1503,-0.0706
2026-10-08T19:20:44Z,2026-10-08 19:20:10,SPXW,2026-10-15,C,7485.0,7753.0698,268.5,1.0,287.1,1.0,295.93,2.0,0.0,0.1688,0.95,0.0006,-1.0396,1.1854,1.36
2026-10-08T19:20:44Z,2026-10-08 19:20:10,SPXW,2026-10-15,P,7485.0,7753.0698,3.4,87.0,3.5,15.0,3.46,164.0,15.0,0.157,-0.0499,0.0006,-1.1382,1.185,-0.0734
2026-10-08T19:20:44Z,2026-10-08 19:20:10,SPXW,2026-10-15,C,7490.0,7753.0698,264.0,1.0,282.2,1.0,317.25,0.0,1.0,0.1685,0.948,0.0006,-1.0715,1.2212,1.358
2026-10-08T19:20:44Z,2026-10-08 19:20:10,SPXW,2026-10-15,P,7490.0,7753.0698,3.5,98.0,3.7,149.0,3.6,107.0,206.0,0.156,-0.0518,0.0006,-1.1682,1.2208,-0.0763
2026-10-08T19:20:44Z,2026-10-08 19:20:10,SPXW,2026-10-15,C,7495.0,7753.0698,259.5,1.0,277.4,1.0,0.0,0.0,0.0,0.1685,0.946,0.0006,-1.1045,1.2582,1.3558
2026-10-08T19:20:44Z,2026-10-08 19:20:10,SPXW,2026-10-15,P,7495.0,7753.0698,3.7,54.0,3.8,123.0,3.6,76.0,43.0,0.1546,-0.0539,0.0006,-1.1994,1.2578,-0.0794
2026-10-08T19:20:44Z,2026-10-08 19:20:10,SPXW,2026-10-15,C,7500.0,7753.0698,254.2,1.0,272.5,1.0,337.08,0.0,10.0,0.1652,0.9438,0.0007,-1.1386,1.2964,1.3535
2026-10-08T19:20:44Z,2026-10-08 19:20:10,SPXW,2026-10-15,P,7500.0,7753.0698,3.8,84.0,4.0,150.0,3.72,2362.0,609.0,0.1538,-0.0561,0.0007,-1.2317,1.296,-0.0827
2026-10-08T19:20:44Z,2026-10-08 19:20:10,SPXW,2026-10-15,C,7505.0,7753.0698,249.8,1.0,267.7,1.0,0.0,0.0,0.0,0.1654,0.9415,0.0007,-1.1739,1.3359,1.3511
2026-10-08T19:20:44Z,2026-10-08 19:20:10,SPXW,2026-10-15,P,7505.0,7753.0698,4.0,51.0,4.1,95.0,4.05,45.0,43.0,0.1523,-0.0584,0.0007,-1.2652,1.3355,-0.0861
2026-10-08T19:20:44Z,2026-10-08 19:20:10,SPXW,2026-10-15,C,7510.0,7753.0698,245.0,1.0,262.8,1.0,287.64,20.0,74.0,0.1638,0.9391,0.0007,-1.2104,1.377,1.3485
2026-10-08T19:20:44Z,2026-10-08 19:20:10,SPXW,2026-10-15,P,7510.0,7753.0698,4.1,96.0,4.3,117.0,4.2,132.0,126.0,0.1514,-0.0608,0.0007,-1.2998,1.3765,-0.0896
2026-10-08T19:20:44Z,2026-10-08 19:20:10,SPXW,2026-10-15,C,7515.0,7753.0698,241.4,1.0,258.0,1.0,0.0,0.0,0.0,0.1663,0.9366,0.0008,-1.2481,1.4198,1.3458
2026-10-08T19:20:44Z,2026-10-08 19:20:10,SPXW,2026-10-15,P,7515.0,7753.0698,4.3,48.0,4.5,94.0,4.2,7.0,74.0,0.1505,-0.0633,0.0008,-1.3361,1.4198,-0.0934
2026-10-08T19:20:44Z,2026-10-08 19:20:10,SPXW,2026-10-15,C,7520.0,7753.0698,235.3,1.0,253.2,1.0,280.9,0.0,0.0,0.1608,0.934,0.0008,-1.2869,1.4642,1.3429
2026-10-08T19:20:44Z,2026-10-08 19:20:10,SPXW,2026-10-15,P,7520.0,7753.0698,4.5,53.0,4.7,98.0,4.4,122.0,120.0,0.1491,-0.066,0.0008,-1.3731,1.4642,-0.0972
2026-10-08T19:20:44Z,2026-10-08 19:20:10,SPXW,2026-10-15,C,7525.0,7753.0698,230.3,1.0,248.4,1.0,231.09,0.0,10.0,0.1588,0.9312,0.0008,-1.3269,1.5104,1.3397
2026-10-08T19:20:44Z,2026-10-08 19:20:10,SPXW,2026-10-15,P,7525.0,7753.0698,4.7,75.0,4.9,127.0,4.75,108.0,382.0,0.1481,-0.0687,0.0008,-1.4113,1.5104,-0.1014
2026-10-08T19:20:44Z,2026-10-08 19:20:10,SPXW,2026-10-15,C,7530.0,7753.0698,225.5,1.0,243.6,1.0,226.85,1.0,3.0,0.1574,0.9283,0.0009,-1.3682,1.5579,1.3363
2026-10-08T19:20:44Z,2026-10-08 19:20:10,SPXW,2026-10-15,P,7530.0,7753.0698,4.9,49.0,5.1,123.0,4.8,113.0,219.0,0.147,-0.0717,0.0009,-1.4508,1.5579,-0.1058
2026-10-08T19:20:44Z,2026-10-08 19:20:10,SPXW,2026-10-15,C,7535.0,7753.0698,221.1,1.0,238.8,1.0,0.0,0.0,0.0,0.1571,0.9252,0.0009,-1.4106,1.6068,1.3326
2026-10-08T19:20:44Z,2026-10-08 19:20:10,SPXW,2026-10-15,P,7535.0,7753.0698,5.1,47.0,5.3,117.0,5.0,88.0,113.0,0.1462,-0.0747,0.0009,-1.4914,1.6068,-0.1104
2026-10-08T19:20:44Z,2026-10-08 19:20:10,SPXW,2026-10-15,C,7540.0,7753.0698,215.8,1.0,234.0,1.0,296.65,0.0,26.0,0.1541,0.922,0.0009,-1.4543,1.6569,1.3287
2026-10-08T19:20:44Z,2026-10-08 19:20:10,SPXW,2026-10-15,P,7540.0,7753.0698,5.3,46.0,5.5,86.0,5.2,144.0,256.0,0.1449,-0.078,0.0009,-1.5333,1.6569,-0.1152
2026-10-08T19:20:44Z,2026-10-08 19:20:10,SPXW,2026-10-15,C,7545.0,7753.0698,212.8,1.0,229.3,1.0,0.0,0.0,0.0,0.1577,0.9186,0.001,-1.4992,1.7083,1.3246
2026-10-08T19:20:44Z,2026-10-08 19:20:10,SPXW,2026-10-15,P,7545.0,7753.0698,5.5,136.0,5.8,123.0,5.4,57.0,66.0,0.1436,-0.0813,0.001,-1.5764,1.7083,-0.1203
2026-10-08T19:20:44Z,2026-10-08 19:20:10,SPXW,2026-10-15,C,7550.0,7753.0698,206.7,1.0,220.4,1.0,257.3,0.0,14.0,0.1407,0.915,0.001,-1.5454,1.7614,1.3203
2026-10-08T19:20:44Z,2026-10-08 19:20:10,SPXW,2026-10-15,P,7550.0,7753.0698,5.8,66.0,6.0,105.0,5.82,311.0,548.0,0.1428,-0.0849,0.001,-1.6207,1.7614,-0.1256
2026-10-08T19:20:44Z,2026-10-08 19:20:10,SPXW,2026-10-15,C,7555.0,7753.0698,203.1,1.0,216.5,1.0,129.3,0.0,1.0,0.1462,0.9113,0.001,-1.5927,1.8163,1.3157
2026-10-08T19:20:44Z,2026-10-08 19:20:10,SPXW,2026-10-15,P,7555.0,7753.0698,6.1,45.0,6.3,102.0,6.0,161.0,73.0,0.142,-0.0886,0.001,-1.6662,1.8163,-0.1311
2026-10-08T19:20:44Z,2026-10-08 19:20:10,SPXW,2026-10-15,C,7560.0,7753.0698,197.7,2.0,210.9,1.0,280.42,0.0,90.0,0.1399,0.9074,0.0011,-1.6412,1.8732,1.3109
2026-10-08T19:20:44Z,2026-10-08 19:20:10,SPXW,2026-10-15,P,7560.0,7753.0698,6.4,38.0,6.6,86.0,6.2,202.0,188.0,0.1408,-0.0925,0.0011,-1.7129,1.8732,-0.1368
2026-10-08T19:20:44Z,2026-10-08 19:20:10,SPXW,2026-10-15,C,7565.0,7753.0698,196.7,13.0,202.5,12.0,223.81,2.0,13.0,0.1389,0.9033,0.0011,-1.6908,1.932,1.3058
2026-10-08T19:20:44Z,2026-10-08 19:20:10,SPXW,2026-10-15,P,7565.0,7753.0698,6.7,52.0,6.9,70.0,6.5,173.0,59.0,0.1397,-0.0966,0.0011,-1.7607,1.932,-0.143
2026-10-08T19:20:44Z,2026-10-08 19:20:10,SPXW,2026-10-15,C,7570.0,7753.0698,192.1,13.0,197.8,12.0,253.29,0.0,13.0,0.138,0.899,0.0012,-1.7415,1.9923,1.3002
2026-10-08T19:20:44Z,2026-10-08 19:20:10,SPXW,2026-10-15,P,7570.0,7753.0698,7.0,50.0,7.2,98.0,7.1,1777.0,220.0,0.1386,-0.101,0.0012,-1.8096,1.9923,-0.1495
2026-10-08T19:20:44Z,2026-10-08 19:20:10,SPXW,2026-10-15,C,7575.0,7753.0698,187.4,13.0,193.1,12.0,187.15,20.0,28.0,0.1369,0.8944,0.0012,-1.7934,2.0536,1.2943
2026-10-08T19:20:44Z,2026-10-08 19:20:10,SPXW,2026-10-15,P,7575.0,7753.0698,7.3,71.0,7.5,69.0,7.3,1791.0,529.0,0.1377,-0.1055,0.0012,-1.8597,2.0536,-0.1563
2026-10-08T19:20:44Z,2026-10-08 19:20:10,SPXW,2026-10-15,C,7580.0,7753.0698,182.8,13.0,188.4,12.0,171.78,42.0,162.0,0.1358,0.8897,0.0013,-1.8463,2.1161,1.2881
2026-10-08T19:20:44Z,2026-10-08 19:20:10,SPXW,2026-10-15,P,7580.0,7753.0698,7.7,41.0,7.8,15.0,7.6,209.0,172.0,0.1367,-0.1102,0.0013,-1.9108,2.1161,-0.1635
2026-10-08T19:20:44Z,2026-10-08 19:20:10,SPXW,2026-10-15,C,7585.0,7753.0698,178.4,13.0,183.8,12.0,175.26,0.0,5.0,0.1355,0.8847,0.0013,-1.9003,2.1799,1.2817
2026-10-08T19:20:44Z,2026-10-08 19:20:10,SPXW,2026-10-15,P,7585.0,7753.0698,8.0,61.0,8.2,53.0,8.17,175.0,143.0,0.1356,-0.1152,0.0013,-1.963,2.1799,-0.1709
2026-10-08T19:20:44Z,2026-10-08 19:20:10,SPXW,2026-10-15,C,7590.0,7753.0698,173.8,13.0,179.7,12.0,169.91,10.0,26.0,0.1357,0.8795,0.0014,-1.9552,2.2455,1.275
2026-10-08T19:20:44Z,2026-10-08 19:20:10,SPXW,2026-10-15,P,7590.0,7753.0698,8.4,40.0,8.6,65.0,8.3,306.0,150.0,0.1347,-0.1204,0.0014,-2.0161,2.2455,-0.1785
2026-10-08T19:20:44Z,2026-10-08 19:20:10,SPXW,2026-10-15,C,7595.0,7753.0698,169.0,14.0,174.6,13.0,131.55,0.0,3.0,0.133,0.8741,0.0014,-2.0111,2.3131,1.2679
2026-10-08T19:20:44Z,2026-10-08 19:20:10,SPXW,2026-10-15,P,7595.0,7753.0698,8.8,42.0,9.0,43.0,8.97,167.0,383.0,0.1336,-0.1258,0.0014,-2.0701,2.3131,-0.1866
2026-10-08T19:20:44Z,2026-10-08 19:20:10,SPXW,2026-10-15,C,7600.0,7753.0698,164.5,14.0,170.0,13.0,161.97,3.0,463.0,0.1321,0.8684,0.0015,-2.0678,2.3826,1.2603
2026-10-08T19:20:44Z,2026-10-08 19:20:10,SPXW,2026-10-15,P,7600.0,7753.0698,9.3,65.0,9.5,95.0,9.1,569.0,1225.0,0.1329,-0.1315,0.0015,-2.125,2.3826,-0.1951
2026-10-08T19:20:44Z,2026-10-08 19:20:10,SPXW,2026-10-15,C,7605.0,7753.0698,160.0,14.0,165.5,13.0,159.13,6.0,15.0,0.1313,0.8624,0.0015,-2.1252,2.4532,1.2522
2026-10-08T19:20:44Z,2026-10-08 19:20:10,SPXW,2026-10-15,P,7605.0,7753.0698,9.7,39.0,9.9,46.0,9.6,218.0,55.0,0.1317,-0.1375,0.0015,-2.1807,2.4532,-0.2042
2026-10-08T19:20:44Z,2026-10-08 19:20:10,SPXW,2026-10-15,C,7610.0,7753.0698,155.6,14.0,160.9,13.0,151.96,10.0,23.0,0.1304,0.8561,0.0016,-2.1834,2.5246,1.2436
2026-10-08T19:20:44Z,2026-10-08 19:20:10,SPXW,2026-10-15,P,7610.0,7753.0698,10.2,37.0,10.4,51.0,10.0,98.0,79.0,0.1308,-0.1438,0.0016,-2.237,2.5246,-0.2137
2026-10-08T19:20:44Z,2026-10-08 19:20:10,SPXW,2026-10-15,C,7615.0,7753.0698,151.0,14.0,156.4,13.0,158.05,1.0,26.0,0.1292,0.8496,0.0017,-2.2421,2.5966,1.2347
2026-10-08T19:20:44Z,2026-10-08 19:20:10,SPXW,2026-10-15,P,7615.0,7753.0698,10.7,36.0,10.9,41.0,10.5,238.0,246.0,0.1298,-0.1503,0.0017,-2.294,2.5966,-0.2236
2026-10-08T19:20:44Z,2026-10-08 19:20:10,SPXW,2026-10-15,C,7620.0,7753.0698,146.7,14.0,152.0,13.0,153.55,1.0,10.0,0.1286,0.8427,0.0017,-2.3014,2.6695,1.2255
2026-10-08T19:20:44Z,2026-10-08 19:20:10,SPXW,2026-10-15,P,7620.0,7753.0698,11.3,32.0,11.5,58.0,11.1,354.0,117.0,0.1291,-0.1572,0.0017,-2.3514,2.6695,-0.2338
2026-10-08T19:20:44Z,2026-10-08 19:20:10,SPXW,2026-10-15,C,7625.0,7753.0698,142.3,14.0,147.5,13.0,200.44,0.0,60.0,0.1276,0.8355,0.0018,-2.3611,2.7441,1.2158
2026-10-08T19:20:44Z,2026-10-08 19:20:10,SPXW,2026-10-15,P,7625.0,7753.0698,11.9,30.0,12.1,84.0,11.6,257.0,267.0,0.1278,-0.1644,0.0018,-2.4093,2.7441,-0.2444
2026-10-08T19:20:44Z,2026-10-08 19:20:10,SPXW,2026-10-15,C,7630.0,7753.0698,137.9,14.0,143.1,13.0,131.22,48.0,50.0,0.1267,0.828,0.0018,-2.421,2.8202,1.2056
2026-10-08T19:20:44Z,2026-10-08 19:20:10,SPXW,2026-10-15,P,7630.0,7753.0698,12.5,30.0,12.7,58.0,12.2,81.0,130.0,0.1269,-0.1719,0.0018,-2.4674,2.8202,-0.2556
2026-10-08T19:20:44Z,2026-10-08 19:20:10,SPXW,2026-10-15,C,7635.0,7753.0698,133.4,14.0,138.7,13.0,129.07,11.0,21.0,0.1254,0.8202,0.0019,-2.4811,2.8974,1.1947
2026-10-08T19:20:44Z,2026-10-08 19:20:10,SPXW,2026-10-15,P,7635.0,7753.0698,13.1,33.0,13.3,49.0,12.8,79.0,117.0,0.1262,-0.1797,0.0019,-2.5257,2.8974,-0.2674
2026-10-08T19:20:44Z,2026-10-08 19:20:10,SPXW,2026-10-15,C,7640.0,7753.0698,129.1,16.0,134.4,15.0,129.08,5.0,56.0,0.1246,0.812,0.002,-2.5411,2.9745,1.1832
2026-10-08T19:20:44Z,2026-10-08 19:20:10,SPXW,2026-10-15,P,7640.0,7753.0698,13.8,32.0,14.0,54.0,13.5,300.0,108.0,0.1252,-0.1879,0.002,-2.5838,2.9745,-0.2799
2026-10-08T19:20:44Z,2026-10-08 19:20:10,SPXW,2026-10-15,C,7645.0,7753.0698,125.0,17.0,130.1,16.0,197.13,0.0,6.0,0.124,0.8035,0.0021,-2.6009,3.0512,1.1712
2026-10-08T19:20:44Z,2026-10-08 19:20:10,SPXW,2026-10-15,P,7645.0,7753.0698,14.5,31.0,14.7,33.0,14.6,154.0,101.0,0.1244,-0.1964,0.0021,-2.6418,3.0512,-0.2928
2026-10-08T19:20:44Z,2026-10-08 19:20:10,SPXW,2026-10-15,C,7650.0,7753.0698,120.6,17.0,125.8,16.0,111.28,51.0,111.0,0.1228,0.7946,0.0021,-2.6603,3.1279,1.1589
2026-10-08T19:20:44Z,2026-10-08 19:20:10,SPXW,2026-10-15,P,7650.0,7753.0698,15.2,53.0,15.4,15.0,15.3,210.0,332.0,0.1234,-0.2054,0.0021,-2.6994,3.1279,-0.3061
2026-10-08T19:20:44Z,2026-10-08 19:20:10,SPXW,2026-10-15,C,7655.0,7753.0698,118.5,3.0,119.8,3.0,112.57,10.0,25.0,0.1228,0.7853,0.0022,-2.7191,3.2053,1.1461
2026-10-08T19:20:44Z,2026-10-08 19:20:10,SPXW,2026-10-15,P,7655.0,7753.0698,16.0,31.0,16.2,33.0,15.6,75.0,160.0,0.1225,-0.2146,0.0022,-2.7565,3.2053,-0.3199
2026-10-08T19:20:44Z,2026-10-08 19:20:10,SPXW,2026-10-15,C,7660.0,7753.0698,112.6,18.0,117.4,16.0,150.5,0.0,33.0,0.1215,0.7756,0.0023,-2.7772,3.2834,1.1325
2026-10-08T19:20:44Z,2026-10-08 19:20:10,SPXW,2026-10-15,P,7660.0,7753.0698,16.8,30.0,17.1,44.0,16.6,134.0,261.0,0.1215,-0.2243,0.0023,-2.8127,3.2834,-0.3344
2026-10-08T19:20:44Z,2026-10-08 19:20:10,SPXW,2026-10-15,C,7665.0,7753.0698,108.5,18.0,113.2,16.0,112.5,21.0,90.0,0.1206,0.7655,0.0024,-2.8342,3.3613,1.1181
2026-10-08T19:20:44Z,2026-10-08 19:20:10,SPXW,2026-10-15,P,7665.0,7753.0698,17.7,26.0,17.9,9.0,17.3,185.0,162.0,0.1207,-0.2344,0.0024,-2.8679,3.3613,-0.3498
2026-10-08T19:20:44Z,2026-10-08 19:20:10,SPXW,2026-10-15,C,7670.0,7753.0698,104.2,18.0,109.1,16.0,102.54,28.0,94.0,0.1193,0.755,0.0024,-2.8898,3.4376,1.1031
2026-10-08T19:20:44Z,2026-10-08 19:20:10,SPXW,2026-10-15,P,7670.0,7753.0698,18.6,28.0,18.9,36.0,18.3,128.0,145.0,0.1197,-0.2449,0.0024,-2.9218,3.4376,-0.3657
2026-10-08T19:20:44Z,2026-10-08 19:20:10,SPXW,2026-10-15,C,7675.0,7753.0698,101.2,1.0,104.4,1.0,119.52,2.0,498.0,0.1195,0.7442,0.0025,-2.944,3.512,1.0877
2026-10-08T19:20:44Z,2026-10-08 19:20:10,SPXW,2026-10-15,P,7675.0,7753.0698,19.6,53.0,19.8,9.0,19.04,66.0,465.0,0.1189,-0.2558,0.0025,-2.9741,3.512,-0.3821
2026-10-08T19:20:44Z,2026-10-08 19:20:10,SPXW,2026-10-15,C,7680.0,7753.0698,98.0,3.0,99.4,3.0,94.97,114.0,183.0,0.1186,0.7328,0.0026,-2.9963,3.5854,1.0718
2026-10-08T19:20:44Z,2026-10-08 19:20:10,SPXW,2026-10-15,P,7680.0,7753.0698,20.7,18.0,20.9,44.0,20.7,82.0,167.0,0.118,-0.2671,0.0026,-3.0246,3.5854,-0.3989
2026-10-08T19:20:44Z,2026-10-08 19:20:10,SPXW,2026-10-15,C,7685.0,7753.0698,93.7,19.0,96.4,17.0,92.9,22.0,93.0,0.1176,0.7211,0.0026,-3.0466,3.6581,1.0552
2026-10-08T19:20:44Z,2026-10-08 19:20:10,SPXW,2026-10-15,P,7685.0,7753.0698,21.7,27.0,21.9,8.0,24.28,52.0,120.0,0.1172,-0.2788,0.0026,-3.0731,3.6581,-0.4165
2026-10-08T19:20:44Z,2026-10-08 19:20:10,SPXW,2026-10-15,C,7690.0,7753.0698,90.2,5.0,91.8,17.0,88.0,3.0,127.0,0.1166,0.7089,0.0027,-3.0944,3.7295,1.0376
2026-10-08T19:20:44Z,2026-10-08 19:20:10,SPXW,2026-10-15,P,7690.0,7753.0698,22.9,17.0,23.1,30.0,23.4,261.0,65.0,0.1163,-0.291,0.0027,-3.1191,3.7295,-0.435
2026-10-08T19:20:44Z,2026-10-08 19:20:10,SPXW,2026-10-15,C,7695.0,7753.0698,86.2,19.0,88.4,17.0,90.45,20.0,27.0,0.1156,0.6963,0.0028,-3.1394,3.798,1.0194
2026-10-08T19:20:44Z,2026-10-08 19:20:10,SPXW,2026-10-15,P,7695.0,7753.0698,24.1,17.0,24.3,30.0,24.48,270.0,334.0,0.1154,-0.3036,0.0028,-3.1623,3.798,-0.4542
2026-10-08T19:20:44Z,2026-10-08 19:20:10,SPXW,2026-10-15,C,7700.0,7753.0698,83.4,3.0,83.6,3.0,86.7,63.0,521.0,0.1149,0.6833,0.0029,-3.1814,3.8629,1.0007
2026-10-08T19:20:44Z,2026-10-08 19:20:10,SPXW,2026-10-15,P,7700.0,7753.0698,25.3,48.0,25.6,14.0,24.1,148.0,628.0,0.1147,-0.3166,0.0029,-3.2025,3.8629,-0.4739
2026-10-08T19:20:44Z,2026-10-08 19:20:10,SPXW,2026-10-15,C,7705.0,7753.0698,79.7,3.0,79.9,3.0,83.02,18.0,53.0,0.114,0.6699,0.0029,-3.22,3.9247,0.9816
2026-10-08T19:20:44Z,2026-10-08 19:20:10,SPXW,2026-10-15,P,7705.0,7753.0698,26.6,25.0,26.9,28.0,26.2,132.0,183.0,0.1138,-0.33,0.0029,-3.2393,3.9247,-0.4939
2026-10-08T19:20:44Z,2026-10-08 19:20:10,SPXW,2026-10-15,C,7710.0,7753.0698,76.1,4.0,76.3,4.0,69.92,5.0,64.0,0.1132,0.656,0.003,-3.2549,3.984,0.9617
2026-10-08T19:20:44Z,2026-10-08 19:20:10,SPXW,2026-10-15,P,7710.0,7753.0698,28.0,21.0,28.3,30.0,30.85,114.0,279.0,0.113,-0.3439,0.003,-3.2724,3.984,-0.5148
2026-10-08T19:20:44Z,2026-10-08 19:20:10,SPXW,2026-10-15,C,7715.0,7753.0698,72.5,4.0,72.8,4.0,87.08,22.0,43.0,0.1124,0.6417,0.0031,-3.2858,4.0398,0.9408
2026-10-08T19:20:44Z,2026-10-08 19:20:10,SPXW,2026-10-15,P,7715.0,7753.0698,29.5,18.0,29.7,7.0,26.14,44.0,621.0,0.1122,-0.3582,0.0031,-3.3014,4.0398,-0.5366
2026-10-08T19:20:44Z,2026-10-08 19:20:10,SPXW,2026-10-15,C,7720.0,7753.0698,69.1,5.0,69.3,5.0,65.7,32.0,78.0,0.1116,0.627,0.0031,-3.3121,4.091,0.9194
2026-10-08T19:20:44Z,2026-10-08 19:20:10,SPXW,2026-10-15,P,7720.0,7753.0698,31.0,16.0,31.3,7.0,31.15,83.0,164.0,0.1115,-0.3729,0.0031,-3.3259,4.091,-0.5591
2026-10-08T19:20:44Z,2026-10-08 19:20:10,SPXW,2026-10-15,C,7725.0,7753.0698,65.7,5.0,65.9,7.0,61.15,38.0,158.0,0.1108,0.6121,0.0032,-3.3335,4.1362,0.8979
2026-10-08T19:20:44Z,2026-10-08 19:20:10,SPXW,2026-10-15,P,7725.0,7753.0698,32.6,45.0,32.9,7.0,33.0,241.0,155.0,0.1107,-0.388,0.0032,-3.3457,4.1367,-0.5817
2026-10-08T19:20:44Z,2026-10-08 19:20:10,SPXW,2026-10-15,C,7730.0,7753.0698,62.4,6.0,62.6,8.0,64.15,27.0,148.0,0.1101,0.5964,0.0033,-3.3503,4.1774,0.8754
2026-10-08T19:20:44Z,2026-10-08 19:20:10,SPXW,2026-10-15,P,7730.0,7753.0698,34.3,15.0,34.5,7.0,33.7,53.0,849.0,0.11,-0.4035,0.0033,-3.3605,4.1774,-0.6048
2026-10-08T19:20:44Z,2026-10-08 19:20:10,SPXW,2026-10-15,C,7735.0,7753.0698,59.1,16.0,59.4,14.0,59.6,56.0,19.0,0.1093,0.5806,0.0033,-3.3616,4.2133,0.8523
2026-10-08T19:20:44Z,2026-10-08 19:20:10,SPXW,2026-10-15,P,7735.0,7753.0698,36.0,22.0,36.3,7.0,35.4,62.0,83.0,0.109,-0.4193,0.0033,-3.37,4.2133,-0.6289
2026-10-08T19:20:44Z,2026-10-08 19:20:10,SPXW,2026-10-15,C,7740.0,7753.0698,56.0,6.0,56.2,14.0,58.3,155.0,182.0,0.1085,0.5644,0.0034,-3.3671,4.2434,0.8284
2026-10-08T19:20:44Z,2026-10-08 19:20:10,SPXW,2026-10-15,P,7740.0,7753.0698,37.9,14.0,38.1,7.0,36.66,49.0,533.0,0.1083,-0.4355,0.0034,-3.3737,4.2434,-0.6538
2026-10-08T19:20:44Z,2026-10-08 19:20:10,SPXW,2026-10-15,C,7745.0,7753.0698,52.9,6.0,53.1,9.0,52.0,10.0,45.0,0.1077,0.5479,0.0034,-3.3667,4.2668,0.8043
2026-10-08T19:20:44Z,2026-10-08 19:20:10,SPXW,2026-10-15,P,7745.0,7753.0698,39.8,19.0,40.1,7.0,39.1,175.0,29.0,0.1076,-0.452,0.0034,-3.3715,4.2668,-0.6788
2026-10-08T19:20:44Z,2026-10-08 19:20:10,SPXW,2026-10-15,C,7750.0,7753.0698,49.9,17.0,50.2,19.0,50.5,120.0,771.0,0.107,0.531,0.0034,-3.3602,4.2833,0.7801
2026-10-08T19:20:44Z,2026-10-08 19:20:10,SPXW,2026-10-15,P,7750.0,7753.0698,41.9,17.0,42.1,7.0,40.35,112.0,1437.0,0.1068,-0.4689,0.0034,-3.3632,4.2833,-0.704
2026-10-08T19:20:44Z,2026-10-08 19:20:10,SPXW,2026-10-15,C,7755.0,7753.0698,47.0,17.0,47.3,19.0,51.2,68.0,35.0,0.1063,0.5139,0.0035,-3.3474,4.293,0.7552
2026-10-08T19:20:44Z,2026-10-08 19:20:10,SPXW,2026-10-15,P,7755.0,7753.0698,44.0,19.0,44.2,7.0,42.3,156.0,825.0,0.1061,-0.486,0.0035,-3.3485,4.293,-0.7299
2026-10-08T19:20:44Z,2026-10-08 19:20:10,SPXW,2026-10-15,C,7760.0,7753.0698,44.3,6.0,44.5,22.0,46.1,102.0,96.0,0.1056,0.4966,0.0035,-3.328,4.2954,0.7294
2026-10-08T19:20:44Z,2026-10-08 19:20:10,SPXW,2026-10-15,P,7760.0,7753.0698,46.1,21.0,46.4,6.0,45.25,98.0,444.0,0.1054,-0.5033,0.0035,-3.3273,4.2954,-0.7566
2026-10-08T19:20:44Z,2026-10-08 19:20:10,SPXW,2026-10-15,C,7765.0,7753.0698,41.6,7.0,41.8,23.0,43.9,61.0,150.0,0.1049,0.479,0.0035,-3.3019,4.2902,0.7036
2026-10-08T19:20:44Z,2026-10-08 19:20:10,SPXW,2026-10-15,P,7765.0,7753.0698,48.5,6.0,48.7,6.0,49.3,70.0,47.0,0.1047,-0.5209,0.0035,-3.2994,4.2902,-0.7834
2026-10-08T19:20:44Z,2026-10-08 19:20:10,SPXW,2026-10-15,C,7770.0,7753.0698,38.9,19.0,39.2,35.0,41.57,156.0,147.0,0.1042,0.4613,0.0035,-3.2691,4.2772,0.678
2026-10-08T19:20:44Z,2026-10-08 19:20:10,SPXW,2026-10-15,P,7770.0,7753.0698,50.8,16.0,51.0,6.0,48.6,136.0,82.0,0.1041,-0.5387,0.0035,-3.2649,4.2772,-0.81
2026-10-08T19:20:44Z,2026-10-08 19:20:10,SPXW,2026-10-15,C,7775.0,7753.0698,36.4,19.0,36.7,61.0,37.2,205.0,248.0,0.1035,0.4434,0.0035,-3.2297,4.2562,0.6518
2026-10-08T19:20:44Z,2026-10-08 19:20:10,SPXW,2026-10-15,P,7775.0,7753.0698,53.3,8.0,53.6,6.0,51.4,172.0,2968.0,0.1035,-0.5565,0.0035,-3.2236,4.2562,-0.8371
2026-10-08T19:20:44Z,2026-10-08 19:20:10,SPXW,2026-10-15,C,7780.0,7753.0698,34.0,7.0,34.2,34.0,36.87,559.0,590.0,0.1029,0.4254,0.0035,-3.1836,4.2264,0.6251
2026-10-08T19:20:44Z,2026-10-08 19:20:10,SPXW,2026-10-15,P,7780.0,7753.0698,55.9,8.0,56.1,6.0,50.73,207.0,82.0,0.1027,-0.5745,0.0035,-3.1757,4.2264,-0.8648
2026-10-08T19:20:44Z,2026-10-08 19:20:10,SPXW,2026-10-15,C,7785.0,7753.0698,31.7,7.0,31.9,11.0,30.65,159.0,73.0,0.1023,0.4074,0.0035,-3.1308,4.1885,0.5986
2026-10-08T19:20:44Z,2026-10-08 19:20:10,SPXW,2026-10-15,P,7785.0,7753.0698,58.6,8.0,58.8,6.0,57.5,98.0,417.0,0.1022,-0.5925,0.0035,-3.121,4.1885,-0.8923
2026-10-08T19:20:44Z,2026-10-08 19:20:10,SPXW,2026-10-15,C,7790.0,7753.0698,29.5,7.0,29.7,16.0,30.55,405.0,104.0,0.1016,0.3893,0.0035,-3.0715,4.143,0.5724
2026-10-08T19:20:44Z,2026-10-08 19:20:10,SPXW,2026-10-15,P,7790.0,7753.0698,61.4,5.0,61.6,5.0,59.43,27.0,78.0,0.1015,-0.6106,0.0035,-3.06,4.143,-0.9194
2026-10-08T19:20:44Z,2026-10-08 19:20:10,SPXW,2026-10-15,C,7795.0,7753.0698,27.3,27.0,27.6,38.0,29.22,134.0,333.0,0.101,0.3714,0.0035,-3.0062,4.089,0.546
2026-10-08T19:20:44Z,2026-10-08 19:20:10,SPXW,2026-10-15,P,7795.0,7753.0698,64.2,5.0,64.5,5.0,62.9,12.0,23.0,0.1009,-0.6286,0.0035,-2.9928,4.089,-0.9467
2026-10-08T19:20:44Z,2026-10-08 19:20:10,SPXW,2026-10-15,C,7800.0,7753.0698,25.3,52.0,25.6,65.0,26.2,963.0,3986.0,0.1004,0.3535,0.0034,-2.9348,4.0259,0.5194
2026-10-08T19:20:44Z,2026-10-08 19:20:10,SPXW,2026-10-15,P,7800.0,7753.0698,67.2,4.0,67.4,4.0,67.5,87.0,3192.0,0.1003,-0.6464,0.0034,-2.9197,4.0259,-0.9744
2026-10-08T19:20:44Z,2026-10-08 19:20:10,SPXW,2026-10-15,C,7805.0,7753.0698,23.4,31.0,23.7,53.0,25.3,64.0,525.0,0.0998,0.3358,0.0034,-2.8578,3.955,0.4933
2026-10-08T19:20:44Z,2026-10-08 19:20:10,SPXW,2026-10-15,P,7805.0,7753.0698,70.3,3.0,70.5,3.0,73.9,23.0,15.0,0.0997,-0.6642,0.0034,-2.8409,3.955,-1.0014
2026-10-08T19:20:44Z,2026-10-08 19:20:10,SPXW,2026-10-15,C,7810.0,7753.0698,21.6,23.0,21.8,23.0,22.47,163.0,493.0,0.0993,0.3182,0.0033,-2.7757,3.8778,0.4678
2026-10-08T19:20:44Z,2026-10-08 19:20:10,SPXW,2026-10-15,P,7810.0,7753.0698,73.4,2.0,73.7,2.0,76.25,5.0,14.0,0.0991,-0.6817,0.0033,-2.7569,3.8778,-1.0278
2026-10-08T19:20:44Z,2026-10-08 19:20:10,SPXW,2026-10-15,C,7815.0,7753.0698,19.9,14.0,20.1,30.0,18.4,53.0,152.0,0.0988,0.301,0.0033,-2.6888,3.7927,0.4423
2026-10-08T19:20:44Z,2026-10-08 19:20:10,SPXW,2026-10-15,P,7815.0,7753.0698,75.3,1.0,78.5,1.0,71.2,1.0,17.0,0.0984,-0.699,0.0033,-2.6683,3.7927,-1.0543
2026-10-08T19:20:44Z,2026-10-08 19:20:10,SPXW,2026-10-15,C,7820.0,7753.0698,18.3,8.0,18.5,44.0,19.0,113.0,201.0,0.0981,0.284,0.0032,-2.5976,3.6993,0.417
2026-10-08T19:20:44Z,2026-10-08 19:20:10,SPXW,2026-10-15,P,7820.0,7753.0698,78.6,1.0,81.7,1.0,69.2,4.0,24.0,0.0979,-0.7159,0.0032,-2.5753,3.6993,-1.0805
2026-10-08T19:20:44Z,2026-10-08 19:20:10,SPXW,2026-10-15,C,7825.0,7753.0698,16.7,56.0,16.9,45.0,16.9,539.0,3814.0,0.0977,0.2674,0.0031,-2.5027,3.6001,0.3927
2026-10-08T19:20:44Z,2026-10-08 19:20:10,SPXW,2026-10-15,P,7825.0,7753.0698,82.4,1.0,85.2,1.0,77.13,13.0,60.0,0.0972,-0.7325,0.0031,-2.4785,3.6001,-1.1058
2026-10-08T19:20:44Z,2026-10-08 19:20:10,SPXW,2026-10-15,C,7830.0,7753.0698,15.3,32.0,15.5,47.0,16.1,28.0,249.0,0.0973,0.2512,0.003,-2.4045,3.4965,0.369
2026-10-08T19:20:44Z,2026-10-08 19:20:10,SPXW,2026-10-15,P,7830.0,7753.0698,85.5,1.0,88.8,1.0,96.54,5.0,71.0,0.0968,-0.7487,0.003,-2.3785,3.4965,-1.1304
2026-10-08T19:20:44Z,2026-10-08 19:20:10,SPXW,2026-10-15,C,7835.0,7753.0698,14.0,7.0,14.2,56.0,15.01,115.0,469.0,0.0967,0.2354,0.0029,-2.3038,3.3864,0.3455
2026-10-08T19:20:44Z,2026-10-08 19:20:10,SPXW,2026-10-15,P,7835.0,7753.0698,88.3,15.0,93.2,17.0,108.31,2.0,44.0,0.0964,-0.7645,0.0029,-2.276,3.3864,-1.1549
2026-10-08T19:20:44Z,2026-10-08 19:20:10,SPXW,2026-10-15,C,7840.0,7753.0698,12.7,26.0,12.9,42.0,13.51,137.0,194.0,0.0964,0.2201,0.0028,-2.2009,3.2703,0.3229
2026-10-08T19:20:44Z,2026-10-08 19:20:10,SPXW,2026-10-15,P,7840.0,7753.0698,91.8,15.0,97.1,17.0,66.75,0.0,48.0,0.0958,-0.7798,0.0028,-2.1713,3.2703,-1.1785
2026-10-08T19:20:44Z,2026-10-08 19:20:10,SPXW,2026-10-15,C,7845.0,7753.0698,11.5,37.0,11.7,46.0,12.28,75.0,99.0,0.0959,0.2053,0.0027,-2.0965,3.1514,0.3013
2026-10-08T19:20:44Z,2026-10-08 19:20:10,SPXW,2026-10-15,P,7845.0,7753.0698,95.8,15.0,100.8,17.0,60.3,0.0,19.0,0.0954,-0.7946,0.0027,-2.0651,3.1514,-1.201
2026-10-08T19:20:44Z,2026-10-08 19:20:10,SPXW,2026-10-15,C,7850.0,7753.0698,10.5,7.0,10.6,50.0,11.08,264.0,579.0,0.0954,0.191,0.0026,-1.9912,3.03,0.2803
2026-10-08T19:20:44Z,2026-10-08 19:20:10,SPXW,2026-10-15,P,7850.0,7753.0698,99.5,14.0,104.9,16.0,70.5,0.0,65.0,0.0949,-0.8089,0.0026,-1.958,3.03,-1.223
2026-10-08T19:20:44Z,2026-10-08 19:20:10,SPXW,2026-10-15,C,7855.0,7753.0698,9.5,8.0,9.6,45.0,9.66,57.0,76.0,0.095,0.1773,0.0025,-1.8856,2.9043,0.2598
2026-10-08T19:20:44Z,2026-10-08 19:20:10,SPXW,2026-10-15,P,7855.0,7753.0698,103.6,14.0,108.8,15.0,109.44,1.0,0.0,0.0945,-0.8226,0.0025,-1.8505,2.9043,-1.2444
2026-10-08T19:20:44Z,2026-10-08 19:20:10,SPXW,2026-10-15,C,7860.0,7753.0698,8.5,42.0,8.7,59.0,9.09,91.0,206.0,0.0948,0.1642,0.0024,-1.7801,2.776,0.2406
2026-10-08T19:20:44Z,2026-10-08 19:20:10,SPXW,2026-10-15,P,7860.0,7753.0698,107.7,14.0,112.9,15.0,115.13,40.0,9.0,0.0943,-0.8357,0.0024,-1.7432,2.776,-1.2646
2026-10-08T19:20:44Z,2026-10-08 19:20:10,SPXW,2026-10-15,C,7865.0,7753.0698,7.7,29.0,7.8,52.0,8.21,102.0,53.0,0.0945,0.1516,0.0023,-1.6753,2.6479,0.2223
2026-10-08T19:20:44Z,2026-10-08 19:20:10,SPXW,2026-10-15,P,7865.0,7753.0698,111.8,14.0,117.0,15.0,0.0,0.0,0.0,0.0937,-0.8483,0.0023,-1.6366,2.6479,-1.2839
2026-10-08T19:20:44Z,2026-10-08 19:20:10,SPXW,2026-10-15,C,7870.0,7753.0698,6.9,48.0,7.1,76.0,7.65,112.0,98.0,0.0941,0.1397,0.0022,-1.5719,2.519,0.2045
2026-10-08T19:20:44Z,2026-10-08 19:20:10,SPXW,2026-10-15,P,7870.0,7753.0698,116.0,14.0,121.3,15.0,119.29,31.0,0.0,0.0935,-0.8602,0.0022,-1.5314,2.519,-1.3026
2026-10-08T19:20:44Z,2026-10-08 19:20:10,SPXW,2026-10-15,C,7875.0,7753.0698,6.2,79.0,6.3,49.0,6.57,681.0,208.0,0.0938,0.1284,0.0021,-1.4703,2.3888,0.1877
2026-10-08T19:20:44Z,2026-10-08 19:20:10,SPXW,2026-10-15,P,7875.0,7753.0698,120.2,14.0,125.6,15.0,101.2,0.0,8.0,0.0931,-0.8715,0.0021,-1.428,2.3888,-1.3203
2026-10-08T19:20:44Z,2026-10-08 19:20:10,SPXW,2026-10-15,C,7880.0,7753.0698,5.5,95.0,5.7,83.0,6.0,104.0,229.0,0.0934,0.1177,0.002,-1.371,2.2596,0.1722
2026-10-08T19:20:44Z,2026-10-08 19:20:10,SPXW,2026-10-15,P,7880.0,7753.0698,124.5,13.0,130.0,14.0,80.3,0.0,5.0,0.0928,-0.8822,0.002,-1.3269,2.2596,-1.3369
2026-10-08T19:20:44Z,2026-10-08 19:20:10,SPXW,2026-10-15,C,7885.0,7753.0698,4.9,99.0,5.1,71.0,5.5,117.0,85.0,0.0931,0.1076,0.0018,-1.2745,2.1327,0.1573
2026-10-08T19:20:44Z,2026-10-08 19:20:10,SPXW,2026-10-15,P,7885.0,7753.0698,129.0,13.0,134.4,14.0,83.8,0.0,4.0,0.0928,-0.8923,0.0018,-1.2286,2.1327,-1.3527
2026-10-08T19:20:44Z,2026-10-08 19:20:10,SPXW,2026-10-15,C,7890.0,7753.0698,4.4,51.0,4.6,75.0,4.87,133.0,276.0,0.0928,0.0981,0.0017,-1.1814,2.0072,0.1432
2026-10-08T19:20:44Z,2026-10-08 19:20:10,SPXW,2026-10-15,P,7890.0,7753.0698,129.7,1.0,139.1,2.0,153.52,2.0,3.0,0.0916,-0.9018,0.0017,-1.1337,2.0072,-1.3677
2026-10-08T19:20:44Z,2026-10-08 19:20:10,SPXW,2026-10-15,C,7895.0,7753.0698,3.9,54.0,4.1,76.0,4.3,176.0,40.0,0.0925,0.0893,0.0016,-1.0919,1.8838,0.1304
2026-10-08T19:20:44Z,2026-10-08 19:20:10,SPXW,2026-10-15,P,7895.0,7753.0698,134.2,1.0,146.4,1.0,91.8,0.0,2.0,0.0901,-0.9106,0.0016,-1.0424,1.8838,-1.3816
2026-10-08T19:20:44Z,2026-10-08 19:20:10,SPXW,2026-10-15,C,7900.0,7753.0698,3.5,81.0,3.6,59.0,3.6,304.0,511.0,0.0926,0.0811,0.0015,-1.0065,1.7642,0.1184
2026-10-08T19:20:44Z,2026-10-08 19:20:10,SPXW,2026-10-15,P,7900.0,7753.0698,137.8,1.0,150.7,1.0,149.95,3.0,2.0,0.0847,-0.9188,0.0015,-0.9552,1.7642,-1.3945
2026-10-08T19:20:44Z,2026-10-08 19:20:10,SPXW,2026-10-15,C,7905.0,7753.0698,3.1,36.0,3.3,94.0,3.2,93.0,52.0,0.0924,0.0735,0.0014,-0.9256,1.6488,0.107
2026-10-08T19:20:44Z,2026-10-08 19:20:10,SPXW,2026-10-15,P,7905.0,7753.0698,143.5,1.0,155.8,3.0,0.0,0.0,0.0,0.0907,-0.9265,0.0014,-0.8724,1.6488,-1.4068
2026-10-08T19:20:44Z,2026-10-08 19:20:10,SPXW,2026-10-15,C,7910.0,7753.0698,2.75,99.0,2.85,7.0,2.9,144.0,305.0,0.0922,0.0664,0.0013,-0.8493,1.5373,0.0967
2026-10-08T19:20:44Z,2026-10-08 19:20:10,SPXW,2026-10-15,P,7910.0,7753.0698,148.0,1.0,160.2,3.0,138.54,2.0,0.0,0.089,-0.9335,0.0013,-0.7943,1.5373,-1.418
2026-10-08T19:20:44Z,2026-10-08 19:20:10,SPXW,2026-10-15,C,7915.0,7753.0698,2.4,179.0,2.55,107.0,2.55,1660.0,40.0,0.092,0.06,0.0012,-0.7777,1.4304,0.0874
2026-10-08T19:20:44Z,2026-10-08 19:20:10,SPXW,2026-10-15,P,7915.0,7753.0698,152.8,1.0,164.9,3.0,141.31,1.0,1.0,0.0892,-0.9399,0.0012,-0.721,1.4304,-1.4283
2026-10-08T19:20:44Z,2026-10-08 19:20:10,SPXW,2026-10-15,C,7920.0,7753.0698,2.15,45.0,2.25,92.0,2.25,1678.0,157.0,0.092,0.0541,0.0011,-0.711,1.329,0.0787
2026-10-08T19:20:44Z,2026-10-08 19:20:10,SPXW,2026-10-15,P,7920.0,7753.0698,157.4,1.0,169.9,3.0,0.0,0.0,0.0,0.0897,-0.9458,0.0011,-0.6525,1.329,-1.438
2026-10-08T19:20:44Z,2026-10-08 19:20:10,SPXW,2026-10-15,C,7925.0,7753.0698,1.9,37.0,2.0,91.0,1.97,860.0,1354.0,0.0918,0.0488,0.001,-0.6493,1.2331,0.0708
2026-10-08T19:20:44Z,2026-10-08 19:20:10,SPXW,2026-10-15,P,7925.0,7753.0698,162.1,1.0,173.6,1.0,149.75,0.0,2.0,0.0834,-0.9511,0.001,-0.5889,1.2331,-1.4468
2026-10-08T19:20:44Z,2026-10-08 19:20:10,SPXW,2026-10-15,C,7930.0,7753.0698,1.65,246.0,1.8,188.0,1.75,193.0,121.0,0.092,0.0439,0.0009,-0.5924,1.1425,0.0638
2026-10-08T19:20:44Z,2026-10-08 19:20:10,SPXW,2026-10-15,P,7930.0,7753.0698,166.9,1.0,180.2,3.0,0.0,0.0,0.0,0.0932,-0.956,0.0009,-0.5302,1.1425,-1.4548
2026-10-08T19:20:44Z,2026-10-08 19:20:10,SPXW,2026-10-15,C,7935.0,7753.0698,1.45,256.0,1.6,231.0,1.55,104.0,28.0,0.092,0.0396,0.0009,-0.5401,1.0576,0.0574
2026-10-08T19:20:44Z,2026-10-08 19:20:10,SPXW,2026-10-15,P,7935.0,7753.0698,171.7,1.0,185.5,3.0,0.0,0.0,0.0,0.0959,-0.9604,0.0009,-0.4761,1.0576,-1.4621
2026-10-08T19:20:44Z,2026-10-08 19:20:10,SPXW,2026-10-15,C,7940.0,7753.0698,1.3,194.0,1.4,197.0,1.37,749.0,1221.0,0.0921,0.0356,0.0008,-0.4924,0.9785,0.0516
2026-10-08T19:20:44Z,2026-10-08 19:20:10,SPXW,2026-10-15,P,7940.0,7753.0698,176.5,1.0,190.2,3.0,181.08,2.0,5.0,0.0955,-0.9643,0.0008,-0.4266,0.9785,-1.4689
2026-10-08T19:20:44Z,2026-10-08 19:20:10,SPXW,2026-10-15,C,7945.0,7753.0698,1.15,146.0,1.25,238.0,1.2,91.0,70.0,0.0919,0.0321,0.0007,-0.449,0.905,0.0464
2026-10-08T19:20:44Z,2026-10-08 19:20:10,SPXW,2026-10-15,P,7945.0,7753.0698,181.3,1.0,192.8,1.0,0.0,0.0,0.0,0.0773,-0.9678,0.0007,-0.3814,0.905,-1.4751
2026-10-08T19:20:44Z,2026-10-08 19:20:10,SPXW,2026-10-15,C,7950.0,7753.0698,1.0,342.0,1.1,160.0,1.05,640.0,584.0,0.0922,0.0289,0.0007,-0.4096,0.8369,0.0419
2026-10-08T19:20:44Z,2026-10-08 19:20:10,SPXW,2026-10-15,P,7950.0,7753.0698,186.2,1.0,198.6,1.0,0.0,0.0,0.0,0.0868,-0.971,0.0007,-0.3402,0.8369,-1.4806
2026-10-08T19:20:44Z,2026-10-08 19:20:10,SPXW,2026-10-15,C,7955.0,7753.0698,0.9,59.0,1.0,166.0,0.95,635.0,30.0,0.0923,0.0261,0.0006,-0.374,0.7741,0.0378
2026-10-08T19:20:44Z,2026-10-08 19:20:10,SPXW,2026-10-15,P,7955.0,7753.0698,191.1,1.0,203.3,1.0,0.0,0.0,0.0,0.0848,-0.9738,0.0006,-0.3028,0.7741,-1.4856
2026-10-08T19:20:44Z,2026-10-08 19:20:10,SPXW,2026-10-15,C,7960.0,7753.0698,0.8,63.0,0.9,356.0,0.8,168.0,200.0,0.0926,0.0236,0.0006,-0.342,0.7162,0.034
2026-10-08T19:20:44Z,2026-10-08 19:20:10,SPXW,2026-10-15,P,7960.0,7753.0698,195.9,1.0,209.6,3.0,0.0,0.0,0.0,0.0964,-0.9763,0.0006,-0.2689,0.7162,-1.4903
2026-10-08T19:20:44Z,2026-10-08 19:20:10,SPXW,2026-10-15,C,7965.0,7753.0698,0.7,214.0,0.8,282.0,0.7,112.0,23.0,0.0927,0.0213,0.0005,-0.3131,0.6632,0.0308
2026-10-08T19:20:44Z,2026-10-08 19:20:10,SPXW,2026-10-15,P,7965.0,7753.0698,200.8,1.0,213.1,2.0,0.0,0.0,0.0,0.0817,-0.9786,0.0005,-0.2383,0.6632,-1.4946
2026-10-08T19:20:44Z,2026-10-08 19:20:10,SPXW,2026-10-15,C,7970.0,7753.0698,0.6,363.0,0.7,204.0,0.7,213.0,128.0,0.0926,0.0194,0.0005,-0.2872,0.6147,0.0279
2026-10-08T19:20:44Z,2026-10-08 19:20:10,SPXW,2026-10-15,P,7970.0,7753.0698,205.9,1.0,219.1,4.0,210.63,1.0,1.0,0.0965,-0.9806,0.0005,-0.2106,0.6147,-1.4984
2026-10-08T19:20:44Z,2026-10-08 19:20:10,SPXW,2026-10-15,C,7975.0,7753.0698,0.55,221.0,0.65,301.0,0.6,172.0,247.0,0.0933,0.0176,0.0004,-0.264,0.5704,0.0254
2026-10-08T19:20:44Z,2026-10-08 19:20:10,SPXW,2026-10-15,P,7975.0,7753.0698,206.8,2.0,224.2,2.0,0.0,0.0,0.0,0.0885,-0.9823,0.0004,-0.1855,0.5704,-1.5019
2026-10-08T19:20:44Z,2026-10-08 19:20:10,SPXW,2026-10-15,C,7980.0,7753.0698,0.5,67.0,0.6,396.0,0.5,153.0,145.0,0.094,0.016,0.0004,-0.2432,0.5299,0.023
2026-10-08T19:20:44Z,2026-10-08 19:20:10,SPXW,2026-10-15,P,7980.0,7753.0698,211.5,1.0,230.7,2.0,0.0,0.0,0.0,0.0,-0.9839,0.0004,-0.1629,0.5299,-1.5051
2026-10-08T19:20:44Z,2026-10-08 19:20:10,SPXW,2026-10-15,C,7990.0,7753.0698,0.4,225.0,0.5,422.0,0.4,169.0,197.0,0.0949,0.0134,0.0003,-0.2083,0.46,0.0192
2026-10-08T19:20:44Z,2026-10-08 19:20:10,SPXW,2026-10-15,P,7990.0,7753.0698,221.2,1.0,238.5,2.0,0.0,0.0,0.0,0.0,-0.9865,0.0003,-0.1242,0.4596,-1.5109
2026-10-08T19:20:44Z,2026-10-08 19:20:10,SPXW,2026-10-15,C,8000.0,7753.0698,0.3,402.0,0.4,318.0,0.4,1148.0,1127.0,0.0952,0.0113,0.0003,-0.1802,0.402,0.0163
2026-10-08T19:20:44Z,2026-10-08 19:20:10,SPXW,2026-10-15,P,8000.0,7753.0698,231.3,1.0,251.8,1.0,229.53,1.0,2.0,0.0,-0.9886,0.0003,-0.0925,0.4017,-1.5158
2026-10-08T19:20:44Z,2026-10-08 19:20:10,SPXW,2026-10-15,C,8010.0,7753.0698,0.25,409.0,0.35,373.0,0.25,107.0,46.0,0.0968,0.0097,0.0002,-0.1579,0.3543,0.0139
2026-10-08T19:20:44Z,2026-10-08 19:20:10,SPXW,2026-10-15,P,8010.0,7753.0698,241.3,1.0,261.8,1.0,0.0,0.0,0.0,0.0,-0.9902,0.0002,-0.0666,0.354,-1.52
2026-10-08T19:20:44Z,2026-10-08 19:20:10,SPXW,2026-10-15,C,8020.0,7753.0698,0.2,411.0,0.3,353.0,0.3,73.0,42.0,0.0979,0.0084,0.0002,-0.1402,0.315,0.012
2026-10-08T19:20:44Z,2026-10-08 19:20:10,SPXW,2026-10-15,P,8020.0,7753.0698,251.2,1.0,268.3,1.0,0.0,0.0,0.0,0.0,-0.9915,0.0002,-0.0454,0.3148,-1.5238
2026-10-08T19:20:44Z,2026-10-08 19:20:10,SPXW,2026-10-15,C,8025.0,7753.0698,0.2,405.0,0.3,456.0,0.27,153.0,433.0,0.0995,0.0079,0.0002,-0.1328,0.2982,0.0113
2026-10-08T19:20:44Z,2026-10-08 19:20:10,SPXW,2026-10-15,P,8025.0,7753.0698,256.2,1.0,273.3,1.0,326.8,0.0,1.0,0.0,-0.992,0.0002,-0.0361,0.2979,-1.5255
2026-10-08T19:20:44Z,2026-10-08 19:20:10,SPXW,2026-10-15,C,8030.0,7753.0698,0.2,153.0,0.3,430.0,0.2,64.0,43.0,0.1012,0.0074,0.0002,-0.1262,0.2829,0.0106
2026-10-08T19:20:44Z,2026-10-08 19:20:10,SPXW,2026-10-15,P,8030.0,7753.0698,261.2,1.0,277.5,1.0,0.0,0.0,0.0,0.0,-0.9925,0.0002,-0.0277,0.2827,-1.5272
2026-10-08T19:20:44Z,2026-10-08 19:20:10,SPXW,2026-10-15,C,8040.0,7753.0698,0.15,439.0,0.25,382.0,0.15,16.0,42.0,0.1018,0.0066,0.0002,-0.1151,0.2565,0.0094
2026-10-08T19:20:44Z,2026-10-08 19:20:10,SPXW,2026-10-15,P,8040.0,7753.0698,271.1,1.0,287.6,1.0,0.0,0.0,0.0,0.0,-0.9933,0.0002,-0.013,0.2563,-1.5303
2026-10-08T19:20:44Z,2026-10-08 19:20:10,SPXW,2026-10-15,C,8050.0,7753.0698,0.15,273.0,0.25,481.0,0.15,72.0,344.0,0.1049,0.006,0.0001,-0.1063,0.2346,0.0085
2026-10-08T19:20:44Z,2026-10-08 19:20:10,SPXW,2026-10-15,P,8050.0,7753.0698,281.1,1.0,299.1,1.0,0.0,0.0,0.0,0.0,-0.994,0.0001,-0.0006,0.2345,-1.5331
2026-10-08T19:20:44Z,2026-10-08 19:20:10,SPXW,2026-10-15,C,8075.0,7753.0698,0.1,805.0,0.2,276.0,0.15,64.0,316.0,0.1093,0.0048,0.0001,-0.0913,0.1947,0.0068
2026-10-08T19:20:44Z,2026-10-08 19:20:10,SPXW,2026-10-15,P,8075.0,7753.0698,306.1,1.0,323.3,1.0,0.0,0.0,0.0,0.0,-0.9951,0.0001,0.0,0.1946,-1.5395
2026-10-08T19:20:44Z,2026-10-08 19:20:10,SPXW,2026-10-15,C,8100.0,7753.0698,0.1,448.0,0.2,506.0,0.2,5.0,190.0,0.117,0.0041,0.0001,-0.0826,0.168,0.0058
2026-10-08T19:20:44Z,2026-10-08 19:20:10,SPXW,2026-10-15,P,8100.0,7753.0698,331.0,1.0,347.5,1.0,0.0,0.0,0.0,0.0,-0.9958,0.0001,0.0,0.1684,-1.5453
2026-10-08T19:20:44Z,2026-10-08 19:20:10,SPXW,2026-10-15,C,8125.0,7753.0698,0.1,403.0,0.2,510.0,0.17,6.0,42.0,0.1245,0.0036,0.0001,-0.0773,0.1494,0.0052
2026-10-08T19:20:44Z,2026-10-08 19:20:10,SPXW,2026-10-15,P,8125.0,7753.0698,356.0,1.0,373.7,1.0,0.0,0.0,0.0,0.0,-0.9963,0.0001,0.0,0.1498,-1.5508
2026-10-08T19:20:44Z,2026-10-08 19:20:10,SPXW,2026-10-15,C,8150.0,7753.0698,0.1,211.0,0.2,841.0,0.2,53.0,45.0,0.1319,0.0033,0.0001,-0.0739,0.1355,0.0046
2026-10-08T19:20:44Z,2026-10-08 19:20:10,SPXW,2026-10-15,P,8150.0,7753.0698,380.5,2.0,399.0,1.0,0.0,0.0,0.0,0.0,-0.9966,0.0001,0.0,0.1358,-1.5561
2026-10-08T19:20:44Z,2026-10-08 19:20:10,SPXW,2026-10-15,C,8175.0,7753.0698,0.1,178.0,0.15,233.0,0.1,2.0,49.0,0.1365,0.003,0.0001,-0.0711,0.1243,0.0042
2026-10-08T19:20:44Z,2026-10-08 19:20:10,SPXW,2026-10-15,P,8175.0,7753.0698,405.9,1.0,423.7,1.0,0.0,0.0,0.0,0.0,-0.9969,0.0001,0.0,0.1246,-1.5613
2026-10-08T19:20:44Z,2026-10-08 19:20:10,SPXW,2026-10-15,C,8200.0,7753.0698,0.1,39.0,0.15,238.0,0.15,1.0,18.0,0.1437,0.0028,0.0001,-0.0694,0.1153,0.0039
2026-10-08T19:20:44Z,2026-10-08 19:20:10,SPXW,2026-10-15,P,8200.0,7753.0698,430.9,1.0,448.0,1.0,0.0,0.0,0.0,0.0,-0.9971,0.0001,0.0,0.1152,-1.5664
2026-10-08T19:20:44Z,2026-10-08 19:20:10,SPXW,2026-10-15,C,8225.0,7753.0698,0.05,860.0,0.15,225.0,0.15,2.0,7.0,0.1475,0.0026,0.0,-0.0676,0.1074,0.0037
2026-10-08T19:20:44Z,2026-10-08 19:20:10,SPXW,2026-10-15,P,8225.0,7753.0698,455.9,1.0,472.2,1.0,0.0,0.0,0.0,0.0,-0.9973,0.0,0.0,0.1071,-1.5714
2026-10-08T19:20:44Z,2026-10-08 19:20:10,SPXW,2026-10-15,C,8250.0,7753.0698,0.05,942.0,0.15,253.0,0.29,0.0,15.0,0.1545,0.0024,0.0,-0.066,0.1002,0.0034
2026-10-08T19:20:44Z,2026-10-08 19:20:10,SPXW,2026-10-15,P,8250.0,7753.0698,480.9,1.0,498.0,1.0,0.0,0.0,0.0,0.0,-0.9975,0.0,0.0,0.1,-1.5765
2026-10-08T19:20:44Z,2026-10-08 19:20:10,SPXW,2026-10-15,C,8275.0,7753.0698,0.05,891.0,0.15,356.0,0.0,0.0,0.0,0.1614,0.0023,0.0,-0.0645,0.0938,0.0032
2026-10-08T19:20:44Z,2026-10-08 19:20:10,SPXW,2026-10-15,P,8275.0,7753.0698,505.8,1.0,523.1,1.0,0.0,0.0,0.0,0.0,-0.9976,0.0,0.0,0.0936,-1.5815
2026-10-08T19:20:44Z,2026-10-08 19:20:10,SPXW,2026-10-15,C,8300.0,7753.0698,0.05,764.0,0.15,363.0,0.17,0.0,15.0,0.1682,0.0021,0.0,-0.063,0.0881,0.003
2026-10-08T19:20:44Z,2026-10-08 19:20:10,SPXW,2026-10-15,P,8300.0,7753.0698,530.8,1.0,549.3,1.0,0.0,0.0,0.0,0.0,-0.9978,0.0,0.0,0.0879,-1.5864
2026-10-08T19:20:44Z,2026-10-08 19:20:10,SPXW,2026-10-15,C,8325.0,7753.0698,0.05,516.0,0.15,374.0,0.0,0.0,0.0,0.175,0.002,0.0,-0.0616,0.0829,0.0028
2026-10-08T19:20:44Z,2026-10-08 19:20:10,SPXW,2026-10-15,P,8325.0,7753.0698,555.4,1.0,572.9,1.0,0.0,0.0,0.0,0.0,-0.9979,0.0,0.0,0.0827,-1.5914
2026-10-08T19:20:44Z,2026-10-08 19:20:10,SPXW,2026-10-15,C,8350.0,7753.0698,0.05,426.0,0.15,705.0,0.0,0.0,0.0,0.1817,0.0019,0.0,-0.0602,0.0782,0.0027
2026-10-08T19:20:44Z,2026-10-08 19:20:10,SPXW,2026-10-15,P,8350.0,7753.0698,580.3,1.0,599.3,1.0,0.0,0.0,0.0,0.0,-0.998,0.0,0.0,0.078,-1.5964
2026-10-08T19:20:44Z,2026-10-08 19:20:10,SPXW,2026-10-15,C,8400.0,7753.0698,0.05,395.0,0.15,572.0,0.15,0.0,117.0,0.1951,0.0017,0.0,-0.0575,0.0698,0.0024
2026-10-08T19:20:44Z,2026-10-08 19:20:10,SPXW,2026-10-15,P,8400.0,7753.0698,630.7,1.0,648.0,1.0,0.0,0.0,0.0,0.0,-0.9982,0.0,0.0,0.0697,-1.6062
2026-10-08T19:20:44Z,2026-10-08 19:20:10,SPXW,2026-10-15,C,8500.0,7753.0698,0.05,155.0,0.15,704.0,0.12,0.0,2.0,0.2214,0.0014,0.0,-0.0524,0.0565,0.0019
2026-10-08T19:20:44Z,2026-10-08 19:20:10,SPXW,2026-10-15,P,8500.0,7753.0698,730.7,1.0,749.5,1.0,0.0,0.0,0.0,0.0,-0.9986,0.0,0.0,0.0565,-1.6258
