fetched_utc,quote_utc,root,expiry,type,strike,spot,bid,bid_size,ask,ask_size,last,volume,open_interest,iv,delta,gamma,theta,vega,rho
2026-09-11T17:04:13Z,2026-09-11 17:03:31,SPX,2026-09-18,C,6905.0,7668.2998,758.3,1.0,779.1,1.0,0.0,0.0,0.0,0.3497,0.9903,0.0001,-0.5332,0.2846,1.3086
2026-09-11T17:04:13Z,2026-09-11 17:03:31,SPX,2026-09-18,P,6905.0,7668.2998,1.05,504.0,1.15,152.0,1.1,1.0,0.0,0.331,-0.0096,0.0001,-0.533,0.2845,-0.0139
2026-09-11T17:04:13Z,2026-09-11 17:03:31,SPX,2026-09-18,C,6910.0,7668.2998,753.3,1.0,773.6,1.0,771.1,0.0,2809.0,0.34,0.9902,0.0001,-0.5371,0.2879,1.3093
2026-09-11T17:04:13Z,2026-09-11 17:03:31,SPX,2026-09-18,P,6910.0,7668.2998,1.05,2127.0,1.2,782.0,1.1,190.0,792.0,0.329,-0.0097,0.0001,-0.5369,0.2877,-0.0141
2026-09-11T17:04:13Z,2026-09-11 17:03:31,SPX,2026-09-18,C,6915.0,7668.2998,747.2,1.0,768.6,1.0,0.0,0.0,0.0,0.3197,0.9901,0.0001,-0.541,0.2912,1.3101
2026-09-11T17:04:13Z,2026-09-11 17:03:31,SPX,2026-09-18,P,6915.0,7668.2998,1.05,1101.0,1.2,260.0,0.0,0.0,0.0,0.328,-0.0099,0.0001,-0.5409,0.291,-0.0142
2026-09-11T17:04:13Z,2026-09-11 17:03:31,SPX,2026-09-18,C,6920.0,7668.2998,743.4,1.0,764.2,1.0,901.88,0.0,63.0,0.3459,0.99,0.0001,-0.545,0.2945,1.3109
2026-09-11T17:04:13Z,2026-09-11 17:03:31,SPX,2026-09-18,P,6920.0,7668.2998,1.05,2858.0,1.2,174.0,2.75,0.0,1396.0,0.326,-0.01,0.0001,-0.5448,0.2944,-0.0144
2026-09-11T17:04:13Z,2026-09-11 17:03:31,SPX,2026-09-18,C,6925.0,7668.2998,738.4,1.0,758.7,1.0,889.53,0.0,759.0,0.3366,0.9898,0.0001,-0.5491,0.2979,1.3116
2026-09-11T17:04:13Z,2026-09-11 17:03:31,SPX,2026-09-18,P,6925.0,7668.2998,1.1,1919.0,1.2,158.0,1.1,45.0,2935.0,0.3249,-0.0101,0.0001,-0.5489,0.2978,-0.0146
2026-09-11T17:04:13Z,2026-09-11 17:03:31,SPX,2026-09-18,C,6930.0,7668.2998,733.4,1.0,754.0,1.0,785.75,0.0,105.0,0.3387,0.9897,0.0001,-0.5532,0.3014,1.3124
2026-09-11T17:04:13Z,2026-09-11 17:03:31,SPX,2026-09-18,P,6930.0,7668.2998,1.1,2190.0,1.2,80.0,1.02,115.0,943.0,0.3229,-0.0102,0.0001,-0.553,0.3012,-0.0148
2026-09-11T17:04:13Z,2026-09-11 17:03:31,SPX,2026-09-18,C,6935.0,7668.2998,728.6,1.0,748.7,1.0,0.0,0.0,0.0,0.3351,0.9896,0.0001,-0.5573,0.3049,1.3132
2026-09-11T17:04:13Z,2026-09-11 17:03:31,SPX,2026-09-18,P,6935.0,7668.2998,1.1,2068.0,1.25,294.0,1.15,205.0,0.0,0.3217,-0.0104,0.0001,-0.5571,0.3047,-0.015
2026-09-11T17:04:13Z,2026-09-11 17:03:31,SPX,2026-09-18,C,6940.0,7668.2998,722.3,2.0,739.7,2.0,621.7,0.0,44.0,0.0,0.9894,0.0001,-0.5615,0.3084,1.3139
2026-09-11T17:04:13Z,2026-09-11 17:03:31,SPX,2026-09-18,P,6940.0,7668.2998,1.1,2708.0,1.25,166.0,1.21,7.0,505.0,0.3197,-0.0105,0.0001,-0.5613,0.3083,-0.0152
2026-09-11T17:04:13Z,2026-09-11 17:03:31,SPX,2026-09-18,C,6945.0,7668.2998,718.3,1.0,739.0,1.0,0.0,0.0,0.0,0.3307,0.9893,0.0001,-0.5658,0.3121,1.3147
2026-09-11T17:04:13Z,2026-09-11 17:03:31,SPX,2026-09-18,P,6945.0,7668.2998,1.15,1425.0,1.25,154.0,1.25,120.0,0.0,0.3186,-0.0107,0.0001,-0.5656,0.3119,-0.0154
2026-09-11T17:04:13Z,2026-09-11 17:03:31,SPX,2026-09-18,C,6950.0,7668.2998,713.5,1.0,734.1,1.0,715.8,1.0,3836.0,0.3326,0.9891,0.0001,-0.5701,0.3157,1.3154
2026-09-11T17:04:13Z,2026-09-11 17:03:31,SPX,2026-09-18,P,6950.0,7668.2998,1.15,1618.0,1.25,80.0,1.2,6.0,12565.0,0.3166,-0.0108,0.0001,-0.5699,0.3156,-0.0156
2026-09-11T17:04:13Z,2026-09-11 17:03:31,SPX,2026-09-18,C,6955.0,7668.2998,707.3,1.0,728.8,1.0,0.0,0.0,0.0,0.3085,0.989,0.0001,-0.5745,0.3195,1.3162
2026-09-11T17:04:13Z,2026-09-11 17:03:31,SPX,2026-09-18,P,6955.0,7668.2998,1.15,922.0,1.3,247.0,0.0,0.0,0.0,0.3154,-0.011,0.0001,-0.5743,0.3193,-0.0158
2026-09-11T17:04:13Z,2026-09-11 17:03:31,SPX,2026-09-18,C,6960.0,7668.2998,702.8,1.0,723.0,1.0,775.0,0.0,536.0,0.2983,0.9888,0.0001,-0.579,0.3233,1.3169
2026-09-11T17:04:13Z,2026-09-11 17:03:31,SPX,2026-09-18,P,6960.0,7668.2998,1.15,3076.0,1.3,168.0,1.2,50.0,1002.0,0.3134,-0.0111,0.0001,-0.5788,0.3232,-0.016
2026-09-11T17:04:13Z,2026-09-11 17:03:31,SPX,2026-09-18,C,6965.0,7668.2998,697.8,1.0,719.0,1.0,0.0,0.0,0.0,0.3145,0.9887,0.0001,-0.5835,0.3272,1.3176
2026-09-11T17:04:13Z,2026-09-11 17:03:31,SPX,2026-09-18,P,6965.0,7668.2998,1.2,552.0,1.3,88.0,0.0,0.0,0.0,0.3122,-0.0113,0.0001,-0.5833,0.3271,-0.0163
2026-09-11T17:04:13Z,2026-09-11 17:03:31,SPX,2026-09-18,C,6970.0,7668.2998,693.5,1.0,713.8,1.0,622.8,0.0,2.0,0.3197,0.9885,0.0001,-0.5881,0.3312,1.3184
2026-09-11T17:04:13Z,2026-09-11 17:03:31,SPX,2026-09-18,P,6970.0,7668.2998,1.2,2123.0,1.35,263.0,4.4,0.0,529.0,0.31,-0.0114,0.0001,-0.5881,0.3313,-0.0165
2026-09-11T17:04:13Z,2026-09-11 17:03:31,SPX,2026-09-18,C,6975.0,7668.2998,688.6,1.0,709.1,1.0,620.43,0.0,2189.0,0.3228,0.9884,0.0001,-0.5927,0.3353,1.3191
2026-09-11T17:04:13Z,2026-09-11 17:03:31,SPX,2026-09-18,P,6975.0,7668.2998,1.2,2615.0,1.35,274.0,1.35,63.0,4929.0,0.3088,-0.0116,0.0001,-0.5928,0.3353,-0.0167
2026-09-11T17:04:13Z,2026-09-11 17:03:31,SPX,2026-09-18,C,6980.0,7668.2998,682.5,2.0,704.4,1.0,855.73,0.0,9.0,0.3125,0.9882,0.0001,-0.5974,0.3394,1.3198
2026-09-11T17:04:13Z,2026-09-11 17:03:31,SPX,2026-09-18,P,6980.0,7668.2998,1.2,2955.0,1.35,146.0,1.23,3.0,1429.0,0.3068,-0.0118,0.0001,-0.5975,0.3395,-0.017
2026-09-11T17:04:13Z,2026-09-11 17:03:31,SPX,2026-09-18,C,6985.0,7668.2998,677.9,1.0,695.1,2.0,0.0,0.0,0.0,0.0,0.988,0.0001,-0.6022,0.3436,1.3205
2026-09-11T17:04:13Z,2026-09-11 17:03:31,SPX,2026-09-18,P,6985.0,7668.2998,1.25,637.0,1.35,81.0,0.0,0.0,0.0,0.3055,-0.0119,0.0001,-0.6023,0.3437,-0.0172
2026-09-11T17:04:13Z,2026-09-11 17:03:31,SPX,2026-09-18,C,6990.0,7668.2998,673.2,1.0,693.7,1.0,833.54,0.0,66.0,0.3052,0.9879,0.0001,-0.6071,0.348,1.3213
2026-09-11T17:04:13Z,2026-09-11 17:03:31,SPX,2026-09-18,P,6990.0,7668.2998,1.25,1772.0,1.4,322.0,1.35,12.0,1324.0,0.3042,-0.0121,0.0001,-0.6072,0.348,-0.0175
2026-09-11T17:04:13Z,2026-09-11 17:03:31,SPX,2026-09-18,C,6995.0,7668.2998,668.6,1.0,688.9,1.0,704.34,0.0,7.0,0.3114,0.9877,0.0001,-0.612,0.3524,1.322
2026-09-11T17:04:13Z,2026-09-11 17:03:31,SPX,2026-09-18,P,6995.0,7668.2998,1.25,2864.0,1.4,150.0,1.31,2.0,2982.0,0.3022,-0.0123,0.0001,-0.6121,0.3524,-0.0177
2026-09-11T17:04:13Z,2026-09-11 17:03:31,SPX,2026-09-18,C,7000.0,7668.2998,672.0,6.0,674.8,6.0,678.66,1472.0,362767.0,0.3066,0.9875,0.0001,-0.6171,0.3568,1.3227
2026-09-11T17:04:13Z,2026-09-11 17:03:31,SPX,2026-09-18,P,7000.0,7668.2998,1.3,1344.0,1.4,85.0,1.4,3617.0,376487.0,0.3009,-0.0124,0.0001,-0.6171,0.3569,-0.018
2026-09-11T17:04:13Z,2026-09-11 17:03:31,SPX,2026-09-18,C,7005.0,7668.2998,658.5,1.0,678.1,1.0,683.44,0.0,22.0,0.294,0.9873,0.0001,-0.6222,0.3614,1.3234
2026-09-11T17:04:13Z,2026-09-11 17:03:31,SPX,2026-09-18,P,7005.0,7668.2998,1.3,2061.0,1.45,254.0,1.45,1.0,412.0,0.2989,-0.0126,0.0001,-0.6222,0.3615,-0.0182
2026-09-11T17:04:13Z,2026-09-11 17:03:31,SPX,2026-09-18,C,7010.0,7668.2998,653.7,1.0,674.3,1.0,713.2,0.0,55.0,0.311,0.9871,0.0001,-0.6274,0.3661,1.324
2026-09-11T17:04:13Z,2026-09-11 17:03:31,SPX,2026-09-18,P,7010.0,7668.2998,1.3,2853.0,1.45,272.0,1.3,2.0,545.0,0.2976,-0.0128,0.0001,-0.6274,0.3662,-0.0185
2026-09-11T17:04:13Z,2026-09-11 17:03:31,SPX,2026-09-18,C,7015.0,7668.2998,647.8,1.0,665.3,2.0,499.14,0.0,5.0,0.0,0.987,0.0001,-0.6327,0.3709,1.3247
2026-09-11T17:04:13Z,2026-09-11 17:03:31,SPX,2026-09-18,P,7015.0,7668.2998,1.3,2678.0,1.45,86.0,3.3,0.0,680.0,0.2955,-0.013,0.0001,-0.6327,0.371,-0.0188
2026-09-11T17:04:13Z,2026-09-11 17:03:31,SPX,2026-09-18,C,7020.0,7668.2998,642.6,2.0,663.3,1.0,542.9,0.0,8.0,0.2789,0.9868,0.0001,-0.638,0.3758,1.3254
2026-09-11T17:04:13Z,2026-09-11 17:03:31,SPX,2026-09-18,P,7020.0,7668.2998,1.35,1834.0,1.5,240.0,4.4,0.0,436.0,0.2942,-0.0132,0.0001,-0.6381,0.3759,-0.019
2026-09-11T17:04:13Z,2026-09-11 17:03:31,SPX,2026-09-18,C,7025.0,7668.2998,638.0,1.0,659.0,1.0,656.9,0.0,1414.0,0.2914,0.9866,0.0001,-0.6435,0.3808,1.3261
2026-09-11T17:04:13Z,2026-09-11 17:03:31,SPX,2026-09-18,P,7025.0,7668.2998,1.35,2795.0,1.5,246.0,1.5,50.0,2734.0,0.2929,-0.0134,0.0001,-0.6436,0.3809,-0.0193
2026-09-11T17:04:13Z,2026-09-11 17:03:31,SPX,2026-09-18,C,7030.0,7668.2998,633.1,1.0,651.3,2.0,692.21,0.0,18.0,0.2113,0.9864,0.0001,-0.6491,0.3859,1.3267
2026-09-11T17:04:13Z,2026-09-11 17:03:31,SPX,2026-09-18,P,7030.0,7668.2998,1.35,2863.0,1.5,95.0,2.82,0.0,939.0,0.2908,-0.0136,0.0001,-0.6491,0.386,-0.0196
2026-09-11T17:04:13Z,2026-09-11 17:03:31,SPX,2026-09-18,C,7035.0,7668.2998,628.7,1.0,645.4,2.0,525.1,0.0,1.0,0.0,0.9862,0.0001,-0.6547,0.3911,1.3274
2026-09-11T17:04:13Z,2026-09-11 17:03:31,SPX,2026-09-18,P,7035.0,7668.2998,1.4,1764.0,1.55,233.0,4.9,0.0,1248.0,0.2894,-0.0138,0.0001,-0.6548,0.3912,-0.0199
2026-09-11T17:04:13Z,2026-09-11 17:03:31,SPX,2026-09-18,C,7040.0,7668.2998,632.1,6.0,634.9,6.0,414.41,0.0,30.0,0.2904,0.9859,0.0001,-0.6605,0.3965,1.328
2026-09-11T17:04:13Z,2026-09-11 17:03:31,SPX,2026-09-18,P,7040.0,7668.2998,1.4,2747.0,1.55,224.0,2.67,0.0,897.0,0.2881,-0.014,0.0001,-0.6606,0.3965,-0.0202
2026-09-11T17:04:13Z,2026-09-11 17:03:31,SPX,2026-09-18,C,7045.0,7668.2998,627.1,6.0,629.9,6.0,518.4,0.0,1.0,0.2907,0.9857,0.0001,-0.6664,0.4019,1.3287
2026-09-11T17:04:13Z,2026-09-11 17:03:31,SPX,2026-09-18,P,7045.0,7668.2998,1.4,2740.0,1.55,93.0,3.7,0.0,894.0,0.286,-0.0142,0.0001,-0.6664,0.4019,-0.0206
2026-09-11T17:04:13Z,2026-09-11 17:03:31,SPX,2026-09-18,C,7050.0,7668.2998,622.2,6.0,633.6,1.0,561.6,0.0,4342.0,0.2885,0.9855,0.0001,-0.6724,0.4074,1.3293
2026-09-11T17:04:13Z,2026-09-11 17:03:31,SPX,2026-09-18,P,7050.0,7668.2998,1.45,1639.0,1.6,231.0,1.55,17.0,6578.0,0.2848,-0.0144,0.0001,-0.6719,0.407,-0.0209
2026-09-11T17:04:13Z,2026-09-11 17:03:31,SPX,2026-09-18,C,7055.0,7668.2998,617.2,6.0,620.0,6.0,727.56,0.0,363.0,0.2864,0.9853,0.0001,-0.6785,0.413,1.3299
2026-09-11T17:04:13Z,2026-09-11 17:03:31,SPX,2026-09-18,P,7055.0,7668.2998,1.45,2853.0,1.6,93.0,3.7,0.0,702.0,0.2834,-0.0147,0.0001,-0.678,0.4126,-0.0212
2026-09-11T17:04:13Z,2026-09-11 17:03:31,SPX,2026-09-18,C,7060.0,7668.2998,612.2,6.0,615.0,6.0,631.18,0.0,6.0,0.2842,0.985,0.0001,-0.6847,0.4188,1.3305
2026-09-11T17:04:13Z,2026-09-11 17:03:31,SPX,2026-09-18,P,7060.0,7668.2998,1.45,2704.0,1.6,75.0,5.4,0.0,848.0,0.2813,-0.0149,0.0001,-0.6843,0.4183,-0.0216
2026-09-11T17:04:13Z,2026-09-11 17:03:31,SPX,2026-09-18,C,7065.0,7668.2998,607.2,6.0,610.0,6.0,591.64,0.0,1.0,0.2844,0.9848,0.0001,-0.6911,0.4246,1.3311
2026-09-11T17:04:13Z,2026-09-11 17:03:31,SPX,2026-09-18,P,7065.0,7668.2998,1.5,711.0,1.65,212.0,5.3,0.0,142.0,0.2805,-0.0151,0.0001,-0.6906,0.4242,-0.0219
2026-09-11T17:04:13Z,2026-09-11 17:03:31,SPX,2026-09-18,C,7070.0,7668.2998,602.2,6.0,605.0,6.0,430.42,0.0,2.0,0.2822,0.9845,0.0001,-0.6976,0.4306,1.3317
2026-09-11T17:04:13Z,2026-09-11 17:03:31,SPX,2026-09-18,P,7070.0,7668.2998,1.5,2789.0,1.65,92.0,4.85,0.0,561.0,0.2784,-0.0154,0.0001,-0.6971,0.4301,-0.0223
2026-09-11T17:04:13Z,2026-09-11 17:03:31,SPX,2026-09-18,C,7075.0,7668.2998,597.2,6.0,600.0,6.0,536.0,0.0,1182.0,0.28,0.9843,0.0001,-0.7042,0.4366,1.3323
2026-09-11T17:04:13Z,2026-09-11 17:03:31,SPX,2026-09-18,P,7075.0,7668.2998,1.55,1322.0,1.7,364.0,1.57,6.0,2101.0,0.2768,-0.0156,0.0001,-0.7042,0.4366,-0.0227
2026-09-11T17:04:13Z,2026-09-11 17:03:31,SPX,2026-09-18,C,7080.0,7668.2998,592.3,6.0,595.1,6.0,568.15,0.0,28.0,0.2778,0.984,0.0001,-0.711,0.4428,1.3329
2026-09-11T17:04:13Z,2026-09-11 17:03:31,SPX,2026-09-18,P,7080.0,7668.2998,1.55,2621.0,1.7,162.0,4.55,0.0,2027.0,0.2754,-0.0159,0.0001,-0.7105,0.4424,-0.023
2026-09-11T17:04:13Z,2026-09-11 17:03:31,SPX,2026-09-18,C,7085.0,7668.2998,587.4,6.0,590.1,6.0,640.56,0.0,3.0,0.2767,0.9838,0.0001,-0.7179,0.4492,1.3335
2026-09-11T17:04:13Z,2026-09-11 17:03:31,SPX,2026-09-18,P,7085.0,7668.2998,1.55,2918.0,1.7,73.0,3.42,0.0,686.0,0.2734,-0.0162,0.0001,-0.7174,0.4488,-0.0234
2026-09-11T17:04:13Z,2026-09-11 17:03:31,SPX,2026-09-18,C,7090.0,7668.2998,582.4,6.0,585.1,6.0,695.44,0.0,4.0,0.2745,0.9835,0.0001,-0.7249,0.4557,1.334
2026-09-11T17:04:13Z,2026-09-11 17:03:31,SPX,2026-09-18,P,7090.0,7668.2998,1.6,2588.0,1.75,170.0,1.6,13.0,634.0,0.2725,-0.0164,0.0001,-0.7245,0.4553,-0.0238
2026-09-11T17:04:13Z,2026-09-11 17:03:31,SPX,2026-09-18,C,7095.0,7668.2998,577.5,6.0,580.1,6.0,693.05,0.0,6.0,0.2734,0.9832,0.0001,-0.7321,0.4623,1.3346
2026-09-11T17:04:13Z,2026-09-11 17:03:31,SPX,2026-09-18,P,7095.0,7668.2998,1.6,2464.0,1.75,87.0,2.85,0.0,308.0,0.2704,-0.0167,0.0001,-0.7317,0.4619,-0.0242
2026-09-11T17:04:13Z,2026-09-11 17:03:31,SPX,2026-09-18,C,7100.0,7668.2998,572.4,6.0,575.1,6.0,513.2,0.0,10961.0,0.2712,0.9829,0.0001,-0.7395,0.469,1.3351
2026-09-11T17:04:13Z,2026-09-11 17:03:31,SPX,2026-09-18,P,7100.0,7668.2998,1.65,2188.0,1.8,187.0,1.7,76.0,22159.0,0.2694,-0.017,0.0001,-0.739,0.4686,-0.0246
2026-09-11T17:04:13Z,2026-09-11 17:03:31,SPX,2026-09-18,C,7105.0,7668.2998,567.5,6.0,570.1,6.0,639.32,0.0,6.0,0.2701,0.9826,0.0001,-0.747,0.476,1.3356
2026-09-11T17:04:13Z,2026-09-11 17:03:31,SPX,2026-09-18,P,7105.0,7668.2998,1.65,2835.0,1.8,86.0,3.12,0.0,1842.0,0.2673,-0.0173,0.0001,-0.7465,0.4755,-0.0251
2026-09-11T17:04:13Z,2026-09-11 17:03:31,SPX,2026-09-18,C,7110.0,7668.2998,562.6,6.0,565.2,6.0,422.33,0.0,91.0,0.2689,0.9823,0.0001,-0.7547,0.4831,1.3362
2026-09-11T17:04:13Z,2026-09-11 17:03:31,SPX,2026-09-18,P,7110.0,7668.2998,1.7,1321.0,1.85,164.0,4.25,0.0,919.0,0.2662,-0.0176,0.0001,-0.7547,0.4831,-0.0255
2026-09-11T17:04:13Z,2026-09-11 17:03:31,SPX,2026-09-18,C,7115.0,7668.2998,557.6,6.0,560.2,6.0,656.71,0.0,9.0,0.2667,0.982,0.0002,-0.7626,0.4904,1.3367
2026-09-11T17:04:13Z,2026-09-11 17:03:31,SPX,2026-09-18,P,7115.0,7668.2998,1.7,2621.0,1.85,86.0,3.4,0.0,1460.0,0.2641,-0.0179,0.0002,-0.7626,0.4904,-0.026
2026-09-11T17:04:13Z,2026-09-11 17:03:31,SPX,2026-09-18,C,7120.0,7668.2998,552.6,6.0,555.2,6.0,386.01,0.0,585.0,0.2645,0.9817,0.0002,-0.7706,0.4978,1.3372
2026-09-11T17:04:13Z,2026-09-11 17:03:31,SPX,2026-09-18,P,7120.0,7668.2998,1.75,1279.0,1.9,185.0,1.75,2.0,1232.0,0.263,-0.0182,0.0002,-0.7706,0.4978,-0.0264
2026-09-11T17:04:13Z,2026-09-11 17:03:31,SPX,2026-09-18,C,7125.0,7668.2998,547.6,6.0,550.2,6.0,555.4,0.0,1259.0,0.2643,0.9814,0.0002,-0.7788,0.5055,1.3376
2026-09-11T17:04:13Z,2026-09-11 17:03:31,SPX,2026-09-18,P,7125.0,7668.2998,1.75,2461.0,1.9,84.0,1.92,2.0,4954.0,0.2609,-0.0186,0.0002,-0.7788,0.5055,-0.0269
2026-09-11T17:04:13Z,2026-09-11 17:03:31,SPX,2026-09-18,C,7130.0,7668.2998,542.7,6.0,545.3,6.0,402.5,0.0,65.0,0.2621,0.981,0.0002,-0.7872,0.5134,1.3381
2026-09-11T17:04:13Z,2026-09-11 17:03:31,SPX,2026-09-18,P,7130.0,7668.2998,1.8,1158.0,1.95,181.0,1.8,5.0,1568.0,0.2599,-0.0189,0.0002,-0.7871,0.5133,-0.0274
2026-09-11T17:04:13Z,2026-09-11 17:03:31,SPX,2026-09-18,C,7135.0,7668.2998,537.7,6.0,540.3,6.0,0.0,0.0,0.0,0.2599,0.9807,0.0002,-0.7958,0.5215,1.3386
2026-09-11T17:04:13Z,2026-09-11 17:03:31,SPX,2026-09-18,P,7135.0,7668.2998,1.8,2685.0,1.95,82.0,2.0,169.0,822.0,0.2578,-0.0193,0.0002,-0.7954,0.5211,-0.0279
2026-09-11T17:04:13Z,2026-09-11 17:03:31,SPX,2026-09-18,C,7140.0,7668.2998,532.7,6.0,535.3,6.0,530.33,2.0,19.0,0.2596,0.9803,0.0002,-0.8046,0.5298,1.339
2026-09-11T17:04:13Z,2026-09-11 17:03:31,SPX,2026-09-18,P,7140.0,7668.2998,1.85,2122.0,2.0,168.0,2.08,40.0,608.0,0.2567,-0.0196,0.0002,-0.8042,0.5294,-0.0284
2026-09-11T17:04:13Z,2026-09-11 17:03:31,SPX,2026-09-18,C,7145.0,7668.2998,527.7,6.0,530.3,6.0,436.74,0.0,7.0,0.2574,0.9799,0.0002,-0.8136,0.5384,1.3394
2026-09-11T17:04:13Z,2026-09-11 17:03:31,SPX,2026-09-18,P,7145.0,7668.2998,1.85,2595.0,2.0,69.0,3.45,0.0,714.0,0.2546,-0.02,0.0002,-0.8132,0.538,-0.0289
2026-09-11T17:04:13Z,2026-09-11 17:03:31,SPX,2026-09-18,C,7150.0,7668.2998,522.8,6.0,525.4,6.0,520.38,2.0,5551.0,0.2551,0.9796,0.0002,-0.8229,0.5472,1.3398
2026-09-11T17:04:13Z,2026-09-11 17:03:31,SPX,2026-09-18,P,7150.0,7668.2998,1.9,2005.0,2.05,152.0,2.12,17.0,8238.0,0.2534,-0.0204,0.0002,-0.8224,0.5468,-0.0295
2026-09-11T17:04:13Z,2026-09-11 17:03:31,SPX,2026-09-18,C,7155.0,7668.2998,517.8,6.0,520.4,6.0,581.26,0.0,5.0,0.2548,0.9792,0.0002,-0.8323,0.5562,1.3402
2026-09-11T17:04:13Z,2026-09-11 17:03:31,SPX,2026-09-18,P,7155.0,7668.2998,1.9,2431.0,2.1,172.0,3.7,0.0,606.0,0.2513,-0.0208,0.0002,-0.8318,0.5558,-0.0301
2026-09-11T17:04:13Z,2026-09-11 17:03:31,SPX,2026-09-18,C,7160.0,7668.2998,512.8,6.0,515.4,6.0,529.08,0.0,56.0,0.2525,0.9788,0.0002,-0.842,0.5655,1.3406
2026-09-11T17:04:13Z,2026-09-11 17:03:31,SPX,2026-09-18,P,7160.0,7668.2998,1.95,2280.0,2.1,143.0,2.12,19.0,887.0,0.2501,-0.0212,0.0002,-0.8415,0.565,-0.0306
2026-09-11T17:04:13Z,2026-09-11 17:03:31,SPX,2026-09-18,C,7165.0,7668.2998,507.9,6.0,510.5,6.0,550.0,0.0,35.0,0.2503,0.9783,0.0002,-0.8519,0.575,1.3409
2026-09-11T17:04:13Z,2026-09-11 17:03:31,SPX,2026-09-18,P,7165.0,7668.2998,2.0,1350.0,2.15,164.0,2.05,58.0,649.0,0.2488,-0.0216,0.0002,-0.8519,0.575,-0.0313
2026-09-11T17:04:13Z,2026-09-11 17:03:31,SPX,2026-09-18,C,7170.0,7668.2998,502.9,6.0,505.5,6.0,322.88,0.0,15.0,0.249,0.9779,0.0002,-0.8621,0.5848,1.3412
2026-09-11T17:04:13Z,2026-09-11 17:03:31,SPX,2026-09-18,P,7170.0,7668.2998,2.0,2488.0,2.2,362.0,2.1,2.0,584.0,0.2466,-0.022,0.0002,-0.8621,0.5848,-0.0319
2026-09-11T17:04:13Z,2026-09-11 17:03:31,SPX,2026-09-18,C,7175.0,7668.2998,497.9,6.0,500.5,6.0,440.3,0.0,2166.0,0.2467,0.9775,0.0002,-0.8726,0.5947,1.3416
2026-09-11T17:04:13Z,2026-09-11 17:03:31,SPX,2026-09-18,P,7175.0,7668.2998,2.05,2034.0,2.2,138.0,2.1,195.0,6555.0,0.2454,-0.0225,0.0002,-0.8726,0.5947,-0.0326
2026-09-11T17:04:13Z,2026-09-11 17:03:31,SPX,2026-09-18,C,7180.0,7668.2998,493.1,6.0,495.6,6.0,375.3,0.0,17.0,0.2462,0.977,0.0002,-0.8832,0.605,1.3418
2026-09-11T17:04:13Z,2026-09-11 17:03:31,SPX,2026-09-18,P,7180.0,7668.2998,2.1,973.0,2.25,163.0,2.1,56.0,631.0,0.2437,-0.0229,0.0002,-0.8832,0.605,-0.0333
2026-09-11T17:04:13Z,2026-09-11 17:03:31,SPX,2026-09-18,C,7185.0,7668.2998,488.0,6.0,490.6,6.0,607.05,0.0,7.0,0.2439,0.9765,0.0002,-0.8942,0.6154,1.3421
2026-09-11T17:04:13Z,2026-09-11 17:03:31,SPX,2026-09-18,P,7185.0,7668.2998,2.1,2226.0,2.3,205.0,4.35,0.0,494.0,0.2424,-0.0234,0.0002,-0.8942,0.6154,-0.034
2026-09-11T17:04:13Z,2026-09-11 17:03:31,SPX,2026-09-18,C,7190.0,7668.2998,483.1,6.0,485.6,6.0,570.31,0.0,209.0,0.2425,0.976,0.0002,-0.9055,0.6262,1.3423
2026-09-11T17:04:13Z,2026-09-11 17:03:31,SPX,2026-09-18,P,7190.0,7668.2998,2.15,2252.0,2.3,139.0,2.15,4.0,1774.0,0.2406,-0.0239,0.0002,-0.9055,0.6262,-0.0347
2026-09-11T17:04:13Z,2026-09-11 17:03:31,SPX,2026-09-18,C,7195.0,7668.2998,478.2,6.0,480.7,6.0,350.19,0.0,4.0,0.2419,0.9756,0.0002,-0.9171,0.6371,1.3425
2026-09-11T17:04:13Z,2026-09-11 17:03:31,SPX,2026-09-18,P,7195.0,7668.2998,2.2,1676.0,2.35,143.0,2.2,163.0,670.0,0.2393,-0.0244,0.0002,-0.9171,0.6371,-0.0354
2026-09-11T17:04:13Z,2026-09-11 17:03:31,SPX,2026-09-18,C,7200.0,7668.2998,473.2,6.0,475.7,6.0,404.32,0.0,17873.0,0.2388,0.975,0.0002,-0.9289,0.6484,1.3427
2026-09-11T17:04:13Z,2026-09-11 17:03:31,SPX,2026-09-18,P,7200.0,7668.2998,2.25,943.0,2.4,175.0,2.52,72.0,31112.0,0.2375,-0.0249,0.0002,-0.9289,0.6484,-0.0362
2026-09-11T17:04:13Z,2026-09-11 17:03:31,SPX,2026-09-18,C,7205.0,7668.2998,468.3,6.0,470.8,6.0,587.87,0.0,34.0,0.2381,0.9745,0.0002,-0.9411,0.6599,1.3429
2026-09-11T17:04:13Z,2026-09-11 17:03:31,SPX,2026-09-18,P,7205.0,7668.2998,2.25,2192.0,2.45,276.0,2.3,57.0,1161.0,0.2362,-0.0254,0.0002,-0.9411,0.6599,-0.037
2026-09-11T17:04:13Z,2026-09-11 17:03:31,SPX,2026-09-18,C,7210.0,7668.2998,463.3,6.0,465.8,6.0,340.0,0.0,1626.0,0.2359,0.9739,0.0002,-0.9536,0.6718,1.343
2026-09-11T17:04:13Z,2026-09-11 17:03:31,SPX,2026-09-18,P,7210.0,7668.2998,2.3,2186.0,2.5,357.0,7.45,0.0,849.0,0.2344,-0.026,0.0002,-0.9536,0.6718,-0.0378
2026-09-11T17:04:13Z,2026-09-11 17:03:31,SPX,2026-09-18,C,7215.0,7668.2998,458.3,6.0,460.8,6.0,395.7,0.0,17.0,0.2351,0.9734,0.0002,-0.9665,0.6839,1.3432
2026-09-11T17:04:13Z,2026-09-11 17:03:31,SPX,2026-09-18,P,7215.0,7668.2998,2.35,2097.0,2.5,130.0,5.14,0.0,364.0,0.233,-0.0266,0.0002,-0.9665,0.6839,-0.0386
2026-09-11T17:04:13Z,2026-09-11 17:03:31,SPX,2026-09-18,C,7220.0,7668.2998,453.4,6.0,455.9,6.0,580.04,0.0,33.0,0.2328,0.9728,0.0003,-0.9797,0.6964,1.3433
2026-09-11T17:04:13Z,2026-09-11 17:03:31,SPX,2026-09-18,P,7220.0,7668.2998,2.4,1500.0,2.55,132.0,2.4,1.0,720.0,0.2315,-0.0272,0.0003,-0.9797,0.6964,-0.0395
2026-09-11T17:04:13Z,2026-09-11 17:03:31,SPX,2026-09-18,C,7225.0,7668.2998,448.4,6.0,450.9,6.0,451.72,1.0,1018.0,0.232,0.9722,0.0003,-0.9932,0.7093,1.3433
2026-09-11T17:04:13Z,2026-09-11 17:03:31,SPX,2026-09-18,P,7225.0,7668.2998,2.45,1650.0,2.6,145.0,2.76,1.0,5222.0,0.2301,-0.0278,0.0003,-0.9932,0.7093,-0.0404
2026-09-11T17:04:13Z,2026-09-11 17:03:31,SPX,2026-09-18,C,7230.0,7668.2998,443.5,6.0,446.0,6.0,476.8,0.0,129.0,0.2297,0.9715,0.0003,-1.0071,0.7226,1.3434
2026-09-11T17:04:13Z,2026-09-11 17:03:31,SPX,2026-09-18,P,7230.0,7668.2998,2.5,1532.0,2.65,133.0,2.5,12.0,634.0,0.2286,-0.0284,0.0003,-1.0071,0.7226,-0.0413
2026-09-11T17:04:13Z,2026-09-11 17:03:31,SPX,2026-09-18,C,7235.0,7668.2998,438.5,6.0,441.0,6.0,459.53,0.0,21.0,0.2289,0.9709,0.0003,-1.0214,0.7363,1.3434
2026-09-11T17:04:13Z,2026-09-11 17:03:31,SPX,2026-09-18,P,7235.0,7668.2998,2.55,1229.0,2.7,148.0,3.1,2.0,350.0,0.2268,-0.029,0.0003,-1.0212,0.7361,-0.0422
2026-09-11T17:04:13Z,2026-09-11 17:03:31,SPX,2026-09-18,C,7240.0,7668.2998,433.6,6.0,436.1,6.0,304.68,0.0,262.0,0.2266,0.9702,0.0003,-1.0361,0.7505,1.3434
2026-09-11T17:04:13Z,2026-09-11 17:03:31,SPX,2026-09-18,P,7240.0,7668.2998,2.6,1104.0,2.75,148.0,2.6,35.0,678.0,0.2253,-0.0297,0.0003,-1.0358,0.7502,-0.0432
2026-09-11T17:04:13Z,2026-09-11 17:03:31,SPX,2026-09-18,C,7245.0,7668.2998,428.6,6.0,431.1,6.0,312.1,0.0,14.0,0.2257,0.9695,0.0003,-1.0511,0.7651,1.3433
2026-09-11T17:04:13Z,2026-09-11 17:03:31,SPX,2026-09-18,P,7245.0,7668.2998,2.65,982.0,2.8,142.0,2.7,11.0,1552.0,0.2238,-0.0304,0.0003,-1.0508,0.7648,-0.0442
2026-09-11T17:04:13Z,2026-09-11 17:03:31,SPX,2026-09-18,C,7250.0,7668.2998,423.8,6.0,426.2,6.0,427.07,1.0,5319.0,0.2233,0.9688,0.0003,-1.0666,0.7802,1.3432
2026-09-11T17:04:13Z,2026-09-11 17:03:31,SPX,2026-09-18,P,7250.0,7668.2998,2.7,1172.0,2.85,157.0,3.0,2406.0,9943.0,0.2226,-0.0312,0.0003,-1.0663,0.7799,-0.0452
2026-09-11T17:04:13Z,2026-09-11 17:03:31,SPX,2026-09-18,C,7255.0,7668.2998,418.7,6.0,421.2,6.0,490.81,0.0,25.0,0.2224,0.968,0.0003,-1.0825,0.7957,1.3431
2026-09-11T17:04:13Z,2026-09-11 17:03:31,SPX,2026-09-18,P,7255.0,7668.2998,2.7,1049.0,2.95,287.0,2.75,5.0,298.0,0.2206,-0.0319,0.0003,-1.0822,0.7954,-0.0464
2026-09-11T17:04:13Z,2026-09-11 17:03:31,SPX,2026-09-18,C,7260.0,7668.2998,413.8,6.0,416.3,6.0,559.51,0.0,244.0,0.2207,0.9672,0.0003,-1.0988,0.8117,1.3429
2026-09-11T17:04:13Z,2026-09-11 17:03:31,SPX,2026-09-18,P,7260.0,7668.2998,2.8,1519.0,3.0,264.0,2.9,42.0,1303.0,0.2194,-0.0327,0.0003,-1.0985,0.8114,-0.0475
2026-09-11T17:04:13Z,2026-09-11 17:03:31,SPX,2026-09-18,C,7265.0,7668.2998,408.9,6.0,411.4,6.0,435.99,0.0,12.0,0.219,0.9664,0.0003,-1.1156,0.8281,1.3427
2026-09-11T17:04:13Z,2026-09-11 17:03:31,SPX,2026-09-18,P,7265.0,7668.2998,2.85,924.0,3.1,572.0,3.4,1.0,409.0,0.2184,-0.0335,0.0003,-1.1156,0.8281,-0.0487
2026-09-11T17:04:13Z,2026-09-11 17:03:31,SPX,2026-09-18,C,7270.0,7668.2998,403.9,6.0,406.4,6.0,290.4,0.0,43.0,0.2173,0.9656,0.0003,-1.1328,0.845,1.3424
2026-09-11T17:04:13Z,2026-09-11 17:03:31,SPX,2026-09-18,P,7270.0,7668.2998,2.9,867.0,3.1,209.0,3.1,17.0,1686.0,0.2165,-0.0343,0.0003,-1.1325,0.8447,-0.0499
2026-09-11T17:04:13Z,2026-09-11 17:03:31,SPX,2026-09-18,C,7275.0,7668.2998,399.0,6.0,401.5,6.0,377.48,0.0,854.0,0.2162,0.9647,0.0003,-1.1505,0.8623,1.3421
2026-09-11T17:04:13Z,2026-09-11 17:03:31,SPX,2026-09-18,P,7275.0,7668.2998,2.95,1154.0,3.2,267.0,3.08,17.0,2617.0,0.2151,-0.0352,0.0003,-1.1502,0.862,-0.0512
2026-09-11T17:04:13Z,2026-09-11 17:03:31,SPX,2026-09-18,C,7280.0,7668.2998,394.2,6.0,396.6,6.0,421.29,0.0,147.0,0.2156,0.9638,0.0004,-1.1688,0.88,1.3417
2026-09-11T17:04:13Z,2026-09-11 17:03:31,SPX,2026-09-18,P,7280.0,7668.2998,3.0,1072.0,3.3,367.0,3.1,157.0,648.0,0.2137,-0.0361,0.0004,-1.1688,0.88,-0.0526
2026-09-11T17:04:13Z,2026-09-11 17:03:31,SPX,2026-09-18,C,7285.0,7668.2998,389.2,6.0,391.6,6.0,484.36,0.0,47.0,0.2127,0.9629,0.0004,-1.1875,0.8982,1.3413
2026-09-11T17:04:13Z,2026-09-11 17:03:31,SPX,2026-09-18,P,7285.0,7668.2998,3.1,800.0,3.3,171.0,3.8,5.0,645.0,0.2121,-0.037,0.0004,-1.1871,0.8979,-0.0539
2026-09-11T17:04:13Z,2026-09-11 17:03:31,SPX,2026-09-18,C,7290.0,7668.2998,384.3,6.0,386.7,6.0,330.79,0.0,359.0,0.2115,0.962,0.0004,-1.2067,0.9169,1.3408
2026-09-11T17:04:13Z,2026-09-11 17:03:31,SPX,2026-09-18,P,7290.0,7668.2998,3.1,1032.0,3.4,220.0,3.3,6.0,444.0,0.2104,-0.038,0.0004,-1.2064,0.9166,-0.0553
2026-09-11T17:04:13Z,2026-09-11 17:03:31,SPX,2026-09-18,C,7295.0,7668.2998,379.3,6.0,381.8,6.0,508.59,0.0,25.0,0.2108,0.961,0.0004,-1.2262,0.9357,1.3403
2026-09-11T17:04:13Z,2026-09-11 17:03:31,SPX,2026-09-18,P,7295.0,7668.2998,3.2,989.0,3.5,316.0,3.55,5.0,483.0,0.2092,-0.039,0.0004,-1.2265,0.9361,-0.0568
2026-09-11T17:04:13Z,2026-09-11 17:03:31,SPX,2026-09-18,C,7300.0,7668.2998,374.4,6.0,376.9,6.0,306.52,0.0,34159.0,0.2084,0.9599,0.0004,-1.2468,0.9558,1.3397
2026-09-11T17:04:13Z,2026-09-11 17:03:31,SPX,2026-09-18,P,7300.0,7668.2998,3.3,958.0,3.6,426.0,3.4,1316.0,38517.0,0.2074,-0.04,0.0004,-1.2465,0.9554,-0.0583
2026-09-11T17:04:13Z,2026-09-11 17:03:31,SPX,2026-09-18,C,7305.0,7668.2998,369.5,6.0,372.0,6.0,466.73,0.0,19.0,0.2072,0.9588,0.0004,-1.2677,0.9761,1.3391
2026-09-11T17:04:13Z,2026-09-11 17:03:31,SPX,2026-09-18,P,7305.0,7668.2998,3.4,582.0,3.6,134.0,3.5,32.0,307.0,0.2062,-0.0411,0.0004,-1.2673,0.9757,-0.0599
2026-09-11T17:04:13Z,2026-09-11 17:03:31,SPX,2026-09-18,C,7310.0,7668.2998,364.6,6.0,367.1,6.0,386.09,0.0,300.0,0.2058,0.9578,0.0004,-1.2888,0.9967,1.3385
2026-09-11T17:04:13Z,2026-09-11 17:03:31,SPX,2026-09-18,P,7310.0,7668.2998,3.4,799.0,3.7,160.0,3.7,57.0,479.0,0.2044,-0.0422,0.0004,-1.2888,0.9967,-0.0615
2026-09-11T17:04:13Z,2026-09-11 17:03:31,SPX,2026-09-18,C,7315.0,7668.2998,359.7,6.0,362.2,6.0,517.38,0.0,13.0,0.2045,0.9566,0.0004,-1.3108,1.0184,1.3378
2026-09-11T17:04:13Z,2026-09-11 17:03:31,SPX,2026-09-18,P,7315.0,7668.2998,3.5,918.0,3.8,204.0,3.8,33.0,267.0,0.2031,-0.0434,0.0004,-1.3108,1.0184,-0.0632
2026-09-11T17:04:13Z,2026-09-11 17:03:31,SPX,2026-09-18,C,7320.0,7668.2998,354.7,6.0,357.3,6.0,341.09,0.0,99.0,0.2031,0.9554,0.0004,-1.3334,1.0408,1.337
2026-09-11T17:04:13Z,2026-09-11 17:03:31,SPX,2026-09-18,P,7320.0,7668.2998,3.6,920.0,3.9,178.0,4.12,8.0,1741.0,0.2018,-0.0446,0.0004,-1.3334,1.0408,-0.0649
2026-09-11T17:04:13Z,2026-09-11 17:03:31,SPX,2026-09-18,C,7325.0,7668.2998,349.9,6.0,352.3,6.0,380.83,0.0,3146.0,0.2011,0.9541,0.0004,-1.3571,1.0644,1.3361
2026-09-11T17:04:13Z,2026-09-11 17:03:31,SPX,2026-09-18,P,7325.0,7668.2998,3.7,945.0,4.0,186.0,3.88,540.0,5844.0,0.2005,-0.0458,0.0004,-1.3566,1.064,-0.0667
2026-09-11T17:04:13Z,2026-09-11 17:03:31,SPX,2026-09-18,C,7330.0,7668.2998,345.0,6.0,347.4,6.0,499.7,0.0,762.0,0.1997,0.9528,0.0005,-1.3809,1.0883,1.3352
2026-09-11T17:04:13Z,2026-09-11 17:03:31,SPX,2026-09-18,P,7330.0,7668.2998,3.8,884.0,4.1,185.0,3.98,3.0,1239.0,0.1991,-0.0471,0.0005,-1.3805,1.0879,-0.0686
2026-09-11T17:04:13Z,2026-09-11 17:03:31,SPX,2026-09-18,C,7335.0,7668.2998,340.1,6.0,342.5,6.0,466.2,0.0,123.0,0.1987,0.9515,0.0005,-1.4054,1.113,1.3341
2026-09-11T17:04:13Z,2026-09-11 17:03:31,SPX,2026-09-18,P,7335.0,7668.2998,3.9,834.0,4.2,215.0,13.8,0.0,614.0,0.1976,-0.0484,0.0005,-1.4049,1.1125,-0.0706
2026-09-11T17:04:13Z,2026-09-11 17:03:31,SPX,2026-09-18,C,7340.0,7668.2998,335.2,6.0,337.6,6.0,374.69,0.0,317.0,0.1977,0.9501,0.0005,-1.4301,1.1378,1.333
2026-09-11T17:04:13Z,2026-09-11 17:03:31,SPX,2026-09-18,P,7340.0,7668.2998,4.0,828.0,4.3,178.0,4.63,25.0,1114.0,0.1962,-0.0498,0.0005,-1.4301,1.1378,-0.0727
2026-09-11T17:04:13Z,2026-09-11 17:03:31,SPX,2026-09-18,C,7345.0,7668.2998,330.4,6.0,332.8,11.0,380.3,0.0,30.0,0.1966,0.9486,0.0005,-1.4563,1.1643,1.3318
2026-09-11T17:04:13Z,2026-09-11 17:03:31,SPX,2026-09-18,P,7345.0,7668.2998,4.1,734.0,4.4,185.0,4.66,6.0,402.0,0.1947,-0.0513,0.0005,-1.4558,1.1638,-0.0748
2026-09-11T17:04:13Z,2026-09-11 17:03:31,SPX,2026-09-18,C,7350.0,7668.2998,325.8,11.0,327.9,11.0,260.37,0.0,7360.0,0.195,0.9471,0.0005,-1.4828,1.1909,1.3305
2026-09-11T17:04:13Z,2026-09-11 17:03:31,SPX,2026-09-18,P,7350.0,7668.2998,4.2,1009.0,4.5,134.0,4.6,371.0,17596.0,0.1932,-0.0528,0.0005,-1.4823,1.1904,-0.0771
2026-09-11T17:04:13Z,2026-09-11 17:03:31,SPX,2026-09-18,C,7355.0,7668.2998,320.7,11.0,323.0,11.0,313.6,0.0,330.0,0.1929,0.9456,0.0005,-1.51,1.2181,1.3291
2026-09-11T17:04:13Z,2026-09-11 17:03:31,SPX,2026-09-18,P,7355.0,7668.2998,4.4,914.0,4.6,44.0,5.7,58.0,713.0,0.192,-0.0544,0.0005,-1.51,1.2181,-0.0795
2026-09-11T17:04:13Z,2026-09-11 17:03:31,SPX,2026-09-18,C,7360.0,7668.2998,316.0,11.0,318.1,11.0,335.7,0.0,485.0,0.1917,0.9439,0.0006,-1.538,1.2461,1.3277
2026-09-11T17:04:13Z,2026-09-11 17:03:31,SPX,2026-09-18,P,7360.0,7668.2998,4.5,973.0,4.8,238.0,4.6,23.0,539.0,0.1909,-0.056,0.0006,-1.538,1.2461,-0.0819
2026-09-11T17:04:13Z,2026-09-11 17:03:31,SPX,2026-09-18,C,7365.0,7668.2998,311.1,11.0,313.3,11.0,360.05,0.0,551.0,0.1908,0.9422,0.0006,-1.5666,1.2747,1.3261
2026-09-11T17:04:13Z,2026-09-11 17:03:31,SPX,2026-09-18,P,7365.0,7668.2998,4.6,967.0,4.9,150.0,5.6,8.0,1190.0,0.1892,-0.0577,0.0006,-1.5666,1.2747,-0.0844
2026-09-11T17:04:13Z,2026-09-11 17:03:31,SPX,2026-09-18,C,7370.0,7668.2998,306.0,11.0,308.5,11.0,323.3,0.0,689.0,0.1895,0.9404,0.0006,-1.596,1.3042,1.3245
2026-09-11T17:04:13Z,2026-09-11 17:03:31,SPX,2026-09-18,P,7370.0,7668.2998,4.8,861.0,5.0,42.0,5.32,5.0,1161.0,0.188,-0.0595,0.0006,-1.596,1.3042,-0.087
2026-09-11T17:04:13Z,2026-09-11 17:03:31,SPX,2026-09-18,C,7375.0,7668.2998,301.2,11.0,303.6,9.0,324.92,0.0,7345.0,0.1882,0.9386,0.0006,-1.6261,1.3347,1.3228
2026-09-11T17:04:13Z,2026-09-11 17:03:31,SPX,2026-09-18,P,7375.0,7668.2998,4.9,898.0,5.2,247.0,5.47,52.0,6262.0,0.1867,-0.0613,0.0006,-1.6261,1.3347,-0.0896
2026-09-11T17:04:13Z,2026-09-11 17:03:31,SPX,2026-09-18,C,7380.0,7668.2998,296.3,11.0,298.8,9.0,336.27,0.0,864.0,0.1868,0.9367,0.0006,-1.657,1.3661,1.321
2026-09-11T17:04:13Z,2026-09-11 17:03:31,SPX,2026-09-18,P,7380.0,7668.2998,5.1,817.0,5.3,57.0,5.42,523.0,1569.0,0.1854,-0.0632,0.0006,-1.657,1.3661,-0.0924
2026-09-11T17:04:13Z,2026-09-11 17:03:31,SPX,2026-09-18,C,7385.0,7668.2998,291.6,11.0,293.9,9.0,358.87,0.0,462.0,0.1849,0.9347,0.0006,-1.6886,1.3987,1.3191
2026-09-11T17:04:13Z,2026-09-11 17:03:31,SPX,2026-09-18,P,7385.0,7668.2998,5.2,886.0,5.5,214.0,5.59,4.0,4979.0,0.184,-0.0652,0.0006,-1.6886,1.3987,-0.0953
2026-09-11T17:04:13Z,2026-09-11 17:03:31,SPX,2026-09-18,C,7390.0,7668.2998,286.9,11.0,289.1,11.0,224.67,0.0,897.0,0.1838,0.9327,0.0007,-1.721,1.4323,1.317
2026-09-11T17:04:13Z,2026-09-11 17:03:31,SPX,2026-09-18,P,7390.0,7668.2998,5.4,707.0,5.7,269.0,5.76,13.0,2101.0,0.1826,-0.0673,0.0007,-1.721,1.4323,-0.0983
2026-09-11T17:04:13Z,2026-09-11 17:03:31,SPX,2026-09-18,C,7395.0,7668.2998,281.8,11.0,284.3,9.0,205.3,0.0,455.0,0.1827,0.9305,0.0007,-1.7541,1.4669,1.3148
2026-09-11T17:04:13Z,2026-09-11 17:03:31,SPX,2026-09-18,P,7395.0,7668.2998,5.6,580.0,5.8,39.0,6.95,15.0,613.0,0.1811,-0.0694,0.0007,-1.7541,1.4669,-0.1015
2026-09-11T17:04:13Z,2026-09-11 17:03:31,SPX,2026-09-18,C,7400.0,7668.2998,277.1,11.0,279.4,11.0,281.01,5.0,38302.0,0.1811,0.9283,0.0007,-1.7881,1.5024,1.3124
2026-09-11T17:04:13Z,2026-09-11 17:03:31,SPX,2026-09-18,P,7400.0,7668.2998,5.7,827.0,6.0,101.0,5.94,2034.0,50388.0,0.18,-0.0716,0.0007,-1.7881,1.5024,-0.1048
2026-09-11T17:04:13Z,2026-09-11 17:03:31,SPX,2026-09-18,C,7405.0,7668.2998,272.2,11.0,274.7,11.0,365.0,0.0,1899.0,0.1802,0.926,0.0007,-1.8229,1.5388,1.3099
2026-09-11T17:04:13Z,2026-09-11 17:03:31,SPX,2026-09-18,P,7405.0,7668.2998,5.9,812.0,6.2,169.0,7.75,1.0,2275.0,0.1788,-0.074,0.0007,-1.8229,1.5388,-0.1083
2026-09-11T17:04:13Z,2026-09-11 17:03:31,SPX,2026-09-18,C,7410.0,7668.2998,267.4,11.0,269.9,9.0,210.86,0.0,6819.0,0.1789,0.9236,0.0008,-1.8585,1.5759,1.3072
2026-09-11T17:04:13Z,2026-09-11 17:03:31,SPX,2026-09-18,P,7410.0,7668.2998,6.1,730.0,6.4,215.0,6.5,58.0,7593.0,0.1775,-0.0764,0.0008,-1.8585,1.5759,-0.1119
2026-09-11T17:04:13Z,2026-09-11 17:03:31,SPX,2026-09-18,C,7415.0,7668.2998,262.6,11.0,265.1,9.0,281.84,0.0,4855.0,0.1775,0.921,0.0008,-1.8949,1.6138,1.3045
2026-09-11T17:04:13Z,2026-09-11 17:03:31,SPX,2026-09-18,P,7415.0,7668.2998,6.3,700.0,6.6,145.0,6.7,31.0,5386.0,0.1762,-0.0789,0.0008,-1.8949,1.6138,-0.1156
2026-09-11T17:04:13Z,2026-09-11 17:03:31,SPX,2026-09-18,C,7420.0,7668.2998,257.9,11.0,260.3,9.0,304.3,0.0,3731.0,0.1754,0.9184,0.0008,-1.9322,1.6526,1.3015
2026-09-11T17:04:13Z,2026-09-11 17:03:31,SPX,2026-09-18,P,7420.0,7668.2998,6.5,754.0,6.8,48.0,7.2,51.0,3940.0,0.1749,-0.0815,0.0008,-1.9322,1.6526,-0.1195
2026-09-11T17:04:13Z,2026-09-11 17:03:31,SPX,2026-09-18,C,7425.0,7668.2998,253.1,11.0,255.5,11.0,197.21,0.0,7177.0,0.1743,0.9157,0.0008,-1.9703,1.6924,1.2985
2026-09-11T17:04:13Z,2026-09-11 17:03:31,SPX,2026-09-18,P,7425.0,7668.2998,6.7,679.0,7.0,39.0,7.47,750.0,8743.0,0.1731,-0.0842,0.0008,-1.9703,1.6924,-0.1235
2026-09-11T17:04:13Z,2026-09-11 17:03:31,SPX,2026-09-18,C,7430.0,7668.2998,248.3,11.0,250.7,11.0,193.44,0.0,5013.0,0.1731,0.9128,0.0009,-2.0092,1.7334,1.2953
2026-09-11T17:04:13Z,2026-09-11 17:03:31,SPX,2026-09-18,P,7430.0,7668.2998,7.0,591.0,7.3,202.0,7.2,73.0,5247.0,0.172,-0.0871,0.0009,-2.0092,1.7334,-0.1277
2026-09-11T17:04:13Z,2026-09-11 17:03:31,SPX,2026-09-18,C,7435.0,7668.2998,243.6,11.0,246.0,9.0,309.8,0.0,5028.0,0.1718,0.9099,0.0009,-2.049,1.7758,1.292
2026-09-11T17:04:13Z,2026-09-11 17:03:31,SPX,2026-09-18,P,7435.0,7668.2998,7.2,586.0,7.5,46.0,8.0,41.0,5587.0,0.1711,-0.09,0.0009,-2.049,1.7758,-0.132
2026-09-11T17:04:13Z,2026-09-11 17:03:31,SPX,2026-09-18,C,7440.0,7668.2998,238.9,11.0,241.2,11.0,232.97,1.0,9995.0,0.1705,0.9068,0.0009,-2.0895,1.8195,1.2884
2026-09-11T17:04:13Z,2026-09-11 17:03:31,SPX,2026-09-18,P,7440.0,7668.2998,7.5,569.0,7.8,182.0,7.8,54.0,10505.0,0.1695,-0.0931,0.0009,-2.0895,1.8195,-0.1365
2026-09-11T17:04:13Z,2026-09-11 17:03:31,SPX,2026-09-18,C,7445.0,7668.2998,234.2,11.0,236.5,9.0,228.37,1.0,5585.0,0.1692,0.9036,0.001,-2.1309,1.8645,1.2846
2026-09-11T17:04:13Z,2026-09-11 17:03:31,SPX,2026-09-18,P,7445.0,7668.2998,7.7,570.0,8.0,36.0,7.8,34.0,5898.0,0.1685,-0.0963,0.001,-2.1309,1.8645,-0.1412
2026-09-11T17:04:13Z,2026-09-11 17:03:31,SPX,2026-09-18,C,7450.0,7668.2998,229.5,6.0,231.7,11.0,233.86,5.0,48098.0,0.168,0.9003,0.001,-2.1732,1.9107,1.2806
2026-09-11T17:04:13Z,2026-09-11 17:03:31,SPX,2026-09-18,P,7450.0,7668.2998,8.0,411.0,8.3,32.0,8.82,1398.0,50474.0,0.1674,-0.0997,0.001,-2.1732,1.9107,-0.1462
2026-09-11T17:04:13Z,2026-09-11 17:03:31,SPX,2026-09-18,C,7455.0,7668.2998,224.8,6.0,227.0,11.0,171.92,0.0,4423.0,0.1668,0.8968,0.001,-2.2162,1.9577,1.2763
2026-09-11T17:04:13Z,2026-09-11 17:03:31,SPX,2026-09-18,P,7455.0,7668.2998,8.3,336.0,8.6,32.0,8.55,27.0,4628.0,0.1662,-0.1032,0.001,-2.2162,1.9577,-0.1514
2026-09-11T17:04:13Z,2026-09-11 17:03:31,SPX,2026-09-18,C,7460.0,7668.2998,220.1,6.0,222.3,11.0,167.79,0.0,3643.0,0.1655,0.8932,0.001,-2.2601,2.0056,1.2718
2026-09-11T17:04:13Z,2026-09-11 17:03:31,SPX,2026-09-18,P,7460.0,7668.2998,8.6,319.0,8.9,32.0,8.72,58.0,3770.0,0.1649,-0.1068,0.001,-2.2601,2.0056,-0.1569
2026-09-11T17:04:13Z,2026-09-11 17:03:31,SPX,2026-09-18,C,7465.0,7668.2998,215.4,11.0,217.7,11.0,272.8,0.0,4289.0,0.1644,0.8894,0.0011,-2.3048,2.0542,1.2672
2026-09-11T17:04:13Z,2026-09-11 17:03:31,SPX,2026-09-18,P,7465.0,7668.2998,8.9,339.0,9.3,107.0,9.2,85.0,4897.0,0.1636,-0.1106,0.0011,-2.3048,2.0542,-0.1625
2026-09-11T17:04:13Z,2026-09-11 17:03:31,SPX,2026-09-18,C,7470.0,7668.2998,210.7,11.0,213.1,9.0,240.78,0.0,5297.0,0.163,0.8854,0.0011,-2.3502,2.1038,1.2623
2026-09-11T17:04:13Z,2026-09-11 17:03:31,SPX,2026-09-18,P,7470.0,7668.2998,9.3,261.0,9.6,92.0,9.2,18.0,5537.0,0.1622,-0.1145,0.0011,-2.3502,2.1038,-0.1683
2026-09-11T17:04:13Z,2026-09-11 17:03:31,SPX,2026-09-18,C,7475.0,7668.2998,206.0,11.0,208.4,11.0,155.25,0.0,9758.0,0.162,0.8813,0.0012,-2.3965,2.1547,1.2573
2026-09-11T17:04:13Z,2026-09-11 17:03:31,SPX,2026-09-18,P,7475.0,7668.2998,9.6,305.0,9.9,29.0,9.45,1621.0,11728.0,0.161,-0.1186,0.0012,-2.3965,2.1547,-0.1743
2026-09-11T17:04:13Z,2026-09-11 17:03:31,SPX,2026-09-18,C,7480.0,7668.2998,201.4,11.0,203.8,9.0,149.23,0.0,3328.0,0.1606,0.8771,0.0012,-2.4435,2.207,1.252
2026-09-11T17:04:13Z,2026-09-11 17:03:31,SPX,2026-09-18,P,7480.0,7668.2998,10.0,289.0,10.3,84.0,10.5,99.0,4067.0,0.16,-0.1229,0.0012,-2.4435,2.207,-0.1806
2026-09-11T17:04:13Z,2026-09-11 17:03:31,SPX,2026-09-18,C,7485.0,7668.2998,197.0,12.0,199.1,11.0,230.12,0.0,4344.0,0.1595,0.8726,0.0012,-2.4912,2.2608,1.2464
2026-09-11T17:04:13Z,2026-09-11 17:03:31,SPX,2026-09-18,P,7485.0,7668.2998,10.4,243.0,10.7,87.0,11.13,23.0,4304.0,0.1589,-0.1273,0.0012,-2.4912,2.2608,-0.1871
2026-09-11T17:04:13Z,2026-09-11 17:03:31,SPX,2026-09-18,C,7490.0,7668.2998,192.4,12.0,194.5,11.0,177.91,0.0,6163.0,0.1583,0.868,0.0013,-2.5395,2.3161,1.2405
2026-09-11T17:04:13Z,2026-09-11 17:03:31,SPX,2026-09-18,P,7490.0,7668.2998,10.8,229.0,11.1,84.0,11.57,34.0,6155.0,0.1577,-0.132,0.0013,-2.5395,2.3161,-0.194
2026-09-11T17:04:13Z,2026-09-11 17:03:31,SPX,2026-09-18,C,7495.0,7668.2998,187.8,13.0,189.9,13.0,221.47,0.0,5170.0,0.157,0.8631,0.0013,-2.5885,2.3724,1.2342
2026-09-11T17:04:13Z,2026-09-11 17:03:31,SPX,2026-09-18,P,7495.0,7668.2998,11.2,224.0,11.6,114.0,11.78,81.0,5539.0,0.1564,-0.1368,0.0013,-2.5885,2.3724,-0.2012
2026-09-11T17:04:13Z,2026-09-11 17:03:31,SPX,2026-09-18,C,7500.0,7668.2998,183.1,13.0,185.4,13.0,188.69,74.0,61504.0,0.1569,0.8581,0.0014,-2.638,2.4294,1.2275
2026-09-11T17:04:13Z,2026-09-11 17:03:31,SPX,2026-09-18,P,7500.0,7668.2998,11.6,309.0,12.0,99.0,12.5,2087.0,82575.0,0.1555,-0.1418,0.0014,-2.638,2.4294,-0.2088
2026-09-11T17:04:13Z,2026-09-11 17:03:31,SPX,2026-09-18,C,7505.0,7668.2998,178.5,13.0,180.9,13.0,131.5,0.0,2816.0,0.1556,0.8528,0.0014,-2.6881,2.4869,1.2206
2026-09-11T17:04:13Z,2026-09-11 17:03:31,SPX,2026-09-18,P,7505.0,7668.2998,12.1,213.0,12.5,141.0,12.54,15.0,3177.0,0.1541,-0.1471,0.0014,-2.6881,2.4869,-0.2167
2026-09-11T17:04:13Z,2026-09-11 17:03:31,SPX,2026-09-18,C,7510.0,7668.2998,174.0,13.0,176.4,13.0,266.89,0.0,5854.0,0.1542,0.8474,0.0015,-2.7387,2.545,1.2135
2026-09-11T17:04:13Z,2026-09-11 17:03:31,SPX,2026-09-18,P,7510.0,7668.2998,12.6,198.0,12.9,85.0,13.1,61.0,6061.0,0.153,-0.1526,0.0015,-2.7387,2.545,-0.2248
2026-09-11T17:04:13Z,2026-09-11 17:03:31,SPX,2026-09-18,C,7515.0,7668.2998,169.7,13.0,171.8,13.0,260.44,0.0,3979.0,0.1522,0.8417,0.0015,-2.7897,2.6041,1.2061
2026-09-11T17:04:13Z,2026-09-11 17:03:31,SPX,2026-09-18,P,7515.0,7668.2998,13.1,170.0,13.5,118.0,15.4,25.0,4375.0,0.1518,-0.1583,0.0015,-2.7897,2.6041,-0.2332
2026-09-11T17:04:13Z,2026-09-11 17:03:31,SPX,2026-09-18,C,7520.0,7668.2998,165.1,7.0,167.4,14.0,186.65,0.0,5531.0,0.1519,0.8358,0.0016,-2.841,2.6645,1.1984
2026-09-11T17:04:13Z,2026-09-11 17:03:31,SPX,2026-09-18,P,7520.0,7668.2998,13.6,189.0,14.0,99.0,14.6,190.0,6415.0,0.1505,-0.1642,0.0016,-2.841,2.6645,-0.2418
2026-09-11T17:04:13Z,2026-09-11 17:03:31,SPX,2026-09-18,C,7525.0,7668.2998,160.6,7.0,163.0,9.0,166.43,26.0,7641.0,0.1499,0.8296,0.0016,-2.8926,2.7264,1.1902
2026-09-11T17:04:13Z,2026-09-11 17:03:31,SPX,2026-09-18,P,7525.0,7668.2998,14.1,277.0,14.5,79.0,15.2,165.0,6591.0,0.1495,-0.1704,0.0016,-2.8926,2.7264,-0.251
2026-09-11T17:04:13Z,2026-09-11 17:03:31,SPX,2026-09-18,C,7530.0,7668.2998,156.2,9.0,158.5,9.0,159.55,1.0,8234.0,0.1486,0.8232,0.0017,-2.9443,2.7893,1.1816
2026-09-11T17:04:13Z,2026-09-11 17:03:31,SPX,2026-09-18,P,7530.0,7668.2998,14.7,215.0,15.1,68.0,16.1,53.0,8993.0,0.1481,-0.1768,0.0017,-2.9443,2.7893,-0.2606
2026-09-11T17:04:13Z,2026-09-11 17:03:31,SPX,2026-09-18,C,7535.0,7668.2998,151.8,9.0,154.1,9.0,155.2,1.0,6199.0,0.1475,0.8165,0.0017,-2.996,2.8527,1.1724
2026-09-11T17:04:13Z,2026-09-11 17:03:31,SPX,2026-09-18,P,7535.0,7668.2998,15.3,193.0,15.7,80.0,19.0,34.0,5848.0,0.1469,-0.1835,0.0017,-2.996,2.8527,-0.2706
2026-09-11T17:04:13Z,2026-09-11 17:03:31,SPX,2026-09-18,C,7540.0,7668.2998,147.4,9.0,149.7,2.0,103.51,0.0,6637.0,0.1464,0.8095,0.0018,-3.0476,2.9162,1.1629
2026-09-11T17:04:13Z,2026-09-11 17:03:31,SPX,2026-09-18,P,7540.0,7668.2998,15.9,221.0,16.3,33.0,15.9,2032.0,5893.0,0.1458,-0.1904,0.0018,-3.0476,2.9162,-0.2811
2026-09-11T17:04:13Z,2026-09-11 17:03:31,SPX,2026-09-18,C,7545.0,7668.2998,143.1,9.0,145.4,9.0,97.3,0.0,9570.0,0.1451,0.8023,0.0018,-3.099,2.9795,1.1531
2026-09-11T17:04:13Z,2026-09-11 17:03:31,SPX,2026-09-18,P,7545.0,7668.2998,16.6,187.0,17.0,66.0,16.24,16.0,10119.0,0.1447,-0.1977,0.0018,-3.099,2.9795,-0.2919
2026-09-11T17:04:13Z,2026-09-11 17:03:31,SPX,2026-09-18,C,7550.0,7668.2998,138.8,9.0,141.1,9.0,142.67,10.0,36127.0,0.144,0.7948,0.0019,-3.15,3.043,1.143
2026-09-11T17:04:13Z,2026-09-11 17:03:31,SPX,2026-09-18,P,7550.0,7668.2998,17.3,27.0,17.7,75.0,18.4,2455.0,50778.0,0.1436,-0.2052,0.0019,-3.15,3.043,-0.303
2026-09-11T17:04:13Z,2026-09-11 17:03:31,SPX,2026-09-18,C,7555.0,7668.2998,134.5,7.0,136.8,9.0,196.0,0.0,5388.0,0.1429,0.7869,0.0019,-3.2005,3.1073,1.1324
2026-09-11T17:04:13Z,2026-09-11 17:03:31,SPX,2026-09-18,P,7555.0,7668.2998,18.0,72.0,18.4,31.0,18.22,59.0,5599.0,0.1423,-0.213,0.0019,-3.2005,3.1073,-0.3145
2026-09-11T17:04:13Z,2026-09-11 17:03:31,SPX,2026-09-18,C,7560.0,7668.2998,130.2,9.0,132.5,9.0,137.41,5.0,6500.0,0.1416,0.7788,0.002,-3.2504,3.1723,1.1214
2026-09-11T17:04:13Z,2026-09-11 17:03:31,SPX,2026-09-18,P,7560.0,7668.2998,18.8,25.0,19.2,129.0,19.22,46.0,6604.0,0.1412,-0.2211,0.002,-3.2504,3.1723,-0.3265
2026-09-11T17:04:13Z,2026-09-11 17:03:31,SPX,2026-09-18,C,7565.0,7668.2998,126.0,9.0,128.3,9.0,87.64,0.0,7536.0,0.1404,0.7704,0.002,-3.2994,3.2378,1.1097
2026-09-11T17:04:13Z,2026-09-11 17:03:31,SPX,2026-09-18,P,7565.0,7668.2998,19.5,130.0,20.0,99.0,19.0,169.0,7588.0,0.1401,-0.2296,0.002,-3.2994,3.2378,-0.3392
2026-09-11T17:04:13Z,2026-09-11 17:03:31,SPX,2026-09-18,C,7570.0,7668.2998,121.9,10.0,124.2,10.0,144.78,0.0,5150.0,0.1392,0.7616,0.0021,-3.3473,3.3028,1.0974
2026-09-11T17:04:13Z,2026-09-11 17:03:31,SPX,2026-09-18,P,7570.0,7668.2998,20.4,57.0,20.8,64.0,22.54,66.0,5289.0,0.139,-0.2383,0.0021,-3.3473,3.3028,-0.3524
2026-09-11T17:04:13Z,2026-09-11 17:03:31,SPX,2026-09-18,C,7575.0,7668.2998,117.7,10.0,120.0,2.0,124.05,4.0,11757.0,0.1382,0.7525,0.0022,-3.394,3.3667,1.0847
2026-09-11T17:04:13Z,2026-09-11 17:03:31,SPX,2026-09-18,P,7575.0,7668.2998,21.2,106.0,21.7,98.0,20.7,343.0,13319.0,0.1378,-0.2474,0.0022,-3.394,3.3667,-0.366
2026-09-11T17:04:13Z,2026-09-11 17:03:31,SPX,2026-09-18,C,7580.0,7668.2998,113.6,10.0,115.9,10.0,77.05,0.0,5980.0,0.137,0.7431,0.0022,-3.4392,3.4295,1.0717
2026-09-11T17:04:13Z,2026-09-11 17:03:31,SPX,2026-09-18,P,7580.0,7668.2998,22.1,117.0,22.5,22.0,22.57,77.0,5972.0,0.1367,-0.2568,0.0022,-3.4392,3.4295,-0.38
2026-09-11T17:04:13Z,2026-09-11 17:03:31,SPX,2026-09-18,C,7585.0,7668.2998,109.5,11.0,111.9,10.0,73.85,0.0,6082.0,0.1357,0.7334,0.0023,-3.4828,3.4917,1.0583
2026-09-11T17:04:13Z,2026-09-11 17:03:31,SPX,2026-09-18,P,7585.0,7668.2998,23.1,62.0,23.5,54.0,23.54,22.0,6242.0,0.1354,-0.2666,0.0023,-3.4828,3.4917,-0.3943
2026-09-11T17:04:13Z,2026-09-11 17:03:31,SPX,2026-09-18,C,7590.0,7668.2998,105.6,8.0,107.9,15.0,103.0,3.0,10391.0,0.1346,0.7233,0.0024,-3.5244,3.5537,1.0443
2026-09-11T17:04:13Z,2026-09-11 17:03:31,SPX,2026-09-18,P,7590.0,7668.2998,24.0,86.0,24.5,53.0,24.34,140.0,10703.0,0.1343,-0.2767,0.0024,-3.5244,3.5537,-0.4093
2026-09-11T17:04:13Z,2026-09-11 17:03:31,SPX,2026-09-18,C,7595.0,7668.2998,101.6,10.0,103.9,10.0,103.57,7.0,8315.0,0.1335,0.7128,0.0024,-3.5639,3.6151,1.0295
2026-09-11T17:04:13Z,2026-09-11 17:03:31,SPX,2026-09-18,P,7595.0,7668.2998,25.1,58.0,25.5,42.0,26.79,1962.0,8891.0,0.1334,-0.2871,0.0024,-3.5639,3.6151,-0.425
2026-09-11T17:04:13Z,2026-09-11 17:03:31,SPX,2026-09-18,C,7600.0,7668.2998,98.2,17.0,99.8,18.0,99.3,28.0,52196.0,0.1324,0.702,0.0025,-3.6009,3.675,1.0141
2026-09-11T17:04:13Z,2026-09-11 17:03:31,SPX,2026-09-18,P,7600.0,7668.2998,26.2,58.0,26.6,41.0,28.14,2114.0,55902.0,0.132,-0.298,0.0025,-3.6009,3.675,-0.4414
2026-09-11T17:04:13Z,2026-09-11 17:03:31,SPX,2026-09-18,C,7605.0,7668.2998,94.3,19.0,95.9,22.0,93.83,10.0,9590.0,0.1312,0.6908,0.0025,-3.6352,3.7325,0.9982
2026-09-11T17:04:13Z,2026-09-11 17:03:31,SPX,2026-09-18,P,7605.0,7668.2998,27.3,23.0,27.7,29.0,32.0,6.0,10035.0,0.131,-0.3091,0.0025,-3.6352,3.7325,-0.4582
2026-09-11T17:04:13Z,2026-09-11 17:03:31,SPX,2026-09-18,C,7610.0,7668.2998,90.4,19.0,92.1,22.0,87.61,5.0,5745.0,0.13,0.6793,0.0026,-3.6665,3.7875,0.9821
2026-09-11T17:04:13Z,2026-09-11 17:03:31,SPX,2026-09-18,P,7610.0,7668.2998,28.4,82.0,29.0,42.0,28.73,132.0,5323.0,0.1298,-0.3207,0.0026,-3.6665,3.7875,-0.4753
2026-09-11T17:04:13Z,2026-09-11 17:03:31,SPX,2026-09-18,C,7615.0,7668.2998,86.6,24.0,88.2,32.0,93.9,9.0,6267.0,0.1286,0.6673,0.0027,-3.6946,3.8405,0.9655
2026-09-11T17:04:13Z,2026-09-11 17:03:31,SPX,2026-09-18,P,7615.0,7668.2998,29.7,69.0,30.1,28.0,30.3,37.0,6472.0,0.1287,-0.3326,0.0027,-3.6946,3.8405,-0.4929
2026-09-11T17:04:13Z,2026-09-11 17:03:31,SPX,2026-09-18,C,7620.0,7668.2998,82.9,29.0,84.4,32.0,81.7,13.0,5310.0,0.1274,0.655,0.0027,-3.7192,3.8917,0.9481
2026-09-11T17:04:13Z,2026-09-11 17:03:31,SPX,2026-09-18,P,7620.0,7668.2998,30.9,69.0,31.4,26.0,32.95,61.0,5793.0,0.1275,-0.3449,0.0027,-3.7192,3.8917,-0.5113
2026-09-11T17:04:13Z,2026-09-11 17:03:31,SPX,2026-09-18,C,7625.0,7668.2998,79.8,6.0,80.5,6.0,71.46,25.0,6435.0,0.127,0.6424,0.0028,-3.74,3.9405,0.9298
2026-09-11T17:04:13Z,2026-09-11 17:03:31,SPX,2026-09-18,P,7625.0,7668.2998,32.3,51.0,32.8,26.0,34.3,86.0,5527.0,0.1265,-0.3576,0.0028,-3.74,3.9405,-0.5305
2026-09-11T17:04:13Z,2026-09-11 17:03:31,SPX,2026-09-18,C,7630.0,7668.2998,76.2,6.0,76.9,15.0,76.3,12.0,5218.0,0.1259,0.6293,0.0028,-3.7566,3.9859,0.9111
2026-09-11T17:04:13Z,2026-09-11 17:03:31,SPX,2026-09-18,P,7630.0,7668.2998,33.7,72.0,34.2,38.0,34.6,13.0,5226.0,0.1254,-0.3706,0.0028,-3.7566,3.9859,-0.5502
2026-09-11T17:04:13Z,2026-09-11 17:03:31,SPX,2026-09-18,C,7635.0,7668.2998,72.7,6.0,73.4,27.0,71.8,24.0,4907.0,0.1247,0.6159,0.0029,-3.7688,4.0271,0.892
2026-09-11T17:04:13Z,2026-09-11 17:03:31,SPX,2026-09-18,P,7635.0,7668.2998,35.1,68.0,35.6,15.0,40.49,32.0,5057.0,0.1242,-0.384,0.0029,-3.7688,4.0271,-0.5702
2026-09-11T17:04:13Z,2026-09-11 17:03:31,SPX,2026-09-18,C,7640.0,7668.2998,69.2,17.0,69.9,17.0,69.5,11.0,7845.0,0.1235,0.6021,0.003,-3.7764,4.0645,0.8726
2026-09-11T17:04:13Z,2026-09-11 17:03:31,SPX,2026-09-18,P,7640.0,7668.2998,36.7,55.0,37.2,36.0,35.78,17.0,7862.0,0.123,-0.3978,0.003,-3.7764,4.0645,-0.5906
2026-09-11T17:04:13Z,2026-09-11 17:03:31,SPX,2026-09-18,C,7645.0,7668.2998,65.8,18.0,66.5,18.0,65.6,89.0,7622.0,0.1224,0.5879,0.003,-3.7791,4.0983,0.8524
2026-09-11T17:04:13Z,2026-09-11 17:03:31,SPX,2026-09-18,P,7645.0,7668.2998,38.3,55.0,38.8,24.0,38.16,33.0,7693.0,0.1219,-0.412,0.003,-3.7791,4.0983,-0.6117
2026-09-11T17:04:13Z,2026-09-11 17:03:31,SPX,2026-09-18,C,7650.0,7668.2998,62.5,23.0,63.2,42.0,64.02,4498.0,24654.0,0.1213,0.5734,0.0031,-3.7766,4.1279,0.8313
2026-09-11T17:04:13Z,2026-09-11 17:03:31,SPX,2026-09-18,P,7650.0,7668.2998,40.0,36.0,40.5,22.0,39.86,5877.0,23372.0,0.1209,-0.4266,0.0031,-3.7766,4.1279,-0.6338
2026-09-11T17:04:13Z,2026-09-11 17:03:31,SPX,2026-09-18,C,7655.0,7668.2998,59.2,57.0,59.8,11.0,58.55,330.0,3308.0,0.1201,0.5585,0.0031,-3.7686,4.1525,0.8097
2026-09-11T17:04:13Z,2026-09-11 17:03:31,SPX,2026-09-18,P,7655.0,7668.2998,41.7,59.0,42.2,22.0,43.1,550.0,2924.0,0.1198,-0.4414,0.0031,-3.7686,4.1525,-0.6563
2026-09-11T17:04:13Z,2026-09-11 17:03:31,SPX,2026-09-18,C,7660.0,7668.2998,56.1,9.0,56.6,11.0,56.03,1645.0,3384.0,0.119,0.5433,0.0032,-3.7548,4.1716,0.788
2026-09-11T17:04:13Z,2026-09-11 17:03:31,SPX,2026-09-18,P,7660.0,7668.2998,43.6,25.0,44.0,12.0,45.7,1471.0,3631.0,0.1186,-0.4567,0.0032,-3.7548,4.1716,-0.679
2026-09-11T17:04:13Z,2026-09-11 17:03:31,SPX,2026-09-18,C,7665.0,7668.2998,53.0,14.0,53.5,11.0,51.15,1778.0,2401.0,0.1179,0.5277,0.0032,-3.7353,4.1852,0.7659
2026-09-11T17:04:13Z,2026-09-11 17:03:31,SPX,2026-09-18,P,7665.0,7668.2998,45.4,53.0,45.9,21.0,48.0,1824.0,2586.0,0.1176,-0.4722,0.0032,-3.7353,4.1852,-0.7021
2026-09-11T17:04:13Z,2026-09-11 17:03:31,SPX,2026-09-18,C,7670.0,7668.2998,50.0,9.0,50.5,12.0,48.5,5364.0,7826.0,0.1168,0.5118,0.0032,-3.7097,4.193,0.743
2026-09-11T17:04:13Z,2026-09-11 17:03:31,SPX,2026-09-18,P,7670.0,7668.2998,47.4,51.0,47.9,20.0,48.03,5396.0,8482.0,0.1165,-0.4881,0.0032,-3.7097,4.193,-0.7259
2026-09-11T17:04:13Z,2026-09-11 17:03:31,SPX,2026-09-18,C,7675.0,7668.2998,47.0,65.0,47.6,12.0,46.0,4235.0,6811.0,0.1158,0.4956,0.0033,-3.6778,4.1946,0.7193
2026-09-11T17:04:13Z,2026-09-11 17:03:31,SPX,2026-09-18,P,7675.0,7668.2998,49.5,42.0,50.0,20.0,51.4,4403.0,5784.0,0.1154,-0.5043,0.0033,-3.6778,4.1946,-0.7506
2026-09-11T17:04:13Z,2026-09-11 17:03:31,SPX,2026-09-18,C,7680.0,7668.2998,44.2,47.0,44.7,12.0,44.33,734.0,11917.0,0.1147,0.4792,0.0033,-3.6395,4.1896,0.6955
2026-09-11T17:04:13Z,2026-09-11 17:03:31,SPX,2026-09-18,P,7680.0,7668.2998,51.6,45.0,52.1,20.0,51.8,832.0,7104.0,0.1144,-0.5208,0.0033,-3.6395,4.1896,-0.7754
2026-09-11T17:04:13Z,2026-09-11 17:03:31,SPX,2026-09-18,C,7685.0,7668.2998,41.5,30.0,42.0,13.0,41.5,18.0,8354.0,0.1138,0.4625,0.0033,-3.5948,4.1779,0.6717
2026-09-11T17:04:13Z,2026-09-11 17:03:31,SPX,2026-09-18,P,7685.0,7668.2998,53.9,25.0,54.5,29.0,54.3,86.0,8464.0,0.1134,-0.5375,0.0033,-3.5948,4.1779,-0.8001
2026-09-11T17:04:13Z,2026-09-11 17:03:31,SPX,2026-09-18,C,7690.0,7668.2998,38.8,46.0,39.3,13.0,40.48,280.0,7874.0,0.1128,0.4456,0.0033,-3.5438,4.159,0.6473
2026-09-11T17:04:13Z,2026-09-11 17:03:31,SPX,2026-09-18,P,7690.0,7668.2998,56.2,44.0,56.9,29.0,58.2,88.0,7921.0,0.1124,-0.5544,0.0033,-3.5438,4.159,-0.8254
2026-09-11T17:04:13Z,2026-09-11 17:03:31,SPX,2026-09-18,C,7695.0,7668.2998,36.2,81.0,36.8,14.0,36.0,30.0,8664.0,0.1117,0.4284,0.0033,-3.4863,4.1324,0.6222
2026-09-11T17:04:13Z,2026-09-11 17:03:31,SPX,2026-09-18,P,7695.0,7668.2998,58.6,28.0,59.3,18.0,56.8,24.0,7844.0,0.1113,-0.5715,0.0033,-3.4863,4.1324,-0.8515
2026-09-11T17:04:13Z,2026-09-11 17:03:31,SPX,2026-09-18,C,7700.0,7668.2998,33.8,63.0,34.3,15.0,33.2,3625.0,50303.0,0.1107,0.4112,0.0033,-3.4223,4.098,0.5971
2026-09-11T17:04:13Z,2026-09-11 17:03:31,SPX,2026-09-18,P,7700.0,7668.2998,61.1,27.0,61.9,17.0,64.3,3358.0,51214.0,0.1104,-0.5887,0.0033,-3.4223,4.098,-0.8776
2026-09-11T17:04:13Z,2026-09-11 17:03:31,SPX,2026-09-18,C,7705.0,7668.2998,31.4,86.0,31.9,15.0,27.78,7.0,3783.0,0.1098,0.3939,0.0033,-3.352,4.0568,0.5722
2026-09-11T17:04:13Z,2026-09-11 17:03:31,SPX,2026-09-18,P,7705.0,7668.2998,63.8,26.0,64.5,16.0,67.23,3.0,2749.0,0.1094,-0.6061,0.0033,-3.352,4.0568,-0.9034
2026-09-11T17:04:13Z,2026-09-11 17:03:31,SPX,2026-09-18,C,7710.0,7668.2998,29.2,54.0,29.7,39.0,32.71,434.0,5565.0,0.1089,0.3765,0.0033,-3.2758,4.0078,0.5471
2026-09-11T17:04:13Z,2026-09-11 17:03:31,SPX,2026-09-18,P,7710.0,7668.2998,66.5,25.0,67.3,26.0,65.4,64.0,5315.0,0.1086,-0.6235,0.0033,-3.2758,4.0078,-0.9295
2026-09-11T17:04:13Z,2026-09-11 17:03:31,SPX,2026-09-18,C,7715.0,7668.2998,27.1,20.0,27.5,17.0,27.2,19.0,4685.0,0.1081,0.3591,0.0033,-3.1937,3.9501,0.5215
2026-09-11T17:04:13Z,2026-09-11 17:03:31,SPX,2026-09-18,P,7715.0,7668.2998,69.3,24.0,70.1,6.0,69.4,2.0,4198.0,0.1077,-0.6409,0.0033,-3.1937,3.9501,-0.956
2026-09-11T17:04:13Z,2026-09-11 17:03:31,SPX,2026-09-18,C,7720.0,7668.2998,25.0,59.0,25.5,42.0,28.24,60.0,12642.0,0.1071,0.3417,0.0032,-3.1061,3.8844,0.4962
2026-09-11T17:04:13Z,2026-09-11 17:03:31,SPX,2026-09-18,P,7720.0,7668.2998,71.7,32.0,73.2,23.0,77.36,3.0,12897.0,0.1066,-0.6582,0.0032,-3.1061,3.8844,-0.9823
2026-09-11T17:04:13Z,2026-09-11 17:03:31,SPX,2026-09-18,C,7725.0,7668.2998,23.1,44.0,23.5,45.0,23.37,882.0,9270.0,0.1061,0.3245,0.0032,-3.0132,3.8123,0.4714
2026-09-11T17:04:13Z,2026-09-11 17:03:31,SPX,2026-09-18,P,7725.0,7668.2998,74.7,20.0,76.3,15.0,78.1,28.0,9805.0,0.1056,-0.6755,0.0032,-3.0132,3.8123,-1.008
2026-09-11T17:04:13Z,2026-09-11 17:03:31,SPX,2026-09-18,C,7730.0,7668.2998,21.1,113.0,21.6,20.0,21.48,62.0,6521.0,0.1054,0.3074,0.0032,-2.9157,3.7332,0.4466
2026-09-11T17:04:13Z,2026-09-11 17:03:31,SPX,2026-09-18,P,7730.0,7668.2998,77.7,8.0,79.9,8.0,87.78,2.0,5406.0,0.1049,-0.6926,0.0032,-2.9157,3.7332,-1.0338
2026-09-11T17:04:13Z,2026-09-11 17:03:31,SPX,2026-09-18,C,7735.0,7668.2998,19.5,46.0,19.9,50.0,22.31,94.0,4574.0,0.1045,0.2905,0.0031,-2.8139,3.6455,0.4217
2026-09-11T17:04:13Z,2026-09-11 17:03:31,SPX,2026-09-18,P,7735.0,7668.2998,80.9,8.0,83.1,8.0,89.17,25.0,4984.0,0.1043,-0.7094,0.0031,-2.8139,3.6455,-1.0596
2026-09-11T17:04:13Z,2026-09-11 17:03:31,SPX,2026-09-18,C,7740.0,7668.2998,17.8,66.0,18.2,35.0,20.22,126.0,7691.0,0.1039,0.2739,0.003,-2.7082,3.551,0.3976
2026-09-11T17:04:13Z,2026-09-11 17:03:31,SPX,2026-09-18,P,7740.0,7668.2998,84.3,8.0,86.5,8.0,82.54,27.0,7144.0,0.1034,-0.7261,0.003,-2.7082,3.551,-1.0848
2026-09-11T17:04:13Z,2026-09-11 17:03:31,SPX,2026-09-18,C,7745.0,7668.2998,16.3,81.0,16.7,54.0,14.4,12.0,3555.0,0.103,0.2576,0.003,-2.5994,3.4518,0.3741
2026-09-11T17:04:13Z,2026-09-11 17:03:31,SPX,2026-09-18,P,7745.0,7668.2998,87.7,7.0,89.9,7.0,85.92,5.0,3491.0,0.1025,-0.7423,0.003,-2.5994,3.4518,-1.1091
2026-09-11T17:04:13Z,2026-09-11 17:03:31,SPX,2026-09-18,C,7750.0,7668.2998,14.9,42.0,15.2,51.0,16.1,4715.0,31092.0,0.1024,0.2417,0.0029,-2.4879,3.3469,0.3508
2026-09-11T17:04:13Z,2026-09-11 17:03:31,SPX,2026-09-18,P,7750.0,7668.2998,91.3,7.0,93.5,7.0,89.0,25.0,25811.0,0.1019,-0.7583,0.0029,-2.4879,3.3469,-1.1334
2026-09-11T17:04:13Z,2026-09-11 17:03:31,SPX,2026-09-18,C,7755.0,7668.2998,13.5,81.0,13.9,101.0,15.79,188.0,9316.0,0.1016,0.2262,0.0028,-2.3744,3.235,0.328
2026-09-11T17:04:13Z,2026-09-11 17:03:31,SPX,2026-09-18,P,7755.0,7668.2998,94.9,7.0,97.1,7.0,163.84,0.0,9060.0,0.1011,-0.7738,0.0028,-2.3744,3.235,-1.1572
2026-09-11T17:04:13Z,2026-09-11 17:03:31,SPX,2026-09-18,C,7760.0,7668.2998,12.2,86.0,12.6,67.0,14.21,66.0,6174.0,0.101,0.2111,0.0027,-2.2595,3.1192,0.3063
2026-09-11T17:04:13Z,2026-09-11 17:03:31,SPX,2026-09-18,P,7760.0,7668.2998,98.6,7.0,100.8,7.0,101.83,1.0,5810.0,0.1007,-0.7888,0.0027,-2.2595,3.1192,-1.1799
2026-09-11T17:04:13Z,2026-09-11 17:03:31,SPX,2026-09-18,C,7765.0,7668.2998,11.0,108.0,11.4,92.0,11.92,34.0,8622.0,0.1005,0.1966,0.0026,-2.144,3.0011,0.2852
2026-09-11T17:04:13Z,2026-09-11 17:03:31,SPX,2026-09-18,P,7765.0,7668.2998,102.5,9.0,104.7,9.0,88.92,0.0,8497.0,0.1,-0.8034,0.0026,-2.144,3.0011,-1.2019
2026-09-11T17:04:13Z,2026-09-11 17:03:31,SPX,2026-09-18,C,7770.0,7668.2998,9.9,162.0,10.3,86.0,10.79,211.0,10574.0,0.0998,0.1826,0.0025,-2.0284,2.8791,0.2646
2026-09-11T17:04:13Z,2026-09-11 17:03:31,SPX,2026-09-18,P,7770.0,7668.2998,106.4,9.0,108.6,9.0,175.98,0.0,10151.0,0.0993,-0.8174,0.0025,-2.0284,2.8791,-1.2235
2026-09-11T17:04:13Z,2026-09-11 17:03:31,SPX,2026-09-18,C,7775.0,7668.2998,8.9,167.0,9.3,139.0,9.3,115.0,12987.0,0.0993,0.1691,0.0024,-1.9135,2.7534,0.245
2026-09-11T17:04:13Z,2026-09-11 17:03:31,SPX,2026-09-18,P,7775.0,7668.2998,110.3,9.0,112.5,9.0,110.0,15.0,11172.0,0.0987,-0.8308,0.0024,-1.9135,2.7534,-1.2441
2026-09-11T17:04:13Z,2026-09-11 17:03:31,SPX,2026-09-18,C,7780.0,7668.2998,8.0,157.0,8.4,135.0,8.81,113.0,13284.0,0.0986,0.1563,0.0023,-1.7999,2.6274,0.2265
2026-09-11T17:04:13Z,2026-09-11 17:03:31,SPX,2026-09-18,P,7780.0,7668.2998,114.5,6.0,116.7,6.0,135.69,0.0,11355.0,0.0983,-0.8437,0.0023,-1.7999,2.6274,-1.2635
2026-09-11T17:04:13Z,2026-09-11 17:03:31,SPX,2026-09-18,C,7785.0,7668.2998,7.2,150.0,7.5,36.0,8.79,361.0,6012.0,0.0981,0.1441,0.0022,-1.6882,2.5014,0.2086
2026-09-11T17:04:13Z,2026-09-11 17:03:31,SPX,2026-09-18,P,7785.0,7668.2998,118.6,6.0,120.8,6.0,123.32,3.0,5869.0,0.0973,-0.8559,0.0022,-1.6882,2.5014,-1.2823
2026-09-11T17:04:13Z,2026-09-11 17:03:31,SPX,2026-09-18,C,7790.0,7668.2998,6.4,204.0,6.8,190.0,7.51,111.0,3491.0,0.0977,0.1325,0.0021,-1.5791,2.374,0.1916
2026-09-11T17:04:13Z,2026-09-11 17:03:31,SPX,2026-09-18,P,7790.0,7668.2998,122.8,6.0,125.0,6.0,192.3,0.0,3127.0,0.0972,-0.8674,0.0021,-1.5791,2.374,-1.3003
2026-09-11T17:04:13Z,2026-09-11 17:03:31,SPX,2026-09-18,C,7795.0,7668.2998,5.7,244.0,6.1,223.0,6.5,13.0,2513.0,0.0973,0.1216,0.002,-1.473,2.2472,0.1759
2026-09-11T17:04:13Z,2026-09-11 17:03:31,SPX,2026-09-18,P,7795.0,7668.2998,127.1,6.0,129.3,6.0,136.7,18.0,2536.0,0.0967,-0.8784,0.002,-1.473,2.2472,-1.317
2026-09-11T17:04:13Z,2026-09-11 17:03:31,SPX,2026-09-18,C,7800.0,7668.2998,5.1,303.0,5.4,139.0,5.19,2075.0,45116.0,0.0969,0.1113,0.0018,-1.3706,2.1232,0.161
2026-09-11T17:04:13Z,2026-09-11 17:03:31,SPX,2026-09-18,P,7800.0,7668.2998,131.5,6.0,133.7,6.0,137.49,20.0,25782.0,0.0963,-0.8886,0.0018,-1.3706,2.1232,-1.3328
2026-09-11T17:04:13Z,2026-09-11 17:03:31,SPX,2026-09-18,C,7805.0,7668.2998,4.5,397.0,4.8,171.0,5.4,10.0,5477.0,0.0967,0.1017,0.0017,-1.2723,2.0012,0.1468
2026-09-11T17:04:13Z,2026-09-11 17:03:31,SPX,2026-09-18,P,7805.0,7668.2998,135.9,6.0,138.2,6.0,206.3,0.0,4311.0,0.0955,-0.8982,0.0017,-1.2723,2.0012,-1.3479
2026-09-11T17:04:13Z,2026-09-11 17:03:31,SPX,2026-09-18,C,7810.0,7668.2998,4.0,510.0,4.3,188.0,4.25,150.0,4239.0,0.0959,0.0928,0.0016,-1.1784,1.8813,0.1339
2026-09-11T17:04:13Z,2026-09-11 17:03:31,SPX,2026-09-18,P,7810.0,7668.2998,140.4,6.0,142.6,6.0,207.7,0.0,3838.0,0.0955,-0.9072,0.0016,-1.1784,1.8813,-1.3619
2026-09-11T17:04:13Z,2026-09-11 17:03:31,SPX,2026-09-18,C,7815.0,7668.2998,3.6,203.0,3.8,149.0,3.9,24.0,3816.0,0.096,0.0845,0.0015,-1.0893,1.7652,0.122
2026-09-11T17:04:13Z,2026-09-11 17:03:31,SPX,2026-09-18,P,7815.0,7668.2998,144.9,6.0,147.2,6.0,94.5,0.0,3728.0,0.0953,-0.9155,0.0015,-1.0893,1.7652,-1.3747
2026-09-11T17:04:13Z,2026-09-11 17:03:31,SPX,2026-09-18,C,7820.0,7668.2998,3.2,164.0,3.4,154.0,3.95,16.0,3324.0,0.0956,0.0768,0.0014,-1.0053,1.654,0.1108
2026-09-11T17:04:13Z,2026-09-11 17:03:31,SPX,2026-09-18,P,7820.0,7668.2998,149.5,6.0,151.8,6.0,138.3,0.0,2101.0,0.0945,-0.9231,0.0014,-1.0053,1.654,-1.3869
2026-09-11T17:04:13Z,2026-09-11 17:03:31,SPX,2026-09-18,C,7825.0,7668.2998,2.8,300.0,3.0,110.0,2.8,213.0,7147.0,0.0955,0.0698,0.0013,-0.9264,1.5468,0.1004
2026-09-11T17:04:13Z,2026-09-11 17:03:31,SPX,2026-09-18,P,7825.0,7668.2998,154.1,6.0,156.3,6.0,187.9,0.0,3613.0,0.0948,-0.9302,0.0013,-0.9264,1.5468,-1.3982
2026-09-11T17:04:13Z,2026-09-11 17:03:31,SPX,2026-09-18,C,7830.0,7668.2998,2.5,204.0,2.7,206.0,2.72,12.0,2593.0,0.0952,0.0633,0.0012,-0.8529,1.4443,0.0912
2026-09-11T17:04:13Z,2026-09-11 17:03:31,SPX,2026-09-18,P,7830.0,7668.2998,158.8,6.0,161.1,6.0,220.59,0.0,2253.0,0.0945,-0.9366,0.0012,-0.8529,1.4443,-1.4084
2026-09-11T17:04:13Z,2026-09-11 17:03:31,SPX,2026-09-18,C,7835.0,7668.2998,2.2,324.0,2.4,176.0,2.45,8.0,1721.0,0.0951,0.0574,0.0011,-0.7846,1.3474,0.0827
2026-09-11T17:04:13Z,2026-09-11 17:03:31,SPX,2026-09-18,P,7835.0,7668.2998,163.5,6.0,165.8,6.0,167.44,0.0,1574.0,0.0943,-0.9425,0.0011,-0.7846,1.3474,-1.4178
2026-09-11T17:04:13Z,2026-09-11 17:03:31,SPX,2026-09-18,C,7840.0,7668.2998,1.95,499.0,2.15,317.0,2.35,12.0,948.0,0.0951,0.0521,0.001,-0.7216,1.2561,0.0749
2026-09-11T17:04:13Z,2026-09-11 17:03:31,SPX,2026-09-18,P,7840.0,7668.2998,168.2,11.0,170.4,11.0,121.89,0.0,240.0,0.0918,-0.9478,0.001,-0.7216,1.2561,-1.4266
2026-09-11T17:04:13Z,2026-09-11 17:03:31,SPX,2026-09-18,C,7845.0,7668.2998,1.7,418.0,1.9,217.0,2.28,3.0,230.0,0.0954,0.0473,0.001,-0.6637,1.1703,0.0679
2026-09-11T17:04:13Z,2026-09-11 17:03:31,SPX,2026-09-18,P,7845.0,7668.2998,173.0,11.0,175.0,12.0,193.78,0.0,6.0,0.0941,-0.9526,0.001,-0.6637,1.1703,-1.4346
2026-09-11T17:04:13Z,2026-09-11 17:03:31,SPX,2026-09-18,C,7850.0,7668.2998,1.55,523.0,1.7,324.0,1.8,3280.0,10983.0,0.0955,0.043,0.0009,-0.6108,1.09,0.0617
2026-09-11T17:04:13Z,2026-09-11 17:03:31,SPX,2026-09-18,P,7850.0,7668.2998,177.8,11.0,180.0,6.0,180.22,0.0,386.0,0.0935,-0.957,0.0009,-0.6108,1.09,-1.4417
2026-09-11T17:04:13Z,2026-09-11 17:03:31,SPX,2026-09-18,C,7855.0,7668.2998,1.35,646.0,1.55,698.0,1.9,21.0,2152.0,0.0954,0.039,0.0008,-0.5627,1.0155,0.056
2026-09-11T17:04:13Z,2026-09-11 17:03:31,SPX,2026-09-18,P,7855.0,7668.2998,182.6,6.0,184.9,6.0,150.59,0.0,39.0,0.0945,-0.9609,0.0008,-0.5627,1.0155,-1.4483
2026-09-11T17:04:13Z,2026-09-11 17:03:31,SPX,2026-09-18,C,7860.0,7668.2998,1.2,796.0,1.4,388.0,1.69,5.0,1370.0,0.0956,0.0355,0.0008,-0.5191,0.9466,0.0509
2026-09-11T17:04:13Z,2026-09-11 17:03:31,SPX,2026-09-18,P,7860.0,7668.2998,187.5,6.0,189.8,6.0,129.04,0.0,507.0,0.094,-0.9644,0.0008,-0.5191,0.9466,-1.4544
2026-09-11T17:04:13Z,2026-09-11 17:03:31,SPX,2026-09-18,C,7865.0,7668.2998,1.1,964.0,1.25,438.0,1.22,128.0,295.0,0.096,0.0324,0.0007,-0.4797,0.8831,0.0464
2026-09-11T17:04:13Z,2026-09-11 17:03:31,SPX,2026-09-18,P,7865.0,7668.2998,192.3,6.0,194.6,6.0,132.83,0.0,39.0,0.0947,-0.9675,0.0007,-0.4797,0.8831,-1.4599
2026-09-11T17:04:13Z,2026-09-11 17:03:31,SPX,2026-09-18,C,7870.0,7668.2998,1.0,184.0,1.15,431.0,1.18,28.0,1313.0,0.0966,0.0296,0.0006,-0.4443,0.8247,0.0424
2026-09-11T17:04:13Z,2026-09-11 17:03:31,SPX,2026-09-18,P,7870.0,7668.2998,197.2,6.0,199.4,6.0,194.56,0.0,52.0,0.0953,-0.9703,0.0006,-0.4443,0.8247,-1.4648
2026-09-11T17:04:13Z,2026-09-11 17:03:31,SPX,2026-09-18,C,7875.0,7668.2998,0.9,296.0,1.05,401.0,1.1,2454.0,5740.0,0.0971,0.0272,0.0006,-0.4125,0.7712,0.0389
2026-09-11T17:04:13Z,2026-09-11 17:03:31,SPX,2026-09-18,P,7875.0,7668.2998,202.1,6.0,204.4,6.0,188.24,0.0,41.0,0.0957,-0.9728,0.0006,-0.4125,0.7712,-1.4693
2026-09-11T17:04:13Z,2026-09-11 17:03:31,SPX,2026-09-18,C,7880.0,7668.2998,0.8,1168.0,0.95,477.0,1.15,6.0,865.0,0.0974,0.025,0.0006,-0.384,0.7222,0.0357
2026-09-11T17:04:13Z,2026-09-11 17:03:31,SPX,2026-09-18,P,7880.0,7668.2998,207.0,6.0,209.4,6.0,197.1,0.0,4.0,0.096,-0.975,0.0006,-0.384,0.7222,-1.4735
2026-09-11T17:04:13Z,2026-09-11 17:03:31,SPX,2026-09-18,C,7885.0,7668.2998,0.7,1362.0,0.85,194.0,1.08,3.0,478.0,0.0975,0.023,0.0005,-0.3585,0.6776,0.0328
2026-09-11T17:04:13Z,2026-09-11 17:03:31,SPX,2026-09-18,P,7885.0,7668.2998,211.9,6.0,214.3,6.0,152.43,0.0,8.0,0.095,-0.977,0.0005,-0.3585,0.6776,-1.4773
2026-09-11T17:04:13Z,2026-09-11 17:03:31,SPX,2026-09-18,C,7890.0,7668.2998,0.65,1037.0,0.8,265.0,0.8,20.0,1078.0,0.0984,0.0213,0.0005,-0.3358,0.637,0.0303
2026-09-11T17:04:13Z,2026-09-11 17:03:31,SPX,2026-09-18,P,7890.0,7668.2998,216.8,6.0,219.2,6.0,250.0,0.0,64.0,0.097,-0.9787,0.0005,-0.3358,0.637,-1.4808
2026-09-11T17:04:13Z,2026-09-11 17:03:31,SPX,2026-09-18,C,7895.0,7668.2998,0.6,615.0,0.75,413.0,1.2,0.0,536.0,0.0993,0.0197,0.0004,-0.3155,0.6001,0.0281
2026-09-11T17:04:13Z,2026-09-11 17:03:31,SPX,2026-09-18,P,7895.0,7668.2998,221.8,6.0,224.2,6.0,160.95,0.0,6.0,0.0966,-0.9802,0.0004,-0.3155,0.6001,-1.4839
2026-09-11T17:04:13Z,2026-09-11 17:03:31,SPX,2026-09-18,C,7900.0,7668.2998,0.6,30.0,0.7,263.0,0.75,378.0,22971.0,0.1006,0.0183,0.0004,-0.2973,0.5665,0.0261
2026-09-11T17:04:13Z,2026-09-11 17:03:31,SPX,2026-09-18,P,7900.0,7668.2998,220.6,2.0,238.9,2.0,211.6,0.0,1017.0,0.1267,-0.9816,0.0004,-0.2973,0.5665,-1.4868
2026-09-11T17:04:13Z,2026-09-11 17:03:31,SPX,2026-09-18,C,7905.0,7668.2998,0.5,560.0,0.65,270.0,0.65,26.0,405.0,0.1007,0.0171,0.0004,-0.2811,0.5358,0.0244
2026-09-11T17:04:13Z,2026-09-11 17:03:31,SPX,2026-09-18,P,7905.0,7668.2998,225.5,2.0,242.7,1.0,233.2,0.0,2.0,0.1226,-0.9828,0.0004,-0.2811,0.5358,-1.4895
2026-09-11T17:04:13Z,2026-09-11 17:03:31,SPX,2026-09-18,C,7910.0,7668.2998,0.5,225.0,0.65,799.0,0.6,69.0,1525.0,0.1025,0.016,0.0004,-0.2666,0.5079,0.0228
2026-09-11T17:04:13Z,2026-09-11 17:03:31,SPX,2026-09-18,P,7910.0,7668.2998,227.3,1.0,247.8,1.0,357.9,0.0,3.0,0.0983,-0.9839,0.0004,-0.2666,0.5079,-1.4921
2026-09-11T17:04:13Z,2026-09-11 17:03:31,SPX,2026-09-18,C,7915.0,7668.2998,0.45,619.0,0.6,328.0,0.5,27.0,739.0,0.103,0.015,0.0004,-0.2537,0.4825,0.0214
2026-09-11T17:04:13Z,2026-09-11 17:03:31,SPX,2026-09-18,P,7915.0,7668.2998,232.3,1.0,252.8,1.0,0.0,0.0,3.0,0.1002,-0.9849,0.0004,-0.2537,0.4825,-1.4945
2026-09-11T17:04:13Z,2026-09-11 17:03:31,SPX,2026-09-18,C,7920.0,7668.2998,0.45,167.0,0.55,304.0,0.55,26.0,606.0,0.1048,0.0142,0.0003,-0.2423,0.4597,0.0201
2026-09-11T17:04:13Z,2026-09-11 17:03:31,SPX,2026-09-18,P,7920.0,7668.2998,240.4,2.0,257.6,1.0,246.35,0.0,56.0,0.1278,-0.9858,0.0003,-0.242,0.4592,-1.4967
2026-09-11T17:04:13Z,2026-09-11 17:03:31,SPX,2026-09-18,C,7925.0,7668.2998,0.4,615.0,0.55,410.0,0.5,20.0,3725.0,0.1052,0.0134,0.0003,-0.2318,0.4385,0.019
2026-09-11T17:04:13Z,2026-09-11 17:03:31,SPX,2026-09-18,P,7925.0,7668.2998,241.9,1.0,262.5,1.0,185.8,0.0,57.0,0.0865,-0.9866,0.0003,-0.2316,0.438,-1.4988
2026-09-11T17:04:13Z,2026-09-11 17:03:31,SPX,2026-09-18,C,7930.0,7668.2998,0.4,348.0,0.5,301.0,0.45,36.0,511.0,0.107,0.0127,0.0003,-0.2224,0.419,0.018
2026-09-11T17:04:13Z,2026-09-11 17:03:31,SPX,2026-09-18,P,7930.0,7668.2998,250.3,2.0,267.5,1.0,322.66,0.0,62.0,0.1308,-0.9873,0.0003,-0.2222,0.4186,-1.5007
2026-09-11T17:04:13Z,2026-09-11 17:03:31,SPX,2026-09-18,C,7935.0,7668.2998,0.35,510.0,0.5,339.0,0.45,21.0,625.0,0.1072,0.012,0.0003,-0.2137,0.4008,0.0171
2026-09-11T17:04:13Z,2026-09-11 17:03:31,SPX,2026-09-18,P,7935.0,7668.2998,255.3,2.0,272.4,1.0,208.6,0.0,3.0,0.1323,-0.9879,0.0003,-0.2137,0.4008,-1.5026
2026-09-11T17:04:13Z,2026-09-11 17:03:31,SPX,2026-09-18,C,7940.0,7668.2998,0.35,494.0,0.5,486.0,0.4,21.0,777.0,0.1089,0.0114,0.0003,-0.2061,0.3847,0.0162
2026-09-11T17:04:13Z,2026-09-11 17:03:31,SPX,2026-09-18,P,7940.0,7668.2998,261.0,2.0,277.4,1.0,192.65,0.0,5.0,0.1388,-0.9885,0.0003,-0.206,0.3844,-1.5044
2026-09-11T17:04:13Z,2026-09-11 17:03:31,SPX,2026-09-18,C,7945.0,7668.2998,0.35,442.0,0.45,414.0,0.4,25.0,704.0,0.1098,0.0109,0.0002,-0.199,0.3692,0.0155
2026-09-11T17:04:13Z,2026-09-11 17:03:31,SPX,2026-09-18,P,7945.0,7668.2998,261.9,1.0,282.4,1.0,0.0,0.0,0.0,0.0884,-0.989,0.0002,-0.199,0.3692,-1.5061
2026-09-11T17:04:13Z,2026-09-11 17:03:31,SPX,2026-09-18,C,7950.0,7668.2998,0.3,1236.0,0.45,318.0,0.35,46.0,7051.0,0.1107,0.0104,0.0002,-0.1926,0.3552,0.0148
2026-09-11T17:04:13Z,2026-09-11 17:03:31,SPX,2026-09-18,P,7950.0,7668.2998,270.2,2.0,287.4,1.0,208.1,0.0,105.0,0.1379,-0.9895,0.0002,-0.1926,0.3552,-1.5078
2026-09-11T17:04:13Z,2026-09-11 17:03:31,SPX,2026-09-18,C,7955.0,7668.2998,0.3,609.0,0.45,408.0,0.58,0.0,323.0,0.1123,0.01,0.0002,-0.1869,0.3425,0.0142
2026-09-11T17:04:13Z,2026-09-11 17:03:31,SPX,2026-09-18,P,7955.0,7668.2998,272.1,1.0,293.1,1.0,267.0,0.0,19.0,0.1169,-0.99,0.0002,-0.1868,0.3422,-1.5094
2026-09-11T17:04:13Z,2026-09-11 17:03:31,SPX,2026-09-18,C,7960.0,7668.2998,0.3,419.0,0.45,843.0,0.35,1.0,7166.0,0.114,0.0096,0.0002,-0.1816,0.3304,0.0136
2026-09-11T17:04:13Z,2026-09-11 17:03:31,SPX,2026-09-18,P,7960.0,7668.2998,277.0,1.0,296.8,1.0,234.22,0.0,1.0,0.0,-0.9904,0.0002,-0.1815,0.3301,-1.5109
2026-09-11T17:04:13Z,2026-09-11 17:03:31,SPX,2026-09-18,C,7965.0,7668.2998,0.3,381.0,0.4,298.0,0.35,0.0,404.0,0.1148,0.0092,0.0002,-0.1766,0.3189,0.013
2026-09-11T17:04:13Z,2026-09-11 17:03:31,SPX,2026-09-18,P,7965.0,7668.2998,282.0,1.0,302.3,1.0,0.0,0.0,6.0,0.0966,-0.9907,0.0002,-0.1766,0.3189,-1.5124
2026-09-11T17:04:13Z,2026-09-11 17:03:31,SPX,2026-09-18,C,7970.0,7668.2998,0.3,186.0,0.4,337.0,0.45,0.0,1606.0,0.1165,0.0089,0.0002,-0.1722,0.3085,0.0125
2026-09-11T17:04:13Z,2026-09-11 17:03:31,SPX,2026-09-18,P,7970.0,7668.2998,286.8,1.0,307.3,1.0,241.47,0.0,9.0,0.0,-0.9911,0.0002,-0.1722,0.3085,-1.5139
2026-09-11T17:04:13Z,2026-09-11 17:03:31,SPX,2026-09-18,C,7975.0,7668.2998,0.25,1294.0,0.4,790.0,0.32,10.0,4924.0,0.1171,0.0085,0.0002,-0.168,0.2987,0.012
2026-09-11T17:04:13Z,2026-09-11 17:03:31,SPX,2026-09-18,P,7975.0,7668.2998,291.6,1.0,312.3,1.0,262.02,0.0,15.0,0.0,-0.9914,0.0002,-0.168,0.2987,-1.5153
2026-09-11T17:04:13Z,2026-09-11 17:03:31,SPX,2026-09-18,C,7980.0,7668.2998,0.25,660.0,0.4,454.0,0.27,1.0,944.0,0.1188,0.0082,0.0002,-0.1642,0.2896,0.0116
2026-09-11T17:04:13Z,2026-09-11 17:03:31,SPX,2026-09-18,P,7980.0,7668.2998,300.7,2.0,318.0,1.0,251.52,0.0,23.0,0.1576,-0.9917,0.0002,-0.1642,0.2896,-1.5166
2026-09-11T17:04:13Z,2026-09-11 17:03:31,SPX,2026-09-18,C,7985.0,7668.2998,0.25,522.0,0.4,528.0,1.65,0.0,110.0,0.1204,0.008,0.0002,-0.1607,0.281,0.0112
2026-09-11T17:04:13Z,2026-09-11 17:03:31,SPX,2026-09-18,P,7985.0,7668.2998,301.6,1.0,322.2,1.0,0.0,0.0,0.0,0.0,-0.992,0.0002,-0.1607,0.281,-1.518
2026-09-11T17:04:13Z,2026-09-11 17:03:31,SPX,2026-09-18,C,7990.0,7668.2998,0.25,494.0,0.35,59.0,0.4,0.0,915.0,0.121,0.0077,0.0002,-0.1574,0.273,0.0109
2026-09-11T17:04:13Z,2026-09-11 17:03:31,SPX,2026-09-18,P,7990.0,7668.2998,306.9,1.0,326.6,1.0,315.84,0.0,29.0,0.0,-0.9922,0.0002,-0.1574,0.273,-1.5193
2026-09-11T17:04:13Z,2026-09-11 17:03:31,SPX,2026-09-18,C,7995.0,7668.2998,0.25,224.0,0.35,283.0,0.56,0.0,390.0,0.1226,0.0075,0.0002,-0.1543,0.2654,0.0106
2026-09-11T17:04:13Z,2026-09-11 17:03:31,SPX,2026-09-18,P,7995.0,7668.2998,315.8,2.0,332.4,1.0,292.91,0.0,12.0,0.1606,-0.9925,0.0002,-0.1543,0.2654,-1.5206
2026-09-11T17:04:13Z,2026-09-11 17:03:31,SPX,2026-09-18,C,8000.0,7668.2998,0.25,238.0,0.35,507.0,0.32,133.0,285828.0,0.1242,0.0072,0.0001,-0.1515,0.2582,0.0102
2026-09-11T17:04:13Z,2026-09-11 17:03:31,SPX,2026-09-18,P,8000.0,7668.2998,326.2,6.0,328.7,6.0,322.33,100.0,275250.0,0.1186,-0.9927,0.0001,-0.1515,0.2582,-1.5219
2026-09-11T17:04:13Z,2026-09-11 17:03:31,SPX,2026-09-18,C,8005.0,7668.2998,0.2,542.0,0.35,308.0,0.35,0.0,1908.0,0.1246,0.007,0.0001,-0.1488,0.2514,0.0099
2026-09-11T17:04:13Z,2026-09-11 17:03:31,SPX,2026-09-18,P,8005.0,7668.2998,321.9,1.0,343.3,1.0,335.25,0.0,4.0,0.1357,-0.9929,0.0001,-0.1488,0.2514,-1.5231
2026-09-11T17:04:13Z,2026-09-11 17:03:31,SPX,2026-09-18,C,8010.0,7668.2998,0.2,561.0,0.35,391.0,0.35,0.0,696.0,0.1263,0.0068,0.0001,-0.1462,0.2449,0.0096
2026-09-11T17:04:13Z,2026-09-11 17:03:31,SPX,2026-09-18,P,8010.0,7668.2998,326.7,1.0,347.2,1.0,321.26,0.0,9.0,0.0,-0.9931,0.0001,-0.1462,0.2449,-1.5244
2026-09-11T17:04:13Z,2026-09-11 17:03:31,SPX,2026-09-18,C,8015.0,7668.2998,0.2,547.0,0.35,411.0,0.39,0.0,329.0,0.1279,0.0066,0.0001,-0.1439,0.2388,0.0094
2026-09-11T17:04:13Z,2026-09-11 17:03:31,SPX,2026-09-18,P,8015.0,7668.2998,335.1,2.0,352.9,1.0,0.0,0.0,6.0,0.1675,-0.9933,0.0001,-0.1439,0.2388,-1.5256
2026-09-11T17:04:13Z,2026-09-11 17:03:31,SPX,2026-09-18,C,8020.0,7668.2998,0.2,596.0,0.35,580.0,0.28,1.0,706.0,0.1295,0.0065,0.0001,-0.1416,0.233,0.0091
2026-09-11T17:04:13Z,2026-09-11 17:03:31,SPX,2026-09-18,P,8020.0,7668.2998,336.8,1.0,357.1,1.0,351.48,0.0,89.0,0.0,-0.9935,0.0001,-0.1416,0.233,-1.5268
2026-09-11T17:04:13Z,2026-09-11 17:03:31,SPX,2026-09-18,C,8025.0,7668.2998,0.2,1338.0,0.35,1453.0,0.27,2.0,7529.0,0.1311,0.0063,0.0001,-0.1395,0.2275,0.0089
2026-09-11T17:04:13Z,2026-09-11 17:03:31,SPX,2026-09-18,P,8025.0,7668.2998,341.5,1.0,362.1,1.0,309.22,0.0,21.0,0.0,-0.9936,0.0001,-0.1395,0.2275,-1.528
2026-09-11T17:04:13Z,2026-09-11 17:03:31,SPX,2026-09-18,C,8030.0,7668.2998,0.2,545.0,0.3,59.0,0.27,3.0,651.0,0.1313,0.0061,0.0001,-0.1375,0.2222,0.0086
2026-09-11T17:04:13Z,2026-09-11 17:03:31,SPX,2026-09-18,P,8030.0,7668.2998,346.6,1.0,367.1,1.0,297.6,0.0,26.0,0.0,-0.9938,0.0001,-0.1375,0.2222,-1.5292
2026-09-11T17:04:13Z,2026-09-11 17:03:31,SPX,2026-09-18,C,8035.0,7668.2998,0.2,385.0,0.3,97.0,0.74,0.0,208.0,0.1329,0.006,0.0001,-0.1356,0.2171,0.0084
2026-09-11T17:04:13Z,2026-09-11 17:03:31,SPX,2026-09-18,P,8035.0,7668.2998,351.8,1.0,371.5,1.0,0.0,0.0,0.0,0.0,-0.994,0.0001,-0.1356,0.2171,-1.5304
2026-09-11T17:04:13Z,2026-09-11 17:03:31,SPX,2026-09-18,C,8040.0,7668.2998,0.2,297.0,0.3,367.0,0.3,20.0,846.0,0.1343,0.0059,0.0001,-0.1339,0.2128,0.0082
2026-09-11T17:04:13Z,2026-09-11 17:03:31,SPX,2026-09-18,P,8040.0,7668.2998,356.8,1.0,376.7,1.0,318.88,0.0,10.0,0.0,-0.9941,0.0001,-0.1337,0.2123,-1.5316
2026-09-11T17:04:13Z,2026-09-11 17:03:31,SPX,2026-09-18,C,8045.0,7668.2998,0.2,220.0,0.3,316.0,0.78,0.0,316.0,0.1361,0.0057,0.0001,-0.132,0.2077,0.008
2026-09-11T17:04:13Z,2026-09-11 17:03:31,SPX,2026-09-18,P,8045.0,7668.2998,365.8,2.0,381.7,1.0,0.0,0.0,7.0,0.1758,-0.9942,0.0001,-0.132,0.2077,-1.5327
2026-09-11T17:04:13Z,2026-09-11 17:03:31,SPX,2026-09-18,C,8050.0,7668.2998,0.2,300.0,0.3,754.0,0.3,770.0,10954.0,0.1376,0.0056,0.0001,-0.1303,0.2033,0.0078
2026-09-11T17:04:13Z,2026-09-11 17:03:31,SPX,2026-09-18,P,8050.0,7668.2998,366.8,1.0,386.5,1.0,341.4,0.0,9.0,0.0,-0.9944,0.0001,-0.1303,0.2033,-1.5338
2026-09-11T17:04:13Z,2026-09-11 17:03:31,SPX,2026-09-18,C,8055.0,7668.2998,0.15,1491.0,0.3,794.0,0.25,20.0,354.0,0.1376,0.0054,0.0001,-0.1287,0.199,0.0076
2026-09-11T17:04:13Z,2026-09-11 17:03:31,SPX,2026-09-18,P,8055.0,7668.2998,375.7,2.0,392.0,1.0,0.0,0.0,0.0,0.1814,-0.9945,0.0001,-0.1287,0.199,-1.535
2026-09-11T17:04:13Z,2026-09-11 17:03:31,SPX,2026-09-18,C,8060.0,7668.2998,0.15,795.0,0.3,440.0,0.3,0.0,1473.0,0.1392,0.0053,0.0001,-0.1272,0.1949,0.0075
2026-09-11T17:04:13Z,2026-09-11 17:03:31,SPX,2026-09-18,P,8060.0,7668.2998,376.7,1.0,398.2,1.0,0.0,0.0,0.0,0.1506,-0.9946,0.0001,-0.1272,0.1949,-1.5361
2026-09-11T17:04:13Z,2026-09-11 17:03:31,SPX,2026-09-18,C,8065.0,7668.2998,0.15,1485.0,0.3,972.0,0.25,70.0,83.0,0.1408,0.0052,0.0001,-0.1257,0.191,0.0073
2026-09-11T17:04:13Z,2026-09-11 17:03:31,SPX,2026-09-18,P,8065.0,7668.2998,381.7,1.0,401.4,1.0,0.0,0.0,0.0,0.0,-0.9947,0.0001,-0.1257,0.191,-1.5372
2026-09-11T17:04:13Z,2026-09-11 17:03:31,SPX,2026-09-18,C,8070.0,7668.2998,0.15,640.0,0.3,417.0,0.4,0.0,855.0,0.1423,0.0051,0.0001,-0.1243,0.1872,0.0072
2026-09-11T17:04:13Z,2026-09-11 17:03:31,SPX,2026-09-18,P,8070.0,7668.2998,386.7,1.0,406.4,1.0,465.3,0.0,1.0,0.0,-0.9948,0.0001,-0.1243,0.1872,-1.5384
2026-09-11T17:04:13Z,2026-09-11 17:03:31,SPX,2026-09-18,C,8075.0,7668.2998,0.15,1561.0,0.3,1414.0,0.25,0.0,4237.0,0.1439,0.005,0.0001,-0.1229,0.1835,0.007
2026-09-11T17:04:13Z,2026-09-11 17:03:31,SPX,2026-09-18,P,8075.0,7668.2998,391.7,1.0,412.0,1.0,0.0,0.0,5.0,0.0,-0.9949,0.0001,-0.1229,0.1835,-1.5395
2026-09-11T17:04:13Z,2026-09-11 17:03:31,SPX,2026-09-18,C,8080.0,7668.2998,0.15,684.0,0.3,655.0,0.25,0.0,1437.0,0.1453,0.0049,0.0001,-0.1217,0.1802,0.0069
2026-09-11T17:04:13Z,2026-09-11 17:03:31,SPX,2026-09-18,P,8080.0,7668.2998,396.7,1.0,417.0,1.0,472.4,0.0,1.0,0.0,-0.995,0.0001,-0.1216,0.18,-1.5406
2026-09-11T17:04:13Z,2026-09-11 17:03:31,SPX,2026-09-18,C,8090.0,7668.2998,0.15,674.0,0.25,92.0,0.2,1.0,970.0,0.1467,0.0047,0.0001,-0.119,0.1733,0.0066
2026-09-11T17:04:13Z,2026-09-11 17:03:31,SPX,2026-09-18,P,8090.0,7668.2998,406.7,1.0,427.6,1.0,353.45,0.0,1.0,0.1446,-0.9952,0.0001,-0.119,0.1733,-1.5428
2026-09-11T17:04:13Z,2026-09-11 17:03:31,SPX,2026-09-18,C,8100.0,7668.2998,0.15,777.0,0.25,334.0,0.22,6.0,19200.0,0.1497,0.0045,0.0001,-0.1167,0.1669,0.0063
2026-09-11T17:04:13Z,2026-09-11 17:03:31,SPX,2026-09-18,P,8100.0,7668.2998,419.9,2.0,437.6,1.0,429.14,0.0,322.0,0.1976,-0.9954,0.0001,-0.1167,0.1669,-1.5449
2026-09-11T17:04:13Z,2026-09-11 17:03:31,SPX,2026-09-18,C,8110.0,7668.2998,0.15,448.0,0.25,435.0,0.25,0.0,913.0,0.1528,0.0044,0.0001,-0.1144,0.1611,0.0061
2026-09-11T17:04:13Z,2026-09-11 17:03:31,SPX,2026-09-18,P,8110.0,7668.2998,430.2,2.0,446.9,1.0,564.29,0.0,11.0,0.1979,-0.9956,0.0001,-0.1144,0.161,-1.5471
2026-09-11T17:04:13Z,2026-09-11 17:03:31,SPX,2026-09-18,C,8120.0,7668.2998,0.15,375.0,0.25,444.0,0.2,10.0,781.0,0.1558,0.0042,0.0001,-0.1123,0.1556,0.0059
2026-09-11T17:04:13Z,2026-09-11 17:03:31,SPX,2026-09-18,P,8120.0,7668.2998,440.6,2.0,457.1,1.0,0.0,0.0,0.0,0.2072,-0.9958,0.0001,-0.1122,0.1555,-1.5492
2026-09-11T17:04:13Z,2026-09-11 17:03:31,SPX,2026-09-18,C,8125.0,7668.2998,0.15,434.0,0.25,815.0,0.2,7.0,3894.0,0.1573,0.0041,0.0001,-0.1112,0.1528,0.0058
2026-09-11T17:04:13Z,2026-09-11 17:03:31,SPX,2026-09-18,P,8125.0,7668.2998,444.9,2.0,462.9,1.0,386.1,0.0,2.0,0.21,-0.9958,0.0001,-0.1112,0.1528,-1.5503
2026-09-11T17:04:13Z,2026-09-11 17:03:31,SPX,2026-09-18,C,8130.0,7668.2998,0.1,941.0,0.25,525.0,0.2,3.0,315.0,0.1566,0.004,0.0001,-0.1102,0.1504,0.0057
2026-09-11T17:04:13Z,2026-09-11 17:03:31,SPX,2026-09-18,P,8130.0,7668.2998,450.5,2.0,467.1,1.0,0.0,0.0,0.0,0.2102,-0.9959,0.0001,-0.1102,0.1502,-1.5513
2026-09-11T17:04:13Z,2026-09-11 17:03:31,SPX,2026-09-18,C,8140.0,7668.2998,0.1,978.0,0.25,588.0,0.45,0.0,296.0,0.1596,0.0039,0.0001,-0.1083,0.1454,0.0055
2026-09-11T17:04:13Z,2026-09-11 17:03:31,SPX,2026-09-18,P,8140.0,7668.2998,460.0,2.0,477.5,1.0,0.0,0.0,0.0,0.2132,-0.996,0.0001,-0.1082,0.1452,-1.5534
2026-09-11T17:04:13Z,2026-09-11 17:03:31,SPX,2026-09-18,C,8150.0,7668.2998,0.1,2526.0,0.2,136.0,0.17,5.0,12012.0,0.1602,0.0038,0.0001,-0.1063,0.1406,0.0053
2026-09-11T17:04:13Z,2026-09-11 17:03:31,SPX,2026-09-18,P,8150.0,7668.2998,466.7,1.0,487.6,1.0,480.87,0.0,3.0,0.1669,-0.9962,0.0001,-0.1063,0.1406,-1.5556
2026-09-11T17:04:13Z,2026-09-11 17:03:31,SPX,2026-09-18,C,8160.0,7668.2998,0.1,1648.0,0.25,1198.0,0.37,0.0,2447.0,0.1655,0.0036,0.0001,-0.1046,0.1363,0.0051
2026-09-11T17:04:13Z,2026-09-11 17:03:31,SPX,2026-09-18,P,8160.0,7668.2998,476.5,1.0,496.8,1.0,0.0,0.0,0.0,0.0,-0.9963,0.0001,-0.1045,0.1361,-1.5577
2026-09-11T17:04:13Z,2026-09-11 17:03:31,SPX,2026-09-18,C,8170.0,7668.2998,0.1,1612.0,0.25,1383.0,0.45,0.0,2566.0,0.1688,0.0035,0.0001,-0.1026,0.1316,0.0049
2026-09-11T17:04:13Z,2026-09-11 17:03:31,SPX,2026-09-18,P,8170.0,7668.2998,489.9,2.0,507.0,1.0,0.0,0.0,0.0,0.2189,-0.9964,0.0001,-0.1028,0.1319,-1.5597
2026-09-11T17:04:13Z,2026-09-11 17:03:31,SPX,2026-09-18,C,8175.0,7668.2998,0.15,19.0,0.2,163.0,0.15,76.0,3063.0,0.17,0.0035,0.0001,-0.102,0.13,0.0048
2026-09-11T17:04:13Z,2026-09-11 17:03:31,SPX,2026-09-18,P,8175.0,7668.2998,491.5,1.0,511.3,1.0,379.09,0.0,9.0,0.0,-0.9965,0.0001,-0.1019,0.1299,-1.5608
2026-09-11T17:04:13Z,2026-09-11 17:03:31,SPX,2026-09-18,C,8180.0,7668.2998,0.1,850.0,0.25,826.0,0.27,0.0,178.0,0.1717,0.0034,0.0001,-0.101,0.1276,0.0048
2026-09-11T17:04:13Z,2026-09-11 17:03:31,SPX,2026-09-18,P,8180.0,7668.2998,496.5,1.0,517.0,1.0,0.0,0.0,0.0,0.0,-0.9965,0.0001,-0.1011,0.1279,-1.5618
2026-09-11T17:04:13Z,2026-09-11 17:03:31,SPX,2026-09-18,C,8190.0,7668.2998,0.1,790.0,0.25,898.0,0.46,0.0,146.0,0.1746,0.0033,0.0,-0.0997,0.1242,0.0046
2026-09-11T17:04:13Z,2026-09-11 17:03:31,SPX,2026-09-18,P,8190.0,7668.2998,506.5,1.0,527.0,1.0,0.0,0.0,0.0,0.0,-0.9966,0.0,-0.0994,0.1241,-1.5639
2026-09-11T17:04:13Z,2026-09-11 17:03:31,SPX,2026-09-18,C,8200.0,7668.2998,0.1,1359.0,0.2,983.0,0.16,0.0,22513.0,0.1748,0.0032,0.0,-0.0979,0.1204,0.0045
2026-09-11T17:04:13Z,2026-09-11 17:03:31,SPX,2026-09-18,P,8200.0,7668.2998,519.4,2.0,537.4,1.0,471.52,0.0,4139.0,0.2292,-0.9967,0.0,-0.0979,0.1204,-1.566
2026-09-11T17:04:13Z,2026-09-11 17:03:31,SPX,2026-09-18,C,8210.0,7668.2998,0.1,689.0,0.2,494.0,0.87,0.0,126.0,0.1776,0.0031,0.0,-0.0964,0.117,0.0043
2026-09-11T17:04:13Z,2026-09-11 17:03:31,SPX,2026-09-18,P,8210.0,7668.2998,530.1,2.0,546.7,1.0,0.0,0.0,0.0,0.233,-0.9968,0.0,-0.0963,0.1169,-1.568
2026-09-11T17:04:13Z,2026-09-11 17:03:31,SPX,2026-09-18,C,8220.0,7668.2998,0.1,488.0,0.2,552.0,0.25,0.0,320.0,0.1805,0.003,0.0,-0.0949,0.1136,0.0042
2026-09-11T17:04:13Z,2026-09-11 17:03:31,SPX,2026-09-18,P,8220.0,7668.2998,535.9,1.0,556.7,1.0,432.18,0.0,1.0,0.0,-0.9969,0.0,-0.0948,0.1136,-1.57
2026-09-11T17:04:13Z,2026-09-11 17:03:31,SPX,2026-09-18,C,8225.0,7668.2998,0.1,784.0,0.2,1110.0,0.2,0.0,8274.0,0.1819,0.003,0.0,-0.0942,0.112,0.0041
2026-09-11T17:04:13Z,2026-09-11 17:03:31,SPX,2026-09-18,P,8225.0,7668.2998,541.4,1.0,561.7,1.0,0.0,0.0,0.0,0.0,-0.997,0.0,-0.0941,0.1119,-1.5711
2026-09-11T17:04:13Z,2026-09-11 17:03:31,SPX,2026-09-18,C,8230.0,7668.2998,0.1,453.0,0.2,517.0,0.3,0.0,191.0,0.1833,0.0029,0.0,-0.0934,0.1104,0.0041
2026-09-11T17:04:13Z,2026-09-11 17:03:31,SPX,2026-09-18,P,8230.0,7668.2998,546.2,1.0,566.9,1.0,0.0,0.0,0.0,0.0,-0.997,0.0,-0.0934,0.1103,-1.5721
2026-09-11T17:04:13Z,2026-09-11 17:03:31,SPX,2026-09-18,C,8240.0,7668.2998,0.05,999.0,0.2,649.0,0.2,0.0,256.0,0.183,0.0028,0.0,-0.092,0.1073,0.004
2026-09-11T17:04:13Z,2026-09-11 17:03:31,SPX,2026-09-18,P,8240.0,7668.2998,556.4,1.0,576.9,1.0,0.0,0.0,0.0,0.0,-0.9971,0.0,-0.092,0.1073,-1.5741
2026-09-11T17:04:13Z,2026-09-11 17:03:31,SPX,2026-09-18,C,8250.0,7668.2998,0.1,606.0,0.2,1114.0,0.27,0.0,11733.0,0.189,0.0028,0.0,-0.0906,0.1044,0.0038
2026-09-11T17:04:13Z,2026-09-11 17:03:31,SPX,2026-09-18,P,8250.0,7668.2998,566.4,1.0,586.9,1.0,476.38,0.0,2.0,0.0,-0.9972,0.0,-0.0906,0.1043,-1.5762
2026-09-11T17:04:13Z,2026-09-11 17:03:31,SPX,2026-09-18,C,8260.0,7668.2998,0.05,1017.0,0.2,561.0,0.25,0.0,115.0,0.1887,0.0027,0.0,-0.0893,0.1015,0.0037
2026-09-11T17:04:13Z,2026-09-11 17:03:31,SPX,2026-09-18,P,8260.0,7668.2998,576.4,1.0,596.9,1.0,504.09,0.0,4.0,0.0,-0.9973,0.0,-0.0892,0.1015,-1.5782
2026-09-11T17:04:13Z,2026-09-11 17:03:31,SPX,2026-09-18,C,8270.0,7668.2998,0.05,990.0,0.2,582.0,0.86,0.0,110.0,0.1915,0.0026,0.0,-0.088,0.0988,0.0036
2026-09-11T17:04:13Z,2026-09-11 17:03:31,SPX,2026-09-18,P,8270.0,7668.2998,586.4,1.0,606.1,1.0,0.0,0.0,0.0,0.0,-0.9973,0.0,-0.0879,0.0988,-1.5802
2026-09-11T17:04:13Z,2026-09-11 17:03:31,SPX,2026-09-18,C,8275.0,7668.2998,0.05,1434.0,0.2,1311.0,0.4,0.0,2043.0,0.1928,0.0026,0.0,-0.0874,0.0976,0.0036
2026-09-11T17:04:13Z,2026-09-11 17:03:31,SPX,2026-09-18,P,8275.0,7668.2998,595.3,2.0,612.3,1.0,0.0,0.0,0.0,0.2657,-0.9974,0.0,-0.0873,0.0974,-1.5812
2026-09-11T17:04:13Z,2026-09-11 17:03:31,SPX,2026-09-18,C,8280.0,7668.2998,0.05,1004.0,0.2,607.0,0.35,0.0,58.0,0.1943,0.0025,0.0,-0.0867,0.0962,0.0035
2026-09-11T17:04:13Z,2026-09-11 17:03:31,SPX,2026-09-18,P,8280.0,7668.2998,596.3,1.0,616.1,1.0,0.0,0.0,0.0,0.0,-0.9974,0.0,-0.0866,0.0961,-1.5822
2026-09-11T17:04:13Z,2026-09-11 17:03:31,SPX,2026-09-18,C,8290.0,7668.2998,0.05,907.0,0.2,597.0,0.2,0.0,172.0,0.197,0.0025,0.0,-0.0854,0.0937,0.0034
2026-09-11T17:04:13Z,2026-09-11 17:03:31,SPX,2026-09-18,P,8290.0,7668.2998,606.3,1.0,627.8,1.0,0.0,0.0,0.0,0.2101,-0.9975,0.0,-0.0854,0.0936,-1.5842
2026-09-11T17:04:13Z,2026-09-11 17:03:31,SPX,2026-09-18,C,8300.0,7668.2998,0.05,1882.0,0.2,1684.0,0.1,0.0,22379.0,0.1998,0.0024,0.0,-0.0842,0.0913,0.0033
2026-09-11T17:04:13Z,2026-09-11 17:03:31,SPX,2026-09-18,P,8300.0,7668.2998,619.7,2.0,636.6,1.0,604.0,0.0,23.0,0.2602,-0.9976,0.0,-0.0842,0.0912,-1.5862
2026-09-11T17:04:13Z,2026-09-11 17:03:31,SPX,2026-09-18,C,8310.0,7668.2998,0.05,585.0,0.2,695.0,0.2,0.0,77.0,0.2026,0.0023,0.0,-0.083,0.0889,0.0032
2026-09-11T17:04:13Z,2026-09-11 17:03:31,SPX,2026-09-18,P,8310.0,7668.2998,630.8,2.0,646.1,1.0,0.0,0.0,0.0,0.2713,-0.9976,0.0,-0.0829,0.0889,-1.5882
2026-09-11T17:04:13Z,2026-09-11 17:03:31,SPX,2026-09-18,C,8320.0,7668.2998,0.05,638.0,0.2,775.0,0.67,0.0,122.0,0.2054,0.0023,0.0,-0.0818,0.0867,0.0032
2026-09-11T17:04:13Z,2026-09-11 17:03:31,SPX,2026-09-18,P,8320.0,7668.2998,636.3,1.0,656.8,1.0,0.0,0.0,0.0,0.0,-0.9977,0.0,-0.0818,0.0866,-1.5902
2026-09-11T17:04:13Z,2026-09-11 17:03:31,SPX,2026-09-18,C,8325.0,7668.2998,0.05,1256.0,0.2,1597.0,0.1,2.0,8417.0,0.207,0.0022,0.0,-0.0811,0.0854,0.0031
2026-09-11T17:04:13Z,2026-09-11 17:03:31,SPX,2026-09-18,P,8325.0,7668.2998,644.7,2.0,662.2,1.0,0.0,0.0,0.0,0.2768,-0.9977,0.0,-0.0812,0.0856,-1.5912
2026-09-11T17:04:13Z,2026-09-11 17:03:31,SPX,2026-09-18,C,8330.0,7668.2998,0.05,653.0,0.2,787.0,1.05,0.0,112.0,0.208,0.0022,0.0,-0.0807,0.0847,0.0031
2026-09-11T17:04:13Z,2026-09-11 17:03:31,SPX,2026-09-18,P,8330.0,7668.2998,646.1,1.0,666.6,1.0,0.0,0.0,0.0,0.0,-0.9977,0.0,-0.0806,0.0845,-1.5922
2026-09-11T17:04:13Z,2026-09-11 17:03:31,SPX,2026-09-18,C,8340.0,7668.2998,0.05,513.0,0.15,394.0,0.1,1.0,180.0,0.207,0.0022,0.0,-0.0794,0.0823,0.003
2026-09-11T17:04:13Z,2026-09-11 17:03:31,SPX,2026-09-18,P,8340.0,7668.2998,656.3,1.0,676.8,1.0,0.0,0.0,0.0,0.0,-0.9978,0.0,-0.0794,0.0824,-1.5942
2026-09-11T17:04:13Z,2026-09-11 17:03:31,SPX,2026-09-18,C,8350.0,7668.2998,0.05,987.0,0.15,899.0,0.15,0.0,3363.0,0.2097,0.0021,0.0,-0.0782,0.0803,0.0029
2026-09-11T17:04:13Z,2026-09-11 17:03:31,SPX,2026-09-18,P,8350.0,7668.2998,670.4,2.0,687.2,1.0,0.0,0.0,0.0,0.2937,-0.9978,0.0,-0.0783,0.0804,-1.5962
2026-09-11T17:04:13Z,2026-09-11 17:03:31,SPX,2026-09-18,C,8360.0,7668.2998,0.05,435.0,0.15,402.0,0.45,0.0,149.0,0.2124,0.002,0.0,-0.0771,0.0783,0.0028
2026-09-11T17:04:13Z,2026-09-11 17:03:31,SPX,2026-09-18,P,8360.0,7668.2998,676.2,1.0,697.3,1.0,0.0,0.0,0.0,0.1644,-0.9979,0.0,-0.0772,0.0785,-1.5982
2026-09-11T17:04:13Z,2026-09-11 17:03:31,SPX,2026-09-18,C,8370.0,7668.2998,0.05,416.0,0.15,395.0,0.45,0.0,87.0,0.2151,0.002,0.0,-0.076,0.0764,0.0028
2026-09-11T17:04:13Z,2026-09-11 17:03:31,SPX,2026-09-18,P,8370.0,7668.2998,689.0,2.0,706.5,1.0,0.0,0.0,0.0,0.2735,-0.998,0.0,-0.0761,0.0766,-1.6002
2026-09-11T17:04:13Z,2026-09-11 17:03:31,SPX,2026-09-18,C,8375.0,7668.2998,0.05,380.0,0.15,389.0,0.1,17.0,1374.0,0.2164,0.002,0.0,-0.0755,0.0755,0.0027
2026-09-11T17:04:13Z,2026-09-11 17:03:31,SPX,2026-09-18,P,8375.0,7668.2998,691.2,1.0,711.5,1.0,0.0,0.0,0.0,0.0,-0.998,0.0,-0.0756,0.0756,-1.6012
2026-09-11T17:04:13Z,2026-09-11 17:03:31,SPX,2026-09-18,C,8380.0,7668.2998,0.05,378.0,0.1,1.0,0.15,0.0,167.0,0.212,0.002,0.0,-0.0752,0.075,0.0027
2026-09-11T17:04:13Z,2026-09-11 17:03:31,SPX,2026-09-18,P,8380.0,7668.2998,696.2,1.0,715.9,1.0,0.0,0.0,0.0,0.0,-0.998,0.0,-0.0751,0.0747,-1.6022
2026-09-11T17:04:13Z,2026-09-11 17:03:31,SPX,2026-09-18,C,8390.0,7668.2998,0.05,203.0,0.1,1.0,0.15,0.0,443.0,0.2146,0.0019,0.0,-0.0741,0.0732,0.0026
2026-09-11T17:04:13Z,2026-09-11 17:03:31,SPX,2026-09-18,P,8390.0,7668.2998,709.6,2.0,726.5,1.0,0.0,0.0,0.0,0.29,-0.998,0.0,-0.074,0.073,-1.6042
2026-09-11T17:04:13Z,2026-09-11 17:03:31,SPX,2026-09-18,C,8400.0,7668.2998,0.05,305.0,0.15,870.0,0.09,0.0,20533.0,0.2231,0.0018,0.0,-0.0729,0.0711,0.0026
2026-09-11T17:04:13Z,2026-09-11 17:03:31,SPX,2026-09-18,P,8400.0,7668.2998,716.2,1.0,735.9,1.0,579.98,0.0,2.0,0.0,-0.9981,0.0,-0.073,0.0712,-1.6062
2026-09-11T17:04:13Z,2026-09-11 17:03:31,SPX,2026-09-18,C,8410.0,7668.2998,0.0,0.0,0.15,302.0,0.25,0.0,79.0,0.2201,0.0018,0.0,-0.072,0.0696,0.0025
2026-09-11T17:04:13Z,2026-09-11 17:03:31,SPX,2026-09-18,P,8410.0,7668.2998,726.2,1.0,746.7,1.0,0.0,0.0,0.0,0.0,-0.9981,0.0,-0.072,0.0696,-1.6081
2026-09-11T17:04:13Z,2026-09-11 17:03:31,SPX,2026-09-18,C,8420.0,7668.2998,0.0,0.0,0.15,312.0,0.7,0.0,107.0,0.223,0.0018,0.0,-0.0709,0.0678,0.0024
2026-09-11T17:04:13Z,2026-09-11 17:03:31,SPX,2026-09-18,P,8420.0,7668.2998,736.2,1.0,756.0,1.0,0.0,0.0,0.0,0.0,-0.9982,0.0,-0.071,0.068,-1.6101
2026-09-11T17:04:13Z,2026-09-11 17:03:31,SPX,2026-09-18,C,8425.0,7668.2998,0.0,0.0,0.15,387.0,0.12,0.0,1954.0,0.2242,0.0017,0.0,-0.0704,0.0671,0.0024
2026-09-11T17:04:13Z,2026-09-11 17:03:31,SPX,2026-09-18,P,8425.0,7668.2998,741.1,1.0,761.5,1.0,0.0,0.0,4.0,0.0,-0.9982,0.0,-0.0705,0.0672,-1.6111
2026-09-11T17:04:13Z,2026-09-11 17:03:31,SPX,2026-09-18,C,8430.0,7668.2998,0.0,0.0,0.15,320.0,0.65,0.0,299.0,0.2256,0.0017,0.0,-0.0699,0.0663,0.0024
2026-09-11T17:04:13Z,2026-09-11 17:03:31,SPX,2026-09-18,P,8430.0,7668.2998,746.2,1.0,766.7,1.0,0.0,0.0,0.0,0.0,-0.9982,0.0,-0.07,0.0664,-1.6121
2026-09-11T17:04:13Z,2026-09-11 17:03:31,SPXW,2026-09-11,C,6910.0,7668.2998,747.7,1.0,769.0,3.0,770.9,0.0,0.0,0.0,0.9996,0.0,-0.025,0.0022,0.0
2026-09-11T17:04:13Z,2026-09-11 17:03:31,SPXW,2026-09-11,P,6910.0,7668.2998,0.0,0.0,0.05,1763.0,0.15,0.0,1102.0,1.6464,-0.0004,0.0,-0.025,0.0022,0.0
2026-09-11T17:04:13Z,2026-09-11 17:03:31,SPXW,2026-09-11,C,6920.0,7668.2998,738.5,1.0,756.6,1.0,0.0,0.0,0.0,0.0,0.9996,0.0,-0.025,0.0022,0.0
2026-09-11T17:04:13Z,2026-09-11 17:03:31,SPXW,2026-09-11,P,6920.0,7668.2998,0.0,0.0,0.05,1733.0,0.2,0.0,1519.0,1.6251,-0.0004,0.0,-0.025,0.0022,0.0
2026-09-11T17:04:13Z,2026-09-11 17:03:31,SPXW,2026-09-11,C,6925.0,7668.2998,733.5,1.0,754.0,1.0,0.0,0.0,8.0,0.0,0.9996,0.0,-0.025,0.0022,0.0
2026-09-11T17:04:13Z,2026-09-11 17:03:31,SPXW,2026-09-11,P,6925.0,7668.2998,0.0,0.0,0.05,1822.0,0.15,0.0,1214.0,1.6145,-0.0004,0.0,-0.025,0.0022,0.0
2026-09-11T17:04:13Z,2026-09-11 17:03:31,SPXW,2026-09-11,C,6930.0,7668.2998,727.7,1.0,748.3,1.0,658.78,0.0,1.0,0.0,0.9996,0.0,-0.025,0.0022,0.0
2026-09-11T17:04:13Z,2026-09-11 17:03:31,SPXW,2026-09-11,P,6930.0,7668.2998,0.0,0.0,0.05,1713.0,0.15,0.0,316.0,1.6038,-0.0004,0.0,-0.025,0.0022,0.0
2026-09-11T17:04:13Z,2026-09-11 17:03:31,SPXW,2026-09-11,C,6940.0,7668.2998,717.7,1.0,738.3,1.0,750.05,0.0,0.0,0.0,0.9996,0.0,-0.025,0.0023,0.0
2026-09-11T17:04:13Z,2026-09-11 17:03:31,SPXW,2026-09-11,P,6940.0,7668.2998,0.0,0.0,0.05,1689.0,0.05,7.0,534.0,1.5825,-0.0004,0.0,-0.025,0.0023,0.0
2026-09-11T17:04:13Z,2026-09-11 17:03:31,SPXW,2026-09-11,C,6950.0,7668.2998,708.5,1.0,724.5,1.0,639.5,0.0,2.0,0.0,0.9996,0.0,-0.025,0.0023,0.0
2026-09-11T17:04:13Z,2026-09-11 17:03:31,SPXW,2026-09-11,P,6950.0,7668.2998,0.0,0.0,0.05,1778.0,0.15,0.0,1080.0,1.5613,-0.0004,0.0,-0.025,0.0023,0.0
2026-09-11T17:04:13Z,2026-09-11 17:03:31,SPXW,2026-09-11,C,6960.0,7668.2998,698.5,1.0,716.4,1.0,732.22,0.0,1.0,0.0,0.9995,0.0,-0.025,0.0023,0.0
2026-09-11T17:04:13Z,2026-09-11 17:03:31,SPXW,2026-09-11,P,6960.0,7668.2998,0.0,0.0,0.05,1813.0,0.05,4.0,253.0,1.54,-0.0005,0.0,-0.025,0.0023,0.0
2026-09-11T17:04:13Z,2026-09-11 17:03:31,SPXW,2026-09-11,C,6970.0,7668.2998,688.5,1.0,708.2,1.0,0.0,0.0,0.0,0.0,0.9995,0.0,-0.025,0.0024,0.0
2026-09-11T17:04:13Z,2026-09-11 17:03:31,SPXW,2026-09-11,P,6970.0,7668.2998,0.0,0.0,0.05,1620.0,0.2,0.0,487.0,1.5188,-0.0005,0.0,-0.025,0.0024,0.0
2026-09-11T17:04:13Z,2026-09-11 17:03:31,SPXW,2026-09-11,C,6975.0,7668.2998,683.4,1.0,703.9,1.0,665.32,0.0,59.0,0.0,0.9995,0.0,-0.025,0.0024,0.0
2026-09-11T17:04:13Z,2026-09-11 17:03:31,SPXW,2026-09-11,P,6975.0,7668.2998,0.0,0.0,0.05,1725.0,0.03,9.0,1073.0,1.5082,-0.0005,0.0,-0.025,0.0024,0.0
2026-09-11T17:04:13Z,2026-09-11 17:03:31,SPXW,2026-09-11,C,6980.0,7668.2998,679.2,1.0,698.2,1.0,710.95,0.0,1.0,0.0,0.9995,0.0,-0.025,0.0024,0.0
2026-09-11T17:04:13Z,2026-09-11 17:03:31,SPXW,2026-09-11,P,6980.0,7668.2998,0.0,0.0,0.05,1597.0,0.2,0.0,1465.0,1.4976,-0.0005,0.0,-0.025,0.0024,0.0
2026-09-11T17:04:13Z,2026-09-11 17:03:31,SPXW,2026-09-11,C,6990.0,7668.2998,668.5,1.0,686.6,1.0,0.0,0.0,0.0,0.0,0.9995,0.0,-0.025,0.0024,0.0
2026-09-11T17:04:13Z,2026-09-11 17:03:31,SPXW,2026-09-11,P,6990.0,7668.2998,0.0,0.0,0.05,649.0,0.05,1.0,1791.0,1.4764,-0.0005,0.0,-0.025,0.0024,0.0
2026-09-11T17:04:13Z,2026-09-11 17:03:31,SPXW,2026-09-11,C,7000.0,7668.2998,668.0,6.0,669.1,6.0,671.56,1.0,3423.0,1.5269,0.9995,0.0,-0.025,0.0025,0.0
2026-09-11T17:04:13Z,2026-09-11 17:03:31,SPXW,2026-09-11,P,7000.0,7668.2998,0.0,0.0,0.05,984.0,0.05,16.0,5939.0,1.4552,-0.0005,0.0,-0.025,0.0025,0.0
2026-09-11T17:04:13Z,2026-09-11 17:03:31,SPXW,2026-09-11,C,7010.0,7668.2998,648.3,1.0,666.4,1.0,680.7,0.0,1.0,0.0,0.9995,0.0,-0.025,0.0025,0.0
2026-09-11T17:04:13Z,2026-09-11 17:03:31,SPXW,2026-09-11,P,7010.0,7668.2998,0.0,0.0,0.05,660.0,0.05,5.0,240.0,1.434,-0.0005,0.0,-0.025,0.0025,0.0
2026-09-11T17:04:13Z,2026-09-11 17:03:31,SPXW,2026-09-11,C,7020.0,7668.2998,637.7,1.0,658.2,1.0,696.07,0.0,1.0,0.0,0.9995,0.0,-0.025,0.0025,0.0
2026-09-11T17:04:13Z,2026-09-11 17:03:31,SPXW,2026-09-11,P,7020.0,7668.2998,0.0,0.0,0.05,672.0,0.05,1.0,695.0,1.4128,-0.0005,0.0,-0.025,0.0025,0.0
2026-09-11T17:04:13Z,2026-09-11 17:03:31,SPXW,2026-09-11,C,7025.0,7668.2998,632.8,1.0,654.0,3.0,778.8,0.0,4.0,0.0,0.9995,0.0,-0.025,0.0025,0.0
2026-09-11T17:04:13Z,2026-09-11 17:03:31,SPXW,2026-09-11,P,7025.0,7668.2998,0.0,0.0,0.05,790.0,0.03,11.0,6988.0,1.4022,-0.0005,0.0,-0.025,0.0025,0.0
2026-09-11T17:04:13Z,2026-09-11 17:03:31,SPXW,2026-09-11,C,7030.0,7668.2998,627.7,1.0,648.2,1.0,0.0,0.0,0.0,0.0,0.9995,0.0,-0.025,0.0026,0.0
2026-09-11T17:04:13Z,2026-09-11 17:03:31,SPXW,2026-09-11,P,7030.0,7668.2998,0.0,0.0,0.05,697.0,0.03,1.0,317.0,1.3917,-0.0005,0.0,-0.025,0.0026,0.0
2026-09-11T17:04:13Z,2026-09-11 17:03:31,SPXW,2026-09-11,C,7040.0,7668.2998,618.4,1.0,638.9,1.0,676.41,0.0,2.0,0.0,0.9995,0.0,-0.025,0.0026,0.0
2026-09-11T17:04:13Z,2026-09-11 17:03:31,SPXW,2026-09-11,P,7040.0,7668.2998,0.0,0.0,0.05,691.0,0.05,5.0,338.0,1.3705,-0.0005,0.0,-0.025,0.0026,0.0
2026-09-11T17:04:13Z,2026-09-11 17:03:31,SPXW,2026-09-11,C,7050.0,7668.2998,608.4,1.0,624.5,1.0,606.05,2.0,2.0,0.0,0.9995,0.0,-0.025,0.0026,0.0
2026-09-11T17:04:13Z,2026-09-11 17:03:31,SPXW,2026-09-11,P,7050.0,7668.2998,0.0,0.0,0.05,798.0,0.05,3.0,5624.0,1.3494,-0.0005,0.0,-0.025,0.0026,0.0
2026-09-11T17:04:13Z,2026-09-11 17:03:31,SPXW,2026-09-11,C,7060.0,7668.2998,597.8,1.0,619.0,1.0,656.02,0.0,1.0,0.0,0.9995,0.0,-0.025,0.0027,0.0
2026-09-11T17:04:13Z,2026-09-11 17:03:31,SPXW,2026-09-11,P,7060.0,7668.2998,0.0,0.0,0.05,719.0,0.05,10.0,467.0,1.3282,-0.0005,0.0,-0.025,0.0027,0.0
2026-09-11T17:04:13Z,2026-09-11 17:03:31,SPXW,2026-09-11,C,7070.0,7668.2998,587.8,1.0,609.0,1.0,523.47,0.0,3.0,0.0,0.9995,0.0,-0.025,0.0027,0.0
2026-09-11T17:04:13Z,2026-09-11 17:03:31,SPXW,2026-09-11,P,7070.0,7668.2998,0.0,0.0,0.05,666.0,0.05,9.0,565.0,1.3071,-0.0005,0.0,-0.025,0.0027,0.0
2026-09-11T17:04:13Z,2026-09-11 17:03:31,SPXW,2026-09-11,C,7075.0,7668.2998,584.5,1.0,604.0,1.0,641.45,0.0,66.0,1.6611,0.9995,0.0,-0.025,0.0027,0.0
2026-09-11T17:04:13Z,2026-09-11 17:03:31,SPXW,2026-09-11,P,7075.0,7668.2998,0.0,0.0,0.05,745.0,0.03,12.0,910.0,1.2965,-0.0005,0.0,-0.025,0.0027,0.0
2026-09-11T17:04:13Z,2026-09-11 17:03:31,SPXW,2026-09-11,C,7080.0,7668.2998,579.6,3.0,599.0,1.0,636.65,0.0,68.0,1.6699,0.9995,0.0,-0.025,0.0028,0.0
2026-09-11T17:04:13Z,2026-09-11 17:03:31,SPXW,2026-09-11,P,7080.0,7668.2998,0.0,0.0,0.05,677.0,0.05,12.0,558.0,1.286,-0.0005,0.0,-0.025,0.0028,0.0
2026-09-11T17:04:13Z,2026-09-11 17:03:31,SPXW,2026-09-11,C,7090.0,7668.2998,569.6,3.0,589.0,1.0,627.31,0.0,1.0,1.6436,0.9994,0.0,-0.025,0.0028,0.0
2026-09-11T17:04:13Z,2026-09-11 17:03:31,SPXW,2026-09-11,P,7090.0,7668.2998,0.0,0.0,0.05,1024.0,0.04,663.0,832.0,1.2649,-0.0006,0.0,-0.025,0.0028,0.0
2026-09-11T17:04:13Z,2026-09-11 17:03:31,SPXW,2026-09-11,C,7100.0,7668.2998,559.6,3.0,575.7,1.0,569.95,5.0,9.0,0.0,0.9994,0.0,-0.025,0.0028,0.0
2026-09-11T17:04:13Z,2026-09-11 17:03:31,SPXW,2026-09-11,P,7100.0,7668.2998,0.0,0.0,0.05,858.0,0.03,381.0,2049.0,1.2438,-0.0006,0.0,-0.025,0.0028,0.0
2026-09-11T17:04:13Z,2026-09-11 17:03:31,SPXW,2026-09-11,C,7110.0,7668.2998,549.6,3.0,569.0,1.0,555.57,1.0,1.0,1.5909,0.9994,0.0,-0.025,0.0029,0.0
2026-09-11T17:04:13Z,2026-09-11 17:03:31,SPXW,2026-09-11,P,7110.0,7668.2998,0.0,0.0,0.05,670.0,0.05,1.0,453.0,1.2227,-0.0006,0.0,-0.025,0.0029,0.0
2026-09-11T17:04:13Z,2026-09-11 17:03:31,SPXW,2026-09-11,C,7120.0,7668.2998,539.6,3.0,559.0,1.0,0.0,0.0,0.0,1.5645,0.9994,0.0,-0.025,0.0029,0.0
2026-09-11T17:04:13Z,2026-09-11 17:03:31,SPXW,2026-09-11,P,7120.0,7668.2998,0.0,0.0,0.05,682.0,0.05,53.0,2992.0,1.2016,-0.0006,0.0,-0.025,0.0029,0.0
2026-09-11T17:04:13Z,2026-09-11 17:03:31,SPXW,2026-09-11,C,7125.0,7668.2998,534.6,3.0,549.5,1.0,562.48,0.0,1.0,0.0,0.9994,0.0,-0.025,0.003,0.0
2026-09-11T17:04:13Z,2026-09-11 17:03:31,SPXW,2026-09-11,P,7125.0,7668.2998,0.0,0.0,0.05,807.0,0.03,5.0,728.0,1.191,-0.0006,0.0,-0.025,0.003,0.0
2026-09-11T17:04:13Z,2026-09-11 17:03:31,SPXW,2026-09-11,C,7130.0,7668.2998,529.6,3.0,549.0,1.0,523.02,0.0,0.0,1.5382,0.9994,0.0,-0.025,0.003,0.0
2026-09-11T17:04:13Z,2026-09-11 17:03:31,SPXW,2026-09-11,P,7130.0,7668.2998,0.0,0.0,0.05,700.0,0.05,6.0,111.0,1.1805,-0.0006,0.0,-0.025,0.003,0.0
2026-09-11T17:04:13Z,2026-09-11 17:03:31,SPXW,2026-09-11,C,7140.0,7668.2998,519.6,3.0,539.0,1.0,524.49,1.0,1.0,1.5118,0.9994,0.0,-0.025,0.003,0.0
2026-09-11T17:04:13Z,2026-09-11 17:03:31,SPXW,2026-09-11,P,7140.0,7668.2998,0.0,0.0,0.05,665.0,0.05,13.0,698.0,1.1594,-0.0006,0.0,-0.025,0.003,0.0
2026-09-11T17:04:13Z,2026-09-11 17:03:31,SPXW,2026-09-11,C,7145.0,7668.2998,514.5,1.0,534.7,1.0,0.0,0.0,0.0,1.5939,0.9994,0.0,-0.025,0.0031,0.0
2026-09-11T17:04:13Z,2026-09-11 17:03:31,SPXW,2026-09-11,P,7145.0,7668.2998,0.0,0.0,0.05,674.0,0.0,0.0,0.0,1.1489,-0.0006,0.0,-0.025,0.0031,0.0
2026-09-11T17:04:13Z,2026-09-11 17:03:31,SPXW,2026-09-11,C,7150.0,7668.2998,507.8,1.0,525.3,1.0,520.23,7.0,212.0,0.0,0.9994,0.0,-0.025,0.0031,0.0
2026-09-11T17:04:13Z,2026-09-11 17:03:31,SPXW,2026-09-11,P,7150.0,7668.2998,0.0,0.0,0.05,793.0,0.02,28.0,2201.0,1.1383,-0.0006,0.0,-0.025,0.0031,0.0
2026-09-11T17:04:13Z,2026-09-11 17:03:31,SPXW,2026-09-11,C,7155.0,7668.2998,502.8,1.0,521.4,1.0,0.0,0.0,0.0,0.0,0.9994,0.0,-0.025,0.0031,0.0
2026-09-11T17:04:13Z,2026-09-11 17:03:31,SPXW,2026-09-11,P,7155.0,7668.2998,0.0,0.0,0.05,684.0,0.0,0.0,0.0,1.1278,-0.0006,0.0,-0.025,0.0031,0.0
2026-09-11T17:04:13Z,2026-09-11 17:03:31,SPXW,2026-09-11,C,7160.0,7668.2998,497.8,1.0,514.5,1.0,433.9,0.0,1.0,0.0,0.9994,0.0,-0.025,0.0031,0.0
2026-09-11T17:04:13Z,2026-09-11 17:03:31,SPXW,2026-09-11,P,7160.0,7668.2998,0.0,0.0,0.05,685.0,0.03,25.0,7891.0,1.1173,-0.0006,0.0,-0.025,0.0031,0.0
2026-09-11T17:04:13Z,2026-09-11 17:03:31,SPXW,2026-09-11,C,7165.0,7668.2998,492.8,1.0,514.4,1.0,0.0,0.0,0.0,0.0,0.9994,0.0,-0.025,0.0032,0.0
2026-09-11T17:04:13Z,2026-09-11 17:03:31,SPXW,2026-09-11,P,7165.0,7668.2998,0.0,0.0,0.05,681.0,0.0,0.0,0.0,1.1067,-0.0006,0.0,-0.025,0.0032,0.0
2026-09-11T17:04:13Z,2026-09-11 17:03:31,SPXW,2026-09-11,C,7170.0,7668.2998,487.8,1.0,508.3,1.0,429.87,0.0,1.0,0.0,0.9994,0.0,-0.025,0.0032,0.0
2026-09-11T17:04:13Z,2026-09-11 17:03:31,SPXW,2026-09-11,P,7170.0,7668.2998,0.0,0.0,0.05,631.0,0.05,29.0,379.0,1.0962,-0.0006,0.0,-0.025,0.0032,0.0
2026-09-11T17:04:13Z,2026-09-11 17:03:31,SPXW,2026-09-11,C,7175.0,7668.2998,482.8,1.0,499.5,1.0,565.68,0.0,7.0,0.0,0.9994,0.0,-0.025,0.0032,0.0
2026-09-11T17:04:13Z,2026-09-11 17:03:31,SPXW,2026-09-11,P,7175.0,7668.2998,0.0,0.0,0.05,807.0,0.05,20.0,1634.0,1.0857,-0.0006,0.0,-0.025,0.0032,0.0
2026-09-11T17:04:13Z,2026-09-11 17:03:31,SPXW,2026-09-11,C,7180.0,7668.2998,477.8,1.0,494.5,1.0,0.0,0.0,0.0,0.0,0.9994,0.0,-0.025,0.0032,0.0
2026-09-11T17:04:13Z,2026-09-11 17:03:31,SPXW,2026-09-11,P,7180.0,7668.2998,0.0,0.0,0.05,664.0,0.05,50.0,377.0,1.0751,-0.0006,0.0,-0.025,0.0032,0.0
2026-09-11T17:04:13Z,2026-09-11 17:03:31,SPXW,2026-09-11,C,7185.0,7668.2998,474.5,1.0,494.6,1.0,0.0,0.0,0.0,1.47,0.9994,0.0,-0.025,0.0033,0.0
2026-09-11T17:04:13Z,2026-09-11 17:03:31,SPXW,2026-09-11,P,7185.0,7668.2998,0.0,0.0,0.05,604.0,0.05,321.0,28.0,1.0646,-0.0006,0.0,-0.025,0.0033,0.0
2026-09-11T17:04:13Z,2026-09-11 17:03:31,SPXW,2026-09-11,C,7190.0,7668.2998,467.8,1.0,488.3,1.0,395.3,0.0,1.0,0.0,0.9994,0.0,-0.025,0.0033,0.0
2026-09-11T17:04:13Z,2026-09-11 17:03:31,SPXW,2026-09-11,P,7190.0,7668.2998,0.0,0.0,0.05,497.0,0.03,107.0,302.0,1.0541,-0.0006,0.0,-0.025,0.0033,0.0
2026-09-11T17:04:13Z,2026-09-11 17:03:31,SPXW,2026-09-11,C,7195.0,7668.2998,462.8,1.0,484.6,1.0,0.0,0.0,0.0,0.0,0.9993,0.0,-0.025,0.0033,0.0
2026-09-11T17:04:13Z,2026-09-11 17:03:31,SPXW,2026-09-11,P,7195.0,7668.2998,0.0,0.0,0.05,494.0,0.05,1.0,1818.0,1.0435,-0.0007,0.0,-0.025,0.0033,0.0
2026-09-11T17:04:13Z,2026-09-11 17:03:31,SPXW,2026-09-11,C,7200.0,7668.2998,457.8,3.0,479.0,1.0,454.68,0.0,25.0,0.0,0.9993,0.0,-0.025,0.0034,0.0
2026-09-11T17:04:13Z,2026-09-11 17:03:31,SPXW,2026-09-11,P,7200.0,7668.2998,0.0,0.0,0.05,556.0,0.05,174.0,4446.0,1.033,-0.0007,0.0,-0.025,0.0034,0.0
2026-09-11T17:04:13Z,2026-09-11 17:03:31,SPXW,2026-09-11,C,7205.0,7668.2998,452.8,1.0,473.3,1.0,0.0,0.0,0.0,0.0,0.9993,0.0,-0.025,0.0034,0.0
2026-09-11T17:04:13Z,2026-09-11 17:03:31,SPXW,2026-09-11,P,7205.0,7668.2998,0.0,0.0,0.05,507.0,0.03,117.0,46.0,1.0225,-0.0007,0.0,-0.025,0.0034,0.0
2026-09-11T17:04:13Z,2026-09-11 17:03:31,SPXW,2026-09-11,C,7210.0,7668.2998,447.8,1.0,464.5,1.0,462.14,1.0,3.0,0.0,0.9993,0.0,-0.025,0.0034,0.0
2026-09-11T17:04:13Z,2026-09-11 17:03:31,SPXW,2026-09-11,P,7210.0,7668.2998,0.0,0.0,0.05,435.0,0.05,430.0,646.0,1.0119,-0.0007,0.0,-0.025,0.0034,0.0
2026-09-11T17:04:13Z,2026-09-11 17:03:31,SPXW,2026-09-11,C,7215.0,7668.2998,442.7,1.0,464.6,1.0,0.0,0.0,0.0,0.0,0.9993,0.0,-0.025,0.0035,0.0
2026-09-11T17:04:13Z,2026-09-11 17:03:31,SPXW,2026-09-11,P,7215.0,7668.2998,0.0,0.0,0.05,384.0,0.05,199.0,162.0,1.0014,-0.0007,0.0,-0.025,0.0035,0.0
2026-09-11T17:04:13Z,2026-09-11 17:03:31,SPXW,2026-09-11,C,7220.0,7668.2998,437.7,1.0,459.0,1.0,484.27,0.0,5.0,0.0,0.9993,0.0,-0.025,0.0035,0.0
2026-09-11T17:04:13Z,2026-09-11 17:03:31,SPXW,2026-09-11,P,7220.0,7668.2998,0.0,0.0,0.05,228.0,0.03,621.0,3702.0,0.9909,-0.0007,0.0,-0.025,0.0035,0.0
2026-09-11T17:04:13Z,2026-09-11 17:03:31,SPXW,2026-09-11,C,7225.0,7668.2998,432.7,1.0,449.5,1.0,446.35,2.0,5.0,0.0,0.9993,0.0,-0.025,0.0035,0.0
2026-09-11T17:04:13Z,2026-09-11 17:03:31,SPXW,2026-09-11,P,7225.0,7668.2998,0.0,0.0,0.05,300.0,0.05,544.0,2571.0,0.9804,-0.0007,0.0,-0.025,0.0035,0.0
2026-09-11T17:04:13Z,2026-09-11 17:03:31,SPXW,2026-09-11,C,7230.0,7668.2998,427.7,1.0,446.4,1.0,360.68,0.0,1.0,0.0,0.9993,0.0,-0.025,0.0036,0.0
2026-09-11T17:04:13Z,2026-09-11 17:03:31,SPXW,2026-09-11,P,7230.0,7668.2998,0.0,0.0,0.05,339.0,0.05,580.0,999.0,0.9698,-0.0007,0.0,-0.025,0.0036,0.0
2026-09-11T17:04:13Z,2026-09-11 17:03:31,SPXW,2026-09-11,C,7235.0,7668.2998,424.5,1.0,444.2,1.0,0.0,0.0,0.0,1.277,0.9993,0.0,-0.025,0.0036,0.0
2026-09-11T17:04:13Z,2026-09-11 17:03:31,SPXW,2026-09-11,P,7235.0,7668.2998,0.0,0.0,0.05,230.0,0.05,247.0,1140.0,0.9593,-0.0007,0.0,-0.025,0.0036,0.0
2026-09-11T17:04:13Z,2026-09-11 17:03:31,SPXW,2026-09-11,C,7240.0,7668.2998,417.7,2.0,439.0,1.0,433.21,1.0,6.0,0.0,0.9993,0.0,-0.025,0.0036,0.0
2026-09-11T17:04:13Z,2026-09-11 17:03:31,SPXW,2026-09-11,P,7240.0,7668.2998,0.0,0.0,0.05,244.0,0.03,159.0,382.0,0.9488,-0.0007,0.0,-0.025,0.0036,0.0
2026-09-11T17:04:13Z,2026-09-11 17:03:31,SPXW,2026-09-11,C,7245.0,7668.2998,412.7,4.0,433.2,1.0,0.0,0.0,0.0,0.0,0.9993,0.0,-0.025,0.0037,0.0
2026-09-11T17:04:13Z,2026-09-11 17:03:31,SPXW,2026-09-11,P,7245.0,7668.2998,0.0,0.0,0.05,346.0,0.05,316.0,666.0,0.9382,-0.0007,0.0,-0.025,0.0037,0.0
2026-09-11T17:04:13Z,2026-09-11 17:03:31,SPXW,2026-09-11,C,7250.0,7668.2998,407.7,4.0,425.3,1.0,393.15,0.0,12.0,0.0,0.9993,0.0,-0.025,0.0037,0.0
2026-09-11T17:04:13Z,2026-09-11 17:03:31,SPXW,2026-09-11,P,7250.0,7668.2998,0.0,0.0,0.05,436.0,0.05,913.0,8082.0,0.9277,-0.0007,0.0,-0.025,0.0037,0.0
2026-09-11T17:04:13Z,2026-09-11 17:03:31,SPXW,2026-09-11,C,7255.0,7668.2998,402.7,1.0,424.2,1.0,398.65,1.0,0.0,0.0,0.9993,0.0,-0.025,0.0037,0.0
2026-09-11T17:04:13Z,2026-09-11 17:03:31,SPXW,2026-09-11,P,7255.0,7668.2998,0.0,0.0,0.05,332.0,0.05,185.0,305.0,0.9172,-0.0007,0.0,-0.025,0.0037,0.0
2026-09-11T17:04:13Z,2026-09-11 17:03:31,SPXW,2026-09-11,C,7260.0,7668.2998,397.7,1.0,416.4,1.0,406.07,2.0,6.0,0.0,0.9992,0.0,-0.025,0.0038,0.0
2026-09-11T17:04:13Z,2026-09-11 17:03:31,SPXW,2026-09-11,P,7260.0,7668.2998,0.0,0.0,0.05,297.0,0.05,294.0,7947.0,0.9066,-0.0008,0.0,-0.025,0.0038,0.0
2026-09-11T17:04:13Z,2026-09-11 17:03:31,SPXW,2026-09-11,C,7265.0,7668.2998,392.7,2.0,411.7,1.0,0.0,0.0,0.0,0.0,0.9992,0.0,-0.025,0.0038,0.0
2026-09-11T17:04:13Z,2026-09-11 17:03:31,SPXW,2026-09-11,P,7265.0,7668.2998,0.0,0.0,0.05,299.0,0.05,200.0,198.0,0.8961,-0.0008,0.0,-0.025,0.0038,0.0
2026-09-11T17:04:13Z,2026-09-11 17:03:31,SPXW,2026-09-11,C,7270.0,7668.2998,387.7,2.0,408.2,1.0,396.98,1.0,2.0,0.0,0.9992,0.0,-0.025,0.0039,0.0
2026-09-11T17:04:13Z,2026-09-11 17:03:31,SPXW,2026-09-11,P,7270.0,7668.2998,0.0,0.0,0.05,214.0,0.03,155.0,1469.0,0.8856,-0.0008,0.0,-0.025,0.0039,0.0
2026-09-11T17:04:13Z,2026-09-11 17:03:31,SPXW,2026-09-11,C,7275.0,7668.2998,382.7,1.0,401.5,1.0,396.35,2.0,15.0,0.0,0.9992,0.0,-0.025,0.0039,0.0
2026-09-11T17:04:13Z,2026-09-11 17:03:31,SPXW,2026-09-11,P,7275.0,7668.2998,0.0,0.0,0.05,179.0,0.05,497.0,7635.0,0.875,-0.0008,0.0,-0.025,0.0039,0.0
2026-09-11T17:04:13Z,2026-09-11 17:03:31,SPXW,2026-09-11,C,7280.0,7668.2998,377.7,1.0,399.0,1.0,0.0,0.0,0.0,0.0,0.9992,0.0,-0.025,0.004,0.0
2026-09-11T17:04:13Z,2026-09-11 17:03:31,SPXW,2026-09-11,P,7280.0,7668.2998,0.0,0.0,0.05,139.0,0.03,314.0,2479.0,0.8645,-0.0008,0.0,-0.025,0.004,0.0
2026-09-11T17:04:13Z,2026-09-11 17:03:31,SPXW,2026-09-11,C,7285.0,7668.2998,372.7,1.0,391.7,1.0,0.0,0.0,0.0,0.0,0.9992,0.0,-0.025,0.004,0.0
2026-09-11T17:04:13Z,2026-09-11 17:03:31,SPXW,2026-09-11,P,7285.0,7668.2998,0.0,0.0,0.05,186.0,0.05,740.0,297.0,0.8536,-0.0008,0.0,-0.025,0.004,0.0
2026-09-11T17:04:13Z,2026-09-11 17:03:31,SPXW,2026-09-11,C,7290.0,7668.2998,367.7,1.0,389.0,1.0,304.89,0.0,13.0,0.0,0.9992,0.0,-0.025,0.004,0.0
2026-09-11T17:04:13Z,2026-09-11 17:03:31,SPXW,2026-09-11,P,7290.0,7668.2998,0.0,0.0,0.05,131.0,0.05,1129.0,934.0,0.843,-0.0008,0.0,-0.025,0.004,0.0
2026-09-11T17:04:13Z,2026-09-11 17:03:31,SPXW,2026-09-11,C,7295.0,7668.2998,362.7,3.0,384.0,1.0,0.0,0.0,0.0,0.0,0.9992,0.0,-0.025,0.0041,0.0
2026-09-11T17:04:13Z,2026-09-11 17:03:31,SPXW,2026-09-11,P,7295.0,7668.2998,0.0,0.0,0.05,7.0,0.03,344.0,379.0,0.8325,-0.0008,0.0,-0.025,0.0041,0.0
2026-09-11T17:04:13Z,2026-09-11 17:03:31,SPXW,2026-09-11,C,7300.0,7668.2998,358.2,1.0,379.0,1.0,374.13,1.0,64.0,0.0,0.9985,0.0,-0.05,0.007,0.0
2026-09-11T17:04:13Z,2026-09-11 17:03:31,SPXW,2026-09-11,P,7300.0,7668.2998,0.0,0.0,0.1,593.0,0.05,1339.0,2973.0,0.8704,-0.0015,0.0,-0.05,0.007,0.0
2026-09-11T17:04:13Z,2026-09-11 17:03:31,SPXW,2026-09-11,C,7305.0,7668.2998,352.7,1.0,371.7,1.0,0.0,0.0,0.0,0.0,0.9985,0.0,-0.05,0.0071,0.0
2026-09-11T17:04:13Z,2026-09-11 17:03:31,SPXW,2026-09-11,P,7305.0,7668.2998,0.0,0.0,0.1,575.0,0.05,130.0,226.0,0.8593,-0.0015,0.0,-0.05,0.0071,0.0
2026-09-11T17:04:13Z,2026-09-11 17:03:31,SPXW,2026-09-11,C,7310.0,7668.2998,347.7,2.0,366.5,1.0,284.66,0.0,12.0,0.0,0.9985,0.0,-0.05,0.0072,0.0
2026-09-11T17:04:13Z,2026-09-11 17:03:31,SPXW,2026-09-11,P,7310.0,7668.2998,0.0,0.0,0.1,558.0,0.05,148.0,4778.0,0.8482,-0.0015,0.0,-0.05,0.0072,0.0
2026-09-11T17:04:13Z,2026-09-11 17:03:31,SPXW,2026-09-11,C,7315.0,7668.2998,342.8,3.0,361.7,1.0,0.0,0.0,0.0,0.0,0.9985,0.0,-0.05,0.0073,0.0
2026-09-11T17:04:13Z,2026-09-11 17:03:31,SPXW,2026-09-11,P,7315.0,7668.2998,0.0,0.0,0.1,555.0,0.05,154.0,209.0,0.8372,-0.0015,0.0,-0.05,0.0073,0.0
2026-09-11T17:04:13Z,2026-09-11 17:03:31,SPXW,2026-09-11,C,7320.0,7668.2998,337.8,3.0,359.0,1.0,349.77,2.0,8.0,0.0,0.9985,0.0,-0.05,0.0074,0.0
2026-09-11T17:04:13Z,2026-09-11 17:03:31,SPXW,2026-09-11,P,7320.0,7668.2998,0.0,0.0,0.1,610.0,0.05,300.0,448.0,0.8261,-0.0015,0.0,-0.05,0.0074,0.0
2026-09-11T17:04:13Z,2026-09-11 17:03:31,SPXW,2026-09-11,C,7325.0,7668.2998,332.7,3.0,354.0,1.0,390.55,0.0,6.0,0.0,0.9984,0.0,-0.05,0.0075,0.0
2026-09-11T17:04:13Z,2026-09-11 17:03:31,SPXW,2026-09-11,P,7325.0,7668.2998,0.0,0.0,0.1,535.0,0.05,206.0,1996.0,0.8146,-0.0016,0.0,-0.05,0.0075,0.0
2026-09-11T17:04:13Z,2026-09-11 17:03:31,SPXW,2026-09-11,C,7330.0,7668.2998,327.7,1.0,349.0,1.0,340.45,2.0,4.0,0.0,0.9984,0.0,-0.05,0.0076,0.0
2026-09-11T17:04:13Z,2026-09-11 17:03:31,SPXW,2026-09-11,P,7330.0,7668.2998,0.0,0.0,0.1,651.0,0.05,385.0,2972.0,0.8035,-0.0016,0.0,-0.05,0.0076,0.0
2026-09-11T17:04:13Z,2026-09-11 17:03:31,SPXW,2026-09-11,C,7335.0,7668.2998,322.7,2.0,341.7,1.0,0.0,0.0,0.0,0.0,0.9978,0.0001,-0.075,0.0104,0.0
2026-09-11T17:04:13Z,2026-09-11 17:03:31,SPXW,2026-09-11,P,7335.0,7668.2998,0.05,82.0,0.1,523.0,0.07,75.0,1174.0,0.8218,-0.0022,0.0001,-0.075,0.0104,0.0
2026-09-11T17:04:13Z,2026-09-11 17:03:31,SPXW,2026-09-11,C,7340.0,7668.2998,317.8,3.0,339.0,1.0,322.24,2.0,3.0,0.0,0.9978,0.0001,-0.075,0.0105,0.0
2026-09-11T17:04:13Z,2026-09-11 17:03:31,SPXW,2026-09-11,P,7340.0,7668.2998,0.05,1.0,0.1,510.0,0.05,35.0,2510.0,0.8103,-0.0022,0.0001,-0.075,0.0105,0.0
2026-09-11T17:04:13Z,2026-09-11 17:03:31,SPXW,2026-09-11,C,7345.0,7668.2998,312.7,1.0,334.0,1.0,0.0,0.0,0.0,0.0,0.9984,0.0,-0.05,0.0078,0.0
2026-09-11T17:04:13Z,2026-09-11 17:03:31,SPXW,2026-09-11,P,7345.0,7668.2998,0.0,0.0,0.1,634.0,0.07,79.0,1176.0,0.7702,-0.0016,0.0,-0.05,0.0078,0.0
2026-09-11T17:04:13Z,2026-09-11 17:03:31,SPXW,2026-09-11,C,7350.0,7668.2998,307.7,1.0,329.0,1.0,322.22,6.0,25.0,0.0,0.9977,0.0001,-0.075,0.0108,0.0
2026-09-11T17:04:13Z,2026-09-11 17:03:31,SPXW,2026-09-11,P,7350.0,7668.2998,0.05,51.0,0.1,530.0,0.05,1063.0,10430.0,0.7874,-0.0023,0.0001,-0.075,0.0108,0.0
2026-09-11T17:04:13Z,2026-09-11 17:03:31,SPXW,2026-09-11,C,7355.0,7668.2998,302.8,3.0,324.0,1.0,0.0,0.0,0.0,0.0,0.9977,0.0001,-0.075,0.0109,0.0
2026-09-11T17:04:13Z,2026-09-11 17:03:31,SPXW,2026-09-11,P,7355.0,7668.2998,0.05,46.0,0.1,703.0,0.05,121.0,431.0,0.776,-0.0023,0.0001,-0.075,0.0109,0.0
2026-09-11T17:04:13Z,2026-09-11 17:03:31,SPXW,2026-09-11,C,7360.0,7668.2998,297.8,3.0,315.7,1.0,308.53,33.0,46.0,0.0,0.9983,0.0,-0.05,0.0082,0.0
2026-09-11T17:04:13Z,2026-09-11 17:03:31,SPXW,2026-09-11,P,7360.0,7668.2998,0.0,0.0,0.1,543.0,0.05,289.0,696.0,0.7369,-0.0017,0.0,-0.05,0.0082,0.0
2026-09-11T17:04:13Z,2026-09-11 17:03:31,SPXW,2026-09-11,C,7365.0,7668.2998,292.8,3.0,311.7,1.0,241.28,0.0,10.0,0.0,0.9976,0.0001,-0.075,0.0112,0.0
2026-09-11T17:04:13Z,2026-09-11 17:03:31,SPXW,2026-09-11,P,7365.0,7668.2998,0.05,48.0,0.1,554.0,0.05,830.0,409.0,0.753,-0.0024,0.0001,-0.075,0.0112,0.0
2026-09-11T17:04:13Z,2026-09-11 17:03:31,SPXW,2026-09-11,C,7370.0,7668.2998,287.8,4.0,309.0,1.0,224.28,0.0,47.0,0.0,0.9976,0.0001,-0.075,0.0114,0.0
2026-09-11T17:04:13Z,2026-09-11 17:03:31,SPXW,2026-09-11,P,7370.0,7668.2998,0.05,59.0,0.1,583.0,0.07,380.0,1207.0,0.7416,-0.0024,0.0001,-0.075,0.0114,0.0
2026-09-11T17:04:13Z,2026-09-11 17:03:31,SPXW,2026-09-11,C,7375.0,7668.2998,284.2,1.0,304.0,1.0,288.16,2.0,45.0,0.8262,0.9975,0.0001,-0.075,0.0115,0.0
2026-09-11T17:04:13Z,2026-09-11 17:03:31,SPXW,2026-09-11,P,7375.0,7668.2998,0.05,1.0,0.1,563.0,0.05,953.0,8652.0,0.7301,-0.0025,0.0001,-0.075,0.0115,0.0
2026-09-11T17:04:13Z,2026-09-11 17:03:31,SPXW,2026-09-11,C,7380.0,7668.2998,277.7,3.0,299.0,1.0,216.96,0.0,2.0,0.0,0.9975,0.0001,-0.075,0.0117,0.0
2026-09-11T17:04:13Z,2026-09-11 17:03:31,SPXW,2026-09-11,P,7380.0,7668.2998,0.05,69.0,0.1,501.0,0.1,611.0,937.0,0.7186,-0.0025,0.0001,-0.075,0.0117,0.0
2026-09-11T17:04:13Z,2026-09-11 17:03:31,SPXW,2026-09-11,C,7385.0,7668.2998,274.0,1.0,294.0,1.0,308.47,0.0,0.0,0.7563,0.9975,0.0001,-0.075,0.0118,0.0
2026-09-11T17:04:13Z,2026-09-11 17:03:31,SPXW,2026-09-11,P,7385.0,7668.2998,0.05,54.0,0.1,579.0,0.07,934.0,1081.0,0.7071,-0.0025,0.0001,-0.075,0.0118,0.0
2026-09-11T17:04:13Z,2026-09-11 17:03:31,SPXW,2026-09-11,C,7390.0,7668.2998,267.7,1.0,285.7,1.0,267.3,2.0,5.0,0.0,0.9974,0.0001,-0.075,0.012,0.0
2026-09-11T17:04:13Z,2026-09-11 17:03:31,SPXW,2026-09-11,P,7390.0,7668.2998,0.05,67.0,0.1,592.0,0.05,945.0,2193.0,0.6956,-0.0026,0.0001,-0.075,0.012,0.0
2026-09-11T17:04:13Z,2026-09-11 17:03:31,SPXW,2026-09-11,C,7395.0,7668.2998,262.7,1.0,283.2,1.0,274.31,1.0,4.0,0.0,0.9974,0.0001,-0.075,0.0122,0.0
2026-09-11T17:04:13Z,2026-09-11 17:03:31,SPXW,2026-09-11,P,7395.0,7668.2998,0.05,83.0,0.1,660.0,0.07,1374.0,1434.0,0.6841,-0.0026,0.0001,-0.075,0.0122,0.0
2026-09-11T17:04:13Z,2026-09-11 17:03:31,SPXW,2026-09-11,C,7400.0,7668.2998,268.0,6.0,269.1,6.0,266.6,17.0,46.0,0.6897,0.9973,0.0001,-0.075,0.0124,0.0
2026-09-11T17:04:13Z,2026-09-11 17:03:31,SPXW,2026-09-11,P,7400.0,7668.2998,0.05,320.0,0.1,652.0,0.07,1775.0,12806.0,0.6725,-0.0027,0.0001,-0.075,0.0124,0.0
2026-09-11T17:04:13Z,2026-09-11 17:03:31,SPXW,2026-09-11,C,7405.0,7668.2998,252.7,1.0,274.0,1.0,186.43,0.0,0.0,0.0,0.9973,0.0001,-0.075,0.0126,0.0
2026-09-11T17:04:13Z,2026-09-11 17:03:31,SPXW,2026-09-11,P,7405.0,7668.2998,0.05,360.0,0.1,687.0,0.05,300.0,588.0,0.661,-0.0027,0.0001,-0.075,0.0126,0.0
2026-09-11T17:04:13Z,2026-09-11 17:03:31,SPXW,2026-09-11,C,7410.0,7668.2998,249.1,1.0,269.0,1.0,262.85,9.0,70.0,0.718,0.9972,0.0001,-0.075,0.0127,0.0
2026-09-11T17:04:13Z,2026-09-11 17:03:31,SPXW,2026-09-11,P,7410.0,7668.2998,0.05,365.0,0.1,680.0,0.1,416.0,1743.0,0.6493,-0.0028,0.0001,-0.075,0.0127,0.0
2026-09-11T17:04:13Z,2026-09-11 17:03:31,SPXW,2026-09-11,C,7415.0,7668.2998,242.7,1.0,264.0,4.0,0.0,0.0,0.0,0.0,0.9972,0.0001,-0.075,0.013,0.0
2026-09-11T17:04:13Z,2026-09-11 17:03:31,SPXW,2026-09-11,P,7415.0,7668.2998,0.05,609.0,0.1,717.0,0.05,510.0,997.0,0.6378,-0.0028,0.0001,-0.075,0.013,0.0
2026-09-11T17:04:13Z,2026-09-11 17:03:31,SPXW,2026-09-11,C,7420.0,7668.2998,237.8,1.0,255.3,1.0,252.78,5.0,12.0,0.0,0.9972,0.0001,-0.075,0.0132,0.0
2026-09-11T17:04:13Z,2026-09-11 17:03:31,SPXW,2026-09-11,P,7420.0,7668.2998,0.05,650.0,0.1,685.0,0.05,372.0,2757.0,0.6262,-0.0028,0.0001,-0.075,0.0132,0.0
2026-09-11T17:04:13Z,2026-09-11 17:03:31,SPXW,2026-09-11,C,7425.0,7668.2998,232.8,1.0,250.7,1.0,174.0,0.0,57.0,0.0,0.9971,0.0001,-0.075,0.0134,0.0
2026-09-11T17:04:13Z,2026-09-11 17:03:31,SPXW,2026-09-11,P,7425.0,7668.2998,0.05,748.0,0.1,601.0,0.05,1187.0,1843.0,0.6146,-0.0029,0.0001,-0.075,0.0134,0.0
2026-09-11T17:04:13Z,2026-09-11 17:03:31,SPXW,2026-09-11,C,7430.0,7668.2998,227.8,1.0,249.0,1.0,244.6,11.0,44.0,0.0,0.9971,0.0001,-0.075,0.0136,0.0
2026-09-11T17:04:13Z,2026-09-11 17:03:31,SPXW,2026-09-11,P,7430.0,7668.2998,0.05,863.0,0.1,504.0,0.07,1202.0,2405.0,0.603,-0.0029,0.0001,-0.075,0.0136,0.0
2026-09-11T17:04:13Z,2026-09-11 17:03:31,SPXW,2026-09-11,C,7435.0,7668.2998,223.6,1.0,243.3,1.0,227.47,15.0,19.0,0.0,0.997,0.0001,-0.075,0.0138,0.0
2026-09-11T17:04:13Z,2026-09-11 17:03:31,SPXW,2026-09-11,P,7435.0,7668.2998,0.05,919.0,0.1,472.0,0.07,999.0,1999.0,0.5914,-0.003,0.0001,-0.075,0.0138,0.0
2026-09-11T17:04:13Z,2026-09-11 17:03:31,SPXW,2026-09-11,C,7440.0,7668.2998,217.8,1.0,238.3,1.0,229.11,16.0,39.0,0.0,0.997,0.0001,-0.075,0.0141,0.0
2026-09-11T17:04:13Z,2026-09-11 17:03:31,SPXW,2026-09-11,P,7440.0,7668.2998,0.05,1028.0,0.1,492.0,0.08,2220.0,2780.0,0.5798,-0.0031,0.0001,-0.075,0.0141,0.0
2026-09-11T17:04:13Z,2026-09-11 17:03:31,SPXW,2026-09-11,C,7445.0,7668.2998,213.6,1.0,231.7,1.0,217.52,15.0,15.0,0.0,0.9969,0.0001,-0.075,0.0144,0.0
2026-09-11T17:04:13Z,2026-09-11 17:03:31,SPXW,2026-09-11,P,7445.0,7668.2998,0.05,974.0,0.1,485.0,0.07,1475.0,1222.0,0.5682,-0.0031,0.0001,-0.075,0.0144,0.0
2026-09-11T17:04:13Z,2026-09-11 17:03:31,SPXW,2026-09-11,C,7450.0,7668.2998,218.0,6.0,219.2,6.0,221.05,47.0,41.0,0.5713,0.9968,0.0001,-0.075,0.0146,0.0
2026-09-11T17:04:13Z,2026-09-11 17:03:31,SPXW,2026-09-11,P,7450.0,7668.2998,0.05,1198.0,0.1,563.0,0.05,2636.0,7585.0,0.5565,-0.0032,0.0001,-0.075,0.0146,0.0
2026-09-11T17:04:13Z,2026-09-11 17:03:31,SPXW,2026-09-11,C,7455.0,7668.2998,207.5,1.0,220.7,1.0,211.48,44.0,3.0,0.6208,0.9968,0.0001,-0.075,0.0149,0.0
2026-09-11T17:04:13Z,2026-09-11 17:03:31,SPXW,2026-09-11,P,7455.0,7668.2998,0.05,1157.0,0.1,257.0,0.07,1618.0,2614.0,0.5449,-0.0032,0.0001,-0.075,0.0149,0.0
2026-09-11T17:04:13Z,2026-09-11 17:03:31,SPXW,2026-09-11,C,7460.0,7668.2998,202.0,1.0,215.2,1.0,204.22,10.0,163.0,0.0,0.9967,0.0001,-0.075,0.0152,0.0
2026-09-11T17:04:13Z,2026-09-11 17:03:31,SPXW,2026-09-11,P,7460.0,7668.2998,0.05,1201.0,0.1,108.0,0.07,1172.0,1547.0,0.5332,-0.0033,0.0001,-0.075,0.0152,0.0
2026-09-11T17:04:13Z,2026-09-11 17:03:31,SPXW,2026-09-11,C,7465.0,7668.2998,197.0,1.0,211.0,1.0,205.2,30.0,2.0,0.56,0.9949,0.0002,-0.125,0.0223,0.0
2026-09-11T17:04:13Z,2026-09-11 17:03:31,SPXW,2026-09-11,P,7465.0,7668.2998,0.1,9.0,0.15,508.0,0.1,1653.0,1604.0,0.55,-0.0051,0.0002,-0.125,0.0223,0.0
2026-09-11T17:04:13Z,2026-09-11 17:03:31,SPXW,2026-09-11,C,7470.0,7668.2998,198.0,6.0,199.2,6.0,197.32,47.0,69.0,0.5236,0.9948,0.0002,-0.125,0.0227,0.0
2026-09-11T17:04:13Z,2026-09-11 17:03:31,SPXW,2026-09-11,P,7470.0,7668.2998,0.1,11.0,0.15,521.0,0.1,1708.0,1780.0,0.5377,-0.0052,0.0002,-0.125,0.0227,0.0
2026-09-11T17:04:13Z,2026-09-11 17:03:31,SPXW,2026-09-11,C,7475.0,7668.2998,190.4,19.0,197.4,19.0,177.3,3.0,178.0,0.4764,0.9947,0.0002,-0.125,0.0232,0.0
2026-09-11T17:04:13Z,2026-09-11 17:03:31,SPXW,2026-09-11,P,7475.0,7668.2998,0.1,55.0,0.15,577.0,0.1,2579.0,2360.0,0.5255,-0.0053,0.0002,-0.125,0.0232,0.0
2026-09-11T17:04:13Z,2026-09-11 17:03:31,SPXW,2026-09-11,C,7480.0,7668.2998,188.1,6.0,189.2,6.0,176.42,58.0,49.0,0.4996,0.9946,0.0002,-0.125,0.0237,0.0
2026-09-11T17:04:13Z,2026-09-11 17:03:31,SPXW,2026-09-11,P,7480.0,7668.2998,0.1,65.0,0.15,463.0,0.12,2112.0,2372.0,0.5132,-0.0054,0.0002,-0.125,0.0237,0.0
2026-09-11T17:04:13Z,2026-09-11 17:03:31,SPXW,2026-09-11,C,7485.0,7668.2998,180.2,19.0,187.2,4.0,184.09,42.0,59.0,0.0,0.9945,0.0002,-0.125,0.0242,0.0
2026-09-11T17:04:13Z,2026-09-11 17:03:31,SPXW,2026-09-11,P,7485.0,7668.2998,0.1,71.0,0.15,464.0,0.12,2329.0,1488.0,0.501,-0.0055,0.0002,-0.125,0.0242,0.0
2026-09-11T17:04:13Z,2026-09-11 17:03:31,SPXW,2026-09-11,C,7490.0,7668.2998,175.1,19.0,182.4,19.0,182.7,77.0,43.0,0.0,0.9944,0.0002,-0.125,0.0247,0.0
2026-09-11T17:04:13Z,2026-09-11 17:03:31,SPXW,2026-09-11,P,7490.0,7668.2998,0.1,140.0,0.15,529.0,0.12,2112.0,8926.0,0.4887,-0.0056,0.0002,-0.125,0.0247,0.0
2026-09-11T17:04:13Z,2026-09-11 17:03:31,SPXW,2026-09-11,C,7495.0,7668.2998,173.1,6.0,174.2,6.0,178.7,189.0,83.0,0.4853,0.9942,0.0002,-0.125,0.0252,0.0
2026-09-11T17:04:13Z,2026-09-11 17:03:31,SPXW,2026-09-11,P,7495.0,7668.2998,0.1,202.0,0.15,605.0,0.1,2637.0,1656.0,0.4763,-0.0058,0.0002,-0.125,0.0252,0.0
2026-09-11T17:04:13Z,2026-09-11 17:03:31,SPXW,2026-09-11,C,7500.0,7668.2998,168.1,6.0,169.2,6.0,168.78,130.0,829.0,0.4727,0.9941,0.0002,-0.125,0.0258,0.0
2026-09-11T17:04:13Z,2026-09-11 17:03:31,SPXW,2026-09-11,P,7500.0,7668.2998,0.1,239.0,0.15,607.0,0.1,6786.0,20079.0,0.464,-0.0059,0.0002,-0.125,0.0258,0.0
2026-09-11T17:04:13Z,2026-09-11 17:03:31,SPXW,2026-09-11,C,7505.0,7668.2998,163.1,6.0,164.2,6.0,165.9,76.0,82.0,0.4602,0.994,0.0003,-0.125,0.0264,0.0
2026-09-11T17:04:13Z,2026-09-11 17:03:31,SPXW,2026-09-11,P,7505.0,7668.2998,0.1,375.0,0.15,615.0,0.12,2763.0,838.0,0.4516,-0.006,0.0003,-0.125,0.0264,0.0
2026-09-11T17:04:13Z,2026-09-11 17:03:31,SPXW,2026-09-11,C,7510.0,7668.2998,158.1,6.0,159.2,6.0,152.9,155.0,95.0,0.4476,0.9938,0.0003,-0.125,0.0271,0.0
2026-09-11T17:04:13Z,2026-09-11 17:03:31,SPXW,2026-09-11,P,7510.0,7668.2998,0.1,610.0,0.15,620.0,0.12,2833.0,1729.0,0.4392,-0.0062,0.0003,-0.125,0.0271,0.0
2026-09-11T17:04:13Z,2026-09-11 17:03:31,SPXW,2026-09-11,C,7515.0,7668.2998,153.1,6.0,154.2,6.0,160.35,82.0,75.0,0.435,0.9936,0.0003,-0.125,0.0277,0.0
2026-09-11T17:04:13Z,2026-09-11 17:03:31,SPXW,2026-09-11,P,7515.0,7668.2998,0.1,717.0,0.15,570.0,0.12,2027.0,3466.0,0.4268,-0.0064,0.0003,-0.125,0.0277,0.0
2026-09-11T17:04:13Z,2026-09-11 17:03:31,SPXW,2026-09-11,C,7520.0,7668.2998,148.1,6.0,149.2,6.0,155.35,91.0,221.0,0.4223,0.9935,0.0003,-0.125,0.0284,0.0
2026-09-11T17:04:13Z,2026-09-11 17:03:31,SPXW,2026-09-11,P,7520.0,7668.2998,0.1,852.0,0.15,553.0,0.12,3556.0,1805.0,0.4144,-0.0065,0.0003,-0.125,0.0284,0.0
2026-09-11T17:04:13Z,2026-09-11 17:03:31,SPXW,2026-09-11,C,7525.0,7668.2998,143.1,6.0,144.2,6.0,144.67,93.0,126.0,0.4096,0.9933,0.0003,-0.125,0.0292,0.0
2026-09-11T17:04:13Z,2026-09-11 17:03:31,SPXW,2026-09-11,P,7525.0,7668.2998,0.1,944.0,0.15,311.0,0.12,3537.0,3176.0,0.4019,-0.0067,0.0003,-0.125,0.0292,0.0
2026-09-11T17:04:13Z,2026-09-11 17:03:31,SPXW,2026-09-11,C,7530.0,7668.2998,138.1,6.0,139.2,6.0,135.4,615.0,672.0,0.397,0.9931,0.0003,-0.125,0.03,0.0
2026-09-11T17:04:13Z,2026-09-11 17:03:31,SPXW,2026-09-11,P,7530.0,7668.2998,0.1,982.0,0.15,274.0,0.12,4546.0,1499.0,0.3894,-0.0069,0.0003,-0.125,0.03,0.0
2026-09-11T17:04:13Z,2026-09-11 17:03:31,SPXW,2026-09-11,C,7535.0,7668.2998,133.1,6.0,134.2,6.0,135.7,732.0,671.0,0.3842,0.9929,0.0004,-0.125,0.0308,0.0
2026-09-11T17:04:13Z,2026-09-11 17:03:31,SPXW,2026-09-11,P,7535.0,7668.2998,0.1,1020.0,0.15,103.0,0.15,3138.0,3244.0,0.3768,-0.0071,0.0004,-0.125,0.0308,0.0
2026-09-11T17:04:13Z,2026-09-11 17:03:31,SPXW,2026-09-11,C,7540.0,7668.2998,128.1,6.0,129.2,6.0,124.6,144.0,256.0,0.3714,0.9927,0.0004,-0.125,0.0317,0.0
2026-09-11T17:04:13Z,2026-09-11 17:03:31,SPXW,2026-09-11,P,7540.0,7668.2998,0.1,1072.0,0.15,21.0,0.12,6319.0,3113.0,0.3642,-0.0073,0.0004,-0.125,0.0317,0.0
2026-09-11T17:04:13Z,2026-09-11 17:03:31,SPXW,2026-09-11,C,7545.0,7668.2998,123.1,6.0,124.2,6.0,117.7,79.0,38.0,0.3586,0.9902,0.0005,-0.175,0.041,0.0
2026-09-11T17:04:13Z,2026-09-11 17:03:31,SPXW,2026-09-11,P,7545.0,7668.2998,0.15,9.0,0.2,567.0,0.17,3588.0,3911.0,0.3663,-0.0098,0.0005,-0.175,0.041,0.0
2026-09-11T17:04:13Z,2026-09-11 17:03:31,SPXW,2026-09-11,C,7550.0,7668.2998,118.5,3.0,118.8,3.0,115.93,123.0,413.0,0.3458,0.9898,0.0005,-0.175,0.0423,0.0
2026-09-11T17:04:13Z,2026-09-11 17:03:31,SPXW,2026-09-11,P,7550.0,7668.2998,0.15,22.0,0.2,627.0,0.17,10389.0,8096.0,0.3532,-0.0102,0.0005,-0.175,0.0423,0.0
2026-09-11T17:04:13Z,2026-09-11 17:03:31,SPXW,2026-09-11,C,7555.0,7668.2998,113.5,3.0,114.3,4.0,110.5,125.0,154.0,0.3329,0.9895,0.0006,-0.175,0.0436,0.0
2026-09-11T17:04:13Z,2026-09-11 17:03:31,SPXW,2026-09-11,P,7555.0,7668.2998,0.15,30.0,0.2,622.0,0.17,5498.0,2406.0,0.3401,-0.0105,0.0006,-0.175,0.0436,0.0
2026-09-11T17:04:13Z,2026-09-11 17:03:31,SPXW,2026-09-11,C,7560.0,7668.2998,108.5,3.0,108.9,5.0,108.4,62.0,327.0,0.3199,0.9891,0.0006,-0.175,0.0451,0.0
2026-09-11T17:04:13Z,2026-09-11 17:03:31,SPXW,2026-09-11,P,7560.0,7668.2998,0.15,261.0,0.2,696.0,0.2,7453.0,1825.0,0.327,-0.0109,0.0006,-0.175,0.0451,0.0
2026-09-11T17:04:13Z,2026-09-11 17:03:31,SPXW,2026-09-11,C,7565.0,7668.2998,103.5,3.0,103.9,6.0,98.15,71.0,228.0,0.3069,0.9887,0.0006,-0.175,0.0466,0.0
2026-09-11T17:04:13Z,2026-09-11 17:03:31,SPXW,2026-09-11,P,7565.0,7668.2998,0.15,583.0,0.2,640.0,0.15,6850.0,1269.0,0.3137,-0.0113,0.0006,-0.175,0.0466,0.0
2026-09-11T17:04:13Z,2026-09-11 17:03:31,SPXW,2026-09-11,C,7570.0,7668.2998,98.5,4.0,98.9,5.0,99.8,122.0,192.0,0.2939,0.9882,0.0007,-0.175,0.0484,0.0
2026-09-11T17:04:13Z,2026-09-11 17:03:31,SPXW,2026-09-11,P,7570.0,7668.2998,0.15,870.0,0.2,422.0,0.17,8606.0,3828.0,0.3004,-0.0118,0.0007,-0.175,0.0484,0.0
2026-09-11T17:04:13Z,2026-09-11 17:03:31,SPXW,2026-09-11,C,7575.0,7668.2998,93.5,4.0,93.9,5.0,93.48,138.0,799.0,0.2808,0.9878,0.0008,-0.175,0.0502,0.0
2026-09-11T17:04:13Z,2026-09-11 17:03:31,SPXW,2026-09-11,P,7575.0,7668.2998,0.15,1091.0,0.2,201.0,0.17,7743.0,2389.0,0.2871,-0.0122,0.0008,-0.175,0.0502,0.0
2026-09-11T17:04:13Z,2026-09-11 17:03:31,SPXW,2026-09-11,C,7580.0,7668.2998,88.6,3.0,88.9,5.0,87.73,240.0,741.0,0.2782,0.9872,0.0008,-0.175,0.0523,0.0
2026-09-11T17:04:13Z,2026-09-11 17:03:31,SPXW,2026-09-11,P,7580.0,7668.2998,0.15,1164.0,0.2,20.0,0.2,12180.0,2559.0,0.2737,-0.0128,0.0008,-0.175,0.0523,0.0
2026-09-11T17:04:13Z,2026-09-11 17:03:31,SPXW,2026-09-11,C,7585.0,7668.2998,83.6,3.0,83.9,5.0,79.49,227.0,578.0,0.2646,0.9838,0.001,-0.225,0.0639,0.0
2026-09-11T17:04:13Z,2026-09-11 17:03:31,SPXW,2026-09-11,P,7585.0,7668.2998,0.2,30.0,0.25,556.0,0.2,10059.0,1505.0,0.2695,-0.0162,0.001,-0.225,0.0639,0.0
2026-09-11T17:04:13Z,2026-09-11 17:03:31,SPXW,2026-09-11,C,7590.0,7668.2998,78.6,3.0,78.9,3.0,78.7,452.0,1277.0,0.2508,0.983,0.0011,-0.225,0.0667,0.0
2026-09-11T17:04:13Z,2026-09-11 17:03:31,SPXW,2026-09-11,P,7590.0,7668.2998,0.2,765.0,0.25,506.0,0.22,15167.0,3428.0,0.2556,-0.017,0.0011,-0.225,0.0667,0.0
2026-09-11T17:04:13Z,2026-09-11 17:03:31,SPXW,2026-09-11,C,7595.0,7668.2998,73.6,3.0,73.9,3.0,73.7,541.0,1369.0,0.237,0.9822,0.0012,-0.225,0.0698,0.0
2026-09-11T17:04:13Z,2026-09-11 17:03:31,SPXW,2026-09-11,P,7595.0,7668.2998,0.2,1109.0,0.25,21.0,0.25,20889.0,1952.0,0.2416,-0.0178,0.0012,-0.225,0.0698,0.0
2026-09-11T17:04:13Z,2026-09-11 17:03:31,SPXW,2026-09-11,C,7600.0,7668.2998,68.6,4.0,69.0,6.0,68.97,1615.0,4184.0,0.2307,0.9782,0.0015,-0.275,0.0827,0.0
2026-09-11T17:04:13Z,2026-09-11 17:03:31,SPXW,2026-09-11,P,7600.0,7668.2998,0.25,183.0,0.3,594.0,0.27,37202.0,4794.0,0.2345,-0.0218,0.0015,-0.275,0.0827,0.0
2026-09-11T17:04:13Z,2026-09-11 17:03:31,SPXW,2026-09-11,C,7605.0,7668.2998,63.7,3.0,64.0,5.0,64.1,643.0,872.0,0.2227,0.9769,0.0017,-0.275,0.0871,0.0
2026-09-11T17:04:13Z,2026-09-11 17:03:31,SPXW,2026-09-11,P,7605.0,7668.2998,0.25,964.0,0.3,3.0,0.25,21210.0,1068.0,0.2199,-0.0231,0.0017,-0.275,0.0871,0.0
2026-09-11T17:04:13Z,2026-09-11 17:03:31,SPXW,2026-09-11,C,7610.0,7668.2998,58.7,3.0,59.0,3.0,55.8,803.0,724.0,0.2079,0.9723,0.0021,-0.325,0.1011,0.0
2026-09-11T17:04:13Z,2026-09-11 17:03:31,SPXW,2026-09-11,P,7610.0,7668.2998,0.3,632.0,0.35,131.0,0.32,25265.0,1497.0,0.2109,-0.0277,0.0021,-0.325,0.1011,0.0
2026-09-11T17:04:13Z,2026-09-11 17:03:31,SPXW,2026-09-11,C,7615.0,7668.2998,53.7,4.0,54.2,12.0,51.81,968.0,648.0,0.1981,0.9672,0.0025,-0.375,0.1161,0.0
2026-09-11T17:04:13Z,2026-09-11 17:03:31,SPXW,2026-09-11,P,7615.0,7668.2998,0.35,487.0,0.4,23.0,0.35,24595.0,1129.0,0.2007,-0.0328,0.0025,-0.375,0.1161,0.0
2026-09-11T17:04:13Z,2026-09-11 17:03:31,SPXW,2026-09-11,C,7620.0,7668.2998,48.9,1.0,49.1,1.0,49.16,1759.0,1249.0,0.1912,0.9584,0.0031,-0.4749,0.14,0.0
2026-09-11T17:04:13Z,2026-09-11 17:03:31,SPXW,2026-09-11,P,7620.0,7668.2998,0.45,93.0,0.5,500.0,0.45,33352.0,987.0,0.1934,-0.0415,0.0031,-0.4749,0.14,0.0
2026-09-11T17:04:13Z,2026-09-11 17:03:31,SPXW,2026-09-11,C,7625.0,7668.2998,44.0,1.0,44.2,7.0,43.5,2188.0,1353.0,0.1822,0.952,0.0038,-0.5251,0.1573,0.0
2026-09-11T17:04:13Z,2026-09-11 17:03:31,SPXW,2026-09-11,P,7625.0,7668.2998,0.5,409.0,0.6,419.0,0.55,34269.0,1794.0,0.1807,-0.048,0.0038,-0.5251,0.1573,0.0
2026-09-11T17:04:13Z,2026-09-11 17:03:31,SPXW,2026-09-11,C,7630.0,7668.2998,39.1,1.0,39.4,13.0,39.6,3326.0,2948.0,0.1714,0.9398,0.0048,-0.65,0.187,0.0
2026-09-11T17:04:13Z,2026-09-11 17:03:31,SPXW,2026-09-11,P,7630.0,7668.2998,0.65,228.0,0.7,325.0,0.65,38298.0,1752.0,0.1716,-0.0602,0.0048,-0.65,0.187,0.0
2026-09-11T17:04:13Z,2026-09-11 17:03:31,SPXW,2026-09-11,C,7635.0,7668.2998,34.3,1.0,34.5,1.0,34.5,3345.0,2909.0,0.1638,0.923,0.0061,-0.8252,0.2247,0.0
2026-09-11T17:04:13Z,2026-09-11 17:03:31,SPXW,2026-09-11,P,7635.0,7668.2998,0.8,324.0,0.85,66.0,0.82,32766.0,1155.0,0.1628,-0.077,0.0061,-0.8252,0.2247,0.0
2026-09-11T17:04:13Z,2026-09-11 17:03:31,SPXW,2026-09-11,C,7640.0,7668.2998,29.6,1.0,29.7,4.0,29.9,5083.0,1084.0,0.1534,0.9025,0.0077,-1.0252,0.266,0.0
2026-09-11T17:04:13Z,2026-09-11 17:03:31,SPXW,2026-09-11,P,7640.0,7668.2998,1.05,175.0,1.1,167.0,1.0,40190.0,795.0,0.1525,-0.0975,0.0077,-1.0252,0.266,0.0
2026-09-11T17:04:13Z,2026-09-11 17:03:31,SPXW,2026-09-11,C,7645.0,7668.2998,24.9,4.0,25.1,12.0,25.3,6624.0,1683.0,0.1439,0.8705,0.01,-1.3746,0.3223,0.0
2026-09-11T17:04:13Z,2026-09-11 17:03:31,SPXW,2026-09-11,P,7645.0,7668.2998,1.4,20.0,1.45,197.0,1.4,41579.0,1482.0,0.1448,-0.1295,0.01,-1.3746,0.3223,0.0
2026-09-11T17:04:13Z,2026-09-11 17:03:31,SPXW,2026-09-11,C,7650.0,7668.2998,20.4,1.0,20.5,7.0,20.9,17226.0,3759.0,0.1365,0.8277,0.0128,-1.8499,0.3856,0.0
2026-09-11T17:04:13Z,2026-09-11 17:03:31,SPXW,2026-09-11,P,7650.0,7668.2998,1.85,223.0,1.95,213.0,1.85,66304.0,4428.0,0.1366,-0.1723,0.0128,-1.8499,0.3856,0.0
2026-09-11T17:04:13Z,2026-09-11 17:03:31,SPXW,2026-09-11,C,7655.0,7668.2998,16.1,5.0,16.3,36.0,16.04,20780.0,1385.0,0.1279,0.7698,0.0162,-2.523,0.4541,0.0
2026-09-11T17:04:13Z,2026-09-11 17:03:31,SPXW,2026-09-11,P,7655.0,7668.2998,2.6,12.0,2.65,116.0,2.67,54766.0,1320.0,0.1286,-0.2302,0.0162,-2.523,0.4541,0.0
2026-09-11T17:04:13Z,2026-09-11 17:03:31,SPXW,2026-09-11,C,7660.0,7668.2998,12.1,26.0,12.3,21.0,12.2,39138.0,3023.0,0.1218,0.6906,0.0198,-3.5498,0.5214,0.0
2026-09-11T17:04:13Z,2026-09-11 17:03:31,SPXW,2026-09-11,P,7660.0,7668.2998,3.6,125.0,3.7,119.0,3.7,65676.0,851.0,0.1219,-0.3094,0.0198,-3.5498,0.5214,0.0
2026-09-11T17:04:13Z,2026-09-11 17:03:31,SPXW,2026-09-11,C,7665.0,7668.2998,8.6,75.0,8.8,81.0,8.6,51057.0,2091.0,0.1155,0.5901,0.0229,-5.0284,0.5706,0.0
2026-09-11T17:04:13Z,2026-09-11 17:03:31,SPXW,2026-09-11,P,7665.0,7668.2998,5.1,91.0,5.2,67.0,5.1,56317.0,955.0,0.1164,-0.4099,0.0229,-5.0284,0.5706,0.0
2026-09-11T17:04:13Z,2026-09-11 17:03:31,SPXW,2026-09-11,C,7670.0,7668.2998,5.8,36.0,5.9,128.0,5.83,81652.0,2185.0,0.1114,0.4725,0.0243,-5.9749,0.5831,0.0
2026-09-11T17:04:13Z,2026-09-11 17:03:31,SPXW,2026-09-11,P,7670.0,7668.2998,7.2,102.0,7.3,32.0,7.23,54583.0,745.0,0.1122,-0.5275,0.0243,-5.9749,0.5831,0.0
2026-09-11T17:04:13Z,2026-09-11 17:03:31,SPXW,2026-09-11,C,7675.0,7668.2998,3.6,146.0,3.7,89.0,3.55,76933.0,4510.0,0.1087,0.3501,0.0233,-3.7503,0.5461,0.0
2026-09-11T17:04:13Z,2026-09-11 17:03:31,SPXW,2026-09-11,P,7675.0,7668.2998,10.0,27.0,10.2,30.0,10.1,29395.0,1166.0,0.1088,-0.6499,0.0233,-3.7503,0.5461,0.0
2026-09-11T17:04:13Z,2026-09-11 17:03:31,SPXW,2026-09-11,C,7680.0,7668.2998,2.15,175.0,2.25,191.0,2.15,90996.0,2455.0,0.1087,0.2422,0.0196,-2.2743,0.4675,0.0
2026-09-11T17:04:13Z,2026-09-11 17:03:31,SPXW,2026-09-11,P,7680.0,7668.2998,13.6,7.0,13.7,5.0,13.8,16024.0,1433.0,0.1082,-0.7578,0.0196,-2.2743,0.4675,0.0
2026-09-11T17:04:13Z,2026-09-11 17:03:31,SPXW,2026-09-11,C,7685.0,7668.2998,1.3,18.0,1.35,203.0,1.3,75944.0,3231.0,0.1096,0.1577,0.015,-1.3255,0.3685,0.0
2026-09-11T17:04:13Z,2026-09-11 17:03:31,SPXW,2026-09-11,P,7685.0,7668.2998,17.6,24.0,17.8,1.0,17.4,8165.0,726.0,0.1104,-0.8423,0.015,-1.3255,0.3685,0.0
2026-09-11T17:04:13Z,2026-09-11 17:03:31,SPXW,2026-09-11,C,7690.0,7668.2998,0.75,327.0,0.8,41.0,0.8,68102.0,2244.0,0.1143,0.1037,0.0108,-0.8253,0.2818,0.0
2026-09-11T17:04:13Z,2026-09-11 17:03:31,SPXW,2026-09-11,P,7690.0,7668.2998,22.1,1.0,22.3,1.0,21.9,5633.0,942.0,0.1153,-0.8963,0.0108,-0.8253,0.2818,0.0
2026-09-11T17:04:13Z,2026-09-11 17:03:31,SPXW,2026-09-11,C,7695.0,7668.2998,0.5,74.0,0.55,333.0,0.52,44019.0,1749.0,0.1197,0.0683,0.0075,-0.5249,0.2105,0.0
2026-09-11T17:04:13Z,2026-09-11 17:03:31,SPXW,2026-09-11,P,7695.0,7668.2998,26.8,13.0,27.0,1.0,26.2,3538.0,582.0,0.1185,-0.9317,0.0075,-0.5249,0.2105,0.0
2026-09-11T17:04:13Z,2026-09-11 17:03:31,SPXW,2026-09-11,C,7700.0,7668.2998,0.35,270.0,0.4,455.0,0.37,80122.0,6357.0,0.1279,0.0485,0.0054,-0.3749,0.1631,0.0
2026-09-11T17:04:13Z,2026-09-11 17:03:31,SPXW,2026-09-11,P,7700.0,7668.2998,31.7,1.0,31.9,1.0,32.4,3846.0,4328.0,0.1263,-0.9515,0.0054,-0.3749,0.1631,0.0
2026-09-11T17:04:13Z,2026-09-11 17:03:31,SPXW,2026-09-11,C,7705.0,7668.2998,0.25,549.0,0.3,404.0,0.27,32846.0,2698.0,0.136,0.0352,0.0039,-0.2749,0.1272,0.0
2026-09-11T17:04:13Z,2026-09-11 17:03:31,SPXW,2026-09-11,P,7705.0,7668.2998,36.6,5.0,36.8,1.0,36.4,1821.0,885.0,0.134,-0.9648,0.0039,-0.2749,0.1272,0.0
2026-09-11T17:04:13Z,2026-09-11 17:03:31,SPXW,2026-09-11,C,7710.0,7668.2998,0.2,576.0,0.25,561.0,0.22,36940.0,2103.0,0.1463,0.0278,0.003,-0.2251,0.1049,0.0
2026-09-11T17:04:13Z,2026-09-11 17:03:31,SPXW,2026-09-11,P,7710.0,7668.2998,41.5,6.0,41.8,1.0,40.7,1021.0,1189.0,0.1492,-0.9722,0.003,-0.2251,0.1049,0.0
2026-09-11T17:04:13Z,2026-09-11 17:03:31,SPXW,2026-09-11,C,7715.0,7668.2998,0.15,1088.0,0.2,99.0,0.17,32477.0,2016.0,0.1547,0.0212,0.0022,-0.175,0.0842,0.0
2026-09-11T17:04:13Z,2026-09-11 17:03:31,SPXW,2026-09-11,P,7715.0,7668.2998,46.6,1.0,46.7,1.0,48.59,404.0,1188.0,0.1516,-0.9788,0.0022,-0.175,0.0842,0.0
2026-09-11T17:04:13Z,2026-09-11 17:03:31,SPXW,2026-09-11,C,7720.0,7668.2998,0.15,284.0,0.2,506.0,0.15,28695.0,5297.0,0.1688,0.0196,0.0019,-0.175,0.0784,0.0
2026-09-11T17:04:13Z,2026-09-11 17:03:31,SPXW,2026-09-11,P,7720.0,7668.2998,51.2,10.0,52.0,8.0,52.8,262.0,634.0,0.1565,-0.9804,0.0019,-0.175,0.0784,0.0
2026-09-11T17:04:13Z,2026-09-11 17:03:31,SPXW,2026-09-11,C,7725.0,7668.2998,0.15,37.0,0.2,575.0,0.17,13448.0,4079.0,0.1827,0.0183,0.0017,-0.175,0.0734,0.0
2026-09-11T17:04:13Z,2026-09-11 17:03:31,SPXW,2026-09-11,P,7725.0,7668.2998,56.2,10.0,57.0,10.0,60.52,299.0,2188.0,0.1791,-0.9817,0.0017,-0.175,0.0734,0.0
2026-09-11T17:04:13Z,2026-09-11 17:03:31,SPXW,2026-09-11,C,7730.0,7668.2998,0.1,1195.0,0.15,123.0,0.12,9271.0,1933.0,0.1875,0.0133,0.0012,-0.125,0.0563,0.0
2026-09-11T17:04:13Z,2026-09-11 17:03:31,SPXW,2026-09-11,P,7730.0,7668.2998,61.2,10.0,62.0,10.0,63.42,168.0,620.0,0.1826,-0.9867,0.0012,-0.125,0.0563,0.0
2026-09-11T17:04:13Z,2026-09-11 17:03:31,SPXW,2026-09-11,C,7735.0,7668.2998,0.1,864.0,0.15,497.0,0.12,5515.0,1135.0,0.2006,0.0125,0.0011,-0.125,0.0531,0.0
2026-09-11T17:04:13Z,2026-09-11 17:03:31,SPXW,2026-09-11,P,7735.0,7668.2998,66.2,10.0,67.0,10.0,67.68,73.0,390.0,0.2061,-0.9875,0.0011,-0.125,0.0531,0.0
2026-09-11T17:04:13Z,2026-09-11 17:03:31,SPXW,2026-09-11,C,7740.0,7668.2998,0.1,387.0,0.15,690.0,0.13,6568.0,1625.0,0.2136,0.0118,0.001,-0.125,0.0503,0.0
2026-09-11T17:04:13Z,2026-09-11 17:03:31,SPXW,2026-09-11,P,7740.0,7668.2998,71.2,10.0,72.0,10.0,74.7,111.0,773.0,0.2083,-0.9882,0.001,-0.125,0.0503,0.0
2026-09-11T17:04:13Z,2026-09-11 17:03:31,SPXW,2026-09-11,C,7745.0,7668.2998,0.1,90.0,0.15,543.0,0.13,5079.0,3157.0,0.2266,0.0112,0.0009,-0.125,0.0478,0.0
2026-09-11T17:04:13Z,2026-09-11 17:03:31,SPXW,2026-09-11,P,7745.0,7668.2998,76.2,10.0,77.0,10.0,75.27,68.0,4140.0,0.2044,-0.9888,0.0009,-0.125,0.0478,0.0
2026-09-11T17:04:13Z,2026-09-11 17:03:31,SPXW,2026-09-11,C,7750.0,7668.2998,0.05,1580.0,0.1,11.0,0.07,7141.0,17569.0,0.225,0.0072,0.0006,-0.075,0.0327,0.0
2026-09-11T17:04:13Z,2026-09-11 17:03:31,SPXW,2026-09-11,P,7750.0,7668.2998,81.2,10.0,81.9,4.0,82.2,147.0,6953.0,0.2336,-0.9928,0.0006,-0.075,0.0327,0.0
2026-09-11T17:04:13Z,2026-09-11 17:03:31,SPXW,2026-09-11,C,7755.0,7668.2998,0.05,1325.0,0.1,152.0,0.1,2690.0,12779.0,0.2371,0.0068,0.0006,-0.075,0.0312,0.0
2026-09-11T17:04:13Z,2026-09-11 17:03:31,SPXW,2026-09-11,P,7755.0,7668.2998,86.2,10.0,86.9,10.0,81.42,66.0,3132.0,0.2279,-0.9932,0.0006,-0.075,0.0312,0.0
2026-09-11T17:04:13Z,2026-09-11 17:03:31,SPXW,2026-09-11,C,7760.0,7668.2998,0.05,1266.0,0.1,221.0,0.07,3199.0,4315.0,0.2492,0.0065,0.0005,-0.075,0.0299,0.0
2026-09-11T17:04:13Z,2026-09-11 17:03:31,SPXW,2026-09-11,P,7760.0,7668.2998,91.2,10.0,91.9,10.0,92.2,55.0,210.0,0.2396,-0.9935,0.0005,-0.075,0.0299,0.0
2026-09-11T17:04:13Z,2026-09-11 17:03:31,SPXW,2026-09-11,C,7765.0,7668.2998,0.05,1211.0,0.1,293.0,0.05,2329.0,4239.0,0.2612,0.0063,0.0005,-0.075,0.0287,0.0
2026-09-11T17:04:13Z,2026-09-11 17:03:31,SPXW,2026-09-11,P,7765.0,7668.2998,96.2,4.0,96.9,4.0,92.3,38.0,118.0,0.2513,-0.9937,0.0005,-0.075,0.0287,0.0
2026-09-11T17:04:13Z,2026-09-11 17:03:31,SPXW,2026-09-11,C,7770.0,7668.2998,0.05,1004.0,0.1,514.0,0.07,2836.0,2823.0,0.2731,0.006,0.0004,-0.075,0.0276,0.0
2026-09-11T17:04:13Z,2026-09-11 17:03:31,SPXW,2026-09-11,P,7770.0,7668.2998,101.0,6.0,102.1,6.0,97.27,44.0,238.0,0.2628,-0.994,0.0004,-0.075,0.0276,0.0
2026-09-11T17:04:13Z,2026-09-11 17:03:31,SPXW,2026-09-11,C,7775.0,7668.2998,0.05,874.0,0.1,622.0,0.07,2642.0,10979.0,0.285,0.0058,0.0004,-0.075,0.0265,0.0
2026-09-11T17:04:13Z,2026-09-11 17:03:31,SPXW,2026-09-11,P,7775.0,7668.2998,106.0,6.0,107.1,6.0,109.97,12.0,944.0,0.2743,-0.9942,0.0004,-0.075,0.0265,0.0
2026-09-11T17:04:13Z,2026-09-11 17:03:31,SPXW,2026-09-11,C,7780.0,7668.2998,0.05,839.0,0.1,725.0,0.07,1692.0,7029.0,0.2968,0.0056,0.0004,-0.075,0.0256,0.0
2026-09-11T17:04:13Z,2026-09-11 17:03:31,SPXW,2026-09-11,P,7780.0,7668.2998,107.8,19.0,115.2,19.0,115.02,31.0,424.0,0.3613,-0.9944,0.0004,-0.075,0.0256,0.0
2026-09-11T17:04:13Z,2026-09-11 17:03:31,SPXW,2026-09-11,C,7785.0,7668.2998,0.05,537.0,0.1,537.0,0.07,2783.0,1461.0,0.3086,0.0054,0.0003,-0.075,0.0247,0.0
2026-09-11T17:04:13Z,2026-09-11 17:03:31,SPXW,2026-09-11,P,7785.0,7668.2998,113.0,4.0,120.2,19.0,118.98,29.0,91.0,0.3893,-0.9946,0.0003,-0.075,0.0247,0.0
2026-09-11T17:04:13Z,2026-09-11 17:03:31,SPXW,2026-09-11,C,7790.0,7668.2998,0.05,438.0,0.1,691.0,0.07,3359.0,1131.0,0.3203,0.0052,0.0003,-0.075,0.0239,0.0
2026-09-11T17:04:13Z,2026-09-11 17:03:31,SPXW,2026-09-11,P,7790.0,7668.2998,118.0,4.0,125.1,19.0,127.01,21.0,230.0,0.3963,-0.9948,0.0003,-0.075,0.0239,0.0
2026-09-11T17:04:13Z,2026-09-11 17:03:31,SPXW,2026-09-11,C,7795.0,7668.2998,0.05,90.0,0.1,641.0,0.07,1867.0,1324.0,0.3319,0.0051,0.0003,-0.075,0.0232,0.0
2026-09-11T17:04:13Z,2026-09-11 17:03:31,SPXW,2026-09-11,P,7795.0,7668.2998,123.0,4.0,130.1,19.0,111.18,0.0,26.0,0.4101,-0.9949,0.0003,-0.075,0.0232,0.0
2026-09-11T17:04:13Z,2026-09-11 17:03:31,SPXW,2026-09-11,C,7800.0,7668.2998,0.05,82.0,0.1,764.0,0.1,2586.0,4701.0,0.3435,0.0049,0.0003,-0.075,0.0225,0.0
2026-09-11T17:04:13Z,2026-09-11 17:03:31,SPXW,2026-09-11,P,7800.0,7668.2998,131.0,6.0,132.1,6.0,131.8,92.0,545.0,0.3311,-0.9951,0.0003,-0.075,0.0225,0.0
2026-09-11T17:04:13Z,2026-09-11 17:03:31,SPXW,2026-09-11,C,7805.0,7668.2998,0.05,88.0,0.1,605.0,0.07,739.0,1502.0,0.3551,0.0048,0.0003,-0.075,0.0218,0.0
2026-09-11T17:04:13Z,2026-09-11 17:03:31,SPXW,2026-09-11,P,7805.0,7668.2998,132.9,19.0,139.8,19.0,134.43,1.0,41.0,0.3985,-0.9952,0.0003,-0.075,0.0218,0.0
2026-09-11T17:04:13Z,2026-09-11 17:03:31,SPXW,2026-09-11,C,7810.0,7668.2998,0.0,0.0,0.05,1.0,0.03,1274.0,1315.0,0.3295,0.0019,0.0001,-0.025,0.0097,0.0
2026-09-11T17:04:13Z,2026-09-11 17:03:31,SPXW,2026-09-11,P,7810.0,7668.2998,137.9,19.0,144.8,19.0,140.51,13.0,202.0,0.4112,-0.9981,0.0001,-0.025,0.0097,0.0
2026-09-11T17:04:13Z,2026-09-11 17:03:31,SPXW,2026-09-11,C,7815.0,7668.2998,0.0,0.0,0.1,597.0,0.05,2036.0,559.0,0.3628,0.0032,0.0002,-0.05,0.0155,0.0
2026-09-11T17:04:13Z,2026-09-11 17:03:31,SPXW,2026-09-11,P,7815.0,7668.2998,142.9,19.0,150.2,19.0,217.99,0.0,13.0,0.4644,-0.9968,0.0002,-0.05,0.0155,0.0
2026-09-11T17:04:13Z,2026-09-11 17:03:31,SPXW,2026-09-11,C,7820.0,7668.2998,0.0,0.0,0.05,145.0,0.03,3418.0,2186.0,0.3505,0.0018,0.0001,-0.025,0.0091,0.0
2026-09-11T17:04:13Z,2026-09-11 17:03:31,SPXW,2026-09-11,P,7820.0,7668.2998,147.9,4.0,154.8,19.0,156.32,4.0,418.0,0.4362,-0.9982,0.0001,-0.025,0.0091,0.0
2026-09-11T17:04:13Z,2026-09-11 17:03:31,SPXW,2026-09-11,C,7825.0,7668.2998,0.0,0.0,0.05,408.0,0.03,1972.0,10024.0,0.3609,0.0017,0.0001,-0.025,0.0089,0.0
2026-09-11T17:04:13Z,2026-09-11 17:03:31,SPXW,2026-09-11,P,7825.0,7668.2998,152.7,19.0,159.8,19.0,152.9,8.0,168.0,0.4146,-0.9983,0.0001,-0.025,0.0089,0.0
2026-09-11T17:04:13Z,2026-09-11 17:03:31,SPXW,2026-09-11,C,7830.0,7668.2998,0.0,0.0,0.05,233.0,0.03,1015.0,5827.0,0.3714,0.0017,0.0001,-0.025,0.0086,0.0
2026-09-11T17:04:13Z,2026-09-11 17:03:31,SPXW,2026-09-11,P,7830.0,7668.2998,157.9,4.0,165.2,19.0,184.79,0.0,124.0,0.5046,-0.9983,0.0001,-0.025,0.0086,0.0
2026-09-11T17:04:13Z,2026-09-11 17:03:31,SPXW,2026-09-11,C,7835.0,7668.2998,0.0,0.0,0.05,357.0,0.03,464.0,1210.0,0.3817,0.0016,0.0001,-0.025,0.0084,0.0
2026-09-11T17:04:13Z,2026-09-11 17:03:31,SPXW,2026-09-11,P,7835.0,7668.2998,162.7,19.0,169.8,19.0,237.17,0.0,41.0,0.4379,-0.9984,0.0001,-0.025,0.0084,0.0
2026-09-11T17:04:13Z,2026-09-11 17:03:31,SPXW,2026-09-11,C,7840.0,7668.2998,0.0,0.0,0.05,379.0,0.05,927.0,1431.0,0.3921,0.0016,0.0001,-0.025,0.0082,0.0
2026-09-11T17:04:13Z,2026-09-11 17:03:31,SPXW,2026-09-11,P,7840.0,7668.2998,167.7,19.0,174.7,19.0,174.93,2.0,489.0,0.4198,-0.9984,0.0001,-0.025,0.0082,0.0
2026-09-11T17:04:13Z,2026-09-11 17:03:31,SPXW,2026-09-11,C,7845.0,7668.2998,0.0,0.0,0.05,398.0,0.03,384.0,553.0,0.4024,0.0016,0.0001,-0.025,0.008,0.0
2026-09-11T17:04:13Z,2026-09-11 17:03:31,SPXW,2026-09-11,P,7845.0,7668.2998,172.9,4.0,179.7,19.0,154.45,0.0,8.0,0.4818,-0.9984,0.0001,-0.025,0.008,0.0
2026-09-11T17:04:13Z,2026-09-11 17:03:31,SPXW,2026-09-11,C,7850.0,7668.2998,0.0,0.0,0.05,561.0,0.05,918.0,3363.0,0.4127,0.0015,0.0001,-0.025,0.0078,0.0
2026-09-11T17:04:13Z,2026-09-11 17:03:31,SPXW,2026-09-11,P,7850.0,7668.2998,177.9,4.0,184.7,19.0,197.04,13.0,153.0,0.4937,-0.9985,0.0001,-0.025,0.0078,0.0
2026-09-11T17:04:13Z,2026-09-11 17:03:31,SPXW,2026-09-11,C,7855.0,7668.2998,0.0,0.0,0.05,290.0,0.05,491.0,2162.0,0.423,0.0015,0.0001,-0.025,0.0076,0.0
2026-09-11T17:04:13Z,2026-09-11 17:03:31,SPXW,2026-09-11,P,7855.0,7668.2998,182.9,4.0,189.7,19.0,141.28,0.0,13.0,0.5056,-0.9985,0.0001,-0.025,0.0076,0.0
2026-09-11T17:04:13Z,2026-09-11 17:03:31,SPXW,2026-09-11,C,7860.0,7668.2998,0.0,0.0,0.05,478.0,0.03,284.0,9096.0,0.4332,0.0015,0.0001,-0.025,0.0075,0.0
2026-09-11T17:04:13Z,2026-09-11 17:03:31,SPXW,2026-09-11,P,7860.0,7668.2998,187.9,4.0,194.7,19.0,193.9,1.0,14.0,0.5175,-0.9985,0.0001,-0.025,0.0075,0.0
2026-09-11T17:04:13Z,2026-09-11 17:03:31,SPXW,2026-09-11,C,7865.0,7668.2998,0.0,0.0,0.05,402.0,0.03,67.0,4326.0,0.4434,0.0014,0.0001,-0.025,0.0073,0.0
2026-09-11T17:04:13Z,2026-09-11 17:03:31,SPXW,2026-09-11,P,7865.0,7668.2998,192.9,4.0,200.0,19.0,198.68,1.0,3.0,0.5746,-0.9986,0.0001,-0.025,0.0073,0.0
2026-09-11T17:04:13Z,2026-09-11 17:03:31,SPXW,2026-09-11,C,7870.0,7668.2998,0.0,0.0,0.05,589.0,0.03,92.0,1989.0,0.4536,0.0014,0.0001,-0.025,0.0072,0.0
2026-09-11T17:04:13Z,2026-09-11 17:03:31,SPXW,2026-09-11,P,7870.0,7668.2998,195.3,4.0,208.3,1.0,262.94,0.0,11.0,0.6523,-0.9986,0.0001,-0.025,0.0072,0.0
2026-09-11T17:04:13Z,2026-09-11 17:03:31,SPXW,2026-09-11,C,7875.0,7668.2998,0.0,0.0,0.05,923.0,0.05,112.0,8530.0,0.4637,0.0014,0.0001,-0.025,0.007,0.0
2026-09-11T17:04:13Z,2026-09-11 17:03:31,SPXW,2026-09-11,P,7875.0,7668.2998,200.3,4.0,212.9,1.0,207.17,1.0,29.0,0.6323,-0.9986,0.0001,-0.025,0.007,0.0
2026-09-11T17:04:13Z,2026-09-11 17:03:31,SPXW,2026-09-11,C,7880.0,7668.2998,0.0,0.0,0.05,698.0,0.05,27.0,2454.0,0.4739,0.0014,0.0001,-0.025,0.0069,0.0
2026-09-11T17:04:13Z,2026-09-11 17:03:31,SPXW,2026-09-11,P,7880.0,7668.2998,205.3,4.0,217.9,1.0,212.07,5.0,17.0,0.6453,-0.9986,0.0001,-0.025,0.0069,0.0
2026-09-11T17:04:13Z,2026-09-11 17:03:31,SPXW,2026-09-11,C,7885.0,7668.2998,0.0,0.0,0.05,676.0,0.03,26.0,650.0,0.484,0.0013,0.0001,-0.025,0.0068,0.0
2026-09-11T17:04:13Z,2026-09-11 17:03:31,SPXW,2026-09-11,P,7885.0,7668.2998,210.2,4.0,222.7,1.0,0.0,0.0,0.0,0.6246,-0.9987,0.0001,-0.025,0.0068,0.0
2026-09-11T17:04:13Z,2026-09-11 17:03:31,SPXW,2026-09-11,C,7890.0,7668.2998,0.0,0.0,0.05,767.0,0.03,118.0,1857.0,0.4941,0.0013,0.0001,-0.025,0.0066,0.0
2026-09-11T17:04:13Z,2026-09-11 17:03:31,SPXW,2026-09-11,P,7890.0,7668.2998,211.1,1.0,231.2,1.0,206.89,0.0,6.0,0.4196,-0.9987,0.0001,-0.025,0.0066,0.0
2026-09-11T17:04:13Z,2026-09-11 17:03:31,SPXW,2026-09-11,C,7895.0,7668.2998,0.0,0.0,0.05,770.0,0.03,14.0,733.0,0.5042,0.0013,0.0001,-0.025,0.0065,0.0
2026-09-11T17:04:13Z,2026-09-11 17:03:31,SPXW,2026-09-11,P,7895.0,7668.2998,218.4,1.0,236.2,1.0,199.11,0.0,2.0,0.7853,-0.9987,0.0001,-0.025,0.0065,0.0
2026-09-11T17:04:13Z,2026-09-11 17:03:31,SPXW,2026-09-11,C,7900.0,7668.2998,0.0,0.0,0.05,2073.0,0.05,110.0,9139.0,0.5142,0.0013,0.0001,-0.025,0.0064,0.0
2026-09-11T17:04:13Z,2026-09-11 17:03:31,SPXW,2026-09-11,P,7900.0,7668.2998,223.6,1.0,241.1,1.0,232.74,6.0,58.0,0.8052,-0.9987,0.0001,-0.025,0.0064,0.0
2026-09-11T17:04:13Z,2026-09-11 17:03:31,SPXW,2026-09-11,C,7905.0,7668.2998,0.0,0.0,0.05,829.0,0.05,2.0,207.0,0.5242,0.0012,0.0,-0.025,0.0063,0.0
2026-09-11T17:04:13Z,2026-09-11 17:03:31,SPXW,2026-09-11,P,7905.0,7668.2998,228.4,1.0,246.0,1.0,0.0,0.0,0.0,0.8021,-0.9988,0.0,-0.025,0.0063,0.0
2026-09-11T17:04:13Z,2026-09-11 17:03:31,SPXW,2026-09-11,C,7910.0,7668.2998,0.0,0.0,0.05,860.0,0.03,19.0,2305.0,0.5342,0.0012,0.0,-0.025,0.0062,0.0
2026-09-11T17:04:13Z,2026-09-11 17:03:31,SPXW,2026-09-11,P,7910.0,7668.2998,231.1,4.0,251.6,1.0,193.22,0.0,12.0,0.6546,-0.9988,0.0,-0.025,0.0062,0.0
2026-09-11T17:04:13Z,2026-09-11 17:03:31,SPXW,2026-09-11,C,7915.0,7668.2998,0.0,0.0,0.05,913.0,0.05,1.0,151.0,0.5442,0.0012,0.0,-0.025,0.0061,0.0
2026-09-11T17:04:13Z,2026-09-11 17:03:31,SPXW,2026-09-11,P,7915.0,7668.2998,236.1,1.0,257.4,1.0,0.0,0.0,0.0,0.7553,-0.9988,0.0,-0.025,0.0061,0.0
2026-09-11T17:04:13Z,2026-09-11 17:03:31,SPXW,2026-09-11,C,7920.0,7668.2998,0.0,0.0,0.05,913.0,0.05,15.0,2315.0,0.5542,0.0012,0.0,-0.025,0.006,0.0
2026-09-11T17:04:13Z,2026-09-11 17:03:31,SPXW,2026-09-11,P,7920.0,7668.2998,241.1,4.0,261.6,1.0,247.95,1.0,9.0,0.6781,-0.9988,0.0,-0.025,0.006,0.0
2026-09-11T17:04:13Z,2026-09-11 17:03:31,SPXW,2026-09-11,C,7925.0,7668.2998,0.0,0.0,0.05,1713.0,0.03,2.0,1884.0,0.5641,0.0012,0.0,-0.025,0.0059,0.0
2026-09-11T17:04:13Z,2026-09-11 17:03:31,SPXW,2026-09-11,P,7925.0,7668.2998,246.1,1.0,266.6,1.0,171.77,0.0,85.0,0.6899,-0.9988,0.0,-0.025,0.0059,0.0
2026-09-11T17:04:13Z,2026-09-11 17:03:31,SPXW,2026-09-11,C,7930.0,7668.2998,0.0,0.0,0.05,1066.0,0.03,3.0,1608.0,0.574,0.0011,0.0,-0.025,0.0058,0.0
2026-09-11T17:04:13Z,2026-09-11 17:03:31,SPXW,2026-09-11,P,7930.0,7668.2998,251.1,4.0,271.8,1.0,335.92,0.0,34.0,0.7352,-0.9989,0.0,-0.025,0.0058,0.0
2026-09-11T17:04:13Z,2026-09-11 17:03:31,SPXW,2026-09-11,C,7935.0,7668.2998,0.0,0.0,0.05,1059.0,0.05,0.0,239.0,0.5839,0.0011,0.0,-0.025,0.0057,0.0
2026-09-11T17:04:13Z,2026-09-11 17:03:31,SPXW,2026-09-11,P,7935.0,7668.2998,256.3,1.0,277.4,1.0,0.0,0.0,0.0,0.807,-0.9989,0.0,-0.025,0.0057,0.0
2026-09-11T17:04:13Z,2026-09-11 17:03:31,SPXW,2026-09-11,C,7940.0,7668.2998,0.0,0.0,0.05,1017.0,0.04,41.0,1027.0,0.5938,0.0011,0.0,-0.025,0.0056,0.0
2026-09-11T17:04:13Z,2026-09-11 17:03:31,SPXW,2026-09-11,P,7940.0,7668.2998,261.3,1.0,282.4,1.0,228.15,0.0,35.0,0.8199,-0.9989,0.0,-0.025,0.0056,0.0
2026-09-11T17:04:13Z,2026-09-11 17:03:31,SPXW,2026-09-11,C,7945.0,7668.2998,0.0,0.0,0.05,1017.0,0.05,0.0,67.0,0.6037,0.0011,0.0,-0.025,0.0055,0.0
2026-09-11T17:04:13Z,2026-09-11 17:03:31,SPXW,2026-09-11,P,7945.0,7668.2998,268.4,1.0,286.9,1.0,0.0,0.0,0.0,0.9662,-0.9989,0.0,-0.025,0.0055,0.0
2026-09-11T17:04:13Z,2026-09-11 17:03:31,SPXW,2026-09-11,C,7950.0,7668.2998,0.0,0.0,0.05,2271.0,0.03,14.0,2612.0,0.6135,0.0011,0.0,-0.025,0.0054,0.0
2026-09-11T17:04:13Z,2026-09-11 17:03:31,SPXW,2026-09-11,P,7950.0,7668.2998,271.1,1.0,292.3,1.0,277.61,2.0,11.0,0.8236,-0.9989,0.0,-0.025,0.0054,0.0
2026-09-11T17:04:13Z,2026-09-11 17:03:31,SPXW,2026-09-11,C,7960.0,7668.2998,0.0,0.0,0.05,1194.0,0.03,10.0,1098.0,0.6331,0.001,0.0,-0.025,0.0053,0.0
2026-09-11T17:04:13Z,2026-09-11 17:03:31,SPXW,2026-09-11,P,7960.0,7668.2998,281.1,1.0,302.3,1.0,287.54,2.0,1.0,0.8486,-0.999,0.0,-0.025,0.0053,0.0
2026-09-11T17:04:13Z,2026-09-11 17:03:31,SPXW,2026-09-11,C,7970.0,7668.2998,0.0,0.0,0.05,1275.0,0.05,2.0,564.0,0.6527,0.001,0.0,-0.025,0.0051,0.0
2026-09-11T17:04:13Z,2026-09-11 17:03:31,SPXW,2026-09-11,P,7970.0,7668.2998,291.1,1.0,312.3,1.0,297.24,3.0,10.0,0.8734,-0.999,0.0,-0.025,0.0051,0.0
2026-09-11T17:04:13Z,2026-09-11 17:03:31,SPXW,2026-09-11,C,7975.0,7668.2998,0.0,0.0,0.05,1582.0,0.03,1.0,1472.0,0.6624,0.001,0.0,-0.025,0.0051,0.0
2026-09-11T17:04:13Z,2026-09-11 17:03:31,SPXW,2026-09-11,P,7975.0,7668.2998,296.1,1.0,317.3,1.0,370.01,0.0,3.0,0.9088,-0.999,0.0,-0.025,0.0051,0.0
2026-09-11T17:04:13Z,2026-09-11 17:03:31,SPXW,2026-09-11,C,7980.0,7668.2998,0.0,0.0,0.05,1266.0,0.05,0.0,1141.0,0.6722,0.001,0.0,-0.025,0.005,0.0
2026-09-11T17:04:13Z,2026-09-11 17:03:31,SPXW,2026-09-11,P,7980.0,7668.2998,301.1,1.0,322.3,1.0,307.44,2.0,9.0,0.9214,-0.999,0.0,-0.025,0.005,0.0
2026-09-11T17:04:13Z,2026-09-11 17:03:31,SPXW,2026-09-11,C,7990.0,7668.2998,0.0,0.0,0.05,1570.0,0.03,40.0,571.0,0.6916,0.001,0.0,-0.025,0.0049,0.0
2026-09-11T17:04:13Z,2026-09-11 17:03:31,SPXW,2026-09-11,P,7990.0,7668.2998,311.1,1.0,332.3,3.0,389.76,0.0,15.0,0.9465,-0.999,0.0,-0.025,0.0049,0.0
2026-09-11T17:04:13Z,2026-09-11 17:03:31,SPXW,2026-09-11,C,8000.0,7668.2998,0.0,0.0,0.05,1951.0,0.03,1.0,5129.0,0.7109,0.0009,0.0,-0.025,0.0048,0.0
2026-09-11T17:04:13Z,2026-09-11 17:03:31,SPXW,2026-09-11,P,8000.0,7668.2998,330.9,6.0,332.1,6.0,345.15,5.0,2009.0,0.6085,-0.9991,0.0,-0.025,0.0048,0.0
2026-09-11T17:04:13Z,2026-09-11 17:03:31,SPXW,2026-09-11,C,8010.0,7668.2998,0.0,0.0,0.05,1159.0,0.05,0.0,409.0,0.7302,0.0009,0.0,-0.025,0.0046,0.0
2026-09-11T17:04:13Z,2026-09-11 17:03:31,SPXW,2026-09-11,P,8010.0,7668.2998,331.8,1.0,350.8,1.0,0.0,0.0,0.0,0.8594,-0.9991,0.0,-0.025,0.0046,0.0
2026-09-11T17:04:13Z,2026-09-11 17:03:31,SPXW,2026-09-11,C,8020.0,7668.2998,0.0,0.0,0.05,1147.0,0.07,0.0,1416.0,0.7494,0.0009,0.0,-0.025,0.0045,0.0
2026-09-11T17:04:13Z,2026-09-11 17:03:31,SPXW,2026-09-11,P,8020.0,7668.2998,341.1,1.0,362.3,1.0,350.6,2.0,8.0,1.0212,-0.9991,0.0,-0.025,0.0045,0.0
2026-09-11T17:04:13Z,2026-09-11 17:03:31,SPXW,2026-09-11,C,8025.0,7668.2998,0.0,0.0,0.05,2055.0,0.03,0.0,861.0,0.759,0.0009,0.0,-0.025,0.0045,0.0
2026-09-11T17:04:13Z,2026-09-11 17:03:31,SPXW,2026-09-11,P,8025.0,7668.2998,346.1,1.0,366.0,1.0,424.85,0.0,15.0,0.0,-0.9991,0.0,-0.025,0.0045,0.0
2026-09-11T17:04:13Z,2026-09-11 17:03:31,SPXW,2026-09-11,C,8030.0,7668.2998,0.0,0.0,0.05,1254.0,0.05,0.0,259.0,0.7686,0.0009,0.0,-0.025,0.0044,0.0
2026-09-11T17:04:13Z,2026-09-11 17:03:31,SPXW,2026-09-11,P,8030.0,7668.2998,351.1,1.0,370.8,1.0,432.15,0.0,9.0,0.0,-0.9991,0.0,-0.025,0.0044,0.0
2026-09-11T17:04:13Z,2026-09-11 17:03:31,SPXW,2026-09-11,C,8040.0,7668.2998,0.0,0.0,0.05,1258.0,0.05,0.0,662.0,0.7877,0.0009,0.0,-0.025,0.0043,0.0
2026-09-11T17:04:13Z,2026-09-11 17:03:31,SPXW,2026-09-11,P,8040.0,7668.2998,361.1,1.0,382.2,1.0,374.0,2.0,0.0,1.0577,-0.9991,0.0,-0.025,0.0043,0.0
2026-09-11T17:04:13Z,2026-09-11 17:03:31,SPXW,2026-09-11,C,8050.0,7668.2998,0.0,0.0,0.05,2150.0,0.05,48.0,1204.0,0.8067,0.0008,0.0,-0.025,0.0042,0.0
2026-09-11T17:04:13Z,2026-09-11 17:03:31,SPXW,2026-09-11,P,8050.0,7668.2998,371.1,1.0,392.2,1.0,320.64,0.0,1.0,1.082,-0.9992,0.0,-0.025,0.0042,0.0
2026-09-11T17:04:13Z,2026-09-11 17:03:31,SPXW,2026-09-11,C,8060.0,7668.2998,0.0,0.0,0.05,1192.0,0.05,0.0,228.0,0.8257,0.0008,0.0,-0.025,0.0041,0.0
2026-09-11T17:04:13Z,2026-09-11 17:03:31,SPXW,2026-09-11,P,8060.0,7668.2998,381.7,1.0,402.2,1.0,393.77,2.0,10.0,1.1749,-0.9992,0.0,-0.025,0.0041,0.0
2026-09-11T17:04:13Z,2026-09-11 17:03:31,SPXW,2026-09-11,C,8070.0,7668.2998,0.0,0.0,0.05,1195.0,0.03,3.0,941.0,0.8446,0.0008,0.0,-0.025,0.0041,0.0
2026-09-11T17:04:13Z,2026-09-11 17:03:31,SPXW,2026-09-11,P,8070.0,7668.2998,391.7,1.0,412.2,1.0,0.0,0.0,0.0,1.2001,-0.9992,0.0,-0.025,0.0041,0.0
2026-09-11T17:04:13Z,2026-09-11 17:03:31,SPXW,2026-09-11,C,8075.0,7668.2998,0.0,0.0,0.05,2300.0,0.05,0.0,564.0,0.8541,0.0008,0.0,-0.025,0.004,0.0
2026-09-11T17:04:13Z,2026-09-11 17:03:31,SPXW,2026-09-11,P,8075.0,7668.2998,396.7,1.0,417.2,1.0,407.96,2.0,2.0,1.2127,-0.9992,0.0,-0.025,0.004,0.0
2026-09-11T17:04:13Z,2026-09-11 17:03:31,SPXW,2026-09-11,C,8080.0,7668.2998,0.0,0.0,0.05,1197.0,0.05,0.0,161.0,0.8635,0.0008,0.0,-0.025,0.004,0.0
2026-09-11T17:04:13Z,2026-09-11 17:03:31,SPXW,2026-09-11,P,8080.0,7668.2998,405.5,1.0,422.2,1.0,0.0,0.0,0.0,1.4727,-0.9992,0.0,-0.025,0.004,0.0
2026-09-11T17:04:13Z,2026-09-11 17:03:31,SPXW,2026-09-11,C,8090.0,7668.2998,0.0,0.0,0.05,2104.0,0.05,0.0,321.0,0.8823,0.0008,0.0,-0.025,0.0039,0.0
2026-09-11T17:04:13Z,2026-09-11 17:03:31,SPXW,2026-09-11,P,8090.0,7668.2998,411.7,1.0,432.2,1.0,427.38,4.0,12.0,1.2502,-0.9992,0.0,-0.025,0.0039,0.0
2026-09-11T17:04:13Z,2026-09-11 17:03:31,SPXW,2026-09-11,C,8100.0,7668.2998,0.0,0.0,0.05,3422.0,0.05,0.0,5822.0,0.9011,0.0008,0.0,-0.025,0.0038,0.0
2026-09-11T17:04:13Z,2026-09-11 17:03:31,SPXW,2026-09-11,P,8100.0,7668.2998,421.7,1.0,442.2,1.0,381.44,0.0,2.0,1.2751,-0.9992,0.0,-0.025,0.0038,0.0
2026-09-11T17:04:13Z,2026-09-11 17:03:31,SPXW,2026-09-11,C,8110.0,7668.2998,0.0,0.0,0.05,2133.0,0.05,0.0,243.0,0.9198,0.0008,0.0,-0.025,0.0038,0.0
2026-09-11T17:04:13Z,2026-09-11 17:03:31,SPXW,2026-09-11,P,8110.0,7668.2998,433.3,1.0,452.2,1.0,444.43,2.0,0.0,1.4332,-0.9992,0.0,-0.025,0.0038,0.0
2026-09-11T17:04:13Z,2026-09-11 17:03:31,SPXW,2026-09-11,C,8120.0,7668.2998,0.0,0.0,0.05,2470.0,0.1,0.0,34.0,0.9385,0.0007,0.0,-0.025,0.0037,0.0
2026-09-11T17:04:13Z,2026-09-11 17:03:31,SPXW,2026-09-11,P,8120.0,7668.2998,441.7,1.0,462.2,1.0,0.0,0.0,0.0,1.3247,-0.9993,0.0,-0.025,0.0037,0.0
2026-09-11T17:04:13Z,2026-09-11 17:03:31,SPXW,2026-09-11,C,8125.0,7668.2998,0.0,0.0,0.05,3689.0,0.03,1.0,3129.0,0.9478,0.0007,0.0,-0.025,0.0037,0.0
2026-09-11T17:04:13Z,2026-09-11 17:03:31,SPXW,2026-09-11,P,8125.0,7668.2998,446.7,1.0,467.2,1.0,453.18,3.0,1.0,1.337,-0.9993,0.0,-0.025,0.0037,0.0
2026-09-11T17:04:13Z,2026-09-11 17:03:31,SPXW,2026-09-11,C,8130.0,7668.2998,0.0,0.0,0.05,2487.0,0.1,0.0,34.0,0.9571,0.0007,0.0,-0.025,0.0036,0.0
2026-09-11T17:04:13Z,2026-09-11 17:03:31,SPXW,2026-09-11,P,8130.0,7668.2998,451.7,1.0,472.2,1.0,0.0,0.0,0.0,1.3493,-0.9993,0.0,-0.025,0.0036,0.0
2026-09-11T17:04:13Z,2026-09-11 17:03:31,SPXW,2026-09-11,C,8140.0,7668.2998,0.0,0.0,0.05,2522.0,0.1,0.0,67.0,0.9756,0.0007,0.0,-0.025,0.0036,0.0
2026-09-11T17:04:13Z,2026-09-11 17:03:31,SPXW,2026-09-11,P,8140.0,7668.2998,463.3,1.0,482.2,2.0,468.02,2.0,0.0,1.5128,-0.9993,0.0,-0.025,0.0036,0.0
2026-09-11T17:04:13Z,2026-09-11 17:03:31,SPXW,2026-09-11,C,8150.0,7668.2998,0.0,0.0,0.05,3879.0,0.03,1.0,1537.0,0.9942,0.0007,0.0,-0.025,0.0035,0.0
2026-09-11T17:04:13Z,2026-09-11 17:03:31,SPXW,2026-09-11,P,8150.0,7668.2998,471.7,1.0,492.2,2.0,476.33,3.0,2.0,1.3984,-0.9993,0.0,-0.025,0.0035,0.0
2026-09-11T17:04:13Z,2026-09-11 17:03:31,SPXW,2026-09-11,C,8160.0,7668.2998,0.0,0.0,0.05,2541.0,0.1,0.0,76.0,1.0126,0.0007,0.0,-0.025,0.0035,0.0
2026-09-11T17:04:13Z,2026-09-11 17:03:31,SPXW,2026-09-11,P,8160.0,7668.2998,483.3,1.0,502.2,2.0,486.4,2.0,0.0,1.5653,-0.9993,0.0,-0.025,0.0035,0.0
2026-09-11T17:04:13Z,2026-09-11 17:03:31,SPXW,2026-09-11,C,8170.0,7668.2998,0.0,0.0,0.05,2560.0,0.1,0.0,70.0,1.031,0.0007,0.0,-0.025,0.0034,0.0
2026-09-11T17:04:13Z,2026-09-11 17:03:31,SPXW,2026-09-11,P,8170.0,7668.2998,491.1,1.0,512.2,1.0,497.4,2.0,0.0,1.3661,-0.9993,0.0,-0.025,0.0034,0.0
2026-09-11T17:04:13Z,2026-09-11 17:03:31,SPXW,2026-09-11,C,8175.0,7668.2998,0.0,0.0,0.05,2588.0,0.03,1.0,627.0,1.0402,0.0007,0.0,-0.025,0.0034,0.0
2026-09-11T17:04:13Z,2026-09-11 17:03:31,SPXW,2026-09-11,P,8175.0,7668.2998,496.1,1.0,517.2,1.0,0.0,0.0,0.0,1.3776,-0.9993,0.0,-0.025,0.0034,0.0
2026-09-11T17:04:13Z,2026-09-11 17:03:31,SPXW,2026-09-11,C,8180.0,7668.2998,0.0,0.0,0.05,2540.0,0.1,0.0,86.0,1.0494,0.0007,0.0,-0.025,0.0034,0.0
2026-09-11T17:04:13Z,2026-09-11 17:03:31,SPXW,2026-09-11,P,8180.0,7668.2998,503.3,1.0,522.2,1.0,506.92,2.0,0.0,1.6175,-0.9993,0.0,-0.025,0.0034,0.0
2026-09-11T17:04:13Z,2026-09-11 17:03:31,SPXW,2026-09-11,C,8200.0,7668.2998,0.0,0.0,0.05,2739.0,0.03,1.0,1016.0,1.086,0.0006,0.0,-0.025,0.0032,0.0
2026-09-11T17:04:13Z,2026-09-11 17:03:31,SPXW,2026-09-11,P,8200.0,7668.2998,525.5,1.0,542.2,1.0,526.95,1.0,1.0,1.8092,-0.9994,0.0,-0.025,0.0032,0.0
2026-09-11T17:04:13Z,2026-09-11 17:03:31,SPXW,2026-09-11,C,8225.0,7668.2998,0.0,0.0,0.05,2624.0,0.05,0.0,1133.0,1.1315,0.0006,0.0,-0.025,0.0031,0.0
2026-09-11T17:04:13Z,2026-09-11 17:03:31,SPXW,2026-09-11,P,8225.0,7668.2998,546.7,1.0,567.2,1.0,0.0,0.0,0.0,1.5794,-0.9994,0.0,-0.025,0.0031,0.0
2026-09-11T17:04:13Z,2026-09-11 17:03:31,SPXW,2026-09-11,C,8250.0,7668.2998,0.0,0.0,0.05,2670.0,0.05,5.0,867.0,1.1767,0.0006,0.0,-0.025,0.003,0.0
2026-09-11T17:04:13Z,2026-09-11 17:03:31,SPXW,2026-09-11,P,8250.0,7668.2998,571.1,1.0,592.2,1.0,519.94,0.0,4.0,1.5494,-0.9994,0.0,-0.025,0.003,0.0
2026-09-11T17:04:13Z,2026-09-11 17:03:31,SPXW,2026-09-11,C,8275.0,7668.2998,0.0,0.0,0.05,2831.0,0.05,0.0,692.0,1.2217,0.0006,0.0,-0.025,0.0029,0.0
2026-09-11T17:04:13Z,2026-09-11 17:03:31,SPXW,2026-09-11,P,8275.0,7668.2998,596.7,1.0,617.2,1.0,0.0,0.0,0.0,1.6978,-0.9994,0.0,-0.025,0.0029,0.0
2026-09-11T17:04:13Z,2026-09-11 17:03:31,SPXW,2026-09-11,C,8300.0,7668.2998,0.0,0.0,0.05,2957.0,0.05,0.0,2097.0,1.2664,0.0006,0.0,-0.025,0.0028,0.0
2026-09-11T17:04:13Z,2026-09-11 17:03:31,SPXW,2026-09-11,P,8300.0,7668.2998,625.5,1.0,642.2,1.0,693.67,0.0,4.0,2.0787,-0.9994,0.0,-0.025,0.0028,0.0
2026-09-11T17:04:13Z,2026-09-11 17:03:31,SPXW,2026-09-11,C,8325.0,7668.2998,0.0,0.0,0.05,3614.0,0.05,0.0,1003.0,1.3108,0.0005,0.0,-0.025,0.0027,0.0
2026-09-11T17:04:13Z,2026-09-11 17:03:31,SPXW,2026-09-11,P,8325.0,7668.2998,646.1,1.0,667.2,1.0,0.0,0.0,0.0,1.7176,-0.9995,0.0,-0.025,0.0027,0.0
2026-09-11T17:04:13Z,2026-09-11 17:03:31,SPXW,2026-09-11,C,8350.0,7668.2998,0.0,0.0,0.05,3619.0,0.05,0.0,2727.0,1.355,0.0005,0.0,-0.025,0.0026,0.0
2026-09-11T17:04:13Z,2026-09-11 17:03:31,SPXW,2026-09-11,P,8350.0,7668.2998,671.7,1.0,692.2,1.0,0.0,0.0,0.0,1.8722,-0.9995,0.0,-0.025,0.0026,0.0
2026-09-11T17:04:13Z,2026-09-11 17:03:31,SPXW,2026-09-11,C,8375.0,7668.2998,0.0,0.0,0.05,3607.0,0.1,0.0,129.0,1.3989,0.0005,0.0,-0.025,0.0026,0.0
2026-09-11T17:04:13Z,2026-09-11 17:03:31,SPXW,2026-09-11,P,8375.0,7668.2998,700.5,1.0,716.7,1.0,663.26,0.0,2.0,2.242,-0.9995,0.0,-0.025,0.0026,0.0
2026-09-11T17:04:13Z,2026-09-11 17:03:31,SPXW,2026-09-11,C,8400.0,7668.2998,0.0,0.0,0.05,3755.0,0.05,0.0,3255.0,1.4427,0.0005,0.0,-0.025,0.0025,0.0
2026-09-11T17:04:13Z,2026-09-11 17:03:31,SPXW,2026-09-11,P,8400.0,7668.2998,721.1,1.0,741.7,1.0,0.0,0.0,0.0,1.7519,-0.9995,0.0,-0.025,0.0025,0.0
2026-09-11T17:04:13Z,2026-09-11 17:03:31,SPXW,2026-09-11,C,8425.0,7668.2998,0.0,0.0,0.05,3734.0,0.05,0.0,505.0,1.4862,0.0005,0.0,-0.025,0.0024,0.0
2026-09-11T17:04:13Z,2026-09-11 17:03:31,SPXW,2026-09-11,P,8425.0,7668.2998,748.3,1.0,765.8,1.0,0.0,0.0,0.0,2.0722,-0.9995,0.0,-0.025,0.0024,0.0
2026-09-11T17:04:13Z,2026-09-11 17:03:31,SPXW,2026-09-14,C,6925.0,7668.2998,734.7,1.0,752.5,1.0,0.0,0.0,0.0,0.0,0.998,0.0,-0.1397,0.0482,0.1892
2026-09-11T17:04:13Z,2026-09-11 17:03:31,SPXW,2026-09-14,P,6925.0,7668.2998,0.1,806.0,0.15,1.0,0.15,609.0,392.0,0.3784,-0.002,0.0,-0.1397,0.0482,-0.0004
2026-09-11T17:04:13Z,2026-09-11 17:03:31,SPXW,2026-09-14,C,6950.0,7668.2998,709.7,1.0,727.6,2.0,0.0,0.0,0.0,0.0,0.9978,0.0,-0.147,0.0517,0.1898
2026-09-11T17:04:13Z,2026-09-11 17:03:31,SPXW,2026-09-14,P,6950.0,7668.2998,0.15,54.0,0.2,344.0,0.15,73.0,364.0,0.3775,-0.0022,0.0,-0.147,0.0517,-0.0004
2026-09-11T17:04:13Z,2026-09-11 17:03:31,SPXW,2026-09-14,C,6975.0,7668.2998,684.7,1.0,702.4,1.0,720.42,0.0,4.0,0.0,0.9976,0.0,-0.1548,0.0555,0.1905
2026-09-11T17:04:13Z,2026-09-11 17:03:31,SPXW,2026-09-14,P,6975.0,7668.2998,0.15,623.0,0.2,150.0,0.15,602.0,862.0,0.365,-0.0024,0.0,-0.1548,0.0555,-0.0005
2026-09-11T17:04:13Z,2026-09-11 17:03:31,SPXW,2026-09-14,C,6990.0,7668.2998,668.3,1.0,687.1,1.0,0.0,0.0,0.0,0.0,0.9975,0.0,-0.1597,0.0579,0.1909
2026-09-11T17:04:13Z,2026-09-11 17:03:31,SPXW,2026-09-14,P,6990.0,7668.2998,0.15,281.0,0.2,42.0,0.15,324.0,0.0,0.3575,-0.0025,0.0,-0.1597,0.0579,-0.0005
2026-09-11T17:04:13Z,2026-09-11 17:03:31,SPXW,2026-09-14,C,7000.0,7668.2998,658.3,1.0,677.4,1.0,695.47,0.0,1517.0,0.0,0.9974,0.0,-0.1631,0.0596,0.1911
2026-09-11T17:04:13Z,2026-09-11 17:03:31,SPXW,2026-09-14,P,7000.0,7668.2998,0.15,500.0,0.2,43.0,0.15,206.0,5311.0,0.3524,-0.0025,0.0,-0.163,0.0596,-0.0005
2026-09-11T17:04:13Z,2026-09-11 17:03:31,SPXW,2026-09-14,C,7010.0,7668.2998,648.3,1.0,667.6,1.0,0.0,0.0,0.0,0.0,0.9974,0.0,-0.1665,0.0614,0.1914
2026-09-11T17:04:13Z,2026-09-11 17:03:31,SPXW,2026-09-14,P,7010.0,7668.2998,0.15,502.0,0.25,376.0,0.2,2.0,0.0,0.3519,-0.0026,0.0,-0.1665,0.0614,-0.0005
2026-09-11T17:04:13Z,2026-09-11 17:03:31,SPXW,2026-09-14,C,7020.0,7668.2998,638.3,1.0,657.6,1.0,0.0,0.0,0.0,0.0,0.9973,0.0,-0.1701,0.0633,0.1916
2026-09-11T17:04:13Z,2026-09-11 17:03:31,SPXW,2026-09-14,P,7020.0,7668.2998,0.15,521.0,0.25,362.0,0.0,0.0,0.0,0.3468,-0.0027,0.0,-0.17,0.0633,-0.0006
2026-09-11T17:04:13Z,2026-09-11 17:03:31,SPXW,2026-09-14,C,7025.0,7668.2998,633.3,2.0,652.6,1.0,0.0,0.0,0.0,0.0,0.9972,0.0,-0.1719,0.0643,0.1918
2026-09-11T17:04:13Z,2026-09-11 17:03:31,SPXW,2026-09-14,P,7025.0,7668.2998,0.15,1085.0,0.2,1.0,0.17,10029.0,953.0,0.3399,-0.0028,0.0,-0.1718,0.0642,-0.0006
2026-09-11T17:04:13Z,2026-09-11 17:03:31,SPXW,2026-09-14,C,7030.0,7668.2998,628.3,1.0,647.6,1.0,0.0,0.0,0.0,0.0,0.9972,0.0,-0.1737,0.0652,0.1919
2026-09-11T17:04:13Z,2026-09-11 17:03:31,SPXW,2026-09-14,P,7030.0,7668.2998,0.15,631.0,0.2,1.0,0.15,16.0,7.0,0.3374,-0.0028,0.0,-0.1737,0.0652,-0.0006
2026-09-11T17:04:13Z,2026-09-11 17:03:31,SPXW,2026-09-14,C,7040.0,7668.2998,619.7,1.0,637.6,1.0,0.0,0.0,0.0,0.0,0.9971,0.0,-0.1775,0.0673,0.1921
2026-09-11T17:04:13Z,2026-09-11 17:03:31,SPXW,2026-09-14,P,7040.0,7668.2998,0.15,678.0,0.25,402.0,0.2,84.0,18.0,0.3367,-0.0029,0.0,-0.1774,0.0672,-0.0006
2026-09-11T17:04:13Z,2026-09-11 17:03:31,SPXW,2026-09-14,C,7050.0,7668.2998,609.7,1.0,627.6,1.0,661.25,0.0,13.0,0.0,0.997,0.0,-0.1813,0.0694,0.1924
2026-09-11T17:04:13Z,2026-09-11 17:03:31,SPXW,2026-09-14,P,7050.0,7668.2998,0.2,45.0,0.25,307.0,0.2,22.0,1245.0,0.3355,-0.003,0.0,-0.1813,0.0694,-0.0006
2026-09-11T17:04:13Z,2026-09-11 17:03:31,SPXW,2026-09-14,C,7060.0,7668.2998,600.0,1.0,615.6,1.0,0.0,0.0,0.0,0.0,0.9969,0.0,-0.1853,0.0716,0.1926
2026-09-11T17:04:13Z,2026-09-11 17:03:31,SPXW,2026-09-14,P,7060.0,7668.2998,0.2,50.0,0.25,251.0,0.2,17.0,16.0,0.3304,-0.0031,0.0,-0.1853,0.0715,-0.0006
2026-09-11T17:04:13Z,2026-09-11 17:03:31,SPXW,2026-09-14,C,7070.0,7668.2998,589.5,1.0,607.6,1.0,0.0,0.0,0.0,0.0,0.9968,0.0,-0.1894,0.0738,0.1929
2026-09-11T17:04:13Z,2026-09-11 17:03:31,SPXW,2026-09-14,P,7070.0,7668.2998,0.2,161.0,0.25,253.0,0.2,139.0,18.0,0.3253,-0.0032,0.0,-0.1894,0.0738,-0.0006
2026-09-11T17:04:13Z,2026-09-11 17:03:31,SPXW,2026-09-14,C,7075.0,7668.2998,584.6,1.0,600.9,1.0,0.0,0.0,0.0,0.0,0.9967,0.0,-0.1915,0.075,0.193
2026-09-11T17:04:13Z,2026-09-11 17:03:31,SPXW,2026-09-14,P,7075.0,7668.2998,0.2,198.0,0.25,173.0,0.2,24.0,230.0,0.3227,-0.0032,0.0,-0.1914,0.075,-0.0007
2026-09-11T17:04:13Z,2026-09-11 17:03:31,SPXW,2026-09-14,C,7080.0,7668.2998,578.3,1.0,597.1,1.0,514.72,0.0,1.0,0.0,0.9967,0.0,-0.1936,0.0762,0.1931
2026-09-11T17:04:13Z,2026-09-11 17:03:31,SPXW,2026-09-14,P,7080.0,7668.2998,0.2,193.0,0.25,115.0,0.2,32.0,20.0,0.3202,-0.0033,0.0,-0.1936,0.0762,-0.0007
2026-09-11T17:04:13Z,2026-09-11 17:03:31,SPXW,2026-09-14,C,7090.0,7668.2998,568.3,1.0,587.6,1.0,0.0,0.0,0.0,0.0,0.9966,0.0,-0.1979,0.0787,0.1934
2026-09-11T17:04:13Z,2026-09-11 17:03:31,SPXW,2026-09-14,P,7090.0,7668.2998,0.2,204.0,0.25,43.0,0.2,49.0,28.0,0.3151,-0.0034,0.0,-0.1979,0.0786,-0.0007
2026-09-11T17:04:13Z,2026-09-11 17:03:31,SPXW,2026-09-14,C,7100.0,7668.2998,559.5,1.0,577.6,1.0,546.88,0.0,3.0,0.0,0.9964,0.0,-0.2024,0.0812,0.1936
2026-09-11T17:04:13Z,2026-09-11 17:03:31,SPXW,2026-09-14,P,7100.0,7668.2998,0.2,527.0,0.25,43.0,0.21,177.0,3022.0,0.31,-0.0035,0.0,-0.2024,0.0812,-0.0007
2026-09-11T17:04:13Z,2026-09-11 17:03:31,SPXW,2026-09-14,C,7110.0,7668.2998,549.6,1.0,567.7,2.0,0.0,0.0,0.0,0.0,0.9963,0.0,-0.2071,0.0839,0.1939
2026-09-11T17:04:13Z,2026-09-11 17:03:31,SPXW,2026-09-14,P,7110.0,7668.2998,0.2,624.0,0.3,530.0,0.25,58.0,22.0,0.3081,-0.0037,0.0,-0.207,0.0838,-0.0007
2026-09-11T17:04:13Z,2026-09-11 17:03:31,SPXW,2026-09-14,C,7120.0,7668.2998,539.1,1.0,557.7,2.0,0.0,0.0,0.0,0.0,0.9962,0.0,-0.2119,0.0866,0.1941
2026-09-11T17:04:13Z,2026-09-11 17:03:31,SPXW,2026-09-14,P,7120.0,7668.2998,0.2,647.0,0.25,1.0,0.22,33.0,11.0,0.2997,-0.0038,0.0,-0.2118,0.0866,-0.0008
2026-09-11T17:04:13Z,2026-09-11 17:03:31,SPXW,2026-09-14,C,7125.0,7668.2998,534.8,1.0,552.5,1.0,645.08,0.0,5.0,0.0,0.9961,0.0,-0.2143,0.0881,0.1943
2026-09-11T17:04:13Z,2026-09-11 17:03:31,SPXW,2026-09-14,P,7125.0,7668.2998,0.2,819.0,0.3,417.0,0.25,43.0,255.0,0.3004,-0.0039,0.0,-0.2143,0.0881,-0.0008
2026-09-11T17:04:13Z,2026-09-11 17:03:31,SPXW,2026-09-14,C,7130.0,7668.2998,529.1,1.0,547.1,1.0,0.0,0.0,0.0,0.0,0.996,0.0,-0.2168,0.0896,0.1944
2026-09-11T17:04:13Z,2026-09-11 17:03:31,SPXW,2026-09-14,P,7130.0,7668.2998,0.2,853.0,0.3,394.0,0.25,22.0,34.0,0.2978,-0.0039,0.0,-0.2168,0.0895,-0.0008
2026-09-11T17:04:13Z,2026-09-11 17:03:31,SPXW,2026-09-14,C,7140.0,7668.2998,519.9,1.0,537.5,1.0,0.0,0.0,0.0,0.0,0.9959,0.0001,-0.2219,0.0926,0.1946
2026-09-11T17:04:13Z,2026-09-11 17:03:31,SPXW,2026-09-14,P,7140.0,7668.2998,0.25,36.0,0.3,385.0,0.25,63.0,48.0,0.2956,-0.0041,0.0001,-0.2219,0.0926,-0.0008
2026-09-11T17:04:13Z,2026-09-11 17:03:31,SPXW,2026-09-14,C,7145.0,7668.2998,514.8,1.0,532.2,1.0,0.0,0.0,0.0,0.0,0.9958,0.0001,-0.2246,0.0942,0.1948
2026-09-11T17:04:13Z,2026-09-11 17:03:31,SPXW,2026-09-14,P,7145.0,7668.2998,0.25,59.0,0.3,242.0,0.25,46.0,0.0,0.293,-0.0042,0.0001,-0.2245,0.0942,-0.0008
2026-09-11T17:04:13Z,2026-09-11 17:03:31,SPXW,2026-09-14,C,7150.0,7668.2998,508.4,1.0,526.4,1.0,592.34,0.0,4.0,0.0,0.9957,0.0001,-0.2272,0.0958,0.1949
2026-09-11T17:04:13Z,2026-09-11 17:03:31,SPXW,2026-09-14,P,7150.0,7668.2998,0.25,81.0,0.3,251.0,0.25,68.0,533.0,0.2904,-0.0042,0.0001,-0.2272,0.0958,-0.0009
2026-09-11T17:04:13Z,2026-09-11 17:03:31,SPXW,2026-09-14,C,7155.0,7668.2998,504.5,1.0,522.2,1.0,0.0,0.0,0.0,0.0,0.9957,0.0001,-0.2299,0.0974,0.195
2026-09-11T17:04:13Z,2026-09-11 17:03:31,SPXW,2026-09-14,P,7155.0,7668.2998,0.25,88.0,0.3,199.0,0.25,5.0,0.0,0.2878,-0.0043,0.0001,-0.2299,0.0974,-0.0009
2026-09-11T17:04:13Z,2026-09-11 17:03:31,SPXW,2026-09-14,C,7160.0,7668.2998,498.4,1.0,517.5,1.0,0.0,0.0,0.0,0.0,0.9956,0.0001,-0.2327,0.0992,0.1951
2026-09-11T17:04:13Z,2026-09-11 17:03:31,SPXW,2026-09-14,P,7160.0,7668.2998,0.25,209.0,0.3,195.0,0.25,66.0,28.0,0.2852,-0.0044,0.0001,-0.2326,0.0991,-0.0009
2026-09-11T17:04:13Z,2026-09-11 17:03:31,SPXW,2026-09-14,C,7165.0,7668.2998,493.4,1.0,512.2,1.0,0.0,0.0,0.0,0.0,0.9955,0.0001,-0.2355,0.1009,0.1952
2026-09-11T17:04:13Z,2026-09-11 17:03:31,SPXW,2026-09-14,P,7165.0,7668.2998,0.25,210.0,0.3,118.0,0.25,41.0,0.0,0.2826,-0.0045,0.0001,-0.2355,0.1009,-0.0009
2026-09-11T17:04:13Z,2026-09-11 17:03:31,SPXW,2026-09-14,C,7170.0,7668.2998,489.1,1.0,507.7,1.0,0.0,0.0,0.0,0.0,0.9954,0.0001,-0.2384,0.1027,0.1954
2026-09-11T17:04:13Z,2026-09-11 17:03:31,SPXW,2026-09-14,P,7170.0,7668.2998,0.25,423.0,0.3,50.0,0.25,9.0,39.0,0.28,-0.0046,0.0001,-0.2383,0.1027,-0.0009
2026-09-11T17:04:13Z,2026-09-11 17:03:31,SPXW,2026-09-14,C,7175.0,7668.2998,483.4,1.0,501.4,1.0,552.57,0.0,4.0,0.0,0.9953,0.0001,-0.2413,0.1046,0.1955
2026-09-11T17:04:13Z,2026-09-11 17:03:31,SPXW,2026-09-14,P,7175.0,7668.2998,0.25,414.0,0.3,1.0,0.25,35.0,157.0,0.2774,-0.0047,0.0001,-0.2412,0.1045,-0.001
2026-09-11T17:04:13Z,2026-09-11 17:03:31,SPXW,2026-09-14,C,7180.0,7668.2998,478.4,1.0,497.7,1.0,0.0,0.0,0.0,0.0,0.9952,0.0001,-0.2442,0.1064,0.1956
2026-09-11T17:04:13Z,2026-09-11 17:03:31,SPXW,2026-09-14,P,7180.0,7668.2998,0.25,559.0,0.35,461.0,0.3,24.0,49.0,0.2774,-0.0048,0.0001,-0.2442,0.1064,-0.001
2026-09-11T17:04:13Z,2026-09-11 17:03:31,SPXW,2026-09-14,C,7185.0,7668.2998,473.4,1.0,492.7,1.0,0.0,0.0,0.0,0.0,0.9951,0.0001,-0.2473,0.1084,0.1957
2026-09-11T17:04:13Z,2026-09-11 17:03:31,SPXW,2026-09-14,P,7185.0,7668.2998,0.25,550.0,0.35,433.0,0.25,8.0,10.0,0.2747,-0.0048,0.0001,-0.2472,0.1084,-0.001
2026-09-11T17:04:13Z,2026-09-11 17:03:31,SPXW,2026-09-14,C,7190.0,7668.2998,468.4,1.0,487.7,1.0,0.0,0.0,0.0,0.0,0.995,0.0001,-0.2503,0.1104,0.1958
2026-09-11T17:04:13Z,2026-09-11 17:03:31,SPXW,2026-09-14,P,7190.0,7668.2998,0.25,550.0,0.3,1.0,0.25,25.0,42.0,0.2696,-0.0049,0.0001,-0.2503,0.1104,-0.001
2026-09-11T17:04:13Z,2026-09-11 17:03:31,SPXW,2026-09-14,C,7195.0,7668.2998,463.4,1.0,482.7,1.0,0.0,0.0,0.0,0.0,0.9949,0.0001,-0.2535,0.1124,0.1959
2026-09-11T17:04:13Z,2026-09-11 17:03:31,SPXW,2026-09-14,P,7195.0,7668.2998,0.25,576.0,0.35,294.0,0.3,14.0,38.0,0.2695,-0.005,0.0001,-0.2534,0.1124,-0.001
2026-09-11T17:04:13Z,2026-09-11 17:03:31,SPXW,2026-09-14,C,7200.0,7668.2998,458.4,1.0,476.0,1.0,473.49,15.0,20.0,0.0,0.9948,0.0001,-0.2567,0.1145,0.1961
2026-09-11T17:04:13Z,2026-09-11 17:03:31,SPXW,2026-09-14,P,7200.0,7668.2998,0.3,34.0,0.35,320.0,0.3,496.0,1247.0,0.2692,-0.0051,0.0001,-0.2566,0.1145,-0.001
2026-09-11T17:04:13Z,2026-09-11 17:03:31,SPXW,2026-09-14,C,7205.0,7668.2998,453.4,1.0,472.7,1.0,0.0,0.0,0.0,0.0,0.9947,0.0001,-0.2599,0.1167,0.1962
2026-09-11T17:04:13Z,2026-09-11 17:03:31,SPXW,2026-09-14,P,7205.0,7668.2998,0.3,41.0,0.35,309.0,0.3,283.0,19.0,0.2666,-0.0052,0.0001,-0.2599,0.1167,-0.0011
2026-09-11T17:04:13Z,2026-09-11 17:03:31,SPXW,2026-09-14,C,7210.0,7668.2998,448.4,1.0,467.7,1.0,463.04,1.0,0.0,0.0,0.9946,0.0001,-0.2632,0.1189,0.1963
2026-09-11T17:04:13Z,2026-09-11 17:03:31,SPXW,2026-09-14,P,7210.0,7668.2998,0.3,45.0,0.35,240.0,0.3,6.0,226.0,0.2639,-0.0054,0.0001,-0.2632,0.1189,-0.0011
2026-09-11T17:04:13Z,2026-09-11 17:03:31,SPXW,2026-09-14,C,7215.0,7668.2998,443.4,1.0,462.7,1.0,0.0,0.0,0.0,0.0,0.9945,0.0001,-0.2666,0.1212,0.1964
2026-09-11T17:04:13Z,2026-09-11 17:03:31,SPXW,2026-09-14,P,7215.0,7668.2998,0.3,74.0,0.35,202.0,0.3,20.0,62.0,0.2613,-0.0055,0.0001,-0.2666,0.1211,-0.0011
2026-09-11T17:04:13Z,2026-09-11 17:03:31,SPXW,2026-09-14,C,7220.0,7668.2998,438.4,1.0,457.8,2.0,0.0,0.0,0.0,0.0,0.9944,0.0001,-0.2701,0.1235,0.1965
2026-09-11T17:04:13Z,2026-09-11 17:03:31,SPXW,2026-09-14,P,7220.0,7668.2998,0.3,98.0,0.35,185.0,0.3,55.0,173.0,0.2586,-0.0056,0.0001,-0.2701,0.1234,-0.0011
2026-09-11T17:04:13Z,2026-09-11 17:03:31,SPXW,2026-09-14,C,7225.0,7668.2998,433.4,2.0,452.8,2.0,423.8,0.0,1.0,0.0,0.9943,0.0001,-0.2736,0.1259,0.1966
2026-09-11T17:04:13Z,2026-09-11 17:03:31,SPXW,2026-09-14,P,7225.0,7668.2998,0.3,184.0,0.35,176.0,0.3,53.0,159.0,0.256,-0.0057,0.0001,-0.2736,0.1258,-0.0012
2026-09-11T17:04:13Z,2026-09-11 17:03:31,SPXW,2026-09-14,C,7230.0,7668.2998,430.1,1.0,447.6,1.0,446.04,2.0,0.0,0.0,0.9942,0.0001,-0.2773,0.1283,0.1967
2026-09-11T17:04:13Z,2026-09-11 17:03:31,SPXW,2026-09-14,P,7230.0,7668.2998,0.3,338.0,0.35,8.0,0.3,166.0,43.0,0.2534,-0.0058,0.0001,-0.2772,0.1283,-0.0012
2026-09-11T17:04:13Z,2026-09-11 17:03:31,SPXW,2026-09-14,C,7235.0,7668.2998,424.9,1.0,442.6,1.0,0.0,0.0,0.0,0.0,0.994,0.0001,-0.281,0.1308,0.1968
2026-09-11T17:04:13Z,2026-09-11 17:03:31,SPXW,2026-09-14,P,7235.0,7668.2998,0.3,441.0,0.4,542.0,0.3,82.0,9.0,0.2528,-0.0059,0.0001,-0.2809,0.1308,-0.0012
2026-09-11T17:04:13Z,2026-09-11 17:03:31,SPXW,2026-09-14,C,7240.0,7668.2998,420.1,1.0,437.6,1.0,0.0,0.0,0.0,0.0,0.9939,0.0001,-0.2847,0.1334,0.197
2026-09-11T17:04:13Z,2026-09-11 17:03:31,SPXW,2026-09-14,P,7240.0,7668.2998,0.3,395.0,0.35,1.0,0.3,30.0,85.0,0.248,-0.0061,0.0001,-0.2847,0.1333,-0.0012
2026-09-11T17:04:13Z,2026-09-11 17:03:31,SPXW,2026-09-14,C,7245.0,7668.2998,414.7,1.0,432.6,1.0,0.0,0.0,0.0,0.0,0.9938,0.0001,-0.2886,0.136,0.1971
2026-09-11T17:04:13Z,2026-09-11 17:03:31,SPXW,2026-09-14,P,7245.0,7668.2998,0.3,447.0,0.35,8.0,0.3,14.0,17.0,0.2454,-0.0062,0.0001,-0.2885,0.136,-0.0013
2026-09-11T17:04:13Z,2026-09-11 17:03:31,SPXW,2026-09-14,C,7250.0,7668.2998,409.9,1.0,427.6,1.0,423.34,15.0,16.0,0.0,0.9936,0.0001,-0.2925,0.1387,0.1972
2026-09-11T17:04:13Z,2026-09-11 17:03:31,SPXW,2026-09-14,P,7250.0,7668.2998,0.3,473.0,0.4,387.0,0.35,62.0,1348.0,0.2448,-0.0063,0.0001,-0.2925,0.1387,-0.0013
2026-09-11T17:04:13Z,2026-09-11 17:03:31,SPXW,2026-09-14,C,7255.0,7668.2998,403.5,1.0,422.3,1.0,0.0,0.0,0.0,0.0,0.9935,0.0001,-0.2966,0.1415,0.1973
2026-09-11T17:04:13Z,2026-09-11 17:03:31,SPXW,2026-09-14,P,7255.0,7668.2998,0.35,32.0,0.4,379.0,0.35,119.0,13.0,0.244,-0.0065,0.0001,-0.2965,0.1415,-0.0013
2026-09-11T17:04:13Z,2026-09-11 17:03:31,SPXW,2026-09-14,C,7260.0,7668.2998,398.5,1.0,417.6,1.0,0.0,0.0,0.0,0.0,0.9934,0.0001,-0.3007,0.1444,0.1974
2026-09-11T17:04:13Z,2026-09-11 17:03:31,SPXW,2026-09-14,P,7260.0,7668.2998,0.35,33.0,0.4,252.0,0.35,46.0,71.0,0.2414,-0.0066,0.0001,-0.3006,0.1443,-0.0014
2026-09-11T17:04:13Z,2026-09-11 17:03:31,SPXW,2026-09-14,C,7265.0,7668.2998,393.5,1.0,412.7,1.0,0.0,0.0,0.0,0.0,0.9932,0.0001,-0.3049,0.1473,0.1975
2026-09-11T17:04:13Z,2026-09-11 17:03:31,SPXW,2026-09-14,P,7265.0,7668.2998,0.35,56.0,0.4,240.0,0.35,61.0,69.0,0.2387,-0.0068,0.0001,-0.3048,0.1473,-0.0014
2026-09-11T17:04:13Z,2026-09-11 17:03:31,SPXW,2026-09-14,C,7270.0,7668.2998,388.5,1.0,407.8,1.0,0.0,0.0,0.0,0.0,0.993,0.0001,-0.3092,0.1504,0.1976
2026-09-11T17:04:13Z,2026-09-11 17:03:31,SPXW,2026-09-14,P,7270.0,7668.2998,0.35,146.0,0.4,169.0,0.35,6.0,182.0,0.236,-0.0069,0.0001,-0.3091,0.1504,-0.0014
2026-09-11T17:04:13Z,2026-09-11 17:03:31,SPXW,2026-09-14,C,7275.0,7668.2998,383.5,1.0,402.8,1.0,268.5,0.0,3.0,0.0,0.9929,0.0001,-0.3136,0.1536,0.1977
2026-09-11T17:04:13Z,2026-09-11 17:03:31,SPXW,2026-09-14,P,7275.0,7668.2998,0.35,241.0,0.4,202.0,0.35,1133.0,3240.0,0.2333,-0.0071,0.0001,-0.3135,0.1535,-0.0014
2026-09-11T17:04:13Z,2026-09-11 17:03:31,SPXW,2026-09-14,C,7280.0,7668.2998,378.5,1.0,397.8,1.0,0.0,0.0,0.0,0.0,0.9927,0.0001,-0.3181,0.1568,0.1978
2026-09-11T17:04:13Z,2026-09-11 17:03:31,SPXW,2026-09-14,P,7280.0,7668.2998,0.35,266.0,0.45,464.0,0.35,205.0,210.0,0.2324,-0.0073,0.0001,-0.3181,0.1568,-0.0015
2026-09-11T17:04:13Z,2026-09-11 17:03:31,SPXW,2026-09-14,C,7285.0,7668.2998,373.5,1.0,392.8,1.0,0.0,0.0,0.0,0.0,0.9925,0.0001,-0.3228,0.1602,0.1979
2026-09-11T17:04:13Z,2026-09-11 17:03:31,SPXW,2026-09-14,P,7285.0,7668.2998,0.35,333.0,0.45,353.0,0.35,44.0,110.0,0.2296,-0.0074,0.0001,-0.3227,0.1601,-0.0015
2026-09-11T17:04:13Z,2026-09-11 17:03:31,SPXW,2026-09-14,C,7290.0,7668.2998,369.8,1.0,387.8,1.0,0.0,0.0,0.0,0.0,0.9924,0.0001,-0.3275,0.1637,0.198
2026-09-11T17:04:13Z,2026-09-11 17:03:31,SPXW,2026-09-14,P,7290.0,7668.2998,0.35,398.0,0.45,322.0,0.35,73.0,295.0,0.2269,-0.0076,0.0001,-0.3274,0.1636,-0.0016
2026-09-11T17:04:13Z,2026-09-11 17:03:31,SPXW,2026-09-14,C,7295.0,7668.2998,365.0,1.0,382.8,1.0,0.0,0.0,0.0,0.0,0.9922,0.0001,-0.3323,0.1673,0.1981
2026-09-11T17:04:13Z,2026-09-11 17:03:31,SPXW,2026-09-14,P,7295.0,7668.2998,0.35,385.0,0.45,285.0,0.4,35.0,44.0,0.2242,-0.0078,0.0001,-0.3322,0.1672,-0.0016
2026-09-11T17:04:13Z,2026-09-11 17:03:31,SPXW,2026-09-14,C,7300.0,7668.2998,360.0,1.0,377.9,2.0,376.25,0.0,14.0,0.0,0.992,0.0001,-0.3373,0.171,0.1982
2026-09-11T17:04:13Z,2026-09-11 17:03:31,SPXW,2026-09-14,P,7300.0,7668.2998,0.35,398.0,0.45,280.0,0.42,1023.0,4173.0,0.2215,-0.008,0.0001,-0.3372,0.1709,-0.0016
2026-09-11T17:04:13Z,2026-09-11 17:03:31,SPXW,2026-09-14,C,7305.0,7668.2998,354.0,1.0,372.3,1.0,290.93,0.0,5.0,0.0,0.9918,0.0001,-0.3424,0.1749,0.1983
2026-09-11T17:04:13Z,2026-09-11 17:03:31,SPXW,2026-09-14,P,7305.0,7668.2998,0.4,69.0,0.45,220.0,0.4,34.0,107.0,0.2204,-0.0082,0.0001,-0.3423,0.1748,-0.0017
2026-09-11T17:04:13Z,2026-09-11 17:03:31,SPXW,2026-09-14,C,7310.0,7668.2998,348.5,1.0,367.7,1.0,335.8,0.0,30.0,0.0,0.9916,0.0001,-0.3476,0.1788,0.1984
2026-09-11T17:04:13Z,2026-09-11 17:03:31,SPXW,2026-09-14,P,7310.0,7668.2998,0.4,149.0,0.45,224.0,0.4,151.0,224.0,0.2177,-0.0084,0.0001,-0.3475,0.1788,-0.0017
2026-09-11T17:04:13Z,2026-09-11 17:03:31,SPXW,2026-09-14,C,7315.0,7668.2998,345.2,1.0,362.7,1.0,0.0,0.0,0.0,0.0,0.9914,0.0001,-0.353,0.1829,0.1985
2026-09-11T17:04:13Z,2026-09-11 17:03:31,SPXW,2026-09-14,P,7315.0,7668.2998,0.4,213.0,0.45,55.0,0.4,20.0,32.0,0.2149,-0.0086,0.0001,-0.3529,0.1829,-0.0018
2026-09-11T17:04:13Z,2026-09-11 17:03:31,SPXW,2026-09-14,C,7320.0,7668.2998,340.2,1.0,357.7,1.0,0.0,0.0,0.0,0.0,0.9912,0.0002,-0.3585,0.1872,0.1986
2026-09-11T17:04:13Z,2026-09-11 17:03:31,SPXW,2026-09-14,P,7320.0,7668.2998,0.4,360.0,0.5,470.0,0.4,65.0,80.0,0.2137,-0.0088,0.0002,-0.3584,0.1871,-0.0018
2026-09-11T17:04:13Z,2026-09-11 17:03:31,SPXW,2026-09-14,C,7325.0,7668.2998,335.0,1.0,352.7,1.0,347.79,1.0,18.0,0.0,0.9909,0.0002,-0.3641,0.1916,0.1987
2026-09-11T17:04:13Z,2026-09-11 17:03:31,SPXW,2026-09-14,P,7325.0,7668.2998,0.4,335.0,0.5,485.0,0.44,7536.0,410.0,0.2109,-0.0091,0.0002,-0.364,0.1915,-0.0018
2026-09-11T17:04:13Z,2026-09-11 17:03:31,SPXW,2026-09-14,C,7330.0,7668.2998,329.8,1.0,347.8,1.0,404.23,0.0,1.0,0.0,0.9907,0.0002,-0.37,0.1961,0.1988
2026-09-11T17:04:13Z,2026-09-11 17:03:31,SPXW,2026-09-14,P,7330.0,7668.2998,0.4,453.0,0.5,392.0,0.4,93.0,170.0,0.2082,-0.0093,0.0002,-0.3698,0.196,-0.0019
2026-09-11T17:04:13Z,2026-09-11 17:03:31,SPXW,2026-09-14,C,7335.0,7668.2998,323.6,1.0,341.2,1.0,0.0,0.0,0.0,0.0,0.9904,0.0002,-0.3759,0.2007,0.1988
2026-09-11T17:04:13Z,2026-09-11 17:03:31,SPXW,2026-09-14,P,7335.0,7668.2998,0.4,469.0,0.5,337.0,0.45,90.0,78.0,0.2054,-0.0095,0.0002,-0.3758,0.2006,-0.002
2026-09-11T17:04:13Z,2026-09-11 17:03:31,SPXW,2026-09-14,C,7340.0,7668.2998,318.6,1.0,337.9,1.0,0.0,0.0,0.0,0.0,0.9902,0.0002,-0.3821,0.2056,0.1989
2026-09-11T17:04:13Z,2026-09-11 17:03:31,SPXW,2026-09-14,P,7340.0,7668.2998,0.45,36.0,0.5,211.0,0.47,4401.0,360.0,0.204,-0.0098,0.0002,-0.382,0.2055,-0.002
2026-09-11T17:04:13Z,2026-09-11 17:03:31,SPXW,2026-09-14,C,7345.0,7668.2998,314.1,1.0,332.9,1.0,0.0,0.0,0.0,0.0,0.9899,0.0002,-0.3884,0.2106,0.199
2026-09-11T17:04:13Z,2026-09-11 17:03:31,SPXW,2026-09-14,P,7345.0,7668.2998,0.45,173.0,0.5,213.0,0.45,38.0,162.0,0.2013,-0.0101,0.0002,-0.3883,0.2105,-0.0021
2026-09-11T17:04:13Z,2026-09-11 17:03:31,SPXW,2026-09-14,C,7350.0,7668.2998,308.6,1.0,327.2,1.0,320.33,3.0,8.0,0.0,0.9896,0.0002,-0.395,0.2157,0.1991
2026-09-11T17:04:13Z,2026-09-11 17:03:31,SPXW,2026-09-14,P,7350.0,7668.2998,0.45,213.0,0.5,8.0,0.51,1689.0,1096.0,0.1985,-0.0103,0.0002,-0.3949,0.2156,-0.0021
2026-09-11T17:04:13Z,2026-09-11 17:03:31,SPXW,2026-09-14,C,7355.0,7668.2998,305.2,1.0,323.0,2.0,0.0,0.0,0.0,0.0,0.9893,0.0002,-0.4017,0.2211,0.1992
2026-09-11T17:04:13Z,2026-09-11 17:03:31,SPXW,2026-09-14,P,7355.0,7668.2998,0.45,269.0,0.55,355.0,0.5,37.0,118.0,0.197,-0.0106,0.0002,-0.4016,0.221,-0.0022
2026-09-11T17:04:13Z,2026-09-11 17:03:31,SPXW,2026-09-14,C,7360.0,7668.2998,299.9,1.0,318.0,2.0,302.47,3.0,4.0,0.0,0.989,0.0002,-0.4087,0.2267,0.1992
2026-09-11T17:04:13Z,2026-09-11 17:03:31,SPXW,2026-09-14,P,7360.0,7668.2998,0.45,362.0,0.55,287.0,0.48,938.0,171.0,0.1942,-0.0109,0.0002,-0.4086,0.2266,-0.0022
2026-09-11T17:04:13Z,2026-09-11 17:03:31,SPXW,2026-09-14,C,7365.0,7668.2998,293.6,1.0,312.8,1.0,0.0,0.0,0.0,0.0,0.9887,0.0002,-0.4159,0.2325,0.1993
2026-09-11T17:04:13Z,2026-09-11 17:03:31,SPXW,2026-09-14,P,7365.0,7668.2998,0.45,359.0,0.55,270.0,0.5,84.0,146.0,0.1914,-0.0112,0.0002,-0.4158,0.2324,-0.0023
2026-09-11T17:04:13Z,2026-09-11 17:03:31,SPXW,2026-09-14,C,7370.0,7668.2998,289.9,1.0,307.8,1.0,301.53,2.0,1.0,0.0,0.9884,0.0002,-0.4233,0.2386,0.1994
2026-09-11T17:04:13Z,2026-09-11 17:03:31,SPXW,2026-09-14,P,7370.0,7668.2998,0.5,65.0,0.55,235.0,0.5,77.0,302.0,0.1898,-0.0116,0.0002,-0.4232,0.2384,-0.0024
2026-09-11T17:04:13Z,2026-09-11 17:03:31,SPXW,2026-09-14,C,7375.0,7668.2998,285.3,1.0,302.3,1.0,0.0,0.0,0.0,0.0,0.988,0.0002,-0.431,0.2449,0.1994
2026-09-11T17:04:13Z,2026-09-11 17:03:31,SPXW,2026-09-14,P,7375.0,7668.2998,0.5,159.0,0.55,82.0,0.5,2044.0,1468.0,0.187,-0.0119,0.0002,-0.4309,0.2448,-0.0024
2026-09-11T17:04:13Z,2026-09-11 17:03:31,SPXW,2026-09-14,C,7380.0,7668.2998,279.9,1.0,297.9,1.0,286.16,1.0,0.0,0.0,0.9877,0.0002,-0.439,0.2515,0.1995
2026-09-11T17:04:13Z,2026-09-11 17:03:31,SPXW,2026-09-14,P,7380.0,7668.2998,0.5,246.0,0.55,8.0,0.5,84.0,248.0,0.1841,-0.0123,0.0002,-0.4388,0.2514,-0.0025
2026-09-11T17:04:13Z,2026-09-11 17:03:31,SPXW,2026-09-14,C,7385.0,7668.2998,273.6,2.0,292.9,1.0,272.8,0.0,0.0,0.0,0.9873,0.0002,-0.4472,0.2584,0.1996
2026-09-11T17:04:13Z,2026-09-11 17:03:31,SPXW,2026-09-14,P,7385.0,7668.2998,0.5,388.0,0.6,298.0,0.6,65.0,74.0,0.1824,-0.0127,0.0002,-0.4471,0.2583,-0.0026
2026-09-11T17:04:13Z,2026-09-11 17:03:31,SPXW,2026-09-14,C,7390.0,7668.2998,268.8,1.0,288.0,1.0,268.46,3.0,1.0,0.0,0.9869,0.0003,-0.4558,0.2656,0.1996
2026-09-11T17:04:13Z,2026-09-11 17:03:31,SPXW,2026-09-14,P,7390.0,7668.2998,0.5,346.0,0.6,266.0,0.55,166.0,624.0,0.1796,-0.0131,0.0003,-0.4556,0.2655,-0.0027
2026-09-11T17:04:13Z,2026-09-11 17:03:31,SPXW,2026-09-14,C,7395.0,7668.2998,265.1,1.0,283.0,1.0,0.0,0.0,0.0,0.0,0.9865,0.0003,-0.4647,0.2731,0.1997
2026-09-11T17:04:13Z,2026-09-11 17:03:31,SPXW,2026-09-14,P,7395.0,7668.2998,0.55,163.0,0.6,181.0,0.6,129.0,141.0,0.1778,-0.0135,0.0003,-0.4645,0.273,-0.0028
2026-09-11T17:04:13Z,2026-09-11 17:03:31,SPXW,2026-09-14,C,7400.0,7668.2998,260.0,1.0,278.1,2.0,269.17,19.0,30.0,0.0,0.986,0.0003,-0.474,0.281,0.1997
2026-09-11T17:04:13Z,2026-09-11 17:03:31,SPXW,2026-09-14,P,7400.0,7668.2998,0.55,194.0,0.65,450.0,0.57,2769.0,1344.0,0.176,-0.0139,0.0003,-0.4738,0.2808,-0.0028
2026-09-11T17:04:13Z,2026-09-11 17:03:31,SPXW,2026-09-14,C,7405.0,7668.2998,253.7,1.0,271.7,1.0,197.25,0.0,5.0,0.0,0.9856,0.0003,-0.4836,0.2892,0.1998
2026-09-11T17:04:13Z,2026-09-11 17:03:31,SPXW,2026-09-14,P,7405.0,7668.2998,0.55,256.0,0.65,331.0,0.6,101.0,117.0,0.1731,-0.0144,0.0003,-0.4834,0.289,-0.003
2026-09-11T17:04:13Z,2026-09-11 17:03:31,SPXW,2026-09-14,C,7410.0,7668.2998,250.4,1.0,267.9,1.0,244.32,0.0,30.0,0.0,0.9851,0.0003,-0.4937,0.2977,0.1998
2026-09-11T17:04:13Z,2026-09-11 17:03:31,SPXW,2026-09-14,P,7410.0,7668.2998,0.55,397.0,0.65,243.0,0.6,229.0,235.0,0.1702,-0.0149,0.0003,-0.4936,0.2976,-0.0031
2026-09-11T17:04:13Z,2026-09-11 17:03:31,SPXW,2026-09-14,C,7415.0,7668.2998,243.7,2.0,263.0,1.0,0.0,0.0,0.0,0.0,0.9846,0.0003,-0.5043,0.3067,0.1998
2026-09-11T17:04:13Z,2026-09-11 17:03:31,SPXW,2026-09-14,P,7415.0,7668.2998,0.6,161.0,0.65,139.0,0.6,85.0,260.0,0.1682,-0.0154,0.0003,-0.5042,0.3065,-0.0032
2026-09-11T17:04:13Z,2026-09-11 17:03:31,SPXW,2026-09-14,C,7420.0,7668.2998,238.8,1.0,258.0,1.0,251.59,2.0,5.0,0.0,0.984,0.0003,-0.5155,0.3161,0.1998
2026-09-11T17:04:13Z,2026-09-11 17:03:31,SPXW,2026-09-14,P,7420.0,7668.2998,0.6,195.0,0.65,12.0,0.65,338.0,443.0,0.1653,-0.016,0.0003,-0.5153,0.3159,-0.0033
2026-09-11T17:04:13Z,2026-09-11 17:03:31,SPXW,2026-09-14,C,7425.0,7668.2998,233.9,1.0,252.4,1.0,244.22,2.0,34.0,0.0,0.9834,0.0004,-0.5272,0.326,0.1999
2026-09-11T17:04:13Z,2026-09-11 17:03:31,SPXW,2026-09-14,P,7425.0,7668.2998,0.6,397.0,0.7,274.0,0.7,7857.0,736.0,0.1633,-0.0165,0.0004,-0.527,0.3258,-0.0034
2026-09-11T17:04:13Z,2026-09-11 17:03:31,SPXW,2026-09-14,C,7430.0,7668.2998,230.3,1.0,248.0,1.0,244.12,4.0,5.0,0.0,0.9828,0.0004,-0.5396,0.3365,0.1999
2026-09-11T17:04:13Z,2026-09-11 17:03:31,SPXW,2026-09-14,P,7430.0,7668.2998,0.65,81.0,0.7,130.0,0.67,114.0,455.0,0.1613,-0.0172,0.0004,-0.5393,0.3363,-0.0035
2026-09-11T17:04:13Z,2026-09-11 17:03:31,SPXW,2026-09-14,C,7435.0,7668.2998,225.4,1.0,240.7,1.0,0.0,0.0,0.0,0.0,0.9822,0.0004,-0.5526,0.3475,0.1999
2026-09-11T17:04:13Z,2026-09-11 17:03:31,SPXW,2026-09-14,P,7435.0,7668.2998,0.65,215.0,0.75,252.0,0.75,501.0,163.0,0.1591,-0.0178,0.0004,-0.5526,0.3475,-0.0037
2026-09-11T17:04:13Z,2026-09-11 17:03:31,SPXW,2026-09-14,C,7440.0,7668.2998,218.8,1.0,238.1,1.0,0.0,0.0,0.0,0.0,0.9814,0.0004,-0.5664,0.3592,0.1999
2026-09-11T17:04:13Z,2026-09-11 17:03:31,SPXW,2026-09-14,P,7440.0,7668.2998,0.7,77.0,0.75,168.0,0.72,4453.0,1492.0,0.1562,-0.0185,0.0004,-0.5662,0.359,-0.0038
2026-09-11T17:04:13Z,2026-09-11 17:03:31,SPXW,2026-09-14,C,7445.0,7668.2998,213.8,1.0,231.9,1.0,0.0,0.0,0.0,0.0,0.9807,0.0004,-0.5811,0.3717,0.1998
2026-09-11T17:04:13Z,2026-09-11 17:03:31,SPXW,2026-09-14,P,7445.0,7668.2998,0.7,189.0,0.75,8.0,0.7,132.0,266.0,0.154,-0.0193,0.0004,-0.5808,0.3714,-0.004
2026-09-11T17:04:13Z,2026-09-11 17:03:31,SPXW,2026-09-14,C,7450.0,7668.2998,208.9,1.0,227.6,1.0,217.33,6.0,21.0,0.0,0.9799,0.0004,-0.5968,0.3849,0.1998
2026-09-11T17:04:13Z,2026-09-11 17:03:31,SPXW,2026-09-14,P,7450.0,7668.2998,0.7,401.0,0.8,214.0,0.75,1896.0,976.0,0.1518,-0.0201,0.0004,-0.5965,0.3847,-0.0041
2026-09-11T17:04:13Z,2026-09-11 17:03:31,SPXW,2026-09-14,C,7455.0,7668.2998,208.1,1.0,222.0,1.0,256.66,0.0,2.0,0.1528,0.979,0.0005,-0.6135,0.399,0.1998
2026-09-11T17:04:13Z,2026-09-11 17:03:31,SPXW,2026-09-14,P,7455.0,7668.2998,0.75,179.0,0.8,9.0,0.78,236.0,427.0,0.1496,-0.0209,0.0005,-0.6131,0.3987,-0.0043
2026-09-11T17:04:13Z,2026-09-11 17:03:31,SPXW,2026-09-14,C,7460.0,7668.2998,203.3,1.0,217.1,1.0,211.78,7.0,1.0,0.1534,0.9781,0.0005,-0.6313,0.414,0.1997
2026-09-11T17:04:13Z,2026-09-11 17:03:31,SPXW,2026-09-14,P,7460.0,7668.2998,0.8,56.0,0.85,159.0,0.83,1297.0,869.0,0.1473,-0.0219,0.0005,-0.631,0.4137,-0.0045
2026-09-11T17:04:13Z,2026-09-11 17:03:31,SPXW,2026-09-14,C,7465.0,7668.2998,198.7,1.0,212.0,1.0,200.47,1.0,0.0,0.1537,0.9771,0.0005,-0.6505,0.4299,0.1996
2026-09-11T17:04:13Z,2026-09-11 17:03:31,SPXW,2026-09-14,P,7465.0,7668.2998,0.8,221.0,0.9,242.0,0.92,277.0,1188.0,0.1455,-0.0229,0.0005,-0.6505,0.4299,-0.0047
2026-09-11T17:04:13Z,2026-09-11 17:03:31,SPXW,2026-09-14,C,7470.0,7668.2998,195.9,1.0,203.8,1.0,204.31,2.0,2.0,0.1332,0.976,0.0006,-0.6712,0.4468,0.1996
2026-09-11T17:04:13Z,2026-09-11 17:03:31,SPXW,2026-09-14,P,7470.0,7668.2998,0.85,75.0,0.9,18.0,0.9,271.0,428.0,0.1432,-0.024,0.0006,-0.6708,0.4465,-0.0049
2026-09-11T17:04:13Z,2026-09-11 17:03:31,SPXW,2026-09-14,C,7475.0,7668.2998,191.5,16.0,198.5,16.0,192.55,1.0,42.0,0.1391,0.9748,0.0006,-0.6935,0.465,0.1994
2026-09-11T17:04:13Z,2026-09-11 17:03:31,SPXW,2026-09-14,P,7475.0,7668.2998,0.85,347.0,0.95,163.0,0.93,1842.0,672.0,0.1407,-0.0251,0.0006,-0.693,0.4646,-0.0052
2026-09-11T17:04:13Z,2026-09-11 17:03:31,SPXW,2026-09-14,C,7480.0,7668.2998,186.8,16.0,194.0,16.0,192.38,8.0,35.0,0.1451,0.9735,0.0006,-0.7176,0.4844,0.1993
2026-09-11T17:04:13Z,2026-09-11 17:03:31,SPXW,2026-09-14,P,7480.0,7668.2998,0.9,239.0,1.0,227.0,0.94,482.0,373.0,0.1388,-0.0264,0.0006,-0.7171,0.484,-0.0054
2026-09-11T17:04:13Z,2026-09-11 17:03:31,SPXW,2026-09-14,C,7485.0,7668.2998,181.8,16.0,188.9,16.0,182.85,1.0,3.0,0.1408,0.9721,0.0006,-0.7438,0.5054,0.1992
2026-09-11T17:04:13Z,2026-09-11 17:03:31,SPXW,2026-09-14,P,7485.0,7668.2998,0.95,168.0,1.0,1.0,0.97,284.0,170.0,0.1368,-0.0278,0.0006,-0.7438,0.5054,-0.0057
2026-09-11T17:04:13Z,2026-09-11 17:03:31,SPXW,2026-09-14,C,7490.0,7668.2998,176.6,16.0,184.1,16.0,177.73,3.0,18.0,0.1376,0.9706,0.0007,-0.7722,0.528,0.199
2026-09-11T17:04:13Z,2026-09-11 17:03:31,SPXW,2026-09-14,P,7490.0,7668.2998,1.0,179.0,1.1,229.0,1.04,714.0,567.0,0.1348,-0.0294,0.0007,-0.7722,0.528,-0.006
2026-09-11T17:04:13Z,2026-09-11 17:03:31,SPXW,2026-09-14,C,7495.0,7668.2998,172.0,16.0,179.1,16.0,166.03,1.0,2.0,0.1381,0.9689,0.0007,-0.803,0.5524,0.1988
2026-09-11T17:04:13Z,2026-09-11 17:03:31,SPXW,2026-09-14,P,7495.0,7668.2998,1.05,186.0,1.15,207.0,1.2,297.0,280.0,0.1326,-0.031,0.0007,-0.803,0.5524,-0.0064
2026-09-11T17:04:13Z,2026-09-11 17:03:31,SPXW,2026-09-14,C,7500.0,7668.2998,168.7,7.0,171.6,7.0,166.58,7.0,140.0,0.1321,0.9671,0.0008,-0.8366,0.5787,0.1985
2026-09-11T17:04:13Z,2026-09-11 17:03:31,SPXW,2026-09-14,P,7500.0,7668.2998,1.1,209.0,1.2,161.0,1.1,1906.0,7118.0,0.1304,-0.0329,0.0008,-0.8366,0.5787,-0.0068
2026-09-11T17:04:13Z,2026-09-11 17:03:31,SPXW,2026-09-14,C,7505.0,7668.2998,162.0,16.0,169.2,16.0,157.22,1.0,1.0,0.1324,0.9651,0.0008,-0.8731,0.6069,0.1982
2026-09-11T17:04:13Z,2026-09-11 17:03:31,SPXW,2026-09-14,P,7505.0,7668.2998,1.2,43.0,1.25,21.0,1.25,287.0,279.0,0.1281,-0.0349,0.0008,-0.8731,0.6069,-0.0072
2026-09-11T17:04:13Z,2026-09-11 17:03:31,SPXW,2026-09-14,C,7510.0,7668.2998,156.8,16.0,164.3,16.0,164.55,25.0,43.0,0.1282,0.9629,0.0009,-0.9129,0.6373,0.1979
2026-09-11T17:04:13Z,2026-09-11 17:03:31,SPXW,2026-09-14,P,7510.0,7668.2998,1.25,133.0,1.35,197.0,1.3,603.0,328.0,0.1262,-0.0371,0.0009,-0.9129,0.6373,-0.0077
2026-09-11T17:04:13Z,2026-09-11 17:03:31,SPXW,2026-09-14,C,7515.0,7668.2998,152.3,16.0,159.2,16.0,97.06,0.0,18.0,0.128,0.9604,0.001,-0.9564,0.67,0.1975
2026-09-11T17:04:13Z,2026-09-11 17:03:31,SPXW,2026-09-14,P,7515.0,7668.2998,1.35,31.0,1.4,23.0,1.65,412.0,335.0,0.1242,-0.0396,0.001,-0.9564,0.67,-0.0082
2026-09-11T17:04:13Z,2026-09-11 17:03:31,SPXW,2026-09-14,C,7520.0,7668.2998,147.0,16.0,154.4,16.0,146.93,13.0,24.0,0.1238,0.9577,0.001,-1.0038,0.7054,0.1971
2026-09-11T17:04:13Z,2026-09-11 17:03:31,SPXW,2026-09-14,P,7520.0,7668.2998,1.4,158.0,1.5,87.0,1.45,460.0,539.0,0.1225,-0.0422,0.001,-1.0038,0.7054,-0.0087
2026-09-11T17:04:13Z,2026-09-11 17:03:31,SPXW,2026-09-14,C,7525.0,7668.2998,142.1,16.0,149.5,16.0,144.59,29.0,33.0,0.1219,0.9548,0.0011,-1.0553,0.7439,0.1966
2026-09-11T17:04:13Z,2026-09-11 17:03:31,SPXW,2026-09-14,P,7525.0,7668.2998,1.5,159.0,1.6,83.0,1.54,2427.0,3459.0,0.1207,-0.0452,0.0011,-1.0553,0.7439,-0.0094
2026-09-11T17:04:13Z,2026-09-11 17:03:31,SPXW,2026-09-14,C,7530.0,7668.2998,137.5,16.0,144.5,16.0,140.4,28.0,10.0,0.1213,0.9515,0.0012,-1.1113,0.7853,0.1961
2026-09-11T17:04:13Z,2026-09-11 17:03:31,SPXW,2026-09-14,P,7530.0,7668.2998,1.65,25.0,1.7,64.0,1.65,772.0,1866.0,0.1184,-0.0485,0.0012,-1.1113,0.7853,-0.01
2026-09-11T17:04:13Z,2026-09-11 17:03:31,SPXW,2026-09-14,C,7535.0,7668.2998,132.3,16.0,139.7,16.0,124.97,3.0,10.0,0.1177,0.9479,0.0013,-1.1722,0.8297,0.1955
2026-09-11T17:04:13Z,2026-09-11 17:03:31,SPXW,2026-09-14,P,7535.0,7668.2998,1.75,66.0,1.85,180.0,1.76,467.0,1507.0,0.117,-0.0521,0.0013,-1.1722,0.8297,-0.0108
2026-09-11T17:04:13Z,2026-09-11 17:03:31,SPXW,2026-09-14,C,7540.0,7668.2998,127.8,16.0,134.9,16.0,78.58,0.0,25.0,0.1185,0.9438,0.0014,-1.2383,0.8773,0.1948
2026-09-11T17:04:13Z,2026-09-11 17:03:31,SPXW,2026-09-14,P,7540.0,7668.2998,1.9,50.0,1.95,47.0,1.9,1063.0,1081.0,0.1151,-0.0561,0.0014,-1.2383,0.8773,-0.0116
2026-09-11T17:04:13Z,2026-09-11 17:03:31,SPXW,2026-09-14,C,7545.0,7668.2998,122.7,16.0,129.8,16.0,123.87,7.0,21.0,0.1137,0.9394,0.0015,-1.3099,0.9284,0.194
2026-09-11T17:04:13Z,2026-09-11 17:03:31,SPXW,2026-09-14,P,7545.0,7668.2998,2.05,50.0,2.1,38.0,2.18,2393.0,1520.0,0.1133,-0.0606,0.0015,-1.3099,0.9284,-0.0126
2026-09-11T17:04:13Z,2026-09-11 17:03:31,SPXW,2026-09-14,C,7550.0,7668.2998,117.9,16.0,124.7,16.0,121.98,13.0,60.0,0.1106,0.9345,0.0016,-1.3872,0.9836,0.1931
2026-09-11T17:04:13Z,2026-09-11 17:03:31,SPXW,2026-09-14,P,7550.0,7668.2998,2.2,93.0,2.3,135.0,2.2,3580.0,731.0,0.1117,-0.0654,0.0016,-1.3872,0.9836,-0.0136
2026-09-11T17:04:13Z,2026-09-11 17:03:31,SPXW,2026-09-14,C,7555.0,7668.2998,113.1,16.0,120.3,16.0,113.9,16.0,33.0,0.1112,0.9291,0.0017,-1.4704,1.0428,0.1921
2026-09-11T17:04:13Z,2026-09-11 17:03:31,SPXW,2026-09-14,P,7555.0,7668.2998,2.4,53.0,2.45,27.0,2.4,1095.0,303.0,0.1099,-0.0709,0.0017,-1.4704,1.0428,-0.0147
2026-09-11T17:04:13Z,2026-09-11 17:03:31,SPXW,2026-09-14,C,7560.0,7668.2998,108.3,16.0,115.3,16.0,109.12,13.0,59.0,0.1084,0.9231,0.0019,-1.5598,1.1056,0.191
2026-09-11T17:04:13Z,2026-09-11 17:03:31,SPXW,2026-09-14,P,7560.0,7668.2998,2.6,56.0,2.7,135.0,2.62,1364.0,268.0,0.1084,-0.0768,0.0019,-1.5598,1.1056,-0.016
2026-09-11T17:04:13Z,2026-09-11 17:03:31,SPXW,2026-09-14,C,7565.0,7668.2998,103.8,16.0,110.7,16.0,103.14,8.0,68.0,0.1088,0.9165,0.002,-1.6556,1.1722,0.1897
2026-09-11T17:04:13Z,2026-09-11 17:03:31,SPXW,2026-09-14,P,7565.0,7668.2998,2.8,141.0,2.9,68.0,2.85,721.0,381.0,0.1067,-0.0834,0.002,-1.6556,1.1722,-0.0174
2026-09-11T17:04:13Z,2026-09-11 17:03:31,SPXW,2026-09-14,C,7570.0,7668.2998,99.1,16.0,105.5,16.0,98.72,62.0,38.0,0.1052,0.9092,0.0022,-1.7578,1.2434,0.1884
2026-09-11T17:04:13Z,2026-09-11 17:03:31,SPXW,2026-09-14,P,7570.0,7668.2998,3.1,10.0,3.2,126.0,3.1,764.0,471.0,0.105,-0.0907,0.0022,-1.7578,1.2434,-0.0189
2026-09-11T17:04:13Z,2026-09-11 17:03:31,SPXW,2026-09-14,C,7575.0,7668.2998,96.8,4.0,98.3,11.0,93.74,27.0,263.0,0.105,0.9012,0.0024,-1.8664,1.3191,0.1868
2026-09-11T17:04:13Z,2026-09-11 17:03:31,SPXW,2026-09-14,P,7575.0,7668.2998,3.3,178.0,3.5,129.0,3.7,886.0,1392.0,0.1035,-0.0988,0.0024,-1.8664,1.3191,-0.0206
2026-09-11T17:04:13Z,2026-09-11 17:03:31,SPXW,2026-09-14,C,7580.0,7668.2998,92.1,4.0,93.5,5.0,90.11,35.0,79.0,0.1031,0.8923,0.0026,-1.9814,1.3985,0.185
2026-09-11T17:04:13Z,2026-09-11 17:03:31,SPXW,2026-09-14,P,7580.0,7668.2998,3.7,10.0,3.8,115.0,3.7,1031.0,1654.0,0.1018,-0.1077,0.0026,-1.9814,1.3985,-0.0225
2026-09-11T17:04:13Z,2026-09-11 17:03:31,SPXW,2026-09-14,C,7585.0,7668.2998,87.5,4.0,88.8,5.0,94.69,24.0,184.0,0.1014,0.8825,0.0028,-2.1026,1.4816,0.1831
2026-09-11T17:04:13Z,2026-09-11 17:03:31,SPXW,2026-09-14,P,7585.0,7668.2998,4.0,103.0,4.1,16.0,4.15,605.0,514.0,0.1002,-0.1174,0.0028,-2.1026,1.4816,-0.0245
2026-09-11T17:04:13Z,2026-09-11 17:03:31,SPXW,2026-09-14,C,7590.0,7668.2998,82.9,4.0,84.3,11.0,70.55,45.0,87.0,0.0998,0.8718,0.003,-2.2297,1.5694,0.181
2026-09-11T17:04:13Z,2026-09-11 17:03:31,SPXW,2026-09-14,P,7590.0,7668.2998,4.4,99.0,4.5,15.0,5.3,1107.0,929.0,0.0986,-0.1282,0.003,-2.2297,1.5694,-0.0268
2026-09-11T17:04:13Z,2026-09-11 17:03:31,SPXW,2026-09-14,C,7595.0,7668.2998,78.3,4.0,79.6,5.0,76.46,118.0,116.0,0.098,0.8599,0.0032,-2.362,1.6611,0.1786
2026-09-11T17:04:13Z,2026-09-11 17:03:31,SPXW,2026-09-14,P,7595.0,7668.2998,4.8,103.0,5.0,103.0,5.2,609.0,321.0,0.0972,-0.1401,0.0032,-2.362,1.6611,-0.0293
2026-09-11T17:04:13Z,2026-09-11 17:03:31,SPXW,2026-09-14,C,7600.0,7668.2998,73.8,4.0,75.1,12.0,73.7,849.0,738.0,0.0964,0.8469,0.0035,-2.4988,1.7551,0.176
2026-09-11T17:04:13Z,2026-09-11 17:03:31,SPXW,2026-09-14,P,7600.0,7668.2998,5.3,87.0,5.5,102.0,5.3,3364.0,2009.0,0.0957,-0.1531,0.0035,-2.4988,1.7551,-0.032
2026-09-11T17:04:13Z,2026-09-11 17:03:31,SPXW,2026-09-14,C,7605.0,7668.2998,69.4,4.0,70.7,5.0,67.62,643.0,175.0,0.0949,0.8326,0.0037,-2.6393,1.8525,0.1732
2026-09-11T17:04:13Z,2026-09-11 17:03:31,SPXW,2026-09-14,P,7605.0,7668.2998,5.9,35.0,6.0,43.0,6.7,607.0,382.0,0.0939,-0.1674,0.0037,-2.6393,1.8525,-0.035
2026-09-11T17:04:13Z,2026-09-11 17:03:31,SPXW,2026-09-14,C,7610.0,7668.2998,65.0,4.0,66.2,12.0,61.44,222.0,352.0,0.0936,0.8169,0.004,-2.7821,1.953,0.17
2026-09-11T17:04:13Z,2026-09-11 17:03:31,SPXW,2026-09-14,P,7610.0,7668.2998,6.5,77.0,6.6,26.0,6.52,1255.0,322.0,0.0924,-0.183,0.004,-2.7821,1.953,-0.0383
2026-09-11T17:04:13Z,2026-09-11 17:03:31,SPXW,2026-09-14,C,7615.0,7668.2998,60.7,4.0,61.8,1.0,59.8,267.0,337.0,0.0921,0.7998,0.0043,-2.9254,2.0535,0.1665
2026-09-11T17:04:13Z,2026-09-11 17:03:31,SPXW,2026-09-14,P,7615.0,7668.2998,7.1,84.0,7.3,52.0,7.19,549.0,242.0,0.091,-0.2002,0.0043,-2.9254,2.0535,-0.042
2026-09-11T17:04:13Z,2026-09-11 17:03:31,SPXW,2026-09-14,C,7620.0,7668.2998,56.4,1.0,57.7,6.0,55.6,68.0,131.0,0.0903,0.7811,0.0046,-3.0676,2.155,0.1627
2026-09-11T17:04:13Z,2026-09-11 17:03:31,SPXW,2026-09-14,P,7620.0,7668.2998,7.9,82.0,8.1,90.0,7.9,1445.0,585.0,0.0893,-0.2188,0.0046,-3.0676,2.155,-0.0459
2026-09-11T17:04:13Z,2026-09-11 17:03:31,SPXW,2026-09-14,C,7625.0,7668.2998,52.3,4.0,53.5,7.0,52.42,413.0,501.0,0.0889,0.7608,0.005,-3.2058,2.2567,0.1585
2026-09-11T17:04:13Z,2026-09-11 17:03:31,SPXW,2026-09-14,P,7625.0,7668.2998,8.7,80.0,8.9,46.0,8.8,1461.0,685.0,0.0881,-0.2392,0.005,-3.2058,2.2567,-0.0502
2026-09-11T17:04:13Z,2026-09-11 17:03:31,SPXW,2026-09-14,C,7630.0,7668.2998,48.7,8.0,49.0,15.0,49.32,200.0,264.0,0.0868,0.7387,0.0053,-3.3375,2.3547,0.154
2026-09-11T17:04:13Z,2026-09-11 17:03:31,SPXW,2026-09-14,P,7630.0,7668.2998,9.6,77.0,9.8,32.0,9.6,1196.0,394.0,0.0865,-0.2613,0.0053,-3.3375,2.3547,-0.0549
2026-09-11T17:04:13Z,2026-09-11 17:03:31,SPXW,2026-09-14,C,7635.0,7668.2998,44.7,8.0,45.0,8.0,44.5,101.0,182.0,0.0856,0.7148,0.0056,-3.4596,2.4503,0.1491
2026-09-11T17:04:13Z,2026-09-11 17:03:31,SPXW,2026-09-14,P,7635.0,7668.2998,10.7,33.0,10.9,62.0,10.8,634.0,220.0,0.0849,-0.2852,0.0056,-3.4596,2.4503,-0.0599
2026-09-11T17:04:13Z,2026-09-11 17:03:31,SPXW,2026-09-14,C,7640.0,7668.2998,40.9,10.0,41.2,17.0,38.2,525.0,200.0,0.084,0.689,0.0059,-3.568,2.54,0.1437
2026-09-11T17:04:13Z,2026-09-11 17:03:31,SPXW,2026-09-14,P,7640.0,7668.2998,11.8,65.0,12.0,33.0,11.98,1354.0,323.0,0.0835,-0.311,0.0059,-3.568,2.54,-0.0654
2026-09-11T17:04:13Z,2026-09-11 17:03:31,SPXW,2026-09-14,C,7645.0,7668.2998,37.2,3.0,37.4,11.0,37.6,217.0,182.0,0.0825,0.6614,0.0062,-3.6593,2.6214,0.138
2026-09-11T17:04:13Z,2026-09-11 17:03:31,SPXW,2026-09-14,P,7645.0,7668.2998,13.1,31.0,13.3,59.0,13.0,822.0,310.0,0.082,-0.3386,0.0062,-3.6593,2.6214,-0.0712
2026-09-11T17:04:13Z,2026-09-11 17:03:31,SPXW,2026-09-14,C,7650.0,7668.2998,33.6,5.0,33.8,13.0,32.7,2142.0,689.0,0.081,0.6318,0.0066,-3.7292,2.6943,0.1318
2026-09-11T17:04:13Z,2026-09-11 17:03:31,SPXW,2026-09-14,P,7650.0,7668.2998,14.5,26.0,14.7,32.0,14.6,3027.0,479.0,0.0806,-0.3682,0.0066,-3.7292,2.6943,-0.0776
2026-09-11T17:04:13Z,2026-09-11 17:03:31,SPXW,2026-09-14,C,7655.0,7668.2998,30.1,13.0,30.4,34.0,28.05,623.0,235.0,0.0796,0.6003,0.0068,-3.7736,2.7537,0.1253
2026-09-11T17:04:13Z,2026-09-11 17:03:31,SPXW,2026-09-14,P,7655.0,7668.2998,16.0,50.0,16.2,21.0,16.4,1165.0,188.0,0.0792,-0.3997,0.0068,-3.7736,2.7537,-0.0842
2026-09-11T17:04:13Z,2026-09-11 17:03:31,SPXW,2026-09-14,C,7660.0,7668.2998,26.8,21.0,27.1,45.0,27.2,1315.0,250.0,0.0784,0.567,0.0071,-3.7886,2.7992,0.1184
2026-09-11T17:04:13Z,2026-09-11 17:03:31,SPXW,2026-09-14,P,7660.0,7668.2998,17.7,49.0,17.9,21.0,17.8,1746.0,124.0,0.0776,-0.433,0.0071,-3.7886,2.7992,-0.0913
2026-09-11T17:04:13Z,2026-09-11 17:03:31,SPXW,2026-09-14,C,7665.0,7668.2998,23.7,26.0,23.9,18.0,24.3,1749.0,254.0,0.0767,0.5319,0.0073,-3.7706,2.827,0.1111
2026-09-11T17:04:13Z,2026-09-11 17:03:31,SPXW,2026-09-14,P,7665.0,7668.2998,19.6,46.0,19.8,20.0,19.59,1863.0,160.0,0.0763,-0.4681,0.0073,-3.7706,2.827,-0.0988
2026-09-11T17:04:13Z,2026-09-11 17:03:31,SPXW,2026-09-14,C,7670.0,7668.2998,20.8,17.0,21.0,32.0,21.0,3087.0,804.0,0.0755,0.4953,0.0074,-3.7172,2.835,0.1034
2026-09-11T17:04:13Z,2026-09-11 17:03:31,SPXW,2026-09-14,P,7670.0,7668.2998,21.7,16.0,21.9,26.0,21.4,2089.0,263.0,0.0751,-0.5046,0.0074,-3.7172,2.835,-0.1066
2026-09-11T17:04:13Z,2026-09-11 17:03:31,SPXW,2026-09-14,C,7675.0,7668.2998,18.0,48.0,18.2,2.0,18.5,17327.0,1878.0,0.074,0.4575,0.0075,-3.6263,2.8211,0.0955
2026-09-11T17:04:13Z,2026-09-11 17:03:31,SPXW,2026-09-14,P,7675.0,7668.2998,23.9,39.0,24.1,6.0,23.8,2064.0,1298.0,0.0737,-0.5425,0.0075,-3.6263,2.8211,-0.1146
2026-09-11T17:04:13Z,2026-09-11 17:03:31,SPXW,2026-09-14,C,7680.0,7668.2998,15.5,51.0,15.7,18.0,15.7,4957.0,546.0,0.0728,0.4188,0.0076,-3.4983,2.7828,0.0874
2026-09-11T17:04:13Z,2026-09-11 17:03:31,SPXW,2026-09-14,P,7680.0,7668.2998,26.4,19.0,26.6,14.0,26.3,752.0,282.0,0.0724,-0.5812,0.0076,-3.4983,2.7828,-0.1229
2026-09-11T17:04:13Z,2026-09-11 17:03:31,SPXW,2026-09-14,C,7685.0,7668.2998,13.2,51.0,13.4,37.0,13.3,972.0,273.0,0.0717,0.3797,0.0075,-3.3346,2.7202,0.0793
2026-09-11T17:04:13Z,2026-09-11 17:03:31,SPXW,2026-09-14,P,7685.0,7668.2998,29.1,13.0,29.3,11.0,33.8,327.0,230.0,0.0712,-0.6203,0.0075,-3.3346,2.7202,-0.1311
2026-09-11T17:04:13Z,2026-09-11 17:03:31,SPXW,2026-09-14,C,7690.0,7668.2998,11.2,8.0,11.4,65.0,11.3,1334.0,476.0,0.0705,0.3408,0.0073,-3.1384,2.6316,0.071
2026-09-11T17:04:13Z,2026-09-11 17:03:31,SPXW,2026-09-14,P,7690.0,7668.2998,32.0,12.0,32.3,12.0,32.4,484.0,211.0,0.07,-0.6592,0.0073,-3.1384,2.6316,-0.1395
2026-09-11T17:04:13Z,2026-09-11 17:03:31,SPXW,2026-09-14,C,7695.0,7668.2998,9.3,32.0,9.5,76.0,9.5,1136.0,338.0,0.0695,0.3027,0.0071,-2.9146,2.5206,0.0631
2026-09-11T17:04:13Z,2026-09-11 17:03:31,SPXW,2026-09-14,P,7695.0,7668.2998,35.1,4.0,35.4,4.0,35.6,227.0,80.0,0.069,-0.6973,0.0071,-2.9146,2.5206,-0.1475
2026-09-11T17:04:13Z,2026-09-11 17:03:31,SPXW,2026-09-14,C,7700.0,7668.2998,7.7,66.0,7.9,82.0,7.8,4757.0,1626.0,0.0685,0.266,0.0067,-2.6691,2.3865,0.0554
2026-09-11T17:04:13Z,2026-09-11 17:03:31,SPXW,2026-09-14,P,7700.0,7668.2998,38.1,6.0,39.3,1.0,38.47,616.0,1747.0,0.0678,-0.734,0.0067,-2.6691,2.3865,-0.1554
2026-09-11T17:04:13Z,2026-09-11 17:03:31,SPXW,2026-09-14,C,7705.0,7668.2998,6.3,55.0,6.5,85.0,6.45,1205.0,533.0,0.0677,0.2311,0.0063,-2.4081,2.2355,0.0481
2026-09-11T17:04:13Z,2026-09-11 17:03:31,SPXW,2026-09-14,P,7705.0,7668.2998,41.7,6.0,42.8,1.0,45.0,1525.0,1534.0,0.0667,-0.7689,0.0063,-2.4081,2.2355,-0.1628
2026-09-11T17:04:13Z,2026-09-11 17:03:31,SPXW,2026-09-14,C,7710.0,7668.2998,5.1,70.0,5.3,96.0,5.3,1357.0,476.0,0.067,0.1986,0.0058,-2.1405,2.0689,0.0413
2026-09-11T17:04:13Z,2026-09-11 17:03:31,SPXW,2026-09-14,P,7710.0,7668.2998,45.4,6.0,46.7,1.0,45.81,46.0,210.0,0.0659,-0.8014,0.0058,-2.1405,2.0689,-0.1698
2026-09-11T17:04:13Z,2026-09-11 17:03:31,SPXW,2026-09-14,C,7715.0,7668.2998,4.1,75.0,4.3,103.0,4.2,1106.0,285.0,0.0665,0.1687,0.0053,-1.875,1.8935,0.035
2026-09-11T17:04:13Z,2026-09-11 17:03:31,SPXW,2026-09-14,P,7715.0,7668.2998,49.5,6.0,50.7,1.0,49.82,8.0,63.0,0.065,-0.8313,0.0053,-1.875,1.8935,-0.1762
2026-09-11T17:04:13Z,2026-09-11 17:03:31,SPXW,2026-09-14,C,7720.0,7668.2998,3.2,107.0,3.4,98.0,3.37,5098.0,3532.0,0.066,0.1419,0.0048,-1.62,1.7139,0.0294
2026-09-11T17:04:13Z,2026-09-11 17:03:31,SPXW,2026-09-14,P,7720.0,7668.2998,53.7,1.0,54.9,11.0,54.99,58.0,110.0,0.065,-0.8581,0.0048,-1.62,1.7139,-0.1819
2026-09-11T17:04:13Z,2026-09-11 17:03:31,SPXW,2026-09-14,C,7725.0,7668.2998,2.6,96.0,2.7,79.0,2.9,2375.0,1765.0,0.0659,0.1183,0.0042,-1.3836,1.5358,0.0245
2026-09-11T17:04:13Z,2026-09-11 17:03:31,SPXW,2026-09-14,P,7725.0,7668.2998,57.9,1.0,59.2,1.0,56.93,103.0,322.0,0.064,-0.8816,0.0042,-1.3836,1.5358,-0.187
2026-09-11T17:04:13Z,2026-09-11 17:03:31,SPXW,2026-09-14,C,7730.0,7668.2998,2.05,108.0,2.15,137.0,2.25,2577.0,2512.0,0.0656,0.098,0.0037,-1.1712,1.3649,0.0203
2026-09-11T17:04:13Z,2026-09-11 17:03:31,SPXW,2026-09-14,P,7730.0,7668.2998,62.4,1.0,63.7,6.0,66.01,1508.0,1601.0,0.0636,-0.9019,0.0037,-1.1712,1.3649,-0.1914
2026-09-11T17:04:13Z,2026-09-11 17:03:31,SPXW,2026-09-14,C,7735.0,7668.2998,1.65,8.0,1.7,86.0,1.85,1479.0,466.0,0.0655,0.0809,0.0032,-0.9856,1.205,0.0167
2026-09-11T17:04:13Z,2026-09-11 17:03:31,SPXW,2026-09-14,P,7735.0,7668.2998,67.0,1.0,68.3,4.0,66.6,16.0,96.0,0.0637,-0.9191,0.0032,-0.9856,1.205,-0.195
2026-09-11T17:04:13Z,2026-09-11 17:03:31,SPXW,2026-09-14,C,7740.0,7668.2998,1.3,8.0,1.35,63.0,1.3,1506.0,572.0,0.0656,0.0667,0.0028,-0.8272,1.059,0.0138
2026-09-11T17:04:13Z,2026-09-11 17:03:31,SPXW,2026-09-14,P,7740.0,7668.2998,71.4,5.0,73.1,4.0,74.61,41.0,86.0,0.0635,-0.9333,0.0028,-0.8272,1.059,-0.1981
2026-09-11T17:04:13Z,2026-09-11 17:03:31,SPXW,2026-09-14,C,7745.0,7668.2998,1.0,140.0,1.1,138.0,1.2,986.0,300.0,0.0658,0.0551,0.0024,-0.6942,0.9285,0.0113
2026-09-11T17:04:13Z,2026-09-11 17:03:31,SPXW,2026-09-14,P,7745.0,7668.2998,76.3,5.0,77.7,4.0,78.25,29.0,35.0,0.063,-0.9449,0.0024,-0.6942,0.9285,-0.2007
2026-09-11T17:04:13Z,2026-09-11 17:03:31,SPXW,2026-09-14,C,7750.0,7668.2998,0.8,85.0,0.9,232.0,0.9,1708.0,1765.0,0.0664,0.0456,0.002,-0.5841,0.8132,0.0094
2026-09-11T17:04:13Z,2026-09-11 17:03:31,SPXW,2026-09-14,P,7750.0,7668.2998,81.0,5.0,82.5,4.0,82.0,102.0,383.0,0.063,-0.9544,0.002,-0.5841,0.8132,-0.2028
2026-09-11T17:04:13Z,2026-09-11 17:03:31,SPXW,2026-09-14,C,7755.0,7668.2998,0.65,71.0,0.7,10.0,0.75,1968.0,2101.0,0.0668,0.0379,0.0017,-0.4936,0.7131,0.0078
2026-09-11T17:04:13Z,2026-09-11 17:03:31,SPXW,2026-09-14,P,7755.0,7668.2998,85.7,5.0,87.3,4.0,86.6,6.0,22.0,0.0632,-0.962,0.0017,-0.4936,0.7131,-0.2045
2026-09-11T17:04:13Z,2026-09-11 17:03:31,SPXW,2026-09-14,C,7760.0,7668.2998,0.5,404.0,0.6,290.0,0.55,522.0,328.0,0.0675,0.0318,0.0015,-0.4197,0.6263,0.0065
2026-09-11T17:04:13Z,2026-09-11 17:03:31,SPXW,2026-09-14,P,7760.0,7668.2998,90.7,5.0,92.2,4.0,104.11,10.0,107.0,0.0626,-0.9682,0.0015,-0.4197,0.6263,-0.2059
2026-09-11T17:04:13Z,2026-09-11 17:03:31,SPXW,2026-09-14,C,7765.0,7668.2998,0.4,434.0,0.5,282.0,0.55,906.0,629.0,0.0688,0.0268,0.0013,-0.3596,0.5522,0.0055
2026-09-11T17:04:13Z,2026-09-11 17:03:31,SPXW,2026-09-14,P,7765.0,7668.2998,95.6,5.0,97.3,4.0,94.2,26.0,31.0,0.0623,-0.9732,0.0013,-0.3596,0.5522,-0.2071
2026-09-11T17:04:13Z,2026-09-11 17:03:31,SPXW,2026-09-14,C,7770.0,7668.2998,0.35,185.0,0.4,47.0,0.35,497.0,747.0,0.0692,0.0228,0.0011,-0.3108,0.4887,0.0047
2026-09-11T17:04:13Z,2026-09-11 17:03:31,SPXW,2026-09-14,P,7770.0,7668.2998,97.5,16.0,104.5,16.0,101.3,15.0,108.0,0.0631,-0.9772,0.0011,-0.3108,0.4887,-0.208
2026-09-11T17:04:13Z,2026-09-11 17:03:31,SPXW,2026-09-14,C,7775.0,7668.2998,0.3,180.0,0.35,69.0,0.35,5529.0,951.0,0.0706,0.0196,0.0009,-0.2712,0.4348,0.004
2026-09-11T17:04:13Z,2026-09-11 17:03:31,SPXW,2026-09-14,P,7775.0,7668.2998,102.3,15.0,109.5,15.0,111.33,6.0,68.0,0.0602,-0.9804,0.0009,-0.2712,0.4348,-0.2088
2026-09-11T17:04:13Z,2026-09-11 17:03:31,SPXW,2026-09-14,C,7780.0,7668.2998,0.25,302.0,0.3,47.0,0.25,7949.0,467.0,0.0717,0.017,0.0008,-0.239,0.3891,0.0035
2026-09-11T17:04:13Z,2026-09-11 17:03:31,SPXW,2026-09-14,P,7780.0,7668.2998,107.2,15.0,114.6,15.0,107.09,15.0,77.0,0.0628,-0.983,0.0008,-0.239,0.3891,-0.2095
2026-09-11T17:04:13Z,2026-09-11 17:03:31,SPXW,2026-09-14,C,7785.0,7668.2998,0.2,514.0,0.3,313.0,0.3,8189.0,824.0,0.0744,0.0149,0.0007,-0.2129,0.3503,0.003
2026-09-11T17:04:13Z,2026-09-11 17:03:31,SPXW,2026-09-14,P,7785.0,7668.2998,112.3,15.0,119.4,15.0,111.81,10.0,18.0,0.0604,-0.9851,0.0007,-0.2129,0.3503,-0.2101
2026-09-11T17:04:13Z,2026-09-11 17:03:31,SPXW,2026-09-14,C,7790.0,7668.2998,0.2,199.0,0.25,92.0,0.2,243.0,539.0,0.0751,0.0132,0.0006,-0.1916,0.3173,0.0027
2026-09-11T17:04:13Z,2026-09-11 17:03:31,SPXW,2026-09-14,P,7790.0,7668.2998,117.1,15.0,124.8,15.0,119.7,14.0,59.0,0.0712,-0.9868,0.0006,-0.1916,0.3173,-0.2106
2026-09-11T17:04:13Z,2026-09-11 17:03:31,SPXW,2026-09-14,C,7795.0,7668.2998,0.2,58.0,0.25,409.0,0.2,154.0,362.0,0.0778,0.0118,0.0006,-0.1742,0.2892,0.0024
2026-09-11T17:04:13Z,2026-09-11 17:03:31,SPXW,2026-09-14,P,7795.0,7668.2998,122.1,15.0,129.3,15.0,132.85,1.0,3.0,0.0,-0.9882,0.0006,-0.1742,0.2892,-0.211
2026-09-11T17:04:13Z,2026-09-11 17:03:31,SPXW,2026-09-14,C,7800.0,7668.2998,0.15,519.0,0.25,428.0,0.2,2139.0,2966.0,0.0792,0.0106,0.0005,-0.16,0.2658,0.0022
2026-09-11T17:04:13Z,2026-09-11 17:03:31,SPXW,2026-09-14,P,7800.0,7668.2998,129.7,6.0,132.5,6.0,135.0,7.0,285.0,0.0728,-0.9894,0.0005,-0.1598,0.2653,-0.2114
2026-09-11T17:04:13Z,2026-09-11 17:03:31,SPXW,2026-09-14,C,7805.0,7668.2998,0.15,239.0,0.2,192.0,0.2,99.0,568.0,0.0804,0.0096,0.0004,-0.1481,0.2451,0.002
2026-09-11T17:04:13Z,2026-09-11 17:03:31,SPXW,2026-09-14,P,7805.0,7668.2998,132.5,15.0,139.5,15.0,213.85,0.0,2.0,0.0818,-0.9904,0.0004,-0.1478,0.2447,-0.2117
2026-09-11T17:04:13Z,2026-09-11 17:03:31,SPXW,2026-09-14,C,7810.0,7668.2998,0.15,112.0,0.2,410.0,0.2,458.0,1143.0,0.083,0.0088,0.0004,-0.1381,0.2272,0.0018
2026-09-11T17:04:13Z,2026-09-11 17:03:31,SPXW,2026-09-14,P,7810.0,7668.2998,137.0,15.0,144.5,15.0,144.75,2.0,27.0,0.0,-0.9912,0.0004,-0.1379,0.2268,-0.212
2026-09-11T17:04:13Z,2026-09-11 17:03:31,SPXW,2026-09-14,C,7815.0,7668.2998,0.15,12.0,0.2,520.0,0.17,157.0,445.0,0.0856,0.0081,0.0004,-0.1295,0.2112,0.0016
2026-09-11T17:04:13Z,2026-09-11 17:03:31,SPXW,2026-09-14,P,7815.0,7668.2998,142.2,15.0,149.3,15.0,170.61,0.0,4.0,0.0,-0.9919,0.0004,-0.1295,0.2112,-0.2123
2026-09-11T17:04:13Z,2026-09-11 17:03:31,SPXW,2026-09-14,C,7820.0,7668.2998,0.1,735.0,0.2,581.0,0.15,410.0,824.0,0.0865,0.0075,0.0003,-0.1223,0.1976,0.0015
2026-09-11T17:04:13Z,2026-09-11 17:03:31,SPXW,2026-09-14,P,7820.0,7668.2998,147.0,15.0,154.5,15.0,104.54,0.0,83.0,0.0,-0.9925,0.0003,-0.1223,0.1976,-0.2126
2026-09-11T17:04:13Z,2026-09-11 17:03:31,SPXW,2026-09-14,C,7825.0,7668.2998,0.15,260.0,0.2,593.0,0.15,2612.0,1282.0,0.0905,0.007,0.0003,-0.1162,0.1861,0.0014
2026-09-11T17:04:13Z,2026-09-11 17:03:31,SPXW,2026-09-14,P,7825.0,7668.2998,152.0,15.0,159.5,15.0,160.73,2.0,48.0,0.0,-0.993,0.0003,-0.1161,0.1857,-0.2128
2026-09-11T17:04:13Z,2026-09-11 17:03:31,SPXW,2026-09-14,C,7830.0,7668.2998,0.1,255.0,0.15,189.0,0.13,45.0,426.0,0.0895,0.0066,0.0003,-0.1107,0.1753,0.0013
2026-09-11T17:04:13Z,2026-09-11 17:03:31,SPXW,2026-09-14,P,7830.0,7668.2998,157.2,15.0,164.3,15.0,157.61,11.0,2.0,0.0,-0.9934,0.0003,-0.1108,0.175,-0.213
2026-09-11T17:04:13Z,2026-09-11 17:03:31,SPXW,2026-09-14,C,7835.0,7668.2998,0.1,301.0,0.15,199.0,0.11,82.0,361.0,0.0919,0.0062,0.0003,-0.106,0.1657,0.0012
2026-09-11T17:04:13Z,2026-09-11 17:03:31,SPXW,2026-09-14,P,7835.0,7668.2998,162.0,15.0,169.6,15.0,0.0,0.0,0.0,0.067,-0.9938,0.0003,-0.1061,0.1655,-0.2132
2026-09-11T17:04:13Z,2026-09-11 17:03:31,SPXW,2026-09-14,C,7840.0,7668.2998,0.1,175.0,0.15,216.0,0.12,45.0,632.0,0.0943,0.0058,0.0002,-0.1018,0.157,0.0012
2026-09-11T17:04:13Z,2026-09-11 17:03:31,SPXW,2026-09-14,P,7840.0,7668.2998,167.0,15.0,174.8,15.0,172.1,6.0,1.0,0.0926,-0.9942,0.0002,-0.102,0.1569,-0.2134
2026-09-11T17:04:13Z,2026-09-11 17:03:31,SPXW,2026-09-14,C,7845.0,7668.2998,0.1,106.0,0.15,499.0,0.08,1566.0,365.0,0.0968,0.0055,0.0002,-0.0981,0.1492,0.0011
2026-09-11T17:04:13Z,2026-09-11 17:03:31,SPXW,2026-09-14,P,7845.0,7668.2998,172.1,15.0,179.5,15.0,193.42,0.0,1.0,0.0723,-0.9945,0.0002,-0.0983,0.1491,-0.2136
2026-09-11T17:04:13Z,2026-09-11 17:03:31,SPXW,2026-09-14,C,7850.0,7668.2998,0.1,10.0,0.15,509.0,0.12,17844.0,819.0,0.0991,0.0052,0.0002,-0.0949,0.1422,0.001
2026-09-11T17:04:13Z,2026-09-11 17:03:31,SPXW,2026-09-14,P,7850.0,7668.2998,177.4,15.0,184.8,15.0,177.87,16.0,24.0,0.1105,-0.9948,0.0002,-0.095,0.142,-0.2138
2026-09-11T17:04:13Z,2026-09-11 17:03:31,SPXW,2026-09-14,C,7855.0,7668.2998,0.05,698.0,0.15,533.0,0.1,34.0,259.0,0.0992,0.005,0.0002,-0.0918,0.1355,0.001
2026-09-11T17:04:13Z,2026-09-11 17:03:31,SPXW,2026-09-14,P,7855.0,7668.2998,182.4,15.0,189.8,15.0,0.0,0.0,0.0,0.1132,-0.995,0.0002,-0.0921,0.1356,-0.214
2026-09-11T17:04:13Z,2026-09-11 17:03:31,SPXW,2026-09-14,C,7860.0,7668.2998,0.1,1.0,0.15,539.0,0.1,186.0,538.0,0.104,0.0047,0.0002,-0.089,0.1295,0.001
2026-09-11T17:04:13Z,2026-09-11 17:03:31,SPXW,2026-09-14,P,7860.0,7668.2998,187.1,15.0,194.3,15.0,148.05,0.0,3.0,0.0,-0.9952,0.0002,-0.0894,0.1296,-0.2142
2026-09-11T17:04:13Z,2026-09-11 17:03:31,SPXW,2026-09-14,C,7865.0,7668.2998,0.05,781.0,0.15,566.0,0.1,81.0,2011.0,0.1039,0.0045,0.0002,-0.0865,0.1241,0.0009
2026-09-11T17:04:13Z,2026-09-11 17:03:31,SPXW,2026-09-14,P,7865.0,7668.2998,191.9,15.0,199.5,15.0,198.2,1.0,0.0,0.0,-0.9954,0.0002,-0.0869,0.1242,-0.2144
2026-09-11T17:04:13Z,2026-09-11 17:03:31,SPXW,2026-09-14,C,7870.0,7668.2998,0.05,677.0,0.15,597.0,0.07,20.0,1513.0,0.1062,0.0043,0.0002,-0.0842,0.119,0.0009
2026-09-11T17:04:13Z,2026-09-11 17:03:31,SPXW,2026-09-14,P,7870.0,7668.2998,193.7,2.0,207.2,1.0,197.82,7.0,6.0,0.0,-0.9956,0.0002,-0.0846,0.1192,-0.2146
2026-09-11T17:04:13Z,2026-09-11 17:03:31,SPXW,2026-09-14,C,7875.0,7668.2998,0.05,607.0,0.15,605.0,0.08,34.0,1578.0,0.1085,0.0041,0.0002,-0.0821,0.1144,0.0008
2026-09-11T17:04:13Z,2026-09-11 17:03:31,SPXW,2026-09-14,P,7875.0,7668.2998,198.7,2.0,212.2,1.0,160.24,0.0,7.0,0.0,-0.9958,0.0002,-0.0825,0.1145,-0.2148
2026-09-11T17:04:13Z,2026-09-11 17:03:31,SPXW,2026-09-14,C,7880.0,7668.2998,0.05,591.0,0.1,34.0,0.05,45.0,519.0,0.1077,0.004,0.0001,-0.0802,0.11,0.0008
2026-09-11T17:04:13Z,2026-09-11 17:03:31,SPXW,2026-09-14,P,7880.0,7668.2998,203.5,1.0,217.2,1.0,164.99,0.0,3.0,0.0,-0.996,0.0001,-0.0805,0.1101,-0.2149
2026-09-11T17:04:13Z,2026-09-11 17:03:31,SPXW,2026-09-14,C,7885.0,7668.2998,0.05,544.0,0.15,609.0,0.11,1.0,164.0,0.11,0.0038,0.0001,-0.0783,0.1059,0.0008
2026-09-11T17:04:13Z,2026-09-11 17:03:31,SPXW,2026-09-14,P,7885.0,7668.2998,208.5,1.0,222.2,1.0,0.0,0.0,0.0,0.0,-0.9961,0.0001,-0.0787,0.1061,-0.2151
2026-09-11T17:04:13Z,2026-09-11 17:03:31,SPXW,2026-09-14,C,7890.0,7668.2998,0.05,613.0,0.1,54.0,0.08,13.0,391.0,0.1122,0.0037,0.0001,-0.0766,0.1021,0.0007
2026-09-11T17:04:13Z,2026-09-11 17:03:31,SPXW,2026-09-14,P,7890.0,7668.2998,212.9,1.0,231.1,1.0,0.0,0.0,0.0,0.16,-0.9963,0.0001,-0.077,0.1022,-0.2152
2026-09-11T17:04:13Z,2026-09-11 17:03:31,SPXW,2026-09-14,C,7895.0,7668.2998,0.05,365.0,0.1,72.0,0.08,24.0,210.0,0.1145,0.0035,0.0001,-0.075,0.0984,0.0007
2026-09-11T17:04:13Z,2026-09-11 17:03:31,SPXW,2026-09-14,P,7895.0,7668.2998,217.8,1.0,236.8,1.0,0.0,0.0,0.0,0.1692,-0.9964,0.0001,-0.0754,0.0987,-0.2154
2026-09-11T17:04:13Z,2026-09-11 17:03:31,SPXW,2026-09-14,C,7900.0,7668.2998,0.05,392.0,0.1,92.0,0.07,184.0,1637.0,0.1167,0.0034,0.0001,-0.0739,0.0955,0.0007
2026-09-11T17:04:13Z,2026-09-11 17:03:31,SPXW,2026-09-14,P,7900.0,7668.2998,222.8,1.0,241.3,1.0,182.55,0.0,135.0,0.167,-0.9965,0.0001,-0.0739,0.0953,-0.2156
2026-09-11T17:04:13Z,2026-09-11 17:03:31,SPXW,2026-09-14,C,7910.0,7668.2998,0.05,298.0,0.1,262.0,0.07,58.0,1381.0,0.1212,0.0032,0.0001,-0.0707,0.089,0.0006
2026-09-11T17:04:13Z,2026-09-11 17:03:31,SPXW,2026-09-14,P,7910.0,7668.2998,232.8,1.0,251.4,1.0,0.0,0.0,0.0,0.1741,-0.9968,0.0001,-0.0711,0.0892,-0.2159
2026-09-11T17:04:13Z,2026-09-11 17:03:31,SPXW,2026-09-14,C,7920.0,7668.2998,0.05,242.0,0.1,409.0,0.07,41.0,359.0,0.1257,0.003,0.0001,-0.0682,0.0835,0.0006
2026-09-11T17:04:13Z,2026-09-11 17:03:31,SPXW,2026-09-14,P,7920.0,7668.2998,242.8,1.0,261.2,1.0,0.0,0.0,0.0,0.1777,-0.997,0.0001,-0.0686,0.0837,-0.2162
2026-09-11T17:04:13Z,2026-09-11 17:03:31,SPXW,2026-09-14,C,7925.0,7668.2998,0.05,265.0,0.1,388.0,0.06,37.0,861.0,0.1279,0.0029,0.0001,-0.0671,0.081,0.0006
2026-09-11T17:04:13Z,2026-09-11 17:03:31,SPXW,2026-09-14,P,7925.0,7668.2998,247.8,1.0,266.1,1.0,167.89,0.0,13.0,0.1794,-0.9971,0.0001,-0.0675,0.0812,-0.2164
2026-09-11T17:04:13Z,2026-09-11 17:03:31,SPXW,2026-09-14,C,7930.0,7668.2998,0.05,250.0,0.1,457.0,0.05,40.0,203.0,0.1301,0.0028,0.0001,-0.066,0.0786,0.0006
2026-09-11T17:04:13Z,2026-09-11 17:03:31,SPXW,2026-09-14,P,7930.0,7668.2998,252.8,1.0,271.8,1.0,0.0,0.0,0.0,0.1903,-0.9972,0.0001,-0.0664,0.0788,-0.2165
2026-09-11T17:04:13Z,2026-09-11 17:03:31,SPXW,2026-09-14,C,7940.0,7668.2998,0.05,263.0,0.1,581.0,0.05,57.0,195.0,0.1345,0.0027,0.0001,-0.064,0.0742,0.0005
2026-09-11T17:04:13Z,2026-09-11 17:03:31,SPXW,2026-09-14,P,7940.0,7668.2998,262.8,1.0,281.8,1.0,274.79,10.0,0.0,0.1963,-0.9973,0.0001,-0.0644,0.0744,-0.2168
2026-09-11T17:04:13Z,2026-09-11 17:03:31,SPXW,2026-09-14,C,7950.0,7668.2998,0.05,195.0,0.1,656.0,0.05,66.0,1508.0,0.139,0.0025,0.0001,-0.0622,0.0703,0.0005
2026-09-11T17:04:13Z,2026-09-11 17:03:31,SPXW,2026-09-14,P,7950.0,7668.2998,272.8,1.0,291.8,1.0,295.12,0.0,3.0,0.2022,-0.9974,0.0001,-0.0625,0.0704,-0.2171
2026-09-11T17:04:13Z,2026-09-11 17:03:31,SPXW,2026-09-14,C,7960.0,7668.2998,0.05,166.0,0.1,651.0,0.05,446.0,205.0,0.1434,0.0024,0.0001,-0.0604,0.0666,0.0005
2026-09-11T17:04:13Z,2026-09-11 17:03:31,SPXW,2026-09-14,P,7960.0,7668.2998,282.8,1.0,300.3,1.0,0.0,0.0,0.0,0.1876,-0.9976,0.0001,-0.0607,0.0668,-0.2174
2026-09-11T17:04:13Z,2026-09-11 17:03:31,SPXW,2026-09-14,C,7970.0,7668.2998,0.0,0.0,0.1,650.0,0.05,50.0,109.0,0.1423,0.0023,0.0001,-0.0587,0.0633,0.0004
2026-09-11T17:04:13Z,2026-09-11 17:03:31,SPXW,2026-09-14,P,7970.0,7668.2998,292.8,1.0,310.4,1.0,0.0,0.0,0.0,0.1948,-0.9977,0.0001,-0.0591,0.0635,-0.2177
2026-09-11T17:04:13Z,2026-09-11 17:03:31,SPXW,2026-09-14,C,7975.0,7668.2998,0.0,0.0,0.1,658.0,0.05,570.0,661.0,0.1444,0.0022,0.0001,-0.0579,0.0617,0.0004
2026-09-11T17:04:13Z,2026-09-11 17:03:31,SPXW,2026-09-14,P,7975.0,7668.2998,297.8,1.0,315.5,1.0,309.8,10.0,11.0,0.1992,-0.9978,0.0001,-0.0583,0.0619,-0.2179
2026-09-11T17:04:13Z,2026-09-11 17:03:31,SPXW,2026-09-14,C,8000.0,7668.2998,0.0,0.0,0.05,261.0,0.03,178.0,3231.0,0.1463,0.002,0.0001,-0.0546,0.0549,0.0004
2026-09-11T17:04:13Z,2026-09-11 17:03:31,SPXW,2026-09-14,P,8000.0,7668.2998,329.4,6.0,332.6,6.0,270.84,0.0,1503.0,0.0,-0.998,0.0001,-0.0548,0.0549,-0.2186
2026-09-11T17:04:13Z,2026-09-11 17:03:31,SPXW,2026-09-14,C,8025.0,7668.2998,0.0,0.0,0.1,684.0,0.05,233.0,454.0,0.1654,0.0018,0.0,-0.0515,0.0491,0.0004
2026-09-11T17:04:13Z,2026-09-11 17:03:31,SPXW,2026-09-14,P,8025.0,7668.2998,347.8,2.0,365.6,1.0,295.11,0.0,2.0,0.2281,-0.9982,0.0,-0.0517,0.0492,-0.2193
2026-09-11T17:04:13Z,2026-09-11 17:03:31,SPXW,2026-09-14,C,8050.0,7668.2998,0.0,0.0,0.1,789.0,0.05,18.0,1188.0,0.1757,0.0016,0.0,-0.0488,0.0443,0.0003
2026-09-11T17:04:13Z,2026-09-11 17:03:31,SPXW,2026-09-14,P,8050.0,7668.2998,372.6,2.0,391.7,1.0,0.0,0.0,0.0,0.2558,-0.9984,0.0,-0.049,0.0444,-0.2201
2026-09-11T17:04:13Z,2026-09-11 17:03:31,SPXW,2026-09-14,C,8075.0,7668.2998,0.0,0.0,0.05,1.0,0.05,3.0,85.0,0.1762,0.0014,0.0,-0.0462,0.04,0.0003
2026-09-11T17:04:13Z,2026-09-11 17:03:31,SPXW,2026-09-14,P,8075.0,7668.2998,397.8,1.0,415.3,1.0,0.0,0.0,0.0,0.2489,-0.9985,0.0,-0.0465,0.0402,-0.2208
2026-09-11T17:04:13Z,2026-09-11 17:03:31,SPXW,2026-09-14,C,8100.0,7668.2998,0.0,0.0,0.05,120.0,0.04,44.0,269.0,0.1854,0.0013,0.0,-0.0439,0.0365,0.0003
2026-09-11T17:04:13Z,2026-09-11 17:03:31,SPXW,2026-09-14,P,8100.0,7668.2998,422.8,1.0,440.0,1.0,420.63,0.0,2.0,0.2548,-0.9987,0.0,-0.0442,0.0366,-0.2215
2026-09-11T17:04:13Z,2026-09-11 17:03:31,SPXW,2026-09-14,C,8125.0,7668.2998,0.0,0.0,0.05,25.0,0.07,0.0,49.0,0.195,0.0012,0.0,-0.0418,0.0334,0.0002
2026-09-11T17:04:13Z,2026-09-11 17:03:31,SPXW,2026-09-14,P,8125.0,7668.2998,447.8,1.0,465.3,1.0,395.81,0.0,0.0,0.2747,-0.9988,0.0,-0.0421,0.0335,-0.2222
2026-09-11T17:04:13Z,2026-09-11 17:03:31,SPXW,2026-09-14,C,8150.0,7668.2998,0.0,0.0,0.05,30.0,0.06,1.0,172.0,0.205,0.0011,0.0,-0.0398,0.0306,0.0002
2026-09-11T17:04:13Z,2026-09-11 17:03:31,SPXW,2026-09-14,P,8150.0,7668.2998,472.8,1.0,491.7,1.0,0.0,0.0,0.0,0.3137,-0.9989,0.0,-0.0401,0.0308,-0.2229
2026-09-11T17:04:13Z,2026-09-11 17:03:31,SPXW,2026-09-14,C,8175.0,7668.2998,0.0,0.0,0.1,600.0,0.05,1.0,138.0,0.2265,0.001,0.0,-0.038,0.0282,0.0002
2026-09-11T17:04:13Z,2026-09-11 17:03:31,SPXW,2026-09-14,P,8175.0,7668.2998,497.8,1.0,515.5,1.0,0.0,0.0,0.0,0.3048,-0.999,0.0,-0.0383,0.0284,-0.2236
2026-09-11T17:04:13Z,2026-09-11 17:03:31,SPXW,2026-09-14,C,8200.0,7668.2998,0.0,0.0,0.1,623.0,0.1,0.0,91.0,0.2364,0.0009,0.0,-0.0363,0.026,0.0002
2026-09-11T17:04:13Z,2026-09-11 17:03:31,SPXW,2026-09-14,P,8200.0,7668.2998,523.8,1.0,540.4,1.0,0.0,0.0,0.0,0.3354,-0.999,0.0,-0.0365,0.0262,-0.2243
2026-09-11T17:04:13Z,2026-09-11 17:03:31,SPXW,2026-09-14,C,8225.0,7668.2998,0.0,0.0,0.05,152.0,0.05,0.0,8.0,0.2333,0.0009,0.0,-0.0346,0.0241,0.0002
2026-09-11T17:04:13Z,2026-09-11 17:03:31,SPXW,2026-09-14,P,8225.0,7668.2998,547.8,1.0,566.7,1.0,0.0,0.0,0.0,0.3521,-0.9991,0.0,-0.0349,0.0242,-0.225
2026-09-11T17:04:13Z,2026-09-11 17:03:31,SPXW,2026-09-14,C,8250.0,7668.2998,0.0,0.0,0.05,140.0,0.05,0.0,105.0,0.2426,0.0008,0.0,-0.0331,0.0223,0.0002
2026-09-11T17:04:13Z,2026-09-11 17:03:31,SPXW,2026-09-14,P,8250.0,7668.2998,572.8,1.0,590.2,1.0,0.0,0.0,0.0,0.3349,-0.9992,0.0,-0.0333,0.0225,-0.2257
2026-09-11T17:04:13Z,2026-09-11 17:03:31,SPXW,2026-09-14,C,8275.0,7668.2998,0.0,0.0,0.05,220.0,0.1,0.0,32.0,0.2519,0.0007,0.0,-0.0316,0.0207,0.0001
2026-09-11T17:04:13Z,2026-09-11 17:03:31,SPXW,2026-09-14,P,8275.0,7668.2998,597.7,1.0,616.7,1.0,0.0,0.0,0.0,0.3782,-0.9992,0.0,-0.0318,0.0209,-0.2264
2026-09-11T17:04:13Z,2026-09-11 17:03:31,SPXW,2026-09-14,C,8300.0,7668.2998,0.0,0.0,0.05,295.0,0.11,0.0,12.0,0.2608,0.0007,0.0,-0.0301,0.0193,0.0001
2026-09-11T17:04:13Z,2026-09-11 17:03:31,SPXW,2026-09-14,P,8300.0,7668.2998,624.9,1.0,641.7,1.0,0.0,0.0,0.0,0.4246,-0.9993,0.0,-0.0304,0.0194,-0.2271
2026-09-11T17:04:13Z,2026-09-11 17:03:31,SPXW,2026-09-14,C,8325.0,7668.2998,0.0,0.0,0.05,303.0,0.1,0.0,2439.0,0.2703,0.0006,0.0,-0.0289,0.018,0.0001
2026-09-11T17:04:13Z,2026-09-11 17:03:31,SPXW,2026-09-14,P,8325.0,7668.2998,647.7,1.0,665.5,1.0,0.0,0.0,0.0,0.3771,-0.9993,0.0,-0.029,0.0181,-0.2278
2026-09-11T17:04:13Z,2026-09-11 17:03:31,SPXW,2026-09-14,C,8400.0,7668.2998,0.0,0.0,0.05,323.0,0.05,0.0,11.0,0.2974,0.0005,0.0,-0.0252,0.0147,0.0001
2026-09-11T17:04:13Z,2026-09-11 17:03:31,SPXW,2026-09-14,P,8400.0,7668.2998,722.7,1.0,740.3,1.0,0.0,0.0,0.0,0.4073,-0.9994,0.0,-0.0254,0.0148,-0.2298
2026-09-11T17:04:13Z,2026-09-11 17:03:31,SPXW,2026-09-15,C,6925.0,7668.2998,734.1,1.0,752.3,2.0,747.38,1.0,0.0,0.0,0.9969,0.0,-0.2003,0.0805,0.3779
2026-09-11T17:04:13Z,2026-09-11 17:03:31,SPXW,2026-09-15,P,6925.0,7668.2998,0.25,80.0,0.3,129.0,0.25,82.0,194.0,0.3548,-0.003,0.0,-0.2,0.0804,-0.0012
2026-09-11T17:04:13Z,2026-09-11 17:03:31,SPXW,2026-09-15,C,6950.0,7668.2998,709.7,1.0,727.1,1.0,0.0,0.0,0.0,0.0,0.9967,0.0,-0.2115,0.0867,0.3792
2026-09-11T17:04:13Z,2026-09-11 17:03:31,SPXW,2026-09-15,P,6950.0,7668.2998,0.25,229.0,0.3,1.0,0.25,44.0,166.0,0.3434,-0.0033,0.0,-0.2115,0.0866,-0.0013
2026-09-11T17:04:13Z,2026-09-11 17:03:31,SPXW,2026-09-15,C,6975.0,7668.2998,683.8,1.0,701.0,1.0,0.0,0.0,0.0,0.0,0.9964,0.0,-0.2237,0.0934,0.3804
2026-09-11T17:04:13Z,2026-09-11 17:03:31,SPXW,2026-09-15,P,6975.0,7668.2998,0.25,414.0,0.35,290.0,0.3,75.0,75.0,0.335,-0.0036,0.0,-0.2236,0.0934,-0.0015
2026-09-11T17:04:13Z,2026-09-11 17:03:31,SPXW,2026-09-15,C,6990.0,7668.2998,668.3,1.0,686.9,1.0,0.0,0.0,0.0,0.0,0.9962,0.0,-0.2314,0.0978,0.3812
2026-09-11T17:04:13Z,2026-09-11 17:03:31,SPXW,2026-09-15,P,6990.0,7668.2998,0.25,374.0,0.35,207.0,0.0,0.0,0.0,0.3282,-0.0038,0.0,-0.2313,0.0977,-0.0015
2026-09-11T17:04:13Z,2026-09-11 17:03:31,SPXW,2026-09-15,C,7000.0,7668.2998,658.0,1.0,677.3,1.0,0.0,0.0,0.0,0.0,0.9961,0.0,-0.2367,0.1008,0.3817
2026-09-11T17:04:13Z,2026-09-11 17:03:31,SPXW,2026-09-15,P,7000.0,7668.2998,0.3,137.0,0.35,139.0,0.3,36.0,522.0,0.3263,-0.0039,0.0,-0.2366,0.1007,-0.0016
2026-09-11T17:04:13Z,2026-09-11 17:03:31,SPXW,2026-09-15,C,7010.0,7668.2998,648.0,1.0,666.7,1.0,0.0,0.0,0.0,0.0,0.996,0.0,-0.2422,0.1039,0.3822
2026-09-11T17:04:13Z,2026-09-11 17:03:31,SPXW,2026-09-15,P,7010.0,7668.2998,0.3,217.0,0.4,379.0,0.0,0.0,0.0,0.3242,-0.004,0.0,-0.2421,0.1039,-0.0016
2026-09-11T17:04:13Z,2026-09-11 17:03:31,SPXW,2026-09-15,C,7020.0,7668.2998,639.6,1.0,657.2,1.0,0.0,0.0,0.0,0.0,0.9958,0.0,-0.2479,0.1072,0.3826
2026-09-11T17:04:13Z,2026-09-11 17:03:31,SPXW,2026-09-15,P,7020.0,7668.2998,0.3,219.0,0.4,363.0,0.0,0.0,0.0,0.3196,-0.0042,0.0,-0.2478,0.1072,-0.0017
2026-09-11T17:04:13Z,2026-09-11 17:03:31,SPXW,2026-09-15,C,7025.0,7668.2998,634.5,1.0,652.2,1.0,0.0,0.0,0.0,0.0,0.9958,0.0,-0.2508,0.1089,0.3829
2026-09-11T17:04:13Z,2026-09-11 17:03:31,SPXW,2026-09-15,P,7025.0,7668.2998,0.3,374.0,0.4,467.0,0.35,9.0,222.0,0.3173,-0.0042,0.0,-0.2507,0.1089,-0.0017
2026-09-11T17:04:13Z,2026-09-11 17:03:31,SPXW,2026-09-15,C,7030.0,7668.2998,629.5,1.0,647.2,1.0,0.0,0.0,0.0,0.0,0.9957,0.0,-0.2538,0.1107,0.3831
2026-09-11T17:04:13Z,2026-09-11 17:03:31,SPXW,2026-09-15,P,7030.0,7668.2998,0.3,301.0,0.4,301.0,0.35,4.0,11.0,0.315,-0.0043,0.0,-0.2537,0.1106,-0.0018
2026-09-11T17:04:13Z,2026-09-11 17:03:31,SPXW,2026-09-15,C,7040.0,7668.2998,618.1,1.0,637.2,1.0,0.0,0.0,0.0,0.0,0.9955,0.0,-0.2598,0.1143,0.3836
2026-09-11T17:04:13Z,2026-09-11 17:03:31,SPXW,2026-09-15,P,7040.0,7668.2998,0.3,396.0,0.4,240.0,0.35,6.0,2.0,0.3104,-0.0045,0.0,-0.2597,0.1142,-0.0018
2026-09-11T17:04:13Z,2026-09-11 17:03:31,SPXW,2026-09-15,C,7050.0,7668.2998,608.1,1.0,625.0,1.0,664.73,0.0,13.0,0.0,0.9954,0.0,-0.266,0.118,0.3841
2026-09-11T17:04:13Z,2026-09-11 17:03:31,SPXW,2026-09-15,P,7050.0,7668.2998,0.3,510.0,0.4,217.0,0.35,10.0,407.0,0.3056,-0.0046,0.0,-0.2656,0.1179,-0.0019
2026-09-11T17:04:13Z,2026-09-11 17:03:31,SPXW,2026-09-15,C,7060.0,7668.2998,598.1,1.0,617.4,1.0,0.0,0.0,0.0,0.0,0.9952,0.0001,-0.2724,0.122,0.3846
2026-09-11T17:04:13Z,2026-09-11 17:03:31,SPXW,2026-09-15,P,7060.0,7668.2998,0.35,169.0,0.4,82.0,0.35,5.0,139.0,0.3032,-0.0048,0.0001,-0.272,0.1219,-0.002
2026-09-11T17:04:13Z,2026-09-11 17:03:31,SPXW,2026-09-15,C,7070.0,7668.2998,588.8,1.0,606.9,1.0,0.0,0.0,0.0,0.0,0.995,0.0001,-0.279,0.1261,0.3851
2026-09-11T17:04:13Z,2026-09-11 17:03:31,SPXW,2026-09-15,P,7070.0,7668.2998,0.35,213.0,0.45,372.0,0.4,3.0,112.0,0.3006,-0.005,0.0001,-0.2786,0.126,-0.002
2026-09-11T17:04:13Z,2026-09-11 17:03:31,SPXW,2026-09-15,C,7075.0,7668.2998,584.8,1.0,600.1,1.0,0.0,0.0,0.0,0.0,0.9949,0.0001,-0.2824,0.1282,0.3853
2026-09-11T17:04:13Z,2026-09-11 17:03:31,SPXW,2026-09-15,P,7075.0,7668.2998,0.35,275.0,0.45,391.0,0.4,4.0,250.0,0.2983,-0.0051,0.0001,-0.2821,0.1282,-0.0021
2026-09-11T17:04:13Z,2026-09-11 17:03:31,SPXW,2026-09-15,C,7080.0,7668.2998,578.1,1.0,597.4,1.0,0.0,0.0,0.0,0.0,0.9948,0.0001,-0.2859,0.1304,0.3855
2026-09-11T17:04:13Z,2026-09-11 17:03:31,SPXW,2026-09-15,P,7080.0,7668.2998,0.35,336.0,0.45,364.0,0.4,4.0,9.0,0.296,-0.0052,0.0001,-0.2855,0.1303,-0.0021
2026-09-11T17:04:13Z,2026-09-11 17:03:31,SPXW,2026-09-15,C,7090.0,7668.2998,568.1,1.0,587.5,2.0,0.0,0.0,0.0,0.0,0.9946,0.0001,-0.293,0.1349,0.386
2026-09-11T17:04:13Z,2026-09-11 17:03:31,SPXW,2026-09-15,P,7090.0,7668.2998,0.35,432.0,0.45,235.0,0.4,712.0,8.0,0.2913,-0.0054,0.0001,-0.2926,0.1348,-0.0022
2026-09-11T17:04:13Z,2026-09-11 17:03:31,SPXW,2026-09-15,C,7100.0,7668.2998,558.1,1.0,577.3,1.0,622.72,0.0,109.0,0.0,0.9944,0.0001,-0.3003,0.1396,0.3865
2026-09-11T17:04:13Z,2026-09-11 17:03:31,SPXW,2026-09-15,P,7100.0,7668.2998,0.4,57.0,0.45,256.0,0.42,289.0,995.0,0.2888,-0.0056,0.0001,-0.3001,0.1395,-0.0023
2026-09-11T17:04:13Z,2026-09-11 17:03:31,SPXW,2026-09-15,C,7110.0,7668.2998,549.6,1.0,567.3,1.0,0.0,0.0,0.0,0.0,0.9942,0.0001,-0.3079,0.1445,0.3869
2026-09-11T17:04:13Z,2026-09-11 17:03:31,SPXW,2026-09-15,P,7110.0,7668.2998,0.4,264.0,0.45,8.0,0.4,5.0,5.0,0.2838,-0.0058,0.0001,-0.3075,0.1444,-0.0024
2026-09-11T17:04:13Z,2026-09-11 17:03:31,SPXW,2026-09-15,C,7120.0,7668.2998,539.0,1.0,557.3,1.0,0.0,0.0,0.0,0.0,0.994,0.0001,-0.3157,0.1496,0.3874
2026-09-11T17:04:13Z,2026-09-11 17:03:31,SPXW,2026-09-15,P,7120.0,7668.2998,0.4,270.0,0.5,366.0,0.45,4.0,142.0,0.281,-0.006,0.0001,-0.3154,0.1495,-0.0024
2026-09-11T17:04:13Z,2026-09-11 17:03:31,SPXW,2026-09-15,C,7125.0,7668.2998,534.5,1.0,552.4,1.0,0.0,0.0,0.0,0.0,0.9939,0.0001,-0.3198,0.1522,0.3876
2026-09-11T17:04:13Z,2026-09-11 17:03:31,SPXW,2026-09-15,P,7125.0,7668.2998,0.4,389.0,0.5,454.0,0.45,2.0,174.0,0.2786,-0.0061,0.0001,-0.3194,0.1521,-0.0025
2026-09-11T17:04:13Z,2026-09-11 17:03:31,SPXW,2026-09-15,C,7130.0,7668.2998,528.2,1.0,547.5,1.0,0.0,0.0,0.0,0.0,0.9938,0.0001,-0.3239,0.1549,0.3878
2026-09-11T17:04:13Z,2026-09-11 17:03:31,SPXW,2026-09-15,P,7130.0,7668.2998,0.4,321.0,0.5,200.0,0.45,4.0,4.0,0.2762,-0.0062,0.0001,-0.3235,0.1548,-0.0026
2026-09-11T17:04:13Z,2026-09-11 17:03:31,SPXW,2026-09-15,C,7140.0,7668.2998,518.2,1.0,536.3,1.0,0.0,0.0,0.0,0.0,0.9935,0.0001,-0.3323,0.1604,0.3883
2026-09-11T17:04:13Z,2026-09-11 17:03:31,SPXW,2026-09-15,P,7140.0,7668.2998,0.45,55.0,0.5,218.0,0.45,5.0,4.0,0.2715,-0.0065,0.0001,-0.332,0.1604,-0.0026
2026-09-11T17:04:13Z,2026-09-11 17:03:31,SPXW,2026-09-15,C,7145.0,7668.2998,513.2,1.0,531.9,1.0,0.0,0.0,0.0,0.0,0.9934,0.0001,-0.3367,0.1633,0.3885
2026-09-11T17:04:13Z,2026-09-11 17:03:31,SPXW,2026-09-15,P,7145.0,7668.2998,0.45,56.0,0.5,172.0,0.5,2.0,0.0,0.271,-0.0066,0.0001,-0.3365,0.1632,-0.0027
2026-09-11T17:04:13Z,2026-09-11 17:03:31,SPXW,2026-09-15,C,7150.0,7668.2998,509.9,1.0,527.5,1.0,519.57,5.0,6.0,0.0,0.9932,0.0001,-0.3411,0.1662,0.3887
2026-09-11T17:04:13Z,2026-09-11 17:03:31,SPXW,2026-09-15,P,7150.0,7668.2998,0.45,273.0,0.5,75.0,0.45,31.0,363.0,0.2684,-0.0068,0.0001,-0.3408,0.1662,-0.0028
2026-09-11T17:04:13Z,2026-09-11 17:03:31,SPXW,2026-09-15,C,7155.0,7668.2998,504.7,1.0,522.6,2.0,0.0,0.0,0.0,0.0,0.9931,0.0001,-0.3456,0.1693,0.3889
2026-09-11T17:04:13Z,2026-09-11 17:03:31,SPXW,2026-09-15,P,7155.0,7668.2998,0.45,260.0,0.5,8.0,0.0,0.0,0.0,0.266,-0.0069,0.0001,-0.3452,0.1692,-0.0028
2026-09-11T17:04:13Z,2026-09-11 17:03:31,SPXW,2026-09-15,C,7160.0,7668.2998,499.7,1.0,517.6,2.0,0.0,0.0,0.0,0.0,0.993,0.0001,-0.3501,0.1724,0.3891
2026-09-11T17:04:13Z,2026-09-11 17:03:31,SPXW,2026-09-15,P,7160.0,7668.2998,0.45,276.0,0.55,364.0,0.5,16.0,17.0,0.2652,-0.007,0.0001,-0.3498,0.1723,-0.0029
2026-09-11T17:04:13Z,2026-09-11 17:03:31,SPXW,2026-09-15,C,7165.0,7668.2998,493.2,1.0,512.0,1.0,0.0,0.0,0.0,0.0,0.9928,0.0001,-0.3548,0.1756,0.3894
2026-09-11T17:04:13Z,2026-09-11 17:03:31,SPXW,2026-09-15,P,7165.0,7668.2998,0.45,297.0,0.55,298.0,0.0,0.0,0.0,0.2628,-0.0072,0.0001,-0.3545,0.1755,-0.0029
2026-09-11T17:04:13Z,2026-09-11 17:03:31,SPXW,2026-09-15,C,7170.0,7668.2998,488.2,1.0,506.3,1.0,0.0,0.0,0.0,0.0,0.9927,0.0001,-0.3596,0.1788,0.3896
2026-09-11T17:04:13Z,2026-09-11 17:03:31,SPXW,2026-09-15,P,7170.0,7668.2998,0.45,331.0,0.55,201.0,0.5,4.0,114.0,0.2605,-0.0073,0.0001,-0.3593,0.1788,-0.003
2026-09-11T17:04:13Z,2026-09-11 17:03:31,SPXW,2026-09-15,C,7175.0,7668.2998,485.0,1.0,502.4,1.0,595.54,0.0,15.0,0.0,0.9925,0.0001,-0.3644,0.1822,0.3898
2026-09-11T17:04:13Z,2026-09-11 17:03:31,SPXW,2026-09-15,P,7175.0,7668.2998,0.45,348.0,0.55,219.0,0.5,5.0,241.0,0.2581,-0.0075,0.0001,-0.3641,0.1822,-0.0031
2026-09-11T17:04:13Z,2026-09-11 17:03:31,SPXW,2026-09-15,C,7180.0,7668.2998,479.9,1.0,497.4,1.0,0.0,0.0,0.0,0.0,0.9924,0.0001,-0.3693,0.1857,0.39
2026-09-11T17:04:13Z,2026-09-11 17:03:31,SPXW,2026-09-15,P,7180.0,7668.2998,0.5,55.0,0.55,165.0,0.5,11.0,29.0,0.2574,-0.0076,0.0001,-0.3691,0.1855,-0.0031
2026-09-11T17:04:13Z,2026-09-11 17:03:31,SPXW,2026-09-15,C,7185.0,7668.2998,473.3,1.0,492.5,1.0,0.0,0.0,0.0,0.0,0.9922,0.0001,-0.3743,0.1892,0.3902
2026-09-11T17:04:13Z,2026-09-11 17:03:31,SPXW,2026-09-15,P,7185.0,7668.2998,0.5,114.0,0.55,67.0,0.5,2.0,12.0,0.2548,-0.0078,0.0001,-0.3741,0.1892,-0.0032
2026-09-11T17:04:13Z,2026-09-11 17:03:31,SPXW,2026-09-15,C,7190.0,7668.2998,468.3,1.0,487.6,1.0,0.0,0.0,0.0,0.0,0.992,0.0001,-0.3794,0.1929,0.3904
2026-09-11T17:04:13Z,2026-09-11 17:03:31,SPXW,2026-09-15,P,7190.0,7668.2998,0.5,257.0,0.55,8.0,0.55,3.0,17.0,0.2524,-0.008,0.0001,-0.3792,0.1928,-0.0032
2026-09-11T17:04:13Z,2026-09-11 17:03:31,SPXW,2026-09-15,C,7195.0,7668.2998,463.3,1.0,482.6,1.0,0.0,0.0,0.0,0.0,0.9918,0.0001,-0.3847,0.1966,0.3906
2026-09-11T17:04:13Z,2026-09-11 17:03:31,SPXW,2026-09-15,P,7195.0,7668.2998,0.5,264.0,0.6,303.0,0.55,2.0,4.0,0.2516,-0.0081,0.0001,-0.3844,0.1965,-0.0033
2026-09-11T17:04:13Z,2026-09-11 17:03:31,SPXW,2026-09-15,C,7200.0,7668.2998,459.1,1.0,477.6,1.0,469.04,25.0,18.0,0.0,0.9917,0.0001,-0.39,0.2005,0.3908
2026-09-11T17:04:13Z,2026-09-11 17:03:31,SPXW,2026-09-15,P,7200.0,7668.2998,0.5,418.0,0.6,319.0,0.55,80.0,376.0,0.2489,-0.0083,0.0001,-0.3898,0.2005,-0.0034
2026-09-11T17:04:13Z,2026-09-11 17:03:31,SPXW,2026-09-15,C,7205.0,7668.2998,453.3,1.0,472.6,1.0,0.0,0.0,0.0,0.0,0.9915,0.0001,-0.3954,0.2044,0.391
2026-09-11T17:04:13Z,2026-09-11 17:03:31,SPXW,2026-09-15,P,7205.0,7668.2998,0.5,321.0,0.6,204.0,0.55,3.0,6.0,0.2465,-0.0085,0.0001,-0.3952,0.2044,-0.0035
2026-09-11T17:04:13Z,2026-09-11 17:03:31,SPXW,2026-09-15,C,7210.0,7668.2998,449.9,1.0,465.1,1.0,388.67,0.0,28.0,0.0,0.9913,0.0001,-0.401,0.2085,0.3912
2026-09-11T17:04:13Z,2026-09-11 17:03:31,SPXW,2026-09-15,P,7210.0,7668.2998,0.55,56.0,0.6,152.0,0.6,14.0,39.0,0.2456,-0.0087,0.0001,-0.4006,0.2082,-0.0036
2026-09-11T17:04:13Z,2026-09-11 17:03:31,SPXW,2026-09-15,C,7215.0,7668.2998,443.3,1.0,462.2,1.0,0.0,0.0,0.0,0.0,0.9911,0.0001,-0.4066,0.2126,0.3914
2026-09-11T17:04:13Z,2026-09-11 17:03:31,SPXW,2026-09-15,P,7215.0,7668.2998,0.55,117.0,0.6,147.0,0.6,2.0,22.0,0.2432,-0.0089,0.0001,-0.4064,0.2124,-0.0036
2026-09-11T17:04:13Z,2026-09-11 17:03:31,SPXW,2026-09-15,C,7220.0,7668.2998,438.3,1.0,456.4,1.0,0.0,0.0,0.0,0.0,0.9909,0.0001,-0.4124,0.2169,0.3916
2026-09-11T17:04:13Z,2026-09-11 17:03:31,SPXW,2026-09-15,P,7220.0,7668.2998,0.55,233.0,0.6,41.0,0.6,3.0,117.0,0.2406,-0.0091,0.0001,-0.4122,0.2169,-0.0037
2026-09-11T17:04:13Z,2026-09-11 17:03:31,SPXW,2026-09-15,C,7225.0,7668.2998,434.8,1.0,452.5,1.0,0.0,0.0,0.0,0.0,0.9907,0.0001,-0.4183,0.2213,0.3918
2026-09-11T17:04:13Z,2026-09-11 17:03:31,SPXW,2026-09-15,P,7225.0,7668.2998,0.55,273.0,0.65,315.0,0.6,6.0,200.0,0.2396,-0.0093,0.0001,-0.4181,0.2211,-0.0038
2026-09-11T17:04:13Z,2026-09-11 17:03:31,SPXW,2026-09-15,C,7230.0,7668.2998,429.8,1.0,447.5,1.0,0.0,0.0,0.0,0.0,0.9905,0.0001,-0.4243,0.2257,0.392
2026-09-11T17:04:13Z,2026-09-11 17:03:31,SPXW,2026-09-15,P,7230.0,7668.2998,0.55,305.0,0.65,311.0,0.6,5.0,6.0,0.237,-0.0095,0.0001,-0.4242,0.2258,-0.0039
2026-09-11T17:04:13Z,2026-09-11 17:03:31,SPXW,2026-09-15,C,7235.0,7668.2998,423.3,1.0,442.6,1.0,0.0,0.0,0.0,0.0,0.9903,0.0001,-0.4305,0.2303,0.3921
2026-09-11T17:04:13Z,2026-09-11 17:03:31,SPXW,2026-09-15,P,7235.0,7668.2998,0.6,59.0,0.65,170.0,0.65,2.0,90.0,0.2345,-0.0097,0.0001,-0.4303,0.2304,-0.004
2026-09-11T17:04:13Z,2026-09-11 17:03:31,SPXW,2026-09-15,C,7240.0,7668.2998,418.4,1.0,437.7,1.0,0.0,0.0,0.0,0.0,0.99,0.0001,-0.4368,0.235,0.3923
2026-09-11T17:04:13Z,2026-09-11 17:03:31,SPXW,2026-09-15,P,7240.0,7668.2998,0.6,77.0,0.65,142.0,0.65,5.0,190.0,0.2334,-0.0099,0.0001,-0.4365,0.2348,-0.0041
2026-09-11T17:04:13Z,2026-09-11 17:03:31,SPXW,2026-09-15,C,7245.0,7668.2998,413.4,1.0,432.7,1.0,0.0,0.0,0.0,0.0,0.9898,0.0001,-0.4432,0.2399,0.3925
2026-09-11T17:04:13Z,2026-09-11 17:03:31,SPXW,2026-09-15,P,7245.0,7668.2998,0.6,220.0,0.65,58.0,0.65,6.0,7.0,0.2308,-0.0102,0.0001,-0.4431,0.2399,-0.0042
2026-09-11T17:04:13Z,2026-09-11 17:03:31,SPXW,2026-09-15,C,7250.0,7668.2998,409.8,1.0,427.7,1.0,408.24,20.0,0.0,0.0,0.9896,0.0001,-0.4498,0.2448,0.3927
2026-09-11T17:04:13Z,2026-09-11 17:03:31,SPXW,2026-09-15,P,7250.0,7668.2998,0.6,261.0,0.7,345.0,0.65,13.0,312.0,0.2296,-0.0104,0.0001,-0.4498,0.2448,-0.0043
2026-09-11T17:04:13Z,2026-09-11 17:03:31,SPXW,2026-09-15,C,7255.0,7668.2998,404.9,1.0,422.8,2.0,0.0,0.0,0.0,0.0,0.9893,0.0001,-0.4566,0.25,0.3928
2026-09-11T17:04:13Z,2026-09-11 17:03:31,SPXW,2026-09-15,P,7255.0,7668.2998,0.6,298.0,0.7,339.0,0.65,2.0,20.0,0.227,-0.0107,0.0001,-0.4565,0.25,-0.0044
2026-09-11T17:04:13Z,2026-09-11 17:03:31,SPXW,2026-09-15,C,7260.0,7668.2998,398.4,1.0,417.6,1.0,411.29,1.0,0.0,0.0,0.9891,0.0002,-0.4634,0.2552,0.393
2026-09-11T17:04:13Z,2026-09-11 17:03:31,SPXW,2026-09-15,P,7260.0,7668.2998,0.65,59.0,0.7,154.0,0.7,19.0,99.0,0.2245,-0.0109,0.0002,-0.4634,0.2553,-0.0045
2026-09-11T17:04:13Z,2026-09-11 17:03:31,SPXW,2026-09-15,C,7265.0,7668.2998,394.9,1.0,412.6,1.0,0.0,0.0,0.0,0.0,0.9888,0.0002,-0.4705,0.2607,0.3932
2026-09-11T17:04:13Z,2026-09-11 17:03:31,SPXW,2026-09-15,P,7265.0,7668.2998,0.65,75.0,0.7,136.0,0.7,12.0,53.0,0.2234,-0.0112,0.0002,-0.4702,0.2604,-0.0046
2026-09-11T17:04:13Z,2026-09-11 17:03:31,SPXW,2026-09-15,C,7270.0,7668.2998,388.4,1.0,406.5,1.0,0.0,0.0,0.0,0.0,0.9885,0.0002,-0.4777,0.2663,0.3933
2026-09-11T17:04:13Z,2026-09-11 17:03:31,SPXW,2026-09-15,P,7270.0,7668.2998,0.65,232.0,0.7,31.0,0.65,51.0,3027.0,0.2207,-0.0115,0.0002,-0.4777,0.2664,-0.0047
2026-09-11T17:04:13Z,2026-09-11 17:03:31,SPXW,2026-09-15,C,7275.0,7668.2998,385.1,1.0,402.7,1.0,395.01,1.0,28.0,0.0,0.9882,0.0002,-0.4852,0.2721,0.3935
2026-09-11T17:04:13Z,2026-09-11 17:03:31,SPXW,2026-09-15,P,7275.0,7668.2998,0.65,302.0,0.75,343.0,0.7,27.0,182.0,0.2194,-0.0117,0.0002,-0.4849,0.2719,-0.0048
2026-09-11T17:04:13Z,2026-09-11 17:03:31,SPXW,2026-09-15,C,7280.0,7668.2998,378.5,1.0,396.6,1.0,0.0,0.0,0.0,0.0,0.9879,0.0002,-0.4927,0.2781,0.3936
2026-09-11T17:04:13Z,2026-09-11 17:03:31,SPXW,2026-09-15,P,7280.0,7668.2998,0.65,299.0,0.75,321.0,0.75,152.0,199.0,0.2167,-0.012,0.0002,-0.4928,0.2782,-0.0049
2026-09-11T17:04:13Z,2026-09-11 17:03:31,SPXW,2026-09-15,C,7285.0,7668.2998,374.7,1.0,392.8,1.0,0.0,0.0,0.0,0.0,0.9876,0.0002,-0.5005,0.2843,0.3938
2026-09-11T17:04:13Z,2026-09-11 17:03:31,SPXW,2026-09-15,P,7285.0,7668.2998,0.7,98.0,0.75,135.0,0.75,2.0,85.0,0.2155,-0.0123,0.0002,-0.5,0.2839,-0.005
2026-09-11T17:04:13Z,2026-09-11 17:03:31,SPXW,2026-09-15,C,7290.0,7668.2998,368.5,1.0,385.3,1.0,0.0,0.0,0.0,0.0,0.9873,0.0002,-0.5085,0.2907,0.3939
2026-09-11T17:04:13Z,2026-09-11 17:03:31,SPXW,2026-09-15,P,7290.0,7668.2998,0.7,211.0,0.75,31.0,0.75,4.0,37.0,0.2129,-0.0126,0.0002,-0.5081,0.2904,-0.0052
2026-09-11T17:04:13Z,2026-09-11 17:03:31,SPXW,2026-09-15,C,7295.0,7668.2998,365.0,1.0,382.7,1.0,0.0,0.0,0.0,0.0,0.987,0.0002,-0.5167,0.2973,0.3941
2026-09-11T17:04:13Z,2026-09-11 17:03:31,SPXW,2026-09-15,P,7295.0,7668.2998,0.7,273.0,0.8,329.0,0.75,11.0,30.0,0.2114,-0.013,0.0002,-0.5164,0.2971,-0.0053
2026-09-11T17:04:13Z,2026-09-11 17:03:31,SPXW,2026-09-15,C,7300.0,7668.2998,359.3,1.0,377.7,1.0,461.74,0.0,1.0,0.0,0.9867,0.0002,-0.5251,0.3042,0.3942
2026-09-11T17:04:13Z,2026-09-11 17:03:31,SPXW,2026-09-15,P,7300.0,7668.2998,0.7,339.0,0.8,179.0,0.75,72.0,388.0,0.2088,-0.0133,0.0002,-0.5247,0.3039,-0.0055
2026-09-11T17:04:13Z,2026-09-11 17:03:31,SPXW,2026-09-15,C,7305.0,7668.2998,354.6,1.0,372.1,1.0,0.0,0.0,0.0,0.0,0.9863,0.0002,-0.5337,0.3113,0.3943
2026-09-11T17:04:13Z,2026-09-11 17:03:31,SPXW,2026-09-15,P,7305.0,7668.2998,0.75,219.0,0.8,29.0,0.85,10.0,31.0,0.2073,-0.0137,0.0002,-0.5333,0.3109,-0.0056
2026-09-11T17:04:13Z,2026-09-11 17:03:31,SPXW,2026-09-15,C,7310.0,7668.2998,350.0,1.0,367.8,1.0,342.43,0.0,30.0,0.0,0.9859,0.0002,-0.5426,0.3186,0.3945
2026-09-11T17:04:13Z,2026-09-11 17:03:31,SPXW,2026-09-15,P,7310.0,7668.2998,0.75,242.0,0.85,318.0,0.8,77.0,68.0,0.2055,-0.014,0.0002,-0.5426,0.3186,-0.0058
2026-09-11T17:04:13Z,2026-09-11 17:03:31,SPXW,2026-09-15,C,7315.0,7668.2998,343.7,1.0,362.9,1.0,0.0,0.0,0.0,0.0,0.9856,0.0002,-0.5518,0.3261,0.3946
2026-09-11T17:04:13Z,2026-09-11 17:03:31,SPXW,2026-09-15,P,7315.0,7668.2998,0.75,289.0,0.85,250.0,0.85,56.0,37.0,0.203,-0.0144,0.0002,-0.5514,0.3259,-0.0059
2026-09-11T17:04:13Z,2026-09-11 17:03:31,SPXW,2026-09-15,C,7320.0,7668.2998,339.0,1.0,357.6,1.0,401.6,0.0,0.0,0.0,0.9852,0.0002,-0.5612,0.3339,0.3947
2026-09-11T17:04:13Z,2026-09-11 17:03:31,SPXW,2026-09-15,P,7320.0,7668.2998,0.8,135.0,0.85,37.0,0.9,3.0,238.0,0.2014,-0.0148,0.0002,-0.5608,0.3337,-0.0061
2026-09-11T17:04:13Z,2026-09-11 17:03:31,SPXW,2026-09-15,C,7325.0,7668.2998,335.0,1.0,352.8,1.0,467.33,0.0,1.0,0.0,0.9847,0.0002,-0.5709,0.342,0.3948
2026-09-11T17:04:13Z,2026-09-11 17:03:31,SPXW,2026-09-15,P,7325.0,7668.2998,0.8,291.0,0.9,352.0,0.9,24.0,302.0,0.1995,-0.0152,0.0002,-0.5709,0.342,-0.0063
2026-09-11T17:04:13Z,2026-09-11 17:03:31,SPXW,2026-09-15,C,7330.0,7668.2998,328.6,1.0,347.9,1.0,0.0,0.0,0.0,0.0,0.9843,0.0002,-0.5809,0.3503,0.3949
2026-09-11T17:04:13Z,2026-09-11 17:03:31,SPXW,2026-09-15,P,7330.0,7668.2998,0.8,295.0,0.9,169.0,0.95,31.0,55.0,0.1971,-0.0157,0.0002,-0.5806,0.35,-0.0064
2026-09-11T17:04:13Z,2026-09-11 17:03:31,SPXW,2026-09-15,C,7335.0,7668.2998,325.1,1.0,341.8,1.0,0.0,0.0,0.0,0.0,0.9839,0.0002,-0.5913,0.3589,0.395
2026-09-11T17:04:13Z,2026-09-11 17:03:31,SPXW,2026-09-15,P,7335.0,7668.2998,0.85,232.0,0.9,37.0,0.9,17.0,120.0,0.1953,-0.0161,0.0002,-0.591,0.3586,-0.0066
2026-09-11T17:04:13Z,2026-09-11 17:03:31,SPXW,2026-09-15,C,7340.0,7668.2998,318.7,2.0,338.0,1.0,0.0,0.0,0.0,0.0,0.9834,0.0003,-0.602,0.3678,0.395
2026-09-11T17:04:13Z,2026-09-11 17:03:31,SPXW,2026-09-15,P,7340.0,7668.2998,0.85,290.0,0.95,320.0,0.9,242.0,580.0,0.1935,-0.0166,0.0003,-0.6016,0.3674,-0.0068
2026-09-11T17:04:13Z,2026-09-11 17:03:31,SPXW,2026-09-15,C,7345.0,7668.2998,313.7,1.0,331.8,1.0,0.0,0.0,0.0,0.0,0.9829,0.0003,-0.6131,0.3771,0.3951
2026-09-11T17:04:13Z,2026-09-11 17:03:31,SPXW,2026-09-15,P,7345.0,7668.2998,0.9,95.0,0.95,36.0,1.0,62.0,54.0,0.1916,-0.0171,0.0003,-0.6128,0.3768,-0.007
2026-09-11T17:04:13Z,2026-09-11 17:03:31,SPXW,2026-09-15,C,7350.0,7668.2998,308.7,1.0,327.9,1.0,300.89,0.0,10.0,0.0,0.9824,0.0003,-0.6246,0.3867,0.3952
2026-09-11T17:04:13Z,2026-09-11 17:03:31,SPXW,2026-09-15,P,7350.0,7668.2998,0.9,262.0,1.0,336.0,0.95,285.0,367.0,0.1897,-0.0176,0.0003,-0.6246,0.3867,-0.0072
2026-09-11T17:04:13Z,2026-09-11 17:03:31,SPXW,2026-09-15,C,7355.0,7668.2998,305.0,1.0,320.6,1.0,0.0,0.0,0.0,0.0,0.9818,0.0003,-0.6365,0.3967,0.3952
2026-09-11T17:04:13Z,2026-09-11 17:03:31,SPXW,2026-09-15,P,7355.0,7668.2998,0.9,306.0,1.0,109.0,1.05,47.0,148.0,0.1871,-0.0181,0.0003,-0.6365,0.3967,-0.0075
2026-09-11T17:04:13Z,2026-09-11 17:03:31,SPXW,2026-09-15,C,7360.0,7668.2998,298.8,1.0,318.2,2.0,243.7,0.0,15.0,0.0,0.9813,0.0003,-0.6488,0.4072,0.3953
2026-09-11T17:04:13Z,2026-09-11 17:03:31,SPXW,2026-09-15,P,7360.0,7668.2998,0.95,230.0,1.05,308.0,1.04,121.0,223.0,0.1852,-0.0187,0.0003,-0.6488,0.4072,-0.0077
2026-09-11T17:04:13Z,2026-09-11 17:03:31,SPXW,2026-09-15,C,7365.0,7668.2998,293.8,1.0,312.5,1.0,0.0,0.0,0.0,0.0,0.9807,0.0003,-0.6616,0.4182,0.3953
2026-09-11T17:04:13Z,2026-09-11 17:03:31,SPXW,2026-09-15,P,7365.0,7668.2998,0.95,296.0,1.05,107.0,1.1,6.0,90.0,0.1832,-0.0193,0.0003,-0.6616,0.4182,-0.0079
2026-09-11T17:04:13Z,2026-09-11 17:03:31,SPXW,2026-09-15,C,7370.0,7668.2998,288.8,1.0,307.4,1.0,347.97,0.0,1.0,0.0,0.9801,0.0003,-0.675,0.4296,0.3953
2026-09-11T17:04:13Z,2026-09-11 17:03:31,SPXW,2026-09-15,P,7370.0,7668.2998,1.0,235.0,1.1,314.0,1.1,45.0,187.0,0.1819,-0.0199,0.0003,-0.675,0.4296,-0.0082
2026-09-11T17:04:13Z,2026-09-11 17:03:31,SPXW,2026-09-15,C,7375.0,7668.2998,283.8,1.0,302.8,1.0,309.08,0.0,19.0,0.0,0.9794,0.0003,-0.6888,0.4416,0.3953
2026-09-11T17:04:13Z,2026-09-11 17:03:31,SPXW,2026-09-15,P,7375.0,7668.2998,1.05,84.0,1.1,34.0,1.1,62.0,396.0,0.1793,-0.0206,0.0003,-0.6888,0.4416,-0.0085
2026-09-11T17:04:13Z,2026-09-11 17:03:31,SPXW,2026-09-15,C,7380.0,7668.2998,279.9,1.0,298.1,1.0,0.0,0.0,0.0,0.1258,0.9787,0.0004,-0.7033,0.4541,0.3953
2026-09-11T17:04:13Z,2026-09-11 17:03:31,SPXW,2026-09-15,P,7380.0,7668.2998,1.05,286.0,1.15,256.0,1.13,22.0,253.0,0.1779,-0.0212,0.0004,-0.7033,0.4541,-0.0087
2026-09-11T17:04:13Z,2026-09-11 17:03:31,SPXW,2026-09-15,C,7385.0,7668.2998,273.9,2.0,290.8,1.0,219.7,0.0,0.0,0.0,0.978,0.0004,-0.7184,0.4671,0.3953
2026-09-11T17:04:13Z,2026-09-11 17:03:31,SPXW,2026-09-15,P,7385.0,7668.2998,1.1,85.0,1.15,26.0,1.17,11.0,92.0,0.1758,-0.022,0.0004,-0.7184,0.4671,-0.009
2026-09-11T17:04:13Z,2026-09-11 17:03:31,SPXW,2026-09-15,C,7390.0,7668.2998,270.0,1.0,287.4,1.0,0.0,0.0,0.0,0.0,0.9773,0.0004,-0.7341,0.4807,0.3952
2026-09-11T17:04:13Z,2026-09-11 17:03:31,SPXW,2026-09-15,P,7390.0,7668.2998,1.1,287.0,1.2,113.0,1.25,153.0,205.0,0.1737,-0.0227,0.0004,-0.7341,0.4807,-0.0094
2026-09-11T17:04:13Z,2026-09-11 17:03:31,SPXW,2026-09-15,C,7395.0,7668.2998,264.0,2.0,282.3,1.0,0.0,0.0,0.0,0.0,0.9765,0.0004,-0.7506,0.4948,0.3952
2026-09-11T17:04:13Z,2026-09-11 17:03:31,SPXW,2026-09-15,P,7395.0,7668.2998,1.15,273.0,1.25,266.0,1.35,31.0,83.0,0.1722,-0.0235,0.0004,-0.7506,0.4948,-0.0097
2026-09-11T17:04:13Z,2026-09-11 17:03:31,SPXW,2026-09-15,C,7400.0,7668.2998,259.0,1.0,276.0,1.0,216.99,0.0,10.0,0.0,0.9756,0.0004,-0.7679,0.5096,0.3951
2026-09-11T17:04:13Z,2026-09-11 17:03:31,SPXW,2026-09-15,P,7400.0,7668.2998,1.2,230.0,1.3,313.0,1.3,115.0,3132.0,0.17,-0.0244,0.0004,-0.7679,0.5096,-0.01
2026-09-11T17:04:13Z,2026-09-11 17:03:31,SPXW,2026-09-15,C,7405.0,7668.2998,254.2,1.0,272.8,1.0,0.0,0.0,0.0,0.0,0.9747,0.0004,-0.786,0.525,0.395
2026-09-11T17:04:13Z,2026-09-11 17:03:31,SPXW,2026-09-15,P,7405.0,7668.2998,1.25,84.0,1.3,25.0,1.45,12.0,156.0,0.1684,-0.0253,0.0004,-0.786,0.525,-0.0104
2026-09-11T17:04:13Z,2026-09-11 17:03:31,SPXW,2026-09-15,C,7410.0,7668.2998,249.1,2.0,267.8,1.0,249.34,0.0,32.0,0.0,0.9738,0.0004,-0.8051,0.5412,0.3949
2026-09-11T17:04:13Z,2026-09-11 17:03:31,SPXW,2026-09-15,P,7410.0,7668.2998,1.25,274.0,1.35,39.0,1.3,23.0,281.0,0.1662,-0.0262,0.0004,-0.8051,0.5412,-0.0108
2026-09-11T17:04:13Z,2026-09-11 17:03:31,SPXW,2026-09-15,C,7415.0,7668.2998,244.3,1.0,263.4,1.0,0.0,0.0,0.0,0.0,0.9728,0.0005,-0.8251,0.5583,0.3947
2026-09-11T17:04:13Z,2026-09-11 17:03:31,SPXW,2026-09-15,P,7415.0,7668.2998,1.3,270.0,1.4,123.0,1.55,15.0,226.0,0.1645,-0.0272,0.0005,-0.8251,0.5583,-0.0112
2026-09-11T17:04:13Z,2026-09-11 17:03:31,SPXW,2026-09-15,C,7420.0,7668.2998,240.0,1.0,257.9,1.0,249.27,1.0,3.0,0.0,0.9717,0.0005,-0.8461,0.5762,0.3946
2026-09-11T17:04:13Z,2026-09-11 17:03:31,SPXW,2026-09-15,P,7420.0,7668.2998,1.35,266.0,1.45,140.0,1.4,22.0,279.0,0.1627,-0.0283,0.0005,-0.8461,0.5762,-0.0117
2026-09-11T17:04:13Z,2026-09-11 17:03:31,SPXW,2026-09-15,C,7425.0,7668.2998,234.4,1.0,251.2,1.0,270.15,0.0,10.0,0.0,0.9706,0.0005,-0.8682,0.5952,0.3944
2026-09-11T17:04:13Z,2026-09-11 17:03:31,SPXW,2026-09-15,P,7425.0,7668.2998,1.4,283.0,1.5,133.0,1.45,25.0,1240.0,0.1608,-0.0294,0.0005,-0.8682,0.5952,-0.0122
2026-09-11T17:04:13Z,2026-09-11 17:03:31,SPXW,2026-09-15,C,7430.0,7668.2998,230.1,1.0,248.0,1.0,0.0,0.0,0.0,0.1109,0.9694,0.0005,-0.8916,0.6152,0.3942
2026-09-11T17:04:13Z,2026-09-11 17:03:31,SPXW,2026-09-15,P,7430.0,7668.2998,1.45,261.0,1.55,116.0,1.7,30.0,338.0,0.159,-0.0306,0.0005,-0.8916,0.6152,-0.0126
2026-09-11T17:04:13Z,2026-09-11 17:03:31,SPXW,2026-09-15,C,7435.0,7668.2998,225.3,1.0,243.2,1.0,0.0,0.0,0.0,0.1233,0.9681,0.0006,-0.9161,0.6363,0.3939
2026-09-11T17:04:13Z,2026-09-11 17:03:31,SPXW,2026-09-15,P,7435.0,7668.2998,1.55,20.0,1.6,43.0,1.75,51.0,240.0,0.157,-0.0319,0.0006,-0.9161,0.6363,-0.0132
2026-09-11T17:04:13Z,2026-09-11 17:03:31,SPXW,2026-09-15,C,7440.0,7668.2998,219.8,1.0,237.6,1.0,166.77,0.0,81.0,0.0,0.9667,0.0006,-0.942,0.6585,0.3936
2026-09-11T17:04:13Z,2026-09-11 17:03:31,SPXW,2026-09-15,P,7440.0,7668.2998,1.6,74.0,1.7,267.0,1.8,53.0,475.0,0.1555,-0.0333,0.0006,-0.942,0.6585,-0.0138
2026-09-11T17:04:13Z,2026-09-11 17:03:31,SPXW,2026-09-15,C,7445.0,7668.2998,215.2,1.0,233.0,1.0,237.0,0.0,1.0,0.109,0.9652,0.0006,-0.9694,0.6818,0.3932
2026-09-11T17:04:13Z,2026-09-11 17:03:31,SPXW,2026-09-15,P,7445.0,7668.2998,1.65,223.0,1.75,157.0,1.95,65.0,220.0,0.1538,-0.0348,0.0006,-0.9694,0.6818,-0.0144
2026-09-11T17:04:13Z,2026-09-11 17:03:31,SPXW,2026-09-15,C,7450.0,7668.2998,211.2,1.0,226.8,1.0,220.16,1.0,12.0,0.0943,0.9637,0.0006,-0.9984,0.7063,0.3929
2026-09-11T17:04:13Z,2026-09-11 17:03:31,SPXW,2026-09-15,P,7450.0,7668.2998,1.7,187.0,1.8,35.0,1.75,177.0,1714.0,0.1518,-0.0363,0.0006,-0.9984,0.7063,-0.015
2026-09-11T17:04:13Z,2026-09-11 17:03:31,SPXW,2026-09-15,C,7455.0,7668.2998,208.8,1.0,222.9,1.0,210.19,14.0,0.0,0.151,0.962,0.0007,-1.029,0.732,0.3924
2026-09-11T17:04:13Z,2026-09-11 17:03:31,SPXW,2026-09-15,P,7455.0,7668.2998,1.8,62.0,1.9,155.0,2.15,38.0,90.0,0.1504,-0.038,0.0007,-1.029,0.732,-0.0157
2026-09-11T17:04:13Z,2026-09-11 17:03:31,SPXW,2026-09-15,C,7460.0,7668.2998,204.4,1.0,218.1,1.0,201.74,0.0,5.0,0.1535,0.9602,0.0007,-1.0613,0.7591,0.392
2026-09-11T17:04:13Z,2026-09-11 17:03:31,SPXW,2026-09-15,P,7460.0,7668.2998,1.85,142.0,1.95,24.0,2.2,81.0,496.0,0.1482,-0.0398,0.0007,-1.0613,0.7591,-0.0165
2026-09-11T17:04:13Z,2026-09-11 17:03:31,SPXW,2026-09-15,C,7465.0,7668.2998,199.4,1.0,213.2,4.0,0.0,0.0,0.0,0.1511,0.9583,0.0007,-1.0955,0.7877,0.3914
2026-09-11T17:04:13Z,2026-09-11 17:03:31,SPXW,2026-09-15,P,7465.0,7668.2998,1.95,135.0,2.05,110.0,2.2,51.0,155.0,0.1467,-0.0417,0.0007,-1.0955,0.7877,-0.0173
2026-09-11T17:04:13Z,2026-09-11 17:03:31,SPXW,2026-09-15,C,7470.0,7668.2998,194.6,1.0,207.5,1.0,0.0,0.0,0.0,0.1448,0.9562,0.0008,-1.1317,0.8182,0.3909
2026-09-11T17:04:13Z,2026-09-11 17:03:31,SPXW,2026-09-15,P,7470.0,7668.2998,2.05,109.0,2.15,155.0,2.45,90.0,249.0,0.145,-0.0437,0.0008,-1.1317,0.8182,-0.0181
2026-09-11T17:04:13Z,2026-09-11 17:03:31,SPXW,2026-09-15,C,7475.0,7668.2998,189.4,1.0,202.5,1.0,192.12,1.0,7.0,0.1405,0.954,0.0008,-1.1699,0.8504,0.3902
2026-09-11T17:04:13Z,2026-09-11 17:03:31,SPXW,2026-09-15,P,7475.0,7668.2998,2.15,77.0,2.25,156.0,2.15,142.0,399.0,0.143,-0.0459,0.0008,-1.1699,0.8504,-0.019
2026-09-11T17:04:13Z,2026-09-11 17:03:31,SPXW,2026-09-15,C,7480.0,7668.2998,184.7,1.0,198.5,5.0,187.32,1.0,4.0,0.1455,0.9517,0.0009,-1.2102,0.8844,0.3895
2026-09-11T17:04:13Z,2026-09-11 17:03:31,SPXW,2026-09-15,P,7480.0,7668.2998,2.25,79.0,2.35,152.0,2.55,73.0,240.0,0.1416,-0.0483,0.0009,-1.2102,0.8844,-0.02
2026-09-11T17:04:13Z,2026-09-11 17:03:31,SPXW,2026-09-15,C,7485.0,7668.2998,179.8,1.0,193.6,4.0,128.15,0.0,1.0,0.1435,0.9492,0.0009,-1.2528,0.9202,0.3887
2026-09-11T17:04:13Z,2026-09-11 17:03:31,SPXW,2026-09-15,P,7485.0,7668.2998,2.35,149.0,2.45,54.0,2.4,74.0,216.0,0.1397,-0.0508,0.0009,-1.2528,0.9202,-0.0211
2026-09-11T17:04:13Z,2026-09-11 17:03:31,SPXW,2026-09-15,C,7490.0,7668.2998,174.9,1.0,188.6,1.0,123.29,0.0,6.0,0.1409,0.9464,0.001,-1.2978,0.9577,0.3878
2026-09-11T17:04:13Z,2026-09-11 17:03:31,SPXW,2026-09-15,P,7490.0,7668.2998,2.5,65.0,2.6,135.0,2.9,220.0,360.0,0.1378,-0.0536,0.001,-1.2978,0.9577,-0.0222
2026-09-11T17:04:13Z,2026-09-11 17:03:31,SPXW,2026-09-15,C,7495.0,7668.2998,170.0,1.0,182.4,1.0,0.0,0.0,0.0,0.1316,0.9435,0.001,-1.3453,0.9971,0.3869
2026-09-11T17:04:13Z,2026-09-11 17:03:31,SPXW,2026-09-15,P,7495.0,7668.2998,2.6,121.0,2.7,78.0,3.1,64.0,1336.0,0.1363,-0.0565,0.001,-1.3453,0.9971,-0.0235
2026-09-11T17:04:13Z,2026-09-11 17:03:31,SPXW,2026-09-15,C,7500.0,7668.2998,165.2,1.0,177.7,1.0,178.0,2.0,50.0,0.1313,0.9404,0.0011,-1.3954,1.0386,0.3858
2026-09-11T17:04:13Z,2026-09-11 17:03:31,SPXW,2026-09-15,P,7500.0,7668.2998,2.75,70.0,2.85,128.0,2.75,1353.0,2197.0,0.1345,-0.0596,0.0011,-1.3954,1.0386,-0.0248
2026-09-11T17:04:13Z,2026-09-11 17:03:31,SPXW,2026-09-15,C,7505.0,7668.2998,160.4,1.0,172.7,1.0,172.89,1.0,8.0,0.1293,0.937,0.0011,-1.4481,1.0825,0.3847
2026-09-11T17:04:13Z,2026-09-11 17:03:31,SPXW,2026-09-15,P,7505.0,7668.2998,2.9,93.0,3.0,98.0,2.9,82.0,186.0,0.1329,-0.063,0.0011,-1.4481,1.0825,-0.0262
2026-09-11T17:04:13Z,2026-09-11 17:03:31,SPXW,2026-09-15,C,7510.0,7668.2998,155.3,1.0,168.2,1.0,106.01,0.0,5.0,0.1282,0.9334,0.0012,-1.5035,1.1289,0.3835
2026-09-11T17:04:13Z,2026-09-11 17:03:31,SPXW,2026-09-15,P,7510.0,7668.2998,3.0,187.0,3.2,121.0,3.1,200.0,296.0,0.1314,-0.0666,0.0012,-1.5035,1.1289,-0.0277
2026-09-11T17:04:13Z,2026-09-11 17:03:31,SPXW,2026-09-15,C,7515.0,7668.2998,150.5,1.0,163.3,1.0,158.96,50.0,13.0,0.1264,0.9295,0.0013,-1.5617,1.1779,0.3821
2026-09-11T17:04:13Z,2026-09-11 17:03:31,SPXW,2026-09-15,P,7515.0,7668.2998,3.2,118.0,3.4,128.0,3.8,127.0,187.0,0.1295,-0.0705,0.0013,-1.5617,1.1779,-0.0293
2026-09-11T17:04:13Z,2026-09-11 17:03:31,SPXW,2026-09-15,C,7520.0,7668.2998,145.7,1.0,158.3,1.0,154.21,50.0,85.0,0.1241,0.9253,0.0014,-1.6228,1.229,0.3806
2026-09-11T17:04:13Z,2026-09-11 17:03:31,SPXW,2026-09-15,P,7520.0,7668.2998,3.4,95.0,3.5,29.0,3.84,285.0,217.0,0.128,-0.0747,0.0014,-1.6228,1.229,-0.0311
2026-09-11T17:04:13Z,2026-09-11 17:03:31,SPXW,2026-09-15,C,7525.0,7668.2998,140.9,1.0,154.1,1.0,93.3,0.0,90.0,0.1253,0.9208,0.0014,-1.6868,1.2822,0.379
2026-09-11T17:04:13Z,2026-09-11 17:03:31,SPXW,2026-09-15,P,7525.0,7668.2998,3.6,93.0,3.7,16.0,4.08,218.0,1082.0,0.1264,-0.0792,0.0014,-1.6868,1.2822,-0.033
2026-09-11T17:04:13Z,2026-09-11 17:03:31,SPXW,2026-09-15,C,7530.0,7668.2998,136.4,1.0,149.1,1.0,91.05,0.0,30.0,0.124,0.9159,0.0015,-1.7537,1.3378,0.3772
2026-09-11T17:04:13Z,2026-09-11 17:03:31,SPXW,2026-09-15,P,7530.0,7668.2998,3.8,169.0,3.9,20.0,4.55,215.0,314.0,0.1246,-0.0841,0.0015,-1.7537,1.3378,-0.0351
2026-09-11T17:04:13Z,2026-09-11 17:03:31,SPXW,2026-09-15,C,7535.0,7668.2998,131.6,1.0,144.6,2.0,143.32,1.0,22.0,0.1233,0.9107,0.0016,-1.8236,1.3964,0.3753
2026-09-11T17:04:13Z,2026-09-11 17:03:31,SPXW,2026-09-15,P,7535.0,7668.2998,4.1,42.0,4.2,93.0,4.25,144.0,472.0,0.1228,-0.0893,0.0016,-1.8236,1.3964,-0.0372
2026-09-11T17:04:13Z,2026-09-11 17:03:31,SPXW,2026-09-15,C,7540.0,7668.2998,126.9,1.0,139.8,2.0,132.63,2.0,30.0,0.1217,0.9051,0.0017,-1.8965,1.4582,0.3733
2026-09-11T17:04:13Z,2026-09-11 17:03:31,SPXW,2026-09-15,P,7540.0,7668.2998,4.3,158.0,4.4,19.0,4.9,192.0,428.0,0.1215,-0.0949,0.0017,-1.8965,1.4582,-0.0396
2026-09-11T17:04:13Z,2026-09-11 17:03:31,SPXW,2026-09-15,C,7545.0,7668.2998,122.2,1.0,134.7,1.0,128.05,2.0,17.0,0.1188,0.899,0.0018,-1.9722,1.5226,0.371
2026-09-11T17:04:13Z,2026-09-11 17:03:31,SPXW,2026-09-15,P,7545.0,7668.2998,4.6,77.0,4.7,48.0,4.6,154.0,318.0,0.1201,-0.101,0.0018,-1.9722,1.5226,-0.0421
2026-09-11T17:04:13Z,2026-09-11 17:03:31,SPXW,2026-09-15,C,7550.0,7668.2998,117.2,1.0,130.3,1.0,116.57,3.0,44.0,0.1173,0.8925,0.0019,-2.0508,1.5891,0.3685
2026-09-11T17:04:13Z,2026-09-11 17:03:31,SPXW,2026-09-15,P,7550.0,7668.2998,4.9,62.0,5.0,46.0,4.9,1335.0,3021.0,0.1186,-0.1074,0.0019,-2.0508,1.5891,-0.0449
2026-09-11T17:04:13Z,2026-09-11 17:03:31,SPXW,2026-09-15,C,7555.0,7668.2998,112.8,1.0,125.9,1.0,113.48,6.0,9.0,0.1176,0.8856,0.002,-2.1322,1.6579,0.3658
2026-09-11T17:04:13Z,2026-09-11 17:03:31,SPXW,2026-09-15,P,7555.0,7668.2998,5.2,91.0,5.3,16.0,6.3,95.0,260.0,0.1169,-0.1144,0.002,-2.1322,1.6579,-0.0478
2026-09-11T17:04:13Z,2026-09-11 17:03:31,SPXW,2026-09-15,C,7560.0,7668.2998,108.0,1.0,121.1,1.0,104.6,16.0,34.0,0.1151,0.878,0.0021,-2.2164,1.7298,0.3629
2026-09-11T17:04:13Z,2026-09-11 17:03:31,SPXW,2026-09-15,P,7560.0,7668.2998,5.6,41.0,5.7,72.0,6.29,161.0,431.0,0.1153,-0.1219,0.0021,-2.2164,1.7298,-0.051
2026-09-11T17:04:13Z,2026-09-11 17:03:31,SPXW,2026-09-15,C,7565.0,7668.2998,105.9,1.0,114.5,1.0,103.13,4.0,31.0,0.1152,0.87,0.0023,-2.303,1.8049,0.3598
2026-09-11T17:04:13Z,2026-09-11 17:03:31,SPXW,2026-09-15,P,7565.0,7668.2998,6.0,18.0,6.1,70.0,6.4,226.0,302.0,0.1136,-0.13,0.0023,-2.303,1.8049,-0.0543
2026-09-11T17:04:13Z,2026-09-11 17:03:31,SPXW,2026-09-15,C,7570.0,7668.2998,101.3,1.0,109.9,3.0,96.4,1.0,49.0,0.1135,0.8613,0.0024,-2.3919,1.8826,0.3564
2026-09-11T17:04:13Z,2026-09-11 17:03:31,SPXW,2026-09-15,P,7570.0,7668.2998,6.4,33.0,6.5,42.0,6.95,340.0,335.0,0.1123,-0.1387,0.0024,-2.3919,1.8826,-0.058
2026-09-11T17:04:13Z,2026-09-11 17:03:31,SPXW,2026-09-15,C,7575.0,7668.2998,96.8,1.0,105.3,3.0,97.47,27.0,63.0,0.112,0.852,0.0025,-2.483,1.9617,0.3527
2026-09-11T17:04:13Z,2026-09-11 17:03:31,SPXW,2026-09-15,P,7575.0,7668.2998,6.8,74.0,7.0,71.0,7.45,638.0,1093.0,0.1108,-0.148,0.0025,-2.483,1.9617,-0.062
2026-09-11T17:04:13Z,2026-09-11 17:03:31,SPXW,2026-09-15,C,7580.0,7668.2998,92.1,1.0,100.8,1.0,93.02,21.0,107.0,0.11,0.8419,0.0027,-2.5758,2.0428,0.3488
2026-09-11T17:04:13Z,2026-09-11 17:03:31,SPXW,2026-09-15,P,7580.0,7668.2998,7.3,72.0,7.5,70.0,7.33,410.0,379.0,0.1094,-0.1581,0.0027,-2.5758,2.0428,-0.0662
2026-09-11T17:04:13Z,2026-09-11 17:03:31,SPXW,2026-09-15,C,7585.0,7668.2998,87.8,1.0,96.3,1.0,91.29,1.0,39.0,0.1091,0.8311,0.0028,-2.6701,2.1268,0.3445
2026-09-11T17:04:13Z,2026-09-11 17:03:31,SPXW,2026-09-15,P,7585.0,7668.2998,7.9,24.0,8.0,38.0,8.05,101.0,187.0,0.1078,-0.1688,0.0028,-2.6701,2.1268,-0.0707
2026-09-11T17:04:13Z,2026-09-11 17:03:31,SPXW,2026-09-15,C,7590.0,7668.2998,83.4,1.0,90.9,1.0,86.89,15.0,53.0,0.1051,0.8196,0.003,-2.7652,2.213,0.3399
2026-09-11T17:04:13Z,2026-09-11 17:03:31,SPXW,2026-09-15,P,7590.0,7668.2998,8.4,72.0,8.6,63.0,8.7,187.0,287.0,0.1065,-0.1804,0.003,-2.7652,2.213,-0.0756
2026-09-11T17:04:13Z,2026-09-11 17:03:31,SPXW,2026-09-15,C,7595.0,7668.2998,79.1,1.0,87.5,1.0,87.84,18.0,100.0,0.1063,0.8072,0.0032,-2.8606,2.2997,0.3349
2026-09-11T17:04:13Z,2026-09-11 17:03:31,SPXW,2026-09-15,P,7595.0,7668.2998,9.1,27.0,9.2,10.0,10.0,3457.0,1879.0,0.1051,-0.1928,0.0032,-2.8606,2.2997,-0.081
2026-09-11T17:04:13Z,2026-09-11 17:03:31,SPXW,2026-09-15,C,7600.0,7668.2998,77.0,2.0,80.6,9.0,83.48,53.0,193.0,0.104,0.7938,0.0034,-2.9558,2.3867,0.3295
2026-09-11T17:04:13Z,2026-09-11 17:03:31,SPXW,2026-09-15,P,7600.0,7668.2998,9.8,22.0,9.9,20.0,9.9,1151.0,1347.0,0.1036,-0.2061,0.0034,-2.9558,2.3867,-0.0866
2026-09-11T17:04:13Z,2026-09-11 17:03:31,SPXW,2026-09-15,C,7605.0,7668.2998,70.4,2.0,78.2,1.0,79.19,40.0,142.0,0.1014,0.7796,0.0035,-3.0498,2.4751,0.3239
2026-09-11T17:04:13Z,2026-09-11 17:03:31,SPXW,2026-09-15,P,7605.0,7668.2998,10.5,64.0,10.7,61.0,11.8,124.0,178.0,0.1022,-0.2204,0.0035,-3.0498,2.4751,-0.0925
2026-09-11T17:04:13Z,2026-09-11 17:03:31,SPXW,2026-09-15,C,7610.0,7668.2998,66.3,1.0,74.0,1.0,74.93,52.0,65.0,0.1002,0.7644,0.0037,-3.1418,2.564,0.3176
2026-09-11T17:04:13Z,2026-09-11 17:03:31,SPXW,2026-09-15,P,7610.0,7668.2998,11.3,64.0,11.5,27.0,12.2,366.0,373.0,0.1008,-0.2356,0.0037,-3.1418,2.564,-0.099
2026-09-11T17:04:13Z,2026-09-11 17:03:31,SPXW,2026-09-15,C,7615.0,7668.2998,65.2,3.0,67.5,4.0,67.25,141.0,142.0,0.1004,0.7481,0.0039,-3.2306,2.6507,0.3109
2026-09-11T17:04:13Z,2026-09-11 17:03:31,SPXW,2026-09-15,P,7615.0,7668.2998,12.2,63.0,12.4,51.0,13.1,2448.0,184.0,0.0995,-0.2519,0.0039,-3.2306,2.6507,-0.106
2026-09-11T17:04:13Z,2026-09-11 17:03:31,SPXW,2026-09-15,C,7620.0,7668.2998,61.9,8.0,62.2,8.0,63.25,82.0,77.0,0.0985,0.7308,0.0041,-3.3151,2.7354,0.304
2026-09-11T17:04:13Z,2026-09-11 17:03:31,SPXW,2026-09-15,P,7620.0,7668.2998,13.2,31.0,13.4,59.0,14.31,2177.0,368.0,0.0983,-0.2692,0.0041,-3.3151,2.7354,-0.1132
2026-09-11T17:04:13Z,2026-09-11 17:03:31,SPXW,2026-09-15,C,7625.0,7668.2998,58.0,6.0,58.2,8.0,57.62,87.0,86.0,0.0972,0.7124,0.0043,-3.394,2.819,0.2964
2026-09-11T17:04:13Z,2026-09-11 17:03:31,SPXW,2026-09-15,P,7625.0,7668.2998,14.2,61.0,14.4,24.0,15.8,211.0,805.0,0.0968,-0.2876,0.0043,-3.394,2.819,-0.1211
2026-09-11T17:04:13Z,2026-09-11 17:03:31,SPXW,2026-09-15,C,7630.0,7668.2998,54.1,10.0,54.4,10.0,53.77,93.0,119.0,0.0959,0.6928,0.0045,-3.4657,2.8986,0.2883
2026-09-11T17:04:13Z,2026-09-11 17:03:31,SPXW,2026-09-15,P,7630.0,7668.2998,15.4,11.0,15.6,59.0,16.0,380.0,471.0,0.0954,-0.3072,0.0045,-3.4657,2.8986,-0.1295
2026-09-11T17:04:13Z,2026-09-11 17:03:31,SPXW,2026-09-15,C,7635.0,7668.2998,50.4,3.0,50.6,11.0,48.0,158.0,128.0,0.0945,0.6721,0.0047,-3.5288,2.9723,0.2798
2026-09-11T17:04:13Z,2026-09-11 17:03:31,SPXW,2026-09-15,P,7635.0,7668.2998,16.6,19.0,16.8,59.0,16.9,286.0,337.0,0.094,-0.3279,0.0047,-3.5288,2.9723,-0.1382
2026-09-11T17:04:13Z,2026-09-11 17:03:31,SPXW,2026-09-15,C,7640.0,7668.2998,46.7,4.0,46.9,8.0,47.9,103.0,191.0,0.0931,0.6502,0.0049,-3.5816,3.0412,0.2708
2026-09-11T17:04:13Z,2026-09-11 17:03:31,SPXW,2026-09-15,P,7640.0,7668.2998,17.9,23.0,18.1,28.0,18.1,1020.0,311.0,0.0928,-0.3498,0.0049,-3.5816,3.0412,-0.1474
2026-09-11T17:04:13Z,2026-09-11 17:03:31,SPXW,2026-09-15,C,7645.0,7668.2998,43.1,13.0,43.3,8.0,43.0,168.0,86.0,0.0917,0.6272,0.005,-3.6223,3.1032,0.2612
2026-09-11T17:04:13Z,2026-09-11 17:03:31,SPXW,2026-09-15,P,7645.0,7668.2998,19.3,47.0,19.5,16.0,21.1,211.0,157.0,0.0916,-0.3728,0.005,-3.6223,3.1032,-0.1573
2026-09-11T17:04:13Z,2026-09-11 17:03:31,SPXW,2026-09-15,C,7650.0,7668.2998,39.6,13.0,39.9,34.0,38.2,262.0,1685.0,0.0906,0.6031,0.0052,-3.6493,3.1556,0.2513
2026-09-11T17:04:13Z,2026-09-11 17:03:31,SPXW,2026-09-15,P,7650.0,7668.2998,20.9,9.0,21.1,53.0,21.4,2966.0,3419.0,0.0902,-0.3969,0.0052,-3.6493,3.1556,-0.1675
2026-09-11T17:04:13Z,2026-09-11 17:03:31,SPXW,2026-09-15,C,7655.0,7668.2998,36.3,14.0,36.5,12.0,36.0,191.0,245.0,0.0892,0.5779,0.0054,-3.661,3.199,0.2409
2026-09-11T17:04:13Z,2026-09-11 17:03:31,SPXW,2026-09-15,P,7655.0,7668.2998,22.5,51.0,22.7,17.0,22.6,146.0,216.0,0.089,-0.4221,0.0054,-3.661,3.199,-0.1782
2026-09-11T17:04:13Z,2026-09-11 17:03:31,SPXW,2026-09-15,C,7660.0,7668.2998,33.1,14.0,33.3,17.0,32.24,415.0,177.0,0.088,0.5516,0.0055,-3.6556,3.2312,0.2299
2026-09-11T17:04:13Z,2026-09-11 17:03:31,SPXW,2026-09-15,P,7660.0,7668.2998,24.3,21.0,24.5,17.0,25.3,559.0,186.0,0.0877,-0.4484,0.0055,-3.6556,3.2312,-0.1895
2026-09-11T17:04:13Z,2026-09-11 17:03:31,SPXW,2026-09-15,C,7665.0,7668.2998,30.0,15.0,30.2,9.0,28.9,188.0,129.0,0.0868,0.5243,0.0056,-3.632,3.2503,0.2187
2026-09-11T17:04:13Z,2026-09-11 17:03:31,SPXW,2026-09-15,P,7665.0,7668.2998,26.2,47.0,26.4,8.0,28.8,253.0,229.0,0.0865,-0.4756,0.0056,-3.632,3.2503,-0.201
2026-09-11T17:04:13Z,2026-09-11 17:03:31,SPXW,2026-09-15,C,7670.0,7668.2998,27.1,15.0,27.3,18.0,27.1,357.0,174.0,0.0854,0.4962,0.0057,-3.5889,3.2558,0.2068
2026-09-11T17:04:13Z,2026-09-11 17:03:31,SPXW,2026-09-15,P,7670.0,7668.2998,28.3,23.0,28.5,16.0,29.9,729.0,344.0,0.0852,-0.5038,0.0057,-3.5889,3.2558,-0.2131
2026-09-11T17:04:13Z,2026-09-11 17:03:31,SPXW,2026-09-15,C,7675.0,7668.2998,24.3,19.0,24.5,14.0,24.2,3169.0,2907.0,0.0842,0.4673,0.0058,-3.5255,3.2462,0.1948
2026-09-11T17:04:13Z,2026-09-11 17:03:31,SPXW,2026-09-15,P,7675.0,7668.2998,30.5,38.0,30.8,25.0,29.83,2752.0,2880.0,0.084,-0.5326,0.0058,-3.5255,3.2462,-0.2254
2026-09-11T17:04:13Z,2026-09-11 17:03:31,SPXW,2026-09-15,C,7680.0,7668.2998,21.7,16.0,21.9,14.0,21.2,440.0,179.0,0.0831,0.4379,0.0058,-3.4416,3.2206,0.1826
2026-09-11T17:04:13Z,2026-09-11 17:03:31,SPXW,2026-09-15,P,7680.0,7668.2998,32.9,17.0,33.2,25.0,32.9,455.0,467.0,0.0829,-0.5621,0.0058,-3.4416,3.2206,-0.2379
2026-09-11T17:04:13Z,2026-09-11 17:03:31,SPXW,2026-09-15,C,7685.0,7668.2998,19.3,13.0,19.5,55.0,19.9,257.0,172.0,0.082,0.408,0.0058,-3.3372,3.1774,0.17
2026-09-11T17:04:13Z,2026-09-11 17:03:31,SPXW,2026-09-15,P,7685.0,7668.2998,35.4,17.0,35.7,24.0,39.6,102.0,665.0,0.0816,-0.592,0.0058,-3.3372,3.1774,-0.2507
2026-09-11T17:04:13Z,2026-09-11 17:03:31,SPXW,2026-09-15,C,7690.0,7668.2998,17.0,19.0,17.2,24.0,16.8,300.0,281.0,0.0809,0.3779,0.0057,-3.2132,3.1179,0.1576
2026-09-11T17:04:13Z,2026-09-11 17:03:31,SPXW,2026-09-15,P,7690.0,7668.2998,38.2,8.0,38.4,13.0,40.76,107.0,290.0,0.0805,-0.6221,0.0057,-3.2132,3.1179,-0.2635
2026-09-11T17:04:13Z,2026-09-11 17:03:31,SPXW,2026-09-15,C,7695.0,7668.2998,14.9,26.0,15.1,52.0,15.4,198.0,103.0,0.0799,0.3478,0.0056,-3.0709,3.0398,0.1449
2026-09-11T17:04:13Z,2026-09-11 17:03:31,SPXW,2026-09-15,P,7695.0,7668.2998,41.1,4.0,41.3,12.0,42.6,233.0,103.0,0.0795,-0.6521,0.0056,-3.0709,3.0398,-0.2764
2026-09-11T17:04:13Z,2026-09-11 17:03:31,SPXW,2026-09-15,C,7700.0,7668.2998,13.0,15.0,13.1,10.0,13.6,4267.0,3959.0,0.0787,0.3181,0.0055,-2.9121,2.9456,0.1326
2026-09-11T17:04:13Z,2026-09-11 17:03:31,SPXW,2026-09-15,P,7700.0,7668.2998,44.1,11.0,44.4,11.0,43.8,186.0,725.0,0.0786,-0.6818,0.0055,-2.9121,2.9456,-0.289
2026-09-11T17:04:13Z,2026-09-11 17:03:31,SPXW,2026-09-15,C,7705.0,7668.2998,11.2,31.0,11.4,58.0,11.19,238.0,272.0,0.078,0.289,0.0054,-2.7394,2.8351,0.1203
2026-09-11T17:04:13Z,2026-09-11 17:03:31,SPXW,2026-09-15,P,7705.0,7668.2998,46.1,3.0,48.4,2.0,51.28,20.0,415.0,0.0772,-0.711,0.0054,-2.7394,2.8351,-0.3016
2026-09-11T17:04:13Z,2026-09-11 17:03:31,SPXW,2026-09-15,C,7710.0,7668.2998,9.6,61.0,9.8,56.0,9.8,352.0,916.0,0.0771,0.2608,0.0051,-2.5552,2.7093,0.1086
2026-09-11T17:04:13Z,2026-09-11 17:03:31,SPXW,2026-09-15,P,7710.0,7668.2998,49.5,1.0,52.3,1.0,52.6,25.0,741.0,0.0764,-0.7392,0.0051,-2.5552,2.7093,-0.3136
2026-09-11T17:04:13Z,2026-09-11 17:03:31,SPXW,2026-09-15,C,7715.0,7668.2998,8.2,59.0,8.4,61.0,8.27,348.0,216.0,0.0764,0.2336,0.0049,-2.3626,2.5719,0.0971
2026-09-11T17:04:13Z,2026-09-11 17:03:31,SPXW,2026-09-15,P,7715.0,7668.2998,50.1,1.0,58.7,2.0,56.2,56.0,106.0,0.0765,-0.7664,0.0049,-2.3626,2.5719,-0.3253
2026-09-11T17:04:13Z,2026-09-11 17:03:31,SPXW,2026-09-15,C,7720.0,7668.2998,7.0,22.0,7.1,25.0,6.7,576.0,637.0,0.0755,0.2077,0.0046,-2.1646,2.4219,0.0864
2026-09-11T17:04:13Z,2026-09-11 17:03:31,SPXW,2026-09-15,P,7720.0,7668.2998,54.0,3.0,62.4,1.0,58.58,13.0,203.0,0.076,-0.7922,0.0046,-2.1646,2.4219,-0.3363
2026-09-11T17:04:13Z,2026-09-11 17:03:31,SPXW,2026-09-15,C,7725.0,7668.2998,5.9,35.0,6.0,30.0,5.61,328.0,1165.0,0.0748,0.1833,0.0043,-1.9646,2.2652,0.0761
2026-09-11T17:04:13Z,2026-09-11 17:03:31,SPXW,2026-09-15,P,7725.0,7668.2998,57.8,3.0,66.3,1.0,74.68,80.0,193.0,0.0752,-0.8167,0.0043,-1.9646,2.2652,-0.3468
2026-09-11T17:04:13Z,2026-09-11 17:03:31,SPXW,2026-09-15,C,7730.0,7668.2998,4.9,65.0,5.1,82.0,5.2,629.0,612.0,0.0741,0.1606,0.004,-1.766,2.1008,0.0666
2026-09-11T17:04:13Z,2026-09-11 17:03:31,SPXW,2026-09-15,P,7730.0,7668.2998,61.8,3.0,70.3,1.0,80.97,27.0,181.0,0.0744,-0.8394,0.004,-1.766,2.1008,-0.3566
2026-09-11T17:04:13Z,2026-09-11 17:03:31,SPXW,2026-09-15,C,7735.0,7668.2998,4.1,68.0,4.2,35.0,4.2,184.0,896.0,0.0737,0.1395,0.0037,-1.5726,1.9347,0.0578
2026-09-11T17:04:13Z,2026-09-11 17:03:31,SPXW,2026-09-15,P,7735.0,7668.2998,65.8,1.0,74.4,1.0,68.87,23.0,20.0,0.0733,-0.8604,0.0037,-1.5726,1.9347,-0.3656
2026-09-11T17:04:13Z,2026-09-11 17:03:31,SPXW,2026-09-15,C,7740.0,7668.2998,3.4,77.0,3.5,54.0,3.29,264.0,274.0,0.0733,0.1204,0.0033,-1.3882,1.7678,0.0499
2026-09-11T17:04:13Z,2026-09-11 17:03:31,SPXW,2026-09-15,P,7740.0,7668.2998,70.3,1.0,78.9,1.0,76.03,48.0,69.0,0.0741,-0.8796,0.0033,-1.3882,1.7678,-0.3739
2026-09-11T17:04:13Z,2026-09-11 17:03:31,SPXW,2026-09-15,C,7745.0,7668.2998,2.8,90.0,2.9,88.0,3.25,160.0,598.0,0.0728,0.1033,0.003,-1.2161,1.605,0.0427
2026-09-11T17:04:13Z,2026-09-11 17:03:31,SPXW,2026-09-15,P,7745.0,7668.2998,74.7,1.0,83.3,3.0,79.25,1.0,74.0,0.0739,-0.8967,0.003,-1.2161,1.605,-0.3813
2026-09-11T17:04:13Z,2026-09-11 17:03:31,SPXW,2026-09-15,C,7750.0,7668.2998,2.3,72.0,2.4,106.0,2.4,784.0,2116.0,0.0724,0.0882,0.0027,-1.0589,1.4485,0.0365
2026-09-11T17:04:13Z,2026-09-11 17:03:31,SPXW,2026-09-15,P,7750.0,7668.2998,79.1,2.0,87.8,3.0,79.06,34.0,797.0,0.0734,-0.9118,0.0027,-1.0589,1.4485,-0.3879
2026-09-11T17:04:13Z,2026-09-11 17:03:31,SPXW,2026-09-15,C,7755.0,7668.2998,1.9,29.0,1.95,50.0,2.0,168.0,199.0,0.0724,0.075,0.0024,-0.9181,1.3011,0.031
2026-09-11T17:04:13Z,2026-09-11 17:03:31,SPXW,2026-09-15,P,7755.0,7668.2998,83.7,3.0,92.2,2.0,97.4,4.0,30.0,0.0727,-0.9249,0.0024,-0.9181,1.3011,-0.3936
2026-09-11T17:04:13Z,2026-09-11 17:03:31,SPXW,2026-09-15,C,7760.0,7668.2998,1.55,47.0,1.6,51.0,1.6,188.0,439.0,0.0723,0.0638,0.0021,-0.7941,1.1647,0.0263
2026-09-11T17:04:13Z,2026-09-11 17:03:31,SPXW,2026-09-15,P,7760.0,7668.2998,88.4,1.0,97.0,1.0,93.98,9.0,61.0,0.0736,-0.9362,0.0021,-0.7941,1.1647,-0.3986
2026-09-11T17:04:13Z,2026-09-11 17:03:31,SPXW,2026-09-15,C,7765.0,7668.2998,1.25,100.0,1.35,139.0,1.35,123.0,367.0,0.0721,0.0542,0.0018,-0.6863,1.0402,0.0223
2026-09-11T17:04:13Z,2026-09-11 17:03:31,SPXW,2026-09-15,P,7765.0,7668.2998,93.1,1.0,101.7,1.0,92.85,12.0,11.0,0.0736,-0.9458,0.0018,-0.6863,1.0402,-0.4028
2026-09-11T17:04:13Z,2026-09-11 17:03:31,SPXW,2026-09-15,C,7770.0,7668.2998,1.0,312.0,1.1,45.0,1.15,175.0,332.0,0.0723,0.0461,0.0016,-0.5937,0.9278,0.0189
2026-09-11T17:04:13Z,2026-09-11 17:03:31,SPXW,2026-09-15,P,7770.0,7668.2998,97.8,2.0,106.4,1.0,106.68,1.0,35.0,0.0731,-0.9539,0.0016,-0.5937,0.9278,-0.4065
2026-09-11T17:04:13Z,2026-09-11 17:03:31,SPXW,2026-09-15,C,7775.0,7668.2998,0.85,36.0,0.9,8.0,0.9,507.0,975.0,0.0727,0.0393,0.0014,-0.5144,0.8276,0.0161
2026-09-11T17:04:13Z,2026-09-11 17:03:31,SPXW,2026-09-15,P,7775.0,7668.2998,102.8,1.0,111.2,2.0,106.34,14.0,23.0,0.0746,-0.9607,0.0014,-0.5144,0.8276,-0.4095
2026-09-11T17:04:13Z,2026-09-11 17:03:31,SPXW,2026-09-15,C,7780.0,7668.2998,0.7,72.0,0.75,8.0,0.75,194.0,563.0,0.0731,0.0336,0.0012,-0.4471,0.7384,0.0138
2026-09-11T17:04:13Z,2026-09-11 17:03:31,SPXW,2026-09-15,P,7780.0,7668.2998,107.5,1.0,116.3,1.0,116.28,1.0,122.0,0.0691,-0.9664,0.0012,-0.4471,0.7384,-0.4122
2026-09-11T17:04:13Z,2026-09-11 17:03:31,SPXW,2026-09-15,C,7785.0,7668.2998,0.55,337.0,0.65,114.0,0.65,81.0,346.0,0.073,0.0289,0.0011,-0.3901,0.6599,0.0118
2026-09-11T17:04:13Z,2026-09-11 17:03:31,SPXW,2026-09-15,P,7785.0,7668.2998,110.0,1.0,123.2,1.0,118.85,31.0,7.0,0.0737,-0.9711,0.0011,-0.3901,0.6599,-0.4144
2026-09-11T17:04:13Z,2026-09-11 17:03:31,SPXW,2026-09-15,C,7790.0,7668.2998,0.45,321.0,0.55,139.0,0.5,183.0,303.0,0.0734,0.0249,0.001,-0.3419,0.591,0.0102
2026-09-11T17:04:13Z,2026-09-11 17:03:31,SPXW,2026-09-15,P,7790.0,7668.2998,114.6,3.0,128.4,1.0,127.85,5.0,67.0,0.0743,-0.9751,0.001,-0.3419,0.591,-0.4163
2026-09-11T17:04:13Z,2026-09-11 17:03:31,SPXW,2026-09-15,C,7795.0,7668.2998,0.4,232.0,0.5,206.0,0.45,155.0,232.0,0.0747,0.0216,0.0008,-0.3013,0.5304,0.0088
2026-09-11T17:04:13Z,2026-09-11 17:03:31,SPXW,2026-09-15,P,7795.0,7668.2998,119.5,3.0,133.4,1.0,0.0,0.0,0.0,0.0758,-0.9784,0.0008,-0.3013,0.5304,-0.418
2026-09-11T17:04:13Z,2026-09-11 17:03:31,SPXW,2026-09-15,C,7800.0,7668.2998,0.35,177.0,0.4,46.0,0.4,1846.0,2141.0,0.0759,0.0189,0.0007,-0.2671,0.4777,0.0077
2026-09-11T17:04:13Z,2026-09-11 17:03:31,SPXW,2026-09-15,P,7800.0,7668.2998,124.5,1.0,138.2,1.0,130.75,16.0,48.0,0.0757,-0.9811,0.0007,-0.2671,0.4777,-0.4194
2026-09-11T17:04:13Z,2026-09-11 17:03:31,SPXW,2026-09-15,C,7805.0,7668.2998,0.3,212.0,0.35,46.0,0.36,127.0,232.0,0.0769,0.0166,0.0006,-0.2382,0.432,0.0068
2026-09-11T17:04:13Z,2026-09-11 17:03:31,SPXW,2026-09-15,P,7805.0,7668.2998,129.3,3.0,142.8,1.0,115.6,0.0,6.0,0.0653,-0.9834,0.0006,-0.2382,0.432,-0.4206
2026-09-11T17:04:13Z,2026-09-11 17:03:31,SPXW,2026-09-15,C,7810.0,7668.2998,0.25,293.0,0.35,286.0,0.3,44.0,560.0,0.0776,0.0147,0.0006,-0.2139,0.392,0.006
2026-09-11T17:04:13Z,2026-09-11 17:03:31,SPXW,2026-09-15,P,7810.0,7668.2998,134.3,2.0,148.3,1.0,212.02,0.0,7.0,0.0791,-0.9853,0.0006,-0.2139,0.392,-0.4216
2026-09-11T17:04:13Z,2026-09-11 17:03:31,SPXW,2026-09-15,C,7815.0,7668.2998,0.25,10.0,0.3,209.0,0.3,233.0,446.0,0.079,0.013,0.0005,-0.1935,0.3572,0.0053
2026-09-11T17:04:13Z,2026-09-11 17:03:31,SPXW,2026-09-15,P,7815.0,7668.2998,139.3,2.0,153.3,1.0,171.16,0.0,1.0,0.0815,-0.9869,0.0005,-0.1935,0.3572,-0.4226
2026-09-11T17:04:13Z,2026-09-11 17:03:31,SPXW,2026-09-15,C,7820.0,7668.2998,0.2,253.0,0.3,365.0,0.2,78.0,518.0,0.0803,0.0117,0.0005,-0.1763,0.3271,0.0048
2026-09-11T17:04:13Z,2026-09-11 17:03:31,SPXW,2026-09-15,P,7820.0,7668.2998,144.2,3.0,158.0,1.0,105.79,0.0,19.0,0.0753,-0.9883,0.0005,-0.1763,0.3271,-0.4234
2026-09-11T17:04:13Z,2026-09-11 17:03:31,SPXW,2026-09-15,C,7825.0,7668.2998,0.2,38.0,0.25,233.0,0.23,245.0,2225.0,0.0815,0.0106,0.0004,-0.1617,0.301,0.0043
2026-09-11T17:04:13Z,2026-09-11 17:03:31,SPXW,2026-09-15,P,7825.0,7668.2998,149.2,2.0,162.8,1.0,181.2,0.0,41.0,0.0689,-0.9894,0.0004,-0.1617,0.301,-0.4241
2026-09-11T17:04:13Z,2026-09-11 17:03:31,SPXW,2026-09-15,C,7830.0,7668.2998,0.15,333.0,0.25,414.0,0.2,139.0,1760.0,0.0826,0.0096,0.0004,-0.1494,0.2782,0.0039
2026-09-11T17:04:13Z,2026-09-11 17:03:31,SPXW,2026-09-15,P,7830.0,7668.2998,154.2,3.0,168.0,1.0,185.58,0.0,3.0,0.0798,-0.9904,0.0004,-0.1494,0.2782,-0.4248
2026-09-11T17:04:13Z,2026-09-11 17:03:31,SPXW,2026-09-15,C,7835.0,7668.2998,0.15,299.0,0.2,85.0,0.2,225.0,305.0,0.0834,0.0088,0.0003,-0.139,0.2582,0.0036
2026-09-11T17:04:13Z,2026-09-11 17:03:31,SPXW,2026-09-15,P,7835.0,7668.2998,159.2,1.0,172.9,1.0,0.0,0.0,0.0,0.0784,-0.9912,0.0003,-0.139,0.2582,-0.4254
2026-09-11T17:04:13Z,2026-09-11 17:03:31,SPXW,2026-09-15,C,7840.0,7668.2998,0.15,60.0,0.2,231.0,0.15,18.0,475.0,0.0856,0.0081,0.0003,-0.1301,0.2408,0.0033
2026-09-11T17:04:13Z,2026-09-11 17:03:31,SPXW,2026-09-15,P,7840.0,7668.2998,164.1,3.0,177.8,1.0,151.2,0.0,4.0,0.0597,-0.9919,0.0003,-0.1301,0.2408,-0.426
2026-09-11T17:04:13Z,2026-09-11 17:03:31,SPXW,2026-09-15,C,7845.0,7668.2998,0.1,387.0,0.2,273.0,0.15,29.0,423.0,0.0862,0.0075,0.0003,-0.1226,0.2254,0.003
2026-09-11T17:04:13Z,2026-09-11 17:03:31,SPXW,2026-09-15,P,7845.0,7668.2998,169.1,3.0,183.1,1.0,200.23,0.0,1.0,0.0865,-0.9925,0.0003,-0.1226,0.2254,-0.4265
2026-09-11T17:04:13Z,2026-09-11 17:03:31,SPXW,2026-09-15,C,7850.0,7668.2998,0.1,362.0,0.2,527.0,0.14,108.0,720.0,0.0884,0.007,0.0003,-0.1161,0.212,0.0028
2026-09-11T17:04:13Z,2026-09-11 17:03:31,SPXW,2026-09-15,P,7850.0,7668.2998,174.5,1.0,187.7,1.0,177.4,4.0,34.0,0.0887,-0.993,0.0003,-0.1161,0.212,-0.427
2026-09-11T17:04:13Z,2026-09-11 17:03:31,SPXW,2026-09-15,C,7855.0,7668.2998,0.1,333.0,0.2,439.0,0.17,2.0,253.0,0.0904,0.0065,0.0002,-0.1106,0.2004,0.0026
2026-09-11T17:04:13Z,2026-09-11 17:03:31,SPXW,2026-09-15,P,7855.0,7668.2998,179.4,1.0,192.7,1.0,0.0,0.0,0.0,0.0871,-0.9935,0.0002,-0.1104,0.2,-0.4274
2026-09-11T17:04:13Z,2026-09-11 17:03:31,SPXW,2026-09-15,C,7860.0,7668.2998,0.1,243.0,0.15,43.0,0.13,12.0,281.0,0.0906,0.0062,0.0002,-0.1058,0.1899,0.0025
2026-09-11T17:04:13Z,2026-09-11 17:03:31,SPXW,2026-09-15,P,7860.0,7668.2998,184.1,2.0,197.7,1.0,0.0,0.0,0.0,0.0,-0.9938,0.0002,-0.1056,0.1894,-0.4279
2026-09-11T17:04:13Z,2026-09-11 17:03:31,SPXW,2026-09-15,C,7865.0,7668.2998,0.1,266.0,0.15,44.0,0.15,69.0,282.0,0.0928,0.0058,0.0002,-0.1014,0.1798,0.0023
2026-09-11T17:04:13Z,2026-09-11 17:03:31,SPXW,2026-09-15,P,7865.0,7668.2998,189.1,2.0,202.9,1.0,0.0,0.0,0.0,0.0859,-0.9942,0.0002,-0.1014,0.1798,-0.4283
2026-09-11T17:04:13Z,2026-09-11 17:03:31,SPXW,2026-09-15,C,7870.0,7668.2998,0.1,245.0,0.15,104.0,0.12,24.0,395.0,0.0949,0.0055,0.0002,-0.0976,0.1712,0.0022
2026-09-11T17:04:13Z,2026-09-11 17:03:31,SPXW,2026-09-15,P,7870.0,7668.2998,194.1,2.0,207.5,1.0,0.0,0.0,0.0,0.0,-0.9945,0.0002,-0.0976,0.1712,-0.4287
2026-09-11T17:04:13Z,2026-09-11 17:03:31,SPXW,2026-09-15,C,7875.0,7668.2998,0.1,205.0,0.15,248.0,0.14,11.0,1050.0,0.097,0.0052,0.0002,-0.0944,0.1634,0.0021
2026-09-11T17:04:13Z,2026-09-11 17:03:31,SPXW,2026-09-15,P,7875.0,7668.2998,199.1,2.0,212.5,1.0,205.86,1.0,0.0,0.0,-0.9948,0.0002,-0.0944,0.1634,-0.4291
2026-09-11T17:04:13Z,2026-09-11 17:03:31,SPXW,2026-09-15,C,7880.0,7668.2998,0.1,232.0,0.15,276.0,0.12,17.0,345.0,0.099,0.005,0.0002,-0.0916,0.1568,0.002
2026-09-11T17:04:13Z,2026-09-11 17:03:31,SPXW,2026-09-15,P,7880.0,7668.2998,204.0,1.0,217.7,1.0,0.0,0.0,0.0,0.0,-0.995,0.0002,-0.0914,0.1563,-0.4294
2026-09-11T17:04:13Z,2026-09-11 17:03:31,SPXW,2026-09-15,C,7885.0,7668.2998,0.1,193.0,0.15,301.0,0.15,0.0,166.0,0.101,0.0048,0.0002,-0.089,0.1502,0.0019
2026-09-11T17:04:13Z,2026-09-11 17:03:31,SPXW,2026-09-15,P,7885.0,7668.2998,209.9,1.0,222.4,1.0,0.0,0.0,0.0,0.1074,-0.9952,0.0002,-0.0888,0.1499,-0.4298
2026-09-11T17:04:13Z,2026-09-11 17:03:31,SPXW,2026-09-15,C,7890.0,7668.2998,0.1,172.0,0.15,429.0,0.12,4.0,334.0,0.1031,0.0046,0.0002,-0.0866,0.1443,0.0018
2026-09-11T17:04:13Z,2026-09-11 17:03:31,SPXW,2026-09-15,P,7890.0,7668.2998,213.2,1.0,232.2,1.0,0.0,0.0,0.0,0.148,-0.9954,0.0002,-0.0864,0.144,-0.4302
2026-09-11T17:04:13Z,2026-09-11 17:03:31,SPXW,2026-09-15,C,7895.0,7668.2998,0.05,729.0,0.15,456.0,0.1,12.0,175.0,0.1028,0.0044,0.0001,-0.0843,0.1385,0.0018
2026-09-11T17:04:13Z,2026-09-11 17:03:31,SPXW,2026-09-15,P,7895.0,7668.2998,218.2,1.0,237.2,1.0,0.0,0.0,0.0,0.1515,-0.9956,0.0001,-0.0843,0.1385,-0.4305
2026-09-11T17:04:13Z,2026-09-11 17:03:31,SPXW,2026-09-15,C,7900.0,7668.2998,0.1,2.0,0.15,506.0,0.12,6.0,1000.0,0.1072,0.0042,0.0001,-0.0824,0.1337,0.0017
2026-09-11T17:04:13Z,2026-09-11 17:03:31,SPXW,2026-09-15,P,7900.0,7668.2998,223.5,1.0,242.2,1.0,230.92,2.0,74.0,0.1565,-0.9958,0.0001,-0.0824,0.1335,-0.4308
2026-09-11T17:04:13Z,2026-09-11 17:03:31,SPXW,2026-09-15,C,7910.0,7668.2998,0.05,534.0,0.15,516.0,0.12,2.0,381.0,0.1087,0.0039,0.0001,-0.079,0.1247,0.0016
2026-09-11T17:04:13Z,2026-09-11 17:03:31,SPXW,2026-09-15,P,7910.0,7668.2998,233.2,1.0,252.2,1.0,0.0,0.0,0.0,0.1596,-0.9961,0.0001,-0.0789,0.1244,-0.4315
2026-09-11T17:04:13Z,2026-09-11 17:03:31,SPXW,2026-09-15,C,7920.0,7668.2998,0.05,514.0,0.15,495.0,0.1,2.0,414.0,0.1126,0.0036,0.0001,-0.0761,0.1168,0.0015
2026-09-11T17:04:13Z,2026-09-11 17:03:31,SPXW,2026-09-15,P,7920.0,7668.2998,243.2,1.0,262.1,1.0,0.0,0.0,0.0,0.1633,-0.9964,0.0001,-0.076,0.1165,-0.4322
2026-09-11T17:04:13Z,2026-09-11 17:03:31,SPXW,2026-09-15,C,7925.0,7668.2998,0.05,353.0,0.15,495.0,0.16,0.0,671.0,0.1146,0.0035,0.0001,-0.0748,0.1132,0.0014
2026-09-11T17:04:13Z,2026-09-11 17:03:31,SPXW,2026-09-15,P,7925.0,7668.2998,248.5,1.0,266.4,1.0,0.0,0.0,0.0,0.1634,-0.9965,0.0001,-0.0747,0.1129,-0.4325
2026-09-11T17:04:13Z,2026-09-11 17:03:31,SPXW,2026-09-15,C,7930.0,7668.2998,0.05,315.0,0.15,516.0,0.1,18.0,508.0,0.1166,0.0034,0.0001,-0.0735,0.1098,0.0014
2026-09-11T17:04:13Z,2026-09-11 17:03:31,SPXW,2026-09-15,P,7930.0,7668.2998,253.2,1.0,271.0,1.0,0.0,0.0,0.0,0.1591,-0.9966,0.0001,-0.0734,0.1095,-0.4328
2026-09-11T17:04:13Z,2026-09-11 17:03:31,SPXW,2026-09-15,C,7940.0,7668.2998,0.05,296.0,0.1,8.0,0.15,0.0,156.0,0.1207,0.0032,0.0001,-0.071,0.1031,0.0013
2026-09-11T17:04:13Z,2026-09-11 17:03:31,SPXW,2026-09-15,P,7940.0,7668.2998,264.1,1.0,282.1,1.0,0.0,0.0,0.0,0.1821,-0.9968,0.0001,-0.0712,0.1033,-0.4334
2026-09-11T17:04:13Z,2026-09-11 17:03:31,SPXW,2026-09-15,C,7950.0,7668.2998,0.05,291.0,0.1,27.0,0.1,5.0,576.0,0.121,0.0031,0.0001,-0.0693,0.098,0.0012
2026-09-11T17:04:13Z,2026-09-11 17:03:31,SPXW,2026-09-15,P,7950.0,7668.2998,273.1,1.0,290.9,1.0,209.0,0.0,7.0,0.1669,-0.9969,0.0001,-0.0692,0.0978,-0.434
2026-09-11T17:04:13Z,2026-09-11 17:03:31,SPXW,2026-09-15,C,7960.0,7668.2998,0.05,280.0,0.1,8.0,0.1,2.0,177.0,0.1253,0.0029,0.0001,-0.0673,0.0925,0.0012
2026-09-11T17:04:13Z,2026-09-11 17:03:31,SPXW,2026-09-15,P,7960.0,7668.2998,284.1,1.0,302.1,1.0,0.0,0.0,0.0,0.1928,-0.9971,0.0001,-0.0674,0.0928,-0.4347
2026-09-11T17:04:13Z,2026-09-11 17:03:31,SPXW,2026-09-15,C,7970.0,7668.2998,0.05,303.0,0.1,70.0,0.05,74.0,132.0,0.1291,0.0027,0.0001,-0.0657,0.0879,0.0011
2026-09-11T17:04:13Z,2026-09-11 17:03:31,SPXW,2026-09-15,P,7970.0,7668.2998,294.1,1.0,312.1,1.0,0.0,0.0,0.0,0.1982,-0.9972,0.0001,-0.0658,0.0882,-0.4353
2026-09-11T17:04:13Z,2026-09-11 17:03:31,SPXW,2026-09-15,C,7975.0,7668.2998,0.05,293.0,0.1,71.0,0.09,11.0,405.0,0.131,0.0027,0.0001,-0.0649,0.0858,0.0011
2026-09-11T17:04:13Z,2026-09-11 17:03:31,SPXW,2026-09-15,P,7975.0,7668.2998,298.1,1.0,317.1,1.0,0.0,0.0,0.0,0.1921,-0.9973,0.0001,-0.065,0.0861,-0.4356
2026-09-11T17:04:13Z,2026-09-11 17:03:31,SPXW,2026-09-15,C,8000.0,7668.2998,0.05,300.0,0.1,256.0,0.07,33.0,826.0,0.1401,0.0024,0.0001,-0.0617,0.0769,0.001
2026-09-11T17:04:13Z,2026-09-11 17:03:31,SPXW,2026-09-15,P,8000.0,7668.2998,323.1,1.0,340.8,1.0,290.96,0.0,0.0,0.1902,-0.9976,0.0001,-0.0616,0.0768,-0.437
2026-09-11T17:04:13Z,2026-09-11 17:03:31,SPXW,2026-09-15,C,8025.0,7668.2998,0.05,270.0,0.1,386.0,0.05,8.0,175.0,0.1497,0.0021,0.0,-0.0586,0.0689,0.0008
2026-09-11T17:04:13Z,2026-09-11 17:03:31,SPXW,2026-09-15,P,8025.0,7668.2998,349.1,1.0,365.9,1.0,0.0,0.0,0.0,0.2156,-0.9978,0.0001,-0.0588,0.0692,-0.4385
2026-09-11T17:04:13Z,2026-09-11 17:03:31,SPXW,2026-09-15,C,8050.0,7668.2998,0.05,53.0,0.1,395.0,0.08,7.0,195.0,0.1588,0.002,0.0,-0.0566,0.063,0.0008
2026-09-11T17:04:13Z,2026-09-11 17:03:31,SPXW,2026-09-15,P,8050.0,7668.2998,373.6,1.0,390.3,1.0,0.0,0.0,0.0,0.2142,-0.998,0.0,-0.0563,0.0628,-0.44
2026-09-11T17:04:13Z,2026-09-11 17:03:31,SPXW,2026-09-15,C,8075.0,7668.2998,0.0,0.0,0.1,497.0,0.13,2.0,178.0,0.1621,0.0018,0.0,-0.0543,0.0575,0.0007
2026-09-11T17:04:13Z,2026-09-11 17:03:31,SPXW,2026-09-15,P,8075.0,7668.2998,397.9,2.0,417.0,1.0,0.0,0.0,0.0,0.2392,-0.9982,0.0,-0.0542,0.0574,-0.4414
2026-09-11T17:04:13Z,2026-09-11 17:03:31,SPXW,2026-09-15,C,8100.0,7668.2998,0.05,10.0,0.1,505.0,0.05,8.0,294.0,0.1771,0.0016,0.0,-0.0523,0.0528,0.0006
2026-09-11T17:04:13Z,2026-09-11 17:03:31,SPXW,2026-09-15,P,8100.0,7668.2998,423.1,1.0,440.7,1.0,0.0,0.0,0.0,0.2361,-0.9983,0.0,-0.0522,0.0527,-0.4428
2026-09-11T17:04:13Z,2026-09-11 17:03:31,SPXW,2026-09-15,C,8125.0,7668.2998,0.0,0.0,0.1,647.0,0.05,0.0,51.0,0.1798,0.0015,0.0,-0.0504,0.0487,0.0006
2026-09-11T17:04:13Z,2026-09-11 17:03:31,SPXW,2026-09-15,P,8125.0,7668.2998,448.1,1.0,467.0,1.0,416.83,0.0,0.0,0.266,-0.9985,0.0,-0.0503,0.0486,-0.4442
2026-09-11T17:04:13Z,2026-09-11 17:03:31,SPXW,2026-09-15,C,8150.0,7668.2998,0.0,0.0,0.1,663.0,0.05,3.0,65.0,0.1885,0.0014,0.0,-0.0487,0.0451,0.0006
2026-09-11T17:04:13Z,2026-09-11 17:03:31,SPXW,2026-09-15,P,8150.0,7668.2998,473.1,1.0,490.4,1.0,0.0,0.0,0.0,0.2538,-0.9986,0.0,-0.0486,0.045,-0.4456
2026-09-11T17:04:13Z,2026-09-11 17:03:31,SPXW,2026-09-15,C,8175.0,7668.2998,0.0,0.0,0.1,543.0,0.05,4.0,47.0,0.1971,0.0013,0.0,-0.0471,0.0419,0.0005
2026-09-11T17:04:13Z,2026-09-11 17:03:31,SPXW,2026-09-15,P,8175.0,7668.2998,499.1,1.0,515.8,1.0,0.0,0.0,0.0,0.2873,-0.9987,0.0,-0.047,0.0418,-0.4471
2026-09-11T17:04:13Z,2026-09-11 17:03:31,SPXW,2026-09-15,C,8200.0,7668.2998,0.0,0.0,0.05,27.0,0.1,0.0,242.0,0.1946,0.0012,0.0,-0.0456,0.0391,0.0005
2026-09-11T17:04:13Z,2026-09-11 17:03:31,SPXW,2026-09-15,P,8200.0,7668.2998,523.1,1.0,540.2,1.0,0.0,0.0,0.0,0.272,-0.9988,0.0,-0.0454,0.039,-0.4485
2026-09-11T17:04:13Z,2026-09-11 17:03:31,SPXW,2026-09-15,C,8225.0,7668.2998,0.0,0.0,0.1,582.0,0.05,0.0,63.0,0.2143,0.0011,0.0,-0.044,0.0365,0.0004
2026-09-11T17:04:13Z,2026-09-11 17:03:31,SPXW,2026-09-15,P,8225.0,7668.2998,548.0,1.0,565.5,1.0,0.0,0.0,0.0,0.2873,-0.9988,0.0,-0.044,0.0364,-0.4499
2026-09-11T17:04:13Z,2026-09-11 17:03:31,SPXW,2026-09-15,C,8250.0,7668.2998,0.0,0.0,0.1,563.0,0.1,0.0,2247.0,0.2228,0.0011,0.0,-0.0426,0.0341,0.0004
2026-09-11T17:04:13Z,2026-09-11 17:03:31,SPXW,2026-09-15,P,8250.0,7668.2998,575.1,1.0,591.9,1.0,0.0,0.0,0.0,0.3479,-0.9989,0.0,-0.0426,0.0341,-0.4513
2026-09-11T17:04:13Z,2026-09-11 17:03:31,SPXW,2026-09-15,C,8275.0,7668.2998,0.0,0.0,0.1,548.0,0.05,0.0,25.0,0.2312,0.001,0.0,-0.0412,0.032,0.0004
2026-09-11T17:04:13Z,2026-09-11 17:03:31,SPXW,2026-09-15,P,8275.0,7668.2998,598.0,1.0,615.8,1.0,0.0,0.0,0.0,0.3155,-0.999,0.0,-0.0412,0.032,-0.4527
2026-09-11T17:04:13Z,2026-09-11 17:03:31,SPXW,2026-09-15,C,8300.0,7668.2998,0.0,0.0,0.1,586.0,0.06,1.0,18.0,0.2396,0.0009,0.0,-0.04,0.0301,0.0004
2026-09-11T17:04:13Z,2026-09-11 17:03:31,SPXW,2026-09-15,P,8300.0,7668.2998,623.0,1.0,640.7,1.0,0.0,0.0,0.0,0.3245,-0.999,0.0,-0.0399,0.03,-0.454
2026-09-11T17:04:13Z,2026-09-11 17:03:31,SPXW,2026-09-15,C,8325.0,7668.2998,0.0,0.0,0.1,469.0,0.05,0.0,4.0,0.2479,0.0009,0.0,-0.0387,0.0283,0.0004
2026-09-11T17:04:13Z,2026-09-11 17:03:31,SPXW,2026-09-15,P,8325.0,7668.2998,648.5,1.0,666.9,1.0,0.0,0.0,0.0,0.3641,-0.9991,0.0,-0.0387,0.0283,-0.4554
2026-09-11T17:04:13Z,2026-09-11 17:03:31,SPXW,2026-09-15,C,8400.0,7668.2998,0.0,0.0,0.05,43.0,0.12,0.0,110.0,0.2586,0.0007,0.0,-0.0352,0.0238,0.0003
2026-09-11T17:04:13Z,2026-09-11 17:03:31,SPXW,2026-09-15,P,8400.0,7668.2998,723.0,1.0,741.9,1.0,0.0,0.0,0.0,0.3905,-0.9992,0.0,-0.0351,0.0237,-0.4596
2026-09-11T17:04:13Z,2026-09-11 17:03:31,SPXW,2026-09-16,C,6925.0,7668.2998,734.4,1.0,753.0,1.0,0.0,0.0,0.0,0.0,0.9943,0.0,-0.3554,0.1552,0.5652
2026-09-11T17:04:13Z,2026-09-11 17:03:31,SPXW,2026-09-16,P,6925.0,7668.2998,0.5,138.0,0.55,46.0,0.46,3.0,262.0,0.3408,-0.0057,0.0,-0.3554,0.1552,-0.0035
2026-09-11T17:04:13Z,2026-09-11 17:03:31,SPXW,2026-09-16,C,6950.0,7668.2998,709.2,1.0,726.9,1.0,0.0,0.0,0.0,0.0,0.9939,0.0001,-0.3722,0.1658,0.567
2026-09-11T17:04:13Z,2026-09-11 17:03:31,SPXW,2026-09-16,P,6950.0,7668.2998,0.5,432.0,0.6,280.0,0.5,1.0,474.0,0.3318,-0.0061,0.0001,-0.3722,0.1658,-0.0037
2026-09-11T17:04:13Z,2026-09-11 17:03:31,SPXW,2026-09-16,C,6975.0,7668.2998,684.6,1.0,703.1,1.0,0.0,0.0,0.0,0.0,0.9934,0.0001,-0.3899,0.1772,0.5687
2026-09-11T17:04:13Z,2026-09-11 17:03:31,SPXW,2026-09-16,P,6975.0,7668.2998,0.55,324.0,0.65,212.0,1.9,0.0,278.0,0.3242,-0.0066,0.0001,-0.3899,0.1772,-0.004
2026-09-11T17:04:13Z,2026-09-11 17:03:31,SPXW,2026-09-16,C,6990.0,7668.2998,668.8,1.0,688.1,1.0,0.0,0.0,0.0,0.0,0.9931,0.0001,-0.401,0.1845,0.5698
2026-09-11T17:04:13Z,2026-09-11 17:03:31,SPXW,2026-09-16,P,6990.0,7668.2998,0.55,396.0,0.65,188.0,0.0,0.0,0.0,0.3176,-0.0069,0.0001,-0.401,0.1845,-0.0042
2026-09-11T17:04:13Z,2026-09-11 17:03:31,SPXW,2026-09-16,C,7000.0,7668.2998,658.8,1.0,678.1,1.0,0.0,0.0,0.0,0.0,0.9929,0.0001,-0.4087,0.1897,0.5704
2026-09-11T17:04:13Z,2026-09-11 17:03:31,SPXW,2026-09-16,P,7000.0,7668.2998,0.6,304.0,0.65,8.0,0.55,10.0,405.0,0.3147,-0.0071,0.0001,-0.4087,0.1897,-0.0044
2026-09-11T17:04:13Z,2026-09-11 17:03:31,SPXW,2026-09-16,C,7010.0,7668.2998,648.8,1.0,667.5,1.0,0.0,0.0,0.0,0.0,0.9927,0.0001,-0.4165,0.195,0.5711
2026-09-11T17:04:13Z,2026-09-11 17:03:31,SPXW,2026-09-16,P,7010.0,7668.2998,0.6,297.0,0.7,211.0,0.0,0.0,0.0,0.3118,-0.0073,0.0001,-0.4165,0.195,-0.0045
2026-09-11T17:04:13Z,2026-09-11 17:03:31,SPXW,2026-09-16,C,7020.0,7668.2998,639.6,1.0,657.8,1.0,0.0,0.0,0.0,0.0,0.9924,0.0001,-0.4245,0.2005,0.5718
2026-09-11T17:04:13Z,2026-09-11 17:03:31,SPXW,2026-09-16,P,7020.0,7668.2998,0.6,299.0,0.7,195.0,0.0,0.0,0.0,0.3074,-0.0075,0.0001,-0.4245,0.2005,-0.0046
2026-09-11T17:04:13Z,2026-09-11 17:03:31,SPXW,2026-09-16,C,7025.0,7668.2998,634.6,1.0,653.2,1.0,0.0,0.0,0.0,0.0,0.9923,0.0001,-0.4286,0.2034,0.5722
2026-09-11T17:04:13Z,2026-09-11 17:03:31,SPXW,2026-09-16,P,7025.0,7668.2998,0.65,45.0,0.7,137.0,0.67,239.0,519.0,0.3066,-0.0076,0.0001,-0.4286,0.2034,-0.0047
2026-09-11T17:04:13Z,2026-09-11 17:03:31,SPXW,2026-09-16,C,7030.0,7668.2998,628.9,1.0,646.2,1.0,0.0,0.0,0.0,0.0,0.9922,0.0001,-0.4328,0.2063,0.5725
2026-09-11T17:04:13Z,2026-09-11 17:03:31,SPXW,2026-09-16,P,7030.0,7668.2998,0.65,189.0,0.75,313.0,2.15,0.0,11.0,0.3057,-0.0078,0.0001,-0.4328,0.2063,-0.0048
2026-09-11T17:04:13Z,2026-09-11 17:03:31,SPXW,2026-09-16,C,7040.0,7668.2998,618.9,2.0,638.2,1.0,0.0,0.0,0.0,0.0,0.992,0.0001,-0.4412,0.2123,0.5732
2026-09-11T17:04:13Z,2026-09-11 17:03:31,SPXW,2026-09-16,P,7040.0,7668.2998,0.65,327.0,0.75,228.0,2.55,0.0,26.0,0.3013,-0.008,0.0001,-0.4412,0.2123,-0.0049
2026-09-11T17:04:13Z,2026-09-11 17:03:31,SPXW,2026-09-16,C,7050.0,7668.2998,608.9,1.0,628.3,2.0,0.0,0.0,0.0,0.0,0.9917,0.0001,-0.4499,0.2186,0.5738
2026-09-11T17:04:13Z,2026-09-11 17:03:31,SPXW,2026-09-16,P,7050.0,7668.2998,0.65,341.0,0.75,177.0,0.75,7.0,246.0,0.2969,-0.0083,0.0001,-0.4499,0.2186,-0.0051
2026-09-11T17:04:13Z,2026-09-11 17:03:31,SPXW,2026-09-16,C,7060.0,7668.2998,600.2,1.0,618.1,1.0,0.0,0.0,0.0,0.0,0.9914,0.0001,-0.4589,0.2252,0.5745
2026-09-11T17:04:13Z,2026-09-11 17:03:31,SPXW,2026-09-16,P,7060.0,7668.2998,0.7,255.0,0.8,324.0,2.65,0.0,17.0,0.2949,-0.0086,0.0001,-0.4589,0.2252,-0.0053
2026-09-11T17:04:13Z,2026-09-11 17:03:31,SPXW,2026-09-16,C,7070.0,7668.2998,589.2,1.0,606.3,1.0,0.0,0.0,0.0,0.0,0.9911,0.0001,-0.4682,0.232,0.5751
2026-09-11T17:04:13Z,2026-09-11 17:03:31,SPXW,2026-09-16,P,7070.0,7668.2998,0.7,307.0,0.8,211.0,2.45,0.0,42.0,0.2904,-0.0088,0.0001,-0.4682,0.232,-0.0054
2026-09-11T17:04:13Z,2026-09-11 17:03:31,SPXW,2026-09-16,C,7075.0,7668.2998,584.8,1.0,603.3,1.0,0.0,0.0,0.0,0.0,0.991,0.0001,-0.4729,0.2355,0.5754
2026-09-11T17:04:13Z,2026-09-11 17:03:31,SPXW,2026-09-16,P,7075.0,7668.2998,0.7,397.0,0.8,175.0,2.55,0.0,457.0,0.2882,-0.009,0.0001,-0.4729,0.2355,-0.0055
2026-09-11T17:04:13Z,2026-09-11 17:03:31,SPXW,2026-09-16,C,7080.0,7668.2998,579.0,1.0,598.3,1.0,0.0,0.0,0.0,0.0,0.9908,0.0001,-0.4777,0.239,0.5757
2026-09-11T17:04:13Z,2026-09-11 17:03:31,SPXW,2026-09-16,P,7080.0,7668.2998,0.75,142.0,0.8,118.0,2.5,0.0,1.0,0.2872,-0.0092,0.0001,-0.4777,0.239,-0.0056
2026-09-11T17:04:13Z,2026-09-11 17:03:31,SPXW,2026-09-16,C,7090.0,7668.2998,569.0,1.0,588.4,2.0,0.0,0.0,0.0,0.0,0.9905,0.0001,-0.4876,0.2464,0.5764
2026-09-11T17:04:13Z,2026-09-11 17:03:31,SPXW,2026-09-16,P,7090.0,7668.2998,0.75,313.0,0.85,228.0,2.65,0.0,2.0,0.2838,-0.0095,0.0001,-0.4876,0.2464,-0.0058
2026-09-11T17:04:13Z,2026-09-11 17:03:31,SPXW,2026-09-16,C,7100.0,7668.2998,560.2,1.0,578.2,1.0,583.11,0.0,3.0,0.0,0.9902,0.0001,-0.4979,0.254,0.577
2026-09-11T17:04:13Z,2026-09-11 17:03:31,SPXW,2026-09-16,P,7100.0,7668.2998,0.8,16.0,0.85,176.0,0.85,7.0,429.0,0.2804,-0.0098,0.0001,-0.4979,0.254,-0.006
2026-09-11T17:04:13Z,2026-09-11 17:03:31,SPXW,2026-09-16,C,7110.0,7668.2998,549.1,1.0,568.4,1.0,0.0,0.0,0.0,0.0,0.9898,0.0001,-0.5085,0.262,0.5776
2026-09-11T17:04:13Z,2026-09-11 17:03:31,SPXW,2026-09-16,P,7110.0,7668.2998,0.8,280.0,0.9,292.0,2.75,0.0,1.0,0.277,-0.0102,0.0001,-0.5085,0.262,-0.0063
2026-09-11T17:04:13Z,2026-09-11 17:03:31,SPXW,2026-09-16,C,7120.0,7668.2998,539.1,1.0,558.4,1.0,0.0,0.0,0.0,0.0,0.9894,0.0001,-0.5196,0.2703,0.5782
2026-09-11T17:04:13Z,2026-09-11 17:03:31,SPXW,2026-09-16,P,7120.0,7668.2998,0.8,298.0,0.9,172.0,0.9,3.0,22.0,0.2724,-0.0105,0.0001,-0.5196,0.2703,-0.0065
2026-09-11T17:04:13Z,2026-09-11 17:03:31,SPXW,2026-09-16,C,7125.0,7668.2998,534.1,1.0,553.5,2.0,559.38,0.0,3.0,0.0,0.9893,0.0001,-0.5253,0.2746,0.5785
2026-09-11T17:04:13Z,2026-09-11 17:03:31,SPXW,2026-09-16,P,7125.0,7668.2998,0.85,141.0,0.9,41.0,0.69,16.0,412.0,0.2712,-0.0107,0.0001,-0.5253,0.2746,-0.0066
2026-09-11T17:04:13Z,2026-09-11 17:03:31,SPXW,2026-09-16,C,7130.0,7668.2998,530.5,1.0,548.3,1.0,0.0,0.0,0.0,0.2182,0.9891,0.0001,-0.5311,0.279,0.5788
2026-09-11T17:04:13Z,2026-09-11 17:03:31,SPXW,2026-09-16,P,7130.0,7668.2998,0.85,267.0,0.95,295.0,3.1,0.0,3.0,0.2699,-0.0109,0.0001,-0.5311,0.279,-0.0067
2026-09-11T17:04:13Z,2026-09-11 17:03:31,SPXW,2026-09-16,C,7140.0,7668.2998,519.1,1.0,538.3,1.0,0.0,0.0,0.0,0.0,0.9886,0.0001,-0.5431,0.2881,0.5793
2026-09-11T17:04:13Z,2026-09-11 17:03:31,SPXW,2026-09-16,P,7140.0,7668.2998,0.85,307.0,0.95,171.0,3.1,0.0,1.0,0.2654,-0.0113,0.0001,-0.5431,0.2881,-0.007
2026-09-11T17:04:13Z,2026-09-11 17:03:31,SPXW,2026-09-16,C,7145.0,7668.2998,514.2,1.0,533.5,1.0,0.0,0.0,0.0,0.0,0.9884,0.0001,-0.5493,0.2929,0.5796
2026-09-11T17:04:13Z,2026-09-11 17:03:31,SPXW,2026-09-16,P,7145.0,7668.2998,0.9,219.0,0.95,41.0,0.0,0.0,0.0,0.264,-0.0115,0.0001,-0.5493,0.2929,-0.0071
2026-09-11T17:04:13Z,2026-09-11 17:03:31,SPXW,2026-09-16,C,7150.0,7668.2998,509.2,1.0,527.3,1.0,0.0,0.0,0.0,0.0,0.9882,0.0001,-0.5557,0.2978,0.5799
2026-09-11T17:04:13Z,2026-09-11 17:03:31,SPXW,2026-09-16,P,7150.0,7668.2998,0.9,331.0,1.0,304.0,1.05,15.0,3598.0,0.2627,-0.0118,0.0001,-0.5557,0.2978,-0.0072
2026-09-11T17:04:13Z,2026-09-11 17:03:31,SPXW,2026-09-16,C,7155.0,7668.2998,505.9,1.0,522.8,1.0,0.0,0.0,0.0,0.1976,0.988,0.0001,-0.5621,0.3028,0.5801
2026-09-11T17:04:13Z,2026-09-11 17:03:31,SPXW,2026-09-16,P,7155.0,7668.2998,0.9,289.0,1.0,179.0,1.1,2.0,0.0,0.2604,-0.012,0.0001,-0.5621,0.3028,-0.0074
2026-09-11T17:04:13Z,2026-09-11 17:03:31,SPXW,2026-09-16,C,7160.0,7668.2998,500.6,1.0,518.4,1.0,0.0,0.0,0.0,0.2177,0.9878,0.0001,-0.5688,0.308,0.5804
2026-09-11T17:04:13Z,2026-09-11 17:03:31,SPXW,2026-09-16,P,7160.0,7668.2998,0.95,80.0,1.0,40.0,0.95,17.0,4.0,0.259,-0.0122,0.0001,-0.5688,0.308,-0.0075
2026-09-11T17:04:13Z,2026-09-11 17:03:31,SPXW,2026-09-16,C,7165.0,7668.2998,495.4,1.0,511.6,1.0,0.0,0.0,0.0,0.0,0.9875,0.0001,-0.5756,0.3134,0.5807
2026-09-11T17:04:13Z,2026-09-11 17:03:31,SPXW,2026-09-16,P,7165.0,7668.2998,0.95,240.0,1.05,279.0,0.95,1.0,0.0,0.2576,-0.0124,0.0001,-0.5756,0.3134,-0.0077
2026-09-11T17:04:13Z,2026-09-11 17:03:31,SPXW,2026-09-16,C,7170.0,7668.2998,489.2,2.0,508.4,1.0,0.0,0.0,0.0,0.0,0.9873,0.0001,-0.5825,0.3188,0.5809
2026-09-11T17:04:13Z,2026-09-11 17:03:31,SPXW,2026-09-16,P,7170.0,7668.2998,0.95,291.0,1.05,187.0,1.15,50.0,18.0,0.2553,-0.0127,0.0001,-0.5825,0.3188,-0.0078
2026-09-11T17:04:13Z,2026-09-11 17:03:31,SPXW,2026-09-16,C,7175.0,7668.2998,484.3,1.0,503.6,1.0,559.62,0.0,11.0,0.0,0.987,0.0001,-0.5896,0.3245,0.5812
2026-09-11T17:04:13Z,2026-09-11 17:03:31,SPXW,2026-09-16,P,7175.0,7668.2998,1.0,34.0,1.05,164.0,1.01,47.0,118.0,0.2538,-0.013,0.0001,-0.5896,0.3245,-0.008
2026-09-11T17:04:13Z,2026-09-11 17:03:31,SPXW,2026-09-16,C,7180.0,7668.2998,479.3,1.0,498.6,1.0,0.0,0.0,0.0,0.0,0.9868,0.0001,-0.5969,0.3303,0.5814
2026-09-11T17:04:13Z,2026-09-11 17:03:31,SPXW,2026-09-16,P,7180.0,7668.2998,1.0,218.0,1.1,293.0,3.7,0.0,4.0,0.2523,-0.0132,0.0001,-0.5969,0.3303,-0.0081
2026-09-11T17:04:13Z,2026-09-11 17:03:31,SPXW,2026-09-16,C,7185.0,7668.2998,474.3,1.0,493.7,2.0,0.0,0.0,0.0,0.0,0.9865,0.0001,-0.6044,0.3363,0.5817
2026-09-11T17:04:13Z,2026-09-11 17:03:31,SPXW,2026-09-16,P,7185.0,7668.2998,1.0,308.0,1.05,1.0,1.1,32.0,150.0,0.2492,-0.0135,0.0001,-0.6044,0.3363,-0.0083
2026-09-11T17:04:13Z,2026-09-11 17:03:31,SPXW,2026-09-16,C,7190.0,7668.2998,470.5,1.0,488.5,1.0,0.0,0.0,0.0,0.2046,0.9862,0.0002,-0.6121,0.3424,0.5819
2026-09-11T17:04:13Z,2026-09-11 17:03:31,SPXW,2026-09-16,P,7190.0,7668.2998,1.05,31.0,1.1,54.0,3.9,0.0,10.0,0.2485,-0.0138,0.0002,-0.6121,0.3424,-0.0085
2026-09-11T17:04:13Z,2026-09-11 17:03:31,SPXW,2026-09-16,C,7195.0,7668.2998,465.1,1.0,483.5,1.0,0.0,0.0,0.0,0.1532,0.9859,0.0002,-0.62,0.3488,0.5821
2026-09-11T17:04:13Z,2026-09-11 17:03:31,SPXW,2026-09-16,P,7195.0,7668.2998,1.05,228.0,1.15,290.0,4.2,0.0,4.0,0.247,-0.0141,0.0002,-0.62,0.3488,-0.0087
2026-09-11T17:04:13Z,2026-09-11 17:03:31,SPXW,2026-09-16,C,7200.0,7668.2998,459.4,1.0,478.7,1.0,399.04,0.0,13.0,0.0,0.9856,0.0002,-0.6281,0.3552,0.5824
2026-09-11T17:04:13Z,2026-09-11 17:03:31,SPXW,2026-09-16,P,7200.0,7668.2998,1.05,303.0,1.15,172.0,1.1,378.0,397.0,0.2446,-0.0144,0.0002,-0.6281,0.3552,-0.0089
2026-09-11T17:04:13Z,2026-09-11 17:03:31,SPXW,2026-09-16,C,7205.0,7668.2998,456.0,1.0,473.7,1.0,0.0,0.0,0.0,0.2216,0.9853,0.0002,-0.6364,0.3619,0.5826
2026-09-11T17:04:13Z,2026-09-11 17:03:31,SPXW,2026-09-16,P,7205.0,7668.2998,1.1,81.0,1.15,38.0,1.0,1.0,1.0,0.243,-0.0147,0.0002,-0.6364,0.3619,-0.0091
2026-09-11T17:04:13Z,2026-09-11 17:03:31,SPXW,2026-09-16,C,7210.0,7668.2998,450.1,1.0,468.6,1.0,0.0,0.0,0.0,0.1727,0.985,0.0002,-0.645,0.3688,0.5828
2026-09-11T17:04:13Z,2026-09-11 17:03:31,SPXW,2026-09-16,P,7210.0,7668.2998,1.1,289.0,1.2,178.0,4.2,0.0,33.0,0.2415,-0.015,0.0002,-0.645,0.3688,-0.0093
2026-09-11T17:04:13Z,2026-09-11 17:03:31,SPXW,2026-09-16,C,7215.0,7668.2998,444.4,1.0,463.6,1.0,0.0,0.0,0.0,0.0,0.9846,0.0002,-0.6538,0.3758,0.583
2026-09-11T17:04:13Z,2026-09-11 17:03:31,SPXW,2026-09-16,P,7215.0,7668.2998,1.15,5.0,1.2,161.0,1.2,9.0,1.0,0.2391,-0.0153,0.0002,-0.6538,0.3758,-0.0095
2026-09-11T17:04:13Z,2026-09-11 17:03:31,SPXW,2026-09-16,C,7220.0,7668.2998,440.8,1.0,458.7,1.0,0.0,0.0,0.0,0.2097,0.9843,0.0002,-0.663,0.383,0.5832
2026-09-11T17:04:13Z,2026-09-11 17:03:31,SPXW,2026-09-16,P,7220.0,7668.2998,1.15,212.0,1.25,272.0,4.6,0.0,124.0,0.2382,-0.0157,0.0002,-0.663,0.383,-0.0097
2026-09-11T17:04:13Z,2026-09-11 17:03:31,SPXW,2026-09-16,C,7225.0,7668.2998,435.3,1.0,452.5,1.0,0.0,0.0,0.0,0.0,0.984,0.0002,-0.6723,0.3905,0.5834
2026-09-11T17:04:13Z,2026-09-11 17:03:31,SPXW,2026-09-16,P,7225.0,7668.2998,1.15,309.0,1.25,174.0,1.25,12.0,265.0,0.2358,-0.016,0.0002,-0.6723,0.3905,-0.0099
2026-09-11T17:04:13Z,2026-09-11 17:03:31,SPXW,2026-09-16,C,7230.0,7668.2998,429.5,1.0,446.9,1.0,0.0,0.0,0.0,0.0,0.9836,0.0002,-0.682,0.3981,0.5835
2026-09-11T17:04:13Z,2026-09-11 17:03:31,SPXW,2026-09-16,P,7230.0,7668.2998,1.2,91.0,1.25,38.0,4.8,0.0,107.0,0.2342,-0.0164,0.0002,-0.682,0.3981,-0.0102
2026-09-11T17:04:13Z,2026-09-11 17:03:31,SPXW,2026-09-16,C,7235.0,7668.2998,425.3,1.0,443.7,1.0,0.0,0.0,0.0,0.1852,0.9832,0.0002,-0.692,0.406,0.5837
2026-09-11T17:04:13Z,2026-09-11 17:03:31,SPXW,2026-09-16,P,7235.0,7668.2998,1.2,275.0,1.3,174.0,4.9,0.0,2.0,0.2325,-0.0168,0.0002,-0.692,0.406,-0.0104
2026-09-11T17:04:13Z,2026-09-11 17:03:31,SPXW,2026-09-16,C,7240.0,7668.2998,419.9,1.0,438.3,1.0,0.0,0.0,0.0,0.0,0.9828,0.0002,-0.7022,0.4142,0.5839
2026-09-11T17:04:13Z,2026-09-11 17:03:31,SPXW,2026-09-16,P,7240.0,7668.2998,1.25,43.0,1.3,37.0,5.0,0.0,59.0,0.2308,-0.0172,0.0002,-0.7022,0.4142,-0.0106
2026-09-11T17:04:13Z,2026-09-11 17:03:31,SPXW,2026-09-16,C,7245.0,7668.2998,414.6,1.0,433.9,1.0,0.0,0.0,0.0,0.1565,0.9824,0.0002,-0.7129,0.4226,0.584
2026-09-11T17:04:13Z,2026-09-11 17:03:31,SPXW,2026-09-16,P,7245.0,7668.2998,1.25,281.0,1.35,170.0,1.6,26.0,25.0,0.229,-0.0176,0.0002,-0.7129,0.4226,-0.0109
2026-09-11T17:04:13Z,2026-09-11 17:03:31,SPXW,2026-09-16,C,7250.0,7668.2998,409.6,1.0,428.8,1.0,0.0,0.0,0.0,0.0,0.982,0.0002,-0.7238,0.4313,0.5842
2026-09-11T17:04:13Z,2026-09-11 17:03:31,SPXW,2026-09-16,P,7250.0,7668.2998,1.3,36.0,1.35,36.0,1.4,25.0,458.0,0.2273,-0.018,0.0002,-0.7238,0.4313,-0.0112
2026-09-11T17:04:13Z,2026-09-11 17:03:31,SPXW,2026-09-16,C,7255.0,7668.2998,404.6,1.0,423.9,1.0,0.0,0.0,0.0,0.0,0.9815,0.0002,-0.7352,0.4404,0.5843
2026-09-11T17:04:13Z,2026-09-11 17:03:31,SPXW,2026-09-16,P,7255.0,7668.2998,1.3,268.0,1.4,165.0,1.55,1.0,6.0,0.2255,-0.0185,0.0002,-0.7352,0.4404,-0.0114
2026-09-11T17:04:13Z,2026-09-11 17:03:31,SPXW,2026-09-16,C,7260.0,7668.2998,399.7,1.0,417.1,1.0,0.0,0.0,0.0,0.0,0.981,0.0002,-0.7468,0.4498,0.5844
2026-09-11T17:04:13Z,2026-09-11 17:03:31,SPXW,2026-09-16,P,7260.0,7668.2998,1.35,79.0,1.4,37.0,1.35,118.0,157.0,0.2237,-0.0189,0.0002,-0.7468,0.4498,-0.0117
2026-09-11T17:04:13Z,2026-09-11 17:03:31,SPXW,2026-09-16,C,7265.0,7668.2998,394.7,1.0,412.1,1.0,0.0,0.0,0.0,0.0,0.9806,0.0002,-0.759,0.4595,0.5846
2026-09-11T17:04:13Z,2026-09-11 17:03:31,SPXW,2026-09-16,P,7265.0,7668.2998,1.35,276.0,1.45,166.0,1.4,13.0,1.0,0.2219,-0.0194,0.0002,-0.759,0.4595,-0.012
2026-09-11T17:04:13Z,2026-09-11 17:03:31,SPXW,2026-09-16,C,7270.0,7668.2998,389.7,1.0,408.6,1.0,0.0,0.0,0.0,0.0,0.9801,0.0002,-0.7714,0.4696,0.5847
2026-09-11T17:04:13Z,2026-09-11 17:03:31,SPXW,2026-09-16,P,7270.0,7668.2998,1.4,205.0,1.5,174.0,1.8,1.0,114.0,0.2207,-0.0199,0.0002,-0.7714,0.4696,-0.0123
2026-09-11T17:04:13Z,2026-09-11 17:03:31,SPXW,2026-09-16,C,7275.0,7668.2998,385.0,1.0,404.1,1.0,0.0,0.0,0.0,0.1724,0.9796,0.0002,-0.7844,0.4801,0.5848
2026-09-11T17:04:13Z,2026-09-11 17:03:31,SPXW,2026-09-16,P,7275.0,7668.2998,1.4,319.0,1.5,35.0,1.45,90.0,639.0,0.2183,-0.0204,0.0002,-0.7844,0.4801,-0.0126
2026-09-11T17:04:13Z,2026-09-11 17:03:31,SPXW,2026-09-16,C,7280.0,7668.2998,380.5,1.0,398.0,1.0,0.0,0.0,0.0,0.0,0.979,0.0002,-0.7978,0.4909,0.5848
2026-09-11T17:04:13Z,2026-09-11 17:03:31,SPXW,2026-09-16,P,7280.0,7668.2998,1.45,265.0,1.55,159.0,1.58,10.0,74.0,0.217,-0.021,0.0002,-0.7978,0.4909,-0.013
2026-09-11T17:04:13Z,2026-09-11 17:03:31,SPXW,2026-09-16,C,7285.0,7668.2998,375.1,1.0,393.8,1.0,0.0,0.0,0.0,0.1583,0.9784,0.0003,-0.8116,0.5022,0.5849
2026-09-11T17:04:13Z,2026-09-11 17:03:31,SPXW,2026-09-16,P,7285.0,7668.2998,1.5,134.0,1.6,246.0,6.4,0.0,6.0,0.2151,-0.0215,0.0003,-0.8116,0.5022,-0.0133
2026-09-11T17:04:13Z,2026-09-11 17:03:31,SPXW,2026-09-16,C,7290.0,7668.2998,370.0,1.0,388.7,1.0,309.55,0.0,30.0,0.1348,0.9778,0.0003,-0.826,0.5138,0.5849
2026-09-11T17:04:13Z,2026-09-11 17:03:31,SPXW,2026-09-16,P,7290.0,7668.2998,1.5,286.0,1.6,35.0,1.72,64.0,201.0,0.2132,-0.0221,0.0003,-0.826,0.5138,-0.0137
2026-09-11T17:04:13Z,2026-09-11 17:03:31,SPXW,2026-09-16,C,7295.0,7668.2998,365.7,1.0,383.1,1.0,0.0,0.0,0.0,0.1464,0.9772,0.0003,-0.8409,0.5259,0.5849
2026-09-11T17:04:13Z,2026-09-11 17:03:31,SPXW,2026-09-16,P,7295.0,7668.2998,1.55,259.0,1.65,164.0,7.2,0.0,14.0,0.2118,-0.0227,0.0003,-0.8409,0.5259,-0.0141
2026-09-11T17:04:13Z,2026-09-11 17:03:31,SPXW,2026-09-16,C,7300.0,7668.2998,360.2,1.0,378.2,1.0,348.74,0.0,4.0,0.0,0.9766,0.0003,-0.8563,0.5383,0.5849
2026-09-11T17:04:13Z,2026-09-11 17:03:31,SPXW,2026-09-16,P,7300.0,7668.2998,1.6,194.0,1.7,208.0,1.75,220.0,1421.0,0.2103,-0.0234,0.0003,-0.8563,0.5383,-0.0145
2026-09-11T17:04:13Z,2026-09-11 17:03:31,SPXW,2026-09-16,C,7305.0,7668.2998,355.7,1.0,373.2,1.0,0.0,0.0,0.0,0.1497,0.9759,0.0003,-0.8724,0.5512,0.5849
2026-09-11T17:04:13Z,2026-09-11 17:03:31,SPXW,2026-09-16,P,7305.0,7668.2998,1.65,37.0,1.7,34.0,1.73,131.0,16.0,0.2084,-0.024,0.0003,-0.8724,0.5512,-0.0149
2026-09-11T17:04:13Z,2026-09-11 17:03:31,SPXW,2026-09-16,C,7310.0,7668.2998,350.3,1.0,368.3,1.0,305.99,0.0,2.0,0.0,0.9752,0.0003,-0.889,0.5644,0.5849
2026-09-11T17:04:13Z,2026-09-11 17:03:31,SPXW,2026-09-16,P,7310.0,7668.2998,1.7,25.0,1.75,47.0,1.8,15.0,310.0,0.2064,-0.0248,0.0003,-0.889,0.5644,-0.0154
2026-09-11T17:04:13Z,2026-09-11 17:03:31,SPXW,2026-09-16,C,7315.0,7668.2998,345.9,1.0,363.3,1.0,0.0,0.0,0.0,0.1589,0.9745,0.0003,-0.9062,0.5782,0.5848
2026-09-11T17:04:13Z,2026-09-11 17:03:31,SPXW,2026-09-16,P,7315.0,7668.2998,1.7,252.0,1.8,46.0,2.28,10.0,62.0,0.2048,-0.0255,0.0003,-0.9062,0.5782,-0.0158
2026-09-11T17:04:13Z,2026-09-11 17:03:31,SPXW,2026-09-16,C,7320.0,7668.2998,340.4,1.0,359.0,1.0,0.0,0.0,0.0,0.1627,0.9737,0.0003,-0.9241,0.5924,0.5848
2026-09-11T17:04:13Z,2026-09-11 17:03:31,SPXW,2026-09-16,P,7320.0,7668.2998,1.75,263.0,1.85,46.0,1.76,31.0,203.0,0.2033,-0.0262,0.0003,-0.9241,0.5924,-0.0163
2026-09-11T17:04:13Z,2026-09-11 17:03:31,SPXW,2026-09-16,C,7325.0,7668.2998,335.2,1.0,354.0,1.0,0.0,0.0,0.0,0.1545,0.9729,0.0003,-0.9427,0.6072,0.5847
2026-09-11T17:04:13Z,2026-09-11 17:03:31,SPXW,2026-09-16,P,7325.0,7668.2998,1.8,274.0,1.9,163.0,2.0,8.0,253.0,0.2017,-0.027,0.0003,-0.9427,0.6072,-0.0168
2026-09-11T17:04:13Z,2026-09-11 17:03:31,SPXW,2026-09-16,C,7330.0,7668.2998,331.0,1.0,347.7,1.0,0.0,0.0,0.0,0.1125,0.9721,0.0004,-0.962,0.6226,0.5846
2026-09-11T17:04:13Z,2026-09-11 17:03:31,SPXW,2026-09-16,P,7330.0,7668.2998,1.85,235.0,1.95,209.0,2.0,9.0,119.0,0.2,-0.0279,0.0004,-0.962,0.6226,-0.0173
2026-09-11T17:04:13Z,2026-09-11 17:03:31,SPXW,2026-09-16,C,7335.0,7668.2998,325.4,1.0,343.6,1.0,0.0,0.0,0.0,0.1424,0.9712,0.0004,-0.9821,0.6386,0.5844
2026-09-11T17:04:13Z,2026-09-11 17:03:31,SPXW,2026-09-16,P,7335.0,7668.2998,1.9,237.0,2.0,110.0,9.2,0.0,13.0,0.1984,-0.0288,0.0004,-0.9821,0.6386,-0.0179
2026-09-11T17:04:13Z,2026-09-11 17:03:31,SPXW,2026-09-16,C,7340.0,7668.2998,320.7,1.0,339.2,1.0,390.39,0.0,1.0,0.1645,0.9703,0.0004,-1.0029,0.6554,0.5843
2026-09-11T17:04:13Z,2026-09-11 17:03:31,SPXW,2026-09-16,P,7340.0,7668.2998,1.95,258.0,2.05,59.0,2.11,50.0,151.0,0.1967,-0.0297,0.0004,-1.0029,0.6554,-0.0184
2026-09-11T17:04:13Z,2026-09-11 17:03:31,SPXW,2026-09-16,C,7345.0,7668.2998,315.5,1.0,332.5,1.0,0.0,0.0,0.0,0.0,0.9693,0.0004,-1.0245,0.6728,0.5841
2026-09-11T17:04:13Z,2026-09-11 17:03:31,SPXW,2026-09-16,P,7345.0,7668.2998,2.0,230.0,2.1,38.0,2.15,21.0,14.0,0.195,-0.0306,0.0004,-1.0245,0.6728,-0.019
2026-09-11T17:04:13Z,2026-09-11 17:03:31,SPXW,2026-09-16,C,7350.0,7668.2998,310.4,1.0,327.3,1.0,471.92,0.0,1.0,0.0,0.9683,0.0004,-1.0469,0.691,0.5839
2026-09-11T17:04:13Z,2026-09-11 17:03:31,SPXW,2026-09-16,P,7350.0,7668.2998,2.1,30.0,2.15,31.0,2.17,68.0,1367.0,0.1936,-0.0317,0.0004,-1.0469,0.691,-0.0196
2026-09-11T17:04:13Z,2026-09-11 17:03:31,SPXW,2026-09-16,C,7355.0,7668.2998,305.5,1.0,322.7,1.0,0.0,0.0,0.0,0.0,0.9673,0.0004,-1.0702,0.7099,0.5836
2026-09-11T17:04:13Z,2026-09-11 17:03:31,SPXW,2026-09-16,P,7355.0,7668.2998,2.15,91.0,2.25,151.0,2.28,19.0,27.0,0.1922,-0.0327,0.0004,-1.0702,0.7099,-0.0203
2026-09-11T17:04:13Z,2026-09-11 17:03:31,SPXW,2026-09-16,C,7360.0,7668.2998,301.4,1.0,317.7,1.0,255.01,0.0,2.0,0.1359,0.9662,0.0004,-1.0944,0.7295,0.5834
2026-09-11T17:04:13Z,2026-09-11 17:03:31,SPXW,2026-09-16,P,7360.0,7668.2998,2.2,222.0,2.3,96.0,2.4,108.0,308.0,0.1904,-0.0338,0.0004,-1.0944,0.7295,-0.021
2026-09-11T17:04:13Z,2026-09-11 17:03:31,SPXW,2026-09-16,C,7365.0,7668.2998,296.0,1.0,315.0,1.0,0.0,0.0,0.0,0.168,0.965,0.0004,-1.1195,0.7498,0.583
2026-09-11T17:04:13Z,2026-09-11 17:03:31,SPXW,2026-09-16,P,7365.0,7668.2998,2.3,24.0,2.35,21.0,2.4,8.0,306.0,0.1885,-0.035,0.0004,-1.1195,0.7498,-0.0218
2026-09-11T17:04:13Z,2026-09-11 17:03:31,SPXW,2026-09-16,C,7370.0,7668.2998,290.7,1.0,308.0,1.0,233.78,0.0,24.0,0.0,0.9638,0.0005,-1.1456,0.7708,0.5826
2026-09-11T17:04:13Z,2026-09-11 17:03:31,SPXW,2026-09-16,P,7370.0,7668.2998,2.35,117.0,2.45,141.0,2.6,44.0,142.0,0.1873,-0.0362,0.0005,-1.1456,0.7708,-0.0225
2026-09-11T17:04:13Z,2026-09-11 17:03:31,SPXW,2026-09-16,C,7375.0,7668.2998,285.9,1.0,304.2,1.0,0.0,0.0,0.0,0.1517,0.9625,0.0005,-1.1727,0.7925,0.5822
2026-09-11T17:04:13Z,2026-09-11 17:03:31,SPXW,2026-09-16,P,7375.0,7668.2998,2.45,8.0,2.5,28.0,2.45,41.0,475.0,0.1854,-0.0375,0.0005,-1.1727,0.7925,-0.0234
2026-09-11T17:04:13Z,2026-09-11 17:03:31,SPXW,2026-09-16,C,7380.0,7668.2998,281.7,1.0,299.3,1.0,353.09,0.0,1.0,0.1607,0.9611,0.0005,-1.2009,0.815,0.5818
2026-09-11T17:04:13Z,2026-09-11 17:03:31,SPXW,2026-09-16,P,7380.0,7668.2998,2.5,131.0,2.6,42.0,2.77,42.0,361.0,0.1841,-0.0388,0.0005,-1.2009,0.815,-0.0242
2026-09-11T17:04:13Z,2026-09-11 17:03:31,SPXW,2026-09-16,C,7385.0,7668.2998,276.2,1.0,294.4,1.0,230.98,0.0,1.0,0.1537,0.9597,0.0005,-1.2302,0.8383,0.5813
2026-09-11T17:04:13Z,2026-09-11 17:03:31,SPXW,2026-09-16,P,7385.0,7668.2998,2.6,25.0,2.7,148.0,2.91,9.0,193.0,0.1824,-0.0402,0.0005,-1.2302,0.8383,-0.0251
2026-09-11T17:04:13Z,2026-09-11 17:03:31,SPXW,2026-09-16,C,7390.0,7668.2998,271.2,2.0,288.6,1.0,216.2,0.0,30.0,0.1399,0.9582,0.0005,-1.2606,0.8626,0.5808
2026-09-11T17:04:13Z,2026-09-11 17:03:31,SPXW,2026-09-16,P,7390.0,7668.2998,2.7,16.0,2.8,152.0,3.15,29.0,384.0,0.1807,-0.0417,0.0005,-1.2606,0.8626,-0.026
2026-09-11T17:04:13Z,2026-09-11 17:03:31,SPXW,2026-09-16,C,7395.0,7668.2998,266.3,3.0,285.5,3.0,0.0,0.0,0.0,0.161,0.9567,0.0006,-1.2922,0.888,0.5803
2026-09-11T17:04:13Z,2026-09-11 17:03:31,SPXW,2026-09-16,P,7395.0,7668.2998,2.8,19.0,2.85,26.0,2.8,25.0,1448.0,0.1792,-0.0433,0.0006,-1.2922,0.888,-0.027
2026-09-11T17:04:13Z,2026-09-11 17:03:31,SPXW,2026-09-16,C,7400.0,7668.2998,262.0,1.0,278.8,1.0,220.94,0.0,31.0,0.1488,0.955,0.0006,-1.3249,0.9146,0.5797
2026-09-11T17:04:13Z,2026-09-11 17:03:31,SPXW,2026-09-16,P,7400.0,7668.2998,2.9,38.0,2.95,19.0,2.9,201.0,2267.0,0.1777,-0.0449,0.0006,-1.3249,0.9146,-0.028
2026-09-11T17:04:13Z,2026-09-11 17:03:31,SPXW,2026-09-16,C,7405.0,7668.2998,256.5,1.0,274.4,1.0,0.0,0.0,0.0,0.1474,0.9533,0.0006,-1.3588,0.9422,0.579
2026-09-11T17:04:13Z,2026-09-11 17:03:31,SPXW,2026-09-16,P,7405.0,7668.2998,3.0,39.0,3.1,163.0,3.35,8.0,234.0,0.1765,-0.0466,0.0006,-1.3588,0.9422,-0.0291
2026-09-11T17:04:13Z,2026-09-11 17:03:31,SPXW,2026-09-16,C,7410.0,7668.2998,251.5,1.0,269.7,1.0,0.0,0.0,0.0,0.148,0.9515,0.0006,-1.394,0.971,0.5783
2026-09-11T17:04:13Z,2026-09-11 17:03:31,SPXW,2026-09-16,P,7410.0,7668.2998,3.1,51.0,3.2,145.0,3.1,80.0,184.0,0.1751,-0.0485,0.0006,-1.394,0.971,-0.0302
2026-09-11T17:04:13Z,2026-09-11 17:03:31,SPXW,2026-09-16,C,7415.0,7668.2998,246.9,1.0,264.3,1.0,0.0,0.0,0.0,0.1455,0.9496,0.0006,-1.4305,1.0008,0.5775
2026-09-11T17:04:13Z,2026-09-11 17:03:31,SPXW,2026-09-16,P,7415.0,7668.2998,3.2,73.0,3.3,49.0,3.36,24.0,180.0,0.1734,-0.0504,0.0006,-1.4305,1.0008,-0.0314
2026-09-11T17:04:13Z,2026-09-11 17:03:31,SPXW,2026-09-16,C,7420.0,7668.2998,241.7,1.0,259.1,1.0,255.19,1.0,1.0,0.1391,0.9476,0.0007,-1.4684,1.0317,0.5766
2026-09-11T17:04:13Z,2026-09-11 17:03:31,SPXW,2026-09-16,P,7420.0,7668.2998,3.3,146.0,3.4,25.0,3.6,53.0,174.0,0.1717,-0.0524,0.0007,-1.4684,1.0317,-0.0327
2026-09-11T17:04:13Z,2026-09-11 17:03:31,SPXW,2026-09-16,C,7425.0,7668.2998,237.2,1.0,255.1,1.0,275.0,0.0,6.0,0.1497,0.9455,0.0007,-1.5076,1.0634,0.5757
2026-09-11T17:04:13Z,2026-09-11 17:03:31,SPXW,2026-09-16,P,7425.0,7668.2998,3.4,138.0,3.6,149.0,3.8,62.0,387.0,0.1705,-0.0545,0.0007,-1.5076,1.0634,-0.034
2026-09-11T17:04:13Z,2026-09-11 17:03:31,SPXW,2026-09-16,C,7430.0,7668.2998,232.1,1.0,249.5,1.0,0.0,0.0,0.0,0.1416,0.9433,0.0007,-1.5483,1.0963,0.5747
2026-09-11T17:04:13Z,2026-09-11 17:03:31,SPXW,2026-09-16,P,7430.0,7668.2998,3.6,66.0,3.7,132.0,3.65,122.0,114.0,0.1691,-0.0567,0.0007,-1.5483,1.0963,-0.0354
2026-09-11T17:04:13Z,2026-09-11 17:03:31,SPXW,2026-09-16,C,7435.0,7668.2998,227.1,1.0,245.9,1.0,0.0,0.0,0.0,0.1506,0.9409,0.0008,-1.5905,1.1304,0.5736
2026-09-11T17:04:13Z,2026-09-11 17:03:31,SPXW,2026-09-16,P,7435.0,7668.2998,3.7,127.0,3.9,183.0,4.2,51.0,94.0,0.1672,-0.059,0.0008,-1.5905,1.1304,-0.0369
2026-09-11T17:04:13Z,2026-09-11 17:03:31,SPXW,2026-09-16,C,7440.0,7668.2998,223.8,1.0,241.5,1.0,0.0,0.0,0.0,0.1597,0.9385,0.0008,-1.6341,1.1658,0.5725
2026-09-11T17:04:13Z,2026-09-11 17:03:31,SPXW,2026-09-16,P,7440.0,7668.2998,3.9,52.0,4.0,119.0,3.9,102.0,237.0,0.1658,-0.0615,0.0008,-1.6341,1.1658,-0.0384
2026-09-11T17:04:13Z,2026-09-11 17:03:31,SPXW,2026-09-16,C,7445.0,7668.2998,217.6,2.0,235.3,1.0,0.0,0.0,0.0,0.1433,0.9359,0.0008,-1.6792,1.2028,0.5713
2026-09-11T17:04:13Z,2026-09-11 17:03:31,SPXW,2026-09-16,P,7445.0,7668.2998,4.0,120.0,4.2,127.0,4.23,112.0,93.0,0.1647,-0.0641,0.0008,-1.6792,1.2028,-0.04
2026-09-11T17:04:13Z,2026-09-11 17:03:31,SPXW,2026-09-16,C,7450.0,7668.2998,212.8,1.0,231.2,1.0,157.13,0.0,4.0,0.1472,0.9332,0.0009,-1.7259,1.2414,0.57
2026-09-11T17:04:13Z,2026-09-11 17:03:31,SPXW,2026-09-16,P,7450.0,7668.2998,4.2,118.0,4.3,17.0,4.6,1106.0,1315.0,0.1631,-0.0668,0.0009,-1.7259,1.2414,-0.0418
2026-09-11T17:04:13Z,2026-09-11 17:03:31,SPXW,2026-09-16,C,7455.0,7668.2998,208.6,1.0,227.0,1.0,0.0,0.0,0.0,0.1526,0.9303,0.0009,-1.7741,1.2815,0.5686
2026-09-11T17:04:13Z,2026-09-11 17:03:31,SPXW,2026-09-16,P,7455.0,7668.2998,4.4,93.0,4.5,63.0,4.4,130.0,129.0,0.1618,-0.0697,0.0009,-1.7741,1.2815,-0.0436
2026-09-11T17:04:13Z,2026-09-11 17:03:31,SPXW,2026-09-16,C,7460.0,7668.2998,207.6,1.0,221.3,1.0,270.73,0.0,27.0,0.1638,0.9272,0.0009,-1.8239,1.3229,0.5671
2026-09-11T17:04:13Z,2026-09-11 17:03:31,SPXW,2026-09-16,P,7460.0,7668.2998,4.6,89.0,4.7,63.0,4.63,105.0,335.0,0.1605,-0.0727,0.0009,-1.8239,1.3229,-0.0455
2026-09-11T17:04:13Z,2026-09-11 17:03:31,SPXW,2026-09-16,C,7465.0,7668.2998,202.6,1.0,216.5,1.0,0.0,0.0,0.0,0.1615,0.9241,0.001,-1.8754,1.3655,0.5654
2026-09-11T17:04:13Z,2026-09-11 17:03:31,SPXW,2026-09-16,P,7465.0,7668.2998,4.8,87.0,4.9,62.0,5.05,92.0,399.0,0.1591,-0.0759,0.001,-1.8754,1.3655,-0.0475
2026-09-11T17:04:13Z,2026-09-11 17:03:31,SPXW,2026-09-16,C,7470.0,7668.2998,198.0,1.0,211.8,4.0,146.28,0.0,25.0,0.161,0.9207,0.001,-1.9285,1.4093,0.5637
2026-09-11T17:04:13Z,2026-09-11 17:03:31,SPXW,2026-09-16,P,7470.0,7668.2998,5.0,92.0,5.1,16.0,6.0,48.0,850.0,0.1576,-0.0793,0.001,-1.9285,1.4093,-0.0497
2026-09-11T17:04:13Z,2026-09-11 17:03:31,SPXW,2026-09-16,C,7475.0,7668.2998,196.1,16.0,203.5,16.0,187.03,0.0,25.0,0.1572,0.9172,0.0011,-1.9833,1.4544,0.5619
2026-09-11T17:04:13Z,2026-09-11 17:03:31,SPXW,2026-09-16,P,7475.0,7668.2998,5.2,119.0,5.4,117.0,5.8,154.0,905.0,0.1564,-0.0828,0.0011,-1.9833,1.4544,-0.0519
2026-09-11T17:04:13Z,2026-09-11 17:03:31,SPXW,2026-09-16,C,7480.0,7668.2998,191.6,16.0,198.6,16.0,181.8,1.0,7.0,0.1562,0.9134,0.0011,-2.0398,1.5012,0.56
2026-09-11T17:04:13Z,2026-09-11 17:03:31,SPXW,2026-09-16,P,7480.0,7668.2998,5.5,52.0,5.6,87.0,6.1,113.0,226.0,0.1551,-0.0865,0.0011,-2.0398,1.5012,-0.0542
2026-09-11T17:04:13Z,2026-09-11 17:03:31,SPXW,2026-09-16,C,7485.0,7668.2998,186.9,16.0,193.7,16.0,177.2,1.0,3.0,0.1544,0.9095,0.0012,-2.098,1.5499,0.5579
2026-09-11T17:04:13Z,2026-09-11 17:03:31,SPXW,2026-09-16,P,7485.0,7668.2998,5.7,113.0,5.9,110.0,5.68,23.0,173.0,0.1537,-0.0905,0.0012,-2.098,1.5499,-0.0567
2026-09-11T17:04:13Z,2026-09-11 17:03:31,SPXW,2026-09-16,C,7490.0,7668.2998,182.2,16.0,189.1,16.0,0.0,0.0,0.0,0.1535,0.9054,0.0012,-2.1578,1.6005,0.5557
2026-09-11T17:04:13Z,2026-09-11 17:03:31,SPXW,2026-09-16,P,7490.0,7668.2998,6.0,103.0,6.2,110.0,6.66,46.0,309.0,0.1522,-0.0946,0.0012,-2.1578,1.6005,-0.0593
2026-09-11T17:04:13Z,2026-09-11 17:03:31,SPXW,2026-09-16,C,7495.0,7668.2998,177.5,16.0,183.9,16.0,0.0,0.0,0.0,0.1506,0.901,0.0013,-2.2193,1.6529,0.5534
2026-09-11T17:04:13Z,2026-09-11 17:03:31,SPXW,2026-09-16,P,7495.0,7668.2998,6.3,70.0,6.4,30.0,6.32,33.0,129.0,0.1509,-0.099,0.0013,-2.2193,1.6529,-0.0621
2026-09-11T17:04:13Z,2026-09-11 17:03:31,SPXW,2026-09-16,C,7500.0,7668.2998,172.8,16.0,179.6,16.0,127.65,0.0,20.0,0.1505,0.8964,0.0013,-2.2824,1.7066,0.5508
2026-09-11T17:04:13Z,2026-09-11 17:03:31,SPXW,2026-09-16,P,7500.0,7668.2998,6.6,92.0,6.7,17.0,6.8,1235.0,1070.0,0.1496,-0.1036,0.0013,-2.2824,1.7066,-0.065
2026-09-11T17:04:13Z,2026-09-11 17:03:31,SPXW,2026-09-16,C,7505.0,7668.2998,168.2,17.0,174.9,16.0,123.65,0.0,26.0,0.1493,0.8915,0.0014,-2.3472,1.7614,0.5481
2026-09-11T17:04:13Z,2026-09-11 17:03:31,SPXW,2026-09-16,P,7505.0,7668.2998,6.9,95.0,7.1,95.0,7.15,62.0,164.0,0.1481,-0.1084,0.0014,-2.3472,1.7614,-0.0681
2026-09-11T17:04:13Z,2026-09-11 17:03:31,SPXW,2026-09-16,C,7510.0,7668.2998,163.7,16.0,170.3,16.0,160.07,23.0,50.0,0.1485,0.8864,0.0014,-2.4135,1.8175,0.5453
2026-09-11T17:04:13Z,2026-09-11 17:03:31,SPXW,2026-09-16,P,7510.0,7668.2998,7.3,36.0,7.4,79.0,7.1,61.0,182.0,0.1469,-0.1136,0.0014,-2.4135,1.8175,-0.0714
2026-09-11T17:04:13Z,2026-09-11 17:03:31,SPXW,2026-09-16,C,7515.0,7668.2998,158.9,17.0,165.6,16.0,109.8,0.0,43.0,0.1466,0.881,0.0015,-2.4815,1.8753,0.5423
2026-09-11T17:04:13Z,2026-09-11 17:03:31,SPXW,2026-09-16,P,7515.0,7668.2998,7.6,92.0,7.8,82.0,8.1,99.0,98.0,0.1458,-0.1189,0.0015,-2.4815,1.8753,-0.0748
2026-09-11T17:04:13Z,2026-09-11 17:03:31,SPXW,2026-09-16,C,7520.0,7668.2998,154.1,17.0,161.0,16.0,153.59,1.0,25.0,0.1448,0.8754,0.0016,-2.5509,1.9351,0.5392
2026-09-11T17:04:13Z,2026-09-11 17:03:31,SPXW,2026-09-16,P,7520.0,7668.2998,8.0,83.0,8.2,89.0,8.0,251.0,669.0,0.1443,-0.1246,0.0016,-2.5509,1.9351,-0.0783
2026-09-11T17:04:13Z,2026-09-11 17:03:31,SPXW,2026-09-16,C,7525.0,7668.2998,149.7,16.0,155.9,16.0,149.19,1.0,35.0,0.1426,0.8694,0.0016,-2.6217,1.9969,0.5358
2026-09-11T17:04:13Z,2026-09-11 17:03:31,SPXW,2026-09-16,P,7525.0,7668.2998,8.4,84.0,8.6,74.0,8.71,134.0,2391.0,0.1432,-0.1306,0.0016,-2.6217,1.9969,-0.0821
2026-09-11T17:04:13Z,2026-09-11 17:03:31,SPXW,2026-09-16,C,7530.0,7668.2998,144.9,17.0,151.7,16.0,151.4,2.0,38.0,0.1417,0.8631,0.0017,-2.6937,2.0604,0.5322
2026-09-11T17:04:13Z,2026-09-11 17:03:31,SPXW,2026-09-16,P,7530.0,7668.2998,8.9,26.0,9.0,71.0,9.35,86.0,242.0,0.1418,-0.1369,0.0017,-2.6937,2.0604,-0.0861
2026-09-11T17:04:13Z,2026-09-11 17:03:31,SPXW,2026-09-16,C,7535.0,7668.2998,140.8,17.0,147.2,16.0,97.7,0.0,5.0,0.1416,0.8564,0.0018,-2.767,2.1247,0.5284
2026-09-11T17:04:13Z,2026-09-11 17:03:31,SPXW,2026-09-16,P,7535.0,7668.2998,9.3,79.0,9.5,71.0,9.78,143.0,142.0,0.1405,-0.1435,0.0018,-2.767,2.1247,-0.0904
2026-09-11T17:04:13Z,2026-09-11 17:03:31,SPXW,2026-09-16,C,7540.0,7668.2998,135.9,16.0,142.7,16.0,142.41,2.0,26.0,0.1394,0.8495,0.0018,-2.8412,2.1897,0.5243
2026-09-11T17:04:13Z,2026-09-11 17:03:31,SPXW,2026-09-16,P,7540.0,7668.2998,9.8,77.0,10.0,76.0,9.8,446.0,279.0,0.1393,-0.1505,0.0018,-2.8412,2.1897,-0.0948
2026-09-11T17:04:13Z,2026-09-11 17:03:31,SPXW,2026-09-16,C,7545.0,7668.2998,131.5,17.0,138.1,16.0,138.58,1.0,3.0,0.1381,0.8421,0.0019,-2.9164,2.2558,0.5201
2026-09-11T17:04:13Z,2026-09-11 17:03:31,SPXW,2026-09-16,P,7545.0,7668.2998,10.3,72.0,10.5,70.0,10.3,74.0,186.0,0.1379,-0.1579,0.0019,-2.9164,2.2558,-0.0995
2026-09-11T17:04:13Z,2026-09-11 17:03:31,SPXW,2026-09-16,C,7550.0,7668.2998,127.4,16.0,133.7,16.0,131.49,25.0,69.0,0.1377,0.8344,0.002,-2.9923,2.3237,0.5157
2026-09-11T17:04:13Z,2026-09-11 17:03:31,SPXW,2026-09-16,P,7550.0,7668.2998,10.9,24.0,11.0,37.0,11.4,664.0,282.0,0.1367,-0.1656,0.002,-2.9923,2.3237,-0.1043
2026-09-11T17:04:13Z,2026-09-11 17:03:31,SPXW,2026-09-16,C,7555.0,7668.2998,122.9,16.0,128.8,16.0,129.68,1.0,30.0,0.1352,0.8262,0.0021,-3.0687,2.3932,0.5109
2026-09-11T17:04:13Z,2026-09-11 17:03:31,SPXW,2026-09-16,P,7555.0,7668.2998,11.4,78.0,11.6,59.0,11.77,23.0,275.0,0.1356,-0.1737,0.0021,-3.0687,2.3932,-0.1095
2026-09-11T17:04:13Z,2026-09-11 17:03:31,SPXW,2026-09-16,C,7560.0,7668.2998,118.3,16.0,124.8,16.0,117.95,1.0,36.0,0.1344,0.8177,0.0022,-3.1452,2.4638,0.5058
2026-09-11T17:04:13Z,2026-09-11 17:03:31,SPXW,2026-09-16,P,7560.0,7668.2998,12.0,72.0,12.2,37.0,13.1,68.0,241.0,0.1343,-0.1823,0.0022,-3.1452,2.4638,-0.115
2026-09-11T17:04:13Z,2026-09-11 17:03:31,SPXW,2026-09-16,C,7565.0,7668.2998,114.4,1.0,119.9,1.0,119.98,1.0,7.0,0.1329,0.8087,0.0022,-3.2217,2.5344,0.5004
2026-09-11T17:04:13Z,2026-09-11 17:03:31,SPXW,2026-09-16,P,7565.0,7668.2998,12.7,43.0,12.9,64.0,13.96,92.0,122.0,0.1328,-0.1912,0.0022,-3.2217,2.5344,-0.1208
2026-09-11T17:04:13Z,2026-09-11 17:03:31,SPXW,2026-09-16,C,7570.0,7668.2998,110.2,1.0,116.0,1.0,109.51,2.0,17.0,0.1327,0.7993,0.0023,-3.2978,2.6048,0.4949
2026-09-11T17:04:13Z,2026-09-11 17:03:31,SPXW,2026-09-16,P,7570.0,7668.2998,13.4,32.0,13.6,70.0,13.7,543.0,325.0,0.1316,-0.2007,0.0023,-3.2978,2.6048,-0.1267
2026-09-11T17:04:13Z,2026-09-11 17:03:31,SPXW,2026-09-16,C,7575.0,7668.2998,105.7,1.0,111.7,1.0,105.59,3.0,45.0,0.131,0.7894,0.0024,-3.3733,2.6756,0.4891
2026-09-11T17:04:13Z,2026-09-11 17:03:31,SPXW,2026-09-16,P,7575.0,7668.2998,14.1,68.0,14.3,62.0,14.53,191.0,487.0,0.1303,-0.2106,0.0024,-3.3733,2.6756,-0.133
2026-09-11T17:04:13Z,2026-09-11 17:03:31,SPXW,2026-09-16,C,7580.0,7668.2998,101.8,3.0,107.0,3.0,102.27,7.0,27.0,0.1294,0.779,0.0025,-3.4478,2.7474,0.4829
2026-09-11T17:04:13Z,2026-09-11 17:03:31,SPXW,2026-09-16,P,7580.0,7668.2998,14.9,29.0,15.1,67.0,16.2,572.0,187.0,0.1292,-0.2209,0.0025,-3.4478,2.7474,-0.1395
2026-09-11T17:04:13Z,2026-09-11 17:03:31,SPXW,2026-09-16,C,7585.0,7668.2998,97.6,3.0,103.2,3.0,98.14,13.0,80.0,0.1289,0.7682,0.0026,-3.5208,2.8196,0.4764
2026-09-11T17:04:13Z,2026-09-11 17:03:31,SPXW,2026-09-16,P,7585.0,7668.2998,15.7,43.0,15.9,61.0,17.6,77.0,282.0,0.1279,-0.2318,0.0026,-3.5208,2.8196,-0.1465
2026-09-11T17:04:13Z,2026-09-11 17:03:31,SPXW,2026-09-16,C,7590.0,7668.2998,93.1,20.0,98.9,18.0,97.66,29.0,93.0,0.1267,0.7568,0.0027,-3.5918,2.8907,0.4694
2026-09-11T17:04:13Z,2026-09-11 17:03:31,SPXW,2026-09-16,P,7590.0,7668.2998,16.6,29.0,16.8,66.0,17.91,139.0,291.0,0.1268,-0.2432,0.0027,-3.5918,2.8907,-0.1538
2026-09-11T17:04:13Z,2026-09-11 17:03:31,SPXW,2026-09-16,C,7595.0,7668.2998,91.8,8.0,92.1,8.0,96.28,19.0,96.0,0.126,0.7449,0.0028,-3.6604,2.9601,0.4623
2026-09-11T17:04:13Z,2026-09-11 17:03:31,SPXW,2026-09-16,P,7595.0,7668.2998,17.5,36.0,17.7,65.0,18.5,143.0,293.0,0.1256,-0.255,0.0028,-3.6604,2.9601,-0.1614
2026-09-11T17:04:13Z,2026-09-11 17:03:31,SPXW,2026-09-16,C,7600.0,7668.2998,87.8,6.0,88.0,8.0,90.1,37.0,271.0,0.1247,0.7325,0.0029,-3.7263,3.0284,0.4548
2026-09-11T17:04:13Z,2026-09-11 17:03:31,SPXW,2026-09-16,P,7600.0,7668.2998,18.5,12.0,18.7,65.0,18.9,682.0,1995.0,0.1245,-0.2675,0.0029,-3.7263,3.0284,-0.1692
2026-09-11T17:04:13Z,2026-09-11 17:03:31,SPXW,2026-09-16,C,7605.0,7668.2998,83.8,8.0,84.1,8.0,85.46,25.0,40.0,0.1235,0.7195,0.003,-3.7888,3.0962,0.447
2026-09-11T17:04:13Z,2026-09-11 17:03:31,SPXW,2026-09-16,P,7605.0,7668.2998,19.5,33.0,19.7,63.0,20.2,90.0,118.0,0.1232,-0.2804,0.003,-3.7888,3.0962,-0.1774
2026-09-11T17:04:13Z,2026-09-11 17:03:31,SPXW,2026-09-16,C,7610.0,7668.2998,79.9,6.0,80.2,8.0,77.9,28.0,67.0,0.1224,0.706,0.0031,-3.8473,3.1626,0.4387
2026-09-11T17:04:13Z,2026-09-11 17:03:31,SPXW,2026-09-16,P,7610.0,7668.2998,20.6,15.0,20.8,63.0,22.17,187.0,208.0,0.122,-0.2939,0.0031,-3.8473,3.1626,-0.1862
2026-09-11T17:04:13Z,2026-09-11 17:03:31,SPXW,2026-09-16,C,7615.0,7668.2998,76.0,10.0,76.3,10.0,78.48,35.0,16.0,0.121,0.692,0.0032,-3.9012,3.226,0.43
2026-09-11T17:04:13Z,2026-09-11 17:03:31,SPXW,2026-09-16,P,7615.0,7668.2998,21.7,60.0,21.9,26.0,23.6,143.0,59.0,0.1208,-0.308,0.0032,-3.9012,3.226,-0.1952
2026-09-11T17:04:13Z,2026-09-11 17:03:31,SPXW,2026-09-16,C,7620.0,7668.2998,72.3,3.0,72.5,11.0,75.14,29.0,76.0,0.1198,0.6773,0.0033,-3.95,3.2858,0.4212
2026-09-11T17:04:13Z,2026-09-11 17:03:31,SPXW,2026-09-16,P,7620.0,7668.2998,22.9,59.0,23.1,13.0,23.28,92.0,110.0,0.1196,-0.3227,0.0033,-3.95,3.2858,-0.2045
2026-09-11T17:04:13Z,2026-09-11 17:03:31,SPXW,2026-09-16,C,7625.0,7668.2998,68.5,11.0,68.8,11.0,67.26,25.0,63.0,0.1186,0.6621,0.0034,-3.9931,3.3428,0.412
2026-09-11T17:04:13Z,2026-09-11 17:03:31,SPXW,2026-09-16,P,7625.0,7668.2998,24.2,30.0,24.4,26.0,26.1,335.0,3451.0,0.1183,-0.3379,0.0034,-3.9931,3.3428,-0.2141
2026-09-11T17:04:13Z,2026-09-11 17:03:31,SPXW,2026-09-16,C,7630.0,7668.2998,64.9,12.0,65.2,12.0,62.2,60.0,174.0,0.1176,0.6463,0.0035,-4.0298,3.3971,0.4022
2026-09-11T17:04:13Z,2026-09-11 17:03:31,SPXW,2026-09-16,P,7630.0,7668.2998,25.6,11.0,25.8,31.0,26.1,96.0,239.0,0.1173,-0.3537,0.0035,-4.0298,3.3971,-0.2243
2026-09-11T17:04:13Z,2026-09-11 17:03:31,SPXW,2026-09-16,C,7635.0,7668.2998,61.3,13.0,61.6,13.0,65.2,71.0,63.0,0.1163,0.63,0.0036,-4.0595,3.4469,0.392
2026-09-11T17:04:13Z,2026-09-11 17:03:31,SPXW,2026-09-16,P,7635.0,7668.2998,27.0,17.0,27.2,24.0,26.4,106.0,348.0,0.116,-0.37,0.0036,-4.0595,3.4469,-0.2349
2026-09-11T17:04:13Z,2026-09-11 17:03:31,SPXW,2026-09-16,C,7640.0,7668.2998,57.8,13.0,58.1,13.0,52.8,22.0,142.0,0.1151,0.613,0.0036,-4.0815,3.4912,0.3817
2026-09-11T17:04:13Z,2026-09-11 17:03:31,SPXW,2026-09-16,P,7640.0,7668.2998,28.5,22.0,28.7,18.0,29.0,186.0,219.0,0.1148,-0.3869,0.0036,-4.0815,3.4912,-0.2457
2026-09-11T17:04:13Z,2026-09-11 17:03:31,SPXW,2026-09-16,C,7645.0,7668.2998,54.5,5.0,54.7,17.0,55.0,49.0,118.0,0.114,0.5956,0.0037,-4.0953,3.5302,0.371
2026-09-11T17:04:13Z,2026-09-11 17:03:31,SPXW,2026-09-16,P,7645.0,7668.2998,30.1,17.0,30.3,18.0,30.6,137.0,364.0,0.1137,-0.4044,0.0037,-4.0953,3.5302,-0.2567
2026-09-11T17:04:13Z,2026-09-11 17:03:31,SPXW,2026-09-16,C,7650.0,7668.2998,51.1,14.0,51.4,18.0,49.6,258.0,3936.0,0.1128,0.5775,0.0038,-4.1003,3.564,0.3598
2026-09-11T17:04:13Z,2026-09-11 17:03:31,SPXW,2026-09-16,P,7650.0,7668.2998,31.8,10.0,32.0,21.0,32.43,455.0,4207.0,0.1126,-0.4224,0.0038,-4.1003,3.564,-0.2683
2026-09-11T17:04:13Z,2026-09-11 17:03:31,SPXW,2026-09-16,C,7655.0,7668.2998,47.9,14.0,48.1,10.0,47.4,46.0,75.0,0.1116,0.559,0.0039,-4.0958,3.5913,0.3482
2026-09-11T17:04:13Z,2026-09-11 17:03:31,SPXW,2026-09-16,P,7655.0,7668.2998,33.6,10.0,33.8,23.0,36.1,110.0,750.0,0.1115,-0.441,0.0039,-4.0958,3.5913,-0.2804
2026-09-11T17:04:13Z,2026-09-11 17:03:31,SPXW,2026-09-16,C,7660.0,7668.2998,44.8,15.0,45.0,20.0,45.3,285.0,77.0,0.1106,0.5399,0.0039,-4.0813,3.6113,0.3365
2026-09-11T17:04:13Z,2026-09-11 17:03:31,SPXW,2026-09-16,P,7660.0,7668.2998,35.4,50.0,35.7,26.0,38.0,185.0,132.0,0.1103,-0.46,0.0039,-4.0813,3.6113,-0.2925
2026-09-11T17:04:13Z,2026-09-11 17:03:31,SPXW,2026-09-16,C,7665.0,7668.2998,41.8,12.0,42.0,26.0,41.6,130.0,76.0,0.1094,0.5204,0.004,-4.0566,3.6238,0.3245
2026-09-11T17:04:13Z,2026-09-11 17:03:31,SPXW,2026-09-16,P,7665.0,7668.2998,37.4,20.0,37.6,6.0,38.3,413.0,127.0,0.1093,-0.4796,0.004,-4.0566,3.6238,-0.3049
2026-09-11T17:04:13Z,2026-09-11 17:03:31,SPXW,2026-09-16,C,7670.0,7668.2998,38.8,40.0,39.1,26.0,39.5,269.0,123.0,0.1084,0.5004,0.004,-4.0211,3.6282,0.312
2026-09-11T17:04:13Z,2026-09-11 17:03:31,SPXW,2026-09-16,P,7670.0,7668.2998,39.5,9.0,39.7,16.0,39.4,169.0,393.0,0.1081,-0.4995,0.004,-4.0211,3.6282,-0.3178
2026-09-11T17:04:13Z,2026-09-11 17:03:31,SPXW,2026-09-16,C,7675.0,7668.2998,36.0,17.0,36.3,51.0,36.3,347.0,3155.0,0.1072,0.4801,0.0041,-3.9744,3.6241,0.2992
2026-09-11T17:04:13Z,2026-09-11 17:03:31,SPXW,2026-09-16,P,7675.0,7668.2998,41.7,8.0,41.9,18.0,41.43,595.0,459.0,0.107,-0.5199,0.0041,-3.9744,3.6241,-0.331
2026-09-11T17:04:13Z,2026-09-11 17:03:31,SPXW,2026-09-16,C,7680.0,7668.2998,33.3,18.0,33.5,13.0,36.1,144.0,245.0,0.1061,0.4593,0.0041,-3.9165,3.6111,0.2865
2026-09-11T17:04:13Z,2026-09-11 17:03:31,SPXW,2026-09-16,P,7680.0,7668.2998,43.9,41.0,44.2,18.0,46.7,47.0,772.0,0.1059,-0.5406,0.0041,-3.9165,3.6111,-0.3441
2026-09-11T17:04:13Z,2026-09-11 17:03:31,SPXW,2026-09-16,C,7685.0,7668.2998,30.7,20.0,30.9,11.0,30.8,72.0,772.0,0.1051,0.4383,0.0041,-3.8474,3.5885,0.2734
2026-09-11T17:04:13Z,2026-09-11 17:03:31,SPXW,2026-09-16,P,7685.0,7668.2998,46.4,8.0,46.6,18.0,49.0,42.0,183.0,0.1048,-0.5616,0.0041,-3.8474,3.5885,-0.3576
2026-09-11T17:04:13Z,2026-09-11 17:03:31,SPXW,2026-09-16,C,7690.0,7668.2998,28.2,48.0,28.5,56.0,28.5,104.0,287.0,0.104,0.4171,0.0041,-3.7669,3.5557,0.26
2026-09-11T17:04:13Z,2026-09-11 17:03:31,SPXW,2026-09-16,P,7690.0,7668.2998,48.9,8.0,49.1,18.0,49.6,30.0,121.0,0.1038,-0.5829,0.0041,-3.7669,3.5557,-0.3714
2026-09-11T17:04:13Z,2026-09-11 17:03:31,SPXW,2026-09-16,C,7695.0,7668.2998,25.9,19.0,26.1,57.0,24.3,42.0,173.0,0.103,0.3957,0.0041,-3.6754,3.5135,0.2468
2026-09-11T17:04:13Z,2026-09-11 17:03:31,SPXW,2026-09-16,P,7695.0,7668.2998,51.5,8.0,51.7,5.0,49.2,41.0,74.0,0.1029,-0.6043,0.0041,-3.6754,3.5135,-0.3851
2026-09-11T17:04:13Z,2026-09-11 17:03:31,SPXW,2026-09-16,C,7700.0,7668.2998,23.6,53.0,23.9,57.0,23.4,435.0,1020.0,0.102,0.3743,0.0041,-3.5733,3.4614,0.2335
2026-09-11T17:04:13Z,2026-09-11 17:03:31,SPXW,2026-09-16,P,7700.0,7668.2998,54.3,8.0,54.5,13.0,54.01,196.0,488.0,0.1018,-0.6257,0.0041,-3.5733,3.4614,-0.3988
2026-09-11T17:04:13Z,2026-09-11 17:03:31,SPXW,2026-09-16,C,7705.0,7668.2998,21.5,28.0,21.7,20.0,22.25,119.0,63.0,0.1011,0.3528,0.004,-3.461,3.3981,0.2199
2026-09-11T17:04:13Z,2026-09-11 17:03:31,SPXW,2026-09-16,P,7705.0,7668.2998,57.1,12.0,57.4,12.0,59.8,1483.0,586.0,0.1009,-0.6471,0.004,-3.461,3.3981,-0.4128
2026-09-11T17:04:13Z,2026-09-11 17:03:31,SPXW,2026-09-16,C,7710.0,7668.2998,19.5,32.0,19.7,23.0,18.9,111.0,797.0,0.1002,0.3315,0.004,-3.3393,3.3252,0.2067
2026-09-11T17:04:13Z,2026-09-11 17:03:31,SPXW,2026-09-16,P,7710.0,7668.2998,60.1,11.0,60.4,11.0,62.9,21.0,101.0,0.0999,-0.6684,0.004,-3.3393,3.3252,-0.4264
2026-09-11T17:04:13Z,2026-09-11 17:03:31,SPXW,2026-09-16,C,7715.0,7668.2998,17.7,11.0,17.9,62.0,16.6,164.0,119.0,0.0992,0.3104,0.0039,-3.209,3.2438,0.1936
2026-09-11T17:04:13Z,2026-09-11 17:03:31,SPXW,2026-09-16,P,7715.0,7668.2998,63.2,10.0,63.5,10.0,63.7,26.0,1311.0,0.099,-0.6895,0.0039,-3.209,3.2438,-0.4399
2026-09-11T17:04:13Z,2026-09-11 17:03:31,SPXW,2026-09-16,C,7720.0,7668.2998,15.9,32.0,16.1,65.0,16.98,132.0,228.0,0.0982,0.2897,0.0038,-3.0712,3.1518,0.1805
2026-09-11T17:04:13Z,2026-09-11 17:03:31,SPXW,2026-09-16,P,7720.0,7668.2998,65.0,3.0,67.7,2.0,64.2,21.0,96.0,0.0978,-0.7103,0.0038,-3.0712,3.1518,-0.4534
2026-09-11T17:04:13Z,2026-09-11 17:03:31,SPXW,2026-09-16,C,7725.0,7668.2998,14.3,22.0,14.5,66.0,14.7,304.0,416.0,0.0974,0.2694,0.0037,-2.9268,3.051,0.1678
2026-09-11T17:04:13Z,2026-09-11 17:03:31,SPXW,2026-09-16,P,7725.0,7668.2998,68.4,1.0,71.6,1.0,70.17,6.0,103.0,0.0965,-0.7306,0.0037,-2.9268,3.051,-0.4665
2026-09-11T17:04:13Z,2026-09-11 17:03:31,SPXW,2026-09-16,C,7730.0,7668.2998,12.8,20.0,13.0,67.0,12.7,2073.0,946.0,0.0966,0.2495,0.0036,-2.7773,2.944,0.1555
2026-09-11T17:04:13Z,2026-09-11 17:03:31,SPXW,2026-09-16,P,7730.0,7668.2998,71.9,1.0,75.1,1.0,76.26,1459.0,582.0,0.0959,-0.7505,0.0036,-2.7773,2.944,-0.4792
2026-09-11T17:04:13Z,2026-09-11 17:03:31,SPXW,2026-09-16,C,7735.0,7668.2998,11.4,31.0,11.6,70.0,11.6,163.0,304.0,0.0958,0.2303,0.0035,-2.6237,2.8286,0.1433
2026-09-11T17:04:13Z,2026-09-11 17:03:31,SPXW,2026-09-16,P,7735.0,7668.2998,74.3,1.0,79.9,1.0,77.66,2.0,10.0,0.0962,-0.7697,0.0035,-2.6237,2.8286,-0.4918
2026-09-11T17:04:13Z,2026-09-11 17:03:31,SPXW,2026-09-16,C,7740.0,7668.2998,10.1,72.0,10.3,71.0,10.4,668.0,1531.0,0.095,0.2117,0.0033,-2.4675,2.7066,0.1318
2026-09-11T17:04:13Z,2026-09-11 17:03:31,SPXW,2026-09-16,P,7740.0,7668.2998,77.9,1.0,83.4,1.0,77.9,83.0,1439.0,0.0948,-0.7882,0.0033,-2.4675,2.7066,-0.5038
2026-09-11T17:04:13Z,2026-09-11 17:03:31,SPXW,2026-09-16,C,7745.0,7668.2998,9.0,9.0,9.1,33.0,9.8,325.0,409.0,0.0946,0.1939,0.0032,-2.31,2.5814,0.1207
2026-09-11T17:04:13Z,2026-09-11 17:03:31,SPXW,2026-09-16,P,7745.0,7668.2998,81.5,1.0,87.6,1.0,153.83,0.0,112.0,0.0944,-0.8061,0.0032,-2.31,2.5814,-0.5153
2026-09-11T17:04:13Z,2026-09-11 17:03:31,SPXW,2026-09-16,C,7750.0,7668.2998,7.9,66.0,8.1,85.0,7.77,444.0,501.0,0.0938,0.1769,0.003,-2.1526,2.451,0.1099
2026-09-11T17:04:13Z,2026-09-11 17:03:31,SPXW,2026-09-16,P,7750.0,7668.2998,85.5,1.0,91.2,1.0,100.54,16.0,285.0,0.0931,-0.823,0.003,-2.1526,2.451,-0.5264
2026-09-11T17:04:13Z,2026-09-11 17:03:31,SPXW,2026-09-16,C,7755.0,7668.2998,6.9,83.0,7.1,85.0,6.9,1505.0,1140.0,0.0932,0.1608,0.0029,-1.9965,2.3173,0.0999
2026-09-11T17:04:13Z,2026-09-11 17:03:31,SPXW,2026-09-16,P,7755.0,7668.2998,89.4,1.0,95.5,1.0,107.86,3.0,21.0,0.0927,-0.8392,0.0029,-1.9965,2.3173,-0.5369
2026-09-11T17:04:13Z,2026-09-11 17:03:31,SPXW,2026-09-16,C,7760.0,7668.2998,6.1,21.0,6.2,34.0,6.1,176.0,315.0,0.0925,0.1456,0.0027,-1.8432,2.1837,0.0904
2026-09-11T17:04:13Z,2026-09-11 17:03:31,SPXW,2026-09-16,P,7760.0,7668.2998,93.5,1.0,99.6,1.0,92.9,6.0,59.0,0.092,-0.8544,0.0027,-1.8432,2.1837,-0.5468
2026-09-11T17:04:13Z,2026-09-11 17:03:31,SPXW,2026-09-16,C,7765.0,7668.2998,5.3,92.0,5.4,31.0,6.0,275.0,1660.0,0.0921,0.1313,0.0025,-1.6938,2.0485,0.0814
2026-09-11T17:04:13Z,2026-09-11 17:03:31,SPXW,2026-09-16,P,7765.0,7668.2998,97.6,1.0,103.9,1.0,124.74,0.0,14.0,0.0913,-0.8687,0.0025,-1.6938,2.0485,-0.5562
2026-09-11T17:04:13Z,2026-09-11 17:03:31,SPXW,2026-09-16,C,7770.0,7668.2998,4.6,90.0,4.7,5.0,4.6,178.0,400.0,0.0916,0.118,0.0024,-1.5493,1.9137,0.0732
2026-09-11T17:04:13Z,2026-09-11 17:03:31,SPXW,2026-09-16,P,7770.0,7668.2998,101.9,1.0,108.3,1.0,120.77,2.0,30.0,0.091,-0.882,0.0024,-1.5493,1.9137,-0.5648
2026-09-11T17:04:13Z,2026-09-11 17:03:31,SPXW,2026-09-16,C,7775.0,7668.2998,4.0,87.0,4.1,44.0,4.25,349.0,993.0,0.0912,0.1056,0.0022,-1.4109,1.7819,0.0654
2026-09-11T17:04:13Z,2026-09-11 17:03:31,SPXW,2026-09-16,P,7775.0,7668.2998,106.1,1.0,112.8,1.0,182.81,0.0,58.0,0.0903,-0.8944,0.0022,-1.4109,1.7819,-0.573
2026-09-11T17:04:13Z,2026-09-11 17:03:31,SPXW,2026-09-16,C,7780.0,7668.2998,3.4,115.0,3.6,129.0,3.85,166.0,633.0,0.0908,0.0942,0.002,-1.2794,1.6522,0.0583
2026-09-11T17:04:13Z,2026-09-11 17:03:31,SPXW,2026-09-16,P,7780.0,7668.2998,110.5,1.0,117.2,1.0,110.2,11.0,33.0,0.0895,-0.9058,0.002,-1.2794,1.6522,-0.5806
2026-09-11T17:04:13Z,2026-09-11 17:03:31,SPXW,2026-09-16,C,7785.0,7668.2998,3.0,24.0,3.1,121.0,3.27,52.0,201.0,0.0903,0.0838,0.0019,-1.1555,1.5263,0.0519
2026-09-11T17:04:13Z,2026-09-11 17:03:31,SPXW,2026-09-16,P,7785.0,7668.2998,115.1,1.0,121.8,1.0,114.6,2.0,279.0,0.0896,-0.9162,0.0019,-1.1555,1.5263,-0.5874
2026-09-11T17:04:13Z,2026-09-11 17:03:31,SPXW,2026-09-16,C,7790.0,7668.2998,2.55,112.0,2.65,58.0,2.6,122.0,361.0,0.09,0.0742,0.0017,-1.0397,1.4058,0.0459
2026-09-11T17:04:13Z,2026-09-11 17:03:31,SPXW,2026-09-16,P,7790.0,7668.2998,119.6,1.0,126.2,1.0,119.0,0.0,23.0,0.0882,-0.9257,0.0017,-1.0397,1.4058,-0.5938
2026-09-11T17:04:13Z,2026-09-11 17:03:31,SPXW,2026-09-16,C,7795.0,7668.2998,2.2,47.0,2.3,127.0,2.47,39.0,289.0,0.0896,0.0656,0.0016,-0.9325,1.2903,0.0405
2026-09-11T17:04:13Z,2026-09-11 17:03:31,SPXW,2026-09-16,P,7795.0,7668.2998,124.1,16.0,131.0,16.0,113.8,0.0,12.0,0.0879,-0.9343,0.0016,-0.9325,1.2903,-0.5996
2026-09-11T17:04:13Z,2026-09-11 17:03:31,SPXW,2026-09-16,C,7800.0,7668.2998,1.9,18.0,1.95,33.0,1.95,282.0,2259.0,0.0896,0.0579,0.0014,-0.8339,1.181,0.0357
2026-09-11T17:04:13Z,2026-09-11 17:03:31,SPXW,2026-09-16,P,7800.0,7668.2998,128.8,16.0,135.6,16.0,130.65,15.0,45.0,0.0872,-0.9421,0.0014,-0.8339,1.181,-0.6047
2026-09-11T17:04:13Z,2026-09-11 17:03:31,SPXW,2026-09-16,C,7805.0,7668.2998,1.6,145.0,1.7,104.0,1.84,62.0,1491.0,0.0892,0.051,0.0013,-0.7441,1.0786,0.0314
2026-09-11T17:04:13Z,2026-09-11 17:03:31,SPXW,2026-09-16,P,7805.0,7668.2998,133.4,16.0,140.4,16.0,154.66,0.0,1.0,0.0865,-0.949,0.0013,-0.7441,1.0786,-0.6095
2026-09-11T17:04:13Z,2026-09-11 17:03:31,SPXW,2026-09-16,C,7810.0,7668.2998,1.35,212.0,1.45,28.0,1.43,136.0,270.0,0.0892,0.0449,0.0012,-0.663,0.9831,0.0276
2026-09-11T17:04:13Z,2026-09-11 17:03:31,SPXW,2026-09-16,P,7810.0,7668.2998,138.1,16.0,145.3,16.0,141.36,1.0,31.0,0.0866,-0.9551,0.0012,-0.663,0.9831,-0.6137
2026-09-11T17:04:13Z,2026-09-11 17:03:31,SPXW,2026-09-16,C,7815.0,7668.2998,1.2,21.0,1.25,18.0,1.45,35.0,308.0,0.0892,0.0395,0.001,-0.5902,0.8947,0.0243
2026-09-11T17:04:13Z,2026-09-11 17:03:31,SPXW,2026-09-16,P,7815.0,7668.2998,143.0,16.0,150.1,16.0,218.03,0.0,4.0,0.087,-0.9605,0.001,-0.5902,0.8947,-0.6174
2026-09-11T17:04:13Z,2026-09-11 17:03:31,SPXW,2026-09-16,C,7820.0,7668.2998,1.0,203.0,1.1,114.0,1.05,73.0,871.0,0.0892,0.0347,0.0009,-0.5254,0.8137,0.0213
2026-09-11T17:04:13Z,2026-09-11 17:03:31,SPXW,2026-09-16,P,7820.0,7668.2998,147.7,16.0,154.8,16.0,221.3,0.0,62.0,0.0846,-0.9653,0.0009,-0.5254,0.8137,-0.6208
2026-09-11T17:04:13Z,2026-09-11 17:03:31,SPXW,2026-09-16,C,7825.0,7668.2998,0.85,263.0,0.95,113.0,1.0,29.0,1037.0,0.0896,0.0306,0.0008,-0.4682,0.7399,0.0188
2026-09-11T17:04:13Z,2026-09-11 17:03:31,SPXW,2026-09-16,P,7825.0,7668.2998,152.6,16.0,160.0,16.0,119.55,0.0,42.0,0.0878,-0.9694,0.0008,-0.4682,0.7399,-0.6238
2026-09-11T17:04:13Z,2026-09-11 17:03:31,SPXW,2026-09-16,C,7830.0,7668.2998,0.75,212.0,0.85,182.0,0.85,251.0,334.0,0.0898,0.027,0.0008,-0.4179,0.6731,0.0166
2026-09-11T17:04:13Z,2026-09-11 17:03:31,SPXW,2026-09-16,P,7830.0,7668.2998,157.5,16.0,164.7,16.0,121.14,0.0,126.0,0.0863,-0.973,0.0008,-0.4179,0.6731,-0.6264
2026-09-11T17:04:13Z,2026-09-11 17:03:31,SPXW,2026-09-16,C,7835.0,7668.2998,0.65,226.0,0.75,180.0,0.77,91.0,277.0,0.0902,0.0239,0.0007,-0.374,0.613,0.0146
2026-09-11T17:04:13Z,2026-09-11 17:03:31,SPXW,2026-09-16,P,7835.0,7668.2998,162.3,16.0,169.7,16.0,127.45,0.0,30.0,0.0863,-0.9761,0.0007,-0.374,0.613,-0.6288
2026-09-11T17:04:13Z,2026-09-11 17:03:31,SPXW,2026-09-16,C,7840.0,7668.2998,0.55,264.0,0.65,170.0,0.6,8.0,440.0,0.0903,0.0212,0.0006,-0.3359,0.5592,0.0129
2026-09-11T17:04:13Z,2026-09-11 17:03:31,SPXW,2026-09-16,P,7840.0,7668.2998,167.2,16.0,174.7,16.0,243.76,0.0,1.0,0.0873,-0.9788,0.0006,-0.3359,0.5592,-0.6308
2026-09-11T17:04:13Z,2026-09-11 17:03:31,SPXW,2026-09-16,C,7845.0,7668.2998,0.5,248.0,0.6,216.0,0.6,22.0,240.0,0.0913,0.0189,0.0006,-0.3029,0.5114,0.0115
2026-09-11T17:04:13Z,2026-09-11 17:03:31,SPXW,2026-09-16,P,7845.0,7668.2998,172.2,15.0,179.8,15.0,248.61,0.0,1.0,0.0908,-0.9811,0.0006,-0.3029,0.5114,-0.6327
2026-09-11T17:04:13Z,2026-09-11 17:03:31,SPXW,2026-09-16,C,7850.0,7668.2998,0.45,230.0,0.5,33.0,0.5,94.0,1301.0,0.0922,0.0169,0.0005,-0.2744,0.469,0.0103
2026-09-11T17:04:13Z,2026-09-11 17:03:31,SPXW,2026-09-16,P,7850.0,7668.2998,177.1,15.0,184.5,15.0,197.59,2.0,124.0,0.0871,-0.9831,0.0005,-0.2744,0.469,-0.6343
2026-09-11T17:04:13Z,2026-09-11 17:03:31,SPXW,2026-09-16,C,7855.0,7668.2998,0.4,240.0,0.45,35.0,0.48,21.0,193.0,0.0923,0.0152,0.0004,-0.25,0.4314,0.0093
2026-09-11T17:04:13Z,2026-09-11 17:03:31,SPXW,2026-09-16,P,7855.0,7668.2998,182.0,15.0,189.3,15.0,0.0,0.0,0.0,0.0828,-0.9848,0.0004,-0.25,0.4314,-0.6357
2026-09-11T17:04:13Z,2026-09-11 17:03:31,SPXW,2026-09-16,C,7860.0,7668.2998,0.35,283.0,0.45,369.0,0.45,52.0,551.0,0.0936,0.0138,0.0004,-0.229,0.3982,0.0084
2026-09-11T17:04:13Z,2026-09-11 17:03:31,SPXW,2026-09-16,P,7860.0,7668.2998,187.1,15.0,194.3,15.0,193.86,0.0,3.0,0.0873,-0.9862,0.0004,-0.229,0.3982,-0.637
2026-09-11T17:04:13Z,2026-09-11 17:03:31,SPXW,2026-09-16,C,7865.0,7668.2998,0.35,10.0,0.4,211.0,0.4,52.0,369.0,0.0949,0.0125,0.0004,-0.211,0.369,0.0076
2026-09-11T17:04:13Z,2026-09-11 17:03:31,SPXW,2026-09-16,P,7865.0,7668.2998,191.9,15.0,199.4,15.0,183.11,0.0,6.0,0.0869,-0.9875,0.0004,-0.211,0.369,-0.6382
2026-09-11T17:04:13Z,2026-09-11 17:03:31,SPXW,2026-09-16,C,7870.0,7668.2998,0.3,216.0,0.35,37.0,0.3,63.0,316.0,0.0952,0.0114,0.0003,-0.1955,0.3432,0.007
2026-09-11T17:04:13Z,2026-09-11 17:03:31,SPXW,2026-09-16,P,7870.0,7668.2998,193.7,2.0,207.3,1.0,0.0,0.0,0.0,0.0752,-0.9885,0.0003,-0.1955,0.3432,-0.6393
2026-09-11T17:04:13Z,2026-09-11 17:03:31,SPXW,2026-09-16,C,7875.0,7668.2998,0.3,10.0,0.35,317.0,0.35,67.0,1069.0,0.0972,0.0105,0.0003,-0.1821,0.3205,0.0064
2026-09-11T17:04:13Z,2026-09-11 17:03:31,SPXW,2026-09-16,P,7875.0,7668.2998,199.0,1.0,212.3,1.0,229.69,0.0,19.0,0.0909,-0.9894,0.0003,-0.1821,0.3205,-0.6402
2026-09-11T17:04:13Z,2026-09-11 17:03:31,SPXW,2026-09-16,C,7880.0,7668.2998,0.25,276.0,0.3,38.0,0.27,140.0,212.0,0.0972,0.0097,0.0003,-0.1706,0.3003,0.0059
2026-09-11T17:04:13Z,2026-09-11 17:03:31,SPXW,2026-09-16,P,7880.0,7668.2998,203.9,1.0,217.6,1.0,155.97,0.0,0.0,0.0978,-0.9902,0.0003,-0.1706,0.3003,-0.6412
2026-09-11T17:04:13Z,2026-09-11 17:03:31,SPXW,2026-09-16,C,7885.0,7668.2998,0.25,18.0,0.3,172.0,0.27,11.0,269.0,0.0992,0.0091,0.0003,-0.1607,0.2824,0.0055
2026-09-11T17:04:13Z,2026-09-11 17:03:31,SPXW,2026-09-16,P,7885.0,7668.2998,209.0,1.0,222.2,1.0,0.0,0.0,0.0,0.0918,-0.9909,0.0003,-0.1607,0.2824,-0.642
2026-09-11T17:04:13Z,2026-09-11 17:03:31,SPXW,2026-09-16,C,7890.0,7668.2998,0.2,334.0,0.3,388.0,0.3,86.0,423.0,0.1,0.0084,0.0002,-0.1522,0.2665,0.0051
2026-09-11T17:04:13Z,2026-09-11 17:03:31,SPXW,2026-09-16,P,7890.0,7668.2998,212.8,1.0,230.5,1.0,231.47,0.0,2.0,0.1246,-0.9915,0.0002,-0.1522,0.2665,-0.6428
2026-09-11T17:04:13Z,2026-09-11 17:03:31,SPXW,2026-09-16,C,7895.0,7668.2998,0.2,258.0,0.25,40.0,0.27,17.0,178.0,0.1006,0.0079,0.0002,-0.1447,0.2524,0.0048
2026-09-11T17:04:13Z,2026-09-11 17:03:31,SPXW,2026-09-16,P,7895.0,7668.2998,217.7,1.0,236.8,2.0,0.0,0.0,0.0,0.1361,-0.992,0.0002,-0.1447,0.2524,-0.6435
2026-09-11T17:04:13Z,2026-09-11 17:03:31,SPXW,2026-09-16,C,7900.0,7668.2998,0.2,240.0,0.25,198.0,0.25,50.0,520.0,0.1026,0.0075,0.0002,-0.1382,0.2397,0.0045
2026-09-11T17:04:13Z,2026-09-11 17:03:31,SPXW,2026-09-16,P,7900.0,7668.2998,222.8,1.0,241.7,1.0,254.56,0.0,5.0,0.1379,-0.9925,0.0002,-0.1382,0.2397,-0.6442
2026-09-11T17:04:13Z,2026-09-11 17:03:31,SPXW,2026-09-16,C,7910.0,7668.2998,0.15,365.0,0.25,422.0,0.17,2.0,333.0,0.105,0.0067,0.0002,-0.1274,0.2181,0.004
2026-09-11T17:04:13Z,2026-09-11 17:03:31,SPXW,2026-09-16,P,7910.0,7668.2998,232.7,2.0,251.7,1.0,0.0,0.0,0.0,0.1427,-0.9933,0.0002,-0.1274,0.2181,-0.6455
2026-09-11T17:04:13Z,2026-09-11 17:03:31,SPXW,2026-09-16,C,7920.0,7668.2998,0.15,280.0,0.2,43.0,0.22,13.0,342.0,0.1072,0.0061,0.0002,-0.119,0.2002,0.0037
2026-09-11T17:04:13Z,2026-09-11 17:03:31,SPXW,2026-09-16,P,7920.0,7668.2998,242.7,1.0,261.7,2.0,0.0,0.0,0.0,0.1476,-0.9939,0.0002,-0.119,0.2002,-0.6467
2026-09-11T17:04:13Z,2026-09-11 17:03:31,SPXW,2026-09-16,C,7925.0,7668.2998,0.15,261.0,0.2,249.0,0.17,16.0,1233.0,0.109,0.0058,0.0002,-0.1154,0.1925,0.0035
2026-09-11T17:04:13Z,2026-09-11 17:03:31,SPXW,2026-09-16,P,7925.0,7668.2998,247.7,1.0,266.6,1.0,294.55,0.0,14.0,0.1485,-0.9942,0.0002,-0.1154,0.1925,-0.6472
2026-09-11T17:04:13Z,2026-09-11 17:03:31,SPXW,2026-09-16,C,7930.0,7668.2998,0.15,52.0,0.2,230.0,0.2,0.0,217.0,0.1109,0.0056,0.0002,-0.1123,0.1854,0.0034
2026-09-11T17:04:13Z,2026-09-11 17:03:31,SPXW,2026-09-16,P,7930.0,7668.2998,252.7,1.0,270.8,1.0,0.0,0.0,0.0,0.145,-0.9944,0.0002,-0.1123,0.1854,-0.6478
2026-09-11T17:04:13Z,2026-09-11 17:03:31,SPXW,2026-09-16,C,7940.0,7668.2998,0.1,350.0,0.2,258.0,0.25,0.0,222.0,0.1127,0.0052,0.0001,-0.1068,0.1728,0.0031
2026-09-11T17:04:13Z,2026-09-11 17:03:31,SPXW,2026-09-16,P,7940.0,7668.2998,262.7,1.0,281.6,1.0,309.25,0.0,1.0,0.1564,-0.9948,0.0001,-0.1068,0.1728,-0.6489
2026-09-11T17:04:13Z,2026-09-11 17:03:31,SPXW,2026-09-16,C,7950.0,7668.2998,0.1,503.0,0.2,606.0,0.17,20.0,326.0,0.1164,0.0048,0.0001,-0.1023,0.1619,0.0029
2026-09-11T17:04:13Z,2026-09-11 17:03:31,SPXW,2026-09-16,P,7950.0,7668.2998,272.6,1.0,290.4,1.0,0.0,0.0,0.0,0.1492,-0.9952,0.0001,-0.1023,0.1619,-0.6499
2026-09-11T17:04:13Z,2026-09-11 17:03:31,SPXW,2026-09-16,C,7960.0,7668.2998,0.1,433.0,0.2,536.0,0.2,0.0,106.0,0.12,0.0045,0.0001,-0.0985,0.1525,0.0027
2026-09-11T17:04:13Z,2026-09-11 17:03:31,SPXW,2026-09-16,P,7960.0,7668.2998,283.5,1.0,300.8,1.0,0.0,0.0,0.0,0.1658,-0.9955,0.0001,-0.0985,0.1525,-0.6509
2026-09-11T17:04:13Z,2026-09-11 17:03:31,SPXW,2026-09-16,C,7970.0,7668.2998,0.1,406.0,0.15,157.0,0.2,0.0,249.0,0.1213,0.0042,0.0001,-0.0951,0.1441,0.0026
2026-09-11T17:04:13Z,2026-09-11 17:03:31,SPXW,2026-09-16,P,7970.0,7668.2998,293.5,1.0,311.5,1.0,0.0,0.0,0.0,0.176,-0.9957,0.0001,-0.0951,0.1441,-0.6519
2026-09-11T17:04:13Z,2026-09-11 17:03:31,SPXW,2026-09-16,C,7975.0,7668.2998,0.1,399.0,0.15,230.0,0.12,2.0,606.0,0.1231,0.0041,0.0001,-0.0936,0.1402,0.0025
2026-09-11T17:04:13Z,2026-09-11 17:03:31,SPXW,2026-09-16,P,7975.0,7668.2998,297.6,1.0,315.3,1.0,216.03,0.0,1.0,0.1593,-0.9958,0.0001,-0.0936,0.1402,-0.6524
2026-09-11T17:04:13Z,2026-09-11 17:03:31,SPXW,2026-09-16,C,8000.0,7668.2998,0.1,64.0,0.15,283.0,0.2,75.0,485.0,0.1319,0.0036,0.0001,-0.0871,0.1235,0.0022
2026-09-11T17:04:13Z,2026-09-11 17:03:31,SPXW,2026-09-16,P,8000.0,7668.2998,322.4,2.0,340.2,1.0,355.03,0.0,3.0,0.1664,-0.9964,0.0001,-0.0871,0.1235,-0.6547
2026-09-11T17:04:13Z,2026-09-11 17:03:31,SPXW,2026-09-16,C,8025.0,7668.2998,0.05,607.0,0.15,287.0,0.1,10.0,208.0,0.1374,0.0032,0.0001,-0.0821,0.1105,0.0019
2026-09-11T17:04:13Z,2026-09-11 17:03:31,SPXW,2026-09-16,P,8025.0,7668.2998,347.6,1.0,365.0,1.0,0.0,0.0,0.0,0.1772,-0.9968,0.0001,-0.0818,0.11,-0.657
2026-09-11T17:04:13Z,2026-09-11 17:03:31,SPXW,2026-09-16,C,8050.0,7668.2998,0.05,657.0,0.15,403.0,0.1,21.0,188.0,0.146,0.0029,0.0001,-0.0775,0.0993,0.0017
2026-09-11T17:04:13Z,2026-09-11 17:03:31,SPXW,2026-09-16,P,8050.0,7668.2998,372.6,1.0,390.2,1.0,0.0,0.0,0.0,0.1906,-0.9971,0.0001,-0.0772,0.0989,-0.6593
2026-09-11T17:04:13Z,2026-09-11 17:03:31,SPXW,2026-09-16,C,8075.0,7668.2998,0.05,598.0,0.15,455.0,0.1,79.0,79.0,0.1545,0.0026,0.0001,-0.073,0.0893,0.0016
2026-09-11T17:04:13Z,2026-09-11 17:03:31,SPXW,2026-09-16,P,8075.0,7668.2998,397.5,1.0,416.2,1.0,0.0,0.0,0.0,0.2123,-0.9974,0.0001,-0.073,0.0893,-0.6615
2026-09-11T17:04:13Z,2026-09-11 17:03:31,SPXW,2026-09-16,C,8100.0,7668.2998,0.05,574.0,0.1,8.0,0.1,48.0,46.0,0.1586,0.0023,0.0,-0.0692,0.0811,0.0014
2026-09-11T17:04:13Z,2026-09-11 17:03:31,SPXW,2026-09-16,P,8100.0,7668.2998,422.5,1.0,440.4,1.0,0.0,0.0,0.0,0.2132,-0.9976,0.0,-0.0692,0.0811,-0.6637
2026-09-11T17:04:13Z,2026-09-11 17:03:31,SPXW,2026-09-16,C,8125.0,7668.2998,0.05,458.0,0.1,8.0,0.15,0.0,291.0,0.1666,0.0021,0.0,-0.0656,0.0739,0.0013
2026-09-11T17:04:13Z,2026-09-11 17:03:31,SPXW,2026-09-16,P,8125.0,7668.2998,447.5,1.0,464.7,1.0,479.96,0.0,1.0,0.2123,-0.9978,0.0,-0.0657,0.0739,-0.6659
2026-09-11T17:04:13Z,2026-09-11 17:03:31,SPXW,2026-09-16,C,8150.0,7668.2998,0.05,315.0,0.1,41.0,0.1,28.0,118.0,0.1746,0.0019,0.0,-0.0623,0.0676,0.0012
2026-09-11T17:04:13Z,2026-09-11 17:03:31,SPXW,2026-09-16,P,8150.0,7668.2998,472.4,1.0,489.6,1.0,0.0,0.0,0.0,0.2184,-0.998,0.0,-0.0624,0.0676,-0.6681
2026-09-11T17:04:13Z,2026-09-11 17:03:31,SPXW,2026-09-16,C,8175.0,7668.2998,0.05,252.0,0.1,55.0,0.07,3.0,29.0,0.1827,0.0018,0.0,-0.0595,0.0622,0.0011
2026-09-11T17:04:13Z,2026-09-11 17:03:31,SPXW,2026-09-16,P,8175.0,7668.2998,497.7,1.0,516.1,1.0,0.0,0.0,0.0,0.2568,-0.9982,0.0,-0.0593,0.0619,-0.6702
2026-09-11T17:04:13Z,2026-09-11 17:03:31,SPXW,2026-09-16,C,8200.0,7668.2998,0.05,275.0,0.1,130.0,0.1,0.0,23.0,0.1906,0.0016,0.0,-0.0562,0.0569,0.001
2026-09-11T17:04:13Z,2026-09-11 17:03:31,SPXW,2026-09-16,P,8200.0,7668.2998,522.5,1.0,539.8,1.0,0.0,0.0,0.0,0.2445,-0.9984,0.0,-0.0564,0.0569,-0.6724
2026-09-11T17:04:13Z,2026-09-11 17:03:31,SPXW,2026-09-16,C,8225.0,7668.2998,0.05,254.0,0.1,360.0,0.1,0.0,14.0,0.1985,0.0015,0.0,-0.0534,0.0523,0.0009
2026-09-11T17:04:13Z,2026-09-11 17:03:31,SPXW,2026-09-16,P,8225.0,7668.2998,547.7,1.0,566.3,1.0,0.0,0.0,0.0,0.2804,-0.9985,0.0,-0.0536,0.0524,-0.6745
2026-09-11T17:04:13Z,2026-09-11 17:03:31,SPXW,2026-09-16,C,8250.0,7668.2998,0.05,247.0,0.1,373.0,0.15,0.0,23.0,0.2063,0.0014,0.0,-0.0507,0.0482,0.0008
2026-09-11T17:04:13Z,2026-09-11 17:03:31,SPXW,2026-09-16,P,8250.0,7668.2998,572.5,1.0,589.6,1.0,0.0,0.0,0.0,0.2603,-0.9986,0.0,-0.0509,0.0483,-0.6766
2026-09-11T17:04:13Z,2026-09-11 17:03:31,SPXW,2026-09-16,C,8275.0,7668.2998,0.05,71.0,0.1,383.0,0.1,4.0,63.0,0.2141,0.0013,0.0,-0.0482,0.0446,0.0008
2026-09-11T17:04:13Z,2026-09-11 17:03:31,SPXW,2026-09-16,P,8275.0,7668.2998,597.4,1.0,614.6,1.0,0.0,0.0,0.0,0.2678,-0.9987,0.0,-0.0484,0.0446,-0.6787
2026-09-11T17:04:13Z,2026-09-11 17:03:31,SPXW,2026-09-16,C,8300.0,7668.2998,0.05,59.0,0.1,450.0,0.08,1.0,5.0,0.2218,0.0012,0.0,-0.0458,0.0412,0.0007
2026-09-11T17:04:13Z,2026-09-11 17:03:31,SPXW,2026-09-16,P,8300.0,7668.2998,622.4,1.0,640.0,1.0,617.8,0.0,3.0,0.2863,-0.9988,0.0,-0.0459,0.0413,-0.6809
2026-09-11T17:04:13Z,2026-09-11 17:03:31,SPXW,2026-09-16,C,8325.0,7668.2998,0.0,0.0,0.1,529.0,0.48,0.0,4.0,0.2221,0.0011,0.0,-0.0434,0.0382,0.0006
2026-09-11T17:04:13Z,2026-09-11 17:03:31,SPXW,2026-09-16,P,8325.0,7668.2998,647.4,1.0,666.2,1.0,0.0,0.0,0.0,0.3166,-0.9989,0.0,-0.0436,0.0382,-0.683
2026-09-11T17:04:13Z,2026-09-11 17:03:31,SPXW,2026-09-16,C,8400.0,7668.2998,0.0,0.0,0.1,657.0,0.1,0.0,8.0,0.2443,0.0008,0.0,-0.0371,0.0304,0.0005
2026-09-11T17:04:13Z,2026-09-11 17:03:31,SPXW,2026-09-16,P,8400.0,7668.2998,722.4,1.0,740.0,1.0,0.0,0.0,0.0,0.3253,-0.9991,0.0,-0.0373,0.0305,-0.6892
2026-09-11T17:04:13Z,2026-09-11 17:03:31,SPXW,2026-09-17,C,6925.0,7668.2998,734.6,1.0,753.8,1.0,0.0,0.0,0.0,0.0,0.9914,0.0001,-0.4967,0.2432,0.7511
2026-09-11T17:04:13Z,2026-09-11 17:03:31,SPXW,2026-09-17,P,6925.0,7668.2998,0.85,264.0,0.95,227.0,0.8,1.0,70.0,0.3322,-0.0086,0.0001,-0.4967,0.2432,-0.007
2026-09-11T17:04:13Z,2026-09-11 17:03:31,SPXW,2026-09-17,C,6950.0,7668.2998,710.2,1.0,726.7,1.0,0.0,0.0,0.0,0.0,0.9908,0.0001,-0.517,0.2586,0.7533
2026-09-11T17:04:13Z,2026-09-11 17:03:31,SPXW,2026-09-17,P,6950.0,7668.2998,0.9,365.0,1.0,228.0,0.87,2.0,121.0,0.324,-0.0092,0.0001,-0.517,0.2586,-0.0075
2026-09-11T17:04:13Z,2026-09-11 17:03:31,SPXW,2026-09-17,C,6975.0,7668.2998,684.8,1.0,704.1,1.0,0.0,0.0,0.0,0.0,0.9902,0.0001,-0.5385,0.2751,0.7555
2026-09-11T17:04:13Z,2026-09-11 17:03:31,SPXW,2026-09-17,P,6975.0,7668.2998,0.95,278.0,1.05,220.0,0.9,1.0,438.0,0.3156,-0.0098,0.0001,-0.5385,0.2751,-0.0081
2026-09-11T17:04:13Z,2026-09-11 17:03:31,SPXW,2026-09-17,C,6990.0,7668.2998,669.8,1.0,688.6,1.0,0.0,0.0,0.0,0.0,0.9897,0.0001,-0.552,0.2857,0.7568
2026-09-11T17:04:13Z,2026-09-11 17:03:31,SPXW,2026-09-17,P,6990.0,7668.2998,1.0,229.0,1.1,216.0,0.0,0.0,0.0,0.3112,-0.0102,0.0001,-0.552,0.2857,-0.0085
2026-09-11T17:04:13Z,2026-09-11 17:03:31,SPXW,2026-09-17,C,7000.0,7668.2998,659.8,1.0,677.4,1.0,603.64,0.0,10.0,0.0,0.9894,0.0001,-0.5612,0.293,0.7576
2026-09-11T17:04:13Z,2026-09-11 17:03:31,SPXW,2026-09-17,P,7000.0,7668.2998,1.0,273.0,1.1,190.0,1.0,29.0,254.0,0.307,-0.0106,0.0001,-0.5612,0.293,-0.0087
2026-09-11T17:04:13Z,2026-09-11 17:03:31,SPXW,2026-09-17,C,7010.0,7668.2998,649.9,1.0,669.2,1.0,0.0,0.0,0.0,0.0,0.9891,0.0001,-0.5708,0.3006,0.7584
2026-09-11T17:04:13Z,2026-09-11 17:03:31,SPXW,2026-09-17,P,7010.0,7668.2998,1.05,197.0,1.15,208.0,0.0,0.0,0.0,0.3037,-0.0109,0.0001,-0.5708,0.3006,-0.009
2026-09-11T17:04:13Z,2026-09-11 17:03:31,SPXW,2026-09-17,C,7020.0,7668.2998,639.9,1.0,659.2,1.0,0.0,0.0,0.0,0.0,0.9888,0.0001,-0.5806,0.3085,0.7593
2026-09-11T17:04:13Z,2026-09-11 17:03:31,SPXW,2026-09-17,P,7020.0,7668.2998,1.05,233.0,1.15,196.0,0.0,0.0,0.0,0.3004,-0.0112,0.0001,-0.5806,0.3085,-0.0092
2026-09-11T17:04:13Z,2026-09-11 17:03:31,SPXW,2026-09-17,C,7025.0,7668.2998,634.9,1.0,654.3,2.0,0.0,0.0,0.0,0.0,0.9886,0.0001,-0.5855,0.3125,0.7597
2026-09-11T17:04:13Z,2026-09-11 17:03:31,SPXW,2026-09-17,P,7025.0,7668.2998,1.05,261.0,1.15,106.0,1.05,17.0,51.0,0.2983,-0.0114,0.0001,-0.5855,0.3125,-0.0094
2026-09-11T17:04:13Z,2026-09-11 17:03:31,SPXW,2026-09-17,C,7030.0,7668.2998,631.1,1.0,649.1,1.0,0.0,0.0,0.0,0.2542,0.9884,0.0001,-0.5906,0.3167,0.7601
2026-09-11T17:04:13Z,2026-09-11 17:03:31,SPXW,2026-09-17,P,7030.0,7668.2998,1.1,192.0,1.2,207.0,0.0,0.0,0.0,0.2979,-0.0115,0.0001,-0.5906,0.3167,-0.0095
2026-09-11T17:04:13Z,2026-09-11 17:03:31,SPXW,2026-09-17,C,7040.0,7668.2998,620.0,1.0,639.3,1.0,0.0,0.0,0.0,0.0,0.9881,0.0001,-0.601,0.3252,0.7609
2026-09-11T17:04:13Z,2026-09-11 17:03:31,SPXW,2026-09-17,P,7040.0,7668.2998,1.1,241.0,1.2,184.0,0.0,0.0,0.0,0.2936,-0.0119,0.0001,-0.601,0.3252,-0.0098
2026-09-11T17:04:13Z,2026-09-11 17:03:31,SPXW,2026-09-17,C,7050.0,7668.2998,610.0,1.0,627.3,1.0,631.62,0.0,7.0,0.0,0.9877,0.0001,-0.6116,0.3342,0.7617
2026-09-11T17:04:13Z,2026-09-11 17:03:31,SPXW,2026-09-17,P,7050.0,7668.2998,1.15,227.0,1.25,216.0,1.25,3.0,649.0,0.291,-0.0123,0.0001,-0.6116,0.3342,-0.0101
2026-09-11T17:04:13Z,2026-09-11 17:03:31,SPXW,2026-09-17,C,7060.0,7668.2998,600.0,1.0,619.2,1.0,0.0,0.0,0.0,0.0,0.9873,0.0001,-0.6226,0.3435,0.7625
2026-09-11T17:04:13Z,2026-09-11 17:03:31,SPXW,2026-09-17,P,7060.0,7668.2998,1.15,250.0,1.25,182.0,0.0,0.0,0.0,0.2868,-0.0126,0.0001,-0.6226,0.3435,-0.0104
2026-09-11T17:04:13Z,2026-09-11 17:03:31,SPXW,2026-09-17,C,7070.0,7668.2998,590.1,1.0,609.4,1.0,0.0,0.0,0.0,0.1926,0.9869,0.0001,-0.634,0.3532,0.7632
2026-09-11T17:04:13Z,2026-09-11 17:03:31,SPXW,2026-09-17,P,7070.0,7668.2998,1.2,238.0,1.3,181.0,0.0,0.0,0.0,0.2841,-0.013,0.0001,-0.634,0.3532,-0.0108
2026-09-11T17:04:13Z,2026-09-11 17:03:31,SPXW,2026-09-17,C,7075.0,7668.2998,585.6,1.0,604.4,1.0,0.0,0.0,0.0,0.225,0.9867,0.0001,-0.6398,0.3583,0.7636
2026-09-11T17:04:13Z,2026-09-11 17:03:31,SPXW,2026-09-17,P,7075.0,7668.2998,1.2,281.0,1.3,169.0,1.25,1.0,3262.0,0.2819,-0.0133,0.0001,-0.6398,0.3583,-0.0109
2026-09-11T17:04:13Z,2026-09-11 17:03:31,SPXW,2026-09-17,C,7080.0,7668.2998,580.1,1.0,599.4,1.0,0.0,0.0,0.0,0.1866,0.9865,0.0001,-0.6457,0.3634,0.764
2026-09-11T17:04:13Z,2026-09-11 17:03:31,SPXW,2026-09-17,P,7080.0,7668.2998,1.25,205.0,1.35,196.0,0.0,0.0,0.0,0.2805,-0.0135,0.0001,-0.6457,0.3634,-0.0111
2026-09-11T17:04:13Z,2026-09-11 17:03:31,SPXW,2026-09-17,C,7090.0,7668.2998,571.5,1.0,589.3,1.0,0.0,0.0,0.0,0.2492,0.986,0.0001,-0.6579,0.374,0.7647
2026-09-11T17:04:13Z,2026-09-11 17:03:31,SPXW,2026-09-17,P,7090.0,7668.2998,1.25,256.0,1.35,177.0,0.0,0.0,0.0,0.2769,-0.0139,0.0001,-0.6579,0.374,-0.0115
2026-09-11T17:04:13Z,2026-09-11 17:03:31,SPXW,2026-09-17,C,7100.0,7668.2998,560.7,1.0,578.3,1.0,593.83,0.0,20.0,0.0,0.9856,0.0001,-0.6706,0.3851,0.7654
2026-09-11T17:04:13Z,2026-09-11 17:03:31,SPXW,2026-09-17,P,7100.0,7668.2998,1.3,264.0,1.4,181.0,1.37,12.0,394.0,0.2741,-0.0144,0.0001,-0.6706,0.3851,-0.0119
2026-09-11T17:04:13Z,2026-09-11 17:03:31,SPXW,2026-09-17,C,7110.0,7668.2998,550.2,1.0,569.4,1.0,0.0,0.0,0.0,0.192,0.9851,0.0001,-0.6837,0.3966,0.766
2026-09-11T17:04:13Z,2026-09-11 17:03:31,SPXW,2026-09-17,P,7110.0,7668.2998,1.35,199.0,1.45,184.0,0.0,0.0,0.0,0.2711,-0.0149,0.0001,-0.6837,0.3966,-0.0123
2026-09-11T17:04:13Z,2026-09-11 17:03:31,SPXW,2026-09-17,C,7120.0,7668.2998,540.3,1.0,559.0,1.0,0.0,0.0,0.0,0.0,0.9846,0.0001,-0.6975,0.4086,0.7667
2026-09-11T17:04:13Z,2026-09-11 17:03:31,SPXW,2026-09-17,P,7120.0,7668.2998,1.35,236.0,1.45,55.0,1.45,16.0,0.0,0.2668,-0.0154,0.0001,-0.6975,0.4086,-0.0127
2026-09-11T17:04:13Z,2026-09-11 17:03:31,SPXW,2026-09-17,C,7125.0,7668.2998,535.3,1.0,554.6,1.0,0.0,0.0,0.0,0.1965,0.9843,0.0001,-0.7046,0.4148,0.767
2026-09-11T17:04:13Z,2026-09-11 17:03:31,SPXW,2026-09-17,P,7125.0,7668.2998,1.4,208.0,1.5,196.0,1.45,2.0,416.0,0.2659,-0.0157,0.0001,-0.7046,0.4148,-0.013
2026-09-11T17:04:13Z,2026-09-11 17:03:31,SPXW,2026-09-17,C,7130.0,7668.2998,530.4,1.0,549.5,1.0,0.0,0.0,0.0,0.1944,0.984,0.0001,-0.7118,0.4212,0.7673
2026-09-11T17:04:13Z,2026-09-11 17:03:31,SPXW,2026-09-17,P,7130.0,7668.2998,1.4,234.0,1.5,171.0,0.0,0.0,0.0,0.2637,-0.016,0.0001,-0.7118,0.4212,-0.0132
2026-09-11T17:04:13Z,2026-09-11 17:03:31,SPXW,2026-09-17,C,7140.0,7668.2998,521.1,1.0,539.7,1.0,0.0,0.0,0.0,0.2282,0.9834,0.0002,-0.7268,0.4343,0.768
2026-09-11T17:04:13Z,2026-09-11 17:03:31,SPXW,2026-09-17,P,7140.0,7668.2998,1.45,236.0,1.55,172.0,0.0,0.0,0.0,0.2606,-0.0166,0.0002,-0.7268,0.4343,-0.0137
2026-09-11T17:04:13Z,2026-09-11 17:03:31,SPXW,2026-09-17,C,7145.0,7668.2998,515.4,1.0,534.7,1.0,0.0,0.0,0.0,0.2018,0.9831,0.0002,-0.7345,0.4411,0.7682
2026-09-11T17:04:13Z,2026-09-11 17:03:31,SPXW,2026-09-17,P,7145.0,7668.2998,1.5,5.0,1.6,177.0,0.0,0.0,0.0,0.2584,-0.0168,0.0002,-0.7345,0.4411,-0.0139
2026-09-11T17:04:13Z,2026-09-11 17:03:31,SPXW,2026-09-17,C,7150.0,7668.2998,510.4,1.0,527.7,1.0,545.43,0.0,20.0,0.0,0.9828,0.0002,-0.7425,0.448,0.7685
2026-09-11T17:04:13Z,2026-09-11 17:03:31,SPXW,2026-09-17,P,7150.0,7668.2998,1.5,253.0,1.6,170.0,1.5,35.0,374.0,0.2574,-0.0172,0.0002,-0.7425,0.448,-0.0142
2026-09-11T17:04:13Z,2026-09-11 17:03:31,SPXW,2026-09-17,C,7155.0,7668.2998,505.5,1.0,524.6,1.0,0.0,0.0,0.0,0.1976,0.9825,0.0002,-0.7506,0.4552,0.7688
2026-09-11T17:04:13Z,2026-09-11 17:03:31,SPXW,2026-09-17,P,7155.0,7668.2998,1.5,239.0,1.6,53.0,1.55,8.0,0.0,0.2552,-0.0175,0.0002,-0.7506,0.4552,-0.0145
2026-09-11T17:04:13Z,2026-09-11 17:03:31,SPXW,2026-09-17,C,7160.0,7668.2998,500.5,1.0,518.9,1.0,0.0,0.0,0.0,0.0,0.9822,0.0002,-0.7589,0.4625,0.7691
2026-09-11T17:04:13Z,2026-09-11 17:03:31,SPXW,2026-09-17,P,7160.0,7668.2998,1.55,187.0,1.65,163.0,0.0,0.0,0.0,0.2542,-0.0178,0.0002,-0.7589,0.4625,-0.0147
2026-09-11T17:04:13Z,2026-09-11 17:03:31,SPXW,2026-09-17,C,7165.0,7668.2998,495.6,1.0,514.9,2.0,0.0,0.0,0.0,0.2095,0.9818,0.0002,-0.7674,0.4701,0.7694
2026-09-11T17:04:13Z,2026-09-11 17:03:31,SPXW,2026-09-17,P,7165.0,7668.2998,1.55,237.0,1.65,132.0,0.0,0.0,0.0,0.252,-0.0182,0.0002,-0.7674,0.4701,-0.015
2026-09-11T17:04:13Z,2026-09-11 17:03:31,SPXW,2026-09-17,C,7170.0,7668.2998,492.2,1.0,509.7,1.0,0.0,0.0,0.0,0.2361,0.9815,0.0002,-0.7762,0.4779,0.7696
2026-09-11T17:04:13Z,2026-09-11 17:03:31,SPXW,2026-09-17,P,7170.0,7668.2998,1.6,187.0,1.7,163.0,1.7,17.0,0.0,0.2509,-0.0185,0.0002,-0.7762,0.4779,-0.0153
2026-09-11T17:04:13Z,2026-09-11 17:03:31,SPXW,2026-09-17,C,7175.0,7668.2998,485.5,1.0,503.0,1.0,650.35,0.0,8.0,0.0,0.9811,0.0002,-0.7852,0.4859,0.7699
2026-09-11T17:04:13Z,2026-09-11 17:03:31,SPXW,2026-09-17,P,7175.0,7668.2998,1.6,275.0,1.7,52.0,1.65,1.0,379.0,0.2487,-0.0189,0.0002,-0.7852,0.4859,-0.0156
2026-09-11T17:04:13Z,2026-09-11 17:03:31,SPXW,2026-09-17,C,7180.0,7668.2998,480.6,1.0,500.0,2.0,0.0,0.0,0.0,0.2089,0.9807,0.0002,-0.7944,0.4941,0.7701
2026-09-11T17:04:13Z,2026-09-11 17:03:31,SPXW,2026-09-17,P,7180.0,7668.2998,1.65,172.0,1.75,161.0,5.81,0.0,138.0,0.2475,-0.0192,0.0002,-0.7944,0.4941,-0.0159
2026-09-11T17:04:13Z,2026-09-11 17:03:31,SPXW,2026-09-17,C,7185.0,7668.2998,475.6,1.0,494.8,1.0,0.0,0.0,0.0,0.2042,0.9803,0.0002,-0.8038,0.5026,0.7703
2026-09-11T17:04:13Z,2026-09-11 17:03:31,SPXW,2026-09-17,P,7185.0,7668.2998,1.7,18.0,1.75,29.0,1.8,10.0,0.0,0.2453,-0.0196,0.0002,-0.8038,0.5026,-0.0162
2026-09-11T17:04:13Z,2026-09-11 17:03:31,SPXW,2026-09-17,C,7190.0,7668.2998,470.9,1.0,489.9,1.0,0.0,0.0,0.0,0.2072,0.9799,0.0002,-0.8135,0.5114,0.7706
2026-09-11T17:04:13Z,2026-09-11 17:03:31,SPXW,2026-09-17,P,7190.0,7668.2998,1.7,228.0,1.8,163.0,5.9,0.0,175.0,0.2442,-0.02,0.0002,-0.8135,0.5114,-0.0166
2026-09-11T17:04:13Z,2026-09-11 17:03:31,SPXW,2026-09-17,C,7195.0,7668.2998,465.7,1.0,482.6,1.0,0.0,0.0,0.0,0.0,0.9795,0.0002,-0.8234,0.5204,0.7708
2026-09-11T17:04:13Z,2026-09-11 17:03:31,SPXW,2026-09-17,P,7195.0,7668.2998,1.75,133.0,1.85,162.0,1.85,25.0,0.0,0.2424,-0.0204,0.0002,-0.8234,0.5204,-0.0169
2026-09-11T17:04:13Z,2026-09-11 17:03:31,SPXW,2026-09-17,C,7200.0,7668.2998,460.7,1.0,479.9,1.0,535.58,0.0,14.0,0.1979,0.9791,0.0002,-0.8337,0.5297,0.771
2026-09-11T17:04:13Z,2026-09-11 17:03:31,SPXW,2026-09-17,P,7200.0,7668.2998,1.75,244.0,1.85,112.0,1.85,32.0,1222.0,0.2407,-0.0209,0.0002,-0.8337,0.5297,-0.0173
2026-09-11T17:04:13Z,2026-09-11 17:03:31,SPXW,2026-09-17,C,7205.0,7668.2998,455.8,2.0,475.0,1.0,0.0,0.0,0.0,0.201,0.9787,0.0002,-0.8442,0.5392,0.7711
2026-09-11T17:04:13Z,2026-09-11 17:03:31,SPXW,2026-09-17,P,7205.0,7668.2998,1.8,189.0,1.9,154.0,1.9,8.0,0.0,0.2394,-0.0213,0.0002,-0.8442,0.5392,-0.0176
2026-09-11T17:04:13Z,2026-09-11 17:03:31,SPXW,2026-09-17,C,7210.0,7668.2998,451.0,1.0,469.0,1.0,0.0,0.0,0.0,0.1688,0.9782,0.0002,-0.855,0.5491,0.7713
2026-09-11T17:04:13Z,2026-09-11 17:03:31,SPXW,2026-09-17,P,7210.0,7668.2998,1.8,227.0,1.9,35.0,2.25,16.0,43.0,0.2372,-0.0218,0.0002,-0.855,0.5491,-0.018
2026-09-11T17:04:13Z,2026-09-11 17:03:31,SPXW,2026-09-17,C,7215.0,7668.2998,445.8,2.0,465.1,1.0,0.0,0.0,0.0,0.1991,0.9777,0.0002,-0.8662,0.5592,0.7714
2026-09-11T17:04:13Z,2026-09-11 17:03:31,SPXW,2026-09-17,P,7215.0,7668.2998,1.85,216.0,1.95,121.0,0.0,0.0,0.0,0.2359,-0.0222,0.0002,-0.8662,0.5592,-0.0184
2026-09-11T17:04:13Z,2026-09-11 17:03:31,SPXW,2026-09-17,C,7220.0,7668.2998,440.8,1.0,458.0,1.0,0.0,0.0,0.0,0.0,0.9772,0.0002,-0.8776,0.5696,0.7716
2026-09-11T17:04:13Z,2026-09-11 17:03:31,SPXW,2026-09-17,P,7220.0,7668.2998,1.9,178.0,2.0,156.0,1.93,1.0,110.0,0.2346,-0.0227,0.0002,-0.8776,0.5696,-0.0188
2026-09-11T17:04:13Z,2026-09-11 17:03:31,SPXW,2026-09-17,C,7225.0,7668.2998,435.9,1.0,455.1,1.0,0.0,0.0,0.0,0.199,0.9767,0.0002,-0.8895,0.5802,0.7717
2026-09-11T17:04:13Z,2026-09-11 17:03:31,SPXW,2026-09-17,P,7225.0,7668.2998,1.95,50.0,2.0,27.0,1.98,33.0,344.0,0.2323,-0.0232,0.0002,-0.8895,0.5802,-0.0192
2026-09-11T17:04:13Z,2026-09-11 17:03:31,SPXW,2026-09-17,C,7230.0,7668.2998,430.9,2.0,448.7,1.0,0.0,0.0,0.0,0.0,0.9762,0.0002,-0.9016,0.5912,0.7718
2026-09-11T17:04:13Z,2026-09-11 17:03:31,SPXW,2026-09-17,P,7230.0,7668.2998,1.95,216.0,2.05,49.0,6.9,0.0,55.0,0.231,-0.0238,0.0002,-0.9016,0.5912,-0.0197
2026-09-11T17:04:13Z,2026-09-11 17:03:31,SPXW,2026-09-17,C,7235.0,7668.2998,426.3,1.0,445.2,1.0,0.0,0.0,0.0,0.2017,0.9757,0.0002,-0.9142,0.6025,0.7719
2026-09-11T17:04:13Z,2026-09-11 17:03:31,SPXW,2026-09-17,P,7235.0,7668.2998,2.0,191.0,2.1,148.0,0.0,0.0,0.0,0.2296,-0.0243,0.0002,-0.9142,0.6025,-0.0201
2026-09-11T17:04:13Z,2026-09-11 17:03:31,SPXW,2026-09-17,C,7240.0,7668.2998,421.3,1.0,438.2,1.0,425.71,3.0,3.0,0.0,0.9751,0.0003,-0.9271,0.614,0.772
2026-09-11T17:04:13Z,2026-09-11 17:03:31,SPXW,2026-09-17,P,7240.0,7668.2998,2.05,154.0,2.15,155.0,2.35,2.0,40.0,0.2282,-0.0249,0.0003,-0.9271,0.614,-0.0206
2026-09-11T17:04:13Z,2026-09-11 17:03:31,SPXW,2026-09-17,C,7245.0,7668.2998,416.3,1.0,435.3,1.0,0.0,0.0,0.0,0.1989,0.9745,0.0003,-0.9405,0.6259,0.772
2026-09-11T17:04:13Z,2026-09-11 17:03:31,SPXW,2026-09-17,P,7245.0,7668.2998,2.1,55.0,2.2,159.0,0.0,0.0,0.0,0.2263,-0.0254,0.0003,-0.9405,0.6259,-0.0211
2026-09-11T17:04:13Z,2026-09-11 17:03:31,SPXW,2026-09-17,C,7250.0,7668.2998,411.2,1.0,428.3,1.0,487.32,0.0,12.0,0.0,0.9739,0.0003,-0.9543,0.6382,0.7721
2026-09-11T17:04:13Z,2026-09-11 17:03:31,SPXW,2026-09-17,P,7250.0,7668.2998,2.15,49.0,2.2,26.0,2.16,31.0,869.0,0.2244,-0.026,0.0003,-0.9543,0.6382,-0.0216
2026-09-11T17:04:13Z,2026-09-11 17:03:31,SPXW,2026-09-17,C,7255.0,7668.2998,406.4,1.0,425.4,1.0,0.0,0.0,0.0,0.1975,0.9733,0.0003,-0.9685,0.6508,0.7721
2026-09-11T17:04:13Z,2026-09-11 17:03:31,SPXW,2026-09-17,P,7255.0,7668.2998,2.15,219.0,2.25,34.0,2.4,8.0,0.0,0.2229,-0.0267,0.0003,-0.9685,0.6508,-0.0221
2026-09-11T17:04:13Z,2026-09-11 17:03:31,SPXW,2026-09-17,C,7260.0,7668.2998,401.4,1.0,420.5,1.0,0.0,0.0,0.0,0.1967,0.9726,0.0003,-0.9831,0.6639,0.7721
2026-09-11T17:04:13Z,2026-09-11 17:03:31,SPXW,2026-09-17,P,7260.0,7668.2998,2.2,215.0,2.3,34.0,2.22,37.0,127.0,0.2214,-0.0273,0.0003,-0.9831,0.6639,-0.0227
2026-09-11T17:04:13Z,2026-09-11 17:03:31,SPXW,2026-09-17,C,7265.0,7668.2998,396.2,1.0,415.5,1.0,0.0,0.0,0.0,0.1917,0.972,0.0003,-0.9983,0.6774,0.7721
2026-09-11T17:04:13Z,2026-09-11 17:03:31,SPXW,2026-09-17,P,7265.0,7668.2998,2.25,184.0,2.35,98.0,2.6,8.0,0.0,0.2199,-0.028,0.0003,-0.9983,0.6774,-0.0232
2026-09-11T17:04:13Z,2026-09-11 17:03:31,SPXW,2026-09-17,C,7270.0,7668.2998,391.4,1.0,410.2,1.0,0.0,0.0,0.0,0.1881,0.9712,0.0003,-1.0139,0.6915,0.772
2026-09-11T17:04:13Z,2026-09-11 17:03:31,SPXW,2026-09-17,P,7270.0,7668.2998,2.3,192.0,2.4,33.0,2.45,21.0,186.0,0.2184,-0.0287,0.0003,-1.0139,0.6915,-0.0238
2026-09-11T17:04:13Z,2026-09-11 17:03:31,SPXW,2026-09-17,C,7275.0,7668.2998,386.6,1.0,404.9,1.0,501.34,0.0,6.0,0.1845,0.9705,0.0003,-1.03,0.706,0.772
2026-09-11T17:04:13Z,2026-09-11 17:03:31,SPXW,2026-09-17,P,7275.0,7668.2998,2.35,205.0,2.45,33.0,2.49,54.0,375.0,0.2168,-0.0294,0.0003,-1.03,0.706,-0.0244
2026-09-11T17:04:13Z,2026-09-11 17:03:31,SPXW,2026-09-17,C,7280.0,7668.2998,381.5,1.0,400.2,1.0,0.0,0.0,0.0,0.1852,0.9698,0.0003,-1.0466,0.721,0.7719
2026-09-11T17:04:13Z,2026-09-11 17:03:31,SPXW,2026-09-17,P,7280.0,7668.2998,2.4,210.0,2.5,33.0,2.55,5.0,256.0,0.2152,-0.0302,0.0003,-1.0466,0.721,-0.025
2026-09-11T17:04:13Z,2026-09-11 17:03:31,SPXW,2026-09-17,C,7285.0,7668.2998,376.6,2.0,395.8,1.0,0.0,0.0,0.0,0.1917,0.969,0.0003,-1.0638,0.7366,0.7718
2026-09-11T17:04:13Z,2026-09-11 17:03:31,SPXW,2026-09-17,P,7285.0,7668.2998,2.45,177.0,2.55,33.0,2.8,8.0,0.0,0.2136,-0.031,0.0003,-1.0638,0.7366,-0.0257
2026-09-11T17:04:13Z,2026-09-11 17:03:31,SPXW,2026-09-17,C,7290.0,7668.2998,371.8,1.0,390.5,1.0,0.0,0.0,0.0,0.1883,0.9682,0.0003,-1.0816,0.7528,0.7717
2026-09-11T17:04:13Z,2026-09-11 17:03:31,SPXW,2026-09-17,P,7290.0,7668.2998,2.55,24.0,2.6,18.0,9.8,0.0,314.0,0.2123,-0.0318,0.0003,-1.0816,0.7528,-0.0264
2026-09-11T17:04:13Z,2026-09-11 17:03:31,SPXW,2026-09-17,C,7295.0,7668.2998,366.7,1.0,383.6,1.0,0.0,0.0,0.0,0.1498,0.9673,0.0004,-1.0999,0.7694,0.7715
2026-09-11T17:04:13Z,2026-09-11 17:03:31,SPXW,2026-09-17,P,7295.0,7668.2998,2.6,113.0,2.7,100.0,0.0,0.0,0.0,0.2106,-0.0327,0.0004,-1.0999,0.7694,-0.0271
2026-09-11T17:04:13Z,2026-09-11 17:03:31,SPXW,2026-09-17,C,7300.0,7668.2998,361.6,1.0,381.0,1.0,0.0,0.0,0.0,0.1881,0.9664,0.0004,-1.1188,0.7867,0.7713
2026-09-11T17:04:13Z,2026-09-11 17:03:31,SPXW,2026-09-17,P,7300.0,7668.2998,2.65,142.0,2.75,108.0,2.68,57.0,590.0,0.2092,-0.0336,0.0004,-1.1188,0.7867,-0.0279
2026-09-11T17:04:13Z,2026-09-11 17:03:31,SPXW,2026-09-17,C,7305.0,7668.2998,356.7,1.0,374.2,1.0,0.0,0.0,0.0,0.1615,0.9655,0.0004,-1.1384,0.8044,0.771
2026-09-11T17:04:13Z,2026-09-11 17:03:31,SPXW,2026-09-17,P,7305.0,7668.2998,2.7,154.0,2.8,26.0,0.0,0.0,0.0,0.2075,-0.0345,0.0004,-1.1384,0.8044,-0.0286
2026-09-11T17:04:13Z,2026-09-11 17:03:31,SPXW,2026-09-17,C,7310.0,7668.2998,352.6,1.0,371.1,3.0,0.0,0.0,0.0,0.1927,0.9645,0.0004,-1.1587,0.8227,0.7708
2026-09-11T17:04:13Z,2026-09-11 17:03:31,SPXW,2026-09-17,P,7310.0,7668.2998,2.8,21.0,2.9,137.0,2.9,20.0,126.0,0.2061,-0.0355,0.0004,-1.1587,0.8227,-0.0295
2026-09-11T17:04:13Z,2026-09-11 17:03:31,SPXW,2026-09-17,C,7315.0,7668.2998,348.1,1.0,363.9,1.0,355.27,3.0,0.0,0.1737,0.9635,0.0004,-1.1796,0.8415,0.7705
2026-09-11T17:04:13Z,2026-09-11 17:03:31,SPXW,2026-09-17,P,7315.0,7668.2998,2.85,105.0,2.95,94.0,0.0,0.0,0.0,0.2046,-0.0365,0.0004,-1.1796,0.8415,-0.0303
2026-09-11T17:04:13Z,2026-09-11 17:03:31,SPXW,2026-09-17,C,7320.0,7668.2998,341.9,1.0,360.9,1.0,0.0,0.0,0.0,0.1819,0.9624,0.0004,-1.2012,0.8608,0.7701
2026-09-11T17:04:13Z,2026-09-11 17:03:31,SPXW,2026-09-17,P,7320.0,7668.2998,2.95,21.0,3.1,220.0,3.1,8.0,225.0,0.2028,-0.0375,0.0004,-1.2012,0.8608,-0.0312
2026-09-11T17:04:13Z,2026-09-11 17:03:31,SPXW,2026-09-17,C,7325.0,7668.2998,337.0,3.0,353.9,1.0,0.0,0.0,0.0,0.1532,0.9614,0.0004,-1.2235,0.8808,0.7698
2026-09-11T17:04:13Z,2026-09-11 17:03:31,SPXW,2026-09-17,P,7325.0,7668.2998,3.0,94.0,3.1,34.0,3.25,21.0,280.0,0.2016,-0.0386,0.0004,-1.2235,0.8808,-0.0321
2026-09-11T17:04:13Z,2026-09-11 17:03:31,SPXW,2026-09-17,C,7330.0,7668.2998,333.8,1.0,350.8,1.0,0.0,0.0,0.0,0.1901,0.9602,0.0004,-1.2466,0.9014,0.7694
2026-09-11T17:04:13Z,2026-09-11 17:03:31,SPXW,2026-09-17,P,7330.0,7668.2998,3.1,13.0,3.2,124.0,3.5,55.0,146.0,0.1998,-0.0398,0.0004,-1.2466,0.9014,-0.0331
2026-09-11T17:04:13Z,2026-09-11 17:03:31,SPXW,2026-09-17,C,7335.0,7668.2998,328.0,1.0,344.4,1.0,0.0,0.0,0.0,0.1693,0.959,0.0004,-1.2705,0.9227,0.7689
2026-09-11T17:04:13Z,2026-09-11 17:03:31,SPXW,2026-09-17,P,7335.0,7668.2998,3.1,147.0,3.3,122.0,4.5,17.0,149.0,0.1985,-0.0409,0.0004,-1.2705,0.9227,-0.0341
2026-09-11T17:04:13Z,2026-09-11 17:03:31,SPXW,2026-09-17,C,7340.0,7668.2998,322.3,1.0,339.9,1.0,0.0,0.0,0.0,0.1649,0.9578,0.0005,-1.2951,0.9448,0.7684
2026-09-11T17:04:13Z,2026-09-11 17:03:31,SPXW,2026-09-17,P,7340.0,7668.2998,3.2,141.0,3.4,200.0,3.25,14.0,329.0,0.1972,-0.0422,0.0005,-1.2951,0.9448,-0.0351
2026-09-11T17:04:13Z,2026-09-11 17:03:31,SPXW,2026-09-17,C,7345.0,7668.2998,317.4,1.0,335.5,1.0,0.0,0.0,0.0,0.1696,0.9565,0.0005,-1.3206,0.9678,0.7679
2026-09-11T17:04:13Z,2026-09-11 17:03:31,SPXW,2026-09-17,P,7345.0,7668.2998,3.3,137.0,3.5,215.0,4.8,8.0,52.0,0.1958,-0.0435,0.0005,-1.3206,0.9678,-0.0362
2026-09-11T17:04:13Z,2026-09-11 17:03:31,SPXW,2026-09-17,C,7350.0,7668.2998,312.6,1.0,329.6,1.0,346.5,0.0,30.0,0.1604,0.9551,0.0005,-1.3468,0.9916,0.7673
2026-09-11T17:04:13Z,2026-09-11 17:03:31,SPXW,2026-09-17,P,7350.0,7668.2998,3.4,151.0,3.6,209.0,3.8,561.0,1203.0,0.1944,-0.0448,0.0005,-1.3468,0.9916,-0.0373
2026-09-11T17:04:13Z,2026-09-11 17:03:31,SPXW,2026-09-17,C,7355.0,7668.2998,307.7,1.0,325.8,1.0,0.0,0.0,0.0,0.17,0.9537,0.0005,-1.374,1.0164,0.7667
2026-09-11T17:04:13Z,2026-09-11 17:03:31,SPXW,2026-09-17,P,7355.0,7668.2998,3.5,136.0,3.7,202.0,3.9,9.0,32.0,0.193,-0.0462,0.0005,-1.374,1.0164,-0.0385
2026-09-11T17:04:13Z,2026-09-11 17:03:31,SPXW,2026-09-17,C,7360.0,7668.2998,304.1,1.0,321.1,2.0,258.63,0.0,3.0,0.1795,0.9522,0.0005,-1.4019,1.042,0.766
2026-09-11T17:04:13Z,2026-09-11 17:03:31,SPXW,2026-09-17,P,7360.0,7668.2998,3.6,131.0,3.8,186.0,3.9,32.0,205.0,0.1915,-0.0477,0.0005,-1.4019,1.042,-0.0397
2026-09-11T17:04:13Z,2026-09-11 17:03:31,SPXW,2026-09-17,C,7365.0,7668.2998,298.2,1.0,315.2,1.0,0.0,0.0,0.0,0.1645,0.9507,0.0005,-1.4308,1.0684,0.7653
2026-09-11T17:04:13Z,2026-09-11 17:03:31,SPXW,2026-09-17,P,7365.0,7668.2998,3.7,131.0,3.9,126.0,4.41,49.0,33.0,0.1899,-0.0492,0.0005,-1.4308,1.0684,-0.041
2026-09-11T17:04:13Z,2026-09-11 17:03:31,SPXW,2026-09-17,C,7370.0,7668.2998,294.7,1.0,311.3,1.0,0.0,0.0,0.0,0.1792,0.9491,0.0006,-1.4606,1.0957,0.7644
2026-09-11T17:04:13Z,2026-09-11 17:03:31,SPXW,2026-09-17,P,7370.0,7668.2998,3.8,128.0,4.0,129.0,4.0,37.0,151.0,0.1884,-0.0508,0.0006,-1.4606,1.0957,-0.0424
2026-09-11T17:04:13Z,2026-09-11 17:03:31,SPXW,2026-09-17,C,7375.0,7668.2998,288.0,1.0,305.7,1.0,334.07,0.0,5.0,0.1628,0.9474,0.0006,-1.4914,1.1238,0.7636
2026-09-11T17:04:13Z,2026-09-11 17:03:31,SPXW,2026-09-17,P,7375.0,7668.2998,4.0,28.0,4.1,53.0,4.23,33.0,214.0,0.1868,-0.0525,0.0006,-1.4914,1.1238,-0.0438
2026-09-11T17:04:13Z,2026-09-11 17:03:31,SPXW,2026-09-17,C,7380.0,7668.2998,283.5,1.0,301.6,1.0,229.64,0.0,30.0,0.169,0.9457,0.0006,-1.5231,1.1526,0.7626
2026-09-11T17:04:13Z,2026-09-11 17:03:31,SPXW,2026-09-17,P,7380.0,7668.2998,4.1,119.0,4.3,176.0,4.37,46.0,92.0,0.1856,-0.0543,0.0006,-1.5231,1.1526,-0.0453
2026-09-11T17:04:13Z,2026-09-11 17:03:31,SPXW,2026-09-17,C,7385.0,7668.2998,278.4,1.0,296.6,1.0,235.18,0.0,1.0,0.1659,0.9439,0.0006,-1.5558,1.1822,0.7616
2026-09-11T17:04:13Z,2026-09-11 17:03:31,SPXW,2026-09-17,P,7385.0,7668.2998,4.2,106.0,4.4,105.0,4.25,5.0,70.0,0.1844,-0.0561,0.0006,-1.5558,1.1822,-0.0468
2026-09-11T17:04:13Z,2026-09-11 17:03:31,SPXW,2026-09-17,C,7390.0,7668.2998,273.8,1.0,291.9,1.0,0.0,0.0,0.0,0.1675,0.9419,0.0006,-1.5896,1.2127,0.7606
2026-09-11T17:04:13Z,2026-09-11 17:03:31,SPXW,2026-09-17,P,7390.0,7668.2998,4.4,53.0,4.5,55.0,4.58,56.0,109.0,0.1826,-0.058,0.0006,-1.5896,1.2127,-0.0484
2026-09-11T17:04:13Z,2026-09-11 17:03:31,SPXW,2026-09-17,C,7395.0,7668.2998,268.7,1.0,287.1,1.0,0.0,0.0,0.0,0.1656,0.94,0.0007,-1.6243,1.2442,0.7594
2026-09-11T17:04:13Z,2026-09-11 17:03:31,SPXW,2026-09-17,P,7395.0,7668.2998,4.5,98.0,4.7,104.0,4.8,21.0,27.0,0.1817,-0.06,0.0007,-1.6243,1.2442,-0.0501
2026-09-11T17:04:13Z,2026-09-11 17:03:31,SPXW,2026-09-17,C,7400.0,7668.2998,265.4,1.0,282.0,1.0,270.12,6.0,10.0,0.1712,0.9379,0.0007,-1.6601,1.2769,0.7583
2026-09-11T17:04:13Z,2026-09-11 17:03:31,SPXW,2026-09-17,P,7400.0,7668.2998,4.6,166.0,4.8,40.0,4.68,102.0,626.0,0.1799,-0.0621,0.0007,-1.6601,1.2769,-0.0518
2026-09-11T17:04:13Z,2026-09-11 17:03:31,SPXW,2026-09-17,C,7405.0,7668.2998,259.4,1.0,277.4,1.0,0.0,0.0,0.0,0.1657,0.9357,0.0007,-1.6969,1.3108,0.757
2026-09-11T17:04:13Z,2026-09-11 17:03:31,SPXW,2026-09-17,P,7405.0,7668.2998,4.8,100.0,5.0,100.0,7.0,28.0,34.0,0.1789,-0.0643,0.0007,-1.6969,1.3108,-0.0536
2026-09-11T17:04:13Z,2026-09-11 17:03:31,SPXW,2026-09-17,C,7410.0,7668.2998,255.6,1.0,272.9,1.0,202.32,0.0,1.0,0.1709,0.9334,0.0007,-1.7348,1.346,0.7556
2026-09-11T17:04:13Z,2026-09-11 17:03:31,SPXW,2026-09-17,P,7410.0,7668.2998,5.0,76.0,5.2,102.0,5.5,53.0,115.0,0.1774,-0.0666,0.0007,-1.7348,1.346,-0.0555
2026-09-11T17:04:13Z,2026-09-11 17:03:31,SPXW,2026-09-17,C,7415.0,7668.2998,249.4,1.0,268.2,1.0,0.0,0.0,0.0,0.1643,0.931,0.0008,-1.7738,1.3824,0.7542
2026-09-11T17:04:13Z,2026-09-11 17:03:31,SPXW,2026-09-17,P,7415.0,7668.2998,5.2,40.0,5.3,39.0,6.6,3.0,74.0,0.1759,-0.0689,0.0008,-1.7738,1.3824,-0.0575
2026-09-11T17:04:13Z,2026-09-11 17:03:31,SPXW,2026-09-17,C,7420.0,7668.2998,246.2,1.0,263.3,1.0,258.12,1.0,24.0,0.1697,0.9285,0.0008,-1.8138,1.4198,0.7526
2026-09-11T17:04:13Z,2026-09-11 17:03:31,SPXW,2026-09-17,P,7420.0,7668.2998,5.3,99.0,5.5,66.0,5.6,1263.0,87.0,0.1747,-0.0714,0.0008,-1.8138,1.4198,-0.0597
2026-09-11T17:04:13Z,2026-09-11 17:03:31,SPXW,2026-09-17,C,7425.0,7668.2998,241.2,1.0,258.5,2.0,0.0,0.0,0.0,0.1678,0.9259,0.0008,-1.855,1.4583,0.751
2026-09-11T17:04:13Z,2026-09-11 17:03:31,SPXW,2026-09-17,P,7425.0,7668.2998,5.5,96.0,5.7,63.0,5.69,1604.0,599.0,0.1734,-0.074,0.0008,-1.855,1.4583,-0.0619
2026-09-11T17:04:13Z,2026-09-11 17:03:31,SPXW,2026-09-17,C,7430.0,7668.2998,236.5,1.0,253.8,3.0,191.67,0.0,5.0,0.1673,0.9232,0.0008,-1.8972,1.4977,0.7492
2026-09-11T17:04:13Z,2026-09-11 17:03:31,SPXW,2026-09-17,P,7430.0,7668.2998,5.7,95.0,5.9,60.0,5.78,70.0,189.0,0.1721,-0.0767,0.0008,-1.8972,1.4977,-0.0642
2026-09-11T17:04:13Z,2026-09-11 17:03:31,SPXW,2026-09-17,C,7435.0,7668.2998,230.1,1.0,249.1,2.0,0.0,0.0,0.0,0.1604,0.9204,0.0009,-1.9406,1.538,0.7473
2026-09-11T17:04:13Z,2026-09-11 17:03:31,SPXW,2026-09-17,P,7435.0,7668.2998,6.0,28.0,6.1,57.0,6.5,61.0,60.0,0.1707,-0.0796,0.0009,-1.9406,1.538,-0.0666
2026-09-11T17:04:13Z,2026-09-11 17:03:31,SPXW,2026-09-17,C,7440.0,7668.2998,227.1,1.0,244.2,2.0,181.89,0.0,7.0,0.1654,0.9174,0.0009,-1.9852,1.5793,0.7454
2026-09-11T17:04:13Z,2026-09-11 17:03:31,SPXW,2026-09-17,P,7440.0,7668.2998,6.2,82.0,6.3,24.0,6.57,42.0,413.0,0.1695,-0.0826,0.0009,-1.9852,1.5793,-0.0691
2026-09-11T17:04:13Z,2026-09-11 17:03:31,SPXW,2026-09-17,C,7445.0,7668.2998,220.9,1.0,239.9,4.0,0.0,0.0,0.0,0.1608,0.9143,0.0009,-2.0308,1.6219,0.7433
2026-09-11T17:04:13Z,2026-09-11 17:03:31,SPXW,2026-09-17,P,7445.0,7668.2998,6.4,91.0,6.6,89.0,6.7,61.0,57.0,0.168,-0.0857,0.0009,-2.0308,1.6219,-0.0717
2026-09-11T17:04:13Z,2026-09-11 17:03:31,SPXW,2026-09-17,C,7450.0,7668.2998,216.1,1.0,235.1,3.0,170.1,0.0,35.0,0.1594,0.9111,0.001,-2.0776,1.666,0.7412
2026-09-11T17:04:13Z,2026-09-11 17:03:31,SPXW,2026-09-17,P,7450.0,7668.2998,6.7,36.0,6.8,64.0,7.2,571.0,1915.0,0.1671,-0.0889,0.001,-2.0776,1.666,-0.0744
2026-09-11T17:04:13Z,2026-09-11 17:03:31,SPXW,2026-09-17,C,7455.0,7668.2998,212.8,1.0,230.1,2.0,0.0,0.0,0.0,0.1622,0.9077,0.001,-2.1255,1.7116,0.7389
2026-09-11T17:04:13Z,2026-09-11 17:03:31,SPXW,2026-09-17,P,7455.0,7668.2998,6.9,84.0,7.1,69.0,7.1,32.0,36.0,0.1657,-0.0923,0.001,-2.1255,1.7116,-0.0772
2026-09-11T17:04:13Z,2026-09-11 17:03:31,SPXW,2026-09-17,C,7460.0,7668.2998,207.0,1.0,225.7,3.0,0.0,0.0,0.0,0.1587,0.9041,0.001,-2.1744,1.7587,0.7364
2026-09-11T17:04:13Z,2026-09-11 17:03:31,SPXW,2026-09-17,P,7460.0,7668.2998,7.2,77.0,7.4,85.0,7.83,17.0,697.0,0.1643,-0.0958,0.001,-2.1744,1.7587,-0.0802
2026-09-11T17:04:13Z,2026-09-11 17:03:31,SPXW,2026-09-17,C,7465.0,7668.2998,206.2,1.0,219.5,1.0,211.52,3.0,0.0,0.1648,0.9004,0.0011,-2.2245,1.8071,0.7338
2026-09-11T17:04:13Z,2026-09-11 17:03:31,SPXW,2026-09-17,P,7465.0,7668.2998,7.5,58.0,7.6,17.0,7.9,12.0,49.0,0.1632,-0.0996,0.0011,-2.2245,1.8071,-0.0834
2026-09-11T17:04:13Z,2026-09-11 17:03:31,SPXW,2026-09-17,C,7470.0,7668.2998,201.4,1.0,213.5,1.0,157.46,0.0,2.0,0.1595,0.8965,0.0011,-2.2756,1.8566,0.7311
2026-09-11T17:04:13Z,2026-09-11 17:03:31,SPXW,2026-09-17,P,7470.0,7668.2998,7.8,73.0,7.9,16.0,8.0,79.0,252.0,0.1619,-0.1034,0.0011,-2.2756,1.8566,-0.0867
2026-09-11T17:04:13Z,2026-09-11 17:03:31,SPXW,2026-09-17,C,7475.0,7668.2998,196.9,1.0,209.4,1.0,200.18,3.0,3.0,0.1605,0.8925,0.0012,-2.3278,1.9069,0.7281
2026-09-11T17:04:13Z,2026-09-11 17:03:31,SPXW,2026-09-17,P,7475.0,7668.2998,8.1,73.0,8.3,68.0,9.18,43.0,225.0,0.1606,-0.1075,0.0012,-2.3278,1.9069,-0.0902
2026-09-11T17:04:13Z,2026-09-11 17:03:31,SPXW,2026-09-17,C,7480.0,7668.2998,192.2,1.0,204.6,1.0,144.46,0.0,30.0,0.1588,0.8882,0.0012,-2.3811,1.9581,0.7251
2026-09-11T17:04:13Z,2026-09-11 17:03:31,SPXW,2026-09-17,P,7480.0,7668.2998,8.5,7.0,8.6,60.0,8.8,60.0,113.0,0.1594,-0.1117,0.0012,-2.3811,1.9581,-0.0938
2026-09-11T17:04:13Z,2026-09-11 17:03:31,SPXW,2026-09-17,C,7485.0,7668.2998,187.5,1.0,200.6,1.0,0.0,0.0,0.0,0.1591,0.8838,0.0012,-2.4354,2.0104,0.7219
2026-09-11T17:04:13Z,2026-09-11 17:03:31,SPXW,2026-09-17,P,7485.0,7668.2998,8.8,55.0,9.0,59.0,9.1,22.0,107.0,0.1582,-0.1161,0.0012,-2.4354,2.0104,-0.0975
2026-09-11T17:04:13Z,2026-09-11 17:03:31,SPXW,2026-09-17,C,7490.0,7668.2998,182.9,1.0,196.3,1.0,216.85,0.0,4.0,0.1588,0.8792,0.0013,-2.4906,2.0643,0.7186
2026-09-11T17:04:13Z,2026-09-11 17:03:31,SPXW,2026-09-17,P,7490.0,7668.2998,9.2,19.0,9.3,59.0,9.5,40.0,207.0,0.1569,-0.1208,0.0013,-2.4906,2.0643,-0.1014
2026-09-11T17:04:13Z,2026-09-11 17:03:31,SPXW,2026-09-17,C,7495.0,7668.2998,178.3,1.0,190.8,1.0,212.55,0.0,4.0,0.1553,0.8744,0.0013,-2.5467,2.1198,0.7151
2026-09-11T17:04:13Z,2026-09-11 17:03:31,SPXW,2026-09-17,P,7495.0,7668.2998,9.6,7.0,9.7,59.0,10.08,32.0,38.0,0.1557,-0.1256,0.0013,-2.5467,2.1198,-0.1054
2026-09-11T17:04:13Z,2026-09-11 17:03:31,SPXW,2026-09-17,C,7500.0,7668.2998,173.7,1.0,186.2,1.0,175.8,7.0,51.0,0.1541,0.8693,0.0014,-2.6037,2.1769,0.7114
2026-09-11T17:04:13Z,2026-09-11 17:03:31,SPXW,2026-09-17,P,7500.0,7668.2998,10.0,7.0,10.1,58.0,10.0,261.0,970.0,0.1545,-0.1307,0.0014,-2.6037,2.1769,-0.1097
2026-09-11T17:04:13Z,2026-09-11 17:03:31,SPXW,2026-09-17,C,7505.0,7668.2998,169.1,1.0,182.8,4.0,119.4,0.0,21.0,0.1556,0.864,0.0014,-2.6615,2.2352,0.7074
2026-09-11T17:04:13Z,2026-09-11 17:03:31,SPXW,2026-09-17,P,7505.0,7668.2998,10.4,24.0,10.5,17.0,10.9,85.0,47.0,0.1532,-0.1359,0.0014,-2.6615,2.2352,-0.1142
2026-09-11T17:04:13Z,2026-09-11 17:03:31,SPXW,2026-09-17,C,7510.0,7668.2998,164.6,1.0,177.1,1.0,127.98,0.0,9.0,0.1518,0.8585,0.0015,-2.72,2.2944,0.7032
2026-09-11T17:04:13Z,2026-09-11 17:03:31,SPXW,2026-09-17,P,7510.0,7668.2998,10.8,62.0,11.0,56.0,10.84,112.0,178.0,0.1522,-0.1414,0.0015,-2.72,2.2944,-0.1189
2026-09-11T17:04:13Z,2026-09-11 17:03:31,SPXW,2026-09-17,C,7515.0,7668.2998,158.9,1.0,172.6,1.0,170.23,9.0,13.0,0.1481,0.8528,0.0015,-2.7792,2.3541,0.6988
2026-09-11T17:04:13Z,2026-09-11 17:03:31,SPXW,2026-09-17,P,7515.0,7668.2998,11.3,23.0,11.5,49.0,12.4,29.0,99.0,0.1509,-0.1472,0.0015,-2.7792,2.3541,-0.1238
2026-09-11T17:04:13Z,2026-09-11 17:03:31,SPXW,2026-09-17,C,7520.0,7668.2998,154.4,1.0,168.8,1.0,122.42,0.0,21.0,0.1485,0.8467,0.0016,-2.8389,2.4144,0.6943
2026-09-11T17:04:13Z,2026-09-11 17:03:31,SPXW,2026-09-17,P,7520.0,7668.2998,11.8,23.0,11.9,10.0,13.2,63.0,277.0,0.1496,-0.1532,0.0016,-2.8389,2.4144,-0.1289
2026-09-11T17:04:13Z,2026-09-11 17:03:31,SPXW,2026-09-17,C,7525.0,7668.2998,149.9,1.0,164.1,1.0,156.19,15.0,33.0,0.1469,0.8404,0.0016,-2.8991,2.4758,0.6896
2026-09-11T17:04:13Z,2026-09-11 17:03:31,SPXW,2026-09-17,P,7525.0,7668.2998,12.3,50.0,12.5,53.0,13.4,63.0,398.0,0.1485,-0.1595,0.0016,-2.8991,2.4758,-0.1342
2026-09-11T17:04:13Z,2026-09-11 17:03:31,SPXW,2026-09-17,C,7530.0,7668.2998,146.6,1.0,159.6,1.0,156.89,1.0,12.0,0.148,0.8339,0.0017,-2.9597,2.5386,0.6846
2026-09-11T17:04:13Z,2026-09-11 17:03:31,SPXW,2026-09-17,P,7530.0,7668.2998,12.9,6.0,13.0,28.0,13.21,74.0,204.0,0.1474,-0.1661,0.0017,-2.9597,2.5386,-0.1397
2026-09-11T17:04:13Z,2026-09-11 17:03:31,SPXW,2026-09-17,C,7535.0,7668.2998,142.2,1.0,154.7,1.0,109.01,0.0,9.0,0.1459,0.827,0.0018,-3.0205,2.6029,0.6794
2026-09-11T17:04:13Z,2026-09-11 17:03:31,SPXW,2026-09-17,P,7535.0,7668.2998,13.4,59.0,13.6,53.0,14.6,47.0,155.0,0.1461,-0.1729,0.0018,-3.0205,2.6029,-0.1455
2026-09-11T17:04:13Z,2026-09-11 17:03:31,SPXW,2026-09-17,C,7540.0,7668.2998,136.7,1.0,150.3,1.0,108.2,0.0,15.0,0.1426,0.8199,0.0018,-3.0813,2.668,0.6738
2026-09-11T17:04:13Z,2026-09-11 17:03:31,SPXW,2026-09-17,P,7540.0,7668.2998,14.0,59.0,14.2,53.0,14.9,41.0,510.0,0.1449,-0.1801,0.0018,-3.0813,2.668,-0.1516
2026-09-11T17:04:13Z,2026-09-11 17:03:31,SPXW,2026-09-17,C,7545.0,7668.2998,132.3,4.0,146.5,3.0,95.66,0.0,56.0,0.1425,0.8124,0.0019,-3.142,2.7334,0.6679
2026-09-11T17:04:13Z,2026-09-11 17:03:31,SPXW,2026-09-17,P,7545.0,7668.2998,14.6,58.0,14.8,21.0,15.0,42.0,75.0,0.1438,-0.1875,0.0019,-3.142,2.7334,-0.158
2026-09-11T17:04:13Z,2026-09-11 17:03:31,SPXW,2026-09-17,C,7550.0,7668.2998,127.9,3.0,142.3,1.0,134.97,1.0,78.0,0.1415,0.8047,0.0019,-3.2025,2.7985,0.6618
2026-09-11T17:04:13Z,2026-09-11 17:03:31,SPXW,2026-09-17,P,7550.0,7668.2998,15.3,55.0,15.5,50.0,16.3,119.0,427.0,0.1424,-0.1953,0.0019,-3.2025,2.7985,-0.1647
2026-09-11T17:04:13Z,2026-09-11 17:03:31,SPXW,2026-09-17,C,7555.0,7668.2998,123.7,3.0,136.2,1.0,91.0,0.0,17.0,0.1373,0.7966,0.002,-3.2626,2.8637,0.6556
2026-09-11T17:04:13Z,2026-09-11 17:03:31,SPXW,2026-09-17,P,7555.0,7668.2998,16.0,28.0,16.2,47.0,16.6,23.0,58.0,0.1413,-0.2034,0.002,-3.2626,2.8637,-0.1715
2026-09-11T17:04:13Z,2026-09-11 17:03:31,SPXW,2026-09-17,C,7560.0,7668.2998,119.4,3.0,131.9,1.0,118.34,29.0,34.0,0.1361,0.7882,0.0021,-3.3221,2.9294,0.649
2026-09-11T17:04:13Z,2026-09-11 17:03:31,SPXW,2026-09-17,P,7560.0,7668.2998,16.7,53.0,16.9,19.0,16.71,74.0,246.0,0.1404,-0.2118,0.0021,-3.3221,2.9294,-0.1786
2026-09-11T17:04:13Z,2026-09-11 17:03:31,SPXW,2026-09-17,C,7565.0,7668.2998,115.2,4.0,127.8,1.0,121.94,23.0,17.0,0.1353,0.7794,0.0021,-3.3807,2.996,0.6422
2026-09-11T17:04:13Z,2026-09-11 17:03:31,SPXW,2026-09-17,P,7565.0,7668.2998,17.5,26.0,17.7,48.0,17.9,37.0,77.0,0.139,-0.2206,0.0021,-3.3807,2.996,-0.186
2026-09-11T17:04:13Z,2026-09-11 17:03:31,SPXW,2026-09-17,C,7570.0,7668.2998,111.0,4.0,125.2,4.0,117.96,16.0,76.0,0.1369,0.7703,0.0022,-3.4383,3.063,0.6349
2026-09-11T17:04:13Z,2026-09-11 17:03:31,SPXW,2026-09-17,P,7570.0,7668.2998,18.3,26.0,18.5,48.0,19.0,51.0,96.0,0.1378,-0.2297,0.0022,-3.4383,3.063,-0.1938
2026-09-11T17:04:13Z,2026-09-11 17:03:31,SPXW,2026-09-17,C,7575.0,7668.2998,108.0,1.0,119.3,1.0,76.2,0.0,52.0,0.1348,0.7608,0.0023,-3.4944,3.1294,0.6272
2026-09-11T17:04:13Z,2026-09-11 17:03:31,SPXW,2026-09-17,P,7575.0,7668.2998,19.1,54.0,19.3,14.0,21.1,51.0,295.0,0.1369,-0.2392,0.0023,-3.4944,3.1294,-0.202
2026-09-11T17:04:13Z,2026-09-11 17:03:31,SPXW,2026-09-17,C,7580.0,7668.2998,108.4,1.0,111.7,1.0,109.79,6.0,202.0,0.1362,0.7509,0.0023,-3.5489,3.1945,0.6193
2026-09-11T17:04:13Z,2026-09-11 17:03:31,SPXW,2026-09-17,P,7580.0,7668.2998,20.0,54.0,20.2,18.0,20.8,64.0,535.0,0.1356,-0.2491,0.0023,-3.5489,3.1945,-0.2105
2026-09-11T17:04:13Z,2026-09-11 17:03:31,SPXW,2026-09-17,C,7585.0,7668.2998,104.3,1.0,107.6,1.0,110.62,18.0,54.0,0.1351,0.7406,0.0024,-3.6016,3.2584,0.6112
2026-09-11T17:04:13Z,2026-09-11 17:03:31,SPXW,2026-09-17,P,7585.0,7668.2998,20.9,53.0,21.2,53.0,21.31,60.0,149.0,0.1345,-0.2593,0.0024,-3.6016,3.2584,-0.2191
2026-09-11T17:04:13Z,2026-09-11 17:03:31,SPXW,2026-09-17,C,7590.0,7668.2998,100.3,1.0,103.6,1.0,99.5,7.0,60.0,0.1338,0.73,0.0025,-3.6521,3.3218,0.6028
2026-09-11T17:04:13Z,2026-09-11 17:03:31,SPXW,2026-09-17,P,7590.0,7668.2998,21.9,48.0,22.1,17.0,22.18,47.0,123.0,0.1333,-0.27,0.0025,-3.6521,3.3218,-0.2281
2026-09-11T17:04:13Z,2026-09-11 17:03:31,SPXW,2026-09-17,C,7595.0,7668.2998,96.3,1.0,99.6,1.0,98.37,33.0,134.0,0.1326,0.7189,0.0026,-3.7001,3.3848,0.594
2026-09-11T17:04:13Z,2026-09-11 17:03:31,SPXW,2026-09-17,P,7595.0,7668.2998,22.9,51.0,23.2,52.0,24.8,79.0,265.0,0.1322,-0.281,0.0026,-3.7001,3.3848,-0.2375
2026-09-11T17:04:13Z,2026-09-11 17:03:31,SPXW,2026-09-17,C,7600.0,7668.2998,92.3,1.0,95.7,1.0,91.7,20.0,137.0,0.1314,0.7075,0.0026,-3.7453,3.4467,0.5846
2026-09-11T17:04:13Z,2026-09-11 17:03:31,SPXW,2026-09-17,P,7600.0,7668.2998,24.0,43.0,24.2,17.0,25.76,1161.0,1270.0,0.131,-0.2925,0.0026,-3.7453,3.4467,-0.2474
2026-09-11T17:04:13Z,2026-09-11 17:03:31,SPXW,2026-09-17,C,7605.0,7668.2998,90.1,2.0,90.4,2.0,90.3,3.0,24.0,0.1301,0.6956,0.0027,-3.7872,3.5064,0.575
2026-09-11T17:04:13Z,2026-09-11 17:03:31,SPXW,2026-09-17,P,7605.0,7668.2998,25.1,41.0,25.4,49.0,27.59,31.0,69.0,0.1298,-0.3043,0.0027,-3.7872,3.5064,-0.2576
2026-09-11T17:04:13Z,2026-09-11 17:03:31,SPXW,2026-09-17,C,7610.0,7668.2998,86.3,2.0,86.6,2.0,84.15,4.0,85.0,0.129,0.6833,0.0028,-3.8256,3.5633,0.5651
2026-09-11T17:04:13Z,2026-09-11 17:03:31,SPXW,2026-09-17,P,7610.0,7668.2998,26.3,41.0,26.5,15.0,26.23,83.0,280.0,0.1287,-0.3166,0.0028,-3.8256,3.5633,-0.268
2026-09-11T17:04:13Z,2026-09-11 17:03:31,SPXW,2026-09-17,C,7615.0,7668.2998,82.5,3.0,82.8,3.0,87.3,17.0,113.0,0.1278,0.6706,0.0028,-3.8602,3.6177,0.5549
2026-09-11T17:04:13Z,2026-09-11 17:03:31,SPXW,2026-09-17,P,7615.0,7668.2998,27.5,41.0,27.8,49.0,29.33,29.0,60.0,0.1275,-0.3293,0.0028,-3.8602,3.6177,-0.2787
2026-09-11T17:04:13Z,2026-09-11 17:03:31,SPXW,2026-09-17,C,7620.0,7668.2998,78.8,3.0,79.1,3.0,73.6,1.0,50.0,0.1267,0.6575,0.0029,-3.8906,3.6701,0.5443
2026-09-11T17:04:13Z,2026-09-11 17:03:31,SPXW,2026-09-17,P,7620.0,7668.2998,28.8,39.0,29.0,14.0,29.01,134.0,75.0,0.1264,-0.3424,0.0029,-3.8906,3.6701,-0.2899
2026-09-11T17:04:13Z,2026-09-11 17:03:31,SPXW,2026-09-17,C,7625.0,7668.2998,75.2,4.0,75.5,4.0,72.8,7.0,125.0,0.1254,0.644,0.003,-3.9164,3.7201,0.5332
2026-09-11T17:04:13Z,2026-09-11 17:03:31,SPXW,2026-09-17,P,7625.0,7668.2998,30.1,47.0,30.4,14.0,29.08,145.0,609.0,0.1252,-0.356,0.003,-3.9164,3.7201,-0.3016
2026-09-11T17:04:13Z,2026-09-11 17:03:31,SPXW,2026-09-17,C,7630.0,7668.2998,71.6,5.0,71.8,5.0,69.37,20.0,74.0,0.1245,0.63,0.0031,-3.9371,3.7665,0.5216
2026-09-11T17:04:13Z,2026-09-11 17:03:31,SPXW,2026-09-17,P,7630.0,7668.2998,31.6,7.0,31.8,12.0,31.44,132.0,209.0,0.124,-0.37,0.0031,-3.9371,3.7665,-0.3136
2026-09-11T17:04:13Z,2026-09-11 17:03:31,SPXW,2026-09-17,C,7635.0,7668.2998,68.1,5.0,68.4,26.0,72.0,2.0,26.0,0.1231,0.6156,0.0031,-3.9524,3.8084,0.5099
2026-09-11T17:04:13Z,2026-09-11 17:03:31,SPXW,2026-09-17,P,7635.0,7668.2998,33.0,41.0,33.3,12.0,32.92,88.0,49.0,0.1228,-0.3844,0.0031,-3.9524,3.8084,-0.3259
2026-09-11T17:04:13Z,2026-09-11 17:03:31,SPXW,2026-09-17,C,7640.0,7668.2998,64.6,5.0,64.9,5.0,67.17,15.0,26.0,0.1221,0.6008,0.0032,-3.9621,3.846,0.4979
2026-09-11T17:04:13Z,2026-09-11 17:03:31,SPXW,2026-09-17,P,7640.0,7668.2998,34.6,36.0,34.8,12.0,36.01,41.0,178.0,0.1218,-0.3992,0.0032,-3.9621,3.846,-0.3384
2026-09-11T17:04:13Z,2026-09-11 17:03:31,SPXW,2026-09-17,C,7645.0,7668.2998,61.2,29.0,61.5,10.0,63.78,27.0,58.0,0.1209,0.5855,0.0032,-3.9658,3.8797,0.4855
2026-09-11T17:04:13Z,2026-09-11 17:03:31,SPXW,2026-09-17,P,7645.0,7668.2998,36.2,41.0,36.5,17.0,35.95,25.0,121.0,0.1206,-0.4145,0.0032,-3.9658,3.8797,-0.3514
2026-09-11T17:04:13Z,2026-09-11 17:03:31,SPXW,2026-09-17,C,7650.0,7668.2998,57.9,29.0,58.2,10.0,62.4,50.0,210.0,0.1197,0.5699,0.0033,-3.963,3.9087,0.4725
2026-09-11T17:04:13Z,2026-09-11 17:03:31,SPXW,2026-09-17,P,7650.0,7668.2998,37.9,40.0,38.2,20.0,39.0,2405.0,1458.0,0.1195,-0.4301,0.0033,-3.963,3.9087,-0.365
2026-09-11T17:04:13Z,2026-09-11 17:03:31,SPXW,2026-09-17,C,7655.0,7668.2998,54.7,30.0,55.0,15.0,54.8,399.0,56.0,0.1187,0.5538,0.0033,-3.9534,3.9321,0.4592
2026-09-11T17:04:13Z,2026-09-11 17:03:31,SPXW,2026-09-17,P,7655.0,7668.2998,39.7,34.0,39.9,11.0,38.48,158.0,56.0,0.1184,-0.4462,0.0033,-3.9534,3.9321,-0.3788
2026-09-11T17:04:13Z,2026-09-11 17:03:31,SPXW,2026-09-17,C,7660.0,7668.2998,51.6,6.0,51.9,18.0,51.9,165.0,122.0,0.1176,0.5374,0.0034,-3.9369,3.9495,0.4458
2026-09-11T17:04:13Z,2026-09-11 17:03:31,SPXW,2026-09-17,P,7660.0,7668.2998,41.6,6.0,41.8,11.0,43.17,308.0,149.0,0.1172,-0.4626,0.0034,-3.9369,3.9495,-0.3928
2026-09-11T17:04:13Z,2026-09-11 17:03:31,SPXW,2026-09-17,C,7665.0,7668.2998,48.5,34.0,48.8,15.0,47.08,71.0,80.0,0.1164,0.5206,0.0034,-3.9132,3.9608,0.4321
2026-09-11T17:04:13Z,2026-09-11 17:03:31,SPXW,2026-09-17,P,7665.0,7668.2998,43.5,38.0,43.8,11.0,46.0,95.0,43.0,0.1162,-0.4794,0.0034,-3.9132,3.9608,-0.407
2026-09-11T17:04:13Z,2026-09-11 17:03:31,SPXW,2026-09-17,C,7670.0,7668.2998,45.6,6.0,45.9,19.0,44.76,84.0,775.0,0.1153,0.5034,0.0035,-3.882,3.9657,0.4178
2026-09-11T17:04:13Z,2026-09-11 17:03:31,SPXW,2026-09-17,P,7670.0,7668.2998,45.5,38.0,45.8,11.0,47.12,197.0,344.0,0.115,-0.4966,0.0035,-3.882,3.9657,-0.4219
2026-09-11T17:04:13Z,2026-09-11 17:03:31,SPXW,2026-09-17,C,7675.0,7668.2998,42.7,35.0,43.0,16.0,43.02,2387.0,1569.0,0.1143,0.4859,0.0035,-3.843,3.9636,0.4032
2026-09-11T17:04:13Z,2026-09-11 17:03:31,SPXW,2026-09-17,P,7675.0,7668.2998,47.7,24.0,47.9,6.0,49.86,2617.0,1676.0,0.114,-0.514,0.0035,-3.843,3.9636,-0.437
2026-09-11T17:04:13Z,2026-09-11 17:03:31,SPXW,2026-09-17,C,7680.0,7668.2998,40.0,6.0,40.2,16.0,39.16,32.0,728.0,0.1132,0.4682,0.0035,-3.7964,3.9543,0.3886
2026-09-11T17:04:13Z,2026-09-11 17:03:31,SPXW,2026-09-17,P,7680.0,7668.2998,49.9,34.0,50.2,10.0,52.14,20.0,174.0,0.113,-0.5318,0.0035,-3.7964,3.9543,-0.4521
2026-09-11T17:04:13Z,2026-09-11 17:03:31,SPXW,2026-09-17,C,7685.0,7668.2998,37.3,6.0,37.6,44.0,40.82,33.0,66.0,0.1121,0.4502,0.0035,-3.7419,3.9375,0.3739
2026-09-11T17:04:13Z,2026-09-11 17:03:31,SPXW,2026-09-17,P,7685.0,7668.2998,52.2,32.0,52.5,10.0,54.1,9.0,63.0,0.1119,-0.5498,0.0035,-3.7419,3.9375,-0.4674
2026-09-11T17:04:13Z,2026-09-11 17:03:31,SPXW,2026-09-17,C,7690.0,7668.2998,34.7,35.0,35.0,19.0,37.0,85.0,325.0,0.1111,0.4319,0.0036,-3.6797,3.9125,0.3587
2026-09-11T17:04:13Z,2026-09-11 17:03:31,SPXW,2026-09-17,P,7690.0,7668.2998,54.6,29.0,54.9,10.0,57.1,16.0,286.0,0.1108,-0.568,0.0036,-3.6797,3.9125,-0.4832
2026-09-11T17:04:13Z,2026-09-11 17:03:31,SPXW,2026-09-17,C,7695.0,7668.2998,32.3,7.0,32.5,19.0,33.05,36.0,118.0,0.1102,0.4136,0.0036,-3.6097,3.8792,0.3433
2026-09-11T17:04:13Z,2026-09-11 17:03:31,SPXW,2026-09-17,P,7695.0,7668.2998,57.2,6.0,57.5,12.0,59.4,134.0,206.0,0.11,-0.5864,0.0036,-3.6097,3.8792,-0.4991
2026-09-11T17:04:13Z,2026-09-11 17:03:31,SPXW,2026-09-17,C,7700.0,7668.2998,29.9,39.0,30.1,7.0,28.2,2424.0,994.0,0.1092,0.3951,0.0035,-3.532,3.8382,0.3281
2026-09-11T17:04:13Z,2026-09-11 17:03:31,SPXW,2026-09-17,P,7700.0,7668.2998,59.8,5.0,60.1,5.0,57.8,60.0,268.0,0.1089,-0.6049,0.0035,-3.532,3.8382,-0.5148
2026-09-11T17:04:13Z,2026-09-11 17:03:31,SPXW,2026-09-17,C,7705.0,7668.2998,27.6,37.0,27.9,23.0,26.9,155.0,250.0,0.1082,0.3765,0.0035,-3.4472,3.7892,0.3128
2026-09-11T17:04:13Z,2026-09-11 17:03:31,SPXW,2026-09-17,P,7705.0,7668.2998,62.6,5.0,62.9,5.0,65.7,32.0,118.0,0.1079,-0.6235,0.0035,-3.4472,3.7892,-0.5307
2026-09-11T17:04:13Z,2026-09-11 17:03:31,SPXW,2026-09-17,C,7710.0,7668.2998,25.5,40.0,25.7,14.0,28.24,95.0,169.0,0.1073,0.358,0.0035,-3.3553,3.7308,0.2972
2026-09-11T17:04:13Z,2026-09-11 17:03:31,SPXW,2026-09-17,P,7710.0,7668.2998,65.4,4.0,65.7,4.0,68.16,5.0,132.0,0.1071,-0.642,0.0035,-3.3553,3.7308,-0.5468
2026-09-11T17:04:13Z,2026-09-11 17:03:31,SPXW,2026-09-17,C,7715.0,7668.2998,23.4,41.0,23.7,49.0,22.8,23.0,150.0,0.1064,0.3395,0.0034,-3.2566,3.664,0.2818
2026-09-11T17:04:13Z,2026-09-11 17:03:31,SPXW,2026-09-17,P,7715.0,7668.2998,68.3,3.0,68.7,3.0,69.44,12.0,157.0,0.106,-0.6605,0.0034,-3.2566,3.664,-0.5628
2026-09-11T17:04:13Z,2026-09-11 17:03:31,SPXW,2026-09-17,C,7720.0,7668.2998,21.5,42.0,21.8,50.0,23.65,74.0,175.0,0.1054,0.3211,0.0034,-3.1518,3.5905,0.2667
2026-09-11T17:04:13Z,2026-09-11 17:03:31,SPXW,2026-09-17,P,7720.0,7668.2998,71.4,3.0,71.7,3.0,73.2,16.0,113.0,0.1053,-0.6788,0.0034,-3.1518,3.5905,-0.5784
2026-09-11T17:04:13Z,2026-09-11 17:03:31,SPXW,2026-09-17,C,7725.0,7668.2998,19.7,40.0,19.9,26.0,19.1,51.0,718.0,0.1047,0.303,0.0034,-3.0413,3.509,0.2516
2026-09-11T17:04:13Z,2026-09-11 17:03:31,SPXW,2026-09-17,P,7725.0,7668.2998,73.0,1.0,76.6,1.0,86.5,96.0,106.0,0.1041,-0.697,0.0034,-3.0413,3.509,-0.5941
2026-09-11T17:04:13Z,2026-09-11 17:03:31,SPXW,2026-09-17,C,7730.0,7668.2998,18.0,8.0,18.2,54.0,18.1,72.0,292.0,0.1038,0.2851,0.0033,-2.9258,3.4185,0.2365
2026-09-11T17:04:13Z,2026-09-11 17:03:31,SPXW,2026-09-17,P,7730.0,7668.2998,76.3,1.0,79.7,1.0,80.92,19.0,96.0,0.1029,-0.7149,0.0033,-2.9258,3.4185,-0.6097
2026-09-11T17:04:13Z,2026-09-11 17:03:31,SPXW,2026-09-17,C,7735.0,7668.2998,16.3,50.0,16.6,54.0,16.2,379.0,145.0,0.103,0.2675,0.0032,-2.8057,3.3216,0.222
2026-09-11T17:04:13Z,2026-09-11 17:03:31,SPXW,2026-09-17,P,7735.0,7668.2998,79.7,1.0,83.0,1.0,145.14,0.0,35.0,0.1021,-0.7324,0.0032,-2.8057,3.3216,-0.6248
2026-09-11T17:04:13Z,2026-09-11 17:03:31,SPXW,2026-09-17,C,7740.0,7668.2998,14.8,52.0,15.0,12.0,14.7,341.0,155.0,0.1023,0.2503,0.0031,-2.6819,3.2197,0.2078
2026-09-11T17:04:13Z,2026-09-11 17:03:31,SPXW,2026-09-17,P,7740.0,7668.2998,83.2,1.0,86.5,1.0,94.75,2.0,116.0,0.1014,-0.7496,0.0031,-2.6819,3.2197,-0.6395
2026-09-11T17:04:13Z,2026-09-11 17:03:31,SPXW,2026-09-17,C,7745.0,7668.2998,13.4,53.0,13.6,32.0,13.0,98.0,170.0,0.1015,0.2336,0.003,-2.5551,3.1106,0.1937
2026-09-11T17:04:13Z,2026-09-11 17:03:31,SPXW,2026-09-17,P,7745.0,7668.2998,84.0,1.0,92.6,1.0,164.94,0.0,27.0,0.1011,-0.7664,0.003,-2.5551,3.1106,-0.6542
2026-09-11T17:04:13Z,2026-09-11 17:03:31,SPXW,2026-09-17,C,7750.0,7668.2998,12.1,48.0,12.3,32.0,13.8,168.0,828.0,0.1008,0.2173,0.0029,-2.426,2.9953,0.1801
2026-09-11T17:04:13Z,2026-09-11 17:03:31,SPXW,2026-09-17,P,7750.0,7668.2998,87.5,3.0,96.0,1.0,94.5,13.0,169.0,0.0996,-0.7826,0.0029,-2.426,2.9953,-0.6683
2026-09-11T17:04:13Z,2026-09-11 17:03:31,SPXW,2026-09-17,C,7755.0,7668.2998,10.9,50.0,11.1,59.0,13.0,72.0,93.0,0.1,0.2016,0.0028,-2.2955,2.8772,0.1672
2026-09-11T17:04:13Z,2026-09-11 17:03:31,SPXW,2026-09-17,P,7755.0,7668.2998,91.6,3.0,100.0,1.0,162.01,0.0,25.0,0.0998,-0.7984,0.0028,-2.2955,2.8772,-0.6818
2026-09-11T17:04:13Z,2026-09-11 17:03:31,SPXW,2026-09-17,C,7760.0,7668.2998,9.8,51.0,10.0,67.0,10.28,61.0,594.0,0.0994,0.1864,0.0027,-2.1645,2.7555,0.1545
2026-09-11T17:04:13Z,2026-09-11 17:03:31,SPXW,2026-09-17,P,7760.0,7668.2998,95.6,3.0,103.9,1.0,105.79,2.0,100.0,0.0994,-0.8135,0.0027,-2.1645,2.7555,-0.695
2026-09-11T17:04:13Z,2026-09-11 17:03:31,SPXW,2026-09-17,C,7765.0,7668.2998,8.7,65.0,8.9,26.0,9.1,40.0,115.0,0.0989,0.1719,0.0026,-2.0337,2.629,0.1423
2026-09-11T17:04:13Z,2026-09-11 17:03:31,SPXW,2026-09-17,P,7765.0,7668.2998,99.3,1.0,108.0,3.0,163.72,0.0,26.0,0.0986,-0.828,0.0026,-2.0337,2.629,-0.7078
2026-09-11T17:04:13Z,2026-09-11 17:03:31,SPXW,2026-09-17,C,7770.0,7668.2998,7.8,60.0,8.0,72.0,8.0,89.0,1141.0,0.0981,0.158,0.0025,-1.904,2.5012,0.1309
2026-09-11T17:04:13Z,2026-09-11 17:03:31,SPXW,2026-09-17,P,7770.0,7668.2998,103.4,3.0,112.0,3.0,107.88,10.0,62.0,0.098,-0.8419,0.0025,-1.904,2.5012,-0.7197
2026-09-11T17:04:13Z,2026-09-11 17:03:31,SPXW,2026-09-17,C,7775.0,7668.2998,6.9,69.0,7.1,37.0,8.3,128.0,477.0,0.0978,0.1448,0.0023,-1.7762,2.3733,0.1198
2026-09-11T17:04:13Z,2026-09-11 17:03:31,SPXW,2026-09-17,P,7775.0,7668.2998,107.5,1.0,116.1,1.0,137.48,0.0,57.0,0.0972,-0.8551,0.0023,-1.7762,2.3733,-0.7313
2026-09-11T17:04:13Z,2026-09-11 17:03:31,SPXW,2026-09-17,C,7780.0,7668.2998,6.2,47.0,6.3,34.0,6.85,74.0,121.0,0.0972,0.1323,0.0022,-1.6512,2.2438,0.1094
2026-09-11T17:04:13Z,2026-09-11 17:03:31,SPXW,2026-09-17,P,7780.0,7668.2998,109.6,3.0,122.5,1.0,110.24,0.0,39.0,0.0968,-0.8676,0.0022,-1.6512,2.2438,-0.7423
2026-09-11T17:04:13Z,2026-09-11 17:03:31,SPXW,2026-09-17,C,7785.0,7668.2998,5.5,6.0,5.6,52.0,4.96,68.0,151.0,0.0968,0.1206,0.0021,-1.5297,2.1144,0.0997
2026-09-11T17:04:13Z,2026-09-11 17:03:31,SPXW,2026-09-17,P,7785.0,7668.2998,113.8,4.0,127.1,1.0,189.4,0.0,9.0,0.0969,-0.8794,0.0021,-1.5297,2.1144,-0.7526
2026-09-11T17:04:13Z,2026-09-11 17:03:31,SPXW,2026-09-17,C,7790.0,7668.2998,4.8,87.0,5.0,90.0,5.79,50.0,230.0,0.0961,0.1095,0.002,-1.4123,1.9876,0.0905
2026-09-11T17:04:13Z,2026-09-11 17:03:31,SPXW,2026-09-17,P,7790.0,7668.2998,118.2,4.0,131.5,1.0,196.95,0.0,25.0,0.0967,-0.8904,0.002,-1.4123,1.9876,-0.7623
2026-09-11T17:04:13Z,2026-09-11 17:03:31,SPXW,2026-09-17,C,7795.0,7668.2998,4.3,8.0,4.4,95.0,4.95,59.0,187.0,0.0958,0.0992,0.0018,-1.2999,1.8627,0.0818
2026-09-11T17:04:13Z,2026-09-11 17:03:31,SPXW,2026-09-17,P,7795.0,7668.2998,122.5,4.0,136.1,1.0,88.6,0.0,5.0,0.0965,-0.9007,0.0018,-1.2999,1.8627,-0.7715
2026-09-11T17:04:13Z,2026-09-11 17:03:31,SPXW,2026-09-17,C,7800.0,7668.2998,3.7,103.0,3.9,98.0,3.7,1325.0,1593.0,0.0955,0.0897,0.0017,-1.1927,1.7399,0.074
2026-09-11T17:04:13Z,2026-09-11 17:03:31,SPXW,2026-09-17,P,7800.0,7668.2998,127.2,3.0,140.6,1.0,132.81,4.0,86.0,0.0969,-0.9103,0.0017,-1.1927,1.7399,-0.7799
2026-09-11T17:04:13Z,2026-09-11 17:03:31,SPXW,2026-09-17,C,7805.0,7668.2998,3.3,47.0,3.4,51.0,4.1,1243.0,395.0,0.0949,0.0809,0.0016,-1.0914,1.6217,0.0667
2026-09-11T17:04:13Z,2026-09-11 17:03:31,SPXW,2026-09-17,P,7805.0,7668.2998,131.5,4.0,145.2,3.0,136.52,1.0,1.0,0.0961,-0.9191,0.0016,-1.0914,1.6217,-0.7877
2026-09-11T17:04:13Z,2026-09-11 17:03:31,SPXW,2026-09-17,C,7810.0,7668.2998,2.9,8.0,3.0,55.0,2.9,112.0,274.0,0.0947,0.0728,0.0015,-0.9962,1.508,0.0599
2026-09-11T17:04:13Z,2026-09-11 17:03:31,SPXW,2026-09-17,P,7810.0,7668.2998,136.0,5.0,149.8,1.0,142.35,1.0,12.0,0.0957,-0.9272,0.0015,-0.9962,1.508,-0.7951
2026-09-11T17:04:13Z,2026-09-11 17:03:31,SPXW,2026-09-17,C,7815.0,7668.2998,2.55,8.0,2.65,107.0,2.57,47.0,179.0,0.0946,0.0654,0.0014,-0.9075,1.3987,0.0538
2026-09-11T17:04:13Z,2026-09-11 17:03:31,SPXW,2026-09-17,P,7815.0,7668.2998,140.7,1.0,154.3,1.0,145.62,1.0,2.0,0.0952,-0.9346,0.0014,-0.9075,1.3987,-0.8018
2026-09-11T17:04:13Z,2026-09-11 17:03:31,SPXW,2026-09-17,C,7820.0,7668.2998,2.2,103.0,2.3,36.0,2.25,51.0,232.0,0.0941,0.0586,0.0012,-0.8253,1.295,0.0483
2026-09-11T17:04:13Z,2026-09-11 17:03:31,SPXW,2026-09-17,P,7820.0,7668.2998,145.9,1.0,159.0,1.0,214.79,0.0,16.0,0.0974,-0.9413,0.0012,-0.8253,1.295,-0.8078
2026-09-11T17:04:13Z,2026-09-11 17:03:31,SPXW,2026-09-17,C,7825.0,7668.2998,1.9,133.0,2.0,20.0,2.65,119.0,515.0,0.0942,0.0526,0.0011,-0.7497,1.1975,0.0432
2026-09-11T17:04:13Z,2026-09-11 17:03:31,SPXW,2026-09-17,P,7825.0,7668.2998,150.0,3.0,163.7,1.0,166.35,2.0,65.0,0.0946,-0.9474,0.0011,-0.7497,1.1975,-0.8134
2026-09-11T17:04:13Z,2026-09-11 17:03:31,SPXW,2026-09-17,C,7830.0,7668.2998,1.7,65.0,1.8,111.0,1.75,52.0,238.0,0.0941,0.0471,0.001,-0.6806,1.106,0.0386
2026-09-11T17:04:13Z,2026-09-11 17:03:31,SPXW,2026-09-17,P,7830.0,7668.2998,154.9,1.0,168.2,1.0,0.0,0.0,3.0,0.094,-0.9528,0.001,-0.6806,1.106,-0.8185
2026-09-11T17:04:13Z,2026-09-11 17:03:31,SPXW,2026-09-17,C,7835.0,7668.2998,1.45,171.0,1.55,22.0,2.05,43.0,247.0,0.0939,0.0422,0.001,-0.6179,1.0206,0.0346
2026-09-11T17:04:13Z,2026-09-11 17:03:31,SPXW,2026-09-17,P,7835.0,7668.2998,160.5,1.0,172.7,1.0,0.0,0.0,0.0,0.0969,-0.9577,0.001,-0.6179,1.0206,-0.8231
2026-09-11T17:04:13Z,2026-09-11 17:03:31,SPXW,2026-09-17,C,7840.0,7668.2998,1.3,152.0,1.35,8.0,1.35,69.0,202.0,0.0941,0.0379,0.0009,-0.5613,0.9416,0.031
2026-09-11T17:04:13Z,2026-09-11 17:03:31,SPXW,2026-09-17,P,7840.0,7668.2998,164.3,3.0,177.7,1.0,232.47,0.0,25.0,0.0921,-0.9621,0.0009,-0.5613,0.9416,-0.8272
2026-09-11T17:04:13Z,2026-09-11 17:03:31,SPXW,2026-09-17,C,7845.0,7668.2998,1.15,162.0,1.2,8.0,1.4,46.0,193.0,0.094,0.034,0.0008,-0.5105,0.869,0.0278
2026-09-11T17:04:13Z,2026-09-11 17:03:31,SPXW,2026-09-17,P,7845.0,7668.2998,169.2,3.0,182.9,1.0,0.0,0.0,0.0,0.095,-0.9659,0.0008,-0.5105,0.869,-0.831
2026-09-11T17:04:13Z,2026-09-11 17:03:31,SPXW,2026-09-17,C,7850.0,7668.2998,1.0,188.0,1.1,114.0,1.1,61.0,470.0,0.0944,0.0306,0.0007,-0.4652,0.8026,0.025
2026-09-11T17:04:13Z,2026-09-11 17:03:31,SPXW,2026-09-17,P,7850.0,7668.2998,175.3,1.0,187.8,1.0,143.5,0.0,45.0,0.1034,-0.9694,0.0007,-0.4652,0.8026,-0.8343
2026-09-11T17:04:13Z,2026-09-11 17:03:31,SPXW,2026-09-17,C,7855.0,7668.2998,0.9,152.0,0.95,8.0,1.0,1.0,146.0,0.0945,0.0276,0.0007,-0.4249,0.742,0.0226
2026-09-11T17:04:13Z,2026-09-11 17:03:31,SPXW,2026-09-17,P,7855.0,7668.2998,178.8,3.0,192.1,1.0,247.32,0.0,1.0,0.0895,-0.9723,0.0007,-0.4249,0.742,-0.8373
2026-09-11T17:04:13Z,2026-09-11 17:03:31,SPXW,2026-09-17,C,7860.0,7668.2998,0.8,159.0,0.9,188.0,0.85,5.0,171.0,0.0954,0.025,0.0006,-0.3893,0.6871,0.0204
2026-09-11T17:04:13Z,2026-09-11 17:03:31,SPXW,2026-09-17,P,7860.0,7668.2998,183.7,4.0,197.4,1.0,0.0,0.0,0.0,0.0936,-0.975,0.0006,-0.3893,0.6871,-0.84
2026-09-11T17:04:13Z,2026-09-11 17:03:31,SPXW,2026-09-17,C,7865.0,7668.2998,0.7,209.0,0.8,165.0,0.7,20.0,143.0,0.0956,0.0227,0.0006,-0.3579,0.6376,0.0185
2026-09-11T17:04:13Z,2026-09-11 17:03:31,SPXW,2026-09-17,P,7865.0,7668.2998,188.6,3.0,202.1,1.0,0.0,0.0,0.0,0.0914,-0.9773,0.0006,-0.3579,0.6376,-0.8425
2026-09-11T17:04:13Z,2026-09-11 17:03:31,SPXW,2026-09-17,C,7870.0,7668.2998,0.65,181.0,0.75,187.0,0.7,14.0,144.0,0.0966,0.0207,0.0005,-0.3303,0.593,0.0168
2026-09-11T17:04:13Z,2026-09-11 17:03:31,SPXW,2026-09-17,P,7870.0,7668.2998,193.5,3.0,207.4,1.0,156.04,0.0,2.0,0.0957,-0.9793,0.0005,-0.3303,0.593,-0.8447
2026-09-11T17:04:13Z,2026-09-11 17:03:31,SPXW,2026-09-17,C,7875.0,7668.2998,0.6,58.0,0.65,42.0,0.62,3.0,252.0,0.097,0.0189,0.0005,-0.3061,0.5529,0.0154
2026-09-11T17:04:13Z,2026-09-11 17:03:31,SPXW,2026-09-17,P,7875.0,7668.2998,198.4,2.0,212.2,1.0,159.99,0.0,7.0,0.0942,-0.981,0.0005,-0.3061,0.5529,-0.8467
2026-09-11T17:04:13Z,2026-09-11 17:03:31,SPXW,2026-09-17,C,7880.0,7668.2998,0.55,57.0,0.6,43.0,0.65,6.0,153.0,0.0978,0.0174,0.0004,-0.2849,0.517,0.0142
2026-09-11T17:04:13Z,2026-09-11 17:03:31,SPXW,2026-09-17,P,7880.0,7668.2998,203.6,1.0,216.7,1.0,228.28,0.0,4.0,0.0919,-0.9826,0.0004,-0.2849,0.517,-0.8485
2026-09-11T17:04:13Z,2026-09-11 17:03:31,SPXW,2026-09-17,C,7885.0,7668.2998,0.5,57.0,0.55,33.0,0.72,3.0,255.0,0.0985,0.016,0.0004,-0.2663,0.4846,0.013
2026-09-11T17:04:13Z,2026-09-11 17:03:31,SPXW,2026-09-17,P,7885.0,7668.2998,208.3,1.0,222.0,1.0,0.0,0.0,11.0,0.0938,-0.9839,0.0004,-0.2663,0.4846,-0.8502
2026-09-11T17:04:13Z,2026-09-11 17:03:31,SPXW,2026-09-17,C,7890.0,7668.2998,0.5,8.0,0.55,179.0,0.5,6.0,314.0,0.1004,0.0149,0.0004,-0.25,0.4556,0.0121
2026-09-11T17:04:13Z,2026-09-11 17:03:31,SPXW,2026-09-17,P,7890.0,7668.2998,212.3,1.0,231.3,1.0,0.0,0.0,0.0,0.1247,-0.9851,0.0004,-0.25,0.4556,-0.8517
2026-09-11T17:04:13Z,2026-09-11 17:03:31,SPXW,2026-09-17,C,7895.0,7668.2998,0.45,8.0,0.5,184.0,0.45,6.0,178.0,0.1009,0.0138,0.0004,-0.2357,0.4296,0.0112
2026-09-11T17:04:13Z,2026-09-11 17:03:31,SPXW,2026-09-17,P,7895.0,7668.2998,217.3,2.0,236.3,1.0,0.0,0.0,0.0,0.1258,-0.9861,0.0004,-0.2357,0.4296,-0.8531
2026-09-11T17:04:13Z,2026-09-11 17:03:31,SPXW,2026-09-17,C,7900.0,7668.2998,0.4,133.0,0.45,36.0,0.55,33.0,682.0,0.1013,0.0129,0.0003,-0.2231,0.4062,0.0105
2026-09-11T17:04:13Z,2026-09-11 17:03:31,SPXW,2026-09-17,P,7900.0,7668.2998,222.2,1.0,240.8,1.0,239.35,2.0,20.0,0.1256,-0.9871,0.0003,-0.2231,0.4062,-0.8544
2026-09-11T17:04:13Z,2026-09-11 17:03:31,SPXW,2026-09-17,C,7910.0,7668.2998,0.35,144.0,0.4,38.0,0.4,20.0,160.0,0.1034,0.0114,0.0003,-0.2021,0.3661,0.0092
2026-09-11T17:04:13Z,2026-09-11 17:03:31,SPXW,2026-09-17,P,7910.0,7668.2998,232.2,2.0,250.4,1.0,0.0,0.0,0.0,0.1273,-0.9886,0.0003,-0.2021,0.3661,-0.8567
2026-09-11T17:04:13Z,2026-09-11 17:03:31,SPXW,2026-09-17,C,7920.0,7668.2998,0.3,177.0,0.35,39.0,0.37,11.0,127.0,0.1071,0.0102,0.0002,-0.1855,0.3329,0.0082
2026-09-11T17:04:13Z,2026-09-11 17:03:31,SPXW,2026-09-17,P,7920.0,7668.2998,242.1,1.0,259.8,1.0,0.0,0.0,0.0,0.1261,-0.9898,0.0002,-0.1855,0.3329,-0.8588
2026-09-11T17:04:13Z,2026-09-11 17:03:31,SPXW,2026-09-17,C,7925.0,7668.2998,0.3,153.0,0.35,51.0,0.32,1.0,296.0,0.107,0.0096,0.0002,-0.1784,0.3185,0.0078
2026-09-11T17:04:13Z,2026-09-11 17:03:31,SPXW,2026-09-17,P,7925.0,7668.2998,247.1,1.0,266.1,1.0,246.79,0.0,11.0,0.138,-0.9903,0.0002,-0.1784,0.3185,-0.8598
2026-09-11T17:04:13Z,2026-09-11 17:03:31,SPXW,2026-09-17,C,7930.0,7668.2998,0.3,8.0,0.35,215.0,0.25,0.0,152.0,0.1088,0.0092,0.0002,-0.1721,0.3052,0.0074
2026-09-11T17:04:13Z,2026-09-11 17:03:31,SPXW,2026-09-17,P,7930.0,7668.2998,252.1,1.0,271.1,1.0,0.0,0.0,0.0,0.1402,-0.9908,0.0002,-0.1721,0.3052,-0.8607
2026-09-11T17:04:13Z,2026-09-11 17:03:31,SPXW,2026-09-17,C,7940.0,7668.2998,0.25,243.0,0.3,41.0,0.25,1.0,97.0,0.1101,0.0084,0.0002,-0.1611,0.2818,0.0068
2026-09-11T17:04:13Z,2026-09-11 17:03:31,SPXW,2026-09-17,P,7940.0,7668.2998,262.1,2.0,279.8,1.0,0.0,0.0,0.0,0.1346,-0.9916,0.0002,-0.1611,0.2818,-0.8624
2026-09-11T17:04:13Z,2026-09-11 17:03:31,SPXW,2026-09-17,C,7950.0,7668.2998,0.25,141.0,0.3,225.0,0.3,20.0,3000.0,0.1137,0.0077,0.0002,-0.152,0.2618,0.0062
2026-09-11T17:04:13Z,2026-09-11 17:03:31,SPXW,2026-09-17,P,7950.0,7668.2998,272.1,1.0,290.3,1.0,206.5,0.0,1.0,0.143,-0.9923,0.0002,-0.152,0.2618,-0.8641
2026-09-11T17:04:13Z,2026-09-11 17:03:31,SPXW,2026-09-17,C,7960.0,7668.2998,0.2,269.0,0.3,257.0,0.2,8.0,128.0,0.1159,0.0071,0.0002,-0.1442,0.2443,0.0058
2026-09-11T17:04:13Z,2026-09-11 17:03:31,SPXW,2026-09-17,P,7960.0,7668.2998,282.0,1.0,301.0,1.0,0.0,0.0,0.0,0.1519,-0.9928,0.0002,-0.1442,0.2443,-0.8656
2026-09-11T17:04:13Z,2026-09-11 17:03:31,SPXW,2026-09-17,C,7970.0,7668.2998,0.2,216.0,0.25,44.0,0.3,9.0,39.0,0.1179,0.0066,0.0002,-0.1376,0.229,0.0053
2026-09-11T17:04:13Z,2026-09-11 17:03:31,SPXW,2026-09-17,P,7970.0,7668.2998,292.0,1.0,309.8,1.0,0.0,0.0,0.0,0.1461,-0.9933,0.0002,-0.1376,0.229,-0.8672
2026-09-11T17:04:13Z,2026-09-11 17:03:31,SPXW,2026-09-17,C,7975.0,7668.2998,0.2,162.0,0.25,68.0,0.3,11.0,1550.0,0.1196,0.0064,0.0001,-0.1345,0.222,0.0052
2026-09-11T17:04:13Z,2026-09-11 17:03:31,SPXW,2026-09-17,P,7975.0,7668.2998,297.0,1.0,315.5,1.0,0.0,0.0,0.0,0.1545,-0.9936,0.0001,-0.1345,0.222,-0.8679
2026-09-11T17:04:13Z,2026-09-11 17:03:31,SPXW,2026-09-17,C,8000.0,7668.2998,0.15,260.0,0.25,299.0,0.25,18.0,447.0,0.1265,0.0055,0.0001,-0.1219,0.1923,0.0044
2026-09-11T17:04:13Z,2026-09-11 17:03:31,SPXW,2026-09-17,P,8000.0,7668.2998,322.9,1.0,340.9,1.0,406.17,0.0,1.0,0.1743,-0.9945,0.0001,-0.1219,0.1923,-0.8714
2026-09-11T17:04:13Z,2026-09-11 17:03:31,SPXW,2026-09-17,C,8025.0,7668.2998,0.15,231.0,0.2,204.0,0.15,0.0,176.0,0.1329,0.0048,0.0001,-0.112,0.169,0.0038
2026-09-11T17:04:13Z,2026-09-11 17:03:31,SPXW,2026-09-17,P,8025.0,7668.2998,346.9,1.0,364.3,1.0,0.0,0.0,0.0,0.1616,-0.9952,0.0001,-0.112,0.169,-0.8747
2026-09-11T17:04:13Z,2026-09-11 17:03:31,SPXW,2026-09-17,C,8050.0,7668.2998,0.15,8.0,0.2,278.0,0.2,0.0,308.0,0.141,0.0042,0.0001,-0.1039,0.15,0.0034
2026-09-11T17:04:13Z,2026-09-11 17:03:31,SPXW,2026-09-17,P,8050.0,7668.2998,371.9,1.0,389.2,1.0,0.0,0.0,0.0,0.1701,-0.9958,0.0001,-0.1039,0.15,-0.8779
2026-09-11T17:04:13Z,2026-09-11 17:03:31,SPXW,2026-09-17,C,8075.0,7668.2998,0.1,404.0,0.2,346.0,0.2,0.0,57.0,0.1468,0.0037,0.0001,-0.0969,0.1342,0.003
2026-09-11T17:04:13Z,2026-09-11 17:03:31,SPXW,2026-09-17,P,8075.0,7668.2998,396.9,1.0,414.0,1.0,0.0,0.0,0.0,0.1768,-0.9963,0.0001,-0.0969,0.1342,-0.881
2026-09-11T17:04:13Z,2026-09-11 17:03:31,SPXW,2026-09-17,C,8100.0,7668.2998,0.1,363.0,0.2,551.0,0.17,0.0,184.0,0.1549,0.0033,0.0001,-0.0913,0.1212,0.0027
2026-09-11T17:04:13Z,2026-09-11 17:03:31,SPXW,2026-09-17,P,8100.0,7668.2998,421.9,1.0,439.0,1.0,334.4,0.0,1.0,0.1863,-0.9966,0.0001,-0.0908,0.1209,-0.8841
2026-09-11T17:04:13Z,2026-09-11 17:03:31,SPXW,2026-09-17,C,8125.0,7668.2998,0.1,225.0,0.15,181.0,0.1,0.0,30.0,0.1599,0.003,0.0001,-0.0858,0.1097,0.0024
2026-09-11T17:04:13Z,2026-09-11 17:03:31,SPXW,2026-09-17,P,8125.0,7668.2998,446.8,1.0,464.7,1.0,530.67,0.0,1.0,0.2046,-0.997,0.0001,-0.0854,0.1094,-0.8871
2026-09-11T17:04:13Z,2026-09-11 17:03:31,SPXW,2026-09-17,C,8150.0,7668.2998,0.1,186.0,0.15,240.0,0.1,0.0,54.0,0.1675,0.0027,0.0,-0.0808,0.0996,0.0022
2026-09-11T17:04:13Z,2026-09-11 17:03:31,SPXW,2026-09-17,P,8150.0,7668.2998,471.8,1.0,489.8,1.0,502.1,0.0,1.0,0.2155,-0.9973,0.0,-0.0804,0.0994,-0.89
2026-09-11T17:04:13Z,2026-09-11 17:03:31,SPXW,2026-09-17,C,8175.0,7668.2998,0.05,527.0,0.15,240.0,0.1,33.0,27.0,0.1716,0.0024,0.0,-0.0762,0.0908,0.002
2026-09-11T17:04:13Z,2026-09-11 17:03:31,SPXW,2026-09-17,P,8175.0,7668.2998,496.8,1.0,514.6,1.0,0.0,0.0,0.0,0.2224,-0.9975,0.0,-0.0759,0.0907,-0.893
2026-09-11T17:04:13Z,2026-09-11 17:03:31,SPXW,2026-09-17,C,8200.0,7668.2998,0.05,545.0,0.1,8.0,0.1,24.0,41.0,0.1745,0.0022,0.0,-0.0719,0.0831,0.0018
2026-09-11T17:04:13Z,2026-09-11 17:03:31,SPXW,2026-09-17,P,8200.0,7668.2998,522.1,1.0,540.6,1.0,0.0,0.0,0.0,0.2479,-0.9977,0.0,-0.0717,0.083,-0.8959
2026-09-11T17:04:13Z,2026-09-11 17:03:31,SPXW,2026-09-17,C,8225.0,7668.2998,0.05,341.0,0.15,337.0,0.1,0.0,4.0,0.1864,0.002,0.0,-0.068,0.0762,0.0016
2026-09-11T17:04:13Z,2026-09-11 17:03:31,SPXW,2026-09-17,P,8225.0,7668.2998,546.8,1.0,565.5,1.0,457.4,0.0,1.0,0.2532,-0.9979,0.0,-0.0678,0.0762,-0.8988
2026-09-11T17:04:13Z,2026-09-11 17:03:31,SPXW,2026-09-17,C,8250.0,7668.2998,0.05,379.0,0.15,505.0,0.75,0.0,6.0,0.1935,0.0019,0.0,-0.0642,0.0701,0.0015
2026-09-11T17:04:13Z,2026-09-11 17:03:31,SPXW,2026-09-17,P,8250.0,7668.2998,572.0,1.0,590.5,1.0,0.0,0.0,0.0,0.2652,-0.9981,0.0,-0.0642,0.0701,-0.9017
2026-09-11T17:04:13Z,2026-09-11 17:03:31,SPXW,2026-09-17,C,8275.0,7668.2998,0.05,231.0,0.15,513.0,0.3,0.0,2.0,0.201,0.0017,0.0,-0.061,0.0646,0.0014
2026-09-11T17:04:13Z,2026-09-11 17:03:31,SPXW,2026-09-17,P,8275.0,7668.2998,596.7,1.0,614.6,1.0,0.0,0.0,0.0,0.2585,-0.9983,0.0,-0.0609,0.0646,-0.9045
2026-09-11T17:04:13Z,2026-09-11 17:03:31,SPXW,2026-09-17,C,8300.0,7668.2998,0.05,222.0,0.15,484.0,0.09,1.0,4.0,0.208,0.0016,0.0,-0.0577,0.0596,0.0012
2026-09-11T17:04:13Z,2026-09-11 17:03:31,SPXW,2026-09-17,P,8300.0,7668.2998,621.7,1.0,640.5,1.0,0.0,0.0,0.0,0.2807,-0.9984,0.0,-0.0577,0.0596,-0.9074
2026-09-11T17:04:13Z,2026-09-11 17:03:31,SPXW,2026-09-17,C,8325.0,7668.2998,0.05,233.0,0.15,506.0,0.1,1.0,1.0,0.215,0.0015,0.0,-0.0552,0.0555,0.0012
2026-09-11T17:04:13Z,2026-09-11 17:03:31,SPXW,2026-09-17,P,8325.0,7668.2998,647.1,1.0,663.7,1.0,0.0,0.0,0.0,0.2679,-0.9985,0.0,-0.0547,0.0551,-0.9102
2026-09-11T17:04:13Z,2026-09-11 17:03:31,SPXW,2026-09-17,C,8400.0,7668.2998,0.05,226.0,0.1,394.0,0.1,0.0,6.0,0.2309,0.0011,0.0,-0.0466,0.0439,0.0009
2026-09-11T17:04:13Z,2026-09-11 17:03:31,SPXW,2026-09-17,P,8400.0,7668.2998,722.8,1.0,739.6,1.0,0.0,0.0,0.0,0.3209,-0.9988,0.0,-0.0466,0.0439,-0.9187
2026-09-11T17:04:13Z,2026-09-11 17:03:31,SPXW,2026-09-18,C,6905.0,7668.2998,757.5,1.0,774.8,1.0,0.0,0.0,0.0,0.0,0.9895,0.0001,-0.5655,0.3127,1.3072
2026-09-11T17:04:13Z,2026-09-11 17:03:31,SPXW,2026-09-18,P,6905.0,7668.2998,1.2,204.0,1.3,355.0,1.25,7.0,47.0,0.33,-0.0105,0.0001,-0.5655,0.3127,-0.0152
2026-09-11T17:04:13Z,2026-09-11 17:03:31,SPXW,2026-09-18,C,6910.0,7668.2998,752.5,1.0,771.6,1.0,0.0,0.0,0.0,0.0,0.9893,0.0001,-0.5695,0.3162,1.308
2026-09-11T17:04:13Z,2026-09-11 17:03:31,SPXW,2026-09-18,P,6910.0,7668.2998,1.2,411.0,1.3,240.0,1.25,135.0,96.0,0.328,-0.0106,0.0001,-0.5695,0.3162,-0.0154
2026-09-11T17:04:13Z,2026-09-11 17:03:31,SPXW,2026-09-18,C,6915.0,7668.2998,747.6,1.0,764.8,1.0,0.0,0.0,0.0,0.0,0.9892,0.0001,-0.5736,0.3197,1.3088
2026-09-11T17:04:13Z,2026-09-11 17:03:31,SPXW,2026-09-18,P,6915.0,7668.2998,1.2,446.0,1.3,253.0,1.25,45.0,26.0,0.326,-0.0108,0.0001,-0.5736,0.3197,-0.0156
2026-09-11T17:04:13Z,2026-09-11 17:03:31,SPXW,2026-09-18,C,6920.0,7668.2998,742.3,1.0,761.7,1.0,690.64,0.0,1.0,0.0,0.989,0.0001,-0.5778,0.3234,1.3095
2026-09-11T17:04:13Z,2026-09-11 17:03:31,SPXW,2026-09-18,P,6920.0,7668.2998,1.25,82.0,1.3,130.0,1.32,1.0,88.0,0.324,-0.0109,0.0001,-0.5778,0.3234,-0.0158
2026-09-11T17:04:13Z,2026-09-11 17:03:31,SPXW,2026-09-18,C,6925.0,7668.2998,737.6,1.0,756.7,1.0,755.7,0.0,12.0,0.2239,0.9889,0.0001,-0.582,0.327,1.3103
2026-09-11T17:04:13Z,2026-09-11 17:03:31,SPXW,2026-09-18,P,6925.0,7668.2998,1.25,181.0,1.35,245.0,3.2,0.0,211.0,0.3236,-0.011,0.0001,-0.582,0.327,-0.016
2026-09-11T17:04:13Z,2026-09-11 17:03:31,SPXW,2026-09-18,C,6930.0,7668.2998,732.6,1.0,751.7,1.0,762.5,0.0,3.0,0.2199,0.9888,0.0001,-0.5863,0.3308,1.311
2026-09-11T17:04:13Z,2026-09-11 17:03:31,SPXW,2026-09-18,P,6930.0,7668.2998,1.25,305.0,1.35,252.0,1.4,1.0,124.0,0.3217,-0.0112,0.0001,-0.5863,0.3308,-0.0162
2026-09-11T17:04:13Z,2026-09-11 17:03:31,SPXW,2026-09-18,C,6935.0,7668.2998,727.6,1.0,744.9,1.0,0.0,0.0,0.0,0.0,0.9886,0.0001,-0.5906,0.3346,1.3118
2026-09-11T17:04:13Z,2026-09-11 17:03:31,SPXW,2026-09-18,P,6935.0,7668.2998,1.25,359.0,1.35,229.0,1.35,14.0,25.0,0.3196,-0.0113,0.0001,-0.5906,0.3346,-0.0164
2026-09-11T17:04:13Z,2026-09-11 17:03:31,SPXW,2026-09-18,C,6940.0,7668.2998,722.6,1.0,741.7,1.0,754.45,0.0,2.0,0.2107,0.9885,0.0001,-0.595,0.3385,1.3125
2026-09-11T17:04:13Z,2026-09-11 17:03:31,SPXW,2026-09-18,P,6940.0,7668.2998,1.3,102.0,1.4,348.0,3.39,0.0,182.0,0.3185,-0.0115,0.0001,-0.595,0.3385,-0.0166
2026-09-11T17:04:13Z,2026-09-11 17:03:31,SPXW,2026-09-18,C,6945.0,7668.2998,717.4,1.0,736.8,2.0,0.0,0.0,0.0,0.0,0.9883,0.0001,-0.5995,0.3424,1.3132
2026-09-11T17:04:13Z,2026-09-11 17:03:31,SPXW,2026-09-18,P,6945.0,7668.2998,1.3,266.0,1.4,334.0,0.0,0.0,0.0,0.3172,-0.0116,0.0001,-0.5995,0.3424,-0.0168
2026-09-11T17:04:13Z,2026-09-11 17:03:31,SPXW,2026-09-18,C,6950.0,7668.2998,712.6,1.0,731.8,1.0,645.45,0.0,260.0,0.2283,0.9882,0.0001,-0.604,0.3464,1.314
2026-09-11T17:04:13Z,2026-09-11 17:03:31,SPXW,2026-09-18,P,6950.0,7668.2998,1.3,414.0,1.4,223.0,1.4,70.0,2353.0,0.3152,-0.0118,0.0001,-0.604,0.3464,-0.017
2026-09-11T17:04:13Z,2026-09-11 17:03:31,SPXW,2026-09-18,C,6955.0,7668.2998,707.7,1.0,726.4,1.0,0.0,0.0,0.0,0.0,0.988,0.0001,-0.6086,0.3506,1.3147
2026-09-11T17:04:13Z,2026-09-11 17:03:31,SPXW,2026-09-18,P,6955.0,7668.2998,1.3,440.0,1.4,161.0,3.3,0.0,12.0,0.3132,-0.012,0.0001,-0.6086,0.3506,-0.0173
2026-09-11T17:04:13Z,2026-09-11 17:03:31,SPXW,2026-09-18,C,6960.0,7668.2998,702.7,1.0,721.8,1.0,547.13,0.0,1.0,0.2356,0.9878,0.0001,-0.6132,0.3548,1.3154
2026-09-11T17:04:13Z,2026-09-11 17:03:31,SPXW,2026-09-18,P,6960.0,7668.2998,1.35,122.0,1.45,239.0,2.9,0.0,249.0,0.3127,-0.0121,0.0001,-0.6132,0.3548,-0.0175
2026-09-11T17:04:13Z,2026-09-11 17:03:31,SPXW,2026-09-18,C,6965.0,7668.2998,697.7,1.0,716.8,1.0,0.0,0.0,0.0,0.2332,0.9877,0.0001,-0.6179,0.359,1.3162
2026-09-11T17:04:13Z,2026-09-11 17:03:31,SPXW,2026-09-18,P,6965.0,7668.2998,1.35,194.0,1.45,243.0,3.3,0.0,53.0,0.3107,-0.0123,0.0001,-0.6179,0.359,-0.0177
2026-09-11T17:04:13Z,2026-09-11 17:03:31,SPXW,2026-09-18,C,6970.0,7668.2998,692.5,1.0,711.9,2.0,0.0,0.0,0.0,0.2162,0.9875,0.0001,-0.6227,0.3634,1.3169
2026-09-11T17:04:13Z,2026-09-11 17:03:31,SPXW,2026-09-18,P,6970.0,7668.2998,1.35,348.0,1.45,217.0,3.88,0.0,103.0,0.3087,-0.0124,0.0001,-0.6227,0.3634,-0.018
2026-09-11T17:04:13Z,2026-09-11 17:03:31,SPXW,2026-09-18,C,6975.0,7668.2998,687.8,1.0,706.9,1.0,695.5,0.0,6.0,0.2444,0.9873,0.0001,-0.6276,0.3678,1.3176
2026-09-11T17:04:13Z,2026-09-11 17:03:31,SPXW,2026-09-18,P,6975.0,7668.2998,1.4,124.0,1.5,361.0,1.3,12.0,842.0,0.3082,-0.0126,0.0001,-0.6276,0.3678,-0.0182
2026-09-11T17:04:13Z,2026-09-11 17:03:31,SPXW,2026-09-18,C,6980.0,7668.2998,682.8,1.0,701.3,1.0,690.7,0.0,1.0,0.0,0.9872,0.0001,-0.6325,0.3724,1.3183
2026-09-11T17:04:13Z,2026-09-11 17:03:31,SPXW,2026-09-18,P,6980.0,7668.2998,1.4,265.0,1.5,313.0,3.5,0.0,278.0,0.3061,-0.0128,0.0001,-0.6325,0.3724,-0.0185
2026-09-11T17:04:13Z,2026-09-11 17:03:31,SPXW,2026-09-18,C,6985.0,7668.2998,677.8,1.0,695.1,1.0,616.86,0.0,2.0,0.0,0.987,0.0001,-0.6375,0.377,1.319
2026-09-11T17:04:13Z,2026-09-11 17:03:31,SPXW,2026-09-18,P,6985.0,7668.2998,1.4,428.0,1.5,213.0,2.5,0.0,49.0,0.3041,-0.013,0.0001,-0.6375,0.377,-0.0188
2026-09-11T17:04:13Z,2026-09-11 17:03:31,SPXW,2026-09-18,C,6990.0,7668.2998,672.8,1.0,691.9,1.0,0.0,0.0,0.0,0.2378,0.9868,0.0001,-0.6426,0.3817,1.3197
2026-09-11T17:04:13Z,2026-09-11 17:03:31,SPXW,2026-09-18,P,6990.0,7668.2998,1.45,102.0,1.55,250.0,1.63,1.0,287.0,0.3028,-0.0132,0.0001,-0.6426,0.3817,-0.019
2026-09-11T17:04:13Z,2026-09-11 17:03:31,SPXW,2026-09-18,C,6995.0,7668.2998,667.8,1.0,687.0,2.0,0.0,0.0,0.0,0.2415,0.9866,0.0001,-0.6478,0.3866,1.3204
2026-09-11T17:04:13Z,2026-09-11 17:03:31,SPXW,2026-09-18,P,6995.0,7668.2998,1.45,178.0,1.55,245.0,3.5,0.0,128.0,0.3015,-0.0134,0.0001,-0.6478,0.3866,-0.0193
2026-09-11T17:04:13Z,2026-09-11 17:03:31,SPXW,2026-09-18,C,7000.0,7668.2998,662.8,1.0,682.0,1.0,676.66,1.0,224.0,0.2394,0.9864,0.0001,-0.653,0.3915,1.321
2026-09-11T17:04:13Z,2026-09-11 17:03:31,SPXW,2026-09-18,P,7000.0,7668.2998,1.45,317.0,1.55,213.0,1.55,304.0,2312.0,0.2994,-0.0135,0.0001,-0.653,0.3915,-0.0196
2026-09-11T17:04:13Z,2026-09-11 17:03:31,SPXW,2026-09-18,C,7005.0,7668.2998,657.9,1.0,676.3,1.0,715.27,0.0,5.0,0.0,0.9862,0.0001,-0.6584,0.3965,1.3217
2026-09-11T17:04:13Z,2026-09-11 17:03:31,SPXW,2026-09-18,P,7005.0,7668.2998,1.45,432.0,1.6,326.0,3.38,0.0,2.0,0.2981,-0.0137,0.0001,-0.6584,0.3965,-0.0199
2026-09-11T17:04:13Z,2026-09-11 17:03:31,SPXW,2026-09-18,C,7010.0,7668.2998,652.9,1.0,672.0,1.0,678.93,0.0,22.0,0.2402,0.986,0.0001,-0.6638,0.4016,1.3224
2026-09-11T17:04:13Z,2026-09-11 17:03:31,SPXW,2026-09-18,P,7010.0,7668.2998,1.5,262.0,1.6,214.0,3.9,0.0,135.0,0.2967,-0.0139,0.0001,-0.6638,0.4016,-0.0202
2026-09-11T17:04:13Z,2026-09-11 17:03:31,SPXW,2026-09-18,C,7015.0,7668.2998,647.9,1.0,667.0,1.0,0.0,0.0,37.0,0.2381,0.9858,0.0001,-0.6694,0.4068,1.323
2026-09-11T17:04:13Z,2026-09-11 17:03:31,SPXW,2026-09-18,P,7015.0,7668.2998,1.5,426.0,1.6,150.0,1.6,3.0,14.0,0.2947,-0.0141,0.0001,-0.6694,0.4068,-0.0205
2026-09-11T17:04:13Z,2026-09-11 17:03:31,SPXW,2026-09-18,C,7020.0,7668.2998,642.9,1.0,661.9,1.0,700.16,0.0,0.0,0.2308,0.9856,0.0001,-0.675,0.4121,1.3237
2026-09-11T17:04:13Z,2026-09-11 17:03:31,SPXW,2026-09-18,P,7020.0,7668.2998,1.55,124.0,1.65,235.0,1.67,3.0,118.0,0.2933,-0.0144,0.0001,-0.675,0.4121,-0.0208
2026-09-11T17:04:13Z,2026-09-11 17:03:31,SPXW,2026-09-18,C,7025.0,7668.2998,638.0,1.0,657.1,1.0,626.35,0.0,26.0,0.2422,0.9854,0.0001,-0.6807,0.4175,1.3243
2026-09-11T17:04:13Z,2026-09-11 17:03:31,SPXW,2026-09-18,P,7025.0,7668.2998,1.55,227.0,1.65,228.0,1.76,66.0,400.0,0.2919,-0.0146,0.0001,-0.6807,0.4175,-0.0211
2026-09-11T17:04:13Z,2026-09-11 17:03:31,SPXW,2026-09-18,C,7030.0,7668.2998,633.0,1.0,649.7,1.0,553.59,0.0,1.0,0.0,0.9852,0.0001,-0.6866,0.423,1.3249
2026-09-11T17:04:13Z,2026-09-11 17:03:31,SPXW,2026-09-18,P,7030.0,7668.2998,1.55,413.0,1.7,421.0,4.21,0.0,111.0,0.2905,-0.0148,0.0001,-0.6866,0.423,-0.0214
2026-09-11T17:04:13Z,2026-09-11 17:03:31,SPXW,2026-09-18,C,7035.0,7668.2998,628.0,1.0,646.5,1.0,0.0,0.0,0.0,0.1949,0.9849,0.0001,-0.6925,0.4286,1.3256
2026-09-11T17:04:13Z,2026-09-11 17:03:31,SPXW,2026-09-18,P,7035.0,7668.2998,1.6,268.0,1.7,313.0,7.6,0.0,9.0,0.2891,-0.015,0.0001,-0.6925,0.4286,-0.0217
2026-09-11T17:04:13Z,2026-09-11 17:03:31,SPXW,2026-09-18,C,7040.0,7668.2998,622.7,1.0,639.8,1.0,712.71,0.0,10.0,0.0,0.9847,0.0001,-0.6986,0.4342,1.3262
2026-09-11T17:04:13Z,2026-09-11 17:03:31,SPXW,2026-09-18,P,7040.0,7668.2998,1.6,318.0,1.7,209.0,8.35,0.0,409.0,0.287,-0.0152,0.0001,-0.6986,0.4342,-0.0221
2026-09-11T17:04:13Z,2026-09-11 17:03:31,SPXW,2026-09-18,C,7045.0,7668.2998,618.1,1.0,637.2,1.0,0.0,0.0,0.0,0.2408,0.9845,0.0001,-0.7048,0.44,1.3268
2026-09-11T17:04:13Z,2026-09-11 17:03:31,SPXW,2026-09-18,P,7045.0,7668.2998,1.6,502.0,1.75,211.0,8.8,0.0,12.0,0.2856,-0.0155,0.0001,-0.7048,0.44,-0.0224
2026-09-11T17:04:13Z,2026-09-11 17:03:31,SPXW,2026-09-18,C,7050.0,7668.2998,613.1,1.0,632.2,1.0,593.45,0.0,28.0,0.2387,0.9842,0.0001,-0.7111,0.446,1.3274
2026-09-11T17:04:13Z,2026-09-11 17:03:31,SPXW,2026-09-18,P,7050.0,7668.2998,1.65,189.0,1.75,229.0,1.65,168.0,1074.0,0.2842,-0.0157,0.0001,-0.7111,0.446,-0.0228
2026-09-11T17:04:13Z,2026-09-11 17:03:31,SPXW,2026-09-18,C,7055.0,7668.2998,608.1,1.0,627.2,1.0,0.0,0.0,0.0,0.2367,0.984,0.0001,-0.7175,0.452,1.328
2026-09-11T17:04:13Z,2026-09-11 17:03:31,SPXW,2026-09-18,P,7055.0,7668.2998,1.65,410.0,1.8,401.0,9.8,0.0,20.0,0.2827,-0.016,0.0001,-0.7175,0.452,-0.0232
2026-09-11T17:04:13Z,2026-09-11 17:03:31,SPXW,2026-09-18,C,7060.0,7668.2998,603.1,1.0,621.6,1.0,0.0,0.0,0.0,0.2065,0.9837,0.0001,-0.7241,0.4581,1.3286
2026-09-11T17:04:13Z,2026-09-11 17:03:31,SPXW,2026-09-18,P,7060.0,7668.2998,1.7,266.0,1.8,220.0,4.4,0.0,170.0,0.2812,-0.0162,0.0001,-0.7241,0.4581,-0.0235
2026-09-11T17:04:13Z,2026-09-11 17:03:31,SPXW,2026-09-18,C,7065.0,7668.2998,598.2,1.0,617.3,1.0,0.0,0.0,0.0,0.2383,0.9835,0.0001,-0.7308,0.4644,1.3292
2026-09-11T17:04:13Z,2026-09-11 17:03:31,SPXW,2026-09-18,P,7065.0,7668.2998,1.7,365.0,1.8,35.0,4.63,0.0,96.0,0.2791,-0.0165,0.0001,-0.7308,0.4644,-0.0239
2026-09-11T17:04:13Z,2026-09-11 17:03:31,SPXW,2026-09-18,C,7070.0,7668.2998,593.2,1.0,611.1,1.0,0.0,0.0,300.0,0.0,0.9832,0.0001,-0.7376,0.4708,1.3297
2026-09-11T17:04:13Z,2026-09-11 17:03:31,SPXW,2026-09-18,P,7070.0,7668.2998,1.75,124.0,1.85,233.0,1.95,6.0,275.0,0.2776,-0.0168,0.0001,-0.7376,0.4708,-0.0243
2026-09-11T17:04:13Z,2026-09-11 17:03:31,SPXW,2026-09-18,C,7075.0,7668.2998,588.2,1.0,607.4,2.0,550.52,0.0,19.0,0.2368,0.9829,0.0001,-0.7446,0.4774,1.3303
2026-09-11T17:04:13Z,2026-09-11 17:03:31,SPXW,2026-09-18,P,7075.0,7668.2998,1.75,208.0,1.85,118.0,1.7,46.0,487.0,0.2761,-0.017,0.0001,-0.7446,0.4774,-0.0247
2026-09-11T17:04:13Z,2026-09-11 17:03:31,SPXW,2026-09-18,C,7080.0,7668.2998,583.2,1.0,601.1,1.0,0.0,0.0,0.0,0.0,0.9826,0.0001,-0.7517,0.4841,1.3308
2026-09-11T17:04:13Z,2026-09-11 17:03:31,SPXW,2026-09-18,P,7080.0,7668.2998,1.75,406.0,1.9,293.0,1.9,4.0,275.0,0.2746,-0.0173,0.0001,-0.7517,0.4841,-0.0251
2026-09-11T17:04:13Z,2026-09-11 17:03:31,SPXW,2026-09-18,C,7085.0,7668.2998,578.2,1.0,595.0,1.0,0.0,0.0,0.0,0.0,0.9824,0.0001,-0.759,0.4909,1.3314
2026-09-11T17:04:13Z,2026-09-11 17:03:31,SPXW,2026-09-18,P,7085.0,7668.2998,1.8,286.0,1.9,216.0,1.85,75.0,85.0,0.2731,-0.0176,0.0001,-0.759,0.4909,-0.0255
2026-09-11T17:04:13Z,2026-09-11 17:03:31,SPXW,2026-09-18,C,7090.0,7668.2998,573.3,1.0,591.9,1.0,556.75,0.0,6.0,0.2191,0.9821,0.0001,-0.7664,0.498,1.3319
2026-09-11T17:04:13Z,2026-09-11 17:03:31,SPXW,2026-09-18,P,7090.0,7668.2998,1.8,504.0,1.95,230.0,1.95,5.0,1525.0,0.2716,-0.0179,0.0001,-0.7664,0.498,-0.026
2026-09-11T17:04:13Z,2026-09-11 17:03:31,SPXW,2026-09-18,C,7095.0,7668.2998,568.3,1.0,587.3,1.0,0.0,0.0,0.0,0.2287,0.9818,0.0001,-0.774,0.5052,1.3324
2026-09-11T17:04:13Z,2026-09-11 17:03:31,SPXW,2026-09-18,P,7095.0,7668.2998,1.85,200.0,1.95,196.0,1.95,51.0,77.0,0.27,-0.0182,0.0001,-0.774,0.5052,-0.0264
2026-09-11T17:04:13Z,2026-09-11 17:03:31,SPXW,2026-09-18,C,7100.0,7668.2998,563.3,1.0,582.5,1.0,571.38,6.0,95.0,0.2313,0.9814,0.0002,-0.7818,0.5126,1.3329
2026-09-11T17:04:13Z,2026-09-11 17:03:31,SPXW,2026-09-18,P,7100.0,7668.2998,1.85,412.0,2.0,322.0,2.0,54.0,2972.0,0.2684,-0.0185,0.0002,-0.7818,0.5126,-0.0268
2026-09-11T17:04:13Z,2026-09-11 17:03:31,SPXW,2026-09-18,C,7105.0,7668.2998,558.4,1.0,577.5,1.0,0.0,0.0,0.0,0.2314,0.9811,0.0002,-0.7897,0.5201,1.3334
2026-09-11T17:04:13Z,2026-09-11 17:03:31,SPXW,2026-09-18,P,7105.0,7668.2998,1.9,284.0,2.0,127.0,3.71,0.0,65.0,0.2669,-0.0188,0.0002,-0.7897,0.5201,-0.0273
2026-09-11T17:04:13Z,2026-09-11 17:03:31,SPXW,2026-09-18,C,7110.0,7668.2998,553.4,1.0,572.0,1.0,560.55,6.0,14.0,0.2172,0.9808,0.0002,-0.7978,0.5279,1.3339
2026-09-11T17:04:13Z,2026-09-11 17:03:31,SPXW,2026-09-18,P,7110.0,7668.2998,1.9,490.0,2.05,212.0,1.9,13.0,118.0,0.2653,-0.0192,0.0002,-0.7978,0.5279,-0.0278
2026-09-11T17:04:13Z,2026-09-11 17:03:31,SPXW,2026-09-18,C,7115.0,7668.2998,548.4,1.0,567.6,1.0,0.0,0.0,0.0,0.2293,0.9804,0.0002,-0.8061,0.5359,1.3344
2026-09-11T17:04:13Z,2026-09-11 17:03:31,SPXW,2026-09-18,P,7115.0,7668.2998,1.95,269.0,2.05,35.0,1.9,15.0,197.0,0.2637,-0.0195,0.0002,-0.8061,0.5359,-0.0282
2026-09-11T17:04:13Z,2026-09-11 17:03:31,SPXW,2026-09-18,C,7120.0,7668.2998,542.8,2.0,560.1,1.0,661.44,0.0,10.0,0.0,0.9801,0.0002,-0.8146,0.5441,1.3348
2026-09-11T17:04:13Z,2026-09-11 17:03:31,SPXW,2026-09-18,P,7120.0,7668.2998,2.0,89.0,2.1,216.0,1.95,3.0,142.0,0.2621,-0.0198,0.0002,-0.8146,0.5441,-0.0288
2026-09-11T17:04:13Z,2026-09-11 17:03:31,SPXW,2026-09-18,C,7125.0,7668.2998,538.5,1.0,557.5,1.0,546.12,1.0,18.0,0.2252,0.9798,0.0002,-0.8232,0.5525,1.3353
2026-09-11T17:04:13Z,2026-09-11 17:03:31,SPXW,2026-09-18,P,7125.0,7668.2998,2.0,376.0,2.15,325.0,2.2,27.0,410.0,0.2609,-0.0202,0.0002,-0.8232,0.5525,-0.0293
2026-09-11T17:04:13Z,2026-09-11 17:03:31,SPXW,2026-09-18,C,7130.0,7668.2998,533.5,1.0,552.1,1.0,657.67,0.0,6.0,0.2144,0.9794,0.0002,-0.8321,0.5612,1.3357
2026-09-11T17:04:13Z,2026-09-11 17:03:31,SPXW,2026-09-18,P,7130.0,7668.2998,2.05,172.0,2.15,209.0,2.07,25.0,253.0,0.2593,-0.0206,0.0002,-0.8321,0.5612,-0.0298
2026-09-11T17:04:13Z,2026-09-11 17:03:31,SPXW,2026-09-18,C,7135.0,7668.2998,527.9,2.0,547.3,1.0,652.85,0.0,2.0,0.2191,0.979,0.0002,-0.8412,0.57,1.3361
2026-09-11T17:04:13Z,2026-09-11 17:03:31,SPXW,2026-09-18,P,7135.0,7668.2998,2.05,343.0,2.2,300.0,2.05,14.0,118.0,0.2577,-0.021,0.0002,-0.8412,0.57,-0.0304
2026-09-11T17:04:13Z,2026-09-11 17:03:31,SPXW,2026-09-18,C,7140.0,7668.2998,523.6,1.0,540.5,1.0,411.6,0.0,6.0,0.0,0.9786,0.0002,-0.8505,0.5791,1.3365
2026-09-11T17:04:13Z,2026-09-11 17:03:31,SPXW,2026-09-18,P,7140.0,7668.2998,2.1,279.0,2.2,34.0,2.28,25.0,161.0,0.256,-0.0213,0.0002,-0.8505,0.5791,-0.0309
2026-09-11T17:04:13Z,2026-09-11 17:03:31,SPXW,2026-09-18,C,7145.0,7668.2998,518.6,1.0,537.4,1.0,637.98,0.0,10.0,0.217,0.9782,0.0002,-0.86,0.5884,1.3369
2026-09-11T17:04:13Z,2026-09-11 17:03:31,SPXW,2026-09-18,P,7145.0,7668.2998,2.15,137.0,2.25,216.0,2.27,54.0,211.0,0.2544,-0.0217,0.0002,-0.86,0.5884,-0.0315
2026-09-11T17:04:13Z,2026-09-11 17:03:31,SPXW,2026-09-18,C,7150.0,7668.2998,513.7,1.0,530.6,1.0,568.01,0.0,17.0,0.0,0.9778,0.0002,-0.8698,0.598,1.3372
2026-09-11T17:04:13Z,2026-09-11 17:03:31,SPXW,2026-09-18,P,7150.0,7668.2998,2.15,352.0,2.3,382.0,2.15,140.0,7106.0,0.2531,-0.0222,0.0002,-0.8698,0.598,-0.0321
2026-09-11T17:04:13Z,2026-09-11 17:03:31,SPXW,2026-09-18,C,7155.0,7668.2998,508.7,2.0,527.8,1.0,618.45,0.0,3.0,0.2216,0.9774,0.0002,-0.8798,0.6077,1.3375
2026-09-11T17:04:13Z,2026-09-11 17:03:31,SPXW,2026-09-18,P,7155.0,7668.2998,2.2,276.0,2.3,33.0,2.3,4.0,110.0,0.2514,-0.0226,0.0002,-0.8798,0.6077,-0.0328
2026-09-11T17:04:13Z,2026-09-11 17:03:31,SPXW,2026-09-18,C,7160.0,7668.2998,503.3,1.0,523.0,3.0,602.32,0.0,9.0,0.2225,0.9769,0.0002,-0.89,0.6177,1.3378
2026-09-11T17:04:13Z,2026-09-11 17:03:31,SPXW,2026-09-18,P,7160.0,7668.2998,2.25,173.0,2.35,196.0,2.46,3.0,183.0,0.2497,-0.023,0.0002,-0.89,0.6177,-0.0334
2026-09-11T17:04:13Z,2026-09-11 17:03:31,SPXW,2026-09-18,C,7165.0,7668.2998,498.8,1.0,517.8,1.0,489.29,0.0,11.0,0.219,0.9765,0.0002,-0.9006,0.6279,1.3381
2026-09-11T17:04:13Z,2026-09-11 17:03:31,SPXW,2026-09-18,P,7165.0,7668.2998,2.25,335.0,2.4,194.0,2.34,1.0,164.0,0.2484,-0.0235,0.0002,-0.9006,0.6279,-0.0341
2026-09-11T17:04:13Z,2026-09-11 17:03:31,SPXW,2026-09-18,C,7170.0,7668.2998,493.8,3.0,513.0,1.0,609.0,0.0,8.0,0.2198,0.976,0.0002,-0.9113,0.6384,1.3384
2026-09-11T17:04:13Z,2026-09-11 17:03:31,SPXW,2026-09-18,P,7170.0,7668.2998,2.3,356.0,2.45,302.0,2.55,4.0,141.0,0.2467,-0.0239,0.0002,-0.9113,0.6384,-0.0348
2026-09-11T17:04:13Z,2026-09-11 17:03:31,SPXW,2026-09-18,C,7175.0,7668.2998,488.9,1.0,507.5,1.0,477.9,0.0,201.0,0.2118,0.9755,0.0002,-0.9224,0.6491,1.3386
2026-09-11T17:04:13Z,2026-09-11 17:03:31,SPXW,2026-09-18,P,7175.0,7668.2998,2.35,205.0,2.45,101.0,2.4,113.0,961.0,0.2454,-0.0244,0.0002,-0.9224,0.6491,-0.0355
2026-09-11T17:04:13Z,2026-09-11 17:03:31,SPXW,2026-09-18,C,7180.0,7668.2998,483.9,1.0,502.6,1.0,572.19,0.0,21.0,0.2113,0.975,0.0002,-0.9338,0.66,1.3389
2026-09-11T17:04:13Z,2026-09-11 17:03:31,SPXW,2026-09-18,P,7180.0,7668.2998,2.4,168.0,2.5,182.0,2.5,28.0,228.0,0.2437,-0.0249,0.0002,-0.9338,0.66,-0.0362
2026-09-11T17:04:13Z,2026-09-11 17:03:31,SPXW,2026-09-18,C,7185.0,7668.2998,478.3,2.0,498.0,1.0,488.91,0.0,6.0,0.2162,0.9745,0.0002,-0.9454,0.6712,1.339
2026-09-11T17:04:13Z,2026-09-11 17:03:31,SPXW,2026-09-18,P,7185.0,7668.2998,2.4,414.0,2.55,196.0,2.4,13.0,188.0,0.2423,-0.0254,0.0002,-0.9454,0.6712,-0.037
2026-09-11T17:04:13Z,2026-09-11 17:03:31,SPXW,2026-09-18,C,7190.0,7668.2998,474.0,1.0,491.0,1.0,324.0,0.0,5.0,0.1696,0.974,0.0002,-0.9574,0.6828,1.3392
2026-09-11T17:04:13Z,2026-09-11 17:03:31,SPXW,2026-09-18,P,7190.0,7668.2998,2.45,268.0,2.6,186.0,2.45,23.0,212.0,0.2409,-0.026,0.0002,-0.9574,0.6828,-0.0378
2026-09-11T17:04:13Z,2026-09-11 17:03:31,SPXW,2026-09-18,C,7195.0,7668.2998,469.0,2.0,488.1,1.0,421.95,0.0,21.0,0.2133,0.9734,0.0002,-0.9696,0.6946,1.3394
2026-09-11T17:04:13Z,2026-09-11 17:03:31,SPXW,2026-09-18,P,7195.0,7668.2998,2.5,346.0,2.65,254.0,2.6,26.0,247.0,0.2395,-0.0265,0.0002,-0.9696,0.6946,-0.0386
2026-09-11T17:04:13Z,2026-09-11 17:03:31,SPXW,2026-09-18,C,7200.0,7668.2998,464.1,1.0,483.2,1.0,476.0,3.0,2067.0,0.2136,0.9729,0.0002,-0.9822,0.7067,1.3395
2026-09-11T17:04:13Z,2026-09-11 17:03:31,SPXW,2026-09-18,P,7200.0,7668.2998,2.55,200.0,2.7,402.0,2.75,285.0,3306.0,0.2377,-0.0271,0.0002,-0.9822,0.7067,-0.0394
2026-09-11T17:04:13Z,2026-09-11 17:03:31,SPXW,2026-09-18,C,7205.0,7668.2998,459.1,2.0,478.2,1.0,312.2,0.0,19.0,0.2115,0.9723,0.0002,-0.9951,0.7192,1.3396
2026-09-11T17:04:13Z,2026-09-11 17:03:31,SPXW,2026-09-18,P,7205.0,7668.2998,2.6,168.0,2.7,31.0,2.63,46.0,121.0,0.2363,-0.0276,0.0002,-0.9951,0.7192,-0.0402
2026-09-11T17:04:13Z,2026-09-11 17:03:31,SPXW,2026-09-18,C,7210.0,7668.2998,454.2,1.0,472.2,1.0,517.45,0.0,60.0,0.1974,0.9717,0.0003,-1.0084,0.7321,1.3397
2026-09-11T17:04:13Z,2026-09-11 17:03:31,SPXW,2026-09-18,P,7210.0,7668.2998,2.65,166.0,2.75,46.0,2.8,23.0,369.0,0.2348,-0.0282,0.0003,-1.0084,0.7321,-0.0411
2026-09-11T17:04:13Z,2026-09-11 17:03:31,SPXW,2026-09-18,C,7215.0,7668.2998,449.2,2.0,468.4,1.0,321.5,0.0,22.0,0.2106,0.9711,0.0003,-1.022,0.7453,1.3398
2026-09-11T17:04:13Z,2026-09-11 17:03:31,SPXW,2026-09-18,P,7215.0,7668.2998,2.7,137.0,2.8,46.0,2.9,6.0,241.0,0.2334,-0.0289,0.0003,-1.022,0.7453,-0.042
2026-09-11T17:04:13Z,2026-09-11 17:03:31,SPXW,2026-09-18,C,7220.0,7668.2998,444.3,2.0,462.9,1.0,511.89,0.0,15.0,0.204,0.9704,0.0003,-1.036,0.759,1.3398
2026-09-11T17:04:13Z,2026-09-11 17:03:31,SPXW,2026-09-18,P,7220.0,7668.2998,2.75,136.0,2.85,44.0,2.85,16.0,365.0,0.2319,-0.0295,0.0003,-1.036,0.759,-0.0429
2026-09-11T17:04:13Z,2026-09-11 17:03:31,SPXW,2026-09-18,C,7225.0,7668.2998,439.3,2.0,458.0,1.0,512.69,0.0,47.0,0.2031,0.9698,0.0003,-1.0503,0.7731,1.3398
2026-09-11T17:04:13Z,2026-09-11 17:03:31,SPXW,2026-09-18,P,7225.0,7668.2998,2.8,165.0,2.9,30.0,2.86,10.0,917.0,0.2304,-0.0302,0.0003,-1.0503,0.7731,-0.0439
2026-09-11T17:04:13Z,2026-09-11 17:03:31,SPXW,2026-09-18,C,7230.0,7668.2998,434.4,2.0,451.5,1.0,460.42,0.0,252.0,0.1806,0.9691,0.0003,-1.065,0.7877,1.3398
2026-09-11T17:04:13Z,2026-09-11 17:03:31,SPXW,2026-09-18,P,7230.0,7668.2998,2.85,162.0,2.95,30.0,2.92,14.0,127.0,0.2288,-0.0309,0.0003,-1.065,0.7877,-0.0449
2026-09-11T17:04:13Z,2026-09-11 17:03:31,SPXW,2026-09-18,C,7235.0,7668.2998,429.5,1.0,448.6,3.0,322.6,0.0,10.0,0.2071,0.9684,0.0003,-1.0802,0.8026,1.3397
2026-09-11T17:04:13Z,2026-09-11 17:03:31,SPXW,2026-09-18,P,7235.0,7668.2998,2.9,160.0,3.1,302.0,3.2,6.0,129.0,0.2273,-0.0316,0.0003,-1.0802,0.8026,-0.0459
2026-09-11T17:04:13Z,2026-09-11 17:03:31,SPXW,2026-09-18,C,7240.0,7668.2998,424.5,1.0,443.3,1.0,302.0,0.0,32.0,0.202,0.9676,0.0003,-1.0957,0.8181,1.3396
2026-09-11T17:04:13Z,2026-09-11 17:03:31,SPXW,2026-09-18,P,7240.0,7668.2998,2.95,227.0,3.1,181.0,3.2,341.0,200.0,0.2261,-0.0323,0.0003,-1.0957,0.8181,-0.047
2026-09-11T17:04:13Z,2026-09-11 17:03:31,SPXW,2026-09-18,C,7245.0,7668.2998,419.2,1.0,438.7,1.0,302.0,0.0,95.0,0.2028,0.9669,0.0003,-1.1116,0.8339,1.3394
2026-09-11T17:04:13Z,2026-09-11 17:03:31,SPXW,2026-09-18,P,7245.0,7668.2998,3.0,259.0,3.2,323.0,3.0,24.0,140.0,0.2248,-0.0331,0.0003,-1.1116,0.8339,-0.0481
2026-09-11T17:04:13Z,2026-09-11 17:03:31,SPXW,2026-09-18,C,7250.0,7668.2998,414.7,1.0,433.8,3.0,399.65,0.0,78.0,0.2043,0.9661,0.0003,-1.128,0.8502,1.3392
2026-09-11T17:04:13Z,2026-09-11 17:03:31,SPXW,2026-09-18,P,7250.0,7668.2998,3.0,472.0,3.2,97.0,3.4,67.0,1496.0,0.2226,-0.0338,0.0003,-1.128,0.8502,-0.0492
2026-09-11T17:04:13Z,2026-09-11 17:03:31,SPXW,2026-09-18,C,7255.0,7668.2998,409.5,1.0,426.6,1.0,500.84,0.0,26.0,0.1742,0.9653,0.0003,-1.1448,0.8669,1.339
2026-09-11T17:04:13Z,2026-09-11 17:03:31,SPXW,2026-09-18,P,7255.0,7668.2998,3.1,307.0,3.3,218.0,3.18,14.0,135.0,0.2216,-0.0347,0.0003,-1.1448,0.8669,-0.0505
2026-09-11T17:04:13Z,2026-09-11 17:03:31,SPXW,2026-09-18,C,7260.0,7668.2998,404.8,1.0,424.0,1.0,386.15,0.0,20.0,0.2024,0.9644,0.0003,-1.1621,0.884,1.3387
2026-09-11T17:04:13Z,2026-09-11 17:03:31,SPXW,2026-09-18,P,7260.0,7668.2998,3.2,219.0,3.4,366.0,3.7,17.0,245.0,0.2205,-0.0355,0.0003,-1.1621,0.884,-0.0517
2026-09-11T17:04:13Z,2026-09-11 17:03:31,SPXW,2026-09-18,C,7265.0,7668.2998,399.9,1.0,416.8,1.0,408.72,1.0,11.0,0.179,0.9636,0.0003,-1.1799,0.9015,1.3383
2026-09-11T17:04:13Z,2026-09-11 17:03:31,SPXW,2026-09-18,P,7265.0,7668.2998,3.3,15.0,3.4,92.0,3.3,19.0,166.0,0.2182,-0.0364,0.0003,-1.1799,0.9015,-0.053
2026-09-11T17:04:13Z,2026-09-11 17:03:31,SPXW,2026-09-18,C,7270.0,7668.2998,394.5,1.0,413.9,1.0,490.43,0.0,27.0,0.198,0.9627,0.0004,-1.1981,0.9194,1.338
2026-09-11T17:04:13Z,2026-09-11 17:03:31,SPXW,2026-09-18,P,7270.0,7668.2998,3.3,243.0,3.5,150.0,3.5,52.0,264.0,0.2172,-0.0373,0.0004,-1.1981,0.9194,-0.0544
2026-09-11T17:04:13Z,2026-09-11 17:03:31,SPXW,2026-09-18,C,7275.0,7668.2998,389.8,1.0,409.2,1.0,447.6,0.0,300.0,0.1974,0.9617,0.0004,-1.2169,0.9378,1.3375
2026-09-11T17:04:13Z,2026-09-11 17:03:31,SPXW,2026-09-18,P,7275.0,7668.2998,3.4,209.0,3.6,256.0,3.69,181.0,838.0,0.216,-0.0382,0.0004,-1.2169,0.9378,-0.0557
2026-09-11T17:04:13Z,2026-09-11 17:03:31,SPXW,2026-09-18,C,7280.0,7668.2998,385.1,1.0,404.3,1.0,364.77,0.0,60.0,0.1982,0.9608,0.0004,-1.2361,0.9567,1.3371
2026-09-11T17:04:13Z,2026-09-11 17:03:31,SPXW,2026-09-18,P,7280.0,7668.2998,3.5,53.0,3.7,246.0,3.8,79.0,310.0,0.2137,-0.0392,0.0004,-1.2361,0.9567,-0.0572
2026-09-11T17:04:13Z,2026-09-11 17:03:31,SPXW,2026-09-18,C,7285.0,7668.2998,380.2,1.0,399.3,1.0,324.94,0.0,8.0,0.1967,0.9598,0.0004,-1.2559,0.9761,1.3366
2026-09-11T17:04:13Z,2026-09-11 17:03:31,SPXW,2026-09-18,P,7285.0,7668.2998,3.6,14.0,3.7,72.0,3.85,39.0,422.0,0.2126,-0.0402,0.0004,-1.2559,0.9761,-0.0586
2026-09-11T17:04:13Z,2026-09-11 17:03:31,SPXW,2026-09-18,C,7290.0,7668.2998,375.3,1.0,394.0,1.0,294.2,0.0,47.0,0.193,0.9587,0.0004,-1.2763,0.9961,1.336
2026-09-11T17:04:13Z,2026-09-11 17:03:31,SPXW,2026-09-18,P,7290.0,7668.2998,3.6,258.0,3.8,152.0,3.73,15.0,368.0,0.2113,-0.0412,0.0004,-1.2763,0.9961,-0.0601
2026-09-11T17:04:13Z,2026-09-11 17:03:31,SPXW,2026-09-18,C,7295.0,7668.2998,370.3,2.0,389.5,1.0,529.11,0.0,5.0,0.1943,0.9576,0.0004,-1.2971,1.0168,1.3354
2026-09-11T17:04:13Z,2026-09-11 17:03:31,SPXW,2026-09-18,P,7295.0,7668.2998,3.7,216.0,3.9,143.0,4.05,69.0,367.0,0.2101,-0.0423,0.0004,-1.2971,1.0168,-0.0617
2026-09-11T17:04:13Z,2026-09-11 17:03:31,SPXW,2026-09-18,C,7300.0,7668.2998,365.4,1.0,383.4,1.0,382.41,1.0,609.0,0.1848,0.9565,0.0004,-1.3185,1.0381,1.3347
2026-09-11T17:04:13Z,2026-09-11 17:03:31,SPXW,2026-09-18,P,7300.0,7668.2998,3.8,207.0,4.0,226.0,3.9,677.0,2755.0,0.2088,-0.0434,0.0004,-1.3185,1.0381,-0.0633
2026-09-11T17:04:13Z,2026-09-11 17:03:31,SPXW,2026-09-18,C,7305.0,7668.2998,360.1,1.0,378.5,1.0,306.23,0.0,13.0,0.1841,0.9554,0.0004,-1.3405,1.0601,1.334
2026-09-11T17:04:13Z,2026-09-11 17:03:31,SPXW,2026-09-18,P,7305.0,7668.2998,3.9,164.0,4.1,204.0,4.8,10.0,266.0,0.2075,-0.0446,0.0004,-1.3405,1.0601,-0.065
2026-09-11T17:04:13Z,2026-09-11 17:03:31,SPXW,2026-09-18,C,7310.0,7668.2998,355.2,1.0,373.6,1.0,301.54,0.0,26.0,0.1834,0.9542,0.0004,-1.3631,1.0829,1.3332
2026-09-11T17:04:13Z,2026-09-11 17:03:31,SPXW,2026-09-18,P,7310.0,7668.2998,4.0,155.0,4.2,238.0,4.4,25.0,195.0,0.2061,-0.0458,0.0004,-1.3631,1.0829,-0.0668
2026-09-11T17:04:13Z,2026-09-11 17:03:31,SPXW,2026-09-18,C,7315.0,7668.2998,350.3,1.0,368.7,1.0,339.98,0.0,23.0,0.1826,0.9529,0.0004,-1.3862,1.1063,1.3323
2026-09-11T17:04:13Z,2026-09-11 17:03:31,SPXW,2026-09-18,P,7315.0,7668.2998,4.1,157.0,4.3,194.0,4.41,125.0,857.0,0.2047,-0.047,0.0004,-1.3862,1.1063,-0.0686
2026-09-11T17:04:13Z,2026-09-11 17:03:31,SPXW,2026-09-18,C,7320.0,7668.2998,345.8,2.0,362.8,1.0,432.97,0.0,97.0,0.1745,0.9516,0.0005,-1.41,1.1305,1.3314
2026-09-11T17:04:13Z,2026-09-11 17:03:31,SPXW,2026-09-18,P,7320.0,7668.2998,4.2,152.0,4.4,223.0,4.3,133.0,443.0,0.2033,-0.0483,0.0005,-1.41,1.1305,-0.0705
2026-09-11T17:04:13Z,2026-09-11 17:03:31,SPXW,2026-09-18,C,7325.0,7668.2998,340.9,2.0,358.3,1.0,330.77,0.0,305.0,0.1767,0.9503,0.0005,-1.4344,1.1553,1.3304
2026-09-11T17:04:13Z,2026-09-11 17:03:31,SPXW,2026-09-18,P,7325.0,7668.2998,4.3,155.0,4.5,197.0,4.38,1375.0,748.0,0.2019,-0.0497,0.0005,-1.4344,1.1553,-0.0725
2026-09-11T17:04:13Z,2026-09-11 17:03:31,SPXW,2026-09-18,C,7330.0,7668.2998,335.8,1.0,354.5,1.0,253.4,0.0,56.0,0.1834,0.9489,0.0005,-1.4594,1.1807,1.3292
2026-09-11T17:04:13Z,2026-09-11 17:03:31,SPXW,2026-09-18,P,7330.0,7668.2998,4.4,194.0,4.6,113.0,4.5,211.0,452.0,0.2004,-0.0511,0.0005,-1.4594,1.1807,-0.0746
2026-09-11T17:04:13Z,2026-09-11 17:03:31,SPXW,2026-09-18,C,7335.0,7668.2998,331.0,1.0,349.4,1.0,482.84,0.0,11.0,0.1799,0.9474,0.0005,-1.4851,1.2067,1.328
2026-09-11T17:04:13Z,2026-09-11 17:03:31,SPXW,2026-09-18,P,7335.0,7668.2998,4.5,187.0,4.7,62.0,5.3,22.0,191.0,0.1989,-0.0525,0.0005,-1.4851,1.2067,-0.0767
2026-09-11T17:04:13Z,2026-09-11 17:03:31,SPXW,2026-09-18,C,7340.0,7668.2998,325.8,2.0,344.0,1.0,270.34,0.0,71.0,0.177,0.9459,0.0005,-1.5114,1.2334,1.3268
2026-09-11T17:04:13Z,2026-09-11 17:03:31,SPXW,2026-09-18,P,7340.0,7668.2998,4.7,7.0,4.8,29.0,4.9,355.0,638.0,0.1974,-0.054,0.0005,-1.5114,1.2334,-0.079
2026-09-11T17:04:13Z,2026-09-11 17:03:31,SPXW,2026-09-18,C,7345.0,7668.2998,321.4,2.0,338.6,1.0,434.34,0.0,181.0,0.1729,0.9444,0.0005,-1.5385,1.2606,1.3254
2026-09-11T17:04:13Z,2026-09-11 17:03:31,SPXW,2026-09-18,P,7345.0,7668.2998,4.8,66.0,5.0,135.0,5.27,61.0,338.0,0.1958,-0.0556,0.0005,-1.5385,1.2606,-0.0813
2026-09-11T17:04:13Z,2026-09-11 17:03:31,SPXW,2026-09-18,C,7350.0,7668.2998,316.3,1.0,335.3,1.0,332.19,8.0,119.0,0.1796,0.9428,0.0005,-1.5662,1.2885,1.324
2026-09-11T17:04:13Z,2026-09-11 17:03:31,SPXW,2026-09-18,P,7350.0,7668.2998,4.9,195.0,5.1,97.0,5.0,686.0,2070.0,0.1951,-0.0572,0.0005,-1.5662,1.2885,-0.0837
2026-09-11T17:04:13Z,2026-09-11 17:03:31,SPXW,2026-09-18,C,7355.0,7668.2998,311.7,2.0,330.5,2.0,327.2,8.0,51.0,0.1802,0.9411,0.0006,-1.5946,1.3172,1.3225
2026-09-11T17:04:13Z,2026-09-11 17:03:31,SPXW,2026-09-18,P,7355.0,7668.2998,5.0,185.0,5.2,28.0,5.5,38.0,260.0,0.1934,-0.0589,0.0006,-1.5946,1.3172,-0.0861
2026-09-11T17:04:13Z,2026-09-11 17:03:31,SPXW,2026-09-18,C,7360.0,7668.2998,306.5,1.0,325.4,1.0,362.36,0.0,37.0,0.1774,0.9393,0.0006,-1.6237,1.3468,1.3209
2026-09-11T17:04:13Z,2026-09-11 17:03:31,SPXW,2026-09-18,P,7360.0,7668.2998,5.2,96.0,5.4,71.0,5.5,122.0,1407.0,0.1922,-0.0606,0.0006,-1.6237,1.3468,-0.0887
2026-09-11T17:04:13Z,2026-09-11 17:03:31,SPXW,2026-09-18,C,7365.0,7668.2998,301.7,1.0,319.5,1.0,250.69,0.0,78.0,0.1705,0.9375,0.0006,-1.6535,1.3773,1.3192
2026-09-11T17:04:13Z,2026-09-11 17:03:31,SPXW,2026-09-18,P,7365.0,7668.2998,5.3,142.0,5.5,26.0,5.4,132.0,118.0,0.1909,-0.0624,0.0006,-1.6535,1.3773,-0.0913
2026-09-11T17:04:13Z,2026-09-11 17:03:31,SPXW,2026-09-18,C,7370.0,7668.2998,297.2,1.0,314.7,1.0,360.21,0.0,91.0,0.1716,0.9356,0.0006,-1.684,1.4088,1.3174
2026-09-11T17:04:13Z,2026-09-11 17:03:31,SPXW,2026-09-18,P,7370.0,7668.2998,5.5,103.0,5.7,66.0,6.0,194.0,454.0,0.1899,-0.0643,0.0006,-1.684,1.4088,-0.094
2026-09-11T17:04:13Z,2026-09-11 17:03:31,SPXW,2026-09-18,C,7375.0,7668.2998,292.3,2.0,311.2,1.0,239.4,0.0,138.0,0.1766,0.9337,0.0006,-1.7153,1.4413,1.3156
2026-09-11T17:04:13Z,2026-09-11 17:03:31,SPXW,2026-09-18,P,7375.0,7668.2998,5.7,34.0,5.8,6.0,6.22,846.0,1462.0,0.1881,-0.0662,0.0006,-1.7153,1.4413,-0.0969
2026-09-11T17:04:13Z,2026-09-11 17:03:31,SPXW,2026-09-18,C,7380.0,7668.2998,287.5,1.0,306.8,3.0,317.34,0.0,68.0,0.1775,0.9317,0.0006,-1.7473,1.4748,1.3135
2026-09-11T17:04:13Z,2026-09-11 17:03:31,SPXW,2026-09-18,P,7380.0,7668.2998,5.8,136.0,6.0,26.0,6.02,341.0,546.0,0.1871,-0.0683,0.0006,-1.7473,1.4748,-0.0998
2026-09-11T17:04:13Z,2026-09-11 17:03:31,SPXW,2026-09-18,C,7385.0,7668.2998,282.7,2.0,301.3,1.0,383.69,0.0,77.0,0.1738,0.9296,0.0007,-1.78,1.5092,1.3114
2026-09-11T17:04:13Z,2026-09-11 17:03:31,SPXW,2026-09-18,P,7385.0,7668.2998,6.0,166.0,6.2,30.0,6.62,72.0,229.0,0.186,-0.0704,0.0007,-1.78,1.5092,-0.103
2026-09-11T17:04:13Z,2026-09-11 17:03:31,SPXW,2026-09-18,C,7390.0,7668.2998,277.9,1.0,295.8,1.0,333.6,0.0,35.0,0.1701,0.9274,0.0007,-1.8134,1.5445,1.309
2026-09-11T17:04:13Z,2026-09-11 17:03:31,SPXW,2026-09-18,P,7390.0,7668.2998,6.2,82.0,6.4,59.0,6.42,240.0,705.0,0.1845,-0.0726,0.0007,-1.8134,1.5445,-0.1062
2026-09-11T17:04:13Z,2026-09-11 17:03:31,SPXW,2026-09-18,C,7395.0,7668.2998,272.4,2.0,291.8,1.0,336.25,0.0,29.0,0.1724,0.9251,0.0007,-1.8477,1.5805,1.3066
2026-09-11T17:04:13Z,2026-09-11 17:03:31,SPXW,2026-09-18,P,7395.0,7668.2998,6.4,54.0,6.6,65.0,6.57,1377.0,552.0,0.1829,-0.0748,0.0007,-1.8477,1.5805,-0.1096
2026-09-11T17:04:13Z,2026-09-11 17:03:31,SPXW,2026-09-18,C,7400.0,7668.2998,267.4,3.0,287.3,2.0,277.92,1.0,1039.0,0.1717,0.9228,0.0007,-1.8827,1.6172,1.304
2026-09-11T17:04:13Z,2026-09-11 17:03:31,SPXW,2026-09-18,P,7400.0,7668.2998,6.6,75.0,6.8,92.0,6.6,1798.0,4294.0,0.182,-0.0772,0.0007,-1.8827,1.6172,-0.1132
2026-09-11T17:04:13Z,2026-09-11 17:03:31,SPXW,2026-09-18,C,7405.0,7668.2998,263.3,1.0,281.5,1.0,257.86,0.0,156.0,0.167,0.9203,0.0008,-1.9185,1.6547,1.3013
2026-09-11T17:04:13Z,2026-09-11 17:03:31,SPXW,2026-09-18,P,7405.0,7668.2998,6.8,84.0,7.0,28.0,7.17,213.0,208.0,0.181,-0.0797,0.0008,-1.9185,1.6547,-0.1168
2026-09-11T17:04:13Z,2026-09-11 17:03:31,SPXW,2026-09-18,C,7410.0,7668.2998,258.7,1.0,277.4,1.0,305.12,0.0,282.0,0.1692,0.9177,0.0008,-1.9551,1.693,1.2985
2026-09-11T17:04:13Z,2026-09-11 17:03:31,SPXW,2026-09-18,P,7410.0,7668.2998,7.0,157.0,7.2,25.0,7.33,148.0,843.0,0.1796,-0.0822,0.0008,-1.9551,1.693,-0.1206
2026-09-11T17:04:13Z,2026-09-11 17:03:31,SPXW,2026-09-18,C,7415.0,7668.2998,253.6,1.0,272.4,1.0,318.02,0.0,54.0,0.1662,0.9151,0.0008,-1.9924,1.7324,1.2956
2026-09-11T17:04:13Z,2026-09-11 17:03:31,SPXW,2026-09-18,P,7415.0,7668.2998,7.2,125.0,7.4,24.0,7.68,422.0,400.0,0.1782,-0.0849,0.0008,-1.9924,1.7324,-0.1245
2026-09-11T17:04:13Z,2026-09-11 17:03:31,SPXW,2026-09-18,C,7420.0,7668.2998,248.7,1.0,268.2,2.0,213.71,0.0,95.0,0.1678,0.9123,0.0008,-2.0306,1.7729,1.2925
2026-09-11T17:04:13Z,2026-09-11 17:03:31,SPXW,2026-09-18,P,7420.0,7668.2998,7.5,69.0,7.6,19.0,7.67,140.0,509.0,0.1768,-0.0876,0.0008,-2.0306,1.7729,-0.1285
2026-09-11T17:04:13Z,2026-09-11 17:03:31,SPXW,2026-09-18,C,7425.0,7668.2998,244.2,3.0,263.4,1.0,196.56,0.0,438.0,0.1664,0.9095,0.0009,-2.0695,1.8146,1.2893
2026-09-11T17:04:13Z,2026-09-11 17:03:31,SPXW,2026-09-18,P,7425.0,7668.2998,7.7,172.0,7.9,23.0,7.9,1373.0,1574.0,0.1758,-0.0905,0.0009,-2.0695,1.8146,-0.1327
2026-09-11T17:04:13Z,2026-09-11 17:03:31,SPXW,2026-09-18,C,7430.0,7668.2998,239.3,1.0,258.3,1.0,191.51,0.0,81.0,0.1638,0.9065,0.0009,-2.1091,1.8576,1.2859
2026-09-11T17:04:13Z,2026-09-11 17:03:31,SPXW,2026-09-18,P,7430.0,7668.2998,8.0,65.0,8.2,31.0,8.28,298.0,454.0,0.1746,-0.0935,0.0009,-2.1091,1.8576,-0.137
2026-09-11T17:04:13Z,2026-09-11 17:03:31,SPXW,2026-09-18,C,7435.0,7668.2998,235.0,1.0,254.0,1.0,231.4,0.0,21.0,0.1655,0.9034,0.0009,-2.1495,1.9019,1.2823
2026-09-11T17:04:13Z,2026-09-11 17:03:31,SPXW,2026-09-18,P,7435.0,7668.2998,8.3,16.0,8.4,17.0,9.06,229.0,1344.0,0.1735,-0.0966,0.0009,-2.1495,1.9019,-0.1416
2026-09-11T17:04:13Z,2026-09-11 17:03:31,SPXW,2026-09-18,C,7440.0,7668.2998,233.8,1.0,248.8,1.0,227.18,0.0,102.0,0.1732,0.9002,0.0009,-2.1907,1.9472,1.2784
2026-09-11T17:04:13Z,2026-09-11 17:03:31,SPXW,2026-09-18,P,7440.0,7668.2998,8.6,13.0,8.7,20.0,8.7,177.0,1082.0,0.1721,-0.0998,0.0009,-2.1907,1.9472,-0.1464
2026-09-11T17:04:13Z,2026-09-11 17:03:31,SPXW,2026-09-18,C,7445.0,7668.2998,233.9,24.0,239.6,24.0,233.95,0.0,64.0,0.1725,0.8968,0.001,-2.2326,1.9933,1.2744
2026-09-11T17:04:13Z,2026-09-11 17:03:31,SPXW,2026-09-18,P,7445.0,7668.2998,8.9,8.0,9.0,19.0,9.7,173.0,377.0,0.171,-0.1031,0.001,-2.2326,1.9933,-0.1515
2026-09-11T17:04:13Z,2026-09-11 17:03:31,SPXW,2026-09-18,C,7450.0,7668.2998,228.7,24.0,234.4,24.0,232.92,1.0,353.0,0.1717,0.8934,0.001,-2.2753,2.0401,1.2701
2026-09-11T17:04:13Z,2026-09-11 17:03:31,SPXW,2026-09-18,P,7450.0,7668.2998,9.2,15.0,9.3,16.0,9.3,587.0,2578.0,0.17,-0.1066,0.001,-2.2753,2.0401,-0.1567
2026-09-11T17:04:13Z,2026-09-11 17:03:31,SPXW,2026-09-18,C,7455.0,7668.2998,224.0,24.0,229.7,24.0,173.54,0.0,47.0,0.1703,0.8897,0.001,-2.3187,2.0877,1.2656
2026-09-11T17:04:13Z,2026-09-11 17:03:31,SPXW,2026-09-18,P,7455.0,7668.2998,9.5,15.0,9.6,16.0,10.2,221.0,277.0,0.1687,-0.1102,0.001,-2.3187,2.0877,-0.1621
2026-09-11T17:04:13Z,2026-09-11 17:03:31,SPXW,2026-09-18,C,7460.0,7668.2998,219.5,24.0,225.2,24.0,168.49,0.0,28.0,0.1698,0.886,0.0011,-2.3629,2.1361,1.261
2026-09-11T17:04:13Z,2026-09-11 17:03:31,SPXW,2026-09-18,P,7460.0,7668.2998,9.8,68.0,10.0,18.0,10.1,82.0,473.0,0.1673,-0.114,0.0011,-2.3629,2.1361,-0.1676
2026-09-11T17:04:13Z,2026-09-11 17:03:31,SPXW,2026-09-18,C,7465.0,7668.2998,214.7,24.0,220.4,24.0,221.07,7.0,13.0,0.1679,0.882,0.0011,-2.4077,2.1857,1.2563
2026-09-11T17:04:13Z,2026-09-11 17:03:31,SPXW,2026-09-18,P,7465.0,7668.2998,10.2,12.0,10.3,15.0,10.5,60.0,198.0,0.1664,-0.1179,0.0011,-2.4077,2.1857,-0.1734
2026-09-11T17:04:13Z,2026-09-11 17:03:31,SPXW,2026-09-18,C,7470.0,7668.2998,210.1,24.0,215.9,24.0,210.18,1.0,83.0,0.167,0.878,0.0011,-2.4532,2.2366,1.2513
2026-09-11T17:04:13Z,2026-09-11 17:03:31,SPXW,2026-09-18,P,7470.0,7668.2998,10.6,8.0,10.7,17.0,10.9,134.0,567.0,0.1651,-0.122,0.0011,-2.4532,2.2366,-0.1793
2026-09-11T17:04:13Z,2026-09-11 17:03:31,SPXW,2026-09-18,C,7475.0,7668.2998,205.5,24.0,211.3,24.0,156.01,0.0,337.0,0.1656,0.8738,0.0012,-2.4994,2.2889,1.246
2026-09-11T17:04:13Z,2026-09-11 17:03:31,SPXW,2026-09-18,P,7475.0,7668.2998,10.9,93.0,11.1,17.0,11.1,1297.0,1823.0,0.1638,-0.1262,0.0012,-2.4994,2.2889,-0.1855
2026-09-11T17:04:13Z,2026-09-11 17:03:31,SPXW,2026-09-18,C,7480.0,7668.2998,200.9,25.0,206.5,25.0,209.39,3.0,112.0,0.1642,0.8694,0.0012,-2.5461,2.3425,1.2405
2026-09-11T17:04:13Z,2026-09-11 17:03:31,SPXW,2026-09-18,P,7480.0,7668.2998,11.3,64.0,11.5,16.0,11.6,113.0,644.0,0.1626,-0.1306,0.0012,-2.5461,2.3425,-0.1921
2026-09-11T17:04:13Z,2026-09-11 17:03:31,SPXW,2026-09-18,C,7485.0,7668.2998,196.4,25.0,202.1,25.0,202.62,7.0,18.0,0.1634,0.8648,0.0012,-2.5934,2.3973,1.2346
2026-09-11T17:04:13Z,2026-09-11 17:03:31,SPXW,2026-09-18,P,7485.0,7668.2998,11.8,7.0,11.9,15.0,13.36,126.0,290.0,0.1616,-0.1352,0.0012,-2.5934,2.3973,-0.1989
2026-09-11T17:04:13Z,2026-09-11 17:03:31,SPXW,2026-09-18,C,7490.0,7668.2998,191.8,25.0,197.5,25.0,192.13,1.0,59.0,0.1622,0.86,0.0013,-2.6413,2.4528,1.2284
2026-09-11T17:04:13Z,2026-09-11 17:03:31,SPXW,2026-09-18,P,7490.0,7668.2998,12.2,13.0,12.3,12.0,12.58,166.0,458.0,0.1603,-0.1399,0.0013,-2.6413,2.4528,-0.2061
2026-09-11T17:04:13Z,2026-09-11 17:03:31,SPXW,2026-09-18,C,7495.0,7668.2998,187.3,25.0,192.8,25.0,178.84,0.0,619.0,0.1608,0.8551,0.0013,-2.6896,2.5087,1.2219
2026-09-11T17:04:13Z,2026-09-11 17:03:31,SPXW,2026-09-18,P,7495.0,7668.2998,12.6,61.0,12.8,17.0,13.45,198.0,1114.0,0.1591,-0.1449,0.0013,-2.6896,2.5087,-0.2135
2026-09-11T17:04:13Z,2026-09-11 17:03:31,SPXW,2026-09-18,C,7500.0,7668.2998,182.8,25.0,188.4,25.0,186.0,7.0,768.0,0.1599,0.8499,0.0014,-2.7384,2.5652,1.2152
2026-09-11T17:04:13Z,2026-09-11 17:03:31,SPXW,2026-09-18,P,7500.0,7668.2998,13.1,38.0,13.3,14.0,13.3,837.0,3351.0,0.1581,-0.15,0.0014,-2.7384,2.5652,-0.2212
2026-09-11T17:04:13Z,2026-09-11 17:03:31,SPXW,2026-09-18,C,7505.0,7668.2998,178.3,25.0,183.9,25.0,184.86,1.0,64.0,0.1585,0.8446,0.0014,-2.7876,2.6224,1.2083
2026-09-11T17:04:13Z,2026-09-11 17:03:31,SPXW,2026-09-18,P,7505.0,7668.2998,13.6,13.0,13.7,11.0,13.72,280.0,265.0,0.157,-0.1554,0.0014,-2.7876,2.6224,-0.229
2026-09-11T17:04:13Z,2026-09-11 17:03:31,SPXW,2026-09-18,C,7510.0,7668.2998,173.8,25.0,179.3,25.0,169.45,23.0,117.0,0.157,0.839,0.0015,-2.8371,2.6806,1.2011
2026-09-11T17:04:13Z,2026-09-11 17:03:31,SPXW,2026-09-18,P,7510.0,7668.2998,14.1,24.0,14.3,14.0,14.98,179.0,502.0,0.1557,-0.1609,0.0015,-2.8371,2.6806,-0.2372
2026-09-11T17:04:13Z,2026-09-11 17:03:31,SPXW,2026-09-18,C,7515.0,7668.2998,169.4,26.0,174.8,26.0,169.49,6.0,51.0,0.1559,0.8333,0.0015,-2.8868,2.7402,1.1936
2026-09-11T17:04:13Z,2026-09-11 17:03:31,SPXW,2026-09-18,P,7515.0,7668.2998,14.7,7.0,14.8,13.0,15.1,122.0,841.0,0.1546,-0.1667,0.0015,-2.8868,2.7402,-0.2457
2026-09-11T17:04:13Z,2026-09-11 17:03:31,SPXW,2026-09-18,C,7520.0,7668.2998,165.0,26.0,170.3,26.0,167.38,1.0,55.0,0.1546,0.8273,0.0016,-2.9367,2.8009,1.1856
2026-09-11T17:04:13Z,2026-09-11 17:03:31,SPXW,2026-09-18,P,7520.0,7668.2998,15.2,56.0,15.4,13.0,15.7,113.0,935.0,0.1534,-0.1727,0.0016,-2.9367,2.8009,-0.2546
2026-09-11T17:04:13Z,2026-09-11 17:03:31,SPXW,2026-09-18,C,7525.0,7668.2998,160.6,26.0,165.9,26.0,163.75,1.0,210.0,0.1535,0.821,0.0016,-2.9866,2.8626,1.1772
2026-09-11T17:04:13Z,2026-09-11 17:03:31,SPXW,2026-09-18,P,7525.0,7668.2998,15.8,13.0,16.0,17.0,16.23,193.0,729.0,0.1524,-0.1789,0.0016,-2.9866,2.8626,-0.2639
2026-09-11T17:04:13Z,2026-09-11 17:03:31,SPXW,2026-09-18,C,7530.0,7668.2998,156.2,26.0,161.5,26.0,153.56,10.0,80.0,0.1525,0.8146,0.0016,-3.0365,2.9245,1.1684
2026-09-11T17:04:13Z,2026-09-11 17:03:31,SPXW,2026-09-18,P,7530.0,7668.2998,16.4,39.0,16.6,13.0,17.4,200.0,691.0,0.1512,-0.1854,0.0016,-3.0365,2.9245,-0.2737
2026-09-11T17:04:13Z,2026-09-11 17:03:31,SPXW,2026-09-18,C,7535.0,7668.2998,151.9,26.0,157.2,26.0,151.98,7.0,77.0,0.1512,0.8079,0.0017,-3.0863,2.9863,1.1593
2026-09-11T17:04:13Z,2026-09-11 17:03:31,SPXW,2026-09-18,P,7535.0,7668.2998,17.1,7.0,17.2,13.0,17.46,643.0,244.0,0.1501,-0.1921,0.0017,-3.0863,2.9863,-0.2838
2026-09-11T17:04:13Z,2026-09-11 17:03:31,SPXW,2026-09-18,C,7540.0,7668.2998,147.6,27.0,152.8,27.0,107.29,0.0,89.0,0.1499,0.8009,0.0017,-3.1358,3.048,1.1499
2026-09-11T17:04:13Z,2026-09-11 17:03:31,SPXW,2026-09-18,P,7540.0,7668.2998,17.7,55.0,17.9,13.0,17.7,179.0,724.0,0.1489,-0.1991,0.0017,-3.1358,3.048,-0.2941
2026-09-11T17:04:13Z,2026-09-11 17:03:31,SPXW,2026-09-18,C,7545.0,7668.2998,143.3,27.0,148.5,27.0,149.63,8.0,1911.0,0.1489,0.7937,0.0018,-3.1849,3.11,1.1402
2026-09-11T17:04:13Z,2026-09-11 17:03:31,SPXW,2026-09-18,P,7545.0,7668.2998,18.4,57.0,18.6,13.0,18.55,172.0,2140.0,0.1478,-0.2063,0.0018,-3.1849,3.11,-0.3048
2026-09-11T17:04:13Z,2026-09-11 17:03:31,SPXW,2026-09-18,C,7550.0,7668.2998,139.6,8.0,143.9,7.0,133.59,23.0,2508.0,0.1467,0.7862,0.0018,-3.2336,3.1727,1.1301
2026-09-11T17:04:13Z,2026-09-11 17:03:31,SPXW,2026-09-18,P,7550.0,7668.2998,19.1,81.0,19.3,13.0,19.07,941.0,7198.0,0.1467,-0.2138,0.0018,-3.2336,3.1727,-0.3158
2026-09-11T17:04:13Z,2026-09-11 17:03:31,SPXW,2026-09-18,C,7555.0,7668.2998,134.9,27.0,140.1,27.0,134.97,6.0,50.0,0.1468,0.7784,0.0019,-3.2816,3.2362,1.1196
2026-09-11T17:04:13Z,2026-09-11 17:03:31,SPXW,2026-09-18,P,7555.0,7668.2998,19.9,22.0,20.1,13.0,20.9,151.0,655.0,0.1454,-0.2216,0.0019,-3.2816,3.2362,-0.3273
2026-09-11T17:04:13Z,2026-09-11 17:03:31,SPXW,2026-09-18,C,7560.0,7668.2998,130.7,27.0,135.7,27.0,92.3,0.0,185.0,0.1454,0.7703,0.002,-3.3287,3.3,1.1084
2026-09-11T17:04:13Z,2026-09-11 17:03:31,SPXW,2026-09-18,P,7560.0,7668.2998,20.7,22.0,20.9,13.0,20.85,174.0,770.0,0.1443,-0.2296,0.002,-3.3287,3.3,-0.3394
2026-09-11T17:04:13Z,2026-09-11 17:03:31,SPXW,2026-09-18,C,7565.0,7668.2998,126.5,27.0,132.0,27.0,132.68,14.0,609.0,0.1443,0.762,0.002,-3.3748,3.3633,1.0967
2026-09-11T17:04:13Z,2026-09-11 17:03:31,SPXW,2026-09-18,P,7565.0,7668.2998,21.5,55.0,21.7,12.0,21.9,171.0,357.0,0.1434,-0.238,0.002,-3.3748,3.3633,-0.3521
2026-09-11T17:04:13Z,2026-09-11 17:03:31,SPXW,2026-09-18,C,7570.0,7668.2998,123.4,1.0,126.5,1.0,122.69,5.0,203.0,0.1422,0.7533,0.0021,-3.4198,3.4256,1.0847
2026-09-11T17:04:13Z,2026-09-11 17:03:31,SPXW,2026-09-18,P,7570.0,7668.2998,22.4,20.0,22.6,12.0,23.8,115.0,409.0,0.1421,-0.2466,0.0021,-3.4198,3.4256,-0.3651
2026-09-11T17:04:13Z,2026-09-11 17:03:31,SPXW,2026-09-18,C,7575.0,7668.2998,119.3,1.0,122.4,1.0,119.44,16.0,505.0,0.1409,0.7444,0.0021,-3.4634,3.4869,1.0723
2026-09-11T17:04:13Z,2026-09-11 17:03:31,SPXW,2026-09-18,P,7575.0,7668.2998,23.3,19.0,23.5,14.0,23.4,335.0,1937.0,0.141,-0.2556,0.0021,-3.4634,3.4869,-0.3784
2026-09-11T17:04:13Z,2026-09-11 17:03:31,SPXW,2026-09-18,C,7580.0,7668.2998,115.3,1.0,118.8,1.0,118.15,18.0,642.0,0.1404,0.7351,0.0022,-3.5055,3.5476,1.0597
2026-09-11T17:04:13Z,2026-09-11 17:03:31,SPXW,2026-09-18,P,7580.0,7668.2998,24.2,23.0,24.4,11.0,25.7,361.0,740.0,0.1399,-0.2648,0.0022,-3.5055,3.5476,-0.392
2026-09-11T17:04:13Z,2026-09-11 17:03:31,SPXW,2026-09-18,C,7585.0,7668.2998,111.3,1.0,114.3,1.0,104.55,29.0,190.0,0.1393,0.7256,0.0022,-3.5459,3.608,1.0465
2026-09-11T17:04:13Z,2026-09-11 17:03:31,SPXW,2026-09-18,P,7585.0,7668.2998,25.2,21.0,25.4,11.0,25.72,668.0,737.0,0.1388,-0.2744,0.0022,-3.5459,3.608,-0.4062
2026-09-11T17:04:13Z,2026-09-11 17:03:31,SPXW,2026-09-18,C,7590.0,7668.2998,107.3,1.0,110.4,1.0,105.63,32.0,236.0,0.1381,0.7157,0.0023,-3.5843,3.668,1.0326
2026-09-11T17:04:13Z,2026-09-11 17:03:31,SPXW,2026-09-18,P,7590.0,7668.2998,26.2,21.0,26.4,11.0,26.2,328.0,867.0,0.1376,-0.2843,0.0023,-3.5843,3.668,-0.421
2026-09-11T17:04:13Z,2026-09-11 17:03:31,SPXW,2026-09-18,C,7595.0,7668.2998,104.1,21.0,105.7,15.0,106.88,25.0,166.0,0.1364,0.7054,0.0024,-3.6205,3.7269,1.0181
2026-09-11T17:04:13Z,2026-09-11 17:03:31,SPXW,2026-09-18,P,7595.0,7668.2998,27.3,19.0,27.5,11.0,27.42,119.0,390.0,0.1365,-0.2945,0.0024,-3.6205,3.7269,-0.4365
2026-09-11T17:04:13Z,2026-09-11 17:03:31,SPXW,2026-09-18,C,7600.0,7668.2998,101.0,2.0,101.3,2.0,98.86,120.0,3708.0,0.1355,0.6949,0.0024,-3.6542,3.7837,1.0031
2026-09-11T17:04:13Z,2026-09-11 17:03:31,SPXW,2026-09-18,P,7600.0,7668.2998,28.4,34.0,28.6,11.0,28.4,1037.0,4459.0,0.1353,-0.3051,0.0024,-3.6542,3.7837,-0.4524
2026-09-11T17:04:13Z,2026-09-11 17:03:31,SPXW,2026-09-18,C,7605.0,7668.2998,97.1,2.0,97.4,2.0,97.52,19.0,326.0,0.1345,0.684,0.0025,-3.6853,3.8382,0.9878
2026-09-11T17:04:13Z,2026-09-11 17:03:31,SPXW,2026-09-18,P,7605.0,7668.2998,29.5,50.0,29.8,16.0,29.67,107.0,935.0,0.1343,-0.316,0.0025,-3.6853,3.8382,-0.4686
2026-09-11T17:04:13Z,2026-09-11 17:03:31,SPXW,2026-09-18,C,7610.0,7668.2998,93.3,3.0,93.6,3.0,93.77,45.0,537.0,0.1333,0.6728,0.0025,-3.7135,3.8906,0.9722
2026-09-11T17:04:13Z,2026-09-11 17:03:31,SPXW,2026-09-18,P,7610.0,7668.2998,30.7,44.0,31.0,16.0,30.92,519.0,665.0,0.1332,-0.3272,0.0025,-3.7135,3.8906,-0.4852
2026-09-11T17:04:13Z,2026-09-11 17:03:31,SPXW,2026-09-18,C,7615.0,7668.2998,89.6,3.0,89.9,3.0,93.95,18.0,655.0,0.1323,0.6612,0.0026,-3.7386,3.9414,0.9561
2026-09-11T17:04:13Z,2026-09-11 17:03:31,SPXW,2026-09-18,P,7615.0,7668.2998,32.0,20.0,32.3,16.0,33.93,471.0,2283.0,0.132,-0.3387,0.0026,-3.7386,3.9414,-0.5023
2026-09-11T17:04:13Z,2026-09-11 17:03:31,SPXW,2026-09-18,C,7620.0,7668.2998,85.9,4.0,86.2,4.0,85.7,31.0,531.0,0.1311,0.6493,0.0026,-3.7603,3.9903,0.9391
2026-09-11T17:04:13Z,2026-09-11 17:03:31,SPXW,2026-09-18,P,7620.0,7668.2998,33.3,19.0,33.6,17.0,33.39,614.0,417.0,0.1309,-0.3506,0.0026,-3.7603,3.9903,-0.5202
2026-09-11T17:04:13Z,2026-09-11 17:03:31,SPXW,2026-09-18,C,7625.0,7668.2998,82.3,5.0,82.6,5.0,82.02,242.0,1142.0,0.1301,0.6371,0.0027,-3.7783,4.0365,0.9215
2026-09-11T17:04:13Z,2026-09-11 17:03:31,SPXW,2026-09-18,P,7625.0,7668.2998,34.7,18.0,34.9,10.0,36.4,544.0,4532.0,0.1299,-0.3629,0.0027,-3.7783,4.0365,-0.5388
2026-09-11T17:04:13Z,2026-09-11 17:03:31,SPXW,2026-09-18,C,7630.0,7668.2998,78.7,5.0,79.0,5.0,77.31,79.0,413.0,0.1289,0.6245,0.0027,-3.7924,4.0792,0.9035
2026-09-11T17:04:13Z,2026-09-11 17:03:31,SPXW,2026-09-18,P,7630.0,7668.2998,36.1,18.0,36.3,7.0,36.11,375.0,3394.0,0.1287,-0.3755,0.0027,-3.7924,4.0792,-0.5578
2026-09-11T17:04:13Z,2026-09-11 17:03:31,SPXW,2026-09-18,C,7635.0,7668.2998,75.2,5.0,75.5,5.0,77.0,39.0,720.0,0.1278,0.6116,0.0028,-3.8023,4.1181,0.8852
2026-09-11T17:04:13Z,2026-09-11 17:03:31,SPXW,2026-09-18,P,7635.0,7668.2998,37.6,32.0,37.9,16.0,38.5,1442.0,1661.0,0.1276,-0.3884,0.0028,-3.8023,4.1181,-0.577
2026-09-11T17:04:13Z,2026-09-11 17:03:31,SPXW,2026-09-18,C,7640.0,7668.2998,71.8,5.0,72.1,16.0,74.2,169.0,347.0,0.1266,0.5983,0.0028,-3.808,4.1535,0.8666
2026-09-11T17:04:13Z,2026-09-11 17:03:31,SPXW,2026-09-18,P,7640.0,7668.2998,39.1,43.0,39.4,10.0,38.7,167.0,1163.0,0.1265,-0.4017,0.0028,-3.808,4.1535,-0.5966
2026-09-11T17:04:13Z,2026-09-11 17:03:31,SPXW,2026-09-18,C,7645.0,7668.2998,68.4,6.0,68.7,17.0,67.18,78.0,278.0,0.1257,0.5847,0.0029,-3.809,4.1854,0.8471
2026-09-11T17:04:13Z,2026-09-11 17:03:31,SPXW,2026-09-18,P,7645.0,7668.2998,40.8,7.0,41.0,10.0,39.24,31.0,251.0,0.1254,-0.4153,0.0029,-3.809,4.1854,-0.617
2026-09-11T17:04:13Z,2026-09-11 17:03:31,SPXW,2026-09-18,C,7650.0,7668.2998,65.1,6.0,65.4,17.0,65.2,470.0,5248.0,0.1244,0.5708,0.0029,-3.8051,4.2134,0.8269
2026-09-11T17:04:13Z,2026-09-11 17:03:31,SPXW,2026-09-18,P,7650.0,7668.2998,42.4,57.0,42.7,10.0,42.22,1201.0,5410.0,0.1243,-0.4292,0.0029,-3.8051,4.2134,-0.6382
2026-09-11T17:04:13Z,2026-09-11 17:03:31,SPXW,2026-09-18,C,7655.0,7668.2998,61.9,6.0,62.1,14.0,62.3,127.0,264.0,0.1234,0.5565,0.003,-3.7961,4.2366,0.8063
2026-09-11T17:04:13Z,2026-09-11 17:03:31,SPXW,2026-09-18,P,7655.0,7668.2998,44.2,18.0,44.5,15.0,46.07,82.0,3068.0,0.1232,-0.4435,0.003,-3.7961,4.2366,-0.6598
2026-09-11T17:04:13Z,2026-09-11 17:03:31,SPXW,2026-09-18,C,7660.0,7668.2998,58.7,6.0,58.9,8.0,57.62,355.0,452.0,0.1224,0.5419,0.003,-3.7818,4.2546,0.7855
2026-09-11T17:04:13Z,2026-09-11 17:03:31,SPXW,2026-09-18,P,7660.0,7668.2998,46.0,35.0,46.3,10.0,48.7,449.0,1170.0,0.1222,-0.458,0.003,-3.7818,4.2546,-0.6815
2026-09-11T17:04:13Z,2026-09-11 17:03:31,SPXW,2026-09-18,C,7665.0,7668.2998,55.6,6.0,55.8,5.0,53.12,228.0,168.0,0.1213,0.527,0.0031,-3.7622,4.2675,0.7644
2026-09-11T17:04:13Z,2026-09-11 17:03:31,SPXW,2026-09-18,P,7665.0,7668.2998,48.0,7.0,48.2,7.0,48.2,454.0,269.0,0.1211,-0.4729,0.0031,-3.7622,4.2675,-0.7035
2026-09-11T17:04:13Z,2026-09-11 17:03:31,SPXW,2026-09-18,C,7670.0,7668.2998,52.6,6.0,52.8,5.0,52.8,469.0,503.0,0.1202,0.5118,0.0031,-3.737,4.275,0.7425
2026-09-11T17:04:13Z,2026-09-11 17:03:31,SPXW,2026-09-18,P,7670.0,7668.2998,49.9,39.0,50.2,7.0,50.0,433.0,596.0,0.1201,-0.4881,0.0031,-3.737,4.275,-0.7264
2026-09-11T17:04:13Z,2026-09-11 17:03:31,SPXW,2026-09-18,C,7675.0,7668.2998,49.7,6.0,49.9,8.0,49.9,401.0,4704.0,0.1192,0.4964,0.0031,-3.7059,4.2767,0.72
2026-09-11T17:04:13Z,2026-09-11 17:03:31,SPXW,2026-09-18,P,7675.0,7668.2998,52.0,17.0,52.3,14.0,52.16,532.0,2978.0,0.119,-0.5036,0.0031,-3.7059,4.2767,-0.7499
2026-09-11T17:04:13Z,2026-09-11 17:03:31,SPXW,2026-09-18,C,7680.0,7668.2998,46.8,13.0,47.0,5.0,46.7,205.0,3311.0,0.1181,0.4807,0.0031,-3.669,4.2722,0.6972
2026-09-11T17:04:13Z,2026-09-11 17:03:31,SPXW,2026-09-18,P,7680.0,7668.2998,54.2,6.0,54.4,6.0,56.45,269.0,798.0,0.1181,-0.5193,0.0031,-3.669,4.2722,-0.7736
2026-09-11T17:04:13Z,2026-09-11 17:03:31,SPXW,2026-09-18,C,7685.0,7668.2998,44.1,7.0,44.3,8.0,46.07,84.0,739.0,0.1172,0.4647,0.0032,-3.6262,4.2616,0.6745
2026-09-11T17:04:13Z,2026-09-11 17:03:31,SPXW,2026-09-18,P,7685.0,7668.2998,56.4,10.0,56.7,9.0,57.6,292.0,606.0,0.117,-0.5352,0.0032,-3.6262,4.2616,-0.7973
2026-09-11T17:04:13Z,2026-09-11 17:03:31,SPXW,2026-09-18,C,7690.0,7668.2998,41.4,9.0,41.6,9.0,41.9,109.0,526.0,0.1162,0.4486,0.0032,-3.5775,4.2443,0.6513
2026-09-11T17:04:13Z,2026-09-11 17:03:31,SPXW,2026-09-18,P,7690.0,7668.2998,58.7,23.0,59.0,9.0,61.08,2234.0,2861.0,0.116,-0.5514,0.0032,-3.5775,4.2443,-0.8214
2026-09-11T17:04:13Z,2026-09-11 17:03:31,SPXW,2026-09-18,C,7695.0,7668.2998,38.8,13.0,39.0,6.0,38.03,91.0,1682.0,0.1152,0.4323,0.0032,-3.5228,4.2198,0.6275
2026-09-11T17:04:13Z,2026-09-11 17:03:31,SPXW,2026-09-18,P,7695.0,7668.2998,61.2,6.0,61.4,6.0,62.4,85.0,637.0,0.1151,-0.5677,0.0032,-3.5228,4.2198,-0.8462
2026-09-11T17:04:13Z,2026-09-11 17:03:31,SPXW,2026-09-18,C,7700.0,7668.2998,36.4,7.0,36.6,17.0,36.7,636.0,4976.0,0.1142,0.4158,0.0032,-3.4622,4.188,0.6034
2026-09-11T17:04:13Z,2026-09-11 17:03:31,SPXW,2026-09-18,P,7700.0,7668.2998,63.7,6.0,63.9,6.0,66.15,333.0,2372.0,0.1141,-0.5841,0.0032,-3.4622,4.188,-0.8712
2026-09-11T17:04:13Z,2026-09-11 17:03:31,SPXW,2026-09-18,C,7705.0,7668.2998,33.9,10.0,34.2,17.0,34.5,215.0,3022.0,0.1132,0.3992,0.0032,-3.3957,4.1496,0.5796
2026-09-11T17:04:13Z,2026-09-11 17:03:31,SPXW,2026-09-18,P,7705.0,7668.2998,66.3,5.0,66.5,5.0,66.9,778.0,838.0,0.1132,-0.6007,0.0032,-3.3957,4.1496,-0.896
2026-09-11T17:04:13Z,2026-09-11 17:03:31,SPXW,2026-09-18,C,7710.0,7668.2998,31.6,10.0,31.9,17.0,31.4,46.0,368.0,0.1123,0.3826,0.0032,-3.3237,4.1044,0.5557
2026-09-11T17:04:13Z,2026-09-11 17:03:31,SPXW,2026-09-18,P,7710.0,7668.2998,69.0,5.0,69.2,5.0,73.1,90.0,431.0,0.1121,-0.6173,0.0032,-3.3237,4.1044,-0.9208
2026-09-11T17:04:13Z,2026-09-11 17:03:31,SPXW,2026-09-18,C,7715.0,7668.2998,29.5,7.0,29.7,17.0,29.22,367.0,866.0,0.1114,0.3659,0.0031,-3.2462,4.0512,0.5314
2026-09-11T17:04:13Z,2026-09-11 17:03:31,SPXW,2026-09-18,P,7715.0,7668.2998,71.7,21.0,72.1,5.0,68.05,45.0,493.0,0.1112,-0.634,0.0031,-3.2462,4.0512,-0.9461
2026-09-11T17:04:13Z,2026-09-11 17:03:31,SPXW,2026-09-18,C,7720.0,7668.2998,27.3,11.0,27.5,6.0,27.14,118.0,503.0,0.1105,0.3493,0.0031,-3.1634,3.9899,0.5069
2026-09-11T17:04:13Z,2026-09-11 17:03:31,SPXW,2026-09-18,P,7720.0,7668.2998,74.7,4.0,75.0,4.0,74.78,103.0,1191.0,0.1104,-0.6507,0.0031,-3.1634,3.9899,-0.9715
2026-09-11T17:04:13Z,2026-09-11 17:03:31,SPXW,2026-09-18,C,7725.0,7668.2998,25.3,36.0,25.5,10.0,24.58,702.0,1535.0,0.1097,0.3327,0.0031,-3.0757,3.9222,0.483
2026-09-11T17:04:13Z,2026-09-11 17:03:31,SPXW,2026-09-18,P,7725.0,7668.2998,77.6,3.0,77.9,3.0,79.49,282.0,1370.0,0.1096,-0.6672,0.0031,-3.0757,3.9222,-0.9964
2026-09-11T17:04:13Z,2026-09-11 17:03:31,SPXW,2026-09-18,C,7730.0,7668.2998,23.4,11.0,23.6,10.0,23.5,193.0,373.0,0.1089,0.3162,0.003,-2.9834,3.8484,0.4594
2026-09-11T17:04:13Z,2026-09-11 17:03:31,SPXW,2026-09-18,P,7730.0,7668.2998,80.7,3.0,81.0,3.0,79.92,93.0,571.0,0.1088,-0.6837,0.003,-2.9834,3.8484,-1.021
2026-09-11T17:04:13Z,2026-09-11 17:03:31,SPXW,2026-09-18,C,7735.0,7668.2998,21.6,12.0,21.8,21.0,21.7,341.0,634.0,0.1081,0.3,0.003,-2.8868,3.767,0.4355
2026-09-11T17:04:13Z,2026-09-11 17:03:31,SPXW,2026-09-18,P,7735.0,7668.2998,82.5,1.0,85.5,1.0,81.0,1109.0,1234.0,0.1073,-0.7,0.003,-2.8868,3.767,-1.0459
2026-09-11T17:04:13Z,2026-09-11 17:03:31,SPXW,2026-09-18,C,7740.0,7668.2998,19.9,9.0,20.1,21.0,18.92,251.0,534.0,0.1071,0.2839,0.0029,-2.7865,3.6779,0.4118
2026-09-11T17:04:13Z,2026-09-11 17:03:31,SPXW,2026-09-18,P,7740.0,7668.2998,85.7,1.0,88.8,1.0,84.39,108.0,419.0,0.1066,-0.7161,0.0029,-2.7865,3.6779,-1.0705
2026-09-11T17:04:13Z,2026-09-11 17:03:31,SPXW,2026-09-18,C,7745.0,7668.2998,18.3,9.0,18.5,21.0,18.4,304.0,302.0,0.1064,0.268,0.0029,-2.6827,3.5835,0.389
2026-09-11T17:04:13Z,2026-09-11 17:03:31,SPXW,2026-09-18,P,7745.0,7668.2998,89.1,1.0,92.2,1.0,86.94,50.0,231.0,0.1056,-0.7319,0.0029,-2.6827,3.5835,-1.0943
2026-09-11T17:04:13Z,2026-09-11 17:03:31,SPXW,2026-09-18,C,7750.0,7668.2998,16.7,44.0,16.9,11.0,17.1,942.0,1784.0,0.1058,0.2525,0.0028,-2.5761,3.4846,0.3666
2026-09-11T17:04:13Z,2026-09-11 17:03:31,SPXW,2026-09-18,P,7750.0,7668.2998,92.6,1.0,95.7,1.0,97.66,396.0,1672.0,0.1049,-0.7475,0.0028,-2.5761,3.4846,-1.1176
2026-09-11T17:04:13Z,2026-09-11 17:03:31,SPXW,2026-09-18,C,7755.0,7668.2998,15.3,16.0,15.5,23.0,15.6,366.0,727.0,0.105,0.2373,0.0027,-2.4672,3.3794,0.3442
2026-09-11T17:04:13Z,2026-09-11 17:03:31,SPXW,2026-09-18,P,7755.0,7668.2998,95.5,28.0,100.5,28.0,95.15,17.0,191.0,0.1045,-0.7627,0.0027,-2.4672,3.3794,-1.141
2026-09-11T17:04:13Z,2026-09-11 17:03:31,SPXW,2026-09-18,C,7760.0,7668.2998,13.9,54.0,14.2,26.0,13.82,255.0,944.0,0.1043,0.2225,0.0027,-2.3565,3.2682,0.3225
2026-09-11T17:04:13Z,2026-09-11 17:03:31,SPXW,2026-09-18,P,7760.0,7668.2998,99.1,27.0,104.2,27.0,106.02,6.0,81.0,0.1037,-0.7775,0.0027,-2.3565,3.2682,-1.1636
2026-09-11T17:04:13Z,2026-09-11 17:03:31,SPXW,2026-09-18,C,7765.0,7668.2998,12.7,16.0,12.9,26.0,12.7,643.0,497.0,0.1035,0.2081,0.0026,-2.2445,3.1538,0.3018
2026-09-11T17:04:13Z,2026-09-11 17:03:31,SPXW,2026-09-18,P,7765.0,7668.2998,102.3,27.0,107.5,27.0,114.49,14.0,213.0,0.1032,-0.7919,0.0026,-2.2445,3.1538,-1.1853
2026-09-11T17:04:13Z,2026-09-11 17:03:31,SPXW,2026-09-18,C,7770.0,7668.2998,11.5,23.0,11.7,24.0,12.35,230.0,608.0,0.1029,0.1942,0.0025,-2.132,3.0372,0.2816
2026-09-11T17:04:13Z,2026-09-11 17:03:31,SPXW,2026-09-18,P,7770.0,7668.2998,106.6,27.0,111.8,27.0,108.81,3.0,271.0,0.1025,-0.8058,0.0025,-2.132,3.0372,-1.2064
2026-09-11T17:04:13Z,2026-09-11 17:03:31,SPXW,2026-09-18,C,7775.0,7668.2998,10.4,83.0,10.6,20.0,10.52,471.0,1653.0,0.1024,0.1807,0.0024,-2.0196,2.9162,0.2618
2026-09-11T17:04:13Z,2026-09-11 17:03:31,SPXW,2026-09-18,P,7775.0,7668.2998,110.0,26.0,115.3,26.0,112.86,4.0,480.0,0.102,-0.8192,0.0024,-2.0196,2.9162,-1.2272
2026-09-11T17:04:13Z,2026-09-11 17:03:31,SPXW,2026-09-18,C,7780.0,7668.2998,9.4,59.0,9.6,22.0,9.1,426.0,1754.0,0.1015,0.1678,0.0023,-1.9076,2.7921,0.243
2026-09-11T17:04:13Z,2026-09-11 17:03:31,SPXW,2026-09-18,P,7780.0,7668.2998,114.4,26.0,119.3,26.0,115.43,13.0,235.0,0.1011,-0.8321,0.0023,-1.9076,2.7921,-1.247
2026-09-11T17:04:13Z,2026-09-11 17:03:31,SPXW,2026-09-18,C,7785.0,7668.2998,8.5,25.0,8.7,30.0,8.6,320.0,1549.0,0.101,0.1555,0.0022,-1.7969,2.6679,0.2252
2026-09-11T17:04:13Z,2026-09-11 17:03:31,SPXW,2026-09-18,P,7785.0,7668.2998,118.3,25.0,123.4,25.0,119.28,23.0,242.0,0.1002,-0.8445,0.0022,-1.7969,2.6679,-1.2657
2026-09-11T17:04:13Z,2026-09-11 17:03:31,SPXW,2026-09-18,C,7790.0,7668.2998,7.6,71.0,7.8,16.0,8.1,515.0,655.0,0.1007,0.1437,0.0021,-1.688,2.5434,0.208
2026-09-11T17:04:13Z,2026-09-11 17:03:31,SPXW,2026-09-18,P,7790.0,7668.2998,122.4,25.0,128.0,25.0,132.73,25.0,178.0,0.0993,-0.8563,0.0021,-1.688,2.5434,-1.2839
2026-09-11T17:04:13Z,2026-09-11 17:03:31,SPXW,2026-09-18,C,7795.0,7668.2998,6.9,27.0,7.0,14.0,7.7,164.0,447.0,0.1002,0.1325,0.002,-1.5815,2.4175,0.1915
2026-09-11T17:04:13Z,2026-09-11 17:03:31,SPXW,2026-09-18,P,7795.0,7668.2998,126.7,25.0,131.8,25.0,121.17,0.0,148.0,0.0995,-0.8675,0.002,-1.5815,2.4175,-1.3013
2026-09-11T17:04:13Z,2026-09-11 17:03:31,SPXW,2026-09-18,C,7800.0,7668.2998,6.2,37.0,6.3,19.0,6.3,1021.0,4882.0,0.0998,0.1219,0.0019,-1.4779,2.292,0.1762
2026-09-11T17:04:13Z,2026-09-11 17:03:31,SPXW,2026-09-18,P,7800.0,7668.2998,131.0,24.0,136.6,24.0,129.99,41.0,721.0,0.0989,-0.8781,0.0019,-1.4779,2.292,-1.3176
2026-09-11T17:04:13Z,2026-09-11 17:03:31,SPXW,2026-09-18,C,7805.0,7668.2998,5.5,73.0,5.7,38.0,5.78,375.0,1256.0,0.0991,0.1119,0.0018,-1.3776,2.1691,0.1618
2026-09-11T17:04:13Z,2026-09-11 17:03:31,SPXW,2026-09-18,P,7805.0,7668.2998,135.3,24.0,140.5,24.0,147.47,1.0,61.0,0.0985,-0.8881,0.0018,-1.3776,2.1691,-1.333
2026-09-11T17:04:13Z,2026-09-11 17:03:31,SPXW,2026-09-18,C,7810.0,7668.2998,4.9,121.0,5.1,23.0,5.07,528.0,787.0,0.0987,0.1025,0.0017,-1.2811,2.0482,0.148
2026-09-11T17:04:13Z,2026-09-11 17:03:31,SPXW,2026-09-18,P,7810.0,7668.2998,139.7,24.0,144.9,24.0,140.05,6.0,79.0,0.098,-0.8974,0.0017,-1.2811,2.0482,-1.3477
2026-09-11T17:04:13Z,2026-09-11 17:03:31,SPXW,2026-09-18,C,7815.0,7668.2998,4.4,118.0,4.6,37.0,5.0,1304.0,615.0,0.0985,0.0938,0.0016,-1.1889,1.9289,0.1352
2026-09-11T17:04:13Z,2026-09-11 17:03:31,SPXW,2026-09-18,P,7815.0,7668.2998,140.0,3.0,154.2,1.0,131.86,0.0,47.0,0.1011,-0.9062,0.0016,-1.1889,1.9289,-1.3614
2026-09-11T17:04:13Z,2026-09-11 17:03:31,SPXW,2026-09-18,C,7820.0,7668.2998,3.9,134.0,4.1,41.0,4.28,1737.0,2350.0,0.0981,0.0856,0.0015,-1.1011,1.8132,0.1236
2026-09-11T17:04:13Z,2026-09-11 17:03:31,SPXW,2026-09-18,P,7820.0,7668.2998,144.5,3.0,158.9,1.0,151.44,3.0,88.0,0.1001,-0.9144,0.0015,-1.1011,1.8132,-1.3741
2026-09-11T17:04:13Z,2026-09-11 17:03:31,SPXW,2026-09-18,C,7825.0,7668.2998,3.5,173.0,3.7,74.0,3.8,558.0,2414.0,0.0981,0.078,0.0014,-1.018,1.702,0.1125
2026-09-11T17:04:13Z,2026-09-11 17:03:31,SPXW,2026-09-18,P,7825.0,7668.2998,149.9,1.0,163.5,1.0,152.9,5.0,117.0,0.1026,-0.9219,0.0014,-1.018,1.702,-1.3861
2026-09-11T17:04:13Z,2026-09-11 17:03:31,SPXW,2026-09-18,C,7830.0,7668.2998,3.1,183.0,3.3,93.0,3.41,465.0,746.0,0.0978,0.0711,0.0013,-0.9399,1.5949,0.1023
2026-09-11T17:04:13Z,2026-09-11 17:03:31,SPXW,2026-09-18,P,7830.0,7668.2998,154.8,1.0,168.0,3.0,154.7,0.0,66.0,0.1048,-0.9289,0.0013,-0.9399,1.5949,-1.3973
2026-09-11T17:04:13Z,2026-09-11 17:03:31,SPXW,2026-09-18,C,7835.0,7668.2998,2.75,237.0,2.9,55.0,2.97,237.0,471.0,0.0976,0.0647,0.0012,-0.8668,1.4919,0.0931
2026-09-11T17:04:13Z,2026-09-11 17:03:31,SPXW,2026-09-18,P,7835.0,7668.2998,158.2,3.0,172.3,2.0,183.56,0.0,18.0,0.0997,-0.9353,0.0012,-0.8668,1.4919,-1.4074
2026-09-11T17:04:13Z,2026-09-11 17:03:31,SPXW,2026-09-18,C,7840.0,7668.2998,2.45,247.0,2.6,102.0,2.54,160.0,1486.0,0.0973,0.0588,0.0011,-0.7988,1.3942,0.0847
2026-09-11T17:04:13Z,2026-09-11 17:03:31,SPXW,2026-09-18,P,7840.0,7668.2998,163.9,1.0,177.4,1.0,188.06,0.0,54.0,0.1032,-0.9412,0.0011,-0.7988,1.3942,-1.4168
2026-09-11T17:04:13Z,2026-09-11 17:03:31,SPXW,2026-09-18,C,7845.0,7668.2998,2.2,236.0,2.35,126.0,2.31,188.0,257.0,0.0975,0.0535,0.001,-0.7358,1.302,0.0768
2026-09-11T17:04:13Z,2026-09-11 17:03:31,SPXW,2026-09-18,P,7845.0,7668.2998,168.9,1.0,181.9,1.0,162.81,0.0,35.0,0.1048,-0.9465,0.001,-0.7358,1.302,-1.4256
2026-09-11T17:04:13Z,2026-09-11 17:03:31,SPXW,2026-09-18,C,7850.0,7668.2998,1.95,282.0,2.1,125.0,2.07,504.0,3718.0,0.0974,0.0486,0.001,-0.6778,1.2152,0.0698
2026-09-11T17:04:13Z,2026-09-11 17:03:31,SPXW,2026-09-18,P,7850.0,7668.2998,172.3,3.0,186.6,2.0,176.6,2.0,59.0,0.1004,-0.9513,0.001,-0.6778,1.2152,-1.4336
2026-09-11T17:04:13Z,2026-09-11 17:03:31,SPXW,2026-09-18,C,7855.0,7668.2998,1.75,186.0,1.9,127.0,1.87,242.0,614.0,0.0976,0.0442,0.0009,-0.6246,1.1336,0.0635
2026-09-11T17:04:13Z,2026-09-11 17:03:31,SPXW,2026-09-18,P,7855.0,7668.2998,177.1,3.0,191.5,1.0,182.1,0.0,26.0,0.0999,-0.9557,0.0009,-0.6246,1.1336,-1.4408
2026-09-11T17:04:13Z,2026-09-11 17:03:31,SPXW,2026-09-18,C,7860.0,7668.2998,1.55,281.0,1.7,179.0,1.62,84.0,685.0,0.0976,0.0403,0.0008,-0.576,1.0575,0.0578
2026-09-11T17:04:13Z,2026-09-11 17:03:31,SPXW,2026-09-18,P,7860.0,7668.2998,181.8,3.0,196.4,2.0,257.24,0.0,19.0,0.0996,-0.9597,0.0008,-0.576,1.0575,-1.4475
2026-09-11T17:04:13Z,2026-09-11 17:03:31,SPXW,2026-09-18,C,7865.0,7668.2998,1.4,289.0,1.55,199.0,1.58,359.0,456.0,0.098,0.0367,0.0008,-0.5318,0.987,0.0526
2026-09-11T17:04:13Z,2026-09-11 17:03:31,SPXW,2026-09-18,P,7865.0,7668.2998,187.3,1.0,200.9,1.0,129.25,0.0,9.0,0.1038,-0.9632,0.0008,-0.5318,0.987,-1.4536
2026-09-11T17:04:13Z,2026-09-11 17:03:31,SPXW,2026-09-18,C,7870.0,7668.2998,1.25,291.0,1.4,194.0,1.35,106.0,585.0,0.0982,0.0336,0.0007,-0.4918,0.9219,0.048
2026-09-11T17:04:13Z,2026-09-11 17:03:31,SPXW,2026-09-18,P,7870.0,7668.2998,192.0,1.0,206.2,1.0,214.24,0.0,18.0,0.1034,-0.9664,0.0007,-0.4918,0.9219,-1.4592
2026-09-11T17:04:13Z,2026-09-11 17:03:31,SPXW,2026-09-18,C,7875.0,7668.2998,1.15,75.0,1.25,199.0,1.26,926.0,1516.0,0.0985,0.0307,0.0006,-0.4557,0.8617,0.0439
2026-09-11T17:04:13Z,2026-09-11 17:03:31,SPXW,2026-09-18,P,7875.0,7668.2998,196.3,3.0,210.9,1.0,186.02,0.0,69.0,0.1008,-0.9692,0.0006,-0.4557,0.8617,-1.4642
2026-09-11T17:04:13Z,2026-09-11 17:03:31,SPXW,2026-09-18,C,7880.0,7668.2998,1.0,454.0,1.15,221.0,1.22,200.0,612.0,0.099,0.0282,0.0006,-0.4231,0.8064,0.0403
2026-09-11T17:04:13Z,2026-09-11 17:03:31,SPXW,2026-09-18,P,7880.0,7668.2998,201.2,1.0,215.5,2.0,271.04,0.0,53.0,0.1016,-0.9718,0.0006,-0.4231,0.8064,-1.4688
2026-09-11T17:04:13Z,2026-09-11 17:03:31,SPXW,2026-09-18,C,7885.0,7668.2998,0.95,94.0,1.05,222.0,0.99,104.0,507.0,0.0995,0.0259,0.0006,-0.3939,0.7557,0.037
2026-09-11T17:04:13Z,2026-09-11 17:03:31,SPXW,2026-09-18,P,7885.0,7668.2998,205.7,1.0,220.6,1.0,154.95,0.0,18.0,0.0957,-0.9741,0.0006,-0.3939,0.7557,-1.4731
2026-09-11T17:04:13Z,2026-09-11 17:03:31,SPXW,2026-09-18,C,7890.0,7668.2998,0.85,232.0,0.95,87.0,0.94,89.0,2647.0,0.0997,0.0239,0.0005,-0.3676,0.7094,0.034
2026-09-11T17:04:13Z,2026-09-11 17:03:31,SPXW,2026-09-18,P,7890.0,7668.2998,210.5,1.0,225.8,1.0,204.7,0.0,30.0,0.0967,-0.9761,0.0005,-0.3676,0.7094,-1.477
2026-09-11T17:04:13Z,2026-09-11 17:03:31,SPXW,2026-09-18,C,7895.0,7668.2998,0.8,97.0,0.85,43.0,0.98,16.0,321.0,0.1007,0.0221,0.0005,-0.3442,0.667,0.0314
2026-09-11T17:04:13Z,2026-09-11 17:03:31,SPXW,2026-09-18,P,7895.0,7668.2998,215.5,1.0,230.7,1.0,207.92,0.0,34.0,0.0976,-0.9779,0.0005,-0.3442,0.667,-1.4806
2026-09-11T17:04:13Z,2026-09-11 17:03:31,SPXW,2026-09-18,C,7900.0,7668.2998,0.7,430.0,0.8,62.0,0.8,329.0,5587.0,0.1007,0.0204,0.0004,-0.3231,0.6284,0.0291
2026-09-11T17:04:13Z,2026-09-11 17:03:31,SPXW,2026-09-18,P,7900.0,7668.2998,220.4,1.0,235.7,3.0,300.84,0.0,124.0,0.0974,-0.9795,0.0004,-0.3231,0.6284,-1.4838
2026-09-11T17:04:13Z,2026-09-11 17:03:31,SPXW,2026-09-18,C,7905.0,7668.2998,0.65,349.0,0.75,81.0,0.74,15.0,1342.0,0.1015,0.019,0.0004,-0.3042,0.5932,0.0271
2026-09-11T17:04:13Z,2026-09-11 17:03:31,SPXW,2026-09-18,P,7905.0,7668.2998,225.4,1.0,240.6,1.0,237.27,2.0,25.0,0.0968,-0.9809,0.0004,-0.3042,0.5932,-1.4868
2026-09-11T17:04:13Z,2026-09-11 17:03:31,SPXW,2026-09-18,C,7910.0,7668.2998,0.6,470.0,0.7,73.0,0.7,110.0,425.0,0.1023,0.0177,0.0004,-0.2873,0.5609,0.0253
2026-09-11T17:04:13Z,2026-09-11 17:03:31,SPXW,2026-09-18,P,7910.0,7668.2998,230.5,1.0,245.5,1.0,233.53,0.0,107.0,0.1,-0.9822,0.0004,-0.2873,0.5609,-1.4896
2026-09-11T17:04:13Z,2026-09-11 17:03:31,SPXW,2026-09-18,C,7915.0,7668.2998,0.55,456.0,0.65,62.0,0.67,29.0,1360.0,0.1035,0.0166,0.0004,-0.2722,0.5315,0.0236
2026-09-11T17:04:13Z,2026-09-11 17:03:31,SPXW,2026-09-18,P,7915.0,7668.2998,235.4,1.0,250.5,1.0,177.2,0.0,25.0,0.0992,-0.9834,0.0004,-0.2722,0.5315,-1.4922
2026-09-11T17:04:13Z,2026-09-11 17:03:31,SPXW,2026-09-18,C,7920.0,7668.2998,0.55,211.0,0.65,340.0,0.6,65.0,524.0,0.1047,0.0156,0.0004,-0.2585,0.5046,0.0221
2026-09-11T17:04:13Z,2026-09-11 17:03:31,SPXW,2026-09-18,P,7920.0,7668.2998,239.7,1.0,258.5,1.0,180.2,0.0,80.0,0.1274,-0.9844,0.0004,-0.2585,0.5046,-1.4946
2026-09-11T17:04:13Z,2026-09-11 17:03:31,SPXW,2026-09-18,C,7925.0,7668.2998,0.5,416.0,0.6,161.0,0.62,35.0,1149.0,0.1052,0.0146,0.0003,-0.2463,0.48,0.0208
2026-09-11T17:04:13Z,2026-09-11 17:03:31,SPXW,2026-09-18,P,7925.0,7668.2998,244.7,2.0,263.5,1.0,197.1,0.0,68.0,0.1296,-0.9853,0.0003,-0.2463,0.48,-1.497
2026-09-11T17:04:13Z,2026-09-11 17:03:31,SPXW,2026-09-18,C,7930.0,7668.2998,0.45,513.0,0.55,62.0,0.5,202.0,1240.0,0.1056,0.0138,0.0003,-0.2352,0.4575,0.0196
2026-09-11T17:04:13Z,2026-09-11 17:03:31,SPXW,2026-09-18,P,7930.0,7668.2998,249.6,1.0,268.5,1.0,209.9,0.0,36.0,0.1311,-0.9862,0.0003,-0.2352,0.4575,-1.4991
2026-09-11T17:04:13Z,2026-09-11 17:03:31,SPXW,2026-09-18,C,7935.0,7668.2998,0.45,349.0,0.55,156.0,0.5,3.0,260.0,0.1074,0.013,0.0003,-0.2252,0.4368,0.0185
2026-09-11T17:04:13Z,2026-09-11 17:03:31,SPXW,2026-09-18,P,7935.0,7668.2998,254.6,1.0,273.7,1.0,187.8,0.0,34.0,0.1343,-0.9869,0.0003,-0.2252,0.4368,-1.5011
2026-09-11T17:04:13Z,2026-09-11 17:03:31,SPXW,2026-09-18,C,7940.0,7668.2998,0.4,575.0,0.5,44.0,0.6,23.0,613.0,0.1084,0.0124,0.0003,-0.2162,0.4178,0.0176
2026-09-11T17:04:13Z,2026-09-11 17:03:31,SPXW,2026-09-18,P,7940.0,7668.2998,259.6,2.0,278.6,1.0,189.5,0.0,29.0,0.1347,-0.9876,0.0003,-0.2162,0.4178,-1.503
2026-09-11T17:04:13Z,2026-09-11 17:03:31,SPXW,2026-09-18,C,7945.0,7668.2998,0.4,457.0,0.5,170.0,0.35,0.0,202.0,0.1093,0.0118,0.0003,-0.208,0.4003,0.0167
2026-09-11T17:04:13Z,2026-09-11 17:03:31,SPXW,2026-09-18,P,7945.0,7668.2998,264.6,1.0,283.4,1.0,198.8,0.0,2.0,0.1368,-0.9882,0.0003,-0.208,0.4003,-1.5049
2026-09-11T17:04:13Z,2026-09-11 17:03:31,SPXW,2026-09-18,C,7950.0,7668.2998,0.4,315.0,0.5,446.0,0.45,175.0,6831.0,0.111,0.0112,0.0002,-0.2004,0.384,0.0159
2026-09-11T17:04:13Z,2026-09-11 17:03:31,SPXW,2026-09-18,P,7950.0,7668.2998,269.5,1.0,288.4,1.0,281.33,5.0,70.0,0.1382,-0.9888,0.0002,-0.2004,0.384,-1.5066
2026-09-11T17:04:13Z,2026-09-11 17:03:31,SPXW,2026-09-18,C,7955.0,7668.2998,0.35,518.0,0.45,91.0,0.48,7.0,184.0,0.1111,0.0107,0.0002,-0.1936,0.369,0.0151
2026-09-11T17:04:13Z,2026-09-11 17:03:31,SPXW,2026-09-18,P,7955.0,7668.2998,274.5,1.0,293.3,1.0,286.08,2.0,5.0,0.1396,-0.9893,0.0002,-0.1936,0.369,-1.5083
2026-09-11T17:04:13Z,2026-09-11 17:03:31,SPXW,2026-09-18,C,7960.0,7668.2998,0.35,400.0,0.45,169.0,0.38,52.0,557.0,0.1128,0.0102,0.0002,-0.1873,0.3551,0.0144
2026-09-11T17:04:13Z,2026-09-11 17:03:31,SPXW,2026-09-18,P,7960.0,7668.2998,279.5,1.0,298.3,1.0,203.0,0.0,17.0,0.1417,-0.9898,0.0002,-0.1873,0.3551,-1.51
2026-09-11T17:04:13Z,2026-09-11 17:03:31,SPXW,2026-09-18,C,7965.0,7668.2998,0.35,350.0,0.45,394.0,0.44,12.0,289.0,0.1144,0.0098,0.0002,-0.1815,0.3421,0.0138
2026-09-11T17:04:13Z,2026-09-11 17:03:31,SPXW,2026-09-18,P,7965.0,7668.2998,284.9,1.0,303.3,1.0,221.53,0.0,8.0,0.1463,-0.9902,0.0002,-0.1815,0.3421,-1.5116
2026-09-11T17:04:13Z,2026-09-11 17:03:31,SPXW,2026-09-18,C,7970.0,7668.2998,0.35,263.0,0.4,44.0,0.35,68.0,225.0,0.1152,0.0094,0.0002,-0.1762,0.33,0.0132
2026-09-11T17:04:13Z,2026-09-11 17:03:31,SPXW,2026-09-18,P,7970.0,7668.2998,289.5,1.0,308.3,1.0,230.24,0.0,4.0,0.1458,-0.9906,0.0002,-0.1762,0.33,-1.5131
2026-09-11T17:04:13Z,2026-09-11 17:03:31,SPXW,2026-09-18,C,7975.0,7668.2998,0.3,698.0,0.4,94.0,0.41,257.0,790.0,0.1159,0.009,0.0002,-0.1714,0.3187,0.0127
2026-09-11T17:04:13Z,2026-09-11 17:03:31,SPXW,2026-09-18,P,7975.0,7668.2998,294.5,1.0,313.2,1.0,288.49,0.0,17.0,0.1472,-0.991,0.0002,-0.1714,0.3187,-1.5146
2026-09-11T17:04:13Z,2026-09-11 17:03:31,SPXW,2026-09-18,C,7980.0,7668.2998,0.3,624.0,0.4,175.0,0.3,2.0,345.0,0.1175,0.0087,0.0002,-0.1668,0.3082,0.0122
2026-09-11T17:04:13Z,2026-09-11 17:03:31,SPXW,2026-09-18,P,7980.0,7668.2998,299.4,1.0,318.2,1.0,0.0,0.0,0.0,0.1485,-0.9913,0.0002,-0.1668,0.3082,-1.516
2026-09-11T17:04:13Z,2026-09-11 17:03:31,SPXW,2026-09-18,C,7985.0,7668.2998,0.3,469.0,0.4,198.0,0.4,2.0,121.0,0.1192,0.0083,0.0002,-0.1626,0.2983,0.0118
2026-09-11T17:04:13Z,2026-09-11 17:03:31,SPXW,2026-09-18,P,7985.0,7668.2998,304.8,1.0,323.5,1.0,238.61,0.0,1.0,0.1551,-0.9916,0.0002,-0.1626,0.2983,-1.5174
2026-09-11T17:04:13Z,2026-09-11 17:03:31,SPXW,2026-09-18,C,7990.0,7668.2998,0.3,313.0,0.4,491.0,0.4,83.0,286.0,0.1208,0.008,0.0002,-0.1587,0.2891,0.0114
2026-09-11T17:04:13Z,2026-09-11 17:03:31,SPXW,2026-09-18,P,7990.0,7668.2998,309.4,1.0,328.2,1.0,248.21,0.0,2.0,0.1525,-0.9919,0.0002,-0.1587,0.2891,-1.5188
2026-09-11T17:04:13Z,2026-09-11 17:03:31,SPXW,2026-09-18,C,7995.0,7668.2998,0.3,109.0,0.35,44.0,0.38,27.0,450.0,0.1214,0.0078,0.0002,-0.1551,0.2803,0.011
2026-09-11T17:04:13Z,2026-09-11 17:03:31,SPXW,2026-09-18,P,7995.0,7668.2998,314.2,2.0,333.2,1.0,280.65,0.0,7.0,0.1531,-0.9922,0.0002,-0.1551,0.2803,-1.5202
2026-09-11T17:04:13Z,2026-09-11 17:03:31,SPXW,2026-09-18,C,8000.0,7668.2998,0.25,537.0,0.35,98.0,0.3,281.0,4309.0,0.1218,0.0075,0.0002,-0.1517,0.2721,0.0106
2026-09-11T17:04:13Z,2026-09-11 17:03:31,SPXW,2026-09-18,P,8000.0,7668.2998,319.4,1.0,338.1,1.0,329.25,1.0,234.0,0.1558,-0.9924,0.0002,-0.1517,0.2721,-1.5215
2026-09-11T17:04:13Z,2026-09-11 17:03:31,SPXW,2026-09-18,C,8005.0,7668.2998,0.25,669.0,0.35,165.0,0.28,2.0,172.0,0.1234,0.0073,0.0001,-0.1485,0.2643,0.0103
2026-09-11T17:04:13Z,2026-09-11 17:03:31,SPXW,2026-09-18,P,8005.0,7668.2998,324.4,1.0,343.1,1.0,319.54,0.0,0.0,0.1578,-0.9927,0.0001,-0.1485,0.2643,-1.5228
2026-09-11T17:04:13Z,2026-09-11 17:03:31,SPXW,2026-09-18,C,8010.0,7668.2998,0.25,571.0,0.35,181.0,0.25,21.0,396.0,0.125,0.007,0.0001,-0.1455,0.257,0.01
2026-09-11T17:04:13Z,2026-09-11 17:03:31,SPXW,2026-09-18,P,8010.0,7668.2998,329.4,1.0,348.1,1.0,311.31,0.0,11.0,0.1598,-0.9929,0.0001,-0.1455,0.257,-1.5241
2026-09-11T17:04:13Z,2026-09-11 17:03:31,SPXW,2026-09-18,C,8015.0,7668.2998,0.25,457.0,0.35,195.0,0.65,0.0,126.0,0.1267,0.0068,0.0001,-0.1427,0.25,0.0096
2026-09-11T17:04:13Z,2026-09-11 17:03:31,SPXW,2026-09-18,P,8015.0,7668.2998,334.3,1.0,353.1,1.0,303.61,0.0,10.0,0.1611,-0.9931,0.0001,-0.1427,0.25,-1.5253
2026-09-11T17:04:13Z,2026-09-11 17:03:31,SPXW,2026-09-18,C,8020.0,7668.2998,0.25,435.0,0.35,218.0,0.35,9.0,218.0,0.1282,0.0066,0.0001,-0.14,0.2434,0.0094
2026-09-11T17:04:13Z,2026-09-11 17:03:31,SPXW,2026-09-18,P,8020.0,7668.2998,340.3,1.0,358.1,1.0,0.0,0.0,0.0,0.17,-0.9933,0.0001,-0.14,0.2434,-1.5266
2026-09-11T17:04:13Z,2026-09-11 17:03:31,SPXW,2026-09-18,C,8025.0,7668.2998,0.25,316.0,0.3,44.0,0.3,1154.0,3136.0,0.1286,0.0064,0.0001,-0.1375,0.2371,0.0091
2026-09-11T17:04:13Z,2026-09-11 17:03:31,SPXW,2026-09-18,P,8025.0,7668.2998,344.3,1.0,363.1,1.0,327.75,0.0,1.0,0.165,-0.9935,0.0001,-0.1375,0.2371,-1.5278
2026-09-11T17:04:13Z,2026-09-11 17:03:31,SPXW,2026-09-18,C,8030.0,7668.2998,0.25,117.0,0.3,44.0,0.26,13.0,293.0,0.1301,0.0063,0.0001,-0.1351,0.2311,0.0088
2026-09-11T17:04:13Z,2026-09-11 17:03:31,SPXW,2026-09-18,P,8030.0,7668.2998,349.2,1.0,368.1,1.0,0.0,0.0,0.0,0.1662,-0.9937,0.0001,-0.1351,0.2311,-1.529
2026-09-11T17:04:13Z,2026-09-11 17:03:31,SPXW,2026-09-18,C,8035.0,7668.2998,0.2,833.0,0.3,94.0,0.25,2.0,50.0,0.1303,0.0061,0.0001,-0.1328,0.2254,0.0086
2026-09-11T17:04:13Z,2026-09-11 17:03:31,SPXW,2026-09-18,P,8035.0,7668.2998,354.8,1.0,373.0,1.0,439.16,0.0,1.0,0.172,-0.9939,0.0001,-0.1328,0.2254,-1.5302
2026-09-11T17:04:13Z,2026-09-11 17:03:31,SPXW,2026-09-18,C,8040.0,7668.2998,0.2,747.0,0.3,85.0,0.22,8.0,224.0,0.1319,0.0059,0.0001,-0.1307,0.22,0.0083
2026-09-11T17:04:13Z,2026-09-11 17:03:31,SPXW,2026-09-18,P,8040.0,7668.2998,359.1,2.0,378.0,1.0,0.0,0.0,0.0,0.1685,-0.994,0.0001,-0.1307,0.22,-1.5314
2026-09-11T17:04:13Z,2026-09-11 17:03:31,SPXW,2026-09-18,C,8045.0,7668.2998,0.2,722.0,0.3,183.0,0.48,0.0,59.0,0.1334,0.0058,0.0001,-0.1287,0.2148,0.0081
2026-09-11T17:04:13Z,2026-09-11 17:03:31,SPXW,2026-09-18,P,8045.0,7668.2998,364.3,1.0,383.3,1.0,0.0,0.0,0.0,0.1744,-0.9942,0.0001,-0.1287,0.2148,-1.5326
2026-09-11T17:04:13Z,2026-09-11 17:03:31,SPXW,2026-09-18,C,8050.0,7668.2998,0.2,620.0,0.3,192.0,0.25,25.0,1125.0,0.135,0.0056,0.0001,-0.1267,0.2098,0.0079
2026-09-11T17:04:13Z,2026-09-11 17:03:31,SPXW,2026-09-18,P,8050.0,7668.2998,369.3,1.0,388.0,1.0,335.27,0.0,21.0,0.1741,-0.9943,0.0001,-0.1267,0.2098,-1.5338
2026-09-11T17:04:13Z,2026-09-11 17:03:31,SPXW,2026-09-18,C,8055.0,7668.2998,0.2,610.0,0.3,183.0,0.28,1.0,44.0,0.1365,0.0055,0.0001,-0.1248,0.205,0.0077
2026-09-11T17:04:13Z,2026-09-11 17:03:31,SPXW,2026-09-18,P,8055.0,7668.2998,374.3,1.0,393.4,1.0,359.78,0.0,1.0,0.1776,-0.9945,0.0001,-0.1248,0.205,-1.5349
2026-09-11T17:04:13Z,2026-09-11 17:03:31,SPXW,2026-09-18,C,8060.0,7668.2998,0.2,574.0,0.3,208.0,0.3,2.0,179.0,0.1381,0.0054,0.0001,-0.123,0.2004,0.0075
2026-09-11T17:04:13Z,2026-09-11 17:03:31,SPXW,2026-09-18,P,8060.0,7668.2998,379.3,1.0,398.0,1.0,0.0,0.0,0.0,0.178,-0.9946,0.0001,-0.123,0.2004,-1.5361
2026-09-11T17:04:13Z,2026-09-11 17:03:31,SPXW,2026-09-18,C,8070.0,7668.2998,0.2,540.0,0.3,224.0,0.22,0.0,174.0,0.1412,0.0051,0.0001,-0.1197,0.1918,0.0072
2026-09-11T17:04:13Z,2026-09-11 17:03:31,SPXW,2026-09-18,P,8070.0,7668.2998,389.2,1.0,408.0,1.0,0.0,0.0,0.0,0.181,-0.9948,0.0001,-0.1197,0.1918,-1.5383
2026-09-11T17:04:13Z,2026-09-11 17:03:31,SPXW,2026-09-18,C,8075.0,7668.2998,0.2,504.0,0.25,44.0,0.29,0.0,371.0,0.1411,0.005,0.0001,-0.1181,0.1878,0.007
2026-09-11T17:04:13Z,2026-09-11 17:03:31,SPXW,2026-09-18,P,8075.0,7668.2998,395.8,1.0,412.9,1.0,477.97,0.0,3.0,0.1942,-0.995,0.0001,-0.1181,0.1878,-1.5394
2026-09-11T17:04:13Z,2026-09-11 17:03:31,SPXW,2026-09-18,C,8080.0,7668.2998,0.2,382.0,0.25,57.0,0.3,0.0,265.0,0.1426,0.0049,0.0001,-0.1166,0.1839,0.0068
2026-09-11T17:04:13Z,2026-09-11 17:03:31,SPXW,2026-09-18,P,8080.0,7668.2998,399.2,1.0,417.9,1.0,437.44,0.0,1.0,0.184,-0.9951,0.0001,-0.1166,0.1839,-1.5406
2026-09-11T17:04:13Z,2026-09-11 17:03:31,SPXW,2026-09-18,C,8090.0,7668.2998,0.15,718.0,0.25,180.0,0.21,1.0,207.0,0.1438,0.0047,0.0001,-0.1136,0.1764,0.0066
2026-09-11T17:04:13Z,2026-09-11 17:03:31,SPXW,2026-09-18,P,8090.0,7668.2998,409.1,1.0,427.9,1.0,0.0,0.0,0.0,0.187,-0.9953,0.0001,-0.1136,0.1764,-1.5428
2026-09-11T17:04:13Z,2026-09-11 17:03:31,SPXW,2026-09-18,C,8100.0,7668.2998,0.15,699.0,0.25,195.0,0.24,8.0,1108.0,0.1468,0.0045,0.0001,-0.1109,0.1695,0.0063
2026-09-11T17:04:13Z,2026-09-11 17:03:31,SPXW,2026-09-18,P,8100.0,7668.2998,419.0,2.0,437.9,1.0,384.84,0.0,8.0,0.1899,-0.9955,0.0001,-0.1109,0.1695,-1.545
2026-09-11T17:04:13Z,2026-09-11 17:03:31,SPXW,2026-09-18,C,8110.0,7668.2998,0.15,625.0,0.25,203.0,0.16,2.0,565.0,0.1498,0.0043,0.0001,-0.1083,0.163,0.006
2026-09-11T17:04:13Z,2026-09-11 17:03:31,SPXW,2026-09-18,P,8110.0,7668.2998,429.2,1.0,448.4,1.0,0.0,0.0,0.0,0.1982,-0.9957,0.0001,-0.1083,0.163,-1.5471
2026-09-11T17:04:13Z,2026-09-11 17:03:31,SPXW,2026-09-18,C,8120.0,7668.2998,0.15,569.0,0.25,193.0,0.15,4.0,209.0,0.1528,0.0041,0.0001,-0.1059,0.1569,0.0058
2026-09-11T17:04:13Z,2026-09-11 17:03:31,SPXW,2026-09-18,P,8120.0,7668.2998,439.5,1.0,457.9,1.0,511.01,0.0,4.0,0.202,-0.9958,0.0001,-0.1059,0.1569,-1.5493
2026-09-11T17:04:13Z,2026-09-11 17:03:31,SPXW,2026-09-18,C,8125.0,7668.2998,0.15,567.0,0.25,189.0,0.25,0.0,288.0,0.1543,0.004,0.0001,-0.1047,0.154,0.0057
2026-09-11T17:04:13Z,2026-09-11 17:03:31,SPXW,2026-09-18,P,8125.0,7668.2998,444.2,1.0,462.8,1.0,454.74,1.0,1.0,0.2003,-0.9959,0.0001,-0.1047,0.154,-1.5504
2026-09-11T17:04:13Z,2026-09-11 17:03:31,SPXW,2026-09-18,C,8130.0,7668.2998,0.15,522.0,0.25,202.0,0.15,1.0,266.0,0.1558,0.004,0.0001,-0.1036,0.1512,0.0056
2026-09-11T17:04:13Z,2026-09-11 17:03:31,SPXW,2026-09-18,P,8130.0,7668.2998,449.2,1.0,467.8,1.0,359.0,0.0,2.0,0.2022,-0.996,0.0001,-0.1036,0.1512,-1.5514
2026-09-11T17:04:13Z,2026-09-11 17:03:31,SPXW,2026-09-18,C,8140.0,7668.2998,0.15,429.0,0.25,204.0,0.25,0.0,159.0,0.1587,0.0038,0.0001,-0.1014,0.1458,0.0053
2026-09-11T17:04:13Z,2026-09-11 17:03:31,SPXW,2026-09-18,P,8140.0,7668.2998,459.1,1.0,477.8,1.0,0.0,0.0,0.0,0.2051,-0.9961,0.0001,-0.1014,0.1458,-1.5536
2026-09-11T17:04:13Z,2026-09-11 17:03:31,SPXW,2026-09-18,C,8150.0,7668.2998,0.15,456.0,0.25,391.0,0.15,2.0,624.0,0.1617,0.0037,0.0001,-0.0993,0.1407,0.0051
2026-09-11T17:04:13Z,2026-09-11 17:03:31,SPXW,2026-09-18,P,8150.0,7668.2998,469.0,1.0,487.8,1.0,546.77,0.0,3.0,0.2078,-0.9963,0.0001,-0.0993,0.1407,-1.5557
2026-09-11T17:04:13Z,2026-09-11 17:03:31,SPXW,2026-09-18,C,8160.0,7668.2998,0.1,867.0,0.2,168.0,0.3,0.0,132.0,0.16,0.0035,0.0001,-0.0973,0.136,0.0049
2026-09-11T17:04:13Z,2026-09-11 17:03:31,SPXW,2026-09-18,P,8160.0,7668.2998,479.0,1.0,497.8,1.0,564.13,0.0,1.0,0.2116,-0.9964,0.0001,-0.0973,0.136,-1.5578
2026-09-11T17:04:13Z,2026-09-11 17:03:31,SPXW,2026-09-18,C,8170.0,7668.2998,0.1,842.0,0.2,175.0,0.25,0.0,67.0,0.1628,0.0034,0.0001,-0.0954,0.1314,0.0048
2026-09-11T17:04:13Z,2026-09-11 17:03:31,SPXW,2026-09-18,P,8170.0,7668.2998,488.9,2.0,507.8,1.0,0.0,0.0,0.0,0.2143,-0.9965,0.0001,-0.0954,0.1314,-1.5599
2026-09-11T17:04:13Z,2026-09-11 17:03:31,SPXW,2026-09-18,C,8175.0,7668.2998,0.1,824.0,0.2,189.0,0.23,0.0,197.0,0.1643,0.0034,0.0001,-0.0944,0.1292,0.0047
2026-09-11T17:04:13Z,2026-09-11 17:03:31,SPXW,2026-09-18,P,8175.0,7668.2998,493.9,2.0,512.7,1.0,0.0,0.0,0.0,0.2151,-0.9966,0.0001,-0.0944,0.1292,-1.5609
2026-09-11T17:04:13Z,2026-09-11 17:03:31,SPXW,2026-09-18,C,8180.0,7668.2998,0.1,806.0,0.2,191.0,0.15,2.0,64.0,0.1657,0.0033,0.0,-0.0935,0.1271,0.0046
2026-09-11T17:04:13Z,2026-09-11 17:03:31,SPXW,2026-09-18,P,8180.0,7668.2998,499.1,1.0,517.7,1.0,484.4,0.0,1.0,0.219,-0.9967,0.0,-0.0935,0.1271,-1.562
2026-09-11T17:04:13Z,2026-09-11 17:03:31,SPXW,2026-09-18,C,8190.0,7668.2998,0.1,777.0,0.2,192.0,0.35,0.0,117.0,0.1685,0.0032,0.0,-0.0917,0.123,0.0044
2026-09-11T17:04:13Z,2026-09-11 17:03:31,SPXW,2026-09-18,P,8190.0,7668.2998,509.1,1.0,527.7,1.0,0.0,0.0,0.0,0.2228,-0.9968,0.0,-0.0917,0.123,-1.564
2026-09-11T17:04:13Z,2026-09-11 17:03:31,SPXW,2026-09-18,C,8200.0,7668.2998,0.1,759.0,0.2,209.0,0.15,2.0,1408.0,0.1714,0.0031,0.0,-0.09,0.1191,0.0043
2026-09-11T17:04:13Z,2026-09-11 17:03:31,SPXW,2026-09-18,P,8200.0,7668.2998,519.1,1.0,537.7,1.0,455.26,0.0,2.0,0.2265,-0.9969,0.0,-0.09,0.1191,-1.5661
2026-09-11T17:04:13Z,2026-09-11 17:03:31,SPXW,2026-09-18,C,8210.0,7668.2998,0.1,732.0,0.2,189.0,0.25,0.0,307.0,0.1742,0.003,0.0,-0.0884,0.1154,0.0041
2026-09-11T17:04:13Z,2026-09-11 17:03:31,SPXW,2026-09-18,P,8210.0,7668.2998,529.0,1.0,547.7,1.0,0.0,0.0,0.0,0.2291,-0.997,0.0,-0.0884,0.1154,-1.5682
2026-09-11T17:04:13Z,2026-09-11 17:03:31,SPXW,2026-09-18,C,8220.0,7668.2998,0.1,651.0,0.2,200.0,1.2,0.0,58.0,0.177,0.0029,0.0,-0.0868,0.1119,0.004
2026-09-11T17:04:13Z,2026-09-11 17:03:31,SPXW,2026-09-18,P,8220.0,7668.2998,539.0,1.0,558.1,1.0,0.0,0.0,0.0,0.2369,-0.9971,0.0,-0.0868,0.1119,-1.5702
2026-09-11T17:04:13Z,2026-09-11 17:03:31,SPXW,2026-09-18,C,8225.0,7668.2998,0.1,648.0,0.2,200.0,0.13,10.0,472.0,0.1784,0.0028,0.0,-0.086,0.1102,0.0039
2026-09-11T17:04:13Z,2026-09-11 17:03:31,SPXW,2026-09-18,P,8225.0,7668.2998,543.9,1.0,562.7,1.0,0.0,0.0,0.0,0.2336,-0.9971,0.0,-0.086,0.1102,-1.5712
2026-09-11T17:04:13Z,2026-09-11 17:03:31,SPXW,2026-09-18,C,8230.0,7668.2998,0.1,614.0,0.2,224.0,0.31,0.0,105.0,0.1798,0.0028,0.0,-0.0852,0.1085,0.0039
2026-09-11T17:04:13Z,2026-09-11 17:03:31,SPXW,2026-09-18,P,8230.0,7668.2998,549.4,1.0,567.6,1.0,0.0,0.0,0.0,0.2396,-0.9972,0.0,-0.0852,0.1085,-1.5723
2026-09-11T17:04:13Z,2026-09-11 17:03:31,SPXW,2026-09-18,C,8240.0,7668.2998,0.1,559.0,0.2,342.0,0.3,0.0,75.0,0.1826,0.0027,0.0,-0.0837,0.1052,0.0038
2026-09-11T17:04:13Z,2026-09-11 17:03:31,SPXW,2026-09-18,P,8240.0,7668.2998,558.9,1.0,577.6,1.0,0.0,0.0,0.0,0.2379,-0.9972,0.0,-0.0837,0.1052,-1.5743
2026-09-11T17:04:13Z,2026-09-11 17:03:31,SPXW,2026-09-18,C,8250.0,7668.2998,0.1,555.0,0.2,462.0,0.12,10.0,612.0,0.1854,0.0026,0.0,-0.0823,0.1021,0.0036
2026-09-11T17:04:13Z,2026-09-11 17:03:31,SPXW,2026-09-18,P,8250.0,7668.2998,568.8,2.0,587.6,1.0,652.34,0.0,1.0,0.2404,-0.9973,0.0,-0.0823,0.1021,-1.5763
2026-09-11T17:04:13Z,2026-09-11 17:03:31,SPXW,2026-09-18,C,8260.0,7668.2998,0.1,503.0,0.2,470.0,1.0,0.0,154.0,0.1881,0.0026,0.0,-0.0813,0.0997,0.0036
2026-09-11T17:04:13Z,2026-09-11 17:03:31,SPXW,2026-09-18,P,8260.0,7668.2998,579.4,1.0,597.6,1.0,0.0,0.0,0.0,0.2507,-0.9974,0.0,-0.0808,0.0992,-1.5784
2026-09-11T17:04:13Z,2026-09-11 17:03:31,SPXW,2026-09-18,C,8270.0,7668.2998,0.1,422.0,0.2,518.0,0.1,1.0,140.0,0.1909,0.0025,0.0,-0.0799,0.0968,0.0034
2026-09-11T17:04:13Z,2026-09-11 17:03:31,SPXW,2026-09-18,P,8270.0,7668.2998,589.0,1.0,607.6,1.0,0.0,0.0,5.0,0.25,-0.9975,0.0,-0.0795,0.0963,-1.5804
2026-09-11T17:04:13Z,2026-09-11 17:03:31,SPXW,2026-09-18,C,8275.0,7668.2998,0.1,404.0,0.2,493.0,0.2,0.0,145.0,0.1923,0.0024,0.0,-0.0792,0.0954,0.0034
2026-09-11T17:04:13Z,2026-09-11 17:03:31,SPXW,2026-09-18,P,8275.0,7668.2998,594.0,1.0,612.6,1.0,504.91,0.0,11.0,0.2518,-0.9975,0.0,-0.0788,0.095,-1.5814
2026-09-11T17:04:13Z,2026-09-11 17:03:31,SPXW,2026-09-18,C,8280.0,7668.2998,0.1,396.0,0.2,501.0,0.1,1.0,68.0,0.1937,0.0024,0.0,-0.0786,0.0941,0.0033
2026-09-11T17:04:13Z,2026-09-11 17:03:31,SPXW,2026-09-18,P,8280.0,7668.2998,599.0,1.0,617.6,1.0,0.0,0.0,0.0,0.2536,-0.9976,0.0,-0.0781,0.0936,-1.5824
2026-09-11T17:04:13Z,2026-09-11 17:03:31,SPXW,2026-09-18,C,8290.0,7668.2998,0.1,424.0,0.2,725.0,0.37,0.0,24.0,0.1965,0.0023,0.0,-0.0772,0.0915,0.0032
2026-09-11T17:04:13Z,2026-09-11 17:03:31,SPXW,2026-09-18,P,8290.0,7668.2998,609.0,1.0,627.6,1.0,0.0,0.0,0.0,0.2572,-0.9976,0.0,-0.0768,0.091,-1.5844
2026-09-11T17:04:13Z,2026-09-11 17:03:31,SPXW,2026-09-18,C,8300.0,7668.2998,0.1,122.0,0.2,718.0,0.1,12.0,629.0,0.1992,0.0023,0.0,-0.076,0.089,0.0032
2026-09-11T17:04:13Z,2026-09-11 17:03:31,SPXW,2026-09-18,P,8300.0,7668.2998,618.9,1.0,637.6,1.0,523.91,0.0,12.0,0.2597,-0.9977,0.0,-0.0756,0.0885,-1.5864
2026-09-11T17:04:13Z,2026-09-11 17:03:31,SPXW,2026-09-18,C,8310.0,7668.2998,0.1,115.0,0.15,111.0,0.1,500.0,39.0,0.1986,0.0022,0.0,-0.0747,0.0865,0.0031
2026-09-11T17:04:13Z,2026-09-11 17:03:31,SPXW,2026-09-18,P,8310.0,7668.2998,628.8,1.0,647.5,1.0,0.0,0.0,0.0,0.2609,-0.9978,0.0,-0.0743,0.0861,-1.5884
2026-09-11T17:04:13Z,2026-09-11 17:03:31,SPXW,2026-09-18,C,8320.0,7668.2998,0.05,602.0,0.15,95.0,1.12,0.0,38.0,0.2014,0.0021,0.0,-0.0734,0.0841,0.003
2026-09-11T17:04:13Z,2026-09-11 17:03:31,SPXW,2026-09-18,P,8320.0,7668.2998,638.8,1.0,657.5,1.0,0.0,0.0,0.0,0.2644,-0.9978,0.0,-0.0731,0.0838,-1.5904
2026-09-11T17:04:13Z,2026-09-11 17:03:31,SPXW,2026-09-18,C,8325.0,7668.2998,0.05,578.0,0.15,106.0,0.1,500.0,92.0,0.1988,0.0021,0.0,-0.0725,0.0827,0.0029
2026-09-11T17:04:13Z,2026-09-11 17:03:31,SPXW,2026-09-18,P,8325.0,7668.2998,644.3,1.0,662.5,1.0,722.33,0.0,27.0,0.2722,-0.9979,0.0,-0.0725,0.0827,-1.5914
2026-09-11T17:04:13Z,2026-09-11 17:03:31,SPXW,2026-09-18,C,8330.0,7668.2998,0.05,604.0,0.15,99.0,0.1,3.0,101.0,0.2002,0.0021,0.0,-0.0719,0.0816,0.0029
2026-09-11T17:04:13Z,2026-09-11 17:03:31,SPXW,2026-09-18,P,8330.0,7668.2998,648.8,1.0,667.5,1.0,727.74,0.0,4.0,0.268,-0.9979,0.0,-0.0719,0.0816,-1.5924
2026-09-11T17:04:13Z,2026-09-11 17:03:31,SPXW,2026-09-18,C,8340.0,7668.2998,0.05,560.0,0.15,90.0,0.4,0.0,59.0,0.2027,0.002,0.0,-0.0712,0.0799,0.0028
2026-09-11T17:04:13Z,2026-09-11 17:03:31,SPXW,2026-09-18,P,8340.0,7668.2998,658.8,1.0,677.5,1.0,0.0,0.0,0.0,0.2716,-0.998,0.0,-0.0708,0.0795,-1.5944
2026-09-11T17:04:13Z,2026-09-11 17:03:31,SPXW,2026-09-18,C,8350.0,7668.2998,0.05,506.0,0.15,216.0,0.13,8.0,432.0,0.2054,0.002,0.0,-0.0699,0.0777,0.0027
2026-09-11T17:04:13Z,2026-09-11 17:03:31,SPXW,2026-09-18,P,8350.0,7668.2998,668.7,2.0,687.5,1.0,0.0,0.0,0.0,0.2738,-0.998,0.0,-0.0696,0.0774,-1.5964
2026-09-11T17:04:13Z,2026-09-11 17:03:31,SPXW,2026-09-18,C,8360.0,7668.2998,0.05,525.0,0.15,261.0,0.16,0.0,85.0,0.208,0.0019,0.0,-0.0688,0.0756,0.0026
2026-09-11T17:04:13Z,2026-09-11 17:03:31,SPXW,2026-09-18,P,8360.0,7668.2998,678.9,1.0,697.5,1.0,757.32,0.0,27.0,0.2799,-0.998,0.0,-0.0685,0.0754,-1.5984
2026-09-11T17:04:13Z,2026-09-11 17:03:31,SPXW,2026-09-18,C,8370.0,7668.2998,0.05,483.0,0.15,357.0,0.2,0.0,65.0,0.2107,0.0019,0.0,-0.0677,0.0737,0.0026
2026-09-11T17:04:13Z,2026-09-11 17:03:31,SPXW,2026-09-18,P,8370.0,7668.2998,688.9,1.0,708.0,2.0,771.15,0.0,10.0,0.2872,-0.9981,0.0,-0.0674,0.0735,-1.6004
2026-09-11T17:04:13Z,2026-09-11 17:03:31,SPXW,2026-09-18,C,8375.0,7668.2998,0.05,479.0,0.15,358.0,0.65,0.0,77.0,0.212,0.0018,0.0,-0.0672,0.0728,0.0025
2026-09-11T17:04:13Z,2026-09-11 17:03:31,SPXW,2026-09-18,P,8375.0,7668.2998,693.9,1.0,713.0,2.0,772.56,0.0,4.0,0.2913,-0.9981,0.0,-0.0669,0.0725,-1.6014
2026-09-11T17:04:13Z,2026-09-11 17:03:31,SPXW,2026-09-18,C,8380.0,7668.2998,0.05,501.0,0.15,386.0,0.82,0.0,33.0,0.2133,0.0018,0.0,-0.0666,0.0718,0.0025
2026-09-11T17:04:13Z,2026-09-11 17:03:31,SPXW,2026-09-18,P,8380.0,7668.2998,698.9,1.0,717.4,1.0,690.92,0.0,9.0,0.2858,-0.9982,0.0,-0.0664,0.0716,-1.6024
2026-09-11T17:04:13Z,2026-09-11 17:03:31,SPXW,2026-09-18,C,8390.0,7668.2998,0.05,463.0,0.15,385.0,0.2,0.0,795.0,0.2159,0.0018,0.0,-0.0656,0.07,0.0024
2026-09-11T17:04:13Z,2026-09-11 17:03:31,SPXW,2026-09-18,P,8390.0,7668.2998,708.9,1.0,727.5,1.0,648.73,0.0,3.0,0.2906,-0.9982,0.0,-0.0653,0.0698,-1.6044
2026-09-11T17:04:13Z,2026-09-11 17:03:31,SPXW,2026-09-18,C,8400.0,7668.2998,0.05,492.0,0.15,437.0,0.1,10.0,806.0,0.2185,0.0017,0.0,-0.0646,0.0683,0.0024
2026-09-11T17:04:13Z,2026-09-11 17:03:31,SPXW,2026-09-18,P,8400.0,7668.2998,718.8,1.0,737.4,1.0,800.43,0.0,10.0,0.2915,-0.9982,0.0,-0.0643,0.068,-1.6063
2026-09-11T17:04:13Z,2026-09-11 17:03:31,SPXW,2026-09-18,C,8410.0,7668.2998,0.05,400.0,0.15,414.0,0.1,0.0,7.0,0.2211,0.0017,0.0,-0.0636,0.0666,0.0023
2026-09-11T17:04:13Z,2026-09-11 17:03:31,SPXW,2026-09-18,P,8410.0,7668.2998,729.2,1.0,747.5,1.0,653.57,0.0,8.0,0.3014,-0.9983,0.0,-0.0633,0.0664,-1.6083
2026-09-11T17:04:13Z,2026-09-11 17:03:31,SPXW,2026-09-18,C,8420.0,7668.2998,0.05,390.0,0.15,432.0,0.47,0.0,30.0,0.2238,0.0016,0.0,-0.0626,0.0649,0.0022
2026-09-11T17:04:13Z,2026-09-11 17:03:31,SPXW,2026-09-18,P,8420.0,7668.2998,738.7,1.0,757.4,1.0,0.0,0.0,0.0,0.2972,-0.9983,0.0,-0.0623,0.0647,-1.6103
2026-09-11T17:04:13Z,2026-09-11 17:03:31,SPXW,2026-09-18,C,8425.0,7668.2998,0.05,412.0,0.15,471.0,0.15,0.0,74.0,0.225,0.0016,0.0,-0.0621,0.0641,0.0022
2026-09-11T17:04:13Z,2026-09-11 17:03:31,SPXW,2026-09-18,P,8425.0,7668.2998,743.7,1.0,762.4,1.0,736.11,0.0,9.0,0.2989,-0.9984,0.0,-0.0619,0.0639,-1.6113
2026-09-11T17:04:13Z,2026-09-11 17:03:31,SPXW,2026-09-18,C,8430.0,7668.2998,0.05,407.0,0.15,479.0,0.15,0.0,9.0,0.2264,0.0016,0.0,-0.0616,0.0634,0.0022
2026-09-11T17:04:13Z,2026-09-11 17:03:31,SPXW,2026-09-18,P,8430.0,7668.2998,748.7,1.0,767.4,1.0,781.53,0.0,4.0,0.3007,-0.9984,0.0,-0.0614,0.0631,-1.6122
