fetched_utc,quote_utc,root,expiry,type,strike,spot,bid,bid_size,ask,ask_size,last,volume,open_interest,iv,delta,gamma,theta,vega,rho
2026-08-29T02:35:52Z,2026-08-29 02:35:38,SPXW,2026-08-31,C,6945.0,7711.7598,755.1,1.0,775.5,1.0,0.0,0.0,0.0,0.0,0.9987,0.0,-0.0834,0.0304,0.1899
2026-08-29T02:35:52Z,2026-08-29 02:35:38,SPXW,2026-08-31,P,6945.0,7711.7598,0.05,588.0,0.1,17.0,0.07,1.0,186.0,0.3812,-0.0012,0.0,-0.0835,0.0305,-0.0002
2026-08-29T02:35:52Z,2026-08-29 02:35:38,SPXW,2026-08-31,C,6950.0,7711.7598,752.9,1.0,771.0,1.0,721.6,0.0,116.0,0.0,0.9987,0.0,-0.084,0.0308,0.19
2026-08-29T02:35:52Z,2026-08-29 02:35:38,SPXW,2026-08-31,P,6950.0,7711.7598,0.05,596.0,0.1,17.0,0.05,37.0,1220.0,0.3788,-0.0013,0.0,-0.0841,0.0308,-0.0002
2026-08-29T02:35:52Z,2026-08-29 02:35:38,SPXW,2026-08-31,C,6955.0,7711.7598,748.0,1.0,766.0,1.0,0.0,0.0,0.0,0.0,0.9987,0.0,-0.0846,0.0312,0.1901
2026-08-29T02:35:52Z,2026-08-29 02:35:38,SPXW,2026-08-31,P,6955.0,7711.7598,0.05,619.0,0.1,17.0,0.07,11.0,264.0,0.3764,-0.0013,0.0,-0.0847,0.0312,-0.0003
2026-08-29T02:35:52Z,2026-08-29 02:35:38,SPXW,2026-08-31,C,6960.0,7711.7598,743.0,1.0,761.0,1.0,677.4,0.0,32.0,0.0,0.9987,0.0,-0.0852,0.0315,0.1903
2026-08-29T02:35:52Z,2026-08-29 02:35:38,SPXW,2026-08-31,P,6960.0,7711.7598,0.05,626.0,0.1,17.0,0.05,18.0,204.0,0.374,-0.0013,0.0,-0.0853,0.0316,-0.0003
2026-08-29T02:35:52Z,2026-08-29 02:35:38,SPXW,2026-08-31,C,6965.0,7711.7598,737.9,1.0,756.0,1.0,0.0,0.0,0.0,0.0,0.9987,0.0,-0.0858,0.0319,0.1904
2026-08-29T02:35:52Z,2026-08-29 02:35:38,SPXW,2026-08-31,P,6965.0,7711.7598,0.05,612.0,0.1,17.0,0.07,9.0,320.0,0.3715,-0.0013,0.0,-0.0859,0.0319,-0.0003
2026-08-29T02:35:52Z,2026-08-29 02:35:38,SPXW,2026-08-31,C,6970.0,7711.7598,732.9,1.0,751.0,1.0,637.95,0.0,16.0,0.366,0.9986,0.0,-0.0865,0.0323,0.1905
2026-08-29T02:35:52Z,2026-08-29 02:35:38,SPXW,2026-08-31,P,6970.0,7711.7598,0.05,618.0,0.1,17.0,0.05,6.0,55.0,0.3691,-0.0013,0.0,-0.0865,0.0323,-0.0003
2026-08-29T02:35:52Z,2026-08-29 02:35:38,SPXW,2026-08-31,C,6975.0,7711.7598,727.9,1.0,746.0,1.0,593.35,0.0,22.0,0.0,0.9986,0.0,-0.0871,0.0326,0.1907
2026-08-29T02:35:52Z,2026-08-29 02:35:38,SPXW,2026-08-31,P,6975.0,7711.7598,0.05,643.0,0.1,17.0,0.05,28.0,5581.0,0.3667,-0.0013,0.0,-0.0871,0.0327,-0.0003
2026-08-29T02:35:52Z,2026-08-29 02:35:38,SPXW,2026-08-31,C,6980.0,7711.7598,723.1,1.0,741.0,1.0,541.15,0.0,33.0,0.0,0.9986,0.0,-0.0877,0.033,0.1908
2026-08-29T02:35:52Z,2026-08-29 02:35:38,SPXW,2026-08-31,P,6980.0,7711.7598,0.05,611.0,0.15,382.0,0.08,1.0,115.0,0.3643,-0.0014,0.0,-0.0878,0.0331,-0.0003
2026-08-29T02:35:52Z,2026-08-29 02:35:38,SPXW,2026-08-31,C,6985.0,7711.7598,717.9,1.0,736.0,1.0,0.0,0.0,0.0,0.553,0.9986,0.0,-0.0884,0.0334,0.1909
2026-08-29T02:35:52Z,2026-08-29 02:35:38,SPXW,2026-08-31,P,6985.0,7711.7598,0.05,613.0,0.15,380.0,0.06,5.0,146.0,0.3619,-0.0014,0.0,-0.0884,0.0335,-0.0003
2026-08-29T02:35:52Z,2026-08-29 02:35:38,SPXW,2026-08-31,C,6990.0,7711.7598,712.7,1.0,731.0,1.0,619.8,0.0,121.0,0.3554,0.9986,0.0,-0.089,0.0338,0.1911
2026-08-29T02:35:52Z,2026-08-29 02:35:38,SPXW,2026-08-31,P,6990.0,7711.7598,0.05,615.0,0.15,385.0,0.05,16.0,199.0,0.3595,-0.0014,0.0,-0.089,0.0339,-0.0003
2026-08-29T02:35:52Z,2026-08-29 02:35:38,SPXW,2026-08-31,C,6995.0,7711.7598,705.1,1.0,725.5,1.0,0.0,0.0,0.0,0.0,0.9986,0.0,-0.0896,0.0342,0.1912
2026-08-29T02:35:52Z,2026-08-29 02:35:38,SPXW,2026-08-31,P,6995.0,7711.7598,0.05,617.0,0.15,383.0,0.09,9.0,69.0,0.3571,-0.0014,0.0,-0.0897,0.0343,-0.0003
2026-08-29T02:35:52Z,2026-08-29 02:35:38,SPXW,2026-08-31,C,7000.0,7711.7598,707.2,6.0,711.8,5.0,664.46,0.0,623.0,0.0,0.9985,0.0,-0.0903,0.0347,0.1913
2026-08-29T02:35:52Z,2026-08-29 02:35:38,SPXW,2026-08-31,P,7000.0,7711.7598,0.05,653.0,0.15,383.0,0.05,15126.0,8854.0,0.3635,-0.0014,0.0,-0.0903,0.0347,-0.0003
2026-08-29T02:35:52Z,2026-08-29 02:35:38,SPXW,2026-08-31,C,7005.0,7711.7598,697.9,1.0,716.0,1.0,526.94,0.0,1.0,0.3096,0.9985,0.0,-0.091,0.0351,0.1915
2026-08-29T02:35:52Z,2026-08-29 02:35:38,SPXW,2026-08-31,P,7005.0,7711.7598,0.05,663.0,0.15,380.0,0.05,294.0,255.0,0.361,-0.0014,0.0,-0.091,0.0351,-0.0003
2026-08-29T02:35:52Z,2026-08-29 02:35:38,SPXW,2026-08-31,C,7010.0,7711.7598,693.0,1.0,711.0,1.0,699.73,5.0,53.0,0.0,0.9985,0.0,-0.0916,0.0355,0.1916
2026-08-29T02:35:52Z,2026-08-29 02:35:38,SPXW,2026-08-31,P,7010.0,7711.7598,0.05,655.0,0.15,400.0,0.15,1.0,208.0,0.3586,-0.0015,0.0,-0.0916,0.0355,-0.0003
2026-08-29T02:35:52Z,2026-08-29 02:35:38,SPXW,2026-08-31,C,7015.0,7711.7598,687.8,1.0,706.0,1.0,460.95,0.0,1.0,0.0,0.9985,0.0,-0.0923,0.036,0.1917
2026-08-29T02:35:52Z,2026-08-29 02:35:38,SPXW,2026-08-31,P,7015.0,7711.7598,0.05,690.0,0.15,504.0,0.1,77.0,118.0,0.3561,-0.0015,0.0,-0.0923,0.036,-0.0003
2026-08-29T02:35:52Z,2026-08-29 02:35:38,SPXW,2026-08-31,C,7020.0,7711.7598,683.0,1.0,701.0,1.0,0.0,0.0,0.0,0.0,0.9985,0.0,-0.093,0.0364,0.1919
2026-08-29T02:35:52Z,2026-08-29 02:35:38,SPXW,2026-08-31,P,7020.0,7711.7598,0.05,691.0,0.15,401.0,0.1,51.0,141.0,0.3537,-0.0015,0.0,-0.093,0.0364,-0.0003
2026-08-29T02:35:52Z,2026-08-29 02:35:38,SPXW,2026-08-31,C,7025.0,7711.7598,677.7,1.0,696.0,1.0,706.91,1.0,44.0,0.0,0.9984,0.0,-0.0937,0.0369,0.192
2026-08-29T02:35:52Z,2026-08-29 02:35:38,SPXW,2026-08-31,P,7025.0,7711.7598,0.05,669.0,0.15,494.0,0.1,57.0,329.0,0.3512,-0.0015,0.0,-0.0937,0.0369,-0.0003
2026-08-29T02:35:52Z,2026-08-29 02:35:38,SPXW,2026-08-31,C,7030.0,7711.7598,672.8,1.0,691.0,1.0,611.65,0.0,3.0,0.0,0.9984,0.0,-0.0944,0.0373,0.1921
2026-08-29T02:35:52Z,2026-08-29 02:35:38,SPXW,2026-08-31,P,7030.0,7711.7598,0.05,675.0,0.15,349.0,0.1,34.0,302.0,0.3488,-0.0015,0.0,-0.0944,0.0373,-0.0003
2026-08-29T02:35:52Z,2026-08-29 02:35:38,SPXW,2026-08-31,C,7035.0,7711.7598,667.5,1.0,686.0,1.0,0.0,0.0,0.0,0.0,0.9984,0.0,-0.0951,0.0378,0.1923
2026-08-29T02:35:52Z,2026-08-29 02:35:38,SPXW,2026-08-31,P,7035.0,7711.7598,0.05,678.0,0.15,344.0,0.2,0.0,278.0,0.3463,-0.0016,0.0,-0.0951,0.0378,-0.0003
2026-08-29T02:35:52Z,2026-08-29 02:35:38,SPXW,2026-08-31,C,7040.0,7711.7598,663.0,1.0,681.0,1.0,669.49,6.0,7.0,0.0,0.9984,0.0,-0.0958,0.0383,0.1924
2026-08-29T02:35:52Z,2026-08-29 02:35:38,SPXW,2026-08-31,P,7040.0,7711.7598,0.05,681.0,0.15,342.0,0.1,78.0,221.0,0.3439,-0.0016,0.0,-0.0958,0.0383,-0.0003
2026-08-29T02:35:52Z,2026-08-29 02:35:38,SPXW,2026-08-31,C,7045.0,7711.7598,655.1,2.0,675.6,1.0,0.0,0.0,0.0,0.0,0.9984,0.0,-0.0965,0.0388,0.1925
2026-08-29T02:35:52Z,2026-08-29 02:35:38,SPXW,2026-08-31,P,7045.0,7711.7598,0.05,689.0,0.15,338.0,0.1,6.0,204.0,0.3414,-0.0016,0.0,-0.0965,0.0388,-0.0003
2026-08-29T02:35:52Z,2026-08-29 02:35:38,SPXW,2026-08-31,C,7050.0,7711.7598,653.1,1.0,671.0,1.0,635.18,0.0,57.0,0.0,0.9984,0.0,-0.0972,0.0393,0.1927
2026-08-29T02:35:52Z,2026-08-29 02:35:38,SPXW,2026-08-31,P,7050.0,7711.7598,0.05,723.0,0.15,335.0,0.03,16.0,971.0,0.339,-0.0016,0.0,-0.0972,0.0393,-0.0003
2026-08-29T02:35:52Z,2026-08-29 02:35:38,SPXW,2026-08-31,C,7055.0,7711.7598,647.9,1.0,666.0,1.0,0.0,0.0,0.0,0.0,0.9983,0.0,-0.0979,0.0398,0.1928
2026-08-29T02:35:52Z,2026-08-29 02:35:38,SPXW,2026-08-31,P,7055.0,7711.7598,0.05,666.0,0.15,331.0,0.1,3.0,55.0,0.3365,-0.0016,0.0,-0.098,0.0398,-0.0003
2026-08-29T02:35:52Z,2026-08-29 02:35:38,SPXW,2026-08-31,C,7060.0,7711.7598,642.7,1.0,661.0,1.0,595.6,0.0,18.0,0.0,0.9983,0.0,-0.0987,0.0403,0.1929
2026-08-29T02:35:52Z,2026-08-29 02:35:38,SPXW,2026-08-31,P,7060.0,7711.7598,0.05,696.0,0.15,247.0,0.1,102.0,104.0,0.3341,-0.0017,0.0,-0.0987,0.0403,-0.0003
2026-08-29T02:35:52Z,2026-08-29 02:35:38,SPXW,2026-08-31,C,7065.0,7711.7598,638.0,1.0,656.0,1.0,0.0,0.0,0.0,0.0,0.9983,0.0,-0.0994,0.0408,0.1931
2026-08-29T02:35:52Z,2026-08-29 02:35:38,SPXW,2026-08-31,P,7065.0,7711.7598,0.05,687.0,0.15,239.0,0.1,2.0,288.0,0.3316,-0.0017,0.0,-0.0994,0.0408,-0.0003
2026-08-29T02:35:52Z,2026-08-29 02:35:38,SPXW,2026-08-31,C,7070.0,7711.7598,632.7,1.0,651.0,1.0,430.4,0.0,3.0,0.0,0.9983,0.0,-0.1002,0.0414,0.1932
2026-08-29T02:35:52Z,2026-08-29 02:35:38,SPXW,2026-08-31,P,7070.0,7711.7598,0.05,696.0,0.15,233.0,0.1,5.0,152.0,0.3292,-0.0017,0.0,-0.1002,0.0414,-0.0004
2026-08-29T02:35:52Z,2026-08-29 02:35:38,SPXW,2026-08-31,C,7075.0,7711.7598,627.7,1.0,646.0,1.0,709.4,0.0,58.0,0.0,0.9982,0.0,-0.1009,0.0419,0.1933
2026-08-29T02:35:52Z,2026-08-29 02:35:38,SPXW,2026-08-31,P,7075.0,7711.7598,0.05,710.0,0.15,229.0,0.1,214.0,1846.0,0.3267,-0.0017,0.0,-0.101,0.0419,-0.0004
2026-08-29T02:35:52Z,2026-08-29 02:35:38,SPXW,2026-08-31,C,7080.0,7711.7598,622.7,1.0,641.0,1.0,415.8,0.0,5.0,0.0,0.9982,0.0,-0.1017,0.0425,0.1935
2026-08-29T02:35:52Z,2026-08-29 02:35:38,SPXW,2026-08-31,P,7080.0,7711.7598,0.1,8.0,0.15,231.0,0.1,3.0,90.0,0.3243,-0.0018,0.0,-0.1017,0.0425,-0.0004
2026-08-29T02:35:52Z,2026-08-29 02:35:38,SPXW,2026-08-31,C,7085.0,7711.7598,617.9,1.0,636.0,1.0,0.0,0.0,0.0,0.0,0.9982,0.0,-0.1025,0.043,0.1936
2026-08-29T02:35:52Z,2026-08-29 02:35:38,SPXW,2026-08-31,P,7085.0,7711.7598,0.1,8.0,0.15,208.0,0.2,0.0,135.0,0.3218,-0.0018,0.0,-0.1025,0.043,-0.0004
2026-08-29T02:35:52Z,2026-08-29 02:35:38,SPXW,2026-08-31,C,7090.0,7711.7598,612.7,1.0,631.0,1.0,490.94,0.0,8.0,0.3486,0.9982,0.0,-0.1033,0.0436,0.1937
2026-08-29T02:35:52Z,2026-08-29 02:35:38,SPXW,2026-08-31,P,7090.0,7711.7598,0.1,8.0,0.15,253.0,0.05,1.0,406.0,0.3194,-0.0018,0.0,-0.1033,0.0436,-0.0004
2026-08-29T02:35:52Z,2026-08-29 02:35:38,SPXW,2026-08-31,C,7095.0,7711.7598,607.9,1.0,626.0,1.0,476.0,0.0,8.0,0.0,0.9981,0.0,-0.1041,0.0442,0.1939
2026-08-29T02:35:52Z,2026-08-29 02:35:38,SPXW,2026-08-31,P,7095.0,7711.7598,0.1,8.0,0.15,221.0,0.2,0.0,97.0,0.3169,-0.0018,0.0,-0.1041,0.0442,-0.0004
2026-08-29T02:35:52Z,2026-08-29 02:35:38,SPXW,2026-08-31,C,7100.0,7711.7598,607.4,5.0,611.4,7.0,692.4,0.0,280.0,0.0,0.9981,0.0,-0.1049,0.0448,0.194
2026-08-29T02:35:52Z,2026-08-29 02:35:38,SPXW,2026-08-31,P,7100.0,7711.7598,0.1,8.0,0.15,217.0,0.1,273.0,5784.0,0.3145,-0.0019,0.0,-0.1049,0.0448,-0.0004
2026-08-29T02:35:52Z,2026-08-29 02:35:38,SPXW,2026-08-31,C,7105.0,7711.7598,595.3,1.0,615.4,1.0,0.0,0.0,0.0,0.0,0.9981,0.0,-0.1057,0.0454,0.1941
2026-08-29T02:35:52Z,2026-08-29 02:35:38,SPXW,2026-08-31,P,7105.0,7711.7598,0.1,72.0,0.15,214.0,0.15,30.0,183.0,0.312,-0.0019,0.0,-0.1057,0.0454,-0.0004
2026-08-29T02:35:52Z,2026-08-29 02:35:38,SPXW,2026-08-31,C,7110.0,7711.7598,593.0,1.0,611.0,1.0,575.33,0.0,7.0,0.0,0.9981,0.0,-0.1065,0.046,0.1942
2026-08-29T02:35:52Z,2026-08-29 02:35:38,SPXW,2026-08-31,P,7110.0,7711.7598,0.1,73.0,0.15,209.0,0.1,5.0,1269.0,0.3096,-0.0019,0.0,-0.1066,0.046,-0.0004
2026-08-29T02:35:52Z,2026-08-29 02:35:38,SPXW,2026-08-31,C,7115.0,7711.7598,588.0,1.0,606.0,1.0,400.0,0.0,4.0,0.0,0.998,0.0,-0.1074,0.0466,0.1944
2026-08-29T02:35:52Z,2026-08-29 02:35:38,SPXW,2026-08-31,P,7115.0,7711.7598,0.1,75.0,0.15,206.0,0.05,284.0,394.0,0.3071,-0.0019,0.0,-0.1074,0.0466,-0.0004
2026-08-29T02:35:52Z,2026-08-29 02:35:38,SPXW,2026-08-31,C,7120.0,7711.7598,582.7,1.0,601.0,1.0,542.2,0.0,17.0,0.0,0.998,0.0,-0.1082,0.0473,0.1945
2026-08-29T02:35:52Z,2026-08-29 02:35:38,SPXW,2026-08-31,P,7120.0,7711.7598,0.1,74.0,0.15,203.0,0.05,48.0,351.0,0.3047,-0.002,0.0,-0.1082,0.0473,-0.0004
2026-08-29T02:35:52Z,2026-08-29 02:35:38,SPXW,2026-08-31,C,7125.0,7711.7598,577.7,1.0,596.0,1.0,646.04,0.0,37.0,0.3511,0.998,0.0,-0.1091,0.0479,0.1946
2026-08-29T02:35:52Z,2026-08-29 02:35:38,SPXW,2026-08-31,P,7125.0,7711.7598,0.1,75.0,0.15,196.0,0.05,1018.0,2089.0,0.3022,-0.002,0.0,-0.1091,0.0479,-0.0004
2026-08-29T02:35:52Z,2026-08-29 02:35:38,SPXW,2026-08-31,C,7130.0,7711.7598,572.7,1.0,591.0,1.0,532.3,0.0,9.0,0.0,0.998,0.0,-0.11,0.0486,0.1948
2026-08-29T02:35:52Z,2026-08-29 02:35:38,SPXW,2026-08-31,P,7130.0,7711.7598,0.1,77.0,0.15,173.0,0.05,52.0,75.0,0.2998,-0.002,0.0,-0.11,0.0486,-0.0004
2026-08-29T02:35:52Z,2026-08-29 02:35:38,SPXW,2026-08-31,C,7135.0,7711.7598,567.7,1.0,586.0,1.0,626.57,0.0,15.0,0.0,0.9979,0.0,-0.1108,0.0493,0.1949
2026-08-29T02:35:52Z,2026-08-29 02:35:38,SPXW,2026-08-31,P,7135.0,7711.7598,0.1,78.0,0.15,37.0,0.05,106.0,116.0,0.2973,-0.002,0.0,-0.1109,0.0493,-0.0004
2026-08-29T02:35:52Z,2026-08-29 02:35:38,SPXW,2026-08-31,C,7140.0,7711.7598,562.7,1.0,581.0,1.0,655.72,0.0,18.0,0.0,0.9979,0.0,-0.1117,0.05,0.195
2026-08-29T02:35:52Z,2026-08-29 02:35:38,SPXW,2026-08-31,P,7140.0,7711.7598,0.1,79.0,0.15,34.0,0.1,74.0,377.0,0.2949,-0.0021,0.0,-0.1118,0.05,-0.0004
2026-08-29T02:35:52Z,2026-08-29 02:35:38,SPXW,2026-08-31,C,7145.0,7711.7598,557.9,1.0,576.0,1.0,343.5,0.0,7.0,0.0,0.9978,0.0,-0.1126,0.0507,0.1952
2026-08-29T02:35:52Z,2026-08-29 02:35:38,SPXW,2026-08-31,P,7145.0,7711.7598,0.1,74.0,0.15,35.0,0.05,441.0,2208.0,0.2924,-0.0021,0.0,-0.1127,0.0507,-0.0004
2026-08-29T02:35:52Z,2026-08-29 02:35:38,SPXW,2026-08-31,C,7150.0,7711.7598,557.4,6.0,561.8,6.0,621.0,0.0,1023.0,0.0,0.9978,0.0,-0.1136,0.0514,0.1953
2026-08-29T02:35:52Z,2026-08-29 02:35:38,SPXW,2026-08-31,P,7150.0,7711.7598,0.1,76.0,0.15,34.0,0.1,844.0,5104.0,0.29,-0.0021,0.0,-0.1136,0.0514,-0.0004
2026-08-29T02:35:52Z,2026-08-29 02:35:38,SPXW,2026-08-31,C,7155.0,7711.7598,548.1,1.0,566.0,1.0,638.58,0.0,3.0,0.0,0.9978,0.0,-0.1145,0.0521,0.1954
2026-08-29T02:35:52Z,2026-08-29 02:35:38,SPXW,2026-08-31,P,7155.0,7711.7598,0.1,77.0,0.15,17.0,0.05,51.0,172.0,0.2876,-0.0022,0.0,-0.1145,0.0521,-0.0004
2026-08-29T02:35:52Z,2026-08-29 02:35:38,SPXW,2026-08-31,C,7160.0,7711.7598,542.7,1.0,561.0,1.0,364.28,0.0,22.0,0.0,0.9978,0.0,-0.1154,0.0529,0.1956
2026-08-29T02:35:52Z,2026-08-29 02:35:38,SPXW,2026-08-31,P,7160.0,7711.7598,0.1,89.0,0.15,17.0,0.1,564.0,337.0,0.2851,-0.0022,0.0,-0.1155,0.0529,-0.0004
2026-08-29T02:35:52Z,2026-08-29 02:35:38,SPXW,2026-08-31,C,7165.0,7711.7598,537.2,1.0,556.0,1.0,628.73,0.0,7.0,0.2923,0.9977,0.0,-0.1164,0.0536,0.1957
2026-08-29T02:35:52Z,2026-08-29 02:35:38,SPXW,2026-08-31,P,7165.0,7711.7598,0.1,91.0,0.15,17.0,0.05,88.0,93.0,0.2827,-0.0022,0.0,-0.1164,0.0536,-0.0005
2026-08-29T02:35:52Z,2026-08-29 02:35:38,SPXW,2026-08-31,C,7170.0,7711.7598,532.7,1.0,551.0,1.0,537.72,1.0,29.0,0.0,0.9977,0.0,-0.1174,0.0544,0.1958
2026-08-29T02:35:52Z,2026-08-29 02:35:38,SPXW,2026-08-31,P,7170.0,7711.7598,0.1,93.0,0.15,17.0,0.15,564.0,169.0,0.2802,-0.0023,0.0,-0.1174,0.0544,-0.0005
2026-08-29T02:35:52Z,2026-08-29 02:35:38,SPXW,2026-08-31,C,7175.0,7711.7598,527.4,1.0,546.0,1.0,402.68,0.0,159.0,0.0,0.9976,0.0,-0.1184,0.0552,0.196
2026-08-29T02:35:52Z,2026-08-29 02:35:38,SPXW,2026-08-31,P,7175.0,7711.7598,0.1,105.0,0.15,4.0,0.15,203.0,2220.0,0.2777,-0.0023,0.0,-0.1184,0.0553,-0.0005
2026-08-29T02:35:52Z,2026-08-29 02:35:38,SPXW,2026-08-31,C,7180.0,7711.7598,523.0,1.0,541.0,1.0,406.2,0.0,25.0,0.0,0.9976,0.0,-0.1194,0.056,0.1961
2026-08-29T02:35:52Z,2026-08-29 02:35:38,SPXW,2026-08-31,P,7180.0,7711.7598,0.1,87.0,0.15,17.0,0.1,76.0,170.0,0.2752,-0.0024,0.0,-0.1194,0.0561,-0.0005
2026-08-29T02:35:52Z,2026-08-29 02:35:38,SPXW,2026-08-31,C,7185.0,7711.7598,518.0,1.0,536.0,1.0,0.0,0.0,0.0,0.0,0.9976,0.0,-0.1204,0.0569,0.1962
2026-08-29T02:35:52Z,2026-08-29 02:35:38,SPXW,2026-08-31,P,7185.0,7711.7598,0.1,87.0,0.15,17.0,0.05,12.0,343.0,0.2728,-0.0024,0.0,-0.1205,0.0569,-0.0005
2026-08-29T02:35:52Z,2026-08-29 02:35:38,SPXW,2026-08-31,C,7190.0,7711.7598,513.1,1.0,531.1,1.0,517.8,1.0,4.0,0.0,0.9975,0.0,-0.1214,0.0578,0.1963
2026-08-29T02:35:52Z,2026-08-29 02:35:38,SPXW,2026-08-31,P,7190.0,7711.7598,0.1,226.0,0.15,17.0,0.05,80.0,114.0,0.2703,-0.0024,0.0,-0.1215,0.0578,-0.0005
2026-08-29T02:35:52Z,2026-08-29 02:35:38,SPXW,2026-08-31,C,7195.0,7711.7598,507.5,1.0,526.1,1.0,465.93,0.0,10.0,0.0,0.9975,0.0,-0.1225,0.0586,0.1965
2026-08-29T02:35:52Z,2026-08-29 02:35:38,SPXW,2026-08-31,P,7195.0,7711.7598,0.1,292.0,0.15,17.0,0.05,188.0,228.0,0.2679,-0.0025,0.0,-0.1226,0.0587,-0.0005
2026-08-29T02:35:52Z,2026-08-29 02:35:38,SPXW,2026-08-31,C,7200.0,7711.7598,503.1,1.0,521.1,1.0,489.72,0.0,176.0,0.0,0.9975,0.0,-0.1235,0.0595,0.1966
2026-08-29T02:35:52Z,2026-08-29 02:35:38,SPXW,2026-08-31,P,7200.0,7711.7598,0.1,290.0,0.15,19.0,0.1,338.0,20654.0,0.2654,-0.0025,0.0,-0.1236,0.0596,-0.0005
2026-08-29T02:35:52Z,2026-08-29 02:35:38,SPXW,2026-08-31,C,7205.0,7711.7598,502.5,7.0,506.6,7.0,484.57,0.0,8.0,0.0,0.9974,0.0,-0.1246,0.0605,0.1967
2026-08-29T02:35:52Z,2026-08-29 02:35:38,SPXW,2026-08-31,P,7205.0,7711.7598,0.1,276.0,0.15,17.0,0.05,25.0,129.0,0.263,-0.0026,0.0,-0.1247,0.0605,-0.0005
2026-08-29T02:35:52Z,2026-08-29 02:35:38,SPXW,2026-08-31,C,7210.0,7711.7598,497.5,7.0,501.6,7.0,500.05,1.0,12.0,0.0,0.9974,0.0,-0.1257,0.0614,0.1968
2026-08-29T02:35:52Z,2026-08-29 02:35:38,SPXW,2026-08-31,P,7210.0,7711.7598,0.1,305.0,0.15,4.0,0.15,529.0,318.0,0.2606,-0.0026,0.0,-0.1258,0.0615,-0.0005
2026-08-29T02:35:52Z,2026-08-29 02:35:38,SPXW,2026-08-31,C,7215.0,7711.7598,492.5,7.0,496.6,7.0,581.48,0.0,8.0,0.0,0.9973,0.0,-0.1268,0.0624,0.197
2026-08-29T02:35:52Z,2026-08-29 02:35:38,SPXW,2026-08-31,P,7215.0,7711.7598,0.1,543.0,0.15,17.0,0.1,480.0,90.0,0.2581,-0.0026,0.0,-0.1269,0.0624,-0.0005
2026-08-29T02:35:52Z,2026-08-29 02:35:38,SPXW,2026-08-31,C,7220.0,7711.7598,487.5,7.0,491.6,7.0,326.6,0.0,30.0,0.0,0.9973,0.0,-0.128,0.0634,0.1971
2026-08-29T02:35:52Z,2026-08-29 02:35:38,SPXW,2026-08-31,P,7220.0,7711.7598,0.1,553.0,0.2,444.0,0.1,752.0,129.0,0.2557,-0.0027,0.0,-0.128,0.0634,-0.0005
2026-08-29T02:35:52Z,2026-08-29 02:35:38,SPXW,2026-08-31,C,7225.0,7711.7598,482.5,7.0,486.6,7.0,520.81,0.0,105.0,0.0,0.9972,0.0,-0.1291,0.0644,0.1972
2026-08-29T02:35:52Z,2026-08-29 02:35:38,SPXW,2026-08-31,P,7225.0,7711.7598,0.1,559.0,0.2,479.0,0.1,615.0,1590.0,0.2532,-0.0027,0.0,-0.1292,0.0645,-0.0006
2026-08-29T02:35:52Z,2026-08-29 02:35:38,SPXW,2026-08-31,C,7230.0,7711.7598,477.5,7.0,481.6,7.0,480.05,1.0,39.0,0.0,0.9972,0.0,-0.1303,0.0655,0.1974
2026-08-29T02:35:52Z,2026-08-29 02:35:38,SPXW,2026-08-31,P,7230.0,7711.7598,0.1,598.0,0.2,382.0,0.15,879.0,668.0,0.2508,-0.0028,0.0,-0.1304,0.0655,-0.0006
2026-08-29T02:35:52Z,2026-08-29 02:35:38,SPXW,2026-08-31,C,7235.0,7711.7598,472.5,7.0,476.6,7.0,440.03,0.0,37.0,0.0,0.9972,0.0,-0.1315,0.0665,0.1975
2026-08-29T02:35:52Z,2026-08-29 02:35:38,SPXW,2026-08-31,P,7235.0,7711.7598,0.1,610.0,0.2,377.0,0.05,278.0,86.0,0.2484,-0.0028,0.0,-0.1315,0.0666,-0.0006
2026-08-29T02:35:52Z,2026-08-29 02:35:38,SPXW,2026-08-31,C,7240.0,7711.7598,467.5,7.0,471.6,7.0,485.31,0.0,26.0,0.0,0.9971,0.0,-0.1327,0.0676,0.1976
2026-08-29T02:35:52Z,2026-08-29 02:35:38,SPXW,2026-08-31,P,7240.0,7711.7598,0.1,598.0,0.2,262.0,0.05,154.0,219.0,0.2511,-0.0029,0.0,-0.1328,0.0677,-0.0006
2026-08-29T02:35:52Z,2026-08-29 02:35:38,SPXW,2026-08-31,C,7245.0,7711.7598,462.5,7.0,466.6,7.0,430.13,0.0,32.0,0.0,0.9971,0.0,-0.1339,0.0688,0.1978
2026-08-29T02:35:52Z,2026-08-29 02:35:38,SPXW,2026-08-31,P,7245.0,7711.7598,0.1,610.0,0.2,258.0,0.05,145.0,152.0,0.2486,-0.0029,0.0,-0.134,0.0688,-0.0006
2026-08-29T02:35:52Z,2026-08-29 02:35:38,SPXW,2026-08-31,C,7250.0,7711.7598,457.5,6.0,461.6,7.0,458.52,3.0,210.0,0.0,0.997,0.0,-0.1352,0.0699,0.1979
2026-08-29T02:35:52Z,2026-08-29 02:35:38,SPXW,2026-08-31,P,7250.0,7711.7598,0.1,582.0,0.2,262.0,0.1,1309.0,5045.0,0.2504,-0.003,0.0,-0.1352,0.07,-0.0006
2026-08-29T02:35:52Z,2026-08-29 02:35:38,SPXW,2026-08-31,C,7255.0,7711.7598,452.7,7.0,456.6,7.0,512.63,0.0,26.0,0.0,0.997,0.0,-0.1364,0.0711,0.198
2026-08-29T02:35:52Z,2026-08-29 02:35:38,SPXW,2026-08-31,P,7255.0,7711.7598,0.1,598.0,0.2,223.0,0.1,35.0,86.0,0.2479,-0.003,0.0,-0.1365,0.0712,-0.0006
2026-08-29T02:35:52Z,2026-08-29 02:35:38,SPXW,2026-08-31,C,7260.0,7711.7598,447.7,7.0,451.6,7.0,447.28,1.0,26.0,0.0,0.9969,0.0,-0.1378,0.0724,0.1981
2026-08-29T02:35:52Z,2026-08-29 02:35:38,SPXW,2026-08-31,P,7260.0,7711.7598,0.1,605.0,0.2,218.0,0.15,32.0,285.0,0.2454,-0.0031,0.0,-0.1378,0.0724,-0.0006
2026-08-29T02:35:52Z,2026-08-29 02:35:38,SPXW,2026-08-31,C,7265.0,7711.7598,442.7,7.0,446.6,7.0,414.75,0.0,15.0,0.0,0.9968,0.0001,-0.1391,0.0736,0.1982
2026-08-29T02:35:52Z,2026-08-29 02:35:38,SPXW,2026-08-31,P,7265.0,7711.7598,0.1,621.0,0.2,213.0,0.1,39.0,119.0,0.2428,-0.0031,0.0001,-0.1392,0.0737,-0.0006
2026-08-29T02:35:52Z,2026-08-29 02:35:38,SPXW,2026-08-31,C,7270.0,7711.7598,437.5,7.0,441.6,7.0,494.67,1.0,28.0,0.0,0.9968,0.0001,-0.1404,0.0749,0.1984
2026-08-29T02:35:52Z,2026-08-29 02:35:38,SPXW,2026-08-31,P,7270.0,7711.7598,0.1,597.0,0.2,229.0,0.1,52.0,226.0,0.2403,-0.0032,0.0001,-0.1405,0.075,-0.0006
2026-08-29T02:35:52Z,2026-08-29 02:35:38,SPXW,2026-08-31,C,7275.0,7711.7598,432.5,7.0,436.5,6.0,394.71,0.0,222.0,0.0,0.9967,0.0001,-0.1418,0.0762,0.1985
2026-08-29T02:35:52Z,2026-08-29 02:35:38,SPXW,2026-08-31,P,7275.0,7711.7598,0.1,599.0,0.2,225.0,0.1,265.0,608.0,0.2378,-0.0032,0.0001,-0.1419,0.0763,-0.0007
2026-08-29T02:35:52Z,2026-08-29 02:35:38,SPXW,2026-08-31,C,7280.0,7711.7598,427.5,7.0,431.5,7.0,431.67,1.0,25.0,0.0,0.9967,0.0001,-0.1432,0.0775,0.1986
2026-08-29T02:35:52Z,2026-08-29 02:35:38,SPXW,2026-08-31,P,7280.0,7711.7598,0.1,579.0,0.2,227.0,0.14,70.0,161.0,0.2353,-0.0033,0.0001,-0.1433,0.0776,-0.0007
2026-08-29T02:35:52Z,2026-08-29 02:35:38,SPXW,2026-08-31,C,7285.0,7711.7598,422.5,7.0,426.5,7.0,185.3,0.0,10.0,0.0,0.9966,0.0001,-0.1446,0.0789,0.1988
2026-08-29T02:35:52Z,2026-08-29 02:35:38,SPXW,2026-08-31,P,7285.0,7711.7598,0.15,59.0,0.2,205.0,0.05,31.0,318.0,0.2327,-0.0034,0.0001,-0.1447,0.079,-0.0007
2026-08-29T02:35:52Z,2026-08-29 02:35:38,SPXW,2026-08-31,C,7290.0,7711.7598,417.5,7.0,421.5,7.0,421.64,1.0,18.0,0.0,0.9965,0.0001,-0.1461,0.0804,0.1989
2026-08-29T02:35:52Z,2026-08-29 02:35:38,SPXW,2026-08-31,P,7290.0,7711.7598,0.15,61.0,0.2,147.0,0.05,37.0,345.0,0.2302,-0.0034,0.0001,-0.1462,0.0804,-0.0007
2026-08-29T02:35:52Z,2026-08-29 02:35:38,SPXW,2026-08-31,C,7295.0,7711.7598,412.5,7.0,416.5,7.0,244.2,0.0,3.0,0.0,0.9965,0.0001,-0.1476,0.0818,0.199
2026-08-29T02:35:52Z,2026-08-29 02:35:38,SPXW,2026-08-31,P,7295.0,7711.7598,0.15,61.0,0.2,146.0,0.05,38.0,301.0,0.2277,-0.0035,0.0001,-0.1477,0.0819,-0.0007
2026-08-29T02:35:52Z,2026-08-29 02:35:38,SPXW,2026-08-31,C,7300.0,7711.7598,407.5,7.0,411.5,6.0,411.55,1.0,584.0,0.0,0.9964,0.0001,-0.1492,0.0834,0.1991
2026-08-29T02:35:52Z,2026-08-29 02:35:38,SPXW,2026-08-31,P,7300.0,7711.7598,0.15,43.0,0.2,76.0,0.15,731.0,31262.0,0.2252,-0.0036,0.0001,-0.1492,0.0834,-0.0007
2026-08-29T02:35:52Z,2026-08-29 02:35:38,SPXW,2026-08-31,C,7305.0,7711.7598,402.6,7.0,406.5,7.0,229.0,0.0,26.0,0.0,0.9963,0.0001,-0.1507,0.0849,0.1992
2026-08-29T02:35:52Z,2026-08-29 02:35:38,SPXW,2026-08-31,P,7305.0,7711.7598,0.15,60.0,0.2,77.0,0.1,56.0,172.0,0.2226,-0.0036,0.0001,-0.1508,0.085,-0.0007
2026-08-29T02:35:52Z,2026-08-29 02:35:38,SPXW,2026-08-31,C,7310.0,7711.7598,397.6,7.0,401.5,7.0,227.3,0.0,21.0,0.0,0.9963,0.0001,-0.1523,0.0865,0.1994
2026-08-29T02:35:52Z,2026-08-29 02:35:38,SPXW,2026-08-31,P,7310.0,7711.7598,0.15,69.0,0.2,76.0,0.1,97.0,295.0,0.2201,-0.0037,0.0001,-0.1524,0.0866,-0.0008
2026-08-29T02:35:52Z,2026-08-29 02:35:38,SPXW,2026-08-31,C,7315.0,7711.7598,392.6,7.0,396.5,7.0,210.3,0.0,27.0,0.0,0.9962,0.0001,-0.1539,0.0881,0.1995
2026-08-29T02:35:52Z,2026-08-29 02:35:38,SPXW,2026-08-31,P,7315.0,7711.7598,0.15,72.0,0.2,42.0,0.1,38.0,127.0,0.2175,-0.0038,0.0001,-0.154,0.0882,-0.0008
2026-08-29T02:35:52Z,2026-08-29 02:35:38,SPXW,2026-08-31,C,7320.0,7711.7598,387.6,7.0,391.5,7.0,391.5,3.0,14.0,0.0,0.9961,0.0001,-0.1556,0.0898,0.1996
2026-08-29T02:35:52Z,2026-08-29 02:35:38,SPXW,2026-08-31,P,7320.0,7711.7598,0.15,74.0,0.2,33.0,0.1,68.0,3142.0,0.215,-0.0039,0.0001,-0.1557,0.0899,-0.0008
2026-08-29T02:35:52Z,2026-08-29 02:35:38,SPXW,2026-08-31,C,7325.0,7711.7598,382.6,6.0,386.8,7.0,469.16,0.0,463.0,0.0,0.996,0.0001,-0.1573,0.0916,0.1997
2026-08-29T02:35:52Z,2026-08-29 02:35:38,SPXW,2026-08-31,P,7325.0,7711.7598,0.15,76.0,0.2,32.0,0.15,349.0,1085.0,0.2125,-0.0039,0.0001,-0.1574,0.0916,-0.0008
2026-08-29T02:35:52Z,2026-08-29 02:35:38,SPXW,2026-08-31,C,7330.0,7711.7598,377.6,7.0,381.5,7.0,347.16,0.0,33.0,0.0,0.996,0.0001,-0.159,0.0933,0.1998
2026-08-29T02:35:52Z,2026-08-29 02:35:38,SPXW,2026-08-31,P,7330.0,7711.7598,0.15,68.0,0.2,31.0,0.1,60.0,352.0,0.2099,-0.004,0.0001,-0.1591,0.0935,-0.0008
2026-08-29T02:35:52Z,2026-08-29 02:35:38,SPXW,2026-08-31,C,7335.0,7711.7598,372.6,7.0,376.5,7.0,484.5,0.0,42.0,0.0,0.9959,0.0001,-0.1608,0.0952,0.2
2026-08-29T02:35:52Z,2026-08-29 02:35:38,SPXW,2026-08-31,P,7335.0,7711.7598,0.15,67.0,0.2,30.0,0.1,52.0,309.0,0.2107,-0.0041,0.0001,-0.1609,0.0953,-0.0008
2026-08-29T02:35:52Z,2026-08-29 02:35:38,SPXW,2026-08-31,C,7340.0,7711.7598,367.6,7.0,371.5,7.0,370.65,10.0,89.0,0.0,0.9958,0.0001,-0.1626,0.0971,0.2001
2026-08-29T02:35:52Z,2026-08-29 02:35:38,SPXW,2026-08-31,P,7340.0,7711.7598,0.15,143.0,0.2,29.0,0.17,53.0,495.0,0.2081,-0.0042,0.0001,-0.1627,0.0972,-0.0008
2026-08-29T02:35:52Z,2026-08-29 02:35:38,SPXW,2026-08-31,C,7345.0,7711.7598,362.6,7.0,366.5,7.0,366.76,0.0,49.0,0.0,0.9957,0.0001,-0.1645,0.0991,0.2002
2026-08-29T02:35:52Z,2026-08-29 02:35:38,SPXW,2026-08-31,P,7345.0,7711.7598,0.15,283.0,0.2,29.0,0.1,49.0,334.0,0.2056,-0.0043,0.0001,-0.1646,0.0992,-0.0009
2026-08-29T02:35:52Z,2026-08-29 02:35:38,SPXW,2026-08-31,C,7350.0,7711.7598,357.6,7.0,361.5,6.0,360.65,11.0,1009.0,0.0,0.9956,0.0001,-0.1664,0.1012,0.2003
2026-08-29T02:35:52Z,2026-08-29 02:35:38,SPXW,2026-08-31,P,7350.0,7711.7598,0.15,286.0,0.2,29.0,0.2,444.0,2321.0,0.203,-0.0044,0.0001,-0.1665,0.1013,-0.0009
2026-08-29T02:35:52Z,2026-08-29 02:35:38,SPXW,2026-08-31,C,7355.0,7711.7598,352.8,7.0,356.5,7.0,305.15,0.0,21.0,0.0,0.9955,0.0001,-0.1684,0.1033,0.2004
2026-08-29T02:35:52Z,2026-08-29 02:35:38,SPXW,2026-08-31,P,7355.0,7711.7598,0.15,504.0,0.2,17.0,0.15,133.0,366.0,0.2004,-0.0045,0.0001,-0.1684,0.1034,-0.0009
2026-08-29T02:35:52Z,2026-08-29 02:35:38,SPXW,2026-08-31,C,7360.0,7711.7598,347.6,7.0,351.5,6.0,347.98,11.0,297.0,0.0,0.9954,0.0001,-0.1704,0.1056,0.2006
2026-08-29T02:35:52Z,2026-08-29 02:35:38,SPXW,2026-08-31,P,7360.0,7711.7598,0.15,505.0,0.2,5.0,0.2,278.0,467.0,0.1978,-0.0046,0.0001,-0.1705,0.1056,-0.0009
2026-08-29T02:35:52Z,2026-08-29 02:35:38,SPXW,2026-08-31,C,7365.0,7711.7598,342.8,7.0,346.5,7.0,340.52,10.0,28.0,0.0,0.9953,0.0001,-0.1724,0.1078,0.2007
2026-08-29T02:35:52Z,2026-08-29 02:35:38,SPXW,2026-08-31,P,7365.0,7711.7598,0.15,571.0,0.25,250.0,0.15,408.0,376.0,0.198,-0.0047,0.0001,-0.1725,0.1079,-0.001
2026-08-29T02:35:52Z,2026-08-29 02:35:38,SPXW,2026-08-31,C,7370.0,7711.7598,337.6,7.0,341.5,7.0,369.1,1.0,52.0,0.0,0.9952,0.0001,-0.1745,0.1102,0.2008
2026-08-29T02:35:52Z,2026-08-29 02:35:38,SPXW,2026-08-31,P,7370.0,7711.7598,0.15,598.0,0.25,246.0,0.15,155.0,310.0,0.1954,-0.0048,0.0001,-0.1746,0.1103,-0.001
2026-08-29T02:35:52Z,2026-08-29 02:35:38,SPXW,2026-08-31,C,7375.0,7711.7598,332.6,7.0,336.5,7.0,297.0,0.0,154.0,0.0,0.9951,0.0001,-0.1767,0.1126,0.2009
2026-08-29T02:35:52Z,2026-08-29 02:35:38,SPXW,2026-08-31,P,7375.0,7711.7598,0.15,609.0,0.2,10.0,0.15,207.0,1859.0,0.1928,-0.0049,0.0001,-0.1768,0.1128,-0.001
2026-08-29T02:35:52Z,2026-08-29 02:35:38,SPXW,2026-08-31,C,7380.0,7711.7598,327.6,7.0,331.5,7.0,386.85,6.0,43.0,0.0,0.995,0.0001,-0.1789,0.1152,0.201
2026-08-29T02:35:52Z,2026-08-29 02:35:38,SPXW,2026-08-31,P,7380.0,7711.7598,0.15,566.0,0.25,232.0,0.2,135.0,351.0,0.1902,-0.005,0.0001,-0.179,0.1153,-0.001
2026-08-29T02:35:52Z,2026-08-29 02:35:38,SPXW,2026-08-31,C,7385.0,7711.7598,322.6,7.0,326.5,7.0,317.84,0.0,25.0,0.0,0.9948,0.0001,-0.1812,0.1178,0.2011
2026-08-29T02:35:52Z,2026-08-29 02:35:38,SPXW,2026-08-31,P,7385.0,7711.7598,0.15,561.0,0.25,227.0,0.2,138.0,385.0,0.1876,-0.0051,0.0001,-0.1813,0.1179,-0.001
2026-08-29T02:35:52Z,2026-08-29 02:35:38,SPXW,2026-08-31,C,7390.0,7711.7598,317.7,7.0,321.5,7.0,378.77,1.0,78.0,0.0,0.9947,0.0001,-0.1836,0.1205,0.2012
2026-08-29T02:35:52Z,2026-08-29 02:35:38,SPXW,2026-08-31,P,7390.0,7711.7598,0.15,564.0,0.25,223.0,0.15,127.0,244.0,0.185,-0.0053,0.0001,-0.1837,0.1206,-0.0011
2026-08-29T02:35:52Z,2026-08-29 02:35:38,SPXW,2026-08-31,C,7395.0,7711.7598,312.7,7.0,316.5,7.0,241.95,0.0,48.0,0.0,0.9946,0.0001,-0.186,0.1233,0.2013
2026-08-29T02:35:52Z,2026-08-29 02:35:38,SPXW,2026-08-31,P,7395.0,7711.7598,0.2,53.0,0.25,150.0,0.15,175.0,257.0,0.1823,-0.0054,0.0001,-0.1861,0.1234,-0.0011
2026-08-29T02:35:52Z,2026-08-29 02:35:38,SPXW,2026-08-31,C,7400.0,7711.7598,307.6,7.0,311.6,7.0,366.4,4.0,5352.0,0.0,0.9944,0.0001,-0.1885,0.1263,0.2014
2026-08-29T02:35:52Z,2026-08-29 02:35:38,SPXW,2026-08-31,P,7400.0,7711.7598,0.2,54.0,0.25,151.0,0.2,2184.0,16113.0,0.1796,-0.0055,0.0001,-0.1887,0.1265,-0.0011
2026-08-29T02:35:52Z,2026-08-29 02:35:38,SPXW,2026-08-31,C,7405.0,7711.7598,302.7,7.0,306.5,7.0,337.91,0.0,95.0,0.0,0.9943,0.0001,-0.191,0.1292,0.2016
2026-08-29T02:35:52Z,2026-08-29 02:35:38,SPXW,2026-08-31,P,7405.0,7711.7598,0.2,54.0,0.25,150.0,0.15,218.0,232.0,0.1771,-0.0057,0.0001,-0.1912,0.1294,-0.0012
2026-08-29T02:35:52Z,2026-08-29 02:35:38,SPXW,2026-08-31,C,7410.0,7711.7598,297.7,7.0,301.5,7.0,357.18,4.0,160.0,0.0,0.9942,0.0001,-0.1937,0.1324,0.2017
2026-08-29T02:35:52Z,2026-08-29 02:35:38,SPXW,2026-08-31,P,7410.0,7711.7598,0.2,53.0,0.25,156.0,0.15,462.0,1412.0,0.1745,-0.0058,0.0001,-0.1938,0.1325,-0.0012
2026-08-29T02:35:52Z,2026-08-29 02:35:38,SPXW,2026-08-31,C,7415.0,7711.7598,292.7,7.0,296.6,7.0,358.41,0.0,116.0,0.0,0.994,0.0001,-0.1964,0.1356,0.2018
2026-08-29T02:35:52Z,2026-08-29 02:35:38,SPXW,2026-08-31,P,7415.0,7711.7598,0.2,64.0,0.25,154.0,0.2,168.0,261.0,0.1719,-0.006,0.0001,-0.1965,0.1358,-0.0012
2026-08-29T02:35:52Z,2026-08-29 02:35:38,SPXW,2026-08-31,C,7420.0,7711.7598,287.7,7.0,291.6,7.0,343.08,4.0,126.0,0.0,0.9938,0.0001,-0.1992,0.139,0.2019
2026-08-29T02:35:52Z,2026-08-29 02:35:38,SPXW,2026-08-31,P,7420.0,7711.7598,0.2,66.0,0.25,65.0,0.15,174.0,351.0,0.1693,-0.0061,0.0001,-0.1994,0.1392,-0.0012
2026-08-29T02:35:52Z,2026-08-29 02:35:38,SPXW,2026-08-31,C,7425.0,7711.7598,282.7,6.0,286.8,7.0,316.33,10.0,461.0,0.0,0.9937,0.0001,-0.2022,0.1426,0.202
2026-08-29T02:35:52Z,2026-08-29 02:35:38,SPXW,2026-08-31,P,7425.0,7711.7598,0.2,62.0,0.25,63.0,0.15,3197.0,2070.0,0.1687,-0.0063,0.0001,-0.2025,0.1429,-0.0013
2026-08-29T02:35:52Z,2026-08-29 02:35:38,SPXW,2026-08-31,C,7430.0,7711.7598,277.7,7.0,281.6,7.0,285.84,13.0,87.0,0.0,0.9935,0.0002,-0.2052,0.1463,0.2021
2026-08-29T02:35:52Z,2026-08-29 02:35:38,SPXW,2026-08-31,P,7430.0,7711.7598,0.2,144.0,0.25,29.0,0.2,134.0,642.0,0.1662,-0.0065,0.0002,-0.2053,0.1464,-0.0013
2026-08-29T02:35:52Z,2026-08-29 02:35:38,SPXW,2026-08-31,C,7435.0,7711.7598,272.7,7.0,276.6,7.0,250.15,0.0,103.0,0.0,0.9933,0.0002,-0.2083,0.1501,0.2022
2026-08-29T02:35:52Z,2026-08-29 02:35:38,SPXW,2026-08-31,P,7435.0,7711.7598,0.2,148.0,0.3,467.0,0.2,4583.0,679.0,0.1654,-0.0067,0.0002,-0.2086,0.1505,-0.0014
2026-08-29T02:35:52Z,2026-08-29 02:35:38,SPXW,2026-08-31,C,7440.0,7711.7598,267.7,7.0,271.6,7.0,322.77,4.0,110.0,0.0,0.9931,0.0002,-0.2116,0.1542,0.2023
2026-08-29T02:35:52Z,2026-08-29 02:35:38,SPXW,2026-08-31,P,7440.0,7711.7598,0.2,158.0,0.3,377.0,0.24,456.0,1299.0,0.1627,-0.0069,0.0002,-0.2119,0.1546,-0.0014
2026-08-29T02:35:52Z,2026-08-29 02:35:38,SPXW,2026-08-31,C,7445.0,7711.7598,262.7,7.0,266.6,7.0,352.56,0.0,42.0,0.0,0.9929,0.0002,-0.2149,0.1584,0.2024
2026-08-29T02:35:52Z,2026-08-29 02:35:38,SPXW,2026-08-31,P,7445.0,7711.7598,0.2,161.0,0.3,273.0,0.2,140.0,3227.0,0.1602,-0.0071,0.0002,-0.215,0.1584,-0.0014
2026-08-29T02:35:52Z,2026-08-29 02:35:38,SPXW,2026-08-31,C,7450.0,7711.7598,257.7,7.0,261.6,7.0,266.57,8.0,1678.0,0.0,0.9927,0.0002,-0.2185,0.1629,0.2025
2026-08-29T02:35:52Z,2026-08-29 02:35:38,SPXW,2026-08-31,P,7450.0,7711.7598,0.2,164.0,0.3,246.0,0.17,4427.0,9844.0,0.1574,-0.0073,0.0002,-0.2186,0.163,-0.0015
2026-08-29T02:35:52Z,2026-08-29 02:35:38,SPXW,2026-08-31,C,7455.0,7711.7598,252.9,7.0,256.6,7.0,258.28,4.0,32.0,0.0,0.9925,0.0002,-0.222,0.1675,0.2026
2026-08-29T02:35:52Z,2026-08-29 02:35:38,SPXW,2026-08-31,P,7455.0,7711.7598,0.2,288.0,0.25,4.0,0.25,73.0,272.0,0.1547,-0.0075,0.0002,-0.2222,0.1677,-0.0015
2026-08-29T02:35:52Z,2026-08-29 02:35:38,SPXW,2026-08-31,C,7460.0,7711.7598,247.7,7.0,251.6,7.0,247.47,6.0,516.0,0.0,0.9922,0.0002,-0.2259,0.1724,0.2026
2026-08-29T02:35:52Z,2026-08-29 02:35:38,SPXW,2026-08-31,P,7460.0,7711.7598,0.2,291.0,0.3,217.0,0.25,208.0,1101.0,0.1519,-0.0078,0.0002,-0.2262,0.1728,-0.0016
2026-08-29T02:35:52Z,2026-08-29 02:35:38,SPXW,2026-08-31,C,7465.0,7711.7598,242.9,7.0,246.6,7.0,308.75,0.0,17.0,0.0,0.992,0.0002,-0.2298,0.1774,0.2027
2026-08-29T02:35:52Z,2026-08-29 02:35:38,SPXW,2026-08-31,P,7465.0,7711.7598,0.2,481.0,0.3,205.0,0.3,1768.0,534.0,0.1493,-0.008,0.0002,-0.23,0.1776,-0.0016
2026-08-29T02:35:52Z,2026-08-29 02:35:38,SPXW,2026-08-31,C,7470.0,7711.7598,237.7,7.0,241.6,7.0,240.96,9.0,160.0,0.0,0.9917,0.0002,-0.2339,0.1828,0.2028
2026-08-29T02:35:52Z,2026-08-29 02:35:38,SPXW,2026-08-31,P,7470.0,7711.7598,0.2,515.0,0.3,199.0,0.24,438.0,540.0,0.1466,-0.0082,0.0002,-0.2341,0.183,-0.0017
2026-08-29T02:35:52Z,2026-08-29 02:35:38,SPXW,2026-08-31,C,7475.0,7711.7598,232.7,7.0,236.6,7.0,237.39,35.0,321.0,0.0,0.9914,0.0002,-0.2384,0.1886,0.2029
2026-08-29T02:35:52Z,2026-08-29 02:35:38,SPXW,2026-08-31,P,7475.0,7711.7598,0.2,605.0,0.3,191.0,0.25,1836.0,1456.0,0.1439,-0.0085,0.0002,-0.2385,0.1888,-0.0017
2026-08-29T02:35:52Z,2026-08-29 02:35:38,SPXW,2026-08-31,C,7480.0,7711.7598,227.8,7.0,231.6,7.0,231.03,15.0,98.0,0.0,0.9912,0.0002,-0.2429,0.1944,0.203
2026-08-29T02:35:52Z,2026-08-29 02:35:38,SPXW,2026-08-31,P,7480.0,7711.7598,0.2,591.0,0.3,34.0,0.15,1166.0,339.0,0.1428,-0.0088,0.0002,-0.2431,0.1947,-0.0018
2026-08-29T02:35:52Z,2026-08-29 02:35:38,SPXW,2026-08-31,C,7485.0,7711.7598,222.8,7.0,226.6,7.0,283.47,13.0,61.0,0.0,0.9908,0.0002,-0.2477,0.2007,0.203
2026-08-29T02:35:52Z,2026-08-29 02:35:38,SPXW,2026-08-31,P,7485.0,7711.7598,0.25,9.0,0.35,526.0,0.24,350.0,396.0,0.1415,-0.0091,0.0002,-0.248,0.201,-0.0019
2026-08-29T02:35:52Z,2026-08-29 02:35:38,SPXW,2026-08-31,C,7490.0,7711.7598,217.8,7.0,221.6,7.0,243.1,2.0,113.0,0.0,0.9905,0.0003,-0.2528,0.2074,0.2031
2026-08-29T02:35:52Z,2026-08-29 02:35:38,SPXW,2026-08-31,P,7490.0,7711.7598,0.25,147.0,0.35,503.0,0.29,1051.0,368.0,0.1389,-0.0095,0.0003,-0.2529,0.2074,-0.0019
2026-08-29T02:35:52Z,2026-08-29 02:35:38,SPXW,2026-08-31,C,7495.0,7711.7598,212.8,7.0,216.6,7.0,211.66,10.0,67.0,0.0,0.9902,0.0003,-0.2583,0.2145,0.2032
2026-08-29T02:35:52Z,2026-08-29 02:35:38,SPXW,2026-08-31,P,7495.0,7711.7598,0.25,145.0,0.35,391.0,0.27,635.0,347.0,0.1361,-0.0098,0.0003,-0.2584,0.2145,-0.002
2026-08-29T02:35:52Z,2026-08-29 02:35:38,SPXW,2026-08-31,C,7500.0,7711.7598,207.8,6.0,211.5,7.0,212.0,67.0,1663.0,0.0,0.9898,0.0003,-0.2643,0.2222,0.2032
2026-08-29T02:35:52Z,2026-08-29 02:35:38,SPXW,2026-08-31,P,7500.0,7711.7598,0.25,143.0,0.35,356.0,0.25,4667.0,9412.0,0.1333,-0.0102,0.0003,-0.2642,0.2221,-0.0021
2026-08-29T02:35:52Z,2026-08-29 02:35:38,SPXW,2026-08-31,C,7505.0,7711.7598,202.8,7.0,206.6,7.0,202.43,4.0,86.0,0.0,0.9894,0.0003,-0.2705,0.2301,0.2033
2026-08-29T02:35:52Z,2026-08-29 02:35:38,SPXW,2026-08-31,P,7505.0,7711.7598,0.25,141.0,0.35,257.0,0.3,604.0,540.0,0.1305,-0.0106,0.0003,-0.2707,0.2304,-0.0022
2026-08-29T02:35:52Z,2026-08-29 02:35:38,SPXW,2026-08-31,C,7510.0,7711.7598,197.8,7.0,201.6,7.0,200.99,35.0,135.0,0.0,0.9889,0.0003,-0.2773,0.2388,0.2033
2026-08-29T02:35:52Z,2026-08-29 02:35:38,SPXW,2026-08-31,P,7510.0,7711.7598,0.25,147.0,0.35,196.0,0.3,1101.0,776.0,0.1277,-0.0111,0.0003,-0.2776,0.2391,-0.0023
2026-08-29T02:35:52Z,2026-08-29 02:35:38,SPXW,2026-08-31,C,7515.0,7711.7598,192.8,7.0,196.6,7.0,200.04,3.0,68.0,0.0,0.9884,0.0003,-0.2847,0.2481,0.2034
2026-08-29T02:35:52Z,2026-08-29 02:35:38,SPXW,2026-08-31,P,7515.0,7711.7598,0.3,1.0,0.35,91.0,0.27,659.0,379.0,0.1261,-0.0116,0.0003,-0.285,0.2485,-0.0024
2026-08-29T02:35:52Z,2026-08-29 02:35:38,SPXW,2026-08-31,C,7520.0,7711.7598,188.0,7.0,191.6,7.0,191.26,17.0,150.0,0.0775,0.9879,0.0004,-0.2927,0.2582,0.2034
2026-08-29T02:35:52Z,2026-08-29 02:35:38,SPXW,2026-08-31,P,7520.0,7711.7598,0.3,22.0,0.4,466.0,0.35,1085.0,603.0,0.1245,-0.0121,0.0004,-0.293,0.2586,-0.0025
2026-08-29T02:35:52Z,2026-08-29 02:35:38,SPXW,2026-08-31,C,7525.0,7711.7598,182.8,7.0,186.6,7.0,186.7,32.0,855.0,0.0,0.9873,0.0004,-0.3016,0.2691,0.2034
2026-08-29T02:35:52Z,2026-08-29 02:35:38,SPXW,2026-08-31,P,7525.0,7711.7598,0.3,129.0,0.4,349.0,0.3,4873.0,2975.0,0.1217,-0.0127,0.0004,-0.3019,0.2695,-0.0026
2026-08-29T02:35:52Z,2026-08-29 02:35:38,SPXW,2026-08-31,C,7530.0,7711.7598,177.9,7.0,181.6,7.0,183.33,4.0,114.0,0.0,0.9867,0.0004,-0.3113,0.2809,0.2034
2026-08-29T02:35:52Z,2026-08-29 02:35:38,SPXW,2026-08-31,P,7530.0,7711.7598,0.3,126.0,0.4,225.0,0.34,484.0,1189.0,0.1189,-0.0133,0.0004,-0.3114,0.281,-0.0027
2026-08-29T02:35:52Z,2026-08-29 02:35:38,SPXW,2026-08-31,C,7535.0,7711.7598,172.9,7.0,176.6,7.0,179.32,4.0,93.0,0.0,0.986,0.0004,-0.3221,0.2938,0.2034
2026-08-29T02:35:52Z,2026-08-29 02:35:38,SPXW,2026-08-31,P,7535.0,7711.7598,0.35,1.0,0.4,17.0,0.4,6052.0,1083.0,0.1172,-0.014,0.0004,-0.3222,0.2938,-0.0029
2026-08-29T02:35:52Z,2026-08-29 02:35:38,SPXW,2026-08-31,C,7540.0,7711.7598,167.9,7.0,171.6,7.0,170.62,12.0,71.0,0.0,0.9852,0.0005,-0.3342,0.3079,0.2034
2026-08-29T02:35:52Z,2026-08-29 02:35:38,SPXW,2026-08-31,P,7540.0,7711.7598,0.35,77.0,0.45,356.0,0.35,812.0,1773.0,0.1153,-0.0148,0.0005,-0.3342,0.3079,-0.003
2026-08-29T02:35:52Z,2026-08-29 02:35:38,SPXW,2026-08-31,C,7545.0,7711.7598,162.9,7.0,166.7,7.0,165.67,12.0,506.0,0.0882,0.9843,0.0005,-0.3477,0.3234,0.2033
2026-08-29T02:35:52Z,2026-08-29 02:35:38,SPXW,2026-08-31,P,7545.0,7711.7598,0.35,111.0,0.45,150.0,0.4,1180.0,651.0,0.1124,-0.0156,0.0005,-0.3477,0.3234,-0.0032
2026-08-29T02:35:52Z,2026-08-29 02:35:38,SPXW,2026-08-31,C,7550.0,7711.7598,157.9,7.0,161.7,7.0,165.63,21.0,1020.0,0.0921,0.9833,0.0005,-0.363,0.3405,0.2033
2026-08-29T02:35:52Z,2026-08-29 02:35:38,SPXW,2026-08-31,P,7550.0,7711.7598,0.4,9.0,0.5,372.0,0.4,6715.0,2235.0,0.1113,-0.0166,0.0005,-0.363,0.3405,-0.0034
2026-08-29T02:35:52Z,2026-08-29 02:35:38,SPXW,2026-08-31,C,7555.0,7711.7598,153.0,7.0,156.7,7.0,160.43,7.0,153.0,0.0895,0.9822,0.0006,-0.3803,0.3595,0.2032
2026-08-29T02:35:52Z,2026-08-29 02:35:38,SPXW,2026-08-31,P,7555.0,7711.7598,0.4,106.0,0.45,1.0,0.4,884.0,1135.0,0.1083,-0.0177,0.0006,-0.3803,0.3595,-0.0037
2026-08-29T02:35:52Z,2026-08-29 02:35:38,SPXW,2026-08-31,C,7560.0,7711.7598,148.1,7.0,151.6,7.0,150.0,11.0,250.0,0.0806,0.981,0.0006,-0.3999,0.3806,0.203
2026-08-29T02:35:52Z,2026-08-29 02:35:38,SPXW,2026-08-31,P,7560.0,7711.7598,0.45,9.0,0.5,15.0,0.45,1015.0,320.0,0.1062,-0.019,0.0006,-0.3999,0.3806,-0.0039
2026-08-29T02:35:52Z,2026-08-29 02:35:38,SPXW,2026-08-31,C,7565.0,7711.7598,143.1,7.0,146.6,7.0,145.05,18.0,517.0,0.0884,0.9796,0.0007,-0.4221,0.404,0.2029
2026-08-29T02:35:52Z,2026-08-29 02:35:38,SPXW,2026-08-31,P,7565.0,7711.7598,0.45,102.0,0.55,89.0,0.45,2476.0,615.0,0.104,-0.0204,0.0007,-0.4221,0.404,-0.0042
2026-08-29T02:35:52Z,2026-08-29 02:35:38,SPXW,2026-08-31,C,7570.0,7711.7598,138.3,7.0,141.8,7.0,142.64,28.0,145.0,0.0756,0.9779,0.0007,-0.4474,0.4301,0.2027
2026-08-29T02:35:52Z,2026-08-29 02:35:38,SPXW,2026-08-31,P,7570.0,7711.7598,0.5,97.0,0.6,138.0,0.55,1121.0,380.0,0.1017,-0.022,0.0007,-0.4474,0.4301,-0.0045
2026-08-29T02:35:52Z,2026-08-29 02:35:38,SPXW,2026-08-31,C,7575.0,7711.7598,133.1,7.0,136.8,7.0,140.02,26.0,403.0,0.0885,0.9761,0.0008,-0.4763,0.4592,0.2024
2026-08-29T02:35:52Z,2026-08-29 02:35:38,SPXW,2026-08-31,P,7575.0,7711.7598,0.55,99.0,0.65,148.0,0.5,4511.0,1121.0,0.1,-0.0239,0.0008,-0.4763,0.4592,-0.0049
2026-08-29T02:35:52Z,2026-08-29 02:35:38,SPXW,2026-08-31,C,7580.0,7711.7598,128.4,7.0,131.9,7.0,128.15,7.0,136.0,0.0857,0.974,0.0009,-0.5093,0.4917,0.2021
2026-08-29T02:35:52Z,2026-08-29 02:35:38,SPXW,2026-08-31,P,7580.0,7711.7598,0.6,91.0,0.7,144.0,0.64,2205.0,1204.0,0.0988,-0.026,0.0009,-0.5093,0.4917,-0.0054
2026-08-29T02:35:52Z,2026-08-29 02:35:38,SPXW,2026-08-31,C,7585.0,7711.7598,123.3,7.0,129.0,3.0,124.74,10.0,225.0,0.0868,0.9715,0.001,-0.5469,0.528,0.2018
2026-08-29T02:35:52Z,2026-08-29 02:35:38,SPXW,2026-08-31,P,7585.0,7711.7598,0.65,91.0,0.75,97.0,0.7,2089.0,231.0,0.0963,-0.0284,0.001,-0.5469,0.528,-0.0059
2026-08-29T02:35:52Z,2026-08-29 02:35:38,SPXW,2026-08-31,C,7590.0,7711.7598,118.5,7.0,122.0,7.0,119.84,25.0,130.0,0.0776,0.9688,0.001,-0.5897,0.5684,0.2013
2026-08-29T02:35:52Z,2026-08-29 02:35:38,SPXW,2026-08-31,P,7590.0,7711.7598,0.75,27.0,0.8,4.0,0.76,2740.0,904.0,0.0947,-0.0312,0.001,-0.5897,0.5684,-0.0065
2026-08-29T02:35:52Z,2026-08-29 02:35:38,SPXW,2026-08-31,C,7595.0,7711.7598,113.6,7.0,117.1,7.0,115.27,36.0,123.0,0.084,0.9656,0.0012,-0.6382,0.6133,0.2008
2026-08-29T02:35:52Z,2026-08-29 02:35:38,SPXW,2026-08-31,P,7595.0,7711.7598,0.8,162.0,0.9,43.0,0.8,1759.0,611.0,0.093,-0.0344,0.0012,-0.6382,0.6133,-0.0071
2026-08-29T02:35:52Z,2026-08-29 02:35:38,SPXW,2026-08-31,C,7600.0,7711.7598,108.6,7.0,112.1,7.0,111.2,373.0,4643.0,0.0836,0.9619,0.0013,-0.6931,0.6633,0.2001
2026-08-29T02:35:52Z,2026-08-29 02:35:38,SPXW,2026-08-31,P,7600.0,7711.7598,0.9,88.0,1.0,49.0,0.94,7352.0,7854.0,0.0911,-0.0381,0.0013,-0.6931,0.6633,-0.0079
2026-08-29T02:35:52Z,2026-08-29 02:35:38,SPXW,2026-08-31,C,7605.0,7711.7598,103.8,7.0,107.3,7.0,107.55,16.0,49.0,0.0816,0.9576,0.0014,-0.7551,0.7186,0.1994
2026-08-29T02:35:52Z,2026-08-29 02:35:38,SPXW,2026-08-31,P,7605.0,7711.7598,1.05,8.0,1.1,4.0,1.1,1346.0,388.0,0.0895,-0.0423,0.0014,-0.7551,0.7186,-0.0088
2026-08-29T02:35:52Z,2026-08-29 02:35:38,SPXW,2026-08-31,C,7610.0,7711.7598,98.9,7.0,102.5,7.0,100.24,41.0,118.0,0.0773,0.9528,0.0016,-0.8247,0.7797,0.1985
2026-08-29T02:35:52Z,2026-08-29 02:35:38,SPXW,2026-08-31,P,7610.0,7711.7598,1.15,32.0,1.25,44.0,1.17,2630.0,557.0,0.0881,-0.0472,0.0016,-0.8247,0.7797,-0.0098
2026-08-29T02:35:52Z,2026-08-29 02:35:38,SPXW,2026-08-31,C,7615.0,7711.7598,94.1,7.0,97.6,7.0,99.56,73.0,191.0,0.0817,0.9472,0.0018,-0.9025,0.8466,0.1975
2026-08-29T02:35:52Z,2026-08-29 02:35:38,SPXW,2026-08-31,P,7615.0,7711.7598,1.3,55.0,1.4,53.0,1.35,6405.0,3539.0,0.0867,-0.0527,0.0018,-0.9025,0.8466,-0.011
2026-08-29T02:35:52Z,2026-08-29 02:35:38,SPXW,2026-08-31,C,7620.0,7711.7598,89.2,7.0,92.6,7.0,90.59,203.0,737.0,0.0798,0.9409,0.002,-0.989,0.92,0.1963
2026-08-29T02:35:52Z,2026-08-29 02:35:38,SPXW,2026-08-31,P,7620.0,7711.7598,1.5,18.0,1.6,55.0,1.55,4205.0,978.0,0.0851,-0.0591,0.002,-0.989,0.92,-0.0123
2026-08-29T02:35:52Z,2026-08-29 02:35:38,SPXW,2026-08-31,C,7625.0,7711.7598,84.4,7.0,87.8,7.0,88.06,89.0,1619.0,0.0791,0.9336,0.0022,-1.0847,1.0,0.1949
2026-08-29T02:35:52Z,2026-08-29 02:35:38,SPXW,2026-08-31,P,7625.0,7711.7598,1.7,44.0,1.8,55.0,1.66,3784.0,2870.0,0.0838,-0.0663,0.0022,-1.0847,1.0,-0.0138
2026-08-29T02:35:52Z,2026-08-29 02:35:38,SPXW,2026-08-31,C,7630.0,7711.7598,79.6,7.0,83.0,7.0,81.0,45.0,246.0,0.078,0.9254,0.0024,-1.1896,1.0865,0.1933
2026-08-29T02:35:52Z,2026-08-29 02:35:38,SPXW,2026-08-31,P,7630.0,7711.7598,1.9,67.0,2.05,74.0,1.9,2487.0,701.0,0.0825,-0.0746,0.0024,-1.1896,1.0865,-0.0156
2026-08-29T02:35:52Z,2026-08-29 02:35:38,SPXW,2026-08-31,C,7635.0,7711.7598,75.0,6.0,78.3,7.0,79.25,21.0,328.0,0.0759,0.916,0.0027,-1.3042,1.1796,0.1915
2026-08-29T02:35:52Z,2026-08-29 02:35:38,SPXW,2026-08-31,P,7635.0,7711.7598,2.2,61.0,2.3,39.0,2.22,2869.0,998.0,0.0809,-0.084,0.0027,-1.3042,1.1796,-0.0176
2026-08-29T02:35:52Z,2026-08-29 02:35:38,SPXW,2026-08-31,C,7640.0,7711.7598,70.4,7.0,73.9,7.0,73.0,57.0,121.0,0.0761,0.9054,0.003,-1.4284,1.2798,0.1894
2026-08-29T02:35:52Z,2026-08-29 02:35:38,SPXW,2026-08-31,P,7640.0,7711.7598,2.5,69.0,2.6,16.0,2.52,3652.0,1067.0,0.0796,-0.0946,0.003,-1.4284,1.2798,-0.0198
2026-08-29T02:35:52Z,2026-08-29 02:35:38,SPXW,2026-08-31,C,7645.0,7711.7598,65.8,7.0,69.1,7.0,66.62,112.0,173.0,0.0748,0.8933,0.0033,-1.5617,1.3862,0.1869
2026-08-29T02:35:52Z,2026-08-29 02:35:38,SPXW,2026-08-31,P,7645.0,7711.7598,2.9,39.0,3.0,41.0,2.81,1981.0,1122.0,0.0782,-0.1067,0.0033,-1.5617,1.3862,-0.0223
2026-08-29T02:35:52Z,2026-08-29 02:35:38,SPXW,2026-08-31,C,7650.0,7711.7598,61.0,7.0,65.7,3.0,62.65,279.0,3128.0,0.0731,0.8796,0.0037,-1.704,1.4988,0.1842
2026-08-29T02:35:52Z,2026-08-29 02:35:38,SPXW,2026-08-31,P,7650.0,7711.7598,3.3,44.0,3.4,15.0,3.26,13422.0,5955.0,0.0769,-0.1203,0.0037,-1.704,1.4988,-0.0252
2026-08-29T02:35:52Z,2026-08-29 02:35:38,SPXW,2026-08-31,C,7655.0,7711.7598,56.5,7.0,59.8,8.0,60.4,223.0,331.0,0.0725,0.8642,0.0041,-1.8543,1.6176,0.1811
2026-08-29T02:35:52Z,2026-08-29 02:35:38,SPXW,2026-08-31,P,7655.0,7711.7598,3.8,39.0,3.9,15.0,3.73,2907.0,319.0,0.0756,-0.1357,0.0041,-1.8543,1.6176,-0.0285
2026-08-29T02:35:52Z,2026-08-29 02:35:38,SPXW,2026-08-31,C,7660.0,7711.7598,53.4,3.0,54.2,4.0,54.08,385.0,1692.0,0.0707,0.8468,0.0045,-2.0113,1.7404,0.1775
2026-08-29T02:35:52Z,2026-08-29 02:35:38,SPXW,2026-08-31,P,7660.0,7711.7598,4.3,67.0,4.5,29.0,4.27,3699.0,434.0,0.0746,-0.1531,0.0045,-2.0113,1.7404,-0.0322
2026-08-29T02:35:52Z,2026-08-29 02:35:38,SPXW,2026-08-31,C,7665.0,7711.7598,49.0,3.0,49.8,4.0,49.9,1415.0,186.0,0.0703,0.8273,0.005,-2.1733,1.8679,0.1736
2026-08-29T02:35:52Z,2026-08-29 02:35:38,SPXW,2026-08-31,P,7665.0,7711.7598,5.0,57.0,5.2,70.0,4.93,2481.0,577.0,0.073,-0.1727,0.005,-2.1733,1.8679,-0.0363
2026-08-29T02:35:52Z,2026-08-29 02:35:38,SPXW,2026-08-31,C,7670.0,7711.7598,44.8,3.0,45.6,4.0,46.92,1471.0,369.0,0.0693,0.8054,0.0055,-2.3378,1.9971,0.169
2026-08-29T02:35:52Z,2026-08-29 02:35:38,SPXW,2026-08-31,P,7670.0,7711.7598,5.7,78.0,5.9,25.0,5.7,3497.0,653.0,0.0715,-0.1946,0.0055,-2.3378,1.9971,-0.041
2026-08-29T02:35:52Z,2026-08-29 02:35:38,SPXW,2026-08-31,C,7675.0,7711.7598,40.7,4.0,41.4,5.0,41.15,456.0,690.0,0.068,0.7808,0.006,-2.5016,2.1268,0.164
2026-08-29T02:35:52Z,2026-08-29 02:35:38,SPXW,2026-08-31,P,7675.0,7711.7598,6.6,50.0,6.8,19.0,6.5,6942.0,1648.0,0.0704,-0.2191,0.006,-2.5016,2.1268,-0.0461
2026-08-29T02:35:52Z,2026-08-29 02:35:38,SPXW,2026-08-31,C,7680.0,7711.7598,36.9,3.0,37.3,5.0,37.7,506.0,335.0,0.067,0.7536,0.0065,-2.6606,2.2546,0.1582
2026-08-29T02:35:52Z,2026-08-29 02:35:38,SPXW,2026-08-31,P,7680.0,7711.7598,7.6,48.0,7.8,19.0,7.53,3976.0,722.0,0.0691,-0.2464,0.0065,-2.6606,2.2546,-0.052
2026-08-29T02:35:52Z,2026-08-29 02:35:38,SPXW,2026-08-31,C,7685.0,7711.7598,33.0,4.0,33.4,5.0,34.08,884.0,480.0,0.0659,0.7234,0.0071,-2.8096,2.3766,0.152
2026-08-29T02:35:52Z,2026-08-29 02:35:38,SPXW,2026-08-31,P,7685.0,7711.7598,8.8,15.0,8.9,5.0,8.6,3132.0,580.0,0.0679,-0.2766,0.0071,-2.8096,2.3766,-0.0584
2026-08-29T02:35:52Z,2026-08-29 02:35:38,SPXW,2026-08-31,C,7690.0,7711.7598,29.4,5.0,29.7,2.0,29.8,1024.0,588.0,0.0655,0.6902,0.0076,-2.9426,2.4905,0.145
2026-08-29T02:35:52Z,2026-08-29 02:35:38,SPXW,2026-08-31,P,7690.0,7711.7598,10.1,21.0,10.3,22.0,9.85,2611.0,597.0,0.0668,-0.3098,0.0076,-2.9426,2.4905,-0.0655
2026-08-29T02:35:52Z,2026-08-29 02:35:38,SPXW,2026-08-31,C,7695.0,7711.7598,25.9,7.0,26.1,2.0,26.3,804.0,1219.0,0.0644,0.6539,0.0081,-3.053,2.5907,0.1375
2026-08-29T02:35:52Z,2026-08-29 02:35:38,SPXW,2026-08-31,P,7695.0,7711.7598,11.6,18.0,11.8,7.0,11.3,2232.0,545.0,0.0654,-0.3461,0.0081,-3.053,2.5907,-0.0732
2026-08-29T02:35:52Z,2026-08-29 02:35:38,SPXW,2026-08-31,C,7700.0,7711.7598,22.6,9.0,22.8,3.0,22.79,3990.0,7862.0,0.0631,0.6147,0.0085,-3.1331,2.674,0.1292
2026-08-29T02:35:52Z,2026-08-29 02:35:38,SPXW,2026-08-31,P,7700.0,7711.7598,13.3,18.0,13.5,25.0,13.0,11284.0,8015.0,0.0643,-0.3852,0.0085,-3.1331,2.674,-0.0816
2026-08-29T02:35:52Z,2026-08-29 02:35:38,SPXW,2026-08-31,C,7705.0,7711.7598,19.6,1.0,19.8,23.0,19.8,2368.0,409.0,0.0621,0.5728,0.0089,-3.1762,2.7351,0.1204
2026-08-29T02:35:52Z,2026-08-29 02:35:38,SPXW,2026-08-31,P,7705.0,7711.7598,15.2,18.0,15.4,6.0,14.75,3174.0,485.0,0.0632,-0.4272,0.0089,-3.1762,2.7351,-0.0905
2026-08-29T02:35:52Z,2026-08-29 02:35:38,SPXW,2026-08-31,C,7710.0,7711.7598,16.7,11.0,16.9,24.0,16.69,6496.0,907.0,0.061,0.5284,0.0092,-3.1752,2.7694,0.1111
2026-08-29T02:35:52Z,2026-08-29 02:35:38,SPXW,2026-08-31,P,7710.0,7711.7598,17.3,41.0,17.5,6.0,17.2,4844.0,332.0,0.062,-0.4715,0.0092,-3.1752,2.7694,-0.0999
2026-08-29T02:35:52Z,2026-08-29 02:35:38,SPXW,2026-08-31,C,7715.0,7711.7598,14.0,56.0,14.2,4.0,14.4,4025.0,1216.0,0.0596,0.4821,0.0094,-3.1253,2.7733,0.1013
2026-08-29T02:35:52Z,2026-08-29 02:35:38,SPXW,2026-08-31,P,7715.0,7711.7598,19.6,28.0,19.8,3.0,19.7,3280.0,359.0,0.0611,-0.5178,0.0094,-3.1253,2.7733,-0.1099
2026-08-29T02:35:52Z,2026-08-29 02:35:38,SPXW,2026-08-31,C,7720.0,7711.7598,11.7,11.0,11.9,42.0,12.0,4232.0,706.0,0.0588,0.4344,0.0094,-3.0233,2.7434,0.0913
2026-08-29T02:35:52Z,2026-08-29 02:35:38,SPXW,2026-08-31,P,7720.0,7711.7598,22.2,11.0,22.4,3.0,21.7,4151.0,415.0,0.0598,-0.5655,0.0094,-3.0233,2.7434,-0.12
2026-08-29T02:35:52Z,2026-08-29 02:35:38,SPXW,2026-08-31,C,7725.0,7711.7598,9.5,32.0,9.7,12.0,10.03,6605.0,2019.0,0.0574,0.3861,0.0093,-2.8689,2.6773,0.0812
2026-08-29T02:35:52Z,2026-08-29 02:35:38,SPXW,2026-08-31,P,7725.0,7711.7598,25.0,20.0,25.3,3.0,24.7,4281.0,1243.0,0.0586,-0.6138,0.0093,-2.8689,2.6773,-0.1303
2026-08-29T02:35:52Z,2026-08-29 02:35:38,SPXW,2026-08-31,C,7730.0,7711.7598,7.7,1.0,7.8,5.0,8.1,13844.0,687.0,0.0564,0.338,0.0091,-2.6652,2.5743,0.0709
2026-08-29T02:35:52Z,2026-08-29 02:35:38,SPXW,2026-08-31,P,7730.0,7711.7598,28.2,7.0,28.4,1.0,27.67,4297.0,375.0,0.0576,-0.662,0.0091,-2.6652,2.5743,-0.1407
2026-08-29T02:35:52Z,2026-08-29 02:35:38,SPXW,2026-08-31,C,7735.0,7711.7598,6.0,58.0,6.2,10.0,6.41,4241.0,697.0,0.0557,0.2908,0.0086,-2.4187,2.4368,0.061
2026-08-29T02:35:52Z,2026-08-29 02:35:38,SPXW,2026-08-31,P,7735.0,7711.7598,31.4,4.0,32.1,4.0,31.1,2349.0,418.0,0.0573,-0.7092,0.0086,-2.4187,2.4368,-0.1508
2026-08-29T02:35:52Z,2026-08-29 02:35:38,SPXW,2026-08-31,C,7740.0,7711.7598,4.7,41.0,4.9,62.0,4.9,6963.0,1267.0,0.0549,0.2456,0.0081,-2.1396,2.266,0.0515
2026-08-29T02:35:52Z,2026-08-29 02:35:38,SPXW,2026-08-31,P,7740.0,7711.7598,35.1,3.0,35.8,5.0,34.93,2531.0,224.0,0.0577,-0.7544,0.0081,-2.1396,2.266,-0.1604
2026-08-29T02:35:52Z,2026-08-29 02:35:38,SPXW,2026-08-31,C,7745.0,7711.7598,3.6,33.0,3.8,66.0,3.7,5255.0,484.0,0.0544,0.2032,0.0074,-1.842,2.0679,0.0426
2026-08-29T02:35:52Z,2026-08-29 02:35:38,SPXW,2026-08-31,P,7745.0,7711.7598,38.9,3.0,39.7,4.0,38.78,1419.0,134.0,0.0563,-0.7968,0.0074,-1.842,2.0679,-0.1695
2026-08-29T02:35:52Z,2026-08-29 02:35:38,SPXW,2026-08-31,C,7750.0,7711.7598,2.75,31.0,2.85,16.0,2.8,11400.0,3681.0,0.0538,0.1646,0.0066,-1.5428,1.8513,0.0344
2026-08-29T02:35:52Z,2026-08-29 02:35:38,SPXW,2026-08-31,P,7750.0,7711.7598,41.8,8.0,45.2,8.0,42.61,4940.0,2198.0,0.056,-0.8353,0.0066,-1.5428,1.8513,-0.1778
2026-08-29T02:35:52Z,2026-08-29 02:35:38,SPXW,2026-08-31,C,7755.0,7711.7598,2.05,36.0,2.15,28.0,2.15,4222.0,722.0,0.0537,0.1309,0.0057,-1.2603,1.6263,0.0273
2026-08-29T02:35:52Z,2026-08-29 02:35:38,SPXW,2026-08-31,P,7755.0,7711.7598,46.1,1.0,49.6,8.0,48.02,906.0,379.0,0.0558,-0.8691,0.0057,-1.2603,1.6263,-0.185
2026-08-29T02:35:52Z,2026-08-29 02:35:38,SPXW,2026-08-31,C,7760.0,7711.7598,1.55,12.0,1.65,93.0,1.6,6531.0,810.0,0.0529,0.1025,0.0048,-1.0096,1.4055,0.0213
2026-08-29T02:35:52Z,2026-08-29 02:35:38,SPXW,2026-08-31,P,7760.0,7711.7598,50.5,8.0,54.1,8.0,52.08,2062.0,592.0,0.0568,-0.8975,0.0048,-1.0096,1.4055,-0.1911
2026-08-29T02:35:52Z,2026-08-29 02:35:38,SPXW,2026-08-31,C,7765.0,7711.7598,1.15,37.0,1.25,97.0,1.21,4065.0,646.0,0.0527,0.0796,0.004,-0.7993,1.2003,0.0166
2026-08-29T02:35:52Z,2026-08-29 02:35:38,SPXW,2026-08-31,P,7765.0,7711.7598,55.0,8.0,58.3,8.0,56.7,1499.0,195.0,0.0562,-0.9204,0.004,-0.7993,1.2003,-0.196
2026-08-29T02:35:52Z,2026-08-29 02:35:38,SPXW,2026-08-31,C,7770.0,7711.7598,0.85,55.0,0.95,113.0,0.9,7967.0,2481.0,0.0529,0.0616,0.0033,-0.6304,1.0173,0.0128
2026-08-29T02:35:52Z,2026-08-29 02:35:38,SPXW,2026-08-31,P,7770.0,7711.7598,59.6,8.0,63.1,8.0,60.56,941.0,162.0,0.0587,-0.9383,0.0033,-0.6304,1.0173,-0.1999
2026-08-29T02:35:52Z,2026-08-29 02:35:38,SPXW,2026-08-31,C,7775.0,7711.7598,0.65,59.0,0.75,153.0,0.65,7033.0,1818.0,0.0532,0.0479,0.0027,-0.4983,0.8595,0.0099
2026-08-29T02:35:52Z,2026-08-29 02:35:38,SPXW,2026-08-31,P,7775.0,7711.7598,64.5,8.0,68.0,8.0,66.52,920.0,741.0,0.0578,-0.952,0.0027,-0.4983,0.8595,-0.2029
2026-08-29T02:35:52Z,2026-08-29 02:35:38,SPXW,2026-08-31,C,7780.0,7711.7598,0.5,53.0,0.6,171.0,0.55,5787.0,665.0,0.0533,0.0375,0.0022,-0.3966,0.7265,0.0078
2026-08-29T02:35:52Z,2026-08-29 02:35:38,SPXW,2026-08-31,P,7780.0,7711.7598,69.4,8.0,72.8,7.0,71.22,287.0,265.0,0.0588,-0.9624,0.0022,-0.3966,0.7265,-0.2052
2026-08-29T02:35:52Z,2026-08-29 02:35:38,SPXW,2026-08-31,C,7785.0,7711.7598,0.4,1.0,0.45,16.0,0.45,6568.0,1255.0,0.0539,0.0297,0.0018,-0.3188,0.6156,0.0061
2026-08-29T02:35:52Z,2026-08-29 02:35:38,SPXW,2026-08-31,P,7785.0,7711.7598,74.2,8.0,77.5,8.0,75.5,204.0,101.0,0.0643,-0.9702,0.0018,-0.3188,0.6156,-0.207
2026-08-29T02:35:52Z,2026-08-29 02:35:38,SPXW,2026-08-31,C,7790.0,7711.7598,0.3,173.0,0.35,8.0,0.37,5835.0,730.0,0.0545,0.0238,0.0014,-0.2595,0.5243,0.0049
2026-08-29T02:35:52Z,2026-08-29 02:35:38,SPXW,2026-08-31,P,7790.0,7711.7598,79.0,8.0,82.4,8.0,80.52,117.0,105.0,0.0664,-0.9762,0.0014,-0.2595,0.5243,-0.2084
2026-08-29T02:35:52Z,2026-08-29 02:35:38,SPXW,2026-08-31,C,7795.0,7711.7598,0.2,395.0,0.3,21.0,0.27,3451.0,515.0,0.0559,0.0193,0.0012,-0.2142,0.4492,0.004
2026-08-29T02:35:52Z,2026-08-29 02:35:38,SPXW,2026-08-31,P,7795.0,7711.7598,84.0,7.0,87.7,7.0,84.83,57.0,35.0,0.0649,-0.9806,0.0012,-0.2142,0.4492,-0.2094
2026-08-29T02:35:52Z,2026-08-29 02:35:38,SPXW,2026-08-31,C,7800.0,7711.7598,0.2,134.0,0.25,21.0,0.25,10022.0,5945.0,0.057,0.0159,0.001,-0.1794,0.3878,0.0033
2026-08-29T02:35:52Z,2026-08-29 02:35:38,SPXW,2026-08-31,P,7800.0,7711.7598,89.1,7.0,92.5,7.0,89.73,171.0,796.0,0.0682,-0.9841,0.001,-0.1794,0.3878,-0.2103
2026-08-29T02:35:52Z,2026-08-29 02:35:38,SPXW,2026-08-31,C,7805.0,7711.7598,0.15,187.0,0.25,435.0,0.19,2261.0,1719.0,0.0587,0.0133,0.0008,-0.1525,0.3375,0.0027
2026-08-29T02:35:52Z,2026-08-29 02:35:38,SPXW,2026-08-31,P,7805.0,7711.7598,93.9,7.0,97.4,7.0,93.7,49.0,68.0,0.0704,-0.9867,0.0008,-0.1525,0.3375,-0.211
2026-08-29T02:35:52Z,2026-08-29 02:35:38,SPXW,2026-08-31,C,7810.0,7711.7598,0.15,1.0,0.2,196.0,0.17,2879.0,859.0,0.0602,0.0112,0.0007,-0.1316,0.2961,0.0023
2026-08-29T02:35:52Z,2026-08-29 02:35:38,SPXW,2026-08-31,P,7810.0,7711.7598,98.9,7.0,102.4,7.0,98.65,58.0,84.0,0.0774,-0.9887,0.0007,-0.1316,0.2961,-0.2115
2026-08-29T02:35:52Z,2026-08-29 02:35:38,SPXW,2026-08-31,C,7815.0,7711.7598,0.1,530.0,0.2,505.0,0.15,3134.0,1051.0,0.0615,0.0097,0.0006,-0.1152,0.2619,0.002
2026-08-29T02:35:52Z,2026-08-29 02:35:38,SPXW,2026-08-31,P,7815.0,7711.7598,103.9,7.0,107.4,7.0,101.76,3.0,46.0,0.0806,-0.9903,0.0006,-0.1152,0.2619,-0.212
2026-08-29T02:35:52Z,2026-08-29 02:35:38,SPXW,2026-08-31,C,7820.0,7711.7598,0.1,88.0,0.15,166.0,0.12,4374.0,1716.0,0.0624,0.0084,0.0005,-0.1021,0.2336,0.0017
2026-08-29T02:35:52Z,2026-08-29 02:35:38,SPXW,2026-08-31,P,7820.0,7711.7598,108.9,7.0,112.2,7.0,115.81,30.0,46.0,0.0829,-0.9916,0.0005,-0.1021,0.2336,-0.2124
2026-08-29T02:35:52Z,2026-08-29 02:35:38,SPXW,2026-08-31,C,7825.0,7711.7598,0.1,3.0,0.15,236.0,0.12,3653.0,3358.0,0.0629,0.0074,0.0004,-0.0916,0.2098,0.0015
2026-08-29T02:35:52Z,2026-08-29 02:35:38,SPXW,2026-08-31,P,7825.0,7711.7598,113.8,7.0,117.3,7.0,112.09,29.0,84.0,0.0804,-0.9926,0.0004,-0.0916,0.2098,-0.2127
2026-08-29T02:35:52Z,2026-08-29 02:35:38,SPXW,2026-08-31,C,7830.0,7711.7598,0.1,11.0,0.15,391.0,0.11,3366.0,1472.0,0.0654,0.0066,0.0004,-0.0831,0.1898,0.0013
2026-08-29T02:35:52Z,2026-08-29 02:35:38,SPXW,2026-08-31,P,7830.0,7711.7598,118.8,7.0,122.3,7.0,120.23,16.0,161.0,0.0834,-0.9934,0.0004,-0.0831,0.1898,-0.213
2026-08-29T02:35:52Z,2026-08-29 02:35:38,SPXW,2026-08-31,C,7835.0,7711.7598,0.1,9.0,0.15,556.0,0.12,1647.0,732.0,0.0701,0.0059,0.0004,-0.0761,0.1728,0.0012
2026-08-29T02:35:52Z,2026-08-29 02:35:38,SPXW,2026-08-31,P,7835.0,7711.7598,123.8,7.0,127.3,7.0,88.8,2.0,67.0,0.0864,-0.9941,0.0004,-0.0761,0.1728,-0.2133
2026-08-29T02:35:52Z,2026-08-29 02:35:38,SPXW,2026-08-31,C,7840.0,7711.7598,0.05,908.0,0.1,3.0,0.1,3611.0,3048.0,0.0703,0.0053,0.0003,-0.0702,0.1582,0.0011
2026-08-29T02:35:52Z,2026-08-29 02:35:38,SPXW,2026-08-31,P,7840.0,7711.7598,128.8,7.0,132.3,7.0,139.77,25.0,64.0,0.0893,-0.9947,0.0003,-0.0702,0.1582,-0.2136
2026-08-29T02:35:52Z,2026-08-29 02:35:38,SPXW,2026-08-31,C,7845.0,7711.7598,0.05,414.0,0.1,3.0,0.07,1695.0,612.0,0.0728,0.0048,0.0003,-0.0651,0.1452,0.001
2026-08-29T02:35:52Z,2026-08-29 02:35:38,SPXW,2026-08-31,P,7845.0,7711.7598,133.8,7.0,137.3,7.0,82.8,13.0,36.0,0.0986,-0.9951,0.0003,-0.0652,0.1455,-0.2138
2026-08-29T02:35:52Z,2026-08-29 02:35:38,SPXW,2026-08-31,C,7850.0,7711.7598,0.05,407.0,0.1,210.0,0.07,2501.0,3480.0,0.0752,0.0044,0.0002,-0.061,0.1345,0.0009
2026-08-29T02:35:52Z,2026-08-29 02:35:38,SPXW,2026-08-31,P,7850.0,7711.7598,138.8,7.0,142.3,7.0,140.0,92.0,182.0,0.1005,-0.9955,0.0002,-0.061,0.1345,-0.214
2026-08-29T02:35:52Z,2026-08-29 02:35:38,SPXW,2026-08-31,C,7855.0,7711.7598,0.05,400.0,0.1,212.0,0.07,987.0,680.0,0.0776,0.0041,0.0002,-0.0574,0.1249,0.0008
2026-08-29T02:35:52Z,2026-08-29 02:35:38,SPXW,2026-08-31,P,7855.0,7711.7598,143.8,7.0,147.3,7.0,102.1,1.0,19.0,0.1036,-0.9959,0.0002,-0.0574,0.1248,-0.2142
2026-08-29T02:35:52Z,2026-08-29 02:35:38,SPXW,2026-08-31,C,7860.0,7711.7598,0.05,48.0,0.1,238.0,0.07,10278.0,1711.0,0.0801,0.0038,0.0002,-0.0541,0.116,0.0008
2026-08-29T02:35:52Z,2026-08-29 02:35:38,SPXW,2026-08-31,P,7860.0,7711.7598,148.8,7.0,152.3,7.0,121.25,5.0,16.0,0.1026,-0.9962,0.0002,-0.0542,0.1163,-0.2144
2026-08-29T02:35:52Z,2026-08-29 02:35:38,SPXW,2026-08-31,C,7865.0,7711.7598,0.05,30.0,0.1,244.0,0.15,730.0,752.0,0.0792,0.0035,0.0002,-0.0514,0.1085,0.0007
2026-08-29T02:35:52Z,2026-08-29 02:35:38,SPXW,2026-08-31,P,7865.0,7711.7598,153.8,7.0,157.5,6.0,178.7,0.0,302.0,0.1006,-0.9964,0.0002,-0.0514,0.1088,-0.2146
2026-08-29T02:35:52Z,2026-08-29 02:35:38,SPXW,2026-08-31,C,7870.0,7711.7598,0.05,35.0,0.1,251.0,0.07,5437.0,1436.0,0.0815,0.0033,0.0002,-0.0489,0.1018,0.0007
2026-08-29T02:35:52Z,2026-08-29 02:35:38,SPXW,2026-08-31,P,7870.0,7711.7598,158.8,7.0,162.5,7.0,114.49,0.0,8.0,0.1084,-0.9967,0.0002,-0.049,0.102,-0.2148
2026-08-29T02:35:52Z,2026-08-29 02:35:38,SPXW,2026-08-31,C,7875.0,7711.7598,0.0,0.0,0.1,285.0,0.1,985.0,2876.0,0.0838,0.0031,0.0002,-0.0468,0.0958,0.0006
2026-08-29T02:35:52Z,2026-08-29 02:35:38,SPXW,2026-08-31,P,7875.0,7711.7598,163.8,7.0,167.5,7.0,142.23,2.0,63.0,0.1114,-0.9969,0.0002,-0.0468,0.0959,-0.215
2026-08-29T02:35:52Z,2026-08-29 02:35:38,SPXW,2026-08-31,C,7880.0,7711.7598,0.0,0.0,0.1,427.0,0.04,517.0,816.0,0.0862,0.0029,0.0001,-0.0448,0.0901,0.0006
2026-08-29T02:35:52Z,2026-08-29 02:35:38,SPXW,2026-08-31,P,7880.0,7711.7598,168.8,7.0,172.5,7.0,168.19,13.0,20.0,0.1143,-0.9971,0.0001,-0.0449,0.0905,-0.2151
2026-08-29T02:35:52Z,2026-08-29 02:35:38,SPXW,2026-08-31,C,7885.0,7711.7598,0.05,51.0,0.1,415.0,0.07,395.0,2352.0,0.0885,0.0027,0.0001,-0.043,0.0852,0.0006
2026-08-29T02:35:52Z,2026-08-29 02:35:38,SPXW,2026-08-31,P,7885.0,7711.7598,173.8,7.0,177.5,7.0,109.0,0.0,13.0,0.1172,-0.9972,0.0001,-0.0432,0.0855,-0.2153
2026-08-29T02:35:52Z,2026-08-29 02:35:38,SPXW,2026-08-31,C,7890.0,7711.7598,0.0,0.0,0.1,473.0,0.05,277.0,873.0,0.0908,0.0026,0.0001,-0.0415,0.0807,0.0005
2026-08-29T02:35:52Z,2026-08-29 02:35:38,SPXW,2026-08-31,P,7890.0,7711.7598,178.8,7.0,182.5,7.0,217.3,0.0,14.0,0.1245,-0.9974,0.0001,-0.0416,0.081,-0.2155
2026-08-29T02:35:52Z,2026-08-29 02:35:38,SPXW,2026-08-31,C,7895.0,7711.7598,0.0,0.0,0.1,512.0,0.05,440.0,802.0,0.0931,0.0024,0.0001,-0.0401,0.0767,0.0005
2026-08-29T02:35:52Z,2026-08-29 02:35:38,SPXW,2026-08-31,P,7895.0,7711.7598,183.8,7.0,187.5,7.0,369.2,0.0,3.0,0.1275,-0.9975,0.0001,-0.0402,0.077,-0.2156
2026-08-29T02:35:52Z,2026-08-29 02:35:38,SPXW,2026-08-31,C,7900.0,7711.7598,0.0,0.0,0.05,58.0,0.05,3449.0,7137.0,0.0954,0.0023,0.0001,-0.0388,0.073,0.0005
2026-08-29T02:35:52Z,2026-08-29 02:35:38,SPXW,2026-08-31,P,7900.0,7711.7598,188.8,7.0,192.5,7.0,186.03,11.0,73.0,0.1304,-0.9976,0.0001,-0.0389,0.0732,-0.2158
2026-08-29T02:35:52Z,2026-08-29 02:35:38,SPXW,2026-08-31,C,7905.0,7711.7598,0.0,0.0,0.1,540.0,0.05,289.0,1457.0,0.0976,0.0022,0.0001,-0.0377,0.0697,0.0004
2026-08-29T02:35:52Z,2026-08-29 02:35:38,SPXW,2026-08-31,P,7905.0,7711.7598,193.7,7.0,197.5,7.0,199.51,1.0,16.0,0.1333,-0.9978,0.0001,-0.0377,0.0698,-0.216
2026-08-29T02:35:52Z,2026-08-29 02:35:38,SPXW,2026-08-31,C,7910.0,7711.7598,0.0,0.0,0.05,63.0,0.05,465.0,544.0,0.0998,0.0021,0.0001,-0.0366,0.0666,0.0004
2026-08-29T02:35:52Z,2026-08-29 02:35:38,SPXW,2026-08-31,P,7910.0,7711.7598,198.7,7.0,202.5,7.0,143.33,0.0,8.0,0.1362,-0.9978,0.0001,-0.0366,0.0667,-0.2161
2026-08-29T02:35:52Z,2026-08-29 02:35:38,SPXW,2026-08-31,C,7915.0,7711.7598,0.0,0.0,0.05,10.0,0.03,976.0,270.0,0.1021,0.002,0.0001,-0.0356,0.0637,0.0004
2026-08-29T02:35:52Z,2026-08-29 02:35:38,SPXW,2026-08-31,P,7915.0,7711.7598,203.7,7.0,207.5,7.0,192.2,0.0,1.0,0.1306,-0.998,0.0001,-0.0356,0.0638,-0.2163
2026-08-29T02:35:52Z,2026-08-29 02:35:38,SPXW,2026-08-31,C,7920.0,7711.7598,0.0,0.0,0.05,8.0,0.04,902.0,1195.0,0.1042,0.0019,0.0001,-0.0347,0.0611,0.0004
2026-08-29T02:35:52Z,2026-08-29 02:35:38,SPXW,2026-08-31,P,7920.0,7711.7598,208.7,7.0,212.5,7.0,189.39,0.0,3.0,0.1333,-0.998,0.0001,-0.0347,0.0611,-0.2164
2026-08-29T02:35:52Z,2026-08-29 02:35:38,SPXW,2026-08-31,C,7925.0,7711.7598,0.0,0.0,0.05,8.0,0.07,96.0,562.0,0.1065,0.0019,0.0001,-0.0338,0.0586,0.0004
2026-08-29T02:35:52Z,2026-08-29 02:35:38,SPXW,2026-08-31,P,7925.0,7711.7598,213.7,7.0,217.5,7.0,360.0,0.0,3.0,0.1361,-0.9981,0.0001,-0.0338,0.0586,-0.2166
2026-08-29T02:35:52Z,2026-08-29 02:35:38,SPXW,2026-08-31,C,7930.0,7711.7598,0.0,0.0,0.05,8.0,0.03,9.0,265.0,0.1092,0.0018,0.0001,-0.0329,0.0559,0.0004
2026-08-29T02:35:52Z,2026-08-29 02:35:38,SPXW,2026-08-31,P,7930.0,7711.7598,218.7,7.0,222.5,7.0,0.0,0.0,0.0,0.1388,-0.9982,0.0001,-0.0331,0.0563,-0.2167
2026-08-29T02:35:52Z,2026-08-29 02:35:38,SPXW,2026-08-31,C,7935.0,7711.7598,0.0,0.0,0.05,9.0,0.07,111.0,228.0,0.111,0.0017,0.0001,-0.0323,0.0542,0.0003
2026-08-29T02:35:52Z,2026-08-29 02:35:38,SPXW,2026-08-31,P,7935.0,7711.7598,215.0,1.0,232.2,1.0,212.1,0.0,1.0,0.1238,-0.9982,0.0001,-0.0323,0.0542,-0.2169
2026-08-29T02:35:52Z,2026-08-29 02:35:38,SPXW,2026-08-31,C,7940.0,7711.7598,0.0,0.0,0.05,8.0,0.03,9204.0,380.0,0.1132,0.0017,0.0001,-0.0317,0.0522,0.0003
2026-08-29T02:35:52Z,2026-08-29 02:35:38,SPXW,2026-08-31,P,7940.0,7711.7598,220.0,1.0,237.1,1.0,244.75,0.0,1.0,0.1464,-0.9983,0.0001,-0.0316,0.0522,-0.217
2026-08-29T02:35:52Z,2026-08-29 02:35:38,SPXW,2026-08-31,C,7945.0,7711.7598,0.0,0.0,0.05,8.0,0.05,19.0,463.0,0.1154,0.0016,0.0001,-0.031,0.0503,0.0003
2026-08-29T02:35:52Z,2026-08-29 02:35:38,SPXW,2026-08-31,P,7945.0,7711.7598,225.2,1.0,242.1,1.0,379.53,0.0,10.0,0.1365,-0.9984,0.0001,-0.031,0.0503,-0.2172
2026-08-29T02:35:52Z,2026-08-29 02:35:38,SPXW,2026-08-31,C,7950.0,7711.7598,0.0,0.0,0.05,119.0,0.05,5161.0,7647.0,0.1112,0.0015,0.0001,-0.0303,0.0482,0.0003
2026-08-29T02:35:52Z,2026-08-29 02:35:38,SPXW,2026-08-31,P,7950.0,7711.7598,230.2,1.0,247.3,1.0,219.3,1.0,6.0,0.2014,-0.9984,0.0001,-0.0304,0.0485,-0.2173
2026-08-29T02:35:52Z,2026-08-29 02:35:38,SPXW,2026-08-31,C,7955.0,7711.7598,0.0,0.0,0.05,9.0,0.05,75.0,129.0,0.1198,0.0015,0.0001,-0.0299,0.0469,0.0003
2026-08-29T02:35:52Z,2026-08-29 02:35:38,SPXW,2026-08-31,P,7955.0,7711.7598,235.2,1.0,252.1,1.0,232.87,0.0,11.0,0.1816,-0.9985,0.0001,-0.0299,0.0469,-0.2175
2026-08-29T02:35:52Z,2026-08-29 02:35:38,SPXW,2026-08-31,C,7960.0,7711.7598,0.0,0.0,0.05,16.0,0.05,223.0,274.0,0.122,0.0014,0.0001,-0.0293,0.0454,0.0003
2026-08-29T02:35:52Z,2026-08-29 02:35:38,SPXW,2026-08-31,P,7960.0,7711.7598,240.2,1.0,257.1,1.0,0.0,0.0,0.0,0.1503,-0.9985,0.0001,-0.0293,0.0453,-0.2176
2026-08-29T02:35:52Z,2026-08-29 02:35:38,SPXW,2026-08-31,C,7965.0,7711.7598,0.0,0.0,0.05,1.0,0.05,247.0,124.0,0.1243,0.0014,0.0,-0.0288,0.0439,0.0003
2026-08-29T02:35:52Z,2026-08-29 02:35:38,SPXW,2026-08-31,P,7965.0,7711.7598,245.2,1.0,262.3,1.0,0.0,0.0,0.0,0.2338,-0.9986,0.0,-0.0288,0.0439,-0.2178
2026-08-29T02:35:52Z,2026-08-29 02:35:38,SPXW,2026-08-31,C,7970.0,7711.7598,0.0,0.0,0.05,8.0,0.05,101.0,232.0,0.1265,0.0014,0.0,-0.0284,0.0425,0.0003
2026-08-29T02:35:52Z,2026-08-29 02:35:38,SPXW,2026-08-31,P,7970.0,7711.7598,250.2,1.0,267.2,1.0,0.0,0.0,0.0,0.1456,-0.9986,0.0,-0.0284,0.0425,-0.2179
2026-08-29T02:35:52Z,2026-08-29 02:35:38,SPXW,2026-08-31,C,7975.0,7711.7598,0.0,0.0,0.05,13.0,0.02,678.0,678.0,0.1212,0.0013,0.0,-0.0279,0.0412,0.0003
2026-08-29T02:35:52Z,2026-08-29 02:35:38,SPXW,2026-08-31,P,7975.0,7711.7598,255.0,1.0,272.1,1.0,295.33,0.0,2.0,0.2292,-0.9986,0.0,-0.0279,0.0412,-0.2181
2026-08-29T02:35:52Z,2026-08-29 02:35:38,SPXW,2026-08-31,C,7980.0,7711.7598,0.0,0.0,0.05,8.0,0.13,0.0,707.0,0.1313,0.0013,0.0,-0.0274,0.0398,0.0002
2026-08-29T02:35:52Z,2026-08-29 02:35:38,SPXW,2026-08-31,P,7980.0,7711.7598,260.0,1.0,277.2,1.0,0.0,0.0,0.0,0.1683,-0.9987,0.0,-0.0275,0.04,-0.2182
2026-08-29T02:35:52Z,2026-08-29 02:35:38,SPXW,2026-08-31,C,7985.0,7711.7598,0.0,0.0,0.05,8.0,0.05,219.0,239.0,0.1335,0.0012,0.0,-0.027,0.0386,0.0002
2026-08-29T02:35:52Z,2026-08-29 02:35:38,SPXW,2026-08-31,P,7985.0,7711.7598,265.2,1.0,282.2,1.0,303.38,0.0,1.0,0.157,-0.9987,0.0,-0.0271,0.0388,-0.2184
2026-08-29T02:35:52Z,2026-08-29 02:35:38,SPXW,2026-08-31,C,7990.0,7711.7598,0.0,0.0,0.05,28.0,0.05,88.0,410.0,0.1278,0.0012,0.0,-0.0266,0.0376,0.0002
2026-08-29T02:35:52Z,2026-08-29 02:35:38,SPXW,2026-08-31,P,7990.0,7711.7598,270.0,1.0,287.2,1.0,308.38,0.0,26.0,0.163,-0.9988,0.0,-0.0267,0.0377,-0.2185
2026-08-29T02:35:52Z,2026-08-29 02:35:38,SPXW,2026-08-31,C,7995.0,7711.7598,0.0,0.0,0.05,8.0,0.07,1.0,273.0,0.1378,0.0012,0.0,-0.0263,0.0365,0.0002
2026-08-29T02:35:52Z,2026-08-29 02:35:38,SPXW,2026-08-31,P,7995.0,7711.7598,275.0,1.0,292.2,1.0,313.72,0.0,39.0,0.2448,-0.9988,0.0,-0.0263,0.0367,-0.2186
2026-08-29T02:35:52Z,2026-08-29 02:35:38,SPXW,2026-08-31,C,8000.0,7711.7598,0.0,0.0,0.05,13.0,0.03,1309.0,8876.0,0.132,0.0011,0.0,-0.0259,0.0355,0.0002
2026-08-29T02:35:52Z,2026-08-29 02:35:38,SPXW,2026-08-31,P,8000.0,7711.7598,280.0,1.0,297.6,1.0,285.16,3.0,179.0,0.2382,-0.9988,0.0,-0.026,0.0357,-0.2188
2026-08-29T02:35:52Z,2026-08-29 02:35:38,SPXW,2026-08-31,C,8005.0,7711.7598,0.0,0.0,0.05,17.0,0.05,13.0,3041.0,0.1421,0.0011,0.0,-0.0256,0.0346,0.0002
2026-08-29T02:35:52Z,2026-08-29 02:35:38,SPXW,2026-08-31,P,8005.0,7711.7598,285.2,1.0,302.2,1.0,0.0,0.0,0.0,0.2335,-0.9988,0.0,-0.0256,0.0348,-0.2189
2026-08-29T02:35:52Z,2026-08-29 02:35:38,SPXW,2026-08-31,C,8010.0,7711.7598,0.0,0.0,0.05,17.0,0.05,35.0,442.0,0.1443,0.0011,0.0,-0.0253,0.0337,0.0002
2026-08-29T02:35:52Z,2026-08-29 02:35:38,SPXW,2026-08-31,P,8010.0,7711.7598,290.2,1.0,307.1,1.0,0.0,0.0,0.0,0.1844,-0.9989,0.0,-0.0253,0.0338,-0.2191
2026-08-29T02:35:52Z,2026-08-29 02:35:38,SPXW,2026-08-31,C,8015.0,7711.7598,0.0,0.0,0.05,17.0,0.03,75.0,139.0,0.1465,0.0011,0.0,-0.025,0.0328,0.0002
2026-08-29T02:35:52Z,2026-08-29 02:35:38,SPXW,2026-08-31,P,8015.0,7711.7598,295.2,1.0,312.1,1.0,0.0,0.0,0.0,0.2399,-0.9989,0.0,-0.025,0.033,-0.2192
2026-08-29T02:35:52Z,2026-08-29 02:35:38,SPXW,2026-08-31,C,8020.0,7711.7598,0.0,0.0,0.05,35.0,0.05,22.0,109.0,0.1402,0.001,0.0,-0.0247,0.032,0.0002
2026-08-29T02:35:52Z,2026-08-29 02:35:38,SPXW,2026-08-31,P,8020.0,7711.7598,300.0,1.0,317.2,1.0,215.65,0.0,10.0,0.0,-0.9989,0.0,-0.0247,0.0322,-0.2194
2026-08-29T02:35:52Z,2026-08-29 02:35:38,SPXW,2026-08-31,C,8025.0,7711.7598,0.0,0.0,0.05,43.0,0.05,35.0,1423.0,0.1423,0.001,0.0,-0.0244,0.0312,0.0002
2026-08-29T02:35:52Z,2026-08-29 02:35:38,SPXW,2026-08-31,P,8025.0,7711.7598,305.0,1.0,323.5,1.0,220.1,0.0,10.0,0.2488,-0.999,0.0,-0.0244,0.0314,-0.2195
2026-08-29T02:35:52Z,2026-08-29 02:35:38,SPXW,2026-08-31,C,8030.0,7711.7598,0.0,0.0,0.05,37.0,0.05,9.0,79.0,0.1439,0.001,0.0,-0.0242,0.0306,0.0002
2026-08-29T02:35:52Z,2026-08-29 02:35:38,SPXW,2026-08-31,P,8030.0,7711.7598,310.2,1.0,327.0,1.0,515.5,0.0,3.0,0.2609,-0.999,0.0,-0.0242,0.0306,-0.2196
2026-08-29T02:35:52Z,2026-08-29 02:35:38,SPXW,2026-08-31,C,8035.0,7711.7598,0.0,0.0,0.1,542.0,0.05,11.0,50.0,0.1551,0.001,0.0,-0.0238,0.0298,0.0002
2026-08-29T02:35:52Z,2026-08-29 02:35:38,SPXW,2026-08-31,P,8035.0,7711.7598,315.0,1.0,332.1,1.0,0.0,0.0,0.0,0.2045,-0.999,0.0,-0.0239,0.0299,-0.2198
2026-08-29T02:35:52Z,2026-08-29 02:35:38,SPXW,2026-08-31,C,8040.0,7711.7598,0.0,0.0,0.05,121.0,0.07,1.0,89.0,0.1572,0.0009,0.0,-0.0236,0.0291,0.0002
2026-08-29T02:35:52Z,2026-08-29 02:35:38,SPXW,2026-08-31,P,8040.0,7711.7598,320.0,1.0,337.2,1.0,0.0,0.0,0.0,0.1977,-0.999,0.0,-0.0236,0.0292,-0.2199
2026-08-29T02:35:52Z,2026-08-29 02:35:38,SPXW,2026-08-31,C,8045.0,7711.7598,0.0,0.0,0.05,123.0,0.15,0.0,47.0,0.1594,0.0009,0.0,-0.0233,0.0284,0.0002
2026-08-29T02:35:52Z,2026-08-29 02:35:38,SPXW,2026-08-31,P,8045.0,7711.7598,325.0,1.0,342.2,1.0,0.0,0.0,0.0,0.1872,-0.999,0.0,-0.0234,0.0285,-0.22
2026-08-29T02:35:52Z,2026-08-29 02:35:38,SPXW,2026-08-31,C,8050.0,7711.7598,0.0,0.0,0.05,163.0,0.07,26.0,5084.0,0.1525,0.0009,0.0,-0.0231,0.0278,0.0002
2026-08-29T02:35:52Z,2026-08-29 02:35:38,SPXW,2026-08-31,P,8050.0,7711.7598,330.2,1.0,347.4,1.0,328.03,0.0,1.0,0.1936,-0.9991,0.0,-0.0231,0.0279,-0.2202
2026-08-29T02:35:52Z,2026-08-29 02:35:38,SPXW,2026-08-31,C,8055.0,7711.7598,0.0,0.0,0.05,147.0,0.07,23.0,216.0,0.1636,0.0009,0.0,-0.0229,0.0272,0.0002
2026-08-29T02:35:52Z,2026-08-29 02:35:38,SPXW,2026-08-31,P,8055.0,7711.7598,335.2,1.0,355.7,1.0,0.0,0.0,0.0,0.2651,-0.9991,0.0,-0.0229,0.0273,-0.2203
2026-08-29T02:35:52Z,2026-08-29 02:35:38,SPXW,2026-08-31,C,8060.0,7711.7598,0.0,0.0,0.05,149.0,0.1,0.0,139.0,0.1657,0.0009,0.0,-0.0226,0.0266,0.0002
2026-08-29T02:35:52Z,2026-08-29 02:35:38,SPXW,2026-08-31,P,8060.0,7711.7598,340.0,1.0,357.4,1.0,0.0,0.0,0.0,0.2052,-0.9991,0.0,-0.0227,0.0267,-0.2205
2026-08-29T02:35:52Z,2026-08-29 02:35:38,SPXW,2026-08-31,C,8065.0,7711.7598,0.0,0.0,0.05,150.0,0.12,0.0,105.0,0.1679,0.0008,0.0,-0.0224,0.026,0.0002
2026-08-29T02:35:52Z,2026-08-29 02:35:38,SPXW,2026-08-31,P,8065.0,7711.7598,345.0,1.0,362.1,1.0,0.0,0.0,0.0,0.2485,-0.9991,0.0,-0.0225,0.0261,-0.2206
2026-08-29T02:35:52Z,2026-08-29 02:35:38,SPXW,2026-08-31,C,8070.0,7711.7598,0.0,0.0,0.05,152.0,0.07,4.0,404.0,0.17,0.0008,0.0,-0.0222,0.0255,0.0002
2026-08-29T02:35:52Z,2026-08-29 02:35:38,SPXW,2026-08-31,P,8070.0,7711.7598,350.0,2.0,370.5,1.0,392.93,0.0,2.0,0.221,-0.9991,0.0,-0.0222,0.0256,-0.2208
2026-08-29T02:35:52Z,2026-08-29 02:35:38,SPXW,2026-08-31,C,8075.0,7711.7598,0.0,0.0,0.05,155.0,0.15,0.0,5137.0,0.1626,0.0008,0.0,-0.022,0.0249,0.0002
2026-08-29T02:35:52Z,2026-08-29 02:35:38,SPXW,2026-08-31,P,8075.0,7711.7598,355.0,1.0,372.1,1.0,0.0,0.0,0.0,0.2159,-0.9992,0.0,-0.022,0.025,-0.2209
2026-08-29T02:35:52Z,2026-08-29 02:35:38,SPXW,2026-08-31,C,8080.0,7711.7598,0.0,0.0,0.05,156.0,0.1,0.0,52.0,0.1742,0.0008,0.0,-0.0218,0.0244,0.0002
2026-08-29T02:35:52Z,2026-08-29 02:35:38,SPXW,2026-08-31,P,8080.0,7711.7598,360.0,1.0,377.3,1.0,660.97,0.0,100.0,0.2922,-0.9992,0.0,-0.0218,0.0245,-0.221
2026-08-29T02:35:52Z,2026-08-29 02:35:38,SPXW,2026-08-31,C,8085.0,7711.7598,0.0,0.0,0.05,159.0,0.2,0.0,145.0,0.1666,0.0008,0.0,-0.0216,0.0239,0.0002
2026-08-29T02:35:52Z,2026-08-29 02:35:38,SPXW,2026-08-31,P,8085.0,7711.7598,365.0,1.0,382.3,1.0,0.0,0.0,0.0,0.2962,-0.9992,0.0,-0.0216,0.024,-0.2212
2026-08-29T02:35:52Z,2026-08-29 02:35:38,SPXW,2026-08-31,C,8090.0,7711.7598,0.0,0.0,0.05,160.0,0.03,17.0,532.0,0.1686,0.0008,0.0,-0.0214,0.0235,0.0001
2026-08-29T02:35:52Z,2026-08-29 02:35:38,SPXW,2026-08-31,P,8090.0,7711.7598,370.0,1.0,387.1,1.0,670.04,0.0,100.0,0.2048,-0.9992,0.0,-0.0214,0.0236,-0.2213
2026-08-29T02:35:52Z,2026-08-29 02:35:38,SPXW,2026-08-31,C,8095.0,7711.7598,0.0,0.0,0.05,164.0,0.62,0.0,56.0,0.1706,0.0008,0.0,-0.0212,0.023,0.0001
2026-08-29T02:35:52Z,2026-08-29 02:35:38,SPXW,2026-08-31,P,8095.0,7711.7598,375.0,1.0,392.0,1.0,0.0,0.0,0.0,0.2936,-0.9992,0.0,-0.0212,0.0231,-0.2215
2026-08-29T02:35:52Z,2026-08-29 02:35:38,SPXW,2026-08-31,C,8100.0,7711.7598,0.0,0.0,0.05,538.0,0.03,30.0,2514.0,0.1726,0.0007,0.0,-0.021,0.0226,0.0001
2026-08-29T02:35:52Z,2026-08-29 02:35:38,SPXW,2026-08-31,P,8100.0,7711.7598,380.0,1.0,397.1,1.0,364.78,1.0,59.0,0.3169,-0.9992,0.0,-0.021,0.0226,-0.2216
2026-08-29T02:35:52Z,2026-08-29 02:35:38,SPXW,2026-08-31,C,8105.0,7711.7598,0.0,0.0,0.05,168.0,0.05,2.0,33.0,0.1746,0.0007,0.0,-0.0208,0.0221,0.0001
2026-08-29T02:35:52Z,2026-08-29 02:35:38,SPXW,2026-08-31,P,8105.0,7711.7598,385.2,1.0,402.1,1.0,0.0,0.0,0.0,0.2897,-0.9992,0.0,-0.0209,0.0222,-0.2217
2026-08-29T02:35:52Z,2026-08-29 02:35:38,SPXW,2026-08-31,C,8110.0,7711.7598,0.0,0.0,0.05,170.0,0.1,0.0,193.0,0.1766,0.0007,0.0,-0.0207,0.0217,0.0001
2026-08-29T02:35:52Z,2026-08-29 02:35:38,SPXW,2026-08-31,P,8110.0,7711.7598,390.0,1.0,407.0,1.0,0.0,0.0,0.0,0.311,-0.9992,0.0,-0.0207,0.0218,-0.2219
2026-08-29T02:35:52Z,2026-08-29 02:35:38,SPXW,2026-08-31,C,8115.0,7711.7598,0.0,0.0,0.05,173.0,0.15,0.0,43.0,0.1786,0.0007,0.0,-0.0205,0.0213,0.0001
2026-08-29T02:35:52Z,2026-08-29 02:35:38,SPXW,2026-08-31,P,8115.0,7711.7598,395.0,1.0,412.1,1.0,366.87,0.0,1.0,0.3226,-0.9993,0.0,-0.0205,0.0214,-0.222
2026-08-29T02:35:52Z,2026-08-29 02:35:38,SPXW,2026-08-31,C,8120.0,7711.7598,0.0,0.0,0.05,174.0,0.15,0.0,277.0,0.1805,0.0007,0.0,-0.0203,0.0209,0.0001
2026-08-29T02:35:52Z,2026-08-29 02:35:38,SPXW,2026-08-31,P,8120.0,7711.7598,400.0,1.0,417.2,1.0,429.51,0.0,2.0,0.3265,-0.9993,0.0,-0.0203,0.021,-0.2222
2026-08-29T02:35:52Z,2026-08-29 02:35:38,SPXW,2026-08-31,C,8125.0,7711.7598,0.0,0.0,0.05,177.0,0.1,0.0,431.0,0.1825,0.0007,0.0,-0.0201,0.0205,0.0001
2026-08-29T02:35:52Z,2026-08-29 02:35:38,SPXW,2026-08-31,P,8125.0,7711.7598,405.0,1.0,422.3,1.0,0.0,0.0,0.0,0.3413,-0.9993,0.0,-0.0202,0.0206,-0.2223
2026-08-29T02:35:52Z,2026-08-29 02:35:38,SPXW,2026-08-31,C,8130.0,7711.7598,0.0,0.0,0.05,179.0,0.15,0.0,159.0,0.1845,0.0007,0.0,-0.02,0.0202,0.0001
2026-08-29T02:35:52Z,2026-08-29 02:35:38,SPXW,2026-08-31,P,8130.0,7711.7598,410.0,1.0,427.4,1.0,439.47,0.0,2.0,0.332,-0.9993,0.0,-0.02,0.0202,-0.2224
2026-08-29T02:35:52Z,2026-08-29 02:35:38,SPXW,2026-08-31,C,8135.0,7711.7598,0.0,0.0,0.05,182.0,0.11,0.0,83.0,0.1865,0.0006,0.0,-0.0198,0.0198,0.0001
2026-08-29T02:35:52Z,2026-08-29 02:35:38,SPXW,2026-08-31,P,8135.0,7711.7598,415.2,1.0,432.3,1.0,0.0,0.0,0.0,0.3352,-0.9993,0.0,-0.0198,0.0199,-0.2226
2026-08-29T02:35:52Z,2026-08-29 02:35:38,SPXW,2026-08-31,C,8140.0,7711.7598,0.0,0.0,0.05,183.0,2.2,0.0,30.0,0.1885,0.0006,0.0,-0.0196,0.0195,0.0001
2026-08-29T02:35:52Z,2026-08-29 02:35:38,SPXW,2026-08-31,P,8140.0,7711.7598,420.2,1.0,440.7,1.0,0.0,0.0,0.0,0.2339,-0.9993,0.0,-0.0197,0.0195,-0.2227
2026-08-29T02:35:52Z,2026-08-29 02:35:38,SPXW,2026-08-31,C,8145.0,7711.7598,0.0,0.0,0.05,191.0,0.1,0.0,35.0,0.1904,0.0006,0.0,-0.0195,0.0191,0.0001
2026-08-29T02:35:52Z,2026-08-29 02:35:38,SPXW,2026-08-31,P,8145.0,7711.7598,425.2,1.0,442.4,1.0,0.0,0.0,0.0,0.3511,-0.9993,0.0,-0.0195,0.0192,-0.2228
2026-08-29T02:35:52Z,2026-08-29 02:35:38,SPXW,2026-08-31,C,8150.0,7711.7598,0.0,0.0,0.05,214.0,0.03,2.0,1373.0,0.1924,0.0006,0.0,-0.0193,0.0188,0.0001
2026-08-29T02:35:52Z,2026-08-29 02:35:38,SPXW,2026-08-31,P,8150.0,7711.7598,430.2,1.0,446.9,1.0,0.0,0.0,0.0,0.2725,-0.9993,0.0,-0.0194,0.0188,-0.223
2026-08-29T02:35:52Z,2026-08-29 02:35:38,SPXW,2026-08-31,C,8155.0,7711.7598,0.0,0.0,0.05,193.0,0.05,0.0,53.0,0.1944,0.0006,0.0,-0.0192,0.0185,0.0001
2026-08-29T02:35:52Z,2026-08-29 02:35:38,SPXW,2026-08-31,P,8155.0,7711.7598,435.2,1.0,452.0,1.0,0.0,0.0,0.0,0.3301,-0.9994,0.0,-0.0192,0.0185,-0.2231
2026-08-29T02:35:52Z,2026-08-29 02:35:38,SPXW,2026-08-31,C,8160.0,7711.7598,0.0,0.0,0.05,194.0,0.05,0.0,29.0,0.1964,0.0006,0.0,-0.019,0.0182,0.0001
2026-08-29T02:35:52Z,2026-08-29 02:35:38,SPXW,2026-08-31,P,8160.0,7711.7598,439.9,1.0,457.2,1.0,0.0,0.0,0.0,0.3517,-0.9994,0.0,-0.019,0.0182,-0.2233
2026-08-29T02:35:52Z,2026-08-29 02:35:38,SPXW,2026-08-31,C,8165.0,7711.7598,0.0,0.0,0.05,197.0,0.05,1.0,85.0,0.1983,0.0006,0.0,-0.0189,0.0179,0.0001
2026-08-29T02:35:52Z,2026-08-29 02:35:38,SPXW,2026-08-31,P,8165.0,7711.7598,445.0,1.0,465.5,1.0,0.0,0.0,0.0,0.3381,-0.9994,0.0,-0.0189,0.0179,-0.2234
2026-08-29T02:35:52Z,2026-08-29 02:35:38,SPXW,2026-08-31,C,8170.0,7711.7598,0.0,0.0,0.05,200.0,0.5,0.0,6.0,0.2003,0.0006,0.0,-0.0187,0.0176,0.0001
2026-08-29T02:35:52Z,2026-08-29 02:35:38,SPXW,2026-08-31,P,8170.0,7711.7598,449.9,1.0,467.3,1.0,0.0,0.0,0.0,0.219,-0.9994,0.0,-0.0188,0.0176,-0.2235
2026-08-29T02:35:52Z,2026-08-29 02:35:38,SPXW,2026-08-31,C,8175.0,7711.7598,0.0,0.0,0.05,202.0,0.1,0.0,250.0,0.2022,0.0006,0.0,-0.0186,0.0173,0.0001
2026-08-29T02:35:52Z,2026-08-29 02:35:38,SPXW,2026-08-31,P,8175.0,7711.7598,454.9,1.0,472.3,1.0,0.0,0.0,0.0,0.3081,-0.9994,0.0,-0.0186,0.0173,-0.2237
2026-08-29T02:35:52Z,2026-08-29 02:35:38,SPXW,2026-08-31,C,8180.0,7711.7598,0.0,0.0,0.05,205.0,0.45,0.0,79.0,0.2042,0.0006,0.0,-0.0184,0.017,0.0001
2026-08-29T02:35:52Z,2026-08-29 02:35:38,SPXW,2026-08-31,P,8180.0,7711.7598,459.9,1.0,476.9,1.0,0.0,0.0,0.0,0.2235,-0.9994,0.0,-0.0185,0.017,-0.2238
2026-08-29T02:35:52Z,2026-08-29 02:35:38,SPXW,2026-08-31,C,8190.0,7711.7598,0.0,0.0,0.05,208.0,0.15,0.0,123.0,0.2081,0.0006,0.0,-0.0182,0.0165,0.0001
2026-08-29T02:35:52Z,2026-08-29 02:35:38,SPXW,2026-08-31,P,8190.0,7711.7598,470.1,1.0,486.9,1.0,0.0,0.0,0.0,0.3844,-0.9994,0.0,-0.0182,0.0165,-0.2241
2026-08-29T02:35:52Z,2026-08-29 02:35:38,SPXW,2026-08-31,C,8200.0,7711.7598,0.0,0.0,0.05,1067.0,0.05,0.0,1647.0,0.212,0.0005,0.0,-0.0179,0.016,0.0001
2026-08-29T02:35:52Z,2026-08-29 02:35:38,SPXW,2026-08-31,P,8200.0,7711.7598,479.9,1.0,497.3,1.0,447.53,0.0,2.0,0.2326,-0.9994,0.0,-0.0179,0.016,-0.2244
2026-08-29T02:35:52Z,2026-08-29 02:35:38,SPXW,2026-08-31,C,8210.0,7711.7598,0.0,0.0,0.05,221.0,0.15,0.0,121.0,0.2158,0.0005,0.0,-0.0176,0.0155,0.0001
2026-08-29T02:35:52Z,2026-08-29 02:35:38,SPXW,2026-08-31,P,8210.0,7711.7598,489.9,1.0,507.0,1.0,448.2,0.0,0.0,0.2477,-0.9994,0.0,-0.0176,0.0155,-0.2246
2026-08-29T02:35:52Z,2026-08-29 02:35:38,SPXW,2026-08-31,C,8220.0,7711.7598,0.0,0.0,0.05,954.0,0.05,0.0,123.0,0.2197,0.0005,0.0,-0.0174,0.015,0.0001
2026-08-29T02:35:52Z,2026-08-29 02:35:38,SPXW,2026-08-31,P,8220.0,7711.7598,499.9,1.0,517.1,1.0,0.0,0.0,0.0,0.2891,-0.9995,0.0,-0.0174,0.015,-0.2249
2026-08-29T02:35:52Z,2026-08-29 02:35:38,SPXW,2026-08-31,C,8225.0,7711.7598,0.0,0.0,0.05,965.0,0.05,0.0,295.0,0.2216,0.0005,0.0,-0.0172,0.0148,0.0001
2026-08-29T02:35:52Z,2026-08-29 02:35:38,SPXW,2026-08-31,P,8225.0,7711.7598,504.9,1.0,524.9,1.0,502.32,0.0,1.0,0.2795,-0.9995,0.0,-0.0173,0.0148,-0.2251
2026-08-29T02:35:52Z,2026-08-29 02:35:38,SPXW,2026-08-31,C,8230.0,7711.7598,0.0,0.0,0.05,621.0,0.15,0.0,276.0,0.2236,0.0005,0.0,-0.0171,0.0146,0.0001
2026-08-29T02:35:52Z,2026-08-29 02:35:38,SPXW,2026-08-31,P,8230.0,7711.7598,509.9,1.0,527.2,1.0,0.0,0.0,0.0,0.2569,-0.9995,0.0,-0.0171,0.0146,-0.2252
2026-08-29T02:35:52Z,2026-08-29 02:35:38,SPXW,2026-08-31,C,8240.0,7711.7598,0.0,0.0,0.05,1248.0,0.05,0.0,313.0,0.2274,0.0005,0.0,-0.0169,0.0141,0.0001
2026-08-29T02:35:52Z,2026-08-29 02:35:38,SPXW,2026-08-31,P,8240.0,7711.7598,519.9,1.0,537.4,1.0,0.0,0.0,0.0,0.3781,-0.9995,0.0,-0.0169,0.0142,-0.2255
2026-08-29T02:35:52Z,2026-08-29 02:35:38,SPXW,2026-08-31,C,8250.0,7711.7598,0.0,0.0,0.05,1286.0,0.09,0.0,2997.0,0.2313,0.0005,0.0,-0.0166,0.0137,0.0001
2026-08-29T02:35:52Z,2026-08-29 02:35:38,SPXW,2026-08-31,P,8250.0,7711.7598,530.1,1.0,547.4,1.0,0.0,0.0,0.0,0.3928,-0.9995,0.0,-0.0167,0.0138,-0.2258
2026-08-29T02:35:52Z,2026-08-29 02:35:38,SPXW,2026-08-31,C,8260.0,7711.7598,0.0,0.0,0.05,1320.0,0.45,0.0,77.0,0.2351,0.0004,0.0,-0.0164,0.0133,0.0001
2026-08-29T02:35:52Z,2026-08-29 02:35:38,SPXW,2026-08-31,P,8260.0,7711.7598,540.1,1.0,556.9,1.0,0.0,0.0,0.0,0.2912,-0.9995,0.0,-0.0164,0.0134,-0.226
2026-08-29T02:35:52Z,2026-08-29 02:35:38,SPXW,2026-08-31,C,8270.0,7711.7598,0.0,0.0,0.05,1363.0,0.15,0.0,2213.0,0.2389,0.0004,0.0,-0.0162,0.013,0.0001
2026-08-29T02:35:52Z,2026-08-29 02:35:38,SPXW,2026-08-31,P,8270.0,7711.7598,550.1,1.0,567.2,1.0,0.0,0.0,0.0,0.3919,-0.9995,0.0,-0.0162,0.013,-0.2263
2026-08-29T02:35:52Z,2026-08-29 02:35:38,SPXW,2026-08-31,C,8275.0,7711.7598,0.0,0.0,0.05,1380.0,0.05,0.0,484.0,0.2408,0.0004,0.0,-0.016,0.0128,0.0001
2026-08-29T02:35:52Z,2026-08-29 02:35:38,SPXW,2026-08-31,P,8275.0,7711.7598,555.1,1.0,574.2,1.0,0.0,0.0,0.0,0.2773,-0.9995,0.0,-0.0161,0.0128,-0.2264
2026-08-29T02:35:52Z,2026-08-29 02:35:38,SPXW,2026-08-31,C,8280.0,7711.7598,0.0,0.0,0.05,1401.0,0.15,0.0,20.0,0.2427,0.0004,0.0,-0.0159,0.0126,0.0001
2026-08-29T02:35:52Z,2026-08-29 02:35:38,SPXW,2026-08-31,P,8280.0,7711.7598,560.1,1.0,577.0,1.0,0.0,0.0,0.0,0.2796,-0.9995,0.0,-0.016,0.0126,-0.2266
2026-08-29T02:35:52Z,2026-08-29 02:35:38,SPXW,2026-08-31,C,8290.0,7711.7598,0.0,0.0,0.05,1442.0,0.2,0.0,58.0,0.2465,0.0004,0.0,-0.0157,0.0122,0.0001
2026-08-29T02:35:52Z,2026-08-29 02:35:38,SPXW,2026-08-31,P,8290.0,7711.7598,570.1,1.0,587.1,1.0,0.0,0.0,0.0,0.4032,-0.9996,0.0,-0.0157,0.0123,-0.2269
2026-08-29T02:35:52Z,2026-08-29 02:35:38,SPXW,2026-08-31,C,8300.0,7711.7598,0.0,0.0,0.05,2102.0,0.05,0.0,2659.0,0.2503,0.0004,0.0,-0.0155,0.0119,0.0001
2026-08-29T02:35:52Z,2026-08-29 02:35:38,SPXW,2026-08-31,P,8300.0,7711.7598,580.1,1.0,597.3,1.0,546.87,0.0,1.0,0.31,-0.9996,0.0,-0.0155,0.0119,-0.2271
2026-08-29T02:35:52Z,2026-08-29 02:35:38,SPXW,2026-08-31,C,8310.0,7711.7598,0.0,0.0,0.05,1459.0,0.15,0.0,72.0,0.2541,0.0004,0.0,-0.0153,0.0116,0.0001
2026-08-29T02:35:52Z,2026-08-29 02:35:38,SPXW,2026-08-31,P,8310.0,7711.7598,590.1,1.0,607.0,1.0,604.35,20.0,0.0,0.3146,-0.9996,0.0,-0.0153,0.0116,-0.2274
2026-08-29T02:35:52Z,2026-08-29 02:35:38,SPXW,2026-08-31,C,8320.0,7711.7598,0.0,0.0,0.05,1592.0,0.15,0.0,27.0,0.2578,0.0004,0.0,-0.015,0.0113,0.0001
2026-08-29T02:35:52Z,2026-08-29 02:35:38,SPXW,2026-08-31,P,8320.0,7711.7598,600.1,1.0,617.3,1.0,0.0,0.0,0.0,0.4628,-0.9996,0.0,-0.0151,0.0113,-0.2277
2026-08-29T02:35:52Z,2026-08-29 02:35:38,SPXW,2026-08-31,C,8325.0,7711.7598,0.0,0.0,0.05,1656.0,0.15,0.0,2992.0,0.2597,0.0004,0.0,-0.0149,0.0112,0.0001
2026-08-29T02:35:52Z,2026-08-29 02:35:38,SPXW,2026-08-31,P,8325.0,7711.7598,605.1,1.0,622.0,1.0,619.16,20.0,0.0,0.3726,-0.9996,0.0,-0.015,0.0112,-0.2278
2026-08-29T02:35:52Z,2026-08-29 02:35:38,SPXW,2026-08-31,C,8330.0,7711.7598,0.0,0.0,0.05,1679.0,0.1,0.0,2105.0,0.2616,0.0004,0.0,-0.0148,0.011,0.0001
2026-08-29T02:35:52Z,2026-08-29 02:35:38,SPXW,2026-08-31,P,8330.0,7711.7598,610.1,1.0,626.9,1.0,0.0,0.0,0.0,0.4724,-0.9996,0.0,-0.0149,0.011,-0.228
2026-08-29T02:35:52Z,2026-08-29 02:35:38,SPXW,2026-08-31,C,8340.0,7711.7598,0.0,0.0,0.05,1708.0,0.65,0.0,2230.0,0.2653,0.0004,0.0,-0.0146,0.0107,0.0001
2026-08-29T02:35:52Z,2026-08-29 02:35:38,SPXW,2026-08-31,P,8340.0,7711.7598,620.1,1.0,637.1,1.0,0.0,0.0,0.0,0.4652,-0.9996,0.0,-0.0146,0.0107,-0.2282
2026-08-29T02:35:52Z,2026-08-29 02:35:38,SPXW,2026-08-31,C,8350.0,7711.7598,0.0,0.0,0.05,1735.0,0.1,0.0,57.0,0.2691,0.0004,0.0,-0.0144,0.0104,0.0001
2026-08-29T02:35:52Z,2026-08-29 02:35:38,SPXW,2026-08-31,P,8350.0,7711.7598,630.1,1.0,647.4,1.0,0.0,0.0,0.0,0.3111,-0.9996,0.0,-0.0144,0.0105,-0.2285
2026-08-29T02:35:52Z,2026-08-29 02:35:38,SPXW,2026-08-31,C,8360.0,7711.7598,0.0,0.0,0.05,1769.0,0.15,0.0,8202.0,0.2728,0.0003,0.0,-0.0142,0.0102,0.0001
2026-08-29T02:35:52Z,2026-08-29 02:35:38,SPXW,2026-08-31,P,8360.0,7711.7598,640.1,1.0,657.0,1.0,0.0,0.0,0.0,0.3156,-0.9996,0.0,-0.0142,0.0102,-0.2288
2026-08-29T02:35:52Z,2026-08-29 02:35:38,SPXW,2026-08-31,C,8370.0,7711.7598,0.0,0.0,0.05,1776.0,0.05,0.0,56.0,0.2767,0.0003,0.0,-0.014,0.0099,0.0001
2026-08-29T02:35:52Z,2026-08-29 02:35:38,SPXW,2026-08-31,P,8370.0,7711.7598,650.1,1.0,667.4,1.0,0.0,0.0,0.0,0.4396,-0.9996,0.0,-0.014,0.0099,-0.2291
2026-08-29T02:35:52Z,2026-08-29 02:35:38,SPXW,2026-08-31,C,8375.0,7711.7598,0.0,0.0,0.05,1795.0,0.1,0.0,34.0,0.2784,0.0003,0.0,-0.0139,0.0098,0.0001
2026-08-29T02:35:52Z,2026-08-29 02:35:38,SPXW,2026-08-31,P,8375.0,7711.7598,655.1,1.0,671.9,1.0,0.0,0.0,0.0,0.3222,-0.9996,0.0,-0.014,0.0098,-0.2292
2026-08-29T02:35:52Z,2026-08-29 02:35:38,SPXW,2026-08-31,C,8380.0,7711.7598,0.0,0.0,0.05,1807.0,0.1,0.0,4.0,0.2803,0.0003,0.0,-0.0138,0.0097,0.0001
2026-08-29T02:35:52Z,2026-08-29 02:35:38,SPXW,2026-08-31,P,8380.0,7711.7598,660.1,1.0,676.9,1.0,0.0,0.0,0.0,0.3245,-0.9996,0.0,-0.0138,0.0097,-0.2293
2026-08-29T02:35:52Z,2026-08-29 02:35:38,SPXW,2026-08-31,C,8390.0,7711.7598,0.0,0.0,0.05,1837.0,0.1,0.0,51.0,0.284,0.0003,0.0,-0.0136,0.0094,0.0001
2026-08-29T02:35:52Z,2026-08-29 02:35:38,SPXW,2026-08-31,P,8390.0,7711.7598,670.1,1.0,687.0,1.0,0.0,0.0,0.0,0.4591,-0.9996,0.0,-0.0137,0.0095,-0.2296
2026-08-29T02:35:52Z,2026-08-29 02:35:38,SPXW,2026-08-31,C,8400.0,7711.7598,0.0,0.0,0.05,1876.0,0.05,0.0,736.0,0.2878,0.0003,0.0,-0.0135,0.0092,0.0001
2026-08-29T02:35:52Z,2026-08-29 02:35:38,SPXW,2026-08-31,P,8400.0,7711.7598,680.1,1.0,697.2,1.0,966.94,0.0,1.0,0.4825,-0.9997,0.0,-0.0135,0.0092,-0.2299
2026-08-29T02:35:52Z,2026-08-29 02:35:38,SPXW,2026-08-31,C,8410.0,7711.7598,0.0,0.0,0.05,1865.0,0.15,0.0,80.0,0.2914,0.0003,0.0,-0.0133,0.009,0.0001
2026-08-29T02:35:52Z,2026-08-29 02:35:38,SPXW,2026-08-31,P,8410.0,7711.7598,690.1,1.0,707.0,1.0,0.0,0.0,0.0,0.3262,-0.9997,0.0,-0.0133,0.009,-0.2302
2026-08-29T02:35:52Z,2026-08-29 02:35:38,SPXW,2026-08-31,C,8420.0,7711.7598,0.0,0.0,0.05,1871.0,0.56,0.0,4.0,0.2952,0.0003,0.0,-0.0131,0.0088,0.0001
2026-08-29T02:35:52Z,2026-08-29 02:35:38,SPXW,2026-08-31,P,8420.0,7711.7598,700.1,1.0,717.0,1.0,0.0,0.0,0.0,0.5159,-0.9997,0.0,-0.0131,0.0088,-0.2304
2026-08-29T02:35:52Z,2026-08-29 02:35:38,SPXW,2026-08-31,C,8425.0,7711.7598,0.0,0.0,0.05,1887.0,0.65,0.0,5.0,0.297,0.0003,0.0,-0.013,0.0087,0.0001
2026-08-29T02:35:52Z,2026-08-29 02:35:38,SPXW,2026-08-31,P,8425.0,7711.7598,705.1,1.0,722.0,1.0,660.9,0.0,1.0,0.5287,-0.9997,0.0,-0.013,0.0087,-0.2306
2026-08-29T02:35:52Z,2026-08-29 02:35:38,SPXW,2026-08-31,C,8430.0,7711.7598,0.0,0.0,0.05,1924.0,0.05,0.0,64.0,0.2988,0.0003,0.0,-0.0129,0.0086,0.0001
2026-08-29T02:35:52Z,2026-08-29 02:35:38,SPXW,2026-08-31,P,8430.0,7711.7598,710.0,1.0,727.1,1.0,0.0,0.0,0.0,0.335,-0.9997,0.0,-0.0129,0.0086,-0.2307
2026-08-29T02:35:52Z,2026-08-29 02:35:38,SPXW,2026-08-31,C,8440.0,7711.7598,0.0,0.0,0.05,1928.0,0.25,0.0,3.0,0.3025,0.0003,0.0,-0.0127,0.0084,0.0001
2026-08-29T02:35:52Z,2026-08-29 02:35:38,SPXW,2026-08-31,P,8440.0,7711.7598,720.0,1.0,737.0,1.0,0.0,0.0,0.0,0.3394,-0.9997,0.0,-0.0127,0.0084,-0.231
2026-08-29T02:35:52Z,2026-08-29 02:35:38,SPXW,2026-08-31,C,8450.0,7711.7598,0.0,0.0,0.05,1934.0,0.1,0.0,592.0,0.3062,0.0003,0.0,-0.0126,0.0082,0.0
2026-08-29T02:35:52Z,2026-08-29 02:35:38,SPXW,2026-08-31,P,8450.0,7711.7598,730.0,1.0,747.0,1.0,0.0,0.0,0.0,0.4961,-0.9997,0.0,-0.0126,0.0082,-0.2313
2026-08-29T02:35:52Z,2026-08-29 02:35:38,SPXW,2026-08-31,C,8460.0,7711.7598,0.0,0.0,0.05,1955.0,0.05,0.0,40.0,0.3098,0.0003,0.0,-0.0124,0.008,0.0
2026-08-29T02:35:52Z,2026-08-29 02:35:38,SPXW,2026-08-31,P,8460.0,7711.7598,740.0,1.0,757.0,1.0,0.0,0.0,0.0,0.4125,-0.9997,0.0,-0.0124,0.008,-0.2316
2026-08-29T02:35:52Z,2026-08-29 02:35:38,SPXW,2026-08-31,C,8470.0,7711.7598,0.0,0.0,0.05,1981.0,0.72,0.0,69.0,0.3135,0.0003,0.0,-0.0122,0.0078,0.0
2026-08-29T02:35:52Z,2026-08-29 02:35:38,SPXW,2026-08-31,P,8470.0,7711.7598,750.0,1.0,767.5,1.0,0.0,0.0,0.0,0.4578,-0.9997,0.0,-0.0122,0.0078,-0.2318
2026-08-29T02:35:52Z,2026-08-29 02:35:38,SPXW,2026-08-31,C,8475.0,7711.7598,0.0,0.0,0.05,1994.0,0.87,0.0,34.0,0.3153,0.0003,0.0,-0.0121,0.0077,0.0
2026-08-29T02:35:52Z,2026-08-29 02:35:38,SPXW,2026-08-31,P,8475.0,7711.7598,755.0,1.0,772.0,1.0,0.0,0.0,0.0,0.467,-0.9997,0.0,-0.0121,0.0077,-0.232
2026-08-29T02:35:52Z,2026-08-29 02:35:38,SPXW,2026-08-31,C,8480.0,7711.7598,0.0,0.0,0.05,2008.0,0.1,0.0,111.0,0.3172,0.0003,0.0,-0.012,0.0076,0.0
2026-08-29T02:35:52Z,2026-08-29 02:35:38,SPXW,2026-08-31,P,8480.0,7711.7598,760.0,1.0,776.9,1.0,0.0,0.0,0.0,0.508,-0.9997,0.0,-0.0121,0.0076,-0.2321
2026-08-29T02:35:52Z,2026-08-29 02:35:38,SPXW,2026-09-01,C,6950.0,7711.7598,752.9,1.0,769.8,1.0,0.0,0.0,0.0,0.0,0.998,0.0,-0.1245,0.0534,0.3797
2026-08-29T02:35:52Z,2026-08-29 02:35:38,SPXW,2026-09-01,P,6950.0,7711.7598,0.1,251.0,0.15,4.0,0.3,0.0,197.0,0.3479,-0.002,0.0,-0.1245,0.0534,-0.0008
2026-08-29T02:35:52Z,2026-08-29 02:35:38,SPXW,2026-09-01,C,6975.0,7711.7598,727.7,1.0,746.2,1.0,0.0,0.0,0.0,0.0,0.9979,0.0,-0.1285,0.0565,0.381
2026-08-29T02:35:52Z,2026-08-29 02:35:38,SPXW,2026-09-01,P,6975.0,7711.7598,0.1,251.0,0.2,286.0,0.16,4.0,174.0,0.3369,-0.0021,0.0,-0.1285,0.0565,-0.0008
2026-08-29T02:35:52Z,2026-08-29 02:35:38,SPXW,2026-09-01,C,7000.0,7711.7598,702.9,1.0,720.1,1.0,769.36,0.0,1.0,0.0,0.9978,0.0,-0.1327,0.0598,0.3823
2026-08-29T02:35:52Z,2026-08-29 02:35:38,SPXW,2026-09-01,P,7000.0,7711.7598,0.1,406.0,0.2,199.0,0.15,54.0,682.0,0.326,-0.0022,0.0,-0.1328,0.0598,-0.0009
2026-08-29T02:35:52Z,2026-08-29 02:35:38,SPXW,2026-09-01,C,7025.0,7711.7598,677.9,1.0,695.1,1.0,0.0,0.0,0.0,0.0,0.9976,0.0,-0.1372,0.0634,0.3836
2026-08-29T02:35:52Z,2026-08-29 02:35:38,SPXW,2026-09-01,P,7025.0,7711.7598,0.1,385.0,0.2,23.0,0.15,1.0,158.0,0.3196,-0.0023,0.0,-0.1372,0.0634,-0.001
2026-08-29T02:35:52Z,2026-08-29 02:35:38,SPXW,2026-09-01,C,7050.0,7711.7598,651.9,1.0,670.1,1.0,0.0,0.0,0.0,0.0,0.9974,0.0,-0.1419,0.0673,0.385
2026-08-29T02:35:52Z,2026-08-29 02:35:38,SPXW,2026-09-01,P,7050.0,7711.7598,0.15,75.0,0.2,21.0,0.15,10.0,460.0,0.3084,-0.0025,0.0,-0.1419,0.0674,-0.001
2026-08-29T02:35:52Z,2026-08-29 02:35:38,SPXW,2026-09-01,C,7070.0,7711.7598,633.0,1.0,649.8,1.0,0.0,0.0,0.0,0.0,0.9973,0.0,-0.1459,0.0708,0.386
2026-08-29T02:35:52Z,2026-08-29 02:35:38,SPXW,2026-09-01,P,7070.0,7711.7598,0.15,158.0,0.25,221.0,0.15,6.0,2.0,0.3034,-0.0026,0.0,-0.1459,0.0708,-0.0011
2026-08-29T02:35:52Z,2026-08-29 02:35:38,SPXW,2026-09-01,C,7075.0,7711.7598,626.5,1.0,644.8,1.0,0.0,0.0,0.0,0.0,0.9973,0.0,-0.1469,0.0717,0.3863
2026-08-29T02:35:52Z,2026-08-29 02:35:38,SPXW,2026-09-01,P,7075.0,7711.7598,0.15,177.0,0.25,325.0,0.15,101.0,85.0,0.3012,-0.0027,0.0,-0.1469,0.0717,-0.0011
2026-08-29T02:35:52Z,2026-08-29 02:35:38,SPXW,2026-09-01,C,7080.0,7711.7598,623.0,1.0,639.8,1.0,0.0,0.0,0.0,0.0,0.9972,0.0,-0.1479,0.0726,0.3865
2026-08-29T02:35:52Z,2026-08-29 02:35:38,SPXW,2026-09-01,P,7080.0,7711.7598,0.15,158.0,0.25,219.0,0.45,0.0,2.0,0.299,-0.0027,0.0,-0.148,0.0726,-0.0011
2026-08-29T02:35:52Z,2026-08-29 02:35:38,SPXW,2026-09-01,C,7090.0,7711.7598,613.0,1.0,629.8,1.0,0.0,0.0,0.0,0.0,0.9972,0.0,-0.15,0.0745,0.387
2026-08-29T02:35:52Z,2026-08-29 02:35:38,SPXW,2026-09-01,P,7090.0,7711.7598,0.15,160.0,0.25,217.0,0.15,1.0,4.0,0.2945,-0.0028,0.0,-0.1501,0.0745,-0.0011
2026-08-29T02:35:52Z,2026-08-29 02:35:38,SPXW,2026-09-01,C,7100.0,7711.7598,603.0,1.0,619.8,1.0,671.16,0.0,1.0,0.0,0.9971,0.0,-0.1522,0.0765,0.3876
2026-08-29T02:35:52Z,2026-08-29 02:35:38,SPXW,2026-09-01,P,7100.0,7711.7598,0.15,161.0,0.25,302.0,0.1,10.0,230.0,0.29,-0.0028,0.0,-0.1522,0.0765,-0.0012
2026-08-29T02:35:52Z,2026-08-29 02:35:38,SPXW,2026-09-01,C,7110.0,7711.7598,592.9,1.0,609.9,1.0,0.0,0.0,0.0,0.0,0.997,0.0,-0.1544,0.0785,0.3881
2026-08-29T02:35:52Z,2026-08-29 02:35:38,SPXW,2026-09-01,P,7110.0,7711.7598,0.15,162.0,0.25,215.0,0.15,2.0,4.0,0.2856,-0.0029,0.0,-0.1545,0.0786,-0.0012
2026-08-29T02:35:52Z,2026-08-29 02:35:38,SPXW,2026-09-01,C,7120.0,7711.7598,582.9,1.0,599.9,1.0,0.0,0.0,0.0,0.0,0.9969,0.0,-0.1567,0.0807,0.3886
2026-08-29T02:35:52Z,2026-08-29 02:35:38,SPXW,2026-09-01,P,7120.0,7711.7598,0.15,164.0,0.25,214.0,0.3,0.0,16.0,0.2811,-0.003,0.0,-0.1568,0.0807,-0.0012
2026-08-29T02:35:52Z,2026-08-29 02:35:38,SPXW,2026-09-01,C,7125.0,7711.7598,578.0,1.0,594.9,1.0,0.0,0.0,0.0,0.0,0.9969,0.0,-0.1579,0.0818,0.3888
2026-08-29T02:35:52Z,2026-08-29 02:35:38,SPXW,2026-09-01,P,7125.0,7711.7598,0.15,251.0,0.25,296.0,0.15,2.0,216.0,0.2788,-0.0031,0.0,-0.1579,0.0818,-0.0012
2026-08-29T02:35:52Z,2026-08-29 02:35:38,SPXW,2026-09-01,C,7130.0,7711.7598,572.9,1.0,589.9,1.0,0.0,0.0,0.0,0.0,0.9968,0.0,-0.1591,0.0829,0.3891
2026-08-29T02:35:52Z,2026-08-29 02:35:38,SPXW,2026-09-01,P,7130.0,7711.7598,0.15,167.0,0.25,211.0,0.17,8.0,1.0,0.2766,-0.0031,0.0,-0.1591,0.0829,-0.0013
2026-08-29T02:35:52Z,2026-08-29 02:35:38,SPXW,2026-09-01,C,7140.0,7711.7598,562.9,1.0,579.9,1.0,0.0,0.0,0.0,0.0,0.9968,0.0,-0.1615,0.0852,0.3896
2026-08-29T02:35:52Z,2026-08-29 02:35:38,SPXW,2026-09-01,P,7140.0,7711.7598,0.15,169.0,0.25,156.0,0.2,2.0,50.0,0.2722,-0.0032,0.0,-0.1615,0.0853,-0.0013
2026-08-29T02:35:52Z,2026-08-29 02:35:38,SPXW,2026-09-01,C,7150.0,7711.7598,552.6,1.0,569.9,1.0,0.0,0.0,0.0,0.0,0.9967,0.0,-0.164,0.0876,0.3901
2026-08-29T02:35:52Z,2026-08-29 02:35:38,SPXW,2026-09-01,P,7150.0,7711.7598,0.15,277.0,0.25,259.0,0.2,7.0,408.0,0.2677,-0.0033,0.0,-0.164,0.0876,-0.0013
2026-08-29T02:35:52Z,2026-08-29 02:35:38,SPXW,2026-09-01,C,7160.0,7711.7598,542.9,1.0,561.1,1.0,0.0,0.0,0.0,0.0,0.9966,0.0,-0.1666,0.0901,0.3906
2026-08-29T02:35:52Z,2026-08-29 02:35:38,SPXW,2026-09-01,P,7160.0,7711.7598,0.15,174.0,0.25,119.0,0.2,8.0,6.0,0.2663,-0.0034,0.0,-0.1666,0.0902,-0.0014
2026-08-29T02:35:52Z,2026-08-29 02:35:38,SPXW,2026-09-01,C,7170.0,7711.7598,533.1,1.0,551.3,1.0,0.0,0.0,0.0,0.0,0.9965,0.0,-0.1692,0.0927,0.3911
2026-08-29T02:35:52Z,2026-08-29 02:35:38,SPXW,2026-09-01,P,7170.0,7711.7598,0.15,293.0,0.25,23.0,0.2,2.0,4.0,0.2618,-0.0035,0.0,-0.1693,0.0928,-0.0014
2026-08-29T02:35:52Z,2026-08-29 02:35:38,SPXW,2026-09-01,C,7175.0,7711.7598,528.0,1.0,545.4,1.0,501.33,0.0,112.0,0.0,0.9964,0.0,-0.1706,0.0941,0.3914
2026-08-29T02:35:52Z,2026-08-29 02:35:38,SPXW,2026-09-01,P,7175.0,7711.7598,0.15,381.0,0.25,23.0,0.35,0.0,75.0,0.2596,-0.0035,0.0,-0.1707,0.0942,-0.0014
2026-08-29T02:35:52Z,2026-08-29 02:35:38,SPXW,2026-09-01,C,7180.0,7711.7598,523.1,1.0,540.4,1.0,0.0,0.0,0.0,0.0,0.9964,0.0,-0.172,0.0955,0.3916
2026-08-29T02:35:52Z,2026-08-29 02:35:38,SPXW,2026-09-01,P,7180.0,7711.7598,0.2,48.0,0.25,20.0,0.15,10.0,74.0,0.2573,-0.0036,0.0,-0.172,0.0955,-0.0015
2026-08-29T02:35:52Z,2026-08-29 02:35:38,SPXW,2026-09-01,C,7190.0,7711.7598,513.1,1.0,530.4,1.0,0.0,0.0,0.0,0.0,0.9962,0.0,-0.1748,0.0983,0.3921
2026-08-29T02:35:52Z,2026-08-29 02:35:38,SPXW,2026-09-01,P,7190.0,7711.7598,0.2,48.0,0.25,21.0,0.15,1.0,11.0,0.2528,-0.0037,0.0,-0.1749,0.0984,-0.0015
2026-08-29T02:35:52Z,2026-08-29 02:35:38,SPXW,2026-09-01,C,7200.0,7711.7598,503.0,1.0,520.4,1.0,476.56,0.0,59.0,0.0,0.9961,0.0001,-0.1778,0.1013,0.3926
2026-08-29T02:35:52Z,2026-08-29 02:35:38,SPXW,2026-09-01,P,7200.0,7711.7598,0.2,64.0,0.25,21.0,0.17,327.0,518.0,0.2483,-0.0038,0.0001,-0.1779,0.1014,-0.0016
2026-08-29T02:35:52Z,2026-08-29 02:35:38,SPXW,2026-09-01,C,7210.0,7711.7598,493.1,1.0,510.4,1.0,498.99,0.0,38.0,0.0,0.996,0.0001,-0.1809,0.1045,0.3931
2026-08-29T02:35:52Z,2026-08-29 02:35:38,SPXW,2026-09-01,P,7210.0,7711.7598,0.2,189.0,0.3,247.0,0.2,211.0,50.0,0.2464,-0.004,0.0001,-0.1809,0.1045,-0.0016
2026-08-29T02:35:52Z,2026-08-29 02:35:38,SPXW,2026-09-01,C,7220.0,7711.7598,483.3,1.0,500.4,1.0,0.0,0.0,30.0,0.0,0.9958,0.0001,-0.184,0.1078,0.3936
2026-08-29T02:35:52Z,2026-08-29 02:35:38,SPXW,2026-09-01,P,7220.0,7711.7598,0.2,172.0,0.3,227.0,0.2,1.0,52.0,0.2419,-0.0041,0.0001,-0.1841,0.1078,-0.0017
2026-08-29T02:35:52Z,2026-08-29 02:35:38,SPXW,2026-09-01,C,7225.0,7711.7598,474.9,1.0,495.4,1.0,218.6,0.0,51.0,0.0,0.9958,0.0001,-0.1857,0.1095,0.3938
2026-08-29T02:35:52Z,2026-08-29 02:35:38,SPXW,2026-09-01,P,7225.0,7711.7598,0.2,278.0,0.3,330.0,0.2,2.0,1109.0,0.2396,-0.0042,0.0001,-0.1858,0.1096,-0.0017
2026-08-29T02:35:52Z,2026-08-29 02:35:38,SPXW,2026-09-01,C,7230.0,7711.7598,472.7,1.0,490.1,1.0,0.0,0.0,0.0,0.0,0.9957,0.0001,-0.1874,0.1113,0.3941
2026-08-29T02:35:52Z,2026-08-29 02:35:38,SPXW,2026-09-01,P,7230.0,7711.7598,0.2,173.0,0.3,225.0,0.7,0.0,48.0,0.2373,-0.0042,0.0001,-0.1874,0.1113,-0.0017
2026-08-29T02:35:52Z,2026-08-29 02:35:38,SPXW,2026-09-01,C,7235.0,7711.7598,467.7,1.0,485.4,1.0,0.0,0.0,0.0,0.0,0.9956,0.0001,-0.189,0.1131,0.3943
2026-08-29T02:35:52Z,2026-08-29 02:35:38,SPXW,2026-09-01,P,7235.0,7711.7598,0.2,175.0,0.3,225.0,0.25,11.0,7.0,0.235,-0.0043,0.0001,-0.1891,0.1132,-0.0018
2026-08-29T02:35:52Z,2026-08-29 02:35:38,SPXW,2026-09-01,C,7240.0,7711.7598,463.2,1.0,479.9,1.0,0.0,0.0,0.0,0.0,0.9956,0.0001,-0.1908,0.1149,0.3946
2026-08-29T02:35:52Z,2026-08-29 02:35:38,SPXW,2026-09-01,P,7240.0,7711.7598,0.2,175.0,0.3,223.0,0.25,15.0,19.0,0.2328,-0.0044,0.0001,-0.1908,0.115,-0.0018
2026-08-29T02:35:52Z,2026-08-29 02:35:38,SPXW,2026-09-01,C,7245.0,7711.7598,458.0,1.0,475.4,1.0,0.0,0.0,0.0,0.0,0.9955,0.0001,-0.1925,0.1169,0.3948
2026-08-29T02:35:52Z,2026-08-29 02:35:38,SPXW,2026-09-01,P,7245.0,7711.7598,0.2,179.0,0.3,177.0,0.2,3.0,3.0,0.2305,-0.0045,0.0001,-0.1926,0.1169,-0.0018
2026-08-29T02:35:52Z,2026-08-29 02:35:38,SPXW,2026-09-01,C,7250.0,7711.7598,452.4,1.0,470.1,1.0,235.07,0.0,6.0,0.0,0.9954,0.0001,-0.1943,0.1188,0.3951
2026-08-29T02:35:52Z,2026-08-29 02:35:38,SPXW,2026-09-01,P,7250.0,7711.7598,0.2,262.0,0.3,260.0,0.22,33.0,242.0,0.2282,-0.0046,0.0001,-0.1944,0.1189,-0.0019
2026-08-29T02:35:52Z,2026-08-29 02:35:38,SPXW,2026-09-01,C,7255.0,7711.7598,448.0,1.0,465.4,1.0,0.0,0.0,0.0,0.0,0.9953,0.0001,-0.1962,0.1209,0.3953
2026-08-29T02:35:52Z,2026-08-29 02:35:38,SPXW,2026-09-01,P,7255.0,7711.7598,0.2,177.0,0.3,174.0,0.25,4.0,2.0,0.2259,-0.0046,0.0001,-0.1962,0.121,-0.0019
2026-08-29T02:35:52Z,2026-08-29 02:35:38,SPXW,2026-09-01,C,7260.0,7711.7598,443.1,1.0,460.4,1.0,0.0,0.0,0.0,0.0,0.9952,0.0001,-0.198,0.123,0.3956
2026-08-29T02:35:52Z,2026-08-29 02:35:38,SPXW,2026-09-01,P,7260.0,7711.7598,0.2,196.0,0.3,169.0,0.25,274.0,33.0,0.2237,-0.0047,0.0001,-0.1981,0.123,-0.0019
2026-08-29T02:35:52Z,2026-08-29 02:35:38,SPXW,2026-09-01,C,7265.0,7711.7598,438.1,1.0,455.4,1.0,0.0,0.0,0.0,0.0,0.9951,0.0001,-0.2,0.1251,0.3958
2026-08-29T02:35:52Z,2026-08-29 02:35:38,SPXW,2026-09-01,P,7265.0,7711.7598,0.2,177.0,0.3,167.0,0.25,3.0,1.0,0.2236,-0.0048,0.0001,-0.2,0.1252,-0.002
2026-08-29T02:35:52Z,2026-08-29 02:35:38,SPXW,2026-09-01,C,7270.0,7711.7598,433.2,1.0,450.4,1.0,406.85,0.0,1.0,0.0,0.995,0.0001,-0.2019,0.1273,0.396
2026-08-29T02:35:52Z,2026-08-29 02:35:38,SPXW,2026-09-01,P,7270.0,7711.7598,0.2,178.0,0.3,130.0,0.25,8.0,49.0,0.2213,-0.0049,0.0001,-0.202,0.1274,-0.002
2026-08-29T02:35:52Z,2026-08-29 02:35:38,SPXW,2026-09-01,C,7275.0,7711.7598,428.2,1.0,445.1,1.0,245.4,0.0,3.0,0.0,0.995,0.0001,-0.2039,0.1296,0.3963
2026-08-29T02:35:52Z,2026-08-29 02:35:38,SPXW,2026-09-01,P,7275.0,7711.7598,0.2,285.0,0.3,20.0,0.25,454.0,69.0,0.219,-0.005,0.0001,-0.204,0.1297,-0.002
2026-08-29T02:35:52Z,2026-08-29 02:35:38,SPXW,2026-09-01,C,7280.0,7711.7598,423.2,1.0,440.4,1.0,241.6,0.0,3.0,0.0,0.9949,0.0001,-0.206,0.1319,0.3965
2026-08-29T02:35:52Z,2026-08-29 02:35:38,SPXW,2026-09-01,P,7280.0,7711.7598,0.2,201.0,0.3,20.0,0.3,201.0,116.0,0.2167,-0.0051,0.0001,-0.206,0.132,-0.0021
2026-08-29T02:35:52Z,2026-08-29 02:35:38,SPXW,2026-09-01,C,7285.0,7711.7598,418.2,1.0,434.9,1.0,0.0,0.0,0.0,0.0,0.9948,0.0001,-0.2081,0.1343,0.3967
2026-08-29T02:35:52Z,2026-08-29 02:35:38,SPXW,2026-09-01,P,7285.0,7711.7598,0.2,201.0,0.3,20.0,0.25,194.0,3.0,0.2144,-0.0052,0.0001,-0.2081,0.1344,-0.0021
2026-08-29T02:35:52Z,2026-08-29 02:35:38,SPXW,2026-09-01,C,7290.0,7711.7598,410.0,1.0,429.9,1.0,0.0,0.0,0.0,0.0,0.9947,0.0001,-0.2102,0.1368,0.397
2026-08-29T02:35:52Z,2026-08-29 02:35:38,SPXW,2026-09-01,P,7290.0,7711.7598,0.25,44.0,0.3,21.0,0.25,25.0,171.0,0.2121,-0.0053,0.0001,-0.2103,0.1368,-0.0022
2026-08-29T02:35:52Z,2026-08-29 02:35:38,SPXW,2026-09-01,C,7295.0,7711.7598,408.1,1.0,424.9,1.0,0.0,0.0,0.0,0.0,0.9946,0.0001,-0.2124,0.1393,0.3972
2026-08-29T02:35:52Z,2026-08-29 02:35:38,SPXW,2026-09-01,P,7295.0,7711.7598,0.25,168.0,0.35,232.0,0.25,6.0,3.0,0.2098,-0.0054,0.0001,-0.2125,0.1394,-0.0022
2026-08-29T02:35:52Z,2026-08-29 02:35:38,SPXW,2026-09-01,C,7300.0,7711.7598,403.1,1.0,420.2,1.0,409.34,6.0,13.0,0.0,0.9944,0.0001,-0.2146,0.1419,0.3974
2026-08-29T02:35:52Z,2026-08-29 02:35:38,SPXW,2026-09-01,P,7300.0,7711.7598,0.25,169.0,0.35,335.0,0.3,59.0,518.0,0.2075,-0.0055,0.0001,-0.2147,0.142,-0.0022
2026-08-29T02:35:52Z,2026-08-29 02:35:38,SPXW,2026-09-01,C,7305.0,7711.7598,398.0,1.0,414.9,1.0,0.0,0.0,0.0,0.0,0.9943,0.0001,-0.2169,0.1446,0.3976
2026-08-29T02:35:52Z,2026-08-29 02:35:38,SPXW,2026-09-01,P,7305.0,7711.7598,0.25,170.0,0.35,230.0,0.3,4.0,2.0,0.2072,-0.0056,0.0001,-0.217,0.1447,-0.0023
2026-08-29T02:35:52Z,2026-08-29 02:35:38,SPXW,2026-09-01,C,7310.0,7711.7598,389.4,1.0,409.9,1.0,0.0,0.0,0.0,0.0,0.9942,0.0001,-0.2193,0.1473,0.3979
2026-08-29T02:35:52Z,2026-08-29 02:35:38,SPXW,2026-09-01,P,7310.0,7711.7598,0.25,170.0,0.35,216.0,0.3,33.0,385.0,0.2049,-0.0057,0.0001,-0.2194,0.1474,-0.0023
2026-08-29T02:35:52Z,2026-08-29 02:35:38,SPXW,2026-09-01,C,7315.0,7711.7598,387.8,1.0,405.4,1.0,0.0,0.0,0.0,0.0,0.9941,0.0001,-0.2217,0.1502,0.3981
2026-08-29T02:35:52Z,2026-08-29 02:35:38,SPXW,2026-09-01,P,7315.0,7711.7598,0.25,173.0,0.35,214.0,0.3,3.0,4.0,0.2025,-0.0058,0.0001,-0.2218,0.1503,-0.0024
2026-08-29T02:35:52Z,2026-08-29 02:35:38,SPXW,2026-09-01,C,7320.0,7711.7598,379.6,1.0,400.1,1.0,359.31,0.0,22.0,0.0,0.994,0.0001,-0.2242,0.1531,0.3983
2026-08-29T02:35:52Z,2026-08-29 02:35:38,SPXW,2026-09-01,P,7320.0,7711.7598,0.25,174.0,0.35,213.0,0.3,30.0,177.0,0.2002,-0.006,0.0001,-0.2243,0.1532,-0.0024
2026-08-29T02:35:52Z,2026-08-29 02:35:38,SPXW,2026-09-01,C,7325.0,7711.7598,377.9,1.0,395.1,1.0,367.38,0.0,1.0,0.0,0.9939,0.0001,-0.2267,0.1561,0.3985
2026-08-29T02:35:52Z,2026-08-29 02:35:38,SPXW,2026-09-01,P,7325.0,7711.7598,0.25,275.0,0.35,316.0,0.25,12.0,2548.0,0.1979,-0.0061,0.0001,-0.2268,0.1562,-0.0025
2026-08-29T02:35:52Z,2026-08-29 02:35:38,SPXW,2026-09-01,C,7330.0,7711.7598,373.2,1.0,389.9,1.0,0.0,0.0,0.0,0.0,0.9937,0.0001,-0.2293,0.1592,0.3988
2026-08-29T02:35:52Z,2026-08-29 02:35:38,SPXW,2026-09-01,P,7330.0,7711.7598,0.25,171.0,0.35,210.0,0.25,9.0,140.0,0.1955,-0.0062,0.0001,-0.2294,0.1593,-0.0026
2026-08-29T02:35:52Z,2026-08-29 02:35:38,SPXW,2026-09-01,C,7335.0,7711.7598,367.8,1.0,385.4,1.0,0.0,0.0,0.0,0.0,0.9936,0.0001,-0.232,0.1624,0.399
2026-08-29T02:35:52Z,2026-08-29 02:35:38,SPXW,2026-09-01,P,7335.0,7711.7598,0.25,174.0,0.35,165.0,0.35,63.0,8.0,0.1932,-0.0064,0.0001,-0.2321,0.1626,-0.0026
2026-08-29T02:35:52Z,2026-08-29 02:35:38,SPXW,2026-09-01,C,7340.0,7711.7598,363.3,1.0,379.9,1.0,0.0,0.0,0.0,0.0,0.9934,0.0001,-0.2348,0.1658,0.3992
2026-08-29T02:35:52Z,2026-08-29 02:35:38,SPXW,2026-09-01,P,7340.0,7711.7598,0.25,195.0,0.35,141.0,0.3,124.0,3092.0,0.1909,-0.0065,0.0001,-0.2348,0.1658,-0.0027
2026-08-29T02:35:52Z,2026-08-29 02:35:38,SPXW,2026-09-01,C,7345.0,7711.7598,357.9,1.0,375.4,1.0,0.0,0.0,0.0,0.0,0.9933,0.0001,-0.2376,0.1692,0.3994
2026-08-29T02:35:52Z,2026-08-29 02:35:38,SPXW,2026-09-01,P,7345.0,7711.7598,0.25,175.0,0.35,134.0,0.25,7.0,55.0,0.1903,-0.0066,0.0001,-0.2377,0.1693,-0.0027
2026-08-29T02:35:52Z,2026-08-29 02:35:38,SPXW,2026-09-01,C,7350.0,7711.7598,353.2,1.0,370.4,1.0,341.94,0.0,5.0,0.0,0.9931,0.0001,-0.2405,0.1728,0.3996
2026-08-29T02:35:52Z,2026-08-29 02:35:38,SPXW,2026-09-01,P,7350.0,7711.7598,0.25,259.0,0.35,19.0,0.26,23.0,324.0,0.1879,-0.0068,0.0001,-0.2406,0.1729,-0.0028
2026-08-29T02:35:52Z,2026-08-29 02:35:38,SPXW,2026-09-01,C,7355.0,7711.7598,344.9,1.0,365.4,1.0,0.0,0.0,0.0,0.0,0.993,0.0001,-0.2435,0.1765,0.3998
2026-08-29T02:35:52Z,2026-08-29 02:35:38,SPXW,2026-09-01,P,7355.0,7711.7598,0.3,1.0,0.35,23.0,0.35,6.0,100.0,0.1856,-0.007,0.0001,-0.2437,0.1766,-0.0028
2026-08-29T02:35:52Z,2026-08-29 02:35:38,SPXW,2026-09-01,C,7360.0,7711.7598,343.2,1.0,360.4,1.0,367.19,1.0,3.0,0.0,0.9928,0.0001,-0.2466,0.1803,0.4
2026-08-29T02:35:52Z,2026-08-29 02:35:38,SPXW,2026-09-01,P,7360.0,7711.7598,0.3,17.0,0.4,217.0,0.25,18.0,188.0,0.1832,-0.0071,0.0001,-0.2468,0.1805,-0.0029
2026-08-29T02:35:52Z,2026-08-29 02:35:38,SPXW,2026-09-01,C,7365.0,7711.7598,338.3,1.0,354.9,1.0,0.0,0.0,0.0,0.0,0.9926,0.0001,-0.2498,0.1843,0.4002
2026-08-29T02:35:52Z,2026-08-29 02:35:38,SPXW,2026-09-01,P,7365.0,7711.7598,0.3,122.0,0.4,213.0,0.5,5.0,89.0,0.1808,-0.0073,0.0001,-0.2499,0.1845,-0.003
2026-08-29T02:35:52Z,2026-08-29 02:35:38,SPXW,2026-09-01,C,7370.0,7711.7598,329.7,1.0,350.2,1.0,365.15,0.0,31.0,0.0,0.9925,0.0001,-0.2531,0.1884,0.4004
2026-08-29T02:35:52Z,2026-08-29 02:35:38,SPXW,2026-09-01,P,7370.0,7711.7598,0.3,121.0,0.4,210.0,0.45,4.0,49.0,0.18,-0.0075,0.0001,-0.2532,0.1886,-0.0031
2026-08-29T02:35:52Z,2026-08-29 02:35:38,SPXW,2026-09-01,C,7375.0,7711.7598,326.5,1.0,344.9,1.0,292.12,0.0,14.0,0.0,0.9923,0.0001,-0.2565,0.1927,0.4006
2026-08-29T02:35:52Z,2026-08-29 02:35:38,SPXW,2026-09-01,P,7375.0,7711.7598,0.3,161.0,0.4,228.0,0.35,26.0,613.0,0.1777,-0.0077,0.0001,-0.2566,0.1929,-0.0031
2026-08-29T02:35:52Z,2026-08-29 02:35:38,SPXW,2026-09-01,C,7380.0,7711.7598,319.2,1.0,339.9,1.0,346.84,0.0,5.0,0.0,0.9921,0.0001,-0.26,0.1972,0.4008
2026-08-29T02:35:52Z,2026-08-29 02:35:38,SPXW,2026-09-01,P,7380.0,7711.7598,0.3,160.0,0.4,207.0,0.35,3.0,216.0,0.1753,-0.0079,0.0001,-0.2601,0.1974,-0.0032
2026-08-29T02:35:52Z,2026-08-29 02:35:38,SPXW,2026-09-01,C,7385.0,7711.7598,318.3,1.0,335.4,1.0,344.17,1.0,1.0,0.0,0.9919,0.0002,-0.2636,0.2018,0.401
2026-08-29T02:35:52Z,2026-08-29 02:35:38,SPXW,2026-09-01,P,7385.0,7711.7598,0.3,159.0,0.4,223.0,0.35,22.0,431.0,0.1729,-0.0081,0.0002,-0.2637,0.202,-0.0033
2026-08-29T02:35:52Z,2026-08-29 02:35:38,SPXW,2026-09-01,C,7390.0,7711.7598,309.2,1.0,329.9,1.0,193.0,0.0,8.0,0.0,0.9917,0.0002,-0.2673,0.2066,0.4012
2026-08-29T02:35:52Z,2026-08-29 02:35:38,SPXW,2026-09-01,P,7390.0,7711.7598,0.3,163.0,0.4,199.0,0.36,54.0,111.0,0.1705,-0.0083,0.0002,-0.2675,0.2068,-0.0034
2026-08-29T02:35:52Z,2026-08-29 02:35:38,SPXW,2026-09-01,C,7395.0,7711.7598,308.3,1.0,325.2,1.0,0.0,0.0,0.0,0.0,0.9915,0.0002,-0.2712,0.2116,0.4014
2026-08-29T02:35:52Z,2026-08-29 02:35:38,SPXW,2026-09-01,P,7395.0,7711.7598,0.3,179.0,0.4,191.0,0.35,176.0,163.0,0.1682,-0.0085,0.0002,-0.2713,0.2118,-0.0035
2026-08-29T02:35:52Z,2026-08-29 02:35:38,SPXW,2026-09-01,C,7400.0,7711.7598,303.0,1.0,320.4,1.0,314.2,7.0,22.0,0.0,0.9912,0.0002,-0.2752,0.2168,0.4016
2026-08-29T02:35:52Z,2026-08-29 02:35:38,SPXW,2026-09-01,P,7400.0,7711.7598,0.35,17.0,0.4,9.0,0.31,198.0,609.0,0.1658,-0.0087,0.0002,-0.2753,0.217,-0.0036
2026-08-29T02:35:52Z,2026-08-29 02:35:38,SPXW,2026-09-01,C,7405.0,7711.7598,297.5,1.0,315.4,1.0,0.0,0.0,0.0,0.0,0.991,0.0002,-0.2794,0.2223,0.4017
2026-08-29T02:35:52Z,2026-08-29 02:35:38,SPXW,2026-09-01,P,7405.0,7711.7598,0.35,17.0,0.45,225.0,0.25,139.0,198.0,0.1648,-0.009,0.0002,-0.2795,0.2225,-0.0037
2026-08-29T02:35:52Z,2026-08-29 02:35:38,SPXW,2026-09-01,C,7410.0,7711.7598,293.0,1.0,310.5,1.0,317.75,0.0,9.0,0.0,0.9907,0.0002,-0.2837,0.2279,0.4019
2026-08-29T02:35:52Z,2026-08-29 02:35:38,SPXW,2026-09-01,P,7410.0,7711.7598,0.35,17.0,0.45,202.0,0.4,25.0,243.0,0.1624,-0.0092,0.0002,-0.2839,0.2281,-0.0038
2026-08-29T02:35:52Z,2026-08-29 02:35:38,SPXW,2026-09-01,C,7415.0,7711.7598,288.3,1.0,305.5,1.0,0.0,0.0,0.0,0.0,0.9905,0.0002,-0.2883,0.2338,0.4021
2026-08-29T02:35:52Z,2026-08-29 02:35:38,SPXW,2026-09-01,P,7415.0,7711.7598,0.35,111.0,0.45,197.0,0.4,35.0,140.0,0.1612,-0.0095,0.0002,-0.2884,0.234,-0.0039
2026-08-29T02:35:52Z,2026-08-29 02:35:38,SPXW,2026-09-01,C,7420.0,7711.7598,283.0,1.0,300.5,1.0,304.81,1.0,11.0,0.0,0.9902,0.0002,-0.293,0.2399,0.4022
2026-08-29T02:35:52Z,2026-08-29 02:35:38,SPXW,2026-09-01,P,7420.0,7711.7598,0.35,109.0,0.45,212.0,0.4,54.0,183.0,0.1588,-0.0098,0.0002,-0.2932,0.2402,-0.004
2026-08-29T02:35:52Z,2026-08-29 02:35:38,SPXW,2026-09-01,C,7425.0,7711.7598,278.3,1.0,295.5,1.0,355.3,0.0,55.0,0.0,0.9899,0.0002,-0.298,0.2464,0.4024
2026-08-29T02:35:52Z,2026-08-29 02:35:38,SPXW,2026-09-01,P,7425.0,7711.7598,0.35,230.0,0.45,188.0,0.4,46.0,217.0,0.1564,-0.01,0.0002,-0.2982,0.2466,-0.0041
2026-08-29T02:35:52Z,2026-08-29 02:35:38,SPXW,2026-09-01,C,7430.0,7711.7598,270.0,1.0,290.5,1.0,285.45,5.0,6.0,0.0,0.9896,0.0002,-0.3032,0.2531,0.4025
2026-08-29T02:35:52Z,2026-08-29 02:35:38,SPXW,2026-09-01,P,7430.0,7711.7598,0.35,145.0,0.45,166.0,0.4,15.0,250.0,0.1539,-0.0104,0.0002,-0.3034,0.2534,-0.0043
2026-08-29T02:35:52Z,2026-08-29 02:35:38,SPXW,2026-09-01,C,7435.0,7711.7598,268.4,1.0,285.0,1.0,0.0,0.0,0.0,0.0,0.9893,0.0002,-0.3087,0.2602,0.4027
2026-08-29T02:35:52Z,2026-08-29 02:35:38,SPXW,2026-09-01,P,7435.0,7711.7598,0.4,17.0,0.5,195.0,0.35,16.0,258.0,0.1515,-0.0107,0.0002,-0.3088,0.2605,-0.0044
2026-08-29T02:35:52Z,2026-08-29 02:35:38,SPXW,2026-09-01,C,7440.0,7711.7598,263.5,1.0,280.5,1.0,156.8,0.0,1.0,0.0,0.9889,0.0002,-0.3144,0.2677,0.4028
2026-08-29T02:35:52Z,2026-08-29 02:35:38,SPXW,2026-09-01,P,7440.0,7711.7598,0.4,17.0,0.5,207.0,0.45,104.0,304.0,0.1502,-0.011,0.0002,-0.3147,0.268,-0.0045
2026-08-29T02:35:52Z,2026-08-29 02:35:38,SPXW,2026-09-01,C,7445.0,7711.7598,258.3,1.0,275.3,1.0,0.0,0.0,0.0,0.0,0.9886,0.0002,-0.3206,0.2756,0.4029
2026-08-29T02:35:52Z,2026-08-29 02:35:38,SPXW,2026-09-01,P,7445.0,7711.7598,0.4,99.0,0.5,190.0,0.45,325.0,1449.0,0.1478,-0.0114,0.0002,-0.3208,0.2759,-0.0047
2026-08-29T02:35:52Z,2026-08-29 02:35:38,SPXW,2026-09-01,C,7450.0,7711.7598,256.2,7.0,264.2,7.0,266.33,5.0,665.0,0.1302,0.9882,0.0003,-0.327,0.284,0.403
2026-08-29T02:35:52Z,2026-08-29 02:35:38,SPXW,2026-09-01,P,7450.0,7711.7598,0.4,183.0,0.5,184.0,0.36,675.0,2250.0,0.1464,-0.0118,0.0003,-0.3273,0.2843,-0.0048
2026-08-29T02:35:52Z,2026-08-29 02:35:38,SPXW,2026-09-01,C,7455.0,7711.7598,248.5,1.0,265.5,1.0,288.26,0.0,3.0,0.0,0.9878,0.0003,-0.3339,0.2929,0.4031
2026-08-29T02:35:52Z,2026-08-29 02:35:38,SPXW,2026-09-01,P,7455.0,7711.7598,0.4,133.0,0.5,60.0,0.36,20.0,98.0,0.1439,-0.0122,0.0003,-0.3342,0.2932,-0.005
2026-08-29T02:35:52Z,2026-08-29 02:35:38,SPXW,2026-09-01,C,7460.0,7711.7598,243.3,1.0,260.3,1.0,323.63,0.0,14.0,0.0,0.9873,0.0003,-0.3413,0.3022,0.4032
2026-08-29T02:35:52Z,2026-08-29 02:35:38,SPXW,2026-09-01,P,7460.0,7711.7598,0.45,17.0,0.55,166.0,0.5,68.0,188.0,0.1425,-0.0126,0.0003,-0.3415,0.3026,-0.0052
2026-08-29T02:35:52Z,2026-08-29 02:35:38,SPXW,2026-09-01,C,7465.0,7711.7598,238.4,1.0,255.6,1.0,0.0,0.0,0.0,0.0,0.9868,0.0003,-0.3491,0.3122,0.4033
2026-08-29T02:35:52Z,2026-08-29 02:35:38,SPXW,2026-09-01,P,7465.0,7711.7598,0.45,89.0,0.55,176.0,0.45,72.0,95.0,0.14,-0.0131,0.0003,-0.3494,0.3126,-0.0054
2026-08-29T02:35:52Z,2026-08-29 02:35:38,SPXW,2026-09-01,C,7470.0,7711.7598,233.5,1.0,250.4,1.0,202.31,0.0,46.0,0.0,0.9863,0.0003,-0.3576,0.3228,0.4034
2026-08-29T02:35:52Z,2026-08-29 02:35:38,SPXW,2026-09-01,P,7470.0,7711.7598,0.45,123.0,0.55,80.0,0.5,67.0,247.0,0.1376,-0.0136,0.0003,-0.3576,0.3228,-0.0056
2026-08-29T02:35:52Z,2026-08-29 02:35:38,SPXW,2026-09-01,C,7475.0,7711.7598,228.6,1.0,245.4,1.0,238.89,1.0,4.0,0.0,0.9858,0.0003,-0.3666,0.3341,0.4034
2026-08-29T02:35:52Z,2026-08-29 02:35:38,SPXW,2026-09-01,P,7475.0,7711.7598,0.5,18.0,0.6,260.0,0.5,275.0,311.0,0.1369,-0.0142,0.0003,-0.3666,0.3341,-0.0058
2026-08-29T02:35:52Z,2026-08-29 02:35:38,SPXW,2026-09-01,C,7480.0,7711.7598,223.7,1.0,240.6,1.0,262.23,0.0,8.0,0.0,0.9852,0.0003,-0.3764,0.3462,0.4034
2026-08-29T02:35:52Z,2026-08-29 02:35:38,SPXW,2026-09-01,P,7480.0,7711.7598,0.5,83.0,0.6,167.0,0.5,153.0,302.0,0.1343,-0.0148,0.0003,-0.3768,0.3466,-0.0061
2026-08-29T02:35:52Z,2026-08-29 02:35:38,SPXW,2026-09-01,C,7485.0,7711.7598,218.1,1.0,235.7,1.0,234.95,0.0,10.0,0.0,0.9845,0.0004,-0.3871,0.3591,0.4034
2026-08-29T02:35:52Z,2026-08-29 02:35:38,SPXW,2026-09-01,P,7485.0,7711.7598,0.5,116.0,0.6,24.0,0.5,34.0,200.0,0.1318,-0.0154,0.0004,-0.3875,0.3596,-0.0064
2026-08-29T02:35:52Z,2026-08-29 02:35:38,SPXW,2026-09-01,C,7490.0,7711.7598,213.3,1.0,230.7,1.0,247.95,2.0,20.0,0.0,0.9838,0.0004,-0.3987,0.373,0.4034
2026-08-29T02:35:52Z,2026-08-29 02:35:38,SPXW,2026-09-01,P,7490.0,7711.7598,0.55,18.0,0.65,162.0,0.5,248.0,306.0,0.131,-0.0161,0.0004,-0.3987,0.3729,-0.0066
2026-08-29T02:35:52Z,2026-08-29 02:35:38,SPXW,2026-09-01,C,7495.0,7711.7598,209.4,1.0,223.1,1.0,0.0,0.0,0.0,0.0,0.9831,0.0004,-0.4113,0.3879,0.4034
2026-08-29T02:35:52Z,2026-08-29 02:35:38,SPXW,2026-09-01,P,7495.0,7711.7598,0.55,130.0,0.65,22.0,0.6,168.0,89.0,0.1284,-0.0169,0.0004,-0.4113,0.3879,-0.007
2026-08-29T02:35:52Z,2026-08-29 02:35:38,SPXW,2026-09-01,C,7500.0,7711.7598,203.9,1.0,217.6,1.0,207.91,13.0,112.0,0.096,0.9822,0.0004,-0.4252,0.404,0.4033
2026-08-29T02:35:52Z,2026-08-29 02:35:38,SPXW,2026-09-01,P,7500.0,7711.7598,0.6,18.0,0.7,100.0,0.6,471.0,502.0,0.1258,-0.0177,0.0004,-0.4252,0.404,-0.0073
2026-08-29T02:35:52Z,2026-08-29 02:35:38,SPXW,2026-09-01,C,7505.0,7711.7598,199.6,1.0,212.1,1.0,214.62,0.0,5.0,0.0,0.9813,0.0004,-0.4403,0.4215,0.4032
2026-08-29T02:35:52Z,2026-08-29 02:35:38,SPXW,2026-09-01,P,7505.0,7711.7598,0.6,125.0,0.75,148.0,0.6,450.0,377.0,0.1247,-0.0186,0.0004,-0.4403,0.4215,-0.0077
2026-08-29T02:35:52Z,2026-08-29 02:35:38,SPXW,2026-09-01,C,7510.0,7711.7598,194.4,1.0,207.2,1.0,197.28,3.0,33.0,0.0,0.9803,0.0005,-0.4569,0.4405,0.403
2026-08-29T02:35:52Z,2026-08-29 02:35:38,SPXW,2026-09-01,P,7510.0,7711.7598,0.65,123.0,0.75,28.0,0.71,137.0,274.0,0.1228,-0.0196,0.0005,-0.4569,0.4405,-0.0081
2026-08-29T02:35:52Z,2026-08-29 02:35:38,SPXW,2026-09-01,C,7515.0,7711.7598,189.9,1.0,202.7,1.0,0.0,0.0,0.0,0.0,0.9792,0.0005,-0.4751,0.461,0.4029
2026-08-29T02:35:52Z,2026-08-29 02:35:38,SPXW,2026-09-01,P,7515.0,7711.7598,0.7,19.0,0.8,83.0,0.65,111.0,137.0,0.1209,-0.0207,0.0005,-0.4751,0.461,-0.0086
2026-08-29T02:35:52Z,2026-08-29 02:35:38,SPXW,2026-09-01,C,7520.0,7711.7598,184.5,1.0,198.4,2.0,186.05,0.0,5.0,0.0,0.978,0.0005,-0.4952,0.4832,0.4026
2026-08-29T02:35:52Z,2026-08-29 02:35:38,SPXW,2026-09-01,P,7520.0,7711.7598,0.75,18.0,0.85,83.0,0.75,158.0,6163.0,0.1195,-0.022,0.0005,-0.4956,0.4837,-0.0091
2026-08-29T02:35:52Z,2026-08-29 02:35:38,SPXW,2026-09-01,C,7525.0,7711.7598,179.7,3.0,192.3,1.0,183.31,7.0,55.0,0.0,0.9766,0.0006,-0.5172,0.5073,0.4023
2026-08-29T02:35:52Z,2026-08-29 02:35:38,SPXW,2026-09-01,P,7525.0,7711.7598,0.8,18.0,0.9,83.0,0.75,204.0,489.0,0.1181,-0.0233,0.0006,-0.5172,0.5073,-0.0096
2026-08-29T02:35:52Z,2026-08-29 02:35:38,SPXW,2026-09-01,C,7530.0,7711.7598,174.8,2.0,187.4,1.0,0.0,0.0,1.0,0.0,0.9752,0.0006,-0.5416,0.5335,0.402
2026-08-29T02:35:52Z,2026-08-29 02:35:38,SPXW,2026-09-01,P,7530.0,7711.7598,0.85,18.0,0.95,81.0,0.85,275.0,6265.0,0.1165,-0.0248,0.0006,-0.5416,0.5335,-0.0103
2026-08-29T02:35:52Z,2026-08-29 02:35:38,SPXW,2026-09-01,C,7535.0,7711.7598,168.8,1.0,182.8,2.0,177.21,5.0,0.0,0.0,0.9735,0.0006,-0.5684,0.562,0.4016
2026-08-29T02:35:52Z,2026-08-29 02:35:38,SPXW,2026-09-01,P,7535.0,7711.7598,0.9,19.0,1.0,48.0,0.85,157.0,271.0,0.1149,-0.0264,0.0006,-0.5684,0.562,-0.011
2026-08-29T02:35:52Z,2026-08-29 02:35:38,SPXW,2026-09-01,C,7540.0,7711.7598,165.0,1.0,177.8,2.0,155.6,0.0,3.0,0.0,0.9717,0.0007,-0.5979,0.593,0.4011
2026-08-29T02:35:52Z,2026-08-29 02:35:38,SPXW,2026-09-01,P,7540.0,7711.7598,0.95,109.0,1.1,131.0,1.05,138.0,157.0,0.1131,-0.0283,0.0007,-0.5979,0.593,-0.0117
2026-08-29T02:35:52Z,2026-08-29 02:35:38,SPXW,2026-09-01,C,7545.0,7711.7598,159.4,1.0,173.1,1.0,0.0,0.0,0.0,0.0,0.9696,0.0008,-0.6303,0.6268,0.4005
2026-08-29T02:35:52Z,2026-08-29 02:35:38,SPXW,2026-09-01,P,7545.0,7711.7598,1.05,17.0,1.15,60.0,1.05,45.0,58.0,0.1118,-0.0303,0.0008,-0.6303,0.6268,-0.0126
2026-08-29T02:35:52Z,2026-08-29 02:35:38,SPXW,2026-09-01,C,7550.0,7711.7598,155.1,1.0,167.5,1.0,161.89,7.0,129.0,0.0,0.9674,0.0008,-0.666,0.6634,0.3999
2026-08-29T02:35:52Z,2026-08-29 02:35:38,SPXW,2026-09-01,P,7550.0,7711.7598,1.15,16.0,1.2,2.0,1.2,650.0,2293.0,0.1104,-0.0325,0.0008,-0.666,0.6634,-0.0135
2026-08-29T02:35:52Z,2026-08-29 02:35:38,SPXW,2026-09-01,C,7555.0,7711.7598,150.0,1.0,163.2,1.0,178.74,9.0,31.0,0.0,0.9649,0.0009,-0.705,0.703,0.3991
2026-08-29T02:35:52Z,2026-08-29 02:35:38,SPXW,2026-09-01,P,7555.0,7711.7598,1.2,53.0,1.3,2.0,1.33,94.0,99.0,0.1092,-0.035,0.0009,-0.705,0.703,-0.0145
2026-08-29T02:35:52Z,2026-08-29 02:35:38,SPXW,2026-09-01,C,7560.0,7711.7598,145.3,1.0,158.3,1.0,165.01,0.0,110.0,0.0,0.9621,0.0009,-0.7478,0.7458,0.3982
2026-08-29T02:35:52Z,2026-08-29 02:35:38,SPXW,2026-09-01,P,7560.0,7711.7598,1.3,36.0,1.4,2.0,1.35,197.0,450.0,0.1075,-0.0378,0.0009,-0.7478,0.7458,-0.0157
2026-08-29T02:35:52Z,2026-08-29 02:35:38,SPXW,2026-09-01,C,7565.0,7711.7598,140.4,1.0,152.8,1.0,169.49,7.0,14.0,0.0724,0.959,0.001,-0.7946,0.7921,0.3972
2026-08-29T02:35:52Z,2026-08-29 02:35:38,SPXW,2026-09-01,P,7565.0,7711.7598,1.45,19.0,1.55,43.0,1.5,121.0,81.0,0.1061,-0.0409,0.001,-0.7946,0.7922,-0.017
2026-08-29T02:35:52Z,2026-08-29 02:35:38,SPXW,2026-09-01,C,7570.0,7711.7598,134.9,1.0,148.5,1.0,197.64,1.0,58.0,0.0764,0.9556,0.0011,-0.8455,0.8423,0.396
2026-08-29T02:35:52Z,2026-08-29 02:35:38,SPXW,2026-09-01,P,7570.0,7711.7598,1.55,20.0,1.65,2.0,1.54,369.0,446.0,0.1052,-0.0443,0.0011,-0.8455,0.8423,-0.0184
2026-08-29T02:35:52Z,2026-08-29 02:35:38,SPXW,2026-09-01,C,7575.0,7711.7598,130.0,1.0,143.6,1.0,139.13,7.0,119.0,0.08,0.9519,0.0012,-0.9008,0.8963,0.3947
2026-08-29T02:35:52Z,2026-08-29 02:35:38,SPXW,2026-09-01,P,7575.0,7711.7598,1.7,30.0,1.8,9.0,1.77,435.0,301.0,0.1035,-0.0481,0.0012,-0.9008,0.8964,-0.02
2026-08-29T02:35:52Z,2026-08-29 02:35:38,SPXW,2026-09-01,C,7580.0,7711.7598,125.2,1.0,139.1,1.0,150.42,8.0,22.0,0.0817,0.9477,0.0013,-0.9607,0.9542,0.3932
2026-08-29T02:35:52Z,2026-08-29 02:35:38,SPXW,2026-09-01,P,7580.0,7711.7598,1.85,30.0,1.95,4.0,1.9,627.0,222.0,0.1023,-0.0523,0.0013,-0.9607,0.9542,-0.0218
2026-08-29T02:35:52Z,2026-08-29 02:35:38,SPXW,2026-09-01,C,7585.0,7711.7598,120.1,1.0,134.0,1.0,137.48,0.0,4.0,0.0824,0.943,0.0014,-1.0254,1.016,0.3915
2026-08-29T02:35:52Z,2026-08-29 02:35:38,SPXW,2026-09-01,P,7585.0,7711.7598,2.0,65.0,2.15,39.0,2.15,102.0,140.0,0.1009,-0.0569,0.0014,-1.0254,1.016,-0.0237
2026-08-29T02:35:52Z,2026-08-29 02:35:38,SPXW,2026-09-01,C,7590.0,7711.7598,116.2,1.0,129.5,1.0,121.41,3.0,19.0,0.0835,0.9379,0.0015,-1.095,1.0822,0.3897
2026-08-29T02:35:52Z,2026-08-29 02:35:38,SPXW,2026-09-01,P,7590.0,7711.7598,2.2,64.0,2.35,50.0,2.14,540.0,155.0,0.0999,-0.062,0.0015,-1.095,1.0822,-0.0259
2026-08-29T02:35:52Z,2026-08-29 02:35:38,SPXW,2026-09-01,C,7595.0,7711.7598,110.3,1.0,124.0,1.0,120.33,6.0,102.0,0.0838,0.9323,0.0016,-1.1696,1.153,0.3876
2026-08-29T02:35:52Z,2026-08-29 02:35:38,SPXW,2026-09-01,P,7595.0,7711.7598,2.4,64.0,2.55,14.0,2.57,232.0,260.0,0.0986,-0.0676,0.0016,-1.1696,1.153,-0.0282
2026-08-29T02:35:52Z,2026-08-29 02:35:38,SPXW,2026-09-01,C,7600.0,7711.7598,108.8,7.0,115.8,8.0,114.97,22.0,669.0,0.0947,0.9261,0.0018,-1.2492,1.228,0.3852
2026-08-29T02:35:52Z,2026-08-29 02:35:38,SPXW,2026-09-01,P,7600.0,7711.7598,2.65,63.0,2.8,25.0,2.62,1172.0,1002.0,0.0974,-0.0739,0.0018,-1.2492,1.228,-0.0309
2026-08-29T02:35:52Z,2026-08-29 02:35:38,SPXW,2026-09-01,C,7605.0,7711.7598,104.0,1.0,112.6,2.0,115.2,10.0,35.0,0.0842,0.9192,0.0019,-1.3339,1.307,0.3826
2026-08-29T02:35:52Z,2026-08-29 02:35:38,SPXW,2026-09-01,P,7605.0,7711.7598,2.95,22.0,3.1,67.0,3.14,281.0,205.0,0.096,-0.0807,0.0019,-1.3339,1.307,-0.0338
2026-08-29T02:35:52Z,2026-08-29 02:35:38,SPXW,2026-09-01,C,7610.0,7711.7598,99.3,1.0,107.4,1.0,105.02,3.0,60.0,0.0842,0.9117,0.0021,-1.4237,1.3907,0.3797
2026-08-29T02:35:52Z,2026-08-29 02:35:38,SPXW,2026-09-01,P,7610.0,7711.7598,3.2,63.0,3.4,67.0,3.32,359.0,111.0,0.0952,-0.0882,0.0021,-1.4237,1.3907,-0.0369
2026-08-29T02:35:52Z,2026-08-29 02:35:38,SPXW,2026-09-01,C,7615.0,7711.7598,94.4,1.0,102.8,1.0,100.1,47.0,4.0,0.0856,0.9035,0.0022,-1.5184,1.4792,0.3765
2026-08-29T02:35:52Z,2026-08-29 02:35:38,SPXW,2026-09-01,P,7615.0,7711.7598,3.5,61.0,3.7,24.0,3.48,292.0,275.0,0.0938,-0.0965,0.0022,-1.5184,1.4792,-0.0404
2026-08-29T02:35:52Z,2026-08-29 02:35:38,SPXW,2026-09-01,C,7620.0,7711.7598,90.0,1.0,98.1,1.0,101.19,2.0,56.0,0.0835,0.8944,0.0024,-1.6176,1.5714,0.3729
2026-08-29T02:35:52Z,2026-08-29 02:35:38,SPXW,2026-09-01,P,7620.0,7711.7598,3.9,57.0,4.1,48.0,4.0,499.0,366.0,0.0927,-0.1055,0.0024,-1.6177,1.5714,-0.0442
2026-08-29T02:35:52Z,2026-08-29 02:35:38,SPXW,2026-09-01,C,7625.0,7711.7598,85.5,1.0,92.8,1.0,91.51,3.0,35.0,0.0832,0.8845,0.0026,-1.7215,1.6672,0.369
2026-08-29T02:35:52Z,2026-08-29 02:35:38,SPXW,2026-09-01,P,7625.0,7711.7598,4.3,55.0,4.5,47.0,4.31,1112.0,508.0,0.0917,-0.1154,0.0026,-1.7215,1.6672,-0.0484
2026-08-29T02:35:52Z,2026-08-29 02:35:38,SPXW,2026-09-01,C,7630.0,7711.7598,80.6,1.0,88.9,1.0,86.09,46.0,26.0,0.0828,0.8737,0.0028,-1.8293,1.7675,0.3647
2026-08-29T02:35:52Z,2026-08-29 02:35:38,SPXW,2026-09-01,P,7630.0,7711.7598,4.8,20.0,4.9,9.0,4.7,351.0,179.0,0.0904,-0.1262,0.0028,-1.8294,1.7675,-0.053
2026-08-29T02:35:52Z,2026-08-29 02:35:38,SPXW,2026-09-01,C,7635.0,7711.7598,76.5,8.0,83.3,9.0,80.31,8.0,215.0,0.0873,0.8619,0.0031,-1.9408,1.8715,0.36
2026-08-29T02:35:52Z,2026-08-29 02:35:38,SPXW,2026-09-01,P,7635.0,7711.7598,5.3,19.0,5.5,52.0,5.3,405.0,323.0,0.0894,-0.1381,0.0031,-1.9408,1.8715,-0.058
2026-08-29T02:35:52Z,2026-08-29 02:35:38,SPXW,2026-09-01,C,7640.0,7711.7598,72.0,1.0,79.4,1.0,75.96,11.0,68.0,0.0822,0.8489,0.0033,-2.0551,1.9775,0.3547
2026-08-29T02:35:52Z,2026-08-29 02:35:38,SPXW,2026-09-01,P,7640.0,7711.7598,5.8,50.0,6.0,16.0,5.8,395.0,422.0,0.0882,-0.151,0.0033,-2.0551,1.9775,-0.0636
2026-08-29T02:35:52Z,2026-08-29 02:35:38,SPXW,2026-09-01,C,7645.0,7711.7598,67.6,1.0,75.6,2.0,74.11,190.0,87.0,0.0813,0.8349,0.0035,-2.1718,2.0865,0.3491
2026-08-29T02:35:52Z,2026-08-29 02:35:38,SPXW,2026-09-01,P,7645.0,7711.7598,6.4,49.0,6.6,8.0,6.29,262.0,150.0,0.0872,-0.1651,0.0035,-2.1718,2.0865,-0.0695
2026-08-29T02:35:52Z,2026-08-29 02:35:38,SPXW,2026-09-01,C,7650.0,7711.7598,63.5,8.0,70.2,9.0,70.46,35.0,585.0,0.0848,0.8196,0.0038,-2.2897,2.1982,0.3428
2026-08-29T02:35:52Z,2026-08-29 02:35:38,SPXW,2026-09-01,P,7650.0,7711.7598,7.1,48.0,7.3,8.0,7.01,1219.0,561.0,0.0861,-0.1804,0.0038,-2.2897,2.1982,-0.076
2026-08-29T02:35:52Z,2026-08-29 02:35:38,SPXW,2026-09-01,C,7655.0,7711.7598,58.5,3.0,67.1,2.0,66.21,11.0,100.0,0.0802,0.8029,0.004,-2.4077,2.3095,0.336
2026-08-29T02:35:52Z,2026-08-29 02:35:38,SPXW,2026-09-01,P,7655.0,7711.7598,7.9,46.0,8.1,13.0,7.8,287.0,105.0,0.0849,-0.197,0.004,-2.4077,2.3096,-0.0831
2026-08-29T02:35:52Z,2026-08-29 02:35:38,SPXW,2026-09-01,C,7660.0,7711.7598,54.9,1.0,62.8,1.0,58.57,27.0,83.0,0.0794,0.7849,0.0043,-2.5245,2.4212,0.3287
2026-08-29T02:35:52Z,2026-08-29 02:35:38,SPXW,2026-09-01,P,7660.0,7711.7598,8.8,15.0,9.0,38.0,8.7,312.0,212.0,0.0839,-0.215,0.0043,-2.5245,2.4212,-0.0907
2026-08-29T02:35:52Z,2026-08-29 02:35:38,SPXW,2026-09-01,C,7665.0,7711.7598,53.2,1.0,55.8,1.0,55.19,29.0,283.0,0.0812,0.7654,0.0046,-2.6386,2.5329,0.3206
2026-08-29T02:35:52Z,2026-08-29 02:35:38,SPXW,2026-09-01,P,7665.0,7711.7598,9.7,43.0,9.9,12.0,9.5,246.0,177.0,0.0829,-0.2345,0.0046,-2.6386,2.5329,-0.099
2026-08-29T02:35:52Z,2026-08-29 02:35:38,SPXW,2026-09-01,C,7670.0,7711.7598,48.9,2.0,51.8,2.0,52.5,60.0,139.0,0.0777,0.7445,0.0049,-2.748,2.6406,0.3119
2026-08-29T02:35:52Z,2026-08-29 02:35:38,SPXW,2026-09-01,P,7670.0,7711.7598,10.7,46.0,10.9,7.0,10.61,354.0,467.0,0.0818,-0.2555,0.0049,-2.748,2.6406,-0.108
2026-08-29T02:35:52Z,2026-08-29 02:35:38,SPXW,2026-09-01,C,7675.0,7711.7598,45.4,2.0,47.9,2.0,47.38,85.0,338.0,0.0796,0.7219,0.0052,-2.8508,2.7448,0.3027
2026-08-29T02:35:52Z,2026-08-29 02:35:38,SPXW,2026-09-01,P,7675.0,7711.7598,11.9,43.0,12.1,11.0,11.8,998.0,1089.0,0.0807,-0.278,0.0052,-2.8508,2.7448,-0.1175
2026-08-29T02:35:52Z,2026-08-29 02:35:38,SPXW,2026-09-01,C,7680.0,7711.7598,42.7,3.0,43.0,3.0,45.8,75.0,97.0,0.0794,0.6978,0.0054,-2.9447,2.8441,0.2926
2026-08-29T02:35:52Z,2026-08-29 02:35:38,SPXW,2026-09-01,P,7680.0,7711.7598,13.2,17.0,13.4,11.0,12.91,413.0,231.0,0.0797,-0.3021,0.0054,-2.9447,2.8441,-0.1279
2026-08-29T02:35:52Z,2026-08-29 02:35:38,SPXW,2026-09-01,C,7685.0,7711.7598,39.1,4.0,39.4,4.0,40.7,65.0,71.0,0.0784,0.6721,0.0057,-3.0272,2.9342,0.282
2026-08-29T02:35:52Z,2026-08-29 02:35:38,SPXW,2026-09-01,P,7685.0,7711.7598,14.6,17.0,14.8,11.0,14.6,352.0,185.0,0.0787,-0.3278,0.0057,-3.0272,2.9342,-0.1388
2026-08-29T02:35:52Z,2026-08-29 02:35:38,SPXW,2026-09-01,C,7690.0,7711.7598,35.7,6.0,36.0,20.0,35.58,84.0,82.0,0.0773,0.6448,0.006,-3.096,3.0162,0.2706
2026-08-29T02:35:52Z,2026-08-29 02:35:38,SPXW,2026-09-01,P,7690.0,7711.7598,16.1,15.0,16.3,8.0,15.8,1355.0,611.0,0.0776,-0.3551,0.006,-3.096,3.0162,-0.1504
2026-08-29T02:35:52Z,2026-08-29 02:35:38,SPXW,2026-09-01,C,7695.0,7711.7598,32.3,8.0,32.6,6.0,35.3,51.0,90.0,0.0765,0.616,0.0062,-3.1482,3.086,0.2585
2026-08-29T02:35:52Z,2026-08-29 02:35:38,SPXW,2026-09-01,P,7695.0,7711.7598,17.8,16.0,18.0,9.0,17.61,376.0,170.0,0.0768,-0.3839,0.0062,-3.1482,3.086,-0.1628
2026-08-29T02:35:52Z,2026-08-29 02:35:38,SPXW,2026-09-01,C,7700.0,7711.7598,29.1,26.0,29.4,5.0,28.89,847.0,758.0,0.0755,0.5858,0.0064,-3.1816,3.1417,0.246
2026-08-29T02:35:52Z,2026-08-29 02:35:38,SPXW,2026-09-01,P,7700.0,7711.7598,19.6,16.0,19.8,8.0,19.34,1561.0,575.0,0.0758,-0.4141,0.0064,-3.1816,3.1417,-0.1756
2026-08-29T02:35:52Z,2026-08-29 02:35:38,SPXW,2026-09-01,C,7705.0,7711.7598,26.1,34.0,26.4,6.0,26.76,408.0,109.0,0.0743,0.5543,0.0066,-3.1935,3.1823,0.2326
2026-08-29T02:35:52Z,2026-08-29 02:35:38,SPXW,2026-09-01,P,7705.0,7711.7598,21.5,36.0,21.8,9.0,21.55,336.0,248.0,0.0746,-0.4457,0.0066,-3.1935,3.1823,-0.1892
2026-08-29T02:35:52Z,2026-08-29 02:35:38,SPXW,2026-09-01,C,7710.0,7711.7598,23.3,13.0,23.5,8.0,24.0,531.0,501.0,0.0733,0.5216,0.0067,-3.1821,3.2046,0.219
2026-08-29T02:35:52Z,2026-08-29 02:35:38,SPXW,2026-09-01,P,7710.0,7711.7598,23.7,13.0,23.9,6.0,23.7,880.0,242.0,0.0736,-0.4784,0.0067,-3.1821,3.2046,-0.203
2026-08-29T02:35:52Z,2026-08-29 02:35:38,SPXW,2026-09-01,C,7715.0,7711.7598,20.6,17.0,20.9,9.0,21.07,1139.0,486.0,0.0724,0.4879,0.0068,-3.1458,3.2076,0.2048
2026-08-29T02:35:52Z,2026-08-29 02:35:38,SPXW,2026-09-01,P,7715.0,7711.7598,26.0,32.0,26.3,8.0,26.0,1241.0,223.0,0.0727,-0.512,0.0068,-3.1458,3.2076,-0.2176
2026-08-29T02:35:52Z,2026-08-29 02:35:38,SPXW,2026-09-01,C,7720.0,7711.7598,18.2,7.0,18.4,9.0,18.5,423.0,636.0,0.0716,0.4535,0.0068,-3.0836,3.1898,0.1904
2026-08-29T02:35:52Z,2026-08-29 02:35:38,SPXW,2026-09-01,P,7720.0,7711.7598,28.6,6.0,28.8,7.0,28.3,998.0,747.0,0.0719,-0.5464,0.0068,-3.0836,3.1898,-0.2322
2026-08-29T02:35:52Z,2026-08-29 02:35:38,SPXW,2026-09-01,C,7725.0,7711.7598,15.8,17.0,16.0,6.0,16.4,557.0,496.0,0.0705,0.4186,0.0068,-2.9951,3.1496,0.1756
2026-08-29T02:35:52Z,2026-08-29 02:35:38,SPXW,2026-09-01,P,7725.0,7711.7598,31.2,7.0,31.5,6.0,30.7,1478.0,481.0,0.0708,-0.5813,0.0068,-2.9951,3.1496,-0.2473
2026-08-29T02:35:52Z,2026-08-29 02:35:38,SPXW,2026-09-01,C,7730.0,7711.7598,13.7,18.0,13.9,10.0,14.25,869.0,340.0,0.0698,0.3836,0.0068,-2.8809,3.0873,0.161
2026-08-29T02:35:52Z,2026-08-29 02:35:38,SPXW,2026-09-01,P,7730.0,7711.7598,34.1,5.0,34.4,5.0,33.9,360.0,329.0,0.07,-0.6164,0.0068,-2.8809,3.0873,-0.2622
2026-08-29T02:35:52Z,2026-08-29 02:35:38,SPXW,2026-09-01,C,7735.0,7711.7598,11.8,13.0,12.0,36.0,12.2,820.0,289.0,0.0689,0.3487,0.0066,-2.7424,3.0018,0.1462
2026-08-29T02:35:52Z,2026-08-29 02:35:38,SPXW,2026-09-01,P,7735.0,7711.7598,37.2,3.0,37.5,4.0,37.1,486.0,95.0,0.0692,-0.6513,0.0066,-2.7424,3.0018,-0.2773
2026-08-29T02:35:52Z,2026-08-29 02:35:38,SPXW,2026-09-01,C,7740.0,7711.7598,10.0,20.0,10.2,11.0,10.3,1635.0,439.0,0.068,0.3143,0.0064,-2.5816,2.8948,0.1318
2026-08-29T02:35:52Z,2026-08-29 02:35:38,SPXW,2026-09-01,P,7740.0,7711.7598,39.2,2.0,41.7,2.0,39.94,466.0,631.0,0.0683,-0.6857,0.0064,-2.5816,2.8948,-0.2919
2026-08-29T02:35:52Z,2026-08-29 02:35:38,SPXW,2026-09-01,C,7745.0,7711.7598,8.5,11.0,8.7,40.0,8.63,447.0,248.0,0.0673,0.2807,0.0062,-2.4019,2.7664,0.1176
2026-08-29T02:35:52Z,2026-08-29 02:35:38,SPXW,2026-09-01,P,7745.0,7711.7598,42.6,2.0,45.5,2.0,43.35,226.0,57.0,0.0721,-0.7193,0.0062,-2.4019,2.7664,-0.3065
2026-08-29T02:35:52Z,2026-08-29 02:35:38,SPXW,2026-09-01,C,7750.0,7711.7598,7.1,11.0,7.3,40.0,7.3,2410.0,861.0,0.0668,0.2483,0.0059,-2.2068,2.6196,0.104
2026-08-29T02:35:52Z,2026-08-29 02:35:38,SPXW,2026-09-01,P,7750.0,7711.7598,44.3,2.0,51.0,2.0,48.01,931.0,246.0,0.0676,-0.7517,0.0059,-2.2068,2.6196,-0.3203
2026-08-29T02:35:52Z,2026-08-29 02:35:38,SPXW,2026-09-01,C,7755.0,7711.7598,5.9,10.0,6.1,42.0,5.97,372.0,193.0,0.0659,0.2174,0.0055,-2.0009,2.4556,0.0909
2026-08-29T02:35:52Z,2026-08-29 02:35:38,SPXW,2026-09-01,P,7755.0,7711.7598,50.9,1.0,52.4,1.0,51.0,139.0,26.0,0.0717,-0.7826,0.0055,-2.0009,2.4555,-0.3336
2026-08-29T02:35:52Z,2026-08-29 02:35:38,SPXW,2026-09-01,C,7760.0,7711.7598,4.8,52.0,5.0,43.0,5.0,782.0,412.0,0.0655,0.1882,0.0051,-1.7892,2.2788,0.0787
2026-08-29T02:35:52Z,2026-08-29 02:35:38,SPXW,2026-09-01,P,7760.0,7711.7598,50.8,3.0,58.9,1.0,53.93,224.0,130.0,0.0711,-0.8117,0.0051,-1.7892,2.2788,-0.3461
2026-08-29T02:35:52Z,2026-08-29 02:35:38,SPXW,2026-09-01,C,7765.0,7711.7598,3.9,54.0,4.1,45.0,4.2,492.0,179.0,0.0648,0.1611,0.0047,-1.5771,2.0915,0.0673
2026-08-29T02:35:52Z,2026-08-29 02:35:38,SPXW,2026-09-01,P,7765.0,7711.7598,54.6,3.0,63.3,1.0,58.7,173.0,83.0,0.0719,-0.8388,0.0047,-1.5771,2.0914,-0.3578
2026-08-29T02:35:52Z,2026-08-29 02:35:38,SPXW,2026-09-01,C,7770.0,7711.7598,3.1,60.0,3.3,22.0,3.3,769.0,229.0,0.0645,0.1364,0.0042,-1.3702,1.8992,0.0569
2026-08-29T02:35:52Z,2026-08-29 02:35:38,SPXW,2026-09-01,P,7770.0,7711.7598,59.1,1.0,67.2,1.0,63.36,157.0,79.0,0.0704,-0.8636,0.0042,-1.3702,1.8992,-0.3685
2026-08-29T02:35:52Z,2026-08-29 02:35:38,SPXW,2026-09-01,C,7775.0,7711.7598,2.55,30.0,2.65,26.0,2.63,926.0,597.0,0.0636,0.1141,0.0038,-1.1739,1.7056,0.0476
2026-08-29T02:35:52Z,2026-08-29 02:35:38,SPXW,2026-09-01,P,7775.0,7711.7598,63.5,1.0,72.1,1.0,67.66,88.0,77.0,0.072,-0.8858,0.0038,-1.1739,1.7056,-0.3781
2026-08-29T02:35:52Z,2026-08-29 02:35:38,SPXW,2026-09-01,C,7780.0,7711.7598,2.0,78.0,2.15,51.0,2.1,1220.0,494.0,0.0632,0.0946,0.0033,-0.993,1.5164,0.0393
2026-08-29T02:35:52Z,2026-08-29 02:35:38,SPXW,2026-09-01,P,7780.0,7711.7598,67.9,1.0,76.0,1.0,60.66,48.0,94.0,0.0727,-0.9054,0.0033,-0.993,1.5164,-0.3866
2026-08-29T02:35:52Z,2026-08-29 02:35:38,SPXW,2026-09-01,C,7785.0,7711.7598,1.6,13.0,1.7,25.0,1.72,535.0,168.0,0.0628,0.0777,0.0029,-0.8312,1.3359,0.0323
2026-08-29T02:35:52Z,2026-08-29 02:35:38,SPXW,2026-09-01,P,7785.0,7711.7598,72.7,2.0,80.6,1.0,79.61,29.0,37.0,0.0733,-0.9223,0.0029,-0.8312,1.3359,-0.3939
2026-08-29T02:35:52Z,2026-08-29 02:35:38,SPXW,2026-09-01,C,7790.0,7711.7598,1.25,63.0,1.4,97.0,1.4,1067.0,317.0,0.0626,0.0634,0.0025,-0.6904,1.1682,0.0263
2026-08-29T02:35:52Z,2026-08-29 02:35:38,SPXW,2026-09-01,P,7790.0,7711.7598,77.4,3.0,85.6,1.0,81.88,23.0,37.0,0.0742,-0.9365,0.0025,-0.6904,1.1682,-0.4002
2026-08-29T02:35:52Z,2026-08-29 02:35:38,SPXW,2026-09-01,C,7795.0,7711.7598,1.0,5.0,1.1,66.0,1.09,639.0,468.0,0.0624,0.0516,0.0021,-0.571,1.0162,0.0214
2026-08-29T02:35:52Z,2026-08-29 02:35:38,SPXW,2026-09-01,P,7795.0,7711.7598,82.7,1.0,89.8,1.0,89.6,5.0,9.0,0.0758,-0.9483,0.0021,-0.571,1.0162,-0.4054
2026-08-29T02:35:52Z,2026-08-29 02:35:38,SPXW,2026-09-01,C,7800.0,7711.7598,0.8,3.0,0.9,133.0,0.8,2687.0,1076.0,0.0622,0.042,0.0018,-0.4716,0.881,0.0174
2026-08-29T02:35:52Z,2026-08-29 02:35:38,SPXW,2026-09-01,P,7800.0,7711.7598,87.6,9.0,94.6,2.0,92.82,13.0,292.0,0.0656,-0.9579,0.0018,-0.4716,0.881,-0.4097
2026-08-29T02:35:52Z,2026-08-29 02:35:38,SPXW,2026-09-01,C,7805.0,7711.7598,0.6,97.0,0.75,144.0,0.7,516.0,322.0,0.062,0.0343,0.0015,-0.3902,0.763,0.0141
2026-08-29T02:35:52Z,2026-08-29 02:35:38,SPXW,2026-09-01,P,7805.0,7711.7598,92.3,2.0,99.4,1.0,90.94,6.0,14.0,0.0793,-0.9657,0.0015,-0.3901,0.763,-0.4132
2026-08-29T02:35:52Z,2026-08-29 02:35:38,SPXW,2026-09-01,C,7810.0,7711.7598,0.45,159.0,0.6,156.0,0.55,603.0,1532.0,0.0625,0.0281,0.0013,-0.3241,0.661,0.0116
2026-08-29T02:35:52Z,2026-08-29 02:35:38,SPXW,2026-09-01,P,7810.0,7711.7598,97.2,1.0,104.2,1.0,94.86,5.0,21.0,0.0812,-0.9719,0.0013,-0.3241,0.661,-0.416
2026-08-29T02:35:52Z,2026-08-29 02:35:38,SPXW,2026-09-01,C,7815.0,7711.7598,0.4,43.0,0.5,165.0,0.5,806.0,1412.0,0.063,0.0231,0.0011,-0.2708,0.574,0.0095
2026-08-29T02:35:52Z,2026-08-29 02:35:38,SPXW,2026-09-01,P,7815.0,7711.7598,101.0,2.0,109.2,1.0,124.86,0.0,1.0,0.0834,-0.9768,0.0011,-0.2708,0.574,-0.4184
2026-08-29T02:35:52Z,2026-08-29 02:35:38,SPXW,2026-09-01,C,7820.0,7711.7598,0.3,165.0,0.4,142.0,0.35,542.0,287.0,0.063,0.0192,0.0009,-0.2281,0.4999,0.0079
2026-08-29T02:35:52Z,2026-08-29 02:35:38,SPXW,2026-09-01,P,7820.0,7711.7598,105.8,2.0,114.7,1.0,109.51,10.0,49.0,0.0855,-0.9807,0.0009,-0.2281,0.4998,-0.4202
2026-08-29T02:35:52Z,2026-08-29 02:35:38,SPXW,2026-09-01,C,7825.0,7711.7598,0.25,112.0,0.35,280.0,0.3,1008.0,892.0,0.0647,0.0161,0.0008,-0.1939,0.4375,0.0066
2026-08-29T02:35:52Z,2026-08-29 02:35:38,SPXW,2026-09-01,P,7825.0,7711.7598,108.2,1.0,122.0,1.0,113.65,7.0,17.0,0.0881,-0.9839,0.0008,-0.1938,0.4375,-0.4218
2026-08-29T02:35:52Z,2026-08-29 02:35:38,SPXW,2026-09-01,C,7830.0,7711.7598,0.2,179.0,0.3,203.0,0.25,1639.0,523.0,0.0646,0.0136,0.0007,-0.1665,0.3849,0.0056
2026-08-29T02:35:52Z,2026-08-29 02:35:38,SPXW,2026-09-01,P,7830.0,7711.7598,113.6,1.0,127.3,1.0,111.04,2.0,15.0,0.0906,-0.9863,0.0007,-0.1665,0.3849,-0.4231
2026-08-29T02:35:52Z,2026-08-29 02:35:38,SPXW,2026-09-01,C,7835.0,7711.7598,0.15,198.0,0.25,189.0,0.15,607.0,632.0,0.0659,0.0116,0.0006,-0.1445,0.3407,0.0048
2026-08-29T02:35:52Z,2026-08-29 02:35:38,SPXW,2026-09-01,P,7835.0,7711.7598,118.6,1.0,131.1,1.0,0.0,0.0,1.0,0.0937,-0.9883,0.0006,-0.1445,0.3407,-0.4242
2026-08-29T02:35:52Z,2026-08-29 02:35:38,SPXW,2026-09-01,C,7840.0,7711.7598,0.1,270.0,0.25,247.0,0.1,798.0,1019.0,0.0671,0.0101,0.0005,-0.1269,0.3038,0.0041
2026-08-29T02:35:52Z,2026-08-29 02:35:38,SPXW,2026-09-01,P,7840.0,7711.7598,123.3,1.0,137.2,1.0,124.1,21.0,5.0,0.0961,-0.9899,0.0005,-0.1269,0.3038,-0.4251
2026-08-29T02:35:52Z,2026-08-29 02:35:38,SPXW,2026-09-01,C,7845.0,7711.7598,0.1,221.0,0.2,246.0,0.15,366.0,649.0,0.0681,0.0088,0.0004,-0.1129,0.2728,0.0036
2026-08-29T02:35:52Z,2026-08-29 02:35:38,SPXW,2026-09-01,P,7845.0,7711.7598,128.6,1.0,142.0,1.0,129.59,0.0,1.0,0.0997,-0.9912,0.0004,-0.1129,0.2728,-0.4259
2026-08-29T02:35:52Z,2026-08-29 02:35:38,SPXW,2026-09-01,C,7850.0,7711.7598,0.1,155.0,0.2,354.0,0.2,1207.0,1107.0,0.0703,0.0078,0.0004,-0.1016,0.2468,0.0032
2026-08-29T02:35:52Z,2026-08-29 02:35:38,SPXW,2026-09-01,P,7850.0,7711.7598,133.3,1.0,147.0,1.0,112.6,2.0,127.0,0.1014,-0.9922,0.0004,-0.1016,0.2468,-0.4266
2026-08-29T02:35:52Z,2026-08-29 02:35:38,SPXW,2026-09-01,C,7855.0,7711.7598,0.05,564.0,0.15,128.0,0.05,187.0,446.0,0.0693,0.0069,0.0003,-0.0923,0.2246,0.0028
2026-08-29T02:35:52Z,2026-08-29 02:35:38,SPXW,2026-09-01,P,7855.0,7711.7598,138.6,1.0,151.1,1.0,125.9,12.0,1.0,0.1038,-0.993,0.0003,-0.0925,0.225,-0.4272
2026-08-29T02:35:52Z,2026-08-29 02:35:38,SPXW,2026-09-01,C,7860.0,7711.7598,0.05,549.0,0.15,238.0,0.1,579.0,993.0,0.0714,0.0063,0.0003,-0.0852,0.2067,0.0026
2026-08-29T02:35:52Z,2026-08-29 02:35:38,SPXW,2026-09-01,P,7860.0,7711.7598,143.5,1.0,156.7,1.0,154.41,11.0,2.0,0.1073,-0.9936,0.0003,-0.0852,0.2067,-0.4278
2026-08-29T02:35:52Z,2026-08-29 02:35:38,SPXW,2026-09-01,C,7865.0,7711.7598,0.05,526.0,0.15,303.0,0.05,224.0,199.0,0.0713,0.0057,0.0003,-0.0792,0.1908,0.0023
2026-08-29T02:35:52Z,2026-08-29 02:35:38,SPXW,2026-09-01,P,7865.0,7711.7598,147.7,1.0,161.7,1.0,159.33,28.0,0.0,0.1096,-0.9942,0.0003,-0.0793,0.1912,-0.4283
2026-08-29T02:35:52Z,2026-08-29 02:35:38,SPXW,2026-09-01,C,7870.0,7711.7598,0.05,547.0,0.1,5.0,0.07,368.0,685.0,0.0757,0.0053,0.0002,-0.0744,0.1777,0.0021
2026-08-29T02:35:52Z,2026-08-29 02:35:38,SPXW,2026-09-01,P,7870.0,7711.7598,153.0,1.0,166.7,1.0,140.61,0.0,1.0,0.1124,-0.9946,0.0002,-0.0745,0.178,-0.4287
2026-08-29T02:35:52Z,2026-08-29 02:35:38,SPXW,2026-09-01,C,7875.0,7711.7598,0.05,352.0,0.1,6.0,0.05,782.0,2569.0,0.0755,0.0049,0.0002,-0.0706,0.1664,0.002
2026-08-29T02:35:52Z,2026-08-29 02:35:38,SPXW,2026-09-01,P,7875.0,7711.7598,158.3,1.0,171.0,1.0,149.95,0.0,7.0,0.1153,-0.995,0.0002,-0.0707,0.1667,-0.4292
2026-08-29T02:35:52Z,2026-08-29 02:35:38,SPXW,2026-09-01,C,7880.0,7711.7598,0.05,341.0,0.1,6.0,0.07,333.0,760.0,0.0744,0.0046,0.0002,-0.0675,0.157,0.0019
2026-08-29T02:35:52Z,2026-08-29 02:35:38,SPXW,2026-09-01,P,7880.0,7711.7598,163.0,1.0,176.7,1.0,113.39,1.0,6.0,0.1182,-0.9953,0.0002,-0.0675,0.157,-0.4296
2026-08-29T02:35:52Z,2026-08-29 02:35:38,SPXW,2026-09-01,C,7885.0,7711.7598,0.05,337.0,0.1,21.0,0.05,273.0,205.0,0.0765,0.0043,0.0002,-0.0648,0.1483,0.0018
2026-08-29T02:35:52Z,2026-08-29 02:35:38,SPXW,2026-09-01,P,7885.0,7711.7598,168.0,1.0,181.7,1.0,0.0,0.0,0.0,0.121,-0.9956,0.0002,-0.0649,0.1485,-0.4299
2026-08-29T02:35:52Z,2026-08-29 02:35:38,SPXW,2026-09-01,C,7890.0,7711.7598,0.05,235.0,0.15,415.0,0.1,296.0,594.0,0.0816,0.0041,0.0002,-0.0627,0.141,0.0017
2026-08-29T02:35:52Z,2026-08-29 02:35:38,SPXW,2026-09-01,P,7890.0,7711.7598,173.0,1.0,186.7,1.0,181.5,4.0,5.0,0.1239,-0.9958,0.0002,-0.0628,0.1412,-0.4303
2026-08-29T02:35:52Z,2026-08-29 02:35:38,SPXW,2026-09-01,C,7895.0,7711.7598,0.05,230.0,0.15,402.0,0.07,273.0,372.0,0.0837,0.0039,0.0002,-0.0609,0.1345,0.0016
2026-08-29T02:35:52Z,2026-08-29 02:35:38,SPXW,2026-09-01,P,7895.0,7711.7598,178.0,1.0,191.7,1.0,0.0,0.0,0.0,0.1267,-0.996,0.0002,-0.061,0.1347,-0.4306
2026-08-29T02:35:52Z,2026-08-29 02:35:38,SPXW,2026-09-01,C,7900.0,7711.7598,0.05,187.0,0.15,490.0,0.05,474.0,764.0,0.0857,0.0037,0.0002,-0.0594,0.1288,0.0015
2026-08-29T02:35:52Z,2026-08-29 02:35:38,SPXW,2026-09-01,P,7900.0,7711.7598,183.3,1.0,197.0,1.0,174.28,0.0,11.0,0.1295,-0.9962,0.0002,-0.0594,0.1289,-0.431
2026-08-29T02:35:52Z,2026-08-29 02:35:38,SPXW,2026-09-01,C,7905.0,7711.7598,0.05,186.0,0.1,226.0,0.15,182.0,433.0,0.0878,0.0036,0.0001,-0.0581,0.1236,0.0014
2026-08-29T02:35:52Z,2026-08-29 02:35:38,SPXW,2026-09-01,P,7905.0,7711.7598,188.3,1.0,202.0,1.0,0.0,0.0,0.0,0.1323,-0.9964,0.0001,-0.0582,0.1237,-0.4313
2026-08-29T02:35:52Z,2026-08-29 02:35:38,SPXW,2026-09-01,C,7910.0,7711.7598,0.05,186.0,0.1,227.0,0.05,501.0,460.0,0.0898,0.0034,0.0001,-0.0571,0.1189,0.0014
2026-08-29T02:35:52Z,2026-08-29 02:35:38,SPXW,2026-09-01,P,7910.0,7711.7598,193.5,1.0,206.0,1.0,169.37,1.0,1.0,0.1351,-0.9965,0.0001,-0.0571,0.119,-0.4317
2026-08-29T02:35:52Z,2026-08-29 02:35:38,SPXW,2026-09-01,C,7915.0,7711.7598,0.05,167.0,0.1,229.0,0.0,0.0,0.0,0.0882,0.0033,0.0001,-0.0561,0.1146,0.0013
2026-08-29T02:35:52Z,2026-08-29 02:35:38,SPXW,2026-09-01,P,7915.0,7711.7598,198.5,1.0,211.0,1.0,174.32,1.0,0.0,0.1379,-0.9966,0.0001,-0.0561,0.1147,-0.432
2026-08-29T02:35:52Z,2026-08-29 02:35:38,SPXW,2026-09-01,C,7920.0,7711.7598,0.05,185.0,0.1,266.0,0.05,133.0,539.0,0.0902,0.0032,0.0001,-0.0553,0.1107,0.0013
2026-08-29T02:35:52Z,2026-08-29 02:35:38,SPXW,2026-09-01,P,7920.0,7711.7598,203.6,1.0,216.2,1.0,228.73,0.0,30.0,0.1406,-0.9967,0.0001,-0.0553,0.1108,-0.4323
2026-08-29T02:35:52Z,2026-08-29 02:35:38,SPXW,2026-09-01,C,7925.0,7711.7598,0.05,185.0,0.1,268.0,0.1,163.0,427.0,0.0921,0.0031,0.0001,-0.0546,0.1071,0.0012
2026-08-29T02:35:52Z,2026-08-29 02:35:38,SPXW,2026-09-01,P,7925.0,7711.7598,208.3,1.0,222.0,1.0,200.99,0.0,6.0,0.1434,-0.9968,0.0001,-0.0546,0.1072,-0.4326
2026-08-29T02:35:52Z,2026-08-29 02:35:38,SPXW,2026-09-01,C,7930.0,7711.7598,0.05,165.0,0.1,269.0,0.07,76.0,375.0,0.0941,0.003,0.0001,-0.0539,0.1037,0.0012
2026-08-29T02:35:52Z,2026-08-29 02:35:38,SPXW,2026-09-01,P,7930.0,7711.7598,209.9,1.0,227.3,1.0,248.29,0.0,2.0,0.1461,-0.9969,0.0001,-0.054,0.1038,-0.4329
2026-08-29T02:35:52Z,2026-08-29 02:35:38,SPXW,2026-09-01,C,7935.0,7711.7598,0.05,165.0,0.1,236.0,0.17,2.0,0.0,0.0963,0.003,0.0001,-0.0538,0.1009,0.0012
2026-08-29T02:35:52Z,2026-08-29 02:35:38,SPXW,2026-09-01,P,7935.0,7711.7598,215.3,1.0,234.8,1.0,0.0,0.0,0.0,0.148,-0.997,0.0001,-0.0534,0.1007,-0.4332
2026-08-29T02:35:52Z,2026-08-29 02:35:38,SPXW,2026-09-01,C,7940.0,7711.7598,0.05,181.0,0.1,269.0,0.07,160.0,308.0,0.0982,0.0029,0.0001,-0.0533,0.098,0.0012
2026-08-29T02:35:52Z,2026-08-29 02:35:38,SPXW,2026-09-01,P,7940.0,7711.7598,220.4,1.0,237.3,1.0,267.27,0.0,5.0,0.1724,-0.9971,0.0001,-0.0528,0.0978,-0.4336
2026-08-29T02:35:52Z,2026-08-29 02:35:38,SPXW,2026-09-01,C,7945.0,7711.7598,0.05,165.0,0.1,237.0,0.1,20.0,0.0,0.0998,0.0028,0.0001,-0.0524,0.095,0.0011
2026-08-29T02:35:52Z,2026-08-29 02:35:38,SPXW,2026-09-01,P,7945.0,7711.7598,224.9,1.0,244.6,1.0,0.0,0.0,0.0,0.1754,-0.9972,0.0001,-0.0524,0.095,-0.4338
2026-08-29T02:35:52Z,2026-08-29 02:35:38,SPXW,2026-09-01,C,7950.0,7711.7598,0.05,175.0,0.1,266.0,0.05,11.0,1346.0,0.1021,0.0027,0.0001,-0.0524,0.0926,0.0011
2026-08-29T02:35:52Z,2026-08-29 02:35:38,SPXW,2026-09-01,P,7950.0,7711.7598,230.3,1.0,247.0,1.0,267.62,0.0,3.0,0.1784,-0.9972,0.0001,-0.0519,0.0924,-0.4342
2026-08-29T02:35:52Z,2026-08-29 02:35:38,SPXW,2026-09-01,C,7955.0,7711.7598,0.05,161.0,0.1,237.0,0.0,0.0,0.0,0.104,0.0027,0.0001,-0.052,0.0902,0.0011
2026-08-29T02:35:52Z,2026-08-29 02:35:38,SPXW,2026-09-01,P,7955.0,7711.7598,235.1,1.0,254.8,1.0,0.0,0.0,0.0,0.1813,-0.9973,0.0001,-0.0515,0.09,-0.4344
2026-08-29T02:35:52Z,2026-08-29 02:35:38,SPXW,2026-09-01,C,7960.0,7711.7598,0.05,170.0,0.1,171.0,0.07,121.0,198.0,0.1059,0.0026,0.0001,-0.0516,0.0879,0.001
2026-08-29T02:35:52Z,2026-08-29 02:35:38,SPXW,2026-09-01,P,7960.0,7711.7598,240.3,1.0,257.3,1.0,298.77,0.0,2.0,0.1843,-0.9974,0.0001,-0.0511,0.0877,-0.4348
2026-08-29T02:35:52Z,2026-08-29 02:35:38,SPXW,2026-09-01,C,7970.0,7711.7598,0.05,147.0,0.1,163.0,0.05,4.0,105.0,0.1097,0.0025,0.0001,-0.0508,0.0837,0.001
2026-08-29T02:35:52Z,2026-08-29 02:35:38,SPXW,2026-09-01,P,7970.0,7711.7598,249.9,1.0,267.3,1.0,0.0,0.0,0.0,0.1901,-0.9975,0.0001,-0.0504,0.0835,-0.4354
2026-08-29T02:35:52Z,2026-08-29 02:35:38,SPXW,2026-09-01,C,7975.0,7711.7598,0.05,146.0,0.1,164.0,0.07,10.0,144.0,0.1116,0.0024,0.0001,-0.0505,0.0817,0.001
2026-08-29T02:35:52Z,2026-08-29 02:35:38,SPXW,2026-09-01,P,7975.0,7711.7598,254.9,1.0,272.1,1.0,250.6,0.0,2.0,0.193,-0.9975,0.0001,-0.0501,0.0815,-0.4356
2026-08-29T02:35:52Z,2026-08-29 02:35:38,SPXW,2026-09-01,C,7980.0,7711.7598,0.05,139.0,0.1,165.0,0.1,10.0,20.0,0.1135,0.0024,0.0001,-0.0502,0.0799,0.001
2026-08-29T02:35:52Z,2026-08-29 02:35:38,SPXW,2026-09-01,P,7980.0,7711.7598,260.4,1.0,277.2,1.0,0.0,0.0,20.0,0.1959,-0.9976,0.0001,-0.0498,0.0796,-0.4359
2026-08-29T02:35:52Z,2026-08-29 02:35:38,SPXW,2026-09-01,C,7990.0,7711.7598,0.05,144.0,0.1,276.0,0.0,0.0,0.0,0.1173,0.0023,0.0001,-0.0496,0.0764,0.0009
2026-08-29T02:35:52Z,2026-08-29 02:35:38,SPXW,2026-09-01,P,7990.0,7711.7598,270.4,1.0,289.3,1.0,0.0,0.0,0.0,0.2017,-0.9977,0.0001,-0.0492,0.0761,-0.4365
2026-08-29T02:35:52Z,2026-08-29 02:35:38,SPXW,2026-09-01,C,8000.0,7711.7598,0.05,139.0,0.1,395.0,0.1,14.0,788.0,0.1211,0.0022,0.0001,-0.0491,0.0731,0.0009
2026-08-29T02:35:52Z,2026-08-29 02:35:38,SPXW,2026-09-01,P,8000.0,7711.7598,279.9,1.0,297.3,1.0,326.8,0.0,22.0,0.2074,-0.9978,0.0001,-0.0486,0.0729,-0.4371
2026-08-29T02:35:52Z,2026-08-29 02:35:38,SPXW,2026-09-01,C,8010.0,7711.7598,0.0,0.0,0.1,284.0,0.0,0.0,0.0,0.1248,0.0021,0.0001,-0.0485,0.0701,0.0008
2026-08-29T02:35:52Z,2026-08-29 02:35:38,SPXW,2026-09-01,P,8010.0,7711.7598,290.2,1.0,309.7,1.0,0.0,0.0,0.0,0.2131,-0.9978,0.0001,-0.0481,0.0699,-0.4377
2026-08-29T02:35:52Z,2026-08-29 02:35:38,SPXW,2026-09-01,C,8020.0,7711.7598,0.0,0.0,0.1,287.0,0.0,0.0,0.0,0.1285,0.002,0.0001,-0.048,0.0674,0.0008
2026-08-29T02:35:52Z,2026-08-29 02:35:38,SPXW,2026-09-01,P,8020.0,7711.7598,300.1,1.0,319.7,1.0,0.0,0.0,0.0,0.2188,-0.9979,0.0001,-0.0476,0.0671,-0.4383
2026-08-29T02:35:52Z,2026-08-29 02:35:38,SPXW,2026-09-01,C,8025.0,7711.7598,0.0,0.0,0.1,405.0,0.05,3.0,510.0,0.1304,0.002,0.0001,-0.0478,0.0661,0.0008
2026-08-29T02:35:52Z,2026-08-29 02:35:38,SPXW,2026-09-01,P,8025.0,7711.7598,305.3,1.0,322.2,1.0,0.0,0.0,0.0,0.2216,-0.998,0.0001,-0.0474,0.0658,-0.4386
2026-08-29T02:35:52Z,2026-08-29 02:35:38,SPXW,2026-09-01,C,8030.0,7711.7598,0.0,0.0,0.1,288.0,0.0,0.0,0.0,0.1323,0.002,0.0001,-0.0476,0.0648,0.0008
2026-08-29T02:35:52Z,2026-08-29 02:35:38,SPXW,2026-09-01,P,8030.0,7711.7598,310.1,1.0,329.7,1.0,0.0,0.0,0.0,0.2244,-0.998,0.0001,-0.0472,0.0646,-0.4388
2026-08-29T02:35:52Z,2026-08-29 02:35:38,SPXW,2026-09-01,C,8050.0,7711.7598,0.0,0.0,0.1,394.0,0.06,1.0,250.0,0.1396,0.0018,0.0,-0.0467,0.0602,0.0007
2026-08-29T02:35:52Z,2026-08-29 02:35:38,SPXW,2026-09-01,P,8050.0,7711.7598,329.9,1.0,347.0,1.0,330.63,0.0,1.0,0.2356,-0.9981,0.0,-0.0463,0.06,-0.44
2026-08-29T02:35:52Z,2026-08-29 02:35:38,SPXW,2026-09-01,C,8075.0,7711.7598,0.0,0.0,0.1,547.0,0.05,62.0,49.0,0.1488,0.0017,0.0,-0.0456,0.0552,0.0007
2026-08-29T02:35:52Z,2026-08-29 02:35:38,SPXW,2026-09-01,P,8075.0,7711.7598,354.9,1.0,372.0,1.0,0.0,0.0,0.0,0.2494,-0.9983,0.0,-0.0452,0.055,-0.4414
2026-08-29T02:35:52Z,2026-08-29 02:35:38,SPXW,2026-09-01,C,8100.0,7711.7598,0.0,0.0,0.1,564.0,0.05,105.0,69.0,0.1579,0.0016,0.0,-0.0446,0.0509,0.0006
2026-08-29T02:35:52Z,2026-08-29 02:35:38,SPXW,2026-09-01,P,8100.0,7711.7598,379.9,1.0,397.4,1.0,325.54,0.0,1.0,0.2616,-0.9984,0.0,-0.0442,0.0507,-0.4428
2026-08-29T02:35:52Z,2026-08-29 02:35:38,SPXW,2026-09-01,C,8125.0,7711.7598,0.0,0.0,0.1,391.0,0.1,0.0,71.0,0.1669,0.0014,0.0,-0.0436,0.0471,0.0006
2026-08-29T02:35:52Z,2026-08-29 02:35:38,SPXW,2026-09-01,P,8125.0,7711.7598,404.9,1.0,422.2,1.0,0.0,0.0,0.0,0.2751,-0.9985,0.0,-0.0432,0.0469,-0.4442
2026-08-29T02:35:52Z,2026-08-29 02:35:38,SPXW,2026-09-01,C,8150.0,7711.7598,0.0,0.0,0.1,393.0,0.13,0.0,27.0,0.1759,0.0014,0.0,-0.0427,0.0438,0.0005
2026-08-29T02:35:52Z,2026-08-29 02:35:38,SPXW,2026-09-01,P,8150.0,7711.7598,429.9,1.0,447.2,1.0,0.0,0.0,0.0,0.2884,-0.9986,0.0,-0.0423,0.0436,-0.4457
2026-08-29T02:35:52Z,2026-08-29 02:35:38,SPXW,2026-09-01,C,8175.0,7711.7598,0.0,0.0,0.1,361.0,0.15,0.0,517.0,0.1848,0.0013,0.0,-0.0418,0.0408,0.0005
2026-08-29T02:35:52Z,2026-08-29 02:35:38,SPXW,2026-09-01,P,8175.0,7711.7598,455.3,1.0,472.4,1.0,501.3,0.0,0.0,0.3016,-0.9987,0.0,-0.0414,0.0406,-0.4471
2026-08-29T02:35:52Z,2026-08-29 02:35:38,SPXW,2026-09-01,C,8200.0,7711.7598,0.0,0.0,0.05,1.0,0.05,4.0,25.0,0.1936,0.0012,0.0,-0.0408,0.0382,0.0005
2026-08-29T02:35:52Z,2026-08-29 02:35:38,SPXW,2026-09-01,P,8200.0,7711.7598,479.8,1.0,497.0,1.0,0.0,0.0,0.0,0.3146,-0.9988,0.0,-0.0405,0.038,-0.4485
2026-08-29T02:35:52Z,2026-08-29 02:35:38,SPXW,2026-09-01,C,8225.0,7711.7598,0.0,0.0,0.1,372.0,0.15,0.0,869.0,0.2024,0.0011,0.0,-0.0399,0.0358,0.0004
2026-08-29T02:35:52Z,2026-08-29 02:35:38,SPXW,2026-09-01,P,8225.0,7711.7598,504.8,1.0,525.3,1.0,446.4,0.0,1.0,0.3276,-0.9988,0.0,-0.0396,0.0356,-0.4499
2026-08-29T02:35:52Z,2026-08-29 02:35:38,SPXW,2026-09-01,C,8250.0,7711.7598,0.0,0.0,0.1,379.0,0.1,0.0,30.0,0.2108,0.001,0.0,-0.0387,0.0335,0.0004
2026-08-29T02:35:52Z,2026-08-29 02:35:38,SPXW,2026-09-01,P,8250.0,7711.7598,529.6,1.0,547.2,1.0,0.0,0.0,0.0,0.3404,-0.9989,0.0,-0.0387,0.0335,-0.4512
2026-08-29T02:35:52Z,2026-08-29 02:35:38,SPXW,2026-09-01,C,8275.0,7711.7598,0.0,0.0,0.05,13.0,0.1,0.0,22.0,0.2195,0.001,0.0,-0.0378,0.0316,0.0004
2026-08-29T02:35:52Z,2026-08-29 02:35:38,SPXW,2026-09-01,P,8275.0,7711.7598,555.3,1.0,572.0,1.0,0.0,0.0,0.0,0.3532,-0.999,0.0,-0.0378,0.0315,-0.4526
2026-08-29T02:35:52Z,2026-08-29 02:35:38,SPXW,2026-09-01,C,8300.0,7711.7598,0.0,0.0,0.05,421.0,0.1,0.0,26.0,0.2162,0.0009,0.0,-0.037,0.0298,0.0004
2026-08-29T02:35:52Z,2026-08-29 02:35:38,SPXW,2026-09-01,P,8300.0,7711.7598,580.3,1.0,597.1,1.0,560.54,0.0,0.0,0.3658,-0.999,0.0,-0.037,0.0298,-0.454
2026-08-29T02:35:52Z,2026-08-29 02:35:38,SPXW,2026-09-01,C,8325.0,7711.7598,0.0,0.0,0.1,404.0,0.1,0.0,3.0,0.2366,0.0009,0.0,-0.0362,0.0281,0.0004
2026-08-29T02:35:52Z,2026-08-29 02:35:38,SPXW,2026-09-01,P,8325.0,7711.7598,604.6,1.0,622.0,1.0,0.0,0.0,0.0,0.3783,-0.9991,0.0,-0.0362,0.0281,-0.4554
2026-08-29T02:35:52Z,2026-08-29 02:35:38,SPXW,2026-09-01,C,8400.0,7711.7598,0.0,0.0,0.05,643.0,0.1,0.0,666.0,0.2486,0.0008,0.0,-0.0338,0.0239,0.0003
2026-08-29T02:35:52Z,2026-08-29 02:35:38,SPXW,2026-09-01,P,8400.0,7711.7598,679.8,1.0,697.1,1.0,0.0,0.0,0.0,0.4153,-0.9992,0.0,-0.0338,0.0239,-0.4596
2026-08-29T02:35:52Z,2026-08-29 02:35:38,SPXW,2026-09-02,C,6950.0,7711.7598,753.6,1.0,770.9,1.0,0.0,0.0,0.0,0.0,0.9974,0.0,-0.145,0.0749,0.5692
2026-08-29T02:35:52Z,2026-08-29 02:35:38,SPXW,2026-09-02,P,6950.0,7711.7598,0.15,169.0,0.25,114.0,0.17,1.0,113.0,0.3195,-0.0025,0.0,-0.1451,0.0749,-0.0015
2026-08-29T02:35:52Z,2026-08-29 02:35:38,SPXW,2026-09-02,C,6975.0,7711.7598,725.9,1.0,745.5,1.0,0.0,0.0,0.0,0.0,0.9973,0.0,-0.1496,0.0792,0.5711
2026-08-29T02:35:52Z,2026-08-29 02:35:38,SPXW,2026-09-02,P,6975.0,7711.7598,0.15,278.0,0.3,407.0,0.25,78.0,165.0,0.313,-0.0026,0.0,-0.1496,0.0792,-0.0016
2026-08-29T02:35:52Z,2026-08-29 02:35:38,SPXW,2026-09-02,C,7000.0,7711.7598,703.6,1.0,720.4,1.0,487.6,0.0,1.0,0.0,0.9971,0.0,-0.1544,0.0839,0.5731
2026-08-29T02:35:52Z,2026-08-29 02:35:38,SPXW,2026-09-02,P,7000.0,7711.7598,0.2,16.0,0.3,321.0,0.2,778.0,420.0,0.3028,-0.0028,0.0,-0.1544,0.084,-0.0017
2026-08-29T02:35:52Z,2026-08-29 02:35:38,SPXW,2026-09-02,C,7025.0,7711.7598,678.6,1.0,695.6,1.0,0.0,0.0,0.0,0.0,0.9969,0.0,-0.1595,0.089,0.575
2026-08-29T02:35:52Z,2026-08-29 02:35:38,SPXW,2026-09-02,P,7025.0,7711.7598,0.2,154.0,0.3,300.0,0.2,2.0,261.0,0.2927,-0.003,0.0,-0.1595,0.0891,-0.0018
2026-08-29T02:35:52Z,2026-08-29 02:35:38,SPXW,2026-09-02,C,7050.0,7711.7598,653.7,1.0,671.1,1.0,0.0,0.0,0.0,0.0,0.9967,0.0,-0.1649,0.0946,0.5769
2026-08-29T02:35:52Z,2026-08-29 02:35:38,SPXW,2026-09-02,P,7050.0,7711.7598,0.2,181.0,0.3,312.0,0.25,89.0,733.0,0.2856,-0.0032,0.0,-0.165,0.0947,-0.002
2026-08-29T02:35:52Z,2026-08-29 02:35:38,SPXW,2026-09-02,C,7070.0,7711.7598,633.7,1.0,651.8,1.0,0.0,0.0,0.0,0.0,0.9966,0.0,-0.1695,0.0995,0.5785
2026-08-29T02:35:52Z,2026-08-29 02:35:38,SPXW,2026-09-02,P,7070.0,7711.7598,0.2,168.0,0.3,199.0,0.25,14.0,0.0,0.2774,-0.0034,0.0,-0.1696,0.0996,-0.0021
2026-08-29T02:35:52Z,2026-08-29 02:35:38,SPXW,2026-09-02,C,7075.0,7711.7598,628.7,1.0,646.2,1.0,636.01,4.0,0.0,0.0,0.9965,0.0,-0.1707,0.1008,0.5788
2026-08-29T02:35:52Z,2026-08-29 02:35:38,SPXW,2026-09-02,P,7075.0,7711.7598,0.2,169.0,0.3,113.0,0.25,13.0,112.0,0.2754,-0.0034,0.0,-0.1708,0.1008,-0.0021
2026-08-29T02:35:52Z,2026-08-29 02:35:38,SPXW,2026-09-02,C,7080.0,7711.7598,620.7,1.0,640.8,1.0,0.0,0.0,0.0,0.0,0.9965,0.0,-0.172,0.1021,0.5792
2026-08-29T02:35:52Z,2026-08-29 02:35:38,SPXW,2026-09-02,P,7080.0,7711.7598,0.2,170.0,0.3,111.0,0.25,4.0,1.0,0.2734,-0.0034,0.0,-0.172,0.1021,-0.0021
2026-08-29T02:35:52Z,2026-08-29 02:35:38,SPXW,2026-09-02,C,7090.0,7711.7598,613.7,1.0,630.7,1.0,0.0,0.0,0.0,0.0,0.9964,0.0,-0.1744,0.1047,0.58
2026-08-29T02:35:52Z,2026-08-29 02:35:38,SPXW,2026-09-02,P,7090.0,7711.7598,0.2,173.0,0.3,21.0,0.25,1.0,1.0,0.2694,-0.0035,0.0,-0.1745,0.1048,-0.0022
2026-08-29T02:35:52Z,2026-08-29 02:35:38,SPXW,2026-09-02,C,7100.0,7711.7598,603.7,1.0,621.1,1.0,611.06,4.0,1.0,0.0,0.9963,0.0,-0.177,0.1075,0.5808
2026-08-29T02:35:52Z,2026-08-29 02:35:38,SPXW,2026-09-02,P,7100.0,7711.7598,0.2,281.0,0.3,19.0,0.25,184.0,698.0,0.2678,-0.0036,0.0,-0.1771,0.1076,-0.0022
2026-08-29T02:35:52Z,2026-08-29 02:35:38,SPXW,2026-09-02,C,7110.0,7711.7598,593.7,1.0,610.7,1.0,0.0,0.0,0.0,0.0,0.9962,0.0,-0.1797,0.1104,0.5815
2026-08-29T02:35:52Z,2026-08-29 02:35:38,SPXW,2026-09-02,P,7110.0,7711.7598,0.2,179.0,0.35,226.0,0.25,16.0,12.0,0.2637,-0.0038,0.0,-0.1797,0.1105,-0.0023
2026-08-29T02:35:52Z,2026-08-29 02:35:38,SPXW,2026-09-02,C,7120.0,7711.7598,583.7,1.0,601.1,1.0,0.0,0.0,0.0,0.0,0.9961,0.0,-0.1824,0.1134,0.5823
2026-08-29T02:35:52Z,2026-08-29 02:35:38,SPXW,2026-09-02,P,7120.0,7711.7598,0.25,1.0,0.35,225.0,0.3,3.0,0.0,0.2596,-0.0039,0.0,-0.1825,0.1135,-0.0024
2026-08-29T02:35:52Z,2026-08-29 02:35:38,SPXW,2026-09-02,C,7125.0,7711.7598,578.7,1.0,595.7,1.0,0.0,0.0,0.0,0.0,0.996,0.0,-0.1838,0.1149,0.5826
2026-08-29T02:35:52Z,2026-08-29 02:35:38,SPXW,2026-09-02,P,7125.0,7711.7598,0.25,16.0,0.35,309.0,0.3,23.0,212.0,0.2576,-0.0039,0.0,-0.1839,0.115,-0.0024
2026-08-29T02:35:52Z,2026-08-29 02:35:38,SPXW,2026-09-02,C,7130.0,7711.7598,570.2,1.0,590.7,1.0,0.0,0.0,0.0,0.0,0.9959,0.0,-0.1852,0.1165,0.583
2026-08-29T02:35:52Z,2026-08-29 02:35:38,SPXW,2026-09-02,P,7130.0,7711.7598,0.25,106.0,0.35,222.0,0.3,4.0,1.0,0.2555,-0.004,0.0,-0.1853,0.1166,-0.0024
2026-08-29T02:35:52Z,2026-08-29 02:35:38,SPXW,2026-09-02,C,7140.0,7711.7598,563.8,1.0,580.7,1.0,0.0,0.0,0.0,0.0,0.9958,0.0,-0.1881,0.1198,0.5838
2026-08-29T02:35:52Z,2026-08-29 02:35:38,SPXW,2026-09-02,P,7140.0,7711.7598,0.25,160.0,0.35,222.0,0.25,3.0,0.0,0.2515,-0.0041,0.0,-0.1882,0.1198,-0.0025
2026-08-29T02:35:52Z,2026-08-29 02:35:38,SPXW,2026-09-02,C,7150.0,7711.7598,553.8,1.0,570.4,1.0,0.0,0.0,0.0,0.0,0.9957,0.0001,-0.1912,0.1233,0.5845
2026-08-29T02:35:52Z,2026-08-29 02:35:38,SPXW,2026-09-02,P,7150.0,7711.7598,0.25,183.0,0.35,323.0,0.25,18.0,660.0,0.2496,-0.0042,0.0001,-0.1912,0.1234,-0.0026
2026-08-29T02:35:52Z,2026-08-29 02:35:38,SPXW,2026-09-02,C,7160.0,7711.7598,543.8,1.0,560.7,1.0,0.0,0.0,0.0,0.0,0.9956,0.0001,-0.1943,0.1269,0.5852
2026-08-29T02:35:52Z,2026-08-29 02:35:38,SPXW,2026-09-02,P,7160.0,7711.7598,0.25,163.0,0.35,217.0,0.3,2.0,1.0,0.2454,-0.0044,0.0001,-0.1944,0.127,-0.0027
2026-08-29T02:35:52Z,2026-08-29 02:35:38,SPXW,2026-09-02,C,7170.0,7711.7598,533.8,1.0,550.7,1.0,0.0,0.0,0.0,0.0,0.9954,0.0001,-0.1975,0.1307,0.586
2026-08-29T02:35:52Z,2026-08-29 02:35:38,SPXW,2026-09-02,P,7170.0,7711.7598,0.25,166.0,0.35,214.0,0.3,3.0,1.0,0.2413,-0.0045,0.0001,-0.1976,0.1308,-0.0028
2026-08-29T02:35:52Z,2026-08-29 02:35:38,SPXW,2026-09-02,C,7175.0,7711.7598,528.7,1.0,545.7,1.0,330.95,0.0,1.0,0.0,0.9954,0.0001,-0.1992,0.1327,0.5864
2026-08-29T02:35:52Z,2026-08-29 02:35:38,SPXW,2026-09-02,P,7175.0,7711.7598,0.25,171.0,0.35,210.0,0.53,0.0,258.0,0.2392,-0.0046,0.0001,-0.1993,0.1328,-0.0028
2026-08-29T02:35:52Z,2026-08-29 02:35:38,SPXW,2026-09-02,C,7180.0,7711.7598,523.8,1.0,540.7,1.0,0.0,0.0,0.0,0.0,0.9953,0.0001,-0.2009,0.1347,0.5867
2026-08-29T02:35:52Z,2026-08-29 02:35:38,SPXW,2026-09-02,P,7180.0,7711.7598,0.25,191.0,0.35,132.0,0.3,100.0,111.0,0.2372,-0.0046,0.0001,-0.201,0.1348,-0.0028
2026-08-29T02:35:52Z,2026-08-29 02:35:38,SPXW,2026-09-02,C,7190.0,7711.7598,513.8,1.0,530.5,1.0,0.0,0.0,0.0,0.0,0.9951,0.0001,-0.2044,0.1389,0.5874
2026-08-29T02:35:52Z,2026-08-29 02:35:38,SPXW,2026-09-02,P,7190.0,7711.7598,0.25,173.0,0.35,21.0,0.35,7.0,104.0,0.2331,-0.0048,0.0001,-0.2044,0.1389,-0.0029
2026-08-29T02:35:52Z,2026-08-29 02:35:38,SPXW,2026-09-02,C,7200.0,7711.7598,503.8,1.0,520.5,1.0,310.25,0.0,4.0,0.0,0.995,0.0001,-0.208,0.1433,0.5882
2026-08-29T02:35:52Z,2026-08-29 02:35:38,SPXW,2026-09-02,P,7200.0,7711.7598,0.3,1.0,0.4,332.0,0.3,534.0,669.0,0.2309,-0.005,0.0001,-0.2081,0.1434,-0.003
2026-08-29T02:35:52Z,2026-08-29 02:35:38,SPXW,2026-09-02,C,7210.0,7711.7598,490.0,1.0,510.5,1.0,0.0,0.0,0.0,0.0,0.9948,0.0001,-0.2118,0.1479,0.5889
2026-08-29T02:35:52Z,2026-08-29 02:35:38,SPXW,2026-09-02,P,7210.0,7711.7598,0.3,110.0,0.4,225.0,0.35,2.0,65.0,0.2267,-0.0051,0.0001,-0.2119,0.148,-0.0032
2026-08-29T02:35:52Z,2026-08-29 02:35:38,SPXW,2026-09-02,C,7220.0,7711.7598,483.8,1.0,501.0,1.0,0.0,0.0,0.0,0.0,0.9946,0.0001,-0.2157,0.1528,0.5896
2026-08-29T02:35:52Z,2026-08-29 02:35:38,SPXW,2026-09-02,P,7220.0,7711.7598,0.3,110.0,0.4,241.0,0.4,95.0,75.0,0.2226,-0.0053,0.0001,-0.2158,0.1529,-0.0033
2026-08-29T02:35:52Z,2026-08-29 02:35:38,SPXW,2026-09-02,C,7225.0,7711.7598,478.8,1.0,496.0,1.0,0.0,0.0,0.0,0.0,0.9945,0.0001,-0.2178,0.1553,0.5899
2026-08-29T02:35:52Z,2026-08-29 02:35:38,SPXW,2026-09-02,P,7225.0,7711.7598,0.3,110.0,0.4,324.0,0.35,7.0,3019.0,0.2205,-0.0054,0.0001,-0.2178,0.1554,-0.0033
2026-08-29T02:35:52Z,2026-08-29 02:35:38,SPXW,2026-09-02,C,7230.0,7711.7598,473.8,1.0,491.0,1.0,457.25,0.0,4.0,0.0,0.9944,0.0001,-0.2198,0.1579,0.5903
2026-08-29T02:35:52Z,2026-08-29 02:35:38,SPXW,2026-09-02,P,7230.0,7711.7598,0.3,160.0,0.4,207.0,0.35,1.0,21.0,0.2202,-0.0055,0.0001,-0.2199,0.158,-0.0034
2026-08-29T02:35:52Z,2026-08-29 02:35:38,SPXW,2026-09-02,C,7235.0,7711.7598,468.9,1.0,485.8,1.0,0.0,0.0,0.0,0.0,0.9943,0.0001,-0.222,0.1605,0.5906
2026-08-29T02:35:52Z,2026-08-29 02:35:38,SPXW,2026-09-02,P,7235.0,7711.7598,0.3,165.0,0.4,206.0,0.35,1.0,1.0,0.2181,-0.0056,0.0001,-0.222,0.1607,-0.0034
2026-08-29T02:35:52Z,2026-08-29 02:35:38,SPXW,2026-09-02,C,7240.0,7711.7598,463.8,1.0,480.8,1.0,543.45,0.0,3.0,0.0,0.9942,0.0001,-0.2241,0.1632,0.591
2026-08-29T02:35:52Z,2026-08-29 02:35:38,SPXW,2026-09-02,P,7240.0,7711.7598,0.3,163.0,0.4,203.0,0.65,0.0,36.0,0.216,-0.0057,0.0001,-0.2242,0.1634,-0.0035
2026-08-29T02:35:52Z,2026-08-29 02:35:38,SPXW,2026-09-02,C,7245.0,7711.7598,458.8,1.0,475.7,1.0,0.0,0.0,0.0,0.0,0.9941,0.0001,-0.2263,0.166,0.5913
2026-08-29T02:35:52Z,2026-08-29 02:35:38,SPXW,2026-09-02,P,7245.0,7711.7598,0.3,164.0,0.4,202.0,0.35,1.0,1.0,0.2139,-0.0058,0.0001,-0.2264,0.1662,-0.0036
2026-08-29T02:35:52Z,2026-08-29 02:35:38,SPXW,2026-09-02,C,7250.0,7711.7598,453.9,1.0,470.5,1.0,0.0,0.0,0.0,0.0,0.994,0.0001,-0.2286,0.1689,0.5917
2026-08-29T02:35:52Z,2026-08-29 02:35:38,SPXW,2026-09-02,P,7250.0,7711.7598,0.3,167.0,0.4,200.0,0.4,22.0,183.0,0.2118,-0.0059,0.0001,-0.2287,0.169,-0.0036
2026-08-29T02:35:52Z,2026-08-29 02:35:38,SPXW,2026-09-02,C,7255.0,7711.7598,445.2,1.0,465.7,1.0,0.0,0.0,0.0,0.0,0.9939,0.0001,-0.231,0.1718,0.592
2026-08-29T02:35:52Z,2026-08-29 02:35:38,SPXW,2026-09-02,P,7255.0,7711.7598,0.3,167.0,0.4,104.0,0.4,1.0,0.0,0.2097,-0.006,0.0001,-0.2311,0.172,-0.0037
2026-08-29T02:35:52Z,2026-08-29 02:35:38,SPXW,2026-09-02,C,7260.0,7711.7598,444.1,1.0,460.8,1.0,0.0,0.0,0.0,0.0,0.9938,0.0001,-0.2333,0.1749,0.5923
2026-08-29T02:35:52Z,2026-08-29 02:35:38,SPXW,2026-09-02,P,7260.0,7711.7598,0.3,168.0,0.4,11.0,0.4,1.0,26.0,0.2076,-0.0062,0.0001,-0.2335,0.175,-0.0038
2026-08-29T02:35:52Z,2026-08-29 02:35:38,SPXW,2026-09-02,C,7265.0,7711.7598,438.9,1.0,455.8,1.0,0.0,0.0,0.0,0.0,0.9936,0.0001,-0.2358,0.178,0.5927
2026-08-29T02:35:52Z,2026-08-29 02:35:38,SPXW,2026-09-02,P,7265.0,7711.7598,0.3,170.0,0.45,211.0,0.4,2.0,0.0,0.2055,-0.0063,0.0001,-0.2358,0.178,-0.0039
2026-08-29T02:35:52Z,2026-08-29 02:35:38,SPXW,2026-09-02,C,7270.0,7711.7598,433.9,1.0,450.8,1.0,0.0,0.0,0.0,0.0,0.9935,0.0001,-0.2383,0.1812,0.593
2026-08-29T02:35:52Z,2026-08-29 02:35:38,SPXW,2026-09-02,P,7270.0,7711.7598,0.35,1.0,0.45,210.0,0.4,5.0,246.0,0.205,-0.0064,0.0001,-0.2384,0.1813,-0.0039
2026-08-29T02:35:52Z,2026-08-29 02:35:38,SPXW,2026-09-02,C,7275.0,7711.7598,428.9,1.0,445.5,1.0,0.0,0.0,0.0,0.0,0.9934,0.0001,-0.2409,0.1845,0.5933
2026-08-29T02:35:52Z,2026-08-29 02:35:38,SPXW,2026-09-02,P,7275.0,7711.7598,0.35,16.0,0.45,312.0,0.3,53.0,63.0,0.2029,-0.0065,0.0001,-0.241,0.1846,-0.004
2026-08-29T02:35:52Z,2026-08-29 02:35:38,SPXW,2026-09-02,C,7280.0,7711.7598,423.9,1.0,440.7,1.0,0.0,0.0,0.0,0.0,0.9933,0.0001,-0.2435,0.1879,0.5937
2026-08-29T02:35:52Z,2026-08-29 02:35:38,SPXW,2026-09-02,P,7280.0,7711.7598,0.35,109.0,0.45,224.0,0.3,39.0,92.0,0.2008,-0.0067,0.0001,-0.2436,0.1881,-0.0041
2026-08-29T02:35:52Z,2026-08-29 02:35:38,SPXW,2026-09-02,C,7285.0,7711.7598,415.3,1.0,435.8,1.0,0.0,0.0,0.0,0.0,0.9931,0.0001,-0.2462,0.1914,0.594
2026-08-29T02:35:52Z,2026-08-29 02:35:38,SPXW,2026-09-02,P,7285.0,7711.7598,0.35,109.0,0.45,223.0,0.3,35.0,3.0,0.1986,-0.0068,0.0001,-0.2464,0.1916,-0.0042
2026-08-29T02:35:52Z,2026-08-29 02:35:38,SPXW,2026-09-02,C,7290.0,7711.7598,413.9,1.0,431.0,1.0,0.0,0.0,0.0,0.0,0.993,0.0001,-0.249,0.195,0.5943
2026-08-29T02:35:52Z,2026-08-29 02:35:38,SPXW,2026-09-02,P,7290.0,7711.7598,0.35,111.0,0.45,203.0,0.4,1.0,184.0,0.198,-0.0069,0.0001,-0.2491,0.1952,-0.0043
2026-08-29T02:35:52Z,2026-08-29 02:35:38,SPXW,2026-09-02,C,7295.0,7711.7598,408.9,1.0,426.0,1.0,0.0,0.0,0.0,0.0,0.9928,0.0001,-0.2518,0.1988,0.5946
2026-08-29T02:35:52Z,2026-08-29 02:35:38,SPXW,2026-09-02,P,7295.0,7711.7598,0.35,155.0,0.45,199.0,0.45,5.0,8.0,0.1959,-0.0071,0.0001,-0.252,0.199,-0.0044
2026-08-29T02:35:52Z,2026-08-29 02:35:38,SPXW,2026-09-02,C,7300.0,7711.7598,403.9,1.0,421.2,1.0,427.79,0.0,4.0,0.0,0.9927,0.0001,-0.2548,0.2027,0.595
2026-08-29T02:35:52Z,2026-08-29 02:35:38,SPXW,2026-09-02,P,7300.0,7711.7598,0.35,155.0,0.45,201.0,0.4,38.0,360.0,0.1937,-0.0072,0.0001,-0.2549,0.2029,-0.0044
2026-08-29T02:35:52Z,2026-08-29 02:35:38,SPXW,2026-09-02,C,7305.0,7711.7598,399.1,1.0,415.8,1.0,0.0,0.0,0.0,0.0,0.9925,0.0001,-0.2578,0.2067,0.5953
2026-08-29T02:35:52Z,2026-08-29 02:35:38,SPXW,2026-09-02,P,7305.0,7711.7598,0.35,157.0,0.45,197.0,0.5,10.0,5.0,0.1916,-0.0074,0.0001,-0.258,0.2069,-0.0046
2026-08-29T02:35:52Z,2026-08-29 02:35:38,SPXW,2026-09-02,C,7310.0,7711.7598,390.3,1.0,410.8,1.0,0.0,0.0,0.0,0.0,0.9924,0.0001,-0.2609,0.2108,0.5956
2026-08-29T02:35:52Z,2026-08-29 02:35:38,SPXW,2026-09-02,P,7310.0,7711.7598,0.35,157.0,0.45,177.0,0.45,1.0,178.0,0.1895,-0.0076,0.0001,-0.2611,0.2111,-0.0046
2026-08-29T02:35:52Z,2026-08-29 02:35:38,SPXW,2026-09-02,C,7315.0,7711.7598,389.0,1.0,407.0,1.0,0.0,0.0,0.0,0.0,0.9922,0.0001,-0.2641,0.2151,0.5959
2026-08-29T02:35:52Z,2026-08-29 02:35:38,SPXW,2026-09-02,P,7315.0,7711.7598,0.35,159.0,0.45,9.0,0.45,2.0,5.0,0.1873,-0.0077,0.0001,-0.2643,0.2154,-0.0048
2026-08-29T02:35:52Z,2026-08-29 02:35:38,SPXW,2026-09-02,C,7320.0,7711.7598,384.0,1.0,401.0,1.0,360.86,0.0,0.0,0.0,0.992,0.0001,-0.2674,0.2196,0.5962
2026-08-29T02:35:52Z,2026-08-29 02:35:38,SPXW,2026-09-02,P,7320.0,7711.7598,0.4,16.0,0.5,202.0,0.5,5.0,169.0,0.1865,-0.0079,0.0001,-0.2676,0.2198,-0.0049
2026-08-29T02:35:52Z,2026-08-29 02:35:38,SPXW,2026-09-02,C,7325.0,7711.7598,379.0,1.0,395.8,1.0,0.0,0.0,0.0,0.0,0.9918,0.0001,-0.2708,0.2242,0.5965
2026-08-29T02:35:52Z,2026-08-29 02:35:38,SPXW,2026-09-02,P,7325.0,7711.7598,0.4,16.0,0.5,284.0,0.45,28.0,202.0,0.1844,-0.0081,0.0001,-0.271,0.2244,-0.005
2026-08-29T02:35:52Z,2026-08-29 02:35:38,SPXW,2026-09-02,C,7330.0,7711.7598,370.3,1.0,390.8,1.0,0.0,0.0,0.0,0.0,0.9916,0.0001,-0.2743,0.2289,0.5968
2026-08-29T02:35:52Z,2026-08-29 02:35:38,SPXW,2026-09-02,P,7330.0,7711.7598,0.4,16.0,0.5,215.0,0.45,111.0,93.0,0.1822,-0.0083,0.0001,-0.2745,0.2292,-0.0051
2026-08-29T02:35:52Z,2026-08-29 02:35:38,SPXW,2026-09-02,C,7335.0,7711.7598,365.3,1.0,385.8,1.0,0.0,0.0,0.0,0.0,0.9914,0.0001,-0.2779,0.2339,0.5971
2026-08-29T02:35:52Z,2026-08-29 02:35:38,SPXW,2026-09-02,P,7335.0,7711.7598,0.4,105.0,0.5,193.0,0.45,3.0,1.0,0.1802,-0.0085,0.0001,-0.2779,0.2338,-0.0052
2026-08-29T02:35:52Z,2026-08-29 02:35:38,SPXW,2026-09-02,C,7340.0,7711.7598,364.0,1.0,381.1,1.0,0.0,0.0,0.0,0.0,0.9912,0.0001,-0.2817,0.239,0.5974
2026-08-29T02:35:52Z,2026-08-29 02:35:38,SPXW,2026-09-02,P,7340.0,7711.7598,0.4,103.0,0.5,190.0,0.45,6.0,53.0,0.1792,-0.0087,0.0001,-0.2818,0.2392,-0.0053
2026-08-29T02:35:52Z,2026-08-29 02:35:38,SPXW,2026-09-02,C,7345.0,7711.7598,359.1,1.0,376.1,1.0,0.0,0.0,0.0,0.0,0.991,0.0001,-0.2856,0.2442,0.5976
2026-08-29T02:35:52Z,2026-08-29 02:35:38,SPXW,2026-09-02,P,7345.0,7711.7598,0.4,145.0,0.5,171.0,0.5,3.0,103.0,0.177,-0.0089,0.0001,-0.2857,0.2445,-0.0055
2026-08-29T02:35:52Z,2026-08-29 02:35:38,SPXW,2026-09-02,C,7350.0,7711.7598,354.0,1.0,371.1,1.0,357.33,1.0,32.0,0.0,0.9908,0.0001,-0.2896,0.2497,0.5979
2026-08-29T02:35:52Z,2026-08-29 02:35:38,SPXW,2026-09-02,P,7350.0,7711.7598,0.4,164.0,0.5,166.0,0.3,71.0,1782.0,0.1748,-0.0091,0.0001,-0.2898,0.25,-0.0056
2026-08-29T02:35:52Z,2026-08-29 02:35:38,SPXW,2026-09-02,C,7355.0,7711.7598,349.1,1.0,366.1,1.0,0.0,0.0,0.0,0.0,0.9906,0.0002,-0.2938,0.2554,0.5982
2026-08-29T02:35:52Z,2026-08-29 02:35:38,SPXW,2026-09-02,P,7355.0,7711.7598,0.45,17.0,0.55,193.0,0.5,5.0,49.0,0.1726,-0.0093,0.0002,-0.294,0.2556,-0.0058
2026-08-29T02:35:52Z,2026-08-29 02:35:38,SPXW,2026-09-02,C,7360.0,7711.7598,344.1,1.0,361.1,1.0,367.8,1.0,0.0,0.0,0.9903,0.0002,-0.2981,0.2613,0.5984
2026-08-29T02:35:52Z,2026-08-29 02:35:38,SPXW,2026-09-02,P,7360.0,7711.7598,0.45,17.0,0.55,188.0,0.6,39.0,100.0,0.1716,-0.0096,0.0002,-0.2983,0.2616,-0.0059
2026-08-29T02:35:52Z,2026-08-29 02:35:38,SPXW,2026-09-02,C,7365.0,7711.7598,338.9,1.0,356.1,1.0,0.0,0.0,0.0,0.0,0.9901,0.0002,-0.3026,0.2674,0.5987
2026-08-29T02:35:52Z,2026-08-29 02:35:38,SPXW,2026-09-02,P,7365.0,7711.7598,0.45,17.0,0.55,184.0,0.6,1.0,32.0,0.1694,-0.0098,0.0002,-0.3028,0.2677,-0.0061
2026-08-29T02:35:52Z,2026-08-29 02:35:38,SPXW,2026-09-02,C,7370.0,7711.7598,334.1,1.0,351.3,1.0,304.0,0.0,30.0,0.0,0.9898,0.0002,-0.3074,0.2738,0.5989
2026-08-29T02:35:52Z,2026-08-29 02:35:38,SPXW,2026-09-02,P,7370.0,7711.7598,0.45,97.0,0.55,180.0,0.6,5.0,218.0,0.1673,-0.0101,0.0002,-0.3074,0.2738,-0.0062
2026-08-29T02:35:52Z,2026-08-29 02:35:38,SPXW,2026-09-02,C,7375.0,7711.7598,329.1,1.0,346.1,1.0,436.05,0.0,14.0,0.0,0.9896,0.0002,-0.3123,0.2804,0.5992
2026-08-29T02:35:52Z,2026-08-29 02:35:38,SPXW,2026-09-02,P,7375.0,7711.7598,0.45,158.0,0.55,161.0,0.5,13.0,613.0,0.1661,-0.0104,0.0002,-0.3125,0.2808,-0.0064
2026-08-29T02:35:52Z,2026-08-29 02:35:38,SPXW,2026-09-02,C,7380.0,7711.7598,324.1,1.0,340.9,1.0,296.57,0.0,0.0,0.0,0.9892,0.0002,-0.3174,0.2874,0.5994
2026-08-29T02:35:52Z,2026-08-29 02:35:38,SPXW,2026-09-02,P,7380.0,7711.7598,0.5,16.0,0.6,186.0,0.55,22.0,164.0,0.1639,-0.0107,0.0002,-0.3177,0.2878,-0.0066
2026-08-29T02:35:52Z,2026-08-29 02:35:38,SPXW,2026-09-02,C,7385.0,7711.7598,319.1,1.0,336.2,1.0,344.62,1.0,0.0,0.0,0.989,0.0002,-0.3228,0.2947,0.5996
2026-08-29T02:35:52Z,2026-08-29 02:35:38,SPXW,2026-09-02,P,7385.0,7711.7598,0.5,17.0,0.6,168.0,0.55,5.0,89.0,0.1628,-0.011,0.0002,-0.3228,0.2947,-0.0068
2026-08-29T02:35:52Z,2026-08-29 02:35:38,SPXW,2026-09-02,C,7390.0,7711.7598,314.2,1.0,331.2,1.0,317.6,1.0,1.0,0.0,0.9886,0.0002,-0.3285,0.3023,0.5998
2026-08-29T02:35:52Z,2026-08-29 02:35:38,SPXW,2026-09-02,P,7390.0,7711.7598,0.5,17.0,0.6,183.0,0.7,247.0,440.0,0.1605,-0.0113,0.0002,-0.3287,0.3027,-0.007
2026-08-29T02:35:52Z,2026-08-29 02:35:38,SPXW,2026-09-02,C,7395.0,7711.7598,309.2,1.0,326.2,1.0,0.0,0.0,0.0,0.0,0.9883,0.0002,-0.3344,0.3104,0.6
2026-08-29T02:35:52Z,2026-08-29 02:35:38,SPXW,2026-09-02,P,7395.0,7711.7598,0.5,132.0,0.6,164.0,0.5,2567.0,70.0,0.1583,-0.0116,0.0002,-0.3347,0.3107,-0.0072
2026-08-29T02:35:52Z,2026-08-29 02:35:38,SPXW,2026-09-02,C,7400.0,7711.7598,304.1,1.0,321.2,1.0,311.23,2.0,82.0,0.0,0.9879,0.0002,-0.3406,0.3188,0.6002
2026-08-29T02:35:52Z,2026-08-29 02:35:38,SPXW,2026-09-02,P,7400.0,7711.7598,0.55,16.0,0.65,271.0,0.55,720.0,1392.0,0.157,-0.012,0.0002,-0.3409,0.3192,-0.0074
2026-08-29T02:35:52Z,2026-08-29 02:35:38,SPXW,2026-09-02,C,7405.0,7711.7598,299.4,1.0,316.0,1.0,0.0,0.0,0.0,0.0,0.9876,0.0002,-0.3472,0.3276,0.6004
2026-08-29T02:35:52Z,2026-08-29 02:35:38,SPXW,2026-09-02,P,7405.0,7711.7598,0.55,17.0,0.65,158.0,0.56,80.0,117.0,0.1558,-0.0124,0.0002,-0.3472,0.3276,-0.0076
2026-08-29T02:35:52Z,2026-08-29 02:35:38,SPXW,2026-09-02,C,7410.0,7711.7598,294.2,1.0,311.0,1.0,0.0,0.0,0.0,0.0,0.9872,0.0002,-0.3542,0.3369,0.6006
2026-08-29T02:35:52Z,2026-08-29 02:35:38,SPXW,2026-09-02,P,7410.0,7711.7598,0.55,17.0,0.65,154.0,0.59,51.0,202.0,0.1535,-0.0128,0.0002,-0.3545,0.3374,-0.0079
2026-08-29T02:35:52Z,2026-08-29 02:35:38,SPXW,2026-09-02,C,7415.0,7711.7598,288.5,1.0,306.0,1.0,0.0,0.0,0.0,0.0,0.9867,0.0002,-0.3615,0.3467,0.6007
2026-08-29T02:35:52Z,2026-08-29 02:35:38,SPXW,2026-09-02,P,7415.0,7711.7598,0.55,144.0,0.7,180.0,0.45,362.0,482.0,0.1512,-0.0132,0.0002,-0.3618,0.3472,-0.0082
2026-08-29T02:35:52Z,2026-08-29 02:35:38,SPXW,2026-09-02,C,7420.0,7711.7598,284.3,1.0,301.3,1.0,305.6,1.0,2.0,0.0,0.9863,0.0003,-0.3692,0.357,0.6008
2026-08-29T02:35:52Z,2026-08-29 02:35:38,SPXW,2026-09-02,P,7420.0,7711.7598,0.6,17.0,0.7,171.0,0.62,201.0,430.0,0.1508,-0.0136,0.0003,-0.3692,0.357,-0.0084
2026-08-29T02:35:52Z,2026-08-29 02:35:38,SPXW,2026-09-02,C,7425.0,7711.7598,279.4,1.0,296.5,1.0,312.8,1.0,31.0,0.0,0.9858,0.0003,-0.3775,0.3679,0.6009
2026-08-29T02:35:52Z,2026-08-29 02:35:38,SPXW,2026-09-02,P,7425.0,7711.7598,0.6,55.0,0.7,149.0,0.65,425.0,591.0,0.1485,-0.0141,0.0003,-0.3775,0.3679,-0.0087
2026-08-29T02:35:52Z,2026-08-29 02:35:38,SPXW,2026-09-02,C,7430.0,7711.7598,274.3,1.0,291.1,1.0,281.21,2.0,8.0,0.0,0.9853,0.0003,-0.3862,0.3793,0.601
2026-08-29T02:35:52Z,2026-08-29 02:35:38,SPXW,2026-09-02,P,7430.0,7711.7598,0.6,119.0,0.75,151.0,0.65,26.0,235.0,0.1462,-0.0146,0.0003,-0.3862,0.3793,-0.0091
2026-08-29T02:35:52Z,2026-08-29 02:35:38,SPXW,2026-09-02,C,7435.0,7711.7598,269.3,1.0,286.3,1.0,236.25,0.0,2.0,0.0,0.9847,0.0003,-0.3956,0.3914,0.6011
2026-08-29T02:35:52Z,2026-08-29 02:35:38,SPXW,2026-09-02,P,7435.0,7711.7598,0.65,17.0,0.75,163.0,0.55,250.0,442.0,0.1455,-0.0152,0.0003,-0.3956,0.3914,-0.0094
2026-08-29T02:35:52Z,2026-08-29 02:35:38,SPXW,2026-09-02,C,7440.0,7711.7598,264.4,1.0,281.1,1.0,242.34,0.0,82.0,0.0,0.9842,0.0003,-0.4056,0.4042,0.6011
2026-08-29T02:35:52Z,2026-08-29 02:35:38,SPXW,2026-09-02,P,7440.0,7711.7598,0.65,134.0,0.8,167.0,0.65,281.0,640.0,0.1432,-0.0158,0.0003,-0.4056,0.4043,-0.0098
2026-08-29T02:35:52Z,2026-08-29 02:35:38,SPXW,2026-09-02,C,7445.0,7711.7598,259.4,1.0,276.1,1.0,0.0,0.0,0.0,0.0,0.9835,0.0003,-0.4162,0.4178,0.6012
2026-08-29T02:35:52Z,2026-08-29 02:35:38,SPXW,2026-09-02,P,7445.0,7711.7598,0.7,17.0,0.8,158.0,0.65,237.0,150.0,0.1416,-0.0164,0.0003,-0.4162,0.4178,-0.0102
2026-08-29T02:35:52Z,2026-08-29 02:35:38,SPXW,2026-09-02,C,7450.0,7711.7598,255.5,7.0,266.4,7.0,279.49,0.0,730.0,0.1327,0.9828,0.0003,-0.4276,0.4323,0.6011
2026-08-29T02:35:52Z,2026-08-29 02:35:38,SPXW,2026-09-02,P,7450.0,7711.7598,0.7,129.0,0.85,248.0,0.7,238.0,1376.0,0.14,-0.0171,0.0003,-0.4276,0.4323,-0.0106
2026-08-29T02:35:52Z,2026-08-29 02:35:38,SPXW,2026-09-02,C,7455.0,7711.7598,249.6,1.0,266.3,1.0,0.0,0.0,0.0,0.0,0.9821,0.0004,-0.4398,0.4477,0.6011
2026-08-29T02:35:52Z,2026-08-29 02:35:38,SPXW,2026-09-02,P,7455.0,7711.7598,0.75,71.0,0.85,30.0,0.77,157.0,290.0,0.1383,-0.0178,0.0004,-0.4398,0.4476,-0.011
2026-08-29T02:35:52Z,2026-08-29 02:35:38,SPXW,2026-09-02,C,7460.0,7711.7598,244.6,1.0,261.2,1.0,225.23,0.0,2.0,0.0,0.9814,0.0004,-0.4529,0.4641,0.601
2026-08-29T02:35:52Z,2026-08-29 02:35:38,SPXW,2026-09-02,P,7460.0,7711.7598,0.75,127.0,0.9,140.0,0.7,157.0,250.0,0.1366,-0.0186,0.0004,-0.4529,0.4641,-0.0115
2026-08-29T02:35:52Z,2026-08-29 02:35:38,SPXW,2026-09-02,C,7465.0,7711.7598,239.5,1.0,256.3,1.0,0.0,0.0,0.0,0.0,0.9805,0.0004,-0.4669,0.4816,0.6009
2026-08-29T02:35:52Z,2026-08-29 02:35:38,SPXW,2026-09-02,P,7465.0,7711.7598,0.8,125.0,0.95,146.0,0.75,385.0,462.0,0.1355,-0.0194,0.0004,-0.4669,0.4816,-0.012
2026-08-29T02:35:52Z,2026-08-29 02:35:38,SPXW,2026-09-02,C,7470.0,7711.7598,232.8,1.0,251.8,1.0,244.51,1.0,48.0,0.0,0.9796,0.0004,-0.482,0.5003,0.6008
2026-08-29T02:35:52Z,2026-08-29 02:35:38,SPXW,2026-09-02,P,7470.0,7711.7598,0.85,73.0,0.95,16.0,1.0,90.0,1459.0,0.1332,-0.0203,0.0004,-0.482,0.5003,-0.0126
2026-08-29T02:35:52Z,2026-08-29 02:35:38,SPXW,2026-09-02,C,7475.0,7711.7598,226.9,1.0,246.6,1.0,232.55,0.0,11.0,0.0,0.9786,0.0004,-0.4982,0.5202,0.6006
2026-08-29T02:35:52Z,2026-08-29 02:35:38,SPXW,2026-09-02,P,7475.0,7711.7598,0.9,69.0,1.0,29.0,0.95,512.0,2041.0,0.132,-0.0213,0.0004,-0.4982,0.5202,-0.0132
2026-08-29T02:35:52Z,2026-08-29 02:35:38,SPXW,2026-09-02,C,7480.0,7711.7598,221.4,1.0,241.9,1.0,207.1,0.0,21.0,0.0,0.9776,0.0004,-0.5157,0.5414,0.6003
2026-08-29T02:35:52Z,2026-08-29 02:35:38,SPXW,2026-09-02,P,7480.0,7711.7598,0.95,68.0,1.05,29.0,1.0,133.0,930.0,0.1307,-0.0223,0.0004,-0.5157,0.5414,-0.0139
2026-08-29T02:35:52Z,2026-08-29 02:35:38,SPXW,2026-09-02,C,7485.0,7711.7598,219.1,1.0,237.0,1.0,0.0,0.0,0.0,0.0,0.9764,0.0005,-0.5344,0.5639,0.6
2026-08-29T02:35:52Z,2026-08-29 02:35:38,SPXW,2026-09-02,P,7485.0,7711.7598,1.0,49.0,1.1,28.0,1.07,448.0,95.0,0.1293,-0.0235,0.0005,-0.5348,0.5644,-0.0146
2026-08-29T02:35:52Z,2026-08-29 02:35:38,SPXW,2026-09-02,C,7490.0,7711.7598,211.3,1.0,232.0,1.0,248.94,1.0,20.0,0.0,0.9752,0.0005,-0.5546,0.588,0.5996
2026-08-29T02:35:52Z,2026-08-29 02:35:38,SPXW,2026-09-02,P,7490.0,7711.7598,1.05,67.0,1.15,15.0,1.1,391.0,1281.0,0.1279,-0.0247,0.0005,-0.5546,0.588,-0.0154
2026-08-29T02:35:52Z,2026-08-29 02:35:38,SPXW,2026-09-02,C,7495.0,7711.7598,210.1,2.0,223.4,1.0,181.88,0.0,1.0,0.0,0.9738,0.0005,-0.5764,0.6138,0.5992
2026-08-29T02:35:52Z,2026-08-29 02:35:38,SPXW,2026-09-02,P,7495.0,7711.7598,1.1,50.0,1.25,114.0,1.14,77.0,202.0,0.1264,-0.0261,0.0005,-0.5764,0.6138,-0.0162
2026-08-29T02:35:52Z,2026-08-29 02:35:38,SPXW,2026-09-02,C,7500.0,7711.7598,206.2,7.0,216.6,7.0,216.39,4.0,395.0,0.12,0.9724,0.0006,-0.5998,0.6414,0.5987
2026-08-29T02:35:52Z,2026-08-29 02:35:38,SPXW,2026-09-02,P,7500.0,7711.7598,1.15,68.0,1.3,95.0,1.25,881.0,920.0,0.1249,-0.0275,0.0006,-0.5998,0.6414,-0.0171
2026-08-29T02:35:52Z,2026-08-29 02:35:38,SPXW,2026-09-02,C,7505.0,7711.7598,200.6,1.0,213.1,2.0,177.67,0.0,0.0,0.0,0.9708,0.0006,-0.625,0.6709,0.5981
2026-08-29T02:35:52Z,2026-08-29 02:35:38,SPXW,2026-09-02,P,7505.0,7711.7598,1.25,45.0,1.35,57.0,1.2,151.0,57.0,0.1237,-0.0291,0.0006,-0.625,0.6709,-0.0181
2026-08-29T02:35:52Z,2026-08-29 02:35:38,SPXW,2026-09-02,C,7510.0,7711.7598,195.9,1.0,208.4,1.0,203.55,3.0,0.0,0.0755,0.9691,0.0006,-0.6521,0.7025,0.5975
2026-08-29T02:35:52Z,2026-08-29 02:35:38,SPXW,2026-09-02,P,7510.0,7711.7598,1.3,66.0,1.4,2.0,1.3,188.0,239.0,0.1224,-0.0308,0.0006,-0.6521,0.7025,-0.0192
2026-08-29T02:35:52Z,2026-08-29 02:35:38,SPXW,2026-09-02,C,7515.0,7711.7598,191.3,8.0,201.7,8.0,223.23,2.0,984.0,0.119,0.9672,0.0007,-0.6812,0.7363,0.5967
2026-08-29T02:35:52Z,2026-08-29 02:35:38,SPXW,2026-09-02,P,7515.0,7711.7598,1.4,54.0,1.5,6.0,1.4,99.0,107.0,0.1211,-0.0327,0.0007,-0.6812,0.7362,-0.0203
2026-08-29T02:35:52Z,2026-08-29 02:35:38,SPXW,2026-09-02,C,7520.0,7711.7598,185.4,1.0,198.6,1.0,218.38,2.0,85.0,0.0848,0.9652,0.0007,-0.7124,0.7721,0.5958
2026-08-29T02:35:52Z,2026-08-29 02:35:38,SPXW,2026-09-02,P,7520.0,7711.7598,1.5,36.0,1.6,50.0,1.45,107.0,316.0,0.12,-0.0347,0.0007,-0.7124,0.7721,-0.0216
2026-08-29T02:35:52Z,2026-08-29 02:35:38,SPXW,2026-09-02,C,7525.0,7711.7598,180.9,1.0,193.9,1.0,159.12,0.0,25.0,0.0888,0.963,0.0008,-0.7458,0.8102,0.5948
2026-08-29T02:35:52Z,2026-08-29 02:35:38,SPXW,2026-09-02,P,7525.0,7711.7598,1.6,35.0,1.7,49.0,1.62,766.0,396.0,0.1189,-0.0369,0.0008,-0.7458,0.8102,-0.023
2026-08-29T02:35:52Z,2026-08-29 02:35:38,SPXW,2026-09-02,C,7530.0,7711.7598,176.3,1.0,189.5,1.0,187.31,0.0,9.0,0.0909,0.9606,0.0008,-0.7817,0.8508,0.5937
2026-08-29T02:35:52Z,2026-08-29 02:35:38,SPXW,2026-09-02,P,7530.0,7711.7598,1.7,36.0,1.8,4.0,1.75,234.0,274.0,0.1176,-0.0393,0.0008,-0.7817,0.8508,-0.0246
2026-08-29T02:35:52Z,2026-08-29 02:35:38,SPXW,2026-09-02,C,7535.0,7711.7598,170.3,1.0,184.2,1.0,144.3,0.0,6.0,0.0935,0.958,0.0008,-0.8201,0.8942,0.5925
2026-08-29T02:35:52Z,2026-08-29 02:35:38,SPXW,2026-09-02,P,7535.0,7711.7598,1.8,39.0,1.95,42.0,1.97,98.0,99.0,0.1162,-0.042,0.0008,-0.8201,0.8942,-0.0262
2026-08-29T02:35:52Z,2026-08-29 02:35:38,SPXW,2026-09-02,C,7540.0,7711.7598,166.5,2.0,179.0,1.0,110.61,0.0,1.0,0.095,0.9551,0.0009,-0.8611,0.9404,0.5911
2026-08-29T02:35:52Z,2026-08-29 02:35:38,SPXW,2026-09-02,P,7540.0,7711.7598,1.95,37.0,2.05,5.0,1.99,302.0,280.0,0.1147,-0.0448,0.0009,-0.8611,0.9404,-0.028
2026-08-29T02:35:52Z,2026-08-29 02:35:38,SPXW,2026-09-02,C,7545.0,7711.7598,160.5,1.0,174.7,1.0,0.0,0.0,0.0,0.0948,0.952,0.001,-0.9048,0.9895,0.5896
2026-08-29T02:35:52Z,2026-08-29 02:35:38,SPXW,2026-09-02,P,7545.0,7711.7598,2.1,26.0,2.2,50.0,2.07,299.0,419.0,0.1138,-0.0479,0.001,-0.9048,0.9895,-0.0299
2026-08-29T02:35:52Z,2026-08-29 02:35:38,SPXW,2026-09-02,C,7550.0,7711.7598,156.9,2.0,169.3,1.0,168.88,16.0,54.0,0.0952,0.9487,0.001,-0.9512,1.0414,0.5879
2026-08-29T02:35:52Z,2026-08-29 02:35:38,SPXW,2026-09-02,P,7550.0,7711.7598,2.25,44.0,2.35,47.0,2.2,1018.0,3713.0,0.1126,-0.0512,0.001,-0.9512,1.0414,-0.032
2026-08-29T02:35:52Z,2026-08-29 02:35:38,SPXW,2026-09-02,C,7555.0,7711.7598,151.0,1.0,164.7,1.0,160.12,12.0,6.0,0.0961,0.9451,0.0011,-1.0006,1.0961,0.586
2026-08-29T02:35:52Z,2026-08-29 02:35:38,SPXW,2026-09-02,P,7555.0,7711.7598,2.4,41.0,2.5,26.0,3.6,252.0,141.0,0.1114,-0.0548,0.0011,-1.0006,1.0961,-0.0343
2026-08-29T02:35:52Z,2026-08-29 02:35:38,SPXW,2026-09-02,C,7560.0,7711.7598,146.7,1.0,160.4,3.0,159.18,2.0,4.0,0.0957,0.9411,0.0012,-1.053,1.1539,0.5839
2026-08-29T02:35:52Z,2026-08-29 02:35:38,SPXW,2026-09-02,P,7560.0,7711.7598,2.55,40.0,2.7,37.0,2.67,401.0,889.0,0.1098,-0.0588,0.0012,-1.053,1.1539,-0.0368
2026-08-29T02:35:52Z,2026-08-29 02:35:38,SPXW,2026-09-02,C,7565.0,7711.7598,141.7,1.0,155.6,3.0,182.9,12.0,5.0,0.0952,0.9369,0.0013,-1.1084,1.2152,0.5817
2026-08-29T02:35:52Z,2026-08-29 02:35:38,SPXW,2026-09-02,P,7565.0,7711.7598,2.75,35.0,2.9,37.0,2.95,126.0,105.0,0.1088,-0.063,0.0013,-1.1084,1.2152,-0.0395
2026-08-29T02:35:52Z,2026-08-29 02:35:38,SPXW,2026-09-02,C,7570.0,7711.7598,136.9,1.0,150.4,1.0,149.19,2.0,16.0,0.0955,0.9322,0.0013,-1.1669,1.28,0.5792
2026-08-29T02:35:52Z,2026-08-29 02:35:38,SPXW,2026-09-02,P,7570.0,7711.7598,3.0,37.0,3.1,37.0,3.1,244.0,333.0,0.1075,-0.0677,0.0013,-1.1669,1.28,-0.0424
2026-08-29T02:35:52Z,2026-08-29 02:35:38,SPXW,2026-09-02,C,7575.0,7711.7598,131.9,1.0,145.6,1.0,141.86,10.0,127.0,0.0956,0.9272,0.0014,-1.2285,1.348,0.5764
2026-08-29T02:35:52Z,2026-08-29 02:35:38,SPXW,2026-09-02,P,7575.0,7711.7598,3.2,40.0,3.4,48.0,3.19,846.0,938.0,0.1068,-0.0727,0.0014,-1.2285,1.348,-0.0456
2026-08-29T02:35:52Z,2026-08-29 02:35:38,SPXW,2026-09-02,C,7580.0,7711.7598,127.3,3.0,140.5,1.0,136.09,0.0,12.0,0.0948,0.9218,0.0015,-1.2932,1.4189,0.5733
2026-08-29T02:35:52Z,2026-08-29 02:35:38,SPXW,2026-09-02,P,7580.0,7711.7598,3.5,21.0,3.6,35.0,3.45,225.0,303.0,0.1052,-0.0781,0.0015,-1.2932,1.4189,-0.0491
2026-08-29T02:35:52Z,2026-08-29 02:35:38,SPXW,2026-09-02,C,7585.0,7711.7598,122.9,1.0,136.6,3.0,130.35,2.0,12.0,0.0947,0.916,0.0016,-1.361,1.493,0.57
2026-08-29T02:35:52Z,2026-08-29 02:35:38,SPXW,2026-09-02,P,7585.0,7711.7598,3.7,63.0,3.9,49.0,3.75,128.0,67.0,0.1044,-0.084,0.0016,-1.361,1.493,-0.0528
2026-08-29T02:35:52Z,2026-08-29 02:35:38,SPXW,2026-09-02,C,7590.0,7711.7598,118.2,1.0,131.8,1.0,116.62,0.0,4.0,0.0943,0.9096,0.0017,-1.4319,1.571,0.5665
2026-08-29T02:35:52Z,2026-08-29 02:35:38,SPXW,2026-09-02,P,7590.0,7711.7598,4.0,64.0,4.2,48.0,4.15,312.0,159.0,0.103,-0.0903,0.0017,-1.4319,1.5711,-0.0567
2026-08-29T02:35:52Z,2026-08-29 02:35:38,SPXW,2026-09-02,C,7595.0,7711.7598,113.2,1.0,127.0,2.0,124.81,1.0,17.0,0.0945,0.9028,0.0019,-1.5058,1.6527,0.5626
2026-08-29T02:35:52Z,2026-08-29 02:35:38,SPXW,2026-09-02,P,7595.0,7711.7598,4.4,37.0,4.6,66.0,4.52,181.0,257.0,0.1019,-0.0972,0.0019,-1.5058,1.6527,-0.0611
2026-08-29T02:35:52Z,2026-08-29 02:35:38,SPXW,2026-09-02,C,7600.0,7711.7598,110.1,7.0,120.1,7.0,120.7,18.0,1039.0,0.0999,0.8954,0.002,-1.5825,1.7372,0.5582
2026-08-29T02:35:52Z,2026-08-29 02:35:38,SPXW,2026-09-02,P,7600.0,7711.7598,4.7,32.0,4.9,48.0,4.6,919.0,885.0,0.1009,-0.1045,0.002,-1.5825,1.7372,-0.0658
2026-08-29T02:35:52Z,2026-08-29 02:35:38,SPXW,2026-09-02,C,7605.0,7711.7598,106.8,1.0,114.9,1.0,110.54,5.0,11.0,0.0928,0.8874,0.0021,-1.6621,1.8243,0.5536
2026-08-29T02:35:52Z,2026-08-29 02:35:38,SPXW,2026-09-02,P,7605.0,7711.7598,5.1,32.0,5.3,47.0,5.3,128.0,96.0,0.1,-0.1125,0.0021,-1.6621,1.8243,-0.0709
2026-08-29T02:35:52Z,2026-08-29 02:35:38,SPXW,2026-09-02,C,7610.0,7711.7598,102.2,1.0,109.6,2.0,109.06,6.0,24.0,0.0924,0.8788,0.0022,-1.7442,1.9148,0.5486
2026-08-29T02:35:52Z,2026-08-29 02:35:38,SPXW,2026-09-02,P,7610.0,7711.7598,5.5,55.0,5.7,18.0,5.7,1023.0,131.0,0.099,-0.1211,0.0022,-1.7442,1.9148,-0.0763
2026-08-29T02:35:52Z,2026-08-29 02:35:38,SPXW,2026-09-02,C,7615.0,7711.7598,97.2,1.0,105.7,2.0,107.45,21.0,10.0,0.0915,0.8696,0.0024,-1.8287,2.0089,0.5431
2026-08-29T02:35:52Z,2026-08-29 02:35:38,SPXW,2026-09-02,P,7615.0,7711.7598,6.0,28.0,6.2,42.0,6.01,499.0,170.0,0.098,-0.1303,0.0024,-1.8287,2.0089,-0.0821
2026-08-29T02:35:52Z,2026-08-29 02:35:38,SPXW,2026-09-02,C,7620.0,7711.7598,93.3,1.0,100.7,1.0,130.38,0.0,36.0,0.0909,0.8596,0.0025,-1.9153,2.1054,0.5372
2026-08-29T02:35:52Z,2026-08-29 02:35:38,SPXW,2026-09-02,P,7620.0,7711.7598,6.5,26.0,6.7,41.0,6.79,440.0,187.0,0.0968,-0.1403,0.0025,-1.9153,2.1054,-0.0885
2026-08-29T02:35:52Z,2026-08-29 02:35:38,SPXW,2026-09-02,C,7625.0,7711.7598,88.7,1.0,96.9,1.0,98.45,26.0,31.0,0.0901,0.849,0.0027,-2.0036,2.2033,0.5307
2026-08-29T02:35:52Z,2026-08-29 02:35:38,SPXW,2026-09-02,P,7625.0,7711.7598,7.1,25.0,7.3,42.0,7.2,761.0,214.0,0.0959,-0.151,0.0027,-2.0036,2.2033,-0.0954
2026-08-29T02:35:52Z,2026-08-29 02:35:38,SPXW,2026-09-02,C,7630.0,7711.7598,84.3,1.0,92.5,1.0,93.57,33.0,22.0,0.0897,0.8375,0.0029,-2.0932,2.3035,0.5239
2026-08-29T02:35:52Z,2026-08-29 02:35:38,SPXW,2026-09-02,P,7630.0,7711.7598,7.7,23.0,7.9,41.0,7.8,533.0,113.0,0.0948,-0.1624,0.0029,-2.0932,2.3035,-0.1026
2026-08-29T02:35:52Z,2026-08-29 02:35:38,SPXW,2026-09-02,C,7635.0,7711.7598,80.1,1.0,87.6,2.0,82.37,2.0,24.0,0.0889,0.8251,0.003,-2.1837,2.4065,0.5165
2026-08-29T02:35:52Z,2026-08-29 02:35:38,SPXW,2026-09-02,P,7635.0,7711.7598,8.3,49.0,8.6,41.0,8.4,231.0,203.0,0.0939,-0.1748,0.003,-2.1837,2.4065,-0.1104
2026-08-29T02:35:52Z,2026-08-29 02:35:38,SPXW,2026-09-02,C,7640.0,7711.7598,75.5,1.0,83.3,1.0,78.9,31.0,17.0,0.088,0.8119,0.0032,-2.2744,2.51,0.5084
2026-08-29T02:35:52Z,2026-08-29 02:35:38,SPXW,2026-09-02,P,7640.0,7711.7598,9.1,21.0,9.3,40.0,9.0,344.0,208.0,0.0927,-0.188,0.0032,-2.2744,2.51,-0.119
2026-08-29T02:35:52Z,2026-08-29 02:35:38,SPXW,2026-09-02,C,7645.0,7711.7598,71.2,2.0,79.1,1.0,73.86,7.0,11.0,0.0879,0.7978,0.0034,-2.3647,2.6129,0.4998
2026-08-29T02:35:52Z,2026-08-29 02:35:38,SPXW,2026-09-02,P,7645.0,7711.7598,9.8,48.0,10.1,40.0,9.75,242.0,250.0,0.092,-0.2021,0.0034,-2.3647,2.6129,-0.128
2026-08-29T02:35:52Z,2026-08-29 02:35:38,SPXW,2026-09-02,C,7650.0,7711.7598,67.4,1.0,74.9,3.0,72.74,28.0,67.0,0.0872,0.7827,0.0036,-2.454,2.7165,0.4906
2026-08-29T02:35:52Z,2026-08-29 02:35:38,SPXW,2026-09-02,P,7650.0,7711.7598,10.7,22.0,10.9,10.0,10.6,1118.0,316.0,0.091,-0.2172,0.0036,-2.454,2.7165,-0.1375
2026-08-29T02:35:52Z,2026-08-29 02:35:38,SPXW,2026-09-02,C,7655.0,7711.7598,63.4,3.0,71.3,3.0,73.7,6.0,42.0,0.0865,0.7667,0.0038,-2.5412,2.8202,0.4807
2026-08-29T02:35:52Z,2026-08-29 02:35:38,SPXW,2026-09-02,P,7655.0,7711.7598,11.6,47.0,11.9,36.0,11.6,164.0,93.0,0.0901,-0.2332,0.0038,-2.5412,2.8202,-0.1478
2026-08-29T02:35:52Z,2026-08-29 02:35:38,SPXW,2026-09-02,C,7660.0,7711.7598,62.3,4.0,64.7,2.0,68.06,17.0,86.0,0.0858,0.7496,0.004,-2.6253,2.9208,0.4701
2026-08-29T02:35:52Z,2026-08-29 02:35:38,SPXW,2026-09-02,P,7660.0,7711.7598,12.6,46.0,12.9,35.0,12.6,338.0,210.0,0.089,-0.2503,0.004,-2.6253,2.9208,-0.1588
2026-08-29T02:35:52Z,2026-08-29 02:35:38,SPXW,2026-09-02,C,7665.0,7711.7598,57.5,2.0,60.8,2.0,57.2,11.0,65.0,0.0851,0.7314,0.0042,-2.7055,3.0183,0.459
2026-08-29T02:35:52Z,2026-08-29 02:35:38,SPXW,2026-09-02,P,7665.0,7711.7598,13.7,45.0,14.0,35.0,13.97,707.0,114.0,0.0882,-0.2685,0.0042,-2.7055,3.0183,-0.1703
2026-08-29T02:35:52Z,2026-08-29 02:35:38,SPXW,2026-09-02,C,7670.0,7711.7598,54.8,6.0,55.8,7.0,55.6,22.0,54.0,0.0843,0.7122,0.0043,-2.7806,3.1135,0.4472
2026-08-29T02:35:52Z,2026-08-29 02:35:38,SPXW,2026-09-02,P,7670.0,7711.7598,14.9,44.0,15.2,10.0,14.7,276.0,287.0,0.0872,-0.2877,0.0043,-2.7806,3.1135,-0.1826
2026-08-29T02:35:52Z,2026-08-29 02:35:38,SPXW,2026-09-02,C,7675.0,7711.7598,51.4,4.0,51.7,3.0,56.8,31.0,127.0,0.086,0.6919,0.0045,-2.8492,3.2033,0.4344
2026-08-29T02:35:52Z,2026-08-29 02:35:38,SPXW,2026-09-02,P,7675.0,7711.7598,16.2,20.0,16.5,35.0,16.23,520.0,489.0,0.0862,-0.308,0.0045,-2.8492,3.2033,-0.1958
2026-08-29T02:35:52Z,2026-08-29 02:35:38,SPXW,2026-09-02,C,7680.0,7711.7598,47.8,4.0,48.1,4.0,52.9,34.0,280.0,0.0852,0.6706,0.0047,-2.9102,3.2857,0.4213
2026-08-29T02:35:52Z,2026-08-29 02:35:38,SPXW,2026-09-02,P,7680.0,7711.7598,17.6,19.0,17.9,33.0,17.5,143.0,246.0,0.0853,-0.3293,0.0047,-2.9102,3.2858,-0.2093
2026-08-29T02:35:52Z,2026-08-29 02:35:38,SPXW,2026-09-02,C,7685.0,7711.7598,44.3,6.0,44.6,5.0,48.72,19.0,99.0,0.0842,0.6482,0.0049,-2.9623,3.3622,0.4073
2026-08-29T02:35:52Z,2026-08-29 02:35:38,SPXW,2026-09-02,P,7685.0,7711.7598,19.1,18.0,19.4,10.0,19.1,209.0,139.0,0.0845,-0.3517,0.0049,-2.9623,3.3622,-0.2237
2026-08-29T02:35:52Z,2026-08-29 02:35:38,SPXW,2026-09-02,C,7690.0,7711.7598,41.0,6.0,41.3,22.0,40.9,69.0,228.0,0.0832,0.6247,0.005,-3.0039,3.4299,0.3926
2026-08-29T02:35:52Z,2026-08-29 02:35:38,SPXW,2026-09-02,P,7690.0,7711.7598,20.7,18.0,21.0,28.0,20.6,192.0,397.0,0.0835,-0.3752,0.005,-3.004,3.4299,-0.2389
2026-08-29T02:35:52Z,2026-08-29 02:35:38,SPXW,2026-09-02,C,7695.0,7711.7598,37.7,7.0,38.0,25.0,38.1,136.0,75.0,0.0825,0.6003,0.0052,-3.0341,3.4865,0.3774
2026-08-29T02:35:52Z,2026-08-29 02:35:38,SPXW,2026-09-02,P,7695.0,7711.7598,22.5,11.0,22.8,9.0,22.1,146.0,176.0,0.0826,-0.3996,0.0052,-3.034,3.4865,-0.2544
2026-08-29T02:35:52Z,2026-08-29 02:35:38,SPXW,2026-09-02,C,7700.0,7711.7598,34.6,7.0,34.9,25.0,36.7,218.0,802.0,0.0815,0.5749,0.0053,-3.0514,3.5327,0.3615
2026-08-29T02:35:52Z,2026-08-29 02:35:38,SPXW,2026-09-02,P,7700.0,7711.7598,24.3,18.0,24.6,8.0,24.0,536.0,741.0,0.0817,-0.425,0.0053,-3.0514,3.5327,-0.2707
2026-08-29T02:35:52Z,2026-08-29 02:35:38,SPXW,2026-09-02,C,7705.0,7711.7598,31.6,7.0,31.9,29.0,32.03,209.0,72.0,0.0805,0.5487,0.0054,-3.0546,3.5662,0.345
2026-08-29T02:35:52Z,2026-08-29 02:35:38,SPXW,2026-09-02,P,7705.0,7711.7598,26.3,36.0,26.6,8.0,26.15,277.0,106.0,0.0808,-0.4512,0.0054,-3.0546,3.5662,-0.2877
2026-08-29T02:35:52Z,2026-08-29 02:35:38,SPXW,2026-09-02,C,7710.0,7711.7598,28.7,12.0,29.0,27.0,28.51,250.0,163.0,0.0798,0.5217,0.0055,-3.043,3.5854,0.3282
2026-08-29T02:35:52Z,2026-08-29 02:35:38,SPXW,2026-09-02,P,7710.0,7711.7598,28.5,12.0,28.8,7.0,28.25,513.0,229.0,0.08,-0.4782,0.0055,-3.043,3.5854,-0.3049
2026-08-29T02:35:52Z,2026-08-29 02:35:38,SPXW,2026-09-02,C,7715.0,7711.7598,26.0,11.0,26.3,29.0,26.27,489.0,143.0,0.0788,0.494,0.0056,-3.0157,3.59,0.3107
2026-08-29T02:35:52Z,2026-08-29 02:35:38,SPXW,2026-09-02,P,7715.0,7711.7598,30.8,12.0,31.1,8.0,30.8,301.0,88.0,0.0791,-0.5059,0.0056,-3.0157,3.59,-0.3228
2026-08-29T02:35:52Z,2026-08-29 02:35:38,SPXW,2026-09-02,C,7720.0,7711.7598,23.4,12.0,23.7,27.0,24.0,300.0,206.0,0.078,0.4658,0.0056,-2.9719,3.5787,0.293
2026-08-29T02:35:52Z,2026-08-29 02:35:38,SPXW,2026-09-02,P,7720.0,7711.7598,33.2,10.0,33.5,6.0,33.06,276.0,189.0,0.0782,-0.5341,0.0056,-2.9719,3.5787,-0.3409
2026-08-29T02:35:52Z,2026-08-29 02:35:38,SPXW,2026-09-02,C,7725.0,7711.7598,21.0,11.0,21.3,32.0,21.2,410.0,958.0,0.0772,0.4372,0.0056,-2.9118,3.5509,0.275
2026-08-29T02:35:52Z,2026-08-29 02:35:38,SPXW,2026-09-02,P,7725.0,7711.7598,35.7,9.0,36.0,6.0,35.3,511.0,261.0,0.0775,-0.5627,0.0056,-2.9118,3.5509,-0.3592
2026-08-29T02:35:52Z,2026-08-29 02:35:38,SPXW,2026-09-02,C,7730.0,7711.7598,18.7,17.0,19.0,30.0,18.95,402.0,196.0,0.0764,0.4084,0.0056,-2.8351,3.5052,0.2567
2026-08-29T02:35:52Z,2026-08-29 02:35:38,SPXW,2026-09-02,P,7730.0,7711.7598,38.5,7.0,38.8,5.0,38.34,316.0,87.0,0.0766,-0.5915,0.0056,-2.8351,3.5053,-0.378
2026-08-29T02:35:52Z,2026-08-29 02:35:38,SPXW,2026-09-02,C,7735.0,7711.7598,16.6,13.0,16.9,36.0,16.8,248.0,168.0,0.0756,0.3795,0.0056,-2.7423,3.4433,0.2387
2026-08-29T02:35:52Z,2026-08-29 02:35:38,SPXW,2026-09-02,P,7735.0,7711.7598,41.3,6.0,41.6,4.0,41.0,223.0,34.0,0.0759,-0.6204,0.0056,-2.7423,3.4433,-0.3964
2026-08-29T02:35:52Z,2026-08-29 02:35:38,SPXW,2026-09-02,C,7740.0,7711.7598,14.7,8.0,14.9,34.0,14.8,462.0,95.0,0.0748,0.3507,0.0055,-2.6344,3.3629,0.2204
2026-08-29T02:35:52Z,2026-08-29 02:35:38,SPXW,2026-09-02,P,7740.0,7711.7598,44.4,4.0,44.7,3.0,44.75,383.0,120.0,0.075,-0.6492,0.0055,-2.6343,3.3629,-0.4152
2026-08-29T02:35:52Z,2026-08-29 02:35:38,SPXW,2026-09-02,C,7745.0,7711.7598,12.9,8.0,13.1,36.0,12.95,434.0,130.0,0.0741,0.3223,0.0053,-2.5121,3.2659,0.2026
2026-08-29T02:35:52Z,2026-08-29 02:35:38,SPXW,2026-09-02,P,7745.0,7711.7598,47.6,3.0,47.9,3.0,49.21,247.0,28.0,0.0743,-0.6776,0.0053,-2.5121,3.2659,-0.4334
2026-08-29T02:35:52Z,2026-08-29 02:35:38,SPXW,2026-09-02,C,7750.0,7711.7598,11.2,23.0,11.4,37.0,11.37,771.0,1311.0,0.0732,0.2943,0.0052,-2.3774,3.1532,0.1849
2026-08-29T02:35:52Z,2026-08-29 02:35:38,SPXW,2026-09-02,P,7750.0,7711.7598,49.3,2.0,52.8,2.0,50.7,425.0,591.0,0.0746,-0.7056,0.0052,-2.3774,3.1532,-0.4515
2026-08-29T02:35:52Z,2026-08-29 02:35:38,SPXW,2026-09-02,C,7755.0,7711.7598,9.7,23.0,9.9,33.0,10.0,293.0,260.0,0.0727,0.267,0.005,-2.2319,3.0237,0.1677
2026-08-29T02:35:52Z,2026-08-29 02:35:38,SPXW,2026-09-02,P,7755.0,7711.7598,52.8,1.0,56.3,1.0,54.56,143.0,53.0,0.0764,-0.7329,0.005,-2.2319,3.0237,-0.4691
2026-08-29T02:35:52Z,2026-08-29 02:35:38,SPXW,2026-09-02,C,7760.0,7711.7598,8.3,50.0,8.6,41.0,8.52,476.0,200.0,0.0719,0.2407,0.0048,-2.0777,2.8825,0.1511
2026-08-29T02:35:52Z,2026-08-29 02:35:38,SPXW,2026-09-02,P,7760.0,7711.7598,53.3,3.0,62.1,2.0,54.19,125.0,51.0,0.0757,-0.7592,0.0048,-2.0777,2.8825,-0.4861
2026-08-29T02:35:52Z,2026-08-29 02:35:38,SPXW,2026-09-02,C,7765.0,7711.7598,7.1,51.0,7.4,41.0,7.4,299.0,143.0,0.0713,0.2154,0.0045,-1.917,2.7271,0.135
2026-08-29T02:35:52Z,2026-08-29 02:35:38,SPXW,2026-09-02,P,7765.0,7711.7598,57.5,3.0,65.6,1.0,61.3,184.0,135.0,0.076,-0.7845,0.0045,-1.917,2.7271,-0.5025
2026-08-29T02:35:52Z,2026-08-29 02:35:38,SPXW,2026-09-02,C,7770.0,7711.7598,6.1,18.0,6.3,42.0,6.3,624.0,184.0,0.0709,0.1913,0.0043,-1.7525,2.563,0.12
2026-08-29T02:35:52Z,2026-08-29 02:35:38,SPXW,2026-09-02,P,7770.0,7711.7598,61.2,4.0,69.8,2.0,66.3,134.0,51.0,0.0761,-0.8086,0.0043,-1.7525,2.563,-0.518
2026-08-29T02:35:52Z,2026-08-29 02:35:38,SPXW,2026-09-02,C,7775.0,7711.7598,5.1,53.0,5.3,41.0,5.28,671.0,737.0,0.0702,0.1686,0.004,-1.5866,2.3901,0.1055
2026-08-29T02:35:52Z,2026-08-29 02:35:38,SPXW,2026-09-02,P,7775.0,7711.7598,65.5,1.0,73.6,1.0,69.86,65.0,41.0,0.0758,-0.8313,0.004,-1.5866,2.3901,-0.5329
2026-08-29T02:35:52Z,2026-08-29 02:35:38,SPXW,2026-09-02,C,7780.0,7711.7598,4.3,23.0,4.5,46.0,4.5,770.0,374.0,0.0696,0.1473,0.0037,-1.422,2.2119,0.0922
2026-08-29T02:35:52Z,2026-08-29 02:35:38,SPXW,2026-09-02,P,7780.0,7711.7598,69.6,1.0,77.7,1.0,69.38,62.0,25.0,0.0759,-0.8526,0.0037,-1.422,2.2119,-0.5466
2026-08-29T02:35:52Z,2026-08-29 02:35:38,SPXW,2026-09-02,C,7785.0,7711.7598,3.6,27.0,3.8,60.0,3.7,348.0,262.0,0.069,0.1277,0.0034,-1.2615,2.0309,0.0798
2026-08-29T02:35:52Z,2026-08-29 02:35:38,SPXW,2026-09-02,P,7785.0,7711.7598,73.9,1.0,82.0,1.0,75.08,150.0,136.0,0.0766,-0.8722,0.0034,-1.2615,2.0309,-0.5595
2026-08-29T02:35:52Z,2026-08-29 02:35:38,SPXW,2026-09-02,C,7790.0,7711.7598,2.95,75.0,3.1,50.0,3.15,934.0,145.0,0.0683,0.1097,0.003,-1.1075,1.8494,0.0686
2026-08-29T02:35:52Z,2026-08-29 02:35:38,SPXW,2026-09-02,P,7790.0,7711.7598,78.3,1.0,86.2,1.0,80.35,106.0,18.0,0.0761,-0.8902,0.003,-1.1075,1.8494,-0.5711
2026-08-29T02:35:52Z,2026-08-29 02:35:38,SPXW,2026-09-02,C,7795.0,7711.7598,2.45,33.0,2.6,74.0,2.55,1134.0,136.0,0.0681,0.0935,0.0027,-0.9627,1.6712,0.0583
2026-08-29T02:35:52Z,2026-08-29 02:35:38,SPXW,2026-09-02,P,7795.0,7711.7598,82.7,1.0,90.8,1.0,87.44,19.0,6.0,0.0763,-0.9064,0.0027,-0.9627,1.6711,-0.5818
2026-08-29T02:35:52Z,2026-08-29 02:35:38,SPXW,2026-09-02,C,7800.0,7711.7598,2.05,1.0,2.1,25.0,2.12,1538.0,1172.0,0.0676,0.079,0.0024,-0.829,1.4984,0.0493
2026-08-29T02:35:52Z,2026-08-29 02:35:38,SPXW,2026-09-02,P,7800.0,7711.7598,87.3,1.0,95.4,2.0,90.86,95.0,84.0,0.077,-0.9209,0.0024,-0.829,1.4984,-0.5912
2026-08-29T02:35:52Z,2026-08-29 02:35:38,SPXW,2026-09-02,C,7805.0,7711.7598,1.65,13.0,1.8,89.0,1.75,513.0,413.0,0.0675,0.0664,0.0021,-0.7082,1.3343,0.0413
2026-08-29T02:35:52Z,2026-08-29 02:35:38,SPXW,2026-09-02,P,7805.0,7711.7598,91.6,3.0,100.7,3.0,53.0,27.0,7.0,0.0776,-0.9335,0.0021,-0.7082,1.3343,-0.5996
2026-08-29T02:35:52Z,2026-08-29 02:35:38,SPXW,2026-09-02,C,7810.0,7711.7598,1.3,66.0,1.45,99.0,1.45,1034.0,477.0,0.0671,0.0555,0.0019,-0.601,1.1813,0.0345
2026-08-29T02:35:52Z,2026-08-29 02:35:38,SPXW,2026-09-02,P,7810.0,7711.7598,97.4,1.0,104.5,1.0,100.01,69.0,18.0,0.0783,-0.9444,0.0019,-0.601,1.1813,-0.6068
2026-08-29T02:35:52Z,2026-08-29 02:35:38,SPXW,2026-09-02,C,7815.0,7711.7598,1.05,36.0,1.2,98.0,1.15,738.0,1903.0,0.0666,0.0462,0.0016,-0.5078,1.0406,0.0286
2026-08-29T02:35:52Z,2026-08-29 02:35:38,SPXW,2026-09-02,P,7815.0,7711.7598,101.0,3.0,109.3,1.0,144.76,0.0,10.0,0.0795,-0.9537,0.0016,-0.5078,1.0406,-0.6131
2026-08-29T02:35:52Z,2026-08-29 02:35:38,SPXW,2026-09-02,C,7820.0,7711.7598,0.85,38.0,1.0,107.0,0.95,1273.0,1434.0,0.0668,0.0384,0.0014,-0.428,0.9141,0.0238
2026-08-29T02:35:52Z,2026-08-29 02:35:38,SPXW,2026-09-02,P,7820.0,7711.7598,105.8,3.0,114.9,3.0,114.34,48.0,19.0,0.0805,-0.9615,0.0014,-0.428,0.9141,-0.6183
2026-08-29T02:35:52Z,2026-08-29 02:35:38,SPXW,2026-09-02,C,7825.0,7711.7598,0.7,44.0,0.8,82.0,0.75,520.0,911.0,0.0664,0.0319,0.0012,-0.3606,0.801,0.0197
2026-08-29T02:35:52Z,2026-08-29 02:35:38,SPXW,2026-09-02,P,7825.0,7711.7598,108.1,3.0,122.0,1.0,119.11,27.0,60.0,0.0822,-0.968,0.0012,-0.3606,0.801,-0.6228
2026-08-29T02:35:52Z,2026-08-29 02:35:38,SPXW,2026-09-02,C,7830.0,7711.7598,0.55,104.0,0.7,158.0,0.65,885.0,281.0,0.0664,0.0266,0.001,-0.3044,0.7021,0.0164
2026-08-29T02:35:52Z,2026-08-29 02:35:38,SPXW,2026-09-02,P,7830.0,7711.7598,113.3,3.0,126.9,2.0,119.62,13.0,16.0,0.0837,-0.9733,0.001,-0.3044,0.7021,-0.6265
2026-08-29T02:35:52Z,2026-08-29 02:35:38,SPXW,2026-09-02,C,7835.0,7711.7598,0.45,51.0,0.55,119.0,0.55,1336.0,212.0,0.0662,0.0222,0.0009,-0.258,0.6158,0.0137
2026-08-29T02:35:52Z,2026-08-29 02:35:38,SPXW,2026-09-02,P,7835.0,7711.7598,118.3,1.0,130.8,1.0,119.49,1.0,1.0,0.0855,-0.9777,0.0009,-0.258,0.6158,-0.6296
2026-08-29T02:35:52Z,2026-08-29 02:35:38,SPXW,2026-09-02,C,7840.0,7711.7598,0.35,171.0,0.5,177.0,0.4,338.0,501.0,0.0668,0.0187,0.0008,-0.2199,0.5413,0.0115
2026-08-29T02:35:52Z,2026-08-29 02:35:38,SPXW,2026-09-02,P,7840.0,7711.7598,123.2,1.0,135.7,1.0,128.35,9.0,4.0,0.0873,-0.9812,0.0008,-0.2199,0.5413,-0.6322
2026-08-29T02:35:52Z,2026-08-29 02:35:38,SPXW,2026-09-02,C,7845.0,7711.7598,0.3,49.0,0.4,175.0,0.37,342.0,278.0,0.067,0.0158,0.0006,-0.1887,0.4777,0.0097
2026-08-29T02:35:52Z,2026-08-29 02:35:38,SPXW,2026-09-02,P,7845.0,7711.7598,127.2,1.0,140.9,1.0,95.0,29.0,1.0,0.09,-0.9841,0.0006,-0.1887,0.4777,-0.6344
2026-08-29T02:35:52Z,2026-08-29 02:35:38,SPXW,2026-09-02,C,7850.0,7711.7598,0.25,51.0,0.35,198.0,0.3,850.0,1372.0,0.0676,0.0135,0.0006,-0.1633,0.4233,0.0083
2026-08-29T02:35:52Z,2026-08-29 02:35:38,SPXW,2026-09-02,P,7850.0,7711.7598,132.6,1.0,146.5,1.0,138.15,23.0,19.0,0.0932,-0.9864,0.0006,-0.1633,0.4233,-0.6363
2026-08-29T02:35:52Z,2026-08-29 02:35:38,SPXW,2026-09-02,C,7855.0,7711.7598,0.2,169.0,0.3,202.0,0.25,314.0,589.0,0.0679,0.0116,0.0005,-0.1426,0.3771,0.0071
2026-08-29T02:35:52Z,2026-08-29 02:35:38,SPXW,2026-09-02,P,7855.0,7711.7598,137.3,1.0,151.5,1.0,0.0,0.0,0.0,0.0938,-0.9883,0.0005,-0.1426,0.3771,-0.6378
2026-08-29T02:35:52Z,2026-08-29 02:35:38,SPXW,2026-09-02,C,7860.0,7711.7598,0.15,204.0,0.25,158.0,0.2,290.0,758.0,0.0689,0.0101,0.0004,-0.1259,0.3381,0.0062
2026-08-29T02:35:52Z,2026-08-29 02:35:38,SPXW,2026-09-02,P,7860.0,7711.7598,142.7,1.0,155.5,1.0,115.28,1.0,3.0,0.0959,-0.9898,0.0004,-0.1259,0.3381,-0.6392
2026-08-29T02:35:52Z,2026-08-29 02:35:38,SPXW,2026-09-02,C,7865.0,7711.7598,0.1,468.0,0.25,236.0,0.15,1085.0,136.0,0.0698,0.0089,0.0004,-0.1123,0.3051,0.0054
2026-08-29T02:35:52Z,2026-08-29 02:35:38,SPXW,2026-09-02,P,7865.0,7711.7598,147.5,1.0,161.2,1.0,0.0,0.0,0.0,0.0979,-0.991,0.0004,-0.1123,0.3051,-0.6404
2026-08-29T02:35:52Z,2026-08-29 02:35:38,SPXW,2026-09-02,C,7870.0,7711.7598,0.1,228.0,0.2,213.0,0.15,1081.0,528.0,0.0705,0.0079,0.0003,-0.1013,0.2772,0.0048
2026-08-29T02:35:52Z,2026-08-29 02:35:38,SPXW,2026-09-02,P,7870.0,7711.7598,152.2,1.0,166.1,1.0,191.15,0.0,1.0,0.1005,-0.992,0.0003,-0.1013,0.2772,-0.6414
2026-08-29T02:35:52Z,2026-08-29 02:35:38,SPXW,2026-09-02,C,7875.0,7711.7598,0.1,162.0,0.15,3.0,0.1,1577.0,1140.0,0.071,0.0071,0.0003,-0.0925,0.2537,0.0043
2026-08-29T02:35:52Z,2026-08-29 02:35:38,SPXW,2026-09-02,P,7875.0,7711.7598,157.1,1.0,171.1,1.0,191.29,0.0,18.0,0.1024,-0.9928,0.0003,-0.0925,0.2537,-0.6423
2026-08-29T02:35:52Z,2026-08-29 02:35:38,SPXW,2026-09-02,C,7880.0,7711.7598,0.1,4.0,0.15,16.0,0.1,380.0,629.0,0.0729,0.0064,0.0003,-0.0853,0.2338,0.0039
2026-08-29T02:35:52Z,2026-08-29 02:35:38,SPXW,2026-09-02,P,7880.0,7711.7598,162.8,1.0,176.5,1.0,0.0,0.0,0.0,0.105,-0.9935,0.0003,-0.0853,0.2338,-0.6431
2026-08-29T02:35:52Z,2026-08-29 02:35:38,SPXW,2026-09-02,C,7885.0,7711.7598,0.05,659.0,0.15,137.0,0.1,284.0,404.0,0.0731,0.0059,0.0002,-0.0794,0.2168,0.0036
2026-08-29T02:35:52Z,2026-08-29 02:35:38,SPXW,2026-09-02,P,7885.0,7711.7598,167.9,1.0,180.4,1.0,0.0,0.0,0.0,0.1076,-0.994,0.0002,-0.0795,0.2171,-0.6439
2026-08-29T02:35:52Z,2026-08-29 02:35:38,SPXW,2026-09-02,C,7890.0,7711.7598,0.05,525.0,0.15,278.0,0.05,267.0,463.0,0.075,0.0054,0.0002,-0.0747,0.2023,0.0033
2026-08-29T02:35:52Z,2026-08-29 02:35:38,SPXW,2026-09-02,P,7890.0,7711.7598,172.9,1.0,186.6,1.0,0.0,0.0,0.0,0.1101,-0.9945,0.0002,-0.0748,0.2028,-0.6446
2026-08-29T02:35:52Z,2026-08-29 02:35:38,SPXW,2026-09-02,C,7895.0,7711.7598,0.05,535.0,0.15,310.0,0.05,152.0,275.0,0.0745,0.0051,0.0002,-0.071,0.1906,0.0031
2026-08-29T02:35:52Z,2026-08-29 02:35:38,SPXW,2026-09-02,P,7895.0,7711.7598,176.9,1.0,190.8,1.0,0.0,0.0,0.0,0.1126,-0.9948,0.0002,-0.071,0.1905,-0.6452
2026-08-29T02:35:52Z,2026-08-29 02:35:38,SPXW,2026-09-02,C,7900.0,7711.7598,0.05,353.0,0.1,6.0,0.1,649.0,1638.0,0.0786,0.0048,0.0002,-0.0678,0.18,0.0029
2026-08-29T02:35:52Z,2026-08-29 02:35:38,SPXW,2026-09-02,P,7900.0,7711.7598,182.9,1.0,195.4,1.0,190.43,1.0,15.0,0.1151,-0.9952,0.0002,-0.0678,0.18,-0.6458
2026-08-29T02:35:52Z,2026-08-29 02:35:38,SPXW,2026-09-02,C,7905.0,7711.7598,0.05,347.0,0.1,6.0,0.05,177.0,109.0,0.0781,0.0045,0.0002,-0.0653,0.1709,0.0027
2026-08-29T02:35:52Z,2026-08-29 02:35:38,SPXW,2026-09-02,P,7905.0,7711.7598,187.4,1.0,201.3,1.0,0.0,0.0,0.0,0.1176,-0.9954,0.0002,-0.0653,0.1709,-0.6464
2026-08-29T02:35:52Z,2026-08-29 02:35:38,SPXW,2026-09-02,C,7910.0,7711.7598,0.05,346.0,0.1,5.0,0.1,108.0,410.0,0.0824,0.0043,0.0002,-0.0632,0.1626,0.0026
2026-08-29T02:35:52Z,2026-08-29 02:35:38,SPXW,2026-09-02,P,7910.0,7711.7598,192.9,1.0,205.4,1.0,0.0,0.0,0.0,0.1202,-0.9956,0.0002,-0.0632,0.1629,-0.6469
2026-08-29T02:35:52Z,2026-08-29 02:35:38,SPXW,2026-09-02,C,7915.0,7711.7598,0.05,288.0,0.15,288.0,0.1,43.0,0.0,0.0843,0.0041,0.0002,-0.0615,0.1557,0.0025
2026-08-29T02:35:52Z,2026-08-29 02:35:38,SPXW,2026-09-02,P,7915.0,7711.7598,197.9,1.0,211.1,1.0,0.0,0.0,0.0,0.1226,-0.9958,0.0002,-0.0615,0.156,-0.6474
2026-08-29T02:35:52Z,2026-08-29 02:35:38,SPXW,2026-09-02,C,7920.0,7711.7598,0.05,302.0,0.1,164.0,0.05,141.0,298.0,0.0836,0.0039,0.0001,-0.0601,0.1496,0.0024
2026-08-29T02:35:52Z,2026-08-29 02:35:38,SPXW,2026-09-02,P,7920.0,7711.7598,202.9,1.0,216.1,1.0,238.32,0.0,1.0,0.1251,-0.996,0.0001,-0.0601,0.1498,-0.6479
2026-08-29T02:35:52Z,2026-08-29 02:35:38,SPXW,2026-09-02,C,7925.0,7711.7598,0.05,243.0,0.15,519.0,0.11,211.0,432.0,0.088,0.0038,0.0001,-0.0589,0.144,0.0023
2026-08-29T02:35:52Z,2026-08-29 02:35:38,SPXW,2026-09-02,P,7925.0,7711.7598,207.9,1.0,221.4,1.0,215.38,1.0,132.0,0.1113,-0.9962,0.0001,-0.059,0.1442,-0.6484
2026-08-29T02:35:52Z,2026-08-29 02:35:38,SPXW,2026-09-02,C,7930.0,7711.7598,0.05,242.0,0.1,169.0,0.1,145.0,326.0,0.0897,0.0036,0.0001,-0.058,0.1393,0.0022
2026-08-29T02:35:52Z,2026-08-29 02:35:38,SPXW,2026-09-02,P,7930.0,7711.7598,209.5,1.0,226.4,1.0,0.0,0.0,0.0,0.1293,-0.9963,0.0001,-0.058,0.1393,-0.6489
2026-08-29T02:35:52Z,2026-08-29 02:35:38,SPXW,2026-09-02,C,7935.0,7711.7598,0.05,163.0,0.1,170.0,0.2,20.0,0.0,0.0915,0.0035,0.0001,-0.0571,0.1347,0.0021
2026-08-29T02:35:52Z,2026-08-29 02:35:38,SPXW,2026-09-02,P,7935.0,7711.7598,214.2,1.0,234.1,1.0,0.0,0.0,0.0,0.1318,-0.9964,0.0001,-0.0571,0.1347,-0.6494
2026-08-29T02:35:52Z,2026-08-29 02:35:38,SPXW,2026-09-02,C,7940.0,7711.7598,0.05,181.0,0.1,222.0,0.05,92.0,567.0,0.0907,0.0034,0.0001,-0.0564,0.1306,0.0021
2026-08-29T02:35:52Z,2026-08-29 02:35:38,SPXW,2026-09-02,P,7940.0,7711.7598,219.2,1.0,236.4,1.0,255.5,0.0,3.0,0.1342,-0.9965,0.0001,-0.0564,0.1305,-0.6499
2026-08-29T02:35:52Z,2026-08-29 02:35:38,SPXW,2026-09-02,C,7945.0,7711.7598,0.05,162.0,0.1,171.0,0.0,0.0,0.0,0.0952,0.0033,0.0001,-0.0558,0.1267,0.002
2026-08-29T02:35:52Z,2026-08-29 02:35:38,SPXW,2026-09-02,P,7945.0,7711.7598,224.2,1.0,244.2,1.0,0.0,0.0,0.0,0.1366,-0.9966,0.0001,-0.0558,0.1267,-0.6504
2026-08-29T02:35:52Z,2026-08-29 02:35:38,SPXW,2026-09-02,C,7950.0,7711.7598,0.05,180.0,0.1,208.0,0.11,38.0,611.0,0.097,0.0032,0.0001,-0.0552,0.123,0.0019
2026-08-29T02:35:52Z,2026-08-29 02:35:38,SPXW,2026-09-02,P,7950.0,7711.7598,229.2,1.0,246.6,1.0,209.56,0.0,2.0,0.139,-0.9967,0.0001,-0.0553,0.1231,-0.6508
2026-08-29T02:35:52Z,2026-08-29 02:35:38,SPXW,2026-09-02,C,7955.0,7711.7598,0.05,157.0,0.1,172.0,0.0,0.0,0.0,0.0988,0.0031,0.0001,-0.0548,0.1198,0.0019
2026-08-29T02:35:52Z,2026-08-29 02:35:38,SPXW,2026-09-02,P,7955.0,7711.7598,234.2,1.0,254.1,1.0,0.0,0.0,0.0,0.1415,-0.9968,0.0001,-0.0548,0.1198,-0.6513
2026-08-29T02:35:52Z,2026-08-29 02:35:38,SPXW,2026-09-02,C,7960.0,7711.7598,0.05,157.0,0.1,209.0,0.1,30.0,207.0,0.1007,0.0031,0.0001,-0.0544,0.1166,0.0018
2026-08-29T02:35:52Z,2026-08-29 02:35:38,SPXW,2026-09-02,P,7960.0,7711.7598,239.2,1.0,256.4,1.0,0.0,0.0,0.0,0.1439,-0.9968,0.0001,-0.0544,0.1166,-0.6518
2026-08-29T02:35:52Z,2026-08-29 02:35:38,SPXW,2026-09-02,C,7970.0,7711.7598,0.05,157.0,0.1,278.0,0.1,34.0,241.0,0.1014,0.0029,0.0001,-0.0536,0.1108,0.0018
2026-08-29T02:35:52Z,2026-08-29 02:35:38,SPXW,2026-09-02,P,7970.0,7711.7598,249.2,1.0,266.4,1.0,0.0,0.0,0.0,0.17,-0.997,0.0001,-0.0536,0.1109,-0.6527
2026-08-29T02:35:52Z,2026-08-29 02:35:38,SPXW,2026-09-02,C,7975.0,7711.7598,0.05,176.0,0.1,280.0,0.2,0.0,541.0,0.1031,0.0029,0.0001,-0.0533,0.1082,0.0017
2026-08-29T02:35:52Z,2026-08-29 02:35:38,SPXW,2026-09-02,P,7975.0,7711.7598,254.2,1.0,271.6,1.0,0.0,0.0,0.0,0.1726,-0.9971,0.0001,-0.0533,0.1083,-0.6531
2026-08-29T02:35:52Z,2026-08-29 02:35:38,SPXW,2026-09-02,C,7980.0,7711.7598,0.05,157.0,0.1,281.0,0.1,33.0,3.0,0.1049,0.0028,0.0001,-0.053,0.1058,0.0017
2026-08-29T02:35:52Z,2026-08-29 02:35:38,SPXW,2026-09-02,P,7980.0,7711.7598,259.2,1.0,276.4,1.0,0.0,0.0,0.0,0.1752,-0.9971,0.0001,-0.053,0.1058,-0.6536
2026-08-29T02:35:52Z,2026-08-29 02:35:38,SPXW,2026-09-02,C,7990.0,7711.7598,0.05,157.0,0.1,248.0,0.2,10.0,0.0,0.1083,0.0027,0.0001,-0.0525,0.1011,0.0016
2026-08-29T02:35:52Z,2026-08-29 02:35:38,SPXW,2026-09-02,P,7990.0,7711.7598,269.2,1.0,289.2,1.0,0.0,0.0,0.0,0.1804,-0.9972,0.0001,-0.0525,0.1012,-0.6544
2026-08-29T02:35:52Z,2026-08-29 02:35:38,SPXW,2026-09-02,C,8000.0,7711.7598,0.05,157.0,0.1,297.0,0.05,137.0,3010.0,0.1118,0.0026,0.0001,-0.052,0.0969,0.0016
2026-08-29T02:35:52Z,2026-08-29 02:35:38,SPXW,2026-09-02,P,8000.0,7711.7598,279.2,1.0,296.5,1.0,326.37,0.0,1.0,0.1844,-0.9973,0.0001,-0.052,0.097,-0.6553
2026-08-29T02:35:52Z,2026-08-29 02:35:38,SPXW,2026-09-02,C,8010.0,7711.7598,0.05,157.0,0.1,253.0,0.0,0.0,0.0,0.1153,0.0025,0.0001,-0.0515,0.0931,0.0015
2026-08-29T02:35:52Z,2026-08-29 02:35:38,SPXW,2026-09-02,P,8010.0,7711.7598,289.2,1.0,309.2,1.0,0.0,0.0,0.0,0.1895,-0.9974,0.0001,-0.0516,0.0931,-0.6562
2026-08-29T02:35:52Z,2026-08-29 02:35:38,SPXW,2026-09-02,C,8020.0,7711.7598,0.05,157.0,0.1,255.0,0.0,0.0,0.0,0.1187,0.0024,0.0001,-0.0511,0.0895,0.0014
2026-08-29T02:35:52Z,2026-08-29 02:35:38,SPXW,2026-09-02,P,8020.0,7711.7598,299.2,1.0,319.2,1.0,0.0,0.0,0.0,0.1945,-0.9975,0.0001,-0.0511,0.0895,-0.6571
2026-08-29T02:35:52Z,2026-08-29 02:35:38,SPXW,2026-09-02,C,8025.0,7711.7598,0.05,152.0,0.1,287.0,0.1,0.0,123.0,0.1161,0.0024,0.0001,-0.0509,0.0878,0.0014
2026-08-29T02:35:52Z,2026-08-29 02:35:38,SPXW,2026-09-02,P,8025.0,7711.7598,304.7,1.0,325.2,1.0,0.0,0.0,0.0,0.1971,-0.9976,0.0001,-0.0509,0.0878,-0.6575
2026-08-29T02:35:52Z,2026-08-29 02:35:38,SPXW,2026-09-02,C,8030.0,7711.7598,0.05,157.0,0.1,257.0,0.09,1.0,0.0,0.1177,0.0023,0.0001,-0.0507,0.0862,0.0014
2026-08-29T02:35:52Z,2026-08-29 02:35:38,SPXW,2026-09-02,P,8030.0,7711.7598,309.2,1.0,329.2,1.0,0.0,0.0,0.0,0.1996,-0.9976,0.0001,-0.0507,0.0862,-0.658
2026-08-29T02:35:52Z,2026-08-29 02:35:38,SPXW,2026-09-02,C,8050.0,7711.7598,0.05,152.0,0.1,292.0,0.08,7.0,175.0,0.1244,0.0022,0.0001,-0.05,0.0801,0.0013
2026-08-29T02:35:52Z,2026-08-29 02:35:38,SPXW,2026-09-02,P,8050.0,7711.7598,329.2,1.0,349.7,1.0,0.0,0.0,0.0,0.2096,-0.9978,0.0001,-0.05,0.0802,-0.6597
2026-08-29T02:35:52Z,2026-08-29 02:35:38,SPXW,2026-09-02,C,8075.0,7711.7598,0.0,0.0,0.1,303.0,0.2,0.0,200.0,0.1326,0.002,0.0,-0.0491,0.0736,0.0012
2026-08-29T02:35:52Z,2026-08-29 02:35:38,SPXW,2026-09-02,P,8075.0,7711.7598,354.2,1.0,371.5,1.0,314.85,2.0,0.0,0.222,-0.9979,0.0,-0.0491,0.0737,-0.6618
2026-08-29T02:35:52Z,2026-08-29 02:35:38,SPXW,2026-09-02,C,8100.0,7711.7598,0.0,0.0,0.1,334.0,0.15,0.0,286.0,0.1406,0.0019,0.0,-0.0482,0.068,0.0011
2026-08-29T02:35:52Z,2026-08-29 02:35:38,SPXW,2026-09-02,P,8100.0,7711.7598,379.7,1.0,400.2,1.0,0.0,0.0,0.0,0.2342,-0.998,0.0,-0.0482,0.068,-0.664
2026-08-29T02:35:52Z,2026-08-29 02:35:38,SPXW,2026-09-02,C,8125.0,7711.7598,0.0,0.0,0.1,317.0,0.2,0.0,7.0,0.1491,0.0017,0.0,-0.0471,0.0627,0.001
2026-08-29T02:35:52Z,2026-08-29 02:35:38,SPXW,2026-09-02,P,8125.0,7711.7598,404.2,1.0,421.3,1.0,0.0,0.0,0.0,0.2463,-0.9982,0.0,-0.0474,0.0631,-0.6661
2026-08-29T02:35:52Z,2026-08-29 02:35:38,SPXW,2026-09-02,C,8150.0,7711.7598,0.0,0.0,0.1,456.0,0.05,1.0,8.0,0.1571,0.0016,0.0,-0.0462,0.0584,0.001
2026-08-29T02:35:52Z,2026-08-29 02:35:38,SPXW,2026-09-02,P,8150.0,7711.7598,429.2,1.0,446.3,1.0,0.0,0.0,0.0,0.2583,-0.9983,0.0,-0.0465,0.0588,-0.6682
2026-08-29T02:35:52Z,2026-08-29 02:35:38,SPXW,2026-09-02,C,8175.0,7711.7598,0.0,0.0,0.1,446.0,0.92,0.0,5.0,0.165,0.0015,0.0,-0.0454,0.0546,0.0009
2026-08-29T02:35:52Z,2026-08-29 02:35:38,SPXW,2026-09-02,P,8175.0,7711.7598,454.2,1.0,471.5,1.0,502.22,0.0,1.0,0.2702,-0.9984,0.0,-0.0457,0.055,-0.6703
2026-08-29T02:35:52Z,2026-08-29 02:35:38,SPXW,2026-09-02,C,8200.0,7711.7598,0.0,0.0,0.1,461.0,0.05,12.0,25.0,0.1728,0.0014,0.0,-0.0446,0.0512,0.0008
2026-08-29T02:35:52Z,2026-08-29 02:35:38,SPXW,2026-09-02,P,8200.0,7711.7598,479.4,1.0,496.3,1.0,0.0,0.0,0.0,0.2819,-0.9985,0.0,-0.0449,0.0515,-0.6724
2026-08-29T02:35:52Z,2026-08-29 02:35:38,SPXW,2026-09-02,C,8225.0,7711.7598,0.0,0.0,0.1,338.0,0.1,133.0,70.0,0.1805,0.0013,0.0,-0.0438,0.0482,0.0008
2026-08-29T02:35:52Z,2026-08-29 02:35:38,SPXW,2026-09-02,P,8225.0,7711.7598,503.9,1.0,521.3,1.0,0.0,0.0,0.0,0.292,-0.9986,0.0,-0.0441,0.0484,-0.6746
2026-08-29T02:35:52Z,2026-08-29 02:35:38,SPXW,2026-09-02,C,8250.0,7711.7598,0.0,0.0,0.1,378.0,0.15,0.0,60.0,0.1883,0.0013,0.0,-0.043,0.0454,0.0008
2026-08-29T02:35:52Z,2026-08-29 02:35:38,SPXW,2026-09-02,P,8250.0,7711.7598,529.1,1.0,546.3,1.0,0.0,0.0,0.0,0.3035,-0.9986,0.0,-0.0433,0.0456,-0.6766
2026-08-29T02:35:52Z,2026-08-29 02:35:38,SPXW,2026-09-02,C,8275.0,7711.7598,0.0,0.0,0.1,380.0,0.15,0.0,7.0,0.1961,0.0012,0.0,-0.0422,0.0428,0.0007
2026-08-29T02:35:52Z,2026-08-29 02:35:38,SPXW,2026-09-02,P,8275.0,7711.7598,554.1,1.0,571.2,1.0,0.0,0.0,0.0,0.3149,-0.9987,0.0,-0.0425,0.043,-0.6787
2026-08-29T02:35:52Z,2026-08-29 02:35:38,SPXW,2026-09-02,C,8300.0,7711.7598,0.0,0.0,0.1,385.0,0.15,0.0,66.0,0.2038,0.0011,0.0,-0.0414,0.0405,0.0007
2026-08-29T02:35:52Z,2026-08-29 02:35:38,SPXW,2026-09-02,P,8300.0,7711.7598,579.1,1.0,596.4,1.0,0.0,0.0,0.0,0.3262,-0.9988,0.0,-0.0417,0.0407,-0.6808
2026-08-29T02:35:52Z,2026-08-29 02:35:38,SPXW,2026-09-02,C,8325.0,7711.7598,0.0,0.0,0.1,389.0,0.15,0.0,1.0,0.2114,0.0011,0.0,-0.0407,0.0384,0.0006
2026-08-29T02:35:52Z,2026-08-29 02:35:38,SPXW,2026-09-02,P,8325.0,7711.7598,604.1,1.0,621.2,1.0,0.0,0.0,0.0,0.3375,-0.9988,0.0,-0.0409,0.0386,-0.6829
2026-08-29T02:35:52Z,2026-08-29 02:35:38,SPXW,2026-09-02,C,8400.0,7711.7598,0.0,0.0,0.1,323.0,0.1,0.0,15.0,0.2341,0.0009,0.0,-0.0384,0.0329,0.0006
2026-08-29T02:35:52Z,2026-08-29 02:35:38,SPXW,2026-09-02,P,8400.0,7711.7598,679.3,1.0,699.0,1.0,0.0,0.0,0.0,0.3707,-0.999,0.0,-0.0386,0.0331,-0.6892
2026-08-29T02:35:52Z,2026-08-29 02:35:38,SPXW,2026-09-03,C,6950.0,7711.7598,753.8,1.0,771.0,1.0,0.0,0.0,0.0,0.0,0.9966,0.0,-0.1789,0.105,0.7582
2026-08-29T02:35:52Z,2026-08-29 02:35:38,SPXW,2026-09-03,P,6950.0,7711.7598,0.25,159.0,0.35,211.0,0.25,38.0,130.0,0.3033,-0.0032,0.0,-0.1789,0.105,-0.0027
2026-08-29T02:35:52Z,2026-08-29 02:35:38,SPXW,2026-09-03,C,6975.0,7711.7598,728.9,1.0,745.5,1.0,0.0,0.0,0.0,0.0,0.9964,0.0,-0.185,0.1113,0.7607
2026-08-29T02:35:52Z,2026-08-29 02:35:38,SPXW,2026-09-03,P,6975.0,7711.7598,0.25,185.0,0.35,98.0,0.25,1106.0,95.0,0.2939,-0.0035,0.0,-0.1851,0.1113,-0.0028
2026-08-29T02:35:52Z,2026-08-29 02:35:38,SPXW,2026-09-03,C,7000.0,7711.7598,700.3,1.0,720.8,1.0,814.75,0.0,1.0,0.0,0.9962,0.0,-0.1916,0.1181,0.7633
2026-08-29T02:35:52Z,2026-08-29 02:35:38,SPXW,2026-09-03,P,7000.0,7711.7598,0.3,15.0,0.4,324.0,0.3,149.0,67.0,0.2868,-0.0037,0.0,-0.1916,0.1182,-0.003
2026-08-29T02:35:52Z,2026-08-29 02:35:38,SPXW,2026-09-03,C,7025.0,7711.7598,678.9,1.0,696.0,1.0,0.0,0.0,0.0,0.0,0.9959,0.0,-0.1986,0.1256,0.7658
2026-08-29T02:35:52Z,2026-08-29 02:35:38,SPXW,2026-09-03,P,7025.0,7711.7598,0.3,102.0,0.4,297.0,0.3,2.0,89.0,0.2794,-0.004,0.0,-0.1987,0.1257,-0.0032
2026-08-29T02:35:52Z,2026-08-29 02:35:38,SPXW,2026-09-03,C,7050.0,7711.7598,651.8,1.0,671.0,1.0,765.55,0.0,0.0,0.0,0.9957,0.0,-0.2062,0.1339,0.7683
2026-08-29T02:35:52Z,2026-08-29 02:35:38,SPXW,2026-09-03,P,7050.0,7711.7598,0.3,162.0,0.4,95.0,0.3,1.0,94.0,0.2698,-0.0042,0.0,-0.2062,0.1339,-0.0035
2026-08-29T02:35:52Z,2026-08-29 02:35:38,SPXW,2026-09-03,C,7075.0,7711.7598,629.0,1.0,645.6,1.0,0.0,0.0,0.0,0.0,0.9953,0.0,-0.2143,0.1431,0.7708
2026-08-29T02:35:52Z,2026-08-29 02:35:38,SPXW,2026-09-03,P,7075.0,7711.7598,0.35,15.0,0.45,300.0,0.35,5.0,55.0,0.2622,-0.0046,0.0,-0.2144,0.1432,-0.0037
2026-08-29T02:35:52Z,2026-08-29 02:35:38,SPXW,2026-09-03,C,7100.0,7711.7598,604.0,1.0,620.9,1.0,615.0,1.0,3.0,0.0,0.995,0.0001,-0.2231,0.1533,0.7732
2026-08-29T02:35:52Z,2026-08-29 02:35:38,SPXW,2026-09-03,P,7100.0,7711.7598,0.35,153.0,0.45,225.0,0.35,26.0,1126.0,0.2544,-0.0049,0.0001,-0.2232,0.1534,-0.004
2026-08-29T02:35:52Z,2026-08-29 02:35:38,SPXW,2026-09-03,C,7120.0,7711.7598,582.6,1.0,600.8,1.0,0.0,0.0,0.0,0.0,0.9947,0.0001,-0.2308,0.1623,0.7752
2026-08-29T02:35:52Z,2026-08-29 02:35:38,SPXW,2026-09-03,P,7120.0,7711.7598,0.35,169.0,0.5,190.0,0.4,1.0,0.0,0.2467,-0.0052,0.0001,-0.2308,0.1623,-0.0043
2026-08-29T02:35:52Z,2026-08-29 02:35:38,SPXW,2026-09-03,C,7125.0,7711.7598,579.0,1.0,595.9,1.0,587.34,3.0,1.0,0.0,0.9946,0.0001,-0.2327,0.1647,0.7757
2026-08-29T02:35:52Z,2026-08-29 02:35:38,SPXW,2026-09-03,P,7125.0,7711.7598,0.4,15.0,0.5,288.0,0.4,6.0,115.0,0.2463,-0.0053,0.0001,-0.2328,0.1648,-0.0043
2026-08-29T02:35:52Z,2026-08-29 02:35:38,SPXW,2026-09-03,C,7130.0,7711.7598,570.9,1.0,590.9,1.0,0.0,0.0,0.0,0.0,0.9945,0.0001,-0.2348,0.1671,0.7761
2026-08-29T02:35:52Z,2026-08-29 02:35:38,SPXW,2026-09-03,P,7130.0,7711.7598,0.4,110.0,0.5,186.0,0.4,3.0,0.0,0.2444,-0.0054,0.0001,-0.2348,0.1672,-0.0044
2026-08-29T02:35:52Z,2026-08-29 02:35:38,SPXW,2026-09-03,C,7140.0,7711.7598,560.8,1.0,580.8,1.0,0.0,0.0,0.0,0.0,0.9943,0.0001,-0.2389,0.1722,0.7771
2026-08-29T02:35:52Z,2026-08-29 02:35:38,SPXW,2026-09-03,P,7140.0,7711.7598,0.4,112.0,0.5,185.0,0.4,3.0,0.0,0.2405,-0.0056,0.0001,-0.239,0.1722,-0.0046
2026-08-29T02:35:52Z,2026-08-29 02:35:38,SPXW,2026-09-03,C,7150.0,7711.7598,554.1,1.0,570.9,1.0,562.39,3.0,0.0,0.0,0.9942,0.0001,-0.2432,0.1774,0.778
2026-08-29T02:35:52Z,2026-08-29 02:35:38,SPXW,2026-09-03,P,7150.0,7711.7598,0.4,99.0,0.5,212.0,0.45,61.0,440.0,0.2366,-0.0057,0.0001,-0.2433,0.1775,-0.0047
2026-08-29T02:35:52Z,2026-08-29 02:35:38,SPXW,2026-09-03,C,7160.0,7711.7598,542.9,1.0,560.9,1.0,0.0,0.0,0.0,0.0,0.994,0.0001,-0.2477,0.1828,0.779
2026-08-29T02:35:52Z,2026-08-29 02:35:38,SPXW,2026-09-03,P,7160.0,7711.7598,0.4,163.0,0.5,196.0,0.5,52.0,0.0,0.2342,-0.0059,0.0001,-0.2478,0.183,-0.0049
2026-08-29T02:35:52Z,2026-08-29 02:35:38,SPXW,2026-09-03,C,7170.0,7711.7598,531.5,1.0,551.1,1.0,0.0,0.0,0.0,0.0,0.9938,0.0001,-0.2524,0.1886,0.7799
2026-08-29T02:35:52Z,2026-08-29 02:35:38,SPXW,2026-09-03,P,7170.0,7711.7598,0.4,165.0,0.55,190.0,0.52,35.0,0.0,0.2303,-0.0061,0.0001,-0.2525,0.1887,-0.005
2026-08-29T02:35:52Z,2026-08-29 02:35:38,SPXW,2026-09-03,C,7175.0,7711.7598,529.1,1.0,545.9,1.0,515.92,0.0,17.0,0.0,0.9936,0.0001,-0.2548,0.1915,0.7803
2026-08-29T02:35:52Z,2026-08-29 02:35:38,SPXW,2026-09-03,P,7175.0,7711.7598,0.4,153.0,0.55,283.0,0.45,5.0,116.0,0.2284,-0.0062,0.0001,-0.2548,0.1915,-0.0051
2026-08-29T02:35:52Z,2026-08-29 02:35:38,SPXW,2026-09-03,C,7180.0,7711.7598,521.9,1.0,542.0,1.0,0.0,0.0,0.0,0.0,0.9935,0.0001,-0.2573,0.1946,0.7808
2026-08-29T02:35:52Z,2026-08-29 02:35:38,SPXW,2026-09-03,P,7180.0,7711.7598,0.45,15.0,0.55,206.0,0.5,37.0,0.0,0.2278,-0.0064,0.0001,-0.2574,0.1947,-0.0052
2026-08-29T02:35:52Z,2026-08-29 02:35:38,SPXW,2026-09-03,C,7190.0,7711.7598,514.1,1.0,530.9,1.0,0.0,0.0,0.0,0.0,0.9933,0.0001,-0.2623,0.2009,0.7817
2026-08-29T02:35:52Z,2026-08-29 02:35:38,SPXW,2026-09-03,P,7190.0,7711.7598,0.45,97.0,0.55,192.0,0.45,65.0,49.0,0.2239,-0.0066,0.0001,-0.2624,0.201,-0.0054
2026-08-29T02:35:52Z,2026-08-29 02:35:38,SPXW,2026-09-03,C,7200.0,7711.7598,504.2,1.0,520.9,1.0,491.14,0.0,23.0,0.0,0.9931,0.0001,-0.2676,0.2075,0.7826
2026-08-29T02:35:52Z,2026-08-29 02:35:38,SPXW,2026-09-03,P,7200.0,7711.7598,0.45,97.0,0.55,205.0,0.45,1180.0,206.0,0.22,-0.0068,0.0001,-0.2677,0.2077,-0.0056
2026-08-29T02:35:52Z,2026-08-29 02:35:38,SPXW,2026-09-03,C,7210.0,7711.7598,494.0,1.0,510.9,1.0,0.0,0.0,0.0,0.0,0.9928,0.0001,-0.2731,0.2146,0.7835
2026-08-29T02:35:52Z,2026-08-29 02:35:38,SPXW,2026-09-03,P,7210.0,7711.7598,0.45,145.0,0.55,88.0,0.74,0.0,13.0,0.2173,-0.0071,0.0001,-0.2732,0.2147,-0.0058
2026-08-29T02:35:52Z,2026-08-29 02:35:38,SPXW,2026-09-03,C,7220.0,7711.7598,483.7,1.0,501.0,1.0,0.0,0.0,0.0,0.0,0.9925,0.0001,-0.2789,0.222,0.7844
2026-08-29T02:35:52Z,2026-08-29 02:35:38,SPXW,2026-09-03,P,7220.0,7711.7598,0.45,146.0,0.6,193.0,0.5,1.0,10.0,0.2134,-0.0073,0.0001,-0.2789,0.222,-0.006
2026-08-29T02:35:52Z,2026-08-29 02:35:38,SPXW,2026-09-03,C,7225.0,7711.7598,479.2,1.0,495.9,1.0,279.5,0.0,6.0,0.0,0.9924,0.0001,-0.2819,0.2259,0.7848
2026-08-29T02:35:52Z,2026-08-29 02:35:38,SPXW,2026-09-03,P,7225.0,7711.7598,0.5,15.0,0.6,275.0,0.55,6.0,107.0,0.2126,-0.0075,0.0001,-0.282,0.226,-0.0062
2026-08-29T02:35:52Z,2026-08-29 02:35:38,SPXW,2026-09-03,C,7230.0,7711.7598,474.0,1.0,491.0,1.0,0.0,0.0,0.0,0.0,0.9923,0.0001,-0.2849,0.2299,0.7852
2026-08-29T02:35:52Z,2026-08-29 02:35:38,SPXW,2026-09-03,P,7230.0,7711.7598,0.5,95.0,0.6,189.0,0.5,1.0,15.0,0.2106,-0.0076,0.0001,-0.2851,0.23,-0.0063
2026-08-29T02:35:52Z,2026-08-29 02:35:38,SPXW,2026-09-03,C,7240.0,7711.7598,464.2,1.0,481.0,1.0,0.0,0.0,0.0,0.0,0.992,0.0001,-0.2913,0.2382,0.7861
2026-08-29T02:35:52Z,2026-08-29 02:35:38,SPXW,2026-09-03,P,7240.0,7711.7598,0.5,94.0,0.6,183.0,0.5,1.0,51.0,0.2066,-0.0079,0.0001,-0.2914,0.2384,-0.0065
2026-08-29T02:35:52Z,2026-08-29 02:35:38,SPXW,2026-09-03,C,7250.0,7711.7598,454.3,1.0,471.3,1.0,422.56,0.0,23.0,0.0,0.9916,0.0001,-0.2979,0.247,0.7869
2026-08-29T02:35:52Z,2026-08-29 02:35:38,SPXW,2026-09-03,P,7250.0,7711.7598,0.5,140.0,0.6,86.0,0.55,67.0,180.0,0.2038,-0.0083,0.0001,-0.298,0.2472,-0.0068
2026-08-29T02:35:52Z,2026-08-29 02:35:38,SPXW,2026-09-03,C,7260.0,7711.7598,444.3,1.0,461.0,1.0,0.0,0.0,0.0,0.0,0.9913,0.0001,-0.3049,0.2564,0.7877
2026-08-29T02:35:52Z,2026-08-29 02:35:38,SPXW,2026-09-03,P,7260.0,7711.7598,0.55,15.0,0.65,186.0,0.65,5.0,23.0,0.1998,-0.0086,0.0001,-0.305,0.2566,-0.0071
2026-08-29T02:35:52Z,2026-08-29 02:35:38,SPXW,2026-09-03,C,7270.0,7711.7598,434.1,1.0,451.1,1.0,0.0,0.0,0.0,0.0,0.9909,0.0001,-0.3122,0.2663,0.7885
2026-08-29T02:35:52Z,2026-08-29 02:35:38,SPXW,2026-09-03,P,7270.0,7711.7598,0.55,93.0,0.65,180.0,0.55,1.0,55.0,0.1969,-0.009,0.0001,-0.3124,0.2664,-0.0074
2026-08-29T02:35:52Z,2026-08-29 02:35:38,SPXW,2026-09-03,C,7275.0,7711.7598,429.3,1.0,446.0,1.0,421.2,0.0,30.0,0.0,0.9907,0.0001,-0.3161,0.2714,0.7889
2026-08-29T02:35:52Z,2026-08-29 02:35:38,SPXW,2026-09-03,P,7275.0,7711.7598,0.55,94.0,0.65,176.0,0.65,3.0,94.0,0.1949,-0.0092,0.0001,-0.3162,0.2716,-0.0076
2026-08-29T02:35:52Z,2026-08-29 02:35:38,SPXW,2026-09-03,C,7280.0,7711.7598,424.4,1.0,441.8,1.0,0.0,0.0,0.0,0.0,0.9905,0.0001,-0.32,0.2767,0.7892
2026-08-29T02:35:52Z,2026-08-29 02:35:38,SPXW,2026-09-03,P,7280.0,7711.7598,0.55,135.0,0.65,83.0,0.6,17.0,112.0,0.1928,-0.0094,0.0001,-0.3202,0.2769,-0.0077
2026-08-29T02:35:52Z,2026-08-29 02:35:38,SPXW,2026-09-03,C,7285.0,7711.7598,416.5,1.0,436.1,1.0,0.0,0.0,0.0,0.0,0.9903,0.0001,-0.3241,0.2822,0.7896
2026-08-29T02:35:52Z,2026-08-29 02:35:38,SPXW,2026-09-03,P,7285.0,7711.7598,0.6,15.0,0.7,174.0,0.65,1.0,0.0,0.1918,-0.0096,0.0001,-0.3242,0.2824,-0.0079
2026-08-29T02:35:52Z,2026-08-29 02:35:38,SPXW,2026-09-03,C,7290.0,7711.7598,414.4,1.0,431.1,1.0,0.0,0.0,0.0,0.0,0.9901,0.0001,-0.3283,0.2878,0.79
2026-08-29T02:35:52Z,2026-08-29 02:35:38,SPXW,2026-09-03,P,7290.0,7711.7598,0.6,16.0,0.7,199.0,0.6,61.0,127.0,0.1898,-0.0098,0.0001,-0.3284,0.2881,-0.0081
2026-08-29T02:35:52Z,2026-08-29 02:35:38,SPXW,2026-09-03,C,7295.0,7711.7598,406.1,1.0,426.3,1.0,0.0,0.0,0.0,0.0,0.9899,0.0001,-0.3326,0.2937,0.7903
2026-08-29T02:35:52Z,2026-08-29 02:35:38,SPXW,2026-09-03,P,7295.0,7711.7598,0.6,105.0,0.7,167.0,0.6,2.0,0.0,0.1888,-0.01,0.0001,-0.3326,0.2937,-0.0083
2026-08-29T02:35:52Z,2026-08-29 02:35:38,SPXW,2026-09-03,C,7300.0,7711.7598,404.3,1.0,421.4,1.0,415.23,1.0,5.0,0.0,0.9896,0.0001,-0.3371,0.2997,0.7907
2026-08-29T02:35:52Z,2026-08-29 02:35:38,SPXW,2026-09-03,P,7300.0,7711.7598,0.6,88.0,0.7,161.0,0.5,63.0,295.0,0.1867,-0.0103,0.0001,-0.3372,0.2999,-0.0085
2026-08-29T02:35:52Z,2026-08-29 02:35:38,SPXW,2026-09-03,C,7305.0,7711.7598,396.7,1.0,416.2,1.0,0.0,0.0,0.0,0.0,0.9894,0.0001,-0.3417,0.306,0.791
2026-08-29T02:35:52Z,2026-08-29 02:35:38,SPXW,2026-09-03,P,7305.0,7711.7598,0.6,147.0,0.7,12.0,0.75,1.0,0.0,0.1847,-0.0105,0.0001,-0.3419,0.3062,-0.0087
2026-08-29T02:35:52Z,2026-08-29 02:35:38,SPXW,2026-09-03,C,7310.0,7711.7598,390.6,1.0,411.1,1.0,495.89,0.0,1.0,0.0,0.9891,0.0002,-0.3465,0.3124,0.7914
2026-08-29T02:35:52Z,2026-08-29 02:35:38,SPXW,2026-09-03,P,7310.0,7711.7598,0.65,15.0,0.75,184.0,0.7,42.0,223.0,0.1827,-0.0108,0.0002,-0.3465,0.3125,-0.0089
2026-08-29T02:35:52Z,2026-08-29 02:35:38,SPXW,2026-09-03,C,7315.0,7711.7598,386.2,1.0,406.4,1.0,0.0,0.0,0.0,0.0,0.9889,0.0002,-0.3514,0.3191,0.7917
2026-08-29T02:35:52Z,2026-08-29 02:35:38,SPXW,2026-09-03,P,7315.0,7711.7598,0.65,16.0,0.75,162.0,0.65,54.0,0.0,0.1815,-0.011,0.0002,-0.3516,0.3194,-0.0091
2026-08-29T02:35:52Z,2026-08-29 02:35:38,SPXW,2026-09-03,C,7320.0,7711.7598,384.5,1.0,401.9,1.0,468.37,0.0,3.0,0.0,0.9886,0.0002,-0.3565,0.3261,0.792
2026-08-29T02:35:52Z,2026-08-29 02:35:38,SPXW,2026-09-03,P,7320.0,7711.7598,0.65,85.0,0.75,176.0,0.65,52.0,197.0,0.1804,-0.0113,0.0002,-0.3565,0.3261,-0.0093
2026-08-29T02:35:52Z,2026-08-29 02:35:38,SPXW,2026-09-03,C,7325.0,7711.7598,379.0,1.0,397.1,1.0,324.9,0.0,6.0,0.0,0.9883,0.0002,-0.3618,0.3333,0.7923
2026-08-29T02:35:52Z,2026-08-29 02:35:38,SPXW,2026-09-03,P,7325.0,7711.7598,0.65,127.0,0.75,11.0,0.65,4.0,42.0,0.1783,-0.0116,0.0002,-0.362,0.3336,-0.0096
2026-08-29T02:35:52Z,2026-08-29 02:35:38,SPXW,2026-09-03,C,7330.0,7711.7598,374.4,1.0,391.4,1.0,0.0,0.0,0.0,0.0,0.988,0.0002,-0.3673,0.3408,0.7926
2026-08-29T02:35:52Z,2026-08-29 02:35:38,SPXW,2026-09-03,P,7330.0,7711.7598,0.65,145.0,0.8,178.0,0.75,36.0,65.0,0.1763,-0.0119,0.0002,-0.3675,0.3411,-0.0098
2026-08-29T02:35:52Z,2026-08-29 02:35:38,SPXW,2026-09-03,C,7335.0,7711.7598,366.3,1.0,386.2,1.0,0.0,0.0,0.0,0.0,0.9877,0.0002,-0.373,0.3487,0.7929
2026-08-29T02:35:52Z,2026-08-29 02:35:38,SPXW,2026-09-03,P,7335.0,7711.7598,0.7,96.0,0.8,157.0,0.85,1.0,0.0,0.1751,-0.0122,0.0002,-0.373,0.3487,-0.01
2026-08-29T02:35:52Z,2026-08-29 02:35:38,SPXW,2026-09-03,C,7340.0,7711.7598,364.4,1.0,381.7,1.0,375.63,1.0,31.0,0.0,0.9874,0.0002,-0.3789,0.3568,0.7932
2026-08-29T02:35:52Z,2026-08-29 02:35:38,SPXW,2026-09-03,P,7340.0,7711.7598,0.7,100.0,0.8,81.0,0.7,49.0,104.0,0.1738,-0.0125,0.0002,-0.3789,0.3568,-0.0103
2026-08-29T02:35:52Z,2026-08-29 02:35:38,SPXW,2026-09-03,C,7345.0,7711.7598,359.7,1.0,376.2,1.0,0.0,0.0,0.0,0.0,0.987,0.0002,-0.385,0.3653,0.7935
2026-08-29T02:35:52Z,2026-08-29 02:35:38,SPXW,2026-09-03,P,7345.0,7711.7598,0.7,122.0,0.85,151.0,0.85,1.0,88.0,0.1717,-0.0129,0.0002,-0.3852,0.3656,-0.0106
2026-08-29T02:35:52Z,2026-08-29 02:35:38,SPXW,2026-09-03,C,7350.0,7711.7598,354.5,1.0,372.0,1.0,315.55,0.0,37.0,0.0,0.9867,0.0002,-0.3914,0.3741,0.7937
2026-08-29T02:35:52Z,2026-08-29 02:35:38,SPXW,2026-09-03,P,7350.0,7711.7598,0.75,16.0,0.85,166.0,0.75,112.0,264.0,0.1696,-0.0132,0.0002,-0.3916,0.3744,-0.0109
2026-08-29T02:35:52Z,2026-08-29 02:35:38,SPXW,2026-09-03,C,7355.0,7711.7598,349.6,1.0,366.3,1.0,0.0,0.0,0.0,0.0,0.9863,0.0002,-0.3981,0.3833,0.794
2026-08-29T02:35:52Z,2026-08-29 02:35:38,SPXW,2026-09-03,P,7355.0,7711.7598,0.75,79.0,0.85,39.0,0.65,6.0,105.0,0.1691,-0.0136,0.0002,-0.3981,0.3833,-0.0112
2026-08-29T02:35:52Z,2026-08-29 02:35:38,SPXW,2026-09-03,C,7360.0,7711.7598,340.8,1.0,361.3,1.0,228.27,0.0,5.0,0.0,0.9859,0.0002,-0.405,0.3929,0.7942
2026-08-29T02:35:52Z,2026-08-29 02:35:38,SPXW,2026-09-03,P,7360.0,7711.7598,0.75,118.0,0.9,146.0,0.7,16.0,173.0,0.167,-0.014,0.0002,-0.4051,0.3929,-0.0115
2026-08-29T02:35:52Z,2026-08-29 02:35:38,SPXW,2026-09-03,C,7365.0,7711.7598,339.7,1.0,356.6,1.0,0.0,0.0,0.0,0.0,0.9855,0.0002,-0.4123,0.4028,0.7944
2026-08-29T02:35:52Z,2026-08-29 02:35:38,SPXW,2026-09-03,P,7365.0,7711.7598,0.8,16.0,0.9,140.0,0.7,6.0,104.0,0.1657,-0.0144,0.0002,-0.4123,0.4028,-0.0119
2026-08-29T02:35:52Z,2026-08-29 02:35:38,SPXW,2026-09-03,C,7370.0,7711.7598,334.4,1.0,351.8,1.0,344.64,1.0,1.0,0.0,0.9851,0.0002,-0.4199,0.4132,0.7946
2026-08-29T02:35:52Z,2026-08-29 02:35:38,SPXW,2026-09-03,P,7370.0,7711.7598,0.8,112.0,0.95,146.0,0.75,21.0,120.0,0.1636,-0.0148,0.0002,-0.4199,0.4132,-0.0122
2026-08-29T02:35:52Z,2026-08-29 02:35:38,SPXW,2026-09-03,C,7375.0,7711.7598,329.2,1.0,346.3,1.0,0.0,0.0,0.0,0.0,0.9846,0.0002,-0.4279,0.424,0.7948
2026-08-29T02:35:52Z,2026-08-29 02:35:38,SPXW,2026-09-03,P,7375.0,7711.7598,0.85,1.0,0.95,140.0,0.75,21.0,288.0,0.1621,-0.0153,0.0002,-0.4282,0.4244,-0.0126
2026-08-29T02:35:52Z,2026-08-29 02:35:38,SPXW,2026-09-03,C,7380.0,7711.7598,320.9,1.0,341.4,1.0,332.14,1.0,5.0,0.0,0.9842,0.0002,-0.4363,0.4352,0.7949
2026-08-29T02:35:52Z,2026-08-29 02:35:38,SPXW,2026-09-03,P,7380.0,7711.7598,0.85,109.0,0.95,27.0,0.75,61.0,177.0,0.1607,-0.0157,0.0002,-0.4363,0.4352,-0.013
2026-08-29T02:35:52Z,2026-08-29 02:35:38,SPXW,2026-09-03,C,7385.0,7711.7598,319.8,1.0,336.7,1.0,0.0,0.0,0.0,0.0,0.9836,0.0003,-0.445,0.447,0.795
2026-08-29T02:35:52Z,2026-08-29 02:35:38,SPXW,2026-09-03,P,7385.0,7711.7598,0.85,132.0,1.0,157.0,0.9,86.0,61.0,0.1592,-0.0162,0.0003,-0.445,0.447,-0.0134
2026-08-29T02:35:52Z,2026-08-29 02:35:38,SPXW,2026-09-03,C,7390.0,7711.7598,311.0,1.0,331.5,1.0,0.0,0.0,0.0,0.0,0.9831,0.0003,-0.4543,0.4594,0.7951
2026-08-29T02:35:52Z,2026-08-29 02:35:38,SPXW,2026-09-03,P,7390.0,7711.7598,0.9,125.0,1.0,20.0,0.95,401.0,68.0,0.1577,-0.0168,0.0003,-0.4543,0.4594,-0.0139
2026-08-29T02:35:52Z,2026-08-29 02:35:38,SPXW,2026-09-03,C,7395.0,7711.7598,309.9,1.0,326.5,1.0,0.0,0.0,0.0,0.0,0.9826,0.0003,-0.464,0.4724,0.7952
2026-08-29T02:35:52Z,2026-08-29 02:35:38,SPXW,2026-09-03,P,7395.0,7711.7598,0.9,108.0,1.05,121.0,0.95,46.0,49.0,0.1562,-0.0173,0.0003,-0.464,0.4724,-0.0143
2026-08-29T02:35:52Z,2026-08-29 02:35:38,SPXW,2026-09-03,C,7400.0,7711.7598,304.7,1.0,321.3,1.0,314.74,2.0,8.0,0.0,0.982,0.0003,-0.4742,0.4861,0.7953
2026-08-29T02:35:52Z,2026-08-29 02:35:38,SPXW,2026-09-03,P,7400.0,7711.7598,0.95,126.0,1.1,230.0,1.2,104.0,296.0,0.154,-0.0179,0.0003,-0.4745,0.4866,-0.0148
2026-08-29T02:35:52Z,2026-08-29 02:35:38,SPXW,2026-09-03,C,7405.0,7711.7598,300.0,1.0,316.6,1.0,0.0,0.0,0.0,0.0,0.9813,0.0003,-0.4849,0.5004,0.7953
2026-08-29T02:35:52Z,2026-08-29 02:35:38,SPXW,2026-09-03,P,7405.0,7711.7598,1.0,16.0,1.1,28.0,1.25,1.0,29.0,0.1531,-0.0186,0.0003,-0.4849,0.5004,-0.0154
2026-08-29T02:35:52Z,2026-08-29 02:35:38,SPXW,2026-09-03,C,7410.0,7711.7598,295.0,1.0,311.6,1.0,301.89,1.0,1.0,0.0,0.9807,0.0003,-0.4963,0.5156,0.7953
2026-08-29T02:35:52Z,2026-08-29 02:35:38,SPXW,2026-09-03,P,7410.0,7711.7598,1.0,105.0,1.15,116.0,1.3,8.0,138.0,0.1515,-0.0192,0.0003,-0.4963,0.5156,-0.0159
2026-08-29T02:35:52Z,2026-08-29 02:35:38,SPXW,2026-09-03,C,7415.0,7711.7598,290.1,1.0,306.9,1.0,0.0,0.0,0.0,0.0,0.98,0.0003,-0.5082,0.5315,0.7953
2026-08-29T02:35:52Z,2026-08-29 02:35:38,SPXW,2026-09-03,P,7415.0,7711.7598,1.05,123.0,1.2,141.0,1.1,249.0,79.0,0.1498,-0.0199,0.0003,-0.5082,0.5315,-0.0165
2026-08-29T02:35:52Z,2026-08-29 02:35:38,SPXW,2026-09-03,C,7420.0,7711.7598,282.1,1.0,302.2,1.0,0.0,0.0,0.0,0.0,0.9792,0.0003,-0.5208,0.5483,0.7952
2026-08-29T02:35:52Z,2026-08-29 02:35:38,SPXW,2026-09-03,P,7420.0,7711.7598,1.1,49.0,1.2,20.0,1.15,38.0,80.0,0.1487,-0.0207,0.0003,-0.5208,0.5482,-0.0171
2026-08-29T02:35:52Z,2026-08-29 02:35:38,SPXW,2026-09-03,C,7425.0,7711.7598,280.0,1.0,296.5,1.0,287.65,1.0,26.0,0.0,0.9784,0.0004,-0.5342,0.5659,0.7951
2026-08-29T02:35:52Z,2026-08-29 02:35:38,SPXW,2026-09-03,P,7425.0,7711.7598,1.15,16.0,1.25,45.0,1.2,282.0,2997.0,0.147,-0.0215,0.0004,-0.5341,0.5659,-0.0178
2026-08-29T02:35:52Z,2026-08-29 02:35:38,SPXW,2026-09-03,C,7430.0,7711.7598,275.0,1.0,292.2,1.0,322.97,1.0,6.0,0.0,0.9776,0.0004,-0.5482,0.5844,0.7949
2026-08-29T02:35:52Z,2026-08-29 02:35:38,SPXW,2026-09-03,P,7430.0,7711.7598,1.15,119.0,1.3,28.0,1.15,90.0,123.0,0.1453,-0.0223,0.0004,-0.5482,0.5844,-0.0185
2026-08-29T02:35:52Z,2026-08-29 02:35:38,SPXW,2026-09-03,C,7435.0,7711.7598,270.0,1.0,287.6,1.0,297.75,0.0,4.0,0.0,0.9767,0.0004,-0.5631,0.6038,0.7947
2026-08-29T02:35:52Z,2026-08-29 02:35:38,SPXW,2026-09-03,P,7435.0,7711.7598,1.2,100.0,1.35,27.0,1.2,25.0,18.0,0.1441,-0.0232,0.0004,-0.5631,0.6038,-0.0192
2026-08-29T02:35:52Z,2026-08-29 02:35:38,SPXW,2026-09-03,C,7440.0,7711.7598,265.0,1.0,282.2,1.0,272.85,1.0,56.0,0.0,0.9757,0.0004,-0.5789,0.6243,0.7944
2026-08-29T02:35:52Z,2026-08-29 02:35:38,SPXW,2026-09-03,P,7440.0,7711.7598,1.25,97.0,1.4,27.0,1.55,49.0,109.0,0.1428,-0.0242,0.0004,-0.5789,0.6243,-0.0201
2026-08-29T02:35:52Z,2026-08-29 02:35:38,SPXW,2026-09-03,C,7445.0,7711.7598,256.5,1.0,277.2,1.0,274.63,0.0,9.0,0.0899,0.9747,0.0004,-0.5956,0.6458,0.7941
2026-08-29T02:35:52Z,2026-08-29 02:35:38,SPXW,2026-09-03,P,7445.0,7711.7598,1.35,16.0,1.45,26.0,1.8,38.0,68.0,0.1415,-0.0252,0.0004,-0.5956,0.6458,-0.0209
2026-08-29T02:35:52Z,2026-08-29 02:35:38,SPXW,2026-09-03,C,7450.0,7711.7598,255.2,1.0,272.0,1.0,263.22,1.0,51.0,0.0975,0.9736,0.0004,-0.6133,0.6686,0.7937
2026-08-29T02:35:52Z,2026-08-29 02:35:38,SPXW,2026-09-03,P,7450.0,7711.7598,1.4,15.0,1.5,9.0,1.45,256.0,1930.0,0.1401,-0.0263,0.0004,-0.6133,0.6686,-0.0218
2026-08-29T02:35:52Z,2026-08-29 02:35:38,SPXW,2026-09-03,C,7455.0,7711.7598,246.9,1.0,267.4,1.0,0.0,0.0,0.0,0.1008,0.9724,0.0005,-0.632,0.6926,0.7933
2026-08-29T02:35:52Z,2026-08-29 02:35:38,SPXW,2026-09-03,P,7455.0,7711.7598,1.45,49.0,1.6,128.0,1.55,113.0,131.0,0.139,-0.0275,0.0005,-0.632,0.6926,-0.0228
2026-08-29T02:35:52Z,2026-08-29 02:35:38,SPXW,2026-09-03,C,7460.0,7711.7598,241.7,1.0,262.4,1.0,293.42,1.0,11.0,0.1057,0.9712,0.0005,-0.6519,0.718,0.7928
2026-08-29T02:35:52Z,2026-08-29 02:35:38,SPXW,2026-09-03,P,7460.0,7711.7598,1.5,107.0,1.65,90.0,2.0,54.0,344.0,0.1376,-0.0287,0.0005,-0.6519,0.718,-0.0239
2026-08-29T02:35:52Z,2026-08-29 02:35:38,SPXW,2026-09-03,C,7465.0,7711.7598,240.6,1.0,257.3,1.0,0.0,0.0,0.0,0.1063,0.9698,0.0005,-0.6729,0.745,0.7923
2026-08-29T02:35:52Z,2026-08-29 02:35:38,SPXW,2026-09-03,P,7465.0,7711.7598,1.6,15.0,1.75,128.0,1.65,62.0,154.0,0.1364,-0.0301,0.0005,-0.6729,0.745,-0.025
2026-08-29T02:35:52Z,2026-08-29 02:35:38,SPXW,2026-09-03,C,7470.0,7711.7598,235.5,1.0,253.0,1.0,244.59,1.0,2.0,0.1065,0.9684,0.0005,-0.6951,0.7734,0.7916
2026-08-29T02:35:52Z,2026-08-29 02:35:38,SPXW,2026-09-03,P,7470.0,7711.7598,1.65,46.0,1.8,65.0,2.05,18.0,258.0,0.1352,-0.0315,0.0005,-0.6951,0.7734,-0.0261
2026-08-29T02:35:52Z,2026-08-29 02:35:38,SPXW,2026-09-03,C,7475.0,7711.7598,227.3,1.0,248.1,1.0,258.46,0.0,6.0,0.1082,0.9669,0.0006,-0.7186,0.8034,0.7909
2026-08-29T02:35:52Z,2026-08-29 02:35:38,SPXW,2026-09-03,P,7475.0,7711.7598,1.75,15.0,1.85,6.0,1.75,209.0,1817.0,0.1343,-0.033,0.0006,-0.7186,0.8034,-0.0274
2026-08-29T02:35:52Z,2026-08-29 02:35:38,SPXW,2026-09-03,C,7480.0,7711.7598,222.3,1.0,243.2,1.0,234.86,2.0,2.0,0.1093,0.9652,0.0006,-0.7434,0.8349,0.79
2026-08-29T02:35:52Z,2026-08-29 02:35:38,SPXW,2026-09-03,P,7480.0,7711.7598,1.85,15.0,1.95,12.0,1.85,34.0,245.0,0.1326,-0.0346,0.0006,-0.7434,0.8349,-0.0288
2026-08-29T02:35:52Z,2026-08-29 02:35:38,SPXW,2026-09-03,C,7485.0,7711.7598,217.4,1.0,238.5,1.0,0.0,0.0,0.0,0.1099,0.9635,0.0006,-0.7697,0.8679,0.7891
2026-08-29T02:35:52Z,2026-08-29 02:35:38,SPXW,2026-09-03,P,7485.0,7711.7598,1.95,14.0,2.05,12.0,2.05,133.0,140.0,0.1315,-0.0364,0.0006,-0.7697,0.8679,-0.0303
2026-08-29T02:35:52Z,2026-08-29 02:35:38,SPXW,2026-09-03,C,7490.0,7711.7598,212.5,1.0,233.0,1.0,274.45,1.0,8.0,0.1102,0.9616,0.0006,-0.7975,0.9028,0.788
2026-08-29T02:35:52Z,2026-08-29 02:35:38,SPXW,2026-09-03,P,7490.0,7711.7598,2.05,14.0,2.15,12.0,2.1,117.0,154.0,0.1304,-0.0383,0.0006,-0.7975,0.9028,-0.0319
2026-08-29T02:35:52Z,2026-08-29 02:35:38,SPXW,2026-09-03,C,7495.0,7711.7598,207.3,1.0,227.8,1.0,0.0,0.0,0.0,0.1102,0.9596,0.0007,-0.8269,0.9395,0.7869
2026-08-29T02:35:52Z,2026-08-29 02:35:38,SPXW,2026-09-03,P,7495.0,7711.7598,2.15,18.0,2.25,7.0,2.25,92.0,94.0,0.1291,-0.0403,0.0007,-0.8269,0.9395,-0.0336
2026-08-29T02:35:52Z,2026-08-29 02:35:38,SPXW,2026-09-03,C,7500.0,7711.7598,206.0,1.0,220.2,1.0,212.39,11.0,79.0,0.1099,0.9574,0.0007,-0.8579,0.9783,0.7857
2026-08-29T02:35:52Z,2026-08-29 02:35:38,SPXW,2026-09-03,P,7500.0,7711.7598,2.25,18.0,2.35,4.0,2.37,257.0,451.0,0.1278,-0.0424,0.0007,-0.8579,0.9783,-0.0354
2026-08-29T02:35:52Z,2026-08-29 02:35:38,SPXW,2026-09-03,C,7505.0,7711.7598,201.1,1.0,215.5,1.0,212.66,1.0,0.0,0.1104,0.9551,0.0008,-0.8906,1.0193,0.7843
2026-08-29T02:35:52Z,2026-08-29 02:35:38,SPXW,2026-09-03,P,7505.0,7711.7598,2.35,38.0,2.5,7.0,2.5,380.0,139.0,0.1265,-0.0448,0.0008,-0.8906,1.0193,-0.0373
2026-08-29T02:35:52Z,2026-08-29 02:35:38,SPXW,2026-09-03,C,7510.0,7711.7598,197.4,1.0,209.7,1.0,243.32,1.0,11.0,0.1097,0.9527,0.0008,-0.9251,1.0625,0.7828
2026-08-29T02:35:52Z,2026-08-29 02:35:38,SPXW,2026-09-03,P,7510.0,7711.7598,2.5,24.0,2.6,2.0,2.65,281.0,287.0,0.1253,-0.0472,0.0008,-0.9251,1.0625,-0.0394
2026-08-29T02:35:52Z,2026-08-29 02:35:38,SPXW,2026-09-03,C,7515.0,7711.7598,191.9,1.0,204.9,1.0,184.05,0.0,1.0,0.1097,0.95,0.0008,-0.9613,1.1078,0.7811
2026-08-29T02:35:52Z,2026-08-29 02:35:38,SPXW,2026-09-03,P,7515.0,7711.7598,2.65,27.0,2.75,2.0,2.8,196.0,184.0,0.124,-0.0499,0.0008,-0.9613,1.1078,-0.0416
2026-08-29T02:35:52Z,2026-08-29 02:35:38,SPXW,2026-09-03,C,7520.0,7711.7598,187.0,1.0,200.0,1.0,165.76,0.0,8.0,0.1094,0.9472,0.0009,-0.9994,1.1552,0.7792
2026-08-29T02:35:52Z,2026-08-29 02:35:38,SPXW,2026-09-03,P,7520.0,7711.7598,2.8,27.0,2.9,2.0,3.0,1234.0,1273.0,0.123,-0.0527,0.0009,-0.9994,1.1552,-0.044
2026-08-29T02:35:52Z,2026-08-29 02:35:38,SPXW,2026-09-03,C,7525.0,7711.7598,182.8,1.0,196.1,1.0,167.15,0.0,42.0,0.109,0.9442,0.0009,-1.0395,1.2047,0.7772
2026-08-29T02:35:52Z,2026-08-29 02:35:38,SPXW,2026-09-03,P,7525.0,7711.7598,2.95,20.0,3.1,42.0,3.0,374.0,311.0,0.1218,-0.0557,0.0009,-1.0395,1.2047,-0.0466
2026-08-29T02:35:52Z,2026-08-29 02:35:38,SPXW,2026-09-03,C,7530.0,7711.7598,177.4,1.0,190.4,1.0,173.34,0.0,1.0,0.1083,0.9409,0.001,-1.0815,1.2566,0.775
2026-08-29T02:35:52Z,2026-08-29 02:35:38,SPXW,2026-09-03,P,7530.0,7711.7598,3.1,64.0,3.3,70.0,3.17,81.0,210.0,0.1208,-0.059,0.001,-1.0815,1.2566,-0.0493
2026-08-29T02:35:52Z,2026-08-29 02:35:38,SPXW,2026-09-03,C,7535.0,7711.7598,172.8,1.0,186.1,2.0,0.0,0.0,0.0,0.1081,0.9374,0.001,-1.1256,1.3113,0.7726
2026-08-29T02:35:52Z,2026-08-29 02:35:38,SPXW,2026-09-03,P,7535.0,7711.7598,3.3,60.0,3.5,69.0,3.5,181.0,209.0,0.1196,-0.0624,0.001,-1.1256,1.3113,-0.0522
2026-08-29T02:35:52Z,2026-08-29 02:35:38,SPXW,2026-09-03,C,7540.0,7711.7598,167.8,1.0,181.4,1.0,153.44,0.0,9.0,0.1077,0.9337,0.0011,-1.1717,1.3688,0.7701
2026-08-29T02:35:52Z,2026-08-29 02:35:38,SPXW,2026-09-03,P,7540.0,7711.7598,3.5,59.0,3.7,68.0,3.59,356.0,297.0,0.1186,-0.0662,0.0011,-1.1717,1.3688,-0.0553
2026-08-29T02:35:52Z,2026-08-29 02:35:38,SPXW,2026-09-03,C,7545.0,7711.7598,162.3,1.0,176.0,1.0,0.0,0.0,0.0,0.1071,0.9297,0.0012,-1.2198,1.4289,0.7673
2026-08-29T02:35:52Z,2026-08-29 02:35:38,SPXW,2026-09-03,P,7545.0,7711.7598,3.7,64.0,3.9,37.0,3.7,168.0,1275.0,0.1174,-0.0702,0.0012,-1.2198,1.4289,-0.0587
2026-08-29T02:35:52Z,2026-08-29 02:35:38,SPXW,2026-09-03,C,7550.0,7711.7598,158.4,1.0,171.2,1.0,222.1,9.0,29.0,0.1068,0.9255,0.0012,-1.27,1.4912,0.7642
2026-08-29T02:35:52Z,2026-08-29 02:35:38,SPXW,2026-09-03,P,7550.0,7711.7598,3.9,64.0,4.2,68.0,4.0,2235.0,5304.0,0.1162,-0.0744,0.0012,-1.27,1.4912,-0.0623
2026-08-29T02:35:52Z,2026-08-29 02:35:38,SPXW,2026-09-03,C,7555.0,7711.7598,154.2,1.0,167.3,1.0,187.94,0.0,8.0,0.1063,0.9209,0.0013,-1.3224,1.5559,0.7609
2026-08-29T02:35:52Z,2026-08-29 02:35:38,SPXW,2026-09-03,P,7555.0,7711.7598,4.2,57.0,4.4,48.0,4.7,114.0,447.0,0.1148,-0.079,0.0013,-1.3224,1.5559,-0.0662
2026-08-29T02:35:52Z,2026-08-29 02:35:38,SPXW,2026-09-03,C,7560.0,7711.7598,148.3,1.0,162.6,2.0,172.47,0.0,11.0,0.1052,0.9161,0.0014,-1.3769,1.6232,0.7573
2026-08-29T02:35:52Z,2026-08-29 02:35:38,SPXW,2026-09-03,P,7560.0,7711.7598,4.5,38.0,4.7,66.0,4.55,446.0,206.0,0.1141,-0.0838,0.0014,-1.3769,1.6232,-0.0703
2026-08-29T02:35:52Z,2026-08-29 02:35:38,SPXW,2026-09-03,C,7565.0,7711.7598,143.6,1.0,157.7,1.0,184.61,4.0,11.0,0.1051,0.9109,0.0014,-1.4335,1.6935,0.7535
2026-08-29T02:35:52Z,2026-08-29 02:35:38,SPXW,2026-09-03,P,7565.0,7711.7598,4.8,24.0,5.0,66.0,4.93,223.0,316.0,0.1132,-0.089,0.0014,-1.4335,1.6935,-0.0747
2026-08-29T02:35:52Z,2026-08-29 02:35:38,SPXW,2026-09-03,C,7570.0,7711.7598,138.9,1.0,153.0,2.0,149.29,2.0,4.0,0.1045,0.9053,0.0015,-1.4921,1.767,0.7494
2026-08-29T02:35:52Z,2026-08-29 02:35:38,SPXW,2026-09-03,P,7570.0,7711.7598,5.1,38.0,5.3,46.0,5.2,188.0,149.0,0.1122,-0.0946,0.0015,-1.4921,1.767,-0.0793
2026-08-29T02:35:52Z,2026-08-29 02:35:38,SPXW,2026-09-03,C,7575.0,7711.7598,134.4,1.0,148.3,1.0,140.96,25.0,79.0,0.104,0.8994,0.0016,-1.5527,1.8431,0.7449
2026-08-29T02:35:52Z,2026-08-29 02:35:38,SPXW,2026-09-03,P,7575.0,7711.7598,5.4,61.0,5.6,18.0,5.3,130.0,647.0,0.111,-0.1005,0.0016,-1.5527,1.8431,-0.0844
2026-08-29T02:35:52Z,2026-08-29 02:35:38,SPXW,2026-09-03,C,7580.0,7711.7598,130.0,1.0,143.5,3.0,137.87,1.0,9.0,0.1033,0.8931,0.0017,-1.6153,1.9212,0.74
2026-08-29T02:35:52Z,2026-08-29 02:35:38,SPXW,2026-09-03,P,7580.0,7711.7598,5.8,32.0,6.0,45.0,6.24,248.0,252.0,0.11,-0.1068,0.0017,-1.6153,1.9212,-0.0898
2026-08-29T02:35:52Z,2026-08-29 02:35:38,SPXW,2026-09-03,C,7585.0,7711.7598,125.2,1.0,139.3,3.0,136.62,1.0,80.0,0.1028,0.8863,0.0018,-1.6798,2.0014,0.7348
2026-08-29T02:35:52Z,2026-08-29 02:35:38,SPXW,2026-09-03,P,7585.0,7711.7598,6.2,22.0,6.4,44.0,6.68,89.0,138.0,0.1091,-0.1136,0.0018,-1.6798,2.0014,-0.0956
2026-08-29T02:35:52Z,2026-08-29 02:35:38,SPXW,2026-09-03,C,7590.0,7711.7598,120.9,1.0,134.6,1.0,128.7,2.0,7.0,0.1024,0.8791,0.0019,-1.7461,2.0844,0.7293
2026-08-29T02:35:52Z,2026-08-29 02:35:38,SPXW,2026-09-03,P,7590.0,7711.7598,6.6,56.0,6.8,43.0,6.5,206.0,362.0,0.1081,-0.1208,0.0019,-1.7461,2.0844,-0.1016
2026-08-29T02:35:52Z,2026-08-29 02:35:38,SPXW,2026-09-03,C,7595.0,7711.7598,115.6,1.0,129.5,1.0,137.13,5.0,8.0,0.1014,0.8714,0.002,-1.8141,2.1706,0.7234
2026-08-29T02:35:52Z,2026-08-29 02:35:38,SPXW,2026-09-03,P,7595.0,7711.7598,7.1,21.0,7.3,43.0,7.01,144.0,199.0,0.1072,-0.1284,0.002,-1.8141,2.1706,-0.108
2026-08-29T02:35:52Z,2026-08-29 02:35:38,SPXW,2026-09-03,C,7600.0,7711.7598,111.6,1.0,125.5,1.0,122.92,23.0,183.0,0.1009,0.8633,0.0021,-1.8835,2.2591,0.717
2026-08-29T02:35:52Z,2026-08-29 02:35:38,SPXW,2026-09-03,P,7600.0,7711.7598,7.6,20.0,7.8,42.0,7.6,694.0,496.0,0.1064,-0.1366,0.0021,-1.8835,2.2591,-0.115
2026-08-29T02:35:52Z,2026-08-29 02:35:38,SPXW,2026-09-03,C,7605.0,7711.7598,107.5,1.0,120.4,1.0,138.3,0.0,6.0,0.1004,0.8546,0.0022,-1.9542,2.3487,0.7101
2026-08-29T02:35:52Z,2026-08-29 02:35:38,SPXW,2026-09-03,P,7605.0,7711.7598,8.1,26.0,8.3,40.0,9.2,51.0,135.0,0.1054,-0.1453,0.0022,-1.9542,2.3487,-0.1225
2026-08-29T02:35:52Z,2026-08-29 02:35:38,SPXW,2026-09-03,C,7610.0,7711.7598,105.2,2.0,113.8,2.0,113.06,12.0,13.0,0.0996,0.8454,0.0023,-2.026,2.4396,0.7028
2026-08-29T02:35:52Z,2026-08-29 02:35:38,SPXW,2026-09-03,P,7610.0,7711.7598,8.7,18.0,8.9,41.0,8.9,371.0,172.0,0.1043,-0.1545,0.0023,-2.026,2.4396,-0.1303
2026-08-29T02:35:52Z,2026-08-29 02:35:38,SPXW,2026-09-03,C,7615.0,7711.7598,100.7,1.0,109.3,3.0,114.82,0.0,8.0,0.0992,0.8356,0.0024,-2.0988,2.5327,0.6951
2026-08-29T02:35:52Z,2026-08-29 02:35:38,SPXW,2026-09-03,P,7615.0,7711.7598,9.3,25.0,9.5,40.0,9.58,192.0,114.0,0.1034,-0.1643,0.0024,-2.0988,2.5327,-0.1386
2026-08-29T02:35:52Z,2026-08-29 02:35:38,SPXW,2026-09-03,C,7620.0,7711.7598,96.7,1.0,105.0,2.0,125.26,0.0,37.0,0.0983,0.8252,0.0025,-2.172,2.6281,0.6868
2026-08-29T02:35:52Z,2026-08-29 02:35:38,SPXW,2026-09-03,P,7620.0,7711.7598,10.0,15.0,10.2,40.0,10.23,158.0,176.0,0.1024,-0.1747,0.0025,-2.172,2.6281,-0.1474
2026-08-29T02:35:52Z,2026-08-29 02:35:38,SPXW,2026-09-03,C,7625.0,7711.7598,92.6,1.0,100.2,1.0,135.6,2.0,319.0,0.1001,0.8142,0.0027,-2.2454,2.7241,0.6779
2026-08-29T02:35:52Z,2026-08-29 02:35:38,SPXW,2026-09-03,P,7625.0,7711.7598,10.7,16.0,10.9,37.0,10.76,183.0,1023.0,0.1015,-0.1857,0.0027,-2.2454,2.724,-0.1569
2026-08-29T02:35:52Z,2026-08-29 02:35:38,SPXW,2026-09-03,C,7630.0,7711.7598,88.2,1.0,96.0,1.0,118.91,2.0,59.0,0.0969,0.8025,0.0028,-2.3186,2.8194,0.6684
2026-08-29T02:35:52Z,2026-08-29 02:35:38,SPXW,2026-09-03,P,7630.0,7711.7598,11.4,47.0,11.7,39.0,11.55,115.0,94.0,0.1009,-0.1974,0.0028,-2.3186,2.8194,-0.1669
2026-08-29T02:35:52Z,2026-08-29 02:35:38,SPXW,2026-09-03,C,7635.0,7711.7598,84.2,1.0,91.7,1.0,89.4,6.0,9.0,0.0962,0.7901,0.0029,-2.3912,2.9148,0.6585
2026-08-29T02:35:52Z,2026-08-29 02:35:38,SPXW,2026-09-03,P,7635.0,7711.7598,12.3,15.0,12.5,37.0,12.32,60.0,91.0,0.0997,-0.2098,0.0029,-2.3912,2.9148,-0.1773
2026-08-29T02:35:52Z,2026-08-29 02:35:38,SPXW,2026-09-03,C,7640.0,7711.7598,80.0,1.0,88.2,3.0,85.81,6.0,45.0,0.0953,0.7771,0.0031,-2.4628,3.0112,0.648
2026-08-29T02:35:52Z,2026-08-29 02:35:38,SPXW,2026-09-03,P,7640.0,7711.7598,13.1,47.0,13.4,36.0,13.17,142.0,222.0,0.099,-0.2228,0.0031,-2.4628,3.0111,-0.1883
2026-08-29T02:35:52Z,2026-08-29 02:35:38,SPXW,2026-09-03,C,7645.0,7711.7598,77.8,1.0,81.4,1.0,85.31,8.0,19.0,0.0947,0.7633,0.0032,-2.5327,3.1068,0.6367
2026-08-29T02:35:52Z,2026-08-29 02:35:38,SPXW,2026-09-03,P,7645.0,7711.7598,14.1,22.0,14.3,6.0,14.15,150.0,102.0,0.0981,-0.2365,0.0032,-2.5327,3.1068,-0.2002
2026-08-29T02:35:52Z,2026-08-29 02:35:38,SPXW,2026-09-03,C,7650.0,7711.7598,73.8,1.0,77.5,1.0,82.0,16.0,174.0,0.0942,0.7489,0.0033,-2.6004,3.1995,0.6248
2026-08-29T02:35:52Z,2026-08-29 02:35:38,SPXW,2026-09-03,P,7650.0,7711.7598,15.1,22.0,15.3,6.0,15.0,577.0,455.0,0.0972,-0.251,0.0033,-2.6004,3.1995,-0.2126
2026-08-29T02:35:52Z,2026-08-29 02:35:38,SPXW,2026-09-03,C,7655.0,7711.7598,69.9,1.0,73.6,1.0,75.96,5.0,83.0,0.0937,0.7337,0.0034,-2.6654,3.2898,0.6125
2026-08-29T02:35:52Z,2026-08-29 02:35:38,SPXW,2026-09-03,P,7655.0,7711.7598,16.2,21.0,16.4,5.0,17.4,88.0,287.0,0.0964,-0.2662,0.0034,-2.6654,3.2898,-0.2255
2026-08-29T02:35:52Z,2026-08-29 02:35:38,SPXW,2026-09-03,C,7660.0,7711.7598,66.2,1.0,69.7,1.0,68.77,16.0,51.0,0.093,0.7177,0.0036,-2.7269,3.3786,0.5995
2026-08-29T02:35:52Z,2026-08-29 02:35:38,SPXW,2026-09-03,P,7660.0,7711.7598,17.4,14.0,17.6,5.0,16.36,138.0,211.0,0.0955,-0.2822,0.0036,-2.7269,3.3786,-0.239
2026-08-29T02:35:52Z,2026-08-29 02:35:38,SPXW,2026-09-03,C,7665.0,7711.7598,64.0,3.0,64.3,1.0,63.0,2.0,52.0,0.0948,0.701,0.0037,-2.7843,3.4641,0.5856
2026-08-29T02:35:52Z,2026-08-29 02:35:38,SPXW,2026-09-03,P,7665.0,7711.7598,18.6,14.0,18.9,35.0,18.8,94.0,135.0,0.0947,-0.2988,0.0037,-2.7843,3.4641,-0.2535
2026-08-29T02:35:52Z,2026-08-29 02:35:38,SPXW,2026-09-03,C,7670.0,7711.7598,60.3,3.0,60.6,2.0,65.0,22.0,66.0,0.0937,0.6836,0.0038,-2.8368,3.5438,0.5712
2026-08-29T02:35:52Z,2026-08-29 02:35:38,SPXW,2026-09-03,P,7670.0,7711.7598,19.9,35.0,20.2,30.0,20.35,369.0,136.0,0.0938,-0.3163,0.0038,-2.8368,3.5438,-0.2684
2026-08-29T02:35:52Z,2026-08-29 02:35:38,SPXW,2026-09-03,C,7675.0,7711.7598,56.7,4.0,57.1,2.0,61.6,58.0,482.0,0.0929,0.6654,0.004,-2.8839,3.6183,0.5564
2026-08-29T02:35:52Z,2026-08-29 02:35:38,SPXW,2026-09-03,P,7675.0,7711.7598,21.4,14.0,21.7,32.0,21.5,299.0,532.0,0.093,-0.3345,0.004,-2.8839,3.6183,-0.2838
2026-08-29T02:35:52Z,2026-08-29 02:35:38,SPXW,2026-09-03,C,7680.0,7711.7598,53.3,5.0,53.6,3.0,55.5,9.0,98.0,0.0921,0.6465,0.0041,-2.9246,3.6881,0.5407
2026-08-29T02:35:52Z,2026-08-29 02:35:38,SPXW,2026-09-03,P,7680.0,7711.7598,22.9,13.0,23.2,29.0,23.22,161.0,189.0,0.0922,-0.3534,0.0041,-2.9246,3.6881,-0.3
2026-08-29T02:35:52Z,2026-08-29 02:35:38,SPXW,2026-09-03,C,7685.0,7711.7598,49.9,6.0,50.2,19.0,53.07,14.0,51.0,0.0912,0.6269,0.0042,-2.9583,3.7508,0.5243
2026-08-29T02:35:52Z,2026-08-29 02:35:38,SPXW,2026-09-03,P,7685.0,7711.7598,24.5,13.0,24.8,27.0,24.85,649.0,539.0,0.0914,-0.373,0.0042,-2.9583,3.7508,-0.317
2026-08-29T02:35:52Z,2026-08-29 02:35:38,SPXW,2026-09-03,C,7690.0,7711.7598,46.6,6.0,46.9,21.0,51.5,32.0,236.0,0.0906,0.6066,0.0043,-2.9842,3.8048,0.5076
2026-08-29T02:35:52Z,2026-08-29 02:35:38,SPXW,2026-09-03,P,7690.0,7711.7598,26.2,12.0,26.5,27.0,25.9,287.0,292.0,0.0907,-0.3933,0.0043,-2.9842,3.8048,-0.3342
2026-08-29T02:35:52Z,2026-08-29 02:35:38,SPXW,2026-09-03,C,7695.0,7711.7598,43.4,10.0,43.7,21.0,46.39,48.0,53.0,0.0897,0.5857,0.0044,-3.0018,3.8509,0.4903
2026-08-29T02:35:52Z,2026-08-29 02:35:38,SPXW,2026-09-03,P,7695.0,7711.7598,28.0,12.0,28.3,5.0,27.1,175.0,110.0,0.0898,-0.4142,0.0044,-3.0018,3.8509,-0.3521
2026-08-29T02:35:52Z,2026-08-29 02:35:38,SPXW,2026-09-03,C,7700.0,7711.7598,40.4,7.0,40.7,32.0,41.18,215.0,361.0,0.089,0.5642,0.0045,-3.0103,3.8881,0.4721
2026-08-29T02:35:52Z,2026-08-29 02:35:38,SPXW,2026-09-03,P,7700.0,7711.7598,30.0,9.0,30.2,5.0,30.0,474.0,337.0,0.0891,-0.4357,0.0045,-3.0103,3.8881,-0.3708
2026-08-29T02:35:52Z,2026-08-29 02:35:38,SPXW,2026-09-03,C,7705.0,7711.7598,37.4,7.0,37.7,29.0,38.49,66.0,42.0,0.0881,0.5421,0.0045,-3.0091,3.9146,0.4538
2026-08-29T02:35:52Z,2026-08-29 02:35:38,SPXW,2026-09-03,P,7705.0,7711.7598,32.0,12.0,32.3,5.0,33.5,70.0,85.0,0.0882,-0.4578,0.0045,-3.0091,3.9146,-0.3897
2026-08-29T02:35:52Z,2026-08-29 02:35:38,SPXW,2026-09-03,C,7710.0,7711.7598,34.6,9.0,34.9,33.0,35.07,706.0,550.0,0.0874,0.5195,0.0046,-2.9979,3.9302,0.4351
2026-08-29T02:35:52Z,2026-08-29 02:35:38,SPXW,2026-09-03,P,7710.0,7711.7598,34.2,9.0,34.4,5.0,34.03,741.0,576.0,0.0876,-0.4804,0.0046,-2.9979,3.9302,-0.4089
2026-08-29T02:35:52Z,2026-08-29 02:35:38,SPXW,2026-09-03,C,7715.0,7711.7598,31.8,11.0,32.1,27.0,32.05,311.0,225.0,0.0867,0.4964,0.0046,-2.9761,3.9345,0.4156
2026-08-29T02:35:52Z,2026-08-29 02:35:38,SPXW,2026-09-03,P,7715.0,7711.7598,36.4,12.0,36.7,5.0,36.25,165.0,76.0,0.0868,-0.5035,0.0046,-2.9761,3.9345,-0.429
2026-08-29T02:35:52Z,2026-08-29 02:35:38,SPXW,2026-09-03,C,7720.0,7711.7598,29.2,12.0,29.5,27.0,33.3,277.0,227.0,0.0859,0.473,0.0047,-2.9433,3.9266,0.396
2026-08-29T02:35:52Z,2026-08-29 02:35:38,SPXW,2026-09-03,P,7720.0,7711.7598,38.8,12.0,39.1,5.0,39.0,193.0,231.0,0.0861,-0.5269,0.0047,-2.9433,3.9266,-0.4491
2026-08-29T02:35:52Z,2026-08-29 02:35:38,SPXW,2026-09-03,C,7725.0,7711.7598,26.7,11.0,27.0,29.0,26.76,153.0,183.0,0.0851,0.4493,0.0047,-2.8997,3.9064,0.3764
2026-08-29T02:35:52Z,2026-08-29 02:35:38,SPXW,2026-09-03,P,7725.0,7711.7598,41.3,9.0,41.6,4.0,41.47,288.0,204.0,0.0853,-0.5506,0.0047,-2.8996,3.9064,-0.4693
2026-08-29T02:35:52Z,2026-08-29 02:35:38,SPXW,2026-09-03,C,7730.0,7711.7598,24.4,12.0,24.7,29.0,25.8,137.0,137.0,0.0844,0.4254,0.0047,-2.845,3.8726,0.3562
2026-08-29T02:35:52Z,2026-08-29 02:35:38,SPXW,2026-09-03,P,7730.0,7711.7598,43.9,9.0,44.2,4.0,42.53,321.0,156.0,0.0844,-0.5745,0.0047,-2.845,3.8726,-0.49
2026-08-29T02:35:52Z,2026-08-29 02:35:38,SPXW,2026-09-03,C,7735.0,7711.7598,22.2,8.0,22.4,29.0,22.5,686.0,604.0,0.0836,0.4014,0.0047,-2.7793,3.8256,0.3361
2026-08-29T02:35:52Z,2026-08-29 02:35:38,SPXW,2026-09-03,P,7735.0,7711.7598,46.7,6.0,47.0,3.0,46.4,266.0,66.0,0.0838,-0.5985,0.0047,-2.7793,3.8256,-0.5107
2026-08-29T02:35:52Z,2026-08-29 02:35:38,SPXW,2026-09-03,C,7740.0,7711.7598,20.1,8.0,20.3,33.0,19.92,400.0,431.0,0.0828,0.3774,0.0046,-2.703,3.7662,0.3161
2026-08-29T02:35:52Z,2026-08-29 02:35:38,SPXW,2026-09-03,P,7740.0,7711.7598,49.6,6.0,49.9,3.0,47.87,366.0,88.0,0.083,-0.6225,0.0046,-2.703,3.7662,-0.5312
2026-08-29T02:35:52Z,2026-08-29 02:35:38,SPXW,2026-09-03,C,7745.0,7711.7598,18.1,14.0,18.3,33.0,18.99,240.0,118.0,0.0822,0.3535,0.0046,-2.6166,3.6924,0.2958
2026-08-29T02:35:52Z,2026-08-29 02:35:38,SPXW,2026-09-03,P,7745.0,7711.7598,52.6,4.0,52.9,2.0,48.85,195.0,96.0,0.0824,-0.6464,0.0046,-2.6166,3.6924,-0.552
2026-08-29T02:35:52Z,2026-08-29 02:35:38,SPXW,2026-09-03,C,7750.0,7711.7598,16.2,15.0,16.5,33.0,18.1,218.0,422.0,0.0816,0.3298,0.0045,-2.5206,3.6056,0.276
2026-08-29T02:35:52Z,2026-08-29 02:35:38,SPXW,2026-09-03,P,7750.0,7711.7598,55.8,3.0,56.1,2.0,56.35,425.0,1103.0,0.0816,-0.6701,0.0045,-2.5206,3.6056,-0.5724
2026-08-29T02:35:52Z,2026-08-29 02:35:38,SPXW,2026-09-03,C,7755.0,7711.7598,14.5,16.0,14.8,36.0,15.6,138.0,101.0,0.0809,0.3064,0.0044,-2.4159,3.5076,0.2565
2026-08-29T02:35:52Z,2026-08-29 02:35:38,SPXW,2026-09-03,P,7755.0,7711.7598,57.4,1.0,60.9,1.0,57.1,37.0,53.0,0.0839,-0.6935,0.0044,-2.4159,3.5076,-0.5925
2026-08-29T02:35:52Z,2026-08-29 02:35:38,SPXW,2026-09-03,C,7760.0,7711.7598,12.9,17.0,13.2,38.0,12.9,228.0,96.0,0.0803,0.2834,0.0042,-2.3034,3.3958,0.237
2026-08-29T02:35:52Z,2026-08-29 02:35:38,SPXW,2026-09-03,P,7760.0,7711.7598,60.8,1.0,64.3,1.0,62.56,99.0,138.0,0.0835,-0.7165,0.0042,-2.3034,3.3958,-0.6125
2026-08-29T02:35:52Z,2026-08-29 02:35:38,SPXW,2026-09-03,C,7765.0,7711.7598,11.5,16.0,11.7,36.0,11.73,270.0,78.0,0.0797,0.261,0.0041,-2.1841,3.2736,0.2183
2026-08-29T02:35:52Z,2026-08-29 02:35:38,SPXW,2026-09-03,P,7765.0,7711.7598,64.3,1.0,68.0,1.0,44.3,62.0,5.0,0.0832,-0.7389,0.0041,-2.1841,3.2736,-0.6317
2026-08-29T02:35:52Z,2026-08-29 02:35:38,SPXW,2026-09-03,C,7770.0,7711.7598,10.1,43.0,10.4,46.0,10.2,212.0,109.0,0.0791,0.2392,0.004,-2.0594,3.1423,0.2
2026-08-29T02:35:52Z,2026-08-29 02:35:38,SPXW,2026-09-03,P,7770.0,7711.7598,65.3,1.0,73.4,1.0,75.24,14.0,53.0,0.083,-0.7606,0.004,-2.0594,3.1423,-0.6506
2026-08-29T02:35:52Z,2026-08-29 02:35:38,SPXW,2026-09-03,C,7775.0,7711.7598,8.9,18.0,9.1,37.0,9.1,201.0,227.0,0.0785,0.2182,0.0038,-1.9304,2.9999,0.1823
2026-08-29T02:35:52Z,2026-08-29 02:35:38,SPXW,2026-09-03,P,7775.0,7711.7598,69.1,1.0,77.2,1.0,72.97,32.0,46.0,0.0827,-0.7816,0.0038,-1.9304,2.9999,-0.6689
2026-08-29T02:35:52Z,2026-08-29 02:35:38,SPXW,2026-09-03,C,7780.0,7711.7598,7.8,19.0,8.0,39.0,7.73,180.0,168.0,0.0779,0.1981,0.0036,-1.7986,2.8512,0.1655
2026-08-29T02:35:52Z,2026-08-29 02:35:38,SPXW,2026-09-03,P,7780.0,7711.7598,73.2,1.0,81.8,3.0,76.52,9.0,45.0,0.0823,-0.8018,0.0036,-1.7986,2.8512,-0.6862
2026-08-29T02:35:52Z,2026-08-29 02:35:38,SPXW,2026-09-03,C,7785.0,7711.7598,6.8,18.0,7.0,41.0,6.98,284.0,669.0,0.0776,0.1788,0.0034,-1.6654,2.6964,0.1492
2026-08-29T02:35:52Z,2026-08-29 02:35:38,SPXW,2026-09-03,P,7785.0,7711.7598,77.0,1.0,84.9,1.0,80.38,13.0,15.0,0.0829,-0.821,0.0034,-1.6654,2.6964,-0.703
2026-08-29T02:35:52Z,2026-08-29 02:35:38,SPXW,2026-09-03,C,7790.0,7711.7598,5.9,19.0,6.1,51.0,6.1,142.0,131.0,0.0769,0.1606,0.0032,-1.5322,2.5355,0.134
2026-08-29T02:35:52Z,2026-08-29 02:35:38,SPXW,2026-09-03,P,7790.0,7711.7598,80.7,3.0,89.1,1.0,70.0,15.0,66.0,0.0822,-0.8393,0.0032,-1.5322,2.5354,-0.7188
2026-08-29T02:35:52Z,2026-08-29 02:35:38,SPXW,2026-09-03,C,7795.0,7711.7598,5.1,22.0,5.3,55.0,5.9,58.0,79.0,0.0765,0.1435,0.003,-1.4006,2.373,0.1196
2026-08-29T02:35:52Z,2026-08-29 02:35:38,SPXW,2026-09-03,P,7795.0,7711.7598,85.0,3.0,93.3,1.0,116.23,0.0,1.0,0.0821,-0.8564,0.003,-1.4006,2.373,-0.7337
2026-08-29T02:35:52Z,2026-08-29 02:35:38,SPXW,2026-09-03,C,7800.0,7711.7598,4.4,2.0,4.6,58.0,4.5,882.0,709.0,0.0759,0.1275,0.0028,-1.2719,2.2083,0.1061
2026-08-29T02:35:52Z,2026-08-29 02:35:38,SPXW,2026-09-03,P,7800.0,7711.7598,89.2,3.0,98.0,2.0,90.71,12.0,68.0,0.0828,-0.8724,0.0028,-1.2719,2.2083,-0.7478
2026-08-29T02:35:52Z,2026-08-29 02:35:38,SPXW,2026-09-03,C,7805.0,7711.7598,3.7,55.0,3.9,62.0,3.97,187.0,80.0,0.0753,0.1126,0.0026,-1.1475,2.0439,0.0938
2026-08-29T02:35:52Z,2026-08-29 02:35:38,SPXW,2026-09-03,P,7805.0,7711.7598,93.8,1.0,101.9,1.0,0.0,0.0,0.0,0.0823,-0.8873,0.0026,-1.1475,2.0439,-0.7607
2026-08-29T02:35:52Z,2026-08-29 02:35:38,SPXW,2026-09-03,C,7810.0,7711.7598,3.2,2.0,3.3,67.0,3.3,249.0,136.0,0.0748,0.0989,0.0024,-1.0287,1.8823,0.0822
2026-08-29T02:35:52Z,2026-08-29 02:35:38,SPXW,2026-09-03,P,7810.0,7711.7598,98.3,1.0,106.4,2.0,57.97,3.0,38.0,0.0824,-0.901,0.0024,-1.0287,1.8822,-0.7728
2026-08-29T02:35:52Z,2026-08-29 02:35:38,SPXW,2026-09-03,C,7815.0,7711.7598,2.7,13.0,2.8,27.0,3.1,223.0,94.0,0.0744,0.0865,0.0021,-0.9166,1.724,0.0719
2026-08-29T02:35:52Z,2026-08-29 02:35:38,SPXW,2026-09-03,P,7815.0,7711.7598,103.0,1.0,111.4,1.0,150.76,0.0,3.0,0.0825,-0.9134,0.0021,-0.9166,1.724,-0.7837
2026-08-29T02:35:52Z,2026-08-29 02:35:38,SPXW,2026-09-03,C,7820.0,7711.7598,2.25,59.0,2.4,53.0,2.65,290.0,230.0,0.074,0.0752,0.0019,-0.8121,1.5715,0.0624
2026-08-29T02:35:52Z,2026-08-29 02:35:38,SPXW,2026-09-03,P,7820.0,7711.7598,107.5,1.0,115.7,2.0,116.31,85.0,154.0,0.0832,-0.9246,0.0019,-0.8121,1.5715,-0.7937
2026-08-29T02:35:52Z,2026-08-29 02:35:38,SPXW,2026-09-03,C,7825.0,7711.7598,1.9,3.0,2.05,82.0,2.6,414.0,808.0,0.0736,0.0652,0.0018,-0.716,1.4262,0.054
2026-08-29T02:35:52Z,2026-08-29 02:35:38,SPXW,2026-09-03,P,7825.0,7711.7598,109.5,3.0,122.2,1.0,114.84,0.0,11.0,0.0836,-0.9347,0.0018,-0.716,1.4261,-0.8026
2026-08-29T02:35:52Z,2026-08-29 02:35:38,SPXW,2026-09-03,C,7830.0,7711.7598,1.6,6.0,1.75,96.0,1.7,440.0,141.0,0.0733,0.0563,0.0016,-0.6286,1.289,0.0466
2026-08-29T02:35:52Z,2026-08-29 02:35:38,SPXW,2026-09-03,P,7830.0,7711.7598,114.1,3.0,127.8,3.0,72.22,3.0,26.0,0.0841,-0.9436,0.0016,-0.6286,1.289,-0.8105
2026-08-29T02:35:52Z,2026-08-29 02:35:38,SPXW,2026-09-03,C,7835.0,7711.7598,1.3,101.0,1.45,65.0,1.85,289.0,149.0,0.0731,0.0485,0.0014,-0.5502,1.1611,0.04
2026-08-29T02:35:52Z,2026-08-29 02:35:38,SPXW,2026-09-03,P,7835.0,7711.7598,118.3,3.0,132.5,2.0,0.0,0.0,0.0,0.0847,-0.9514,0.0014,-0.5502,1.1611,-0.8177
2026-08-29T02:35:52Z,2026-08-29 02:35:38,SPXW,2026-09-03,C,7840.0,7711.7598,1.1,40.0,1.25,95.0,1.29,641.0,539.0,0.0728,0.0417,0.0012,-0.4805,1.0435,0.0344
2026-08-29T02:35:52Z,2026-08-29 02:35:38,SPXW,2026-09-03,P,7840.0,7711.7598,123.6,3.0,137.3,3.0,150.39,0.0,12.0,0.0859,-0.9582,0.0012,-0.4805,1.0435,-0.8238
2026-08-29T02:35:52Z,2026-08-29 02:35:38,SPXW,2026-09-03,C,7845.0,7711.7598,0.9,155.0,1.05,100.0,1.1,221.0,130.0,0.0729,0.0358,0.0011,-0.4192,0.9358,0.0295
2026-08-29T02:35:52Z,2026-08-29 02:35:38,SPXW,2026-09-03,P,7845.0,7711.7598,128.4,1.0,142.1,4.0,132.36,0.0,1.0,0.0869,-0.9641,0.0011,-0.4192,0.9358,-0.8293
2026-08-29T02:35:52Z,2026-08-29 02:35:38,SPXW,2026-09-03,C,7850.0,7711.7598,0.75,211.0,0.9,133.0,0.91,951.0,1618.0,0.0723,0.0308,0.001,-0.3658,0.8384,0.0254
2026-08-29T02:35:52Z,2026-08-29 02:35:38,SPXW,2026-09-03,P,7850.0,7711.7598,133.0,3.0,146.9,3.0,88.22,2.0,23.0,0.0878,-0.9691,0.001,-0.3658,0.8384,-0.834
2026-08-29T02:35:52Z,2026-08-29 02:35:38,SPXW,2026-09-03,C,7855.0,7711.7598,0.65,108.0,0.8,155.0,0.75,454.0,1210.0,0.0729,0.0265,0.0008,-0.3195,0.7513,0.0218
2026-08-29T02:35:52Z,2026-08-29 02:35:38,SPXW,2026-09-03,P,7855.0,7711.7598,138.4,1.0,151.8,3.0,0.0,0.0,0.0,0.0894,-0.9734,0.0008,-0.3195,0.7513,-0.8381
2026-08-29T02:35:52Z,2026-08-29 02:35:38,SPXW,2026-09-03,C,7860.0,7711.7598,0.55,160.0,0.65,79.0,0.65,467.0,233.0,0.0727,0.0229,0.0008,-0.2798,0.6734,0.0188
2026-08-29T02:35:52Z,2026-08-29 02:35:38,SPXW,2026-09-03,P,7860.0,7711.7598,142.5,3.0,156.4,1.0,125.73,0.0,32.0,0.091,-0.977,0.0008,-0.2798,0.6734,-0.8417
2026-08-29T02:35:52Z,2026-08-29 02:35:38,SPXW,2026-09-03,C,7865.0,7711.7598,0.45,240.0,0.6,180.0,0.6,196.0,0.0,0.0733,0.0198,0.0007,-0.2459,0.6045,0.0163
2026-08-29T02:35:52Z,2026-08-29 02:35:38,SPXW,2026-09-03,P,7865.0,7711.7598,147.0,2.0,161.6,1.0,0.0,0.0,0.0,0.0925,-0.9801,0.0007,-0.2459,0.6044,-0.8447
2026-08-29T02:35:52Z,2026-08-29 02:35:38,SPXW,2026-09-03,C,7870.0,7711.7598,0.4,151.0,0.5,159.0,0.45,481.0,646.0,0.0735,0.0172,0.0006,-0.217,0.544,0.0141
2026-08-29T02:35:52Z,2026-08-29 02:35:38,SPXW,2026-09-03,P,7870.0,7711.7598,153.0,1.0,166.7,2.0,119.94,0.0,1.0,0.094,-0.9826,0.0006,-0.217,0.544,-0.8474
2026-08-29T02:35:52Z,2026-08-29 02:35:38,SPXW,2026-09-03,C,7875.0,7711.7598,0.35,113.0,0.45,173.0,0.4,191.0,506.0,0.0742,0.0151,0.0005,-0.1925,0.4909,0.0123
2026-08-29T02:35:52Z,2026-08-29 02:35:38,SPXW,2026-09-03,P,7875.0,7711.7598,157.5,1.0,171.2,1.0,167.81,2.0,1.0,0.0964,-0.9848,0.0005,-0.1925,0.4909,-0.8498
2026-08-29T02:35:52Z,2026-08-29 02:35:38,SPXW,2026-09-03,C,7880.0,7711.7598,0.3,120.0,0.4,188.0,0.35,115.0,566.0,0.0747,0.0133,0.0005,-0.1718,0.4444,0.0108
2026-08-29T02:35:52Z,2026-08-29 02:35:38,SPXW,2026-09-03,P,7880.0,7711.7598,162.2,1.0,176.4,1.0,114.74,1.0,6.0,0.0977,-0.9866,0.0005,-0.1718,0.4444,-0.8518
2026-08-29T02:35:52Z,2026-08-29 02:35:38,SPXW,2026-09-03,C,7885.0,7711.7598,0.25,228.0,0.35,164.0,0.3,142.0,0.0,0.075,0.0118,0.0004,-0.1544,0.404,0.0096
2026-08-29T02:35:52Z,2026-08-29 02:35:38,SPXW,2026-09-03,P,7885.0,7711.7598,167.6,1.0,181.3,1.0,0.0,0.0,0.0,0.1,-0.9881,0.0004,-0.1544,0.404,-0.8536
2026-08-29T02:35:52Z,2026-08-29 02:35:38,SPXW,2026-09-03,C,7890.0,7711.7598,0.2,268.0,0.35,199.0,0.25,230.0,487.0,0.0769,0.0105,0.0004,-0.1398,0.3691,0.0086
2026-08-29T02:35:52Z,2026-08-29 02:35:38,SPXW,2026-09-03,P,7890.0,7711.7598,172.4,1.0,186.3,1.0,0.0,0.0,0.0,0.1024,-0.9894,0.0004,-0.1398,0.3691,-0.8552
2026-08-29T02:35:52Z,2026-08-29 02:35:38,SPXW,2026-09-03,C,7895.0,7711.7598,0.2,200.0,0.3,197.0,0.25,59.0,0.0,0.0768,0.0094,0.0003,-0.1275,0.3388,0.0077
2026-08-29T02:35:52Z,2026-08-29 02:35:38,SPXW,2026-09-03,P,7895.0,7711.7598,177.9,1.0,190.4,1.0,0.0,0.0,0.0,0.1042,-0.9905,0.0003,-0.1275,0.3388,-0.8566
2026-08-29T02:35:52Z,2026-08-29 02:35:38,SPXW,2026-09-03,C,7900.0,7711.7598,0.15,284.0,0.3,221.0,0.25,299.0,3135.0,0.0786,0.0085,0.0003,-0.1172,0.3125,0.0069
2026-08-29T02:35:52Z,2026-08-29 02:35:38,SPXW,2026-09-03,P,7900.0,7711.7598,182.8,1.0,195.3,1.0,128.23,0.0,166.0,0.1065,-0.9914,0.0003,-0.1172,0.3125,-0.8579
2026-08-29T02:35:52Z,2026-08-29 02:35:38,SPXW,2026-09-03,C,7905.0,7711.7598,0.15,240.0,0.25,188.0,0.2,130.0,0.0,0.0781,0.0078,0.0003,-0.1087,0.2898,0.0063
2026-08-29T02:35:52Z,2026-08-29 02:35:38,SPXW,2026-09-03,P,7905.0,7711.7598,187.5,1.0,201.3,1.0,0.0,0.0,0.0,0.1088,-0.9921,0.0003,-0.1087,0.2898,-0.8591
2026-08-29T02:35:52Z,2026-08-29 02:35:38,SPXW,2026-09-03,C,7910.0,7711.7598,0.15,153.0,0.25,226.0,0.15,67.0,288.0,0.0799,0.0072,0.0002,-0.1015,0.2702,0.0058
2026-08-29T02:35:52Z,2026-08-29 02:35:38,SPXW,2026-09-03,P,7910.0,7711.7598,192.0,1.0,205.7,1.0,180.12,0.0,1.0,0.1105,-0.9927,0.0002,-0.1015,0.2702,-0.8601
2026-08-29T02:35:52Z,2026-08-29 02:35:38,SPXW,2026-09-03,C,7915.0,7711.7598,0.1,314.0,0.25,218.0,0.15,75.0,0.0,0.0817,0.0066,0.0002,-0.0953,0.2528,0.0054
2026-08-29T02:35:52Z,2026-08-29 02:35:38,SPXW,2026-09-03,P,7915.0,7711.7598,197.3,1.0,211.0,1.0,0.0,0.0,0.0,0.1128,-0.9933,0.0002,-0.0955,0.2533,-0.8611
2026-08-29T02:35:52Z,2026-08-29 02:35:38,SPXW,2026-09-03,C,7920.0,7711.7598,0.1,275.0,0.2,105.0,0.1,99.0,445.0,0.082,0.0062,0.0002,-0.0904,0.2383,0.005
2026-08-29T02:35:52Z,2026-08-29 02:35:38,SPXW,2026-09-03,P,7920.0,7711.7598,202.0,1.0,215.9,1.0,0.0,0.0,0.0,0.1144,-0.9937,0.0002,-0.0905,0.2386,-0.862
2026-08-29T02:35:52Z,2026-08-29 02:35:38,SPXW,2026-09-03,C,7925.0,7711.7598,0.1,260.0,0.2,219.0,0.15,55.0,544.0,0.0838,0.0058,0.0002,-0.0866,0.2258,0.0047
2026-08-29T02:35:52Z,2026-08-29 02:35:38,SPXW,2026-09-03,P,7925.0,7711.7598,207.5,1.0,221.2,1.0,209.32,0.0,4.0,0.101,-0.9941,0.0002,-0.0864,0.2258,-0.8629
2026-08-29T02:35:52Z,2026-08-29 02:35:38,SPXW,2026-09-03,C,7930.0,7711.7598,0.1,244.0,0.2,234.0,0.1,30.0,280.0,0.0839,0.0055,0.0002,-0.0831,0.2145,0.0044
2026-08-29T02:35:52Z,2026-08-29 02:35:38,SPXW,2026-09-03,P,7930.0,7711.7598,209.3,1.0,226.3,1.0,0.0,0.0,0.0,0.1355,-0.9944,0.0002,-0.0829,0.2145,-0.8637
2026-08-29T02:35:52Z,2026-08-29 02:35:38,SPXW,2026-09-03,C,7935.0,7711.7598,0.1,222.0,0.2,258.0,0.1,26.0,0.0,0.0856,0.0052,0.0002,-0.0802,0.2047,0.0042
2026-08-29T02:35:52Z,2026-08-29 02:35:38,SPXW,2026-09-03,P,7935.0,7711.7598,214.5,1.0,233.8,1.0,0.0,0.0,0.0,0.1379,-0.9947,0.0002,-0.08,0.2047,-0.8645
2026-08-29T02:35:52Z,2026-08-29 02:35:38,SPXW,2026-09-03,C,7940.0,7711.7598,0.1,151.0,0.2,291.0,0.1,55.0,302.0,0.0873,0.005,0.0002,-0.0777,0.196,0.004
2026-08-29T02:35:52Z,2026-08-29 02:35:38,SPXW,2026-09-03,P,7940.0,7711.7598,218.8,1.0,236.3,1.0,0.0,0.0,0.0,0.1404,-0.9949,0.0002,-0.0776,0.196,-0.8652
2026-08-29T02:35:52Z,2026-08-29 02:35:38,SPXW,2026-09-03,C,7945.0,7711.7598,0.05,713.0,0.15,162.0,0.1,23.0,0.0,0.0889,0.0047,0.0002,-0.0755,0.188,0.0038
2026-08-29T02:35:52Z,2026-08-29 02:35:38,SPXW,2026-09-03,P,7945.0,7711.7598,224.0,1.0,244.0,1.0,0.0,0.0,0.0,0.1428,-0.9952,0.0002,-0.0755,0.1883,-0.8659
2026-08-29T02:35:52Z,2026-08-29 02:35:38,SPXW,2026-09-03,C,7950.0,7711.7598,0.05,854.0,0.15,153.0,0.1,76.0,694.0,0.0885,0.0046,0.0001,-0.0738,0.1812,0.0037
2026-08-29T02:35:52Z,2026-08-29 02:35:38,SPXW,2026-09-03,P,7950.0,7711.7598,228.8,1.0,246.2,1.0,0.0,0.0,0.0,0.1452,-0.9953,0.0001,-0.0738,0.1814,-0.8666
2026-08-29T02:35:52Z,2026-08-29 02:35:38,SPXW,2026-09-03,C,7955.0,7711.7598,0.05,548.0,0.15,162.0,0.1,6.0,0.0,0.0901,0.0044,0.0001,-0.0724,0.1751,0.0035
2026-08-29T02:35:52Z,2026-08-29 02:35:38,SPXW,2026-09-03,P,7955.0,7711.7598,234.0,1.0,253.8,1.0,0.0,0.0,0.0,0.1477,-0.9955,0.0001,-0.0724,0.1752,-0.8673
2026-08-29T02:35:52Z,2026-08-29 02:35:38,SPXW,2026-09-03,C,7960.0,7711.7598,0.05,547.0,0.15,198.0,0.1,8.0,169.0,0.0918,0.0042,0.0001,-0.0711,0.1695,0.0034
2026-08-29T02:35:52Z,2026-08-29 02:35:38,SPXW,2026-09-03,P,7960.0,7711.7598,238.8,1.0,256.2,1.0,221.84,0.0,30.0,0.1501,-0.9956,0.0001,-0.0712,0.1696,-0.868
2026-08-29T02:35:52Z,2026-08-29 02:35:38,SPXW,2026-09-03,C,7970.0,7711.7598,0.05,525.0,0.15,263.0,0.1,9.0,234.0,0.0951,0.004,0.0001,-0.0692,0.1598,0.0032
2026-08-29T02:35:52Z,2026-08-29 02:35:38,SPXW,2026-09-03,P,7970.0,7711.7598,248.8,1.0,266.2,1.0,297.21,0.0,3.0,0.1549,-0.9959,0.0001,-0.0692,0.1599,-0.8693
2026-08-29T02:35:52Z,2026-08-29 02:35:38,SPXW,2026-09-03,C,7975.0,7711.7598,0.05,538.0,0.15,264.0,0.1,28.0,452.0,0.0967,0.0039,0.0001,-0.0684,0.1555,0.0031
2026-08-29T02:35:52Z,2026-08-29 02:35:38,SPXW,2026-09-03,P,7975.0,7711.7598,254.0,1.0,271.2,1.0,259.12,0.0,1.0,0.1572,-0.996,0.0001,-0.0684,0.1556,-0.8699
2026-08-29T02:35:52Z,2026-08-29 02:35:38,SPXW,2026-09-03,C,7980.0,7711.7598,0.05,505.0,0.15,230.0,0.2,20.0,0.0,0.0983,0.0038,0.0001,-0.0678,0.1515,0.0031
2026-08-29T02:35:52Z,2026-08-29 02:35:38,SPXW,2026-09-03,P,7980.0,7711.7598,259.0,1.0,278.8,1.0,0.0,0.0,0.0,0.1596,-0.9961,0.0001,-0.0678,0.1516,-0.8705
2026-08-29T02:35:52Z,2026-08-29 02:35:38,SPXW,2026-09-03,C,7990.0,7711.7598,0.05,507.0,0.15,245.0,0.0,0.0,0.0,0.1017,0.0036,0.0001,-0.0667,0.1443,0.0029
2026-08-29T02:35:52Z,2026-08-29 02:35:38,SPXW,2026-09-03,P,7990.0,7711.7598,269.0,1.0,288.8,1.0,0.0,0.0,0.0,0.1644,-0.9963,0.0001,-0.0667,0.1444,-0.8718
2026-08-29T02:35:52Z,2026-08-29 02:35:38,SPXW,2026-09-03,C,8000.0,7711.7598,0.05,507.0,0.15,283.0,0.11,33.0,338.0,0.1048,0.0035,0.0001,-0.0659,0.138,0.0028
2026-08-29T02:35:52Z,2026-08-29 02:35:38,SPXW,2026-09-03,P,8000.0,7711.7598,279.0,1.0,296.1,1.0,277.2,0.0,2.0,0.1691,-0.9964,0.0001,-0.0658,0.138,-0.873
2026-08-29T02:35:52Z,2026-08-29 02:35:38,SPXW,2026-09-03,C,8010.0,7711.7598,0.05,306.0,0.15,250.0,0.0,0.0,0.0,0.1081,0.0033,0.0001,-0.0651,0.1323,0.0027
2026-08-29T02:35:52Z,2026-08-29 02:35:38,SPXW,2026-09-03,P,8010.0,7711.7598,289.0,1.0,308.9,1.0,0.0,0.0,0.0,0.1737,-0.9966,0.0001,-0.0651,0.1322,-0.8742
2026-08-29T02:35:52Z,2026-08-29 02:35:38,SPXW,2026-09-03,C,8020.0,7711.7598,0.05,305.0,0.15,267.0,0.1,1.0,0.0,0.1113,0.0032,0.0001,-0.0645,0.127,0.0026
2026-08-29T02:35:52Z,2026-08-29 02:35:38,SPXW,2026-09-03,P,8020.0,7711.7598,299.0,1.0,318.8,1.0,0.0,0.0,0.0,0.1784,-0.9967,0.0001,-0.0645,0.127,-0.8754
2026-08-29T02:35:52Z,2026-08-29 02:35:38,SPXW,2026-09-03,C,8025.0,7711.7598,0.05,319.0,0.15,324.0,0.1,466.0,316.0,0.1128,0.0031,0.0001,-0.0642,0.1246,0.0025
2026-08-29T02:35:52Z,2026-08-29 02:35:38,SPXW,2026-09-03,P,8025.0,7711.7598,304.0,1.0,321.2,1.0,0.0,0.0,0.0,0.1807,-0.9968,0.0001,-0.0642,0.1246,-0.876
2026-08-29T02:35:52Z,2026-08-29 02:35:38,SPXW,2026-09-03,C,8030.0,7711.7598,0.05,305.0,0.15,270.0,0.0,0.0,0.0,0.1148,0.0031,0.0001,-0.0639,0.1218,0.0025
2026-08-29T02:35:52Z,2026-08-29 02:35:38,SPXW,2026-09-03,P,8030.0,7711.7598,309.0,1.0,328.8,1.0,0.0,0.0,0.0,0.183,-0.9968,0.0001,-0.064,0.1223,-0.8766
2026-08-29T02:35:52Z,2026-08-29 02:35:38,SPXW,2026-09-03,C,8050.0,7711.7598,0.05,312.0,0.15,411.0,0.05,1.0,675.0,0.1212,0.0029,0.0001,-0.063,0.1134,0.0023
2026-08-29T02:35:52Z,2026-08-29 02:35:38,SPXW,2026-09-03,P,8050.0,7711.7598,329.0,1.0,346.2,1.0,0.0,0.0,0.0,0.1911,-0.997,0.0001,-0.063,0.1138,-0.8789
2026-08-29T02:35:52Z,2026-08-29 02:35:38,SPXW,2026-09-03,C,8075.0,7711.7598,0.05,284.0,0.15,390.0,0.1,17.0,146.0,0.129,0.0027,0.0001,-0.062,0.1045,0.0021
2026-08-29T02:35:52Z,2026-08-29 02:35:38,SPXW,2026-09-03,P,8075.0,7711.7598,354.0,1.0,371.0,1.0,0.0,0.0,0.0,0.2024,-0.9972,0.0001,-0.0621,0.1048,-0.8818
2026-08-29T02:35:52Z,2026-08-29 02:35:38,SPXW,2026-09-03,C,8100.0,7711.7598,0.05,220.0,0.15,396.0,0.1,4.0,547.0,0.1369,0.0025,0.0001,-0.0612,0.0967,0.002
2026-08-29T02:35:52Z,2026-08-29 02:35:38,SPXW,2026-09-03,P,8100.0,7711.7598,379.0,1.0,396.0,1.0,392.34,2.0,0.0,0.2136,-0.9974,0.0001,-0.0612,0.097,-0.8847
2026-08-29T02:35:52Z,2026-08-29 02:35:38,SPXW,2026-09-03,C,8125.0,7711.7598,0.05,219.0,0.15,504.0,0.1,0.0,23.0,0.1446,0.0023,0.0,-0.0603,0.09,0.0019
2026-08-29T02:35:52Z,2026-08-29 02:35:38,SPXW,2026-09-03,P,8125.0,7711.7598,404.0,1.0,421.1,1.0,0.0,0.0,0.0,0.2247,-0.9976,0.0,-0.0603,0.0902,-0.8876
2026-08-29T02:35:52Z,2026-08-29 02:35:38,SPXW,2026-09-03,C,8150.0,7711.7598,0.05,162.0,0.15,528.0,0.1,0.0,22.0,0.1523,0.0022,0.0,-0.0595,0.084,0.0017
2026-08-29T02:35:52Z,2026-08-29 02:35:38,SPXW,2026-09-03,P,8150.0,7711.7598,428.7,1.0,446.0,1.0,473.81,0.0,3.0,0.2357,-0.9977,0.0,-0.0595,0.0843,-0.8904
2026-08-29T02:35:52Z,2026-08-29 02:35:38,SPXW,2026-09-03,C,8175.0,7711.7598,0.05,159.0,0.15,539.0,0.1,0.0,162.0,0.16,0.002,0.0,-0.0587,0.0788,0.0016
2026-08-29T02:35:52Z,2026-08-29 02:35:38,SPXW,2026-09-03,P,8175.0,7711.7598,453.9,1.0,471.1,1.0,0.0,0.0,0.0,0.2465,-0.9978,0.0,-0.0587,0.079,-0.8933
2026-08-29T02:35:52Z,2026-08-29 02:35:38,SPXW,2026-09-03,C,8200.0,7711.7598,0.0,0.0,0.1,257.0,0.1,0.0,1005.0,0.1578,0.0019,0.0,-0.0579,0.0741,0.0015
2026-08-29T02:35:52Z,2026-08-29 02:35:38,SPXW,2026-09-03,P,8200.0,7711.7598,478.9,1.0,499.2,1.0,0.0,0.0,0.0,0.2573,-0.998,0.0,-0.0579,0.0743,-0.8961
2026-08-29T02:35:52Z,2026-08-29 02:35:38,SPXW,2026-09-03,C,8225.0,7711.7598,0.0,0.0,0.1,240.0,0.1,0.0,9.0,0.1647,0.0018,0.0,-0.0571,0.07,0.0014
2026-08-29T02:35:52Z,2026-08-29 02:35:38,SPXW,2026-09-03,P,8225.0,7711.7598,503.9,1.0,521.2,1.0,0.0,0.0,0.0,0.2665,-0.9981,0.0,-0.0571,0.07,-0.899
2026-08-29T02:35:52Z,2026-08-29 02:35:38,SPXW,2026-09-03,C,8250.0,7711.7598,0.0,0.0,0.1,230.0,0.1,0.0,79.0,0.1718,0.0017,0.0,-0.0563,0.0661,0.0014
2026-08-29T02:35:52Z,2026-08-29 02:35:38,SPXW,2026-09-03,P,8250.0,7711.7598,528.7,1.0,545.9,1.0,0.0,0.0,0.0,0.2771,-0.9982,0.0,-0.0563,0.0661,-0.9018
2026-08-29T02:35:52Z,2026-08-29 02:35:38,SPXW,2026-09-03,C,8275.0,7711.7598,0.0,0.0,0.1,231.0,1.25,0.0,33.0,0.1788,0.0016,0.0,-0.0555,0.0626,0.0013
2026-08-29T02:35:52Z,2026-08-29 02:35:38,SPXW,2026-09-03,P,8275.0,7711.7598,553.9,1.0,571.0,1.0,0.0,0.0,0.0,0.2875,-0.9982,0.0,-0.0555,0.0626,-0.9046
2026-08-29T02:35:52Z,2026-08-29 02:35:38,SPXW,2026-09-03,C,8300.0,7711.7598,0.0,0.0,0.1,208.0,0.1,1.0,29.0,0.1861,0.0016,0.0,-0.0547,0.0592,0.0012
2026-08-29T02:35:52Z,2026-08-29 02:35:38,SPXW,2026-09-03,P,8300.0,7711.7598,578.9,1.0,595.9,1.0,0.0,0.0,0.0,0.2979,-0.9983,0.0,-0.0547,0.0594,-0.9074
2026-08-29T02:35:52Z,2026-08-29 02:35:38,SPXW,2026-09-03,C,8325.0,7711.7598,0.0,0.0,0.1,208.0,0.1,1.0,0.0,0.1931,0.0015,0.0,-0.0539,0.0563,0.0012
2026-08-29T02:35:52Z,2026-08-29 02:35:38,SPXW,2026-09-03,P,8325.0,7711.7598,603.9,1.0,621.0,1.0,0.0,0.0,0.0,0.3083,-0.9984,0.0,-0.0539,0.0564,-0.9102
2026-08-29T02:35:52Z,2026-08-29 02:35:38,SPXW,2026-09-03,C,8400.0,7711.7598,0.0,0.0,0.1,249.0,0.15,0.0,753.0,0.2135,0.0013,0.0,-0.0515,0.0488,0.001
2026-08-29T02:35:52Z,2026-08-29 02:35:38,SPXW,2026-09-03,P,8400.0,7711.7598,678.8,1.0,695.8,1.0,723.46,0.0,3.0,0.3388,-0.9986,0.0,-0.0515,0.0488,-0.9185
2026-08-29T02:35:52Z,2026-08-29 02:35:38,SPXW,2026-09-04,C,6950.0,7711.7598,752.4,1.0,772.9,1.0,766.3,2.0,7.0,0.0,0.9952,0.0,-0.2364,0.1565,1.5136
2026-08-29T02:35:52Z,2026-08-29 02:35:38,SPXW,2026-09-04,P,6950.0,7711.7598,0.4,249.0,0.5,13.0,0.4,160.0,1075.0,0.2933,-0.0047,0.0,-0.2367,0.1568,-0.0077
2026-08-29T02:35:52Z,2026-08-29 02:35:38,SPXW,2026-09-04,C,6960.0,7711.7598,745.8,1.0,762.7,1.0,0.0,0.0,0.0,0.0,0.9951,0.0,-0.2395,0.1601,1.5156
2026-08-29T02:35:52Z,2026-08-29 02:35:38,SPXW,2026-09-04,P,6960.0,7711.7598,0.4,270.0,0.5,7.0,0.45,7.0,130.0,0.2897,-0.0048,0.0,-0.2398,0.1605,-0.0079
2026-08-29T02:35:52Z,2026-08-29 02:35:38,SPXW,2026-09-04,C,6970.0,7711.7598,735.8,1.0,753.0,1.0,0.0,0.0,0.0,0.0,0.9949,0.0,-0.2427,0.1638,1.5175
2026-08-29T02:35:52Z,2026-08-29 02:35:38,SPXW,2026-09-04,P,6970.0,7711.7598,0.45,14.0,0.55,333.0,0.45,13.0,82.0,0.2877,-0.0049,0.0,-0.243,0.1642,-0.0081
2026-08-29T02:35:52Z,2026-08-29 02:35:38,SPXW,2026-09-04,C,6975.0,7711.7598,727.5,1.0,748.0,1.0,741.4,3.0,5.0,0.0,0.9949,0.0,-0.2443,0.1658,1.5185
2026-08-29T02:35:52Z,2026-08-29 02:35:38,SPXW,2026-09-04,P,6975.0,7711.7598,0.45,82.0,0.55,339.0,0.45,203.0,180.0,0.2859,-0.005,0.0,-0.2446,0.1662,-0.0082
2026-08-29T02:35:52Z,2026-08-29 02:35:38,SPXW,2026-09-04,C,6980.0,7711.7598,725.8,1.0,743.0,1.0,0.0,0.0,0.0,0.0,0.9948,0.0,-0.246,0.1677,1.5195
2026-08-29T02:35:52Z,2026-08-29 02:35:38,SPXW,2026-09-04,P,6980.0,7711.7598,0.45,85.0,0.55,311.0,0.45,12.0,222.0,0.2841,-0.0051,0.0,-0.2463,0.1681,-0.0083
2026-08-29T02:35:52Z,2026-08-29 02:35:38,SPXW,2026-09-04,C,6990.0,7711.7598,712.2,1.0,732.7,1.0,488.67,0.0,1.0,0.0,0.9947,0.0,-0.2493,0.1717,1.5215
2026-08-29T02:35:52Z,2026-08-29 02:35:38,SPXW,2026-09-04,P,6990.0,7711.7598,0.45,140.0,0.55,285.0,0.5,2.0,263.0,0.2804,-0.0052,0.0,-0.2496,0.1721,-0.0085
2026-08-29T02:35:52Z,2026-08-29 02:35:38,SPXW,2026-09-04,C,7000.0,7711.7598,706.3,7.0,719.7,7.0,733.31,1.0,4544.0,0.2821,0.9946,0.0,-0.2527,0.1758,1.5235
2026-08-29T02:35:52Z,2026-08-29 02:35:38,SPXW,2026-09-04,P,7000.0,7711.7598,0.45,192.0,0.55,201.0,0.45,2311.0,7264.0,0.2784,-0.0053,0.0,-0.253,0.1762,-0.0088
2026-08-29T02:35:52Z,2026-08-29 02:35:38,SPXW,2026-09-04,C,7010.0,7711.7598,692.5,1.0,713.2,2.0,0.0,0.0,0.0,0.0,0.9944,0.0,-0.2562,0.1801,1.5254
2026-08-29T02:35:52Z,2026-08-29 02:35:38,SPXW,2026-09-04,P,7010.0,7711.7598,0.45,254.0,0.55,13.0,0.5,63.0,205.0,0.2747,-0.0055,0.0,-0.2565,0.1805,-0.009
2026-08-29T02:35:52Z,2026-08-29 02:35:38,SPXW,2026-09-04,C,7020.0,7711.7598,685.9,1.0,702.8,1.0,0.0,0.0,0.0,0.0,0.9943,0.0,-0.2598,0.1845,1.5274
2026-08-29T02:35:52Z,2026-08-29 02:35:38,SPXW,2026-09-04,P,7020.0,7711.7598,0.5,13.0,0.6,322.0,0.5,8.0,40.0,0.2711,-0.0056,0.0001,-0.2601,0.1849,-0.0092
2026-08-29T02:35:52Z,2026-08-29 02:35:38,SPXW,2026-09-04,C,7025.0,7711.7598,677.5,1.0,698.0,1.0,0.0,0.0,0.0,0.0,0.9942,0.0001,-0.2616,0.1868,1.5283
2026-08-29T02:35:52Z,2026-08-29 02:35:38,SPXW,2026-09-04,P,7025.0,7711.7598,0.5,13.0,0.6,333.0,0.5,48.0,2862.0,0.2707,-0.0057,0.0001,-0.262,0.1872,-0.0094
2026-08-29T02:35:52Z,2026-08-29 02:35:38,SPXW,2026-09-04,C,7030.0,7711.7598,675.7,1.0,693.0,1.0,0.0,0.0,0.0,0.0,0.9941,0.0001,-0.2635,0.189,1.5293
2026-08-29T02:35:52Z,2026-08-29 02:35:38,SPXW,2026-09-04,P,7030.0,7711.7598,0.5,85.0,0.6,304.0,0.5,15.0,57.0,0.2689,-0.0058,0.0001,-0.2638,0.1895,-0.0095
2026-08-29T02:35:52Z,2026-08-29 02:35:38,SPXW,2026-09-04,C,7040.0,7711.7598,662.6,1.0,683.1,1.0,685.33,1.0,0.0,0.0,0.994,0.0001,-0.2673,0.1938,1.5312
2026-08-29T02:35:52Z,2026-08-29 02:35:38,SPXW,2026-09-04,P,7040.0,7711.7598,0.5,85.0,0.6,300.0,0.55,129.0,150.0,0.2652,-0.0059,0.0001,-0.2676,0.1942,-0.0098
2026-08-29T02:35:52Z,2026-08-29 02:35:38,SPXW,2026-09-04,C,7050.0,7711.7598,652.8,1.0,673.3,1.0,675.78,1.0,179.0,0.0,0.9938,0.0001,-0.2712,0.1986,1.5331
2026-08-29T02:35:52Z,2026-08-29 02:35:38,SPXW,2026-09-04,P,7050.0,7711.7598,0.5,138.0,0.6,190.0,0.5,544.0,3729.0,0.2615,-0.0061,0.0001,-0.2716,0.1991,-0.01
2026-08-29T02:35:52Z,2026-08-29 02:35:38,SPXW,2026-09-04,C,7060.0,7711.7598,645.8,1.0,662.8,1.0,0.0,0.0,0.0,0.0,0.9936,0.0001,-0.2752,0.2037,1.535
2026-08-29T02:35:52Z,2026-08-29 02:35:38,SPXW,2026-09-04,P,7060.0,7711.7598,0.5,219.0,0.6,13.0,0.45,16.0,85.0,0.2596,-0.0062,0.0001,-0.2752,0.2037,-0.0103
2026-08-29T02:35:52Z,2026-08-29 02:35:38,SPXW,2026-09-04,C,7070.0,7711.7598,635.9,1.0,652.8,1.0,642.8,2.0,0.0,0.0,0.9934,0.0001,-0.2793,0.2089,1.5369
2026-08-29T02:35:52Z,2026-08-29 02:35:38,SPXW,2026-09-04,P,7070.0,7711.7598,0.55,13.0,0.65,305.0,0.6,73.0,51.0,0.2559,-0.0064,0.0001,-0.2794,0.209,-0.0106
2026-08-29T02:35:52Z,2026-08-29 02:35:38,SPXW,2026-09-04,C,7075.0,7711.7598,627.8,1.0,648.3,2.0,670.92,6.0,67.0,0.0,0.9934,0.0001,-0.2815,0.2116,1.5379
2026-08-29T02:35:52Z,2026-08-29 02:35:38,SPXW,2026-09-04,P,7075.0,7711.7598,0.55,13.0,0.65,322.0,0.6,746.0,131.0,0.254,-0.0065,0.0001,-0.2815,0.2117,-0.0107
2026-08-29T02:35:52Z,2026-08-29 02:35:38,SPXW,2026-09-04,C,7080.0,7711.7598,626.0,1.0,643.6,1.0,665.97,6.0,62.0,0.0,0.9933,0.0001,-0.2836,0.2144,1.5388
2026-08-29T02:35:52Z,2026-08-29 02:35:38,SPXW,2026-09-04,P,7080.0,7711.7598,0.55,84.0,0.65,295.0,0.55,5.0,51.0,0.2535,-0.0066,0.0001,-0.2836,0.2144,-0.0109
2026-08-29T02:35:52Z,2026-08-29 02:35:38,SPXW,2026-09-04,C,7090.0,7711.7598,616.0,1.0,633.2,1.0,627.49,1.0,0.0,0.0,0.9931,0.0001,-0.288,0.2201,1.5407
2026-08-29T02:35:52Z,2026-08-29 02:35:38,SPXW,2026-09-04,P,7090.0,7711.7598,0.55,83.0,0.65,270.0,0.55,6.0,105.0,0.2498,-0.0068,0.0001,-0.288,0.2201,-0.0112
2026-08-29T02:35:52Z,2026-08-29 02:35:38,SPXW,2026-09-04,C,7100.0,7711.7598,606.1,1.0,623.2,1.0,616.25,3.0,10.0,0.0,0.9929,0.0001,-0.2925,0.226,1.5425
2026-08-29T02:35:52Z,2026-08-29 02:35:38,SPXW,2026-09-04,P,7100.0,7711.7598,0.55,191.0,0.65,155.0,0.55,623.0,1134.0,0.2461,-0.007,0.0001,-0.2926,0.2261,-0.0115
2026-08-29T02:35:52Z,2026-08-29 02:35:38,SPXW,2026-09-04,C,7110.0,7711.7598,596.1,1.0,613.2,1.0,0.0,0.0,0.0,0.0,0.9926,0.0001,-0.2972,0.2323,1.5444
2026-08-29T02:35:52Z,2026-08-29 02:35:38,SPXW,2026-09-04,P,7110.0,7711.7598,0.55,230.0,0.7,314.0,0.5,184.0,40.0,0.2436,-0.0072,0.0001,-0.2973,0.2324,-0.0119
2026-08-29T02:35:52Z,2026-08-29 02:35:38,SPXW,2026-09-04,C,7120.0,7711.7598,586.1,1.0,603.2,1.0,0.0,0.0,0.0,0.0,0.9924,0.0001,-0.3021,0.2388,1.5462
2026-08-29T02:35:52Z,2026-08-29 02:35:38,SPXW,2026-09-04,P,7120.0,7711.7598,0.6,14.0,0.65,4.0,0.6,190.0,207.0,0.2398,-0.0074,0.0001,-0.3022,0.2389,-0.0122
2026-08-29T02:35:52Z,2026-08-29 02:35:38,SPXW,2026-09-04,C,7125.0,7711.7598,581.1,1.0,598.4,1.0,588.81,7.0,4.0,0.0,0.9923,0.0001,-0.3046,0.2422,1.5471
2026-08-29T02:35:52Z,2026-08-29 02:35:38,SPXW,2026-09-04,P,7125.0,7711.7598,0.6,83.0,0.7,299.0,0.55,305.0,660.0,0.2391,-0.0076,0.0001,-0.3047,0.2423,-0.0124
2026-08-29T02:35:52Z,2026-08-29 02:35:38,SPXW,2026-09-04,C,7130.0,7711.7598,576.1,1.0,593.4,1.0,0.0,0.0,0.0,0.0,0.9922,0.0001,-0.3071,0.2456,1.548
2026-08-29T02:35:52Z,2026-08-29 02:35:38,SPXW,2026-09-04,P,7130.0,7711.7598,0.6,83.0,0.7,288.0,0.6,3746.0,94.0,0.2373,-0.0077,0.0001,-0.3072,0.2458,-0.0126
2026-08-29T02:35:52Z,2026-08-29 02:35:38,SPXW,2026-09-04,C,7140.0,7711.7598,566.2,1.0,583.2,1.0,612.96,0.0,6.0,0.0,0.9919,0.0001,-0.3123,0.2528,1.5498
2026-08-29T02:35:52Z,2026-08-29 02:35:38,SPXW,2026-09-04,P,7140.0,7711.7598,0.6,132.0,0.7,179.0,0.65,849.0,10020.0,0.2335,-0.0079,0.0001,-0.3124,0.253,-0.013
2026-08-29T02:35:52Z,2026-08-29 02:35:38,SPXW,2026-09-04,C,7150.0,7711.7598,553.0,1.0,573.4,1.0,563.96,8.0,4.0,0.0,0.9917,0.0001,-0.3177,0.2603,1.5516
2026-08-29T02:35:52Z,2026-08-29 02:35:38,SPXW,2026-09-04,P,7150.0,7711.7598,0.65,13.0,0.75,300.0,0.6,3205.0,20972.0,0.2309,-0.0082,0.0001,-0.3179,0.2605,-0.0135
2026-08-29T02:35:52Z,2026-08-29 02:35:38,SPXW,2026-09-04,C,7160.0,7711.7598,543.0,1.0,563.5,1.0,386.29,0.0,5.0,0.0,0.9914,0.0001,-0.3234,0.2681,1.5533
2026-08-29T02:35:52Z,2026-08-29 02:35:38,SPXW,2026-09-04,P,7160.0,7711.7598,0.65,82.0,0.75,289.0,0.68,1478.0,130.0,0.2271,-0.0085,0.0001,-0.3235,0.2683,-0.0139
2026-08-29T02:35:52Z,2026-08-29 02:35:38,SPXW,2026-09-04,C,7170.0,7711.7598,536.3,1.0,553.5,1.0,0.0,0.0,0.0,0.0,0.9911,0.0001,-0.3293,0.2763,1.555
2026-08-29T02:35:52Z,2026-08-29 02:35:38,SPXW,2026-09-04,P,7170.0,7711.7598,0.65,81.0,0.75,240.0,0.7,243.0,192.0,0.2244,-0.0087,0.0001,-0.3294,0.2765,-0.0144
2026-08-29T02:35:52Z,2026-08-29 02:35:38,SPXW,2026-09-04,C,7175.0,7711.7598,528.0,1.0,548.5,1.0,490.89,0.0,109.0,0.0,0.991,0.0001,-0.3323,0.2806,1.5558
2026-08-29T02:35:52Z,2026-08-29 02:35:38,SPXW,2026-09-04,P,7175.0,7711.7598,0.65,130.0,0.75,151.0,0.7,288.0,214.0,0.2225,-0.0089,0.0001,-0.3324,0.2808,-0.0146
2026-08-29T02:35:52Z,2026-08-29 02:35:38,SPXW,2026-09-04,C,7180.0,7711.7598,523.0,1.0,543.5,1.0,286.2,0.0,1.0,0.0,0.9908,0.0001,-0.3354,0.285,1.5567
2026-08-29T02:35:52Z,2026-08-29 02:35:38,SPXW,2026-09-04,P,7180.0,7711.7598,0.7,14.0,0.8,298.0,0.7,82.0,88.0,0.2207,-0.0091,0.0001,-0.3355,0.2851,-0.0149
2026-08-29T02:35:52Z,2026-08-29 02:35:38,SPXW,2026-09-04,C,7190.0,7711.7598,513.1,1.0,533.5,1.0,436.91,0.0,4.0,0.0,0.9905,0.0001,-0.3418,0.294,1.5583
2026-08-29T02:35:52Z,2026-08-29 02:35:38,SPXW,2026-09-04,P,7190.0,7711.7598,0.7,15.0,0.8,261.0,0.65,390.0,269.0,0.2178,-0.0094,0.0001,-0.3421,0.2944,-0.0155
2026-08-29T02:35:52Z,2026-08-29 02:35:38,SPXW,2026-09-04,C,7200.0,7711.7598,506.2,1.0,523.4,1.0,466.34,0.0,31.0,0.0,0.9902,0.0001,-0.3485,0.3034,1.5599
2026-08-29T02:35:52Z,2026-08-29 02:35:38,SPXW,2026-09-04,P,7200.0,7711.7598,0.7,80.0,0.8,152.0,0.7,1502.0,4469.0,0.215,-0.0097,0.0001,-0.3488,0.3038,-0.016
2026-08-29T02:35:52Z,2026-08-29 02:35:38,SPXW,2026-09-04,C,7210.0,7711.7598,496.4,1.0,513.4,1.0,468.04,0.0,8.0,0.0,0.9898,0.0001,-0.3556,0.3134,1.5615
2026-08-29T02:35:52Z,2026-08-29 02:35:38,SPXW,2026-09-04,P,7210.0,7711.7598,0.75,14.0,0.85,289.0,0.65,254.0,260.0,0.2113,-0.0101,0.0001,-0.3556,0.3134,-0.0166
2026-08-29T02:35:52Z,2026-08-29 02:35:38,SPXW,2026-09-04,C,7220.0,7711.7598,483.1,1.0,503.6,1.0,572.14,0.0,11.0,0.0,0.9894,0.0001,-0.363,0.3239,1.5631
2026-08-29T02:35:52Z,2026-08-29 02:35:38,SPXW,2026-09-04,P,7220.0,7711.7598,0.75,77.0,0.85,246.0,0.76,93.0,319.0,0.2083,-0.0105,0.0001,-0.3634,0.3243,-0.0173
2026-08-29T02:35:52Z,2026-08-29 02:35:38,SPXW,2026-09-04,C,7225.0,7711.7598,481.4,1.0,498.4,1.0,501.0,0.0,57.0,0.0,0.9892,0.0001,-0.3669,0.3293,1.5638
2026-08-29T02:35:52Z,2026-08-29 02:35:38,SPXW,2026-09-04,P,7225.0,7711.7598,0.75,124.0,0.85,155.0,0.7,36.0,462.0,0.2072,-0.0107,0.0001,-0.3672,0.3298,-0.0176
2026-08-29T02:35:52Z,2026-08-29 02:35:38,SPXW,2026-09-04,C,7230.0,7711.7598,473.4,1.0,493.9,1.0,484.24,2.0,5.0,0.0,0.989,0.0001,-0.3709,0.335,1.5646
2026-08-29T02:35:52Z,2026-08-29 02:35:38,SPXW,2026-09-04,P,7230.0,7711.7598,0.8,14.0,0.9,273.0,0.7,3678.0,103.0,0.2053,-0.0109,0.0001,-0.3712,0.3355,-0.018
2026-08-29T02:35:52Z,2026-08-29 02:35:38,SPXW,2026-09-04,C,7240.0,7711.7598,466.5,1.0,483.5,1.0,469.0,2.0,5.0,0.0,0.9886,0.0001,-0.3792,0.3468,1.566
2026-08-29T02:35:52Z,2026-08-29 02:35:38,SPXW,2026-09-04,P,7240.0,7711.7598,0.8,73.0,0.9,232.0,0.75,49.0,285.0,0.2025,-0.0113,0.0001,-0.3792,0.3468,-0.0186
2026-08-29T02:35:52Z,2026-08-29 02:35:38,SPXW,2026-09-04,C,7250.0,7711.7598,456.3,1.0,473.7,1.0,459.2,4.0,27.0,0.0,0.9881,0.0001,-0.388,0.3594,1.5675
2026-08-29T02:35:52Z,2026-08-29 02:35:38,SPXW,2026-09-04,P,7250.0,7711.7598,0.8,150.0,0.95,264.0,0.8,3017.0,1552.0,0.1994,-0.0118,0.0001,-0.388,0.3594,-0.0194
2026-08-29T02:35:52Z,2026-08-29 02:35:38,SPXW,2026-09-04,C,7260.0,7711.7598,446.6,1.0,463.6,1.0,465.56,0.0,7.0,0.0,0.9876,0.0001,-0.3973,0.3728,1.5688
2026-08-29T02:35:52Z,2026-08-29 02:35:38,SPXW,2026-09-04,P,7260.0,7711.7598,0.85,70.0,0.95,222.0,0.85,1488.0,342.0,0.1956,-0.0123,0.0001,-0.3973,0.3728,-0.0202
2026-08-29T02:35:52Z,2026-08-29 02:35:38,SPXW,2026-09-04,C,7270.0,7711.7598,436.6,1.0,453.6,1.0,242.2,0.0,8.0,0.0,0.9871,0.0002,-0.4073,0.3872,1.5702
2026-08-29T02:35:52Z,2026-08-29 02:35:38,SPXW,2026-09-04,P,7270.0,7711.7598,0.9,14.0,1.0,239.0,0.85,132.0,282.0,0.1932,-0.0128,0.0002,-0.4073,0.3873,-0.0211
2026-08-29T02:35:52Z,2026-08-29 02:35:38,SPXW,2026-09-04,C,7275.0,7711.7598,431.6,1.0,448.8,1.0,409.06,0.0,9.0,0.0,0.9868,0.0002,-0.4125,0.3948,1.5708
2026-08-29T02:35:52Z,2026-08-29 02:35:38,SPXW,2026-09-04,P,7275.0,7711.7598,0.9,69.0,1.0,217.0,0.95,186.0,750.0,0.1913,-0.0131,0.0002,-0.4125,0.3948,-0.0216
2026-08-29T02:35:52Z,2026-08-29 02:35:38,SPXW,2026-09-04,C,7280.0,7711.7598,426.7,1.0,443.6,1.0,478.33,1.0,6.0,0.0,0.9865,0.0002,-0.4179,0.4026,1.5714
2026-08-29T02:35:52Z,2026-08-29 02:35:38,SPXW,2026-09-04,P,7280.0,7711.7598,0.9,131.0,1.0,13.0,0.95,409.0,79.0,0.19,-0.0134,0.0002,-0.4179,0.4026,-0.0221
2026-08-29T02:35:52Z,2026-08-29 02:35:38,SPXW,2026-09-04,C,7290.0,7711.7598,416.5,1.0,433.7,1.0,425.0,6.0,1.0,0.0,0.9859,0.0002,-0.4293,0.419,1.5725
2026-08-29T02:35:52Z,2026-08-29 02:35:38,SPXW,2026-09-04,P,7290.0,7711.7598,0.95,67.0,1.05,160.0,0.9,158.0,96.0,0.1868,-0.014,0.0002,-0.4293,0.419,-0.0231
2026-08-29T02:35:52Z,2026-08-29 02:35:38,SPXW,2026-09-04,C,7300.0,7711.7598,406.7,1.0,423.9,1.0,388.82,0.0,62.0,0.0,0.9852,0.0002,-0.4415,0.4365,1.5736
2026-08-29T02:35:52Z,2026-08-29 02:35:38,SPXW,2026-09-04,P,7300.0,7711.7598,1.0,16.0,1.1,212.0,0.95,570.0,3649.0,0.1842,-0.0147,0.0002,-0.4415,0.4365,-0.0243
2026-08-29T02:35:52Z,2026-08-29 02:35:38,SPXW,2026-09-04,C,7310.0,7711.7598,396.6,1.0,413.8,1.0,498.02,0.0,11.0,0.0,0.9845,0.0002,-0.4547,0.4552,1.5745
2026-08-29T02:35:52Z,2026-08-29 02:35:38,SPXW,2026-09-04,P,7310.0,7711.7598,1.0,139.0,1.15,216.0,1.1,340.0,231.0,0.1803,-0.0154,0.0002,-0.4547,0.4552,-0.0255
2026-08-29T02:35:52Z,2026-08-29 02:35:38,SPXW,2026-09-04,C,7320.0,7711.7598,386.9,1.0,403.8,1.0,228.9,0.0,9.0,0.0,0.9837,0.0002,-0.4689,0.4753,1.5754
2026-08-29T02:35:52Z,2026-08-29 02:35:38,SPXW,2026-09-04,P,7320.0,7711.7598,1.05,136.0,1.2,219.0,1.15,122.0,286.0,0.1776,-0.0162,0.0002,-0.4692,0.4756,-0.0269
2026-08-29T02:35:52Z,2026-08-29 02:35:38,SPXW,2026-09-04,C,7325.0,7711.7598,382.0,1.0,399.1,1.0,389.17,5.0,14.0,0.0,0.9832,0.0002,-0.4765,0.4859,1.5757
2026-08-29T02:35:52Z,2026-08-29 02:35:38,SPXW,2026-09-04,P,7325.0,7711.7598,1.1,63.0,1.2,90.0,1.15,511.0,1416.0,0.1762,-0.0166,0.0002,-0.4765,0.4859,-0.0276
2026-08-29T02:35:52Z,2026-08-29 02:35:38,SPXW,2026-09-04,C,7330.0,7711.7598,377.0,1.0,394.1,1.0,352.18,0.0,3.0,0.0,0.9828,0.0002,-0.4843,0.497,1.5761
2026-08-29T02:35:52Z,2026-08-29 02:35:38,SPXW,2026-09-04,P,7330.0,7711.7598,1.1,134.0,1.25,197.0,1.14,253.0,234.0,0.1748,-0.0171,0.0002,-0.4846,0.4974,-0.0283
2026-08-29T02:35:52Z,2026-08-29 02:35:38,SPXW,2026-09-04,C,7340.0,7711.7598,367.1,1.0,384.4,1.0,249.1,0.0,4.0,0.0,0.9818,0.0002,-0.5011,0.5205,1.5767
2026-08-29T02:35:52Z,2026-08-29 02:35:38,SPXW,2026-09-04,P,7340.0,7711.7598,1.15,132.0,1.3,187.0,1.17,236.0,1060.0,0.1719,-0.018,0.0002,-0.5014,0.5209,-0.0299
2026-08-29T02:35:52Z,2026-08-29 02:35:38,SPXW,2026-09-04,C,7345.0,7711.7598,361.9,1.0,379.2,1.0,0.0,0.0,0.0,0.0,0.9813,0.0002,-0.51,0.533,1.5769
2026-08-29T02:35:52Z,2026-08-29 02:35:38,SPXW,2026-09-04,P,7345.0,7711.7598,1.2,118.0,1.3,14.0,1.23,116.0,83.0,0.1699,-0.0186,0.0002,-0.51,0.533,-0.0307
2026-08-29T02:35:52Z,2026-08-29 02:35:38,SPXW,2026-09-04,C,7350.0,7711.7598,357.2,1.0,374.5,1.0,339.36,0.0,95.0,0.0,0.9808,0.0003,-0.5193,0.5461,1.5772
2026-08-29T02:35:52Z,2026-08-29 02:35:38,SPXW,2026-09-04,P,7350.0,7711.7598,1.25,16.0,1.35,44.0,1.2,809.0,1586.0,0.169,-0.0191,0.0003,-0.5194,0.5462,-0.0316
2026-08-29T02:35:52Z,2026-08-29 02:35:38,SPXW,2026-09-04,C,7355.0,7711.7598,351.9,1.0,369.1,1.0,0.0,0.0,0.0,0.0,0.9802,0.0003,-0.529,0.5598,1.5773
2026-08-29T02:35:52Z,2026-08-29 02:35:38,SPXW,2026-09-04,P,7355.0,7711.7598,1.25,137.0,1.4,186.0,1.32,55.0,101.0,0.168,-0.0196,0.0003,-0.529,0.5598,-0.0326
2026-08-29T02:35:52Z,2026-08-29 02:35:38,SPXW,2026-09-04,C,7360.0,7711.7598,343.8,1.0,364.3,3.0,354.52,3.0,15.0,0.0,0.9796,0.0003,-0.5392,0.574,1.5774
2026-08-29T02:35:52Z,2026-08-29 02:35:38,SPXW,2026-09-04,P,7360.0,7711.7598,1.3,128.0,1.45,185.0,1.3,112.0,270.0,0.166,-0.0202,0.0003,-0.5392,0.574,-0.0335
2026-08-29T02:35:52Z,2026-08-29 02:35:38,SPXW,2026-09-04,C,7365.0,7711.7598,341.4,1.0,359.2,1.0,0.0,0.0,0.0,0.0,0.979,0.0003,-0.5498,0.5889,1.5775
2026-08-29T02:35:52Z,2026-08-29 02:35:38,SPXW,2026-09-04,P,7365.0,7711.7598,1.35,16.0,1.45,26.0,1.4,124.0,89.0,0.1649,-0.0209,0.0003,-0.5498,0.5889,-0.0346
2026-08-29T02:35:52Z,2026-08-29 02:35:38,SPXW,2026-09-04,C,7370.0,7711.7598,336.7,1.0,354.4,1.0,416.42,0.0,32.0,0.0,0.9784,0.0003,-0.5608,0.6044,1.5775
2026-08-29T02:35:52Z,2026-08-29 02:35:38,SPXW,2026-09-04,P,7370.0,7711.7598,1.4,16.0,1.5,46.0,1.34,273.0,894.0,0.1638,-0.0215,0.0003,-0.5608,0.6044,-0.0356
2026-08-29T02:35:52Z,2026-08-29 02:35:38,SPXW,2026-09-04,C,7375.0,7711.7598,331.6,1.0,349.5,1.0,191.1,0.0,83.0,0.0,0.9777,0.0003,-0.5724,0.6205,1.5774
2026-08-29T02:35:52Z,2026-08-29 02:35:38,SPXW,2026-09-04,P,7375.0,7711.7598,1.4,124.0,1.55,176.0,1.43,303.0,556.0,0.1622,-0.0222,0.0003,-0.5724,0.6205,-0.0368
2026-08-29T02:35:52Z,2026-08-29 02:35:38,SPXW,2026-09-04,C,7380.0,7711.7598,327.2,1.0,344.5,1.0,311.12,0.0,35.0,0.0,0.9769,0.0003,-0.5845,0.6373,1.5773
2026-08-29T02:35:52Z,2026-08-29 02:35:38,SPXW,2026-09-04,P,7380.0,7711.7598,1.45,123.0,1.6,179.0,1.52,186.0,288.0,0.1606,-0.0229,0.0003,-0.5845,0.6373,-0.038
2026-08-29T02:35:52Z,2026-08-29 02:35:38,SPXW,2026-09-04,C,7385.0,7711.7598,322.3,1.0,339.8,1.0,0.0,0.0,0.0,0.0,0.9762,0.0003,-0.5972,0.6547,1.5771
2026-08-29T02:35:52Z,2026-08-29 02:35:38,SPXW,2026-09-04,P,7385.0,7711.7598,1.5,122.0,1.65,176.0,1.55,128.0,153.0,0.1594,-0.0237,0.0003,-0.5972,0.6547,-0.0393
2026-08-29T02:35:52Z,2026-08-29 02:35:38,SPXW,2026-09-04,C,7390.0,7711.7598,317.6,1.0,334.6,1.0,272.96,0.0,35.0,0.0,0.9754,0.0003,-0.6105,0.6729,1.5768
2026-08-29T02:35:52Z,2026-08-29 02:35:38,SPXW,2026-09-04,P,7390.0,7711.7598,1.55,120.0,1.7,175.0,1.65,307.0,439.0,0.1582,-0.0245,0.0003,-0.6105,0.6729,-0.0407
2026-08-29T02:35:52Z,2026-08-29 02:35:38,SPXW,2026-09-04,C,7395.0,7711.7598,309.2,1.0,330.3,1.0,319.74,5.0,0.0,0.0,0.9745,0.0004,-0.6244,0.6919,1.5765
2026-08-29T02:35:52Z,2026-08-29 02:35:38,SPXW,2026-09-04,P,7395.0,7711.7598,1.6,119.0,1.75,172.0,1.45,95.0,205.0,0.157,-0.0253,0.0004,-0.6244,0.6919,-0.0421
2026-08-29T02:35:52Z,2026-08-29 02:35:38,SPXW,2026-09-04,C,7400.0,7711.7598,304.3,1.0,324.8,1.0,314.92,5.0,173.0,0.0,0.9736,0.0004,-0.639,0.7118,1.5761
2026-08-29T02:35:52Z,2026-08-29 02:35:38,SPXW,2026-09-04,P,7400.0,7711.7598,1.65,121.0,1.8,123.0,1.65,991.0,3741.0,0.1556,-0.0262,0.0004,-0.639,0.7118,-0.0436
2026-08-29T02:35:52Z,2026-08-29 02:35:38,SPXW,2026-09-04,C,7405.0,7711.7598,302.3,1.0,320.0,1.0,0.0,0.0,0.0,0.0,0.9727,0.0004,-0.6543,0.7325,1.5756
2026-08-29T02:35:52Z,2026-08-29 02:35:38,SPXW,2026-09-04,P,7405.0,7711.7598,1.75,14.0,1.85,81.0,1.75,157.0,47.0,0.1543,-0.0272,0.0004,-0.6543,0.7325,-0.0452
2026-08-29T02:35:52Z,2026-08-29 02:35:38,SPXW,2026-09-04,C,7410.0,7711.7598,294.4,1.0,315.2,1.0,310.73,0.0,78.0,0.0,0.9717,0.0004,-0.6703,0.7543,1.5751
2026-08-29T02:35:52Z,2026-08-29 02:35:38,SPXW,2026-09-04,P,7410.0,7711.7598,1.8,15.0,1.9,15.0,1.79,160.0,212.0,0.153,-0.0282,0.0004,-0.6703,0.7543,-0.0468
2026-08-29T02:35:52Z,2026-08-29 02:35:38,SPXW,2026-09-04,C,7415.0,7711.7598,292.2,1.0,310.0,1.0,0.0,0.0,0.0,0.0,0.9706,0.0004,-0.687,0.7772,1.5744
2026-08-29T02:35:52Z,2026-08-29 02:35:38,SPXW,2026-09-04,P,7415.0,7711.7598,1.85,48.0,2.0,175.0,1.78,309.0,103.0,0.1516,-0.0292,0.0004,-0.687,0.7772,-0.0486
2026-08-29T02:35:52Z,2026-08-29 02:35:38,SPXW,2026-09-04,C,7420.0,7711.7598,284.5,1.0,305.0,1.0,350.52,2.0,22.0,0.0,0.9695,0.0004,-0.7046,0.8011,1.5737
2026-08-29T02:35:52Z,2026-08-29 02:35:38,SPXW,2026-09-04,P,7420.0,7711.7598,1.95,14.0,2.05,117.0,2.0,323.0,410.0,0.1504,-0.0304,0.0004,-0.7049,0.8016,-0.0504
2026-08-29T02:35:52Z,2026-08-29 02:35:38,SPXW,2026-09-04,C,7425.0,7711.7598,282.8,1.0,300.3,1.0,303.36,0.0,54.0,0.0,0.9684,0.0004,-0.7229,0.8262,1.5728
2026-08-29T02:35:52Z,2026-08-29 02:35:38,SPXW,2026-09-04,P,7425.0,7711.7598,2.0,15.0,2.1,15.0,2.0,1071.0,3044.0,0.1494,-0.0315,0.0004,-0.7229,0.8262,-0.0524
2026-08-29T02:35:52Z,2026-08-29 02:35:38,SPXW,2026-09-04,C,7430.0,7711.7598,274.7,1.0,295.2,1.0,305.78,2.0,19.0,0.0,0.9671,0.0005,-0.7421,0.8524,1.5718
2026-08-29T02:35:52Z,2026-08-29 02:35:38,SPXW,2026-09-04,P,7430.0,7711.7598,2.05,76.0,2.15,2.0,2.25,3271.0,370.0,0.1478,-0.0327,0.0005,-0.7421,0.8524,-0.0544
2026-08-29T02:35:52Z,2026-08-29 02:35:38,SPXW,2026-09-04,C,7435.0,7711.7598,269.8,1.0,290.4,1.0,0.0,0.0,0.0,0.0,0.9658,0.0005,-0.7622,0.8796,1.5707
2026-08-29T02:35:52Z,2026-08-29 02:35:38,SPXW,2026-09-04,P,7435.0,7711.7598,2.15,14.0,2.25,12.0,2.15,206.0,178.0,0.147,-0.034,0.0005,-0.7622,0.8796,-0.0566
2026-08-29T02:35:52Z,2026-08-29 02:35:38,SPXW,2026-09-04,C,7440.0,7711.7598,264.9,1.0,285.7,1.0,276.8,5.0,28.0,0.0,0.9644,0.0005,-0.7833,0.908,1.5694
2026-08-29T02:35:52Z,2026-08-29 02:35:38,SPXW,2026-09-04,P,7440.0,7711.7598,2.25,14.0,2.35,62.0,2.25,286.0,308.0,0.1454,-0.0354,0.0005,-0.7833,0.908,-0.059
2026-08-29T02:35:52Z,2026-08-29 02:35:38,SPXW,2026-09-04,C,7445.0,7711.7598,260.0,1.0,280.6,1.0,326.02,2.0,1.0,0.0,0.963,0.0005,-0.8053,0.9376,1.568
2026-08-29T02:35:52Z,2026-08-29 02:35:38,SPXW,2026-09-04,P,7445.0,7711.7598,2.35,13.0,2.45,59.0,2.4,542.0,275.0,0.1444,-0.0369,0.0005,-0.8053,0.9376,-0.0615
2026-08-29T02:35:52Z,2026-08-29 02:35:38,SPXW,2026-09-04,C,7450.0,7711.7598,255.1,1.0,274.6,1.0,268.03,8.0,179.0,0.0,0.9614,0.0005,-0.8284,0.9685,1.5665
2026-08-29T02:35:52Z,2026-08-29 02:35:38,SPXW,2026-09-04,P,7450.0,7711.7598,2.4,38.0,2.55,42.0,2.35,1654.0,4423.0,0.1433,-0.0384,0.0005,-0.8284,0.9685,-0.0642
2026-08-29T02:35:52Z,2026-08-29 02:35:38,SPXW,2026-09-04,C,7455.0,7711.7598,250.2,1.0,271.4,1.0,262.42,5.0,3.0,0.0,0.9598,0.0006,-0.8525,1.0007,1.5648
2026-08-29T02:35:52Z,2026-08-29 02:35:38,SPXW,2026-09-04,P,7455.0,7711.7598,2.5,38.0,2.65,41.0,2.5,541.0,224.0,0.1419,-0.0401,0.0006,-0.8525,1.0007,-0.0669
2026-08-29T02:35:52Z,2026-08-29 02:35:38,SPXW,2026-09-04,C,7460.0,7711.7598,245.3,1.0,265.8,1.0,339.91,0.0,41.0,0.0,0.958,0.0006,-0.8777,1.0345,1.563
2026-08-29T02:35:52Z,2026-08-29 02:35:38,SPXW,2026-09-04,P,7460.0,7711.7598,2.65,12.0,2.75,41.0,2.61,585.0,351.0,0.141,-0.0418,0.0006,-0.8777,1.0345,-0.0698
2026-08-29T02:35:52Z,2026-08-29 02:35:38,SPXW,2026-09-04,C,7465.0,7711.7598,240.4,1.0,260.9,1.0,249.41,0.0,4.0,0.0,0.9562,0.0006,-0.904,1.07,1.5611
2026-08-29T02:35:52Z,2026-08-29 02:35:38,SPXW,2026-09-04,P,7465.0,7711.7598,2.75,12.0,2.85,7.0,2.75,762.0,115.0,0.1398,-0.0437,0.0006,-0.904,1.07,-0.0729
2026-08-29T02:35:52Z,2026-08-29 02:35:38,SPXW,2026-09-04,C,7470.0,7711.7598,235.5,1.0,256.2,1.0,297.69,2.0,16.0,0.0829,0.9542,0.0006,-0.9315,1.1071,1.5589
2026-08-29T02:35:52Z,2026-08-29 02:35:38,SPXW,2026-09-04,P,7470.0,7711.7598,2.85,39.0,3.0,35.0,2.85,576.0,561.0,0.1385,-0.0456,0.0006,-0.9315,1.1071,-0.0761
2026-08-29T02:35:52Z,2026-08-29 02:35:38,SPXW,2026-09-04,C,7475.0,7711.7598,230.7,1.0,250.2,1.0,244.57,23.0,79.0,0.0898,0.9522,0.0007,-0.9602,1.1459,1.5566
2026-08-29T02:35:52Z,2026-08-29 02:35:38,SPXW,2026-09-04,P,7475.0,7711.7598,3.0,12.0,3.1,7.0,3.0,1648.0,1113.0,0.1372,-0.0477,0.0007,-0.9602,1.1459,-0.0796
2026-08-29T02:35:52Z,2026-08-29 02:35:38,SPXW,2026-09-04,C,7480.0,7711.7598,225.8,1.0,246.3,1.0,286.83,2.0,59.0,0.0932,0.95,0.0007,-0.9901,1.1862,1.554
2026-08-29T02:35:52Z,2026-08-29 02:35:38,SPXW,2026-09-04,P,7480.0,7711.7598,3.1,37.0,3.3,121.0,3.1,615.0,252.0,0.1363,-0.0499,0.0007,-0.9901,1.1862,-0.0833
2026-08-29T02:35:52Z,2026-08-29 02:35:38,SPXW,2026-09-04,C,7485.0,7711.7598,221.0,1.0,242.2,1.0,263.23,8.0,2.0,0.0983,0.9477,0.0007,-1.0212,1.228,1.5511
2026-08-29T02:35:52Z,2026-08-29 02:35:38,SPXW,2026-09-04,P,7485.0,7711.7598,3.2,88.0,3.4,44.0,3.3,424.0,194.0,0.1353,-0.0522,0.0007,-1.0212,1.228,-0.0872
2026-08-29T02:35:52Z,2026-08-29 02:35:38,SPXW,2026-09-04,C,7490.0,7711.7598,216.1,1.0,236.6,1.0,263.37,18.0,17.0,0.099,0.9452,0.0008,-1.0537,1.2714,1.548
2026-08-29T02:35:52Z,2026-08-29 02:35:38,SPXW,2026-09-04,P,7490.0,7711.7598,3.4,40.0,3.6,124.0,3.22,476.0,276.0,0.134,-0.0546,0.0008,-1.0537,1.2714,-0.0914
2026-08-29T02:35:52Z,2026-08-29 02:35:38,SPXW,2026-09-04,C,7495.0,7711.7598,211.3,1.0,232.2,1.0,218.79,20.0,0.0,0.1016,0.9426,0.0008,-1.0876,1.3165,1.5447
2026-08-29T02:35:52Z,2026-08-29 02:35:38,SPXW,2026-09-04,P,7495.0,7711.7598,3.5,56.0,3.7,7.0,3.6,242.0,166.0,0.1329,-0.0572,0.0008,-1.0876,1.3165,-0.0958
2026-08-29T02:35:52Z,2026-08-29 02:35:38,SPXW,2026-09-04,C,7500.0,7711.7598,210.6,8.0,222.3,8.0,220.87,47.0,503.0,0.1315,0.9399,0.0008,-1.1228,1.3635,1.5412
2026-08-29T02:35:52Z,2026-08-29 02:35:38,SPXW,2026-09-04,P,7500.0,7711.7598,3.7,62.0,3.9,37.0,3.7,2768.0,6062.0,0.1317,-0.06,0.0008,-1.1228,1.3635,-0.1004
2026-08-29T02:35:52Z,2026-08-29 02:35:38,SPXW,2026-09-04,C,7505.0,7711.7598,205.4,1.0,219.1,1.0,213.12,1.0,52.0,0.1072,0.937,0.0009,-1.1594,1.4127,1.5374
2026-08-29T02:35:52Z,2026-08-29 02:35:38,SPXW,2026-09-04,P,7505.0,7711.7598,3.9,34.0,4.1,45.0,3.9,531.0,112.0,0.1312,-0.0629,0.0009,-1.1594,1.4127,-0.1053
2026-08-29T02:35:52Z,2026-08-29 02:35:38,SPXW,2026-09-04,C,7510.0,7711.7598,201.0,10.0,212.6,8.0,206.17,3.0,1105.0,0.1281,0.9339,0.0009,-1.1974,1.464,1.5334
2026-08-29T02:35:52Z,2026-08-29 02:35:38,SPXW,2026-09-04,P,7510.0,7711.7598,4.1,34.0,4.3,78.0,4.06,1017.0,3073.0,0.1299,-0.066,0.0009,-1.1974,1.464,-0.1104
2026-08-29T02:35:52Z,2026-08-29 02:35:38,SPXW,2026-09-04,C,7515.0,7711.7598,196.0,1.0,209.7,1.0,204.6,1.0,2.0,0.1054,0.9306,0.001,-1.2367,1.5175,1.529
2026-08-29T02:35:52Z,2026-08-29 02:35:38,SPXW,2026-09-04,P,7515.0,7711.7598,4.3,38.0,4.5,20.0,4.32,659.0,8944.0,0.1285,-0.0692,0.001,-1.2367,1.5175,-0.1159
2026-08-29T02:35:52Z,2026-08-29 02:35:38,SPXW,2026-09-04,C,7520.0,7711.7598,191.2,1.0,204.9,2.0,218.18,2.0,52.0,0.1055,0.9272,0.001,-1.2776,1.5728,1.5242
2026-08-29T02:35:52Z,2026-08-29 02:35:38,SPXW,2026-09-04,P,7520.0,7711.7598,4.5,35.0,4.7,2.0,4.5,2125.0,6258.0,0.1277,-0.0727,0.001,-1.2776,1.5728,-0.1218
2026-08-29T02:35:52Z,2026-08-29 02:35:38,SPXW,2026-09-04,C,7525.0,7711.7598,186.7,9.0,198.3,8.0,192.47,31.0,1204.0,0.1262,0.9235,0.001,-1.3199,1.6297,1.519
2026-08-29T02:35:52Z,2026-08-29 02:35:38,SPXW,2026-09-04,P,7525.0,7711.7598,4.8,11.0,5.0,99.0,4.7,2579.0,4589.0,0.1265,-0.0763,0.001,-1.3199,1.6297,-0.128
2026-08-29T02:35:52Z,2026-08-29 02:35:38,SPXW,2026-09-04,C,7530.0,7711.7598,181.7,1.0,195.3,1.0,190.01,4.0,34.0,0.106,0.9197,0.0011,-1.3637,1.6885,1.5135
2026-08-29T02:35:52Z,2026-08-29 02:35:38,SPXW,2026-09-04,P,7530.0,7711.7598,5.0,40.0,5.2,20.0,4.91,802.0,363.0,0.1256,-0.0802,0.0011,-1.3637,1.6885,-0.1347
2026-08-29T02:35:52Z,2026-08-29 02:35:38,SPXW,2026-09-04,C,7535.0,7711.7598,176.8,1.0,190.5,2.0,197.75,0.0,17.0,0.1064,0.9156,0.0012,-1.409,1.7493,1.5077
2026-08-29T02:35:52Z,2026-08-29 02:35:38,SPXW,2026-09-04,P,7535.0,7711.7598,5.3,41.0,5.5,68.0,5.3,1313.0,373.0,0.1245,-0.0843,0.0012,-1.409,1.7493,-0.1416
2026-08-29T02:35:52Z,2026-08-29 02:35:38,SPXW,2026-09-04,C,7540.0,7711.7598,172.3,1.0,185.9,1.0,150.67,0.0,56.0,0.1065,0.9112,0.0012,-1.4557,1.8126,1.5016
2026-08-29T02:35:52Z,2026-08-29 02:35:38,SPXW,2026-09-04,P,7540.0,7711.7598,5.6,21.0,5.8,63.0,5.51,1026.0,338.0,0.1237,-0.0886,0.0012,-1.4557,1.8126,-0.1488
2026-08-29T02:35:52Z,2026-08-29 02:35:38,SPXW,2026-09-04,C,7545.0,7711.7598,166.9,2.0,180.6,1.0,174.3,2.0,1.0,0.1064,0.9066,0.0013,-1.5039,1.8785,1.495
2026-08-29T02:35:52Z,2026-08-29 02:35:38,SPXW,2026-09-04,P,7545.0,7711.7598,5.9,31.0,6.1,61.0,5.78,751.0,203.0,0.1228,-0.0932,0.0013,-1.5039,1.8785,-0.1565
2026-08-29T02:35:52Z,2026-08-29 02:35:38,SPXW,2026-09-04,C,7550.0,7711.7598,166.1,19.0,172.3,19.0,169.93,7.0,223.0,0.1208,0.9018,0.0013,-1.5535,1.9466,1.4878
2026-08-29T02:35:52Z,2026-08-29 02:35:38,SPXW,2026-09-04,P,7550.0,7711.7598,6.2,64.0,6.4,45.0,6.2,2081.0,1802.0,0.1214,-0.0981,0.0013,-1.5535,1.9466,-0.1647
2026-08-29T02:35:52Z,2026-08-29 02:35:38,SPXW,2026-09-04,C,7555.0,7711.7598,161.3,12.0,167.4,12.0,165.33,2.0,19.0,0.1056,0.8967,0.0014,-1.6046,2.0164,1.4802
2026-08-29T02:35:52Z,2026-08-29 02:35:38,SPXW,2026-09-04,P,7555.0,7711.7598,6.5,35.0,6.7,19.0,6.55,550.0,203.0,0.1206,-0.1032,0.0014,-1.6046,2.0164,-0.1735
2026-08-29T02:35:52Z,2026-08-29 02:35:38,SPXW,2026-09-04,C,7560.0,7711.7598,156.7,12.0,162.7,12.0,157.56,11.0,78.0,0.1057,0.8913,0.0014,-1.657,2.0878,1.4719
2026-08-29T02:35:52Z,2026-08-29 02:35:38,SPXW,2026-09-04,P,7560.0,7711.7598,6.9,33.0,7.1,9.0,6.9,880.0,449.0,0.1196,-0.1086,0.0014,-1.657,2.0878,-0.1828
2026-08-29T02:35:52Z,2026-08-29 02:35:38,SPXW,2026-09-04,C,7565.0,7711.7598,152.1,12.0,158.1,12.0,194.16,17.0,33.0,0.1055,0.8855,0.0015,-1.7108,2.1609,1.4633
2026-08-29T02:35:52Z,2026-08-29 02:35:38,SPXW,2026-09-04,P,7565.0,7711.7598,7.3,33.0,7.5,9.0,7.3,1304.0,623.0,0.1188,-0.1143,0.0015,-1.7108,2.1609,-0.1925
2026-08-29T02:35:52Z,2026-08-29 02:35:38,SPXW,2026-09-04,C,7570.0,7711.7598,148.1,19.0,153.5,19.0,155.18,8.0,420.0,0.117,0.8795,0.0016,-1.7658,2.2363,1.4543
2026-08-29T02:35:52Z,2026-08-29 02:35:38,SPXW,2026-09-04,P,7570.0,7711.7598,7.7,32.0,7.9,18.0,7.6,1349.0,1311.0,0.1179,-0.1204,0.0016,-1.7658,2.2363,-0.2026
2026-08-29T02:35:52Z,2026-08-29 02:35:38,SPXW,2026-09-04,C,7575.0,7711.7598,143.0,19.0,149.0,19.0,150.59,4.0,344.0,0.1159,0.8731,0.0017,-1.8221,2.3143,1.4446
2026-08-29T02:35:52Z,2026-08-29 02:35:38,SPXW,2026-09-04,P,7575.0,7711.7598,8.1,59.0,8.3,6.0,8.1,2434.0,1041.0,0.1166,-0.1268,0.0017,-1.8221,2.3143,-0.2134
2026-08-29T02:35:52Z,2026-08-29 02:35:38,SPXW,2026-09-04,C,7580.0,7711.7598,138.5,19.0,144.5,20.0,155.28,3.0,345.0,0.115,0.8664,0.0017,-1.8794,2.3945,1.4343
2026-08-29T02:35:52Z,2026-08-29 02:35:38,SPXW,2026-09-04,P,7580.0,7711.7598,8.6,29.0,8.8,16.0,8.68,1114.0,672.0,0.1161,-0.1335,0.0017,-1.8794,2.3945,-0.2248
2026-08-29T02:35:52Z,2026-08-29 02:35:38,SPXW,2026-09-04,C,7585.0,7711.7598,134.6,12.0,139.9,12.0,152.28,0.0,108.0,0.104,0.8593,0.0018,-1.9378,2.476,1.4231
2026-08-29T02:35:52Z,2026-08-29 02:35:38,SPXW,2026-09-04,P,7585.0,7711.7598,9.1,28.0,9.3,14.0,9.18,494.0,252.0,0.1151,-0.1406,0.0018,-1.9378,2.476,-0.2371
2026-08-29T02:35:52Z,2026-08-29 02:35:38,SPXW,2026-09-04,C,7590.0,7711.7598,129.8,12.0,135.8,12.0,132.34,7.0,133.0,0.1039,0.8518,0.0019,-1.997,2.5583,1.4113
2026-08-29T02:35:52Z,2026-08-29 02:35:38,SPXW,2026-09-04,P,7590.0,7711.7598,9.6,29.0,9.9,8.0,9.7,1498.0,1001.0,0.1143,-0.1481,0.0019,-1.997,2.5583,-0.25
2026-08-29T02:35:52Z,2026-08-29 02:35:38,SPXW,2026-09-04,C,7595.0,7711.7598,125.4,12.0,131.3,12.0,129.1,5.0,29.0,0.1036,0.8439,0.002,-2.057,2.6417,1.399
2026-08-29T02:35:52Z,2026-08-29 02:35:38,SPXW,2026-09-04,P,7595.0,7711.7598,10.2,29.0,10.4,14.0,10.28,520.0,359.0,0.1132,-0.156,0.002,-2.057,2.6417,-0.2633
2026-08-29T02:35:52Z,2026-08-29 02:35:38,SPXW,2026-09-04,C,7600.0,7711.7598,121.1,20.0,126.9,21.0,125.24,36.0,531.0,0.1116,0.8356,0.0021,-2.1176,2.7271,1.3862
2026-08-29T02:35:52Z,2026-08-29 02:35:38,SPXW,2026-09-04,P,7600.0,7711.7598,10.8,30.0,11.0,4.0,10.8,3285.0,3702.0,0.1122,-0.1643,0.0021,-2.1176,2.7271,-0.2773
2026-08-29T02:35:52Z,2026-08-29 02:35:38,SPXW,2026-09-04,C,7605.0,7711.7598,116.7,13.0,122.5,13.0,120.97,3.0,51.0,0.1025,0.8268,0.0021,-2.1786,2.8144,1.3724
2026-08-29T02:35:52Z,2026-08-29 02:35:38,SPXW,2026-09-04,P,7605.0,7711.7598,11.5,23.0,11.7,7.0,11.5,857.0,162.0,0.1114,-0.1731,0.0021,-2.1786,2.8144,-0.2922
2026-08-29T02:35:52Z,2026-08-29 02:35:38,SPXW,2026-09-04,C,7610.0,7711.7598,112.3,13.0,117.9,13.0,120.58,13.0,167.0,0.1021,0.8176,0.0022,-2.2398,2.9026,1.3577
2026-08-29T02:35:52Z,2026-08-29 02:35:38,SPXW,2026-09-04,P,7610.0,7711.7598,12.1,28.0,12.4,13.0,12.3,1210.0,443.0,0.1107,-0.1823,0.0022,-2.2398,2.9026,-0.308
2026-08-29T02:35:52Z,2026-08-29 02:35:38,SPXW,2026-09-04,C,7615.0,7711.7598,108.0,13.0,113.6,13.0,111.43,11.0,62.0,0.1015,0.8079,0.0023,-2.301,2.9905,1.3421
2026-08-29T02:35:52Z,2026-08-29 02:35:38,SPXW,2026-09-04,P,7615.0,7711.7598,12.9,24.0,13.1,10.0,12.73,956.0,293.0,0.1098,-0.1919,0.0023,-2.301,2.9905,-0.3247
2026-08-29T02:35:52Z,2026-08-29 02:35:38,SPXW,2026-09-04,C,7620.0,7711.7598,104.4,2.0,109.4,22.0,108.71,57.0,272.0,0.108,0.7978,0.0024,-2.3619,3.078,1.3259
2026-08-29T02:35:52Z,2026-08-29 02:35:38,SPXW,2026-09-04,P,7620.0,7711.7598,13.6,27.0,13.9,12.0,13.61,947.0,523.0,0.1088,-0.2021,0.0024,-2.3619,3.078,-0.342
2026-08-29T02:35:52Z,2026-08-29 02:35:38,SPXW,2026-09-04,C,7625.0,7711.7598,100.1,14.0,105.1,14.0,107.0,7.0,193.0,0.1049,0.7871,0.0025,-2.4223,3.166,1.309
2026-08-29T02:35:52Z,2026-08-29 02:35:38,SPXW,2026-09-04,P,7625.0,7711.7598,14.5,25.0,14.7,9.0,14.34,1200.0,930.0,0.1078,-0.2127,0.0025,-2.4223,3.166,-0.3599
2026-08-29T02:35:52Z,2026-08-29 02:35:38,SPXW,2026-09-04,C,7630.0,7711.7598,96.1,14.0,101.0,14.0,100.35,35.0,59.0,0.1001,0.776,0.0026,-2.4819,3.2548,1.2912
2026-08-29T02:35:52Z,2026-08-29 02:35:38,SPXW,2026-09-04,P,7630.0,7711.7598,15.4,23.0,15.6,9.0,15.26,595.0,1636.0,0.1072,-0.2239,0.0026,-2.4819,3.2548,-0.3789
2026-08-29T02:35:52Z,2026-08-29 02:35:38,SPXW,2026-09-04,C,7635.0,7711.7598,91.7,15.0,97.2,15.0,94.61,117.0,155.0,0.0998,0.7643,0.0027,-2.5402,3.343,1.2721
2026-08-29T02:35:52Z,2026-08-29 02:35:38,SPXW,2026-09-04,P,7635.0,7711.7598,16.3,23.0,16.5,4.0,16.3,566.0,193.0,0.1064,-0.2356,0.0027,-2.5402,3.343,-0.399
2026-08-29T02:35:52Z,2026-08-29 02:35:38,SPXW,2026-09-04,C,7640.0,7711.7598,88.4,1.0,91.9,1.0,91.6,24.0,56.0,0.0993,0.7521,0.0028,-2.597,3.4291,1.2521
2026-08-29T02:35:52Z,2026-08-29 02:35:38,SPXW,2026-09-04,P,7640.0,7711.7598,17.3,24.0,17.5,3.0,17.61,769.0,983.0,0.1056,-0.2477,0.0028,-2.597,3.4291,-0.4201
2026-08-29T02:35:52Z,2026-08-29 02:35:38,SPXW,2026-09-04,C,7645.0,7711.7598,84.6,1.0,88.0,1.0,87.18,60.0,51.0,0.0987,0.7394,0.0029,-2.6519,3.5129,1.2316
2026-08-29T02:35:52Z,2026-08-29 02:35:38,SPXW,2026-09-04,P,7645.0,7711.7598,18.3,26.0,18.6,8.0,18.4,352.0,298.0,0.1047,-0.2605,0.0029,-2.6519,3.5129,-0.4417
2026-08-29T02:35:52Z,2026-08-29 02:35:38,SPXW,2026-09-04,C,7650.0,7711.7598,80.6,1.0,84.1,1.0,81.91,300.0,1194.0,0.1034,0.7261,0.003,-2.7046,3.5956,1.2103
2026-08-29T02:35:52Z,2026-08-29 02:35:38,SPXW,2026-09-04,P,7650.0,7711.7598,19.4,45.0,19.7,26.0,19.4,2547.0,3580.0,0.104,-0.2738,0.003,-2.7046,3.5956,-0.4641
2026-08-29T02:35:52Z,2026-08-29 02:35:38,SPXW,2026-09-04,C,7655.0,7711.7598,76.8,1.0,80.3,1.0,80.04,236.0,191.0,0.0976,0.7123,0.0031,-2.7546,3.6768,1.1876
2026-08-29T02:35:52Z,2026-08-29 02:35:38,SPXW,2026-09-04,P,7655.0,7711.7598,20.6,23.0,20.9,7.0,20.71,447.0,210.0,0.1031,-0.2876,0.0031,-2.7546,3.6768,-0.4879
2026-08-29T02:35:52Z,2026-08-29 02:35:38,SPXW,2026-09-04,C,7660.0,7711.7598,74.6,3.0,74.9,1.0,75.0,120.0,136.0,0.1024,0.6979,0.0032,-2.8014,3.7547,1.1638
2026-08-29T02:35:52Z,2026-08-29 02:35:38,SPXW,2026-09-04,P,7660.0,7711.7598,21.9,16.0,22.1,3.0,21.72,650.0,462.0,0.1024,-0.3019,0.0032,-2.8014,3.7547,-0.5128
2026-08-29T02:35:52Z,2026-08-29 02:35:38,SPXW,2026-09-04,C,7665.0,7711.7598,71.0,4.0,71.2,1.0,75.3,39.0,124.0,0.1016,0.683,0.0033,-2.8447,3.8279,1.1394
2026-08-29T02:35:52Z,2026-08-29 02:35:38,SPXW,2026-09-04,P,7665.0,7711.7598,23.2,23.0,23.5,9.0,23.18,1538.0,302.0,0.1016,-0.3168,0.0033,-2.8447,3.8279,-0.5383
2026-08-29T02:35:52Z,2026-08-29 02:35:38,SPXW,2026-09-04,C,7670.0,7711.7598,67.4,5.0,67.7,1.0,67.11,97.0,456.0,0.1008,0.6676,0.0034,-2.884,3.897,1.1144
2026-08-29T02:35:52Z,2026-08-29 02:35:38,SPXW,2026-09-04,P,7670.0,7711.7598,24.6,16.0,24.9,3.0,24.35,824.0,643.0,0.1008,-0.3323,0.0034,-2.884,3.897,-0.5644
2026-08-29T02:35:52Z,2026-08-29 02:35:38,SPXW,2026-09-04,C,7675.0,7711.7598,63.9,6.0,64.2,2.0,64.6,331.0,396.0,0.1002,0.6516,0.0034,-2.9189,3.9627,1.0881
2026-08-29T02:35:52Z,2026-08-29 02:35:38,SPXW,2026-09-04,P,7675.0,7711.7598,26.1,15.0,26.4,7.0,25.83,1846.0,1867.0,0.1001,-0.3482,0.0034,-2.9189,3.9627,-0.5918
2026-08-29T02:35:52Z,2026-08-29 02:35:38,SPXW,2026-09-04,C,7680.0,7711.7598,60.4,7.0,60.7,2.0,61.27,152.0,312.0,0.0994,0.6351,0.0035,-2.9488,4.0234,1.0605
2026-08-29T02:35:52Z,2026-08-29 02:35:38,SPXW,2026-09-04,P,7680.0,7711.7598,27.7,14.0,28.0,4.0,27.65,486.0,565.0,0.0994,-0.3647,0.0035,-2.9488,4.0234,-0.6205
2026-08-29T02:35:52Z,2026-08-29 02:35:38,SPXW,2026-09-04,C,7685.0,7711.7598,57.1,7.0,57.4,2.0,57.69,147.0,243.0,0.0987,0.6181,0.0036,-2.9733,4.0773,1.0324
2026-08-29T02:35:52Z,2026-08-29 02:35:38,SPXW,2026-09-04,P,7685.0,7711.7598,29.3,14.0,29.6,3.0,29.34,490.0,170.0,0.0987,-0.3817,0.0036,-2.9733,4.0773,-0.6497
2026-08-29T02:35:52Z,2026-08-29 02:35:38,SPXW,2026-09-04,C,7690.0,7711.7598,53.8,11.0,54.1,2.0,54.07,164.0,154.0,0.0979,0.6006,0.0037,-2.9922,4.1247,1.0038
2026-08-29T02:35:52Z,2026-08-29 02:35:38,SPXW,2026-09-04,P,7690.0,7711.7598,31.1,14.0,31.4,3.0,30.87,642.0,383.0,0.0979,-0.3992,0.0037,-2.9922,4.1247,-0.6794
2026-08-29T02:35:52Z,2026-08-29 02:35:38,SPXW,2026-09-04,C,7695.0,7711.7598,50.7,8.0,51.0,4.0,50.8,163.0,259.0,0.0971,0.5827,0.0038,-3.0049,4.1658,0.9741
2026-08-29T02:35:52Z,2026-08-29 02:35:38,SPXW,2026-09-04,P,7695.0,7711.7598,32.9,14.0,33.2,3.0,31.36,983.0,228.0,0.0972,-0.4172,0.0038,-3.0049,4.1658,-0.7102
2026-08-29T02:35:52Z,2026-08-29 02:35:38,SPXW,2026-09-04,C,7700.0,7711.7598,47.6,11.0,47.9,22.0,48.1,969.0,2482.0,0.0964,0.5643,0.0038,-3.0109,4.1998,0.9431
2026-08-29T02:35:52Z,2026-08-29 02:35:38,SPXW,2026-09-04,P,7700.0,7711.7598,34.8,29.0,35.1,3.0,34.75,3215.0,2704.0,0.0964,-0.4356,0.0038,-3.0109,4.1998,-0.7422
2026-08-29T02:35:52Z,2026-08-29 02:35:38,SPXW,2026-09-04,C,7705.0,7711.7598,44.6,14.0,44.9,3.0,45.3,494.0,185.0,0.0956,0.5455,0.0039,-3.01,4.2252,0.9119
2026-08-29T02:35:52Z,2026-08-29 02:35:38,SPXW,2026-09-04,P,7705.0,7711.7598,36.9,14.0,37.2,6.0,36.8,571.0,183.0,0.0958,-0.4544,0.0039,-3.01,4.2252,-0.7745
2026-08-29T02:35:52Z,2026-08-29 02:35:38,SPXW,2026-09-04,C,7710.0,7711.7598,41.7,14.0,42.0,3.0,42.32,707.0,307.0,0.0951,0.5263,0.0039,-3.002,4.242,0.8804
2026-08-29T02:35:52Z,2026-08-29 02:35:38,SPXW,2026-09-04,P,7710.0,7711.7598,39.0,14.0,39.3,3.0,38.72,796.0,672.0,0.095,-0.4735,0.0039,-3.002,4.242,-0.8071
2026-08-29T02:35:52Z,2026-08-29 02:35:38,SPXW,2026-09-04,C,7715.0,7711.7598,39.0,14.0,39.3,6.0,39.47,2436.0,456.0,0.0942,0.5068,0.004,-2.9865,4.2501,0.8478
2026-08-29T02:35:52Z,2026-08-29 02:35:38,SPXW,2026-09-04,P,7715.0,7711.7598,41.2,14.0,41.5,5.0,41.1,539.0,472.0,0.0944,-0.493,0.004,-2.9865,4.2501,-0.8408
2026-08-29T02:35:52Z,2026-08-29 02:35:38,SPXW,2026-09-04,C,7720.0,7711.7598,36.3,9.0,36.6,6.0,36.6,1173.0,291.0,0.0936,0.487,0.004,-2.9633,4.2487,0.8144
2026-08-29T02:35:52Z,2026-08-29 02:35:38,SPXW,2026-09-04,P,7720.0,7711.7598,43.5,14.0,43.8,5.0,43.3,984.0,307.0,0.0936,-0.5128,0.004,-2.9633,4.2487,-0.8753
2026-08-29T02:35:52Z,2026-08-29 02:35:38,SPXW,2026-09-04,C,7725.0,7711.7598,33.7,13.0,34.0,25.0,34.25,733.0,1228.0,0.0927,0.467,0.004,-2.9322,4.2377,0.7812
2026-08-29T02:35:52Z,2026-08-29 02:35:38,SPXW,2026-09-04,P,7725.0,7711.7598,45.9,11.0,46.2,3.0,45.61,903.0,1962.0,0.0928,-0.5329,0.004,-2.9322,4.2377,-0.9096
2026-08-29T02:35:52Z,2026-08-29 02:35:38,SPXW,2026-09-04,C,7730.0,7711.7598,31.2,15.0,31.5,3.0,31.65,568.0,343.0,0.0922,0.4467,0.004,-2.8934,4.2167,0.7477
2026-08-29T02:35:52Z,2026-08-29 02:35:38,SPXW,2026-09-04,P,7730.0,7711.7598,48.5,8.0,48.7,2.0,48.2,453.0,313.0,0.0923,-0.5532,0.004,-2.8934,4.2167,-0.9442
2026-08-29T02:35:52Z,2026-08-29 02:35:38,SPXW,2026-09-04,C,7735.0,7711.7598,28.8,21.0,29.1,3.0,32.83,599.0,323.0,0.0915,0.4263,0.004,-2.8466,4.1848,0.7132
2026-08-29T02:35:52Z,2026-08-29 02:35:38,SPXW,2026-09-04,P,7735.0,7711.7598,51.0,11.0,51.3,2.0,51.62,516.0,81.0,0.0914,-0.5735,0.004,-2.8466,4.1848,-0.9798
2026-08-29T02:35:52Z,2026-08-29 02:35:38,SPXW,2026-09-04,C,7740.0,7711.7598,26.6,15.0,26.9,4.0,26.6,782.0,613.0,0.0907,0.4059,0.004,-2.7919,4.1425,0.6789
2026-08-29T02:35:52Z,2026-08-29 02:35:38,SPXW,2026-09-04,P,7740.0,7711.7598,53.8,7.0,54.0,2.0,52.93,663.0,530.0,0.0909,-0.594,0.004,-2.7919,4.1425,-1.0152
2026-08-29T02:35:52Z,2026-08-29 02:35:38,SPXW,2026-09-04,C,7745.0,7711.7598,24.4,23.0,24.7,3.0,24.67,1201.0,765.0,0.0901,0.3854,0.004,-2.7297,4.0906,0.645
2026-08-29T02:35:52Z,2026-08-29 02:35:38,SPXW,2026-09-04,P,7745.0,7711.7598,56.6,7.0,56.9,2.0,56.93,295.0,216.0,0.0901,-0.6145,0.004,-2.7297,4.0906,-1.0502
2026-08-29T02:35:52Z,2026-08-29 02:35:38,SPXW,2026-09-04,C,7750.0,7711.7598,22.4,24.0,22.7,26.0,23.0,2748.0,3611.0,0.0894,0.365,0.0039,-2.6602,4.0276,0.6107
2026-08-29T02:35:52Z,2026-08-29 02:35:38,SPXW,2026-09-04,P,7750.0,7711.7598,59.6,6.0,59.8,2.0,59.14,2596.0,2185.0,0.0894,-0.6349,0.0039,-2.6602,4.0276,-1.0856
2026-08-29T02:35:52Z,2026-08-29 02:35:38,SPXW,2026-09-04,C,7755.0,7711.7598,20.5,17.0,20.7,3.0,20.8,1207.0,204.0,0.0888,0.3447,0.0039,-2.5835,3.9532,0.5763
2026-08-29T02:35:52Z,2026-08-29 02:35:38,SPXW,2026-09-04,P,7755.0,7711.7598,62.6,5.0,62.9,1.0,63.3,154.0,116.0,0.0888,-0.6552,0.0039,-2.5835,3.9532,-1.1211
2026-08-29T02:35:52Z,2026-08-29 02:35:38,SPXW,2026-09-04,C,7760.0,7711.7598,18.7,6.0,18.9,4.0,18.8,729.0,399.0,0.0882,0.3246,0.0038,-2.5003,3.87,0.543
2026-08-29T02:35:52Z,2026-08-29 02:35:38,SPXW,2026-09-04,P,7760.0,7711.7598,65.9,3.0,66.1,1.0,66.61,362.0,321.0,0.0882,-0.6753,0.0038,-2.5003,3.87,-1.1555
2026-08-29T02:35:52Z,2026-08-29 02:35:38,SPXW,2026-09-04,C,7765.0,7711.7598,17.0,13.0,17.2,4.0,17.9,544.0,262.0,0.0875,0.3047,0.0037,-2.4111,3.7774,0.5098
2026-08-29T02:35:52Z,2026-08-29 02:35:38,SPXW,2026-09-04,P,7765.0,7711.7598,67.5,1.0,71.0,1.0,68.64,235.0,58.0,0.0906,-0.6952,0.0037,-2.4111,3.7774,-1.1898
2026-08-29T02:35:52Z,2026-08-29 02:35:38,SPXW,2026-09-04,C,7770.0,7711.7598,15.4,24.0,15.6,4.0,15.7,563.0,380.0,0.0871,0.2852,0.0036,-2.3164,3.6739,0.4766
2026-08-29T02:35:52Z,2026-08-29 02:35:38,SPXW,2026-09-04,P,7770.0,7711.7598,70.9,1.0,74.4,1.0,71.96,305.0,151.0,0.0933,-0.7147,0.0036,-2.3164,3.6739,-1.224
2026-08-29T02:35:52Z,2026-08-29 02:35:38,SPXW,2026-09-04,C,7775.0,7711.7598,13.9,29.0,14.1,34.0,14.0,840.0,1392.0,0.0864,0.2661,0.0035,-2.2169,3.562,0.4448
2026-08-29T02:35:52Z,2026-08-29 02:35:38,SPXW,2026-09-04,P,7775.0,7711.7598,74.4,1.0,77.8,1.0,74.25,413.0,319.0,0.0867,-0.7338,0.0035,-2.2169,3.562,-1.257
2026-08-29T02:35:52Z,2026-08-29 02:35:38,SPXW,2026-09-04,C,7780.0,7711.7598,12.5,29.0,12.7,5.0,12.56,808.0,499.0,0.0859,0.2474,0.0034,-2.1134,3.4437,0.4137
2026-08-29T02:35:52Z,2026-08-29 02:35:38,SPXW,2026-09-04,P,7780.0,7711.7598,77.2,15.0,82.1,15.0,80.76,142.0,184.0,0.0929,-0.7524,0.0034,-2.1134,3.4437,-1.2892
2026-08-29T02:35:52Z,2026-08-29 02:35:38,SPXW,2026-09-04,C,7785.0,7711.7598,11.2,29.0,11.5,13.0,11.32,760.0,234.0,0.0855,0.2293,0.0033,-2.0067,3.3166,0.3829
2026-08-29T02:35:52Z,2026-08-29 02:35:38,SPXW,2026-09-04,P,7785.0,7711.7598,80.8,14.0,85.9,14.0,83.15,73.0,97.0,0.0931,-0.7705,0.0033,-2.0067,3.3166,-1.321
2026-08-29T02:35:52Z,2026-08-29 02:35:38,SPXW,2026-09-04,C,7790.0,7711.7598,10.1,28.0,10.3,8.0,10.43,594.0,308.0,0.0848,0.2118,0.0032,-1.8975,3.1826,0.3537
2026-08-29T02:35:52Z,2026-08-29 02:35:38,SPXW,2026-09-04,P,7790.0,7711.7598,84.6,14.0,89.6,2.0,86.6,68.0,161.0,0.093,-0.788,0.0032,-1.8975,3.1826,-1.3513
2026-08-29T02:35:52Z,2026-08-29 02:35:38,SPXW,2026-09-04,C,7795.0,7711.7598,9.0,29.0,9.2,7.0,9.1,869.0,248.0,0.0844,0.195,0.0031,-1.7868,3.045,0.3256
2026-08-29T02:35:52Z,2026-08-29 02:35:38,SPXW,2026-09-04,P,7795.0,7711.7598,88.5,14.0,93.5,2.0,93.81,36.0,60.0,0.093,-0.8049,0.0031,-1.7868,3.045,-1.3805
2026-08-29T02:35:52Z,2026-08-29 02:35:38,SPXW,2026-09-04,C,7800.0,7711.7598,8.0,33.0,8.2,38.0,8.2,4401.0,2530.0,0.0841,0.1788,0.0029,-1.6755,2.9023,0.2982
2026-08-29T02:35:52Z,2026-08-29 02:35:38,SPXW,2026-09-04,P,7800.0,7711.7598,92.4,22.0,97.5,2.0,90.0,142.0,927.0,0.0849,-0.8211,0.0029,-1.6755,2.9023,-1.409
2026-08-29T02:35:52Z,2026-08-29 02:35:38,SPXW,2026-09-04,C,7805.0,7711.7598,7.1,34.0,7.3,9.0,7.21,532.0,283.0,0.0835,0.1634,0.0028,-1.5645,2.7552,0.2725
2026-08-29T02:35:52Z,2026-08-29 02:35:38,SPXW,2026-09-04,P,7805.0,7711.7598,96.5,21.0,101.6,2.0,95.93,195.0,214.0,0.084,-0.8364,0.0028,-1.5645,2.7552,-1.4358
2026-08-29T02:35:52Z,2026-08-29 02:35:38,SPXW,2026-09-04,C,7810.0,7711.7598,6.3,35.0,6.5,18.0,6.5,3135.0,1482.0,0.0834,0.1488,0.0026,-1.4546,2.6075,0.2482
2026-08-29T02:35:52Z,2026-08-29 02:35:38,SPXW,2026-09-04,P,7810.0,7711.7598,100.3,13.0,106.3,13.0,86.08,39.0,92.0,0.0934,-0.8511,0.0026,-1.4546,2.6075,-1.4612
2026-08-29T02:35:52Z,2026-08-29 02:35:38,SPXW,2026-09-04,C,7815.0,7711.7598,5.5,41.0,5.7,8.0,5.71,606.0,230.0,0.0829,0.135,0.0024,-1.3469,2.4587,0.2248
2026-08-29T02:35:52Z,2026-08-29 02:35:38,SPXW,2026-09-04,P,7815.0,7711.7598,104.5,13.0,110.5,13.0,107.21,100.0,173.0,0.0939,-0.8648,0.0024,-1.3469,2.4587,-1.4857
2026-08-29T02:35:52Z,2026-08-29 02:35:38,SPXW,2026-09-04,C,7820.0,7711.7598,4.9,3.0,5.1,26.0,5.09,1189.0,2300.0,0.0826,0.1221,0.0023,-1.2421,2.3091,0.2033
2026-08-29T02:35:52Z,2026-08-29 02:35:38,SPXW,2026-09-04,P,7820.0,7711.7598,108.7,13.0,114.2,2.0,111.1,11.0,61.0,0.0942,-0.8777,0.0023,-1.2421,2.3091,-1.5083
2026-08-29T02:35:52Z,2026-08-29 02:35:38,SPXW,2026-09-04,C,7825.0,7711.7598,4.3,5.0,4.4,11.0,4.5,1925.0,1734.0,0.082,0.1101,0.0022,-1.141,2.1621,0.1832
2026-08-29T02:35:52Z,2026-08-29 02:35:38,SPXW,2026-09-04,P,7825.0,7711.7598,113.4,20.0,118.8,2.0,112.92,106.0,288.0,0.0831,-0.8898,0.0022,-1.141,2.1621,-1.5295
2026-08-29T02:35:52Z,2026-08-29 02:35:38,SPXW,2026-09-04,C,7830.0,7711.7598,3.7,82.0,3.9,25.0,3.88,1431.0,1266.0,0.0817,0.0989,0.002,-1.0442,2.0178,0.1643
2026-08-29T02:35:52Z,2026-08-29 02:35:38,SPXW,2026-09-04,P,7830.0,7711.7598,117.8,2.0,123.2,2.0,120.59,6.0,10.0,0.0951,-0.901,0.002,-1.0442,2.0178,-1.5495
2026-08-29T02:35:52Z,2026-08-29 02:35:38,SPXW,2026-09-04,C,7835.0,7711.7598,3.2,88.0,3.4,25.0,3.4,626.0,267.0,0.0815,0.0886,0.0018,-0.9525,1.8765,0.1473
2026-08-29T02:35:52Z,2026-08-29 02:35:38,SPXW,2026-09-04,P,7835.0,7711.7598,117.7,1.0,131.2,1.0,156.75,0.0,2.0,0.0957,-0.9112,0.0018,-0.9525,1.8765,-1.5676
2026-08-29T02:35:52Z,2026-08-29 02:35:38,SPXW,2026-09-04,C,7840.0,7711.7598,2.85,45.0,3.0,28.0,2.95,692.0,590.0,0.0812,0.0792,0.0017,-0.8661,1.7403,0.1316
2026-08-29T02:35:52Z,2026-08-29 02:35:38,SPXW,2026-09-04,P,7840.0,7711.7598,122.2,1.0,135.8,1.0,135.44,0.0,22.0,0.0967,-0.9206,0.0017,-0.8661,1.7403,-1.5844
2026-08-29T02:35:52Z,2026-08-29 02:35:38,SPXW,2026-09-04,C,7845.0,7711.7598,2.5,3.0,2.65,57.0,3.03,1801.0,1027.0,0.0808,0.0706,0.0016,-0.7855,1.61,0.1171
2026-08-29T02:35:52Z,2026-08-29 02:35:38,SPXW,2026-09-04,P,7845.0,7711.7598,127.8,1.0,141.5,2.0,168.74,0.0,15.0,0.0975,-0.9292,0.0016,-0.7855,1.61,-1.6
2026-08-29T02:35:52Z,2026-08-29 02:35:38,SPXW,2026-09-04,C,7850.0,7711.7598,2.15,77.0,2.3,71.0,2.15,4118.0,2839.0,0.0806,0.0629,0.0014,-0.7108,1.4857,0.1043
2026-08-29T02:35:52Z,2026-08-29 02:35:38,SPXW,2026-09-04,P,7850.0,7711.7598,132.4,1.0,146.1,3.0,139.26,17.0,88.0,0.0986,-0.937,0.0014,-0.7108,1.4857,-1.6139
2026-08-29T02:35:52Z,2026-08-29 02:35:38,SPXW,2026-09-04,C,7855.0,7711.7598,1.9,8.0,2.0,40.0,1.95,1547.0,218.0,0.0805,0.0559,0.0013,-0.6421,1.3683,0.0926
2026-08-29T02:35:52Z,2026-08-29 02:35:38,SPXW,2026-09-04,P,7855.0,7711.7598,137.2,1.0,149.7,1.0,0.0,0.0,5.0,0.0997,-0.9439,0.0013,-0.6421,1.3683,-1.6266
2026-08-29T02:35:52Z,2026-08-29 02:35:38,SPXW,2026-09-04,C,7860.0,7711.7598,1.65,10.0,1.8,134.0,1.76,1283.0,646.0,0.0803,0.0497,0.0012,-0.5794,1.2582,0.0821
2026-08-29T02:35:52Z,2026-08-29 02:35:38,SPXW,2026-09-04,P,7860.0,7711.7598,141.0,1.0,154.9,1.0,99.5,1.0,24.0,0.1006,-0.9502,0.0012,-0.5794,1.2582,-1.6383
2026-08-29T02:35:52Z,2026-08-29 02:35:38,SPXW,2026-09-04,C,7865.0,7711.7598,1.4,112.0,1.55,98.0,1.47,815.0,274.0,0.08,0.0441,0.0011,-0.5225,1.1556,0.0729
2026-08-29T02:35:52Z,2026-08-29 02:35:38,SPXW,2026-09-04,P,7865.0,7711.7598,146.5,3.0,159.2,1.0,0.0,0.0,0.0,0.1021,-0.9557,0.0011,-0.5225,1.1556,-1.6485
2026-08-29T02:35:52Z,2026-08-29 02:35:38,SPXW,2026-09-04,C,7870.0,7711.7598,1.25,3.0,1.35,60.0,1.39,933.0,459.0,0.0802,0.0392,0.001,-0.4711,1.0605,0.0648
2026-08-29T02:35:52Z,2026-08-29 02:35:38,SPXW,2026-09-04,P,7870.0,7711.7598,151.3,3.0,164.4,1.0,110.5,2.0,15.0,0.1034,-0.9607,0.001,-0.4711,1.0605,-1.6578
2026-08-29T02:35:52Z,2026-08-29 02:35:38,SPXW,2026-09-04,C,7875.0,7711.7598,1.1,3.0,1.2,130.0,1.12,1177.0,934.0,0.0802,0.0348,0.0009,-0.425,0.9728,0.0574
2026-08-29T02:35:52Z,2026-08-29 02:35:38,SPXW,2026-09-04,P,7875.0,7711.7598,156.1,3.0,169.2,1.0,164.64,57.0,134.0,0.1053,-0.965,0.0009,-0.425,0.9728,-1.6662
2026-08-29T02:35:52Z,2026-08-29 02:35:38,SPXW,2026-09-04,C,7880.0,7711.7598,0.95,41.0,1.05,123.0,1.06,1729.0,2217.0,0.0806,0.031,0.0008,-0.3838,0.8924,0.0511
2026-08-29T02:35:52Z,2026-08-29 02:35:38,SPXW,2026-09-04,P,7880.0,7711.7598,160.9,3.0,174.0,2.0,120.56,47.0,8.0,0.1065,-0.9688,0.0008,-0.3838,0.8924,-1.6737
2026-08-29T02:35:52Z,2026-08-29 02:35:38,SPXW,2026-09-04,C,7885.0,7711.7598,0.85,5.0,0.95,149.0,0.85,1123.0,196.0,0.0807,0.0276,0.0007,-0.3471,0.8192,0.0456
2026-08-29T02:35:52Z,2026-08-29 02:35:38,SPXW,2026-09-04,P,7885.0,7711.7598,165.6,3.0,178.9,1.0,0.0,0.0,0.0,0.1083,-0.9722,0.0007,-0.3471,0.8192,-1.6803
2026-08-29T02:35:52Z,2026-08-29 02:35:38,SPXW,2026-09-04,C,7890.0,7711.7598,0.75,5.0,0.85,154.0,0.75,1229.0,1285.0,0.0811,0.0247,0.0007,-0.3146,0.7526,0.0406
2026-08-29T02:35:52Z,2026-08-29 02:35:38,SPXW,2026-09-04,P,7890.0,7711.7598,170.0,3.0,184.4,2.0,170.25,0.0,8.0,0.1101,-0.9752,0.0007,-0.3146,0.7526,-1.6863
2026-08-29T02:35:52Z,2026-08-29 02:35:38,SPXW,2026-09-04,C,7895.0,7711.7598,0.65,47.0,0.75,158.0,0.7,433.0,205.0,0.0816,0.0221,0.0006,-0.2858,0.692,0.0363
2026-08-29T02:35:52Z,2026-08-29 02:35:38,SPXW,2026-09-04,P,7895.0,7711.7598,175.4,3.0,188.6,1.0,150.47,1.0,1.0,0.1118,-0.9777,0.0006,-0.2858,0.692,-1.6917
2026-08-29T02:35:52Z,2026-08-29 02:35:38,SPXW,2026-09-04,C,7900.0,7711.7598,0.6,2.0,0.7,220.0,0.55,3425.0,15512.0,0.0826,0.0199,0.0006,-0.2605,0.6376,0.0326
2026-08-29T02:35:52Z,2026-08-29 02:35:38,SPXW,2026-09-04,P,7900.0,7711.7598,180.3,1.0,194.0,1.0,133.46,6.0,43.0,0.1135,-0.98,0.0006,-0.2605,0.6376,-1.6965
2026-08-29T02:35:52Z,2026-08-29 02:35:38,SPXW,2026-09-04,C,7905.0,7711.7598,0.5,164.0,0.6,51.0,0.6,530.0,160.0,0.0824,0.0179,0.0005,-0.2382,0.5886,0.0294
2026-08-29T02:35:52Z,2026-08-29 02:35:38,SPXW,2026-09-04,P,7905.0,7711.7598,185.5,1.0,199.2,1.0,0.0,0.0,0.0,0.1159,-0.9819,0.0005,-0.2382,0.5886,-1.7008
2026-08-29T02:35:52Z,2026-08-29 02:35:38,SPXW,2026-09-04,C,7910.0,7711.7598,0.45,167.0,0.55,83.0,0.53,492.0,394.0,0.083,0.0162,0.0004,-0.2186,0.5446,0.0266
2026-08-29T02:35:52Z,2026-08-29 02:35:38,SPXW,2026-09-04,P,7910.0,7711.7598,189.5,1.0,204.1,1.0,139.8,2.0,0.0,0.1176,-0.9836,0.0004,-0.2186,0.5446,-1.7047
2026-08-29T02:35:52Z,2026-08-29 02:35:38,SPXW,2026-09-04,C,7915.0,7711.7598,0.4,185.0,0.5,37.0,0.45,226.0,262.0,0.0835,0.0148,0.0004,-0.2015,0.505,0.0241
2026-08-29T02:35:52Z,2026-08-29 02:35:38,SPXW,2026-09-04,P,7915.0,7711.7598,195.1,1.0,208.8,1.0,198.14,4.0,0.0,0.1199,-0.9851,0.0004,-0.2015,0.505,-1.7083
2026-08-29T02:35:52Z,2026-08-29 02:35:38,SPXW,2026-09-04,C,7920.0,7711.7598,0.35,191.0,0.5,265.0,0.4,623.0,572.0,0.0853,0.0135,0.0004,-0.1865,0.4696,0.022
2026-08-29T02:35:52Z,2026-08-29 02:35:38,SPXW,2026-09-04,P,7920.0,7711.7598,200.3,1.0,214.0,1.0,0.0,0.0,0.0,0.1215,-0.9864,0.0004,-0.1865,0.4696,-1.7115
2026-08-29T02:35:52Z,2026-08-29 02:35:38,SPXW,2026-09-04,C,7925.0,7711.7598,0.3,252.0,0.45,258.0,0.36,2885.0,3188.0,0.0857,0.0123,0.0004,-0.1734,0.438,0.0202
2026-08-29T02:35:52Z,2026-08-29 02:35:38,SPXW,2026-09-04,P,7925.0,7711.7598,205.5,1.0,218.0,1.0,217.67,2.0,4.0,0.0976,-0.9875,0.0004,-0.1734,0.438,-1.7144
2026-08-29T02:35:52Z,2026-08-29 02:35:38,SPXW,2026-09-04,C,7930.0,7711.7598,0.3,187.0,0.4,121.0,0.3,457.0,793.0,0.0858,0.0114,0.0003,-0.1619,0.4098,0.0186
2026-08-29T02:35:52Z,2026-08-29 02:35:38,SPXW,2026-09-04,P,7930.0,7711.7598,207.1,1.0,224.5,1.0,236.28,0.0,7.0,0.1253,-0.9885,0.0003,-0.1619,0.4098,-1.7171
2026-08-29T02:35:52Z,2026-08-29 02:35:38,SPXW,2026-09-04,C,7935.0,7711.7598,0.25,393.0,0.4,288.0,0.3,201.0,88.0,0.0875,0.0105,0.0003,-0.1519,0.3847,0.0172
2026-08-29T02:35:52Z,2026-08-29 02:35:38,SPXW,2026-09-04,P,7935.0,7711.7598,211.8,1.0,229.7,1.0,0.0,0.0,0.0,0.1276,-0.9894,0.0003,-0.1519,0.3847,-1.7196
2026-08-29T02:35:52Z,2026-08-29 02:35:38,SPXW,2026-09-04,C,7940.0,7711.7598,0.25,213.0,0.35,138.0,0.25,273.0,694.0,0.0884,0.0098,0.0003,-0.1432,0.3621,0.0159
2026-08-29T02:35:52Z,2026-08-29 02:35:38,SPXW,2026-09-04,P,7940.0,7711.7598,216.7,1.0,234.2,1.0,0.0,0.0,0.0,0.1299,-0.9901,0.0003,-0.1432,0.3621,-1.722
2026-08-29T02:35:52Z,2026-08-29 02:35:38,SPXW,2026-09-04,C,7950.0,7711.7598,0.2,428.0,0.3,32.0,0.25,424.0,3979.0,0.0898,0.0086,0.0002,-0.1289,0.3238,0.0139
2026-08-29T02:35:52Z,2026-08-29 02:35:38,SPXW,2026-09-04,P,7950.0,7711.7598,226.7,1.0,244.0,1.0,242.4,0.0,12.0,0.1336,-0.9913,0.0002,-0.1289,0.3238,-1.7262
2026-08-29T02:35:52Z,2026-08-29 02:35:38,SPXW,2026-09-04,C,7960.0,7711.7598,0.2,148.0,0.3,327.0,0.2,139.0,328.0,0.0931,0.0076,0.0002,-0.1179,0.293,0.0124
2026-08-29T02:35:52Z,2026-08-29 02:35:38,SPXW,2026-09-04,P,7960.0,7711.7598,236.7,1.0,254.2,1.0,0.0,0.0,1.0,0.1382,-0.9923,0.0002,-0.1179,0.293,-1.7299
2026-08-29T02:35:52Z,2026-08-29 02:35:38,SPXW,2026-09-04,C,7970.0,7711.7598,0.2,58.0,0.25,139.0,0.15,181.0,338.0,0.0939,0.0069,0.0002,-0.1095,0.2681,0.0112
2026-08-29T02:35:52Z,2026-08-29 02:35:38,SPXW,2026-09-04,P,7970.0,7711.7598,246.6,1.0,264.1,1.0,262.14,2.0,35.0,0.1427,-0.993,0.0002,-0.1095,0.2681,-1.7333
2026-08-29T02:35:52Z,2026-08-29 02:35:38,SPXW,2026-09-04,C,7975.0,7711.7598,0.15,477.0,0.25,148.0,0.21,230.0,539.0,0.0956,0.0065,0.0002,-0.1059,0.2571,0.0106
2026-08-29T02:35:52Z,2026-08-29 02:35:38,SPXW,2026-09-04,P,7975.0,7711.7598,251.9,1.0,269.1,1.0,257.45,0.0,2.0,0.1449,-0.9933,0.0002,-0.106,0.2574,-1.7349
2026-08-29T02:35:52Z,2026-08-29 02:35:38,SPXW,2026-09-04,C,7980.0,7711.7598,0.15,208.0,0.25,275.0,0.15,255.0,353.0,0.0971,0.0063,0.0002,-0.1029,0.2476,0.0102
2026-08-29T02:35:52Z,2026-08-29 02:35:38,SPXW,2026-09-04,P,7980.0,7711.7598,256.9,1.0,274.0,1.0,206.8,3.0,59.0,0.1462,-0.9936,0.0002,-0.1029,0.2476,-1.7365
2026-08-29T02:35:52Z,2026-08-29 02:35:38,SPXW,2026-09-04,C,7990.0,7711.7598,0.15,190.0,0.2,3.0,0.15,103.0,256.0,0.1004,0.0058,0.0001,-0.0977,0.2301,0.0094
2026-08-29T02:35:52Z,2026-08-29 02:35:38,SPXW,2026-09-04,P,7990.0,7711.7598,266.9,1.0,284.3,1.0,311.15,0.0,49.0,0.1506,-0.9941,0.0001,-0.0978,0.2304,-1.7394
2026-08-29T02:35:52Z,2026-08-29 02:35:38,SPXW,2026-09-04,C,8000.0,7711.7598,0.15,86.0,0.2,223.0,0.2,2211.0,5498.0,0.1021,0.0054,0.0001,-0.0936,0.2156,0.0087
2026-08-29T02:35:52Z,2026-08-29 02:35:38,SPXW,2026-09-04,P,8000.0,7711.7598,281.1,7.0,293.1,7.0,291.3,13.0,3123.0,0.1061,-0.9945,0.0001,-0.0936,0.2159,-1.7423
2026-08-29T02:35:52Z,2026-08-29 02:35:38,SPXW,2026-09-04,C,8010.0,7711.7598,0.15,68.0,0.2,200.0,0.12,76.0,181.0,0.1034,0.005,0.0001,-0.0903,0.2035,0.0082
2026-08-29T02:35:52Z,2026-08-29 02:35:38,SPXW,2026-09-04,P,8010.0,7711.7598,286.6,1.0,303.6,1.0,297.43,2.0,0.0,0.1594,-0.9948,0.0001,-0.0903,0.2035,-1.745
2026-08-29T02:35:52Z,2026-08-29 02:35:38,SPXW,2026-09-04,C,8020.0,7711.7598,0.1,620.0,0.2,302.0,0.1,32.0,137.0,0.1066,0.0048,0.0001,-0.0875,0.1925,0.0077
2026-08-29T02:35:52Z,2026-08-29 02:35:38,SPXW,2026-09-04,P,8020.0,7711.7598,296.5,1.0,314.3,1.0,306.91,2.0,0.0,0.1638,-0.9951,0.0001,-0.0876,0.1927,-1.7477
2026-08-29T02:35:52Z,2026-08-29 02:35:38,SPXW,2026-09-04,C,8025.0,7711.7598,0.1,560.0,0.2,319.0,0.17,60.0,746.0,0.1081,0.0046,0.0001,-0.0864,0.1877,0.0075
2026-08-29T02:35:52Z,2026-08-29 02:35:38,SPXW,2026-09-04,P,8025.0,7711.7598,305.8,7.0,318.1,7.0,285.15,0.0,800.0,0.1197,-0.9952,0.0001,-0.0864,0.1878,-1.749
2026-08-29T02:35:52Z,2026-08-29 02:35:38,SPXW,2026-09-04,C,8030.0,7711.7598,0.1,562.0,0.2,334.0,0.1,100.0,120.0,0.1096,0.0045,0.0001,-0.0853,0.1832,0.0073
2026-08-29T02:35:52Z,2026-08-29 02:35:38,SPXW,2026-09-04,P,8030.0,7711.7598,306.5,1.0,325.9,1.0,0.0,0.0,0.0,0.1681,-0.9953,0.0001,-0.0853,0.1833,-1.7502
2026-08-29T02:35:52Z,2026-08-29 02:35:38,SPXW,2026-09-04,C,8040.0,7711.7598,0.1,343.0,0.2,358.0,0.15,84.0,92.0,0.1126,0.0043,0.0001,-0.0834,0.1749,0.007
2026-08-29T02:35:52Z,2026-08-29 02:35:38,SPXW,2026-09-04,P,8040.0,7711.7598,316.5,1.0,337.0,1.0,0.0,0.0,0.0,0.1724,-0.9956,0.0001,-0.0834,0.1749,-1.7528
2026-08-29T02:35:52Z,2026-08-29 02:35:38,SPXW,2026-09-04,C,8050.0,7711.7598,0.1,230.0,0.2,421.0,0.1,3182.0,2918.0,0.1157,0.0041,0.0001,-0.0817,0.1673,0.0067
2026-08-29T02:35:52Z,2026-08-29 02:35:38,SPXW,2026-09-04,P,8050.0,7711.7598,330.5,7.0,343.1,7.0,325.97,0.0,202.0,0.122,-0.9957,0.0001,-0.0817,0.1673,-1.7553
2026-08-29T02:35:52Z,2026-08-29 02:35:38,SPXW,2026-09-04,C,8060.0,7711.7598,0.1,201.0,0.2,461.0,0.1,23.0,29.0,0.1189,0.0039,0.0001,-0.0801,0.16,0.0064
2026-08-29T02:35:52Z,2026-08-29 02:35:38,SPXW,2026-09-04,P,8060.0,7711.7598,336.5,1.0,354.1,1.0,0.0,0.0,0.0,0.1799,-0.9959,0.0001,-0.0802,0.1605,-1.7578
2026-08-29T02:35:52Z,2026-08-29 02:35:38,SPXW,2026-09-04,C,8070.0,7711.7598,0.1,212.0,0.2,349.0,0.1,33.0,4.0,0.1218,0.0038,0.0001,-0.0789,0.154,0.0061
2026-08-29T02:35:52Z,2026-08-29 02:35:38,SPXW,2026-09-04,P,8070.0,7711.7598,346.5,1.0,363.9,1.0,0.0,0.0,0.0,0.1842,-0.9961,0.0001,-0.079,0.1542,-1.7602
2026-08-29T02:35:52Z,2026-08-29 02:35:38,SPXW,2026-09-04,C,8075.0,7711.7598,0.1,210.0,0.2,351.0,0.1,41.0,347.0,0.1233,0.0037,0.0001,-0.0783,0.1511,0.006
2026-08-29T02:35:52Z,2026-08-29 02:35:38,SPXW,2026-09-04,P,8075.0,7711.7598,351.5,1.0,368.9,1.0,0.0,0.0,0.0,0.1863,-0.9961,0.0001,-0.0784,0.1513,-1.7614
2026-08-29T02:35:52Z,2026-08-29 02:35:38,SPXW,2026-09-04,C,8080.0,7711.7598,0.1,209.0,0.2,362.0,0.15,30.0,28.0,0.1248,0.0036,0.0001,-0.0778,0.1482,0.0059
2026-08-29T02:35:52Z,2026-08-29 02:35:38,SPXW,2026-09-04,P,8080.0,7711.7598,356.6,1.0,377.0,1.0,0.0,0.0,0.0,0.1884,-0.9962,0.0001,-0.0778,0.1485,-1.7626
2026-08-29T02:35:52Z,2026-08-29 02:35:38,SPXW,2026-09-04,C,8090.0,7711.7598,0.1,206.0,0.2,359.0,0.1,45.0,25.0,0.1278,0.0035,0.0001,-0.0767,0.143,0.0057
2026-08-29T02:35:52Z,2026-08-29 02:35:38,SPXW,2026-09-04,P,8090.0,7711.7598,366.5,1.0,385.6,1.0,0.0,0.0,0.0,0.1926,-0.9963,0.0001,-0.0768,0.1432,-1.765
2026-08-29T02:35:52Z,2026-08-29 02:35:38,SPXW,2026-09-04,C,8100.0,7711.7598,0.1,202.0,0.2,366.0,0.15,197.0,843.0,0.1308,0.0034,0.0001,-0.0758,0.1381,0.0055
2026-08-29T02:35:52Z,2026-08-29 02:35:38,SPXW,2026-09-04,P,8100.0,7711.7598,376.5,2.0,397.0,1.0,388.32,1.0,101.0,0.1968,-0.9965,0.0001,-0.0758,0.1383,-1.7674
2026-08-29T02:35:52Z,2026-08-29 02:35:38,SPXW,2026-09-04,C,8110.0,7711.7598,0.1,184.0,0.2,375.0,0.1,27.0,128.0,0.1338,0.0033,0.0001,-0.0749,0.1335,0.0053
2026-08-29T02:35:52Z,2026-08-29 02:35:38,SPXW,2026-09-04,P,8110.0,7711.7598,386.4,1.0,403.9,1.0,0.0,0.0,0.0,0.201,-0.9966,0.0001,-0.0749,0.1337,-1.7698
2026-08-29T02:35:52Z,2026-08-29 02:35:38,SPXW,2026-09-04,C,8120.0,7711.7598,0.1,200.0,0.2,401.0,0.1,42.0,601.0,0.1369,0.0032,0.0001,-0.074,0.129,0.0051
2026-08-29T02:35:52Z,2026-08-29 02:35:38,SPXW,2026-09-04,P,8120.0,7711.7598,396.5,1.0,416.9,1.0,374.88,1.0,1.0,0.2051,-0.9967,0.0001,-0.0741,0.1294,-1.7721
2026-08-29T02:35:52Z,2026-08-29 02:35:38,SPXW,2026-09-04,C,8125.0,7711.7598,0.1,198.0,0.2,485.0,0.15,7.0,475.0,0.1382,0.0031,0.0001,-0.0737,0.1273,0.005
2026-08-29T02:35:52Z,2026-08-29 02:35:38,SPXW,2026-09-04,P,8125.0,7711.7598,401.4,1.0,418.8,1.0,416.06,35.0,0.0,0.2072,-0.9967,0.0001,-0.0737,0.1274,-1.7733
2026-08-29T02:35:52Z,2026-08-29 02:35:38,SPXW,2026-09-04,C,8130.0,7711.7598,0.1,181.0,0.2,390.0,0.1,19.0,14.0,0.1396,0.0031,0.0001,-0.0733,0.1254,0.005
2026-08-29T02:35:52Z,2026-08-29 02:35:38,SPXW,2026-09-04,P,8130.0,7711.7598,406.4,1.0,423.9,1.0,406.74,0.0,4.0,0.2092,-0.9968,0.0001,-0.0734,0.1254,-1.7745
2026-08-29T02:35:52Z,2026-08-29 02:35:38,SPXW,2026-09-04,C,8140.0,7711.7598,0.1,181.0,0.2,374.0,0.15,47.0,9.0,0.1426,0.003,0.0001,-0.0726,0.1216,0.0048
2026-08-29T02:35:52Z,2026-08-29 02:35:38,SPXW,2026-09-04,P,8140.0,7711.7598,416.4,1.0,433.8,1.0,417.51,0.0,10.0,0.2122,-0.9969,0.0001,-0.0726,0.1216,-1.7768
2026-08-29T02:35:52Z,2026-08-29 02:35:38,SPXW,2026-09-04,C,8150.0,7711.7598,0.1,172.0,0.2,686.0,0.1,72.0,551.0,0.1455,0.0029,0.0001,-0.0719,0.118,0.0047
2026-08-29T02:35:52Z,2026-08-29 02:35:38,SPXW,2026-09-04,P,8150.0,7711.7598,426.4,1.0,446.9,1.0,0.0,0.0,0.0,0.2163,-0.997,0.0001,-0.0719,0.1181,-1.7792
2026-08-29T02:35:52Z,2026-08-29 02:35:38,SPXW,2026-09-04,C,8160.0,7711.7598,0.1,172.0,0.2,564.0,0.15,2.0,1.0,0.1484,0.0028,0.0001,-0.0713,0.1147,0.0045
2026-08-29T02:35:52Z,2026-08-29 02:35:38,SPXW,2026-09-04,P,8160.0,7711.7598,436.5,1.0,456.9,1.0,451.4,35.0,0.0,0.2204,-0.997,0.0001,-0.0713,0.1147,-1.7815
2026-08-29T02:35:52Z,2026-08-29 02:35:38,SPXW,2026-09-04,C,8170.0,7711.7598,0.1,100.0,0.15,235.0,0.05,151.0,5.0,0.1487,0.0028,0.0,-0.0706,0.1115,0.0044
2026-08-29T02:35:52Z,2026-08-29 02:35:38,SPXW,2026-09-04,P,8170.0,7711.7598,446.5,1.0,466.9,1.0,447.58,0.0,10.0,0.2244,-0.9971,0.0,-0.0706,0.1115,-1.7838
2026-08-29T02:35:52Z,2026-08-29 02:35:38,SPXW,2026-09-04,C,8175.0,7711.7598,0.1,103.0,0.15,242.0,0.1,7.0,860.0,0.1501,0.0027,0.0,-0.0703,0.11,0.0044
2026-08-29T02:35:52Z,2026-08-29 02:35:38,SPXW,2026-09-04,P,8175.0,7711.7598,451.4,1.0,469.1,1.0,448.34,0.0,7.0,0.2265,-0.9972,0.0,-0.0703,0.11,-1.7849
2026-08-29T02:35:52Z,2026-08-29 02:35:38,SPXW,2026-09-04,C,8200.0,7711.7598,0.05,796.0,0.15,258.0,0.1,169.0,740.0,0.1543,0.0025,0.0,-0.0688,0.1025,0.0041
2026-08-29T02:35:52Z,2026-08-29 02:35:38,SPXW,2026-09-04,P,8200.0,7711.7598,476.4,1.0,493.7,1.0,485.1,3.0,6.0,0.2366,-0.9973,0.0,-0.0689,0.1028,-1.7907
2026-08-29T02:35:52Z,2026-08-29 02:35:38,SPXW,2026-09-04,C,8225.0,7711.7598,0.05,619.0,0.1,1.0,0.1,114.0,293.0,0.1613,0.0024,0.0,-0.0674,0.0962,0.0038
2026-08-29T02:35:52Z,2026-08-29 02:35:38,SPXW,2026-09-04,P,8225.0,7711.7598,501.3,1.0,518.8,1.0,510.0,1.0,0.0,0.2466,-0.9975,0.0,-0.0675,0.0964,-1.7964
2026-08-29T02:35:52Z,2026-08-29 02:35:38,SPXW,2026-09-04,C,8250.0,7711.7598,0.05,595.0,0.1,1.0,0.1,605.0,4095.0,0.1682,0.0022,0.0,-0.0661,0.0905,0.0036
2026-08-29T02:35:52Z,2026-08-29 02:35:38,SPXW,2026-09-04,P,8250.0,7711.7598,526.4,1.0,546.8,1.0,0.0,0.0,0.0,0.2552,-0.9976,0.0,-0.0661,0.0907,-1.8021
2026-08-29T02:35:52Z,2026-08-29 02:35:38,SPXW,2026-09-04,C,8275.0,7711.7598,0.05,198.0,0.15,379.0,0.1,105.0,251.0,0.175,0.0021,0.0,-0.0648,0.0854,0.0034
2026-08-29T02:35:52Z,2026-08-29 02:35:38,SPXW,2026-09-04,P,8275.0,7711.7598,551.3,1.0,568.8,1.0,0.0,0.0,0.0,0.265,-0.9978,0.0,-0.0649,0.0855,-1.8078
2026-08-29T02:35:52Z,2026-08-29 02:35:38,SPXW,2026-09-04,C,8300.0,7711.7598,0.05,186.0,0.1,2.0,0.1,273.0,2332.0,0.1817,0.002,0.0,-0.0636,0.0808,0.0032
2026-08-29T02:35:52Z,2026-08-29 02:35:38,SPXW,2026-09-04,P,8300.0,7711.7598,576.3,1.0,593.6,1.0,0.0,0.0,0.0,0.2748,-0.9979,0.0,-0.0636,0.0808,-1.8134
2026-08-29T02:35:52Z,2026-08-29 02:35:38,SPXW,2026-09-04,C,8325.0,7711.7598,0.05,105.0,0.1,1.0,0.1,21.0,77.0,0.1885,0.0019,0.0,-0.0624,0.0765,0.003
2026-08-29T02:35:52Z,2026-08-29 02:35:38,SPXW,2026-09-04,P,8325.0,7711.7598,601.8,1.0,618.7,1.0,584.93,4.0,0.0,0.2845,-0.998,0.0,-0.0624,0.0765,-1.8191
2026-08-29T02:35:52Z,2026-08-29 02:35:38,SPXW,2026-09-04,C,8350.0,7711.7598,0.05,103.0,0.1,1.0,0.05,5.0,237.0,0.1905,0.0018,0.0,-0.0612,0.0725,0.0029
2026-08-29T02:35:52Z,2026-08-29 02:35:38,SPXW,2026-09-04,P,8350.0,7711.7598,626.7,1.0,643.7,1.0,0.0,0.0,0.0,0.2927,-0.9981,0.0,-0.0612,0.0726,-1.8247
2026-08-29T02:35:52Z,2026-08-29 02:35:38,SPXW,2026-09-04,C,8375.0,7711.7598,0.05,111.0,0.1,111.0,0.35,0.0,500.0,0.197,0.0017,0.0,-0.06,0.0689,0.0027
2026-08-29T02:35:52Z,2026-08-29 02:35:38,SPXW,2026-09-04,P,8375.0,7711.7598,651.0,1.0,668.2,1.0,0.0,0.0,0.0,0.3023,-0.9982,0.0,-0.06,0.0689,-1.8303
2026-08-29T02:35:52Z,2026-08-29 02:35:38,SPXW,2026-09-04,C,8400.0,7711.7598,0.05,94.0,0.1,111.0,0.05,500.0,3741.0,0.1972,0.0016,0.0,-0.0586,0.0652,0.0026
2026-08-29T02:35:52Z,2026-08-29 02:35:38,SPXW,2026-09-04,P,8400.0,7711.7598,676.6,1.0,693.6,1.0,0.0,0.0,0.0,0.3118,-0.9982,0.0,-0.0589,0.0655,-1.8359
2026-08-29T02:35:52Z,2026-08-29 02:35:38,SPXW,2026-09-04,C,8425.0,7711.7598,0.05,93.0,0.1,114.0,0.0,0.0,0.0,0.2032,0.0016,0.0,-0.0577,0.0623,0.0025
2026-08-29T02:35:52Z,2026-08-29 02:35:38,SPXW,2026-09-04,P,8425.0,7711.7598,701.0,1.0,722.2,1.0,0.0,0.0,0.0,0.3213,-0.9983,0.0,-0.0577,0.0624,-1.8415
2026-08-29T02:35:52Z,2026-08-29 02:35:38,SPXW,2026-09-04,C,8450.0,7711.7598,0.05,91.0,0.1,121.0,0.15,0.0,42.0,0.2095,0.0015,0.0,-0.0566,0.0594,0.0023
2026-08-29T02:35:52Z,2026-08-29 02:35:38,SPXW,2026-09-04,P,8450.0,7711.7598,726.6,1.0,743.8,1.0,0.0,0.0,0.0,0.329,-0.9984,0.0,-0.0566,0.0594,-1.8471
2026-08-29T02:35:52Z,2026-08-29 02:35:38,SPXW,2026-09-04,C,8475.0,7711.7598,0.0,0.0,0.1,146.0,0.1,0.0,13.0,0.2158,0.0014,0.0,-0.0555,0.0567,0.0022
2026-08-29T02:35:52Z,2026-08-29 02:35:38,SPXW,2026-09-04,P,8475.0,7711.7598,751.6,1.0,768.4,1.0,0.0,0.0,0.0,0.3384,-0.9985,0.0,-0.0555,0.0567,-1.8527
2026-08-29T02:35:52Z,2026-08-29 02:35:38,SPXW,2026-09-08,C,6950.0,7711.7598,753.2,1.0,773.7,1.0,732.5,0.0,0.0,0.0,0.9928,0.0001,-0.2534,0.2854,1.6978
2026-08-29T02:35:52Z,2026-08-29 02:35:38,SPXW,2026-09-08,P,6950.0,7711.7598,0.7,16.0,0.8,138.0,0.72,5.0,106.0,0.247,-0.0071,0.0001,-0.2534,0.2855,-0.0131
2026-08-29T02:35:52Z,2026-08-29 02:35:38,SPXW,2026-09-08,C,6975.0,7711.7598,730.9,1.0,749.0,1.0,0.0,0.0,0.0,0.0,0.9924,0.0001,-0.2605,0.301,1.7032
2026-08-29T02:35:52Z,2026-08-29 02:35:38,SPXW,2026-09-08,P,6975.0,7711.7598,0.75,16.0,0.85,141.0,0.85,7.0,223.0,0.2414,-0.0075,0.0001,-0.2606,0.3011,-0.0139
2026-08-29T02:35:52Z,2026-08-29 02:35:38,SPXW,2026-09-08,C,7000.0,7711.7598,706.7,1.0,723.9,1.0,732.18,0.0,20.0,0.0,0.9919,0.0001,-0.2681,0.318,1.7085
2026-08-29T02:35:52Z,2026-08-29 02:35:38,SPXW,2026-09-08,P,7000.0,7711.7598,0.75,20.0,0.9,91.0,0.79,67.0,522.0,0.2346,-0.008,0.0001,-0.2682,0.3182,-0.0148
2026-08-29T02:35:52Z,2026-08-29 02:35:38,SPXW,2026-09-08,C,7025.0,7711.7598,678.4,1.0,698.9,1.0,0.0,0.0,0.0,0.0,0.9914,0.0001,-0.2762,0.3365,1.7137
2026-08-29T02:35:52Z,2026-08-29 02:35:38,SPXW,2026-09-08,P,7025.0,7711.7598,0.8,16.0,0.95,232.0,1.1,0.0,92.0,0.2278,-0.0085,0.0001,-0.2764,0.3369,-0.0157
2026-08-29T02:35:52Z,2026-08-29 02:35:38,SPXW,2026-09-08,C,7050.0,7711.7598,656.8,1.0,675.1,1.0,680.78,0.0,20.0,0.0,0.9908,0.0001,-0.285,0.3568,1.7188
2026-08-29T02:35:52Z,2026-08-29 02:35:38,SPXW,2026-09-08,P,7050.0,7711.7598,0.85,16.0,0.95,111.0,0.95,2.0,112.0,0.2218,-0.009,0.0001,-0.2852,0.3572,-0.0168
2026-08-29T02:35:52Z,2026-08-29 02:35:38,SPXW,2026-09-08,C,7075.0,7711.7598,631.9,1.0,649.0,1.0,0.0,0.0,4.0,0.0,0.9902,0.0001,-0.2946,0.379,1.7237
2026-08-29T02:35:52Z,2026-08-29 02:35:38,SPXW,2026-09-08,P,7075.0,7711.7598,0.9,16.0,1.0,105.0,2.2,0.0,345.0,0.215,-0.0097,0.0001,-0.2946,0.3792,-0.018
2026-08-29T02:35:52Z,2026-08-29 02:35:38,SPXW,2026-09-08,C,7100.0,7711.7598,607.1,1.0,624.1,1.0,0.0,0.0,4.0,0.0,0.9895,0.0001,-0.3051,0.4036,1.7286
2026-08-29T02:35:52Z,2026-08-29 02:35:38,SPXW,2026-09-08,P,7100.0,7711.7598,0.95,16.0,1.05,98.0,1.05,48.0,452.0,0.2087,-0.0104,0.0001,-0.3052,0.4038,-0.0193
2026-08-29T02:35:52Z,2026-08-29 02:35:38,SPXW,2026-09-08,C,7125.0,7711.7598,582.1,1.0,599.4,1.0,0.0,0.0,0.0,0.0,0.9887,0.0001,-0.3167,0.431,1.7332
2026-08-29T02:35:52Z,2026-08-29 02:35:38,SPXW,2026-09-08,P,7125.0,7711.7598,1.0,16.0,1.15,184.0,1.0,1.0,165.0,0.2023,-0.0112,0.0001,-0.3168,0.4313,-0.0208
2026-08-29T02:35:52Z,2026-08-29 02:35:38,SPXW,2026-09-08,C,7150.0,7711.7598,557.3,1.0,574.5,1.0,610.36,0.0,1.0,0.0,0.9878,0.0001,-0.3297,0.4621,1.7377
2026-08-29T02:35:52Z,2026-08-29 02:35:38,SPXW,2026-09-08,P,7150.0,7711.7598,1.05,80.0,1.2,105.0,1.15,21.0,213.0,0.1963,-0.0121,0.0001,-0.3298,0.4624,-0.0225
2026-08-29T02:35:52Z,2026-08-29 02:35:38,SPXW,2026-09-08,C,7175.0,7711.7598,532.3,1.0,549.6,1.0,497.78,0.0,9.0,0.0,0.9867,0.0001,-0.3445,0.4975,1.7419
2026-08-29T02:35:52Z,2026-08-29 02:35:38,SPXW,2026-09-08,P,7175.0,7711.7598,1.15,16.0,1.25,84.0,1.03,1.0,46.0,0.1902,-0.0131,0.0001,-0.3446,0.4978,-0.0244
2026-08-29T02:35:52Z,2026-08-29 02:35:38,SPXW,2026-09-08,C,7200.0,7711.7598,507.4,1.0,524.7,1.0,473.43,0.0,10.0,0.0,0.9855,0.0001,-0.3613,0.5378,1.7458
2026-08-29T02:35:52Z,2026-08-29 02:35:38,SPXW,2026-09-08,P,7200.0,7711.7598,1.2,104.0,1.35,114.0,1.35,69.0,391.0,0.1834,-0.0144,0.0001,-0.3615,0.5382,-0.0268
2026-08-29T02:35:52Z,2026-08-29 02:35:38,SPXW,2026-09-08,C,7210.0,7711.7598,497.4,1.0,514.5,1.0,0.0,0.0,0.0,0.0,0.985,0.0001,-0.3688,0.5555,1.7472
2026-08-29T02:35:52Z,2026-08-29 02:35:38,SPXW,2026-09-08,P,7210.0,7711.7598,1.25,75.0,1.4,86.0,3.5,0.0,8.0,0.1813,-0.0149,0.0001,-0.3688,0.5555,-0.0278
2026-08-29T02:35:52Z,2026-08-29 02:35:38,SPXW,2026-09-08,C,7220.0,7711.7598,487.7,1.0,504.8,1.0,0.0,0.0,0.0,0.0,0.9844,0.0002,-0.3767,0.5742,1.7485
2026-08-29T02:35:52Z,2026-08-29 02:35:38,SPXW,2026-09-08,P,7220.0,7711.7598,1.3,19.0,1.45,92.0,0.0,0.0,0.0,0.179,-0.0155,0.0002,-0.3767,0.5742,-0.0289
2026-08-29T02:35:52Z,2026-08-29 02:35:38,SPXW,2026-09-08,C,7225.0,7711.7598,482.4,1.0,499.6,1.0,554.25,0.0,1.0,0.0,0.9841,0.0002,-0.3809,0.5839,1.7492
2026-08-29T02:35:52Z,2026-08-29 02:35:38,SPXW,2026-09-08,P,7225.0,7711.7598,1.3,75.0,1.45,76.0,1.45,19.0,99.0,0.1774,-0.0158,0.0002,-0.3809,0.5839,-0.0295
2026-08-29T02:35:52Z,2026-08-29 02:35:38,SPXW,2026-09-08,C,7230.0,7711.7598,477.7,1.0,494.6,1.0,0.0,0.0,0.0,0.0,0.9838,0.0002,-0.3851,0.5939,1.7498
2026-08-29T02:35:52Z,2026-08-29 02:35:38,SPXW,2026-09-08,P,7230.0,7711.7598,1.35,16.0,1.5,95.0,1.17,1.0,1.0,0.1763,-0.0161,0.0002,-0.3852,0.594,-0.0301
2026-08-29T02:35:52Z,2026-08-29 02:35:38,SPXW,2026-09-08,C,7240.0,7711.7598,467.9,1.0,484.9,1.0,0.0,0.0,0.0,0.0,0.9831,0.0002,-0.3941,0.6149,1.751
2026-08-29T02:35:52Z,2026-08-29 02:35:38,SPXW,2026-09-08,P,7240.0,7711.7598,1.4,17.0,1.5,20.0,1.5,120.0,144.0,0.1735,-0.0168,0.0002,-0.3943,0.6153,-0.0313
2026-08-29T02:35:52Z,2026-08-29 02:35:38,SPXW,2026-09-08,C,7250.0,7711.7598,457.7,1.0,474.8,1.0,0.0,0.0,0.0,0.0,0.9824,0.0002,-0.4037,0.6374,1.7521
2026-08-29T02:35:52Z,2026-08-29 02:35:38,SPXW,2026-09-08,P,7250.0,7711.7598,1.45,17.0,1.55,20.0,1.61,90.0,432.0,0.1712,-0.0175,0.0002,-0.4039,0.6377,-0.0327
2026-08-29T02:35:52Z,2026-08-29 02:35:38,SPXW,2026-09-08,C,7260.0,7711.7598,447.8,1.0,464.8,1.0,0.0,0.0,0.0,0.0,0.9816,0.0002,-0.414,0.6613,1.7531
2026-08-29T02:35:52Z,2026-08-29 02:35:38,SPXW,2026-09-08,P,7260.0,7711.7598,1.5,17.0,1.65,85.0,1.9,37.0,7.0,0.1688,-0.0183,0.0002,-0.4141,0.6617,-0.0341
2026-08-29T02:35:52Z,2026-08-29 02:35:38,SPXW,2026-09-08,C,7270.0,7711.7598,438.1,1.0,455.1,1.0,0.0,0.0,0.0,0.0,0.9808,0.0002,-0.4249,0.6869,1.754
2026-08-29T02:35:52Z,2026-08-29 02:35:38,SPXW,2026-09-08,P,7270.0,7711.7598,1.55,71.0,1.7,74.0,1.9,103.0,12.0,0.1664,-0.0191,0.0002,-0.425,0.687,-0.0357
2026-08-29T02:35:52Z,2026-08-29 02:35:38,SPXW,2026-09-08,C,7275.0,7711.7598,432.9,1.0,449.9,1.0,372.5,0.0,1.0,0.0,0.9803,0.0002,-0.4307,0.7004,1.7545
2026-08-29T02:35:52Z,2026-08-29 02:35:38,SPXW,2026-09-08,P,7275.0,7711.7598,1.55,75.0,1.7,19.0,1.73,16.0,210.0,0.1655,-0.0195,0.0002,-0.4307,0.7005,-0.0365
2026-08-29T02:35:52Z,2026-08-29 02:35:38,SPXW,2026-09-08,C,7280.0,7711.7598,427.9,1.0,444.9,1.0,0.0,0.0,0.0,0.0,0.9799,0.0002,-0.4367,0.7144,1.7548
2026-08-29T02:35:52Z,2026-08-29 02:35:38,SPXW,2026-09-08,P,7280.0,7711.7598,1.6,76.0,1.75,65.0,2.05,39.0,9.0,0.1639,-0.02,0.0002,-0.4367,0.7144,-0.0373
2026-08-29T02:35:52Z,2026-08-29 02:35:38,SPXW,2026-09-08,C,7290.0,7711.7598,417.9,1.0,435.0,1.0,0.0,0.0,0.0,0.0,0.9789,0.0002,-0.4492,0.7438,1.7555
2026-08-29T02:35:52Z,2026-08-29 02:35:38,SPXW,2026-09-08,P,7290.0,7711.7598,1.65,72.0,1.8,19.0,2.05,4.0,26.0,0.1614,-0.021,0.0002,-0.4492,0.7438,-0.0392
2026-08-29T02:35:52Z,2026-08-29 02:35:38,SPXW,2026-09-08,C,7300.0,7711.7598,407.5,1.0,426.1,1.0,375.9,0.0,3.0,0.0,0.9778,0.0002,-0.4627,0.7751,1.7559
2026-08-29T02:35:52Z,2026-08-29 02:35:38,SPXW,2026-09-08,P,7300.0,7711.7598,1.75,66.0,1.9,89.0,1.74,279.0,436.0,0.1595,-0.022,0.0002,-0.4627,0.7751,-0.0412
2026-08-29T02:35:52Z,2026-08-29 02:35:38,SPXW,2026-09-08,C,7310.0,7711.7598,398.1,1.0,415.0,1.0,0.0,0.0,0.0,0.0,0.9767,0.0003,-0.4772,0.8085,1.7562
2026-08-29T02:35:52Z,2026-08-29 02:35:38,SPXW,2026-09-08,P,7310.0,7711.7598,1.8,77.0,1.95,19.0,1.87,28.0,63.0,0.1569,-0.0232,0.0003,-0.4772,0.8085,-0.0433
2026-08-29T02:35:52Z,2026-08-29 02:35:38,SPXW,2026-09-08,C,7320.0,7711.7598,388.2,1.0,406.2,2.0,0.0,0.0,0.0,0.0,0.9754,0.0003,-0.4928,0.8442,1.7563
2026-08-29T02:35:52Z,2026-08-29 02:35:38,SPXW,2026-09-08,P,7320.0,7711.7598,1.9,91.0,2.05,20.0,2.07,48.0,3.0,0.1549,-0.0244,0.0003,-0.4928,0.8442,-0.0457
2026-08-29T02:35:52Z,2026-08-29 02:35:38,SPXW,2026-09-08,C,7325.0,7711.7598,380.1,1.0,399.8,1.0,357.26,0.0,27.0,0.0,0.9748,0.0003,-0.5011,0.863,1.7563
2026-08-29T02:35:52Z,2026-08-29 02:35:38,SPXW,2026-09-08,P,7325.0,7711.7598,1.95,83.0,2.1,21.0,2.16,1118.0,308.0,0.1535,-0.0251,0.0003,-0.5012,0.8633,-0.047
2026-08-29T02:35:52Z,2026-08-29 02:35:38,SPXW,2026-09-08,C,7330.0,7711.7598,376.0,1.0,395.9,1.0,347.93,0.0,1.0,0.0,0.9741,0.0003,-0.5096,0.8824,1.7562
2026-08-29T02:35:52Z,2026-08-29 02:35:38,SPXW,2026-09-08,P,7330.0,7711.7598,2.0,66.0,2.15,21.0,2.4,13.0,9.0,0.1525,-0.0258,0.0003,-0.5096,0.8824,-0.0483
2026-08-29T02:35:52Z,2026-08-29 02:35:38,SPXW,2026-09-08,C,7340.0,7711.7598,368.9,1.0,386.5,1.0,0.0,0.0,0.0,0.0,0.9726,0.0003,-0.5277,0.9236,1.7559
2026-08-29T02:35:52Z,2026-08-29 02:35:38,SPXW,2026-09-08,P,7340.0,7711.7598,2.1,65.0,2.25,21.0,2.17,21.0,67.0,0.1503,-0.0272,0.0003,-0.5277,0.9236,-0.0511
2026-08-29T02:35:52Z,2026-08-29 02:35:38,SPXW,2026-09-08,C,7350.0,7711.7598,355.1,1.0,375.6,1.0,0.0,0.0,0.0,0.0,0.971,0.0003,-0.5471,0.9679,1.7553
2026-08-29T02:35:52Z,2026-08-29 02:35:38,SPXW,2026-09-08,P,7350.0,7711.7598,2.2,86.0,2.35,19.0,2.5,73.0,249.0,0.1481,-0.0288,0.0003,-0.5471,0.9679,-0.0541
2026-08-29T02:35:52Z,2026-08-29 02:35:38,SPXW,2026-09-08,C,7355.0,7711.7598,350.2,1.0,370.7,1.0,0.0,0.0,0.0,0.0,0.9702,0.0003,-0.5574,0.9914,1.755
2026-08-29T02:35:52Z,2026-08-29 02:35:38,SPXW,2026-09-08,P,7355.0,7711.7598,2.25,65.0,2.45,68.0,2.88,16.0,43.0,0.1469,-0.0297,0.0003,-0.5574,0.9914,-0.0557
2026-08-29T02:35:52Z,2026-08-29 02:35:38,SPXW,2026-09-08,C,7360.0,7711.7598,345.5,1.0,366.6,1.0,0.0,0.0,0.0,0.0,0.9692,0.0004,-0.568,1.0158,1.7545
2026-08-29T02:35:52Z,2026-08-29 02:35:38,SPXW,2026-09-08,P,7360.0,7711.7598,2.35,16.0,2.5,79.0,2.4,182.0,73.0,0.1457,-0.0306,0.0004,-0.568,1.0158,-0.0573
2026-08-29T02:35:52Z,2026-08-29 02:35:38,SPXW,2026-09-08,C,7365.0,7711.7598,343.8,1.0,360.3,1.0,0.0,0.0,0.0,0.0,0.9683,0.0004,-0.579,1.0411,1.754
2026-08-29T02:35:52Z,2026-08-29 02:35:38,SPXW,2026-09-08,P,7365.0,7711.7598,2.4,15.0,2.55,20.0,3.67,0.0,28.0,0.1448,-0.0316,0.0004,-0.5792,1.0416,-0.0591
2026-08-29T02:35:52Z,2026-08-29 02:35:38,SPXW,2026-09-08,C,7370.0,7711.7598,339.2,1.0,355.9,1.0,0.0,0.0,0.0,0.0,0.9673,0.0004,-0.5904,1.0673,1.7534
2026-08-29T02:35:52Z,2026-08-29 02:35:38,SPXW,2026-09-08,P,7370.0,7711.7598,2.45,84.0,2.65,88.0,2.47,32.0,87.0,0.1439,-0.0325,0.0004,-0.5904,1.0673,-0.061
2026-08-29T02:35:52Z,2026-08-29 02:35:38,SPXW,2026-09-08,C,7375.0,7711.7598,330.5,1.0,351.0,1.0,368.5,0.0,1.0,0.0,0.9663,0.0004,-0.6023,1.0943,1.7526
2026-08-29T02:35:52Z,2026-08-29 02:35:38,SPXW,2026-09-08,P,7375.0,7711.7598,2.55,15.0,2.7,50.0,2.96,35.0,217.0,0.1426,-0.0336,0.0004,-0.6023,1.0943,-0.0629
2026-08-29T02:35:52Z,2026-08-29 02:35:38,SPXW,2026-09-08,C,7380.0,7711.7598,329.2,1.0,346.3,1.0,0.0,0.0,0.0,0.0,0.9652,0.0004,-0.6145,1.1223,1.7518
2026-08-29T02:35:52Z,2026-08-29 02:35:38,SPXW,2026-09-08,P,7380.0,7711.7598,2.6,57.0,2.8,67.0,2.94,33.0,26.0,0.1416,-0.0346,0.0004,-0.6145,1.1223,-0.065
2026-08-29T02:35:52Z,2026-08-29 02:35:38,SPXW,2026-09-08,C,7385.0,7711.7598,320.9,1.0,341.6,1.0,0.0,0.0,0.0,0.0,0.9641,0.0004,-0.6273,1.1512,1.7509
2026-08-29T02:35:52Z,2026-08-29 02:35:38,SPXW,2026-09-08,P,7385.0,7711.7598,2.7,15.0,2.85,41.0,2.35,6.0,8.0,0.1406,-0.0358,0.0004,-0.6273,1.1512,-0.0671
2026-08-29T02:35:52Z,2026-08-29 02:35:38,SPXW,2026-09-08,C,7390.0,7711.7598,316.0,1.0,337.4,1.0,0.0,0.0,0.0,0.0,0.9629,0.0004,-0.6405,1.1811,1.7498
2026-08-29T02:35:52Z,2026-08-29 02:35:38,SPXW,2026-09-08,P,7390.0,7711.7598,2.75,57.0,2.95,65.0,3.02,2.0,137.0,0.1395,-0.0369,0.0004,-0.6405,1.1811,-0.0694
2026-08-29T02:35:52Z,2026-08-29 02:35:38,SPXW,2026-09-08,C,7395.0,7711.7598,311.1,1.0,331.6,1.0,0.0,0.0,0.0,0.0642,0.9617,0.0004,-0.6542,1.2121,1.7487
2026-08-29T02:35:52Z,2026-08-29 02:35:38,SPXW,2026-09-08,P,7395.0,7711.7598,2.85,54.0,3.1,144.0,3.7,142.0,1.0,0.1386,-0.0382,0.0004,-0.6542,1.2121,-0.0718
2026-08-29T02:35:52Z,2026-08-29 02:35:38,SPXW,2026-09-08,C,7400.0,7711.7598,306.4,1.0,326.9,1.0,421.26,0.0,3.0,0.0877,0.9604,0.0005,-0.6684,1.2442,1.7475
2026-08-29T02:35:52Z,2026-08-29 02:35:38,SPXW,2026-09-08,P,7400.0,7711.7598,2.95,14.0,3.1,13.0,2.94,115.0,409.0,0.1375,-0.0395,0.0005,-0.6684,1.2442,-0.0742
2026-08-29T02:35:52Z,2026-08-29 02:35:38,SPXW,2026-09-08,C,7405.0,7711.7598,301.0,1.0,321.5,1.0,0.0,0.0,0.0,0.0927,0.959,0.0005,-0.6831,1.2775,1.7462
2026-08-29T02:35:52Z,2026-08-29 02:35:38,SPXW,2026-09-08,P,7405.0,7711.7598,3.0,56.0,3.2,12.0,3.91,28.0,5.0,0.1366,-0.0408,0.0005,-0.6831,1.2775,-0.0768
2026-08-29T02:35:52Z,2026-08-29 02:35:38,SPXW,2026-09-08,C,7410.0,7711.7598,296.4,1.0,317.2,1.0,302.35,30.0,0.0,0.0956,0.9576,0.0005,-0.6983,1.3122,1.7448
2026-08-29T02:35:52Z,2026-08-29 02:35:38,SPXW,2026-09-08,P,7410.0,7711.7598,3.1,54.0,3.3,12.0,3.19,102.0,115.0,0.1358,-0.0422,0.0005,-0.6983,1.3122,-0.0794
2026-08-29T02:35:52Z,2026-08-29 02:35:38,SPXW,2026-09-08,C,7415.0,7711.7598,292.3,1.0,312.8,1.0,0.0,0.0,0.0,0.0974,0.9561,0.0005,-0.714,1.3482,1.7432
2026-08-29T02:35:52Z,2026-08-29 02:35:38,SPXW,2026-09-08,P,7415.0,7711.7598,3.2,52.0,3.5,59.0,3.8,67.0,12.0,0.1346,-0.0437,0.0005,-0.714,1.3482,-0.0822
2026-08-29T02:35:52Z,2026-08-29 02:35:38,SPXW,2026-09-08,C,7420.0,7711.7598,286.4,1.0,307.1,1.0,351.46,2.0,0.0,0.0987,0.9546,0.0005,-0.7303,1.3856,1.7415
2026-08-29T02:35:52Z,2026-08-29 02:35:38,SPXW,2026-09-08,P,7420.0,7711.7598,3.3,58.0,3.6,58.0,3.8,79.0,58.0,0.1338,-0.0453,0.0005,-0.7303,1.3856,-0.0851
2026-08-29T02:35:52Z,2026-08-29 02:35:38,SPXW,2026-09-08,C,7425.0,7711.7598,282.6,1.0,301.3,1.0,261.36,0.0,52.0,0.0996,0.953,0.0006,-0.7472,1.4244,1.7397
2026-08-29T02:35:52Z,2026-08-29 02:35:38,SPXW,2026-09-08,P,7425.0,7711.7598,3.4,57.0,3.7,90.0,3.9,156.0,261.0,0.1327,-0.0469,0.0006,-0.7472,1.4244,-0.0882
2026-08-29T02:35:52Z,2026-08-29 02:35:38,SPXW,2026-09-08,C,7430.0,7711.7598,276.6,1.0,297.1,1.0,307.63,4.0,0.0,0.1021,0.9512,0.0006,-0.7646,1.4644,1.7377
2026-08-29T02:35:52Z,2026-08-29 02:35:38,SPXW,2026-09-08,P,7430.0,7711.7598,3.6,13.0,3.8,48.0,3.8,40.0,96.0,0.1316,-0.0486,0.0006,-0.7646,1.4644,-0.0914
2026-08-29T02:35:52Z,2026-08-29 02:35:38,SPXW,2026-09-08,C,7435.0,7711.7598,271.1,2.0,291.6,1.0,0.0,0.0,0.0,0.1023,0.9494,0.0006,-0.7826,1.5057,1.7355
2026-08-29T02:35:52Z,2026-08-29 02:35:38,SPXW,2026-09-08,P,7435.0,7711.7598,3.7,46.0,3.9,38.0,3.7,38.0,13.0,0.1304,-0.0504,0.0006,-0.7826,1.5057,-0.0949
2026-08-29T02:35:52Z,2026-08-29 02:35:38,SPXW,2026-09-08,C,7440.0,7711.7598,267.9,1.0,288.3,1.0,280.46,1.0,2.0,0.1023,0.9476,0.0006,-0.8012,1.5483,1.7331
2026-08-29T02:35:52Z,2026-08-29 02:35:38,SPXW,2026-09-08,P,7440.0,7711.7598,3.8,46.0,4.1,53.0,4.1,46.0,53.0,0.1296,-0.0523,0.0006,-0.8012,1.5483,-0.0985
2026-08-29T02:35:52Z,2026-08-29 02:35:38,SPXW,2026-09-08,C,7445.0,7711.7598,262.3,1.0,282.8,1.0,0.0,0.0,0.0,0.1036,0.9456,0.0006,-0.8205,1.5922,1.7305
2026-08-29T02:35:52Z,2026-08-29 02:35:38,SPXW,2026-09-08,P,7445.0,7711.7598,4.0,12.0,4.2,41.0,3.9,39.0,17.0,0.1284,-0.0543,0.0006,-0.8205,1.5922,-0.1023
2026-08-29T02:35:52Z,2026-08-29 02:35:38,SPXW,2026-09-08,C,7450.0,7711.7598,257.2,1.0,277.7,1.0,270.43,1.0,6.0,0.1032,0.9435,0.0007,-0.8404,1.6376,1.7278
2026-08-29T02:35:52Z,2026-08-29 02:35:38,SPXW,2026-09-08,P,7450.0,7711.7598,4.1,49.0,4.4,55.0,4.19,3330.0,542.0,0.1276,-0.0563,0.0007,-0.8404,1.6376,-0.1062
2026-08-29T02:35:52Z,2026-08-29 02:35:38,SPXW,2026-09-08,C,7455.0,7711.7598,252.4,1.0,272.9,1.0,0.0,0.0,0.0,0.104,0.9414,0.0007,-0.8609,1.6846,1.7249
2026-08-29T02:35:52Z,2026-08-29 02:35:38,SPXW,2026-09-08,P,7455.0,7711.7598,4.3,12.0,4.5,37.0,4.3,45.0,77.0,0.1266,-0.0585,0.0007,-0.8609,1.6846,-0.1103
2026-08-29T02:35:52Z,2026-08-29 02:35:38,SPXW,2026-09-08,C,7460.0,7711.7598,247.5,1.0,268.0,1.0,277.94,0.0,12.0,0.1045,0.9391,0.0007,-0.8821,1.7333,1.7219
2026-08-29T02:35:52Z,2026-08-29 02:35:38,SPXW,2026-09-08,P,7460.0,7711.7598,4.4,43.0,4.7,43.0,4.38,205.0,134.0,0.126,-0.0608,0.0007,-0.8821,1.7333,-0.1146
2026-08-29T02:35:52Z,2026-08-29 02:35:38,SPXW,2026-09-08,C,7465.0,7711.7598,243.1,1.0,263.6,1.0,0.0,0.0,0.0,0.1048,0.9367,0.0007,-0.9039,1.7838,1.7186
2026-08-29T02:35:52Z,2026-08-29 02:35:38,SPXW,2026-09-08,P,7465.0,7711.7598,4.6,44.0,4.9,52.0,4.5,73.0,119.0,0.1249,-0.0631,0.0007,-0.9039,1.7838,-0.1191
2026-08-29T02:35:52Z,2026-08-29 02:35:38,SPXW,2026-09-08,C,7470.0,7711.7598,238.3,1.0,258.8,1.0,0.0,0.0,0.0,0.105,0.9342,0.0008,-0.9264,1.8362,1.7152
2026-08-29T02:35:52Z,2026-08-29 02:35:38,SPXW,2026-09-08,P,7470.0,7711.7598,4.8,39.0,5.1,54.0,4.8,141.0,136.0,0.1241,-0.0656,0.0008,-0.9264,1.8362,-0.1238
2026-08-29T02:35:52Z,2026-08-29 02:35:38,SPXW,2026-09-08,C,7475.0,7711.7598,233.5,1.0,254.0,1.0,352.54,0.0,14.0,0.105,0.9316,0.0008,-0.9496,1.8903,1.7114
2026-08-29T02:35:52Z,2026-08-29 02:35:38,SPXW,2026-09-08,P,7475.0,7711.7598,5.0,41.0,5.3,54.0,5.4,1168.0,440.0,0.1233,-0.0682,0.0008,-0.9496,1.8903,-0.1287
2026-08-29T02:35:52Z,2026-08-29 02:35:38,SPXW,2026-09-08,C,7480.0,7711.7598,228.3,1.0,248.8,1.0,250.3,0.0,10.0,0.1048,0.9289,0.0008,-0.9735,1.946,1.7074
2026-08-29T02:35:52Z,2026-08-29 02:35:38,SPXW,2026-09-08,P,7480.0,7711.7598,5.2,38.0,5.5,53.0,5.13,262.0,151.0,0.1224,-0.071,0.0008,-0.9735,1.946,-0.134
2026-08-29T02:35:52Z,2026-08-29 02:35:38,SPXW,2026-09-08,C,7485.0,7711.7598,223.6,1.0,244.1,1.0,0.0,0.0,0.0,0.1045,0.926,0.0009,-0.998,2.0033,1.7031
2026-08-29T02:35:52Z,2026-08-29 02:35:38,SPXW,2026-09-08,P,7485.0,7711.7598,5.4,41.0,5.7,50.0,5.4,71.0,24.0,0.1215,-0.0739,0.0009,-0.998,2.0033,-0.1395
2026-08-29T02:35:52Z,2026-08-29 02:35:38,SPXW,2026-09-08,C,7490.0,7711.7598,219.2,1.0,239.7,1.0,209.43,0.0,25.0,0.1042,0.923,0.0009,-1.0233,2.062,1.6985
2026-08-29T02:35:52Z,2026-08-29 02:35:38,SPXW,2026-09-08,P,7490.0,7711.7598,5.7,11.0,5.9,27.0,5.63,173.0,187.0,0.1205,-0.0769,0.0009,-1.0233,2.062,-0.1454
2026-08-29T02:35:52Z,2026-08-29 02:35:38,SPXW,2026-09-08,C,7495.0,7711.7598,214.0,1.0,234.5,1.0,235.49,0.0,10.0,0.1044,0.9198,0.0009,-1.0493,2.1223,1.6937
2026-08-29T02:35:52Z,2026-08-29 02:35:38,SPXW,2026-09-08,P,7495.0,7711.7598,5.9,38.0,6.2,56.0,5.85,371.0,174.0,0.1197,-0.0801,0.0009,-1.0493,2.1223,-0.1514
2026-08-29T02:35:52Z,2026-08-29 02:35:38,SPXW,2026-09-08,C,7500.0,7711.7598,209.3,1.0,229.8,1.0,271.68,3.0,166.0,0.1038,0.9165,0.001,-1.076,2.1845,1.6886
2026-08-29T02:35:52Z,2026-08-29 02:35:38,SPXW,2026-09-08,P,7500.0,7711.7598,6.2,12.0,6.4,10.0,6.17,1455.0,1221.0,0.1189,-0.0834,0.001,-1.076,2.1845,-0.1577
2026-08-29T02:35:52Z,2026-08-29 02:35:38,SPXW,2026-09-08,C,7505.0,7711.7598,208.8,1.0,222.6,1.0,195.97,0.0,1.0,0.1038,0.913,0.001,-1.1034,2.2488,1.6832
2026-08-29T02:35:52Z,2026-08-29 02:35:38,SPXW,2026-09-08,P,7505.0,7711.7598,6.4,37.0,6.7,40.0,6.7,71.0,30.0,0.118,-0.0869,0.001,-1.1034,2.2488,-0.1643
2026-08-29T02:35:52Z,2026-08-29 02:35:38,SPXW,2026-09-08,C,7510.0,7711.7598,204.0,1.0,217.7,1.0,206.85,30.0,5.0,0.1134,0.9094,0.001,-1.1314,2.3154,1.6776
2026-08-29T02:35:52Z,2026-08-29 02:35:38,SPXW,2026-09-08,P,7510.0,7711.7598,6.7,35.0,7.0,45.0,7.12,122.0,193.0,0.117,-0.0905,0.001,-1.1314,2.3154,-0.1712
2026-08-29T02:35:52Z,2026-08-29 02:35:38,SPXW,2026-09-08,C,7515.0,7711.7598,198.9,1.0,213.0,1.0,0.0,0.0,0.0,0.1034,0.9055,0.0011,-1.1602,2.384,1.6716
2026-08-29T02:35:52Z,2026-08-29 02:35:38,SPXW,2026-09-08,P,7515.0,7711.7598,7.0,35.0,7.3,41.0,7.4,46.0,31.0,0.1163,-0.0943,0.0011,-1.1602,2.384,-0.1784
2026-08-29T02:35:52Z,2026-08-29 02:35:38,SPXW,2026-09-08,C,7520.0,7711.7598,194.5,1.0,208.4,1.0,221.28,2.0,6.0,0.103,0.9015,0.0011,-1.1897,2.4544,1.6652
2026-08-29T02:35:52Z,2026-08-29 02:35:38,SPXW,2026-09-08,P,7520.0,7711.7598,7.3,36.0,7.6,9.0,7.49,43.0,79.0,0.1152,-0.0983,0.0011,-1.1897,2.4544,-0.1861
2026-08-29T02:35:52Z,2026-08-29 02:35:38,SPXW,2026-09-08,C,7525.0,7711.7598,193.2,12.0,199.4,12.0,320.39,0.0,26.0,0.103,0.8973,0.0012,-1.2198,2.5264,1.6583
2026-08-29T02:35:52Z,2026-08-29 02:35:38,SPXW,2026-09-08,P,7525.0,7711.7598,7.7,13.0,7.9,15.0,7.7,285.0,335.0,0.1147,-0.1025,0.0012,-1.2198,2.5264,-0.1942
2026-08-29T02:35:52Z,2026-08-29 02:35:38,SPXW,2026-09-08,C,7530.0,7711.7598,189.0,12.0,194.5,12.0,240.39,6.0,31.0,0.1024,0.8929,0.0012,-1.2506,2.5997,1.651
2026-08-29T02:35:52Z,2026-08-29 02:35:38,SPXW,2026-09-08,P,7530.0,7711.7598,8.0,42.0,8.3,13.0,8.1,60.0,217.0,0.1138,-0.1069,0.0012,-1.2506,2.5997,-0.2028
2026-08-29T02:35:52Z,2026-08-29 02:35:38,SPXW,2026-09-08,C,7535.0,7711.7598,183.8,12.0,189.8,12.0,0.0,0.0,0.0,0.1022,0.8883,0.0012,-1.282,2.6746,1.6433
2026-08-29T02:35:52Z,2026-08-29 02:35:38,SPXW,2026-09-08,P,7535.0,7711.7598,8.4,11.0,8.7,47.0,8.7,37.0,134.0,0.1129,-0.1116,0.0012,-1.282,2.6746,-0.2116
2026-08-29T02:35:52Z,2026-08-29 02:35:38,SPXW,2026-09-08,C,7540.0,7711.7598,179.8,12.0,185.2,12.0,272.9,0.0,2.0,0.1018,0.8835,0.0013,-1.3141,2.7514,1.6354
2026-08-29T02:35:52Z,2026-08-29 02:35:38,SPXW,2026-09-08,P,7540.0,7711.7598,8.8,13.0,9.0,8.0,8.81,95.0,95.0,0.1122,-0.1164,0.0013,-1.3141,2.7514,-0.2208
2026-08-29T02:35:52Z,2026-08-29 02:35:38,SPXW,2026-09-08,C,7545.0,7711.7598,174.7,12.0,180.6,12.0,0.0,0.0,0.0,0.1014,0.8784,0.0014,-1.3468,2.8304,1.627
2026-08-29T02:35:52Z,2026-08-29 02:35:38,SPXW,2026-09-08,P,7545.0,7711.7598,9.2,13.0,9.5,20.0,11.48,29.0,128.0,0.1114,-0.1215,0.0014,-1.3468,2.8304,-0.2304
2026-08-29T02:35:52Z,2026-08-29 02:35:38,SPXW,2026-09-08,C,7550.0,7711.7598,170.3,12.0,176.4,12.0,192.07,1.0,160.0,0.1013,0.8731,0.0014,-1.38,2.9116,1.6182
2026-08-29T02:35:52Z,2026-08-29 02:35:38,SPXW,2026-09-08,P,7550.0,7711.7598,9.6,41.0,9.9,9.0,9.5,294.0,903.0,0.1108,-0.1268,0.0014,-1.38,2.9116,-0.2404
2026-08-29T02:35:52Z,2026-08-29 02:35:38,SPXW,2026-09-08,C,7555.0,7711.7598,165.6,12.0,171.5,12.0,170.32,2.0,4.0,0.1006,0.8675,0.0014,-1.4138,2.9947,1.6088
2026-08-29T02:35:52Z,2026-08-29 02:35:38,SPXW,2026-09-08,P,7555.0,7711.7598,10.1,11.0,10.4,18.0,10.16,70.0,125.0,0.1098,-0.1323,0.0014,-1.4138,2.9947,-0.2511
2026-08-29T02:35:52Z,2026-08-29 02:35:38,SPXW,2026-09-08,C,7560.0,7711.7598,161.1,12.0,167.0,12.0,146.51,0.0,7.0,0.1003,0.8617,0.0015,-1.448,3.0791,1.5988
2026-08-29T02:35:52Z,2026-08-29 02:35:38,SPXW,2026-09-08,P,7560.0,7711.7598,10.5,45.0,10.8,8.0,10.6,215.0,345.0,0.1092,-0.1381,0.0015,-1.448,3.0791,-0.2623
2026-08-29T02:35:52Z,2026-08-29 02:35:38,SPXW,2026-09-08,C,7565.0,7711.7598,156.6,12.0,162.5,12.0,161.85,1.0,0.0,0.0998,0.8556,0.0016,-1.4826,3.1643,1.5882
2026-08-29T02:35:52Z,2026-08-29 02:35:38,SPXW,2026-09-08,P,7565.0,7711.7598,11.0,43.0,11.3,7.0,11.25,31.0,33.0,0.1082,-0.1442,0.0016,-1.4826,3.1643,-0.2741
2026-08-29T02:35:52Z,2026-08-29 02:35:38,SPXW,2026-09-08,C,7570.0,7711.7598,152.7,12.0,158.0,12.0,208.82,5.0,10.0,0.0992,0.8493,0.0016,-1.5176,3.2504,1.5772
2026-08-29T02:35:52Z,2026-08-29 02:35:38,SPXW,2026-09-08,P,7570.0,7711.7598,11.6,11.0,11.9,8.0,12.2,188.0,240.0,0.1076,-0.1506,0.0016,-1.5176,3.2504,-0.2864
2026-08-29T02:35:52Z,2026-08-29 02:35:38,SPXW,2026-09-08,C,7575.0,7711.7598,148.3,12.0,153.6,12.0,169.61,2.0,95.0,0.0989,0.8426,0.0017,-1.553,3.3379,1.5657
2026-08-29T02:35:52Z,2026-08-29 02:35:38,SPXW,2026-09-08,P,7575.0,7711.7598,12.1,40.0,12.4,7.0,12.25,227.0,2020.0,0.1067,-0.1572,0.0017,-1.553,3.3379,-0.299
2026-08-29T02:35:52Z,2026-08-29 02:35:38,SPXW,2026-09-08,C,7580.0,7711.7598,143.9,12.0,149.2,12.0,147.91,5.0,14.0,0.0984,0.8357,0.0017,-1.5885,3.4273,1.5538
2026-08-29T02:35:52Z,2026-08-29 02:35:38,SPXW,2026-09-08,P,7580.0,7711.7598,12.7,43.0,13.0,8.0,12.77,155.0,420.0,0.1058,-0.1642,0.0017,-1.5885,3.4273,-0.3122
2026-08-29T02:35:52Z,2026-08-29 02:35:38,SPXW,2026-09-08,C,7585.0,7711.7598,139.2,13.0,145.1,13.0,122.42,0.0,7.0,0.0979,0.8284,0.0018,-1.6242,3.5184,1.5412
2026-08-29T02:35:52Z,2026-08-29 02:35:38,SPXW,2026-09-08,P,7585.0,7711.7598,13.3,37.0,13.6,6.0,13.82,45.0,73.0,0.1051,-0.1715,0.0018,-1.6242,3.5184,-0.3261
2026-08-29T02:35:52Z,2026-08-29 02:35:38,SPXW,2026-09-08,C,7590.0,7711.7598,134.9,13.0,140.7,13.0,153.61,0.0,16.0,0.0976,0.8208,0.0019,-1.66,3.6105,1.5277
2026-08-29T02:35:52Z,2026-08-29 02:35:38,SPXW,2026-09-08,P,7590.0,7711.7598,14.0,10.0,14.3,7.0,13.97,224.0,71.0,0.1044,-0.179,0.0019,-1.66,3.6105,-0.3407
2026-08-29T02:35:52Z,2026-08-29 02:35:38,SPXW,2026-09-08,C,7595.0,7711.7598,130.9,13.0,136.1,13.0,136.09,1.0,3.0,0.0971,0.8129,0.0019,-1.6958,3.7026,1.5136
2026-08-29T02:35:52Z,2026-08-29 02:35:38,SPXW,2026-09-08,P,7595.0,7711.7598,14.6,39.0,15.0,6.0,14.83,70.0,84.0,0.1036,-0.187,0.0019,-1.6958,3.7026,-0.3562
2026-08-29T02:35:52Z,2026-08-29 02:35:38,SPXW,2026-09-08,C,7600.0,7711.7598,126.2,21.0,131.8,21.0,134.69,5.0,2494.0,0.1021,0.8046,0.002,-1.7314,3.7943,1.4988
2026-08-29T02:35:52Z,2026-08-29 02:35:38,SPXW,2026-09-08,P,7600.0,7711.7598,15.4,10.0,15.7,7.0,15.58,460.0,3039.0,0.1028,-0.1952,0.002,-1.7314,3.7943,-0.3721
2026-08-29T02:35:52Z,2026-08-29 02:35:38,SPXW,2026-09-08,C,7605.0,7711.7598,122.5,13.0,127.5,13.0,157.09,1.0,8.0,0.0961,0.796,0.0021,-1.7667,3.8861,1.4836
2026-08-29T02:35:52Z,2026-08-29 02:35:38,SPXW,2026-09-08,P,7605.0,7711.7598,16.1,35.0,16.4,6.0,16.2,86.0,18.0,0.102,-0.2038,0.0021,-1.7667,3.8861,-0.3886
2026-08-29T02:35:52Z,2026-08-29 02:35:38,SPXW,2026-09-08,C,7610.0,7711.7598,118.0,13.0,123.6,13.0,122.17,3.0,13.0,0.0956,0.7871,0.0021,-1.8017,3.9787,1.4678
2026-08-29T02:35:52Z,2026-08-29 02:35:38,SPXW,2026-09-08,P,7610.0,7711.7598,16.9,33.0,17.2,6.0,16.56,953.0,195.0,0.1013,-0.2128,0.0021,-1.8017,3.9787,-0.4056
2026-08-29T02:35:52Z,2026-08-29 02:35:38,SPXW,2026-09-08,C,7615.0,7711.7598,113.7,13.0,119.4,13.0,135.36,6.0,61.0,0.0949,0.7778,0.0022,-1.8362,4.0721,1.4512
2026-08-29T02:35:52Z,2026-08-29 02:35:38,SPXW,2026-09-08,P,7615.0,7711.7598,17.8,1.0,18.1,7.0,17.83,113.0,62.0,0.1005,-0.2221,0.0022,-1.8362,4.0721,-0.4234
2026-08-29T02:35:52Z,2026-08-29 02:35:38,SPXW,2026-09-08,C,7620.0,7711.7598,109.6,14.0,115.3,14.0,114.36,31.0,41.0,0.0944,0.768,0.0023,-1.8701,4.1651,1.4336
2026-08-29T02:35:52Z,2026-08-29 02:35:38,SPXW,2026-09-08,P,7620.0,7711.7598,18.6,31.0,19.0,7.0,18.83,116.0,120.0,0.0999,-0.2318,0.0023,-1.8701,4.1651,-0.4423
2026-08-29T02:35:52Z,2026-08-29 02:35:38,SPXW,2026-09-08,C,7625.0,7711.7598,106.1,1.0,110.1,1.0,110.8,6.0,1874.0,0.0986,0.758,0.0024,-1.9031,4.2566,1.4151
2026-08-29T02:35:52Z,2026-08-29 02:35:38,SPXW,2026-09-08,P,7625.0,7711.7598,19.6,10.0,19.9,7.0,19.68,220.0,408.0,0.0992,-0.2419,0.0024,-1.9031,4.2566,-0.462
2026-08-29T02:35:52Z,2026-08-29 02:35:38,SPXW,2026-09-08,C,7630.0,7711.7598,102.0,1.0,106.1,1.0,104.6,1.0,55.0,0.0933,0.7475,0.0024,-1.9352,4.346,1.3962
2026-08-29T02:35:52Z,2026-08-29 02:35:38,SPXW,2026-09-08,P,7630.0,7711.7598,20.5,21.0,20.9,7.0,21.44,848.0,218.0,0.0983,-0.2524,0.0024,-1.9352,4.346,-0.4822
2026-08-29T02:35:52Z,2026-08-29 02:35:38,SPXW,2026-09-08,C,7635.0,7711.7598,98.1,1.0,102.1,1.0,138.4,1.0,2.0,0.0927,0.7366,0.0025,-1.9661,4.4339,1.3767
2026-08-29T02:35:52Z,2026-08-29 02:35:38,SPXW,2026-09-08,P,7635.0,7711.7598,21.6,8.0,21.9,6.0,21.63,111.0,42.0,0.0976,-0.2632,0.0025,-1.9661,4.4339,-0.5029
2026-08-29T02:35:52Z,2026-08-29 02:35:38,SPXW,2026-09-08,C,7640.0,7711.7598,94.2,14.0,98.2,1.0,122.38,1.0,22.0,0.0922,0.7253,0.0026,-1.9958,4.5211,1.3564
2026-08-29T02:35:52Z,2026-08-29 02:35:38,SPXW,2026-09-08,P,7640.0,7711.7598,22.7,9.0,23.0,7.0,22.79,126.0,147.0,0.0969,-0.2745,0.0026,-1.9958,4.5211,-0.5244
2026-08-29T02:35:52Z,2026-08-29 02:35:38,SPXW,2026-09-08,C,7645.0,7711.7598,90.3,1.0,94.4,1.0,95.94,11.0,18.0,0.0918,0.7137,0.0026,-2.0241,4.607,1.335
2026-08-29T02:35:52Z,2026-08-29 02:35:38,SPXW,2026-09-08,P,7645.0,7711.7598,23.8,20.0,24.1,6.0,27.31,36.0,48.0,0.0962,-0.2862,0.0026,-2.0241,4.607,-0.547
2026-08-29T02:35:52Z,2026-08-29 02:35:38,SPXW,2026-09-08,C,7650.0,7711.7598,88.4,3.0,88.8,1.0,91.2,34.0,654.0,0.0951,0.7016,0.0027,-2.0506,4.6901,1.3126
2026-08-29T02:35:52Z,2026-08-29 02:35:38,SPXW,2026-09-08,P,7650.0,7711.7598,25.0,9.0,25.3,6.0,24.12,135.0,707.0,0.0954,-0.2983,0.0027,-2.0506,4.6901,-0.5706
2026-08-29T02:35:52Z,2026-08-29 02:35:38,SPXW,2026-09-08,C,7655.0,7711.7598,84.4,9.0,85.0,2.0,88.25,1.0,44.0,0.0946,0.6891,0.0028,-2.0753,4.7692,1.2896
2026-08-29T02:35:52Z,2026-08-29 02:35:38,SPXW,2026-09-08,P,7655.0,7711.7598,26.2,19.0,26.6,5.0,26.63,22.0,109.0,0.0947,-0.3108,0.0028,-2.0753,4.7692,-0.5948
2026-08-29T02:35:52Z,2026-08-29 02:35:38,SPXW,2026-09-08,C,7660.0,7711.7598,80.9,4.0,81.3,2.0,86.46,16.0,125.0,0.094,0.6762,0.0028,-2.0979,4.8444,1.2662
2026-08-29T02:35:52Z,2026-08-29 02:35:38,SPXW,2026-09-08,P,7660.0,7711.7598,27.6,10.0,28.0,6.0,28.35,75.0,174.0,0.094,-0.3237,0.0028,-2.0979,4.8444,-0.6195
2026-08-29T02:35:52Z,2026-08-29 02:35:38,SPXW,2026-09-08,C,7665.0,7711.7598,77.3,5.0,77.8,3.0,79.16,19.0,56.0,0.0932,0.6629,0.0029,-2.1184,4.9165,1.242
2026-08-29T02:35:52Z,2026-08-29 02:35:38,SPXW,2026-09-08,P,7665.0,7711.7598,28.9,1.0,29.3,6.0,29.5,50.0,113.0,0.0934,-0.337,0.0029,-2.1184,4.9165,-0.6449
2026-08-29T02:35:52Z,2026-08-29 02:35:38,SPXW,2026-09-08,C,7670.0,7711.7598,73.8,6.0,74.2,3.0,75.65,35.0,159.0,0.0927,0.6492,0.003,-2.1364,4.9854,1.2167
2026-08-29T02:35:52Z,2026-08-29 02:35:38,SPXW,2026-09-08,P,7670.0,7711.7598,30.4,19.0,30.8,5.0,30.61,171.0,279.0,0.0927,-0.3507,0.003,-2.1364,4.9854,-0.6715
2026-08-29T02:35:52Z,2026-08-29 02:35:38,SPXW,2026-09-08,C,7675.0,7711.7598,70.3,6.0,70.7,3.0,75.5,237.0,189.0,0.0918,0.6351,0.003,-2.1517,5.0495,1.1902
2026-08-29T02:35:52Z,2026-08-29 02:35:38,SPXW,2026-09-08,P,7675.0,7711.7598,31.9,19.0,32.3,6.0,31.3,2022.0,413.0,0.092,-0.3648,0.003,-2.1517,5.0495,-0.6992
2026-08-29T02:35:52Z,2026-08-29 02:35:38,SPXW,2026-09-08,C,7680.0,7711.7598,66.9,6.0,67.3,3.0,68.48,12.0,39.0,0.0913,0.6206,0.0031,-2.1642,5.1075,1.1633
2026-08-29T02:35:52Z,2026-08-29 02:35:38,SPXW,2026-09-08,P,7680.0,7711.7598,33.5,19.0,33.9,6.0,33.98,174.0,160.0,0.0913,-0.3793,0.0031,-2.1642,5.1075,-0.7273
2026-08-29T02:35:52Z,2026-08-29 02:35:38,SPXW,2026-09-08,C,7685.0,7711.7598,63.4,14.0,64.0,4.0,68.82,24.0,78.0,0.0906,0.6057,0.0032,-2.1738,5.1595,1.1361
2026-08-29T02:35:52Z,2026-08-29 02:35:38,SPXW,2026-09-08,P,7685.0,7711.7598,35.2,8.0,35.6,5.0,35.1,26.0,84.0,0.0906,-0.3942,0.0032,-2.1738,5.1595,-0.7558
2026-08-29T02:35:52Z,2026-08-29 02:35:38,SPXW,2026-09-08,C,7690.0,7711.7598,60.4,7.0,60.8,4.0,62.8,11.0,66.0,0.0899,0.5904,0.0032,-2.1801,5.206,1.108
2026-08-29T02:35:52Z,2026-08-29 02:35:38,SPXW,2026-09-08,P,7690.0,7711.7598,36.9,1.0,37.4,8.0,35.34,120.0,278.0,0.0899,-0.4095,0.0032,-2.1801,5.206,-0.7851
2026-08-29T02:35:52Z,2026-08-29 02:35:38,SPXW,2026-09-08,C,7695.0,7711.7598,57.2,7.0,57.6,5.0,59.7,20.0,105.0,0.0893,0.5748,0.0033,-2.1831,5.2465,1.0787
2026-08-29T02:35:52Z,2026-08-29 02:35:38,SPXW,2026-09-08,P,7695.0,7711.7598,38.8,8.0,39.2,5.0,39.2,10.0,42.0,0.0893,-0.4251,0.0033,-2.1831,5.2465,-0.8156
2026-08-29T02:35:52Z,2026-08-29 02:35:38,SPXW,2026-09-08,C,7700.0,7711.7598,54.1,7.0,54.6,6.0,53.76,110.0,510.0,0.0885,0.5588,0.0033,-2.1826,5.2797,1.0486
2026-08-29T02:35:52Z,2026-08-29 02:35:38,SPXW,2026-09-08,P,7700.0,7711.7598,40.7,9.0,41.1,6.0,41.2,470.0,371.0,0.0886,-0.4411,0.0033,-2.1826,5.2797,-0.847
2026-08-29T02:35:52Z,2026-08-29 02:35:38,SPXW,2026-09-08,C,7705.0,7711.7598,51.1,8.0,51.5,5.0,53.97,39.0,35.0,0.0878,0.5425,0.0034,-2.1783,5.3049,1.0184
2026-08-29T02:35:52Z,2026-08-29 02:35:38,SPXW,2026-09-08,P,7705.0,7711.7598,42.7,9.0,43.1,6.0,44.18,76.0,53.0,0.0879,-0.4574,0.0034,-2.1783,5.3049,-0.8784
2026-08-29T02:35:52Z,2026-08-29 02:35:38,SPXW,2026-09-08,C,7710.0,7711.7598,48.2,8.0,48.6,6.0,48.82,83.0,145.0,0.0873,0.5258,0.0034,-2.1704,5.3223,0.9878
2026-08-29T02:35:52Z,2026-08-29 02:35:38,SPXW,2026-09-08,P,7710.0,7711.7598,44.8,9.0,45.0,1.0,44.51,126.0,222.0,0.0872,-0.474,0.0034,-2.1704,5.3223,-0.9102
2026-08-29T02:35:52Z,2026-08-29 02:35:38,SPXW,2026-09-08,C,7715.0,7711.7598,45.3,8.0,45.8,5.0,47.2,76.0,41.0,0.0867,0.5089,0.0034,-2.1585,5.3314,0.9561
2026-08-29T02:35:52Z,2026-08-29 02:35:38,SPXW,2026-09-08,P,7715.0,7711.7598,46.9,9.0,47.4,6.0,47.2,125.0,57.0,0.0867,-0.4909,0.0034,-2.1585,5.3314,-0.9432
2026-08-29T02:35:52Z,2026-08-29 02:35:38,SPXW,2026-09-08,C,7720.0,7711.7598,42.6,8.0,43.0,6.0,43.3,59.0,132.0,0.0861,0.4918,0.0034,-2.1426,5.3318,0.9236
2026-08-29T02:35:52Z,2026-08-29 02:35:38,SPXW,2026-09-08,P,7720.0,7711.7598,49.1,1.0,49.6,6.0,50.79,176.0,257.0,0.086,-0.5081,0.0034,-2.1426,5.3318,-0.9769
2026-08-29T02:35:52Z,2026-08-29 02:35:38,SPXW,2026-09-08,C,7725.0,7711.7598,39.9,9.0,40.3,5.0,41.1,84.0,316.0,0.0853,0.4744,0.0035,-2.1226,5.323,0.8911
2026-08-29T02:35:52Z,2026-08-29 02:35:38,SPXW,2026-09-08,P,7725.0,7711.7598,51.5,9.0,51.9,5.0,49.1,67.0,185.0,0.0854,-0.5255,0.0035,-2.1226,5.323,-1.0106
2026-08-29T02:35:52Z,2026-08-29 02:35:38,SPXW,2026-09-08,C,7730.0,7711.7598,37.4,8.0,37.8,6.0,38.1,79.0,145.0,0.0847,0.4568,0.0035,-2.0986,5.3051,0.8586
2026-08-29T02:35:52Z,2026-08-29 02:35:38,SPXW,2026-09-08,P,7730.0,7711.7598,53.8,15.0,54.3,5.0,52.93,122.0,157.0,0.0848,-0.5431,0.0035,-2.0986,5.3051,-1.0443
2026-08-29T02:35:52Z,2026-08-29 02:35:38,SPXW,2026-09-08,C,7735.0,7711.7598,34.9,15.0,35.3,6.0,37.5,71.0,69.0,0.0842,0.439,0.0035,-2.0706,5.2772,0.8253
2026-08-29T02:35:52Z,2026-08-29 02:35:38,SPXW,2026-09-08,P,7735.0,7711.7598,56.4,14.0,56.9,5.0,56.1,34.0,18.0,0.0842,-0.5608,0.0035,-2.0706,5.2772,-1.0789
2026-08-29T02:35:52Z,2026-08-29 02:35:38,SPXW,2026-09-08,C,7740.0,7711.7598,32.5,18.0,32.9,6.0,32.67,162.0,179.0,0.0835,0.4212,0.0035,-2.0384,5.2388,0.7913
2026-08-29T02:35:52Z,2026-08-29 02:35:38,SPXW,2026-09-08,P,7740.0,7711.7598,59.1,7.0,59.5,4.0,58.27,134.0,75.0,0.0836,-0.5787,0.0035,-2.0384,5.2388,-1.1141
2026-08-29T02:35:52Z,2026-08-29 02:35:38,SPXW,2026-09-08,C,7745.0,7711.7598,30.3,9.0,30.8,5.0,31.74,114.0,131.0,0.0829,0.4033,0.0035,-2.0022,5.1908,0.7577
2026-08-29T02:35:52Z,2026-08-29 02:35:38,SPXW,2026-09-08,P,7745.0,7711.7598,61.8,7.0,62.4,4.0,60.6,34.0,67.0,0.083,-0.5966,0.0035,-2.0022,5.1908,-1.1489
2026-08-29T02:35:52Z,2026-08-29 02:35:38,SPXW,2026-09-08,C,7750.0,7711.7598,28.1,11.0,28.5,6.0,28.12,225.0,407.0,0.0824,0.3853,0.0034,-1.9621,5.1336,0.7245
2026-08-29T02:35:52Z,2026-08-29 02:35:38,SPXW,2026-09-08,P,7750.0,7711.7598,64.6,12.0,65.2,3.0,65.1,412.0,304.0,0.0824,-0.6146,0.0034,-1.9621,5.1336,-1.1834
2026-08-29T02:35:52Z,2026-08-29 02:35:38,SPXW,2026-09-08,C,7755.0,7711.7598,26.0,27.0,26.4,6.0,28.95,64.0,63.0,0.0818,0.3674,0.0034,-1.9182,5.0658,0.6907
2026-08-29T02:35:52Z,2026-08-29 02:35:38,SPXW,2026-09-08,P,7755.0,7711.7598,67.4,13.0,67.9,3.0,42.04,20.0,10.0,0.0819,-0.6325,0.0034,-1.9182,5.0658,-1.2184
2026-08-29T02:35:52Z,2026-08-29 02:35:38,SPXW,2026-09-08,C,7760.0,7711.7598,24.1,7.0,24.4,7.0,24.45,123.0,308.0,0.0812,0.3496,0.0034,-1.8707,4.9868,0.6567
2026-08-29T02:35:52Z,2026-08-29 02:35:38,SPXW,2026-09-08,P,7760.0,7711.7598,70.4,12.0,70.9,3.0,68.29,22.0,73.0,0.0812,-0.6503,0.0034,-1.8707,4.9868,-1.2536
2026-08-29T02:35:52Z,2026-08-29 02:35:38,SPXW,2026-09-08,C,7765.0,7711.7598,22.2,11.0,22.5,7.0,23.2,93.0,78.0,0.0806,0.3319,0.0033,-1.8197,4.8987,0.6236
2026-08-29T02:35:52Z,2026-08-29 02:35:38,SPXW,2026-09-08,P,7765.0,7711.7598,73.6,10.0,74.2,2.0,74.4,44.0,17.0,0.0807,-0.668,0.0033,-1.8197,4.8987,-1.288
2026-08-29T02:35:52Z,2026-08-29 02:35:38,SPXW,2026-09-08,C,7770.0,7711.7598,20.5,7.0,20.8,7.0,21.4,68.0,160.0,0.0802,0.3143,0.0033,-1.7655,4.8024,0.591
2026-08-29T02:35:52Z,2026-08-29 02:35:38,SPXW,2026-09-08,P,7770.0,7711.7598,75.1,1.0,79.2,1.0,74.33,186.0,210.0,0.0803,-0.6855,0.0033,-1.7655,4.8024,-1.3218
2026-08-29T02:35:52Z,2026-08-29 02:35:38,SPXW,2026-09-08,C,7775.0,7711.7598,18.8,8.0,19.1,8.0,20.0,133.0,188.0,0.0796,0.297,0.0032,-1.7084,4.6962,0.5581
2026-08-29T02:35:52Z,2026-08-29 02:35:38,SPXW,2026-09-08,P,7775.0,7711.7598,78.4,1.0,82.5,1.0,79.77,12.0,85.0,0.082,-0.7028,0.0032,-1.7084,4.6962,-1.3559
2026-08-29T02:35:52Z,2026-08-29 02:35:38,SPXW,2026-09-08,C,7780.0,7711.7598,17.2,7.0,17.5,7.0,19.15,35.0,176.0,0.0791,0.28,0.0032,-1.6485,4.5798,0.5258
2026-08-29T02:35:52Z,2026-08-29 02:35:38,SPXW,2026-09-08,P,7780.0,7711.7598,81.8,1.0,85.9,1.0,84.45,18.0,89.0,0.0843,-0.7198,0.0032,-1.6485,4.5798,-1.3894
2026-08-29T02:35:52Z,2026-08-29 02:35:38,SPXW,2026-09-08,C,7785.0,7711.7598,15.7,20.0,16.0,8.0,15.82,104.0,94.0,0.0787,0.2633,0.0031,-1.5862,4.4563,0.4947
2026-08-29T02:35:52Z,2026-08-29 02:35:38,SPXW,2026-09-08,P,7785.0,7711.7598,85.3,1.0,89.4,1.0,76.4,0.0,10.0,0.0841,-0.7365,0.0031,-1.5862,4.4563,-1.4217
2026-08-29T02:35:52Z,2026-08-29 02:35:38,SPXW,2026-09-08,C,7790.0,7711.7598,14.4,8.0,14.6,7.0,15.68,202.0,173.0,0.0781,0.247,0.003,-1.5218,4.3266,0.4641
2026-08-29T02:35:52Z,2026-08-29 02:35:38,SPXW,2026-09-08,P,7790.0,7711.7598,88.4,14.0,93.3,14.0,94.35,10.0,33.0,0.0839,-0.7528,0.003,-1.5218,4.3266,-1.4536
2026-08-29T02:35:52Z,2026-08-29 02:35:38,SPXW,2026-09-08,C,7795.0,7711.7598,13.0,34.0,13.3,8.0,13.2,101.0,155.0,0.0778,0.2311,0.0029,-1.4558,4.1886,0.4337
2026-08-29T02:35:52Z,2026-08-29 02:35:38,SPXW,2026-09-08,P,7795.0,7711.7598,92.1,13.0,97.1,13.0,101.84,10.0,6.0,0.0838,-0.7687,0.0029,-1.4558,4.1886,-1.4852
2026-08-29T02:35:52Z,2026-08-29 02:35:38,SPXW,2026-09-08,C,7800.0,7711.7598,11.8,23.0,12.1,9.0,12.0,431.0,945.0,0.0773,0.2157,0.0028,-1.3883,4.0432,0.4047
2026-08-29T02:35:52Z,2026-08-29 02:35:38,SPXW,2026-09-08,P,7800.0,7711.7598,95.8,21.0,100.9,21.0,94.1,416.0,1158.0,0.0785,-0.7842,0.0028,-1.3883,4.0432,-1.5154
2026-08-29T02:35:52Z,2026-08-29 02:35:38,SPXW,2026-09-08,C,7805.0,7711.7598,10.7,9.0,11.0,8.0,10.91,54.0,224.0,0.0769,0.2007,0.0027,-1.3199,3.8941,0.3769
2026-08-29T02:35:52Z,2026-08-29 02:35:38,SPXW,2026-09-08,P,7805.0,7711.7598,99.6,13.0,105.2,13.0,69.94,12.0,6.0,0.0835,-0.7991,0.0027,-1.3199,3.8941,-1.5445
2026-08-29T02:35:52Z,2026-08-29 02:35:38,SPXW,2026-09-08,C,7810.0,7711.7598,9.7,9.0,9.9,8.0,9.8,86.0,225.0,0.0766,0.1863,0.0026,-1.2509,3.7409,0.3495
2026-08-29T02:35:52Z,2026-08-29 02:35:38,SPXW,2026-09-08,P,7810.0,7711.7598,103.5,13.0,108.7,13.0,86.63,2.0,15.0,0.0836,-0.8135,0.0026,-1.2509,3.7409,-1.5732
2026-08-29T02:35:52Z,2026-08-29 02:35:38,SPXW,2026-09-08,C,7815.0,7711.7598,8.7,11.0,8.9,9.0,9.0,71.0,134.0,0.0759,0.1725,0.0025,-1.1818,3.5823,0.3232
2026-08-29T02:35:52Z,2026-08-29 02:35:38,SPXW,2026-09-08,P,7815.0,7711.7598,107.2,13.0,113.1,13.0,72.6,3.0,5.0,0.0836,-0.8274,0.0025,-1.1818,3.5823,-1.6007
2026-08-29T02:35:52Z,2026-08-29 02:35:38,SPXW,2026-09-08,C,7820.0,7711.7598,7.8,12.0,8.1,10.0,8.05,397.0,382.0,0.0758,0.1592,0.0024,-1.1129,3.421,0.2984
2026-08-29T02:35:52Z,2026-08-29 02:35:38,SPXW,2026-09-08,P,7820.0,7711.7598,111.6,12.0,117.4,12.0,113.15,66.0,99.0,0.0837,-0.8407,0.0024,-1.1129,3.421,-1.6266
2026-08-29T02:35:52Z,2026-08-29 02:35:38,SPXW,2026-09-08,C,7825.0,7711.7598,7.0,12.0,7.2,12.0,7.25,181.0,228.0,0.0756,0.1465,0.0023,-1.0446,3.2592,0.2746
2026-08-29T02:35:52Z,2026-08-29 02:35:38,SPXW,2026-09-08,P,7825.0,7711.7598,115.7,12.0,121.5,12.0,156.53,0.0,21.0,0.0838,-0.8533,0.0023,-1.0446,3.2592,-1.6517
2026-08-29T02:35:52Z,2026-08-29 02:35:38,SPXW,2026-09-08,C,7830.0,7711.7598,6.2,53.0,6.5,14.0,7.79,220.0,267.0,0.0752,0.1345,0.0022,-0.9774,3.096,0.2517
2026-08-29T02:35:52Z,2026-08-29 02:35:38,SPXW,2026-09-08,P,7830.0,7711.7598,119.6,12.0,125.6,12.0,118.73,0.0,49.0,0.0839,-0.8654,0.0022,-0.9774,3.096,-1.6759
2026-08-29T02:35:52Z,2026-08-29 02:35:38,SPXW,2026-09-08,C,7835.0,7711.7598,5.5,59.0,5.8,16.0,5.6,100.0,0.0,0.0748,0.1231,0.002,-0.9117,2.9321,0.2304
2026-08-29T02:35:52Z,2026-08-29 02:35:38,SPXW,2026-09-08,P,7835.0,7711.7598,123.9,12.0,129.9,12.0,0.0,0.0,0.0,0.0841,-0.8767,0.002,-0.9117,2.9321,-1.6984
2026-08-29T02:35:52Z,2026-08-29 02:35:38,SPXW,2026-09-08,C,7840.0,7711.7598,4.9,59.0,5.2,17.0,6.04,290.0,333.0,0.0744,0.1124,0.0019,-0.8478,2.7699,0.2104
2026-08-29T02:35:52Z,2026-08-29 02:35:38,SPXW,2026-09-08,P,7840.0,7711.7598,128.2,12.0,134.3,12.0,113.29,0.0,14.0,0.0845,-0.8874,0.0019,-0.8478,2.7699,-1.7196
2026-08-29T02:35:52Z,2026-08-29 02:35:38,SPXW,2026-09-08,C,7845.0,7711.7598,4.3,135.0,4.6,19.0,4.5,65.0,0.0,0.0741,0.1024,0.0018,-0.7861,2.6102,0.1913
2026-08-29T02:35:52Z,2026-08-29 02:35:38,SPXW,2026-09-08,P,7845.0,7711.7598,132.6,12.0,138.7,12.0,0.0,0.0,0.0,0.0847,-0.8975,0.0018,-0.7861,2.6102,-1.74
2026-08-29T02:35:52Z,2026-08-29 02:35:38,SPXW,2026-09-08,C,7850.0,7711.7598,3.8,128.0,4.1,21.0,4.1,333.0,1265.0,0.074,0.093,0.0017,-0.7268,2.453,0.1737
2026-08-29T02:35:52Z,2026-08-29 02:35:38,SPXW,2026-09-08,P,7850.0,7711.7598,133.4,1.0,147.1,1.0,141.43,15.0,52.0,0.0852,-0.9068,0.0017,-0.7268,2.453,-1.7588
2026-08-29T02:35:52Z,2026-08-29 02:35:38,SPXW,2026-09-08,C,7855.0,7711.7598,3.4,61.0,3.7,46.0,3.57,39.0,0.0,0.0736,0.0843,0.0016,-0.6703,2.2996,0.1575
2026-08-29T02:35:52Z,2026-08-29 02:35:38,SPXW,2026-09-08,P,7855.0,7711.7598,137.6,1.0,151.3,2.0,0.0,0.0,0.0,0.0859,-0.9155,0.0016,-0.6703,2.2996,-1.7762
2026-08-29T02:35:52Z,2026-08-29 02:35:38,SPXW,2026-09-08,C,7860.0,7711.7598,3.0,48.0,3.3,55.0,3.22,236.0,438.0,0.0736,0.0763,0.0014,-0.6167,2.1512,0.1423
2026-08-29T02:35:52Z,2026-08-29 02:35:38,SPXW,2026-09-08,P,7860.0,7711.7598,141.9,1.0,155.6,1.0,103.25,1.0,6.0,0.0862,-0.9236,0.0014,-0.6167,2.1512,-1.7927
2026-08-29T02:35:52Z,2026-08-29 02:35:38,SPXW,2026-09-08,C,7865.0,7711.7598,2.7,25.0,2.9,48.0,3.15,110.0,0.0,0.0733,0.0689,0.0014,-0.5662,2.0082,0.1283
2026-08-29T02:35:52Z,2026-08-29 02:35:38,SPXW,2026-09-08,P,7865.0,7711.7598,147.1,1.0,160.4,1.0,0.0,0.0,0.0,0.0871,-0.931,0.0014,-0.5662,2.0082,-1.8079
2026-08-29T02:35:52Z,2026-08-29 02:35:38,SPXW,2026-09-08,C,7870.0,7711.7598,2.35,47.0,2.55,23.0,2.69,199.0,127.0,0.0731,0.0621,0.0012,-0.519,1.8712,0.1157
2026-08-29T02:35:52Z,2026-08-29 02:35:38,SPXW,2026-09-08,P,7870.0,7711.7598,151.2,1.0,164.9,1.0,150.45,0.0,2.0,0.088,-0.9377,0.0012,-0.519,1.8712,-1.8216
2026-08-29T02:35:52Z,2026-08-29 02:35:38,SPXW,2026-09-08,C,7875.0,7711.7598,2.1,27.0,2.3,58.0,2.2,3371.0,1925.0,0.073,0.056,0.0012,-0.475,1.7408,0.1042
2026-08-29T02:35:52Z,2026-08-29 02:35:38,SPXW,2026-09-08,P,7875.0,7711.7598,156.2,1.0,169.3,1.0,161.22,16.0,180.0,0.0888,-0.9439,0.0012,-0.475,1.7408,-1.8344
2026-08-29T02:35:52Z,2026-08-29 02:35:38,SPXW,2026-09-08,C,7880.0,7711.7598,1.85,33.0,2.05,64.0,2.26,200.0,574.0,0.073,0.0504,0.0011,-0.4343,1.6171,0.0936
2026-08-29T02:35:52Z,2026-08-29 02:35:38,SPXW,2026-09-08,P,7880.0,7711.7598,161.2,1.0,174.5,2.0,0.0,0.0,0.0,0.0894,-0.9495,0.0011,-0.4343,1.6171,-1.8463
2026-08-29T02:35:52Z,2026-08-29 02:35:38,SPXW,2026-09-08,C,7890.0,7711.7598,1.45,38.0,1.6,30.0,1.62,195.0,297.0,0.0729,0.0408,0.0009,-0.3626,1.3923,0.0758
2026-08-29T02:35:52Z,2026-08-29 02:35:38,SPXW,2026-09-08,P,7890.0,7711.7598,170.5,1.0,184.0,1.0,125.62,1.0,2.0,0.0916,-0.9591,0.0009,-0.3626,1.3923,-1.8666
2026-08-29T02:35:52Z,2026-08-29 02:35:38,SPXW,2026-09-08,C,7900.0,7711.7598,1.15,63.0,1.3,109.0,1.27,582.0,3869.0,0.0731,0.0331,0.0008,-0.3032,1.1966,0.0612
2026-08-29T02:35:52Z,2026-08-29 02:35:38,SPXW,2026-09-08,P,7900.0,7711.7598,180.7,1.0,193.4,1.0,195.25,0.0,40.0,0.094,-0.9668,0.0008,-0.3032,1.1966,-1.8835
2026-08-29T02:35:52Z,2026-08-29 02:35:38,SPXW,2026-09-08,C,7910.0,7711.7598,0.9,67.0,1.05,110.0,1.1,427.0,995.0,0.0732,0.027,0.0006,-0.2548,1.0304,0.05
2026-08-29T02:35:52Z,2026-08-29 02:35:38,SPXW,2026-09-08,P,7910.0,7711.7598,190.5,1.0,203.6,1.0,249.41,0.0,2.0,0.0962,-0.9729,0.0006,-0.2548,1.0304,-1.8972
2026-08-29T02:35:52Z,2026-08-29 02:35:38,SPXW,2026-09-08,C,7920.0,7711.7598,0.75,48.0,0.85,41.0,0.85,86.0,280.0,0.0739,0.0222,0.0005,-0.216,0.8903,0.041
2026-08-29T02:35:52Z,2026-08-29 02:35:38,SPXW,2026-09-08,P,7920.0,7711.7598,200.3,1.0,213.4,1.0,258.81,0.0,2.0,0.0989,-0.9776,0.0005,-0.216,0.8903,-1.9087
2026-08-29T02:35:52Z,2026-08-29 02:35:38,SPXW,2026-09-08,C,7925.0,7711.7598,0.65,71.0,0.8,122.0,0.75,122.0,318.0,0.0743,0.0202,0.0005,-0.1996,0.8294,0.0373
2026-08-29T02:35:52Z,2026-08-29 02:35:38,SPXW,2026-09-08,P,7925.0,7711.7598,204.0,2.0,218.4,1.0,188.66,0.0,4.0,0.0852,-0.9796,0.0005,-0.1996,0.8294,-1.9136
2026-08-29T02:35:52Z,2026-08-29 02:35:38,SPXW,2026-09-08,C,7930.0,7711.7598,0.6,71.0,0.75,121.0,0.65,123.0,90.0,0.075,0.0185,0.0004,-0.1851,0.7743,0.0341
2026-08-29T02:35:52Z,2026-08-29 02:35:38,SPXW,2026-09-08,P,7930.0,7711.7598,210.0,1.0,223.7,1.0,0.0,0.0,0.0,0.1021,-0.9814,0.0004,-0.1851,0.7743,-1.918
2026-08-29T02:35:52Z,2026-08-29 02:35:38,SPXW,2026-09-08,C,7940.0,7711.7598,0.5,72.0,0.65,142.0,0.55,153.0,401.0,0.0761,0.0156,0.0004,-0.1607,0.6788,0.0287
2026-08-29T02:35:52Z,2026-08-29 02:35:38,SPXW,2026-09-08,P,7940.0,7711.7598,216.3,1.0,234.3,1.0,0.0,0.0,0.0,0.1052,-0.9843,0.0004,-0.1607,0.6788,-1.9259
2026-08-29T02:35:52Z,2026-08-29 02:35:38,SPXW,2026-09-08,C,7950.0,7711.7598,0.4,76.0,0.55,134.0,0.45,116.0,626.0,0.0768,0.0133,0.0003,-0.1415,0.6002,0.0245
2026-08-29T02:35:52Z,2026-08-29 02:35:38,SPXW,2026-09-08,P,7950.0,7711.7598,226.2,1.0,244.2,1.0,180.2,0.0,2.0,0.1082,-0.9865,0.0003,-0.1415,0.6002,-1.9326
2026-08-29T02:35:52Z,2026-08-29 02:35:38,SPXW,2026-09-08,C,7960.0,7711.7598,0.35,76.0,0.5,177.0,0.4,92.0,0.0,0.0784,0.0116,0.0003,-0.1264,0.536,0.0213
2026-08-29T02:35:52Z,2026-08-29 02:35:38,SPXW,2026-09-08,P,7960.0,7711.7598,236.4,1.0,256.9,2.0,0.0,0.0,0.0,0.1112,-0.9883,0.0003,-0.1264,0.536,-1.9383
2026-08-29T02:35:52Z,2026-08-29 02:35:38,SPXW,2026-09-08,C,7975.0,7711.7598,0.3,54.0,0.4,141.0,0.35,222.0,707.0,0.0804,0.0096,0.0002,-0.1094,0.4602,0.0176
2026-08-29T02:35:52Z,2026-08-29 02:35:38,SPXW,2026-09-08,P,7975.0,7711.7598,251.5,1.0,268.4,1.0,249.05,0.0,1.0,0.1159,-0.9902,0.0002,-0.1094,0.4602,-1.9456
2026-08-29T02:35:52Z,2026-08-29 02:35:38,SPXW,2026-09-08,C,8000.0,7711.7598,0.2,145.0,0.35,206.0,0.29,368.0,549.0,0.0844,0.0075,0.0002,-0.0911,0.3716,0.0136
2026-08-29T02:35:52Z,2026-08-29 02:35:38,SPXW,2026-09-08,P,8000.0,7711.7598,275.9,1.0,293.3,1.0,324.56,0.0,6.0,0.1241,-0.9924,0.0002,-0.0911,0.3716,-1.9557
2026-08-29T02:35:52Z,2026-08-29 02:35:38,SPXW,2026-09-08,C,8025.0,7711.7598,0.15,182.0,0.3,213.0,0.22,28.0,339.0,0.0887,0.0061,0.0001,-0.0799,0.3122,0.0112
2026-08-29T02:35:52Z,2026-08-29 02:35:38,SPXW,2026-09-08,P,8025.0,7711.7598,300.9,1.0,318.2,1.0,345.48,0.0,6.0,0.1328,-0.9937,0.0001,-0.0799,0.3125,-1.9644
2026-08-29T02:35:52Z,2026-08-29 02:35:38,SPXW,2026-09-08,C,8050.0,7711.7598,0.1,449.0,0.25,211.0,0.17,198.0,437.0,0.0949,0.0052,0.0001,-0.0725,0.2697,0.0095
2026-08-29T02:35:52Z,2026-08-29 02:35:38,SPXW,2026-09-08,P,8050.0,7711.7598,325.8,1.0,343.2,1.0,0.0,0.0,0.0,0.1407,-0.9946,0.0001,-0.0725,0.27,-1.9722
2026-08-29T02:35:52Z,2026-08-29 02:35:38,SPXW,2026-09-08,C,8075.0,7711.7598,0.1,399.0,0.25,358.0,0.1,127.0,286.0,0.0981,0.0046,0.0001,-0.0672,0.2377,0.0083
2026-08-29T02:35:52Z,2026-08-29 02:35:38,SPXW,2026-09-08,P,8075.0,7711.7598,350.8,1.0,369.1,1.0,0.0,0.0,0.0,0.1492,-0.9953,0.0001,-0.0672,0.2379,-1.9796
2026-08-29T02:35:52Z,2026-08-29 02:35:38,SPXW,2026-09-08,C,8100.0,7711.7598,0.1,367.0,0.25,229.0,0.14,4088.0,1222.0,0.1041,0.004,0.0001,-0.0631,0.2122,0.0073
2026-08-29T02:35:52Z,2026-08-29 02:35:38,SPXW,2026-09-08,P,8100.0,7711.7598,375.8,1.0,396.1,1.0,0.0,0.0,0.0,0.1567,-0.9958,0.0001,-0.0631,0.2126,-1.9867
2026-08-29T02:35:52Z,2026-08-29 02:35:38,SPXW,2026-09-08,C,8125.0,7711.7598,0.1,62.0,0.2,228.0,0.3,10.0,213.0,0.1099,0.0036,0.0001,-0.0598,0.1919,0.0066
2026-08-29T02:35:52Z,2026-08-29 02:35:38,SPXW,2026-09-08,P,8125.0,7711.7598,400.7,1.0,417.7,1.0,0.0,0.0,0.0,0.165,-0.9962,0.0001,-0.0598,0.1919,-1.9936
2026-08-29T02:35:52Z,2026-08-29 02:35:38,SPXW,2026-09-08,C,8150.0,7711.7598,0.05,447.0,0.2,292.0,0.31,0.0,36.0,0.1158,0.0033,0.0001,-0.0571,0.1744,0.006
2026-08-29T02:35:52Z,2026-08-29 02:35:38,SPXW,2026-09-08,P,8150.0,7711.7598,425.7,1.0,443.6,1.0,0.0,0.0,0.0,0.1733,-0.9966,0.0001,-0.0571,0.1745,-2.0004
2026-08-29T02:35:52Z,2026-08-29 02:35:38,SPXW,2026-09-08,C,8175.0,7711.7598,0.05,666.0,0.2,434.0,0.3,0.0,25.0,0.1217,0.003,0.0001,-0.0548,0.1598,0.0054
2026-08-29T02:35:52Z,2026-08-29 02:35:38,SPXW,2026-09-08,P,8175.0,7711.7598,450.7,1.0,468.5,1.0,0.0,0.0,0.0,0.1805,-0.9968,0.0001,-0.0548,0.1599,-2.007
2026-08-29T02:35:52Z,2026-08-29 02:35:38,SPXW,2026-09-08,C,8200.0,7711.7598,0.05,645.0,0.2,222.0,0.12,52.0,311.0,0.1274,0.0028,0.0,-0.0527,0.1472,0.005
2026-08-29T02:35:52Z,2026-08-29 02:35:38,SPXW,2026-09-08,P,8200.0,7711.7598,475.6,1.0,493.1,1.0,0.0,0.0,0.0,0.1886,-0.9971,0.0,-0.0527,0.1473,-2.0136
2026-08-29T02:35:52Z,2026-08-29 02:35:38,SPXW,2026-09-08,C,8225.0,7711.7598,0.05,565.0,0.2,239.0,0.27,0.0,26.0,0.1309,0.0026,0.0,-0.0509,0.1363,0.0046
2026-08-29T02:35:52Z,2026-08-29 02:35:38,SPXW,2026-09-08,P,8225.0,7711.7598,500.4,1.0,517.9,1.0,0.0,0.0,0.0,0.1966,-0.9973,0.0,-0.0509,0.1364,-2.0201
2026-08-29T02:35:52Z,2026-08-29 02:35:38,SPXW,2026-09-08,C,8250.0,7711.7598,0.05,566.0,0.2,257.0,0.22,0.0,33.0,0.1365,0.0024,0.0,-0.0492,0.1267,0.0043
2026-08-29T02:35:52Z,2026-08-29 02:35:38,SPXW,2026-09-08,P,8250.0,7711.7598,525.6,1.0,543.0,1.0,0.0,0.0,0.0,0.2035,-0.9975,0.0,-0.0493,0.1268,-2.0266
2026-08-29T02:35:52Z,2026-08-29 02:35:38,SPXW,2026-09-08,C,8275.0,7711.7598,0.05,554.0,0.2,264.0,0.22,0.0,20.0,0.1423,0.0022,0.0,-0.0477,0.1179,0.004
2026-08-29T02:35:52Z,2026-08-29 02:35:38,SPXW,2026-09-08,P,8275.0,7711.7598,550.6,1.0,568.0,1.0,0.0,0.0,0.0,0.2114,-0.9976,0.0,-0.0478,0.1184,-2.0331
2026-08-29T02:35:52Z,2026-08-29 02:35:38,SPXW,2026-09-08,C,8300.0,7711.7598,0.05,418.0,0.1,1.0,0.05,1.0,137.0,0.1366,0.0021,0.0,-0.0464,0.1104,0.0037
2026-08-29T02:35:52Z,2026-08-29 02:35:38,SPXW,2026-09-08,P,8300.0,7711.7598,574.7,1.0,593.0,1.0,0.0,0.0,0.0,0.2192,-0.9978,0.0,-0.0464,0.1108,-2.0395
2026-08-29T02:35:52Z,2026-08-29 02:35:38,SPXW,2026-09-08,C,8325.0,7711.7598,0.05,244.0,0.15,47.0,0.0,0.0,0.0,0.1503,0.002,0.0,-0.0451,0.1037,0.0035
2026-08-29T02:35:52Z,2026-08-29 02:35:38,SPXW,2026-09-08,P,8325.0,7711.7598,600.5,2.0,621.0,1.0,0.0,0.0,0.0,0.2259,-0.9979,0.0,-0.0452,0.104,-2.0459
2026-08-29T02:35:52Z,2026-08-29 02:35:38,SPXW,2026-09-08,C,8400.0,7711.7598,0.0,0.0,0.15,137.0,0.1,5.0,112.0,0.1663,0.0016,0.0,-0.0418,0.087,0.0029
2026-08-29T02:35:52Z,2026-08-29 02:35:38,SPXW,2026-09-08,P,8400.0,7711.7598,675.4,1.0,692.8,1.0,0.0,0.0,0.0,0.2489,-0.9982,0.0,-0.0418,0.0872,-2.0649
