fetched_utc,quote_utc,root,expiry,type,strike,spot,bid,bid_size,ask,ask_size,last,volume,open_interest,iv,delta,gamma,theta,vega,rho
2026-09-16T17:40:28Z,2026-09-16 17:39:47,SPX,2026-09-18,C,6850.0,7607.1001,751.7,1.0,771.7,1.0,872.3,0.0,6788.0,0.6717,0.9957,0.0,-0.3022,0.0695,0.7464
2026-09-16T17:40:28Z,2026-09-16 17:39:47,SPX,2026-09-18,P,6850.0,7607.1001,0.35,1570.0,0.45,942.0,0.5,168.0,15901.0,0.5692,-0.0043,0.0,-0.3902,0.0696,-0.0035
2026-09-16T17:40:28Z,2026-09-16 17:39:47,SPX,2026-09-18,C,6855.0,7607.1001,746.7,3.0,766.7,1.0,0.0,0.0,0.0,0.6675,0.9956,0.0,-0.3074,0.0705,0.7468
2026-09-16T17:40:28Z,2026-09-16 17:39:47,SPX,2026-09-18,P,6855.0,7607.1001,0.35,883.0,0.45,259.0,0.6,10.0,28.0,0.5656,-0.0044,0.0,-0.3949,0.0706,-0.0035
2026-09-16T17:40:28Z,2026-09-16 17:39:47,SPX,2026-09-18,C,6860.0,7607.1001,741.8,1.0,761.4,1.0,756.83,1.0,170.0,0.6575,0.9956,0.0,-0.3127,0.0715,0.7473
2026-09-16T17:40:28Z,2026-09-16 17:39:47,SPX,2026-09-18,P,6860.0,7607.1001,0.35,1581.0,0.45,327.0,0.6,7.0,716.0,0.5621,-0.0044,0.0,-0.3996,0.0715,-0.0036
2026-09-16T17:40:28Z,2026-09-16 17:39:47,SPX,2026-09-18,C,6865.0,7607.1001,736.7,1.0,756.6,1.0,0.0,0.0,0.0,0.6562,0.9955,0.0,-0.3181,0.0725,0.7478
2026-09-16T17:40:28Z,2026-09-16 17:39:47,SPX,2026-09-18,P,6865.0,7607.1001,0.35,1165.0,0.45,127.0,0.6,9.0,31.0,0.5586,-0.0045,0.0,-0.4044,0.0726,-0.0036
2026-09-16T17:40:28Z,2026-09-16 17:39:47,SPX,2026-09-18,C,6870.0,7607.1001,731.7,1.0,751.8,1.0,618.72,0.0,92.0,0.6577,0.9954,0.0,-0.3235,0.0735,0.7483
2026-09-16T17:40:28Z,2026-09-16 17:39:47,SPX,2026-09-18,P,6870.0,7607.1001,0.35,2143.0,0.45,85.0,0.65,10.0,1242.0,0.555,-0.0046,0.0,-0.4093,0.0736,-0.0037
2026-09-16T17:40:28Z,2026-09-16 17:39:47,SPX,2026-09-18,C,6875.0,7607.1001,726.8,2.0,746.9,1.0,732.2,1.0,1197.0,0.6588,0.9954,0.0,-0.329,0.0746,0.7488
2026-09-16T17:40:28Z,2026-09-16 17:39:47,SPX,2026-09-18,P,6875.0,7607.1001,0.4,128.0,0.5,1848.0,0.65,10.0,2888.0,0.5584,-0.0046,0.0,-0.414,0.0746,-0.0038
2026-09-16T17:40:28Z,2026-09-16 17:39:47,SPX,2026-09-18,C,6880.0,7607.1001,722.0,2.0,741.7,1.0,607.13,0.0,32.0,0.6546,0.9953,0.0,-0.3347,0.0757,0.7493
2026-09-16T17:40:28Z,2026-09-16 17:39:47,SPX,2026-09-18,P,6880.0,7607.1001,0.4,249.0,0.5,1920.0,0.65,19.0,1364.0,0.5549,-0.0047,0.0,-0.4192,0.0757,-0.0038
2026-09-16T17:40:28Z,2026-09-16 17:39:47,SPX,2026-09-18,C,6885.0,7607.1001,717.1,2.0,736.8,1.0,0.0,0.0,0.0,0.6555,0.9952,0.0,-0.3404,0.0768,0.7498
2026-09-16T17:40:28Z,2026-09-16 17:39:47,SPX,2026-09-18,P,6885.0,7607.1001,0.4,229.0,0.5,881.0,0.65,9.0,24.0,0.5513,-0.0048,0.0,-0.4244,0.0768,-0.0039
2026-09-16T17:40:28Z,2026-09-16 17:39:47,SPX,2026-09-18,C,6890.0,7607.1001,712.1,2.0,731.8,1.0,894.9,0.0,146.0,0.6513,0.9951,0.0,-0.3461,0.0779,0.7503
2026-09-16T17:40:28Z,2026-09-16 17:39:47,SPX,2026-09-18,P,6890.0,7607.1001,0.4,1064.0,0.5,1490.0,0.65,122.0,2810.0,0.5477,-0.0049,0.0,-0.4296,0.0779,-0.0039
2026-09-16T17:40:28Z,2026-09-16 17:39:47,SPX,2026-09-18,C,6895.0,7607.1001,707.3,2.0,726.8,1.0,0.0,0.0,5.0,0.6519,0.995,0.0,-0.352,0.079,0.7508
2026-09-16T17:40:28Z,2026-09-16 17:39:47,SPX,2026-09-18,P,6895.0,7607.1001,0.4,555.0,0.5,713.0,0.65,7.0,21.0,0.5442,-0.005,0.0,-0.4348,0.0791,-0.004
2026-09-16T17:40:28Z,2026-09-16 17:39:47,SPX,2026-09-18,C,6900.0,7607.1001,701.8,3.0,722.0,1.0,720.2,20.0,9606.0,0.6403,0.995,0.0,-0.358,0.0802,0.7512
2026-09-16T17:40:28Z,2026-09-16 17:39:47,SPX,2026-09-18,P,6900.0,7607.1001,0.4,1544.0,0.5,1076.0,0.5,20.0,27037.0,0.5406,-0.005,0.0,-0.4402,0.0802,-0.0041
2026-09-16T17:40:28Z,2026-09-16 17:39:47,SPX,2026-09-18,C,6905.0,7607.1001,696.8,3.0,716.9,1.0,0.0,0.0,0.0,0.6335,0.9949,0.0,-0.364,0.0814,0.7517
2026-09-16T17:40:28Z,2026-09-16 17:39:47,SPX,2026-09-18,P,6905.0,7607.1001,0.4,946.0,0.5,269.0,0.7,9.0,2.0,0.537,-0.0051,0.0,-0.4457,0.0814,-0.0041
2026-09-16T17:40:28Z,2026-09-16 17:39:47,SPX,2026-09-18,C,6910.0,7607.1001,691.8,1.0,711.8,1.0,696.5,1.0,2809.0,0.6268,0.9948,0.0,-0.3701,0.0826,0.7522
2026-09-16T17:40:28Z,2026-09-16 17:39:47,SPX,2026-09-18,P,6910.0,7607.1001,0.4,1797.0,0.5,285.0,0.56,44.0,779.0,0.5334,-0.0052,0.0,-0.4512,0.0826,-0.0042
2026-09-16T17:40:28Z,2026-09-16 17:39:47,SPX,2026-09-18,C,6915.0,7607.1001,687.1,2.0,706.8,1.0,0.0,0.0,0.0,0.6301,0.9947,0.0,-0.3764,0.0838,0.7527
2026-09-16T17:40:28Z,2026-09-16 17:39:47,SPX,2026-09-18,P,6915.0,7607.1001,0.4,1012.0,0.5,122.0,0.7,9.0,1.0,0.5298,-0.0053,0.0,-0.4569,0.0839,-0.0043
2026-09-16T17:40:28Z,2026-09-16 17:39:47,SPX,2026-09-18,C,6920.0,7607.1001,682.1,2.0,701.9,1.0,901.88,0.0,63.0,0.6283,0.9946,0.0,-0.3827,0.0851,0.7532
2026-09-16T17:40:28Z,2026-09-16 17:39:47,SPX,2026-09-18,P,6920.0,7607.1001,0.45,115.0,0.55,1567.0,0.7,27.0,1395.0,0.5322,-0.0054,0.0,-0.4626,0.0851,-0.0044
2026-09-16T17:40:28Z,2026-09-16 17:39:47,SPX,2026-09-18,C,6925.0,7607.1001,677.1,2.0,696.8,1.0,889.53,0.0,759.0,0.6217,0.9945,0.0,-0.3891,0.0864,0.7536
2026-09-16T17:40:28Z,2026-09-16 17:39:47,SPX,2026-09-18,P,6925.0,7607.1001,0.45,212.0,0.55,1990.0,0.55,74.0,2916.0,0.5288,-0.0055,0.0,-0.4685,0.0864,-0.0044
2026-09-16T17:40:28Z,2026-09-16 17:39:47,SPX,2026-09-18,C,6930.0,7607.1001,671.8,1.0,691.6,1.0,658.8,0.0,103.0,0.6048,0.9944,0.0001,-0.3957,0.0877,0.7541
2026-09-16T17:40:28Z,2026-09-16 17:39:47,SPX,2026-09-18,P,6930.0,7607.1001,0.45,294.0,0.55,1756.0,0.75,23.0,839.0,0.5252,-0.0056,0.0001,-0.4745,0.0877,-0.0045
2026-09-16T17:40:28Z,2026-09-16 17:39:47,SPX,2026-09-18,C,6935.0,7607.1001,667.1,2.0,686.9,1.0,0.0,0.0,0.0,0.6156,0.9944,0.0001,-0.4023,0.089,0.7546
2026-09-16T17:40:28Z,2026-09-16 17:39:47,SPX,2026-09-18,P,6935.0,7607.1001,0.45,725.0,0.55,1489.0,0.75,9.0,206.0,0.5216,-0.0056,0.0001,-0.4805,0.089,-0.0046
2026-09-16T17:40:28Z,2026-09-16 17:39:47,SPX,2026-09-18,C,6940.0,7607.1001,661.8,1.0,681.9,1.0,621.7,0.0,43.0,0.6041,0.9943,0.0001,-0.4091,0.0904,0.755
2026-09-16T17:40:28Z,2026-09-16 17:39:47,SPX,2026-09-18,P,6940.0,7607.1001,0.45,998.0,0.55,1406.0,0.55,56.0,474.0,0.518,-0.0057,0.0001,-0.4867,0.0904,-0.0046
2026-09-16T17:40:28Z,2026-09-16 17:39:47,SPX,2026-09-18,C,6945.0,7607.1001,656.8,1.0,677.1,2.0,0.0,0.0,0.0,0.6048,0.9942,0.0001,-0.4159,0.0917,0.7555
2026-09-16T17:40:28Z,2026-09-16 17:39:47,SPX,2026-09-18,P,6945.0,7607.1001,0.45,1432.0,0.55,1112.0,0.75,9.0,123.0,0.5144,-0.0058,0.0001,-0.493,0.0918,-0.0047
2026-09-16T17:40:28Z,2026-09-16 17:39:47,SPX,2026-09-18,C,6950.0,7607.1001,651.8,1.0,671.5,1.0,715.8,0.0,3836.0,0.5854,0.9941,0.0001,-0.4229,0.0931,0.756
2026-09-16T17:40:28Z,2026-09-16 17:39:47,SPX,2026-09-18,P,6950.0,7607.1001,0.45,1739.0,0.55,489.0,0.6,109.0,12562.0,0.5107,-0.0059,0.0001,-0.4994,0.0932,-0.0048
2026-09-16T17:40:28Z,2026-09-16 17:39:47,SPX,2026-09-18,C,6955.0,7607.1001,646.9,3.0,666.5,1.0,0.0,0.0,0.0,0.5839,0.994,0.0001,-0.43,0.0946,0.7564
2026-09-16T17:40:28Z,2026-09-16 17:39:47,SPX,2026-09-18,P,6955.0,7607.1001,0.45,1009.0,0.55,199.0,0.75,7.0,1.0,0.5071,-0.006,0.0001,-0.5059,0.0946,-0.0049
2026-09-16T17:40:28Z,2026-09-16 17:39:47,SPX,2026-09-18,C,6960.0,7607.1001,642.2,2.0,662.0,1.0,775.0,0.0,536.0,0.599,0.9939,0.0001,-0.4372,0.096,0.7569
2026-09-16T17:40:28Z,2026-09-16 17:39:47,SPX,2026-09-18,P,6960.0,7607.1001,0.45,2021.0,0.55,102.0,0.8,25.0,1054.0,0.5035,-0.0061,0.0001,-0.5125,0.096,-0.005
2026-09-16T17:40:28Z,2026-09-16 17:39:47,SPX,2026-09-18,C,6965.0,7607.1001,637.2,2.0,657.0,1.0,0.0,0.0,0.0,0.5947,0.9938,0.0001,-0.4445,0.0975,0.7574
2026-09-16T17:40:28Z,2026-09-16 17:39:47,SPX,2026-09-18,P,6965.0,7607.1001,0.5,137.0,0.6,1753.0,0.8,9.0,200.0,0.5053,-0.0062,0.0001,-0.5192,0.0975,-0.0051
2026-09-16T17:40:28Z,2026-09-16 17:39:47,SPX,2026-09-18,C,6970.0,7607.1001,631.9,1.0,651.7,1.0,622.8,0.0,2.0,0.5765,0.9936,0.0001,-0.452,0.099,0.7578
2026-09-16T17:40:28Z,2026-09-16 17:39:47,SPX,2026-09-18,P,6970.0,7607.1001,0.5,300.0,0.6,1795.0,0.8,9.0,529.0,0.5017,-0.0064,0.0001,-0.5261,0.099,-0.0052
2026-09-16T17:40:28Z,2026-09-16 17:39:47,SPX,2026-09-18,C,6975.0,7607.1001,627.0,1.0,647.0,1.0,643.2,1.0,2188.0,0.5817,0.9935,0.0001,-0.4595,0.1005,0.7583
2026-09-16T17:40:28Z,2026-09-16 17:39:47,SPX,2026-09-18,P,6975.0,7607.1001,0.5,501.0,0.6,1705.0,0.7,10.0,4975.0,0.498,-0.0065,0.0001,-0.5331,0.1005,-0.0052
2026-09-16T17:40:28Z,2026-09-16 17:39:47,SPX,2026-09-18,C,6980.0,7607.1001,621.9,1.0,641.9,1.0,855.73,0.0,9.0,0.5729,0.9934,0.0001,-0.4672,0.1021,0.7587
2026-09-16T17:40:28Z,2026-09-16 17:39:47,SPX,2026-09-18,P,6980.0,7607.1001,0.5,660.0,0.6,1415.0,0.8,27.0,1256.0,0.4944,-0.0066,0.0001,-0.5402,0.1021,-0.0053
2026-09-16T17:40:28Z,2026-09-16 17:39:47,SPX,2026-09-18,C,6985.0,7607.1001,616.9,1.0,636.9,1.0,0.0,0.0,0.0,0.5687,0.9933,0.0001,-0.4751,0.1036,0.7592
2026-09-16T17:40:28Z,2026-09-16 17:39:47,SPX,2026-09-18,P,6985.0,7607.1001,0.5,722.0,0.6,563.0,0.8,7.0,1.0,0.4908,-0.0067,0.0001,-0.5475,0.1037,-0.0054
2026-09-16T17:40:28Z,2026-09-16 17:39:47,SPX,2026-09-18,C,6990.0,7607.1001,612.3,2.0,631.8,1.0,833.54,0.0,66.0,0.5713,0.9932,0.0001,-0.483,0.1053,0.7596
2026-09-16T17:40:28Z,2026-09-16 17:39:47,SPX,2026-09-18,P,6990.0,7607.1001,0.5,1636.0,0.6,498.0,0.65,315.0,1324.0,0.4871,-0.0068,0.0001,-0.5548,0.1053,-0.0055
2026-09-16T17:40:28Z,2026-09-16 17:39:47,SPX,2026-09-18,C,6995.0,7607.1001,606.9,1.0,627.0,1.0,704.34,0.0,7.0,0.5626,0.9931,0.0001,-0.4911,0.1069,0.7601
2026-09-16T17:40:28Z,2026-09-16 17:39:47,SPX,2026-09-18,P,6995.0,7607.1001,0.5,1812.0,0.6,183.0,0.6,515.0,2982.0,0.4835,-0.0069,0.0001,-0.5624,0.107,-0.0056
2026-09-16T17:40:28Z,2026-09-16 17:39:47,SPX,2026-09-18,C,7000.0,7607.1001,609.4,6.0,612.0,6.0,614.25,23963.0,376799.0,0.4666,0.993,0.0001,-0.4994,0.1086,0.7605
2026-09-16T17:40:28Z,2026-09-16 17:39:47,SPX,2026-09-18,P,7000.0,7607.1001,0.55,98.0,0.65,1646.0,0.6,24519.0,387674.0,0.4847,-0.007,0.0001,-0.57,0.1086,-0.0057
2026-09-16T17:40:28Z,2026-09-16 17:39:47,SPX,2026-09-18,C,7005.0,7607.1001,596.9,1.0,617.0,1.0,683.44,0.0,22.0,0.5541,0.9928,0.0001,-0.5077,0.1103,0.761
2026-09-16T17:40:28Z,2026-09-16 17:39:47,SPX,2026-09-18,P,7005.0,7607.1001,0.55,247.0,0.65,1956.0,0.85,27.0,429.0,0.4811,-0.0072,0.0001,-0.5778,0.1104,-0.0058
2026-09-16T17:40:28Z,2026-09-16 17:39:47,SPX,2026-09-18,C,7010.0,7607.1001,592.0,1.0,611.4,1.0,713.2,0.0,55.0,0.5381,0.9927,0.0001,-0.5163,0.1121,0.7614
2026-09-16T17:40:28Z,2026-09-16 17:39:47,SPX,2026-09-18,P,7010.0,7607.1001,0.55,323.0,0.65,1667.0,0.85,18.0,533.0,0.4774,-0.0073,0.0001,-0.5858,0.1121,-0.0059
2026-09-16T17:40:28Z,2026-09-16 17:39:47,SPX,2026-09-18,C,7015.0,7607.1001,587.3,2.0,606.0,1.0,499.14,0.0,5.0,0.5315,0.9926,0.0001,-0.5249,0.1139,0.7619
2026-09-16T17:40:28Z,2026-09-16 17:39:47,SPX,2026-09-18,P,7015.0,7607.1001,0.55,734.0,0.65,1465.0,0.9,27.0,735.0,0.4737,-0.0074,0.0001,-0.5938,0.1139,-0.006
2026-09-16T17:40:28Z,2026-09-16 17:39:47,SPX,2026-09-18,C,7020.0,7607.1001,582.0,1.0,601.4,1.0,542.9,0.0,8.0,0.5298,0.9924,0.0001,-0.5337,0.1158,0.7623
2026-09-16T17:40:28Z,2026-09-16 17:39:47,SPX,2026-09-18,P,7020.0,7607.1001,0.55,860.0,0.65,919.0,0.9,27.0,516.0,0.47,-0.0076,0.0001,-0.6021,0.1158,-0.0062
2026-09-16T17:40:28Z,2026-09-16 17:39:47,SPX,2026-09-18,C,7025.0,7607.1001,577.1,2.0,596.4,1.0,593.5,1.0,1412.0,0.5281,0.9923,0.0001,-0.5427,0.1176,0.7627
2026-09-16T17:40:28Z,2026-09-16 17:39:47,SPX,2026-09-18,P,7025.0,7607.1001,0.55,1696.0,0.65,728.0,0.85,19.0,2734.0,0.4664,-0.0077,0.0001,-0.6105,0.1177,-0.0063
2026-09-16T17:40:28Z,2026-09-16 17:39:47,SPX,2026-09-18,C,7030.0,7607.1001,572.0,1.0,590.8,1.0,692.21,0.0,18.0,0.5058,0.9921,0.0001,-0.5519,0.1196,0.7632
2026-09-16T17:40:28Z,2026-09-16 17:39:47,SPX,2026-09-18,P,7030.0,7607.1001,0.55,1800.0,0.65,263.0,0.9,83.0,980.0,0.4627,-0.0078,0.0001,-0.619,0.1196,-0.0064
2026-09-16T17:40:28Z,2026-09-16 17:39:47,SPX,2026-09-18,C,7035.0,7607.1001,567.3,2.0,587.0,1.0,525.1,0.0,1.0,0.5373,0.992,0.0001,-0.5612,0.1216,0.7636
2026-09-16T17:40:28Z,2026-09-16 17:39:47,SPX,2026-09-18,P,7035.0,7607.1001,0.6,105.0,0.7,1655.0,0.9,18.0,1248.0,0.4634,-0.008,0.0001,-0.6278,0.1216,-0.0065
2026-09-16T17:40:28Z,2026-09-16 17:39:47,SPX,2026-09-18,C,7040.0,7607.1001,562.0,1.0,581.8,1.0,566.55,0.0,30.0,0.5224,0.9918,0.0001,-0.5707,0.1236,0.764
2026-09-16T17:40:28Z,2026-09-16 17:39:47,SPX,2026-09-18,P,7040.0,7607.1001,0.6,253.0,0.7,1827.0,0.95,27.0,897.0,0.4597,-0.0081,0.0001,-0.6367,0.1236,-0.0066
2026-09-16T17:40:28Z,2026-09-16 17:39:47,SPX,2026-09-18,C,7045.0,7607.1001,557.0,1.0,577.1,1.0,518.4,0.0,1.0,0.5247,0.9917,0.0001,-0.5803,0.1257,0.7644
2026-09-16T17:40:28Z,2026-09-16 17:39:47,SPX,2026-09-18,P,7045.0,7607.1001,0.6,435.0,0.7,1414.0,0.95,18.0,892.0,0.456,-0.0083,0.0001,-0.6457,0.1257,-0.0067
2026-09-16T17:40:28Z,2026-09-16 17:39:47,SPX,2026-09-18,C,7050.0,7607.1001,552.1,2.0,571.4,1.0,556.0,1.0,4340.0,0.5072,0.9915,0.0001,-0.5901,0.1279,0.7649
2026-09-16T17:40:28Z,2026-09-16 17:39:47,SPX,2026-09-18,P,7050.0,7607.1001,0.6,1105.0,0.7,1213.0,0.85,35.0,6310.0,0.4523,-0.0085,0.0001,-0.655,0.1279,-0.0069
2026-09-16T17:40:28Z,2026-09-16 17:39:47,SPX,2026-09-18,C,7055.0,7607.1001,547.1,2.0,566.1,1.0,727.56,0.0,363.0,0.4959,0.9914,0.0001,-0.6002,0.13,0.7653
2026-09-16T17:40:28Z,2026-09-16 17:39:47,SPX,2026-09-18,P,7055.0,7607.1001,0.6,1089.0,0.7,1162.0,0.95,32.0,709.0,0.4486,-0.0086,0.0001,-0.6644,0.1301,-0.007
2026-09-16T17:40:28Z,2026-09-16 17:39:47,SPX,2026-09-18,C,7060.0,7607.1001,542.0,1.0,561.4,1.0,631.18,0.0,6.0,0.4966,0.9912,0.0001,-0.6104,0.1323,0.7657
2026-09-16T17:40:28Z,2026-09-16 17:39:47,SPX,2026-09-18,P,7060.0,7607.1001,0.6,1641.0,0.7,398.0,0.9,23.0,848.0,0.4448,-0.0088,0.0001,-0.6737,0.1322,-0.0071
2026-09-16T17:40:28Z,2026-09-16 17:39:47,SPX,2026-09-18,C,7065.0,7607.1001,537.1,1.0,557.1,1.0,591.64,0.0,1.0,0.5098,0.991,0.0001,-0.6208,0.1346,0.7661
2026-09-16T17:40:28Z,2026-09-16 17:39:47,SPX,2026-09-18,P,7065.0,7607.1001,0.65,106.0,0.7,106.0,0.8,29.0,142.0,0.4432,-0.009,0.0001,-0.6835,0.1345,-0.0073
2026-09-16T17:40:28Z,2026-09-16 17:39:47,SPX,2026-09-18,C,7070.0,7607.1001,532.1,1.0,551.2,1.0,430.42,0.0,2.0,0.4285,0.9909,0.0001,-0.6314,0.1369,0.7665
2026-09-16T17:40:28Z,2026-09-16 17:39:47,SPX,2026-09-18,P,7070.0,7607.1001,0.65,261.0,0.75,1724.0,0.85,10.0,561.0,0.4414,-0.0091,0.0001,-0.6936,0.1368,-0.0074
2026-09-16T17:40:28Z,2026-09-16 17:39:47,SPX,2026-09-18,C,7075.0,7607.1001,534.6,6.0,537.1,6.0,536.0,0.0,1182.0,0.4246,0.9907,0.0001,-0.6422,0.1393,0.7669
2026-09-16T17:40:28Z,2026-09-16 17:39:47,SPX,2026-09-18,P,7075.0,7607.1001,0.65,946.0,0.75,1565.0,1.0,10.0,2129.0,0.4377,-0.0093,0.0001,-0.7038,0.1392,-0.0076
2026-09-16T17:40:28Z,2026-09-16 17:39:47,SPX,2026-09-18,C,7080.0,7607.1001,529.6,6.0,532.1,6.0,568.15,0.0,28.0,0.4208,0.9905,0.0001,-0.6533,0.1417,0.7673
2026-09-16T17:40:28Z,2026-09-16 17:39:47,SPX,2026-09-18,P,7080.0,7607.1001,0.65,866.0,0.75,1117.0,1.0,27.0,2026.0,0.434,-0.0095,0.0001,-0.7143,0.1417,-0.0077
2026-09-16T17:40:28Z,2026-09-16 17:39:47,SPX,2026-09-18,C,7085.0,7607.1001,524.6,6.0,527.1,6.0,640.56,0.0,3.0,0.4169,0.9903,0.0001,-0.6646,0.1442,0.7677
2026-09-16T17:40:28Z,2026-09-16 17:39:47,SPX,2026-09-18,P,7085.0,7607.1001,0.65,1095.0,0.75,715.0,1.05,18.0,680.0,0.4302,-0.0097,0.0001,-0.725,0.1442,-0.0079
2026-09-16T17:40:28Z,2026-09-16 17:39:47,SPX,2026-09-18,C,7090.0,7607.1001,519.6,6.0,522.1,6.0,695.44,0.0,6.0,0.413,0.9901,0.0001,-0.6761,0.1468,0.7681
2026-09-16T17:40:28Z,2026-09-16 17:39:47,SPX,2026-09-18,P,7090.0,7607.1001,0.7,92.0,0.75,148.0,1.05,27.0,639.0,0.4284,-0.0099,0.0001,-0.7359,0.1467,-0.008
2026-09-16T17:40:28Z,2026-09-16 17:39:47,SPX,2026-09-18,C,7095.0,7607.1001,514.6,6.0,517.1,6.0,693.05,0.0,6.0,0.4092,0.9899,0.0001,-0.6878,0.1494,0.7684
2026-09-16T17:40:28Z,2026-09-16 17:39:47,SPX,2026-09-18,P,7095.0,7607.1001,0.7,264.0,0.8,1745.0,1.05,18.0,321.0,0.4264,-0.0101,0.0001,-0.747,0.1493,-0.0082
2026-09-16T17:40:28Z,2026-09-16 17:39:47,SPX,2026-09-18,C,7100.0,7607.1001,509.7,6.0,512.1,6.0,520.6,2.0,10956.0,0.4053,0.9897,0.0001,-0.6998,0.152,0.7688
2026-09-16T17:40:28Z,2026-09-16 17:39:47,SPX,2026-09-18,P,7100.0,7607.1001,0.7,911.0,0.8,1524.0,0.79,438.0,21697.0,0.4227,-0.0103,0.0001,-0.7585,0.1519,-0.0084
2026-09-16T17:40:28Z,2026-09-16 17:39:47,SPX,2026-09-18,C,7105.0,7607.1001,504.7,6.0,507.1,6.0,639.32,0.0,9.0,0.4015,0.9895,0.0001,-0.7121,0.1547,0.7692
2026-09-16T17:40:28Z,2026-09-16 17:39:47,SPX,2026-09-18,P,7105.0,7607.1001,0.7,966.0,0.8,922.0,1.1,18.0,1841.0,0.4189,-0.0105,0.0001,-0.7701,0.1546,-0.0085
2026-09-16T17:40:28Z,2026-09-16 17:39:47,SPX,2026-09-18,C,7110.0,7607.1001,499.7,6.0,502.1,6.0,422.33,0.0,91.0,0.402,0.9893,0.0001,-0.7246,0.1574,0.7696
2026-09-16T17:40:28Z,2026-09-16 17:39:47,SPX,2026-09-18,P,7110.0,7607.1001,0.7,1458.0,0.8,406.0,0.9,40.0,926.0,0.4152,-0.0107,0.0001,-0.782,0.1574,-0.0087
2026-09-16T17:40:28Z,2026-09-16 17:39:47,SPX,2026-09-18,C,7115.0,7607.1001,494.7,6.0,497.1,6.0,656.71,0.0,12.0,0.3981,0.9891,0.0001,-0.7374,0.1603,0.7699
2026-09-16T17:40:28Z,2026-09-16 17:39:47,SPX,2026-09-18,P,7115.0,7607.1001,0.75,130.0,0.85,1897.0,0.9,29.0,1458.0,0.4148,-0.0109,0.0001,-0.7942,0.1602,-0.0089
2026-09-16T17:40:28Z,2026-09-16 17:39:47,SPX,2026-09-18,C,7120.0,7607.1001,489.6,6.0,492.1,6.0,386.01,0.0,585.0,0.4021,0.9889,0.0001,-0.7504,0.1632,0.7703
2026-09-16T17:40:28Z,2026-09-16 17:39:47,SPX,2026-09-18,P,7120.0,7607.1001,0.75,412.0,0.85,1329.0,1.1,18.0,1330.0,0.411,-0.0111,0.0001,-0.8067,0.1631,-0.0091
2026-09-16T17:40:28Z,2026-09-16 17:39:47,SPX,2026-09-18,C,7125.0,7607.1001,484.7,6.0,487.1,6.0,482.1,1.0,1259.0,0.3982,0.9886,0.0001,-0.7638,0.1661,0.7707
2026-09-16T17:40:28Z,2026-09-16 17:39:47,SPX,2026-09-18,P,7125.0,7607.1001,0.75,982.0,0.85,1150.0,1.0,43.0,5401.0,0.4072,-0.0114,0.0001,-0.8194,0.166,-0.0093
2026-09-16T17:40:28Z,2026-09-16 17:39:47,SPX,2026-09-18,C,7130.0,7607.1001,479.8,6.0,482.2,6.0,470.6,0.0,59.0,0.3943,0.9884,0.0001,-0.7774,0.1692,0.771
2026-09-16T17:40:28Z,2026-09-16 17:39:47,SPX,2026-09-18,P,7130.0,7607.1001,0.75,1067.0,0.85,433.0,0.95,17.0,1713.0,0.4034,-0.0116,0.0001,-0.8325,0.1691,-0.0095
2026-09-16T17:40:28Z,2026-09-16 17:39:47,SPX,2026-09-18,C,7135.0,7607.1001,474.8,6.0,477.2,6.0,0.0,0.0,0.0,0.3866,0.9881,0.0001,-0.7913,0.1723,0.7714
2026-09-16T17:40:28Z,2026-09-16 17:39:47,SPX,2026-09-18,P,7135.0,7607.1001,0.8,104.0,0.9,1701.0,1.15,25.0,802.0,0.4028,-0.0118,0.0001,-0.8458,0.1722,-0.0097
2026-09-16T17:40:28Z,2026-09-16 17:39:47,SPX,2026-09-18,C,7140.0,7607.1001,469.8,6.0,472.2,6.0,530.33,0.0,19.0,0.3865,0.9879,0.0001,-0.8056,0.1755,0.7717
2026-09-16T17:40:28Z,2026-09-16 17:39:47,SPX,2026-09-18,P,7140.0,7607.1001,0.8,285.0,0.9,1502.0,1.11,25.0,634.0,0.399,-0.0121,0.0001,-0.8595,0.1754,-0.0099
2026-09-16T17:40:28Z,2026-09-16 17:39:47,SPX,2026-09-18,C,7145.0,7607.1001,464.8,6.0,467.2,6.0,436.74,0.0,7.0,0.3826,0.9876,0.0001,-0.8201,0.1788,0.772
2026-09-16T17:40:28Z,2026-09-16 17:39:47,SPX,2026-09-18,P,7145.0,7607.1001,0.8,800.0,0.9,1326.0,1.2,45.0,787.0,0.3952,-0.0124,0.0001,-0.8735,0.1787,-0.0101
2026-09-16T17:40:28Z,2026-09-16 17:39:47,SPX,2026-09-18,C,7150.0,7607.1001,459.8,6.0,462.2,6.0,450.05,0.0,5549.0,0.3787,0.9874,0.0001,-0.835,0.1822,0.7724
2026-09-16T17:40:28Z,2026-09-16 17:39:47,SPX,2026-09-18,P,7150.0,7607.1001,0.8,1299.0,0.9,446.0,0.85,122.0,8460.0,0.3913,-0.0126,0.0001,-0.8878,0.1821,-0.0103
2026-09-16T17:40:28Z,2026-09-16 17:39:47,SPX,2026-09-18,C,7155.0,7607.1001,454.8,6.0,457.2,6.0,581.26,0.0,5.0,0.3748,0.9871,0.0002,-0.8503,0.1857,0.7727
2026-09-16T17:40:28Z,2026-09-16 17:39:47,SPX,2026-09-18,P,7155.0,7607.1001,0.85,138.0,0.95,1886.0,1.25,27.0,591.0,0.3905,-0.0129,0.0002,-0.9025,0.1856,-0.0105
2026-09-16T17:40:28Z,2026-09-16 17:39:47,SPX,2026-09-18,C,7160.0,7607.1001,449.8,6.0,452.2,6.0,529.08,0.0,56.0,0.3777,0.9868,0.0002,-0.8659,0.1893,0.773
2026-09-16T17:40:28Z,2026-09-16 17:39:47,SPX,2026-09-18,P,7160.0,7607.1001,0.85,596.0,0.95,1433.0,1.0,28.0,912.0,0.3866,-0.0132,0.0002,-0.9175,0.1892,-0.0107
2026-09-16T17:40:28Z,2026-09-16 17:39:47,SPX,2026-09-18,C,7165.0,7607.1001,444.8,6.0,447.2,6.0,550.0,0.0,35.0,0.3738,0.9865,0.0002,-0.882,0.193,0.7733
2026-09-16T17:40:28Z,2026-09-16 17:39:47,SPX,2026-09-18,P,7165.0,7607.1001,0.85,1046.0,0.95,1070.0,0.9,26.0,736.0,0.3828,-0.0135,0.0002,-0.933,0.1929,-0.011
2026-09-16T17:40:28Z,2026-09-16 17:39:47,SPX,2026-09-18,C,7170.0,7607.1001,439.9,6.0,442.3,6.0,322.88,0.0,15.0,0.3698,0.9862,0.0002,-0.8984,0.1969,0.7736
2026-09-16T17:40:28Z,2026-09-16 17:39:47,SPX,2026-09-18,P,7170.0,7607.1001,0.85,1369.0,0.95,184.0,0.95,29.0,3308.0,0.3789,-0.0138,0.0002,-0.9488,0.1968,-0.0112
2026-09-16T17:40:28Z,2026-09-16 17:39:47,SPX,2026-09-18,C,7175.0,7607.1001,434.9,6.0,437.3,6.0,427.88,0.0,2079.0,0.3659,0.9859,0.0002,-0.9153,0.2008,0.7739
2026-09-16T17:40:28Z,2026-09-16 17:39:47,SPX,2026-09-18,P,7175.0,7607.1001,0.9,432.0,1.0,1667.0,1.3,41.0,6487.0,0.3778,-0.0141,0.0002,-0.9651,0.2007,-0.0115
2026-09-16T17:40:28Z,2026-09-16 17:39:47,SPX,2026-09-18,C,7180.0,7607.1001,430.0,6.0,432.3,6.0,412.73,0.0,16.0,0.362,0.9856,0.0002,-0.9327,0.2049,0.7742
2026-09-16T17:40:28Z,2026-09-16 17:39:47,SPX,2026-09-18,P,7180.0,7607.1001,0.9,862.0,1.0,1013.0,1.16,13.0,687.0,0.374,-0.0144,0.0002,-0.9819,0.2048,-0.0118
2026-09-16T17:40:28Z,2026-09-16 17:39:47,SPX,2026-09-18,C,7185.0,7607.1001,425.0,6.0,427.3,6.0,607.05,0.0,7.0,0.3581,0.9852,0.0002,-0.9505,0.209,0.7744
2026-09-16T17:40:28Z,2026-09-16 17:39:47,SPX,2026-09-18,P,7185.0,7607.1001,0.9,1160.0,1.0,118.0,1.2,9.0,527.0,0.3701,-0.0148,0.0002,-0.9991,0.2089,-0.012
2026-09-16T17:40:28Z,2026-09-16 17:39:47,SPX,2026-09-18,C,7190.0,7607.1001,419.9,6.0,422.3,6.0,402.78,0.0,208.0,0.3572,0.9849,0.0002,-0.9688,0.2133,0.7747
2026-09-16T17:40:28Z,2026-09-16 17:39:47,SPX,2026-09-18,P,7190.0,7607.1001,0.95,439.0,1.05,1506.0,1.2,13.0,1774.0,0.3687,-0.0151,0.0002,-1.0174,0.2133,-0.0124
2026-09-16T17:40:28Z,2026-09-16 17:39:47,SPX,2026-09-18,C,7195.0,7607.1001,414.9,6.0,417.3,6.0,350.19,0.0,4.0,0.359,0.9845,0.0002,-0.9877,0.2177,0.775
2026-09-16T17:40:28Z,2026-09-16 17:39:47,SPX,2026-09-18,P,7195.0,7607.1001,0.95,902.0,1.05,1022.0,1.25,14.0,522.0,0.3648,-0.0155,0.0002,-1.0356,0.2177,-0.0126
2026-09-16T17:40:28Z,2026-09-16 17:39:47,SPX,2026-09-18,C,7200.0,7607.1001,410.0,6.0,412.4,6.0,418.9,2.0,17724.0,0.3522,0.9842,0.0002,-1.0071,0.2222,0.7752
2026-09-16T17:40:28Z,2026-09-16 17:39:47,SPX,2026-09-18,P,7200.0,7607.1001,1.0,70.0,1.1,1971.0,1.09,1560.0,31914.0,0.3633,-0.0158,0.0002,-1.0545,0.2222,-0.013
2026-09-16T17:40:28Z,2026-09-16 17:39:47,SPX,2026-09-18,C,7205.0,7607.1001,405.1,6.0,407.4,6.0,587.87,0.0,34.0,0.3482,0.9838,0.0002,-1.0272,0.2268,0.7754
2026-09-16T17:40:28Z,2026-09-16 17:39:47,SPX,2026-09-18,P,7205.0,7607.1001,1.0,570.0,1.1,1291.0,1.45,19.0,1164.0,0.3594,-0.0162,0.0002,-1.074,0.2268,-0.0133
2026-09-16T17:40:28Z,2026-09-16 17:39:47,SPX,2026-09-18,C,7210.0,7607.1001,400.1,6.0,402.4,6.0,382.23,0.0,1626.0,0.347,0.9834,0.0002,-1.0478,0.2316,0.7756
2026-09-16T17:40:28Z,2026-09-16 17:39:47,SPX,2026-09-18,P,7210.0,7607.1001,1.0,1136.0,1.1,197.0,1.5,26.0,863.0,0.3555,-0.0166,0.0002,-1.0941,0.2316,-0.0136
2026-09-16T17:40:28Z,2026-09-16 17:39:47,SPX,2026-09-18,C,7215.0,7607.1001,395.1,6.0,397.4,6.0,395.7,0.0,17.0,0.343,0.983,0.0002,-1.0692,0.2365,0.7758
2026-09-16T17:40:28Z,2026-09-16 17:39:47,SPX,2026-09-18,P,7215.0,7607.1001,1.05,341.0,1.15,1551.0,1.5,19.0,313.0,0.3539,-0.017,0.0002,-1.1148,0.2365,-0.014
2026-09-16T17:40:28Z,2026-09-16 17:39:47,SPX,2026-09-18,C,7220.0,7607.1001,390.1,6.0,392.4,6.0,580.04,0.0,33.0,0.3441,0.9825,0.0002,-1.0912,0.2415,0.776
2026-09-16T17:40:28Z,2026-09-16 17:39:47,SPX,2026-09-18,P,7220.0,7607.1001,1.05,947.0,1.15,535.0,1.55,7.0,752.0,0.3499,-0.0175,0.0002,-1.1363,0.2415,-0.0143
2026-09-16T17:40:28Z,2026-09-16 17:39:47,SPX,2026-09-18,C,7225.0,7607.1001,385.2,6.0,387.5,6.0,359.7,0.0,1013.0,0.3376,0.9821,0.0002,-1.114,0.2467,0.7762
2026-09-16T17:40:28Z,2026-09-16 17:39:47,SPX,2026-09-18,P,7225.0,7607.1001,1.1,224.0,1.2,1682.0,1.38,12.0,5216.0,0.3482,-0.0179,0.0002,-1.1585,0.2467,-0.0147
2026-09-16T17:40:28Z,2026-09-16 17:39:47,SPX,2026-09-18,C,7230.0,7607.1001,380.2,6.0,382.5,6.0,386.95,3.0,118.0,0.3361,0.9816,0.0002,-1.1375,0.2521,0.7764
2026-09-16T17:40:28Z,2026-09-16 17:39:47,SPX,2026-09-18,P,7230.0,7607.1001,1.1,861.0,1.2,878.0,1.55,27.0,556.0,0.3442,-0.0184,0.0002,-1.1815,0.2521,-0.015
2026-09-16T17:40:28Z,2026-09-16 17:39:47,SPX,2026-09-18,C,7235.0,7607.1001,375.2,6.0,377.5,6.0,459.53,0.0,23.0,0.3321,0.9811,0.0002,-1.162,0.2577,0.7766
2026-09-16T17:40:28Z,2026-09-16 17:39:47,SPX,2026-09-18,P,7235.0,7607.1001,1.15,139.0,1.25,1597.0,1.6,18.0,354.0,0.3424,-0.0189,0.0002,-1.2053,0.2577,-0.0154
2026-09-16T17:40:28Z,2026-09-16 17:39:47,SPX,2026-09-18,C,7240.0,7607.1001,370.2,6.0,372.5,6.0,304.68,0.0,262.0,0.3327,0.9806,0.0002,-1.1872,0.2635,0.7767
2026-09-16T17:40:28Z,2026-09-16 17:39:47,SPX,2026-09-18,P,7240.0,7607.1001,1.15,871.0,1.25,595.0,1.65,27.0,723.0,0.3384,-0.0194,0.0002,-1.23,0.2635,-0.0158
2026-09-16T17:40:28Z,2026-09-16 17:39:47,SPX,2026-09-18,C,7245.0,7607.1001,365.3,6.0,367.6,6.0,312.1,0.0,14.0,0.3286,0.9801,0.0003,-1.2135,0.2696,0.7768
2026-09-16T17:40:28Z,2026-09-16 17:39:47,SPX,2026-09-18,P,7245.0,7607.1001,1.2,231.0,1.3,1460.0,1.2,22.0,1528.0,0.3364,-0.0199,0.0003,-1.2557,0.2696,-0.0163
2026-09-16T17:40:28Z,2026-09-16 17:39:47,SPX,2026-09-18,C,7250.0,7607.1001,360.3,6.0,362.6,6.0,333.14,0.0,5293.0,0.3245,0.9796,0.0003,-1.2408,0.2759,0.7769
2026-09-16T17:40:28Z,2026-09-16 17:39:47,SPX,2026-09-18,P,7250.0,7607.1001,1.2,1125.0,1.3,205.0,1.4,402.0,9885.0,0.3323,-0.0204,0.0003,-1.2824,0.2759,-0.0167
2026-09-16T17:40:28Z,2026-09-16 17:39:47,SPX,2026-09-18,C,7255.0,7607.1001,355.4,6.0,357.6,6.0,328.3,0.0,25.0,0.3205,0.979,0.0003,-1.2691,0.2824,0.777
2026-09-16T17:40:28Z,2026-09-16 17:39:47,SPX,2026-09-18,P,7255.0,7607.1001,1.25,518.0,1.35,1248.0,1.7,18.0,306.0,0.3303,-0.021,0.0003,-1.3102,0.2824,-0.0172
2026-09-16T17:40:28Z,2026-09-16 17:39:47,SPX,2026-09-18,C,7260.0,7607.1001,350.4,6.0,352.7,6.0,559.51,0.0,244.0,0.3206,0.9784,0.0003,-1.2987,0.2893,0.7771
2026-09-16T17:40:28Z,2026-09-16 17:39:47,SPX,2026-09-18,P,7260.0,7607.1001,1.25,1410.0,1.35,106.0,1.8,25.0,1257.0,0.3262,-0.0216,0.0003,-1.3392,0.2893,-0.0176
2026-09-16T17:40:28Z,2026-09-16 17:39:47,SPX,2026-09-18,C,7265.0,7607.1001,345.4,6.0,347.7,6.0,435.99,0.0,12.0,0.3165,0.9778,0.0003,-1.3295,0.2964,0.7771
2026-09-16T17:40:28Z,2026-09-16 17:39:47,SPX,2026-09-18,P,7265.0,7607.1001,1.3,797.0,1.4,585.0,1.77,17.0,473.0,0.324,-0.0222,0.0003,-1.3694,0.2964,-0.0182
2026-09-16T17:40:28Z,2026-09-16 17:39:47,SPX,2026-09-18,C,7270.0,7607.1001,340.4,6.0,342.7,6.0,290.4,0.0,43.0,0.3144,0.9771,0.0003,-1.3618,0.3038,0.7771
2026-09-16T17:40:28Z,2026-09-16 17:39:47,SPX,2026-09-18,P,7270.0,7607.1001,1.35,469.0,1.45,1289.0,1.59,10.0,1547.0,0.3217,-0.0228,0.0003,-1.401,0.3038,-0.0187
2026-09-16T17:40:28Z,2026-09-16 17:39:47,SPX,2026-09-18,C,7275.0,7607.1001,335.5,6.0,337.8,6.0,338.3,1.0,850.0,0.3122,0.9765,0.0003,-1.3954,0.3114,0.7771
2026-09-16T17:40:28Z,2026-09-16 17:39:47,SPX,2026-09-18,P,7275.0,7607.1001,1.4,74.0,1.5,1316.0,1.45,187.0,2424.0,0.3194,-0.0235,0.0003,-1.4342,0.3114,-0.0193
2026-09-16T17:40:28Z,2026-09-16 17:39:47,SPX,2026-09-18,C,7280.0,7607.1001,330.6,6.0,332.8,6.0,421.29,0.0,147.0,0.3081,0.9758,0.0003,-1.4307,0.3194,0.777
2026-09-16T17:40:28Z,2026-09-16 17:39:47,SPX,2026-09-18,P,7280.0,7607.1001,1.4,860.0,1.5,179.0,1.7,28.0,410.0,0.3153,-0.0242,0.0003,-1.4689,0.3194,-0.0199
2026-09-16T17:40:28Z,2026-09-16 17:39:47,SPX,2026-09-18,C,7285.0,7607.1001,325.5,6.0,327.8,6.0,484.36,0.0,44.0,0.3093,0.975,0.0003,-1.4677,0.3276,0.777
2026-09-16T17:40:28Z,2026-09-16 17:39:47,SPX,2026-09-18,P,7285.0,7607.1001,1.45,762.0,1.55,449.0,1.56,18.0,671.0,0.3128,-0.025,0.0003,-1.5053,0.3276,-0.0205
2026-09-16T17:40:28Z,2026-09-16 17:39:47,SPX,2026-09-18,C,7290.0,7607.1001,320.7,6.0,322.9,6.0,330.79,0.0,349.0,0.3034,0.9742,0.0004,-1.5066,0.3362,0.7768
2026-09-16T17:40:28Z,2026-09-16 17:39:47,SPX,2026-09-18,P,7290.0,7607.1001,1.5,741.0,1.6,1063.0,1.77,37.0,443.0,0.3103,-0.0258,0.0004,-1.5436,0.3362,-0.0212
2026-09-16T17:40:28Z,2026-09-16 17:39:47,SPX,2026-09-18,C,7295.0,7607.1001,315.6,6.0,317.9,6.0,508.59,0.0,27.0,0.3009,0.9734,0.0004,-1.5474,0.345,0.7767
2026-09-16T17:40:28Z,2026-09-16 17:39:47,SPX,2026-09-18,P,7295.0,7607.1001,1.55,548.0,1.65,1276.0,1.85,77.0,510.0,0.3077,-0.0266,0.0004,-1.5838,0.345,-0.0218
2026-09-16T17:40:28Z,2026-09-16 17:39:47,SPX,2026-09-18,C,7300.0,7607.1001,310.8,6.0,313.0,6.0,300.57,0.0,33891.0,0.2984,0.9725,0.0004,-1.5903,0.3543,0.7765
2026-09-16T17:40:28Z,2026-09-16 17:39:47,SPX,2026-09-18,P,7300.0,7607.1001,1.6,467.0,1.7,1374.0,1.85,132.0,37487.0,0.305,-0.0275,0.0004,-1.6261,0.3543,-0.0226
2026-09-16T17:40:28Z,2026-09-16 17:39:47,SPX,2026-09-18,C,7305.0,7607.1001,305.8,6.0,308.0,6.0,466.73,0.0,19.0,0.2958,0.9716,0.0004,-1.6355,0.364,0.7763
2026-09-16T17:40:28Z,2026-09-16 17:39:47,SPX,2026-09-18,P,7305.0,7607.1001,1.65,427.0,1.75,1171.0,1.93,20.0,346.0,0.3023,-0.0284,0.0004,-1.6707,0.364,-0.0233
2026-09-16T17:40:28Z,2026-09-16 17:39:47,SPX,2026-09-18,C,7310.0,7607.1001,300.9,9.0,303.1,9.0,340.4,0.0,301.0,0.2947,0.9706,0.0004,-1.683,0.3742,0.7761
2026-09-16T17:40:28Z,2026-09-16 17:39:47,SPX,2026-09-18,P,7310.0,7607.1001,1.7,505.0,1.8,1273.0,1.98,29.0,499.0,0.2995,-0.0294,0.0004,-1.7177,0.3742,-0.0241
2026-09-16T17:40:28Z,2026-09-16 17:39:47,SPX,2026-09-18,C,7315.0,7607.1001,295.9,9.0,298.1,9.0,517.38,0.0,13.0,0.2934,0.9696,0.0004,-1.7332,0.3849,0.7758
2026-09-16T17:40:28Z,2026-09-16 17:39:47,SPX,2026-09-18,P,7315.0,7607.1001,1.75,608.0,1.85,815.0,2.45,17.0,322.0,0.2967,-0.0304,0.0004,-1.7673,0.3849,-0.0249
2026-09-16T17:40:28Z,2026-09-16 17:39:47,SPX,2026-09-18,C,7320.0,7607.1001,291.0,9.0,293.2,9.0,341.09,0.0,99.0,0.289,0.9685,0.0004,-1.7861,0.3962,0.7755
2026-09-16T17:40:28Z,2026-09-16 17:39:47,SPX,2026-09-18,P,7320.0,7607.1001,1.8,945.0,1.9,372.0,2.1,30.0,1713.0,0.2938,-0.0315,0.0004,-1.8196,0.3962,-0.0258
2026-09-16T17:40:28Z,2026-09-16 17:39:47,SPX,2026-09-18,C,7325.0,7607.1001,286.1,9.0,288.3,9.0,380.83,0.0,3146.0,0.2875,0.9674,0.0005,-1.842,0.4081,0.7751
2026-09-16T17:40:28Z,2026-09-16 17:39:47,SPX,2026-09-18,P,7325.0,7607.1001,1.85,803.0,2.0,1008.0,2.17,37.0,5790.0,0.2915,-0.0326,0.0005,-1.875,0.4081,-0.0268
2026-09-16T17:40:28Z,2026-09-16 17:39:47,SPX,2026-09-18,C,7330.0,7607.1001,281.1,9.0,283.1,56.0,264.5,0.0,728.0,0.2818,0.9662,0.0005,-1.9012,0.4206,0.7746
2026-09-16T17:40:28Z,2026-09-16 17:39:47,SPX,2026-09-18,P,7330.0,7607.1001,1.95,360.0,2.05,1225.0,2.27,27.0,1256.0,0.2891,-0.0338,0.0005,-1.9335,0.4206,-0.0278
2026-09-16T17:40:28Z,2026-09-16 17:39:47,SPX,2026-09-18,C,7335.0,7607.1001,276.1,9.0,278.3,56.0,466.2,0.0,122.0,0.2815,0.9649,0.0005,-1.9638,0.4337,0.7741
2026-09-16T17:40:28Z,2026-09-16 17:39:47,SPX,2026-09-18,P,7335.0,7607.1001,2.0,700.0,2.1,267.0,2.35,136.0,626.0,0.286,-0.0351,0.0005,-1.9956,0.4337,-0.0288
2026-09-16T17:40:28Z,2026-09-16 17:39:47,SPX,2026-09-18,C,7340.0,7607.1001,271.3,9.0,273.5,9.0,374.69,0.0,312.0,0.2797,0.9636,0.0005,-2.0301,0.4474,0.7735
2026-09-16T17:40:28Z,2026-09-16 17:39:47,SPX,2026-09-18,P,7340.0,7607.1001,2.1,281.0,2.2,1136.0,2.33,30.0,1051.0,0.284,-0.0364,0.0005,-2.0613,0.4474,-0.03
2026-09-16T17:40:28Z,2026-09-16 17:39:47,SPX,2026-09-18,C,7345.0,7607.1001,266.3,9.0,268.5,9.0,380.3,0.0,30.0,0.2777,0.9621,0.0005,-2.1005,0.4616,0.7728
2026-09-16T17:40:28Z,2026-09-16 17:39:47,SPX,2026-09-18,P,7345.0,7607.1001,2.15,653.0,2.25,138.0,2.52,10.0,458.0,0.2808,-0.0379,0.0005,-2.1311,0.4616,-0.0312
2026-09-16T17:40:28Z,2026-09-16 17:39:47,SPX,2026-09-18,C,7350.0,7607.1001,261.5,9.0,263.6,9.0,263.9,1.0,7365.0,0.2756,0.9606,0.0006,-2.1751,0.4764,0.7721
2026-09-16T17:40:28Z,2026-09-16 17:39:47,SPX,2026-09-18,P,7350.0,7607.1001,2.25,316.0,2.35,292.0,2.3,950.0,19510.0,0.2786,-0.0394,0.0006,-2.2052,0.4764,-0.0324
2026-09-16T17:40:28Z,2026-09-16 17:39:47,SPX,2026-09-18,C,7355.0,7607.1001,256.6,9.0,258.7,9.0,313.6,0.0,343.0,0.2734,0.959,0.0006,-2.2542,0.4919,0.7713
2026-09-16T17:40:28Z,2026-09-16 17:39:47,SPX,2026-09-18,P,7355.0,7607.1001,2.35,260.0,2.45,344.0,2.68,25.0,825.0,0.2764,-0.041,0.0006,-2.2837,0.4919,-0.0338
2026-09-16T17:40:28Z,2026-09-16 17:39:47,SPX,2026-09-18,C,7360.0,7607.1001,251.7,9.0,253.8,9.0,335.7,0.0,488.0,0.271,0.9573,0.0006,-2.3382,0.5082,0.7705
2026-09-16T17:40:28Z,2026-09-16 17:39:47,SPX,2026-09-18,P,7360.0,7607.1001,2.45,226.0,2.55,429.0,2.52,25.0,634.0,0.274,-0.0427,0.0006,-2.3671,0.5082,-0.0352
2026-09-16T17:40:28Z,2026-09-16 17:39:47,SPX,2026-09-18,C,7365.0,7607.1001,246.8,9.0,248.9,9.0,360.05,0.0,551.0,0.2686,0.9554,0.0006,-2.4272,0.5254,0.7695
2026-09-16T17:40:28Z,2026-09-16 17:39:47,SPX,2026-09-18,P,7365.0,7607.1001,2.55,158.0,2.65,336.0,2.95,146.0,1087.0,0.2715,-0.0446,0.0006,-2.4555,0.5254,-0.0367
2026-09-16T17:40:28Z,2026-09-16 17:39:47,SPX,2026-09-18,C,7370.0,7607.1001,241.8,9.0,244.0,9.0,310.43,0.0,688.0,0.2661,0.9535,0.0007,-2.5215,0.5436,0.7685
2026-09-16T17:40:28Z,2026-09-16 17:39:47,SPX,2026-09-18,P,7370.0,7607.1001,2.65,273.0,2.75,239.0,2.98,20.0,1161.0,0.2689,-0.0465,0.0007,-2.5493,0.5436,-0.0383
2026-09-16T17:40:28Z,2026-09-16 17:39:47,SPX,2026-09-18,C,7375.0,7607.1001,237.0,9.0,239.2,9.0,324.92,0.0,7345.0,0.2634,0.9514,0.0007,-2.6216,0.5628,0.7673
2026-09-16T17:40:28Z,2026-09-16 17:39:47,SPX,2026-09-18,P,7375.0,7607.1001,2.75,313.0,2.9,435.0,2.8,284.0,7507.0,0.2667,-0.0486,0.0007,-2.6488,0.5628,-0.04
2026-09-16T17:40:28Z,2026-09-16 17:39:47,SPX,2026-09-18,C,7380.0,7607.1001,232.1,9.0,234.3,9.0,336.27,0.0,864.0,0.2616,0.9492,0.0007,-2.7278,0.5829,0.766
2026-09-16T17:40:28Z,2026-09-16 17:39:47,SPX,2026-09-18,P,7380.0,7607.1001,2.9,164.0,3.0,244.0,2.92,49.0,1990.0,0.2643,-0.0508,0.0007,-2.7544,0.5829,-0.0418
2026-09-16T17:40:28Z,2026-09-16 17:39:47,SPX,2026-09-18,C,7385.0,7607.1001,227.3,6.0,229.4,9.0,358.87,0.0,462.0,0.2597,0.9469,0.0008,-2.8405,0.604,0.7646
2026-09-16T17:40:28Z,2026-09-16 17:39:47,SPX,2026-09-18,P,7385.0,7607.1001,3.0,444.0,3.2,520.0,3.18,30.0,4940.0,0.2623,-0.0531,0.0008,-2.8665,0.604,-0.0438
2026-09-16T17:40:28Z,2026-09-16 17:39:47,SPX,2026-09-18,C,7390.0,7607.1001,222.4,9.0,224.6,9.0,224.67,0.0,897.0,0.2576,0.9444,0.0008,-2.9601,0.6258,0.763
2026-09-16T17:40:28Z,2026-09-16 17:39:47,SPX,2026-09-18,P,7390.0,7607.1001,3.1,586.0,3.3,402.0,3.22,68.0,1830.0,0.2593,-0.0556,0.0008,-2.9855,0.6258,-0.0459
2026-09-16T17:40:28Z,2026-09-16 17:39:47,SPX,2026-09-18,C,7395.0,7607.1001,217.6,9.0,219.7,9.0,205.3,0.0,455.0,0.2553,0.9418,0.0008,-3.0869,0.6485,0.7614
2026-09-16T17:40:28Z,2026-09-16 17:39:47,SPX,2026-09-18,P,7395.0,7607.1001,3.3,728.0,3.5,831.0,3.49,34.0,617.0,0.2579,-0.0582,0.0008,-3.1118,0.6485,-0.0481
2026-09-16T17:40:28Z,2026-09-16 17:39:47,SPX,2026-09-18,C,7400.0,7607.1001,212.8,9.0,214.9,9.0,215.03,12.0,38225.0,0.253,0.939,0.0009,-3.2213,0.6722,0.7596
2026-09-16T17:40:28Z,2026-09-16 17:39:47,SPX,2026-09-18,P,7400.0,7607.1001,3.5,98.0,3.7,895.0,3.47,3548.0,49021.0,0.2562,-0.061,0.0009,-3.2456,0.6722,-0.0504
2026-09-16T17:40:28Z,2026-09-16 17:39:47,SPX,2026-09-18,C,7405.0,7607.1001,207.9,9.0,209.9,56.0,365.0,0.0,1899.0,0.2497,0.936,0.0009,-3.3634,0.6972,0.7577
2026-09-16T17:40:28Z,2026-09-16 17:39:47,SPX,2026-09-18,P,7405.0,7607.1001,3.6,759.0,3.8,494.0,3.73,37.0,2260.0,0.2529,-0.064,0.0009,-3.3872,0.6972,-0.0529
2026-09-16T17:40:28Z,2026-09-16 17:39:47,SPX,2026-09-18,C,7410.0,7607.1001,203.1,9.0,205.3,9.0,212.47,5.0,6819.0,0.2493,0.9328,0.001,-3.5138,0.7235,0.7556
2026-09-16T17:40:28Z,2026-09-16 17:39:47,SPX,2026-09-18,P,7410.0,7607.1001,3.8,698.0,4.0,720.0,3.89,246.0,7836.0,0.2509,-0.0672,0.001,-3.5369,0.7235,-0.0555
2026-09-16T17:40:28Z,2026-09-16 17:39:47,SPX,2026-09-18,C,7415.0,7607.1001,198.3,9.0,200.5,9.0,281.84,0.0,4855.0,0.2472,0.9294,0.001,-3.6727,0.7511,0.7534
2026-09-16T17:40:28Z,2026-09-16 17:39:47,SPX,2026-09-18,P,7415.0,7607.1001,4.0,673.0,4.2,494.0,4.08,52.0,5322.0,0.2488,-0.0706,0.001,-3.6952,0.7511,-0.0583
2026-09-16T17:40:28Z,2026-09-16 17:39:47,SPX,2026-09-18,C,7420.0,7607.1001,193.6,9.0,195.6,56.0,200.25,5.0,3731.0,0.2443,0.9258,0.001,-3.8405,0.78,0.7509
2026-09-16T17:40:28Z,2026-09-16 17:39:47,SPX,2026-09-18,P,7420.0,7607.1001,4.2,645.0,4.4,261.0,4.24,744.0,4036.0,0.2465,-0.0742,0.001,-3.8625,0.78,-0.0614
2026-09-16T17:40:28Z,2026-09-16 17:39:47,SPX,2026-09-18,C,7425.0,7607.1001,188.8,9.0,190.9,9.0,218.65,0.0,7177.0,0.2432,0.922,0.0011,-4.0178,0.8098,0.7482
2026-09-16T17:40:28Z,2026-09-16 17:39:47,SPX,2026-09-18,P,7425.0,7607.1001,4.5,255.0,4.7,740.0,4.5,62.0,8675.0,0.2454,-0.078,0.0011,-4.0392,0.8098,-0.0646
2026-09-16T17:40:28Z,2026-09-16 17:39:47,SPX,2026-09-18,C,7430.0,7607.1001,184.1,9.0,186.0,56.0,213.85,0.0,5011.0,0.24,0.918,0.0012,-4.2047,0.8405,0.7454
2026-09-16T17:40:28Z,2026-09-16 17:39:47,SPX,2026-09-18,P,7430.0,7607.1001,4.7,580.0,4.9,348.0,4.87,39.0,5331.0,0.2428,-0.082,0.0012,-4.2255,0.8405,-0.068
2026-09-16T17:40:28Z,2026-09-16 17:39:47,SPX,2026-09-18,C,7435.0,7607.1001,179.3,9.0,181.4,9.0,166.91,0.0,5029.0,0.2398,0.9137,0.0012,-4.4015,0.8723,0.7423
2026-09-16T17:40:28Z,2026-09-16 17:39:47,SPX,2026-09-18,P,7435.0,7607.1001,5.0,473.0,5.2,610.0,5.08,251.0,5395.0,0.2412,-0.0863,0.0012,-4.4218,0.8723,-0.0715
2026-09-16T17:40:28Z,2026-09-16 17:39:47,SPX,2026-09-18,C,7440.0,7607.1001,174.5,9.0,176.5,56.0,180.16,0.0,9994.0,0.2363,0.9091,0.0013,-4.6084,0.9055,0.7391
2026-09-16T17:40:28Z,2026-09-16 17:39:47,SPX,2026-09-18,P,7440.0,7607.1001,5.3,279.0,5.5,547.0,5.18,89.0,10352.0,0.2395,-0.0909,0.0013,-4.628,0.9055,-0.0753
2026-09-16T17:40:28Z,2026-09-16 17:39:47,SPX,2026-09-18,C,7445.0,7607.1001,169.9,9.0,172.0,9.0,211.22,0.0,5589.0,0.2361,0.9042,0.0013,-4.8254,0.9404,0.7356
2026-09-16T17:40:28Z,2026-09-16 17:39:47,SPX,2026-09-18,P,7445.0,7607.1001,5.6,368.0,5.8,550.0,5.45,38.0,5928.0,0.2375,-0.0957,0.0013,-4.8445,0.9404,-0.0793
2026-09-16T17:40:28Z,2026-09-16 17:39:47,SPX,2026-09-18,C,7450.0,7607.1001,165.2,9.0,167.3,6.0,162.1,1.0,48067.0,0.234,0.8991,0.0014,-5.0529,0.9767,0.7319
2026-09-16T17:40:28Z,2026-09-16 17:39:47,SPX,2026-09-18,P,7450.0,7607.1001,5.9,508.0,6.1,339.0,5.9,2427.0,50777.0,0.2354,-0.1009,0.0014,-5.0714,0.9767,-0.0836
2026-09-16T17:40:28Z,2026-09-16 17:39:47,SPX,2026-09-18,C,7455.0,7607.1001,160.6,6.0,162.7,6.0,171.92,0.0,4428.0,0.2317,0.8937,0.0014,-5.291,1.014,0.7278
2026-09-16T17:40:28Z,2026-09-16 17:39:47,SPX,2026-09-18,P,7455.0,7607.1001,6.2,336.0,6.5,341.0,6.38,204.0,4621.0,0.2335,-0.1063,0.0014,-5.309,1.014,-0.0883
2026-09-16T17:40:28Z,2026-09-16 17:39:47,SPX,2026-09-18,C,7460.0,7607.1001,156.0,6.0,158.1,6.0,137.95,0.0,3641.0,0.2302,0.8879,0.0015,-5.54,1.052,0.7235
2026-09-16T17:40:28Z,2026-09-16 17:39:47,SPX,2026-09-18,P,7460.0,7607.1001,6.6,313.0,6.9,320.0,6.9,37.0,3678.0,0.232,-0.1121,0.0015,-5.5573,1.052,-0.0931
2026-09-16T17:40:28Z,2026-09-16 17:39:47,SPX,2026-09-18,C,7465.0,7607.1001,151.4,6.0,153.5,6.0,148.3,6.0,4291.0,0.2284,0.8818,0.0016,-5.7995,1.091,0.719
2026-09-16T17:40:28Z,2026-09-16 17:39:47,SPX,2026-09-18,P,7465.0,7607.1001,7.0,290.0,7.3,309.0,7.1,80.0,4812.0,0.2302,-0.1182,0.0016,-5.8163,1.091,-0.0982
2026-09-16T17:40:28Z,2026-09-16 17:39:47,SPX,2026-09-18,C,7470.0,7607.1001,146.8,6.0,148.9,6.0,129.35,0.0,5296.0,0.2264,0.8754,0.0017,-6.0695,1.1312,0.7142
2026-09-16T17:40:28Z,2026-09-16 17:39:47,SPX,2026-09-18,P,7470.0,7607.1001,7.4,287.0,7.7,318.0,7.4,1277.0,6203.0,0.2282,-0.1246,0.0017,-6.0857,1.1312,-0.1035
2026-09-16T17:40:28Z,2026-09-16 17:39:47,SPX,2026-09-18,C,7475.0,7607.1001,142.3,6.0,144.4,6.0,141.8,0.0,9752.0,0.2251,0.8685,0.0017,-6.3496,1.1731,0.709
2026-09-16T17:40:28Z,2026-09-16 17:39:47,SPX,2026-09-18,P,7475.0,7607.1001,7.9,273.0,8.2,349.0,7.85,944.0,10900.0,0.2268,-0.1315,0.0017,-6.3653,1.1731,-0.1092
2026-09-16T17:40:28Z,2026-09-16 17:39:47,SPX,2026-09-18,C,7480.0,7607.1001,137.7,6.0,139.8,6.0,143.64,5.0,3306.0,0.2236,0.8613,0.0018,-6.6396,1.2162,0.7034
2026-09-16T17:40:28Z,2026-09-16 17:39:47,SPX,2026-09-18,P,7480.0,7607.1001,8.4,171.0,8.6,228.0,8.45,81.0,3998.0,0.2248,-0.1387,0.0018,-6.6546,1.2162,-0.1154
2026-09-16T17:40:28Z,2026-09-16 17:39:47,SPX,2026-09-18,C,7485.0,7607.1001,133.2,6.0,135.3,6.0,161.85,0.0,4355.0,0.2217,0.8537,0.0019,-6.9391,1.2599,0.6975
2026-09-16T17:40:28Z,2026-09-16 17:39:47,SPX,2026-09-18,P,7485.0,7607.1001,8.9,188.0,9.2,247.0,8.95,62.0,4310.0,0.2233,-0.1463,0.0019,-6.9536,1.2599,-0.1218
2026-09-16T17:40:28Z,2026-09-16 17:39:47,SPX,2026-09-18,C,7490.0,7607.1001,128.8,6.0,130.9,6.0,194.88,0.0,6161.0,0.2197,0.8457,0.002,-7.2477,1.3038,0.6913
2026-09-16T17:40:28Z,2026-09-16 17:39:47,SPX,2026-09-18,P,7490.0,7607.1001,9.4,218.0,9.7,225.0,9.95,64.0,5933.0,0.2212,-0.1543,0.002,-7.2616,1.3038,-0.1286
2026-09-16T17:40:28Z,2026-09-16 17:39:47,SPX,2026-09-18,C,7495.0,7607.1001,124.4,6.0,126.5,6.0,112.25,0.0,5171.0,0.2181,0.8372,0.0021,-7.5644,1.3484,0.6849
2026-09-16T17:40:28Z,2026-09-16 17:39:47,SPX,2026-09-18,P,7495.0,7607.1001,10.0,200.0,10.3,243.0,10.14,26.0,5530.0,0.2196,-0.1628,0.0021,-7.5778,1.3484,-0.1356
2026-09-16T17:40:28Z,2026-09-16 17:39:47,SPX,2026-09-18,C,7500.0,7607.1001,120.0,7.0,122.1,7.0,126.45,23.0,61465.0,0.217,0.8284,0.0022,-7.8883,1.3942,0.678
2026-09-16T17:40:28Z,2026-09-16 17:39:47,SPX,2026-09-18,P,7500.0,7607.1001,10.7,18.0,10.9,111.0,10.8,7894.0,76536.0,0.2182,-0.1716,0.0022,-7.9011,1.3942,-0.143
2026-09-16T17:40:28Z,2026-09-16 17:39:47,SPX,2026-09-18,C,7505.0,7607.1001,115.7,7.0,117.8,7.0,144.1,0.0,2814.0,0.2149,0.819,0.0022,-8.2183,1.441,0.6706
2026-09-16T17:40:28Z,2026-09-16 17:39:47,SPX,2026-09-18,P,7505.0,7607.1001,11.3,169.0,11.6,183.0,12.14,46.0,3091.0,0.2164,-0.181,0.0022,-8.2304,1.441,-0.1509
2026-09-16T17:40:28Z,2026-09-16 17:39:47,SPX,2026-09-18,C,7510.0,7607.1001,111.5,7.0,113.5,7.0,100.55,0.0,5850.0,0.2133,0.8092,0.0023,-8.5532,1.4879,0.6628
2026-09-16T17:40:28Z,2026-09-16 17:39:47,SPX,2026-09-18,P,7510.0,7607.1001,12.0,194.0,12.3,222.0,12.31,51.0,6085.0,0.2147,-0.1908,0.0023,-8.5648,1.4879,-0.1593
2026-09-16T17:40:28Z,2026-09-16 17:39:47,SPX,2026-09-18,C,7515.0,7607.1001,107.1,7.0,109.2,7.0,260.44,0.0,3979.0,0.212,0.7989,0.0024,-8.8917,1.5343,0.6547
2026-09-16T17:40:28Z,2026-09-16 17:39:47,SPX,2026-09-18,P,7515.0,7607.1001,12.7,213.0,13.1,219.0,13.35,57.0,4374.0,0.213,-0.2011,0.0024,-8.9027,1.5343,-0.1679
2026-09-16T17:40:28Z,2026-09-16 17:39:47,SPX,2026-09-18,C,7520.0,7607.1001,103.0,7.0,105.1,7.0,129.37,0.0,5531.0,0.2104,0.7881,0.0025,-9.2323,1.5805,0.6462
2026-09-16T17:40:28Z,2026-09-16 17:39:47,SPX,2026-09-18,P,7520.0,7607.1001,13.5,121.0,13.9,135.0,14.6,297.0,7669.0,0.2118,-0.2119,0.0025,-9.2427,1.5805,-0.1769
2026-09-16T17:40:28Z,2026-09-16 17:39:47,SPX,2026-09-18,C,7525.0,7607.1001,98.8,7.0,100.9,7.0,86.55,0.0,7634.0,0.2091,0.7768,0.0026,-9.5728,1.6273,0.6373
2026-09-16T17:40:28Z,2026-09-16 17:39:47,SPX,2026-09-18,P,7525.0,7607.1001,14.4,101.0,14.7,72.0,15.0,1165.0,7617.0,0.2098,-0.2232,0.0026,-9.5826,1.6273,-0.1864
2026-09-16T17:40:28Z,2026-09-16 17:39:47,SPX,2026-09-18,C,7530.0,7607.1001,94.7,7.0,96.8,7.0,102.25,1.0,8235.0,0.2075,0.7649,0.0027,-9.9111,1.6743,0.6278
2026-09-16T17:40:28Z,2026-09-16 17:39:47,SPX,2026-09-18,P,7530.0,7607.1001,15.3,79.0,15.6,98.0,14.8,315.0,8850.0,0.2082,-0.2351,0.0027,-9.9204,1.6743,-0.1965
2026-09-16T17:40:28Z,2026-09-16 17:39:47,SPX,2026-09-18,C,7535.0,7607.1001,90.8,7.0,92.8,7.0,92.74,2.0,6190.0,0.2056,0.7526,0.0028,-10.2451,1.7202,0.6178
2026-09-16T17:40:28Z,2026-09-16 17:39:47,SPX,2026-09-18,P,7535.0,7607.1001,16.3,33.0,16.6,114.0,16.08,55.0,6051.0,0.2069,-0.2474,0.0028,-10.2538,1.7202,-0.207
2026-09-16T17:40:28Z,2026-09-16 17:39:47,SPX,2026-09-18,C,7540.0,7607.1001,87.1,12.0,88.6,12.0,95.8,8.0,6635.0,0.2045,0.7397,0.0029,-10.5726,1.7646,0.6076
2026-09-16T17:40:28Z,2026-09-16 17:39:47,SPX,2026-09-18,P,7540.0,7607.1001,17.2,103.0,17.6,113.0,16.85,106.0,7193.0,0.2049,-0.2603,0.0029,-10.5807,1.7646,-0.2178
2026-09-16T17:40:28Z,2026-09-16 17:39:47,SPX,2026-09-18,C,7545.0,7607.1001,83.2,13.0,84.5,13.0,88.18,0.0,9575.0,0.2028,0.7263,0.003,-10.891,1.8081,0.5969
2026-09-16T17:40:28Z,2026-09-16 17:39:47,SPX,2026-09-18,P,7545.0,7607.1001,18.3,101.0,18.7,111.0,19.0,42.0,10470.0,0.2038,-0.2737,0.003,-10.8986,1.8081,-0.229
2026-09-16T17:40:28Z,2026-09-16 17:39:47,SPX,2026-09-18,C,7550.0,7607.1001,79.4,13.0,80.6,13.0,78.78,47.0,36132.0,0.2013,0.7123,0.0031,-11.1973,1.8511,0.5856
2026-09-16T17:40:28Z,2026-09-16 17:39:47,SPX,2026-09-18,P,7550.0,7607.1001,19.5,94.0,19.8,68.0,19.0,980.0,47284.0,0.202,-0.2877,0.0031,-11.2042,1.8511,-0.2408
2026-09-16T17:40:28Z,2026-09-16 17:39:47,SPX,2026-09-18,C,7555.0,7607.1001,75.6,13.0,77.0,13.0,75.03,45.0,5409.0,0.1998,0.6978,0.0032,-11.4882,1.8925,0.5737
2026-09-16T17:40:28Z,2026-09-16 17:39:47,SPX,2026-09-18,P,7555.0,7607.1001,20.7,66.0,21.1,90.0,20.0,52.0,5593.0,0.2004,-0.3022,0.0032,-11.4946,1.8925,-0.2533
2026-09-16T17:40:28Z,2026-09-16 17:39:47,SPX,2026-09-18,C,7560.0,7607.1001,71.8,13.0,73.3,13.0,79.0,6.0,6505.0,0.1983,0.6828,0.0033,-11.761,1.9314,0.5616
2026-09-16T17:40:28Z,2026-09-16 17:39:47,SPX,2026-09-18,P,7560.0,7607.1001,22.0,65.0,22.3,65.0,22.62,108.0,6518.0,0.199,-0.3172,0.0033,-11.7668,1.9314,-0.266
2026-09-16T17:40:28Z,2026-09-16 17:39:47,SPX,2026-09-18,C,7565.0,7607.1001,68.2,13.0,69.5,13.0,72.92,5.0,7573.0,0.1966,0.6672,0.0034,-12.013,1.968,0.5491
2026-09-16T17:40:28Z,2026-09-16 17:39:47,SPX,2026-09-18,P,7565.0,7607.1001,23.4,27.0,23.7,83.0,23.9,41.0,7941.0,0.1978,-0.3328,0.0034,-12.0182,1.968,-0.279
2026-09-16T17:40:28Z,2026-09-16 17:39:47,SPX,2026-09-18,C,7570.0,7607.1001,64.6,14.0,66.0,14.0,72.47,5.0,5165.0,0.1957,0.651,0.0035,-12.2406,2.0027,0.536
2026-09-16T17:40:28Z,2026-09-16 17:39:47,SPX,2026-09-18,P,7570.0,7607.1001,24.8,58.0,25.2,83.0,25.3,34.0,5344.0,0.1961,-0.349,0.0035,-12.2452,2.0027,-0.2926
2026-09-16T17:40:28Z,2026-09-16 17:39:47,SPX,2026-09-18,C,7575.0,7607.1001,61.6,15.0,62.1,15.0,65.6,149.0,11776.0,0.1941,0.6344,0.0036,-12.4401,2.0349,0.5223
2026-09-16T17:40:28Z,2026-09-16 17:39:47,SPX,2026-09-18,P,7575.0,7607.1001,26.3,70.0,26.7,94.0,26.6,790.0,13673.0,0.1948,-0.3656,0.0036,-12.4442,2.0349,-0.3069
2026-09-16T17:40:28Z,2026-09-16 17:39:47,SPX,2026-09-18,C,7580.0,7607.1001,58.2,16.0,58.7,16.0,61.52,22.0,5982.0,0.1924,0.6172,0.0036,-12.6085,2.0635,0.5083
2026-09-16T17:40:28Z,2026-09-16 17:39:47,SPX,2026-09-18,P,7580.0,7607.1001,27.9,46.0,28.3,78.0,26.4,178.0,5995.0,0.1934,-0.3828,0.0036,-12.6121,2.0635,-0.3214
2026-09-16T17:40:28Z,2026-09-16 17:39:47,SPX,2026-09-18,C,7585.0,7607.1001,54.9,16.0,55.4,26.0,54.74,12.0,6103.0,0.1911,0.5996,0.0037,-12.7434,2.0885,0.4941
2026-09-16T17:40:28Z,2026-09-16 17:39:47,SPX,2026-09-18,P,7585.0,7607.1001,29.6,43.0,30.0,83.0,30.2,31.0,6285.0,0.192,-0.4004,0.0037,-12.7464,2.0885,-0.3362
2026-09-16T17:40:28Z,2026-09-16 17:39:47,SPX,2026-09-18,C,7590.0,7607.1001,51.7,13.0,52.1,34.0,57.77,27.0,10399.0,0.1898,0.5814,0.0038,-12.8416,2.1102,0.4792
2026-09-16T17:40:28Z,2026-09-16 17:39:47,SPX,2026-09-18,P,7590.0,7607.1001,31.3,38.0,31.8,56.0,31.4,152.0,12485.0,0.1902,-0.4186,0.0038,-12.844,2.1102,-0.3516
2026-09-16T17:40:28Z,2026-09-16 17:39:47,SPX,2026-09-18,C,7595.0,7607.1001,48.5,53.0,49.0,56.0,54.47,39.0,8645.0,0.188,0.5628,0.0039,-12.8996,2.128,0.4638
2026-09-16T17:40:28Z,2026-09-16 17:39:47,SPX,2026-09-18,P,7595.0,7607.1001,33.2,29.0,33.6,71.0,33.06,90.0,10603.0,0.189,-0.4372,0.0039,-12.9014,2.128,-0.3676
2026-09-16T17:40:28Z,2026-09-16 17:39:47,SPX,2026-09-18,C,7600.0,7607.1001,45.5,14.0,45.9,41.0,46.4,6933.0,57179.0,0.1868,0.5438,0.0039,-12.9151,2.1412,0.4482
2026-09-16T17:40:28Z,2026-09-16 17:39:47,SPX,2026-09-18,P,7600.0,7607.1001,35.1,61.0,35.6,84.0,35.2,4540.0,60084.0,0.1873,-0.4562,0.0039,-12.9163,2.1412,-0.3837
2026-09-16T17:40:28Z,2026-09-16 17:39:47,SPX,2026-09-18,C,7605.0,7607.1001,42.5,57.0,43.0,59.0,43.4,201.0,10314.0,0.1854,0.5243,0.004,-12.8869,2.1498,0.4324
2026-09-16T17:40:28Z,2026-09-16 17:39:47,SPX,2026-09-18,P,7605.0,7607.1001,37.2,26.0,37.6,75.0,37.3,129.0,10702.0,0.1861,-0.4757,0.004,-12.8875,2.1498,-0.4
2026-09-16T17:40:28Z,2026-09-16 17:39:47,SPX,2026-09-18,C,7610.0,7607.1001,39.6,34.0,40.0,31.0,40.2,480.0,6096.0,0.1838,0.5044,0.004,-12.8129,2.1535,0.416
2026-09-16T17:40:28Z,2026-09-16 17:39:47,SPX,2026-09-18,P,7610.0,7607.1001,39.3,26.0,39.7,60.0,39.2,390.0,6311.0,0.1845,-0.4955,0.004,-12.8129,2.1535,-0.417
2026-09-16T17:40:28Z,2026-09-16 17:39:47,SPX,2026-09-18,C,7615.0,7607.1001,36.9,20.0,37.3,47.0,38.0,162.0,6051.0,0.1821,0.4843,0.004,-12.691,2.152,0.3993
2026-09-16T17:40:28Z,2026-09-16 17:39:47,SPX,2026-09-18,P,7615.0,7607.1001,41.5,30.0,41.9,58.0,41.65,159.0,6090.0,0.1828,-0.5157,0.004,-12.6905,2.152,-0.4343
2026-09-16T17:40:28Z,2026-09-16 17:39:47,SPX,2026-09-18,C,7620.0,7607.1001,34.2,69.0,34.6,58.0,36.0,726.0,5535.0,0.1809,0.4638,0.0041,-12.5214,2.1452,0.3826
2026-09-16T17:40:28Z,2026-09-16 17:39:47,SPX,2026-09-18,P,7620.0,7607.1001,43.8,42.0,44.3,47.0,46.08,123.0,6045.0,0.1814,-0.5362,0.0041,-12.5203,2.1452,-0.4515
2026-09-16T17:40:28Z,2026-09-16 17:39:47,SPX,2026-09-18,C,7625.0,7607.1001,31.7,20.0,32.0,22.0,35.0,900.0,6936.0,0.1792,0.4432,0.0041,-12.3047,2.1329,0.3657
2026-09-16T17:40:28Z,2026-09-16 17:39:47,SPX,2026-09-18,P,7625.0,7607.1001,46.2,45.0,46.7,45.0,45.29,197.0,6922.0,0.18,-0.5568,0.0041,-12.303,2.1329,-0.469
2026-09-16T17:40:28Z,2026-09-16 17:39:47,SPX,2026-09-18,C,7630.0,7607.1001,29.2,59.0,29.6,62.0,29.2,191.0,5254.0,0.178,0.4223,0.0041,-12.0406,2.1144,0.3483
2026-09-16T17:40:28Z,2026-09-16 17:39:47,SPX,2026-09-18,P,7630.0,7607.1001,48.8,29.0,49.3,29.0,47.81,56.0,5221.0,0.1785,-0.5777,0.0041,-12.0384,2.1144,-0.4869
2026-09-16T17:40:28Z,2026-09-16 17:39:47,SPX,2026-09-18,C,7635.0,7607.1001,26.9,53.0,27.2,52.0,28.4,51.0,4839.0,0.1762,0.4014,0.004,-11.7305,2.0903,0.3311
2026-09-16T17:40:28Z,2026-09-16 17:39:47,SPX,2026-09-18,P,7635.0,7607.1001,51.4,18.0,51.9,28.0,50.31,33.0,4948.0,0.1773,-0.5986,0.004,-11.7277,2.0903,-0.5047
2026-09-16T17:40:28Z,2026-09-16 17:39:47,SPX,2026-09-18,C,7640.0,7607.1001,24.7,10.0,25.0,79.0,27.75,140.0,7763.0,0.1749,0.3805,0.004,-11.3773,2.0607,0.314
2026-09-16T17:40:28Z,2026-09-16 17:39:47,SPX,2026-09-18,P,7640.0,7607.1001,54.2,16.0,54.7,16.0,52.9,44.0,7826.0,0.1755,-0.6195,0.004,-11.3739,2.0607,-0.5224
2026-09-16T17:40:28Z,2026-09-16 17:39:47,SPX,2026-09-18,C,7645.0,7607.1001,22.5,79.0,22.9,73.0,26.39,242.0,7762.0,0.1736,0.3596,0.004,-10.9834,2.0246,0.2965
2026-09-16T17:40:28Z,2026-09-16 17:39:47,SPX,2026-09-18,P,7645.0,7607.1001,57.1,6.0,57.6,15.0,53.99,105.0,7665.0,0.1742,-0.6404,0.004,-10.9795,2.0246,-0.5403
2026-09-16T17:40:28Z,2026-09-16 17:39:47,SPX,2026-09-18,C,7650.0,7607.1001,20.6,12.0,20.9,83.0,20.95,7540.0,35802.0,0.1722,0.3388,0.0039,-10.5516,1.9827,0.2793
2026-09-16T17:40:28Z,2026-09-16 17:39:47,SPX,2026-09-18,P,7650.0,7607.1001,59.7,14.0,61.0,14.0,61.5,3858.0,35307.0,0.1728,-0.6612,0.0039,-10.547,1.9827,-0.5581
2026-09-16T17:40:28Z,2026-09-16 17:39:47,SPX,2026-09-18,C,7655.0,7607.1001,18.6,85.0,19.0,77.0,19.79,543.0,3516.0,0.1707,0.3182,0.0039,-10.0861,1.936,0.2625
2026-09-16T17:40:28Z,2026-09-16 17:39:47,SPX,2026-09-18,P,7655.0,7607.1001,62.8,13.0,64.1,13.0,81.4,0.0,3417.0,0.1714,-0.6818,0.0039,-10.0809,1.936,-0.5754
2026-09-16T17:40:28Z,2026-09-16 17:39:47,SPX,2026-09-18,C,7660.0,7607.1001,16.9,65.0,17.2,83.0,16.85,430.0,5134.0,0.1694,0.298,0.0038,-9.5915,1.8834,0.2457
2026-09-16T17:40:28Z,2026-09-16 17:39:47,SPX,2026-09-18,P,7660.0,7607.1001,65.9,13.0,67.3,13.0,65.08,7.0,5189.0,0.1707,-0.702,0.0038,-9.5858,1.8834,-0.5928
2026-09-16T17:40:28Z,2026-09-16 17:39:47,SPX,2026-09-18,C,7665.0,7607.1001,15.2,90.0,15.6,108.0,18.5,49.0,4356.0,0.1682,0.2781,0.0037,-9.0718,1.8251,0.2291
2026-09-16T17:40:28Z,2026-09-16 17:39:47,SPX,2026-09-18,P,7665.0,7607.1001,69.4,13.0,70.6,5.0,62.8,2.0,4498.0,0.1692,-0.7219,0.0037,-9.0656,1.8251,-0.61
2026-09-16T17:40:28Z,2026-09-16 17:39:47,SPX,2026-09-18,C,7670.0,7607.1001,13.7,69.0,14.0,87.0,14.8,131.0,9812.0,0.1668,0.2586,0.0036,-8.5322,1.7631,0.2131
2026-09-16T17:40:28Z,2026-09-16 17:39:47,SPX,2026-09-18,P,7670.0,7607.1001,72.7,13.0,74.1,13.0,67.31,91.0,9914.0,0.1676,-0.7414,0.0036,-8.5253,1.7631,-0.6264
2026-09-16T17:40:28Z,2026-09-16 17:39:47,SPX,2026-09-18,C,7675.0,7607.1001,12.3,113.0,12.6,118.0,12.52,770.0,8759.0,0.1655,0.2395,0.0035,-7.9785,1.6964,0.1973
2026-09-16T17:40:28Z,2026-09-16 17:39:47,SPX,2026-09-18,P,7675.0,7607.1001,76.0,7.0,78.0,7.0,74.78,29.0,8651.0,0.1666,-0.7604,0.0035,-7.9711,1.6964,-0.6428
2026-09-16T17:40:28Z,2026-09-16 17:39:47,SPX,2026-09-18,C,7680.0,7607.1001,11.0,14.0,11.3,82.0,11.8,632.0,12689.0,0.1644,0.2211,0.0033,-7.4161,1.6248,0.1819
2026-09-16T17:40:28Z,2026-09-16 17:39:47,SPX,2026-09-18,P,7680.0,7607.1001,79.7,7.0,81.7,7.0,71.37,2.0,7551.0,0.1653,-0.7789,0.0033,-7.4081,1.6248,-0.6587
2026-09-16T17:40:28Z,2026-09-16 17:39:47,SPX,2026-09-18,C,7685.0,7607.1001,9.8,14.0,10.0,78.0,10.2,312.0,8373.0,0.163,0.2032,0.0032,-6.851,1.551,0.1674
2026-09-16T17:40:28Z,2026-09-16 17:39:47,SPX,2026-09-18,P,7685.0,7607.1001,80.0,5.0,85.6,7.0,89.13,3.0,8473.0,0.164,-0.7968,0.0032,-6.8424,1.551,-0.6739
2026-09-16T17:40:28Z,2026-09-16 17:39:47,SPX,2026-09-18,C,7690.0,7607.1001,8.6,226.0,8.9,195.0,8.95,2110.0,7958.0,0.162,0.186,0.0031,-6.2902,1.4741,0.1531
2026-09-16T17:40:28Z,2026-09-16 17:39:47,SPX,2026-09-18,P,7690.0,7607.1001,84.2,5.0,89.5,7.0,78.65,2060.0,7761.0,0.163,-0.8139,0.0031,-6.281,1.4741,-0.6887
2026-09-16T17:40:28Z,2026-09-16 17:39:47,SPX,2026-09-18,C,7695.0,7607.1001,7.6,236.0,7.9,230.0,8.0,173.0,8677.0,0.1611,0.1696,0.0029,-5.7402,1.394,0.1394
2026-09-16T17:40:28Z,2026-09-16 17:39:47,SPX,2026-09-18,P,7695.0,7607.1001,87.7,5.0,93.5,7.0,114.19,0.0,7743.0,0.1625,-0.8304,0.0029,-5.7304,1.394,-0.7029
2026-09-16T17:40:28Z,2026-09-16 17:39:47,SPX,2026-09-18,C,7700.0,7607.1001,6.7,280.0,7.0,255.0,6.8,8225.0,59311.0,0.1602,0.1541,0.0027,-5.2072,1.314,0.1267
2026-09-16T17:40:28Z,2026-09-16 17:39:47,SPX,2026-09-18,P,7700.0,7607.1001,95.4,6.0,97.5,6.0,95.6,3353.0,59136.0,0.1618,-0.8459,0.0027,-5.1968,1.314,-0.7162
2026-09-16T17:40:28Z,2026-09-16 17:39:47,SPX,2026-09-18,C,7705.0,7607.1001,5.9,217.0,6.2,274.0,6.02,86.0,3045.0,0.1596,0.1394,0.0026,-4.6979,1.233,0.1144
2026-09-16T17:40:28Z,2026-09-16 17:39:47,SPX,2026-09-18,P,7705.0,7607.1001,99.6,6.0,101.7,6.0,96.43,2.0,2749.0,0.1612,-0.8606,0.0026,-4.687,1.233,-0.729
2026-09-16T17:40:28Z,2026-09-16 17:39:47,SPX,2026-09-18,C,7710.0,7607.1001,5.2,362.0,5.4,272.0,5.36,167.0,5747.0,0.1587,0.1257,0.0024,-4.2179,1.1517,0.1031
2026-09-16T17:40:28Z,2026-09-16 17:39:47,SPX,2026-09-18,P,7710.0,7607.1001,100.8,5.0,105.9,6.0,112.5,0.0,5313.0,0.161,-0.8743,0.0024,-4.2064,1.1517,-0.7409
2026-09-16T17:40:28Z,2026-09-16 17:39:47,SPX,2026-09-18,C,7715.0,7607.1001,4.5,409.0,4.8,408.0,5.02,55.0,4571.0,0.1581,0.113,0.0022,-3.7711,1.0731,0.0927
2026-09-16T17:40:28Z,2026-09-16 17:39:47,SPX,2026-09-18,P,7715.0,7607.1001,108.2,6.0,110.3,6.0,102.56,2.0,4203.0,0.1601,-0.887,0.0022,-3.759,1.0731,-0.7518
2026-09-16T17:40:28Z,2026-09-16 17:39:47,SPX,2026-09-18,C,7720.0,7607.1001,4.0,162.0,4.2,417.0,4.4,97.0,12659.0,0.1579,0.1013,0.0021,-3.361,0.9962,0.083
2026-09-16T17:40:28Z,2026-09-16 17:39:47,SPX,2026-09-18,P,7720.0,7607.1001,112.6,6.0,114.7,6.0,99.8,19.0,12875.0,0.1595,-0.8987,0.0021,-3.3484,0.9962,-0.7621
2026-09-16T17:40:28Z,2026-09-16 17:39:47,SPX,2026-09-18,C,7725.0,7607.1001,3.5,218.0,3.7,538.0,3.8,728.0,10051.0,0.1576,0.0908,0.0019,-2.989,0.9219,0.0743
2026-09-16T17:40:28Z,2026-09-16 17:39:47,SPX,2026-09-18,P,7725.0,7607.1001,117.1,6.0,119.2,6.0,118.1,1.0,9814.0,0.1594,-0.9092,0.0019,-2.9758,0.9219,-0.7713
2026-09-16T17:40:28Z,2026-09-16 17:39:47,SPX,2026-09-18,C,7730.0,7607.1001,3.0,526.0,3.2,398.0,3.42,109.0,6533.0,0.1567,0.0812,0.0018,-2.6546,0.8524,0.0665
2026-09-16T17:40:28Z,2026-09-16 17:39:47,SPX,2026-09-18,P,7730.0,7607.1001,117.4,2.0,123.8,6.0,123.65,7.0,5405.0,0.1599,-0.9188,0.0018,-2.6408,0.8524,-0.7797
2026-09-16T17:40:28Z,2026-09-16 17:39:47,SPX,2026-09-18,C,7735.0,7607.1001,2.65,424.0,2.8,273.0,2.81,156.0,5558.0,0.1568,0.0726,0.0016,-2.3572,0.7865,0.0593
2026-09-16T17:40:28Z,2026-09-16 17:39:47,SPX,2026-09-18,P,7735.0,7607.1001,120.7,5.0,128.4,6.0,133.99,1.0,4978.0,0.1599,-0.9274,0.0016,-2.3428,0.7865,-0.7874
2026-09-16T17:40:28Z,2026-09-16 17:39:47,SPX,2026-09-18,C,7740.0,7607.1001,2.3,397.0,2.45,164.0,2.6,1912.0,8762.0,0.1566,0.065,0.0015,-2.0943,0.7246,0.0531
2026-09-16T17:40:28Z,2026-09-16 17:39:47,SPX,2026-09-18,P,7740.0,7607.1001,130.9,6.0,133.0,6.0,138.64,2.0,7129.0,0.16,-0.935,0.0015,-2.0794,0.7246,-0.7942
2026-09-16T17:40:28Z,2026-09-16 17:39:47,SPX,2026-09-18,C,7745.0,7607.1001,2.0,517.0,2.15,253.0,2.35,47.0,3549.0,0.1566,0.0582,0.0014,-1.863,0.6679,0.0475
2026-09-16T17:40:28Z,2026-09-16 17:39:47,SPX,2026-09-18,P,7745.0,7607.1001,135.6,6.0,137.7,6.0,131.8,0.0,3479.0,0.1604,-0.9418,0.0014,-1.8474,0.6679,-0.8003
2026-09-16T17:40:28Z,2026-09-16 17:39:47,SPX,2026-09-18,C,7750.0,7607.1001,1.75,763.0,1.9,444.0,2.0,2924.0,31234.0,0.1569,0.0522,0.0013,-1.6604,0.6157,0.0425
2026-09-16T17:40:28Z,2026-09-16 17:39:47,SPX,2026-09-18,P,7750.0,7607.1001,133.9,5.0,142.5,6.0,148.6,11.0,25805.0,0.1594,-0.9478,0.0013,-1.6442,0.6157,-0.8058
2026-09-16T17:40:28Z,2026-09-16 17:39:47,SPX,2026-09-18,C,7755.0,7607.1001,1.55,171.0,1.65,162.0,1.65,21.0,9306.0,0.1571,0.0469,0.0012,-1.4835,0.5672,0.0382
2026-09-16T17:40:28Z,2026-09-16 17:39:47,SPX,2026-09-18,P,7755.0,7607.1001,145.1,6.0,147.2,6.0,123.33,0.0,9061.0,0.1604,-0.9531,0.0012,-1.4668,0.5672,-0.8107
2026-09-16T17:40:28Z,2026-09-16 17:39:47,SPX,2026-09-18,C,7760.0,7607.1001,1.35,869.0,1.5,1048.0,1.55,48.0,6200.0,0.1579,0.0422,0.001,-1.3289,0.5232,0.0344
2026-09-16T17:40:28Z,2026-09-16 17:39:47,SPX,2026-09-18,P,7760.0,7607.1001,149.9,6.0,152.0,6.0,174.69,0.0,5809.0,0.161,-0.9578,0.001,-1.3117,0.5232,-0.8151
2026-09-16T17:40:28Z,2026-09-16 17:39:47,SPX,2026-09-18,C,7765.0,7607.1001,1.2,190.0,1.3,258.0,1.52,76.0,8640.0,0.1583,0.0381,0.001,-1.1941,0.4834,0.031
2026-09-16T17:40:28Z,2026-09-16 17:39:47,SPX,2026-09-18,P,7765.0,7607.1001,149.0,5.0,156.9,6.0,174.7,0.0,8490.0,0.1632,-0.9619,0.001,-1.1762,0.4834,-0.819
2026-09-16T17:40:28Z,2026-09-16 17:39:47,SPX,2026-09-18,C,7770.0,7607.1001,1.05,816.0,1.2,1007.0,1.2,97.0,10467.0,0.1588,0.0345,0.0009,-1.0765,0.447,0.028
2026-09-16T17:40:28Z,2026-09-16 17:39:47,SPX,2026-09-18,P,7770.0,7607.1001,159.6,6.0,161.7,6.0,161.12,1.0,10150.0,0.1642,-0.9655,0.0009,-1.0581,0.447,-0.8226
2026-09-16T17:40:28Z,2026-09-16 17:39:47,SPX,2026-09-18,C,7775.0,7607.1001,0.95,219.0,1.05,673.0,1.0,977.0,14564.0,0.1602,0.0313,0.0008,-0.974,0.4137,0.0254
2026-09-16T17:40:28Z,2026-09-16 17:39:47,SPX,2026-09-18,P,7775.0,7607.1001,164.5,6.0,166.6,6.0,191.8,0.0,11160.0,0.1661,-0.9687,0.0008,-0.955,0.4137,-0.8257
2026-09-16T17:40:28Z,2026-09-16 17:39:47,SPX,2026-09-18,C,7780.0,7607.1001,0.85,223.0,0.95,737.0,0.9,34.0,13391.0,0.1613,0.0285,0.0007,-0.8844,0.3837,0.0231
2026-09-16T17:40:28Z,2026-09-16 17:39:47,SPX,2026-09-18,P,7780.0,7607.1001,169.5,56.0,171.6,9.0,190.4,0.0,11335.0,0.1665,-0.9715,0.0007,-0.8648,0.3837,-0.8285
2026-09-16T17:40:28Z,2026-09-16 17:39:47,SPX,2026-09-18,C,7785.0,7607.1001,0.75,224.0,0.85,498.0,0.85,344.0,6308.0,0.1621,0.026,0.0007,-0.8058,0.3566,0.0211
2026-09-16T17:40:28Z,2026-09-16 17:39:47,SPX,2026-09-18,P,7785.0,7607.1001,174.3,9.0,176.4,9.0,123.32,0.0,5880.0,0.1663,-0.974,0.0007,-0.7857,0.3566,-0.8311
2026-09-16T17:40:28Z,2026-09-16 17:39:47,SPX,2026-09-18,C,7790.0,7607.1001,0.65,1386.0,0.8,1535.0,0.75,475.0,3601.0,0.1635,0.0238,0.0006,-0.7371,0.3321,0.0192
2026-09-16T17:40:28Z,2026-09-16 17:39:47,SPX,2026-09-18,P,7790.0,7607.1001,179.4,56.0,181.4,9.0,170.87,12.0,3125.0,0.1718,-0.9762,0.0006,-0.7164,0.3321,-0.8335
2026-09-16T17:40:28Z,2026-09-16 17:39:47,SPX,2026-09-18,C,7795.0,7607.1001,0.6,1469.0,0.7,214.0,0.68,54.0,2541.0,0.1645,0.0218,0.0006,-0.6768,0.3097,0.0176
2026-09-16T17:40:28Z,2026-09-16 17:39:47,SPX,2026-09-18,P,7795.0,7607.1001,184.4,56.0,186.4,9.0,185.64,1.0,2535.0,0.1743,-0.9782,0.0006,-0.6555,0.3097,-0.8356
2026-09-16T17:40:28Z,2026-09-16 17:39:47,SPX,2026-09-18,C,7800.0,7607.1001,0.55,641.0,0.65,343.0,0.65,1111.0,44324.0,0.1662,0.0201,0.0005,-0.6237,0.2893,0.0162
2026-09-16T17:40:28Z,2026-09-16 17:39:47,SPX,2026-09-18,P,7800.0,7607.1001,189.2,56.0,191.2,9.0,181.23,27.0,25747.0,0.1751,-0.9799,0.0005,-0.6018,0.2893,-0.8376
2026-09-16T17:40:28Z,2026-09-16 17:39:47,SPX,2026-09-18,C,7805.0,7607.1001,0.5,495.0,0.6,399.0,0.68,318.0,5657.0,0.1678,0.0186,0.0005,-0.5769,0.2709,0.015
2026-09-16T17:40:28Z,2026-09-16 17:39:47,SPX,2026-09-18,P,7805.0,7607.1001,194.0,9.0,196.2,9.0,206.3,0.0,4311.0,0.1755,-0.9814,0.0005,-0.5544,0.2709,-0.8394
2026-09-16T17:40:28Z,2026-09-16 17:39:47,SPX,2026-09-18,C,7810.0,7607.1001,0.45,729.0,0.6,1761.0,0.55,30.0,4283.0,0.1703,0.0172,0.0005,-0.5354,0.2544,0.0139
2026-09-16T17:40:28Z,2026-09-16 17:39:47,SPX,2026-09-18,P,7810.0,7607.1001,199.0,9.0,201.1,9.0,172.2,0.0,3841.0,0.1756,-0.9828,0.0005,-0.5124,0.2544,-0.841
2026-09-16T17:40:28Z,2026-09-16 17:39:47,SPX,2026-09-18,C,7815.0,7607.1001,0.45,98.0,0.55,1165.0,0.5,18.0,3922.0,0.1727,0.016,0.0004,-0.4987,0.2393,0.0129
2026-09-16T17:40:28Z,2026-09-16 17:39:47,SPX,2026-09-18,P,7815.0,7607.1001,197.9,1.0,206.2,6.0,209.7,0.0,3728.0,0.1793,-0.984,0.0004,-0.4751,0.2393,-0.8426
2026-09-16T17:40:28Z,2026-09-16 17:39:47,SPX,2026-09-18,C,7820.0,7607.1001,0.4,441.0,0.5,695.0,0.55,88.0,2654.0,0.1737,0.0149,0.0004,-0.4661,0.2255,0.012
2026-09-16T17:40:28Z,2026-09-16 17:39:47,SPX,2026-09-18,P,7820.0,7607.1001,208.9,6.0,211.1,6.0,208.79,0.0,2104.0,0.1831,-0.9851,0.0004,-0.4419,0.2255,-0.844
2026-09-16T17:40:28Z,2026-09-16 17:39:47,SPX,2026-09-18,C,7825.0,7607.1001,0.35,1731.0,0.5,1844.0,0.45,246.0,7367.0,0.1759,0.0139,0.0004,-0.4371,0.2129,0.0112
2026-09-16T17:40:28Z,2026-09-16 17:39:47,SPX,2026-09-18,P,7825.0,7607.1001,208.3,1.0,216.0,6.0,187.9,0.0,3613.0,0.1869,-0.9861,0.0004,-0.4123,0.2129,-0.8454
2026-09-16T17:40:28Z,2026-09-16 17:39:47,SPX,2026-09-18,C,7830.0,7607.1001,0.35,335.0,0.45,885.0,0.55,9.0,2623.0,0.178,0.013,0.0003,-0.4111,0.2013,0.0105
2026-09-16T17:40:28Z,2026-09-16 17:39:47,SPX,2026-09-18,P,7830.0,7607.1001,208.8,1.0,221.1,6.0,220.59,0.0,2253.0,0.1862,-0.987,0.0003,-0.3858,0.2013,-0.8466
2026-09-16T17:40:28Z,2026-09-16 17:39:47,SPX,2026-09-18,C,7835.0,7607.1001,0.3,1722.0,0.45,1919.0,0.4,32.0,1823.0,0.1799,0.0122,0.0003,-0.3878,0.1908,0.0098
2026-09-16T17:40:28Z,2026-09-16 17:39:47,SPX,2026-09-18,P,7835.0,7607.1001,213.3,1.0,233.8,1.0,167.44,0.0,1574.0,0.0,-0.9878,0.0003,-0.3619,0.1908,-0.8478
2026-09-16T17:40:28Z,2026-09-16 17:39:47,SPX,2026-09-18,C,7840.0,7607.1001,0.3,737.0,0.4,668.0,0.45,28.0,996.0,0.1817,0.0115,0.0003,-0.3668,0.1812,0.0093
2026-09-16T17:40:28Z,2026-09-16 17:39:47,SPX,2026-09-18,P,7840.0,7607.1001,219.4,1.0,238.1,2.0,121.89,0.0,240.0,0.0,-0.9885,0.0003,-0.3403,0.1812,-0.8489
2026-09-16T17:40:28Z,2026-09-16 17:39:47,SPX,2026-09-18,C,7845.0,7607.1001,0.3,145.0,0.4,1108.0,0.45,20.0,229.0,0.1851,0.0109,0.0003,-0.3478,0.1724,0.0087
2026-09-16T17:40:28Z,2026-09-16 17:39:47,SPX,2026-09-18,P,7845.0,7607.1001,224.1,1.0,243.4,2.0,218.0,0.0,34.0,0.0,-0.9891,0.0003,-0.3208,0.1724,-0.85
2026-09-16T17:40:28Z,2026-09-16 17:39:47,SPX,2026-09-18,C,7850.0,7607.1001,0.25,1214.0,0.4,2236.0,0.35,133.0,12520.0,0.1867,0.0103,0.0003,-0.3307,0.1643,0.0082
2026-09-16T17:40:28Z,2026-09-16 17:39:47,SPX,2026-09-18,P,7850.0,7607.1001,228.5,1.0,248.2,2.0,183.12,0.0,383.0,0.0,-0.9897,0.0003,-0.303,0.1643,-0.851
2026-09-16T17:40:28Z,2026-09-16 17:39:47,SPX,2026-09-18,C,7855.0,7607.1001,0.25,776.0,0.35,437.0,0.35,23.0,2153.0,0.1882,0.0097,0.0002,-0.3151,0.1568,0.0078
2026-09-16T17:40:28Z,2026-09-16 17:39:47,SPX,2026-09-18,P,7855.0,7607.1001,233.5,2.0,253.6,1.0,150.59,0.0,39.0,0.0,-0.9903,0.0002,-0.2869,0.1568,-0.852
2026-09-16T17:40:28Z,2026-09-16 17:39:47,SPX,2026-09-18,C,7860.0,7607.1001,0.25,448.0,0.35,1309.0,0.35,34.0,1408.0,0.1915,0.0092,0.0002,-0.301,0.1499,0.0074
2026-09-16T17:40:28Z,2026-09-16 17:39:47,SPX,2026-09-18,P,7860.0,7607.1001,238.5,1.0,258.7,1.0,217.8,0.0,507.0,0.0,-0.9908,0.0002,-0.2722,0.1499,-0.853
2026-09-16T17:40:28Z,2026-09-16 17:39:47,SPX,2026-09-18,C,7865.0,7607.1001,0.25,115.0,0.35,2034.0,0.35,16.0,448.0,0.1948,0.0088,0.0002,-0.288,0.1434,0.007
2026-09-16T17:40:28Z,2026-09-16 17:39:47,SPX,2026-09-18,P,7865.0,7607.1001,243.5,2.0,263.7,1.0,132.83,0.0,39.0,0.0,-0.9912,0.0002,-0.2586,0.1434,-0.8539
2026-09-16T17:40:28Z,2026-09-16 17:39:47,SPX,2026-09-18,C,7870.0,7607.1001,0.2,1750.0,0.35,2197.0,0.3,21.0,1327.0,0.1959,0.0084,0.0002,-0.2767,0.1377,0.0067
2026-09-16T17:40:28Z,2026-09-16 17:39:47,SPX,2026-09-18,P,7870.0,7607.1001,248.5,1.0,268.7,1.0,194.56,0.0,52.0,0.0,-0.9916,0.0002,-0.2462,0.1374,-0.8548
2026-09-16T17:40:28Z,2026-09-16 17:39:47,SPX,2026-09-18,C,7875.0,7607.1001,0.2,1884.0,0.3,262.0,0.3,15.0,6056.0,0.197,0.008,0.0002,-0.2657,0.132,0.0064
2026-09-16T17:40:28Z,2026-09-16 17:39:47,SPX,2026-09-18,P,7875.0,7607.1001,253.5,1.0,273.1,2.0,188.24,0.0,41.0,0.0,-0.992,0.0002,-0.2348,0.1318,-0.8556
2026-09-16T17:40:28Z,2026-09-16 17:39:47,SPX,2026-09-18,C,7880.0,7607.1001,0.2,1442.0,0.3,461.0,0.3,27.0,840.0,0.2002,0.0076,0.0002,-0.2557,0.1268,0.0061
2026-09-16T17:40:28Z,2026-09-16 17:39:47,SPX,2026-09-18,P,7880.0,7607.1001,258.5,2.0,278.7,1.0,197.1,0.0,4.0,0.0,-0.9924,0.0002,-0.2241,0.1266,-0.8565
2026-09-16T17:40:28Z,2026-09-16 17:39:47,SPX,2026-09-18,C,7885.0,7607.1001,0.2,646.0,0.3,1564.0,0.3,16.0,457.0,0.2034,0.0073,0.0002,-0.2463,0.122,0.0058
2026-09-16T17:40:28Z,2026-09-16 17:39:47,SPX,2026-09-18,P,7885.0,7607.1001,263.7,1.0,283.6,1.0,152.43,0.0,8.0,0.0,-0.9927,0.0002,-0.2142,0.1218,-0.8573
2026-09-16T17:40:28Z,2026-09-16 17:39:47,SPX,2026-09-18,C,7890.0,7607.1001,0.2,444.0,0.3,1895.0,0.3,25.0,1080.0,0.2066,0.007,0.0002,-0.2377,0.1175,0.0056
2026-09-16T17:40:28Z,2026-09-16 17:39:47,SPX,2026-09-18,P,7890.0,7607.1001,268.4,2.0,288.6,1.0,301.16,0.0,64.0,0.0,-0.993,0.0002,-0.2051,0.1173,-0.8581
2026-09-16T17:40:28Z,2026-09-16 17:39:47,SPX,2026-09-18,C,7895.0,7607.1001,0.2,185.0,0.3,1996.0,0.2,9.0,533.0,0.2099,0.0067,0.0002,-0.2296,0.1132,0.0054
2026-09-16T17:40:28Z,2026-09-16 17:39:47,SPX,2026-09-18,P,7895.0,7607.1001,273.4,1.0,293.6,1.0,160.95,0.0,5.0,0.0,-0.9933,0.0002,-0.1965,0.1131,-0.8588
2026-09-16T17:40:28Z,2026-09-16 17:39:47,SPX,2026-09-18,C,7900.0,7607.1001,0.15,2317.0,0.3,2315.0,0.24,129.0,22477.0,0.2105,0.0065,0.0002,-0.2222,0.1093,0.0052
2026-09-16T17:40:28Z,2026-09-16 17:39:47,SPX,2026-09-18,P,7900.0,7607.1001,279.1,1.0,298.3,2.0,281.1,2.0,1010.0,0.0,-0.9936,0.0002,-0.1885,0.1091,-0.8596
2026-09-16T17:40:28Z,2026-09-16 17:39:47,SPX,2026-09-18,C,7905.0,7607.1001,0.15,2055.0,0.25,212.0,0.25,4.0,425.0,0.2109,0.0062,0.0001,-0.2152,0.1056,0.005
2026-09-16T17:40:28Z,2026-09-16 17:39:47,SPX,2026-09-18,P,7905.0,7607.1001,283.4,1.0,303.5,2.0,233.2,0.0,2.0,0.0,-0.9938,0.0001,-0.181,0.1054,-0.8604
2026-09-16T17:40:28Z,2026-09-16 17:39:47,SPX,2026-09-18,C,7910.0,7607.1001,0.15,1877.0,0.25,523.0,0.19,8.0,1497.0,0.214,0.006,0.0001,-0.2087,0.1021,0.0048
2026-09-16T17:40:28Z,2026-09-16 17:39:47,SPX,2026-09-18,P,7910.0,7607.1001,288.3,1.0,308.6,1.0,357.9,0.0,3.0,0.0,-0.994,0.0001,-0.1739,0.1019,-0.8611
2026-09-16T17:40:28Z,2026-09-16 17:39:47,SPX,2026-09-18,C,7915.0,7607.1001,0.15,1625.0,0.25,532.0,0.25,10.0,767.0,0.2171,0.0058,0.0001,-0.2027,0.0988,0.0046
2026-09-16T17:40:28Z,2026-09-16 17:39:47,SPX,2026-09-18,P,7915.0,7607.1001,293.6,1.0,313.6,1.0,0.0,0.0,3.0,0.0,-0.9942,0.0001,-0.1673,0.0986,-0.8618
2026-09-16T17:40:28Z,2026-09-16 17:39:47,SPX,2026-09-18,C,7920.0,7607.1001,0.15,1260.0,0.25,1095.0,0.25,9.0,642.0,0.2202,0.0056,0.0001,-0.197,0.0956,0.0044
2026-09-16T17:40:28Z,2026-09-16 17:39:47,SPX,2026-09-18,P,7920.0,7607.1001,298.6,1.0,318.6,1.0,296.57,3.0,44.0,0.0,-0.9944,0.0001,-0.161,0.0955,-0.8625
2026-09-16T17:40:28Z,2026-09-16 17:39:47,SPX,2026-09-18,C,7925.0,7607.1001,0.15,1443.0,0.25,1662.0,0.22,197.0,4290.0,0.2234,0.0054,0.0001,-0.1916,0.0926,0.0043
2026-09-16T17:40:28Z,2026-09-16 17:39:47,SPX,2026-09-18,P,7925.0,7607.1001,303.3,2.0,323.6,1.0,185.8,0.0,57.0,0.0,-0.9946,0.0001,-0.1551,0.0925,-0.8632
2026-09-16T17:40:28Z,2026-09-16 17:39:47,SPX,2026-09-18,C,7930.0,7607.1001,0.15,1279.0,0.25,1798.0,0.2,17.0,599.0,0.2264,0.0052,0.0001,-0.1866,0.0898,0.0041
2026-09-16T17:40:28Z,2026-09-16 17:39:47,SPX,2026-09-18,P,7930.0,7607.1001,308.4,1.0,328.6,1.0,330.54,0.0,64.0,0.0,-0.9948,0.0001,-0.1495,0.0897,-0.8639
2026-09-16T17:40:28Z,2026-09-16 17:39:47,SPX,2026-09-18,C,7935.0,7607.1001,0.15,1096.0,0.25,1920.0,0.2,3.0,619.0,0.2296,0.005,0.0001,-0.1818,0.0871,0.004
2026-09-16T17:40:28Z,2026-09-16 17:39:47,SPX,2026-09-18,P,7935.0,7607.1001,313.4,1.0,333.6,1.0,208.6,0.0,3.0,0.0,-0.995,0.0001,-0.1442,0.087,-0.8646
2026-09-16T17:40:28Z,2026-09-16 17:39:47,SPX,2026-09-18,C,7940.0,7607.1001,0.15,1102.0,0.25,1985.0,0.2,29.0,804.0,0.2326,0.0049,0.0001,-0.1773,0.0845,0.0039
2026-09-16T17:40:28Z,2026-09-16 17:39:47,SPX,2026-09-18,P,7940.0,7607.1001,319.0,1.0,338.6,1.0,192.65,0.0,5.0,0.0,-0.9951,0.0001,-0.1392,0.0845,-0.8653
2026-09-16T17:40:28Z,2026-09-16 17:39:47,SPX,2026-09-18,C,7945.0,7607.1001,0.1,2358.0,0.25,2158.0,0.2,6.0,578.0,0.2324,0.0047,0.0001,-0.1731,0.0821,0.0038
2026-09-16T17:40:28Z,2026-09-16 17:39:47,SPX,2026-09-18,P,7945.0,7607.1001,323.3,2.0,343.5,1.0,0.0,0.0,0.0,0.0,-0.9953,0.0001,-0.1344,0.0821,-0.866
2026-09-16T17:40:28Z,2026-09-16 17:39:47,SPX,2026-09-18,C,7950.0,7607.1001,0.1,2404.0,0.25,2100.0,0.2,3.0,7079.0,0.2355,0.0046,0.0001,-0.1689,0.0798,0.0036
2026-09-16T17:40:28Z,2026-09-16 17:39:47,SPX,2026-09-18,P,7950.0,7607.1001,328.5,1.0,348.5,1.0,208.1,0.0,105.0,0.0,-0.9954,0.0001,-0.1298,0.0798,-0.8666
2026-09-16T17:40:28Z,2026-09-16 17:39:47,SPX,2026-09-18,C,7955.0,7607.1001,0.1,2226.0,0.2,266.0,0.2,3.0,323.0,0.2347,0.0044,0.0001,-0.1652,0.0776,0.0035
2026-09-16T17:40:28Z,2026-09-16 17:39:47,SPX,2026-09-18,P,7955.0,7607.1001,333.3,1.0,353.5,3.0,267.0,0.0,19.0,0.0,-0.9956,0.0001,-0.1255,0.0777,-0.8673
2026-09-16T17:40:28Z,2026-09-16 17:39:47,SPX,2026-09-18,C,7960.0,7607.1001,0.1,2095.0,0.2,311.0,0.2,3.0,7165.0,0.2377,0.0043,0.0001,-0.1616,0.0756,0.0034
2026-09-16T17:40:28Z,2026-09-16 17:39:47,SPX,2026-09-18,P,7960.0,7607.1001,338.5,1.0,358.5,1.0,234.22,0.0,1.0,0.0,-0.9957,0.0001,-0.1213,0.0756,-0.8679
2026-09-16T17:40:28Z,2026-09-16 17:39:47,SPX,2026-09-18,C,7965.0,7607.1001,0.1,1924.0,0.2,518.0,0.2,5.0,395.0,0.2407,0.0042,0.0001,-0.1582,0.0736,0.0033
2026-09-16T17:40:28Z,2026-09-16 17:39:47,SPX,2026-09-18,P,7965.0,7607.1001,343.3,1.0,363.5,3.0,0.0,0.0,6.0,0.0,-0.9958,0.0001,-0.1173,0.0737,-0.8686
2026-09-16T17:40:28Z,2026-09-16 17:39:47,SPX,2026-09-18,C,7970.0,7607.1001,0.1,1832.0,0.2,518.0,0.2,5.0,1604.0,0.2437,0.0041,0.0001,-0.1549,0.0718,0.0032
2026-09-16T17:40:28Z,2026-09-16 17:39:47,SPX,2026-09-18,P,7970.0,7607.1001,348.3,1.0,368.5,1.0,241.47,0.0,9.0,0.0,-0.9959,0.0001,-0.1135,0.0718,-0.8692
2026-09-16T17:40:28Z,2026-09-16 17:39:47,SPX,2026-09-18,C,7975.0,7607.1001,0.1,1697.0,0.2,685.0,0.2,8.0,4868.0,0.2466,0.004,0.0001,-0.1518,0.07,0.0031
2026-09-16T17:40:28Z,2026-09-16 17:39:47,SPX,2026-09-18,P,7975.0,7607.1001,353.3,1.0,373.5,1.0,262.02,0.0,15.0,0.0,-0.996,0.0001,-0.1098,0.07,-0.8698
2026-09-16T17:40:28Z,2026-09-16 17:39:47,SPX,2026-09-18,C,7980.0,7607.1001,0.1,1415.0,0.2,815.0,0.11,0.0,943.0,0.2492,0.0039,0.0001,-0.1494,0.0686,0.0031
2026-09-16T17:40:28Z,2026-09-16 17:39:47,SPX,2026-09-18,P,7980.0,7607.1001,358.3,1.0,378.5,1.0,333.97,0.0,23.0,0.0,-0.9961,0.0001,-0.1063,0.0683,-0.8705
2026-09-16T17:40:28Z,2026-09-16 17:39:47,SPX,2026-09-18,C,7985.0,7607.1001,0.1,1340.0,0.2,1181.0,0.15,0.0,111.0,0.2521,0.0038,0.0001,-0.1466,0.067,0.003
2026-09-16T17:40:28Z,2026-09-16 17:39:47,SPX,2026-09-18,P,7985.0,7607.1001,363.2,1.0,383.3,1.0,0.0,0.0,0.0,0.0,-0.9962,0.0001,-0.1029,0.0667,-0.8711
2026-09-16T17:40:28Z,2026-09-16 17:39:47,SPX,2026-09-18,C,7990.0,7607.1001,0.1,1497.0,0.2,1511.0,0.2,108.0,915.0,0.2551,0.0037,0.0001,-0.1439,0.0654,0.0029
2026-09-16T17:40:28Z,2026-09-16 17:39:47,SPX,2026-09-18,P,7990.0,7607.1001,368.2,1.0,388.5,1.0,315.84,0.0,29.0,0.0,-0.9963,0.0001,-0.0997,0.0652,-0.8717
2026-09-16T17:40:28Z,2026-09-16 17:39:47,SPX,2026-09-18,C,7995.0,7607.1001,0.1,1465.0,0.2,1723.0,0.13,0.0,377.0,0.258,0.0036,0.0001,-0.1413,0.0639,0.0028
2026-09-16T17:40:28Z,2026-09-16 17:39:47,SPX,2026-09-18,P,7995.0,7607.1001,373.4,1.0,393.5,1.0,292.91,0.0,12.0,0.0,-0.9964,0.0001,-0.0966,0.0637,-0.8723
2026-09-16T17:40:28Z,2026-09-16 17:39:47,SPX,2026-09-18,C,8000.0,7607.1001,0.1,1427.0,0.2,1938.0,0.15,24056.0,300328.0,0.2609,0.0035,0.0001,-0.1389,0.0625,0.0028
2026-09-16T17:40:28Z,2026-09-16 17:39:47,SPX,2026-09-18,P,8000.0,7607.1001,378.5,1.0,390.8,6.0,386.25,23925.0,287226.0,0.2897,-0.9965,0.0001,-0.0935,0.0623,-0.873
2026-09-16T17:40:28Z,2026-09-16 17:39:47,SPX,2026-09-18,C,8005.0,7607.1001,0.1,1472.0,0.2,1998.0,0.15,0.0,1872.0,0.2639,0.0034,0.0001,-0.1365,0.0611,0.0027
2026-09-16T17:40:28Z,2026-09-16 17:39:47,SPX,2026-09-18,P,8005.0,7607.1001,383.5,1.0,403.5,1.0,399.9,1.0,4.0,0.0,-0.9966,0.0001,-0.0906,0.0609,-0.8736
2026-09-16T17:40:28Z,2026-09-16 17:39:47,SPX,2026-09-18,C,8010.0,7607.1001,0.1,1250.0,0.2,2023.0,0.15,10.0,696.0,0.2668,0.0033,0.0001,-0.1343,0.0598,0.0026
2026-09-16T17:40:28Z,2026-09-16 17:39:47,SPX,2026-09-18,P,8010.0,7607.1001,388.3,1.0,408.5,1.0,321.26,0.0,9.0,0.0,-0.9967,0.0001,-0.0878,0.0596,-0.8742
2026-09-16T17:40:28Z,2026-09-16 17:39:47,SPX,2026-09-18,C,8015.0,7607.1001,0.1,1238.0,0.2,2057.0,0.15,13.0,329.0,0.2697,0.0032,0.0001,-0.1321,0.0585,0.0026
2026-09-16T17:40:28Z,2026-09-16 17:39:47,SPX,2026-09-18,P,8015.0,7607.1001,393.4,1.0,413.5,1.0,0.0,0.0,6.0,0.0,-0.9968,0.0001,-0.0851,0.0583,-0.8748
2026-09-16T17:40:28Z,2026-09-16 17:39:47,SPX,2026-09-18,C,8020.0,7607.1001,0.1,1215.0,0.2,2080.0,0.15,2.0,717.0,0.2726,0.0032,0.0001,-0.1301,0.0572,0.0025
2026-09-16T17:40:28Z,2026-09-16 17:39:47,SPX,2026-09-18,P,8020.0,7607.1001,398.3,1.0,418.5,1.0,351.48,0.0,89.0,0.0,-0.9968,0.0001,-0.0825,0.0571,-0.8754
2026-09-16T17:40:28Z,2026-09-16 17:39:47,SPX,2026-09-18,C,8025.0,7607.1001,0.1,482.0,0.2,1257.0,0.15,6.0,7528.0,0.2756,0.0031,0.0001,-0.1281,0.0561,0.0025
2026-09-16T17:40:28Z,2026-09-16 17:39:47,SPX,2026-09-18,P,8025.0,7607.1001,403.3,1.0,423.5,1.0,309.22,0.0,21.0,0.0,-0.9969,0.0001,-0.0799,0.0559,-0.876
2026-09-16T17:40:28Z,2026-09-16 17:39:47,SPX,2026-09-18,C,8030.0,7607.1001,0.1,389.0,0.2,1097.0,0.15,2.0,618.0,0.2785,0.003,0.0001,-0.1262,0.0549,0.0024
2026-09-16T17:40:28Z,2026-09-16 17:39:47,SPX,2026-09-18,P,8030.0,7607.1001,408.4,1.0,428.5,1.0,297.6,0.0,26.0,0.0,-0.997,0.0001,-0.0775,0.0547,-0.8766
2026-09-16T17:40:28Z,2026-09-16 17:39:47,SPX,2026-09-18,C,8035.0,7607.1001,0.1,430.0,0.2,1169.0,0.15,1.0,208.0,0.2814,0.003,0.0001,-0.1244,0.0538,0.0024
2026-09-16T17:40:28Z,2026-09-16 17:39:47,SPX,2026-09-18,P,8035.0,7607.1001,413.5,1.0,433.4,2.0,0.0,0.0,0.0,0.0,-0.997,0.0001,-0.0751,0.0536,-0.8772
2026-09-16T17:40:28Z,2026-09-16 17:39:47,SPX,2026-09-18,C,8040.0,7607.1001,0.05,1879.0,0.2,1444.0,0.15,2.0,860.0,0.2792,0.0029,0.0001,-0.1226,0.0528,0.0023
2026-09-16T17:40:28Z,2026-09-16 17:39:47,SPX,2026-09-18,P,8040.0,7607.1001,418.9,1.0,438.5,1.0,318.88,0.0,10.0,0.0,-0.9971,0.0001,-0.0728,0.0526,-0.8778
2026-09-16T17:40:28Z,2026-09-16 17:39:47,SPX,2026-09-18,C,8045.0,7607.1001,0.05,1715.0,0.2,1310.0,0.15,2.0,325.0,0.2821,0.0029,0.0001,-0.1209,0.0517,0.0023
2026-09-16T17:40:28Z,2026-09-16 17:39:47,SPX,2026-09-18,P,8045.0,7607.1001,423.8,1.0,443.5,1.0,0.0,0.0,7.0,0.0,-0.9972,0.0001,-0.0705,0.0516,-0.8784
2026-09-16T17:40:28Z,2026-09-16 17:39:47,SPX,2026-09-18,C,8050.0,7607.1001,0.05,1750.0,0.15,152.0,0.2,111.0,11190.0,0.279,0.0028,0.0001,-0.1193,0.0508,0.0022
2026-09-16T17:40:28Z,2026-09-16 17:39:47,SPX,2026-09-18,P,8050.0,7607.1001,428.1,2.0,448.2,1.0,341.4,0.0,9.0,0.0,-0.9972,0.0001,-0.0683,0.0506,-0.879
2026-09-16T17:40:28Z,2026-09-16 17:39:47,SPX,2026-09-18,C,8055.0,7607.1001,0.05,1409.0,0.15,211.0,0.13,0.0,354.0,0.2818,0.0027,0.0,-0.1177,0.0498,0.0022
2026-09-16T17:40:28Z,2026-09-16 17:39:47,SPX,2026-09-18,P,8055.0,7607.1001,433.1,1.0,453.4,3.0,0.0,0.0,0.0,0.0,-0.9973,0.0,-0.0662,0.0497,-0.8796
2026-09-16T17:40:28Z,2026-09-16 17:39:47,SPX,2026-09-18,C,8060.0,7607.1001,0.05,1246.0,0.15,252.0,0.3,0.0,1473.0,0.2846,0.0027,0.0,-0.1162,0.0489,0.0021
2026-09-16T17:40:28Z,2026-09-16 17:39:47,SPX,2026-09-18,P,8060.0,7607.1001,438.0,2.0,458.4,1.0,0.0,0.0,0.0,0.0,-0.9973,0.0,-0.0641,0.0488,-0.8802
2026-09-16T17:40:28Z,2026-09-16 17:39:47,SPX,2026-09-18,C,8065.0,7607.1001,0.05,1176.0,0.15,256.0,0.08,0.0,138.0,0.2874,0.0026,0.0,-0.1147,0.048,0.0021
2026-09-16T17:40:28Z,2026-09-16 17:39:47,SPX,2026-09-18,P,8065.0,7607.1001,443.2,1.0,463.1,1.0,0.0,0.0,0.0,0.0,-0.9974,0.0,-0.062,0.0479,-0.8808
2026-09-16T17:40:28Z,2026-09-16 17:39:47,SPX,2026-09-18,C,8070.0,7607.1001,0.05,1104.0,0.15,272.0,0.16,0.0,866.0,0.2902,0.0026,0.0,-0.1133,0.0472,0.002
2026-09-16T17:40:28Z,2026-09-16 17:39:47,SPX,2026-09-18,P,8070.0,7607.1001,448.2,1.0,468.4,1.0,465.3,0.0,1.0,0.0,-0.9974,0.0,-0.06,0.047,-0.8813
2026-09-16T17:40:28Z,2026-09-16 17:39:47,SPX,2026-09-18,C,8075.0,7607.1001,0.05,1370.0,0.15,291.0,0.1,0.0,3881.0,0.2929,0.0025,0.0,-0.112,0.0464,0.002
2026-09-16T17:40:28Z,2026-09-16 17:39:47,SPX,2026-09-18,P,8075.0,7607.1001,453.1,1.0,473.4,1.0,0.0,0.0,5.0,0.0,-0.9975,0.0,-0.0581,0.0462,-0.8819
2026-09-16T17:40:28Z,2026-09-16 17:39:47,SPX,2026-09-18,C,8080.0,7607.1001,0.05,969.0,0.15,289.0,0.21,0.0,1434.0,0.2957,0.0025,0.0,-0.1106,0.0456,0.002
2026-09-16T17:40:28Z,2026-09-16 17:39:47,SPX,2026-09-18,P,8080.0,7607.1001,458.2,1.0,478.4,1.0,472.4,0.0,1.0,0.0,-0.9975,0.0,-0.0562,0.0454,-0.8825
2026-09-16T17:40:28Z,2026-09-16 17:39:47,SPX,2026-09-18,C,8090.0,7607.1001,0.05,859.0,0.15,592.0,0.11,0.0,896.0,0.3012,0.0024,0.0,-0.1081,0.044,0.0019
2026-09-16T17:40:28Z,2026-09-16 17:39:47,SPX,2026-09-18,P,8090.0,7607.1001,468.2,1.0,488.4,3.0,353.45,0.0,1.0,0.0,-0.9976,0.0,-0.0525,0.0439,-0.8837
2026-09-16T17:40:28Z,2026-09-16 17:39:47,SPX,2026-09-18,C,8100.0,7607.1001,0.05,922.0,0.15,797.0,0.12,7.0,18914.0,0.3068,0.0023,0.0,-0.1057,0.0426,0.0018
2026-09-16T17:40:28Z,2026-09-16 17:39:47,SPX,2026-09-18,P,8100.0,7607.1001,478.8,1.0,498.1,2.0,479.23,5.0,322.0,0.0,-0.9977,0.0,-0.049,0.0425,-0.8848
2026-09-16T17:40:28Z,2026-09-16 17:39:47,SPX,2026-09-18,C,8110.0,7607.1001,0.05,650.0,0.15,866.0,0.15,4.0,913.0,0.3123,0.0022,0.0,-0.1035,0.0413,0.0018
2026-09-16T17:40:28Z,2026-09-16 17:39:47,SPX,2026-09-18,P,8110.0,7607.1001,488.7,1.0,508.4,1.0,564.29,0.0,11.0,0.0,-0.9978,0.0,-0.0456,0.0412,-0.886
2026-09-16T17:40:28Z,2026-09-16 17:39:47,SPX,2026-09-18,C,8120.0,7607.1001,0.05,611.0,0.15,987.0,0.1,0.0,796.0,0.3178,0.0022,0.0,-0.1014,0.04,0.0017
2026-09-16T17:40:28Z,2026-09-16 17:39:47,SPX,2026-09-18,P,8120.0,7607.1001,498.2,1.0,518.4,1.0,0.0,0.0,0.0,0.0,-0.9978,0.0,-0.0424,0.0399,-0.8871
2026-09-16T17:40:28Z,2026-09-16 17:39:47,SPX,2026-09-18,C,8125.0,7607.1001,0.05,720.0,0.15,990.0,0.1,1.0,3909.0,0.3205,0.0021,0.0,-0.1004,0.0394,0.0017
2026-09-16T17:40:28Z,2026-09-16 17:39:47,SPX,2026-09-18,P,8125.0,7607.1001,503.2,1.0,523.4,1.0,386.1,0.0,2.0,0.0,-0.9979,0.0,-0.0408,0.0393,-0.8877
2026-09-16T17:40:28Z,2026-09-16 17:39:47,SPX,2026-09-18,C,8130.0,7607.1001,0.05,642.0,0.1,3.0,0.1,2.0,311.0,0.3151,0.0021,0.0,-0.0994,0.0388,0.0017
2026-09-16T17:40:28Z,2026-09-16 17:39:47,SPX,2026-09-18,P,8130.0,7607.1001,508.1,1.0,528.2,1.0,0.0,0.0,0.0,0.0,-0.9979,0.0,-0.0392,0.0388,-0.8883
2026-09-16T17:40:28Z,2026-09-16 17:39:47,SPX,2026-09-18,C,8140.0,7607.1001,0.05,530.0,0.15,1012.0,0.45,0.0,296.0,0.3287,0.002,0.0,-0.0975,0.0377,0.0016
2026-09-16T17:40:28Z,2026-09-16 17:39:47,SPX,2026-09-18,P,8140.0,7607.1001,518.7,1.0,538.4,1.0,0.0,0.0,0.0,0.0,-0.998,0.0,-0.0362,0.0376,-0.8894
2026-09-16T17:40:28Z,2026-09-16 17:39:47,SPX,2026-09-18,C,8150.0,7607.1001,0.05,541.0,0.15,1164.0,0.1,112.0,11879.0,0.3341,0.002,0.0,-0.0957,0.0366,0.0016
2026-09-16T17:40:28Z,2026-09-16 17:39:47,SPX,2026-09-18,P,8150.0,7607.1001,528.4,1.0,548.4,1.0,523.4,0.0,2.0,0.0,-0.998,0.0,-0.0333,0.0366,-0.8906
2026-09-16T17:40:28Z,2026-09-16 17:39:47,SPX,2026-09-18,C,8160.0,7607.1001,0.05,598.0,0.15,1079.0,0.1,4.0,2447.0,0.3396,0.0019,0.0,-0.094,0.0356,0.0015
2026-09-16T17:40:28Z,2026-09-16 17:39:47,SPX,2026-09-18,P,8160.0,7607.1001,538.1,1.0,558.4,1.0,0.0,0.0,0.0,0.0,-0.9981,0.0,-0.0304,0.0355,-0.8917
2026-09-16T17:40:28Z,2026-09-16 17:39:47,SPX,2026-09-18,C,8170.0,7607.1001,0.05,493.0,0.15,1074.0,0.1,2.0,2566.0,0.345,0.0019,0.0,-0.0924,0.0346,0.0015
2026-09-16T17:40:28Z,2026-09-16 17:39:47,SPX,2026-09-18,P,8170.0,7607.1001,548.7,1.0,568.3,2.0,0.0,0.0,0.0,0.0,-0.9981,0.0,-0.0277,0.0346,-0.8929
2026-09-16T17:40:28Z,2026-09-16 17:39:47,SPX,2026-09-18,C,8175.0,7607.1001,0.05,897.0,0.15,2159.0,0.1,1.0,2968.0,0.3477,0.0018,0.0,-0.0916,0.0342,0.0014
2026-09-16T17:40:28Z,2026-09-16 17:39:47,SPX,2026-09-18,P,8175.0,7607.1001,553.0,1.0,573.4,1.0,379.09,0.0,9.0,0.0,-0.9982,0.0,-0.0263,0.0341,-0.8934
2026-09-16T17:40:28Z,2026-09-16 17:39:47,SPX,2026-09-18,C,8180.0,7607.1001,0.05,575.0,0.15,1815.0,0.1,2.0,178.0,0.3504,0.0018,0.0,-0.0909,0.0337,0.0014
2026-09-16T17:40:28Z,2026-09-16 17:39:47,SPX,2026-09-18,P,8180.0,7607.1001,558.7,1.0,578.4,1.0,0.0,0.0,0.0,0.0,-0.9982,0.0,-0.025,0.0336,-0.894
2026-09-16T17:40:28Z,2026-09-16 17:39:47,SPX,2026-09-18,C,8190.0,7607.1001,0.05,501.0,0.15,1835.0,0.1,4.0,146.0,0.3558,0.0018,0.0,-0.0894,0.0328,0.0014
2026-09-16T17:40:28Z,2026-09-16 17:39:47,SPX,2026-09-18,P,8190.0,7607.1001,568.1,1.0,588.4,1.0,0.0,0.0,0.0,0.0,-0.9982,0.0,-0.0224,0.0328,-0.8951
2026-09-16T17:40:28Z,2026-09-16 17:39:47,SPX,2026-09-18,C,8200.0,7607.1001,0.05,460.0,0.15,1942.0,0.11,147.0,22106.0,0.3611,0.0017,0.0,-0.088,0.032,0.0014
2026-09-16T17:40:28Z,2026-09-16 17:39:47,SPX,2026-09-18,P,8200.0,7607.1001,578.4,1.0,598.0,1.0,573.5,0.0,4137.0,0.0,-0.9983,0.0,-0.0198,0.0319,-0.8963
2026-09-16T17:40:28Z,2026-09-16 17:39:47,SPX,2026-09-18,C,8210.0,7607.1001,0.05,377.0,0.15,2022.0,0.1,102.0,126.0,0.3665,0.0017,0.0,-0.0866,0.0312,0.0013
2026-09-16T17:40:28Z,2026-09-16 17:39:47,SPX,2026-09-18,P,8210.0,7607.1001,587.8,2.0,607.9,1.0,0.0,0.0,0.0,0.0,-0.9983,0.0,-0.0173,0.0311,-0.8974
2026-09-16T17:40:28Z,2026-09-16 17:39:47,SPX,2026-09-18,C,8220.0,7607.1001,0.05,301.0,0.15,1931.0,0.1,4.0,321.0,0.3718,0.0016,0.0,-0.0853,0.0304,0.0013
2026-09-16T17:40:28Z,2026-09-16 17:39:47,SPX,2026-09-18,P,8220.0,7607.1001,598.1,1.0,618.0,2.0,628.13,0.0,1.0,0.0,-0.9984,0.0,-0.0149,0.0303,-0.8985
2026-09-16T17:40:28Z,2026-09-16 17:39:47,SPX,2026-09-18,C,8225.0,7607.1001,0.05,119.0,0.15,2021.0,0.1,3.0,8274.0,0.3745,0.0016,0.0,-0.0847,0.03,0.0013
2026-09-16T17:40:28Z,2026-09-16 17:39:47,SPX,2026-09-18,P,8225.0,7607.1001,603.1,1.0,623.3,1.0,0.0,0.0,0.0,0.0,-0.9984,0.0,-0.0137,0.03,-0.8991
2026-09-16T17:40:28Z,2026-09-16 17:39:47,SPX,2026-09-18,C,8230.0,7607.1001,0.0,0.0,0.1,99.0,0.1,10.0,191.0,0.3558,0.0016,0.0,-0.0841,0.0297,0.0012
2026-09-16T17:40:28Z,2026-09-16 17:39:47,SPX,2026-09-18,P,8230.0,7607.1001,608.3,1.0,628.2,2.0,0.0,0.0,0.0,0.0,-0.9984,0.0,-0.0125,0.0296,-0.8996
2026-09-16T17:40:28Z,2026-09-16 17:39:47,SPX,2026-09-18,C,8240.0,7607.1001,0.0,0.0,0.1,101.0,0.1,12.0,256.0,0.3609,0.0016,0.0,-0.0829,0.029,0.0012
2026-09-16T17:40:28Z,2026-09-16 17:39:47,SPX,2026-09-18,P,8240.0,7607.1001,618.3,1.0,638.2,2.0,0.0,0.0,0.0,0.0,-0.9984,0.0,-0.0101,0.0289,-0.9008
2026-09-16T17:40:28Z,2026-09-16 17:39:47,SPX,2026-09-18,C,8250.0,7607.1001,0.0,0.0,0.1,131.0,0.07,214.0,11758.0,0.3659,0.0015,0.0,-0.0817,0.0283,0.0012
2026-09-16T17:40:28Z,2026-09-16 17:39:47,SPX,2026-09-18,P,8250.0,7607.1001,628.6,1.0,648.3,1.0,476.38,0.0,2.0,0.0,-0.9985,0.0,-0.0078,0.0282,-0.9019
2026-09-16T17:40:28Z,2026-09-16 17:39:47,SPX,2026-09-18,C,8260.0,7607.1001,0.0,0.0,0.1,118.0,0.1,4.0,115.0,0.371,0.0015,0.0,-0.0806,0.0277,0.0012
2026-09-16T17:40:28Z,2026-09-16 17:39:47,SPX,2026-09-18,P,8260.0,7607.1001,638.6,1.0,658.3,1.0,504.09,0.0,4.0,0.0,-0.9985,0.0,-0.0055,0.0276,-0.903
2026-09-16T17:40:28Z,2026-09-16 17:39:47,SPX,2026-09-18,C,8270.0,7607.1001,0.0,0.0,0.1,337.0,0.1,2.0,110.0,0.376,0.0014,0.0,-0.0795,0.0271,0.0011
2026-09-16T17:40:28Z,2026-09-16 17:39:47,SPX,2026-09-18,P,8270.0,7607.1001,648.1,1.0,668.1,1.0,0.0,0.0,0.0,0.0,-0.9986,0.0,-0.0033,0.027,-0.9041
2026-09-16T17:40:28Z,2026-09-16 17:39:47,SPX,2026-09-18,C,8275.0,7607.1001,0.0,0.0,0.1,350.0,0.1,2.0,2042.0,0.3785,0.0014,0.0,-0.079,0.0268,0.0011
2026-09-16T17:40:28Z,2026-09-16 17:39:47,SPX,2026-09-18,P,8275.0,7607.1001,653.6,1.0,673.3,1.0,0.0,0.0,0.0,0.0,-0.9986,0.0,-0.0022,0.0267,-0.9047
2026-09-16T17:40:28Z,2026-09-16 17:39:47,SPX,2026-09-18,C,8280.0,7607.1001,0.0,0.0,0.1,365.0,0.35,0.0,58.0,0.381,0.0014,0.0,-0.0785,0.0265,0.0011
2026-09-16T17:40:28Z,2026-09-16 17:39:47,SPX,2026-09-18,P,8280.0,7607.1001,658.6,1.0,677.9,2.0,0.0,0.0,0.0,0.0,-0.9986,0.0,-0.0011,0.0264,-0.9053
2026-09-16T17:40:28Z,2026-09-16 17:39:47,SPX,2026-09-18,C,8290.0,7607.1001,0.0,0.0,0.1,405.0,0.2,0.0,172.0,0.386,0.0014,0.0,-0.0774,0.0259,0.0011
2026-09-16T17:40:28Z,2026-09-16 17:39:47,SPX,2026-09-18,P,8290.0,7607.1001,668.3,1.0,688.3,1.0,0.0,0.0,0.0,0.0,-0.9986,0.0,0.0,0.0258,-0.9064
2026-09-16T17:40:28Z,2026-09-16 17:39:47,SPX,2026-09-18,C,8300.0,7607.1001,0.0,0.0,0.1,422.0,0.05,0.0,21079.0,0.391,0.0014,0.0,-0.0765,0.0254,0.0011
2026-09-16T17:40:28Z,2026-09-16 17:39:47,SPX,2026-09-18,P,8300.0,7607.1001,678.3,1.0,697.9,2.0,712.33,0.0,23.0,0.0,-0.9986,0.0,0.0,0.0253,-0.9075
2026-09-16T17:40:28Z,2026-09-16 17:39:47,SPX,2026-09-18,C,8310.0,7607.1001,0.0,0.0,0.1,448.0,0.2,0.0,76.0,0.396,0.0013,0.0,-0.0755,0.0248,0.001
2026-09-16T17:40:28Z,2026-09-16 17:39:47,SPX,2026-09-18,P,8310.0,7607.1001,688.0,1.0,708.2,2.0,0.0,0.0,0.0,0.0,-0.9987,0.0,0.0,0.0248,-0.9086
2026-09-16T17:40:28Z,2026-09-16 17:39:47,SPX,2026-09-18,C,8320.0,7607.1001,0.0,0.0,0.1,495.0,0.67,0.0,122.0,0.401,0.0013,0.0,-0.0746,0.0243,0.001
2026-09-16T17:40:28Z,2026-09-16 17:39:47,SPX,2026-09-18,P,8320.0,7607.1001,698.0,1.0,718.2,2.0,0.0,0.0,0.0,0.0,-0.9987,0.0,0.0,0.0243,-0.9097
2026-09-16T17:40:28Z,2026-09-16 17:39:47,SPX,2026-09-18,C,8325.0,7607.1001,0.0,0.0,0.1,570.0,0.1,36.0,8411.0,0.4034,0.0013,0.0,-0.0741,0.0241,0.001
2026-09-16T17:40:28Z,2026-09-16 17:39:47,SPX,2026-09-18,P,8325.0,7607.1001,702.9,1.0,723.3,1.0,0.0,0.0,0.0,0.0,-0.9987,0.0,0.0,0.024,-0.9103
2026-09-16T17:40:28Z,2026-09-16 17:39:47,SPX,2026-09-18,C,8330.0,7607.1001,0.0,0.0,0.1,522.0,0.05,2.0,112.0,0.4059,0.0013,0.0,-0.0737,0.0238,0.001
2026-09-16T17:40:28Z,2026-09-16 17:39:47,SPX,2026-09-18,P,8330.0,7607.1001,708.0,1.0,728.3,1.0,0.0,0.0,0.0,0.0,-0.9987,0.0,0.0,0.0238,-0.9108
2026-09-16T17:40:28Z,2026-09-16 17:39:47,SPX,2026-09-18,C,8340.0,7607.1001,0.0,0.0,0.1,558.0,0.05,1.0,182.0,0.4109,0.0012,0.0,-0.0728,0.0234,0.001
2026-09-16T17:40:28Z,2026-09-16 17:39:47,SPX,2026-09-18,P,8340.0,7607.1001,717.8,2.0,738.3,3.0,0.0,0.0,0.0,0.0,-0.9988,0.0,0.0,0.0233,-0.912
2026-09-16T17:40:28Z,2026-09-16 17:39:47,SPX,2026-09-18,C,8350.0,7607.1001,0.0,0.0,0.1,692.0,0.05,372.0,3363.0,0.4158,0.0012,0.0,-0.0719,0.0229,0.001
2026-09-16T17:40:28Z,2026-09-16 17:39:47,SPX,2026-09-18,P,8350.0,7607.1001,728.0,1.0,748.3,1.0,0.0,0.0,0.0,0.0,-0.9988,0.0,0.0,0.0228,-0.9131
2026-09-16T17:40:28Z,2026-09-16 17:39:47,SPX,2026-09-18,C,8360.0,7607.1001,0.0,0.0,0.1,558.0,0.45,0.0,149.0,0.4207,0.0012,0.0,-0.0711,0.0224,0.0009
2026-09-16T17:40:28Z,2026-09-16 17:39:47,SPX,2026-09-18,P,8360.0,7607.1001,738.0,1.0,758.3,1.0,0.0,0.0,0.0,0.0,-0.9988,0.0,0.0,0.0224,-0.9142
2026-09-16T17:40:28Z,2026-09-16 17:39:47,SPXW,2026-09-16,C,6850.0,7607.1001,748.4,1.0,768.3,1.0,0.0,0.0,0.0,2.6251,0.9996,0.0,-0.025,0.002,0.0
2026-09-16T17:40:28Z,2026-09-16 17:39:47,SPXW,2026-09-16,P,6850.0,7607.1001,0.0,0.0,0.05,2051.0,0.05,20.0,1065.0,1.8407,-0.0004,0.0,-0.025,0.002,0.0
2026-09-16T17:40:28Z,2026-09-16 17:39:47,SPXW,2026-09-16,C,6875.0,7607.1001,723.4,1.0,743.3,1.0,708.62,0.0,1.0,2.5447,0.9996,0.0,-0.025,0.002,0.0
2026-09-16T17:40:28Z,2026-09-16 17:39:47,SPXW,2026-09-16,P,6875.0,7607.1001,0.0,0.0,0.05,2385.0,0.05,6.0,1046.0,1.781,-0.0004,0.0,-0.025,0.002,0.0
2026-09-16T17:40:28Z,2026-09-16 17:39:47,SPXW,2026-09-16,C,6900.0,7607.1001,698.4,3.0,718.1,1.0,0.0,0.0,0.0,2.4343,0.9995,0.0,-0.025,0.0021,0.0
2026-09-16T17:40:28Z,2026-09-16 17:39:47,SPXW,2026-09-16,P,6900.0,7607.1001,0.0,0.0,0.05,2033.0,0.03,23.0,3253.0,1.7214,-0.0005,0.0,-0.025,0.0021,0.0
2026-09-16T17:40:28Z,2026-09-16 17:39:47,SPXW,2026-09-16,C,6925.0,7607.1001,673.4,1.0,693.2,1.0,657.84,0.0,0.0,2.3695,0.9995,0.0,-0.025,0.0022,0.0
2026-09-16T17:40:28Z,2026-09-16 17:39:47,SPXW,2026-09-16,P,6925.0,7607.1001,0.0,0.0,0.05,1939.0,0.03,144.0,1898.0,1.662,-0.0005,0.0,-0.025,0.0022,0.0
2026-09-16T17:40:28Z,2026-09-16 17:39:47,SPXW,2026-09-16,C,6950.0,7607.1001,648.4,1.0,668.2,1.0,0.0,0.0,0.0,2.2895,0.9995,0.0,-0.025,0.0022,0.0
2026-09-16T17:40:28Z,2026-09-16 17:39:47,SPXW,2026-09-16,P,6950.0,7607.1001,0.0,0.0,0.05,2125.0,0.03,121.0,1102.0,1.6026,-0.0005,0.0,-0.025,0.0022,0.0
2026-09-16T17:40:28Z,2026-09-16 17:39:47,SPXW,2026-09-16,C,6975.0,7607.1001,623.4,1.0,643.2,1.0,0.0,0.0,0.0,2.2095,0.9995,0.0,-0.025,0.0023,0.0
2026-09-16T17:40:28Z,2026-09-16 17:39:47,SPXW,2026-09-16,P,6975.0,7607.1001,0.0,0.0,0.05,1763.0,0.05,5.0,1708.0,1.5432,-0.0005,0.0,-0.025,0.0023,0.0
2026-09-16T17:40:28Z,2026-09-16 17:39:47,SPXW,2026-09-16,C,6980.0,7607.1001,619.3,1.0,638.2,1.0,0.0,0.0,0.0,2.3022,0.9995,0.0,-0.025,0.0023,0.0
2026-09-16T17:40:28Z,2026-09-16 17:39:47,SPXW,2026-09-16,P,6980.0,7607.1001,0.0,0.0,0.05,1673.0,0.0,0.0,0.0,1.5314,-0.0005,0.0,-0.025,0.0023,0.0
2026-09-16T17:40:28Z,2026-09-16 17:39:47,SPXW,2026-09-16,C,6990.0,7607.1001,608.4,1.0,628.2,1.0,0.0,0.0,0.0,2.1615,0.9995,0.0,-0.025,0.0024,0.0
2026-09-16T17:40:28Z,2026-09-16 17:39:47,SPXW,2026-09-16,P,6990.0,7607.1001,0.0,0.0,0.05,1631.0,0.05,834.0,1776.0,1.5077,-0.0005,0.0,-0.025,0.0024,0.0
2026-09-16T17:40:28Z,2026-09-16 17:39:47,SPXW,2026-09-16,C,7000.0,7607.1001,598.4,1.0,618.2,1.0,0.0,0.0,0.0,2.1295,0.9995,0.0,-0.025,0.0024,0.0
2026-09-16T17:40:28Z,2026-09-16 17:39:47,SPXW,2026-09-16,P,7000.0,7607.1001,0.0,0.0,0.05,2263.0,0.05,57.0,4895.0,1.484,-0.0005,0.0,-0.025,0.0024,0.0
2026-09-16T17:40:28Z,2026-09-16 17:39:47,SPXW,2026-09-16,C,7010.0,7607.1001,588.4,1.0,608.2,1.0,0.0,0.0,0.0,2.0974,0.9995,0.0,-0.025,0.0024,0.0
2026-09-16T17:40:28Z,2026-09-16 17:39:47,SPXW,2026-09-16,P,7010.0,7607.1001,0.0,0.0,0.05,2070.0,0.05,6.0,641.0,1.4603,-0.0005,0.0,-0.025,0.0024,0.0
2026-09-16T17:40:28Z,2026-09-16 17:39:47,SPXW,2026-09-16,C,7020.0,7607.1001,578.4,1.0,598.2,1.0,0.0,0.0,0.0,2.0654,0.9995,0.0,-0.025,0.0024,0.0
2026-09-16T17:40:28Z,2026-09-16 17:39:47,SPXW,2026-09-16,P,7020.0,7607.1001,0.0,0.0,0.05,1557.0,0.05,300.0,879.0,1.4366,-0.0005,0.0,-0.025,0.0024,0.0
2026-09-16T17:40:28Z,2026-09-16 17:39:47,SPXW,2026-09-16,C,7025.0,7607.1001,573.4,1.0,593.2,1.0,0.0,0.0,0.0,2.0494,0.9994,0.0,-0.025,0.0025,0.0
2026-09-16T17:40:28Z,2026-09-16 17:39:47,SPXW,2026-09-16,P,7025.0,7607.1001,0.0,0.0,0.05,1809.0,0.05,3.0,534.0,1.4248,-0.0006,0.0,-0.025,0.0025,0.0
2026-09-16T17:40:28Z,2026-09-16 17:39:47,SPXW,2026-09-16,C,7030.0,7607.1001,568.4,1.0,588.2,1.0,0.0,0.0,0.0,2.0334,0.9994,0.0,-0.025,0.0025,0.0
2026-09-16T17:40:28Z,2026-09-16 17:39:47,SPXW,2026-09-16,P,7030.0,7607.1001,0.0,0.0,0.05,740.0,0.03,3.0,60.0,1.4129,-0.0006,0.0,-0.025,0.0025,0.0
2026-09-16T17:40:28Z,2026-09-16 17:39:47,SPXW,2026-09-16,C,7040.0,7607.1001,559.0,1.0,578.2,1.0,0.0,0.0,0.0,2.0715,0.9994,0.0,-0.025,0.0025,0.0
2026-09-16T17:40:28Z,2026-09-16 17:39:47,SPXW,2026-09-16,P,7040.0,7607.1001,0.0,0.0,0.05,720.0,0.03,26.0,158.0,1.3893,-0.0006,0.0,-0.025,0.0025,0.0
2026-09-16T17:40:28Z,2026-09-16 17:39:47,SPXW,2026-09-16,C,7050.0,7607.1001,548.4,1.0,568.2,1.0,0.0,0.0,0.0,1.9693,0.9994,0.0,-0.025,0.0026,0.0
2026-09-16T17:40:28Z,2026-09-16 17:39:47,SPXW,2026-09-16,P,7050.0,7607.1001,0.0,0.0,0.05,1029.0,0.05,22.0,627.0,1.3656,-0.0006,0.0,-0.025,0.0026,0.0
2026-09-16T17:40:28Z,2026-09-16 17:39:47,SPXW,2026-09-16,C,7060.0,7607.1001,538.4,1.0,558.2,1.0,0.0,0.0,0.0,1.9373,0.9994,0.0,-0.025,0.0026,0.0
2026-09-16T17:40:28Z,2026-09-16 17:39:47,SPXW,2026-09-16,P,7060.0,7607.1001,0.0,0.0,0.05,763.0,0.03,67.0,262.0,1.342,-0.0006,0.0,-0.025,0.0026,0.0
2026-09-16T17:40:28Z,2026-09-16 17:39:47,SPXW,2026-09-16,C,7070.0,7607.1001,528.4,1.0,548.2,1.0,0.0,0.0,0.0,1.9052,0.9994,0.0,-0.025,0.0026,0.0
2026-09-16T17:40:28Z,2026-09-16 17:39:47,SPXW,2026-09-16,P,7070.0,7607.1001,0.0,0.0,0.05,577.0,0.05,223.0,177.0,1.3184,-0.0006,0.0,-0.025,0.0026,0.0
2026-09-16T17:40:28Z,2026-09-16 17:39:47,SPXW,2026-09-16,C,7075.0,7607.1001,523.4,1.0,543.2,1.0,523.46,0.0,8.0,1.8892,0.9994,0.0,-0.025,0.0027,0.0
2026-09-16T17:40:28Z,2026-09-16 17:39:47,SPXW,2026-09-16,P,7075.0,7607.1001,0.0,0.0,0.05,580.0,0.05,228.0,566.0,1.3065,-0.0006,0.0,-0.025,0.0027,0.0
2026-09-16T17:40:28Z,2026-09-16 17:39:47,SPXW,2026-09-16,C,7080.0,7607.1001,518.4,1.0,538.2,1.0,518.51,0.0,8.0,1.8731,0.9994,0.0,-0.025,0.0027,0.0
2026-09-16T17:40:28Z,2026-09-16 17:39:47,SPXW,2026-09-16,P,7080.0,7607.1001,0.0,0.0,0.05,540.0,0.05,26.0,281.0,1.2947,-0.0006,0.0,-0.025,0.0027,0.0
2026-09-16T17:40:28Z,2026-09-16 17:39:47,SPXW,2026-09-16,C,7090.0,7607.1001,508.4,1.0,528.2,1.0,524.72,1.0,1.0,1.841,0.9994,0.0,-0.025,0.0027,0.0
2026-09-16T17:40:28Z,2026-09-16 17:39:47,SPXW,2026-09-16,P,7090.0,7607.1001,0.0,0.0,0.05,579.0,0.05,28.0,454.0,1.2711,-0.0006,0.0,-0.025,0.0027,0.0
2026-09-16T17:40:28Z,2026-09-16 17:39:47,SPXW,2026-09-16,C,7100.0,7607.1001,498.6,1.0,518.2,1.0,583.11,0.0,3.0,1.8318,0.9994,0.0,-0.025,0.0028,0.0
2026-09-16T17:40:28Z,2026-09-16 17:39:47,SPXW,2026-09-16,P,7100.0,7607.1001,0.0,0.0,0.05,609.0,0.03,243.0,731.0,1.2475,-0.0006,0.0,-0.025,0.0028,0.0
2026-09-16T17:40:28Z,2026-09-16 17:39:47,SPXW,2026-09-16,C,7110.0,7607.1001,488.6,1.0,508.2,1.0,0.0,0.0,0.0,1.7993,0.9994,0.0,-0.025,0.0028,0.0
2026-09-16T17:40:28Z,2026-09-16 17:39:47,SPXW,2026-09-16,P,7110.0,7607.1001,0.0,0.0,0.05,530.0,0.03,83.0,313.0,1.2239,-0.0006,0.0,-0.025,0.0028,0.0
2026-09-16T17:40:28Z,2026-09-16 17:39:47,SPXW,2026-09-16,C,7120.0,7607.1001,478.4,1.0,498.1,1.0,0.0,0.0,0.0,1.733,0.9994,0.0,-0.025,0.0029,0.0
2026-09-16T17:40:28Z,2026-09-16 17:39:47,SPXW,2026-09-16,P,7120.0,7607.1001,0.0,0.0,0.05,452.0,0.05,93.0,392.0,1.2002,-0.0006,0.0,-0.025,0.0029,0.0
2026-09-16T17:40:28Z,2026-09-16 17:39:47,SPXW,2026-09-16,C,7125.0,7607.1001,473.4,1.0,493.3,1.0,559.38,0.0,3.0,1.7398,0.9994,0.0,-0.025,0.0029,0.0
2026-09-16T17:40:28Z,2026-09-16 17:39:47,SPXW,2026-09-16,P,7125.0,7607.1001,0.0,0.0,0.05,407.0,0.03,84.0,367.0,1.1884,-0.0006,0.0,-0.025,0.0029,0.0
2026-09-16T17:40:28Z,2026-09-16 17:39:47,SPXW,2026-09-16,C,7130.0,7607.1001,468.5,1.0,488.3,1.0,0.0,0.0,0.0,1.7344,0.9994,0.0,-0.025,0.0029,0.0
2026-09-16T17:40:28Z,2026-09-16 17:39:47,SPXW,2026-09-16,P,7130.0,7607.1001,0.0,0.0,0.05,370.0,0.03,2.0,63.0,1.1766,-0.0006,0.0,-0.025,0.0029,0.0
2026-09-16T17:40:28Z,2026-09-16 17:39:47,SPXW,2026-09-16,C,7135.0,7607.1001,463.6,1.0,483.3,1.0,0.0,0.0,0.0,1.7285,0.9993,0.0,-0.025,0.003,0.0
2026-09-16T17:40:28Z,2026-09-16 17:39:47,SPXW,2026-09-16,P,7135.0,7607.1001,0.0,0.0,0.05,230.0,0.05,16.0,0.0,1.1648,-0.0007,0.0,-0.025,0.003,0.0
2026-09-16T17:40:28Z,2026-09-16 17:39:47,SPXW,2026-09-16,C,7140.0,7607.1001,458.5,1.0,478.3,1.0,0.0,0.0,0.0,1.7018,0.9993,0.0,-0.025,0.003,0.0
2026-09-16T17:40:28Z,2026-09-16 17:39:47,SPXW,2026-09-16,P,7140.0,7607.1001,0.0,0.0,0.05,435.0,0.05,137.0,329.0,1.153,-0.0007,0.0,-0.025,0.003,0.0
2026-09-16T17:40:28Z,2026-09-16 17:39:47,SPXW,2026-09-16,C,7145.0,7607.1001,453.5,1.0,473.3,1.0,0.0,0.0,0.0,1.6856,0.9993,0.0,-0.025,0.003,0.0
2026-09-16T17:40:28Z,2026-09-16 17:39:47,SPXW,2026-09-16,P,7145.0,7607.1001,0.0,0.0,0.05,142.0,0.04,12.0,107.0,1.1412,-0.0007,0.0,-0.025,0.003,0.0
2026-09-16T17:40:28Z,2026-09-16 17:39:47,SPXW,2026-09-16,C,7150.0,7607.1001,448.5,1.0,468.3,1.0,482.44,0.0,1.0,1.6693,0.9993,0.0,-0.025,0.0031,0.0
2026-09-16T17:40:28Z,2026-09-16 17:39:47,SPXW,2026-09-16,P,7150.0,7607.1001,0.0,0.0,0.05,161.0,0.05,151.0,4971.0,1.1294,-0.0007,0.0,-0.025,0.0031,0.0
2026-09-16T17:40:28Z,2026-09-16 17:39:47,SPXW,2026-09-16,C,7155.0,7607.1001,443.5,1.0,463.3,1.0,0.0,0.0,0.0,1.653,0.9993,0.0,-0.025,0.0031,0.0
2026-09-16T17:40:28Z,2026-09-16 17:39:47,SPXW,2026-09-16,P,7155.0,7607.1001,0.0,0.0,0.05,131.0,0.05,25.0,352.0,1.1172,-0.0007,0.0,-0.025,0.0031,0.0
2026-09-16T17:40:28Z,2026-09-16 17:39:47,SPXW,2026-09-16,C,7160.0,7607.1001,438.5,1.0,458.3,1.0,0.0,0.0,1.0,1.6367,0.9993,0.0,-0.025,0.0031,0.0
2026-09-16T17:40:28Z,2026-09-16 17:39:47,SPXW,2026-09-16,P,7160.0,7607.1001,0.0,0.0,0.05,128.0,0.05,6.0,191.0,1.1054,-0.0007,0.0,-0.025,0.0031,0.0
2026-09-16T17:40:28Z,2026-09-16 17:39:47,SPXW,2026-09-16,C,7165.0,7607.1001,433.5,1.0,453.3,1.0,0.0,0.0,0.0,1.6204,0.9993,0.0,-0.025,0.0031,0.0
2026-09-16T17:40:28Z,2026-09-16 17:39:47,SPXW,2026-09-16,P,7165.0,7607.1001,0.0,0.0,0.05,69.0,0.05,41.0,149.0,1.0936,-0.0007,0.0,-0.025,0.0031,0.0
2026-09-16T17:40:28Z,2026-09-16 17:39:47,SPXW,2026-09-16,C,7170.0,7607.1001,428.5,1.0,448.3,1.0,0.0,0.0,0.0,1.6041,0.9993,0.0,-0.025,0.0032,0.0
2026-09-16T17:40:28Z,2026-09-16 17:39:47,SPXW,2026-09-16,P,7170.0,7607.1001,0.0,0.0,0.05,386.0,0.05,566.0,333.0,1.0818,-0.0007,0.0,-0.025,0.0032,0.0
2026-09-16T17:40:28Z,2026-09-16 17:39:47,SPXW,2026-09-16,C,7175.0,7607.1001,423.5,1.0,443.3,1.0,425.86,6.0,11.0,1.5878,0.9993,0.0,-0.025,0.0032,0.0
2026-09-16T17:40:28Z,2026-09-16 17:39:47,SPXW,2026-09-16,P,7175.0,7607.1001,0.0,0.0,0.05,71.0,0.05,151.0,301.0,1.07,-0.0007,0.0,-0.025,0.0032,0.0
2026-09-16T17:40:28Z,2026-09-16 17:39:47,SPXW,2026-09-16,C,7180.0,7607.1001,418.5,1.0,438.3,1.0,0.0,0.0,0.0,1.5715,0.9993,0.0,-0.025,0.0032,0.0
2026-09-16T17:40:28Z,2026-09-16 17:39:47,SPXW,2026-09-16,P,7180.0,7607.1001,0.0,0.0,0.05,9.0,0.05,696.0,177.0,1.0582,-0.0007,0.0,-0.025,0.0032,0.0
2026-09-16T17:40:28Z,2026-09-16 17:39:47,SPXW,2026-09-16,C,7185.0,7607.1001,413.5,1.0,433.3,1.0,0.0,0.0,0.0,1.5552,0.9993,0.0,-0.025,0.0033,0.0
2026-09-16T17:40:28Z,2026-09-16 17:39:47,SPXW,2026-09-16,P,7185.0,7607.1001,0.0,0.0,0.05,6.0,0.05,75.0,5024.0,1.0464,-0.0007,0.0,-0.025,0.0033,0.0
2026-09-16T17:40:28Z,2026-09-16 17:39:47,SPXW,2026-09-16,C,7190.0,7607.1001,408.6,1.0,428.3,1.0,0.0,0.0,0.0,1.5483,0.9993,0.0,-0.025,0.0033,0.0
2026-09-16T17:40:28Z,2026-09-16 17:39:47,SPXW,2026-09-16,P,7190.0,7607.1001,0.0,0.0,0.05,5.0,0.05,187.0,359.0,1.0346,-0.0007,0.0,-0.025,0.0033,0.0
2026-09-16T17:40:28Z,2026-09-16 17:39:47,SPXW,2026-09-16,C,7195.0,7607.1001,403.5,1.0,423.1,1.0,0.0,0.0,0.0,1.5027,0.9993,0.0,-0.025,0.0033,0.0
2026-09-16T17:40:28Z,2026-09-16 17:39:47,SPXW,2026-09-16,P,7195.0,7607.1001,0.0,0.0,0.05,6.0,0.05,58.0,129.0,1.0228,-0.0007,0.0,-0.025,0.0033,0.0
2026-09-16T17:40:28Z,2026-09-16 17:39:47,SPXW,2026-09-16,C,7200.0,7607.1001,398.5,1.0,418.3,1.0,400.37,7.0,13.0,1.5061,0.9992,0.0,-0.025,0.0034,0.0
2026-09-16T17:40:28Z,2026-09-16 17:39:47,SPXW,2026-09-16,P,7200.0,7607.1001,0.0,0.0,0.05,19.0,0.05,389.0,8636.0,1.011,-0.0008,0.0,-0.025,0.0034,0.0
2026-09-16T17:40:28Z,2026-09-16 17:39:47,SPXW,2026-09-16,C,7205.0,7607.1001,393.5,1.0,413.3,1.0,0.0,0.0,0.0,1.4897,0.9992,0.0,-0.025,0.0034,0.0
2026-09-16T17:40:28Z,2026-09-16 17:39:47,SPXW,2026-09-16,P,7205.0,7607.1001,0.0,0.0,0.05,1.0,0.45,0.0,1681.0,0.9992,-0.0008,0.0,-0.025,0.0034,0.0
2026-09-16T17:40:28Z,2026-09-16 17:39:47,SPXW,2026-09-16,C,7210.0,7607.1001,388.5,1.0,408.3,1.0,405.13,1.0,1.0,1.4734,0.9992,0.0,-0.025,0.0034,0.0
2026-09-16T17:40:28Z,2026-09-16 17:39:47,SPXW,2026-09-16,P,7210.0,7607.1001,0.0,0.0,0.05,1.0,0.1,3.0,268.0,0.9874,-0.0008,0.0,-0.025,0.0034,0.0
2026-09-16T17:40:28Z,2026-09-16 17:39:47,SPXW,2026-09-16,C,7215.0,7607.1001,383.5,1.0,403.2,1.0,0.0,0.0,0.0,1.4476,0.9992,0.0,-0.025,0.0035,0.0
2026-09-16T17:40:28Z,2026-09-16 17:39:47,SPXW,2026-09-16,P,7215.0,7607.1001,0.0,0.0,0.05,7.0,0.05,63.0,92.0,0.9756,-0.0008,0.0,-0.025,0.0035,0.0
2026-09-16T17:40:28Z,2026-09-16 17:39:47,SPXW,2026-09-16,C,7220.0,7607.1001,378.5,1.0,398.3,1.0,0.0,0.0,0.0,1.4406,0.9992,0.0,-0.025,0.0035,0.0
2026-09-16T17:40:28Z,2026-09-16 17:39:47,SPXW,2026-09-16,P,7220.0,7607.1001,0.0,0.0,0.05,1.0,0.03,50.0,319.0,0.9638,-0.0008,0.0,-0.025,0.0035,0.0
2026-09-16T17:40:28Z,2026-09-16 17:39:47,SPXW,2026-09-16,C,7225.0,7607.1001,373.5,1.0,393.3,1.0,0.0,0.0,0.0,1.4242,0.9992,0.0,-0.025,0.0036,0.0
2026-09-16T17:40:28Z,2026-09-16 17:39:47,SPXW,2026-09-16,P,7225.0,7607.1001,0.0,0.0,0.05,1.0,0.1,801.0,1775.0,0.952,-0.0008,0.0,-0.025,0.0036,0.0
2026-09-16T17:40:28Z,2026-09-16 17:39:47,SPXW,2026-09-16,C,7230.0,7607.1001,368.5,1.0,388.3,1.0,0.0,0.0,0.0,1.4077,0.9992,0.0,-0.025,0.0036,0.0
2026-09-16T17:40:28Z,2026-09-16 17:39:47,SPXW,2026-09-16,P,7230.0,7607.1001,0.0,0.0,0.05,1.0,0.05,762.0,301.0,0.9402,-0.0008,0.0,-0.025,0.0036,0.0
2026-09-16T17:40:28Z,2026-09-16 17:39:47,SPXW,2026-09-16,C,7235.0,7607.1001,364.2,1.0,383.2,1.0,0.0,0.0,0.0,1.441,0.998,0.0,-0.075,0.0084,0.0
2026-09-16T17:40:28Z,2026-09-16 17:39:47,SPXW,2026-09-16,P,7235.0,7607.1001,0.05,18.0,0.1,882.0,0.05,74.0,267.0,1.0184,-0.002,0.0,-0.075,0.0084,0.0
2026-09-16T17:40:28Z,2026-09-16 17:39:47,SPXW,2026-09-16,C,7240.0,7607.1001,358.5,1.0,378.2,1.0,0.0,0.0,0.0,1.3659,0.9992,0.0,-0.025,0.0037,0.0
2026-09-16T17:40:28Z,2026-09-16 17:39:47,SPXW,2026-09-16,P,7240.0,7607.1001,0.0,0.0,0.05,1.0,0.05,119.0,2518.0,0.9166,-0.0008,0.0,-0.025,0.0037,0.0
2026-09-16T17:40:28Z,2026-09-16 17:39:47,SPXW,2026-09-16,C,7245.0,7607.1001,353.5,1.0,373.2,1.0,0.0,0.0,0.0,1.3495,0.9985,0.0,-0.05,0.0063,0.0
2026-09-16T17:40:28Z,2026-09-16 17:39:47,SPXW,2026-09-16,P,7245.0,7607.1001,0.0,0.0,0.1,953.0,0.05,114.0,2602.0,0.9578,-0.0015,0.0,-0.05,0.0063,0.0
2026-09-16T17:40:28Z,2026-09-16 17:39:47,SPXW,2026-09-16,C,7250.0,7607.1001,348.5,1.0,368.4,1.0,383.26,0.0,1.0,1.3505,0.9979,0.0,-0.075,0.0087,0.0
2026-09-16T17:40:28Z,2026-09-16 17:39:47,SPXW,2026-09-16,P,7250.0,7607.1001,0.05,166.0,0.1,827.0,0.05,138.0,4885.0,0.9801,-0.0021,0.0,-0.075,0.0087,0.0
2026-09-16T17:40:28Z,2026-09-16 17:39:47,SPXW,2026-09-16,C,7255.0,7607.1001,343.5,1.0,363.4,1.0,0.0,0.0,0.0,1.3339,0.9979,0.0,-0.075,0.0088,0.0
2026-09-16T17:40:28Z,2026-09-16 17:39:47,SPXW,2026-09-16,P,7255.0,7607.1001,0.05,224.0,0.1,824.0,0.07,129.0,268.0,0.9673,-0.0021,0.0,-0.075,0.0088,0.0
2026-09-16T17:40:28Z,2026-09-16 17:39:47,SPXW,2026-09-16,C,7260.0,7607.1001,338.5,1.0,358.4,1.0,341.63,1.0,1.0,1.3174,0.9978,0.0,-0.075,0.0089,0.0
2026-09-16T17:40:28Z,2026-09-16 17:39:47,SPXW,2026-09-16,P,7260.0,7607.1001,0.05,211.0,0.1,842.0,0.05,172.0,3722.0,0.9545,-0.0021,0.0,-0.075,0.0089,0.0
2026-09-16T17:40:28Z,2026-09-16 17:39:47,SPXW,2026-09-16,C,7265.0,7607.1001,333.5,1.0,353.4,1.0,0.0,0.0,0.0,1.3008,0.9978,0.0001,-0.075,0.009,0.0
2026-09-16T17:40:28Z,2026-09-16 17:39:47,SPXW,2026-09-16,P,7265.0,7607.1001,0.05,562.0,0.1,717.0,0.1,79.0,292.0,0.9417,-0.0022,0.0001,-0.075,0.009,0.0
2026-09-16T17:40:28Z,2026-09-16 17:39:47,SPXW,2026-09-16,C,7270.0,7607.1001,328.5,1.0,348.4,1.0,0.0,0.0,0.0,1.2842,0.9978,0.0001,-0.075,0.0092,0.0
2026-09-16T17:40:28Z,2026-09-16 17:39:47,SPXW,2026-09-16,P,7270.0,7607.1001,0.05,614.0,0.1,696.0,0.1,142.0,238.0,0.9288,-0.0022,0.0001,-0.075,0.0092,0.0
2026-09-16T17:40:28Z,2026-09-16 17:39:47,SPXW,2026-09-16,C,7275.0,7607.1001,323.5,1.0,343.4,1.0,325.46,2.0,1.0,1.2675,0.9978,0.0001,-0.075,0.0093,0.0
2026-09-16T17:40:28Z,2026-09-16 17:39:47,SPXW,2026-09-16,P,7275.0,7607.1001,0.05,729.0,0.1,702.0,0.06,172.0,1734.0,0.916,-0.0022,0.0001,-0.075,0.0093,0.0
2026-09-16T17:40:28Z,2026-09-16 17:39:47,SPXW,2026-09-16,C,7280.0,7607.1001,319.1,1.0,338.4,1.0,0.0,0.0,0.0,1.2954,0.9977,0.0001,-0.075,0.0094,0.0
2026-09-16T17:40:28Z,2026-09-16 17:39:47,SPXW,2026-09-16,P,7280.0,7607.1001,0.05,981.0,0.1,607.0,0.07,155.0,3479.0,0.9032,-0.0022,0.0001,-0.075,0.0094,0.0
2026-09-16T17:40:28Z,2026-09-16 17:39:47,SPXW,2026-09-16,C,7285.0,7607.1001,313.5,1.0,333.4,1.0,0.0,0.0,0.0,1.2342,0.9977,0.0001,-0.075,0.0095,0.0
2026-09-16T17:40:28Z,2026-09-16 17:39:47,SPXW,2026-09-16,P,7285.0,7607.1001,0.05,1116.0,0.1,558.0,0.1,149.0,152.0,0.8904,-0.0023,0.0001,-0.075,0.0095,0.0
2026-09-16T17:40:28Z,2026-09-16 17:39:47,SPXW,2026-09-16,C,7290.0,7607.1001,308.5,1.0,328.2,1.0,309.55,0.0,30.0,1.2015,0.9977,0.0001,-0.075,0.0096,0.0
2026-09-16T17:40:28Z,2026-09-16 17:39:47,SPXW,2026-09-16,P,7290.0,7607.1001,0.05,1244.0,0.1,460.0,0.05,213.0,302.0,0.8776,-0.0023,0.0001,-0.075,0.0096,0.0
2026-09-16T17:40:28Z,2026-09-16 17:39:47,SPXW,2026-09-16,C,7295.0,7607.1001,303.5,1.0,323.4,1.0,0.0,0.0,0.0,1.2009,0.9976,0.0001,-0.075,0.0097,0.0
2026-09-16T17:40:28Z,2026-09-16 17:39:47,SPXW,2026-09-16,P,7295.0,7607.1001,0.05,1302.0,0.1,320.0,0.05,205.0,210.0,0.8647,-0.0024,0.0001,-0.075,0.0097,0.0
2026-09-16T17:40:28Z,2026-09-16 17:39:47,SPXW,2026-09-16,C,7300.0,7607.1001,298.5,1.0,318.3,1.0,282.3,0.0,9.0,1.1764,0.9976,0.0001,-0.075,0.0099,0.0
2026-09-16T17:40:28Z,2026-09-16 17:39:47,SPXW,2026-09-16,P,7300.0,7607.1001,0.05,1390.0,0.1,192.0,0.07,709.0,3128.0,0.8519,-0.0024,0.0001,-0.075,0.0099,0.0
2026-09-16T17:40:28Z,2026-09-16 17:39:47,SPXW,2026-09-16,C,7305.0,7607.1001,293.5,1.0,313.2,1.0,327.39,0.0,5.0,1.1518,0.9976,0.0001,-0.075,0.01,0.0
2026-09-16T17:40:28Z,2026-09-16 17:39:47,SPXW,2026-09-16,P,7305.0,7607.1001,0.05,1440.0,0.1,82.0,0.1,235.0,4696.0,0.839,-0.0024,0.0001,-0.075,0.01,0.0
2026-09-16T17:40:28Z,2026-09-16 17:39:47,SPXW,2026-09-16,C,7310.0,7607.1001,288.5,1.0,308.2,1.0,275.62,0.0,5.0,1.1353,0.9976,0.0001,-0.075,0.0101,0.0
2026-09-16T17:40:28Z,2026-09-16 17:39:47,SPXW,2026-09-16,P,7310.0,7607.1001,0.05,1523.0,0.1,9.0,0.1,607.0,487.0,0.8262,-0.0024,0.0001,-0.075,0.0101,0.0
2026-09-16T17:40:28Z,2026-09-16 17:39:47,SPXW,2026-09-16,C,7315.0,7607.1001,283.5,1.0,303.2,1.0,0.0,0.0,0.0,1.1187,0.9969,0.0001,-0.1,0.0127,0.0
2026-09-16T17:40:28Z,2026-09-16 17:39:47,SPXW,2026-09-16,P,7315.0,7607.1001,0.05,1798.0,0.15,850.0,0.11,122.0,345.0,0.8362,-0.0031,0.0001,-0.1,0.0127,0.0
2026-09-16T17:40:28Z,2026-09-16 17:39:47,SPXW,2026-09-16,C,7320.0,7607.1001,278.5,1.0,298.3,1.0,265.5,0.0,2.0,1.1097,0.9968,0.0001,-0.1,0.0129,0.0
2026-09-16T17:40:28Z,2026-09-16 17:39:47,SPXW,2026-09-16,P,7320.0,7607.1001,0.05,1900.0,0.15,844.0,0.1,74.0,690.0,0.823,-0.0032,0.0001,-0.1,0.0129,0.0
2026-09-16T17:40:28Z,2026-09-16 17:39:47,SPXW,2026-09-16,C,7325.0,7607.1001,273.5,1.0,293.4,1.0,0.0,0.0,0.0,1.1003,0.9961,0.0001,-0.125,0.0154,0.0
2026-09-16T17:40:28Z,2026-09-16 17:39:47,SPXW,2026-09-16,P,7325.0,7607.1001,0.1,26.0,0.15,841.0,0.12,163.0,1532.0,0.8282,-0.0039,0.0001,-0.125,0.0154,0.0
2026-09-16T17:40:28Z,2026-09-16 17:39:47,SPXW,2026-09-16,C,7330.0,7607.1001,268.5,1.0,288.4,1.0,251.9,0.0,3.0,1.0835,0.9961,0.0001,-0.125,0.0156,0.0
2026-09-16T17:40:28Z,2026-09-16 17:39:47,SPXW,2026-09-16,P,7330.0,7607.1001,0.1,311.0,0.15,912.0,0.1,132.0,960.0,0.8148,-0.0039,0.0001,-0.125,0.0156,0.0
2026-09-16T17:40:28Z,2026-09-16 17:39:47,SPXW,2026-09-16,C,7335.0,7607.1001,263.5,1.0,283.4,1.0,0.0,0.0,0.0,1.0666,0.996,0.0001,-0.125,0.0158,0.0
2026-09-16T17:40:28Z,2026-09-16 17:39:47,SPXW,2026-09-16,P,7335.0,7607.1001,0.1,355.0,0.15,887.0,0.15,171.0,2609.0,0.8013,-0.004,0.0001,-0.125,0.0158,0.0
2026-09-16T17:40:28Z,2026-09-16 17:39:47,SPXW,2026-09-16,C,7340.0,7607.1001,258.5,1.0,278.3,1.0,332.17,0.0,1.0,1.0427,0.996,0.0001,-0.125,0.016,0.0
2026-09-16T17:40:28Z,2026-09-16 17:39:47,SPXW,2026-09-16,P,7340.0,7607.1001,0.1,801.0,0.15,759.0,0.15,650.0,2679.0,0.7879,-0.004,0.0001,-0.125,0.016,0.0
2026-09-16T17:40:28Z,2026-09-16 17:39:47,SPXW,2026-09-16,C,7345.0,7607.1001,253.5,1.0,273.5,1.0,0.0,0.0,0.0,1.0397,0.9959,0.0001,-0.125,0.0162,0.0
2026-09-16T17:40:28Z,2026-09-16 17:39:47,SPXW,2026-09-16,P,7345.0,7607.1001,0.1,948.0,0.15,478.0,0.12,591.0,167.0,0.7744,-0.0041,0.0001,-0.125,0.0163,0.0
2026-09-16T17:40:28Z,2026-09-16 17:39:47,SPXW,2026-09-16,C,7350.0,7607.1001,248.5,1.0,268.5,1.0,263.54,1.0,4.0,1.0226,0.9958,0.0001,-0.125,0.0165,0.0
2026-09-16T17:40:28Z,2026-09-16 17:39:47,SPXW,2026-09-16,P,7350.0,7607.1001,0.1,1182.0,0.15,242.0,0.12,584.0,3952.0,0.7609,-0.0042,0.0001,-0.125,0.0165,0.0
2026-09-16T17:40:28Z,2026-09-16 17:39:47,SPXW,2026-09-16,C,7355.0,7607.1001,243.5,1.0,263.5,1.0,0.0,0.0,0.0,1.0056,0.9958,0.0001,-0.125,0.0167,0.0
2026-09-16T17:40:28Z,2026-09-16 17:39:47,SPXW,2026-09-16,P,7355.0,7607.1001,0.1,1252.0,0.15,54.0,0.15,341.0,524.0,0.7474,-0.0042,0.0001,-0.125,0.0168,0.0
2026-09-16T17:40:28Z,2026-09-16 17:39:47,SPXW,2026-09-16,C,7360.0,7607.1001,238.5,1.0,258.3,1.0,229.05,0.0,12.0,0.9752,0.995,0.0001,-0.15,0.0194,0.0
2026-09-16T17:40:28Z,2026-09-16 17:39:47,SPXW,2026-09-16,P,7360.0,7607.1001,0.1,1314.0,0.2,953.0,0.15,410.0,3673.0,0.7483,-0.005,0.0001,-0.15,0.0194,0.0
2026-09-16T17:40:28Z,2026-09-16 17:39:47,SPXW,2026-09-16,C,7365.0,7607.1001,233.5,3.0,253.5,1.0,224.15,0.0,10.0,0.9714,0.9942,0.0002,-0.175,0.022,0.0
2026-09-16T17:40:28Z,2026-09-16 17:39:47,SPXW,2026-09-16,P,7365.0,7607.1001,0.15,217.0,0.2,872.0,0.15,327.0,537.0,0.7471,-0.0058,0.0002,-0.175,0.022,0.0
2026-09-16T17:40:28Z,2026-09-16 17:39:47,SPXW,2026-09-16,C,7370.0,7607.1001,228.5,1.0,248.5,1.0,233.78,0.0,24.0,0.9543,0.9942,0.0002,-0.175,0.0223,0.0
2026-09-16T17:40:28Z,2026-09-16 17:39:47,SPXW,2026-09-16,P,7370.0,7607.1001,0.15,307.0,0.2,767.0,0.17,632.0,559.0,0.7331,-0.0058,0.0002,-0.175,0.0223,0.0
2026-09-16T17:40:28Z,2026-09-16 17:39:47,SPXW,2026-09-16,C,7375.0,7607.1001,224.3,1.0,243.5,1.0,0.0,0.0,0.0,0.9828,0.994,0.0002,-0.175,0.0227,0.0
2026-09-16T17:40:28Z,2026-09-16 17:39:47,SPXW,2026-09-16,P,7375.0,7607.1001,0.15,517.0,0.2,511.0,0.17,1142.0,1131.0,0.7191,-0.006,0.0002,-0.175,0.0227,0.0
2026-09-16T17:40:28Z,2026-09-16 17:39:47,SPXW,2026-09-16,C,7380.0,7607.1001,218.5,1.0,238.3,1.0,206.36,0.0,4.0,0.9073,0.9939,0.0002,-0.175,0.0231,0.0
2026-09-16T17:40:28Z,2026-09-16 17:39:47,SPXW,2026-09-16,P,7380.0,7607.1001,0.15,976.0,0.2,137.0,0.17,847.0,4519.0,0.7052,-0.0061,0.0002,-0.175,0.0231,0.0
2026-09-16T17:40:28Z,2026-09-16 17:39:47,SPXW,2026-09-16,C,7385.0,7607.1001,214.2,1.0,233.5,1.0,230.98,0.0,1.0,0.942,0.9931,0.0002,-0.2,0.0257,0.0
2026-09-16T17:40:28Z,2026-09-16 17:39:47,SPXW,2026-09-16,P,7385.0,7607.1001,0.15,1127.0,0.25,803.0,0.17,744.0,1088.0,0.7018,-0.0069,0.0002,-0.2,0.0257,0.0
2026-09-16T17:40:28Z,2026-09-16 17:39:47,SPXW,2026-09-16,C,7390.0,7607.1001,208.6,1.0,228.4,1.0,235.6,2.0,30.0,0.8854,0.9923,0.0002,-0.225,0.0284,0.0
2026-09-16T17:40:28Z,2026-09-16 17:39:47,SPXW,2026-09-16,P,7390.0,7607.1001,0.2,245.0,0.25,836.0,0.2,1380.0,2806.0,0.6971,-0.0077,0.0002,-0.225,0.0284,0.0
2026-09-16T17:40:28Z,2026-09-16 17:39:47,SPXW,2026-09-16,C,7395.0,7607.1001,206.8,4.0,219.3,1.0,204.37,1.0,0.0,0.8076,0.9922,0.0002,-0.225,0.0288,0.0
2026-09-16T17:40:28Z,2026-09-16 17:39:47,SPXW,2026-09-16,P,7395.0,7607.1001,0.2,395.0,0.25,507.0,0.2,599.0,1647.0,0.6828,-0.0078,0.0002,-0.225,0.0288,0.0
2026-09-16T17:40:28Z,2026-09-16 17:39:47,SPXW,2026-09-16,C,7400.0,7607.1001,200.8,1.0,214.5,1.0,208.8,26.0,93.0,0.7149,0.992,0.0002,-0.225,0.0294,0.0
2026-09-16T17:40:28Z,2026-09-16 17:39:47,SPXW,2026-09-16,P,7400.0,7607.1001,0.2,896.0,0.25,57.0,0.22,2418.0,4633.0,0.6684,-0.008,0.0002,-0.225,0.0294,0.0
2026-09-16T17:40:28Z,2026-09-16 17:39:47,SPXW,2026-09-16,C,7405.0,7607.1001,202.3,4.0,202.7,3.0,195.47,1.0,5.0,0.6387,0.9905,0.0003,-0.275,0.0343,0.0
2026-09-16T17:40:28Z,2026-09-16 17:39:47,SPXW,2026-09-16,P,7405.0,7607.1001,0.25,103.0,0.3,779.0,0.25,292.0,3661.0,0.6702,-0.0095,0.0003,-0.275,0.0343,0.0
2026-09-16T17:40:28Z,2026-09-16 17:39:47,SPXW,2026-09-16,C,7410.0,7607.1001,197.4,2.0,197.7,2.0,189.47,2.0,6.0,0.6245,0.9903,0.0003,-0.275,0.035,0.0
2026-09-16T17:40:28Z,2026-09-16 17:39:47,SPXW,2026-09-16,P,7410.0,7607.1001,0.25,459.0,0.3,459.0,0.27,550.0,958.0,0.6555,-0.0097,0.0003,-0.275,0.035,0.0
2026-09-16T17:40:28Z,2026-09-16 17:39:47,SPXW,2026-09-16,C,7415.0,7607.1001,192.4,3.0,192.7,2.0,185.13,1.0,2.0,0.6281,0.9901,0.0003,-0.275,0.0356,0.0
2026-09-16T17:40:28Z,2026-09-16 17:39:47,SPXW,2026-09-16,P,7415.0,7607.1001,0.25,864.0,0.3,38.0,0.27,1145.0,1866.0,0.6407,-0.0099,0.0003,-0.275,0.0356,0.0
2026-09-16T17:40:28Z,2026-09-16 17:39:47,SPXW,2026-09-16,C,7420.0,7607.1001,187.4,3.0,187.8,4.0,181.75,8.0,38.0,0.6135,0.9885,0.0004,-0.325,0.0405,0.0
2026-09-16T17:40:28Z,2026-09-16 17:39:47,SPXW,2026-09-16,P,7420.0,7607.1001,0.3,657.0,0.35,460.0,0.3,1155.0,1350.0,0.6395,-0.0115,0.0004,-0.325,0.0406,0.0
2026-09-16T17:40:28Z,2026-09-16 17:39:47,SPXW,2026-09-16,C,7425.0,7607.1001,182.4,4.0,182.8,3.0,184.7,11.0,9.0,0.5989,0.9883,0.0004,-0.325,0.0413,0.0
2026-09-16T17:40:28Z,2026-09-16 17:39:47,SPXW,2026-09-16,P,7425.0,7607.1001,0.3,700.0,0.35,51.0,0.3,1469.0,1181.0,0.6244,-0.0117,0.0004,-0.325,0.0413,0.0
2026-09-16T17:40:28Z,2026-09-16 17:39:47,SPXW,2026-09-16,C,7430.0,7607.1001,177.5,2.0,177.8,2.0,179.31,8.0,8.0,0.5987,0.9866,0.0004,-0.3749,0.0463,0.0
2026-09-16T17:40:28Z,2026-09-16 17:39:47,SPXW,2026-09-16,P,7430.0,7607.1001,0.35,525.0,0.4,334.0,0.37,1867.0,973.0,0.6211,-0.0134,0.0004,-0.375,0.0463,0.0
2026-09-16T17:40:28Z,2026-09-16 17:39:47,SPXW,2026-09-16,C,7435.0,7607.1001,172.5,3.0,172.9,4.0,182.0,3.0,4.0,0.5964,0.9849,0.0005,-0.425,0.0513,0.0
2026-09-16T17:40:28Z,2026-09-16 17:39:47,SPXW,2026-09-16,P,7435.0,7607.1001,0.4,200.0,0.45,473.0,0.4,1709.0,929.0,0.6163,-0.0151,0.0005,-0.4249,0.0513,0.0
2026-09-16T17:40:28Z,2026-09-16 17:39:47,SPXW,2026-09-16,C,7440.0,7607.1001,167.5,4.0,167.9,3.0,172.24,1.0,6.0,0.5923,0.9832,0.0005,-0.4749,0.0562,0.0
2026-09-16T17:40:28Z,2026-09-16 17:39:47,SPXW,2026-09-16,P,7440.0,7607.1001,0.45,36.0,0.5,492.0,0.45,2362.0,2097.0,0.6102,-0.0168,0.0005,-0.4749,0.0562,0.0
2026-09-16T17:40:28Z,2026-09-16 17:39:47,SPXW,2026-09-16,C,7445.0,7607.1001,162.6,3.0,162.9,2.0,163.4,11.0,2.0,0.5868,0.9815,0.0006,-0.5249,0.061,0.0
2026-09-16T17:40:28Z,2026-09-16 17:39:47,SPXW,2026-09-16,P,7445.0,7607.1001,0.45,596.0,0.55,736.0,0.5,1977.0,1150.0,0.6032,-0.0185,0.0006,-0.5249,0.0611,0.0
2026-09-16T17:40:28Z,2026-09-16 17:39:47,SPXW,2026-09-16,C,7450.0,7607.1001,157.7,1.0,158.0,3.0,157.65,15.0,107.0,0.5886,0.9804,0.0006,-0.5499,0.0642,0.0
2026-09-16T17:40:28Z,2026-09-16 17:39:47,SPXW,2026-09-16,P,7450.0,7607.1001,0.5,578.0,0.6,465.0,0.52,4775.0,2811.0,0.5912,-0.0196,0.0006,-0.5499,0.0642,0.0
2026-09-16T17:40:28Z,2026-09-16 17:39:47,SPXW,2026-09-16,C,7455.0,7607.1001,152.8,1.0,153.1,5.0,150.0,18.0,27.0,0.5725,0.9779,0.0007,-0.6248,0.071,0.0
2026-09-16T17:40:28Z,2026-09-16 17:39:47,SPXW,2026-09-16,P,7455.0,7607.1001,0.6,306.0,0.65,464.0,0.6,1728.0,768.0,0.5864,-0.0221,0.0007,-0.6249,0.071,0.0
2026-09-16T17:40:28Z,2026-09-16 17:39:47,SPXW,2026-09-16,C,7460.0,7607.1001,147.9,1.0,148.2,9.0,148.1,13.0,41.0,0.5712,0.976,0.0008,-0.6749,0.0761,0.0
2026-09-16T17:40:28Z,2026-09-16 17:39:47,SPXW,2026-09-16,P,7460.0,7607.1001,0.65,522.0,0.7,137.0,0.65,2791.0,1524.0,0.5769,-0.024,0.0008,-0.6748,0.0761,0.0
2026-09-16T17:40:28Z,2026-09-16 17:39:47,SPXW,2026-09-16,C,7465.0,7607.1001,143.0,1.0,143.2,4.0,144.3,24.0,4.0,0.5678,0.9727,0.0008,-0.7749,0.0845,0.0
2026-09-16T17:40:28Z,2026-09-16 17:39:47,SPXW,2026-09-16,P,7465.0,7607.1001,0.75,263.0,0.8,425.0,0.75,2466.0,1127.0,0.5729,-0.0272,0.0008,-0.7748,0.0846,0.0
2026-09-16T17:40:28Z,2026-09-16 17:39:47,SPXW,2026-09-16,C,7470.0,7607.1001,138.1,1.0,138.4,11.0,138.01,38.0,33.0,0.5628,0.9694,0.0009,-0.8749,0.0928,0.0
2026-09-16T17:40:28Z,2026-09-16 17:39:47,SPXW,2026-09-16,P,7470.0,7607.1001,0.85,152.0,0.9,483.0,0.88,4401.0,1552.0,0.5674,-0.0306,0.0009,-0.8748,0.0928,0.0
2026-09-16T17:40:28Z,2026-09-16 17:39:47,SPXW,2026-09-16,C,7475.0,7607.1001,133.2,1.0,133.4,4.0,134.8,45.0,33.0,0.5563,0.9661,0.001,-0.9749,0.1012,0.0
2026-09-16T17:40:28Z,2026-09-16 17:39:47,SPXW,2026-09-16,P,7475.0,7607.1001,0.95,237.0,1.0,291.0,1.0,4748.0,1674.0,0.5606,-0.0339,0.001,-0.975,0.1012,0.0
2026-09-16T17:40:28Z,2026-09-16 17:39:47,SPXW,2026-09-16,C,7480.0,7607.1001,128.3,1.0,128.6,9.0,130.88,78.0,28.0,0.5534,0.9614,0.0012,-1.1249,0.1124,0.0
2026-09-16T17:40:28Z,2026-09-16 17:39:47,SPXW,2026-09-16,P,7480.0,7607.1001,1.05,517.0,1.15,403.0,1.1,7303.0,1242.0,0.5572,-0.0386,0.0012,-1.1249,0.1124,0.0
2026-09-16T17:40:28Z,2026-09-16 17:39:47,SPXW,2026-09-16,C,7485.0,7607.1001,123.5,1.0,123.8,11.0,125.5,45.0,19.0,0.5486,0.9572,0.0013,-1.2498,0.1219,0.0
2026-09-16T17:40:28Z,2026-09-16 17:39:47,SPXW,2026-09-16,P,7485.0,7607.1001,1.2,463.0,1.3,386.0,1.25,4779.0,656.0,0.5499,-0.0428,0.0013,-1.2498,0.1219,0.0
2026-09-16T17:40:28Z,2026-09-16 17:39:47,SPXW,2026-09-16,C,7490.0,7607.1001,118.6,1.0,118.9,1.0,118.1,177.0,41.0,0.5383,0.9518,0.0014,-1.4246,0.1341,0.0
2026-09-16T17:40:28Z,2026-09-16 17:39:47,SPXW,2026-09-16,P,7490.0,7607.1001,1.4,144.0,1.45,297.0,1.45,7223.0,1228.0,0.5454,-0.0482,0.0014,-1.4246,0.1341,0.0
2026-09-16T17:40:28Z,2026-09-16 17:39:47,SPXW,2026-09-16,C,7495.0,7607.1001,113.8,1.0,114.1,1.0,115.1,62.0,67.0,0.5345,0.9457,0.0016,-1.6245,0.1475,0.0
2026-09-16T17:40:28Z,2026-09-16 17:39:47,SPXW,2026-09-16,P,7495.0,7607.1001,1.6,83.0,1.65,229.0,1.55,21644.0,773.0,0.5409,-0.0543,0.0016,-1.6245,0.1475,0.0
2026-09-16T17:40:28Z,2026-09-16 17:39:47,SPXW,2026-09-16,C,7500.0,7607.1001,109.0,1.0,109.3,1.0,108.95,439.0,259.0,0.5353,0.9389,0.0017,-1.8497,0.1615,0.0
2026-09-16T17:40:28Z,2026-09-16 17:39:47,SPXW,2026-09-16,P,7500.0,7607.1001,1.8,356.0,1.85,20.0,1.85,30647.0,4369.0,0.5363,-0.0611,0.0017,-1.8497,0.1615,0.0
2026-09-16T17:40:28Z,2026-09-16 17:39:47,SPXW,2026-09-16,C,7505.0,7607.1001,104.3,1.0,104.6,9.0,106.1,189.0,94.0,0.5306,0.9309,0.0019,-2.1248,0.1773,0.0
2026-09-16T17:40:28Z,2026-09-16 17:39:47,SPXW,2026-09-16,P,7505.0,7607.1001,2.05,423.0,2.15,339.0,2.07,6096.0,629.0,0.5329,-0.0691,0.0019,-2.1248,0.1773,0.0
2026-09-16T17:40:28Z,2026-09-16 17:39:47,SPXW,2026-09-16,C,7510.0,7607.1001,99.7,9.0,99.8,7.0,99.8,406.0,132.0,0.5241,0.9228,0.0021,-2.3986,0.193,0.0
2026-09-16T17:40:28Z,2026-09-16 17:39:47,SPXW,2026-09-16,P,7510.0,7607.1001,2.35,231.0,2.4,48.0,2.35,6901.0,1033.0,0.5276,-0.0772,0.0021,-2.3986,0.193,0.0
2026-09-16T17:40:28Z,2026-09-16 17:39:47,SPXW,2026-09-16,C,7515.0,7607.1001,95.0,12.0,95.2,12.0,95.1,229.0,119.0,0.5209,0.9135,0.0023,-2.724,0.2099,0.0
2026-09-16T17:40:28Z,2026-09-16 17:39:47,SPXW,2026-09-16,P,7515.0,7607.1001,2.7,40.0,2.75,130.0,2.75,9722.0,819.0,0.5229,-0.0865,0.0023,-2.724,0.2099,0.0
2026-09-16T17:40:28Z,2026-09-16 17:39:47,SPXW,2026-09-16,C,7520.0,7607.1001,90.4,1.0,90.6,20.0,90.4,648.0,1244.0,0.5157,0.9024,0.0025,-3.1339,0.2292,0.0
2026-09-16T17:40:28Z,2026-09-16 17:39:47,SPXW,2026-09-16,P,7520.0,7607.1001,3.0,365.0,3.2,410.0,3.1,10963.0,1619.0,0.5209,-0.0979,0.0025,-3.1468,0.2296,0.0
2026-09-16T17:40:28Z,2026-09-16 17:39:47,SPXW,2026-09-16,C,7525.0,7607.1001,85.8,12.0,86.0,10.0,85.75,736.0,1254.0,0.5128,0.8913,0.0028,-3.5339,0.2477,0.0
2026-09-16T17:40:28Z,2026-09-16 17:39:47,SPXW,2026-09-16,P,7525.0,7607.1001,3.5,48.0,3.6,288.0,3.6,12105.0,3613.0,0.5155,-0.1089,0.0028,-3.5428,0.248,0.0
2026-09-16T17:40:28Z,2026-09-16 17:39:47,SPXW,2026-09-16,C,7530.0,7607.1001,81.3,9.0,81.5,4.0,81.4,304.0,136.0,0.5096,0.8782,0.003,-4.0339,0.268,0.0
2026-09-16T17:40:28Z,2026-09-16 17:39:47,SPXW,2026-09-16,P,7530.0,7607.1001,4.0,3.0,4.1,277.0,4.0,8788.0,1307.0,0.5121,-0.122,0.003,-4.042,0.2682,0.0
2026-09-16T17:40:28Z,2026-09-16 17:39:47,SPXW,2026-09-16,C,7535.0,7607.1001,76.9,1.0,77.0,10.0,79.4,249.0,91.0,0.506,0.8646,0.0033,-4.5493,0.2882,0.0
2026-09-16T17:40:28Z,2026-09-16 17:39:47,SPXW,2026-09-16,P,7535.0,7607.1001,4.5,242.0,4.6,158.0,4.6,8985.0,984.0,0.5065,-0.1354,0.0033,-4.5493,0.2882,0.0
2026-09-16T17:40:28Z,2026-09-16 17:39:47,SPXW,2026-09-16,C,7540.0,7607.1001,72.5,1.0,72.6,8.0,72.4,300.0,110.0,0.5017,0.8493,0.0036,-5.1493,0.3094,0.0
2026-09-16T17:40:28Z,2026-09-16 17:39:47,SPXW,2026-09-16,P,7540.0,7607.1001,5.1,234.0,5.2,113.0,5.15,10833.0,1186.0,0.5022,-0.1507,0.0036,-5.1493,0.3094,0.0
2026-09-16T17:40:28Z,2026-09-16 17:39:47,SPXW,2026-09-16,C,7545.0,7607.1001,68.2,1.0,68.3,8.0,68.1,244.0,68.0,0.4984,0.8322,0.0038,-5.8492,0.3313,0.0
2026-09-16T17:40:28Z,2026-09-16 17:39:47,SPXW,2026-09-16,P,7545.0,7607.1001,5.8,129.0,5.9,156.0,5.85,9183.0,696.0,0.4988,-0.1678,0.0038,-5.8492,0.3313,0.0
2026-09-16T17:40:28Z,2026-09-16 17:39:47,SPXW,2026-09-16,C,7550.0,7607.1001,63.9,12.0,64.0,3.0,63.95,718.0,203.0,0.4941,0.8137,0.0041,-6.6339,0.3537,0.0
2026-09-16T17:40:28Z,2026-09-16 17:39:47,SPXW,2026-09-16,P,7550.0,7607.1001,6.5,253.0,6.7,212.0,6.65,19570.0,1759.0,0.496,-0.1863,0.0041,-6.6378,0.3538,0.0
2026-09-16T17:40:28Z,2026-09-16 17:39:47,SPXW,2026-09-16,C,7555.0,7607.1001,59.8,1.0,59.9,9.0,59.5,440.0,115.0,0.4902,0.794,0.0044,-7.4864,0.3754,0.0
2026-09-16T17:40:28Z,2026-09-16 17:39:47,SPXW,2026-09-16,P,7555.0,7607.1001,7.4,175.0,7.5,73.0,7.48,7937.0,425.0,0.492,-0.206,0.0044,-7.4864,0.3754,0.0
2026-09-16T17:40:28Z,2026-09-16 17:39:47,SPXW,2026-09-16,C,7560.0,7607.1001,55.7,13.0,55.8,3.0,55.78,761.0,205.0,0.4877,0.7726,0.0047,-8.4488,0.3971,0.0
2026-09-16T17:40:28Z,2026-09-16 17:39:47,SPXW,2026-09-16,P,7560.0,7607.1001,8.3,233.0,8.5,191.0,8.4,10642.0,864.0,0.4881,-0.2274,0.0047,-8.4488,0.3971,0.0
2026-09-16T17:40:28Z,2026-09-16 17:39:47,SPXW,2026-09-16,C,7565.0,7607.1001,51.8,1.0,51.9,9.0,51.5,1238.0,106.0,0.4826,0.7499,0.005,-9.4835,0.4179,0.0
2026-09-16T17:40:28Z,2026-09-16 17:39:47,SPXW,2026-09-16,P,7565.0,7607.1001,9.4,161.0,9.5,74.0,9.5,9943.0,585.0,0.4842,-0.2501,0.005,-9.4835,0.4179,0.0
2026-09-16T17:40:28Z,2026-09-16 17:39:47,SPXW,2026-09-16,C,7570.0,7607.1001,47.9,13.0,48.0,4.0,47.9,2156.0,258.0,0.4797,0.7256,0.0053,-10.6485,0.4377,0.0
2026-09-16T17:40:28Z,2026-09-16 17:39:47,SPXW,2026-09-16,P,7570.0,7607.1001,10.5,208.0,10.7,137.0,10.63,12729.0,1147.0,0.4801,-0.2744,0.0053,-10.6485,0.4377,0.0
2026-09-16T17:40:28Z,2026-09-16 17:39:47,SPXW,2026-09-16,C,7575.0,7607.1001,44.2,9.0,44.3,11.0,44.4,3787.0,354.0,0.4752,0.6997,0.0056,-11.9302,0.4565,0.0
2026-09-16T17:40:28Z,2026-09-16 17:39:47,SPXW,2026-09-16,P,7575.0,7607.1001,11.8,162.0,11.9,58.0,11.9,16050.0,1633.0,0.4767,-0.3003,0.0056,-11.9302,0.4565,0.0
2026-09-16T17:40:28Z,2026-09-16 17:39:47,SPXW,2026-09-16,C,7580.0,7607.1001,40.6,2.0,40.7,17.0,40.6,3673.0,613.0,0.4713,0.6724,0.0058,-13.3284,0.4734,0.0
2026-09-16T17:40:28Z,2026-09-16 17:39:47,SPXW,2026-09-16,P,7580.0,7607.1001,13.2,143.0,13.3,58.0,13.3,14080.0,1441.0,0.4727,-0.3276,0.0058,-13.3284,0.4734,0.0
2026-09-16T17:40:28Z,2026-09-16 17:39:47,SPXW,2026-09-16,C,7585.0,7607.1001,37.1,19.0,37.2,9.0,37.2,6590.0,1009.0,0.4676,0.6438,0.0061,-14.8478,0.4883,0.0
2026-09-16T17:40:28Z,2026-09-16 17:39:47,SPXW,2026-09-16,P,7585.0,7607.1001,14.7,165.0,14.8,20.0,14.8,13699.0,1287.0,0.468,-0.3562,0.0061,-14.8478,0.4883,0.0
2026-09-16T17:40:28Z,2026-09-16 17:39:47,SPXW,2026-09-16,C,7590.0,7607.1001,33.7,32.0,33.9,34.0,33.8,5493.0,901.0,0.4632,0.6137,0.0063,-16.5244,0.501,0.0
2026-09-16T17:40:28Z,2026-09-16 17:39:47,SPXW,2026-09-16,P,7590.0,7607.1001,16.4,106.0,16.5,45.0,16.5,14693.0,1203.0,0.4645,-0.3863,0.0063,-16.5244,0.501,0.0
2026-09-16T17:40:28Z,2026-09-16 17:39:47,SPXW,2026-09-16,C,7595.0,7607.1001,30.6,1.0,30.7,36.0,30.6,7678.0,665.0,0.4587,0.5825,0.0065,-18.3224,0.5109,0.0
2026-09-16T17:40:28Z,2026-09-16 17:39:47,SPXW,2026-09-16,P,7595.0,7607.1001,18.2,120.0,18.3,18.0,18.4,15385.0,1256.0,0.46,-0.4175,0.0065,-18.3224,0.5109,0.0
2026-09-16T17:40:28Z,2026-09-16 17:39:47,SPXW,2026-09-16,C,7600.0,7607.1001,27.5,53.0,27.7,72.0,27.6,15597.0,1581.0,0.4542,0.5502,0.0067,-20.2703,0.5178,0.0
2026-09-16T17:40:28Z,2026-09-16 17:39:47,SPXW,2026-09-16,P,7600.0,7607.1001,20.2,56.0,20.3,43.0,20.2,31198.0,2828.0,0.4555,-0.4498,0.0067,-20.2703,0.5178,0.0
2026-09-16T17:40:28Z,2026-09-16 17:39:47,SPXW,2026-09-16,C,7605.0,7607.1001,24.7,1.0,24.8,59.0,24.65,19971.0,536.0,0.4504,0.5169,0.0068,-22.4181,0.5214,0.0
2026-09-16T17:40:28Z,2026-09-16 17:39:47,SPXW,2026-09-16,P,7605.0,7607.1001,22.3,91.0,22.4,11.0,22.5,22579.0,385.0,0.4516,-0.4831,0.0068,-22.4181,0.5214,0.0
2026-09-16T17:40:28Z,2026-09-16 17:39:47,SPXW,2026-09-16,C,7610.0,7607.1001,22.0,1.0,22.1,83.0,22.0,25448.0,728.0,0.4462,0.4829,0.0068,-21.9819,0.5214,0.0
2026-09-16T17:40:28Z,2026-09-16 17:39:47,SPXW,2026-09-16,P,7610.0,7607.1001,24.6,88.0,24.7,9.0,24.77,24570.0,696.0,0.4475,-0.5171,0.0068,-21.9819,0.5214,0.0
2026-09-16T17:40:28Z,2026-09-16 17:39:47,SPXW,2026-09-16,C,7615.0,7607.1001,19.4,90.0,19.5,8.0,19.5,24270.0,696.0,0.4426,0.4484,0.0068,-19.4796,0.5176,0.0
2026-09-16T17:40:28Z,2026-09-16 17:39:47,SPXW,2026-09-16,P,7615.0,7607.1001,27.1,32.0,27.2,39.0,27.22,16564.0,248.0,0.4439,-0.5516,0.0068,-19.4796,0.5176,0.0
2026-09-16T17:40:28Z,2026-09-16 17:39:47,SPXW,2026-09-16,C,7620.0,7607.1001,17.1,60.0,17.2,55.0,17.15,24654.0,1590.0,0.4386,0.4138,0.0068,-17.1273,0.5099,0.0
2026-09-16T17:40:28Z,2026-09-16 17:39:47,SPXW,2026-09-16,P,7620.0,7607.1001,29.7,47.0,29.8,5.0,29.7,12939.0,465.0,0.4399,-0.5862,0.0068,-17.1273,0.5099,0.0
2026-09-16T17:40:28Z,2026-09-16 17:39:47,SPXW,2026-09-16,C,7625.0,7607.1001,14.9,104.0,15.0,19.0,14.98,18315.0,1035.0,0.435,0.3793,0.0067,-14.9752,0.4984,0.0
2026-09-16T17:40:28Z,2026-09-16 17:39:47,SPXW,2026-09-16,P,7625.0,7607.1001,32.6,4.0,32.7,24.0,32.7,8110.0,3421.0,0.4363,-0.6207,0.0067,-14.9752,0.4984,0.0
2026-09-16T17:40:28Z,2026-09-16 17:39:47,SPXW,2026-09-16,C,7630.0,7607.1001,12.9,134.0,13.0,4.0,13.0,18061.0,699.0,0.4308,0.345,0.0065,-12.9728,0.4828,0.0
2026-09-16T17:40:28Z,2026-09-16 17:39:47,SPXW,2026-09-16,P,7630.0,7607.1001,35.6,8.0,35.7,18.0,35.57,5332.0,395.0,0.4322,-0.655,0.0065,-12.9728,0.4828,0.0
2026-09-16T17:40:28Z,2026-09-16 17:39:47,SPXW,2026-09-16,C,7635.0,7607.1001,11.1,153.0,11.3,173.0,11.2,12772.0,872.0,0.4272,0.3115,0.0063,-11.1706,0.464,0.0
2026-09-16T17:40:28Z,2026-09-16 17:39:47,SPXW,2026-09-16,P,7635.0,7607.1001,38.8,6.0,38.9,12.0,38.9,4197.0,633.0,0.4286,-0.6885,0.0063,-11.1706,0.464,0.0
2026-09-16T17:40:28Z,2026-09-16 17:39:47,SPXW,2026-09-16,C,7640.0,7607.1001,9.5,146.0,9.6,19.0,9.5,15338.0,1498.0,0.4242,0.2793,0.0061,-9.5685,0.4416,0.0
2026-09-16T17:40:28Z,2026-09-16 17:39:47,SPXW,2026-09-16,P,7640.0,7607.1001,42.1,28.0,42.3,13.0,42.3,3566.0,305.0,0.4257,-0.7207,0.0061,-9.5685,0.4416,0.0
2026-09-16T17:40:28Z,2026-09-16 17:39:47,SPXW,2026-09-16,C,7645.0,7607.1001,8.1,83.0,8.2,172.0,8.1,12356.0,900.0,0.4209,0.2483,0.0058,-8.1164,0.4167,0.0
2026-09-16T17:40:28Z,2026-09-16 17:39:47,SPXW,2026-09-16,P,7645.0,7607.1001,45.7,9.0,45.8,1.0,45.9,2195.0,604.0,0.4225,-0.7517,0.0058,-8.1164,0.4167,0.0
2026-09-16T17:40:28Z,2026-09-16 17:39:47,SPXW,2026-09-16,C,7650.0,7607.1001,6.8,136.0,6.9,75.0,6.9,25247.0,5504.0,0.4186,0.2193,0.0054,-6.8646,0.3894,0.0
2026-09-16T17:40:28Z,2026-09-16 17:39:47,SPXW,2026-09-16,P,7650.0,7607.1001,49.4,10.0,49.5,1.0,49.5,3000.0,4413.0,0.4203,-0.7807,0.0054,-6.866,0.3895,0.0
2026-09-16T17:40:28Z,2026-09-16 17:39:47,SPXW,2026-09-16,C,7655.0,7607.1001,5.7,108.0,5.8,128.0,5.73,15185.0,1381.0,0.4164,0.192,0.005,-5.751,0.3608,0.0
2026-09-16T17:40:28Z,2026-09-16 17:39:47,SPXW,2026-09-16,P,7655.0,7607.1001,53.3,9.0,53.4,1.0,53.1,985.0,781.0,0.4168,-0.808,0.005,-5.751,0.3608,0.0
2026-09-16T17:40:28Z,2026-09-16 17:39:47,SPXW,2026-09-16,C,7660.0,7607.1001,4.7,222.0,4.8,24.0,4.8,22598.0,1545.0,0.4131,0.1663,0.0046,-4.761,0.3301,0.0
2026-09-16T17:40:28Z,2026-09-16 17:39:47,SPXW,2026-09-16,P,7660.0,7607.1001,57.4,3.0,57.5,12.0,56.4,594.0,335.0,0.4151,-0.8336,0.0046,-4.7661,0.3302,0.0
2026-09-16T17:40:28Z,2026-09-16 17:39:47,SPXW,2026-09-16,C,7665.0,7607.1001,3.9,261.0,4.0,134.0,3.95,14322.0,1030.0,0.412,0.1438,0.0042,-3.9595,0.3008,0.0
2026-09-16T17:40:28Z,2026-09-16 17:39:47,SPXW,2026-09-16,P,7665.0,7607.1001,61.5,4.0,61.7,12.0,61.7,378.0,330.0,0.4142,-0.8561,0.0042,-3.9661,0.301,0.0
2026-09-16T17:40:28Z,2026-09-16 17:39:47,SPXW,2026-09-16,C,7670.0,7607.1001,3.2,267.0,3.3,136.0,3.2,15816.0,1760.0,0.4106,0.1231,0.0038,-3.2582,0.2708,0.0
2026-09-16T17:40:28Z,2026-09-16 17:39:47,SPXW,2026-09-16,P,7670.0,7607.1001,65.8,10.0,66.0,12.0,65.0,736.0,823.0,0.413,-0.8768,0.0038,-3.2661,0.271,0.0
2026-09-16T17:40:28Z,2026-09-16 17:39:47,SPXW,2026-09-16,C,7675.0,7607.1001,2.65,138.0,2.7,71.0,2.7,17298.0,5088.0,0.4101,0.1049,0.0034,-2.6762,0.2424,0.0
2026-09-16T17:40:28Z,2026-09-16 17:39:47,SPXW,2026-09-16,P,7675.0,7607.1001,70.2,12.0,70.3,1.0,69.4,328.0,1003.0,0.4118,-0.8951,0.0034,-2.6762,0.2424,0.0
2026-09-16T17:40:28Z,2026-09-16 17:39:47,SPXW,2026-09-16,C,7680.0,7607.1001,2.15,195.0,2.2,61.0,2.17,13251.0,1642.0,0.4091,0.0885,0.003,-2.176,0.2144,0.0
2026-09-16T17:40:28Z,2026-09-16 17:39:47,SPXW,2026-09-16,P,7680.0,7607.1001,74.7,4.0,74.9,12.0,74.6,570.0,862.0,0.411,-0.9115,0.003,-2.176,0.2144,0.0
2026-09-16T17:40:28Z,2026-09-16 17:39:47,SPXW,2026-09-16,C,7685.0,7607.1001,1.75,196.0,1.8,89.0,1.8,30345.0,2259.0,0.4092,0.0746,0.0026,-1.7759,0.1892,0.0
2026-09-16T17:40:28Z,2026-09-16 17:39:47,SPXW,2026-09-16,P,7685.0,7607.1001,79.3,4.0,79.5,12.0,78.28,302.0,346.0,0.4114,-0.9254,0.0026,-1.7759,0.1892,0.0
2026-09-16T17:40:28Z,2026-09-16 17:39:47,SPXW,2026-09-16,C,7690.0,7607.1001,1.45,1.0,1.5,425.0,1.43,25760.0,1304.0,0.41,0.0628,0.0023,-1.4503,0.1659,0.0
2026-09-16T17:40:28Z,2026-09-16 17:39:47,SPXW,2026-09-16,P,7690.0,7607.1001,84.0,6.0,84.3,1.0,82.93,372.0,255.0,0.411,-0.9372,0.0023,-1.4503,0.1659,0.0
2026-09-16T17:40:28Z,2026-09-16 17:39:47,SPXW,2026-09-16,C,7695.0,7607.1001,1.15,247.0,1.2,137.0,1.2,7792.0,1192.0,0.4106,0.0524,0.002,-1.1755,0.1445,0.0
2026-09-16T17:40:28Z,2026-09-16 17:39:47,SPXW,2026-09-16,P,7695.0,7607.1001,88.7,1.0,89.0,1.0,89.7,289.0,117.0,0.4169,-0.9476,0.002,-1.1755,0.1445,0.0
2026-09-16T17:40:28Z,2026-09-16 17:39:47,SPXW,2026-09-16,C,7700.0,7607.1001,0.95,76.0,1.0,417.0,0.97,15889.0,3233.0,0.4134,0.0444,0.0017,-0.9755,0.1267,0.0
2026-09-16T17:40:28Z,2026-09-16 17:39:47,SPXW,2026-09-16,P,7700.0,7607.1001,93.5,1.0,93.8,1.0,93.48,583.0,798.0,0.4168,-0.9556,0.0017,-0.9755,0.1267,0.0
2026-09-16T17:40:28Z,2026-09-16 17:39:47,SPXW,2026-09-16,C,7705.0,7607.1001,0.75,428.0,0.8,59.0,0.8,6540.0,1040.0,0.4133,0.0364,0.0015,-0.7754,0.1084,0.0
2026-09-16T17:40:28Z,2026-09-16 17:39:47,SPXW,2026-09-16,P,7705.0,7607.1001,98.3,1.0,98.6,1.0,100.9,103.0,2079.0,0.4218,-0.9636,0.0015,-0.7754,0.1084,0.0
2026-09-16T17:40:28Z,2026-09-16 17:39:47,SPXW,2026-09-16,C,7710.0,7607.1001,0.6,594.0,0.65,15.0,0.65,6072.0,1456.0,0.4148,0.0301,0.0013,-0.6249,0.0927,0.0
2026-09-16T17:40:28Z,2026-09-16 17:39:47,SPXW,2026-09-16,P,7710.0,7607.1001,103.2,6.0,103.5,1.0,102.1,57.0,97.0,0.4192,-0.9699,0.0013,-0.6251,0.0928,0.0
2026-09-16T17:40:28Z,2026-09-16 17:39:47,SPXW,2026-09-16,C,7715.0,7607.1001,0.5,456.0,0.55,137.0,0.55,5204.0,843.0,0.4192,0.0256,0.0011,-0.5249,0.0813,0.0
2026-09-16T17:40:28Z,2026-09-16 17:39:47,SPXW,2026-09-16,P,7715.0,7607.1001,108.0,11.0,108.3,1.0,103.9,35.0,1322.0,0.4242,-0.9744,0.0011,-0.5251,0.0814,0.0
2026-09-16T17:40:28Z,2026-09-16 17:39:47,SPXW,2026-09-16,C,7720.0,7607.1001,0.4,765.0,0.45,18.0,0.45,5050.0,2356.0,0.4212,0.0212,0.0009,-0.4249,0.0694,0.0
2026-09-16T17:40:28Z,2026-09-16 17:39:47,SPXW,2026-09-16,P,7720.0,7607.1001,113.0,3.0,113.3,1.0,111.9,53.0,225.0,0.4271,-0.9788,0.0009,-0.4251,0.0694,0.0
2026-09-16T17:40:28Z,2026-09-16 17:39:47,SPXW,2026-09-16,C,7725.0,7607.1001,0.35,561.0,0.4,426.0,0.37,6152.0,1699.0,0.4288,0.0187,0.0008,-0.3749,0.0624,0.0
2026-09-16T17:40:28Z,2026-09-16 17:39:47,SPXW,2026-09-16,P,7725.0,7607.1001,117.9,4.0,118.2,1.0,107.1,22.0,115.0,0.4429,-0.9813,0.0008,-0.3752,0.0625,0.0
2026-09-16T17:40:28Z,2026-09-16 17:39:47,SPXW,2026-09-16,C,7730.0,7607.1001,0.3,397.0,0.35,691.0,0.32,3872.0,3073.0,0.4351,0.0163,0.0007,-0.325,0.0556,0.0
2026-09-16T17:40:28Z,2026-09-16 17:39:47,SPXW,2026-09-16,P,7730.0,7607.1001,122.9,2.0,123.1,1.0,123.0,27.0,2050.0,0.4424,-0.9837,0.0007,-0.3251,0.0556,0.0
2026-09-16T17:40:28Z,2026-09-16 17:39:47,SPXW,2026-09-16,C,7735.0,7607.1001,0.25,799.0,0.3,706.0,0.32,2471.0,1086.0,0.4398,0.0139,0.0006,-0.2749,0.0485,0.0
2026-09-16T17:40:28Z,2026-09-16 17:39:47,SPXW,2026-09-16,P,7735.0,7607.1001,127.8,4.0,128.1,1.0,123.1,17.0,50.0,0.4577,-0.9861,0.0006,-0.2751,0.0486,0.0
2026-09-16T17:40:28Z,2026-09-16 17:39:47,SPXW,2026-09-16,C,7740.0,7607.1001,0.2,1161.0,0.25,186.0,0.25,2162.0,1998.0,0.4426,0.0116,0.0005,-0.225,0.0415,0.0
2026-09-16T17:40:28Z,2026-09-16 17:39:47,SPXW,2026-09-16,P,7740.0,7607.1001,132.8,4.0,133.0,1.0,133.7,34.0,1349.0,0.4524,-0.9884,0.0005,-0.225,0.0415,0.0
2026-09-16T17:40:28Z,2026-09-16 17:39:47,SPXW,2026-09-16,C,7745.0,7607.1001,0.2,11.0,0.25,704.0,0.2,2315.0,813.0,0.4569,0.0112,0.0005,-0.225,0.0404,0.0
2026-09-16T17:40:28Z,2026-09-16 17:39:47,SPXW,2026-09-16,P,7745.0,7607.1001,137.8,2.0,138.0,1.0,135.52,65.0,131.0,0.467,-0.9888,0.0005,-0.225,0.0404,0.0
2026-09-16T17:40:28Z,2026-09-16 17:39:47,SPXW,2026-09-16,C,7750.0,7607.1001,0.15,1234.0,0.2,270.0,0.2,2643.0,1793.0,0.4566,0.009,0.0004,-0.175,0.0333,0.0
2026-09-16T17:40:28Z,2026-09-16 17:39:47,SPXW,2026-09-16,P,7750.0,7607.1001,142.7,4.0,143.1,3.0,145.2,171.0,322.0,0.4815,-0.991,0.0004,-0.175,0.0334,0.0
2026-09-16T17:40:28Z,2026-09-16 17:39:47,SPXW,2026-09-16,C,7755.0,7607.1001,0.15,363.0,0.2,731.0,0.17,1122.0,2859.0,0.4705,0.0088,0.0004,-0.175,0.0325,0.0
2026-09-16T17:40:28Z,2026-09-16 17:39:47,SPXW,2026-09-16,P,7755.0,7607.1001,144.2,15.0,151.4,19.0,136.2,3.0,49.0,0.4219,-0.9912,0.0004,-0.175,0.0325,0.0
2026-09-16T17:40:28Z,2026-09-16 17:39:47,SPXW,2026-09-16,C,7760.0,7607.1001,0.1,1662.0,0.15,3.0,0.12,1178.0,780.0,0.4655,0.0065,0.0003,-0.125,0.0252,0.0
2026-09-16T17:40:28Z,2026-09-16 17:39:47,SPXW,2026-09-16,P,7760.0,7607.1001,152.2,10.0,153.5,6.0,142.67,4.0,60.0,0.5103,-0.9935,0.0003,-0.125,0.0252,0.0
2026-09-16T17:40:28Z,2026-09-16 17:39:47,SPXW,2026-09-16,C,7765.0,7607.1001,0.1,1298.0,0.15,308.0,0.15,1342.0,2335.0,0.4789,0.0064,0.0003,-0.125,0.0246,0.0
2026-09-16T17:40:28Z,2026-09-16 17:39:47,SPXW,2026-09-16,P,7765.0,7607.1001,157.2,10.0,158.5,6.0,159.6,22.0,34.0,0.5246,-0.9936,0.0003,-0.125,0.0246,0.0
2026-09-16T17:40:28Z,2026-09-16 17:39:47,SPXW,2026-09-16,C,7770.0,7607.1001,0.1,753.0,0.15,600.0,0.13,1644.0,1592.0,0.4922,0.0062,0.0003,-0.125,0.0241,0.0
2026-09-16T17:40:28Z,2026-09-16 17:39:47,SPXW,2026-09-16,P,7770.0,7607.1001,162.2,10.0,163.5,6.0,152.67,12.0,40.0,0.5249,-0.9938,0.0003,-0.125,0.0241,0.0
2026-09-16T17:40:28Z,2026-09-16 17:39:47,SPXW,2026-09-16,C,7775.0,7607.1001,0.1,343.0,0.15,708.0,0.12,1317.0,2381.0,0.5054,0.0061,0.0003,-0.125,0.0236,0.0
2026-09-16T17:40:28Z,2026-09-16 17:39:47,SPXW,2026-09-16,P,7775.0,7607.1001,167.2,10.0,168.6,6.0,165.9,3.0,67.0,0.522,-0.9939,0.0003,-0.125,0.0236,0.0
2026-09-16T17:40:28Z,2026-09-16 17:39:47,SPXW,2026-09-16,C,7780.0,7607.1001,0.1,12.0,0.15,871.0,0.1,2171.0,4304.0,0.5186,0.0059,0.0002,-0.125,0.023,0.0
2026-09-16T17:40:28Z,2026-09-16 17:39:47,SPXW,2026-09-16,P,7780.0,7607.1001,169.1,15.0,176.3,19.0,174.17,1.0,28.0,0.0,-0.9941,0.0002,-0.125,0.023,0.0
2026-09-16T17:40:28Z,2026-09-16 17:39:47,SPXW,2026-09-16,C,7785.0,7607.1001,0.05,1920.0,0.15,962.0,0.08,2018.0,492.0,0.519,0.0049,0.0002,-0.1,0.0192,0.0
2026-09-16T17:40:28Z,2026-09-16 17:39:47,SPXW,2026-09-16,P,7785.0,7607.1001,177.2,5.0,178.5,6.0,159.7,6.0,113.0,0.5491,-0.9951,0.0002,-0.1,0.0192,0.0
2026-09-16T17:40:28Z,2026-09-16 17:39:47,SPXW,2026-09-16,C,7790.0,7607.1001,0.05,1835.0,0.1,193.0,0.1,1570.0,3122.0,0.5162,0.0038,0.0002,-0.075,0.0154,0.0
2026-09-16T17:40:28Z,2026-09-16 17:39:47,SPXW,2026-09-16,P,7790.0,7607.1001,182.2,5.0,183.5,6.0,182.38,7.0,27.0,0.5625,-0.9962,0.0002,-0.075,0.0154,0.0
2026-09-16T17:40:28Z,2026-09-16 17:39:47,SPXW,2026-09-16,C,7795.0,7607.1001,0.05,1534.0,0.1,170.0,0.1,2023.0,563.0,0.5287,0.0037,0.0002,-0.075,0.0151,0.0
2026-09-16T17:40:28Z,2026-09-16 17:39:47,SPXW,2026-09-16,P,7795.0,7607.1001,184.1,15.0,191.4,19.0,190.18,1.0,12.0,0.4601,-0.9963,0.0002,-0.075,0.0151,0.0
2026-09-16T17:40:28Z,2026-09-16 17:39:47,SPXW,2026-09-16,C,7800.0,7607.1001,0.05,1452.0,0.1,463.0,0.07,1678.0,2895.0,0.5411,0.0036,0.0001,-0.075,0.0148,0.0
2026-09-16T17:40:28Z,2026-09-16 17:39:47,SPXW,2026-09-16,P,7800.0,7607.1001,192.1,10.0,193.4,5.0,194.34,9.0,52.0,0.5893,-0.9964,0.0001,-0.075,0.0148,0.0
2026-09-16T17:40:28Z,2026-09-16 17:39:47,SPXW,2026-09-16,C,7805.0,7607.1001,0.05,921.0,0.1,768.0,0.08,96.0,1769.0,0.5536,0.0035,0.0001,-0.075,0.0145,0.0
2026-09-16T17:40:28Z,2026-09-16 17:39:47,SPXW,2026-09-16,P,7805.0,7607.1001,194.1,15.0,201.3,19.0,219.78,0.0,8.0,0.0,-0.9965,0.0001,-0.075,0.0145,0.0
2026-09-16T17:40:28Z,2026-09-16 17:39:47,SPXW,2026-09-16,C,7810.0,7607.1001,0.05,730.0,0.1,811.0,0.05,599.0,688.0,0.5659,0.0035,0.0001,-0.075,0.0142,0.0
2026-09-16T17:40:28Z,2026-09-16 17:39:47,SPXW,2026-09-16,P,7810.0,7607.1001,202.1,10.0,203.4,6.0,203.9,1.0,32.0,0.6159,-0.9965,0.0001,-0.075,0.0142,0.0
2026-09-16T17:40:28Z,2026-09-16 17:39:47,SPXW,2026-09-16,C,7815.0,7607.1001,0.05,620.0,0.1,848.0,0.1,139.0,598.0,0.5783,0.0034,0.0001,-0.075,0.0139,0.0
2026-09-16T17:40:28Z,2026-09-16 17:39:47,SPXW,2026-09-16,P,7815.0,7607.1001,200.9,1.0,213.6,4.0,218.03,0.0,4.0,0.0,-0.9966,0.0001,-0.075,0.0139,0.0
2026-09-16T17:40:28Z,2026-09-16 17:39:47,SPXW,2026-09-16,C,7820.0,7607.1001,0.05,459.0,0.1,919.0,0.07,128.0,1539.0,0.5906,0.0033,0.0001,-0.075,0.0137,0.0
2026-09-16T17:40:28Z,2026-09-16 17:39:47,SPXW,2026-09-16,P,7820.0,7607.1001,205.9,1.0,218.6,4.0,207.82,1.0,62.0,0.0,-0.9967,0.0001,-0.075,0.0137,0.0
2026-09-16T17:40:28Z,2026-09-16 17:39:47,SPXW,2026-09-16,C,7825.0,7607.1001,0.05,117.0,0.1,863.0,0.07,148.0,1183.0,0.6029,0.0033,0.0001,-0.075,0.0134,0.0
2026-09-16T17:40:28Z,2026-09-16 17:39:47,SPXW,2026-09-16,P,7825.0,7607.1001,206.8,1.0,226.9,1.0,218.36,2.0,53.0,0.0,-0.9967,0.0001,-0.075,0.0134,0.0
2026-09-16T17:40:28Z,2026-09-16 17:39:47,SPXW,2026-09-16,C,7830.0,7607.1001,0.05,10.0,0.1,942.0,0.1,468.0,744.0,0.6152,0.0032,0.0001,-0.075,0.0132,0.0
2026-09-16T17:40:28Z,2026-09-16 17:39:47,SPXW,2026-09-16,P,7830.0,7607.1001,222.1,10.0,223.4,6.0,216.37,1.0,129.0,0.6686,-0.9968,0.0001,-0.075,0.0132,0.0
2026-09-16T17:40:28Z,2026-09-16 17:39:47,SPXW,2026-09-16,C,7835.0,7607.1001,0.0,0.0,0.05,125.0,0.05,655.0,585.0,0.5681,0.0013,0.0001,-0.025,0.0057,0.0
2026-09-16T17:40:28Z,2026-09-16 17:39:47,SPXW,2026-09-16,P,7835.0,7607.1001,216.9,1.0,236.9,1.0,127.45,0.0,30.0,0.0,-0.9987,0.0001,-0.025,0.0057,0.0
2026-09-16T17:40:28Z,2026-09-16 17:39:47,SPXW,2026-09-16,C,7840.0,7607.1001,0.0,0.0,0.05,89.0,0.05,1156.0,706.0,0.5794,0.0012,0.0,-0.025,0.0056,0.0
2026-09-16T17:40:28Z,2026-09-16 17:39:47,SPXW,2026-09-16,P,7840.0,7607.1001,222.1,1.0,241.8,1.0,243.76,0.0,1.0,0.0,-0.9987,0.0,-0.025,0.0056,0.0
2026-09-16T17:40:28Z,2026-09-16 17:39:47,SPXW,2026-09-16,C,7845.0,7607.1001,0.0,0.0,0.05,235.0,0.05,475.0,243.0,0.5906,0.0012,0.0,-0.025,0.0055,0.0
2026-09-16T17:40:28Z,2026-09-16 17:39:47,SPXW,2026-09-16,P,7845.0,7607.1001,237.1,10.0,238.4,6.0,231.39,1.0,7.0,0.7078,-0.9988,0.0,-0.025,0.0055,0.0
2026-09-16T17:40:28Z,2026-09-16 17:39:47,SPXW,2026-09-16,C,7850.0,7607.1001,0.0,0.0,0.05,237.0,0.03,318.0,1588.0,0.6018,0.0012,0.0,-0.025,0.0054,0.0
2026-09-16T17:40:28Z,2026-09-16 17:39:47,SPXW,2026-09-16,P,7850.0,7607.1001,242.1,10.0,243.4,6.0,243.84,2.0,129.0,0.7208,-0.9988,0.0,-0.025,0.0054,0.0
2026-09-16T17:40:28Z,2026-09-16 17:39:47,SPXW,2026-09-16,C,7855.0,7607.1001,0.0,0.0,0.05,102.0,0.03,109.0,274.0,0.6129,0.0012,0.0,-0.025,0.0054,0.0
2026-09-16T17:40:28Z,2026-09-16 17:39:47,SPXW,2026-09-16,P,7855.0,7607.1001,237.1,1.0,256.2,1.0,0.0,0.0,0.0,0.0,-0.9988,0.0,-0.025,0.0054,0.0
2026-09-16T17:40:28Z,2026-09-16 17:39:47,SPXW,2026-09-16,C,7860.0,7607.1001,0.0,0.0,0.05,110.0,0.03,61.0,630.0,0.6241,0.0012,0.0,-0.025,0.0053,0.0
2026-09-16T17:40:28Z,2026-09-16 17:39:47,SPXW,2026-09-16,P,7860.0,7607.1001,241.9,1.0,261.8,1.0,193.86,0.0,3.0,0.0,-0.9988,0.0,-0.025,0.0053,0.0
2026-09-16T17:40:28Z,2026-09-16 17:39:47,SPXW,2026-09-16,C,7865.0,7607.1001,0.0,0.0,0.05,63.0,0.03,158.0,1289.0,0.6352,0.0012,0.0,-0.025,0.0052,0.0
2026-09-16T17:40:28Z,2026-09-16 17:39:47,SPXW,2026-09-16,P,7865.0,7607.1001,247.1,1.0,266.8,1.0,183.11,0.0,6.0,0.0,-0.9988,0.0,-0.025,0.0052,0.0
2026-09-16T17:40:28Z,2026-09-16 17:39:47,SPXW,2026-09-16,C,7870.0,7607.1001,0.0,0.0,0.05,166.0,0.03,151.0,3666.0,0.6463,0.0011,0.0,-0.025,0.0051,0.0
2026-09-16T17:40:28Z,2026-09-16 17:39:47,SPXW,2026-09-16,P,7870.0,7607.1001,251.9,1.0,271.7,1.0,0.0,0.0,0.0,0.0,-0.9989,0.0,-0.025,0.0051,0.0
2026-09-16T17:40:28Z,2026-09-16 17:39:47,SPXW,2026-09-16,C,7875.0,7607.1001,0.0,0.0,0.05,82.0,0.03,13.0,1181.0,0.6574,0.0011,0.0,-0.025,0.005,0.0
2026-09-16T17:40:28Z,2026-09-16 17:39:47,SPXW,2026-09-16,P,7875.0,7607.1001,256.9,1.0,276.8,1.0,273.52,4.0,21.0,0.0,-0.9989,0.0,-0.025,0.005,0.0
2026-09-16T17:40:28Z,2026-09-16 17:39:47,SPXW,2026-09-16,C,7880.0,7607.1001,0.0,0.0,0.05,159.0,0.04,132.0,2906.0,0.6684,0.0011,0.0,-0.025,0.0049,0.0
2026-09-16T17:40:28Z,2026-09-16 17:39:47,SPXW,2026-09-16,P,7880.0,7607.1001,261.9,1.0,281.8,1.0,267.71,1.0,1.0,0.0,-0.9989,0.0,-0.025,0.0049,0.0
2026-09-16T17:40:28Z,2026-09-16 17:39:47,SPXW,2026-09-16,C,7885.0,7607.1001,0.0,0.0,0.05,268.0,0.03,3.0,279.0,0.6792,0.0011,0.0,-0.025,0.0049,0.0
2026-09-16T17:40:28Z,2026-09-16 17:39:47,SPXW,2026-09-16,P,7885.0,7607.1001,267.1,1.0,286.8,1.0,0.0,0.0,0.0,0.0,-0.9989,0.0,-0.025,0.0049,0.0
2026-09-16T17:40:28Z,2026-09-16 17:39:47,SPXW,2026-09-16,C,7890.0,7607.1001,0.0,0.0,0.05,419.0,0.03,10.0,470.0,0.6902,0.0011,0.0,-0.025,0.0048,0.0
2026-09-16T17:40:28Z,2026-09-16 17:39:47,SPXW,2026-09-16,P,7890.0,7607.1001,272.1,1.0,291.0,1.0,231.47,0.0,2.0,0.0,-0.9989,0.0,-0.025,0.0048,0.0
2026-09-16T17:40:28Z,2026-09-16 17:39:47,SPXW,2026-09-16,C,7895.0,7607.1001,0.0,0.0,0.05,551.0,0.05,1.0,241.0,0.7012,0.001,0.0,-0.025,0.0047,0.0
2026-09-16T17:40:28Z,2026-09-16 17:39:47,SPXW,2026-09-16,P,7895.0,7607.1001,277.1,1.0,295.9,1.0,0.0,0.0,0.0,0.0,-0.9989,0.0,-0.025,0.0047,0.0
2026-09-16T17:40:28Z,2026-09-16 17:39:47,SPXW,2026-09-16,C,7900.0,7607.1001,0.0,0.0,0.05,798.0,0.03,8.0,640.0,0.7121,0.001,0.0,-0.025,0.0047,0.0
2026-09-16T17:40:28Z,2026-09-16 17:39:47,SPXW,2026-09-16,P,7900.0,7607.1001,292.1,9.0,293.4,6.0,298.07,3.0,6.0,0.7748,-0.999,0.0,-0.025,0.0047,0.0
2026-09-16T17:40:28Z,2026-09-16 17:39:47,SPXW,2026-09-16,C,7910.0,7607.1001,0.0,0.0,0.05,642.0,0.05,10.0,316.0,0.734,0.001,0.0,-0.025,0.0045,0.0
2026-09-16T17:40:28Z,2026-09-16 17:39:47,SPXW,2026-09-16,P,7910.0,7607.1001,292.1,1.0,311.8,1.0,0.0,0.0,0.0,0.0,-0.999,0.0,-0.025,0.0045,0.0
2026-09-16T17:40:28Z,2026-09-16 17:39:47,SPXW,2026-09-16,C,7920.0,7607.1001,0.0,0.0,0.05,923.0,0.03,6.0,584.0,0.7557,0.001,0.0,-0.025,0.0044,0.0
2026-09-16T17:40:28Z,2026-09-16 17:39:47,SPXW,2026-09-16,P,7920.0,7607.1001,302.1,1.0,321.8,1.0,0.0,0.0,0.0,0.0,-0.999,0.0,-0.025,0.0044,0.0
2026-09-16T17:40:28Z,2026-09-16 17:39:47,SPXW,2026-09-16,C,7925.0,7607.1001,0.0,0.0,0.05,1169.0,0.05,0.0,1244.0,0.7666,0.001,0.0,-0.025,0.0044,0.0
2026-09-16T17:40:28Z,2026-09-16 17:39:47,SPXW,2026-09-16,P,7925.0,7607.1001,307.1,1.0,326.8,1.0,306.15,1.0,14.0,0.0,-0.999,0.0,-0.025,0.0044,0.0
2026-09-16T17:40:28Z,2026-09-16 17:39:47,SPXW,2026-09-16,C,7930.0,7607.1001,0.0,0.0,0.05,1026.0,0.05,0.0,296.0,0.7774,0.001,0.0,-0.025,0.0043,0.0
2026-09-16T17:40:28Z,2026-09-16 17:39:47,SPXW,2026-09-16,P,7930.0,7607.1001,311.9,1.0,331.7,1.0,0.0,0.0,0.0,0.0,-0.999,0.0,-0.025,0.0043,0.0
2026-09-16T17:40:28Z,2026-09-16 17:39:47,SPXW,2026-09-16,C,7940.0,7607.1001,0.0,0.0,0.05,1087.0,0.03,0.0,293.0,0.7991,0.0009,0.0,-0.025,0.0042,0.0
2026-09-16T17:40:28Z,2026-09-16 17:39:47,SPXW,2026-09-16,P,7940.0,7607.1001,322.0,1.0,341.7,1.0,320.91,1.0,1.0,0.0,-0.9991,0.0,-0.025,0.0042,0.0
2026-09-16T17:40:28Z,2026-09-16 17:39:47,SPXW,2026-09-16,C,7950.0,7607.1001,0.0,0.0,0.05,1749.0,0.03,2.0,316.0,0.8206,0.0009,0.0,-0.025,0.0041,0.0
2026-09-16T17:40:28Z,2026-09-16 17:39:47,SPXW,2026-09-16,P,7950.0,7607.1001,331.8,1.0,351.8,1.0,0.0,0.0,0.0,0.0,-0.9991,0.0,-0.025,0.0041,0.0
2026-09-16T17:40:28Z,2026-09-16 17:39:47,SPXW,2026-09-16,C,7960.0,7607.1001,0.0,0.0,0.05,1091.0,0.05,0.0,125.0,0.8421,0.0009,0.0,-0.025,0.004,0.0
2026-09-16T17:40:28Z,2026-09-16 17:39:47,SPXW,2026-09-16,P,7960.0,7607.1001,341.8,1.0,361.7,1.0,0.0,0.0,0.0,0.0,-0.9991,0.0,-0.025,0.004,0.0
2026-09-16T17:40:28Z,2026-09-16 17:39:47,SPXW,2026-09-16,C,7970.0,7607.1001,0.0,0.0,0.05,1110.0,0.05,0.0,244.0,0.8635,0.0009,0.0,-0.025,0.0039,0.0
2026-09-16T17:40:28Z,2026-09-16 17:39:47,SPXW,2026-09-16,P,7970.0,7607.1001,351.8,1.0,371.8,1.0,0.0,0.0,0.0,0.0,-0.9991,0.0,-0.025,0.0039,0.0
2026-09-16T17:40:28Z,2026-09-16 17:39:47,SPXW,2026-09-16,C,7975.0,7607.1001,0.0,0.0,0.05,2159.0,0.05,0.0,713.0,0.8746,0.0009,0.0,-0.025,0.0039,0.0
2026-09-16T17:40:28Z,2026-09-16 17:39:47,SPXW,2026-09-16,P,7975.0,7607.1001,356.8,1.0,376.8,1.0,216.03,0.0,1.0,0.0,-0.9991,0.0,-0.025,0.0039,0.0
2026-09-16T17:40:28Z,2026-09-16 17:39:47,SPXW,2026-09-16,C,8000.0,7607.1001,0.0,0.0,0.05,2864.0,0.05,23.0,804.0,0.9278,0.0008,0.0,-0.025,0.0037,0.0
2026-09-16T17:40:28Z,2026-09-16 17:39:47,SPXW,2026-09-16,P,8000.0,7607.1001,382.0,1.0,401.8,1.0,355.03,0.0,3.0,0.0,-0.9992,0.0,-0.025,0.0037,0.0
2026-09-16T17:40:28Z,2026-09-16 17:39:47,SPXW,2026-09-16,C,8025.0,7607.1001,0.0,0.0,0.05,2469.0,0.05,0.0,216.0,0.9806,0.0008,0.0,-0.025,0.0035,0.0
2026-09-16T17:40:28Z,2026-09-16 17:39:47,SPXW,2026-09-16,P,8025.0,7607.1001,406.7,1.0,426.8,1.0,0.0,0.0,0.0,0.0,-0.9992,0.0,-0.025,0.0035,0.0
2026-09-16T17:40:28Z,2026-09-16 17:39:47,SPXW,2026-09-16,C,8050.0,7607.1001,0.0,0.0,0.05,2556.0,0.06,0.0,217.0,1.0331,0.0007,0.0,-0.025,0.0033,0.0
2026-09-16T17:40:28Z,2026-09-16 17:39:47,SPXW,2026-09-16,P,8050.0,7607.1001,431.7,1.0,451.8,1.0,0.0,0.0,0.0,0.0,-0.9993,0.0,-0.025,0.0033,0.0
2026-09-16T17:40:28Z,2026-09-16 17:39:47,SPXW,2026-09-16,C,8075.0,7607.1001,0.0,0.0,0.05,2416.0,0.05,0.0,166.0,1.0852,0.0007,0.0,-0.025,0.0032,0.0
2026-09-16T17:40:28Z,2026-09-16 17:39:47,SPXW,2026-09-16,P,8075.0,7607.1001,456.9,1.0,476.8,1.0,0.0,0.0,0.0,0.0,-0.9993,0.0,-0.025,0.0032,0.0
2026-09-16T17:40:28Z,2026-09-16 17:39:47,SPXW,2026-09-16,C,8100.0,7607.1001,0.0,0.0,0.05,2509.0,0.1,0.0,88.0,1.1369,0.0007,0.0,-0.025,0.0031,0.0
2026-09-16T17:40:28Z,2026-09-16 17:39:47,SPXW,2026-09-16,P,8100.0,7607.1001,481.9,1.0,501.8,3.0,0.0,0.0,0.0,0.0,-0.9993,0.0,-0.025,0.0031,0.0
2026-09-16T17:40:28Z,2026-09-16 17:39:47,SPXW,2026-09-16,C,8125.0,7607.1001,0.0,0.0,0.05,2551.0,0.05,0.0,293.0,1.1883,0.0006,0.0,-0.025,0.0029,0.0
2026-09-16T17:40:28Z,2026-09-16 17:39:47,SPXW,2026-09-16,P,8125.0,7607.1001,506.9,1.0,526.8,1.0,479.96,0.0,1.0,0.0,-0.9994,0.0,-0.025,0.0029,0.0
2026-09-16T17:40:28Z,2026-09-16 17:39:47,SPXW,2026-09-16,C,8150.0,7607.1001,0.0,0.0,0.05,2807.0,0.05,0.0,164.0,1.2394,0.0006,0.0,-0.025,0.0028,0.0
2026-09-16T17:40:28Z,2026-09-16 17:39:47,SPXW,2026-09-16,P,8150.0,7607.1001,531.9,1.0,551.8,1.0,0.0,0.0,0.0,0.0,-0.9994,0.0,-0.025,0.0028,0.0
2026-09-16T17:40:28Z,2026-09-16 17:39:47,SPXW,2026-09-16,C,8175.0,7607.1001,0.0,0.0,0.05,2841.0,0.05,0.0,86.0,1.2901,0.0006,0.0,-0.025,0.0027,0.0
2026-09-16T17:40:28Z,2026-09-16 17:39:47,SPXW,2026-09-16,P,8175.0,7607.1001,556.9,1.0,576.8,1.0,0.0,0.0,0.0,0.0,-0.9994,0.0,-0.025,0.0027,0.0
2026-09-16T17:40:28Z,2026-09-16 17:39:47,SPXW,2026-09-16,C,8200.0,7607.1001,0.0,0.0,0.05,2853.0,0.05,0.0,28.0,1.3406,0.0006,0.0,-0.025,0.0026,0.0
2026-09-16T17:40:28Z,2026-09-16 17:39:47,SPXW,2026-09-16,P,8200.0,7607.1001,581.9,1.0,601.8,1.0,0.0,0.0,0.0,0.0,-0.9994,0.0,-0.025,0.0026,0.0
2026-09-16T17:40:28Z,2026-09-16 17:39:47,SPXW,2026-09-16,C,8225.0,7607.1001,0.0,0.0,0.05,2847.0,0.1,0.0,14.0,1.3908,0.0006,0.0,-0.025,0.0026,0.0
2026-09-16T17:40:28Z,2026-09-16 17:39:47,SPXW,2026-09-16,P,8225.0,7607.1001,606.9,1.0,626.8,1.0,0.0,0.0,0.0,0.0,-0.9994,0.0,-0.025,0.0026,0.0
2026-09-16T17:40:28Z,2026-09-16 17:39:47,SPXW,2026-09-16,C,8250.0,7607.1001,0.0,0.0,0.05,2863.0,0.15,0.0,22.0,1.4406,0.0006,0.0,-0.025,0.0025,0.0
2026-09-16T17:40:28Z,2026-09-16 17:39:47,SPXW,2026-09-16,P,8250.0,7607.1001,631.8,1.0,651.8,1.0,0.0,0.0,0.0,0.0,-0.9994,0.0,-0.025,0.0025,0.0
2026-09-16T17:40:28Z,2026-09-16 17:39:47,SPXW,2026-09-16,C,8275.0,7607.1001,0.0,0.0,0.05,2877.0,0.1,0.0,67.0,1.4902,0.0005,0.0,-0.025,0.0024,0.0
2026-09-16T17:40:28Z,2026-09-16 17:39:47,SPXW,2026-09-16,P,8275.0,7607.1001,656.8,1.0,676.8,1.0,0.0,0.0,0.0,0.0,-0.9995,0.0,-0.025,0.0024,0.0
2026-09-16T17:40:28Z,2026-09-16 17:39:47,SPXW,2026-09-16,C,8300.0,7607.1001,0.0,0.0,0.05,2913.0,0.08,0.0,5.0,1.5396,0.0005,0.0,-0.025,0.0023,0.0
2026-09-16T17:40:28Z,2026-09-16 17:39:47,SPXW,2026-09-16,P,8300.0,7607.1001,681.8,1.0,701.8,1.0,617.8,0.0,3.0,0.0,-0.9995,0.0,-0.025,0.0023,0.0
2026-09-16T17:40:28Z,2026-09-16 17:39:47,SPXW,2026-09-16,C,8325.0,7607.1001,0.0,0.0,0.05,2898.0,0.48,0.0,4.0,1.5886,0.0005,0.0,-0.025,0.0023,0.0
2026-09-16T17:40:28Z,2026-09-16 17:39:47,SPXW,2026-09-16,P,8325.0,7607.1001,706.8,1.0,726.8,1.0,0.0,0.0,0.0,0.0,-0.9995,0.0,-0.025,0.0023,0.0
2026-09-16T17:40:28Z,2026-09-16 17:39:47,SPXW,2026-09-17,C,6850.0,7607.1001,749.6,1.0,769.0,1.0,0.0,0.0,0.0,0.8718,0.998,0.0,-0.0599,0.0262,0.1871
2026-09-16T17:40:28Z,2026-09-16 17:39:47,SPXW,2026-09-17,P,6850.0,7607.1001,0.1,787.0,0.15,24.0,0.1,31.0,214.0,0.6529,-0.0019,0.0,-0.1482,0.0262,-0.0004
2026-09-16T17:40:28Z,2026-09-16 17:39:47,SPXW,2026-09-17,C,6875.0,7607.1001,724.6,1.0,744.3,1.0,741.67,1.0,1.0,0.8551,0.9979,0.0,-0.0725,0.0282,0.1878
2026-09-16T17:40:28Z,2026-09-16 17:39:47,SPXW,2026-09-17,P,6875.0,7607.1001,0.15,7.0,0.2,635.0,0.15,132.0,209.0,0.6518,-0.0021,0.0,-0.1579,0.0283,-0.0004
2026-09-16T17:40:28Z,2026-09-16 17:39:47,SPXW,2026-09-17,C,6900.0,7607.1001,699.9,1.0,718.7,1.0,0.0,0.0,0.0,0.8187,0.9977,0.0,-0.0859,0.0305,0.1884
2026-09-16T17:40:28Z,2026-09-16 17:39:47,SPXW,2026-09-17,P,6900.0,7607.1001,0.15,50.0,0.2,333.0,0.15,37.0,488.0,0.6302,-0.0023,0.0,-0.1682,0.0305,-0.0005
2026-09-16T17:40:28Z,2026-09-16 17:39:47,SPXW,2026-09-17,C,6925.0,7607.1001,674.2,1.0,693.7,1.0,694.97,1.0,1.0,0.7679,0.9975,0.0,-0.1002,0.0329,0.1891
2026-09-16T17:40:28Z,2026-09-16 17:39:47,SPXW,2026-09-17,P,6925.0,7607.1001,0.15,220.0,0.2,210.0,0.15,134.0,846.0,0.6092,-0.0025,0.0,-0.1798,0.033,-0.0005
2026-09-16T17:40:28Z,2026-09-16 17:39:47,SPXW,2026-09-17,C,6950.0,7607.1001,649.7,1.0,669.1,1.0,0.0,0.0,0.0,0.7718,0.9973,0.0,-0.1155,0.0357,0.1897
2026-09-16T17:40:28Z,2026-09-16 17:39:47,SPXW,2026-09-17,P,6950.0,7607.1001,0.15,614.0,0.2,26.0,0.2,515.0,267.0,0.5881,-0.0027,0.0,-0.1917,0.0357,-0.0005
2026-09-16T17:40:28Z,2026-09-16 17:39:47,SPXW,2026-09-17,C,6975.0,7607.1001,624.7,1.0,644.3,1.0,0.0,0.0,0.0,0.7509,0.997,0.0,-0.132,0.0388,0.1904
2026-09-16T17:40:28Z,2026-09-16 17:39:47,SPXW,2026-09-17,P,6975.0,7607.1001,0.15,832.0,0.25,644.0,0.2,25.0,492.0,0.5742,-0.003,0.0,-0.2053,0.0388,-0.0006
2026-09-16T17:40:28Z,2026-09-16 17:39:47,SPXW,2026-09-17,C,6980.0,7607.1001,619.2,1.0,636.9,1.0,0.0,0.0,0.0,0.6229,0.997,0.0,-0.1354,0.0395,0.1905
2026-09-16T17:40:28Z,2026-09-16 17:39:47,SPXW,2026-09-17,P,6980.0,7607.1001,0.15,800.0,0.25,448.0,0.2,326.0,0.0,0.5699,-0.003,0.0,-0.2082,0.0394,-0.0006
2026-09-16T17:40:28Z,2026-09-16 17:39:47,SPXW,2026-09-17,C,6990.0,7607.1001,609.2,1.0,629.4,1.0,0.0,0.0,0.0,0.7232,0.9968,0.0,-0.1425,0.0408,0.1907
2026-09-16T17:40:28Z,2026-09-16 17:39:47,SPXW,2026-09-17,P,6990.0,7607.1001,0.15,879.0,0.25,341.0,0.2,134.0,137.0,0.5612,-0.0031,0.0,-0.2141,0.0408,-0.0006
2026-09-16T17:40:28Z,2026-09-16 17:39:47,SPXW,2026-09-17,C,7000.0,7607.1001,599.0,2.0,618.7,1.0,603.64,0.0,10.0,0.683,0.9967,0.0,-0.1499,0.0423,0.191
2026-09-16T17:40:28Z,2026-09-16 17:39:47,SPXW,2026-09-17,P,7000.0,7607.1001,0.2,154.0,0.25,321.0,0.22,560.0,301.0,0.5591,-0.0032,0.0,-0.2203,0.0422,-0.0006
2026-09-16T17:40:28Z,2026-09-16 17:39:47,SPXW,2026-09-17,C,7010.0,7607.1001,589.0,1.0,609.1,1.0,0.0,0.0,0.0,0.6865,0.9966,0.0,-0.1574,0.0438,0.1912
2026-09-16T17:40:28Z,2026-09-16 17:39:47,SPXW,2026-09-17,P,7010.0,7607.1001,0.2,237.0,0.25,204.0,0.2,32.0,50.0,0.5503,-0.0034,0.0,-0.2267,0.0438,-0.0007
2026-09-16T17:40:28Z,2026-09-16 17:39:47,SPXW,2026-09-17,C,7020.0,7607.1001,579.0,1.0,599.4,1.0,0.0,0.0,0.0,0.6854,0.9965,0.0,-0.1653,0.0453,0.1915
2026-09-16T17:40:28Z,2026-09-16 17:39:47,SPXW,2026-09-17,P,7020.0,7607.1001,0.2,322.0,0.25,32.0,0.25,8.0,47.0,0.5416,-0.0035,0.0,-0.2334,0.0453,-0.0007
2026-09-16T17:40:28Z,2026-09-16 17:39:47,SPXW,2026-09-17,C,7025.0,7607.1001,574.8,1.0,594.1,1.0,0.0,0.0,0.0,0.6945,0.9964,0.0,-0.1693,0.0461,0.1916
2026-09-16T17:40:28Z,2026-09-16 17:39:47,SPXW,2026-09-17,P,7025.0,7607.1001,0.2,493.0,0.25,21.0,0.25,65.0,99.0,0.5373,-0.0036,0.0,-0.2368,0.0461,-0.0007
2026-09-16T17:40:28Z,2026-09-16 17:39:47,SPXW,2026-09-17,C,7030.0,7607.1001,569.0,1.0,589.5,1.0,0.0,0.0,0.0,0.6778,0.9963,0.0,-0.1734,0.047,0.1917
2026-09-16T17:40:28Z,2026-09-16 17:39:47,SPXW,2026-09-17,P,7030.0,7607.1001,0.2,624.0,0.25,1.0,0.25,50.0,53.0,0.533,-0.0036,0.0,-0.2405,0.0469,-0.0007
2026-09-16T17:40:28Z,2026-09-16 17:39:47,SPXW,2026-09-17,C,7040.0,7607.1001,559.0,1.0,579.3,1.0,0.0,0.0,0.0,0.6613,0.9962,0.0,-0.1819,0.0487,0.192
2026-09-16T17:40:28Z,2026-09-16 17:39:47,SPXW,2026-09-17,P,7040.0,7607.1001,0.2,775.0,0.25,1.0,0.25,35.0,13.0,0.5242,-0.0038,0.0,-0.2477,0.0487,-0.0008
2026-09-16T17:40:28Z,2026-09-16 17:39:47,SPXW,2026-09-17,C,7050.0,7607.1001,549.1,1.0,569.3,1.0,631.62,0.0,7.0,0.6537,0.996,0.0,-0.1907,0.0504,0.1922
2026-09-16T17:40:28Z,2026-09-16 17:39:47,SPXW,2026-09-17,P,7050.0,7607.1001,0.2,804.0,0.3,415.0,0.25,26.0,1552.0,0.5211,-0.004,0.0,-0.2553,0.0504,-0.0008
2026-09-16T17:40:28Z,2026-09-16 17:39:47,SPXW,2026-09-17,C,7060.0,7607.1001,539.0,1.0,559.3,1.0,0.0,0.0,0.0,0.6402,0.9959,0.0001,-0.1998,0.0523,0.1924
2026-09-16T17:40:28Z,2026-09-16 17:39:47,SPXW,2026-09-17,P,7060.0,7607.1001,0.25,66.0,0.3,414.0,0.25,345.0,12.0,0.5175,-0.0041,0.0001,-0.2632,0.0523,-0.0008
2026-09-16T17:40:28Z,2026-09-16 17:39:47,SPXW,2026-09-17,C,7070.0,7607.1001,529.0,1.0,549.3,1.0,0.0,0.0,0.0,0.6297,0.9957,0.0001,-0.2092,0.0542,0.1927
2026-09-16T17:40:28Z,2026-09-16 17:39:47,SPXW,2026-09-17,P,7070.0,7607.1001,0.25,290.0,0.3,265.0,0.3,102.0,44.0,0.5087,-0.0043,0.0001,-0.2715,0.0542,-0.0009
2026-09-16T17:40:28Z,2026-09-16 17:39:47,SPXW,2026-09-17,C,7075.0,7607.1001,524.8,1.0,544.2,1.0,0.0,0.0,0.0,0.6434,0.9956,0.0001,-0.2141,0.0553,0.1928
2026-09-16T17:40:28Z,2026-09-16 17:39:47,SPXW,2026-09-17,P,7075.0,7607.1001,0.25,242.0,0.3,104.0,0.3,122.0,3258.0,0.5042,-0.0044,0.0001,-0.2758,0.0553,-0.0009
2026-09-16T17:40:28Z,2026-09-16 17:39:47,SPXW,2026-09-17,C,7080.0,7607.1001,519.1,1.0,539.2,1.0,0.0,0.0,0.0,0.6192,0.9955,0.0001,-0.2191,0.0563,0.1929
2026-09-16T17:40:28Z,2026-09-16 17:39:47,SPXW,2026-09-17,P,7080.0,7607.1001,0.25,307.0,0.3,32.0,0.3,107.0,64.0,0.4998,-0.0045,0.0001,-0.2802,0.0563,-0.0009
2026-09-16T17:40:28Z,2026-09-16 17:39:47,SPXW,2026-09-17,C,7090.0,7607.1001,509.1,2.0,529.1,1.0,0.0,0.0,0.0,0.6058,0.9953,0.0001,-0.2294,0.0585,0.1931
2026-09-16T17:40:28Z,2026-09-16 17:39:47,SPXW,2026-09-17,P,7090.0,7607.1001,0.3,94.0,0.35,583.0,0.3,22.0,61.0,0.5002,-0.0047,0.0001,-0.2893,0.0585,-0.0009
2026-09-16T17:40:28Z,2026-09-16 17:39:47,SPXW,2026-09-17,C,7100.0,7607.1001,499.9,1.0,519.5,1.0,593.83,0.0,20.0,0.626,0.9951,0.0001,-0.2401,0.0608,0.1934
2026-09-16T17:40:28Z,2026-09-16 17:39:47,SPXW,2026-09-17,P,7100.0,7607.1001,0.3,97.0,0.35,568.0,0.3,207.0,445.0,0.4912,-0.0049,0.0001,-0.2988,0.0608,-0.001
2026-09-16T17:40:28Z,2026-09-16 17:39:47,SPXW,2026-09-17,C,7110.0,7607.1001,489.6,1.0,509.2,1.0,0.0,0.0,0.0,0.6008,0.9949,0.0001,-0.2512,0.0633,0.1936
2026-09-16T17:40:28Z,2026-09-16 17:39:47,SPXW,2026-09-17,P,7110.0,7607.1001,0.3,143.0,0.35,369.0,0.35,31.0,65.0,0.4822,-0.0051,0.0001,-0.3088,0.0632,-0.001
2026-09-16T17:40:28Z,2026-09-16 17:39:47,SPXW,2026-09-17,C,7120.0,7607.1001,479.3,1.0,499.2,1.0,0.0,0.0,0.0,0.5824,0.9947,0.0001,-0.2629,0.0659,0.1938
2026-09-16T17:40:28Z,2026-09-16 17:39:47,SPXW,2026-09-17,P,7120.0,7607.1001,0.3,165.0,0.35,180.0,0.35,30.0,14.0,0.4728,-0.0053,0.0001,-0.3198,0.066,-0.0011
2026-09-16T17:40:28Z,2026-09-16 17:39:47,SPXW,2026-09-17,C,7125.0,7607.1001,474.9,1.0,494.6,1.0,0.0,0.0,0.0,0.601,0.9946,0.0001,-0.269,0.0672,0.194
2026-09-16T17:40:28Z,2026-09-16 17:39:47,SPXW,2026-09-17,P,7125.0,7607.1001,0.3,242.0,0.35,72.0,0.35,39.0,500.0,0.4684,-0.0054,0.0001,-0.3253,0.0673,-0.0011
2026-09-16T17:40:28Z,2026-09-16 17:39:47,SPXW,2026-09-17,C,7130.0,7607.1001,469.3,1.0,489.4,1.0,0.0,0.0,0.0,0.5768,0.9944,0.0001,-0.2752,0.0686,0.1941
2026-09-16T17:40:28Z,2026-09-16 17:39:47,SPXW,2026-09-17,P,7130.0,7607.1001,0.3,299.0,0.35,26.0,0.35,70.0,15.0,0.4639,-0.0056,0.0001,-0.3309,0.0687,-0.0011
2026-09-16T17:40:28Z,2026-09-16 17:39:47,SPXW,2026-09-17,C,7135.0,7607.1001,464.2,1.0,482.1,1.0,0.0,0.0,0.0,0.4887,0.9943,0.0001,-0.2815,0.0701,0.1942
2026-09-16T17:40:28Z,2026-09-16 17:39:47,SPXW,2026-09-17,P,7135.0,7607.1001,0.3,317.0,0.4,522.0,0.4,28.0,0.0,0.4632,-0.0057,0.0001,-0.3367,0.0701,-0.0012
2026-09-16T17:40:28Z,2026-09-16 17:39:47,SPXW,2026-09-17,C,7140.0,7607.1001,459.2,1.0,479.3,1.0,0.0,0.0,0.0,0.5611,0.9942,0.0001,-0.288,0.0715,0.1943
2026-09-16T17:40:28Z,2026-09-16 17:39:47,SPXW,2026-09-17,P,7140.0,7607.1001,0.3,473.0,0.35,1.0,0.35,40.0,47.0,0.4549,-0.0058,0.0001,-0.3426,0.0716,-0.0012
2026-09-16T17:40:28Z,2026-09-16 17:39:47,SPXW,2026-09-17,C,7145.0,7607.1001,454.3,1.0,474.4,1.0,0.0,0.0,0.0,0.5608,0.994,0.0001,-0.2947,0.073,0.1944
2026-09-16T17:40:28Z,2026-09-16 17:39:47,SPXW,2026-09-17,P,7145.0,7607.1001,0.3,493.0,0.35,1.0,0.35,44.0,2423.0,0.4504,-0.006,0.0001,-0.3487,0.0731,-0.0012
2026-09-16T17:40:28Z,2026-09-16 17:39:47,SPXW,2026-09-17,C,7150.0,7607.1001,449.5,1.0,469.4,1.0,545.43,0.0,20.0,0.5602,0.9939,0.0001,-0.3015,0.0746,0.1945
2026-09-16T17:40:28Z,2026-09-16 17:39:47,SPXW,2026-09-17,P,7150.0,7607.1001,0.3,479.0,0.4,368.0,0.35,49.0,559.0,0.4496,-0.0061,0.0001,-0.355,0.0746,-0.0012
2026-09-16T17:40:28Z,2026-09-16 17:39:47,SPXW,2026-09-17,C,7155.0,7607.1001,444.1,1.0,464.3,1.0,0.0,0.0,0.0,0.5426,0.9938,0.0001,-0.3085,0.0762,0.1946
2026-09-16T17:40:28Z,2026-09-16 17:39:47,SPXW,2026-09-17,P,7155.0,7607.1001,0.35,83.0,0.4,353.0,0.4,16.0,13.0,0.4486,-0.0062,0.0001,-0.3614,0.0762,-0.0013
2026-09-16T17:40:28Z,2026-09-16 17:39:47,SPXW,2026-09-17,C,7160.0,7607.1001,439.1,1.0,459.3,1.0,0.0,0.0,0.0,0.5373,0.9936,0.0001,-0.3157,0.0778,0.1947
2026-09-16T17:40:28Z,2026-09-16 17:39:47,SPXW,2026-09-17,P,7160.0,7607.1001,0.35,173.0,0.4,272.0,0.4,31.0,81.0,0.4442,-0.0064,0.0001,-0.3678,0.0778,-0.0013
2026-09-16T17:40:28Z,2026-09-16 17:39:47,SPXW,2026-09-17,C,7165.0,7607.1001,434.1,1.0,454.2,1.0,0.0,0.0,0.0,0.5294,0.9934,0.0001,-0.3231,0.0795,0.1948
2026-09-16T17:40:28Z,2026-09-16 17:39:47,SPXW,2026-09-17,P,7165.0,7607.1001,0.35,242.0,0.4,133.0,0.4,5.0,39.0,0.4396,-0.0065,0.0001,-0.3746,0.0795,-0.0013
2026-09-16T17:40:28Z,2026-09-16 17:39:47,SPXW,2026-09-17,C,7170.0,7607.1001,429.4,1.0,449.4,1.0,0.0,0.0,0.0,0.5363,0.9933,0.0001,-0.3307,0.0812,0.1949
2026-09-16T17:40:28Z,2026-09-16 17:39:47,SPXW,2026-09-17,P,7170.0,7607.1001,0.35,340.0,0.45,514.0,0.4,171.0,89.0,0.4383,-0.0067,0.0001,-0.3816,0.0812,-0.0014
2026-09-16T17:40:28Z,2026-09-16 17:39:47,SPXW,2026-09-17,C,7175.0,7607.1001,424.7,1.0,444.6,1.0,650.35,0.0,8.0,0.5419,0.9931,0.0001,-0.3385,0.083,0.195
2026-09-16T17:40:28Z,2026-09-16 17:39:47,SPXW,2026-09-17,P,7175.0,7607.1001,0.35,383.0,0.4,1.0,0.4,166.0,300.0,0.4305,-0.0069,0.0001,-0.3888,0.083,-0.0014
2026-09-16T17:40:28Z,2026-09-16 17:39:47,SPXW,2026-09-17,C,7180.0,7607.1001,419.1,1.0,439.3,1.0,0.0,0.0,0.0,0.516,0.993,0.0001,-0.3465,0.0848,0.1951
2026-09-16T17:40:28Z,2026-09-16 17:39:47,SPXW,2026-09-17,P,7180.0,7607.1001,0.35,387.0,0.45,511.0,0.4,22.0,151.0,0.4292,-0.007,0.0001,-0.3962,0.0848,-0.0014
2026-09-16T17:40:28Z,2026-09-16 17:39:47,SPXW,2026-09-17,C,7185.0,7607.1001,414.2,1.0,434.3,1.0,0.0,0.0,0.0,0.5131,0.9928,0.0001,-0.3547,0.0867,0.1952
2026-09-16T17:40:28Z,2026-09-16 17:39:47,SPXW,2026-09-17,P,7185.0,7607.1001,0.35,469.0,0.45,366.0,0.4,23.0,59.0,0.4246,-0.0072,0.0001,-0.4039,0.0867,-0.0015
2026-09-16T17:40:28Z,2026-09-16 17:39:47,SPXW,2026-09-17,C,7190.0,7607.1001,409.2,1.0,429.3,1.0,0.0,0.0,0.0,0.5078,0.9926,0.0001,-0.3632,0.0886,0.1953
2026-09-16T17:40:28Z,2026-09-16 17:39:47,SPXW,2026-09-17,P,7190.0,7607.1001,0.4,106.0,0.45,299.0,0.45,38.0,187.0,0.423,-0.0074,0.0001,-0.4118,0.0887,-0.0015
2026-09-16T17:40:28Z,2026-09-16 17:39:47,SPXW,2026-09-17,C,7195.0,7607.1001,404.4,1.0,424.5,1.0,0.0,0.0,0.0,0.5115,0.9924,0.0001,-0.3719,0.0906,0.1954
2026-09-16T17:40:28Z,2026-09-16 17:39:47,SPXW,2026-09-17,P,7195.0,7607.1001,0.4,153.0,0.45,158.0,0.45,99.0,146.0,0.4184,-0.0076,0.0001,-0.4199,0.0907,-0.0015
2026-09-16T17:40:28Z,2026-09-16 17:39:47,SPXW,2026-09-17,C,7200.0,7607.1001,400.0,1.0,418.9,1.0,535.58,0.0,14.0,0.5061,0.9922,0.0001,-0.3809,0.0928,0.1955
2026-09-16T17:40:28Z,2026-09-16 17:39:47,SPXW,2026-09-17,P,7200.0,7607.1001,0.4,241.0,0.45,60.0,0.47,1181.0,1396.0,0.4138,-0.0078,0.0001,-0.4284,0.0928,-0.0016
2026-09-16T17:40:28Z,2026-09-16 17:39:47,SPXW,2026-09-17,C,7205.0,7607.1001,394.4,1.0,413.9,1.0,0.0,0.0,0.0,0.487,0.992,0.0001,-0.3902,0.0949,0.1956
2026-09-16T17:40:28Z,2026-09-16 17:39:47,SPXW,2026-09-17,P,7205.0,7607.1001,0.4,333.0,0.5,428.0,0.45,16.0,102.0,0.412,-0.008,0.0001,-0.4371,0.095,-0.0016
2026-09-16T17:40:28Z,2026-09-16 17:39:47,SPXW,2026-09-17,C,7210.0,7607.1001,389.4,1.0,409.4,1.0,405.88,1.0,0.0,0.4931,0.9918,0.0001,-0.3998,0.0972,0.1957
2026-09-16T17:40:28Z,2026-09-16 17:39:47,SPXW,2026-09-17,P,7210.0,7607.1001,0.4,379.0,0.5,440.0,0.45,7.0,179.0,0.4075,-0.0082,0.0001,-0.4458,0.0971,-0.0017
2026-09-16T17:40:28Z,2026-09-16 17:39:47,SPXW,2026-09-17,C,7215.0,7607.1001,384.3,1.0,404.4,1.0,0.0,0.0,0.0,0.4855,0.9916,0.0001,-0.4097,0.0996,0.1958
2026-09-16T17:40:28Z,2026-09-16 17:39:47,SPXW,2026-09-17,P,7215.0,7607.1001,0.45,10.0,0.5,366.0,0.5,7.0,17.0,0.4055,-0.0084,0.0001,-0.4551,0.0995,-0.0017
2026-09-16T17:40:28Z,2026-09-16 17:39:47,SPXW,2026-09-17,C,7220.0,7607.1001,379.5,1.0,399.4,1.0,0.0,0.0,0.0,0.4844,0.9913,0.0001,-0.4199,0.102,0.1959
2026-09-16T17:40:28Z,2026-09-16 17:39:47,SPXW,2026-09-17,P,7220.0,7607.1001,0.45,106.0,0.5,297.0,0.5,68.0,126.0,0.4009,-0.0086,0.0001,-0.4647,0.1019,-0.0018
2026-09-16T17:40:28Z,2026-09-16 17:39:47,SPXW,2026-09-17,C,7225.0,7607.1001,374.4,1.0,394.7,1.0,0.0,0.0,0.0,0.483,0.9911,0.0001,-0.4306,0.1045,0.196
2026-09-16T17:40:28Z,2026-09-16 17:39:47,SPXW,2026-09-17,P,7225.0,7607.1001,0.45,144.0,0.5,65.0,0.5,7556.0,769.0,0.3962,-0.0089,0.0001,-0.4748,0.1045,-0.0018
2026-09-16T17:40:28Z,2026-09-16 17:39:47,SPXW,2026-09-17,C,7230.0,7607.1001,369.6,1.0,389.4,2.0,0.0,0.0,0.0,0.4756,0.9908,0.0001,-0.4416,0.1072,0.1961
2026-09-16T17:40:28Z,2026-09-16 17:39:47,SPXW,2026-09-17,P,7230.0,7607.1001,0.45,286.0,0.5,35.0,0.5,20.0,66.0,0.3915,-0.0091,0.0001,-0.4852,0.1071,-0.0018
2026-09-16T17:40:28Z,2026-09-16 17:39:47,SPXW,2026-09-17,C,7235.0,7607.1001,364.4,1.0,384.8,1.0,0.0,0.0,0.0,0.4741,0.9906,0.0001,-0.453,0.1099,0.1962
2026-09-16T17:40:28Z,2026-09-16 17:39:47,SPXW,2026-09-17,P,7235.0,7607.1001,0.45,409.0,0.55,428.0,0.5,538.0,50.0,0.3891,-0.0094,0.0001,-0.4964,0.11,-0.0019
2026-09-16T17:40:28Z,2026-09-16 17:39:47,SPXW,2026-09-17,C,7240.0,7607.1001,360.1,1.0,379.4,1.0,425.71,0.0,3.0,0.4742,0.9903,0.0002,-0.465,0.1127,0.1962
2026-09-16T17:40:28Z,2026-09-16 17:39:47,SPXW,2026-09-17,P,7240.0,7607.1001,0.45,431.0,0.55,397.0,0.55,52.0,90.0,0.3844,-0.0097,0.0002,-0.5078,0.1128,-0.002
2026-09-16T17:40:28Z,2026-09-16 17:39:47,SPXW,2026-09-17,C,7245.0,7607.1001,354.3,1.0,374.5,1.0,0.0,0.0,0.0,0.4551,0.99,0.0002,-0.4774,0.1157,0.1963
2026-09-16T17:40:28Z,2026-09-16 17:39:47,SPXW,2026-09-17,P,7245.0,7607.1001,0.5,106.0,0.55,255.0,0.55,65.0,71.0,0.382,-0.01,0.0002,-0.5197,0.1157,-0.002
2026-09-16T17:40:28Z,2026-09-16 17:39:47,SPXW,2026-09-17,C,7250.0,7607.1001,350.1,1.0,369.6,1.0,487.32,0.0,12.0,0.4667,0.9897,0.0002,-0.4904,0.1187,0.1964
2026-09-16T17:40:28Z,2026-09-16 17:39:47,SPXW,2026-09-17,P,7250.0,7607.1001,0.5,236.0,0.55,45.0,0.52,1679.0,2422.0,0.3773,-0.0102,0.0002,-0.5321,0.1188,-0.0021
2026-09-16T17:40:28Z,2026-09-16 17:39:47,SPXW,2026-09-17,C,7255.0,7607.1001,345.1,1.0,364.7,1.0,0.0,0.0,0.0,0.4629,0.9894,0.0002,-0.5039,0.1218,0.1965
2026-09-16T17:40:28Z,2026-09-16 17:39:47,SPXW,2026-09-17,P,7255.0,7607.1001,0.5,333.0,0.55,26.0,0.55,14.0,81.0,0.3727,-0.0106,0.0002,-0.5445,0.1218,-0.0021
2026-09-16T17:40:28Z,2026-09-16 17:39:47,SPXW,2026-09-17,C,7260.0,7607.1001,339.7,1.0,359.3,1.0,342.61,1.0,0.0,0.4427,0.9891,0.0002,-0.5181,0.1251,0.1965
2026-09-16T17:40:28Z,2026-09-16 17:39:47,SPXW,2026-09-17,P,7260.0,7607.1001,0.5,381.0,0.6,379.0,0.55,1916.0,157.0,0.3702,-0.0109,0.0002,-0.5581,0.125,-0.0022
2026-09-16T17:40:28Z,2026-09-16 17:39:47,SPXW,2026-09-17,C,7265.0,7607.1001,334.3,1.0,354.5,2.0,0.0,0.0,0.0,0.4333,0.9887,0.0002,-0.533,0.1286,0.1966
2026-09-16T17:40:28Z,2026-09-16 17:39:47,SPXW,2026-09-17,P,7265.0,7607.1001,0.55,113.0,0.6,156.0,0.6,33.0,51.0,0.3675,-0.0112,0.0002,-0.5724,0.1285,-0.0023
2026-09-16T17:40:28Z,2026-09-16 17:39:47,SPXW,2026-09-17,C,7270.0,7607.1001,329.7,1.0,349.5,1.0,0.0,0.0,0.0,0.4354,0.9884,0.0002,-0.5487,0.1322,0.1967
2026-09-16T17:40:28Z,2026-09-16 17:39:47,SPXW,2026-09-17,P,7270.0,7607.1001,0.55,235.0,0.6,45.0,0.6,19.0,199.0,0.3627,-0.0116,0.0002,-0.5874,0.1321,-0.0024
2026-09-16T17:40:28Z,2026-09-16 17:39:47,SPXW,2026-09-17,C,7275.0,7607.1001,324.3,2.0,344.5,1.0,328.09,1.0,6.0,0.4224,0.988,0.0002,-0.5651,0.1359,0.1967
2026-09-16T17:40:28Z,2026-09-16 17:39:47,SPXW,2026-09-17,P,7275.0,7607.1001,0.55,357.0,0.65,384.0,0.65,2150.0,549.0,0.3598,-0.012,0.0002,-0.6038,0.1359,-0.0024
2026-09-16T17:40:28Z,2026-09-16 17:39:47,SPXW,2026-09-17,C,7280.0,7607.1001,319.5,1.0,339.6,1.0,0.0,0.0,0.0,0.4225,0.9876,0.0002,-0.5825,0.1399,0.1968
2026-09-16T17:40:28Z,2026-09-16 17:39:47,SPXW,2026-09-17,P,7280.0,7607.1001,0.6,51.0,0.65,322.0,0.65,56.0,288.0,0.3569,-0.0124,0.0002,-0.6206,0.1399,-0.0025
2026-09-16T17:40:28Z,2026-09-16 17:39:47,SPXW,2026-09-17,C,7285.0,7607.1001,315.2,1.0,334.7,1.0,0.0,0.0,0.0,0.4308,0.9872,0.0002,-0.6008,0.1441,0.1968
2026-09-16T17:40:28Z,2026-09-16 17:39:47,SPXW,2026-09-17,P,7285.0,7607.1001,0.6,169.0,0.65,49.0,0.65,17.0,32.0,0.352,-0.0128,0.0002,-0.6383,0.1441,-0.0026
2026-09-16T17:40:28Z,2026-09-16 17:39:47,SPXW,2026-09-17,C,7290.0,7607.1001,309.8,1.0,329.3,1.0,0.0,0.0,0.0,0.4115,0.9867,0.0002,-0.6202,0.1486,0.1969
2026-09-16T17:40:28Z,2026-09-16 17:39:47,SPXW,2026-09-17,P,7290.0,7607.1001,0.6,356.0,0.7,380.0,0.65,49.0,441.0,0.349,-0.0133,0.0002,-0.6572,0.1486,-0.0027
2026-09-16T17:40:28Z,2026-09-16 17:39:47,SPXW,2026-09-17,C,7295.0,7607.1001,304.6,1.0,324.9,1.0,0.0,0.0,0.0,0.4129,0.9862,0.0002,-0.6409,0.1533,0.1969
2026-09-16T17:40:28Z,2026-09-16 17:39:47,SPXW,2026-09-17,P,7295.0,7607.1001,0.65,81.0,0.7,179.0,0.7,23.0,46.0,0.3459,-0.0137,0.0002,-0.6772,0.1533,-0.0028
2026-09-16T17:40:28Z,2026-09-16 17:39:47,SPXW,2026-09-17,C,7300.0,7607.1001,299.9,1.0,319.8,1.0,0.0,0.0,0.0,0.4105,0.9857,0.0002,-0.6629,0.1583,0.1969
2026-09-16T17:40:28Z,2026-09-16 17:39:47,SPXW,2026-09-17,P,7300.0,7607.1001,0.65,246.0,0.7,45.0,0.7,1249.0,1150.0,0.341,-0.0142,0.0002,-0.6986,0.1583,-0.0029
2026-09-16T17:40:28Z,2026-09-16 17:39:47,SPXW,2026-09-17,C,7305.0,7607.1001,295.3,1.0,314.8,1.0,0.0,0.0,0.0,0.4111,0.9852,0.0003,-0.6863,0.1635,0.197
2026-09-16T17:40:28Z,2026-09-16 17:39:47,SPXW,2026-09-17,P,7305.0,7607.1001,0.65,360.0,0.75,297.0,0.75,77.0,17.0,0.3378,-0.0148,0.0003,-0.7215,0.1635,-0.003
2026-09-16T17:40:28Z,2026-09-16 17:39:47,SPXW,2026-09-17,C,7310.0,7607.1001,290.4,1.0,309.8,1.0,0.0,0.0,0.0,0.4069,0.9846,0.0003,-0.7114,0.1691,0.197
2026-09-16T17:40:28Z,2026-09-16 17:39:47,SPXW,2026-09-17,P,7310.0,7607.1001,0.7,184.0,0.75,64.0,0.71,351.0,176.0,0.3345,-0.0154,0.0003,-0.746,0.1691,-0.0031
2026-09-16T17:40:28Z,2026-09-16 17:39:47,SPXW,2026-09-17,C,7315.0,7607.1001,285.0,1.0,304.6,1.0,355.27,0.0,3.0,0.392,0.984,0.0003,-0.7383,0.1749,0.197
2026-09-16T17:40:28Z,2026-09-16 17:39:47,SPXW,2026-09-17,P,7315.0,7607.1001,0.7,348.0,0.8,297.0,0.75,38.0,100.0,0.3311,-0.016,0.0003,-0.7723,0.1749,-0.0033
2026-09-16T17:40:28Z,2026-09-16 17:39:47,SPXW,2026-09-17,C,7320.0,7607.1001,280.4,1.0,299.9,1.0,0.0,0.0,0.0,0.3968,0.9833,0.0003,-0.7672,0.1811,0.197
2026-09-16T17:40:28Z,2026-09-16 17:39:47,SPXW,2026-09-17,P,7320.0,7607.1001,0.75,151.0,0.8,51.0,0.8,59.0,201.0,0.3276,-0.0167,0.0003,-0.8006,0.1811,-0.0034
2026-09-16T17:40:28Z,2026-09-16 17:39:47,SPXW,2026-09-17,C,7325.0,7607.1001,275.3,1.0,294.7,1.0,0.0,0.0,0.0,0.3867,0.9826,0.0003,-0.7982,0.1876,0.197
2026-09-16T17:40:28Z,2026-09-16 17:39:47,SPXW,2026-09-17,P,7325.0,7607.1001,0.8,8.0,0.85,260.0,0.8,7679.0,367.0,0.3241,-0.0174,0.0003,-0.8311,0.1876,-0.0035
2026-09-16T17:40:28Z,2026-09-16 17:39:47,SPXW,2026-09-17,C,7330.0,7607.1001,270.5,1.0,289.3,1.0,0.0,0.0,0.0,0.378,0.9818,0.0003,-0.8317,0.1945,0.197
2026-09-16T17:40:28Z,2026-09-16 17:39:47,SPXW,2026-09-17,P,7330.0,7607.1001,0.8,260.0,0.9,385.0,0.9,26.0,165.0,0.3219,-0.0181,0.0003,-0.864,0.1945,-0.0037
2026-09-16T17:40:28Z,2026-09-16 17:39:47,SPXW,2026-09-17,C,7335.0,7607.1001,264.8,1.0,284.8,1.0,0.0,0.0,0.0,0.3692,0.981,0.0003,-0.8678,0.2018,0.1969
2026-09-16T17:40:28Z,2026-09-16 17:39:47,SPXW,2026-09-17,P,7335.0,7607.1001,0.85,110.0,0.9,55.0,1.0,857.0,267.0,0.3182,-0.019,0.0003,-0.8995,0.2018,-0.0039
2026-09-16T17:40:28Z,2026-09-16 17:39:47,SPXW,2026-09-17,C,7340.0,7607.1001,260.5,1.0,279.8,1.0,0.0,0.0,0.0,0.3737,0.9802,0.0004,-0.9068,0.2098,0.1969
2026-09-16T17:40:28Z,2026-09-16 17:39:47,SPXW,2026-09-17,P,7340.0,7607.1001,0.85,327.0,0.95,164.0,0.9,86.0,311.0,0.3144,-0.0198,0.0004,-0.9379,0.2098,-0.004
2026-09-16T17:40:28Z,2026-09-16 17:39:47,SPXW,2026-09-17,C,7345.0,7607.1001,255.5,1.0,273.5,1.0,0.0,0.0,0.0,0.3485,0.9792,0.0004,-0.949,0.2183,0.1968
2026-09-16T17:40:28Z,2026-09-16 17:39:47,SPXW,2026-09-17,P,7345.0,7607.1001,0.9,291.0,1.0,290.0,0.95,107.0,256.0,0.3118,-0.0208,0.0004,-0.9795,0.2183,-0.0042
2026-09-16T17:40:28Z,2026-09-16 17:39:47,SPXW,2026-09-17,C,7350.0,7607.1001,250.6,1.0,268.6,1.0,346.5,0.0,30.0,0.3461,0.9782,0.0004,-0.9947,0.2274,0.1968
2026-09-16T17:40:28Z,2026-09-16 17:39:47,SPXW,2026-09-17,P,7350.0,7607.1001,0.95,222.0,1.05,351.0,0.96,3798.0,1040.0,0.3091,-0.0218,0.0004,-1.0247,0.2274,-0.0044
2026-09-16T17:40:28Z,2026-09-16 17:39:47,SPXW,2026-09-17,C,7355.0,7607.1001,245.6,1.0,263.4,1.0,0.0,0.0,0.0,0.3373,0.9771,0.0004,-1.0444,0.2371,0.1967
2026-09-16T17:40:28Z,2026-09-16 17:39:47,SPXW,2026-09-17,P,7355.0,7607.1001,1.0,213.0,1.1,320.0,1.1,60.0,333.0,0.3062,-0.0229,0.0004,-1.0738,0.2371,-0.0047
2026-09-16T17:40:28Z,2026-09-16 17:39:47,SPXW,2026-09-17,C,7360.0,7607.1001,240.1,1.0,260.0,1.0,248.16,0.0,3.0,0.3477,0.9759,0.0004,-1.0985,0.2475,0.1966
2026-09-16T17:40:28Z,2026-09-16 17:39:47,SPXW,2026-09-17,P,7360.0,7607.1001,1.05,208.0,1.15,273.0,1.05,147.0,296.0,0.3032,-0.0241,0.0004,-1.1273,0.2475,-0.0049
2026-09-16T17:40:28Z,2026-09-16 17:39:47,SPXW,2026-09-17,C,7365.0,7607.1001,235.1,1.0,253.5,1.0,0.0,0.0,0.0,0.3196,0.9746,0.0005,-1.1573,0.2584,0.1964
2026-09-16T17:40:28Z,2026-09-16 17:39:47,SPXW,2026-09-17,P,7365.0,7607.1001,1.1,223.0,1.2,214.0,1.15,71.0,126.0,0.3001,-0.0254,0.0005,-1.1856,0.2584,-0.0052
2026-09-16T17:40:28Z,2026-09-16 17:39:47,SPXW,2026-09-17,C,7370.0,7607.1001,231.0,1.0,248.6,1.0,218.44,0.0,30.0,0.3292,0.9732,0.0005,-1.2214,0.2701,0.1963
2026-09-16T17:40:28Z,2026-09-16 17:39:47,SPXW,2026-09-17,P,7370.0,7607.1001,1.2,70.0,1.25,84.0,1.2,184.0,197.0,0.2978,-0.0268,0.0005,-1.2491,0.2701,-0.0055
2026-09-16T17:40:28Z,2026-09-16 17:39:47,SPXW,2026-09-17,C,7375.0,7607.1001,225.2,1.0,245.6,1.0,334.07,0.0,5.0,0.3389,0.9717,0.0005,-1.2912,0.2825,0.1961
2026-09-16T17:40:28Z,2026-09-16 17:39:47,SPXW,2026-09-17,P,7375.0,7607.1001,1.25,165.0,1.35,298.0,1.3,2425.0,270.0,0.2953,-0.0283,0.0005,-1.3183,0.2825,-0.0058
2026-09-16T17:40:28Z,2026-09-16 17:39:47,SPXW,2026-09-17,C,7380.0,7607.1001,221.2,1.0,238.7,2.0,239.22,1.0,30.0,0.3216,0.97,0.0006,-1.3673,0.2958,0.1959
2026-09-16T17:40:28Z,2026-09-16 17:39:47,SPXW,2026-09-17,P,7380.0,7607.1001,1.3,194.0,1.4,173.0,1.35,209.0,1143.0,0.2918,-0.0299,0.0006,-1.3937,0.2958,-0.0061
2026-09-16T17:40:28Z,2026-09-16 17:39:47,SPXW,2026-09-17,C,7385.0,7607.1001,215.5,1.0,233.4,1.0,223.83,0.0,1.0,0.3018,0.9683,0.0006,-1.4501,0.3101,0.1957
2026-09-16T17:40:28Z,2026-09-16 17:39:47,SPXW,2026-09-17,P,7385.0,7607.1001,1.4,163.0,1.5,215.0,1.45,154.0,131.0,0.2898,-0.0317,0.0006,-1.476,0.3101,-0.0065
2026-09-16T17:40:28Z,2026-09-16 17:39:47,SPXW,2026-09-17,C,7390.0,7607.1001,211.4,1.0,228.9,2.0,0.0,0.0,0.0,0.315,0.9663,0.0006,-1.5404,0.3255,0.1954
2026-09-16T17:40:28Z,2026-09-16 17:39:47,SPXW,2026-09-17,P,7390.0,7607.1001,1.5,104.0,1.55,2.0,1.5,309.0,1244.0,0.2869,-0.0336,0.0006,-1.5657,0.3255,-0.0069
2026-09-16T17:40:28Z,2026-09-16 17:39:47,SPXW,2026-09-17,C,7395.0,7607.1001,207.4,1.0,221.1,1.0,0.0,0.0,0.0,0.2844,0.9643,0.0006,-1.639,0.3418,0.1951
2026-09-16T17:40:28Z,2026-09-16 17:39:47,SPXW,2026-09-17,P,7395.0,7607.1001,1.6,77.0,1.7,290.0,1.7,290.0,114.0,0.2853,-0.0357,0.0006,-1.6638,0.3418,-0.0073
2026-09-16T17:40:28Z,2026-09-16 17:39:47,SPXW,2026-09-17,C,7400.0,7607.1001,203.6,1.0,217.1,1.0,216.63,5.0,18.0,0.3078,0.962,0.0007,-1.7467,0.3591,0.1948
2026-09-16T17:40:28Z,2026-09-16 17:39:47,SPXW,2026-09-17,P,7400.0,7607.1001,1.7,107.0,1.8,223.0,1.7,571.0,1023.0,0.2827,-0.038,0.0007,-1.7708,0.3591,-0.0078
2026-09-16T17:40:28Z,2026-09-16 17:39:47,SPXW,2026-09-17,C,7405.0,7607.1001,198.9,1.0,211.6,1.0,190.58,0.0,10.0,0.2995,0.9596,0.0007,-1.8642,0.3773,0.1944
2026-09-16T17:40:28Z,2026-09-16 17:39:47,SPXW,2026-09-17,P,7405.0,7607.1001,1.85,2.0,1.9,195.0,1.95,155.0,141.0,0.2806,-0.0404,0.0007,-1.8877,0.3773,-0.0083
2026-09-16T17:40:28Z,2026-09-16 17:39:47,SPXW,2026-09-17,C,7410.0,7607.1001,195.8,16.0,203.6,16.0,202.32,0.0,1.0,0.2801,0.9569,0.0008,-1.9923,0.3966,0.194
2026-09-16T17:40:28Z,2026-09-16 17:39:47,SPXW,2026-09-17,P,7410.0,7607.1001,1.95,52.0,2.0,25.0,2.05,71.0,216.0,0.2782,-0.043,0.0008,-2.0152,0.3966,-0.0088
2026-09-16T17:40:28Z,2026-09-16 17:39:47,SPXW,2026-09-17,C,7415.0,7607.1001,191.7,16.0,198.4,16.0,189.32,13.0,0.0,0.2828,0.9541,0.0008,-2.1318,0.4172,0.1936
2026-09-16T17:40:28Z,2026-09-16 17:39:47,SPXW,2026-09-17,P,7415.0,7607.1001,2.05,129.0,2.15,64.0,2.06,144.0,167.0,0.275,-0.0459,0.0008,-2.1542,0.4172,-0.0094
2026-09-16T17:40:28Z,2026-09-16 17:39:47,SPXW,2026-09-17,C,7420.0,7607.1001,186.5,16.0,193.9,16.0,219.91,0.0,26.0,0.2803,0.951,0.0009,-2.2838,0.4393,0.1931
2026-09-16T17:40:28Z,2026-09-16 17:39:47,SPXW,2026-09-17,P,7420.0,7607.1001,2.2,123.0,2.3,76.0,2.25,305.0,1347.0,0.2728,-0.049,0.0009,-2.3056,0.4393,-0.0101
2026-09-16T17:40:28Z,2026-09-16 17:39:47,SPXW,2026-09-17,C,7425.0,7607.1001,181.8,16.0,189.0,16.0,186.5,1.0,30.0,0.2786,0.9477,0.0009,-2.4495,0.4628,0.1925
2026-09-16T17:40:28Z,2026-09-16 17:39:47,SPXW,2026-09-17,P,7425.0,7607.1001,2.4,92.0,2.45,19.0,2.33,2540.0,1695.0,0.271,-0.0523,0.0009,-2.4707,0.4628,-0.0108
2026-09-16T17:40:28Z,2026-09-16 17:39:47,SPXW,2026-09-17,C,7430.0,7607.1001,177.3,16.0,184.1,16.0,182.6,2.0,2.0,0.2785,0.9441,0.001,-2.6301,0.4872,0.1919
2026-09-16T17:40:28Z,2026-09-16 17:39:47,SPXW,2026-09-17,P,7430.0,7607.1001,2.55,122.0,2.65,150.0,2.5,212.0,276.0,0.2688,-0.0559,0.001,-2.6507,0.4872,-0.0115
2026-09-16T17:40:28Z,2026-09-16 17:39:47,SPXW,2026-09-17,C,7435.0,7607.1001,172.1,16.0,179.3,16.0,170.09,12.0,0.0,0.2723,0.9402,0.001,-2.8267,0.5128,0.1912
2026-09-16T17:40:28Z,2026-09-16 17:39:47,SPXW,2026-09-17,P,7435.0,7607.1001,2.75,99.0,2.85,148.0,2.8,510.0,197.0,0.2669,-0.0597,0.001,-2.8468,0.5128,-0.0123
2026-09-16T17:40:28Z,2026-09-16 17:39:47,SPXW,2026-09-17,C,7440.0,7607.1001,167.3,16.0,174.3,16.0,178.52,7.0,7.0,0.2679,0.9361,0.0011,-3.0405,0.5396,0.1905
2026-09-16T17:40:28Z,2026-09-16 17:39:47,SPXW,2026-09-17,P,7440.0,7607.1001,2.95,136.0,3.1,173.0,3.1,285.0,542.0,0.2657,-0.0639,0.0011,-3.06,0.5396,-0.0132
2026-09-16T17:40:28Z,2026-09-16 17:39:47,SPXW,2026-09-17,C,7445.0,7607.1001,162.6,16.0,169.5,16.0,0.0,0.0,0.0,0.2662,0.9316,0.0012,-3.2727,0.5682,0.1897
2026-09-16T17:40:28Z,2026-09-16 17:39:47,SPXW,2026-09-17,P,7445.0,7607.1001,3.2,84.0,3.3,129.0,3.25,396.0,207.0,0.2632,-0.0684,0.0012,-3.2916,0.5682,-0.0141
2026-09-16T17:40:28Z,2026-09-16 17:39:47,SPXW,2026-09-17,C,7450.0,7607.1001,157.8,16.0,165.0,16.0,163.64,3.0,36.0,0.2658,0.9268,0.0013,-3.525,0.5985,0.1888
2026-09-16T17:40:28Z,2026-09-16 17:39:47,SPXW,2026-09-17,P,7450.0,7607.1001,3.4,220.0,3.6,161.0,3.51,668.0,3615.0,0.2612,-0.0732,0.0013,-3.5433,0.5985,-0.0151
2026-09-16T17:40:28Z,2026-09-16 17:39:47,SPXW,2026-09-17,C,7455.0,7607.1001,153.2,16.0,160.0,16.0,0.0,0.0,0.0,0.2625,0.9216,0.0013,-3.799,0.6298,0.1879
2026-09-16T17:40:28Z,2026-09-16 17:39:47,SPXW,2026-09-17,P,7455.0,7607.1001,3.7,159.0,3.8,53.0,3.65,424.0,135.0,0.259,-0.0784,0.0013,-3.8168,0.6298,-0.0162
2026-09-16T17:40:28Z,2026-09-16 17:39:47,SPXW,2026-09-17,C,7460.0,7607.1001,148.1,16.0,155.2,16.0,182.04,0.0,1.0,0.2567,0.9161,0.0014,-4.0965,0.6621,0.1869
2026-09-16T17:40:28Z,2026-09-16 17:39:47,SPXW,2026-09-17,P,7460.0,7607.1001,4.0,177.0,4.1,74.0,4.2,322.0,846.0,0.2573,-0.0839,0.0014,-4.1137,0.6621,-0.0174
2026-09-16T17:40:28Z,2026-09-16 17:39:47,SPXW,2026-09-17,C,7465.0,7607.1001,143.8,17.0,150.8,16.0,154.26,18.0,8.0,0.2598,0.9102,0.0015,-4.4187,0.6957,0.1858
2026-09-16T17:40:28Z,2026-09-16 17:39:47,SPXW,2026-09-17,P,7465.0,7607.1001,4.3,179.0,4.4,25.0,4.41,311.0,146.0,0.2559,-0.0898,0.0015,-4.4353,0.6957,-0.0186
2026-09-16T17:40:28Z,2026-09-16 17:39:47,SPXW,2026-09-17,C,7470.0,7607.1001,139.5,17.0,146.1,16.0,124.92,0.0,35.0,0.2599,0.9038,0.0016,-4.7674,0.731,0.1846
2026-09-16T17:40:28Z,2026-09-16 17:39:47,SPXW,2026-09-17,P,7470.0,7607.1001,4.7,64.0,4.8,125.0,4.75,383.0,922.0,0.2542,-0.0962,0.0016,-4.7834,0.731,-0.0199
2026-09-16T17:40:28Z,2026-09-16 17:39:47,SPXW,2026-09-17,C,7475.0,7607.1001,134.6,17.0,141.2,16.0,144.96,1.0,5.0,0.2542,0.897,0.0017,-5.1447,0.768,0.1833
2026-09-16T17:40:28Z,2026-09-16 17:39:47,SPXW,2026-09-17,P,7475.0,7607.1001,5.0,186.0,5.2,147.0,4.93,783.0,600.0,0.252,-0.103,0.0017,-5.1601,0.768,-0.0213
2026-09-16T17:40:28Z,2026-09-16 17:39:47,SPXW,2026-09-17,C,7480.0,7607.1001,130.1,17.0,136.9,16.0,132.03,18.0,32.0,0.2548,0.8898,0.0018,-5.553,0.8058,0.1819
2026-09-16T17:40:28Z,2026-09-16 17:39:47,SPXW,2026-09-17,P,7480.0,7607.1001,5.4,176.0,5.6,134.0,5.3,281.0,390.0,0.2509,-0.1102,0.0018,-5.5678,0.8058,-0.0229
2026-09-16T17:40:28Z,2026-09-16 17:39:47,SPXW,2026-09-17,C,7485.0,7607.1001,125.6,17.0,132.0,16.0,0.0,0.0,0.0,0.2512,0.882,0.0019,-5.994,0.8442,0.1804
2026-09-16T17:40:28Z,2026-09-16 17:39:47,SPXW,2026-09-17,P,7485.0,7607.1001,5.9,54.0,6.0,62.0,5.95,424.0,350.0,0.2487,-0.1179,0.0019,-6.0082,0.8442,-0.0245
2026-09-16T17:40:28Z,2026-09-16 17:39:47,SPXW,2026-09-17,C,7490.0,7607.1001,121.1,17.0,127.4,16.0,122.35,6.0,2.0,0.2491,0.8738,0.002,-6.4694,0.8838,0.1789
2026-09-16T17:40:28Z,2026-09-16 17:39:47,SPXW,2026-09-17,P,7490.0,7607.1001,6.4,37.0,6.5,107.0,6.5,349.0,821.0,0.2473,-0.1261,0.002,-6.4831,0.8838,-0.0262
2026-09-16T17:40:28Z,2026-09-16 17:39:47,SPXW,2026-09-17,C,7495.0,7607.1001,116.1,17.0,122.9,16.0,120.05,5.0,2.0,0.2445,0.8651,0.0021,-6.9814,0.9251,0.1772
2026-09-16T17:40:28Z,2026-09-16 17:39:47,SPXW,2026-09-17,P,7495.0,7607.1001,6.9,51.0,7.0,85.0,7.0,332.0,158.0,0.2454,-0.1349,0.0021,-6.9945,0.9251,-0.028
2026-09-16T17:40:28Z,2026-09-16 17:39:47,SPXW,2026-09-17,C,7500.0,7607.1001,113.8,7.0,116.7,6.0,117.9,24.0,76.0,0.2449,0.8558,0.0022,-7.533,0.9672,0.1753
2026-09-16T17:40:28Z,2026-09-16 17:39:47,SPXW,2026-09-17,P,7500.0,7607.1001,7.4,82.0,7.6,123.0,7.4,2320.0,2764.0,0.2438,-0.1441,0.0022,-7.5455,0.9672,-0.03
2026-09-16T17:40:28Z,2026-09-16 17:39:47,SPXW,2026-09-17,C,7505.0,7607.1001,107.5,17.0,114.4,16.0,110.96,15.0,23.0,0.2442,0.846,0.0023,-8.1262,1.0093,0.1734
2026-09-16T17:40:28Z,2026-09-16 17:39:47,SPXW,2026-09-17,P,7505.0,7607.1001,8.0,73.0,8.2,112.0,8.0,311.0,199.0,0.2421,-0.154,0.0023,-8.1382,1.0093,-0.032
2026-09-16T17:40:28Z,2026-09-16 17:39:47,SPXW,2026-09-17,C,7510.0,7607.1001,103.5,17.0,110.0,16.0,106.95,52.0,64.0,0.244,0.8356,0.0024,-8.7625,1.0519,0.1714
2026-09-16T17:40:28Z,2026-09-16 17:39:47,SPXW,2026-09-17,P,7510.0,7607.1001,8.6,112.0,8.8,104.0,8.72,681.0,420.0,0.2401,-0.1644,0.0024,-8.7739,1.0519,-0.0342
2026-09-16T17:40:28Z,2026-09-16 17:39:47,SPXW,2026-09-17,C,7515.0,7607.1001,99.5,17.0,105.3,16.0,102.48,30.0,24.0,0.2419,0.8246,0.0026,-9.4434,1.0956,0.1692
2026-09-16T17:40:28Z,2026-09-16 17:39:47,SPXW,2026-09-17,P,7515.0,7607.1001,9.3,55.0,9.5,98.0,9.15,512.0,224.0,0.2386,-0.1754,0.0026,-9.4542,1.0956,-0.0365
2026-09-16T17:40:28Z,2026-09-16 17:39:47,SPXW,2026-09-17,C,7520.0,7607.1001,97.1,4.0,98.5,4.0,98.26,81.0,22.0,0.2372,0.813,0.0027,-10.1714,1.1398,0.1669
2026-09-16T17:40:28Z,2026-09-16 17:39:47,SPXW,2026-09-17,P,7520.0,7607.1001,10.0,110.0,10.2,85.0,10.0,883.0,451.0,0.2366,-0.187,0.0027,-10.1815,1.1398,-0.039
2026-09-16T17:40:28Z,2026-09-16 17:39:47,SPXW,2026-09-17,C,7525.0,7607.1001,93.0,4.0,94.3,4.0,94.01,84.0,90.0,0.236,0.8007,0.0028,-10.9476,1.1834,0.1644
2026-09-16T17:40:28Z,2026-09-16 17:39:47,SPXW,2026-09-17,P,7525.0,7607.1001,10.8,60.0,11.0,86.0,10.65,393.0,526.0,0.2351,-0.1992,0.0028,-10.9572,1.1834,-0.0416
2026-09-16T17:40:28Z,2026-09-16 17:39:47,SPXW,2026-09-17,C,7530.0,7607.1001,88.8,4.0,90.1,4.0,89.87,69.0,28.0,0.234,0.7879,0.003,-11.7714,1.2265,0.1619
2026-09-16T17:40:28Z,2026-09-16 17:39:47,SPXW,2026-09-17,P,7530.0,7607.1001,11.6,97.0,11.8,74.0,11.7,485.0,286.0,0.2331,-0.2121,0.003,-11.7804,1.2265,-0.0442
2026-09-16T17:40:28Z,2026-09-16 17:39:47,SPXW,2026-09-17,C,7535.0,7607.1001,84.6,12.0,86.0,10.0,85.77,30.0,47.0,0.2319,0.7743,0.0031,-12.6412,1.2698,0.1592
2026-09-16T17:40:28Z,2026-09-16 17:39:47,SPXW,2026-09-17,P,7535.0,7607.1001,12.5,54.0,12.7,76.0,12.6,269.0,242.0,0.2314,-0.2256,0.0031,-12.6497,1.2698,-0.0471
2026-09-16T17:40:28Z,2026-09-16 17:39:47,SPXW,2026-09-17,C,7540.0,7607.1001,80.8,14.0,81.8,4.0,83.93,26.0,22.0,0.2305,0.7601,0.0032,-13.5556,1.313,0.1563
2026-09-16T17:40:28Z,2026-09-16 17:39:47,SPXW,2026-09-17,P,7540.0,7607.1001,13.5,54.0,13.6,43.0,13.6,451.0,759.0,0.2296,-0.2399,0.0032,-13.5634,1.313,-0.0501
2026-09-16T17:40:28Z,2026-09-16 17:39:47,SPXW,2026-09-17,C,7545.0,7607.1001,76.8,14.0,77.8,12.0,77.33,16.0,99.0,0.2285,0.7452,0.0033,-14.511,1.3545,0.1533
2026-09-16T17:40:28Z,2026-09-16 17:39:47,SPXW,2026-09-17,P,7545.0,7607.1001,14.5,35.0,14.6,8.0,14.9,215.0,166.0,0.2281,-0.2547,0.0033,-14.5183,1.3545,-0.0532
2026-09-16T17:40:28Z,2026-09-16 17:39:47,SPXW,2026-09-17,C,7550.0,7607.1001,72.9,14.0,74.0,17.0,73.33,1047.0,110.0,0.2265,0.7297,0.0035,-15.4996,1.3946,0.1502
2026-09-16T17:40:28Z,2026-09-16 17:39:47,SPXW,2026-09-17,P,7550.0,7607.1001,15.6,27.0,15.7,60.0,15.5,1026.0,498.0,0.2261,-0.2703,0.0035,-15.5063,1.3946,-0.0565
2026-09-16T17:40:28Z,2026-09-16 17:39:47,SPXW,2026-09-17,C,7555.0,7607.1001,69.5,12.0,69.8,18.0,71.26,1044.0,104.0,0.2254,0.7134,0.0036,-16.5106,1.4339,0.1469
2026-09-16T17:40:28Z,2026-09-16 17:39:47,SPXW,2026-09-17,P,7555.0,7607.1001,16.7,56.0,16.9,60.0,16.1,307.0,255.0,0.2243,-0.2866,0.0036,-16.5167,1.4339,-0.0599
2026-09-16T17:40:28Z,2026-09-16 17:39:47,SPXW,2026-09-17,C,7560.0,7607.1001,65.8,6.0,66.0,6.0,70.43,44.0,74.0,0.2237,0.6965,0.0037,-17.5321,1.4716,0.1434
2026-09-16T17:40:28Z,2026-09-16 17:39:47,SPXW,2026-09-17,P,7560.0,7607.1001,17.9,47.0,18.1,54.0,17.44,451.0,443.0,0.2226,-0.3035,0.0037,-17.5376,1.4716,-0.0635
2026-09-16T17:40:28Z,2026-09-16 17:39:47,SPXW,2026-09-17,C,7565.0,7607.1001,62.1,9.0,62.3,9.0,64.11,79.0,81.0,0.2214,0.6788,0.0038,-18.5491,1.5065,0.1398
2026-09-16T17:40:28Z,2026-09-16 17:39:47,SPXW,2026-09-17,P,7565.0,7607.1001,19.3,4.0,19.4,57.0,18.6,163.0,184.0,0.2207,-0.3211,0.0038,-18.5541,1.5065,-0.0672
2026-09-16T17:40:28Z,2026-09-16 17:39:47,SPXW,2026-09-17,C,7570.0,7607.1001,58.5,9.0,58.7,9.0,60.7,235.0,178.0,0.2196,0.6605,0.004,-19.5403,1.539,0.1362
2026-09-16T17:40:28Z,2026-09-16 17:39:47,SPXW,2026-09-17,P,7570.0,7607.1001,20.6,54.0,20.8,59.0,20.4,690.0,645.0,0.219,-0.3395,0.004,-19.5446,1.539,-0.0711
2026-09-16T17:40:28Z,2026-09-16 17:39:47,SPXW,2026-09-17,C,7575.0,7607.1001,54.9,17.0,55.2,15.0,57.6,305.0,119.0,0.2179,0.6415,0.0041,-20.4793,1.5694,0.1322
2026-09-16T17:40:28Z,2026-09-16 17:39:47,SPXW,2026-09-17,P,7575.0,7607.1001,22.1,36.0,22.3,59.0,22.2,745.0,382.0,0.217,-0.3584,0.0041,-20.4831,1.5694,-0.0751
2026-09-16T17:40:28Z,2026-09-16 17:39:47,SPXW,2026-09-17,C,7580.0,7607.1001,51.5,18.0,51.7,5.0,53.5,225.0,334.0,0.2156,0.6219,0.0042,-21.34,1.5964,0.1282
2026-09-16T17:40:28Z,2026-09-16 17:39:47,SPXW,2026-09-17,P,7580.0,7607.1001,23.7,35.0,23.9,68.0,22.8,576.0,832.0,0.2153,-0.3781,0.0042,-21.3432,1.5964,-0.0793
2026-09-16T17:40:28Z,2026-09-16 17:39:47,SPXW,2026-09-17,C,7585.0,7607.1001,48.2,11.0,48.4,31.0,50.1,138.0,213.0,0.214,0.6016,0.0043,-22.0959,1.6196,0.1241
2026-09-16T17:40:28Z,2026-09-16 17:39:47,SPXW,2026-09-17,P,7585.0,7607.1001,25.3,56.0,25.5,13.0,24.17,461.0,349.0,0.2137,-0.3984,0.0043,-22.0986,1.6196,-0.0836
2026-09-16T17:40:28Z,2026-09-16 17:39:47,SPXW,2026-09-17,C,7590.0,7607.1001,45.0,6.0,45.1,6.0,46.8,371.0,120.0,0.2124,0.5806,0.0044,-22.7142,1.6392,0.1198
2026-09-16T17:40:28Z,2026-09-16 17:39:47,SPXW,2026-09-17,P,7590.0,7607.1001,27.1,31.0,27.3,45.0,26.35,480.0,337.0,0.2115,-0.4194,0.0044,-22.7163,1.6392,-0.088
2026-09-16T17:40:28Z,2026-09-16 17:39:47,SPXW,2026-09-17,C,7595.0,7607.1001,41.8,24.0,42.0,28.0,43.7,253.0,191.0,0.2101,0.5591,0.0045,-23.161,1.6548,0.1153
2026-09-16T17:40:28Z,2026-09-16 17:39:47,SPXW,2026-09-17,P,7595.0,7607.1001,29.0,29.0,29.2,58.0,28.6,529.0,566.0,0.2098,-0.4409,0.0045,-23.1625,1.6548,-0.0926
2026-09-16T17:40:28Z,2026-09-16 17:39:47,SPXW,2026-09-17,C,7600.0,7607.1001,38.8,20.0,39.0,41.0,38.8,857.0,396.0,0.2084,0.537,0.0045,-23.4127,1.6655,0.1108
2026-09-16T17:40:28Z,2026-09-16 17:39:47,SPXW,2026-09-17,P,7600.0,7607.1001,31.0,7.0,31.1,6.0,31.0,1466.0,861.0,0.2078,-0.463,0.0045,-23.4136,1.6655,-0.0972
2026-09-16T17:40:28Z,2026-09-16 17:39:47,SPXW,2026-09-17,C,7605.0,7607.1001,35.9,7.0,36.0,4.0,36.0,1057.0,235.0,0.2067,0.5144,0.0046,-23.4501,1.6714,0.1062
2026-09-16T17:40:28Z,2026-09-16 17:39:47,SPXW,2026-09-17,P,7605.0,7607.1001,33.0,40.0,33.2,6.0,33.1,1039.0,186.0,0.2064,-0.4855,0.0046,-23.4504,1.6714,-0.102
2026-09-16T17:40:28Z,2026-09-16 17:39:47,SPXW,2026-09-17,C,7610.0,7607.1001,33.1,7.0,33.2,5.0,33.0,1094.0,518.0,0.2048,0.4914,0.0046,-23.2522,1.6721,0.1014
2026-09-16T17:40:28Z,2026-09-16 17:39:47,SPXW,2026-09-17,P,7610.0,7607.1001,35.2,38.0,35.4,13.0,35.2,1166.0,379.0,0.2045,-0.5086,0.0046,-23.2519,1.6721,-0.1069
2026-09-16T17:40:28Z,2026-09-16 17:39:47,SPXW,2026-09-17,C,7615.0,7607.1001,30.4,22.0,30.5,4.0,30.4,1166.0,213.0,0.2029,0.468,0.0047,-22.813,1.6673,0.0966
2026-09-16T17:40:28Z,2026-09-16 17:39:47,SPXW,2026-09-17,P,7615.0,7607.1001,37.5,33.0,37.7,12.0,36.8,759.0,167.0,0.2026,-0.532,0.0047,-22.8121,1.6673,-0.1119
2026-09-16T17:40:28Z,2026-09-16 17:39:47,SPXW,2026-09-17,C,7620.0,7607.1001,27.8,28.0,28.0,44.0,27.72,1352.0,224.0,0.2014,0.4443,0.0047,-22.1438,1.6569,0.0918
2026-09-16T17:40:28Z,2026-09-16 17:39:47,SPXW,2026-09-17,P,7620.0,7607.1001,40.0,20.0,40.2,41.0,39.9,594.0,227.0,0.2005,-0.5557,0.0047,-22.1424,1.6569,-0.1168
2026-09-16T17:40:28Z,2026-09-16 17:39:47,SPXW,2026-09-17,C,7625.0,7607.1001,25.4,28.0,25.6,58.0,25.8,692.0,337.0,0.1992,0.4204,0.0047,-21.2575,1.6402,0.0867
2026-09-16T17:40:28Z,2026-09-16 17:39:47,SPXW,2026-09-17,P,7625.0,7607.1001,42.6,6.0,42.7,6.0,44.3,234.0,668.0,0.1989,-0.5796,0.0047,-21.2555,1.6402,-0.122
2026-09-16T17:40:28Z,2026-09-16 17:39:47,SPXW,2026-09-17,C,7630.0,7607.1001,23.1,23.0,23.3,55.0,23.5,741.0,308.0,0.1975,0.3964,0.0046,-20.1771,1.6178,0.0818
2026-09-16T17:40:28Z,2026-09-16 17:39:47,SPXW,2026-09-17,P,7630.0,7607.1001,45.2,20.0,45.4,11.0,43.7,510.0,317.0,0.1972,-0.6036,0.0046,-20.1745,1.6178,-0.1271
2026-09-16T17:40:28Z,2026-09-16 17:39:47,SPXW,2026-09-17,C,7635.0,7607.1001,20.9,25.0,21.1,61.0,22.2,312.0,171.0,0.1956,0.3724,0.0046,-18.9436,1.5896,0.0769
2026-09-16T17:40:28Z,2026-09-16 17:39:47,SPXW,2026-09-17,P,7635.0,7607.1001,48.0,20.0,48.2,6.0,49.31,93.0,165.0,0.1953,-0.6276,0.0046,-18.9404,1.5896,-0.1321
2026-09-16T17:40:28Z,2026-09-16 17:39:47,SPXW,2026-09-17,C,7640.0,7607.1001,18.9,8.0,19.0,53.0,18.79,509.0,187.0,0.1942,0.3485,0.0045,-17.598,1.5547,0.0719
2026-09-16T17:40:28Z,2026-09-16 17:39:47,SPXW,2026-09-17,P,7640.0,7607.1001,51.0,12.0,51.2,10.0,51.3,225.0,315.0,0.1939,-0.6515,0.0045,-17.5943,1.5547,-0.1373
2026-09-16T17:40:28Z,2026-09-16 17:39:47,SPXW,2026-09-17,C,7645.0,7607.1001,16.9,52.0,17.1,60.0,17.0,319.0,441.0,0.1926,0.3249,0.0044,-16.1805,1.5147,0.067
2026-09-16T17:40:28Z,2026-09-16 17:39:47,SPXW,2026-09-17,P,7645.0,7607.1001,54.1,11.0,54.3,9.0,54.0,273.0,200.0,0.1924,-0.6751,0.0044,-16.1761,1.5147,-0.1423
2026-09-16T17:40:28Z,2026-09-16 17:39:47,SPXW,2026-09-17,C,7650.0,7607.1001,15.2,29.0,15.3,36.0,15.1,1929.0,528.0,0.1909,0.3016,0.0043,-14.7371,1.4691,0.0622
2026-09-16T17:40:28Z,2026-09-16 17:39:47,SPXW,2026-09-17,P,7650.0,7607.1001,57.2,20.0,57.5,6.0,56.3,158.0,3373.0,0.19,-0.6984,0.0043,-14.7322,1.4691,-0.1472
2026-09-16T17:40:28Z,2026-09-16 17:39:47,SPXW,2026-09-17,C,7655.0,7607.1001,13.5,52.0,13.7,71.0,14.5,421.0,418.0,0.1898,0.2788,0.0042,-13.3075,1.4176,0.0575
2026-09-16T17:40:28Z,2026-09-16 17:39:47,SPXW,2026-09-17,P,7655.0,7607.1001,60.6,19.0,60.9,13.0,60.7,98.0,204.0,0.1884,-0.7212,0.0042,-13.302,1.4176,-0.1521
2026-09-16T17:40:28Z,2026-09-16 17:39:47,SPXW,2026-09-17,C,7660.0,7607.1001,12.0,47.0,12.2,92.0,12.01,353.0,564.0,0.1881,0.2567,0.0041,-11.9212,1.3625,0.0529
2026-09-16T17:40:28Z,2026-09-16 17:39:47,SPXW,2026-09-17,P,7660.0,7607.1001,63.7,17.0,64.8,13.0,62.3,225.0,308.0,0.1878,-0.7433,0.0041,-11.9151,1.3625,-0.1568
2026-09-16T17:40:28Z,2026-09-16 17:39:47,SPXW,2026-09-17,C,7665.0,7607.1001,10.6,57.0,10.8,96.0,11.41,804.0,308.0,0.1866,0.2352,0.0039,-10.6046,1.3027,0.0484
2026-09-16T17:40:28Z,2026-09-16 17:39:47,SPXW,2026-09-17,P,7665.0,7607.1001,67.3,17.0,68.4,13.0,65.59,62.0,137.0,0.1863,-0.7647,0.0039,-10.5979,1.3027,-0.1614
2026-09-16T17:40:28Z,2026-09-16 17:39:47,SPXW,2026-09-17,C,7670.0,7607.1001,9.3,89.0,9.5,87.0,10.2,575.0,1238.0,0.1855,0.2147,0.0038,-9.3753,1.2391,0.0442
2026-09-16T17:40:28Z,2026-09-16 17:39:47,SPXW,2026-09-17,P,7670.0,7607.1001,71.0,18.0,72.2,13.0,71.0,145.0,550.0,0.1843,-0.7853,0.0038,-9.3681,1.2391,-0.1658
2026-09-16T17:40:28Z,2026-09-16 17:39:47,SPXW,2026-09-17,C,7675.0,7607.1001,8.2,35.0,8.3,38.0,8.1,989.0,4504.0,0.1843,0.195,0.0036,-8.241,1.1738,0.0402
2026-09-16T17:40:28Z,2026-09-16 17:39:47,SPXW,2026-09-17,P,7675.0,7607.1001,74.9,12.0,76.0,12.0,77.7,127.0,3959.0,0.183,-0.805,0.0036,-8.2332,1.1738,-0.17
2026-09-16T17:40:28Z,2026-09-16 17:39:47,SPXW,2026-09-17,C,7680.0,7607.1001,7.2,11.0,7.3,103.0,7.2,625.0,979.0,0.183,0.1763,0.0034,-7.2075,1.1051,0.0362
2026-09-16T17:40:28Z,2026-09-16 17:39:47,SPXW,2026-09-17,P,7680.0,7607.1001,78.8,16.0,80.0,14.0,79.7,304.0,193.0,0.1817,-0.8237,0.0034,-7.1991,1.1051,-0.174
2026-09-16T17:40:28Z,2026-09-16 17:39:47,SPXW,2026-09-17,C,7685.0,7607.1001,6.2,101.0,6.4,108.0,6.25,795.0,224.0,0.1823,0.1587,0.0032,-6.2741,1.0357,0.0326
2026-09-16T17:40:28Z,2026-09-16 17:39:47,SPXW,2026-09-17,P,7685.0,7607.1001,82.9,12.0,84.0,12.0,84.57,91.0,88.0,0.1804,-0.8413,0.0032,-6.2651,1.0357,-0.1778
2026-09-16T17:40:28Z,2026-09-16 17:39:47,SPXW,2026-09-17,C,7690.0,7607.1001,5.4,56.0,5.5,99.0,5.4,980.0,656.0,0.1811,0.1422,0.003,-5.4368,0.9661,0.0292
2026-09-16T17:40:28Z,2026-09-16 17:39:47,SPXW,2026-09-17,P,7690.0,7607.1001,87.0,15.0,88.2,12.0,78.5,22.0,304.0,0.1791,-0.8578,0.003,-5.4272,0.9661,-0.1813
2026-09-16T17:40:28Z,2026-09-16 17:39:47,SPXW,2026-09-17,C,7695.0,7607.1001,4.6,136.0,4.8,130.0,5.0,339.0,261.0,0.1801,0.1268,0.0028,-4.692,0.8955,0.026
2026-09-16T17:40:28Z,2026-09-16 17:39:47,SPXW,2026-09-17,P,7695.0,7607.1001,91.2,11.0,92.6,4.0,91.64,6.0,208.0,0.1785,-0.8732,0.0028,-4.6819,0.8955,-0.1846
2026-09-16T17:40:28Z,2026-09-16 17:39:47,SPXW,2026-09-17,C,7700.0,7607.1001,4.0,54.0,4.1,102.0,4.0,2245.0,4669.0,0.1793,0.1126,0.0025,-4.0325,0.8269,0.0231
2026-09-16T17:40:28Z,2026-09-16 17:39:47,SPXW,2026-09-17,P,7700.0,7607.1001,95.6,14.0,96.8,11.0,95.0,318.0,304.0,0.1769,-0.8874,0.0025,-4.0218,0.8269,-0.1877
2026-09-16T17:40:28Z,2026-09-16 17:39:47,SPXW,2026-09-17,C,7705.0,7607.1001,3.4,118.0,3.5,74.0,3.5,516.0,708.0,0.1782,0.0995,0.0023,-3.4526,0.7591,0.0204
2026-09-16T17:40:28Z,2026-09-16 17:39:47,SPXW,2026-09-17,P,7705.0,7607.1001,97.1,5.0,103.7,2.0,99.85,2.0,157.0,0.1728,-0.9005,0.0023,-3.4413,0.7591,-0.1906
2026-09-16T17:40:28Z,2026-09-16 17:39:47,SPXW,2026-09-17,C,7710.0,7607.1001,2.9,140.0,3.0,134.0,2.95,354.0,413.0,0.1776,0.0875,0.0021,-2.9457,0.6934,0.0179
2026-09-16T17:40:28Z,2026-09-16 17:39:47,SPXW,2026-09-17,P,7710.0,7607.1001,101.6,5.0,108.6,6.0,107.19,5.0,137.0,0.1747,-0.9124,0.0021,-2.9338,0.6934,-0.1931
2026-09-16T17:40:28Z,2026-09-16 17:39:47,SPXW,2026-09-17,C,7715.0,7607.1001,2.45,158.0,2.55,108.0,2.7,259.0,306.0,0.1768,0.0767,0.0019,-2.5047,0.6311,0.0157
2026-09-16T17:40:28Z,2026-09-16 17:39:47,SPXW,2026-09-17,P,7715.0,7607.1001,106.4,6.0,112.3,6.0,100.8,8.0,166.0,0.1682,-0.9233,0.0019,-2.4922,0.6311,-0.1955
2026-09-16T17:40:28Z,2026-09-16 17:39:47,SPXW,2026-09-17,C,7720.0,7607.1001,2.1,61.0,2.15,50.0,2.1,1010.0,385.0,0.1763,0.067,0.0018,-2.1241,0.571,0.0137
2026-09-16T17:40:28Z,2026-09-16 17:39:47,SPXW,2026-09-17,P,7720.0,7607.1001,110.6,6.0,117.1,6.0,116.59,8.0,199.0,0.164,-0.933,0.0018,-2.111,0.571,-0.1977
2026-09-16T17:40:28Z,2026-09-16 17:39:47,SPXW,2026-09-17,C,7725.0,7607.1001,1.75,140.0,1.85,173.0,1.75,2741.0,1017.0,0.1759,0.0583,0.0016,-1.7968,0.5151,0.0119
2026-09-16T17:40:28Z,2026-09-16 17:39:47,SPXW,2026-09-17,P,7725.0,7607.1001,117.8,11.0,120.0,12.0,108.36,31.0,163.0,0.1708,-0.9417,0.0016,-1.7832,0.5151,-0.1996
2026-09-16T17:40:28Z,2026-09-16 17:39:47,SPXW,2026-09-17,C,7730.0,7607.1001,1.5,52.0,1.55,50.0,1.5,1878.0,659.0,0.1756,0.0506,0.0014,-1.5175,0.4628,0.0103
2026-09-16T17:40:28Z,2026-09-16 17:39:47,SPXW,2026-09-17,P,7730.0,7607.1001,120.3,6.0,127.1,6.0,121.27,60.0,126.0,0.1718,-0.9494,0.0014,-1.5032,0.4628,-0.2013
2026-09-16T17:40:28Z,2026-09-16 17:39:47,SPXW,2026-09-17,C,7735.0,7607.1001,1.25,99.0,1.35,297.0,1.4,271.0,460.0,0.1758,0.0438,0.0013,-1.2805,0.4142,0.0089
2026-09-16T17:40:28Z,2026-09-16 17:39:47,SPXW,2026-09-17,P,7735.0,7607.1001,127.3,11.0,129.5,11.0,124.8,7.0,38.0,0.1694,-0.9562,0.0013,-1.2657,0.4142,-0.2028
2026-09-16T17:40:28Z,2026-09-16 17:39:47,SPXW,2026-09-17,C,7740.0,7607.1001,1.05,63.0,1.15,311.0,1.1,735.0,646.0,0.1757,0.0378,0.0011,-1.0802,0.3702,0.0077
2026-09-16T17:40:28Z,2026-09-16 17:39:47,SPXW,2026-09-17,P,7740.0,7607.1001,129.4,16.0,136.8,16.0,133.29,43.0,124.0,0.165,-0.9621,0.0011,-1.0648,0.3702,-0.2042
2026-09-16T17:40:28Z,2026-09-16 17:39:47,SPXW,2026-09-17,C,7745.0,7607.1001,0.85,315.0,0.95,189.0,1.0,239.0,338.0,0.1748,0.0327,0.001,-0.9122,0.33,0.0066
2026-09-16T17:40:28Z,2026-09-16 17:39:47,SPXW,2026-09-17,P,7745.0,7607.1001,134.5,16.0,141.6,16.0,136.7,10.0,28.0,0.1683,-0.9673,0.001,-0.8962,0.33,-0.2054
2026-09-16T17:40:28Z,2026-09-16 17:39:47,SPXW,2026-09-17,C,7750.0,7607.1001,0.75,78.0,0.8,148.0,0.75,777.0,940.0,0.1755,0.0282,0.0009,-0.7718,0.2938,0.0057
2026-09-16T17:40:28Z,2026-09-16 17:39:47,SPXW,2026-09-17,P,7750.0,7607.1001,139.1,16.0,146.5,16.0,140.61,19.0,168.0,0.1622,-0.9717,0.0009,-0.7553,0.2938,-0.2064
2026-09-16T17:40:28Z,2026-09-16 17:39:47,SPXW,2026-09-17,C,7755.0,7607.1001,0.6,337.0,0.7,265.0,0.7,250.0,281.0,0.1756,0.0244,0.0008,-0.6549,0.2618,0.005
2026-09-16T17:40:28Z,2026-09-16 17:39:47,SPXW,2026-09-17,P,7755.0,7607.1001,143.9,16.0,151.1,16.0,139.48,11.0,37.0,0.1458,-0.9755,0.0008,-0.6378,0.2618,-0.2074
2026-09-16T17:40:28Z,2026-09-16 17:39:47,SPXW,2026-09-17,C,7760.0,7607.1001,0.5,413.0,0.55,3.0,0.55,182.0,659.0,0.1759,0.0212,0.0007,-0.5582,0.2332,0.0043
2026-09-16T17:40:28Z,2026-09-16 17:39:47,SPXW,2026-09-17,P,7760.0,7607.1001,148.7,16.0,156.3,16.0,141.57,8.0,96.0,0.1501,-0.9788,0.0007,-0.5405,0.2332,-0.2082
2026-09-16T17:40:28Z,2026-09-16 17:39:47,SPXW,2026-09-17,C,7765.0,7607.1001,0.45,169.0,0.5,17.0,0.5,200.0,277.0,0.1769,0.0184,0.0006,-0.4783,0.2081,0.0037
2026-09-16T17:40:28Z,2026-09-16 17:39:47,SPXW,2026-09-17,P,7765.0,7607.1001,154.0,15.0,161.2,15.0,159.0,20.0,48.0,0.1636,-0.9815,0.0006,-0.46,0.2081,-0.2088
2026-09-16T17:40:28Z,2026-09-16 17:39:47,SPXW,2026-09-17,C,7770.0,7607.1001,0.35,495.0,0.45,274.0,0.4,198.0,1165.0,0.1772,0.0161,0.0005,-0.4124,0.1864,0.0032
2026-09-16T17:40:28Z,2026-09-16 17:39:47,SPXW,2026-09-17,P,7770.0,7607.1001,158.6,15.0,165.9,15.0,155.96,17.0,63.0,0.0,-0.9839,0.0005,-0.3935,0.1864,-0.2095
2026-09-16T17:40:28Z,2026-09-16 17:39:47,SPXW,2026-09-17,C,7775.0,7607.1001,0.3,487.0,0.4,269.0,0.35,196.0,967.0,0.1786,0.0141,0.0005,-0.3582,0.1673,0.0028
2026-09-16T17:40:28Z,2026-09-16 17:39:47,SPXW,2026-09-17,P,7775.0,7607.1001,163.9,15.0,171.1,15.0,146.13,0.0,57.0,0.1631,-0.9858,0.0005,-0.3388,0.1673,-0.21
2026-09-16T17:40:28Z,2026-09-16 17:39:47,SPXW,2026-09-17,C,7780.0,7607.1001,0.3,38.0,0.35,278.0,0.35,2111.0,445.0,0.1813,0.0125,0.0004,-0.3137,0.1508,0.0025
2026-09-16T17:40:28Z,2026-09-16 17:39:47,SPXW,2026-09-17,P,7780.0,7607.1001,168.8,15.0,175.8,15.0,199.28,0.0,39.0,0.0,-0.9875,0.0004,-0.2937,0.1508,-0.2105
2026-09-16T17:40:28Z,2026-09-16 17:39:47,SPXW,2026-09-17,C,7785.0,7607.1001,0.25,175.0,0.3,150.0,0.3,52.0,307.0,0.1818,0.0111,0.0004,-0.277,0.1365,0.0022
2026-09-16T17:40:28Z,2026-09-16 17:39:47,SPXW,2026-09-17,P,7785.0,7607.1001,173.8,15.0,181.5,15.0,121.43,0.0,9.0,0.1856,-0.9889,0.0004,-0.2564,0.1365,-0.2109
2026-09-16T17:40:28Z,2026-09-16 17:39:47,SPXW,2026-09-17,C,7790.0,7607.1001,0.2,596.0,0.3,487.0,0.25,1625.0,390.0,0.184,0.0099,0.0003,-0.2468,0.1243,0.002
2026-09-16T17:40:28Z,2026-09-16 17:39:47,SPXW,2026-09-17,P,7790.0,7607.1001,178.8,15.0,186.0,15.0,188.9,1.0,24.0,0.1602,-0.99,0.0003,-0.2256,0.1243,-0.2113
2026-09-16T17:40:28Z,2026-09-16 17:39:47,SPXW,2026-09-17,C,7795.0,7607.1001,0.2,208.0,0.25,308.0,0.2,1034.0,433.0,0.1859,0.0089,0.0003,-0.2218,0.1138,0.0018
2026-09-16T17:40:28Z,2026-09-16 17:39:47,SPXW,2026-09-17,P,7795.0,7607.1001,183.7,15.0,190.8,15.0,189.48,1.0,5.0,0.0,-0.991,0.0003,-0.2,0.1138,-0.2116
2026-09-16T17:40:28Z,2026-09-16 17:39:47,SPXW,2026-09-17,C,7800.0,7607.1001,0.2,11.0,0.25,525.0,0.22,6883.0,2764.0,0.1902,0.0081,0.0003,-0.2012,0.1046,0.0016
2026-09-16T17:40:28Z,2026-09-16 17:39:47,SPXW,2026-09-17,P,7800.0,7607.1001,190.9,5.0,194.1,6.0,186.0,1.0,91.0,0.1776,-0.9919,0.0003,-0.1788,0.1046,-0.2119
2026-09-16T17:40:28Z,2026-09-16 17:39:47,SPXW,2026-09-17,C,7805.0,7607.1001,0.2,273.0,0.25,646.0,0.2,296.0,1724.0,0.1945,0.0074,0.0003,-0.1839,0.0967,0.0015
2026-09-16T17:40:28Z,2026-09-16 17:39:47,SPXW,2026-09-17,P,7805.0,7607.1001,193.7,15.0,200.9,15.0,189.82,0.0,3.0,0.0,-0.9926,0.0003,-0.161,0.0967,-0.2122
2026-09-16T17:40:28Z,2026-09-16 17:39:47,SPXW,2026-09-17,C,7810.0,7607.1001,0.15,181.0,0.2,372.0,0.27,61.0,508.0,0.193,0.0068,0.0002,-0.1695,0.0899,0.0014
2026-09-16T17:40:28Z,2026-09-16 17:39:47,SPXW,2026-09-17,P,7810.0,7607.1001,195.4,1.0,208.4,1.0,211.08,0.0,4.0,0.0,-0.9932,0.0002,-0.146,0.0899,-0.2124
2026-09-16T17:40:28Z,2026-09-16 17:39:47,SPXW,2026-09-17,C,7815.0,7607.1001,0.1,809.0,0.2,475.0,0.25,19.0,404.0,0.1936,0.0063,0.0002,-0.1579,0.0842,0.0013
2026-09-16T17:40:28Z,2026-09-16 17:39:47,SPXW,2026-09-17,P,7815.0,7607.1001,199.7,2.0,213.4,1.0,195.81,1.0,2.0,0.0,-0.9937,0.0002,-0.1333,0.084,-0.2127
2026-09-16T17:40:28Z,2026-09-16 17:39:47,SPXW,2026-09-17,C,7820.0,7607.1001,0.1,708.0,0.2,572.0,0.2,126.0,309.0,0.1976,0.0059,0.0002,-0.1476,0.079,0.0012
2026-09-16T17:40:28Z,2026-09-16 17:39:47,SPXW,2026-09-17,P,7820.0,7607.1001,205.4,1.0,219.3,1.0,214.79,0.0,16.0,0.167,-0.9941,0.0002,-0.1225,0.0788,-0.2129
2026-09-16T17:40:28Z,2026-09-16 17:39:47,SPXW,2026-09-17,C,7825.0,7607.1001,0.1,638.0,0.2,585.0,0.2,66.0,790.0,0.2017,0.0055,0.0002,-0.1388,0.0744,0.0011
2026-09-16T17:40:28Z,2026-09-16 17:39:47,SPXW,2026-09-17,P,7825.0,7607.1001,206.7,1.0,226.0,1.0,204.67,0.0,61.0,0.0,-0.9945,0.0002,-0.1132,0.0742,-0.2131
2026-09-16T17:40:28Z,2026-09-16 17:39:47,SPXW,2026-09-17,C,7830.0,7607.1001,0.1,228.0,0.15,215.0,0.17,6.0,512.0,0.2018,0.0052,0.0002,-0.1313,0.0704,0.001
2026-09-16T17:40:28Z,2026-09-16 17:39:47,SPXW,2026-09-17,P,7830.0,7607.1001,211.0,1.0,230.7,1.0,0.0,0.0,3.0,0.0,-0.9948,0.0002,-0.1052,0.0702,-0.2133
2026-09-16T17:40:28Z,2026-09-16 17:39:47,SPXW,2026-09-17,C,7835.0,7607.1001,0.1,219.0,0.15,389.0,0.2,34.0,489.0,0.2057,0.0049,0.0002,-0.1248,0.0668,0.001
2026-09-16T17:40:28Z,2026-09-16 17:39:47,SPXW,2026-09-17,P,7835.0,7607.1001,216.2,1.0,235.6,1.0,0.0,0.0,0.0,0.0,-0.9951,0.0002,-0.0981,0.0666,-0.2135
2026-09-16T17:40:28Z,2026-09-16 17:39:47,SPXW,2026-09-17,C,7840.0,7607.1001,0.1,186.0,0.15,415.0,0.12,13.0,382.0,0.2097,0.0046,0.0001,-0.1187,0.0634,0.0009
2026-09-16T17:40:28Z,2026-09-16 17:39:47,SPXW,2026-09-17,P,7840.0,7607.1001,221.0,1.0,240.6,1.0,244.71,0.0,23.0,0.0,-0.9954,0.0001,-0.092,0.0634,-0.2137
2026-09-16T17:40:28Z,2026-09-16 17:39:47,SPXW,2026-09-17,C,7845.0,7607.1001,0.05,1152.0,0.15,416.0,0.17,11.0,408.0,0.209,0.0044,0.0001,-0.114,0.0605,0.0009
2026-09-16T17:40:28Z,2026-09-16 17:39:47,SPXW,2026-09-17,P,7845.0,7607.1001,226.1,1.0,245.6,1.0,0.0,0.0,0.0,0.0,-0.9956,0.0001,-0.0865,0.0606,-0.2139
2026-09-16T17:40:28Z,2026-09-16 17:39:47,SPXW,2026-09-17,C,7850.0,7607.1001,0.05,1129.0,0.15,564.0,0.1,31.0,593.0,0.2127,0.0042,0.0001,-0.1096,0.058,0.0008
2026-09-16T17:40:28Z,2026-09-16 17:39:47,SPXW,2026-09-17,P,7850.0,7607.1001,231.4,1.0,250.6,1.0,238.97,1.0,45.0,0.0,-0.9958,0.0001,-0.0817,0.058,-0.2141
2026-09-16T17:40:28Z,2026-09-16 17:39:47,SPXW,2026-09-17,C,7855.0,7607.1001,0.05,1141.0,0.15,687.0,0.1,26.0,232.0,0.2165,0.004,0.0001,-0.1058,0.0557,0.0008
2026-09-16T17:40:28Z,2026-09-16 17:39:47,SPXW,2026-09-17,P,7855.0,7607.1001,236.6,1.0,255.6,1.0,247.32,0.0,1.0,0.0,-0.996,0.0001,-0.0773,0.0557,-0.2142
2026-09-16T17:40:28Z,2026-09-16 17:39:47,SPXW,2026-09-17,C,7860.0,7607.1001,0.05,1103.0,0.15,707.0,0.1,12.0,295.0,0.2207,0.0038,0.0001,-0.1026,0.0536,0.0008
2026-09-16T17:40:28Z,2026-09-16 17:39:47,SPXW,2026-09-17,P,7860.0,7607.1001,240.8,1.0,260.6,1.0,0.0,0.0,0.0,0.0,-0.9962,0.0001,-0.0733,0.0536,-0.2144
2026-09-16T17:40:28Z,2026-09-16 17:39:47,SPXW,2026-09-17,C,7865.0,7607.1001,0.05,1055.0,0.15,722.0,0.15,2.0,199.0,0.2245,0.0037,0.0001,-0.0996,0.0516,0.0007
2026-09-16T17:40:28Z,2026-09-16 17:39:47,SPXW,2026-09-17,P,7865.0,7607.1001,246.4,1.0,266.2,1.0,0.0,0.0,0.0,0.0,-0.9963,0.0001,-0.0697,0.0517,-0.2146
2026-09-16T17:40:28Z,2026-09-16 17:39:47,SPXW,2026-09-17,C,7870.0,7607.1001,0.05,1064.0,0.15,755.0,0.11,3027.0,272.0,0.2284,0.0035,0.0001,-0.0969,0.0499,0.0007
2026-09-16T17:40:28Z,2026-09-16 17:39:47,SPXW,2026-09-17,P,7870.0,7607.1001,251.2,1.0,271.4,2.0,156.04,0.0,2.0,0.0,-0.9964,0.0001,-0.0664,0.0499,-0.2147
2026-09-16T17:40:28Z,2026-09-16 17:39:47,SPXW,2026-09-17,C,7875.0,7607.1001,0.05,851.0,0.15,768.0,0.12,117.0,317.0,0.2322,0.0034,0.0001,-0.0944,0.0482,0.0007
2026-09-16T17:40:28Z,2026-09-16 17:39:47,SPXW,2026-09-17,P,7875.0,7607.1001,256.6,1.0,275.5,1.0,272.32,3.0,7.0,0.0,-0.9966,0.0001,-0.0634,0.0482,-0.2149
2026-09-16T17:40:28Z,2026-09-16 17:39:47,SPXW,2026-09-17,C,7880.0,7607.1001,0.05,692.0,0.15,740.0,0.1,1133.0,234.0,0.2359,0.0033,0.0001,-0.0919,0.0466,0.0006
2026-09-16T17:40:28Z,2026-09-16 17:39:47,SPXW,2026-09-17,P,7880.0,7607.1001,261.6,1.0,281.1,1.0,284.71,0.0,2.0,0.0,-0.9967,0.0001,-0.0606,0.0467,-0.2151
2026-09-16T17:40:28Z,2026-09-16 17:39:47,SPXW,2026-09-17,C,7885.0,7607.1001,0.05,659.0,0.15,762.0,0.15,1.0,313.0,0.2397,0.0032,0.0001,-0.0899,0.0452,0.0006
2026-09-16T17:40:28Z,2026-09-16 17:39:47,SPXW,2026-09-17,P,7885.0,7607.1001,266.6,1.0,286.1,1.0,0.0,0.0,5.0,0.0,-0.9968,0.0001,-0.0579,0.0453,-0.2152
2026-09-16T17:40:28Z,2026-09-16 17:39:47,SPXW,2026-09-17,C,7890.0,7607.1001,0.05,512.0,0.15,768.0,0.07,1515.0,382.0,0.2437,0.0031,0.0001,-0.0882,0.0439,0.0006
2026-09-16T17:40:28Z,2026-09-16 17:39:47,SPXW,2026-09-17,P,7890.0,7607.1001,270.8,1.0,291.2,1.0,0.0,0.0,0.0,0.0,-0.9969,0.0001,-0.0554,0.044,-0.2154
2026-09-16T17:40:28Z,2026-09-16 17:39:47,SPXW,2026-09-17,C,7895.0,7607.1001,0.05,310.0,0.1,53.0,0.1,1.0,239.0,0.2407,0.003,0.0001,-0.0864,0.0427,0.0006
2026-09-16T17:40:28Z,2026-09-16 17:39:47,SPXW,2026-09-17,P,7895.0,7607.1001,275.8,1.0,296.0,1.0,0.0,0.0,0.0,0.0,-0.997,0.0001,-0.0531,0.0427,-0.2155
2026-09-16T17:40:28Z,2026-09-16 17:39:47,SPXW,2026-09-17,C,7900.0,7607.1001,0.05,314.0,0.1,55.0,0.08,5446.0,737.0,0.2444,0.0029,0.0001,-0.0848,0.0415,0.0006
2026-09-16T17:40:28Z,2026-09-16 17:39:47,SPXW,2026-09-17,P,7900.0,7607.1001,280.8,1.0,300.5,1.0,296.77,3.0,19.0,0.0,-0.9971,0.0001,-0.0509,0.0415,-0.2157
2026-09-16T17:40:28Z,2026-09-16 17:39:47,SPXW,2026-09-17,C,7910.0,7607.1001,0.05,330.0,0.1,250.0,0.09,0.0,214.0,0.2518,0.0027,0.0001,-0.0818,0.0393,0.0005
2026-09-16T17:40:28Z,2026-09-16 17:39:47,SPXW,2026-09-17,P,7910.0,7607.1001,291.1,1.0,311.4,2.0,0.0,0.0,0.0,0.0,-0.9972,0.0001,-0.0467,0.0393,-0.216
2026-09-16T17:40:28Z,2026-09-16 17:39:47,SPXW,2026-09-17,C,7920.0,7607.1001,0.05,270.0,0.1,412.0,0.1,353.0,158.0,0.2592,0.0026,0.0001,-0.0792,0.0374,0.0005
2026-09-16T17:40:28Z,2026-09-16 17:39:47,SPXW,2026-09-17,P,7920.0,7607.1001,301.1,1.0,321.2,1.0,0.0,0.0,0.0,0.0,-0.9974,0.0001,-0.0429,0.0374,-0.2163
2026-09-16T17:40:28Z,2026-09-16 17:39:47,SPXW,2026-09-17,C,7925.0,7607.1001,0.05,243.0,0.1,407.0,0.1,64.0,318.0,0.2628,0.0025,0.0001,-0.078,0.0365,0.0005
2026-09-16T17:40:28Z,2026-09-16 17:39:47,SPXW,2026-09-17,P,7925.0,7607.1001,306.1,1.0,325.5,1.0,286.35,0.0,7.0,0.0,-0.9974,0.0001,-0.0411,0.0365,-0.2164
2026-09-16T17:40:28Z,2026-09-16 17:39:47,SPXW,2026-09-17,C,7930.0,7607.1001,0.05,230.0,0.1,486.0,0.07,17.0,196.0,0.2665,0.0025,0.0001,-0.0768,0.0356,0.0005
2026-09-16T17:40:28Z,2026-09-16 17:39:47,SPXW,2026-09-17,P,7930.0,7607.1001,310.9,1.0,331.4,1.0,0.0,0.0,0.0,0.0,-0.9975,0.0001,-0.0394,0.0356,-0.2166
2026-09-16T17:40:28Z,2026-09-16 17:39:47,SPXW,2026-09-17,C,7940.0,7607.1001,0.05,202.0,0.1,577.0,0.07,47.0,106.0,0.2738,0.0024,0.0001,-0.0746,0.034,0.0005
2026-09-16T17:40:28Z,2026-09-16 17:39:47,SPXW,2026-09-17,P,7940.0,7607.1001,321.1,1.0,341.0,1.0,0.0,0.0,0.0,0.0,-0.9976,0.0001,-0.036,0.034,-0.2169
2026-09-16T17:40:28Z,2026-09-16 17:39:47,SPXW,2026-09-17,C,7950.0,7607.1001,0.05,151.0,0.1,591.0,0.07,411.0,2768.0,0.2811,0.0022,0.0001,-0.0726,0.0326,0.0004
2026-09-16T17:40:28Z,2026-09-16 17:39:47,SPXW,2026-09-17,P,7950.0,7607.1001,331.1,1.0,350.9,2.0,206.5,0.0,1.0,0.0,-0.9977,0.0001,-0.0329,0.0326,-0.2172
2026-09-16T17:40:28Z,2026-09-16 17:39:47,SPXW,2026-09-17,C,7960.0,7607.1001,0.05,153.0,0.1,535.0,0.1,0.0,133.0,0.2884,0.0022,0.0001,-0.0708,0.0312,0.0004
2026-09-16T17:40:28Z,2026-09-16 17:39:47,SPXW,2026-09-17,P,7960.0,7607.1001,340.7,1.0,360.9,1.0,0.0,0.0,0.0,0.0,-0.9978,0.0001,-0.0298,0.0312,-0.2175
2026-09-16T17:40:28Z,2026-09-16 17:39:47,SPXW,2026-09-17,C,7970.0,7607.1001,0.0,0.0,0.1,530.0,0.05,11.0,46.0,0.2852,0.0021,0.0,-0.0691,0.03,0.0004
2026-09-16T17:40:28Z,2026-09-16 17:39:47,SPXW,2026-09-17,P,7970.0,7607.1001,351.1,1.0,371.1,1.0,0.0,0.0,0.0,0.0,-0.9979,0.0,-0.027,0.03,-0.2178
2026-09-16T17:40:28Z,2026-09-16 17:39:47,SPXW,2026-09-17,C,7975.0,7607.1001,0.0,0.0,0.1,634.0,0.06,1.0,1491.0,0.2886,0.002,0.0,-0.0682,0.0294,0.0004
2026-09-16T17:40:28Z,2026-09-16 17:39:47,SPXW,2026-09-17,P,7975.0,7607.1001,355.7,1.0,375.9,1.0,0.0,0.0,0.0,0.0,-0.998,0.0,-0.0256,0.0294,-0.2179
2026-09-16T17:40:28Z,2026-09-16 17:39:47,SPXW,2026-09-17,C,8000.0,7607.1001,0.0,0.0,0.1,731.0,0.05,18.0,622.0,0.3061,0.0018,0.0,-0.0645,0.0266,0.0004
2026-09-16T17:40:28Z,2026-09-16 17:39:47,SPXW,2026-09-17,P,8000.0,7607.1001,380.9,1.0,401.4,1.0,406.17,0.0,1.0,0.0,-0.9982,0.0,-0.0189,0.0266,-0.2186
2026-09-16T17:40:28Z,2026-09-16 17:39:47,SPXW,2026-09-17,C,8025.0,7607.1001,0.0,0.0,0.1,760.0,0.05,6.0,185.0,0.3234,0.0017,0.0,-0.0612,0.0243,0.0003
2026-09-16T17:40:28Z,2026-09-16 17:39:47,SPXW,2026-09-17,P,8025.0,7607.1001,405.9,1.0,425.5,1.0,0.0,0.0,0.0,0.0,-0.9983,0.0,-0.0127,0.0243,-0.2194
2026-09-16T17:40:28Z,2026-09-16 17:39:47,SPXW,2026-09-17,C,8050.0,7607.1001,0.0,0.0,0.1,802.0,0.05,1.0,291.0,0.3405,0.0015,0.0,-0.0582,0.0223,0.0003
2026-09-16T17:40:28Z,2026-09-16 17:39:47,SPXW,2026-09-17,P,8050.0,7607.1001,430.8,1.0,450.5,1.0,0.0,0.0,0.0,0.0,-0.9984,0.0,-0.0068,0.0223,-0.2201
2026-09-16T17:40:28Z,2026-09-16 17:39:47,SPXW,2026-09-17,C,8075.0,7607.1001,0.0,0.0,0.1,700.0,0.1,0.0,67.0,0.3576,0.0014,0.0,-0.0555,0.0206,0.0003
2026-09-16T17:40:28Z,2026-09-16 17:39:47,SPXW,2026-09-17,P,8075.0,7607.1001,456.0,1.0,476.3,1.0,0.0,0.0,0.0,0.0,-0.9986,0.0,-0.0011,0.0206,-0.2208
2026-09-16T17:40:28Z,2026-09-16 17:39:47,SPXW,2026-09-17,C,8100.0,7607.1001,0.0,0.0,0.05,65.0,0.05,3.0,208.0,0.3545,0.0013,0.0,-0.0529,0.019,0.0002
2026-09-16T17:40:28Z,2026-09-16 17:39:47,SPXW,2026-09-17,P,8100.0,7607.1001,481.4,1.0,500.8,1.0,334.4,0.0,1.0,0.0,-0.9987,0.0,0.0,0.019,-0.2215
2026-09-16T17:40:28Z,2026-09-16 17:39:47,SPXW,2026-09-17,C,8125.0,7607.1001,0.0,0.0,0.05,118.0,0.1,0.0,59.0,0.3706,0.0012,0.0,-0.0506,0.0177,0.0002
2026-09-16T17:40:28Z,2026-09-16 17:39:47,SPXW,2026-09-17,P,8125.0,7607.1001,506.0,1.0,525.8,1.0,530.67,0.0,1.0,0.0,-0.9988,0.0,0.0,0.0177,-0.2222
2026-09-16T17:40:28Z,2026-09-16 17:39:47,SPXW,2026-09-17,C,8150.0,7607.1001,0.0,0.0,0.05,125.0,0.05,0.0,103.0,0.3865,0.0011,0.0,-0.0483,0.0164,0.0002
2026-09-16T17:40:28Z,2026-09-16 17:39:47,SPXW,2026-09-17,P,8150.0,7607.1001,531.3,1.0,551.0,1.0,502.1,0.0,1.0,0.0,-0.9989,0.0,0.0,0.0164,-0.2229
2026-09-16T17:40:28Z,2026-09-16 17:39:47,SPXW,2026-09-17,C,8175.0,7607.1001,0.0,0.0,0.05,200.0,0.03,136.0,76.0,0.4024,0.001,0.0,-0.0463,0.0153,0.0002
2026-09-16T17:40:28Z,2026-09-16 17:39:47,SPXW,2026-09-17,P,8175.0,7607.1001,556.1,1.0,576.3,1.0,0.0,0.0,0.0,0.0,-0.999,0.0,0.0,0.0153,-0.2236
2026-09-16T17:40:28Z,2026-09-16 17:39:47,SPXW,2026-09-17,C,8200.0,7607.1001,0.0,0.0,0.05,1045.0,0.05,0.0,102.0,0.4181,0.001,0.0,-0.0443,0.0142,0.0002
2026-09-16T17:40:28Z,2026-09-16 17:39:47,SPXW,2026-09-17,P,8200.0,7607.1001,580.9,1.0,600.4,1.0,0.0,0.0,0.0,0.0,-0.999,0.0,0.0,0.0142,-0.2243
2026-09-16T17:40:28Z,2026-09-16 17:39:47,SPXW,2026-09-17,C,8225.0,7607.1001,0.0,0.0,0.05,367.0,0.05,0.0,4.0,0.4338,0.0009,0.0,-0.0424,0.0133,0.0002
2026-09-16T17:40:28Z,2026-09-16 17:39:47,SPXW,2026-09-17,P,8225.0,7607.1001,606.3,1.0,626.3,1.0,457.4,0.0,1.0,0.0,-0.9991,0.0,0.0,0.0133,-0.225
2026-09-16T17:40:28Z,2026-09-16 17:39:47,SPXW,2026-09-17,C,8250.0,7607.1001,0.0,0.0,0.05,914.0,0.05,0.0,15.0,0.4493,0.0008,0.0,-0.0406,0.0124,0.0002
2026-09-16T17:40:28Z,2026-09-16 17:39:47,SPXW,2026-09-17,P,8250.0,7607.1001,630.7,1.0,650.4,1.0,0.0,0.0,0.0,0.0,-0.9991,0.0,0.0,0.0125,-0.2257
2026-09-16T17:40:28Z,2026-09-16 17:39:47,SPXW,2026-09-17,C,8275.0,7607.1001,0.0,0.0,0.05,976.0,0.1,0.0,4.0,0.4648,0.0008,0.0,-0.0389,0.0117,0.0001
2026-09-16T17:40:28Z,2026-09-16 17:39:47,SPXW,2026-09-17,P,8275.0,7607.1001,656.0,1.0,676.1,1.0,0.0,0.0,0.0,0.0,-0.9992,0.0,0.0,0.0117,-0.2264
2026-09-16T17:40:28Z,2026-09-16 17:39:47,SPXW,2026-09-17,C,8300.0,7607.1001,0.0,0.0,0.05,1929.0,0.09,0.0,4.0,0.4802,0.0007,0.0,-0.0372,0.011,0.0001
2026-09-16T17:40:28Z,2026-09-16 17:39:47,SPXW,2026-09-17,P,8300.0,7607.1001,680.7,1.0,701.3,2.0,0.0,0.0,0.0,0.0,-0.9992,0.0,0.0,0.011,-0.2271
2026-09-16T17:40:28Z,2026-09-16 17:39:47,SPXW,2026-09-17,C,8325.0,7607.1001,0.0,0.0,0.05,1131.0,0.1,0.0,3.0,0.4955,0.0007,0.0,-0.0356,0.0103,0.0001
2026-09-16T17:40:28Z,2026-09-16 17:39:47,SPXW,2026-09-17,P,8325.0,7607.1001,705.7,1.0,726.3,1.0,0.0,0.0,0.0,0.0,-0.9993,0.0,0.0,0.0103,-0.2278
2026-09-16T17:40:28Z,2026-09-16 17:39:47,SPXW,2026-09-18,C,6850.0,7607.1001,751.9,1.0,771.8,1.0,759.09,5.0,42.0,0.6427,0.9952,0.0,-0.3426,0.0814,0.746
2026-09-16T17:40:28Z,2026-09-16 17:39:47,SPXW,2026-09-18,P,6850.0,7607.1001,0.4,618.0,0.5,412.0,0.5,50.0,1681.0,0.538,-0.0047,0.0,-0.4288,0.0814,-0.0038
2026-09-16T17:40:28Z,2026-09-16 17:39:47,SPXW,2026-09-18,C,6855.0,7607.1001,746.9,1.0,766.8,1.0,0.0,0.0,0.0,0.6388,0.9952,0.0,-0.348,0.0826,0.7465
2026-09-16T17:40:28Z,2026-09-16 17:39:47,SPXW,2026-09-18,P,6855.0,7607.1001,0.4,513.0,0.5,360.0,0.5,2.0,105.0,0.5346,-0.0048,0.0,-0.4337,0.0825,-0.0039
2026-09-16T17:40:28Z,2026-09-16 17:39:47,SPXW,2026-09-18,C,6860.0,7607.1001,741.7,1.0,759.8,1.0,750.64,5.0,5.0,0.5682,0.9951,0.0,-0.3536,0.0837,0.747
2026-09-16T17:40:28Z,2026-09-16 17:39:47,SPXW,2026-09-18,P,6860.0,7607.1001,0.45,59.0,0.5,254.0,0.47,4.0,196.0,0.5344,-0.0049,0.0,-0.4387,0.0836,-0.004
2026-09-16T17:40:28Z,2026-09-16 17:39:47,SPXW,2026-09-18,C,6865.0,7607.1001,736.9,1.0,756.8,2.0,0.0,0.0,0.0,0.6308,0.995,0.0,-0.3592,0.0849,0.7475
2026-09-16T17:40:28Z,2026-09-16 17:39:47,SPXW,2026-09-18,P,6865.0,7607.1001,0.45,158.0,0.5,152.0,0.5,3.0,4.0,0.531,-0.005,0.0,-0.4437,0.0848,-0.004
2026-09-16T17:40:28Z,2026-09-16 17:39:47,SPXW,2026-09-18,C,6870.0,7607.1001,731.7,1.0,749.8,1.0,780.56,0.0,2.0,0.5607,0.9949,0.0,-0.3649,0.0861,0.748
2026-09-16T17:40:28Z,2026-09-16 17:39:47,SPXW,2026-09-18,P,6870.0,7607.1001,0.45,222.0,0.5,86.0,0.5,1.0,98.0,0.5277,-0.005,0.0,-0.4488,0.086,-0.0041
2026-09-16T17:40:28Z,2026-09-16 17:39:47,SPXW,2026-09-18,C,6875.0,7607.1001,726.9,1.0,746.8,1.0,714.98,0.0,15.0,0.6229,0.9949,0.0,-0.3707,0.0873,0.7484
2026-09-16T17:40:28Z,2026-09-16 17:39:47,SPXW,2026-09-18,P,6875.0,7607.1001,0.45,274.0,0.55,531.0,0.55,33.0,553.0,0.5273,-0.0051,0.0,-0.454,0.0872,-0.0041
2026-09-16T17:40:28Z,2026-09-16 17:39:47,SPXW,2026-09-18,C,6880.0,7607.1001,721.7,1.0,739.5,1.0,739.92,1.0,1.0,0.54,0.9948,0.0,-0.3765,0.0885,0.7489
2026-09-16T17:40:28Z,2026-09-16 17:39:47,SPXW,2026-09-18,P,6880.0,7607.1001,0.45,348.0,0.55,484.0,0.55,2.0,153.0,0.5239,-0.0052,0.0,-0.4593,0.0885,-0.0042
2026-09-16T17:40:28Z,2026-09-16 17:39:47,SPXW,2026-09-18,C,6885.0,7607.1001,716.7,1.0,736.6,1.0,0.0,0.0,0.0,0.6055,0.9947,0.0,-0.3825,0.0898,0.7494
2026-09-16T17:40:28Z,2026-09-16 17:39:47,SPXW,2026-09-18,P,6885.0,7607.1001,0.45,359.0,0.55,397.0,0.55,2.0,37.0,0.5205,-0.0053,0.0,-0.4647,0.0897,-0.0043
2026-09-16T17:40:28Z,2026-09-16 17:39:47,SPXW,2026-09-18,C,6890.0,7607.1001,711.7,1.0,731.8,1.0,699.91,0.0,2.0,0.6063,0.9946,0.0,-0.3885,0.0911,0.7499
2026-09-16T17:40:28Z,2026-09-16 17:39:47,SPXW,2026-09-18,P,6890.0,7607.1001,0.45,378.0,0.55,388.0,0.55,1.0,94.0,0.5171,-0.0054,0.0,-0.4702,0.091,-0.0043
2026-09-16T17:40:28Z,2026-09-16 17:39:47,SPXW,2026-09-18,C,6895.0,7607.1001,707.2,1.0,726.8,1.0,0.0,0.0,0.0,0.6136,0.9945,0.0,-0.3946,0.0924,0.7504
2026-09-16T17:40:28Z,2026-09-16 17:39:47,SPXW,2026-09-18,P,6895.0,7607.1001,0.45,491.0,0.55,386.0,0.55,5.0,6.0,0.5138,-0.0054,0.0,-0.4757,0.0923,-0.0044
2026-09-16T17:40:28Z,2026-09-16 17:39:47,SPXW,2026-09-18,C,6900.0,7607.1001,701.7,1.0,719.9,1.0,787.46,0.0,39.0,0.5424,0.9944,0.0,-0.4008,0.0937,0.7508
2026-09-16T17:40:28Z,2026-09-16 17:39:47,SPXW,2026-09-18,P,6900.0,7607.1001,0.45,550.0,0.55,379.0,0.55,208.0,1646.0,0.5104,-0.0055,0.0,-0.4814,0.0936,-0.0045
2026-09-16T17:40:28Z,2026-09-16 17:39:47,SPXW,2026-09-18,C,6905.0,7607.1001,696.7,1.0,714.5,1.0,0.0,0.0,0.0,0.5216,0.9944,0.0,-0.4072,0.0951,0.7513
2026-09-16T17:40:28Z,2026-09-16 17:39:47,SPXW,2026-09-18,P,6905.0,7607.1001,0.45,503.0,0.55,271.0,0.55,2.0,90.0,0.507,-0.0056,0.0,-0.4871,0.095,-0.0046
2026-09-16T17:40:28Z,2026-09-16 17:39:47,SPXW,2026-09-18,C,6910.0,7607.1001,691.7,1.0,709.5,1.0,0.0,0.0,0.0,0.5179,0.9943,0.0001,-0.4136,0.0964,0.7518
2026-09-16T17:40:28Z,2026-09-16 17:39:47,SPXW,2026-09-18,P,6910.0,7607.1001,0.5,126.0,0.55,193.0,0.55,1.0,225.0,0.5064,-0.0057,0.0001,-0.4929,0.0964,-0.0046
2026-09-16T17:40:28Z,2026-09-16 17:39:47,SPXW,2026-09-18,C,6915.0,7607.1001,686.8,1.0,706.9,2.0,0.0,0.0,0.0,0.5912,0.9942,0.0001,-0.4201,0.0978,0.7522
2026-09-16T17:40:28Z,2026-09-16 17:39:47,SPXW,2026-09-18,P,6915.0,7607.1001,0.5,215.0,0.55,63.0,0.55,77.0,57.0,0.503,-0.0058,0.0001,-0.4989,0.0978,-0.0047
2026-09-16T17:40:28Z,2026-09-16 17:39:47,SPXW,2026-09-18,C,6920.0,7607.1001,681.8,1.0,699.9,1.0,690.64,0.0,1.0,0.5312,0.9941,0.0001,-0.4267,0.0993,0.7527
2026-09-16T17:40:28Z,2026-09-16 17:39:47,SPXW,2026-09-18,P,6920.0,7607.1001,0.5,322.0,0.6,492.0,0.55,77.0,130.0,0.5022,-0.0059,0.0001,-0.5049,0.0992,-0.0048
2026-09-16T17:40:28Z,2026-09-16 17:39:47,SPXW,2026-09-18,C,6925.0,7607.1001,677.0,1.0,696.9,1.0,755.7,0.0,12.0,0.5876,0.994,0.0001,-0.4334,0.1007,0.7532
2026-09-16T17:40:28Z,2026-09-16 17:39:47,SPXW,2026-09-18,P,6925.0,7607.1001,0.5,343.0,0.6,518.0,0.6,5.0,280.0,0.4988,-0.006,0.0001,-0.511,0.1006,-0.0048
2026-09-16T17:40:28Z,2026-09-16 17:39:47,SPXW,2026-09-18,C,6930.0,7607.1001,672.8,1.0,691.9,2.0,663.21,0.0,3.0,0.5996,0.9939,0.0001,-0.4402,0.1022,0.7536
2026-09-16T17:40:28Z,2026-09-16 17:39:47,SPXW,2026-09-18,P,6930.0,7607.1001,0.5,364.0,0.6,393.0,0.6,2.0,1513.0,0.4954,-0.0061,0.0001,-0.5173,0.1021,-0.0049
2026-09-16T17:40:28Z,2026-09-16 17:39:47,SPXW,2026-09-18,C,6935.0,7607.1001,666.8,1.0,684.5,1.0,0.0,0.0,0.0,0.504,0.9938,0.0001,-0.4471,0.1037,0.7541
2026-09-16T17:40:28Z,2026-09-16 17:39:47,SPXW,2026-09-18,P,6935.0,7607.1001,0.5,375.0,0.6,393.0,0.6,2.0,2816.0,0.492,-0.0062,0.0001,-0.5236,0.1036,-0.005
2026-09-16T17:40:28Z,2026-09-16 17:39:47,SPXW,2026-09-18,C,6940.0,7607.1001,662.7,1.0,681.9,1.0,686.34,0.0,2.0,0.5897,0.9937,0.0001,-0.4541,0.1052,0.7546
2026-09-16T17:40:28Z,2026-09-16 17:39:47,SPXW,2026-09-18,P,6940.0,7607.1001,0.5,494.0,0.6,382.0,0.6,16.0,2900.0,0.4886,-0.0063,0.0001,-0.53,0.1051,-0.0051
2026-09-16T17:40:28Z,2026-09-16 17:39:47,SPXW,2026-09-18,C,6945.0,7607.1001,656.8,1.0,674.5,1.0,0.0,0.0,0.0,0.4967,0.9936,0.0001,-0.4612,0.1067,0.755
2026-09-16T17:40:28Z,2026-09-16 17:39:47,SPXW,2026-09-18,P,6945.0,7607.1001,0.5,501.0,0.6,378.0,0.6,19.0,1413.0,0.4852,-0.0064,0.0001,-0.5366,0.1066,-0.0052
2026-09-16T17:40:28Z,2026-09-16 17:39:47,SPXW,2026-09-18,C,6950.0,7607.1001,651.8,1.0,671.7,1.0,694.21,0.0,260.0,0.5591,0.9935,0.0001,-0.4685,0.1083,0.7555
2026-09-16T17:40:28Z,2026-09-16 17:39:47,SPXW,2026-09-18,P,6950.0,7607.1001,0.55,36.0,0.6,236.0,0.6,22.0,7917.0,0.4843,-0.0065,0.0001,-0.5433,0.1082,-0.0053
2026-09-16T17:40:28Z,2026-09-16 17:39:47,SPXW,2026-09-18,C,6955.0,7607.1001,646.9,1.0,666.9,2.0,0.0,0.0,0.0,0.5616,0.9934,0.0001,-0.4758,0.1099,0.756
2026-09-16T17:40:28Z,2026-09-16 17:39:47,SPXW,2026-09-18,P,6955.0,7607.1001,0.55,200.0,0.6,77.0,0.65,2.0,244.0,0.4808,-0.0066,0.0001,-0.5501,0.1098,-0.0054
2026-09-16T17:40:28Z,2026-09-16 17:39:47,SPXW,2026-09-18,C,6960.0,7607.1001,642.8,1.0,662.0,1.0,547.13,0.0,1.0,0.5772,0.9933,0.0001,-0.4833,0.1115,0.7564
2026-09-16T17:40:28Z,2026-09-16 17:39:47,SPXW,2026-09-18,P,6960.0,7607.1001,0.55,263.0,0.65,477.0,0.65,2.0,252.0,0.4798,-0.0067,0.0001,-0.557,0.1114,-0.0054
2026-09-16T17:40:28Z,2026-09-16 17:39:47,SPXW,2026-09-18,C,6965.0,7607.1001,636.8,1.0,654.7,1.0,0.0,0.0,0.0,0.4902,0.9932,0.0001,-0.4909,0.1132,0.7569
2026-09-16T17:40:28Z,2026-09-16 17:39:47,SPXW,2026-09-18,P,6965.0,7607.1001,0.55,332.0,0.65,462.0,0.65,1.0,65.0,0.4764,-0.0068,0.0001,-0.564,0.1131,-0.0055
2026-09-16T17:40:28Z,2026-09-16 17:39:47,SPXW,2026-09-18,C,6970.0,7607.1001,632.8,1.0,652.0,2.0,0.0,0.0,0.0,0.5691,0.993,0.0001,-0.4986,0.1149,0.7573
2026-09-16T17:40:28Z,2026-09-16 17:39:47,SPXW,2026-09-18,P,6970.0,7607.1001,0.55,348.0,0.65,375.0,0.65,2.0,144.0,0.4729,-0.0069,0.0001,-0.5711,0.1148,-0.0056
2026-09-16T17:40:28Z,2026-09-16 17:39:47,SPXW,2026-09-18,C,6975.0,7607.1001,626.9,1.0,647.0,1.0,695.5,0.0,6.0,0.5478,0.9929,0.0001,-0.5064,0.1166,0.7578
2026-09-16T17:40:28Z,2026-09-16 17:39:47,SPXW,2026-09-18,P,6975.0,7607.1001,0.55,403.0,0.65,378.0,0.65,7.0,797.0,0.4695,-0.007,0.0001,-0.5784,0.1165,-0.0057
2026-09-16T17:40:28Z,2026-09-16 17:39:47,SPXW,2026-09-18,C,6980.0,7607.1001,622.9,1.0,642.0,1.0,690.7,0.0,1.0,0.5628,0.9928,0.0001,-0.5144,0.1184,0.7582
2026-09-16T17:40:28Z,2026-09-16 17:39:47,SPXW,2026-09-18,P,6980.0,7607.1001,0.55,385.0,0.65,365.0,0.65,1.0,336.0,0.4661,-0.0072,0.0001,-0.5858,0.1183,-0.0058
2026-09-16T17:40:28Z,2026-09-16 17:39:47,SPXW,2026-09-18,C,6985.0,7607.1001,616.9,1.0,635.2,1.0,616.86,0.0,2.0,0.4959,0.9927,0.0001,-0.5225,0.1202,0.7587
2026-09-16T17:40:28Z,2026-09-16 17:39:47,SPXW,2026-09-18,P,6985.0,7607.1001,0.6,21.0,0.65,268.0,0.7,12.0,77.0,0.4649,-0.0073,0.0001,-0.5933,0.1201,-0.0059
2026-09-16T17:40:28Z,2026-09-16 17:39:47,SPXW,2026-09-18,C,6990.0,7607.1001,612.9,1.0,632.0,2.0,0.0,0.0,0.0,0.5546,0.9926,0.0001,-0.5307,0.122,0.7591
2026-09-16T17:40:28Z,2026-09-16 17:39:47,SPXW,2026-09-18,P,6990.0,7607.1001,0.6,157.0,0.65,141.0,0.66,986.0,365.0,0.4614,-0.0074,0.0001,-0.601,0.122,-0.006
2026-09-16T17:40:28Z,2026-09-16 17:39:47,SPXW,2026-09-18,C,6995.0,7607.1001,606.9,1.0,627.0,1.0,0.0,0.0,0.0,0.532,0.9924,0.0001,-0.5391,0.1239,0.7596
2026-09-16T17:40:28Z,2026-09-16 17:39:47,SPXW,2026-09-18,P,6995.0,7607.1001,0.6,288.0,0.7,468.0,0.7,1.0,154.0,0.4601,-0.0076,0.0001,-0.6088,0.1238,-0.0061
2026-09-16T17:40:28Z,2026-09-16 17:39:47,SPXW,2026-09-18,C,7000.0,7607.1001,602.2,1.0,622.0,1.0,668.02,0.0,262.0,0.5338,0.9923,0.0001,-0.5476,0.1259,0.76
2026-09-16T17:40:28Z,2026-09-16 17:39:47,SPXW,2026-09-18,P,7000.0,7607.1001,0.6,342.0,0.7,518.0,0.67,86.0,2873.0,0.4567,-0.0077,0.0001,-0.6167,0.1258,-0.0062
2026-09-16T17:40:28Z,2026-09-16 17:39:47,SPXW,2026-09-18,C,7005.0,7607.1001,597.2,1.0,617.0,2.0,715.27,0.0,5.0,0.5298,0.9922,0.0001,-0.5563,0.1279,0.7604
2026-09-16T17:40:28Z,2026-09-16 17:39:47,SPXW,2026-09-18,P,7005.0,7607.1001,0.6,340.0,0.7,372.0,0.7,2.0,46.0,0.4532,-0.0078,0.0001,-0.6248,0.1278,-0.0064
2026-09-16T17:40:28Z,2026-09-16 17:39:47,SPXW,2026-09-18,C,7010.0,7607.1001,591.9,1.0,610.1,1.0,678.93,0.0,22.0,0.474,0.992,0.0001,-0.5651,0.1299,0.7609
2026-09-16T17:40:28Z,2026-09-16 17:39:47,SPXW,2026-09-18,P,7010.0,7607.1001,0.6,347.0,0.7,370.0,0.7,12.0,353.0,0.4498,-0.008,0.0001,-0.633,0.1298,-0.0065
2026-09-16T17:40:28Z,2026-09-16 17:39:47,SPXW,2026-09-18,C,7015.0,7607.1001,586.9,1.0,604.8,1.0,0.0,0.0,37.0,0.4605,0.9919,0.0001,-0.574,0.132,0.7613
2026-09-16T17:40:28Z,2026-09-16 17:39:47,SPXW,2026-09-18,P,7015.0,7607.1001,0.6,384.0,0.7,372.0,0.75,55.0,44.0,0.4463,-0.0081,0.0001,-0.6414,0.1319,-0.0066
2026-09-16T17:40:28Z,2026-09-16 17:39:47,SPXW,2026-09-18,C,7020.0,7607.1001,582.9,1.0,602.1,2.0,647.71,0.0,2.0,0.532,0.9917,0.0001,-0.5831,0.1341,0.7617
2026-09-16T17:40:28Z,2026-09-16 17:39:47,SPXW,2026-09-18,P,7020.0,7607.1001,0.6,478.0,0.7,232.0,0.75,29.0,162.0,0.4428,-0.0082,0.0001,-0.65,0.134,-0.0067
2026-09-16T17:40:28Z,2026-09-16 17:39:47,SPXW,2026-09-18,C,7025.0,7607.1001,577.2,1.0,597.1,1.0,626.35,0.0,26.0,0.5157,0.9916,0.0001,-0.5924,0.1363,0.7622
2026-09-16T17:40:28Z,2026-09-16 17:39:47,SPXW,2026-09-18,P,7025.0,7607.1001,0.65,184.0,0.7,40.0,0.75,199.0,537.0,0.4414,-0.0084,0.0001,-0.6587,0.1362,-0.0068
2026-09-16T17:40:28Z,2026-09-16 17:39:47,SPXW,2026-09-18,C,7030.0,7607.1001,572.0,1.0,592.1,1.0,553.59,0.0,1.0,0.508,0.9914,0.0001,-0.6019,0.1385,0.7626
2026-09-16T17:40:28Z,2026-09-16 17:39:47,SPXW,2026-09-18,P,7030.0,7607.1001,0.65,336.0,0.75,465.0,0.7,9.0,1563.0,0.4399,-0.0085,0.0001,-0.6675,0.1384,-0.0069
2026-09-16T17:40:28Z,2026-09-16 17:39:47,SPXW,2026-09-18,C,7035.0,7607.1001,567.0,1.0,587.1,1.0,0.0,0.0,0.0,0.504,0.9913,0.0001,-0.6115,0.1408,0.763
2026-09-16T17:40:28Z,2026-09-16 17:39:47,SPXW,2026-09-18,P,7035.0,7607.1001,0.65,350.0,0.75,380.0,0.75,11.0,2853.0,0.4364,-0.0087,0.0001,-0.6766,0.1407,-0.0071
2026-09-16T17:40:28Z,2026-09-16 17:39:47,SPXW,2026-09-18,C,7040.0,7607.1001,562.0,1.0,579.8,1.0,712.71,0.0,10.0,0.4453,0.9911,0.0001,-0.6213,0.1431,0.7634
2026-09-16T17:40:28Z,2026-09-16 17:39:47,SPXW,2026-09-18,P,7040.0,7607.1001,0.65,355.0,0.75,377.0,0.8,49.0,3056.0,0.4329,-0.0089,0.0001,-0.6858,0.143,-0.0072
2026-09-16T17:40:28Z,2026-09-16 17:39:47,SPXW,2026-09-18,C,7045.0,7607.1001,557.0,1.0,574.8,1.0,0.0,0.0,0.0,0.4416,0.9909,0.0001,-0.6313,0.1455,0.7638
2026-09-16T17:40:28Z,2026-09-16 17:39:47,SPXW,2026-09-18,P,7045.0,7607.1001,0.65,369.0,0.75,365.0,0.75,11.0,1475.0,0.4294,-0.009,0.0001,-0.6952,0.1454,-0.0073
2026-09-16T17:40:28Z,2026-09-16 17:39:47,SPXW,2026-09-18,C,7050.0,7607.1001,553.0,1.0,572.1,2.0,591.25,0.0,25.0,0.5092,0.9908,0.0001,-0.6415,0.1479,0.7642
2026-09-16T17:40:28Z,2026-09-16 17:39:47,SPXW,2026-09-18,P,7050.0,7607.1001,0.7,77.0,0.75,150.0,0.8,13.0,6022.0,0.4278,-0.0092,0.0001,-0.7049,0.1478,-0.0075
2026-09-16T17:40:28Z,2026-09-16 17:39:47,SPXW,2026-09-18,C,7055.0,7607.1001,547.0,1.0,564.8,1.0,0.0,0.0,0.0,0.4342,0.9906,0.0001,-0.6519,0.1504,0.7646
2026-09-16T17:40:28Z,2026-09-16 17:39:47,SPXW,2026-09-18,P,7055.0,7607.1001,0.7,287.0,0.75,11.0,0.8,5.0,1050.0,0.4243,-0.0094,0.0001,-0.7147,0.1503,-0.0076
2026-09-16T17:40:28Z,2026-09-16 17:39:47,SPXW,2026-09-18,C,7060.0,7607.1001,543.0,1.0,562.1,1.0,0.0,0.0,0.0,0.501,0.9904,0.0001,-0.6625,0.1529,0.765
2026-09-16T17:40:28Z,2026-09-16 17:39:47,SPXW,2026-09-18,P,7060.0,7607.1001,0.7,329.0,0.8,448.0,0.8,11.0,283.0,0.4226,-0.0095,0.0001,-0.7247,0.1528,-0.0078
2026-09-16T17:40:28Z,2026-09-16 17:39:47,SPXW,2026-09-18,C,7065.0,7607.1001,537.0,1.0,557.2,2.0,0.0,0.0,0.0,0.4819,0.9902,0.0001,-0.6733,0.1555,0.7654
2026-09-16T17:40:28Z,2026-09-16 17:39:47,SPXW,2026-09-18,P,7065.0,7607.1001,0.7,337.0,0.8,362.0,0.8,2.0,108.0,0.4191,-0.0097,0.0001,-0.735,0.1554,-0.0079
2026-09-16T17:40:28Z,2026-09-16 17:39:47,SPXW,2026-09-18,C,7070.0,7607.1001,532.0,1.0,550.2,1.0,0.0,0.0,300.0,0.4347,0.9901,0.0001,-0.6843,0.1581,0.7658
2026-09-16T17:40:28Z,2026-09-16 17:39:47,SPXW,2026-09-18,P,7070.0,7607.1001,0.7,353.0,0.8,351.0,0.8,2.0,305.0,0.4156,-0.0099,0.0001,-0.7454,0.158,-0.0081
2026-09-16T17:40:28Z,2026-09-16 17:39:47,SPXW,2026-09-18,C,7075.0,7607.1001,528.1,1.0,547.2,1.0,566.7,0.0,62.0,0.4918,0.9899,0.0001,-0.6956,0.1608,0.7662
2026-09-16T17:40:28Z,2026-09-16 17:39:47,SPXW,2026-09-18,P,7075.0,7607.1001,0.75,86.0,0.8,118.0,0.8,1.0,554.0,0.4137,-0.0101,0.0001,-0.7561,0.1607,-0.0082
2026-09-16T17:40:28Z,2026-09-16 17:39:47,SPXW,2026-09-18,C,7080.0,7607.1001,522.1,1.0,539.9,1.0,592.16,0.0,58.0,0.4216,0.9897,0.0001,-0.7071,0.1636,0.7666
2026-09-16T17:40:28Z,2026-09-16 17:39:47,SPXW,2026-09-18,P,7080.0,7607.1001,0.75,313.0,0.85,441.0,0.85,24.0,325.0,0.4119,-0.0103,0.0001,-0.767,0.1635,-0.0084
2026-09-16T17:40:28Z,2026-09-16 17:39:47,SPXW,2026-09-18,C,7085.0,7607.1001,517.4,1.0,537.2,2.0,588.45,0.0,3.0,0.4727,0.9895,0.0001,-0.7188,0.1664,0.767
2026-09-16T17:40:28Z,2026-09-16 17:39:47,SPXW,2026-09-18,P,7085.0,7607.1001,0.75,331.0,0.85,369.0,0.85,13.0,162.0,0.4083,-0.0105,0.0001,-0.7782,0.1663,-0.0086
2026-09-16T17:40:28Z,2026-09-16 17:39:47,SPXW,2026-09-18,C,7090.0,7607.1001,512.1,1.0,530.3,1.0,556.75,0.0,6.0,0.4249,0.9893,0.0001,-0.7308,0.1692,0.7674
2026-09-16T17:40:28Z,2026-09-16 17:39:47,SPXW,2026-09-18,P,7090.0,7607.1001,0.75,336.0,0.85,292.0,0.9,4.0,1539.0,0.4047,-0.0107,0.0001,-0.7901,0.1692,-0.0087
2026-09-16T17:40:28Z,2026-09-16 17:39:47,SPXW,2026-09-18,C,7095.0,7607.1001,507.1,1.0,525.3,1.0,0.0,0.0,0.0,0.4211,0.989,0.0001,-0.743,0.1722,0.7677
2026-09-16T17:40:28Z,2026-09-16 17:39:47,SPXW,2026-09-18,P,7095.0,7607.1001,0.8,60.0,0.85,139.0,0.9,3.0,194.0,0.4027,-0.0109,0.0001,-0.8018,0.1722,-0.0089
2026-09-16T17:40:28Z,2026-09-16 17:39:47,SPXW,2026-09-18,C,7100.0,7607.1001,502.1,1.0,520.0,1.0,518.97,1.0,89.0,0.4095,0.9888,0.0001,-0.7556,0.1752,0.7681
2026-09-16T17:40:28Z,2026-09-16 17:39:47,SPXW,2026-09-18,P,7100.0,7607.1001,0.8,251.0,0.9,389.0,0.9,64.0,2978.0,0.4007,-0.0112,0.0001,-0.8138,0.1752,-0.0091
2026-09-16T17:40:28Z,2026-09-16 17:39:47,SPXW,2026-09-18,C,7105.0,7607.1001,497.1,1.0,515.0,1.0,0.0,0.0,0.0,0.4057,0.9886,0.0001,-0.7684,0.1782,0.7685
2026-09-16T17:40:28Z,2026-09-16 17:39:47,SPXW,2026-09-18,P,7105.0,7607.1001,0.8,307.0,0.9,286.0,0.9,2.0,82.0,0.3972,-0.0114,0.0001,-0.826,0.1782,-0.0093
2026-09-16T17:40:28Z,2026-09-16 17:39:47,SPXW,2026-09-18,C,7110.0,7607.1001,492.5,1.0,512.1,1.0,560.55,0.0,11.0,0.4525,0.9884,0.0001,-0.7815,0.1814,0.7688
2026-09-16T17:40:28Z,2026-09-16 17:39:47,SPXW,2026-09-18,P,7110.0,7607.1001,0.8,318.0,0.9,273.0,0.9,3.0,150.0,0.3936,-0.0116,0.0001,-0.8385,0.1814,-0.0095
2026-09-16T17:40:28Z,2026-09-16 17:39:47,SPXW,2026-09-18,C,7115.0,7607.1001,487.2,1.0,505.0,1.0,0.0,0.0,0.0,0.4009,0.9881,0.0001,-0.7949,0.1846,0.7692
2026-09-16T17:40:28Z,2026-09-16 17:39:47,SPXW,2026-09-18,P,7115.0,7607.1001,0.85,60.0,0.9,68.0,1.0,1.0,228.0,0.3915,-0.0118,0.0001,-0.8513,0.1846,-0.0097
2026-09-16T17:40:28Z,2026-09-16 17:39:47,SPXW,2026-09-18,C,7120.0,7607.1001,482.3,1.0,502.1,1.0,466.76,0.0,8.0,0.4412,0.9879,0.0001,-0.8086,0.188,0.7695
2026-09-16T17:40:28Z,2026-09-16 17:39:47,SPXW,2026-09-18,P,7120.0,7607.1001,0.85,274.0,0.95,351.0,1.0,2.0,158.0,0.3894,-0.0121,0.0001,-0.8645,0.188,-0.0099
2026-09-16T17:40:28Z,2026-09-16 17:39:47,SPXW,2026-09-18,C,7125.0,7607.1001,477.6,1.0,497.3,1.0,546.12,0.0,18.0,0.445,0.9876,0.0001,-0.8226,0.1914,0.7699
2026-09-16T17:40:28Z,2026-09-16 17:39:47,SPXW,2026-09-18,P,7125.0,7607.1001,0.85,337.0,0.95,315.0,1.0,19.0,427.0,0.3858,-0.0123,0.0001,-0.878,0.1914,-0.0101
2026-09-16T17:40:28Z,2026-09-16 17:39:47,SPXW,2026-09-18,C,7130.0,7607.1001,472.2,1.0,490.4,1.0,657.67,0.0,6.0,0.3992,0.9874,0.0001,-0.837,0.195,0.7702
2026-09-16T17:40:28Z,2026-09-16 17:39:47,SPXW,2026-09-18,P,7130.0,7607.1001,0.85,323.0,0.95,217.0,1.05,3.0,319.0,0.3822,-0.0126,0.0001,-0.8918,0.195,-0.0103
2026-09-16T17:40:28Z,2026-09-16 17:39:47,SPXW,2026-09-18,C,7135.0,7607.1001,467.2,1.0,485.1,1.0,652.85,0.0,2.0,0.3883,0.9871,0.0001,-0.8518,0.1986,0.7705
2026-09-16T17:40:28Z,2026-09-16 17:39:47,SPXW,2026-09-18,P,7135.0,7607.1001,0.9,163.0,0.95,22.0,1.05,3.0,150.0,0.38,-0.0129,0.0001,-0.906,0.1986,-0.0105
2026-09-16T17:40:28Z,2026-09-16 17:39:47,SPXW,2026-09-18,C,7140.0,7607.1001,462.2,1.0,480.5,1.0,411.6,0.0,6.0,0.3938,0.9868,0.0001,-0.867,0.2024,0.7709
2026-09-16T17:40:28Z,2026-09-16 17:39:47,SPXW,2026-09-18,P,7140.0,7607.1001,0.9,299.0,1.0,288.0,1.05,3.0,211.0,0.3778,-0.0132,0.0001,-0.9206,0.2024,-0.0107
2026-09-16T17:40:28Z,2026-09-16 17:39:47,SPXW,2026-09-18,C,7145.0,7607.1001,457.3,1.0,475.1,1.0,441.94,0.0,8.0,0.3832,0.9865,0.0002,-0.8826,0.2063,0.7712
2026-09-16T17:40:28Z,2026-09-16 17:39:47,SPXW,2026-09-18,P,7145.0,7607.1001,0.9,314.0,1.0,252.0,1.1,4.0,302.0,0.3742,-0.0134,0.0002,-0.9356,0.2063,-0.011
2026-09-16T17:40:28Z,2026-09-16 17:39:47,SPXW,2026-09-18,C,7150.0,7607.1001,452.8,1.0,472.4,1.0,568.01,0.0,17.0,0.4289,0.9862,0.0002,-0.8986,0.2103,0.7715
2026-09-16T17:40:28Z,2026-09-16 17:39:47,SPXW,2026-09-18,P,7150.0,7607.1001,0.95,158.0,1.0,45.0,1.0,19.0,7166.0,0.3719,-0.0137,0.0002,-0.951,0.2103,-0.0112
2026-09-16T17:40:28Z,2026-09-16 17:39:47,SPXW,2026-09-18,C,7155.0,7607.1001,447.3,1.0,465.2,1.0,618.45,0.0,3.0,0.3779,0.9859,0.0002,-0.915,0.2144,0.7718
2026-09-16T17:40:28Z,2026-09-16 17:39:47,SPXW,2026-09-18,P,7155.0,7607.1001,0.95,295.0,1.05,294.0,1.15,3.0,168.0,0.3695,-0.014,0.0002,-0.9669,0.2144,-0.0115
2026-09-16T17:40:28Z,2026-09-16 17:39:47,SPXW,2026-09-18,C,7160.0,7607.1001,442.3,1.0,460.2,1.0,602.32,0.0,9.0,0.3741,0.9856,0.0002,-0.932,0.2187,0.772
2026-09-16T17:40:28Z,2026-09-16 17:39:47,SPXW,2026-09-18,P,7160.0,7607.1001,0.95,314.0,1.05,179.0,1.15,3.0,211.0,0.3659,-0.0144,0.0002,-0.9833,0.2187,-0.0117
2026-09-16T17:40:28Z,2026-09-16 17:39:47,SPXW,2026-09-18,C,7165.0,7607.1001,437.5,1.0,457.5,1.0,447.07,0.0,10.0,0.4138,0.9853,0.0002,-0.9495,0.2231,0.7723
2026-09-16T17:40:28Z,2026-09-16 17:39:47,SPXW,2026-09-18,P,7165.0,7607.1001,1.0,182.0,1.1,387.0,1.2,2.0,217.0,0.3647,-0.0147,0.0002,-1.0002,0.2231,-0.012
2026-09-16T17:40:28Z,2026-09-16 17:39:47,SPXW,2026-09-18,C,7170.0,7607.1001,432.7,1.0,452.5,2.0,609.0,0.0,8.0,0.4125,0.985,0.0002,-0.9675,0.2276,0.7726
2026-09-16T17:40:28Z,2026-09-16 17:39:47,SPXW,2026-09-18,P,7170.0,7607.1001,1.0,300.0,1.1,283.0,1.2,1.0,563.0,0.361,-0.015,0.0002,-1.0177,0.2276,-0.0123
2026-09-16T17:40:28Z,2026-09-16 17:39:47,SPXW,2026-09-18,C,7175.0,7607.1001,428.5,1.0,447.5,1.0,494.4,0.0,200.0,0.4188,0.9846,0.0002,-0.9861,0.2322,0.7728
2026-09-16T17:40:28Z,2026-09-16 17:39:47,SPXW,2026-09-18,P,7175.0,7607.1001,1.05,92.0,1.1,52.0,1.1,7.0,1058.0,0.3586,-0.0154,0.0002,-1.0357,0.2322,-0.0126
2026-09-16T17:40:28Z,2026-09-16 17:39:47,SPXW,2026-09-18,C,7180.0,7607.1001,422.4,1.0,440.6,1.0,572.19,0.0,21.0,0.3692,0.9842,0.0002,-1.0053,0.237,0.7731
2026-09-16T17:40:28Z,2026-09-16 17:39:47,SPXW,2026-09-18,P,7180.0,7607.1001,1.05,289.0,1.15,281.0,1.25,13.0,342.0,0.356,-0.0157,0.0002,-1.0544,0.237,-0.0129
2026-09-16T17:40:28Z,2026-09-16 17:39:47,SPXW,2026-09-18,C,7185.0,7607.1001,417.4,1.0,435.7,1.0,488.91,0.0,6.0,0.3672,0.9838,0.0002,-1.0252,0.2419,0.7733
2026-09-16T17:40:28Z,2026-09-16 17:39:47,SPXW,2026-09-18,P,7185.0,7607.1001,1.05,299.0,1.15,155.0,1.2,1.0,267.0,0.3524,-0.0161,0.0002,-1.0737,0.2419,-0.0132
2026-09-16T17:40:28Z,2026-09-16 17:39:47,SPXW,2026-09-18,C,7190.0,7607.1001,413.6,1.0,432.6,1.0,324.0,0.0,5.0,0.4086,0.9835,0.0002,-1.0458,0.2469,0.7735
2026-09-16T17:40:28Z,2026-09-16 17:39:47,SPXW,2026-09-18,P,7190.0,7607.1001,1.1,273.0,1.2,278.0,1.3,25.0,261.0,0.3509,-0.0165,0.0002,-1.0937,0.2469,-0.0135
2026-09-16T17:40:28Z,2026-09-16 17:39:47,SPXW,2026-09-18,C,7195.0,7607.1001,407.5,1.0,425.4,1.0,421.95,0.0,21.0,0.3556,0.983,0.0002,-1.0671,0.2521,0.7738
2026-09-16T17:40:28Z,2026-09-16 17:39:47,SPXW,2026-09-18,P,7195.0,7607.1001,1.1,290.0,1.2,225.0,1.25,1.0,278.0,0.3472,-0.0169,0.0002,-1.1145,0.2521,-0.0138
2026-09-16T17:40:28Z,2026-09-16 17:39:47,SPXW,2026-09-18,C,7200.0,7607.1001,403.7,1.0,422.7,2.0,476.0,0.0,2067.0,0.4025,0.9826,0.0002,-1.0892,0.2575,0.7739
2026-09-16T17:40:28Z,2026-09-16 17:39:47,SPXW,2026-09-18,P,7200.0,7607.1001,1.15,229.0,1.25,276.0,1.2,250.0,3480.0,0.3456,-0.0174,0.0002,-1.136,0.2575,-0.0142
2026-09-16T17:40:28Z,2026-09-16 17:39:47,SPXW,2026-09-18,C,7205.0,7607.1001,398.7,1.0,417.7,1.0,312.2,0.0,19.0,0.3983,0.9822,0.0002,-1.1122,0.263,0.7741
2026-09-16T17:40:28Z,2026-09-16 17:39:47,SPXW,2026-09-18,P,7205.0,7607.1001,1.15,286.0,1.25,120.0,1.4,2.0,154.0,0.3419,-0.0178,0.0002,-1.1584,0.263,-0.0146
2026-09-16T17:40:28Z,2026-09-16 17:39:47,SPXW,2026-09-18,C,7210.0,7607.1001,393.7,1.0,412.5,1.0,517.45,0.0,60.0,0.3918,0.9817,0.0002,-1.136,0.2688,0.7743
2026-09-16T17:40:28Z,2026-09-16 17:39:47,SPXW,2026-09-18,P,7210.0,7607.1001,1.2,240.0,1.3,272.0,1.4,2.0,496.0,0.3402,-0.0182,0.0002,-1.1816,0.2688,-0.0149
2026-09-16T17:40:28Z,2026-09-16 17:39:47,SPXW,2026-09-18,C,7215.0,7607.1001,387.6,1.0,405.5,1.0,321.5,0.0,22.0,0.3439,0.9812,0.0002,-1.1608,0.2748,0.7745
2026-09-16T17:40:28Z,2026-09-16 17:39:47,SPXW,2026-09-18,P,7215.0,7607.1001,1.2,385.0,1.3,60.0,1.45,34.0,318.0,0.3374,-0.0187,0.0002,-1.2058,0.2748,-0.0153
2026-09-16T17:40:28Z,2026-09-16 17:39:47,SPXW,2026-09-18,C,7220.0,7607.1001,382.6,1.0,400.9,1.0,511.89,0.0,15.0,0.3468,0.9807,0.0002,-1.1866,0.281,0.7746
2026-09-16T17:40:28Z,2026-09-16 17:39:47,SPXW,2026-09-18,P,7220.0,7607.1001,1.25,252.0,1.35,266.0,1.45,23.0,500.0,0.3346,-0.0192,0.0002,-1.231,0.281,-0.0157
2026-09-16T17:40:28Z,2026-09-16 17:39:47,SPXW,2026-09-18,C,7225.0,7607.1001,378.9,1.0,396.3,1.0,362.32,0.0,47.0,0.3672,0.9802,0.0002,-1.2134,0.2875,0.7747
2026-09-16T17:40:28Z,2026-09-16 17:39:47,SPXW,2026-09-18,P,7225.0,7607.1001,1.3,115.0,1.35,34.0,1.42,123.0,1060.0,0.3318,-0.0198,0.0002,-1.2573,0.2875,-0.0162
2026-09-16T17:40:28Z,2026-09-16 17:39:47,SPXW,2026-09-18,C,7230.0,7607.1001,372.7,1.0,390.6,1.0,460.42,0.0,252.0,0.3356,0.9797,0.0003,-1.2414,0.2943,0.7748
2026-09-16T17:40:28Z,2026-09-16 17:39:47,SPXW,2026-09-18,P,7230.0,7607.1001,1.3,271.0,1.4,81.0,1.4,59.0,466.0,0.3289,-0.0203,0.0003,-1.2847,0.2943,-0.0166
2026-09-16T17:40:28Z,2026-09-16 17:39:47,SPXW,2026-09-18,C,7235.0,7607.1001,367.7,1.0,385.7,1.0,322.6,0.0,10.0,0.3334,0.9791,0.0003,-1.2706,0.3014,0.7749
2026-09-16T17:40:28Z,2026-09-16 17:39:47,SPXW,2026-09-18,P,7235.0,7607.1001,1.35,246.0,1.45,263.0,1.6,4.0,211.0,0.327,-0.0209,0.0003,-1.3134,0.3014,-0.0171
2026-09-16T17:40:28Z,2026-09-16 17:39:47,SPXW,2026-09-18,C,7240.0,7607.1001,362.8,1.0,381.0,1.0,302.0,0.0,32.0,0.3357,0.9785,0.0003,-1.3011,0.3088,0.775
2026-09-16T17:40:28Z,2026-09-16 17:39:47,SPXW,2026-09-18,P,7240.0,7607.1001,1.4,184.0,1.45,33.0,1.65,3.0,328.0,0.324,-0.0215,0.0003,-1.3433,0.3088,-0.0176
2026-09-16T17:40:28Z,2026-09-16 17:39:47,SPXW,2026-09-18,C,7245.0,7607.1001,357.8,1.0,375.7,1.0,302.0,0.0,95.0,0.3271,0.9779,0.0003,-1.3331,0.3165,0.775
2026-09-16T17:40:28Z,2026-09-16 17:39:47,SPXW,2026-09-18,P,7245.0,7607.1001,1.45,48.0,1.5,51.0,1.7,36.0,433.0,0.3219,-0.0221,0.0003,-1.3747,0.3165,-0.0181
2026-09-16T17:40:28Z,2026-09-16 17:39:47,SPXW,2026-09-18,C,7250.0,7607.1001,353.6,1.0,371.8,1.0,399.65,0.0,78.0,0.3489,0.9772,0.0003,-1.3665,0.3245,0.775
2026-09-16T17:40:28Z,2026-09-16 17:39:47,SPXW,2026-09-18,P,7250.0,7607.1001,1.45,254.0,1.55,138.0,1.65,498.0,3960.0,0.3189,-0.0228,0.0003,-1.4076,0.3245,-0.0186
2026-09-16T17:40:28Z,2026-09-16 17:39:47,SPXW,2026-09-18,C,7255.0,7607.1001,347.9,1.0,365.8,1.0,332.53,0.0,19.0,0.3222,0.9765,0.0003,-1.4016,0.3329,0.7749
2026-09-16T17:40:28Z,2026-09-16 17:39:47,SPXW,2026-09-18,P,7255.0,7607.1001,1.5,239.0,1.6,209.0,1.75,4.0,236.0,0.3166,-0.0234,0.0003,-1.4418,0.3329,-0.0192
2026-09-16T17:40:28Z,2026-09-16 17:39:47,SPXW,2026-09-18,C,7260.0,7607.1001,342.9,1.0,361.2,1.0,386.15,0.0,20.0,0.324,0.9758,0.0003,-1.4385,0.3415,0.7749
2026-09-16T17:40:28Z,2026-09-16 17:39:47,SPXW,2026-09-18,P,7260.0,7607.1001,1.55,213.0,1.65,252.0,1.8,3.0,352.0,0.3143,-0.0242,0.0003,-1.4782,0.3416,-0.0198
2026-09-16T17:40:28Z,2026-09-16 17:39:47,SPXW,2026-09-18,C,7265.0,7607.1001,338.0,1.0,355.9,1.0,412.35,0.0,12.0,0.3172,0.975,0.0003,-1.4771,0.3505,0.7748
2026-09-16T17:40:28Z,2026-09-16 17:39:47,SPXW,2026-09-18,P,7265.0,7607.1001,1.6,199.0,1.65,10.0,1.85,2.0,250.0,0.312,-0.0249,0.0003,-1.5165,0.3505,-0.0205
2026-09-16T17:40:28Z,2026-09-16 17:39:47,SPXW,2026-09-18,C,7270.0,7607.1001,333.2,1.0,351.0,1.0,490.43,0.0,27.0,0.3173,0.9742,0.0003,-1.5178,0.3598,0.7747
2026-09-16T17:40:28Z,2026-09-16 17:39:47,SPXW,2026-09-18,P,7270.0,7607.1001,1.65,181.0,1.7,10.0,1.82,64.0,339.0,0.3096,-0.0257,0.0003,-1.5566,0.3598,-0.0211
2026-09-16T17:40:28Z,2026-09-16 17:39:47,SPXW,2026-09-18,C,7275.0,7607.1001,328.1,1.0,346.0,1.0,315.3,0.0,301.0,0.3119,0.9734,0.0003,-1.5606,0.3695,0.7745
2026-09-16T17:40:28Z,2026-09-16 17:39:47,SPXW,2026-09-18,P,7275.0,7607.1001,1.7,208.0,1.8,248.0,1.85,270.0,1266.0,0.3072,-0.0266,0.0003,-1.5988,0.3695,-0.0218
2026-09-16T17:40:28Z,2026-09-16 17:39:47,SPXW,2026-09-18,C,7280.0,7607.1001,323.1,1.0,341.6,1.0,307.98,0.0,57.0,0.3156,0.9725,0.0004,-1.6055,0.3796,0.7743
2026-09-16T17:40:28Z,2026-09-16 17:39:47,SPXW,2026-09-18,P,7280.0,7607.1001,1.75,187.0,1.85,171.0,2.05,40.0,368.0,0.3046,-0.0275,0.0004,-1.6432,0.3796,-0.0226
2026-09-16T17:40:28Z,2026-09-16 17:39:47,SPXW,2026-09-18,C,7285.0,7607.1001,318.4,1.0,336.1,1.0,324.94,0.0,8.0,0.309,0.9716,0.0004,-1.6528,0.3902,0.7741
2026-09-16T17:40:28Z,2026-09-16 17:39:47,SPXW,2026-09-18,P,7285.0,7607.1001,1.8,190.0,1.9,146.0,2.05,77.0,539.0,0.302,-0.0284,0.0004,-1.6899,0.3902,-0.0233
2026-09-16T17:40:28Z,2026-09-16 17:39:47,SPXW,2026-09-18,C,7290.0,7607.1001,313.8,1.0,332.4,1.0,294.2,0.0,47.0,0.324,0.9706,0.0004,-1.7027,0.4014,0.7739
2026-09-16T17:40:28Z,2026-09-16 17:39:47,SPXW,2026-09-18,P,7290.0,7607.1001,1.9,32.0,1.95,75.0,2.0,54.0,518.0,0.3001,-0.0294,0.0004,-1.7392,0.4014,-0.0241
2026-09-16T17:40:28Z,2026-09-16 17:39:47,SPXW,2026-09-18,C,7295.0,7607.1001,308.3,1.0,326.3,1.0,529.11,0.0,5.0,0.302,0.9695,0.0004,-1.7551,0.4131,0.7736
2026-09-16T17:40:28Z,2026-09-16 17:39:47,SPXW,2026-09-18,P,7295.0,7607.1001,1.95,78.0,2.0,25.0,2.0,89.0,546.0,0.2974,-0.0304,0.0004,-1.7911,0.4131,-0.025
2026-09-16T17:40:28Z,2026-09-16 17:39:47,SPXW,2026-09-18,C,7300.0,7607.1001,303.4,1.0,321.4,1.0,308.2,0.0,609.0,0.3003,0.9684,0.0004,-1.8104,0.4254,0.7732
2026-09-16T17:40:28Z,2026-09-16 17:39:47,SPXW,2026-09-18,P,7300.0,7607.1001,2.0,183.0,2.1,203.0,2.05,348.0,3118.0,0.2952,-0.0315,0.0004,-1.8458,0.4254,-0.0259
2026-09-16T17:40:28Z,2026-09-16 17:39:47,SPXW,2026-09-18,C,7305.0,7607.1001,299.0,1.0,317.6,1.0,306.23,0.0,13.0,0.315,0.9673,0.0004,-1.8687,0.4384,0.7728
2026-09-16T17:40:28Z,2026-09-16 17:39:47,SPXW,2026-09-18,P,7305.0,7607.1001,2.1,51.0,2.15,59.0,2.35,11.0,522.0,0.293,-0.0327,0.0004,-1.9035,0.4384,-0.0269
2026-09-16T17:40:28Z,2026-09-16 17:39:47,SPXW,2026-09-18,C,7310.0,7607.1001,293.5,1.0,311.6,1.0,300.99,0.0,25.0,0.2954,0.966,0.0004,-1.9301,0.4519,0.7723
2026-09-16T17:40:28Z,2026-09-16 17:39:47,SPXW,2026-09-18,P,7310.0,7607.1001,2.15,182.0,2.25,230.0,2.2,361.0,429.0,0.2907,-0.0339,0.0004,-1.9644,0.4519,-0.0279
2026-09-16T17:40:28Z,2026-09-16 17:39:47,SPXW,2026-09-18,C,7315.0,7607.1001,288.6,1.0,306.6,1.0,339.98,0.0,23.0,0.2923,0.9647,0.0005,-1.995,0.4661,0.7718
2026-09-16T17:40:28Z,2026-09-16 17:39:47,SPXW,2026-09-18,P,7315.0,7607.1001,2.25,70.0,2.3,25.0,2.55,68.0,993.0,0.2884,-0.0352,0.0005,-2.0287,0.4661,-0.029
2026-09-16T17:40:28Z,2026-09-16 17:39:47,SPXW,2026-09-18,C,7320.0,7607.1001,283.7,1.0,301.7,1.0,432.97,0.0,97.0,0.2902,0.9634,0.0005,-2.0634,0.4808,0.7712
2026-09-16T17:40:28Z,2026-09-16 17:39:47,SPXW,2026-09-18,P,7320.0,7607.1001,2.3,280.0,2.4,88.0,2.35,406.0,1007.0,0.2859,-0.0366,0.0005,-2.0966,0.4808,-0.0301
2026-09-16T17:40:28Z,2026-09-16 17:39:47,SPXW,2026-09-18,C,7325.0,7607.1001,279.6,1.0,297.5,1.0,330.77,0.0,305.0,0.3022,0.9619,0.0005,-2.1357,0.4961,0.7705
2026-09-16T17:40:28Z,2026-09-16 17:39:47,SPXW,2026-09-18,P,7325.0,7607.1001,2.4,156.0,2.5,118.0,2.5,189.0,1762.0,0.2839,-0.038,0.0005,-2.1682,0.4961,-0.0314
2026-09-16T17:40:28Z,2026-09-16 17:39:47,SPXW,2026-09-18,C,7330.0,7607.1001,273.9,1.0,291.9,1.0,262.84,0.0,55.0,0.2858,0.9604,0.0005,-2.212,0.512,0.7698
2026-09-16T17:40:28Z,2026-09-16 17:39:47,SPXW,2026-09-18,P,7330.0,7607.1001,2.5,121.0,2.6,149.0,2.65,120.0,1217.0,0.2818,-0.0396,0.0005,-2.2439,0.512,-0.0326
2026-09-16T17:40:28Z,2026-09-16 17:39:47,SPXW,2026-09-18,C,7335.0,7607.1001,269.0,1.0,287.4,1.0,482.84,0.0,11.0,0.2872,0.9588,0.0005,-2.2924,0.5286,0.769
2026-09-16T17:40:28Z,2026-09-16 17:39:47,SPXW,2026-09-18,P,7335.0,7607.1001,2.6,94.0,2.7,149.0,2.9,15.0,566.0,0.2797,-0.0412,0.0005,-2.3238,0.5286,-0.034
2026-09-16T17:40:28Z,2026-09-16 17:39:47,SPXW,2026-09-18,C,7340.0,7607.1001,264.4,1.0,282.2,1.0,301.69,0.0,70.0,0.2846,0.957,0.0006,-2.3772,0.5459,0.7681
2026-09-16T17:40:28Z,2026-09-16 17:39:47,SPXW,2026-09-18,P,7340.0,7607.1001,2.7,158.0,2.8,86.0,2.8,88.0,997.0,0.2774,-0.0429,0.0006,-2.408,0.5459,-0.0354
2026-09-16T17:40:28Z,2026-09-16 17:39:47,SPXW,2026-09-18,C,7345.0,7607.1001,259.4,1.0,277.3,1.0,328.21,0.0,181.0,0.2811,0.9552,0.0006,-2.4665,0.5642,0.7672
2026-09-16T17:40:28Z,2026-09-16 17:39:47,SPXW,2026-09-18,P,7345.0,7607.1001,2.85,22.0,2.9,41.0,3.1,83.0,463.0,0.2755,-0.0447,0.0006,-2.4967,0.5642,-0.0369
2026-09-16T17:40:28Z,2026-09-16 17:39:47,SPXW,2026-09-18,C,7350.0,7607.1001,255.7,1.0,272.4,1.0,332.19,0.0,119.0,0.2883,0.9533,0.0006,-2.5605,0.5834,0.7661
2026-09-16T17:40:28Z,2026-09-16 17:39:47,SPXW,2026-09-18,P,7350.0,7607.1001,2.95,46.0,3.1,226.0,3.0,305.0,2872.0,0.2739,-0.0467,0.0006,-2.5902,0.5834,-0.0384
2026-09-16T17:40:28Z,2026-09-16 17:39:47,SPXW,2026-09-18,C,7355.0,7607.1001,249.8,1.0,267.6,1.0,327.2,0.0,51.0,0.2782,0.9513,0.0006,-2.6596,0.6036,0.765
2026-09-16T17:40:28Z,2026-09-16 17:39:47,SPXW,2026-09-18,P,7355.0,7607.1001,3.1,14.0,3.2,197.0,3.03,108.0,363.0,0.2718,-0.0487,0.0006,-2.6887,0.6036,-0.0401
2026-09-16T17:40:28Z,2026-09-16 17:39:47,SPXW,2026-09-18,C,7360.0,7607.1001,244.9,1.0,262.7,1.0,252.38,0.0,37.0,0.2753,0.9491,0.0007,-2.7639,0.6247,0.7637
2026-09-16T17:40:28Z,2026-09-16 17:39:47,SPXW,2026-09-18,P,7360.0,7607.1001,3.2,110.0,3.3,122.0,3.3,204.0,1655.0,0.2692,-0.0508,0.0007,-2.7924,0.6247,-0.0419
2026-09-16T17:40:28Z,2026-09-16 17:39:47,SPXW,2026-09-18,C,7365.0,7607.1001,240.1,1.0,257.9,1.0,253.96,1.0,78.0,0.2739,0.9469,0.0007,-2.8736,0.6466,0.7623
2026-09-16T17:40:28Z,2026-09-16 17:39:47,SPXW,2026-09-18,P,7365.0,7607.1001,3.3,197.0,3.5,185.0,3.57,84.0,295.0,0.2672,-0.0531,0.0007,-2.9016,0.6466,-0.0439
2026-09-16T17:40:28Z,2026-09-16 17:39:47,SPXW,2026-09-18,C,7370.0,7607.1001,236.6,1.0,251.1,1.0,224.45,0.0,99.0,0.2671,0.9444,0.0007,-2.9892,0.6692,0.7609
2026-09-16T17:40:28Z,2026-09-16 17:39:47,SPXW,2026-09-18,P,7370.0,7607.1001,3.5,91.0,3.6,77.0,3.5,268.0,816.0,0.2652,-0.0555,0.0007,-3.0166,0.6692,-0.0459
2026-09-16T17:40:28Z,2026-09-16 17:39:47,SPXW,2026-09-18,C,7375.0,7607.1001,231.8,1.0,246.5,1.0,224.27,0.0,138.0,0.2671,0.9419,0.0008,-3.1106,0.6926,0.7593
2026-09-16T17:40:28Z,2026-09-16 17:39:47,SPXW,2026-09-18,P,7375.0,7607.1001,3.7,13.0,3.8,237.0,3.91,169.0,1788.0,0.2638,-0.0581,0.0008,-3.1374,0.6926,-0.048
2026-09-16T17:40:28Z,2026-09-16 17:39:47,SPXW,2026-09-18,C,7380.0,7607.1001,226.9,1.0,241.7,1.0,317.34,0.0,68.0,0.2647,0.9392,0.0008,-3.2381,0.7169,0.7576
2026-09-16T17:40:28Z,2026-09-16 17:39:47,SPXW,2026-09-18,P,7380.0,7607.1001,3.8,255.0,4.0,239.0,3.95,258.0,1297.0,0.2615,-0.0608,0.0008,-3.2644,0.7169,-0.0502
2026-09-16T17:40:28Z,2026-09-16 17:39:47,SPXW,2026-09-18,C,7385.0,7607.1001,222.5,1.0,236.8,1.0,230.06,0.0,78.0,0.2648,0.9364,0.0008,-3.3719,0.7422,0.7558
2026-09-16T17:40:28Z,2026-09-16 17:39:47,SPXW,2026-09-18,P,7385.0,7607.1001,4.0,226.0,4.1,18.0,4.29,464.0,608.0,0.2591,-0.0636,0.0008,-3.3976,0.7422,-0.0526
2026-09-16T17:40:28Z,2026-09-16 17:39:47,SPXW,2026-09-18,C,7390.0,7607.1001,217.7,1.0,232.0,1.0,333.6,0.0,35.0,0.2628,0.9334,0.0009,-3.512,0.7688,0.7539
2026-09-16T17:40:28Z,2026-09-16 17:39:47,SPXW,2026-09-18,P,7390.0,7607.1001,4.2,171.0,4.3,43.0,4.35,392.0,889.0,0.2573,-0.0666,0.0009,-3.5371,0.7688,-0.055
2026-09-16T17:40:28Z,2026-09-16 17:39:47,SPXW,2026-09-18,C,7395.0,7607.1001,212.5,1.0,227.3,1.0,283.07,0.0,31.0,0.2587,0.9302,0.0009,-3.6587,0.7967,0.7518
2026-09-16T17:40:28Z,2026-09-16 17:39:47,SPXW,2026-09-18,P,7395.0,7607.1001,4.4,223.0,4.6,179.0,4.49,332.0,2121.0,0.256,-0.0698,0.0009,-3.6832,0.7967,-0.0577
2026-09-16T17:40:28Z,2026-09-16 17:39:47,SPXW,2026-09-18,C,7400.0,7607.1001,207.8,1.0,222.5,1.0,217.69,1.0,1053.0,0.2571,0.9269,0.0009,-3.8121,0.8256,0.7495
2026-09-16T17:40:28Z,2026-09-16 17:39:47,SPXW,2026-09-18,P,7400.0,7607.1001,4.6,219.0,4.8,168.0,4.9,757.0,5844.0,0.2545,-0.0731,0.0009,-3.8361,0.8256,-0.0605
2026-09-16T17:40:28Z,2026-09-16 17:39:47,SPXW,2026-09-18,C,7405.0,7607.1001,203.4,1.0,217.7,3.0,220.22,2.0,156.0,0.2571,0.9234,0.001,-3.9726,0.8554,0.7471
2026-09-16T17:40:28Z,2026-09-16 17:39:47,SPXW,2026-09-18,P,7405.0,7607.1001,4.9,59.0,5.0,92.0,4.89,187.0,555.0,0.2522,-0.0766,0.001,-3.996,0.8554,-0.0635
2026-09-16T17:40:28Z,2026-09-16 17:39:47,SPXW,2026-09-18,C,7410.0,7607.1001,200.1,1.0,212.7,1.0,208.09,1.0,280.0,0.2617,0.9196,0.001,-4.1403,0.8859,0.7445
2026-09-16T17:40:28Z,2026-09-16 17:39:47,SPXW,2026-09-18,P,7410.0,7607.1001,5.1,199.0,5.3,156.0,5.41,440.0,1211.0,0.2504,-0.0803,0.001,-4.1631,0.8859,-0.0666
2026-09-16T17:40:28Z,2026-09-16 17:39:47,SPXW,2026-09-18,C,7415.0,7607.1001,193.9,1.0,208.3,1.0,318.02,0.0,54.0,0.2535,0.9157,0.0011,-4.3151,0.9172,0.7418
2026-09-16T17:40:28Z,2026-09-16 17:39:47,SPXW,2026-09-18,P,7415.0,7607.1001,5.4,128.0,5.5,51.0,5.72,211.0,789.0,0.2485,-0.0843,0.0011,-4.3374,0.9172,-0.0699
2026-09-16T17:40:28Z,2026-09-16 17:39:47,SPXW,2026-09-18,C,7420.0,7607.1001,193.3,1.0,199.7,16.0,177.54,0.0,96.0,0.2528,0.9116,0.0011,-4.4972,0.9496,0.7389
2026-09-16T17:40:28Z,2026-09-16 17:39:47,SPXW,2026-09-18,P,7420.0,7607.1001,5.7,68.0,5.8,62.0,5.7,113.0,701.0,0.2469,-0.0884,0.0011,-4.5189,0.9496,-0.0733
2026-09-16T17:40:28Z,2026-09-16 17:39:47,SPXW,2026-09-18,C,7425.0,7607.1001,188.2,1.0,194.7,16.0,171.7,0.0,437.0,0.2473,0.9072,0.0012,-4.6866,0.9834,0.7359
2026-09-16T17:40:28Z,2026-09-16 17:39:47,SPXW,2026-09-18,P,7425.0,7607.1001,6.0,83.0,6.1,61.0,6.07,1368.0,2470.0,0.2452,-0.0928,0.0012,-4.7077,0.9834,-0.0769
2026-09-16T17:40:28Z,2026-09-16 17:39:47,SPXW,2026-09-18,C,7430.0,7607.1001,184.3,1.0,190.0,16.0,192.65,3.0,84.0,0.2492,0.9026,0.0012,-4.8831,1.0186,0.7326
2026-09-16T17:40:28Z,2026-09-16 17:39:47,SPXW,2026-09-18,P,7430.0,7607.1001,6.3,111.0,6.4,14.0,6.3,335.0,684.0,0.2433,-0.0973,0.0012,-4.9037,1.0186,-0.0807
2026-09-16T17:40:28Z,2026-09-16 17:39:47,SPXW,2026-09-18,C,7435.0,7607.1001,178.9,1.0,185.6,16.0,188.85,1.0,20.0,0.245,0.8978,0.0013,-5.087,1.0548,0.729
2026-09-16T17:40:28Z,2026-09-16 17:39:47,SPXW,2026-09-18,P,7435.0,7607.1001,6.7,17.0,6.8,141.0,7.02,314.0,1668.0,0.2422,-0.1022,0.0013,-5.107,1.0548,-0.0848
2026-09-16T17:40:28Z,2026-09-16 17:39:47,SPXW,2026-09-18,C,7440.0,7607.1001,174.2,1.0,180.7,16.0,195.5,0.0,99.0,0.2418,0.8927,0.0013,-5.2983,1.0919,0.7253
2026-09-16T17:40:28Z,2026-09-16 17:39:47,SPXW,2026-09-18,P,7440.0,7607.1001,7.0,104.0,7.2,154.0,7.0,226.0,1414.0,0.2404,-0.1072,0.0013,-5.3178,1.0919,-0.0891
2026-09-16T17:40:28Z,2026-09-16 17:39:47,SPXW,2026-09-18,C,7445.0,7607.1001,170.4,1.0,176.0,16.0,172.96,2.0,70.0,0.2433,0.8874,0.0014,-5.5169,1.1294,0.7213
2026-09-16T17:40:28Z,2026-09-16 17:39:47,SPXW,2026-09-18,P,7445.0,7607.1001,7.4,76.0,7.5,25.0,7.83,194.0,637.0,0.2385,-0.1126,0.0014,-5.5358,1.1294,-0.0936
2026-09-16T17:40:28Z,2026-09-16 17:39:47,SPXW,2026-09-18,C,7450.0,7607.1001,165.1,1.0,171.4,16.0,162.85,28.0,345.0,0.2384,0.8818,0.0014,-5.7427,1.1678,0.7172
2026-09-16T17:40:28Z,2026-09-16 17:39:47,SPXW,2026-09-18,P,7450.0,7607.1001,7.8,83.0,7.9,12.0,7.7,1098.0,2994.0,0.2368,-0.1182,0.0014,-5.7609,1.1678,-0.0983
2026-09-16T17:40:28Z,2026-09-16 17:39:47,SPXW,2026-09-18,C,7455.0,7607.1001,160.8,1.0,166.8,16.0,161.97,15.0,72.0,0.2377,0.8759,0.0015,-5.9752,1.2072,0.7129
2026-09-16T17:40:28Z,2026-09-16 17:39:47,SPXW,2026-09-18,P,7455.0,7607.1001,8.2,109.0,8.4,130.0,8.73,126.0,498.0,0.2353,-0.1241,0.0015,-5.993,1.2072,-0.1032
2026-09-16T17:40:28Z,2026-09-16 17:39:47,SPXW,2026-09-18,C,7460.0,7607.1001,156.8,1.0,162.7,16.0,169.02,13.0,48.0,0.24,0.8697,0.0016,-6.2144,1.248,0.7082
2026-09-16T17:40:28Z,2026-09-16 17:39:47,SPXW,2026-09-18,P,7460.0,7607.1001,8.7,40.0,8.8,24.0,9.29,312.0,936.0,0.2337,-0.1303,0.0016,-6.2315,1.248,-0.1084
2026-09-16T17:40:28Z,2026-09-16 17:39:47,SPXW,2026-09-18,C,7465.0,7607.1001,151.5,1.0,157.7,16.0,164.42,26.0,36.0,0.2333,0.8632,0.0016,-6.4598,1.29,0.7033
2026-09-16T17:40:28Z,2026-09-16 17:39:47,SPXW,2026-09-18,P,7465.0,7607.1001,9.2,20.0,9.3,83.0,9.73,69.0,699.0,0.2322,-0.1368,0.0016,-6.4764,1.29,-0.1139
2026-09-16T17:40:28Z,2026-09-16 17:39:47,SPXW,2026-09-18,C,7470.0,7607.1001,147.8,1.0,153.2,16.0,149.69,15.0,106.0,0.2346,0.8564,0.0017,-6.7112,1.3325,0.698
2026-09-16T17:40:28Z,2026-09-16 17:39:47,SPXW,2026-09-18,P,7470.0,7607.1001,9.7,18.0,9.8,32.0,9.61,131.0,1040.0,0.2306,-0.1436,0.0017,-6.7272,1.3325,-0.1197
2026-09-16T17:40:28Z,2026-09-16 17:39:47,SPXW,2026-09-18,C,7475.0,7607.1001,143.5,1.0,148.7,16.0,153.65,13.0,331.0,0.2333,0.8492,0.0018,-6.9684,1.3752,0.6925
2026-09-16T17:40:28Z,2026-09-16 17:39:47,SPXW,2026-09-18,P,7475.0,7607.1001,10.2,86.0,10.4,118.0,10.72,1200.0,1654.0,0.229,-0.1508,0.0018,-6.9838,1.3752,-0.1257
2026-09-16T17:40:28Z,2026-09-16 17:39:47,SPXW,2026-09-18,C,7480.0,7607.1001,138.9,1.0,144.6,16.0,125.9,0.0,116.0,0.2321,0.8417,0.0018,-7.2306,1.4182,0.6868
2026-09-16T17:40:28Z,2026-09-16 17:39:47,SPXW,2026-09-18,P,7480.0,7607.1001,10.8,45.0,10.9,16.0,11.35,275.0,1004.0,0.2273,-0.1583,0.0018,-7.2455,1.4182,-0.132
2026-09-16T17:40:28Z,2026-09-16 17:39:47,SPXW,2026-09-18,C,7485.0,7607.1001,134.6,1.0,139.8,16.0,135.33,1.0,57.0,0.2293,0.8339,0.0019,-7.4973,1.4621,0.6809
2026-09-16T17:40:28Z,2026-09-16 17:39:47,SPXW,2026-09-18,P,7485.0,7607.1001,11.4,48.0,11.5,16.0,11.2,91.0,460.0,0.2257,-0.1661,0.0019,-7.5116,1.4621,-0.1385
2026-09-16T17:40:28Z,2026-09-16 17:39:47,SPXW,2026-09-18,C,7490.0,7607.1001,130.3,1.0,135.9,16.0,138.35,3.0,69.0,0.2294,0.8257,0.002,-7.7676,1.507,0.6745
2026-09-16T17:40:28Z,2026-09-16 17:39:47,SPXW,2026-09-18,P,7490.0,7607.1001,12.0,95.0,12.2,80.0,12.11,181.0,888.0,0.2242,-0.1743,0.002,-7.7814,1.507,-0.1454
2026-09-16T17:40:28Z,2026-09-16 17:39:47,SPXW,2026-09-18,C,7495.0,7607.1001,125.9,1.0,131.5,16.0,134.1,1.0,617.0,0.2272,0.8171,0.002,-8.0409,1.5526,0.6678
2026-09-16T17:40:28Z,2026-09-16 17:39:47,SPXW,2026-09-18,P,7495.0,7607.1001,12.7,50.0,12.8,9.0,13.18,110.0,1363.0,0.2228,-0.1829,0.002,-8.054,1.5526,-0.1527
2026-09-16T17:40:28Z,2026-09-16 17:39:47,SPXW,2026-09-18,C,7500.0,7607.1001,121.8,1.0,127.2,16.0,129.24,6.0,819.0,0.226,0.8081,0.0021,-8.3163,1.598,0.6607
2026-09-16T17:40:28Z,2026-09-16 17:39:47,SPXW,2026-09-18,P,7500.0,7607.1001,13.4,50.0,13.6,82.0,13.4,1332.0,4301.0,0.2212,-0.1918,0.0021,-8.3288,1.598,-0.1603
2026-09-16T17:40:28Z,2026-09-16 17:39:47,SPXW,2026-09-18,C,7505.0,7607.1001,117.1,1.0,122.9,16.0,121.54,2.0,101.0,0.2228,0.7988,0.0022,-8.5929,1.643,0.6534
2026-09-16T17:40:28Z,2026-09-16 17:39:47,SPXW,2026-09-18,P,7505.0,7607.1001,14.2,22.0,14.3,45.0,13.8,147.0,570.0,0.2196,-0.2012,0.0022,-8.6049,1.643,-0.1682
2026-09-16T17:40:28Z,2026-09-16 17:39:47,SPXW,2026-09-18,C,7510.0,7607.1001,113.3,1.0,118.7,16.0,111.0,1.0,151.0,0.2224,0.789,0.0023,-8.8697,1.6878,0.6458
2026-09-16T17:40:28Z,2026-09-16 17:39:47,SPXW,2026-09-18,P,7510.0,7607.1001,15.0,20.0,15.1,38.0,14.84,326.0,791.0,0.2182,-0.211,0.0023,-8.8811,1.6878,-0.1763
2026-09-16T17:40:28Z,2026-09-16 17:39:47,SPXW,2026-09-18,C,7515.0,7607.1001,110.1,1.0,114.3,6.0,121.22,2.0,98.0,0.2228,0.7789,0.0024,-9.1453,1.7332,0.6378
2026-09-16T17:40:28Z,2026-09-16 17:39:47,SPXW,2026-09-18,P,7515.0,7607.1001,15.8,47.0,16.0,81.0,15.58,177.0,857.0,0.2167,-0.2211,0.0024,-9.1562,1.7332,-0.1848
2026-09-16T17:40:28Z,2026-09-16 17:39:47,SPXW,2026-09-18,C,7520.0,7607.1001,106.0,9.0,110.0,7.0,114.46,12.0,81.0,0.2206,0.7683,0.0024,-9.4184,1.7787,0.6294
2026-09-16T17:40:28Z,2026-09-16 17:39:47,SPXW,2026-09-18,P,7520.0,7607.1001,16.7,29.0,16.8,8.0,17.28,299.0,1121.0,0.2152,-0.2317,0.0024,-9.4287,1.7787,-0.1938
2026-09-16T17:40:28Z,2026-09-16 17:39:47,SPXW,2026-09-18,C,7525.0,7607.1001,101.9,1.0,105.9,7.0,111.57,27.0,224.0,0.2188,0.7573,0.0025,-9.6875,1.8236,0.6205
2026-09-16T17:40:28Z,2026-09-16 17:39:47,SPXW,2026-09-18,P,7525.0,7607.1001,17.6,65.0,17.8,78.0,17.44,273.0,1094.0,0.2135,-0.2427,0.0025,-9.6972,1.8236,-0.2032
2026-09-16T17:40:28Z,2026-09-16 17:39:47,SPXW,2026-09-18,C,7530.0,7607.1001,98.4,2.0,99.6,2.0,104.24,12.0,107.0,0.2124,0.7458,0.0026,-9.9514,1.8673,0.6114
2026-09-16T17:40:28Z,2026-09-16 17:39:47,SPXW,2026-09-18,P,7530.0,7607.1001,18.6,55.0,18.8,89.0,19.52,570.0,902.0,0.2121,-0.2542,0.0026,-9.9606,1.8673,-0.2129
2026-09-16T17:40:28Z,2026-09-16 17:39:47,SPXW,2026-09-18,C,7535.0,7607.1001,94.4,2.0,95.5,2.0,102.35,12.0,138.0,0.2104,0.7339,0.0027,-10.2086,1.9098,0.602
2026-09-16T17:40:28Z,2026-09-16 17:39:47,SPXW,2026-09-18,P,7535.0,7607.1001,19.7,9.0,19.8,55.0,20.57,112.0,1053.0,0.2106,-0.266,0.0027,-10.2172,1.9098,-0.2228
2026-09-16T17:40:28Z,2026-09-16 17:39:47,SPXW,2026-09-18,C,7540.0,7607.1001,91.1,6.0,91.4,12.0,94.11,2.0,112.0,0.2097,0.7216,0.0028,-10.4572,1.9519,0.5922
2026-09-16T17:40:28Z,2026-09-16 17:39:47,SPXW,2026-09-18,P,7540.0,7607.1001,20.7,51.0,20.9,51.0,20.62,316.0,1224.0,0.2092,-0.2784,0.0028,-10.4652,1.9519,-0.2331
2026-09-16T17:40:28Z,2026-09-16 17:39:47,SPXW,2026-09-18,C,7545.0,7607.1001,87.3,6.0,87.6,19.0,91.23,12.0,1938.0,0.2076,0.7088,0.0028,-10.6952,1.9933,0.5819
2026-09-16T17:40:28Z,2026-09-16 17:39:47,SPXW,2026-09-18,P,7545.0,7607.1001,21.9,41.0,22.1,83.0,21.77,287.0,2223.0,0.2077,-0.2911,0.0028,-10.7027,1.9933,-0.244
2026-09-16T17:40:28Z,2026-09-16 17:39:47,SPXW,2026-09-18,C,7550.0,7607.1001,83.5,6.0,83.8,18.0,85.8,93.0,2542.0,0.2063,0.6956,0.0029,-10.9208,2.0331,0.5711
2026-09-16T17:40:28Z,2026-09-16 17:39:47,SPXW,2026-09-18,P,7550.0,7607.1001,23.1,29.0,23.3,50.0,23.2,627.0,8001.0,0.2061,-0.3043,0.0029,-10.9277,2.0331,-0.2554
2026-09-16T17:40:28Z,2026-09-16 17:39:47,SPXW,2026-09-18,C,7555.0,7607.1001,79.8,6.0,80.0,15.0,82.8,39.0,71.0,0.205,0.682,0.003,-11.1322,2.0706,0.5601
2026-09-16T17:40:28Z,2026-09-16 17:39:47,SPXW,2026-09-18,P,7555.0,7607.1001,24.4,22.0,24.6,67.0,24.2,276.0,646.0,0.2048,-0.318,0.003,-11.1385,2.0706,-0.2669
2026-09-16T17:40:28Z,2026-09-16 17:39:47,SPXW,2026-09-18,C,7560.0,7607.1001,76.1,9.0,76.3,3.0,81.5,23.0,209.0,0.2033,0.6679,0.0031,-11.3277,2.1061,0.5489
2026-09-16T17:40:28Z,2026-09-16 17:39:47,SPXW,2026-09-18,P,7560.0,7607.1001,25.7,42.0,25.9,44.0,25.5,473.0,975.0,0.2031,-0.3321,0.0031,-11.3335,2.1061,-0.2787
2026-09-16T17:40:28Z,2026-09-16 17:39:47,SPXW,2026-09-18,C,7565.0,7607.1001,72.5,10.0,72.7,4.0,75.23,29.0,642.0,0.2017,0.6533,0.0032,-11.5052,2.1399,0.5371
2026-09-16T17:40:28Z,2026-09-16 17:39:47,SPXW,2026-09-18,P,7565.0,7607.1001,27.1,34.0,27.3,31.0,27.2,236.0,565.0,0.2018,-0.3467,0.0032,-11.5104,2.1399,-0.291
2026-09-16T17:40:28Z,2026-09-16 17:39:47,SPXW,2026-09-18,C,7570.0,7607.1001,69.0,10.0,69.2,4.0,71.2,27.0,304.0,0.2004,0.6383,0.0032,-11.6622,2.1718,0.5248
2026-09-16T17:40:28Z,2026-09-16 17:39:47,SPXW,2026-09-18,P,7570.0,7607.1001,28.6,37.0,28.8,45.0,29.68,322.0,911.0,0.2004,-0.3617,0.0032,-11.6668,2.1718,-0.3038
2026-09-16T17:40:28Z,2026-09-16 17:39:47,SPXW,2026-09-18,C,7575.0,7607.1001,65.6,6.0,65.8,18.0,67.48,76.0,563.0,0.1991,0.6229,0.0033,-11.7968,2.2006,0.5122
2026-09-16T17:40:28Z,2026-09-16 17:39:47,SPXW,2026-09-18,P,7575.0,7607.1001,30.2,13.0,30.3,7.0,29.7,439.0,2354.0,0.199,-0.3771,0.0033,-11.8008,2.2006,-0.317
2026-09-16T17:40:28Z,2026-09-16 17:39:47,SPXW,2026-09-18,C,7580.0,7607.1001,62.2,11.0,62.4,35.0,67.82,26.0,737.0,0.1975,0.607,0.0034,-11.9074,2.2262,0.4994
2026-09-16T17:40:28Z,2026-09-16 17:39:47,SPXW,2026-09-18,P,7580.0,7607.1001,31.8,42.0,32.0,39.0,30.9,698.0,884.0,0.1974,-0.3929,0.0034,-11.9109,2.2262,-0.3303
2026-09-16T17:40:28Z,2026-09-16 17:39:47,SPXW,2026-09-18,C,7585.0,7607.1001,58.9,12.0,59.1,30.0,63.6,73.0,467.0,0.196,0.5908,0.0034,-11.9924,2.2488,0.4863
2026-09-16T17:40:28Z,2026-09-16 17:39:47,SPXW,2026-09-18,P,7585.0,7607.1001,33.5,30.0,33.7,38.0,32.8,288.0,562.0,0.1959,-0.4092,0.0034,-11.9952,2.2488,-0.344
2026-09-16T17:40:28Z,2026-09-16 17:39:47,SPXW,2026-09-18,C,7590.0,7607.1001,55.7,12.0,55.9,34.0,55.82,84.0,523.0,0.1946,0.5741,0.0035,-12.0493,2.2684,0.4726
2026-09-16T17:40:28Z,2026-09-16 17:39:47,SPXW,2026-09-18,P,7590.0,7607.1001,35.3,32.0,35.5,38.0,35.3,262.0,1071.0,0.1945,-0.4258,0.0035,-12.0516,2.2684,-0.3582
2026-09-16T17:40:28Z,2026-09-16 17:39:47,SPXW,2026-09-18,C,7595.0,7607.1001,52.6,6.0,52.8,43.0,54.7,139.0,256.0,0.1933,0.5571,0.0035,-12.0763,2.2842,0.4585
2026-09-16T17:40:28Z,2026-09-16 17:39:47,SPXW,2026-09-18,P,7595.0,7607.1001,37.2,10.0,37.4,46.0,37.08,224.0,748.0,0.1932,-0.4429,0.0035,-12.0781,2.2842,-0.3729
2026-09-16T17:40:28Z,2026-09-16 17:39:47,SPXW,2026-09-18,C,7600.0,7607.1001,49.5,15.0,49.7,34.0,49.8,758.0,4452.0,0.1916,0.5397,0.0036,-12.0724,2.2959,0.4444
2026-09-16T17:40:28Z,2026-09-16 17:39:47,SPXW,2026-09-18,P,7600.0,7607.1001,39.1,29.0,39.3,38.0,39.2,1137.0,6174.0,0.1915,-0.4603,0.0036,-12.0735,2.2959,-0.3875
2026-09-16T17:40:28Z,2026-09-16 17:39:47,SPXW,2026-09-18,C,7605.0,7607.1001,46.6,6.0,46.8,47.0,47.3,243.0,681.0,0.1904,0.522,0.0036,-12.0365,2.3035,0.4301
2026-09-16T17:40:28Z,2026-09-16 17:39:47,SPXW,2026-09-18,P,7605.0,7607.1001,41.2,6.0,41.4,43.0,40.6,281.0,2783.0,0.1903,-0.478,0.0036,-12.0371,2.3035,-0.4024
2026-09-16T17:40:28Z,2026-09-16 17:39:47,SPXW,2026-09-18,C,7610.0,7607.1001,43.7,6.0,43.9,45.0,44.96,384.0,613.0,0.1888,0.5039,0.0036,-11.9672,2.3068,0.4152
2026-09-16T17:40:28Z,2026-09-16 17:39:47,SPXW,2026-09-18,P,7610.0,7607.1001,43.3,14.0,43.5,43.0,43.31,542.0,1017.0,0.1888,-0.496,0.0036,-11.9672,2.3068,-0.4179
2026-09-16T17:40:28Z,2026-09-16 17:39:47,SPXW,2026-09-18,C,7615.0,7607.1001,40.9,12.0,41.1,46.0,42.18,287.0,824.0,0.1873,0.4856,0.0037,-11.8632,2.3054,0.4
2026-09-16T17:40:28Z,2026-09-16 17:39:47,SPXW,2026-09-18,P,7615.0,7607.1001,45.5,20.0,45.7,35.0,45.5,466.0,2306.0,0.1872,-0.5144,0.0037,-11.8626,2.3054,-0.4336
2026-09-16T17:40:28Z,2026-09-16 17:39:47,SPXW,2026-09-18,C,7620.0,7607.1001,38.2,17.0,38.4,55.0,39.7,866.0,677.0,0.1858,0.4671,0.0037,-11.7244,2.2994,0.3849
2026-09-16T17:40:28Z,2026-09-16 17:39:47,SPXW,2026-09-18,P,7620.0,7607.1001,47.8,19.0,48.0,34.0,47.78,183.0,534.0,0.1857,-0.5329,0.0037,-11.7233,2.2994,-0.4493
2026-09-16T17:40:28Z,2026-09-16 17:39:47,SPXW,2026-09-18,C,7625.0,7607.1001,35.6,17.0,35.8,55.0,35.8,447.0,1644.0,0.1843,0.4483,0.0037,-11.5513,2.2885,0.3696
2026-09-16T17:40:28Z,2026-09-16 17:39:47,SPXW,2026-09-18,P,7625.0,7607.1001,50.2,16.0,50.4,32.0,49.11,212.0,4596.0,0.1842,-0.5517,0.0037,-11.5496,2.2885,-0.4651
2026-09-16T17:40:28Z,2026-09-16 17:39:47,SPXW,2026-09-18,C,7630.0,7607.1001,33.1,17.0,33.3,45.0,34.6,363.0,449.0,0.1828,0.4294,0.0037,-11.3436,2.2722,0.3538
2026-09-16T17:40:28Z,2026-09-16 17:39:47,SPXW,2026-09-18,P,7630.0,7607.1001,52.7,14.0,52.9,32.0,52.0,158.0,3371.0,0.1828,-0.5706,0.0037,-11.3413,2.2722,-0.4814
2026-09-16T17:40:28Z,2026-09-16 17:39:47,SPXW,2026-09-18,C,7635.0,7607.1001,30.7,17.0,30.9,53.0,31.3,228.0,935.0,0.1813,0.4104,0.0037,-11.1013,2.2507,0.3381
2026-09-16T17:40:28Z,2026-09-16 17:39:47,SPXW,2026-09-18,P,7635.0,7607.1001,55.3,6.0,55.5,32.0,53.5,134.0,1265.0,0.1813,-0.5896,0.0037,-11.0985,2.2507,-0.4977
2026-09-16T17:40:28Z,2026-09-16 17:39:47,SPXW,2026-09-18,C,7640.0,7607.1001,28.4,15.0,28.6,61.0,29.8,283.0,847.0,0.1801,0.3913,0.0037,-10.826,2.2244,0.3225
2026-09-16T17:40:28Z,2026-09-16 17:39:47,SPXW,2026-09-18,P,7640.0,7607.1001,58.0,5.0,58.2,11.0,58.9,308.0,1282.0,0.1799,-0.6087,0.0037,-10.8226,2.2244,-0.5138
2026-09-16T17:40:28Z,2026-09-16 17:39:47,SPXW,2026-09-18,C,7645.0,7607.1001,26.2,16.0,26.4,59.0,26.9,213.0,516.0,0.1786,0.3722,0.0036,-10.5196,2.1928,0.3068
2026-09-16T17:40:28Z,2026-09-16 17:39:47,SPXW,2026-09-18,P,7645.0,7607.1001,60.8,5.0,61.0,11.0,58.2,83.0,396.0,0.1784,-0.6278,0.0036,-10.5156,2.1928,-0.53
2026-09-16T17:40:28Z,2026-09-16 17:39:47,SPXW,2026-09-18,C,7650.0,7607.1001,24.1,17.0,24.3,53.0,24.1,918.0,5583.0,0.1772,0.3531,0.0036,-10.1831,2.1552,0.2909
2026-09-16T17:40:28Z,2026-09-16 17:39:47,SPXW,2026-09-18,P,7650.0,7607.1001,63.7,4.0,63.9,10.0,61.0,334.0,6131.0,0.177,-0.6468,0.0036,-10.1785,2.1552,-0.5465
2026-09-16T17:40:28Z,2026-09-16 17:39:47,SPXW,2026-09-18,C,7655.0,7607.1001,22.1,22.0,22.3,61.0,22.2,228.0,541.0,0.1759,0.3342,0.0036,-9.8184,2.1129,0.2753
2026-09-16T17:40:28Z,2026-09-16 17:39:47,SPXW,2026-09-18,P,7655.0,7607.1001,66.7,3.0,66.9,9.0,66.35,72.0,3273.0,0.176,-0.6658,0.0036,-9.8133,2.1129,-0.5626
2026-09-16T17:40:28Z,2026-09-16 17:39:47,SPXW,2026-09-18,C,7660.0,7607.1001,20.2,47.0,20.4,54.0,21.4,271.0,2366.0,0.1745,0.3154,0.0035,-9.4288,2.0662,0.26
2026-09-16T17:40:28Z,2026-09-16 17:39:47,SPXW,2026-09-18,P,7660.0,7607.1001,69.8,10.0,70.0,8.0,68.9,255.0,2501.0,0.1745,-0.6845,0.0035,-9.4231,2.0662,-0.5785
2026-09-16T17:40:28Z,2026-09-16 17:39:47,SPXW,2026-09-18,C,7665.0,7607.1001,18.5,16.0,18.7,72.0,18.83,124.0,587.0,0.173,0.2969,0.0034,-9.0168,2.0139,0.2446
2026-09-16T17:40:28Z,2026-09-16 17:39:47,SPXW,2026-09-18,P,7665.0,7607.1001,73.0,6.0,73.2,6.0,74.4,169.0,424.0,0.1728,-0.7031,0.0034,-9.0106,2.0139,-0.5945
2026-09-16T17:40:28Z,2026-09-16 17:39:47,SPXW,2026-09-18,C,7670.0,7607.1001,16.8,51.0,17.0,79.0,17.9,326.0,956.0,0.172,0.2786,0.0034,-8.585,1.9564,0.2294
2026-09-16T17:40:28Z,2026-09-16 17:39:47,SPXW,2026-09-18,P,7670.0,7607.1001,76.2,19.0,76.6,6.0,77.9,144.0,765.0,0.1716,-0.7213,0.0034,-8.5782,1.9564,-0.6102
2026-09-16T17:40:28Z,2026-09-16 17:39:47,SPXW,2026-09-18,C,7675.0,7607.1001,15.3,17.0,15.4,51.0,16.2,1011.0,4951.0,0.1706,0.2607,0.0033,-8.1369,1.8957,0.2147
2026-09-16T17:40:28Z,2026-09-16 17:39:47,SPXW,2026-09-18,P,7675.0,7607.1001,79.3,15.0,80.5,16.0,69.6,36.0,3262.0,0.1706,-0.7393,0.0033,-8.1296,1.8957,-0.6254
2026-09-16T17:40:28Z,2026-09-16 17:39:47,SPXW,2026-09-18,C,7680.0,7607.1001,13.8,56.0,14.0,85.0,14.6,431.0,3640.0,0.1696,0.2432,0.0032,-7.6765,1.8308,0.2002
2026-09-16T17:40:28Z,2026-09-16 17:39:47,SPXW,2026-09-18,P,7680.0,7607.1001,82.8,15.0,84.1,15.0,81.75,109.0,675.0,0.1695,-0.7568,0.0032,-7.6686,1.8308,-0.6405
2026-09-16T17:40:28Z,2026-09-16 17:39:47,SPXW,2026-09-18,C,7685.0,7607.1001,12.5,18.0,12.6,59.0,12.86,164.0,948.0,0.1682,0.226,0.0031,-7.2072,1.761,0.1859
2026-09-16T17:40:28Z,2026-09-16 17:39:47,SPXW,2026-09-18,P,7685.0,7607.1001,86.5,2.0,87.9,2.0,85.03,114.0,449.0,0.1683,-0.7739,0.0031,-7.1987,1.761,-0.6553
2026-09-16T17:40:28Z,2026-09-16 17:39:47,SPXW,2026-09-18,C,7690.0,7607.1001,11.2,52.0,11.4,100.0,11.8,515.0,848.0,0.1671,0.2094,0.003,-6.733,1.6888,0.1723
2026-09-16T17:40:28Z,2026-09-16 17:39:47,SPXW,2026-09-18,P,7690.0,7607.1001,90.2,2.0,91.5,2.0,90.71,37.0,1633.0,0.1666,-0.7905,0.003,-6.7239,1.6888,-0.6695
2026-09-16T17:40:28Z,2026-09-16 17:39:47,SPXW,2026-09-18,C,7695.0,7607.1001,10.0,100.0,10.2,68.0,10.85,345.0,1848.0,0.166,0.1934,0.0028,-6.2584,1.6144,0.1591
2026-09-16T17:40:28Z,2026-09-16 17:39:47,SPXW,2026-09-18,P,7695.0,7607.1001,94.1,2.0,95.5,2.0,90.47,13.0,661.0,0.1662,-0.8066,0.0028,-6.2487,1.6144,-0.6832
2026-09-16T17:40:28Z,2026-09-16 17:39:47,SPXW,2026-09-18,C,7700.0,7607.1001,9.0,33.0,9.1,37.0,9.0,6731.0,6428.0,0.1651,0.1779,0.0027,-5.7881,1.5364,0.1461
2026-09-16T17:40:28Z,2026-09-16 17:39:47,SPXW,2026-09-18,P,7700.0,7607.1001,98.0,14.0,99.1,13.0,98.8,3120.0,2978.0,0.1653,-0.8221,0.0027,-5.7779,1.5364,-0.6967
2026-09-16T17:40:28Z,2026-09-16 17:39:47,SPXW,2026-09-18,C,7705.0,7607.1001,8.0,66.0,8.2,116.0,8.37,236.0,3427.0,0.1643,0.1631,0.0026,-5.3264,1.457,0.134
2026-09-16T17:40:28Z,2026-09-16 17:39:47,SPXW,2026-09-18,P,7705.0,7607.1001,99.5,6.0,103.8,9.0,100.28,36.0,674.0,0.1562,-0.8369,0.0026,-5.3156,1.457,-0.7094
2026-09-16T17:40:28Z,2026-09-16 17:39:47,SPXW,2026-09-18,C,7710.0,7607.1001,7.1,101.0,7.3,95.0,7.3,292.0,685.0,0.1633,0.149,0.0025,-4.8779,1.3778,0.1224
2026-09-16T17:40:28Z,2026-09-16 17:39:47,SPXW,2026-09-18,P,7710.0,7607.1001,103.5,6.0,108.9,1.0,107.59,16.0,395.0,0.1583,-0.851,0.0025,-4.8666,1.3778,-0.7215
2026-09-16T17:40:28Z,2026-09-16 17:39:47,SPXW,2026-09-18,C,7715.0,7607.1001,6.3,119.0,6.5,116.0,6.92,1024.0,1261.0,0.1625,0.1357,0.0023,-4.4474,1.2972,0.1113
2026-09-16T17:40:28Z,2026-09-16 17:39:47,SPXW,2026-09-18,P,7715.0,7607.1001,107.6,7.0,112.2,9.0,108.43,13.0,358.0,0.1529,-0.8642,0.0023,-4.4354,1.2972,-0.7332
2026-09-16T17:40:28Z,2026-09-16 17:39:47,SPXW,2026-09-18,C,7720.0,7607.1001,5.6,48.0,5.7,55.0,5.82,334.0,691.0,0.1616,0.1233,0.0022,-4.0382,1.217,0.1011
2026-09-16T17:40:28Z,2026-09-16 17:39:47,SPXW,2026-09-18,P,7720.0,7607.1001,111.7,7.0,116.5,9.0,113.23,42.0,1183.0,0.1508,-0.8767,0.0022,-4.0257,1.217,-0.744
2026-09-16T17:40:28Z,2026-09-16 17:39:47,SPXW,2026-09-18,C,7725.0,7607.1001,4.9,143.0,5.1,177.0,5.21,674.0,3172.0,0.1609,0.1116,0.002,-3.6537,1.1395,0.0916
2026-09-16T17:40:28Z,2026-09-16 17:39:47,SPXW,2026-09-18,P,7725.0,7607.1001,117.8,12.0,121.2,1.0,109.03,43.0,1236.0,0.1595,-0.8883,0.002,-3.6406,1.1395,-0.754
2026-09-16T17:40:28Z,2026-09-16 17:39:47,SPXW,2026-09-18,C,7730.0,7607.1001,4.3,155.0,4.5,132.0,4.51,400.0,742.0,0.1602,0.1009,0.0019,-3.2965,1.0631,0.0826
2026-09-16T17:40:28Z,2026-09-16 17:39:47,SPXW,2026-09-18,P,7730.0,7607.1001,120.4,7.0,125.2,1.0,122.3,160.0,502.0,0.147,-0.8991,0.0019,-3.2828,1.0631,-0.7636
2026-09-16T17:40:28Z,2026-09-16 17:39:47,SPXW,2026-09-18,C,7735.0,7607.1001,3.8,163.0,4.0,214.0,4.25,453.0,1089.0,0.1594,0.0911,0.0018,-2.9677,0.9891,0.0745
2026-09-16T17:40:28Z,2026-09-16 17:39:47,SPXW,2026-09-18,P,7735.0,7607.1001,124.9,6.0,130.8,1.0,123.69,8.0,670.0,0.1521,-0.9089,0.0018,-2.9535,0.9891,-0.7722
2026-09-16T17:40:28Z,2026-09-16 17:39:47,SPXW,2026-09-18,C,7740.0,7607.1001,3.4,16.0,3.5,145.0,3.64,500.0,1180.0,0.1591,0.0821,0.0016,-2.6677,0.9194,0.0672
2026-09-16T17:40:28Z,2026-09-16 17:39:47,SPXW,2026-09-18,P,7740.0,7607.1001,129.3,6.0,135.5,1.0,129.88,10.0,403.0,0.1512,-0.9179,0.0016,-2.6529,0.9194,-0.7801
2026-09-16T17:40:28Z,2026-09-16 17:39:47,SPXW,2026-09-18,C,7745.0,7607.1001,2.95,109.0,3.1,210.0,3.1,566.0,756.0,0.1591,0.074,0.0015,-2.3963,0.8531,0.0604
2026-09-16T17:40:28Z,2026-09-16 17:39:47,SPXW,2026-09-18,P,7745.0,7607.1001,134.1,1.0,140.8,1.0,128.29,30.0,201.0,0.1563,-0.926,0.0015,-2.3809,0.8531,-0.7874
2026-09-16T17:40:28Z,2026-09-16 17:39:47,SPXW,2026-09-18,C,7750.0,7607.1001,2.6,36.0,2.7,192.0,2.75,1386.0,3322.0,0.1587,0.0666,0.0014,-2.1523,0.79,0.0544
2026-09-16T17:40:28Z,2026-09-16 17:39:47,SPXW,2026-09-18,P,7750.0,7607.1001,140.4,11.0,143.5,1.0,140.11,59.0,1482.0,0.1546,-0.9333,0.0014,-2.1364,0.79,-0.794
2026-09-16T17:40:28Z,2026-09-16 17:39:47,SPXW,2026-09-18,C,7755.0,7607.1001,2.3,18.0,2.35,31.0,2.4,397.0,1070.0,0.1581,0.0601,0.0013,-1.9338,0.7317,0.049
2026-09-16T17:40:28Z,2026-09-16 17:39:47,SPXW,2026-09-18,P,7755.0,7607.1001,143.5,6.0,148.2,7.0,145.49,4.0,202.0,0.1392,-0.9399,0.0013,-1.9174,0.7317,-0.7998
2026-09-16T17:40:28Z,2026-09-16 17:39:47,SPXW,2026-09-18,C,7760.0,7607.1001,2.0,63.0,2.1,209.0,2.1,449.0,1383.0,0.1585,0.0542,0.0012,-1.7392,0.6777,0.0442
2026-09-16T17:40:28Z,2026-09-16 17:39:47,SPXW,2026-09-18,P,7760.0,7607.1001,148.2,6.0,152.9,7.0,149.8,4.0,88.0,0.1362,-0.9458,0.0012,-1.7221,0.6777,-0.8053
2026-09-16T17:40:28Z,2026-09-16 17:39:47,SPXW,2026-09-18,C,7765.0,7607.1001,1.75,76.0,1.8,8.0,1.9,425.0,1371.0,0.158,0.0489,0.0011,-1.5663,0.6272,0.0398
2026-09-16T17:40:28Z,2026-09-16 17:39:47,SPXW,2026-09-18,P,7765.0,7607.1001,153.0,6.0,159.5,1.0,144.72,10.0,221.0,0.155,-0.951,0.0011,-1.5487,0.6272,-0.8102
2026-09-16T17:40:28Z,2026-09-16 17:39:47,SPXW,2026-09-18,C,7770.0,7607.1001,1.5,218.0,1.6,10.0,1.6,351.0,1023.0,0.1579,0.0442,0.001,-1.413,0.5805,0.036
2026-09-16T17:40:28Z,2026-09-16 17:39:47,SPXW,2026-09-18,P,7770.0,7607.1001,157.1,16.0,164.5,1.0,163.83,3.0,281.0,0.1498,-0.9557,0.001,-1.3948,0.5805,-0.8145
2026-09-16T17:40:28Z,2026-09-16 17:39:47,SPXW,2026-09-18,C,7775.0,7607.1001,1.35,160.0,1.45,203.0,1.45,162.0,2270.0,0.1588,0.0401,0.0009,-1.2771,0.538,0.0326
2026-09-16T17:40:28Z,2026-09-16 17:39:47,SPXW,2026-09-18,P,7775.0,7607.1001,161.9,16.0,169.3,1.0,181.9,0.0,480.0,0.1488,-0.9599,0.0009,-1.2583,0.538,-0.8185
2026-09-16T17:40:28Z,2026-09-16 17:39:47,SPXW,2026-09-18,C,7780.0,7607.1001,1.2,18.0,1.25,8.0,1.3,409.0,1885.0,0.1589,0.0364,0.0008,-1.1569,0.499,0.0296
2026-09-16T17:40:28Z,2026-09-16 17:39:47,SPXW,2026-09-18,P,7780.0,7607.1001,166.8,16.0,173.5,1.0,166.98,2.0,250.0,0.1384,-0.9636,0.0008,-1.1375,0.499,-0.8221
2026-09-16T17:40:28Z,2026-09-16 17:39:47,SPXW,2026-09-18,C,7785.0,7607.1001,1.05,206.0,1.15,225.0,1.1,269.0,1490.0,0.1597,0.0331,0.0008,-1.0506,0.463,0.0268
2026-09-16T17:40:28Z,2026-09-16 17:39:47,SPXW,2026-09-18,P,7785.0,7607.1001,171.7,1.0,179.0,1.0,160.63,19.0,259.0,0.149,-0.9669,0.0008,-1.0307,0.463,-0.8254
2026-09-16T17:40:28Z,2026-09-16 17:39:47,SPXW,2026-09-18,C,7790.0,7607.1001,0.95,30.0,1.0,10.0,0.95,425.0,1372.0,0.1601,0.0302,0.0007,-0.9566,0.43,0.0244
2026-09-16T17:40:28Z,2026-09-16 17:39:47,SPXW,2026-09-18,P,7790.0,7607.1001,176.8,16.0,183.9,1.0,123.95,0.0,180.0,0.1526,-0.9698,0.0007,-0.9361,0.43,-0.8283
2026-09-16T17:40:28Z,2026-09-16 17:39:47,SPXW,2026-09-18,C,7795.0,7607.1001,0.85,31.0,0.9,20.0,0.9,452.0,657.0,0.1609,0.0275,0.0007,-0.8732,0.4,0.0223
2026-09-16T17:40:28Z,2026-09-16 17:39:47,SPXW,2026-09-18,P,7795.0,7607.1001,181.8,16.0,188.8,1.0,212.17,0.0,146.0,0.1545,-0.9724,0.0007,-0.8522,0.4,-0.8309
2026-09-16T17:40:28Z,2026-09-16 17:39:47,SPXW,2026-09-18,C,7800.0,7607.1001,0.75,245.0,0.85,243.0,0.78,1189.0,5534.0,0.1622,0.0252,0.0006,-0.7994,0.3728,0.0204
2026-09-16T17:40:28Z,2026-09-16 17:39:47,SPXW,2026-09-18,P,7800.0,7607.1001,186.8,16.0,193.7,1.0,184.47,6.0,704.0,0.1563,-0.9748,0.0006,-0.7778,0.3728,-0.8334
2026-09-16T17:40:28Z,2026-09-16 17:39:47,SPXW,2026-09-18,C,7805.0,7607.1001,0.65,412.0,0.75,136.0,0.7,295.0,1041.0,0.1624,0.0231,0.0006,-0.7341,0.3479,0.0187
2026-09-16T17:40:28Z,2026-09-16 17:39:47,SPXW,2026-09-18,P,7805.0,7607.1001,191.6,16.0,198.2,1.0,219.26,0.0,62.0,0.1431,-0.9768,0.0006,-0.7119,0.3479,-0.8357
2026-09-16T17:40:28Z,2026-09-16 17:39:47,SPXW,2026-09-18,C,7810.0,7607.1001,0.65,1.0,0.7,223.0,0.65,518.0,1002.0,0.165,0.0213,0.0005,-0.6763,0.3251,0.0172
2026-09-16T17:40:28Z,2026-09-16 17:39:47,SPXW,2026-09-18,P,7810.0,7607.1001,194.7,1.0,203.8,1.0,197.0,1.0,79.0,0.0,-0.9787,0.0005,-0.6535,0.3251,-0.8377
2026-09-16T17:40:28Z,2026-09-16 17:39:47,SPXW,2026-09-18,C,7815.0,7607.1001,0.55,288.0,0.65,238.0,0.7,317.0,1981.0,0.1656,0.0196,0.0005,-0.6248,0.3042,0.0159
2026-09-16T17:40:28Z,2026-09-16 17:39:47,SPXW,2026-09-18,P,7815.0,7607.1001,197.8,1.0,212.0,1.0,131.86,0.0,47.0,0.1497,-0.9803,0.0005,-0.6015,0.3042,-0.8396
2026-09-16T17:40:28Z,2026-09-16 17:39:47,SPXW,2026-09-18,C,7820.0,7607.1001,0.5,293.0,0.6,292.0,0.55,123.0,3113.0,0.1669,0.0182,0.0004,-0.5791,0.2853,0.0147
2026-09-16T17:40:28Z,2026-09-16 17:39:47,SPXW,2026-09-18,P,7820.0,7607.1001,202.4,2.0,217.1,1.0,197.52,1.0,76.0,0.1403,-0.9818,0.0004,-0.5552,0.2853,-0.8413
2026-09-16T17:40:28Z,2026-09-16 17:39:47,SPXW,2026-09-18,C,7825.0,7607.1001,0.45,340.0,0.55,243.0,0.53,98.0,2682.0,0.168,0.0169,0.0004,-0.5384,0.2682,0.0136
2026-09-16T17:40:28Z,2026-09-16 17:39:47,SPXW,2026-09-18,P,7825.0,7607.1001,207.7,1.0,222.3,1.0,215.03,2.0,125.0,0.1624,-0.9831,0.0004,-0.5139,0.2682,-0.843
2026-09-16T17:40:28Z,2026-09-16 17:39:47,SPXW,2026-09-18,C,7830.0,7607.1001,0.45,61.0,0.5,53.0,0.47,91.0,1325.0,0.17,0.0157,0.0004,-0.5026,0.2529,0.0127
2026-09-16T17:40:28Z,2026-09-16 17:39:47,SPXW,2026-09-18,P,7830.0,7607.1001,212.8,1.0,227.1,1.0,240.9,0.0,69.0,0.1628,-0.9843,0.0004,-0.4771,0.2526,-0.8445
2026-09-16T17:40:28Z,2026-09-16 17:39:47,SPXW,2026-09-18,C,7835.0,7607.1001,0.4,318.0,0.5,307.0,0.53,39.0,698.0,0.172,0.0146,0.0004,-0.4702,0.2385,0.0118
2026-09-16T17:40:28Z,2026-09-16 17:39:47,SPXW,2026-09-18,P,7835.0,7607.1001,217.7,1.0,232.2,1.0,183.56,0.0,18.0,0.1661,-0.9854,0.0004,-0.4442,0.2382,-0.8459
2026-09-16T17:40:28Z,2026-09-16 17:39:47,SPXW,2026-09-18,C,7840.0,7607.1001,0.4,10.0,0.45,122.0,0.4,99.0,1847.0,0.1739,0.0137,0.0003,-0.4412,0.2253,0.011
2026-09-16T17:40:28Z,2026-09-16 17:39:47,SPXW,2026-09-18,P,7840.0,7607.1001,222.6,1.0,237.2,1.0,252.78,0.0,57.0,0.1662,-0.9863,0.0003,-0.4147,0.2251,-0.8472
2026-09-16T17:40:28Z,2026-09-16 17:39:47,SPXW,2026-09-18,C,7845.0,7607.1001,0.35,333.0,0.45,321.0,0.4,152.0,511.0,0.1758,0.0128,0.0003,-0.4152,0.2132,0.0103
2026-09-16T17:40:28Z,2026-09-16 17:39:47,SPXW,2026-09-18,P,7845.0,7607.1001,227.7,1.0,241.8,1.0,235.22,0.0,35.0,0.1562,-0.9872,0.0003,-0.3882,0.213,-0.8484
2026-09-16T17:40:28Z,2026-09-16 17:39:47,SPXW,2026-09-18,C,7850.0,7607.1001,0.35,195.0,0.4,84.0,0.37,191.0,3733.0,0.1775,0.0121,0.0003,-0.3919,0.2022,0.0097
2026-09-16T17:40:28Z,2026-09-16 17:39:47,SPXW,2026-09-18,P,7850.0,7607.1001,232.5,1.0,247.1,1.0,240.78,2.0,59.0,0.1646,-0.9879,0.0003,-0.3644,0.202,-0.8496
2026-09-16T17:40:28Z,2026-09-16 17:39:47,SPXW,2026-09-18,C,7855.0,7607.1001,0.3,448.0,0.4,296.0,0.4,14.0,801.0,0.1791,0.0114,0.0003,-0.3709,0.1922,0.0091
2026-09-16T17:40:28Z,2026-09-16 17:39:47,SPXW,2026-09-18,P,7855.0,7607.1001,235.4,1.0,253.6,1.0,182.1,0.0,26.0,0.0,-0.9886,0.0003,-0.3429,0.192,-0.8507
2026-09-16T17:40:28Z,2026-09-16 17:39:47,SPXW,2026-09-18,C,7860.0,7607.1001,0.3,355.0,0.4,433.0,0.37,10.0,818.0,0.1822,0.0107,0.0003,-0.352,0.183,0.0086
2026-09-16T17:40:28Z,2026-09-16 17:39:47,SPXW,2026-09-18,P,7860.0,7607.1001,241.0,1.0,258.9,1.0,257.24,0.0,19.0,0.1826,-0.9893,0.0003,-0.3235,0.1829,-0.8518
2026-09-16T17:40:28Z,2026-09-16 17:39:47,SPXW,2026-09-18,C,7865.0,7607.1001,0.3,309.0,0.35,41.0,0.45,34.0,681.0,0.1837,0.0101,0.0002,-0.3345,0.1744,0.0081
2026-09-16T17:40:28Z,2026-09-16 17:39:47,SPXW,2026-09-18,P,7865.0,7607.1001,243.9,1.0,263.8,1.0,234.42,0.0,11.0,0.0,-0.9898,0.0002,-0.3059,0.1745,-0.8528
2026-09-16T17:40:28Z,2026-09-16 17:39:47,SPXW,2026-09-18,C,7870.0,7607.1001,0.3,10.0,0.35,279.0,0.3,11.0,752.0,0.1868,0.0096,0.0002,-0.3191,0.1666,0.0077
2026-09-16T17:40:28Z,2026-09-16 17:39:47,SPXW,2026-09-18,P,7870.0,7607.1001,251.0,1.0,268.8,1.0,246.15,1.0,20.0,0.1858,-0.9904,0.0002,-0.2899,0.1667,-0.8538
2026-09-16T17:40:28Z,2026-09-16 17:39:47,SPXW,2026-09-18,C,7875.0,7607.1001,0.25,549.0,0.35,366.0,0.38,7.0,1910.0,0.188,0.0091,0.0002,-0.3052,0.1595,0.0073
2026-09-16T17:40:28Z,2026-09-16 17:39:47,SPXW,2026-09-18,P,7875.0,7607.1001,253.8,2.0,272.8,1.0,253.18,0.0,71.0,0.0,-0.9908,0.0002,-0.2754,0.1595,-0.8547
2026-09-16T17:40:28Z,2026-09-16 17:39:47,SPXW,2026-09-18,C,7880.0,7607.1001,0.25,399.0,0.35,375.0,0.4,13.0,704.0,0.1911,0.0087,0.0002,-0.2925,0.1528,0.007
2026-09-16T17:40:28Z,2026-09-16 17:39:47,SPXW,2026-09-18,P,7880.0,7607.1001,258.8,1.0,278.7,1.0,271.04,0.0,54.0,0.0,-0.9913,0.0002,-0.2622,0.1529,-0.8556
2026-09-16T17:40:28Z,2026-09-16 17:39:47,SPXW,2026-09-18,C,7885.0,7607.1001,0.25,385.0,0.35,512.0,0.3,93.0,658.0,0.1943,0.0083,0.0002,-0.2809,0.1465,0.0066
2026-09-16T17:40:28Z,2026-09-16 17:39:47,SPXW,2026-09-18,P,7885.0,7607.1001,263.8,1.0,283.5,1.0,154.95,0.0,18.0,0.0,-0.9917,0.0002,-0.25,0.1467,-0.8565
2026-09-16T17:40:28Z,2026-09-16 17:39:47,SPXW,2026-09-18,C,7890.0,7607.1001,0.25,266.0,0.3,13.0,0.15,0.0,2719.0,0.1949,0.008,0.0002,-0.2708,0.1413,0.0064
2026-09-16T17:40:28Z,2026-09-16 17:39:47,SPXW,2026-09-18,P,7890.0,7607.1001,270.9,1.0,288.8,1.0,227.4,0.0,33.0,0.1947,-0.992,0.0002,-0.2389,0.141,-0.8573
2026-09-16T17:40:28Z,2026-09-16 17:39:47,SPXW,2026-09-18,C,7895.0,7607.1001,0.25,169.0,0.3,291.0,0.3,7.0,404.0,0.1979,0.0076,0.0002,-0.2611,0.1359,0.0061
2026-09-16T17:40:28Z,2026-09-16 17:39:47,SPXW,2026-09-18,P,7895.0,7607.1001,273.8,1.0,293.6,1.0,285.0,0.0,34.0,0.0,-0.9924,0.0002,-0.2286,0.1357,-0.8581
2026-09-16T17:40:28Z,2026-09-16 17:39:47,SPXW,2026-09-18,C,7900.0,7607.1001,0.2,598.0,0.3,346.0,0.26,51.0,5728.0,0.1992,0.0073,0.0002,-0.2518,0.1306,0.0058
2026-09-16T17:40:28Z,2026-09-16 17:39:47,SPXW,2026-09-18,P,7900.0,7607.1001,280.9,1.0,298.8,1.0,314.64,0.0,125.0,0.2012,-0.9927,0.0002,-0.2191,0.1308,-0.8589
2026-09-16T17:40:28Z,2026-09-16 17:39:47,SPXW,2026-09-18,C,7905.0,7607.1001,0.2,556.0,0.3,358.0,0.27,12.0,1452.0,0.2017,0.007,0.0002,-0.2439,0.1264,0.0056
2026-09-16T17:40:28Z,2026-09-16 17:39:47,SPXW,2026-09-18,P,7905.0,7607.1001,283.8,1.0,303.5,1.0,284.64,0.0,25.0,0.0,-0.993,0.0002,-0.2103,0.1262,-0.8597
2026-09-16T17:40:28Z,2026-09-16 17:39:47,SPXW,2026-09-18,C,7910.0,7607.1001,0.2,521.0,0.3,387.0,0.3,32.0,620.0,0.2047,0.0068,0.0002,-0.2363,0.1221,0.0054
2026-09-16T17:40:28Z,2026-09-16 17:39:47,SPXW,2026-09-18,P,7910.0,7607.1001,288.7,1.0,308.7,1.0,298.31,0.0,109.0,0.0,-0.9932,0.0002,-0.2022,0.1219,-0.8605
2026-09-16T17:40:28Z,2026-09-16 17:39:47,SPXW,2026-09-18,C,7915.0,7607.1001,0.2,504.0,0.3,421.0,0.28,1.0,1429.0,0.2076,0.0065,0.0001,-0.2293,0.1181,0.0052
2026-09-16T17:40:28Z,2026-09-16 17:39:47,SPXW,2026-09-18,P,7915.0,7607.1001,293.7,1.0,313.7,1.0,298.94,0.0,25.0,0.0,-0.9935,0.0001,-0.1946,0.1179,-0.8612
2026-09-16T17:40:28Z,2026-09-16 17:39:47,SPXW,2026-09-18,C,7920.0,7607.1001,0.2,385.0,0.3,522.0,0.31,48.0,564.0,0.2106,0.0063,0.0001,-0.2228,0.1144,0.005
2026-09-16T17:40:28Z,2026-09-16 17:39:47,SPXW,2026-09-18,P,7920.0,7607.1001,298.7,1.0,318.7,1.0,180.2,0.0,80.0,0.0,-0.9937,0.0001,-0.1875,0.1142,-0.862
2026-09-16T17:40:28Z,2026-09-16 17:39:47,SPXW,2026-09-18,C,7925.0,7607.1001,0.2,314.0,0.3,550.0,0.29,129.0,1134.0,0.2136,0.0061,0.0001,-0.2167,0.1109,0.0048
2026-09-16T17:40:28Z,2026-09-16 17:39:47,SPXW,2026-09-18,P,7925.0,7607.1001,303.7,1.0,323.7,1.0,197.1,0.0,68.0,0.0,-0.9939,0.0001,-0.1808,0.1107,-0.8627
2026-09-16T17:40:28Z,2026-09-16 17:39:47,SPXW,2026-09-18,C,7930.0,7607.1001,0.2,230.0,0.25,83.0,0.3,41.0,1472.0,0.214,0.0059,0.0001,-0.2111,0.1075,0.0047
2026-09-16T17:40:28Z,2026-09-16 17:39:47,SPXW,2026-09-18,P,7930.0,7607.1001,310.9,1.0,328.7,1.0,341.79,0.0,70.0,0.2156,-0.9941,0.0001,-0.1746,0.1074,-0.8634
2026-09-16T17:40:28Z,2026-09-16 17:39:47,SPXW,2026-09-18,C,7935.0,7607.1001,0.2,214.0,0.25,304.0,0.3,56.0,333.0,0.2169,0.0057,0.0001,-0.2058,0.1044,0.0045
2026-09-16T17:40:28Z,2026-09-16 17:39:47,SPXW,2026-09-18,P,7935.0,7607.1001,313.7,2.0,333.4,1.0,187.8,0.0,34.0,0.0,-0.9943,0.0001,-0.1688,0.1042,-0.8641
2026-09-16T17:40:28Z,2026-09-16 17:39:47,SPXW,2026-09-18,C,7940.0,7607.1001,0.2,68.0,0.25,344.0,0.25,2.0,734.0,0.2198,0.0055,0.0001,-0.2009,0.1014,0.0044
2026-09-16T17:40:28Z,2026-09-16 17:39:47,SPXW,2026-09-18,P,7940.0,7607.1001,318.7,1.0,338.7,1.0,351.86,0.0,21.0,0.0,-0.9945,0.0001,-0.1633,0.1012,-0.8648
2026-09-16T17:40:28Z,2026-09-16 17:39:47,SPXW,2026-09-18,C,7945.0,7607.1001,0.2,40.0,0.25,348.0,0.2,8.0,285.0,0.2227,0.0053,0.0001,-0.1963,0.0986,0.0042
2026-09-16T17:40:28Z,2026-09-16 17:39:47,SPXW,2026-09-18,P,7945.0,7607.1001,323.7,1.0,343.4,1.0,198.8,0.0,2.0,0.0,-0.9947,0.0001,-0.1581,0.0984,-0.8655
2026-09-16T17:40:28Z,2026-09-16 17:39:47,SPXW,2026-09-18,C,7950.0,7607.1001,0.15,676.0,0.25,362.0,0.2,290.0,6776.0,0.2229,0.0052,0.0001,-0.1918,0.0958,0.0041
2026-09-16T17:40:28Z,2026-09-16 17:39:47,SPXW,2026-09-18,P,7950.0,7607.1001,328.7,1.0,348.4,1.0,315.42,0.0,71.0,0.0,-0.9948,0.0001,-0.1532,0.0958,-0.8661
2026-09-16T17:40:28Z,2026-09-16 17:39:47,SPXW,2026-09-18,C,7955.0,7607.1001,0.15,570.0,0.25,389.0,0.24,5.0,272.0,0.2255,0.005,0.0001,-0.1878,0.0934,0.004
2026-09-16T17:40:28Z,2026-09-16 17:39:47,SPXW,2026-09-18,P,7955.0,7607.1001,333.7,1.0,353.4,1.0,371.58,0.0,7.0,0.0,-0.995,0.0001,-0.1485,0.0932,-0.8668
2026-09-16T17:40:28Z,2026-09-16 17:39:47,SPXW,2026-09-18,C,7960.0,7607.1001,0.15,522.0,0.25,397.0,0.2,0.0,465.0,0.2284,0.0049,0.0001,-0.184,0.091,0.0039
2026-09-16T17:40:28Z,2026-09-16 17:39:47,SPXW,2026-09-18,P,7960.0,7607.1001,338.7,1.0,358.4,1.0,203.0,0.0,17.0,0.0,-0.9951,0.0001,-0.1441,0.0908,-0.8675
2026-09-16T17:40:28Z,2026-09-16 17:39:47,SPXW,2026-09-18,C,7965.0,7607.1001,0.15,526.0,0.25,411.0,0.15,2.0,317.0,0.2312,0.0047,0.0001,-0.1803,0.0887,0.0038
2026-09-16T17:40:28Z,2026-09-16 17:39:47,SPXW,2026-09-18,P,7965.0,7607.1001,343.7,1.0,363.7,1.0,221.53,0.0,8.0,0.0,-0.9952,0.0001,-0.1398,0.0885,-0.8681
2026-09-16T17:40:28Z,2026-09-16 17:39:47,SPXW,2026-09-18,C,7970.0,7607.1001,0.15,573.0,0.25,433.0,0.25,1.0,380.0,0.2341,0.0046,0.0001,-0.1769,0.0865,0.0037
2026-09-16T17:40:28Z,2026-09-16 17:39:47,SPXW,2026-09-18,P,7970.0,7607.1001,348.7,1.0,367.6,1.0,230.24,0.0,4.0,0.0,-0.9954,0.0001,-0.1358,0.0864,-0.8688
2026-09-16T17:40:28Z,2026-09-16 17:39:47,SPXW,2026-09-18,C,7975.0,7607.1001,0.15,558.0,0.25,634.0,0.25,116.0,776.0,0.2369,0.0045,0.0001,-0.1736,0.0844,0.0036
2026-09-16T17:40:28Z,2026-09-16 17:39:47,SPXW,2026-09-18,P,7975.0,7607.1001,353.7,1.0,373.7,1.0,288.49,0.0,17.0,0.0,-0.9955,0.0001,-0.1319,0.0843,-0.8694
2026-09-16T17:40:28Z,2026-09-16 17:39:47,SPXW,2026-09-18,C,7980.0,7607.1001,0.15,458.0,0.2,1.0,0.15,0.0,377.0,0.2364,0.0044,0.0001,-0.1705,0.0825,0.0035
2026-09-16T17:40:28Z,2026-09-16 17:39:47,SPXW,2026-09-18,P,7980.0,7607.1001,358.7,1.0,377.5,1.0,0.0,0.0,0.0,0.0,-0.9956,0.0001,-0.1282,0.0823,-0.87
2026-09-16T17:40:28Z,2026-09-16 17:39:47,SPXW,2026-09-18,C,7985.0,7607.1001,0.15,454.0,0.25,535.0,0.25,11.0,156.0,0.2426,0.0043,0.0001,-0.1675,0.0806,0.0034
2026-09-16T17:40:28Z,2026-09-16 17:39:47,SPXW,2026-09-18,P,7985.0,7607.1001,363.7,1.0,383.1,1.0,238.61,0.0,1.0,0.0,-0.9957,0.0001,-0.1247,0.0804,-0.8707
2026-09-16T17:40:28Z,2026-09-16 17:39:47,SPXW,2026-09-18,C,7990.0,7607.1001,0.15,287.0,0.25,532.0,0.25,17.0,250.0,0.2454,0.0042,0.0001,-0.1646,0.0788,0.0033
2026-09-16T17:40:28Z,2026-09-16 17:39:47,SPXW,2026-09-18,P,7990.0,7607.1001,370.9,1.0,388.7,1.0,248.21,0.0,2.0,0.2534,-0.9958,0.0001,-0.1213,0.0786,-0.8713
2026-09-16T17:40:28Z,2026-09-16 17:39:47,SPXW,2026-09-18,C,7995.0,7607.1001,0.15,223.0,0.2,93.0,0.19,2.0,468.0,0.2448,0.0041,0.0001,-0.1619,0.0771,0.0032
2026-09-16T17:40:28Z,2026-09-16 17:39:47,SPXW,2026-09-18,P,7995.0,7607.1001,373.7,1.0,393.7,1.0,280.65,0.0,7.0,0.0,-0.9959,0.0001,-0.118,0.0769,-0.8719
2026-09-16T17:40:28Z,2026-09-16 17:39:47,SPXW,2026-09-18,C,8000.0,7607.1001,0.15,214.0,0.2,114.0,0.15,73.0,4143.0,0.2476,0.004,0.0001,-0.1594,0.0754,0.0032
2026-09-16T17:40:28Z,2026-09-16 17:39:47,SPXW,2026-09-18,P,8000.0,7607.1001,387.5,1.0,392.2,6.0,386.9,1.0,280.0,0.2596,-0.996,0.0001,-0.1148,0.0753,-0.8726
2026-09-16T17:40:28Z,2026-09-16 17:39:47,SPXW,2026-09-18,C,8005.0,7607.1001,0.15,210.0,0.2,219.0,0.19,0.0,226.0,0.2503,0.0039,0.0001,-0.1569,0.0738,0.0031
2026-09-16T17:40:28Z,2026-09-16 17:39:47,SPXW,2026-09-18,P,8005.0,7607.1001,383.6,1.0,403.5,1.0,319.54,0.0,0.0,0.0,-0.9961,0.0001,-0.1118,0.0737,-0.8732
2026-09-16T17:40:28Z,2026-09-16 17:39:47,SPXW,2026-09-18,C,8010.0,7607.1001,0.15,190.0,0.2,329.0,0.17,7.0,431.0,0.2531,0.0038,0.0001,-0.1545,0.0723,0.003
2026-09-16T17:40:28Z,2026-09-16 17:39:47,SPXW,2026-09-18,P,8010.0,7607.1001,388.6,1.0,407.4,1.0,311.31,0.0,11.0,0.0,-0.9962,0.0001,-0.1088,0.0722,-0.8738
2026-09-16T17:40:28Z,2026-09-16 17:39:47,SPXW,2026-09-18,C,8015.0,7607.1001,0.15,166.0,0.2,369.0,0.14,0.0,140.0,0.2559,0.0037,0.0001,-0.1523,0.0709,0.003
2026-09-16T17:40:28Z,2026-09-16 17:39:47,SPXW,2026-09-18,P,8015.0,7607.1001,393.6,1.0,413.6,1.0,403.39,1.0,10.0,0.0,-0.9963,0.0001,-0.106,0.0707,-0.8744
2026-09-16T17:40:28Z,2026-09-16 17:39:47,SPXW,2026-09-18,C,8020.0,7607.1001,0.15,56.0,0.2,372.0,0.11,0.0,217.0,0.2586,0.0036,0.0001,-0.1501,0.0695,0.0029
2026-09-16T17:40:28Z,2026-09-16 17:39:47,SPXW,2026-09-18,P,8020.0,7607.1001,398.6,1.0,417.6,1.0,0.0,0.0,0.0,0.0,-0.9963,0.0001,-0.1032,0.0693,-0.875
2026-09-16T17:40:28Z,2026-09-16 17:39:47,SPXW,2026-09-18,C,8025.0,7607.1001,0.15,55.0,0.2,385.0,0.22,108.0,1828.0,0.2614,0.0036,0.0001,-0.148,0.0681,0.0028
2026-09-16T17:40:28Z,2026-09-16 17:39:47,SPXW,2026-09-18,P,8025.0,7607.1001,403.6,1.0,422.6,1.0,413.3,2.0,1.0,0.0,-0.9964,0.0001,-0.1006,0.068,-0.8756
2026-09-16T17:40:28Z,2026-09-16 17:39:47,SPXW,2026-09-18,C,8030.0,7607.1001,0.15,54.0,0.2,391.0,0.2,92.0,306.0,0.2641,0.0035,0.0001,-0.146,0.0668,0.0028
2026-09-16T17:40:28Z,2026-09-16 17:39:47,SPXW,2026-09-18,P,8030.0,7607.1001,408.6,1.0,428.6,1.0,418.3,2.0,0.0,0.0,-0.9965,0.0001,-0.098,0.0667,-0.8762
2026-09-16T17:40:28Z,2026-09-16 17:39:47,SPXW,2026-09-18,C,8035.0,7607.1001,0.15,53.0,0.2,395.0,0.2,1.0,82.0,0.2669,0.0034,0.0001,-0.1441,0.0656,0.0027
2026-09-16T17:40:28Z,2026-09-16 17:39:47,SPXW,2026-09-18,P,8035.0,7607.1001,413.6,1.0,433.3,1.0,416.97,2.0,1.0,0.0,-0.9966,0.0001,-0.0955,0.0654,-0.8768
2026-09-16T17:40:28Z,2026-09-16 17:39:47,SPXW,2026-09-18,C,8040.0,7607.1001,0.15,44.0,0.2,400.0,0.1,0.0,413.0,0.2696,0.0034,0.0001,-0.1422,0.0643,0.0026
2026-09-16T17:40:28Z,2026-09-16 17:39:47,SPXW,2026-09-18,P,8040.0,7607.1001,418.6,1.0,437.6,1.0,417.85,2.0,0.0,0.0,-0.9966,0.0001,-0.093,0.0642,-0.8774
2026-09-16T17:40:28Z,2026-09-16 17:39:47,SPXW,2026-09-18,C,8045.0,7607.1001,0.1,573.0,0.2,418.0,0.18,4.0,84.0,0.2682,0.0033,0.0001,-0.1404,0.0631,0.0026
2026-09-16T17:40:28Z,2026-09-16 17:39:47,SPXW,2026-09-18,P,8045.0,7607.1001,423.6,1.0,443.3,1.0,0.0,0.0,0.0,0.0,-0.9967,0.0001,-0.0907,0.063,-0.878
2026-09-16T17:40:28Z,2026-09-16 17:39:47,SPXW,2026-09-18,C,8050.0,7607.1001,0.1,663.0,0.15,8.0,0.15,2.0,1131.0,0.2664,0.0032,0.0001,-0.1386,0.0619,0.0025
2026-09-16T17:40:28Z,2026-09-16 17:39:47,SPXW,2026-09-18,P,8050.0,7607.1001,428.6,1.0,447.6,1.0,427.32,1.0,22.0,0.0,-0.9968,0.0001,-0.0884,0.0618,-0.8786
2026-09-16T17:40:28Z,2026-09-16 17:39:47,SPXW,2026-09-18,C,8055.0,7607.1001,0.1,609.0,0.2,425.0,0.1,0.0,83.0,0.2736,0.0032,0.0001,-0.137,0.0609,0.0025
2026-09-16T17:40:28Z,2026-09-16 17:39:47,SPXW,2026-09-18,P,8055.0,7607.1001,433.6,1.0,453.3,1.0,445.25,1.0,1.0,0.0,-0.9968,0.0001,-0.0861,0.0607,-0.8792
2026-09-16T17:40:28Z,2026-09-16 17:39:47,SPXW,2026-09-18,C,8060.0,7607.1001,0.1,584.0,0.15,8.0,0.15,16.0,193.0,0.2714,0.0031,0.0001,-0.1354,0.0598,0.0024
2026-09-16T17:40:28Z,2026-09-16 17:39:47,SPXW,2026-09-18,P,8060.0,7607.1001,438.6,1.0,458.6,1.0,0.0,0.0,0.0,0.0,-0.9969,0.0001,-0.0839,0.0597,-0.8798
2026-09-16T17:40:28Z,2026-09-16 17:39:47,SPXW,2026-09-18,C,8070.0,7607.1001,0.1,524.0,0.15,8.0,0.15,8.0,203.0,0.2767,0.003,0.0001,-0.1323,0.0578,0.0024
2026-09-16T17:40:28Z,2026-09-16 17:39:47,SPXW,2026-09-18,P,8070.0,7607.1001,448.6,1.0,468.6,1.0,0.0,0.0,0.0,0.0,-0.997,0.0001,-0.0797,0.0576,-0.881
2026-09-16T17:40:28Z,2026-09-16 17:39:47,SPXW,2026-09-18,C,8075.0,7607.1001,0.1,559.0,0.15,8.0,0.15,26.0,394.0,0.2794,0.0029,0.0,-0.1309,0.0568,0.0023
2026-09-16T17:40:28Z,2026-09-16 17:39:47,SPXW,2026-09-18,P,8075.0,7607.1001,453.6,1.0,473.0,1.0,470.52,2.0,3.0,0.0,-0.997,0.0,-0.0776,0.0566,-0.8816
2026-09-16T17:40:28Z,2026-09-16 17:39:47,SPXW,2026-09-18,C,8080.0,7607.1001,0.1,496.0,0.15,8.0,0.15,10.0,266.0,0.282,0.0029,0.0,-0.1294,0.0558,0.0023
2026-09-16T17:40:28Z,2026-09-16 17:39:47,SPXW,2026-09-18,P,8080.0,7607.1001,458.6,1.0,478.0,1.0,464.58,2.0,1.0,0.0,-0.9971,0.0,-0.0756,0.0557,-0.8822
2026-09-16T17:40:28Z,2026-09-16 17:39:47,SPXW,2026-09-18,C,8090.0,7607.1001,0.1,423.0,0.15,8.0,0.15,17.0,445.0,0.2872,0.0028,0.0,-0.1267,0.054,0.0022
2026-09-16T17:40:28Z,2026-09-16 17:39:47,SPXW,2026-09-18,P,8090.0,7607.1001,468.6,1.0,488.0,1.0,0.0,0.0,0.0,0.0,-0.9972,0.0,-0.0717,0.0539,-0.8834
2026-09-16T17:40:28Z,2026-09-16 17:39:47,SPXW,2026-09-18,C,8100.0,7607.1001,0.1,399.0,0.15,31.0,0.15,49.0,1120.0,0.2925,0.0027,0.0,-0.1241,0.0524,0.0021
2026-09-16T17:40:28Z,2026-09-16 17:39:47,SPXW,2026-09-18,P,8100.0,7607.1001,478.6,1.0,498.2,1.0,474.45,2.0,8.0,0.0,-0.9973,0.0,-0.068,0.0522,-0.8845
2026-09-16T17:40:28Z,2026-09-16 17:39:47,SPXW,2026-09-18,C,8110.0,7607.1001,0.1,262.0,0.15,31.0,0.15,27.0,778.0,0.2977,0.0026,0.0,-0.1216,0.0508,0.0021
2026-09-16T17:40:28Z,2026-09-16 17:39:47,SPXW,2026-09-18,P,8110.0,7607.1001,488.6,1.0,508.3,1.0,484.45,1.0,0.0,0.0,-0.9974,0.0,-0.0644,0.0506,-0.8857
2026-09-16T17:40:28Z,2026-09-16 17:39:47,SPXW,2026-09-18,C,8120.0,7607.1001,0.1,263.0,0.15,31.0,0.15,24.0,560.0,0.3029,0.0025,0.0,-0.1193,0.0493,0.002
2026-09-16T17:40:28Z,2026-09-16 17:39:47,SPXW,2026-09-18,P,8120.0,7607.1001,498.6,1.0,518.6,1.0,511.01,0.0,4.0,0.0,-0.9974,0.0,-0.0609,0.0491,-0.8869
2026-09-16T17:40:28Z,2026-09-16 17:39:47,SPXW,2026-09-18,C,8125.0,7607.1001,0.1,249.0,0.15,91.0,0.15,48.0,663.0,0.3055,0.0025,0.0,-0.1182,0.0485,0.002
2026-09-16T17:40:28Z,2026-09-16 17:39:47,SPXW,2026-09-18,P,8125.0,7607.1001,503.6,1.0,522.3,1.0,534.99,0.0,1.0,0.0,-0.9975,0.0,-0.0592,0.0484,-0.8874
2026-09-16T17:40:28Z,2026-09-16 17:39:47,SPXW,2026-09-18,C,8130.0,7607.1001,0.1,242.0,0.15,210.0,0.15,29.0,551.0,0.3081,0.0024,0.0,-0.1171,0.0478,0.0019
2026-09-16T17:40:28Z,2026-09-16 17:39:47,SPXW,2026-09-18,P,8130.0,7607.1001,508.6,1.0,528.6,1.0,359.0,0.0,2.0,0.0,-0.9975,0.0,-0.0575,0.0477,-0.888
2026-09-16T17:40:28Z,2026-09-16 17:39:47,SPXW,2026-09-18,C,8140.0,7607.1001,0.1,191.0,0.15,218.0,0.05,0.0,495.0,0.3133,0.0024,0.0,-0.115,0.0465,0.0019
2026-09-16T17:40:28Z,2026-09-16 17:39:47,SPXW,2026-09-18,P,8140.0,7607.1001,518.6,1.0,538.6,1.0,0.0,0.0,0.0,0.0,-0.9976,0.0,-0.0542,0.0463,-0.8892
2026-09-16T17:40:28Z,2026-09-16 17:39:47,SPXW,2026-09-18,C,8150.0,7607.1001,0.1,164.0,0.15,329.0,0.11,0.0,630.0,0.3185,0.0023,0.0,-0.1129,0.0452,0.0018
2026-09-16T17:40:28Z,2026-09-16 17:39:47,SPXW,2026-09-18,P,8150.0,7607.1001,528.6,1.0,547.7,1.0,546.77,0.0,3.0,0.0,-0.9977,0.0,-0.0511,0.045,-0.8903
2026-09-16T17:40:28Z,2026-09-16 17:39:47,SPXW,2026-09-18,C,8160.0,7607.1001,0.1,164.0,0.15,322.0,0.12,1.0,169.0,0.3236,0.0022,0.0,-0.111,0.044,0.0018
2026-09-16T17:40:28Z,2026-09-16 17:39:47,SPXW,2026-09-18,P,8160.0,7607.1001,538.6,1.0,558.6,1.0,564.13,0.0,1.0,0.0,-0.9977,0.0,-0.048,0.0438,-0.8915
2026-09-16T17:40:28Z,2026-09-16 17:39:47,SPXW,2026-09-18,C,8170.0,7607.1001,0.1,53.0,0.15,327.0,0.1,0.0,95.0,0.3288,0.0022,0.0,-0.1091,0.0428,0.0017
2026-09-16T17:40:28Z,2026-09-16 17:39:47,SPXW,2026-09-18,P,8170.0,7607.1001,548.6,1.0,568.2,1.0,0.0,0.0,0.0,0.0,-0.9978,0.0,-0.0449,0.0426,-0.8926
2026-09-16T17:40:28Z,2026-09-16 17:39:47,SPXW,2026-09-18,C,8175.0,7607.1001,0.05,724.0,0.15,394.0,0.07,0.0,394.0,0.3248,0.0021,0.0,-0.108,0.0422,0.0017
2026-09-16T17:40:28Z,2026-09-16 17:39:47,SPXW,2026-09-18,P,8175.0,7607.1001,553.5,1.0,573.5,1.0,0.0,0.0,0.0,0.0,-0.9978,0.0,-0.0435,0.0421,-0.8932
2026-09-16T17:40:28Z,2026-09-16 17:39:47,SPXW,2026-09-18,C,8180.0,7607.1001,0.05,647.0,0.15,410.0,0.05,0.0,76.0,0.3272,0.0021,0.0,-0.1073,0.0417,0.0017
2026-09-16T17:40:28Z,2026-09-16 17:39:47,SPXW,2026-09-18,P,8180.0,7607.1001,558.5,1.0,577.9,1.0,484.4,0.0,1.0,0.0,-0.9979,0.0,-0.042,0.0415,-0.8938
2026-09-16T17:40:28Z,2026-09-16 17:39:47,SPXW,2026-09-18,C,8190.0,7607.1001,0.05,643.0,0.15,424.0,0.05,2.0,2219.0,0.3322,0.0021,0.0,-0.1056,0.0406,0.0016
2026-09-16T17:40:28Z,2026-09-16 17:39:47,SPXW,2026-09-18,P,8190.0,7607.1001,568.5,1.0,587.4,1.0,0.0,0.0,0.0,0.0,-0.9979,0.0,-0.0391,0.0405,-0.8949
2026-09-16T17:40:28Z,2026-09-16 17:39:47,SPXW,2026-09-18,C,8200.0,7607.1001,0.05,724.0,0.15,575.0,0.1,0.0,1457.0,0.3372,0.002,0.0,-0.1039,0.0396,0.0016
2026-09-16T17:40:28Z,2026-09-16 17:39:47,SPXW,2026-09-18,P,8200.0,7607.1001,580.7,1.0,598.5,1.0,455.26,0.0,2.0,0.3532,-0.998,0.0,-0.0363,0.0394,-0.896
2026-09-16T17:40:28Z,2026-09-16 17:39:47,SPXW,2026-09-18,C,8210.0,7607.1001,0.05,622.0,0.15,589.0,0.05,0.0,361.0,0.3422,0.002,0.0,-0.1023,0.0386,0.0015
2026-09-16T17:40:28Z,2026-09-16 17:39:47,SPXW,2026-09-18,P,8210.0,7607.1001,588.5,1.0,608.4,1.0,0.0,0.0,0.0,0.0,-0.998,0.0,-0.0336,0.0384,-0.8972
2026-09-16T17:40:28Z,2026-09-16 17:39:47,SPXW,2026-09-18,C,8220.0,7607.1001,0.05,618.0,0.15,606.0,0.1,0.0,70.0,0.3472,0.0019,0.0,-0.1007,0.0376,0.0015
2026-09-16T17:40:28Z,2026-09-16 17:39:47,SPXW,2026-09-18,P,8220.0,7607.1001,598.5,1.0,618.2,1.0,0.0,0.0,0.0,0.0,-0.9981,0.0,-0.0308,0.0375,-0.8983
2026-09-16T17:40:28Z,2026-09-16 17:39:47,SPXW,2026-09-18,C,8225.0,7607.1001,0.05,606.0,0.15,698.0,0.1,0.0,485.0,0.3497,0.0019,0.0,-0.1,0.0372,0.0015
2026-09-16T17:40:28Z,2026-09-16 17:39:47,SPXW,2026-09-18,P,8225.0,7607.1001,603.5,1.0,623.4,1.0,0.0,0.0,0.0,0.0,-0.9981,0.0,-0.0295,0.037,-0.8989
2026-09-16T17:40:28Z,2026-09-16 17:39:47,SPXW,2026-09-18,C,8230.0,7607.1001,0.05,612.0,0.15,624.0,0.1,0.0,112.0,0.3522,0.0018,0.0,-0.0992,0.0367,0.0015
2026-09-16T17:40:28Z,2026-09-16 17:39:47,SPXW,2026-09-18,P,8230.0,7607.1001,608.5,1.0,627.9,1.0,0.0,0.0,0.0,0.0,-0.9981,0.0,-0.0282,0.0366,-0.8994
2026-09-16T17:40:28Z,2026-09-16 17:39:47,SPXW,2026-09-18,C,8240.0,7607.1001,0.05,596.0,0.15,626.0,0.1,0.0,102.0,0.3572,0.0018,0.0,-0.0978,0.0358,0.0014
2026-09-16T17:40:28Z,2026-09-16 17:39:47,SPXW,2026-09-18,P,8240.0,7607.1001,618.5,1.0,638.2,1.0,0.0,0.0,0.0,0.0,-0.9982,0.0,-0.0256,0.0357,-0.9006
2026-09-16T17:40:28Z,2026-09-16 17:39:47,SPXW,2026-09-18,C,8250.0,7607.1001,0.05,553.0,0.15,719.0,0.05,0.0,629.0,0.3621,0.0018,0.0,-0.0963,0.035,0.0014
2026-09-16T17:40:28Z,2026-09-16 17:39:47,SPXW,2026-09-18,P,8250.0,7607.1001,628.5,1.0,648.3,1.0,652.34,0.0,1.0,0.0,-0.9982,0.0,-0.023,0.0348,-0.9017
2026-09-16T17:40:28Z,2026-09-16 17:39:47,SPXW,2026-09-18,C,8260.0,7607.1001,0.05,533.0,0.15,640.0,0.1,0.0,185.0,0.367,0.0017,0.0,-0.095,0.0342,0.0014
2026-09-16T17:40:28Z,2026-09-16 17:39:47,SPXW,2026-09-18,P,8260.0,7607.1001,638.5,1.0,658.5,1.0,0.0,0.0,0.0,0.0,-0.9983,0.0,-0.0205,0.034,-0.9028
2026-09-16T17:40:28Z,2026-09-16 17:39:47,SPXW,2026-09-18,C,8270.0,7607.1001,0.05,527.0,0.15,656.0,0.07,1.0,170.0,0.372,0.0017,0.0,-0.0936,0.0334,0.0013
2026-09-16T17:40:28Z,2026-09-16 17:39:47,SPXW,2026-09-18,P,8270.0,7607.1001,648.5,1.0,668.5,1.0,0.0,0.0,5.0,0.0,-0.9983,0.0,-0.018,0.0332,-0.904
2026-09-16T17:40:28Z,2026-09-16 17:39:47,SPXW,2026-09-18,C,8275.0,7607.1001,0.05,467.0,0.15,749.0,0.1,0.0,181.0,0.3744,0.0017,0.0,-0.0929,0.033,0.0013
2026-09-16T17:40:28Z,2026-09-16 17:39:47,SPXW,2026-09-18,P,8275.0,7607.1001,653.5,1.0,673.1,1.0,504.91,0.0,11.0,0.0,-0.9983,0.0,-0.0168,0.0328,-0.9045
2026-09-16T17:40:28Z,2026-09-16 17:39:47,SPXW,2026-09-18,C,8280.0,7607.1001,0.05,337.0,0.15,665.0,0.1,0.0,106.0,0.3769,0.0016,0.0,-0.0923,0.0326,0.0013
2026-09-16T17:40:28Z,2026-09-16 17:39:47,SPXW,2026-09-18,P,8280.0,7607.1001,658.5,1.0,678.1,1.0,0.0,0.0,0.0,0.0,-0.9983,0.0,-0.0156,0.0325,-0.9051
2026-09-16T17:40:28Z,2026-09-16 17:39:47,SPXW,2026-09-18,C,8290.0,7607.1001,0.05,316.0,0.15,674.0,0.1,0.0,67.0,0.3818,0.0016,0.0,-0.091,0.0319,0.0013
2026-09-16T17:40:28Z,2026-09-16 17:39:47,SPXW,2026-09-18,P,8290.0,7607.1001,668.5,1.0,688.5,1.0,0.0,0.0,0.0,0.0,-0.9984,0.0,-0.0131,0.0318,-0.9062
2026-09-16T17:40:28Z,2026-09-16 17:39:47,SPXW,2026-09-18,C,8300.0,7607.1001,0.05,323.0,0.1,225.0,0.09,0.0,631.0,0.3773,0.0016,0.0,-0.0898,0.0312,0.0012
2026-09-16T17:40:28Z,2026-09-16 17:39:47,SPXW,2026-09-18,P,8300.0,7607.1001,678.5,1.0,698.3,1.0,633.07,0.0,13.0,0.0,-0.9984,0.0,-0.0107,0.031,-0.9073
2026-09-16T17:40:28Z,2026-09-16 17:39:47,SPXW,2026-09-18,C,8310.0,7607.1001,0.05,293.0,0.1,281.0,0.1,0.0,557.0,0.3821,0.0015,0.0,-0.0885,0.0305,0.0012
2026-09-16T17:40:28Z,2026-09-16 17:39:47,SPXW,2026-09-18,P,8310.0,7607.1001,688.5,1.0,708.5,1.0,0.0,0.0,0.0,0.0,-0.9984,0.0,-0.0084,0.0304,-0.9085
2026-09-16T17:40:28Z,2026-09-16 17:39:47,SPXW,2026-09-18,C,8320.0,7607.1001,0.05,269.0,0.1,294.0,0.1,0.0,66.0,0.3869,0.0015,0.0,-0.0873,0.0299,0.0012
2026-09-16T17:40:28Z,2026-09-16 17:39:47,SPXW,2026-09-18,P,8320.0,7607.1001,698.5,1.0,718.5,1.0,0.0,0.0,0.0,0.0,-0.9985,0.0,-0.006,0.0297,-0.9096
2026-09-16T17:40:28Z,2026-09-16 17:39:47,SPXW,2026-09-18,C,8325.0,7607.1001,0.05,267.0,0.1,328.0,0.1,0.0,606.0,0.3893,0.0015,0.0,-0.0868,0.0295,0.0012
2026-09-16T17:40:28Z,2026-09-16 17:39:47,SPXW,2026-09-18,P,8325.0,7607.1001,703.5,1.0,723.5,1.0,737.81,0.0,37.0,0.0,-0.9985,0.0,-0.0049,0.0294,-0.9101
2026-09-16T17:40:28Z,2026-09-16 17:39:47,SPXW,2026-09-18,C,8330.0,7607.1001,0.05,268.0,0.1,330.0,0.05,0.0,208.0,0.3917,0.0015,0.0,-0.0862,0.0292,0.0012
2026-09-16T17:40:28Z,2026-09-16 17:39:47,SPXW,2026-09-18,P,8330.0,7607.1001,708.5,1.0,728.3,1.0,741.67,0.0,4.0,0.0,-0.9985,0.0,-0.0037,0.0291,-0.9107
2026-09-16T17:40:28Z,2026-09-16 17:39:47,SPXW,2026-09-18,C,8340.0,7607.1001,0.05,106.0,0.1,327.0,0.1,0.0,60.0,0.3964,0.0014,0.0,-0.085,0.0286,0.0011
2026-09-16T17:40:28Z,2026-09-16 17:39:47,SPXW,2026-09-18,P,8340.0,7607.1001,718.5,1.0,738.1,1.0,0.0,0.0,0.0,0.0,-0.9986,0.0,-0.0014,0.0285,-0.9118
2026-09-16T17:40:28Z,2026-09-16 17:39:47,SPXW,2026-09-18,C,8350.0,7607.1001,0.05,146.0,0.1,333.0,0.07,0.0,430.0,0.4012,0.0014,0.0,-0.0839,0.028,0.0011
2026-09-16T17:40:28Z,2026-09-16 17:39:47,SPXW,2026-09-18,P,8350.0,7607.1001,730.5,1.0,748.4,1.0,0.0,0.0,0.0,0.4054,-0.9986,0.0,0.0,0.0279,-0.9129
2026-09-16T17:40:28Z,2026-09-16 17:39:47,SPXW,2026-09-18,C,8360.0,7607.1001,0.05,130.0,0.1,359.0,0.05,0.0,91.0,0.4059,0.0014,0.0,-0.0828,0.0275,0.0011
2026-09-16T17:40:28Z,2026-09-16 17:39:47,SPXW,2026-09-18,P,8360.0,7607.1001,738.4,1.0,758.4,1.0,773.08,0.0,37.0,0.0,-0.9986,0.0,0.0,0.0273,-0.914
2026-09-16T17:40:28Z,2026-09-16 17:39:47,SPXW,2026-09-21,C,6850.0,7607.1001,752.1,1.0,771.5,1.0,0.0,0.0,0.0,0.4024,0.9931,0.0001,-0.3628,0.1798,0.9303
2026-09-16T17:40:28Z,2026-09-16 17:39:47,SPXW,2026-09-21,P,6850.0,7607.1001,0.65,214.0,0.7,77.0,1.55,0.0,129.0,0.3617,-0.0068,0.0001,-0.4522,0.1798,-0.007
2026-09-16T17:40:28Z,2026-09-16 17:39:47,SPXW,2026-09-21,C,6875.0,7607.1001,727.2,1.0,747.2,1.0,0.0,0.0,0.0,0.4022,0.9926,0.0001,-0.3866,0.1917,0.9332
2026-09-16T17:40:28Z,2026-09-16 17:39:47,SPXW,2026-09-21,P,6875.0,7607.1001,0.7,86.0,0.75,112.0,1.7,0.0,105.0,0.3534,-0.0073,0.0001,-0.4731,0.1917,-0.0075
2026-09-16T17:40:28Z,2026-09-16 17:39:47,SPXW,2026-09-21,C,6900.0,7607.1001,702.3,1.0,722.2,1.0,790.14,0.0,1.0,0.3908,0.9921,0.0001,-0.4117,0.2047,0.936
2026-09-16T17:40:28Z,2026-09-16 17:39:47,SPXW,2026-09-21,P,6900.0,7607.1001,0.7,385.0,0.8,251.0,1.04,1.0,501.0,0.3436,-0.0079,0.0001,-0.4952,0.2047,-0.008
2026-09-16T17:40:28Z,2026-09-16 17:39:47,SPXW,2026-09-21,C,6925.0,7607.1001,677.9,1.0,697.6,1.0,698.82,1.0,0.0,0.3906,0.9915,0.0001,-0.4382,0.219,0.9388
2026-09-16T17:40:28Z,2026-09-16 17:39:47,SPXW,2026-09-21,P,6925.0,7607.1001,0.75,341.0,0.85,265.0,1.85,0.0,103.0,0.3349,-0.0085,0.0001,-0.5189,0.219,-0.0087
2026-09-16T17:40:28Z,2026-09-16 17:39:47,SPXW,2026-09-21,C,6950.0,7607.1001,652.6,1.0,671.7,1.0,0.0,0.0,0.0,0.3623,0.9908,0.0001,-0.4666,0.2347,0.9415
2026-09-16T17:40:28Z,2026-09-16 17:39:47,SPXW,2026-09-21,P,6950.0,7607.1001,0.8,354.0,0.9,202.0,0.9,1.0,463.0,0.326,-0.0092,0.0001,-0.5442,0.2347,-0.0094
2026-09-16T17:40:28Z,2026-09-16 17:39:47,SPXW,2026-09-21,C,6975.0,7607.1001,628.3,1.0,647.4,1.0,0.0,0.0,0.0,0.3666,0.99,0.0001,-0.4972,0.2519,0.9442
2026-09-16T17:40:28Z,2026-09-16 17:39:47,SPXW,2026-09-21,P,6975.0,7607.1001,0.9,55.0,0.95,143.0,0.95,1.0,168.0,0.3179,-0.01,0.0001,-0.5719,0.2519,-0.0102
2026-09-16T17:40:28Z,2026-09-16 17:39:47,SPXW,2026-09-21,C,6980.0,7607.1001,622.5,1.0,640.3,1.0,0.0,0.0,0.0,0.3232,0.9899,0.0001,-0.5036,0.2555,0.9447
2026-09-16T17:40:28Z,2026-09-16 17:39:47,SPXW,2026-09-21,P,6980.0,7607.1001,0.9,154.0,1.0,385.0,0.0,0.0,0.0,0.3167,-0.0101,0.0001,-0.5775,0.2554,-0.0103
2026-09-16T17:40:28Z,2026-09-16 17:39:47,SPXW,2026-09-21,C,6990.0,7607.1001,612.4,1.0,630.3,1.0,0.0,0.0,0.0,0.3164,0.9895,0.0001,-0.5168,0.263,0.9457
2026-09-16T17:40:28Z,2026-09-16 17:39:47,SPXW,2026-09-21,P,6990.0,7607.1001,0.9,221.0,1.0,286.0,0.0,0.0,0.0,0.312,-0.0105,0.0001,-0.5898,0.263,-0.0107
2026-09-16T17:40:28Z,2026-09-16 17:39:47,SPXW,2026-09-21,C,7000.0,7607.1001,603.4,1.0,622.4,1.0,690.6,0.0,1.0,0.3546,0.9892,0.0001,-0.5305,0.2708,0.9467
2026-09-16T17:40:28Z,2026-09-16 17:39:47,SPXW,2026-09-21,P,7000.0,7607.1001,0.95,161.0,1.05,373.0,1.05,224.0,1170.0,0.3094,-0.0108,0.0001,-0.6023,0.2708,-0.0111
2026-09-16T17:40:28Z,2026-09-16 17:39:47,SPXW,2026-09-21,C,7010.0,7607.1001,592.4,2.0,612.5,1.0,0.0,0.0,0.0,0.3392,0.9888,0.0001,-0.5447,0.2789,0.9477
2026-09-16T17:40:28Z,2026-09-16 17:39:47,SPXW,2026-09-21,P,7010.0,7607.1001,0.95,217.0,1.05,92.0,0.0,0.0,0.0,0.3048,-0.0112,0.0001,-0.6153,0.279,-0.0114
2026-09-16T17:40:28Z,2026-09-16 17:39:47,SPXW,2026-09-21,C,7020.0,7607.1001,582.7,1.0,601.8,1.0,569.78,0.0,10.0,0.3291,0.9884,0.0001,-0.5594,0.2875,0.9487
2026-09-16T17:40:28Z,2026-09-16 17:39:47,SPXW,2026-09-21,P,7020.0,7607.1001,1.0,197.0,1.1,253.0,2.3,0.0,2.0,0.3021,-0.0116,0.0001,-0.6289,0.2876,-0.0118
2026-09-16T17:40:28Z,2026-09-16 17:39:47,SPXW,2026-09-21,C,7025.0,7607.1001,578.0,1.0,596.9,1.0,564.83,0.0,10.0,0.3314,0.9882,0.0001,-0.567,0.292,0.9491
2026-09-16T17:40:28Z,2026-09-16 17:39:47,SPXW,2026-09-21,P,7025.0,7607.1001,1.0,228.0,1.1,240.0,1.05,10.0,85.0,0.2998,-0.0118,0.0001,-0.6357,0.292,-0.012
2026-09-16T17:40:28Z,2026-09-16 17:39:47,SPXW,2026-09-21,C,7030.0,7607.1001,572.7,1.0,592.9,1.0,0.0,0.0,0.0,0.3366,0.988,0.0001,-0.5748,0.2966,0.9496
2026-09-16T17:40:28Z,2026-09-16 17:39:47,SPXW,2026-09-21,P,7030.0,7607.1001,1.05,59.0,1.1,47.0,1.25,4.0,1.0,0.2985,-0.012,0.0001,-0.6426,0.2964,-0.0122
2026-09-16T17:40:28Z,2026-09-16 17:39:47,SPXW,2026-09-21,C,7040.0,7607.1001,562.8,1.0,581.9,1.0,0.0,0.0,0.0,0.3213,0.9875,0.0001,-0.5908,0.3061,0.9505
2026-09-16T17:40:28Z,2026-09-16 17:39:47,SPXW,2026-09-21,P,7040.0,7607.1001,1.05,222.0,1.15,250.0,1.52,3.0,10.0,0.2947,-0.0124,0.0001,-0.6577,0.3061,-0.0127
2026-09-16T17:40:28Z,2026-09-16 17:39:47,SPXW,2026-09-21,C,7050.0,7607.1001,553.1,1.0,572.0,1.0,0.0,0.0,0.0,0.3208,0.9871,0.0001,-0.6075,0.3162,0.9514
2026-09-16T17:40:28Z,2026-09-16 17:39:47,SPXW,2026-09-21,P,7050.0,7607.1001,1.1,155.0,1.2,396.0,1.15,67.0,498.0,0.2917,-0.0129,0.0001,-0.6732,0.3162,-0.0132
2026-09-16T17:40:28Z,2026-09-16 17:39:47,SPXW,2026-09-21,C,7060.0,7607.1001,542.6,2.0,560.6,1.0,0.0,0.0,0.0,0.2908,0.9866,0.0001,-0.625,0.3269,0.9523
2026-09-16T17:40:28Z,2026-09-16 17:39:47,SPXW,2026-09-21,P,7060.0,7607.1001,1.15,83.0,1.2,43.0,1.65,6.0,8.0,0.2879,-0.0134,0.0001,-0.6894,0.3268,-0.0137
2026-09-16T17:40:28Z,2026-09-16 17:39:47,SPXW,2026-09-21,C,7070.0,7607.1001,533.4,1.0,553.2,2.0,0.0,0.0,0.0,0.3252,0.986,0.0001,-0.6434,0.3381,0.9531
2026-09-16T17:40:28Z,2026-09-16 17:39:47,SPXW,2026-09-21,P,7070.0,7607.1001,1.15,222.0,1.25,47.0,2.65,0.0,14.0,0.284,-0.0139,0.0001,-0.7067,0.338,-0.0142
2026-09-16T17:40:28Z,2026-09-16 17:39:47,SPXW,2026-09-21,C,7075.0,7607.1001,528.0,1.0,547.1,1.0,0.0,0.0,0.0,0.3078,0.9858,0.0001,-0.653,0.344,0.9535
2026-09-16T17:40:28Z,2026-09-16 17:39:47,SPXW,2026-09-21,P,7075.0,7607.1001,1.2,82.0,1.3,372.0,1.25,1.0,207.0,0.2832,-0.0142,0.0001,-0.716,0.344,-0.0145
2026-09-16T17:40:28Z,2026-09-16 17:39:47,SPXW,2026-09-21,C,7080.0,7607.1001,523.0,1.0,543.2,1.0,0.0,0.0,0.0,0.3171,0.9855,0.0001,-0.6628,0.35,0.9539
2026-09-16T17:40:28Z,2026-09-16 17:39:47,SPXW,2026-09-21,P,7080.0,7607.1001,1.2,211.0,1.3,238.0,2.7,0.0,1.0,0.2808,-0.0145,0.0001,-0.7248,0.3499,-0.0148
2026-09-16T17:40:28Z,2026-09-16 17:39:47,SPXW,2026-09-21,C,7090.0,7607.1001,513.3,1.0,531.8,1.0,0.0,0.0,0.0,0.3,0.9849,0.0001,-0.6832,0.3625,0.9546
2026-09-16T17:40:28Z,2026-09-16 17:39:47,SPXW,2026-09-21,P,7090.0,7607.1001,1.25,203.0,1.35,240.0,2.95,0.0,2.0,0.2776,-0.0151,0.0001,-0.7445,0.3625,-0.0154
2026-09-16T17:40:28Z,2026-09-16 17:39:47,SPXW,2026-09-21,C,7100.0,7607.1001,503.1,1.0,523.4,5.0,0.0,0.0,0.0,0.3083,0.9842,0.0002,-0.7048,0.3756,0.9553
2026-09-16T17:40:28Z,2026-09-16 17:39:47,SPXW,2026-09-21,P,7100.0,7607.1001,1.3,195.0,1.4,255.0,1.45,35.0,1084.0,0.2742,-0.0157,0.0002,-0.7649,0.3756,-0.0161
2026-09-16T17:40:28Z,2026-09-16 17:39:47,SPXW,2026-09-21,C,7110.0,7607.1001,493.2,1.0,512.2,1.0,0.0,0.0,0.0,0.2926,0.9836,0.0002,-0.7277,0.3895,0.956
2026-09-16T17:40:28Z,2026-09-16 17:39:47,SPXW,2026-09-21,P,7110.0,7607.1001,1.35,170.0,1.45,237.0,1.75,5.0,1.0,0.2708,-0.0164,0.0002,-0.7866,0.3895,-0.0168
2026-09-16T17:40:28Z,2026-09-16 17:39:47,SPXW,2026-09-21,C,7120.0,7607.1001,482.9,2.0,500.9,1.0,0.0,0.0,0.0,0.2695,0.9828,0.0002,-0.7519,0.4042,0.9566
2026-09-16T17:40:28Z,2026-09-16 17:39:47,SPXW,2026-09-21,P,7120.0,7607.1001,1.4,173.0,1.5,235.0,3.1,0.0,14.0,0.2674,-0.0172,0.0002,-0.8096,0.4042,-0.0176
2026-09-16T17:40:28Z,2026-09-16 17:39:47,SPXW,2026-09-21,C,7125.0,7607.1001,479.0,1.0,498.3,1.0,0.0,0.0,0.0,0.3015,0.9824,0.0002,-0.7646,0.4119,0.9569
2026-09-16T17:40:28Z,2026-09-16 17:39:47,SPXW,2026-09-21,P,7125.0,7607.1001,1.45,82.0,1.5,40.0,1.5,4.0,3106.0,0.2656,-0.0175,0.0002,-0.8217,0.4119,-0.018
2026-09-16T17:40:28Z,2026-09-16 17:39:47,SPXW,2026-09-21,C,7130.0,7607.1001,473.6,1.0,493.3,1.0,0.0,0.0,0.0,0.2956,0.982,0.0002,-0.7777,0.4199,0.9572
2026-09-16T17:40:28Z,2026-09-16 17:39:47,SPXW,2026-09-21,P,7130.0,7607.1001,1.45,183.0,1.55,209.0,3.2,0.0,1.0,0.2638,-0.0179,0.0002,-0.8342,0.4199,-0.0184
2026-09-16T17:40:28Z,2026-09-16 17:39:47,SPXW,2026-09-21,C,7135.0,7607.1001,468.0,1.0,486.0,1.0,0.0,0.0,0.0,0.2644,0.9816,0.0002,-0.7911,0.4281,0.9574
2026-09-16T17:40:28Z,2026-09-16 17:39:47,SPXW,2026-09-21,P,7135.0,7607.1001,1.5,86.0,1.6,325.0,0.0,0.0,0.0,0.2627,-0.0184,0.0002,-0.8471,0.4281,-0.0188
2026-09-16T17:40:28Z,2026-09-16 17:39:47,SPXW,2026-09-21,C,7140.0,7607.1001,463.2,1.0,481.1,1.0,0.0,0.0,0.0,0.2654,0.9812,0.0002,-0.805,0.4366,0.9577
2026-09-16T17:40:28Z,2026-09-16 17:39:47,SPXW,2026-09-21,P,7140.0,7607.1001,1.5,196.0,1.6,42.0,3.1,0.0,69.0,0.2602,-0.0188,0.0002,-0.8604,0.4366,-0.0192
2026-09-16T17:40:28Z,2026-09-16 17:39:47,SPXW,2026-09-21,C,7145.0,7607.1001,458.1,1.0,476.5,1.0,0.0,0.0,0.0,0.2662,0.9807,0.0002,-0.8194,0.4454,0.9579
2026-09-16T17:40:28Z,2026-09-16 17:39:47,SPXW,2026-09-21,P,7145.0,7607.1001,1.55,153.0,1.65,218.0,2.07,3.0,0.0,0.259,-0.0192,0.0002,-0.8741,0.4454,-0.0197
2026-09-16T17:40:28Z,2026-09-16 17:39:47,SPXW,2026-09-21,C,7150.0,7607.1001,453.3,1.0,471.5,1.0,563.23,0.0,8.0,0.2657,0.9803,0.0002,-0.8342,0.4546,0.9581
2026-09-16T17:40:28Z,2026-09-16 17:39:47,SPXW,2026-09-21,P,7150.0,7607.1001,1.6,77.0,1.7,345.0,1.7,55.0,361.0,0.2577,-0.0197,0.0002,-0.8884,0.4546,-0.0202
2026-09-16T17:40:28Z,2026-09-16 17:39:47,SPXW,2026-09-21,C,7155.0,7607.1001,448.3,1.0,466.6,1.0,0.0,0.0,0.0,0.2642,0.9798,0.0002,-0.8494,0.464,0.9583
2026-09-16T17:40:28Z,2026-09-16 17:39:47,SPXW,2026-09-21,P,7155.0,7607.1001,1.6,177.0,1.7,41.0,0.0,0.0,0.0,0.2552,-0.0202,0.0002,-0.9027,0.464,-0.0207
2026-09-16T17:40:28Z,2026-09-16 17:39:47,SPXW,2026-09-21,C,7160.0,7607.1001,443.4,1.0,461.2,1.0,0.0,0.0,0.0,0.2585,0.9793,0.0002,-0.8652,0.4738,0.9585
2026-09-16T17:40:28Z,2026-09-16 17:39:47,SPXW,2026-09-21,P,7160.0,7607.1001,1.65,161.0,1.75,200.0,2.05,1.0,45.0,0.2539,-0.0207,0.0002,-0.9179,0.4738,-0.0212
2026-09-16T17:40:28Z,2026-09-16 17:39:47,SPXW,2026-09-21,C,7165.0,7607.1001,438.9,1.0,456.8,1.0,0.0,0.0,0.0,0.2666,0.9788,0.0002,-0.8815,0.484,0.9586
2026-09-16T17:40:28Z,2026-09-16 17:39:47,SPXW,2026-09-21,P,7165.0,7607.1001,1.7,107.0,1.8,225.0,1.95,1.0,1.0,0.2526,-0.0212,0.0002,-0.9336,0.4839,-0.0217
2026-09-16T17:40:28Z,2026-09-16 17:39:47,SPXW,2026-09-21,C,7170.0,7607.1001,433.4,3.0,452.0,1.0,445.62,0.0,1.0,0.2612,0.9782,0.0002,-0.8984,0.4945,0.9587
2026-09-16T17:40:28Z,2026-09-16 17:39:47,SPXW,2026-09-21,P,7170.0,7607.1001,1.75,88.0,1.85,285.0,2.05,6.0,55.0,0.2512,-0.0217,0.0002,-0.9502,0.4945,-0.0223
2026-09-16T17:40:28Z,2026-09-16 17:39:47,SPXW,2026-09-21,C,7175.0,7607.1001,428.3,1.0,446.4,1.0,440.67,0.0,25.0,0.2518,0.9777,0.0002,-0.9158,0.5054,0.9588
2026-09-16T17:40:28Z,2026-09-16 17:39:47,SPXW,2026-09-21,P,7175.0,7607.1001,1.75,184.0,1.85,39.0,1.85,2.0,141.0,0.2487,-0.0223,0.0002,-0.9667,0.5053,-0.0229
2026-09-16T17:40:28Z,2026-09-16 17:39:47,SPXW,2026-09-21,C,7180.0,7607.1001,423.5,1.0,441.4,1.0,0.0,0.0,0.0,0.2512,0.9771,0.0002,-0.9339,0.5165,0.9589
2026-09-16T17:40:28Z,2026-09-16 17:39:47,SPXW,2026-09-21,P,7180.0,7607.1001,1.8,172.0,1.9,40.0,3.6,0.0,157.0,0.2472,-0.0229,0.0002,-0.9842,0.5165,-0.0235
2026-09-16T17:40:28Z,2026-09-16 17:39:47,SPXW,2026-09-21,C,7185.0,7607.1001,419.1,1.0,437.6,1.0,0.0,0.0,0.0,0.2643,0.9765,0.0002,-0.9526,0.5281,0.9589
2026-09-16T17:40:28Z,2026-09-16 17:39:47,SPXW,2026-09-21,P,7185.0,7607.1001,1.85,154.0,1.95,67.0,2.03,16.0,4.0,0.2458,-0.0235,0.0002,-1.0022,0.528,-0.0241
2026-09-16T17:40:28Z,2026-09-16 17:39:47,SPXW,2026-09-21,C,7190.0,7607.1001,413.6,1.0,431.5,2.0,0.0,0.0,0.0,0.2479,0.9758,0.0003,-0.9719,0.5399,0.959
2026-09-16T17:40:28Z,2026-09-16 17:39:47,SPXW,2026-09-21,P,7190.0,7607.1001,1.9,167.0,2.0,116.0,4.0,0.0,157.0,0.2442,-0.0241,0.0003,-1.021,0.5399,-0.0248
2026-09-16T17:40:28Z,2026-09-16 17:39:47,SPXW,2026-09-21,C,7195.0,7607.1001,409.2,1.0,427.7,2.0,0.0,0.0,0.0,0.2604,0.9752,0.0003,-0.9919,0.5522,0.9589
2026-09-16T17:40:28Z,2026-09-16 17:39:47,SPXW,2026-09-21,P,7195.0,7607.1001,1.95,164.0,2.05,121.0,4.1,0.0,1.0,0.2427,-0.0248,0.0003,-1.0404,0.5521,-0.0255
2026-09-16T17:40:28Z,2026-09-16 17:39:47,SPXW,2026-09-21,C,7200.0,7607.1001,403.7,1.0,421.6,1.0,515.97,0.0,24.0,0.2445,0.9745,0.0003,-1.0126,0.5648,0.9589
2026-09-16T17:40:28Z,2026-09-16 17:39:47,SPXW,2026-09-21,P,7200.0,7607.1001,2.0,151.0,2.1,136.0,2.2,17.0,1031.0,0.2411,-0.0255,0.0003,-1.0605,0.5647,-0.0262
2026-09-16T17:40:28Z,2026-09-16 17:39:47,SPXW,2026-09-21,C,7205.0,7607.1001,399.1,1.0,417.4,1.0,0.0,0.0,0.0,0.2519,0.9738,0.0003,-1.034,0.5778,0.9588
2026-09-16T17:40:28Z,2026-09-16 17:39:47,SPXW,2026-09-21,P,7205.0,7607.1001,2.05,161.0,2.15,59.0,4.3,0.0,2.0,0.2395,-0.0262,0.0003,-1.0813,0.5778,-0.027
2026-09-16T17:40:28Z,2026-09-16 17:39:47,SPXW,2026-09-21,C,7210.0,7607.1001,393.8,1.0,411.8,1.0,0.0,0.0,0.0,0.2419,0.973,0.0003,-1.0563,0.5914,0.9588
2026-09-16T17:40:28Z,2026-09-16 17:39:47,SPXW,2026-09-21,P,7210.0,7607.1001,2.1,162.0,2.2,38.0,2.28,16.0,72.0,0.2379,-0.027,0.0003,-1.103,0.5913,-0.0277
2026-09-16T17:40:28Z,2026-09-16 17:39:47,SPXW,2026-09-21,C,7215.0,7607.1001,390.1,1.0,407.5,2.0,0.0,0.0,0.0,0.2545,0.9722,0.0003,-1.0792,0.6054,0.9586
2026-09-16T17:40:28Z,2026-09-16 17:39:47,SPXW,2026-09-21,P,7215.0,7607.1001,2.15,147.0,2.25,38.0,4.5,0.0,1.0,0.2362,-0.0277,0.0003,-1.1253,0.6053,-0.0285
2026-09-16T17:40:28Z,2026-09-16 17:39:47,SPXW,2026-09-21,C,7220.0,7607.1001,383.8,1.0,401.9,1.0,0.0,0.0,0.0,0.2375,0.9714,0.0003,-1.103,0.6199,0.9585
2026-09-16T17:40:28Z,2026-09-16 17:39:47,SPXW,2026-09-21,P,7220.0,7607.1001,2.25,75.0,2.35,265.0,4.4,0.0,81.0,0.2354,-0.0286,0.0003,-1.1485,0.6198,-0.0294
2026-09-16T17:40:28Z,2026-09-16 17:39:47,SPXW,2026-09-21,C,7225.0,7607.1001,379.3,1.0,397.6,1.0,0.0,0.0,0.0,0.2441,0.9706,0.0003,-1.1277,0.635,0.9583
2026-09-16T17:40:28Z,2026-09-16 17:39:47,SPXW,2026-09-21,P,7225.0,7607.1001,2.3,75.0,2.4,220.0,2.45,9.0,336.0,0.2336,-0.0294,0.0003,-1.1726,0.6349,-0.0302
2026-09-16T17:40:28Z,2026-09-16 17:39:47,SPXW,2026-09-21,C,7230.0,7607.1001,374.6,1.0,392.7,1.0,0.0,0.0,0.0,0.2442,0.9697,0.0003,-1.1532,0.6507,0.9581
2026-09-16T17:40:28Z,2026-09-16 17:39:47,SPXW,2026-09-21,P,7230.0,7607.1001,2.35,113.0,2.45,63.0,2.4,46.0,47.0,0.2319,-0.0303,0.0003,-1.1975,0.6507,-0.0311
2026-09-16T17:40:28Z,2026-09-16 17:39:47,SPXW,2026-09-21,C,7235.0,7607.1001,369.2,1.0,387.5,1.0,0.0,0.0,0.0,0.2372,0.9688,0.0003,-1.1796,0.6671,0.9578
2026-09-16T17:40:28Z,2026-09-16 17:39:47,SPXW,2026-09-21,P,7235.0,7607.1001,2.45,28.0,2.55,263.0,2.95,8.0,1.0,0.2309,-0.0312,0.0003,-1.2237,0.6671,-0.0321
2026-09-16T17:40:28Z,2026-09-16 17:39:47,SPXW,2026-09-21,C,7240.0,7607.1001,364.2,1.0,382.5,1.0,0.0,0.0,0.0,0.2345,0.9678,0.0004,-1.2069,0.6841,0.9575
2026-09-16T17:40:28Z,2026-09-16 17:39:47,SPXW,2026-09-21,P,7240.0,7607.1001,2.5,92.0,2.6,158.0,2.9,5.0,109.0,0.2291,-0.0322,0.0004,-1.25,0.684,-0.0331
2026-09-16T17:40:28Z,2026-09-16 17:39:47,SPXW,2026-09-21,C,7245.0,7607.1001,359.6,1.0,377.9,1.0,0.0,0.0,0.0,0.2373,0.9668,0.0004,-1.2351,0.7016,0.9571
2026-09-16T17:40:28Z,2026-09-16 17:39:47,SPXW,2026-09-21,P,7245.0,7607.1001,2.55,146.0,2.65,22.0,2.95,10.0,1.0,0.2276,-0.0332,0.0004,-1.2781,0.7016,-0.0342
2026-09-16T17:40:28Z,2026-09-16 17:39:47,SPXW,2026-09-21,C,7250.0,7607.1001,355.2,1.0,373.0,1.0,0.0,0.0,0.0,0.239,0.9657,0.0004,-1.2644,0.7198,0.9567
2026-09-16T17:40:28Z,2026-09-16 17:39:47,SPXW,2026-09-21,P,7250.0,7607.1001,2.65,105.0,2.75,157.0,2.8,29.0,737.0,0.2261,-0.0342,0.0004,-1.3068,0.7198,-0.0352
2026-09-16T17:40:28Z,2026-09-16 17:39:47,SPXW,2026-09-21,C,7255.0,7607.1001,350.5,1.0,368.4,1.0,0.0,0.0,0.0,0.2405,0.9646,0.0004,-1.2947,0.7385,0.9562
2026-09-16T17:40:28Z,2026-09-16 17:39:47,SPXW,2026-09-21,P,7255.0,7607.1001,2.75,70.0,2.8,11.0,2.75,127.0,2.0,0.2245,-0.0353,0.0004,-1.3365,0.7385,-0.0364
2026-09-16T17:40:28Z,2026-09-16 17:39:47,SPXW,2026-09-21,C,7260.0,7607.1001,344.4,1.0,362.5,1.0,0.0,0.0,0.0,0.225,0.9635,0.0004,-1.3261,0.7578,0.9557
2026-09-16T17:40:28Z,2026-09-16 17:39:47,SPXW,2026-09-21,P,7260.0,7607.1001,2.8,98.0,2.9,66.0,3.2,9.0,406.0,0.2229,-0.0365,0.0004,-1.3673,0.7578,-0.0376
2026-09-16T17:40:28Z,2026-09-16 17:39:47,SPXW,2026-09-21,C,7265.0,7607.1001,339.7,1.0,357.6,1.0,0.0,0.0,0.0,0.2249,0.9623,0.0004,-1.3586,0.7776,0.9551
2026-09-16T17:40:28Z,2026-09-16 17:39:47,SPXW,2026-09-21,P,7265.0,7607.1001,2.9,99.0,3.0,111.0,3.4,2.0,2.0,0.2216,-0.0377,0.0004,-1.3992,0.7776,-0.0389
2026-09-16T17:40:28Z,2026-09-16 17:39:47,SPXW,2026-09-21,C,7270.0,7607.1001,334.8,1.0,353.1,1.0,325.64,0.0,2.0,0.226,0.961,0.0004,-1.3922,0.798,0.9545
2026-09-16T17:40:28Z,2026-09-16 17:39:47,SPXW,2026-09-21,P,7270.0,7607.1001,3.0,67.0,3.1,143.0,3.3,9.0,325.0,0.2203,-0.039,0.0004,-1.4322,0.798,-0.0402
2026-09-16T17:40:28Z,2026-09-16 17:39:47,SPXW,2026-09-21,C,7275.0,7607.1001,330.7,1.0,348.3,1.0,0.0,0.0,0.0,0.2297,0.9597,0.0004,-1.4269,0.8192,0.9538
2026-09-16T17:40:28Z,2026-09-16 17:39:47,SPXW,2026-09-21,P,7275.0,7607.1001,3.1,61.0,3.2,152.0,3.2,14.0,554.0,0.2189,-0.0403,0.0004,-1.4664,0.8192,-0.0415
2026-09-16T17:40:28Z,2026-09-16 17:39:47,SPXW,2026-09-21,C,7280.0,7607.1001,324.9,1.0,342.9,2.0,0.0,0.0,0.0,0.2198,0.9584,0.0004,-1.4629,0.8411,0.9531
2026-09-16T17:40:28Z,2026-09-16 17:39:47,SPXW,2026-09-21,P,7280.0,7607.1001,3.2,61.0,3.3,138.0,3.5,13.0,321.0,0.2175,-0.0416,0.0004,-1.5018,0.8411,-0.043
2026-09-16T17:40:28Z,2026-09-16 17:39:47,SPXW,2026-09-21,C,7285.0,7607.1001,320.4,1.0,338.7,1.0,0.0,0.0,0.0,0.2245,0.9569,0.0005,-1.5,0.8638,0.9523
2026-09-16T17:40:28Z,2026-09-16 17:39:47,SPXW,2026-09-21,P,7285.0,7607.1001,3.3,93.0,3.4,71.0,6.7,0.0,2.0,0.216,-0.043,0.0005,-1.5383,0.8638,-0.0444
2026-09-16T17:40:28Z,2026-09-16 17:39:47,SPXW,2026-09-21,C,7290.0,7607.1001,315.5,1.0,333.8,1.0,0.0,0.0,0.0,0.2227,0.9554,0.0005,-1.5384,0.8874,0.9515
2026-09-16T17:40:28Z,2026-09-16 17:39:47,SPXW,2026-09-21,P,7290.0,7607.1001,3.4,100.0,3.5,31.0,5.9,0.0,288.0,0.2144,-0.0445,0.0005,-1.5761,0.8874,-0.046
2026-09-16T17:40:28Z,2026-09-16 17:39:47,SPXW,2026-09-21,C,7295.0,7607.1001,310.3,1.0,328.8,1.0,0.0,0.0,0.0,0.2188,0.9539,0.0005,-1.578,0.912,0.9506
2026-09-16T17:40:28Z,2026-09-16 17:39:47,SPXW,2026-09-21,P,7295.0,7607.1001,3.5,117.0,3.6,19.0,3.6,6.0,99.0,0.2134,-0.0461,0.0005,-1.6152,0.912,-0.0476
2026-09-16T17:40:28Z,2026-09-16 17:39:47,SPXW,2026-09-21,C,7300.0,7607.1001,305.4,2.0,323.4,2.0,0.0,0.0,0.0,0.2143,0.9522,0.0005,-1.6189,0.9375,0.9496
2026-09-16T17:40:28Z,2026-09-16 17:39:47,SPXW,2026-09-21,P,7300.0,7607.1001,3.6,133.0,3.8,185.0,3.7,12.0,790.0,0.2118,-0.0477,0.0005,-1.6555,0.9375,-0.0492
2026-09-16T17:40:28Z,2026-09-16 17:39:47,SPXW,2026-09-21,C,7305.0,7607.1001,300.6,1.0,318.9,1.0,0.0,0.0,0.0,0.2152,0.9506,0.0005,-1.6612,0.9638,0.9484
2026-09-16T17:40:28Z,2026-09-16 17:39:47,SPXW,2026-09-21,P,7305.0,7607.1001,3.8,19.0,3.9,119.0,4.27,19.0,83.0,0.2106,-0.0494,0.0005,-1.6971,0.9638,-0.051
2026-09-16T17:40:28Z,2026-09-16 17:39:47,SPXW,2026-09-21,C,7310.0,7607.1001,296.8,1.0,314.7,1.0,0.0,0.0,0.0,0.222,0.9488,0.0006,-1.7047,0.991,0.9473
2026-09-16T17:40:28Z,2026-09-16 17:39:47,SPXW,2026-09-21,P,7310.0,7607.1001,3.9,95.0,4.0,39.0,4.23,27.0,184.0,0.2089,-0.0512,0.0006,-1.7401,0.991,-0.0529
2026-09-16T17:40:28Z,2026-09-16 17:39:47,SPXW,2026-09-21,C,7315.0,7607.1001,290.9,1.0,308.9,2.0,0.0,0.0,0.0,0.2109,0.9469,0.0006,-1.7497,1.0188,0.946
2026-09-16T17:40:28Z,2026-09-16 17:39:47,SPXW,2026-09-21,P,7315.0,7607.1001,4.0,136.0,4.2,163.0,4.6,17.0,78.0,0.2076,-0.0531,0.0006,-1.7845,1.0188,-0.0549
2026-09-16T17:40:28Z,2026-09-16 17:39:47,SPXW,2026-09-21,C,7320.0,7607.1001,286.0,2.0,304.0,2.0,352.72,0.0,2.0,0.2089,0.945,0.0006,-1.7961,1.0474,0.9446
2026-09-16T17:40:28Z,2026-09-16 17:39:47,SPXW,2026-09-21,P,7320.0,7607.1001,4.2,103.0,4.3,56.0,4.9,33.0,168.0,0.2063,-0.055,0.0006,-1.8303,1.0474,-0.0569
2026-09-16T17:40:28Z,2026-09-16 17:39:47,SPXW,2026-09-21,C,7325.0,7607.1001,281.2,1.0,299.2,2.0,404.62,0.0,1.0,0.2079,0.943,0.0006,-1.8439,1.0767,0.9432
2026-09-16T17:40:28Z,2026-09-16 17:39:47,SPXW,2026-09-21,P,7325.0,7607.1001,4.3,118.0,4.5,151.0,4.6,72.0,364.0,0.2049,-0.057,0.0006,-1.8775,1.0767,-0.059
2026-09-16T17:40:28Z,2026-09-16 17:39:47,SPXW,2026-09-21,C,7330.0,7607.1001,276.4,1.0,294.4,2.0,311.44,0.0,30.0,0.2068,0.9408,0.0006,-1.8932,1.1069,0.9417
2026-09-16T17:40:28Z,2026-09-16 17:39:47,SPXW,2026-09-21,P,7330.0,7607.1001,4.5,85.0,4.6,22.0,4.7,27.0,337.0,0.2035,-0.0592,0.0006,-1.9262,1.1069,-0.0612
2026-09-16T17:40:28Z,2026-09-16 17:39:47,SPXW,2026-09-21,C,7335.0,7607.1001,271.7,1.0,289.6,2.0,0.0,0.0,0.0,0.2061,0.9386,0.0007,-1.9439,1.1381,0.9401
2026-09-16T17:40:28Z,2026-09-16 17:39:47,SPXW,2026-09-21,P,7335.0,7607.1001,4.7,62.0,4.8,93.0,4.9,21.0,139.0,0.2025,-0.0614,0.0007,-1.9764,1.1381,-0.0635
2026-09-16T17:40:28Z,2026-09-16 17:39:47,SPXW,2026-09-21,C,7340.0,7607.1001,266.8,2.0,286.6,1.0,0.0,0.0,0.0,0.212,0.9363,0.0007,-1.9961,1.1705,0.9384
2026-09-16T17:40:28Z,2026-09-16 17:39:47,SPXW,2026-09-21,P,7340.0,7607.1001,4.8,185.0,5.0,96.0,4.85,36.0,300.0,0.2009,-0.0637,0.0007,-2.028,1.1705,-0.0659
2026-09-16T17:40:28Z,2026-09-16 17:39:47,SPXW,2026-09-21,C,7345.0,7607.1001,262.0,2.0,280.0,2.0,0.0,0.0,0.0,0.2031,0.9339,0.0007,-2.0498,1.2041,0.9366
2026-09-16T17:40:28Z,2026-09-16 17:39:47,SPXW,2026-09-21,P,7345.0,7607.1001,5.0,122.0,5.2,115.0,5.5,17.0,92.0,0.1997,-0.0661,0.0007,-2.081,1.2041,-0.0684
2026-09-16T17:40:28Z,2026-09-16 17:39:47,SPXW,2026-09-21,C,7350.0,7607.1001,258.2,1.0,276.1,3.0,353.37,0.0,2.0,0.2093,0.9314,0.0007,-2.1049,1.2388,0.9346
2026-09-16T17:40:28Z,2026-09-16 17:39:47,SPXW,2026-09-21,P,7350.0,7607.1001,5.2,122.0,5.4,115.0,5.2,89.0,6696.0,0.1984,-0.0686,0.0007,-2.1356,1.2388,-0.071
2026-09-16T17:40:28Z,2026-09-16 17:39:47,SPXW,2026-09-21,C,7355.0,7607.1001,252.0,1.0,271.3,1.0,0.0,0.0,0.0,0.2023,0.9288,0.0008,-2.1616,1.2746,0.9325
2026-09-16T17:40:28Z,2026-09-16 17:39:47,SPXW,2026-09-21,P,7355.0,7607.1001,5.4,119.0,5.6,111.0,5.5,19.0,181.0,0.1971,-0.0712,0.0008,-2.1916,1.2746,-0.0738
2026-09-16T17:40:28Z,2026-09-16 17:39:47,SPXW,2026-09-21,C,7360.0,7607.1001,247.6,2.0,266.5,1.0,266.39,1.0,1.0,0.2022,0.926,0.0008,-2.2198,1.3113,0.9303
2026-09-16T17:40:28Z,2026-09-16 17:39:47,SPXW,2026-09-21,P,7360.0,7607.1001,5.7,22.0,5.8,90.0,6.41,41.0,6084.0,0.1961,-0.074,0.0008,-2.2492,1.3113,-0.0767
2026-09-16T17:40:28Z,2026-09-16 17:39:47,SPXW,2026-09-21,C,7365.0,7607.1001,242.7,1.0,260.9,2.0,0.0,0.0,0.0,0.1972,0.9231,0.0008,-2.2795,1.3488,0.928
2026-09-16T17:40:28Z,2026-09-16 17:39:47,SPXW,2026-09-21,P,7365.0,7607.1001,5.9,95.0,6.0,31.0,6.0,29.0,46.0,0.1946,-0.0768,0.0008,-2.3084,1.3488,-0.0797
2026-09-16T17:40:28Z,2026-09-16 17:39:47,SPXW,2026-09-21,C,7370.0,7607.1001,237.9,1.0,256.1,2.0,244.08,0.0,1.0,0.1956,0.9202,0.0008,-2.3407,1.387,0.9255
2026-09-16T17:40:28Z,2026-09-16 17:39:47,SPXW,2026-09-21,P,7370.0,7607.1001,6.1,101.0,6.3,108.0,6.15,157.0,207.0,0.1935,-0.0798,0.0008,-2.369,1.387,-0.0829
2026-09-16T17:40:28Z,2026-09-16 17:39:47,SPXW,2026-09-21,C,7375.0,7607.1001,233.2,1.0,251.4,1.0,224.95,0.0,1.0,0.1946,0.917,0.0009,-2.4035,1.4262,0.9229
2026-09-16T17:40:28Z,2026-09-16 17:39:47,SPXW,2026-09-21,P,7375.0,7607.1001,6.4,83.0,6.5,45.0,6.48,36.0,294.0,0.1922,-0.083,0.0009,-2.4312,1.4262,-0.0862
2026-09-16T17:40:28Z,2026-09-16 17:39:47,SPXW,2026-09-21,C,7380.0,7607.1001,228.2,1.0,246.7,2.0,242.25,0.0,3.0,0.1925,0.9138,0.0009,-2.4678,1.4664,0.9202
2026-09-16T17:40:28Z,2026-09-16 17:39:47,SPXW,2026-09-21,P,7380.0,7607.1001,6.7,27.0,6.8,107.0,6.65,242.0,254.0,0.1912,-0.0862,0.0009,-2.4949,1.4664,-0.0895
2026-09-16T17:40:28Z,2026-09-16 17:39:47,SPXW,2026-09-21,C,7385.0,7607.1001,223.7,1.0,242.0,2.0,231.29,1.0,1.0,0.192,0.9104,0.0009,-2.5336,1.5079,0.9174
2026-09-16T17:40:28Z,2026-09-16 17:39:47,SPXW,2026-09-21,P,7385.0,7607.1001,6.9,85.0,7.1,116.0,6.8,54.0,161.0,0.1898,-0.0896,0.0009,-2.5601,1.5079,-0.093
2026-09-16T17:40:28Z,2026-09-16 17:39:47,SPXW,2026-09-21,C,7390.0,7607.1001,219.0,1.0,237.3,2.0,0.0,0.0,0.0,0.1908,0.9068,0.001,-2.6009,1.5509,0.9144
2026-09-16T17:40:28Z,2026-09-16 17:39:47,SPXW,2026-09-21,P,7390.0,7607.1001,7.2,113.0,7.4,114.0,7.08,82.0,205.0,0.1887,-0.0932,0.001,-2.6268,1.5509,-0.0967
2026-09-16T17:40:28Z,2026-09-16 17:39:47,SPXW,2026-09-21,C,7395.0,7607.1001,214.5,1.0,232.6,1.0,0.0,0.0,0.0,0.1901,0.9031,0.001,-2.6696,1.5952,0.9112
2026-09-16T17:40:28Z,2026-09-16 17:39:47,SPXW,2026-09-21,P,7395.0,7607.1001,7.5,97.0,7.7,111.0,7.7,32.0,180.0,0.1874,-0.0969,0.001,-2.6949,1.5952,-0.1006
2026-09-16T17:40:28Z,2026-09-16 17:39:47,SPXW,2026-09-21,C,7400.0,7607.1001,209.2,1.0,229.0,1.0,224.97,0.0,5.0,0.1902,0.8992,0.001,-2.7397,1.6405,0.9078
2026-09-16T17:40:28Z,2026-09-16 17:39:47,SPXW,2026-09-21,P,7400.0,7607.1001,7.9,17.0,8.0,100.0,7.9,212.0,616.0,0.1864,-0.1007,0.001,-2.7644,1.6405,-0.1047
2026-09-16T17:40:28Z,2026-09-16 17:39:47,SPXW,2026-09-21,C,7405.0,7607.1001,207.4,1.0,221.1,1.0,0.0,0.0,0.0,0.1878,0.8952,0.0011,-2.8112,1.6866,0.9042
2026-09-16T17:40:28Z,2026-09-16 17:39:47,SPXW,2026-09-21,P,7405.0,7607.1001,8.2,72.0,8.3,25.0,8.24,121.0,123.0,0.185,-0.1048,0.0011,-2.8354,1.6866,-0.109
2026-09-16T17:40:28Z,2026-09-16 17:39:47,SPXW,2026-09-21,C,7410.0,7607.1001,203.4,1.0,216.8,1.0,0.0,0.0,0.0,0.1894,0.891,0.0011,-2.8841,1.7334,0.9004
2026-09-16T17:40:28Z,2026-09-16 17:39:47,SPXW,2026-09-21,P,7410.0,7607.1001,8.5,90.0,8.7,96.0,8.72,65.0,138.0,0.1841,-0.109,0.0011,-2.9077,1.7334,-0.1134
2026-09-16T17:40:28Z,2026-09-16 17:39:47,SPXW,2026-09-21,C,7415.0,7607.1001,198.7,1.0,212.0,1.0,0.0,0.0,0.0,0.1874,0.8866,0.0012,-2.9584,1.7809,0.8965
2026-09-16T17:40:28Z,2026-09-16 17:39:47,SPXW,2026-09-21,P,7415.0,7607.1001,8.9,44.0,9.1,98.0,9.07,16.0,90.0,0.1828,-0.1133,0.0012,-2.9814,1.7809,-0.118
2026-09-16T17:40:28Z,2026-09-16 17:39:47,SPXW,2026-09-21,C,7420.0,7607.1001,194.3,1.0,207.6,3.0,198.86,1.0,4.0,0.1872,0.8821,0.0012,-3.0339,1.8294,0.8924
2026-09-16T17:40:28Z,2026-09-16 17:39:47,SPXW,2026-09-21,P,7420.0,7607.1001,9.3,48.0,9.4,12.0,9.62,56.0,181.0,0.1816,-0.1179,0.0012,-3.0563,1.8294,-0.1228
2026-09-16T17:40:28Z,2026-09-16 17:39:47,SPXW,2026-09-21,C,7425.0,7607.1001,189.6,1.0,202.4,1.0,283.53,0.0,8.0,0.184,0.8773,0.0012,-3.1106,1.8791,0.8882
2026-09-16T17:40:28Z,2026-09-16 17:39:47,SPXW,2026-09-21,P,7425.0,7607.1001,9.7,42.0,9.9,92.0,9.6,31.0,844.0,0.1804,-0.1227,0.0012,-3.1325,1.8791,-0.1277
2026-09-16T17:40:28Z,2026-09-16 17:39:47,SPXW,2026-09-21,C,7430.0,7607.1001,185.0,1.0,198.2,1.0,216.94,0.0,32.0,0.1836,0.8724,0.0013,-3.1885,1.9303,0.8837
2026-09-16T17:40:28Z,2026-09-16 17:39:47,SPXW,2026-09-21,P,7430.0,7607.1001,10.1,79.0,10.3,90.0,10.58,20.0,404.0,0.1791,-0.1276,0.0013,-3.2097,1.9303,-0.1329
2026-09-16T17:40:28Z,2026-09-16 17:39:47,SPXW,2026-09-21,C,7435.0,7607.1001,180.5,1.0,193.6,1.0,0.0,0.0,0.0,0.1823,0.8672,0.0013,-3.2673,1.9828,0.879
2026-09-16T17:40:28Z,2026-09-16 17:39:47,SPXW,2026-09-21,P,7435.0,7607.1001,10.6,49.0,10.7,24.0,10.67,41.0,115.0,0.178,-0.1328,0.0013,-3.288,1.9828,-0.1383
2026-09-16T17:40:28Z,2026-09-16 17:39:47,SPXW,2026-09-21,C,7440.0,7607.1001,175.7,1.0,188.7,1.0,297.48,0.0,2.0,0.1794,0.8618,0.0014,-3.3472,2.0361,0.8739
2026-09-16T17:40:28Z,2026-09-16 17:39:47,SPXW,2026-09-21,P,7440.0,7607.1001,11.0,79.0,11.2,79.0,11.52,23.0,127.0,0.177,-0.1382,0.0014,-3.3672,2.0361,-0.144
2026-09-16T17:40:28Z,2026-09-16 17:39:47,SPXW,2026-09-21,C,7445.0,7607.1001,171.4,1.0,184.2,1.0,0.0,0.0,0.0,0.1787,0.8562,0.0014,-3.4278,2.0899,0.8686
2026-09-16T17:40:28Z,2026-09-16 17:39:47,SPXW,2026-09-21,P,7445.0,7607.1001,11.5,70.0,11.7,81.0,11.6,21.0,67.0,0.1756,-0.1438,0.0014,-3.4473,2.0899,-0.15
2026-09-16T17:40:28Z,2026-09-16 17:39:47,SPXW,2026-09-21,C,7450.0,7607.1001,167.0,1.0,180.1,1.0,161.57,0.0,26.0,0.1786,0.8504,0.0015,-3.5093,2.144,0.8631
2026-09-16T17:40:28Z,2026-09-16 17:39:47,SPXW,2026-09-21,P,7450.0,7607.1001,12.0,82.0,12.2,78.0,12.05,158.0,605.0,0.1746,-0.1496,0.0015,-3.5282,2.144,-0.1562
2026-09-16T17:40:28Z,2026-09-16 17:39:47,SPXW,2026-09-21,C,7455.0,7607.1001,162.5,1.0,175.2,1.0,160.32,0.0,2.0,0.1762,0.8443,0.0015,-3.5914,2.1985,0.8575
2026-09-16T17:40:28Z,2026-09-16 17:39:47,SPXW,2026-09-21,P,7455.0,7607.1001,12.6,43.0,12.7,21.0,12.92,12.0,71.0,0.1733,-0.1557,0.0015,-3.6097,2.1985,-0.1626
2026-09-16T17:40:28Z,2026-09-16 17:39:47,SPXW,2026-09-21,C,7460.0,7607.1001,157.8,1.0,170.8,1.0,153.02,0.0,22.0,0.1745,0.838,0.0016,-3.674,2.254,0.8516
2026-09-16T17:40:28Z,2026-09-16 17:39:47,SPXW,2026-09-21,P,7460.0,7607.1001,13.1,71.0,13.3,76.0,12.7,27.0,206.0,0.1723,-0.162,0.0016,-3.6917,2.254,-0.1691
2026-09-16T17:40:28Z,2026-09-16 17:39:47,SPXW,2026-09-21,C,7465.0,7607.1001,153.3,1.0,166.2,1.0,0.0,0.0,0.0,0.1726,0.8314,0.0016,-3.757,2.3106,0.8454
2026-09-16T17:40:28Z,2026-09-16 17:39:47,SPXW,2026-09-21,P,7465.0,7607.1001,13.7,69.0,13.9,78.0,13.43,15.0,177.0,0.171,-0.1686,0.0016,-3.7741,2.3106,-0.176
2026-09-16T17:40:28Z,2026-09-16 17:39:47,SPXW,2026-09-21,C,7470.0,7607.1001,148.1,1.0,162.4,1.0,141.51,0.0,2.0,0.1709,0.8246,0.0017,-3.8401,2.3683,0.8389
2026-09-16T17:40:28Z,2026-09-16 17:39:47,SPXW,2026-09-21,P,7470.0,7607.1001,14.3,68.0,14.5,40.0,14.81,101.0,205.0,0.17,-0.1754,0.0017,-3.8566,2.3683,-0.1832
2026-09-16T17:40:28Z,2026-09-16 17:39:47,SPXW,2026-09-21,C,7475.0,7607.1001,144.9,1.0,157.6,1.0,135.19,0.0,93.0,0.1712,0.8175,0.0017,-3.9232,2.4265,0.832
2026-09-16T17:40:28Z,2026-09-16 17:39:47,SPXW,2026-09-21,P,7475.0,7607.1001,15.0,46.0,15.1,9.0,14.7,92.0,475.0,0.1688,-0.1825,0.0017,-3.9391,2.4265,-0.1908
2026-09-16T17:40:28Z,2026-09-16 17:39:47,SPXW,2026-09-21,C,7480.0,7607.1001,140.6,1.0,153.3,1.0,201.53,0.0,5.0,0.1701,0.8101,0.0018,-4.006,2.4846,0.8248
2026-09-16T17:40:28Z,2026-09-16 17:39:47,SPXW,2026-09-21,P,7480.0,7607.1001,15.7,29.0,15.8,17.0,15.32,64.0,225.0,0.1676,-0.1899,0.0018,-4.0214,2.4846,-0.1986
2026-09-16T17:40:28Z,2026-09-16 17:39:47,SPXW,2026-09-21,C,7485.0,7607.1001,136.3,1.0,149.0,1.0,124.67,0.0,3.0,0.1689,0.8024,0.0018,-4.0885,2.5423,0.8174
2026-09-16T17:40:28Z,2026-09-16 17:39:47,SPXW,2026-09-21,P,7485.0,7607.1001,16.4,38.0,16.5,9.0,16.27,44.0,126.0,0.1666,-0.1975,0.0018,-4.1033,2.5423,-0.2067
2026-09-16T17:40:28Z,2026-09-16 17:39:47,SPXW,2026-09-21,C,7490.0,7607.1001,130.9,1.0,144.6,1.0,126.41,0.0,6.0,0.1652,0.7945,0.0019,-4.1704,2.5999,0.8098
2026-09-16T17:40:28Z,2026-09-16 17:39:47,SPXW,2026-09-21,P,7490.0,7607.1001,17.1,58.0,17.3,70.0,17.1,37.0,280.0,0.1653,-0.2055,0.0019,-4.1846,2.5999,-0.215
2026-09-16T17:40:28Z,2026-09-16 17:39:47,SPXW,2026-09-21,C,7495.0,7607.1001,126.7,3.0,140.4,1.0,132.32,1.0,3.0,0.1641,0.7862,0.002,-4.2514,2.658,0.8019
2026-09-16T17:40:28Z,2026-09-16 17:39:47,SPXW,2026-09-21,P,7495.0,7607.1001,17.9,32.0,18.1,70.0,18.39,52.0,404.0,0.1643,-0.2137,0.002,-4.265,2.658,-0.2236
2026-09-16T17:40:28Z,2026-09-16 17:39:47,SPXW,2026-09-21,C,7500.0,7607.1001,123.8,2.0,136.2,1.0,118.0,0.0,27.0,0.1653,0.7777,0.002,-4.3313,2.7166,0.7935
2026-09-16T17:40:28Z,2026-09-16 17:39:47,SPXW,2026-09-21,P,7500.0,7607.1001,18.7,31.0,18.9,70.0,19.27,904.0,1180.0,0.1631,-0.2223,0.002,-4.3443,2.7166,-0.2326
2026-09-16T17:40:28Z,2026-09-16 17:39:47,SPXW,2026-09-21,C,7505.0,7607.1001,119.0,3.0,132.0,1.0,111.77,0.0,10.0,0.1629,0.7688,0.0021,-4.4098,2.7754,0.7848
2026-09-16T17:40:28Z,2026-09-16 17:39:47,SPXW,2026-09-21,P,7505.0,7607.1001,19.6,21.0,19.7,15.0,19.16,33.0,99.0,0.1619,-0.2312,0.0021,-4.4222,2.7754,-0.2421
2026-09-16T17:40:28Z,2026-09-16 17:39:47,SPXW,2026-09-21,C,7510.0,7607.1001,115.5,3.0,128.0,1.0,120.76,5.0,7.0,0.163,0.7596,0.0021,-4.4865,2.8335,0.7756
2026-09-16T17:40:28Z,2026-09-16 17:39:47,SPXW,2026-09-21,P,7510.0,7607.1001,20.5,13.0,20.6,41.0,20.33,34.0,309.0,0.1608,-0.2403,0.0021,-4.4984,2.8335,-0.2519
2026-09-16T17:40:28Z,2026-09-16 17:39:47,SPXW,2026-09-21,C,7515.0,7607.1001,111.4,3.0,123.9,1.0,102.4,0.0,7.0,0.1617,0.7501,0.0022,-4.5613,2.8904,0.7662
2026-09-16T17:40:28Z,2026-09-16 17:39:47,SPXW,2026-09-21,P,7515.0,7607.1001,21.4,33.0,21.6,67.0,20.79,51.0,104.0,0.1598,-0.2498,0.0022,-4.5725,2.8904,-0.262
2026-09-16T17:40:28Z,2026-09-16 17:39:47,SPXW,2026-09-21,C,7520.0,7607.1001,111.8,2.0,114.3,2.0,112.76,5.0,20.0,0.1586,0.7403,0.0023,-4.6337,2.9461,0.7566
2026-09-16T17:40:28Z,2026-09-16 17:39:47,SPXW,2026-09-21,P,7520.0,7607.1001,22.4,9.0,22.5,39.0,23.13,165.0,768.0,0.1586,-0.2597,0.0023,-4.6444,2.9461,-0.2723
2026-09-16T17:40:28Z,2026-09-16 17:39:47,SPXW,2026-09-21,C,7525.0,7607.1001,107.8,2.0,110.4,3.0,94.22,0.0,62.0,0.1575,0.7301,0.0023,-4.7036,3.0012,0.7467
2026-09-16T17:40:28Z,2026-09-16 17:39:47,SPXW,2026-09-21,P,7525.0,7607.1001,23.4,23.0,23.6,59.0,24.0,63.0,347.0,0.1576,-0.2698,0.0023,-4.7136,3.0012,-0.2829
2026-09-16T17:40:28Z,2026-09-16 17:39:47,SPXW,2026-09-21,C,7530.0,7607.1001,105.1,6.0,105.4,7.0,90.67,0.0,16.0,0.1565,0.7196,0.0024,-4.7704,3.0559,0.7363
2026-09-16T17:40:28Z,2026-09-16 17:39:47,SPXW,2026-09-21,P,7530.0,7607.1001,24.4,35.0,24.6,38.0,24.44,27.0,236.0,0.1564,-0.2803,0.0024,-4.7799,3.0559,-0.294
2026-09-16T17:40:28Z,2026-09-16 17:39:47,SPXW,2026-09-21,C,7535.0,7607.1001,101.2,8.0,101.6,8.0,103.5,43.0,4.0,0.1552,0.7088,0.0024,-4.8338,3.1097,0.7253
2026-09-16T17:40:28Z,2026-09-16 17:39:47,SPXW,2026-09-21,P,7535.0,7607.1001,25.5,28.0,25.7,38.0,24.83,70.0,103.0,0.1552,-0.2912,0.0024,-4.8428,3.1097,-0.3056
2026-09-16T17:40:28Z,2026-09-16 17:39:47,SPXW,2026-09-21,C,7540.0,7607.1001,97.4,6.0,97.6,6.0,104.1,3.0,24.0,0.154,0.6976,0.0025,-4.8935,3.1617,0.714
2026-09-16T17:40:28Z,2026-09-16 17:39:47,SPXW,2026-09-21,P,7540.0,7607.1001,26.7,25.0,26.9,48.0,25.7,36.0,160.0,0.1542,-0.3024,0.0025,-4.9018,3.1617,-0.3176
2026-09-16T17:40:28Z,2026-09-16 17:39:47,SPXW,2026-09-21,C,7545.0,7607.1001,93.6,6.0,93.8,4.0,94.3,6.0,8.0,0.1528,0.6861,0.0026,-4.949,3.2113,0.7025
2026-09-16T17:40:28Z,2026-09-16 17:39:47,SPXW,2026-09-21,P,7545.0,7607.1001,27.9,25.0,28.1,47.0,27.4,73.0,117.0,0.1531,-0.3139,0.0026,-4.9567,3.2113,-0.3298
2026-09-16T17:40:28Z,2026-09-16 17:39:47,SPXW,2026-09-21,C,7550.0,7607.1001,89.8,11.0,90.0,3.0,88.69,12.0,34.0,0.1517,0.6742,0.0026,-5.0,3.2587,0.6907
2026-09-16T17:40:28Z,2026-09-16 17:39:47,SPXW,2026-09-21,P,7550.0,7607.1001,29.2,18.0,29.4,51.0,29.5,130.0,560.0,0.1519,-0.3258,0.0026,-5.0072,3.2587,-0.3423
2026-09-16T17:40:28Z,2026-09-16 17:39:47,SPXW,2026-09-21,C,7555.0,7607.1001,86.2,6.0,86.4,11.0,86.9,11.0,13.0,0.1506,0.662,0.0027,-5.0462,3.3043,0.6786
2026-09-16T17:40:28Z,2026-09-16 17:39:47,SPXW,2026-09-21,P,7555.0,7607.1001,30.5,25.0,30.7,46.0,29.75,36.0,190.0,0.1509,-0.338,0.0027,-5.0528,3.3043,-0.3551
2026-09-16T17:40:28Z,2026-09-16 17:39:47,SPXW,2026-09-21,C,7560.0,7607.1001,82.6,6.0,82.7,4.0,82.4,103.0,111.0,0.1493,0.6494,0.0027,-5.0871,3.348,0.6659
2026-09-16T17:40:28Z,2026-09-16 17:39:47,SPXW,2026-09-21,P,7560.0,7607.1001,31.9,18.0,32.1,49.0,32.6,57.0,273.0,0.1498,-0.3506,0.0027,-5.0931,3.348,-0.3685
2026-09-16T17:40:28Z,2026-09-16 17:39:47,SPXW,2026-09-21,C,7565.0,7607.1001,79.0,12.0,79.2,6.0,81.4,13.0,27.0,0.1483,0.6364,0.0028,-5.1222,3.3892,0.6526
2026-09-16T17:40:28Z,2026-09-16 17:39:47,SPXW,2026-09-21,P,7565.0,7607.1001,33.3,23.0,33.5,31.0,33.5,122.0,103.0,0.1486,-0.3635,0.0028,-5.1276,3.3892,-0.3824
2026-09-16T17:40:28Z,2026-09-16 17:39:47,SPXW,2026-09-21,C,7570.0,7607.1001,75.5,13.0,75.7,5.0,78.1,18.0,47.0,0.1472,0.6232,0.0028,-5.1511,3.427,0.6392
2026-09-16T17:40:28Z,2026-09-16 17:39:47,SPXW,2026-09-21,P,7570.0,7607.1001,34.8,30.0,35.0,7.0,34.82,183.0,236.0,0.1476,-0.3768,0.0028,-5.1559,3.427,-0.3966
2026-09-16T17:40:28Z,2026-09-16 17:39:47,SPXW,2026-09-21,C,7575.0,7607.1001,72.1,8.0,72.3,7.0,75.8,28.0,73.0,0.1462,0.6096,0.0029,-5.1736,3.4611,0.6256
2026-09-16T17:40:28Z,2026-09-16 17:39:47,SPXW,2026-09-21,P,7575.0,7607.1001,36.4,28.0,36.6,31.0,35.0,51.0,568.0,0.1464,-0.3904,0.0029,-5.1778,3.4611,-0.4109
2026-09-16T17:40:28Z,2026-09-16 17:39:47,SPXW,2026-09-21,C,7580.0,7607.1001,68.7,16.0,68.9,5.0,71.97,30.0,109.0,0.145,0.5956,0.003,-5.1892,3.4919,0.6116
2026-09-16T17:40:28Z,2026-09-16 17:39:47,SPXW,2026-09-21,P,7580.0,7607.1001,38.1,7.0,38.2,6.0,38.18,107.0,386.0,0.1454,-0.4044,0.003,-5.1928,3.4919,-0.4255
2026-09-16T17:40:28Z,2026-09-16 17:39:47,SPXW,2026-09-21,C,7585.0,7607.1001,65.4,17.0,65.6,6.0,67.23,25.0,465.0,0.144,0.5814,0.003,-5.1976,3.5194,0.597
2026-09-16T17:40:28Z,2026-09-16 17:39:47,SPXW,2026-09-21,P,7585.0,7607.1001,39.8,11.0,39.9,6.0,38.2,55.0,204.0,0.1443,-0.4186,0.003,-5.2007,3.5194,-0.4408
2026-09-16T17:40:28Z,2026-09-16 17:39:47,SPXW,2026-09-21,C,7590.0,7607.1001,62.2,17.0,62.4,26.0,67.2,34.0,111.0,0.1428,0.5668,0.003,-5.1984,3.543,0.582
2026-09-16T17:40:28Z,2026-09-16 17:39:47,SPXW,2026-09-21,P,7590.0,7607.1001,41.5,20.0,41.7,9.0,41.0,92.0,344.0,0.1432,-0.4332,0.003,-5.2008,3.543,-0.4565
2026-09-16T17:40:28Z,2026-09-16 17:39:47,SPXW,2026-09-21,C,7595.0,7607.1001,59.0,18.0,59.3,27.0,64.4,57.0,66.0,0.1419,0.5518,0.0031,-5.191,3.5621,0.5668
2026-09-16T17:40:28Z,2026-09-16 17:39:47,SPXW,2026-09-21,P,7595.0,7607.1001,43.4,12.0,43.5,6.0,42.3,91.0,230.0,0.142,-0.4481,0.0031,-5.1929,3.5621,-0.4724
2026-09-16T17:40:28Z,2026-09-16 17:39:47,SPXW,2026-09-21,C,7600.0,7607.1001,56.0,11.0,56.2,39.0,56.7,282.0,355.0,0.1407,0.5366,0.0031,-5.1755,3.5764,0.5515
2026-09-16T17:40:28Z,2026-09-16 17:39:47,SPXW,2026-09-21,P,7600.0,7607.1001,45.3,13.0,45.5,35.0,45.22,698.0,889.0,0.141,-0.4633,0.0031,-5.1768,3.5764,-0.4884
2026-09-16T17:40:28Z,2026-09-16 17:39:47,SPXW,2026-09-21,C,7605.0,7607.1001,53.0,11.0,53.2,39.0,54.6,151.0,110.0,0.1396,0.5212,0.0032,-5.1516,3.5859,0.5358
2026-09-16T17:40:28Z,2026-09-16 17:39:47,SPXW,2026-09-21,P,7605.0,7607.1001,47.3,12.0,47.5,35.0,47.5,78.0,115.0,0.1399,-0.4788,0.0032,-5.1522,3.5859,-0.5047
2026-09-16T17:40:28Z,2026-09-16 17:39:47,SPXW,2026-09-21,C,7610.0,7607.1001,50.0,18.0,50.3,36.0,51.5,266.0,110.0,0.1386,0.5054,0.0032,-5.1188,3.5904,0.5196
2026-09-16T17:40:28Z,2026-09-16 17:39:47,SPXW,2026-09-21,P,7610.0,7607.1001,49.4,9.0,49.6,37.0,49.4,167.0,192.0,0.1388,-0.4946,0.0032,-5.1189,3.5904,-0.5216
2026-09-16T17:40:28Z,2026-09-16 17:39:47,SPXW,2026-09-21,C,7615.0,7607.1001,47.2,17.0,47.4,28.0,47.5,131.0,74.0,0.1375,0.4894,0.0032,-5.077,3.5896,0.503
2026-09-16T17:40:28Z,2026-09-16 17:39:47,SPXW,2026-09-21,P,7615.0,7607.1001,51.5,13.0,51.7,6.0,51.99,124.0,98.0,0.1378,-0.5106,0.0032,-5.0765,3.5896,-0.5389
2026-09-16T17:40:28Z,2026-09-16 17:39:47,SPXW,2026-09-21,C,7620.0,7607.1001,44.4,19.0,44.7,38.0,46.5,246.0,160.0,0.1364,0.4732,0.0032,-5.026,3.5832,0.4865
2026-09-16T17:40:28Z,2026-09-16 17:39:47,SPXW,2026-09-21,P,7620.0,7607.1001,53.8,6.0,54.0,42.0,52.4,114.0,162.0,0.1366,-0.5268,0.0032,-5.0249,3.5832,-0.5561
2026-09-16T17:40:28Z,2026-09-16 17:39:47,SPXW,2026-09-21,C,7625.0,7607.1001,41.8,12.0,42.0,41.0,42.8,91.0,140.0,0.1353,0.4567,0.0032,-4.9659,3.5712,0.4699
2026-09-16T17:40:28Z,2026-09-16 17:39:47,SPXW,2026-09-21,P,7625.0,7607.1001,56.1,9.0,56.3,32.0,55.5,125.0,446.0,0.1356,-0.5432,0.0032,-4.9642,3.5712,-0.5734
2026-09-16T17:40:28Z,2026-09-16 17:39:47,SPXW,2026-09-21,C,7630.0,7607.1001,39.2,13.0,39.4,43.0,40.5,29.0,156.0,0.1342,0.4401,0.0032,-4.8966,3.553,0.4528
2026-09-16T17:40:28Z,2026-09-16 17:39:47,SPXW,2026-09-21,P,7630.0,7607.1001,58.5,12.0,58.7,15.0,56.3,51.0,412.0,0.1347,-0.5598,0.0032,-4.8943,3.553,-0.5911
2026-09-16T17:40:28Z,2026-09-16 17:39:47,SPXW,2026-09-21,C,7635.0,7607.1001,36.7,20.0,36.9,37.0,36.7,67.0,182.0,0.1331,0.4234,0.0032,-4.818,3.5284,0.4354
2026-09-16T17:40:28Z,2026-09-16 17:39:47,SPXW,2026-09-21,P,7635.0,7607.1001,61.0,6.0,61.2,14.0,59.53,41.0,324.0,0.1336,-0.5766,0.0032,-4.8151,3.5284,-0.6092
2026-09-16T17:40:28Z,2026-09-16 17:39:47,SPXW,2026-09-21,C,7640.0,7607.1001,34.3,13.0,34.5,40.0,34.53,71.0,254.0,0.1321,0.4065,0.0032,-4.73,3.4976,0.4181
2026-09-16T17:40:28Z,2026-09-16 17:39:47,SPXW,2026-09-21,P,7640.0,7607.1001,63.6,5.0,63.8,32.0,62.0,19.0,285.0,0.1325,-0.5935,0.0032,-4.7266,3.4976,-0.6272
2026-09-16T17:40:28Z,2026-09-16 17:39:47,SPXW,2026-09-21,C,7645.0,7607.1001,31.9,28.0,32.1,31.0,33.2,64.0,127.0,0.1311,0.3896,0.0032,-4.6332,3.4611,0.4009
2026-09-16T17:40:28Z,2026-09-16 17:39:47,SPXW,2026-09-21,P,7645.0,7607.1001,66.2,13.0,66.4,6.0,61.3,20.0,61.0,0.1314,-0.6104,0.0032,-4.6291,3.4611,-0.6451
2026-09-16T17:40:28Z,2026-09-16 17:39:47,SPXW,2026-09-21,C,7650.0,7607.1001,29.7,24.0,29.9,35.0,29.77,324.0,397.0,0.13,0.3726,0.0032,-4.5276,3.4179,0.3835
2026-09-16T17:40:28Z,2026-09-16 17:39:47,SPXW,2026-09-21,P,7650.0,7607.1001,69.0,7.0,69.2,8.0,70.0,104.0,826.0,0.1304,-0.6274,0.0032,-4.523,3.4179,-0.6632
2026-09-16T17:40:28Z,2026-09-16 17:39:47,SPXW,2026-09-21,C,7655.0,7607.1001,27.6,12.0,27.8,53.0,28.5,47.0,180.0,0.129,0.3556,0.0032,-4.4135,3.3674,0.3658
2026-09-16T17:40:28Z,2026-09-16 17:39:47,SPXW,2026-09-21,P,7655.0,7607.1001,71.9,4.0,72.1,12.0,73.8,22.0,52.0,0.1294,-0.6444,0.0032,-4.4082,3.3674,-0.6816
2026-09-16T17:40:28Z,2026-09-16 17:39:47,SPXW,2026-09-21,C,7660.0,7607.1001,25.5,26.0,25.7,41.0,26.5,78.0,220.0,0.128,0.3387,0.0032,-4.2911,3.3107,0.3483
2026-09-16T17:40:28Z,2026-09-16 17:39:47,SPXW,2026-09-21,P,7660.0,7607.1001,74.8,5.0,75.0,8.0,74.4,12.0,187.0,0.1283,-0.6613,0.0032,-4.2853,3.3107,-0.6997
2026-09-16T17:40:28Z,2026-09-16 17:39:47,SPXW,2026-09-21,C,7665.0,7607.1001,23.6,11.0,23.8,56.0,25.9,31.0,116.0,0.1269,0.3218,0.0031,-4.161,3.2487,0.3312
2026-09-16T17:40:28Z,2026-09-16 17:39:47,SPXW,2026-09-21,P,7665.0,7607.1001,77.9,3.0,78.1,11.0,77.8,10.0,82.0,0.1273,-0.6782,0.0031,-4.1546,3.2487,-0.7175
2026-09-16T17:40:28Z,2026-09-16 17:39:47,SPXW,2026-09-21,C,7670.0,7607.1001,21.7,32.0,21.9,44.0,21.4,46.0,335.0,0.126,0.3051,0.0031,-4.0239,3.1803,0.314
2026-09-16T17:40:28Z,2026-09-16 17:39:47,SPXW,2026-09-21,P,7670.0,7607.1001,81.0,2.0,81.2,10.0,82.2,24.0,217.0,0.1263,-0.6949,0.0031,-4.0169,3.1803,-0.7355
2026-09-16T17:40:28Z,2026-09-16 17:39:47,SPXW,2026-09-21,C,7675.0,7607.1001,20.0,7.0,20.1,33.0,20.2,52.0,257.0,0.1249,0.2885,0.003,-3.8801,3.1046,0.2967
2026-09-16T17:40:28Z,2026-09-16 17:39:47,SPXW,2026-09-21,P,7675.0,7607.1001,84.0,8.0,84.4,6.0,82.91,18.0,598.0,0.1251,-0.7114,0.003,-3.8725,3.1046,-0.7534
2026-09-16T17:40:28Z,2026-09-16 17:39:47,SPXW,2026-09-21,C,7680.0,7607.1001,18.3,29.0,18.5,52.0,18.4,218.0,346.0,0.124,0.2722,0.003,-3.7302,3.0235,0.2799
2026-09-16T17:40:28Z,2026-09-16 17:39:47,SPXW,2026-09-21,P,7680.0,7607.1001,87.4,8.0,87.7,6.0,84.53,39.0,111.0,0.1243,-0.7278,0.003,-3.722,3.0235,-0.7709
2026-09-16T17:40:28Z,2026-09-16 17:39:47,SPXW,2026-09-21,C,7685.0,7607.1001,16.7,37.0,16.9,47.0,17.84,77.0,135.0,0.1231,0.2561,0.0029,-3.5751,2.9383,0.2635
2026-09-16T17:40:28Z,2026-09-16 17:39:47,SPXW,2026-09-21,P,7685.0,7607.1001,89.8,3.0,92.3,3.0,79.6,6.0,35.0,0.123,-0.7438,0.0029,-3.5664,2.9383,-0.788
2026-09-16T17:40:28Z,2026-09-16 17:39:47,SPXW,2026-09-21,C,7690.0,7607.1001,15.2,38.0,15.4,56.0,15.4,168.0,291.0,0.1221,0.2404,0.0028,-3.4156,2.8474,0.2471
2026-09-16T17:40:28Z,2026-09-16 17:39:47,SPXW,2026-09-21,P,7690.0,7607.1001,90.3,4.0,98.9,4.0,87.58,16.0,184.0,0.1221,-0.7596,0.0028,-3.4062,2.8474,-0.805
2026-09-16T17:40:28Z,2026-09-16 17:39:47,SPXW,2026-09-21,C,7695.0,7607.1001,13.8,66.0,14.0,56.0,14.84,111.0,153.0,0.1211,0.2249,0.0027,-3.2524,2.7503,0.231
2026-09-16T17:40:28Z,2026-09-16 17:39:47,SPXW,2026-09-21,P,7695.0,7607.1001,93.5,4.0,102.3,4.0,98.36,0.0,60.0,0.12,-0.775,0.0027,-3.2424,2.7503,-0.8218
2026-09-16T17:40:28Z,2026-09-16 17:39:47,SPXW,2026-09-21,C,7700.0,7607.1001,12.5,68.0,12.7,46.0,12.9,1034.0,3866.0,0.1202,0.2099,0.0026,-3.0864,2.6499,0.2157
2026-09-16T17:40:28Z,2026-09-16 17:39:47,SPXW,2026-09-21,P,7700.0,7607.1001,99.8,3.0,103.8,3.0,101.61,6.0,3410.0,0.1198,-0.7901,0.0026,-3.0758,2.6499,-0.8378
2026-09-16T17:40:28Z,2026-09-16 17:39:47,SPXW,2026-09-21,C,7705.0,7607.1001,11.3,72.0,11.5,47.0,11.67,46.0,250.0,0.1193,0.1953,0.0026,-2.9186,2.5468,0.2007
2026-09-16T17:40:28Z,2026-09-16 17:39:47,SPXW,2026-09-21,P,7705.0,7607.1001,101.2,2.0,109.2,4.0,102.03,2.0,52.0,0.1174,-0.8047,0.0026,-2.9075,2.5468,-0.8536
2026-09-16T17:40:28Z,2026-09-16 17:39:47,SPXW,2026-09-21,C,7710.0,7607.1001,10.2,48.0,10.4,69.0,10.8,547.0,283.0,0.1186,0.1811,0.0025,-2.75,2.4392,0.1859
2026-09-16T17:40:28Z,2026-09-16 17:39:47,SPXW,2026-09-21,P,7710.0,7607.1001,104.9,3.0,113.6,3.0,110.14,10.0,132.0,0.1172,-0.8189,0.0025,-2.7383,2.4392,-0.869
2026-09-16T17:40:28Z,2026-09-16 17:39:47,SPXW,2026-09-21,C,7715.0,7607.1001,9.2,22.0,9.3,44.0,9.52,77.0,629.0,0.1177,0.1675,0.0024,-2.5816,2.3282,0.1718
2026-09-16T17:40:28Z,2026-09-16 17:39:47,SPXW,2026-09-21,P,7715.0,7607.1001,106.1,3.0,119.8,3.0,115.32,3.0,23.0,0.1151,-0.8325,0.0024,-2.5694,2.3282,-0.8838
2026-09-16T17:40:28Z,2026-09-16 17:39:47,SPXW,2026-09-21,C,7720.0,7607.1001,8.2,78.0,8.4,78.0,8.4,119.0,439.0,0.1169,0.1543,0.0022,-2.4145,2.2168,0.1584
2026-09-16T17:40:28Z,2026-09-16 17:39:47,SPXW,2026-09-21,P,7720.0,7607.1001,110.7,1.0,124.0,3.0,109.46,5.0,168.0,0.1158,-0.8456,0.0022,-2.4016,2.2168,-0.8978
2026-09-16T17:40:28Z,2026-09-16 17:39:47,SPXW,2026-09-21,C,7725.0,7607.1001,7.3,81.0,7.5,66.0,7.4,131.0,1559.0,0.116,0.1418,0.0021,-2.2497,2.1041,0.1454
2026-09-16T17:40:28Z,2026-09-16 17:39:47,SPXW,2026-09-21,P,7725.0,7607.1001,114.2,1.0,128.1,3.0,111.43,85.0,409.0,0.1134,-0.8582,0.0021,-2.2363,2.1041,-0.9116
2026-09-16T17:40:28Z,2026-09-16 17:39:47,SPXW,2026-09-21,C,7730.0,7607.1001,6.5,85.0,6.7,74.0,7.0,68.0,750.0,0.1153,0.1299,0.002,-2.0883,1.9893,0.133
2026-09-16T17:40:28Z,2026-09-16 17:39:47,SPXW,2026-09-21,P,7730.0,7607.1001,118.4,1.0,131.5,2.0,139.53,0.0,144.0,0.1103,-0.8701,0.002,-2.0743,1.9893,-0.9246
2026-09-16T17:40:28Z,2026-09-16 17:39:47,SPXW,2026-09-21,C,7735.0,7607.1001,5.8,59.0,6.0,91.0,6.22,108.0,776.0,0.1145,0.1185,0.0019,-1.9312,1.8752,0.1215
2026-09-16T17:40:28Z,2026-09-16 17:39:47,SPXW,2026-09-21,P,7735.0,7607.1001,122.5,1.0,136.5,3.0,125.5,4.0,26.0,0.1109,-0.8814,0.0019,-1.9166,1.8752,-0.9368
2026-09-16T17:40:28Z,2026-09-16 17:39:47,SPXW,2026-09-21,C,7740.0,7607.1001,5.1,100.0,5.3,87.0,5.15,80.0,835.0,0.1139,0.1079,0.0018,-1.7795,1.7632,0.1105
2026-09-16T17:40:28Z,2026-09-16 17:39:47,SPXW,2026-09-21,P,7740.0,7607.1001,126.8,3.0,140.9,3.0,131.48,19.0,208.0,0.11,-0.8921,0.0018,-1.7642,1.7632,-0.9485
2026-09-16T17:40:28Z,2026-09-16 17:39:47,SPXW,2026-09-21,C,7745.0,7607.1001,4.5,108.0,4.7,93.0,4.69,77.0,182.0,0.1132,0.0979,0.0017,-1.634,1.6516,0.1
2026-09-16T17:40:28Z,2026-09-16 17:39:47,SPXW,2026-09-21,P,7745.0,7607.1001,132.0,1.0,145.3,3.0,154.92,0.0,31.0,0.1118,-0.9021,0.0017,-1.6182,1.6516,-0.9596
2026-09-16T17:40:28Z,2026-09-16 17:39:47,SPXW,2026-09-21,C,7750.0,7607.1001,4.0,78.0,4.1,76.0,4.15,334.0,1413.0,0.1125,0.0886,0.0016,-1.4954,1.5422,0.0906
2026-09-16T17:40:28Z,2026-09-16 17:39:47,SPXW,2026-09-21,P,7750.0,7607.1001,141.2,2.0,145.7,2.0,141.31,10.0,324.0,0.1135,-0.9114,0.0016,-1.479,1.5422,-0.9698
2026-09-16T17:40:28Z,2026-09-16 17:39:47,SPXW,2026-09-21,C,7755.0,7607.1001,3.5,114.0,3.7,145.0,4.14,43.0,261.0,0.1118,0.0799,0.0015,-1.3644,1.4369,0.0817
2026-09-16T17:40:28Z,2026-09-16 17:39:47,SPXW,2026-09-21,P,7755.0,7607.1001,140.8,1.0,154.2,3.0,115.64,0.0,7.0,0.1095,-0.9201,0.0015,-1.3474,1.4369,-0.9794
2026-09-16T17:40:28Z,2026-09-16 17:39:47,SPXW,2026-09-21,C,7760.0,7607.1001,3.1,41.0,3.2,119.0,3.7,146.0,407.0,0.1116,0.0719,0.0014,-1.2416,1.3352,0.0734
2026-09-16T17:40:28Z,2026-09-16 17:39:47,SPXW,2026-09-21,P,7760.0,7607.1001,145.4,1.0,159.2,3.0,143.31,14.0,107.0,0.1107,-0.928,0.0014,-1.224,1.3352,-0.9884
2026-09-16T17:40:28Z,2026-09-16 17:39:47,SPXW,2026-09-21,C,7765.0,7607.1001,2.7,90.0,2.8,50.0,2.95,276.0,637.0,0.111,0.0646,0.0013,-1.1272,1.237,0.0659
2026-09-16T17:40:28Z,2026-09-16 17:39:47,SPXW,2026-09-21,P,7765.0,7607.1001,150.0,1.0,163.4,3.0,93.24,0.0,3.0,0.1082,-0.9353,0.0013,-1.1091,1.237,-0.9965
2026-09-16T17:40:28Z,2026-09-16 17:39:47,SPXW,2026-09-21,C,7770.0,7607.1001,2.4,18.0,2.45,8.0,2.85,304.0,237.0,0.1105,0.058,0.0012,-1.0216,1.1443,0.0592
2026-09-16T17:40:28Z,2026-09-16 17:39:47,SPXW,2026-09-21,P,7770.0,7607.1001,154.6,1.0,168.3,1.0,150.4,2.0,30.0,0.1085,-0.942,0.0012,-1.0028,1.1443,-1.0039
2026-09-16T17:40:28Z,2026-09-16 17:39:47,SPXW,2026-09-21,C,7775.0,7607.1001,2.1,19.0,2.15,8.0,2.08,120.0,1206.0,0.1104,0.052,0.0011,-0.9248,1.0571,0.0529
2026-09-16T17:40:28Z,2026-09-16 17:39:47,SPXW,2026-09-21,P,7775.0,7607.1001,159.3,1.0,172.4,3.0,191.34,0.0,142.0,0.1045,-0.948,0.0011,-0.9054,1.0571,-1.0109
2026-09-16T17:40:28Z,2026-09-16 17:39:47,SPXW,2026-09-21,C,7780.0,7607.1001,1.8,145.0,1.9,25.0,1.95,60.0,488.0,0.1099,0.0466,0.001,-0.8366,0.975,0.0474
2026-09-16T17:40:28Z,2026-09-16 17:39:47,SPXW,2026-09-21,P,7780.0,7607.1001,164.1,1.0,177.3,1.0,171.17,1.0,27.0,0.1051,-0.9534,0.001,-0.8167,0.975,-1.0171
2026-09-16T17:40:28Z,2026-09-16 17:39:47,SPXW,2026-09-21,C,7785.0,7607.1001,1.6,43.0,1.7,154.0,1.75,210.0,411.0,0.1101,0.0418,0.0009,-0.7569,0.8986,0.0425
2026-09-16T17:40:28Z,2026-09-16 17:39:47,SPXW,2026-09-21,P,7785.0,7607.1001,168.2,1.0,181.6,1.0,0.0,0.0,0.0,0.0943,-0.9582,0.0009,-0.7364,0.8986,-1.0227
2026-09-16T17:40:28Z,2026-09-16 17:39:47,SPXW,2026-09-21,C,7790.0,7607.1001,1.4,54.0,1.5,153.0,1.49,106.0,324.0,0.11,0.0375,0.0008,-0.6853,0.8283,0.038
2026-09-16T17:40:28Z,2026-09-16 17:39:47,SPXW,2026-09-21,P,7790.0,7607.1001,173.4,1.0,186.4,1.0,180.06,1.0,76.0,0.0966,-0.9625,0.0008,-0.6642,0.8283,-1.0278
2026-09-16T17:40:28Z,2026-09-16 17:39:47,SPXW,2026-09-21,C,7795.0,7607.1001,1.2,272.0,1.3,24.0,1.25,208.0,427.0,0.1095,0.0336,0.0008,-0.6214,0.7637,0.0341
2026-09-16T17:40:28Z,2026-09-16 17:39:47,SPXW,2026-09-21,P,7795.0,7607.1001,178.1,1.0,191.5,1.0,0.0,0.0,0.0,0.0966,-0.9663,0.0008,-0.5997,0.7637,-1.0324
2026-09-16T17:40:28Z,2026-09-16 17:39:47,SPXW,2026-09-21,C,7800.0,7607.1001,1.05,322.0,1.15,28.0,1.1,301.0,1204.0,0.1095,0.0303,0.0007,-0.5646,0.7046,0.0307
2026-09-16T17:40:28Z,2026-09-16 17:39:47,SPXW,2026-09-21,P,7800.0,7607.1001,182.7,1.0,196.1,2.0,192.01,5.0,476.0,0.0846,-0.9697,0.0007,-0.5423,0.7046,-1.0365
2026-09-16T17:40:28Z,2026-09-16 17:39:47,SPXW,2026-09-21,C,7805.0,7607.1001,0.95,181.0,1.05,135.0,1.05,341.0,349.0,0.1102,0.0273,0.0006,-0.5143,0.6509,0.0277
2026-09-16T17:40:28Z,2026-09-16 17:39:47,SPXW,2026-09-21,P,7805.0,7607.1001,188.2,1.0,201.0,1.0,0.0,0.0,0.0,0.0953,-0.9726,0.0006,-0.4915,0.6509,-1.0402
2026-09-16T17:40:28Z,2026-09-16 17:39:47,SPXW,2026-09-21,C,7810.0,7607.1001,0.85,182.0,0.9,8.0,0.93,190.0,532.0,0.1101,0.0247,0.0006,-0.4701,0.6024,0.025
2026-09-16T17:40:28Z,2026-09-16 17:39:47,SPXW,2026-09-21,P,7810.0,7607.1001,193.1,1.0,205.9,1.0,202.02,1.0,5.0,0.0937,-0.9752,0.0006,-0.4466,0.6024,-1.0435
2026-09-16T17:40:28Z,2026-09-16 17:39:47,SPXW,2026-09-21,C,7815.0,7607.1001,0.75,216.0,0.85,171.0,0.8,54.0,510.0,0.1109,0.0225,0.0005,-0.4313,0.5588,0.0227
2026-09-16T17:40:28Z,2026-09-16 17:39:47,SPXW,2026-09-21,P,7815.0,7607.1001,198.0,1.0,211.0,3.0,0.0,0.0,0.0,0.0959,-0.9775,0.0005,-0.4072,0.5588,-1.0466
2026-09-16T17:40:28Z,2026-09-16 17:39:47,SPXW,2026-09-21,C,7820.0,7607.1001,0.65,350.0,0.75,81.0,0.75,61.0,592.0,0.1109,0.0205,0.0005,-0.3972,0.5195,0.0207
2026-09-16T17:40:28Z,2026-09-16 17:39:47,SPXW,2026-09-21,P,7820.0,7607.1001,202.9,1.0,214.4,2.0,232.58,0.0,13.0,0.0,-0.9795,0.0005,-0.3726,0.5195,-1.0493
2026-09-16T17:40:28Z,2026-09-16 17:39:47,SPXW,2026-09-21,C,7825.0,7607.1001,0.6,225.0,0.7,165.0,0.67,87.0,646.0,0.1118,0.0188,0.0004,-0.3674,0.4842,0.0189
2026-09-16T17:40:28Z,2026-09-16 17:39:47,SPXW,2026-09-21,P,7825.0,7607.1001,207.2,1.0,220.8,1.0,215.58,2.0,9.0,0.0,-0.9812,0.0004,-0.3422,0.4842,-1.0517
2026-09-16T17:40:28Z,2026-09-16 17:39:47,SPXW,2026-09-21,C,7830.0,7607.1001,0.55,224.0,0.65,222.0,0.58,44.0,429.0,0.1127,0.0172,0.0004,-0.3414,0.4526,0.0174
2026-09-16T17:40:28Z,2026-09-16 17:39:47,SPXW,2026-09-21,P,7830.0,7607.1001,209.1,1.0,228.0,1.0,0.0,0.0,0.0,0.0,-0.9827,0.0004,-0.3156,0.4526,-1.0539
2026-09-16T17:40:28Z,2026-09-16 17:39:47,SPXW,2026-09-21,C,7835.0,7607.1001,0.5,229.0,0.6,220.0,0.55,20.0,48.0,0.1135,0.0159,0.0004,-0.3185,0.4242,0.016
2026-09-16T17:40:28Z,2026-09-16 17:39:47,SPXW,2026-09-21,P,7835.0,7607.1001,213.4,1.0,233.1,1.0,0.0,0.0,0.0,0.0,-0.9841,0.0004,-0.2921,0.4242,-1.056
2026-09-16T17:40:28Z,2026-09-16 17:39:47,SPXW,2026-09-21,C,7840.0,7607.1001,0.45,249.0,0.55,224.0,0.5,57.0,548.0,0.1142,0.0147,0.0004,-0.2981,0.3984,0.0148
2026-09-16T17:40:28Z,2026-09-16 17:39:47,SPXW,2026-09-21,P,7840.0,7607.1001,218.5,1.0,237.8,1.0,129.12,0.0,2.0,0.0,-0.9852,0.0004,-0.2716,0.3988,-1.0578
2026-09-16T17:40:28Z,2026-09-16 17:39:47,SPXW,2026-09-21,C,7845.0,7607.1001,0.4,362.0,0.5,77.0,0.5,147.0,58.0,0.1146,0.0137,0.0003,-0.2806,0.3756,0.0138
2026-09-16T17:40:28Z,2026-09-16 17:39:47,SPXW,2026-09-21,P,7845.0,7607.1001,224.3,1.0,243.5,1.0,0.0,0.0,0.0,0.0,-0.9862,0.0003,-0.2534,0.376,-1.0596
2026-09-16T17:40:28Z,2026-09-16 17:39:47,SPXW,2026-09-21,C,7850.0,7607.1001,0.4,235.0,0.5,274.0,0.5,30.0,1251.0,0.1167,0.0128,0.0003,-0.2656,0.3556,0.0129
2026-09-16T17:40:28Z,2026-09-16 17:39:47,SPXW,2026-09-21,P,7850.0,7607.1001,229.3,1.0,248.6,1.0,239.44,1.0,12.0,0.0,-0.9872,0.0003,-0.2374,0.3555,-1.0612
2026-09-16T17:40:28Z,2026-09-16 17:39:47,SPXW,2026-09-21,C,7860.0,7607.1001,0.35,240.0,0.45,264.0,0.4,143.0,515.0,0.119,0.0113,0.0003,-0.2399,0.3204,0.0114
2026-09-16T17:40:28Z,2026-09-16 17:39:47,SPXW,2026-09-21,P,7860.0,7607.1001,239.2,1.0,257.7,1.0,0.0,0.0,0.0,0.0,-0.9887,0.0003,-0.2106,0.3203,-1.064
2026-09-16T17:40:28Z,2026-09-16 17:39:47,SPXW,2026-09-21,C,7870.0,7607.1001,0.3,276.0,0.4,265.0,0.4,34.0,606.0,0.121,0.0101,0.0002,-0.2195,0.2912,0.0102
2026-09-16T17:40:28Z,2026-09-16 17:39:47,SPXW,2026-09-21,P,7870.0,7607.1001,248.2,1.0,267.5,1.0,0.0,0.0,0.0,0.0,-0.9899,0.0002,-0.1892,0.2914,-1.0666
2026-09-16T17:40:28Z,2026-09-16 17:39:47,SPXW,2026-09-21,C,7875.0,7607.1001,0.3,204.0,0.4,381.0,0.45,1.0,1278.0,0.123,0.0096,0.0002,-0.211,0.2787,0.0096
2026-09-16T17:40:28Z,2026-09-16 17:39:47,SPXW,2026-09-21,P,7875.0,7607.1001,253.3,1.0,273.4,1.0,228.37,0.0,1.0,0.0,-0.9904,0.0002,-0.1801,0.2789,-1.0678
2026-09-16T17:40:28Z,2026-09-16 17:39:47,SPXW,2026-09-21,C,7880.0,7607.1001,0.3,48.0,0.35,211.0,0.3,38.0,631.0,0.1238,0.0092,0.0002,-0.2037,0.2678,0.0092
2026-09-16T17:40:28Z,2026-09-16 17:39:47,SPXW,2026-09-21,P,7880.0,7607.1001,258.1,1.0,277.4,1.0,0.0,0.0,0.0,0.0,-0.9908,0.0002,-0.1719,0.2675,-1.069
2026-09-16T17:40:28Z,2026-09-16 17:39:47,SPXW,2026-09-21,C,7890.0,7607.1001,0.25,318.0,0.35,304.0,0.35,26.0,474.0,0.1265,0.0084,0.0002,-0.1907,0.2476,0.0084
2026-09-16T17:40:28Z,2026-09-16 17:39:47,SPXW,2026-09-21,P,7890.0,7607.1001,269.1,1.0,288.4,1.0,0.0,0.0,0.0,0.0,-0.9916,0.0002,-0.1577,0.2474,-1.0712
2026-09-16T17:40:28Z,2026-09-16 17:39:47,SPXW,2026-09-21,C,7900.0,7607.1001,0.25,90.0,0.3,56.0,0.3,66.0,831.0,0.1291,0.0077,0.0002,-0.18,0.2305,0.0077
2026-09-16T17:40:28Z,2026-09-16 17:39:47,SPXW,2026-09-21,P,7900.0,7607.1001,278.1,1.0,298.3,1.0,177.97,0.0,3.0,0.0,-0.9923,0.0002,-0.1458,0.2302,-1.0732
2026-09-16T17:40:28Z,2026-09-16 17:39:47,SPXW,2026-09-21,C,7910.0,7607.1001,0.2,458.0,0.3,301.0,0.3,31.0,332.0,0.1315,0.0072,0.0002,-0.171,0.2157,0.0072
2026-09-16T17:40:28Z,2026-09-16 17:39:47,SPXW,2026-09-21,P,7910.0,7607.1001,288.2,1.0,308.3,1.0,0.0,0.0,0.0,0.0,-0.9928,0.0002,-0.1357,0.2155,-1.0751
2026-09-16T17:40:28Z,2026-09-16 17:39:47,SPXW,2026-09-21,C,7920.0,7607.1001,0.2,323.0,0.3,319.0,0.25,15.0,453.0,0.1353,0.0067,0.0001,-0.1635,0.2029,0.0067
2026-09-16T17:40:28Z,2026-09-16 17:39:47,SPXW,2026-09-21,P,7920.0,7607.1001,297.9,1.0,318.2,1.0,0.0,0.0,0.0,0.0,-0.9933,0.0001,-0.127,0.2026,-1.0769
2026-09-16T17:40:28Z,2026-09-16 17:39:47,SPXW,2026-09-21,C,7925.0,7607.1001,0.2,265.0,0.3,411.0,0.3,28.0,655.0,0.1372,0.0065,0.0001,-0.1601,0.197,0.0065
2026-09-16T17:40:28Z,2026-09-16 17:39:47,SPXW,2026-09-21,P,7925.0,7607.1001,302.9,1.0,323.2,1.0,229.7,0.0,9.0,0.0,-0.9935,0.0001,-0.123,0.1968,-1.0778
2026-09-16T17:40:28Z,2026-09-16 17:39:47,SPXW,2026-09-21,C,7930.0,7607.1001,0.2,286.0,0.3,451.0,0.3,8.0,138.0,0.1391,0.0063,0.0001,-0.157,0.1916,0.0063
2026-09-16T17:40:28Z,2026-09-16 17:39:47,SPXW,2026-09-21,P,7930.0,7607.1001,308.2,1.0,328.2,1.0,0.0,0.0,0.0,0.0,-0.9937,0.0001,-0.1193,0.1914,-1.0787
2026-09-16T17:40:28Z,2026-09-16 17:39:47,SPXW,2026-09-21,C,7950.0,7607.1001,0.2,73.0,0.25,283.0,0.2,45.0,556.0,0.1449,0.0056,0.0001,-0.1465,0.1726,0.0056
2026-09-16T17:40:28Z,2026-09-16 17:39:47,SPXW,2026-09-21,P,7950.0,7607.1001,328.0,1.0,348.2,1.0,279.7,0.0,3.0,0.0,-0.9944,0.0001,-0.1064,0.1723,-1.0822
2026-09-16T17:40:28Z,2026-09-16 17:39:47,SPXW,2026-09-21,C,7975.0,7607.1001,0.15,430.0,0.25,449.0,0.22,68.0,317.0,0.1522,0.0049,0.0001,-0.1362,0.1535,0.0049
2026-09-16T17:40:28Z,2026-09-16 17:39:47,SPXW,2026-09-21,P,7975.0,7607.1001,352.9,1.0,373.2,1.0,354.03,0.0,1.0,0.0,-0.995,0.0001,-0.0932,0.1533,-1.0862
2026-09-16T17:40:28Z,2026-09-16 17:39:47,SPXW,2026-09-21,C,8000.0,7607.1001,0.15,340.0,0.25,597.0,0.2,94.0,766.0,0.1613,0.0044,0.0001,-0.1279,0.138,0.0044
2026-09-16T17:40:28Z,2026-09-16 17:39:47,SPXW,2026-09-21,P,8000.0,7607.1001,378.1,1.0,398.1,1.0,0.0,0.0,0.0,0.0,-0.9956,0.0001,-0.0819,0.1378,-1.0902
2026-09-16T17:40:28Z,2026-09-16 17:39:47,SPXW,2026-09-21,C,8025.0,7607.1001,0.15,209.0,0.2,240.0,0.24,22.0,145.0,0.1679,0.004,0.0001,-0.1207,0.125,0.0039
2026-09-16T17:40:28Z,2026-09-16 17:39:47,SPXW,2026-09-21,P,8025.0,7607.1001,403.8,1.0,423.2,1.0,436.72,0.0,2.0,0.0,-0.996,0.0001,-0.0718,0.1248,-1.0941
2026-09-16T17:40:28Z,2026-09-16 17:39:47,SPXW,2026-09-21,C,8050.0,7607.1001,0.15,22.0,0.2,352.0,0.1,0.0,95.0,0.1767,0.0036,0.0001,-0.1144,0.1139,0.0036
2026-09-16T17:40:28Z,2026-09-16 17:39:47,SPXW,2026-09-21,P,8050.0,7607.1001,427.9,1.0,448.0,1.0,298.12,0.0,3.0,0.0,-0.9964,0.0001,-0.0626,0.1137,-1.0978
2026-09-16T17:40:28Z,2026-09-16 17:39:47,SPXW,2026-09-21,C,8075.0,7607.1001,0.1,627.0,0.2,369.0,0.17,8.0,82.0,0.1827,0.0033,0.0001,-0.1087,0.1043,0.0032
2026-09-16T17:40:28Z,2026-09-16 17:39:47,SPXW,2026-09-21,P,8075.0,7607.1001,453.0,1.0,473.1,2.0,0.0,0.0,0.0,0.0,-0.9967,0.0001,-0.054,0.1041,-1.1016
2026-09-16T17:40:28Z,2026-09-16 17:39:47,SPXW,2026-09-21,C,8100.0,7607.1001,0.1,484.0,0.2,599.0,0.16,3.0,135.0,0.1912,0.003,0.0,-0.1035,0.0958,0.003
2026-09-16T17:40:28Z,2026-09-16 17:39:47,SPXW,2026-09-21,P,8100.0,7607.1001,477.7,1.0,498.1,1.0,337.9,0.0,1.0,0.0,-0.997,0.0,-0.0458,0.0956,-1.1053
2026-09-16T17:40:28Z,2026-09-16 17:39:47,SPXW,2026-09-21,C,8125.0,7607.1001,0.1,311.0,0.15,8.0,0.15,18.0,46.0,0.1963,0.0027,0.0,-0.0986,0.0882,0.0027
2026-09-16T17:40:28Z,2026-09-16 17:39:47,SPXW,2026-09-21,P,8125.0,7607.1001,503.0,1.0,522.9,1.0,0.0,0.0,0.0,0.0,-0.9972,0.0,-0.038,0.0881,-1.109
2026-09-16T17:40:28Z,2026-09-16 17:39:47,SPXW,2026-09-21,C,8150.0,7607.1001,0.1,198.0,0.15,8.0,0.6,0.0,25.0,0.2046,0.0025,0.0,-0.0941,0.0815,0.0025
2026-09-16T17:40:28Z,2026-09-16 17:39:47,SPXW,2026-09-21,P,8150.0,7607.1001,527.9,1.0,547.8,1.0,0.0,0.0,0.0,0.0,-0.9974,0.0,-0.0305,0.0814,-1.1126
2026-09-16T17:40:28Z,2026-09-16 17:39:47,SPXW,2026-09-21,C,8175.0,7607.1001,0.1,178.0,0.15,193.0,0.2,0.0,22.0,0.2129,0.0023,0.0,-0.0898,0.0755,0.0023
2026-09-16T17:40:28Z,2026-09-16 17:39:47,SPXW,2026-09-21,P,8175.0,7607.1001,552.8,1.0,572.8,1.0,0.0,0.0,0.0,0.0,-0.9976,0.0,-0.0232,0.0754,-1.1162
2026-09-16T17:40:28Z,2026-09-16 17:39:47,SPXW,2026-09-21,C,8200.0,7607.1001,0.05,689.0,0.15,218.0,0.05,0.0,142.0,0.2167,0.0022,0.0,-0.0857,0.07,0.0021
2026-09-16T17:40:28Z,2026-09-16 17:39:47,SPXW,2026-09-21,P,8200.0,7607.1001,578.6,1.0,598.0,1.0,0.0,0.0,0.0,0.0,-0.9978,0.0,-0.0162,0.0699,-1.1198
2026-09-16T17:40:28Z,2026-09-16 17:39:47,SPXW,2026-09-21,C,8225.0,7607.1001,0.05,666.0,0.15,325.0,0.1,0.0,37.0,0.2247,0.002,0.0,-0.0818,0.0651,0.002
2026-09-16T17:40:28Z,2026-09-16 17:39:47,SPXW,2026-09-21,P,8225.0,7607.1001,602.6,1.0,622.9,2.0,491.22,0.0,0.0,0.0,-0.998,0.0,-0.0094,0.065,-1.1234
2026-09-16T17:40:28Z,2026-09-16 17:39:47,SPXW,2026-09-21,C,8250.0,7607.1001,0.05,557.0,0.15,536.0,0.05,0.0,9.0,0.2326,0.0018,0.0,-0.0781,0.0606,0.0018
2026-09-16T17:40:28Z,2026-09-16 17:39:47,SPXW,2026-09-21,P,8250.0,7607.1001,627.7,1.0,648.3,2.0,0.0,0.0,0.0,0.0,-0.9981,0.0,-0.0028,0.0605,-1.127
2026-09-16T17:40:28Z,2026-09-16 17:39:47,SPXW,2026-09-21,C,8275.0,7607.1001,0.05,486.0,0.15,615.0,0.1,4.0,2.0,0.2406,0.0017,0.0,-0.0746,0.0564,0.0017
2026-09-16T17:40:28Z,2026-09-16 17:39:47,SPXW,2026-09-21,P,8275.0,7607.1001,653.2,1.0,672.9,1.0,606.93,0.0,0.0,0.0,-0.9983,0.0,0.0,0.0564,-1.1305
2026-09-16T17:40:28Z,2026-09-16 17:39:47,SPXW,2026-09-21,C,8300.0,7607.1001,0.05,435.0,0.15,655.0,0.1,4.0,38.0,0.2484,0.0016,0.0,-0.0712,0.0526,0.0016
2026-09-16T17:40:28Z,2026-09-16 17:39:47,SPXW,2026-09-21,P,8300.0,7607.1001,678.2,1.0,698.2,2.0,548.57,0.0,1.0,0.0,-0.9984,0.0,0.0,0.0526,-1.134
2026-09-16T17:40:28Z,2026-09-16 17:39:47,SPXW,2026-09-22,C,6850.0,7607.1001,754.0,1.0,772.4,1.0,0.0,0.0,0.0,0.3861,0.9912,0.0001,-0.432,0.2442,1.1138
2026-09-16T17:40:28Z,2026-09-16 17:39:47,SPXW,2026-09-22,P,6850.0,7607.1001,0.9,172.0,1.0,406.0,1.25,1.0,38.0,0.3448,-0.0087,0.0001,-0.5214,0.244,-0.0107
2026-09-16T17:40:28Z,2026-09-16 17:39:47,SPXW,2026-09-22,C,6875.0,7607.1001,728.1,3.0,748.2,1.0,0.0,0.0,0.0,0.3729,0.9906,0.0001,-0.4581,0.2601,1.1172
2026-09-16T17:40:28Z,2026-09-16 17:39:47,SPXW,2026-09-22,P,6875.0,7607.1001,0.95,170.0,1.05,404.0,1.1,9.0,57.0,0.3364,-0.0094,0.0001,-0.545,0.2601,-0.0115
2026-09-16T17:40:28Z,2026-09-16 17:39:47,SPXW,2026-09-22,C,6900.0,7607.1001,704.0,1.0,722.5,1.0,0.0,0.0,0.0,0.3634,0.9899,0.0001,-0.4858,0.2773,1.1204
2026-09-16T17:40:28Z,2026-09-16 17:39:47,SPXW,2026-09-22,P,6900.0,7607.1001,1.0,195.0,1.1,313.0,1.4,1.0,244.0,0.3278,-0.0101,0.0001,-0.5698,0.2773,-0.0124
2026-09-16T17:40:28Z,2026-09-16 17:39:47,SPXW,2026-09-22,C,6925.0,7607.1001,678.3,2.0,698.4,1.0,0.0,0.0,0.0,0.3537,0.9891,0.0001,-0.5156,0.296,1.1235
2026-09-16T17:40:28Z,2026-09-16 17:39:47,SPXW,2026-09-22,P,6925.0,7607.1001,1.05,203.0,1.15,75.0,1.5,1.0,120.0,0.319,-0.0108,0.0001,-0.5966,0.296,-0.0133
2026-09-16T17:40:28Z,2026-09-16 17:39:47,SPXW,2026-09-22,C,6950.0,7607.1001,653.5,1.0,671.3,1.0,0.0,0.0,0.0,0.3169,0.9882,0.0001,-0.5477,0.3168,1.1266
2026-09-16T17:40:28Z,2026-09-16 17:39:47,SPXW,2026-09-22,P,6950.0,7607.1001,1.15,120.0,1.25,267.0,1.55,1.0,219.0,0.3119,-0.0117,0.0001,-0.6258,0.3168,-0.0144
2026-09-16T17:40:28Z,2026-09-16 17:39:47,SPXW,2026-09-22,C,6975.0,7607.1001,628.6,1.0,646.4,1.0,0.0,0.0,0.0,0.3084,0.9873,0.0001,-0.5826,0.34,1.1294
2026-09-16T17:40:28Z,2026-09-16 17:39:47,SPXW,2026-09-22,P,6975.0,7607.1001,1.25,5.0,1.3,63.0,1.75,11.0,419.0,0.3035,-0.0127,0.0001,-0.6578,0.34,-0.0156
2026-09-16T17:40:28Z,2026-09-16 17:39:47,SPXW,2026-09-22,C,6980.0,7607.1001,623.6,1.0,641.5,1.0,0.0,0.0,0.0,0.3076,0.987,0.0001,-0.59,0.345,1.13
2026-09-16T17:40:28Z,2026-09-16 17:39:47,SPXW,2026-09-22,P,6980.0,7607.1001,1.25,106.0,1.35,215.0,0.0,0.0,0.0,0.3021,-0.0129,0.0001,-0.6646,0.345,-0.0159
2026-09-16T17:40:28Z,2026-09-16 17:39:47,SPXW,2026-09-22,C,6990.0,7607.1001,613.5,2.0,631.5,1.0,0.0,0.0,0.0,0.3015,0.9866,0.0001,-0.6052,0.3554,1.1311
2026-09-16T17:40:28Z,2026-09-16 17:39:47,SPXW,2026-09-22,P,6990.0,7607.1001,1.3,101.0,1.35,59.0,0.0,0.0,0.0,0.2986,-0.0134,0.0001,-0.6786,0.3554,-0.0164
2026-09-16T17:40:28Z,2026-09-16 17:39:47,SPXW,2026-09-22,C,7000.0,7607.1001,604.4,1.0,623.7,1.0,676.1,0.0,7.0,0.3315,0.9861,0.0001,-0.621,0.3663,1.1322
2026-09-16T17:40:28Z,2026-09-16 17:39:47,SPXW,2026-09-22,P,7000.0,7607.1001,1.3,191.0,1.4,64.0,1.6,14.0,310.0,0.2949,-0.0138,0.0001,-0.6932,0.3663,-0.017
2026-09-16T17:40:28Z,2026-09-16 17:39:47,SPXW,2026-09-22,C,7010.0,7607.1001,593.6,2.0,611.6,1.0,0.0,0.0,0.0,0.2951,0.9856,0.0001,-0.6376,0.3776,1.1332
2026-09-16T17:40:28Z,2026-09-16 17:39:47,SPXW,2026-09-22,P,7010.0,7607.1001,1.35,155.0,1.45,139.0,0.0,0.0,0.0,0.292,-0.0143,0.0001,-0.7085,0.3776,-0.0176
2026-09-16T17:40:28Z,2026-09-16 17:39:47,SPXW,2026-09-22,C,7020.0,7607.1001,583.6,2.0,601.7,1.0,0.0,0.0,0.0,0.2918,0.9851,0.0001,-0.6548,0.3895,1.1342
2026-09-16T17:40:28Z,2026-09-16 17:39:47,SPXW,2026-09-22,P,7020.0,7607.1001,1.4,127.0,1.5,204.0,0.0,0.0,0.0,0.289,-0.0148,0.0001,-0.7246,0.3895,-0.0183
2026-09-16T17:40:28Z,2026-09-16 17:39:47,SPXW,2026-09-22,C,7025.0,7607.1001,578.8,1.0,596.7,1.0,0.0,0.0,0.0,0.2921,0.9849,0.0001,-0.6637,0.3957,1.1347
2026-09-16T17:40:28Z,2026-09-16 17:39:47,SPXW,2026-09-22,P,7025.0,7607.1001,1.4,181.0,1.5,58.0,1.9,1.0,483.0,0.2868,-0.0151,0.0001,-0.7329,0.3957,-0.0186
2026-09-16T17:40:28Z,2026-09-16 17:39:47,SPXW,2026-09-22,C,7030.0,7607.1001,573.7,2.0,591.7,1.0,0.0,0.0,0.0,0.2885,0.9846,0.0001,-0.6729,0.4019,1.1351
2026-09-16T17:40:28Z,2026-09-16 17:39:47,SPXW,2026-09-22,P,7030.0,7607.1001,1.45,127.0,1.55,202.0,0.0,0.0,0.0,0.286,-0.0154,0.0001,-0.7415,0.4019,-0.019
2026-09-16T17:40:28Z,2026-09-16 17:39:47,SPXW,2026-09-22,C,7040.0,7607.1001,563.7,2.0,581.8,1.0,0.0,0.0,0.0,0.2851,0.984,0.0001,-0.6918,0.415,1.136
2026-09-16T17:40:28Z,2026-09-16 17:39:47,SPXW,2026-09-22,P,7040.0,7607.1001,1.5,124.0,1.6,202.0,0.0,0.0,0.0,0.2829,-0.016,0.0001,-0.7592,0.415,-0.0197
2026-09-16T17:40:28Z,2026-09-16 17:39:47,SPXW,2026-09-22,C,7050.0,7607.1001,554.6,1.0,574.1,1.0,627.03,0.0,6.0,0.3119,0.9834,0.0001,-0.7117,0.4286,1.1369
2026-09-16T17:40:28Z,2026-09-16 17:39:47,SPXW,2026-09-22,P,7050.0,7607.1001,1.55,133.0,1.65,224.0,1.85,7.0,3456.0,0.2797,-0.0166,0.0001,-0.7779,0.4286,-0.0204
2026-09-16T17:40:28Z,2026-09-16 17:39:47,SPXW,2026-09-22,C,7060.0,7607.1001,544.0,1.0,564.2,1.0,0.0,0.0,0.0,0.3029,0.9827,0.0002,-0.7325,0.443,1.1378
2026-09-16T17:40:28Z,2026-09-16 17:39:47,SPXW,2026-09-22,P,7060.0,7607.1001,1.6,122.0,1.7,202.0,0.0,0.0,0.0,0.2765,-0.0173,0.0002,-0.7976,0.443,-0.0213
2026-09-16T17:40:28Z,2026-09-16 17:39:47,SPXW,2026-09-22,C,7070.0,7607.1001,533.9,2.0,552.0,1.0,0.0,0.0,0.0,0.2759,0.982,0.0002,-0.7545,0.4581,1.1385
2026-09-16T17:40:28Z,2026-09-16 17:39:47,SPXW,2026-09-22,P,7070.0,7607.1001,1.65,146.0,1.75,187.0,0.0,0.0,0.0,0.2732,-0.018,0.0002,-0.8184,0.4581,-0.0221
2026-09-16T17:40:28Z,2026-09-16 17:39:47,SPXW,2026-09-22,C,7075.0,7607.1001,529.1,1.0,547.0,1.0,0.0,0.0,0.0,0.2758,0.9816,0.0002,-0.7659,0.466,1.1389
2026-09-16T17:40:28Z,2026-09-16 17:39:47,SPXW,2026-09-22,P,7075.0,7607.1001,1.7,64.0,1.8,291.0,2.2,1.0,213.0,0.2721,-0.0183,0.0002,-0.8292,0.466,-0.0226
2026-09-16T17:40:28Z,2026-09-16 17:39:47,SPXW,2026-09-22,C,7080.0,7607.1001,524.0,2.0,542.0,1.0,0.0,0.0,0.0,0.2723,0.9813,0.0002,-0.7776,0.4742,1.1393
2026-09-16T17:40:28Z,2026-09-16 17:39:47,SPXW,2026-09-22,P,7080.0,7607.1001,1.7,144.0,1.8,55.0,0.0,0.0,0.0,0.2698,-0.0187,0.0002,-0.8404,0.4742,-0.023
2026-09-16T17:40:28Z,2026-09-16 17:39:47,SPXW,2026-09-22,C,7090.0,7607.1001,514.2,1.0,534.5,1.0,0.0,0.0,0.0,0.2921,0.9805,0.0002,-0.802,0.4914,1.1399
2026-09-16T17:40:28Z,2026-09-16 17:39:47,SPXW,2026-09-22,P,7090.0,7607.1001,1.8,13.0,1.9,258.0,0.0,0.0,0.0,0.2675,-0.0195,0.0002,-0.8636,0.4914,-0.024
2026-09-16T17:40:28Z,2026-09-16 17:39:47,SPXW,2026-09-22,C,7100.0,7607.1001,504.5,1.0,524.5,1.0,551.09,0.0,1.0,0.2894,0.9796,0.0002,-0.8278,0.5096,1.1405
2026-09-16T17:40:28Z,2026-09-16 17:39:47,SPXW,2026-09-22,P,7100.0,7607.1001,1.85,127.0,1.95,214.0,2.17,18.0,413.0,0.2641,-0.0203,0.0002,-0.8882,0.5096,-0.025
2026-09-16T17:40:28Z,2026-09-16 17:39:47,SPXW,2026-09-22,C,7110.0,7607.1001,494.3,2.0,512.3,2.0,0.0,0.0,0.0,0.2643,0.9787,0.0002,-0.855,0.529,1.141
2026-09-16T17:40:28Z,2026-09-16 17:39:47,SPXW,2026-09-22,P,7110.0,7607.1001,1.9,141.0,2.0,33.0,2.05,1.0,0.0,0.2604,-0.0213,0.0002,-0.9137,0.5289,-0.0262
2026-09-16T17:40:28Z,2026-09-16 17:39:47,SPXW,2026-09-22,C,7120.0,7607.1001,484.4,2.0,502.4,1.0,0.0,0.0,0.0,0.2614,0.9778,0.0002,-0.8839,0.5495,1.1415
2026-09-16T17:40:28Z,2026-09-16 17:39:47,SPXW,2026-09-22,P,7120.0,7607.1001,2.0,112.0,2.1,143.0,0.0,0.0,0.0,0.2579,-0.0222,0.0002,-0.9414,0.5495,-0.0274
2026-09-16T17:40:28Z,2026-09-16 17:39:47,SPXW,2026-09-22,C,7125.0,7607.1001,479.5,1.0,497.4,1.0,0.0,0.0,0.0,0.2599,0.9772,0.0002,-0.8989,0.5602,1.1416
2026-09-16T17:40:28Z,2026-09-16 17:39:47,SPXW,2026-09-22,P,7125.0,7607.1001,2.05,121.0,2.15,194.0,2.25,8.0,136.0,0.2565,-0.0227,0.0002,-0.9559,0.5602,-0.028
2026-09-16T17:40:28Z,2026-09-16 17:39:47,SPXW,2026-09-22,C,7130.0,7607.1001,474.5,1.0,492.5,2.0,0.0,0.0,0.0,0.2584,0.9767,0.0002,-0.9144,0.5712,1.1418
2026-09-16T17:40:28Z,2026-09-16 17:39:47,SPXW,2026-09-22,P,7130.0,7607.1001,2.1,60.0,2.2,185.0,0.0,0.0,0.0,0.2552,-0.0233,0.0002,-0.9708,0.5712,-0.0287
2026-09-16T17:40:28Z,2026-09-16 17:39:47,SPXW,2026-09-22,C,7135.0,7607.1001,469.6,1.0,488.0,2.0,0.0,0.0,0.0,0.2612,0.9762,0.0002,-0.9304,0.5824,1.1419
2026-09-16T17:40:28Z,2026-09-16 17:39:47,SPXW,2026-09-22,P,7135.0,7607.1001,2.15,60.0,2.25,184.0,0.0,0.0,0.0,0.2537,-0.0238,0.0002,-0.9862,0.5825,-0.0294
2026-09-16T17:40:28Z,2026-09-16 17:39:47,SPXW,2026-09-22,C,7140.0,7607.1001,464.6,2.0,482.6,1.0,0.0,0.0,0.0,0.2554,0.9756,0.0002,-0.9468,0.594,1.142
2026-09-16T17:40:28Z,2026-09-16 17:39:47,SPXW,2026-09-22,P,7140.0,7607.1001,2.2,37.0,2.3,193.0,4.3,0.0,28.0,0.2524,-0.0244,0.0002,-1.0022,0.594,-0.0301
2026-09-16T17:40:28Z,2026-09-16 17:39:47,SPXW,2026-09-22,C,7145.0,7607.1001,459.7,1.0,478.1,1.0,0.0,0.0,0.0,0.2579,0.975,0.0002,-0.9638,0.6059,1.1421
2026-09-16T17:40:28Z,2026-09-16 17:39:47,SPXW,2026-09-22,P,7145.0,7607.1001,2.25,5.0,2.35,174.0,0.0,0.0,0.0,0.251,-0.025,0.0002,-1.0185,0.6059,-0.0309
2026-09-16T17:40:28Z,2026-09-16 17:39:47,SPXW,2026-09-22,C,7150.0,7607.1001,454.6,3.0,473.1,1.0,0.0,0.0,0.0,0.2547,0.9744,0.0002,-0.9812,0.6181,1.1422
2026-09-16T17:40:28Z,2026-09-16 17:39:47,SPXW,2026-09-22,P,7150.0,7607.1001,2.3,36.0,2.4,196.0,2.62,18.0,218.0,0.2495,-0.0256,0.0002,-1.0354,0.6181,-0.0316
2026-09-16T17:40:28Z,2026-09-16 17:39:47,SPXW,2026-09-22,C,7155.0,7607.1001,449.8,1.0,468.2,1.0,0.0,0.0,0.0,0.2546,0.9737,0.0002,-0.9992,0.6307,1.1422
2026-09-16T17:40:28Z,2026-09-16 17:39:47,SPXW,2026-09-22,P,7155.0,7607.1001,2.35,44.0,2.45,172.0,0.0,0.0,0.0,0.248,-0.0262,0.0002,-1.0528,0.6307,-0.0324
2026-09-16T17:40:28Z,2026-09-16 17:39:47,SPXW,2026-09-22,C,7160.0,7607.1001,444.8,1.0,462.8,2.0,0.0,0.0,0.0,0.249,0.9731,0.0002,-1.0177,0.6437,1.1422
2026-09-16T17:40:28Z,2026-09-16 17:39:47,SPXW,2026-09-22,P,7160.0,7607.1001,2.4,58.0,2.5,180.0,4.7,0.0,38.0,0.2464,-0.0269,0.0002,-1.0707,0.6436,-0.0332
2026-09-16T17:40:28Z,2026-09-16 17:39:47,SPXW,2026-09-22,C,7165.0,7607.1001,439.9,1.0,458.2,1.0,0.0,0.0,0.0,0.2504,0.9724,0.0003,-1.0368,0.6571,1.1422
2026-09-16T17:40:28Z,2026-09-16 17:39:47,SPXW,2026-09-22,P,7165.0,7607.1001,2.45,57.0,2.55,145.0,3.0,1.0,0.0,0.2449,-0.0276,0.0003,-1.0892,0.657,-0.0341
2026-09-16T17:40:28Z,2026-09-16 17:39:47,SPXW,2026-09-22,C,7170.0,7607.1001,435.0,1.0,452.9,2.0,0.0,0.0,0.0,0.2464,0.9717,0.0003,-1.0565,0.6709,1.1421
2026-09-16T17:40:28Z,2026-09-16 17:39:47,SPXW,2026-09-22,P,7170.0,7607.1001,2.5,70.0,2.6,143.0,4.8,0.0,16.0,0.2433,-0.0283,0.0003,-1.1083,0.6709,-0.035
2026-09-16T17:40:28Z,2026-09-16 17:39:47,SPXW,2026-09-22,C,7175.0,7607.1001,430.3,1.0,449.0,1.0,0.0,0.0,0.0,0.2539,0.971,0.0003,-1.0767,0.6852,1.142
2026-09-16T17:40:28Z,2026-09-16 17:39:47,SPXW,2026-09-22,P,7175.0,7607.1001,2.55,136.0,2.65,62.0,4.6,0.0,134.0,0.2418,-0.029,0.0003,-1.1279,0.6852,-0.0358
2026-09-16T17:40:28Z,2026-09-16 17:39:47,SPXW,2026-09-22,C,7180.0,7607.1001,425.1,1.0,443.1,1.0,0.0,0.0,0.0,0.2438,0.9702,0.0003,-1.0976,0.7001,1.1419
2026-09-16T17:40:28Z,2026-09-16 17:39:47,SPXW,2026-09-22,P,7180.0,7607.1001,2.6,135.0,2.7,23.0,4.33,0.0,112.0,0.2406,-0.0298,0.0003,-1.1485,0.7001,-0.0368
2026-09-16T17:40:28Z,2026-09-16 17:39:47,SPXW,2026-09-22,C,7185.0,7607.1001,420.2,1.0,438.2,1.0,0.0,0.0,0.0,0.2427,0.9694,0.0003,-1.1191,0.7154,1.1418
2026-09-16T17:40:28Z,2026-09-16 17:39:47,SPXW,2026-09-22,P,7185.0,7607.1001,2.7,54.0,2.8,143.0,0.0,0.0,0.0,0.2392,-0.0306,0.0003,-1.1691,0.7154,-0.0378
2026-09-16T17:40:28Z,2026-09-16 17:39:47,SPXW,2026-09-22,C,7190.0,7607.1001,415.2,1.0,433.2,2.0,0.0,0.0,0.0,0.2402,0.9686,0.0003,-1.1412,0.7313,1.1416
2026-09-16T17:40:28Z,2026-09-16 17:39:47,SPXW,2026-09-22,P,7190.0,7607.1001,2.75,112.0,2.85,80.0,4.9,0.0,346.0,0.2376,-0.0314,0.0003,-1.1906,0.7313,-0.0388
2026-09-16T17:40:28Z,2026-09-16 17:39:47,SPXW,2026-09-22,C,7195.0,7607.1001,410.4,2.0,430.3,1.0,0.0,0.0,0.0,0.2524,0.9677,0.0003,-1.164,0.7477,1.1413
2026-09-16T17:40:28Z,2026-09-16 17:39:47,SPXW,2026-09-22,P,7195.0,7607.1001,2.85,42.0,2.95,152.0,0.0,0.0,0.0,0.2366,-0.0323,0.0003,-1.2132,0.7477,-0.0399
2026-09-16T17:40:28Z,2026-09-16 17:39:47,SPXW,2026-09-22,C,7200.0,7607.1001,406.0,1.0,424.1,1.0,494.65,0.0,2.0,0.2462,0.9668,0.0003,-1.1875,0.7646,1.141
2026-09-16T17:40:28Z,2026-09-16 17:39:47,SPXW,2026-09-22,P,7200.0,7607.1001,2.9,72.0,3.0,88.0,3.3,1014.0,2485.0,0.2349,-0.0331,0.0003,-1.2357,0.7646,-0.041
2026-09-16T17:40:28Z,2026-09-16 17:39:47,SPXW,2026-09-22,C,7205.0,7607.1001,400.5,1.0,418.5,1.0,0.0,0.0,0.0,0.2368,0.9659,0.0003,-1.2117,0.782,1.1407
2026-09-16T17:40:28Z,2026-09-16 17:39:47,SPXW,2026-09-22,P,7205.0,7607.1001,3.0,28.0,3.1,168.0,0.0,0.0,0.0,0.2338,-0.0341,0.0003,-1.2593,0.782,-0.0421
2026-09-16T17:40:28Z,2026-09-16 17:39:47,SPXW,2026-09-22,C,7210.0,7607.1001,395.6,1.0,413.9,1.0,408.18,1.0,0.0,0.2375,0.965,0.0003,-1.2366,0.7999,1.1403
2026-09-16T17:40:28Z,2026-09-16 17:39:47,SPXW,2026-09-22,P,7210.0,7607.1001,3.0,129.0,3.2,267.0,3.61,1.0,103.0,0.232,-0.035,0.0003,-1.2837,0.7999,-0.0434
2026-09-16T17:40:28Z,2026-09-16 17:39:47,SPXW,2026-09-22,C,7215.0,7607.1001,390.5,3.0,408.6,1.0,0.0,0.0,0.0,0.2324,0.964,0.0004,-1.2623,0.8182,1.1398
2026-09-16T17:40:28Z,2026-09-16 17:39:47,SPXW,2026-09-22,P,7215.0,7607.1001,3.1,112.0,3.3,279.0,0.0,0.0,0.0,0.2309,-0.036,0.0004,-1.3088,0.8182,-0.0446
2026-09-16T17:40:28Z,2026-09-16 17:39:47,SPXW,2026-09-22,C,7220.0,7607.1001,385.7,1.0,403.8,1.0,0.0,0.0,0.0,0.2324,0.9629,0.0004,-1.2888,0.8371,1.1394
2026-09-16T17:40:28Z,2026-09-16 17:39:47,SPXW,2026-09-22,P,7220.0,7607.1001,3.2,125.0,3.4,307.0,5.4,0.0,50.0,0.2297,-0.0371,0.0004,-1.3346,0.837,-0.0459
2026-09-16T17:40:28Z,2026-09-16 17:39:47,SPXW,2026-09-22,C,7225.0,7607.1001,381.0,1.0,399.5,1.0,599.95,0.0,8.0,0.2357,0.9618,0.0004,-1.316,0.8564,1.1388
2026-09-16T17:40:28Z,2026-09-16 17:39:47,SPXW,2026-09-22,P,7225.0,7607.1001,3.3,106.0,3.4,27.0,6.2,0.0,319.0,0.2279,-0.0381,0.0004,-1.3613,0.8564,-0.0473
2026-09-16T17:40:28Z,2026-09-16 17:39:47,SPXW,2026-09-22,C,7230.0,7607.1001,375.9,1.0,394.3,1.0,0.0,0.0,0.0,0.2314,0.9607,0.0004,-1.3441,0.8763,1.1382
2026-09-16T17:40:28Z,2026-09-16 17:39:47,SPXW,2026-09-22,P,7230.0,7607.1001,3.4,51.0,3.5,36.0,3.86,1.0,82.0,0.2266,-0.0392,0.0004,-1.3888,0.8762,-0.0487
2026-09-16T17:40:28Z,2026-09-16 17:39:47,SPXW,2026-09-22,C,7235.0,7607.1001,371.0,1.0,389.7,1.0,0.0,0.0,0.0,0.2316,0.9596,0.0004,-1.373,0.8967,1.1376
2026-09-16T17:40:28Z,2026-09-16 17:39:47,SPXW,2026-09-22,P,7235.0,7607.1001,3.5,38.0,3.6,30.0,0.0,0.0,0.0,0.2253,-0.0404,0.0004,-1.4171,0.8967,-0.0501
2026-09-16T17:40:28Z,2026-09-16 17:39:47,SPXW,2026-09-22,C,7240.0,7607.1001,367.2,1.0,384.8,2.0,0.0,0.0,0.0,0.2358,0.9584,0.0004,-1.4027,0.9178,1.1369
2026-09-16T17:40:28Z,2026-09-16 17:39:47,SPXW,2026-09-22,P,7240.0,7607.1001,3.6,53.0,3.7,55.0,6.9,0.0,151.0,0.224,-0.0416,0.0004,-1.4462,0.9178,-0.0516
2026-09-16T17:40:28Z,2026-09-16 17:39:47,SPXW,2026-09-22,C,7245.0,7607.1001,361.2,1.0,379.7,2.0,0.0,0.0,0.0,0.2275,0.9571,0.0004,-1.4333,0.9397,1.1362
2026-09-16T17:40:28Z,2026-09-16 17:39:47,SPXW,2026-09-22,P,7245.0,7607.1001,3.7,77.0,3.8,33.0,0.0,0.0,0.0,0.2226,-0.0429,0.0004,-1.4762,0.9396,-0.0532
2026-09-16T17:40:28Z,2026-09-16 17:39:47,SPXW,2026-09-22,C,7250.0,7607.1001,356.7,1.0,374.9,2.0,576.39,0.0,8.0,0.2285,0.9558,0.0004,-1.4648,0.9623,1.1354
2026-09-16T17:40:28Z,2026-09-16 17:39:47,SPXW,2026-09-22,P,7250.0,7607.1001,3.8,102.0,4.0,237.0,4.09,42.0,534.0,0.2218,-0.0442,0.0004,-1.5071,0.9622,-0.0548
2026-09-16T17:40:28Z,2026-09-16 17:39:47,SPXW,2026-09-22,C,7255.0,7607.1001,351.5,1.0,369.5,1.0,0.0,0.0,0.0,0.2228,0.9544,0.0004,-1.4971,0.9857,1.1346
2026-09-16T17:40:28Z,2026-09-16 17:39:47,SPXW,2026-09-22,P,7255.0,7607.1001,3.9,90.0,4.1,189.0,0.0,0.0,0.0,0.2203,-0.0455,0.0004,-1.5388,0.9856,-0.0564
2026-09-16T17:40:28Z,2026-09-16 17:39:47,SPXW,2026-09-22,C,7260.0,7607.1001,346.6,1.0,364.6,1.0,0.0,0.0,0.0,0.2212,0.953,0.0004,-1.5303,1.0098,1.1336
2026-09-16T17:40:28Z,2026-09-16 17:39:47,SPXW,2026-09-22,P,7260.0,7607.1001,4.0,95.0,4.2,147.0,6.35,0.0,210.0,0.2188,-0.0469,0.0004,-1.5714,1.0098,-0.0582
2026-09-16T17:40:28Z,2026-09-16 17:39:47,SPXW,2026-09-22,C,7265.0,7607.1001,341.7,1.0,360.3,2.0,0.0,0.0,0.0,0.2226,0.9516,0.0005,-1.5645,1.0348,1.1326
2026-09-16T17:40:28Z,2026-09-16 17:39:47,SPXW,2026-09-22,P,7265.0,7607.1001,4.1,89.0,4.3,114.0,0.0,0.0,0.0,0.2172,-0.0484,0.0005,-1.605,1.0348,-0.06
2026-09-16T17:40:28Z,2026-09-16 17:39:47,SPXW,2026-09-22,C,7270.0,7607.1001,336.9,1.0,354.9,1.0,0.0,0.0,0.0,0.2189,0.95,0.0005,-1.5996,1.0604,1.1315
2026-09-16T17:40:28Z,2026-09-16 17:39:47,SPXW,2026-09-22,P,7270.0,7607.1001,4.3,65.0,4.4,68.0,4.95,5.0,136.0,0.2162,-0.0499,0.0005,-1.6394,1.0604,-0.062
2026-09-16T17:40:28Z,2026-09-16 17:39:47,SPXW,2026-09-22,C,7275.0,7607.1001,332.1,1.0,351.0,2.0,0.0,0.0,0.0,0.2223,0.9485,0.0005,-1.6356,1.0867,1.1303
2026-09-16T17:40:28Z,2026-09-16 17:39:47,SPXW,2026-09-22,P,7275.0,7607.1001,4.4,112.0,4.6,187.0,4.71,41.0,327.0,0.2151,-0.0515,0.0005,-1.6749,1.0867,-0.064
2026-09-16T17:40:28Z,2026-09-16 17:39:47,SPXW,2026-09-22,C,7280.0,7607.1001,327.1,1.0,345.9,2.0,316.37,0.0,30.0,0.2192,0.9468,0.0005,-1.6726,1.1136,1.1291
2026-09-16T17:40:28Z,2026-09-16 17:39:47,SPXW,2026-09-22,P,7280.0,7607.1001,4.5,109.0,4.7,110.0,4.7,21.0,85.0,0.2134,-0.0532,0.0005,-1.7113,1.1136,-0.066
2026-09-16T17:40:28Z,2026-09-16 17:39:47,SPXW,2026-09-22,C,7285.0,7607.1001,322.3,1.0,341.0,2.0,0.0,0.0,0.0,0.2178,0.9451,0.0005,-1.7106,1.1411,1.1277
2026-09-16T17:40:28Z,2026-09-16 17:39:47,SPXW,2026-09-22,P,7285.0,7607.1001,4.7,103.0,4.9,179.0,0.0,0.0,0.0,0.2127,-0.0549,0.0005,-1.7487,1.1411,-0.0682
2026-09-16T17:40:28Z,2026-09-16 17:39:47,SPXW,2026-09-22,C,7290.0,7607.1001,318.3,1.0,336.2,2.0,0.0,0.0,14.0,0.2201,0.9433,0.0005,-1.7496,1.1692,1.1263
2026-09-16T17:40:28Z,2026-09-16 17:39:47,SPXW,2026-09-22,P,7290.0,7607.1001,4.8,95.0,5.0,92.0,7.6,0.0,95.0,0.2109,-0.0566,0.0005,-1.7871,1.1692,-0.0704
2026-09-16T17:40:28Z,2026-09-16 17:39:47,SPXW,2026-09-22,C,7295.0,7607.1001,312.6,1.0,330.7,1.0,0.0,0.0,0.0,0.2123,0.9415,0.0006,-1.7896,1.1981,1.1248
2026-09-16T17:40:28Z,2026-09-16 17:39:47,SPXW,2026-09-22,P,7295.0,7607.1001,5.0,110.0,5.2,113.0,8.7,0.0,55.0,0.21,-0.0585,0.0006,-1.8265,1.1981,-0.0728
2026-09-16T17:40:28Z,2026-09-16 17:39:47,SPXW,2026-09-22,C,7300.0,7607.1001,307.6,1.0,326.5,1.0,0.0,0.0,0.0,0.213,0.9396,0.0006,-1.8306,1.2278,1.1233
2026-09-16T17:40:28Z,2026-09-16 17:39:47,SPXW,2026-09-22,P,7300.0,7607.1001,5.2,74.0,5.3,45.0,5.3,10.0,2619.0,0.2087,-0.0604,0.0006,-1.8669,1.2278,-0.0751
2026-09-16T17:40:28Z,2026-09-16 17:39:47,SPXW,2026-09-22,C,7305.0,7607.1001,304.1,1.0,321.7,1.0,0.0,0.0,0.0,0.2169,0.9376,0.0006,-1.8726,1.2584,1.1216
2026-09-16T17:40:28Z,2026-09-16 17:39:47,SPXW,2026-09-22,P,7305.0,7607.1001,5.3,92.0,5.5,75.0,9.27,0.0,67.0,0.2072,-0.0624,0.0006,-1.9083,1.2584,-0.0776
2026-09-16T17:40:28Z,2026-09-16 17:39:47,SPXW,2026-09-22,C,7310.0,7607.1001,298.1,1.0,316.3,1.0,0.0,0.0,0.0,0.2086,0.9355,0.0006,-1.9156,1.29,1.1199
2026-09-16T17:40:28Z,2026-09-16 17:39:47,SPXW,2026-09-22,P,7310.0,7607.1001,5.5,92.0,5.7,95.0,6.25,5.0,134.0,0.2062,-0.0645,0.0006,-1.9512,1.29,-0.0802
2026-09-16T17:40:28Z,2026-09-16 17:39:47,SPXW,2026-09-22,C,7315.0,7607.1001,293.3,1.0,311.5,1.0,0.0,0.0,0.0,0.2074,0.9334,0.0006,-1.9597,1.3227,1.118
2026-09-16T17:40:28Z,2026-09-16 17:39:47,SPXW,2026-09-22,P,7315.0,7607.1001,5.7,91.0,5.9,94.0,6.4,1.0,78.0,0.2051,-0.0666,0.0006,-1.9947,1.3227,-0.0828
2026-09-16T17:40:28Z,2026-09-16 17:39:47,SPXW,2026-09-22,C,7320.0,7607.1001,288.7,1.0,306.7,2.0,0.0,0.0,0.0,0.2069,0.9311,0.0007,-2.0047,1.3564,1.116
2026-09-16T17:40:28Z,2026-09-16 17:39:47,SPXW,2026-09-22,P,7320.0,7607.1001,5.9,91.0,6.1,94.0,5.83,4.0,208.0,0.2039,-0.0688,0.0007,-2.0391,1.3564,-0.0856
2026-09-16T17:40:28Z,2026-09-16 17:39:47,SPXW,2026-09-22,C,7325.0,7607.1001,283.7,1.0,301.9,1.0,444.55,0.0,1.0,0.2048,0.9288,0.0007,-2.0508,1.3909,1.1139
2026-09-16T17:40:28Z,2026-09-16 17:39:47,SPXW,2026-09-22,P,7325.0,7607.1001,6.1,91.0,6.3,94.0,7.1,9.0,304.0,0.2027,-0.0712,0.0007,-2.0846,1.3909,-0.0886
2026-09-16T17:40:28Z,2026-09-16 17:39:47,SPXW,2026-09-22,C,7330.0,7607.1001,278.9,1.0,297.8,2.0,0.0,0.0,0.0,0.206,0.9264,0.0007,-2.0979,1.4262,1.1117
2026-09-16T17:40:28Z,2026-09-16 17:39:47,SPXW,2026-09-22,P,7330.0,7607.1001,6.3,90.0,6.5,93.0,7.05,42.0,276.0,0.2014,-0.0736,0.0007,-2.1312,1.4262,-0.0916
2026-09-16T17:40:28Z,2026-09-16 17:39:47,SPXW,2026-09-22,C,7335.0,7607.1001,274.1,1.0,293.0,1.0,0.0,0.0,0.0,0.2045,0.9239,0.0007,-2.1461,1.4622,1.1093
2026-09-16T17:40:28Z,2026-09-16 17:39:47,SPXW,2026-09-22,P,7335.0,7607.1001,6.5,89.0,6.7,74.0,7.56,35.0,123.0,0.2,-0.0761,0.0007,-2.1787,1.4622,-0.0948
2026-09-16T17:40:28Z,2026-09-16 17:39:47,SPXW,2026-09-22,C,7340.0,7607.1001,269.4,1.0,287.6,1.0,0.0,0.0,0.0,0.2013,0.9213,0.0007,-2.1953,1.4988,1.1068
2026-09-16T17:40:28Z,2026-09-16 17:39:47,SPXW,2026-09-22,P,7340.0,7607.1001,6.8,76.0,7.0,127.0,7.38,2.0,134.0,0.1993,-0.0787,0.0007,-2.2274,1.4988,-0.0981
2026-09-16T17:40:28Z,2026-09-16 17:39:47,SPXW,2026-09-22,C,7345.0,7607.1001,264.6,1.0,283.5,2.0,0.0,0.0,0.0,0.202,0.9186,0.0008,-2.2456,1.5361,1.1042
2026-09-16T17:40:28Z,2026-09-16 17:39:47,SPXW,2026-09-22,P,7345.0,7607.1001,7.0,88.0,7.2,91.0,7.44,10.0,43.0,0.1979,-0.0814,0.0008,-2.277,1.5361,-0.1015
2026-09-16T17:40:28Z,2026-09-16 17:39:47,SPXW,2026-09-22,C,7350.0,7607.1001,259.9,2.0,278.1,1.0,324.69,0.0,17.0,0.1988,0.9158,0.0008,-2.2968,1.5743,1.1016
2026-09-16T17:40:28Z,2026-09-16 17:39:47,SPXW,2026-09-22,P,7350.0,7607.1001,7.3,52.0,7.5,128.0,7.13,514.0,189.0,0.197,-0.0842,0.0008,-2.3277,1.5743,-0.105
2026-09-16T17:40:28Z,2026-09-16 17:39:47,SPXW,2026-09-22,C,7355.0,7607.1001,255.1,1.0,273.4,1.0,0.0,0.0,0.0,0.1974,0.9129,0.0008,-2.3491,1.6135,1.0988
2026-09-16T17:40:28Z,2026-09-16 17:39:47,SPXW,2026-09-22,P,7355.0,7607.1001,7.6,19.0,7.7,91.0,11.99,0.0,65.0,0.1957,-0.0871,0.0008,-2.3794,1.6135,-0.1087
2026-09-16T17:40:28Z,2026-09-16 17:39:47,SPXW,2026-09-22,C,7360.0,7607.1001,250.7,1.0,268.7,1.0,269.29,1.0,0.0,0.1973,0.9098,0.0008,-2.4024,1.6538,1.0958
2026-09-16T17:40:28Z,2026-09-16 17:39:47,SPXW,2026-09-22,P,7360.0,7607.1001,7.8,87.0,8.0,90.0,7.75,41.0,104.0,0.1944,-0.0901,0.0008,-2.432,1.6538,-0.1124
2026-09-16T17:40:28Z,2026-09-16 17:39:47,SPXW,2026-09-22,C,7365.0,7607.1001,246.7,1.0,264.0,2.0,0.0,0.0,0.0,0.1982,0.9067,0.0009,-2.4566,1.6954,1.0927
2026-09-16T17:40:28Z,2026-09-16 17:39:47,SPXW,2026-09-22,P,7365.0,7607.1001,8.1,83.0,8.3,81.0,8.0,63.0,99.0,0.1933,-0.0933,0.0009,-2.4857,1.6954,-0.1163
2026-09-16T17:40:28Z,2026-09-16 17:39:47,SPXW,2026-09-22,C,7370.0,7607.1001,240.7,1.0,259.9,2.0,0.0,0.0,0.0,0.1949,0.9034,0.0009,-2.5118,1.738,1.0894
2026-09-16T17:40:28Z,2026-09-16 17:39:47,SPXW,2026-09-22,P,7370.0,7607.1001,8.4,66.0,8.6,80.0,9.49,7.0,74.0,0.1922,-0.0965,0.0009,-2.5403,1.738,-0.1204
2026-09-16T17:40:28Z,2026-09-16 17:39:47,SPXW,2026-09-22,C,7375.0,7607.1001,237.0,1.0,254.6,1.0,0.0,0.0,0.0,0.1947,0.9001,0.0009,-2.5679,1.7816,1.086
2026-09-16T17:40:28Z,2026-09-16 17:39:47,SPXW,2026-09-22,P,7375.0,7607.1001,8.7,84.0,8.9,87.0,8.45,17.0,179.0,0.191,-0.0999,0.0009,-2.5958,1.7816,-0.1247
2026-09-16T17:40:28Z,2026-09-16 17:39:47,SPXW,2026-09-22,C,7380.0,7607.1001,231.6,1.0,249.9,1.0,222.05,0.0,31.0,0.1914,0.8966,0.001,-2.6249,1.826,1.0823
2026-09-16T17:40:28Z,2026-09-16 17:39:47,SPXW,2026-09-22,P,7380.0,7607.1001,9.1,16.0,9.2,67.0,9.2,25.0,92.0,0.19,-0.1034,0.001,-2.6522,1.826,-0.1292
2026-09-16T17:40:28Z,2026-09-16 17:39:47,SPXW,2026-09-22,C,7385.0,7607.1001,226.6,1.0,245.3,2.0,234.64,1.0,0.0,0.1894,0.8929,0.001,-2.6829,1.8709,1.0785
2026-09-16T17:40:28Z,2026-09-16 17:39:47,SPXW,2026-09-22,P,7385.0,7607.1001,9.4,38.0,9.5,11.0,8.8,11.0,51.0,0.1889,-0.1071,0.001,-2.7096,1.8709,-0.1339
2026-09-16T17:40:28Z,2026-09-16 17:39:47,SPXW,2026-09-22,C,7390.0,7607.1001,222.0,1.0,240.7,2.0,0.0,0.0,0.0,0.1885,0.8891,0.001,-2.7417,1.9163,1.0745
2026-09-16T17:40:28Z,2026-09-16 17:39:47,SPXW,2026-09-22,P,7390.0,7607.1001,9.7,78.0,9.9,74.0,9.35,17.0,107.0,0.1874,-0.1108,0.001,-2.7678,1.9163,-0.1387
2026-09-16T17:40:28Z,2026-09-16 17:39:47,SPXW,2026-09-22,C,7395.0,7607.1001,217.3,1.0,236.1,2.0,0.0,0.0,0.0,0.1872,0.8852,0.001,-2.8014,1.9625,1.0704
2026-09-16T17:40:28Z,2026-09-16 17:39:47,SPXW,2026-09-22,P,7395.0,7607.1001,10.1,41.0,10.3,75.0,10.27,17.0,356.0,0.1865,-0.1148,0.001,-2.8269,1.9625,-0.1436
2026-09-16T17:40:28Z,2026-09-16 17:39:47,SPXW,2026-09-22,C,7400.0,7607.1001,213.1,1.0,231.5,2.0,207.93,0.0,6.0,0.1871,0.8811,0.0011,-2.8618,2.0096,1.0661
2026-09-16T17:40:28Z,2026-09-16 17:39:47,SPXW,2026-09-22,P,7400.0,7607.1001,10.5,41.0,10.7,73.0,10.5,18.0,485.0,0.1854,-0.1188,0.0011,-2.8868,2.0096,-0.1487
2026-09-16T17:40:28Z,2026-09-16 17:39:47,SPXW,2026-09-22,C,7405.0,7607.1001,208.1,1.0,227.5,2.0,0.0,0.0,0.0,0.1864,0.8769,0.0011,-2.9231,2.0579,1.0617
2026-09-16T17:40:28Z,2026-09-16 17:39:47,SPXW,2026-09-22,P,7405.0,7607.1001,10.9,39.0,11.1,71.0,10.97,15.0,25.0,0.1843,-0.1231,0.0011,-2.9474,2.0579,-0.154
2026-09-16T17:40:28Z,2026-09-16 17:39:47,SPXW,2026-09-22,C,7410.0,7607.1001,206.1,1.0,220.4,1.0,216.18,1.0,2.0,0.1854,0.8725,0.0012,-2.985,2.1074,1.057
2026-09-16T17:40:28Z,2026-09-16 17:39:47,SPXW,2026-09-22,P,7410.0,7607.1001,11.3,37.0,11.5,69.0,10.9,3.0,90.0,0.1831,-0.1275,0.0012,-3.0088,2.1074,-0.1594
2026-09-16T17:40:28Z,2026-09-16 17:39:47,SPXW,2026-09-22,C,7415.0,7607.1001,201.7,1.0,215.2,1.0,195.03,0.0,1.0,0.1831,0.868,0.0012,-3.0475,2.158,1.0521
2026-09-16T17:40:28Z,2026-09-16 17:39:47,SPXW,2026-09-22,P,7415.0,7607.1001,11.7,68.0,11.9,63.0,17.9,0.0,35.0,0.1818,-0.132,0.0012,-3.0707,2.158,-0.1652
2026-09-16T17:40:28Z,2026-09-16 17:39:47,SPXW,2026-09-22,C,7420.0,7607.1001,198.3,2.0,211.1,1.0,202.46,1.0,1.0,0.1856,0.8632,0.0012,-3.1107,2.2095,1.0469
2026-09-16T17:40:28Z,2026-09-16 17:39:47,SPXW,2026-09-22,P,7420.0,7607.1001,12.2,30.0,12.4,65.0,12.48,1.0,163.0,0.1809,-0.1367,0.0012,-3.1333,2.2095,-0.1712
2026-09-16T17:40:28Z,2026-09-16 17:39:47,SPXW,2026-09-22,C,7425.0,7607.1001,193.3,1.0,206.1,1.0,0.0,0.0,0.0,0.1822,0.8584,0.0013,-3.1744,2.2614,1.0414
2026-09-16T17:40:28Z,2026-09-16 17:39:47,SPXW,2026-09-22,P,7425.0,7607.1001,12.7,21.0,12.8,45.0,12.42,20.0,345.0,0.1796,-0.1416,0.0013,-3.1964,2.2614,-0.1775
2026-09-16T17:40:28Z,2026-09-16 17:39:47,SPXW,2026-09-22,C,7430.0,7607.1001,188.8,1.0,201.6,1.0,199.97,0.0,2.0,0.181,0.8533,0.0013,-3.2386,2.3136,1.0358
2026-09-16T17:40:28Z,2026-09-16 17:39:47,SPXW,2026-09-22,P,7430.0,7607.1001,13.2,11.0,13.3,56.0,12.87,13.0,244.0,0.1786,-0.1467,0.0013,-3.26,2.3136,-0.184
2026-09-16T17:40:28Z,2026-09-16 17:39:47,SPXW,2026-09-22,C,7435.0,7607.1001,183.7,2.0,197.6,1.0,177.61,0.0,2.0,0.1796,0.848,0.0013,-3.3031,2.3662,1.03
2026-09-16T17:40:28Z,2026-09-16 17:39:47,SPXW,2026-09-22,P,7435.0,7607.1001,13.7,27.0,13.9,62.0,11.72,1.0,39.0,0.1776,-0.1519,0.0013,-3.324,2.3662,-0.1906
2026-09-16T17:40:28Z,2026-09-16 17:39:47,SPXW,2026-09-22,C,7440.0,7607.1001,179.8,1.0,192.7,1.0,242.85,0.0,1.0,0.1787,0.8426,0.0014,-3.368,2.4193,1.024
2026-09-16T17:40:28Z,2026-09-16 17:39:47,SPXW,2026-09-22,P,7440.0,7607.1001,14.2,27.0,14.4,62.0,13.92,17.0,101.0,0.1763,-0.1574,0.0014,-3.3883,2.4193,-0.1974
2026-09-16T17:40:28Z,2026-09-16 17:39:47,SPXW,2026-09-22,C,7445.0,7607.1001,175.5,1.0,188.2,1.0,0.0,0.0,0.0,0.1777,0.8369,0.0014,-3.4332,2.4733,1.0178
2026-09-16T17:40:28Z,2026-09-16 17:39:47,SPXW,2026-09-22,P,7445.0,7607.1001,14.7,61.0,14.9,45.0,22.67,0.0,46.0,0.1754,-0.163,0.0014,-3.4528,2.4733,-0.2044
2026-09-16T17:40:28Z,2026-09-16 17:39:47,SPXW,2026-09-22,C,7450.0,7607.1001,171.1,1.0,183.8,1.0,162.6,0.0,18.0,0.1766,0.8311,0.0015,-3.4985,2.5284,1.0112
2026-09-16T17:40:28Z,2026-09-16 17:39:47,SPXW,2026-09-22,P,7450.0,7607.1001,15.3,60.0,15.5,57.0,15.5,29.0,317.0,0.174,-0.1689,0.0015,-3.5175,2.5284,-0.2118
2026-09-16T17:40:28Z,2026-09-16 17:39:47,SPXW,2026-09-22,C,7455.0,7607.1001,165.9,1.0,179.2,1.0,160.64,0.0,1.0,0.1734,0.825,0.0015,-3.5637,2.5844,1.0044
2026-09-16T17:40:28Z,2026-09-16 17:39:47,SPXW,2026-09-22,P,7455.0,7607.1001,15.9,57.0,16.1,57.0,15.19,3.0,24.0,0.1728,-0.1749,0.0015,-3.5822,2.5844,-0.2195
2026-09-16T17:40:28Z,2026-09-16 17:39:47,SPXW,2026-09-22,C,7460.0,7607.1001,162.3,1.0,175.0,1.0,313.27,0.0,1.0,0.1741,0.8188,0.0016,-3.6289,2.641,0.9972
2026-09-16T17:40:28Z,2026-09-16 17:39:47,SPXW,2026-09-22,P,7460.0,7607.1001,16.6,19.0,16.8,60.0,16.4,24.0,90.0,0.172,-0.1812,0.0016,-3.6468,2.641,-0.2275
2026-09-16T17:40:28Z,2026-09-16 17:39:47,SPXW,2026-09-22,C,7465.0,7607.1001,156.9,1.0,170.6,1.0,0.0,0.0,0.0,0.1708,0.8123,0.0016,-3.6939,2.6975,0.9896
2026-09-16T17:40:28Z,2026-09-16 17:39:47,SPXW,2026-09-22,P,7465.0,7607.1001,17.2,29.0,17.4,54.0,25.9,0.0,53.0,0.1707,-0.1877,0.0016,-3.7112,2.6975,-0.2359
2026-09-16T17:40:28Z,2026-09-16 17:39:47,SPXW,2026-09-22,C,7470.0,7607.1001,152.5,1.0,166.2,1.0,0.0,0.0,0.0,0.1694,0.8056,0.0016,-3.7585,2.7537,0.9819
2026-09-16T17:40:28Z,2026-09-16 17:39:47,SPXW,2026-09-22,P,7470.0,7607.1001,17.9,21.0,18.1,56.0,19.7,32.0,226.0,0.1696,-0.1944,0.0016,-3.7752,2.7537,-0.2444
2026-09-16T17:40:28Z,2026-09-16 17:39:47,SPXW,2026-09-22,C,7475.0,7607.1001,148.3,3.0,162.0,1.0,138.1,0.0,13.0,0.1686,0.7986,0.0017,-3.8227,2.8098,0.9739
2026-09-16T17:40:28Z,2026-09-16 17:39:47,SPXW,2026-09-22,P,7475.0,7607.1001,18.6,24.0,18.8,53.0,18.2,37.0,209.0,0.1685,-0.2014,0.0017,-3.8388,2.8098,-0.2532
2026-09-16T17:40:28Z,2026-09-16 17:39:47,SPXW,2026-09-22,C,7480.0,7607.1001,144.0,3.0,157.7,1.0,211.68,0.0,1.0,0.1673,0.7914,0.0017,-3.8863,2.8661,0.9658
2026-09-16T17:40:28Z,2026-09-16 17:39:47,SPXW,2026-09-22,P,7480.0,7607.1001,19.3,57.0,19.5,43.0,18.7,9.0,92.0,0.1676,-0.2086,0.0017,-3.9018,2.8661,-0.2622
2026-09-16T17:40:28Z,2026-09-16 17:39:47,SPXW,2026-09-22,C,7485.0,7607.1001,141.0,2.0,153.4,1.0,134.22,0.0,1.0,0.1682,0.784,0.0018,-3.9491,2.9229,0.9573
2026-09-16T17:40:28Z,2026-09-16 17:39:47,SPXW,2026-09-22,P,7485.0,7607.1001,20.1,21.0,20.3,47.0,21.0,11.0,58.0,0.1662,-0.216,0.0018,-3.964,2.9229,-0.2715
2026-09-16T17:40:28Z,2026-09-16 17:39:47,SPXW,2026-09-22,C,7490.0,7607.1001,136.8,3.0,149.3,1.0,133.1,0.0,0.0,0.1672,0.7763,0.0018,-4.011,2.9802,0.9483
2026-09-16T17:40:28Z,2026-09-16 17:39:47,SPXW,2026-09-22,P,7490.0,7607.1001,20.9,20.0,21.1,46.0,21.0,49.0,195.0,0.1651,-0.2237,0.0018,-4.0253,2.9802,-0.2812
2026-09-16T17:40:28Z,2026-09-16 17:39:47,SPXW,2026-09-22,C,7495.0,7607.1001,131.7,3.0,145.7,1.0,123.65,0.0,7.0,0.1654,0.7684,0.0019,-4.0717,3.0377,0.939
2026-09-16T17:40:28Z,2026-09-16 17:39:47,SPXW,2026-09-22,P,7495.0,7607.1001,21.7,30.0,21.9,37.0,21.58,7.0,118.0,0.1642,-0.2316,0.0019,-4.0855,3.0377,-0.2914
2026-09-16T17:40:28Z,2026-09-16 17:39:47,SPXW,2026-09-22,C,7500.0,7607.1001,128.5,3.0,141.9,1.0,123.18,0.0,76.0,0.1663,0.7602,0.0019,-4.1311,3.0945,0.9292
2026-09-16T17:40:28Z,2026-09-16 17:39:47,SPXW,2026-09-22,P,7500.0,7607.1001,22.6,26.0,22.8,42.0,22.6,86.0,598.0,0.1628,-0.2398,0.0019,-4.1443,3.0945,-0.302
2026-09-16T17:40:28Z,2026-09-16 17:39:47,SPXW,2026-09-22,C,7505.0,7607.1001,124.4,3.0,136.9,1.0,115.8,0.0,3.0,0.1637,0.7517,0.002,-4.189,3.1502,0.9192
2026-09-16T17:40:28Z,2026-09-16 17:39:47,SPXW,2026-09-22,P,7505.0,7607.1001,23.5,26.0,23.7,52.0,23.7,25.0,228.0,0.1617,-0.2483,0.002,-4.2016,3.1502,-0.3128
2026-09-16T17:40:28Z,2026-09-16 17:39:47,SPXW,2026-09-22,C,7510.0,7607.1001,124.2,1.0,127.5,1.0,110.7,0.0,43.0,0.1602,0.7429,0.002,-4.2452,3.205,0.909
2026-09-16T17:40:28Z,2026-09-16 17:39:47,SPXW,2026-09-22,P,7510.0,7607.1001,24.4,28.0,24.6,25.0,25.0,31.0,176.0,0.1608,-0.257,0.002,-4.2572,3.205,-0.3238
2026-09-16T17:40:28Z,2026-09-16 17:39:47,SPXW,2026-09-22,C,7515.0,7607.1001,120.2,1.0,123.8,1.0,129.6,1.0,9.0,0.1596,0.7339,0.0021,-4.2995,3.2591,0.8986
2026-09-16T17:40:28Z,2026-09-16 17:39:47,SPXW,2026-09-22,P,7515.0,7607.1001,25.4,26.0,25.6,29.0,24.9,31.0,74.0,0.1597,-0.266,0.0021,-4.3109,3.2591,-0.3351
2026-09-16T17:40:28Z,2026-09-16 17:39:47,SPXW,2026-09-22,C,7520.0,7607.1001,116.2,1.0,119.5,1.0,104.03,0.0,1.0,0.1579,0.7246,0.0021,-4.3516,3.313,0.8877
2026-09-16T17:40:28Z,2026-09-16 17:39:47,SPXW,2026-09-22,P,7520.0,7607.1001,26.4,26.0,26.6,25.0,26.23,29.0,121.0,0.1586,-0.2753,0.0021,-4.3624,3.313,-0.3468
2026-09-16T17:40:28Z,2026-09-16 17:39:47,SPXW,2026-09-22,C,7525.0,7607.1001,112.3,1.0,115.9,1.0,101.0,0.0,3.0,0.1574,0.7151,0.0022,-4.4014,3.3664,0.8763
2026-09-16T17:40:28Z,2026-09-16 17:39:47,SPXW,2026-09-22,P,7525.0,7607.1001,27.5,24.0,27.7,44.0,26.09,28.0,250.0,0.1576,-0.2849,0.0022,-4.4116,3.3664,-0.3591
2026-09-16T17:40:28Z,2026-09-16 17:39:47,SPXW,2026-09-22,C,7530.0,7607.1001,108.4,1.0,111.7,1.0,96.8,0.0,12.0,0.1558,0.7052,0.0022,-4.4486,3.4188,0.8644
2026-09-16T17:40:28Z,2026-09-16 17:39:47,SPXW,2026-09-22,P,7530.0,7607.1001,28.6,23.0,28.8,39.0,27.3,10.0,406.0,0.1564,-0.2948,0.0022,-4.4582,3.4188,-0.3718
2026-09-16T17:40:28Z,2026-09-16 17:39:47,SPXW,2026-09-22,C,7535.0,7607.1001,104.6,1.0,107.8,1.0,95.4,0.0,12.0,0.1547,0.6951,0.0023,-4.4928,3.4694,0.8522
2026-09-16T17:40:28Z,2026-09-16 17:39:47,SPXW,2026-09-22,P,7535.0,7607.1001,29.8,15.0,30.0,43.0,28.81,28.0,79.0,0.1552,-0.3049,0.0023,-4.5018,3.4694,-0.3848
2026-09-16T17:40:28Z,2026-09-16 17:39:47,SPXW,2026-09-22,C,7540.0,7607.1001,102.4,2.0,102.7,2.0,90.3,0.0,3.0,0.1537,0.6846,0.0023,-4.5339,3.5178,0.8397
2026-09-16T17:40:28Z,2026-09-16 17:39:47,SPXW,2026-09-22,P,7540.0,7607.1001,31.0,13.0,31.2,38.0,30.1,32.0,119.0,0.1541,-0.3153,0.0023,-4.5423,3.5178,-0.3981
2026-09-16T17:40:28Z,2026-09-16 17:39:47,SPXW,2026-09-22,C,7545.0,7607.1001,98.7,3.0,98.9,3.0,86.8,0.0,13.0,0.1526,0.6739,0.0024,-4.5716,3.5644,0.8271
2026-09-16T17:40:28Z,2026-09-16 17:39:47,SPXW,2026-09-22,P,7545.0,7607.1001,32.2,15.0,32.4,37.0,28.3,10.0,54.0,0.1531,-0.3261,0.0024,-4.5795,3.5644,-0.4116
2026-09-16T17:40:28Z,2026-09-16 17:39:47,SPXW,2026-09-22,C,7550.0,7607.1001,95.0,3.0,95.2,3.0,103.93,14.0,33.0,0.1516,0.6629,0.0024,-4.6058,3.6094,0.814
2026-09-16T17:40:28Z,2026-09-16 17:39:47,SPXW,2026-09-22,P,7550.0,7607.1001,33.5,15.0,33.7,38.0,32.58,60.0,865.0,0.152,-0.3371,0.0024,-4.613,3.6094,-0.4255
2026-09-16T17:40:28Z,2026-09-16 17:39:47,SPXW,2026-09-22,C,7555.0,7607.1001,91.3,3.0,91.6,3.0,98.34,1.0,5.0,0.1504,0.6516,0.0025,-4.636,3.653,0.8003
2026-09-16T17:40:28Z,2026-09-16 17:39:47,SPXW,2026-09-22,P,7555.0,7607.1001,34.8,18.0,35.1,35.0,33.6,10.0,48.0,0.1508,-0.3484,0.0025,-4.6427,3.653,-0.4399
2026-09-16T17:40:28Z,2026-09-16 17:39:47,SPXW,2026-09-22,C,7560.0,7607.1001,87.7,4.0,88.0,4.0,93.9,2.0,28.0,0.1494,0.6399,0.0025,-4.662,3.6944,0.7861
2026-09-16T17:40:28Z,2026-09-16 17:39:47,SPXW,2026-09-22,P,7560.0,7607.1001,36.2,19.0,36.5,36.0,37.1,30.0,669.0,0.1497,-0.36,0.0025,-4.6681,3.6944,-0.455
2026-09-16T17:40:28Z,2026-09-16 17:39:47,SPXW,2026-09-22,C,7565.0,7607.1001,84.2,5.0,84.5,5.0,84.6,1.0,17.0,0.1482,0.628,0.0026,-4.6835,3.7329,0.7716
2026-09-16T17:40:28Z,2026-09-16 17:39:47,SPXW,2026-09-22,P,7565.0,7607.1001,37.7,13.0,37.9,37.0,37.18,8.0,45.0,0.1487,-0.372,0.0026,-4.689,3.7329,-0.4703
2026-09-16T17:40:28Z,2026-09-16 17:39:47,SPXW,2026-09-22,C,7570.0,7607.1001,80.7,5.0,81.0,22.0,72.0,0.0,64.0,0.1472,0.6158,0.0026,-4.7003,3.7681,0.757
2026-09-16T17:40:28Z,2026-09-16 17:39:47,SPXW,2026-09-22,P,7570.0,7607.1001,39.2,14.0,39.4,25.0,38.3,25.0,247.0,0.1476,-0.3842,0.0026,-4.7052,3.7681,-0.4858
2026-09-16T17:40:28Z,2026-09-16 17:39:47,SPXW,2026-09-22,C,7575.0,7607.1001,77.3,5.0,77.5,22.0,86.68,7.0,16.0,0.1461,0.6033,0.0027,-4.7122,3.8003,0.742
2026-09-16T17:40:28Z,2026-09-16 17:39:47,SPXW,2026-09-22,P,7575.0,7607.1001,40.8,13.0,41.0,35.0,41.7,17.0,551.0,0.1464,-0.3967,0.0027,-4.7165,3.8003,-0.5015
2026-09-16T17:40:28Z,2026-09-16 17:39:47,SPXW,2026-09-22,C,7580.0,7607.1001,73.9,5.0,74.2,24.0,79.1,20.0,77.0,0.145,0.5905,0.0027,-4.7189,3.8297,0.7266
2026-09-16T17:40:28Z,2026-09-16 17:39:47,SPXW,2026-09-22,P,7580.0,7607.1001,42.4,11.0,42.6,25.0,40.68,34.0,378.0,0.1454,-0.4095,0.0027,-4.7226,3.8297,-0.5177
2026-09-16T17:40:28Z,2026-09-16 17:39:47,SPXW,2026-09-22,C,7585.0,7607.1001,70.6,6.0,70.9,26.0,78.1,18.0,211.0,0.1439,0.5774,0.0028,-4.72,3.8559,0.7106
2026-09-16T17:40:28Z,2026-09-16 17:39:47,SPXW,2026-09-22,P,7585.0,7607.1001,44.1,11.0,44.3,25.0,41.0,28.0,849.0,0.1443,-0.4225,0.0028,-4.7232,3.8559,-0.5346
2026-09-16T17:40:28Z,2026-09-16 17:39:47,SPXW,2026-09-22,C,7590.0,7607.1001,67.4,6.0,67.6,26.0,76.4,29.0,26.0,0.1428,0.5641,0.0028,-4.7154,3.8784,0.6942
2026-09-16T17:40:28Z,2026-09-16 17:39:47,SPXW,2026-09-22,P,7590.0,7607.1001,45.9,6.0,46.1,31.0,43.56,42.0,619.0,0.1431,-0.4359,0.0028,-4.7179,3.8784,-0.5518
2026-09-16T17:40:28Z,2026-09-16 17:39:47,SPXW,2026-09-22,C,7595.0,7607.1001,64.2,6.0,64.5,28.0,66.2,33.0,26.0,0.1418,0.5505,0.0028,-4.7047,3.8968,0.6776
2026-09-16T17:40:28Z,2026-09-16 17:39:47,SPXW,2026-09-22,P,7595.0,7607.1001,47.7,6.0,47.9,30.0,40.49,15.0,227.0,0.1422,-0.4495,0.0028,-4.7066,3.8968,-0.5693
2026-09-16T17:40:28Z,2026-09-16 17:39:47,SPXW,2026-09-22,C,7600.0,7607.1001,61.1,6.0,61.3,6.0,67.5,287.0,161.0,0.1406,0.5366,0.0029,-4.6879,3.9108,0.6608
2026-09-16T17:40:28Z,2026-09-16 17:39:47,SPXW,2026-09-22,P,7600.0,7607.1001,49.6,6.0,49.8,29.0,49.0,224.0,913.0,0.1408,-0.4634,0.0029,-4.6893,3.9108,-0.5868
2026-09-16T17:40:28Z,2026-09-16 17:39:47,SPXW,2026-09-22,C,7605.0,7607.1001,58.1,6.0,58.3,33.0,58.0,65.0,54.0,0.1396,0.5224,0.0029,-4.6648,3.9205,0.6437
2026-09-16T17:40:28Z,2026-09-16 17:39:47,SPXW,2026-09-22,P,7605.0,7607.1001,51.5,9.0,51.8,33.0,51.6,13.0,40.0,0.14,-0.4776,0.0029,-4.6656,3.9205,-0.6047
2026-09-16T17:40:28Z,2026-09-16 17:39:47,SPXW,2026-09-22,C,7610.0,7607.1001,55.1,6.0,55.3,28.0,55.3,151.0,95.0,0.1384,0.508,0.0029,-4.6352,3.9257,0.626
2026-09-16T17:40:28Z,2026-09-16 17:39:47,SPXW,2026-09-22,P,7610.0,7607.1001,53.6,6.0,53.8,29.0,55.47,139.0,51.0,0.1387,-0.492,0.0029,-4.6354,3.9257,-0.6233
2026-09-16T17:40:28Z,2026-09-16 17:39:47,SPXW,2026-09-22,C,7615.0,7607.1001,52.2,6.0,52.4,8.0,52.78,40.0,60.0,0.1374,0.4934,0.0029,-4.5988,3.926,0.6079
2026-09-16T17:40:28Z,2026-09-16 17:39:47,SPXW,2026-09-22,P,7615.0,7607.1001,55.7,6.0,55.9,29.0,55.82,112.0,40.0,0.1377,-0.5066,0.0029,-4.5984,3.926,-0.6422
2026-09-16T17:40:28Z,2026-09-16 17:39:47,SPXW,2026-09-22,C,7620.0,7607.1001,49.4,6.0,49.6,28.0,52.5,26.0,51.0,0.1363,0.4786,0.003,-4.5555,3.9213,0.5897
2026-09-16T17:40:28Z,2026-09-16 17:39:47,SPXW,2026-09-22,P,7620.0,7607.1001,57.8,9.0,58.1,33.0,59.78,38.0,83.0,0.1367,-0.5214,0.003,-4.5545,3.9213,-0.6612
2026-09-16T17:40:28Z,2026-09-16 17:39:47,SPXW,2026-09-22,C,7625.0,7607.1001,46.6,6.0,46.9,34.0,47.5,18.0,75.0,0.1353,0.4635,0.003,-4.5053,3.9114,0.5715
2026-09-16T17:40:28Z,2026-09-16 17:39:47,SPXW,2026-09-22,P,7625.0,7607.1001,60.1,9.0,60.3,6.0,54.82,15.0,145.0,0.1356,-0.5364,0.003,-4.5037,3.9114,-0.6802
2026-09-16T17:40:28Z,2026-09-16 17:39:47,SPXW,2026-09-22,C,7630.0,7607.1001,44.0,6.0,44.2,31.0,44.5,30.0,148.0,0.1341,0.4483,0.003,-4.4483,3.8959,0.553
2026-09-16T17:40:28Z,2026-09-16 17:39:47,SPXW,2026-09-22,P,7630.0,7607.1001,62.4,9.0,62.7,30.0,63.6,14.0,72.0,0.1346,-0.5517,0.003,-4.4461,3.8959,-0.6996
2026-09-16T17:40:28Z,2026-09-16 17:39:47,SPXW,2026-09-22,C,7635.0,7607.1001,41.4,6.0,41.6,30.0,42.15,16.0,27.0,0.133,0.4329,0.003,-4.3843,3.8745,0.5339
2026-09-16T17:40:28Z,2026-09-16 17:39:47,SPXW,2026-09-22,P,7635.0,7607.1001,64.8,6.0,65.1,25.0,63.78,9.0,45.0,0.1335,-0.5671,0.003,-4.3815,3.8745,-0.7195
2026-09-16T17:40:28Z,2026-09-16 17:39:47,SPXW,2026-09-22,C,7640.0,7607.1001,38.9,7.0,39.1,32.0,45.2,28.0,354.0,0.1319,0.4174,0.003,-4.3132,3.8471,0.5146
2026-09-16T17:40:28Z,2026-09-16 17:39:47,SPXW,2026-09-22,P,7640.0,7607.1001,67.3,6.0,67.6,25.0,64.12,3.0,133.0,0.1324,-0.5826,0.003,-4.3098,3.8471,-0.7396
2026-09-16T17:40:28Z,2026-09-16 17:39:47,SPXW,2026-09-22,C,7645.0,7607.1001,36.5,7.0,36.7,31.0,41.66,13.0,37.0,0.1309,0.4018,0.003,-4.2352,3.8142,0.4955
2026-09-16T17:40:28Z,2026-09-16 17:39:47,SPXW,2026-09-22,P,7645.0,7607.1001,69.9,5.0,70.2,5.0,65.84,35.0,132.0,0.1314,-0.5982,0.003,-4.2312,3.8142,-0.7595
2026-09-16T17:40:28Z,2026-09-16 17:39:47,SPXW,2026-09-22,C,7650.0,7607.1001,34.1,12.0,34.4,42.0,34.0,110.0,110.0,0.1299,0.3861,0.003,-4.1505,3.7758,0.4764
2026-09-16T17:40:28Z,2026-09-16 17:39:47,SPXW,2026-09-22,P,7650.0,7607.1001,72.6,5.0,72.8,5.0,64.68,78.0,210.0,0.1303,-0.6139,0.003,-4.146,3.7758,-0.7794
2026-09-16T17:40:28Z,2026-09-16 17:39:47,SPXW,2026-09-22,C,7655.0,7607.1001,31.9,9.0,32.1,36.0,33.12,13.0,68.0,0.1287,0.3703,0.003,-4.0593,3.7307,0.457
2026-09-16T17:40:28Z,2026-09-16 17:39:47,SPXW,2026-09-22,P,7655.0,7607.1001,75.3,5.0,75.6,5.0,70.14,13.0,30.0,0.1293,-0.6296,0.003,-4.0542,3.7307,-0.7997
2026-09-16T17:40:28Z,2026-09-16 17:39:47,SPXW,2026-09-22,C,7660.0,7607.1001,29.7,9.0,29.9,28.0,36.0,14.0,173.0,0.1279,0.3546,0.003,-3.9616,3.6788,0.4372
2026-09-16T17:40:28Z,2026-09-16 17:39:47,SPXW,2026-09-22,P,7660.0,7607.1001,78.1,4.0,78.4,4.0,79.54,79.0,459.0,0.1283,-0.6454,0.003,-3.9559,3.6788,-0.8202
2026-09-16T17:40:28Z,2026-09-16 17:39:47,SPXW,2026-09-22,C,7665.0,7607.1001,27.6,17.0,27.8,1.0,27.95,19.0,51.0,0.1268,0.3388,0.0029,-3.8577,3.621,0.4178
2026-09-16T17:40:28Z,2026-09-16 17:39:47,SPXW,2026-09-22,P,7665.0,7607.1001,81.1,3.0,81.3,3.0,78.51,10.0,63.0,0.1272,-0.6612,0.0029,-3.8514,3.621,-0.8405
2026-09-16T17:40:28Z,2026-09-16 17:39:47,SPXW,2026-09-22,C,7670.0,7607.1001,25.7,8.0,25.9,42.0,29.19,39.0,211.0,0.1257,0.3231,0.0029,-3.7479,3.5583,0.3987
2026-09-16T17:40:28Z,2026-09-16 17:39:47,SPXW,2026-09-22,P,7670.0,7607.1001,84.1,3.0,84.3,3.0,86.61,0.0,105.0,0.1261,-0.6768,0.0029,-3.741,3.5583,-0.8604
2026-09-16T17:40:28Z,2026-09-16 17:39:47,SPXW,2026-09-22,C,7675.0,7607.1001,23.8,8.0,24.0,42.0,27.22,94.0,379.0,0.1247,0.3075,0.0028,-3.6328,3.4894,0.3795
2026-09-16T17:40:28Z,2026-09-16 17:39:47,SPXW,2026-09-22,P,7675.0,7607.1001,87.2,2.0,87.4,2.0,80.33,17.0,396.0,0.1251,-0.6925,0.0028,-3.6253,3.4894,-0.8805
2026-09-16T17:40:28Z,2026-09-16 17:39:47,SPXW,2026-09-22,C,7680.0,7607.1001,21.9,22.0,22.2,49.0,25.3,26.0,506.0,0.1237,0.292,0.0028,-3.5126,3.4135,0.3601
2026-09-16T17:40:28Z,2026-09-16 17:39:47,SPXW,2026-09-22,P,7680.0,7607.1001,89.0,1.0,92.3,1.0,83.26,2.0,160.0,0.1243,-0.7079,0.0028,-3.5045,3.4135,-0.9007
2026-09-16T17:40:28Z,2026-09-16 17:39:47,SPXW,2026-09-22,C,7685.0,7607.1001,20.2,22.0,20.4,38.0,23.1,26.0,387.0,0.1227,0.2767,0.0028,-3.3876,3.3319,0.3411
2026-09-16T17:40:28Z,2026-09-16 17:39:47,SPXW,2026-09-22,P,7685.0,7607.1001,92.3,1.0,95.5,1.0,91.76,5.0,83.0,0.1232,-0.7232,0.0028,-3.3789,3.3319,-0.9205
2026-09-16T17:40:28Z,2026-09-16 17:39:47,SPXW,2026-09-22,C,7690.0,7607.1001,18.6,22.0,18.8,42.0,21.06,11.0,104.0,0.1218,0.2616,0.0027,-3.2585,3.2462,0.3227
2026-09-16T17:40:28Z,2026-09-16 17:39:47,SPXW,2026-09-22,P,7690.0,7607.1001,95.3,1.0,98.9,1.0,88.17,20.0,276.0,0.1218,-0.7384,0.0027,-3.2492,3.2462,-0.9397
2026-09-16T17:40:28Z,2026-09-16 17:39:47,SPXW,2026-09-22,C,7695.0,7607.1001,17.1,9.0,17.3,50.0,18.0,57.0,108.0,0.1207,0.2467,0.0026,-3.1258,3.1557,0.3043
2026-09-16T17:40:28Z,2026-09-16 17:39:47,SPXW,2026-09-22,P,7695.0,7607.1001,99.1,1.0,102.4,1.0,94.35,2.0,64.0,0.1214,-0.7532,0.0026,-3.1159,3.1557,-0.9589
2026-09-16T17:40:28Z,2026-09-16 17:39:47,SPXW,2026-09-22,C,7700.0,7607.1001,15.6,25.0,15.8,48.0,16.0,96.0,758.0,0.1199,0.2321,0.0026,-2.99,3.0589,0.286
2026-09-16T17:40:28Z,2026-09-16 17:39:47,SPXW,2026-09-22,P,7700.0,7607.1001,99.9,1.0,107.7,4.0,97.75,4.0,380.0,0.1188,-0.7678,0.0026,-2.9796,3.0589,-0.978
2026-09-16T17:40:28Z,2026-09-16 17:39:47,SPXW,2026-09-22,C,7705.0,7607.1001,14.2,54.0,14.4,44.0,16.0,31.0,86.0,0.1189,0.2178,0.0025,-2.8518,2.9574,0.2684
2026-09-16T17:40:28Z,2026-09-16 17:39:47,SPXW,2026-09-22,P,7705.0,7607.1001,103.3,1.0,111.9,4.0,73.5,0.0,1.0,0.1185,-0.7821,0.0025,-2.8407,2.9574,-0.9965
2026-09-16T17:40:28Z,2026-09-16 17:39:47,SPXW,2026-09-22,C,7710.0,7607.1001,12.9,55.0,13.2,55.0,16.2,27.0,190.0,0.1179,0.2039,0.0024,-2.7117,2.8535,0.2513
2026-09-16T17:40:28Z,2026-09-16 17:39:47,SPXW,2026-09-22,P,7710.0,7607.1001,107.2,1.0,115.4,1.0,108.46,15.0,48.0,0.1175,-0.7961,0.0024,-2.7001,2.8535,-1.0144
2026-09-16T17:40:28Z,2026-09-16 17:39:47,SPXW,2026-09-22,C,7715.0,7607.1001,11.8,10.0,11.9,8.0,12.03,49.0,327.0,0.117,0.1903,0.0023,-2.5705,2.7462,0.2345
2026-09-16T17:40:28Z,2026-09-16 17:39:47,SPXW,2026-09-22,P,7715.0,7607.1001,107.9,3.0,121.5,3.0,141.1,0.0,27.0,0.1151,-0.8097,0.0023,-2.5583,2.7462,-1.0321
2026-09-16T17:40:28Z,2026-09-16 17:39:47,SPXW,2026-09-22,C,7720.0,7607.1001,10.6,58.0,10.8,48.0,12.0,17.0,210.0,0.1162,0.1771,0.0023,-2.429,2.6343,0.218
2026-09-16T17:40:28Z,2026-09-16 17:39:47,SPXW,2026-09-22,P,7720.0,7607.1001,111.5,1.0,124.6,1.0,111.45,14.0,43.0,0.112,-0.8228,0.0023,-2.4162,2.6343,-1.0494
2026-09-16T17:40:28Z,2026-09-16 17:39:47,SPXW,2026-09-22,C,7725.0,7607.1001,9.6,55.0,9.8,54.0,9.88,56.0,238.0,0.1155,0.1644,0.0022,-2.2877,2.5198,0.2024
2026-09-16T17:40:28Z,2026-09-16 17:39:47,SPXW,2026-09-22,P,7725.0,7607.1001,120.5,2.0,125.9,2.0,123.1,8.0,82.0,0.1159,-0.8356,0.0022,-2.2743,2.5198,-1.0658
2026-09-16T17:40:28Z,2026-09-16 17:39:47,SPXW,2026-09-22,C,7730.0,7607.1001,8.6,62.0,8.8,55.0,9.3,106.0,160.0,0.1145,0.1522,0.0021,-2.1474,2.4051,0.1874
2026-09-16T17:40:28Z,2026-09-16 17:39:47,SPXW,2026-09-22,P,7730.0,7607.1001,120.3,1.0,132.8,2.0,131.65,0.0,25.0,0.1121,-0.8478,0.0021,-2.1334,2.4051,-1.0816
2026-09-16T17:40:28Z,2026-09-16 17:39:47,SPXW,2026-09-22,C,7735.0,7607.1001,7.8,12.0,7.9,54.0,10.45,53.0,129.0,0.1136,0.1404,0.002,-2.009,2.2887,0.1726
2026-09-16T17:40:28Z,2026-09-16 17:39:47,SPXW,2026-09-22,P,7735.0,7607.1001,123.8,1.0,136.9,2.0,154.75,0.0,11.0,0.1096,-0.8596,0.002,-1.9944,2.2887,-1.0972
2026-09-16T17:40:28Z,2026-09-16 17:39:47,SPXW,2026-09-22,C,7740.0,7607.1001,6.9,67.0,7.1,60.0,8.36,21.0,244.0,0.1129,0.1292,0.0019,-1.8732,2.1702,0.1587
2026-09-16T17:40:28Z,2026-09-16 17:39:47,SPXW,2026-09-22,P,7740.0,7607.1001,128.6,1.0,141.9,3.0,121.2,11.0,117.0,0.1122,-0.8708,0.0019,-1.858,2.1702,-1.1119
2026-09-16T17:40:28Z,2026-09-16 17:39:47,SPXW,2026-09-22,C,7745.0,7607.1001,6.2,65.0,6.4,69.0,5.79,38.0,205.0,0.1124,0.1185,0.0018,-1.7406,2.0524,0.1457
2026-09-16T17:40:28Z,2026-09-16 17:39:47,SPXW,2026-09-22,P,7745.0,7607.1001,132.9,1.0,146.1,3.0,70.8,0.0,2.0,0.1114,-0.8815,0.0018,-1.7249,2.0524,-1.1258
2026-09-16T17:40:28Z,2026-09-16 17:39:47,SPXW,2026-09-22,C,7750.0,7607.1001,5.5,79.0,5.7,78.0,6.0,92.0,669.0,0.1116,0.1084,0.0017,-1.6121,1.9365,0.1331
2026-09-16T17:40:28Z,2026-09-16 17:39:47,SPXW,2026-09-22,P,7750.0,7607.1001,137.2,1.0,150.0,1.0,156.96,0.0,275.0,0.1094,-0.8916,0.0017,-1.5957,1.9365,-1.1391
2026-09-16T17:40:28Z,2026-09-16 17:39:47,SPXW,2026-09-22,C,7755.0,7607.1001,4.9,82.0,5.1,81.0,5.6,18.0,120.0,0.111,0.0988,0.0016,-1.4883,1.8209,0.1212
2026-09-16T17:40:28Z,2026-09-16 17:39:47,SPXW,2026-09-22,P,7755.0,7607.1001,141.4,1.0,154.8,2.0,160.23,0.0,8.0,0.1093,-0.9011,0.0016,-1.4713,1.8209,-1.1519
2026-09-16T17:40:28Z,2026-09-16 17:39:47,SPXW,2026-09-22,C,7760.0,7607.1001,4.3,77.0,4.5,85.0,6.91,22.0,181.0,0.1101,0.0899,0.0015,-1.3697,1.7069,0.1103
2026-09-16T17:40:28Z,2026-09-16 17:39:47,SPXW,2026-09-22,P,7760.0,7607.1001,145.8,1.0,159.2,2.0,128.53,0.0,11.0,0.1083,-0.9101,0.0015,-1.3522,1.7069,-1.1636
2026-09-16T17:40:28Z,2026-09-16 17:39:47,SPXW,2026-09-22,C,7765.0,7607.1001,3.8,90.0,4.0,88.0,4.9,19.0,190.0,0.1096,0.0816,0.0014,-1.2569,1.5966,0.1001
2026-09-16T17:40:28Z,2026-09-16 17:39:47,SPXW,2026-09-22,P,7765.0,7607.1001,150.3,1.0,164.1,3.0,178.56,0.0,6.0,0.109,-0.9184,0.0014,-1.2388,1.5966,-1.1747
2026-09-16T17:40:28Z,2026-09-16 17:39:47,SPXW,2026-09-22,C,7770.0,7607.1001,3.4,90.0,3.6,89.0,3.7,18.0,157.0,0.109,0.0738,0.0013,-1.1504,1.4899,0.0904
2026-09-16T17:40:28Z,2026-09-16 17:39:47,SPXW,2026-09-22,P,7770.0,7607.1001,154.8,1.0,168.7,4.0,181.86,0.0,3.0,0.1085,-0.9261,0.0013,-1.1316,1.4899,-1.1852
2026-09-16T17:40:28Z,2026-09-16 17:39:47,SPXW,2026-09-22,C,7775.0,7607.1001,3.0,95.0,3.1,51.0,3.27,4.0,1426.0,0.1085,0.0667,0.0012,-1.0505,1.3863,0.0816
2026-09-16T17:40:28Z,2026-09-16 17:39:47,SPXW,2026-09-22,P,7775.0,7607.1001,158.7,1.0,172.4,1.0,151.0,1.0,13.0,0.1011,-0.9333,0.0012,-1.0312,1.3863,-1.1948
2026-09-16T17:40:28Z,2026-09-16 17:39:47,SPXW,2026-09-22,C,7780.0,7607.1001,2.65,67.0,2.75,49.0,2.9,16.0,524.0,0.1082,0.0602,0.0011,-0.9573,1.2874,0.0736
2026-09-16T17:40:28Z,2026-09-16 17:39:47,SPXW,2026-09-22,P,7780.0,7607.1001,164.0,1.0,176.5,2.0,172.85,0.0,23.0,0.1005,-0.9398,0.0011,-0.9374,1.2874,-1.2036
2026-09-16T17:40:28Z,2026-09-16 17:39:47,SPXW,2026-09-22,C,7785.0,7607.1001,2.3,121.0,2.45,97.0,2.55,2.0,569.0,0.1077,0.0542,0.001,-0.8711,1.194,0.0662
2026-09-16T17:40:28Z,2026-09-16 17:39:47,SPXW,2026-09-22,P,7785.0,7607.1001,168.7,1.0,181.2,2.0,173.42,1.0,2.0,0.0996,-0.9458,0.001,-0.8507,1.194,-1.2118
2026-09-16T17:40:28Z,2026-09-16 17:39:47,SPXW,2026-09-22,C,7790.0,7607.1001,2.05,96.0,2.15,70.0,2.1,70.0,289.0,0.1074,0.0488,0.001,-0.792,1.1057,0.0595
2026-09-16T17:40:28Z,2026-09-16 17:39:47,SPXW,2026-09-22,P,7790.0,7607.1001,173.4,1.0,186.6,3.0,198.04,0.0,15.0,0.1025,-0.9512,0.001,-0.7709,1.1057,-1.2194
2026-09-16T17:40:28Z,2026-09-16 17:39:47,SPXW,2026-09-22,C,7795.0,7607.1001,1.8,70.0,1.9,65.0,1.9,31.0,162.0,0.1072,0.0439,0.0009,-0.7197,1.0225,0.0535
2026-09-16T17:40:28Z,2026-09-16 17:39:47,SPXW,2026-09-22,P,7795.0,7607.1001,178.4,1.0,191.1,3.0,0.0,0.0,0.0,0.1018,-0.9561,0.0009,-0.6981,1.0225,-1.2261
2026-09-16T17:40:28Z,2026-09-16 17:39:47,SPXW,2026-09-22,C,7800.0,7607.1001,1.55,170.0,1.7,152.0,1.75,60.0,1667.0,0.1069,0.0395,0.0008,-0.6541,0.9453,0.0482
2026-09-16T17:40:28Z,2026-09-16 17:39:47,SPXW,2026-09-22,P,7800.0,7607.1001,182.3,1.0,195.9,1.0,187.25,7.0,83.0,0.0938,-0.9605,0.0008,-0.6319,0.9453,-1.2323
2026-09-16T17:40:28Z,2026-09-16 17:39:47,SPXW,2026-09-22,C,7805.0,7607.1001,1.4,94.0,1.5,72.0,1.9,17.0,185.0,0.1069,0.0356,0.0007,-0.595,0.874,0.0433
2026-09-16T17:40:28Z,2026-09-16 17:39:47,SPXW,2026-09-22,P,7805.0,7607.1001,187.7,1.0,200.7,1.0,0.0,0.0,0.0,0.0979,-0.9644,0.0007,-0.5721,0.874,-1.238
2026-09-16T17:40:28Z,2026-09-16 17:39:47,SPXW,2026-09-22,C,7810.0,7607.1001,1.2,173.0,1.35,155.0,1.35,31.0,347.0,0.1064,0.0321,0.0007,-0.542,0.8082,0.039
2026-09-16T17:40:28Z,2026-09-16 17:39:47,SPXW,2026-09-22,P,7810.0,7607.1001,192.4,1.0,205.6,3.0,201.72,1.0,8.0,0.096,-0.9679,0.0007,-0.5186,0.8082,-1.2431
2026-09-16T17:40:28Z,2026-09-16 17:39:47,SPXW,2026-09-22,C,7815.0,7607.1001,1.1,49.0,1.2,155.0,1.5,29.0,198.0,0.107,0.029,0.0006,-0.4946,0.7479,0.0352
2026-09-16T17:40:28Z,2026-09-16 17:39:47,SPXW,2026-09-22,P,7815.0,7607.1001,197.7,1.0,210.2,1.0,192.13,1.0,0.0,0.097,-0.971,0.0006,-0.4706,0.7479,-1.2477
2026-09-16T17:40:28Z,2026-09-16 17:39:47,SPXW,2026-09-22,C,7820.0,7607.1001,0.95,184.0,1.05,41.0,1.05,74.0,162.0,0.1068,0.0262,0.0006,-0.4526,0.693,0.0319
2026-09-16T17:40:28Z,2026-09-16 17:39:47,SPXW,2026-09-22,P,7820.0,7607.1001,202.3,1.0,214.1,2.0,206.65,5.0,10.0,0.0,-0.9737,0.0006,-0.428,0.693,-1.2519
2026-09-16T17:40:28Z,2026-09-16 17:39:47,SPXW,2026-09-22,C,7825.0,7607.1001,0.85,189.0,0.95,119.0,1.15,21.0,426.0,0.1071,0.0238,0.0005,-0.4153,0.6433,0.0289
2026-09-16T17:40:28Z,2026-09-16 17:39:47,SPXW,2026-09-22,P,7825.0,7607.1001,206.6,1.0,220.9,1.0,154.72,0.0,5.0,0.0959,-0.9761,0.0005,-0.3901,0.6433,-1.2557
2026-09-16T17:40:28Z,2026-09-16 17:39:47,SPXW,2026-09-22,C,7830.0,7607.1001,0.75,201.0,0.85,92.0,0.8,67.0,294.0,0.1072,0.0217,0.0005,-0.3825,0.5983,0.0263
2026-09-16T17:40:28Z,2026-09-16 17:39:47,SPXW,2026-09-22,P,7830.0,7607.1001,207.7,1.0,227.4,1.0,158.62,0.0,2.0,0.0,-0.9782,0.0005,-0.3567,0.5983,-1.2591
2026-09-16T17:40:28Z,2026-09-16 17:39:47,SPXW,2026-09-22,C,7840.0,7607.1001,0.6,286.0,0.7,34.0,0.7,28.0,413.0,0.1079,0.0182,0.0004,-0.328,0.521,0.0221
2026-09-16T17:40:28Z,2026-09-16 17:39:47,SPXW,2026-09-22,P,7840.0,7607.1001,217.6,1.0,238.0,1.0,0.0,0.0,0.0,0.0,-0.9817,0.0004,-0.301,0.521,-1.265
2026-09-16T17:40:28Z,2026-09-16 17:39:47,SPXW,2026-09-22,C,7850.0,7607.1001,0.5,295.0,0.6,189.0,0.55,26.0,658.0,0.1093,0.0155,0.0004,-0.2857,0.4582,0.0188
2026-09-16T17:40:28Z,2026-09-16 17:39:47,SPXW,2026-09-22,P,7850.0,7607.1001,227.5,1.0,246.8,1.0,184.06,0.0,6.0,0.0,-0.9844,0.0004,-0.2575,0.4582,-1.2699
2026-09-16T17:40:28Z,2026-09-16 17:39:47,SPXW,2026-09-22,C,7860.0,7607.1001,0.45,84.0,0.55,216.0,0.56,7.0,298.0,0.1117,0.0134,0.0003,-0.2529,0.4074,0.0162
2026-09-16T17:40:28Z,2026-09-16 17:39:47,SPXW,2026-09-22,P,7860.0,7607.1001,237.6,1.0,257.8,1.0,0.0,0.0,0.0,0.0,-0.9865,0.0003,-0.2236,0.4074,-1.2741
2026-09-16T17:40:28Z,2026-09-16 17:39:47,SPXW,2026-09-22,C,7870.0,7607.1001,0.4,8.0,0.45,88.0,0.5,5.0,284.0,0.1131,0.0118,0.0003,-0.2268,0.3654,0.0142
2026-09-16T17:40:28Z,2026-09-16 17:39:47,SPXW,2026-09-22,P,7870.0,7607.1001,247.5,1.0,267.7,1.0,0.0,0.0,0.0,0.0,-0.9882,0.0003,-0.1966,0.3659,-1.2777
2026-09-16T17:40:28Z,2026-09-16 17:39:47,SPXW,2026-09-22,C,7875.0,7607.1001,0.35,232.0,0.45,237.0,0.4,1.0,360.0,0.1141,0.0111,0.0003,-0.216,0.3475,0.0134
2026-09-16T17:40:28Z,2026-09-16 17:39:47,SPXW,2026-09-22,P,7875.0,7607.1001,252.5,1.0,271.8,1.0,0.0,0.0,0.0,0.0,-0.9889,0.0003,-0.1853,0.348,-1.2794
2026-09-16T17:40:28Z,2026-09-16 17:39:47,SPXW,2026-09-22,C,7880.0,7607.1001,0.35,72.0,0.45,242.0,0.45,53.0,286.0,0.1159,0.0105,0.0002,-0.2065,0.3313,0.0126
2026-09-16T17:40:28Z,2026-09-16 17:39:47,SPXW,2026-09-22,P,7880.0,7607.1001,257.3,1.0,277.5,1.0,240.0,0.0,5.0,0.0,-0.9895,0.0002,-0.1751,0.3317,-1.281
2026-09-16T17:40:28Z,2026-09-16 17:39:47,SPXW,2026-09-22,C,7890.0,7607.1001,0.3,257.0,0.4,251.0,0.4,84.0,514.0,0.1177,0.0094,0.0002,-0.1903,0.303,0.0113
2026-09-16T17:40:28Z,2026-09-16 17:39:47,SPXW,2026-09-22,P,7890.0,7607.1001,267.2,1.0,287.6,1.0,0.0,0.0,0.0,0.0,-0.9905,0.0002,-0.1577,0.3034,-1.2839
2026-09-16T17:40:28Z,2026-09-16 17:39:47,SPXW,2026-09-22,C,7900.0,7607.1001,0.25,420.0,0.35,326.0,0.4,34.0,814.0,0.119,0.0086,0.0002,-0.1775,0.2798,0.0103
2026-09-16T17:40:28Z,2026-09-16 17:39:47,SPXW,2026-09-22,P,7900.0,7607.1001,277.4,1.0,297.4,1.0,257.65,0.0,5.0,0.0,-0.9914,0.0002,-0.1434,0.2796,-1.2866
2026-09-16T17:40:28Z,2026-09-16 17:39:47,SPXW,2026-09-22,C,7910.0,7607.1001,0.25,234.0,0.35,263.0,0.3,54.0,310.0,0.1225,0.0079,0.0002,-0.1668,0.2598,0.0095
2026-09-16T17:40:28Z,2026-09-16 17:39:47,SPXW,2026-09-22,P,7910.0,7607.1001,288.2,1.0,307.5,1.0,0.0,0.0,0.0,0.0,-0.9921,0.0002,-0.1315,0.2596,-1.2891
2026-09-16T17:40:28Z,2026-09-16 17:39:47,SPXW,2026-09-22,C,7920.0,7607.1001,0.25,48.0,0.3,132.0,0.35,16.0,278.0,0.1248,0.0073,0.0002,-0.158,0.2426,0.0088
2026-09-16T17:40:28Z,2026-09-16 17:39:47,SPXW,2026-09-22,P,7920.0,7607.1001,297.3,1.0,317.5,1.0,0.0,0.0,0.0,0.0,-0.9927,0.0002,-0.1215,0.2424,-1.2914
2026-09-16T17:40:28Z,2026-09-16 17:39:47,SPXW,2026-09-22,C,7925.0,7607.1001,0.25,8.0,0.3,258.0,0.25,32.0,196.0,0.1265,0.007,0.0002,-0.1541,0.2349,0.0084
2026-09-16T17:40:28Z,2026-09-16 17:39:47,SPXW,2026-09-22,P,7925.0,7607.1001,302.1,1.0,322.3,1.0,0.0,0.0,0.0,0.0,-0.9929,0.0002,-0.117,0.2348,-1.2926
2026-09-16T17:40:28Z,2026-09-16 17:39:47,SPXW,2026-09-22,C,7930.0,7607.1001,0.2,321.0,0.3,265.0,0.3,32.0,105.0,0.1269,0.0068,0.0001,-0.1506,0.2278,0.0082
2026-09-16T17:40:28Z,2026-09-16 17:39:47,SPXW,2026-09-22,P,7930.0,7607.1001,307.0,1.0,327.4,1.0,0.0,0.0,0.0,0.0,-0.9932,0.0001,-0.1129,0.2276,-1.2937
2026-09-16T17:40:28Z,2026-09-16 17:39:47,SPXW,2026-09-22,C,7950.0,7607.1001,0.2,227.0,0.3,371.0,0.25,64.0,463.0,0.1338,0.006,0.0001,-0.1391,0.2035,0.0072
2026-09-16T17:40:28Z,2026-09-16 17:39:47,SPXW,2026-09-22,P,7950.0,7607.1001,328.3,1.0,346.4,1.0,201.0,0.0,4.0,0.0,-0.994,0.0001,-0.0991,0.2034,-1.2979
2026-09-16T17:40:28Z,2026-09-16 17:39:47,SPXW,2026-09-22,C,7975.0,7607.1001,0.2,8.0,0.25,281.0,0.3,80.0,163.0,0.1406,0.0052,0.0001,-0.1284,0.1799,0.0063
2026-09-16T17:40:28Z,2026-09-16 17:39:47,SPXW,2026-09-22,P,7975.0,7607.1001,353.0,1.0,372.4,1.0,0.0,0.0,0.0,0.0,-0.9947,0.0001,-0.0858,0.1801,-1.3029
2026-09-16T17:40:28Z,2026-09-16 17:39:47,SPXW,2026-09-22,C,8000.0,7607.1001,0.15,282.0,0.25,400.0,0.2,51.0,286.0,0.1473,0.0047,0.0001,-0.1207,0.1615,0.0056
2026-09-16T17:40:28Z,2026-09-16 17:39:47,SPXW,2026-09-22,P,8000.0,7607.1001,376.9,1.0,397.2,1.0,351.5,0.0,5.0,0.0,-0.9953,0.0001,-0.075,0.1617,-1.3077
2026-09-16T17:40:28Z,2026-09-16 17:39:47,SPXW,2026-09-22,C,8025.0,7607.1001,0.15,250.0,0.25,537.0,0.25,52.0,114.0,0.1554,0.0042,0.0001,-0.1142,0.1464,0.005
2026-09-16T17:40:28Z,2026-09-16 17:39:47,SPXW,2026-09-22,P,8025.0,7607.1001,402.2,1.0,422.0,1.0,376.0,0.0,5.0,0.0,-0.9958,0.0001,-0.0656,0.1466,-1.3124
2026-09-16T17:40:28Z,2026-09-16 17:39:47,SPXW,2026-09-22,C,8050.0,7607.1001,0.15,79.0,0.2,161.0,0.2,8.0,20.0,0.1613,0.0038,0.0001,-0.1088,0.1339,0.0046
2026-09-16T17:40:28Z,2026-09-16 17:39:47,SPXW,2026-09-22,P,8050.0,7607.1001,427.0,1.0,447.2,2.0,0.0,0.0,0.0,0.0,-0.9961,0.0001,-0.0572,0.1339,-1.317
2026-09-16T17:40:28Z,2026-09-16 17:39:47,SPXW,2026-09-22,C,8075.0,7607.1001,0.15,8.0,0.2,320.0,0.2,16.0,61.0,0.1694,0.0035,0.0001,-0.1037,0.1226,0.0042
2026-09-16T17:40:28Z,2026-09-16 17:39:47,SPXW,2026-09-22,P,8075.0,7607.1001,454.4,1.0,472.2,1.0,0.0,0.0,0.0,0.1664,-0.9965,0.0001,-0.0492,0.1228,-1.3215
2026-09-16T17:40:28Z,2026-09-16 17:39:47,SPXW,2026-09-22,C,8100.0,7607.1001,0.1,561.0,0.2,333.0,0.15,0.0,527.0,0.1746,0.0032,0.0001,-0.0991,0.1129,0.0038
2026-09-16T17:40:28Z,2026-09-16 17:39:47,SPXW,2026-09-22,P,8100.0,7607.1001,477.1,1.0,497.2,1.0,0.0,0.0,0.0,0.0,-0.9968,0.0001,-0.0417,0.1131,-1.3259
2026-09-16T17:40:28Z,2026-09-16 17:39:47,SPXW,2026-09-22,C,8125.0,7607.1001,0.1,325.0,0.2,327.0,0.22,0.0,35.0,0.1823,0.003,0.0,-0.095,0.1044,0.0035
2026-09-16T17:40:28Z,2026-09-16 17:39:47,SPXW,2026-09-22,P,8125.0,7607.1001,501.8,1.0,522.1,1.0,0.0,0.0,0.0,0.0,-0.997,0.0,-0.0345,0.1044,-1.3303
2026-09-16T17:40:28Z,2026-09-16 17:39:47,SPXW,2026-09-22,C,8150.0,7607.1001,0.1,217.0,0.15,8.0,0.5,0.0,45.0,0.1867,0.0027,0.0,-0.0909,0.0966,0.0032
2026-09-16T17:40:28Z,2026-09-16 17:39:47,SPXW,2026-09-22,P,8150.0,7607.1001,526.9,1.0,547.1,1.0,0.0,0.0,0.0,0.0,-0.9972,0.0,-0.0275,0.0966,-1.3347
2026-09-16T17:40:28Z,2026-09-16 17:39:47,SPXW,2026-09-22,C,8175.0,7607.1001,0.1,213.0,0.15,8.0,0.0,0.0,0.0,0.1944,0.0025,0.0,-0.0871,0.0896,0.003
2026-09-16T17:40:28Z,2026-09-16 17:39:47,SPXW,2026-09-22,P,8175.0,7607.1001,551.8,1.0,572.1,2.0,0.0,0.0,0.0,0.0,-0.9975,0.0,-0.0207,0.0896,-1.3391
2026-09-16T17:40:28Z,2026-09-16 17:39:47,SPXW,2026-09-22,C,8200.0,7607.1001,0.1,194.0,0.15,8.0,0.1,16.0,22.0,0.2018,0.0023,0.0,-0.0833,0.0833,0.0028
2026-09-16T17:40:28Z,2026-09-16 17:39:47,SPXW,2026-09-22,P,8200.0,7607.1001,579.3,1.0,597.1,1.0,0.0,0.0,0.0,0.2033,-0.9976,0.0,-0.014,0.0833,-1.3434
2026-09-16T17:40:28Z,2026-09-16 17:39:47,SPXW,2026-09-22,C,8225.0,7607.1001,0.1,161.0,0.15,160.0,1.17,0.0,3.0,0.2092,0.0022,0.0,-0.0798,0.0775,0.0026
2026-09-16T17:40:28Z,2026-09-16 17:39:47,SPXW,2026-09-22,P,8225.0,7607.1001,601.7,1.0,622.0,1.0,0.0,0.0,0.0,0.0,-0.9978,0.0,-0.0076,0.0776,-1.3477
2026-09-16T17:40:28Z,2026-09-16 17:39:47,SPXW,2026-09-22,C,8250.0,7607.1001,0.05,661.0,0.15,166.0,0.2,0.0,10.0,0.2126,0.002,0.0,-0.0767,0.0724,0.0024
2026-09-16T17:40:28Z,2026-09-16 17:39:47,SPXW,2026-09-22,P,8250.0,7607.1001,626.8,1.0,647.0,2.0,0.0,0.0,0.0,0.0,-0.998,0.0,-0.0012,0.0723,-1.352
2026-09-16T17:40:28Z,2026-09-16 17:39:47,SPXW,2026-09-22,C,8275.0,7607.1001,0.05,559.0,0.15,286.0,0.0,0.0,0.0,0.2198,0.0019,0.0,-0.0731,0.0673,0.0022
2026-09-16T17:40:28Z,2026-09-16 17:39:47,SPXW,2026-09-22,P,8275.0,7607.1001,651.7,1.0,672.0,2.0,0.0,0.0,0.0,0.0,-0.9981,0.0,0.0,0.0675,-1.3562
2026-09-16T17:40:28Z,2026-09-16 17:39:47,SPXW,2026-09-22,C,8300.0,7607.1001,0.05,536.0,0.15,401.0,0.25,0.0,10.0,0.227,0.0017,0.0,-0.0702,0.063,0.002
2026-09-16T17:40:28Z,2026-09-16 17:39:47,SPXW,2026-09-22,P,8300.0,7607.1001,677.6,1.0,697.0,1.0,0.0,0.0,0.0,0.0,-0.9982,0.0,0.0,0.0631,-1.3605
2026-09-16T17:40:28Z,2026-09-16 17:39:47,SPXW,2026-09-23,C,6850.0,7607.1001,755.1,1.0,774.4,1.0,0.0,0.0,0.0,0.3754,0.989,0.0001,-0.5048,0.3207,1.2961
2026-09-16T17:40:28Z,2026-09-16 17:39:47,SPXW,2026-09-23,P,6850.0,7607.1001,1.2,431.0,1.35,438.0,1.25,8.0,235.0,0.3319,-0.011,0.0001,-0.5909,0.3209,-0.0157
2026-09-16T17:40:28Z,2026-09-16 17:39:47,SPXW,2026-09-23,C,6875.0,7607.1001,729.2,2.0,747.2,1.0,0.0,0.0,0.0,0.328,0.9882,0.0001,-0.5317,0.3404,1.2998
2026-09-16T17:40:28Z,2026-09-16 17:39:47,SPXW,2026-09-23,P,6875.0,7607.1001,1.3,353.0,1.4,183.0,1.75,4.0,25.0,0.3243,-0.0117,0.0001,-0.6151,0.3405,-0.0168
2026-09-16T17:40:28Z,2026-09-16 17:39:47,SPXW,2026-09-23,C,6900.0,7607.1001,704.6,1.0,724.6,1.0,0.0,0.0,0.0,0.3497,0.9874,0.0001,-0.5607,0.3621,1.3033
2026-09-16T17:40:28Z,2026-09-16 17:39:47,SPXW,2026-09-23,P,6900.0,7607.1001,1.35,470.0,1.5,288.0,1.68,2.0,177.0,0.3164,-0.0126,0.0001,-0.6412,0.3623,-0.018
2026-09-16T17:40:28Z,2026-09-16 17:39:47,SPXW,2026-09-23,C,6925.0,7607.1001,679.4,3.0,699.5,1.0,0.0,0.0,0.0,0.3354,0.9864,0.0001,-0.5921,0.3862,1.3068
2026-09-16T17:40:28Z,2026-09-16 17:39:47,SPXW,2026-09-23,P,6925.0,7607.1001,1.45,426.0,1.6,399.0,1.9,1.0,26.0,0.3091,-0.0135,0.0001,-0.6699,0.3864,-0.0194
2026-09-16T17:40:28Z,2026-09-16 17:39:47,SPXW,2026-09-23,C,6950.0,7607.1001,654.7,1.0,673.9,1.0,0.0,0.0,0.0,0.3212,0.9854,0.0001,-0.6265,0.413,1.31
2026-09-16T17:40:28Z,2026-09-16 17:39:47,SPXW,2026-09-23,P,6950.0,7607.1001,1.55,356.0,1.6,1.0,1.65,7.0,560.0,0.3002,-0.0146,0.0001,-0.7011,0.413,-0.021
2026-09-16T17:40:28Z,2026-09-16 17:39:47,SPXW,2026-09-23,C,6975.0,7607.1001,630.2,1.0,649.0,1.0,0.0,0.0,0.0,0.3155,0.9842,0.0001,-0.6644,0.4425,1.313
2026-09-16T17:40:28Z,2026-09-16 17:39:47,SPXW,2026-09-23,P,6975.0,7607.1001,1.65,451.0,1.8,262.0,1.8,6.0,266.0,0.2936,-0.0158,0.0001,-0.7365,0.4428,-0.0228
2026-09-16T17:40:28Z,2026-09-16 17:39:47,SPXW,2026-09-23,C,7000.0,7607.1001,604.9,1.0,624.9,1.0,0.0,0.0,0.0,0.3092,0.9828,0.0001,-0.7065,0.4754,1.3158
2026-09-16T17:40:28Z,2026-09-16 17:39:47,SPXW,2026-09-23,P,7000.0,7607.1001,1.8,416.0,1.9,69.0,2.1,184.0,165.0,0.2861,-0.0172,0.0001,-0.7758,0.4756,-0.0248
2026-09-16T17:40:28Z,2026-09-16 17:39:47,SPXW,2026-09-23,C,7025.0,7607.1001,581.0,1.0,600.1,1.0,0.0,0.0,0.0,0.3076,0.9812,0.0001,-0.7537,0.5126,1.3183
2026-09-16T17:40:28Z,2026-09-16 17:39:47,SPXW,2026-09-23,P,7025.0,7607.1001,1.95,381.0,2.05,145.0,2.35,5.0,402.0,0.2788,-0.0188,0.0001,-0.8202,0.5129,-0.0271
2026-09-16T17:40:28Z,2026-09-16 17:39:47,SPXW,2026-09-23,C,7050.0,7607.1001,556.2,1.0,573.9,1.0,627.58,0.0,5.0,0.2886,0.9793,0.0002,-0.8068,0.5552,1.3204
2026-09-16T17:40:28Z,2026-09-16 17:39:47,SPXW,2026-09-23,P,7050.0,7607.1001,2.1,386.0,2.25,183.0,2.2,14.0,120.0,0.2718,-0.0206,0.0002,-0.87,0.5551,-0.0297
2026-09-16T17:40:28Z,2026-09-16 17:39:47,SPXW,2026-09-23,C,7075.0,7607.1001,530.5,1.0,548.4,1.0,0.0,0.0,0.0,0.2677,0.9772,0.0002,-0.8671,0.6041,1.322
2026-09-16T17:40:28Z,2026-09-16 17:39:47,SPXW,2026-09-23,P,7075.0,7607.1001,2.3,390.0,2.45,284.0,2.6,9.0,415.0,0.2647,-0.0228,0.0002,-0.9274,0.6039,-0.0328
2026-09-16T17:40:28Z,2026-09-16 17:39:47,SPXW,2026-09-23,C,7100.0,7607.1001,506.7,1.0,524.7,1.0,578.5,0.0,5.0,0.2744,0.9747,0.0002,-0.9358,0.6592,1.3231
2026-09-16T17:40:28Z,2026-09-16 17:39:47,SPXW,2026-09-23,P,7100.0,7607.1001,2.55,287.0,2.65,168.0,2.65,93.0,655.0,0.2576,-0.0253,0.0002,-0.9933,0.6591,-0.0365
2026-09-16T17:40:28Z,2026-09-16 17:39:47,SPXW,2026-09-23,C,7125.0,7607.1001,482.1,1.0,499.5,1.0,0.0,0.0,0.0,0.2639,0.9717,0.0002,-1.0144,0.7221,1.3236
2026-09-16T17:40:28Z,2026-09-16 17:39:47,SPXW,2026-09-23,P,7125.0,7607.1001,2.8,307.0,2.95,243.0,3.62,4.0,193.0,0.2506,-0.0283,0.0002,-1.0696,0.7224,-0.0408
2026-09-16T17:40:28Z,2026-09-16 17:39:47,SPXW,2026-09-23,C,7130.0,7607.1001,476.1,3.0,494.4,1.0,0.0,0.0,0.0,0.2545,0.971,0.0002,-1.0314,0.7358,1.3236
2026-09-16T17:40:28Z,2026-09-16 17:39:47,SPXW,2026-09-23,P,7130.0,7607.1001,2.85,318.0,3.0,162.0,3.49,1.0,0.0,0.2492,-0.0289,0.0002,-1.0861,0.7361,-0.0418
2026-09-16T17:40:28Z,2026-09-16 17:39:47,SPXW,2026-09-23,C,7140.0,7607.1001,467.2,1.0,485.2,2.0,0.0,0.0,0.0,0.2615,0.9697,0.0003,-1.0668,0.7647,1.3236
2026-09-16T17:40:28Z,2026-09-16 17:39:47,SPXW,2026-09-23,P,7140.0,7607.1001,3.0,248.0,3.1,130.0,3.47,4.0,13.0,0.2464,-0.0303,0.0003,-1.1204,0.7649,-0.0438
2026-09-16T17:40:28Z,2026-09-16 17:39:47,SPXW,2026-09-23,C,7150.0,7607.1001,457.4,1.0,474.8,1.0,0.0,0.0,0.0,0.2556,0.9682,0.0003,-1.1042,0.7953,1.3234
2026-09-16T17:40:28Z,2026-09-16 17:39:47,SPXW,2026-09-23,P,7150.0,7607.1001,3.1,323.0,3.3,373.0,3.1,354.0,166.0,0.244,-0.0318,0.0003,-1.1567,0.7956,-0.0459
2026-09-16T17:40:28Z,2026-09-16 17:39:47,SPXW,2026-09-23,C,7160.0,7607.1001,447.6,1.0,465.5,2.0,0.0,0.0,0.0,0.2557,0.9666,0.0003,-1.1436,0.8277,1.323
2026-09-16T17:40:28Z,2026-09-16 17:39:47,SPXW,2026-09-23,P,7160.0,7607.1001,3.2,254.0,3.4,145.0,3.5,86.0,113.0,0.2407,-0.0334,0.0003,-1.1951,0.828,-0.0482
2026-09-16T17:40:28Z,2026-09-16 17:39:47,SPXW,2026-09-23,C,7170.0,7607.1001,437.6,1.0,455.3,1.0,0.0,0.0,0.0,0.2498,0.9649,0.0003,-1.1852,0.8619,1.3224
2026-09-16T17:40:28Z,2026-09-16 17:39:47,SPXW,2026-09-23,P,7170.0,7607.1001,3.4,292.0,3.6,328.0,5.99,0.0,121.0,0.2387,-0.035,0.0003,-1.2351,0.8619,-0.0507
2026-09-16T17:40:28Z,2026-09-16 17:39:47,SPXW,2026-09-23,C,7175.0,7607.1001,432.1,1.0,450.4,1.0,550.78,0.0,4.0,0.2452,0.964,0.0003,-1.2069,0.8796,1.322
2026-09-16T17:40:28Z,2026-09-16 17:39:47,SPXW,2026-09-23,P,7175.0,7607.1001,3.5,240.0,3.7,408.0,3.6,107.0,132.0,0.2376,-0.0359,0.0003,-1.2562,0.8796,-0.052
2026-09-16T17:40:28Z,2026-09-16 17:39:47,SPXW,2026-09-23,C,7180.0,7607.1001,426.9,1.0,444.8,1.0,0.0,0.0,0.0,0.2384,0.9631,0.0003,-1.2292,0.8977,1.3216
2026-09-16T17:40:28Z,2026-09-16 17:39:47,SPXW,2026-09-23,P,7180.0,7607.1001,3.5,374.0,3.7,137.0,3.8,48.0,3.0,0.2353,-0.0369,0.0003,-1.2779,0.8977,-0.0534
2026-09-16T17:40:28Z,2026-09-16 17:39:47,SPXW,2026-09-23,C,7190.0,7607.1001,417.9,1.0,435.7,1.0,0.0,0.0,0.0,0.2437,0.9612,0.0003,-1.2755,0.9352,1.3207
2026-09-16T17:40:28Z,2026-09-16 17:39:47,SPXW,2026-09-23,P,7190.0,7607.1001,3.7,282.0,3.9,129.0,3.9,49.0,71.0,0.233,-0.0388,0.0003,-1.323,0.9352,-0.0562
2026-09-16T17:40:28Z,2026-09-16 17:39:47,SPXW,2026-09-23,C,7200.0,7607.1001,407.2,1.0,425.3,1.0,551.0,0.0,6.0,0.2332,0.9591,0.0004,-1.3242,0.9748,1.3196
2026-09-16T17:40:28Z,2026-09-16 17:39:47,SPXW,2026-09-23,P,7200.0,7607.1001,3.9,293.0,4.1,206.0,4.12,34.0,287.0,0.2306,-0.0409,0.0004,-1.3707,0.9748,-0.0592
2026-09-16T17:40:28Z,2026-09-16 17:39:47,SPXW,2026-09-23,C,7210.0,7607.1001,397.5,1.0,415.4,1.0,0.0,0.0,12.0,0.2304,0.9568,0.0004,-1.3756,1.0168,1.3183
2026-09-16T17:40:28Z,2026-09-16 17:39:47,SPXW,2026-09-23,P,7210.0,7607.1001,4.1,285.0,4.3,123.0,4.19,5.0,1.0,0.228,-0.0431,0.0004,-1.4209,1.0168,-0.0624
2026-09-16T17:40:28Z,2026-09-16 17:39:47,SPXW,2026-09-23,C,7220.0,7607.1001,388.8,1.0,406.4,2.0,0.0,0.0,0.0,0.2364,0.9544,0.0004,-1.4295,1.0615,1.3167
2026-09-16T17:40:28Z,2026-09-16 17:39:47,SPXW,2026-09-23,P,7220.0,7607.1001,4.3,289.0,4.5,121.0,5.15,1.0,11.0,0.2253,-0.0455,0.0004,-1.4737,1.0615,-0.0659
2026-09-16T17:40:28Z,2026-09-16 17:39:47,SPXW,2026-09-23,C,7225.0,7607.1001,382.8,1.0,400.8,1.0,527.84,0.0,6.0,0.2266,0.9532,0.0004,-1.4575,1.0849,1.3159
2026-09-16T17:40:28Z,2026-09-16 17:39:47,SPXW,2026-09-23,P,7225.0,7607.1001,4.4,335.0,4.6,125.0,4.58,402.0,42.0,0.2239,-0.0468,0.0004,-1.5012,1.0849,-0.0677
2026-09-16T17:40:28Z,2026-09-16 17:39:47,SPXW,2026-09-23,C,7230.0,7607.1001,379.0,1.0,396.5,1.0,0.0,0.0,0.0,0.2326,0.9519,0.0004,-1.4862,1.1089,1.3149
2026-09-16T17:40:28Z,2026-09-16 17:39:47,SPXW,2026-09-23,P,7230.0,7607.1001,4.6,207.0,4.8,248.0,4.7,60.0,7.0,0.2234,-0.0481,0.0004,-1.5293,1.1089,-0.0697
2026-09-16T17:40:28Z,2026-09-16 17:39:47,SPXW,2026-09-23,C,7240.0,7607.1001,369.3,1.0,386.7,1.0,0.0,0.0,0.0,0.2297,0.9491,0.0004,-1.5457,1.1588,1.3127
2026-09-16T17:40:28Z,2026-09-16 17:39:47,SPXW,2026-09-23,P,7240.0,7607.1001,4.8,272.0,5.0,141.0,5.0,72.0,56.0,0.2204,-0.0508,0.0004,-1.5876,1.1588,-0.0737
2026-09-16T17:40:28Z,2026-09-16 17:39:47,SPXW,2026-09-23,C,7250.0,7607.1001,358.5,1.0,376.5,2.0,0.0,0.0,0.0,0.2204,0.9462,0.0005,-1.6081,1.211,1.3103
2026-09-16T17:40:28Z,2026-09-16 17:39:47,SPXW,2026-09-23,P,7250.0,7607.1001,5.1,211.0,5.3,163.0,5.3,156.0,129.0,0.2182,-0.0538,0.0005,-1.6489,1.211,-0.0781
2026-09-16T17:40:28Z,2026-09-16 17:39:47,SPXW,2026-09-23,C,7260.0,7607.1001,349.9,1.0,367.5,1.0,0.0,0.0,0.0,0.225,0.943,0.0005,-1.6734,1.2653,1.3075
2026-09-16T17:40:28Z,2026-09-16 17:39:47,SPXW,2026-09-23,P,7260.0,7607.1001,5.4,190.0,5.6,108.0,5.94,29.0,22.0,0.2158,-0.057,0.0005,-1.7131,1.2653,-0.0828
2026-09-16T17:40:28Z,2026-09-16 17:39:47,SPXW,2026-09-23,C,7270.0,7607.1001,340.2,1.0,357.9,1.0,0.0,0.0,0.0,0.2224,0.9396,0.0005,-1.7418,1.3222,1.3045
2026-09-16T17:40:28Z,2026-09-16 17:39:47,SPXW,2026-09-23,P,7270.0,7607.1001,5.7,160.0,5.9,113.0,6.07,29.0,67.0,0.2133,-0.0604,0.0005,-1.7804,1.3222,-0.0877
2026-09-16T17:40:28Z,2026-09-16 17:39:47,SPXW,2026-09-23,C,7275.0,7607.1001,334.5,1.0,352.4,2.0,454.12,0.0,4.0,0.2153,0.9378,0.0005,-1.7771,1.3519,1.3029
2026-09-16T17:40:28Z,2026-09-16 17:39:47,SPXW,2026-09-23,P,7275.0,7607.1001,5.9,175.0,6.1,174.0,5.94,101.0,220.0,0.2124,-0.0622,0.0005,-1.8151,1.3519,-0.0903
2026-09-16T17:40:28Z,2026-09-16 17:39:47,SPXW,2026-09-23,C,7280.0,7607.1001,330.5,1.0,349.7,1.0,0.0,0.0,0.0,0.2244,0.936,0.0006,-1.8132,1.3825,1.3012
2026-09-16T17:40:28Z,2026-09-16 17:39:47,SPXW,2026-09-23,P,7280.0,7607.1001,6.0,203.0,6.3,211.0,6.31,13.0,11.0,0.211,-0.064,0.0006,-1.8506,1.3825,-0.093
2026-09-16T17:40:28Z,2026-09-16 17:39:47,SPXW,2026-09-23,C,7285.0,7607.1001,324.6,1.0,343.4,2.0,0.0,0.0,0.0,0.2141,0.934,0.0006,-1.85,1.414,1.2994
2026-09-16T17:40:28Z,2026-09-16 17:39:47,SPXW,2026-09-23,P,7285.0,7607.1001,6.2,154.0,6.4,40.0,6.32,114.0,0.0,0.2096,-0.0659,0.0006,-1.8869,1.414,-0.0957
2026-09-16T17:40:28Z,2026-09-16 17:39:47,SPXW,2026-09-23,C,7290.0,7607.1001,320.0,1.0,340.1,1.0,325.88,0.0,30.0,0.2187,0.9321,0.0006,-1.8876,1.4464,1.2974
2026-09-16T17:40:28Z,2026-09-16 17:39:47,SPXW,2026-09-23,P,7290.0,7607.1001,6.4,143.0,6.6,48.0,6.7,50.0,68.0,0.2085,-0.0679,0.0006,-1.9239,1.4464,-0.0986
2026-09-16T17:40:28Z,2026-09-16 17:39:47,SPXW,2026-09-23,C,7295.0,7607.1001,316.1,1.0,333.8,2.0,0.0,0.0,0.0,0.2154,0.93,0.0006,-1.9259,1.4796,1.2953
2026-09-16T17:40:28Z,2026-09-16 17:39:47,SPXW,2026-09-23,P,7295.0,7607.1001,6.6,147.0,6.8,44.0,7.86,10.0,24.0,0.2073,-0.07,0.0006,-1.9617,1.4796,-0.1017
2026-09-16T17:40:28Z,2026-09-16 17:39:47,SPXW,2026-09-23,C,7300.0,7607.1001,311.4,1.0,329.4,2.0,0.0,0.0,0.0,0.2156,0.9279,0.0006,-1.965,1.5135,1.2931
2026-09-16T17:40:28Z,2026-09-16 17:39:47,SPXW,2026-09-23,P,7300.0,7607.1001,6.8,157.0,7.0,72.0,6.8,281.0,899.0,0.2062,-0.0721,0.0006,-2.0002,1.5135,-0.1048
2026-09-16T17:40:28Z,2026-09-16 17:39:47,SPXW,2026-09-23,C,7305.0,7607.1001,305.4,1.0,324.1,2.0,0.0,0.0,0.0,0.2087,0.9257,0.0006,-2.0049,1.548,1.2908
2026-09-16T17:40:28Z,2026-09-16 17:39:47,SPXW,2026-09-23,P,7305.0,7607.1001,7.0,140.0,7.3,204.0,7.2,22.0,65.0,0.2053,-0.0743,0.0006,-2.0395,1.548,-0.1081
2026-09-16T17:40:28Z,2026-09-16 17:39:47,SPXW,2026-09-23,C,7310.0,7607.1001,300.6,1.0,318.9,1.0,0.0,0.0,0.0,0.206,0.9234,0.0007,-2.0455,1.5831,1.2884
2026-09-16T17:40:28Z,2026-09-16 17:39:47,SPXW,2026-09-23,P,7310.0,7607.1001,7.2,167.0,7.5,151.0,7.5,50.0,45.0,0.204,-0.0766,0.0007,-2.0796,1.5831,-0.1115
2026-09-16T17:40:28Z,2026-09-16 17:39:47,SPXW,2026-09-23,C,7315.0,7607.1001,295.8,2.0,314.7,1.0,0.0,0.0,0.0,0.2065,0.9211,0.0007,-2.0869,1.6188,1.2859
2026-09-16T17:40:28Z,2026-09-16 17:39:47,SPXW,2026-09-23,P,7315.0,7607.1001,7.5,136.0,7.7,121.0,8.2,10.0,48.0,0.203,-0.0789,0.0007,-2.1204,1.6188,-0.115
2026-09-16T17:40:28Z,2026-09-16 17:39:47,SPXW,2026-09-23,C,7320.0,7607.1001,292.2,1.0,309.3,1.0,0.0,0.0,0.0,0.2068,0.9186,0.0007,-2.1291,1.6551,1.2832
2026-09-16T17:40:28Z,2026-09-16 17:39:47,SPXW,2026-09-23,P,7320.0,7607.1001,7.7,125.0,7.9,43.0,7.8,64.0,22.0,0.2016,-0.0814,0.0007,-2.162,1.6551,-0.1186
2026-09-16T17:40:28Z,2026-09-16 17:39:47,SPXW,2026-09-23,C,7325.0,7607.1001,286.3,1.0,305.3,1.0,0.0,0.0,0.0,0.2044,0.9161,0.0007,-2.172,1.6922,1.2805
2026-09-16T17:40:28Z,2026-09-16 17:39:47,SPXW,2026-09-23,P,7325.0,7607.1001,8.0,58.0,8.2,146.0,7.9,131.0,270.0,0.2008,-0.0839,0.0007,-2.2043,1.6922,-0.1222
2026-09-16T17:40:28Z,2026-09-16 17:39:47,SPXW,2026-09-23,C,7330.0,7607.1001,281.6,1.0,299.9,2.0,0.0,0.0,0.0,0.2014,0.9135,0.0007,-2.2156,1.7302,1.2777
2026-09-16T17:40:28Z,2026-09-16 17:39:47,SPXW,2026-09-23,P,7330.0,7607.1001,8.2,123.0,8.4,46.0,8.53,88.0,66.0,0.1993,-0.0865,0.0007,-2.2474,1.7302,-0.126
2026-09-16T17:40:28Z,2026-09-16 17:39:47,SPXW,2026-09-23,C,7335.0,7607.1001,277.2,1.0,295.4,1.0,0.0,0.0,0.0,0.2018,0.9108,0.0008,-2.26,1.7691,1.2747
2026-09-16T17:40:28Z,2026-09-16 17:39:47,SPXW,2026-09-23,P,7335.0,7607.1001,8.5,107.0,8.7,106.0,8.6,89.0,33.0,0.1984,-0.0892,0.0008,-2.2912,1.7691,-0.1299
2026-09-16T17:40:28Z,2026-09-16 17:39:47,SPXW,2026-09-23,C,7340.0,7607.1001,278.0,9.0,283.8,8.0,423.61,0.0,1.0,0.1967,0.908,0.0008,-2.305,1.8092,1.2716
2026-09-16T17:40:28Z,2026-09-16 17:39:47,SPXW,2026-09-23,P,7340.0,7607.1001,8.8,24.0,9.0,113.0,8.9,61.0,77.0,0.1974,-0.092,0.0008,-2.3357,1.8092,-0.134
2026-09-16T17:40:28Z,2026-09-16 17:39:47,SPXW,2026-09-23,C,7345.0,7607.1001,273.3,9.0,279.0,8.0,0.0,0.0,0.0,0.1954,0.9051,0.0008,-2.3508,1.8502,1.2683
2026-09-16T17:40:28Z,2026-09-16 17:39:47,SPXW,2026-09-23,P,7345.0,7607.1001,9.1,20.0,9.3,119.0,9.08,17.0,14.0,0.1964,-0.0949,0.0008,-2.3809,1.8502,-0.1382
2026-09-16T17:40:28Z,2026-09-16 17:39:47,SPXW,2026-09-23,C,7350.0,7607.1001,268.6,9.0,274.3,8.0,0.0,0.0,0.0,0.1943,0.9021,0.0008,-2.3973,1.8922,1.2649
2026-09-16T17:40:28Z,2026-09-16 17:39:47,SPXW,2026-09-23,P,7350.0,7607.1001,9.4,32.0,9.5,1.0,9.7,63.0,116.0,0.1953,-0.0979,0.0008,-2.4268,1.8922,-0.1427
2026-09-16T17:40:28Z,2026-09-16 17:39:47,SPXW,2026-09-23,C,7355.0,7607.1001,263.9,9.0,269.6,8.0,0.0,0.0,0.0,0.1931,0.899,0.0008,-2.4444,1.935,1.2612
2026-09-16T17:40:28Z,2026-09-16 17:39:47,SPXW,2026-09-23,P,7355.0,7607.1001,9.7,24.0,9.9,107.0,9.75,93.0,30.0,0.1941,-0.101,0.0008,-2.4734,1.935,-0.1473
2026-09-16T17:40:28Z,2026-09-16 17:39:47,SPXW,2026-09-23,C,7360.0,7607.1001,259.3,9.0,265.0,8.0,0.0,0.0,0.0,0.1924,0.8958,0.0009,-2.4922,1.9783,1.2574
2026-09-16T17:40:28Z,2026-09-16 17:39:47,SPXW,2026-09-23,P,7360.0,7607.1001,10.0,96.0,10.2,37.0,10.1,50.0,44.0,0.1929,-0.1042,0.0009,-2.5206,1.9783,-0.152
2026-09-16T17:40:28Z,2026-09-16 17:39:47,SPXW,2026-09-23,C,7365.0,7607.1001,254.6,9.0,260.2,8.0,0.0,0.0,0.0,0.1909,0.8925,0.0009,-2.5406,2.0221,1.2534
2026-09-16T17:40:28Z,2026-09-16 17:39:47,SPXW,2026-09-23,P,7365.0,7607.1001,10.3,104.0,10.5,36.0,9.97,26.0,25.0,0.1916,-0.1075,0.0009,-2.5685,2.0221,-0.157
2026-09-16T17:40:28Z,2026-09-16 17:39:47,SPXW,2026-09-23,C,7370.0,7607.1001,250.1,9.0,255.5,8.0,0.0,0.0,0.0,0.19,0.8891,0.0009,-2.5896,2.0665,1.2493
2026-09-16T17:40:28Z,2026-09-16 17:39:47,SPXW,2026-09-23,P,7370.0,7607.1001,10.7,30.0,10.9,106.0,10.7,56.0,44.0,0.1907,-0.1109,0.0009,-2.617,2.0665,-0.162
2026-09-16T17:40:28Z,2026-09-16 17:39:47,SPXW,2026-09-23,C,7375.0,7607.1001,245.4,9.0,250.9,8.0,0.0,0.0,0.0,0.1889,0.8855,0.001,-2.6393,2.1114,1.2451
2026-09-16T17:40:28Z,2026-09-16 17:39:47,SPXW,2026-09-23,P,7375.0,7607.1001,11.0,136.0,11.2,61.0,11.1,133.0,360.0,0.1896,-0.1144,0.001,-2.666,2.1114,-0.1672
2026-09-16T17:40:28Z,2026-09-16 17:39:47,SPXW,2026-09-23,C,7380.0,7607.1001,240.7,10.0,246.7,9.0,0.0,0.0,0.0,0.1886,0.8819,0.001,-2.6896,2.1572,1.2407
2026-09-16T17:40:28Z,2026-09-16 17:39:47,SPXW,2026-09-23,P,7380.0,7607.1001,11.4,113.0,11.6,40.0,11.5,72.0,69.0,0.1884,-0.1181,0.001,-2.7157,2.1572,-0.1726
2026-09-16T17:40:28Z,2026-09-16 17:39:47,SPXW,2026-09-23,C,7385.0,7607.1001,236.2,10.0,242.0,9.0,0.0,0.0,0.0,0.1875,0.8781,0.001,-2.7403,2.204,1.2362
2026-09-16T17:40:28Z,2026-09-16 17:39:47,SPXW,2026-09-23,P,7385.0,7607.1001,11.8,106.0,12.0,38.0,11.4,121.0,51.0,0.1873,-0.1219,0.001,-2.7659,2.204,-0.1781
2026-09-16T17:40:28Z,2026-09-16 17:39:47,SPXW,2026-09-23,C,7390.0,7607.1001,231.6,10.0,237.0,9.0,237.43,0.0,30.0,0.1855,0.8742,0.001,-2.7916,2.252,1.2314
2026-09-16T17:40:28Z,2026-09-16 17:39:47,SPXW,2026-09-23,P,7390.0,7607.1001,12.2,104.0,12.4,40.0,12.0,134.0,125.0,0.1862,-0.1258,0.001,-2.8166,2.252,-0.1838
2026-09-16T17:40:28Z,2026-09-16 17:39:47,SPXW,2026-09-23,C,7395.0,7607.1001,227.0,10.0,232.8,9.0,0.0,0.0,0.0,0.1852,0.8701,0.0011,-2.8433,2.301,1.2264
2026-09-16T17:40:28Z,2026-09-16 17:39:47,SPXW,2026-09-23,P,7395.0,7607.1001,12.6,102.0,12.8,37.0,11.3,56.0,6.0,0.185,-0.1298,0.0011,-2.8678,2.301,-0.1897
2026-09-16T17:40:28Z,2026-09-16 17:39:47,SPXW,2026-09-23,C,7400.0,7607.1001,222.5,10.0,227.8,9.0,212.44,0.0,11.0,0.1833,0.8659,0.0011,-2.8954,2.3508,1.2212
2026-09-16T17:40:28Z,2026-09-16 17:39:47,SPXW,2026-09-23,P,7400.0,7607.1001,13.1,24.0,13.3,125.0,13.1,558.0,430.0,0.1842,-0.134,0.0011,-2.9194,2.3508,-0.196
2026-09-16T17:40:28Z,2026-09-16 17:39:47,SPXW,2026-09-23,C,7405.0,7607.1001,217.9,10.0,223.3,9.0,0.0,0.0,0.0,0.1822,0.8616,0.0011,-2.948,2.4013,1.2156
2026-09-16T17:40:28Z,2026-09-16 17:39:47,SPXW,2026-09-23,P,7405.0,7607.1001,13.5,100.0,13.7,35.0,14.12,34.0,8.0,0.1829,-0.1384,0.0011,-2.9714,2.4013,-0.2024
2026-09-16T17:40:28Z,2026-09-16 17:39:47,SPXW,2026-09-23,C,7410.0,7607.1001,213.4,10.0,219.2,9.0,0.0,0.0,0.0,0.1821,0.8571,0.0012,-3.0009,2.4521,1.2099
2026-09-16T17:40:28Z,2026-09-16 17:39:47,SPXW,2026-09-23,P,7410.0,7607.1001,14.0,25.0,14.2,36.0,14.57,65.0,47.0,0.182,-0.1428,0.0012,-3.0237,2.4521,-0.2091
2026-09-16T17:40:28Z,2026-09-16 17:39:47,SPXW,2026-09-23,C,7415.0,7607.1001,208.9,10.0,214.2,9.0,0.0,0.0,0.0,0.18,0.8525,0.0012,-3.0541,2.5032,1.204
2026-09-16T17:40:28Z,2026-09-16 17:39:47,SPXW,2026-09-23,P,7415.0,7607.1001,14.5,24.0,14.7,35.0,14.82,62.0,19.0,0.1809,-0.1474,0.0012,-3.0763,2.5032,-0.216
2026-09-16T17:40:28Z,2026-09-16 17:39:47,SPXW,2026-09-23,C,7420.0,7607.1001,204.4,10.0,210.1,9.0,0.0,0.0,0.0,0.1797,0.8477,0.0012,-3.1076,2.5546,1.1979
2026-09-16T17:40:28Z,2026-09-16 17:39:47,SPXW,2026-09-23,P,7420.0,7607.1001,15.0,24.0,15.2,35.0,14.97,47.0,58.0,0.1798,-0.1522,0.0012,-3.1292,2.5546,-0.223
2026-09-16T17:40:28Z,2026-09-16 17:39:47,SPXW,2026-09-23,C,7425.0,7607.1001,200.0,10.0,205.4,9.0,0.0,0.0,0.0,0.1783,0.8428,0.0013,-3.1612,2.6065,1.1917
2026-09-16T17:40:28Z,2026-09-16 17:39:47,SPXW,2026-09-23,P,7425.0,7607.1001,15.5,47.0,15.7,58.0,15.07,77.0,228.0,0.1786,-0.1572,0.0013,-3.1824,2.6065,-0.2302
2026-09-16T17:40:28Z,2026-09-16 17:39:47,SPXW,2026-09-23,C,7430.0,7607.1001,195.5,10.0,200.8,9.0,0.0,0.0,0.0,0.1768,0.8377,0.0013,-3.2151,2.6593,1.1852
2026-09-16T17:40:28Z,2026-09-16 17:39:47,SPXW,2026-09-23,P,7430.0,7607.1001,16.1,10.0,16.3,86.0,16.1,48.0,32.0,0.1778,-0.1623,0.0013,-3.2356,2.6593,-0.2377
2026-09-16T17:40:28Z,2026-09-16 17:39:47,SPXW,2026-09-23,C,7435.0,7607.1001,191.1,10.0,196.4,9.0,0.0,0.0,0.0,0.1759,0.8324,0.0013,-3.2689,2.713,1.1784
2026-09-16T17:40:28Z,2026-09-16 17:39:47,SPXW,2026-09-23,P,7435.0,7607.1001,16.6,15.0,16.8,30.0,17.1,20.0,29.0,0.1764,-0.1675,0.0013,-3.2889,2.713,-0.2454
2026-09-16T17:40:28Z,2026-09-16 17:39:47,SPXW,2026-09-23,C,7440.0,7607.1001,186.9,10.0,191.9,9.0,191.2,1.0,0.0,0.175,0.827,0.0014,-3.3228,2.7677,1.1713
2026-09-16T17:40:28Z,2026-09-16 17:39:47,SPXW,2026-09-23,P,7440.0,7607.1001,17.2,19.0,17.4,29.0,16.7,9.0,40.0,0.1754,-0.173,0.0014,-3.3422,2.7677,-0.2534
2026-09-16T17:40:28Z,2026-09-16 17:39:47,SPXW,2026-09-23,C,7445.0,7607.1001,182.5,10.0,187.9,9.0,0.0,0.0,0.0,0.1746,0.8214,0.0014,-3.3766,2.823,1.1639
2026-09-16T17:40:28Z,2026-09-16 17:39:47,SPXW,2026-09-23,P,7445.0,7607.1001,17.8,19.0,18.0,25.0,17.32,2.0,43.0,0.1743,-0.1786,0.0014,-3.3954,2.823,-0.2618
2026-09-16T17:40:28Z,2026-09-16 17:39:47,SPXW,2026-09-23,C,7450.0,7607.1001,178.2,10.0,183.5,9.0,169.22,0.0,3.0,0.1736,0.8156,0.0014,-3.4302,2.8784,1.1562
2026-09-16T17:40:28Z,2026-09-16 17:39:47,SPXW,2026-09-23,P,7450.0,7607.1001,18.4,102.0,18.7,105.0,18.9,61.0,588.0,0.1735,-0.1844,0.0014,-3.4485,2.8784,-0.2705
2026-09-16T17:40:28Z,2026-09-16 17:39:47,SPXW,2026-09-23,C,7455.0,7607.1001,173.8,10.0,179.0,9.0,0.0,0.0,0.0,0.1721,0.8096,0.0015,-3.4836,2.9337,1.1482
2026-09-16T17:40:28Z,2026-09-16 17:39:47,SPXW,2026-09-23,P,7455.0,7607.1001,19.1,18.0,19.3,28.0,18.9,18.0,7.0,0.1722,-0.1904,0.0015,-3.5013,2.9337,-0.2795
2026-09-16T17:40:28Z,2026-09-16 17:39:47,SPXW,2026-09-23,C,7460.0,7607.1001,169.5,11.0,174.7,9.0,180.05,1.0,2.0,0.1711,0.8034,0.0015,-3.5366,2.9888,1.1399
2026-09-16T17:40:28Z,2026-09-16 17:39:47,SPXW,2026-09-23,P,7460.0,7607.1001,19.8,13.0,20.0,30.0,19.6,24.0,800.0,0.1712,-0.1966,0.0015,-3.5538,2.9888,-0.2887
2026-09-16T17:40:28Z,2026-09-16 17:39:47,SPXW,2026-09-23,C,7465.0,7607.1001,165.2,11.0,170.3,9.0,0.0,0.0,0.0,0.1698,0.797,0.0016,-3.5892,3.0439,1.1315
2026-09-16T17:40:28Z,2026-09-16 17:39:47,SPXW,2026-09-23,P,7465.0,7607.1001,20.5,18.0,20.7,28.0,21.3,24.0,29.0,0.1701,-0.203,0.0016,-3.6058,3.0439,-0.298
2026-09-16T17:40:28Z,2026-09-16 17:39:47,SPXW,2026-09-23,C,7470.0,7607.1001,161.0,11.0,166.2,9.0,152.12,0.0,3.0,0.1691,0.7904,0.0016,-3.6414,3.0992,1.1229
2026-09-16T17:40:28Z,2026-09-16 17:39:47,SPXW,2026-09-23,P,7470.0,7607.1001,21.2,16.0,21.4,26.0,20.35,35.0,173.0,0.1689,-0.2095,0.0016,-3.6574,3.0992,-0.3076
2026-09-16T17:40:28Z,2026-09-16 17:39:47,SPXW,2026-09-23,C,7475.0,7607.1001,156.8,11.0,161.9,10.0,197.58,0.0,3.0,0.168,0.7836,0.0016,-3.6928,3.1551,1.1139
2026-09-16T17:40:28Z,2026-09-16 17:39:47,SPXW,2026-09-23,P,7475.0,7607.1001,22.0,17.0,22.2,53.0,21.9,573.0,88.0,0.1679,-0.2163,0.0016,-3.7083,3.1551,-0.3176
2026-09-16T17:40:28Z,2026-09-16 17:39:47,SPXW,2026-09-23,C,7480.0,7607.1001,152.6,12.0,157.6,11.0,0.0,0.0,0.0,0.1668,0.7766,0.0017,-3.7436,3.2116,1.1045
2026-09-16T17:40:28Z,2026-09-16 17:39:47,SPXW,2026-09-23,P,7480.0,7607.1001,22.8,17.0,23.0,26.0,21.52,36.0,132.0,0.1669,-0.2233,0.0017,-3.7585,3.2116,-0.328
2026-09-16T17:40:28Z,2026-09-16 17:39:47,SPXW,2026-09-23,C,7485.0,7607.1001,148.4,12.0,153.5,11.0,0.0,0.0,0.0,0.1658,0.7694,0.0017,-3.7934,3.2681,1.0946
2026-09-16T17:40:28Z,2026-09-16 17:39:47,SPXW,2026-09-23,P,7485.0,7607.1001,23.6,16.0,23.8,22.0,24.6,16.0,9.0,0.1657,-0.2305,0.0017,-3.8077,3.2681,-0.3388
2026-09-16T17:40:28Z,2026-09-16 17:39:47,SPXW,2026-09-23,C,7490.0,7607.1001,144.3,12.0,149.2,11.0,147.3,2.0,0.0,0.1645,0.762,0.0018,-3.8421,3.3242,1.0844
2026-09-16T17:40:28Z,2026-09-16 17:39:47,SPXW,2026-09-23,P,7490.0,7607.1001,24.4,25.0,24.6,9.0,22.9,30.0,41.0,0.1648,-0.238,0.0018,-3.8559,3.3242,-0.35
2026-09-16T17:40:28Z,2026-09-16 17:39:47,SPXW,2026-09-23,C,7495.0,7607.1001,140.6,2.0,145.0,11.0,150.47,2.0,4.0,0.1639,0.7543,0.0018,-3.8897,3.3794,1.0739
2026-09-16T17:40:28Z,2026-09-16 17:39:47,SPXW,2026-09-23,P,7495.0,7607.1001,25.3,15.0,25.5,21.0,23.99,6.0,9.0,0.1636,-0.2456,0.0018,-3.9029,3.3794,-0.3614
2026-09-16T17:40:28Z,2026-09-16 17:39:47,SPXW,2026-09-23,C,7500.0,7607.1001,136.8,1.0,140.4,1.0,125.59,0.0,63.0,0.1625,0.7464,0.0018,-3.936,3.4336,1.0632
2026-09-16T17:40:28Z,2026-09-16 17:39:47,SPXW,2026-09-23,P,7500.0,7607.1001,26.2,19.0,26.4,41.0,26.1,88.0,517.0,0.1626,-0.2535,0.0018,-3.9487,3.4336,-0.3731
2026-09-16T17:40:28Z,2026-09-16 17:39:47,SPXW,2026-09-23,C,7505.0,7607.1001,132.7,1.0,136.0,1.0,0.0,0.0,0.0,0.1608,0.7383,0.0019,-3.981,3.4872,1.0522
2026-09-16T17:40:28Z,2026-09-16 17:39:47,SPXW,2026-09-23,P,7505.0,7607.1001,27.2,15.0,27.4,21.0,27.9,29.0,23.0,0.1614,-0.2617,0.0019,-3.9931,3.4872,-0.385
2026-09-16T17:40:28Z,2026-09-16 17:39:47,SPXW,2026-09-23,C,7510.0,7607.1001,128.7,1.0,132.0,1.0,136.65,1.0,1.0,0.1598,0.73,0.0019,-4.0243,3.5405,1.0409
2026-09-16T17:40:28Z,2026-09-16 17:39:47,SPXW,2026-09-23,P,7510.0,7607.1001,28.1,22.0,28.4,20.0,28.9,26.0,196.0,0.1604,-0.27,0.0019,-4.0358,3.5405,-0.3972
2026-09-16T17:40:28Z,2026-09-16 17:39:47,SPXW,2026-09-23,C,7515.0,7607.1001,124.7,1.0,128.0,1.0,114.26,0.0,1.0,0.1586,0.7214,0.002,-4.0659,3.5936,1.0292
2026-09-16T17:40:28Z,2026-09-16 17:39:47,SPXW,2026-09-23,P,7515.0,7607.1001,29.2,8.0,29.4,19.0,28.6,23.0,30.0,0.1592,-0.2786,0.002,-4.0769,3.5936,-0.41
2026-09-16T17:40:28Z,2026-09-16 17:39:47,SPXW,2026-09-23,C,7520.0,7607.1001,120.8,4.0,124.1,1.0,201.12,0.0,1.0,0.1577,0.7125,0.002,-4.1056,3.6462,1.0169
2026-09-16T17:40:28Z,2026-09-16 17:39:47,SPXW,2026-09-23,P,7520.0,7607.1001,30.2,20.0,30.5,18.0,30.3,14.0,32.0,0.1583,-0.2875,0.002,-4.116,3.6462,-0.4232
2026-09-16T17:40:28Z,2026-09-16 17:39:47,SPXW,2026-09-23,C,7525.0,7607.1001,116.9,4.0,120.2,1.0,119.32,14.0,6.0,0.1566,0.7034,0.0021,-4.1431,3.6977,1.0041
2026-09-16T17:40:28Z,2026-09-16 17:39:47,SPXW,2026-09-23,P,7525.0,7607.1001,31.3,14.0,31.5,33.0,32.1,33.0,268.0,0.1572,-0.2965,0.0021,-4.1529,3.6977,-0.4369
2026-09-16T17:40:28Z,2026-09-16 17:39:47,SPXW,2026-09-23,C,7530.0,7607.1001,113.9,21.0,115.8,24.0,114.6,2.0,21.0,0.1559,0.6941,0.0021,-4.1783,3.7474,0.9911
2026-09-16T17:40:28Z,2026-09-16 17:39:47,SPXW,2026-09-23,P,7530.0,7607.1001,32.5,8.0,32.7,19.0,33.69,37.0,53.0,0.156,-0.3059,0.0021,-4.1876,3.7474,-0.4509
2026-09-16T17:40:28Z,2026-09-16 17:39:47,SPXW,2026-09-23,C,7535.0,7607.1001,110.9,2.0,111.2,2.0,104.1,0.0,2.0,0.1546,0.6845,0.0022,-4.2111,3.7952,0.9779
2026-09-16T17:40:28Z,2026-09-16 17:39:47,SPXW,2026-09-23,P,7535.0,7607.1001,33.6,16.0,33.9,19.0,34.65,37.0,34.0,0.155,-0.3155,0.0022,-4.2198,3.7952,-0.4651
2026-09-16T17:40:28Z,2026-09-16 17:39:47,SPXW,2026-09-23,C,7540.0,7607.1001,107.2,3.0,107.4,3.0,107.05,28.0,1.0,0.1536,0.6746,0.0022,-4.2412,3.8414,0.9644
2026-09-16T17:40:28Z,2026-09-16 17:39:47,SPXW,2026-09-23,P,7540.0,7607.1001,34.9,8.0,35.1,19.0,35.7,38.0,426.0,0.1538,-0.3253,0.0022,-4.2494,3.8414,-0.4795
2026-09-16T17:40:28Z,2026-09-16 17:39:47,SPXW,2026-09-23,C,7545.0,7607.1001,103.4,3.0,103.7,3.0,109.35,6.0,2.0,0.1524,0.6646,0.0022,-4.2686,3.8863,0.9505
2026-09-16T17:40:28Z,2026-09-16 17:39:47,SPXW,2026-09-23,P,7545.0,7607.1001,36.1,13.0,36.4,18.0,35.4,36.0,27.0,0.1528,-0.3354,0.0022,-4.2762,3.8863,-0.4944
2026-09-16T17:40:28Z,2026-09-16 17:39:47,SPXW,2026-09-23,C,7550.0,7607.1001,99.8,4.0,100.0,4.0,97.83,1.0,6.0,0.1513,0.6542,0.0023,-4.293,3.9298,0.936
2026-09-16T17:40:28Z,2026-09-16 17:39:47,SPXW,2026-09-23,P,7550.0,7607.1001,37.4,13.0,37.7,41.0,37.98,79.0,675.0,0.1517,-0.3458,0.0023,-4.3,3.9298,-0.5098
2026-09-16T17:40:28Z,2026-09-16 17:39:47,SPXW,2026-09-23,C,7555.0,7607.1001,96.1,4.0,96.4,4.0,84.9,0.0,17.0,0.1503,0.6436,0.0023,-4.3141,3.9716,0.921
2026-09-16T17:40:28Z,2026-09-16 17:39:47,SPXW,2026-09-23,P,7555.0,7607.1001,38.8,8.0,39.0,7.0,38.4,30.0,86.0,0.1507,-0.3564,0.0023,-4.3205,3.9716,-0.5258
2026-09-16T17:40:28Z,2026-09-16 17:39:47,SPXW,2026-09-23,C,7560.0,7607.1001,92.6,5.0,92.8,5.0,99.0,2.0,19.0,0.1492,0.6327,0.0024,-4.3317,4.0109,0.9055
2026-09-16T17:40:28Z,2026-09-16 17:39:47,SPXW,2026-09-23,P,7560.0,7607.1001,40.2,12.0,40.5,17.0,41.54,48.0,328.0,0.1496,-0.3672,0.0024,-4.3376,4.0109,-0.5422
2026-09-16T17:40:28Z,2026-09-16 17:39:47,SPXW,2026-09-23,C,7565.0,7607.1001,89.0,5.0,89.3,7.0,95.39,3.0,14.0,0.1482,0.6216,0.0024,-4.3458,4.0473,0.8899
2026-09-16T17:40:28Z,2026-09-16 17:39:47,SPXW,2026-09-23,P,7565.0,7607.1001,41.7,7.0,41.9,7.0,40.19,36.0,40.0,0.1486,-0.3784,0.0024,-4.3511,4.0473,-0.5588
2026-09-16T17:40:28Z,2026-09-16 17:39:47,SPXW,2026-09-23,C,7570.0,7607.1001,85.5,5.0,85.8,5.0,82.78,1.0,14.0,0.1471,0.6102,0.0024,-4.356,4.0808,0.8741
2026-09-16T17:40:28Z,2026-09-16 17:39:47,SPXW,2026-09-23,P,7570.0,7607.1001,43.2,8.0,43.5,17.0,39.8,53.0,138.0,0.1475,-0.3898,0.0024,-4.3608,4.0808,-0.5756
2026-09-16T17:40:28Z,2026-09-16 17:39:47,SPXW,2026-09-23,C,7575.0,7607.1001,82.1,6.0,82.4,24.0,87.92,4.0,75.0,0.1461,0.5986,0.0025,-4.3623,4.1117,0.8579
2026-09-16T17:40:28Z,2026-09-16 17:39:47,SPXW,2026-09-23,P,7575.0,7607.1001,44.8,7.0,45.0,32.0,46.22,212.0,255.0,0.1463,-0.4014,0.0025,-4.3665,4.1117,-0.5927
2026-09-16T17:40:28Z,2026-09-16 17:39:47,SPXW,2026-09-23,C,7580.0,7607.1001,78.8,6.0,79.0,6.0,83.61,2.0,20.0,0.145,0.5867,0.0025,-4.3645,4.14,0.8412
2026-09-16T17:40:28Z,2026-09-16 17:39:47,SPXW,2026-09-23,P,7580.0,7607.1001,46.4,7.0,46.7,16.0,42.5,22.0,75.0,0.1453,-0.4133,0.0025,-4.3682,4.14,-0.6104
2026-09-16T17:40:28Z,2026-09-16 17:39:47,SPXW,2026-09-23,C,7585.0,7607.1001,75.5,6.0,75.7,7.0,82.4,9.0,63.0,0.1438,0.5745,0.0026,-4.3623,4.1652,0.8238
2026-09-16T17:40:28Z,2026-09-16 17:39:47,SPXW,2026-09-23,P,7585.0,7607.1001,48.1,7.0,48.3,7.0,44.8,17.0,71.0,0.1442,-0.4254,0.0026,-4.3654,4.1652,-0.6288
2026-09-16T17:40:28Z,2026-09-16 17:39:47,SPXW,2026-09-23,C,7590.0,7607.1001,72.2,6.0,72.5,9.0,73.8,15.0,55.0,0.1429,0.5621,0.0026,-4.3554,4.187,0.806
2026-09-16T17:40:28Z,2026-09-16 17:39:47,SPXW,2026-09-23,P,7590.0,7607.1001,49.8,7.0,50.1,15.0,49.8,14.0,113.0,0.1432,-0.4378,0.0026,-4.358,4.187,-0.6475
2026-09-16T17:40:28Z,2026-09-16 17:39:47,SPXW,2026-09-23,C,7595.0,7607.1001,69.0,6.0,69.3,9.0,70.7,41.0,36.0,0.1418,0.5495,0.0026,-4.3439,4.2048,0.7882
2026-09-16T17:40:28Z,2026-09-16 17:39:47,SPXW,2026-09-23,P,7595.0,7607.1001,51.7,7.0,51.9,16.0,48.92,28.0,64.0,0.1421,-0.4505,0.0026,-4.3458,4.2048,-0.6663
2026-09-16T17:40:28Z,2026-09-16 17:39:47,SPXW,2026-09-23,C,7600.0,7607.1001,65.9,6.0,66.1,6.0,65.9,350.0,64.0,0.1406,0.5366,0.0026,-4.3275,4.2187,0.7702
2026-09-16T17:40:28Z,2026-09-16 17:39:47,SPXW,2026-09-23,P,7600.0,7607.1001,53.5,7.0,53.8,34.0,52.5,66.0,432.0,0.1411,-0.4633,0.0026,-4.3289,4.2187,-0.6852
2026-09-16T17:40:28Z,2026-09-16 17:39:47,SPXW,2026-09-23,C,7605.0,7607.1001,62.8,7.0,63.1,14.0,64.1,185.0,22.0,0.1396,0.5235,0.0027,-4.3062,4.2286,0.7517
2026-09-16T17:40:28Z,2026-09-16 17:39:47,SPXW,2026-09-23,P,7605.0,7607.1001,55.5,7.0,55.7,16.0,55.3,40.0,19.0,0.1399,-0.4764,0.0027,-4.307,4.2286,-0.7046
2026-09-16T17:40:28Z,2026-09-16 17:39:47,SPXW,2026-09-23,C,7610.0,7607.1001,59.8,7.0,60.1,14.0,67.35,30.0,59.0,0.1385,0.5102,0.0027,-4.2798,4.2344,0.7327
2026-09-16T17:40:28Z,2026-09-16 17:39:47,SPXW,2026-09-23,P,7610.0,7607.1001,57.5,6.0,57.7,6.0,57.8,70.0,119.0,0.1389,-0.4898,0.0027,-4.28,4.2344,-0.7246
2026-09-16T17:40:28Z,2026-09-16 17:39:47,SPXW,2026-09-23,C,7615.0,7607.1001,56.9,6.0,57.2,13.0,57.15,50.0,13.0,0.1375,0.4967,0.0027,-4.248,4.2356,0.7131
2026-09-16T17:40:28Z,2026-09-16 17:39:47,SPXW,2026-09-23,P,7615.0,7607.1001,59.5,7.0,59.8,15.0,59.05,80.0,157.0,0.1379,-0.5033,0.0027,-4.2477,4.2356,-0.7451
2026-09-16T17:40:28Z,2026-09-16 17:39:47,SPXW,2026-09-23,C,7620.0,7607.1001,54.1,7.0,54.3,15.0,55.3,68.0,53.0,0.1365,0.483,0.0027,-4.2108,4.2321,0.6935
2026-09-16T17:40:28Z,2026-09-16 17:39:47,SPXW,2026-09-23,P,7620.0,7607.1001,61.7,6.0,61.9,6.0,59.6,115.0,157.0,0.1368,-0.517,0.0027,-4.21,4.2321,-0.7658
2026-09-16T17:40:28Z,2026-09-16 17:39:47,SPXW,2026-09-23,C,7625.0,7607.1001,51.3,7.0,51.5,34.0,53.1,20.0,43.0,0.1354,0.469,0.0028,-4.1682,4.2239,0.6738
2026-09-16T17:40:28Z,2026-09-16 17:39:47,SPXW,2026-09-23,P,7625.0,7607.1001,63.9,6.0,64.1,26.0,62.4,357.0,514.0,0.1358,-0.5309,0.0028,-4.1668,4.2239,-0.7864
2026-09-16T17:40:28Z,2026-09-16 17:39:47,SPXW,2026-09-23,C,7630.0,7607.1001,48.6,7.0,48.8,16.0,47.13,28.0,87.0,0.1344,0.455,0.0028,-4.1202,4.2108,0.654
2026-09-16T17:40:28Z,2026-09-16 17:39:47,SPXW,2026-09-23,P,7630.0,7607.1001,66.2,6.0,66.4,6.0,67.12,84.0,232.0,0.1346,-0.545,0.0028,-4.1183,4.2108,-0.8072
2026-09-16T17:40:28Z,2026-09-16 17:39:47,SPXW,2026-09-23,C,7635.0,7607.1001,45.9,7.0,46.2,15.0,47.1,16.0,22.0,0.1333,0.4407,0.0028,-4.0668,4.1921,0.6335
2026-09-16T17:40:28Z,2026-09-16 17:39:47,SPXW,2026-09-23,P,7635.0,7607.1001,68.5,6.0,68.8,6.0,66.0,61.0,48.0,0.1337,-0.5593,0.0028,-4.0642,4.1921,-0.8286
2026-09-16T17:40:28Z,2026-09-16 17:39:47,SPXW,2026-09-23,C,7640.0,7607.1001,43.3,7.0,43.6,15.0,44.9,13.0,67.0,0.1323,0.4263,0.0028,-4.0078,4.1678,0.6127
2026-09-16T17:40:28Z,2026-09-16 17:39:47,SPXW,2026-09-23,P,7640.0,7607.1001,70.9,6.0,71.2,6.0,66.0,2.0,277.0,0.1326,-0.5736,0.0028,-4.0047,4.1678,-0.8504
2026-09-16T17:40:28Z,2026-09-16 17:39:47,SPXW,2026-09-23,C,7645.0,7607.1001,40.8,7.0,41.1,15.0,44.7,10.0,93.0,0.1312,0.4118,0.0028,-3.9433,4.1381,0.5918
2026-09-16T17:40:28Z,2026-09-16 17:39:47,SPXW,2026-09-23,P,7645.0,7607.1001,73.4,6.0,73.7,6.0,68.6,19.0,57.0,0.1316,-0.5881,0.0028,-3.9396,4.1381,-0.8722
2026-09-16T17:40:28Z,2026-09-16 17:39:47,SPXW,2026-09-23,C,7650.0,7607.1001,38.4,10.0,38.7,37.0,39.8,47.0,134.0,0.1302,0.3972,0.0028,-3.8733,4.1033,0.5711
2026-09-16T17:40:28Z,2026-09-16 17:39:47,SPXW,2026-09-23,P,7650.0,7607.1001,76.0,5.0,76.3,5.0,77.02,52.0,403.0,0.1305,-0.6027,0.0028,-3.8691,4.1033,-0.8939
2026-09-16T17:40:28Z,2026-09-16 17:39:47,SPXW,2026-09-23,C,7655.0,7607.1001,36.1,8.0,36.4,16.0,39.33,57.0,23.0,0.1291,0.3826,0.0028,-3.7982,4.063,0.5503
2026-09-16T17:40:28Z,2026-09-16 17:39:47,SPXW,2026-09-23,P,7655.0,7607.1001,78.7,5.0,79.0,5.0,78.99,32.0,108.0,0.1296,-0.6174,0.0028,-3.7934,4.063,-0.9156
2026-09-16T17:40:28Z,2026-09-16 17:39:47,SPXW,2026-09-23,C,7660.0,7607.1001,33.9,7.0,34.1,11.0,36.27,36.0,85.0,0.1281,0.3678,0.0028,-3.7179,4.0163,0.5291
2026-09-16T17:40:28Z,2026-09-16 17:39:47,SPXW,2026-09-23,P,7660.0,7607.1001,81.5,5.0,81.7,5.0,76.48,15.0,100.0,0.1286,-0.6321,0.0028,-3.7125,4.0163,-0.9378
2026-09-16T17:40:28Z,2026-09-16 17:39:47,SPXW,2026-09-23,C,7665.0,7607.1001,31.7,7.0,31.9,10.0,32.8,35.0,44.0,0.1271,0.3531,0.0027,-3.6325,3.9632,0.5076
2026-09-16T17:40:28Z,2026-09-16 17:39:47,SPXW,2026-09-23,P,7665.0,7607.1001,84.3,4.0,84.5,4.0,81.0,18.0,74.0,0.1275,-0.6468,0.0027,-3.6266,3.9632,-0.9602
2026-09-16T17:40:28Z,2026-09-16 17:39:47,SPXW,2026-09-23,C,7670.0,7607.1001,29.6,8.0,29.8,12.0,31.0,10.0,89.0,0.1262,0.3384,0.0027,-3.5423,3.9046,0.4865
2026-09-16T17:40:28Z,2026-09-16 17:39:47,SPXW,2026-09-23,P,7670.0,7607.1001,87.2,3.0,87.4,3.0,85.35,84.0,125.0,0.1266,-0.6616,0.0027,-3.5358,3.9046,-0.9823
2026-09-16T17:40:28Z,2026-09-16 17:39:47,SPXW,2026-09-23,C,7675.0,7607.1001,27.6,8.0,27.8,37.0,28.44,5.0,47.0,0.1252,0.3237,0.0027,-3.4476,3.8414,0.4657
2026-09-16T17:40:28Z,2026-09-16 17:39:47,SPXW,2026-09-23,P,7675.0,7607.1001,90.2,3.0,90.4,3.0,88.25,91.0,221.0,0.1255,-0.6762,0.0027,-3.4406,3.8414,-1.0041
2026-09-16T17:40:28Z,2026-09-16 17:39:47,SPXW,2026-09-23,C,7680.0,7607.1001,25.7,8.0,25.9,12.0,25.87,29.0,68.0,0.1242,0.3091,0.0027,-3.3487,3.7725,0.4447
2026-09-16T17:40:28Z,2026-09-16 17:39:47,SPXW,2026-09-23,P,7680.0,7607.1001,93.2,2.0,93.5,2.0,86.42,36.0,75.0,0.1246,-0.6909,0.0027,-3.341,3.7725,-1.026
2026-09-16T17:40:28Z,2026-09-16 17:39:47,SPXW,2026-09-23,C,7685.0,7607.1001,23.9,8.0,24.1,13.0,24.14,23.0,50.0,0.1231,0.2946,0.0026,-3.2457,3.6968,0.4236
2026-09-16T17:40:28Z,2026-09-16 17:39:47,SPXW,2026-09-23,P,7685.0,7607.1001,95.1,1.0,98.3,4.0,93.1,35.0,35.0,0.1237,-0.7054,0.0026,-3.2376,3.6968,-1.0481
2026-09-16T17:40:28Z,2026-09-16 17:39:47,SPXW,2026-09-23,C,7690.0,7607.1001,22.1,19.0,22.3,13.0,22.05,171.0,77.0,0.1223,0.2802,0.0026,-3.1391,3.6154,0.4028
2026-09-16T17:40:28Z,2026-09-16 17:39:47,SPXW,2026-09-23,P,7690.0,7607.1001,98.3,1.0,101.6,1.0,101.85,9.0,75.0,0.1227,-0.7197,0.0026,-3.1303,3.6154,-1.0699
2026-09-16T17:40:28Z,2026-09-16 17:39:47,SPXW,2026-09-23,C,7695.0,7607.1001,20.4,24.0,20.7,51.0,22.1,69.0,105.0,0.1212,0.2661,0.0025,-3.0291,3.5301,0.3826
2026-09-16T17:40:28Z,2026-09-16 17:39:47,SPXW,2026-09-23,P,7695.0,7607.1001,101.6,1.0,104.9,1.0,102.44,9.0,12.0,0.1217,-0.7339,0.0025,-3.0198,3.5301,-1.091
2026-09-16T17:40:28Z,2026-09-16 17:39:47,SPXW,2026-09-23,C,7700.0,7607.1001,18.9,6.0,19.1,43.0,19.8,83.0,164.0,0.1203,0.2521,0.0025,-2.9163,3.4406,0.3626
2026-09-16T17:40:28Z,2026-09-16 17:39:47,SPXW,2026-09-23,P,7700.0,7607.1001,104.9,1.0,108.3,1.0,108.66,34.0,185.0,0.1206,-0.7479,0.0025,-2.9064,3.4406,-1.112
2026-09-16T17:40:28Z,2026-09-16 17:39:47,SPXW,2026-09-23,C,7705.0,7607.1001,17.4,6.0,17.6,18.0,18.6,54.0,22.0,0.1193,0.2383,0.0024,-2.801,3.3455,0.3425
2026-09-16T17:40:28Z,2026-09-16 17:39:47,SPXW,2026-09-23,P,7705.0,7607.1001,107.8,12.0,112.1,3.0,131.13,0.0,18.0,0.1192,-0.7617,0.0024,-2.7906,3.3455,-1.133
2026-09-16T17:40:28Z,2026-09-16 17:39:47,SPXW,2026-09-23,C,7710.0,7607.1001,15.9,25.0,16.1,9.0,17.51,34.0,114.0,0.1185,0.2248,0.0024,-2.6836,3.2449,0.3229
2026-09-16T17:40:28Z,2026-09-16 17:39:47,SPXW,2026-09-23,P,7710.0,7607.1001,111.3,12.0,115.7,3.0,110.61,3.0,24.0,0.1182,-0.7752,0.0024,-2.6726,3.2449,-1.1536
2026-09-16T17:40:28Z,2026-09-16 17:39:47,SPXW,2026-09-23,C,7715.0,7607.1001,14.6,24.0,14.8,19.0,15.3,16.0,43.0,0.1177,0.2116,0.0023,-2.5646,3.1413,0.304
2026-09-16T17:40:28Z,2026-09-16 17:39:47,SPXW,2026-09-23,P,7715.0,7607.1001,115.0,9.0,119.4,3.0,122.91,2.0,15.0,0.1175,-0.7884,0.0023,-2.553,3.1413,-1.1734
2026-09-16T17:40:28Z,2026-09-16 17:39:47,SPXW,2026-09-23,C,7720.0,7607.1001,13.4,6.0,13.6,61.0,14.09,62.0,96.0,0.1167,0.1987,0.0022,-2.4445,3.0355,0.2856
2026-09-16T17:40:28Z,2026-09-16 17:39:47,SPXW,2026-09-23,P,7720.0,7607.1001,118.7,9.0,123.2,2.0,115.07,11.0,23.0,0.1166,-0.8013,0.0022,-2.4324,3.0355,-1.1928
2026-09-16T17:40:28Z,2026-09-16 17:39:47,SPXW,2026-09-23,C,7725.0,7607.1001,12.2,26.0,12.4,47.0,12.5,542.0,161.0,0.1161,0.1861,0.0022,-2.3238,2.9258,0.2673
2026-09-16T17:40:28Z,2026-09-16 17:39:47,SPXW,2026-09-23,P,7725.0,7607.1001,122.5,9.0,127.0,2.0,145.6,0.0,42.0,0.1157,-0.8138,0.0022,-2.3111,2.9258,-1.2121
2026-09-16T17:40:28Z,2026-09-16 17:39:47,SPXW,2026-09-23,C,7730.0,7607.1001,11.1,24.0,11.3,21.0,14.0,19.0,107.0,0.1152,0.1739,0.0021,-2.203,2.8119,0.2496
2026-09-16T17:40:28Z,2026-09-16 17:39:47,SPXW,2026-09-23,P,7730.0,7607.1001,126.3,9.0,130.9,2.0,115.9,1.0,172.0,0.1147,-0.826,0.0021,-2.1897,2.8119,-1.2307
2026-09-16T17:40:28Z,2026-09-16 17:39:47,SPXW,2026-09-23,C,7735.0,7607.1001,10.1,7.0,10.3,84.0,10.4,51.0,31.0,0.1144,0.1622,0.002,-2.0825,2.6966,0.2328
2026-09-16T17:40:28Z,2026-09-16 17:39:47,SPXW,2026-09-23,P,7735.0,7607.1001,130.3,9.0,134.9,2.0,155.64,0.0,2.0,0.114,-0.8378,0.002,-2.0687,2.6966,-1.2485
2026-09-16T17:40:28Z,2026-09-16 17:39:47,SPXW,2026-09-23,C,7740.0,7607.1001,9.1,33.0,9.3,25.0,9.15,243.0,82.0,0.1136,0.1508,0.0019,-1.963,2.581,0.2165
2026-09-16T17:40:28Z,2026-09-16 17:39:47,SPXW,2026-09-23,P,7740.0,7607.1001,134.3,9.0,139.0,2.0,135.83,0.0,42.0,0.1132,-0.8492,0.0019,-1.9487,2.581,-1.2658
2026-09-16T17:40:28Z,2026-09-16 17:39:47,SPXW,2026-09-23,C,7745.0,7607.1001,8.2,33.0,8.4,25.0,8.93,62.0,35.0,0.1127,0.1398,0.0018,-1.8451,2.4636,0.2005
2026-09-16T17:40:28Z,2026-09-16 17:39:47,SPXW,2026-09-23,P,7745.0,7607.1001,138.3,9.0,143.1,2.0,0.0,0.0,0.0,0.1121,-0.8601,0.0018,-1.8302,2.4636,-1.2827
2026-09-16T17:40:28Z,2026-09-16 17:39:47,SPXW,2026-09-23,C,7750.0,7607.1001,7.4,59.0,7.6,55.0,7.7,135.0,1102.0,0.1121,0.1294,0.0018,-1.7292,2.3442,0.1853
2026-09-16T17:40:28Z,2026-09-16 17:39:47,SPXW,2026-09-23,P,7750.0,7607.1001,142.5,9.0,147.3,2.0,169.59,0.0,123.0,0.1114,-0.8706,0.0018,-1.7137,2.3442,-1.2988
2026-09-16T17:40:28Z,2026-09-16 17:39:47,SPXW,2026-09-23,C,7755.0,7607.1001,6.7,24.0,6.9,99.0,7.2,49.0,41.0,0.1114,0.1194,0.0017,-1.6158,2.2256,0.1711
2026-09-16T17:40:28Z,2026-09-16 17:39:47,SPXW,2026-09-23,P,7755.0,7607.1001,146.8,9.0,151.6,2.0,172.86,0.0,1.0,0.1109,-0.8806,0.0017,-1.5997,2.2256,-1.314
2026-09-16T17:40:28Z,2026-09-16 17:39:47,SPXW,2026-09-23,C,7760.0,7607.1001,6.0,22.0,6.2,105.0,8.72,21.0,112.0,0.1109,0.1099,0.0016,-1.5055,2.1087,0.1574
2026-09-16T17:40:28Z,2026-09-16 17:39:47,SPXW,2026-09-23,P,7760.0,7607.1001,151.0,15.0,156.0,2.0,137.3,3.0,17.0,0.1102,-0.8901,0.0016,-1.4888,2.1087,-1.3286
2026-09-16T17:40:28Z,2026-09-16 17:39:47,SPXW,2026-09-23,C,7765.0,7607.1001,5.3,162.0,5.5,35.0,5.3,154.0,163.0,0.1098,0.1009,0.0015,-1.3987,1.9923,0.1443
2026-09-16T17:40:28Z,2026-09-16 17:39:47,SPXW,2026-09-23,P,7765.0,7607.1001,155.4,8.0,161.0,8.0,155.39,1.0,1.0,0.1113,-0.8991,0.0015,-1.3815,1.9923,-1.3427
2026-09-16T17:40:28Z,2026-09-16 17:39:47,SPXW,2026-09-23,C,7770.0,7607.1001,4.8,36.0,5.0,104.0,5.19,277.0,357.0,0.1096,0.0924,0.0014,-1.296,1.8767,0.1321
2026-09-16T17:40:28Z,2026-09-16 17:39:47,SPXW,2026-09-23,P,7770.0,7607.1001,159.7,8.0,165.4,8.0,137.94,0.0,8.0,0.1104,-0.9076,0.0014,-1.2782,1.8767,-1.3559
2026-09-16T17:40:28Z,2026-09-16 17:39:47,SPXW,2026-09-23,C,7775.0,7607.1001,4.3,22.0,4.4,67.0,4.5,119.0,794.0,0.1089,0.0844,0.0013,-1.1976,1.7643,0.1208
2026-09-16T17:40:28Z,2026-09-16 17:39:47,SPXW,2026-09-23,P,7775.0,7607.1001,160.0,1.0,173.1,1.0,165.35,0.0,32.0,0.1069,-0.9156,0.0013,-1.1793,1.7643,-1.3682
2026-09-16T17:40:28Z,2026-09-16 17:39:47,SPXW,2026-09-23,C,7780.0,7607.1001,3.8,129.0,4.0,115.0,4.92,108.0,189.0,0.1085,0.0769,0.0012,-1.104,1.6554,0.11
2026-09-16T17:40:28Z,2026-09-16 17:39:47,SPXW,2026-09-23,P,7780.0,7607.1001,164.4,1.0,177.8,1.0,197.3,0.0,3.0,0.1064,-0.923,0.0012,-1.0851,1.6554,-1.3799
2026-09-16T17:40:28Z,2026-09-16 17:39:47,SPXW,2026-09-23,C,7785.0,7607.1001,3.3,224.0,3.6,139.0,3.68,96.0,446.0,0.1079,0.07,0.0012,-1.016,1.5492,0.0999
2026-09-16T17:40:28Z,2026-09-16 17:39:47,SPXW,2026-09-23,P,7785.0,7607.1001,168.9,1.0,182.6,1.0,200.75,0.0,18.0,0.1063,-0.93,0.0012,-0.996,1.5492,-1.3909
2026-09-16T17:40:28Z,2026-09-16 17:39:47,SPXW,2026-09-23,C,7790.0,7607.1001,3.0,164.0,3.2,172.0,3.2,57.0,1877.0,0.1076,0.0636,0.0011,-0.9326,1.4465,0.0908
2026-09-16T17:40:28Z,2026-09-16 17:39:47,SPXW,2026-09-23,P,7790.0,7607.1001,173.5,1.0,186.0,2.0,205.39,0.0,5.0,0.1006,-0.9364,0.0011,-0.9122,1.4466,-1.401
2026-09-16T17:40:28Z,2026-09-16 17:39:47,SPXW,2026-09-23,C,7795.0,7607.1001,2.65,181.0,2.8,83.0,3.1,23.0,253.0,0.107,0.0577,0.001,-0.8546,1.3488,0.0823
2026-09-16T17:40:28Z,2026-09-16 17:39:47,SPXW,2026-09-23,P,7795.0,7607.1001,178.2,1.0,191.5,3.0,0.0,0.0,0.0,0.1037,-0.9423,0.001,-0.8337,1.3489,-1.4104
2026-09-16T17:40:28Z,2026-09-16 17:39:47,SPXW,2026-09-23,C,7800.0,7607.1001,2.35,204.0,2.5,131.0,2.5,322.0,667.0,0.1067,0.0522,0.0009,-0.7821,1.2559,0.0744
2026-09-16T17:40:28Z,2026-09-16 17:39:47,SPXW,2026-09-23,P,7800.0,7607.1001,182.9,1.0,196.2,1.0,186.5,12.0,405.0,0.1032,-0.9477,0.0009,-0.7608,1.2561,-1.4193
2026-09-16T17:40:28Z,2026-09-16 17:39:47,SPXW,2026-09-23,C,7805.0,7607.1001,2.1,200.0,2.25,224.0,2.95,42.0,98.0,0.1063,0.0473,0.0009,-0.7151,1.1677,0.0673
2026-09-16T17:40:28Z,2026-09-16 17:39:47,SPXW,2026-09-23,P,7805.0,7607.1001,187.6,1.0,200.1,2.0,219.44,0.0,5.0,0.0976,-0.9526,0.0009,-0.6934,1.1679,-1.4273
2026-09-16T17:40:28Z,2026-09-16 17:39:47,SPXW,2026-09-23,C,7810.0,7607.1001,1.85,175.0,2.0,233.0,2.06,157.0,127.0,0.1062,0.0428,0.0008,-0.6536,1.0844,0.0609
2026-09-16T17:40:28Z,2026-09-16 17:39:47,SPXW,2026-09-23,P,7810.0,7607.1001,191.7,1.0,205.9,2.0,102.0,0.0,4.0,0.0991,-0.9572,0.0008,-0.6313,1.0847,-1.4347
2026-09-16T17:40:28Z,2026-09-16 17:39:47,SPXW,2026-09-23,C,7815.0,7607.1001,1.65,124.0,1.8,263.0,2.12,67.0,151.0,0.1062,0.0387,0.0007,-0.5972,1.0068,0.0551
2026-09-16T17:40:28Z,2026-09-16 17:39:47,SPXW,2026-09-23,P,7815.0,7607.1001,196.5,1.0,210.1,1.0,175.55,0.0,3.0,0.0935,-0.9612,0.0007,-0.5746,1.0072,-1.4414
2026-09-16T17:40:28Z,2026-09-16 17:39:47,SPXW,2026-09-23,C,7820.0,7607.1001,1.45,130.0,1.6,271.0,1.72,73.0,240.0,0.1059,0.0351,0.0007,-0.5461,0.9346,0.0498
2026-09-16T17:40:28Z,2026-09-16 17:39:47,SPXW,2026-09-23,P,7820.0,7607.1001,201.9,1.0,214.0,1.0,205.55,4.0,6.0,0.0881,-0.9649,0.0007,-0.5229,0.935,-1.4477
2026-09-16T17:40:28Z,2026-09-16 17:39:47,SPXW,2026-09-23,C,7825.0,7607.1001,1.3,125.0,1.45,282.0,1.5,80.0,226.0,0.106,0.0318,0.0006,-0.5001,0.8681,0.0451
2026-09-16T17:40:28Z,2026-09-16 17:39:47,SPXW,2026-09-23,P,7825.0,7607.1001,207.0,1.0,220.5,1.0,183.8,0.0,4.0,0.1046,-0.9682,0.0006,-0.4762,0.8681,-1.4534
2026-09-16T17:40:28Z,2026-09-16 17:39:47,SPXW,2026-09-23,C,7830.0,7607.1001,1.15,210.0,1.3,306.0,1.32,28.0,115.0,0.106,0.0289,0.0006,-0.4585,0.8063,0.041
2026-09-16T17:40:28Z,2026-09-16 17:39:47,SPXW,2026-09-23,P,7830.0,7607.1001,207.3,3.0,227.0,1.0,147.46,0.0,10.0,0.0,-0.9711,0.0006,-0.434,0.8063,-1.4585
2026-09-16T17:40:28Z,2026-09-16 17:39:47,SPXW,2026-09-23,C,7840.0,7607.1001,0.9,276.0,1.05,316.0,0.99,60.0,158.0,0.106,0.0239,0.0005,-0.3876,0.6977,0.0339
2026-09-16T17:40:28Z,2026-09-16 17:39:47,SPXW,2026-09-23,P,7840.0,7607.1001,217.2,1.0,237.4,3.0,0.0,0.0,0.0,0.0,-0.976,0.0005,-0.362,0.6977,-1.4675
2026-09-16T17:40:28Z,2026-09-16 17:39:47,SPXW,2026-09-23,C,7850.0,7607.1001,0.75,150.0,0.85,418.0,0.75,21.0,2915.0,0.1066,0.02,0.0004,-0.3311,0.6073,0.0283
2026-09-16T17:40:28Z,2026-09-16 17:39:47,SPXW,2026-09-23,P,7850.0,7607.1001,227.9,1.0,247.0,1.0,160.4,0.0,10.0,0.0,-0.9799,0.0004,-0.3044,0.6073,-1.475
2026-09-16T17:40:28Z,2026-09-16 17:39:47,SPXW,2026-09-23,C,7860.0,7607.1001,0.6,319.0,0.75,262.0,0.65,39.0,104.0,0.1076,0.017,0.0004,-0.2864,0.5325,0.024
2026-09-16T17:40:28Z,2026-09-16 17:39:47,SPXW,2026-09-23,P,7860.0,7607.1001,236.7,1.0,257.1,1.0,0.0,0.0,0.0,0.0,-0.983,0.0004,-0.2585,0.5325,-1.4812
2026-09-16T17:40:28Z,2026-09-16 17:39:47,SPXW,2026-09-23,C,7870.0,7607.1001,0.5,325.0,0.6,417.0,0.5,45.0,445.0,0.1082,0.0146,0.0003,-0.2509,0.4709,0.0205
2026-09-16T17:40:28Z,2026-09-16 17:39:47,SPXW,2026-09-23,P,7870.0,7607.1001,246.5,1.0,266.1,1.0,0.0,0.0,0.0,0.0,-0.9854,0.0003,-0.2219,0.4709,-1.4866
2026-09-16T17:40:28Z,2026-09-16 17:39:47,SPXW,2026-09-23,C,7875.0,7607.1001,0.45,355.0,0.6,385.0,0.5,46.0,243.0,0.1092,0.0136,0.0003,-0.2361,0.4443,0.0191
2026-09-16T17:40:28Z,2026-09-16 17:39:47,SPXW,2026-09-23,P,7875.0,7607.1001,252.6,1.0,271.9,1.0,216.09,0.0,3.0,0.0,-0.9864,0.0003,-0.2065,0.4443,-1.489
2026-09-16T17:40:28Z,2026-09-16 17:39:47,SPXW,2026-09-23,C,7880.0,7607.1001,0.4,338.0,0.55,222.0,0.5,45.0,247.0,0.1096,0.0127,0.0003,-0.2228,0.4201,0.0178
2026-09-16T17:40:28Z,2026-09-16 17:39:47,SPXW,2026-09-23,P,7880.0,7607.1001,256.3,1.0,276.0,1.0,250.51,0.0,1.0,0.0,-0.9873,0.0003,-0.1927,0.4201,-1.4912
2026-09-16T17:40:28Z,2026-09-16 17:39:47,SPXW,2026-09-23,C,7890.0,7607.1001,0.35,369.0,0.5,329.0,0.4,43.0,92.0,0.1114,0.0111,0.0002,-0.2003,0.3781,0.0157
2026-09-16T17:40:28Z,2026-09-16 17:39:47,SPXW,2026-09-23,P,7890.0,7607.1001,267.6,1.0,286.8,1.0,0.0,0.0,0.0,0.0,-0.9888,0.0002,-0.1691,0.3781,-1.4953
2026-09-16T17:40:28Z,2026-09-16 17:39:47,SPXW,2026-09-23,C,7900.0,7607.1001,0.3,532.0,0.4,295.0,0.35,133.0,863.0,0.1121,0.0099,0.0002,-0.1823,0.3431,0.0139
2026-09-16T17:40:28Z,2026-09-16 17:39:47,SPXW,2026-09-23,P,7900.0,7607.1001,276.4,1.0,296.7,1.0,0.0,0.0,0.0,0.0,-0.99,0.0002,-0.1499,0.3431,-1.4989
2026-09-16T17:40:28Z,2026-09-16 17:39:47,SPXW,2026-09-23,C,7910.0,7607.1001,0.3,64.0,0.4,346.0,0.3,88.0,198.0,0.1154,0.0089,0.0002,-0.1676,0.3138,0.0125
2026-09-16T17:40:28Z,2026-09-16 17:39:47,SPXW,2026-09-23,P,7910.0,7607.1001,286.2,1.0,306.7,1.0,285.8,1.0,0.0,0.0,-0.991,0.0002,-0.1341,0.3138,-1.5023
2026-09-16T17:40:28Z,2026-09-16 17:39:47,SPXW,2026-09-23,C,7920.0,7607.1001,0.25,384.0,0.35,356.0,0.25,31.0,24.0,0.1166,0.0081,0.0002,-0.1556,0.2891,0.0113
2026-09-16T17:40:28Z,2026-09-16 17:39:47,SPXW,2026-09-23,P,7920.0,7607.1001,296.5,1.0,316.3,1.0,0.0,0.0,0.0,0.0,-0.9919,0.0002,-0.1211,0.2892,-1.5053
2026-09-16T17:40:28Z,2026-09-16 17:39:47,SPXW,2026-09-23,C,7925.0,7607.1001,0.25,372.0,0.35,434.0,0.4,50.0,619.0,0.1182,0.0078,0.0002,-0.1505,0.2782,0.0108
2026-09-16T17:40:28Z,2026-09-16 17:39:47,SPXW,2026-09-23,P,7925.0,7607.1001,302.3,1.0,321.4,1.0,300.46,1.0,3.0,0.0,-0.9922,0.0002,-0.1154,0.2783,-1.5068
2026-09-16T17:40:28Z,2026-09-16 17:39:47,SPXW,2026-09-23,C,7930.0,7607.1001,0.25,175.0,0.35,467.0,0.4,50.0,62.0,0.1198,0.0074,0.0002,-0.1458,0.2682,0.0104
2026-09-16T17:40:28Z,2026-09-16 17:39:47,SPXW,2026-09-23,P,7930.0,7607.1001,307.4,1.0,326.6,1.0,0.0,0.0,0.0,0.0,-0.9925,0.0002,-0.1102,0.2683,-1.5082
2026-09-16T17:40:28Z,2026-09-16 17:39:47,SPXW,2026-09-23,C,7950.0,7607.1001,0.2,403.0,0.3,479.0,0.2,10.0,293.0,0.1237,0.0064,0.0001,-0.1311,0.235,0.0089
2026-09-16T17:40:28Z,2026-09-16 17:39:47,SPXW,2026-09-23,P,7950.0,7607.1001,326.0,1.0,346.5,1.0,0.0,0.0,0.0,0.0,-0.9936,0.0001,-0.0932,0.2351,-1.5135
2026-09-16T17:40:28Z,2026-09-16 17:39:47,SPXW,2026-09-23,C,7975.0,7607.1001,0.15,781.0,0.3,742.0,0.31,50.0,250.0,0.13,0.0055,0.0001,-0.1185,0.2046,0.0076
2026-09-16T17:40:28Z,2026-09-16 17:39:47,SPXW,2026-09-23,P,7975.0,7607.1001,351.2,1.0,371.3,1.0,0.0,0.0,0.0,0.0,-0.9945,0.0001,-0.0781,0.2049,-1.5196
2026-09-16T17:40:28Z,2026-09-16 17:39:47,SPXW,2026-09-23,C,8000.0,7607.1001,0.15,456.0,0.25,467.0,0.3,50.0,342.0,0.1361,0.0048,0.0001,-0.1103,0.1824,0.0067
2026-09-16T17:40:28Z,2026-09-16 17:39:47,SPXW,2026-09-23,P,8000.0,7607.1001,376.3,1.0,396.4,1.0,0.0,0.0,0.0,0.0,-0.9951,0.0001,-0.067,0.1827,-1.5253
2026-09-16T17:40:28Z,2026-09-16 17:39:47,SPXW,2026-09-23,C,8025.0,7607.1001,0.15,177.0,0.25,750.0,0.2,7.0,140.0,0.1438,0.0043,0.0001,-0.1042,0.1649,0.006
2026-09-16T17:40:28Z,2026-09-16 17:39:47,SPXW,2026-09-23,P,8025.0,7607.1001,401.1,1.0,421.2,1.0,435.32,0.0,1.0,0.0,-0.9956,0.0001,-0.0581,0.1653,-1.5307
2026-09-16T17:40:28Z,2026-09-16 17:39:47,SPXW,2026-09-23,C,8050.0,7607.1001,0.1,966.0,0.2,365.0,0.18,0.0,219.0,0.1469,0.004,0.0001,-0.0995,0.1509,0.0055
2026-09-16T17:40:28Z,2026-09-16 17:39:47,SPXW,2026-09-23,P,8050.0,7607.1001,426.3,1.0,446.3,1.0,0.0,0.0,0.0,0.0,-0.996,0.0001,-0.0505,0.1511,-1.5361
2026-09-16T17:40:28Z,2026-09-16 17:39:47,SPXW,2026-09-23,C,8075.0,7607.1001,0.1,621.0,0.2,349.0,0.42,0.0,96.0,0.1542,0.0036,0.0001,-0.0954,0.1388,0.005
2026-09-16T17:40:28Z,2026-09-16 17:39:47,SPXW,2026-09-23,P,8075.0,7607.1001,450.9,1.0,471.3,1.0,0.0,0.0,0.0,0.0,-0.9963,0.0001,-0.0436,0.139,-1.5413
2026-09-16T17:40:28Z,2026-09-16 17:39:47,SPXW,2026-09-23,C,8100.0,7607.1001,0.1,568.0,0.2,402.0,0.15,0.0,64.0,0.1615,0.0033,0.0001,-0.0918,0.1283,0.0046
2026-09-16T17:40:28Z,2026-09-16 17:39:47,SPXW,2026-09-23,P,8100.0,7607.1001,475.9,1.0,496.3,1.0,0.0,0.0,0.0,0.0,-0.9966,0.0001,-0.0372,0.1286,-1.5465
2026-09-16T17:40:28Z,2026-09-16 17:39:47,SPXW,2026-09-23,C,8125.0,7607.1001,0.1,457.0,0.2,495.0,0.25,0.0,75.0,0.1687,0.0031,0.0,-0.0884,0.119,0.0043
2026-09-16T17:40:28Z,2026-09-16 17:39:47,SPXW,2026-09-23,P,8125.0,7607.1001,501.0,1.0,521.2,1.0,0.0,0.0,0.0,0.0,-0.9969,0.0,-0.031,0.1193,-1.5516
2026-09-16T17:40:28Z,2026-09-16 17:39:47,SPXW,2026-09-23,C,8150.0,7607.1001,0.1,379.0,0.2,498.0,0.25,0.0,3.0,0.1758,0.0029,0.0,-0.0852,0.1107,0.004
2026-09-16T17:40:28Z,2026-09-16 17:39:47,SPXW,2026-09-23,P,8150.0,7607.1001,526.2,1.0,546.2,1.0,524.12,0.0,2.0,0.0,-0.9971,0.0,-0.025,0.1109,-1.5568
2026-09-16T17:40:28Z,2026-09-16 17:39:47,SPXW,2026-09-23,C,8175.0,7607.1001,0.1,313.0,0.2,725.0,0.6,0.0,5.0,0.1829,0.0027,0.0,-0.0822,0.1032,0.0037
2026-09-16T17:40:28Z,2026-09-16 17:39:47,SPXW,2026-09-23,P,8175.0,7607.1001,550.8,1.0,571.0,1.0,0.0,0.0,0.0,0.0,-0.9973,0.0,-0.0191,0.1034,-1.5618
2026-09-16T17:40:28Z,2026-09-16 17:39:47,SPXW,2026-09-23,C,8200.0,7607.1001,0.1,279.0,0.2,782.0,0.47,0.0,30.0,0.19,0.0025,0.0,-0.0792,0.0963,0.0034
2026-09-16T17:40:28Z,2026-09-16 17:39:47,SPXW,2026-09-23,P,8200.0,7607.1001,576.8,1.0,596.2,1.0,574.02,0.0,2.0,0.0,-0.9975,0.0,-0.0134,0.0966,-1.5669
2026-09-16T17:40:28Z,2026-09-16 17:39:47,SPXW,2026-09-23,C,8225.0,7607.1001,0.1,267.0,0.2,851.0,1.32,0.0,1.0,0.197,0.0023,0.0,-0.0764,0.0901,0.0032
2026-09-16T17:40:28Z,2026-09-16 17:39:47,SPXW,2026-09-23,P,8225.0,7607.1001,600.9,1.0,621.1,1.0,0.0,0.0,0.0,0.0,-0.9976,0.0,-0.0077,0.0903,-1.5719
2026-09-16T17:40:28Z,2026-09-16 17:39:47,SPXW,2026-09-23,C,8250.0,7607.1001,0.1,109.0,0.2,897.0,0.67,0.0,2.0,0.204,0.0022,0.0,-0.0737,0.0844,0.003
2026-09-16T17:40:28Z,2026-09-16 17:39:47,SPXW,2026-09-23,P,8250.0,7607.1001,627.0,1.0,646.1,1.0,0.0,0.0,0.0,0.0,-0.9978,0.0,-0.0022,0.0846,-1.5769
2026-09-16T17:40:28Z,2026-09-16 17:39:47,SPXW,2026-09-23,C,8275.0,7607.1001,0.1,108.0,0.2,940.0,0.1,0.0,1.0,0.2109,0.002,0.0,-0.0711,0.0792,0.0028
2026-09-16T17:40:28Z,2026-09-16 17:39:47,SPXW,2026-09-23,P,8275.0,7607.1001,651.1,1.0,671.1,1.0,0.0,0.0,0.0,0.0,-0.9979,0.0,0.0,0.0794,-1.5819
2026-09-16T17:40:28Z,2026-09-16 17:39:47,SPXW,2026-09-23,C,8300.0,7607.1001,0.1,107.0,0.15,113.0,0.5,0.0,5.0,0.214,0.0019,0.0,-0.0686,0.0746,0.0026
2026-09-16T17:40:28Z,2026-09-16 17:39:47,SPXW,2026-09-23,P,8300.0,7607.1001,676.7,1.0,696.0,1.0,0.0,0.0,0.0,0.0,-0.9981,0.0,0.0,0.0746,-1.5868
