fetched_utc,quote_utc,root,expiry,type,strike,spot,bid,bid_size,ask,ask_size,last,volume,open_interest,iv,delta,gamma,theta,vega,rho
2026-10-06T01:01:52Z,2026-10-06 01:01:25,SPXW,2026-10-06,C,7000.0,7773.9502,757.8,25.0,801.5,25.0,754.42,1.0,11.0,0.0,0.9996,0.0,-0.025,0.0056,0.0
2026-10-06T01:01:52Z,2026-10-06 01:01:25,SPXW,2026-10-06,P,7000.0,7773.9502,0.0,0.0,0.05,529.0,0.05,336.0,168.0,0.6795,-0.0004,0.0,-0.025,0.0056,0.0
2026-10-06T01:01:52Z,2026-10-06 01:01:25,SPXW,2026-10-06,C,7025.0,7773.9502,732.8,25.0,776.5,25.0,0.0,0.0,0.0,0.0,0.9996,0.0,-0.025,0.0058,0.0
2026-10-06T01:01:52Z,2026-10-06 01:01:25,SPXW,2026-10-06,P,7025.0,7773.9502,0.0,0.0,0.05,512.0,0.05,11.0,385.0,0.6581,-0.0004,0.0,-0.025,0.0058,0.0
2026-10-06T01:01:52Z,2026-10-06 01:01:25,SPXW,2026-10-06,C,7050.0,7773.9502,707.8,25.0,751.5,25.0,668.76,0.0,7.0,0.0,0.9996,0.0,-0.025,0.006,0.0
2026-10-06T01:01:52Z,2026-10-06 01:01:25,SPXW,2026-10-06,P,7050.0,7773.9502,0.0,0.0,0.05,497.0,0.05,22.0,178.0,0.6367,-0.0004,0.0,-0.025,0.006,0.0
2026-10-06T01:01:52Z,2026-10-06 01:01:25,SPXW,2026-10-06,C,7060.0,7773.9502,697.8,25.0,741.6,25.0,0.0,0.0,0.0,0.0,0.9996,0.0,-0.025,0.006,0.0
2026-10-06T01:01:52Z,2026-10-06 01:01:25,SPXW,2026-10-06,P,7060.0,7773.9502,0.0,0.0,0.05,497.0,0.15,0.0,26.0,0.6282,-0.0004,0.0,-0.025,0.006,0.0
2026-10-06T01:01:52Z,2026-10-06 01:01:25,SPXW,2026-10-06,C,7070.0,7773.9502,687.8,25.0,731.6,25.0,0.0,0.0,0.0,0.0,0.9995,0.0,-0.025,0.0061,0.0
2026-10-06T01:01:52Z,2026-10-06 01:01:25,SPXW,2026-10-06,P,7070.0,7773.9502,0.0,0.0,0.05,492.0,0.15,0.0,252.0,0.6197,-0.0005,0.0,-0.025,0.0061,0.0
2026-10-06T01:01:52Z,2026-10-06 01:01:25,SPXW,2026-10-06,C,7075.0,7773.9502,682.8,25.0,726.6,25.0,0.0,0.0,0.0,0.0,0.9995,0.0,-0.025,0.0062,0.0
2026-10-06T01:01:52Z,2026-10-06 01:01:25,SPXW,2026-10-06,P,7075.0,7773.9502,0.0,0.0,0.05,489.0,0.15,0.0,515.0,0.6154,-0.0005,0.0,-0.025,0.0062,0.0
2026-10-06T01:01:52Z,2026-10-06 01:01:25,SPXW,2026-10-06,C,7080.0,7773.9502,677.8,25.0,721.6,25.0,0.0,0.0,0.0,0.0,0.9995,0.0,-0.025,0.0062,0.0
2026-10-06T01:01:52Z,2026-10-06 01:01:25,SPXW,2026-10-06,P,7080.0,7773.9502,0.0,0.0,0.05,487.0,0.1,5.0,2.0,0.6112,-0.0005,0.0,-0.025,0.0062,0.0
2026-10-06T01:01:52Z,2026-10-06 01:01:25,SPXW,2026-10-06,C,7090.0,7773.9502,667.8,25.0,711.6,25.0,551.84,0.0,33.0,0.0,0.9995,0.0,-0.025,0.0063,0.0
2026-10-06T01:01:52Z,2026-10-06 01:01:25,SPXW,2026-10-06,P,7090.0,7773.9502,0.0,0.0,0.05,471.0,0.15,0.0,11.0,0.6026,-0.0005,0.0,-0.025,0.0063,0.0
2026-10-06T01:01:52Z,2026-10-06 01:01:25,SPXW,2026-10-06,C,7100.0,7773.9502,657.8,25.0,701.6,25.0,660.32,1.0,7.0,0.0,0.9995,0.0,-0.025,0.0064,0.0
2026-10-06T01:01:52Z,2026-10-06 01:01:25,SPXW,2026-10-06,P,7100.0,7773.9502,0.0,0.0,0.05,492.0,0.05,34.0,508.0,0.5941,-0.0005,0.0,-0.025,0.0064,0.0
2026-10-06T01:01:52Z,2026-10-06 01:01:25,SPXW,2026-10-06,C,7110.0,7773.9502,647.8,25.0,691.6,25.0,0.0,0.0,0.0,0.0,0.9995,0.0,-0.025,0.0065,0.0
2026-10-06T01:01:52Z,2026-10-06 01:01:25,SPXW,2026-10-06,P,7110.0,7773.9502,0.0,0.0,0.05,485.0,0.1,330.0,5.0,0.5856,-0.0005,0.0,-0.025,0.0065,0.0
2026-10-06T01:01:52Z,2026-10-06 01:01:25,SPXW,2026-10-06,C,7120.0,7773.9502,637.8,25.0,681.6,25.0,0.0,0.0,0.0,0.0,0.9995,0.0,-0.025,0.0066,0.0
2026-10-06T01:01:52Z,2026-10-06 01:01:25,SPXW,2026-10-06,P,7120.0,7773.9502,0.0,0.0,0.05,440.0,0.1,34.0,23.0,0.5771,-0.0005,0.0,-0.025,0.0066,0.0
2026-10-06T01:01:52Z,2026-10-06 01:01:25,SPXW,2026-10-06,C,7125.0,7773.9502,632.8,25.0,676.6,25.0,0.0,0.0,0.0,0.0,0.9995,0.0,-0.025,0.0066,0.0
2026-10-06T01:01:52Z,2026-10-06 01:01:25,SPXW,2026-10-06,P,7125.0,7773.9502,0.0,0.0,0.05,445.0,0.07,53.0,290.0,0.5729,-0.0005,0.0,-0.025,0.0066,0.0
2026-10-06T01:01:52Z,2026-10-06 01:01:25,SPXW,2026-10-06,C,7130.0,7773.9502,627.8,25.0,671.6,25.0,0.0,0.0,0.0,0.0,0.9995,0.0,-0.025,0.0067,0.0
2026-10-06T01:01:52Z,2026-10-06 01:01:25,SPXW,2026-10-06,P,7130.0,7773.9502,0.0,0.0,0.05,442.0,0.05,45.0,10.0,0.5686,-0.0005,0.0,-0.025,0.0067,0.0
2026-10-06T01:01:52Z,2026-10-06 01:01:25,SPXW,2026-10-06,C,7140.0,7773.9502,617.8,25.0,661.6,25.0,0.0,0.0,0.0,0.0,0.9995,0.0,-0.025,0.0068,0.0
2026-10-06T01:01:52Z,2026-10-06 01:01:25,SPXW,2026-10-06,P,7140.0,7773.9502,0.0,0.0,0.05,427.0,0.07,152.0,69.0,0.5602,-0.0005,0.0,-0.025,0.0068,0.0
2026-10-06T01:01:52Z,2026-10-06 01:01:25,SPXW,2026-10-06,C,7150.0,7773.9502,607.8,25.0,651.6,25.0,636.1,1.0,0.0,0.0,0.9995,0.0,-0.025,0.0068,0.0
2026-10-06T01:01:52Z,2026-10-06 01:01:25,SPXW,2026-10-06,P,7150.0,7773.9502,0.0,0.0,0.05,424.0,0.05,517.0,417.0,0.5517,-0.0005,0.0,-0.025,0.0069,0.0
2026-10-06T01:01:52Z,2026-10-06 01:01:25,SPXW,2026-10-06,C,7160.0,7773.9502,597.8,25.0,641.6,25.0,0.0,0.0,0.0,0.0,0.9995,0.0,-0.025,0.007,0.0
2026-10-06T01:01:52Z,2026-10-06 01:01:25,SPXW,2026-10-06,P,7160.0,7773.9502,0.0,0.0,0.05,417.0,0.07,262.0,3.0,0.5432,-0.0005,0.0,-0.025,0.007,0.0
2026-10-06T01:01:52Z,2026-10-06 01:01:25,SPXW,2026-10-06,C,7170.0,7773.9502,587.8,25.0,631.6,25.0,0.0,0.0,0.0,0.0,0.9995,0.0,-0.025,0.0071,0.0
2026-10-06T01:01:52Z,2026-10-06 01:01:25,SPXW,2026-10-06,P,7170.0,7773.9502,0.0,0.0,0.05,415.0,0.05,137.0,3.0,0.5347,-0.0005,0.0,-0.025,0.0071,0.0
2026-10-06T01:01:52Z,2026-10-06 01:01:25,SPXW,2026-10-06,C,7175.0,7773.9502,582.8,25.0,626.6,25.0,0.0,0.0,0.0,0.0,0.9995,0.0,-0.025,0.0071,0.0
2026-10-06T01:01:52Z,2026-10-06 01:01:25,SPXW,2026-10-06,P,7175.0,7773.9502,0.0,0.0,0.05,412.0,0.1,484.0,348.0,0.5304,-0.0005,0.0,-0.025,0.0071,0.0
2026-10-06T01:01:52Z,2026-10-06 01:01:25,SPXW,2026-10-06,C,7180.0,7773.9502,577.8,25.0,621.6,25.0,0.0,0.0,0.0,0.0,0.9995,0.0,-0.025,0.0072,0.0
2026-10-06T01:01:52Z,2026-10-06 01:01:25,SPXW,2026-10-06,P,7180.0,7773.9502,0.0,0.0,0.05,420.0,0.07,91.0,142.0,0.5263,-0.0005,0.0,-0.025,0.0072,0.0
2026-10-06T01:01:52Z,2026-10-06 01:01:25,SPXW,2026-10-06,C,7190.0,7773.9502,567.8,25.0,611.6,25.0,0.0,0.0,0.0,0.0,0.9995,0.0,-0.025,0.0073,0.0
2026-10-06T01:01:52Z,2026-10-06 01:01:25,SPXW,2026-10-06,P,7190.0,7773.9502,0.0,0.0,0.05,412.0,0.07,108.0,659.0,0.5178,-0.0005,0.0,-0.025,0.0073,0.0
2026-10-06T01:01:52Z,2026-10-06 01:01:25,SPXW,2026-10-06,C,7200.0,7773.9502,557.8,25.0,601.6,25.0,576.51,1.0,3.0,0.0,0.9994,0.0,-0.025,0.0074,0.0
2026-10-06T01:01:52Z,2026-10-06 01:01:25,SPXW,2026-10-06,P,7200.0,7773.9502,0.0,0.0,0.05,384.0,0.05,60.0,3363.0,0.5094,-0.0006,0.0,-0.025,0.0074,0.0
2026-10-06T01:01:52Z,2026-10-06 01:01:25,SPXW,2026-10-06,C,7210.0,7773.9502,547.8,25.0,591.6,25.0,0.0,0.0,0.0,0.0,0.9994,0.0,-0.025,0.0075,0.0
2026-10-06T01:01:52Z,2026-10-06 01:01:25,SPXW,2026-10-06,P,7210.0,7773.9502,0.0,0.0,0.05,372.0,0.1,5.0,34.0,0.5009,-0.0006,0.0,-0.025,0.0075,0.0
2026-10-06T01:01:52Z,2026-10-06 01:01:25,SPXW,2026-10-06,C,7215.0,7773.9502,542.8,25.0,586.6,25.0,0.0,0.0,0.0,0.0,0.9994,0.0,-0.025,0.0076,0.0
2026-10-06T01:01:52Z,2026-10-06 01:01:25,SPXW,2026-10-06,P,7215.0,7773.9502,0.0,0.0,0.05,370.0,0.5,0.0,2.0,0.4967,-0.0006,0.0,-0.025,0.0076,0.0
2026-10-06T01:01:52Z,2026-10-06 01:01:25,SPXW,2026-10-06,C,7220.0,7773.9502,537.8,25.0,581.6,25.0,0.0,0.0,0.0,0.0,0.9994,0.0,-0.025,0.0076,0.0
2026-10-06T01:01:52Z,2026-10-06 01:01:25,SPXW,2026-10-06,P,7220.0,7773.9502,0.0,0.0,0.05,360.0,0.1,4.0,198.0,0.4924,-0.0006,0.0,-0.025,0.0076,0.0
2026-10-06T01:01:52Z,2026-10-06 01:01:25,SPXW,2026-10-06,C,7225.0,7773.9502,532.8,25.0,576.6,25.0,0.0,0.0,0.0,0.0,0.9994,0.0,-0.025,0.0077,0.0
2026-10-06T01:01:52Z,2026-10-06 01:01:25,SPXW,2026-10-06,P,7225.0,7773.9502,0.0,0.0,0.05,377.0,0.07,22.0,173.0,0.4882,-0.0006,0.0,-0.025,0.0077,0.0
2026-10-06T01:01:52Z,2026-10-06 01:01:25,SPXW,2026-10-06,C,7230.0,7773.9502,527.8,25.0,571.6,25.0,0.0,0.0,0.0,0.0,0.9994,0.0,-0.025,0.0078,0.0
2026-10-06T01:01:52Z,2026-10-06 01:01:25,SPXW,2026-10-06,P,7230.0,7773.9502,0.0,0.0,0.05,356.0,0.1,10.0,46.0,0.484,-0.0006,0.0,-0.025,0.0078,0.0
2026-10-06T01:01:52Z,2026-10-06 01:01:25,SPXW,2026-10-06,C,7235.0,7773.9502,522.8,25.0,566.6,25.0,0.0,0.0,0.0,0.0,0.9994,0.0,-0.025,0.0078,0.0
2026-10-06T01:01:52Z,2026-10-06 01:01:25,SPXW,2026-10-06,P,7235.0,7773.9502,0.0,0.0,0.05,124.0,0.2,0.0,18.0,0.4797,-0.0006,0.0,-0.025,0.0078,0.0
2026-10-06T01:01:52Z,2026-10-06 01:01:25,SPXW,2026-10-06,C,7240.0,7773.9502,517.8,25.0,561.6,25.0,0.0,0.0,0.0,0.0,0.9994,0.0,-0.025,0.0079,0.0
2026-10-06T01:01:52Z,2026-10-06 01:01:25,SPXW,2026-10-06,P,7240.0,7773.9502,0.0,0.0,0.05,118.0,0.1,4.0,301.0,0.4755,-0.0006,0.0,-0.025,0.0079,0.0
2026-10-06T01:01:52Z,2026-10-06 01:01:25,SPXW,2026-10-06,C,7245.0,7773.9502,512.8,25.0,556.6,25.0,0.0,0.0,0.0,0.0,0.9994,0.0,-0.025,0.008,0.0
2026-10-06T01:01:52Z,2026-10-06 01:01:25,SPXW,2026-10-06,P,7245.0,7773.9502,0.0,0.0,0.05,121.0,0.15,2.0,15.0,0.4713,-0.0006,0.0,-0.025,0.008,0.0
2026-10-06T01:01:52Z,2026-10-06 01:01:25,SPXW,2026-10-06,C,7250.0,7773.9502,507.8,25.0,551.6,25.0,397.84,0.0,12.0,0.0,0.9994,0.0,-0.025,0.008,0.0
2026-10-06T01:01:52Z,2026-10-06 01:01:25,SPXW,2026-10-06,P,7250.0,7773.9502,0.0,0.0,0.05,120.0,0.07,24.0,202.0,0.467,-0.0006,0.0,-0.025,0.008,0.0
2026-10-06T01:01:52Z,2026-10-06 01:01:25,SPXW,2026-10-06,C,7255.0,7773.9502,502.8,25.0,546.6,25.0,0.0,0.0,0.0,0.0,0.9994,0.0,-0.025,0.0081,0.0
2026-10-06T01:01:52Z,2026-10-06 01:01:25,SPXW,2026-10-06,P,7255.0,7773.9502,0.0,0.0,0.05,56.0,0.1,36.0,19.0,0.4628,-0.0006,0.0,-0.025,0.0081,0.0
2026-10-06T01:01:52Z,2026-10-06 01:01:25,SPXW,2026-10-06,C,7260.0,7773.9502,497.8,25.0,541.6,25.0,0.0,0.0,0.0,0.0,0.9994,0.0,-0.025,0.0082,0.0
2026-10-06T01:01:52Z,2026-10-06 01:01:25,SPXW,2026-10-06,P,7260.0,7773.9502,0.0,0.0,0.05,55.0,0.07,314.0,45.0,0.4586,-0.0006,0.0,-0.025,0.0082,0.0
2026-10-06T01:01:52Z,2026-10-06 01:01:25,SPXW,2026-10-06,C,7265.0,7773.9502,492.8,25.0,536.6,25.0,0.0,0.0,0.0,0.0,0.9994,0.0,-0.025,0.0083,0.0
2026-10-06T01:01:52Z,2026-10-06 01:01:25,SPXW,2026-10-06,P,7265.0,7773.9502,0.0,0.0,0.05,55.0,0.2,0.0,10.0,0.4544,-0.0006,0.0,-0.025,0.0083,0.0
2026-10-06T01:01:52Z,2026-10-06 01:01:25,SPXW,2026-10-06,C,7270.0,7773.9502,487.8,25.0,531.6,25.0,0.0,0.0,0.0,0.0,0.9994,0.0,-0.025,0.0083,0.0
2026-10-06T01:01:52Z,2026-10-06 01:01:25,SPXW,2026-10-06,P,7270.0,7773.9502,0.0,0.0,0.05,55.0,0.1,42.0,61.0,0.4501,-0.0006,0.0,-0.025,0.0083,0.0
2026-10-06T01:01:52Z,2026-10-06 01:01:25,SPXW,2026-10-06,C,7275.0,7773.9502,482.8,25.0,526.6,25.0,0.0,0.0,0.0,0.0,0.9994,0.0,-0.025,0.0084,0.0
2026-10-06T01:01:52Z,2026-10-06 01:01:25,SPXW,2026-10-06,P,7275.0,7773.9502,0.0,0.0,0.05,55.0,0.07,401.0,293.0,0.4459,-0.0006,0.0,-0.025,0.0084,0.0
2026-10-06T01:01:52Z,2026-10-06 01:01:25,SPXW,2026-10-06,C,7280.0,7773.9502,477.8,25.0,521.6,25.0,0.0,0.0,0.0,0.0,0.9994,0.0,-0.025,0.0085,0.0
2026-10-06T01:01:52Z,2026-10-06 01:01:25,SPXW,2026-10-06,P,7280.0,7773.9502,0.0,0.0,0.05,54.0,0.1,13.0,111.0,0.4417,-0.0006,0.0,-0.025,0.0085,0.0
2026-10-06T01:01:52Z,2026-10-06 01:01:25,SPXW,2026-10-06,C,7285.0,7773.9502,472.8,25.0,516.6,25.0,0.0,0.0,0.0,0.0,0.9994,0.0,-0.025,0.0086,0.0
2026-10-06T01:01:52Z,2026-10-06 01:01:25,SPXW,2026-10-06,P,7285.0,7773.9502,0.0,0.0,0.05,53.0,0.2,0.0,19.0,0.4374,-0.0006,0.0,-0.025,0.0086,0.0
2026-10-06T01:01:52Z,2026-10-06 01:01:25,SPXW,2026-10-06,C,7290.0,7773.9502,467.8,25.0,511.6,25.0,395.08,0.0,1.0,0.0,0.9994,0.0,-0.025,0.0086,0.0
2026-10-06T01:01:52Z,2026-10-06 01:01:25,SPXW,2026-10-06,P,7290.0,7773.9502,0.0,0.0,0.05,53.0,0.1,140.0,81.0,0.4332,-0.0006,0.0,-0.025,0.0086,0.0
2026-10-06T01:01:52Z,2026-10-06 01:01:25,SPXW,2026-10-06,C,7295.0,7773.9502,462.8,25.0,506.6,25.0,0.0,0.0,0.0,0.0,0.9994,0.0,-0.025,0.0087,0.0
2026-10-06T01:01:52Z,2026-10-06 01:01:25,SPXW,2026-10-06,P,7295.0,7773.9502,0.0,0.0,0.05,53.0,0.1,278.0,42.0,0.429,-0.0006,0.0,-0.025,0.0087,0.0
2026-10-06T01:01:52Z,2026-10-06 01:01:25,SPXW,2026-10-06,C,7300.0,7773.9502,457.8,25.0,501.6,25.0,475.49,1.0,3.0,0.0,0.9994,0.0,-0.025,0.0088,0.0
2026-10-06T01:01:52Z,2026-10-06 01:01:25,SPXW,2026-10-06,P,7300.0,7773.9502,0.0,0.0,0.05,52.0,0.07,72.0,1640.0,0.4248,-0.0006,0.0,-0.025,0.0088,0.0
2026-10-06T01:01:52Z,2026-10-06 01:01:25,SPXW,2026-10-06,C,7305.0,7773.9502,452.8,25.0,496.6,25.0,0.0,0.0,0.0,0.0,0.9993,0.0,-0.025,0.0089,0.0
2026-10-06T01:01:52Z,2026-10-06 01:01:25,SPXW,2026-10-06,P,7305.0,7773.9502,0.0,0.0,0.05,52.0,0.12,2.0,22.0,0.4205,-0.0007,0.0,-0.025,0.0089,0.0
2026-10-06T01:01:52Z,2026-10-06 01:01:25,SPXW,2026-10-06,C,7310.0,7773.9502,447.8,25.0,491.6,25.0,375.45,0.0,1.0,0.0,0.9993,0.0,-0.025,0.009,0.0
2026-10-06T01:01:52Z,2026-10-06 01:01:25,SPXW,2026-10-06,P,7310.0,7773.9502,0.0,0.0,0.05,51.0,0.1,123.0,80.0,0.4163,-0.0007,0.0,-0.025,0.009,0.0
2026-10-06T01:01:52Z,2026-10-06 01:01:25,SPXW,2026-10-06,C,7315.0,7773.9502,442.8,25.0,486.6,25.0,0.0,0.0,0.0,0.0,0.9993,0.0,-0.025,0.0091,0.0
2026-10-06T01:01:52Z,2026-10-06 01:01:25,SPXW,2026-10-06,P,7315.0,7773.9502,0.0,0.0,0.05,51.0,0.25,0.0,18.0,0.4121,-0.0007,0.0,-0.025,0.0091,0.0
2026-10-06T01:01:52Z,2026-10-06 01:01:25,SPXW,2026-10-06,C,7320.0,7773.9502,437.8,25.0,481.6,25.0,0.0,0.0,0.0,0.0,0.9993,0.0,-0.025,0.0092,0.0
2026-10-06T01:01:52Z,2026-10-06 01:01:25,SPXW,2026-10-06,P,7320.0,7773.9502,0.0,0.0,0.05,51.0,0.07,37.0,128.0,0.4078,-0.0007,0.0,-0.025,0.0092,0.0
2026-10-06T01:01:52Z,2026-10-06 01:01:25,SPXW,2026-10-06,C,7325.0,7773.9502,432.8,25.0,476.6,25.0,0.0,0.0,0.0,0.0,0.9993,0.0,-0.025,0.0093,0.0
2026-10-06T01:01:52Z,2026-10-06 01:01:25,SPXW,2026-10-06,P,7325.0,7773.9502,0.0,0.0,0.05,50.0,0.1,879.0,352.0,0.4034,-0.0007,0.0,-0.025,0.0093,0.0
2026-10-06T01:01:52Z,2026-10-06 01:01:25,SPXW,2026-10-06,C,7330.0,7773.9502,427.8,25.0,471.6,25.0,0.0,0.0,0.0,0.0,0.9993,0.0,-0.025,0.0094,0.0
2026-10-06T01:01:52Z,2026-10-06 01:01:25,SPXW,2026-10-06,P,7330.0,7773.9502,0.0,0.0,0.05,47.0,0.1,566.0,348.0,0.3992,-0.0007,0.0,-0.025,0.0094,0.0
2026-10-06T01:01:52Z,2026-10-06 01:01:25,SPXW,2026-10-06,C,7335.0,7773.9502,422.8,25.0,466.6,25.0,0.0,0.0,0.0,0.0,0.9993,0.0,-0.025,0.0094,0.0
2026-10-06T01:01:52Z,2026-10-06 01:01:25,SPXW,2026-10-06,P,7335.0,7773.9502,0.0,0.0,0.05,49.0,0.1,36.0,79.0,0.3949,-0.0007,0.0,-0.025,0.0094,0.0
2026-10-06T01:01:52Z,2026-10-06 01:01:25,SPXW,2026-10-06,C,7340.0,7773.9502,417.8,25.0,461.6,25.0,0.0,0.0,0.0,0.0,0.9993,0.0,-0.025,0.0096,0.0
2026-10-06T01:01:52Z,2026-10-06 01:01:25,SPXW,2026-10-06,P,7340.0,7773.9502,0.0,0.0,0.05,25.0,0.1,14.0,39.0,0.3907,-0.0007,0.0,-0.025,0.0096,0.0
2026-10-06T01:01:52Z,2026-10-06 01:01:25,SPXW,2026-10-06,C,7345.0,7773.9502,412.8,25.0,456.6,25.0,0.0,0.0,0.0,0.0,0.9993,0.0,-0.025,0.0096,0.0
2026-10-06T01:01:52Z,2026-10-06 01:01:25,SPXW,2026-10-06,P,7345.0,7773.9502,0.0,0.0,0.05,25.0,0.1,61.0,29.0,0.3865,-0.0007,0.0,-0.025,0.0096,0.0
2026-10-06T01:01:52Z,2026-10-06 01:01:25,SPXW,2026-10-06,C,7350.0,7773.9502,407.8,25.0,451.6,25.0,0.0,0.0,0.0,0.0,0.9993,0.0,-0.025,0.0098,0.0
2026-10-06T01:01:52Z,2026-10-06 01:01:25,SPXW,2026-10-06,P,7350.0,7773.9502,0.0,0.0,0.05,25.0,0.1,845.0,301.0,0.3822,-0.0007,0.0,-0.025,0.0098,0.0
2026-10-06T01:01:52Z,2026-10-06 01:01:25,SPXW,2026-10-06,C,7355.0,7773.9502,402.8,25.0,446.6,25.0,420.3,2.0,2.0,0.0,0.9993,0.0,-0.025,0.0099,0.0
2026-10-06T01:01:52Z,2026-10-06 01:01:25,SPXW,2026-10-06,P,7355.0,7773.9502,0.0,0.0,0.05,25.0,0.15,5.0,31.0,0.378,-0.0007,0.0,-0.025,0.0099,0.0
2026-10-06T01:01:52Z,2026-10-06 01:01:25,SPXW,2026-10-06,C,7360.0,7773.9502,397.8,25.0,441.6,25.0,419.05,10.0,1.0,0.0,0.9993,0.0,-0.025,0.01,0.0
2026-10-06T01:01:52Z,2026-10-06 01:01:25,SPXW,2026-10-06,P,7360.0,7773.9502,0.0,0.0,0.05,25.0,0.15,211.0,312.0,0.3738,-0.0007,0.0,-0.025,0.01,0.0
2026-10-06T01:01:52Z,2026-10-06 01:01:25,SPXW,2026-10-06,C,7365.0,7773.9502,392.8,25.0,436.6,25.0,414.15,10.0,0.0,0.0,0.9993,0.0,-0.025,0.0101,0.0
2026-10-06T01:01:52Z,2026-10-06 01:01:25,SPXW,2026-10-06,P,7365.0,7773.9502,0.0,0.0,0.05,25.0,0.05,261.0,54.0,0.3696,-0.0007,0.0,-0.025,0.0101,0.0
2026-10-06T01:01:52Z,2026-10-06 01:01:25,SPXW,2026-10-06,C,7370.0,7773.9502,387.8,25.0,431.6,25.0,0.0,0.0,0.0,0.0,0.9987,0.0,-0.05,0.0172,0.0
2026-10-06T01:01:52Z,2026-10-06 01:01:25,SPXW,2026-10-06,P,7370.0,7773.9502,0.0,0.0,0.1,140.0,0.15,21.0,167.0,0.3862,-0.0013,0.0,-0.05,0.0172,0.0
2026-10-06T01:01:52Z,2026-10-06 01:01:25,SPXW,2026-10-06,C,7375.0,7773.9502,382.8,25.0,426.6,25.0,285.93,0.0,24.0,0.0,0.9987,0.0,-0.05,0.0174,0.0
2026-10-06T01:01:52Z,2026-10-06 01:01:25,SPXW,2026-10-06,P,7375.0,7773.9502,0.0,0.0,0.1,143.0,0.1,198.0,831.0,0.3822,-0.0013,0.0,-0.05,0.0174,0.0
2026-10-06T01:01:52Z,2026-10-06 01:01:25,SPXW,2026-10-06,C,7380.0,7773.9502,377.8,25.0,421.6,25.0,0.0,0.0,0.0,0.0,0.9986,0.0,-0.05,0.0176,0.0
2026-10-06T01:01:52Z,2026-10-06 01:01:25,SPXW,2026-10-06,P,7380.0,7773.9502,0.0,0.0,0.1,135.0,0.1,42.0,228.0,0.3777,-0.0014,0.0,-0.05,0.0176,0.0
2026-10-06T01:01:52Z,2026-10-06 01:01:25,SPXW,2026-10-06,C,7385.0,7773.9502,372.8,25.0,416.6,25.0,260.22,0.0,1.0,0.0,0.9986,0.0,-0.05,0.0177,0.0
2026-10-06T01:01:52Z,2026-10-06 01:01:25,SPXW,2026-10-06,P,7385.0,7773.9502,0.0,0.0,0.1,130.0,0.1,242.0,315.0,0.3733,-0.0014,0.0,-0.05,0.0177,0.0
2026-10-06T01:01:52Z,2026-10-06 01:01:25,SPXW,2026-10-06,C,7390.0,7773.9502,367.8,25.0,411.6,25.0,0.0,0.0,0.0,0.0,0.9986,0.0,-0.05,0.018,0.0
2026-10-06T01:01:52Z,2026-10-06 01:01:25,SPXW,2026-10-06,P,7390.0,7773.9502,0.0,0.0,0.1,127.0,0.15,62.0,451.0,0.3684,-0.0014,0.0,-0.05,0.018,0.0
2026-10-06T01:01:52Z,2026-10-06 01:01:25,SPXW,2026-10-06,C,7395.0,7773.9502,362.8,25.0,406.6,25.0,0.0,0.0,0.0,0.0,0.9986,0.0,-0.05,0.0182,0.0
2026-10-06T01:01:52Z,2026-10-06 01:01:25,SPXW,2026-10-06,P,7395.0,7773.9502,0.0,0.0,0.1,131.0,0.12,10.0,235.0,0.364,-0.0014,0.0,-0.05,0.0182,0.0
2026-10-06T01:01:52Z,2026-10-06 01:01:25,SPXW,2026-10-06,C,7400.0,7773.9502,380.8,2.0,381.6,3.0,354.77,4.0,5.0,0.3896,0.9986,0.0,-0.05,0.0184,0.0
2026-10-06T01:01:52Z,2026-10-06 01:01:25,SPXW,2026-10-06,P,7400.0,7773.9502,0.0,0.0,0.1,120.0,0.1,182.0,1460.0,0.3595,-0.0014,0.0,-0.05,0.0184,0.0
2026-10-06T01:01:52Z,2026-10-06 01:01:25,SPXW,2026-10-06,C,7405.0,7773.9502,352.8,25.0,396.6,25.0,0.0,0.0,0.0,0.0,0.9986,0.0,-0.05,0.0186,0.0
2026-10-06T01:01:52Z,2026-10-06 01:01:25,SPXW,2026-10-06,P,7405.0,7773.9502,0.0,0.0,0.1,110.0,0.1,238.0,296.0,0.3551,-0.0014,0.0,-0.05,0.0186,0.0
2026-10-06T01:01:52Z,2026-10-06 01:01:25,SPXW,2026-10-06,C,7410.0,7773.9502,347.8,25.0,391.6,25.0,362.07,3.0,4.0,0.0,0.9986,0.0,-0.05,0.0188,0.0
2026-10-06T01:01:52Z,2026-10-06 01:01:25,SPXW,2026-10-06,P,7410.0,7773.9502,0.0,0.0,0.1,113.0,0.1,58.0,335.0,0.3506,-0.0014,0.0,-0.05,0.0188,0.0
2026-10-06T01:01:52Z,2026-10-06 01:01:25,SPXW,2026-10-06,C,7415.0,7773.9502,342.8,25.0,386.6,25.0,305.5,0.0,1.0,0.0,0.9985,0.0,-0.05,0.019,0.0
2026-10-06T01:01:52Z,2026-10-06 01:01:25,SPXW,2026-10-06,P,7415.0,7773.9502,0.0,0.0,0.1,116.0,0.1,126.0,230.0,0.3464,-0.0015,0.0,-0.05,0.0191,0.0
2026-10-06T01:01:52Z,2026-10-06 01:01:25,SPXW,2026-10-06,C,7420.0,7773.9502,337.8,25.0,381.6,25.0,336.3,2.0,0.0,0.0,0.9985,0.0,-0.05,0.0193,0.0
2026-10-06T01:01:52Z,2026-10-06 01:01:25,SPXW,2026-10-06,P,7420.0,7773.9502,0.0,0.0,0.1,119.0,0.1,195.0,201.0,0.342,-0.0015,0.0,-0.05,0.0193,0.0
2026-10-06T01:01:52Z,2026-10-06 01:01:25,SPXW,2026-10-06,C,7425.0,7773.9502,332.8,25.0,376.6,25.0,238.13,0.0,1.0,0.0,0.9985,0.0,-0.05,0.0195,0.0
2026-10-06T01:01:52Z,2026-10-06 01:01:25,SPXW,2026-10-06,P,7425.0,7773.9502,0.0,0.0,0.1,116.0,0.1,105.0,435.0,0.3375,-0.0015,0.0,-0.05,0.0195,0.0
2026-10-06T01:01:52Z,2026-10-06 01:01:25,SPXW,2026-10-06,C,7430.0,7773.9502,327.9,25.0,371.6,25.0,332.45,5.0,3.0,0.0,0.9985,0.0,-0.05,0.0198,0.0
2026-10-06T01:01:52Z,2026-10-06 01:01:25,SPXW,2026-10-06,P,7430.0,7773.9502,0.0,0.0,0.1,96.0,0.1,84.0,265.0,0.3331,-0.0015,0.0,-0.05,0.0198,0.0
2026-10-06T01:01:52Z,2026-10-06 01:01:25,SPXW,2026-10-06,C,7435.0,7773.9502,322.9,25.0,366.6,25.0,0.0,0.0,0.0,0.0,0.9985,0.0,-0.05,0.02,0.0
2026-10-06T01:01:52Z,2026-10-06 01:01:25,SPXW,2026-10-06,P,7435.0,7773.9502,0.0,0.0,0.1,100.0,0.1,69.0,299.0,0.3286,-0.0015,0.0,-0.05,0.02,0.0
2026-10-06T01:01:52Z,2026-10-06 01:01:25,SPXW,2026-10-06,C,7440.0,7773.9502,317.9,25.0,361.6,25.0,308.21,3.0,1.0,0.0,0.9978,0.0001,-0.075,0.0273,0.0
2026-10-06T01:01:52Z,2026-10-06 01:01:25,SPXW,2026-10-06,P,7440.0,7773.9502,0.05,21.0,0.1,102.0,0.1,75.0,432.0,0.3362,-0.0022,0.0001,-0.075,0.0273,0.0
2026-10-06T01:01:52Z,2026-10-06 01:01:25,SPXW,2026-10-06,C,7445.0,7773.9502,312.9,25.0,356.6,25.0,166.3,0.0,1.0,0.0,0.9978,0.0001,-0.075,0.0277,0.0
2026-10-06T01:01:52Z,2026-10-06 01:01:25,SPXW,2026-10-06,P,7445.0,7773.9502,0.05,19.0,0.1,105.0,0.1,69.0,1615.0,0.3313,-0.0022,0.0001,-0.075,0.0277,0.0
2026-10-06T01:01:52Z,2026-10-06 01:01:25,SPXW,2026-10-06,C,7450.0,7773.9502,307.9,25.0,351.6,25.0,301.27,11.0,21.0,0.0,0.9978,0.0001,-0.075,0.028,0.0
2026-10-06T01:01:52Z,2026-10-06 01:01:25,SPXW,2026-10-06,P,7450.0,7773.9502,0.05,21.0,0.1,50.0,0.1,2054.0,2966.0,0.3267,-0.0022,0.0001,-0.075,0.0281,0.0
2026-10-06T01:01:52Z,2026-10-06 01:01:25,SPXW,2026-10-06,C,7455.0,7773.9502,302.9,25.0,346.6,25.0,0.0,0.0,0.0,0.0,0.9977,0.0001,-0.075,0.0284,0.0
2026-10-06T01:01:52Z,2026-10-06 01:01:25,SPXW,2026-10-06,P,7455.0,7773.9502,0.05,22.0,0.1,44.0,0.1,63.0,240.0,0.3222,-0.0023,0.0001,-0.075,0.0284,0.0
2026-10-06T01:01:52Z,2026-10-06 01:01:25,SPXW,2026-10-06,C,7460.0,7773.9502,297.9,25.0,341.6,25.0,0.0,0.0,0.0,0.0,0.9977,0.0001,-0.075,0.0288,0.0
2026-10-06T01:01:52Z,2026-10-06 01:01:25,SPXW,2026-10-06,P,7460.0,7773.9502,0.05,126.0,0.1,48.0,0.1,915.0,441.0,0.3176,-0.0023,0.0001,-0.075,0.0288,0.0
2026-10-06T01:01:52Z,2026-10-06 01:01:25,SPXW,2026-10-06,C,7465.0,7773.9502,292.9,25.0,336.6,25.0,0.0,0.0,0.0,0.0,0.9977,0.0001,-0.075,0.0292,0.0
2026-10-06T01:01:52Z,2026-10-06 01:01:25,SPXW,2026-10-06,P,7465.0,7773.9502,0.05,127.0,0.1,47.0,0.1,83.0,272.0,0.313,-0.0023,0.0001,-0.075,0.0292,0.0
2026-10-06T01:01:52Z,2026-10-06 01:01:25,SPXW,2026-10-06,C,7470.0,7773.9502,287.9,25.0,331.6,25.0,279.84,1.0,0.0,0.0,0.9976,0.0001,-0.075,0.0296,0.0
2026-10-06T01:01:52Z,2026-10-06 01:01:25,SPXW,2026-10-06,P,7470.0,7773.9502,0.05,131.0,0.1,43.0,0.1,115.0,257.0,0.3084,-0.0024,0.0001,-0.075,0.0296,0.0
2026-10-06T01:01:52Z,2026-10-06 01:01:25,SPXW,2026-10-06,C,7475.0,7773.9502,282.9,25.0,326.6,25.0,300.77,1.0,0.0,0.0,0.9976,0.0001,-0.075,0.03,0.0
2026-10-06T01:01:52Z,2026-10-06 01:01:25,SPXW,2026-10-06,P,7475.0,7773.9502,0.05,187.0,0.1,25.0,0.1,1772.0,2039.0,0.3038,-0.0024,0.0001,-0.075,0.03,0.0
2026-10-06T01:01:52Z,2026-10-06 01:01:25,SPXW,2026-10-06,C,7480.0,7773.9502,277.9,25.0,321.6,25.0,230.26,0.0,1.0,0.0,0.9969,0.0001,-0.1,0.0374,0.0
2026-10-06T01:01:52Z,2026-10-06 01:01:25,SPXW,2026-10-06,P,7480.0,7773.9502,0.05,206.0,0.15,112.0,0.1,1675.0,333.0,0.3075,-0.0031,0.0001,-0.1,0.0374,0.0
2026-10-06T01:01:52Z,2026-10-06 01:01:25,SPXW,2026-10-06,C,7485.0,7773.9502,272.9,25.0,316.6,25.0,236.09,0.0,1.0,0.0,0.9969,0.0001,-0.1,0.0379,0.0
2026-10-06T01:01:52Z,2026-10-06 01:01:25,SPXW,2026-10-06,P,7485.0,7773.9502,0.05,225.0,0.15,114.0,0.1,180.0,412.0,0.3028,-0.0031,0.0001,-0.1,0.038,0.0
2026-10-06T01:01:52Z,2026-10-06 01:01:25,SPXW,2026-10-06,C,7490.0,7773.9502,267.9,25.0,311.6,25.0,289.75,2.0,1.0,0.0,0.9968,0.0001,-0.1,0.0385,0.0
2026-10-06T01:01:52Z,2026-10-06 01:01:25,SPXW,2026-10-06,P,7490.0,7773.9502,0.05,264.0,0.15,107.0,0.1,357.0,500.0,0.2981,-0.0032,0.0001,-0.1,0.0386,0.0
2026-10-06T01:01:52Z,2026-10-06 01:01:25,SPXW,2026-10-06,C,7495.0,7773.9502,262.9,25.0,306.6,25.0,0.0,0.0,0.0,0.0,0.9968,0.0001,-0.1,0.0391,0.0
2026-10-06T01:01:52Z,2026-10-06 01:01:25,SPXW,2026-10-06,P,7495.0,7773.9502,0.05,285.0,0.15,95.0,0.1,201.0,363.0,0.2934,-0.0032,0.0001,-0.1,0.0391,0.0
2026-10-06T01:01:52Z,2026-10-06 01:01:25,SPXW,2026-10-06,C,7500.0,7773.9502,257.9,25.0,301.6,25.0,269.4,36.0,30.0,0.0,0.9968,0.0001,-0.1,0.0397,0.0
2026-10-06T01:01:52Z,2026-10-06 01:01:25,SPXW,2026-10-06,P,7500.0,7773.9502,0.05,390.0,0.15,102.0,0.1,10096.0,792.0,0.2886,-0.0032,0.0001,-0.1,0.0397,0.0
2026-10-06T01:01:52Z,2026-10-06 01:01:25,SPXW,2026-10-06,C,7505.0,7773.9502,252.9,25.0,296.6,25.0,163.48,0.0,1.0,0.0,0.9967,0.0001,-0.1,0.0403,0.0
2026-10-06T01:01:52Z,2026-10-06 01:01:25,SPXW,2026-10-06,P,7505.0,7773.9502,0.05,406.0,0.15,102.0,0.1,218.0,352.0,0.2839,-0.0033,0.0001,-0.1,0.0403,0.0
2026-10-06T01:01:52Z,2026-10-06 01:01:25,SPXW,2026-10-06,C,7510.0,7773.9502,247.9,25.0,291.6,25.0,269.6,5.0,6.0,0.0,0.9966,0.0001,-0.1,0.0409,0.0
2026-10-06T01:01:52Z,2026-10-06 01:01:25,SPXW,2026-10-06,P,7510.0,7773.9502,0.05,427.0,0.15,94.0,0.1,198.0,1153.0,0.2792,-0.0034,0.0001,-0.1,0.041,0.0
2026-10-06T01:01:52Z,2026-10-06 01:01:25,SPXW,2026-10-06,C,7515.0,7773.9502,253.8,1.0,277.6,1.0,260.99,2.0,2.0,0.0,0.9966,0.0001,-0.1,0.0416,0.0
2026-10-06T01:01:52Z,2026-10-06 01:01:25,SPXW,2026-10-06,P,7515.0,7773.9502,0.05,425.0,0.15,90.0,0.1,329.0,161.0,0.2744,-0.0034,0.0001,-0.1,0.0416,0.0
2026-10-06T01:01:52Z,2026-10-06 01:01:25,SPXW,2026-10-06,C,7520.0,7773.9502,248.8,1.0,272.6,1.0,242.58,1.0,23.0,0.0,0.9959,0.0001,-0.125,0.0493,0.0
2026-10-06T01:01:52Z,2026-10-06 01:01:25,SPXW,2026-10-06,P,7520.0,7773.9502,0.1,17.0,0.15,45.0,0.1,288.0,555.0,0.2759,-0.0041,0.0001,-0.125,0.0494,0.0
2026-10-06T01:01:52Z,2026-10-06 01:01:25,SPXW,2026-10-06,C,7525.0,7773.9502,243.9,1.0,267.6,1.0,249.57,1.0,5.0,0.0,0.9958,0.0001,-0.125,0.0501,0.0
2026-10-06T01:01:52Z,2026-10-06 01:01:25,SPXW,2026-10-06,P,7525.0,7773.9502,0.1,18.0,0.15,43.0,0.1,532.0,345.0,0.2711,-0.0042,0.0001,-0.125,0.0502,0.0
2026-10-06T01:01:52Z,2026-10-06 01:01:25,SPXW,2026-10-06,C,7530.0,7773.9502,238.9,1.0,262.6,1.0,231.15,1.0,8.0,0.0,0.9957,0.0001,-0.125,0.0509,0.0
2026-10-06T01:01:52Z,2026-10-06 01:01:25,SPXW,2026-10-06,P,7530.0,7773.9502,0.1,107.0,0.15,42.0,0.15,483.0,454.0,0.2662,-0.0043,0.0001,-0.125,0.051,0.0
2026-10-06T01:01:52Z,2026-10-06 01:01:25,SPXW,2026-10-06,C,7535.0,7773.9502,233.9,1.0,257.6,1.0,191.98,0.0,8.0,0.0,0.9957,0.0001,-0.125,0.0518,0.0
2026-10-06T01:01:52Z,2026-10-06 01:01:25,SPXW,2026-10-06,P,7535.0,7773.9502,0.1,121.0,0.15,25.0,0.15,318.0,2193.0,0.2614,-0.0044,0.0001,-0.125,0.0519,0.0
2026-10-06T01:01:52Z,2026-10-06 01:01:25,SPXW,2026-10-06,C,7540.0,7773.9502,228.9,1.0,252.6,1.0,223.02,8.0,4.0,0.0,0.9956,0.0001,-0.125,0.0527,0.0
2026-10-06T01:01:52Z,2026-10-06 01:01:25,SPXW,2026-10-06,P,7540.0,7773.9502,0.1,181.0,0.15,25.0,0.15,571.0,278.0,0.2565,-0.0044,0.0001,-0.125,0.0528,0.0
2026-10-06T01:01:52Z,2026-10-06 01:01:25,SPXW,2026-10-06,C,7545.0,7773.9502,223.9,1.0,247.6,1.0,242.2,3.0,1.0,0.0,0.9955,0.0001,-0.125,0.0536,0.0
2026-10-06T01:01:52Z,2026-10-06 01:01:25,SPXW,2026-10-06,P,7545.0,7773.9502,0.1,206.0,0.15,25.0,0.15,590.0,1782.0,0.2519,-0.0045,0.0001,-0.125,0.0536,0.0
2026-10-06T01:01:52Z,2026-10-06 01:01:25,SPXW,2026-10-06,C,7550.0,7773.9502,218.9,1.0,242.6,1.0,237.85,9.0,13.0,0.0,0.9947,0.0002,-0.15,0.0619,0.0
2026-10-06T01:01:52Z,2026-10-06 01:01:25,SPXW,2026-10-06,P,7550.0,7773.9502,0.1,227.0,0.2,92.0,0.15,5538.0,562.0,0.252,-0.0053,0.0002,-0.15,0.0619,0.0
2026-10-06T01:01:52Z,2026-10-06 01:01:25,SPXW,2026-10-06,C,7555.0,7773.9502,213.9,1.0,237.6,1.0,225.36,11.0,14.0,0.0,0.9946,0.0002,-0.15,0.063,0.0
2026-10-06T01:01:52Z,2026-10-06 01:01:25,SPXW,2026-10-06,P,7555.0,7773.9502,0.15,265.0,0.2,90.0,0.15,568.0,410.0,0.2468,-0.0054,0.0002,-0.15,0.0631,0.0
2026-10-06T01:01:52Z,2026-10-06 01:01:25,SPXW,2026-10-06,C,7560.0,7773.9502,209.3,2.0,232.0,1.0,232.76,2.0,8.0,0.0,0.9938,0.0002,-0.175,0.0712,0.0
2026-10-06T01:01:52Z,2026-10-06 01:01:25,SPXW,2026-10-06,P,7560.0,7773.9502,0.15,1.0,0.2,51.0,0.15,3062.0,148.0,0.246,-0.0062,0.0002,-0.175,0.0713,0.0
2026-10-06T01:01:52Z,2026-10-06 01:01:25,SPXW,2026-10-06,C,7565.0,7773.9502,204.3,2.0,227.0,1.0,224.45,11.0,27.0,0.0,0.9937,0.0002,-0.175,0.0725,0.0
2026-10-06T01:01:52Z,2026-10-06 01:01:25,SPXW,2026-10-06,P,7565.0,7773.9502,0.15,19.0,0.2,42.0,0.15,205.0,327.0,0.241,-0.0063,0.0002,-0.175,0.0726,0.0
2026-10-06T01:01:52Z,2026-10-06 01:01:25,SPXW,2026-10-06,C,7570.0,7773.9502,201.6,2.0,223.3,7.0,169.24,0.0,3.0,0.3262,0.9936,0.0002,-0.175,0.0739,0.0
2026-10-06T01:01:52Z,2026-10-06 01:01:25,SPXW,2026-10-06,P,7570.0,7773.9502,0.15,75.0,0.2,42.0,0.15,689.0,361.0,0.2359,-0.0064,0.0002,-0.175,0.074,0.0
2026-10-06T01:01:52Z,2026-10-06 01:01:25,SPXW,2026-10-06,C,7575.0,7773.9502,196.3,1.0,215.2,2.0,195.4,4.0,177.0,0.0,0.9934,0.0002,-0.175,0.0753,0.0
2026-10-06T01:01:52Z,2026-10-06 01:01:25,SPXW,2026-10-06,P,7575.0,7773.9502,0.15,128.0,0.2,25.0,0.17,3551.0,719.0,0.2309,-0.0066,0.0002,-0.175,0.0754,0.0
2026-10-06T01:01:52Z,2026-10-06 01:01:25,SPXW,2026-10-06,C,7580.0,7773.9502,191.4,1.0,210.2,2.0,210.77,15.0,26.0,0.0,0.9933,0.0002,-0.175,0.0768,0.0
2026-10-06T01:01:52Z,2026-10-06 01:01:25,SPXW,2026-10-06,P,7580.0,7773.9502,0.15,143.0,0.2,25.0,0.2,2779.0,996.0,0.226,-0.0067,0.0002,-0.175,0.0769,0.0
2026-10-06T01:01:52Z,2026-10-06 01:01:25,SPXW,2026-10-06,C,7585.0,7773.9502,186.4,1.0,205.2,2.0,195.73,7.0,7.0,0.0,0.9924,0.0003,-0.2,0.0856,0.0
2026-10-06T01:01:52Z,2026-10-06 01:01:25,SPXW,2026-10-06,P,7585.0,7773.9502,0.15,166.0,0.25,85.0,0.15,495.0,316.0,0.2245,-0.0076,0.0003,-0.2,0.0856,0.0
2026-10-06T01:01:52Z,2026-10-06 01:01:25,SPXW,2026-10-06,C,7590.0,7773.9502,181.4,1.0,200.2,2.0,169.04,1.0,28.0,0.0,0.9922,0.0003,-0.2,0.0874,0.0
2026-10-06T01:01:52Z,2026-10-06 01:01:25,SPXW,2026-10-06,P,7590.0,7773.9502,0.15,211.0,0.25,41.0,0.25,1116.0,815.0,0.2194,-0.0078,0.0003,-0.2,0.0874,0.0
2026-10-06T01:01:52Z,2026-10-06 01:01:25,SPXW,2026-10-06,C,7595.0,7773.9502,176.4,1.0,195.2,1.0,142.8,0.0,32.0,0.0,0.9913,0.0003,-0.225,0.0964,0.0
2026-10-06T01:01:52Z,2026-10-06 01:01:25,SPXW,2026-10-06,P,7595.0,7773.9502,0.2,15.0,0.25,39.0,0.25,518.0,318.0,0.2173,-0.0087,0.0003,-0.225,0.0965,0.0
2026-10-06T01:01:52Z,2026-10-06 01:01:25,SPXW,2026-10-06,C,7600.0,7773.9502,180.9,3.0,181.8,3.0,177.1,36.0,421.0,0.2218,0.9911,0.0003,-0.225,0.0985,0.0
2026-10-06T01:01:52Z,2026-10-06 01:01:25,SPXW,2026-10-06,P,7600.0,7773.9502,0.2,70.0,0.25,28.0,0.25,11883.0,3625.0,0.2121,-0.0089,0.0003,-0.225,0.0986,0.0
2026-10-06T01:01:52Z,2026-10-06 01:01:25,SPXW,2026-10-06,C,7605.0,7773.9502,166.4,2.0,185.3,2.0,118.68,0.0,56.0,0.0,0.9909,0.0003,-0.225,0.1007,0.0
2026-10-06T01:01:52Z,2026-10-06 01:01:25,SPXW,2026-10-06,P,7605.0,7773.9502,0.2,125.0,0.25,25.0,0.2,839.0,208.0,0.2068,-0.0091,0.0003,-0.225,0.1008,0.0
2026-10-06T01:01:52Z,2026-10-06 01:01:25,SPXW,2026-10-06,C,7610.0,7773.9502,170.9,1.0,171.9,4.0,179.06,25.0,45.0,0.211,0.9907,0.0003,-0.225,0.103,0.0
2026-10-06T01:01:52Z,2026-10-06 01:01:25,SPXW,2026-10-06,P,7610.0,7773.9502,0.2,178.0,0.25,6.0,0.25,1041.0,398.0,0.2016,-0.0093,0.0003,-0.225,0.1031,0.0
2026-10-06T01:01:52Z,2026-10-06 01:01:25,SPXW,2026-10-06,C,7615.0,7773.9502,165.8,4.0,166.8,2.0,177.9,2.0,40.0,0.2055,0.9897,0.0004,-0.25,0.1127,0.0
2026-10-06T01:01:52Z,2026-10-06 01:01:25,SPXW,2026-10-06,P,7615.0,7773.9502,0.2,204.0,0.3,37.0,0.25,879.0,294.0,0.199,-0.0103,0.0004,-0.25,0.1128,0.0
2026-10-06T01:01:52Z,2026-10-06 01:01:25,SPXW,2026-10-06,C,7620.0,7773.9502,160.9,4.0,161.9,4.0,154.09,6.0,52.0,0.2041,0.9886,0.0004,-0.275,0.1225,0.0
2026-10-06T01:01:52Z,2026-10-06 01:01:25,SPXW,2026-10-06,P,7620.0,7773.9502,0.25,65.0,0.3,24.0,0.25,1656.0,2998.0,0.196,-0.0114,0.0004,-0.275,0.1226,0.0
2026-10-06T01:01:52Z,2026-10-06 01:01:25,SPXW,2026-10-06,C,7625.0,7773.9502,155.9,4.0,156.9,4.0,140.04,7.0,43.0,0.2021,0.9875,0.0005,-0.3,0.1326,0.0
2026-10-06T01:01:52Z,2026-10-06 01:01:25,SPXW,2026-10-06,P,7625.0,7773.9502,0.25,145.0,0.35,70.0,0.3,2605.0,1443.0,0.1929,-0.0125,0.0005,-0.3,0.1326,0.0
2026-10-06T01:01:52Z,2026-10-06 01:01:25,SPXW,2026-10-06,C,7630.0,7773.9502,150.9,4.0,151.9,2.0,159.3,4.0,82.0,0.1965,0.9872,0.0005,-0.3001,0.1359,0.0
2026-10-06T01:01:52Z,2026-10-06 01:01:25,SPXW,2026-10-06,P,7630.0,7773.9502,0.25,187.0,0.35,36.0,0.3,2203.0,466.0,0.1874,-0.0128,0.0005,-0.3,0.136,0.0
2026-10-06T01:01:52Z,2026-10-06 01:01:25,SPXW,2026-10-06,C,7635.0,7773.9502,145.9,4.0,146.9,2.0,154.39,3.0,109.0,0.1908,0.9852,0.0006,-0.35,0.1533,0.0
2026-10-06T01:01:52Z,2026-10-06 01:01:25,SPXW,2026-10-06,P,7635.0,7773.9502,0.3,54.0,0.4,90.0,0.35,2054.0,389.0,0.1859,-0.0148,0.0006,-0.35,0.1534,0.0
2026-10-06T01:01:52Z,2026-10-06 01:01:25,SPXW,2026-10-06,C,7640.0,7773.9502,141.0,1.0,142.0,4.0,135.1,9.0,114.0,0.1851,0.9848,0.0006,-0.35,0.1573,0.0
2026-10-06T01:01:52Z,2026-10-06 01:01:25,SPXW,2026-10-06,P,7640.0,7773.9502,0.3,102.0,0.4,46.0,0.35,1636.0,262.0,0.1803,-0.0152,0.0006,-0.35,0.1574,0.0
2026-10-06T01:01:52Z,2026-10-06 01:01:25,SPXW,2026-10-06,C,7645.0,7773.9502,136.0,4.0,137.0,4.0,143.97,5.0,75.0,0.1825,0.9827,0.0007,-0.4,0.1748,0.0
2026-10-06T01:01:52Z,2026-10-06 01:01:25,SPXW,2026-10-06,P,7645.0,7773.9502,0.35,49.0,0.45,77.0,0.4,1388.0,223.0,0.1781,-0.0173,0.0007,-0.4,0.175,0.0
2026-10-06T01:01:52Z,2026-10-06 01:01:25,SPXW,2026-10-06,C,7650.0,7773.9502,131.0,4.0,132.0,2.0,120.78,67.0,363.0,0.1794,0.9814,0.0007,-0.425,0.1862,0.0
2026-10-06T01:01:52Z,2026-10-06 01:01:25,SPXW,2026-10-06,P,7650.0,7773.9502,0.4,17.0,0.45,40.0,0.4,7083.0,1713.0,0.174,-0.0186,0.0007,-0.425,0.1863,0.0
2026-10-06T01:01:52Z,2026-10-06 01:01:25,SPXW,2026-10-06,C,7655.0,7773.9502,126.1,1.0,127.1,4.0,133.51,16.0,125.0,0.1736,0.98,0.0008,-0.45,0.1981,0.0
2026-10-06T01:01:52Z,2026-10-06 01:01:25,SPXW,2026-10-06,P,7655.0,7773.9502,0.4,82.0,0.5,42.0,0.45,3307.0,319.0,0.1697,-0.02,0.0008,-0.45,0.1982,0.0
2026-10-06T01:01:52Z,2026-10-06 01:01:25,SPXW,2026-10-06,C,7660.0,7773.9502,121.1,4.0,122.1,4.0,116.09,55.0,102.0,0.1725,0.9777,0.0009,-0.5001,0.2167,0.0
2026-10-06T01:01:52Z,2026-10-06 01:01:25,SPXW,2026-10-06,P,7660.0,7773.9502,0.45,77.0,0.55,40.0,0.55,3677.0,724.0,0.1663,-0.0224,0.0009,-0.5,0.2172,0.0
2026-10-06T01:01:52Z,2026-10-06 01:01:25,SPXW,2026-10-06,C,7665.0,7773.9502,116.2,1.0,117.2,4.0,109.0,139.0,88.0,0.1664,0.9753,0.001,-0.5501,0.2355,0.0
2026-10-06T01:01:52Z,2026-10-06 01:01:25,SPXW,2026-10-06,P,7665.0,7773.9502,0.5,44.0,0.6,40.0,0.6,1663.0,216.0,0.1633,-0.0247,0.001,-0.5501,0.2355,0.0
2026-10-06T01:01:52Z,2026-10-06 01:01:25,SPXW,2026-10-06,C,7670.0,7773.9502,111.2,4.0,112.2,4.0,107.35,109.0,379.0,0.1645,0.9728,0.0011,-0.6001,0.2547,0.0
2026-10-06T01:01:52Z,2026-10-06 01:01:25,SPXW,2026-10-06,P,7670.0,7773.9502,0.55,69.0,0.65,38.0,0.65,2824.0,609.0,0.1595,-0.0272,0.0011,-0.6001,0.2547,0.0
2026-10-06T01:01:52Z,2026-10-06 01:01:25,SPXW,2026-10-06,C,7675.0,7773.9502,106.4,3.0,107.2,3.0,101.66,141.0,278.0,0.1582,0.9701,0.0012,-0.6501,0.2746,0.0
2026-10-06T01:01:52Z,2026-10-06 01:01:25,SPXW,2026-10-06,P,7675.0,7773.9502,0.6,65.0,0.7,36.0,0.77,5527.0,2927.0,0.1555,-0.0299,0.0012,-0.6501,0.2746,0.0
2026-10-06T01:01:52Z,2026-10-06 01:01:25,SPXW,2026-10-06,C,7680.0,7773.9502,101.4,3.0,102.2,2.0,97.77,156.0,129.0,0.1556,0.9657,0.0014,-0.75,0.3064,0.0
2026-10-06T01:01:52Z,2026-10-06 01:01:25,SPXW,2026-10-06,P,7680.0,7773.9502,0.7,46.0,0.8,50.0,0.85,3878.0,307.0,0.1531,-0.0343,0.0014,-0.75,0.3064,0.0
2026-10-06T01:01:52Z,2026-10-06 01:01:25,SPXW,2026-10-06,C,7685.0,7773.9502,96.5,3.0,97.3,2.0,91.84,132.0,219.0,0.1524,0.9612,0.0015,-0.8501,0.3378,0.0
2026-10-06T01:01:52Z,2026-10-06 01:01:25,SPXW,2026-10-06,P,7685.0,7773.9502,0.8,12.0,0.9,67.0,0.95,3471.0,517.0,0.15,-0.0389,0.0015,-0.85,0.3381,0.0
2026-10-06T01:01:52Z,2026-10-06 01:01:25,SPXW,2026-10-06,C,7690.0,7773.9502,91.6,3.0,92.4,2.0,88.2,151.0,233.0,0.1488,0.9564,0.0017,-0.9501,0.3697,0.0
2026-10-06T01:01:52Z,2026-10-06 01:01:25,SPXW,2026-10-06,P,7690.0,7773.9502,0.9,37.0,1.0,65.0,1.05,4699.0,458.0,0.1466,-0.0436,0.0017,-0.95,0.37,0.0
2026-10-06T01:01:52Z,2026-10-06 01:01:25,SPXW,2026-10-06,C,7695.0,7773.9502,86.8,3.0,87.6,3.0,86.94,79.0,160.0,0.1448,0.9514,0.0019,-1.05,0.4023,0.0
2026-10-06T01:01:52Z,2026-10-06 01:01:25,SPXW,2026-10-06,P,7695.0,7773.9502,1.0,73.0,1.1,53.0,1.3,3409.0,698.0,0.143,-0.0486,0.0019,-1.05,0.4023,0.0
2026-10-06T01:01:52Z,2026-10-06 01:01:25,SPXW,2026-10-06,C,7700.0,7773.9502,81.9,3.0,82.8,4.0,77.23,412.0,426.0,0.1429,0.9438,0.0022,-1.2251,0.4488,0.0
2026-10-06T01:01:52Z,2026-10-06 01:01:25,SPXW,2026-10-06,P,7700.0,7773.9502,1.2,1.0,1.25,50.0,1.42,9784.0,1461.0,0.1405,-0.0563,0.0022,-1.225,0.4492,0.0
2026-10-06T01:01:52Z,2026-10-06 01:01:25,SPXW,2026-10-06,C,7705.0,7773.9502,77.0,3.0,77.9,3.0,83.35,520.0,223.0,0.1402,0.9358,0.0025,-1.4003,0.495,0.0
2026-10-06T01:01:52Z,2026-10-06 01:01:25,SPXW,2026-10-06,P,7705.0,7773.9502,1.35,20.0,1.45,49.0,1.65,2743.0,257.0,0.1375,-0.0642,0.0025,-1.4001,0.4955,0.0
2026-10-06T01:01:52Z,2026-10-06 01:01:25,SPXW,2026-10-06,C,7710.0,7773.9502,72.3,3.0,73.2,3.0,68.88,943.0,805.0,0.1369,0.9261,0.0028,-1.6251,0.5492,0.0
2026-10-06T01:01:52Z,2026-10-06 01:01:25,SPXW,2026-10-06,P,7710.0,7773.9502,1.55,33.0,1.65,46.0,1.95,4619.0,391.0,0.1351,-0.0739,0.0028,-1.6251,0.5492,0.0
2026-10-06T01:01:52Z,2026-10-06 01:01:25,SPXW,2026-10-06,C,7715.0,7773.9502,67.5,3.0,68.3,2.0,63.52,453.0,458.0,0.1331,0.9159,0.0032,-1.8502,0.6023,0.0
2026-10-06T01:01:52Z,2026-10-06 01:01:25,SPXW,2026-10-06,P,7715.0,7773.9502,1.8,30.0,1.9,44.0,2.19,3127.0,590.0,0.1319,-0.0841,0.0032,-1.8502,0.6023,0.0
2026-10-06T01:01:52Z,2026-10-06 01:01:25,SPXW,2026-10-06,C,7720.0,7773.9502,63.1,3.0,63.5,3.0,59.53,1225.0,633.0,0.1311,0.903,0.0036,-2.1509,0.6655,0.0
2026-10-06T01:01:52Z,2026-10-06 01:01:25,SPXW,2026-10-06,P,7720.0,7773.9502,2.1,30.0,2.2,41.0,2.53,5381.0,284.0,0.1292,-0.097,0.0036,-2.1509,0.6655,0.0
2026-10-06T01:01:52Z,2026-10-06 01:01:25,SPXW,2026-10-06,C,7725.0,7773.9502,58.4,3.0,58.9,3.0,54.37,2673.0,1384.0,0.1282,0.8869,0.0041,-2.5508,0.7382,0.0
2026-10-06T01:01:52Z,2026-10-06 01:01:25,SPXW,2026-10-06,P,7725.0,7773.9502,2.45,32.0,2.55,16.0,3.0,5105.0,445.0,0.1272,-0.1131,0.0041,-2.5508,0.7382,0.0
2026-10-06T01:01:52Z,2026-10-06 01:01:25,SPXW,2026-10-06,C,7730.0,7773.9502,53.9,3.0,54.3,3.0,49.75,1816.0,840.0,0.1259,0.8689,0.0047,-3.0019,0.8134,0.0
2026-10-06T01:01:52Z,2026-10-06 01:01:25,SPXW,2026-10-06,P,7730.0,7773.9502,2.9,1.0,3.0,27.0,3.5,4303.0,261.0,0.125,-0.1311,0.0047,-3.0019,0.8134,0.0
2026-10-06T01:01:52Z,2026-10-06 01:01:25,SPXW,2026-10-06,C,7735.0,7773.9502,49.4,3.0,49.8,3.0,45.95,2233.0,441.0,0.1232,0.849,0.0052,-3.5022,0.8895,0.0
2026-10-06T01:01:52Z,2026-10-06 01:01:25,SPXW,2026-10-06,P,7735.0,7773.9502,3.4,17.0,3.5,20.0,4.06,5302.0,151.0,0.1224,-0.151,0.0052,-3.5022,0.8895,0.0
2026-10-06T01:01:52Z,2026-10-06 01:01:25,SPXW,2026-10-06,C,7740.0,7773.9502,44.9,3.0,45.4,3.0,41.1,1833.0,822.0,0.1207,0.8259,0.0059,-4.1026,0.9697,0.0
2026-10-06T01:01:52Z,2026-10-06 01:01:25,SPXW,2026-10-06,P,7740.0,7773.9502,4.0,23.0,4.2,32.0,4.73,5573.0,346.0,0.1199,-0.1741,0.0059,-4.1026,0.9697,0.0
2026-10-06T01:01:52Z,2026-10-06 01:01:25,SPXW,2026-10-06,C,7745.0,7773.9502,40.7,3.0,41.2,6.0,37.45,1255.0,286.0,0.1186,0.7996,0.0066,-4.8077,1.0512,0.0
2026-10-06T01:01:52Z,2026-10-06 01:01:25,SPXW,2026-10-06,P,7745.0,7773.9502,4.7,26.0,4.9,26.0,5.68,3194.0,101.0,0.1174,-0.2004,0.0066,-4.8077,1.0512,0.0
2026-10-06T01:01:52Z,2026-10-06 01:01:25,SPXW,2026-10-06,C,7750.0,7773.9502,36.6,3.0,37.1,6.0,33.45,4837.0,1403.0,0.1168,0.7685,0.0072,-5.7089,1.136,0.0
2026-10-06T01:01:52Z,2026-10-06 01:01:25,SPXW,2026-10-06,P,7750.0,7773.9502,5.5,43.0,5.7,8.0,6.6,6827.0,506.0,0.1157,-0.2315,0.0072,-5.7089,1.136,0.0
2026-10-06T01:01:52Z,2026-10-06 01:01:25,SPXW,2026-10-06,C,7755.0,7773.9502,32.6,3.0,33.1,6.0,29.39,3350.0,788.0,0.1145,0.7345,0.0079,-6.7105,1.2148,0.0
2026-10-06T01:01:52Z,2026-10-06 01:01:25,SPXW,2026-10-06,P,7755.0,7773.9502,6.6,25.0,6.8,21.0,7.7,4382.0,42.0,0.1135,-0.2655,0.0079,-6.7105,1.2148,0.0
2026-10-06T01:01:52Z,2026-10-06 01:01:25,SPXW,2026-10-06,C,7760.0,7773.9502,28.8,6.0,29.0,1.0,25.95,4488.0,961.0,0.113,0.695,0.0085,-8.0112,1.2913,0.0
2026-10-06T01:01:52Z,2026-10-06 01:01:25,SPXW,2026-10-06,P,7760.0,7773.9502,7.8,23.0,8.0,19.0,9.03,6277.0,94.0,0.1124,-0.305,0.0085,-8.0112,1.2913,0.0
2026-10-06T01:01:52Z,2026-10-06 01:01:25,SPXW,2026-10-06,C,7765.0,7773.9502,25.2,11.0,25.5,4.0,22.7,3395.0,363.0,0.1111,0.6533,0.0092,-9.4128,1.3547,0.0
2026-10-06T01:01:52Z,2026-10-06 01:01:25,SPXW,2026-10-06,P,7765.0,7773.9502,9.2,19.0,9.4,18.0,10.63,3313.0,165.0,0.1106,-0.3467,0.0092,-9.4128,1.3547,0.0
2026-10-06T01:01:52Z,2026-10-06 01:01:25,SPXW,2026-10-06,C,7770.0,7773.9502,21.9,5.0,22.2,12.0,19.35,7361.0,791.0,0.1096,0.6081,0.0097,-11.0174,1.4054,0.0
2026-10-06T01:01:52Z,2026-10-06 01:01:25,SPXW,2026-10-06,P,7770.0,7773.9502,10.8,19.0,11.0,15.0,12.6,5297.0,176.0,0.1088,-0.3919,0.0097,-11.0174,1.4054,0.0
2026-10-06T01:01:52Z,2026-10-06 01:01:25,SPXW,2026-10-06,C,7775.0,7773.9502,18.8,1.0,19.1,18.0,16.3,8846.0,683.0,0.1079,0.5595,0.01,-12.9514,1.4399,0.0
2026-10-06T01:01:52Z,2026-10-06 01:01:25,SPXW,2026-10-06,P,7775.0,7773.9502,12.7,10.0,12.9,1.0,14.7,6570.0,234.0,0.1074,-0.4405,0.01,-12.9514,1.4399,0.0
2026-10-06T01:01:52Z,2026-10-06 01:01:25,SPXW,2026-10-06,C,7780.0,7773.9502,16.0,1.0,16.2,14.0,13.8,7112.0,429.0,0.1069,0.509,0.0103,-15.1202,1.4544,0.0
2026-10-06T01:01:52Z,2026-10-06 01:01:25,SPXW,2026-10-06,P,7780.0,7773.9502,14.8,17.0,15.1,17.0,17.1,4513.0,49.0,0.1065,-0.491,0.0103,-15.1202,1.4544,0.0
2026-10-06T01:01:52Z,2026-10-06 01:01:25,SPXW,2026-10-06,C,7785.0,7773.9502,13.4,4.0,13.6,14.0,11.5,6453.0,489.0,0.106,0.4573,0.0103,-13.3456,1.4472,0.0
2026-10-06T01:01:52Z,2026-10-06 01:01:25,SPXW,2026-10-06,P,7785.0,7773.9502,17.2,24.0,17.5,14.0,20.4,2611.0,30.0,0.1051,-0.5427,0.0103,-13.3456,1.4472,0.0
2026-10-06T01:01:52Z,2026-10-06 01:01:25,SPXW,2026-10-06,C,7790.0,7773.9502,11.1,5.0,11.3,14.0,9.4,7619.0,706.0,0.1049,0.4054,0.0102,-11.0518,1.4172,0.0
2026-10-06T01:01:52Z,2026-10-06 01:01:25,SPXW,2026-10-06,P,7790.0,7773.9502,20.0,3.0,20.2,6.0,22.57,2242.0,14.0,0.1041,-0.5946,0.0102,-11.0518,1.4172,0.0
2026-10-06T01:01:52Z,2026-10-06 01:01:25,SPXW,2026-10-06,C,7795.0,7773.9502,9.1,7.0,9.3,17.0,7.65,4792.0,320.0,0.1038,0.3544,0.0098,-9.0412,1.3654,0.0
2026-10-06T01:01:52Z,2026-10-06 01:01:25,SPXW,2026-10-06,P,7795.0,7773.9502,22.9,11.0,23.2,4.0,25.84,895.0,1.0,0.1032,-0.6456,0.0098,-9.0412,1.3654,0.0
2026-10-06T01:01:52Z,2026-10-06 01:01:25,SPXW,2026-10-06,C,7800.0,7773.9502,7.4,1.0,7.6,21.0,6.2,13398.0,1527.0,0.1037,0.3061,0.0093,-7.3638,1.2947,0.0
2026-10-06T01:01:52Z,2026-10-06 01:01:25,SPXW,2026-10-06,P,7800.0,7773.9502,26.2,8.0,26.5,2.0,29.49,2275.0,26.0,0.1028,-0.6939,0.0093,-7.3638,1.2947,0.0
2026-10-06T01:01:52Z,2026-10-06 01:01:25,SPXW,2026-10-06,C,7805.0,7773.9502,5.9,18.0,6.0,2.0,5.0,6865.0,499.0,0.103,0.2604,0.0086,-5.8957,1.2061,0.0
2026-10-06T01:01:52Z,2026-10-06 01:01:25,SPXW,2026-10-06,P,7805.0,7773.9502,29.6,7.0,30.1,3.0,33.11,204.0,16.0,0.1024,-0.7396,0.0086,-5.8957,1.2061,0.0
2026-10-06T01:01:52Z,2026-10-06 01:01:25,SPXW,2026-10-06,C,7810.0,7773.9502,4.7,4.0,4.8,15.0,3.88,10360.0,740.0,0.1029,0.219,0.0079,-4.6965,1.1067,0.0
2026-10-06T01:01:52Z,2026-10-06 01:01:25,SPXW,2026-10-06,P,7810.0,7773.9502,33.4,6.0,33.8,3.0,37.1,282.0,8.0,0.1023,-0.781,0.0079,-4.6965,1.1067,0.0
2026-10-06T01:01:52Z,2026-10-06 01:01:25,SPXW,2026-10-06,C,7815.0,7773.9502,3.7,5.0,3.8,18.0,3.1,5763.0,374.0,0.1029,0.1818,0.007,-3.6972,0.9998,0.0
2026-10-06T01:01:52Z,2026-10-06 01:01:25,SPXW,2026-10-06,P,7815.0,7773.9502,37.4,6.0,37.8,3.0,41.33,66.0,16.0,0.1022,-0.8182,0.007,-3.6972,0.9998,0.0
2026-10-06T01:01:52Z,2026-10-06 01:01:25,SPXW,2026-10-06,C,7820.0,7773.9502,2.9,1.0,3.0,26.0,2.4,6724.0,459.0,0.1031,0.1494,0.0062,-2.8991,0.8907,0.0
2026-10-06T01:01:52Z,2026-10-06 01:01:25,SPXW,2026-10-06,P,7820.0,7773.9502,41.6,3.0,42.1,3.0,45.39,74.0,4.0,0.1023,-0.8506,0.0062,-2.8991,0.8907,0.0
2026-10-06T01:01:52Z,2026-10-06 01:01:25,SPXW,2026-10-06,C,7825.0,7773.9502,2.2,36.0,2.35,33.0,1.92,5248.0,2140.0,0.1034,0.1214,0.0054,-2.2489,0.7819,0.0
2026-10-06T01:01:52Z,2026-10-06 01:01:25,SPXW,2026-10-06,P,7825.0,7773.9502,45.8,5.0,46.4,3.0,50.93,83.0,34.0,0.1017,-0.8786,0.0054,-2.2489,0.7819,0.0
2026-10-06T01:01:52Z,2026-10-06 01:01:25,SPXW,2026-10-06,C,7830.0,7773.9502,1.7,33.0,1.8,34.0,1.5,4506.0,2054.0,0.104,0.0982,0.0046,-1.7491,0.6806,0.0
2026-10-06T01:01:52Z,2026-10-06 01:01:25,SPXW,2026-10-06,P,7830.0,7773.9502,50.3,5.0,50.8,3.0,54.3,33.0,9.0,0.1021,-0.9018,0.0046,-1.7491,0.6806,0.0
2026-10-06T01:01:52Z,2026-10-06 01:01:25,SPXW,2026-10-06,C,7835.0,7773.9502,1.3,48.0,1.4,41.0,1.1,3856.0,474.0,0.1047,0.0787,0.0038,-1.3498,0.5851,0.0
2026-10-06T01:01:52Z,2026-10-06 01:01:25,SPXW,2026-10-06,P,7835.0,7773.9502,54.8,3.0,55.6,1.0,59.35,28.0,1.0,0.1034,-0.9213,0.0038,-1.3498,0.5851,0.0
2026-10-06T01:01:52Z,2026-10-06 01:01:25,SPXW,2026-10-06,C,7840.0,7773.9502,1.0,38.0,1.05,3.0,0.85,6866.0,797.0,0.1052,0.0621,0.0032,-1.025,0.4954,0.0
2026-10-06T01:01:52Z,2026-10-06 01:01:25,SPXW,2026-10-06,P,7840.0,7773.9502,59.5,4.0,60.4,3.0,64.2,20.0,6.0,0.1042,-0.9379,0.0032,-1.025,0.4954,0.0
2026-10-06T01:01:52Z,2026-10-06 01:01:25,SPXW,2026-10-06,C,7845.0,7773.9502,0.75,56.0,0.85,47.0,0.65,15729.0,504.0,0.1066,0.0497,0.0026,-0.8,0.4214,0.0
2026-10-06T01:01:52Z,2026-10-06 01:01:25,SPXW,2026-10-06,P,7845.0,7773.9502,64.3,3.0,65.2,3.0,74.9,13.0,3.0,0.1045,-0.9502,0.0026,-0.7998,0.4218,0.0
2026-10-06T01:01:52Z,2026-10-06 01:01:25,SPXW,2026-10-06,C,7850.0,7773.9502,0.6,20.0,0.7,72.0,0.5,6950.0,1314.0,0.1077,0.0398,0.0022,-0.625,0.3572,0.0
2026-10-06T01:01:52Z,2026-10-06 01:01:25,SPXW,2026-10-06,P,7850.0,7773.9502,69.1,3.0,69.9,3.0,73.49,59.0,18.0,0.1063,-0.9602,0.0022,-0.625,0.3572,0.0
2026-10-06T01:01:52Z,2026-10-06 01:01:25,SPXW,2026-10-06,C,7855.0,7773.9502,0.45,56.0,0.55,94.0,0.4,8393.0,360.0,0.1097,0.0323,0.0018,-0.4999,0.3046,0.0
2026-10-06T01:01:52Z,2026-10-06 01:01:25,SPXW,2026-10-06,P,7855.0,7773.9502,74.0,3.0,74.8,2.0,78.47,18.0,0.0,0.1047,-0.9677,0.0018,-0.4999,0.305,0.0
2026-10-06T01:01:52Z,2026-10-06 01:01:25,SPXW,2026-10-06,C,7860.0,7773.9502,0.35,59.0,0.45,85.0,0.3,11795.0,388.0,0.1115,0.0262,0.0015,-0.4,0.2591,0.0
2026-10-06T01:01:52Z,2026-10-06 01:01:25,SPXW,2026-10-06,P,7860.0,7773.9502,78.9,2.0,79.7,3.0,83.37,19.0,3.0,0.1054,-0.9738,0.0015,-0.3999,0.2593,0.0
2026-10-06T01:01:52Z,2026-10-06 01:01:25,SPXW,2026-10-06,C,7865.0,7773.9502,0.25,129.0,0.35,61.0,0.25,2074.0,465.0,0.1121,0.0203,0.0012,-0.3,0.2122,0.0
2026-10-06T01:01:52Z,2026-10-06 01:01:25,SPXW,2026-10-06,P,7865.0,7773.9502,83.7,4.0,84.7,4.0,87.9,3.0,0.0,0.1079,-0.9797,0.0012,-0.3,0.2122,0.0
2026-10-06T01:01:52Z,2026-10-06 01:01:25,SPXW,2026-10-06,C,7870.0,7773.9502,0.25,1.0,0.3,64.0,0.22,2632.0,365.0,0.1165,0.0182,0.001,-0.275,0.1934,0.0
2026-10-06T01:01:52Z,2026-10-06 01:01:25,SPXW,2026-10-06,P,7870.0,7773.9502,88.7,2.0,89.7,4.0,99.0,16.0,0.0,0.1096,-0.9818,0.0011,-0.275,0.1938,0.0
2026-10-06T01:01:52Z,2026-10-06 01:01:25,SPXW,2026-10-06,C,7875.0,7773.9502,0.15,146.0,0.25,66.0,0.17,7848.0,725.0,0.1165,0.0137,0.0008,-0.2,0.1547,0.0
2026-10-06T01:01:52Z,2026-10-06 01:01:25,SPXW,2026-10-06,P,7875.0,7773.9502,93.6,4.0,94.6,4.0,167.66,0.0,1.0,0.1102,-0.9863,0.0008,-0.2,0.1548,0.0
2026-10-06T01:01:52Z,2026-10-06 01:01:25,SPXW,2026-10-06,C,7880.0,7773.9502,0.15,43.0,0.2,22.0,0.1,2542.0,463.0,0.1197,0.0119,0.0007,-0.175,0.1373,0.0
2026-10-06T01:01:52Z,2026-10-06 01:01:25,SPXW,2026-10-06,P,7880.0,7773.9502,98.5,1.0,99.6,4.0,182.35,0.0,0.0,0.1088,-0.9881,0.0007,-0.175,0.1374,0.0
2026-10-06T01:01:52Z,2026-10-06 01:01:25,SPXW,2026-10-06,C,7885.0,7773.9502,0.1,164.0,0.2,105.0,0.1,777.0,408.0,0.1224,0.0102,0.0006,-0.15,0.1204,0.0
2026-10-06T01:01:52Z,2026-10-06 01:01:25,SPXW,2026-10-06,P,7885.0,7773.9502,103.5,4.0,104.5,1.0,220.15,0.0,0.0,0.1137,-0.9898,0.0006,-0.15,0.1205,0.0
2026-10-06T01:01:52Z,2026-10-06 01:01:25,SPXW,2026-10-06,C,7890.0,7773.9502,0.1,121.0,0.15,17.0,0.12,702.0,363.0,0.1246,0.0085,0.0005,-0.125,0.1038,0.0
2026-10-06T01:01:52Z,2026-10-06 01:01:25,SPXW,2026-10-06,P,7890.0,7773.9502,108.6,2.0,109.6,4.0,0.0,0.0,0.0,0.1184,-0.9915,0.0005,-0.125,0.1038,0.0
2026-10-06T01:01:52Z,2026-10-06 01:01:25,SPXW,2026-10-06,C,7895.0,7773.9502,0.05,337.0,0.15,88.0,0.1,174.0,265.0,0.1262,0.0069,0.0004,-0.1,0.087,0.0
2026-10-06T01:01:52Z,2026-10-06 01:01:25,SPXW,2026-10-06,P,7895.0,7773.9502,113.5,4.0,114.5,4.0,0.0,0.0,0.0,0.1116,-0.9931,0.0004,-0.1,0.087,0.0
2026-10-06T01:01:52Z,2026-10-06 01:01:25,SPXW,2026-10-06,C,7900.0,7773.9502,0.05,429.0,0.15,93.0,0.1,770.0,859.0,0.131,0.0066,0.0004,-0.1,0.0839,0.0
2026-10-06T01:01:52Z,2026-10-06 01:01:25,SPXW,2026-10-06,P,7900.0,7773.9502,118.6,2.0,119.4,2.0,120.0,25.0,9.0,0.0,-0.9934,0.0004,-0.1,0.0839,0.0
2026-10-06T01:01:52Z,2026-10-06 01:01:25,SPXW,2026-10-06,C,7905.0,7773.9502,0.05,171.0,0.1,6.0,0.1,147.0,302.0,0.1316,0.0051,0.0003,-0.075,0.0674,0.0
2026-10-06T01:01:52Z,2026-10-06 01:01:25,SPXW,2026-10-06,P,7905.0,7773.9502,115.2,1.0,134.3,1.0,0.0,0.0,0.0,0.1696,-0.9949,0.0003,-0.075,0.0674,0.0
2026-10-06T01:01:52Z,2026-10-06 01:01:25,SPXW,2026-10-06,C,7910.0,7773.9502,0.05,133.0,0.1,24.0,0.09,1807.0,437.0,0.1363,0.005,0.0003,-0.075,0.0652,0.0
2026-10-06T01:01:52Z,2026-10-06 01:01:25,SPXW,2026-10-06,P,7910.0,7773.9502,128.6,3.0,129.4,3.0,153.98,2.0,0.0,0.0,-0.995,0.0003,-0.075,0.0652,0.0
2026-10-06T01:01:52Z,2026-10-06 01:01:25,SPXW,2026-10-06,C,7915.0,7773.9502,0.05,16.0,0.1,18.0,0.05,1595.0,314.0,0.141,0.0048,0.0003,-0.075,0.063,0.0
2026-10-06T01:01:52Z,2026-10-06 01:01:25,SPXW,2026-10-06,P,7915.0,7773.9502,133.6,3.0,134.4,3.0,0.0,0.0,0.0,0.1291,-0.9952,0.0003,-0.075,0.0631,0.0
2026-10-06T01:01:52Z,2026-10-06 01:01:25,SPXW,2026-10-06,C,7920.0,7773.9502,0.0,0.0,0.1,18.0,0.05,153.0,309.0,0.1396,0.0034,0.0002,-0.05,0.0468,0.0
2026-10-06T01:01:52Z,2026-10-06 01:01:25,SPXW,2026-10-06,P,7920.0,7773.9502,138.5,3.0,139.4,3.0,0.0,0.0,0.0,0.0,-0.9966,0.0002,-0.05,0.0468,0.0
2026-10-06T01:01:52Z,2026-10-06 01:01:25,SPXW,2026-10-06,C,7925.0,7773.9502,0.0,0.0,0.05,2.0,0.1,1903.0,582.0,0.135,0.0019,0.0001,-0.025,0.0284,0.0
2026-10-06T01:01:52Z,2026-10-06 01:01:25,SPXW,2026-10-06,P,7925.0,7773.9502,143.5,3.0,144.4,3.0,144.42,2.0,5.0,0.0,-0.9981,0.0001,-0.025,0.0284,0.0
2026-10-06T01:01:52Z,2026-10-06 01:01:25,SPXW,2026-10-06,C,7930.0,7773.9502,0.0,0.0,0.1,93.0,0.07,3494.0,564.0,0.1486,0.0032,0.0002,-0.05,0.0439,0.0
2026-10-06T01:01:52Z,2026-10-06 01:01:25,SPXW,2026-10-06,P,7930.0,7773.9502,139.5,1.0,159.2,1.0,179.27,9.0,0.0,0.1645,-0.9968,0.0002,-0.05,0.0439,0.0
2026-10-06T01:01:52Z,2026-10-06 01:01:25,SPXW,2026-10-06,C,7935.0,7773.9502,0.0,0.0,0.1,93.0,0.07,1348.0,0.0,0.153,0.0031,0.0002,-0.05,0.0427,0.0
2026-10-06T01:01:52Z,2026-10-06 01:01:25,SPXW,2026-10-06,P,7935.0,7773.9502,144.5,1.0,164.1,1.0,162.92,1.0,0.0,0.1938,-0.9969,0.0002,-0.05,0.0426,0.0
2026-10-06T01:01:52Z,2026-10-06 01:01:25,SPXW,2026-10-06,C,7940.0,7773.9502,0.0,0.0,0.1,100.0,0.1,1740.0,450.0,0.1574,0.003,0.0002,-0.05,0.0414,0.0
2026-10-06T01:01:52Z,2026-10-06 01:01:25,SPXW,2026-10-06,P,7940.0,7773.9502,149.5,1.0,169.2,1.0,151.12,15.0,5.0,0.1991,-0.997,0.0002,-0.05,0.0414,0.0
2026-10-06T01:01:52Z,2026-10-06 01:01:25,SPXW,2026-10-06,C,7945.0,7773.9502,0.0,0.0,0.1,106.0,0.05,5511.0,0.0,0.1618,0.003,0.0001,-0.05,0.0403,0.0
2026-10-06T01:01:52Z,2026-10-06 01:01:25,SPXW,2026-10-06,P,7945.0,7773.9502,143.6,25.0,187.3,25.0,0.0,0.0,0.0,0.2456,-0.997,0.0001,-0.05,0.0403,0.0
2026-10-06T01:01:52Z,2026-10-06 01:01:25,SPXW,2026-10-06,C,7950.0,7773.9502,0.0,0.0,0.05,83.0,0.03,1308.0,576.0,0.156,0.0016,0.0001,-0.025,0.0243,0.0
2026-10-06T01:01:52Z,2026-10-06 01:01:25,SPXW,2026-10-06,P,7950.0,7773.9502,168.5,3.0,169.4,3.0,309.42,0.0,2.0,0.0,-0.9984,0.0001,-0.025,0.0243,0.0
2026-10-06T01:01:52Z,2026-10-06 01:01:25,SPXW,2026-10-06,C,7960.0,7773.9502,0.0,0.0,0.05,29.0,0.03,845.0,582.0,0.1643,0.0016,0.0001,-0.025,0.023,0.0
2026-10-06T01:01:52Z,2026-10-06 01:01:25,SPXW,2026-10-06,P,7960.0,7773.9502,158.6,25.0,202.3,25.0,0.0,0.0,0.0,0.2637,-0.9984,0.0001,-0.025,0.023,0.0
2026-10-06T01:01:52Z,2026-10-06 01:01:25,SPXW,2026-10-06,C,7970.0,7773.9502,0.0,0.0,0.05,118.0,0.05,3175.0,228.0,0.1725,0.0015,0.0001,-0.025,0.0219,0.0
2026-10-06T01:01:52Z,2026-10-06 01:01:25,SPXW,2026-10-06,P,7970.0,7773.9502,168.5,25.0,212.3,25.0,198.99,2.0,0.0,0.2737,-0.9985,0.0001,-0.025,0.0219,0.0
2026-10-06T01:01:52Z,2026-10-06 01:01:25,SPXW,2026-10-06,C,7975.0,7773.9502,0.0,0.0,0.05,143.0,0.03,5130.0,476.0,0.1766,0.0014,0.0001,-0.025,0.0214,0.0
2026-10-06T01:01:52Z,2026-10-06 01:01:25,SPXW,2026-10-06,P,7975.0,7773.9502,193.5,3.0,194.3,3.0,0.0,0.0,0.0,0.0,-0.9986,0.0001,-0.025,0.0214,0.0
2026-10-06T01:01:52Z,2026-10-06 01:01:25,SPXW,2026-10-06,C,7980.0,7773.9502,0.0,0.0,0.05,165.0,0.03,318.0,253.0,0.1807,0.0014,0.0001,-0.025,0.0208,0.0
2026-10-06T01:01:52Z,2026-10-06 01:01:25,SPXW,2026-10-06,P,7980.0,7773.9502,178.5,25.0,222.3,25.0,0.0,0.0,0.0,0.2855,-0.9986,0.0001,-0.025,0.0209,0.0
2026-10-06T01:01:52Z,2026-10-06 01:01:25,SPXW,2026-10-06,C,7990.0,7773.9502,0.0,0.0,0.05,152.0,0.05,182.0,315.0,0.1889,0.0014,0.0001,-0.025,0.0199,0.0
2026-10-06T01:01:52Z,2026-10-06 01:01:25,SPXW,2026-10-06,P,7990.0,7773.9502,188.5,25.0,232.3,25.0,0.0,0.0,0.0,0.2972,-0.9986,0.0001,-0.025,0.0199,0.0
2026-10-06T01:01:52Z,2026-10-06 01:01:25,SPXW,2026-10-06,C,8000.0,7773.9502,0.0,0.0,0.05,26.0,0.05,254.0,1161.0,0.197,0.0013,0.0001,-0.025,0.0191,0.0
2026-10-06T01:01:52Z,2026-10-06 01:01:25,SPXW,2026-10-06,P,8000.0,7773.9502,218.5,3.0,219.3,3.0,208.29,2.0,0.0,0.0,-0.9987,0.0001,-0.025,0.0191,0.0
2026-10-06T01:01:52Z,2026-10-06 01:01:25,SPXW,2026-10-06,C,8010.0,7773.9502,0.0,0.0,0.05,25.0,0.05,91.0,0.0,0.2051,0.0013,0.0001,-0.025,0.0183,0.0
2026-10-06T01:01:52Z,2026-10-06 01:01:25,SPXW,2026-10-06,P,8010.0,7773.9502,228.5,3.0,229.3,3.0,218.2,1.0,0.0,0.0,-0.9987,0.0001,-0.025,0.0183,0.0
2026-10-06T01:01:52Z,2026-10-06 01:01:25,SPXW,2026-10-06,C,8020.0,7773.9502,0.0,0.0,0.05,25.0,0.05,18.0,0.0,0.2132,0.0012,0.0,-0.025,0.0176,0.0
2026-10-06T01:01:52Z,2026-10-06 01:01:25,SPXW,2026-10-06,P,8020.0,7773.9502,238.5,3.0,239.3,3.0,233.09,2.0,0.0,0.0,-0.9988,0.0,-0.025,0.0176,0.0
2026-10-06T01:01:52Z,2026-10-06 01:01:25,SPXW,2026-10-06,C,8025.0,7773.9502,0.0,0.0,0.05,25.0,0.05,25.0,419.0,0.2172,0.0012,0.0,-0.025,0.0173,0.0
2026-10-06T01:01:52Z,2026-10-06 01:01:25,SPXW,2026-10-06,P,8025.0,7773.9502,243.5,3.0,244.3,2.0,0.0,0.0,0.0,0.0,-0.9988,0.0,-0.025,0.0173,0.0
2026-10-06T01:01:52Z,2026-10-06 01:01:25,SPXW,2026-10-06,C,8030.0,7773.9502,0.0,0.0,0.05,27.0,0.05,5.0,0.0,0.2212,0.0012,0.0,-0.025,0.017,0.0
2026-10-06T01:01:52Z,2026-10-06 01:01:25,SPXW,2026-10-06,P,8030.0,7773.9502,248.5,3.0,249.3,3.0,0.0,0.0,0.0,0.0,-0.9988,0.0,-0.025,0.017,0.0
2026-10-06T01:01:52Z,2026-10-06 01:01:25,SPXW,2026-10-06,C,8050.0,7773.9502,0.0,0.0,0.05,28.0,0.03,391.0,448.0,0.2371,0.0011,0.0,-0.025,0.0158,0.0
2026-10-06T01:01:52Z,2026-10-06 01:01:25,SPXW,2026-10-06,P,8050.0,7773.9502,268.5,3.0,269.3,3.0,263.19,3.0,0.0,0.0,-0.9989,0.0,-0.025,0.0158,0.0
2026-10-06T01:01:52Z,2026-10-06 01:01:25,SPXW,2026-10-06,C,8075.0,7773.9502,0.0,0.0,0.05,30.0,0.05,143.0,401.0,0.2568,0.001,0.0,-0.025,0.0146,0.0
2026-10-06T01:01:52Z,2026-10-06 01:01:25,SPXW,2026-10-06,P,8075.0,7773.9502,293.5,3.0,294.2,2.0,402.96,0.0,1.0,0.0,-0.999,0.0,-0.025,0.0146,0.0
2026-10-06T01:01:52Z,2026-10-06 01:01:25,SPXW,2026-10-06,C,8100.0,7773.9502,0.0,0.0,0.05,61.0,0.05,192.0,390.0,0.2768,0.001,0.0,-0.025,0.0135,0.0
2026-10-06T01:01:52Z,2026-10-06 01:01:25,SPXW,2026-10-06,P,8100.0,7773.9502,318.5,3.0,319.3,2.0,395.86,0.0,3.0,0.0,-0.999,0.0,-0.025,0.0136,0.0
2026-10-06T01:01:52Z,2026-10-06 01:01:25,SPXW,2026-10-06,C,8125.0,7773.9502,0.0,0.0,0.05,335.0,0.05,110.0,126.0,0.2962,0.0009,0.0,-0.025,0.0126,0.0
2026-10-06T01:01:52Z,2026-10-06 01:01:25,SPXW,2026-10-06,P,8125.0,7773.9502,343.5,3.0,344.3,2.0,0.0,0.0,0.0,0.0,-0.9991,0.0,-0.025,0.0127,0.0
2026-10-06T01:01:52Z,2026-10-06 01:01:25,SPXW,2026-10-06,C,8150.0,7773.9502,0.0,0.0,0.05,338.0,0.05,60.0,137.0,0.3154,0.0009,0.0,-0.025,0.0119,0.0
2026-10-06T01:01:52Z,2026-10-06 01:01:25,SPXW,2026-10-06,P,8150.0,7773.9502,368.5,3.0,369.3,2.0,375.62,1.0,0.0,0.0,-0.9991,0.0,-0.025,0.0119,0.0
2026-10-06T01:01:52Z,2026-10-06 01:01:25,SPXW,2026-10-06,C,8175.0,7773.9502,0.0,0.0,0.05,348.0,0.05,120.0,67.0,0.3346,0.0008,0.0,-0.025,0.0112,0.0
2026-10-06T01:01:52Z,2026-10-06 01:01:25,SPXW,2026-10-06,P,8175.0,7773.9502,393.5,3.0,394.3,2.0,0.0,0.0,0.0,0.0,-0.9992,0.0,-0.025,0.0112,0.0
2026-10-06T01:01:52Z,2026-10-06 01:01:25,SPXW,2026-10-06,C,8200.0,7773.9502,0.0,0.0,0.05,378.0,0.05,394.0,90.0,0.3535,0.0008,0.0,-0.025,0.0106,0.0
2026-10-06T01:01:52Z,2026-10-06 01:01:25,SPXW,2026-10-06,P,8200.0,7773.9502,418.5,3.0,419.3,2.0,423.37,1.0,0.0,0.0,-0.9992,0.0,-0.025,0.0106,0.0
2026-10-06T01:01:52Z,2026-10-06 01:01:25,SPXW,2026-10-06,C,8225.0,7773.9502,0.0,0.0,0.05,372.0,0.05,177.0,67.0,0.3723,0.0007,0.0,-0.025,0.0101,0.0
2026-10-06T01:01:52Z,2026-10-06 01:01:25,SPXW,2026-10-06,P,8225.0,7773.9502,423.5,25.0,467.3,25.0,0.0,0.0,0.0,0.554,-0.9993,0.0,-0.025,0.0101,0.0
2026-10-06T01:01:52Z,2026-10-06 01:01:25,SPXW,2026-10-06,C,8250.0,7773.9502,0.0,0.0,0.05,403.0,0.03,780.0,133.0,0.3911,0.0007,0.0,-0.025,0.0096,0.0
2026-10-06T01:01:52Z,2026-10-06 01:01:25,SPXW,2026-10-06,P,8250.0,7773.9502,448.5,25.0,492.3,25.0,0.0,0.0,0.0,0.5798,-0.9993,0.0,-0.025,0.0096,0.0
2026-10-06T01:01:52Z,2026-10-06 01:01:25,SPXW,2026-10-06,C,8275.0,7773.9502,0.0,0.0,0.05,398.0,0.05,135.0,98.0,0.4096,0.0007,0.0,-0.025,0.0092,0.0
2026-10-06T01:01:52Z,2026-10-06 01:01:25,SPXW,2026-10-06,P,8275.0,7773.9502,473.5,25.0,517.3,25.0,0.0,0.0,0.0,0.6053,-0.9993,0.0,-0.025,0.0092,0.0
2026-10-06T01:01:52Z,2026-10-06 01:01:25,SPXW,2026-10-06,C,8300.0,7773.9502,0.0,0.0,0.05,432.0,0.05,0.0,120.0,0.4277,0.0006,0.0,-0.025,0.0088,0.0
2026-10-06T01:01:52Z,2026-10-06 01:01:25,SPXW,2026-10-06,P,8300.0,7773.9502,518.5,3.0,519.3,2.0,0.0,0.0,0.0,0.0,-0.9994,0.0,-0.025,0.0088,0.0
2026-10-06T01:01:52Z,2026-10-06 01:01:25,SPXW,2026-10-06,C,8400.0,7773.9502,0.0,0.0,0.05,473.0,0.15,0.0,45.0,0.5006,0.0006,0.0,-0.025,0.0076,0.0
2026-10-06T01:01:52Z,2026-10-06 01:01:25,SPXW,2026-10-06,P,8400.0,7773.9502,598.5,25.0,642.3,25.0,0.0,0.0,0.0,0.73,-0.9994,0.0,-0.025,0.0076,0.0
2026-10-06T01:01:52Z,2026-10-06 01:01:25,SPXW,2026-10-06,C,8500.0,7773.9502,0.0,0.0,0.05,507.0,0.1,0.0,13.0,0.5716,0.0005,0.0,-0.025,0.0067,0.0
2026-10-06T01:01:52Z,2026-10-06 01:01:25,SPXW,2026-10-06,P,8500.0,7773.9502,698.5,25.0,742.3,25.0,817.4,0.0,2.0,0.8264,-0.9995,0.0,-0.025,0.0067,0.0
2026-10-06T01:01:52Z,2026-10-06 01:01:25,SPXW,2026-10-07,C,7000.0,7773.9502,770.1,2.0,794.1,2.0,755.07,1.0,0.0,0.61,0.9988,0.0,-0.0829,0.0222,0.1914
2026-10-06T01:01:52Z,2026-10-06 01:01:25,SPXW,2026-10-07,P,7000.0,7773.9502,0.05,25.0,0.1,29.0,0.05,321.0,1080.0,0.4933,-0.0012,0.0,-0.0829,0.0222,-0.0002
2026-10-06T01:01:52Z,2026-10-06 01:01:25,SPXW,2026-10-07,C,7025.0,7773.9502,745.1,2.0,769.1,2.0,0.0,0.0,0.0,0.5913,0.9987,0.0,-0.0867,0.0236,0.1921
2026-10-06T01:01:52Z,2026-10-06 01:01:25,SPXW,2026-10-07,P,7025.0,7773.9502,0.05,27.0,0.1,27.0,0.1,5.0,1603.0,0.478,-0.0013,0.0,-0.0867,0.0236,-0.0003
2026-10-06T01:01:52Z,2026-10-06 01:01:25,SPXW,2026-10-07,C,7050.0,7773.9502,720.2,2.0,744.2,2.0,0.0,0.0,0.0,0.5822,0.9986,0.0,-0.0909,0.0252,0.1927
2026-10-06T01:01:52Z,2026-10-06 01:01:25,SPXW,2026-10-07,P,7050.0,7773.9502,0.05,28.0,0.1,25.0,0.22,0.0,214.0,0.4627,-0.0014,0.0,-0.0909,0.0252,-0.0003
2026-10-06T01:01:52Z,2026-10-06 01:01:25,SPXW,2026-10-07,C,7060.0,7773.9502,710.2,2.0,734.2,2.0,0.0,0.0,0.0,0.5746,0.9986,0.0,-0.0927,0.0259,0.193
2026-10-06T01:01:52Z,2026-10-06 01:01:25,SPXW,2026-10-07,P,7060.0,7773.9502,0.05,29.0,0.1,25.0,0.25,0.0,1.0,0.4565,-0.0014,0.0,-0.0927,0.0259,-0.0003
2026-10-06T01:01:52Z,2026-10-06 01:01:25,SPXW,2026-10-07,C,7070.0,7773.9502,700.2,2.0,724.2,2.0,0.0,0.0,0.0,0.5671,0.9986,0.0,-0.0945,0.0266,0.1932
2026-10-06T01:01:52Z,2026-10-06 01:01:25,SPXW,2026-10-07,P,7070.0,7773.9502,0.05,29.0,0.15,162.0,0.1,35.0,3.0,0.4615,-0.0014,0.0,-0.0945,0.0266,-0.0003
2026-10-06T01:01:52Z,2026-10-06 01:01:25,SPXW,2026-10-07,C,7075.0,7773.9502,695.2,2.0,719.2,2.0,645.1,0.0,66.0,0.5634,0.9986,0.0,-0.0955,0.027,0.1934
2026-10-06T01:01:52Z,2026-10-06 01:01:25,SPXW,2026-10-07,P,7075.0,7773.9502,0.05,29.0,0.15,160.0,0.1,32.0,602.0,0.4584,-0.0014,0.0,-0.0955,0.027,-0.0003
2026-10-06T01:01:52Z,2026-10-06 01:01:25,SPXW,2026-10-07,C,7080.0,7773.9502,690.2,2.0,714.2,2.0,640.35,0.0,56.0,0.5596,0.9985,0.0,-0.0964,0.0274,0.1935
2026-10-06T01:01:52Z,2026-10-06 01:01:25,SPXW,2026-10-07,P,7080.0,7773.9502,0.05,91.0,0.15,157.0,0.1,18.0,2.0,0.4553,-0.0015,0.0,-0.0964,0.0274,-0.0003
2026-10-06T01:01:52Z,2026-10-06 01:01:25,SPXW,2026-10-07,C,7090.0,7773.9502,680.2,2.0,704.2,2.0,0.0,0.0,0.0,0.5521,0.9985,0.0,-0.0984,0.0282,0.1938
2026-10-06T01:01:52Z,2026-10-06 01:01:25,SPXW,2026-10-07,P,7090.0,7773.9502,0.1,91.0,0.15,151.0,0.1,17.0,2.0,0.449,-0.0015,0.0,-0.0984,0.0282,-0.0003
2026-10-06T01:01:52Z,2026-10-06 01:01:25,SPXW,2026-10-07,C,7100.0,7773.9502,670.2,2.0,694.2,2.0,533.68,0.0,10.0,0.5446,0.9984,0.0,-0.1004,0.029,0.194
2026-10-06T01:01:52Z,2026-10-06 01:01:25,SPXW,2026-10-07,P,7100.0,7773.9502,0.1,162.0,0.15,145.0,0.15,7.0,336.0,0.4428,-0.0016,0.0,-0.1004,0.029,-0.0003
2026-10-06T01:01:52Z,2026-10-06 01:01:25,SPXW,2026-10-07,C,7110.0,7773.9502,660.2,2.0,684.2,2.0,0.0,0.0,0.0,0.537,0.9984,0.0,-0.1025,0.0298,0.1943
2026-10-06T01:01:52Z,2026-10-06 01:01:25,SPXW,2026-10-07,P,7110.0,7773.9502,0.1,161.0,0.15,139.0,0.25,0.0,1.0,0.4365,-0.0016,0.0,-0.1025,0.0298,-0.0003
2026-10-06T01:01:52Z,2026-10-06 01:01:25,SPXW,2026-10-07,C,7120.0,7773.9502,650.2,2.0,674.2,2.0,0.0,0.0,0.0,0.5295,0.9983,0.0,-0.1047,0.0307,0.1946
2026-10-06T01:01:52Z,2026-10-06 01:01:25,SPXW,2026-10-07,P,7120.0,7773.9502,0.1,175.0,0.15,134.0,0.2,44.0,5.0,0.4303,-0.0017,0.0,-0.1047,0.0307,-0.0003
2026-10-06T01:01:52Z,2026-10-06 01:01:25,SPXW,2026-10-07,C,7125.0,7773.9502,645.2,2.0,669.2,2.0,566.39,0.0,20.0,0.5258,0.9983,0.0,-0.1058,0.0312,0.1947
2026-10-06T01:01:52Z,2026-10-06 01:01:25,SPXW,2026-10-07,P,7125.0,7773.9502,0.1,181.0,0.2,131.0,0.1,53.0,166.0,0.4272,-0.0017,0.0,-0.1058,0.0312,-0.0003
2026-10-06T01:01:52Z,2026-10-06 01:01:25,SPXW,2026-10-07,C,7130.0,7773.9502,640.2,2.0,664.2,2.0,0.0,0.0,0.0,0.522,0.9983,0.0,-0.1069,0.0316,0.1948
2026-10-06T01:01:52Z,2026-10-06 01:01:25,SPXW,2026-10-07,P,7130.0,7773.9502,0.1,185.0,0.2,127.0,0.37,0.0,3.0,0.4241,-0.0017,0.0,-0.1069,0.0316,-0.0004
2026-10-06T01:01:52Z,2026-10-06 01:01:25,SPXW,2026-10-07,C,7140.0,7773.9502,630.2,2.0,654.2,2.0,0.0,0.0,0.0,0.5145,0.9982,0.0,-0.1093,0.0326,0.1951
2026-10-06T01:01:52Z,2026-10-06 01:01:25,SPXW,2026-10-07,P,7140.0,7773.9502,0.1,224.0,0.2,121.0,0.2,2.0,5.0,0.4178,-0.0018,0.0,-0.1093,0.0326,-0.0004
2026-10-06T01:01:52Z,2026-10-06 01:01:25,SPXW,2026-10-07,C,7150.0,7773.9502,620.2,2.0,644.2,2.0,542.54,0.0,20.0,0.507,0.9982,0.0,-0.1117,0.0336,0.1954
2026-10-06T01:01:52Z,2026-10-06 01:01:25,SPXW,2026-10-07,P,7150.0,7773.9502,0.1,238.0,0.2,90.0,0.17,10.0,828.0,0.4116,-0.0018,0.0,-0.1117,0.0336,-0.0004
2026-10-06T01:01:52Z,2026-10-06 01:01:25,SPXW,2026-10-07,C,7160.0,7773.9502,610.2,2.0,634.2,2.0,0.0,0.0,0.0,0.4995,0.9981,0.0,-0.1142,0.0347,0.1956
2026-10-06T01:01:52Z,2026-10-06 01:01:25,SPXW,2026-10-07,P,7160.0,7773.9502,0.05,252.0,0.15,87.0,0.19,6.0,4.0,0.405,-0.0019,0.0,-0.1144,0.0348,-0.0004
2026-10-06T01:01:52Z,2026-10-06 01:01:25,SPXW,2026-10-07,C,7170.0,7773.9502,600.2,2.0,624.2,2.0,0.0,0.0,0.0,0.492,0.998,0.0,-0.1169,0.0358,0.1959
2026-10-06T01:01:52Z,2026-10-06 01:01:25,SPXW,2026-10-07,P,7170.0,7773.9502,0.05,263.0,0.15,27.0,0.2,670.0,151.0,0.3988,-0.002,0.0,-0.1171,0.0359,-0.0004
2026-10-06T01:01:52Z,2026-10-06 01:01:25,SPXW,2026-10-07,C,7175.0,7773.9502,595.2,2.0,619.2,2.0,542.9,0.0,1.0,0.4883,0.998,0.0,-0.1182,0.0363,0.196
2026-10-06T01:01:52Z,2026-10-06 01:01:25,SPXW,2026-10-07,P,7175.0,7773.9502,0.05,270.0,0.15,27.0,0.15,20.0,287.0,0.3956,-0.002,0.0,-0.1185,0.0364,-0.0004
2026-10-06T01:01:52Z,2026-10-06 01:01:25,SPXW,2026-10-07,C,7180.0,7773.9502,590.2,2.0,614.2,2.0,0.0,0.0,0.0,0.4845,0.998,0.0,-0.1196,0.0369,0.1961
2026-10-06T01:01:52Z,2026-10-06 01:01:25,SPXW,2026-10-07,P,7180.0,7773.9502,0.1,22.0,0.15,26.0,0.15,11.0,36.0,0.4005,-0.002,0.0,-0.1198,0.037,-0.0004
2026-10-06T01:01:52Z,2026-10-06 01:01:25,SPXW,2026-10-07,C,7190.0,7773.9502,580.2,2.0,604.2,2.0,0.0,0.0,0.0,0.477,0.9979,0.0,-0.1225,0.0381,0.1964
2026-10-06T01:01:52Z,2026-10-06 01:01:25,SPXW,2026-10-07,P,7190.0,7773.9502,0.1,23.0,0.15,25.0,0.15,1068.0,38.0,0.3942,-0.0021,0.0,-0.1227,0.0382,-0.0004
2026-10-06T01:01:52Z,2026-10-06 01:01:25,SPXW,2026-10-07,C,7200.0,7773.9502,570.2,2.0,594.2,2.0,0.0,0.0,0.0,0.4695,0.9978,0.0,-0.1255,0.0394,0.1967
2026-10-06T01:01:52Z,2026-10-06 01:01:25,SPXW,2026-10-07,P,7200.0,7773.9502,0.1,24.0,0.15,24.0,0.15,237.0,636.0,0.3878,-0.0022,0.0,-0.1257,0.0395,-0.0004
2026-10-06T01:01:52Z,2026-10-06 01:01:25,SPXW,2026-10-07,C,7210.0,7773.9502,560.2,2.0,584.2,2.0,0.0,0.0,0.0,0.462,0.9978,0.0,-0.1286,0.0407,0.1969
2026-10-06T01:01:52Z,2026-10-06 01:01:25,SPXW,2026-10-07,P,7210.0,7773.9502,0.1,25.0,0.15,23.0,0.7,0.0,19.0,0.3815,-0.0022,0.0,-0.1289,0.0408,-0.0005
2026-10-06T01:01:52Z,2026-10-06 01:01:25,SPXW,2026-10-07,C,7215.0,7773.9502,555.2,2.0,579.2,2.0,0.0,0.0,0.0,0.4583,0.9977,0.0,-0.1302,0.0414,0.197
2026-10-06T01:01:52Z,2026-10-06 01:01:25,SPXW,2026-10-07,P,7215.0,7773.9502,0.1,26.0,0.15,22.0,0.2,1.0,2.0,0.3783,-0.0023,0.0,-0.1305,0.0415,-0.0005
2026-10-06T01:01:52Z,2026-10-06 01:01:25,SPXW,2026-10-07,C,7220.0,7773.9502,550.2,2.0,574.2,2.0,0.0,0.0,0.0,0.4546,0.9977,0.0,-0.1319,0.042,0.1972
2026-10-06T01:01:52Z,2026-10-06 01:01:25,SPXW,2026-10-07,P,7220.0,7773.9502,0.1,26.0,0.2,143.0,0.75,0.0,28.0,0.3816,-0.0023,0.0,-0.1321,0.0422,-0.0005
2026-10-06T01:01:52Z,2026-10-06 01:01:25,SPXW,2026-10-07,C,7225.0,7773.9502,545.2,2.0,569.2,2.0,0.0,0.0,0.0,0.4508,0.9976,0.0,-0.1336,0.0428,0.1973
2026-10-06T01:01:52Z,2026-10-06 01:01:25,SPXW,2026-10-07,P,7225.0,7773.9502,0.1,26.0,0.2,140.0,0.25,4.0,129.0,0.3784,-0.0024,0.0,-0.1338,0.0429,-0.0005
2026-10-06T01:01:52Z,2026-10-06 01:01:25,SPXW,2026-10-07,C,7230.0,7773.9502,540.2,2.0,564.2,2.0,0.0,0.0,0.0,0.447,0.9976,0.0,-0.1353,0.0435,0.1974
2026-10-06T01:01:52Z,2026-10-06 01:01:25,SPXW,2026-10-07,P,7230.0,7773.9502,0.1,27.0,0.2,137.0,0.15,672.0,29.0,0.3752,-0.0024,0.0,-0.1356,0.0436,-0.0005
2026-10-06T01:01:52Z,2026-10-06 01:01:25,SPXW,2026-10-07,C,7235.0,7773.9502,535.2,2.0,559.2,2.0,0.0,0.0,0.0,0.4433,0.9975,0.0,-0.1371,0.0443,0.1976
2026-10-06T01:01:52Z,2026-10-06 01:01:25,SPXW,2026-10-07,P,7235.0,7773.9502,0.1,84.0,0.2,133.0,0.15,11.0,13.0,0.372,-0.0025,0.0,-0.1373,0.0444,-0.0005
2026-10-06T01:01:52Z,2026-10-06 01:01:25,SPXW,2026-10-07,C,7240.0,7773.9502,530.2,2.0,554.2,2.0,0.0,0.0,0.0,0.4396,0.9975,0.0,-0.1389,0.045,0.1977
2026-10-06T01:01:52Z,2026-10-06 01:01:25,SPXW,2026-10-07,P,7240.0,7773.9502,0.1,84.0,0.2,129.0,0.15,11.0,73.0,0.3688,-0.0025,0.0,-0.1392,0.0452,-0.0005
2026-10-06T01:01:52Z,2026-10-06 01:01:25,SPXW,2026-10-07,C,7245.0,7773.9502,525.2,2.0,549.2,2.0,0.0,0.0,0.0,0.4358,0.9974,0.0,-0.1407,0.0458,0.1978
2026-10-06T01:01:52Z,2026-10-06 01:01:25,SPXW,2026-10-07,P,7245.0,7773.9502,0.1,144.0,0.15,124.0,0.2,10.0,6.0,0.3656,-0.0026,0.0,-0.141,0.046,-0.0005
2026-10-06T01:01:52Z,2026-10-06 01:01:25,SPXW,2026-10-07,C,7250.0,7773.9502,520.2,2.0,544.2,2.0,0.0,0.0,0.0,0.4321,0.9974,0.0,-0.1426,0.0467,0.1979
2026-10-06T01:01:52Z,2026-10-06 01:01:25,SPXW,2026-10-07,P,7250.0,7773.9502,0.1,143.0,0.2,121.0,0.15,53.0,350.0,0.3624,-0.0026,0.0,-0.1429,0.0468,-0.0005
2026-10-06T01:01:52Z,2026-10-06 01:01:25,SPXW,2026-10-07,C,7255.0,7773.9502,515.2,2.0,539.2,2.0,0.0,0.0,0.0,0.4283,0.9974,0.0,-0.1446,0.0475,0.1981
2026-10-06T01:01:52Z,2026-10-06 01:01:25,SPXW,2026-10-07,P,7255.0,7773.9502,0.1,152.0,0.2,117.0,0.15,15.0,55.0,0.3592,-0.0027,0.0,-0.1448,0.0476,-0.0005
2026-10-06T01:01:52Z,2026-10-06 01:01:25,SPXW,2026-10-07,C,7260.0,7773.9502,510.2,2.0,534.2,2.0,476.24,0.0,1.0,0.4246,0.9973,0.0,-0.1465,0.0484,0.1982
2026-10-06T01:01:52Z,2026-10-06 01:01:25,SPXW,2026-10-07,P,7260.0,7773.9502,0.1,160.0,0.2,113.0,0.15,17.0,103.0,0.3559,-0.0027,0.0,-0.1468,0.0485,-0.0006
2026-10-06T01:01:52Z,2026-10-06 01:01:25,SPXW,2026-10-07,C,7265.0,7773.9502,505.2,2.0,529.2,2.0,0.0,0.0,0.0,0.4208,0.9972,0.0,-0.1486,0.0493,0.1983
2026-10-06T01:01:52Z,2026-10-06 01:01:25,SPXW,2026-10-07,P,7265.0,7773.9502,0.15,169.0,0.2,110.0,0.15,167.0,21.0,0.3527,-0.0028,0.0,-0.1489,0.0494,-0.0006
2026-10-06T01:01:52Z,2026-10-06 01:01:25,SPXW,2026-10-07,C,7270.0,7773.9502,500.2,2.0,524.2,2.0,0.0,0.0,0.0,0.4171,0.9972,0.0,-0.1506,0.0502,0.1984
2026-10-06T01:01:52Z,2026-10-06 01:01:25,SPXW,2026-10-07,P,7270.0,7773.9502,0.15,179.0,0.2,108.0,0.15,74.0,209.0,0.3495,-0.0028,0.0,-0.151,0.0504,-0.0006
2026-10-06T01:01:52Z,2026-10-06 01:01:25,SPXW,2026-10-07,C,7275.0,7773.9502,495.2,2.0,519.2,2.0,0.0,0.0,0.0,0.4133,0.9971,0.0,-0.1528,0.0512,0.1986
2026-10-06T01:01:52Z,2026-10-06 01:01:25,SPXW,2026-10-07,P,7275.0,7773.9502,0.15,185.0,0.2,105.0,0.15,18.0,1297.0,0.3463,-0.0029,0.0,-0.1531,0.0513,-0.0006
2026-10-06T01:01:52Z,2026-10-06 01:01:25,SPXW,2026-10-07,C,7280.0,7773.9502,490.3,2.0,514.3,2.0,0.0,0.0,0.0,0.4163,0.9971,0.0,-0.155,0.0522,0.1987
2026-10-06T01:01:52Z,2026-10-06 01:01:25,SPXW,2026-10-07,P,7280.0,7773.9502,0.15,194.0,0.2,50.0,0.15,19.0,102.0,0.3431,-0.0029,0.0,-0.1553,0.0523,-0.0006
2026-10-06T01:01:52Z,2026-10-06 01:01:25,SPXW,2026-10-07,C,7285.0,7773.9502,485.3,2.0,509.3,2.0,0.0,0.0,0.0,0.4125,0.997,0.0,-0.1572,0.0532,0.1988
2026-10-06T01:01:52Z,2026-10-06 01:01:25,SPXW,2026-10-07,P,7285.0,7773.9502,0.15,204.0,0.2,50.0,0.2,5.0,1.0,0.3399,-0.003,0.0,-0.1576,0.0533,-0.0006
2026-10-06T01:01:52Z,2026-10-06 01:01:25,SPXW,2026-10-07,C,7290.0,7773.9502,480.3,2.0,504.3,2.0,0.0,0.0,0.0,0.4087,0.997,0.0,-0.1595,0.0542,0.1989
2026-10-06T01:01:52Z,2026-10-06 01:01:25,SPXW,2026-10-07,P,7290.0,7773.9502,0.15,239.0,0.2,49.0,0.33,2.0,110.0,0.3367,-0.0031,0.0,-0.1599,0.0544,-0.0006
2026-10-06T01:01:52Z,2026-10-06 01:01:25,SPXW,2026-10-07,C,7295.0,7773.9502,475.3,2.0,499.3,2.0,0.0,0.0,0.0,0.4049,0.9969,0.0,-0.1619,0.0553,0.1991
2026-10-06T01:01:52Z,2026-10-06 01:01:25,SPXW,2026-10-07,P,7295.0,7773.9502,0.15,21.0,0.2,23.0,1.03,0.0,4.0,0.3386,-0.0031,0.0,-0.1622,0.0554,-0.0006
2026-10-06T01:01:52Z,2026-10-06 01:01:25,SPXW,2026-10-07,C,7300.0,7773.9502,470.3,2.0,494.3,2.0,378.27,0.0,3.0,0.4011,0.9968,0.0,-0.1643,0.0564,0.1992
2026-10-06T01:01:52Z,2026-10-06 01:01:25,SPXW,2026-10-07,P,7300.0,7773.9502,0.15,21.0,0.2,22.0,0.17,166.0,1026.0,0.3357,-0.0032,0.0,-0.1643,0.0564,-0.0006
2026-10-06T01:01:52Z,2026-10-06 01:01:25,SPXW,2026-10-07,C,7305.0,7773.9502,465.3,2.0,489.3,2.0,359.95,0.0,2.0,0.3973,0.9968,0.0,-0.1668,0.0575,0.1993
2026-10-06T01:01:52Z,2026-10-06 01:01:25,SPXW,2026-10-07,P,7305.0,7773.9502,0.15,22.0,0.2,22.0,0.25,6.0,115.0,0.3325,-0.0032,0.0,-0.1668,0.0575,-0.0007
2026-10-06T01:01:52Z,2026-10-06 01:01:25,SPXW,2026-10-07,C,7310.0,7773.9502,460.3,2.0,484.3,2.0,0.0,0.0,0.0,0.3935,0.9967,0.0001,-0.1694,0.0586,0.1994
2026-10-06T01:01:52Z,2026-10-06 01:01:25,SPXW,2026-10-07,P,7310.0,7773.9502,0.15,23.0,0.2,21.0,0.25,47.0,142.0,0.329,-0.0033,0.0001,-0.1697,0.0588,-0.0007
2026-10-06T01:01:52Z,2026-10-06 01:01:25,SPXW,2026-10-07,C,7315.0,7773.9502,455.3,2.0,479.3,2.0,0.0,0.0,0.0,0.3897,0.9966,0.0001,-0.172,0.0598,0.1996
2026-10-06T01:01:52Z,2026-10-06 01:01:25,SPXW,2026-10-07,P,7315.0,7773.9502,0.15,23.0,0.25,134.0,0.25,6.0,41.0,0.3302,-0.0034,0.0001,-0.1724,0.06,-0.0007
2026-10-06T01:01:52Z,2026-10-06 01:01:25,SPXW,2026-10-07,C,7320.0,7773.9502,450.3,2.0,474.3,2.0,0.0,0.0,0.0,0.3859,0.9965,0.0001,-0.1747,0.0611,0.1997
2026-10-06T01:01:52Z,2026-10-06 01:01:25,SPXW,2026-10-07,P,7320.0,7773.9502,0.15,24.0,0.25,131.0,0.15,8.0,82.0,0.3269,-0.0035,0.0001,-0.1751,0.0612,-0.0007
2026-10-06T01:01:52Z,2026-10-06 01:01:25,SPXW,2026-10-07,C,7325.0,7773.9502,445.3,2.0,469.3,2.0,0.0,0.0,0.0,0.3821,0.9964,0.0001,-0.1775,0.0623,0.1998
2026-10-06T01:01:52Z,2026-10-06 01:01:25,SPXW,2026-10-07,P,7325.0,7773.9502,0.15,24.0,0.2,124.0,0.2,67.0,357.0,0.3236,-0.0036,0.0001,-0.1779,0.0625,-0.0007
2026-10-06T01:01:52Z,2026-10-06 01:01:25,SPXW,2026-10-07,C,7330.0,7773.9502,440.3,2.0,464.3,2.0,0.0,0.0,0.0,0.3783,0.9964,0.0001,-0.1804,0.0636,0.1999
2026-10-06T01:01:52Z,2026-10-06 01:01:25,SPXW,2026-10-07,P,7330.0,7773.9502,0.15,25.0,0.2,120.0,0.25,19.0,177.0,0.3203,-0.0036,0.0001,-0.1808,0.0638,-0.0008
2026-10-06T01:01:52Z,2026-10-06 01:01:25,SPXW,2026-10-07,C,7335.0,7773.9502,435.3,2.0,459.3,2.0,0.0,0.0,0.0,0.3745,0.9963,0.0001,-0.1833,0.0649,0.2
2026-10-06T01:01:52Z,2026-10-06 01:01:25,SPXW,2026-10-07,P,7335.0,7773.9502,0.15,77.0,0.25,115.0,0.2,6.0,8.0,0.317,-0.0037,0.0001,-0.1837,0.0651,-0.0008
2026-10-06T01:01:52Z,2026-10-06 01:01:25,SPXW,2026-10-07,C,7340.0,7773.9502,430.3,2.0,454.3,2.0,0.0,0.0,0.0,0.3707,0.9962,0.0001,-0.1864,0.0663,0.2002
2026-10-06T01:01:52Z,2026-10-06 01:01:25,SPXW,2026-10-07,P,7340.0,7773.9502,0.15,115.0,0.25,111.0,0.25,20.0,218.0,0.3137,-0.0038,0.0001,-0.1868,0.0665,-0.0008
2026-10-06T01:01:52Z,2026-10-06 01:01:25,SPXW,2026-10-07,C,7345.0,7773.9502,425.3,2.0,449.3,2.0,0.0,0.0,0.0,0.3669,0.9961,0.0001,-0.1895,0.0677,0.2003
2026-10-06T01:01:52Z,2026-10-06 01:01:25,SPXW,2026-10-07,P,7345.0,7773.9502,0.15,119.0,0.25,107.0,0.3,105.0,19.0,0.3104,-0.0039,0.0001,-0.1899,0.0679,-0.0008
2026-10-06T01:01:52Z,2026-10-06 01:01:25,SPXW,2026-10-07,C,7350.0,7773.9502,420.3,2.0,444.3,2.0,412.16,1.0,1.0,0.3631,0.996,0.0001,-0.1927,0.0692,0.2004
2026-10-06T01:01:52Z,2026-10-06 01:01:25,SPXW,2026-10-07,P,7350.0,7773.9502,0.15,127.0,0.2,13.0,0.2,264.0,395.0,0.3029,-0.004,0.0001,-0.1932,0.0694,-0.0008
2026-10-06T01:01:52Z,2026-10-06 01:01:25,SPXW,2026-10-07,C,7355.0,7773.9502,415.3,2.0,439.3,2.0,0.0,0.0,0.0,0.3593,0.9959,0.0001,-0.196,0.0707,0.2005
2026-10-06T01:01:52Z,2026-10-06 01:01:25,SPXW,2026-10-07,P,7355.0,7773.9502,0.15,123.0,0.25,99.0,0.2,111.0,31.0,0.3038,-0.0041,0.0001,-0.1965,0.0709,-0.0008
2026-10-06T01:01:52Z,2026-10-06 01:01:25,SPXW,2026-10-07,C,7360.0,7773.9502,410.3,2.0,434.3,2.0,376.51,0.0,1.0,0.3555,0.9958,0.0001,-0.1995,0.0723,0.2006
2026-10-06T01:01:52Z,2026-10-06 01:01:25,SPXW,2026-10-07,P,7360.0,7773.9502,0.15,131.0,0.25,49.0,0.2,112.0,417.0,0.3005,-0.0042,0.0001,-0.1999,0.0725,-0.0009
2026-10-06T01:01:52Z,2026-10-06 01:01:25,SPXW,2026-10-07,C,7365.0,7773.9502,405.3,2.0,429.3,2.0,0.0,0.0,0.0,0.3517,0.9957,0.0001,-0.203,0.0739,0.2007
2026-10-06T01:01:52Z,2026-10-06 01:01:25,SPXW,2026-10-07,P,7365.0,7773.9502,0.15,140.0,0.25,48.0,0.2,13.0,107.0,0.2973,-0.0043,0.0001,-0.2032,0.074,-0.0009
2026-10-06T01:01:52Z,2026-10-06 01:01:25,SPXW,2026-10-07,C,7370.0,7773.9502,400.3,2.0,424.3,2.0,400.61,1.0,1.0,0.3479,0.9956,0.0001,-0.2066,0.0756,0.2009
2026-10-06T01:01:52Z,2026-10-06 01:01:25,SPXW,2026-10-07,P,7370.0,7773.9502,0.15,146.0,0.25,47.0,0.2,14.0,187.0,0.294,-0.0044,0.0001,-0.2069,0.0757,-0.0009
2026-10-06T01:01:52Z,2026-10-06 01:01:25,SPXW,2026-10-07,C,7375.0,7773.9502,395.3,2.0,419.3,2.0,0.0,0.0,0.0,0.344,0.9955,0.0001,-0.2104,0.0773,0.201
2026-10-06T01:01:52Z,2026-10-06 01:01:25,SPXW,2026-10-07,P,7375.0,7773.9502,0.2,19.0,0.25,46.0,0.2,117.0,778.0,0.2943,-0.0045,0.0001,-0.2106,0.0774,-0.0009
2026-10-06T01:01:52Z,2026-10-06 01:01:25,SPXW,2026-10-07,C,7380.0,7773.9502,390.3,2.0,414.3,2.0,305.67,0.0,30.0,0.3402,0.9954,0.0001,-0.2143,0.0791,0.2011
2026-10-06T01:01:52Z,2026-10-06 01:01:25,SPXW,2026-10-07,P,7380.0,7773.9502,0.2,21.0,0.25,45.0,0.2,280.0,3221.0,0.2909,-0.0046,0.0001,-0.2146,0.0793,-0.001
2026-10-06T01:01:52Z,2026-10-06 01:01:25,SPXW,2026-10-07,C,7385.0,7773.9502,385.3,2.0,409.3,2.0,331.48,0.0,4.0,0.3364,0.9953,0.0001,-0.2183,0.081,0.2012
2026-10-06T01:01:52Z,2026-10-06 01:01:25,SPXW,2026-10-07,P,7385.0,7773.9502,0.2,22.0,0.3,124.0,0.22,23.0,247.0,0.2908,-0.0047,0.0001,-0.2186,0.0812,-0.001
2026-10-06T01:01:52Z,2026-10-06 01:01:25,SPXW,2026-10-07,C,7390.0,7773.9502,380.3,2.0,404.3,2.0,269.92,0.0,1.0,0.3326,0.9952,0.0001,-0.2224,0.083,0.2013
2026-10-06T01:01:52Z,2026-10-06 01:01:25,SPXW,2026-10-07,P,7390.0,7773.9502,0.2,22.0,0.3,118.0,0.3,34.0,206.0,0.2875,-0.0048,0.0001,-0.2227,0.0831,-0.001
2026-10-06T01:01:52Z,2026-10-06 01:01:25,SPXW,2026-10-07,C,7395.0,7773.9502,375.3,2.0,399.3,2.0,0.0,0.0,0.0,0.3288,0.995,0.0001,-0.2267,0.085,0.2014
2026-10-06T01:01:52Z,2026-10-06 01:01:25,SPXW,2026-10-07,P,7395.0,7773.9502,0.2,23.0,0.3,112.0,0.25,35.0,66.0,0.2841,-0.005,0.0001,-0.227,0.0852,-0.001
2026-10-06T01:01:52Z,2026-10-06 01:01:25,SPXW,2026-10-07,C,7400.0,7773.9502,370.3,2.0,394.3,2.0,369.92,1.0,9.0,0.325,0.9949,0.0001,-0.2311,0.0871,0.2015
2026-10-06T01:01:52Z,2026-10-06 01:01:25,SPXW,2026-10-07,P,7400.0,7773.9502,0.2,24.0,0.3,107.0,0.25,127.0,577.0,0.281,-0.0051,0.0001,-0.2311,0.0871,-0.001
2026-10-06T01:01:52Z,2026-10-06 01:01:25,SPXW,2026-10-07,C,7405.0,7773.9502,365.3,2.0,389.3,2.0,0.0,0.0,0.0,0.3212,0.9948,0.0001,-0.2357,0.0893,0.2016
2026-10-06T01:01:52Z,2026-10-06 01:01:25,SPXW,2026-10-07,P,7405.0,7773.9502,0.2,73.0,0.3,101.0,0.25,21.0,118.0,0.2776,-0.0052,0.0001,-0.2357,0.0893,-0.0011
2026-10-06T01:01:52Z,2026-10-06 01:01:25,SPXW,2026-10-07,C,7410.0,7773.9502,360.3,2.0,384.3,2.0,350.9,0.0,4.0,0.3173,0.9946,0.0001,-0.2404,0.0915,0.2017
2026-10-06T01:01:52Z,2026-10-06 01:01:25,SPXW,2026-10-07,P,7410.0,7773.9502,0.2,105.0,0.3,95.0,0.25,223.0,247.0,0.2742,-0.0054,0.0001,-0.2404,0.0915,-0.0011
2026-10-06T01:01:52Z,2026-10-06 01:01:25,SPXW,2026-10-07,C,7415.0,7773.9502,355.3,2.0,379.3,2.0,0.0,0.0,0.0,0.3135,0.9945,0.0001,-0.2453,0.0939,0.2018
2026-10-06T01:01:52Z,2026-10-06 01:01:25,SPXW,2026-10-07,P,7415.0,7773.9502,0.2,122.0,0.3,94.0,0.25,70.0,395.0,0.2709,-0.0055,0.0001,-0.2453,0.0939,-0.0011
2026-10-06T01:01:52Z,2026-10-06 01:01:25,SPXW,2026-10-07,C,7420.0,7773.9502,350.4,2.0,372.9,1.0,242.05,0.0,1.0,0.2568,0.9943,0.0001,-0.2504,0.0963,0.202
2026-10-06T01:01:52Z,2026-10-06 01:01:25,SPXW,2026-10-07,P,7420.0,7773.9502,0.2,120.0,0.3,46.0,0.35,316.0,176.0,0.2675,-0.0057,0.0001,-0.2504,0.0963,-0.0012
2026-10-06T01:01:52Z,2026-10-06 01:01:25,SPXW,2026-10-07,C,7425.0,7773.9502,345.4,2.0,367.9,1.0,0.0,0.0,0.0,0.2534,0.9941,0.0001,-0.2557,0.0988,0.202
2026-10-06T01:01:52Z,2026-10-06 01:01:25,SPXW,2026-10-07,P,7425.0,7773.9502,0.2,131.0,0.3,45.0,0.2,1379.0,1029.0,0.2641,-0.0059,0.0001,-0.2557,0.0988,-0.0012
2026-10-06T01:01:52Z,2026-10-06 01:01:25,SPXW,2026-10-07,C,7430.0,7773.9502,340.4,2.0,362.9,1.0,0.0,0.0,0.0,0.2501,0.994,0.0001,-0.2612,0.1014,0.2022
2026-10-06T01:01:52Z,2026-10-06 01:01:25,SPXW,2026-10-07,P,7430.0,7773.9502,0.25,18.0,0.3,44.0,0.25,47.0,216.0,0.2635,-0.006,0.0001,-0.2612,0.1014,-0.0012
2026-10-06T01:01:52Z,2026-10-06 01:01:25,SPXW,2026-10-07,C,7435.0,7773.9502,335.4,2.0,357.9,1.0,320.69,1.0,0.0,0.2467,0.9938,0.0001,-0.267,0.1041,0.2023
2026-10-06T01:01:52Z,2026-10-06 01:01:25,SPXW,2026-10-07,P,7435.0,7773.9502,0.25,20.0,0.3,25.0,0.25,72.0,213.0,0.2601,-0.0062,0.0001,-0.267,0.1041,-0.0013
2026-10-06T01:01:52Z,2026-10-06 01:01:25,SPXW,2026-10-07,C,7440.0,7773.9502,330.4,2.0,352.9,1.0,241.0,0.0,1.0,0.2434,0.9936,0.0001,-0.2729,0.1069,0.2024
2026-10-06T01:01:52Z,2026-10-06 01:01:25,SPXW,2026-10-07,P,7440.0,7773.9502,0.25,21.0,0.35,109.0,0.3,159.0,437.0,0.2592,-0.0064,0.0001,-0.2729,0.1069,-0.0013
2026-10-06T01:01:52Z,2026-10-06 01:01:25,SPXW,2026-10-07,C,7445.0,7773.9502,325.4,2.0,347.9,1.0,0.0,0.0,0.0,0.24,0.9934,0.0001,-0.2791,0.1098,0.2024
2026-10-06T01:01:52Z,2026-10-06 01:01:25,SPXW,2026-10-07,P,7445.0,7773.9502,0.25,22.0,0.35,101.0,0.3,33.0,157.0,0.2558,-0.0066,0.0001,-0.2791,0.1098,-0.0014
2026-10-06T01:01:52Z,2026-10-06 01:01:25,SPXW,2026-10-07,C,7450.0,7773.9502,320.4,2.0,343.0,1.0,301.05,1.0,27.0,0.2434,0.9932,0.0001,-0.2856,0.1128,0.2025
2026-10-06T01:01:52Z,2026-10-06 01:01:25,SPXW,2026-10-07,P,7450.0,7773.9502,0.25,22.0,0.35,94.0,0.25,341.0,1024.0,0.2524,-0.0068,0.0001,-0.2856,0.1128,-0.0014
2026-10-06T01:01:52Z,2026-10-06 01:01:25,SPXW,2026-10-07,C,7455.0,7773.9502,315.4,2.0,338.0,1.0,308.47,2.0,0.0,0.2399,0.993,0.0001,-0.2923,0.116,0.2026
2026-10-06T01:01:52Z,2026-10-06 01:01:25,SPXW,2026-10-07,P,7455.0,7773.9502,0.25,100.0,0.35,91.0,0.3,314.0,434.0,0.2489,-0.007,0.0001,-0.2923,0.116,-0.0014
2026-10-06T01:01:52Z,2026-10-06 01:01:25,SPXW,2026-10-07,C,7460.0,7773.9502,310.4,2.0,333.0,1.0,0.0,0.0,0.0,0.2365,0.9928,0.0001,-0.2994,0.1194,0.2027
2026-10-06T01:01:52Z,2026-10-06 01:01:25,SPXW,2026-10-07,P,7460.0,7773.9502,0.25,102.0,0.35,45.0,0.37,308.0,705.0,0.2454,-0.0072,0.0001,-0.2994,0.1194,-0.0015
2026-10-06T01:01:52Z,2026-10-06 01:01:25,SPXW,2026-10-07,C,7465.0,7773.9502,305.4,2.0,328.0,1.0,0.0,0.0,0.0,0.2331,0.9925,0.0001,-0.3067,0.1229,0.2028
2026-10-06T01:01:52Z,2026-10-06 01:01:25,SPXW,2026-10-07,P,7465.0,7773.9502,0.25,111.0,0.35,43.0,0.37,55.0,288.0,0.242,-0.0075,0.0001,-0.3067,0.1229,-0.0015
2026-10-06T01:01:52Z,2026-10-06 01:01:25,SPXW,2026-10-07,C,7470.0,7773.9502,300.4,2.0,323.0,1.0,176.45,0.0,5.0,0.2296,0.9923,0.0002,-0.3144,0.1266,0.2029
2026-10-06T01:01:52Z,2026-10-06 01:01:25,SPXW,2026-10-07,P,7470.0,7773.9502,0.3,17.0,0.35,17.0,0.35,98.0,273.0,0.2408,-0.0077,0.0002,-0.3144,0.1266,-0.0016
2026-10-06T01:01:52Z,2026-10-06 01:01:25,SPXW,2026-10-07,C,7475.0,7773.9502,295.4,2.0,318.0,1.0,311.11,1.0,80.0,0.2262,0.992,0.0002,-0.3225,0.1304,0.203
2026-10-06T01:01:52Z,2026-10-06 01:01:25,SPXW,2026-10-07,P,7475.0,7773.9502,0.3,17.0,0.4,102.0,0.35,642.0,1327.0,0.2394,-0.008,0.0002,-0.3225,0.1304,-0.0016
2026-10-06T01:01:52Z,2026-10-06 01:01:25,SPXW,2026-10-07,C,7480.0,7773.9502,290.4,2.0,313.0,1.0,210.97,0.0,31.0,0.2228,0.9917,0.0002,-0.3309,0.1344,0.2031
2026-10-06T01:01:52Z,2026-10-06 01:01:25,SPXW,2026-10-07,P,7480.0,7773.9502,0.3,20.0,0.4,92.0,0.3,156.0,275.0,0.2359,-0.0083,0.0002,-0.3309,0.1344,-0.0017
2026-10-06T01:01:52Z,2026-10-06 01:01:25,SPXW,2026-10-07,C,7485.0,7773.9502,285.5,2.0,308.1,1.0,269.98,1.0,5.0,0.2293,0.9914,0.0002,-0.3398,0.1387,0.2031
2026-10-06T01:01:52Z,2026-10-06 01:01:25,SPXW,2026-10-07,P,7485.0,7773.9502,0.3,17.0,0.4,87.0,0.32,72.0,922.0,0.2323,-0.0086,0.0002,-0.3401,0.1388,-0.0018
2026-10-06T01:01:52Z,2026-10-06 01:01:25,SPXW,2026-10-07,C,7490.0,7773.9502,280.5,2.0,303.1,1.0,302.29,2.0,4.0,0.2258,0.9911,0.0002,-0.3492,0.1431,0.2032
2026-10-06T01:01:52Z,2026-10-06 01:01:25,SPXW,2026-10-07,P,7490.0,7773.9502,0.3,61.0,0.4,43.0,0.35,78.0,855.0,0.2289,-0.0089,0.0002,-0.3492,0.1431,-0.0018
2026-10-06T01:01:52Z,2026-10-06 01:01:25,SPXW,2026-10-07,C,7495.0,7773.9502,275.5,2.0,298.0,1.0,0.0,0.0,0.0,0.2177,0.9908,0.0002,-0.359,0.1478,0.2033
2026-10-06T01:01:52Z,2026-10-06 01:01:25,SPXW,2026-10-07,P,7495.0,7773.9502,0.3,84.0,0.4,17.0,0.35,407.0,1714.0,0.2254,-0.0092,0.0002,-0.359,0.1478,-0.0019
2026-10-06T01:01:52Z,2026-10-06 01:01:25,SPXW,2026-10-07,C,7500.0,7773.9502,270.5,2.0,293.1,1.0,249.83,1.0,11.0,0.2187,0.9905,0.0002,-0.3694,0.1527,0.2033
2026-10-06T01:01:52Z,2026-10-06 01:01:25,SPXW,2026-10-07,P,7500.0,7773.9502,0.35,16.0,0.4,16.0,0.35,2288.0,4463.0,0.2254,-0.0095,0.0002,-0.3697,0.1529,-0.002
2026-10-06T01:01:52Z,2026-10-06 01:01:25,SPXW,2026-10-07,C,7505.0,7773.9502,265.5,2.0,288.1,1.0,232.91,0.0,1.0,0.2151,0.9901,0.0002,-0.3804,0.1578,0.2034
2026-10-06T01:01:52Z,2026-10-06 01:01:25,SPXW,2026-10-07,P,7505.0,7773.9502,0.35,19.0,0.45,87.0,0.35,165.0,353.0,0.2218,-0.0099,0.0002,-0.3808,0.158,-0.002
2026-10-06T01:01:52Z,2026-10-06 01:01:25,SPXW,2026-10-07,C,7510.0,7773.9502,260.5,2.0,283.1,1.0,270.56,1.0,2.0,0.2116,0.9897,0.0002,-0.3921,0.1632,0.2035
2026-10-06T01:01:52Z,2026-10-06 01:01:25,SPXW,2026-10-07,P,7510.0,7773.9502,0.35,45.0,0.45,83.0,0.35,494.0,714.0,0.2183,-0.0103,0.0002,-0.3924,0.1634,-0.0021
2026-10-06T01:01:52Z,2026-10-06 01:01:25,SPXW,2026-10-07,C,7515.0,7773.9502,255.5,2.0,278.1,1.0,170.8,0.0,1.0,0.208,0.9893,0.0002,-0.4045,0.1689,0.2035
2026-10-06T01:01:52Z,2026-10-06 01:01:25,SPXW,2026-10-07,P,7515.0,7773.9502,0.35,85.0,0.45,17.0,0.42,282.0,780.0,0.2147,-0.0107,0.0002,-0.4048,0.1691,-0.0022
2026-10-06T01:01:52Z,2026-10-06 01:01:25,SPXW,2026-10-07,C,7520.0,7773.9502,250.6,2.0,273.1,1.0,243.81,1.0,7.0,0.2083,0.9889,0.0002,-0.4176,0.1749,0.2036
2026-10-06T01:01:52Z,2026-10-06 01:01:25,SPXW,2026-10-07,P,7520.0,7773.9502,0.4,15.0,0.45,15.0,0.4,1555.0,2822.0,0.2128,-0.0111,0.0002,-0.4176,0.1749,-0.0023
2026-10-06T01:01:52Z,2026-10-06 01:01:25,SPXW,2026-10-07,C,7525.0,7773.9502,245.6,2.0,268.1,1.0,275.15,0.0,11.0,0.2047,0.9884,0.0003,-0.4316,0.1813,0.2036
2026-10-06T01:01:52Z,2026-10-06 01:01:25,SPXW,2026-10-07,P,7525.0,7773.9502,0.4,15.0,0.5,78.0,0.4,613.0,957.0,0.2107,-0.0116,0.0003,-0.432,0.1815,-0.0024
2026-10-06T01:01:52Z,2026-10-06 01:01:25,SPXW,2026-10-07,C,7530.0,7773.9502,240.6,2.0,263.1,1.0,193.52,0.0,13.0,0.2011,0.9879,0.0003,-0.4466,0.1882,0.2036
2026-10-06T01:01:52Z,2026-10-06 01:01:25,SPXW,2026-10-07,P,7530.0,7773.9502,0.4,88.0,0.5,17.0,0.45,279.0,703.0,0.207,-0.0121,0.0003,-0.447,0.1884,-0.0025
2026-10-06T01:01:52Z,2026-10-06 01:01:25,SPXW,2026-10-07,C,7535.0,7773.9502,235.6,2.0,258.2,1.0,229.22,1.0,3.0,0.2008,0.9874,0.0003,-0.4625,0.1954,0.2036
2026-10-06T01:01:52Z,2026-10-06 01:01:25,SPXW,2026-10-07,P,7535.0,7773.9502,0.4,87.0,0.5,14.0,0.5,416.0,399.0,0.2034,-0.0127,0.0003,-0.463,0.1956,-0.0026
2026-10-06T01:01:52Z,2026-10-06 01:01:25,SPXW,2026-10-07,C,7540.0,7773.9502,230.6,2.0,253.2,1.0,246.05,2.0,35.0,0.1972,0.9868,0.0003,-0.4796,0.2032,0.2037
2026-10-06T01:01:52Z,2026-10-06 01:01:25,SPXW,2026-10-07,P,7540.0,7773.9502,0.45,43.0,0.55,63.0,0.45,229.0,588.0,0.2027,-0.0132,0.0003,-0.4796,0.2032,-0.0027
2026-10-06T01:01:52Z,2026-10-06 01:01:25,SPXW,2026-10-07,C,7545.0,7773.9502,225.7,2.0,248.2,1.0,244.51,1.0,0.0,0.1965,0.9862,0.0003,-0.4979,0.2114,0.2037
2026-10-06T01:01:52Z,2026-10-06 01:01:25,SPXW,2026-10-07,P,7545.0,7773.9502,0.45,86.0,0.55,16.0,0.5,684.0,645.0,0.199,-0.0138,0.0003,-0.4979,0.2114,-0.0029
2026-10-06T01:01:52Z,2026-10-06 01:01:25,SPXW,2026-10-07,C,7550.0,7773.9502,220.7,2.0,243.2,1.0,240.26,26.0,32.0,0.1928,0.9855,0.0003,-0.5176,0.2202,0.2037
2026-10-06T01:01:52Z,2026-10-06 01:01:25,SPXW,2026-10-07,P,7550.0,7773.9502,0.5,43.0,0.6,59.0,0.5,1477.0,1584.0,0.1978,-0.0145,0.0003,-0.5176,0.2202,-0.003
2026-10-06T01:01:52Z,2026-10-06 01:01:25,SPXW,2026-10-07,C,7555.0,7773.9502,215.7,2.0,238.3,1.0,176.03,0.0,4.0,0.1918,0.9848,0.0004,-0.5389,0.2295,0.2037
2026-10-06T01:01:52Z,2026-10-06 01:01:25,SPXW,2026-10-07,P,7555.0,7773.9502,0.5,44.0,0.6,14.0,0.5,182.0,309.0,0.1941,-0.0152,0.0004,-0.5389,0.2295,-0.0032
2026-10-06T01:01:52Z,2026-10-06 01:01:25,SPXW,2026-10-07,C,7560.0,7773.9502,210.7,2.0,233.3,1.0,186.33,0.0,117.0,0.188,0.984,0.0004,-0.5619,0.2394,0.2036
2026-10-06T01:01:52Z,2026-10-06 01:01:25,SPXW,2026-10-07,P,7560.0,7773.9502,0.55,22.0,0.6,15.0,0.6,694.0,476.0,0.1927,-0.016,0.0004,-0.5619,0.2394,-0.0033
2026-10-06T01:01:52Z,2026-10-06 01:01:25,SPXW,2026-10-07,C,7565.0,7773.9502,205.8,2.0,228.3,1.0,199.88,1.0,3.0,0.1867,0.9832,0.0004,-0.5868,0.25,0.2036
2026-10-06T01:01:52Z,2026-10-06 01:01:25,SPXW,2026-10-07,P,7565.0,7773.9502,0.55,44.0,0.65,15.0,0.6,335.0,239.0,0.1889,-0.0168,0.0004,-0.5868,0.25,-0.0035
2026-10-06T01:01:52Z,2026-10-06 01:01:25,SPXW,2026-10-07,C,7570.0,7773.9502,201.8,2.0,224.2,4.0,210.77,2.0,11.0,0.2141,0.9822,0.0004,-0.6138,0.2614,0.2035
2026-10-06T01:01:52Z,2026-10-06 01:01:25,SPXW,2026-10-07,P,7570.0,7773.9502,0.6,40.0,0.7,57.0,0.6,304.0,301.0,0.1872,-0.0177,0.0004,-0.6138,0.2614,-0.0037
2026-10-06T01:01:52Z,2026-10-06 01:01:25,SPXW,2026-10-07,C,7575.0,7773.9502,197.8,2.0,216.3,1.0,146.53,0.0,6.0,0.1791,0.9813,0.0004,-0.6431,0.2736,0.2035
2026-10-06T01:01:52Z,2026-10-06 01:01:25,SPXW,2026-10-07,P,7575.0,7773.9502,0.6,76.0,0.7,14.0,0.66,1337.0,553.0,0.1834,-0.0187,0.0004,-0.6431,0.2736,-0.0039
2026-10-06T01:01:52Z,2026-10-06 01:01:25,SPXW,2026-10-07,C,7580.0,7773.9502,192.9,2.0,211.4,1.0,173.73,2.0,14.0,0.1796,0.9802,0.0005,-0.675,0.2869,0.2034
2026-10-06T01:01:52Z,2026-10-06 01:01:25,SPXW,2026-10-07,P,7580.0,7773.9502,0.65,40.0,0.75,14.0,0.7,1625.0,646.0,0.1815,-0.0198,0.0005,-0.675,0.2869,-0.0041
2026-10-06T01:01:52Z,2026-10-06 01:01:25,SPXW,2026-10-07,C,7585.0,7773.9502,187.9,2.0,206.4,1.0,130.0,0.0,4.0,0.1757,0.979,0.0005,-0.7098,0.3012,0.2033
2026-10-06T01:01:52Z,2026-10-06 01:01:25,SPXW,2026-10-07,P,7585.0,7773.9502,0.7,37.0,0.8,48.0,0.71,259.0,171.0,0.1795,-0.021,0.0005,-0.7098,0.3012,-0.0044
2026-10-06T01:01:52Z,2026-10-06 01:01:25,SPXW,2026-10-07,C,7590.0,7773.9502,182.9,2.0,201.5,1.0,201.16,3.0,11.0,0.1737,0.9777,0.0006,-0.7477,0.3165,0.2031
2026-10-06T01:01:52Z,2026-10-06 01:01:25,SPXW,2026-10-07,P,7590.0,7773.9502,0.75,21.0,0.85,50.0,0.8,310.0,310.0,0.1774,-0.0223,0.0006,-0.7477,0.3165,-0.0046
2026-10-06T01:01:52Z,2026-10-06 01:01:25,SPXW,2026-10-07,C,7595.0,7773.9502,178.0,2.0,196.5,1.0,74.5,0.0,7.0,0.1716,0.9763,0.0006,-0.7892,0.333,0.203
2026-10-06T01:01:52Z,2026-10-06 01:01:25,SPXW,2026-10-07,P,7595.0,7773.9502,0.75,69.0,0.85,13.0,0.8,209.0,304.0,0.1742,-0.0237,0.0006,-0.7892,0.333,-0.0049
2026-10-06T01:01:52Z,2026-10-06 01:01:25,SPXW,2026-10-07,C,7600.0,7773.9502,182.2,2.0,183.2,3.0,178.5,6.0,80.0,0.1726,0.9748,0.0006,-0.8346,0.3506,0.2028
2026-10-06T01:01:52Z,2026-10-06 01:01:25,SPXW,2026-10-07,P,7600.0,7773.9502,0.8,68.0,0.9,13.0,0.9,1439.0,1736.0,0.1718,-0.0252,0.0006,-0.8346,0.3506,-0.0053
2026-10-06T01:01:52Z,2026-10-06 01:01:25,SPXW,2026-10-07,C,7605.0,7773.9502,168.1,2.0,186.6,1.0,72.04,0.0,9.0,0.167,0.9731,0.0007,-0.8845,0.3696,0.2026
2026-10-06T01:01:52Z,2026-10-06 01:01:25,SPXW,2026-10-07,P,7605.0,7773.9502,0.85,68.0,1.0,45.0,0.95,123.0,182.0,0.1693,-0.0269,0.0007,-0.8845,0.3696,-0.0056
2026-10-06T01:01:52Z,2026-10-06 01:01:25,SPXW,2026-10-07,C,7610.0,7773.9502,163.2,2.0,181.7,1.0,166.9,1.0,36.0,0.1659,0.9712,0.0007,-0.9392,0.3902,0.2023
2026-10-06T01:01:52Z,2026-10-06 01:01:25,SPXW,2026-10-07,P,7610.0,7773.9502,0.95,15.0,1.05,16.0,1.01,426.0,438.0,0.1674,-0.0288,0.0007,-0.9392,0.3902,-0.006
2026-10-06T01:01:52Z,2026-10-06 01:01:25,SPXW,2026-10-07,C,7615.0,7773.9502,167.4,3.0,168.4,3.0,115.36,0.0,67.0,0.1659,0.9692,0.0008,-0.9991,0.4126,0.202
2026-10-06T01:01:52Z,2026-10-06 01:01:25,SPXW,2026-10-07,P,7615.0,7773.9502,1.0,34.0,1.1,15.0,1.1,195.0,213.0,0.1646,-0.0308,0.0008,-0.9991,0.4126,-0.0064
2026-10-06T01:01:52Z,2026-10-06 01:01:25,SPXW,2026-10-07,C,7620.0,7773.9502,153.3,2.0,171.8,1.0,116.79,0.0,46.0,0.1604,0.967,0.0008,-1.0649,0.4368,0.2017
2026-10-06T01:01:52Z,2026-10-06 01:01:25,SPXW,2026-10-07,P,7620.0,7773.9502,1.05,61.0,1.2,40.0,1.22,221.0,528.0,0.1624,-0.033,0.0008,-1.0649,0.4368,-0.0069
2026-10-06T01:01:52Z,2026-10-06 01:01:25,SPXW,2026-10-07,C,7625.0,7773.9502,148.4,2.0,166.9,1.0,161.59,1.0,66.0,0.1587,0.9645,0.0009,-1.1372,0.4628,0.2013
2026-10-06T01:01:52Z,2026-10-06 01:01:25,SPXW,2026-10-07,P,7625.0,7773.9502,1.15,13.0,1.25,13.0,1.3,558.0,576.0,0.16,-0.0355,0.0009,-1.1372,0.4628,-0.0074
2026-10-06T01:01:52Z,2026-10-06 01:01:25,SPXW,2026-10-07,C,7630.0,7773.9502,143.4,2.0,162.0,1.0,102.5,0.0,160.0,0.1556,0.9618,0.001,-1.2168,0.4906,0.2008
2026-10-06T01:01:52Z,2026-10-06 01:01:25,SPXW,2026-10-07,P,7630.0,7773.9502,1.25,13.0,1.35,13.0,1.42,335.0,441.0,0.158,-0.0382,0.001,-1.2168,0.4906,-0.008
2026-10-06T01:01:52Z,2026-10-06 01:01:25,SPXW,2026-10-07,C,7635.0,7773.9502,138.5,2.0,157.1,1.0,130.99,3.0,74.0,0.1536,0.9588,0.001,-1.3042,0.5205,0.2004
2026-10-06T01:01:52Z,2026-10-06 01:01:25,SPXW,2026-10-07,P,7635.0,7773.9502,1.35,13.0,1.45,13.0,1.45,1120.0,1055.0,0.1559,-0.0412,0.001,-1.3042,0.5205,-0.0086
2026-10-06T01:01:52Z,2026-10-06 01:01:25,SPXW,2026-10-07,C,7640.0,7773.9502,133.6,2.0,152.1,1.0,137.77,7.0,163.0,0.1503,0.9554,0.0011,-1.4002,0.5529,0.1998
2026-10-06T01:01:52Z,2026-10-06 01:01:25,SPXW,2026-10-07,P,7640.0,7773.9502,1.45,19.0,1.55,19.0,1.65,274.0,451.0,0.1535,-0.0446,0.0011,-1.4002,0.5529,-0.0094
2026-10-06T01:01:52Z,2026-10-06 01:01:25,SPXW,2026-10-07,C,7645.0,7773.9502,128.8,2.0,147.2,1.0,129.17,2.0,58.0,0.1489,0.9518,0.0012,-1.5054,0.5881,0.1992
2026-10-06T01:01:52Z,2026-10-06 01:01:25,SPXW,2026-10-07,P,7645.0,7773.9502,1.55,18.0,1.65,3.0,1.8,565.0,626.0,0.1519,-0.0482,0.0012,-1.5054,0.5881,-0.0101
2026-10-06T01:01:52Z,2026-10-06 01:01:25,SPXW,2026-10-07,C,7650.0,7773.9502,133.1,2.0,134.1,3.0,123.52,12.0,77.0,0.1499,0.9478,0.0013,-1.6208,0.6257,0.1984
2026-10-06T01:01:52Z,2026-10-06 01:01:25,SPXW,2026-10-07,P,7650.0,7773.9502,1.7,18.0,1.8,20.0,1.97,1035.0,1308.0,0.1492,-0.0522,0.0013,-1.6208,0.6257,-0.011
2026-10-06T01:01:52Z,2026-10-06 01:01:25,SPXW,2026-10-07,C,7655.0,7773.9502,119.0,2.0,137.6,1.0,138.73,8.0,70.0,0.1453,0.9433,0.0014,-1.7474,0.6656,0.1976
2026-10-06T01:01:52Z,2026-10-06 01:01:25,SPXW,2026-10-07,P,7655.0,7773.9502,1.85,16.0,1.95,18.0,2.2,300.0,264.0,0.1471,-0.0567,0.0014,-1.7474,0.6656,-0.0119
2026-10-06T01:01:52Z,2026-10-06 01:01:25,SPXW,2026-10-07,C,7660.0,7773.9502,114.2,2.0,132.7,1.0,133.73,41.0,106.0,0.1431,0.9384,0.0015,-1.8859,0.7084,0.1967
2026-10-06T01:01:52Z,2026-10-06 01:01:25,SPXW,2026-10-07,P,7660.0,7773.9502,2.0,18.0,2.1,12.0,2.62,1056.0,693.0,0.1448,-0.0616,0.0015,-1.8859,0.7084,-0.013
2026-10-06T01:01:52Z,2026-10-06 01:01:25,SPXW,2026-10-07,C,7665.0,7773.9502,109.4,2.0,127.9,1.0,126.38,17.0,112.0,0.1414,0.933,0.0016,-2.0371,0.7546,0.1957
2026-10-06T01:01:52Z,2026-10-06 01:01:25,SPXW,2026-10-07,P,7665.0,7773.9502,2.2,15.0,2.3,17.0,3.02,942.0,683.0,0.143,-0.067,0.0016,-2.0371,0.7546,-0.0141
2026-10-06T01:01:52Z,2026-10-06 01:01:25,SPXW,2026-10-07,C,7670.0,7773.9502,113.8,2.0,114.8,3.0,121.7,585.0,664.0,0.1414,0.927,0.0018,-2.2019,0.804,0.1946
2026-10-06T01:01:52Z,2026-10-06 01:01:25,SPXW,2026-10-07,P,7670.0,7773.9502,2.4,15.0,2.5,17.0,2.7,1332.0,231.0,0.1409,-0.073,0.0018,-2.2019,0.804,-0.0154
2026-10-06T01:01:52Z,2026-10-06 01:01:25,SPXW,2026-10-07,C,7675.0,7773.9502,108.9,3.0,110.0,3.0,102.28,665.0,1251.0,0.139,0.9204,0.0019,-2.3813,0.8561,0.1933
2026-10-06T01:01:52Z,2026-10-06 01:01:25,SPXW,2026-10-07,P,7675.0,7773.9502,2.6,17.0,2.75,28.0,3.1,1109.0,1104.0,0.1392,-0.0796,0.0019,-2.3813,0.8561,-0.0168
2026-10-06T01:01:52Z,2026-10-06 01:01:25,SPXW,2026-10-07,C,7680.0,7773.9502,104.2,4.0,105.2,3.0,97.63,177.0,349.0,0.1376,0.9132,0.0021,-2.5763,0.9112,0.1919
2026-10-06T01:01:52Z,2026-10-06 01:01:25,SPXW,2026-10-07,P,7680.0,7773.9502,2.85,15.0,3.0,27.0,3.2,928.0,314.0,0.1372,-0.0868,0.0021,-2.5763,0.9112,-0.0183
2026-10-06T01:01:52Z,2026-10-06 01:01:25,SPXW,2026-10-07,C,7685.0,7773.9502,99.5,3.0,100.5,3.0,98.0,102.0,117.0,0.1358,0.9051,0.0023,-2.7873,0.9703,0.1904
2026-10-06T01:01:52Z,2026-10-06 01:01:25,SPXW,2026-10-07,P,7685.0,7773.9502,3.1,43.0,3.3,25.0,3.48,659.0,256.0,0.1348,-0.0949,0.0023,-2.7873,0.9703,-0.02
2026-10-06T01:01:52Z,2026-10-06 01:01:25,SPXW,2026-10-07,C,7690.0,7773.9502,94.8,4.0,95.8,3.0,105.78,58.0,145.0,0.1337,0.8963,0.0025,-3.015,1.0328,0.1886
2026-10-06T01:01:52Z,2026-10-06 01:01:25,SPXW,2026-10-07,P,7690.0,7773.9502,3.4,43.0,3.6,24.0,4.11,1403.0,812.0,0.1333,-0.1037,0.0025,-3.015,1.0328,-0.0219
2026-10-06T01:01:52Z,2026-10-06 01:01:25,SPXW,2026-10-07,C,7695.0,7773.9502,90.1,3.0,91.2,3.0,94.65,57.0,132.0,0.1317,0.8866,0.0027,-3.2602,1.0977,0.1866
2026-10-06T01:01:52Z,2026-10-06 01:01:25,SPXW,2026-10-07,P,7695.0,7773.9502,3.8,13.0,4.0,40.0,4.4,503.0,261.0,0.1314,-0.1134,0.0027,-3.2602,1.0977,-0.024
2026-10-06T01:01:52Z,2026-10-06 01:01:25,SPXW,2026-10-07,C,7700.0,7773.9502,85.5,3.0,86.6,3.0,81.82,234.0,674.0,0.1299,0.8759,0.0029,-3.523,1.1659,0.1845
2026-10-06T01:01:52Z,2026-10-06 01:01:25,SPXW,2026-10-07,P,7700.0,7773.9502,4.2,13.0,4.4,21.0,5.0,2291.0,1697.0,0.1295,-0.1241,0.0029,-3.523,1.1659,-0.0263
2026-10-06T01:01:52Z,2026-10-06 01:01:25,SPXW,2026-10-07,C,7705.0,7773.9502,81.0,3.0,82.0,3.0,88.62,25.0,206.0,0.1281,0.8641,0.0031,-3.803,1.238,0.1821
2026-10-06T01:01:52Z,2026-10-06 01:01:25,SPXW,2026-10-07,P,7705.0,7773.9502,4.6,21.0,4.8,15.0,5.2,708.0,342.0,0.1273,-0.1359,0.0031,-3.803,1.238,-0.0288
2026-10-06T01:01:52Z,2026-10-06 01:01:25,SPXW,2026-10-07,C,7710.0,7773.9502,76.5,3.0,77.5,3.0,72.05,124.0,553.0,0.1263,0.8512,0.0034,-4.1,1.3122,0.1795
2026-10-06T01:01:52Z,2026-10-06 01:01:25,SPXW,2026-10-07,P,7710.0,7773.9502,5.1,21.0,5.3,14.0,6.08,2811.0,3096.0,0.1256,-0.1488,0.0034,-4.1,1.3122,-0.0316
2026-10-06T01:01:52Z,2026-10-06 01:01:25,SPXW,2026-10-07,C,7715.0,7773.9502,72.1,4.0,73.0,3.0,84.3,76.0,636.0,0.1245,0.8369,0.0036,-4.413,1.3882,0.1766
2026-10-06T01:01:52Z,2026-10-06 01:01:25,SPXW,2026-10-07,P,7715.0,7773.9502,5.6,23.0,5.9,20.0,6.2,320.0,410.0,0.1242,-0.163,0.0036,-4.413,1.3882,-0.0346
2026-10-06T01:01:52Z,2026-10-06 01:01:25,SPXW,2026-10-07,C,7720.0,7773.9502,67.6,3.0,68.7,3.0,60.48,177.0,696.0,0.1226,0.8214,0.0039,-4.7399,1.4673,0.1734
2026-10-06T01:01:52Z,2026-10-06 01:01:25,SPXW,2026-10-07,P,7720.0,7773.9502,6.3,13.0,6.5,21.0,7.0,568.0,293.0,0.1223,-0.1786,0.0039,-4.7399,1.4673,-0.0379
2026-10-06T01:01:52Z,2026-10-06 01:01:25,SPXW,2026-10-07,C,7725.0,7773.9502,63.5,2.0,64.3,3.0,56.8,2130.0,1453.0,0.1209,0.8044,0.0042,-5.078,1.547,0.1699
2026-10-06T01:01:52Z,2026-10-06 01:01:25,SPXW,2026-10-07,P,7725.0,7773.9502,7.0,12.0,7.2,18.0,7.9,623.0,284.0,0.1207,-0.1956,0.0042,-5.078,1.547,-0.0416
2026-10-06T01:01:52Z,2026-10-06 01:01:25,SPXW,2026-10-07,C,7730.0,7773.9502,59.1,3.0,60.1,3.0,53.3,559.0,333.0,0.1194,0.7859,0.0044,-5.4239,1.6266,0.1661
2026-10-06T01:01:52Z,2026-10-06 01:01:25,SPXW,2026-10-07,P,7730.0,7773.9502,7.7,18.0,8.0,18.0,8.6,931.0,118.0,0.1192,-0.2141,0.0044,-5.4239,1.6266,-0.0456
2026-10-06T01:01:52Z,2026-10-06 01:01:25,SPXW,2026-10-07,C,7735.0,7773.9502,55.0,2.0,56.0,3.0,52.23,2713.0,2026.0,0.118,0.7658,0.0048,-5.7724,1.7072,0.1619
2026-10-06T01:01:52Z,2026-10-06 01:01:25,SPXW,2026-10-07,P,7735.0,7773.9502,8.6,13.0,8.8,1.0,10.05,2503.0,1983.0,0.1175,-0.2342,0.0048,-5.7724,1.7072,-0.0499
2026-10-06T01:01:52Z,2026-10-06 01:01:25,SPXW,2026-10-07,C,7740.0,7773.9502,51.0,3.0,52.0,3.0,47.95,619.0,294.0,0.1166,0.744,0.005,-6.1174,1.7851,0.1573
2026-10-06T01:01:52Z,2026-10-06 01:01:25,SPXW,2026-10-07,P,7740.0,7773.9502,9.6,12.0,9.8,5.0,10.91,1194.0,144.0,0.1162,-0.256,0.005,-6.1174,1.7851,-0.0546
2026-10-06T01:01:52Z,2026-10-06 01:01:25,SPXW,2026-10-07,C,7745.0,7773.9502,47.2,2.0,48.0,3.0,52.76,854.0,639.0,0.115,0.7205,0.0053,-6.452,1.8603,0.1524
2026-10-06T01:01:52Z,2026-10-06 01:01:25,SPXW,2026-10-07,P,7745.0,7773.9502,10.6,19.0,10.9,17.0,12.4,410.0,66.0,0.1148,-0.2795,0.0053,-6.452,1.8603,-0.0596
2026-10-06T01:01:52Z,2026-10-06 01:01:25,SPXW,2026-10-07,C,7750.0,7773.9502,43.6,6.0,43.9,3.0,40.32,1842.0,2648.0,0.1135,0.6953,0.0056,-6.7672,1.9321,0.1471
2026-10-06T01:01:52Z,2026-10-06 01:01:25,SPXW,2026-10-07,P,7750.0,7773.9502,11.8,19.0,12.1,12.0,13.08,2589.0,600.0,0.1134,-0.3047,0.0056,-6.7672,1.9321,-0.0651
2026-10-06T01:01:52Z,2026-10-06 01:01:25,SPXW,2026-10-07,C,7755.0,7773.9502,39.9,7.0,40.3,7.0,37.02,696.0,459.0,0.1125,0.6684,0.0059,-7.0536,1.9968,0.1415
2026-10-06T01:01:52Z,2026-10-06 01:01:25,SPXW,2026-10-07,P,7755.0,7773.9502,13.2,9.0,13.4,1.0,14.53,542.0,29.0,0.1118,-0.3316,0.0059,-7.0536,1.9968,-0.0708
2026-10-06T01:01:52Z,2026-10-06 01:01:25,SPXW,2026-10-07,C,7760.0,7773.9502,36.4,9.0,36.7,6.0,33.38,2957.0,2069.0,0.1108,0.6398,0.0062,-7.3013,2.0552,0.1355
2026-10-06T01:01:52Z,2026-10-06 01:01:25,SPXW,2026-10-07,P,7760.0,7773.9502,14.6,18.0,14.9,5.0,16.1,815.0,133.0,0.1106,-0.3602,0.0062,-7.3013,2.0552,-0.077
2026-10-06T01:01:52Z,2026-10-06 01:01:25,SPXW,2026-10-07,C,7765.0,7773.9502,33.0,10.0,33.4,10.0,30.43,604.0,457.0,0.1096,0.6098,0.0064,-7.4994,2.1039,0.1291
2026-10-06T01:01:52Z,2026-10-06 01:01:25,SPXW,2026-10-07,P,7765.0,7773.9502,16.2,19.0,16.5,2.0,18.7,620.0,82.0,0.1092,-0.3902,0.0064,-7.4994,2.1039,-0.0835
2026-10-06T01:01:52Z,2026-10-06 01:01:25,SPXW,2026-10-07,C,7770.0,7773.9502,29.8,3.0,30.1,9.0,27.4,2186.0,723.0,0.1082,0.5783,0.0066,-7.6388,2.142,0.1225
2026-10-06T01:01:52Z,2026-10-06 01:01:25,SPXW,2026-10-07,P,7770.0,7773.9502,18.0,17.0,18.3,4.0,20.5,802.0,79.0,0.1081,-0.4217,0.0066,-7.6388,2.142,-0.0902
2026-10-06T01:01:52Z,2026-10-06 01:01:25,SPXW,2026-10-07,C,7775.0,7773.9502,26.7,12.0,27.1,12.0,24.6,1520.0,324.0,0.1073,0.5456,0.0067,-7.7096,2.168,0.1155
2026-10-06T01:01:52Z,2026-10-06 01:01:25,SPXW,2026-10-07,P,7775.0,7773.9502,19.9,17.0,20.2,3.0,22.47,1267.0,62.0,0.1069,-0.4544,0.0067,-7.7096,2.168,-0.0973
2026-10-06T01:01:52Z,2026-10-06 01:01:25,SPXW,2026-10-07,C,7780.0,7773.9502,23.9,3.0,24.2,17.0,21.37,1185.0,742.0,0.1061,0.5119,0.0068,-7.706,2.1802,0.1084
2026-10-06T01:01:52Z,2026-10-06 01:01:25,SPXW,2026-10-07,P,7780.0,7773.9502,22.1,11.0,22.4,17.0,24.1,759.0,115.0,0.1059,-0.4881,0.0068,-7.706,2.1802,-0.1045
2026-10-06T01:01:52Z,2026-10-06 01:01:25,SPXW,2026-10-07,C,7785.0,7773.9502,21.2,3.0,21.5,12.0,19.02,1160.0,678.0,0.1052,0.4776,0.0069,-7.6225,2.178,0.1011
2026-10-06T01:01:52Z,2026-10-06 01:01:25,SPXW,2026-10-07,P,7785.0,7773.9502,24.4,11.0,24.7,12.0,26.8,424.0,11.0,0.1048,-0.5224,0.0069,-7.6225,2.178,-0.112
2026-10-06T01:01:52Z,2026-10-06 01:01:25,SPXW,2026-10-07,C,7790.0,7773.9502,18.7,3.0,19.0,17.0,16.64,1621.0,279.0,0.1042,0.4428,0.0069,-7.4586,2.1606,0.0938
2026-10-06T01:01:52Z,2026-10-06 01:01:25,SPXW,2026-10-07,P,7790.0,7773.9502,26.9,12.0,27.2,12.0,29.2,257.0,33.0,0.1038,-0.5572,0.0069,-7.4586,2.1606,-0.1195
2026-10-06T01:01:52Z,2026-10-06 01:01:25,SPXW,2026-10-07,C,7795.0,7773.9502,16.4,3.0,16.7,17.0,14.6,759.0,2326.0,0.1033,0.408,0.0068,-7.216,2.1273,0.0863
2026-10-06T01:01:52Z,2026-10-06 01:01:25,SPXW,2026-10-07,P,7795.0,7773.9502,29.6,8.0,29.9,7.0,31.75,293.0,3.0,0.1029,-0.592,0.0068,-7.216,2.1273,-0.1271
2026-10-06T01:01:52Z,2026-10-06 01:01:25,SPXW,2026-10-07,C,7800.0,7773.9502,14.3,5.0,14.6,15.0,12.61,3357.0,1692.0,0.1025,0.3735,0.0067,-6.9006,2.0794,0.0791
2026-10-06T01:01:52Z,2026-10-06 01:01:25,SPXW,2026-10-07,P,7800.0,7773.9502,32.4,9.0,32.8,9.0,36.5,663.0,133.0,0.1022,-0.6265,0.0067,-6.9006,2.0794,-0.1344
2026-10-06T01:01:52Z,2026-10-06 01:01:25,SPXW,2026-10-07,C,7805.0,7773.9502,12.4,4.0,12.6,8.0,10.88,1299.0,558.0,0.1018,0.3397,0.0065,-6.5215,2.016,0.0718
2026-10-06T01:01:52Z,2026-10-06 01:01:25,SPXW,2026-10-07,P,7805.0,7773.9502,35.5,8.0,35.9,8.0,39.1,127.0,4.0,0.1015,-0.6603,0.0065,-6.5215,2.016,-0.1418
2026-10-06T01:01:52Z,2026-10-06 01:01:25,SPXW,2026-10-07,C,7810.0,7773.9502,10.7,4.0,10.9,11.0,9.3,695.0,445.0,0.1013,0.3069,0.0063,-6.0902,1.9405,0.0649
2026-10-06T01:01:52Z,2026-10-06 01:01:25,SPXW,2026-10-07,P,7810.0,7773.9502,38.8,3.0,39.2,3.0,42.9,178.0,19.0,0.1009,-0.6931,0.0063,-6.0902,1.9405,-0.1489
2026-10-06T01:01:52Z,2026-10-06 01:01:25,SPXW,2026-10-07,C,7815.0,7773.9502,9.1,17.0,9.4,12.0,7.99,1132.0,999.0,0.1007,0.2755,0.006,-5.6203,1.8517,0.0582
2026-10-06T01:01:52Z,2026-10-06 01:01:25,SPXW,2026-10-07,P,7815.0,7773.9502,42.0,3.0,42.9,4.0,45.81,55.0,12.0,0.1006,-0.7245,0.006,-5.6203,1.8517,-0.1558
2026-10-06T01:01:52Z,2026-10-06 01:01:25,SPXW,2026-10-07,C,7820.0,7773.9502,7.8,4.0,8.0,12.0,6.8,1102.0,1142.0,0.1,0.2456,0.0057,-5.1259,1.7546,0.0519
2026-10-06T01:01:52Z,2026-10-06 01:01:25,SPXW,2026-10-07,P,7820.0,7773.9502,45.6,3.0,46.5,2.0,52.57,119.0,39.0,0.0999,-0.7544,0.0057,-5.1259,1.7546,-0.1622
2026-10-06T01:01:52Z,2026-10-06 01:01:25,SPXW,2026-10-07,C,7825.0,7773.9502,6.6,5.0,6.8,12.0,5.6,871.0,796.0,0.0996,0.2176,0.0053,-4.6215,1.6482,0.0459
2026-10-06T01:01:52Z,2026-10-06 01:01:25,SPXW,2026-10-07,P,7825.0,7773.9502,49.4,3.0,50.4,3.0,55.07,15.0,352.0,0.0998,-0.7824,0.0053,-4.6215,1.6482,-0.1683
2026-10-06T01:01:52Z,2026-10-06 01:01:25,SPXW,2026-10-07,C,7830.0,7773.9502,5.5,20.0,5.7,7.0,4.7,1003.0,1176.0,0.0996,0.1915,0.005,-4.12,1.5378,0.0404
2026-10-06T01:01:52Z,2026-10-06 01:01:25,SPXW,2026-10-07,P,7830.0,7773.9502,53.4,3.0,54.4,3.0,58.0,9.0,14.0,0.0994,-0.8085,0.005,-4.12,1.5378,-0.174
2026-10-06T01:01:52Z,2026-10-06 01:01:25,SPXW,2026-10-07,C,7835.0,7773.9502,4.6,21.0,4.8,8.0,4.0,675.0,336.0,0.0994,0.1675,0.0046,-3.6337,1.4227,0.0353
2026-10-06T01:01:52Z,2026-10-06 01:01:25,SPXW,2026-10-07,P,7835.0,7773.9502,57.5,3.0,58.5,2.0,50.1,3.0,7.0,0.0996,-0.8325,0.0046,-3.6337,1.4227,-0.1792
2026-10-06T01:01:52Z,2026-10-06 01:01:25,SPXW,2026-10-07,C,7840.0,7773.9502,3.9,14.0,4.1,14.0,3.3,985.0,546.0,0.099,0.1456,0.0042,-3.1722,1.3077,0.0306
2026-10-06T01:01:52Z,2026-10-06 01:01:25,SPXW,2026-10-07,P,7840.0,7773.9502,61.8,3.0,62.6,2.0,56.53,9.0,8.0,0.0993,-0.8544,0.0042,-3.1722,1.3077,-0.184
2026-10-06T01:01:52Z,2026-10-06 01:01:25,SPXW,2026-10-07,C,7845.0,7773.9502,3.2,25.0,3.4,16.0,2.75,687.0,1377.0,0.0995,0.1258,0.0038,-2.7438,1.1927,0.0264
2026-10-06T01:01:52Z,2026-10-06 01:01:25,SPXW,2026-10-07,P,7845.0,7773.9502,66.0,3.0,66.9,3.0,71.96,1.0,7.0,0.0998,-0.8742,0.0038,-2.7438,1.1927,-0.1883
2026-10-06T01:01:52Z,2026-10-06 01:01:25,SPXW,2026-10-07,C,7850.0,7773.9502,2.7,17.0,2.8,11.0,2.35,1726.0,3965.0,0.0996,0.1082,0.0034,-2.3536,1.0815,0.0227
2026-10-06T01:01:52Z,2026-10-06 01:01:25,SPXW,2026-10-07,P,7850.0,7773.9502,70.5,3.0,71.5,3.0,80.0,10.0,32.0,0.0995,-0.8918,0.0034,-2.3536,1.0815,-0.1922
2026-10-06T01:01:52Z,2026-10-06 01:01:25,SPXW,2026-10-07,C,7855.0,7773.9502,2.25,13.0,2.35,19.0,2.05,1020.0,370.0,0.1,0.0927,0.003,-2.0054,0.9745,0.0194
2026-10-06T01:01:52Z,2026-10-06 01:01:25,SPXW,2026-10-07,P,7855.0,7773.9502,75.0,3.0,76.1,3.0,98.65,6.0,3.0,0.0998,-0.9073,0.003,-2.0054,0.9745,-0.1956
2026-10-06T01:01:52Z,2026-10-06 01:01:25,SPXW,2026-10-07,C,7860.0,7773.9502,1.9,1.0,2.0,27.0,1.5,778.0,790.0,0.1005,0.0791,0.0027,-1.6997,0.874,0.0166
2026-10-06T01:01:52Z,2026-10-06 01:01:25,SPXW,2026-10-07,P,7860.0,7773.9502,79.6,3.0,80.7,3.0,82.45,7.0,4.0,0.1006,-0.9209,0.0027,-1.6997,0.874,-0.1986
2026-10-06T01:01:52Z,2026-10-06 01:01:25,SPXW,2026-10-07,C,7865.0,7773.9502,1.55,15.0,1.65,8.0,1.25,259.0,1805.0,0.101,0.0674,0.0024,-1.436,0.7807,0.0141
2026-10-06T01:01:52Z,2026-10-06 01:01:25,SPXW,2026-10-07,P,7865.0,7773.9502,84.3,3.0,85.3,3.0,92.9,2.0,1.0,0.1,-0.9326,0.0024,-1.436,0.7807,-0.2012
2026-10-06T01:01:52Z,2026-10-06 01:01:25,SPXW,2026-10-07,C,7870.0,7773.9502,1.3,16.0,1.4,32.0,1.04,847.0,1630.0,0.1018,0.0573,0.0021,-1.2114,0.6951,0.012
2026-10-06T01:01:52Z,2026-10-06 01:01:25,SPXW,2026-10-07,P,7870.0,7773.9502,89.0,3.0,90.0,3.0,82.0,10.0,2.0,0.1015,-0.9427,0.0021,-1.2114,0.6951,-0.2035
2026-10-06T01:01:52Z,2026-10-06 01:01:25,SPXW,2026-10-07,C,7875.0,7773.9502,1.1,1.0,1.2,35.0,0.82,827.0,504.0,0.1024,0.0488,0.0018,-1.0225,0.6182,0.0102
2026-10-06T01:01:52Z,2026-10-06 01:01:25,SPXW,2026-10-07,P,7875.0,7773.9502,93.8,3.0,94.9,3.0,210.51,0.0,9.0,0.1026,-0.9512,0.0018,-1.0225,0.6182,-0.2054
2026-10-06T01:01:52Z,2026-10-06 01:01:25,SPXW,2026-10-07,C,7880.0,7773.9502,0.9,8.0,1.0,28.0,0.7,525.0,461.0,0.1033,0.0416,0.0016,-0.8651,0.5491,0.0087
2026-10-06T01:01:52Z,2026-10-06 01:01:25,SPXW,2026-10-07,P,7880.0,7773.9502,98.6,3.0,99.7,2.0,183.45,0.0,1.0,0.102,-0.9583,0.0016,-0.8651,0.5491,-0.207
2026-10-06T01:01:52Z,2026-10-06 01:01:25,SPXW,2026-10-07,C,7885.0,7773.9502,0.75,9.0,0.85,31.0,0.55,212.0,322.0,0.1042,0.0356,0.0014,-0.7347,0.4882,0.0074
2026-10-06T01:01:52Z,2026-10-06 01:01:25,SPXW,2026-10-07,P,7885.0,7773.9502,95.1,1.0,113.7,2.0,0.0,0.0,0.0,0.1072,-0.9644,0.0014,-0.7347,0.4882,-0.2084
2026-10-06T01:01:52Z,2026-10-06 01:01:25,SPXW,2026-10-07,C,7890.0,7773.9502,0.65,12.0,0.75,36.0,0.5,151.0,330.0,0.1058,0.0306,0.0012,-0.6274,0.4346,0.0064
2026-10-06T01:01:52Z,2026-10-06 01:01:25,SPXW,2026-10-07,P,7890.0,7773.9502,100.0,1.0,118.6,2.0,157.06,1.0,2.0,0.1092,-0.9694,0.0012,-0.6274,0.4346,-0.2096
2026-10-06T01:01:52Z,2026-10-06 01:01:25,SPXW,2026-10-07,C,7895.0,7773.9502,0.55,13.0,0.65,68.0,0.4,360.0,439.0,0.107,0.0264,0.001,-0.539,0.3878,0.0055
2026-10-06T01:01:52Z,2026-10-06 01:01:25,SPXW,2026-10-07,P,7895.0,7773.9502,104.9,1.0,123.5,2.0,0.0,0.0,0.0,0.1108,-0.9736,0.001,-0.539,0.3878,-0.2106
2026-10-06T01:01:52Z,2026-10-06 01:01:25,SPXW,2026-10-07,C,7900.0,7773.9502,0.45,15.0,0.55,40.0,0.38,383.0,1371.0,0.1077,0.023,0.0009,-0.4665,0.3471,0.0048
2026-10-06T01:01:52Z,2026-10-06 01:01:25,SPXW,2026-10-07,P,7900.0,7773.9502,118.2,3.0,119.1,2.0,201.37,0.0,11.0,0.1055,-0.977,0.0009,-0.4665,0.3471,-0.2115
2026-10-06T01:01:52Z,2026-10-06 01:01:25,SPXW,2026-10-07,C,7905.0,7773.9502,0.4,14.0,0.5,78.0,0.25,80.0,0.0,0.1097,0.0201,0.0008,-0.4068,0.3118,0.0042
2026-10-06T01:01:52Z,2026-10-06 01:01:25,SPXW,2026-10-07,P,7905.0,7773.9502,114.8,1.0,133.4,2.0,0.0,0.0,0.0,0.1159,-0.9799,0.0008,-0.4068,0.3118,-0.2122
2026-10-06T01:01:52Z,2026-10-06 01:01:25,SPXW,2026-10-07,C,7910.0,7773.9502,0.35,14.0,0.4,28.0,0.25,393.0,1013.0,0.1104,0.0176,0.0007,-0.3576,0.2811,0.0036
2026-10-06T01:01:52Z,2026-10-06 01:01:25,SPXW,2026-10-07,P,7910.0,7773.9502,119.6,1.0,138.3,2.0,129.88,1.0,1.0,0.1149,-0.9824,0.0007,-0.3576,0.2811,-0.2129
2026-10-06T01:01:52Z,2026-10-06 01:01:25,SPXW,2026-10-07,C,7915.0,7773.9502,0.3,15.0,0.4,81.0,0.2,47.0,0.0,0.113,0.0156,0.0006,-0.3168,0.2545,0.0032
2026-10-06T01:01:52Z,2026-10-06 01:01:25,SPXW,2026-10-07,P,7915.0,7773.9502,124.5,2.0,143.3,2.0,0.0,0.0,0.0,0.1168,-0.9844,0.0006,-0.3168,0.2545,-0.2134
2026-10-06T01:01:52Z,2026-10-06 01:01:25,SPXW,2026-10-07,C,7920.0,7773.9502,0.25,16.0,0.35,85.0,0.2,350.0,877.0,0.1141,0.0139,0.0006,-0.283,0.2315,0.0029
2026-10-06T01:01:52Z,2026-10-06 01:01:25,SPXW,2026-10-07,P,7920.0,7773.9502,129.5,1.0,148.2,2.0,232.85,0.0,1.0,0.1184,-0.9861,0.0006,-0.283,0.2315,-0.214
2026-10-06T01:01:52Z,2026-10-06 01:01:25,SPXW,2026-10-07,C,7925.0,7773.9502,0.2,92.0,0.3,46.0,0.17,286.0,776.0,0.1148,0.0125,0.0005,-0.2548,0.2115,0.0026
2026-10-06T01:01:52Z,2026-10-06 01:01:25,SPXW,2026-10-07,P,7925.0,7773.9502,134.5,1.0,153.2,2.0,144.78,1.0,0.0,0.122,-0.9875,0.0005,-0.2548,0.2115,-0.2144
2026-10-06T01:01:52Z,2026-10-06 01:01:25,SPXW,2026-10-07,C,7930.0,7773.9502,0.2,16.0,0.3,70.0,0.17,107.0,427.0,0.1182,0.0112,0.0005,-0.2311,0.1941,0.0023
2026-10-06T01:01:52Z,2026-10-06 01:01:25,SPXW,2026-10-07,P,7930.0,7773.9502,139.4,1.0,158.2,2.0,211.85,0.0,1.0,0.1232,-0.9887,0.0005,-0.2311,0.1941,-0.2148
2026-10-06T01:01:52Z,2026-10-06 01:01:25,SPXW,2026-10-07,C,7935.0,7773.9502,0.15,96.0,0.25,45.0,0.2,2.0,0.0,0.1183,0.0102,0.0004,-0.2106,0.1786,0.0021
2026-10-06T01:01:52Z,2026-10-06 01:01:25,SPXW,2026-10-07,P,7935.0,7773.9502,144.4,1.0,163.1,2.0,0.0,0.0,0.0,0.1241,-0.9898,0.0004,-0.2111,0.1789,-0.2151
2026-10-06T01:01:52Z,2026-10-06 01:01:25,SPXW,2026-10-07,C,7940.0,7773.9502,0.15,18.0,0.25,93.0,0.15,221.0,950.0,0.1217,0.0093,0.0004,-0.1938,0.1653,0.0019
2026-10-06T01:01:52Z,2026-10-06 01:01:25,SPXW,2026-10-07,P,7940.0,7773.9502,149.4,1.0,168.1,2.0,0.0,0.0,0.0,0.1276,-0.9907,0.0004,-0.1941,0.1656,-0.2154
2026-10-06T01:01:52Z,2026-10-06 01:01:25,SPXW,2026-10-07,C,7945.0,7773.9502,0.15,16.0,0.25,99.0,0.2,3.0,0.0,0.123,0.0086,0.0003,-0.1794,0.1537,0.0018
2026-10-06T01:01:52Z,2026-10-06 01:01:25,SPXW,2026-10-07,P,7945.0,7773.9502,154.4,1.0,173.1,2.0,0.0,0.0,0.0,0.1311,-0.9914,0.0003,-0.1798,0.1539,-0.2157
2026-10-06T01:01:52Z,2026-10-06 01:01:25,SPXW,2026-10-07,C,7950.0,7773.9502,0.1,120.0,0.2,47.0,0.1,175.0,1177.0,0.124,0.0079,0.0003,-0.1672,0.1434,0.0016
2026-10-06T01:01:52Z,2026-10-06 01:01:25,SPXW,2026-10-07,P,7950.0,7773.9502,159.4,1.0,178.1,2.0,250.75,0.0,5.0,0.1346,-0.9921,0.0003,-0.1674,0.1436,-0.216
2026-10-06T01:01:52Z,2026-10-06 01:01:25,SPXW,2026-10-07,C,7960.0,7773.9502,0.1,19.0,0.2,96.0,0.1,73.0,277.0,0.1305,0.0068,0.0003,-0.1472,0.126,0.0014
2026-10-06T01:01:52Z,2026-10-06 01:01:25,SPXW,2026-10-07,P,7960.0,7773.9502,169.3,1.0,188.1,2.0,0.0,0.0,0.0,0.1382,-0.9932,0.0003,-0.1476,0.1264,-0.2165
2026-10-06T01:01:52Z,2026-10-06 01:01:25,SPXW,2026-10-07,C,7970.0,7773.9502,0.1,19.0,0.15,18.0,0.05,45.0,269.0,0.134,0.006,0.0002,-0.1326,0.1127,0.0012
2026-10-06T01:01:52Z,2026-10-06 01:01:25,SPXW,2026-10-07,P,7970.0,7773.9502,178.0,2.0,198.0,2.0,0.0,0.0,0.0,0.0,-0.994,0.0002,-0.1327,0.1128,-0.217
2026-10-06T01:01:52Z,2026-10-06 01:01:25,SPXW,2026-10-07,C,7975.0,7773.9502,0.1,19.0,0.15,24.0,0.1,4.0,449.0,0.1371,0.0057,0.0002,-0.1265,0.1069,0.0012
2026-10-06T01:01:52Z,2026-10-06 01:01:25,SPXW,2026-10-07,P,7975.0,7773.9502,183.0,2.0,203.0,2.0,0.0,0.0,0.0,0.0,-0.9943,0.0002,-0.1267,0.107,-0.2172
2026-10-06T01:01:52Z,2026-10-06 01:01:25,SPXW,2026-10-07,C,7980.0,7773.9502,0.05,247.0,0.15,19.0,0.0,0.0,0.0,0.1369,0.0054,0.0002,-0.1214,0.1019,0.0011
2026-10-06T01:01:52Z,2026-10-06 01:01:25,SPXW,2026-10-07,P,7980.0,7773.9502,188.0,2.0,208.0,2.0,0.0,0.0,0.0,0.0,-0.9946,0.0002,-0.1214,0.1019,-0.2174
2026-10-06T01:01:52Z,2026-10-06 01:01:25,SPXW,2026-10-07,C,7990.0,7773.9502,0.05,232.0,0.15,20.0,0.1,10.0,0.0,0.143,0.0048,0.0002,-0.1124,0.0929,0.001
2026-10-06T01:01:52Z,2026-10-06 01:01:25,SPXW,2026-10-07,P,7990.0,7773.9502,198.0,2.0,218.0,2.0,0.0,0.0,0.0,0.0,-0.9951,0.0002,-0.1125,0.0929,-0.2177
2026-10-06T01:01:52Z,2026-10-06 01:01:25,SPXW,2026-10-07,C,8000.0,7773.9502,0.05,221.0,0.15,71.0,0.09,464.0,3578.0,0.149,0.0044,0.0002,-0.1054,0.0855,0.0009
2026-10-06T01:01:52Z,2026-10-06 01:01:25,SPXW,2026-10-07,P,8000.0,7773.9502,206.0,2.0,230.0,2.0,279.86,0.0,3.0,0.0,-0.9956,0.0002,-0.1055,0.0855,-0.2181
2026-10-06T01:01:52Z,2026-10-06 01:01:25,SPXW,2026-10-07,C,8010.0,7773.9502,0.05,128.0,0.15,118.0,0.1,10.0,0.0,0.1553,0.0041,0.0001,-0.0995,0.079,0.0008
2026-10-06T01:01:52Z,2026-10-06 01:01:25,SPXW,2026-10-07,P,8010.0,7773.9502,216.0,2.0,240.0,2.0,0.0,0.0,0.0,0.0,-0.9959,0.0001,-0.0998,0.0793,-0.2184
2026-10-06T01:01:52Z,2026-10-06 01:01:25,SPXW,2026-10-07,C,8020.0,7773.9502,0.05,76.0,0.15,104.0,0.15,100.0,0.0,0.1613,0.0038,0.0001,-0.095,0.0738,0.0008
2026-10-06T01:01:52Z,2026-10-06 01:01:25,SPXW,2026-10-07,P,8020.0,7773.9502,226.0,2.0,250.0,2.0,0.0,0.0,0.0,0.0,-0.9962,0.0001,-0.0952,0.0741,-0.2188
2026-10-06T01:01:52Z,2026-10-06 01:01:25,SPXW,2026-10-07,C,8025.0,7773.9502,0.05,76.0,0.15,113.0,0.15,2.0,357.0,0.1641,0.0037,0.0001,-0.0932,0.0716,0.0008
2026-10-06T01:01:52Z,2026-10-06 01:01:25,SPXW,2026-10-07,P,8025.0,7773.9502,231.0,2.0,255.0,2.0,306.83,0.0,4.0,0.0,-0.9963,0.0001,-0.0933,0.0717,-0.2189
2026-10-06T01:01:52Z,2026-10-06 01:01:25,SPXW,2026-10-07,C,8030.0,7773.9502,0.05,24.0,0.15,114.0,0.0,0.0,0.0,0.1673,0.0036,0.0001,-0.0913,0.0693,0.0007
2026-10-06T01:01:52Z,2026-10-06 01:01:25,SPXW,2026-10-07,P,8030.0,7773.9502,236.0,2.0,260.0,2.0,0.0,0.0,0.0,0.0,-0.9964,0.0001,-0.0914,0.0695,-0.2191
2026-10-06T01:01:52Z,2026-10-06 01:01:25,SPXW,2026-10-07,C,8050.0,7773.9502,0.05,24.0,0.15,118.0,0.1,12.0,900.0,0.1791,0.0032,0.0001,-0.0856,0.0621,0.0006
2026-10-06T01:01:52Z,2026-10-06 01:01:25,SPXW,2026-10-07,P,8050.0,7773.9502,256.0,2.0,280.0,2.0,0.0,0.0,0.0,0.0,-0.9968,0.0001,-0.0856,0.0622,-0.2197
2026-10-06T01:01:52Z,2026-10-06 01:01:25,SPXW,2026-10-07,C,8075.0,7773.9502,0.05,23.0,0.1,24.0,0.1,210.0,784.0,0.1884,0.0028,0.0001,-0.0806,0.0551,0.0006
2026-10-06T01:01:52Z,2026-10-06 01:01:25,SPXW,2026-10-07,P,8075.0,7773.9502,281.0,2.0,305.0,2.0,423.46,0.0,3.0,0.0,-0.9972,0.0001,-0.0805,0.0551,-0.2205
2026-10-06T01:01:52Z,2026-10-06 01:01:25,SPXW,2026-10-07,C,8100.0,7773.9502,0.05,22.0,0.1,26.0,0.07,4.0,128.0,0.2025,0.0025,0.0001,-0.077,0.0497,0.0005
2026-10-06T01:01:52Z,2026-10-06 01:01:25,SPXW,2026-10-07,P,8100.0,7773.9502,306.0,2.0,330.0,2.0,340.4,1.0,1.0,0.0,-0.9975,0.0001,-0.0768,0.0497,-0.2212
2026-10-06T01:01:52Z,2026-10-06 01:01:25,SPXW,2026-10-07,C,8125.0,7773.9502,0.05,22.0,0.1,28.0,0.09,1.0,73.0,0.2165,0.0023,0.0001,-0.0741,0.0453,0.0005
2026-10-06T01:01:52Z,2026-10-06 01:01:25,SPXW,2026-10-07,P,8125.0,7773.9502,331.0,2.0,355.0,2.0,454.89,0.0,2.0,0.0,-0.9977,0.0001,-0.0739,0.0453,-0.222
2026-10-06T01:01:52Z,2026-10-06 01:01:25,SPXW,2026-10-07,C,8150.0,7773.9502,0.0,0.0,0.1,29.0,0.07,2.0,18.0,0.2223,0.0021,0.0,-0.0718,0.0417,0.0004
2026-10-06T01:01:52Z,2026-10-06 01:01:25,SPXW,2026-10-07,P,8150.0,7773.9502,356.0,2.0,380.0,2.0,0.0,0.0,0.0,0.0,-0.9979,0.0,-0.0716,0.0417,-0.2227
2026-10-06T01:01:52Z,2026-10-06 01:01:25,SPXW,2026-10-07,C,8175.0,7773.9502,0.0,0.0,0.1,97.0,0.2,0.0,27.0,0.2357,0.002,0.0,-0.0698,0.0387,0.0004
2026-10-06T01:01:52Z,2026-10-06 01:01:25,SPXW,2026-10-07,P,8175.0,7773.9502,381.0,2.0,405.0,2.0,415.46,1.0,1.0,0.0,-0.998,0.0,-0.0696,0.0386,-0.2234
2026-10-06T01:01:52Z,2026-10-06 01:01:25,SPXW,2026-10-07,C,8200.0,7773.9502,0.05,0.0,0.1,105.0,0.05,1.0,19.0,0.2489,0.0018,0.0,-0.0681,0.036,0.0004
2026-10-06T01:01:52Z,2026-10-06 01:01:25,SPXW,2026-10-07,P,8200.0,7773.9502,406.0,2.0,430.0,2.0,0.0,0.0,0.0,0.0,-0.9982,0.0,-0.0678,0.0359,-0.2241
2026-10-06T01:01:52Z,2026-10-06 01:01:25,SPXW,2026-10-07,C,8225.0,7773.9502,0.0,0.0,0.1,95.0,0.2,0.0,7.0,0.2621,0.0017,0.0,-0.0665,0.0337,0.0004
2026-10-06T01:01:52Z,2026-10-06 01:01:25,SPXW,2026-10-07,P,8225.0,7773.9502,430.9,2.0,454.9,2.0,0.0,0.0,0.0,0.0,-0.9983,0.0,-0.0662,0.0336,-0.2248
2026-10-06T01:01:52Z,2026-10-06 01:01:25,SPXW,2026-10-07,C,8250.0,7773.9502,0.05,0.0,0.1,117.0,0.1,0.0,5.0,0.2751,0.0016,0.0,-0.065,0.0316,0.0003
2026-10-06T01:01:52Z,2026-10-06 01:01:25,SPXW,2026-10-07,P,8250.0,7773.9502,455.9,2.0,479.9,2.0,0.0,0.0,0.0,0.0,-0.9984,0.0,-0.0648,0.0315,-0.2255
2026-10-06T01:01:52Z,2026-10-06 01:01:25,SPXW,2026-10-07,C,8275.0,7773.9502,0.05,0.0,0.1,151.0,0.05,20.0,7.0,0.2878,0.0015,0.0,-0.0634,0.0297,0.0003
2026-10-06T01:01:52Z,2026-10-06 01:01:25,SPXW,2026-10-07,P,8275.0,7773.9502,480.9,2.0,504.9,2.0,0.0,0.0,0.0,0.0,-0.9985,0.0,-0.0634,0.0297,-0.2262
2026-10-06T01:01:52Z,2026-10-06 01:01:25,SPXW,2026-10-07,C,8300.0,7773.9502,0.05,0.0,0.1,156.0,0.05,43.0,18.0,0.3007,0.0014,0.0,-0.0621,0.028,0.0003
2026-10-06T01:01:52Z,2026-10-06 01:01:25,SPXW,2026-10-07,P,8300.0,7773.9502,505.9,2.0,529.9,2.0,0.0,0.0,0.0,0.0,-0.9986,0.0,-0.0621,0.028,-0.2269
2026-10-06T01:01:52Z,2026-10-06 01:01:25,SPXW,2026-10-07,C,8400.0,7773.9502,0.0,0.0,0.05,181.0,0.05,170.0,9.0,0.3515,0.0012,0.0,-0.0573,0.0228,0.0002
2026-10-06T01:01:52Z,2026-10-06 01:01:25,SPXW,2026-10-07,P,8400.0,7773.9502,605.9,2.0,629.9,2.0,0.0,0.0,0.0,0.0,-0.9988,0.0,-0.0573,0.0228,-0.2297
2026-10-06T01:01:52Z,2026-10-06 01:01:25,SPXW,2026-10-07,C,8500.0,7773.9502,0.0,0.0,0.05,28.0,0.05,500.0,48.0,0.3808,0.001,0.0,-0.053,0.019,0.0002
2026-10-06T01:01:52Z,2026-10-06 01:01:25,SPXW,2026-10-07,P,8500.0,7773.9502,705.9,2.0,729.9,2.0,0.0,0.0,0.0,0.0,-0.999,0.0,-0.0531,0.0189,-0.2325
2026-10-06T01:01:52Z,2026-10-06 01:01:25,SPXW,2026-10-08,C,7000.0,7773.9502,770.9,2.0,794.9,2.0,664.45,0.0,10.0,0.4926,0.998,0.0,-0.1464,0.0442,0.3824
2026-10-06T01:01:52Z,2026-10-06 01:01:25,SPXW,2026-10-08,P,7000.0,7773.9502,0.1,89.0,0.2,88.0,0.17,8.0,433.0,0.4199,-0.0019,0.0,-0.1465,0.0443,-0.0008
2026-10-06T01:01:52Z,2026-10-06 01:01:25,SPXW,2026-10-08,C,7025.0,7773.9502,746.0,2.0,770.0,2.0,0.0,0.0,1.0,0.4849,0.9979,0.0,-0.153,0.047,0.3837
2026-10-06T01:01:52Z,2026-10-06 01:01:25,SPXW,2026-10-08,P,7025.0,7773.9502,0.1,98.0,0.2,26.0,0.2,10.0,191.0,0.4069,-0.0021,0.0,-0.1531,0.0471,-0.0008
2026-10-06T01:01:52Z,2026-10-06 01:01:25,SPXW,2026-10-08,C,7050.0,7773.9502,721.0,2.0,745.0,2.0,0.0,0.0,0.0,0.4695,0.9978,0.0,-0.16,0.0501,0.385
2026-10-06T01:01:52Z,2026-10-06 01:01:25,SPXW,2026-10-08,P,7050.0,7773.9502,0.1,133.0,0.2,24.0,0.2,13.0,403.0,0.394,-0.0022,0.0,-0.1602,0.0502,-0.0009
2026-10-06T01:01:52Z,2026-10-06 01:01:25,SPXW,2026-10-08,C,7060.0,7773.9502,711.0,2.0,735.0,2.0,0.0,0.0,0.0,0.4634,0.9977,0.0,-0.163,0.0514,0.3856
2026-10-06T01:01:52Z,2026-10-06 01:01:25,SPXW,2026-10-08,P,7060.0,7773.9502,0.15,23.0,0.2,22.0,0.2,3.0,0.0,0.3944,-0.0023,0.0,-0.1632,0.0515,-0.0009
2026-10-06T01:01:52Z,2026-10-06 01:01:25,SPXW,2026-10-08,C,7070.0,7773.9502,701.0,2.0,725.0,2.0,0.0,0.0,0.0,0.4572,0.9976,0.0,-0.1661,0.0528,0.3861
2026-10-06T01:01:52Z,2026-10-06 01:01:25,SPXW,2026-10-08,P,7070.0,7773.9502,0.15,23.0,0.2,22.0,0.2,1.0,1.0,0.3892,-0.0024,0.0,-0.1662,0.0529,-0.001
2026-10-06T01:01:52Z,2026-10-06 01:01:25,SPXW,2026-10-08,C,7075.0,7773.9502,696.0,2.0,720.0,2.0,586.88,0.0,86.0,0.4542,0.9976,0.0,-0.1677,0.0535,0.3863
2026-10-06T01:01:52Z,2026-10-06 01:01:25,SPXW,2026-10-08,P,7075.0,7773.9502,0.15,24.0,0.2,22.0,0.2,24.0,463.0,0.3866,-0.0024,0.0,-0.1678,0.0536,-0.001
2026-10-06T01:01:52Z,2026-10-06 01:01:25,SPXW,2026-10-08,C,7080.0,7773.9502,691.0,2.0,715.0,2.0,0.0,0.0,0.0,0.4511,0.9976,0.0,-0.1693,0.0542,0.3866
2026-10-06T01:01:52Z,2026-10-06 01:01:25,SPXW,2026-10-08,P,7080.0,7773.9502,0.15,24.0,0.25,125.0,0.2,1.0,1.0,0.3888,-0.0024,0.0,-0.1694,0.0544,-0.001
2026-10-06T01:01:52Z,2026-10-06 01:01:25,SPXW,2026-10-08,C,7090.0,7773.9502,681.0,2.0,705.0,2.0,0.0,0.0,0.0,0.445,0.9975,0.0,-0.1725,0.0557,0.3871
2026-10-06T01:01:52Z,2026-10-06 01:01:25,SPXW,2026-10-08,P,7090.0,7773.9502,0.15,25.0,0.25,117.0,0.2,76.0,1.0,0.3836,-0.0025,0.0,-0.1727,0.0558,-0.001
2026-10-06T01:01:52Z,2026-10-06 01:01:25,SPXW,2026-10-08,C,7100.0,7773.9502,671.0,2.0,695.0,2.0,575.56,0.0,86.0,0.4388,0.9974,0.0,-0.1759,0.0573,0.3876
2026-10-06T01:01:52Z,2026-10-06 01:01:25,SPXW,2026-10-08,P,7100.0,7773.9502,0.15,25.0,0.25,87.0,0.27,4.0,282.0,0.3782,-0.0026,0.0,-0.1761,0.0574,-0.001
2026-10-06T01:01:52Z,2026-10-06 01:01:25,SPXW,2026-10-08,C,7110.0,7773.9502,661.0,2.0,685.0,2.0,0.0,0.0,0.0,0.4327,0.9974,0.0,-0.1794,0.0589,0.3881
2026-10-06T01:01:52Z,2026-10-06 01:01:25,SPXW,2026-10-08,P,7110.0,7773.9502,0.15,26.0,0.3,82.0,0.4,0.0,1.0,0.373,-0.0026,0.0,-0.1795,0.059,-0.0011
2026-10-06T01:01:52Z,2026-10-06 01:01:25,SPXW,2026-10-08,C,7120.0,7773.9502,651.0,2.0,675.0,2.0,0.0,0.0,0.0,0.4266,0.9973,0.0,-0.183,0.0606,0.3887
2026-10-06T01:01:52Z,2026-10-06 01:01:25,SPXW,2026-10-08,P,7120.0,7773.9502,0.15,82.0,0.25,80.0,0.25,2.0,0.0,0.3677,-0.0027,0.0,-0.1831,0.0607,-0.0011
2026-10-06T01:01:52Z,2026-10-06 01:01:25,SPXW,2026-10-08,C,7125.0,7773.9502,646.0,2.0,670.0,2.0,647.07,1.0,45.0,0.4236,0.9972,0.0,-0.1848,0.0615,0.3889
2026-10-06T01:01:52Z,2026-10-06 01:01:25,SPXW,2026-10-08,P,7125.0,7773.9502,0.15,82.0,0.25,79.0,0.25,23.0,299.0,0.3651,-0.0028,0.0,-0.185,0.0616,-0.0011
2026-10-06T01:01:52Z,2026-10-06 01:01:25,SPXW,2026-10-08,C,7130.0,7773.9502,641.0,2.0,665.0,2.0,0.0,0.0,0.0,0.4205,0.9972,0.0,-0.1867,0.0624,0.3892
2026-10-06T01:01:52Z,2026-10-06 01:01:25,SPXW,2026-10-08,P,7130.0,7773.9502,0.15,85.0,0.25,25.0,0.25,2.0,2.0,0.3624,-0.0028,0.0,-0.1868,0.0625,-0.0012
2026-10-06T01:01:52Z,2026-10-06 01:01:25,SPXW,2026-10-08,C,7140.0,7773.9502,631.0,2.0,655.0,2.0,0.0,0.0,0.0,0.4144,0.9971,0.0,-0.1906,0.0642,0.3897
2026-10-06T01:01:52Z,2026-10-06 01:01:25,SPXW,2026-10-08,P,7140.0,7773.9502,0.15,90.0,0.25,24.0,0.25,22.0,8.0,0.3572,-0.0029,0.0,-0.1907,0.0644,-0.0012
2026-10-06T01:01:52Z,2026-10-06 01:01:25,SPXW,2026-10-08,C,7150.0,7773.9502,621.0,2.0,645.0,2.0,550.25,0.0,4.0,0.4083,0.997,0.0,-0.1946,0.0662,0.3902
2026-10-06T01:01:52Z,2026-10-06 01:01:25,SPXW,2026-10-08,P,7150.0,7773.9502,0.15,94.0,0.25,22.0,0.25,21.0,353.0,0.3519,-0.003,0.0,-0.1947,0.0663,-0.0012
2026-10-06T01:01:52Z,2026-10-06 01:01:25,SPXW,2026-10-08,C,7160.0,7773.9502,611.0,2.0,635.0,2.0,0.0,0.0,0.0,0.4022,0.9969,0.0,-0.1987,0.0682,0.3907
2026-10-06T01:01:52Z,2026-10-06 01:01:25,SPXW,2026-10-08,P,7160.0,7773.9502,0.15,99.0,0.25,21.0,0.25,31.0,0.0,0.3466,-0.0031,0.0,-0.1988,0.0683,-0.0013
2026-10-06T01:01:52Z,2026-10-06 01:01:25,SPXW,2026-10-08,C,7170.0,7773.9502,601.0,2.0,625.0,2.0,0.0,0.0,0.0,0.3961,0.9968,0.0,-0.203,0.0703,0.3912
2026-10-06T01:01:52Z,2026-10-06 01:01:25,SPXW,2026-10-08,P,7170.0,7773.9502,0.2,22.0,0.25,21.0,0.3,15.0,0.0,0.3453,-0.0032,0.0,-0.2031,0.0704,-0.0013
2026-10-06T01:01:52Z,2026-10-06 01:01:25,SPXW,2026-10-08,C,7175.0,7773.9502,596.0,2.0,620.0,2.0,0.0,0.0,0.0,0.393,0.9968,0.0,-0.2052,0.0714,0.3914
2026-10-06T01:01:52Z,2026-10-06 01:01:25,SPXW,2026-10-08,P,7175.0,7773.9502,0.2,22.0,0.3,118.0,0.25,5.0,285.0,0.3463,-0.0032,0.0,-0.2053,0.0715,-0.0013
2026-10-06T01:01:52Z,2026-10-06 01:01:25,SPXW,2026-10-08,C,7180.0,7773.9502,591.0,2.0,615.0,2.0,0.0,0.0,0.0,0.39,0.9967,0.0,-0.2075,0.0725,0.3917
2026-10-06T01:01:52Z,2026-10-06 01:01:25,SPXW,2026-10-08,P,7180.0,7773.9502,0.2,22.0,0.3,113.0,0.4,0.0,1.0,0.3436,-0.0033,0.0,-0.2076,0.0726,-0.0014
2026-10-06T01:01:52Z,2026-10-06 01:01:25,SPXW,2026-10-08,C,7190.0,7773.9502,581.1,2.0,605.1,2.0,0.0,0.0,0.0,0.3898,0.9966,0.0,-0.2121,0.0748,0.3922
2026-10-06T01:01:52Z,2026-10-06 01:01:25,SPXW,2026-10-08,P,7190.0,7773.9502,0.2,23.0,0.3,105.0,0.25,2.0,0.0,0.3383,-0.0034,0.0,-0.2122,0.0749,-0.0014
2026-10-06T01:01:52Z,2026-10-06 01:01:25,SPXW,2026-10-08,C,7200.0,7773.9502,571.1,2.0,595.1,2.0,440.42,0.0,20.0,0.3836,0.9965,0.0,-0.217,0.0772,0.3927
2026-10-06T01:01:52Z,2026-10-06 01:01:25,SPXW,2026-10-08,P,7200.0,7773.9502,0.2,24.0,0.3,103.0,0.25,263.0,175.0,0.3329,-0.0035,0.0,-0.217,0.0773,-0.0015
2026-10-06T01:01:52Z,2026-10-06 01:01:25,SPXW,2026-10-08,C,7210.0,7773.9502,561.1,2.0,585.1,2.0,0.0,0.0,0.0,0.3775,0.9963,0.0,-0.222,0.0797,0.3932
2026-10-06T01:01:52Z,2026-10-06 01:01:25,SPXW,2026-10-08,P,7210.0,7773.9502,0.2,25.0,0.3,100.0,0.3,3.0,11.0,0.3276,-0.0037,0.0,-0.2221,0.0798,-0.0015
2026-10-06T01:01:52Z,2026-10-06 01:01:25,SPXW,2026-10-08,C,7215.0,7773.9502,556.1,2.0,580.1,2.0,0.0,0.0,0.0,0.3744,0.9963,0.0,-0.2247,0.081,0.3934
2026-10-06T01:01:52Z,2026-10-06 01:01:25,SPXW,2026-10-08,P,7215.0,7773.9502,0.2,76.0,0.3,48.0,0.3,2.0,0.0,0.3249,-0.0037,0.0,-0.2247,0.0811,-0.0015
2026-10-06T01:01:52Z,2026-10-06 01:01:25,SPXW,2026-10-08,C,7220.0,7773.9502,551.1,2.0,575.1,2.0,0.0,0.0,0.0,0.3713,0.9962,0.0,-0.2273,0.0823,0.3937
2026-10-06T01:01:52Z,2026-10-06 01:01:25,SPXW,2026-10-08,P,7220.0,7773.9502,0.2,80.0,0.3,22.0,0.3,3.0,323.0,0.3222,-0.0038,0.0,-0.2274,0.0825,-0.0016
2026-10-06T01:01:52Z,2026-10-06 01:01:25,SPXW,2026-10-08,C,7225.0,7773.9502,546.1,2.0,570.1,2.0,0.0,0.0,0.0,0.3683,0.9961,0.0,-0.2301,0.0837,0.3939
2026-10-06T01:01:52Z,2026-10-06 01:01:25,SPXW,2026-10-08,P,7225.0,7773.9502,0.2,84.0,0.3,22.0,0.3,5.0,2896.0,0.3195,-0.0039,0.0,-0.2301,0.0838,-0.0016
2026-10-06T01:01:52Z,2026-10-06 01:01:25,SPXW,2026-10-08,C,7230.0,7773.9502,541.1,2.0,565.1,2.0,0.0,0.0,0.0,0.3652,0.9961,0.0,-0.2328,0.0851,0.3942
2026-10-06T01:01:52Z,2026-10-06 01:01:25,SPXW,2026-10-08,P,7230.0,7773.9502,0.2,86.0,0.3,21.0,0.3,1.0,165.0,0.3168,-0.0039,0.0,-0.2328,0.0852,-0.0016
2026-10-06T01:01:52Z,2026-10-06 01:01:25,SPXW,2026-10-08,C,7235.0,7773.9502,536.1,2.0,560.1,2.0,0.0,0.0,0.0,0.3621,0.996,0.0,-0.2357,0.0865,0.3944
2026-10-06T01:01:52Z,2026-10-06 01:01:25,SPXW,2026-10-08,P,7235.0,7773.9502,0.2,90.0,0.3,20.0,0.45,1.0,1.0,0.3142,-0.004,0.0,-0.2362,0.0867,-0.0016
2026-10-06T01:01:52Z,2026-10-06 01:01:25,SPXW,2026-10-08,C,7240.0,7773.9502,531.1,2.0,555.1,2.0,0.0,0.0,0.0,0.359,0.9959,0.0001,-0.2386,0.088,0.3947
2026-10-06T01:01:52Z,2026-10-06 01:01:25,SPXW,2026-10-08,P,7240.0,7773.9502,0.2,92.0,0.3,20.0,0.5,0.0,35.0,0.3119,-0.0041,0.0001,-0.2386,0.088,-0.0017
2026-10-06T01:01:52Z,2026-10-06 01:01:25,SPXW,2026-10-08,C,7245.0,7773.9502,526.1,2.0,550.1,2.0,0.0,0.0,0.0,0.356,0.9958,0.0001,-0.2416,0.0895,0.3949
2026-10-06T01:01:52Z,2026-10-06 01:01:25,SPXW,2026-10-08,P,7245.0,7773.9502,0.25,20.0,0.3,20.0,0.3,3.0,2.0,0.3123,-0.0042,0.0001,-0.2416,0.0895,-0.0017
2026-10-06T01:01:52Z,2026-10-06 01:01:25,SPXW,2026-10-08,C,7250.0,7773.9502,521.1,2.0,545.1,2.0,394.29,0.0,20.0,0.3529,0.9958,0.0001,-0.2446,0.091,0.3952
2026-10-06T01:01:52Z,2026-10-06 01:01:25,SPXW,2026-10-08,P,7250.0,7773.9502,0.25,21.0,0.35,108.0,0.32,45.0,316.0,0.3124,-0.0042,0.0001,-0.2446,0.091,-0.0017
2026-10-06T01:01:52Z,2026-10-06 01:01:25,SPXW,2026-10-08,C,7255.0,7773.9502,516.1,2.0,540.1,2.0,0.0,0.0,0.0,0.3498,0.9957,0.0001,-0.2478,0.0926,0.3954
2026-10-06T01:01:52Z,2026-10-06 01:01:25,SPXW,2026-10-08,P,7255.0,7773.9502,0.25,21.0,0.35,105.0,0.45,2.0,3.0,0.3097,-0.0043,0.0001,-0.2478,0.0926,-0.0018
2026-10-06T01:01:52Z,2026-10-06 01:01:25,SPXW,2026-10-08,C,7260.0,7773.9502,511.1,2.0,535.1,2.0,0.0,0.0,0.0,0.3467,0.9956,0.0001,-0.2509,0.0942,0.3956
2026-10-06T01:01:52Z,2026-10-06 01:01:25,SPXW,2026-10-08,P,7260.0,7773.9502,0.25,22.0,0.35,101.0,0.65,0.0,113.0,0.307,-0.0044,0.0001,-0.2509,0.0942,-0.0018
2026-10-06T01:01:52Z,2026-10-06 01:01:25,SPXW,2026-10-08,C,7265.0,7773.9502,506.1,2.0,530.1,2.0,0.0,0.0,0.0,0.3437,0.9955,0.0001,-0.2542,0.0959,0.3959
2026-10-06T01:01:52Z,2026-10-06 01:01:25,SPXW,2026-10-08,P,7265.0,7773.9502,0.25,22.0,0.35,100.0,0.7,0.0,1.0,0.3043,-0.0045,0.0001,-0.2542,0.0959,-0.0018
2026-10-06T01:01:52Z,2026-10-06 01:01:25,SPXW,2026-10-08,C,7270.0,7773.9502,501.1,2.0,525.1,2.0,0.0,0.0,0.0,0.3406,0.9954,0.0001,-0.2576,0.0977,0.3961
2026-10-06T01:01:52Z,2026-10-06 01:01:25,SPXW,2026-10-08,P,7270.0,7773.9502,0.25,23.0,0.35,98.0,0.35,3.0,145.0,0.3015,-0.0046,0.0001,-0.2576,0.0977,-0.0019
2026-10-06T01:01:52Z,2026-10-06 01:01:25,SPXW,2026-10-08,C,7275.0,7773.9502,496.1,2.0,520.1,2.0,0.0,0.0,0.0,0.3375,0.9953,0.0001,-0.261,0.0995,0.3963
2026-10-06T01:01:52Z,2026-10-06 01:01:25,SPXW,2026-10-08,P,7275.0,7773.9502,0.25,23.0,0.35,97.0,0.35,7.0,357.0,0.2988,-0.0047,0.0001,-0.261,0.0995,-0.0019
2026-10-06T01:01:52Z,2026-10-06 01:01:25,SPXW,2026-10-08,C,7280.0,7773.9502,491.1,2.0,515.1,2.0,0.0,0.0,0.0,0.3344,0.9952,0.0001,-0.2645,0.1013,0.3966
2026-10-06T01:01:52Z,2026-10-06 01:01:25,SPXW,2026-10-08,P,7280.0,7773.9502,0.25,24.0,0.35,47.0,0.35,1.0,120.0,0.296,-0.0048,0.0001,-0.2646,0.1014,-0.002
2026-10-06T01:01:52Z,2026-10-06 01:01:25,SPXW,2026-10-08,C,7285.0,7773.9502,486.1,2.0,510.1,2.0,0.0,0.0,0.0,0.3314,0.9951,0.0001,-0.2681,0.1032,0.3968
2026-10-06T01:01:52Z,2026-10-06 01:01:25,SPXW,2026-10-08,P,7285.0,7773.9502,0.25,76.0,0.35,46.0,0.35,2.0,1.0,0.2933,-0.0048,0.0001,-0.2682,0.1033,-0.002
2026-10-06T01:01:52Z,2026-10-06 01:01:25,SPXW,2026-10-08,C,7290.0,7773.9502,481.1,2.0,505.1,2.0,0.0,0.0,0.0,0.3283,0.995,0.0001,-0.2718,0.1052,0.397
2026-10-06T01:01:52Z,2026-10-06 01:01:25,SPXW,2026-10-08,P,7290.0,7773.9502,0.25,78.0,0.35,20.0,0.35,5.0,249.0,0.2905,-0.005,0.0001,-0.2719,0.1052,-0.002
2026-10-06T01:01:52Z,2026-10-06 01:01:25,SPXW,2026-10-08,C,7295.0,7773.9502,476.1,2.0,500.1,2.0,0.0,0.0,0.0,0.3252,0.9949,0.0001,-0.2756,0.1072,0.3973
2026-10-06T01:01:52Z,2026-10-06 01:01:25,SPXW,2026-10-08,P,7295.0,7773.9502,0.25,81.0,0.35,19.0,0.3,42.0,45.0,0.2878,-0.005,0.0001,-0.2757,0.1072,-0.0021
2026-10-06T01:01:52Z,2026-10-06 01:01:25,SPXW,2026-10-08,C,7300.0,7773.9502,471.1,2.0,495.1,2.0,0.0,0.0,0.0,0.3221,0.9948,0.0001,-0.2794,0.1092,0.3975
2026-10-06T01:01:52Z,2026-10-06 01:01:25,SPXW,2026-10-08,P,7300.0,7773.9502,0.25,85.0,0.35,19.0,0.3,85.0,449.0,0.2851,-0.0052,0.0001,-0.2796,0.1093,-0.0021
2026-10-06T01:01:52Z,2026-10-06 01:01:25,SPXW,2026-10-08,C,7305.0,7773.9502,466.2,2.0,490.2,2.0,0.0,0.0,0.0,0.3239,0.9947,0.0001,-0.2834,0.1114,0.3977
2026-10-06T01:01:52Z,2026-10-06 01:01:25,SPXW,2026-10-08,P,7305.0,7773.9502,0.3,18.0,0.35,19.0,0.3,50.0,2.0,0.2848,-0.0053,0.0001,-0.2835,0.1114,-0.0022
2026-10-06T01:01:52Z,2026-10-06 01:01:25,SPXW,2026-10-08,C,7310.0,7773.9502,461.2,2.0,483.7,1.0,0.0,0.0,0.0,0.2657,0.9946,0.0001,-0.2875,0.1136,0.398
2026-10-06T01:01:52Z,2026-10-06 01:01:25,SPXW,2026-10-08,P,7310.0,7773.9502,0.3,18.0,0.4,98.0,0.7,0.0,117.0,0.2844,-0.0054,0.0001,-0.2876,0.1136,-0.0022
2026-10-06T01:01:52Z,2026-10-06 01:01:25,SPXW,2026-10-08,C,7315.0,7773.9502,456.2,2.0,478.7,1.0,0.0,0.0,0.0,0.2629,0.9945,0.0001,-0.2917,0.1158,0.3982
2026-10-06T01:01:52Z,2026-10-06 01:01:25,SPXW,2026-10-08,P,7315.0,7773.9502,0.3,21.0,0.4,94.0,0.8,0.0,1.0,0.2817,-0.0055,0.0001,-0.2919,0.1159,-0.0023
2026-10-06T01:01:52Z,2026-10-06 01:01:25,SPXW,2026-10-08,C,7320.0,7773.9502,451.2,2.0,473.8,1.0,0.0,0.0,0.0,0.2667,0.9944,0.0001,-0.2961,0.1182,0.3984
2026-10-06T01:01:52Z,2026-10-06 01:01:25,SPXW,2026-10-08,P,7320.0,7773.9502,0.3,21.0,0.4,93.0,0.72,0.0,122.0,0.2789,-0.0056,0.0001,-0.2962,0.1182,-0.0023
2026-10-06T01:01:52Z,2026-10-06 01:01:25,SPXW,2026-10-08,C,7325.0,7773.9502,446.2,2.0,468.8,1.0,0.0,0.0,0.0,0.2639,0.9942,0.0001,-0.3005,0.1205,0.3986
2026-10-06T01:01:52Z,2026-10-06 01:01:25,SPXW,2026-10-08,P,7325.0,7773.9502,0.3,22.0,0.4,92.0,0.4,23.0,208.0,0.276,-0.0058,0.0001,-0.3008,0.1207,-0.0024
2026-10-06T01:01:52Z,2026-10-06 01:01:25,SPXW,2026-10-08,C,7330.0,7773.9502,441.2,2.0,463.9,2.0,301.61,0.0,1.0,0.2666,0.9941,0.0001,-0.3051,0.123,0.3988
2026-10-06T01:01:52Z,2026-10-06 01:01:25,SPXW,2026-10-08,P,7330.0,7773.9502,0.3,23.0,0.4,45.0,0.35,1.0,144.0,0.2733,-0.0059,0.0001,-0.3054,0.1231,-0.0024
2026-10-06T01:01:52Z,2026-10-06 01:01:25,SPXW,2026-10-08,C,7335.0,7773.9502,436.2,2.0,458.8,1.0,0.0,0.0,0.0,0.2582,0.994,0.0001,-0.3098,0.1255,0.3991
2026-10-06T01:01:52Z,2026-10-06 01:01:25,SPXW,2026-10-08,P,7335.0,7773.9502,0.3,23.0,0.4,44.0,0.4,1.0,45.0,0.2705,-0.006,0.0001,-0.3101,0.1257,-0.0025
2026-10-06T01:01:52Z,2026-10-06 01:01:25,SPXW,2026-10-08,C,7340.0,7773.9502,431.2,2.0,453.8,1.0,0.0,0.0,0.0,0.2554,0.9938,0.0001,-0.3147,0.1281,0.3993
2026-10-06T01:01:52Z,2026-10-06 01:01:25,SPXW,2026-10-08,P,7340.0,7773.9502,0.3,74.0,0.4,19.0,0.58,1.0,80.0,0.2677,-0.0062,0.0001,-0.315,0.1282,-0.0025
2026-10-06T01:01:52Z,2026-10-06 01:01:25,SPXW,2026-10-08,C,7345.0,7773.9502,426.2,2.0,448.8,1.0,0.0,0.0,0.0,0.2526,0.9937,0.0001,-0.3197,0.1308,0.3995
2026-10-06T01:01:52Z,2026-10-06 01:01:25,SPXW,2026-10-08,P,7345.0,7773.9502,0.3,77.0,0.4,18.0,0.4,9.0,5.0,0.2649,-0.0063,0.0001,-0.32,0.1309,-0.0026
2026-10-06T01:01:52Z,2026-10-06 01:01:25,SPXW,2026-10-08,C,7350.0,7773.9502,421.2,2.0,443.8,1.0,372.48,0.0,1.0,0.2498,0.9936,0.0001,-0.3249,0.1335,0.3997
2026-10-06T01:01:52Z,2026-10-06 01:01:25,SPXW,2026-10-08,P,7350.0,7773.9502,0.3,82.0,0.4,18.0,0.45,5.0,438.0,0.2622,-0.0064,0.0001,-0.3252,0.1337,-0.0027
2026-10-06T01:01:52Z,2026-10-06 01:01:25,SPXW,2026-10-08,C,7355.0,7773.9502,416.2,2.0,438.8,1.0,0.0,0.0,0.0,0.247,0.9934,0.0001,-0.3302,0.1364,0.3999
2026-10-06T01:01:52Z,2026-10-06 01:01:25,SPXW,2026-10-08,P,7355.0,7773.9502,0.35,18.0,0.45,93.0,0.75,0.0,4.0,0.2634,-0.0066,0.0001,-0.3305,0.1366,-0.0027
2026-10-06T01:01:52Z,2026-10-06 01:01:25,SPXW,2026-10-08,C,7360.0,7773.9502,411.2,2.0,433.8,1.0,377.65,1.0,1.0,0.2442,0.9932,0.0001,-0.3357,0.1394,0.4001
2026-10-06T01:01:52Z,2026-10-06 01:01:25,SPXW,2026-10-08,P,7360.0,7773.9502,0.35,20.0,0.45,92.0,0.5,19.0,138.0,0.2605,-0.0068,0.0001,-0.3361,0.1396,-0.0028
2026-10-06T01:01:52Z,2026-10-06 01:01:25,SPXW,2026-10-08,C,7365.0,7773.9502,406.2,2.0,428.8,1.0,0.0,0.0,0.0,0.2414,0.9931,0.0001,-0.3414,0.1424,0.4003
2026-10-06T01:01:52Z,2026-10-06 01:01:25,SPXW,2026-10-08,P,7365.0,7773.9502,0.35,20.0,0.45,89.0,0.44,66.0,174.0,0.2577,-0.0069,0.0001,-0.3418,0.1427,-0.0029
2026-10-06T01:01:52Z,2026-10-06 01:01:25,SPXW,2026-10-08,C,7370.0,7773.9502,401.2,2.0,423.8,1.0,308.1,0.0,1.0,0.2386,0.9929,0.0001,-0.3473,0.1456,0.4005
2026-10-06T01:01:52Z,2026-10-06 01:01:25,SPXW,2026-10-08,P,7370.0,7773.9502,0.35,21.0,0.45,88.0,0.39,3.0,219.0,0.2549,-0.0071,0.0001,-0.3477,0.1458,-0.0029
2026-10-06T01:01:52Z,2026-10-06 01:01:25,SPXW,2026-10-08,C,7375.0,7773.9502,396.3,2.0,418.8,1.0,343.45,0.0,2.0,0.2411,0.9927,0.0001,-0.3533,0.1489,0.4007
2026-10-06T01:01:52Z,2026-10-06 01:01:25,SPXW,2026-10-08,P,7375.0,7773.9502,0.35,22.0,0.45,19.0,0.49,2.0,327.0,0.2523,-0.0073,0.0001,-0.3533,0.1489,-0.003
2026-10-06T01:01:52Z,2026-10-06 01:01:25,SPXW,2026-10-08,C,7380.0,7773.9502,391.3,2.0,413.8,1.0,342.56,0.0,1.0,0.2382,0.9925,0.0001,-0.3596,0.1523,0.4009
2026-10-06T01:01:52Z,2026-10-06 01:01:25,SPXW,2026-10-08,P,7380.0,7773.9502,0.35,22.0,0.45,18.0,0.49,42.0,253.0,0.2495,-0.0074,0.0001,-0.3596,0.1523,-0.0031
2026-10-06T01:01:52Z,2026-10-06 01:01:25,SPXW,2026-10-08,C,7385.0,7773.9502,386.3,2.0,408.8,1.0,351.71,1.0,1.0,0.2354,0.9923,0.0001,-0.366,0.1559,0.4011
2026-10-06T01:01:52Z,2026-10-06 01:01:25,SPXW,2026-10-08,P,7385.0,7773.9502,0.35,74.0,0.5,17.0,0.7,5.0,634.0,0.2466,-0.0076,0.0001,-0.366,0.1559,-0.0032
2026-10-06T01:01:52Z,2026-10-06 01:01:25,SPXW,2026-10-08,C,7390.0,7773.9502,381.3,2.0,403.8,1.0,0.0,0.0,0.0,0.2326,0.9921,0.0001,-0.3728,0.1596,0.4013
2026-10-06T01:01:52Z,2026-10-06 01:01:25,SPXW,2026-10-08,P,7390.0,7773.9502,0.35,103.0,0.45,17.0,0.49,114.0,295.0,0.2438,-0.0078,0.0001,-0.3728,0.1596,-0.0032
2026-10-06T01:01:52Z,2026-10-06 01:01:25,SPXW,2026-10-08,C,7395.0,7773.9502,376.3,2.0,398.8,1.0,0.0,0.0,0.0,0.2297,0.9919,0.0001,-0.3797,0.1634,0.4015
2026-10-06T01:01:52Z,2026-10-06 01:01:25,SPXW,2026-10-08,P,7395.0,7773.9502,0.4,17.0,0.5,88.0,0.57,15.0,168.0,0.2444,-0.0081,0.0001,-0.3797,0.1634,-0.0033
2026-10-06T01:01:52Z,2026-10-06 01:01:25,SPXW,2026-10-08,C,7400.0,7773.9502,371.3,2.0,393.9,1.0,259.0,0.0,4.0,0.2314,0.9917,0.0001,-0.3869,0.1674,0.4017
2026-10-06T01:01:52Z,2026-10-06 01:01:25,SPXW,2026-10-08,P,7400.0,7773.9502,0.4,19.0,0.5,87.0,0.52,122.0,1445.0,0.2416,-0.0083,0.0001,-0.3869,0.1674,-0.0034
2026-10-06T01:01:52Z,2026-10-06 01:01:25,SPXW,2026-10-08,C,7405.0,7773.9502,366.3,2.0,388.9,1.0,0.0,0.0,0.0,0.2285,0.9915,0.0001,-0.3944,0.1716,0.4019
2026-10-06T01:01:52Z,2026-10-06 01:01:25,SPXW,2026-10-08,P,7405.0,7773.9502,0.4,20.0,0.5,61.0,0.5,57.0,178.0,0.2387,-0.0085,0.0001,-0.3944,0.1716,-0.0035
2026-10-06T01:01:52Z,2026-10-06 01:01:25,SPXW,2026-10-08,C,7410.0,7773.9502,361.3,2.0,383.9,1.0,323.73,0.0,30.0,0.2256,0.9912,0.0001,-0.4021,0.1759,0.402
2026-10-06T01:01:52Z,2026-10-06 01:01:25,SPXW,2026-10-08,P,7410.0,7773.9502,0.4,21.0,0.5,17.0,0.54,60.0,219.0,0.2359,-0.0087,0.0001,-0.4021,0.1759,-0.0036
2026-10-06T01:01:52Z,2026-10-06 01:01:25,SPXW,2026-10-08,C,7415.0,7773.9502,356.3,2.0,378.9,1.0,0.0,0.0,0.0,0.2228,0.991,0.0001,-0.4102,0.1803,0.4022
2026-10-06T01:01:52Z,2026-10-06 01:01:25,SPXW,2026-10-08,P,7415.0,7773.9502,0.4,88.0,0.55,16.0,0.5,23.0,136.0,0.233,-0.009,0.0001,-0.4102,0.1803,-0.0037
2026-10-06T01:01:52Z,2026-10-06 01:01:25,SPXW,2026-10-08,C,7420.0,7773.9502,351.3,2.0,373.9,1.0,0.0,0.0,0.0,0.2199,0.9907,0.0002,-0.4186,0.185,0.4024
2026-10-06T01:01:52Z,2026-10-06 01:01:25,SPXW,2026-10-08,P,7420.0,7773.9502,0.4,88.0,0.5,16.0,0.45,329.0,177.0,0.2301,-0.0092,0.0002,-0.4186,0.185,-0.0038
2026-10-06T01:01:52Z,2026-10-06 01:01:25,SPXW,2026-10-08,C,7425.0,7773.9502,346.4,2.0,368.9,1.0,344.9,0.0,1.0,0.2209,0.9905,0.0002,-0.4273,0.1898,0.4025
2026-10-06T01:01:52Z,2026-10-06 01:01:25,SPXW,2026-10-08,P,7425.0,7773.9502,0.45,16.0,0.55,62.0,0.55,113.0,258.0,0.2303,-0.0095,0.0002,-0.4273,0.1898,-0.004
2026-10-06T01:01:52Z,2026-10-06 01:01:25,SPXW,2026-10-08,C,7430.0,7773.9502,341.4,2.0,363.9,1.0,334.5,1.0,1.0,0.218,0.9902,0.0002,-0.4364,0.1948,0.4027
2026-10-06T01:01:52Z,2026-10-06 01:01:25,SPXW,2026-10-08,P,7430.0,7773.9502,0.45,20.0,0.55,59.0,0.55,40.0,263.0,0.2274,-0.0098,0.0002,-0.4364,0.1948,-0.0041
2026-10-06T01:01:52Z,2026-10-06 01:01:25,SPXW,2026-10-08,C,7435.0,7773.9502,336.4,2.0,358.9,1.0,0.0,0.0,0.0,0.2151,0.9899,0.0002,-0.446,0.2,0.4028
2026-10-06T01:01:52Z,2026-10-06 01:01:25,SPXW,2026-10-08,P,7435.0,7773.9502,0.45,43.0,0.6,16.0,0.59,7.0,750.0,0.2245,-0.0101,0.0002,-0.446,0.2,-0.0042
2026-10-06T01:01:52Z,2026-10-06 01:01:25,SPXW,2026-10-08,C,7440.0,7773.9502,331.4,2.0,353.9,1.0,349.5,5.0,7.0,0.2122,0.9896,0.0002,-0.4559,0.2054,0.403
2026-10-06T01:01:52Z,2026-10-06 01:01:25,SPXW,2026-10-08,P,7440.0,7773.9502,0.45,45.0,0.55,16.0,0.57,35.0,216.0,0.2216,-0.0104,0.0002,-0.4559,0.2054,-0.0043
2026-10-06T01:01:52Z,2026-10-06 01:01:25,SPXW,2026-10-08,C,7445.0,7773.9502,326.4,2.0,348.9,1.0,247.0,0.0,1.0,0.2094,0.9892,0.0002,-0.4663,0.2111,0.4031
2026-10-06T01:01:52Z,2026-10-06 01:01:25,SPXW,2026-10-08,P,7445.0,7773.9502,0.45,86.0,0.6,58.0,0.6,20.0,1659.0,0.22,-0.0107,0.0002,-0.4663,0.2111,-0.0045
2026-10-06T01:01:52Z,2026-10-06 01:01:25,SPXW,2026-10-08,C,7450.0,7773.9502,321.4,2.0,344.0,1.0,226.91,0.0,28.0,0.2098,0.9889,0.0002,-0.4771,0.217,0.4032
2026-10-06T01:01:52Z,2026-10-06 01:01:25,SPXW,2026-10-08,P,7450.0,7773.9502,0.5,16.0,0.6,57.0,0.55,241.0,1843.0,0.2183,-0.0111,0.0002,-0.4774,0.2171,-0.0046
2026-10-06T01:01:52Z,2026-10-06 01:01:25,SPXW,2026-10-08,C,7455.0,7773.9502,316.4,2.0,339.0,1.0,0.0,0.0,0.0,0.2069,0.9885,0.0002,-0.4885,0.2232,0.4034
2026-10-06T01:01:52Z,2026-10-06 01:01:25,SPXW,2026-10-08,P,7455.0,7773.9502,0.5,43.0,0.65,16.0,0.6,38.0,131.0,0.2154,-0.0115,0.0002,-0.4888,0.2234,-0.0048
2026-10-06T01:01:52Z,2026-10-06 01:01:25,SPXW,2026-10-08,C,7460.0,7773.9502,311.5,2.0,334.0,1.0,304.42,2.0,4.0,0.207,0.9881,0.0002,-0.5004,0.2297,0.4035
2026-10-06T01:01:52Z,2026-10-06 01:01:25,SPXW,2026-10-08,P,7460.0,7773.9502,0.5,44.0,0.6,16.0,0.62,25.0,217.0,0.2125,-0.0119,0.0002,-0.5008,0.2299,-0.0049
2026-10-06T01:01:52Z,2026-10-06 01:01:25,SPXW,2026-10-08,C,7465.0,7773.9502,306.5,2.0,329.0,1.0,0.0,0.0,0.0,0.204,0.9877,0.0002,-0.5129,0.2365,0.4036
2026-10-06T01:01:52Z,2026-10-06 01:01:25,SPXW,2026-10-08,P,7465.0,7773.9502,0.5,83.0,0.65,57.0,0.6,73.0,802.0,0.2119,-0.0123,0.0002,-0.5132,0.2367,-0.0051
2026-10-06T01:01:52Z,2026-10-06 01:01:25,SPXW,2026-10-08,C,7470.0,7773.9502,301.5,2.0,324.0,1.0,221.17,0.0,50.0,0.2011,0.9873,0.0002,-0.526,0.2437,0.4037
2026-10-06T01:01:52Z,2026-10-06 01:01:25,SPXW,2026-10-08,P,7470.0,7773.9502,0.55,48.0,0.65,21.0,0.65,19.0,295.0,0.209,-0.0127,0.0002,-0.5264,0.2439,-0.0053
2026-10-06T01:01:52Z,2026-10-06 01:01:25,SPXW,2026-10-08,C,7475.0,7773.9502,296.5,2.0,319.0,1.0,268.51,0.0,5.0,0.1981,0.9869,0.0002,-0.5398,0.2513,0.4038
2026-10-06T01:01:52Z,2026-10-06 01:01:25,SPXW,2026-10-08,P,7475.0,7773.9502,0.55,47.0,0.65,22.0,0.6,96.0,200.0,0.206,-0.0132,0.0002,-0.5402,0.2515,-0.0055
2026-10-06T01:01:52Z,2026-10-06 01:01:25,SPXW,2026-10-08,C,7480.0,7773.9502,291.5,2.0,314.1,1.0,208.03,0.0,53.0,0.1979,0.9864,0.0002,-0.5543,0.2592,0.4038
2026-10-06T01:01:52Z,2026-10-06 01:01:25,SPXW,2026-10-08,P,7480.0,7773.9502,0.55,81.0,0.7,57.0,0.65,83.0,155.0,0.2041,-0.0136,0.0002,-0.5547,0.2595,-0.0057
2026-10-06T01:01:52Z,2026-10-06 01:01:25,SPXW,2026-10-08,C,7485.0,7773.9502,286.6,2.0,309.1,1.0,288.04,1.0,0.0,0.1974,0.9859,0.0003,-0.5696,0.2676,0.4039
2026-10-06T01:01:52Z,2026-10-06 01:01:25,SPXW,2026-10-08,P,7485.0,7773.9502,0.6,45.0,0.7,23.0,0.7,12.0,69.0,0.2022,-0.0141,0.0003,-0.57,0.2678,-0.0059
2026-10-06T01:01:52Z,2026-10-06 01:01:25,SPXW,2026-10-08,C,7490.0,7773.9502,281.6,2.0,304.1,1.0,263.53,0.0,14.0,0.1944,0.9853,0.0003,-0.5857,0.2763,0.4039
2026-10-06T01:01:52Z,2026-10-06 01:01:25,SPXW,2026-10-08,P,7490.0,7773.9502,0.6,45.0,0.7,21.0,0.7,84.0,176.0,0.1992,-0.0147,0.0003,-0.5861,0.2766,-0.0061
2026-10-06T01:01:52Z,2026-10-06 01:01:25,SPXW,2026-10-08,C,7495.0,7773.9502,276.6,2.0,299.1,1.0,0.0,0.0,0.0,0.1914,0.9848,0.0003,-0.6027,0.2855,0.404
2026-10-06T01:01:52Z,2026-10-06 01:01:25,SPXW,2026-10-08,P,7495.0,7773.9502,0.65,37.0,0.75,15.0,0.74,90.0,151.0,0.1982,-0.0152,0.0003,-0.6032,0.2858,-0.0063
2026-10-06T01:01:52Z,2026-10-06 01:01:25,SPXW,2026-10-08,C,7500.0,7773.9502,271.6,2.0,294.1,1.0,273.74,1.0,4.0,0.1884,0.9842,0.0003,-0.6207,0.2951,0.404
2026-10-06T01:01:52Z,2026-10-06 01:01:25,SPXW,2026-10-08,P,7500.0,7773.9502,0.65,44.0,0.75,21.0,0.75,417.0,1110.0,0.1953,-0.0158,0.0003,-0.6207,0.2951,-0.0066
2026-10-06T01:01:52Z,2026-10-06 01:01:25,SPXW,2026-10-08,C,7505.0,7773.9502,266.7,2.0,289.2,1.0,0.0,0.0,0.0,0.1897,0.9835,0.0003,-0.6398,0.3052,0.404
2026-10-06T01:01:52Z,2026-10-06 01:01:25,SPXW,2026-10-08,P,7505.0,7773.9502,0.7,41.0,0.8,20.0,0.75,35.0,61.0,0.1941,-0.0165,0.0003,-0.6398,0.3052,-0.0069
2026-10-06T01:01:52Z,2026-10-06 01:01:25,SPXW,2026-10-08,C,7510.0,7773.9502,261.7,2.0,284.1,1.0,263.79,15.0,46.0,0.1845,0.9828,0.0003,-0.66,0.3159,0.404
2026-10-06T01:01:52Z,2026-10-06 01:01:25,SPXW,2026-10-08,P,7510.0,7773.9502,0.7,38.0,0.8,14.0,0.8,83.0,210.0,0.191,-0.0172,0.0003,-0.66,0.3159,-0.0072
2026-10-06T01:01:52Z,2026-10-06 01:01:25,SPXW,2026-10-08,C,7515.0,7773.9502,256.7,2.0,279.2,1.0,263.56,1.0,1.0,0.1836,0.9821,0.0003,-0.6814,0.3272,0.4039
2026-10-06T01:01:52Z,2026-10-06 01:01:25,SPXW,2026-10-08,P,7515.0,7773.9502,0.75,37.0,0.85,14.0,0.8,395.0,381.0,0.1897,-0.0179,0.0003,-0.6814,0.3272,-0.0075
2026-10-06T01:01:52Z,2026-10-06 01:01:25,SPXW,2026-10-08,C,7520.0,7773.9502,251.8,2.0,274.3,1.0,183.64,0.0,5.0,0.1843,0.9813,0.0004,-0.7042,0.3392,0.4039
2026-10-06T01:01:52Z,2026-10-06 01:01:25,SPXW,2026-10-08,P,7520.0,7773.9502,0.75,41.0,0.85,19.0,0.85,76.0,87.0,0.1866,-0.0187,0.0004,-0.7042,0.3392,-0.0078
2026-10-06T01:01:52Z,2026-10-06 01:01:25,SPXW,2026-10-08,C,7525.0,7773.9502,257.9,3.0,258.9,3.0,252.1,6.0,10.0,0.1829,0.9805,0.0004,-0.7283,0.3519,0.4038
2026-10-06T01:01:52Z,2026-10-06 01:01:25,SPXW,2026-10-08,P,7525.0,7773.9502,0.8,40.0,0.9,20.0,0.9,216.0,346.0,0.1852,-0.0195,0.0004,-0.7283,0.3519,-0.0081
2026-10-06T01:01:52Z,2026-10-06 01:01:25,SPXW,2026-10-08,C,7530.0,7773.9502,252.9,3.0,253.9,3.0,246.1,9.0,9.0,0.1814,0.9796,0.0004,-0.754,0.3654,0.4037
2026-10-06T01:01:52Z,2026-10-06 01:01:25,SPXW,2026-10-08,P,7530.0,7773.9502,0.85,24.0,0.95,19.0,1.0,285.0,226.0,0.1836,-0.0204,0.0004,-0.754,0.3654,-0.0085
2026-10-06T01:01:52Z,2026-10-06 01:01:25,SPXW,2026-10-08,C,7535.0,7773.9502,247.8,2.0,249.1,3.0,244.3,8.0,7.0,0.1798,0.9787,0.0004,-0.7813,0.3797,0.4036
2026-10-06T01:01:52Z,2026-10-06 01:01:25,SPXW,2026-10-08,P,7535.0,7773.9502,0.85,40.0,0.95,14.0,1.05,55.0,131.0,0.1812,-0.0213,0.0004,-0.7813,0.3797,-0.0089
2026-10-06T01:01:52Z,2026-10-06 01:01:25,SPXW,2026-10-08,C,7540.0,7773.9502,242.8,2.0,244.1,3.0,238.5,1.0,9.0,0.1766,0.9776,0.0004,-0.8104,0.3949,0.4034
2026-10-06T01:01:52Z,2026-10-06 01:01:25,SPXW,2026-10-08,P,7540.0,7773.9502,0.9,37.0,1.0,16.0,1.03,575.0,464.0,0.1788,-0.0223,0.0004,-0.8104,0.3949,-0.0093
2026-10-06T01:01:52Z,2026-10-06 01:01:25,SPXW,2026-10-08,C,7545.0,7773.9502,226.9,2.0,249.5,2.0,192.33,0.0,19.0,0.1734,0.9766,0.0004,-0.8414,0.4109,0.4032
2026-10-06T01:01:52Z,2026-10-06 01:01:25,SPXW,2026-10-08,P,7545.0,7773.9502,0.95,37.0,1.05,17.0,1.2,40.0,134.0,0.177,-0.0234,0.0004,-0.8414,0.4109,-0.0098
2026-10-06T01:01:52Z,2026-10-06 01:01:25,SPXW,2026-10-08,C,7550.0,7773.9502,222.0,2.0,244.5,1.0,209.14,14.0,22.0,0.1717,0.9754,0.0005,-0.8744,0.4278,0.403
2026-10-06T01:01:52Z,2026-10-06 01:01:25,SPXW,2026-10-08,P,7550.0,7773.9502,1.0,37.0,1.1,17.0,1.2,218.0,381.0,0.1752,-0.0246,0.0005,-0.8744,0.4278,-0.0103
2026-10-06T01:01:52Z,2026-10-06 01:01:25,SPXW,2026-10-08,C,7555.0,7773.9502,217.0,2.0,239.6,2.0,188.93,7.0,11.0,0.1699,0.9741,0.0005,-0.9098,0.4456,0.4028
2026-10-06T01:01:52Z,2026-10-06 01:01:25,SPXW,2026-10-08,P,7555.0,7773.9502,1.05,37.0,1.15,17.0,1.25,125.0,87.0,0.1732,-0.0259,0.0005,-0.9098,0.4456,-0.0108
2026-10-06T01:01:52Z,2026-10-06 01:01:25,SPXW,2026-10-08,C,7560.0,7773.9502,212.1,2.0,234.6,1.0,184.08,8.0,35.0,0.168,0.9728,0.0005,-0.9475,0.4645,0.4025
2026-10-06T01:01:52Z,2026-10-06 01:01:25,SPXW,2026-10-08,P,7560.0,7773.9502,1.1,36.0,1.2,16.0,1.23,167.0,151.0,0.1712,-0.0272,0.0005,-0.9475,0.4645,-0.0114
2026-10-06T01:01:52Z,2026-10-06 01:01:25,SPXW,2026-10-08,C,7565.0,7773.9502,207.2,2.0,229.7,1.0,181.86,0.0,5.0,0.1672,0.9713,0.0006,-0.9878,0.4847,0.4021
2026-10-06T01:01:52Z,2026-10-06 01:01:25,SPXW,2026-10-08,P,7565.0,7773.9502,1.15,33.0,1.25,15.0,1.34,328.0,81.0,0.1691,-0.0287,0.0006,-0.9878,0.4847,-0.012
2026-10-06T01:01:52Z,2026-10-06 01:01:25,SPXW,2026-10-08,C,7570.0,7773.9502,202.2,2.0,224.7,1.0,186.43,0.0,24.0,0.1639,0.9697,0.0006,-1.0308,0.5063,0.4017
2026-10-06T01:01:52Z,2026-10-06 01:01:25,SPXW,2026-10-08,P,7570.0,7773.9502,1.2,36.0,1.35,14.0,1.35,981.0,321.0,0.1675,-0.0303,0.0006,-1.0308,0.5063,-0.0127
2026-10-06T01:01:52Z,2026-10-06 01:01:25,SPXW,2026-10-08,C,7575.0,7773.9502,199.3,2.0,217.8,1.0,176.53,0.0,10.0,0.1629,0.968,0.0006,-1.0768,0.5293,0.4013
2026-10-06T01:01:52Z,2026-10-06 01:01:25,SPXW,2026-10-08,P,7575.0,7773.9502,1.3,14.0,1.4,14.0,1.46,1021.0,282.0,0.1657,-0.032,0.0006,-1.0768,0.5293,-0.0134
2026-10-06T01:01:52Z,2026-10-06 01:01:25,SPXW,2026-10-08,C,7580.0,7773.9502,194.4,2.0,212.9,2.0,96.95,0.0,5.0,0.1617,0.9662,0.0007,-1.1259,0.5537,0.4008
2026-10-06T01:01:52Z,2026-10-06 01:01:25,SPXW,2026-10-08,P,7580.0,7773.9502,1.35,32.0,1.5,14.0,1.5,236.0,627.0,0.1639,-0.0338,0.0007,-1.1259,0.5537,-0.0142
2026-10-06T01:01:52Z,2026-10-06 01:01:25,SPXW,2026-10-08,C,7585.0,7773.9502,189.4,2.0,207.9,1.0,103.4,0.0,18.0,0.1583,0.9642,0.0007,-1.1783,0.5795,0.4002
2026-10-06T01:01:52Z,2026-10-06 01:01:25,SPXW,2026-10-08,P,7585.0,7773.9502,1.45,13.0,1.55,13.0,1.7,169.0,111.0,0.162,-0.0358,0.0007,-1.1783,0.5795,-0.015
2026-10-06T01:01:52Z,2026-10-06 01:01:25,SPXW,2026-10-08,C,7590.0,7773.9502,184.5,2.0,203.1,2.0,154.05,0.0,19.0,0.1579,0.9621,0.0008,-1.2344,0.6066,0.3996
2026-10-06T01:01:52Z,2026-10-06 01:01:25,SPXW,2026-10-08,P,7590.0,7773.9502,1.55,2.0,1.65,13.0,1.75,154.0,420.0,0.1604,-0.0379,0.0008,-1.2344,0.6066,-0.0159
2026-10-06T01:01:52Z,2026-10-06 01:01:25,SPXW,2026-10-08,C,7595.0,7773.9502,179.6,2.0,198.1,1.0,136.63,0.0,14.0,0.1554,0.9598,0.0008,-1.2944,0.6354,0.3989
2026-10-06T01:01:52Z,2026-10-06 01:01:25,SPXW,2026-10-08,P,7595.0,7773.9502,1.65,11.0,1.75,13.0,1.8,756.0,158.0,0.1587,-0.0402,0.0008,-1.2944,0.6354,-0.0169
2026-10-06T01:01:52Z,2026-10-06 01:01:25,SPXW,2026-10-08,C,7600.0,7773.9502,183.7,2.0,184.9,3.0,172.71,4.0,50.0,0.1563,0.9573,0.0008,-1.3585,0.6661,0.3981
2026-10-06T01:01:52Z,2026-10-06 01:01:25,SPXW,2026-10-08,P,7600.0,7773.9502,1.75,11.0,1.85,10.0,1.98,1876.0,1070.0,0.1569,-0.0427,0.0008,-1.3585,0.6661,-0.0179
2026-10-06T01:01:52Z,2026-10-06 01:01:25,SPXW,2026-10-08,C,7605.0,7773.9502,169.8,2.0,188.4,2.0,167.88,14.0,26.0,0.1527,0.9546,0.0009,-1.4268,0.6988,0.3973
2026-10-06T01:01:52Z,2026-10-06 01:01:25,SPXW,2026-10-08,P,7605.0,7773.9502,1.85,19.0,1.95,11.0,2.13,376.0,104.0,0.1549,-0.0454,0.0009,-1.4268,0.6988,-0.0191
2026-10-06T01:01:52Z,2026-10-06 01:01:25,SPXW,2026-10-08,C,7610.0,7773.9502,165.0,2.0,183.4,1.0,133.38,0.0,76.0,0.1507,0.9517,0.001,-1.4996,0.7337,0.3963
2026-10-06T01:01:52Z,2026-10-06 01:01:25,SPXW,2026-10-08,P,7610.0,7773.9502,2.0,9.0,2.1,10.0,2.25,137.0,448.0,0.1536,-0.0483,0.001,-1.4996,0.7337,-0.0203
2026-10-06T01:01:52Z,2026-10-06 01:01:25,SPXW,2026-10-08,C,7615.0,7773.9502,160.1,2.0,178.5,1.0,117.16,0.0,29.0,0.1487,0.9485,0.001,-1.5773,0.7705,0.3952
2026-10-06T01:01:52Z,2026-10-06 01:01:25,SPXW,2026-10-08,P,7615.0,7773.9502,2.1,20.0,2.25,20.0,2.45,325.0,577.0,0.1522,-0.0515,0.001,-1.5773,0.7705,-0.0216
2026-10-06T01:01:52Z,2026-10-06 01:01:25,SPXW,2026-10-08,C,7620.0,7773.9502,155.2,2.0,173.7,1.0,163.44,5.0,95.0,0.1472,0.9451,0.0011,-1.6601,0.8091,0.394
2026-10-06T01:01:52Z,2026-10-06 01:01:25,SPXW,2026-10-08,P,7620.0,7773.9502,2.25,17.0,2.4,18.0,2.52,143.0,378.0,0.1502,-0.0549,0.0011,-1.6601,0.8091,-0.0231
2026-10-06T01:01:52Z,2026-10-06 01:01:25,SPXW,2026-10-08,C,7625.0,7773.9502,150.4,2.0,168.9,1.0,132.32,0.0,180.0,0.1462,0.9414,0.0012,-1.7482,0.8498,0.3927
2026-10-06T01:01:52Z,2026-10-06 01:01:25,SPXW,2026-10-08,P,7625.0,7773.9502,2.4,18.0,2.55,9.0,2.77,231.0,669.0,0.1488,-0.0586,0.0012,-1.7482,0.8498,-0.0247
2026-10-06T01:01:52Z,2026-10-06 01:01:25,SPXW,2026-10-08,C,7630.0,7773.9502,154.7,3.0,155.8,3.0,135.35,3.0,61.0,0.1463,0.9374,0.0012,-1.842,0.8929,0.3913
2026-10-06T01:01:52Z,2026-10-06 01:01:25,SPXW,2026-10-08,P,7630.0,7773.9502,2.6,10.0,2.7,9.0,2.95,652.0,453.0,0.1471,-0.0626,0.0012,-1.842,0.8929,-0.0264
2026-10-06T01:01:52Z,2026-10-06 01:01:25,SPXW,2026-10-08,C,7635.0,7773.9502,149.9,3.0,151.0,3.0,134.06,6.0,48.0,0.1448,0.9331,0.0013,-1.9415,0.9389,0.3898
2026-10-06T01:01:52Z,2026-10-06 01:01:25,SPXW,2026-10-08,P,7635.0,7773.9502,2.8,10.0,2.9,9.0,3.5,88.0,131.0,0.1453,-0.0669,0.0013,-1.9415,0.9389,-0.0282
2026-10-06T01:01:52Z,2026-10-06 01:01:25,SPXW,2026-10-08,C,7640.0,7773.9502,136.0,2.0,154.6,1.0,124.52,9.0,92.0,0.1426,0.9284,0.0014,-2.0469,0.9874,0.388
2026-10-06T01:01:52Z,2026-10-06 01:01:25,SPXW,2026-10-08,P,7640.0,7773.9502,3.0,10.0,3.1,9.0,3.37,358.0,154.0,0.1442,-0.0716,0.0014,-2.0469,0.9874,-0.0302
2026-10-06T01:01:52Z,2026-10-06 01:01:25,SPXW,2026-10-08,C,7645.0,7773.9502,138.2,1.0,142.6,1.0,130.3,7.0,44.0,0.1398,0.9233,0.0015,-2.1586,1.0381,0.3861
2026-10-06T01:01:52Z,2026-10-06 01:01:25,SPXW,2026-10-08,P,7645.0,7773.9502,3.2,17.0,3.4,38.0,3.6,568.0,278.0,0.1424,-0.0766,0.0015,-2.1586,1.0381,-0.0324
2026-10-06T01:01:52Z,2026-10-06 01:01:25,SPXW,2026-10-08,C,7650.0,7773.9502,135.6,3.0,136.7,3.0,144.61,21.0,106.0,0.1404,0.9178,0.0016,-2.2768,1.091,0.3841
2026-10-06T01:01:52Z,2026-10-06 01:01:25,SPXW,2026-10-08,P,7650.0,7773.9502,3.4,47.0,3.6,21.0,3.9,681.0,1555.0,0.1408,-0.0821,0.0016,-2.2768,1.091,-0.0347
2026-10-06T01:01:52Z,2026-10-06 01:01:25,SPXW,2026-10-08,C,7655.0,7773.9502,128.7,1.0,133.0,1.0,111.12,2.0,58.0,0.1363,0.9119,0.0017,-2.4016,1.1466,0.3818
2026-10-06T01:01:52Z,2026-10-06 01:01:25,SPXW,2026-10-08,P,7655.0,7773.9502,3.7,25.0,3.9,25.0,4.0,183.0,218.0,0.1391,-0.0881,0.0017,-2.4016,1.1466,-0.0372
2026-10-06T01:01:52Z,2026-10-06 01:01:25,SPXW,2026-10-08,C,7660.0,7773.9502,123.8,1.0,128.4,1.0,106.43,10.0,81.0,0.1345,0.9055,0.0018,-2.533,1.2054,0.3794
2026-10-06T01:01:52Z,2026-10-06 01:01:25,SPXW,2026-10-08,P,7660.0,7773.9502,4.0,25.0,4.2,25.0,4.37,161.0,189.0,0.1377,-0.0945,0.0018,-2.533,1.2054,-0.0399
2026-10-06T01:01:52Z,2026-10-06 01:01:25,SPXW,2026-10-08,C,7665.0,7773.9502,119.4,1.0,123.8,1.0,130.64,11.0,110.0,0.1347,0.8986,0.0019,-2.671,1.2671,0.3767
2026-10-06T01:01:52Z,2026-10-06 01:01:25,SPXW,2026-10-08,P,7665.0,7773.9502,4.3,24.0,4.5,18.0,5.1,160.0,108.0,0.136,-0.1014,0.0019,-2.671,1.2671,-0.0429
2026-10-06T01:01:52Z,2026-10-06 01:01:25,SPXW,2026-10-08,C,7670.0,7773.9502,116.7,2.0,117.9,3.0,99.22,35.0,215.0,0.1341,0.8911,0.002,-2.8156,1.3308,0.3737
2026-10-06T01:01:52Z,2026-10-06 01:01:25,SPXW,2026-10-08,P,7670.0,7773.9502,4.7,6.0,4.9,41.0,5.75,273.0,239.0,0.1349,-0.1089,0.002,-2.8156,1.3308,-0.0462
2026-10-06T01:01:52Z,2026-10-06 01:01:25,SPXW,2026-10-08,C,7675.0,7773.9502,112.1,2.0,113.3,3.0,120.8,734.0,822.0,0.1328,0.883,0.0022,-2.9669,1.3965,0.3705
2026-10-06T01:01:52Z,2026-10-06 01:01:25,SPXW,2026-10-08,P,7675.0,7773.9502,5.0,38.0,5.2,8.0,5.5,1378.0,1095.0,0.1336,-0.117,0.0022,-2.9669,1.3965,-0.0496
2026-10-06T01:01:52Z,2026-10-06 01:01:25,SPXW,2026-10-08,C,7680.0,7773.9502,107.5,2.0,108.7,3.0,120.09,13.0,168.0,0.1316,0.8742,0.0023,-3.1245,1.4652,0.3671
2026-10-06T01:01:52Z,2026-10-06 01:01:25,SPXW,2026-10-08,P,7680.0,7773.9502,5.5,6.0,5.7,38.0,6.1,4306.0,4096.0,0.132,-0.1257,0.0023,-3.1245,1.4652,-0.0533
2026-10-06T01:01:52Z,2026-10-06 01:01:25,SPXW,2026-10-08,C,7685.0,7773.9502,103.1,3.0,104.1,3.0,97.0,10.0,38.0,0.1302,0.8648,0.0024,-3.288,1.537,0.3634
2026-10-06T01:01:52Z,2026-10-06 01:01:25,SPXW,2026-10-08,P,7685.0,7773.9502,5.9,22.0,6.1,7.0,6.62,261.0,348.0,0.1306,-0.1352,0.0024,-3.288,1.537,-0.0573
2026-10-06T01:01:52Z,2026-10-06 01:01:25,SPXW,2026-10-08,C,7690.0,7773.9502,98.6,3.0,99.6,3.0,110.51,11.0,188.0,0.1288,0.8547,0.0026,-3.4569,1.6104,0.3592
2026-10-06T01:01:52Z,2026-10-06 01:01:25,SPXW,2026-10-08,P,7690.0,7773.9502,6.4,14.0,6.6,7.0,7.1,310.0,169.0,0.1289,-0.1453,0.0026,-3.4569,1.6104,-0.0617
2026-10-06T01:01:52Z,2026-10-06 01:01:25,SPXW,2026-10-08,C,7695.0,7773.9502,94.0,2.0,95.2,3.0,102.1,49.0,75.0,0.1275,0.8438,0.0027,-3.6309,1.6848,0.3548
2026-10-06T01:01:52Z,2026-10-06 01:01:25,SPXW,2026-10-08,P,7695.0,7773.9502,6.9,20.0,7.2,19.0,8.3,118.0,241.0,0.1278,-0.1562,0.0027,-3.6309,1.6848,-0.0664
2026-10-06T01:01:52Z,2026-10-06 01:01:25,SPXW,2026-10-08,C,7700.0,7773.9502,89.7,2.0,90.8,3.0,84.66,48.0,1156.0,0.1262,0.8321,0.0029,-3.8089,1.7614,0.3502
2026-10-06T01:01:52Z,2026-10-06 01:01:25,SPXW,2026-10-08,P,7700.0,7773.9502,7.5,20.0,7.7,1.0,8.43,2972.0,2282.0,0.1262,-0.1679,0.0029,-3.8089,1.7614,-0.0714
2026-10-06T01:01:52Z,2026-10-06 01:01:25,SPXW,2026-10-08,C,7705.0,7773.9502,85.2,3.0,86.4,3.0,81.66,4039.0,4098.0,0.1248,0.8195,0.0031,-3.99,1.8402,0.345
2026-10-06T01:01:52Z,2026-10-06 01:01:25,SPXW,2026-10-08,P,7705.0,7773.9502,8.2,2.0,8.4,13.0,9.07,4270.0,4113.0,0.1249,-0.1805,0.0031,-3.99,1.8402,-0.0768
2026-10-06T01:01:52Z,2026-10-06 01:01:25,SPXW,2026-10-08,C,7710.0,7773.9502,80.9,3.0,82.1,3.0,74.54,25.0,240.0,0.1235,0.806,0.0032,-4.1728,1.919,0.3394
2026-10-06T01:01:52Z,2026-10-06 01:01:25,SPXW,2026-10-08,P,7710.0,7773.9502,8.8,20.0,9.1,19.0,9.7,141.0,189.0,0.1236,-0.194,0.0032,-4.1728,1.919,-0.0826
2026-10-06T01:01:52Z,2026-10-06 01:01:25,SPXW,2026-10-08,C,7715.0,7773.9502,76.8,3.0,77.8,3.0,74.26,56.0,112.0,0.1221,0.7916,0.0034,-4.3561,1.9974,0.3336
2026-10-06T01:01:52Z,2026-10-06 01:01:25,SPXW,2026-10-08,P,7715.0,7773.9502,9.6,12.0,9.8,1.0,11.93,177.0,219.0,0.1222,-0.2084,0.0034,-4.3561,1.9974,-0.0888
2026-10-06T01:01:52Z,2026-10-06 01:01:25,SPXW,2026-10-08,C,7720.0,7773.9502,72.5,3.0,73.7,3.0,69.16,81.0,183.0,0.1207,0.7762,0.0036,-4.5383,2.0767,0.3273
2026-10-06T01:01:52Z,2026-10-06 01:01:25,SPXW,2026-10-08,P,7720.0,7773.9502,10.4,19.0,10.7,18.0,11.6,407.0,161.0,0.121,-0.2237,0.0036,-4.5383,2.0767,-0.0953
2026-10-06T01:01:52Z,2026-10-06 01:01:25,SPXW,2026-10-08,C,7725.0,7773.9502,68.4,3.0,69.6,3.0,65.14,1225.0,1457.0,0.1196,0.7599,0.0038,-4.7172,2.1555,0.3205
2026-10-06T01:01:52Z,2026-10-06 01:01:25,SPXW,2026-10-08,P,7725.0,7773.9502,11.3,19.0,11.6,12.0,12.4,1405.0,1138.0,0.1197,-0.2401,0.0038,-4.7172,2.1555,-0.1024
2026-10-06T01:01:52Z,2026-10-06 01:01:25,SPXW,2026-10-08,C,7730.0,7773.9502,64.4,3.0,65.6,3.0,61.6,4135.0,4129.0,0.1182,0.7425,0.004,-4.8908,2.2314,0.3132
2026-10-06T01:01:52Z,2026-10-06 01:01:25,SPXW,2026-10-08,P,7730.0,7773.9502,12.3,12.0,12.6,18.0,13.81,190.0,165.0,0.1183,-0.2575,0.004,-4.8908,2.2314,-0.1099
2026-10-06T01:01:52Z,2026-10-06 01:01:25,SPXW,2026-10-08,C,7735.0,7773.9502,60.6,3.0,61.6,3.0,59.65,186.0,188.0,0.1171,0.7241,0.0042,-5.0571,2.3052,0.3057
2026-10-06T01:01:52Z,2026-10-06 01:01:25,SPXW,2026-10-08,P,7735.0,7773.9502,13.4,4.0,13.6,5.0,14.2,207.0,50.0,0.1172,-0.2759,0.0042,-5.0571,2.3052,-0.1178
2026-10-06T01:01:52Z,2026-10-06 01:01:25,SPXW,2026-10-08,C,7740.0,7773.9502,57.0,3.0,57.4,3.0,56.15,209.0,454.0,0.1161,0.7047,0.0043,-5.2132,2.377,0.2975
2026-10-06T01:01:52Z,2026-10-06 01:01:25,SPXW,2026-10-08,P,7740.0,7773.9502,14.5,18.0,14.8,12.0,15.88,483.0,372.0,0.1158,-0.2953,0.0043,-5.2132,2.377,-0.1262
2026-10-06T01:01:52Z,2026-10-06 01:01:25,SPXW,2026-10-08,C,7745.0,7773.9502,53.3,3.0,53.7,6.0,52.25,155.0,139.0,0.1146,0.6842,0.0045,-5.3565,2.4437,0.2889
2026-10-06T01:01:52Z,2026-10-06 01:01:25,SPXW,2026-10-08,P,7745.0,7773.9502,15.7,20.0,16.0,5.0,18.1,559.0,51.0,0.1148,-0.3158,0.0045,-5.3565,2.4437,-0.135
2026-10-06T01:01:52Z,2026-10-06 01:01:25,SPXW,2026-10-08,C,7750.0,7773.9502,49.6,8.0,50.0,8.0,46.82,2581.0,2176.0,0.1137,0.6627,0.0047,-5.4846,2.5051,0.2801
2026-10-06T01:01:52Z,2026-10-06 01:01:25,SPXW,2026-10-08,P,7750.0,7773.9502,17.1,17.0,17.4,5.0,18.7,1531.0,352.0,0.1138,-0.3373,0.0047,-5.4846,2.5051,-0.1442
2026-10-06T01:01:52Z,2026-10-06 01:01:25,SPXW,2026-10-08,C,7755.0,7773.9502,46.1,8.0,46.5,8.0,41.19,603.0,605.0,0.1126,0.6402,0.0048,-5.5946,2.5617,0.2706
2026-10-06T01:01:52Z,2026-10-06 01:01:25,SPXW,2026-10-08,P,7755.0,7773.9502,18.5,20.0,18.9,13.0,20.28,233.0,39.0,0.1126,-0.3597,0.0048,-5.5946,2.5617,-0.154
2026-10-06T01:01:52Z,2026-10-06 01:01:25,SPXW,2026-10-08,C,7760.0,7773.9502,42.7,3.0,43.1,9.0,39.91,261.0,240.0,0.1116,0.6168,0.005,-5.6834,2.6107,0.2607
2026-10-06T01:01:52Z,2026-10-06 01:01:25,SPXW,2026-10-08,P,7760.0,7773.9502,20.1,18.0,20.5,13.0,24.92,1314.0,38.0,0.1115,-0.3832,0.005,-5.6834,2.6107,-0.1641
2026-10-06T01:01:52Z,2026-10-06 01:01:25,SPXW,2026-10-08,C,7765.0,7773.9502,39.5,3.0,39.8,8.0,36.92,201.0,151.0,0.1105,0.5924,0.0051,-5.7491,2.6514,0.2506
2026-10-06T01:01:52Z,2026-10-06 01:01:25,SPXW,2026-10-08,P,7765.0,7773.9502,21.9,9.0,22.2,4.0,23.78,205.0,30.0,0.1104,-0.4075,0.0051,-5.7491,2.6514,-0.1745
2026-10-06T01:01:52Z,2026-10-06 01:01:25,SPXW,2026-10-08,C,7770.0,7773.9502,36.3,4.0,36.7,11.0,33.75,478.0,281.0,0.1093,0.5673,0.0052,-5.7889,2.684,0.2398
2026-10-06T01:01:52Z,2026-10-06 01:01:25,SPXW,2026-10-08,P,7770.0,7773.9502,23.7,18.0,24.0,3.0,26.2,536.0,55.0,0.1094,-0.4327,0.0052,-5.7889,2.684,-0.1855
2026-10-06T01:01:52Z,2026-10-06 01:01:25,SPXW,2026-10-08,C,7775.0,7773.9502,33.3,1.0,33.6,12.0,30.54,432.0,650.0,0.1084,0.5413,0.0053,-5.8008,2.7065,0.2289
2026-10-06T01:01:52Z,2026-10-06 01:01:25,SPXW,2026-10-08,P,7775.0,7773.9502,25.7,9.0,26.0,4.0,28.4,780.0,125.0,0.1085,-0.4586,0.0053,-5.8008,2.7065,-0.1967
2026-10-06T01:01:52Z,2026-10-06 01:01:25,SPXW,2026-10-08,C,7780.0,7773.9502,30.4,4.0,30.8,12.0,28.13,417.0,126.0,0.1075,0.5148,0.0054,-5.7835,2.7183,0.2178
2026-10-06T01:01:52Z,2026-10-06 01:01:25,SPXW,2026-10-08,P,7780.0,7773.9502,27.8,18.0,28.2,17.0,29.93,249.0,25.0,0.1075,-0.4852,0.0054,-5.7835,2.7183,-0.2081
2026-10-06T01:01:52Z,2026-10-06 01:01:25,SPXW,2026-10-08,C,7785.0,7773.9502,27.6,17.0,28.0,12.0,23.58,201.0,144.0,0.1066,0.4877,0.0054,-5.7356,2.7188,0.2062
2026-10-06T01:01:52Z,2026-10-06 01:01:25,SPXW,2026-10-08,P,7785.0,7773.9502,30.1,8.0,30.4,4.0,36.5,128.0,13.0,0.1067,-0.5123,0.0054,-5.7356,2.7188,-0.22
2026-10-06T01:01:52Z,2026-10-06 01:01:25,SPXW,2026-10-08,C,7790.0,7773.9502,25.1,3.0,25.4,12.0,23.0,566.0,336.0,0.1058,0.4602,0.0055,-5.6567,2.7077,0.1947
2026-10-06T01:01:52Z,2026-10-06 01:01:25,SPXW,2026-10-08,P,7790.0,7773.9502,32.5,10.0,32.8,1.0,34.88,115.0,10.0,0.1058,-0.5398,0.0055,-5.6567,2.7077,-0.2318
2026-10-06T01:01:52Z,2026-10-06 01:01:25,SPXW,2026-10-08,C,7795.0,7773.9502,22.6,17.0,23.0,12.0,20.48,272.0,163.0,0.1049,0.4325,0.0055,-5.5475,2.6842,0.1829
2026-10-06T01:01:52Z,2026-10-06 01:01:25,SPXW,2026-10-08,P,7795.0,7773.9502,35.0,18.0,35.4,1.0,40.4,71.0,3.0,0.1051,-0.5675,0.0055,-5.5475,2.6842,-0.2438
2026-10-06T01:01:52Z,2026-10-06 01:01:25,SPXW,2026-10-08,C,7800.0,7773.9502,20.4,3.0,20.7,12.0,18.7,1567.0,654.0,0.1043,0.4048,0.0054,-5.4082,2.6482,0.1711
2026-10-06T01:01:52Z,2026-10-06 01:01:25,SPXW,2026-10-08,P,7800.0,7773.9502,37.7,10.0,38.1,3.0,45.1,115.0,258.0,0.1044,-0.5952,0.0054,-5.4082,2.6482,-0.2559
2026-10-06T01:01:52Z,2026-10-06 01:01:25,SPXW,2026-10-08,C,7805.0,7773.9502,18.3,4.0,18.6,13.0,14.89,351.0,323.0,0.1036,0.3773,0.0054,-5.2412,2.6008,0.1596
2026-10-06T01:01:52Z,2026-10-06 01:01:25,SPXW,2026-10-08,P,7805.0,7773.9502,40.6,9.0,41.0,7.0,47.2,73.0,7.0,0.1034,-0.6227,0.0054,-5.2412,2.6008,-0.2677
2026-10-06T01:01:52Z,2026-10-06 01:01:25,SPXW,2026-10-08,C,7810.0,7773.9502,16.3,9.0,16.6,13.0,13.8,378.0,566.0,0.1028,0.3502,0.0052,-5.0483,2.5406,0.148
2026-10-06T01:01:52Z,2026-10-06 01:01:25,SPXW,2026-10-08,P,7810.0,7773.9502,43.6,8.0,44.0,5.0,51.4,98.0,20.0,0.103,-0.6498,0.0052,-5.0483,2.5406,-0.2796
2026-10-06T01:01:52Z,2026-10-06 01:01:25,SPXW,2026-10-08,C,7815.0,7773.9502,14.5,4.0,14.8,12.0,11.78,235.0,279.0,0.1023,0.3236,0.0051,-4.8324,2.4701,0.1368
2026-10-06T01:01:52Z,2026-10-06 01:01:25,SPXW,2026-10-08,P,7815.0,7773.9502,46.8,6.0,47.2,4.0,51.9,31.0,4.0,0.102,-0.6764,0.0051,-4.8324,2.4701,-0.2911
2026-10-06T01:01:52Z,2026-10-06 01:01:25,SPXW,2026-10-08,C,7820.0,7773.9502,12.8,10.0,13.1,12.0,11.6,719.0,486.0,0.1018,0.2978,0.005,-4.597,2.3896,0.1258
2026-10-06T01:01:52Z,2026-10-06 01:01:25,SPXW,2026-10-08,P,7820.0,7773.9502,49.9,3.0,50.9,3.0,48.8,14.0,4.0,0.1022,-0.7022,0.005,-4.597,2.3896,-0.3023
2026-10-06T01:01:52Z,2026-10-06 01:01:25,SPXW,2026-10-08,C,7825.0,7773.9502,11.3,11.0,11.6,12.0,10.5,598.0,1821.0,0.1011,0.2728,0.0048,-4.3451,2.2989,0.1151
2026-10-06T01:01:52Z,2026-10-06 01:01:25,SPXW,2026-10-08,P,7825.0,7773.9502,53.4,3.0,54.5,3.0,55.4,57.0,3.0,0.1017,-0.7272,0.0048,-4.3451,2.2989,-0.3132
2026-10-06T01:01:52Z,2026-10-06 01:01:25,SPXW,2026-10-08,C,7830.0,7773.9502,9.9,11.0,10.2,12.0,8.75,603.0,1664.0,0.1008,0.2488,0.0046,-4.0808,2.202,0.1051
2026-10-06T01:01:52Z,2026-10-06 01:01:25,SPXW,2026-10-08,P,7830.0,7773.9502,57.0,3.0,58.1,3.0,54.47,12.0,1.0,0.1012,-0.7511,0.0046,-4.0808,2.202,-0.3236
2026-10-06T01:01:52Z,2026-10-06 01:01:25,SPXW,2026-10-08,C,7835.0,7773.9502,8.7,11.0,8.9,12.0,6.93,536.0,372.0,0.1004,0.226,0.0044,-3.8077,2.0971,0.0953
2026-10-06T01:01:52Z,2026-10-06 01:01:25,SPXW,2026-10-08,P,7835.0,7773.9502,60.7,3.0,61.9,3.0,58.3,15.0,20.0,0.1008,-0.774,0.0044,-3.8077,2.0971,-0.3336
2026-10-06T01:01:52Z,2026-10-06 01:01:25,SPXW,2026-10-08,C,7840.0,7773.9502,7.6,10.0,7.8,12.0,6.7,477.0,447.0,0.1001,0.2044,0.0041,-3.5296,1.9874,0.0862
2026-10-06T01:01:52Z,2026-10-06 01:01:25,SPXW,2026-10-08,P,7840.0,7773.9502,63.3,1.0,67.8,1.0,89.39,14.0,1.0,0.1016,-0.7956,0.0041,-3.5296,1.9874,-0.343
2026-10-06T01:01:52Z,2026-10-06 01:01:25,SPXW,2026-10-08,C,7845.0,7773.9502,6.6,6.0,6.8,13.0,6.12,257.0,181.0,0.1001,0.184,0.0039,-3.2506,1.8746,0.0775
2026-10-06T01:01:52Z,2026-10-06 01:01:25,SPXW,2026-10-08,P,7845.0,7773.9502,67.3,1.0,71.8,1.0,127.73,0.0,18.0,0.1015,-0.816,0.0039,-3.2506,1.8746,-0.352
2026-10-06T01:01:52Z,2026-10-06 01:01:25,SPXW,2026-10-08,C,7850.0,7773.9502,5.7,14.0,5.9,12.0,5.03,478.0,726.0,0.0998,0.1649,0.0036,-2.9742,1.7577,0.0694
2026-10-06T01:01:52Z,2026-10-06 01:01:25,SPXW,2026-10-08,P,7850.0,7773.9502,72.7,3.0,73.9,2.0,98.09,44.0,267.0,0.0998,-0.8351,0.0036,-2.9742,1.7577,-0.3604
2026-10-06T01:01:52Z,2026-10-06 01:01:25,SPXW,2026-10-08,C,7855.0,7773.9502,4.9,14.0,5.1,12.0,4.3,151.0,230.0,0.0995,0.1471,0.0034,-2.7039,1.6414,0.0619
2026-10-06T01:01:52Z,2026-10-06 01:01:25,SPXW,2026-10-08,P,7855.0,7773.9502,75.6,1.0,80.2,1.0,102.39,12.0,0.0,0.1014,-0.8529,0.0034,-2.7039,1.6414,-0.3681
2026-10-06T01:01:52Z,2026-10-06 01:01:25,SPXW,2026-10-08,C,7860.0,7773.9502,4.2,24.0,4.4,7.0,3.75,246.0,566.0,0.0993,0.1307,0.0031,-2.4432,1.5245,0.0549
2026-10-06T01:01:52Z,2026-10-06 01:01:25,SPXW,2026-10-08,P,7860.0,7773.9502,81.2,3.0,82.4,3.0,73.0,5.0,0.0,0.1,-0.8692,0.0031,-2.4432,1.5245,-0.3754
2026-10-06T01:01:52Z,2026-10-06 01:01:25,SPXW,2026-10-08,C,7865.0,7773.9502,3.6,26.0,3.8,17.0,3.4,142.0,254.0,0.0993,0.1157,0.0028,-2.1948,1.4092,0.0486
2026-10-06T01:01:52Z,2026-10-06 01:01:25,SPXW,2026-10-08,P,7865.0,7773.9502,85.6,3.0,86.8,3.0,78.07,1.0,1.0,0.0997,-0.8843,0.0028,-2.1948,1.4092,-0.3819
2026-10-06T01:01:52Z,2026-10-06 01:01:25,SPXW,2026-10-08,C,7870.0,7773.9502,3.1,29.0,3.3,20.0,2.63,436.0,266.0,0.0995,0.102,0.0026,-1.9612,1.2976,0.0428
2026-10-06T01:01:52Z,2026-10-06 01:01:25,SPXW,2026-10-08,P,7870.0,7773.9502,90.1,3.0,91.1,3.0,0.0,0.0,0.0,0.1,-0.898,0.0026,-1.9612,1.2976,-0.388
2026-10-06T01:01:52Z,2026-10-06 01:01:25,SPXW,2026-10-08,C,7875.0,7773.9502,2.7,15.0,2.85,28.0,2.32,462.0,480.0,0.0996,0.0897,0.0024,-1.7442,1.1891,0.0376
2026-10-06T01:01:52Z,2026-10-06 01:01:25,SPXW,2026-10-08,P,7875.0,7773.9502,94.6,3.0,95.7,3.0,86.63,1.0,1.0,0.1001,-0.9103,0.0024,-1.7442,1.1891,-0.3935
2026-10-06T01:01:52Z,2026-10-06 01:01:25,SPXW,2026-10-08,C,7880.0,7773.9502,2.3,17.0,2.45,11.0,1.95,388.0,457.0,0.1,0.0786,0.0022,-1.5449,1.0863,0.0329
2026-10-06T01:01:52Z,2026-10-06 01:01:25,SPXW,2026-10-08,P,7880.0,7773.9502,99.2,3.0,100.4,2.0,137.39,0.0,1.0,0.1008,-0.9214,0.0022,-1.5449,1.0863,-0.3985
2026-10-06T01:01:52Z,2026-10-06 01:01:25,SPXW,2026-10-08,C,7885.0,7773.9502,2.0,15.0,2.1,10.0,1.7,253.0,323.0,0.1003,0.0688,0.0019,-1.364,0.9892,0.0288
2026-10-06T01:01:52Z,2026-10-06 01:01:25,SPXW,2026-10-08,P,7885.0,7773.9502,103.9,3.0,104.9,3.0,214.8,0.0,3.0,0.1004,-0.9312,0.0019,-1.364,0.9892,-0.4029
2026-10-06T01:01:52Z,2026-10-06 01:01:25,SPXW,2026-10-08,C,7890.0,7773.9502,1.7,19.0,1.85,19.0,1.4,412.0,511.0,0.1005,0.0601,0.0017,-1.2015,0.8981,0.0251
2026-10-06T01:01:52Z,2026-10-06 01:01:25,SPXW,2026-10-08,P,7890.0,7773.9502,107.4,1.0,111.7,1.0,0.0,0.0,0.0,0.103,-0.9399,0.0017,-1.2015,0.8981,-0.4068
2026-10-06T01:01:52Z,2026-10-06 01:01:25,SPXW,2026-10-08,C,7895.0,7773.9502,1.45,20.0,1.6,20.0,1.3,210.0,326.0,0.1008,0.0525,0.0016,-1.0568,0.8142,0.0219
2026-10-06T01:01:52Z,2026-10-06 01:01:25,SPXW,2026-10-08,P,7895.0,7773.9502,105.1,1.0,123.7,2.0,0.0,0.0,0.0,0.1049,-0.9475,0.0016,-1.0568,0.8142,-0.4103
2026-10-06T01:01:52Z,2026-10-06 01:01:25,SPXW,2026-10-08,C,7900.0,7773.9502,1.25,20.0,1.35,18.0,1.0,964.0,860.0,0.1014,0.0458,0.0014,-0.9291,0.737,0.0191
2026-10-06T01:01:52Z,2026-10-06 01:01:25,SPXW,2026-10-08,P,7900.0,7773.9502,118.1,3.0,119.3,2.0,110.2,1.0,9.0,0.1023,-0.9542,0.0014,-0.9291,0.737,-0.4134
2026-10-06T01:01:52Z,2026-10-06 01:01:25,SPXW,2026-10-08,C,7905.0,7773.9502,1.05,11.0,1.2,32.0,0.85,305.0,0.0,0.1016,0.0401,0.0012,-0.8172,0.6665,0.0167
2026-10-06T01:01:52Z,2026-10-06 01:01:25,SPXW,2026-10-08,P,7905.0,7773.9502,114.6,1.0,133.3,2.0,0.0,0.0,0.0,0.1058,-0.9599,0.0012,-0.8172,0.6665,-0.4161
2026-10-06T01:01:52Z,2026-10-06 01:01:25,SPXW,2026-10-08,C,7910.0,7773.9502,0.9,12.0,1.05,35.0,0.7,423.0,790.0,0.1022,0.0351,0.0011,-0.7197,0.603,0.0146
2026-10-06T01:01:52Z,2026-10-06 01:01:25,SPXW,2026-10-08,P,7910.0,7773.9502,119.5,1.0,138.1,2.0,0.0,0.0,0.0,0.1068,-0.9649,0.0011,-0.7197,0.603,-0.4184
2026-10-06T01:01:52Z,2026-10-06 01:01:25,SPXW,2026-10-08,C,7915.0,7773.9502,0.8,9.0,0.9,37.0,0.6,117.0,0.0,0.1029,0.0308,0.001,-0.6353,0.5458,0.0128
2026-10-06T01:01:52Z,2026-10-06 01:01:25,SPXW,2026-10-08,P,7915.0,7773.9502,124.4,1.0,143.0,2.0,0.0,0.0,0.0,0.1085,-0.9692,0.001,-0.6353,0.5458,-0.4205
2026-10-06T01:01:52Z,2026-10-06 01:01:25,SPXW,2026-10-08,C,7920.0,7773.9502,0.65,17.0,0.8,42.0,0.5,566.0,477.0,0.1038,0.0271,0.0009,-0.5624,0.4945,0.0112
2026-10-06T01:01:52Z,2026-10-06 01:01:25,SPXW,2026-10-08,P,7920.0,7773.9502,129.3,1.0,147.9,2.0,0.0,0.0,0.0,0.11,-0.9729,0.0009,-0.5624,0.4945,-0.4223
2026-10-06T01:01:52Z,2026-10-06 01:01:25,SPXW,2026-10-08,C,7925.0,7773.9502,0.6,6.0,0.7,47.0,0.45,318.0,1607.0,0.1044,0.0239,0.0008,-0.4996,0.4488,0.0099
2026-10-06T01:01:52Z,2026-10-06 01:01:25,SPXW,2026-10-08,P,7925.0,7773.9502,142.5,3.0,143.5,3.0,173.43,0.0,451.0,0.1067,-0.9761,0.0008,-0.4996,0.4488,-0.4239
2026-10-06T01:01:52Z,2026-10-06 01:01:25,SPXW,2026-10-08,C,7930.0,7773.9502,0.5,21.0,0.6,21.0,0.45,144.0,403.0,0.1054,0.0212,0.0007,-0.4458,0.4082,0.0088
2026-10-06T01:01:52Z,2026-10-06 01:01:25,SPXW,2026-10-08,P,7930.0,7773.9502,139.1,1.0,157.7,2.0,0.0,0.0,0.0,0.1122,-0.9788,0.0007,-0.4458,0.4082,-0.4254
2026-10-06T01:01:52Z,2026-10-06 01:01:25,SPXW,2026-10-08,C,7935.0,7773.9502,0.45,21.0,0.55,54.0,0.35,43.0,0.0,0.1068,0.0189,0.0006,-0.3995,0.3722,0.0078
2026-10-06T01:01:52Z,2026-10-06 01:01:25,SPXW,2026-10-08,P,7935.0,7773.9502,144.1,1.0,162.6,2.0,145.84,1.0,0.0,0.1142,-0.9811,0.0006,-0.3995,0.3722,-0.4266
2026-10-06T01:01:52Z,2026-10-06 01:01:25,SPXW,2026-10-08,C,7940.0,7773.9502,0.35,56.0,0.5,88.0,0.35,112.0,681.0,0.1072,0.0169,0.0006,-0.3598,0.3403,0.007
2026-10-06T01:01:52Z,2026-10-06 01:01:25,SPXW,2026-10-08,P,7940.0,7773.9502,149.0,1.0,167.6,2.0,251.05,0.0,2.0,0.1161,-0.9831,0.0006,-0.3598,0.3403,-0.4277
2026-10-06T01:01:52Z,2026-10-06 01:01:25,SPXW,2026-10-08,C,7945.0,7773.9502,0.35,24.0,0.45,94.0,0.44,41.0,0.0,0.1082,0.0152,0.0005,-0.3257,0.3121,0.0062
2026-10-06T01:01:52Z,2026-10-06 01:01:25,SPXW,2026-10-08,P,7945.0,7773.9502,153.9,1.0,172.5,2.0,0.0,0.0,0.0,0.1164,-0.9848,0.0005,-0.3257,0.3121,-0.4287
2026-10-06T01:01:52Z,2026-10-06 01:01:25,SPXW,2026-10-08,C,7950.0,7773.9502,0.3,26.0,0.4,31.0,0.25,135.0,488.0,0.11,0.0137,0.0005,-0.2965,0.2872,0.0056
2026-10-06T01:01:52Z,2026-10-06 01:01:25,SPXW,2026-10-08,P,7950.0,7773.9502,158.9,1.0,177.5,2.0,305.58,0.0,2.0,0.1194,-0.9863,0.0005,-0.2965,0.2872,-0.4296
2026-10-06T01:01:52Z,2026-10-06 01:01:25,SPXW,2026-10-08,C,7960.0,7773.9502,0.2,60.0,0.35,76.0,0.25,47.0,258.0,0.112,0.0113,0.0004,-0.2495,0.2456,0.0047
2026-10-06T01:01:52Z,2026-10-06 01:01:25,SPXW,2026-10-08,P,7960.0,7773.9502,168.9,1.0,187.4,2.0,0.0,0.0,0.0,0.1239,-0.9887,0.0004,-0.2495,0.2456,-0.4311
2026-10-06T01:01:52Z,2026-10-06 01:01:25,SPXW,2026-10-08,C,7970.0,7773.9502,0.2,16.0,0.3,91.0,0.17,22.0,138.0,0.116,0.0095,0.0003,-0.214,0.2125,0.0039
2026-10-06T01:01:52Z,2026-10-06 01:01:25,SPXW,2026-10-08,P,7970.0,7773.9502,178.8,1.0,197.4,2.0,0.0,0.0,0.0,0.1282,-0.9904,0.0003,-0.2144,0.2129,-0.4324
2026-10-06T01:01:52Z,2026-10-06 01:01:25,SPXW,2026-10-08,C,7975.0,7773.9502,0.15,62.0,0.25,18.0,0.15,63.0,569.0,0.1156,0.0088,0.0003,-0.1999,0.1989,0.0036
2026-10-06T01:01:52Z,2026-10-06 01:01:25,SPXW,2026-10-08,P,7975.0,7773.9502,183.6,1.0,202.3,2.0,0.0,0.0,0.0,0.1252,-0.9912,0.0003,-0.2002,0.1992,-0.433
2026-10-06T01:01:52Z,2026-10-06 01:01:25,SPXW,2026-10-08,C,7980.0,7773.9502,0.15,18.0,0.25,20.0,0.15,4.0,0.0,0.1181,0.0082,0.0003,-0.1878,0.187,0.0034
2026-10-06T01:01:52Z,2026-10-06 01:01:25,SPXW,2026-10-08,P,7980.0,7773.9502,188.6,1.0,207.3,2.0,0.0,0.0,0.0,0.128,-0.9918,0.0003,-0.1878,0.187,-0.4335
2026-10-06T01:01:52Z,2026-10-06 01:01:25,SPXW,2026-10-08,C,7990.0,7773.9502,0.1,69.0,0.2,21.0,0.15,11.0,0.0,0.1194,0.0072,0.0002,-0.1672,0.166,0.0029
2026-10-06T01:01:52Z,2026-10-06 01:01:25,SPXW,2026-10-08,P,7990.0,7773.9502,200.2,2.0,218.3,2.0,0.0,0.0,0.0,0.1679,-0.9928,0.0002,-0.1675,0.1662,-0.4345
2026-10-06T01:01:52Z,2026-10-06 01:01:25,SPXW,2026-10-08,C,8000.0,7773.9502,0.1,68.0,0.2,24.0,0.15,38.0,420.0,0.1244,0.0063,0.0002,-0.1515,0.1492,0.0026
2026-10-06T01:01:52Z,2026-10-06 01:01:25,SPXW,2026-10-08,P,8000.0,7773.9502,206.6,1.0,229.3,2.0,275.71,0.0,2.0,0.1392,-0.9936,0.0002,-0.1516,0.1494,-0.4354
2026-10-06T01:01:52Z,2026-10-06 01:01:25,SPXW,2026-10-08,C,8010.0,7773.9502,0.1,21.0,0.2,74.0,0.15,2.0,0.0,0.1293,0.0057,0.0002,-0.1392,0.1356,0.0023
2026-10-06T01:01:52Z,2026-10-06 01:01:25,SPXW,2026-10-08,P,8010.0,7773.9502,216.5,1.0,239.3,2.0,0.0,0.0,0.0,0.1423,-0.9943,0.0002,-0.1392,0.1356,-0.4362
2026-10-06T01:01:52Z,2026-10-06 01:01:25,SPXW,2026-10-08,C,8020.0,7773.9502,0.1,19.0,0.2,82.0,0.15,1.0,0.0,0.1346,0.0051,0.0002,-0.1289,0.1238,0.0021
2026-10-06T01:01:52Z,2026-10-06 01:01:25,SPXW,2026-10-08,P,8020.0,7773.9502,225.2,2.0,249.2,2.0,0.0,0.0,0.0,0.0,-0.9948,0.0002,-0.1293,0.1242,-0.4369
2026-10-06T01:01:52Z,2026-10-06 01:01:25,SPXW,2026-10-08,C,8025.0,7773.9502,0.1,20.0,0.15,20.0,0.12,39.0,323.0,0.1344,0.0049,0.0001,-0.1248,0.1188,0.002
2026-10-06T01:01:52Z,2026-10-06 01:01:25,SPXW,2026-10-08,P,8025.0,7773.9502,230.2,2.0,254.2,2.0,0.0,0.0,0.0,0.0,-0.9951,0.0001,-0.1251,0.1193,-0.4373
2026-10-06T01:01:52Z,2026-10-06 01:01:25,SPXW,2026-10-08,C,8030.0,7773.9502,0.1,20.0,0.15,21.0,0.0,0.0,0.0,0.1365,0.0047,0.0001,-0.1212,0.1147,0.0019
2026-10-06T01:01:52Z,2026-10-06 01:01:25,SPXW,2026-10-08,P,8030.0,7773.9502,235.2,2.0,259.2,2.0,0.0,0.0,0.0,0.0,-0.9953,0.0001,-0.1212,0.1147,-0.4377
2026-10-06T01:01:52Z,2026-10-06 01:01:25,SPXW,2026-10-08,C,8050.0,7773.9502,0.05,180.0,0.15,23.0,0.1,57.0,425.0,0.1432,0.004,0.0001,-0.1089,0.0992,0.0016
2026-10-06T01:01:52Z,2026-10-06 01:01:25,SPXW,2026-10-08,P,8050.0,7773.9502,255.2,2.0,279.2,2.0,0.0,0.0,0.0,0.0,-0.9959,0.0001,-0.1092,0.0996,-0.439
2026-10-06T01:01:52Z,2026-10-06 01:01:25,SPXW,2026-10-08,C,8075.0,7773.9502,0.05,179.0,0.15,25.0,0.1,56.0,520.0,0.1549,0.0035,0.0001,-0.0989,0.0857,0.0014
2026-10-06T01:01:52Z,2026-10-06 01:01:25,SPXW,2026-10-08,P,8075.0,7773.9502,280.2,2.0,304.2,2.0,294.0,1.0,1.0,0.0,-0.9965,0.0001,-0.0991,0.086,-0.4406
2026-10-06T01:01:52Z,2026-10-06 01:01:25,SPXW,2026-10-08,C,8100.0,7773.9502,0.05,126.0,0.15,85.0,0.12,14.0,315.0,0.1665,0.003,0.0001,-0.092,0.0757,0.0012
2026-10-06T01:01:52Z,2026-10-06 01:01:25,SPXW,2026-10-08,P,8100.0,7773.9502,305.2,2.0,329.2,2.0,420.89,0.0,2.0,0.0,-0.9969,0.0001,-0.0921,0.0759,-0.4422
2026-10-06T01:01:52Z,2026-10-06 01:01:25,SPXW,2026-10-08,C,8125.0,7773.9502,0.05,125.0,0.15,94.0,0.15,0.0,15.0,0.178,0.0027,0.0001,-0.0869,0.0679,0.0011
2026-10-06T01:01:52Z,2026-10-06 01:01:25,SPXW,2026-10-08,P,8125.0,7773.9502,330.2,2.0,354.2,2.0,0.0,0.0,0.0,0.0,-0.9973,0.0001,-0.087,0.0681,-0.4437
2026-10-06T01:01:52Z,2026-10-06 01:01:25,SPXW,2026-10-08,C,8150.0,7773.9502,0.05,25.0,0.15,104.0,0.1,6.0,26.0,0.1894,0.0025,0.0001,-0.0829,0.0616,0.001
2026-10-06T01:01:52Z,2026-10-06 01:01:25,SPXW,2026-10-08,P,8150.0,7773.9502,355.2,2.0,379.2,2.0,0.0,0.0,0.0,0.0,-0.9975,0.0001,-0.083,0.0618,-0.4452
2026-10-06T01:01:52Z,2026-10-06 01:01:25,SPXW,2026-10-08,C,8175.0,7773.9502,0.05,24.0,0.15,113.0,0.1,6.0,6.0,0.2007,0.0023,0.0,-0.0796,0.0565,0.0009
2026-10-06T01:01:52Z,2026-10-06 01:01:25,SPXW,2026-10-08,P,8175.0,7773.9502,380.2,2.0,404.2,2.0,0.0,0.0,0.0,0.0,-0.9977,0.0,-0.0797,0.0566,-0.4466
2026-10-06T01:01:52Z,2026-10-06 01:01:25,SPXW,2026-10-08,C,8200.0,7773.9502,0.05,24.0,0.1,23.0,0.05,4.0,8.0,0.2064,0.0021,0.0,-0.0769,0.0521,0.0008
2026-10-06T01:01:52Z,2026-10-06 01:01:25,SPXW,2026-10-08,P,8200.0,7773.9502,405.1,2.0,429.1,2.0,495.7,0.0,1.0,0.0,-0.9979,0.0,-0.0769,0.0522,-0.4481
2026-10-06T01:01:52Z,2026-10-06 01:01:25,SPXW,2026-10-08,C,8225.0,7773.9502,0.05,23.0,0.1,26.0,0.3,0.0,21.0,0.2173,0.0019,0.0,-0.0744,0.0483,0.0008
2026-10-06T01:01:52Z,2026-10-06 01:01:25,SPXW,2026-10-08,P,8225.0,7773.9502,430.1,2.0,454.1,2.0,0.0,0.0,0.0,0.0,-0.998,0.0,-0.0745,0.0484,-0.4495
2026-10-06T01:01:52Z,2026-10-06 01:01:25,SPXW,2026-10-08,C,8250.0,7773.9502,0.0,0.0,0.1,27.0,0.05,5.0,3.0,0.2203,0.0018,0.0,-0.0722,0.045,0.0007
2026-10-06T01:01:52Z,2026-10-06 01:01:25,SPXW,2026-10-08,P,8250.0,7773.9502,455.1,2.0,479.1,2.0,0.0,0.0,0.0,0.0,-0.9982,0.0,-0.0723,0.0451,-0.4509
2026-10-06T01:01:52Z,2026-10-06 01:01:25,SPXW,2026-10-08,C,8275.0,7773.9502,0.05,0.0,0.1,28.0,0.1,3.0,5.0,0.2307,0.0017,0.0,-0.0702,0.0421,0.0007
2026-10-06T01:01:52Z,2026-10-06 01:01:25,SPXW,2026-10-08,P,8275.0,7773.9502,480.1,2.0,504.1,2.0,0.0,0.0,0.0,0.0,-0.9983,0.0,-0.0702,0.0422,-0.4523
2026-10-06T01:01:52Z,2026-10-06 01:01:25,SPXW,2026-10-08,C,8300.0,7773.9502,0.05,0.0,0.1,29.0,0.1,0.0,17.0,0.241,0.0016,0.0,-0.0683,0.0395,0.0006
2026-10-06T01:01:52Z,2026-10-06 01:01:25,SPXW,2026-10-08,P,8300.0,7773.9502,505.1,2.0,529.1,2.0,600.25,0.0,2.0,0.0,-0.9984,0.0,-0.0683,0.0395,-0.4537
2026-10-06T01:01:52Z,2026-10-06 01:01:25,SPXW,2026-10-08,C,8400.0,7773.9502,0.05,0.0,0.1,103.0,0.05,18.0,12.0,0.2818,0.0012,0.0,-0.0615,0.0313,0.0005
2026-10-06T01:01:52Z,2026-10-06 01:01:25,SPXW,2026-10-08,P,8400.0,7773.9502,605.1,2.0,629.1,2.0,0.0,0.0,0.0,0.0,-0.9987,0.0,-0.0616,0.0313,-0.4594
2026-10-06T01:01:52Z,2026-10-06 01:01:25,SPXW,2026-10-08,C,8500.0,7773.9502,0.05,0.0,0.1,123.0,0.1,0.0,5.0,0.3215,0.001,0.0,-0.0556,0.0255,0.0004
2026-10-06T01:01:52Z,2026-10-06 01:01:25,SPXW,2026-10-08,P,8500.0,7773.9502,705.0,2.0,729.0,2.0,0.0,0.0,0.0,0.0,-0.999,0.0,-0.0556,0.0255,-0.4649
2026-10-06T01:01:52Z,2026-10-06 01:01:25,SPXW,2026-10-09,C,7000.0,7773.9502,773.0,2.0,797.0,2.0,793.74,12.0,870.0,0.4322,0.9973,0.0,-0.1983,0.0709,0.955
2026-10-06T01:01:52Z,2026-10-06 01:01:25,SPXW,2026-10-09,P,7000.0,7773.9502,0.2,27.0,0.3,113.0,0.25,563.0,11726.0,0.3792,-0.0028,0.0,-0.1985,0.0711,-0.0028
2026-10-06T01:01:52Z,2026-10-06 01:01:25,SPXW,2026-10-09,C,7010.0,7773.9502,763.1,2.0,787.1,2.0,714.52,0.0,13.0,0.4325,0.9972,0.0,-0.2017,0.0728,0.9562
2026-10-06T01:01:52Z,2026-10-06 01:01:25,SPXW,2026-10-09,P,7010.0,7773.9502,0.25,28.0,0.3,112.0,0.35,20.0,102.0,0.3746,-0.0028,0.0,-0.202,0.0729,-0.0029
2026-10-06T01:01:52Z,2026-10-06 01:01:25,SPXW,2026-10-09,C,7020.0,7773.9502,753.1,2.0,777.1,2.0,0.0,0.0,0.0,0.427,0.9971,0.0,-0.2052,0.0746,0.9575
2026-10-06T01:01:52Z,2026-10-06 01:01:25,SPXW,2026-10-09,P,7020.0,7773.9502,0.2,87.0,0.3,109.0,0.45,0.0,46.0,0.3699,-0.0029,0.0,-0.2054,0.0748,-0.003
2026-10-06T01:01:52Z,2026-10-06 01:01:25,SPXW,2026-10-09,C,7025.0,7773.9502,748.1,2.0,772.1,2.0,650.3,0.0,1.0,0.4242,0.9971,0.0,-0.207,0.0756,0.9582
2026-10-06T01:01:52Z,2026-10-06 01:01:25,SPXW,2026-10-09,P,7025.0,7773.9502,0.2,89.0,0.3,50.0,0.4,14.0,320.0,0.3676,-0.0029,0.0,-0.2072,0.0757,-0.003
2026-10-06T01:01:52Z,2026-10-06 01:01:25,SPXW,2026-10-09,C,7030.0,7773.9502,743.1,2.0,767.1,2.0,0.0,0.0,125.0,0.4214,0.997,0.0,-0.2088,0.0766,0.9588
2026-10-06T01:01:52Z,2026-10-06 01:01:25,SPXW,2026-10-09,P,7030.0,7773.9502,0.2,93.0,0.3,49.0,0.45,10.0,195.0,0.3653,-0.003,0.0,-0.209,0.0767,-0.0031
2026-10-06T01:01:52Z,2026-10-06 01:01:25,SPXW,2026-10-09,C,7040.0,7773.9502,733.1,2.0,757.1,2.0,0.0,0.0,0.0,0.4159,0.997,0.0,-0.2125,0.0786,0.9601
2026-10-06T01:01:52Z,2026-10-06 01:01:25,SPXW,2026-10-09,P,7040.0,7773.9502,0.2,99.0,0.3,24.0,0.4,0.0,151.0,0.3607,-0.0031,0.0,-0.2127,0.0787,-0.0032
2026-10-06T01:01:52Z,2026-10-06 01:01:25,SPXW,2026-10-09,C,7050.0,7773.9502,723.1,2.0,747.1,2.0,729.16,1.0,1.0,0.4104,0.9969,0.0,-0.2162,0.0806,0.9614
2026-10-06T01:01:52Z,2026-10-06 01:01:25,SPXW,2026-10-09,P,7050.0,7773.9502,0.2,103.0,0.3,23.0,0.35,52.0,1214.0,0.356,-0.0032,0.0,-0.2165,0.0808,-0.0032
2026-10-06T01:01:52Z,2026-10-06 01:01:25,SPXW,2026-10-09,C,7060.0,7773.9502,713.1,2.0,737.1,2.0,0.0,0.0,45.0,0.4048,0.9968,0.0,-0.2201,0.0828,0.9626
2026-10-06T01:01:52Z,2026-10-06 01:01:25,SPXW,2026-10-09,P,7060.0,7773.9502,0.25,23.0,0.3,22.0,0.35,100.0,151.0,0.3548,-0.0032,0.0,-0.2204,0.0829,-0.0033
2026-10-06T01:01:52Z,2026-10-06 01:01:25,SPXW,2026-10-09,C,7070.0,7773.9502,703.1,2.0,727.1,2.0,0.0,0.0,0.0,0.3993,0.9967,0.0,-0.2241,0.085,0.9639
2026-10-06T01:01:52Z,2026-10-06 01:01:25,SPXW,2026-10-09,P,7070.0,7773.9502,0.25,24.0,0.35,118.0,0.45,37.0,119.0,0.3532,-0.0033,0.0,-0.2243,0.0852,-0.0034
2026-10-06T01:01:52Z,2026-10-06 01:01:25,SPXW,2026-10-09,C,7075.0,7773.9502,698.1,2.0,722.1,2.0,0.0,0.0,0.0,0.3966,0.9966,0.0,-0.2261,0.0861,0.9646
2026-10-06T01:01:52Z,2026-10-06 01:01:25,SPXW,2026-10-09,P,7075.0,7773.9502,0.25,25.0,0.35,114.0,0.3,2.0,298.0,0.3509,-0.0034,0.0,-0.2264,0.0863,-0.0035
2026-10-06T01:01:52Z,2026-10-06 01:01:25,SPXW,2026-10-09,C,7080.0,7773.9502,693.1,2.0,717.1,2.0,0.0,0.0,0.0,0.3938,0.9966,0.0,-0.2282,0.0873,0.9652
2026-10-06T01:01:52Z,2026-10-06 01:01:25,SPXW,2026-10-09,P,7080.0,7773.9502,0.25,25.0,0.35,109.0,0.3,1.0,78.0,0.3485,-0.0034,0.0,-0.2284,0.0874,-0.0035
2026-10-06T01:01:52Z,2026-10-06 01:01:25,SPXW,2026-10-09,C,7090.0,7773.9502,683.1,2.0,707.1,2.0,0.0,0.0,0.0,0.3883,0.9965,0.0,-0.2324,0.0896,0.9664
2026-10-06T01:01:52Z,2026-10-06 01:01:25,SPXW,2026-10-09,P,7090.0,7773.9502,0.3,26.0,0.35,107.0,0.3,1.0,1137.0,0.3438,-0.0035,0.0,-0.2326,0.0898,-0.0036
2026-10-06T01:01:52Z,2026-10-06 01:01:25,SPXW,2026-10-09,C,7100.0,7773.9502,673.2,2.0,697.2,2.0,0.0,0.0,0.0,0.388,0.9964,0.0,-0.2367,0.0921,0.9677
2026-10-06T01:01:52Z,2026-10-06 01:01:25,SPXW,2026-10-09,P,7100.0,7773.9502,0.25,27.0,0.35,104.0,0.3,196.0,3594.0,0.3392,-0.0036,0.0,-0.237,0.0922,-0.0038
2026-10-06T01:01:52Z,2026-10-06 01:01:25,SPXW,2026-10-09,C,7110.0,7773.9502,663.2,2.0,687.2,2.0,0.0,0.0,0.0,0.3825,0.9963,0.0,-0.2411,0.0946,0.969
2026-10-06T01:01:52Z,2026-10-06 01:01:25,SPXW,2026-10-09,P,7110.0,7773.9502,0.25,86.0,0.35,48.0,0.33,16.0,2828.0,0.3345,-0.0038,0.0,-0.2414,0.0948,-0.0039
2026-10-06T01:01:52Z,2026-10-06 01:01:25,SPXW,2026-10-09,C,7120.0,7773.9502,653.2,2.0,677.2,2.0,0.0,0.0,0.0,0.3769,0.9962,0.0,-0.2457,0.0972,0.9702
2026-10-06T01:01:52Z,2026-10-06 01:01:25,SPXW,2026-10-09,P,7120.0,7773.9502,0.25,93.0,0.35,46.0,0.35,3.0,162.0,0.3298,-0.0039,0.0,-0.246,0.0974,-0.004
2026-10-06T01:01:52Z,2026-10-06 01:01:25,SPXW,2026-10-09,C,7125.0,7773.9502,648.2,2.0,672.2,2.0,599.4,0.0,15.0,0.3742,0.9961,0.0,-0.248,0.0986,0.9708
2026-10-06T01:01:52Z,2026-10-06 01:01:25,SPXW,2026-10-09,P,7125.0,7773.9502,0.25,97.0,0.35,46.0,0.35,61.0,554.0,0.3274,-0.0039,0.0,-0.2483,0.0988,-0.0041
2026-10-06T01:01:52Z,2026-10-06 01:01:25,SPXW,2026-10-09,C,7130.0,7773.9502,643.2,2.0,667.2,2.0,0.0,0.0,0.0,0.3714,0.996,0.0,-0.2504,0.1,0.9714
2026-10-06T01:01:52Z,2026-10-06 01:01:25,SPXW,2026-10-09,P,7130.0,7773.9502,0.25,100.0,0.35,21.0,0.35,6.0,2157.0,0.3254,-0.004,0.0,-0.2504,0.1,-0.0041
2026-10-06T01:01:52Z,2026-10-06 01:01:25,SPXW,2026-10-09,C,7140.0,7773.9502,633.2,2.0,657.2,2.0,0.0,0.0,3.0,0.3659,0.9959,0.0,-0.2552,0.1028,0.9727
2026-10-06T01:01:52Z,2026-10-06 01:01:25,SPXW,2026-10-09,P,7140.0,7773.9502,0.3,22.0,0.4,112.0,0.5,0.0,404.0,0.3256,-0.0041,0.0,-0.2556,0.103,-0.0042
2026-10-06T01:01:52Z,2026-10-06 01:01:25,SPXW,2026-10-09,C,7150.0,7773.9502,623.2,2.0,647.2,2.0,589.72,0.0,6.0,0.3604,0.9958,0.0,-0.2602,0.1058,0.9739
2026-10-06T01:01:52Z,2026-10-06 01:01:25,SPXW,2026-10-09,P,7150.0,7773.9502,0.3,24.0,0.4,103.0,0.35,61.0,622.0,0.3212,-0.0042,0.0,-0.2602,0.1058,-0.0044
2026-10-06T01:01:52Z,2026-10-06 01:01:25,SPXW,2026-10-09,C,7160.0,7773.9502,613.2,2.0,637.2,2.0,550.82,0.0,11.0,0.3549,0.9957,0.0,-0.2654,0.1089,0.9752
2026-10-06T01:01:52Z,2026-10-06 01:01:25,SPXW,2026-10-09,P,7160.0,7773.9502,0.3,25.0,0.45,103.0,0.55,0.0,236.0,0.3164,-0.0044,0.0,-0.2654,0.1089,-0.0045
2026-10-06T01:01:52Z,2026-10-06 01:01:25,SPXW,2026-10-09,C,7170.0,7773.9502,603.3,2.0,627.3,2.0,616.96,0.0,1.0,0.354,0.9955,0.0,-0.2707,0.1122,0.9764
2026-10-06T01:01:52Z,2026-10-06 01:01:25,SPXW,2026-10-09,P,7170.0,7773.9502,0.3,26.0,0.4,47.0,0.4,1.0,128.0,0.3117,-0.0045,0.0,-0.2707,0.1122,-0.0047
2026-10-06T01:01:52Z,2026-10-06 01:01:25,SPXW,2026-10-09,C,7175.0,7773.9502,598.3,2.0,622.3,2.0,0.0,0.0,0.0,0.3512,0.9954,0.0,-0.2735,0.1139,0.977
2026-10-06T01:01:52Z,2026-10-06 01:01:25,SPXW,2026-10-09,P,7175.0,7773.9502,0.3,80.0,0.4,47.0,0.35,18.0,271.0,0.3093,-0.0046,0.0,-0.2735,0.1139,-0.0047
2026-10-06T01:01:52Z,2026-10-06 01:01:25,SPXW,2026-10-09,C,7180.0,7773.9502,593.3,2.0,617.3,2.0,0.0,0.0,275.0,0.3485,0.9954,0.0001,-0.2762,0.1156,0.9776
2026-10-06T01:01:52Z,2026-10-06 01:01:25,SPXW,2026-10-09,P,7180.0,7773.9502,0.3,84.0,0.4,46.0,0.4,2.0,224.0,0.307,-0.0047,0.0001,-0.2762,0.1156,-0.0048
2026-10-06T01:01:52Z,2026-10-06 01:01:25,SPXW,2026-10-09,C,7190.0,7773.9502,583.3,2.0,607.3,2.0,559.22,0.0,11.0,0.3429,0.9952,0.0001,-0.282,0.1192,0.9788
2026-10-06T01:01:52Z,2026-10-06 01:01:25,SPXW,2026-10-09,P,7190.0,7773.9502,0.3,92.0,0.4,20.0,0.4,22.0,307.0,0.3022,-0.0048,0.0001,-0.282,0.1192,-0.005
2026-10-06T01:01:52Z,2026-10-06 01:01:25,SPXW,2026-10-09,C,7200.0,7773.9502,573.3,2.0,597.3,2.0,538.52,10.0,49.0,0.3374,0.995,0.0001,-0.2879,0.1229,0.98
2026-10-06T01:01:52Z,2026-10-06 01:01:25,SPXW,2026-10-09,P,7200.0,7773.9502,0.35,20.0,0.4,20.0,0.4,187.0,6170.0,0.2996,-0.005,0.0001,-0.288,0.123,-0.0051
2026-10-06T01:01:52Z,2026-10-06 01:01:25,SPXW,2026-10-09,C,7210.0,7773.9502,563.3,2.0,587.3,2.0,0.0,0.0,0.0,0.3319,0.9949,0.0001,-0.294,0.1269,0.9812
2026-10-06T01:01:52Z,2026-10-06 01:01:25,SPXW,2026-10-09,P,7210.0,7773.9502,0.35,23.0,0.45,99.0,0.43,5.0,2925.0,0.297,-0.0052,0.0001,-0.2941,0.1269,-0.0053
2026-10-06T01:01:52Z,2026-10-06 01:01:25,SPXW,2026-10-09,C,7220.0,7773.9502,553.3,2.0,575.9,1.0,571.89,2.0,1.0,0.2834,0.9947,0.0001,-0.3004,0.131,0.9824
2026-10-06T01:01:52Z,2026-10-06 01:01:25,SPXW,2026-10-09,P,7220.0,7773.9502,0.35,24.0,0.5,100.0,0.48,9.0,366.0,0.2922,-0.0053,0.0001,-0.3005,0.131,-0.0055
2026-10-06T01:01:52Z,2026-10-06 01:01:25,SPXW,2026-10-09,C,7225.0,7773.9502,548.3,2.0,570.9,1.0,567.59,1.0,15.0,0.2808,0.9946,0.0001,-0.3037,0.1331,0.9829
2026-10-06T01:01:52Z,2026-10-06 01:01:25,SPXW,2026-10-09,P,7225.0,7773.9502,0.4,24.0,0.5,46.0,0.45,68.0,607.0,0.2898,-0.0054,0.0001,-0.3038,0.1331,-0.0056
2026-10-06T01:01:52Z,2026-10-06 01:01:25,SPXW,2026-10-09,C,7230.0,7773.9502,543.3,2.0,565.9,1.0,519.7,0.0,1.0,0.2781,0.9945,0.0001,-0.307,0.1352,0.9835
2026-10-06T01:01:52Z,2026-10-06 01:01:25,SPXW,2026-10-09,P,7230.0,7773.9502,0.35,25.0,0.45,45.0,0.47,14.0,275.0,0.2874,-0.0055,0.0001,-0.3071,0.1353,-0.0057
2026-10-06T01:01:52Z,2026-10-06 01:01:25,SPXW,2026-10-09,C,7240.0,7773.9502,533.4,2.0,555.9,1.0,0.0,0.0,0.0,0.2775,0.9943,0.0001,-0.314,0.1397,0.9847
2026-10-06T01:01:52Z,2026-10-06 01:01:25,SPXW,2026-10-09,P,7240.0,7773.9502,0.35,84.0,0.45,20.0,0.45,53.0,660.0,0.2826,-0.0057,0.0001,-0.314,0.1398,-0.0059
2026-10-06T01:01:52Z,2026-10-06 01:01:25,SPXW,2026-10-09,C,7250.0,7773.9502,523.4,2.0,546.0,1.0,522.27,13.0,25.0,0.2765,0.9941,0.0001,-0.3212,0.1444,0.9858
2026-10-06T01:01:52Z,2026-10-06 01:01:25,SPXW,2026-10-09,P,7250.0,7773.9502,0.4,19.0,0.45,19.0,0.45,637.0,908.0,0.2796,-0.006,0.0001,-0.3214,0.1446,-0.0062
2026-10-06T01:01:52Z,2026-10-06 01:01:25,SPXW,2026-10-09,C,7260.0,7773.9502,513.4,2.0,536.1,3.0,504.49,2.0,2.0,0.275,0.9939,0.0001,-0.3287,0.1494,0.987
2026-10-06T01:01:52Z,2026-10-06 01:01:25,SPXW,2026-10-09,P,7260.0,7773.9502,0.4,22.0,0.55,96.0,0.57,25.0,424.0,0.2766,-0.0062,0.0001,-0.329,0.1495,-0.0064
2026-10-06T01:01:52Z,2026-10-06 01:01:25,SPXW,2026-10-09,C,7265.0,7773.9502,508.4,2.0,531.1,3.0,526.36,2.0,0.0,0.2724,0.9937,0.0001,-0.3327,0.1519,0.9875
2026-10-06T01:01:52Z,2026-10-06 01:01:25,SPXW,2026-10-09,P,7265.0,7773.9502,0.4,23.0,0.55,94.0,0.0,0.0,0.0,0.2741,-0.0063,0.0001,-0.3329,0.152,-0.0065
2026-10-06T01:01:52Z,2026-10-06 01:01:25,SPXW,2026-10-09,C,7270.0,7773.9502,503.4,2.0,526.0,1.0,483.76,0.0,1.0,0.2659,0.9936,0.0001,-0.3367,0.1545,0.9881
2026-10-06T01:01:52Z,2026-10-06 01:01:25,SPXW,2026-10-09,P,7270.0,7773.9502,0.45,23.0,0.55,45.0,0.5,8.0,658.0,0.2717,-0.0064,0.0001,-0.3369,0.1547,-0.0066
2026-10-06T01:01:52Z,2026-10-06 01:01:25,SPXW,2026-10-09,C,7275.0,7773.9502,498.4,2.0,521.0,1.0,0.0,0.0,0.0,0.2633,0.9935,0.0001,-0.3408,0.1572,0.9886
2026-10-06T01:01:52Z,2026-10-06 01:01:25,SPXW,2026-10-09,P,7275.0,7773.9502,0.45,24.0,0.55,20.0,0.52,42.0,1343.0,0.2693,-0.0065,0.0001,-0.341,0.1574,-0.0068
2026-10-06T01:01:52Z,2026-10-06 01:01:25,SPXW,2026-10-09,C,7280.0,7773.9502,493.4,2.0,516.0,1.0,0.0,0.0,0.0,0.2607,0.9934,0.0001,-0.345,0.16,0.9892
2026-10-06T01:01:52Z,2026-10-06 01:01:25,SPXW,2026-10-09,P,7280.0,7773.9502,0.4,75.0,0.5,19.0,0.5,4.0,332.0,0.2668,-0.0067,0.0001,-0.3452,0.1601,-0.0069
2026-10-06T01:01:52Z,2026-10-06 01:01:25,SPXW,2026-10-09,C,7285.0,7773.9502,488.5,2.0,511.0,1.0,0.0,0.0,0.0,0.2618,0.9932,0.0001,-0.3493,0.1628,0.9897
2026-10-06T01:01:52Z,2026-10-06 01:01:25,SPXW,2026-10-09,P,7285.0,7773.9502,0.4,80.0,0.5,19.0,0.5,1.0,0.0,0.2644,-0.0068,0.0001,-0.3496,0.1631,-0.007
2026-10-06T01:01:52Z,2026-10-06 01:01:25,SPXW,2026-10-09,C,7290.0,7773.9502,483.5,2.0,506.0,1.0,501.48,1.0,5.0,0.2592,0.9931,0.0001,-0.3537,0.1658,0.9903
2026-10-06T01:01:52Z,2026-10-06 01:01:25,SPXW,2026-10-09,P,7290.0,7773.9502,0.4,85.0,0.5,19.0,0.67,8.0,399.0,0.2619,-0.0069,0.0001,-0.354,0.166,-0.0072
2026-10-06T01:01:52Z,2026-10-06 01:01:25,SPXW,2026-10-09,C,7295.0,7773.9502,478.5,2.0,501.0,1.0,0.0,0.0,0.0,0.2566,0.993,0.0001,-0.3583,0.1688,0.9908
2026-10-06T01:01:52Z,2026-10-06 01:01:25,SPXW,2026-10-09,P,7295.0,7773.9502,0.45,19.0,0.55,94.0,0.5,159.0,0.0,0.2627,-0.0071,0.0001,-0.3586,0.169,-0.0073
2026-10-06T01:01:52Z,2026-10-06 01:01:25,SPXW,2026-10-09,C,7300.0,7773.9502,473.5,2.0,496.0,1.0,472.38,5.0,14.0,0.254,0.9928,0.0001,-0.3629,0.1719,0.9913
2026-10-06T01:01:52Z,2026-10-06 01:01:25,SPXW,2026-10-09,P,7300.0,7773.9502,0.45,21.0,0.55,93.0,0.55,323.0,2363.0,0.2603,-0.0072,0.0001,-0.3633,0.1722,-0.0075
2026-10-06T01:01:52Z,2026-10-06 01:01:25,SPXW,2026-10-09,C,7305.0,7773.9502,468.5,2.0,491.0,1.0,459.04,2.0,0.0,0.2513,0.9927,0.0001,-0.3677,0.1752,0.9919
2026-10-06T01:01:52Z,2026-10-06 01:01:25,SPXW,2026-10-09,P,7305.0,7773.9502,0.45,22.0,0.55,91.0,0.0,0.0,0.0,0.2579,-0.0074,0.0001,-0.3681,0.1754,-0.0076
2026-10-06T01:01:52Z,2026-10-06 01:01:25,SPXW,2026-10-09,C,7310.0,7773.9502,463.5,2.0,486.1,1.0,483.66,2.0,2.0,0.2521,0.9925,0.0001,-0.3726,0.1785,0.9924
2026-10-06T01:01:52Z,2026-10-06 01:01:25,SPXW,2026-10-09,P,7310.0,7773.9502,0.5,22.0,0.6,20.0,0.59,29.0,1985.0,0.2554,-0.0075,0.0001,-0.373,0.1788,-0.0078
2026-10-06T01:01:52Z,2026-10-06 01:01:25,SPXW,2026-10-09,C,7315.0,7773.9502,458.5,2.0,481.1,1.0,0.0,0.0,0.0,0.2495,0.9923,0.0001,-0.3777,0.1819,0.9929
2026-10-06T01:01:52Z,2026-10-06 01:01:25,SPXW,2026-10-09,P,7315.0,7773.9502,0.5,1.0,0.55,19.0,0.0,0.0,0.0,0.2544,-0.0077,0.0001,-0.3781,0.1822,-0.008
2026-10-06T01:01:52Z,2026-10-06 01:01:25,SPXW,2026-10-09,C,7320.0,7773.9502,453.5,2.0,476.1,1.0,475.84,10.0,18.0,0.2469,0.9922,0.0001,-0.3829,0.1855,0.9934
2026-10-06T01:01:52Z,2026-10-06 01:01:25,SPXW,2026-10-09,P,7320.0,7773.9502,0.45,75.0,0.55,18.0,0.55,4.0,268.0,0.2505,-0.0079,0.0001,-0.3833,0.1858,-0.0081
2026-10-06T01:01:52Z,2026-10-06 01:01:25,SPXW,2026-10-09,C,7325.0,7773.9502,448.5,2.0,471.1,1.0,357.24,0.0,51.0,0.2442,0.992,0.0001,-0.3882,0.1892,0.9939
2026-10-06T01:01:52Z,2026-10-06 01:01:25,SPXW,2026-10-09,P,7325.0,7773.9502,0.5,1.0,0.55,18.0,0.55,357.0,3747.0,0.2495,-0.008,0.0001,-0.3887,0.1894,-0.0083
2026-10-06T01:01:52Z,2026-10-06 01:01:25,SPXW,2026-10-09,C,7330.0,7773.9502,443.6,2.0,466.1,1.0,442.43,3.0,3.0,0.2447,0.9918,0.0001,-0.3938,0.193,0.9944
2026-10-06T01:01:52Z,2026-10-06 01:01:25,SPXW,2026-10-09,P,7330.0,7773.9502,0.5,18.0,0.6,92.0,0.55,67.0,478.0,0.2484,-0.0082,0.0001,-0.3942,0.1933,-0.0085
2026-10-06T01:01:52Z,2026-10-06 01:01:25,SPXW,2026-10-09,C,7335.0,7773.9502,438.6,2.0,461.1,1.0,0.0,0.0,0.0,0.2421,0.9916,0.0001,-0.3995,0.1969,0.9949
2026-10-06T01:01:52Z,2026-10-06 01:01:25,SPXW,2026-10-09,P,7335.0,7773.9502,0.5,21.0,0.6,66.0,0.7,1.0,0.0,0.2459,-0.0084,0.0001,-0.3999,0.1972,-0.0087
2026-10-06T01:01:52Z,2026-10-06 01:01:25,SPXW,2026-10-09,C,7340.0,7773.9502,433.6,2.0,456.1,1.0,0.0,0.0,125.0,0.2395,0.9914,0.0001,-0.4054,0.2009,0.9954
2026-10-06T01:01:52Z,2026-10-06 01:01:25,SPXW,2026-10-09,P,7340.0,7773.9502,0.55,1.0,0.6,64.0,0.6,20.0,268.0,0.2447,-0.0086,0.0001,-0.4058,0.2012,-0.0089
2026-10-06T01:01:52Z,2026-10-06 01:01:25,SPXW,2026-10-09,C,7345.0,7773.9502,428.6,2.0,451.1,2.0,0.0,0.0,0.0,0.2368,0.9912,0.0001,-0.4114,0.2051,0.9959
2026-10-06T01:01:52Z,2026-10-06 01:01:25,SPXW,2026-10-09,P,7345.0,7773.9502,0.55,22.0,0.65,18.0,0.6,4.0,0.0,0.2409,-0.0088,0.0001,-0.4119,0.2054,-0.0091
2026-10-06T01:01:52Z,2026-10-06 01:01:25,SPXW,2026-10-09,C,7350.0,7773.9502,423.6,2.0,446.1,2.0,445.86,11.0,28.0,0.2342,0.991,0.0001,-0.4177,0.2094,0.9963
2026-10-06T01:01:52Z,2026-10-06 01:01:25,SPXW,2026-10-09,P,7350.0,7773.9502,0.5,46.0,0.6,18.0,0.61,835.0,2579.0,0.2384,-0.009,0.0001,-0.4182,0.2098,-0.0093
2026-10-06T01:01:52Z,2026-10-06 01:01:25,SPXW,2026-10-09,C,7355.0,7773.9502,418.6,2.0,441.1,1.0,0.0,0.0,0.0,0.2316,0.9908,0.0001,-0.4242,0.2139,0.9968
2026-10-06T01:01:52Z,2026-10-06 01:01:25,SPXW,2026-10-09,P,7355.0,7773.9502,0.5,90.0,0.6,17.0,0.6,8.0,0.0,0.236,-0.0092,0.0001,-0.4247,0.2142,-0.0096
2026-10-06T01:01:52Z,2026-10-06 01:01:25,SPXW,2026-10-09,C,7360.0,7773.9502,413.6,2.0,436.1,1.0,380.05,1.0,0.0,0.2289,0.9906,0.0001,-0.431,0.2185,0.9972
2026-10-06T01:01:52Z,2026-10-06 01:01:25,SPXW,2026-10-09,P,7360.0,7773.9502,0.55,18.0,0.65,65.0,0.65,55.0,460.0,0.2362,-0.0094,0.0001,-0.431,0.2185,-0.0098
2026-10-06T01:01:52Z,2026-10-06 01:01:25,SPXW,2026-10-09,C,7365.0,7773.9502,408.6,2.0,431.2,2.0,309.0,0.0,4.0,0.2291,0.9904,0.0001,-0.4379,0.2232,0.9977
2026-10-06T01:01:52Z,2026-10-06 01:01:25,SPXW,2026-10-09,P,7365.0,7773.9502,0.6,1.0,0.65,63.0,0.67,9.0,202.0,0.2349,-0.0096,0.0001,-0.4379,0.2232,-0.01
2026-10-06T01:01:52Z,2026-10-06 01:01:25,SPXW,2026-10-09,C,7370.0,7773.9502,403.7,2.0,426.2,2.0,396.99,1.0,46.0,0.2291,0.9901,0.0001,-0.4452,0.2281,0.9981
2026-10-06T01:01:52Z,2026-10-06 01:01:25,SPXW,2026-10-09,P,7370.0,7773.9502,0.6,45.0,0.7,17.0,0.7,339.0,543.0,0.2312,-0.0099,0.0001,-0.4452,0.2281,-0.0103
2026-10-06T01:01:52Z,2026-10-06 01:01:25,SPXW,2026-10-09,C,7375.0,7773.9502,398.7,2.0,421.2,2.0,384.37,1.0,11.0,0.2265,0.9899,0.0001,-0.4527,0.2332,0.9985
2026-10-06T01:01:52Z,2026-10-06 01:01:25,SPXW,2026-10-09,P,7375.0,7773.9502,0.55,45.0,0.65,17.0,0.65,141.0,1145.0,0.2286,-0.0102,0.0001,-0.4527,0.2332,-0.0106
2026-10-06T01:01:52Z,2026-10-06 01:01:25,SPXW,2026-10-09,C,7380.0,7773.9502,393.7,2.0,416.2,1.0,346.07,0.0,2.0,0.2238,0.9896,0.0001,-0.4605,0.2385,0.9989
2026-10-06T01:01:52Z,2026-10-06 01:01:25,SPXW,2026-10-09,P,7380.0,7773.9502,0.55,90.0,0.65,17.0,0.75,48.0,237.0,0.226,-0.0104,0.0001,-0.4608,0.2387,-0.0108
2026-10-06T01:01:52Z,2026-10-06 01:01:25,SPXW,2026-10-09,C,7385.0,7773.9502,388.7,2.0,411.2,1.0,354.66,1.0,0.0,0.2212,0.9893,0.0002,-0.4686,0.244,0.9993
2026-10-06T01:01:52Z,2026-10-06 01:01:25,SPXW,2026-10-09,P,7385.0,7773.9502,0.6,17.0,0.7,61.0,0.65,9.0,134.0,0.2259,-0.0107,0.0002,-0.4686,0.244,-0.0111
2026-10-06T01:01:52Z,2026-10-06 01:01:25,SPXW,2026-10-09,C,7390.0,7773.9502,383.7,2.0,406.2,1.0,369.37,1.0,2.0,0.2185,0.989,0.0002,-0.477,0.2497,0.9997
2026-10-06T01:01:52Z,2026-10-06 01:01:25,SPXW,2026-10-09,P,7390.0,7773.9502,0.65,44.0,0.75,17.0,0.7,59.0,1460.0,0.2234,-0.011,0.0002,-0.477,0.2497,-0.0114
2026-10-06T01:01:52Z,2026-10-06 01:01:25,SPXW,2026-10-09,C,7395.0,7773.9502,378.7,2.0,401.3,2.0,331.55,0.0,4.0,0.2183,0.9888,0.0002,-0.4858,0.2556,1.0001
2026-10-06T01:01:52Z,2026-10-06 01:01:25,SPXW,2026-10-09,P,7395.0,7773.9502,0.6,45.0,0.7,17.0,0.75,12.0,204.0,0.2208,-0.0113,0.0002,-0.4858,0.2556,-0.0117
2026-10-06T01:01:52Z,2026-10-06 01:01:25,SPXW,2026-10-09,C,7400.0,7773.9502,373.8,2.0,396.3,2.0,367.04,1.0,99.0,0.2179,0.9884,0.0002,-0.495,0.2618,1.0004
2026-10-06T01:01:52Z,2026-10-06 01:01:25,SPXW,2026-10-09,P,7400.0,7773.9502,0.65,4.0,0.75,68.0,0.75,1170.0,5536.0,0.2204,-0.0116,0.0002,-0.495,0.2618,-0.012
2026-10-06T01:01:52Z,2026-10-06 01:01:25,SPXW,2026-10-09,C,7405.0,7773.9502,368.8,2.0,391.3,1.0,0.0,0.0,0.0,0.2152,0.9881,0.0002,-0.5045,0.2683,1.0008
2026-10-06T01:01:52Z,2026-10-06 01:01:25,SPXW,2026-10-09,P,7405.0,7773.9502,0.7,39.0,0.8,58.0,0.75,43.0,189.0,0.2178,-0.0119,0.0002,-0.5045,0.2683,-0.0124
2026-10-06T01:01:52Z,2026-10-06 01:01:25,SPXW,2026-10-09,C,7410.0,7773.9502,363.8,2.0,386.3,1.0,320.15,0.0,8.0,0.2125,0.9878,0.0002,-0.5144,0.275,1.0011
2026-10-06T01:01:52Z,2026-10-06 01:01:25,SPXW,2026-10-09,P,7410.0,7773.9502,0.65,44.0,0.75,16.0,0.8,118.0,635.0,0.2153,-0.0123,0.0002,-0.5144,0.275,-0.0127
2026-10-06T01:01:52Z,2026-10-06 01:01:25,SPXW,2026-10-09,C,7415.0,7773.9502,358.8,2.0,381.3,1.0,0.0,0.0,0.0,0.2099,0.9874,0.0002,-0.5248,0.2821,1.0014
2026-10-06T01:01:52Z,2026-10-06 01:01:25,SPXW,2026-10-09,P,7415.0,7773.9502,0.65,86.0,0.75,16.0,0.75,31.0,541.0,0.2127,-0.0126,0.0002,-0.5248,0.2821,-0.0131
2026-10-06T01:01:52Z,2026-10-06 01:01:25,SPXW,2026-10-09,C,7420.0,7773.9502,353.8,2.0,376.3,1.0,225.65,0.0,8.0,0.2072,0.987,0.0002,-0.5356,0.2895,1.0017
2026-10-06T01:01:52Z,2026-10-06 01:01:25,SPXW,2026-10-09,P,7420.0,7773.9502,0.7,38.0,0.8,57.0,0.75,82.0,513.0,0.2121,-0.013,0.0002,-0.5356,0.2895,-0.0135
2026-10-06T01:01:52Z,2026-10-06 01:01:25,SPXW,2026-10-09,C,7425.0,7773.9502,348.9,2.0,371.4,2.0,282.59,0.0,3.0,0.2086,0.9866,0.0002,-0.5469,0.2972,1.002
2026-10-06T01:01:52Z,2026-10-06 01:01:25,SPXW,2026-10-09,P,7425.0,7773.9502,0.7,40.0,0.8,17.0,0.8,168.0,525.0,0.2094,-0.0134,0.0002,-0.5472,0.2974,-0.0139
2026-10-06T01:01:52Z,2026-10-06 01:01:25,SPXW,2026-10-09,C,7430.0,7773.9502,343.9,2.0,366.4,2.0,297.65,0.0,10.0,0.2059,0.9862,0.0002,-0.5588,0.3052,1.0022
2026-10-06T01:01:52Z,2026-10-06 01:01:25,SPXW,2026-10-09,P,7430.0,7773.9502,0.7,82.0,0.8,16.0,0.8,90.0,302.0,0.2078,-0.0138,0.0002,-0.5591,0.3054,-0.0144
2026-10-06T01:01:52Z,2026-10-06 01:01:25,SPXW,2026-10-09,C,7435.0,7773.9502,338.9,2.0,361.4,2.0,286.77,0.0,2.0,0.2032,0.9858,0.0002,-0.5712,0.3136,1.0025
2026-10-06T01:01:52Z,2026-10-06 01:01:25,SPXW,2026-10-09,P,7435.0,7773.9502,0.75,38.0,0.85,20.0,0.8,58.0,415.0,0.2061,-0.0143,0.0002,-0.5715,0.3138,-0.0148
2026-10-06T01:01:52Z,2026-10-06 01:01:25,SPXW,2026-10-09,C,7440.0,7773.9502,333.9,2.0,356.4,1.0,287.19,0.0,10.0,0.2005,0.9853,0.0002,-0.5842,0.3224,1.0027
2026-10-06T01:01:52Z,2026-10-06 01:01:25,SPXW,2026-10-09,P,7440.0,7773.9502,0.75,44.0,0.85,16.0,0.85,152.0,900.0,0.2035,-0.0147,0.0002,-0.5845,0.3226,-0.0153
2026-10-06T01:01:52Z,2026-10-06 01:01:25,SPXW,2026-10-09,C,7445.0,7773.9502,329.0,2.0,351.4,1.0,313.85,1.0,7.0,0.1996,0.9848,0.0002,-0.5978,0.3315,1.0028
2026-10-06T01:01:52Z,2026-10-06 01:01:25,SPXW,2026-10-09,P,7445.0,7773.9502,0.8,38.0,0.9,55.0,0.85,34.0,241.0,0.2026,-0.0152,0.0002,-0.5982,0.3317,-0.0158
2026-10-06T01:01:52Z,2026-10-06 01:01:25,SPXW,2026-10-09,C,7450.0,7773.9502,324.0,2.0,346.5,2.0,290.52,1.0,65.0,0.1986,0.9843,0.0002,-0.6121,0.341,1.003
2026-10-06T01:01:52Z,2026-10-06 01:01:25,SPXW,2026-10-09,P,7450.0,7773.9502,0.8,44.0,0.9,20.0,0.95,1003.0,1564.0,0.1999,-0.0157,0.0002,-0.6125,0.3412,-0.0164
2026-10-06T01:01:52Z,2026-10-06 01:01:25,SPXW,2026-10-09,C,7455.0,7773.9502,319.0,2.0,341.5,2.0,328.8,1.0,1.0,0.1959,0.9838,0.0003,-0.6272,0.3509,1.0031
2026-10-06T01:01:52Z,2026-10-06 01:01:25,SPXW,2026-10-09,P,7455.0,7773.9502,0.85,22.0,0.95,54.0,1.0,62.0,501.0,0.1989,-0.0163,0.0003,-0.6276,0.3512,-0.017
2026-10-06T01:01:52Z,2026-10-06 01:01:25,SPXW,2026-10-09,C,7460.0,7773.9502,314.0,2.0,336.5,1.0,298.55,1.0,27.0,0.1932,0.9832,0.0003,-0.643,0.3613,1.0032
2026-10-06T01:01:52Z,2026-10-06 01:01:25,SPXW,2026-10-09,P,7460.0,7773.9502,0.85,39.0,0.95,15.0,1.0,122.0,673.0,0.1962,-0.0168,0.0003,-0.6434,0.3616,-0.0176
2026-10-06T01:01:52Z,2026-10-06 01:01:25,SPXW,2026-10-09,C,7465.0,7773.9502,309.1,2.0,331.6,2.0,310.43,3.0,7.0,0.1937,0.9826,0.0003,-0.6596,0.3722,1.0032
2026-10-06T01:01:52Z,2026-10-06 01:01:25,SPXW,2026-10-09,P,7465.0,7773.9502,0.9,37.0,1.0,15.0,0.95,171.0,403.0,0.1951,-0.0174,0.0003,-0.66,0.3725,-0.0182
2026-10-06T01:01:52Z,2026-10-06 01:01:25,SPXW,2026-10-09,C,7470.0,7773.9502,304.1,2.0,326.6,1.0,209.93,0.0,44.0,0.1909,0.982,0.0003,-0.6771,0.3837,1.0032
2026-10-06T01:01:52Z,2026-10-06 01:01:25,SPXW,2026-10-09,P,7470.0,7773.9502,0.9,43.0,1.0,18.0,1.05,487.0,736.0,0.1924,-0.0181,0.0003,-0.6775,0.384,-0.0189
2026-10-06T01:01:52Z,2026-10-06 01:01:25,SPXW,2026-10-09,C,7475.0,7773.9502,299.1,2.0,321.6,1.0,215.1,0.0,15.0,0.1882,0.9813,0.0003,-0.6954,0.3958,1.0032
2026-10-06T01:01:52Z,2026-10-06 01:01:25,SPXW,2026-10-09,P,7475.0,7773.9502,0.95,41.0,1.05,20.0,1.08,871.0,2381.0,0.1912,-0.0188,0.0003,-0.6959,0.3961,-0.0196
2026-10-06T01:01:52Z,2026-10-06 01:01:25,SPXW,2026-10-09,C,7480.0,7773.9502,294.2,2.0,316.7,2.0,199.1,0.0,60.0,0.1883,0.9806,0.0003,-0.7148,0.4085,1.0031
2026-10-06T01:01:52Z,2026-10-06 01:01:25,SPXW,2026-10-09,P,7480.0,7773.9502,0.95,78.0,1.1,54.0,1.1,351.0,1669.0,0.1899,-0.0195,0.0003,-0.7148,0.4085,-0.0203
2026-10-06T01:01:52Z,2026-10-06 01:01:25,SPXW,2026-10-09,C,7485.0,7773.9502,289.2,2.0,311.7,1.0,274.11,1.0,1.0,0.1855,0.9798,0.0003,-0.7351,0.4219,1.003
2026-10-06T01:01:52Z,2026-10-06 01:01:25,SPXW,2026-10-09,P,7485.0,7773.9502,1.0,43.0,1.1,20.0,1.15,816.0,560.0,0.1872,-0.0202,0.0003,-0.7351,0.4219,-0.0211
2026-10-06T01:01:52Z,2026-10-06 01:01:25,SPXW,2026-10-09,C,7490.0,7773.9502,284.3,2.0,306.7,1.0,183.72,0.0,7.0,0.1841,0.979,0.0003,-0.7565,0.436,1.0029
2026-10-06T01:01:52Z,2026-10-06 01:01:25,SPXW,2026-10-09,P,7490.0,7773.9502,1.05,40.0,1.15,18.0,1.2,561.0,866.0,0.1858,-0.021,0.0003,-0.7565,0.436,-0.0219
2026-10-06T01:01:52Z,2026-10-06 01:01:25,SPXW,2026-10-09,C,7495.0,7773.9502,279.3,2.0,301.8,1.0,211.05,0.0,4.0,0.1826,0.9782,0.0004,-0.7791,0.4508,1.0027
2026-10-06T01:01:52Z,2026-10-06 01:01:25,SPXW,2026-10-09,P,7495.0,7773.9502,1.1,24.0,1.2,18.0,1.2,787.0,1216.0,0.1843,-0.0219,0.0004,-0.7791,0.4508,-0.0228
2026-10-06T01:01:52Z,2026-10-06 01:01:25,SPXW,2026-10-09,C,7500.0,7773.9502,274.3,2.0,296.9,3.0,296.24,2.0,56.0,0.181,0.9772,0.0004,-0.8029,0.4663,1.0024
2026-10-06T01:01:52Z,2026-10-06 01:01:25,SPXW,2026-10-09,P,7500.0,7773.9502,1.1,75.0,1.25,17.0,1.3,2885.0,3255.0,0.1822,-0.0228,0.0004,-0.8029,0.4663,-0.0238
2026-10-06T01:01:52Z,2026-10-06 01:01:25,SPXW,2026-10-09,C,7505.0,7773.9502,269.4,2.0,291.9,1.0,289.65,1.0,3.0,0.1794,0.9763,0.0004,-0.828,0.4826,1.002
2026-10-06T01:01:52Z,2026-10-06 01:01:25,SPXW,2026-10-09,P,7505.0,7773.9502,1.15,40.0,1.25,14.0,1.35,471.0,530.0,0.1806,-0.0237,0.0004,-0.828,0.4826,-0.0248
2026-10-06T01:01:52Z,2026-10-06 01:01:25,SPXW,2026-10-09,C,7510.0,7773.9502,264.4,2.0,287.0,3.0,279.61,8.0,79.0,0.1778,0.9753,0.0004,-0.8545,0.4996,1.0016
2026-10-06T01:01:52Z,2026-10-06 01:01:25,SPXW,2026-10-09,P,7510.0,7773.9502,1.2,39.0,1.3,18.0,1.36,420.0,697.0,0.1784,-0.0248,0.0004,-0.8545,0.4996,-0.0259
2026-10-06T01:01:52Z,2026-10-06 01:01:25,SPXW,2026-10-09,C,7515.0,7773.9502,259.5,2.0,282.0,1.0,151.7,0.0,11.0,0.176,0.9742,0.0004,-0.8824,0.5174,1.0012
2026-10-06T01:01:52Z,2026-10-06 01:01:25,SPXW,2026-10-09,P,7515.0,7773.9502,1.25,38.0,1.35,18.0,1.3,511.0,774.0,0.1772,-0.0258,0.0004,-0.8824,0.5174,-0.0271
2026-10-06T01:01:52Z,2026-10-06 01:01:25,SPXW,2026-10-09,C,7520.0,7773.9502,254.6,2.0,277.1,3.0,211.34,0.0,15.0,0.1753,0.973,0.0004,-0.9119,0.5362,1.0006
2026-10-06T01:01:52Z,2026-10-06 01:01:25,SPXW,2026-10-09,P,7520.0,7773.9502,1.3,38.0,1.45,17.0,1.5,1005.0,2182.0,0.1754,-0.027,0.0004,-0.9119,0.5362,-0.0283
2026-10-06T01:01:52Z,2026-10-06 01:01:25,SPXW,2026-10-09,C,7525.0,7773.9502,249.6,2.0,272.1,1.0,208.73,0.0,115.0,0.1724,0.9718,0.0005,-0.943,0.556,1.0
2026-10-06T01:01:52Z,2026-10-06 01:01:25,SPXW,2026-10-09,P,7525.0,7773.9502,1.35,36.0,1.5,15.0,1.62,1500.0,3774.0,0.1736,-0.0282,0.0005,-0.943,0.556,-0.0296
2026-10-06T01:01:52Z,2026-10-06 01:01:25,SPXW,2026-10-09,C,7530.0,7773.9502,244.7,2.0,267.2,3.0,234.1,10.0,17.0,0.1715,0.9705,0.0005,-0.9758,0.5769,0.9994
2026-10-06T01:01:52Z,2026-10-06 01:01:25,SPXW,2026-10-09,P,7530.0,7773.9502,1.45,21.0,1.55,17.0,1.6,752.0,2910.0,0.1723,-0.0295,0.0005,-0.9758,0.5769,-0.0309
2026-10-06T01:01:52Z,2026-10-06 01:01:25,SPXW,2026-10-09,C,7535.0,7773.9502,239.8,2.0,262.3,3.0,155.6,0.0,38.0,0.1705,0.9691,0.0005,-1.0103,0.599,0.9986
2026-10-06T01:01:52Z,2026-10-06 01:01:25,SPXW,2026-10-09,P,7535.0,7773.9502,1.5,35.0,1.6,16.0,1.7,1233.0,753.0,0.1703,-0.0309,0.0005,-1.0103,0.599,-0.0324
2026-10-06T01:01:52Z,2026-10-06 01:01:25,SPXW,2026-10-09,C,7540.0,7773.9502,234.8,2.0,257.3,1.0,255.66,3.0,18.0,0.1675,0.9676,0.0005,-1.0468,0.6224,0.9977
2026-10-06T01:01:52Z,2026-10-06 01:01:25,SPXW,2026-10-09,P,7540.0,7773.9502,1.55,35.0,1.7,15.0,1.75,957.0,969.0,0.1688,-0.0324,0.0005,-1.0468,0.6224,-0.034
2026-10-06T01:01:52Z,2026-10-06 01:01:25,SPXW,2026-10-09,C,7545.0,7773.9502,229.9,2.0,252.4,3.0,201.27,0.0,8.0,0.1664,0.966,0.0006,-1.0851,0.6468,0.9967
2026-10-06T01:01:52Z,2026-10-06 01:01:25,SPXW,2026-10-09,P,7545.0,7773.9502,1.65,31.0,1.75,15.0,1.85,504.0,712.0,0.1672,-0.034,0.0006,-1.0851,0.6468,-0.0356
2026-10-06T01:01:52Z,2026-10-06 01:01:25,SPXW,2026-10-09,C,7550.0,7773.9502,225.0,2.0,247.4,1.0,246.27,31.0,166.0,0.1643,0.9643,0.0006,-1.1256,0.6724,0.9956
2026-10-06T01:01:52Z,2026-10-06 01:01:25,SPXW,2026-10-09,P,7550.0,7773.9502,1.7,33.0,1.85,15.0,1.99,1336.0,2555.0,0.1659,-0.0357,0.0006,-1.1256,0.6724,-0.0375
2026-10-06T01:01:52Z,2026-10-06 01:01:25,SPXW,2026-10-09,C,7555.0,7773.9502,220.1,2.0,242.5,1.0,240.04,22.0,35.0,0.1629,0.9625,0.0006,-1.1683,0.6992,0.9943
2026-10-06T01:01:52Z,2026-10-06 01:01:25,SPXW,2026-10-09,P,7555.0,7773.9502,1.8,32.0,1.95,14.0,2.15,779.0,588.0,0.1642,-0.0375,0.0006,-1.1683,0.6992,-0.0394
2026-10-06T01:01:52Z,2026-10-06 01:01:25,SPXW,2026-10-09,C,7560.0,7773.9502,215.2,2.0,237.6,1.0,216.85,1.0,56.0,0.1615,0.9606,0.0006,-1.2133,0.7272,0.993
2026-10-06T01:01:52Z,2026-10-06 01:01:25,SPXW,2026-10-09,P,7560.0,7773.9502,1.9,30.0,2.05,14.0,2.1,1212.0,1109.0,0.1628,-0.0394,0.0006,-1.2133,0.7272,-0.0414
2026-10-06T01:01:52Z,2026-10-06 01:01:25,SPXW,2026-10-09,C,7565.0,7773.9502,210.3,2.0,232.7,1.0,176.89,1.0,21.0,0.16,0.9586,0.0007,-1.2607,0.7567,0.9915
2026-10-06T01:01:52Z,2026-10-06 01:01:25,SPXW,2026-10-09,P,7565.0,7773.9502,2.05,9.0,2.15,12.0,2.22,1095.0,764.0,0.1616,-0.0415,0.0007,-1.2607,0.7567,-0.0436
2026-10-06T01:01:52Z,2026-10-06 01:01:25,SPXW,2026-10-09,C,7570.0,7773.9502,205.4,2.0,227.8,1.0,224.41,1.0,81.0,0.1584,0.9564,0.0007,-1.3106,0.7879,0.9899
2026-10-06T01:01:52Z,2026-10-06 01:01:25,SPXW,2026-10-09,P,7570.0,7773.9502,2.15,11.0,2.25,11.0,2.29,1248.0,1213.0,0.16,-0.0437,0.0007,-1.3106,0.7879,-0.0459
2026-10-06T01:01:52Z,2026-10-06 01:01:25,SPXW,2026-10-09,C,7575.0,7773.9502,201.5,2.0,224.1,2.0,217.2,4.0,86.0,0.1701,0.954,0.0008,-1.3631,0.8208,0.9881
2026-10-06T01:01:52Z,2026-10-06 01:01:25,SPXW,2026-10-09,P,7575.0,7773.9502,2.25,11.0,2.35,11.0,2.57,1282.0,1247.0,0.1582,-0.046,0.0008,-1.3631,0.8208,-0.0483
2026-10-06T01:01:52Z,2026-10-06 01:01:25,SPXW,2026-10-09,C,7580.0,7773.9502,197.6,2.0,216.2,2.0,188.83,13.0,174.0,0.1562,0.9515,0.0008,-1.4182,0.8555,0.9861
2026-10-06T01:01:52Z,2026-10-06 01:01:25,SPXW,2026-10-09,P,7580.0,7773.9502,2.4,9.0,2.5,10.0,3.01,1161.0,1092.0,0.1571,-0.0485,0.0008,-1.4182,0.8555,-0.051
2026-10-06T01:01:52Z,2026-10-06 01:01:25,SPXW,2026-10-09,C,7585.0,7773.9502,192.8,2.0,211.3,1.0,175.27,1.0,65.0,0.1549,0.9489,0.0008,-1.4762,0.8917,0.984
2026-10-06T01:01:52Z,2026-10-06 01:01:25,SPXW,2026-10-09,P,7585.0,7773.9502,2.55,9.0,2.6,8.0,2.8,503.0,550.0,0.1558,-0.0512,0.0008,-1.4762,0.8917,-0.0538
2026-10-06T01:01:52Z,2026-10-06 01:01:25,SPXW,2026-10-09,C,7590.0,7773.9502,187.9,2.0,206.5,2.0,204.87,28.0,314.0,0.1535,0.946,0.0009,-1.5371,0.9294,0.9816
2026-10-06T01:01:52Z,2026-10-06 01:01:25,SPXW,2026-10-09,P,7590.0,7773.9502,2.65,18.0,2.75,8.0,3.02,1470.0,1045.0,0.1544,-0.054,0.0009,-1.5371,0.9294,-0.0569
2026-10-06T01:01:52Z,2026-10-06 01:01:25,SPXW,2026-10-09,C,7595.0,7773.9502,183.1,2.0,201.6,1.0,143.0,0.0,47.0,0.152,0.943,0.0009,-1.6011,0.9687,0.979
2026-10-06T01:01:52Z,2026-10-06 01:01:25,SPXW,2026-10-09,P,7595.0,7773.9502,2.85,9.0,2.95,10.0,3.1,698.0,479.0,0.1529,-0.0571,0.0009,-1.6011,0.9687,-0.0602
2026-10-06T01:01:52Z,2026-10-06 01:01:25,SPXW,2026-10-09,C,7600.0,7773.9502,187.4,3.0,188.5,3.0,196.8,53.0,610.0,0.152,0.9397,0.001,-1.6683,1.0099,0.9762
2026-10-06T01:01:52Z,2026-10-06 01:01:25,SPXW,2026-10-09,P,7600.0,7773.9502,3.0,11.0,3.1,10.0,3.4,3114.0,5003.0,0.1513,-0.0603,0.001,-1.6683,1.0099,-0.0636
2026-10-06T01:01:52Z,2026-10-06 01:01:25,SPXW,2026-10-09,C,7605.0,7773.9502,173.4,2.0,192.0,2.0,166.8,6.0,44.0,0.1492,0.9362,0.001,-1.7386,1.0533,0.9733
2026-10-06T01:01:52Z,2026-10-06 01:01:25,SPXW,2026-10-09,P,7605.0,7773.9502,3.2,8.0,3.3,9.0,3.6,568.0,305.0,0.1501,-0.0638,0.001,-1.7386,1.0533,-0.0672
2026-10-06T01:01:52Z,2026-10-06 01:01:25,SPXW,2026-10-09,C,7610.0,7773.9502,168.6,2.0,187.2,2.0,188.8,13.0,172.0,0.1479,0.9325,0.0011,-1.8123,1.099,0.9701
2026-10-06T01:01:52Z,2026-10-06 01:01:25,SPXW,2026-10-09,P,7610.0,7773.9502,3.4,8.0,3.5,9.0,3.8,575.0,861.0,0.1488,-0.0675,0.0011,-1.8123,1.099,-0.0712
2026-10-06T01:01:52Z,2026-10-06 01:01:25,SPXW,2026-10-09,C,7615.0,7773.9502,163.8,2.0,182.4,2.0,164.04,2.0,33.0,0.1465,0.9286,0.0012,-1.8894,1.1468,0.9665
2026-10-06T01:01:52Z,2026-10-06 01:01:25,SPXW,2026-10-09,P,7615.0,7773.9502,3.6,8.0,3.7,9.0,3.8,1384.0,1663.0,0.1473,-0.0715,0.0012,-1.8894,1.1468,-0.0754
2026-10-06T01:01:52Z,2026-10-06 01:01:25,SPXW,2026-10-09,C,7620.0,7773.9502,159.1,2.0,177.5,1.0,178.03,45.0,163.0,0.1449,0.9243,0.0012,-1.9699,1.1963,0.9626
2026-10-06T01:01:52Z,2026-10-06 01:01:25,SPXW,2026-10-09,P,7620.0,7773.9502,3.8,10.0,3.9,3.0,4.1,1414.0,1279.0,0.1462,-0.0757,0.0012,-1.9699,1.1963,-0.08
2026-10-06T01:01:52Z,2026-10-06 01:01:25,SPXW,2026-10-09,C,7625.0,7773.9502,163.3,3.0,164.6,3.0,174.42,12.0,592.0,0.145,0.9198,0.0013,-2.054,1.2475,0.9584
2026-10-06T01:01:52Z,2026-10-06 01:01:25,SPXW,2026-10-09,P,7625.0,7773.9502,4.0,16.0,4.2,8.0,4.4,1641.0,2339.0,0.1445,-0.0802,0.0013,-2.054,1.2475,-0.0848
2026-10-06T01:01:52Z,2026-10-06 01:01:25,SPXW,2026-10-09,C,7630.0,7773.9502,149.6,2.0,168.0,1.0,138.64,12.0,167.0,0.1423,0.915,0.0014,-2.1418,1.3008,0.954
2026-10-06T01:01:52Z,2026-10-06 01:01:25,SPXW,2026-10-09,P,7630.0,7773.9502,4.3,14.0,4.5,47.0,4.58,989.0,1050.0,0.1435,-0.085,0.0014,-2.1418,1.3008,-0.09
2026-10-06T01:01:52Z,2026-10-06 01:01:25,SPXW,2026-10-09,C,7635.0,7773.9502,144.9,2.0,163.3,1.0,136.05,7.0,155.0,0.1411,0.9098,0.0014,-2.2332,1.3566,0.9492
2026-10-06T01:01:52Z,2026-10-06 01:01:25,SPXW,2026-10-09,P,7635.0,7773.9502,4.6,7.0,4.7,9.0,5.06,716.0,2079.0,0.1424,-0.0902,0.0014,-2.2332,1.3566,-0.0954
2026-10-06T01:01:52Z,2026-10-06 01:01:25,SPXW,2026-10-09,C,7640.0,7773.9502,149.3,3.0,150.4,3.0,155.22,9.0,278.0,0.1414,0.9043,0.0015,-2.3282,1.4151,0.9441
2026-10-06T01:01:52Z,2026-10-06 01:01:25,SPXW,2026-10-09,P,7640.0,7773.9502,4.9,7.0,5.0,3.0,5.41,1555.0,1360.0,0.141,-0.0957,0.0015,-2.3282,1.4151,-0.1012
2026-10-06T01:01:52Z,2026-10-06 01:01:25,SPXW,2026-10-09,C,7645.0,7773.9502,135.5,2.0,153.9,1.0,122.09,2.0,98.0,0.1384,0.8984,0.0016,-2.4267,1.4758,0.9384
2026-10-06T01:01:52Z,2026-10-06 01:01:25,SPXW,2026-10-09,P,7645.0,7773.9502,5.2,13.0,5.4,23.0,5.6,1623.0,1459.0,0.1396,-0.1016,0.0016,-2.4267,1.4758,-0.1076
2026-10-06T01:01:52Z,2026-10-06 01:01:25,SPXW,2026-10-09,C,7650.0,7773.9502,139.8,3.0,141.1,3.0,136.53,128.0,921.0,0.1385,0.8922,0.0017,-2.5288,1.538,0.9323
2026-10-06T01:01:52Z,2026-10-06 01:01:25,SPXW,2026-10-09,P,7650.0,7773.9502,5.5,26.0,5.7,8.0,6.1,2162.0,1851.0,0.1383,-0.1079,0.0017,-2.5288,1.538,-0.1144
2026-10-06T01:01:52Z,2026-10-06 01:01:25,SPXW,2026-10-09,C,7655.0,7773.9502,135.2,3.0,136.5,3.0,146.79,50.0,183.0,0.1374,0.8855,0.0018,-2.6344,1.6018,0.9258
2026-10-06T01:01:52Z,2026-10-06 01:01:25,SPXW,2026-10-09,P,7655.0,7773.9502,5.9,22.0,6.1,23.0,6.3,459.0,765.0,0.1368,-0.1146,0.0018,-2.6344,1.6018,-0.1215
2026-10-06T01:01:52Z,2026-10-06 01:01:25,SPXW,2026-10-09,C,7660.0,7773.9502,121.6,2.0,140.1,1.0,132.35,87.0,336.0,0.1348,0.8783,0.0019,-2.7434,1.6679,0.919
2026-10-06T01:01:52Z,2026-10-06 01:01:25,SPXW,2026-10-09,P,7660.0,7773.9502,6.3,21.0,6.5,22.0,6.82,1136.0,732.0,0.1356,-0.1217,0.0019,-2.7434,1.6679,-0.1291
2026-10-06T01:01:52Z,2026-10-06 01:01:25,SPXW,2026-10-09,C,7665.0,7773.9502,126.1,3.0,127.3,3.0,132.78,32.0,458.0,0.1349,0.8707,0.002,-2.8554,1.7368,0.9116
2026-10-06T01:01:52Z,2026-10-06 01:01:25,SPXW,2026-10-09,P,7665.0,7773.9502,6.7,22.0,7.0,38.0,7.5,671.0,613.0,0.1347,-0.1293,0.002,-2.8554,1.7368,-0.1371
2026-10-06T01:01:52Z,2026-10-06 01:01:25,SPXW,2026-10-09,C,7670.0,7773.9502,121.5,3.0,122.8,3.0,118.3,14.0,398.0,0.1336,0.8626,0.0021,-2.9704,1.8077,0.9036
2026-10-06T01:01:52Z,2026-10-06 01:01:25,SPXW,2026-10-09,P,7670.0,7773.9502,7.2,14.0,7.4,7.0,8.0,3144.0,816.0,0.1334,-0.1374,0.0021,-2.9704,1.8077,-0.1458
2026-10-06T01:01:52Z,2026-10-06 01:01:25,SPXW,2026-10-09,C,7675.0,7773.9502,117.0,3.0,118.3,3.0,116.12,68.0,449.0,0.1323,0.854,0.0022,-3.088,1.8796,0.8949
2026-10-06T01:01:52Z,2026-10-06 01:01:25,SPXW,2026-10-09,P,7675.0,7773.9502,7.7,14.0,7.9,7.0,8.5,1081.0,1563.0,0.1319,-0.146,0.0022,-3.088,1.8796,-0.1552
2026-10-06T01:01:52Z,2026-10-06 01:01:25,SPXW,2026-10-09,C,7680.0,7773.9502,112.6,3.0,113.8,3.0,106.2,96.0,296.0,0.1314,0.8449,0.0023,-3.208,1.9523,0.8858
2026-10-06T01:01:52Z,2026-10-06 01:01:25,SPXW,2026-10-09,P,7680.0,7773.9502,8.2,20.0,8.4,5.0,8.9,620.0,1210.0,0.131,-0.1551,0.0023,-3.208,1.9523,-0.165
2026-10-06T01:01:52Z,2026-10-06 01:01:25,SPXW,2026-10-09,C,7685.0,7773.9502,108.2,3.0,109.4,3.0,101.9,69.0,131.0,0.13,0.8352,0.0024,-3.3298,2.0269,0.8762
2026-10-06T01:01:52Z,2026-10-06 01:01:25,SPXW,2026-10-09,P,7685.0,7773.9502,8.8,12.0,9.0,6.0,9.3,1081.0,730.0,0.1297,-0.1648,0.0024,-3.3298,2.0269,-0.1753
2026-10-06T01:01:52Z,2026-10-06 01:01:25,SPXW,2026-10-09,C,7690.0,7773.9502,103.9,3.0,105.0,3.0,99.9,202.0,320.0,0.1289,0.8249,0.0025,-3.453,2.1034,0.8659
2026-10-06T01:01:52Z,2026-10-06 01:01:25,SPXW,2026-10-09,P,7690.0,7773.9502,9.4,20.0,9.6,5.0,10.12,2370.0,1034.0,0.1286,-0.1752,0.0025,-3.453,2.1034,-0.1863
2026-10-06T01:01:52Z,2026-10-06 01:01:25,SPXW,2026-10-09,C,7695.0,7773.9502,99.5,3.0,100.7,3.0,111.77,51.0,249.0,0.1276,0.8139,0.0026,-3.577,2.1808,0.8547
2026-10-06T01:01:52Z,2026-10-06 01:01:25,SPXW,2026-10-09,P,7695.0,7773.9502,10.1,13.0,10.3,6.0,11.0,2232.0,223.0,0.1273,-0.1861,0.0026,-3.577,2.1808,-0.1982
2026-10-06T01:01:52Z,2026-10-06 01:01:25,SPXW,2026-10-09,C,7700.0,7773.9502,95.3,3.0,96.4,3.0,91.9,272.0,1656.0,0.1266,0.8024,0.0028,-3.7011,2.2576,0.8429
2026-10-06T01:01:52Z,2026-10-06 01:01:25,SPXW,2026-10-09,P,7700.0,7773.9502,10.8,19.0,11.0,4.0,11.57,3809.0,3359.0,0.1261,-0.1976,0.0028,-3.7011,2.2576,-0.2107
2026-10-06T01:01:52Z,2026-10-06 01:01:25,SPXW,2026-10-09,C,7705.0,7773.9502,91.1,3.0,92.2,3.0,96.28,50.0,347.0,0.1253,0.7902,0.0029,-3.8248,2.3342,0.8306
2026-10-06T01:01:52Z,2026-10-06 01:01:25,SPXW,2026-10-09,P,7705.0,7773.9502,11.6,8.0,11.8,5.0,12.49,985.0,648.0,0.1251,-0.2098,0.0029,-3.8248,2.3342,-0.2237
2026-10-06T01:01:52Z,2026-10-06 01:01:25,SPXW,2026-10-09,C,7710.0,7773.9502,86.9,3.0,88.0,3.0,83.83,195.0,566.0,0.1242,0.7773,0.003,-3.9471,2.4118,0.8175
2026-10-06T01:01:52Z,2026-10-06 01:01:25,SPXW,2026-10-09,P,7710.0,7773.9502,12.4,12.0,12.6,5.0,13.4,648.0,449.0,0.1238,-0.2227,0.003,-3.9471,2.4118,-0.2374
2026-10-06T01:01:52Z,2026-10-06 01:01:25,SPXW,2026-10-09,C,7715.0,7773.9502,82.8,3.0,83.9,3.0,87.58,113.0,496.0,0.1231,0.7637,0.0031,-4.067,2.4891,0.8034
2026-10-06T01:01:52Z,2026-10-06 01:01:25,SPXW,2026-10-09,P,7715.0,7773.9502,13.3,11.0,13.5,5.0,15.3,1485.0,431.0,0.1227,-0.2363,0.0031,-4.067,2.4891,-0.2522
2026-10-06T01:01:52Z,2026-10-06 01:01:25,SPXW,2026-10-09,C,7720.0,7773.9502,78.8,3.0,79.8,3.0,75.83,317.0,1021.0,0.1222,0.7494,0.0033,-4.1837,2.5642,0.7886
2026-10-06T01:01:52Z,2026-10-06 01:01:25,SPXW,2026-10-09,P,7720.0,7773.9502,14.2,20.0,14.5,5.0,15.4,734.0,2336.0,0.1216,-0.2506,0.0033,-4.1837,2.5642,-0.2677
2026-10-06T01:01:52Z,2026-10-06 01:01:25,SPXW,2026-10-09,C,7725.0,7773.9502,74.8,3.0,75.9,3.0,71.45,1817.0,4785.0,0.121,0.7344,0.0034,-4.2962,2.6371,0.7732
2026-10-06T01:01:52Z,2026-10-06 01:01:25,SPXW,2026-10-09,P,7725.0,7773.9502,15.2,19.0,15.5,5.0,16.26,2536.0,1032.0,0.1206,-0.2656,0.0034,-4.2962,2.6371,-0.2837
2026-10-06T01:01:52Z,2026-10-06 01:01:25,SPXW,2026-10-09,C,7730.0,7773.9502,70.9,3.0,72.0,3.0,67.45,667.0,658.0,0.1199,0.7186,0.0035,-4.4034,2.7088,0.7571
2026-10-06T01:01:52Z,2026-10-06 01:01:25,SPXW,2026-10-09,P,7730.0,7773.9502,16.3,19.0,16.6,5.0,19.05,1482.0,1273.0,0.1196,-0.2814,0.0035,-4.4034,2.7088,-0.3006
2026-10-06T01:01:52Z,2026-10-06 01:01:25,SPXW,2026-10-09,C,7735.0,7773.9502,67.1,3.0,68.2,3.0,59.9,797.0,828.0,0.1189,0.7022,0.0037,-4.504,2.7783,0.7398
2026-10-06T01:01:52Z,2026-10-06 01:01:25,SPXW,2026-10-09,P,7735.0,7773.9502,17.5,19.0,17.8,5.0,19.97,669.0,523.0,0.1186,-0.2979,0.0037,-4.504,2.7783,-0.3186
2026-10-06T01:01:52Z,2026-10-06 01:01:25,SPXW,2026-10-09,C,7740.0,7773.9502,63.7,1.0,64.1,6.0,60.55,494.0,773.0,0.1178,0.685,0.0038,-4.5968,2.8433,0.7218
2026-10-06T01:01:52Z,2026-10-06 01:01:25,SPXW,2026-10-09,P,7740.0,7773.9502,18.8,12.0,19.1,12.0,19.9,503.0,336.0,0.1173,-0.3151,0.0038,-4.5968,2.8433,-0.3372
2026-10-06T01:01:52Z,2026-10-06 01:01:25,SPXW,2026-10-09,C,7745.0,7773.9502,60.0,7.0,60.4,7.0,54.9,380.0,1476.0,0.117,0.667,0.0039,-4.6808,2.9039,0.7034
2026-10-06T01:01:52Z,2026-10-06 01:01:25,SPXW,2026-10-09,P,7745.0,7773.9502,20.1,18.0,20.4,5.0,21.6,556.0,1376.0,0.1165,-0.333,0.0039,-4.6808,2.9039,-0.3563
2026-10-06T01:01:52Z,2026-10-06 01:01:25,SPXW,2026-10-09,C,7750.0,7773.9502,56.5,3.0,56.9,8.0,53.45,1183.0,3929.0,0.1158,0.6484,0.004,-4.7547,2.9608,0.6839
2026-10-06T01:01:52Z,2026-10-06 01:01:25,SPXW,2026-10-09,P,7750.0,7773.9502,21.6,4.0,21.9,12.0,22.95,1672.0,1871.0,0.1154,-0.3516,0.004,-4.7547,2.9608,-0.3764
2026-10-06T01:01:52Z,2026-10-06 01:01:25,SPXW,2026-10-09,C,7755.0,7773.9502,53.0,3.0,53.4,9.0,49.66,3795.0,687.0,0.1151,0.6291,0.0041,-4.8172,3.0124,0.6635
2026-10-06T01:01:52Z,2026-10-06 01:01:25,SPXW,2026-10-09,P,7755.0,7773.9502,23.1,19.0,23.4,5.0,24.7,460.0,299.0,0.1146,-0.371,0.0041,-4.8172,3.0124,-0.3976
2026-10-06T01:01:52Z,2026-10-06 01:01:25,SPXW,2026-10-09,C,7760.0,7773.9502,49.7,3.0,50.0,7.0,46.7,694.0,1091.0,0.114,0.6091,0.0042,-4.867,3.057,0.6427
2026-10-06T01:01:52Z,2026-10-06 01:01:25,SPXW,2026-10-09,P,7760.0,7773.9502,24.7,19.0,25.0,2.0,26.5,663.0,275.0,0.1136,-0.3909,0.0042,-4.867,3.057,-0.419
2026-10-06T01:01:52Z,2026-10-06 01:01:25,SPXW,2026-10-09,C,7765.0,7773.9502,46.4,3.0,46.8,10.0,40.32,446.0,282.0,0.1132,0.5885,0.0043,-4.9034,3.0951,0.6213
2026-10-06T01:01:52Z,2026-10-06 01:01:25,SPXW,2026-10-09,P,7765.0,7773.9502,26.4,19.0,26.8,4.0,28.1,421.0,57.0,0.1127,-0.4116,0.0043,-4.9034,3.0951,-0.4412
2026-10-06T01:01:52Z,2026-10-06 01:01:25,SPXW,2026-10-09,C,7770.0,7773.9502,43.3,1.0,43.6,8.0,40.25,2739.0,4704.0,0.1122,0.5672,0.0044,-4.9252,3.1264,0.5987
2026-10-06T01:01:52Z,2026-10-06 01:01:25,SPXW,2026-10-09,P,7770.0,7773.9502,28.3,18.0,28.6,1.0,30.0,448.0,118.0,0.1118,-0.4328,0.0044,-4.9252,3.1264,-0.4644
2026-10-06T01:01:52Z,2026-10-06 01:01:25,SPXW,2026-10-09,C,7775.0,7773.9502,40.2,4.0,40.6,12.0,37.23,1645.0,2276.0,0.1114,0.5455,0.0045,-4.9312,3.1492,0.5758
2026-10-06T01:01:52Z,2026-10-06 01:01:25,SPXW,2026-10-09,P,7775.0,7773.9502,30.2,19.0,30.6,4.0,32.33,645.0,314.0,0.1109,-0.4545,0.0045,-4.9312,3.1492,-0.488
2026-10-06T01:01:52Z,2026-10-06 01:01:25,SPXW,2026-10-09,C,7780.0,7773.9502,37.3,4.0,37.7,12.0,34.75,4087.0,709.0,0.1106,0.5233,0.0045,-4.9212,3.1632,0.5528
2026-10-06T01:01:52Z,2026-10-06 01:01:25,SPXW,2026-10-09,P,7780.0,7773.9502,32.3,18.0,32.7,4.0,35.2,527.0,178.0,0.1101,-0.4767,0.0045,-4.9212,3.1632,-0.5117
2026-10-06T01:01:52Z,2026-10-06 01:01:25,SPXW,2026-10-09,C,7785.0,7773.9502,34.5,4.0,34.9,18.0,31.99,757.0,481.0,0.1098,0.5007,0.0046,-4.8944,3.1683,0.5287
2026-10-06T01:01:52Z,2026-10-06 01:01:25,SPXW,2026-10-09,P,7785.0,7773.9502,34.5,19.0,34.9,4.0,36.7,213.0,18.0,0.1093,-0.4994,0.0046,-4.8944,3.1683,-0.5364
2026-10-06T01:01:52Z,2026-10-06 01:01:25,SPXW,2026-10-09,C,7790.0,7773.9502,31.9,1.0,32.2,10.0,29.49,1335.0,610.0,0.1089,0.4777,0.0046,-4.8503,3.1638,0.5044
2026-10-06T01:01:52Z,2026-10-06 01:01:25,SPXW,2026-10-09,P,7790.0,7773.9502,36.8,19.0,37.2,1.0,38.9,289.0,614.0,0.1087,-0.5223,0.0046,-4.8503,3.1638,-0.5615
2026-10-06T01:01:52Z,2026-10-06 01:01:25,SPXW,2026-10-09,C,7795.0,7773.9502,29.3,4.0,29.7,19.0,27.15,1065.0,1175.0,0.1083,0.4546,0.0046,-4.7891,3.1496,0.4802
2026-10-06T01:01:52Z,2026-10-06 01:01:25,SPXW,2026-10-09,P,7795.0,7773.9502,39.3,17.0,39.7,4.0,42.35,256.0,97.0,0.1078,-0.5455,0.0046,-4.7891,3.1496,-0.5863
2026-10-06T01:01:52Z,2026-10-06 01:01:25,SPXW,2026-10-09,C,7800.0,7773.9502,26.9,4.0,27.2,10.0,24.94,5765.0,4832.0,0.1076,0.4313,0.0046,-4.711,3.1249,0.4555
2026-10-06T01:01:52Z,2026-10-06 01:01:25,SPXW,2026-10-09,P,7800.0,7773.9502,41.9,16.0,42.3,11.0,44.5,457.0,548.0,0.1071,-0.5688,0.0046,-4.711,3.1249,-0.6117
2026-10-06T01:01:52Z,2026-10-06 01:01:25,SPXW,2026-10-09,C,7805.0,7773.9502,24.6,4.0,24.9,8.0,22.55,413.0,852.0,0.1069,0.408,0.0046,-4.616,3.0899,0.4307
2026-10-06T01:01:52Z,2026-10-06 01:01:25,SPXW,2026-10-09,P,7805.0,7773.9502,44.6,10.0,45.0,8.0,52.37,162.0,16.0,0.1064,-0.592,0.0046,-4.616,3.0899,-0.6372
2026-10-06T01:01:52Z,2026-10-06 01:01:25,SPXW,2026-10-09,C,7810.0,7773.9502,22.5,4.0,22.8,18.0,20.75,1340.0,798.0,0.1062,0.3848,0.0045,-4.5051,3.0457,0.4065
2026-10-06T01:01:52Z,2026-10-06 01:01:25,SPXW,2026-10-09,P,7810.0,7773.9502,47.4,9.0,47.8,3.0,52.0,89.0,31.0,0.1058,-0.6152,0.0045,-4.5051,3.0457,-0.6621
2026-10-06T01:01:52Z,2026-10-06 01:01:25,SPXW,2026-10-09,C,7815.0,7773.9502,20.5,3.0,20.8,18.0,18.92,1472.0,1343.0,0.1057,0.3618,0.0045,-4.3793,2.991,0.382
2026-10-06T01:01:52Z,2026-10-06 01:01:25,SPXW,2026-10-09,P,7815.0,7773.9502,50.4,8.0,50.8,8.0,54.1,45.0,19.0,0.1051,-0.6382,0.0045,-4.3793,2.991,-0.6873
2026-10-06T01:01:52Z,2026-10-06 01:01:25,SPXW,2026-10-09,C,7820.0,7773.9502,18.6,1.0,18.8,7.0,16.88,847.0,1922.0,0.1051,0.3392,0.0044,-4.2394,2.9263,0.3579
2026-10-06T01:01:52Z,2026-10-06 01:01:25,SPXW,2026-10-09,P,7820.0,7773.9502,53.5,8.0,53.9,8.0,59.7,62.0,16.0,0.1045,-0.6609,0.0044,-4.2394,2.9263,-0.7121
2026-10-06T01:01:52Z,2026-10-06 01:01:25,SPXW,2026-10-09,C,7825.0,7773.9502,16.8,5.0,17.1,19.0,14.4,1364.0,2553.0,0.1045,0.3169,0.0043,-4.0869,2.854,0.3346
2026-10-06T01:01:52Z,2026-10-06 01:01:25,SPXW,2026-10-09,P,7825.0,7773.9502,56.7,6.0,57.1,1.0,63.6,71.0,52.0,0.104,-0.6831,0.0043,-4.0869,2.854,-0.736
2026-10-06T01:01:52Z,2026-10-06 01:01:25,SPXW,2026-10-09,C,7830.0,7773.9502,15.2,4.0,15.4,12.0,13.56,728.0,7094.0,0.104,0.2952,0.0042,-3.9235,2.7729,0.3115
2026-10-06T01:01:52Z,2026-10-06 01:01:25,SPXW,2026-10-09,P,7830.0,7773.9502,60.1,3.0,60.5,3.0,64.8,346.0,47.0,0.1035,-0.7048,0.0042,-3.9235,2.7729,-0.7598
2026-10-06T01:01:52Z,2026-10-06 01:01:25,SPXW,2026-10-09,C,7835.0,7773.9502,13.6,11.0,13.9,12.0,12.3,547.0,517.0,0.1036,0.2742,0.004,-3.7504,2.6833,0.2891
2026-10-06T01:01:52Z,2026-10-06 01:01:25,SPXW,2026-10-09,P,7835.0,7773.9502,63.2,3.0,64.4,3.0,71.75,57.0,15.0,0.1031,-0.7258,0.004,-3.7504,2.6833,-0.7829
2026-10-06T01:01:52Z,2026-10-06 01:01:25,SPXW,2026-10-09,C,7840.0,7773.9502,12.2,5.0,12.5,12.0,11.07,5145.0,619.0,0.1032,0.2538,0.0039,-3.5696,2.5888,0.2678
2026-10-06T01:01:52Z,2026-10-06 01:01:25,SPXW,2026-10-09,P,7840.0,7773.9502,66.8,3.0,68.0,3.0,74.2,10.0,75.0,0.1027,-0.7462,0.0039,-3.5696,2.5888,-0.8049
2026-10-06T01:01:52Z,2026-10-06 01:01:25,SPXW,2026-10-09,C,7845.0,7773.9502,10.9,11.0,11.2,12.0,9.66,807.0,951.0,0.1028,0.2343,0.0037,-3.3829,2.4878,0.2469
2026-10-06T01:01:52Z,2026-10-06 01:01:25,SPXW,2026-10-09,P,7845.0,7773.9502,62.1,1.0,80.9,2.0,73.05,2.0,11.0,0.1035,-0.7658,0.0037,-3.3829,2.4878,-0.8265
2026-10-06T01:01:52Z,2026-10-06 01:01:25,SPXW,2026-10-09,C,7850.0,7773.9502,9.8,4.0,10.0,12.0,8.8,5558.0,12396.0,0.1026,0.2155,0.0036,-3.192,2.381,0.227
2026-10-06T01:01:52Z,2026-10-06 01:01:25,SPXW,2026-10-09,P,7850.0,7773.9502,74.3,3.0,75.6,3.0,78.05,20.0,1035.0,0.1021,-0.7845,0.0036,-3.192,2.381,-0.8471
2026-10-06T01:01:52Z,2026-10-06 01:01:25,SPXW,2026-10-09,C,7855.0,7773.9502,8.7,4.0,8.9,12.0,7.86,1216.0,1011.0,0.1022,0.1976,0.0034,-2.9986,2.2721,0.2083
2026-10-06T01:01:52Z,2026-10-06 01:01:25,SPXW,2026-10-09,P,7855.0,7773.9502,69.6,2.0,88.6,2.0,81.91,6.0,0.0,0.1023,-0.8024,0.0034,-2.9986,2.2721,-0.8665
2026-10-06T01:01:52Z,2026-10-06 01:01:25,SPXW,2026-10-09,C,7860.0,7773.9502,7.7,13.0,7.9,12.0,7.0,1047.0,2498.0,0.1018,0.1807,0.0032,-2.8048,2.1597,0.1901
2026-10-06T01:01:52Z,2026-10-06 01:01:25,SPXW,2026-10-09,P,7860.0,7773.9502,82.2,3.0,83.3,3.0,86.0,7.0,281.0,0.1017,-0.8194,0.0032,-2.8048,2.1597,-0.8853
2026-10-06T01:01:52Z,2026-10-06 01:01:25,SPXW,2026-10-09,C,7865.0,7773.9502,6.8,21.0,7.1,22.0,6.05,907.0,1851.0,0.1017,0.1647,0.0031,-2.6121,2.0445,0.1732
2026-10-06T01:01:52Z,2026-10-06 01:01:25,SPXW,2026-10-09,P,7865.0,7773.9502,77.8,2.0,96.8,2.0,124.59,0.0,48.0,0.1022,-0.8354,0.0031,-2.6121,2.0445,-0.9029
2026-10-06T01:01:52Z,2026-10-06 01:01:25,SPXW,2026-10-09,C,7870.0,7773.9502,6.0,22.0,6.3,24.0,5.3,1042.0,1150.0,0.1016,0.1496,0.0029,-2.4222,1.93,0.1574
2026-10-06T01:01:52Z,2026-10-06 01:01:25,SPXW,2026-10-09,P,7870.0,7773.9502,82.0,2.0,101.0,2.0,87.48,2.0,10.0,0.1021,-0.8504,0.0029,-2.4222,1.93,-0.9194
2026-10-06T01:01:52Z,2026-10-06 01:01:25,SPXW,2026-10-09,C,7875.0,7773.9502,5.3,24.0,5.5,15.0,4.75,3230.0,3497.0,0.1015,0.1355,0.0027,-2.2367,1.815,0.1422
2026-10-06T01:01:52Z,2026-10-06 01:01:25,SPXW,2026-10-09,P,7875.0,7773.9502,94.8,3.0,96.0,3.0,92.88,3.0,4.0,0.1012,-0.8646,0.0027,-2.2367,1.815,-0.9352
2026-10-06T01:01:52Z,2026-10-06 01:01:25,SPXW,2026-10-09,C,7880.0,7773.9502,4.7,8.0,4.9,26.0,4.2,3099.0,932.0,0.1014,0.1224,0.0025,-2.057,1.7001,0.1284
2026-10-06T01:01:52Z,2026-10-06 01:01:25,SPXW,2026-10-09,P,7880.0,7773.9502,99.2,3.0,100.2,3.0,100.87,7.0,202.0,0.1007,-0.8777,0.0025,-2.057,1.7001,-0.9497
2026-10-06T01:01:52Z,2026-10-06 01:01:25,SPXW,2026-10-09,C,7885.0,7773.9502,4.1,17.0,4.3,18.0,3.2,647.0,301.0,0.1014,0.1102,0.0023,-1.8842,1.5883,0.1156
2026-10-06T01:01:52Z,2026-10-06 01:01:25,SPXW,2026-10-09,P,7885.0,7773.9502,95.1,1.0,114.0,2.0,164.85,0.0,2.0,0.1018,-0.8899,0.0023,-1.8842,1.5883,-0.9632
2026-10-06T01:01:52Z,2026-10-06 01:01:25,SPXW,2026-10-09,C,7890.0,7773.9502,3.6,9.0,3.8,29.0,3.2,999.0,923.0,0.1015,0.0989,0.0022,-1.7196,1.4788,0.1036
2026-10-06T01:01:52Z,2026-10-06 01:01:25,SPXW,2026-10-09,P,7890.0,7773.9502,99.5,2.0,118.5,2.0,110.01,1.0,6.0,0.1016,-0.9011,0.0022,-1.7196,1.4788,-0.9759
2026-10-06T01:01:52Z,2026-10-06 01:01:25,SPXW,2026-10-09,C,7895.0,7773.9502,3.1,50.0,3.3,22.0,2.75,492.0,437.0,0.1012,0.0886,0.002,-1.5639,1.372,0.0928
2026-10-06T01:01:52Z,2026-10-06 01:01:25,SPXW,2026-10-09,P,7895.0,7773.9502,104.1,1.0,123.0,2.0,0.0,0.0,0.0,0.1016,-0.9114,0.002,-1.5639,1.372,-0.9874
2026-10-06T01:01:52Z,2026-10-06 01:01:25,SPXW,2026-10-09,C,7900.0,7773.9502,2.75,17.0,2.9,16.0,2.45,3189.0,3891.0,0.1014,0.0792,0.0018,-1.4177,1.2701,0.0829
2026-10-06T01:01:52Z,2026-10-06 01:01:25,SPXW,2026-10-09,P,7900.0,7773.9502,117.3,3.0,118.3,3.0,114.25,11.0,40.0,0.1009,-0.9208,0.0018,-1.4177,1.2701,-0.998
2026-10-06T01:01:52Z,2026-10-06 01:01:25,SPXW,2026-10-09,C,7905.0,7773.9502,2.45,8.0,2.55,17.0,2.15,280.0,0.0,0.1018,0.0706,0.0017,-1.2816,1.1726,0.0738
2026-10-06T01:01:52Z,2026-10-06 01:01:25,SPXW,2026-10-09,P,7905.0,7773.9502,113.4,2.0,132.3,2.0,0.0,0.0,0.0,0.1024,-0.9294,0.0017,-1.2816,1.1726,-1.0078
2026-10-06T01:01:52Z,2026-10-06 01:01:25,SPXW,2026-10-09,C,7910.0,7773.9502,2.1,17.0,2.25,17.0,1.79,617.0,3866.0,0.1018,0.0629,0.0015,-1.1558,1.0795,0.0658
2026-10-06T01:01:52Z,2026-10-06 01:01:25,SPXW,2026-10-09,P,7910.0,7773.9502,118.1,2.0,136.9,2.0,195.7,0.0,1.0,0.1022,-0.9371,0.0015,-1.1558,1.0795,-1.0165
2026-10-06T01:01:52Z,2026-10-06 01:01:25,SPXW,2026-10-09,C,7915.0,7773.9502,1.85,19.0,1.95,9.0,1.7,181.0,0.0,0.1019,0.056,0.0014,-1.0403,0.9922,0.0584
2026-10-06T01:01:52Z,2026-10-06 01:01:25,SPXW,2026-10-09,P,7915.0,7773.9502,122.9,1.0,141.7,2.0,0.0,0.0,0.0,0.1033,-0.9441,0.0014,-1.0403,0.9922,-1.0245
2026-10-06T01:01:52Z,2026-10-06 01:01:25,SPXW,2026-10-09,C,7920.0,7773.9502,1.6,19.0,1.75,19.0,1.45,480.0,1414.0,0.102,0.0497,0.0013,-0.9351,0.9106,0.0518
2026-10-06T01:01:52Z,2026-10-06 01:01:25,SPXW,2026-10-09,P,7920.0,7773.9502,127.7,1.0,146.4,2.0,205.58,0.0,2.0,0.1036,-0.9503,0.0013,-0.9351,0.9106,-1.0318
2026-10-06T01:01:52Z,2026-10-06 01:01:25,SPXW,2026-10-09,C,7925.0,7773.9502,1.4,20.0,1.5,3.0,1.25,563.0,935.0,0.1024,0.0442,0.0012,-0.8398,0.8344,0.046
2026-10-06T01:01:52Z,2026-10-06 01:01:25,SPXW,2026-10-09,P,7925.0,7773.9502,132.5,2.0,151.2,2.0,236.5,0.0,6.0,0.1041,-0.9558,0.0012,-0.8398,0.8344,-1.0383
2026-10-06T01:01:52Z,2026-10-06 01:01:25,SPXW,2026-10-09,C,7930.0,7773.9502,1.25,13.0,1.35,12.0,1.1,362.0,1153.0,0.1028,0.0393,0.001,-0.7541,0.764,0.0409
2026-10-06T01:01:52Z,2026-10-06 01:01:25,SPXW,2026-10-09,P,7930.0,7773.9502,137.3,1.0,156.0,2.0,0.0,0.0,0.0,0.1044,-0.9608,0.001,-0.7541,0.764,-1.0441
2026-10-06T01:01:52Z,2026-10-06 01:01:25,SPXW,2026-10-09,C,7935.0,7773.9502,1.1,13.0,1.2,12.0,0.9,238.0,0.0,0.1033,0.0349,0.0009,-0.6774,0.6995,0.0363
2026-10-06T01:01:52Z,2026-10-06 01:01:25,SPXW,2026-10-09,P,7935.0,7773.9502,142.1,2.0,160.9,2.0,0.0,0.0,0.0,0.105,-0.9651,0.0009,-0.6774,0.6995,-1.0494
2026-10-06T01:01:52Z,2026-10-06 01:01:25,SPXW,2026-10-09,C,7940.0,7773.9502,0.95,13.0,1.05,13.0,0.8,333.0,727.0,0.1039,0.0311,0.0008,-0.6093,0.6404,0.0323
2026-10-06T01:01:52Z,2026-10-06 01:01:25,SPXW,2026-10-09,P,7940.0,7773.9502,147.0,1.0,165.8,2.0,261.42,0.0,3.0,0.1063,-0.9689,0.0008,-0.6093,0.6404,-1.0541
2026-10-06T01:01:52Z,2026-10-06 01:01:25,SPXW,2026-10-09,C,7945.0,7773.9502,0.85,15.0,0.95,15.0,0.7,133.0,0.0,0.1043,0.0278,0.0008,-0.549,0.5867,0.0288
2026-10-06T01:01:52Z,2026-10-06 01:01:25,SPXW,2026-10-09,P,7945.0,7773.9502,151.9,1.0,170.6,2.0,0.0,0.0,0.0,0.1065,-0.9723,0.0008,-0.549,0.5867,-1.0582
2026-10-06T01:01:52Z,2026-10-06 01:01:25,SPXW,2026-10-09,C,7950.0,7773.9502,0.75,19.0,0.85,17.0,0.6,825.0,3175.0,0.1054,0.0248,0.0007,-0.4958,0.5381,0.0258
2026-10-06T01:01:52Z,2026-10-06 01:01:25,SPXW,2026-10-09,P,7950.0,7773.9502,156.7,1.0,175.5,2.0,243.42,0.0,16.0,0.1064,-0.9752,0.0007,-0.4958,0.5381,-1.062
2026-10-06T01:01:52Z,2026-10-06 01:01:25,SPXW,2026-10-09,C,7960.0,7773.9502,0.55,47.0,0.7,63.0,0.55,1052.0,915.0,0.1065,0.0201,0.0006,-0.4085,0.4552,0.0208
2026-10-06T01:01:52Z,2026-10-06 01:01:25,SPXW,2026-10-09,P,7960.0,7773.9502,166.6,1.0,185.4,2.0,222.94,0.0,2.0,0.1096,-0.98,0.0006,-0.4085,0.4552,-1.0684
2026-10-06T01:01:52Z,2026-10-06 01:01:25,SPXW,2026-10-09,C,7970.0,7773.9502,0.45,16.0,0.55,19.0,0.45,89.0,482.0,0.108,0.0165,0.0005,-0.342,0.3887,0.017
2026-10-06T01:01:52Z,2026-10-06 01:01:25,SPXW,2026-10-09,P,7970.0,7773.9502,176.5,1.0,195.2,2.0,0.0,0.0,0.0,0.1111,-0.9836,0.0005,-0.342,0.3887,-1.0735
2026-10-06T01:01:52Z,2026-10-06 01:01:25,SPXW,2026-10-09,C,7975.0,7773.9502,0.4,43.0,0.5,16.0,0.4,196.0,1152.0,0.1089,0.015,0.0004,-0.3152,0.3608,0.0155
2026-10-06T01:01:52Z,2026-10-06 01:01:25,SPXW,2026-10-09,P,7975.0,7773.9502,181.5,1.0,200.2,2.0,288.73,0.0,28.0,0.1137,-0.985,0.0004,-0.3152,0.3608,-1.0757
2026-10-06T01:01:52Z,2026-10-06 01:01:25,SPXW,2026-10-09,C,7980.0,7773.9502,0.35,44.0,0.45,17.0,0.3,75.0,626.0,0.1095,0.0138,0.0004,-0.2919,0.3359,0.0142
2026-10-06T01:01:52Z,2026-10-06 01:01:25,SPXW,2026-10-09,P,7980.0,7773.9502,186.4,1.0,205.1,2.0,247.3,0.0,6.0,0.1134,-0.9863,0.0004,-0.2919,0.3359,-1.0777
2026-10-06T01:01:52Z,2026-10-06 01:01:25,SPXW,2026-10-09,C,7990.0,7773.9502,0.3,19.0,0.4,20.0,0.25,45.0,542.0,0.1123,0.0117,0.0003,-0.2536,0.2936,0.012
2026-10-06T01:01:52Z,2026-10-06 01:01:25,SPXW,2026-10-09,P,7990.0,7773.9502,196.3,2.0,215.1,2.0,341.55,0.0,1.0,0.1168,-0.9883,0.0003,-0.254,0.2941,-1.0812
2026-10-06T01:01:52Z,2026-10-06 01:01:25,SPXW,2026-10-09,C,8000.0,7773.9502,0.25,21.0,0.3,2.0,0.25,420.0,2847.0,0.1135,0.0101,0.0003,-0.2249,0.2604,0.0104
2026-10-06T01:01:52Z,2026-10-06 01:01:25,SPXW,2026-10-09,P,8000.0,7773.9502,214.6,3.0,215.9,2.0,206.06,10.0,67.0,0.1136,-0.9899,0.0003,-0.2252,0.2607,-1.0842
2026-10-06T01:01:52Z,2026-10-06 01:01:25,SPXW,2026-10-09,C,8010.0,7773.9502,0.2,66.0,0.3,23.0,0.2,46.0,333.0,0.1167,0.0089,0.0003,-0.2029,0.2337,0.0091
2026-10-06T01:01:52Z,2026-10-06 01:01:25,SPXW,2026-10-09,P,8010.0,7773.9502,214.2,1.0,237.0,2.0,232.62,0.0,1.0,0.123,-0.9911,0.0003,-0.2032,0.234,-1.0868
2026-10-06T01:01:52Z,2026-10-06 01:01:25,SPXW,2026-10-09,C,8020.0,7773.9502,0.2,19.0,0.3,91.0,0.15,56.0,351.0,0.1211,0.008,0.0002,-0.186,0.2122,0.0082
2026-10-06T01:01:52Z,2026-10-06 01:01:25,SPXW,2026-10-09,P,8020.0,7773.9502,224.1,1.0,246.9,2.0,0.0,0.0,0.0,0.1233,-0.992,0.0002,-0.186,0.2122,-1.0891
2026-10-06T01:01:52Z,2026-10-06 01:01:25,SPXW,2026-10-09,C,8025.0,7773.9502,0.15,72.0,0.25,19.0,0.25,28.0,1085.0,0.1203,0.0076,0.0002,-0.1785,0.2024,0.0077
2026-10-06T01:01:52Z,2026-10-06 01:01:25,SPXW,2026-10-09,P,8025.0,7773.9502,229.1,1.0,251.9,2.0,0.0,0.0,0.0,0.1257,-0.9924,0.0002,-0.1788,0.2029,-1.0902
2026-10-06T01:01:52Z,2026-10-06 01:01:25,SPXW,2026-10-09,C,8030.0,7773.9502,0.15,72.0,0.25,24.0,0.17,15.0,136.0,0.1225,0.0072,0.0002,-0.1721,0.1939,0.0074
2026-10-06T01:01:52Z,2026-10-06 01:01:25,SPXW,2026-10-09,P,8030.0,7773.9502,234.1,1.0,256.9,2.0,0.0,0.0,0.0,0.1281,-0.9928,0.0002,-0.1724,0.1943,-1.0913
2026-10-06T01:01:52Z,2026-10-06 01:01:25,SPXW,2026-10-09,C,8040.0,7773.9502,0.15,22.0,0.25,84.0,0.2,152.0,115.0,0.1267,0.0066,0.0002,-0.1612,0.179,0.0067
2026-10-06T01:01:52Z,2026-10-06 01:01:25,SPXW,2026-10-09,P,8040.0,7773.9502,244.0,1.0,266.9,2.0,0.0,0.0,0.0,0.1301,-0.9934,0.0002,-0.1614,0.1792,-1.0933
2026-10-06T01:01:52Z,2026-10-06 01:01:25,SPXW,2026-10-09,C,8050.0,7773.9502,0.15,20.0,0.25,91.0,0.2,74.0,514.0,0.131,0.006,0.0002,-0.1521,0.1662,0.0062
2026-10-06T01:01:52Z,2026-10-06 01:01:25,SPXW,2026-10-09,P,8050.0,7773.9502,253.9,1.0,276.8,2.0,0.0,0.0,0.0,0.1276,-0.994,0.0002,-0.1522,0.1663,-1.0952
2026-10-06T01:01:52Z,2026-10-06 01:01:25,SPXW,2026-10-09,C,8060.0,7773.9502,0.1,83.0,0.2,22.0,0.17,10.0,762.0,0.1312,0.0056,0.0001,-0.1444,0.1551,0.0057
2026-10-06T01:01:52Z,2026-10-06 01:01:25,SPXW,2026-10-09,P,8060.0,7773.9502,263.9,1.0,286.8,2.0,0.0,0.0,0.0,0.1324,-0.9944,0.0001,-0.1445,0.1552,-1.0971
2026-10-06T01:01:52Z,2026-10-06 01:01:25,SPXW,2026-10-09,C,8070.0,7773.9502,0.1,79.0,0.2,24.0,0.2,2.0,26.0,0.1353,0.0052,0.0001,-0.1379,0.1455,0.0053
2026-10-06T01:01:52Z,2026-10-06 01:01:25,SPXW,2026-10-09,P,8070.0,7773.9502,273.8,1.0,296.8,2.0,0.0,0.0,0.0,0.1322,-0.9948,0.0001,-0.1379,0.1455,-1.0988
2026-10-06T01:01:52Z,2026-10-06 01:01:25,SPXW,2026-10-09,C,8075.0,7773.9502,0.1,79.0,0.2,24.0,0.15,35.0,1118.0,0.1373,0.0051,0.0001,-0.135,0.1411,0.0052
2026-10-06T01:01:52Z,2026-10-06 01:01:25,SPXW,2026-10-09,P,8075.0,7773.9502,277.8,2.0,301.8,2.0,350.42,0.0,62.0,0.0,-0.995,0.0001,-0.135,0.1411,-1.0997
2026-10-06T01:01:52Z,2026-10-06 01:01:25,SPXW,2026-10-09,C,8080.0,7773.9502,0.1,79.0,0.2,25.0,0.15,1.0,93.0,0.1395,0.0049,0.0001,-0.1321,0.1368,0.005
2026-10-06T01:01:52Z,2026-10-06 01:01:25,SPXW,2026-10-09,P,8080.0,7773.9502,282.8,2.0,306.8,2.0,0.0,0.0,0.0,0.0,-0.9951,0.0001,-0.1322,0.1369,-1.1005
2026-10-06T01:01:52Z,2026-10-06 01:01:25,SPXW,2026-10-09,C,8090.0,7773.9502,0.1,25.0,0.2,80.0,0.1,0.0,75.0,0.1438,0.0046,0.0001,-0.1268,0.1288,0.0047
2026-10-06T01:01:52Z,2026-10-06 01:01:25,SPXW,2026-10-09,P,8090.0,7773.9502,292.8,2.0,316.8,2.0,382.22,0.0,30.0,0.0,-0.9954,0.0001,-0.1271,0.1292,-1.1022
2026-10-06T01:01:52Z,2026-10-06 01:01:25,SPXW,2026-10-09,C,8100.0,7773.9502,0.1,25.0,0.2,85.0,0.13,118.0,853.0,0.1479,0.0043,0.0001,-0.1222,0.1219,0.0044
2026-10-06T01:01:52Z,2026-10-06 01:01:25,SPXW,2026-10-09,P,8100.0,7773.9502,302.8,2.0,326.8,2.0,407.07,0.0,25.0,0.0,-0.9957,0.0001,-0.1225,0.1223,-1.1038
2026-10-06T01:01:52Z,2026-10-06 01:01:25,SPXW,2026-10-09,C,8110.0,7773.9502,0.1,24.0,0.2,90.0,0.15,1.0,18.0,0.152,0.0041,0.0001,-0.1181,0.1156,0.0042
2026-10-06T01:01:52Z,2026-10-06 01:01:25,SPXW,2026-10-09,P,8110.0,7773.9502,312.8,2.0,336.8,2.0,385.27,0.0,37.0,0.0,-0.9959,0.0001,-0.1184,0.116,-1.1055
2026-10-06T01:01:52Z,2026-10-06 01:01:25,SPXW,2026-10-09,C,8120.0,7773.9502,0.1,24.0,0.2,95.0,0.15,100.0,234.0,0.1561,0.0039,0.0001,-0.1144,0.1099,0.0039
2026-10-06T01:01:52Z,2026-10-06 01:01:25,SPXW,2026-10-09,P,8120.0,7773.9502,322.7,2.0,346.7,2.0,0.0,0.0,0.0,0.0,-0.9961,0.0001,-0.1146,0.1103,-1.107
2026-10-06T01:01:52Z,2026-10-06 01:01:25,SPXW,2026-10-09,C,8125.0,7773.9502,0.1,24.0,0.2,97.0,0.15,111.0,525.0,0.1581,0.0038,0.0001,-0.1127,0.1073,0.0038
2026-10-06T01:01:52Z,2026-10-06 01:01:25,SPXW,2026-10-09,P,8125.0,7773.9502,327.7,2.0,351.7,2.0,359.67,2.0,32.0,0.0,-0.9962,0.0001,-0.1129,0.1076,-1.1078
2026-10-06T01:01:52Z,2026-10-06 01:01:25,SPXW,2026-10-09,C,8130.0,7773.9502,0.1,23.0,0.2,100.0,0.15,356.0,551.0,0.1602,0.0037,0.0001,-0.111,0.1048,0.0037
2026-10-06T01:01:52Z,2026-10-06 01:01:25,SPXW,2026-10-09,P,8130.0,7773.9502,332.7,2.0,356.7,2.0,407.38,0.0,2.0,0.0,-0.9963,0.0001,-0.1112,0.1051,-1.1086
2026-10-06T01:01:52Z,2026-10-06 01:01:25,SPXW,2026-10-09,C,8140.0,7773.9502,0.1,23.0,0.2,105.0,0.0,0.0,0.0,0.1642,0.0035,0.0001,-0.1079,0.1,0.0036
2026-10-06T01:01:52Z,2026-10-06 01:01:25,SPXW,2026-10-09,P,8140.0,7773.9502,342.7,2.0,366.7,2.0,383.56,10.0,0.0,0.0,-0.9965,0.0001,-0.1081,0.1003,-1.1102
2026-10-06T01:01:52Z,2026-10-06 01:01:25,SPXW,2026-10-09,C,8150.0,7773.9502,0.1,23.0,0.15,23.0,0.15,201.0,1392.0,0.1652,0.0033,0.0001,-0.105,0.0956,0.0034
2026-10-06T01:01:52Z,2026-10-06 01:01:25,SPXW,2026-10-09,P,8150.0,7773.9502,352.7,2.0,376.7,2.0,427.08,0.0,2.0,0.0,-0.9967,0.0001,-0.1051,0.0959,-1.1117
2026-10-06T01:01:52Z,2026-10-06 01:01:25,SPXW,2026-10-09,C,8160.0,7773.9502,0.1,23.0,0.15,24.0,0.15,300.0,0.0,0.1692,0.0032,0.0001,-0.1023,0.0916,0.0032
2026-10-06T01:01:52Z,2026-10-06 01:01:25,SPXW,2026-10-09,P,8160.0,7773.9502,362.7,2.0,386.7,2.0,0.0,0.0,0.0,0.0,-0.9968,0.0001,-0.1024,0.0918,-1.1132
2026-10-06T01:01:52Z,2026-10-06 01:01:25,SPXW,2026-10-09,C,8170.0,7773.9502,0.1,23.0,0.15,24.0,0.14,374.0,0.0,0.1731,0.0031,0.0001,-0.0998,0.0878,0.0031
2026-10-06T01:01:52Z,2026-10-06 01:01:25,SPXW,2026-10-09,P,8170.0,7773.9502,372.7,2.0,396.7,2.0,0.0,0.0,0.0,0.0,-0.997,0.0001,-0.0999,0.088,-1.1147
2026-10-06T01:01:52Z,2026-10-06 01:01:25,SPXW,2026-10-09,C,8175.0,7773.9502,0.1,23.0,0.15,25.0,0.1,0.0,314.0,0.1751,0.003,0.0001,-0.0986,0.086,0.003
2026-10-06T01:01:52Z,2026-10-06 01:01:25,SPXW,2026-10-09,P,8175.0,7773.9502,377.7,2.0,401.7,2.0,0.0,0.0,0.0,0.0,-0.997,0.0001,-0.0987,0.0862,-1.1155
2026-10-06T01:01:52Z,2026-10-06 01:01:25,SPXW,2026-10-09,C,8180.0,7773.9502,0.05,104.0,0.15,25.0,0.0,0.0,0.0,0.1733,0.0029,0.0001,-0.0974,0.0843,0.003
2026-10-06T01:01:52Z,2026-10-06 01:01:25,SPXW,2026-10-09,P,8180.0,7773.9502,382.7,2.0,406.7,2.0,423.01,10.0,0.0,0.0,-0.9971,0.0001,-0.0976,0.0845,-1.1162
2026-10-06T01:01:52Z,2026-10-06 01:01:25,SPXW,2026-10-09,C,8200.0,7773.9502,0.05,197.0,0.15,27.0,0.1,65.0,1160.0,0.181,0.0027,0.0001,-0.0931,0.078,0.0027
2026-10-06T01:01:52Z,2026-10-06 01:01:25,SPXW,2026-10-09,P,8200.0,7773.9502,402.7,2.0,426.7,2.0,0.0,0.0,0.0,0.0,-0.9973,0.0001,-0.0932,0.0781,-1.1192
2026-10-06T01:01:52Z,2026-10-06 01:01:25,SPXW,2026-10-09,C,8225.0,7773.9502,0.05,93.0,0.15,29.0,0.1,10.0,812.0,0.1905,0.0024,0.0,-0.0884,0.0711,0.0025
2026-10-06T01:01:52Z,2026-10-06 01:01:25,SPXW,2026-10-09,P,8225.0,7773.9502,427.6,2.0,451.6,2.0,0.0,0.0,0.0,0.0,-0.9976,0.0,-0.0885,0.0713,-1.1229
2026-10-06T01:01:52Z,2026-10-06 01:01:25,SPXW,2026-10-09,C,8250.0,7773.9502,0.05,92.0,0.15,93.0,0.1,508.0,279.0,0.2,0.0022,0.0,-0.0842,0.0653,0.0023
2026-10-06T01:01:52Z,2026-10-06 01:01:25,SPXW,2026-10-09,P,8250.0,7773.9502,452.6,2.0,476.6,2.0,0.0,0.0,0.0,0.0,-0.9978,0.0,-0.0843,0.0654,-1.1265
2026-10-06T01:01:52Z,2026-10-06 01:01:25,SPXW,2026-10-09,C,8275.0,7773.9502,0.05,29.0,0.15,104.0,0.1,101.0,8.0,0.2094,0.0021,0.0,-0.0805,0.0602,0.0021
2026-10-06T01:01:52Z,2026-10-06 01:01:25,SPXW,2026-10-09,P,8275.0,7773.9502,477.6,2.0,501.6,2.0,0.0,0.0,0.0,0.0,-0.998,0.0,-0.0806,0.0603,-1.1301
2026-10-06T01:01:52Z,2026-10-06 01:01:25,SPXW,2026-10-09,C,8300.0,7773.9502,0.05,28.0,0.15,115.0,0.1,376.0,2168.0,0.2188,0.0019,0.0,-0.0772,0.0558,0.0019
2026-10-06T01:01:52Z,2026-10-06 01:01:25,SPXW,2026-10-09,P,8300.0,7773.9502,502.6,2.0,526.6,2.0,0.0,0.0,0.0,0.0,-0.9981,0.0,-0.0772,0.0559,-1.1337
2026-10-06T01:01:52Z,2026-10-06 01:01:25,SPXW,2026-10-09,C,8325.0,7773.9502,0.05,28.0,0.1,2.0,0.07,1.0,2.0,0.2223,0.0018,0.0,-0.0741,0.0518,0.0018
2026-10-06T01:01:52Z,2026-10-06 01:01:25,SPXW,2026-10-09,P,8325.0,7773.9502,527.6,2.0,551.6,2.0,529.12,1.0,0.0,0.0,-0.9982,0.0,-0.0742,0.0519,-1.1373
2026-10-06T01:01:52Z,2026-10-06 01:01:25,SPXW,2026-10-09,C,8350.0,7773.9502,0.05,27.0,0.1,26.0,0.04,0.0,872.0,0.2313,0.0016,0.0,-0.0713,0.0483,0.0016
2026-10-06T01:01:52Z,2026-10-06 01:01:25,SPXW,2026-10-09,P,8350.0,7773.9502,552.5,2.0,576.5,2.0,622.51,0.0,4.0,0.0,-0.9984,0.0,-0.0714,0.0484,-1.1408
2026-10-06T01:01:52Z,2026-10-06 01:01:25,SPXW,2026-10-09,C,8375.0,7773.9502,0.05,26.0,0.1,28.0,0.05,0.0,6250.0,0.2403,0.0015,0.0,-0.0687,0.0452,0.0015
2026-10-06T01:01:52Z,2026-10-06 01:01:25,SPXW,2026-10-09,P,8375.0,7773.9502,577.5,2.0,601.5,2.0,594.12,2.0,1.0,0.0,-0.9985,0.0,-0.0688,0.0452,-1.1443
2026-10-06T01:01:52Z,2026-10-06 01:01:25,SPXW,2026-10-09,C,8400.0,7773.9502,0.05,26.0,0.1,29.0,0.05,4.0,1011.0,0.2492,0.0014,0.0,-0.0663,0.0423,0.0014
2026-10-06T01:01:52Z,2026-10-06 01:01:25,SPXW,2026-10-09,P,8400.0,7773.9502,602.5,2.0,626.5,2.0,619.12,1.0,3.0,0.0,-0.9986,0.0,-0.0663,0.0424,-1.1479
2026-10-06T01:01:52Z,2026-10-06 01:01:25,SPXW,2026-10-09,C,8425.0,7773.9502,0.0,0.0,0.1,30.0,0.0,0.0,0.0,0.2496,0.0014,0.0,-0.064,0.0398,0.0014
2026-10-06T01:01:52Z,2026-10-06 01:01:25,SPXW,2026-10-09,P,8425.0,7773.9502,627.5,2.0,651.5,2.0,644.17,1.0,2.0,0.0,-0.9987,0.0,-0.064,0.0398,-1.1514
2026-10-06T01:01:52Z,2026-10-06 01:01:25,SPXW,2026-10-09,C,8450.0,7773.9502,0.05,0.0,0.1,32.0,0.1,0.0,708.0,0.2582,0.0013,0.0,-0.0618,0.0374,0.0013
2026-10-06T01:01:52Z,2026-10-06 01:01:25,SPXW,2026-10-09,P,8450.0,7773.9502,652.5,2.0,676.5,2.0,0.0,0.0,0.0,0.0,-0.9988,0.0,-0.0619,0.0375,-1.1549
2026-10-06T01:01:52Z,2026-10-06 01:01:25,SPXW,2026-10-09,C,8475.0,7773.9502,0.0,0.0,0.1,33.0,0.0,0.0,0.0,0.2667,0.0012,0.0,-0.0598,0.0353,0.0012
2026-10-06T01:01:52Z,2026-10-06 01:01:25,SPXW,2026-10-09,P,8475.0,7773.9502,677.4,2.0,701.4,2.0,0.0,0.0,0.0,0.0,-0.9988,0.0,-0.0598,0.0354,-1.1584
2026-10-06T01:01:52Z,2026-10-06 01:01:25,SPXW,2026-10-09,C,8500.0,7773.9502,0.0,0.0,0.1,106.0,0.05,20.0,793.0,0.2752,0.0011,0.0,-0.0578,0.0333,0.0011
2026-10-06T01:01:52Z,2026-10-06 01:01:25,SPXW,2026-10-09,P,8500.0,7773.9502,702.4,2.0,726.4,2.0,0.0,0.0,0.0,0.0,-0.9989,0.0,-0.0578,0.0334,-1.1619
2026-10-06T01:01:52Z,2026-10-06 01:01:25,SPXW,2026-10-12,C,7000.0,7773.9502,773.1,2.0,797.1,2.0,739.1,0.0,88.0,0.3317,0.9964,0.0,-0.1784,0.1202,1.1448
2026-10-06T01:01:52Z,2026-10-06 01:01:25,SPXW,2026-10-12,P,7000.0,7773.9502,0.25,100.0,0.35,22.0,0.35,553.0,1381.0,0.2886,-0.0035,0.0,-0.1786,0.1204,-0.0043
2026-10-06T01:01:52Z,2026-10-06 01:01:25,SPXW,2026-10-12,C,7025.0,7773.9502,748.2,2.0,772.2,2.0,0.0,0.0,0.0,0.3249,0.9962,0.0,-0.1868,0.1285,1.1486
2026-10-06T01:01:52Z,2026-10-06 01:01:25,SPXW,2026-10-12,P,7025.0,7773.9502,0.3,25.0,0.4,106.0,0.35,32.0,54.0,0.2843,-0.0037,0.0,-0.187,0.1287,-0.0046
2026-10-06T01:01:52Z,2026-10-06 01:01:25,SPXW,2026-10-12,C,7050.0,7773.9502,723.2,2.0,747.2,2.0,689.2,0.0,13.0,0.3143,0.9959,0.0,-0.1959,0.1376,1.1523
2026-10-06T01:01:52Z,2026-10-06 01:01:25,SPXW,2026-10-12,P,7050.0,7773.9502,0.3,87.0,0.4,45.0,0.4,48.0,173.0,0.2754,-0.004,0.0,-0.1961,0.1378,-0.005
2026-10-06T01:01:52Z,2026-10-06 01:01:25,SPXW,2026-10-12,C,7075.0,7773.9502,698.2,2.0,722.2,2.0,0.0,0.0,0.0,0.3038,0.9956,0.0,-0.2055,0.1476,1.156
2026-10-06T01:01:52Z,2026-10-06 01:01:25,SPXW,2026-10-12,P,7075.0,7773.9502,0.35,24.0,0.45,103.0,0.4,76.0,102.0,0.2703,-0.0044,0.0,-0.2058,0.1479,-0.0054
2026-10-06T01:01:52Z,2026-10-06 01:01:25,SPXW,2026-10-12,C,7100.0,7773.9502,673.3,2.0,697.3,2.0,0.0,0.0,0.0,0.2967,0.9952,0.0,-0.216,0.1588,1.1597
2026-10-06T01:01:52Z,2026-10-06 01:01:25,SPXW,2026-10-12,P,7100.0,7773.9502,0.35,84.0,0.45,45.0,0.45,468.0,1160.0,0.2613,-0.0047,0.0,-0.2162,0.1591,-0.0058
2026-10-06T01:01:52Z,2026-10-06 01:01:25,SPXW,2026-10-12,C,7125.0,7773.9502,648.3,2.0,672.3,2.0,0.0,0.0,0.0,0.2862,0.9948,0.0,-0.2272,0.1712,1.1633
2026-10-06T01:01:52Z,2026-10-06 01:01:25,SPXW,2026-10-12,P,7125.0,7773.9502,0.4,23.0,0.5,46.0,0.5,105.0,191.0,0.2556,-0.0051,0.0,-0.2275,0.1715,-0.0064
2026-10-06T01:01:52Z,2026-10-06 01:01:25,SPXW,2026-10-12,C,7150.0,7773.9502,623.4,2.0,646.0,1.0,596.15,0.0,20.0,0.2512,0.9944,0.0001,-0.2395,0.1849,1.1668
2026-10-06T01:01:52Z,2026-10-06 01:01:25,SPXW,2026-10-12,P,7150.0,7773.9502,0.4,88.0,0.55,98.0,0.51,140.0,235.0,0.248,-0.0056,0.0001,-0.2398,0.1853,-0.0069
2026-10-06T01:01:52Z,2026-10-06 01:01:25,SPXW,2026-10-12,C,7175.0,7773.9502,598.4,2.0,621.1,2.0,577.86,0.0,3.0,0.2436,0.9938,0.0001,-0.2529,0.2001,1.1703
2026-10-06T01:01:52Z,2026-10-06 01:01:25,SPXW,2026-10-12,P,7175.0,7773.9502,0.45,24.0,0.55,43.0,0.55,53.0,153.0,0.2403,-0.0061,0.0001,-0.2532,0.2005,-0.0076
2026-10-06T01:01:52Z,2026-10-06 01:01:25,SPXW,2026-10-12,C,7200.0,7773.9502,573.5,2.0,596.2,2.0,546.5,0.0,32.0,0.2382,0.9932,0.0001,-0.2678,0.2172,1.1736
2026-10-06T01:01:52Z,2026-10-06 01:01:25,SPXW,2026-10-12,P,7200.0,7773.9502,0.5,22.0,0.6,43.0,0.6,376.0,500.0,0.2337,-0.0067,0.0001,-0.2681,0.2176,-0.0083
2026-10-06T01:01:52Z,2026-10-06 01:01:25,SPXW,2026-10-12,C,7210.0,7773.9502,563.5,2.0,586.2,2.0,0.0,0.0,0.0,0.2341,0.993,0.0001,-0.2741,0.2246,1.175
2026-10-06T01:01:52Z,2026-10-06 01:01:25,SPXW,2026-10-12,P,7210.0,7773.9502,0.5,24.0,0.6,18.0,0.6,18.0,0.0,0.23,-0.0069,0.0001,-0.2745,0.2251,-0.0086
2026-10-06T01:01:52Z,2026-10-06 01:01:25,SPXW,2026-10-12,C,7220.0,7773.9502,553.5,2.0,576.2,1.0,0.0,0.0,0.0,0.23,0.9927,0.0001,-0.2808,0.2325,1.1763
2026-10-06T01:01:52Z,2026-10-06 01:01:25,SPXW,2026-10-12,P,7220.0,7773.9502,0.5,82.0,0.65,92.0,0.6,12.0,6.0,0.2287,-0.0072,0.0001,-0.2812,0.233,-0.009
2026-10-06T01:01:52Z,2026-10-06 01:01:25,SPXW,2026-10-12,C,7225.0,7773.9502,548.5,2.0,571.3,3.0,540.68,0.0,1.0,0.2302,0.9926,0.0001,-0.2842,0.2366,1.1769
2026-10-06T01:01:52Z,2026-10-06 01:01:25,SPXW,2026-10-12,P,7225.0,7773.9502,0.6,21.0,0.7,91.0,0.65,13.0,50.0,0.2268,-0.0073,0.0001,-0.2846,0.237,-0.0091
2026-10-06T01:01:52Z,2026-10-06 01:01:25,SPXW,2026-10-12,C,7230.0,7773.9502,543.5,2.0,566.2,1.0,0.0,0.0,0.0,0.226,0.9924,0.0001,-0.2878,0.2408,1.1776
2026-10-06T01:01:52Z,2026-10-06 01:01:25,SPXW,2026-10-12,P,7230.0,7773.9502,0.55,22.0,0.65,43.0,0.65,13.0,0.0,0.2252,-0.0075,0.0001,-0.2878,0.2408,-0.0093
2026-10-06T01:01:52Z,2026-10-06 01:01:25,SPXW,2026-10-12,C,7240.0,7773.9502,533.6,2.0,556.3,2.0,0.0,0.0,0.0,0.2261,0.9921,0.0001,-0.295,0.2495,1.1788
2026-10-06T01:01:52Z,2026-10-06 01:01:25,SPXW,2026-10-12,P,7240.0,7773.9502,0.55,23.0,0.65,18.0,0.65,22.0,0.0,0.2214,-0.0078,0.0001,-0.295,0.2495,-0.0097
2026-10-06T01:01:52Z,2026-10-06 01:01:25,SPXW,2026-10-12,C,7250.0,7773.9502,523.6,2.0,546.3,1.0,400.81,0.0,11.0,0.222,0.9918,0.0001,-0.3027,0.2588,1.1801
2026-10-06T01:01:52Z,2026-10-06 01:01:25,SPXW,2026-10-12,P,7250.0,7773.9502,0.6,18.0,0.7,89.0,0.67,58.0,375.0,0.2198,-0.0081,0.0001,-0.3029,0.2591,-0.0101
2026-10-06T01:01:52Z,2026-10-06 01:01:25,SPXW,2026-10-12,C,7260.0,7773.9502,513.6,2.0,536.3,1.0,0.0,0.0,0.0,0.2179,0.9915,0.0001,-0.3107,0.2686,1.1813
2026-10-06T01:01:52Z,2026-10-06 01:01:25,SPXW,2026-10-12,P,7260.0,7773.9502,0.6,21.0,0.7,18.0,0.75,11.0,18.0,0.216,-0.0084,0.0001,-0.311,0.2689,-0.0105
2026-10-06T01:01:52Z,2026-10-06 01:01:25,SPXW,2026-10-12,C,7270.0,7773.9502,503.6,2.0,526.4,2.0,0.0,0.0,0.0,0.2157,0.9911,0.0001,-0.3192,0.2789,1.1825
2026-10-06T01:01:52Z,2026-10-06 01:01:25,SPXW,2026-10-12,P,7270.0,7773.9502,0.6,75.0,0.75,89.0,0.7,10.0,40.0,0.2132,-0.0088,0.0001,-0.3194,0.2792,-0.011
2026-10-06T01:01:52Z,2026-10-06 01:01:25,SPXW,2026-10-12,C,7275.0,7773.9502,498.7,2.0,521.4,1.0,480.4,0.0,3.0,0.2155,0.9909,0.0001,-0.3236,0.2843,1.183
2026-10-06T01:01:52Z,2026-10-06 01:01:25,SPXW,2026-10-12,P,7275.0,7773.9502,0.65,18.0,0.75,88.0,0.8,15.0,319.0,0.2123,-0.009,0.0001,-0.3238,0.2846,-0.0112
2026-10-06T01:01:52Z,2026-10-06 01:01:25,SPXW,2026-10-12,C,7280.0,7773.9502,493.7,2.0,516.4,1.0,0.0,0.0,0.0,0.2134,0.9907,0.0001,-0.3281,0.2898,1.1836
2026-10-06T01:01:52Z,2026-10-06 01:01:25,SPXW,2026-10-12,P,7280.0,7773.9502,0.65,20.0,0.75,18.0,0.75,12.0,30.0,0.2104,-0.0092,0.0001,-0.3283,0.2901,-0.0115
2026-10-06T01:01:52Z,2026-10-06 01:01:25,SPXW,2026-10-12,C,7290.0,7773.9502,483.7,2.0,506.4,1.0,0.0,0.0,0.0,0.2093,0.9903,0.0001,-0.3375,0.3013,1.1847
2026-10-06T01:01:52Z,2026-10-06 01:01:25,SPXW,2026-10-12,P,7290.0,7773.9502,0.65,23.0,0.75,17.0,0.75,45.0,102.0,0.2066,-0.0096,0.0001,-0.3377,0.3016,-0.012
2026-10-06T01:01:52Z,2026-10-06 01:01:25,SPXW,2026-10-12,C,7300.0,7773.9502,473.7,2.0,496.5,4.0,474.92,1.0,2.0,0.2069,0.9899,0.0001,-0.3475,0.3135,1.1858
2026-10-06T01:01:52Z,2026-10-06 01:01:25,SPXW,2026-10-12,P,7300.0,7773.9502,0.7,20.0,0.8,17.0,0.75,348.0,535.0,0.2046,-0.01,0.0001,-0.3477,0.3138,-0.0126
2026-10-06T01:01:52Z,2026-10-06 01:01:25,SPXW,2026-10-12,C,7310.0,7773.9502,463.8,2.0,486.5,3.0,0.0,0.0,0.0,0.2044,0.9894,0.0001,-0.358,0.3265,1.1868
2026-10-06T01:01:52Z,2026-10-06 01:01:25,SPXW,2026-10-12,P,7310.0,7773.9502,0.7,45.0,0.8,17.0,0.8,44.0,25.0,0.2007,-0.0105,0.0001,-0.3584,0.327,-0.0132
2026-10-06T01:01:52Z,2026-10-06 01:01:25,SPXW,2026-10-12,C,7320.0,7773.9502,453.8,2.0,476.5,1.0,381.25,0.0,2.0,0.2003,0.9889,0.0001,-0.3693,0.3403,1.1878
2026-10-06T01:01:52Z,2026-10-06 01:01:25,SPXW,2026-10-12,P,7320.0,7773.9502,0.75,20.0,0.85,16.0,0.8,13.0,143.0,0.1985,-0.0111,0.0001,-0.3696,0.3408,-0.0138
2026-10-06T01:01:52Z,2026-10-06 01:01:25,SPXW,2026-10-12,C,7325.0,7773.9502,448.8,2.0,471.6,4.0,445.96,0.0,2.0,0.1998,0.9886,0.0001,-0.3751,0.3476,1.1883
2026-10-06T01:01:52Z,2026-10-06 01:01:25,SPXW,2026-10-12,P,7325.0,7773.9502,0.75,21.0,0.85,16.0,0.85,153.0,357.0,0.1967,-0.0113,0.0001,-0.3751,0.3476,-0.0141
2026-10-06T01:01:52Z,2026-10-06 01:01:25,SPXW,2026-10-12,C,7330.0,7773.9502,443.9,2.0,466.6,4.0,0.0,0.0,0.0,0.1992,0.9883,0.0001,-0.3812,0.3551,1.1888
2026-10-06T01:01:52Z,2026-10-06 01:01:25,SPXW,2026-10-12,P,7330.0,7773.9502,0.75,96.0,0.9,60.0,0.85,88.0,79.0,0.1956,-0.0116,0.0001,-0.3812,0.3551,-0.0145
2026-10-06T01:01:52Z,2026-10-06 01:01:25,SPXW,2026-10-12,C,7340.0,7773.9502,433.9,2.0,456.5,1.0,0.0,0.0,0.0,0.1936,0.9877,0.0001,-0.3939,0.371,1.1897
2026-10-06T01:01:52Z,2026-10-06 01:01:25,SPXW,2026-10-12,P,7340.0,7773.9502,0.8,21.0,0.9,16.0,0.95,34.0,81.0,0.1925,-0.0122,0.0001,-0.3939,0.371,-0.0152
2026-10-06T01:01:52Z,2026-10-06 01:01:25,SPXW,2026-10-12,C,7350.0,7773.9502,423.9,2.0,446.5,1.0,0.0,0.0,0.0,0.1895,0.9871,0.0002,-0.4074,0.388,1.1905
2026-10-06T01:01:52Z,2026-10-06 01:01:25,SPXW,2026-10-12,P,7350.0,7773.9502,0.85,24.0,0.95,26.0,1.0,157.0,380.0,0.1901,-0.0128,0.0002,-0.4074,0.388,-0.016
2026-10-06T01:01:52Z,2026-10-06 01:01:25,SPXW,2026-10-12,C,7360.0,7773.9502,414.0,2.0,436.5,1.0,0.0,0.0,0.0,0.1868,0.9864,0.0002,-0.4219,0.4063,1.1913
2026-10-06T01:01:52Z,2026-10-06 01:01:25,SPXW,2026-10-12,P,7360.0,7773.9502,0.85,85.0,1.0,17.0,1.0,17.0,188.0,0.1868,-0.0135,0.0002,-0.4219,0.4063,-0.0169
2026-10-06T01:01:52Z,2026-10-06 01:01:25,SPXW,2026-10-12,C,7365.0,7773.9502,409.0,2.0,431.6,1.0,0.0,0.0,0.0,0.1861,0.986,0.0002,-0.4295,0.4159,1.1917
2026-10-06T01:01:52Z,2026-10-06 01:01:25,SPXW,2026-10-12,P,7365.0,7773.9502,0.9,21.0,1.0,17.0,1.0,37.0,0.0,0.1856,-0.0139,0.0002,-0.4295,0.4159,-0.0174
2026-10-06T01:01:52Z,2026-10-06 01:01:25,SPXW,2026-10-12,C,7370.0,7773.9502,404.0,2.0,426.6,1.0,308.91,0.0,1.0,0.184,0.9856,0.0002,-0.4374,0.4259,1.192
2026-10-06T01:01:52Z,2026-10-06 01:01:25,SPXW,2026-10-12,P,7370.0,7773.9502,0.9,44.0,1.05,56.0,1.0,58.0,110.0,0.1842,-0.0143,0.0002,-0.4374,0.4259,-0.0179
2026-10-06T01:01:52Z,2026-10-06 01:01:25,SPXW,2026-10-12,C,7375.0,7773.9502,399.1,2.0,421.6,1.0,362.56,0.0,1.0,0.1832,0.9852,0.0002,-0.4456,0.4361,1.1923
2026-10-06T01:01:52Z,2026-10-06 01:01:25,SPXW,2026-10-12,P,7375.0,7773.9502,0.95,16.0,1.0,125.0,1.1,2771.0,312.0,0.1823,-0.0147,0.0002,-0.4456,0.4361,-0.0184
2026-10-06T01:01:52Z,2026-10-06 01:01:25,SPXW,2026-10-12,C,7380.0,7773.9502,394.1,2.0,416.6,1.0,0.0,0.0,0.0,0.1811,0.9848,0.0002,-0.454,0.4468,1.1926
2026-10-06T01:01:52Z,2026-10-06 01:01:25,SPXW,2026-10-12,P,7380.0,7773.9502,0.95,44.0,1.05,16.0,1.05,33.0,47.0,0.1816,-0.0151,0.0002,-0.454,0.4468,-0.0189
2026-10-06T01:01:52Z,2026-10-06 01:01:25,SPXW,2026-10-12,C,7385.0,7773.9502,389.1,2.0,411.7,1.0,0.0,0.0,0.0,0.1803,0.9844,0.0002,-0.4628,0.4578,1.1928
2026-10-06T01:01:52Z,2026-10-06 01:01:25,SPXW,2026-10-12,P,7385.0,7773.9502,1.0,16.0,1.1,16.0,1.15,22.0,24.0,0.1802,-0.0155,0.0002,-0.4628,0.4578,-0.0195
2026-10-06T01:01:52Z,2026-10-06 01:01:25,SPXW,2026-10-12,C,7390.0,7773.9502,384.1,2.0,406.7,1.0,293.12,0.0,4.0,0.1782,0.9839,0.0002,-0.4719,0.4691,1.1931
2026-10-06T01:01:52Z,2026-10-06 01:01:25,SPXW,2026-10-12,P,7390.0,7773.9502,1.0,42.0,1.1,16.0,1.1,47.0,113.0,0.1787,-0.016,0.0002,-0.4721,0.4694,-0.0201
2026-10-06T01:01:52Z,2026-10-06 01:01:25,SPXW,2026-10-12,C,7395.0,7773.9502,379.2,2.0,401.8,1.0,0.0,0.0,0.0,0.1784,0.9834,0.0002,-0.4813,0.481,1.1933
2026-10-06T01:01:52Z,2026-10-06 01:01:25,SPXW,2026-10-12,P,7395.0,7773.9502,1.05,16.0,1.15,16.0,1.15,10.0,18.0,0.1773,-0.0165,0.0002,-0.4816,0.4812,-0.0207
2026-10-06T01:01:52Z,2026-10-06 01:01:25,SPXW,2026-10-12,C,7400.0,7773.9502,374.2,2.0,396.8,1.0,397.44,0.0,3.0,0.1763,0.9829,0.0002,-0.4911,0.4932,1.1935
2026-10-06T01:01:52Z,2026-10-06 01:01:25,SPXW,2026-10-12,P,7400.0,7773.9502,1.05,48.0,1.2,56.0,1.25,482.0,596.0,0.1759,-0.017,0.0002,-0.4914,0.4935,-0.0213
2026-10-06T01:01:52Z,2026-10-06 01:01:25,SPXW,2026-10-12,C,7405.0,7773.9502,369.2,2.0,391.8,1.0,0.0,0.0,0.0,0.1742,0.9824,0.0002,-0.5013,0.506,1.1936
2026-10-06T01:01:52Z,2026-10-06 01:01:25,SPXW,2026-10-12,P,7405.0,7773.9502,1.1,15.0,1.2,15.0,1.2,75.0,65.0,0.1744,-0.0175,0.0002,-0.5015,0.5063,-0.022
2026-10-06T01:01:52Z,2026-10-06 01:01:25,SPXW,2026-10-12,C,7410.0,7773.9502,364.3,2.0,386.8,1.0,312.65,0.0,2.0,0.1732,0.9818,0.0002,-0.5118,0.5193,1.1938
2026-10-06T01:01:52Z,2026-10-06 01:01:25,SPXW,2026-10-12,P,7410.0,7773.9502,1.1,38.0,1.25,15.0,1.27,160.0,188.0,0.1729,-0.0181,0.0002,-0.5121,0.5196,-0.0227
2026-10-06T01:01:52Z,2026-10-06 01:01:25,SPXW,2026-10-12,C,7415.0,7773.9502,359.3,2.0,381.9,1.0,0.0,0.0,0.0,0.1722,0.9813,0.0002,-0.5228,0.5331,1.1939
2026-10-06T01:01:52Z,2026-10-06 01:01:25,SPXW,2026-10-12,P,7415.0,7773.9502,1.15,37.0,1.25,15.0,1.25,81.0,67.0,0.1714,-0.0186,0.0002,-0.5231,0.5335,-0.0234
2026-10-06T01:01:52Z,2026-10-06 01:01:25,SPXW,2026-10-12,C,7420.0,7773.9502,354.3,2.0,376.9,1.0,0.0,0.0,0.0,0.17,0.9807,0.0003,-0.5342,0.5476,1.194
2026-10-06T01:01:52Z,2026-10-06 01:01:25,SPXW,2026-10-12,P,7420.0,7773.9502,1.2,15.0,1.3,15.0,1.3,155.0,82.0,0.1704,-0.0192,0.0003,-0.5345,0.5479,-0.0241
2026-10-06T01:01:52Z,2026-10-06 01:01:25,SPXW,2026-10-12,C,7425.0,7773.9502,349.4,2.0,372.0,1.0,0.0,0.0,0.0,0.1699,0.98,0.0003,-0.546,0.5626,1.194
2026-10-06T01:01:52Z,2026-10-06 01:01:25,SPXW,2026-10-12,P,7425.0,7773.9502,1.2,38.0,1.35,15.0,1.35,76.0,308.0,0.1689,-0.0199,0.0003,-0.5463,0.563,-0.0249
2026-10-06T01:01:52Z,2026-10-06 01:01:25,SPXW,2026-10-12,C,7430.0,7773.9502,344.4,2.0,367.0,1.0,0.0,0.0,0.0,0.1678,0.9794,0.0003,-0.5583,0.5783,1.194
2026-10-06T01:01:52Z,2026-10-06 01:01:25,SPXW,2026-10-12,P,7430.0,7773.9502,1.25,37.0,1.35,15.0,1.4,54.0,111.0,0.1673,-0.0205,0.0003,-0.5586,0.5787,-0.0257
2026-10-06T01:01:52Z,2026-10-06 01:01:25,SPXW,2026-10-12,C,7435.0,7773.9502,339.5,2.0,362.0,1.0,0.0,0.0,0.0,0.1666,0.9787,0.0003,-0.571,0.5945,1.1939
2026-10-06T01:01:52Z,2026-10-06 01:01:25,SPXW,2026-10-12,P,7435.0,7773.9502,1.3,15.0,1.4,15.0,1.48,48.0,22.0,0.1662,-0.0212,0.0003,-0.5714,0.595,-0.0266
2026-10-06T01:01:52Z,2026-10-06 01:01:25,SPXW,2026-10-12,C,7440.0,7773.9502,334.5,2.0,357.1,1.0,318.77,0.0,30.0,0.1654,0.978,0.0003,-0.5843,0.6114,1.1938
2026-10-06T01:01:52Z,2026-10-06 01:01:25,SPXW,2026-10-12,P,7440.0,7773.9502,1.3,71.0,1.45,14.0,1.55,33.0,82.0,0.1647,-0.0219,0.0003,-0.5843,0.6114,-0.0275
2026-10-06T01:01:52Z,2026-10-06 01:01:25,SPXW,2026-10-12,C,7445.0,7773.9502,329.5,2.0,352.1,1.0,0.0,0.0,0.0,0.1632,0.9772,0.0003,-0.5981,0.629,1.1937
2026-10-06T01:01:52Z,2026-10-06 01:01:25,SPXW,2026-10-12,P,7445.0,7773.9502,1.35,35.0,1.5,14.0,1.64,28.0,35.0,0.1635,-0.0227,0.0003,-0.5984,0.6294,-0.0285
2026-10-06T01:01:52Z,2026-10-06 01:01:25,SPXW,2026-10-12,C,7450.0,7773.9502,324.6,2.0,347.1,1.0,328.13,1.0,30.0,0.162,0.9764,0.0003,-0.6125,0.6472,1.1935
2026-10-06T01:01:52Z,2026-10-06 01:01:25,SPXW,2026-10-12,P,7450.0,7773.9502,1.4,41.0,1.55,17.0,1.67,294.0,355.0,0.1622,-0.0235,0.0003,-0.6128,0.6476,-0.0295
2026-10-06T01:01:52Z,2026-10-06 01:01:25,SPXW,2026-10-12,C,7455.0,7773.9502,319.6,2.0,342.2,1.0,272.87,0.0,2.0,0.1607,0.9756,0.0003,-0.6274,0.666,1.1932
2026-10-06T01:01:52Z,2026-10-06 01:01:25,SPXW,2026-10-12,P,7455.0,7773.9502,1.45,36.0,1.6,14.0,1.8,79.0,30.0,0.161,-0.0243,0.0003,-0.6278,0.6665,-0.0306
2026-10-06T01:01:52Z,2026-10-06 01:01:25,SPXW,2026-10-12,C,7460.0,7773.9502,314.7,2.0,337.2,1.0,0.0,0.0,0.0,0.1593,0.9747,0.0003,-0.643,0.6857,1.1929
2026-10-06T01:01:52Z,2026-10-06 01:01:25,SPXW,2026-10-12,P,7460.0,7773.9502,1.5,34.0,1.6,14.0,1.84,172.0,123.0,0.1598,-0.0252,0.0003,-0.643,0.6857,-0.0317
2026-10-06T01:01:52Z,2026-10-06 01:01:25,SPXW,2026-10-12,C,7465.0,7773.9502,309.7,2.0,332.3,1.0,0.0,0.0,0.0,0.158,0.9738,0.0004,-0.6592,0.7061,1.1926
2026-10-06T01:01:52Z,2026-10-06 01:01:25,SPXW,2026-10-12,P,7465.0,7773.9502,1.55,33.0,1.65,14.0,1.75,78.0,32.0,0.1584,-0.0261,0.0004,-0.6592,0.7061,-0.0329
2026-10-06T01:01:52Z,2026-10-06 01:01:25,SPXW,2026-10-12,C,7470.0,7773.9502,304.8,2.0,327.3,1.0,306.19,1.0,5.0,0.1566,0.9728,0.0004,-0.676,0.7274,1.1922
2026-10-06T01:01:52Z,2026-10-06 01:01:25,SPXW,2026-10-12,P,7470.0,7773.9502,1.6,34.0,1.75,13.0,1.84,114.0,138.0,0.1571,-0.0271,0.0004,-0.676,0.7274,-0.0341
2026-10-06T01:01:52Z,2026-10-06 01:01:25,SPXW,2026-10-12,C,7475.0,7773.9502,299.9,2.0,322.4,1.0,269.05,0.0,1.0,0.1559,0.9718,0.0004,-0.6936,0.7497,1.1917
2026-10-06T01:01:52Z,2026-10-06 01:01:25,SPXW,2026-10-12,P,7475.0,7773.9502,1.65,33.0,1.8,13.0,1.8,568.0,309.0,0.1557,-0.0281,0.0004,-0.6936,0.7497,-0.0354
2026-10-06T01:01:52Z,2026-10-06 01:01:25,SPXW,2026-10-12,C,7480.0,7773.9502,294.9,2.0,317.5,2.0,288.49,3.0,10.0,0.1544,0.9707,0.0004,-0.7118,0.773,1.1912
2026-10-06T01:01:52Z,2026-10-06 01:01:25,SPXW,2026-10-12,P,7480.0,7773.9502,1.7,32.0,1.85,13.0,1.9,197.0,141.0,0.1543,-0.0292,0.0004,-0.7118,0.773,-0.0367
2026-10-06T01:01:52Z,2026-10-06 01:01:25,SPXW,2026-10-12,C,7485.0,7773.9502,290.0,2.0,312.5,1.0,0.0,0.0,0.0,0.1529,0.9696,0.0004,-0.7308,0.7973,1.1906
2026-10-06T01:01:52Z,2026-10-06 01:01:25,SPXW,2026-10-12,P,7485.0,7773.9502,1.8,12.0,1.9,13.0,1.98,66.0,44.0,0.1532,-0.0303,0.0004,-0.7308,0.7973,-0.0382
2026-10-06T01:01:52Z,2026-10-06 01:01:25,SPXW,2026-10-12,C,7490.0,7773.9502,285.1,2.0,307.6,2.0,296.01,1.0,11.0,0.1521,0.9684,0.0004,-0.7505,0.8226,1.1899
2026-10-06T01:01:52Z,2026-10-06 01:01:25,SPXW,2026-10-12,P,7490.0,7773.9502,1.85,13.0,1.95,13.0,1.95,165.0,139.0,0.1521,-0.0315,0.0004,-0.7505,0.8226,-0.0396
2026-10-06T01:01:52Z,2026-10-06 01:01:25,SPXW,2026-10-12,C,7495.0,7773.9502,280.1,2.0,302.7,2.0,0.0,0.0,0.0,0.1505,0.9671,0.0004,-0.7711,0.849,1.1891
2026-10-06T01:01:52Z,2026-10-06 01:01:25,SPXW,2026-10-12,P,7495.0,7773.9502,1.9,34.0,2.05,13.0,2.05,57.0,49.0,0.1505,-0.0328,0.0004,-0.7711,0.849,-0.0412
2026-10-06T01:01:52Z,2026-10-06 01:01:25,SPXW,2026-10-12,C,7500.0,7773.9502,275.2,2.0,297.8,2.0,274.34,0.0,41.0,0.1496,0.9658,0.0005,-0.7924,0.8764,1.1882
2026-10-06T01:01:52Z,2026-10-06 01:01:25,SPXW,2026-10-12,P,7500.0,7773.9502,2.0,16.0,2.1,17.0,2.15,579.0,481.0,0.1493,-0.0341,0.0005,-0.7924,0.8764,-0.043
2026-10-06T01:01:52Z,2026-10-06 01:01:25,SPXW,2026-10-12,C,7505.0,7773.9502,270.3,2.0,292.8,1.0,0.0,0.0,0.0,0.1479,0.9644,0.0005,-0.8147,0.9048,1.1872
2026-10-06T01:01:52Z,2026-10-06 01:01:25,SPXW,2026-10-12,P,7505.0,7773.9502,2.05,13.0,2.2,12.0,2.25,101.0,19.0,0.148,-0.0355,0.0005,-0.8147,0.9048,-0.0447
2026-10-06T01:01:52Z,2026-10-06 01:01:25,SPXW,2026-10-12,C,7510.0,7773.9502,265.4,2.0,287.9,1.0,209.83,0.0,5.0,0.1469,0.9629,0.0005,-0.8379,0.9343,1.1862
2026-10-06T01:01:52Z,2026-10-06 01:01:25,SPXW,2026-10-12,P,7510.0,7773.9502,2.15,12.0,2.3,12.0,2.35,342.0,309.0,0.147,-0.037,0.0005,-0.8379,0.9343,-0.0466
2026-10-06T01:01:52Z,2026-10-06 01:01:25,SPXW,2026-10-12,C,7515.0,7773.9502,260.5,2.0,283.0,1.0,0.0,0.0,0.0,0.1458,0.9614,0.0005,-0.862,0.965,1.185
2026-10-06T01:01:52Z,2026-10-06 01:01:25,SPXW,2026-10-12,P,7515.0,7773.9502,2.25,12.0,2.35,12.0,2.45,122.0,126.0,0.1457,-0.0385,0.0005,-0.862,0.965,-0.0486
2026-10-06T01:01:52Z,2026-10-06 01:01:25,SPXW,2026-10-12,C,7520.0,7773.9502,255.5,2.0,278.1,1.0,158.9,0.0,29.0,0.144,0.9598,0.0006,-0.887,0.9969,1.1838
2026-10-06T01:01:52Z,2026-10-06 01:01:25,SPXW,2026-10-12,P,7520.0,7773.9502,2.3,13.0,2.45,12.0,2.65,522.0,349.0,0.1445,-0.0402,0.0006,-0.887,0.9969,-0.0507
2026-10-06T01:01:52Z,2026-10-06 01:01:25,SPXW,2026-10-12,C,7525.0,7773.9502,250.6,2.0,273.2,1.0,226.61,1.0,10.0,0.1428,0.958,0.0006,-0.9131,1.0303,1.1824
2026-10-06T01:01:52Z,2026-10-06 01:01:25,SPXW,2026-10-12,P,7525.0,7773.9502,2.4,16.0,2.55,15.0,2.8,476.0,413.0,0.1434,-0.0419,0.0006,-0.9131,1.0303,-0.0529
2026-10-06T01:01:52Z,2026-10-06 01:01:25,SPXW,2026-10-12,C,7530.0,7773.9502,245.8,2.0,268.3,1.0,153.0,0.0,7.0,0.1421,0.9562,0.0006,-0.9402,1.0652,1.1809
2026-10-06T01:01:52Z,2026-10-06 01:01:25,SPXW,2026-10-12,P,7530.0,7773.9502,2.5,9.0,2.65,9.0,2.87,524.0,398.0,0.1421,-0.0437,0.0006,-0.9402,1.0652,-0.0552
2026-10-06T01:01:52Z,2026-10-06 01:01:25,SPXW,2026-10-12,C,7535.0,7773.9502,240.9,2.0,263.5,2.0,202.85,0.0,1.0,0.1413,0.9543,0.0006,-0.9684,1.1016,1.1793
2026-10-06T01:01:52Z,2026-10-06 01:01:25,SPXW,2026-10-12,P,7535.0,7773.9502,2.65,8.0,2.8,10.0,2.95,186.0,46.0,0.1411,-0.0456,0.0006,-0.9684,1.1016,-0.0576
2026-10-06T01:01:52Z,2026-10-06 01:01:25,SPXW,2026-10-12,C,7540.0,7773.9502,236.0,2.0,258.6,2.0,147.61,0.0,42.0,0.1399,0.9523,0.0007,-0.9976,1.1396,1.1776
2026-10-06T01:01:52Z,2026-10-06 01:01:25,SPXW,2026-10-12,P,7540.0,7773.9502,2.75,8.0,2.9,8.0,3.0,912.0,1154.0,0.1398,-0.0476,0.0007,-0.9976,1.1396,-0.0602
2026-10-06T01:01:52Z,2026-10-06 01:01:25,SPXW,2026-10-12,C,7545.0,7773.9502,231.1,2.0,253.7,2.0,0.0,0.0,0.0,0.1385,0.9501,0.0007,-1.028,1.179,1.1757
2026-10-06T01:01:52Z,2026-10-06 01:01:25,SPXW,2026-10-12,P,7545.0,7773.9502,2.9,8.0,3.1,51.0,3.1,165.0,66.0,0.1391,-0.0498,0.0007,-1.028,1.179,-0.0629
2026-10-06T01:01:52Z,2026-10-06 01:01:25,SPXW,2026-10-12,C,7550.0,7773.9502,237.2,3.0,238.5,3.0,239.19,6.0,11.0,0.1384,0.9479,0.0007,-1.0596,1.2198,1.1736
2026-10-06T01:01:52Z,2026-10-06 01:01:25,SPXW,2026-10-12,P,7550.0,7773.9502,3.0,11.0,3.2,11.0,3.41,671.0,524.0,0.1376,-0.052,0.0007,-1.0596,1.2198,-0.0658
2026-10-06T01:01:52Z,2026-10-06 01:01:25,SPXW,2026-10-12,C,7555.0,7773.9502,221.4,2.0,244.0,2.0,200.59,0.0,1.0,0.1364,0.9455,0.0008,-1.0923,1.262,1.1713
2026-10-06T01:01:52Z,2026-10-06 01:01:25,SPXW,2026-10-12,P,7555.0,7773.9502,3.1,34.0,3.3,8.0,3.5,603.0,40.0,0.1361,-0.0544,0.0008,-1.0923,1.262,-0.0689
2026-10-06T01:01:52Z,2026-10-06 01:01:25,SPXW,2026-10-12,C,7560.0,7773.9502,216.5,2.0,239.1,2.0,181.99,0.0,9.0,0.1348,0.943,0.0008,-1.1263,1.3058,1.1689
2026-10-06T01:01:52Z,2026-10-06 01:01:25,SPXW,2026-10-12,P,7560.0,7773.9502,3.3,8.0,3.5,9.0,3.7,1044.0,678.0,0.1354,-0.057,0.0008,-1.1263,1.3058,-0.0722
2026-10-06T01:01:52Z,2026-10-06 01:01:25,SPXW,2026-10-12,C,7565.0,7773.9502,211.7,2.0,234.3,2.0,0.0,0.0,0.0,0.134,0.9403,0.0008,-1.1616,1.3513,1.1663
2026-10-06T01:01:52Z,2026-10-06 01:01:25,SPXW,2026-10-12,P,7565.0,7773.9502,3.4,33.0,3.6,8.0,4.0,270.0,147.0,0.1346,-0.0596,0.0008,-1.1616,1.3513,-0.0756
2026-10-06T01:01:52Z,2026-10-06 01:01:25,SPXW,2026-10-12,C,7570.0,7773.9502,206.9,2.0,229.4,1.0,191.6,2.0,4.0,0.1327,0.9375,0.0009,-1.1982,1.3988,1.1636
2026-10-06T01:01:52Z,2026-10-06 01:01:25,SPXW,2026-10-12,P,7570.0,7773.9502,3.6,7.0,3.8,7.0,4.07,905.0,136.0,0.133,-0.0624,0.0009,-1.1982,1.3988,-0.0791
2026-10-06T01:01:52Z,2026-10-06 01:01:25,SPXW,2026-10-12,C,7575.0,7773.9502,202.1,2.0,224.6,2.0,186.85,1.0,11.0,0.1318,0.9345,0.0009,-1.2361,1.4484,1.1606
2026-10-06T01:01:52Z,2026-10-06 01:01:25,SPXW,2026-10-12,P,7575.0,7773.9502,3.8,8.0,4.0,7.0,4.2,421.0,244.0,0.132,-0.0654,0.0009,-1.2361,1.4484,-0.0829
2026-10-06T01:01:52Z,2026-10-06 01:01:25,SPXW,2026-10-12,C,7580.0,7773.9502,199.3,2.0,217.8,2.0,109.82,0.0,5.0,0.1307,0.9313,0.0009,-1.2753,1.5001,1.1574
2026-10-06T01:01:52Z,2026-10-06 01:01:25,SPXW,2026-10-12,P,7580.0,7773.9502,4.0,7.0,4.2,7.0,4.48,375.0,114.0,0.131,-0.0686,0.0009,-1.2753,1.5001,-0.0869
2026-10-06T01:01:52Z,2026-10-06 01:01:25,SPXW,2026-10-12,C,7585.0,7773.9502,194.5,2.0,213.0,1.0,165.56,0.0,14.0,0.1296,0.928,0.001,-1.3159,1.5535,1.154
2026-10-06T01:01:52Z,2026-10-06 01:01:25,SPXW,2026-10-12,P,7585.0,7773.9502,4.2,7.0,4.4,7.0,4.6,307.0,77.0,0.1299,-0.0719,0.001,-1.3159,1.5535,-0.0911
2026-10-06T01:01:52Z,2026-10-06 01:01:25,SPXW,2026-10-12,C,7590.0,7773.9502,189.7,2.0,208.3,2.0,161.16,0.0,67.0,0.1288,0.9245,0.001,-1.3578,1.6085,1.1502
2026-10-06T01:01:52Z,2026-10-06 01:01:25,SPXW,2026-10-12,P,7590.0,7773.9502,4.4,7.0,4.6,7.0,5.32,1373.0,205.0,0.1287,-0.0754,0.001,-1.3578,1.6085,-0.0957
2026-10-06T01:01:52Z,2026-10-06 01:01:25,SPXW,2026-10-12,C,7595.0,7773.9502,184.9,2.0,203.5,1.0,119.2,0.0,7.0,0.1275,0.9208,0.0011,-1.4013,1.6651,1.1462
2026-10-06T01:01:52Z,2026-10-06 01:01:25,SPXW,2026-10-12,P,7595.0,7773.9502,4.6,28.0,4.9,40.0,5.06,1174.0,363.0,0.1281,-0.0791,0.0011,-1.4013,1.6651,-0.1005
2026-10-06T01:01:52Z,2026-10-06 01:01:25,SPXW,2026-10-12,C,7600.0,7773.9502,189.1,3.0,190.5,3.0,185.83,8.0,365.0,0.1277,0.9168,0.0011,-1.4461,1.7237,1.142
2026-10-06T01:01:52Z,2026-10-06 01:01:25,SPXW,2026-10-12,P,7600.0,7773.9502,4.9,20.0,5.1,20.0,5.4,1962.0,704.0,0.1268,-0.083,0.0011,-1.4461,1.7237,-0.1056
2026-10-06T01:01:52Z,2026-10-06 01:01:25,SPXW,2026-10-12,C,7605.0,7773.9502,175.4,2.0,194.0,1.0,136.15,0.0,9.0,0.1253,0.9127,0.0012,-1.4925,1.7846,1.1376
2026-10-06T01:01:52Z,2026-10-06 01:01:25,SPXW,2026-10-12,P,7605.0,7773.9502,5.2,7.0,5.4,18.0,5.73,683.0,474.0,0.126,-0.0872,0.0012,-1.4925,1.7846,-0.1108
2026-10-06T01:01:52Z,2026-10-06 01:01:25,SPXW,2026-10-12,C,7610.0,7773.9502,170.7,2.0,189.3,1.0,190.32,8.0,77.0,0.1244,0.9083,0.0012,-1.5402,1.8479,1.1329
2026-10-06T01:01:52Z,2026-10-06 01:01:25,SPXW,2026-10-12,P,7610.0,7773.9502,5.4,38.0,5.7,18.0,5.94,214.0,175.0,0.1251,-0.0916,0.0012,-1.5402,1.8479,-0.1164
2026-10-06T01:01:52Z,2026-10-06 01:01:25,SPXW,2026-10-12,C,7615.0,7773.9502,166.0,2.0,184.6,1.0,147.01,1.0,8.0,0.1234,0.9037,0.0013,-1.5894,1.9136,1.1278
2026-10-06T01:01:52Z,2026-10-06 01:01:25,SPXW,2026-10-12,P,7615.0,7773.9502,5.7,37.0,6.0,18.0,6.21,1216.0,946.0,0.124,-0.0962,0.0013,-1.5894,1.9136,-0.1223
2026-10-06T01:01:52Z,2026-10-06 01:01:25,SPXW,2026-10-12,C,7620.0,7773.9502,161.4,2.0,180.0,1.0,134.07,5.0,59.0,0.1228,0.8988,0.0014,-1.64,1.9812,1.1222
2026-10-06T01:01:52Z,2026-10-06 01:01:25,SPXW,2026-10-12,P,7620.0,7773.9502,6.0,35.0,6.3,16.0,6.55,296.0,173.0,0.123,-0.1012,0.0014,-1.64,1.9812,-0.1286
2026-10-06T01:01:52Z,2026-10-06 01:01:25,SPXW,2026-10-12,C,7625.0,7773.9502,156.7,2.0,175.3,1.0,138.49,1.0,111.0,0.1216,0.8936,0.0014,-1.6919,2.0504,1.1163
2026-10-06T01:01:52Z,2026-10-06 01:01:25,SPXW,2026-10-12,P,7625.0,7773.9502,6.4,16.0,6.6,16.0,7.2,447.0,348.0,0.1218,-0.1063,0.0014,-1.6919,2.0504,-0.1354
2026-10-06T01:01:52Z,2026-10-06 01:01:25,SPXW,2026-10-12,C,7630.0,7773.9502,152.1,2.0,170.7,1.0,116.51,1.0,70.0,0.1208,0.8881,0.0015,-1.7453,2.1211,1.11
2026-10-06T01:01:52Z,2026-10-06 01:01:25,SPXW,2026-10-12,P,7630.0,7773.9502,6.7,33.0,7.0,15.0,7.5,416.0,153.0,0.121,-0.1118,0.0015,-1.7453,2.1211,-0.1425
2026-10-06T01:01:52Z,2026-10-06 01:01:25,SPXW,2026-10-12,C,7635.0,7773.9502,147.5,2.0,166.1,2.0,130.29,0.0,25.0,0.1199,0.8823,0.0015,-1.8001,2.1939,1.1034
2026-10-06T01:01:52Z,2026-10-06 01:01:25,SPXW,2026-10-12,P,7635.0,7773.9502,7.1,16.0,7.4,15.0,7.9,115.0,75.0,0.1201,-0.1176,0.0015,-1.8001,2.1939,-0.1499
2026-10-06T01:01:52Z,2026-10-06 01:01:25,SPXW,2026-10-12,C,7640.0,7773.9502,142.9,2.0,161.5,1.0,162.42,5.0,127.0,0.1189,0.8762,0.0016,-1.8561,2.2692,1.0965
2026-10-06T01:01:52Z,2026-10-06 01:01:25,SPXW,2026-10-12,P,7640.0,7773.9502,7.5,16.0,7.8,15.0,8.14,255.0,274.0,0.119,-0.1237,0.0016,-1.8561,2.2692,-0.1576
2026-10-06T01:01:52Z,2026-10-06 01:01:25,SPXW,2026-10-12,C,7645.0,7773.9502,138.3,2.0,156.9,1.0,84.64,0.0,52.0,0.1178,0.8697,0.0017,-1.9133,2.3469,1.0891
2026-10-06T01:01:52Z,2026-10-06 01:01:25,SPXW,2026-10-12,P,7645.0,7773.9502,8.0,7.0,8.2,16.0,8.5,198.0,119.0,0.1179,-0.1302,0.0017,-1.9133,2.3469,-0.1659
2026-10-06T01:01:52Z,2026-10-06 01:01:25,SPXW,2026-10-12,C,7650.0,7773.9502,133.8,2.0,152.4,2.0,148.62,4.0,355.0,0.117,0.8629,0.0018,-1.9716,2.4264,1.0811
2026-10-06T01:01:52Z,2026-10-06 01:01:25,SPXW,2026-10-12,P,7650.0,7773.9502,8.4,17.0,8.7,17.0,9.04,317.0,458.0,0.1169,-0.137,0.0018,-1.9716,2.4264,-0.1747
2026-10-06T01:01:52Z,2026-10-06 01:01:25,SPXW,2026-10-12,C,7655.0,7773.9502,138.3,3.0,139.5,3.0,147.8,4.0,44.0,0.1165,0.8557,0.0018,-2.0309,2.5069,1.0725
2026-10-06T01:01:52Z,2026-10-06 01:01:25,SPXW,2026-10-12,P,7655.0,7773.9502,8.9,17.0,9.2,17.0,9.8,362.0,152.0,0.116,-0.1442,0.0018,-2.0309,2.5069,-0.1841
2026-10-06T01:01:52Z,2026-10-06 01:01:25,SPXW,2026-10-12,C,7660.0,7773.9502,124.8,2.0,143.4,1.0,130.95,27.0,119.0,0.115,0.8481,0.0019,-2.0912,2.5884,1.0635
2026-10-06T01:01:52Z,2026-10-06 01:01:25,SPXW,2026-10-12,P,7660.0,7773.9502,9.4,16.0,9.7,8.0,10.1,1001.0,213.0,0.1152,-0.1518,0.0019,-2.0912,2.5884,-0.1939
2026-10-06T01:01:52Z,2026-10-06 01:01:25,SPXW,2026-10-12,C,7665.0,7773.9502,120.3,2.0,138.9,1.0,136.52,1.0,42.0,0.1138,0.8401,0.002,-2.1522,2.6713,1.0542
2026-10-06T01:01:52Z,2026-10-06 01:01:25,SPXW,2026-10-12,P,7665.0,7773.9502,10.0,8.0,10.3,15.0,11.15,161.0,86.0,0.1142,-0.1598,0.002,-2.1522,2.6713,-0.2041
2026-10-06T01:01:52Z,2026-10-06 01:01:25,SPXW,2026-10-12,C,7670.0,7773.9502,125.0,3.0,126.2,3.0,135.32,6.0,191.0,0.1137,0.8317,0.0021,-2.2137,2.7564,1.0443
2026-10-06T01:01:52Z,2026-10-06 01:01:25,SPXW,2026-10-12,P,7670.0,7773.9502,10.6,7.0,10.9,15.0,11.4,197.0,163.0,0.1134,-0.1682,0.0021,-2.2137,2.7564,-0.2148
2026-10-06T01:01:52Z,2026-10-06 01:01:25,SPXW,2026-10-12,C,7675.0,7773.9502,120.7,3.0,121.8,3.0,119.67,15.0,130.0,0.1127,0.8229,0.0022,-2.2757,2.8431,1.0336
2026-10-06T01:01:52Z,2026-10-06 01:01:25,SPXW,2026-10-12,P,7675.0,7773.9502,11.2,8.0,11.5,15.0,11.98,521.0,1024.0,0.1123,-0.177,0.0022,-2.2757,2.8431,-0.2263
2026-10-06T01:01:52Z,2026-10-06 01:01:25,SPXW,2026-10-12,C,7680.0,7773.9502,107.2,2.0,125.8,1.0,96.6,16.0,76.0,0.1111,0.8136,0.0022,-2.3378,2.9302,1.0223
2026-10-06T01:01:52Z,2026-10-06 01:01:25,SPXW,2026-10-12,P,7680.0,7773.9502,11.9,7.0,12.2,15.0,12.76,891.0,270.0,0.1115,-0.1863,0.0022,-2.3378,2.9302,-0.2384
2026-10-06T01:01:52Z,2026-10-06 01:01:25,SPXW,2026-10-12,C,7685.0,7773.9502,102.9,2.0,121.5,1.0,110.8,105.0,100.0,0.1102,0.8038,0.0023,-2.3998,3.0167,1.0104
2026-10-06T01:01:52Z,2026-10-06 01:01:25,SPXW,2026-10-12,P,7685.0,7773.9502,12.6,9.0,12.9,16.0,13.42,418.0,76.0,0.1106,-0.1961,0.0023,-2.3998,3.0167,-0.2512
2026-10-06T01:01:52Z,2026-10-06 01:01:25,SPXW,2026-10-12,C,7690.0,7773.9502,98.7,2.0,117.3,1.0,104.61,9.0,76.0,0.1094,0.7935,0.0024,-2.4616,3.1033,0.9981
2026-10-06T01:01:52Z,2026-10-06 01:01:25,SPXW,2026-10-12,P,7690.0,7773.9502,13.3,17.0,13.6,2.0,14.17,1053.0,341.0,0.1098,-0.2064,0.0024,-2.4616,3.1033,-0.2643
2026-10-06T01:01:52Z,2026-10-06 01:01:25,SPXW,2026-10-12,C,7695.0,7773.9502,94.5,2.0,113.1,1.0,100.0,30.0,32.0,0.1086,0.7828,0.0025,-2.5228,3.1907,0.9852
2026-10-06T01:01:52Z,2026-10-06 01:01:25,SPXW,2026-10-12,P,7695.0,7773.9502,14.1,15.0,14.4,1.0,15.21,384.0,79.0,0.109,-0.2171,0.0025,-2.5228,3.1907,-0.278
2026-10-06T01:01:52Z,2026-10-06 01:01:25,SPXW,2026-10-12,C,7700.0,7773.9502,99.4,3.0,100.6,3.0,96.85,710.0,1122.0,0.1084,0.7715,0.0026,-2.583,3.2786,0.9714
2026-10-06T01:01:52Z,2026-10-06 01:01:25,SPXW,2026-10-12,P,7700.0,7773.9502,15.0,8.0,15.3,14.0,16.25,1646.0,1185.0,0.1079,-0.2284,0.0026,-2.583,3.2786,-0.2926
2026-10-06T01:01:52Z,2026-10-06 01:01:25,SPXW,2026-10-12,C,7705.0,7773.9502,86.2,2.0,104.9,1.0,90.1,27.0,53.0,0.1068,0.7597,0.0027,-2.6419,3.3653,0.9568
2026-10-06T01:01:52Z,2026-10-06 01:01:25,SPXW,2026-10-12,P,7705.0,7773.9502,15.9,8.0,16.2,8.0,17.08,630.0,120.0,0.107,-0.2402,0.0027,-2.6419,3.3653,-0.308
2026-10-06T01:01:52Z,2026-10-06 01:01:25,SPXW,2026-10-12,C,7710.0,7773.9502,91.3,3.0,92.5,3.0,85.7,104.0,1232.0,0.1065,0.7474,0.0028,-2.6991,3.4496,0.9416
2026-10-06T01:01:52Z,2026-10-06 01:01:25,SPXW,2026-10-12,P,7710.0,7773.9502,16.8,15.0,17.2,14.0,19.26,248.0,151.0,0.1063,-0.2525,0.0028,-2.6991,3.4496,-0.324
2026-10-06T01:01:52Z,2026-10-06 01:01:25,SPXW,2026-10-12,C,7715.0,7773.9502,78.2,2.0,97.0,1.0,85.0,42.0,52.0,0.1053,0.7346,0.0029,-2.7544,3.5321,0.926
2026-10-06T01:01:52Z,2026-10-06 01:01:25,SPXW,2026-10-12,P,7715.0,7773.9502,17.9,1.0,18.2,8.0,19.1,987.0,58.0,0.1054,-0.2653,0.0029,-2.7544,3.5321,-0.3405
2026-10-06T01:01:52Z,2026-10-06 01:01:25,SPXW,2026-10-12,C,7720.0,7773.9502,83.3,3.0,84.6,3.0,80.8,211.0,988.0,0.1046,0.7212,0.003,-2.8073,3.6136,0.9096
2026-10-06T01:01:52Z,2026-10-06 01:01:25,SPXW,2026-10-12,P,7720.0,7773.9502,18.9,14.0,19.3,14.0,20.6,189.0,43.0,0.1046,-0.2787,0.003,-2.8073,3.6136,-0.3577
2026-10-06T01:01:52Z,2026-10-06 01:01:25,SPXW,2026-10-12,C,7725.0,7773.9502,79.6,3.0,80.7,3.0,82.88,80.0,755.0,0.1041,0.7073,0.0031,-2.8573,3.6932,0.8922
2026-10-06T01:01:52Z,2026-10-06 01:01:25,SPXW,2026-10-12,P,7725.0,7773.9502,20.1,8.0,20.4,8.0,21.26,274.0,552.0,0.1038,-0.2926,0.0031,-2.8573,3.6932,-0.3759
2026-10-06T01:01:52Z,2026-10-06 01:01:25,SPXW,2026-10-12,C,7730.0,7773.9502,76.2,3.0,76.6,3.0,72.9,81.0,182.0,0.1033,0.6928,0.0032,-2.904,3.7688,0.8741
2026-10-06T01:01:52Z,2026-10-06 01:01:25,SPXW,2026-10-12,P,7730.0,7773.9502,21.3,8.0,21.6,1.0,23.2,146.0,79.0,0.1029,-0.3071,0.0032,-2.904,3.7688,-0.3948
2026-10-06T01:01:52Z,2026-10-06 01:01:25,SPXW,2026-10-12,C,7735.0,7773.9502,72.4,3.0,72.9,3.0,75.7,59.0,138.0,0.1025,0.6778,0.0033,-2.9471,3.8399,0.8556
2026-10-06T01:01:52Z,2026-10-06 01:01:25,SPXW,2026-10-12,P,7735.0,7773.9502,22.6,8.0,22.9,1.0,26.0,150.0,44.0,0.1021,-0.3221,0.0033,-2.9471,3.8399,-0.4142
2026-10-06T01:01:52Z,2026-10-06 01:01:25,SPXW,2026-10-12,C,7740.0,7773.9502,68.8,4.0,69.3,4.0,65.82,218.0,154.0,0.1017,0.6622,0.0034,-2.986,3.9074,0.8365
2026-10-06T01:01:52Z,2026-10-06 01:01:25,SPXW,2026-10-12,P,7740.0,7773.9502,23.9,15.0,24.3,8.0,26.23,226.0,83.0,0.1014,-0.3377,0.0034,-2.986,3.9074,-0.4341
2026-10-06T01:01:52Z,2026-10-06 01:01:25,SPXW,2026-10-12,C,7745.0,7773.9502,65.2,5.0,65.7,5.0,69.88,243.0,104.0,0.1009,0.6462,0.0035,-3.0204,3.9711,0.8163
2026-10-06T01:01:52Z,2026-10-06 01:01:25,SPXW,2026-10-12,P,7745.0,7773.9502,25.4,7.0,25.8,12.0,26.93,65.0,29.0,0.1007,-0.3537,0.0035,-3.0204,3.9711,-0.4551
2026-10-06T01:01:52Z,2026-10-06 01:01:25,SPXW,2026-10-12,C,7750.0,7773.9502,61.8,6.0,62.3,6.0,56.4,194.0,1683.0,0.1001,0.6296,0.0035,-3.0497,4.0292,0.7954
2026-10-06T01:01:52Z,2026-10-06 01:01:25,SPXW,2026-10-12,P,7750.0,7773.9502,26.9,13.0,27.3,8.0,28.8,1342.0,1407.0,0.0999,-0.3703,0.0035,-3.0497,4.0292,-0.4769
2026-10-06T01:01:52Z,2026-10-06 01:01:25,SPXW,2026-10-12,C,7755.0,7773.9502,58.4,6.0,58.9,6.0,55.49,710.0,84.0,0.0994,0.6125,0.0036,-3.0735,4.0806,0.7741
2026-10-06T01:01:52Z,2026-10-06 01:01:25,SPXW,2026-10-12,P,7755.0,7773.9502,28.5,16.0,28.9,9.0,30.0,240.0,40.0,0.0992,-0.3874,0.0036,-3.0735,4.0806,-0.4989
2026-10-06T01:01:52Z,2026-10-06 01:01:25,SPXW,2026-10-12,C,7760.0,7773.9502,55.1,8.0,55.6,7.0,49.48,123.0,131.0,0.0988,0.595,0.0037,-3.0916,4.1255,0.7524
2026-10-06T01:01:52Z,2026-10-06 01:01:25,SPXW,2026-10-12,P,7760.0,7773.9502,30.2,16.0,30.6,1.0,34.0,221.0,160.0,0.0985,-0.4049,0.0037,-3.0916,4.1255,-0.5215
2026-10-06T01:01:52Z,2026-10-06 01:01:25,SPXW,2026-10-12,C,7765.0,7773.9502,51.9,7.0,52.4,7.0,46.48,171.0,79.0,0.0981,0.577,0.0037,-3.1035,4.1643,0.7297
2026-10-06T01:01:52Z,2026-10-06 01:01:25,SPXW,2026-10-12,P,7765.0,7773.9502,32.0,15.0,32.5,13.0,33.88,118.0,18.0,0.0978,-0.4229,0.0037,-3.1035,4.1643,-0.545
2026-10-06T01:01:52Z,2026-10-06 01:01:25,SPXW,2026-10-12,C,7770.0,7773.9502,48.8,8.0,49.3,8.0,45.89,899.0,245.0,0.0974,0.5586,0.0038,-3.1088,4.1954,0.7062
2026-10-06T01:01:52Z,2026-10-06 01:01:25,SPXW,2026-10-12,P,7770.0,7773.9502,33.9,16.0,34.3,1.0,36.4,592.0,68.0,0.0971,-0.4413,0.0038,-3.1088,4.1954,-0.5693
2026-10-06T01:01:52Z,2026-10-06 01:01:25,SPXW,2026-10-12,C,7775.0,7773.9502,45.8,9.0,46.3,9.0,43.29,367.0,753.0,0.0967,0.5398,0.0038,-3.1072,4.218,0.6828
2026-10-06T01:01:52Z,2026-10-06 01:01:25,SPXW,2026-10-12,P,7775.0,7773.9502,35.9,16.0,36.3,1.0,38.5,119.0,59.0,0.0964,-0.4601,0.0038,-3.1072,4.218,-0.5936
2026-10-06T01:01:52Z,2026-10-06 01:01:25,SPXW,2026-10-12,C,7780.0,7773.9502,42.9,9.0,43.4,9.0,40.5,1086.0,202.0,0.096,0.5206,0.0039,-3.0988,4.2322,0.6589
2026-10-06T01:01:52Z,2026-10-06 01:01:25,SPXW,2026-10-12,P,7780.0,7773.9502,38.0,16.0,38.4,1.0,42.0,161.0,47.0,0.0958,-0.4793,0.0039,-3.0988,4.2322,-0.6182
2026-10-06T01:01:52Z,2026-10-06 01:01:25,SPXW,2026-10-12,C,7785.0,7773.9502,40.2,6.0,40.6,9.0,36.6,793.0,656.0,0.0955,0.5012,0.0039,-3.0831,4.2375,0.6342
2026-10-06T01:01:52Z,2026-10-06 01:01:25,SPXW,2026-10-12,P,7785.0,7773.9502,40.2,16.0,40.6,1.0,45.0,97.0,4.0,0.0952,-0.4987,0.0039,-3.0831,4.2375,-0.6438
2026-10-06T01:01:52Z,2026-10-06 01:01:25,SPXW,2026-10-12,C,7790.0,7773.9502,37.5,6.0,37.9,9.0,35.33,235.0,170.0,0.0949,0.4815,0.0039,-3.06,4.2334,0.6091
2026-10-06T01:01:52Z,2026-10-06 01:01:25,SPXW,2026-10-12,P,7790.0,7773.9502,42.5,16.0,43.0,14.0,48.5,84.0,29.0,0.0946,-0.5184,0.0039,-3.06,4.2334,-0.6696
2026-10-06T01:01:52Z,2026-10-06 01:01:25,SPXW,2026-10-12,C,7795.0,7773.9502,34.9,14.0,35.3,8.0,32.79,600.0,93.0,0.0942,0.4616,0.004,-3.0296,4.22,0.5843
2026-10-06T01:01:52Z,2026-10-06 01:01:25,SPXW,2026-10-12,P,7795.0,7773.9502,45.0,8.0,45.4,8.0,49.2,57.0,31.0,0.094,-0.5382,0.004,-3.0296,4.22,-0.6953
2026-10-06T01:01:52Z,2026-10-06 01:01:25,SPXW,2026-10-12,C,7800.0,7773.9502,32.5,6.0,32.9,9.0,30.65,2358.0,783.0,0.0938,0.4417,0.004,-2.992,4.1967,0.5592
2026-10-06T01:01:52Z,2026-10-06 01:01:25,SPXW,2026-10-12,P,7800.0,7773.9502,47.5,13.0,47.9,1.0,52.1,396.0,176.0,0.0935,-0.5582,0.004,-2.992,4.1967,-0.7212
2026-10-06T01:01:52Z,2026-10-06 01:01:25,SPXW,2026-10-12,C,7805.0,7773.9502,30.1,14.0,30.5,9.0,28.22,180.0,142.0,0.0932,0.4217,0.0039,-2.9471,4.1629,0.5335
2026-10-06T01:01:52Z,2026-10-06 01:01:25,SPXW,2026-10-12,P,7805.0,7773.9502,50.2,7.0,50.6,8.0,46.39,27.0,2.0,0.093,-0.5782,0.0039,-2.9471,4.1629,-0.7477
2026-10-06T01:01:52Z,2026-10-06 01:01:25,SPXW,2026-10-12,C,7810.0,7773.9502,27.9,6.0,28.3,9.0,26.25,243.0,128.0,0.0928,0.4017,0.0039,-2.8952,4.1196,0.5083
2026-10-06T01:01:52Z,2026-10-06 01:01:25,SPXW,2026-10-12,P,7810.0,7773.9502,52.9,7.0,53.4,7.0,56.22,7.0,4.0,0.0926,-0.5982,0.0039,-2.8952,4.1196,-0.7738
2026-10-06T01:01:52Z,2026-10-06 01:01:25,SPXW,2026-10-12,C,7815.0,7773.9502,25.8,1.0,26.2,13.0,24.22,171.0,133.0,0.0924,0.3818,0.0039,-2.8366,4.0672,0.4834
2026-10-06T01:01:52Z,2026-10-06 01:01:25,SPXW,2026-10-12,P,7815.0,7773.9502,55.8,6.0,56.2,6.0,59.4,12.0,0.0,0.0922,-0.6181,0.0039,-2.8366,4.0672,-0.7995
2026-10-06T01:01:52Z,2026-10-06 01:01:25,SPXW,2026-10-12,C,7820.0,7773.9502,23.8,1.0,24.1,7.0,21.92,392.0,197.0,0.092,0.3621,0.0038,-2.7716,4.0046,0.4582
2026-10-06T01:01:52Z,2026-10-06 01:01:25,SPXW,2026-10-12,P,7820.0,7773.9502,58.7,5.0,59.2,5.0,54.07,3.0,1.0,0.0916,-0.6378,0.0038,-2.7716,4.0046,-0.8255
2026-10-06T01:01:52Z,2026-10-06 01:01:25,SPXW,2026-10-12,C,7825.0,7773.9502,21.9,1.0,22.2,7.0,20.38,275.0,457.0,0.0915,0.3426,0.0038,-2.7006,3.932,0.4333
2026-10-06T01:01:52Z,2026-10-06 01:01:25,SPXW,2026-10-12,P,7825.0,7773.9502,61.8,5.0,62.3,5.0,56.92,3.0,13.0,0.0912,-0.6573,0.0038,-2.7006,3.932,-0.8512
2026-10-06T01:01:52Z,2026-10-06 01:01:25,SPXW,2026-10-12,C,7830.0,7773.9502,20.1,7.0,20.4,8.0,18.42,231.0,1607.0,0.0911,0.3235,0.0037,-2.6239,3.852,0.4093
2026-10-06T01:01:52Z,2026-10-06 01:01:25,SPXW,2026-10-12,P,7830.0,7773.9502,65.0,3.0,65.5,3.0,58.4,12.0,9.0,0.0908,-0.6764,0.0037,-2.6239,3.852,-0.876
2026-10-06T01:01:52Z,2026-10-06 01:01:25,SPXW,2026-10-12,C,7835.0,7773.9502,18.4,7.0,18.7,7.0,17.08,200.0,153.0,0.0907,0.3047,0.0036,-2.5423,3.7641,0.3855
2026-10-06T01:01:52Z,2026-10-06 01:01:25,SPXW,2026-10-12,P,7835.0,7773.9502,68.0,3.0,69.3,3.0,68.2,3.0,2.0,0.0905,-0.6952,0.0036,-2.5423,3.7641,-0.9007
2026-10-06T01:01:52Z,2026-10-06 01:01:25,SPXW,2026-10-12,C,7840.0,7773.9502,16.8,14.0,17.1,7.0,15.43,580.0,1330.0,0.0904,0.2863,0.0035,-2.456,3.6669,0.3619
2026-10-06T01:01:52Z,2026-10-06 01:01:25,SPXW,2026-10-12,P,7840.0,7773.9502,71.4,3.0,72.7,3.0,87.98,2.0,2.0,0.0904,-0.7136,0.0035,-2.456,3.6669,-0.9251
2026-10-06T01:01:52Z,2026-10-06 01:01:25,SPXW,2026-10-12,C,7845.0,7773.9502,15.4,1.0,15.7,8.0,14.1,784.0,654.0,0.09,0.2685,0.0034,-2.3657,3.563,0.3394
2026-10-06T01:01:52Z,2026-10-06 01:01:25,SPXW,2026-10-12,P,7845.0,7773.9502,66.4,1.0,85.4,2.0,82.46,1.0,0.0,0.0904,-0.7314,0.0034,-2.3657,3.563,-0.9484
2026-10-06T01:01:52Z,2026-10-06 01:01:25,SPXW,2026-10-12,C,7850.0,7773.9502,14.0,1.0,14.3,8.0,13.0,716.0,1452.0,0.0896,0.2512,0.0033,-2.2719,3.4545,0.3176
2026-10-06T01:01:52Z,2026-10-06 01:01:25,SPXW,2026-10-12,P,7850.0,7773.9502,69.9,2.0,89.0,2.0,125.7,0.0,20.0,0.0899,-0.7488,0.0033,-2.2719,3.4545,-0.971
2026-10-06T01:01:52Z,2026-10-06 01:01:25,SPXW,2026-10-12,C,7855.0,7773.9502,12.7,7.0,13.0,8.0,11.1,409.0,0.0,0.0894,0.2344,0.0032,-2.1754,3.3395,0.2961
2026-10-06T01:01:52Z,2026-10-06 01:01:25,SPXW,2026-10-12,P,7855.0,7773.9502,73.6,2.0,92.7,2.0,106.4,1.0,0.0,0.0896,-0.7655,0.0032,-2.1754,3.3395,-0.9934
2026-10-06T01:01:52Z,2026-10-06 01:01:25,SPXW,2026-10-12,C,7860.0,7773.9502,11.5,16.0,11.8,9.0,10.6,379.0,158.0,0.0891,0.2183,0.0031,-2.0765,3.2184,0.2756
2026-10-06T01:01:52Z,2026-10-06 01:01:25,SPXW,2026-10-12,P,7860.0,7773.9502,77.5,1.0,96.5,2.0,117.18,0.0,1.0,0.0894,-0.7816,0.0031,-2.0765,3.2184,-1.0147
2026-10-06T01:01:52Z,2026-10-06 01:01:25,SPXW,2026-10-12,C,7865.0,7773.9502,10.4,16.0,10.7,9.0,9.5,141.0,0.0,0.0891,0.2027,0.003,-1.9761,3.0948,0.2561
2026-10-06T01:01:52Z,2026-10-06 01:01:25,SPXW,2026-10-12,P,7865.0,7773.9502,81.4,1.0,100.4,2.0,110.6,1.0,0.0,0.0892,-0.7972,0.003,-1.9761,3.0948,-1.035
2026-10-06T01:01:52Z,2026-10-06 01:01:25,SPXW,2026-10-12,C,7870.0,7773.9502,9.4,14.0,9.7,6.0,8.6,241.0,171.0,0.0887,0.1879,0.0028,-1.8748,2.9687,0.2371
2026-10-06T01:01:52Z,2026-10-06 01:01:25,SPXW,2026-10-12,P,7870.0,7773.9502,85.3,2.0,104.4,2.0,221.02,0.0,1.0,0.0889,-0.812,0.0028,-1.8748,2.9687,-1.0548
2026-10-06T01:01:52Z,2026-10-06 01:01:25,SPXW,2026-10-12,C,7875.0,7773.9502,8.5,10.0,8.8,16.0,7.85,545.0,581.0,0.0886,0.1737,0.0027,-1.7733,2.8386,0.219
2026-10-06T01:01:52Z,2026-10-06 01:01:25,SPXW,2026-10-12,P,7875.0,7773.9502,89.5,1.0,108.5,2.0,0.0,0.0,0.0,0.089,-0.8262,0.0027,-1.7733,2.8386,-1.0738
2026-10-06T01:01:52Z,2026-10-06 01:01:25,SPXW,2026-10-12,C,7880.0,7773.9502,7.7,2.0,7.9,8.0,6.84,456.0,167.0,0.0885,0.1602,0.0026,-1.6721,2.707,0.2021
2026-10-06T01:01:52Z,2026-10-06 01:01:25,SPXW,2026-10-12,P,7880.0,7773.9502,93.6,2.0,112.6,2.0,98.46,2.0,3.0,0.0887,-0.8397,0.0026,-1.6721,2.707,-1.0915
2026-10-06T01:01:52Z,2026-10-06 01:01:25,SPXW,2026-10-12,C,7890.0,7773.9502,6.1,16.0,6.4,8.0,5.54,376.0,130.0,0.0882,0.1353,0.0023,-1.4734,2.4447,0.1704
2026-10-06T01:01:52Z,2026-10-06 01:01:25,SPXW,2026-10-12,P,7890.0,7773.9502,102.2,2.0,121.1,2.0,112.15,2.0,1.0,0.0887,-0.8646,0.0023,-1.4734,2.4447,-1.1248
2026-10-06T01:01:52Z,2026-10-06 01:01:25,SPXW,2026-10-12,C,7900.0,7773.9502,4.9,26.0,5.2,21.0,4.42,2174.0,587.0,0.0882,0.1133,0.002,-1.2835,2.184,0.1426
2026-10-06T01:01:52Z,2026-10-06 01:01:25,SPXW,2026-10-12,P,7900.0,7773.9502,111.0,2.0,129.9,2.0,120.8,1.0,4.0,0.0888,-0.8866,0.002,-1.2835,2.184,-1.1542
2026-10-06T01:01:52Z,2026-10-06 01:01:25,SPXW,2026-10-12,C,7910.0,7773.9502,4.0,7.0,4.2,19.0,3.5,1606.0,838.0,0.0882,0.0941,0.0018,-1.1063,1.9334,0.1182
2026-10-06T01:01:52Z,2026-10-06 01:01:25,SPXW,2026-10-12,P,7910.0,7773.9502,120.0,1.0,138.8,2.0,0.0,0.0,0.0,0.0887,-0.9058,0.0018,-1.1063,1.9334,-1.1803
2026-10-06T01:01:52Z,2026-10-06 01:01:25,SPXW,2026-10-12,C,7920.0,7773.9502,3.1,29.0,3.4,42.0,2.78,618.0,395.0,0.0881,0.0776,0.0016,-0.945,1.6968,0.0974
2026-10-06T01:01:52Z,2026-10-06 01:01:25,SPXW,2026-10-12,P,7920.0,7773.9502,129.4,1.0,148.0,2.0,0.0,0.0,0.0,0.0896,-0.9223,0.0016,-0.945,1.6968,-1.2027
2026-10-06T01:01:52Z,2026-10-06 01:01:25,SPXW,2026-10-12,C,7925.0,7773.9502,2.85,1.0,3.0,7.0,2.3,541.0,998.0,0.0883,0.0703,0.0014,-0.871,1.5854,0.0881
2026-10-06T01:01:52Z,2026-10-06 01:01:25,SPXW,2026-10-12,P,7925.0,7773.9502,134.1,1.0,152.6,2.0,185.85,0.0,1.0,0.0898,-0.9296,0.0014,-0.871,1.5854,-1.2128
2026-10-06T01:01:52Z,2026-10-06 01:01:25,SPXW,2026-10-12,C,7930.0,7773.9502,2.5,7.0,2.7,7.0,2.1,284.0,98.0,0.0885,0.0637,0.0013,-0.8015,1.4785,0.0798
2026-10-06T01:01:52Z,2026-10-06 01:01:25,SPXW,2026-10-12,P,7930.0,7773.9502,138.7,1.0,157.3,2.0,0.0,0.0,0.0,0.0898,-0.9362,0.0013,-0.8015,1.4785,-1.222
2026-10-06T01:01:52Z,2026-10-06 01:01:25,SPXW,2026-10-12,C,7940.0,7773.9502,2.0,8.0,2.15,8.0,1.85,679.0,101.0,0.0891,0.0521,0.0011,-0.6765,1.2814,0.0651
2026-10-06T01:01:52Z,2026-10-06 01:01:25,SPXW,2026-10-12,P,7940.0,7773.9502,148.2,1.0,166.8,2.0,0.0,0.0,0.0,0.0906,-0.9478,0.0011,-0.6765,1.2814,-1.2383
2026-10-06T01:01:52Z,2026-10-06 01:01:25,SPXW,2026-10-12,C,7950.0,7773.9502,1.6,13.0,1.75,13.0,1.42,760.0,576.0,0.0894,0.0426,0.001,-0.5699,1.1066,0.0532
2026-10-06T01:01:52Z,2026-10-06 01:01:25,SPXW,2026-10-12,P,7950.0,7773.9502,157.8,1.0,176.4,2.0,211.57,0.0,5.0,0.0915,-0.9573,0.001,-0.5699,1.1066,-1.2518
2026-10-06T01:01:52Z,2026-10-06 01:01:25,SPXW,2026-10-12,C,7960.0,7773.9502,1.25,9.0,1.4,9.0,1.05,611.0,164.0,0.0901,0.0349,0.0008,-0.4805,0.9544,0.0434
2026-10-06T01:01:52Z,2026-10-06 01:01:25,SPXW,2026-10-12,P,7960.0,7773.9502,167.5,1.0,186.0,2.0,0.0,0.0,0.0,0.0923,-0.965,0.0008,-0.4805,0.9544,-1.2632
2026-10-06T01:01:52Z,2026-10-06 01:01:25,SPXW,2026-10-12,C,7975.0,7773.9502,0.9,18.0,1.0,18.0,0.75,1975.0,452.0,0.091,0.0261,0.0006,-0.3751,0.7666,0.0325
2026-10-06T01:01:52Z,2026-10-06 01:01:25,SPXW,2026-10-12,P,7975.0,7773.9502,182.2,1.0,200.7,2.0,235.85,0.0,2.0,0.095,-0.9738,0.0006,-0.3751,0.7666,-1.2766
2026-10-06T01:01:52Z,2026-10-06 01:01:25,SPXW,2026-10-12,C,8000.0,7773.9502,0.5,43.0,0.65,18.0,0.45,1048.0,663.0,0.0935,0.0169,0.0004,-0.2591,0.5448,0.0209
2026-10-06T01:01:52Z,2026-10-06 01:01:25,SPXW,2026-10-12,P,8000.0,7773.9502,204.8,1.0,227.3,2.0,318.46,0.0,6.0,0.099,-0.983,0.0004,-0.2591,0.5448,-1.2924
2026-10-06T01:01:52Z,2026-10-06 01:01:25,SPXW,2026-10-12,C,8025.0,7773.9502,0.35,30.0,0.45,76.0,0.3,1854.0,333.0,0.0977,0.0117,0.0003,-0.1923,0.4056,0.0145
2026-10-06T01:01:52Z,2026-10-06 01:01:25,SPXW,2026-10-12,P,8025.0,7773.9502,229.5,1.0,252.1,2.0,286.28,0.0,5.0,0.1036,-0.9882,0.0003,-0.1923,0.4056,-1.3029
2026-10-06T01:01:52Z,2026-10-06 01:01:25,SPXW,2026-10-12,C,8050.0,7773.9502,0.25,18.0,0.35,79.0,0.25,196.0,228.0,0.1016,0.0087,0.0002,-0.1531,0.3171,0.0107
2026-10-06T01:01:52Z,2026-10-06 01:01:25,SPXW,2026-10-12,P,8050.0,7773.9502,254.4,1.0,276.9,2.0,0.0,0.0,0.0,0.1091,-0.9912,0.0002,-0.1533,0.3174,-1.3107
2026-10-06T01:01:52Z,2026-10-06 01:01:25,SPXW,2026-10-12,C,8075.0,7773.9502,0.15,74.0,0.25,20.0,0.18,32.0,75.0,0.1059,0.0069,0.0002,-0.1292,0.2593,0.0085
2026-10-06T01:01:52Z,2026-10-06 01:01:25,SPXW,2026-10-12,P,8075.0,7773.9502,279.2,1.0,301.9,2.0,0.0,0.0,0.0,0.115,-0.993,0.0002,-0.1292,0.2593,-1.3171
2026-10-06T01:01:52Z,2026-10-06 01:01:25,SPXW,2026-10-12,C,8100.0,7773.9502,0.15,21.0,0.25,78.0,0.15,43.0,207.0,0.1139,0.0057,0.0001,-0.113,0.2179,0.007
2026-10-06T01:01:52Z,2026-10-06 01:01:25,SPXW,2026-10-12,P,8100.0,7773.9502,304.1,1.0,326.8,2.0,0.0,0.0,0.0,0.1202,-0.9942,0.0001,-0.1131,0.2183,-1.3227
2026-10-06T01:01:52Z,2026-10-06 01:01:25,SPXW,2026-10-12,C,8125.0,7773.9502,0.1,83.0,0.2,22.0,0.15,8.0,56.0,0.1181,0.0048,0.0001,-0.1016,0.1878,0.0059
2026-10-06T01:01:52Z,2026-10-06 01:01:25,SPXW,2026-10-12,P,8125.0,7773.9502,327.8,2.0,351.8,2.0,0.0,0.0,0.0,0.0,-0.9951,0.0001,-0.1016,0.188,-1.3279
2026-10-06T01:01:52Z,2026-10-06 01:01:25,SPXW,2026-10-12,C,8150.0,7773.9502,0.1,27.0,0.2,25.0,0.2,1.0,59.0,0.1256,0.0042,0.0001,-0.0928,0.1645,0.0051
2026-10-06T01:01:52Z,2026-10-06 01:01:25,SPXW,2026-10-12,P,8150.0,7773.9502,352.7,2.0,376.7,2.0,384.62,2.0,0.0,0.0,-0.9957,0.0001,-0.0928,0.1645,-1.3328
2026-10-06T01:01:52Z,2026-10-06 01:01:25,SPXW,2026-10-12,C,8175.0,7773.9502,0.1,26.0,0.2,27.0,0.1,3.0,7.0,0.1333,0.0036,0.0001,-0.0855,0.1452,0.0044
2026-10-06T01:01:52Z,2026-10-06 01:01:25,SPXW,2026-10-12,P,8175.0,7773.9502,377.7,2.0,401.7,2.0,0.0,0.0,0.0,0.0,-0.9962,0.0001,-0.0857,0.1456,-1.3375
2026-10-06T01:01:52Z,2026-10-06 01:01:25,SPXW,2026-10-12,C,8200.0,7773.9502,0.1,25.0,0.2,89.0,0.15,134.0,172.0,0.1406,0.0032,0.0001,-0.0798,0.1299,0.0039
2026-10-06T01:01:52Z,2026-10-06 01:01:25,SPXW,2026-10-12,P,8200.0,7773.9502,402.7,2.0,426.7,2.0,462.15,0.0,1.0,0.0,-0.9966,0.0001,-0.0798,0.1301,-1.3421
2026-10-06T01:01:52Z,2026-10-06 01:01:25,SPXW,2026-10-12,C,8225.0,7773.9502,0.1,24.0,0.2,102.0,0.15,406.0,2.0,0.148,0.0029,0.0001,-0.0747,0.117,0.0035
2026-10-06T01:01:52Z,2026-10-06 01:01:25,SPXW,2026-10-12,P,8225.0,7773.9502,427.7,2.0,451.7,2.0,0.0,0.0,0.0,0.0,-0.997,0.0001,-0.0748,0.1172,-1.3467
2026-10-06T01:01:52Z,2026-10-06 01:01:25,SPXW,2026-10-12,C,8250.0,7773.9502,0.1,24.0,0.15,24.0,0.17,0.0,125.0,0.1527,0.0026,0.0,-0.0703,0.1059,0.0032
2026-10-06T01:01:52Z,2026-10-06 01:01:25,SPXW,2026-10-12,P,8250.0,7773.9502,452.6,2.0,476.6,2.0,0.0,0.0,0.0,0.0,-0.9973,0.0,-0.0704,0.1061,-1.3511
2026-10-06T01:01:52Z,2026-10-06 01:01:25,SPXW,2026-10-12,C,8275.0,7773.9502,0.05,197.0,0.15,26.0,0.1,6.0,1.0,0.1566,0.0024,0.0,-0.0664,0.0964,0.0029
2026-10-06T01:01:52Z,2026-10-06 01:01:25,SPXW,2026-10-12,P,8275.0,7773.9502,477.6,2.0,501.6,2.0,0.0,0.0,0.0,0.0,-0.9975,0.0,-0.0665,0.0966,-1.3555
2026-10-06T01:01:52Z,2026-10-06 01:01:25,SPXW,2026-10-12,C,8300.0,7773.9502,0.05,193.0,0.15,28.0,0.1,262.0,58.0,0.1636,0.0022,0.0,-0.0629,0.0882,0.0026
2026-10-06T01:01:52Z,2026-10-06 01:01:25,SPXW,2026-10-12,P,8300.0,7773.9502,502.6,2.0,526.6,2.0,562.13,0.0,1.0,0.0,-0.9977,0.0,-0.063,0.0884,-1.3599
2026-10-06T01:01:52Z,2026-10-06 01:01:25,SPXW,2026-10-12,C,8400.0,7773.9502,0.05,28.0,0.1,119.0,0.17,0.0,60.0,0.191,0.0016,0.0,-0.0518,0.064,0.0019
2026-10-06T01:01:52Z,2026-10-06 01:01:25,SPXW,2026-10-12,P,8400.0,7773.9502,602.5,2.0,626.5,2.0,0.0,0.0,0.0,0.0,-0.9984,0.0,-0.0519,0.0641,-1.377
2026-10-06T01:01:52Z,2026-10-06 01:01:25,SPXW,2026-10-12,C,8500.0,7773.9502,0.0,0.0,0.1,30.0,0.25,0.0,7.0,0.2058,0.0012,0.0,-0.0434,0.0482,0.0014
2026-10-06T01:01:52Z,2026-10-06 01:01:25,SPXW,2026-10-12,P,8500.0,7773.9502,702.4,2.0,726.4,2.0,0.0,0.0,0.0,0.0,-0.9988,0.0,-0.0435,0.0483,-1.3939
2026-10-06T01:01:52Z,2026-10-06 01:01:25,SPXW,2026-10-13,C,7000.0,7773.9502,773.9,2.0,797.9,2.0,645.54,0.0,11.0,0.3165,0.9949,0.0,-0.2403,0.1783,1.3332
2026-10-06T01:01:52Z,2026-10-06 01:01:25,SPXW,2026-10-13,P,7000.0,7773.9502,0.4,100.0,0.6,88.0,0.58,2.0,3079.0,0.2845,-0.005,0.0,-0.2407,0.1787,-0.0073
2026-10-06T01:01:52Z,2026-10-06 01:01:25,SPXW,2026-10-13,C,7025.0,7773.9502,749.0,2.0,773.0,2.0,0.0,0.0,0.0,0.3096,0.9945,0.0,-0.2508,0.1902,1.3374
2026-10-06T01:01:52Z,2026-10-06 01:01:25,SPXW,2026-10-13,P,7025.0,7773.9502,0.45,84.0,0.6,25.0,0.63,2.0,58.0,0.2774,-0.0054,0.0,-0.2512,0.1906,-0.0078
2026-10-06T01:01:52Z,2026-10-06 01:01:25,SPXW,2026-10-13,C,7050.0,7773.9502,724.0,2.0,748.0,2.0,691.8,0.0,7.0,0.2996,0.9941,0.0,-0.262,0.203,1.3416
2026-10-06T01:01:52Z,2026-10-06 01:01:25,SPXW,2026-10-13,P,7050.0,7773.9502,0.45,101.0,0.65,75.0,0.93,3.0,93.0,0.2702,-0.0058,0.0,-0.2623,0.2035,-0.0084
2026-10-06T01:01:52Z,2026-10-06 01:01:25,SPXW,2026-10-13,C,7075.0,7773.9502,699.1,2.0,723.1,2.0,0.0,0.0,0.0,0.2925,0.9936,0.0001,-0.2739,0.217,1.3458
2026-10-06T01:01:52Z,2026-10-06 01:01:25,SPXW,2026-10-13,P,7075.0,7773.9502,0.5,92.0,0.7,76.0,2.24,0.0,155.0,0.2641,-0.0063,0.0001,-0.2743,0.2175,-0.0091
2026-10-06T01:01:52Z,2026-10-06 01:01:25,SPXW,2026-10-13,C,7100.0,7773.9502,674.1,2.0,698.1,2.0,641.95,0.0,8.0,0.2825,0.9932,0.0001,-0.2868,0.2324,1.3498
2026-10-06T01:01:52Z,2026-10-06 01:01:25,SPXW,2026-10-13,P,7100.0,7773.9502,0.55,84.0,0.75,80.0,0.8,1.0,60.0,0.2581,-0.0067,0.0001,-0.2868,0.2324,-0.0098
2026-10-06T01:01:52Z,2026-10-06 01:01:25,SPXW,2026-10-13,C,7125.0,7773.9502,649.2,2.0,673.2,2.0,0.0,0.0,0.0,0.2752,0.9926,0.0001,-0.3008,0.2494,1.3538
2026-10-06T01:01:52Z,2026-10-06 01:01:25,SPXW,2026-10-13,P,7125.0,7773.9502,0.6,78.0,0.8,80.0,0.8,1.0,143.0,0.2515,-0.0073,0.0001,-0.3008,0.2494,-0.0106
2026-10-06T01:01:52Z,2026-10-06 01:01:25,SPXW,2026-10-13,C,7150.0,7773.9502,624.3,2.0,648.3,2.0,507.0,0.0,19.0,0.2677,0.992,0.0001,-0.3159,0.2685,1.3577
2026-10-06T01:01:52Z,2026-10-06 01:01:25,SPXW,2026-10-13,P,7150.0,7773.9502,0.65,74.0,0.85,79.0,0.83,10.0,40.0,0.2447,-0.0079,0.0001,-0.316,0.2686,-0.0115
2026-10-06T01:01:52Z,2026-10-06 01:01:25,SPXW,2026-10-13,C,7175.0,7773.9502,599.3,2.0,623.3,2.0,0.0,0.0,0.0,0.2576,0.9913,0.0001,-0.3325,0.2898,1.3614
2026-10-06T01:01:52Z,2026-10-06 01:01:25,SPXW,2026-10-13,P,7175.0,7773.9502,0.7,73.0,0.9,76.0,1.55,0.0,118.0,0.2377,-0.0086,0.0001,-0.3326,0.2899,-0.0125
2026-10-06T01:01:52Z,2026-10-06 01:01:25,SPXW,2026-10-13,C,7200.0,7773.9502,574.4,2.0,598.4,2.0,580.99,1.0,0.0,0.2499,0.9905,0.0001,-0.3509,0.3136,1.3651
2026-10-06T01:01:52Z,2026-10-06 01:01:25,SPXW,2026-10-13,P,7200.0,7773.9502,0.75,74.0,0.95,71.0,1.0,137.0,3500.0,0.2304,-0.0094,0.0001,-0.3511,0.3139,-0.0137
2026-10-06T01:01:52Z,2026-10-06 01:01:25,SPXW,2026-10-13,C,7210.0,7773.9502,564.5,2.0,588.5,2.0,0.0,0.0,0.0,0.2481,0.9901,0.0001,-0.3588,0.3238,1.3664
2026-10-06T01:01:52Z,2026-10-06 01:01:25,SPXW,2026-10-13,P,7210.0,7773.9502,0.8,24.0,0.95,68.0,3.6,0.0,3.0,0.2277,-0.0098,0.0001,-0.359,0.3241,-0.0143
2026-10-06T01:01:52Z,2026-10-06 01:01:25,SPXW,2026-10-13,C,7220.0,7773.9502,554.5,2.0,578.5,2.0,0.0,0.0,0.0,0.244,0.9898,0.0001,-0.367,0.3346,1.3678
2026-10-06T01:01:52Z,2026-10-06 01:01:25,SPXW,2026-10-13,P,7220.0,7773.9502,0.8,72.0,1.0,69.0,1.97,0.0,1.0,0.2249,-0.0102,0.0001,-0.3672,0.3349,-0.0148
2026-10-06T01:01:52Z,2026-10-06 01:01:25,SPXW,2026-10-13,C,7225.0,7773.9502,549.5,2.0,573.5,2.0,506.49,0.0,1.0,0.242,0.9896,0.0001,-0.3713,0.3402,1.3685
2026-10-06T01:01:52Z,2026-10-06 01:01:25,SPXW,2026-10-13,P,7225.0,7773.9502,0.8,78.0,1.0,67.0,1.25,1.0,185.0,0.223,-0.0103,0.0001,-0.3715,0.3404,-0.0151
2026-10-06T01:01:52Z,2026-10-06 01:01:25,SPXW,2026-10-13,C,7230.0,7773.9502,544.5,2.0,568.5,2.0,0.0,0.0,0.0,0.24,0.9894,0.0001,-0.3757,0.3459,1.3691
2026-10-06T01:01:52Z,2026-10-06 01:01:25,SPXW,2026-10-13,P,7230.0,7773.9502,0.85,24.0,1.0,67.0,0.0,0.0,0.0,0.222,-0.0105,0.0001,-0.3759,0.3462,-0.0154
2026-10-06T01:01:52Z,2026-10-06 01:01:25,SPXW,2026-10-13,C,7240.0,7773.9502,534.6,2.0,558.6,2.0,0.0,0.0,0.0,0.238,0.989,0.0001,-0.3847,0.3578,1.3704
2026-10-06T01:01:52Z,2026-10-06 01:01:25,SPXW,2026-10-13,P,7240.0,7773.9502,0.85,73.0,1.05,66.0,1.03,11.0,72.0,0.2192,-0.011,0.0001,-0.385,0.3581,-0.016
2026-10-06T01:01:52Z,2026-10-06 01:01:25,SPXW,2026-10-13,C,7250.0,7773.9502,524.6,2.0,548.6,2.0,481.9,0.0,2.0,0.234,0.9885,0.0001,-0.3942,0.3704,1.3717
2026-10-06T01:01:52Z,2026-10-06 01:01:25,SPXW,2026-10-13,P,7250.0,7773.9502,0.9,23.0,1.05,42.0,1.1,22.0,193.0,0.2162,-0.0114,0.0001,-0.3945,0.3708,-0.0167
2026-10-06T01:01:52Z,2026-10-06 01:01:25,SPXW,2026-10-13,C,7260.0,7773.9502,514.6,2.0,538.6,2.0,0.0,0.0,0.0,0.2299,0.988,0.0001,-0.4042,0.3837,1.3729
2026-10-06T01:01:52Z,2026-10-06 01:01:25,SPXW,2026-10-13,P,7260.0,7773.9502,0.9,76.0,1.1,65.0,1.1,1.0,2.0,0.2133,-0.0119,0.0001,-0.4045,0.3842,-0.0173
2026-10-06T01:01:52Z,2026-10-06 01:01:25,SPXW,2026-10-13,C,7270.0,7773.9502,504.7,2.0,528.7,2.0,0.0,0.0,0.0,0.2278,0.9875,0.0001,-0.4147,0.3978,1.3741
2026-10-06T01:01:52Z,2026-10-06 01:01:25,SPXW,2026-10-13,P,7270.0,7773.9502,0.95,23.0,1.15,64.0,2.55,0.0,23.0,0.211,-0.0124,0.0001,-0.415,0.3984,-0.0181
2026-10-06T01:01:52Z,2026-10-06 01:01:25,SPXW,2026-10-13,C,7275.0,7773.9502,499.7,2.0,523.7,2.0,399.69,0.0,42.0,0.2257,0.9873,0.0001,-0.4201,0.4052,1.3747
2026-10-06T01:01:52Z,2026-10-06 01:01:25,SPXW,2026-10-13,P,7275.0,7773.9502,0.95,63.0,1.15,64.0,1.15,13.0,154.0,0.2092,-0.0126,0.0001,-0.4203,0.4054,-0.0184
2026-10-06T01:01:52Z,2026-10-06 01:01:25,SPXW,2026-10-13,C,7280.0,7773.9502,494.7,2.0,518.7,2.0,0.0,0.0,0.0,0.2237,0.987,0.0001,-0.4257,0.4129,1.3753
2026-10-06T01:01:52Z,2026-10-06 01:01:25,SPXW,2026-10-13,P,7280.0,7773.9502,1.0,23.0,1.15,41.0,2.52,0.0,7.0,0.2081,-0.0129,0.0001,-0.4257,0.4129,-0.0188
2026-10-06T01:01:52Z,2026-10-06 01:01:25,SPXW,2026-10-13,C,7290.0,7773.9502,484.8,2.0,508.8,2.0,0.0,0.0,0.0,0.2215,0.9864,0.0001,-0.4374,0.4288,1.3764
2026-10-06T01:01:52Z,2026-10-06 01:01:25,SPXW,2026-10-13,P,7290.0,7773.9502,1.05,23.0,1.2,63.0,1.17,4.0,59.0,0.2056,-0.0135,0.0001,-0.4374,0.4288,-0.0196
2026-10-06T01:01:52Z,2026-10-06 01:01:25,SPXW,2026-10-13,C,7300.0,7773.9502,474.8,2.0,498.8,2.0,480.42,1.0,4.0,0.2174,0.9858,0.0002,-0.4497,0.4456,1.3774
2026-10-06T01:01:52Z,2026-10-06 01:01:25,SPXW,2026-10-13,P,7300.0,7773.9502,1.05,70.0,1.25,62.0,1.27,50.0,187.0,0.2025,-0.0141,0.0002,-0.4497,0.4456,-0.0206
2026-10-06T01:01:52Z,2026-10-06 01:01:25,SPXW,2026-10-13,C,7310.0,7773.9502,464.9,2.0,488.9,2.0,0.0,0.0,0.0,0.215,0.9852,0.0002,-0.4627,0.4633,1.3783
2026-10-06T01:01:52Z,2026-10-06 01:01:25,SPXW,2026-10-13,P,7310.0,7773.9502,1.1,23.0,1.3,62.0,1.25,3.0,36.0,0.2,-0.0147,0.0002,-0.4627,0.4633,-0.0215
2026-10-06T01:01:52Z,2026-10-06 01:01:25,SPXW,2026-10-13,C,7320.0,7773.9502,454.9,2.0,478.9,2.0,0.0,0.0,0.0,0.2109,0.9845,0.0002,-0.4766,0.4821,1.3792
2026-10-06T01:01:52Z,2026-10-06 01:01:25,SPXW,2026-10-13,P,7320.0,7773.9502,1.15,23.0,1.35,61.0,1.3,56.0,80.0,0.1974,-0.0154,0.0002,-0.4766,0.4821,-0.0226
2026-10-06T01:01:52Z,2026-10-06 01:01:25,SPXW,2026-10-13,C,7325.0,7773.9502,449.9,2.0,473.9,2.0,0.0,0.0,0.0,0.2088,0.9841,0.0002,-0.4838,0.4919,1.3796
2026-10-06T01:01:52Z,2026-10-06 01:01:25,SPXW,2026-10-13,P,7325.0,7773.9502,1.2,23.0,1.35,61.0,1.52,75.0,93.0,0.196,-0.0158,0.0002,-0.4838,0.4919,-0.0231
2026-10-06T01:01:52Z,2026-10-06 01:01:25,SPXW,2026-10-13,C,7330.0,7773.9502,445.0,2.0,469.0,2.0,0.0,0.0,0.0,0.2084,0.9837,0.0002,-0.4912,0.502,1.38
2026-10-06T01:01:52Z,2026-10-06 01:01:25,SPXW,2026-10-13,P,7330.0,7773.9502,1.2,22.0,1.4,60.0,1.6,55.0,60.0,0.1947,-0.0162,0.0002,-0.4912,0.502,-0.0237
2026-10-06T01:01:52Z,2026-10-06 01:01:25,SPXW,2026-10-13,C,7340.0,7773.9502,435.0,2.0,459.0,2.0,0.0,0.0,0.0,0.2043,0.9829,0.0002,-0.5068,0.5232,1.3807
2026-10-06T01:01:52Z,2026-10-06 01:01:25,SPXW,2026-10-13,P,7340.0,7773.9502,1.25,22.0,1.45,59.0,1.35,60.0,84.0,0.1919,-0.017,0.0002,-0.5068,0.5232,-0.0249
2026-10-06T01:01:52Z,2026-10-06 01:01:25,SPXW,2026-10-13,C,7350.0,7773.9502,425.1,2.0,449.1,2.0,325.4,0.0,19.0,0.2017,0.982,0.0002,-0.5234,0.5458,1.3813
2026-10-06T01:01:52Z,2026-10-06 01:01:25,SPXW,2026-10-13,P,7350.0,7773.9502,1.3,28.0,1.45,6.0,1.6,133.0,235.0,0.1886,-0.0179,0.0002,-0.5236,0.5461,-0.0262
2026-10-06T01:01:52Z,2026-10-06 01:01:25,SPXW,2026-10-13,C,7360.0,7773.9502,415.2,2.0,439.2,2.0,0.0,0.0,0.0,0.199,0.9811,0.0002,-0.541,0.5701,1.3819
2026-10-06T01:01:52Z,2026-10-06 01:01:25,SPXW,2026-10-13,P,7360.0,7773.9502,1.35,22.0,1.55,59.0,1.52,7.0,26.0,0.1862,-0.0188,0.0002,-0.5413,0.5704,-0.0276
2026-10-06T01:01:52Z,2026-10-06 01:01:25,SPXW,2026-10-13,C,7365.0,7773.9502,410.2,2.0,434.2,2.0,0.0,0.0,0.0,0.197,0.9806,0.0002,-0.5503,0.5829,1.3821
2026-10-06T01:01:52Z,2026-10-06 01:01:25,SPXW,2026-10-13,P,7365.0,7773.9502,1.4,22.0,1.6,57.0,4.2,0.0,8.0,0.1852,-0.0193,0.0002,-0.5505,0.5832,-0.0283
2026-10-06T01:01:52Z,2026-10-06 01:01:25,SPXW,2026-10-13,C,7370.0,7773.9502,405.2,2.0,429.2,2.0,0.0,0.0,0.0,0.1949,0.9801,0.0002,-0.5598,0.5961,1.3823
2026-10-06T01:01:52Z,2026-10-06 01:01:25,SPXW,2026-10-13,P,7370.0,7773.9502,1.4,58.0,1.6,58.0,3.78,0.0,17.0,0.1838,-0.0198,0.0002,-0.5601,0.5965,-0.029
2026-10-06T01:01:52Z,2026-10-06 01:01:25,SPXW,2026-10-13,C,7375.0,7773.9502,400.3,2.0,424.3,2.0,337.09,0.0,1.0,0.1942,0.9795,0.0002,-0.5697,0.6098,1.3825
2026-10-06T01:01:52Z,2026-10-06 01:01:25,SPXW,2026-10-13,P,7375.0,7773.9502,1.45,22.0,1.65,57.0,1.55,115.0,155.0,0.1823,-0.0204,0.0002,-0.57,0.6102,-0.0298
2026-10-06T01:01:52Z,2026-10-06 01:01:25,SPXW,2026-10-13,C,7380.0,7773.9502,395.3,2.0,419.3,2.0,310.3,0.0,1.0,0.1921,0.979,0.0002,-0.5799,0.624,1.3826
2026-10-06T01:01:52Z,2026-10-06 01:01:25,SPXW,2026-10-13,P,7380.0,7773.9502,1.5,21.0,1.7,56.0,1.55,16.0,111.0,0.1812,-0.0209,0.0002,-0.5801,0.6244,-0.0306
2026-10-06T01:01:52Z,2026-10-06 01:01:25,SPXW,2026-10-13,C,7385.0,7773.9502,390.3,2.0,414.3,2.0,0.0,0.0,0.0,0.19,0.9784,0.0002,-0.5904,0.6387,1.3827
2026-10-06T01:01:52Z,2026-10-06 01:01:25,SPXW,2026-10-13,P,7385.0,7773.9502,1.5,56.0,1.7,35.0,2.46,2.0,10.0,0.1797,-0.0215,0.0002,-0.5907,0.6391,-0.0315
2026-10-06T01:01:52Z,2026-10-06 01:01:25,SPXW,2026-10-13,C,7390.0,7773.9502,385.4,2.0,409.4,2.0,0.0,0.0,0.0,0.1893,0.9778,0.0003,-0.6013,0.6538,1.3828
2026-10-06T01:01:52Z,2026-10-06 01:01:25,SPXW,2026-10-13,P,7390.0,7773.9502,1.55,21.0,1.75,55.0,1.72,20.0,64.0,0.1782,-0.0221,0.0003,-0.6015,0.6542,-0.0324
2026-10-06T01:01:52Z,2026-10-06 01:01:25,SPXW,2026-10-13,C,7395.0,7773.9502,380.4,2.0,404.4,2.0,0.0,0.0,0.0,0.1872,0.9772,0.0003,-0.6125,0.6694,1.3828
2026-10-06T01:01:52Z,2026-10-06 01:01:25,SPXW,2026-10-13,P,7395.0,7773.9502,1.6,21.0,1.8,56.0,3.8,0.0,5.0,0.177,-0.0228,0.0003,-0.6128,0.6698,-0.0334
2026-10-06T01:01:52Z,2026-10-06 01:01:25,SPXW,2026-10-13,C,7400.0,7773.9502,375.5,2.0,399.5,2.0,305.61,0.0,0.0,0.1863,0.9765,0.0003,-0.6241,0.6856,1.3827
2026-10-06T01:01:52Z,2026-10-06 01:01:25,SPXW,2026-10-13,P,7400.0,7773.9502,1.65,24.0,1.8,3.0,1.74,118.0,239.0,0.1755,-0.0234,0.0003,-0.6244,0.686,-0.0344
2026-10-06T01:01:52Z,2026-10-06 01:01:25,SPXW,2026-10-13,C,7405.0,7773.9502,370.5,2.0,394.5,2.0,0.0,0.0,0.0,0.1842,0.9758,0.0003,-0.6362,0.7022,1.3826
2026-10-06T01:01:52Z,2026-10-06 01:01:25,SPXW,2026-10-13,P,7405.0,7773.9502,1.65,54.0,1.9,54.0,1.8,11.0,0.0,0.1747,-0.0241,0.0003,-0.6365,0.7026,-0.0354
2026-10-06T01:01:52Z,2026-10-06 01:01:25,SPXW,2026-10-13,C,7410.0,7773.9502,365.6,2.0,389.6,2.0,318.16,0.0,30.0,0.1834,0.9751,0.0003,-0.6486,0.7194,1.3825
2026-10-06T01:01:52Z,2026-10-06 01:01:25,SPXW,2026-10-13,P,7410.0,7773.9502,1.7,20.0,1.9,33.0,1.92,23.0,34.0,0.1727,-0.0248,0.0003,-0.6486,0.7194,-0.0365
2026-10-06T01:01:52Z,2026-10-06 01:01:25,SPXW,2026-10-13,C,7415.0,7773.9502,360.6,2.0,384.6,2.0,0.0,0.0,0.0,0.1812,0.9743,0.0003,-0.6615,0.7371,1.3824
2026-10-06T01:01:52Z,2026-10-06 01:01:25,SPXW,2026-10-13,P,7415.0,7773.9502,1.75,20.0,1.95,33.0,1.87,29.0,2.0,0.1714,-0.0256,0.0003,-0.6618,0.7376,-0.0376
2026-10-06T01:01:52Z,2026-10-06 01:01:25,SPXW,2026-10-13,C,7420.0,7773.9502,355.7,2.0,379.7,2.0,274.5,0.0,1.0,0.1803,0.9736,0.0003,-0.6748,0.7556,1.3822
2026-10-06T01:01:52Z,2026-10-06 01:01:25,SPXW,2026-10-13,P,7420.0,7773.9502,1.8,20.0,2.0,32.0,2.0,35.0,49.0,0.1702,-0.0264,0.0003,-0.6752,0.756,-0.0388
2026-10-06T01:01:52Z,2026-10-06 01:01:25,SPXW,2026-10-13,C,7425.0,7773.9502,350.7,2.0,374.7,2.0,335.03,5.0,6.0,0.1782,0.9727,0.0003,-0.6886,0.7746,1.3819
2026-10-06T01:01:52Z,2026-10-06 01:01:25,SPXW,2026-10-13,P,7425.0,7773.9502,1.85,20.0,2.05,32.0,2.1,72.0,101.0,0.1689,-0.0272,0.0003,-0.689,0.7751,-0.04
2026-10-06T01:01:52Z,2026-10-06 01:01:25,SPXW,2026-10-13,C,7430.0,7773.9502,345.8,2.0,369.8,2.0,0.0,0.0,0.0,0.1772,0.9719,0.0003,-0.7029,0.7945,1.3816
2026-10-06T01:01:52Z,2026-10-06 01:01:25,SPXW,2026-10-13,P,7430.0,7773.9502,1.9,20.0,2.15,51.0,2.0,17.0,62.0,0.168,-0.028,0.0003,-0.7029,0.7945,-0.0412
2026-10-06T01:01:52Z,2026-10-06 01:01:25,SPXW,2026-10-13,C,7435.0,7773.9502,340.8,2.0,364.8,2.0,0.0,0.0,0.0,0.175,0.971,0.0004,-0.7176,0.8151,1.3813
2026-10-06T01:01:52Z,2026-10-06 01:01:25,SPXW,2026-10-13,P,7435.0,7773.9502,1.95,19.0,2.2,50.0,2.0,26.0,48.0,0.1666,-0.0289,0.0004,-0.7176,0.8151,-0.0425
2026-10-06T01:01:52Z,2026-10-06 01:01:25,SPXW,2026-10-13,C,7440.0,7773.9502,335.9,2.0,359.9,2.0,0.0,0.0,0.0,0.174,0.97,0.0004,-0.7329,0.8366,1.3809
2026-10-06T01:01:52Z,2026-10-06 01:01:25,SPXW,2026-10-13,P,7440.0,7773.9502,2.0,19.0,2.25,50.0,2.22,53.0,98.0,0.1653,-0.0298,0.0004,-0.7329,0.8366,-0.0439
2026-10-06T01:01:52Z,2026-10-06 01:01:25,SPXW,2026-10-13,C,7445.0,7773.9502,330.9,2.0,354.9,2.0,0.0,0.0,0.0,0.1718,0.9691,0.0004,-0.7487,0.8588,1.3804
2026-10-06T01:01:52Z,2026-10-06 01:01:25,SPXW,2026-10-13,P,7445.0,7773.9502,2.05,50.0,2.3,50.0,2.25,2.0,25.0,0.1639,-0.0308,0.0004,-0.7487,0.8588,-0.0453
2026-10-06T01:01:52Z,2026-10-06 01:01:25,SPXW,2026-10-13,C,7450.0,7773.9502,326.0,2.0,350.0,2.0,329.63,1.0,2.0,0.1707,0.9681,0.0004,-0.765,0.8819,1.3798
2026-10-06T01:01:52Z,2026-10-06 01:01:25,SPXW,2026-10-13,P,7450.0,7773.9502,2.15,3.0,2.3,3.0,2.3,42.0,127.0,0.1625,-0.0318,0.0004,-0.765,0.8819,-0.0468
2026-10-06T01:01:52Z,2026-10-06 01:01:25,SPXW,2026-10-13,C,7455.0,7773.9502,321.1,2.0,345.1,2.0,0.0,0.0,0.0,0.1696,0.967,0.0004,-0.7819,0.9058,1.3792
2026-10-06T01:01:52Z,2026-10-06 01:01:25,SPXW,2026-10-13,P,7455.0,7773.9502,2.2,18.0,2.45,48.0,2.59,13.0,49.0,0.1616,-0.0329,0.0004,-0.7819,0.9058,-0.0484
2026-10-06T01:01:52Z,2026-10-06 01:01:25,SPXW,2026-10-13,C,7460.0,7773.9502,316.1,2.0,340.1,2.0,0.0,0.0,0.0,0.1674,0.9659,0.0004,-0.7994,0.9305,1.3785
2026-10-06T01:01:52Z,2026-10-06 01:01:25,SPXW,2026-10-13,P,7460.0,7773.9502,2.25,48.0,2.5,48.0,2.47,6.0,99.0,0.1602,-0.034,0.0004,-0.7994,0.9305,-0.05
2026-10-06T01:01:52Z,2026-10-06 01:01:25,SPXW,2026-10-13,C,7465.0,7773.9502,311.2,2.0,335.2,2.0,0.0,0.0,0.0,0.1662,0.9647,0.0004,-0.8176,0.956,1.3777
2026-10-06T01:01:52Z,2026-10-06 01:01:25,SPXW,2026-10-13,P,7465.0,7773.9502,2.3,47.0,2.55,18.0,2.4,2.0,22.0,0.159,-0.0352,0.0004,-0.8176,0.956,-0.0518
2026-10-06T01:01:52Z,2026-10-06 01:01:25,SPXW,2026-10-13,C,7470.0,7773.9502,306.3,2.0,330.3,2.0,241.52,0.0,23.0,0.165,0.9635,0.0004,-0.8363,0.9824,1.3768
2026-10-06T01:01:52Z,2026-10-06 01:01:25,SPXW,2026-10-13,P,7470.0,7773.9502,2.4,17.0,2.65,46.0,2.5,74.0,169.0,0.1577,-0.0364,0.0004,-0.8363,0.9824,-0.0536
2026-10-06T01:01:52Z,2026-10-06 01:01:25,SPXW,2026-10-13,C,7475.0,7773.9502,301.4,2.0,325.4,2.0,0.0,0.0,0.0,0.1638,0.9622,0.0005,-0.8557,1.0096,1.3759
2026-10-06T01:01:52Z,2026-10-06 01:01:25,SPXW,2026-10-13,P,7475.0,7773.9502,2.45,46.0,2.75,46.0,2.52,83.0,121.0,0.1564,-0.0377,0.0005,-0.8557,1.0096,-0.0556
2026-10-06T01:01:52Z,2026-10-06 01:01:25,SPXW,2026-10-13,C,7480.0,7773.9502,296.5,2.0,320.5,2.0,0.0,0.0,0.0,0.1625,0.9609,0.0005,-0.8758,1.0377,1.3748
2026-10-06T01:01:52Z,2026-10-06 01:01:25,SPXW,2026-10-13,P,7480.0,7773.9502,2.55,45.0,2.8,45.0,2.92,15.0,306.0,0.1551,-0.039,0.0005,-0.8758,1.0377,-0.0576
2026-10-06T01:01:52Z,2026-10-06 01:01:25,SPXW,2026-10-13,C,7485.0,7773.9502,291.5,2.0,315.5,2.0,0.0,0.0,0.0,0.1602,0.9595,0.0005,-0.8966,1.067,1.3737
2026-10-06T01:01:52Z,2026-10-06 01:01:25,SPXW,2026-10-13,P,7485.0,7773.9502,2.65,16.0,2.9,45.0,3.08,9.0,7.0,0.1541,-0.0404,0.0005,-0.8966,1.067,-0.0596
2026-10-06T01:01:52Z,2026-10-06 01:01:25,SPXW,2026-10-13,C,7490.0,7773.9502,286.6,2.0,310.6,2.0,194.99,0.0,2.0,0.1589,0.958,0.0005,-0.9181,1.0973,1.3725
2026-10-06T01:01:52Z,2026-10-06 01:01:25,SPXW,2026-10-13,P,7490.0,7773.9502,2.7,43.0,3.0,43.0,3.0,212.0,329.0,0.1527,-0.0419,0.0005,-0.9181,1.0973,-0.0618
2026-10-06T01:01:52Z,2026-10-06 01:01:25,SPXW,2026-10-13,C,7495.0,7773.9502,281.7,2.0,305.7,2.0,0.0,0.0,0.0,0.1576,0.9565,0.0005,-0.9403,1.1289,1.3712
2026-10-06T01:01:52Z,2026-10-06 01:01:25,SPXW,2026-10-13,P,7495.0,7773.9502,2.8,43.0,3.1,43.0,3.4,54.0,67.0,0.1515,-0.0434,0.0005,-0.9403,1.1289,-0.0641
2026-10-06T01:01:52Z,2026-10-06 01:01:25,SPXW,2026-10-13,C,7500.0,7773.9502,276.8,2.0,300.8,2.0,238.67,0.0,193.0,0.1562,0.9548,0.0006,-0.9633,1.1618,1.3698
2026-10-06T01:01:52Z,2026-10-06 01:01:25,SPXW,2026-10-13,P,7500.0,7773.9502,3.0,2.0,3.2,44.0,3.2,283.0,1407.0,0.1508,-0.045,0.0006,-0.9633,1.1618,-0.0664
2026-10-06T01:01:52Z,2026-10-06 01:01:25,SPXW,2026-10-13,C,7505.0,7773.9502,272.0,2.0,296.0,2.0,0.0,0.0,0.0,0.1556,0.9532,0.0006,-0.987,1.196,1.3682
2026-10-06T01:01:52Z,2026-10-06 01:01:25,SPXW,2026-10-13,P,7505.0,7773.9502,3.0,46.0,3.3,15.0,3.1,36.0,21.0,0.1491,-0.0468,0.0006,-0.987,1.196,-0.0689
2026-10-06T01:01:52Z,2026-10-06 01:01:25,SPXW,2026-10-13,C,7510.0,7773.9502,267.1,2.0,291.1,2.0,277.33,15.0,31.0,0.1541,0.9514,0.0006,-1.0116,1.2313,1.3666
2026-10-06T01:01:52Z,2026-10-06 01:01:25,SPXW,2026-10-13,P,7510.0,7773.9502,3.1,46.0,3.5,42.0,3.5,169.0,289.0,0.1482,-0.0485,0.0006,-1.0116,1.2313,-0.0716
2026-10-06T01:01:52Z,2026-10-06 01:01:25,SPXW,2026-10-13,C,7515.0,7773.9502,262.2,2.0,286.2,2.0,0.0,0.0,0.0,0.1526,0.9495,0.0006,-1.037,1.2678,1.3647
2026-10-06T01:01:52Z,2026-10-06 01:01:25,SPXW,2026-10-13,P,7515.0,7773.9502,3.2,51.0,3.6,51.0,3.61,48.0,5.0,0.1469,-0.0504,0.0006,-1.037,1.2678,-0.0744
2026-10-06T01:01:52Z,2026-10-06 01:01:25,SPXW,2026-10-13,C,7520.0,7773.9502,257.3,2.0,281.3,2.0,0.0,0.0,0.0,0.151,0.9476,0.0006,-1.0632,1.3054,1.3627
2026-10-06T01:01:52Z,2026-10-06 01:01:25,SPXW,2026-10-13,P,7520.0,7773.9502,3.4,25.0,3.7,39.0,3.48,70.0,45.0,0.146,-0.0523,0.0006,-1.0632,1.3054,-0.0773
2026-10-06T01:01:52Z,2026-10-06 01:01:25,SPXW,2026-10-13,C,7525.0,7773.9502,252.5,2.0,276.5,2.0,215.73,0.0,2.0,0.1502,0.9455,0.0007,-1.0903,1.3441,1.3606
2026-10-06T01:01:52Z,2026-10-06 01:01:25,SPXW,2026-10-13,P,7525.0,7773.9502,3.5,39.0,3.8,14.0,3.5,83.0,73.0,0.1446,-0.0544,0.0007,-1.0903,1.3441,-0.0804
2026-10-06T01:01:52Z,2026-10-06 01:01:25,SPXW,2026-10-13,C,7530.0,7773.9502,247.6,2.0,271.6,2.0,161.0,0.0,6.0,0.1486,0.9434,0.0007,-1.1183,1.3841,1.3583
2026-10-06T01:01:52Z,2026-10-06 01:01:25,SPXW,2026-10-13,P,7530.0,7773.9502,3.6,47.0,4.0,37.0,3.73,52.0,73.0,0.1435,-0.0565,0.0007,-1.1183,1.3841,-0.0836
2026-10-06T01:01:52Z,2026-10-06 01:01:25,SPXW,2026-10-13,C,7535.0,7773.9502,242.8,2.0,266.8,2.0,248.74,1.0,1.0,0.1477,0.9411,0.0007,-1.1472,1.4255,1.3559
2026-10-06T01:01:52Z,2026-10-06 01:01:25,SPXW,2026-10-13,P,7535.0,7773.9502,3.8,37.0,4.1,13.0,4.5,15.0,11.0,0.1424,-0.0588,0.0007,-1.1472,1.4255,-0.087
2026-10-06T01:01:52Z,2026-10-06 01:01:25,SPXW,2026-10-13,C,7540.0,7773.9502,237.9,2.0,261.9,2.0,0.0,0.0,0.0,0.146,0.9387,0.0007,-1.177,1.4685,1.3534
2026-10-06T01:01:52Z,2026-10-06 01:01:25,SPXW,2026-10-13,P,7540.0,7773.9502,3.9,46.0,4.3,37.0,3.88,73.0,97.0,0.1412,-0.0612,0.0007,-1.177,1.4685,-0.0905
2026-10-06T01:01:52Z,2026-10-06 01:01:25,SPXW,2026-10-13,C,7545.0,7773.9502,233.1,2.0,257.1,2.0,0.0,0.0,0.0,0.145,0.9362,0.0008,-1.2078,1.5132,1.3507
2026-10-06T01:01:52Z,2026-10-06 01:01:25,SPXW,2026-10-13,P,7545.0,7773.9502,4.1,36.0,4.5,36.0,4.08,59.0,23.0,0.1404,-0.0637,0.0008,-1.2078,1.5132,-0.0942
2026-10-06T01:01:52Z,2026-10-06 01:01:25,SPXW,2026-10-13,C,7550.0,7773.9502,239.1,3.0,240.7,3.0,238.43,14.0,11.0,0.1399,0.9336,0.0008,-1.2396,1.5596,1.3478
2026-10-06T01:01:52Z,2026-10-06 01:01:25,SPXW,2026-10-13,P,7550.0,7773.9502,4.3,38.0,4.6,15.0,4.8,451.0,223.0,0.1395,-0.0663,0.0008,-1.2396,1.5596,-0.098
2026-10-06T01:01:52Z,2026-10-06 01:01:25,SPXW,2026-10-13,C,7555.0,7773.9502,223.5,2.0,247.5,2.0,129.32,0.0,2.0,0.1427,0.9309,0.0008,-1.2723,1.6077,1.3446
2026-10-06T01:01:52Z,2026-10-06 01:01:25,SPXW,2026-10-13,P,7555.0,7773.9502,4.5,22.0,4.8,12.0,4.92,37.0,32.0,0.1382,-0.069,0.0008,-1.2723,1.6077,-0.1021
2026-10-06T01:01:52Z,2026-10-06 01:01:25,SPXW,2026-10-13,C,7560.0,7773.9502,218.7,2.0,242.7,2.0,157.93,0.0,5.0,0.1415,0.928,0.0009,-1.306,1.6572,1.3412
2026-10-06T01:01:52Z,2026-10-06 01:01:25,SPXW,2026-10-13,P,7560.0,7773.9502,4.7,22.0,5.0,12.0,4.74,34.0,64.0,0.1371,-0.0719,0.0009,-1.306,1.6572,-0.1065
2026-10-06T01:01:52Z,2026-10-06 01:01:25,SPXW,2026-10-13,C,7565.0,7773.9502,213.9,2.0,237.9,2.0,0.0,0.0,0.0,0.1403,0.925,0.0009,-1.3407,1.7081,1.3376
2026-10-06T01:01:52Z,2026-10-06 01:01:25,SPXW,2026-10-13,P,7565.0,7773.9502,4.9,34.0,5.2,12.0,5.43,1121.0,62.0,0.1363,-0.0749,0.0009,-1.3407,1.7081,-0.111
2026-10-06T01:01:52Z,2026-10-06 01:01:25,SPXW,2026-10-13,C,7570.0,7773.9502,209.1,2.0,233.1,2.0,171.53,0.0,32.0,0.139,0.9218,0.0009,-1.3765,1.7604,1.3338
2026-10-06T01:01:52Z,2026-10-06 01:01:25,SPXW,2026-10-13,P,7570.0,7773.9502,5.1,32.0,5.5,32.0,5.85,78.0,103.0,0.1352,-0.0781,0.0009,-1.3765,1.7604,-0.1159
2026-10-06T01:01:52Z,2026-10-06 01:01:25,SPXW,2026-10-13,C,7575.0,7773.9502,204.4,2.0,228.4,2.0,138.6,0.0,3.0,0.1382,0.9184,0.001,-1.4134,1.8141,1.3297
2026-10-06T01:01:52Z,2026-10-06 01:01:25,SPXW,2026-10-13,P,7575.0,7773.9502,5.5,1.0,5.7,32.0,5.8,680.0,581.0,0.1345,-0.0814,0.001,-1.4134,1.8141,-0.1209
2026-10-06T01:01:52Z,2026-10-06 01:01:25,SPXW,2026-10-13,C,7580.0,7773.9502,200.2,2.0,219.1,2.0,123.89,0.0,8.0,0.1252,0.9149,0.001,-1.4513,1.8696,1.3254
2026-10-06T01:01:52Z,2026-10-06 01:01:25,SPXW,2026-10-13,P,7580.0,7773.9502,5.6,32.0,5.9,12.0,6.07,76.0,63.0,0.1329,-0.085,0.001,-1.4513,1.8696,-0.1261
2026-10-06T01:01:52Z,2026-10-06 01:01:25,SPXW,2026-10-13,C,7585.0,7773.9502,196.9,2.0,216.9,2.0,138.6,0.0,1.0,0.1358,0.9112,0.0011,-1.4902,1.9272,1.321
2026-10-06T01:01:52Z,2026-10-06 01:01:25,SPXW,2026-10-13,P,7585.0,7773.9502,5.9,11.0,6.2,12.0,6.39,449.0,398.0,0.1321,-0.0887,0.0011,-1.4902,1.9272,-0.1315
2026-10-06T01:01:52Z,2026-10-06 01:01:25,SPXW,2026-10-13,C,7590.0,7773.9502,192.2,2.0,212.2,2.0,149.85,0.0,218.0,0.1348,0.9074,0.0011,-1.5302,1.9869,1.3162
2026-10-06T01:01:52Z,2026-10-06 01:01:25,SPXW,2026-10-13,P,7590.0,7773.9502,6.2,11.0,6.4,11.0,7.12,115.0,340.0,0.1313,-0.0925,0.0011,-1.5302,1.9869,-0.1373
2026-10-06T01:01:52Z,2026-10-06 01:01:25,SPXW,2026-10-13,C,7595.0,7773.9502,187.5,2.0,207.5,2.0,124.0,0.0,44.0,0.1337,0.9033,0.0012,-1.5713,2.0486,1.311
2026-10-06T01:01:52Z,2026-10-06 01:01:25,SPXW,2026-10-13,P,7595.0,7773.9502,6.5,11.0,6.7,11.0,6.96,1370.0,330.0,0.1303,-0.0966,0.0012,-1.5713,2.0486,-0.1434
2026-10-06T01:01:52Z,2026-10-06 01:01:25,SPXW,2026-10-13,C,7600.0,7773.9502,182.8,2.0,202.8,2.0,172.93,2.0,32.0,0.1325,0.899,0.0012,-1.6134,2.1118,1.3055
2026-10-06T01:01:52Z,2026-10-06 01:01:25,SPXW,2026-10-13,P,7600.0,7773.9502,6.8,12.0,7.0,2.0,7.5,1247.0,1378.0,0.1293,-0.1009,0.0012,-1.6134,2.1118,-0.1498
2026-10-06T01:01:52Z,2026-10-06 01:01:25,SPXW,2026-10-13,C,7605.0,7773.9502,178.1,2.0,198.1,2.0,120.2,0.0,6.0,0.1313,0.8945,0.0012,-1.6565,2.1764,1.2996
2026-10-06T01:01:52Z,2026-10-06 01:01:25,SPXW,2026-10-13,P,7605.0,7773.9502,7.1,10.0,7.4,10.0,7.67,126.0,49.0,0.1281,-0.1054,0.0012,-1.6565,2.1764,-0.1567
2026-10-06T01:01:52Z,2026-10-06 01:01:25,SPXW,2026-10-13,C,7610.0,7773.9502,173.5,2.0,193.5,2.0,93.15,0.0,181.0,0.1304,0.8898,0.0013,-1.7007,2.2423,1.2934
2026-10-06T01:01:52Z,2026-10-06 01:01:25,SPXW,2026-10-13,P,7610.0,7773.9502,7.4,28.0,7.7,10.0,8.42,47.0,64.0,0.1274,-0.1101,0.0013,-1.7007,2.2423,-0.1638
2026-10-06T01:01:52Z,2026-10-06 01:01:25,SPXW,2026-10-13,C,7615.0,7773.9502,177.7,3.0,179.2,3.0,109.8,0.0,13.0,0.1264,0.8848,0.0013,-1.7459,2.3098,1.287
2026-10-06T01:01:52Z,2026-10-06 01:01:25,SPXW,2026-10-13,P,7615.0,7773.9502,7.8,9.0,8.1,9.0,8.55,32.0,53.0,0.1262,-0.1151,0.0013,-1.7459,2.3098,-0.1713
2026-10-06T01:01:52Z,2026-10-06 01:01:25,SPXW,2026-10-13,C,7620.0,7773.9502,164.2,2.0,184.2,2.0,154.85,0.0,70.0,0.1281,0.8796,0.0014,-1.7921,2.3793,1.2802
2026-10-06T01:01:52Z,2026-10-06 01:01:25,SPXW,2026-10-13,P,7620.0,7773.9502,8.2,10.0,8.5,10.0,9.09,1086.0,1008.0,0.1253,-0.1203,0.0014,-1.7921,2.3793,-0.179
2026-10-06T01:01:52Z,2026-10-06 01:01:25,SPXW,2026-10-13,C,7625.0,7773.9502,159.6,2.0,179.6,2.0,115.96,0.0,55.0,0.127,0.8741,0.0014,-1.8392,2.4511,1.273
2026-10-06T01:01:52Z,2026-10-06 01:01:25,SPXW,2026-10-13,P,7625.0,7773.9502,8.6,8.0,8.9,8.0,9.35,39.0,106.0,0.1243,-0.1258,0.0014,-1.8392,2.4511,-0.1871
2026-10-06T01:01:52Z,2026-10-06 01:01:25,SPXW,2026-10-13,C,7630.0,7773.9502,155.1,2.0,175.1,2.0,159.88,1.0,25.0,0.1262,0.8684,0.0015,-1.8872,2.5249,1.2654
2026-10-06T01:01:52Z,2026-10-06 01:01:25,SPXW,2026-10-13,P,7630.0,7773.9502,9.0,10.0,9.3,10.0,9.75,51.0,67.0,0.1236,-0.1315,0.0015,-1.8872,2.5249,-0.1957
2026-10-06T01:01:52Z,2026-10-06 01:01:25,SPXW,2026-10-13,C,7635.0,7773.9502,150.5,2.0,170.5,2.0,155.33,1.0,30.0,0.125,0.8623,0.0016,-1.9359,2.6001,1.2572
2026-10-06T01:01:52Z,2026-10-06 01:01:25,SPXW,2026-10-13,P,7635.0,7773.9502,9.5,8.0,9.8,8.0,10.32,42.0,53.0,0.1224,-0.1376,0.0016,-1.9359,2.6001,-0.2049
2026-10-06T01:01:52Z,2026-10-06 01:01:25,SPXW,2026-10-13,C,7640.0,7773.9502,146.0,2.0,166.0,2.0,71.3,0.0,20.0,0.124,0.856,0.0016,-1.9855,2.6761,1.2485
2026-10-06T01:01:52Z,2026-10-06 01:01:25,SPXW,2026-10-13,P,7640.0,7773.9502,10.0,8.0,10.3,8.0,10.29,107.0,92.0,0.1216,-0.1439,0.0016,-1.9855,2.6761,-0.2146
2026-10-06T01:01:52Z,2026-10-06 01:01:25,SPXW,2026-10-13,C,7645.0,7773.9502,141.5,2.0,161.5,2.0,69.8,0.0,27.0,0.123,0.8494,0.0017,-2.0357,2.753,1.2394
2026-10-06T01:01:52Z,2026-10-06 01:01:25,SPXW,2026-10-13,P,7645.0,7773.9502,10.5,9.0,10.8,9.0,11.32,42.0,117.0,0.1206,-0.1505,0.0017,-2.0357,2.753,-0.2246
2026-10-06T01:01:52Z,2026-10-06 01:01:25,SPXW,2026-10-13,C,7650.0,7773.9502,146.0,3.0,147.4,3.0,125.29,0.0,579.0,0.12,0.8424,0.0018,-2.0865,2.8311,1.2299
2026-10-06T01:01:52Z,2026-10-06 01:01:25,SPXW,2026-10-13,P,7650.0,7773.9502,11.0,9.0,11.3,9.0,11.71,217.0,252.0,0.1199,-0.1575,0.0018,-2.0865,2.8311,-0.235
2026-10-06T01:01:52Z,2026-10-06 01:01:25,SPXW,2026-10-13,C,7655.0,7773.9502,132.6,2.0,152.6,2.0,121.6,1.0,17.0,0.121,0.8351,0.0018,-2.1378,2.9111,1.2201
2026-10-06T01:01:52Z,2026-10-06 01:01:25,SPXW,2026-10-13,P,7655.0,7773.9502,11.6,9.0,11.9,9.0,11.21,12.0,95.0,0.1188,-0.1648,0.0018,-2.1378,2.9111,-0.2458
2026-10-06T01:01:52Z,2026-10-06 01:01:25,SPXW,2026-10-13,C,7660.0,7773.9502,128.2,2.0,148.2,2.0,123.15,0.0,60.0,0.12,0.8274,0.0019,-2.1895,2.9928,1.2096
2026-10-06T01:01:52Z,2026-10-06 01:01:25,SPXW,2026-10-13,P,7660.0,7773.9502,12.2,9.0,12.5,9.0,12.85,189.0,208.0,0.1179,-0.1724,0.0019,-2.1895,2.9928,-0.2573
2026-10-06T01:01:52Z,2026-10-06 01:01:25,SPXW,2026-10-13,C,7665.0,7773.9502,123.9,2.0,143.9,2.0,60.65,0.0,48.0,0.1192,0.8194,0.002,-2.2414,3.0755,1.1984
2026-10-06T01:01:52Z,2026-10-06 01:01:25,SPXW,2026-10-13,P,7665.0,7773.9502,12.8,9.0,13.1,2.0,12.52,9.0,146.0,0.1172,-0.1805,0.002,-2.2414,3.0755,-0.2695
2026-10-06T01:01:52Z,2026-10-06 01:01:25,SPXW,2026-10-13,C,7670.0,7773.9502,119.5,2.0,139.5,2.0,94.54,1.0,102.0,0.118,0.8111,0.002,-2.2933,3.1582,1.1865
2026-10-06T01:01:52Z,2026-10-06 01:01:25,SPXW,2026-10-13,P,7670.0,7773.9502,13.5,9.0,13.8,9.0,14.38,249.0,257.0,0.1161,-0.1888,0.002,-2.2933,3.1582,-0.2823
2026-10-06T01:01:52Z,2026-10-06 01:01:25,SPXW,2026-10-13,C,7675.0,7773.9502,115.2,2.0,135.2,2.0,108.0,0.0,168.0,0.117,0.8023,0.0021,-2.3451,3.2405,1.1742
2026-10-06T01:01:52Z,2026-10-06 01:01:25,SPXW,2026-10-13,P,7675.0,7773.9502,14.2,9.0,14.5,9.0,13.9,141.0,427.0,0.1152,-0.1976,0.0021,-2.3451,3.2405,-0.2955
2026-10-06T01:01:52Z,2026-10-06 01:01:25,SPXW,2026-10-13,C,7680.0,7773.9502,111.0,2.0,131.0,2.0,105.28,30.0,91.0,0.1163,0.7932,0.0022,-2.3967,3.3231,1.1615
2026-10-06T01:01:52Z,2026-10-06 01:01:25,SPXW,2026-10-13,P,7680.0,7773.9502,14.9,7.0,15.3,9.0,15.72,200.0,223.0,0.1144,-0.2067,0.0022,-2.3967,3.3231,-0.3092
2026-10-06T01:01:52Z,2026-10-06 01:01:25,SPXW,2026-10-13,C,7685.0,7773.9502,115.6,3.0,117.1,3.0,99.75,6.0,649.0,0.1134,0.7836,0.0023,-2.4478,3.4065,1.1482
2026-10-06T01:01:52Z,2026-10-06 01:01:25,SPXW,2026-10-13,P,7685.0,7773.9502,15.7,7.0,16.1,7.0,16.97,39.0,60.0,0.1136,-0.2163,0.0023,-2.4478,3.4065,-0.3234
2026-10-06T01:01:52Z,2026-10-06 01:01:25,SPXW,2026-10-13,C,7690.0,7773.9502,111.4,3.0,113.0,3.0,109.1,12.0,58.0,0.1129,0.7736,0.0023,-2.4982,3.4905,1.1342
2026-10-06T01:01:52Z,2026-10-06 01:01:25,SPXW,2026-10-13,P,7690.0,7773.9502,16.6,7.0,16.9,7.0,16.18,42.0,97.0,0.1128,-0.2262,0.0023,-2.4982,3.4905,-0.3384
2026-10-06T01:01:52Z,2026-10-06 01:01:25,SPXW,2026-10-13,C,7695.0,7773.9502,107.5,3.0,108.9,3.0,104.02,4.0,75.0,0.1119,0.7633,0.0024,-2.5478,3.5738,1.1192
2026-10-06T01:01:52Z,2026-10-06 01:01:25,SPXW,2026-10-13,P,7695.0,7773.9502,17.4,7.0,17.8,7.0,16.35,11.0,47.0,0.1119,-0.2366,0.0024,-2.5478,3.5738,-0.3543
2026-10-06T01:01:52Z,2026-10-06 01:01:25,SPXW,2026-10-13,C,7700.0,7773.9502,103.4,3.0,104.7,3.0,99.97,19.0,1077.0,0.1111,0.7525,0.0025,-2.5961,3.6553,1.1037
2026-10-06T01:01:52Z,2026-10-06 01:01:25,SPXW,2026-10-13,P,7700.0,7773.9502,18.4,8.0,18.7,8.0,19.35,783.0,436.0,0.1109,-0.2474,0.0025,-2.5961,3.6553,-0.3708
2026-10-06T01:01:52Z,2026-10-06 01:01:25,SPXW,2026-10-13,C,7705.0,7773.9502,90.4,2.0,110.4,2.0,96.3,21.0,85.0,0.1117,0.7412,0.0026,-2.643,3.7349,1.0878
2026-10-06T01:01:52Z,2026-10-06 01:01:25,SPXW,2026-10-13,P,7705.0,7773.9502,19.3,7.0,19.7,7.0,20.64,40.0,9.0,0.1103,-0.2587,0.0026,-2.643,3.7349,-0.3877
2026-10-06T01:01:52Z,2026-10-06 01:01:25,SPXW,2026-10-13,C,7710.0,7773.9502,86.4,2.0,106.4,2.0,92.5,19.0,137.0,0.1107,0.7296,0.0026,-2.6883,3.8136,1.0714
2026-10-06T01:01:52Z,2026-10-06 01:01:25,SPXW,2026-10-13,P,7710.0,7773.9502,20.4,8.0,20.7,8.0,20.07,123.0,73.0,0.1094,-0.2703,0.0026,-2.6883,3.8136,-0.4051
2026-10-06T01:01:52Z,2026-10-06 01:01:25,SPXW,2026-10-13,C,7715.0,7773.9502,82.5,2.0,102.5,2.0,88.6,25.0,63.0,0.1099,0.7174,0.0027,-2.7316,3.8914,1.054
2026-10-06T01:01:52Z,2026-10-06 01:01:25,SPXW,2026-10-13,P,7715.0,7773.9502,21.5,8.0,21.8,8.0,22.29,34.0,54.0,0.1086,-0.2824,0.0027,-2.7316,3.8914,-0.4234
2026-10-06T01:01:52Z,2026-10-06 01:01:25,SPXW,2026-10-13,C,7720.0,7773.9502,78.7,2.0,98.7,2.0,82.92,24.0,77.0,0.1092,0.7049,0.0028,-2.7726,3.9672,1.0357
2026-10-06T01:01:52Z,2026-10-06 01:01:25,SPXW,2026-10-13,P,7720.0,7773.9502,22.6,8.0,23.0,8.0,23.5,35.0,83.0,0.1078,-0.295,0.0028,-2.7726,3.9672,-0.4426
2026-10-06T01:01:52Z,2026-10-06 01:01:25,SPXW,2026-10-13,C,7725.0,7773.9502,84.4,3.0,84.8,3.0,80.8,39.0,70.0,0.1072,0.6919,0.0029,-2.8111,4.0395,1.0168
2026-10-06T01:01:52Z,2026-10-06 01:01:25,SPXW,2026-10-13,P,7725.0,7773.9502,23.8,7.0,24.2,7.0,24.77,205.0,29.0,0.1071,-0.308,0.0029,-2.8111,4.0395,-0.4625
2026-10-06T01:01:52Z,2026-10-06 01:01:25,SPXW,2026-10-13,C,7730.0,7773.9502,80.6,3.0,81.1,3.0,77.14,6.0,56.0,0.1064,0.6784,0.003,-2.8467,4.1078,0.9976
2026-10-06T01:01:52Z,2026-10-06 01:01:25,SPXW,2026-10-13,P,7730.0,7773.9502,25.1,8.0,25.5,8.0,28.73,476.0,224.0,0.1061,-0.3215,0.003,-2.8467,4.1078,-0.4827
2026-10-06T01:01:52Z,2026-10-06 01:01:25,SPXW,2026-10-13,C,7735.0,7773.9502,77.0,5.0,77.4,5.0,73.63,28.0,64.0,0.1056,0.6646,0.003,-2.8792,4.173,0.9778
2026-10-06T01:01:52Z,2026-10-06 01:01:25,SPXW,2026-10-13,P,7735.0,7773.9502,26.4,8.0,26.8,8.0,25.0,14.0,12.0,0.1054,-0.3354,0.003,-2.8792,4.173,-0.5035
2026-10-06T01:01:52Z,2026-10-06 01:01:25,SPXW,2026-10-13,C,7740.0,7773.9502,73.4,5.0,73.9,5.0,70.08,39.0,100.0,0.1047,0.6502,0.0031,-2.9082,4.2353,0.957
2026-10-06T01:01:52Z,2026-10-06 01:01:25,SPXW,2026-10-13,P,7740.0,7773.9502,27.8,9.0,28.2,9.0,30.25,72.0,33.0,0.1046,-0.3497,0.0031,-2.9082,4.2353,-0.5252
2026-10-06T01:01:52Z,2026-10-06 01:01:25,SPXW,2026-10-13,C,7745.0,7773.9502,69.9,6.0,70.4,6.0,66.53,25.0,42.0,0.104,0.6355,0.0032,-2.9334,4.2932,0.9352
2026-10-06T01:01:52Z,2026-10-06 01:01:25,SPXW,2026-10-13,P,7745.0,7773.9502,29.3,8.0,29.7,8.0,32.0,3052.0,8.0,0.1039,-0.3644,0.0032,-2.9334,4.2932,-0.5479
2026-10-06T01:01:52Z,2026-10-06 01:01:25,SPXW,2026-10-13,C,7750.0,7773.9502,66.4,6.0,66.9,6.0,63.32,70.0,536.0,0.1033,0.6203,0.0032,-2.9545,4.3454,0.9131
2026-10-06T01:01:52Z,2026-10-06 01:01:25,SPXW,2026-10-13,P,7750.0,7773.9502,30.9,9.0,31.3,9.0,34.67,622.0,525.0,0.1031,-0.3796,0.0032,-2.9545,4.3454,-0.571
2026-10-06T01:01:52Z,2026-10-06 01:01:25,SPXW,2026-10-13,C,7755.0,7773.9502,63.1,7.0,63.6,7.0,59.34,76.0,69.0,0.1027,0.6048,0.0033,-2.9713,4.3918,0.8908
2026-10-06T01:01:52Z,2026-10-06 01:01:25,SPXW,2026-10-13,P,7755.0,7773.9502,32.5,9.0,32.9,1.0,37.06,485.0,3.0,0.1024,-0.3951,0.0033,-2.9713,4.3918,-0.5943
2026-10-06T01:01:52Z,2026-10-06 01:01:25,SPXW,2026-10-13,C,7760.0,7773.9502,59.8,8.0,60.3,7.0,58.91,56.0,94.0,0.1019,0.5888,0.0033,-2.9836,4.433,0.8677
2026-10-06T01:01:52Z,2026-10-06 01:01:25,SPXW,2026-10-13,P,7760.0,7773.9502,34.2,8.0,34.7,9.0,32.12,72.0,34.0,0.1017,-0.4111,0.0033,-2.9836,4.433,-0.6183
2026-10-06T01:01:52Z,2026-10-06 01:01:25,SPXW,2026-10-13,C,7765.0,7773.9502,56.6,7.0,57.1,7.0,51.83,41.0,54.0,0.1012,0.5725,0.0034,-2.9909,4.4685,0.8436
2026-10-06T01:01:52Z,2026-10-06 01:01:25,SPXW,2026-10-13,P,7765.0,7773.9502,36.0,9.0,36.5,9.0,39.0,61.0,4.0,0.1009,-0.4274,0.0034,-2.9909,4.4685,-0.6434
2026-10-06T01:01:52Z,2026-10-06 01:01:25,SPXW,2026-10-13,C,7770.0,7773.9502,53.5,9.0,54.0,8.0,51.56,3042.0,50.0,0.1005,0.5559,0.0034,-2.9931,4.4971,0.819
2026-10-06T01:01:52Z,2026-10-06 01:01:25,SPXW,2026-10-13,P,7770.0,7773.9502,37.9,8.0,38.4,8.0,42.6,3225.0,17.0,0.1004,-0.444,0.0034,-2.9931,4.4971,-0.669
2026-10-06T01:01:52Z,2026-10-06 01:01:25,SPXW,2026-10-13,C,7775.0,7773.9502,50.5,9.0,51.0,8.0,47.87,102.0,151.0,0.0999,0.5389,0.0035,-2.99,4.5182,0.7943
2026-10-06T01:01:52Z,2026-10-06 01:01:25,SPXW,2026-10-13,P,7775.0,7773.9502,39.9,8.0,40.4,8.0,42.38,208.0,13.0,0.0997,-0.461,0.0035,-2.99,4.5182,-0.6945
2026-10-06T01:01:52Z,2026-10-06 01:01:25,SPXW,2026-10-13,C,7780.0,7773.9502,47.6,9.0,48.1,8.0,45.1,458.0,54.0,0.0992,0.5216,0.0035,-2.9815,4.5319,0.7693
2026-10-06T01:01:52Z,2026-10-06 01:01:25,SPXW,2026-10-13,P,7780.0,7773.9502,42.0,9.0,42.4,1.0,46.9,34.0,22.0,0.0991,-0.4783,0.0035,-2.9815,4.5319,-0.7205
2026-10-06T01:01:52Z,2026-10-06 01:01:25,SPXW,2026-10-13,C,7785.0,7773.9502,44.8,9.0,45.3,9.0,42.41,172.0,37.0,0.0987,0.5041,0.0035,-2.9674,4.538,0.7434
2026-10-06T01:01:52Z,2026-10-06 01:01:25,SPXW,2026-10-13,P,7785.0,7773.9502,44.2,8.0,44.7,8.0,41.85,28.0,9.0,0.0986,-0.4958,0.0035,-2.9674,4.538,-0.7474
2026-10-06T01:01:52Z,2026-10-06 01:01:25,SPXW,2026-10-13,C,7790.0,7773.9502,42.1,9.0,42.6,9.0,40.0,106.0,22.0,0.0981,0.4864,0.0036,-2.9476,4.5359,0.717
2026-10-06T01:01:52Z,2026-10-06 01:01:25,SPXW,2026-10-13,P,7790.0,7773.9502,46.5,8.0,47.0,8.0,47.27,11.0,10.0,0.098,-0.5135,0.0036,-2.9476,4.5359,-0.7747
2026-10-06T01:01:52Z,2026-10-06 01:01:25,SPXW,2026-10-13,C,7795.0,7773.9502,39.5,9.0,40.0,9.0,34.66,3015.0,14.0,0.0976,0.4685,0.0036,-2.9221,4.5255,0.6909
2026-10-06T01:01:52Z,2026-10-06 01:01:25,SPXW,2026-10-13,P,7795.0,7773.9502,48.9,8.0,49.4,8.0,62.4,5.0,5.0,0.0975,-0.5314,0.0036,-2.9221,4.5255,-0.8018
2026-10-06T01:01:52Z,2026-10-06 01:01:25,SPXW,2026-10-13,C,7800.0,7773.9502,37.0,9.0,37.5,9.0,35.06,220.0,503.0,0.097,0.4504,0.0036,-2.891,4.5067,0.6647
2026-10-06T01:01:52Z,2026-10-06 01:01:25,SPXW,2026-10-13,P,7800.0,7773.9502,51.4,9.0,51.8,9.0,53.34,37.0,102.0,0.0968,-0.5494,0.0036,-2.891,4.5067,-0.829
2026-10-06T01:01:52Z,2026-10-06 01:01:25,SPXW,2026-10-13,C,7805.0,7773.9502,34.6,8.0,35.1,8.0,32.57,3327.0,79.0,0.0966,0.4324,0.0036,-2.8542,4.4788,0.6378
2026-10-06T01:01:52Z,2026-10-06 01:01:25,SPXW,2026-10-13,P,7805.0,7773.9502,54.0,8.0,54.4,9.0,61.1,56.0,0.0,0.0964,-0.5675,0.0036,-2.8542,4.4788,-0.8568
2026-10-06T01:01:52Z,2026-10-06 01:01:25,SPXW,2026-10-13,C,7810.0,7773.9502,32.3,9.0,32.7,9.0,30.0,103.0,87.0,0.0961,0.4142,0.0036,-2.8119,4.4419,0.6108
2026-10-06T01:01:52Z,2026-10-06 01:01:25,SPXW,2026-10-13,P,7810.0,7773.9502,56.6,7.0,57.1,7.0,58.06,4.0,1.0,0.0958,-0.5856,0.0036,-2.8119,4.4419,-0.8848
2026-10-06T01:01:52Z,2026-10-06 01:01:25,SPXW,2026-10-13,C,7815.0,7773.9502,30.1,9.0,30.5,9.0,28.32,2570.0,72.0,0.0956,0.3962,0.0035,-2.7641,4.397,0.5844
2026-10-06T01:01:52Z,2026-10-06 01:01:25,SPXW,2026-10-13,P,7815.0,7773.9502,59.4,7.0,59.9,7.0,54.65,59.0,0.0,0.0953,-0.6037,0.0035,-2.7641,4.397,-0.9121
2026-10-06T01:01:52Z,2026-10-06 01:01:25,SPXW,2026-10-13,C,7820.0,7773.9502,28.0,9.0,28.4,9.0,26.15,681.0,298.0,0.095,0.3782,0.0035,-2.7112,4.3439,0.5581
2026-10-06T01:01:52Z,2026-10-06 01:01:25,SPXW,2026-10-13,P,7820.0,7773.9502,62.3,6.0,62.8,6.0,67.22,7.0,9.0,0.0949,-0.6217,0.0035,-2.7112,4.3439,-0.9394
2026-10-06T01:01:52Z,2026-10-06 01:01:25,SPXW,2026-10-13,C,7825.0,7773.9502,26.0,9.0,26.4,9.0,22.98,138.0,3820.0,0.0946,0.3603,0.0035,-2.6533,4.2814,0.5314
2026-10-06T01:01:52Z,2026-10-06 01:01:25,SPXW,2026-10-13,P,7825.0,7773.9502,65.3,6.0,65.8,6.0,158.24,0.0,2.0,0.0945,-0.6396,0.0035,-2.6533,4.2814,-0.967
2026-10-06T01:01:52Z,2026-10-06 01:01:25,SPXW,2026-10-13,C,7830.0,7773.9502,24.1,9.0,24.5,9.0,22.3,335.0,138.0,0.0942,0.3426,0.0034,-2.5907,4.2102,0.5051
2026-10-06T01:01:52Z,2026-10-06 01:01:25,SPXW,2026-10-13,P,7830.0,7773.9502,68.4,5.0,68.9,5.0,95.36,1.0,2.0,0.094,-0.6573,0.0034,-2.5907,4.2102,-0.9943
2026-10-06T01:01:52Z,2026-10-06 01:01:25,SPXW,2026-10-13,C,7835.0,7773.9502,22.3,7.0,22.7,7.0,27.23,40.0,27.0,0.0938,0.3252,0.0034,-2.5237,4.1325,0.4797
2026-10-06T01:01:52Z,2026-10-06 01:01:25,SPXW,2026-10-13,P,7835.0,7773.9502,71.6,4.0,72.0,4.0,0.0,0.0,0.0,0.0936,-0.6747,0.0034,-2.5237,4.1325,-1.0207
2026-10-06T01:01:52Z,2026-10-06 01:01:25,SPXW,2026-10-13,C,7840.0,7773.9502,20.6,8.0,21.0,8.0,17.8,198.0,87.0,0.0934,0.3081,0.0033,-2.4527,4.048,0.4545
2026-10-06T01:01:52Z,2026-10-06 01:01:25,SPXW,2026-10-13,P,7840.0,7773.9502,74.9,3.0,75.3,3.0,177.38,0.0,1.0,0.0933,-0.6918,0.0033,-2.4527,4.048,-1.0468
2026-10-06T01:01:52Z,2026-10-06 01:01:25,SPXW,2026-10-13,C,7845.0,7773.9502,19.0,7.0,19.4,7.0,16.62,105.0,38.0,0.0931,0.2913,0.0032,-2.378,3.955,0.4294
2026-10-06T01:01:52Z,2026-10-06 01:01:25,SPXW,2026-10-13,P,7845.0,7773.9502,68.4,2.0,88.4,2.0,120.93,1.0,1.0,0.0923,-0.7086,0.0032,-2.378,3.955,-1.0729
2026-10-06T01:01:52Z,2026-10-06 01:01:25,SPXW,2026-10-13,C,7850.0,7773.9502,17.4,8.0,17.8,8.0,19.74,248.0,941.0,0.0928,0.2749,0.0031,-2.3001,3.8552,0.4051
2026-10-06T01:01:52Z,2026-10-06 01:01:25,SPXW,2026-10-13,P,7850.0,7773.9502,71.8,2.0,91.8,2.0,177.14,0.0,4.0,0.0918,-0.725,0.0031,-2.3001,3.8552,-1.0982
2026-10-06T01:01:52Z,2026-10-06 01:01:25,SPXW,2026-10-13,C,7855.0,7773.9502,16.0,8.0,16.4,8.0,15.17,45.0,0.0,0.0924,0.259,0.0031,-2.2192,3.7511,0.3818
2026-10-06T01:01:52Z,2026-10-06 01:01:25,SPXW,2026-10-13,P,7855.0,7773.9502,75.4,2.0,95.4,2.0,0.0,0.0,0.0,0.0915,-0.741,0.0031,-2.2192,3.7511,-1.1224
2026-10-06T01:01:52Z,2026-10-06 01:01:25,SPXW,2026-10-13,C,7860.0,7773.9502,14.7,7.0,15.1,7.0,13.6,69.0,117.0,0.0921,0.2434,0.003,-2.136,3.6421,0.3587
2026-10-06T01:01:52Z,2026-10-06 01:01:25,SPXW,2026-10-13,P,7860.0,7773.9502,79.0,2.0,99.0,2.0,194.06,0.0,1.0,0.091,-0.7565,0.003,-2.136,3.6421,-1.1464
2026-10-06T01:01:52Z,2026-10-06 01:01:25,SPXW,2026-10-13,C,7865.0,7773.9502,13.5,2.0,13.8,9.0,12.75,10.0,0.0,0.0919,0.2284,0.0029,-2.0508,3.5267,0.3362
2026-10-06T01:01:52Z,2026-10-06 01:01:25,SPXW,2026-10-13,P,7865.0,7773.9502,82.8,2.0,102.8,2.0,0.0,0.0,0.0,0.0908,-0.7715,0.0029,-2.0508,3.5267,-1.1699
2026-10-06T01:01:52Z,2026-10-06 01:01:25,SPXW,2026-10-13,C,7870.0,7773.9502,12.3,9.0,12.6,9.0,12.77,110.0,216.0,0.0915,0.2138,0.0028,-1.964,3.4072,0.3148
2026-10-06T01:01:52Z,2026-10-06 01:01:25,SPXW,2026-10-13,P,7870.0,7773.9502,86.6,2.0,106.6,2.0,218.9,0.0,1.0,0.0904,-0.7861,0.0028,-1.964,3.4072,-1.1923
2026-10-06T01:01:52Z,2026-10-06 01:01:25,SPXW,2026-10-13,C,7875.0,7773.9502,11.2,9.0,11.5,8.0,10.47,74.0,338.0,0.0914,0.1998,0.0027,-1.8762,3.2859,0.2943
2026-10-06T01:01:52Z,2026-10-06 01:01:25,SPXW,2026-10-13,P,7875.0,7773.9502,90.5,2.0,110.5,2.0,96.69,6.0,1.0,0.09,-0.8001,0.0027,-1.8762,3.2859,-1.2137
2026-10-06T01:01:52Z,2026-10-06 01:01:25,SPXW,2026-10-13,C,7880.0,7773.9502,10.2,7.0,10.5,7.0,13.57,66.0,77.0,0.0912,0.1864,0.0026,-1.7878,3.1619,0.2742
2026-10-06T01:01:52Z,2026-10-06 01:01:25,SPXW,2026-10-13,P,7880.0,7773.9502,94.5,2.0,114.5,2.0,0.0,0.0,0.0,0.0898,-0.8135,0.0026,-1.7878,3.1619,-1.2348
2026-10-06T01:01:52Z,2026-10-06 01:01:25,SPXW,2026-10-13,C,7890.0,7773.9502,8.4,9.0,8.7,8.0,7.87,103.0,65.0,0.0908,0.1611,0.0024,-1.611,2.9056,0.237
2026-10-06T01:01:52Z,2026-10-06 01:01:25,SPXW,2026-10-13,P,7890.0,7773.9502,102.7,2.0,122.7,2.0,0.0,0.0,0.0,0.0893,-0.8388,0.0024,-1.611,2.9056,-1.274
2026-10-06T01:01:52Z,2026-10-06 01:01:25,SPXW,2026-10-13,C,7900.0,7773.9502,6.9,10.0,7.2,10.0,7.3,159.0,551.0,0.0906,0.1382,0.0021,-1.4375,2.6492,0.203
2026-10-06T01:01:52Z,2026-10-06 01:01:25,SPXW,2026-10-13,P,7900.0,7773.9502,111.2,2.0,131.2,2.0,0.0,0.0,0.0,0.0889,-0.8617,0.0021,-1.4375,2.6492,-1.3098
2026-10-06T01:01:52Z,2026-10-06 01:01:25,SPXW,2026-10-13,C,7910.0,7773.9502,5.6,10.0,5.9,10.0,4.8,285.0,133.0,0.0903,0.1177,0.0019,-1.2706,2.3929,0.1728
2026-10-06T01:01:52Z,2026-10-06 01:01:25,SPXW,2026-10-13,P,7910.0,7773.9502,119.9,2.0,139.9,2.0,0.0,0.0,0.0,0.0885,-0.8822,0.0019,-1.2706,2.3929,-1.3419
2026-10-06T01:01:52Z,2026-10-06 01:01:25,SPXW,2026-10-13,C,7920.0,7773.9502,4.6,12.0,4.8,12.0,3.99,144.0,55.0,0.09,0.0996,0.0017,-1.1132,2.1458,0.1458
2026-10-06T01:01:52Z,2026-10-06 01:01:25,SPXW,2026-10-13,P,7920.0,7773.9502,128.8,2.0,148.8,2.0,239.21,0.0,1.0,0.088,-0.9003,0.0017,-1.1132,2.1458,-1.3708
2026-10-06T01:01:52Z,2026-10-06 01:01:25,SPXW,2026-10-13,C,7925.0,7773.9502,4.1,14.0,4.4,13.0,3.7,209.0,163.0,0.09,0.0913,0.0016,-1.0389,2.0254,0.1338
2026-10-06T01:01:52Z,2026-10-06 01:01:25,SPXW,2026-10-13,P,7925.0,7773.9502,133.3,2.0,153.3,2.0,242.8,0.0,1.0,0.0876,-0.9086,0.0016,-1.0389,2.0254,-1.3838
2026-10-06T01:01:52Z,2026-10-06 01:01:25,SPXW,2026-10-13,C,7930.0,7773.9502,3.7,15.0,3.9,14.0,3.26,134.0,63.0,0.0901,0.0837,0.0015,-0.9678,1.9088,0.1226
2026-10-06T01:01:52Z,2026-10-06 01:01:25,SPXW,2026-10-13,P,7930.0,7773.9502,137.9,2.0,157.9,2.0,0.0,0.0,0.0,0.0876,-0.9162,0.0015,-0.9678,1.9088,-1.396
2026-10-06T01:01:52Z,2026-10-06 01:01:25,SPXW,2026-10-13,C,7940.0,7773.9502,2.95,23.0,3.3,45.0,2.54,144.0,69.0,0.0903,0.07,0.0013,-0.8361,1.6882,0.1023
2026-10-06T01:01:52Z,2026-10-06 01:01:25,SPXW,2026-10-13,P,7940.0,7773.9502,147.1,2.0,167.1,2.0,0.0,0.0,0.0,0.0867,-0.9299,0.0013,-0.8361,1.6882,-1.4182
2026-10-06T01:01:52Z,2026-10-06 01:01:25,SPXW,2026-10-13,C,7950.0,7773.9502,2.4,3.0,2.6,3.0,2.7,214.0,375.0,0.0903,0.0584,0.0011,-0.7188,1.4847,0.0853
2026-10-06T01:01:52Z,2026-10-06 01:01:25,SPXW,2026-10-13,P,7950.0,7773.9502,156.5,2.0,176.5,2.0,0.0,0.0,0.0,0.0863,-0.9415,0.0011,-0.7188,1.4847,-1.4371
2026-10-06T01:01:52Z,2026-10-06 01:01:25,SPXW,2026-10-13,C,7960.0,7773.9502,1.9,44.0,2.2,48.0,1.75,340.0,129.0,0.091,0.0486,0.001,-0.6164,1.3013,0.0708
2026-10-06T01:01:52Z,2026-10-06 01:01:25,SPXW,2026-10-13,P,7960.0,7773.9502,166.0,2.0,186.0,2.0,0.0,0.0,0.0,0.0857,-0.9513,0.001,-0.6164,1.3013,-1.4535
2026-10-06T01:01:52Z,2026-10-06 01:01:25,SPXW,2026-10-13,C,7975.0,7773.9502,1.35,50.0,1.65,55.0,1.15,233.0,87.0,0.0916,0.037,0.0008,-0.4891,1.0638,0.0538
2026-10-06T01:01:52Z,2026-10-06 01:01:25,SPXW,2026-10-13,P,7975.0,7773.9502,180.5,2.0,200.5,2.0,318.0,0.0,1.0,0.0856,-0.9629,0.0008,-0.4891,1.0638,-1.4734
2026-10-06T01:01:52Z,2026-10-06 01:01:25,SPXW,2026-10-13,C,8000.0,7773.9502,0.85,5.0,1.0,5.0,0.74,341.0,411.0,0.0935,0.0239,0.0005,-0.3384,0.7642,0.0347
2026-10-06T01:01:52Z,2026-10-06 01:01:25,SPXW,2026-10-13,P,8000.0,7773.9502,202.9,2.0,226.9,2.0,227.26,0.0,0.0,0.0837,-0.976,0.0005,-0.3384,0.7642,-1.4973
2026-10-06T01:01:52Z,2026-10-06 01:01:25,SPXW,2026-10-13,C,8025.0,7773.9502,0.5,28.0,0.7,67.0,0.45,74.0,108.0,0.0961,0.0163,0.0004,-0.2453,0.564,0.0235
2026-10-06T01:01:52Z,2026-10-06 01:01:25,SPXW,2026-10-13,P,8025.0,7773.9502,227.6,2.0,251.6,2.0,0.0,0.0,0.0,0.0813,-0.9836,0.0004,-0.2453,0.564,-1.5132
2026-10-06T01:01:52Z,2026-10-06 01:01:25,SPXW,2026-10-13,C,8050.0,7773.9502,0.3,72.0,0.5,43.0,0.3,276.0,93.0,0.0991,0.0118,0.0003,-0.189,0.4334,0.017
2026-10-06T01:01:52Z,2026-10-06 01:01:25,SPXW,2026-10-13,P,8050.0,7773.9502,252.4,2.0,276.4,2.0,0.0,0.0,0.0,0.0,-0.9881,0.0003,-0.189,0.4334,-1.5246
2026-10-06T01:01:52Z,2026-10-06 01:01:25,SPXW,2026-10-13,C,8075.0,7773.9502,0.25,81.0,0.35,56.0,0.27,11.0,366.0,0.1034,0.009,0.0002,-0.1542,0.3468,0.0129
2026-10-06T01:01:52Z,2026-10-06 01:01:25,SPXW,2026-10-13,P,8075.0,7773.9502,277.2,2.0,301.2,2.0,0.0,0.0,0.0,0.0,-0.9909,0.0002,-0.1543,0.3472,-1.5334
2026-10-06T01:01:52Z,2026-10-06 01:01:25,SPXW,2026-10-13,C,8100.0,7773.9502,0.2,87.0,0.25,92.0,0.25,22.0,72.0,0.1087,0.0073,0.0002,-0.1319,0.2882,0.0104
2026-10-06T01:01:52Z,2026-10-06 01:01:25,SPXW,2026-10-13,P,8100.0,7773.9502,302.1,2.0,326.1,2.0,316.4,0.0,1.0,0.0,-0.9926,0.0002,-0.1319,0.2882,-1.5407
2026-10-06T01:01:52Z,2026-10-06 01:01:25,SPXW,2026-10-13,C,8125.0,7773.9502,0.1,102.0,0.3,57.0,0.2,10.0,17.0,0.1135,0.006,0.0001,-0.1163,0.245,0.0086
2026-10-06T01:01:52Z,2026-10-06 01:01:25,SPXW,2026-10-13,P,8125.0,7773.9502,327.1,2.0,351.1,2.0,0.0,0.0,0.0,0.0,-0.9938,0.0001,-0.1165,0.2454,-1.5472
2026-10-06T01:01:52Z,2026-10-06 01:01:25,SPXW,2026-10-13,C,8150.0,7773.9502,0.15,65.0,0.25,104.0,0.7,0.0,2.0,0.1206,0.0052,0.0001,-0.1051,0.2129,0.0074
2026-10-06T01:01:52Z,2026-10-06 01:01:25,SPXW,2026-10-13,P,8150.0,7773.9502,352.0,2.0,376.0,2.0,0.0,0.0,0.0,0.0,-0.9947,0.0001,-0.1051,0.2131,-1.5533
2026-10-06T01:01:52Z,2026-10-06 01:01:25,SPXW,2026-10-13,C,8175.0,7773.9502,0.1,58.0,0.25,56.0,0.0,0.0,0.0,0.126,0.0045,0.0001,-0.0963,0.1876,0.0064
2026-10-06T01:01:52Z,2026-10-06 01:01:25,SPXW,2026-10-13,P,8175.0,7773.9502,377.0,2.0,401.0,2.0,0.0,0.0,0.0,0.0,-0.9954,0.0001,-0.0963,0.1876,-1.559
2026-10-06T01:01:52Z,2026-10-06 01:01:25,SPXW,2026-10-13,C,8200.0,7773.9502,0.1,57.0,0.25,66.0,0.15,4.0,90.0,0.1332,0.004,0.0001,-0.0889,0.1664,0.0056
2026-10-06T01:01:52Z,2026-10-06 01:01:25,SPXW,2026-10-13,P,8200.0,7773.9502,402.0,2.0,426.0,2.0,0.0,0.0,0.0,0.0,-0.9959,0.0001,-0.0891,0.1669,-1.5646
2026-10-06T01:01:52Z,2026-10-06 01:01:25,SPXW,2026-10-13,C,8225.0,7773.9502,0.1,211.0,0.2,103.0,0.4,0.0,2.0,0.1381,0.0035,0.0001,-0.0828,0.1493,0.005
2026-10-06T01:01:52Z,2026-10-06 01:01:25,SPXW,2026-10-13,P,8225.0,7773.9502,426.9,2.0,450.9,2.0,0.0,0.0,0.0,0.0,-0.9964,0.0001,-0.083,0.1497,-1.57
2026-10-06T01:01:52Z,2026-10-06 01:01:25,SPXW,2026-10-13,C,8250.0,7773.9502,0.1,179.0,0.2,112.0,0.5,0.0,3.0,0.1449,0.0032,0.0001,-0.0776,0.1349,0.0045
2026-10-06T01:01:52Z,2026-10-06 01:01:25,SPXW,2026-10-13,P,8250.0,7773.9502,451.9,2.0,475.9,2.0,0.0,0.0,0.0,0.0,-0.9967,0.0001,-0.0778,0.1352,-1.5753
2026-10-06T01:01:52Z,2026-10-06 01:01:25,SPXW,2026-10-13,C,8275.0,7773.9502,0.1,174.0,0.2,122.0,0.15,85.0,0.0,0.1517,0.0028,0.0,-0.0731,0.1225,0.004
2026-10-06T01:01:52Z,2026-10-06 01:01:25,SPXW,2026-10-13,P,8275.0,7773.9502,476.9,2.0,500.9,2.0,0.0,0.0,0.0,0.0,-0.997,0.0,-0.0732,0.1228,-1.5806
2026-10-06T01:01:52Z,2026-10-06 01:01:25,SPXW,2026-10-13,C,8300.0,7773.9502,0.05,171.0,0.2,65.0,0.1,1.0,56.0,0.1557,0.0026,0.0,-0.069,0.1118,0.0037
2026-10-06T01:01:52Z,2026-10-06 01:01:25,SPXW,2026-10-13,P,8300.0,7773.9502,501.9,2.0,525.9,2.0,0.0,0.0,0.0,0.0,-0.9973,0.0,-0.0691,0.112,-1.5857
2026-10-06T01:01:52Z,2026-10-06 01:01:25,SPXW,2026-10-13,C,8400.0,7773.9502,0.05,100.0,0.15,100.0,0.1,3.0,17.0,0.1818,0.0018,0.0,-0.056,0.0803,0.0026
2026-10-06T01:01:52Z,2026-10-06 01:01:25,SPXW,2026-10-13,P,8400.0,7773.9502,601.8,2.0,625.8,2.0,0.0,0.0,0.0,0.0,-0.9981,0.0,-0.0561,0.0804,-1.606
2026-10-06T01:01:52Z,2026-10-06 01:01:25,SPXW,2026-10-13,C,8500.0,7773.9502,0.0,0.0,0.15,83.0,0.0,0.0,0.0,0.1983,0.0014,0.0,-0.0465,0.06,0.0019
2026-10-06T01:01:52Z,2026-10-06 01:01:25,SPXW,2026-10-13,P,8500.0,7773.9502,701.7,2.0,725.7,2.0,0.0,0.0,0.0,0.0,-0.9985,0.0,-0.0466,0.0601,-1.6258
