fetched_utc,quote_utc,root,expiry,type,strike,spot,bid,bid_size,ask,ask_size,last,volume,open_interest,iv,delta,gamma,theta,vega,rho
2026-09-03T17:05:53Z,2026-09-03 17:05:30,SPXW,2026-09-03,C,6975.0,7747.25,762.6,1.0,780.4,1.0,0.0,0.0,0.0,0.0,0.9996,0.0,-0.025,0.0022,0.0
2026-09-03T17:05:53Z,2026-09-03 17:05:30,SPXW,2026-09-03,P,6975.0,7747.25,0.0,0.0,0.05,1984.0,0.07,0.0,1516.0,1.6658,-0.0004,0.0,-0.025,0.0022,0.0
2026-09-03T17:05:53Z,2026-09-03 17:05:30,SPXW,2026-09-03,C,7000.0,7747.25,737.1,1.0,755.4,1.0,716.11,1.0,2.0,0.0,0.9996,0.0,-0.025,0.0022,0.0
2026-09-03T17:05:53Z,2026-09-03 17:05:30,SPXW,2026-09-03,P,7000.0,7747.25,0.0,0.0,0.05,2200.0,0.05,0.0,840.0,1.6128,-0.0004,0.0,-0.025,0.0022,0.0
2026-09-03T17:05:53Z,2026-09-03 17:05:30,SPXW,2026-09-03,C,7020.0,7747.25,717.6,1.0,735.5,1.0,0.0,0.0,0.0,0.0,0.9996,0.0,-0.025,0.0023,0.0
2026-09-03T17:05:53Z,2026-09-03 17:05:30,SPXW,2026-09-03,P,7020.0,7747.25,0.0,0.0,0.05,1871.0,0.1,0.0,1.0,1.5705,-0.0004,0.0,-0.025,0.0023,0.0
2026-09-03T17:05:53Z,2026-09-03 17:05:30,SPXW,2026-09-03,C,7025.0,7747.25,712.6,1.0,730.5,1.0,0.0,0.0,0.0,0.0,0.9996,0.0,-0.025,0.0023,0.0
2026-09-03T17:05:53Z,2026-09-03 17:05:30,SPXW,2026-09-03,P,7025.0,7747.25,0.0,0.0,0.05,2075.0,0.1,0.0,438.0,1.56,-0.0004,0.0,-0.025,0.0023,0.0
2026-09-03T17:05:53Z,2026-09-03 17:05:30,SPXW,2026-09-03,C,7030.0,7747.25,707.1,1.0,725.5,1.0,0.0,0.0,0.0,0.0,0.9995,0.0,-0.025,0.0023,0.0
2026-09-03T17:05:53Z,2026-09-03 17:05:30,SPXW,2026-09-03,P,7030.0,7747.25,0.0,0.0,0.05,1802.0,0.05,0.0,9.0,1.5494,-0.0005,0.0,-0.025,0.0023,0.0
2026-09-03T17:05:53Z,2026-09-03 17:05:30,SPXW,2026-09-03,C,7040.0,7747.25,697.0,1.0,715.6,1.0,0.0,0.0,0.0,0.0,0.9995,0.0,-0.025,0.0024,0.0
2026-09-03T17:05:53Z,2026-09-03 17:05:30,SPXW,2026-09-03,P,7040.0,7747.25,0.0,0.0,0.05,1767.0,0.1,0.0,85.0,1.5283,-0.0005,0.0,-0.025,0.0024,0.0
2026-09-03T17:05:53Z,2026-09-03 17:05:30,SPXW,2026-09-03,C,7050.0,7747.25,687.5,1.0,705.5,1.0,765.55,0.0,0.0,0.0,0.9995,0.0,-0.025,0.0024,0.0
2026-09-03T17:05:53Z,2026-09-03 17:05:30,SPXW,2026-09-03,P,7050.0,7747.25,0.0,0.0,0.05,1955.0,0.03,2.0,213.0,1.5071,-0.0005,0.0,-0.025,0.0024,0.0
2026-09-03T17:05:53Z,2026-09-03 17:05:30,SPXW,2026-09-03,C,7060.0,7747.25,677.3,1.0,695.6,1.0,0.0,0.0,0.0,0.0,0.9995,0.0,-0.025,0.0024,0.0
2026-09-03T17:05:53Z,2026-09-03 17:05:30,SPXW,2026-09-03,P,7060.0,7747.25,0.0,0.0,0.05,1830.0,0.1,0.0,17.0,1.486,-0.0005,0.0,-0.025,0.0024,0.0
2026-09-03T17:05:53Z,2026-09-03 17:05:30,SPXW,2026-09-03,C,7070.0,7747.25,667.5,1.0,684.2,1.0,0.0,0.0,0.0,0.0,0.9995,0.0,-0.025,0.0024,0.0
2026-09-03T17:05:53Z,2026-09-03 17:05:30,SPXW,2026-09-03,P,7070.0,7747.25,0.0,0.0,0.05,1819.0,0.0,0.0,0.0,1.4649,-0.0005,0.0,-0.025,0.0024,0.0
2026-09-03T17:05:53Z,2026-09-03 17:05:30,SPXW,2026-09-03,C,7075.0,7747.25,662.6,1.0,680.4,1.0,0.0,0.0,0.0,0.0,0.9995,0.0,-0.025,0.0025,0.0
2026-09-03T17:05:53Z,2026-09-03 17:05:30,SPXW,2026-09-03,P,7075.0,7747.25,0.0,0.0,0.05,1488.0,0.05,301.0,355.0,1.4544,-0.0005,0.0,-0.025,0.0025,0.0
2026-09-03T17:05:53Z,2026-09-03 17:05:30,SPXW,2026-09-03,C,7080.0,7747.25,657.3,1.0,675.6,1.0,0.0,0.0,0.0,0.0,0.9995,0.0,-0.025,0.0025,0.0
2026-09-03T17:05:53Z,2026-09-03 17:05:30,SPXW,2026-09-03,P,7080.0,7747.25,0.0,0.0,0.05,1810.0,0.05,0.0,9.0,1.4438,-0.0005,0.0,-0.025,0.0025,0.0
2026-09-03T17:05:53Z,2026-09-03 17:05:30,SPXW,2026-09-03,C,7090.0,7747.25,647.3,1.0,665.6,1.0,0.0,0.0,0.0,0.0,0.9995,0.0,-0.025,0.0025,0.0
2026-09-03T17:05:53Z,2026-09-03 17:05:30,SPXW,2026-09-03,P,7090.0,7747.25,0.0,0.0,0.05,1813.0,0.03,198.0,201.0,1.4223,-0.0005,0.0,-0.025,0.0025,0.0
2026-09-03T17:05:53Z,2026-09-03 17:05:30,SPXW,2026-09-03,C,7100.0,7747.25,637.8,1.0,655.5,1.0,616.11,1.0,8.0,0.0,0.9995,0.0,-0.025,0.0026,0.0
2026-09-03T17:05:53Z,2026-09-03 17:05:30,SPXW,2026-09-03,P,7100.0,7747.25,0.0,0.0,0.05,2114.0,0.05,517.0,1903.0,1.4013,-0.0005,0.0,-0.025,0.0026,0.0
2026-09-03T17:05:53Z,2026-09-03 17:05:30,SPXW,2026-09-03,C,7110.0,7747.25,627.5,1.0,645.5,1.0,0.0,0.0,0.0,0.0,0.9995,0.0,-0.025,0.0026,0.0
2026-09-03T17:05:53Z,2026-09-03 17:05:30,SPXW,2026-09-03,P,7110.0,7747.25,0.0,0.0,0.05,1857.0,0.15,0.0,391.0,1.3802,-0.0005,0.0,-0.025,0.0026,0.0
2026-09-03T17:05:53Z,2026-09-03 17:05:30,SPXW,2026-09-03,C,7120.0,7747.25,617.5,1.0,635.5,1.0,0.0,0.0,0.0,0.0,0.9995,0.0,-0.025,0.0026,0.0
2026-09-03T17:05:53Z,2026-09-03 17:05:30,SPXW,2026-09-03,P,7120.0,7747.25,0.0,0.0,0.05,1825.0,0.05,2.0,8.0,1.3592,-0.0005,0.0,-0.025,0.0026,0.0
2026-09-03T17:05:53Z,2026-09-03 17:05:30,SPXW,2026-09-03,C,7125.0,7747.25,621.5,10.0,622.8,10.0,554.37,0.0,8.0,1.3187,0.9995,0.0,-0.025,0.0026,0.0
2026-09-03T17:05:53Z,2026-09-03 17:05:30,SPXW,2026-09-03,P,7125.0,7747.25,0.0,0.0,0.05,1932.0,0.1,0.0,308.0,1.3486,-0.0005,0.0,-0.025,0.0026,0.0
2026-09-03T17:05:53Z,2026-09-03 17:05:30,SPXW,2026-09-03,C,7130.0,7747.25,616.5,10.0,617.8,10.0,0.0,0.0,0.0,1.3084,0.9995,0.0,-0.025,0.0027,0.0
2026-09-03T17:05:53Z,2026-09-03 17:05:30,SPXW,2026-09-03,P,7130.0,7747.25,0.0,0.0,0.05,1798.0,0.32,0.0,14.0,1.3381,-0.0005,0.0,-0.025,0.0027,0.0
2026-09-03T17:05:53Z,2026-09-03 17:05:30,SPXW,2026-09-03,C,7140.0,7747.25,606.5,10.0,607.8,10.0,0.0,0.0,0.0,1.2878,0.9995,0.0,-0.025,0.0027,0.0
2026-09-03T17:05:53Z,2026-09-03 17:05:30,SPXW,2026-09-03,P,7140.0,7747.25,0.0,0.0,0.05,2125.0,0.05,0.0,205.0,1.3171,-0.0005,0.0,-0.025,0.0027,0.0
2026-09-03T17:05:53Z,2026-09-03 17:05:30,SPXW,2026-09-03,C,7150.0,7747.25,596.5,10.0,597.8,10.0,562.39,0.0,3.0,1.2672,0.9995,0.0,-0.025,0.0027,0.0
2026-09-03T17:05:53Z,2026-09-03 17:05:30,SPXW,2026-09-03,P,7150.0,7747.25,0.0,0.0,0.05,2211.0,0.03,80.0,582.0,1.2961,-0.0005,0.0,-0.025,0.0027,0.0
2026-09-03T17:05:53Z,2026-09-03 17:05:30,SPXW,2026-09-03,C,7160.0,7747.25,586.5,10.0,587.8,10.0,0.0,0.0,0.0,1.2466,0.9995,0.0,-0.025,0.0028,0.0
2026-09-03T17:05:53Z,2026-09-03 17:05:30,SPXW,2026-09-03,P,7160.0,7747.25,0.0,0.0,0.05,2038.0,0.1,0.0,357.0,1.2751,-0.0005,0.0,-0.025,0.0028,0.0
2026-09-03T17:05:53Z,2026-09-03 17:05:30,SPXW,2026-09-03,C,7170.0,7747.25,576.5,10.0,577.8,10.0,0.0,0.0,0.0,1.226,0.9994,0.0,-0.025,0.0028,0.0
2026-09-03T17:05:53Z,2026-09-03 17:05:30,SPXW,2026-09-03,P,7170.0,7747.25,0.0,0.0,0.05,2062.0,0.07,0.0,53.0,1.2546,-0.0006,0.0,-0.025,0.0028,0.0
2026-09-03T17:05:53Z,2026-09-03 17:05:30,SPXW,2026-09-03,C,7175.0,7747.25,571.5,10.0,572.8,10.0,515.92,0.0,17.0,1.2158,0.9994,0.0,-0.025,0.0028,0.0
2026-09-03T17:05:53Z,2026-09-03 17:05:30,SPXW,2026-09-03,P,7175.0,7747.25,0.0,0.0,0.05,2069.0,0.1,0.0,357.0,1.2441,-0.0006,0.0,-0.025,0.0028,0.0
2026-09-03T17:05:53Z,2026-09-03 17:05:30,SPXW,2026-09-03,C,7180.0,7747.25,566.5,10.0,567.8,10.0,0.0,0.0,0.0,1.2055,0.9994,0.0,-0.025,0.0029,0.0
2026-09-03T17:05:53Z,2026-09-03 17:05:30,SPXW,2026-09-03,P,7180.0,7747.25,0.0,0.0,0.05,1937.0,0.1,0.0,250.0,1.2336,-0.0006,0.0,-0.025,0.0029,0.0
2026-09-03T17:05:53Z,2026-09-03 17:05:30,SPXW,2026-09-03,C,7185.0,7747.25,561.5,10.0,562.8,10.0,0.0,0.0,0.0,1.1952,0.9994,0.0,-0.025,0.0029,0.0
2026-09-03T17:05:53Z,2026-09-03 17:05:30,SPXW,2026-09-03,P,7185.0,7747.25,0.0,0.0,0.05,1927.0,0.1,0.0,516.0,1.2231,-0.0006,0.0,-0.025,0.0029,0.0
2026-09-03T17:05:53Z,2026-09-03 17:05:30,SPXW,2026-09-03,C,7190.0,7747.25,556.5,10.0,557.8,10.0,0.0,0.0,0.0,1.1849,0.9994,0.0,-0.025,0.0029,0.0
2026-09-03T17:05:53Z,2026-09-03 17:05:30,SPXW,2026-09-03,P,7190.0,7747.25,0.0,0.0,0.05,1701.0,0.1,0.0,673.0,1.2126,-0.0006,0.0,-0.025,0.0029,0.0
2026-09-03T17:05:53Z,2026-09-03 17:05:30,SPXW,2026-09-03,C,7195.0,7747.25,551.5,10.0,552.8,10.0,0.0,0.0,0.0,1.1746,0.9994,0.0,-0.025,0.0029,0.0
2026-09-03T17:05:53Z,2026-09-03 17:05:30,SPXW,2026-09-03,P,7195.0,7747.25,0.0,0.0,0.05,1656.0,0.1,0.0,437.0,1.2021,-0.0006,0.0,-0.025,0.0029,0.0
2026-09-03T17:05:53Z,2026-09-03 17:05:30,SPXW,2026-09-03,C,7200.0,7747.25,546.5,10.0,547.8,10.0,478.82,0.0,22.0,1.1643,0.9994,0.0,-0.025,0.003,0.0
2026-09-03T17:05:53Z,2026-09-03 17:05:30,SPXW,2026-09-03,P,7200.0,7747.25,0.0,0.0,0.05,1846.0,0.02,1.0,2072.0,1.1916,-0.0006,0.0,-0.025,0.003,0.0
2026-09-03T17:05:53Z,2026-09-03 17:05:30,SPXW,2026-09-03,C,7205.0,7747.25,541.5,10.0,542.8,10.0,0.0,0.0,0.0,1.1541,0.9994,0.0,-0.025,0.003,0.0
2026-09-03T17:05:53Z,2026-09-03 17:05:30,SPXW,2026-09-03,P,7205.0,7747.25,0.0,0.0,0.05,741.0,0.0,0.0,0.0,1.1811,-0.0006,0.0,-0.025,0.003,0.0
2026-09-03T17:05:53Z,2026-09-03 17:05:30,SPXW,2026-09-03,C,7210.0,7747.25,536.5,10.0,537.8,10.0,501.13,2.0,2.0,1.1438,0.9994,0.0,-0.025,0.003,0.0
2026-09-03T17:05:53Z,2026-09-03 17:05:30,SPXW,2026-09-03,P,7210.0,7747.25,0.0,0.0,0.05,586.0,0.1,0.0,329.0,1.1706,-0.0006,0.0,-0.025,0.003,0.0
2026-09-03T17:05:53Z,2026-09-03 17:05:30,SPXW,2026-09-03,C,7215.0,7747.25,531.5,10.0,532.8,10.0,488.44,1.0,0.0,1.1335,0.9994,0.0,-0.025,0.003,0.0
2026-09-03T17:05:53Z,2026-09-03 17:05:30,SPXW,2026-09-03,P,7215.0,7747.25,0.0,0.0,0.05,583.0,0.0,0.0,0.0,1.1601,-0.0006,0.0,-0.025,0.003,0.0
2026-09-03T17:05:53Z,2026-09-03 17:05:30,SPXW,2026-09-03,C,7220.0,7747.25,526.5,10.0,527.8,10.0,488.53,1.0,0.0,1.1232,0.9994,0.0,-0.025,0.0031,0.0
2026-09-03T17:05:53Z,2026-09-03 17:05:30,SPXW,2026-09-03,P,7220.0,7747.25,0.0,0.0,0.05,589.0,0.05,0.0,224.0,1.1496,-0.0006,0.0,-0.025,0.0031,0.0
2026-09-03T17:05:53Z,2026-09-03 17:05:30,SPXW,2026-09-03,C,7225.0,7747.25,521.5,10.0,522.8,10.0,477.88,2.0,6.0,1.113,0.9994,0.0,-0.025,0.0031,0.0
2026-09-03T17:05:53Z,2026-09-03 17:05:30,SPXW,2026-09-03,P,7225.0,7747.25,0.0,0.0,0.05,729.0,0.05,0.0,257.0,1.1392,-0.0006,0.0,-0.025,0.0031,0.0
2026-09-03T17:05:53Z,2026-09-03 17:05:30,SPXW,2026-09-03,C,7230.0,7747.25,516.5,10.0,517.8,10.0,478.08,2.0,0.0,1.1027,0.9994,0.0,-0.025,0.0031,0.0
2026-09-03T17:05:53Z,2026-09-03 17:05:30,SPXW,2026-09-03,P,7230.0,7747.25,0.0,0.0,0.05,555.0,0.05,1.0,72.0,1.1287,-0.0006,0.0,-0.025,0.0031,0.0
2026-09-03T17:05:53Z,2026-09-03 17:05:30,SPXW,2026-09-03,C,7235.0,7747.25,511.5,10.0,512.8,10.0,468.42,1.0,0.0,1.0924,0.9994,0.0,-0.025,0.0031,0.0
2026-09-03T17:05:53Z,2026-09-03 17:05:30,SPXW,2026-09-03,P,7235.0,7747.25,0.0,0.0,0.05,495.0,0.05,0.0,228.0,1.1182,-0.0006,0.0,-0.025,0.0031,0.0
2026-09-03T17:05:53Z,2026-09-03 17:05:30,SPXW,2026-09-03,C,7240.0,7747.25,506.5,10.0,507.8,10.0,468.53,1.0,0.0,1.0822,0.9994,0.0,-0.025,0.0032,0.0
2026-09-03T17:05:53Z,2026-09-03 17:05:30,SPXW,2026-09-03,P,7240.0,7747.25,0.0,0.0,0.05,481.0,0.07,0.0,162.0,1.1077,-0.0006,0.0,-0.025,0.0032,0.0
2026-09-03T17:05:53Z,2026-09-03 17:05:30,SPXW,2026-09-03,C,7245.0,7747.25,501.5,10.0,502.8,10.0,0.0,0.0,0.0,1.0719,0.9994,0.0,-0.025,0.0032,0.0
2026-09-03T17:05:53Z,2026-09-03 17:05:30,SPXW,2026-09-03,P,7245.0,7747.25,0.0,0.0,0.05,475.0,0.05,0.0,52.0,1.0972,-0.0006,0.0,-0.025,0.0032,0.0
2026-09-03T17:05:53Z,2026-09-03 17:05:30,SPXW,2026-09-03,C,7250.0,7747.25,496.5,10.0,497.8,10.0,417.72,0.0,18.0,1.0616,0.9994,0.0,-0.025,0.0032,0.0
2026-09-03T17:05:53Z,2026-09-03 17:05:30,SPXW,2026-09-03,P,7250.0,7747.25,0.0,0.0,0.05,595.0,0.05,11.0,455.0,1.0868,-0.0006,0.0,-0.025,0.0032,0.0
2026-09-03T17:05:53Z,2026-09-03 17:05:30,SPXW,2026-09-03,C,7255.0,7747.25,491.5,10.0,492.8,10.0,0.0,0.0,0.0,1.0514,0.9994,0.0,-0.025,0.0032,0.0
2026-09-03T17:05:53Z,2026-09-03 17:05:30,SPXW,2026-09-03,P,7255.0,7747.25,0.0,0.0,0.05,457.0,0.05,0.0,48.0,1.0763,-0.0006,0.0,-0.025,0.0032,0.0
2026-09-03T17:05:53Z,2026-09-03 17:05:30,SPXW,2026-09-03,C,7260.0,7747.25,486.5,10.0,487.8,10.0,0.0,0.0,0.0,1.0411,0.9994,0.0,-0.025,0.0033,0.0
2026-09-03T17:05:53Z,2026-09-03 17:05:30,SPXW,2026-09-03,P,7260.0,7747.25,0.0,0.0,0.05,445.0,0.05,0.0,68.0,1.0658,-0.0006,0.0,-0.025,0.0033,0.0
2026-09-03T17:05:53Z,2026-09-03 17:05:30,SPXW,2026-09-03,C,7265.0,7747.25,481.5,10.0,482.8,10.0,0.0,0.0,0.0,1.0308,0.9994,0.0,-0.025,0.0033,0.0
2026-09-03T17:05:53Z,2026-09-03 17:05:30,SPXW,2026-09-03,P,7265.0,7747.25,0.0,0.0,0.05,466.0,0.05,0.0,112.0,1.0553,-0.0006,0.0,-0.025,0.0033,0.0
2026-09-03T17:05:53Z,2026-09-03 17:05:30,SPXW,2026-09-03,C,7270.0,7747.25,476.5,10.0,477.8,10.0,0.0,0.0,0.0,1.0206,0.9994,0.0,-0.025,0.0033,0.0
2026-09-03T17:05:53Z,2026-09-03 17:05:30,SPXW,2026-09-03,P,7270.0,7747.25,0.0,0.0,0.05,521.0,0.05,5.0,121.0,1.0448,-0.0006,0.0,-0.025,0.0033,0.0
2026-09-03T17:05:53Z,2026-09-03 17:05:30,SPXW,2026-09-03,C,7275.0,7747.25,471.5,10.0,472.8,10.0,458.0,1.0,30.0,1.0103,0.9993,0.0,-0.025,0.0034,0.0
2026-09-03T17:05:53Z,2026-09-03 17:05:30,SPXW,2026-09-03,P,7275.0,7747.25,0.0,0.0,0.05,534.0,0.05,0.0,537.0,1.0344,-0.0007,0.0,-0.025,0.0034,0.0
2026-09-03T17:05:53Z,2026-09-03 17:05:30,SPXW,2026-09-03,C,7280.0,7747.25,466.5,10.0,467.8,10.0,0.0,0.0,0.0,1.0,0.9993,0.0,-0.025,0.0034,0.0
2026-09-03T17:05:53Z,2026-09-03 17:05:30,SPXW,2026-09-03,P,7280.0,7747.25,0.0,0.0,0.05,423.0,0.05,5.0,175.0,1.0239,-0.0007,0.0,-0.025,0.0034,0.0
2026-09-03T17:05:53Z,2026-09-03 17:05:30,SPXW,2026-09-03,C,7285.0,7747.25,461.5,10.0,462.8,10.0,0.0,0.0,0.0,0.9898,0.9993,0.0,-0.025,0.0034,0.0
2026-09-03T17:05:53Z,2026-09-03 17:05:30,SPXW,2026-09-03,P,7285.0,7747.25,0.0,0.0,0.05,432.0,0.03,2.0,123.0,1.0134,-0.0007,0.0,-0.025,0.0034,0.0
2026-09-03T17:05:53Z,2026-09-03 17:05:30,SPXW,2026-09-03,C,7290.0,7747.25,456.5,10.0,457.8,10.0,0.0,0.0,0.0,0.9795,0.9993,0.0,-0.025,0.0034,0.0
2026-09-03T17:05:53Z,2026-09-03 17:05:30,SPXW,2026-09-03,P,7290.0,7747.25,0.0,0.0,0.05,418.0,0.03,2.0,267.0,1.0029,-0.0007,0.0,-0.025,0.0034,0.0
2026-09-03T17:05:53Z,2026-09-03 17:05:30,SPXW,2026-09-03,C,7295.0,7747.25,451.5,10.0,452.8,10.0,0.0,0.0,0.0,0.9692,0.9993,0.0,-0.025,0.0035,0.0
2026-09-03T17:05:53Z,2026-09-03 17:05:30,SPXW,2026-09-03,P,7295.0,7747.25,0.0,0.0,0.05,297.0,0.05,200.0,65.0,0.9924,-0.0007,0.0,-0.025,0.0035,0.0
2026-09-03T17:05:53Z,2026-09-03 17:05:30,SPXW,2026-09-03,C,7300.0,7747.25,446.5,10.0,447.8,10.0,331.29,0.0,9.0,0.959,0.9993,0.0,-0.025,0.0035,0.0
2026-09-03T17:05:53Z,2026-09-03 17:05:30,SPXW,2026-09-03,P,7300.0,7747.25,0.0,0.0,0.05,398.0,0.03,565.0,1428.0,0.982,-0.0007,0.0,-0.025,0.0035,0.0
2026-09-03T17:05:53Z,2026-09-03 17:05:30,SPXW,2026-09-03,C,7305.0,7747.25,441.5,10.0,442.8,10.0,0.0,0.0,0.0,0.9487,0.9993,0.0,-0.025,0.0036,0.0
2026-09-03T17:05:53Z,2026-09-03 17:05:30,SPXW,2026-09-03,P,7305.0,7747.25,0.0,0.0,0.05,393.0,0.05,128.0,99.0,0.9715,-0.0007,0.0,-0.025,0.0036,0.0
2026-09-03T17:05:53Z,2026-09-03 17:05:30,SPXW,2026-09-03,C,7310.0,7747.25,436.5,10.0,437.8,10.0,318.48,0.0,1.0,0.9385,0.9993,0.0,-0.025,0.0036,0.0
2026-09-03T17:05:53Z,2026-09-03 17:05:30,SPXW,2026-09-03,P,7310.0,7747.25,0.0,0.0,0.05,300.0,0.02,93.0,432.0,0.961,-0.0007,0.0,-0.025,0.0036,0.0
2026-09-03T17:05:53Z,2026-09-03 17:05:30,SPXW,2026-09-03,C,7315.0,7747.25,431.5,10.0,432.8,10.0,0.0,0.0,0.0,0.9282,0.9993,0.0,-0.025,0.0036,0.0
2026-09-03T17:05:53Z,2026-09-03 17:05:30,SPXW,2026-09-03,P,7315.0,7747.25,0.0,0.0,0.05,294.0,0.05,161.0,114.0,0.9505,-0.0007,0.0,-0.025,0.0036,0.0
2026-09-03T17:05:53Z,2026-09-03 17:05:30,SPXW,2026-09-03,C,7320.0,7747.25,426.5,10.0,427.8,10.0,468.37,0.0,3.0,0.9179,0.9993,0.0,-0.025,0.0037,0.0
2026-09-03T17:05:53Z,2026-09-03 17:05:30,SPXW,2026-09-03,P,7320.0,7747.25,0.0,0.0,0.05,213.0,0.05,150.0,347.0,0.9401,-0.0007,0.0,-0.025,0.0037,0.0
2026-09-03T17:05:53Z,2026-09-03 17:05:30,SPXW,2026-09-03,C,7325.0,7747.25,421.5,10.0,422.8,10.0,324.9,0.0,6.0,0.9077,0.9993,0.0,-0.025,0.0037,0.0
2026-09-03T17:05:53Z,2026-09-03 17:05:30,SPXW,2026-09-03,P,7325.0,7747.25,0.0,0.0,0.05,216.0,0.05,228.0,3671.0,0.9296,-0.0007,0.0,-0.025,0.0037,0.0
2026-09-03T17:05:53Z,2026-09-03 17:05:30,SPXW,2026-09-03,C,7330.0,7747.25,416.5,10.0,417.8,10.0,0.0,0.0,0.0,0.8974,0.9993,0.0,-0.025,0.0037,0.0
2026-09-03T17:05:53Z,2026-09-03 17:05:30,SPXW,2026-09-03,P,7330.0,7747.25,0.0,0.0,0.05,38.0,0.05,218.0,196.0,0.9191,-0.0007,0.0,-0.025,0.0037,0.0
2026-09-03T17:05:53Z,2026-09-03 17:05:30,SPXW,2026-09-03,C,7335.0,7747.25,411.5,10.0,412.8,10.0,0.0,0.0,0.0,0.8871,0.9993,0.0,-0.025,0.0038,0.0
2026-09-03T17:05:53Z,2026-09-03 17:05:30,SPXW,2026-09-03,P,7335.0,7747.25,0.0,0.0,0.05,33.0,0.03,75.0,1092.0,0.9086,-0.0007,0.0,-0.025,0.0038,0.0
2026-09-03T17:05:53Z,2026-09-03 17:05:30,SPXW,2026-09-03,C,7340.0,7747.25,406.5,10.0,407.8,10.0,336.56,0.0,31.0,0.8769,0.9992,0.0,-0.025,0.0038,0.0
2026-09-03T17:05:53Z,2026-09-03 17:05:30,SPXW,2026-09-03,P,7340.0,7747.25,0.0,0.0,0.05,32.0,0.03,258.0,492.0,0.8981,-0.0008,0.0,-0.025,0.0038,0.0
2026-09-03T17:05:53Z,2026-09-03 17:05:30,SPXW,2026-09-03,C,7345.0,7747.25,401.5,10.0,402.8,10.0,0.0,0.0,0.0,0.8666,0.9986,0.0,-0.05,0.0066,0.0
2026-09-03T17:05:53Z,2026-09-03 17:05:30,SPXW,2026-09-03,P,7345.0,7747.25,0.0,0.0,0.1,847.0,0.05,109.0,4025.0,0.9389,-0.0014,0.0,-0.05,0.0066,0.0
2026-09-03T17:05:53Z,2026-09-03 17:05:30,SPXW,2026-09-03,C,7350.0,7747.25,396.5,10.0,397.8,10.0,381.74,3.0,40.0,0.8563,0.9986,0.0,-0.05,0.0066,0.0
2026-09-03T17:05:53Z,2026-09-03 17:05:30,SPXW,2026-09-03,P,7350.0,7747.25,0.0,0.0,0.1,844.0,0.05,1121.0,5456.0,0.9279,-0.0014,0.0,-0.05,0.0066,0.0
2026-09-03T17:05:53Z,2026-09-03 17:05:30,SPXW,2026-09-03,C,7355.0,7747.25,391.5,10.0,392.8,10.0,0.0,0.0,0.0,0.8461,0.9986,0.0,-0.05,0.0067,0.0
2026-09-03T17:05:53Z,2026-09-03 17:05:30,SPXW,2026-09-03,P,7355.0,7747.25,0.0,0.0,0.1,842.0,0.05,899.0,186.0,0.9169,-0.0014,0.0,-0.05,0.0067,0.0
2026-09-03T17:05:53Z,2026-09-03 17:05:30,SPXW,2026-09-03,C,7360.0,7747.25,386.5,10.0,387.7,10.0,380.75,6.0,17.0,0.0,0.9986,0.0,-0.05,0.0068,0.0
2026-09-03T17:05:53Z,2026-09-03 17:05:30,SPXW,2026-09-03,P,7360.0,7747.25,0.0,0.0,0.1,829.0,0.05,282.0,2122.0,0.9059,-0.0014,0.0,-0.05,0.0068,0.0
2026-09-03T17:05:53Z,2026-09-03 17:05:30,SPXW,2026-09-03,C,7365.0,7747.25,381.5,10.0,382.7,10.0,304.23,0.0,10.0,0.0,0.9986,0.0,-0.05,0.0069,0.0
2026-09-03T17:05:53Z,2026-09-03 17:05:30,SPXW,2026-09-03,P,7365.0,7747.25,0.0,0.0,0.1,831.0,0.05,1282.0,318.0,0.8949,-0.0014,0.0,-0.05,0.0069,0.0
2026-09-03T17:05:53Z,2026-09-03 17:05:30,SPXW,2026-09-03,C,7370.0,7747.25,376.5,10.0,377.7,10.0,365.67,2.0,3.0,0.0,0.9986,0.0,-0.05,0.0069,0.0
2026-09-03T17:05:53Z,2026-09-03 17:05:30,SPXW,2026-09-03,P,7370.0,7747.25,0.0,0.0,0.1,798.0,0.05,303.0,296.0,0.8839,-0.0014,0.0,-0.05,0.0069,0.0
2026-09-03T17:05:53Z,2026-09-03 17:05:30,SPXW,2026-09-03,C,7375.0,7747.25,371.5,10.0,372.7,10.0,0.0,0.0,0.0,0.0,0.9986,0.0,-0.05,0.007,0.0
2026-09-03T17:05:53Z,2026-09-03 17:05:30,SPXW,2026-09-03,P,7375.0,7747.25,0.0,0.0,0.1,795.0,0.05,406.0,3506.0,0.8729,-0.0014,0.0,-0.05,0.007,0.0
2026-09-03T17:05:53Z,2026-09-03 17:05:30,SPXW,2026-09-03,C,7380.0,7747.25,366.5,10.0,367.7,10.0,360.75,7.0,7.0,0.0,0.9985,0.0,-0.05,0.0071,0.0
2026-09-03T17:05:53Z,2026-09-03 17:05:30,SPXW,2026-09-03,P,7380.0,7747.25,0.0,0.0,0.1,821.0,0.05,249.0,281.0,0.8619,-0.0015,0.0,-0.05,0.0071,0.0
2026-09-03T17:05:53Z,2026-09-03 17:05:30,SPXW,2026-09-03,C,7385.0,7747.25,361.5,10.0,362.7,10.0,252.89,0.0,1.0,0.0,0.9985,0.0,-0.05,0.0072,0.0
2026-09-03T17:05:53Z,2026-09-03 17:05:30,SPXW,2026-09-03,P,7385.0,7747.25,0.0,0.0,0.1,828.0,0.05,470.0,267.0,0.8508,-0.0015,0.0,-0.05,0.0072,0.0
2026-09-03T17:05:53Z,2026-09-03 17:05:30,SPXW,2026-09-03,C,7390.0,7747.25,356.5,10.0,357.7,10.0,0.0,0.0,0.0,0.0,0.9985,0.0,-0.05,0.0073,0.0
2026-09-03T17:05:53Z,2026-09-03 17:05:30,SPXW,2026-09-03,P,7390.0,7747.25,0.0,0.0,0.1,817.0,0.05,796.0,485.0,0.8398,-0.0015,0.0,-0.05,0.0073,0.0
2026-09-03T17:05:53Z,2026-09-03 17:05:30,SPXW,2026-09-03,C,7395.0,7747.25,351.5,10.0,352.7,10.0,0.0,0.0,0.0,0.0,0.9985,0.0,-0.05,0.0074,0.0
2026-09-03T17:05:53Z,2026-09-03 17:05:30,SPXW,2026-09-03,P,7395.0,7747.25,0.0,0.0,0.1,869.0,0.05,621.0,215.0,0.8288,-0.0015,0.0,-0.05,0.0074,0.0
2026-09-03T17:05:53Z,2026-09-03 17:05:30,SPXW,2026-09-03,C,7400.0,7747.25,346.5,10.0,347.7,10.0,337.9,15.0,16.0,0.0,0.9985,0.0,-0.05,0.0074,0.0
2026-09-03T17:05:53Z,2026-09-03 17:05:30,SPXW,2026-09-03,P,7400.0,7747.25,0.0,0.0,0.05,268.0,0.05,1256.0,3493.0,0.8178,-0.0015,0.0,-0.05,0.0074,0.0
2026-09-03T17:05:53Z,2026-09-03 17:05:30,SPXW,2026-09-03,C,7405.0,7747.25,341.5,10.0,342.7,10.0,0.0,0.0,0.0,0.0,0.9984,0.0,-0.05,0.0075,0.0
2026-09-03T17:05:53Z,2026-09-03 17:05:30,SPXW,2026-09-03,P,7405.0,7747.25,0.0,0.0,0.1,827.0,0.05,714.0,94.0,0.8067,-0.0016,0.0,-0.05,0.0075,0.0
2026-09-03T17:05:53Z,2026-09-03 17:05:30,SPXW,2026-09-03,C,7410.0,7747.25,336.5,10.0,337.7,10.0,334.46,6.0,7.0,0.0,0.9984,0.0,-0.05,0.0076,0.0
2026-09-03T17:05:53Z,2026-09-03 17:05:30,SPXW,2026-09-03,P,7410.0,7747.25,0.0,0.0,0.1,789.0,0.1,667.0,362.0,0.7957,-0.0016,0.0,-0.05,0.0076,0.0
2026-09-03T17:05:53Z,2026-09-03 17:05:30,SPXW,2026-09-03,C,7415.0,7747.25,331.5,10.0,332.7,10.0,0.0,0.0,0.0,0.0,0.9984,0.0,-0.05,0.0077,0.0
2026-09-03T17:05:53Z,2026-09-03 17:05:30,SPXW,2026-09-03,P,7415.0,7747.25,0.0,0.0,0.1,852.0,0.05,558.0,1066.0,0.7847,-0.0016,0.0,-0.05,0.0077,0.0
2026-09-03T17:05:53Z,2026-09-03 17:05:30,SPXW,2026-09-03,C,7420.0,7747.25,326.5,10.0,327.7,10.0,324.34,4.0,5.0,0.0,0.9984,0.0,-0.05,0.0078,0.0
2026-09-03T17:05:53Z,2026-09-03 17:05:30,SPXW,2026-09-03,P,7420.0,7747.25,0.0,0.0,0.1,749.0,0.05,701.0,349.0,0.7736,-0.0016,0.0,-0.05,0.0078,0.0
2026-09-03T17:05:53Z,2026-09-03 17:05:30,SPXW,2026-09-03,C,7425.0,7747.25,321.5,10.0,322.7,10.0,319.72,7.0,26.0,0.0,0.9991,0.0,-0.025,0.0047,0.0
2026-09-03T17:05:53Z,2026-09-03 17:05:30,SPXW,2026-09-03,P,7425.0,7747.25,0.0,0.0,0.05,259.0,0.05,875.0,5734.0,0.7197,-0.0009,0.0,-0.025,0.0047,0.0
2026-09-03T17:05:53Z,2026-09-03 17:05:30,SPXW,2026-09-03,C,7430.0,7747.25,316.5,10.0,317.7,10.0,312.29,7.0,13.0,0.0,0.9983,0.0,-0.05,0.008,0.0
2026-09-03T17:05:53Z,2026-09-03 17:05:30,SPXW,2026-09-03,P,7430.0,7747.25,0.0,0.0,0.1,679.0,0.05,1468.0,410.0,0.7511,-0.0017,0.0,-0.05,0.008,0.0
2026-09-03T17:05:53Z,2026-09-03 17:05:30,SPXW,2026-09-03,C,7435.0,7747.25,311.5,10.0,312.7,10.0,285.52,4.0,4.0,0.0,0.9983,0.0,-0.05,0.0081,0.0
2026-09-03T17:05:53Z,2026-09-03 17:05:30,SPXW,2026-09-03,P,7435.0,7747.25,0.0,0.0,0.1,704.0,0.05,1120.0,5567.0,0.7404,-0.0017,0.0,-0.05,0.0081,0.0
2026-09-03T17:05:53Z,2026-09-03 17:05:30,SPXW,2026-09-03,C,7440.0,7747.25,306.5,10.0,307.7,10.0,301.88,8.0,59.0,0.0,0.9983,0.0,-0.05,0.0082,0.0
2026-09-03T17:05:53Z,2026-09-03 17:05:30,SPXW,2026-09-03,P,7440.0,7747.25,0.0,0.0,0.1,763.0,0.05,934.0,708.0,0.7294,-0.0017,0.0,-0.05,0.0082,0.0
2026-09-03T17:05:53Z,2026-09-03 17:05:30,SPXW,2026-09-03,C,7445.0,7747.25,301.5,10.0,302.7,10.0,274.63,0.0,9.0,0.0,0.9983,0.0,-0.05,0.0084,0.0
2026-09-03T17:05:53Z,2026-09-03 17:05:30,SPXW,2026-09-03,P,7445.0,7747.25,0.0,0.0,0.1,783.0,0.05,588.0,269.0,0.7183,-0.0017,0.0,-0.05,0.0084,0.0
2026-09-03T17:05:53Z,2026-09-03 17:05:30,SPXW,2026-09-03,C,7450.0,7747.25,296.5,10.0,297.7,10.0,251.48,2.0,54.0,0.0,0.9982,0.0,-0.05,0.0085,0.0
2026-09-03T17:05:53Z,2026-09-03 17:05:30,SPXW,2026-09-03,P,7450.0,7747.25,0.0,0.0,0.1,788.0,0.05,902.0,7071.0,0.7072,-0.0018,0.0,-0.05,0.0085,0.0
2026-09-03T17:05:53Z,2026-09-03 17:05:30,SPXW,2026-09-03,C,7455.0,7747.25,291.5,10.0,292.7,10.0,243.6,2.0,4.0,0.0,0.9975,0.0001,-0.075,0.0116,0.0
2026-09-03T17:05:53Z,2026-09-03 17:05:30,SPXW,2026-09-03,P,7455.0,7747.25,0.05,56.0,0.1,816.0,0.05,417.0,294.0,0.7224,-0.0025,0.0001,-0.075,0.0116,0.0
2026-09-03T17:05:53Z,2026-09-03 17:05:30,SPXW,2026-09-03,C,7460.0,7747.25,286.5,10.0,287.7,10.0,205.99,0.0,13.0,0.0,0.9975,0.0001,-0.075,0.0118,0.0
2026-09-03T17:05:53Z,2026-09-03 17:05:30,SPXW,2026-09-03,P,7460.0,7747.25,0.05,80.0,0.1,776.0,0.1,314.0,1674.0,0.711,-0.0025,0.0001,-0.075,0.0118,0.0
2026-09-03T17:05:53Z,2026-09-03 17:05:30,SPXW,2026-09-03,C,7465.0,7747.25,281.5,11.0,282.7,11.0,0.0,0.0,0.0,0.0,0.9974,0.0001,-0.075,0.012,0.0
2026-09-03T17:05:53Z,2026-09-03 17:05:30,SPXW,2026-09-03,P,7465.0,7747.25,0.05,121.0,0.1,728.0,0.05,376.0,360.0,0.6996,-0.0026,0.0001,-0.075,0.012,0.0
2026-09-03T17:05:53Z,2026-09-03 17:05:30,SPXW,2026-09-03,C,7470.0,7747.25,276.5,11.0,277.7,11.0,244.59,0.0,3.0,0.0,0.9974,0.0001,-0.075,0.0121,0.0
2026-09-03T17:05:53Z,2026-09-03 17:05:30,SPXW,2026-09-03,P,7470.0,7747.25,0.05,197.0,0.1,782.0,0.1,968.0,512.0,0.6881,-0.0026,0.0001,-0.075,0.0121,0.0
2026-09-03T17:05:53Z,2026-09-03 17:05:30,SPXW,2026-09-03,C,7475.0,7747.25,271.5,11.0,272.7,11.0,256.68,2.0,13.0,0.0,0.9974,0.0001,-0.075,0.0123,0.0
2026-09-03T17:05:53Z,2026-09-03 17:05:30,SPXW,2026-09-03,P,7475.0,7747.25,0.05,199.0,0.1,627.0,0.07,1209.0,5230.0,0.6766,-0.0026,0.0001,-0.075,0.0123,0.0
2026-09-03T17:05:53Z,2026-09-03 17:05:30,SPXW,2026-09-03,C,7480.0,7747.25,266.5,11.0,267.7,11.0,228.48,2.0,5.0,0.0,0.9973,0.0001,-0.075,0.0125,0.0
2026-09-03T17:05:53Z,2026-09-03 17:05:30,SPXW,2026-09-03,P,7480.0,7747.25,0.05,420.0,0.1,884.0,0.05,1995.0,651.0,0.6652,-0.0027,0.0001,-0.075,0.0125,0.0
2026-09-03T17:05:53Z,2026-09-03 17:05:30,SPXW,2026-09-03,C,7485.0,7747.25,261.5,11.0,262.7,11.0,210.66,2.0,0.0,0.0,0.9973,0.0001,-0.075,0.0127,0.0
2026-09-03T17:05:53Z,2026-09-03 17:05:30,SPXW,2026-09-03,P,7485.0,7747.25,0.05,523.0,0.1,746.0,0.07,290.0,666.0,0.6537,-0.0027,0.0001,-0.075,0.0127,0.0
2026-09-03T17:05:53Z,2026-09-03 17:05:30,SPXW,2026-09-03,C,7490.0,7747.25,256.5,11.0,257.7,11.0,177.11,0.0,10.0,0.0,0.9972,0.0001,-0.075,0.0129,0.0
2026-09-03T17:05:53Z,2026-09-03 17:05:30,SPXW,2026-09-03,P,7490.0,7747.25,0.05,959.0,0.1,795.0,0.07,267.0,4487.0,0.6422,-0.0028,0.0001,-0.075,0.0129,0.0
2026-09-03T17:05:53Z,2026-09-03 17:05:30,SPXW,2026-09-03,C,7495.0,7747.25,251.5,11.0,252.7,11.0,213.36,1.0,10.0,0.0,0.9972,0.0001,-0.075,0.0131,0.0
2026-09-03T17:05:53Z,2026-09-03 17:05:30,SPXW,2026-09-03,P,7495.0,7747.25,0.05,1009.0,0.1,819.0,0.07,428.0,513.0,0.6307,-0.0028,0.0001,-0.075,0.0131,0.0
2026-09-03T17:05:53Z,2026-09-03 17:05:30,SPXW,2026-09-03,C,7500.0,7747.25,246.5,11.0,247.7,11.0,246.88,9.0,106.0,0.0,0.9971,0.0001,-0.075,0.0133,0.0
2026-09-03T17:05:53Z,2026-09-03 17:05:30,SPXW,2026-09-03,P,7500.0,7747.25,0.05,1021.0,0.1,791.0,0.05,1070.0,6131.0,0.6192,-0.0029,0.0001,-0.075,0.0133,0.0
2026-09-03T17:05:53Z,2026-09-03 17:05:30,SPXW,2026-09-03,C,7505.0,7747.25,241.5,11.0,242.7,11.0,240.9,1.0,6.0,0.0,0.9971,0.0001,-0.075,0.0135,0.0
2026-09-03T17:05:53Z,2026-09-03 17:05:30,SPXW,2026-09-03,P,7505.0,7747.25,0.05,697.0,0.1,761.0,0.05,1356.0,1451.0,0.6076,-0.0029,0.0001,-0.075,0.0135,0.0
2026-09-03T17:05:53Z,2026-09-03 17:05:30,SPXW,2026-09-03,C,7510.0,7747.25,236.5,11.0,237.7,11.0,187.04,1.0,26.0,0.0,0.997,0.0001,-0.075,0.0138,0.0
2026-09-03T17:05:53Z,2026-09-03 17:05:30,SPXW,2026-09-03,P,7510.0,7747.25,0.05,848.0,0.1,646.0,0.1,1953.0,934.0,0.5961,-0.003,0.0001,-0.075,0.0138,0.0
2026-09-03T17:05:53Z,2026-09-03 17:05:30,SPXW,2026-09-03,C,7515.0,7747.25,231.5,11.0,232.7,11.0,230.8,2.0,4.0,0.0,0.997,0.0001,-0.075,0.014,0.0
2026-09-03T17:05:53Z,2026-09-03 17:05:30,SPXW,2026-09-03,P,7515.0,7747.25,0.05,887.0,0.1,465.0,0.07,1939.0,1241.0,0.5846,-0.003,0.0001,-0.075,0.014,0.0
2026-09-03T17:05:53Z,2026-09-03 17:05:30,SPXW,2026-09-03,C,7520.0,7747.25,226.5,11.0,227.7,11.0,190.41,2.0,18.0,0.0,0.9969,0.0001,-0.075,0.0143,0.0
2026-09-03T17:05:53Z,2026-09-03 17:05:30,SPXW,2026-09-03,P,7520.0,7747.25,0.05,933.0,0.1,490.0,0.05,3051.0,2867.0,0.573,-0.0031,0.0001,-0.075,0.0143,0.0
2026-09-03T17:05:53Z,2026-09-03 17:05:30,SPXW,2026-09-03,C,7525.0,7747.25,221.5,11.0,222.7,11.0,142.76,0.0,46.0,0.0,0.9969,0.0001,-0.075,0.0145,0.0
2026-09-03T17:05:53Z,2026-09-03 17:05:30,SPXW,2026-09-03,P,7525.0,7747.25,0.05,820.0,0.1,314.0,0.07,2780.0,2612.0,0.5614,-0.0031,0.0001,-0.075,0.0145,0.0
2026-09-03T17:05:53Z,2026-09-03 17:05:30,SPXW,2026-09-03,C,7530.0,7747.25,216.5,11.0,217.7,11.0,170.83,2.0,6.0,0.0,0.9968,0.0001,-0.075,0.0148,0.0
2026-09-03T17:05:53Z,2026-09-03 17:05:30,SPXW,2026-09-03,P,7530.0,7747.25,0.05,863.0,0.1,275.0,0.1,2901.0,972.0,0.5498,-0.0032,0.0001,-0.075,0.0148,0.0
2026-09-03T17:05:53Z,2026-09-03 17:05:30,SPXW,2026-09-03,C,7535.0,7747.25,211.5,11.0,212.7,11.0,168.56,1.0,2.0,0.0,0.9968,0.0001,-0.075,0.0151,0.0
2026-09-03T17:05:53Z,2026-09-03 17:05:30,SPXW,2026-09-03,P,7535.0,7747.25,0.05,857.0,0.1,312.0,0.07,2790.0,1336.0,0.5382,-0.0032,0.0001,-0.075,0.0151,0.0
2026-09-03T17:05:53Z,2026-09-03 17:05:30,SPXW,2026-09-03,C,7540.0,7747.25,206.5,11.0,207.7,11.0,132.45,0.0,11.0,0.0,0.9967,0.0001,-0.075,0.0154,0.0
2026-09-03T17:05:53Z,2026-09-03 17:05:30,SPXW,2026-09-03,P,7540.0,7747.25,0.05,897.0,0.1,337.0,0.07,2535.0,1062.0,0.5266,-0.0033,0.0001,-0.075,0.0154,0.0
2026-09-03T17:05:53Z,2026-09-03 17:05:30,SPXW,2026-09-03,C,7545.0,7747.25,201.5,11.0,202.7,11.0,125.88,0.0,1.0,0.0,0.9966,0.0001,-0.075,0.0157,0.0
2026-09-03T17:05:53Z,2026-09-03 17:05:30,SPXW,2026-09-03,P,7545.0,7747.25,0.05,968.0,0.1,236.0,0.1,2578.0,2600.0,0.515,-0.0034,0.0001,-0.075,0.0157,0.0
2026-09-03T17:05:53Z,2026-09-03 17:05:30,SPXW,2026-09-03,C,7550.0,7747.25,196.5,11.0,197.7,11.0,192.52,121.0,175.0,0.0,0.9948,0.0002,-0.125,0.023,0.0
2026-09-03T17:05:53Z,2026-09-03 17:05:30,SPXW,2026-09-03,P,7550.0,7747.25,0.1,24.0,0.15,751.0,0.1,3036.0,5191.0,0.5309,-0.0052,0.0002,-0.125,0.023,0.0
2026-09-03T17:05:53Z,2026-09-03 17:05:30,SPXW,2026-09-03,C,7555.0,7747.25,191.5,11.0,192.7,11.0,188.43,32.0,16.0,0.0,0.9947,0.0002,-0.125,0.0235,0.0
2026-09-03T17:05:53Z,2026-09-03 17:05:30,SPXW,2026-09-03,P,7555.0,7747.25,0.1,12.0,0.15,791.0,0.12,1987.0,1196.0,0.5188,-0.0053,0.0002,-0.125,0.0235,0.0
2026-09-03T17:05:53Z,2026-09-03 17:05:30,SPXW,2026-09-03,C,7560.0,7747.25,186.5,11.0,187.7,7.0,151.52,3.0,22.0,0.0,0.9946,0.0002,-0.125,0.024,0.0
2026-09-03T17:05:53Z,2026-09-03 17:05:30,SPXW,2026-09-03,P,7560.0,7747.25,0.1,79.0,0.15,752.0,0.12,3485.0,1301.0,0.5065,-0.0054,0.0002,-0.125,0.024,0.0
2026-09-03T17:05:53Z,2026-09-03 17:05:30,SPXW,2026-09-03,C,7565.0,7747.25,181.6,11.0,182.7,7.0,106.0,0.0,28.0,0.4115,0.9944,0.0002,-0.125,0.0245,0.0
2026-09-03T17:05:53Z,2026-09-03 17:05:30,SPXW,2026-09-03,P,7565.0,7747.25,0.1,91.0,0.15,759.0,0.12,2723.0,1607.0,0.4943,-0.0056,0.0002,-0.125,0.0245,0.0
2026-09-03T17:05:53Z,2026-09-03 17:05:30,SPXW,2026-09-03,C,7570.0,7747.25,176.6,11.0,177.7,7.0,174.91,93.0,123.0,0.401,0.9943,0.0002,-0.125,0.025,0.0
2026-09-03T17:05:53Z,2026-09-03 17:05:30,SPXW,2026-09-03,P,7570.0,7747.25,0.1,208.0,0.15,757.0,0.1,2879.0,2378.0,0.4821,-0.0057,0.0002,-0.125,0.025,0.0
2026-09-03T17:05:53Z,2026-09-03 17:05:30,SPXW,2026-09-03,C,7575.0,7747.25,171.6,11.0,172.7,7.0,173.02,7.0,99.0,0.3905,0.9942,0.0002,-0.125,0.0256,0.0
2026-09-03T17:05:53Z,2026-09-03 17:05:30,SPXW,2026-09-03,P,7575.0,7747.25,0.1,301.0,0.15,683.0,0.12,3543.0,2180.0,0.4698,-0.0058,0.0002,-0.125,0.0256,0.0
2026-09-03T17:05:53Z,2026-09-03 17:05:30,SPXW,2026-09-03,C,7580.0,7747.25,166.6,11.0,167.7,7.0,167.63,25.0,60.0,0.3799,0.994,0.0002,-0.125,0.0262,0.0
2026-09-03T17:05:53Z,2026-09-03 17:05:30,SPXW,2026-09-03,P,7580.0,7747.25,0.1,264.0,0.15,711.0,0.12,4271.0,2412.0,0.4575,-0.006,0.0002,-0.125,0.0262,0.0
2026-09-03T17:05:53Z,2026-09-03 17:05:30,SPXW,2026-09-03,C,7585.0,7747.25,161.6,11.0,162.7,7.0,160.4,64.0,131.0,0.3694,0.9939,0.0003,-0.125,0.0268,0.0
2026-09-03T17:05:53Z,2026-09-03 17:05:30,SPXW,2026-09-03,P,7585.0,7747.25,0.1,473.0,0.15,693.0,0.12,5538.0,2112.0,0.4452,-0.0061,0.0003,-0.125,0.0268,0.0
2026-09-03T17:05:53Z,2026-09-03 17:05:30,SPXW,2026-09-03,C,7590.0,7747.25,156.6,11.0,157.7,7.0,153.48,97.0,67.0,0.3588,0.9938,0.0003,-0.125,0.0274,0.0
2026-09-03T17:05:53Z,2026-09-03 17:05:30,SPXW,2026-09-03,P,7590.0,7747.25,0.1,648.0,0.15,610.0,0.15,4139.0,1807.0,0.4328,-0.0062,0.0003,-0.125,0.0274,0.0
2026-09-03T17:05:53Z,2026-09-03 17:05:30,SPXW,2026-09-03,C,7595.0,7747.25,151.6,11.0,152.9,11.0,153.05,60.0,92.0,0.4178,0.9936,0.0003,-0.125,0.0281,0.0
2026-09-03T17:05:53Z,2026-09-03 17:05:30,SPXW,2026-09-03,P,7595.0,7747.25,0.1,594.0,0.15,592.0,0.12,4418.0,1491.0,0.4205,-0.0064,0.0003,-0.125,0.0281,0.0
2026-09-03T17:05:53Z,2026-09-03 17:05:30,SPXW,2026-09-03,C,7600.0,7747.25,146.6,11.0,147.9,11.0,142.09,144.0,347.0,0.4055,0.9934,0.0003,-0.125,0.0288,0.0
2026-09-03T17:05:53Z,2026-09-03 17:05:30,SPXW,2026-09-03,P,7600.0,7747.25,0.1,775.0,0.15,473.0,0.1,14207.0,3704.0,0.4081,-0.0066,0.0003,-0.125,0.0288,0.0
2026-09-03T17:05:53Z,2026-09-03 17:05:30,SPXW,2026-09-03,C,7605.0,7747.25,141.6,11.0,142.9,11.0,139.0,140.0,152.0,0.3931,0.9932,0.0003,-0.125,0.0296,0.0
2026-09-03T17:05:53Z,2026-09-03 17:05:30,SPXW,2026-09-03,P,7605.0,7747.25,0.1,766.0,0.15,257.0,0.15,6093.0,1391.0,0.3956,-0.0068,0.0003,-0.125,0.0296,0.0
2026-09-03T17:05:53Z,2026-09-03 17:05:30,SPXW,2026-09-03,C,7610.0,7747.25,136.6,11.0,137.9,11.0,133.12,693.0,849.0,0.3807,0.993,0.0003,-0.125,0.0304,0.0
2026-09-03T17:05:53Z,2026-09-03 17:05:30,SPXW,2026-09-03,P,7610.0,7747.25,0.1,936.0,0.15,122.0,0.15,5604.0,1979.0,0.3832,-0.007,0.0003,-0.125,0.0304,0.0
2026-09-03T17:05:53Z,2026-09-03 17:05:30,SPXW,2026-09-03,C,7615.0,7747.25,131.6,11.0,132.9,11.0,128.17,739.0,909.0,0.3683,0.9928,0.0004,-0.125,0.0313,0.0
2026-09-03T17:05:53Z,2026-09-03 17:05:30,SPXW,2026-09-03,P,7615.0,7747.25,0.1,865.0,0.15,2.0,0.15,6813.0,1639.0,0.3707,-0.0072,0.0004,-0.125,0.0313,0.0
2026-09-03T17:05:53Z,2026-09-03 17:05:30,SPXW,2026-09-03,C,7620.0,7747.25,126.6,11.0,127.9,11.0,123.22,144.0,360.0,0.3558,0.9904,0.0005,-0.175,0.0404,0.0
2026-09-03T17:05:53Z,2026-09-03 17:05:30,SPXW,2026-09-03,P,7620.0,7747.25,0.15,55.0,0.2,745.0,0.15,10432.0,1122.0,0.3731,-0.0096,0.0005,-0.175,0.0404,0.0
2026-09-03T17:05:53Z,2026-09-03 17:05:30,SPXW,2026-09-03,C,7625.0,7747.25,121.6,11.0,122.9,11.0,122.65,116.0,738.0,0.3433,0.99,0.0005,-0.175,0.0416,0.0
2026-09-03T17:05:53Z,2026-09-03 17:05:30,SPXW,2026-09-03,P,7625.0,7747.25,0.15,112.0,0.2,782.0,0.17,12631.0,3177.0,0.3601,-0.01,0.0005,-0.175,0.0416,0.0
2026-09-03T17:05:53Z,2026-09-03 17:05:30,SPXW,2026-09-03,C,7630.0,7747.25,116.6,11.0,117.9,11.0,118.53,247.0,464.0,0.3308,0.9897,0.0005,-0.175,0.043,0.0
2026-09-03T17:05:53Z,2026-09-03 17:05:30,SPXW,2026-09-03,P,7630.0,7747.25,0.15,278.0,0.2,587.0,0.17,12621.0,2757.0,0.3471,-0.0103,0.0005,-0.175,0.043,0.0
2026-09-03T17:05:53Z,2026-09-03 17:05:30,SPXW,2026-09-03,C,7635.0,7747.25,111.6,11.0,112.9,11.0,108.1,162.0,466.0,0.3182,0.9894,0.0006,-0.175,0.0443,0.0
2026-09-03T17:05:53Z,2026-09-03 17:05:30,SPXW,2026-09-03,P,7635.0,7747.25,0.15,625.0,0.2,614.0,0.17,11411.0,2020.0,0.334,-0.0106,0.0006,-0.175,0.0443,0.0
2026-09-03T17:05:53Z,2026-09-03 17:05:30,SPXW,2026-09-03,C,7640.0,7747.25,106.7,9.0,107.9,11.0,102.92,493.0,1041.0,0.3192,0.989,0.0006,-0.175,0.0458,0.0
2026-09-03T17:05:53Z,2026-09-03 17:05:30,SPXW,2026-09-03,P,7640.0,7747.25,0.15,586.0,0.2,435.0,0.17,17096.0,1530.0,0.3209,-0.011,0.0006,-0.175,0.0458,0.0
2026-09-03T17:05:53Z,2026-09-03 17:05:30,SPXW,2026-09-03,C,7645.0,7747.25,101.7,10.0,102.9,11.0,103.51,683.0,456.0,0.3061,0.9885,0.0007,-0.175,0.0475,0.0
2026-09-03T17:05:53Z,2026-09-03 17:05:30,SPXW,2026-09-03,P,7645.0,7747.25,0.15,828.0,0.2,114.0,0.2,18329.0,1329.0,0.3077,-0.0115,0.0007,-0.175,0.0475,0.0
2026-09-03T17:05:53Z,2026-09-03 17:05:30,SPXW,2026-09-03,C,7650.0,7747.25,96.9,13.0,97.6,13.0,91.3,736.0,922.0,0.2628,0.9868,0.0008,-0.2,0.0536,0.0
2026-09-03T17:05:53Z,2026-09-03 17:05:30,SPXW,2026-09-03,P,7650.0,7747.25,0.15,928.0,0.25,663.0,0.2,31915.0,1967.0,0.2997,-0.0132,0.0008,-0.2,0.0536,0.0
2026-09-03T17:05:53Z,2026-09-03 17:05:30,SPXW,2026-09-03,C,7655.0,7747.25,92.0,46.0,92.6,46.0,91.8,548.0,395.0,0.2797,0.9849,0.0009,-0.225,0.0601,0.0
2026-09-03T17:05:53Z,2026-09-03 17:05:30,SPXW,2026-09-03,P,7655.0,7747.25,0.2,92.0,0.25,702.0,0.25,27474.0,687.0,0.291,-0.0151,0.0009,-0.225,0.0601,0.0
2026-09-03T17:05:53Z,2026-09-03 17:05:30,SPXW,2026-09-03,C,7660.0,7747.25,86.9,13.0,87.7,13.0,88.43,2471.0,792.0,0.2664,0.9843,0.001,-0.225,0.0625,0.0
2026-09-03T17:05:53Z,2026-09-03 17:05:30,SPXW,2026-09-03,P,7660.0,7747.25,0.2,534.0,0.25,570.0,0.2,33218.0,1145.0,0.2772,-0.0157,0.001,-0.225,0.0625,0.0
2026-09-03T17:05:53Z,2026-09-03 17:05:30,SPXW,2026-09-03,C,7665.0,7747.25,81.9,13.0,82.7,13.0,81.45,1726.0,1201.0,0.253,0.9822,0.0011,-0.25,0.0695,0.0
2026-09-03T17:05:53Z,2026-09-03 17:05:30,SPXW,2026-09-03,P,7665.0,7747.25,0.2,818.0,0.25,30.0,0.25,35149.0,1226.0,0.2675,-0.0178,0.0011,-0.25,0.0695,0.0
2026-09-03T17:05:53Z,2026-09-03 17:05:30,SPXW,2026-09-03,C,7670.0,7747.25,76.9,16.0,77.7,16.0,77.8,2564.0,1851.0,0.2396,0.98,0.0013,-0.275,0.0769,0.0
2026-09-03T17:05:53Z,2026-09-03 17:05:30,SPXW,2026-09-03,P,7670.0,7747.25,0.25,297.0,0.3,656.0,0.27,36787.0,1624.0,0.2571,-0.02,0.0013,-0.275,0.0769,0.0
2026-09-03T17:05:53Z,2026-09-03 17:05:30,SPXW,2026-09-03,C,7675.0,7747.25,71.9,13.0,72.7,13.0,72.7,5634.0,1979.0,0.226,0.9789,0.0014,-0.275,0.0805,0.0
2026-09-03T17:05:53Z,2026-09-03 17:05:30,SPXW,2026-09-03,P,7675.0,7747.25,0.25,495.0,0.3,432.0,0.27,41868.0,1754.0,0.2428,-0.0211,0.0014,-0.275,0.0805,0.0
2026-09-03T17:05:53Z,2026-09-03 17:05:30,SPXW,2026-09-03,C,7680.0,7747.25,67.0,13.0,67.8,13.0,67.76,5260.0,2163.0,0.2275,0.9748,0.0017,-0.325,0.0933,0.0
2026-09-03T17:05:53Z,2026-09-03 17:05:30,SPXW,2026-09-03,P,7680.0,7747.25,0.3,50.0,0.35,714.0,0.3,44302.0,477.0,0.2345,-0.0252,0.0017,-0.325,0.0933,0.0
2026-09-03T17:05:53Z,2026-09-03 17:05:30,SPXW,2026-09-03,C,7685.0,7747.25,62.0,13.0,62.8,17.0,63.63,4393.0,699.0,0.213,0.9734,0.0019,-0.325,0.0981,0.0
2026-09-03T17:05:53Z,2026-09-03 17:05:30,SPXW,2026-09-03,P,7685.0,7747.25,0.3,652.0,0.35,60.0,0.32,37438.0,604.0,0.2197,-0.0266,0.0019,-0.325,0.0981,0.0
2026-09-03T17:05:53Z,2026-09-03 17:05:30,SPXW,2026-09-03,C,7690.0,7747.25,57.0,13.0,57.8,17.0,57.8,13012.0,2094.0,0.1985,0.9686,0.0023,-0.375,0.1123,0.0
2026-09-03T17:05:53Z,2026-09-03 17:05:30,SPXW,2026-09-03,P,7690.0,7747.25,0.35,576.0,0.4,142.0,0.37,48116.0,521.0,0.2098,-0.0314,0.0023,-0.375,0.1123,0.0
2026-09-03T17:05:53Z,2026-09-03 17:05:30,SPXW,2026-09-03,C,7695.0,7747.25,52.1,13.0,52.8,4.0,52.9,13480.0,936.0,0.1938,0.9633,0.0028,-0.425,0.1276,0.0
2026-09-03T17:05:53Z,2026-09-03 17:05:30,SPXW,2026-09-03,P,7695.0,7747.25,0.4,525.0,0.45,24.0,0.45,42192.0,322.0,0.1985,-0.0368,0.0028,-0.425,0.1278,0.0
2026-09-03T17:05:53Z,2026-09-03 17:05:30,SPXW,2026-09-03,C,7700.0,7747.25,47.3,1.0,47.8,1.0,48.02,43778.0,3695.0,0.1825,0.9543,0.0034,-0.5249,0.1514,0.0
2026-09-03T17:05:53Z,2026-09-03 17:05:30,SPXW,2026-09-03,P,7700.0,7747.25,0.5,215.0,0.55,439.0,0.5,73670.0,655.0,0.1906,-0.0457,0.0034,-0.5249,0.1514,0.0
2026-09-03T17:05:53Z,2026-09-03 17:05:30,SPXW,2026-09-03,C,7705.0,7747.25,42.4,1.0,42.9,1.0,43.88,35952.0,1466.0,0.1737,0.9444,0.0042,-0.6248,0.1764,0.0
2026-09-03T17:05:53Z,2026-09-03 17:05:30,SPXW,2026-09-03,P,7705.0,7747.25,0.6,204.0,0.65,329.0,0.6,45504.0,146.0,0.1805,-0.0556,0.0042,-0.6248,0.1764,0.0
2026-09-03T17:05:53Z,2026-09-03 17:05:30,SPXW,2026-09-03,C,7710.0,7747.25,37.5,1.0,38.1,1.0,37.78,52286.0,2843.0,0.163,0.9303,0.0053,-0.7747,0.2093,0.0
2026-09-03T17:05:53Z,2026-09-03 17:05:30,SPXW,2026-09-03,P,7710.0,7747.25,0.7,399.0,0.8,355.0,0.77,44164.0,414.0,0.1714,-0.0697,0.0053,-0.7747,0.2093,0.0
2026-09-03T17:05:53Z,2026-09-03 17:05:30,SPXW,2026-09-03,C,7715.0,7747.25,33.0,1.0,33.2,1.0,33.1,57369.0,2994.0,0.1599,0.9116,0.0067,-0.9747,0.2488,0.0
2026-09-03T17:05:53Z,2026-09-03 17:05:30,SPXW,2026-09-03,P,7715.0,7747.25,0.95,2.0,1.0,311.0,1.0,33157.0,195.0,0.1623,-0.0884,0.0067,-0.9747,0.2488,0.0
2026-09-03T17:05:53Z,2026-09-03 17:05:30,SPXW,2026-09-03,C,7720.0,7747.25,28.3,1.0,28.5,1.0,28.78,84607.0,5150.0,0.1523,0.8875,0.0085,-1.2249,0.2946,0.0
2026-09-03T17:05:53Z,2026-09-03 17:05:30,SPXW,2026-09-03,P,7720.0,7747.25,1.2,195.0,1.25,111.0,1.2,40510.0,281.0,0.1525,-0.1125,0.0085,-1.2249,0.2946,0.0
2026-09-03T17:05:53Z,2026-09-03 17:05:30,SPXW,2026-09-03,C,7725.0,7747.25,23.7,12.0,23.9,12.0,23.5,74025.0,2498.0,0.1427,0.852,0.0109,-1.6241,0.3527,0.0
2026-09-03T17:05:53Z,2026-09-03 17:05:30,SPXW,2026-09-03,P,7725.0,7747.25,1.6,183.0,1.65,123.0,1.62,31673.0,303.0,0.1444,-0.148,0.0109,-1.6241,0.3527,0.0
2026-09-03T17:05:53Z,2026-09-03 17:05:30,SPXW,2026-09-03,C,7730.0,7747.25,19.3,4.0,19.4,1.0,19.0,71388.0,2283.0,0.136,0.8024,0.0138,-2.2236,0.4195,0.0
2026-09-03T17:05:53Z,2026-09-03 17:05:30,SPXW,2026-09-03,P,7730.0,7747.25,2.2,32.0,2.25,142.0,2.25,34126.0,433.0,0.1374,-0.1976,0.0138,-2.2236,0.4195,0.0
2026-09-03T17:05:53Z,2026-09-03 17:05:30,SPXW,2026-09-03,C,7735.0,7747.25,15.1,29.0,15.3,4.0,15.7,63441.0,2567.0,0.1294,0.7378,0.017,-3.0417,0.4866,0.0
2026-09-03T17:05:53Z,2026-09-03 17:05:30,SPXW,2026-09-03,P,7735.0,7747.25,3.0,223.0,3.1,32.0,3.1,29758.0,136.0,0.1301,-0.2622,0.017,-3.0417,0.4866,0.0
2026-09-03T17:05:53Z,2026-09-03 17:05:30,SPXW,2026-09-03,C,7740.0,7747.25,11.4,25.0,11.6,44.0,11.5,92761.0,3632.0,0.1251,0.651,0.02,-4.3389,0.5477,0.0
2026-09-03T17:05:53Z,2026-09-03 17:05:30,SPXW,2026-09-03,P,7740.0,7747.25,4.3,107.0,4.4,127.0,4.3,36863.0,311.0,0.1257,-0.3491,0.02,-4.3389,0.5477,0.0
2026-09-03T17:05:53Z,2026-09-03 17:05:30,SPXW,2026-09-03,C,7745.0,7747.25,8.2,40.0,8.3,40.0,8.25,75085.0,1787.0,0.1215,0.5478,0.0221,-6.1356,0.5833,0.0
2026-09-03T17:05:53Z,2026-09-03 17:05:30,SPXW,2026-09-03,P,7745.0,7747.25,6.1,12.0,6.2,117.0,6.1,30577.0,167.0,0.122,-0.4522,0.0221,-6.1356,0.5833,0.0
2026-09-03T17:05:53Z,2026-09-03 17:05:30,SPXW,2026-09-03,C,7750.0,7747.25,5.6,53.0,5.7,128.0,5.7,100656.0,3813.0,0.119,0.4355,0.0224,-5.6637,0.5801,0.0
2026-09-03T17:05:53Z,2026-09-03 17:05:30,SPXW,2026-09-03,P,7750.0,7747.25,8.4,113.0,8.6,96.0,8.6,17415.0,873.0,0.1196,-0.5645,0.0224,-5.6637,0.5801,0.0
2026-09-03T17:05:53Z,2026-09-03 17:05:30,SPXW,2026-09-03,C,7755.0,7747.25,3.6,185.0,3.7,14.0,3.7,65407.0,894.0,0.1171,0.3247,0.0208,-3.6592,0.5339,0.0
2026-09-03T17:05:53Z,2026-09-03 17:05:30,SPXW,2026-09-03,P,7755.0,7747.25,11.5,7.0,11.6,4.0,11.5,4914.0,92.0,0.1187,-0.6753,0.0208,-3.6592,0.5339,0.0
2026-09-03T17:05:53Z,2026-09-03 17:05:30,SPXW,2026-09-03,C,7760.0,7747.25,2.3,122.0,2.35,77.0,2.3,64388.0,3166.0,0.1182,0.2303,0.0175,-2.3292,0.4572,0.0
2026-09-03T17:05:53Z,2026-09-03 17:05:30,SPXW,2026-09-03,P,7760.0,7747.25,15.1,31.0,15.3,13.0,15.3,3193.0,194.0,0.1195,-0.7696,0.0175,-2.3318,0.4573,0.0
2026-09-03T17:05:53Z,2026-09-03 17:05:30,SPXW,2026-09-03,C,7765.0,7747.25,1.4,300.0,1.5,170.0,1.45,52608.0,1343.0,0.1202,0.157,0.0136,-1.4539,0.368,0.0
2026-09-03T17:05:53Z,2026-09-03 17:05:30,SPXW,2026-09-03,P,7765.0,7747.25,19.2,15.0,19.4,4.0,19.3,1522.0,71.0,0.1225,-0.843,0.0136,-1.4539,0.368,0.0
2026-09-03T17:05:53Z,2026-09-03 17:05:30,SPXW,2026-09-03,C,7770.0,7747.25,0.9,252.0,0.95,230.0,0.95,51267.0,1129.0,0.1242,0.106,0.01,-0.9268,0.2861,0.0
2026-09-03T17:05:53Z,2026-09-03 17:05:30,SPXW,2026-09-03,P,7770.0,7747.25,23.7,1.0,23.9,12.0,23.6,1556.0,76.0,0.1263,-0.8936,0.01,-0.9317,0.2866,0.0
2026-09-03T17:05:53Z,2026-09-03 17:05:30,SPXW,2026-09-03,C,7775.0,7747.25,0.6,206.0,0.65,306.0,0.6,47829.0,13357.0,0.1303,0.0734,0.0073,-0.625,0.2213,0.0
2026-09-03T17:05:53Z,2026-09-03 17:05:30,SPXW,2026-09-03,P,7775.0,7747.25,28.4,1.0,28.6,1.0,28.3,667.0,77.0,0.1306,-0.9266,0.0073,-0.625,0.2213,0.0
2026-09-03T17:05:53Z,2026-09-03 17:05:30,SPXW,2026-09-03,C,7780.0,7747.25,0.4,497.0,0.45,257.0,0.42,23565.0,5042.0,0.1362,0.051,0.0052,-0.4252,0.169,0.0
2026-09-03T17:05:53Z,2026-09-03 17:05:30,SPXW,2026-09-03,P,7780.0,7747.25,33.2,1.0,33.4,1.0,32.4,399.0,44.0,0.1398,-0.949,0.0052,-0.4252,0.169,0.0
2026-09-03T17:05:53Z,2026-09-03 17:05:30,SPXW,2026-09-03,C,7785.0,7747.25,0.3,564.0,0.35,318.0,0.3,14482.0,5445.0,0.145,0.0383,0.0039,-0.3251,0.1356,0.0
2026-09-03T17:05:53Z,2026-09-03 17:05:30,SPXW,2026-09-03,P,7785.0,7747.25,38.0,1.0,38.5,1.0,37.7,209.0,24.0,0.1494,-0.9617,0.0039,-0.3251,0.1356,0.0
2026-09-03T17:05:53Z,2026-09-03 17:05:30,SPXW,2026-09-03,C,7790.0,7747.25,0.25,287.0,0.3,583.0,0.27,28923.0,719.0,0.1558,0.0312,0.0031,-0.275,0.1146,0.0
2026-09-03T17:05:53Z,2026-09-03 17:05:30,SPXW,2026-09-03,P,7790.0,7747.25,42.9,1.0,43.4,1.0,48.7,106.0,66.0,0.1564,-0.9688,0.0031,-0.275,0.1146,0.0
2026-09-03T17:05:53Z,2026-09-03 17:05:30,SPXW,2026-09-03,C,7795.0,7747.25,0.2,637.0,0.25,630.0,0.25,9824.0,808.0,0.1652,0.0249,0.0024,-0.2251,0.0954,0.0
2026-09-03T17:05:53Z,2026-09-03 17:05:30,SPXW,2026-09-03,P,7795.0,7747.25,47.9,1.0,48.5,1.0,48.1,50.0,2.0,0.1763,-0.9751,0.0024,-0.2251,0.0954,0.0
2026-09-03T17:05:53Z,2026-09-03 17:05:30,SPXW,2026-09-03,C,7800.0,7747.25,0.15,1245.0,0.2,64.0,0.17,11504.0,2373.0,0.1728,0.0192,0.0018,-0.175,0.077,0.0
2026-09-03T17:05:53Z,2026-09-03 17:05:30,SPXW,2026-09-03,P,7800.0,7747.25,52.7,8.0,53.5,8.0,58.41,160.0,97.0,0.1804,-0.9808,0.0018,-0.175,0.077,0.0
2026-09-03T17:05:53Z,2026-09-03 17:05:30,SPXW,2026-09-03,C,7805.0,7747.25,0.15,493.0,0.2,692.0,0.17,5921.0,1187.0,0.1866,0.0179,0.0016,-0.175,0.0722,0.0
2026-09-03T17:05:53Z,2026-09-03 17:05:30,SPXW,2026-09-03,P,7805.0,7747.25,57.7,8.0,58.5,8.0,58.26,28.0,10.0,0.1946,-0.9821,0.0016,-0.175,0.0722,0.0
2026-09-03T17:05:53Z,2026-09-03 17:05:30,SPXW,2026-09-03,C,7810.0,7747.25,0.1,1401.0,0.2,708.0,0.15,3676.0,799.0,0.1959,0.015,0.0013,-0.1501,0.0621,0.0
2026-09-03T17:05:53Z,2026-09-03 17:05:30,SPXW,2026-09-03,P,7810.0,7747.25,62.7,8.0,63.5,8.0,95.15,51.0,41.0,0.2087,-0.985,0.0013,-0.1501,0.0621,0.0
2026-09-03T17:05:53Z,2026-09-03 17:05:30,SPXW,2026-09-03,C,7815.0,7747.25,0.1,1050.0,0.15,437.0,0.12,2511.0,444.0,0.2042,0.0123,0.0011,-0.125,0.0524,0.0
2026-09-03T17:05:53Z,2026-09-03 17:05:30,SPXW,2026-09-03,P,7815.0,7747.25,67.7,8.0,68.5,8.0,69.15,6.0,0.0,0.2226,-0.9877,0.0011,-0.125,0.0524,0.0
2026-09-03T17:05:53Z,2026-09-03 17:05:30,SPXW,2026-09-03,C,7820.0,7747.25,0.1,723.0,0.15,705.0,0.12,2033.0,469.0,0.2171,0.0116,0.001,-0.125,0.0497,0.0
2026-09-03T17:05:53Z,2026-09-03 17:05:30,SPXW,2026-09-03,P,7820.0,7747.25,72.7,8.0,73.5,8.0,74.0,34.0,154.0,0.2364,-0.9884,0.001,-0.125,0.0497,0.0
2026-09-03T17:05:53Z,2026-09-03 17:05:30,SPXW,2026-09-03,C,7825.0,7747.25,0.1,71.0,0.15,726.0,0.12,1930.0,986.0,0.2299,0.0111,0.0009,-0.125,0.0473,0.0
2026-09-03T17:05:53Z,2026-09-03 17:05:30,SPXW,2026-09-03,P,7825.0,7747.25,77.7,8.0,78.5,8.0,82.0,6.0,36.0,0.2502,-0.989,0.0009,-0.125,0.0473,0.0
2026-09-03T17:05:53Z,2026-09-03 17:05:30,SPXW,2026-09-03,C,7830.0,7747.25,0.05,1374.0,0.1,10.0,0.09,2428.0,691.0,0.2281,0.007,0.0006,-0.075,0.0324,0.0
2026-09-03T17:05:53Z,2026-09-03 17:05:30,SPXW,2026-09-03,P,7830.0,7747.25,82.7,8.0,83.4,8.0,84.75,7.0,33.0,0.2638,-0.993,0.0006,-0.075,0.0324,0.0
2026-09-03T17:05:53Z,2026-09-03 17:05:30,SPXW,2026-09-03,C,7835.0,7747.25,0.05,1129.0,0.1,133.0,0.08,3107.0,509.0,0.2406,0.0067,0.0005,-0.075,0.0308,0.0
2026-09-03T17:05:53Z,2026-09-03 17:05:30,SPXW,2026-09-03,P,7835.0,7747.25,87.6,8.0,88.4,8.0,102.24,14.0,1.0,0.257,-0.9933,0.0005,-0.075,0.0309,0.0
2026-09-03T17:05:53Z,2026-09-03 17:05:30,SPXW,2026-09-03,C,7840.0,7747.25,0.05,1064.0,0.1,508.0,0.07,2191.0,1571.0,0.2526,0.0064,0.0005,-0.075,0.0296,0.0
2026-09-03T17:05:53Z,2026-09-03 17:05:30,SPXW,2026-09-03,P,7840.0,7747.25,92.6,8.0,93.4,8.0,90.88,11.0,23.0,0.2697,-0.9936,0.0005,-0.075,0.0296,0.0
2026-09-03T17:05:53Z,2026-09-03 17:05:30,SPXW,2026-09-03,C,7845.0,7747.25,0.05,815.0,0.1,851.0,0.08,2477.0,1157.0,0.2645,0.0062,0.0004,-0.075,0.0284,0.0
2026-09-03T17:05:53Z,2026-09-03 17:05:30,SPXW,2026-09-03,P,7845.0,7747.25,97.6,8.0,98.4,8.0,176.39,0.0,4.0,0.2823,-0.9938,0.0004,-0.075,0.0284,0.0
2026-09-03T17:05:53Z,2026-09-03 17:05:30,SPXW,2026-09-03,C,7850.0,7747.25,0.05,552.0,0.1,815.0,0.05,2460.0,2986.0,0.2764,0.0059,0.0004,-0.075,0.0273,0.0
2026-09-03T17:05:53Z,2026-09-03 17:05:30,SPXW,2026-09-03,P,7850.0,7747.25,102.3,11.0,103.6,11.0,105.71,42.0,34.0,0.2786,-0.994,0.0004,-0.075,0.0273,0.0
2026-09-03T17:05:53Z,2026-09-03 17:05:30,SPXW,2026-09-03,C,7855.0,7747.25,0.05,54.0,0.1,844.0,0.07,1925.0,2261.0,0.2882,0.0057,0.0004,-0.075,0.0263,0.0
2026-09-03T17:05:53Z,2026-09-03 17:05:30,SPXW,2026-09-03,P,7855.0,7747.25,107.3,11.0,108.6,11.0,174.52,0.0,5.0,0.2905,-0.9943,0.0004,-0.075,0.0264,0.0
2026-09-03T17:05:53Z,2026-09-03 17:05:30,SPXW,2026-09-03,C,7860.0,7747.25,0.0,0.0,0.1,839.0,0.05,1740.0,6168.0,0.2873,0.004,0.0003,-0.05,0.0192,0.0
2026-09-03T17:05:53Z,2026-09-03 17:05:30,SPXW,2026-09-03,P,7860.0,7747.25,112.4,11.0,113.6,11.0,163.0,1.0,30.0,0.3196,-0.996,0.0003,-0.05,0.0192,0.0
2026-09-03T17:05:53Z,2026-09-03 17:05:30,SPXW,2026-09-03,C,7865.0,7747.25,0.0,0.0,0.1,802.0,0.05,1226.0,191.0,0.2986,0.0038,0.0003,-0.05,0.0185,0.0
2026-09-03T17:05:53Z,2026-09-03 17:05:30,SPXW,2026-09-03,P,7865.0,7747.25,117.4,11.0,118.6,11.0,0.0,0.0,0.0,0.3319,-0.9962,0.0003,-0.05,0.0185,0.0
2026-09-03T17:05:53Z,2026-09-03 17:05:30,SPXW,2026-09-03,C,7870.0,7747.25,0.0,0.0,0.1,796.0,0.04,1367.0,1099.0,0.3098,0.0037,0.0002,-0.05,0.0179,0.0
2026-09-03T17:05:53Z,2026-09-03 17:05:30,SPXW,2026-09-03,P,7870.0,7747.25,122.4,11.0,123.6,11.0,134.39,6.0,7.0,0.3441,-0.9963,0.0002,-0.05,0.0179,0.0
2026-09-03T17:05:53Z,2026-09-03 17:05:30,SPXW,2026-09-03,C,7875.0,7747.25,0.0,0.0,0.05,125.0,0.03,316.0,8410.0,0.3004,0.002,0.0001,-0.025,0.0106,0.0
2026-09-03T17:05:53Z,2026-09-03 17:05:30,SPXW,2026-09-03,P,7875.0,7747.25,127.4,11.0,128.6,11.0,150.9,3.0,5.0,0.3563,-0.998,0.0001,-0.025,0.0106,0.0
2026-09-03T17:05:53Z,2026-09-03 17:05:30,SPXW,2026-09-03,C,7880.0,7747.25,0.0,0.0,0.05,178.0,0.03,307.0,3659.0,0.311,0.002,0.0001,-0.025,0.0102,0.0
2026-09-03T17:05:53Z,2026-09-03 17:05:30,SPXW,2026-09-03,P,7880.0,7747.25,132.4,11.0,133.6,11.0,169.09,1.0,7.0,0.3685,-0.998,0.0001,-0.025,0.0102,0.0
2026-09-03T17:05:53Z,2026-09-03 17:05:30,SPXW,2026-09-03,C,7885.0,7747.25,0.0,0.0,0.05,252.0,0.03,270.0,4400.0,0.3215,0.0019,0.0001,-0.025,0.0099,0.0
2026-09-03T17:05:53Z,2026-09-03 17:05:30,SPXW,2026-09-03,P,7885.0,7747.25,137.4,11.0,138.6,11.0,0.0,0.0,0.0,0.3806,-0.9981,0.0001,-0.025,0.0099,0.0
2026-09-03T17:05:53Z,2026-09-03 17:05:30,SPXW,2026-09-03,C,7890.0,7747.25,0.0,0.0,0.05,250.0,0.03,157.0,590.0,0.332,0.0019,0.0001,-0.025,0.0096,0.0
2026-09-03T17:05:53Z,2026-09-03 17:05:30,SPXW,2026-09-03,P,7890.0,7747.25,142.4,11.0,143.6,11.0,0.0,0.0,0.0,0.3926,-0.9981,0.0001,-0.025,0.0096,0.0
2026-09-03T17:05:53Z,2026-09-03 17:05:30,SPXW,2026-09-03,C,7895.0,7747.25,0.0,0.0,0.05,403.0,0.03,28.0,106.0,0.3424,0.0018,0.0001,-0.025,0.0093,0.0
2026-09-03T17:05:53Z,2026-09-03 17:05:30,SPXW,2026-09-03,P,7895.0,7747.25,147.4,11.0,148.6,11.0,0.0,0.0,0.0,0.4046,-0.9982,0.0001,-0.025,0.0094,0.0
2026-09-03T17:05:53Z,2026-09-03 17:05:30,SPXW,2026-09-03,C,7900.0,7747.25,0.0,0.0,0.05,477.0,0.03,117.0,3315.0,0.3528,0.0018,0.0001,-0.025,0.0091,0.0
2026-09-03T17:05:53Z,2026-09-03 17:05:30,SPXW,2026-09-03,P,7900.0,7747.25,152.4,11.0,153.6,11.0,186.45,93.0,165.0,0.4166,-0.9982,0.0001,-0.025,0.0091,0.0
2026-09-03T17:05:53Z,2026-09-03 17:05:30,SPXW,2026-09-03,C,7905.0,7747.25,0.0,0.0,0.05,422.0,0.03,33.0,98.0,0.3632,0.0017,0.0001,-0.025,0.0088,0.0
2026-09-03T17:05:53Z,2026-09-03 17:05:30,SPXW,2026-09-03,P,7905.0,7747.25,157.4,11.0,158.6,11.0,0.0,0.0,0.0,0.4285,-0.9983,0.0001,-0.025,0.0088,0.0
2026-09-03T17:05:53Z,2026-09-03 17:05:30,SPXW,2026-09-03,C,7910.0,7747.25,0.0,0.0,0.05,605.0,0.05,32.0,313.0,0.3736,0.0017,0.0001,-0.025,0.0086,0.0
2026-09-03T17:05:53Z,2026-09-03 17:05:30,SPXW,2026-09-03,P,7910.0,7747.25,162.4,11.0,163.6,11.0,267.12,0.0,1.0,0.4403,-0.9983,0.0001,-0.025,0.0086,0.0
2026-09-03T17:05:53Z,2026-09-03 17:05:30,SPXW,2026-09-03,C,7915.0,7747.25,0.0,0.0,0.05,576.0,0.05,218.0,83.0,0.3839,0.0016,0.0001,-0.025,0.0084,0.0
2026-09-03T17:05:53Z,2026-09-03 17:05:30,SPXW,2026-09-03,P,7915.0,7747.25,167.4,11.0,168.6,11.0,0.0,0.0,0.0,0.4522,-0.9984,0.0001,-0.025,0.0084,0.0
2026-09-03T17:05:53Z,2026-09-03 17:05:30,SPXW,2026-09-03,C,7920.0,7747.25,0.0,0.0,0.05,643.0,0.03,214.0,740.0,0.3942,0.0016,0.0001,-0.025,0.0082,0.0
2026-09-03T17:05:53Z,2026-09-03 17:05:30,SPXW,2026-09-03,P,7920.0,7747.25,172.4,11.0,173.6,11.0,0.0,0.0,0.0,0.4639,-0.9984,0.0001,-0.025,0.0082,0.0
2026-09-03T17:05:53Z,2026-09-03 17:05:30,SPXW,2026-09-03,C,7925.0,7747.25,0.0,0.0,0.05,682.0,0.05,5.0,587.0,0.4044,0.0016,0.0001,-0.025,0.008,0.0
2026-09-03T17:05:53Z,2026-09-03 17:05:30,SPXW,2026-09-03,P,7925.0,7747.25,173.9,19.0,181.5,19.0,209.32,0.0,4.0,0.0,-0.9984,0.0001,-0.025,0.008,0.0
2026-09-03T17:05:53Z,2026-09-03 17:05:30,SPXW,2026-09-03,C,7930.0,7747.25,0.0,0.0,0.05,594.0,0.03,102.0,315.0,0.4146,0.0015,0.0001,-0.025,0.0078,0.0
2026-09-03T17:05:53Z,2026-09-03 17:05:30,SPXW,2026-09-03,P,7930.0,7747.25,179.0,19.0,186.6,19.0,0.0,0.0,0.0,0.0,-0.9985,0.0001,-0.025,0.0078,0.0
2026-09-03T17:05:53Z,2026-09-03 17:05:30,SPXW,2026-09-03,C,7935.0,7747.25,0.0,0.0,0.05,606.0,0.03,2.0,18.0,0.4248,0.0015,0.0001,-0.025,0.0076,0.0
2026-09-03T17:05:53Z,2026-09-03 17:05:30,SPXW,2026-09-03,P,7935.0,7747.25,184.0,19.0,191.6,19.0,0.0,0.0,0.0,0.0,-0.9985,0.0001,-0.025,0.0076,0.0
2026-09-03T17:05:53Z,2026-09-03 17:05:30,SPXW,2026-09-03,C,7940.0,7747.25,0.0,0.0,0.05,743.0,0.05,11.0,314.0,0.435,0.0015,0.0001,-0.025,0.0075,0.0
2026-09-03T17:05:53Z,2026-09-03 17:05:30,SPXW,2026-09-03,P,7940.0,7747.25,188.9,19.0,196.5,19.0,0.0,0.0,0.0,0.0,-0.9985,0.0001,-0.025,0.0075,0.0
2026-09-03T17:05:53Z,2026-09-03 17:05:30,SPXW,2026-09-03,C,7945.0,7747.25,0.0,0.0,0.05,707.0,0.03,6.0,26.0,0.4452,0.0014,0.0001,-0.025,0.0073,0.0
2026-09-03T17:05:53Z,2026-09-03 17:05:30,SPXW,2026-09-03,P,7945.0,7747.25,193.9,19.0,201.6,19.0,0.0,0.0,0.0,0.0,-0.9986,0.0001,-0.025,0.0073,0.0
2026-09-03T17:05:53Z,2026-09-03 17:05:30,SPXW,2026-09-03,C,7950.0,7747.25,0.0,0.0,0.05,832.0,0.03,5.0,724.0,0.4553,0.0014,0.0001,-0.025,0.0072,0.0
2026-09-03T17:05:53Z,2026-09-03 17:05:30,SPXW,2026-09-03,P,7950.0,7747.25,195.8,1.0,210.0,1.0,0.0,0.0,0.0,0.4645,-0.9986,0.0001,-0.025,0.0072,0.0
2026-09-03T17:05:53Z,2026-09-03 17:05:30,SPXW,2026-09-03,C,7955.0,7747.25,0.0,0.0,0.05,663.0,0.05,0.0,14.0,0.4654,0.0014,0.0001,-0.025,0.007,0.0
2026-09-03T17:05:53Z,2026-09-03 17:05:30,SPXW,2026-09-03,P,7955.0,7747.25,200.8,1.0,214.8,1.0,0.0,0.0,0.0,0.0,-0.9986,0.0001,-0.025,0.007,0.0
2026-09-03T17:05:53Z,2026-09-03 17:05:30,SPXW,2026-09-03,C,7960.0,7747.25,0.0,0.0,0.05,715.0,0.05,0.0,173.0,0.4755,0.0014,0.0001,-0.025,0.0069,0.0
2026-09-03T17:05:53Z,2026-09-03 17:05:30,SPXW,2026-09-03,P,7960.0,7747.25,205.5,1.0,219.8,1.0,221.84,0.0,30.0,0.0,-0.9986,0.0001,-0.025,0.0069,0.0
2026-09-03T17:05:53Z,2026-09-03 17:05:30,SPXW,2026-09-03,C,7970.0,7747.25,0.0,0.0,0.05,732.0,0.03,0.0,234.0,0.4956,0.0013,0.0001,-0.025,0.0066,0.0
2026-09-03T17:05:53Z,2026-09-03 17:05:30,SPXW,2026-09-03,P,7970.0,7747.25,214.6,1.0,232.4,1.0,297.21,0.0,3.0,0.7044,-0.9987,0.0001,-0.025,0.0066,0.0
2026-09-03T17:05:53Z,2026-09-03 17:05:30,SPXW,2026-09-03,C,7975.0,7747.25,0.0,0.0,0.05,1011.0,0.1,0.0,465.0,0.5056,0.0013,0.0001,-0.025,0.0065,0.0
2026-09-03T17:05:53Z,2026-09-03 17:05:30,SPXW,2026-09-03,P,7975.0,7747.25,219.5,4.0,237.4,1.0,259.12,0.0,1.0,0.7094,-0.9987,0.0001,-0.025,0.0065,0.0
2026-09-03T17:05:53Z,2026-09-03 17:05:30,SPXW,2026-09-03,C,7980.0,7747.25,0.0,0.0,0.05,810.0,0.03,2.0,35.0,0.5156,0.0012,0.0,-0.025,0.0064,0.0
2026-09-03T17:05:53Z,2026-09-03 17:05:30,SPXW,2026-09-03,P,7980.0,7747.25,224.5,4.0,241.8,1.0,0.0,0.0,0.0,0.6572,-0.9988,0.0,-0.025,0.0064,0.0
2026-09-03T17:05:53Z,2026-09-03 17:05:30,SPXW,2026-09-03,C,7990.0,7747.25,0.0,0.0,0.05,2117.0,0.0,0.0,22.0,0.5355,0.0012,0.0,-0.025,0.0062,0.0
2026-09-03T17:05:53Z,2026-09-03 17:05:30,SPXW,2026-09-03,P,7990.0,7747.25,234.5,4.0,251.8,1.0,0.0,0.0,0.0,0.6815,-0.9988,0.0,-0.025,0.0062,0.0
2026-09-03T17:05:53Z,2026-09-03 17:05:30,SPXW,2026-09-03,C,8000.0,7747.25,0.0,0.0,0.05,3089.0,0.03,24.0,510.0,0.5553,0.0012,0.0,-0.025,0.006,0.0
2026-09-03T17:05:53Z,2026-09-03 17:05:30,SPXW,2026-09-03,P,8000.0,7747.25,244.6,1.0,262.1,1.0,302.3,2.0,3.0,0.7552,-0.9988,0.0,-0.025,0.006,0.0
2026-09-03T17:05:53Z,2026-09-03 17:05:30,SPXW,2026-09-03,C,8010.0,7747.25,0.0,0.0,0.05,1830.0,0.03,1.0,0.0,0.5751,0.0011,0.0,-0.025,0.0058,0.0
2026-09-03T17:05:53Z,2026-09-03 17:05:30,SPXW,2026-09-03,P,8010.0,7747.25,254.5,4.0,272.4,1.0,0.0,0.0,0.0,0.8005,-0.9989,0.0,-0.025,0.0058,0.0
2026-09-03T17:05:53Z,2026-09-03 17:05:30,SPXW,2026-09-03,C,8020.0,7747.25,0.0,0.0,0.05,1832.0,0.1,0.0,1.0,0.5947,0.0011,0.0,-0.025,0.0056,0.0
2026-09-03T17:05:53Z,2026-09-03 17:05:30,SPXW,2026-09-03,P,8020.0,7747.25,264.5,1.0,282.9,1.0,0.0,0.0,0.0,0.8689,-0.9989,0.0,-0.025,0.0056,0.0
2026-09-03T17:05:53Z,2026-09-03 17:05:30,SPXW,2026-09-03,C,8025.0,7747.25,0.0,0.0,0.05,2268.0,0.11,0.0,597.0,0.6045,0.0011,0.0,-0.025,0.0055,0.0
2026-09-03T17:05:53Z,2026-09-03 17:05:30,SPXW,2026-09-03,P,8025.0,7747.25,269.5,4.0,287.4,1.0,0.0,0.0,0.0,0.8391,-0.9989,0.0,-0.025,0.0055,0.0
2026-09-03T17:05:53Z,2026-09-03 17:05:30,SPXW,2026-09-03,C,8030.0,7747.25,0.0,0.0,0.05,1652.0,0.0,0.0,0.0,0.6143,0.0011,0.0,-0.025,0.0054,0.0
2026-09-03T17:05:53Z,2026-09-03 17:05:30,SPXW,2026-09-03,P,8030.0,7747.25,274.5,4.0,292.1,1.0,0.0,0.0,0.0,0.8192,-0.9989,0.0,-0.025,0.0054,0.0
2026-09-03T17:05:53Z,2026-09-03 17:05:30,SPXW,2026-09-03,C,8050.0,7747.25,0.0,0.0,0.05,2017.0,0.07,0.0,675.0,0.6533,0.001,0.0,-0.025,0.0051,0.0
2026-09-03T17:05:53Z,2026-09-03 17:05:30,SPXW,2026-09-03,P,8050.0,7747.25,294.5,3.0,312.2,1.0,0.0,0.0,0.0,0.8806,-0.999,0.0,-0.025,0.0051,0.0
2026-09-03T17:05:53Z,2026-09-03 17:05:30,SPXW,2026-09-03,C,8075.0,7747.25,0.0,0.0,0.05,2097.0,0.05,0.0,229.0,0.7016,0.001,0.0,-0.025,0.0048,0.0
2026-09-03T17:05:53Z,2026-09-03 17:05:30,SPXW,2026-09-03,P,8075.0,7747.25,319.5,3.0,337.2,1.0,0.0,0.0,0.0,0.9423,-0.999,0.0,-0.025,0.0048,0.0
2026-09-03T17:05:53Z,2026-09-03 17:05:30,SPXW,2026-09-03,C,8100.0,7747.25,0.0,0.0,0.05,2113.0,0.05,0.0,690.0,0.7495,0.0009,0.0,-0.025,0.0045,0.0
2026-09-03T17:05:53Z,2026-09-03 17:05:30,SPXW,2026-09-03,P,8100.0,7747.25,344.6,1.0,362.1,1.0,392.34,0.0,1.0,1.0033,-0.9991,0.0,-0.025,0.0045,0.0
2026-09-03T17:05:53Z,2026-09-03 17:05:30,SPXW,2026-09-03,C,8125.0,7747.25,0.0,0.0,0.05,2085.0,0.05,0.0,20.0,0.7971,0.0008,0.0,-0.025,0.0043,0.0
2026-09-03T17:05:53Z,2026-09-03 17:05:30,SPXW,2026-09-03,P,8125.0,7747.25,369.5,3.0,387.2,1.0,0.0,0.0,0.0,1.0636,-0.9992,0.0,-0.025,0.0043,0.0
2026-09-03T17:05:53Z,2026-09-03 17:05:30,SPXW,2026-09-03,C,8150.0,7747.25,0.0,0.0,0.05,2255.0,0.05,1.0,2301.0,0.8443,0.0008,0.0,-0.025,0.0041,0.0
2026-09-03T17:05:53Z,2026-09-03 17:05:30,SPXW,2026-09-03,P,8150.0,7747.25,394.5,3.0,412.1,1.0,493.12,0.0,3.0,1.1086,-0.9992,0.0,-0.025,0.0041,0.0
2026-09-03T17:05:53Z,2026-09-03 17:05:30,SPXW,2026-09-03,C,8175.0,7747.25,0.0,0.0,0.05,2286.0,0.1,0.0,162.0,0.8911,0.0008,0.0,-0.025,0.0039,0.0
2026-09-03T17:05:53Z,2026-09-03 17:05:30,SPXW,2026-09-03,P,8175.0,7747.25,419.5,1.0,437.1,1.0,0.0,0.0,0.0,1.1672,-0.9992,0.0,-0.025,0.0039,0.0
2026-09-03T17:05:53Z,2026-09-03 17:05:30,SPXW,2026-09-03,C,8200.0,7747.25,0.0,0.0,0.05,2467.0,0.1,0.0,1005.0,0.9376,0.0007,0.0,-0.025,0.0037,0.0
2026-09-03T17:05:53Z,2026-09-03 17:05:30,SPXW,2026-09-03,P,8200.0,7747.25,444.6,1.0,462.4,1.0,0.0,0.0,0.0,1.2831,-0.9993,0.0,-0.025,0.0037,0.0
2026-09-03T17:05:53Z,2026-09-03 17:05:30,SPXW,2026-09-03,C,8225.0,7747.25,0.0,0.0,0.05,2326.0,0.1,0.0,9.0,0.9838,0.0007,0.0,-0.025,0.0036,0.0
2026-09-03T17:05:53Z,2026-09-03 17:05:30,SPXW,2026-09-03,P,8225.0,7747.25,469.5,1.0,487.4,1.0,0.0,0.0,0.0,1.3293,-0.9993,0.0,-0.025,0.0036,0.0
2026-09-03T17:05:53Z,2026-09-03 17:05:30,SPXW,2026-09-03,C,8250.0,7747.25,0.0,0.0,0.05,2448.0,0.05,0.0,76.0,1.0297,0.0007,0.0,-0.025,0.0034,0.0
2026-09-03T17:05:53Z,2026-09-03 17:05:30,SPXW,2026-09-03,P,8250.0,7747.25,494.5,1.0,511.8,1.0,0.0,0.0,0.0,1.2783,-0.9993,0.0,-0.025,0.0034,0.0
2026-09-03T17:05:53Z,2026-09-03 17:05:30,SPXW,2026-09-03,C,8275.0,7747.25,0.0,0.0,0.05,2458.0,1.25,0.0,37.0,1.0753,0.0006,0.0,-0.025,0.0033,0.0
2026-09-03T17:05:53Z,2026-09-03 17:05:30,SPXW,2026-09-03,P,8275.0,7747.25,519.5,1.0,537.4,1.0,0.0,0.0,0.0,1.4464,-0.9994,0.0,-0.025,0.0033,0.0
2026-09-03T17:05:53Z,2026-09-03 17:05:30,SPXW,2026-09-03,C,8300.0,7747.25,0.0,0.0,0.05,2573.0,0.1,0.0,31.0,1.1206,0.0006,0.0,-0.025,0.0032,0.0
2026-09-03T17:05:53Z,2026-09-03 17:05:30,SPXW,2026-09-03,P,8300.0,7747.25,544.5,3.0,562.2,1.0,0.0,0.0,0.0,1.4714,-0.9994,0.0,-0.025,0.0032,0.0
2026-09-03T17:05:53Z,2026-09-03 17:05:30,SPXW,2026-09-03,C,8325.0,7747.25,0.0,0.0,0.05,2562.0,0.1,0.0,1.0,1.1657,0.0006,0.0,-0.025,0.003,0.0
2026-09-03T17:05:53Z,2026-09-03 17:05:30,SPXW,2026-09-03,P,8325.0,7747.25,569.6,1.0,587.2,1.0,0.0,0.0,0.0,1.5453,-0.9994,0.0,-0.025,0.003,0.0
2026-09-03T17:05:53Z,2026-09-03 17:05:30,SPXW,2026-09-03,C,8400.0,7747.25,0.0,0.0,0.05,3418.0,0.15,0.0,753.0,1.2993,0.0005,0.0,-0.025,0.0028,0.0
2026-09-03T17:05:53Z,2026-09-03 17:05:30,SPXW,2026-09-03,P,8400.0,7747.25,644.6,1.0,662.4,1.0,743.42,0.0,3.0,1.7482,-0.9995,0.0,-0.025,0.0028,0.0
2026-09-03T17:05:53Z,2026-09-03 17:05:30,SPXW,2026-09-03,C,8500.0,7747.25,0.0,0.0,0.05,2848.0,0.12,0.0,6.0,1.474,0.0005,0.0,-0.025,0.0025,0.0
2026-09-03T17:05:53Z,2026-09-03 17:05:30,SPXW,2026-09-03,P,8500.0,7747.25,744.5,1.0,762.4,1.0,0.0,0.0,0.0,1.9528,-0.9995,0.0,-0.025,0.0025,0.0
2026-09-03T17:05:53Z,2026-09-03 17:05:30,SPXW,2026-09-04,C,6975.0,7747.25,763.9,1.0,782.3,1.0,708.51,0.0,3.0,0.0,0.9989,0.0,0.0,0.0158,0.7627
2026-09-03T17:05:53Z,2026-09-03 17:05:30,SPXW,2026-09-04,P,6975.0,7747.25,0.05,119.0,0.1,519.0,0.05,2.0,251.0,0.6198,-0.0011,0.0,-0.0741,0.0158,-0.0009
2026-09-03T17:05:53Z,2026-09-03 17:05:30,SPXW,2026-09-04,C,6980.0,7747.25,758.8,1.0,775.8,1.0,0.0,0.0,0.0,0.0,0.9989,0.0,0.0,0.0159,0.7633
2026-09-03T17:05:53Z,2026-09-03 17:05:30,SPXW,2026-09-04,P,6980.0,7747.25,0.05,115.0,0.1,517.0,0.05,28.0,240.0,0.6159,-0.0011,0.0,-0.0744,0.0159,-0.0009
2026-09-03T17:05:53Z,2026-09-03 17:05:30,SPXW,2026-09-04,C,6990.0,7747.25,748.7,1.0,767.3,1.0,649.52,0.0,2.0,0.0,0.9988,0.0,0.0,0.0162,0.7644
2026-09-03T17:05:53Z,2026-09-03 17:05:30,SPXW,2026-09-04,P,6990.0,7747.25,0.05,107.0,0.1,533.0,0.05,3.0,659.0,0.6081,-0.0011,0.0,-0.0752,0.0162,-0.0009
2026-09-03T17:05:53Z,2026-09-03 17:05:30,SPXW,2026-09-04,C,7000.0,7747.25,747.0,1.0,751.0,1.0,716.22,1.0,4342.0,0.642,0.9988,0.0,0.0,0.0166,0.7654
2026-09-03T17:05:53Z,2026-09-03 17:05:30,SPXW,2026-09-04,P,7000.0,7747.25,0.05,271.0,0.1,471.0,0.07,5.0,9222.0,0.6004,-0.0011,0.0,-0.076,0.0165,-0.0009
2026-09-03T17:05:53Z,2026-09-03 17:05:30,SPXW,2026-09-04,C,7010.0,7747.25,728.7,1.0,747.4,1.0,629.84,0.0,2.0,0.0,0.9988,0.0,0.0,0.0169,0.7665
2026-09-03T17:05:53Z,2026-09-03 17:05:30,SPXW,2026-09-04,P,7010.0,7747.25,0.05,215.0,0.1,307.0,0.07,1.0,282.0,0.5926,-0.0012,0.0,-0.0768,0.0169,-0.0009
2026-09-03T17:05:53Z,2026-09-03 17:05:30,SPXW,2026-09-04,C,7020.0,7747.25,718.7,1.0,735.9,1.0,0.0,0.0,0.0,0.0,0.9988,0.0,0.0,0.0173,0.7676
2026-09-03T17:05:53Z,2026-09-03 17:05:30,SPXW,2026-09-04,P,7020.0,7747.25,0.05,339.0,0.1,315.0,0.15,0.0,342.0,0.5848,-0.0012,0.0,-0.0777,0.0172,-0.001
2026-09-03T17:05:53Z,2026-09-03 17:05:30,SPXW,2026-09-04,C,7025.0,7747.25,714.2,1.0,732.4,1.0,649.44,0.0,1.0,0.0,0.9988,0.0,0.0,0.0174,0.7681
2026-09-03T17:05:53Z,2026-09-03 17:05:30,SPXW,2026-09-04,P,7025.0,7747.25,0.05,345.0,0.1,282.0,0.1,3.0,2880.0,0.5805,-0.0012,0.0,-0.078,0.0174,-0.001
2026-09-03T17:05:53Z,2026-09-03 17:05:30,SPXW,2026-09-04,C,7030.0,7747.25,709.2,1.0,725.9,1.0,611.47,0.0,1.0,0.0,0.9988,0.0,0.0,0.0176,0.7687
2026-09-03T17:05:53Z,2026-09-03 17:05:30,SPXW,2026-09-04,P,7030.0,7747.25,0.05,353.0,0.1,298.0,0.1,10.0,98.0,0.5767,-0.0012,0.0,-0.0784,0.0176,-0.001
2026-09-03T17:05:53Z,2026-09-03 17:05:30,SPXW,2026-09-04,C,7040.0,7747.25,699.0,1.0,717.4,1.0,631.04,0.0,2.0,0.0,0.9987,0.0,0.0,0.018,0.7697
2026-09-03T17:05:53Z,2026-09-03 17:05:30,SPXW,2026-09-04,P,7040.0,7747.25,0.05,340.0,0.1,278.0,0.15,0.0,260.0,0.5689,-0.0012,0.0,-0.0793,0.0179,-0.001
2026-09-03T17:05:53Z,2026-09-03 17:05:30,SPXW,2026-09-04,C,7050.0,7747.25,688.8,1.0,707.4,1.0,593.82,0.0,182.0,0.0,0.9987,0.0,0.0,0.0184,0.7708
2026-09-03T17:05:53Z,2026-09-03 17:05:30,SPXW,2026-09-04,P,7050.0,7747.25,0.05,347.0,0.1,160.0,0.05,15.0,4317.0,0.5612,-0.0012,0.0,-0.0802,0.0183,-0.001
2026-09-03T17:05:53Z,2026-09-03 17:05:30,SPXW,2026-09-04,C,7060.0,7747.25,678.9,1.0,697.4,1.0,0.0,0.0,0.0,0.0,0.9987,0.0,0.0,0.0188,0.7719
2026-09-03T17:05:53Z,2026-09-03 17:05:30,SPXW,2026-09-04,P,7060.0,7747.25,0.05,354.0,0.1,144.0,0.1,91.0,352.0,0.5534,-0.0013,0.0,-0.0812,0.0187,-0.001
2026-09-03T17:05:53Z,2026-09-03 17:05:30,SPXW,2026-09-04,C,7070.0,7747.25,668.3,1.0,687.4,1.0,600.28,0.0,2.0,0.0,0.9986,0.0,0.0,0.0192,0.7729
2026-09-03T17:05:53Z,2026-09-03 17:05:30,SPXW,2026-09-04,P,7070.0,7747.25,0.05,492.0,0.1,139.0,0.15,0.0,192.0,0.5456,-0.0013,0.0,-0.0822,0.0191,-0.0011
2026-09-03T17:05:53Z,2026-09-03 17:05:30,SPXW,2026-09-04,C,7075.0,7747.25,663.8,1.0,682.4,1.0,670.92,0.0,73.0,0.0,0.9986,0.0,0.0,0.0194,0.7735
2026-09-03T17:05:53Z,2026-09-03 17:05:30,SPXW,2026-09-04,P,7075.0,7747.25,0.05,551.0,0.1,138.0,0.1,75.0,1041.0,0.5418,-0.0013,0.0,-0.0827,0.0194,-0.0011
2026-09-03T17:05:53Z,2026-09-03 17:05:30,SPXW,2026-09-04,C,7080.0,7747.25,658.8,1.0,675.9,1.0,563.67,0.0,69.0,0.0,0.9986,0.0,0.0,0.0196,0.774
2026-09-03T17:05:53Z,2026-09-03 17:05:30,SPXW,2026-09-04,P,7080.0,7747.25,0.05,509.0,0.1,86.0,0.1,9.0,91.0,0.5379,-0.0013,0.0,-0.0832,0.0196,-0.0011
2026-09-03T17:05:53Z,2026-09-03 17:05:30,SPXW,2026-09-04,C,7090.0,7747.25,648.9,1.0,667.4,1.0,581.43,0.0,2.0,0.0,0.9986,0.0,0.0,0.0201,0.7751
2026-09-03T17:05:53Z,2026-09-03 17:05:30,SPXW,2026-09-04,P,7090.0,7747.25,0.05,548.0,0.1,103.0,0.1,140.0,273.0,0.5302,-0.0014,0.0,-0.0843,0.02,-0.0011
2026-09-03T17:05:53Z,2026-09-03 17:05:30,SPXW,2026-09-04,C,7100.0,7747.25,638.8,1.0,657.4,1.0,586.02,0.0,18.0,0.0,0.9985,0.0,0.0,0.0205,0.7761
2026-09-03T17:05:53Z,2026-09-03 17:05:30,SPXW,2026-09-04,P,7100.0,7747.25,0.05,599.0,0.1,73.0,0.1,14.0,1437.0,0.5224,-0.0014,0.0,-0.0854,0.0205,-0.0011
2026-09-03T17:05:53Z,2026-09-03 17:05:30,SPXW,2026-09-04,C,7110.0,7747.25,629.3,1.0,645.9,1.0,534.36,0.0,2.0,0.0,0.9985,0.0,0.0,0.021,0.7772
2026-09-03T17:05:53Z,2026-09-03 17:05:30,SPXW,2026-09-04,P,7110.0,7747.25,0.05,560.0,0.1,72.0,0.1,8.0,243.0,0.5147,-0.0014,0.0,-0.0865,0.021,-0.0012
2026-09-03T17:05:53Z,2026-09-03 17:05:30,SPXW,2026-09-04,C,7120.0,7747.25,627.7,1.0,630.6,8.0,566.09,0.0,8.0,0.5678,0.9985,0.0,0.0,0.0215,0.7783
2026-09-03T17:05:53Z,2026-09-03 17:05:30,SPXW,2026-09-04,P,7120.0,7747.25,0.05,804.0,0.1,70.0,0.07,2.0,393.0,0.507,-0.0015,0.0,-0.0877,0.0215,-0.0012
2026-09-03T17:05:53Z,2026-09-03 17:05:30,SPXW,2026-09-04,C,7125.0,7747.25,622.7,1.0,625.6,8.0,615.68,3.0,16.0,0.5631,0.9984,0.0,0.0,0.0218,0.7788
2026-09-03T17:05:53Z,2026-09-03 17:05:30,SPXW,2026-09-04,P,7125.0,7747.25,0.05,755.0,0.1,69.0,0.05,10.0,830.0,0.5031,-0.0015,0.0,-0.0883,0.0217,-0.0012
2026-09-03T17:05:53Z,2026-09-03 17:05:30,SPXW,2026-09-04,C,7130.0,7747.25,617.7,1.0,620.6,8.0,540.75,0.0,1.0,0.5583,0.9984,0.0,0.0,0.0221,0.7793
2026-09-03T17:05:53Z,2026-09-03 17:05:30,SPXW,2026-09-04,P,7130.0,7747.25,0.05,692.0,0.1,90.0,0.1,33.0,3798.0,0.4992,-0.0015,0.0,-0.0889,0.022,-0.0012
2026-09-03T17:05:53Z,2026-09-03 17:05:30,SPXW,2026-09-04,C,7140.0,7747.25,607.7,1.0,610.6,1.0,514.7,0.0,7.0,0.5487,0.9984,0.0,0.0,0.0226,0.7804
2026-09-03T17:05:53Z,2026-09-03 17:05:30,SPXW,2026-09-04,P,7140.0,7747.25,0.05,683.0,0.1,83.0,0.1,29.0,12500.0,0.4915,-0.0016,0.0,-0.0902,0.0226,-0.0013
2026-09-03T17:05:53Z,2026-09-03 17:05:30,SPXW,2026-09-04,C,7150.0,7747.25,597.8,1.0,600.6,7.0,479.56,0.0,15.0,0.5497,0.9984,0.0,0.0,0.0232,0.7814
2026-09-03T17:05:53Z,2026-09-03 17:05:30,SPXW,2026-09-04,P,7150.0,7747.25,0.05,751.0,0.1,71.0,0.1,104.0,24379.0,0.4838,-0.0016,0.0,-0.0915,0.0232,-0.0013
2026-09-03T17:05:53Z,2026-09-03 17:05:30,SPXW,2026-09-04,C,7160.0,7747.25,587.7,1.0,590.6,1.0,523.6,0.0,6.0,0.5296,0.9983,0.0,0.0,0.0238,0.7825
2026-09-03T17:05:53Z,2026-09-03 17:05:30,SPXW,2026-09-04,P,7160.0,7747.25,0.05,751.0,0.15,703.0,0.1,26.0,1694.0,0.4882,-0.0016,0.0,-0.0929,0.0238,-0.0013
2026-09-03T17:05:53Z,2026-09-03 17:05:30,SPXW,2026-09-04,C,7170.0,7747.25,577.8,1.0,580.6,1.0,0.0,0.0,0.0,0.5306,0.9983,0.0,0.0,0.0245,0.7836
2026-09-03T17:05:53Z,2026-09-03 17:05:30,SPXW,2026-09-04,P,7170.0,7747.25,0.05,881.0,0.15,665.0,0.07,5.0,442.0,0.4803,-0.0017,0.0,-0.0943,0.0244,-0.0014
2026-09-03T17:05:53Z,2026-09-03 17:05:30,SPXW,2026-09-04,C,7175.0,7747.25,572.8,1.0,575.6,1.0,455.75,0.0,115.0,0.5259,0.9982,0.0,0.0,0.0248,0.7841
2026-09-03T17:05:53Z,2026-09-03 17:05:30,SPXW,2026-09-04,P,7175.0,7747.25,0.05,892.0,0.15,655.0,0.1,108.0,478.0,0.4763,-0.0017,0.0,-0.0951,0.0248,-0.0014
2026-09-03T17:05:53Z,2026-09-03 17:05:30,SPXW,2026-09-04,C,7180.0,7747.25,567.8,1.0,570.6,1.0,286.2,0.0,1.0,0.5211,0.9982,0.0,0.0,0.0252,0.7846
2026-09-03T17:05:53Z,2026-09-03 17:05:30,SPXW,2026-09-04,P,7180.0,7747.25,0.05,919.0,0.15,657.0,0.19,0.0,188.0,0.4724,-0.0017,0.0,-0.0958,0.0251,-0.0014
2026-09-03T17:05:53Z,2026-09-03 17:05:30,SPXW,2026-09-04,C,7185.0,7747.25,562.8,1.0,565.8,7.0,0.0,0.0,0.0,0.5338,0.9982,0.0,0.0,0.0255,0.7852
2026-09-03T17:05:53Z,2026-09-03 17:05:30,SPXW,2026-09-04,P,7185.0,7747.25,0.05,838.0,0.15,637.0,0.25,0.0,18.0,0.4684,-0.0018,0.0,-0.0966,0.0255,-0.0014
2026-09-03T17:05:53Z,2026-09-03 17:05:30,SPXW,2026-09-04,C,7190.0,7747.25,557.8,1.0,560.8,7.0,493.43,0.0,5.0,0.5291,0.9982,0.0,0.0,0.0259,0.7857
2026-09-03T17:05:53Z,2026-09-03 17:05:30,SPXW,2026-09-04,P,7190.0,7747.25,0.05,854.0,0.15,736.0,0.1,58.0,1625.0,0.4645,-0.0018,0.0,-0.0974,0.0258,-0.0015
2026-09-03T17:05:53Z,2026-09-03 17:05:30,SPXW,2026-09-04,C,7195.0,7747.25,552.8,1.0,555.8,7.0,0.0,0.0,0.0,0.5243,0.9981,0.0,0.0,0.0263,0.7862
2026-09-03T17:05:53Z,2026-09-03 17:05:30,SPXW,2026-09-04,P,7195.0,7747.25,0.05,848.0,0.15,717.0,0.1,6.0,7.0,0.4606,-0.0018,0.0,-0.0982,0.0262,-0.0015
2026-09-03T17:05:53Z,2026-09-03 17:05:30,SPXW,2026-09-04,C,7200.0,7747.25,547.8,1.0,550.8,7.0,473.59,0.0,37.0,0.5195,0.9981,0.0,0.0,0.0266,0.7867
2026-09-03T17:05:53Z,2026-09-03 17:05:30,SPXW,2026-09-04,P,7200.0,7747.25,0.05,910.0,0.15,660.0,0.12,89.0,5417.0,0.4566,-0.0018,0.0,-0.0991,0.0266,-0.0015
2026-09-03T17:05:53Z,2026-09-03 17:05:30,SPXW,2026-09-04,C,7205.0,7747.25,542.8,1.0,545.8,7.0,0.0,0.0,0.0,0.5148,0.9981,0.0,0.0,0.027,0.7872
2026-09-03T17:05:53Z,2026-09-03 17:05:30,SPXW,2026-09-04,P,7205.0,7747.25,0.05,866.0,0.15,628.0,0.2,0.0,6.0,0.4527,-0.0019,0.0,-0.1,0.027,-0.0015
2026-09-03T17:05:53Z,2026-09-03 17:05:30,SPXW,2026-09-04,C,7210.0,7747.25,537.8,1.0,540.8,7.0,468.04,0.0,8.0,0.51,0.998,0.0,0.0,0.0274,0.7878
2026-09-03T17:05:53Z,2026-09-03 17:05:30,SPXW,2026-09-04,P,7210.0,7747.25,0.05,894.0,0.15,642.0,0.12,11.0,488.0,0.4487,-0.0019,0.0,-0.1008,0.0274,-0.0016
2026-09-03T17:05:53Z,2026-09-03 17:05:30,SPXW,2026-09-04,C,7215.0,7747.25,532.8,1.0,535.6,7.0,0.0,0.0,0.0,0.488,0.998,0.0,0.0,0.0278,0.7883
2026-09-03T17:05:53Z,2026-09-03 17:05:30,SPXW,2026-09-04,P,7215.0,7747.25,0.05,892.0,0.15,633.0,0.1,1.0,1.0,0.4448,-0.0019,0.0,-0.1017,0.0278,-0.0016
2026-09-03T17:05:53Z,2026-09-03 17:05:30,SPXW,2026-09-04,C,7220.0,7747.25,527.8,1.0,530.6,7.0,452.66,0.0,12.0,0.4832,0.998,0.0,0.0,0.0282,0.7888
2026-09-03T17:05:53Z,2026-09-03 17:05:30,SPXW,2026-09-04,P,7220.0,7747.25,0.05,917.0,0.15,689.0,0.2,0.0,394.0,0.4409,-0.002,0.0,-0.1027,0.0282,-0.0016
2026-09-03T17:05:53Z,2026-09-03 17:05:30,SPXW,2026-09-04,C,7225.0,7747.25,522.8,1.0,525.8,7.0,501.0,0.0,57.0,0.4958,0.998,0.0,0.0,0.0287,0.7893
2026-09-03T17:05:53Z,2026-09-03 17:05:30,SPXW,2026-09-04,P,7225.0,7747.25,0.05,975.0,0.15,678.0,0.1,100.0,608.0,0.4369,-0.002,0.0,-0.1036,0.0286,-0.0016
2026-09-03T17:05:53Z,2026-09-03 17:05:30,SPXW,2026-09-04,C,7230.0,7747.25,517.8,1.0,520.8,7.0,430.53,0.0,4.0,0.491,0.9979,0.0,0.0,0.0291,0.7899
2026-09-03T17:05:53Z,2026-09-03 17:05:30,SPXW,2026-09-04,P,7230.0,7747.25,0.05,844.0,0.15,674.0,0.25,0.0,3806.0,0.433,-0.002,0.0,-0.1046,0.029,-0.0016
2026-09-03T17:05:53Z,2026-09-03 17:05:30,SPXW,2026-09-04,C,7235.0,7747.25,512.8,1.0,515.8,7.0,0.0,0.0,0.0,0.4863,0.9979,0.0,0.0,0.0296,0.7904
2026-09-03T17:05:53Z,2026-09-03 17:05:30,SPXW,2026-09-04,P,7235.0,7747.25,0.05,769.0,0.15,643.0,0.25,0.0,17.0,0.429,-0.0021,0.0,-0.1056,0.0295,-0.0017
2026-09-03T17:05:53Z,2026-09-03 17:05:30,SPXW,2026-09-04,C,7240.0,7747.25,507.8,1.0,510.8,7.0,469.0,0.0,6.0,0.4815,0.9978,0.0,0.0,0.03,0.7909
2026-09-03T17:05:53Z,2026-09-03 17:05:30,SPXW,2026-09-04,P,7240.0,7747.25,0.05,789.0,0.15,644.0,0.15,20.0,398.0,0.4251,-0.0021,0.0,-0.1066,0.03,-0.0017
2026-09-03T17:05:53Z,2026-09-03 17:05:30,SPXW,2026-09-04,C,7245.0,7747.25,502.8,1.0,505.8,7.0,496.8,2.0,1.0,0.4768,0.9978,0.0,0.0,0.0305,0.7914
2026-09-03T17:05:53Z,2026-09-03 17:05:30,SPXW,2026-09-04,P,7245.0,7747.25,0.05,879.0,0.15,698.0,0.12,1.0,14.0,0.421,-0.0021,0.0,-0.1081,0.0305,-0.0017
2026-09-03T17:05:53Z,2026-09-03 17:05:30,SPXW,2026-09-04,C,7250.0,7747.25,497.8,1.0,500.8,7.0,461.95,1.0,26.0,0.4721,0.9978,0.0,0.0,0.031,0.7919
2026-09-03T17:05:53Z,2026-09-03 17:05:30,SPXW,2026-09-04,P,7250.0,7747.25,0.1,41.0,0.15,630.0,0.12,12.0,4685.0,0.4259,-0.0022,0.0,-0.1088,0.0309,-0.0018
2026-09-03T17:05:53Z,2026-09-03 17:05:30,SPXW,2026-09-04,C,7255.0,7747.25,492.8,1.0,495.8,7.0,0.0,0.0,0.0,0.4674,0.9977,0.0,0.0,0.0315,0.7924
2026-09-03T17:05:53Z,2026-09-03 17:05:30,SPXW,2026-09-04,P,7255.0,7747.25,0.1,41.0,0.15,628.0,0.12,27.0,8.0,0.4219,-0.0022,0.0,-0.1099,0.0314,-0.0018
2026-09-03T17:05:53Z,2026-09-03 17:05:30,SPXW,2026-09-04,C,7260.0,7747.25,487.8,1.0,490.8,7.0,484.49,2.0,8.0,0.4626,0.9977,0.0,0.0,0.032,0.793
2026-09-03T17:05:53Z,2026-09-03 17:05:30,SPXW,2026-09-04,P,7260.0,7747.25,0.1,52.0,0.15,718.0,0.12,1.0,1735.0,0.4179,-0.0022,0.0,-0.1111,0.0319,-0.0018
2026-09-03T17:05:53Z,2026-09-03 17:05:30,SPXW,2026-09-04,C,7265.0,7747.25,482.8,1.0,485.8,7.0,476.8,2.0,3.0,0.4579,0.9977,0.0,0.0,0.0325,0.7935
2026-09-03T17:05:53Z,2026-09-03 17:05:30,SPXW,2026-09-04,P,7265.0,7747.25,0.1,75.0,0.15,688.0,0.15,1.0,9.0,0.4139,-0.0023,0.0,-0.1122,0.0325,-0.0019
2026-09-03T17:05:53Z,2026-09-03 17:05:30,SPXW,2026-09-04,C,7270.0,7747.25,477.8,1.0,480.8,7.0,403.97,0.0,9.0,0.4532,0.9976,0.0,0.0,0.0331,0.794
2026-09-03T17:05:53Z,2026-09-03 17:05:30,SPXW,2026-09-04,P,7270.0,7747.25,0.1,100.0,0.15,609.0,0.15,83.0,393.0,0.4099,-0.0023,0.0,-0.1135,0.033,-0.0019
2026-09-03T17:05:53Z,2026-09-03 17:05:30,SPXW,2026-09-04,C,7275.0,7747.25,472.8,1.0,475.8,7.0,468.72,2.0,9.0,0.4485,0.9976,0.0,0.0,0.0336,0.7945
2026-09-03T17:05:53Z,2026-09-03 17:05:30,SPXW,2026-09-04,P,7275.0,7747.25,0.1,188.0,0.15,611.0,0.12,2.0,1006.0,0.4058,-0.0024,0.0,-0.1147,0.0336,-0.0019
2026-09-03T17:05:53Z,2026-09-03 17:05:30,SPXW,2026-09-04,C,7280.0,7747.25,467.8,1.0,470.8,7.0,464.5,2.0,9.0,0.4437,0.9975,0.0,0.0,0.0342,0.795
2026-09-03T17:05:53Z,2026-09-03 17:05:30,SPXW,2026-09-04,P,7280.0,7747.25,0.1,231.0,0.15,570.0,0.25,0.0,410.0,0.4018,-0.0024,0.0,-0.116,0.0342,-0.002
2026-09-03T17:05:53Z,2026-09-03 17:05:30,SPXW,2026-09-04,C,7285.0,7747.25,462.8,8.0,465.8,7.0,387.27,0.0,1.0,0.439,0.9975,0.0,0.0,0.0348,0.7955
2026-09-03T17:05:53Z,2026-09-03 17:05:30,SPXW,2026-09-04,P,7285.0,7747.25,0.1,218.0,0.15,522.0,0.25,0.0,72.0,0.3977,-0.0025,0.0,-0.1177,0.0348,-0.002
2026-09-03T17:05:53Z,2026-09-03 17:05:30,SPXW,2026-09-04,C,7290.0,7747.25,457.8,8.0,460.8,7.0,457.42,2.0,5.0,0.4343,0.9974,0.0,0.0,0.0354,0.796
2026-09-03T17:05:53Z,2026-09-03 17:05:30,SPXW,2026-09-04,P,7290.0,7747.25,0.1,282.0,0.15,388.0,0.1,59.0,362.0,0.3937,-0.0025,0.0,-0.1191,0.0354,-0.002
2026-09-03T17:05:53Z,2026-09-03 17:05:30,SPXW,2026-09-04,C,7295.0,7747.25,452.8,1.0,455.8,7.0,448.67,2.0,1.0,0.4296,0.9974,0.0,0.0,0.0361,0.7965
2026-09-03T17:05:53Z,2026-09-03 17:05:30,SPXW,2026-09-04,P,7295.0,7747.25,0.1,309.0,0.15,268.0,0.12,4.0,45.0,0.3897,-0.0026,0.0,-0.1205,0.0361,-0.0021
2026-09-03T17:05:53Z,2026-09-03 17:05:30,SPXW,2026-09-04,C,7300.0,7747.25,447.8,1.0,450.8,7.0,371.97,0.0,63.0,0.4249,0.9974,0.0,0.0,0.0367,0.797
2026-09-03T17:05:53Z,2026-09-03 17:05:30,SPXW,2026-09-04,P,7300.0,7747.25,0.1,311.0,0.15,249.0,0.15,180.0,4353.0,0.3857,-0.0026,0.0,-0.122,0.0368,-0.0021
2026-09-03T17:05:53Z,2026-09-03 17:05:30,SPXW,2026-09-04,C,7305.0,7747.25,442.9,1.0,445.8,7.0,443.1,2.0,1.0,0.4272,0.9973,0.0,0.0,0.0374,0.7976
2026-09-03T17:05:53Z,2026-09-03 17:05:30,SPXW,2026-09-04,P,7305.0,7747.25,0.1,313.0,0.15,247.0,0.15,5.0,28.0,0.3816,-0.0027,0.0,-0.1235,0.0374,-0.0022
2026-09-03T17:05:53Z,2026-09-03 17:05:30,SPXW,2026-09-04,C,7310.0,7747.25,437.9,1.0,440.8,7.0,438.2,5.0,11.0,0.4225,0.9972,0.0,0.0,0.0381,0.7981
2026-09-03T17:05:53Z,2026-09-03 17:05:30,SPXW,2026-09-04,P,7310.0,7747.25,0.1,328.0,0.15,242.0,0.15,2.0,386.0,0.3776,-0.0027,0.0,-0.1251,0.0382,-0.0022
2026-09-03T17:05:53Z,2026-09-03 17:05:30,SPXW,2026-09-04,C,7315.0,7747.25,432.9,1.0,435.8,7.0,358.89,0.0,0.0,0.4178,0.9972,0.0,0.0,0.0389,0.7986
2026-09-03T17:05:53Z,2026-09-03 17:05:30,SPXW,2026-09-04,P,7315.0,7747.25,0.1,324.0,0.15,266.0,0.12,53.0,93.0,0.3736,-0.0028,0.0,-0.1267,0.0389,-0.0023
2026-09-03T17:05:53Z,2026-09-03 17:05:30,SPXW,2026-09-04,C,7320.0,7747.25,427.9,1.0,430.8,7.0,349.03,0.0,9.0,0.413,0.9971,0.0,0.0,0.0396,0.7991
2026-09-03T17:05:53Z,2026-09-03 17:05:30,SPXW,2026-09-04,P,7320.0,7747.25,0.1,329.0,0.15,133.0,0.15,200.0,332.0,0.3696,-0.0028,0.0,-0.1283,0.0396,-0.0023
2026-09-03T17:05:53Z,2026-09-03 17:05:30,SPXW,2026-09-04,C,7325.0,7747.25,422.9,1.0,425.8,7.0,389.17,0.0,13.0,0.4083,0.9971,0.0001,0.0,0.0404,0.7996
2026-09-03T17:05:53Z,2026-09-03 17:05:30,SPXW,2026-09-04,P,7325.0,7747.25,0.1,385.0,0.15,82.0,0.2,230.0,1879.0,0.3656,-0.0029,0.0001,-0.13,0.0404,-0.0024
2026-09-03T17:05:53Z,2026-09-03 17:05:30,SPXW,2026-09-04,C,7330.0,7747.25,417.7,1.0,420.8,8.0,339.12,0.0,2.0,0.389,0.997,0.0001,0.0,0.0412,0.8001
2026-09-03T17:05:53Z,2026-09-03 17:05:30,SPXW,2026-09-04,P,7330.0,7747.25,0.1,495.0,0.15,78.0,0.15,53.0,469.0,0.3616,-0.003,0.0001,-0.1318,0.0413,-0.0024
2026-09-03T17:05:53Z,2026-09-03 17:05:30,SPXW,2026-09-04,C,7335.0,7747.25,412.7,1.0,415.8,8.0,341.0,0.0,1.0,0.3844,0.9969,0.0001,0.0,0.0421,0.8006
2026-09-03T17:05:53Z,2026-09-03 17:05:30,SPXW,2026-09-04,P,7335.0,7747.25,0.1,539.0,0.15,69.0,0.2,1.0,95.0,0.3576,-0.003,0.0001,-0.1336,0.0421,-0.0025
2026-09-03T17:05:53Z,2026-09-03 17:05:30,SPXW,2026-09-04,C,7340.0,7747.25,407.9,1.0,410.8,8.0,330.13,0.0,4.0,0.3942,0.9969,0.0001,0.0,0.043,0.801
2026-09-03T17:05:53Z,2026-09-03 17:05:30,SPXW,2026-09-04,P,7340.0,7747.25,0.1,656.0,0.2,668.0,0.17,51.0,1181.0,0.3599,-0.0031,0.0001,-0.1356,0.043,-0.0025
2026-09-03T17:05:53Z,2026-09-03 17:05:30,SPXW,2026-09-04,C,7345.0,7747.25,402.9,1.0,405.8,8.0,0.0,0.0,0.0,0.3895,0.9968,0.0001,0.0,0.0439,0.8015
2026-09-03T17:05:53Z,2026-09-03 17:05:30,SPXW,2026-09-04,P,7345.0,7747.25,0.1,809.0,0.2,660.0,0.17,12.0,188.0,0.3558,-0.0032,0.0001,-0.1375,0.0439,-0.0026
2026-09-03T17:05:53Z,2026-09-03 17:05:30,SPXW,2026-09-04,C,7350.0,7747.25,397.9,1.0,400.8,7.0,320.3,0.0,95.0,0.3848,0.9967,0.0001,0.0,0.0448,0.802
2026-09-03T17:05:53Z,2026-09-03 17:05:30,SPXW,2026-09-04,P,7350.0,7747.25,0.1,804.0,0.2,665.0,0.2,276.0,2002.0,0.3518,-0.0032,0.0001,-0.1396,0.0448,-0.0026
2026-09-03T17:05:53Z,2026-09-03 17:05:30,SPXW,2026-09-04,C,7355.0,7747.25,392.9,1.0,395.8,7.0,344.92,2.0,1.0,0.3801,0.9967,0.0001,0.0,0.0458,0.8025
2026-09-03T17:05:53Z,2026-09-03 17:05:30,SPXW,2026-09-04,P,7355.0,7747.25,0.1,830.0,0.2,644.0,0.2,77.0,147.0,0.3477,-0.0033,0.0001,-0.1417,0.0458,-0.0027
2026-09-03T17:05:53Z,2026-09-03 17:05:30,SPXW,2026-09-04,C,7360.0,7747.25,387.9,1.0,390.8,7.0,286.58,0.0,17.0,0.3754,0.9966,0.0001,0.0,0.0468,0.803
2026-09-03T17:05:53Z,2026-09-03 17:05:30,SPXW,2026-09-04,P,7360.0,7747.25,0.1,819.0,0.2,659.0,0.15,63.0,813.0,0.3436,-0.0034,0.0001,-0.1439,0.0468,-0.0028
2026-09-03T17:05:53Z,2026-09-03 17:05:30,SPXW,2026-09-04,C,7365.0,7747.25,382.8,1.0,385.8,7.0,315.63,0.0,1.0,0.364,0.9965,0.0001,0.0,0.0478,0.8035
2026-09-03T17:05:53Z,2026-09-03 17:05:30,SPXW,2026-09-04,P,7365.0,7747.25,0.1,836.0,0.2,637.0,0.2,16.0,180.0,0.3395,-0.0035,0.0001,-0.1462,0.0479,-0.0028
2026-09-03T17:05:53Z,2026-09-03 17:05:30,SPXW,2026-09-04,C,7370.0,7747.25,377.8,1.0,380.8,7.0,286.45,0.0,31.0,0.3593,0.9964,0.0001,0.0,0.0489,0.8039
2026-09-03T17:05:53Z,2026-09-03 17:05:30,SPXW,2026-09-04,P,7370.0,7747.25,0.1,829.0,0.2,621.0,0.2,68.0,921.0,0.3354,-0.0035,0.0001,-0.1486,0.049,-0.0029
2026-09-03T17:05:53Z,2026-09-03 17:05:30,SPXW,2026-09-04,C,7375.0,7747.25,372.8,1.0,375.8,8.0,321.57,2.0,88.0,0.3547,0.9963,0.0001,0.0,0.05,0.8044
2026-09-03T17:05:53Z,2026-09-03 17:05:30,SPXW,2026-09-04,P,7375.0,7747.25,0.1,837.0,0.2,619.0,0.2,138.0,589.0,0.3313,-0.0036,0.0001,-0.151,0.0501,-0.003
2026-09-03T17:05:53Z,2026-09-03 17:05:30,SPXW,2026-09-04,C,7380.0,7747.25,367.8,1.0,370.8,8.0,353.8,3.0,34.0,0.35,0.9962,0.0001,0.0,0.0512,0.8049
2026-09-03T17:05:53Z,2026-09-03 17:05:30,SPXW,2026-09-04,P,7380.0,7747.25,0.1,857.0,0.2,618.0,0.2,42.0,450.0,0.3272,-0.0037,0.0001,-0.1536,0.0512,-0.0031
2026-09-03T17:05:53Z,2026-09-03 17:05:30,SPXW,2026-09-04,C,7385.0,7747.25,362.8,1.0,365.8,8.0,261.43,0.0,1.0,0.3454,0.9961,0.0001,0.0,0.0524,0.8054
2026-09-03T17:05:53Z,2026-09-03 17:05:30,SPXW,2026-09-04,P,7385.0,7747.25,0.15,52.0,0.2,640.0,0.2,636.0,397.0,0.3283,-0.0038,0.0001,-0.1563,0.0525,-0.0031
2026-09-03T17:05:53Z,2026-09-03 17:05:30,SPXW,2026-09-04,C,7390.0,7747.25,357.8,1.0,360.8,8.0,280.15,0.0,36.0,0.3407,0.996,0.0001,0.0,0.0537,0.8058
2026-09-03T17:05:53Z,2026-09-03 17:05:30,SPXW,2026-09-04,P,7390.0,7747.25,0.15,116.0,0.2,435.0,0.2,37.0,699.0,0.3241,-0.0039,0.0001,-0.1591,0.0537,-0.0032
2026-09-03T17:05:53Z,2026-09-03 17:05:30,SPXW,2026-09-04,C,7395.0,7747.25,352.9,1.0,355.7,1.0,301.65,2.0,5.0,0.336,0.9959,0.0001,0.0,0.055,0.8063
2026-09-03T17:05:53Z,2026-09-03 17:05:30,SPXW,2026-09-04,P,7395.0,7747.25,0.15,251.0,0.2,335.0,0.25,124.0,2420.0,0.32,-0.004,0.0001,-0.162,0.055,-0.0033
2026-09-03T17:05:53Z,2026-09-03 17:05:30,SPXW,2026-09-04,C,7400.0,7747.25,347.8,1.0,350.7,1.0,340.1,5.0,173.0,0.324,0.9958,0.0001,0.0,0.0564,0.8067
2026-09-03T17:05:53Z,2026-09-03 17:05:30,SPXW,2026-09-04,P,7400.0,7747.25,0.15,268.0,0.2,295.0,0.2,6375.0,4278.0,0.3158,-0.0041,0.0001,-0.165,0.0564,-0.0034
2026-09-03T17:05:53Z,2026-09-03 17:05:30,SPXW,2026-09-04,C,7405.0,7747.25,342.8,1.0,345.8,8.0,265.03,0.0,0.0,0.3268,0.9957,0.0001,-0.0026,0.0578,0.8072
2026-09-03T17:05:53Z,2026-09-03 17:05:30,SPXW,2026-09-04,P,7405.0,7747.25,0.15,267.0,0.2,340.0,0.22,15.0,249.0,0.3117,-0.0042,0.0001,-0.1682,0.0578,-0.0035
2026-09-03T17:05:53Z,2026-09-03 17:05:30,SPXW,2026-09-04,C,7410.0,7747.25,337.9,1.0,340.8,8.0,327.59,2.0,58.0,0.3285,0.9956,0.0001,-0.0083,0.0593,0.8076
2026-09-03T17:05:53Z,2026-09-03 17:05:30,SPXW,2026-09-04,P,7410.0,7747.25,0.15,317.0,0.2,298.0,0.2,39.0,516.0,0.3075,-0.0044,0.0001,-0.1715,0.0593,-0.0036
2026-09-03T17:05:53Z,2026-09-03 17:05:30,SPXW,2026-09-04,C,7415.0,7747.25,332.9,1.0,335.7,1.0,0.0,0.0,1.0,0.3175,0.9955,0.0001,-0.0142,0.0609,0.8081
2026-09-03T17:05:53Z,2026-09-03 17:05:30,SPXW,2026-09-04,P,7415.0,7747.25,0.15,334.0,0.2,154.0,0.22,23.0,384.0,0.3033,-0.0045,0.0001,-0.1749,0.0609,-0.0037
2026-09-03T17:05:53Z,2026-09-03 17:05:30,SPXW,2026-09-04,C,7420.0,7747.25,328.0,1.0,330.7,1.0,251.05,0.0,24.0,0.3192,0.9953,0.0001,-0.0202,0.0625,0.8085
2026-09-03T17:05:53Z,2026-09-03 17:05:30,SPXW,2026-09-04,P,7420.0,7747.25,0.15,459.0,0.25,602.0,0.25,185.0,1311.0,0.3035,-0.0046,0.0001,-0.1785,0.0626,-0.0038
2026-09-03T17:05:53Z,2026-09-03 17:05:30,SPXW,2026-09-04,C,7425.0,7747.25,323.0,1.0,325.7,1.0,312.68,3.0,55.0,0.3145,0.9952,0.0001,-0.0263,0.0642,0.809
2026-09-03T17:05:53Z,2026-09-03 17:05:30,SPXW,2026-09-04,P,7425.0,7747.25,0.15,614.0,0.25,606.0,0.24,4684.0,3091.0,0.2993,-0.0048,0.0001,-0.1823,0.0643,-0.0039
2026-09-03T17:05:53Z,2026-09-03 17:05:30,SPXW,2026-09-04,C,7430.0,7747.25,318.0,1.0,320.7,1.0,304.28,7.0,18.0,0.3098,0.995,0.0001,-0.0327,0.0661,0.8094
2026-09-03T17:05:53Z,2026-09-03 17:05:30,SPXW,2026-09-04,P,7430.0,7747.25,0.15,726.0,0.25,598.0,0.28,57.0,3581.0,0.295,-0.0049,0.0001,-0.1862,0.0661,-0.004
2026-09-03T17:05:53Z,2026-09-03 17:05:30,SPXW,2026-09-04,C,7435.0,7747.25,312.8,8.0,315.8,7.0,265.27,2.0,0.0,0.2989,0.9949,0.0001,-0.0392,0.068,0.8098
2026-09-03T17:05:53Z,2026-09-03 17:05:30,SPXW,2026-09-04,P,7435.0,7747.25,0.15,760.0,0.25,607.0,0.24,1077.0,409.0,0.2908,-0.0051,0.0001,-0.1904,0.068,-0.0041
2026-09-03T17:05:53Z,2026-09-03 17:05:30,SPXW,2026-09-04,C,7440.0,7747.25,307.8,8.0,310.8,7.0,230.98,0.0,32.0,0.2943,0.9947,0.0001,-0.046,0.07,0.8102
2026-09-03T17:05:53Z,2026-09-03 17:05:30,SPXW,2026-09-04,P,7440.0,7747.25,0.15,769.0,0.25,582.0,0.25,445.0,1041.0,0.2866,-0.0052,0.0001,-0.1947,0.07,-0.0043
2026-09-03T17:05:53Z,2026-09-03 17:05:30,SPXW,2026-09-04,C,7445.0,7747.25,302.9,1.0,305.8,7.0,326.02,0.0,3.0,0.2958,0.9946,0.0001,-0.0529,0.0721,0.8106
2026-09-03T17:05:53Z,2026-09-03 17:05:30,SPXW,2026-09-04,P,7445.0,7747.25,0.15,804.0,0.25,578.0,0.2,201.0,568.0,0.2824,-0.0054,0.0001,-0.1993,0.0721,-0.0044
2026-09-03T17:05:53Z,2026-09-03 17:05:30,SPXW,2026-09-04,C,7450.0,7747.25,297.9,1.0,300.5,1.0,290.2,7.0,185.0,0.2694,0.9944,0.0001,-0.0601,0.0742,0.811
2026-09-03T17:05:53Z,2026-09-03 17:05:30,SPXW,2026-09-04,P,7450.0,7747.25,0.2,9.0,0.25,455.0,0.2,468.0,4770.0,0.2818,-0.0056,0.0001,-0.2041,0.0743,-0.0046
2026-09-03T17:05:53Z,2026-09-03 17:05:30,SPXW,2026-09-04,C,7455.0,7747.25,293.0,1.0,295.5,1.0,197.65,0.0,8.0,0.2733,0.9942,0.0001,-0.0676,0.0766,0.8114
2026-09-03T17:05:53Z,2026-09-03 17:05:30,SPXW,2026-09-04,P,7455.0,7747.25,0.15,845.0,0.25,451.0,0.2,462.0,908.0,0.2739,-0.0058,0.0001,-0.2092,0.0766,-0.0047
2026-09-03T17:05:53Z,2026-09-03 17:05:30,SPXW,2026-09-04,C,7460.0,7747.25,288.0,1.0,290.5,1.0,287.0,6.0,41.0,0.2687,0.994,0.0001,-0.0754,0.079,0.8118
2026-09-03T17:05:53Z,2026-09-03 17:05:30,SPXW,2026-09-04,P,7460.0,7747.25,0.2,187.0,0.25,401.0,0.2,189.0,805.0,0.2732,-0.006,0.0001,-0.2145,0.079,-0.0049
2026-09-03T17:05:53Z,2026-09-03 17:05:30,SPXW,2026-09-04,C,7465.0,7747.25,283.0,1.0,285.5,1.0,186.9,0.0,0.0,0.2641,0.9938,0.0001,-0.0834,0.0815,0.8122
2026-09-03T17:05:53Z,2026-09-03 17:05:30,SPXW,2026-09-04,P,7465.0,7747.25,0.2,235.0,0.25,284.0,0.25,465.0,1055.0,0.269,-0.0062,0.0001,-0.2202,0.0816,-0.0051
2026-09-03T17:05:53Z,2026-09-03 17:05:30,SPXW,2026-09-04,C,7470.0,7747.25,278.0,1.0,280.5,1.0,276.61,6.0,17.0,0.2595,0.9936,0.0002,-0.0918,0.0842,0.8125
2026-09-03T17:05:53Z,2026-09-03 17:05:30,SPXW,2026-09-04,P,7470.0,7747.25,0.2,215.0,0.25,292.0,0.22,502.0,1123.0,0.2647,-0.0064,0.0002,-0.2262,0.0842,-0.0053
2026-09-03T17:05:53Z,2026-09-03 17:05:30,SPXW,2026-09-04,C,7475.0,7747.25,273.1,1.0,275.5,1.0,271.15,13.0,89.0,0.2619,0.9933,0.0002,-0.1005,0.087,0.8129
2026-09-03T17:05:53Z,2026-09-03 17:05:30,SPXW,2026-09-04,P,7475.0,7747.25,0.2,448.0,0.25,129.0,0.27,506.0,2603.0,0.2604,-0.0066,0.0002,-0.2325,0.087,-0.0055
2026-09-03T17:05:53Z,2026-09-03 17:05:30,SPXW,2026-09-04,C,7480.0,7747.25,268.1,1.0,270.5,1.0,264.39,4.0,57.0,0.2573,0.993,0.0002,-0.1097,0.0899,0.8132
2026-09-03T17:05:53Z,2026-09-03 17:05:30,SPXW,2026-09-04,P,7480.0,7747.25,0.2,530.0,0.25,43.0,0.25,271.0,742.0,0.2561,-0.0069,0.0002,-0.2393,0.09,-0.0057
2026-09-03T17:05:53Z,2026-09-03 17:05:30,SPXW,2026-09-04,C,7485.0,7747.25,263.1,1.0,265.5,1.0,208.18,0.0,20.0,0.2526,0.9928,0.0002,-0.1192,0.0931,0.8135
2026-09-03T17:05:53Z,2026-09-03 17:05:30,SPXW,2026-09-04,P,7485.0,7747.25,0.2,671.0,0.25,1.0,0.3,880.0,715.0,0.2518,-0.0072,0.0002,-0.2464,0.0932,-0.0059
2026-09-03T17:05:53Z,2026-09-03 17:05:30,SPXW,2026-09-04,C,7490.0,7747.25,258.1,1.0,260.5,1.0,212.24,5.0,36.0,0.248,0.9925,0.0002,-0.1292,0.0964,0.8138
2026-09-03T17:05:53Z,2026-09-03 17:05:30,SPXW,2026-09-04,P,7490.0,7747.25,0.2,754.0,0.25,1.0,0.25,247.0,1174.0,0.2505,-0.0075,0.0002,-0.254,0.0965,-0.0061
2026-09-03T17:05:53Z,2026-09-03 17:05:30,SPXW,2026-09-04,C,7495.0,7747.25,253.1,1.0,255.6,8.0,173.52,0.0,24.0,0.2492,0.9922,0.0002,-0.1398,0.1,0.8141
2026-09-03T17:05:53Z,2026-09-03 17:05:30,SPXW,2026-09-04,P,7495.0,7747.25,0.2,802.0,0.25,47.0,0.25,322.0,731.0,0.2432,-0.0078,0.0002,-0.2622,0.1001,-0.0064
2026-09-03T17:05:53Z,2026-09-03 17:05:30,SPXW,2026-09-04,C,7500.0,7747.25,247.8,6.0,250.6,1.0,244.13,16.0,563.0,0.2124,0.9918,0.0002,-0.1508,0.1039,0.8144
2026-09-03T17:05:53Z,2026-09-03 17:05:30,SPXW,2026-09-04,P,7500.0,7747.25,0.25,52.0,0.3,465.0,0.25,7846.0,8185.0,0.2446,-0.0081,0.0002,-0.2708,0.104,-0.0067
2026-09-03T17:05:53Z,2026-09-03 17:05:30,SPXW,2026-09-04,C,7505.0,7747.25,243.1,1.0,245.6,8.0,244.23,5.0,58.0,0.2399,0.9915,0.0002,-0.1625,0.1079,0.8147
2026-09-03T17:05:53Z,2026-09-03 17:05:30,SPXW,2026-09-04,P,7505.0,7747.25,0.25,190.0,0.3,373.0,0.3,313.0,687.0,0.2402,-0.0085,0.0002,-0.2801,0.108,-0.007
2026-09-03T17:05:53Z,2026-09-03 17:05:30,SPXW,2026-09-04,C,7510.0,7747.25,237.7,8.0,241.2,7.0,236.4,8.0,1067.0,0.2446,0.9911,0.0002,-0.1749,0.1123,0.8149
2026-09-03T17:05:53Z,2026-09-03 17:05:30,SPXW,2026-09-04,P,7510.0,7747.25,0.25,209.0,0.3,276.0,0.27,472.0,3091.0,0.2358,-0.0088,0.0002,-0.2901,0.1124,-0.0073
2026-09-03T17:05:53Z,2026-09-03 17:05:30,SPXW,2026-09-04,C,7515.0,7747.25,233.1,1.0,235.6,8.0,185.33,1.0,45.0,0.2306,0.9907,0.0002,-0.188,0.1169,0.8151
2026-09-03T17:05:53Z,2026-09-03 17:05:30,SPXW,2026-09-04,P,7515.0,7747.25,0.25,389.0,0.3,47.0,0.3,952.0,9425.0,0.2313,-0.0093,0.0002,-0.3009,0.117,-0.0076
2026-09-03T17:05:53Z,2026-09-03 17:05:30,SPXW,2026-09-04,C,7520.0,7747.25,228.0,8.0,230.6,8.0,149.17,0.0,67.0,0.2204,0.9903,0.0003,-0.202,0.1218,0.8153
2026-09-03T17:05:53Z,2026-09-03 17:05:30,SPXW,2026-09-04,P,7520.0,7747.25,0.25,650.0,0.35,596.0,0.3,5280.0,6762.0,0.2294,-0.0097,0.0003,-0.3125,0.122,-0.008
2026-09-03T17:05:53Z,2026-09-03 17:05:30,SPXW,2026-09-04,C,7525.0,7747.25,223.1,1.0,226.3,7.0,225.36,4.0,1208.0,0.2444,0.9898,0.0003,-0.2169,0.1271,0.8154
2026-09-03T17:05:53Z,2026-09-03 17:05:30,SPXW,2026-09-04,P,7525.0,7747.25,0.25,601.0,0.35,480.0,0.32,6253.0,6585.0,0.2249,-0.0102,0.0003,-0.325,0.1272,-0.0084
2026-09-03T17:05:53Z,2026-09-03 17:05:30,SPXW,2026-09-04,C,7530.0,7747.25,218.2,1.0,220.9,7.0,220.89,7.0,59.0,0.2331,0.9893,0.0003,-0.2329,0.1327,0.8155
2026-09-03T17:05:53Z,2026-09-03 17:05:30,SPXW,2026-09-04,P,7530.0,7747.25,0.3,90.0,0.35,422.0,0.3,1864.0,1376.0,0.2226,-0.0107,0.0003,-0.3386,0.1328,-0.0088
2026-09-03T17:05:53Z,2026-09-03 17:05:30,SPXW,2026-09-04,C,7535.0,7747.25,213.0,8.0,215.9,7.0,171.14,1.0,20.0,0.2209,0.9887,0.0003,-0.2501,0.1387,0.8156
2026-09-03T17:05:53Z,2026-09-03 17:05:30,SPXW,2026-09-04,P,7535.0,7747.25,0.3,222.0,0.35,150.0,0.32,2447.0,1645.0,0.2181,-0.0113,0.0003,-0.3534,0.1389,-0.0093
2026-09-03T17:05:53Z,2026-09-03 17:05:30,SPXW,2026-09-04,C,7540.0,7747.25,208.0,1.0,210.7,8.0,206.64,7.0,68.0,0.2073,0.9881,0.0003,-0.2686,0.1453,0.8157
2026-09-03T17:05:53Z,2026-09-03 17:05:30,SPXW,2026-09-04,P,7540.0,7747.25,0.3,428.0,0.4,523.0,0.37,1023.0,1204.0,0.2156,-0.0119,0.0003,-0.3696,0.1455,-0.0098
2026-09-03T17:05:53Z,2026-09-03 17:05:30,SPXW,2026-09-04,C,7545.0,7747.25,203.2,1.0,205.7,8.0,131.95,0.0,14.0,0.2114,0.9874,0.0004,-0.2885,0.1524,0.8157
2026-09-03T17:05:53Z,2026-09-03 17:05:30,SPXW,2026-09-04,P,7545.0,7747.25,0.3,522.0,0.4,420.0,0.35,855.0,874.0,0.2111,-0.0126,0.0004,-0.3872,0.1526,-0.0104
2026-09-03T17:05:53Z,2026-09-03 17:05:30,SPXW,2026-09-04,C,7550.0,7747.25,197.9,8.0,200.7,1.0,195.02,27.0,257.0,0.1927,0.9867,0.0004,-0.3101,0.1601,0.8156
2026-09-03T17:05:53Z,2026-09-03 17:05:30,SPXW,2026-09-04,P,7550.0,7747.25,0.35,148.0,0.4,174.0,0.45,3508.0,4546.0,0.2085,-0.0133,0.0004,-0.4059,0.1601,-0.0109
2026-09-03T17:05:53Z,2026-09-03 17:05:30,SPXW,2026-09-04,C,7555.0,7747.25,193.1,8.0,195.7,8.0,164.45,2.0,58.0,0.1978,0.9859,0.0004,-0.3337,0.1685,0.8155
2026-09-03T17:05:53Z,2026-09-03 17:05:30,SPXW,2026-09-04,P,7555.0,7747.25,0.35,404.0,0.4,17.0,0.4,979.0,1406.0,0.2039,-0.0141,0.0004,-0.427,0.1685,-0.0116
2026-09-03T17:05:53Z,2026-09-03 17:05:30,SPXW,2026-09-04,C,7560.0,7747.25,188.1,1.0,190.8,7.0,180.54,8.0,97.0,0.1971,0.985,0.0004,-0.3594,0.1775,0.8153
2026-09-03T17:05:53Z,2026-09-03 17:05:30,SPXW,2026-09-04,P,7560.0,7747.25,0.4,114.0,0.45,252.0,0.42,1242.0,1048.0,0.2027,-0.015,0.0004,-0.4503,0.1775,-0.0124
2026-09-03T17:05:53Z,2026-09-03 17:05:30,SPXW,2026-09-04,C,7565.0,7747.25,183.3,8.0,186.0,7.0,140.23,6.0,78.0,0.205,0.984,0.0005,-0.3876,0.1873,0.815
2026-09-03T17:05:53Z,2026-09-03 17:05:30,SPXW,2026-09-04,P,7565.0,7747.25,0.4,338.0,0.45,1.0,0.47,2139.0,1850.0,0.198,-0.0159,0.0005,-0.4761,0.1873,-0.0132
2026-09-03T17:05:53Z,2026-09-03 17:05:30,SPXW,2026-09-04,C,7570.0,7747.25,178.3,1.0,180.8,1.0,144.25,2.0,474.0,0.1942,0.983,0.0005,-0.4186,0.1979,0.8146
2026-09-03T17:05:53Z,2026-09-03 17:05:30,SPXW,2026-09-04,P,7570.0,7747.25,0.45,109.0,0.5,230.0,0.47,1490.0,1954.0,0.1963,-0.017,0.0005,-0.5047,0.1979,-0.0141
2026-09-03T17:05:53Z,2026-09-03 17:05:30,SPXW,2026-09-04,C,7575.0,7747.25,173.0,8.0,176.4,7.0,168.82,13.0,341.0,0.1976,0.9818,0.0005,-0.4528,0.2095,0.8142
2026-09-03T17:05:53Z,2026-09-03 17:05:30,SPXW,2026-09-04,P,7575.0,7747.25,0.45,465.0,0.55,397.0,0.5,1107.0,2740.0,0.193,-0.0182,0.0005,-0.5365,0.2095,-0.0151
2026-09-03T17:05:53Z,2026-09-03 17:05:30,SPXW,2026-09-04,C,7580.0,7747.25,168.2,6.0,171.5,7.0,163.88,17.0,395.0,0.195,0.9804,0.0006,-0.4906,0.2222,0.8137
2026-09-03T17:05:53Z,2026-09-03 17:05:30,SPXW,2026-09-04,P,7580.0,7747.25,0.5,246.0,0.6,514.0,0.55,1454.0,1195.0,0.1908,-0.0195,0.0006,-0.5719,0.2222,-0.0162
2026-09-03T17:05:53Z,2026-09-03 17:05:30,SPXW,2026-09-04,C,7585.0,7747.25,163.5,1.0,165.8,1.0,117.54,44.0,137.0,0.1851,0.979,0.0006,-0.5326,0.2362,0.813
2026-09-03T17:05:53Z,2026-09-03 17:05:30,SPXW,2026-09-04,P,7585.0,7747.25,0.55,123.0,0.6,97.0,0.57,910.0,673.0,0.1872,-0.021,0.0006,-0.6115,0.2362,-0.0174
2026-09-03T17:05:53Z,2026-09-03 17:05:30,SPXW,2026-09-04,C,7590.0,7747.25,158.5,8.0,161.1,1.0,156.61,49.0,171.0,0.187,0.9773,0.0007,-0.5793,0.2516,0.8122
2026-09-03T17:05:53Z,2026-09-03 17:05:30,SPXW,2026-09-04,P,7590.0,7747.25,0.6,114.0,0.65,109.0,0.62,1538.0,1155.0,0.1846,-0.0226,0.0007,-0.6559,0.2516,-0.0188
2026-09-03T17:05:53Z,2026-09-03 17:05:30,SPXW,2026-09-04,C,7595.0,7747.25,153.6,1.0,156.0,8.0,153.57,9.0,56.0,0.1819,0.9755,0.0007,-0.6317,0.2683,0.8112
2026-09-03T17:05:53Z,2026-09-03 17:05:30,SPXW,2026-09-04,P,7595.0,7747.25,0.65,106.0,0.7,115.0,0.65,3466.0,817.0,0.1818,-0.0244,0.0007,-0.7058,0.2683,-0.0203
2026-09-03T17:05:53Z,2026-09-03 17:05:30,SPXW,2026-09-04,C,7600.0,7747.25,148.7,1.0,151.7,8.0,142.01,76.0,691.0,0.1895,0.9734,0.0008,-0.6904,0.2865,0.81
2026-09-03T17:05:53Z,2026-09-03 17:05:30,SPXW,2026-09-04,P,7600.0,7747.25,0.7,183.0,0.8,443.0,0.75,9853.0,6392.0,0.1798,-0.0265,0.0008,-0.7621,0.2865,-0.022
2026-09-03T17:05:53Z,2026-09-03 17:05:30,SPXW,2026-09-04,C,7605.0,7747.25,143.6,8.0,146.0,1.0,146.76,68.0,112.0,0.1716,0.9711,0.0008,-0.7565,0.3065,0.8086
2026-09-03T17:05:53Z,2026-09-03 17:05:30,SPXW,2026-09-04,P,7605.0,7747.25,0.75,396.0,0.85,355.0,0.82,1368.0,1179.0,0.1765,-0.0288,0.0008,-0.8258,0.3065,-0.024
2026-09-03T17:05:53Z,2026-09-03 17:05:30,SPXW,2026-09-04,C,7610.0,7747.25,138.6,1.0,141.1,1.0,141.48,34.0,159.0,0.1684,0.9686,0.0009,-0.8309,0.3288,0.807
2026-09-03T17:05:53Z,2026-09-03 17:05:30,SPXW,2026-09-04,P,7610.0,7747.25,0.85,103.0,0.9,81.0,0.87,4920.0,1346.0,0.174,-0.0314,0.0009,-0.8978,0.3288,-0.0261
2026-09-03T17:05:53Z,2026-09-03 17:05:30,SPXW,2026-09-04,C,7615.0,7747.25,133.7,1.0,136.9,9.0,135.8,128.0,235.0,0.1776,0.9656,0.001,-0.915,0.3532,0.8051
2026-09-03T17:05:53Z,2026-09-03 17:05:30,SPXW,2026-09-04,P,7615.0,7747.25,0.95,45.0,1.0,154.0,0.95,1220.0,1044.0,0.1719,-0.0343,0.001,-0.9796,0.3532,-0.0286
2026-09-03T17:05:53Z,2026-09-03 17:05:30,SPXW,2026-09-04,C,7620.0,7747.25,128.8,1.0,131.6,1.0,128.49,61.0,361.0,0.1693,0.9624,0.0011,-1.0105,0.3799,0.8028
2026-09-03T17:05:53Z,2026-09-03 17:05:30,SPXW,2026-09-04,P,7620.0,7747.25,1.05,32.0,1.1,146.0,1.07,2156.0,1251.0,0.1695,-0.0376,0.0011,-1.0726,0.3799,-0.0314
2026-09-03T17:05:53Z,2026-09-03 17:05:30,SPXW,2026-09-04,C,7625.0,7747.25,123.8,9.0,126.5,1.0,125.83,180.0,849.0,0.1624,0.9586,0.0012,-1.1191,0.4089,0.8003
2026-09-03T17:05:53Z,2026-09-03 17:05:30,SPXW,2026-09-04,P,7625.0,7747.25,1.15,48.0,1.2,108.0,1.15,1480.0,1886.0,0.1668,-0.0413,0.0012,-1.1788,0.4089,-0.0345
2026-09-03T17:05:53Z,2026-09-03 17:05:30,SPXW,2026-09-04,C,7630.0,7747.25,119.2,1.0,122.2,8.0,121.19,180.0,732.0,0.1706,0.9544,0.0013,-1.2425,0.441,0.7973
2026-09-03T17:05:53Z,2026-09-03 17:05:30,SPXW,2026-09-04,P,7630.0,7747.25,1.25,274.0,1.35,247.0,1.3,2255.0,1843.0,0.1645,-0.0455,0.0013,-1.2998,0.441,-0.038
2026-09-03T17:05:53Z,2026-09-03 17:05:30,SPXW,2026-09-04,C,7635.0,7747.25,114.2,1.0,117.2,1.0,116.34,279.0,419.0,0.1648,0.9497,0.0015,-1.3831,0.4764,0.7939
2026-09-03T17:05:53Z,2026-09-03 17:05:30,SPXW,2026-09-04,P,7635.0,7747.25,1.4,136.0,1.5,248.0,1.44,931.0,652.0,0.1623,-0.0502,0.0015,-1.438,0.4764,-0.0419
2026-09-03T17:05:53Z,2026-09-03 17:05:30,SPXW,2026-09-04,C,7640.0,7747.25,109.6,1.0,112.5,8.0,111.35,322.0,319.0,0.1659,0.9444,0.0016,-1.5436,0.5146,0.7899
2026-09-03T17:05:53Z,2026-09-03 17:05:30,SPXW,2026-09-04,P,7640.0,7747.25,1.55,234.0,1.65,231.0,1.63,1613.0,1379.0,0.1598,-0.0556,0.0016,-1.5961,0.5146,-0.0465
2026-09-03T17:05:53Z,2026-09-03 17:05:30,SPXW,2026-09-04,C,7645.0,7747.25,104.6,1.0,107.1,1.0,106.72,1475.0,274.0,0.156,0.9383,0.0018,-1.7272,0.556,0.7854
2026-09-03T17:05:53Z,2026-09-03 17:05:30,SPXW,2026-09-04,P,7645.0,7747.25,1.75,108.0,1.8,84.0,1.75,883.0,566.0,0.1579,-0.0616,0.0018,-1.7773,0.556,-0.0516
2026-09-03T17:05:53Z,2026-09-03 17:05:30,SPXW,2026-09-04,C,7650.0,7747.25,100.0,1.0,102.3,1.0,101.97,1727.0,1675.0,0.1556,0.9315,0.002,-1.9367,0.6014,0.7802
2026-09-03T17:05:53Z,2026-09-03 17:05:30,SPXW,2026-09-04,P,7650.0,7747.25,1.95,208.0,2.05,232.0,2.0,6105.0,4096.0,0.1556,-0.0684,0.002,-1.9844,0.6014,-0.0573
2026-09-03T17:05:53Z,2026-09-03 17:05:30,SPXW,2026-09-04,C,7655.0,7747.25,95.7,4.0,97.3,4.0,97.54,161.0,361.0,0.152,0.9239,0.0022,-2.1762,0.6505,0.7742
2026-09-03T17:05:53Z,2026-09-03 17:05:30,SPXW,2026-09-04,P,7655.0,7747.25,2.2,61.0,2.25,66.0,2.25,1121.0,660.0,0.1532,-0.0761,0.0022,-2.2214,0.6505,-0.0638
2026-09-03T17:05:53Z,2026-09-03 17:05:30,SPXW,2026-09-04,C,7660.0,7747.25,90.9,4.0,92.5,4.0,91.2,212.0,541.0,0.1504,0.9152,0.0024,-2.4501,0.7027,0.7674
2026-09-03T17:05:53Z,2026-09-03 17:05:30,SPXW,2026-09-04,P,7660.0,7747.25,2.45,233.0,2.55,151.0,2.5,1988.0,724.0,0.1512,-0.0847,0.0024,-2.493,0.7027,-0.0711
2026-09-03T17:05:53Z,2026-09-03 17:05:30,SPXW,2026-09-04,C,7665.0,7747.25,86.3,4.0,87.8,4.0,87.91,199.0,582.0,0.1482,0.9056,0.0026,-2.7625,0.759,0.7599
2026-09-03T17:05:53Z,2026-09-03 17:05:30,SPXW,2026-09-04,P,7665.0,7747.25,2.75,163.0,2.85,126.0,2.85,2329.0,1256.0,0.1494,-0.0944,0.0026,-2.803,0.759,-0.0792
2026-09-03T17:05:53Z,2026-09-03 17:05:30,SPXW,2026-09-04,C,7670.0,7747.25,81.6,4.0,83.2,4.0,83.73,349.0,1040.0,0.1463,0.8947,0.0029,-3.1188,0.8193,0.7512
2026-09-03T17:05:53Z,2026-09-03 17:05:30,SPXW,2026-09-04,P,7670.0,7747.25,3.1,173.0,3.2,109.0,3.17,2324.0,1308.0,0.147,-0.1052,0.0029,-3.1569,0.8193,-0.0885
2026-09-03T17:05:53Z,2026-09-03 17:05:30,SPXW,2026-09-04,C,7675.0,7747.25,77.0,4.0,78.5,5.0,78.18,772.0,1388.0,0.1443,0.8826,0.0031,-3.5249,0.882,0.7414
2026-09-03T17:05:53Z,2026-09-03 17:05:30,SPXW,2026-09-04,P,7675.0,7747.25,3.5,91.0,3.6,110.0,3.53,2688.0,2534.0,0.1451,-0.1173,0.0031,-3.5606,0.882,-0.0988
2026-09-03T17:05:53Z,2026-09-03 17:05:30,SPXW,2026-09-04,C,7680.0,7747.25,72.5,4.0,74.0,4.0,74.6,1202.0,2021.0,0.143,0.8691,0.0034,-3.9859,0.9485,0.7306
2026-09-03T17:05:53Z,2026-09-03 17:05:30,SPXW,2026-09-04,P,7680.0,7747.25,3.9,172.0,4.1,138.0,4.02,2573.0,1776.0,0.1431,-0.1308,0.0034,-4.0192,0.9485,-0.1102
2026-09-03T17:05:53Z,2026-09-03 17:05:30,SPXW,2026-09-04,C,7685.0,7747.25,68.0,4.0,69.5,4.0,70.06,1463.0,653.0,0.1404,0.8542,0.0037,-4.5082,1.0179,0.7183
2026-09-03T17:05:53Z,2026-09-03 17:05:30,SPXW,2026-09-04,P,7685.0,7747.25,4.4,106.0,4.6,122.0,4.52,2137.0,447.0,0.1416,-0.1458,0.0037,-4.5391,1.0179,-0.123
2026-09-03T17:05:53Z,2026-09-03 17:05:30,SPXW,2026-09-04,C,7690.0,7747.25,63.6,4.0,65.1,4.0,64.78,1000.0,708.0,0.1388,0.8376,0.0041,-5.098,1.0885,0.7048
2026-09-03T17:05:53Z,2026-09-03 17:05:30,SPXW,2026-09-04,P,7690.0,7747.25,5.0,94.0,5.1,11.0,5.06,3030.0,509.0,0.1394,-0.1624,0.0041,-5.1265,1.0885,-0.1371
2026-09-03T17:05:53Z,2026-09-03 17:05:30,SPXW,2026-09-04,C,7695.0,7747.25,59.3,4.0,60.7,4.0,60.53,1373.0,751.0,0.1373,0.8194,0.0044,-5.7591,1.1617,0.6898
2026-09-03T17:05:53Z,2026-09-03 17:05:30,SPXW,2026-09-04,P,7695.0,7747.25,5.7,7.0,5.8,92.0,5.75,2813.0,562.0,0.1375,-0.1806,0.0044,-5.7852,1.1617,-0.1526
2026-09-03T17:05:53Z,2026-09-03 17:05:30,SPXW,2026-09-04,C,7700.0,7747.25,54.9,4.0,56.4,4.0,55.98,4549.0,4723.0,0.1347,0.7993,0.0048,-6.496,1.2347,0.6732
2026-09-03T17:05:53Z,2026-09-03 17:05:30,SPXW,2026-09-04,P,7700.0,7747.25,6.4,68.0,6.5,20.0,6.4,7990.0,3395.0,0.1357,-0.2006,0.0048,-6.5196,1.2347,-0.1698
2026-09-03T17:05:53Z,2026-09-03 17:05:30,SPXW,2026-09-04,C,7705.0,7747.25,50.8,4.0,52.2,4.0,52.7,2201.0,679.0,0.1331,0.7775,0.0051,-7.3072,1.3074,0.6552
2026-09-03T17:05:53Z,2026-09-03 17:05:30,SPXW,2026-09-04,P,7705.0,7747.25,7.2,96.0,7.4,106.0,7.16,2105.0,352.0,0.134,-0.2225,0.0051,-7.3285,1.3074,-0.1883
2026-09-03T17:05:53Z,2026-09-03 17:05:30,SPXW,2026-09-04,C,7710.0,7747.25,47.0,14.0,48.0,15.0,47.84,3784.0,1141.0,0.1325,0.7537,0.0055,-8.1868,1.3794,0.6352
2026-09-03T17:05:53Z,2026-09-03 17:05:30,SPXW,2026-09-04,P,7710.0,7747.25,8.2,43.0,8.3,45.0,8.2,2116.0,901.0,0.132,-0.2463,0.0055,-8.2057,1.3794,-0.2088
2026-09-03T17:05:53Z,2026-09-03 17:05:30,SPXW,2026-09-04,C,7715.0,7747.25,42.9,18.0,44.2,4.0,43.83,3143.0,2424.0,0.1304,0.7279,0.0058,-9.1219,1.4474,0.6139
2026-09-03T17:05:53Z,2026-09-03 17:05:30,SPXW,2026-09-04,P,7715.0,7747.25,9.2,87.0,9.4,92.0,9.4,1831.0,479.0,0.1306,-0.2721,0.0058,-9.1384,1.4474,-0.2307
2026-09-03T17:05:53Z,2026-09-03 17:05:30,SPXW,2026-09-04,C,7720.0,7747.25,39.2,19.0,40.3,17.0,40.0,4441.0,1468.0,0.1284,0.7001,0.0062,-10.0848,1.5125,0.5906
2026-09-03T17:05:53Z,2026-09-03 17:05:30,SPXW,2026-09-04,P,7720.0,7747.25,10.4,73.0,10.6,81.0,10.5,2696.0,873.0,0.1286,-0.2998,0.0062,-10.0988,1.5125,-0.2546
2026-09-03T17:05:53Z,2026-09-03 17:05:30,SPXW,2026-09-04,C,7725.0,7747.25,36.0,19.0,36.2,3.0,36.5,4101.0,3133.0,0.1276,0.6703,0.0066,-11.0389,1.5708,0.5657
2026-09-03T17:05:53Z,2026-09-03 17:05:30,SPXW,2026-09-04,P,7725.0,7747.25,11.7,80.0,11.9,62.0,11.5,2950.0,1643.0,0.1271,-0.3296,0.0066,-11.0506,1.5708,-0.28
2026-09-03T17:05:53Z,2026-09-03 17:05:30,SPXW,2026-09-04,C,7730.0,7747.25,32.5,15.0,32.7,14.0,32.5,3708.0,1025.0,0.1261,0.6386,0.0069,-11.9292,1.6225,0.539
2026-09-03T17:05:53Z,2026-09-03 17:05:30,SPXW,2026-09-04,P,7730.0,7747.25,13.2,47.0,13.4,69.0,13.4,3112.0,376.0,0.1254,-0.3613,0.0069,-11.9384,1.6225,-0.3072
2026-09-03T17:05:53Z,2026-09-03 17:05:30,SPXW,2026-09-04,C,7735.0,7747.25,29.2,5.0,29.4,23.0,29.28,2745.0,640.0,0.1248,0.6051,0.0072,-12.6898,1.6647,0.5108
2026-09-03T17:05:53Z,2026-09-03 17:05:30,SPXW,2026-09-04,P,7735.0,7747.25,14.9,7.0,15.0,30.0,14.7,1159.0,227.0,0.1238,-0.3949,0.0072,-12.6966,1.6647,-0.336
2026-09-03T17:05:53Z,2026-09-03 17:05:30,SPXW,2026-09-04,C,7740.0,7747.25,26.0,13.0,26.2,42.0,26.07,4578.0,1089.0,0.1232,0.5698,0.0074,-13.2498,1.6964,0.4811
2026-09-03T17:05:53Z,2026-09-03 17:05:30,SPXW,2026-09-04,P,7740.0,7747.25,16.7,14.0,16.8,19.0,16.8,2245.0,661.0,0.1225,-0.4302,0.0074,-13.2543,1.6964,-0.3663
2026-09-03T17:05:53Z,2026-09-03 17:05:30,SPXW,2026-09-04,C,7745.0,7747.25,23.0,15.0,23.2,54.0,23.4,3211.0,1555.0,0.1217,0.5331,0.0076,-13.537,1.7156,0.4502
2026-09-03T17:05:53Z,2026-09-03 17:05:30,SPXW,2026-09-04,P,7745.0,7747.25,18.7,14.0,18.8,7.0,18.7,1613.0,217.0,0.121,-0.4669,0.0076,-13.539,1.7156,-0.3977
2026-09-03T17:05:53Z,2026-09-03 17:05:30,SPXW,2026-09-04,C,7750.0,7747.25,20.2,26.0,20.4,68.0,20.32,9048.0,5368.0,0.1203,0.4952,0.0077,-13.5038,1.721,0.418
2026-09-03T17:05:53Z,2026-09-03 17:05:30,SPXW,2026-09-04,P,7750.0,7747.25,20.9,20.0,21.0,12.0,21.0,2104.0,3284.0,0.1197,-0.5048,0.0077,-13.5034,1.721,-0.4304
2026-09-03T17:05:53Z,2026-09-03 17:05:30,SPXW,2026-09-04,C,7755.0,7747.25,17.6,27.0,17.8,64.0,17.95,4020.0,1597.0,0.1189,0.4565,0.0077,-13.1229,1.7117,0.3855
2026-09-03T17:05:53Z,2026-09-03 17:05:30,SPXW,2026-09-04,P,7755.0,7747.25,23.3,23.0,23.5,56.0,22.8,593.0,163.0,0.1183,-0.5435,0.0077,-13.1201,1.7117,-0.4635
2026-09-03T17:05:53Z,2026-09-03 17:05:30,SPXW,2026-09-04,C,7760.0,7747.25,15.2,45.0,15.4,67.0,15.6,4320.0,1311.0,0.1175,0.4174,0.0077,-12.4163,1.6866,0.3522
2026-09-03T17:05:53Z,2026-09-03 17:05:30,SPXW,2026-09-04,P,7760.0,7747.25,25.9,29.0,26.1,32.0,26.1,557.0,288.0,0.117,-0.5825,0.0077,-12.4111,1.6866,-0.4973
2026-09-03T17:05:53Z,2026-09-03 17:05:30,SPXW,2026-09-04,C,7765.0,7747.25,13.1,53.0,13.2,7.0,13.3,2465.0,862.0,0.1168,0.3785,0.0076,-11.4345,1.6464,0.3196
2026-09-03T17:05:53Z,2026-09-03 17:05:30,SPXW,2026-09-04,P,7765.0,7747.25,28.7,22.0,28.9,12.0,29.1,283.0,112.0,0.1162,-0.6214,0.0076,-11.4269,1.6464,-0.5305
2026-09-03T17:05:53Z,2026-09-03 17:05:30,SPXW,2026-09-04,C,7770.0,7747.25,11.1,76.0,11.3,86.0,11.3,3308.0,1292.0,0.1154,0.3403,0.0073,-10.2663,1.5904,0.2869
2026-09-03T17:05:53Z,2026-09-03 17:05:30,SPXW,2026-09-04,P,7770.0,7747.25,31.8,10.0,32.0,11.0,31.3,253.0,281.0,0.1148,-0.6597,0.0073,-10.2563,1.5904,-0.5637
2026-09-03T17:05:53Z,2026-09-03 17:05:30,SPXW,2026-09-04,C,7775.0,7747.25,9.4,74.0,9.6,87.0,9.5,3238.0,1985.0,0.1147,0.3032,0.007,-9.0048,1.5217,0.2557
2026-09-03T17:05:53Z,2026-09-03 17:05:30,SPXW,2026-09-04,P,7775.0,7747.25,35.0,14.0,35.2,2.0,34.7,183.0,314.0,0.1141,-0.6968,0.007,-8.9924,1.5217,-0.5955
2026-09-03T17:05:53Z,2026-09-03 17:05:30,SPXW,2026-09-04,C,7780.0,7747.25,7.9,76.0,8.1,109.0,8.14,3144.0,1256.0,0.1142,0.2678,0.0067,-7.7435,1.4399,0.2256
2026-09-03T17:05:53Z,2026-09-03 17:05:30,SPXW,2026-09-04,P,7780.0,7747.25,38.5,12.0,38.7,1.0,39.51,64.0,157.0,0.1132,-0.7321,0.0067,-7.7287,1.4399,-0.6261
2026-09-03T17:05:53Z,2026-09-03 17:05:30,SPXW,2026-09-04,C,7785.0,7747.25,6.6,39.0,6.7,75.0,6.6,2170.0,1035.0,0.1134,0.2346,0.0063,-6.551,1.3496,0.1974
2026-09-03T17:05:53Z,2026-09-03 17:05:30,SPXW,2026-09-04,P,7785.0,7747.25,41.7,4.0,43.0,4.0,47.3,32.0,83.0,0.1138,-0.7654,0.0063,-6.5338,1.3496,-0.6548
2026-09-03T17:05:53Z,2026-09-03 17:05:30,SPXW,2026-09-04,C,7790.0,7747.25,5.4,111.0,5.6,105.0,5.4,2819.0,990.0,0.1128,0.2038,0.0058,-5.474,1.2516,0.1715
2026-09-03T17:05:53Z,2026-09-03 17:05:30,SPXW,2026-09-04,P,7790.0,7747.25,45.5,4.0,46.9,4.0,45.8,53.0,164.0,0.1138,-0.7962,0.0058,-5.4544,1.2516,-0.6813
2026-09-03T17:05:53Z,2026-09-03 17:05:30,SPXW,2026-09-04,C,7795.0,7747.25,4.5,30.0,4.6,64.0,4.8,2018.0,1283.0,0.1127,0.1757,0.0053,-4.5326,1.1501,0.1475
2026-09-03T17:05:53Z,2026-09-03 17:05:30,SPXW,2026-09-04,P,7795.0,7747.25,49.5,10.0,51.0,4.0,55.4,17.0,66.0,0.1133,-0.8243,0.0053,-4.5106,1.1501,-0.7058
2026-09-03T17:05:53Z,2026-09-03 17:05:30,SPXW,2026-09-04,C,7800.0,7747.25,3.6,130.0,3.8,110.0,3.7,5957.0,5578.0,0.1127,0.1504,0.0048,-3.7303,1.0475,0.1264
2026-09-03T17:05:53Z,2026-09-03 17:05:30,SPXW,2026-09-04,P,7800.0,7747.25,53.7,4.0,55.2,4.0,53.7,78.0,820.0,0.1134,-0.8495,0.0048,-3.7058,1.0475,-0.7275
2026-09-03T17:05:53Z,2026-09-03 17:05:30,SPXW,2026-09-04,C,7805.0,7747.25,3.0,105.0,3.1,138.0,3.19,2082.0,1064.0,0.1125,0.1281,0.0043,-3.0588,0.9462,0.1074
2026-09-03T17:05:53Z,2026-09-03 17:05:30,SPXW,2026-09-04,P,7805.0,7747.25,58.0,4.0,59.5,4.0,62.77,6.0,180.0,0.1133,-0.8718,0.0043,-3.032,0.9462,-0.7471
2026-09-03T17:05:53Z,2026-09-03 17:05:30,SPXW,2026-09-04,C,7810.0,7747.25,2.45,37.0,2.5,25.0,2.5,3487.0,2570.0,0.1126,0.1086,0.0038,-2.5042,0.8493,0.091
2026-09-03T17:05:53Z,2026-09-03 17:05:30,SPXW,2026-09-04,P,7810.0,7747.25,62.4,4.0,63.9,4.0,68.56,22.0,148.0,0.1138,-0.8913,0.0038,-2.475,0.8493,-0.764
2026-09-03T17:05:53Z,2026-09-03 17:05:30,SPXW,2026-09-04,C,7815.0,7747.25,2.0,47.0,2.05,95.0,2.13,1782.0,986.0,0.113,0.0919,0.0034,-2.0512,0.7576,0.0768
2026-09-03T17:05:53Z,2026-09-03 17:05:30,SPXW,2026-09-04,P,7815.0,7747.25,66.9,4.0,68.5,4.0,71.97,1.0,185.0,0.1152,-0.9081,0.0034,-2.0196,0.7576,-0.7787
2026-09-03T17:05:53Z,2026-09-03 17:05:30,SPXW,2026-09-04,C,7820.0,7747.25,1.6,132.0,1.7,238.0,1.65,14399.0,3518.0,0.1136,0.0776,0.0029,-1.6837,0.6734,0.0648
2026-09-03T17:05:53Z,2026-09-03 17:05:30,SPXW,2026-09-04,P,7820.0,7747.25,71.5,4.0,73.1,4.0,73.01,11.0,74.0,0.1148,-0.9224,0.0029,-1.6497,0.6734,-0.7913
2026-09-03T17:05:53Z,2026-09-03 17:05:30,SPXW,2026-09-04,C,7825.0,7747.25,1.3,162.0,1.4,244.0,1.35,13696.0,3450.0,0.1143,0.0655,0.0026,-1.3879,0.5966,0.0546
2026-09-03T17:05:53Z,2026-09-03 17:05:30,SPXW,2026-09-04,P,7825.0,7747.25,76.2,4.0,77.8,4.0,147.22,0.0,192.0,0.1158,-0.9344,0.0026,-1.3515,0.5966,-0.802
2026-09-03T17:05:53Z,2026-09-03 17:05:30,SPXW,2026-09-04,C,7830.0,7747.25,1.05,238.0,1.15,227.0,1.12,9695.0,1761.0,0.115,0.0555,0.0022,-1.1504,0.5281,0.0462
2026-09-03T17:05:53Z,2026-09-03 17:05:30,SPXW,2026-09-04,P,7830.0,7747.25,81.0,4.0,82.6,4.0,86.5,4.0,12.0,0.1178,-0.9445,0.0022,-1.1115,0.5281,-0.811
2026-09-03T17:05:53Z,2026-09-03 17:05:30,SPXW,2026-09-04,C,7835.0,7747.25,0.85,287.0,0.95,180.0,0.9,7511.0,2392.0,0.116,0.0471,0.0019,-0.9604,0.4676,0.0392
2026-09-03T17:05:53Z,2026-09-03 17:05:30,SPXW,2026-09-04,P,7835.0,7747.25,85.8,4.0,87.4,4.0,92.55,4.0,2.0,0.1203,-0.9528,0.0019,-0.9192,0.4676,-0.8186
2026-09-03T17:05:53Z,2026-09-03 17:05:30,SPXW,2026-09-04,C,7840.0,7747.25,0.7,330.0,0.8,193.0,0.77,768.0,892.0,0.1173,0.0402,0.0017,-0.8084,0.4144,0.0334
2026-09-03T17:05:53Z,2026-09-03 17:05:30,SPXW,2026-09-04,P,7840.0,7747.25,90.6,4.0,92.3,4.0,105.34,1.0,20.0,0.1198,-0.9598,0.0017,-0.7647,0.4144,-0.8249
2026-09-03T17:05:53Z,2026-09-03 17:05:30,SPXW,2026-09-04,C,7845.0,7747.25,0.6,221.0,0.7,210.0,0.62,3581.0,1098.0,0.1195,0.0345,0.0015,-0.6866,0.3684,0.0286
2026-09-03T17:05:53Z,2026-09-03 17:05:30,SPXW,2026-09-04,P,7845.0,7747.25,95.5,4.0,97.2,4.0,100.62,9.0,15.0,0.1237,-0.9655,0.0015,-0.6406,0.3684,-0.8302
2026-09-03T17:05:53Z,2026-09-03 17:05:30,SPXW,2026-09-04,C,7850.0,7747.25,0.5,409.0,0.6,273.0,0.57,2415.0,5694.0,0.1211,0.0298,0.0013,-0.5889,0.3284,0.0247
2026-09-03T17:05:53Z,2026-09-03 17:05:30,SPXW,2026-09-04,P,7850.0,7747.25,100.2,7.0,102.8,9.0,108.74,20.0,92.0,0.1275,-0.9702,0.0013,-0.5404,0.3284,-0.8347
2026-09-03T17:05:53Z,2026-09-03 17:05:30,SPXW,2026-09-04,C,7855.0,7747.25,0.45,186.0,0.5,116.0,0.5,133.0,1518.0,0.1232,0.0259,0.0011,-0.5099,0.294,0.0215
2026-09-03T17:05:53Z,2026-09-03 17:05:30,SPXW,2026-09-04,P,7855.0,7747.25,105.1,8.0,107.6,8.0,120.35,50.0,5.0,0.1278,-0.974,0.0011,-0.459,0.294,-0.8385
2026-09-03T17:05:53Z,2026-09-03 17:05:30,SPXW,2026-09-04,C,7860.0,7747.25,0.4,79.0,0.45,195.0,0.4,445.0,1276.0,0.1258,0.0227,0.001,-0.4459,0.2645,0.0187
2026-09-03T17:05:53Z,2026-09-03 17:05:30,SPXW,2026-09-04,P,7860.0,7747.25,110.0,8.0,112.7,9.0,116.41,53.0,25.0,0.1328,-0.9773,0.001,-0.3926,0.2645,-0.8417
2026-09-03T17:05:53Z,2026-09-03 17:05:30,SPXW,2026-09-04,C,7865.0,7747.25,0.35,117.0,0.4,109.0,0.35,414.0,749.0,0.1281,0.02,0.0009,-0.3937,0.2389,0.0165
2026-09-03T17:05:53Z,2026-09-03 17:05:30,SPXW,2026-09-04,P,7865.0,7747.25,115.0,1.0,117.5,7.0,164.87,2.0,0.0,0.1359,-0.9799,0.0009,-0.338,0.2389,-0.8445
2026-09-03T17:05:53Z,2026-09-03 17:05:30,SPXW,2026-09-04,C,7870.0,7747.25,0.3,445.0,0.4,637.0,0.35,537.0,802.0,0.1315,0.0178,0.0008,-0.3507,0.2168,0.0147
2026-09-03T17:05:53Z,2026-09-03 17:05:30,SPXW,2026-09-04,P,7870.0,7747.25,119.9,8.0,122.6,8.0,123.14,5.0,17.0,0.1388,-0.9822,0.0008,-0.2926,0.2168,-0.8469
2026-09-03T17:05:53Z,2026-09-03 17:05:30,SPXW,2026-09-04,C,7875.0,7747.25,0.25,672.0,0.35,398.0,0.32,214.0,1108.0,0.1332,0.0159,0.0007,-0.3152,0.1977,0.0131
2026-09-03T17:05:53Z,2026-09-03 17:05:30,SPXW,2026-09-04,P,7875.0,7747.25,125.0,1.0,127.6,8.0,171.45,2.0,167.0,0.1459,-0.984,0.0007,-0.2547,0.1977,-0.849
2026-09-03T17:05:53Z,2026-09-03 17:05:30,SPXW,2026-09-04,C,7880.0,7747.25,0.25,260.0,0.3,73.0,0.3,184.0,2952.0,0.136,0.0143,0.0006,-0.2855,0.1812,0.0118
2026-09-03T17:05:53Z,2026-09-03 17:05:30,SPXW,2026-09-04,P,7880.0,7747.25,129.9,1.0,132.6,8.0,240.01,0.0,55.0,0.1486,-0.9856,0.0006,-0.2227,0.1812,-0.8509
2026-09-03T17:05:53Z,2026-09-03 17:05:30,SPXW,2026-09-04,C,7885.0,7747.25,0.25,10.0,0.3,414.0,0.25,124.0,820.0,0.1405,0.013,0.0006,-0.2607,0.1668,0.0107
2026-09-03T17:05:53Z,2026-09-03 17:05:30,SPXW,2026-09-04,P,7885.0,7747.25,134.9,1.0,137.4,7.0,181.82,2.0,0.0,0.1511,-0.987,0.0006,-0.1954,0.1668,-0.8525
2026-09-03T17:05:53Z,2026-09-03 17:05:30,SPXW,2026-09-04,C,7890.0,7747.25,0.2,622.0,0.3,602.0,0.25,118.0,1649.0,0.1432,0.0118,0.0005,-0.2392,0.1538,0.0097
2026-09-03T17:05:53Z,2026-09-03 17:05:30,SPXW,2026-09-04,P,7890.0,7747.25,139.8,8.0,142.5,8.0,247.13,0.0,10.0,0.1533,-0.9881,0.0005,-0.172,0.1541,-0.854
2026-09-03T17:05:53Z,2026-09-03 17:05:30,SPXW,2026-09-04,C,7895.0,7747.25,0.2,287.0,0.25,210.0,0.25,179.0,485.0,0.1456,0.0108,0.0004,-0.2213,0.1428,0.0089
2026-09-03T17:05:53Z,2026-09-03 17:05:30,SPXW,2026-09-04,P,7895.0,7747.25,144.9,1.0,147.5,8.0,215.66,0.0,4.0,0.1607,-0.9891,0.0004,-0.1516,0.143,-0.8554
2026-09-03T17:05:53Z,2026-09-03 17:05:30,SPXW,2026-09-04,C,7900.0,7747.25,0.2,122.0,0.25,395.0,0.2,9801.0,17805.0,0.1498,0.01,0.0004,-0.206,0.133,0.0082
2026-09-03T17:05:53Z,2026-09-03 17:05:30,SPXW,2026-09-04,P,7900.0,7747.25,149.6,1.0,152.5,8.0,156.35,17.0,34.0,0.1567,-0.99,0.0004,-0.1338,0.1333,-0.8566
2026-09-03T17:05:53Z,2026-09-03 17:05:30,SPXW,2026-09-04,C,7905.0,7747.25,0.2,8.0,0.25,587.0,0.15,14.0,499.0,0.1541,0.0092,0.0004,-0.1927,0.1244,0.0076
2026-09-03T17:05:53Z,2026-09-03 17:05:30,SPXW,2026-09-04,P,7905.0,7747.25,154.8,1.0,157.5,8.0,0.0,0.0,0.0,0.1674,-0.9907,0.0004,-0.1181,0.1246,-0.8578
2026-09-03T17:05:53Z,2026-09-03 17:05:30,SPXW,2026-09-04,C,7910.0,7747.25,0.15,754.0,0.25,682.0,0.2,313.0,472.0,0.1561,0.0086,0.0004,-0.1812,0.1167,0.007
2026-09-03T17:05:53Z,2026-09-03 17:05:30,SPXW,2026-09-04,P,7910.0,7747.25,159.8,1.0,162.5,8.0,172.57,3.0,3.0,0.1721,-0.9914,0.0004,-0.1041,0.1169,-0.8589
2026-09-03T17:05:53Z,2026-09-03 17:05:30,SPXW,2026-09-04,C,7915.0,7747.25,0.15,636.0,0.25,687.0,0.2,111.0,436.0,0.1603,0.008,0.0003,-0.171,0.1098,0.0066
2026-09-03T17:05:53Z,2026-09-03 17:05:30,SPXW,2026-09-04,P,7915.0,7747.25,164.7,8.0,167.4,1.0,235.87,0.0,5.0,0.1704,-0.9919,0.0003,-0.0916,0.11,-0.8599
2026-09-03T17:05:53Z,2026-09-03 17:05:30,SPXW,2026-09-04,C,7920.0,7747.25,0.15,317.0,0.2,270.0,0.15,13.0,732.0,0.1619,0.0075,0.0003,-0.1621,0.1036,0.0061
2026-09-03T17:05:53Z,2026-09-03 17:05:30,SPXW,2026-09-04,P,7920.0,7747.25,169.7,8.0,172.4,1.0,286.98,0.0,1.0,0.175,-0.9924,0.0003,-0.0802,0.1037,-0.8609
2026-09-03T17:05:53Z,2026-09-03 17:05:30,SPXW,2026-09-04,C,7925.0,7747.25,0.15,146.0,0.2,419.0,0.14,3248.0,2494.0,0.166,0.0071,0.0003,-0.1542,0.098,0.0058
2026-09-03T17:05:53Z,2026-09-03 17:05:30,SPXW,2026-09-04,P,7925.0,7747.25,174.7,8.0,177.4,1.0,181.65,1.0,4.0,0.1795,-0.9929,0.0003,-0.0698,0.0981,-0.8618
2026-09-03T17:05:53Z,2026-09-03 17:05:30,SPXW,2026-09-04,C,7930.0,7747.25,0.15,83.0,0.2,529.0,0.17,56.0,949.0,0.1701,0.0066,0.0003,-0.1471,0.0929,0.0054
2026-09-03T17:05:53Z,2026-09-03 17:05:30,SPXW,2026-09-04,P,7930.0,7747.25,179.5,1.0,182.3,7.0,252.62,0.0,8.0,0.1758,-0.9933,0.0003,-0.0603,0.093,-0.8627
2026-09-03T17:05:53Z,2026-09-03 17:05:30,SPXW,2026-09-04,C,7935.0,7747.25,0.1,805.0,0.2,600.0,0.1,54.0,273.0,0.1711,0.0063,0.0002,-0.1407,0.0883,0.0051
2026-09-03T17:05:53Z,2026-09-03 17:05:30,SPXW,2026-09-04,P,7935.0,7747.25,181.8,15.0,189.5,1.0,257.4,0.0,1.0,0.1607,-0.9937,0.0002,-0.0515,0.0884,-0.8636
2026-09-03T17:05:53Z,2026-09-03 17:05:30,SPXW,2026-09-04,C,7940.0,7747.25,0.1,815.0,0.2,660.0,0.15,53.0,809.0,0.1751,0.006,0.0002,-0.1349,0.0841,0.0048
2026-09-03T17:05:53Z,2026-09-03 17:05:30,SPXW,2026-09-04,P,7940.0,7747.25,186.8,15.0,194.5,1.0,296.55,0.0,3.0,0.165,-0.994,0.0002,-0.0434,0.0842,-0.8644
2026-09-03T17:05:53Z,2026-09-03 17:05:30,SPXW,2026-09-04,C,7950.0,7747.25,0.1,812.0,0.15,11.0,0.12,179.0,4404.0,0.1795,0.0054,0.0002,-0.125,0.0767,0.0044
2026-09-03T17:05:53Z,2026-09-03 17:05:30,SPXW,2026-09-04,P,7950.0,7747.25,196.0,1.0,206.8,1.0,271.77,0.0,13.0,0.223,-0.9946,0.0002,-0.0286,0.0767,-0.866
2026-09-03T17:05:53Z,2026-09-03 17:05:30,SPXW,2026-09-04,C,7960.0,7747.25,0.1,288.0,0.15,275.0,0.12,7.0,552.0,0.1873,0.0049,0.0002,-0.1168,0.0704,0.004
2026-09-03T17:05:53Z,2026-09-03 17:05:30,SPXW,2026-09-04,P,7960.0,7747.25,204.0,1.0,217.0,1.0,316.8,0.0,3.0,0.0,-0.995,0.0002,-0.0156,0.0704,-0.8674
2026-09-03T17:05:53Z,2026-09-03 17:05:30,SPXW,2026-09-04,C,7970.0,7747.25,0.1,160.0,0.15,359.0,0.1,11.0,359.0,0.1951,0.0045,0.0002,-0.1099,0.0649,0.0036
2026-09-03T17:05:53Z,2026-09-03 17:05:30,SPXW,2026-09-04,P,7970.0,7747.25,212.5,1.0,230.5,1.0,291.85,0.0,35.0,0.2468,-0.9955,0.0002,-0.0038,0.065,-0.8689
2026-09-03T17:05:53Z,2026-09-03 17:05:30,SPXW,2026-09-04,C,7975.0,7747.25,0.1,113.0,0.15,475.0,0.15,5.0,612.0,0.199,0.0043,0.0001,-0.1068,0.0625,0.0035
2026-09-03T17:05:53Z,2026-09-03 17:05:30,SPXW,2026-09-04,P,7975.0,7747.25,217.5,1.0,234.9,1.0,269.04,2.0,2.0,0.2353,-0.9956,0.0001,0.0,0.0626,-0.8696
2026-09-03T17:05:53Z,2026-09-03 17:05:30,SPXW,2026-09-04,C,7980.0,7747.25,0.05,868.0,0.15,718.0,0.1,19.0,474.0,0.1982,0.0042,0.0001,-0.104,0.0603,0.0034
2026-09-03T17:05:53Z,2026-09-03 17:05:30,SPXW,2026-09-04,P,7980.0,7747.25,223.9,1.0,240.2,1.0,335.88,0.0,51.0,0.2785,-0.9958,0.0001,0.0,0.0604,-0.8702
2026-09-03T17:05:53Z,2026-09-03 17:05:30,SPXW,2026-09-04,C,7990.0,7747.25,0.05,840.0,0.15,697.0,0.1,49.0,346.0,0.2057,0.0038,0.0001,-0.099,0.0563,0.0031
2026-09-03T17:05:53Z,2026-09-03 17:05:30,SPXW,2026-09-04,P,7990.0,7747.25,233.9,1.0,249.4,1.0,319.15,0.0,35.0,0.2728,-0.9961,0.0001,0.0,0.0563,-0.8716
2026-09-03T17:05:53Z,2026-09-03 17:05:30,SPXW,2026-09-04,C,8000.0,7747.25,0.05,842.0,0.1,112.0,0.1,443.0,7239.0,0.2073,0.0036,0.0001,-0.0946,0.0528,0.0029
2026-09-03T17:05:53Z,2026-09-03 17:05:30,SPXW,2026-09-04,P,8000.0,7747.25,249.0,1.0,252.5,8.0,259.9,13.0,3136.0,0.2046,-0.9964,0.0001,0.0,0.0528,-0.8729
2026-09-03T17:05:53Z,2026-09-03 17:05:30,SPXW,2026-09-04,C,8010.0,7747.25,0.05,840.0,0.15,878.0,0.1,11.0,235.0,0.2208,0.0034,0.0001,-0.0909,0.0497,0.0027
2026-09-03T17:05:53Z,2026-09-03 17:05:30,SPXW,2026-09-04,P,8010.0,7747.25,253.9,1.0,269.8,1.0,334.95,0.0,1.0,0.3006,-0.9966,0.0001,0.0,0.0497,-0.8742
2026-09-03T17:05:53Z,2026-09-03 17:05:30,SPXW,2026-09-04,C,8020.0,7747.25,0.05,793.0,0.1,176.0,0.07,49.0,425.0,0.2219,0.0032,0.0001,-0.0876,0.0469,0.0026
2026-09-03T17:05:53Z,2026-09-03 17:05:30,SPXW,2026-09-04,P,8020.0,7747.25,263.8,1.0,279.4,1.0,347.9,0.0,2.0,0.2991,-0.9968,0.0001,0.0,0.0469,-0.8754
2026-09-03T17:05:53Z,2026-09-03 17:05:30,SPXW,2026-09-04,C,8025.0,7747.25,0.05,704.0,0.1,174.0,0.05,208.0,755.0,0.2253,0.0031,0.0001,-0.0865,0.0458,0.0025
2026-09-03T17:05:53Z,2026-09-03 17:05:30,SPXW,2026-09-04,P,8025.0,7747.25,273.9,6.0,277.2,1.0,353.33,0.0,801.0,0.0,-0.9969,0.0001,0.0,0.0457,-0.876
2026-09-03T17:05:53Z,2026-09-03 17:05:30,SPXW,2026-09-04,C,8030.0,7747.25,0.05,564.0,0.1,242.0,0.05,5.0,195.0,0.2289,0.003,0.0001,-0.0851,0.0446,0.0024
2026-09-03T17:05:53Z,2026-09-03 17:05:30,SPXW,2026-09-04,P,8030.0,7747.25,273.8,1.0,289.7,1.0,359.71,0.0,2.0,0.3155,-0.997,0.0001,0.0,0.0445,-0.8767
2026-09-03T17:05:53Z,2026-09-03 17:05:30,SPXW,2026-09-04,C,8040.0,7747.25,0.05,249.0,0.1,372.0,0.05,5.0,178.0,0.2362,0.0029,0.0001,-0.0826,0.0424,0.0023
2026-09-03T17:05:53Z,2026-09-03 17:05:30,SPXW,2026-09-04,P,8040.0,7747.25,283.8,1.0,299.4,1.0,325.66,1.0,3.0,0.3179,-0.9971,0.0001,0.0,0.0423,-0.8779
2026-09-03T17:05:53Z,2026-09-03 17:05:30,SPXW,2026-09-04,C,8050.0,7747.25,0.05,223.0,0.1,326.0,0.05,5.0,5657.0,0.2434,0.0027,0.0001,-0.0803,0.0404,0.0022
2026-09-03T17:05:53Z,2026-09-03 17:05:30,SPXW,2026-09-04,P,8050.0,7747.25,298.8,7.0,302.5,8.0,336.08,4.0,206.0,0.2299,-0.9972,0.0001,0.0,0.0403,-0.8791
2026-09-03T17:05:53Z,2026-09-03 17:05:30,SPXW,2026-09-04,C,8060.0,7747.25,0.05,170.0,0.1,526.0,0.05,6.0,67.0,0.2505,0.0026,0.0001,-0.0784,0.0386,0.0021
2026-09-03T17:05:53Z,2026-09-03 17:05:30,SPXW,2026-09-04,P,8060.0,7747.25,302.4,1.0,320.0,1.0,343.89,2.0,1.0,0.3119,-0.9974,0.0001,0.0,0.0385,-0.8803
2026-09-03T17:05:53Z,2026-09-03 17:05:30,SPXW,2026-09-04,C,8070.0,7747.25,0.05,156.0,0.1,654.0,0.05,0.0,35.0,0.2577,0.0025,0.0001,-0.0766,0.037,0.002
2026-09-03T17:05:53Z,2026-09-03 17:05:30,SPXW,2026-09-04,P,8070.0,7747.25,312.4,1.0,329.8,1.0,321.53,6.0,2.0,0.3126,-0.9975,0.0001,0.0,0.0369,-0.8815
2026-09-03T17:05:53Z,2026-09-03 17:05:30,SPXW,2026-09-04,C,8075.0,7747.25,0.0,0.0,0.1,676.0,0.05,1.0,349.0,0.2518,0.0024,0.0001,-0.0758,0.0362,0.002
2026-09-03T17:05:53Z,2026-09-03 17:05:30,SPXW,2026-09-04,P,8075.0,7747.25,317.4,1.0,334.7,1.0,416.75,0.0,15.0,0.3124,-0.9975,0.0001,0.0,0.0361,-0.882
2026-09-03T17:05:53Z,2026-09-03 17:05:30,SPXW,2026-09-04,C,8080.0,7747.25,0.0,0.0,0.1,726.0,0.06,12.0,41.0,0.2553,0.0024,0.0001,-0.075,0.0355,0.0019
2026-09-03T17:05:53Z,2026-09-03 17:05:30,SPXW,2026-09-04,P,8080.0,7747.25,323.8,1.0,339.7,1.0,331.84,2.0,1.0,0.3627,-0.9976,0.0001,0.0,0.0354,-0.8826
2026-09-03T17:05:53Z,2026-09-03 17:05:30,SPXW,2026-09-04,C,8090.0,7747.25,0.0,0.0,0.1,741.0,0.1,0.0,63.0,0.2622,0.0023,0.0001,-0.0735,0.0342,0.0018
2026-09-03T17:05:53Z,2026-09-03 17:05:30,SPXW,2026-09-04,P,8090.0,7747.25,333.8,1.0,349.7,1.0,341.5,6.0,16.0,0.372,-0.9977,0.0001,0.0,0.0341,-0.8838
2026-09-03T17:05:53Z,2026-09-03 17:05:30,SPXW,2026-09-04,C,8100.0,7747.25,0.0,0.0,0.1,809.0,0.05,1.0,1040.0,0.269,0.0022,0.0001,-0.0722,0.0329,0.0018
2026-09-03T17:05:53Z,2026-09-03 17:05:30,SPXW,2026-09-04,P,8100.0,7747.25,342.4,1.0,360.0,1.0,351.59,2.0,102.0,0.3472,-0.9978,0.0001,0.0,0.0328,-0.885
2026-09-03T17:05:53Z,2026-09-03 17:05:30,SPXW,2026-09-04,C,8110.0,7747.25,0.0,0.0,0.1,810.0,0.1,0.0,152.0,0.2758,0.0021,0.0,-0.0711,0.0318,0.0017
2026-09-03T17:05:53Z,2026-09-03 17:05:30,SPXW,2026-09-04,P,8110.0,7747.25,353.8,1.0,370.0,1.0,361.81,4.0,2.0,0.398,-0.9978,0.0,0.0,0.0317,-0.8861
2026-09-03T17:05:53Z,2026-09-03 17:05:30,SPXW,2026-09-04,C,8120.0,7747.25,0.0,0.0,0.1,786.0,0.1,0.0,637.0,0.2827,0.002,0.0,-0.07,0.0307,0.0016
2026-09-03T17:05:53Z,2026-09-03 17:05:30,SPXW,2026-09-04,P,8120.0,7747.25,363.8,1.0,379.3,1.0,371.7,3.0,1.0,0.3888,-0.9979,0.0,0.0,0.0306,-0.8873
2026-09-03T17:05:53Z,2026-09-03 17:05:30,SPXW,2026-09-04,C,8125.0,7747.25,0.0,0.0,0.1,815.0,0.05,0.0,449.0,0.2861,0.002,0.0,-0.0695,0.0302,0.0016
2026-09-03T17:05:53Z,2026-09-03 17:05:30,SPXW,2026-09-04,P,8125.0,7747.25,367.4,1.0,385.0,1.0,458.8,0.0,35.0,0.3691,-0.998,0.0,0.0,0.0302,-0.8879
2026-09-03T17:05:53Z,2026-09-03 17:05:30,SPXW,2026-09-04,C,8130.0,7747.25,0.0,0.0,0.1,845.0,0.05,6.0,110.0,0.2894,0.002,0.0,-0.069,0.0298,0.0016
2026-09-03T17:05:53Z,2026-09-03 17:05:30,SPXW,2026-09-04,P,8130.0,7747.25,373.8,1.0,390.0,1.0,396.83,2.0,4.0,0.4166,-0.998,0.0,0.0,0.0297,-0.8884
2026-09-03T17:05:53Z,2026-09-03 17:05:30,SPXW,2026-09-04,C,8140.0,7747.25,0.0,0.0,0.1,945.0,0.15,0.0,50.0,0.2964,0.0019,0.0,-0.0679,0.0287,0.0015
2026-09-03T17:05:53Z,2026-09-03 17:05:30,SPXW,2026-09-04,P,8140.0,7747.25,383.7,1.0,400.0,1.0,476.88,0.0,10.0,0.4234,-0.998,0.0,0.0,0.0288,-0.8896
2026-09-03T17:05:53Z,2026-09-03 17:05:30,SPXW,2026-09-04,C,8150.0,7747.25,0.0,0.0,0.1,965.0,0.05,3.0,601.0,0.3032,0.0019,0.0,-0.067,0.0279,0.0015
2026-09-03T17:05:53Z,2026-09-03 17:05:30,SPXW,2026-09-04,P,8150.0,7747.25,392.4,1.0,410.3,1.0,415.02,4.0,2.0,0.4026,-0.9981,0.0,0.0,0.0279,-0.8907
2026-09-03T17:05:53Z,2026-09-03 17:05:30,SPXW,2026-09-04,C,8160.0,7747.25,0.0,0.0,0.1,987.0,0.15,0.0,2.0,0.3099,0.0018,0.0,-0.0663,0.0271,0.0014
2026-09-03T17:05:53Z,2026-09-03 17:05:30,SPXW,2026-09-04,P,8160.0,7747.25,402.4,1.0,420.0,1.0,498.2,0.0,35.0,0.3996,-0.9982,0.0,0.0,0.0271,-0.8919
2026-09-03T17:05:53Z,2026-09-03 17:05:30,SPXW,2026-09-04,C,8170.0,7747.25,0.0,0.0,0.1,1004.0,0.05,1.0,155.0,0.3166,0.0018,0.0,-0.0656,0.0263,0.0014
2026-09-03T17:05:53Z,2026-09-03 17:05:30,SPXW,2026-09-04,P,8170.0,7747.25,413.7,1.0,429.5,1.0,433.92,4.0,11.0,0.4368,-0.9982,0.0,0.0,0.0263,-0.893
2026-09-03T17:05:53Z,2026-09-03 17:05:30,SPXW,2026-09-04,C,8175.0,7747.25,0.0,0.0,0.1,1015.0,0.05,0.0,3077.0,0.3199,0.0017,0.0,-0.0652,0.026,0.0014
2026-09-03T17:05:53Z,2026-09-03 17:05:30,SPXW,2026-09-04,P,8175.0,7747.25,417.4,1.0,434.5,1.0,513.75,0.0,7.0,0.3868,-0.9982,0.0,0.0,0.026,-0.8936
2026-09-03T17:05:53Z,2026-09-03 17:05:30,SPXW,2026-09-04,C,8200.0,7747.25,0.0,0.0,0.05,616.0,0.05,0.0,810.0,0.3183,0.0016,0.0,-0.0639,0.0244,0.0013
2026-09-03T17:05:53Z,2026-09-03 17:05:30,SPXW,2026-09-04,P,8200.0,7747.25,442.3,1.0,459.7,1.0,462.69,4.0,8.0,0.4139,-0.9983,0.0,0.0,0.0243,-0.8964
2026-09-03T17:05:53Z,2026-09-03 17:05:30,SPXW,2026-09-04,C,8225.0,7747.25,0.0,0.0,0.05,138.0,0.05,0.0,400.0,0.334,0.0015,0.0,-0.0626,0.023,0.0012
2026-09-03T17:05:53Z,2026-09-03 17:05:30,SPXW,2026-09-04,P,8225.0,7747.25,468.7,1.0,484.7,1.0,477.23,5.0,2.0,0.492,-0.9984,0.0,0.0,0.0229,-0.8992
2026-09-03T17:05:53Z,2026-09-03 17:05:30,SPXW,2026-09-04,C,8250.0,7747.25,0.0,0.0,0.05,470.0,0.1,0.0,4577.0,0.3497,0.0014,0.0,-0.0614,0.0217,0.0012
2026-09-03T17:05:53Z,2026-09-03 17:05:30,SPXW,2026-09-04,P,8250.0,7747.25,492.3,1.0,510.3,1.0,501.63,1.0,3.0,0.4856,-0.9985,0.0,0.0,0.0216,-0.902
2026-09-03T17:05:53Z,2026-09-03 17:05:30,SPXW,2026-09-04,C,8275.0,7747.25,0.0,0.0,0.05,232.0,0.1,0.0,356.0,0.3652,0.0014,0.0,-0.0604,0.0206,0.0011
2026-09-03T17:05:53Z,2026-09-03 17:05:30,SPXW,2026-09-04,P,8275.0,7747.25,517.3,1.0,534.6,1.0,0.0,0.0,0.0,0.4703,-0.9986,0.0,0.0,0.0205,-0.9048
2026-09-03T17:05:53Z,2026-09-03 17:05:30,SPXW,2026-09-04,C,8300.0,7747.25,0.0,0.0,0.05,674.0,0.1,0.0,2546.0,0.3807,0.0013,0.0,-0.0594,0.0196,0.001
2026-09-03T17:05:53Z,2026-09-03 17:05:30,SPXW,2026-09-04,P,8300.0,7747.25,542.3,1.0,560.2,1.0,0.0,0.0,0.0,0.5238,-0.9987,0.0,0.0,0.0195,-0.9076
2026-09-03T17:05:53Z,2026-09-03 17:05:30,SPXW,2026-09-04,C,8325.0,7747.25,0.0,0.0,0.05,1385.0,0.1,0.0,97.0,0.3961,0.0012,0.0,-0.0585,0.0187,0.001
2026-09-03T17:05:53Z,2026-09-03 17:05:30,SPXW,2026-09-04,P,8325.0,7747.25,567.3,1.0,584.6,1.0,684.15,0.0,3.0,0.5116,-0.9987,0.0,0.0,0.0186,-0.9104
2026-09-03T17:05:53Z,2026-09-03 17:05:30,SPXW,2026-09-04,C,8350.0,7747.25,0.0,0.0,0.05,744.0,0.05,0.0,237.0,0.4114,0.0012,0.0,-0.0577,0.0178,0.0009
2026-09-03T17:05:53Z,2026-09-03 17:05:30,SPXW,2026-09-04,P,8350.0,7747.25,592.3,1.0,609.2,1.0,0.0,0.0,0.0,0.4984,-0.9988,0.0,0.0,0.0178,-0.9132
2026-09-03T17:05:53Z,2026-09-03 17:05:30,SPXW,2026-09-04,C,8375.0,7747.25,0.0,0.0,0.05,1491.0,0.35,0.0,500.0,0.4266,0.0011,0.0,-0.057,0.0171,0.0009
2026-09-03T17:05:53Z,2026-09-03 17:05:30,SPXW,2026-09-04,P,8375.0,7747.25,618.6,1.0,634.2,1.0,0.0,0.0,0.0,0.6002,-0.9988,0.0,0.0,0.017,-0.916
2026-09-03T17:05:53Z,2026-09-03 17:05:30,SPXW,2026-09-04,C,8400.0,7747.25,0.0,0.0,0.05,2197.0,0.05,0.0,3929.0,0.4419,0.0011,0.0,-0.0561,0.0163,0.0009
2026-09-03T17:05:53Z,2026-09-03 17:05:30,SPXW,2026-09-04,P,8400.0,7747.25,642.3,1.0,659.2,1.0,760.45,0.0,2.0,0.5392,-0.9989,0.0,0.0,0.0163,-0.9187
2026-09-03T17:05:53Z,2026-09-03 17:05:30,SPXW,2026-09-04,C,8425.0,7747.25,0.0,0.0,0.05,1423.0,0.0,0.0,0.0,0.4567,0.001,0.0,-0.0556,0.0157,0.0008
2026-09-03T17:05:53Z,2026-09-03 17:05:30,SPXW,2026-09-04,P,8425.0,7747.25,667.3,1.0,684.9,1.0,0.0,0.0,0.0,0.6123,-0.9989,0.0,0.0,0.0157,-0.9215
2026-09-03T17:05:53Z,2026-09-03 17:05:30,SPXW,2026-09-04,C,8450.0,7747.25,0.0,0.0,0.05,1474.0,0.05,0.0,44.0,0.4717,0.001,0.0,-0.0549,0.0151,0.0008
2026-09-03T17:05:53Z,2026-09-03 17:05:30,SPXW,2026-09-04,P,8450.0,7747.25,692.2,1.0,710.2,1.0,0.0,0.0,0.0,0.6438,-0.999,0.0,0.0,0.0151,-0.9243
2026-09-03T17:05:53Z,2026-09-03 17:05:30,SPXW,2026-09-04,C,8475.0,7747.25,0.0,0.0,0.05,1559.0,0.1,0.0,13.0,0.4865,0.001,0.0,-0.0543,0.0146,0.0008
2026-09-03T17:05:53Z,2026-09-03 17:05:30,SPXW,2026-09-04,P,8475.0,7747.25,718.7,1.0,734.4,1.0,0.0,0.0,0.0,0.6964,-0.999,0.0,0.0,0.0145,-0.927
2026-09-03T17:05:53Z,2026-09-03 17:05:30,SPXW,2026-09-04,C,8500.0,7747.25,0.0,0.0,0.05,3075.0,0.05,0.0,1006.0,0.5013,0.0009,0.0,-0.0537,0.014,0.0007
2026-09-03T17:05:53Z,2026-09-03 17:05:30,SPXW,2026-09-04,P,8500.0,7747.25,742.2,1.0,759.6,1.0,0.0,0.0,0.0,0.6466,-0.999,0.0,0.0,0.014,-0.9298
2026-09-03T17:05:53Z,2026-09-03 17:05:30,SPXW,2026-09-08,C,6975.0,7747.25,764.9,1.0,783.0,1.0,0.0,0.0,0.0,0.0,0.9978,0.0,0.0,0.066,0.9521
2026-09-03T17:05:53Z,2026-09-03 17:05:30,SPXW,2026-09-08,P,6975.0,7747.25,0.15,100.0,0.2,414.0,0.2,8.0,2562.0,0.3134,-0.0021,0.0,-0.1217,0.066,-0.0021
2026-09-03T17:05:53Z,2026-09-03 17:05:30,SPXW,2026-09-08,C,7000.0,7747.25,739.4,1.0,758.0,1.0,732.18,0.0,20.0,0.0,0.9977,0.0,0.0,0.0702,0.9554
2026-09-03T17:05:53Z,2026-09-03 17:05:30,SPXW,2026-09-08,P,7000.0,7747.25,0.15,203.0,0.2,157.0,0.17,50.0,701.0,0.3037,-0.0022,0.0,-0.1265,0.0702,-0.0023
2026-09-03T17:05:53Z,2026-09-03 17:05:30,SPXW,2026-09-08,C,7020.0,7747.25,719.5,1.0,738.0,1.0,0.0,0.0,0.0,0.0,0.9976,0.0,0.0,0.0738,0.958
2026-09-03T17:05:53Z,2026-09-03 17:05:30,SPXW,2026-09-08,P,7020.0,7747.25,0.15,206.0,0.2,130.0,0.3,0.0,24.0,0.2959,-0.0024,0.0,-0.1306,0.0738,-0.0024
2026-09-03T17:05:53Z,2026-09-03 17:05:30,SPXW,2026-09-08,C,7025.0,7747.25,714.4,1.0,733.1,1.0,0.0,0.0,0.0,0.0,0.9976,0.0,0.0,0.0748,0.9587
2026-09-03T17:05:53Z,2026-09-03 17:05:30,SPXW,2026-09-08,P,7025.0,7747.25,0.15,203.0,0.2,96.0,0.15,4.0,254.0,0.294,-0.0024,0.0,-0.1316,0.0748,-0.0024
2026-09-03T17:05:53Z,2026-09-03 17:05:30,SPXW,2026-09-08,C,7030.0,7747.25,710.2,1.0,727.9,1.0,0.0,0.0,0.0,0.0,0.9975,0.0,0.0,0.0757,0.9593
2026-09-03T17:05:53Z,2026-09-03 17:05:30,SPXW,2026-09-08,P,7030.0,7747.25,0.15,256.0,0.2,86.0,0.3,0.0,7.0,0.292,-0.0024,0.0,-0.1327,0.0758,-0.0025
2026-09-03T17:05:53Z,2026-09-03 17:05:30,SPXW,2026-09-08,C,7040.0,7747.25,699.3,1.0,717.9,1.0,0.0,0.0,0.0,0.0,0.9974,0.0,0.0,0.0777,0.9606
2026-09-03T17:05:53Z,2026-09-03 17:05:30,SPXW,2026-09-08,P,7040.0,7747.25,0.15,338.0,0.2,67.0,0.35,0.0,48.0,0.2882,-0.0025,0.0,-0.1349,0.0778,-0.0026
2026-09-03T17:05:53Z,2026-09-03 17:05:30,SPXW,2026-09-08,C,7050.0,7747.25,689.3,1.0,708.1,1.0,680.78,0.0,20.0,0.0,0.9974,0.0,0.0,0.0798,0.9619
2026-09-03T17:05:53Z,2026-09-03 17:05:30,SPXW,2026-09-08,P,7050.0,7747.25,0.15,357.0,0.25,793.0,0.15,2.0,257.0,0.2881,-0.0026,0.0,-0.1374,0.0799,-0.0026
2026-09-03T17:05:53Z,2026-09-03 17:05:30,SPXW,2026-09-08,C,7060.0,7747.25,679.8,1.0,698.1,1.0,0.0,0.0,0.0,0.0,0.9973,0.0,0.0,0.082,0.9632
2026-09-03T17:05:53Z,2026-09-03 17:05:30,SPXW,2026-09-08,P,7060.0,7747.25,0.15,345.0,0.25,667.0,0.35,0.0,36.0,0.2839,-0.0026,0.0,-0.1397,0.0822,-0.0027
2026-09-03T17:05:53Z,2026-09-03 17:05:30,SPXW,2026-09-08,C,7070.0,7747.25,670.0,1.0,687.9,1.0,0.0,0.0,0.0,0.0,0.9972,0.0,0.0,0.0843,0.9645
2026-09-03T17:05:53Z,2026-09-03 17:05:30,SPXW,2026-09-08,P,7070.0,7747.25,0.15,417.0,0.25,636.0,0.4,0.0,36.0,0.28,-0.0027,0.0,-0.1421,0.0845,-0.0028
2026-09-03T17:05:53Z,2026-09-03 17:05:30,SPXW,2026-09-08,C,7075.0,7747.25,664.5,1.0,683.1,1.0,596.29,0.0,11.0,0.0,0.9972,0.0,0.0,0.0855,0.9652
2026-09-03T17:05:53Z,2026-09-03 17:05:30,SPXW,2026-09-08,P,7075.0,7747.25,0.15,508.0,0.25,724.0,0.2,14.0,414.0,0.278,-0.0028,0.0,-0.1433,0.0856,-0.0028
2026-09-03T17:05:53Z,2026-09-03 17:05:30,SPXW,2026-09-08,C,7080.0,7747.25,660.3,1.0,678.1,1.0,0.0,0.0,0.0,0.0,0.9972,0.0,0.0,0.0867,0.9658
2026-09-03T17:05:53Z,2026-09-03 17:05:30,SPXW,2026-09-08,P,7080.0,7747.25,0.15,408.0,0.25,637.0,0.95,0.0,55.0,0.2761,-0.0028,0.0,-0.1445,0.0868,-0.0029
2026-09-03T17:05:53Z,2026-09-03 17:05:30,SPXW,2026-09-08,C,7090.0,7747.25,648.8,1.0,668.1,1.0,0.0,0.0,0.0,0.0,0.9971,0.0,0.0,0.0891,0.9671
2026-09-03T17:05:53Z,2026-09-03 17:05:30,SPXW,2026-09-08,P,7090.0,7747.25,0.15,416.0,0.25,494.0,0.25,8.0,34.0,0.2722,-0.0029,0.0,-0.1471,0.0893,-0.003
2026-09-03T17:05:53Z,2026-09-03 17:05:30,SPXW,2026-09-08,C,7100.0,7747.25,638.7,1.0,658.1,1.0,571.39,0.0,11.0,0.0,0.997,0.0,0.0,0.0917,0.9683
2026-09-03T17:05:53Z,2026-09-03 17:05:30,SPXW,2026-09-08,P,7100.0,7747.25,0.15,550.0,0.25,494.0,0.24,110.0,663.0,0.2682,-0.003,0.0,-0.1497,0.0919,-0.0031
2026-09-03T17:05:53Z,2026-09-03 17:05:30,SPXW,2026-09-08,C,7110.0,7747.25,629.9,1.0,647.1,1.0,0.0,0.0,0.0,0.0,0.9969,0.0,0.0,0.0944,0.9696
2026-09-03T17:05:53Z,2026-09-03 17:05:30,SPXW,2026-09-08,P,7110.0,7747.25,0.15,561.0,0.25,426.0,0.4,0.0,26.0,0.2644,-0.0031,0.0,-0.1524,0.0946,-0.0031
2026-09-03T17:05:53Z,2026-09-03 17:05:30,SPXW,2026-09-08,C,7120.0,7747.25,619.9,1.0,638.2,1.0,511.5,0.0,5.0,0.0,0.9968,0.0,0.0,0.0972,0.9709
2026-09-03T17:05:53Z,2026-09-03 17:05:30,SPXW,2026-09-08,P,7120.0,7747.25,0.2,81.0,0.25,257.0,0.25,52.0,7.0,0.2635,-0.0032,0.0,-0.1552,0.0974,-0.0032
2026-09-03T17:05:53Z,2026-09-03 17:05:30,SPXW,2026-09-08,C,7125.0,7747.25,615.3,1.0,633.2,1.0,546.81,0.0,8.0,0.0,0.9967,0.0,0.0,0.0987,0.9715
2026-09-03T17:05:53Z,2026-09-03 17:05:30,SPXW,2026-09-08,P,7125.0,7747.25,0.2,83.0,0.25,258.0,0.29,1071.0,209.0,0.2616,-0.0032,0.0,-0.1566,0.0988,-0.0033
2026-09-03T17:05:53Z,2026-09-03 17:05:30,SPXW,2026-09-08,C,7130.0,7747.25,610.2,1.0,628.2,1.0,0.0,0.0,0.0,0.0,0.9967,0.0,0.0,0.1001,0.9722
2026-09-03T17:05:53Z,2026-09-03 17:05:30,SPXW,2026-09-08,P,7130.0,7747.25,0.2,205.0,0.25,257.0,0.45,0.0,23.0,0.2596,-0.0033,0.0,-0.1581,0.1003,-0.0034
2026-09-03T17:05:53Z,2026-09-03 17:05:30,SPXW,2026-09-08,C,7140.0,7747.25,598.7,1.0,618.2,1.0,491.6,0.0,5.0,0.0,0.9966,0.0,0.0,0.1032,0.9734
2026-09-03T17:05:53Z,2026-09-03 17:05:30,SPXW,2026-09-08,P,7140.0,7747.25,0.2,223.0,0.25,193.0,0.8,0.0,5.0,0.2556,-0.0034,0.0,-0.1611,0.1033,-0.0035
2026-09-03T17:05:53Z,2026-09-03 17:05:30,SPXW,2026-09-08,C,7150.0,7747.25,590.2,1.0,608.2,1.0,521.91,0.0,8.0,0.0,0.9965,0.0,0.0,0.1063,0.9746
2026-09-03T17:05:53Z,2026-09-03 17:05:30,SPXW,2026-09-08,P,7150.0,7747.25,0.2,365.0,0.3,765.0,0.27,9.0,276.0,0.2544,-0.0035,0.0,-0.1643,0.1065,-0.0036
2026-09-03T17:05:53Z,2026-09-03 17:05:30,SPXW,2026-09-08,C,7160.0,7747.25,579.8,1.0,598.2,1.0,0.0,0.0,0.0,0.0,0.9963,0.0,0.0,0.1096,0.9759
2026-09-03T17:05:53Z,2026-09-03 17:05:30,SPXW,2026-09-08,P,7160.0,7747.25,0.2,353.0,0.3,631.0,1.35,0.0,46.0,0.2504,-0.0036,0.0,-0.1675,0.1098,-0.0037
2026-09-03T17:05:53Z,2026-09-03 17:05:30,SPXW,2026-09-08,C,7170.0,7747.25,570.5,1.0,587.2,1.0,0.0,0.0,0.0,0.0,0.9962,0.0,0.0,0.1131,0.9771
2026-09-03T17:05:53Z,2026-09-03 17:05:30,SPXW,2026-09-08,P,7170.0,7747.25,0.2,368.0,0.3,494.0,0.6,0.0,34.0,0.2464,-0.0037,0.0,-0.1709,0.1133,-0.0038
2026-09-03T17:05:53Z,2026-09-03 17:05:30,SPXW,2026-09-08,C,7175.0,7747.25,564.5,1.0,583.2,1.0,497.78,0.0,9.0,0.0,0.9962,0.0,0.0,0.1149,0.9778
2026-09-03T17:05:53Z,2026-09-03 17:05:30,SPXW,2026-09-08,P,7175.0,7747.25,0.2,503.0,0.3,578.0,0.3,51.0,118.0,0.2444,-0.0038,0.0,-0.1726,0.1151,-0.0039
2026-09-03T17:05:53Z,2026-09-03 17:05:30,SPXW,2026-09-08,C,7180.0,7747.25,559.5,1.0,577.2,1.0,0.0,0.0,0.0,0.0,0.9961,0.0,0.0,0.1168,0.9784
2026-09-03T17:05:53Z,2026-09-03 17:05:30,SPXW,2026-09-08,P,7180.0,7747.25,0.2,435.0,0.3,488.0,0.79,0.0,60.0,0.2424,-0.0039,0.0,-0.1744,0.1169,-0.004
2026-09-03T17:05:53Z,2026-09-03 17:05:30,SPXW,2026-09-08,C,7185.0,7747.25,554.5,1.0,573.3,1.0,0.0,0.0,0.0,0.0,0.996,0.0,0.0,0.1186,0.979
2026-09-03T17:05:53Z,2026-09-03 17:05:30,SPXW,2026-09-08,P,7185.0,7747.25,0.2,433.0,0.3,464.0,0.25,53.0,19.0,0.2404,-0.0039,0.0,-0.1762,0.1188,-0.004
2026-09-03T17:05:53Z,2026-09-03 17:05:30,SPXW,2026-09-08,C,7190.0,7747.25,550.1,1.0,568.3,1.0,0.0,0.0,0.0,0.0,0.996,0.0,0.0,0.1206,0.9796
2026-09-03T17:05:53Z,2026-09-03 17:05:30,SPXW,2026-09-08,P,7190.0,7747.25,0.2,425.0,0.3,433.0,0.25,4.0,130.0,0.2384,-0.004,0.0,-0.1781,0.1208,-0.0041
2026-09-03T17:05:53Z,2026-09-03 17:05:30,SPXW,2026-09-08,C,7195.0,7747.25,545.5,1.0,563.1,1.0,0.0,0.0,0.0,0.0,0.9959,0.0,0.0,0.1226,0.9802
2026-09-03T17:05:53Z,2026-09-03 17:05:30,SPXW,2026-09-08,P,7195.0,7747.25,0.25,1.0,0.3,429.0,0.3,3.0,1.0,0.2388,-0.0041,0.0,-0.1799,0.1228,-0.0042
2026-09-03T17:05:53Z,2026-09-03 17:05:30,SPXW,2026-09-08,C,7200.0,7747.25,540.2,1.0,558.3,1.0,441.22,0.0,10.0,0.0,0.9958,0.0001,0.0,0.1246,0.9808
2026-09-03T17:05:53Z,2026-09-03 17:05:30,SPXW,2026-09-08,P,7200.0,7747.25,0.25,59.0,0.3,364.0,0.3,122.0,440.0,0.2368,-0.0042,0.0001,-0.1819,0.1248,-0.0043
2026-09-03T17:05:53Z,2026-09-03 17:05:30,SPXW,2026-09-08,C,7205.0,7747.25,534.6,1.0,553.1,1.0,0.0,0.0,0.0,0.0,0.9957,0.0001,0.0,0.1267,0.9814
2026-09-03T17:05:53Z,2026-09-03 17:05:30,SPXW,2026-09-08,P,7205.0,7747.25,0.25,42.0,0.3,297.0,0.3,3.0,4.0,0.235,-0.0042,0.0001,-0.1836,0.1267,-0.0043
2026-09-03T17:05:53Z,2026-09-03 17:05:30,SPXW,2026-09-08,C,7210.0,7747.25,529.1,1.0,548.3,1.0,505.13,2.0,0.0,0.0,0.9956,0.0001,0.0,0.1289,0.982
2026-09-03T17:05:53Z,2026-09-03 17:05:30,SPXW,2026-09-08,P,7210.0,7747.25,0.25,100.0,0.3,287.0,0.3,2.0,211.0,0.233,-0.0043,0.0001,-0.1856,0.1288,-0.0044
2026-09-03T17:05:53Z,2026-09-03 17:05:30,SPXW,2026-09-08,C,7215.0,7747.25,523.9,1.0,543.1,1.0,0.0,0.0,0.0,0.0,0.9956,0.0001,0.0,0.1311,0.9826
2026-09-03T17:05:53Z,2026-09-03 17:05:30,SPXW,2026-09-08,P,7215.0,7747.25,0.25,293.0,0.3,186.0,0.3,2.0,1.0,0.231,-0.0044,0.0001,-0.1876,0.131,-0.0045
2026-09-03T17:05:53Z,2026-09-03 17:05:30,SPXW,2026-09-08,C,7220.0,7747.25,519.5,1.0,538.3,1.0,0.0,0.0,0.0,0.0,0.9955,0.0001,0.0,0.1334,0.9832
2026-09-03T17:05:53Z,2026-09-03 17:05:30,SPXW,2026-09-08,P,7220.0,7747.25,0.25,309.0,0.35,641.0,0.3,36.0,2857.0,0.2311,-0.0044,0.0001,-0.1897,0.1333,-0.0046
2026-09-03T17:05:53Z,2026-09-03 17:05:30,SPXW,2026-09-08,C,7225.0,7747.25,514.7,1.0,533.3,1.0,554.25,0.0,1.0,0.0,0.9954,0.0001,0.0,0.1357,0.9838
2026-09-03T17:05:53Z,2026-09-03 17:05:30,SPXW,2026-09-08,P,7225.0,7747.25,0.25,293.0,0.35,708.0,0.3,4.0,242.0,0.2291,-0.0045,0.0001,-0.1918,0.1356,-0.0046
2026-09-03T17:05:53Z,2026-09-03 17:05:30,SPXW,2026-09-08,C,7230.0,7747.25,510.2,1.0,528.3,1.0,0.0,0.0,0.0,0.0,0.9953,0.0001,0.0,0.1381,0.9844
2026-09-03T17:05:53Z,2026-09-03 17:05:30,SPXW,2026-09-08,P,7230.0,7747.25,0.25,364.0,0.3,1.0,0.3,2.0,52.0,0.225,-0.0046,0.0001,-0.194,0.138,-0.0047
2026-09-03T17:05:53Z,2026-09-03 17:05:30,SPXW,2026-09-08,C,7235.0,7747.25,505.4,1.0,523.3,1.0,0.0,0.0,0.0,0.0,0.9952,0.0001,0.0,0.1406,0.985
2026-09-03T17:05:53Z,2026-09-03 17:05:30,SPXW,2026-09-08,P,7235.0,7747.25,0.25,362.0,0.35,485.0,0.3,3.0,2.0,0.225,-0.0047,0.0001,-0.1962,0.1405,-0.0048
2026-09-03T17:05:53Z,2026-09-03 17:05:30,SPXW,2026-09-08,C,7240.0,7747.25,499.7,1.0,518.4,1.0,0.0,0.0,0.0,0.0,0.9951,0.0001,0.0,0.1431,0.9856
2026-09-03T17:05:53Z,2026-09-03 17:05:30,SPXW,2026-09-08,P,7240.0,7747.25,0.25,348.0,0.35,461.0,0.3,2.0,153.0,0.223,-0.0048,0.0001,-0.1985,0.143,-0.0049
2026-09-03T17:05:53Z,2026-09-03 17:05:30,SPXW,2026-09-08,C,7245.0,7747.25,494.7,1.0,513.4,1.0,0.0,0.0,0.0,0.0,0.995,0.0001,0.0,0.1457,0.9862
2026-09-03T17:05:53Z,2026-09-03 17:05:30,SPXW,2026-09-08,P,7245.0,7747.25,0.25,407.0,0.35,457.0,0.3,3.0,38.0,0.221,-0.0049,0.0001,-0.2008,0.1456,-0.005
2026-09-03T17:05:53Z,2026-09-03 17:05:30,SPXW,2026-09-08,C,7250.0,7747.25,489.6,1.0,508.4,1.0,0.0,0.0,0.0,0.0,0.995,0.0001,0.0,0.1484,0.9868
2026-09-03T17:05:53Z,2026-09-03 17:05:30,SPXW,2026-09-08,P,7250.0,7747.25,0.25,504.0,0.35,442.0,0.3,16.0,973.0,0.2189,-0.005,0.0001,-0.2032,0.1483,-0.0051
2026-09-03T17:05:53Z,2026-09-03 17:05:30,SPXW,2026-09-08,C,7255.0,7747.25,484.6,1.0,503.4,1.0,0.0,0.0,0.0,0.0,0.9948,0.0001,0.0,0.1511,0.9874
2026-09-03T17:05:53Z,2026-09-03 17:05:30,SPXW,2026-09-08,P,7255.0,7747.25,0.25,537.0,0.35,414.0,0.35,3.0,3.0,0.2169,-0.0051,0.0001,-0.2056,0.1511,-0.0052
2026-09-03T17:05:53Z,2026-09-03 17:05:30,SPXW,2026-09-08,C,7260.0,7747.25,479.7,1.0,498.4,1.0,379.71,0.0,2.0,0.0,0.9947,0.0001,0.0,0.154,0.9879
2026-09-03T17:05:53Z,2026-09-03 17:05:30,SPXW,2026-09-08,P,7260.0,7747.25,0.25,553.0,0.35,339.0,0.3,33.0,112.0,0.2147,-0.0052,0.0001,-0.208,0.154,-0.0053
2026-09-03T17:05:53Z,2026-09-03 17:05:30,SPXW,2026-09-08,C,7265.0,7747.25,475.1,1.0,492.2,1.0,0.0,0.0,0.0,0.0,0.9946,0.0001,0.0,0.1569,0.9885
2026-09-03T17:05:53Z,2026-09-03 17:05:30,SPXW,2026-09-08,P,7265.0,7747.25,0.3,46.0,0.35,325.0,0.35,2.0,16.0,0.2147,-0.0053,0.0001,-0.2107,0.1568,-0.0054
2026-09-03T17:05:53Z,2026-09-03 17:05:30,SPXW,2026-09-08,C,7270.0,7747.25,470.8,1.0,488.4,1.0,0.0,0.0,0.0,0.0,0.9945,0.0001,0.0,0.1598,0.9891
2026-09-03T17:05:53Z,2026-09-03 17:05:30,SPXW,2026-09-08,P,7270.0,7747.25,0.3,162.0,0.35,230.0,0.35,21.0,133.0,0.2127,-0.0054,0.0001,-0.2133,0.1598,-0.0056
2026-09-03T17:05:53Z,2026-09-03 17:05:30,SPXW,2026-09-08,C,7275.0,7747.25,464.6,1.0,483.4,1.0,372.5,0.0,1.0,0.0,0.9944,0.0001,0.0,0.1629,0.9896
2026-09-03T17:05:53Z,2026-09-03 17:05:30,SPXW,2026-09-08,P,7275.0,7747.25,0.3,283.0,0.35,205.0,0.35,3.0,327.0,0.2106,-0.0055,0.0001,-0.216,0.1628,-0.0057
2026-09-03T17:05:53Z,2026-09-03 17:05:30,SPXW,2026-09-08,C,7280.0,7747.25,459.6,1.0,478.4,1.0,0.0,0.0,0.0,0.0,0.9943,0.0001,0.0,0.166,0.9902
2026-09-03T17:05:53Z,2026-09-03 17:05:30,SPXW,2026-09-08,P,7280.0,7747.25,0.3,277.0,0.35,1.0,0.35,3.0,106.0,0.2086,-0.0056,0.0001,-0.2187,0.1659,-0.0058
2026-09-03T17:05:53Z,2026-09-03 17:05:30,SPXW,2026-09-08,C,7285.0,7747.25,455.1,1.0,472.4,1.0,0.0,0.0,0.0,0.0,0.9942,0.0001,0.0,0.1693,0.9908
2026-09-03T17:05:53Z,2026-09-03 17:05:30,SPXW,2026-09-08,P,7285.0,7747.25,0.3,324.0,0.35,1.0,0.35,2.0,30.0,0.2066,-0.0058,0.0001,-0.2215,0.1692,-0.0059
2026-09-03T17:05:53Z,2026-09-03 17:05:30,SPXW,2026-09-08,C,7290.0,7747.25,450.4,1.0,468.5,1.0,0.0,0.0,0.0,0.0,0.994,0.0001,-0.0008,0.1726,0.9913
2026-09-03T17:05:53Z,2026-09-03 17:05:30,SPXW,2026-09-08,P,7290.0,7747.25,0.3,339.0,0.4,452.0,0.35,61.0,59.0,0.2062,-0.0059,0.0001,-0.2244,0.1725,-0.0061
2026-09-03T17:05:53Z,2026-09-03 17:05:30,SPXW,2026-09-08,C,7295.0,7747.25,445.4,1.0,463.5,1.0,0.0,0.0,0.0,0.0,0.9939,0.0001,-0.0062,0.1761,0.9919
2026-09-03T17:05:53Z,2026-09-03 17:05:30,SPXW,2026-09-08,P,7295.0,7747.25,0.3,394.0,0.4,435.0,0.35,2.0,213.0,0.2042,-0.006,0.0001,-0.2274,0.1759,-0.0062
2026-09-03T17:05:53Z,2026-09-03 17:05:30,SPXW,2026-09-08,C,7300.0,7747.25,440.9,1.0,458.5,1.0,367.34,0.0,3.0,0.1606,0.9938,0.0001,-0.0117,0.1796,0.9924
2026-09-03T17:05:53Z,2026-09-03 17:05:30,SPXW,2026-09-08,P,7300.0,7747.25,0.3,491.0,0.4,489.0,0.35,17.0,752.0,0.2019,-0.0062,0.0001,-0.2303,0.1796,-0.0064
2026-09-03T17:05:53Z,2026-09-03 17:05:30,SPXW,2026-09-08,C,7305.0,7747.25,434.9,1.0,453.3,1.0,0.0,0.0,0.0,0.0,0.9936,0.0001,-0.0173,0.1832,0.9929
2026-09-03T17:05:53Z,2026-09-03 17:05:30,SPXW,2026-09-08,P,7305.0,7747.25,0.3,549.0,0.4,375.0,0.35,9.0,630.0,0.2016,-0.0063,0.0001,-0.2336,0.1831,-0.0065
2026-09-03T17:05:53Z,2026-09-03 17:05:30,SPXW,2026-09-08,C,7310.0,7747.25,430.1,1.0,448.5,1.0,0.0,0.0,0.0,0.0,0.9935,0.0001,-0.0229,0.187,0.9935
2026-09-03T17:05:53Z,2026-09-03 17:05:30,SPXW,2026-09-08,P,7310.0,7747.25,0.35,41.0,0.4,308.0,0.4,2.0,179.0,0.1993,-0.0064,0.0001,-0.2367,0.187,-0.0066
2026-09-03T17:05:53Z,2026-09-03 17:05:30,SPXW,2026-09-08,C,7315.0,7747.25,425.0,1.0,443.5,1.0,0.0,0.0,0.0,0.0,0.9934,0.0001,-0.0287,0.1909,0.994
2026-09-03T17:05:53Z,2026-09-03 17:05:30,SPXW,2026-09-08,P,7315.0,7747.25,0.35,105.0,0.4,217.0,0.4,3.0,67.0,0.1972,-0.0066,0.0001,-0.24,0.1909,-0.0068
2026-09-03T17:05:53Z,2026-09-03 17:05:30,SPXW,2026-09-08,C,7320.0,7747.25,420.7,1.0,437.4,1.0,0.0,0.0,0.0,0.0,0.9932,0.0001,-0.0345,0.1949,0.9945
2026-09-03T17:05:53Z,2026-09-03 17:05:30,SPXW,2026-09-08,P,7320.0,7747.25,0.35,277.0,0.4,69.0,0.4,4.0,227.0,0.1952,-0.0068,0.0001,-0.2434,0.1949,-0.007
2026-09-03T17:05:53Z,2026-09-03 17:05:30,SPXW,2026-09-08,C,7325.0,7747.25,415.7,1.0,433.5,1.0,313.58,0.0,6.0,0.0,0.993,0.0001,-0.0404,0.1991,0.995
2026-09-03T17:05:53Z,2026-09-03 17:05:30,SPXW,2026-09-08,P,7325.0,7747.25,0.35,338.0,0.4,1.0,0.4,8.0,1348.0,0.193,-0.0069,0.0001,-0.247,0.1992,-0.0071
2026-09-03T17:05:53Z,2026-09-03 17:05:30,SPXW,2026-09-08,C,7330.0,7747.25,410.0,1.0,428.5,1.0,336.77,0.0,1.0,0.0,0.9929,0.0001,-0.0464,0.2034,0.9956
2026-09-03T17:05:53Z,2026-09-03 17:05:30,SPXW,2026-09-08,P,7330.0,7747.25,0.35,325.0,0.45,437.0,0.4,16.0,155.0,0.1924,-0.0071,0.0001,-0.2506,0.2035,-0.0073
2026-09-03T17:05:53Z,2026-09-03 17:05:30,SPXW,2026-09-08,C,7335.0,7747.25,404.4,1.0,423.5,1.0,0.0,0.0,0.0,0.0,0.9927,0.0001,-0.0526,0.2078,0.9961
2026-09-03T17:05:53Z,2026-09-03 17:05:30,SPXW,2026-09-08,P,7335.0,7747.25,0.35,371.0,0.45,385.0,0.4,25.0,22.0,0.1904,-0.0073,0.0001,-0.2547,0.2081,-0.0075
2026-09-03T17:05:53Z,2026-09-03 17:05:30,SPXW,2026-09-08,C,7340.0,7747.25,400.1,1.0,417.5,1.0,0.0,0.0,0.0,0.0,0.9925,0.0001,-0.0588,0.2125,0.9966
2026-09-03T17:05:53Z,2026-09-03 17:05:30,SPXW,2026-09-08,P,7340.0,7747.25,0.35,358.0,0.45,364.0,0.45,5.0,266.0,0.1883,-0.0074,0.0001,-0.2585,0.2128,-0.0077
2026-09-03T17:05:53Z,2026-09-03 17:05:30,SPXW,2026-09-08,C,7345.0,7747.25,395.8,1.0,412.5,1.0,0.0,0.0,0.0,0.0,0.9923,0.0001,-0.0652,0.2172,0.9971
2026-09-03T17:05:53Z,2026-09-03 17:05:30,SPXW,2026-09-08,P,7345.0,7747.25,0.4,24.0,0.45,312.0,0.45,21.0,146.0,0.1875,-0.0076,0.0001,-0.2624,0.2176,-0.0078
2026-09-03T17:05:53Z,2026-09-03 17:05:30,SPXW,2026-09-08,C,7350.0,7747.25,391.1,1.0,408.6,1.0,0.0,0.0,0.0,0.1656,0.9921,0.0001,-0.0717,0.2222,0.9976
2026-09-03T17:05:53Z,2026-09-03 17:05:30,SPXW,2026-09-08,P,7350.0,7747.25,0.4,127.0,0.45,244.0,0.45,144.0,1282.0,0.1854,-0.0078,0.0001,-0.2665,0.2225,-0.008
2026-09-03T17:05:53Z,2026-09-03 17:05:30,SPXW,2026-09-08,C,7355.0,7747.25,384.5,1.0,403.6,1.0,0.0,0.0,0.0,0.0,0.9919,0.0001,-0.0783,0.2273,0.998
2026-09-03T17:05:53Z,2026-09-03 17:05:30,SPXW,2026-09-08,P,7355.0,7747.25,0.4,264.0,0.45,74.0,0.5,9.0,275.0,0.1833,-0.008,0.0001,-0.2703,0.2275,-0.0082
2026-09-03T17:05:53Z,2026-09-03 17:05:30,SPXW,2026-09-08,C,7360.0,7747.25,379.6,1.0,397.5,1.0,354.11,1.0,1.0,0.0,0.9917,0.0001,-0.0851,0.2327,0.9985
2026-09-03T17:05:53Z,2026-09-03 17:05:30,SPXW,2026-09-08,P,7360.0,7747.25,0.4,319.0,0.45,1.0,0.5,26.0,3310.0,0.1812,-0.0082,0.0001,-0.2746,0.2328,-0.0085
2026-09-03T17:05:53Z,2026-09-03 17:05:30,SPXW,2026-09-08,C,7365.0,7747.25,375.7,1.0,393.6,1.0,0.0,0.0,0.0,0.0,0.9915,0.0001,-0.092,0.2382,0.999
2026-09-03T17:05:53Z,2026-09-03 17:05:30,SPXW,2026-09-08,P,7365.0,7747.25,0.4,435.0,0.5,370.0,0.5,2.0,133.0,0.1803,-0.0084,0.0001,-0.2791,0.2383,-0.0087
2026-09-03T17:05:53Z,2026-09-03 17:05:30,SPXW,2026-09-08,C,7370.0,7747.25,370.7,1.0,388.6,2.0,0.0,0.0,0.0,0.0,0.9913,0.0001,-0.099,0.2439,0.9994
2026-09-03T17:05:53Z,2026-09-03 17:05:30,SPXW,2026-09-08,P,7370.0,7747.25,0.4,344.0,0.5,346.0,0.45,71.0,196.0,0.1782,-0.0087,0.0001,-0.2837,0.244,-0.0089
2026-09-03T17:05:53Z,2026-09-03 17:05:30,SPXW,2026-09-08,C,7375.0,7747.25,364.6,1.0,383.6,1.0,264.41,0.0,1.0,0.0,0.991,0.0001,-0.1062,0.2498,0.9998
2026-09-03T17:05:53Z,2026-09-03 17:05:30,SPXW,2026-09-08,P,7375.0,7747.25,0.4,545.0,0.5,292.0,0.5,18.0,397.0,0.1761,-0.0089,0.0001,-0.2885,0.2499,-0.0092
2026-09-03T17:05:53Z,2026-09-03 17:05:30,SPXW,2026-09-08,C,7380.0,7747.25,359.8,1.0,378.7,1.0,0.0,0.0,0.0,0.0,0.9908,0.0001,-0.1136,0.2559,1.0003
2026-09-03T17:05:53Z,2026-09-03 17:05:30,SPXW,2026-09-08,P,7380.0,7747.25,0.45,190.0,0.5,112.0,0.5,9.0,177.0,0.1751,-0.0092,0.0001,-0.2934,0.2561,-0.0094
2026-09-03T17:05:53Z,2026-09-03 17:05:30,SPXW,2026-09-08,C,7385.0,7747.25,355.3,1.0,373.7,1.0,331.14,1.0,1.0,0.0,0.9906,0.0002,-0.1212,0.2623,1.0007
2026-09-03T17:05:53Z,2026-09-03 17:05:30,SPXW,2026-09-08,P,7385.0,7747.25,0.45,274.0,0.55,402.0,0.5,39.0,92.0,0.1741,-0.0094,0.0002,-0.2986,0.2624,-0.0097
2026-09-03T17:05:53Z,2026-09-03 17:05:30,SPXW,2026-09-08,C,7390.0,7747.25,350.2,1.0,368.7,1.0,280.33,0.0,2.0,0.0,0.9903,0.0002,-0.1289,0.2689,1.0011
2026-09-03T17:05:53Z,2026-09-03 17:05:30,SPXW,2026-09-08,P,7390.0,7747.25,0.45,321.0,0.55,378.0,0.5,114.0,176.0,0.1719,-0.0097,0.0002,-0.3039,0.269,-0.01
2026-09-03T17:05:53Z,2026-09-03 17:05:30,SPXW,2026-09-08,C,7395.0,7747.25,346.3,1.0,363.7,1.0,0.0,0.0,0.0,0.1581,0.99,0.0002,-0.1369,0.2758,1.0015
2026-09-03T17:05:53Z,2026-09-03 17:05:30,SPXW,2026-09-08,P,7395.0,7747.25,0.45,314.0,0.5,1.0,0.57,16.0,231.0,0.1687,-0.01,0.0002,-0.3095,0.2759,-0.0103
2026-09-03T17:05:53Z,2026-09-03 17:05:30,SPXW,2026-09-08,C,7400.0,7747.25,339.9,1.0,358.7,1.0,318.3,7.0,14.0,0.0,0.9897,0.0002,-0.1451,0.2829,1.0018
2026-09-03T17:05:53Z,2026-09-03 17:05:30,SPXW,2026-09-08,P,7400.0,7747.25,0.5,31.0,0.55,219.0,0.55,172.0,1172.0,0.1686,-0.0102,0.0002,-0.3152,0.2831,-0.0106
2026-09-03T17:05:53Z,2026-09-03 17:05:30,SPXW,2026-09-08,C,7405.0,7747.25,336.0,1.0,353.7,1.0,0.0,0.0,0.0,0.1409,0.9894,0.0002,-0.1535,0.2904,1.0022
2026-09-03T17:05:53Z,2026-09-03 17:05:30,SPXW,2026-09-08,P,7405.0,7747.25,0.5,243.0,0.55,53.0,0.6,22.0,112.0,0.1665,-0.0106,0.0002,-0.3212,0.2905,-0.0109
2026-09-03T17:05:53Z,2026-09-03 17:05:30,SPXW,2026-09-08,C,7410.0,7747.25,331.0,1.0,348.7,1.0,234.88,0.0,30.0,0.1386,0.9891,0.0002,-0.1622,0.2982,1.0026
2026-09-03T17:05:53Z,2026-09-03 17:05:30,SPXW,2026-09-08,P,7410.0,7747.25,0.5,270.0,0.6,343.0,0.6,95.0,290.0,0.1653,-0.0109,0.0002,-0.3275,0.2983,-0.0112
2026-09-03T17:05:53Z,2026-09-03 17:05:30,SPXW,2026-09-08,C,7415.0,7747.25,325.7,1.0,343.8,1.0,0.0,0.0,0.0,0.1129,0.9887,0.0002,-0.1711,0.3063,1.0029
2026-09-03T17:05:53Z,2026-09-03 17:05:30,SPXW,2026-09-08,P,7415.0,7747.25,0.5,306.0,0.6,311.0,0.6,17.0,271.0,0.1631,-0.0112,0.0002,-0.334,0.3065,-0.0116
2026-09-03T17:05:53Z,2026-09-03 17:05:30,SPXW,2026-09-08,C,7420.0,7747.25,320.4,1.0,338.8,1.0,298.53,1.0,3.0,0.0,0.9884,0.0002,-0.1803,0.3148,1.0032
2026-09-03T17:05:53Z,2026-09-03 17:05:30,SPXW,2026-09-08,P,7420.0,7747.25,0.55,30.0,0.6,211.0,0.65,91.0,374.0,0.1619,-0.0116,0.0002,-0.3408,0.315,-0.012
2026-09-03T17:05:53Z,2026-09-03 17:05:30,SPXW,2026-09-08,C,7425.0,7747.25,316.4,1.0,333.8,1.0,267.6,0.0,23.0,0.1504,0.988,0.0002,-0.1898,0.3237,1.0035
2026-09-03T17:05:53Z,2026-09-03 17:05:30,SPXW,2026-09-08,P,7425.0,7747.25,0.55,273.0,0.6,11.0,0.55,111.0,625.0,0.1597,-0.012,0.0002,-0.3479,0.3239,-0.0124
2026-09-03T17:05:53Z,2026-09-03 17:05:30,SPXW,2026-09-08,C,7430.0,7747.25,310.7,1.0,328.8,1.0,280.32,3.0,5.0,0.098,0.9876,0.0002,-0.1996,0.3331,1.0038
2026-09-03T17:05:53Z,2026-09-03 17:05:30,SPXW,2026-09-08,P,7430.0,7747.25,0.55,310.0,0.65,335.0,0.6,158.0,491.0,0.1584,-0.0124,0.0002,-0.3553,0.3333,-0.0128
2026-09-03T17:05:53Z,2026-09-03 17:05:30,SPXW,2026-09-08,C,7435.0,7747.25,305.8,1.0,323.8,1.0,0.0,0.0,0.0,0.1195,0.9872,0.0002,-0.2098,0.3429,1.004
2026-09-03T17:05:53Z,2026-09-03 17:05:30,SPXW,2026-09-08,P,7435.0,7747.25,0.6,22.0,0.65,277.0,0.7,51.0,1882.0,0.157,-0.0128,0.0002,-0.363,0.3431,-0.0132
2026-09-03T17:05:53Z,2026-09-03 17:05:30,SPXW,2026-09-08,C,7440.0,7747.25,300.5,1.0,318.9,1.0,197.71,0.0,4.0,0.0,0.9868,0.0002,-0.2203,0.3531,1.0043
2026-09-03T17:05:53Z,2026-09-03 17:05:30,SPXW,2026-09-08,P,7440.0,7747.25,0.6,150.0,0.7,363.0,0.7,91.0,312.0,0.1557,-0.0132,0.0002,-0.3711,0.3533,-0.0136
2026-09-03T17:05:53Z,2026-09-03 17:05:30,SPXW,2026-09-08,C,7445.0,7747.25,296.3,1.0,313.9,1.0,0.0,0.0,0.0,0.1415,0.9863,0.0002,-0.2312,0.3638,1.0045
2026-09-03T17:05:53Z,2026-09-03 17:05:30,SPXW,2026-09-08,P,7445.0,7747.25,0.6,271.0,0.7,319.0,0.7,50.0,557.0,0.1534,-0.0137,0.0002,-0.3796,0.364,-0.0141
2026-09-03T17:05:53Z,2026-09-03 17:05:30,SPXW,2026-09-08,C,7450.0,7747.25,290.8,1.0,308.9,1.0,260.77,3.0,5.0,0.1207,0.9858,0.0003,-0.2426,0.375,1.0046
2026-09-03T17:05:53Z,2026-09-03 17:05:30,SPXW,2026-09-08,P,7450.0,7747.25,0.65,50.0,0.7,223.0,0.7,546.0,9508.0,0.152,-0.0142,0.0003,-0.3885,0.3753,-0.0146
2026-09-03T17:05:53Z,2026-09-03 17:05:30,SPXW,2026-09-08,C,7455.0,7747.25,286.2,1.0,303.9,1.0,0.0,0.0,0.0,0.1344,0.9853,0.0003,-0.2544,0.3868,1.0048
2026-09-03T17:05:53Z,2026-09-03 17:05:30,SPXW,2026-09-08,P,7455.0,7747.25,0.65,264.0,0.75,339.0,0.7,146.0,313.0,0.1505,-0.0147,0.0003,-0.3978,0.3871,-0.0152
2026-09-03T17:05:53Z,2026-09-03 17:05:30,SPXW,2026-09-08,C,7460.0,7747.25,279.8,1.0,298.9,1.0,197.57,0.0,9.0,0.0,0.9847,0.0003,-0.2666,0.3991,1.0049
2026-09-03T17:05:53Z,2026-09-03 17:05:30,SPXW,2026-09-08,P,7460.0,7747.25,0.65,295.0,0.75,311.0,0.8,102.0,6251.0,0.1482,-0.0152,0.0003,-0.4077,0.3994,-0.0158
2026-09-03T17:05:53Z,2026-09-03 17:05:30,SPXW,2026-09-08,C,7465.0,7747.25,275.9,1.0,294.0,1.0,0.0,0.0,0.0,0.1237,0.9841,0.0003,-0.2794,0.4121,1.0049
2026-09-03T17:05:53Z,2026-09-03 17:05:30,SPXW,2026-09-08,P,7465.0,7747.25,0.7,140.0,0.8,341.0,0.8,62.0,289.0,0.1474,-0.0158,0.0003,-0.4181,0.4124,-0.0164
2026-09-03T17:05:53Z,2026-09-03 17:05:30,SPXW,2026-09-08,C,7470.0,7747.25,271.6,1.0,289.0,1.0,0.0,0.0,0.0,0.1384,0.9835,0.0003,-0.2928,0.4258,1.005
2026-09-03T17:05:53Z,2026-09-03 17:05:30,SPXW,2026-09-08,P,7470.0,7747.25,0.7,268.0,0.8,307.0,0.8,99.0,478.0,0.1452,-0.0164,0.0003,-0.429,0.4261,-0.017
2026-09-03T17:05:53Z,2026-09-03 17:05:30,SPXW,2026-09-08,C,7475.0,7747.25,266.3,1.0,284.0,1.0,260.28,1.0,13.0,0.1303,0.9829,0.0003,-0.3067,0.4402,1.005
2026-09-03T17:05:53Z,2026-09-03 17:05:30,SPXW,2026-09-08,P,7475.0,7747.25,0.75,156.0,0.85,436.0,0.9,275.0,1324.0,0.1442,-0.0171,0.0003,-0.4406,0.4405,-0.0177
2026-09-03T17:05:53Z,2026-09-03 17:05:30,SPXW,2026-09-08,C,7480.0,7747.25,260.4,1.0,279.1,1.0,196.12,0.0,11.0,0.0,0.9822,0.0003,-0.3214,0.4554,1.0049
2026-09-03T17:05:53Z,2026-09-03 17:05:30,SPXW,2026-09-08,P,7480.0,7747.25,0.8,1.0,0.85,234.0,0.87,98.0,295.0,0.1426,-0.0178,0.0003,-0.4528,0.4557,-0.0185
2026-09-03T17:05:53Z,2026-09-03 17:05:30,SPXW,2026-09-08,C,7485.0,7747.25,256.5,1.0,274.1,1.0,0.0,0.0,0.0,0.1315,0.9814,0.0004,-0.3367,0.4715,1.0048
2026-09-03T17:05:53Z,2026-09-03 17:05:30,SPXW,2026-09-08,P,7485.0,7747.25,0.8,239.0,0.9,330.0,0.95,160.0,240.0,0.1409,-0.0186,0.0004,-0.4657,0.4718,-0.0192
2026-09-03T17:05:53Z,2026-09-03 17:05:30,SPXW,2026-09-08,C,7490.0,7747.25,250.4,1.0,269.1,1.0,227.84,1.0,5.0,0.0,0.9806,0.0004,-0.3527,0.4885,1.0047
2026-09-03T17:05:53Z,2026-09-03 17:05:30,SPXW,2026-09-08,P,7490.0,7747.25,0.85,49.0,0.9,107.0,0.99,83.0,342.0,0.1391,-0.0194,0.0004,-0.4793,0.4889,-0.0201
2026-09-03T17:05:53Z,2026-09-03 17:05:30,SPXW,2026-09-08,C,7495.0,7747.25,245.9,1.0,264.2,1.0,181.76,0.0,10.0,0.1167,0.9798,0.0004,-0.3696,0.5065,1.0045
2026-09-03T17:05:53Z,2026-09-03 17:05:30,SPXW,2026-09-08,P,7495.0,7747.25,0.85,328.0,0.95,260.0,0.92,246.0,1778.0,0.1374,-0.0202,0.0004,-0.4938,0.5069,-0.021
2026-09-03T17:05:53Z,2026-09-03 17:05:30,SPXW,2026-09-08,C,7500.0,7747.25,240.2,2.0,259.2,1.0,250.68,8.0,166.0,0.0,0.9788,0.0004,-0.3873,0.5255,1.0042
2026-09-03T17:05:53Z,2026-09-03 17:05:30,SPXW,2026-09-08,P,7500.0,7747.25,0.9,363.0,1.0,364.0,0.97,1068.0,3745.0,0.1362,-0.0211,0.0004,-0.509,0.5259,-0.0219
2026-09-03T17:05:53Z,2026-09-03 17:05:30,SPXW,2026-09-08,C,7505.0,7747.25,236.7,1.0,254.1,1.0,245.13,5.0,1.0,0.1254,0.9779,0.0004,-0.4059,0.5456,1.0039
2026-09-03T17:05:53Z,2026-09-03 17:05:30,SPXW,2026-09-08,P,7505.0,7747.25,0.95,94.0,1.0,41.0,1.02,305.0,248.0,0.1344,-0.0221,0.0004,-0.5252,0.546,-0.0229
2026-09-03T17:05:53Z,2026-09-03 17:05:30,SPXW,2026-09-08,C,7510.0,7747.25,230.8,1.0,249.3,1.0,192.56,2.0,35.0,0.11,0.9768,0.0004,-0.4255,0.5668,1.0034
2026-09-03T17:05:53Z,2026-09-03 17:05:30,SPXW,2026-09-08,P,7510.0,7747.25,1.0,92.0,1.05,55.0,1.2,154.0,393.0,0.133,-0.0232,0.0004,-0.5425,0.5672,-0.024
2026-09-03T17:05:53Z,2026-09-03 17:05:30,SPXW,2026-09-08,C,7515.0,7747.25,225.3,2.0,244.4,1.0,140.22,0.0,1.0,0.0914,0.9757,0.0005,-0.4462,0.5892,1.0029
2026-09-03T17:05:53Z,2026-09-03 17:05:30,SPXW,2026-09-08,P,7515.0,7747.25,1.05,40.0,1.1,79.0,1.12,470.0,258.0,0.1316,-0.0243,0.0005,-0.5608,0.5897,-0.0252
2026-09-03T17:05:53Z,2026-09-03 17:05:30,SPXW,2026-09-08,C,7520.0,7747.25,221.4,1.0,239.4,1.0,172.36,0.0,8.0,0.1184,0.9745,0.0005,-0.468,0.6129,1.0024
2026-09-03T17:05:53Z,2026-09-03 17:05:30,SPXW,2026-09-08,P,7520.0,7747.25,1.1,38.0,1.15,81.0,1.2,142.0,510.0,0.1302,-0.0254,0.0005,-0.5798,0.6129,-0.0265
2026-09-03T17:05:53Z,2026-09-03 17:05:30,SPXW,2026-09-08,C,7525.0,7747.25,215.4,1.0,234.5,1.0,203.3,6.0,25.0,0.0974,0.9732,0.0005,-0.4911,0.6381,1.0017
2026-09-03T17:05:53Z,2026-09-03 17:05:30,SPXW,2026-09-08,P,7525.0,7747.25,1.15,87.0,1.2,70.0,1.22,252.0,443.0,0.1287,-0.0268,0.0005,-0.6004,0.6381,-0.0279
2026-09-03T17:05:53Z,2026-09-03 17:05:30,SPXW,2026-09-08,C,7530.0,7747.25,210.5,1.0,229.0,1.0,198.61,6.0,34.0,0.0,0.9718,0.0006,-0.5155,0.665,1.0009
2026-09-03T17:05:53Z,2026-09-03 17:05:30,SPXW,2026-09-08,P,7530.0,7747.25,1.2,82.0,1.25,37.0,1.22,117.0,958.0,0.1271,-0.0281,0.0006,-0.6224,0.665,-0.0293
2026-09-03T17:05:53Z,2026-09-03 17:05:30,SPXW,2026-09-08,C,7535.0,7747.25,209.2,1.0,222.9,1.0,117.08,0.0,3.0,0.1249,0.9703,0.0006,-0.5413,0.6935,1.0
2026-09-03T17:05:53Z,2026-09-03 17:05:30,SPXW,2026-09-08,P,7535.0,7747.25,1.25,171.0,1.35,203.0,1.5,126.0,297.0,0.1259,-0.0296,0.0006,-0.6457,0.6935,-0.0309
2026-09-03T17:05:53Z,2026-09-03 17:05:30,SPXW,2026-09-08,C,7540.0,7747.25,204.2,1.0,217.9,1.0,178.45,1.0,3.0,0.1224,0.9687,0.0006,-0.5685,0.7237,0.999
2026-09-03T17:05:53Z,2026-09-03 17:05:30,SPXW,2026-09-08,P,7540.0,7747.25,1.3,229.0,1.4,134.0,1.55,242.0,246.0,0.1243,-0.0313,0.0006,-0.6705,0.7237,-0.0326
2026-09-03T17:05:53Z,2026-09-03 17:05:30,SPXW,2026-09-08,C,7545.0,7747.25,200.3,1.0,213.0,1.0,173.56,1.0,3.0,0.1286,0.9669,0.0006,-0.5973,0.7558,0.9979
2026-09-03T17:05:53Z,2026-09-03 17:05:30,SPXW,2026-09-08,P,7545.0,7747.25,1.4,66.0,1.45,10.0,1.6,235.0,1533.0,0.1229,-0.033,0.0006,-0.6969,0.7558,-0.0344
2026-09-03T17:05:53Z,2026-09-03 17:05:30,SPXW,2026-09-08,C,7550.0,7747.25,194.9,2.0,208.1,1.0,179.38,5.0,165.0,0.124,0.9651,0.0007,-0.6278,0.7897,0.9966
2026-09-03T17:05:53Z,2026-09-03 17:05:30,SPXW,2026-09-08,P,7550.0,7747.25,1.45,255.0,1.55,128.0,1.55,3107.0,1167.0,0.1215,-0.0349,0.0007,-0.725,0.7897,-0.0364
2026-09-03T17:05:53Z,2026-09-03 17:05:30,SPXW,2026-09-08,C,7555.0,7747.25,192.3,15.0,200.3,15.0,153.7,1.0,18.0,0.1186,0.963,0.0007,-0.6601,0.8255,0.9951
2026-09-03T17:05:53Z,2026-09-03 17:05:30,SPXW,2026-09-08,P,7555.0,7747.25,1.55,91.0,1.65,277.0,1.85,165.0,315.0,0.1203,-0.0369,0.0007,-0.7548,0.8255,-0.0386
2026-09-03T17:05:53Z,2026-09-03 17:05:30,SPXW,2026-09-08,C,7560.0,7747.25,185.3,1.0,198.0,1.0,155.85,4.0,12.0,0.1207,0.9608,0.0008,-0.6943,0.8636,0.9934
2026-09-03T17:05:53Z,2026-09-03 17:05:30,SPXW,2026-09-08,P,7560.0,7747.25,1.65,69.0,1.75,261.0,1.85,286.0,1586.0,0.1191,-0.0391,0.0008,-0.7866,0.8636,-0.0409
2026-09-03T17:05:53Z,2026-09-03 17:05:30,SPXW,2026-09-08,C,7565.0,7747.25,182.6,15.0,190.5,15.0,183.78,13.0,16.0,0.1168,0.9585,0.0008,-0.7304,0.904,0.9916
2026-09-03T17:05:53Z,2026-09-03 17:05:30,SPXW,2026-09-08,P,7565.0,7747.25,1.75,61.0,1.8,8.0,1.8,155.0,233.0,0.1178,-0.0415,0.0008,-0.8203,0.904,-0.0434
2026-09-03T17:05:53Z,2026-09-03 17:05:30,SPXW,2026-09-08,C,7570.0,7747.25,177.7,15.0,185.6,15.0,176.7,8.0,19.0,0.1154,0.9559,0.0009,-0.7687,0.9469,0.9896
2026-09-03T17:05:53Z,2026-09-03 17:05:30,SPXW,2026-09-08,P,7570.0,7747.25,1.85,78.0,1.95,246.0,1.95,206.0,393.0,0.1163,-0.0441,0.0009,-0.8561,0.9469,-0.046
2026-09-03T17:05:53Z,2026-09-03 17:05:30,SPXW,2026-09-08,C,7575.0,7747.25,170.8,1.0,183.5,1.0,173.27,13.0,104.0,0.1182,0.9531,0.0009,-0.8091,0.9925,0.9874
2026-09-03T17:05:53Z,2026-09-03 17:05:30,SPXW,2026-09-08,P,7575.0,7747.25,1.95,189.0,2.05,173.0,2.0,311.0,3288.0,0.1148,-0.0468,0.0009,-0.8941,0.9925,-0.0489
2026-09-03T17:05:53Z,2026-09-03 17:05:30,SPXW,2026-09-08,C,7580.0,7747.25,168.1,15.0,175.8,15.0,168.42,202.0,32.0,0.1134,0.9501,0.001,-0.8518,1.0407,0.985
2026-09-03T17:05:53Z,2026-09-03 17:05:30,SPXW,2026-09-08,P,7580.0,7747.25,2.1,44.0,2.15,10.0,2.17,343.0,478.0,0.1135,-0.0498,0.001,-0.9344,1.0407,-0.0521
2026-09-03T17:05:53Z,2026-09-03 17:05:30,SPXW,2026-09-08,C,7585.0,7747.25,163.3,15.0,170.9,15.0,167.9,18.0,25.0,0.1117,0.9469,0.001,-0.8969,1.0914,0.9822
2026-09-03T17:05:53Z,2026-09-03 17:05:30,SPXW,2026-09-08,P,7585.0,7747.25,2.2,186.0,2.3,53.0,2.3,278.0,411.0,0.1121,-0.0531,0.001,-0.977,1.0914,-0.0556
2026-09-03T17:05:53Z,2026-09-03 17:05:30,SPXW,2026-09-08,C,7590.0,7747.25,155.7,1.0,168.9,1.0,161.8,18.0,62.0,0.1114,0.9434,0.0011,-0.9445,1.1448,0.9791
2026-09-03T17:05:53Z,2026-09-03 17:05:30,SPXW,2026-09-08,P,7590.0,7747.25,2.35,164.0,2.45,79.0,2.47,205.0,247.0,0.1108,-0.0566,0.0011,-1.0222,1.1448,-0.0593
2026-09-03T17:05:53Z,2026-09-03 17:05:30,SPXW,2026-09-08,C,7595.0,7747.25,153.6,15.0,161.2,15.0,116.33,10.0,21.0,0.1095,0.9396,0.0012,-0.9947,1.2014,0.9758
2026-09-03T17:05:53Z,2026-09-03 17:05:30,SPXW,2026-09-08,P,7595.0,7747.25,2.55,33.0,2.6,31.0,2.6,220.0,218.0,0.1097,-0.0604,0.0012,-1.07,1.2014,-0.0633
2026-09-03T17:05:53Z,2026-09-03 17:05:30,SPXW,2026-09-08,C,7600.0,7747.25,149.0,8.0,156.4,23.0,150.53,15.0,756.0,0.1093,0.9354,0.0013,-1.0476,1.2614,0.9722
2026-09-03T17:05:53Z,2026-09-03 17:05:30,SPXW,2026-09-08,P,7600.0,7747.25,2.7,125.0,2.8,98.0,2.7,948.0,2025.0,0.1084,-0.0645,0.0013,-1.1205,1.2614,-0.0676
2026-09-03T17:05:53Z,2026-09-03 17:05:30,SPXW,2026-09-08,C,7605.0,7747.25,141.5,1.0,154.5,1.0,145.63,17.0,62.0,0.1089,0.931,0.0013,-1.1032,1.3247,0.9682
2026-09-03T17:05:53Z,2026-09-03 17:05:30,SPXW,2026-09-08,P,7605.0,7747.25,2.9,77.0,3.0,136.0,2.95,381.0,168.0,0.1073,-0.0689,0.0013,-1.1736,1.3247,-0.0723
2026-09-03T17:05:53Z,2026-09-03 17:05:30,SPXW,2026-09-08,C,7610.0,7747.25,139.2,15.0,146.8,15.0,144.78,14.0,54.0,0.1056,0.9262,0.0014,-1.1616,1.391,0.9637
2026-09-03T17:05:53Z,2026-09-03 17:05:30,SPXW,2026-09-08,P,7610.0,7747.25,3.1,118.0,3.2,84.0,3.65,361.0,474.0,0.106,-0.0738,0.0014,-1.2296,1.391,-0.0774
2026-09-03T17:05:53Z,2026-09-03 17:05:30,SPXW,2026-09-08,C,7615.0,7747.25,134.5,15.0,142.0,15.0,94.63,2.0,79.0,0.1045,0.921,0.0015,-1.2228,1.4603,0.9588
2026-09-03T17:05:53Z,2026-09-03 17:05:30,SPXW,2026-09-08,P,7615.0,7747.25,3.3,142.0,3.4,34.0,3.63,163.0,306.0,0.1046,-0.079,0.0015,-1.2884,1.4603,-0.083
2026-09-03T17:05:53Z,2026-09-03 17:05:30,SPXW,2026-09-08,C,7620.0,7747.25,127.3,1.0,139.8,1.0,128.19,66.0,131.0,0.104,0.9153,0.0016,-1.287,1.533,0.9535
2026-09-03T17:05:53Z,2026-09-03 17:05:30,SPXW,2026-09-08,P,7620.0,7747.25,3.6,22.0,3.7,112.0,3.6,405.0,368.0,0.1038,-0.0846,0.0016,-1.3502,1.533,-0.089
2026-09-03T17:05:53Z,2026-09-03 17:05:30,SPXW,2026-09-08,C,7625.0,7747.25,125.3,7.0,132.4,16.0,131.08,43.0,1038.0,0.1027,0.9092,0.0017,-1.3542,1.6096,0.9478
2026-09-03T17:05:53Z,2026-09-03 17:05:30,SPXW,2026-09-08,P,7625.0,7747.25,3.8,185.0,4.0,138.0,3.94,344.0,767.0,0.1024,-0.0907,0.0017,-1.4148,1.6096,-0.0954
2026-09-03T17:05:53Z,2026-09-03 17:05:30,SPXW,2026-09-08,C,7630.0,7747.25,120.4,15.0,127.7,15.0,125.1,37.0,193.0,0.1012,0.9026,0.0018,-1.4241,1.69,0.9415
2026-09-03T17:05:53Z,2026-09-03 17:05:30,SPXW,2026-09-08,P,7630.0,7747.25,4.1,176.0,4.2,17.0,4.17,239.0,650.0,0.101,-0.0973,0.0018,-1.4824,1.69,-0.1024
2026-09-03T17:05:53Z,2026-09-03 17:05:30,SPXW,2026-09-08,C,7635.0,7747.25,113.2,1.0,126.2,2.0,120.45,33.0,116.0,0.102,0.8955,0.002,-1.4969,1.7734,0.9346
2026-09-03T17:05:53Z,2026-09-03 17:05:30,SPXW,2026-09-08,P,7635.0,7747.25,4.5,23.0,4.6,100.0,4.55,164.0,213.0,0.1003,-0.1044,0.002,-1.5528,1.7734,-0.11
2026-09-03T17:05:53Z,2026-09-03 17:05:30,SPXW,2026-09-08,C,7640.0,7747.25,111.1,15.0,118.3,15.0,111.14,29.0,156.0,0.0987,0.8878,0.0021,-1.5726,1.8596,0.927
2026-09-03T17:05:53Z,2026-09-03 17:05:30,SPXW,2026-09-08,P,7640.0,7747.25,4.8,99.0,4.9,44.0,5.24,373.0,372.0,0.0988,-0.1122,0.0021,-1.626,1.8596,-0.1183
2026-09-03T17:05:53Z,2026-09-03 17:05:30,SPXW,2026-09-08,C,7645.0,7747.25,106.6,15.0,113.7,15.0,75.09,16.0,152.0,0.0977,0.8795,0.0022,-1.6509,1.9494,0.9189
2026-09-03T17:05:53Z,2026-09-03 17:05:30,SPXW,2026-09-08,P,7645.0,7747.25,5.2,95.0,5.3,47.0,6.2,145.0,219.0,0.0978,-0.1205,0.0022,-1.7019,1.9494,-0.127
2026-09-03T17:05:53Z,2026-09-03 17:05:30,SPXW,2026-09-08,C,7650.0,7747.25,102.3,6.0,109.1,7.0,100.88,83.0,706.0,0.0972,0.8705,0.0024,-1.7317,2.043,0.9101
2026-09-03T17:05:53Z,2026-09-03 17:05:30,SPXW,2026-09-08,P,7650.0,7747.25,5.6,105.0,5.7,13.0,5.8,2609.0,1134.0,0.0966,-0.1294,0.0024,-1.7803,2.043,-0.1365
2026-09-03T17:05:53Z,2026-09-03 17:05:30,SPXW,2026-09-08,C,7655.0,7747.25,97.4,15.0,104.5,15.0,89.08,23.0,79.0,0.0953,0.8608,0.0025,-1.8148,2.1395,0.9004
2026-09-03T17:05:53Z,2026-09-03 17:05:30,SPXW,2026-09-08,P,7655.0,7747.25,6.1,65.0,6.2,54.0,6.2,105.0,402.0,0.0957,-0.1391,0.0025,-1.8609,2.1395,-0.1469
2026-09-03T17:05:53Z,2026-09-03 17:05:30,SPXW,2026-09-08,C,7660.0,7747.25,92.9,15.0,100.0,15.0,91.7,84.0,144.0,0.094,0.8504,0.0027,-1.8998,2.2376,0.8899
2026-09-03T17:05:53Z,2026-09-03 17:05:30,SPXW,2026-09-08,P,7660.0,7747.25,6.6,75.0,6.7,35.0,6.54,682.0,639.0,0.0946,-0.1496,0.0027,-1.9435,2.2376,-0.1581
2026-09-03T17:05:53Z,2026-09-03 17:05:30,SPXW,2026-09-08,C,7665.0,7747.25,87.8,1.0,96.4,1.0,92.97,148.0,174.0,0.0936,0.8392,0.0028,-1.9865,2.3381,0.8787
2026-09-03T17:05:53Z,2026-09-03 17:05:30,SPXW,2026-09-08,P,7665.0,7747.25,7.1,85.0,7.3,80.0,7.21,450.0,219.0,0.0935,-0.1608,0.0028,-2.0278,2.3381,-0.17
2026-09-03T17:05:53Z,2026-09-03 17:05:30,SPXW,2026-09-08,C,7670.0,7747.25,84.5,7.0,91.1,23.0,88.0,193.0,298.0,0.093,0.8271,0.003,-2.0744,2.4417,0.8666
2026-09-03T17:05:53Z,2026-09-03 17:05:30,SPXW,2026-09-08,P,7670.0,7747.25,7.7,83.0,7.9,73.0,7.81,1169.0,320.0,0.0927,-0.1728,0.003,-2.1132,2.4417,-0.1827
2026-09-03T17:05:53Z,2026-09-03 17:05:30,SPXW,2026-09-08,C,7675.0,7747.25,80.2,8.0,86.7,8.0,81.49,78.0,422.0,0.0919,0.8142,0.0032,-2.1628,2.5464,0.8534
2026-09-03T17:05:53Z,2026-09-03 17:05:30,SPXW,2026-09-08,P,7675.0,7747.25,8.4,71.0,8.6,78.0,8.3,591.0,2664.0,0.0917,-0.1858,0.0032,-2.1992,2.5464,-0.1967
2026-09-03T17:05:53Z,2026-09-03 17:05:30,SPXW,2026-09-08,C,7680.0,7747.25,75.9,8.0,82.6,8.0,79.99,100.0,627.0,0.0912,0.8003,0.0033,-2.2513,2.6507,0.8392
2026-09-03T17:05:53Z,2026-09-03 17:05:30,SPXW,2026-09-08,P,7680.0,7747.25,9.1,84.0,9.3,75.0,9.17,234.0,767.0,0.0906,-0.1996,0.0033,-2.2853,2.6507,-0.2116
2026-09-03T17:05:53Z,2026-09-03 17:05:30,SPXW,2026-09-08,C,7685.0,7747.25,71.1,15.0,78.1,15.0,74.48,136.0,190.0,0.0885,0.7855,0.0035,-2.3391,2.7555,0.8242
2026-09-03T17:05:53Z,2026-09-03 17:05:30,SPXW,2026-09-08,P,7685.0,7747.25,9.9,80.0,10.1,74.0,10.0,738.0,545.0,0.0896,-0.2145,0.0035,-2.3707,2.7555,-0.2272
2026-09-03T17:05:53Z,2026-09-03 17:05:30,SPXW,2026-09-08,C,7690.0,7747.25,67.6,11.0,73.7,3.0,70.32,285.0,460.0,0.0883,0.7697,0.0037,-2.4254,2.861,0.8079
2026-09-03T17:05:53Z,2026-09-03 17:05:30,SPXW,2026-09-08,P,7690.0,7747.25,10.8,73.0,11.0,85.0,10.83,1046.0,986.0,0.0888,-0.2303,0.0037,-2.4545,2.861,-0.2442
2026-09-03T17:05:53Z,2026-09-03 17:05:30,SPXW,2026-09-08,C,7695.0,7747.25,63.7,3.0,69.6,3.0,67.0,211.0,1642.0,0.0876,0.7528,0.0039,-2.5092,2.9638,0.7904
2026-09-03T17:05:53Z,2026-09-03 17:05:30,SPXW,2026-09-08,P,7695.0,7747.25,11.7,76.0,11.9,64.0,11.8,782.0,535.0,0.0878,-0.2471,0.0039,-2.5359,2.9638,-0.2624
2026-09-03T17:05:53Z,2026-09-03 17:05:30,SPXW,2026-09-08,C,7700.0,7747.25,61.5,1.0,64.1,1.0,63.14,1427.0,1507.0,0.0871,0.735,0.0041,-2.5896,3.0631,0.7721
2026-09-03T17:05:53Z,2026-09-03 17:05:30,SPXW,2026-09-08,P,7700.0,7747.25,12.8,13.0,12.9,22.0,12.7,1765.0,719.0,0.087,-0.265,0.0041,-2.6138,3.0631,-0.2814
2026-09-03T17:05:53Z,2026-09-03 17:05:30,SPXW,2026-09-08,C,7705.0,7747.25,57.7,3.0,59.9,3.0,58.83,356.0,261.0,0.0858,0.716,0.0043,-2.6654,3.1604,0.7526
2026-09-03T17:05:53Z,2026-09-03 17:05:30,SPXW,2026-09-08,P,7705.0,7747.25,13.9,28.0,14.0,20.0,13.9,442.0,172.0,0.086,-0.2839,0.0043,-2.6872,3.1604,-0.3015
2026-09-03T17:05:53Z,2026-09-03 17:05:30,SPXW,2026-09-08,C,7710.0,7747.25,53.9,4.0,56.1,3.0,55.03,398.0,351.0,0.0849,0.6961,0.0044,-2.7354,3.2529,0.7316
2026-09-03T17:05:53Z,2026-09-03 17:05:30,SPXW,2026-09-08,P,7710.0,7747.25,15.1,24.0,15.2,8.0,15.1,513.0,269.0,0.0853,-0.3039,0.0044,-2.7548,3.2529,-0.3232
2026-09-03T17:05:53Z,2026-09-03 17:05:30,SPXW,2026-09-08,C,7715.0,7747.25,51.3,10.0,51.5,12.0,51.9,1171.0,900.0,0.0844,0.675,0.0046,-2.7985,3.3379,0.7099
2026-09-03T17:05:53Z,2026-09-03 17:05:30,SPXW,2026-09-08,P,7715.0,7747.25,16.4,24.0,16.5,8.0,16.4,1025.0,832.0,0.0843,-0.3249,0.0046,-2.8155,3.3379,-0.3457
2026-09-03T17:05:53Z,2026-09-03 17:05:30,SPXW,2026-09-08,C,7720.0,7747.25,47.7,10.0,47.9,5.0,48.49,878.0,719.0,0.0835,0.653,0.0048,-2.8536,3.4167,0.687
2026-09-03T17:05:53Z,2026-09-03 17:05:30,SPXW,2026-09-08,P,7720.0,7747.25,17.8,23.0,18.0,66.0,17.8,871.0,833.0,0.0836,-0.347,0.0048,-2.8681,3.4167,-0.3692
2026-09-03T17:05:53Z,2026-09-03 17:05:30,SPXW,2026-09-08,C,7725.0,7747.25,44.2,14.0,44.4,5.0,44.63,1167.0,1770.0,0.0826,0.6299,0.005,-2.8991,3.4875,0.6626
2026-09-03T17:05:53Z,2026-09-03 17:05:30,SPXW,2026-09-08,P,7725.0,7747.25,19.3,24.0,19.5,50.0,19.4,1323.0,225.0,0.0827,-0.3701,0.005,-2.9112,3.4875,-0.3943
2026-09-03T17:05:53Z,2026-09-03 17:05:30,SPXW,2026-09-08,C,7730.0,7747.25,40.9,12.0,41.1,15.0,41.14,287.0,547.0,0.0819,0.6058,0.0051,-2.934,3.5471,0.6377
2026-09-03T17:05:53Z,2026-09-03 17:05:30,SPXW,2026-09-08,P,7730.0,7747.25,20.9,55.0,21.1,19.0,20.99,536.0,211.0,0.0817,-0.3941,0.0051,-2.9436,3.5471,-0.4199
2026-09-03T17:05:53Z,2026-09-03 17:05:30,SPXW,2026-09-08,C,7735.0,7747.25,37.6,16.0,37.9,32.0,38.1,534.0,380.0,0.0811,0.5809,0.0052,-2.9572,3.5963,0.6116
2026-09-03T17:05:53Z,2026-09-03 17:05:30,SPXW,2026-09-08,P,7735.0,7747.25,22.7,21.0,22.9,61.0,22.8,241.0,44.0,0.081,-0.419,0.0052,-2.9645,3.5963,-0.4466
2026-09-03T17:05:53Z,2026-09-03 17:05:30,SPXW,2026-09-08,C,7740.0,7747.25,34.5,41.0,34.8,58.0,34.5,1421.0,1063.0,0.0803,0.5551,0.0053,-2.9676,3.6334,0.5843
2026-09-03T17:05:53Z,2026-09-03 17:05:30,SPXW,2026-09-08,P,7740.0,7747.25,24.6,21.0,24.8,59.0,24.9,332.0,118.0,0.0803,-0.4448,0.0053,-2.9724,3.6334,-0.4747
2026-09-03T17:05:53Z,2026-09-03 17:05:30,SPXW,2026-09-08,C,7745.0,7747.25,31.6,10.0,31.8,39.0,32.2,806.0,952.0,0.0796,0.5286,0.0054,-2.9642,3.6563,0.5568
2026-09-03T17:05:53Z,2026-09-03 17:05:30,SPXW,2026-09-08,P,7745.0,7747.25,26.6,45.0,26.8,19.0,26.39,449.0,58.0,0.0794,-0.4713,0.0054,-2.9666,3.6563,-0.5029
2026-09-03T17:05:53Z,2026-09-03 17:05:30,SPXW,2026-09-08,C,7750.0,7747.25,28.8,6.0,29.0,65.0,29.77,2639.0,663.0,0.0788,0.5015,0.0055,-2.9468,3.6649,0.5281
2026-09-03T17:05:53Z,2026-09-03 17:05:30,SPXW,2026-09-08,P,7750.0,7747.25,28.8,11.0,29.0,34.0,29.1,1210.0,482.0,0.0788,-0.4984,0.0055,-2.9468,3.6649,-0.5322
2026-09-03T17:05:53Z,2026-09-03 17:05:30,SPXW,2026-09-08,C,7755.0,7747.25,26.1,17.0,26.3,44.0,26.4,543.0,399.0,0.0782,0.4739,0.0055,-2.9142,3.658,0.499
2026-09-03T17:05:53Z,2026-09-03 17:05:30,SPXW,2026-09-08,P,7755.0,7747.25,31.1,43.0,31.3,31.0,30.7,224.0,19.0,0.078,-0.526,0.0055,-2.9117,3.658,-0.562
2026-09-03T17:05:53Z,2026-09-03 17:05:30,SPXW,2026-09-08,C,7760.0,7747.25,23.5,58.0,23.8,70.0,24.51,762.0,693.0,0.0773,0.446,0.0055,-2.8668,3.6353,0.4698
2026-09-03T17:05:53Z,2026-09-03 17:05:30,SPXW,2026-09-08,P,7760.0,7747.25,33.6,10.0,33.8,32.0,34.3,138.0,105.0,0.0774,-0.554,0.0055,-2.8619,3.6353,-0.5918
2026-09-03T17:05:53Z,2026-09-03 17:05:30,SPXW,2026-09-08,C,7765.0,7747.25,21.2,21.0,21.4,72.0,21.24,565.0,901.0,0.0768,0.4179,0.0055,-2.8045,3.5953,0.4398
2026-09-03T17:05:53Z,2026-09-03 17:05:30,SPXW,2026-09-08,P,7765.0,7747.25,36.2,12.0,36.4,19.0,36.2,87.0,38.0,0.0767,-0.5821,0.0055,-2.7972,3.5953,-0.6225
2026-09-03T17:05:53Z,2026-09-03 17:05:30,SPXW,2026-09-08,C,7770.0,7747.25,19.0,12.0,19.2,57.0,19.0,538.0,1131.0,0.0763,0.3898,0.0055,-2.7278,3.5393,0.4104
2026-09-03T17:05:53Z,2026-09-03 17:05:30,SPXW,2026-09-08,P,7770.0,7747.25,39.0,7.0,39.2,14.0,40.16,69.0,160.0,0.0761,-0.6102,0.0055,-2.718,3.5393,-0.6526
2026-09-03T17:05:53Z,2026-09-03 17:05:30,SPXW,2026-09-08,C,7775.0,7747.25,16.9,35.0,17.1,62.0,17.4,950.0,1512.0,0.0756,0.3618,0.0054,-2.6375,3.4669,0.3809
2026-09-03T17:05:53Z,2026-09-03 17:05:30,SPXW,2026-09-08,P,7775.0,7747.25,41.9,13.0,42.1,12.0,43.88,50.0,153.0,0.0754,-0.6381,0.0054,-2.6253,3.4669,-0.6828
2026-09-03T17:05:53Z,2026-09-03 17:05:30,SPXW,2026-09-08,C,7780.0,7747.25,15.0,30.0,15.2,66.0,15.3,603.0,751.0,0.075,0.3343,0.0053,-2.5345,3.3774,0.3517
2026-09-03T17:05:53Z,2026-09-03 17:05:30,SPXW,2026-09-08,P,7780.0,7747.25,45.0,4.0,45.2,10.0,44.7,112.0,74.0,0.0749,-0.6656,0.0053,-2.5199,3.3774,-0.7127
2026-09-03T17:05:53Z,2026-09-03 17:05:30,SPXW,2026-09-08,C,7785.0,7747.25,13.2,70.0,13.4,38.0,13.8,300.0,540.0,0.0744,0.3074,0.0051,-2.4202,3.2748,0.3235
2026-09-03T17:05:53Z,2026-09-03 17:05:30,SPXW,2026-09-08,P,7785.0,7747.25,48.2,10.0,48.4,9.0,51.7,17.0,14.0,0.0744,-0.6926,0.0051,-2.4032,3.2748,-0.7416
2026-09-03T17:05:53Z,2026-09-03 17:05:30,SPXW,2026-09-08,C,7790.0,7747.25,11.6,69.0,11.8,37.0,11.82,379.0,1573.0,0.0739,0.2812,0.0049,-2.2963,3.1565,0.2955
2026-09-03T17:05:53Z,2026-09-03 17:05:30,SPXW,2026-09-08,P,7790.0,7747.25,51.6,8.0,51.9,8.0,51.15,8.0,40.0,0.074,-0.7188,0.0049,-2.2768,3.1565,-0.7703
2026-09-03T17:05:53Z,2026-09-03 17:05:30,SPXW,2026-09-08,C,7795.0,7747.25,10.2,41.0,10.4,86.0,10.4,293.0,1161.0,0.0736,0.2558,0.0047,-2.1644,3.0266,0.2691
2026-09-03T17:05:53Z,2026-09-03 17:05:30,SPXW,2026-09-08,P,7795.0,7747.25,54.4,2.0,56.6,3.0,74.03,3.0,10.0,0.0742,-0.7441,0.0047,-2.1425,3.0266,-0.7974
2026-09-03T17:05:53Z,2026-09-03 17:05:30,SPXW,2026-09-08,C,7800.0,7747.25,8.9,23.0,9.0,28.0,9.2,3867.0,3685.0,0.0731,0.2316,0.0045,-2.0265,2.8864,0.2433
2026-09-03T17:05:53Z,2026-09-03 17:05:30,SPXW,2026-09-08,P,7800.0,7747.25,56.1,2.0,62.0,2.0,58.65,27.0,979.0,0.0734,-0.7683,0.0045,-2.0021,2.8864,-0.8239
2026-09-03T17:05:53Z,2026-09-03 17:05:30,SPXW,2026-09-08,C,7805.0,7747.25,7.7,64.0,7.9,95.0,7.65,355.0,2563.0,0.0729,0.2086,0.0043,-1.8844,2.7359,0.219
2026-09-03T17:05:53Z,2026-09-03 17:05:30,SPXW,2026-09-08,P,7805.0,7747.25,59.9,2.0,66.3,5.0,95.0,2.0,15.0,0.0739,-0.7914,0.0043,-1.8577,2.7359,-0.8488
2026-09-03T17:05:53Z,2026-09-03 17:05:30,SPXW,2026-09-08,C,7810.0,7747.25,6.6,96.0,6.8,80.0,6.9,348.0,903.0,0.0724,0.1868,0.004,-1.7405,2.5804,0.1961
2026-09-03T17:05:53Z,2026-09-03 17:05:30,SPXW,2026-09-08,P,7810.0,7747.25,63.5,1.0,69.8,2.0,70.13,138.0,29.0,0.0723,-0.8131,0.004,-1.7113,2.5804,-0.8725
2026-09-03T17:05:53Z,2026-09-03 17:05:30,SPXW,2026-09-08,C,7815.0,7747.25,5.7,82.0,5.9,107.0,5.69,235.0,713.0,0.0722,0.1665,0.0038,-1.5967,2.4187,0.1745
2026-09-03T17:05:53Z,2026-09-03 17:05:30,SPXW,2026-09-08,P,7815.0,7747.25,67.5,1.0,74.1,1.0,72.6,0.0,8.0,0.0723,-0.8335,0.0038,-1.5651,2.4187,-0.8947
2026-09-03T17:05:53Z,2026-09-03 17:05:30,SPXW,2026-09-08,C,7820.0,7747.25,4.9,73.0,5.0,26.0,5.09,718.0,699.0,0.0719,0.1476,0.0035,-1.4552,2.2554,0.1547
2026-09-03T17:05:53Z,2026-09-03 17:05:30,SPXW,2026-09-08,P,7820.0,7747.25,71.8,2.0,78.3,2.0,119.68,4.0,85.0,0.0722,-0.8524,0.0035,-1.4212,2.2554,-0.9152
2026-09-03T17:05:53Z,2026-09-03 17:05:30,SPXW,2026-09-08,C,7825.0,7747.25,4.2,38.0,4.3,113.0,4.35,405.0,548.0,0.0718,0.1302,0.0032,-1.318,2.0918,0.1362
2026-09-03T17:05:53Z,2026-09-03 17:05:30,SPXW,2026-09-08,P,7825.0,7747.25,75.8,1.0,82.5,2.0,166.2,0.0,25.0,0.0712,-0.8698,0.0032,-1.2815,2.0918,-0.9344
2026-09-03T17:05:53Z,2026-09-03 17:05:30,SPXW,2026-09-08,C,7830.0,7747.25,3.5,112.0,3.7,125.0,3.55,530.0,1485.0,0.0715,0.1143,0.0029,-1.1867,1.9298,0.1196
2026-09-03T17:05:53Z,2026-09-03 17:05:30,SPXW,2026-09-08,P,7830.0,7747.25,80.1,1.0,87.1,1.0,87.25,12.0,48.0,0.072,-0.8856,0.0029,-1.1478,1.9298,-0.9516
2026-09-03T17:05:53Z,2026-09-03 17:05:30,SPXW,2026-09-08,C,7835.0,7747.25,3.0,101.0,3.1,110.0,3.2,374.0,811.0,0.0713,0.1,0.0027,-1.063,1.7726,0.1044
2026-09-03T17:05:53Z,2026-09-03 17:05:30,SPXW,2026-09-08,P,7835.0,7747.25,84.7,2.0,91.5,2.0,0.0,0.0,0.0,0.0716,-0.9,0.0027,-1.0217,1.7726,-0.9675
2026-09-03T17:05:53Z,2026-09-03 17:05:30,SPXW,2026-09-08,C,7840.0,7747.25,2.55,57.0,2.6,8.0,2.56,223.0,678.0,0.0712,0.0872,0.0024,-0.9481,1.621,0.091
2026-09-03T17:05:53Z,2026-09-03 17:05:30,SPXW,2026-09-08,P,7840.0,7747.25,89.2,2.0,96.1,2.0,166.79,0.0,16.0,0.0717,-0.9128,0.0024,-0.9043,1.621,-0.9816
2026-09-03T17:05:53Z,2026-09-03 17:05:30,SPXW,2026-09-08,C,7845.0,7747.25,2.15,36.0,2.2,8.0,2.25,140.0,1012.0,0.0712,0.0758,0.0022,-0.8426,1.4772,0.079
2026-09-03T17:05:53Z,2026-09-03 17:05:30,SPXW,2026-09-08,P,7845.0,7747.25,93.8,2.0,100.8,1.0,167.72,0.0,1.0,0.0725,-0.9241,0.0022,-0.7964,1.4772,-0.9943
2026-09-03T17:05:53Z,2026-09-03 17:05:30,SPXW,2026-09-08,C,7850.0,7747.25,1.8,121.0,1.85,8.0,1.82,553.0,1863.0,0.0711,0.0658,0.002,-0.7472,1.3424,0.0685
2026-09-03T17:05:53Z,2026-09-03 17:05:30,SPXW,2026-09-08,P,7850.0,7747.25,98.3,2.0,106.0,2.0,105.62,9.0,40.0,0.0738,-0.9341,0.002,-0.6986,1.3424,-1.0055
2026-09-03T17:05:53Z,2026-09-03 17:05:30,SPXW,2026-09-08,C,7855.0,7747.25,1.5,158.0,1.6,137.0,1.5,53.0,402.0,0.0713,0.0571,0.0017,-0.6616,1.2172,0.0595
2026-09-03T17:05:53Z,2026-09-03 17:05:30,SPXW,2026-09-08,P,7855.0,7747.25,103.0,2.0,110.5,1.0,108.1,20.0,0.0,0.0732,-0.9428,0.0017,-0.6105,1.2172,-1.0152
2026-09-03T17:05:53Z,2026-09-03 17:05:30,SPXW,2026-09-08,C,7860.0,7747.25,1.25,216.0,1.35,115.0,1.4,144.0,1270.0,0.0714,0.0496,0.0016,-0.5857,1.1021,0.0515
2026-09-03T17:05:53Z,2026-09-03 17:05:30,SPXW,2026-09-08,P,7860.0,7747.25,107.5,15.0,115.4,15.0,103.25,0.0,3.0,0.073,-0.9504,0.0016,-0.5322,1.1021,-1.0239
2026-09-03T17:05:53Z,2026-09-03 17:05:30,SPXW,2026-09-08,C,7865.0,7747.25,1.05,194.0,1.15,91.0,0.97,75.0,272.0,0.0716,0.0431,0.0014,-0.5188,0.9975,0.0448
2026-09-03T17:05:53Z,2026-09-03 17:05:30,SPXW,2026-09-08,P,7865.0,7747.25,109.6,1.0,123.3,1.0,0.0,0.0,0.0,0.0756,-0.9568,0.0014,-0.4629,0.9975,-1.0313
2026-09-03T17:05:53Z,2026-09-03 17:05:30,SPXW,2026-09-08,C,7870.0,7747.25,0.9,171.0,1.0,173.0,1.0,94.0,350.0,0.0721,0.0376,0.0012,-0.4604,0.9028,0.0389
2026-09-03T17:05:53Z,2026-09-03 17:05:30,SPXW,2026-09-08,P,7870.0,7747.25,117.0,15.0,125.2,15.0,150.45,0.0,2.0,0.0748,-0.9624,0.0012,-0.4021,0.9028,-1.0378
2026-09-03T17:05:53Z,2026-09-03 17:05:30,SPXW,2026-09-08,C,7875.0,7747.25,0.75,225.0,0.85,189.0,0.67,48.0,2581.0,0.0724,0.0328,0.0011,-0.4096,0.8176,0.0339
2026-09-03T17:05:53Z,2026-09-03 17:05:30,SPXW,2026-09-08,P,7875.0,7747.25,121.9,15.0,130.1,15.0,173.92,32.0,169.0,0.0761,-0.9671,0.0011,-0.3488,0.8176,-1.0435
2026-09-03T17:05:53Z,2026-09-03 17:05:30,SPXW,2026-09-08,C,7880.0,7747.25,0.65,173.0,0.75,259.0,0.7,381.0,1171.0,0.0731,0.0288,0.001,-0.3656,0.7417,0.0298
2026-09-03T17:05:53Z,2026-09-03 17:05:30,SPXW,2026-09-08,P,7880.0,7747.25,124.2,1.0,136.7,1.0,0.0,0.0,0.0,0.0686,-0.9712,0.001,-0.3024,0.7417,-1.0483
2026-09-03T17:05:53Z,2026-09-03 17:05:30,SPXW,2026-09-08,C,7885.0,7747.25,0.55,220.0,0.65,207.0,0.6,29.0,27.0,0.0736,0.0253,0.0009,-0.3276,0.6742,0.0262
2026-09-03T17:05:53Z,2026-09-03 17:05:30,SPXW,2026-09-08,P,7885.0,7747.25,131.6,15.0,139.8,15.0,0.0,0.0,0.0,0.0766,-0.9746,0.0009,-0.262,0.6742,-1.0526
2026-09-03T17:05:53Z,2026-09-03 17:05:30,SPXW,2026-09-08,C,7890.0,7747.25,0.5,10.0,0.55,139.0,0.42,323.0,518.0,0.0743,0.0224,0.0008,-0.2949,0.614,0.0231
2026-09-03T17:05:53Z,2026-09-03 17:05:30,SPXW,2026-09-08,P,7890.0,7747.25,136.5,15.0,144.7,15.0,125.62,0.0,3.0,0.0772,-0.9776,0.0008,-0.2268,0.614,-1.0564
2026-09-03T17:05:53Z,2026-09-03 17:05:30,SPXW,2026-09-08,C,7895.0,7747.25,0.4,267.0,0.5,229.0,0.4,17.0,51.0,0.0748,0.0199,0.0007,-0.2667,0.5607,0.0205
2026-09-03T17:05:53Z,2026-09-03 17:05:30,SPXW,2026-09-08,P,7895.0,7747.25,139.0,1.0,151.5,1.0,0.0,0.0,1.0,0.0698,-0.98,0.0007,-0.1962,0.5607,-1.0596
2026-09-03T17:05:53Z,2026-09-03 17:05:30,SPXW,2026-09-08,C,7900.0,7747.25,0.35,363.0,0.45,310.0,0.45,106.0,3986.0,0.0756,0.0178,0.0006,-0.2424,0.5138,0.0183
2026-09-03T17:05:53Z,2026-09-03 17:05:30,SPXW,2026-09-08,P,7900.0,7747.25,146.4,15.0,154.5,15.0,231.48,0.0,40.0,0.0776,-0.9822,0.0006,-0.1695,0.5138,-1.0625
2026-09-03T17:05:53Z,2026-09-03 17:05:30,SPXW,2026-09-08,C,7905.0,7747.25,0.35,8.0,0.4,250.0,0.12,2.0,22.0,0.0771,0.016,0.0006,-0.2214,0.4723,0.0164
2026-09-03T17:05:53Z,2026-09-03 17:05:30,SPXW,2026-09-08,P,7905.0,7747.25,151.4,15.0,159.4,15.0,0.0,0.0,0.0,0.0799,-0.984,0.0006,-0.1461,0.4723,-1.0651
2026-09-03T17:05:53Z,2026-09-03 17:05:30,SPXW,2026-09-08,C,7910.0,7747.25,0.3,214.0,0.4,575.0,0.35,273.0,1967.0,0.0784,0.0144,0.0005,-0.2034,0.4354,0.0148
2026-09-03T17:05:53Z,2026-09-03 17:05:30,SPXW,2026-09-08,P,7910.0,7747.25,153.6,1.0,166.5,1.0,249.41,0.0,2.0,0.0661,-0.9855,0.0005,-0.1256,0.4354,-1.0674
2026-09-03T17:05:53Z,2026-09-03 17:05:30,SPXW,2026-09-08,C,7915.0,7747.25,0.25,310.0,0.35,379.0,0.35,2.0,122.0,0.0789,0.0131,0.0005,-0.1878,0.4027,0.0134
2026-09-03T17:05:53Z,2026-09-03 17:05:30,SPXW,2026-09-08,P,7915.0,7747.25,161.3,15.0,169.4,15.0,0.0,0.0,0.0,0.0816,-0.9869,0.0005,-0.1076,0.4027,-1.0695
2026-09-03T17:05:53Z,2026-09-03 17:05:30,SPXW,2026-09-08,C,7920.0,7747.25,0.25,236.0,0.35,565.0,0.25,9.0,436.0,0.0809,0.0119,0.0004,-0.1743,0.3739,0.0122
2026-09-03T17:05:53Z,2026-09-03 17:05:30,SPXW,2026-09-08,P,7920.0,7747.25,166.2,15.0,174.4,15.0,258.81,0.0,2.0,0.0838,-0.988,0.0004,-0.0916,0.3739,-1.0713
2026-09-03T17:05:53Z,2026-09-03 17:05:30,SPXW,2026-09-08,C,7925.0,7747.25,0.2,571.0,0.3,482.0,0.25,10.0,427.0,0.081,0.011,0.0004,-0.1625,0.3483,0.0112
2026-09-03T17:05:53Z,2026-09-03 17:05:30,SPXW,2026-09-08,P,7925.0,7747.25,168.5,1.0,181.4,1.0,188.66,0.0,4.0,0.0,-0.989,0.0004,-0.0774,0.3483,-1.073
2026-09-03T17:05:53Z,2026-09-03 17:05:30,SPXW,2026-09-08,C,7930.0,7747.25,0.2,361.0,0.3,455.0,0.27,1.0,156.0,0.083,0.0101,0.0004,-0.1522,0.3254,0.0103
2026-09-03T17:05:53Z,2026-09-03 17:05:30,SPXW,2026-09-08,P,7930.0,7747.25,176.2,15.0,184.3,15.0,0.0,0.0,0.0,0.0849,-0.9899,0.0004,-0.0647,0.3254,-1.0746
2026-09-03T17:05:53Z,2026-09-03 17:05:30,SPXW,2026-09-08,C,7940.0,7747.25,0.15,539.0,0.25,388.0,0.22,147.0,1099.0,0.0847,0.0087,0.0003,-0.1354,0.2866,0.0088
2026-09-03T17:05:53Z,2026-09-03 17:05:30,SPXW,2026-09-08,P,7940.0,7747.25,186.2,15.0,194.3,15.0,0.0,0.0,0.0,0.0891,-0.9913,0.0003,-0.043,0.2866,-1.0774
2026-09-03T17:05:53Z,2026-09-03 17:05:30,SPXW,2026-09-08,C,7950.0,7747.25,0.15,426.0,0.25,600.0,0.19,18.0,762.0,0.0886,0.0076,0.0003,-0.1223,0.2554,0.0077
2026-09-03T17:05:53Z,2026-09-03 17:05:30,SPXW,2026-09-08,P,7950.0,7747.25,192.9,1.0,207.4,1.0,298.22,0.0,2.0,0.089,-0.9924,0.0003,-0.0251,0.2554,-1.0799
2026-09-03T17:05:53Z,2026-09-03 17:05:30,SPXW,2026-09-08,C,7960.0,7747.25,0.15,342.0,0.2,184.0,0.2,50.0,65.0,0.0911,0.0067,0.0002,-0.1118,0.2296,0.0068
2026-09-03T17:05:53Z,2026-09-03 17:05:30,SPXW,2026-09-08,P,7960.0,7747.25,202.8,1.0,217.1,1.0,0.0,0.0,0.0,0.0719,-0.9932,0.0002,-0.0099,0.2301,-1.0822
2026-09-03T17:05:53Z,2026-09-03 17:05:30,SPXW,2026-09-08,C,7970.0,7747.25,0.15,200.0,0.2,433.0,0.15,5.0,0.0,0.0948,0.006,0.0002,-0.1037,0.2087,0.0061
2026-09-03T17:05:53Z,2026-09-03 17:05:30,SPXW,2026-09-08,P,7970.0,7747.25,211.8,1.0,229.3,1.0,0.0,0.0,0.0,0.1113,-0.9939,0.0002,0.0,0.2091,-1.0843
2026-09-03T17:05:53Z,2026-09-03 17:05:30,SPXW,2026-09-08,C,7975.0,7747.25,0.15,8.0,0.2,570.0,0.14,53.0,723.0,0.0967,0.0057,0.0002,-0.1002,0.1996,0.0058
2026-09-03T17:05:53Z,2026-09-03 17:05:30,SPXW,2026-09-08,P,7975.0,7747.25,216.8,1.0,234.3,1.0,249.05,0.0,1.0,0.1135,-0.9942,0.0002,0.0,0.2,-1.0853
2026-09-03T17:05:53Z,2026-09-03 17:05:30,SPXW,2026-09-08,C,7980.0,7747.25,0.15,8.0,0.2,481.0,0.1,11.0,1.0,0.0986,0.0055,0.0002,-0.0971,0.1912,0.0055
2026-09-03T17:05:53Z,2026-09-03 17:05:30,SPXW,2026-09-08,P,7980.0,7747.25,222.8,1.0,240.7,1.0,0.0,0.0,0.0,0.1374,-0.9945,0.0002,0.0,0.1916,-1.0862
2026-09-03T17:05:53Z,2026-09-03 17:05:30,SPXW,2026-09-08,C,7990.0,7747.25,0.1,483.0,0.2,727.0,0.2,189.0,0.0,0.1006,0.005,0.0002,-0.0917,0.1764,0.0051
2026-09-03T17:05:53Z,2026-09-03 17:05:30,SPXW,2026-09-08,P,7990.0,7747.25,231.8,1.0,249.6,1.0,0.0,0.0,0.0,0.1239,-0.9949,0.0002,0.0,0.1767,-1.0881
2026-09-03T17:05:53Z,2026-09-03 17:05:30,SPXW,2026-09-08,C,8000.0,7747.25,0.1,459.0,0.2,856.0,0.2,33.0,675.0,0.1042,0.0046,0.0001,-0.0873,0.1639,0.0047
2026-09-03T17:05:53Z,2026-09-03 17:05:30,SPXW,2026-09-08,P,8000.0,7747.25,241.7,1.0,258.9,1.0,357.95,0.0,7.0,0.1165,-0.9953,0.0001,0.0,0.1642,-1.0898
2026-09-03T17:05:53Z,2026-09-03 17:05:30,SPXW,2026-09-08,C,8025.0,7747.25,0.1,312.0,0.15,227.0,0.1,2.0,418.0,0.1111,0.0039,0.0001,-0.0791,0.1396,0.004
2026-09-03T17:05:53Z,2026-09-03 17:05:30,SPXW,2026-09-08,P,8025.0,7747.25,266.7,1.0,284.3,1.0,383.4,0.0,6.0,0.1339,-0.996,0.0001,0.0,0.1396,-1.094
2026-09-03T17:05:53Z,2026-09-03 17:05:30,SPXW,2026-09-08,C,8050.0,7747.25,0.05,784.0,0.15,534.0,0.07,3.0,445.0,0.1173,0.0034,0.0001,-0.0736,0.1218,0.0034
2026-09-03T17:05:53Z,2026-09-03 17:05:30,SPXW,2026-09-08,P,8050.0,7747.25,291.7,1.0,309.2,1.0,0.0,0.0,0.0,0.143,-0.9966,0.0001,0.0,0.1218,-1.0979
2026-09-03T17:05:53Z,2026-09-03 17:05:30,SPXW,2026-09-08,C,8075.0,7747.25,0.05,760.0,0.15,859.0,0.07,10.0,401.0,0.1259,0.003,0.0001,-0.0697,0.1083,0.003
2026-09-03T17:05:53Z,2026-09-03 17:05:30,SPXW,2026-09-08,P,8075.0,7747.25,316.6,1.0,334.8,1.0,0.0,0.0,0.0,0.1611,-0.9969,0.0001,0.0,0.1083,-1.1018
2026-09-03T17:05:53Z,2026-09-03 17:05:30,SPXW,2026-09-08,C,8100.0,7747.25,0.05,460.0,0.15,878.0,0.05,5.0,5459.0,0.1344,0.0027,0.0001,-0.0667,0.0976,0.0027
2026-09-03T17:05:53Z,2026-09-03 17:05:30,SPXW,2026-09-08,P,8100.0,7747.25,341.6,1.0,359.0,1.0,422.02,0.0,1.0,0.1581,-0.9972,0.0001,0.0,0.0976,-1.1055
2026-09-03T17:05:53Z,2026-09-03 17:05:30,SPXW,2026-09-08,C,8125.0,7747.25,0.05,237.0,0.1,178.0,0.05,6.0,204.0,0.1391,0.0025,0.0001,-0.0644,0.0889,0.0025
2026-09-03T17:05:53Z,2026-09-03 17:05:30,SPXW,2026-09-08,P,8125.0,7747.25,367.6,1.0,383.7,1.0,0.0,0.0,0.0,0.1811,-0.9975,0.0001,0.0,0.089,-1.1091
2026-09-03T17:05:53Z,2026-09-03 17:05:30,SPXW,2026-09-08,C,8150.0,7747.25,0.05,187.0,0.1,342.0,0.05,0.0,112.0,0.1473,0.0023,0.0,-0.0625,0.0817,0.0023
2026-09-03T17:05:53Z,2026-09-03 17:05:30,SPXW,2026-09-08,P,8150.0,7747.25,392.4,1.0,409.1,1.0,0.0,0.0,0.0,0.1947,-0.9977,0.0,0.0,0.0817,-1.1127
2026-09-03T17:05:53Z,2026-09-03 17:05:30,SPXW,2026-09-08,C,8175.0,7747.25,0.05,151.0,0.1,432.0,0.05,0.0,25.0,0.1554,0.0021,0.0,-0.0609,0.0755,0.0021
2026-09-03T17:05:53Z,2026-09-03 17:05:30,SPXW,2026-09-08,P,8175.0,7747.25,417.6,1.0,434.7,1.0,0.0,0.0,0.0,0.2158,-0.9978,0.0,0.0,0.0756,-1.1163
2026-09-03T17:05:53Z,2026-09-03 17:05:30,SPXW,2026-09-08,C,8200.0,7747.25,0.0,0.0,0.1,429.0,0.05,30.0,294.0,0.1575,0.002,0.0,-0.0592,0.0701,0.002
2026-09-03T17:05:53Z,2026-09-03 17:05:30,SPXW,2026-09-08,P,8200.0,7747.25,441.6,1.0,458.7,1.0,0.0,0.0,0.0,0.191,-0.998,0.0,0.0,0.0703,-1.1199
2026-09-03T17:05:53Z,2026-09-03 17:05:30,SPXW,2026-09-08,C,8225.0,7747.25,0.0,0.0,0.1,449.0,0.05,9.0,26.0,0.1656,0.0018,0.0,-0.0582,0.0656,0.0018
2026-09-03T17:05:53Z,2026-09-03 17:05:30,SPXW,2026-09-08,P,8225.0,7747.25,467.3,1.0,483.7,1.0,0.0,0.0,0.0,0.2176,-0.9981,0.0,0.0,0.0656,-1.1234
2026-09-03T17:05:53Z,2026-09-03 17:05:30,SPXW,2026-09-08,C,8250.0,7747.25,0.0,0.0,0.05,15.0,0.05,6.0,33.0,0.1638,0.0017,0.0,-0.0567,0.0614,0.0017
2026-09-03T17:05:53Z,2026-09-03 17:05:30,SPXW,2026-09-08,P,8250.0,7747.25,492.3,1.0,509.1,1.0,0.0,0.0,0.0,0.235,-0.9982,0.0,0.0,0.0615,-1.127
2026-09-03T17:05:53Z,2026-09-03 17:05:30,SPXW,2026-09-08,C,8275.0,7747.25,0.0,0.0,0.1,710.0,0.22,0.0,20.0,0.1806,0.0016,0.0,-0.0556,0.0577,0.0016
2026-09-03T17:05:53Z,2026-09-03 17:05:30,SPXW,2026-09-08,P,8275.0,7747.25,517.5,1.0,534.3,1.0,0.0,0.0,0.0,0.2517,-0.9983,0.0,0.0,0.0579,-1.1305
2026-09-03T17:05:53Z,2026-09-03 17:05:30,SPXW,2026-09-08,C,8300.0,7747.25,0.0,0.0,0.1,751.0,0.1,0.0,138.0,0.1882,0.0015,0.0,-0.0546,0.0544,0.0015
2026-09-03T17:05:53Z,2026-09-03 17:05:30,SPXW,2026-09-08,P,8300.0,7747.25,541.5,1.0,559.0,1.0,0.0,0.0,0.0,0.2366,-0.9984,0.0,0.0,0.0545,-1.134
2026-09-03T17:05:53Z,2026-09-03 17:05:30,SPXW,2026-09-08,C,8325.0,7747.25,0.0,0.0,0.1,656.0,0.05,0.0,101.0,0.1958,0.0014,0.0,-0.0535,0.0514,0.0014
2026-09-03T17:05:53Z,2026-09-03 17:05:30,SPXW,2026-09-08,P,8325.0,7747.25,567.5,1.0,583.6,1.0,0.0,0.0,0.0,0.2602,-0.9985,0.0,0.0,0.0515,-1.1375
2026-09-03T17:05:53Z,2026-09-03 17:05:30,SPXW,2026-09-08,C,8400.0,7747.25,0.0,0.0,0.1,787.0,0.1,0.0,112.0,0.2184,0.0012,0.0,-0.0507,0.0439,0.0012
2026-09-03T17:05:53Z,2026-09-03 17:05:30,SPXW,2026-09-08,P,8400.0,7747.25,641.5,1.0,659.2,1.0,0.0,0.0,0.0,0.2812,-0.9987,0.0,0.0,0.044,-1.148
2026-09-03T17:05:53Z,2026-09-03 17:05:30,SPXW,2026-09-08,C,8500.0,7747.25,0.0,0.0,0.05,169.0,0.15,0.0,3.0,0.2352,0.001,0.0,-0.0472,0.0363,0.001
2026-09-03T17:05:53Z,2026-09-03 17:05:30,SPXW,2026-09-08,P,8500.0,7747.25,742.3,1.0,758.5,1.0,0.0,0.0,0.0,0.3228,-0.9989,0.0,0.0,0.0364,-1.1619
2026-09-03T17:05:53Z,2026-09-03 17:05:30,SPXW,2026-09-09,C,6975.0,7747.25,765.5,1.0,783.7,1.0,0.0,0.0,0.0,0.0,0.997,0.0,0.0,0.0971,1.1415
2026-09-03T17:05:53Z,2026-09-03 17:05:30,SPXW,2026-09-09,P,6975.0,7747.25,0.2,356.0,0.3,652.0,0.25,100.0,102.0,0.2969,-0.0029,0.0,-0.1566,0.0972,-0.0036
2026-09-03T17:05:53Z,2026-09-03 17:05:30,SPXW,2026-09-09,C,7000.0,7747.25,739.9,1.0,758.7,1.0,708.22,0.0,6.0,0.0,0.9968,0.0,0.0,0.1036,1.1453
2026-09-03T17:05:53Z,2026-09-03 17:05:30,SPXW,2026-09-09,P,7000.0,7747.25,0.25,75.0,0.3,360.0,0.35,1.0,466.0,0.2905,-0.0031,0.0,-0.1634,0.1037,-0.0038
2026-09-03T17:05:53Z,2026-09-03 17:05:30,SPXW,2026-09-09,C,7025.0,7747.25,715.8,1.0,733.7,1.0,0.0,0.0,0.0,0.0,0.9966,0.0,0.0,0.1108,1.1491
2026-09-03T17:05:53Z,2026-09-03 17:05:30,SPXW,2026-09-09,P,7025.0,7747.25,0.2,619.0,0.3,250.0,0.55,0.0,460.0,0.2784,-0.0034,0.0,-0.1708,0.111,-0.0041
2026-09-03T17:05:53Z,2026-09-03 17:05:30,SPXW,2026-09-09,C,7050.0,7747.25,690.0,1.0,708.8,1.0,659.07,0.0,6.0,0.0,0.9963,0.0,0.0,0.1186,1.1529
2026-09-03T17:05:53Z,2026-09-03 17:05:30,SPXW,2026-09-09,P,7050.0,7747.25,0.25,328.0,0.35,706.0,0.4,1.0,406.0,0.2745,-0.0036,0.0,-0.1784,0.1186,-0.0045
2026-09-03T17:05:53Z,2026-09-03 17:05:30,SPXW,2026-09-09,C,7060.0,7747.25,680.4,1.0,699.3,1.0,0.0,0.0,0.0,0.0,0.9962,0.0,0.0,0.1219,1.1544
2026-09-03T17:05:53Z,2026-09-03 17:05:30,SPXW,2026-09-09,P,7060.0,7747.25,0.25,272.0,0.35,457.0,0.0,0.0,0.0,0.2708,-0.0037,0.0,-0.1817,0.122,-0.0046
2026-09-03T17:05:53Z,2026-09-03 17:05:30,SPXW,2026-09-09,C,7070.0,7747.25,670.9,1.0,689.3,1.0,0.0,0.0,0.0,0.2473,0.9961,0.0,0.0,0.1253,1.1559
2026-09-03T17:05:53Z,2026-09-03 17:05:30,SPXW,2026-09-09,P,7070.0,7747.25,0.25,297.0,0.35,290.0,0.0,0.0,0.0,0.2671,-0.0038,0.0,-0.1851,0.1254,-0.0047
2026-09-03T17:05:53Z,2026-09-03 17:05:30,SPXW,2026-09-09,C,7075.0,7747.25,665.9,1.0,683.8,1.0,0.0,0.0,0.0,0.0,0.996,0.0,0.0,0.1271,1.1566
2026-09-03T17:05:53Z,2026-09-03 17:05:30,SPXW,2026-09-09,P,7075.0,7747.25,0.25,433.0,0.35,425.0,0.35,14.0,563.0,0.2652,-0.0039,0.0,-0.1868,0.1272,-0.0048
2026-09-03T17:05:53Z,2026-09-03 17:05:30,SPXW,2026-09-09,C,7080.0,7747.25,660.5,1.0,677.8,1.0,0.0,0.0,0.0,0.0,0.996,0.0,0.0,0.1289,1.1574
2026-09-03T17:05:53Z,2026-09-03 17:05:30,SPXW,2026-09-09,P,7080.0,7747.25,0.25,305.0,0.35,287.0,0.0,0.0,0.0,0.2634,-0.004,0.0,-0.1886,0.129,-0.0049
2026-09-03T17:05:53Z,2026-09-03 17:05:30,SPXW,2026-09-09,C,7090.0,7747.25,650.0,1.0,669.3,1.0,0.0,0.0,0.0,0.0,0.9959,0.0,0.0,0.1327,1.1589
2026-09-03T17:05:53Z,2026-09-03 17:05:30,SPXW,2026-09-09,P,7090.0,7747.25,0.25,499.0,0.35,271.0,0.0,0.0,0.0,0.2597,-0.0041,0.0,-0.1921,0.1328,-0.005
2026-09-03T17:05:53Z,2026-09-03 17:05:30,SPXW,2026-09-09,C,7100.0,7747.25,640.0,1.0,658.9,1.0,619.6,1.0,0.0,0.0,0.9957,0.0,0.0,0.1366,1.1604
2026-09-03T17:05:53Z,2026-09-03 17:05:30,SPXW,2026-09-09,P,7100.0,7747.25,0.3,32.0,0.35,226.0,0.32,6.0,609.0,0.2581,-0.0042,0.0,-0.1958,0.1367,-0.0052
2026-09-03T17:05:53Z,2026-09-03 17:05:30,SPXW,2026-09-09,C,7110.0,7747.25,630.8,1.0,647.9,1.0,0.0,0.0,0.0,0.0,0.9956,0.0,0.0,0.1407,1.1618
2026-09-03T17:05:53Z,2026-09-03 17:05:30,SPXW,2026-09-09,P,7110.0,7747.25,0.3,153.0,0.35,137.0,0.45,1.0,0.0,0.2544,-0.0044,0.0,-0.1996,0.1408,-0.0054
2026-09-03T17:05:53Z,2026-09-03 17:05:30,SPXW,2026-09-09,C,7120.0,7747.25,620.8,1.0,639.4,1.0,0.0,0.0,0.0,0.2237,0.9954,0.0,0.0,0.145,1.1633
2026-09-03T17:05:53Z,2026-09-03 17:05:30,SPXW,2026-09-09,P,7120.0,7747.25,0.3,259.0,0.4,289.0,0.0,0.0,0.0,0.2526,-0.0045,0.0,-0.2035,0.1451,-0.0056
2026-09-03T17:05:53Z,2026-09-03 17:05:30,SPXW,2026-09-09,C,7125.0,7747.25,615.3,1.0,633.9,1.0,547.37,0.0,5.0,0.0,0.9954,0.0,0.0,0.1472,1.164
2026-09-03T17:05:53Z,2026-09-03 17:05:30,SPXW,2026-09-09,P,7125.0,7747.25,0.3,328.0,0.4,420.0,0.36,5.0,280.0,0.2507,-0.0046,0.0,-0.2055,0.1473,-0.0056
2026-09-03T17:05:53Z,2026-09-03 17:05:30,SPXW,2026-09-09,C,7130.0,7747.25,610.3,1.0,629.4,1.0,0.0,0.0,0.0,0.0,0.9953,0.0,0.0,0.1495,1.1648
2026-09-03T17:05:53Z,2026-09-03 17:05:30,SPXW,2026-09-09,P,7130.0,7747.25,0.3,269.0,0.4,283.0,0.0,0.0,0.0,0.2489,-0.0046,0.0,-0.2076,0.1496,-0.0057
2026-09-03T17:05:53Z,2026-09-03 17:05:30,SPXW,2026-09-09,C,7140.0,7747.25,600.1,1.0,619.9,1.0,0.0,0.0,0.0,0.0,0.9951,0.0001,0.0,0.1542,1.1662
2026-09-03T17:05:53Z,2026-09-03 17:05:30,SPXW,2026-09-09,P,7140.0,7747.25,0.3,297.0,0.4,281.0,0.5,50.0,0.0,0.2451,-0.0048,0.0001,-0.2117,0.1542,-0.0059
2026-09-03T17:05:53Z,2026-09-03 17:05:30,SPXW,2026-09-09,C,7150.0,7747.25,591.1,1.0,608.9,1.0,522.45,0.0,5.0,0.0,0.995,0.0001,0.0,0.159,1.1676
2026-09-03T17:05:53Z,2026-09-03 17:05:30,SPXW,2026-09-09,P,7150.0,7747.25,0.3,593.0,0.4,305.0,0.42,1.0,121.0,0.2414,-0.005,0.0001,-0.2161,0.1591,-0.0061
2026-09-03T17:05:53Z,2026-09-03 17:05:30,SPXW,2026-09-09,C,7160.0,7747.25,580.4,1.0,599.9,1.0,0.0,0.0,0.0,0.2138,0.9948,0.0001,0.0,0.1642,1.1691
2026-09-03T17:05:53Z,2026-09-03 17:05:30,SPXW,2026-09-09,P,7160.0,7747.25,0.35,108.0,0.4,227.0,0.45,1.0,0.0,0.2393,-0.0052,0.0001,-0.2206,0.1643,-0.0064
2026-09-03T17:05:53Z,2026-09-03 17:05:30,SPXW,2026-09-09,C,7170.0,7747.25,570.4,1.0,589.0,1.0,0.0,0.0,0.0,0.0,0.9946,0.0001,0.0,0.1695,1.1705
2026-09-03T17:05:53Z,2026-09-03 17:05:30,SPXW,2026-09-09,P,7170.0,7747.25,0.35,137.0,0.4,127.0,0.5,2.0,127.0,0.2355,-0.0053,0.0001,-0.2248,0.1695,-0.0066
2026-09-03T17:05:53Z,2026-09-03 17:05:30,SPXW,2026-09-09,C,7175.0,7747.25,564.8,1.0,584.0,1.0,521.52,0.0,3.0,0.0,0.9945,0.0001,0.0,0.1722,1.1712
2026-09-03T17:05:53Z,2026-09-03 17:05:30,SPXW,2026-09-09,P,7175.0,7747.25,0.35,360.0,0.45,394.0,0.46,14.0,127.0,0.2353,-0.0054,0.0001,-0.2276,0.1724,-0.0067
2026-09-03T17:05:53Z,2026-09-03 17:05:30,SPXW,2026-09-09,C,7180.0,7747.25,560.5,1.0,578.0,1.0,0.0,0.0,0.0,0.0,0.9944,0.0001,0.0,0.175,1.1719
2026-09-03T17:05:53Z,2026-09-03 17:05:30,SPXW,2026-09-09,P,7180.0,7747.25,0.35,348.0,0.45,309.0,0.75,0.0,7.0,0.2334,-0.0055,0.0001,-0.23,0.1752,-0.0068
2026-09-03T17:05:53Z,2026-09-03 17:05:30,SPXW,2026-09-09,C,7190.0,7747.25,551.0,1.0,569.0,1.0,0.0,0.0,0.0,0.0,0.9942,0.0001,0.0,0.1809,1.1733
2026-09-03T17:05:53Z,2026-09-03 17:05:30,SPXW,2026-09-09,P,7190.0,7747.25,0.35,367.0,0.45,301.0,0.75,0.0,7.0,0.2296,-0.0057,0.0001,-0.235,0.1811,-0.0071
2026-09-03T17:05:53Z,2026-09-03 17:05:30,SPXW,2026-09-09,C,7200.0,7747.25,540.3,1.0,559.0,1.0,545.65,2.0,9.0,0.0,0.994,0.0001,0.0,0.1869,1.1746
2026-09-03T17:05:53Z,2026-09-03 17:05:30,SPXW,2026-09-09,P,7200.0,7747.25,0.35,691.0,0.45,237.0,0.42,11.0,1683.0,0.2258,-0.0059,0.0001,-0.2401,0.1871,-0.0074
2026-09-03T17:05:53Z,2026-09-03 17:05:30,SPXW,2026-09-09,C,7210.0,7747.25,530.8,1.0,549.1,1.0,0.0,0.0,0.0,0.0,0.9938,0.0001,0.0,0.1933,1.176
2026-09-03T17:05:53Z,2026-09-03 17:05:30,SPXW,2026-09-09,P,7210.0,7747.25,0.4,169.0,0.45,186.0,0.95,0.0,55.0,0.2235,-0.0062,0.0001,-0.2455,0.1935,-0.0076
2026-09-03T17:05:53Z,2026-09-03 17:05:30,SPXW,2026-09-09,C,7215.0,7747.25,526.3,1.0,544.5,1.0,0.0,0.0,0.0,0.2156,0.9937,0.0001,0.0,0.1966,1.1767
2026-09-03T17:05:53Z,2026-09-03 17:05:30,SPXW,2026-09-09,P,7215.0,7747.25,0.4,311.0,0.45,166.0,0.0,0.0,0.0,0.2216,-0.0063,0.0001,-0.2479,0.1966,-0.0078
2026-09-03T17:05:53Z,2026-09-03 17:05:30,SPXW,2026-09-09,C,7220.0,7747.25,521.1,1.0,539.1,1.0,0.0,0.0,0.0,0.171,0.9936,0.0001,0.0,0.2,1.1773
2026-09-03T17:05:53Z,2026-09-03 17:05:30,SPXW,2026-09-09,P,7220.0,7747.25,0.4,343.0,0.5,297.0,0.55,1.0,85.0,0.2211,-0.0064,0.0001,-0.2511,0.2002,-0.0079
2026-09-03T17:05:53Z,2026-09-03 17:05:30,SPXW,2026-09-09,C,7225.0,7747.25,515.0,1.0,534.1,1.0,0.0,0.0,0.0,0.0,0.9934,0.0001,0.0,0.2034,1.178
2026-09-03T17:05:53Z,2026-09-03 17:05:30,SPXW,2026-09-09,P,7225.0,7747.25,0.4,359.0,0.5,390.0,0.49,4.0,98.0,0.2192,-0.0065,0.0001,-0.254,0.2037,-0.0081
2026-09-03T17:05:53Z,2026-09-03 17:05:30,SPXW,2026-09-09,C,7230.0,7747.25,510.6,1.0,529.1,2.0,0.0,0.0,0.0,0.0,0.9933,0.0001,-0.0026,0.207,1.1787
2026-09-03T17:05:53Z,2026-09-03 17:05:30,SPXW,2026-09-09,P,7230.0,7747.25,0.4,354.0,0.5,287.0,0.65,1.0,95.0,0.2173,-0.0067,0.0001,-0.2569,0.2072,-0.0082
2026-09-03T17:05:53Z,2026-09-03 17:05:30,SPXW,2026-09-09,C,7235.0,7747.25,505.0,1.0,525.1,1.0,0.0,0.0,0.0,0.0,0.9932,0.0001,-0.008,0.2107,1.1793
2026-09-03T17:05:53Z,2026-09-03 17:05:30,SPXW,2026-09-09,P,7235.0,7747.25,0.4,504.0,0.5,240.0,0.0,0.0,0.0,0.2154,-0.0068,0.0001,-0.2599,0.2109,-0.0084
2026-09-03T17:05:53Z,2026-09-03 17:05:30,SPXW,2026-09-09,C,7240.0,7747.25,501.2,1.0,519.1,1.0,0.0,0.0,0.0,0.176,0.993,0.0001,-0.0135,0.2144,1.18
2026-09-03T17:05:53Z,2026-09-03 17:05:30,SPXW,2026-09-09,P,7240.0,7747.25,0.4,579.0,0.5,208.0,0.65,2.0,3276.0,0.2134,-0.0069,0.0001,-0.263,0.2147,-0.0086
2026-09-03T17:05:53Z,2026-09-03 17:05:30,SPXW,2026-09-09,C,7245.0,7747.25,496.4,1.0,514.6,1.0,0.0,0.0,0.0,0.2093,0.9929,0.0001,-0.0191,0.2183,1.1806
2026-09-03T17:05:53Z,2026-09-03 17:05:30,SPXW,2026-09-09,P,7245.0,7747.25,0.45,93.0,0.5,219.0,0.0,0.0,0.0,0.2128,-0.0071,0.0001,-0.2661,0.2185,-0.0087
2026-09-03T17:05:53Z,2026-09-03 17:05:30,SPXW,2026-09-09,C,7250.0,7747.25,491.4,1.0,509.1,1.0,474.4,0.0,1.0,0.1874,0.9928,0.0001,-0.0247,0.2223,1.1813
2026-09-03T17:05:53Z,2026-09-03 17:05:30,SPXW,2026-09-09,P,7250.0,7747.25,0.45,177.0,0.5,179.0,0.5,15.0,169.0,0.2109,-0.0072,0.0001,-0.2693,0.2225,-0.0089
2026-09-03T17:05:53Z,2026-09-03 17:05:30,SPXW,2026-09-09,C,7255.0,7747.25,486.0,1.0,504.5,1.0,0.0,0.0,0.0,0.1852,0.9926,0.0001,-0.0304,0.2264,1.1819
2026-09-03T17:05:53Z,2026-09-03 17:05:30,SPXW,2026-09-09,P,7255.0,7747.25,0.45,312.0,0.55,271.0,0.0,0.0,0.0,0.2102,-0.0074,0.0001,-0.2725,0.2266,-0.0091
2026-09-03T17:05:53Z,2026-09-03 17:05:30,SPXW,2026-09-09,C,7260.0,7747.25,480.7,1.0,499.2,1.0,0.0,0.0,0.0,0.0,0.9924,0.0001,-0.0362,0.2306,1.1826
2026-09-03T17:05:53Z,2026-09-03 17:05:30,SPXW,2026-09-09,P,7260.0,7747.25,0.45,323.0,0.55,286.0,0.55,53.0,240.0,0.2083,-0.0075,0.0001,-0.2754,0.2306,-0.0093
2026-09-03T17:05:53Z,2026-09-03 17:05:30,SPXW,2026-09-09,C,7265.0,7747.25,475.7,1.0,495.2,1.0,0.0,0.0,0.0,0.1978,0.9923,0.0001,-0.042,0.235,1.1832
2026-09-03T17:05:53Z,2026-09-03 17:05:30,SPXW,2026-09-09,P,7265.0,7747.25,0.45,332.0,0.55,257.0,0.0,0.0,0.0,0.2063,-0.0076,0.0001,-0.2788,0.235,-0.0095
2026-09-03T17:05:53Z,2026-09-03 17:05:30,SPXW,2026-09-09,C,7270.0,7747.25,471.5,1.0,489.2,2.0,0.0,0.0,0.0,0.1885,0.9921,0.0001,-0.0479,0.2394,1.1838
2026-09-03T17:05:53Z,2026-09-03 17:05:30,SPXW,2026-09-09,P,7270.0,7747.25,0.45,468.0,0.55,250.0,0.75,1.0,63.0,0.2044,-0.0078,0.0001,-0.2823,0.2394,-0.0097
2026-09-03T17:05:53Z,2026-09-03 17:05:30,SPXW,2026-09-09,C,7275.0,7747.25,465.8,1.0,484.2,1.0,0.0,0.0,0.0,0.0,0.992,0.0001,-0.0539,0.244,1.1844
2026-09-03T17:05:53Z,2026-09-03 17:05:30,SPXW,2026-09-09,P,7275.0,7747.25,0.45,569.0,0.55,218.0,0.55,20.0,327.0,0.2025,-0.008,0.0001,-0.2863,0.2443,-0.0099
2026-09-03T17:05:53Z,2026-09-03 17:05:30,SPXW,2026-09-09,C,7280.0,7747.25,461.3,1.0,479.2,1.0,0.0,0.0,0.0,0.1744,0.9918,0.0001,-0.06,0.2487,1.185
2026-09-03T17:05:53Z,2026-09-03 17:05:30,SPXW,2026-09-09,P,7280.0,7747.25,0.5,80.0,0.55,172.0,0.75,1.0,215.0,0.2017,-0.0082,0.0001,-0.29,0.249,-0.0101
2026-09-03T17:05:53Z,2026-09-03 17:05:30,SPXW,2026-09-09,C,7285.0,7747.25,456.1,1.0,474.5,1.0,0.0,0.0,0.0,0.1777,0.9916,0.0001,-0.0662,0.2536,1.1856
2026-09-03T17:05:53Z,2026-09-03 17:05:30,SPXW,2026-09-09,P,7285.0,7747.25,0.5,285.0,0.55,51.0,0.55,1.0,0.0,0.1997,-0.0083,0.0001,-0.2933,0.2536,-0.0103
2026-09-03T17:05:53Z,2026-09-03 17:05:30,SPXW,2026-09-09,C,7290.0,7747.25,450.4,1.0,469.1,1.0,0.0,0.0,0.0,0.0,0.9914,0.0001,-0.0725,0.2586,1.1862
2026-09-03T17:05:53Z,2026-09-03 17:05:30,SPXW,2026-09-09,P,7290.0,7747.25,0.5,315.0,0.6,280.0,0.8,2.0,185.0,0.1989,-0.0085,0.0001,-0.2976,0.2589,-0.0105
2026-09-03T17:05:53Z,2026-09-03 17:05:30,SPXW,2026-09-09,C,7295.0,7747.25,446.5,1.0,465.2,1.0,0.0,0.0,0.0,0.2038,0.9912,0.0001,-0.0789,0.2637,1.1868
2026-09-03T17:05:53Z,2026-09-03 17:05:30,SPXW,2026-09-09,P,7295.0,7747.25,0.5,321.0,0.6,221.0,0.0,0.0,0.0,0.1969,-0.0087,0.0001,-0.3011,0.2637,-0.0108
2026-09-03T17:05:53Z,2026-09-03 17:05:30,SPXW,2026-09-09,C,7300.0,7747.25,441.4,1.0,459.2,1.0,439.71,1.0,1.0,0.1713,0.991,0.0001,-0.0854,0.269,1.1874
2026-09-03T17:05:53Z,2026-09-03 17:05:30,SPXW,2026-09-09,P,7300.0,7747.25,0.5,435.0,0.6,343.0,0.6,91.0,553.0,0.1949,-0.0089,0.0001,-0.3051,0.269,-0.011
2026-09-03T17:05:53Z,2026-09-03 17:05:30,SPXW,2026-09-09,C,7305.0,7747.25,435.4,1.0,454.6,1.0,0.0,0.0,0.0,0.0,0.9908,0.0001,-0.092,0.2745,1.1879
2026-09-03T17:05:53Z,2026-09-03 17:05:30,SPXW,2026-09-09,P,7305.0,7747.25,0.5,467.0,0.6,178.0,0.7,8.0,0.0,0.193,-0.0091,0.0001,-0.3093,0.2745,-0.0113
2026-09-03T17:05:53Z,2026-09-03 17:05:30,SPXW,2026-09-09,C,7310.0,7747.25,430.9,1.0,449.3,2.0,0.0,0.0,0.0,0.0,0.9906,0.0001,-0.0987,0.2801,1.1885
2026-09-03T17:05:53Z,2026-09-03 17:05:30,SPXW,2026-09-09,P,7310.0,7747.25,0.55,201.0,0.6,65.0,0.84,3.0,180.0,0.192,-0.0093,0.0001,-0.3136,0.2801,-0.0115
2026-09-03T17:05:53Z,2026-09-03 17:05:30,SPXW,2026-09-09,C,7315.0,7747.25,425.9,1.0,445.4,1.0,0.0,0.0,0.0,0.1873,0.9904,0.0001,-0.1055,0.2858,1.189
2026-09-03T17:05:53Z,2026-09-03 17:05:30,SPXW,2026-09-09,P,7315.0,7747.25,0.55,292.0,0.65,258.0,0.0,0.0,0.0,0.1911,-0.0095,0.0001,-0.3179,0.2858,-0.0118
2026-09-03T17:05:53Z,2026-09-03 17:05:30,SPXW,2026-09-09,C,7320.0,7747.25,421.0,1.0,439.3,1.0,352.83,0.0,1.0,0.1262,0.9902,0.0001,-0.1124,0.2918,1.1896
2026-09-03T17:05:53Z,2026-09-03 17:05:30,SPXW,2026-09-09,P,7320.0,7747.25,0.55,314.0,0.65,250.0,0.8,6.0,288.0,0.1891,-0.0097,0.0001,-0.3225,0.2918,-0.0121
2026-09-03T17:05:53Z,2026-09-03 17:05:30,SPXW,2026-09-09,C,7325.0,7747.25,415.5,1.0,434.3,1.0,0.0,0.0,0.0,0.0,0.99,0.0001,-0.1195,0.2979,1.1901
2026-09-03T17:05:53Z,2026-09-03 17:05:30,SPXW,2026-09-09,P,7325.0,7747.25,0.55,389.0,0.65,254.0,0.7,43.0,173.0,0.1871,-0.01,0.0001,-0.3271,0.2979,-0.0124
2026-09-03T17:05:53Z,2026-09-03 17:05:30,SPXW,2026-09-09,C,7330.0,7747.25,411.2,1.0,429.3,2.0,0.0,0.0,0.0,0.1524,0.9897,0.0001,-0.1268,0.3043,1.1906
2026-09-03T17:05:53Z,2026-09-03 17:05:30,SPXW,2026-09-09,P,7330.0,7747.25,0.6,18.0,0.65,157.0,0.89,4.0,167.0,0.1861,-0.0102,0.0001,-0.3319,0.3043,-0.0127
2026-09-03T17:05:53Z,2026-09-03 17:05:30,SPXW,2026-09-09,C,7335.0,7747.25,405.5,1.0,424.4,1.0,0.0,0.0,0.0,0.0,0.9895,0.0001,-0.1342,0.3108,1.1911
2026-09-03T17:05:53Z,2026-09-03 17:05:30,SPXW,2026-09-09,P,7335.0,7747.25,0.6,234.0,0.7,335.0,1.55,0.0,3.0,0.185,-0.0105,0.0001,-0.3369,0.3108,-0.013
2026-09-03T17:05:53Z,2026-09-03 17:05:30,SPXW,2026-09-09,C,7340.0,7747.25,400.4,1.0,419.4,1.0,333.13,0.0,4.0,0.0,0.9892,0.0001,-0.1417,0.3176,1.1916
2026-09-03T17:05:53Z,2026-09-03 17:05:30,SPXW,2026-09-09,P,7340.0,7747.25,0.6,287.0,0.7,240.0,0.75,2.0,167.0,0.183,-0.0107,0.0001,-0.342,0.3176,-0.0133
2026-09-03T17:05:53Z,2026-09-03 17:05:30,SPXW,2026-09-09,C,7345.0,7747.25,397.0,1.0,414.4,1.0,0.0,0.0,0.0,0.1768,0.9889,0.0002,-0.1494,0.3246,1.1921
2026-09-03T17:05:53Z,2026-09-03 17:05:30,SPXW,2026-09-09,P,7345.0,7747.25,0.6,297.0,0.7,209.0,1.6,0.0,10.0,0.181,-0.011,0.0002,-0.3472,0.3246,-0.0137
2026-09-03T17:05:53Z,2026-09-03 17:05:30,SPXW,2026-09-09,C,7350.0,7747.25,391.6,1.0,409.4,1.0,321.25,0.0,3.0,0.1652,0.9887,0.0002,-0.1573,0.3319,1.1926
2026-09-03T17:05:53Z,2026-09-03 17:05:30,SPXW,2026-09-09,P,7350.0,7747.25,0.65,19.0,0.7,218.0,0.7,55.0,645.0,0.1799,-0.0113,0.0002,-0.3527,0.3319,-0.014
2026-09-03T17:05:53Z,2026-09-03 17:05:30,SPXW,2026-09-09,C,7355.0,7747.25,386.4,1.0,404.4,1.0,0.0,0.0,0.0,0.1567,0.9884,0.0002,-0.1654,0.3395,1.193
2026-09-03T17:05:53Z,2026-09-03 17:05:30,SPXW,2026-09-09,P,7355.0,7747.25,0.65,267.0,0.75,328.0,1.8,0.0,1.0,0.1787,-0.0116,0.0002,-0.3583,0.3395,-0.0144
2026-09-03T17:05:53Z,2026-09-03 17:05:30,SPXW,2026-09-09,C,7360.0,7747.25,380.3,1.0,399.4,1.0,355.08,1.0,6.0,0.0,0.9881,0.0002,-0.1736,0.3474,1.1935
2026-09-03T17:05:53Z,2026-09-03 17:05:30,SPXW,2026-09-09,P,7360.0,7747.25,0.65,283.0,0.75,205.0,0.74,36.0,143.0,0.1767,-0.0119,0.0002,-0.3641,0.3474,-0.0148
2026-09-03T17:05:53Z,2026-09-03 17:05:30,SPXW,2026-09-09,C,7365.0,7747.25,376.2,1.0,394.5,1.0,0.0,0.0,0.0,0.1486,0.9877,0.0002,-0.1821,0.3556,1.1939
2026-09-03T17:05:53Z,2026-09-03 17:05:30,SPXW,2026-09-09,P,7365.0,7747.25,0.65,300.0,0.75,237.0,0.7,52.0,31.0,0.1738,-0.0122,0.0002,-0.3702,0.3556,-0.0152
2026-09-03T17:05:53Z,2026-09-03 17:05:30,SPXW,2026-09-09,C,7370.0,7747.25,371.8,1.0,389.5,1.0,0.0,0.0,0.0,0.1641,0.9874,0.0002,-0.1908,0.3641,1.1943
2026-09-03T17:05:53Z,2026-09-03 17:05:30,SPXW,2026-09-09,P,7370.0,7747.25,0.7,71.0,0.75,23.0,0.8,10.0,187.0,0.1734,-0.0125,0.0002,-0.3764,0.3641,-0.0156
2026-09-03T17:05:53Z,2026-09-03 17:05:30,SPXW,2026-09-09,C,7375.0,7747.25,365.4,1.0,384.5,1.0,0.0,0.0,0.0,0.0,0.987,0.0002,-0.1997,0.3729,1.1947
2026-09-03T17:05:53Z,2026-09-03 17:05:30,SPXW,2026-09-09,P,7375.0,7747.25,0.7,285.0,0.8,304.0,0.8,120.0,433.0,0.1722,-0.0129,0.0002,-0.3829,0.3729,-0.016
2026-09-03T17:05:53Z,2026-09-03 17:05:30,SPXW,2026-09-09,C,7380.0,7747.25,360.4,1.0,379.5,1.0,291.99,0.0,1.0,0.0,0.9867,0.0002,-0.2089,0.3821,1.1951
2026-09-03T17:05:53Z,2026-09-03 17:05:30,SPXW,2026-09-09,P,7380.0,7747.25,0.7,291.0,0.8,206.0,0.75,21.0,93.0,0.1701,-0.0132,0.0002,-0.3896,0.3821,-0.0165
2026-09-03T17:05:53Z,2026-09-03 17:05:30,SPXW,2026-09-09,C,7385.0,7747.25,356.5,1.0,374.5,1.0,332.25,1.0,0.0,0.1506,0.9863,0.0002,-0.2184,0.3916,1.1954
2026-09-03T17:05:53Z,2026-09-03 17:05:30,SPXW,2026-09-09,P,7385.0,7747.25,0.75,117.0,0.8,37.0,1.15,35.0,209.0,0.1688,-0.0136,0.0002,-0.3966,0.3916,-0.0169
2026-09-03T17:05:53Z,2026-09-03 17:05:30,SPXW,2026-09-09,C,7390.0,7747.25,352.0,1.0,369.6,1.0,295.26,0.0,30.0,0.1614,0.9859,0.0002,-0.2281,0.4015,1.1957
2026-09-03T17:05:53Z,2026-09-03 17:05:30,SPXW,2026-09-09,P,7390.0,7747.25,0.75,278.0,0.85,188.0,1.2,44.0,120.0,0.1675,-0.014,0.0002,-0.4039,0.4015,-0.0174
2026-09-03T17:05:53Z,2026-09-03 17:05:30,SPXW,2026-09-09,C,7395.0,7747.25,346.0,1.0,364.6,1.0,0.0,0.0,0.0,0.1308,0.9855,0.0002,-0.2381,0.4118,1.196
2026-09-03T17:05:53Z,2026-09-03 17:05:30,SPXW,2026-09-09,P,7395.0,7747.25,0.75,298.0,0.85,168.0,1.35,1.0,59.0,0.1654,-0.0144,0.0002,-0.4115,0.4118,-0.018
2026-09-03T17:05:53Z,2026-09-03 17:05:30,SPXW,2026-09-09,C,7400.0,7747.25,341.3,1.0,359.6,1.0,273.15,0.0,7.0,0.1414,0.985,0.0002,-0.2484,0.4225,1.1963
2026-09-03T17:05:53Z,2026-09-03 17:05:30,SPXW,2026-09-09,P,7400.0,7747.25,0.8,267.0,0.9,385.0,0.85,60.0,1048.0,0.1648,-0.0149,0.0002,-0.4194,0.4225,-0.0185
2026-09-03T17:05:53Z,2026-09-03 17:05:30,SPXW,2026-09-09,C,7405.0,7747.25,337.0,1.0,354.6,1.0,0.0,0.0,0.0,0.155,0.9846,0.0002,-0.2591,0.4337,1.1965
2026-09-03T17:05:53Z,2026-09-03 17:05:30,SPXW,2026-09-09,P,7405.0,7747.25,0.8,281.0,0.9,186.0,1.0,32.0,228.0,0.1627,-0.0154,0.0002,-0.4277,0.4337,-0.0191
2026-09-03T17:05:53Z,2026-09-03 17:05:30,SPXW,2026-09-09,C,7410.0,7747.25,331.7,1.0,349.7,1.0,0.0,0.0,0.0,0.1493,0.9841,0.0002,-0.2702,0.4453,1.1967
2026-09-03T17:05:53Z,2026-09-03 17:05:30,SPXW,2026-09-09,P,7410.0,7747.25,0.85,163.0,0.95,301.0,0.94,24.0,259.0,0.1619,-0.0158,0.0002,-0.4363,0.4453,-0.0197
2026-09-03T17:05:53Z,2026-09-03 17:05:30,SPXW,2026-09-09,C,7415.0,7747.25,326.9,1.0,344.7,1.0,0.0,0.0,0.0,0.1508,0.9836,0.0002,-0.2817,0.4574,1.1969
2026-09-03T17:05:53Z,2026-09-03 17:05:30,SPXW,2026-09-09,P,7415.0,7747.25,0.85,269.0,0.95,190.0,1.65,7.0,189.0,0.1598,-0.0164,0.0002,-0.4453,0.4574,-0.0204
2026-09-03T17:05:53Z,2026-09-03 17:05:30,SPXW,2026-09-09,C,7420.0,7747.25,321.7,1.0,339.7,1.0,299.73,1.0,0.0,0.1451,0.9831,0.0003,-0.2936,0.4701,1.197
2026-09-03T17:05:53Z,2026-09-03 17:05:30,SPXW,2026-09-09,P,7420.0,7747.25,0.9,156.0,1.0,306.0,0.98,45.0,1621.0,0.1589,-0.0169,0.0003,-0.4548,0.4701,-0.021
2026-09-03T17:05:53Z,2026-09-03 17:05:30,SPXW,2026-09-09,C,7425.0,7747.25,315.8,1.0,334.7,1.0,0.0,0.0,0.0,0.1084,0.9825,0.0003,-0.3059,0.4834,1.1972
2026-09-03T17:05:53Z,2026-09-03 17:05:30,SPXW,2026-09-09,P,7425.0,7747.25,0.9,369.0,1.0,193.0,1.05,83.0,1870.0,0.1568,-0.0174,0.0003,-0.4647,0.4834,-0.0218
2026-09-03T17:05:53Z,2026-09-03 17:05:30,SPXW,2026-09-09,C,7430.0,7747.25,312.4,1.0,329.8,1.0,300.9,0.0,4.0,0.1529,0.9819,0.0003,-0.3187,0.4974,1.1972
2026-09-03T17:05:53Z,2026-09-03 17:05:30,SPXW,2026-09-09,P,7430.0,7747.25,0.95,273.0,1.05,275.0,1.25,80.0,275.0,0.1558,-0.018,0.0003,-0.475,0.4974,-0.0225
2026-09-03T17:05:53Z,2026-09-03 17:05:30,SPXW,2026-09-09,C,7435.0,7747.25,305.9,1.0,324.8,1.0,0.0,0.0,0.0,0.1193,0.9813,0.0003,-0.332,0.512,1.1973
2026-09-03T17:05:53Z,2026-09-03 17:05:30,SPXW,2026-09-09,P,7435.0,7747.25,0.95,341.0,1.05,171.0,1.25,40.0,194.0,0.1537,-0.0187,0.0003,-0.4859,0.512,-0.0233
2026-09-03T17:05:53Z,2026-09-03 17:05:30,SPXW,2026-09-09,C,7440.0,7747.25,302.1,1.0,319.8,1.0,234.25,0.0,2.0,0.1447,0.9806,0.0003,-0.3458,0.5273,1.1973
2026-09-03T17:05:53Z,2026-09-03 17:05:30,SPXW,2026-09-09,P,7440.0,7747.25,1.0,277.0,1.1,233.0,1.25,61.0,332.0,0.1527,-0.0193,0.0003,-0.4973,0.5273,-0.0241
2026-09-03T17:05:53Z,2026-09-03 17:05:30,SPXW,2026-09-09,C,7445.0,7747.25,296.7,1.0,314.9,1.0,0.0,0.0,0.0,0.138,0.9799,0.0003,-0.3602,0.5435,1.1972
2026-09-03T17:05:53Z,2026-09-03 17:05:30,SPXW,2026-09-09,P,7445.0,7747.25,1.05,188.0,1.15,274.0,1.2,28.0,94.0,0.1516,-0.02,0.0003,-0.5092,0.5435,-0.025
2026-09-03T17:05:53Z,2026-09-03 17:05:30,SPXW,2026-09-09,C,7450.0,7747.25,292.3,1.0,309.9,1.0,228.04,0.0,13.0,0.1442,0.9792,0.0003,-0.3752,0.5604,1.1971
2026-09-03T17:05:53Z,2026-09-03 17:05:30,SPXW,2026-09-09,P,7450.0,7747.25,1.05,363.0,1.15,74.0,1.25,169.0,821.0,0.1494,-0.0208,0.0003,-0.5218,0.5604,-0.0259
2026-09-03T17:05:53Z,2026-09-03 17:05:30,SPXW,2026-09-09,C,7455.0,7747.25,286.7,1.0,305.0,1.0,0.0,0.0,0.0,0.1354,0.9784,0.0003,-0.3909,0.5781,1.1969
2026-09-03T17:05:53Z,2026-09-03 17:05:30,SPXW,2026-09-09,P,7455.0,7747.25,1.1,328.0,1.2,184.0,1.15,27.0,140.0,0.1483,-0.0216,0.0003,-0.535,0.5781,-0.0269
2026-09-03T17:05:53Z,2026-09-03 17:05:30,SPXW,2026-09-09,C,7460.0,7747.25,282.3,1.0,300.0,1.0,0.0,0.0,0.0,0.141,0.9775,0.0004,-0.4072,0.5967,1.1967
2026-09-03T17:05:53Z,2026-09-03 17:05:30,SPXW,2026-09-09,P,7460.0,7747.25,1.15,266.0,1.25,192.0,1.21,171.0,227.0,0.1471,-0.0224,0.0004,-0.5489,0.5967,-0.028
2026-09-03T17:05:53Z,2026-09-03 17:05:30,SPXW,2026-09-09,C,7465.0,7747.25,276.8,1.0,295.1,1.0,0.0,0.0,0.0,0.1339,0.9766,0.0004,-0.4243,0.6161,1.1964
2026-09-03T17:05:53Z,2026-09-03 17:05:30,SPXW,2026-09-09,P,7465.0,7747.25,1.2,247.0,1.3,199.0,1.25,171.0,215.0,0.1458,-0.0233,0.0004,-0.5636,0.6161,-0.0291
2026-09-03T17:05:53Z,2026-09-03 17:05:30,SPXW,2026-09-09,C,7470.0,7747.25,272.4,1.0,290.1,1.0,367.52,0.0,2.0,0.1387,0.9757,0.0004,-0.4422,0.6365,1.196
2026-09-03T17:05:53Z,2026-09-03 17:05:30,SPXW,2026-09-09,P,7470.0,7747.25,1.25,211.0,1.35,268.0,1.4,158.0,322.0,0.1445,-0.0242,0.0004,-0.579,0.6365,-0.0303
2026-09-03T17:05:53Z,2026-09-03 17:05:30,SPXW,2026-09-09,C,7475.0,7747.25,267.8,1.0,285.2,1.0,0.0,0.0,0.0,0.1413,0.9747,0.0004,-0.4609,0.6579,1.1955
2026-09-03T17:05:53Z,2026-09-03 17:05:30,SPXW,2026-09-09,P,7475.0,7747.25,1.3,206.0,1.4,343.0,1.55,180.0,605.0,0.1432,-0.0253,0.0004,-0.5953,0.6579,-0.0316
2026-09-03T17:05:53Z,2026-09-03 17:05:30,SPXW,2026-09-09,C,7480.0,7747.25,262.5,1.0,280.2,1.0,199.23,0.0,23.0,0.1363,0.9736,0.0004,-0.4805,0.6804,1.195
2026-09-03T17:05:53Z,2026-09-03 17:05:30,SPXW,2026-09-09,P,7480.0,7747.25,1.35,209.0,1.45,258.0,1.55,111.0,360.0,0.1418,-0.0263,0.0004,-0.6125,0.6804,-0.0329
2026-09-03T17:05:53Z,2026-09-03 17:05:30,SPXW,2026-09-09,C,7485.0,7747.25,258.0,1.0,275.3,1.0,0.0,0.0,0.0,0.1393,0.9725,0.0004,-0.501,0.7042,1.1944
2026-09-03T17:05:53Z,2026-09-03 17:05:30,SPXW,2026-09-09,P,7485.0,7747.25,1.4,271.0,1.5,230.0,1.8,62.0,167.0,0.1403,-0.0275,0.0004,-0.6306,0.7042,-0.0344
2026-09-03T17:05:53Z,2026-09-03 17:05:30,SPXW,2026-09-09,C,7490.0,7747.25,252.1,1.0,270.4,1.0,189.18,0.0,37.0,0.1298,0.9713,0.0005,-0.5226,0.7293,1.1937
2026-09-03T17:05:53Z,2026-09-03 17:05:30,SPXW,2026-09-09,P,7490.0,7747.25,1.45,299.0,1.55,180.0,1.75,187.0,986.0,0.1389,-0.0287,0.0005,-0.6496,0.7293,-0.0359
2026-09-03T17:05:53Z,2026-09-03 17:05:30,SPXW,2026-09-09,C,7495.0,7747.25,248.1,1.0,265.4,1.0,176.44,0.0,2.0,0.1363,0.97,0.0005,-0.5451,0.7557,1.1929
2026-09-03T17:05:53Z,2026-09-03 17:05:30,SPXW,2026-09-09,P,7495.0,7747.25,1.5,314.0,1.6,62.0,1.97,202.0,318.0,0.1374,-0.03,0.0005,-0.6697,0.7557,-0.0375
2026-09-03T17:05:53Z,2026-09-03 17:05:30,SPXW,2026-09-09,C,7500.0,7747.25,242.8,1.0,259.7,2.0,218.32,1.0,42.0,0.1254,0.9686,0.0005,-0.5687,0.7836,1.192
2026-09-03T17:05:53Z,2026-09-03 17:05:30,SPXW,2026-09-09,P,7500.0,7747.25,1.6,63.0,1.7,238.0,1.63,321.0,982.0,0.1365,-0.0313,0.0005,-0.6909,0.7836,-0.0392
2026-09-03T17:05:53Z,2026-09-03 17:05:30,SPXW,2026-09-09,C,7505.0,7747.25,238.0,1.0,255.6,1.0,235.92,0.0,50.0,0.1324,0.9672,0.0005,-0.5935,0.8129,1.191
2026-09-03T17:05:53Z,2026-09-03 17:05:30,SPXW,2026-09-09,P,7505.0,7747.25,1.65,289.0,1.75,153.0,1.89,82.0,179.0,0.1349,-0.0328,0.0005,-0.7132,0.8129,-0.041
2026-09-03T17:05:53Z,2026-09-03 17:05:30,SPXW,2026-09-09,C,7510.0,7747.25,232.9,1.0,250.7,1.0,199.92,5.0,69.0,0.1301,0.9656,0.0006,-0.6195,0.8436,1.1898
2026-09-03T17:05:53Z,2026-09-03 17:05:30,SPXW,2026-09-09,P,7510.0,7747.25,1.75,61.0,1.8,8.0,1.8,167.0,194.0,0.1336,-0.0344,0.0006,-0.7368,0.8436,-0.043
2026-09-03T17:05:53Z,2026-09-03 17:05:30,SPXW,2026-09-09,C,7515.0,7747.25,233.0,8.0,241.7,8.0,235.61,2.0,963.0,0.135,0.9639,0.0006,-0.6467,0.8758,1.1885
2026-09-03T17:05:53Z,2026-09-03 17:05:30,SPXW,2026-09-09,P,7515.0,7747.25,1.8,292.0,1.9,51.0,2.45,117.0,72.0,0.1323,-0.036,0.0006,-0.7616,0.8758,-0.0452
2026-09-03T17:05:53Z,2026-09-03 17:05:30,SPXW,2026-09-09,C,7520.0,7747.25,223.5,1.0,240.9,1.0,230.76,2.0,6.0,0.1307,0.9621,0.0006,-0.6753,0.9096,1.1871
2026-09-03T17:05:53Z,2026-09-03 17:05:30,SPXW,2026-09-09,P,7520.0,7747.25,1.9,197.0,2.0,107.0,2.15,76.0,671.0,0.1312,-0.0378,0.0006,-0.7877,0.9096,-0.0474
2026-09-03T17:05:53Z,2026-09-03 17:05:30,SPXW,2026-09-09,C,7525.0,7747.25,217.7,1.0,235.5,1.0,150.54,0.0,19.0,0.1201,0.9602,0.0006,-0.7053,0.9451,1.1855
2026-09-03T17:05:53Z,2026-09-03 17:05:30,SPXW,2026-09-09,P,7525.0,7747.25,2.0,149.0,2.1,108.0,2.08,172.0,411.0,0.13,-0.0397,0.0006,-0.8153,0.9451,-0.0499
2026-09-03T17:05:53Z,2026-09-03 17:05:30,SPXW,2026-09-09,C,7530.0,7747.25,212.6,1.0,231.0,1.0,208.82,0.0,7.0,0.1207,0.9582,0.0007,-0.7367,0.9825,1.1837
2026-09-03T17:05:53Z,2026-09-03 17:05:30,SPXW,2026-09-09,P,7530.0,7747.25,2.1,104.0,2.2,108.0,2.44,101.0,331.0,0.1288,-0.0417,0.0007,-0.8443,0.9825,-0.0524
2026-09-03T17:05:53Z,2026-09-03 17:05:30,SPXW,2026-09-09,C,7535.0,7747.25,207.2,2.0,226.2,1.0,163.68,0.0,1.0,0.1169,0.956,0.0007,-0.7697,1.022,1.1818
2026-09-03T17:05:53Z,2026-09-03 17:05:30,SPXW,2026-09-09,P,7535.0,7747.25,2.2,154.0,2.3,113.0,2.25,160.0,143.0,0.1274,-0.0439,0.0007,-0.8748,1.022,-0.0551
2026-09-03T17:05:53Z,2026-09-03 17:05:30,SPXW,2026-09-09,C,7540.0,7747.25,205.8,1.0,220.4,3.0,127.45,0.0,4.0,0.1306,0.9537,0.0008,-0.8042,1.0637,1.1798
2026-09-03T17:05:53Z,2026-09-03 17:05:30,SPXW,2026-09-09,P,7540.0,7747.25,2.35,25.0,2.45,149.0,2.7,193.0,225.0,0.1266,-0.0462,0.0008,-0.9068,1.0637,-0.058
2026-09-03T17:05:53Z,2026-09-03 17:05:30,SPXW,2026-09-09,C,7545.0,7747.25,201.0,3.0,214.7,1.0,0.0,0.0,0.0,0.1256,0.9512,0.0008,-0.8402,1.1073,1.1775
2026-09-03T17:05:53Z,2026-09-03 17:05:30,SPXW,2026-09-09,P,7545.0,7747.25,2.45,45.0,2.55,133.0,2.55,109.0,117.0,0.1251,-0.0487,0.0008,-0.9405,1.1073,-0.0612
2026-09-03T17:05:53Z,2026-09-03 17:05:30,SPXW,2026-09-09,C,7550.0,7747.25,195.9,2.0,209.7,1.0,194.49,6.0,26.0,0.1226,0.9486,0.0008,-0.878,1.1529,1.1749
2026-09-03T17:05:53Z,2026-09-03 17:05:30,SPXW,2026-09-09,P,7550.0,7747.25,2.6,41.0,2.7,184.0,2.65,3498.0,5508.0,0.1241,-0.0513,0.0008,-0.9758,1.1529,-0.0645
2026-09-03T17:05:53Z,2026-09-03 17:05:30,SPXW,2026-09-09,C,7555.0,7747.25,191.4,2.0,205.0,1.0,128.9,0.0,3.0,0.1238,0.9458,0.0009,-0.9174,1.2004,1.1721
2026-09-03T17:05:53Z,2026-09-03 17:05:30,SPXW,2026-09-09,P,7555.0,7747.25,2.75,23.0,2.85,192.0,3.6,124.0,150.0,0.123,-0.0542,0.0009,-1.0128,1.2004,-0.0682
2026-09-03T17:05:53Z,2026-09-03 17:05:30,SPXW,2026-09-09,C,7560.0,7747.25,186.6,2.0,200.3,1.0,156.83,1.0,9.0,0.1234,0.9428,0.0009,-0.9587,1.2501,1.169
2026-09-03T17:05:53Z,2026-09-03 17:05:30,SPXW,2026-09-09,P,7560.0,7747.25,2.9,39.0,3.0,172.0,3.11,231.0,398.0,0.1218,-0.0572,0.0009,-1.0516,1.2501,-0.072
2026-09-03T17:05:53Z,2026-09-03 17:05:30,SPXW,2026-09-09,C,7565.0,7747.25,182.6,1.0,195.3,1.0,184.58,6.0,6.0,0.1248,0.9395,0.001,-1.0018,1.3023,1.1658
2026-09-03T17:05:53Z,2026-09-03 17:05:30,SPXW,2026-09-09,P,7565.0,7747.25,3.0,142.0,3.2,204.0,3.6,46.0,170.0,0.1205,-0.0604,0.001,-1.0922,1.3023,-0.0761
2026-09-03T17:05:53Z,2026-09-03 17:05:30,SPXW,2026-09-09,C,7570.0,7747.25,177.2,1.0,190.3,1.0,111.79,0.0,6.0,0.1206,0.9361,0.001,-1.0466,1.3571,1.1623
2026-09-03T17:05:53Z,2026-09-03 17:05:30,SPXW,2026-09-09,P,7570.0,7747.25,3.2,125.0,3.4,201.0,3.8,63.0,273.0,0.1196,-0.0639,0.001,-1.1347,1.3571,-0.0804
2026-09-03T17:05:53Z,2026-09-03 17:05:30,SPXW,2026-09-09,C,7575.0,7747.25,172.4,1.0,185.1,1.0,137.26,4.0,168.0,0.1179,0.9324,0.0011,-1.0934,1.4146,1.1585
2026-09-03T17:05:53Z,2026-09-03 17:05:30,SPXW,2026-09-09,P,7575.0,7747.25,3.4,121.0,3.5,51.0,4.0,110.0,2711.0,0.1181,-0.0675,0.0011,-1.179,1.4146,-0.0851
2026-09-03T17:05:53Z,2026-09-03 17:05:30,SPXW,2026-09-09,C,7580.0,7747.25,168.2,1.0,179.8,1.0,86.55,0.0,4.0,0.1171,0.9285,0.0012,-1.1419,1.4744,1.1543
2026-09-03T17:05:53Z,2026-09-03 17:05:30,SPXW,2026-09-09,P,7580.0,7747.25,3.6,115.0,3.8,122.0,3.75,153.0,356.0,0.1173,-0.0715,0.0012,-1.2251,1.4744,-0.0901
2026-09-03T17:05:53Z,2026-09-03 17:05:30,SPXW,2026-09-09,C,7585.0,7747.25,163.0,1.0,176.0,1.0,81.0,0.0,4.0,0.1179,0.9243,0.0012,-1.1924,1.5365,1.1497
2026-09-03T17:05:53Z,2026-09-03 17:05:30,SPXW,2026-09-09,P,7585.0,7747.25,3.8,114.0,4.0,121.0,3.96,139.0,72.0,0.1161,-0.0757,0.0012,-1.2731,1.5365,-0.0955
2026-09-03T17:05:53Z,2026-09-03 17:05:30,SPXW,2026-09-09,C,7590.0,7747.25,157.5,1.0,171.2,1.0,161.85,1.0,14.0,0.1141,0.9198,0.0013,-1.2448,1.6008,1.1448
2026-09-03T17:05:53Z,2026-09-03 17:05:30,SPXW,2026-09-09,P,7590.0,7747.25,4.1,20.0,4.2,96.0,4.21,213.0,135.0,0.1151,-0.0801,0.0013,-1.3231,1.6008,-0.1012
2026-09-03T17:05:53Z,2026-09-03 17:05:30,SPXW,2026-09-09,C,7595.0,7747.25,153.5,1.0,166.1,1.0,156.45,4.0,27.0,0.1143,0.915,0.0014,-1.2992,1.6677,1.1395
2026-09-03T17:05:53Z,2026-09-03 17:05:30,SPXW,2026-09-09,P,7595.0,7747.25,4.3,99.0,4.4,20.0,4.4,132.0,173.0,0.1136,-0.0849,0.0014,-1.375,1.6677,-0.1073
2026-09-03T17:05:53Z,2026-09-03 17:05:30,SPXW,2026-09-09,C,7600.0,7747.25,151.2,7.0,159.3,8.0,139.01,12.0,1096.0,0.1143,0.9099,0.0014,-1.3554,1.7377,1.1339
2026-09-03T17:05:53Z,2026-09-03 17:05:30,SPXW,2026-09-09,P,7600.0,7747.25,4.6,75.0,4.7,82.0,4.6,312.0,2932.0,0.1127,-0.09,0.0014,-1.4288,1.7377,-0.1137
2026-09-03T17:05:53Z,2026-09-03 17:05:30,SPXW,2026-09-09,C,7605.0,7747.25,144.3,1.0,157.1,1.0,147.0,11.0,36.0,0.114,0.9045,0.0015,-1.4135,1.8106,1.1279
2026-09-03T17:05:53Z,2026-09-03 17:05:30,SPXW,2026-09-09,P,7605.0,7747.25,4.9,60.0,5.0,82.0,4.95,130.0,113.0,0.1117,-0.0954,0.0015,-1.4844,1.8106,-0.1206
2026-09-03T17:05:53Z,2026-09-03 17:05:30,SPXW,2026-09-09,C,7610.0,7747.25,139.6,1.0,152.1,1.0,105.04,8.0,28.0,0.112,0.8987,0.0016,-1.4733,1.886,1.1212
2026-09-03T17:05:53Z,2026-09-03 17:05:30,SPXW,2026-09-09,P,7610.0,7747.25,5.2,91.0,5.3,39.0,5.3,125.0,199.0,0.1106,-0.1012,0.0016,-1.5418,1.886,-0.128
2026-09-03T17:05:53Z,2026-09-03 17:05:30,SPXW,2026-09-09,C,7615.0,7747.25,134.7,1.0,147.8,1.0,118.66,5.0,7.0,0.1112,0.8925,0.0017,-1.535,1.9633,1.1141
2026-09-03T17:05:53Z,2026-09-03 17:05:30,SPXW,2026-09-09,P,7615.0,7747.25,5.5,89.0,5.7,95.0,6.16,150.0,169.0,0.1096,-0.1074,0.0017,-1.6011,1.9633,-0.136
2026-09-03T17:05:53Z,2026-09-03 17:05:30,SPXW,2026-09-09,C,7620.0,7747.25,130.1,1.0,143.2,1.0,126.03,19.0,84.0,0.1102,0.886,0.0018,-1.5984,2.0428,1.1065
2026-09-03T17:05:53Z,2026-09-03 17:05:30,SPXW,2026-09-09,P,7620.0,7747.25,5.9,86.0,6.0,30.0,6.25,263.0,158.0,0.1085,-0.114,0.0018,-1.662,2.0428,-0.1444
2026-09-03T17:05:53Z,2026-09-03 17:05:30,SPXW,2026-09-09,C,7625.0,7747.25,127.8,8.0,136.1,8.0,117.71,15.0,1358.0,0.1086,0.879,0.0018,-1.6634,2.1251,1.0984
2026-09-03T17:05:53Z,2026-09-03 17:05:30,SPXW,2026-09-09,P,7625.0,7747.25,6.3,84.0,6.4,29.0,6.3,179.0,1335.0,0.1075,-0.121,0.0018,-1.7246,2.1251,-0.1533
2026-09-03T17:05:53Z,2026-09-03 17:05:30,SPXW,2026-09-09,C,7630.0,7747.25,120.9,1.0,132.9,1.0,88.37,1.0,51.0,0.1053,0.8715,0.002,-1.7299,2.2105,1.0898
2026-09-03T17:05:53Z,2026-09-03 17:05:30,SPXW,2026-09-09,P,7630.0,7747.25,6.7,82.0,6.9,81.0,6.78,159.0,146.0,0.1066,-0.1284,0.002,-1.7886,2.2105,-0.1627
2026-09-03T17:05:53Z,2026-09-03 17:05:30,SPXW,2026-09-09,C,7635.0,7747.25,116.6,1.0,128.5,1.0,124.37,4.0,85.0,0.1052,0.8636,0.002,-1.7977,2.2981,1.0804
2026-09-03T17:05:53Z,2026-09-03 17:05:30,SPXW,2026-09-09,P,7635.0,7747.25,7.2,24.0,7.3,58.0,7.23,158.0,192.0,0.1056,-0.1364,0.002,-1.854,2.2981,-0.1729
2026-09-03T17:05:53Z,2026-09-03 17:05:30,SPXW,2026-09-09,C,7640.0,7747.25,111.6,1.0,124.6,1.0,113.78,10.0,103.0,0.1045,0.8551,0.0022,-1.8668,2.3871,1.0703
2026-09-03T17:05:53Z,2026-09-03 17:05:30,SPXW,2026-09-09,P,7640.0,7747.25,7.7,10.0,7.8,56.0,7.69,167.0,165.0,0.1046,-0.1448,0.0022,-1.9206,2.3871,-0.1839
2026-09-03T17:05:53Z,2026-09-03 17:05:30,SPXW,2026-09-09,C,7645.0,7747.25,107.6,1.0,120.5,1.0,109.29,5.0,63.0,0.1053,0.8462,0.0023,-1.9368,2.4773,1.0596
2026-09-03T17:05:53Z,2026-09-03 17:05:30,SPXW,2026-09-09,P,7645.0,7747.25,8.2,54.0,8.3,23.0,9.02,131.0,341.0,0.1037,-0.1538,0.0023,-1.9883,2.4773,-0.1954
2026-09-03T17:05:53Z,2026-09-03 17:05:30,SPXW,2026-09-09,C,7650.0,7747.25,105.4,8.0,113.4,8.0,112.41,44.0,1347.0,0.1034,0.8366,0.0024,-2.0078,2.5696,1.0484
2026-09-03T17:05:53Z,2026-09-03 17:05:30,SPXW,2026-09-09,P,7650.0,7747.25,8.7,71.0,8.9,55.0,8.7,644.0,562.0,0.1027,-0.1633,0.0024,-2.0568,2.5696,-0.2074
2026-09-03T17:05:53Z,2026-09-03 17:05:30,SPXW,2026-09-09,C,7655.0,7747.25,100.7,1.0,109.0,2.0,103.91,22.0,64.0,0.1017,0.8265,0.0025,-2.0792,2.6644,1.0364
2026-09-03T17:05:53Z,2026-09-03 17:05:30,SPXW,2026-09-09,P,7655.0,7747.25,9.4,16.0,9.5,59.0,10.3,347.0,136.0,0.1017,-0.1734,0.0025,-2.1258,2.6644,-0.2203
2026-09-03T17:05:53Z,2026-09-03 17:05:30,SPXW,2026-09-09,C,7660.0,7747.25,96.8,1.0,104.9,1.0,95.79,54.0,84.0,0.1021,0.8158,0.0026,-2.1508,2.76,1.0233
2026-09-03T17:05:53Z,2026-09-03 17:05:30,SPXW,2026-09-09,P,7660.0,7747.25,10.0,72.0,10.2,65.0,10.1,1156.0,164.0,0.1007,-0.1841,0.0026,-2.195,2.76,-0.2342
2026-09-03T17:05:53Z,2026-09-03 17:05:30,SPXW,2026-09-09,C,7665.0,7747.25,92.8,2.0,100.6,1.0,91.3,70.0,90.0,0.1016,0.8045,0.0027,-2.2224,2.8553,1.0094
2026-09-03T17:05:53Z,2026-09-03 17:05:30,SPXW,2026-09-09,P,7665.0,7747.25,10.7,72.0,10.9,66.0,10.9,145.0,136.0,0.0998,-0.1955,0.0027,-2.2641,2.8553,-0.2489
2026-09-03T17:05:53Z,2026-09-03 17:05:30,SPXW,2026-09-09,C,7670.0,7747.25,88.3,9.0,96.1,9.0,87.33,103.0,385.0,0.0997,0.7925,0.0029,-2.2935,2.9505,0.995
2026-09-03T17:05:53Z,2026-09-03 17:05:30,SPXW,2026-09-09,P,7670.0,7747.25,11.5,26.0,11.6,9.0,11.5,247.0,533.0,0.099,-0.2075,0.0029,-2.3327,2.9505,-0.2642
2026-09-03T17:05:53Z,2026-09-03 17:05:30,SPXW,2026-09-09,C,7675.0,7747.25,84.1,9.0,91.9,9.0,84.8,70.0,389.0,0.0987,0.7798,0.003,-2.3637,3.0468,0.9797
2026-09-03T17:05:53Z,2026-09-03 17:05:30,SPXW,2026-09-09,P,7675.0,7747.25,12.3,62.0,12.5,62.0,13.23,395.0,808.0,0.098,-0.2202,0.003,-2.4005,3.0468,-0.2803
2026-09-03T17:05:53Z,2026-09-03 17:05:30,SPXW,2026-09-09,C,7680.0,7747.25,79.5,4.0,88.0,3.0,83.9,62.0,79.0,0.0974,0.7664,0.0031,-2.4325,3.143,0.9632
2026-09-03T17:05:53Z,2026-09-03 17:05:30,SPXW,2026-09-09,P,7680.0,7747.25,13.1,70.0,13.3,17.0,13.3,464.0,407.0,0.097,-0.2335,0.0031,-2.4669,3.143,-0.2976
2026-09-03T17:05:53Z,2026-09-03 17:05:30,SPXW,2026-09-09,C,7685.0,7747.25,76.0,4.0,84.4,4.0,67.57,35.0,108.0,0.098,0.7523,0.0033,-2.4994,3.2367,0.9457
2026-09-03T17:05:53Z,2026-09-03 17:05:30,SPXW,2026-09-09,P,7685.0,7747.25,14.1,65.0,14.3,57.0,14.2,202.0,89.0,0.0962,-0.2476,0.0033,-2.5313,3.2367,-0.3159
2026-09-03T17:05:53Z,2026-09-03 17:05:30,SPXW,2026-09-09,C,7690.0,7747.25,74.4,1.0,77.1,1.0,76.0,128.0,196.0,0.0957,0.7375,0.0034,-2.5639,3.3278,0.9276
2026-09-03T17:05:53Z,2026-09-03 17:05:30,SPXW,2026-09-09,P,7690.0,7747.25,15.1,64.0,15.3,56.0,15.21,66.0,161.0,0.0953,-0.2625,0.0034,-2.5934,3.3278,-0.3349
2026-09-03T17:05:53Z,2026-09-03 17:05:30,SPXW,2026-09-09,C,7695.0,7747.25,70.4,1.0,73.3,1.0,73.39,37.0,96.0,0.0944,0.7219,0.0035,-2.6254,3.4175,0.9085
2026-09-03T17:05:53Z,2026-09-03 17:05:30,SPXW,2026-09-09,P,7695.0,7747.25,16.2,24.0,16.4,56.0,16.59,69.0,208.0,0.0945,-0.278,0.0035,-2.6524,3.4175,-0.3547
2026-09-03T17:05:53Z,2026-09-03 17:05:30,SPXW,2026-09-09,C,7700.0,7747.25,66.6,1.0,69.3,1.0,68.13,1138.0,1047.0,0.0939,0.7056,0.0036,-2.6832,3.5047,0.8881
2026-09-03T17:05:53Z,2026-09-03 17:05:30,SPXW,2026-09-09,P,7700.0,7747.25,17.3,61.0,17.5,29.0,17.2,452.0,1427.0,0.0935,-0.2944,0.0036,-2.7078,3.5047,-0.3759
2026-09-03T17:05:53Z,2026-09-03 17:05:30,SPXW,2026-09-09,C,7705.0,7747.25,64.1,2.0,64.3,2.0,64.52,132.0,126.0,0.093,0.6885,0.0038,-2.7366,3.5866,0.8668
2026-09-03T17:05:53Z,2026-09-03 17:05:30,SPXW,2026-09-09,P,7705.0,7747.25,18.5,57.0,18.7,8.0,18.61,555.0,67.0,0.0928,-0.3114,0.0038,-2.7588,3.5866,-0.3981
2026-09-03T17:05:53Z,2026-09-03 17:05:30,SPXW,2026-09-09,C,7710.0,7747.25,60.4,3.0,60.7,3.0,60.87,132.0,223.0,0.0923,0.6707,0.0039,-2.785,3.6631,0.8449
2026-09-03T17:05:53Z,2026-09-03 17:05:30,SPXW,2026-09-09,P,7710.0,7747.25,19.9,17.0,20.1,49.0,19.9,79.0,119.0,0.0919,-0.3292,0.0039,-2.8048,3.6631,-0.4208
2026-09-03T17:05:53Z,2026-09-03 17:05:30,SPXW,2026-09-09,C,7715.0,7747.25,56.8,3.0,57.1,3.0,57.82,64.0,124.0,0.0914,0.6522,0.004,-2.8278,3.7351,0.8219
2026-09-03T17:05:53Z,2026-09-03 17:05:30,SPXW,2026-09-09,P,7715.0,7747.25,21.3,17.0,21.5,49.0,21.4,71.0,76.0,0.0911,-0.3478,0.004,-2.8451,3.7351,-0.4446
2026-09-03T17:05:53Z,2026-09-03 17:05:30,SPXW,2026-09-09,C,7720.0,7747.25,53.3,5.0,53.6,5.0,54.34,151.0,181.0,0.0906,0.6329,0.0041,-2.8642,3.8008,0.7975
2026-09-03T17:05:53Z,2026-09-03 17:05:30,SPXW,2026-09-09,P,7720.0,7747.25,22.8,17.0,23.0,48.0,22.7,106.0,146.0,0.0903,-0.367,0.0041,-2.879,3.8008,-0.4698
2026-09-03T17:05:53Z,2026-09-03 17:05:30,SPXW,2026-09-09,C,7725.0,7747.25,50.0,5.0,50.2,5.0,50.22,313.0,837.0,0.0899,0.613,0.0042,-2.8934,3.858,0.7726
2026-09-03T17:05:53Z,2026-09-03 17:05:30,SPXW,2026-09-09,P,7725.0,7747.25,24.4,17.0,24.6,46.0,24.5,275.0,277.0,0.0895,-0.387,0.0042,-2.9058,3.858,-0.4955
2026-09-03T17:05:53Z,2026-09-03 17:05:30,SPXW,2026-09-09,C,7730.0,7747.25,46.7,5.0,46.9,5.0,45.56,511.0,204.0,0.0891,0.5923,0.0043,-2.915,3.907,0.7471
2026-09-03T17:05:53Z,2026-09-03 17:05:30,SPXW,2026-09-09,P,7730.0,7747.25,26.1,16.0,26.3,40.0,28.3,69.0,136.0,0.0887,-0.4076,0.0043,-2.925,3.907,-0.5218
2026-09-03T17:05:53Z,2026-09-03 17:05:30,SPXW,2026-09-09,C,7735.0,7747.25,43.5,11.0,43.7,9.0,43.74,151.0,220.0,0.0883,0.5711,0.0044,-2.9283,3.9477,0.7203
2026-09-03T17:05:53Z,2026-09-03 17:05:30,SPXW,2026-09-09,P,7735.0,7747.25,27.9,39.0,28.1,7.0,28.02,35.0,35.0,0.0879,-0.4288,0.0044,-2.9358,3.9477,-0.5495
2026-09-03T17:05:53Z,2026-09-03 17:05:30,SPXW,2026-09-09,C,7740.0,7747.25,40.4,14.0,40.7,40.0,40.0,394.0,201.0,0.0876,0.5493,0.0045,-2.9326,3.9781,0.6928
2026-09-03T17:05:53Z,2026-09-03 17:05:30,SPXW,2026-09-09,P,7740.0,7747.25,29.8,51.0,30.1,45.0,29.83,79.0,55.0,0.0874,-0.4506,0.0045,-2.9377,3.9781,-0.5778
2026-09-03T17:05:53Z,2026-09-03 17:05:30,SPXW,2026-09-09,C,7745.0,7747.25,37.5,11.0,37.7,9.0,37.92,203.0,263.0,0.0869,0.527,0.0046,-2.9277,3.9974,0.6651
2026-09-03T17:05:53Z,2026-09-03 17:05:30,SPXW,2026-09-09,P,7745.0,7747.25,31.9,14.0,32.1,13.0,35.1,47.0,36.0,0.0865,-0.4729,0.0046,-2.9303,3.9974,-0.6063
2026-09-03T17:05:53Z,2026-09-03 17:05:30,SPXW,2026-09-09,C,7750.0,7747.25,34.6,36.0,34.9,41.0,34.6,729.0,1271.0,0.0862,0.5043,0.0046,-2.9131,4.0057,0.6364
2026-09-03T17:05:53Z,2026-09-03 17:05:30,SPXW,2026-09-09,P,7750.0,7747.25,34.1,11.0,34.3,39.0,34.4,150.0,710.0,0.0859,-0.4956,0.0046,-2.9133,4.0057,-0.6359
2026-09-03T17:05:53Z,2026-09-03 17:05:30,SPXW,2026-09-09,C,7755.0,7747.25,31.9,47.0,32.2,47.0,31.58,519.0,104.0,0.0855,0.4812,0.0046,-2.8884,4.002,0.607
2026-09-03T17:05:53Z,2026-09-03 17:05:30,SPXW,2026-09-09,P,7755.0,7747.25,36.3,48.0,36.6,37.0,38.9,13.0,13.0,0.0853,-0.5187,0.0046,-2.8862,4.002,-0.666
2026-09-03T17:05:53Z,2026-09-03 17:05:30,SPXW,2026-09-09,C,7760.0,7747.25,29.4,11.0,29.6,48.0,29.89,290.0,887.0,0.085,0.4579,0.0046,-2.8537,3.9861,0.5779
2026-09-03T17:05:53Z,2026-09-03 17:05:30,SPXW,2026-09-09,P,7760.0,7747.25,38.8,6.0,39.0,37.0,41.4,18.0,48.0,0.0846,-0.5421,0.0046,-2.849,3.9861,-0.696
2026-09-03T17:05:53Z,2026-09-03 17:05:30,SPXW,2026-09-09,C,7765.0,7747.25,26.9,48.0,27.1,6.0,26.74,972.0,473.0,0.0842,0.4343,0.0046,-2.809,3.9573,0.5482
2026-09-03T17:05:53Z,2026-09-03 17:05:30,SPXW,2026-09-09,P,7765.0,7747.25,41.3,13.0,41.5,6.0,45.1,10.0,18.0,0.084,-0.5656,0.0046,-2.8019,3.9573,-0.7265
2026-09-03T17:05:53Z,2026-09-03 17:05:30,SPXW,2026-09-09,C,7770.0,7747.25,24.6,25.0,24.8,14.0,25.11,135.0,299.0,0.0837,0.4108,0.0046,-2.7542,3.915,0.5181
2026-09-03T17:05:53Z,2026-09-03 17:05:30,SPXW,2026-09-09,P,7770.0,7747.25,44.0,12.0,44.2,6.0,43.61,11.0,21.0,0.0833,-0.5892,0.0046,-2.7447,3.915,-0.7574
2026-09-03T17:05:53Z,2026-09-03 17:05:30,SPXW,2026-09-09,C,7775.0,7747.25,22.4,26.0,22.6,14.0,22.71,739.0,1764.0,0.0831,0.3872,0.0046,-2.6899,3.8609,0.4887
2026-09-03T17:05:53Z,2026-09-03 17:05:30,SPXW,2026-09-09,P,7775.0,7747.25,46.8,7.0,47.0,5.0,50.0,13.0,25.0,0.0828,-0.6127,0.0046,-2.6779,3.8609,-0.7876
2026-09-03T17:05:53Z,2026-09-03 17:05:30,SPXW,2026-09-09,C,7780.0,7747.25,20.3,53.0,20.6,52.0,20.6,175.0,1686.0,0.0827,0.3638,0.0045,-2.6165,3.7938,0.459
2026-09-03T17:05:53Z,2026-09-03 17:05:30,SPXW,2026-09-09,P,7780.0,7747.25,49.7,5.0,49.9,5.0,49.9,13.0,29.0,0.0822,-0.6361,0.0045,-2.6021,3.7938,-0.8181
2026-09-03T17:05:53Z,2026-09-03 17:05:30,SPXW,2026-09-09,C,7785.0,7747.25,18.4,54.0,18.6,17.0,17.15,96.0,247.0,0.082,0.3407,0.0044,-2.5344,3.7132,0.4296
2026-09-03T17:05:53Z,2026-09-03 17:05:30,SPXW,2026-09-09,P,7785.0,7747.25,52.8,3.0,53.0,3.0,55.5,1.0,0.0,0.0817,-0.6592,0.0044,-2.5175,3.7132,-0.8484
2026-09-03T17:05:53Z,2026-09-03 17:05:30,SPXW,2026-09-09,C,7790.0,7747.25,16.6,56.0,16.8,18.0,16.91,191.0,378.0,0.0815,0.318,0.0043,-2.4444,3.6224,0.4012
2026-09-03T17:05:53Z,2026-09-03 17:05:30,SPXW,2026-09-09,P,7790.0,7747.25,56.0,3.0,56.2,3.0,58.63,3.0,19.0,0.0812,-0.682,0.0043,-2.4251,3.6224,-0.8776
2026-09-03T17:05:53Z,2026-09-03 17:05:30,SPXW,2026-09-09,C,7795.0,7747.25,14.9,59.0,15.1,8.0,14.9,111.0,284.0,0.0813,0.2957,0.0042,-2.3474,3.5202,0.3728
2026-09-03T17:05:53Z,2026-09-03 17:05:30,SPXW,2026-09-09,P,7795.0,7747.25,59.1,6.0,59.8,6.0,61.93,2.0,0.0,0.0808,-0.7042,0.0042,-2.3257,3.5202,-0.9068
2026-09-03T17:05:53Z,2026-09-03 17:05:30,SPXW,2026-09-09,C,7800.0,7747.25,13.4,60.0,13.6,55.0,13.68,660.0,1585.0,0.0807,0.2741,0.0041,-2.2442,3.4064,0.3453
2026-09-03T17:05:53Z,2026-09-03 17:05:30,SPXW,2026-09-09,P,7800.0,7747.25,62.5,6.0,63.2,5.0,66.9,17.0,49.0,0.0804,-0.7259,0.0041,-2.22,3.4064,-0.9351
2026-09-03T17:05:53Z,2026-09-03 17:05:30,SPXW,2026-09-09,C,7805.0,7747.25,12.0,29.0,12.2,70.0,11.8,146.0,327.0,0.0804,0.2531,0.004,-2.1358,3.2853,0.3191
2026-09-03T17:05:53Z,2026-09-03 17:05:30,SPXW,2026-09-09,P,7805.0,7747.25,65.1,1.0,67.9,1.0,0.0,0.0,0.0,0.0803,-0.7469,0.004,-2.1092,3.2853,-0.9622
2026-09-03T17:05:53Z,2026-09-03 17:05:30,SPXW,2026-09-09,C,7810.0,7747.25,10.7,30.0,10.9,71.0,10.85,556.0,2069.0,0.08,0.2328,0.0038,-2.0232,3.1556,0.2932
2026-09-03T17:05:53Z,2026-09-03 17:05:30,SPXW,2026-09-09,P,7810.0,7747.25,66.1,2.0,74.0,3.0,100.82,1.0,28.0,0.0792,-0.7671,0.0038,-1.9941,3.1556,-0.9889
2026-09-03T17:05:53Z,2026-09-03 17:05:30,SPXW,2026-09-09,C,7815.0,7747.25,9.5,32.0,9.7,73.0,9.63,198.0,611.0,0.0797,0.2134,0.0036,-1.9074,3.0177,0.2687
2026-09-03T17:05:53Z,2026-09-03 17:05:30,SPXW,2026-09-09,P,7815.0,7747.25,69.8,1.0,78.4,4.0,73.21,2.0,4.0,0.0797,-0.7865,0.0036,-1.8759,3.0177,-1.0143
2026-09-03T17:05:53Z,2026-09-03 17:05:30,SPXW,2026-09-09,C,7820.0,7747.25,8.4,36.0,8.6,76.0,8.68,273.0,661.0,0.0793,0.1949,0.0034,-1.7897,2.8759,0.2454
2026-09-03T17:05:53Z,2026-09-03 17:05:30,SPXW,2026-09-09,P,7820.0,7747.25,73.7,1.0,81.7,2.0,167.82,0.0,18.0,0.0782,-0.805,0.0034,-1.7558,2.8759,-1.0384
2026-09-03T17:05:53Z,2026-09-03 17:05:30,SPXW,2026-09-09,C,7825.0,7747.25,7.4,57.0,7.6,76.0,7.7,2298.0,18522.0,0.079,0.1773,0.0033,-1.6711,2.7291,0.2228
2026-09-03T17:05:53Z,2026-09-03 17:05:30,SPXW,2026-09-09,P,7825.0,7747.25,77.7,1.0,85.9,3.0,85.19,1.0,15.0,0.0783,-0.8227,0.0033,-1.6348,2.7291,-1.0617
2026-09-03T17:05:53Z,2026-09-03 17:05:30,SPXW,2026-09-09,C,7830.0,7747.25,6.5,71.0,6.7,81.0,6.81,342.0,1043.0,0.0787,0.1607,0.0031,-1.5529,2.5784,0.202
2026-09-03T17:05:53Z,2026-09-03 17:05:30,SPXW,2026-09-09,P,7830.0,7747.25,81.8,1.0,90.4,3.0,162.35,0.0,7.0,0.0788,-0.8393,0.0031,-1.5141,2.5784,-1.0834
2026-09-03T17:05:53Z,2026-09-03 17:05:30,SPXW,2026-09-09,C,7835.0,7747.25,5.7,73.0,5.9,77.0,5.8,184.0,439.0,0.0785,0.145,0.0029,-1.4363,2.4277,0.1822
2026-09-03T17:05:53Z,2026-09-03 17:05:30,SPXW,2026-09-09,P,7835.0,7747.25,86.0,1.0,94.5,3.0,0.0,0.0,0.0,0.0783,-0.8549,0.0029,-1.395,2.4277,-1.104
2026-09-03T17:05:53Z,2026-09-03 17:05:30,SPXW,2026-09-09,C,7840.0,7747.25,5.0,47.0,5.1,8.0,5.3,191.0,419.0,0.0784,0.1305,0.0027,-1.3224,2.2762,0.1636
2026-09-03T17:05:53Z,2026-09-03 17:05:30,SPXW,2026-09-09,P,7840.0,7747.25,90.3,1.0,98.1,1.0,130.8,0.0,15.0,0.0766,-0.8695,0.0027,-1.2787,2.2762,-1.1234
2026-09-03T17:05:53Z,2026-09-03 17:05:30,SPXW,2026-09-09,C,7845.0,7747.25,4.3,91.0,4.5,102.0,3.6,91.0,274.0,0.0779,0.117,0.0025,-1.2122,2.1256,0.1468
2026-09-03T17:05:53Z,2026-09-03 17:05:30,SPXW,2026-09-09,P,7845.0,7747.25,94.6,1.0,102.9,3.0,0.0,0.0,0.0,0.0772,-0.883,0.0025,-1.1661,2.1256,-1.1411
2026-09-03T17:05:53Z,2026-09-03 17:05:30,SPXW,2026-09-09,C,7850.0,7747.25,3.8,46.0,3.9,84.0,3.4,717.0,911.0,0.0779,0.1045,0.0023,-1.107,1.9788,0.131
2026-09-03T17:05:53Z,2026-09-03 17:05:30,SPXW,2026-09-09,P,7850.0,7747.25,99.1,1.0,107.6,3.0,151.0,11.0,25.0,0.078,-0.8954,0.0023,-1.0584,1.9788,-1.1577
2026-09-03T17:05:53Z,2026-09-03 17:05:30,SPXW,2026-09-09,C,7855.0,7747.25,3.3,50.0,3.4,88.0,2.7,86.0,273.0,0.0778,0.0932,0.0021,-1.0074,1.8358,0.1166
2026-09-03T17:05:53Z,2026-09-03 17:05:30,SPXW,2026-09-09,P,7855.0,7747.25,103.5,1.0,112.1,3.0,0.0,0.0,0.0,0.0776,-0.9068,0.0021,-0.9564,1.8358,-1.1729
2026-09-03T17:05:53Z,2026-09-03 17:05:30,SPXW,2026-09-09,C,7860.0,7747.25,2.85,84.0,2.95,107.0,2.4,131.0,531.0,0.0776,0.0828,0.002,-0.9142,1.698,0.1037
2026-09-03T17:05:53Z,2026-09-03 17:05:30,SPXW,2026-09-09,P,7860.0,7747.25,108.1,1.0,116.6,3.0,208.99,0.0,1.0,0.0775,-0.9171,0.002,-0.8607,1.698,-1.1866
2026-09-03T17:05:53Z,2026-09-03 17:05:30,SPXW,2026-09-09,C,7865.0,7747.25,2.45,91.0,2.55,73.0,2.0,292.0,979.0,0.0775,0.0736,0.0018,-0.8277,1.567,0.0919
2026-09-03T17:05:53Z,2026-09-03 17:05:30,SPXW,2026-09-09,P,7865.0,7747.25,110.3,3.0,123.1,1.0,0.0,0.0,0.0,0.0755,-0.9264,0.0018,-0.7718,1.567,-1.1992
2026-09-03T17:05:53Z,2026-09-03 17:05:30,SPXW,2026-09-09,C,7870.0,7747.25,2.1,114.0,2.2,51.0,1.65,338.0,329.0,0.0774,0.0652,0.0016,-0.7483,1.4432,0.0815
2026-09-03T17:05:53Z,2026-09-03 17:05:30,SPXW,2026-09-09,P,7870.0,7747.25,115.0,3.0,128.2,2.0,0.0,0.0,0.0,0.0773,-0.9347,0.0016,-0.6899,1.4432,-1.2105
2026-09-03T17:05:53Z,2026-09-03 17:05:30,SPXW,2026-09-09,C,7875.0,7747.25,1.8,107.0,1.9,8.0,1.8,40.0,328.0,0.0776,0.0578,0.0015,-0.6758,1.327,0.0722
2026-09-03T17:05:53Z,2026-09-03 17:05:30,SPXW,2026-09-09,P,7875.0,7747.25,120.0,1.0,132.9,2.0,204.78,0.0,3.0,0.0786,-0.9421,0.0015,-0.615,1.327,-1.2205
2026-09-03T17:05:53Z,2026-09-03 17:05:30,SPXW,2026-09-09,C,7880.0,7747.25,1.55,158.0,1.65,54.0,1.6,251.0,680.0,0.0774,0.0513,0.0013,-0.6103,1.2189,0.0639
2026-09-03T17:05:53Z,2026-09-03 17:05:30,SPXW,2026-09-09,P,7880.0,7747.25,124.2,1.0,137.4,1.0,142.45,25.0,125.0,0.0748,-0.9486,0.0013,-0.5471,1.2189,-1.2297
2026-09-03T17:05:53Z,2026-09-03 17:05:30,SPXW,2026-09-09,C,7885.0,7747.25,1.35,123.0,1.45,124.0,0.85,45.0,0.0,0.0777,0.0455,0.0012,-0.5514,1.1192,0.0567
2026-09-03T17:05:53Z,2026-09-03 17:05:30,SPXW,2026-09-09,P,7885.0,7747.25,129.2,1.0,142.9,1.0,0.0,0.0,0.0,0.0798,-0.9544,0.0012,-0.4857,1.1192,-1.2377
2026-09-03T17:05:53Z,2026-09-03 17:05:30,SPXW,2026-09-09,C,7890.0,7747.25,1.15,209.0,1.25,47.0,1.25,181.0,526.0,0.0778,0.0405,0.0011,-0.4986,1.0276,0.0504
2026-09-03T17:05:53Z,2026-09-03 17:05:30,SPXW,2026-09-09,P,7890.0,7747.25,133.8,1.0,146.6,1.0,0.0,0.0,0.0,0.0717,-0.9595,0.0011,-0.4306,1.0276,-1.2448
2026-09-03T17:05:53Z,2026-09-03 17:05:30,SPXW,2026-09-09,C,7895.0,7747.25,1.0,224.0,1.1,120.0,1.15,10.0,0.0,0.0781,0.036,0.001,-0.4517,0.9437,0.0448
2026-09-03T17:05:53Z,2026-09-03 17:05:30,SPXW,2026-09-09,P,7895.0,7747.25,138.9,1.0,151.4,1.0,0.0,0.0,0.0,0.0731,-0.9639,0.001,-0.3811,0.9437,-1.2513
2026-09-03T17:05:53Z,2026-09-03 17:05:30,SPXW,2026-09-09,C,7900.0,7747.25,0.9,54.0,0.95,30.0,0.9,250.0,1270.0,0.0786,0.0322,0.0009,-0.41,0.8673,0.0399
2026-09-03T17:05:53Z,2026-09-03 17:05:30,SPXW,2026-09-09,P,7900.0,7747.25,144.4,1.0,157.2,1.0,161.78,25.0,134.0,0.0842,-0.9678,0.0009,-0.337,0.8673,-1.257
2026-09-03T17:05:53Z,2026-09-03 17:05:30,SPXW,2026-09-09,C,7910.0,7747.25,0.7,8.0,0.75,80.0,0.55,109.0,164.0,0.0797,0.0258,0.0007,-0.3405,0.7352,0.032
2026-09-03T17:05:53Z,2026-09-03 17:05:30,SPXW,2026-09-09,P,7910.0,7747.25,153.3,1.0,166.9,2.0,0.0,0.0,0.0,0.0786,-0.9741,0.0007,-0.2625,0.7356,-1.2665
2026-09-03T17:05:53Z,2026-09-03 17:05:30,SPXW,2026-09-09,C,7920.0,7747.25,0.55,60.0,0.6,89.0,0.5,133.0,913.0,0.0809,0.021,0.0006,-0.2861,0.6274,0.026
2026-09-03T17:05:53Z,2026-09-03 17:05:30,SPXW,2026-09-09,P,7920.0,7747.25,162.9,1.0,176.9,1.0,0.0,0.0,0.0,0.0786,-0.9789,0.0006,-0.2034,0.6277,-1.2742
2026-09-03T17:05:53Z,2026-09-03 17:05:30,SPXW,2026-09-09,C,7925.0,7747.25,0.5,8.0,0.55,209.0,0.55,33.0,420.0,0.0818,0.019,0.0006,-0.2636,0.5814,0.0236
2026-09-03T17:05:53Z,2026-09-03 17:05:30,SPXW,2026-09-09,P,7925.0,7747.25,168.1,1.0,181.8,1.0,246.62,0.0,2.0,0.0818,-0.9809,0.0006,-0.1784,0.5817,-1.2774
2026-09-03T17:05:53Z,2026-09-03 17:05:30,SPXW,2026-09-09,C,7930.0,7747.25,0.45,21.0,0.5,185.0,0.35,111.0,419.0,0.0826,0.0173,0.0005,-0.2437,0.54,0.0214
2026-09-03T17:05:53Z,2026-09-03 17:05:30,SPXW,2026-09-09,P,7930.0,7747.25,173.0,1.0,185.9,1.0,0.0,0.0,0.0,0.0609,-0.9826,0.0005,-0.1561,0.5403,-1.2804
2026-09-03T17:05:53Z,2026-09-03 17:05:30,SPXW,2026-09-09,C,7940.0,7747.25,0.35,292.0,0.45,429.0,0.35,18.0,45.0,0.0844,0.0145,0.0004,-0.2105,0.4686,0.0179
2026-09-03T17:05:53Z,2026-09-03 17:05:30,SPXW,2026-09-09,P,7940.0,7747.25,182.2,1.0,195.9,1.0,261.17,0.0,1.0,0.0,-0.9854,0.0004,-0.118,0.4689,-1.2856
2026-09-03T17:05:53Z,2026-09-03 17:05:30,SPXW,2026-09-09,C,7950.0,7747.25,0.3,257.0,0.4,608.0,0.37,54.0,477.0,0.0867,0.0123,0.0004,-0.1843,0.4105,0.0152
2026-09-03T17:05:53Z,2026-09-03 17:05:30,SPXW,2026-09-09,P,7950.0,7747.25,192.9,1.0,205.6,1.0,290.24,0.0,1.0,0.0,-0.9876,0.0004,-0.087,0.4108,-1.2899
2026-09-03T17:05:53Z,2026-09-03 17:05:30,SPXW,2026-09-09,C,7960.0,7747.25,0.25,355.0,0.35,590.0,0.3,1.0,47.0,0.0886,0.0106,0.0003,-0.1635,0.363,0.013
2026-09-03T17:05:53Z,2026-09-03 17:05:30,SPXW,2026-09-09,P,7960.0,7747.25,202.8,1.0,215.7,1.0,0.0,0.0,0.0,0.0,-0.9893,0.0003,-0.0612,0.3632,-1.2937
2026-09-03T17:05:53Z,2026-09-03 17:05:30,SPXW,2026-09-09,C,7970.0,7747.25,0.25,28.0,0.3,373.0,0.0,0.0,0.0,0.0913,0.0092,0.0003,-0.1468,0.3236,0.0113
2026-09-03T17:05:53Z,2026-09-03 17:05:30,SPXW,2026-09-09,P,7970.0,7747.25,210.6,1.0,228.4,1.0,0.0,0.0,0.0,0.0822,-0.9907,0.0003,-0.0397,0.3238,-1.297
2026-09-03T17:05:53Z,2026-09-03 17:05:30,SPXW,2026-09-09,C,7975.0,7747.25,0.2,459.0,0.3,491.0,0.25,38.0,235.0,0.092,0.0087,0.0002,-0.1396,0.3064,0.0106
2026-09-03T17:05:53Z,2026-09-03 17:05:30,SPXW,2026-09-09,P,7975.0,7747.25,216.3,1.0,233.7,1.0,288.72,0.0,3.0,0.1034,-0.9913,0.0002,-0.0301,0.3066,-1.2986
2026-09-03T17:05:53Z,2026-09-03 17:05:30,SPXW,2026-09-09,C,8000.0,7747.25,0.2,8.0,0.25,535.0,0.2,7.0,437.0,0.0996,0.0065,0.0002,-0.1129,0.2402,0.008
2026-09-03T17:05:53Z,2026-09-03 17:05:30,SPXW,2026-09-09,P,8000.0,7747.25,241.2,1.0,258.7,1.0,287.86,0.0,1.0,0.1122,-0.9934,0.0002,0.0,0.2403,-1.3053
2026-09-03T17:05:53Z,2026-09-03 17:05:30,SPXW,2026-09-09,C,8025.0,7747.25,0.15,275.0,0.2,292.0,0.15,4.0,345.0,0.1052,0.0052,0.0001,-0.096,0.1956,0.0063
2026-09-03T17:05:53Z,2026-09-03 17:05:30,SPXW,2026-09-09,P,8025.0,7747.25,266.1,1.0,283.7,1.0,0.0,0.0,0.0,0.1207,-0.9948,0.0001,0.0,0.1958,-1.3111
2026-09-03T17:05:53Z,2026-09-03 17:05:30,SPXW,2026-09-09,C,8050.0,7747.25,0.1,497.0,0.2,720.0,0.15,2.0,351.0,0.1117,0.0043,0.0001,-0.0846,0.1645,0.0052
2026-09-03T17:05:53Z,2026-09-03 17:05:30,SPXW,2026-09-09,P,8050.0,7747.25,291.1,1.0,308.6,1.0,0.0,0.0,0.0,0.129,-0.9957,0.0001,0.0,0.1646,-1.3163
2026-09-03T17:05:53Z,2026-09-03 17:05:30,SPXW,2026-09-09,C,8075.0,7747.25,0.1,394.0,0.2,811.0,0.1,16.0,87.0,0.1197,0.0036,0.0001,-0.0768,0.142,0.0044
2026-09-03T17:05:53Z,2026-09-03 17:05:30,SPXW,2026-09-09,P,8075.0,7747.25,316.0,1.0,333.6,1.0,0.0,0.0,0.0,0.137,-0.9963,0.0001,0.0,0.1418,-1.3212
2026-09-03T17:05:53Z,2026-09-03 17:05:30,SPXW,2026-09-09,C,8100.0,7747.25,0.1,302.0,0.15,284.0,0.11,27.0,56.0,0.1254,0.0032,0.0001,-0.0709,0.1246,0.0038
2026-09-03T17:05:53Z,2026-09-03 17:05:30,SPXW,2026-09-09,P,8100.0,7747.25,341.0,1.0,358.5,1.0,0.0,0.0,0.0,0.1447,-0.9968,0.0001,0.0,0.1245,-1.3259
2026-09-03T17:05:53Z,2026-09-03 17:05:30,SPXW,2026-09-09,C,8125.0,7747.25,0.05,748.0,0.15,393.0,0.1,40.0,12.0,0.1304,0.0028,0.0001,-0.0666,0.1111,0.0034
2026-09-03T17:05:53Z,2026-09-03 17:05:30,SPXW,2026-09-09,P,8125.0,7747.25,366.0,1.0,383.6,1.0,0.0,0.0,0.0,0.1562,-0.9971,0.0001,0.0,0.111,-1.3304
2026-09-03T17:05:53Z,2026-09-03 17:05:30,SPXW,2026-09-09,C,8150.0,7747.25,0.05,645.0,0.15,538.0,0.1,4.0,28.0,0.1379,0.0025,0.0001,-0.0631,0.1004,0.0031
2026-09-03T17:05:53Z,2026-09-03 17:05:30,SPXW,2026-09-09,P,8150.0,7747.25,391.0,1.0,408.1,1.0,0.0,0.0,0.0,0.154,-0.9974,0.0001,0.0,0.1002,-1.3348
2026-09-03T17:05:53Z,2026-09-03 17:05:30,SPXW,2026-09-09,C,8175.0,7747.25,0.05,370.0,0.15,822.0,0.1,4.0,28.0,0.1457,0.0023,0.0,-0.0603,0.0913,0.0028
2026-09-03T17:05:53Z,2026-09-03 17:05:30,SPXW,2026-09-09,P,8175.0,7747.25,415.9,1.0,433.3,1.0,0.0,0.0,0.0,0.1661,-0.9976,0.0,0.0,0.0913,-1.3392
2026-09-03T17:05:53Z,2026-09-03 17:05:30,SPXW,2026-09-09,C,8200.0,7747.25,0.05,224.0,0.1,123.0,0.07,3.0,336.0,0.1488,0.0021,0.0,-0.0581,0.0843,0.0026
2026-09-03T17:05:53Z,2026-09-03 17:05:30,SPXW,2026-09-09,P,8200.0,7747.25,440.9,1.0,458.7,1.0,0.0,0.0,0.0,0.1846,-0.9978,0.0,0.0,0.0838,-1.3436
2026-09-03T17:05:53Z,2026-09-03 17:05:30,SPXW,2026-09-09,C,8225.0,7747.25,0.05,214.0,0.1,168.0,0.39,0.0,4.0,0.1562,0.002,0.0,-0.0561,0.0778,0.0024
2026-09-03T17:05:53Z,2026-09-03 17:05:30,SPXW,2026-09-09,P,8225.0,7747.25,465.9,1.0,483.4,1.0,0.0,0.0,0.0,0.1874,-0.998,0.0,0.0,0.0774,-1.3479
2026-09-03T17:05:53Z,2026-09-03 17:05:30,SPXW,2026-09-09,C,8250.0,7747.25,0.05,198.0,0.1,292.0,0.15,0.0,109.0,0.1634,0.0018,0.0,-0.0544,0.0723,0.0022
2026-09-03T17:05:53Z,2026-09-03 17:05:30,SPXW,2026-09-09,P,8250.0,7747.25,490.9,1.0,508.0,1.0,0.0,0.0,0.0,0.1847,-0.9981,0.0,0.0,0.072,-1.3521
2026-09-03T17:05:53Z,2026-09-03 17:05:30,SPXW,2026-09-09,C,8275.0,7747.25,0.05,157.0,0.1,321.0,0.47,0.0,25.0,0.1706,0.0017,0.0,-0.0529,0.0674,0.002
2026-09-03T17:05:53Z,2026-09-03 17:05:30,SPXW,2026-09-09,P,8275.0,7747.25,515.9,1.0,533.2,1.0,0.0,0.0,0.0,0.2005,-0.9982,0.0,0.0,0.0671,-1.3564
2026-09-03T17:05:53Z,2026-09-03 17:05:30,SPXW,2026-09-09,C,8300.0,7747.25,0.0,0.0,0.1,359.0,0.05,0.0,64.0,0.1719,0.0016,0.0,-0.0514,0.0631,0.0019
2026-09-03T17:05:53Z,2026-09-03 17:05:30,SPXW,2026-09-09,P,8300.0,7747.25,541.9,1.0,558.7,1.0,0.0,0.0,0.0,0.2389,-0.9984,0.0,0.0,0.0628,-1.3606
2026-09-03T17:05:53Z,2026-09-03 17:05:30,SPXW,2026-09-09,C,8325.0,7747.25,0.0,0.0,0.1,380.0,0.0,0.0,1.0,0.1788,0.0015,0.0,-0.0502,0.0592,0.0018
2026-09-03T17:05:53Z,2026-09-03 17:05:30,SPXW,2026-09-09,P,8325.0,7747.25,565.8,1.0,583.3,1.0,0.0,0.0,0.0,0.219,-0.9984,0.0,0.0,0.059,-1.3648
2026-09-03T17:05:53Z,2026-09-03 17:05:30,SPXW,2026-09-09,C,8400.0,7747.25,0.0,0.0,0.05,133.0,0.05,0.0,135.0,0.189,0.0013,0.0,-0.0467,0.0498,0.0015
2026-09-03T17:05:53Z,2026-09-03 17:05:30,SPXW,2026-09-09,P,8400.0,7747.25,640.8,1.0,658.1,1.0,0.0,0.0,0.0,0.24,-0.9987,0.0,0.0,0.0496,-1.3774
2026-09-03T17:05:53Z,2026-09-03 17:05:30,SPXW,2026-09-09,C,8500.0,7747.25,0.0,0.0,0.1,789.0,0.03,0.0,1501.0,0.2261,0.001,0.0,-0.0428,0.0406,0.0012
2026-09-03T17:05:53Z,2026-09-03 17:05:30,SPXW,2026-09-09,P,8500.0,7747.25,740.7,1.0,758.1,1.0,0.0,0.0,0.0,0.2728,-0.9989,0.0,0.0,0.0404,-1.3941
2026-09-03T17:05:53Z,2026-09-03 17:05:30,SPXW,2026-09-10,C,6975.0,7747.25,765.5,1.0,783.8,1.0,775.47,0.0,5.0,0.0,0.9959,0.0,0.0,0.1411,1.33
2026-09-03T17:05:53Z,2026-09-03 17:05:30,SPXW,2026-09-10,P,6975.0,7747.25,0.3,403.0,0.4,234.0,0.7,0.0,126.0,0.2847,-0.0041,0.0,-0.2006,0.1411,-0.0059
2026-09-03T17:05:53Z,2026-09-03 17:05:30,SPXW,2026-09-10,C,7000.0,7747.25,740.6,1.0,758.9,1.0,655.82,0.0,15.0,0.0,0.9956,0.0,0.0,0.1502,1.3344
2026-09-03T17:05:53Z,2026-09-03 17:05:30,SPXW,2026-09-10,P,7000.0,7747.25,0.35,277.0,0.45,407.0,0.4,6.0,351.0,0.2799,-0.0044,0.0,-0.2088,0.1502,-0.0063
2026-09-03T17:05:53Z,2026-09-03 17:05:30,SPXW,2026-09-10,C,7025.0,7747.25,716.1,1.0,733.9,1.0,630.55,0.0,15.0,0.2351,0.9953,0.0,0.0,0.1603,1.3387
2026-09-03T17:05:53Z,2026-09-03 17:05:30,SPXW,2026-09-10,P,7025.0,7747.25,0.35,389.0,0.45,307.0,0.75,0.0,593.0,0.271,-0.0047,0.0,-0.2176,0.1602,-0.0067
2026-09-03T17:05:53Z,2026-09-03 17:05:30,SPXW,2026-09-10,C,7050.0,7747.25,690.5,1.0,708.9,1.0,655.57,0.0,9.0,0.0,0.9949,0.0,0.0,0.1713,1.343
2026-09-03T17:05:53Z,2026-09-03 17:05:30,SPXW,2026-09-10,P,7050.0,7747.25,0.4,223.0,0.5,459.0,0.6,4.0,195.0,0.2656,-0.005,0.0,-0.2269,0.1712,-0.0072
2026-09-03T17:05:53Z,2026-09-03 17:05:30,SPXW,2026-09-10,C,7075.0,7747.25,665.8,1.0,684.0,1.0,0.0,0.0,0.0,0.0,0.9945,0.0001,0.0,0.1833,1.3472
2026-09-03T17:05:53Z,2026-09-03 17:05:30,SPXW,2026-09-10,P,7075.0,7747.25,0.4,424.0,0.5,271.0,0.85,0.0,92.0,0.2567,-0.0054,0.0001,-0.2369,0.1833,-0.0078
2026-09-03T17:05:53Z,2026-09-03 17:05:30,SPXW,2026-09-10,C,7100.0,7747.25,641.2,1.0,659.0,1.0,606.5,0.0,10.0,0.2183,0.9941,0.0001,0.0,0.1965,1.3513
2026-09-03T17:05:53Z,2026-09-03 17:05:30,SPXW,2026-09-10,P,7100.0,7747.25,0.45,336.0,0.55,389.0,0.5,41.0,933.0,0.2507,-0.0058,0.0001,-0.2476,0.1964,-0.0084
2026-09-03T17:05:53Z,2026-09-03 17:05:30,SPXW,2026-09-10,C,7125.0,7747.25,615.6,1.0,634.1,1.0,0.0,0.0,0.0,0.0,0.9936,0.0001,0.0,0.2109,1.3554
2026-09-03T17:05:53Z,2026-09-03 17:05:30,SPXW,2026-09-10,P,7125.0,7747.25,0.45,594.0,0.55,191.0,0.6,29.0,170.0,0.2417,-0.0063,0.0001,-0.2593,0.2109,-0.0092
2026-09-03T17:05:53Z,2026-09-03 17:05:30,SPXW,2026-09-10,C,7150.0,7747.25,590.7,1.0,609.1,1.0,0.0,0.0,0.0,0.0,0.9931,0.0001,0.0,0.2271,1.3594
2026-09-03T17:05:53Z,2026-09-03 17:05:30,SPXW,2026-09-10,P,7150.0,7747.25,0.5,342.0,0.6,374.0,0.6,66.0,853.0,0.2353,-0.0069,0.0001,-0.2719,0.227,-0.0099
2026-09-03T17:05:53Z,2026-09-03 17:05:30,SPXW,2026-09-10,C,7170.0,7747.25,571.5,1.0,589.2,1.0,0.0,0.0,0.0,0.2145,0.9926,0.0001,-0.0125,0.2414,1.3626
2026-09-03T17:05:53Z,2026-09-03 17:05:30,SPXW,2026-09-10,P,7170.0,7747.25,0.55,281.0,0.65,289.0,0.82,8.0,8.0,0.2304,-0.0074,0.0001,-0.283,0.2414,-0.0106
2026-09-03T17:05:53Z,2026-09-03 17:05:30,SPXW,2026-09-10,C,7175.0,7747.25,566.1,1.0,584.2,1.0,522.01,0.0,10.0,0.1924,0.9925,0.0001,-0.0177,0.2453,1.3633
2026-09-03T17:05:53Z,2026-09-03 17:05:30,SPXW,2026-09-10,P,7175.0,7747.25,0.55,299.0,0.65,377.0,0.78,4.0,285.0,0.2286,-0.0075,0.0001,-0.2858,0.2452,-0.0108
2026-09-03T17:05:53Z,2026-09-03 17:05:30,SPXW,2026-09-10,C,7180.0,7747.25,560.8,1.0,579.2,1.0,0.0,0.0,0.0,0.0,0.9923,0.0001,-0.023,0.2492,1.3641
2026-09-03T17:05:53Z,2026-09-03 17:05:30,SPXW,2026-09-10,P,7180.0,7747.25,0.55,312.0,0.65,284.0,0.65,137.0,4.0,0.2267,-0.0076,0.0001,-0.2888,0.2492,-0.011
2026-09-03T17:05:53Z,2026-09-03 17:05:30,SPXW,2026-09-10,C,7190.0,7747.25,551.3,1.0,569.2,1.0,0.0,0.0,0.0,0.1981,0.9921,0.0001,-0.0337,0.2574,1.3656
2026-09-03T17:05:53Z,2026-09-03 17:05:30,SPXW,2026-09-10,P,7190.0,7747.25,0.55,327.0,0.65,170.0,1.25,0.0,2.0,0.2231,-0.0079,0.0001,-0.2949,0.2573,-0.0114
2026-09-03T17:05:53Z,2026-09-03 17:05:30,SPXW,2026-09-10,C,7200.0,7747.25,541.4,1.0,559.3,1.0,483.02,0.0,12.0,0.2024,0.9918,0.0001,-0.0447,0.2659,1.3671
2026-09-03T17:05:53Z,2026-09-03 17:05:30,SPXW,2026-09-10,P,7200.0,7747.25,0.6,278.0,0.7,370.0,0.69,68.0,310.0,0.2215,-0.0082,0.0001,-0.3013,0.266,-0.0118
2026-09-03T17:05:53Z,2026-09-03 17:05:30,SPXW,2026-09-10,C,7210.0,7747.25,530.9,1.0,549.3,1.0,0.0,0.0,0.0,0.164,0.9915,0.0001,-0.056,0.2749,1.3686
2026-09-03T17:05:53Z,2026-09-03 17:05:30,SPXW,2026-09-10,P,7210.0,7747.25,0.6,311.0,0.7,257.0,1.3,0.0,3.0,0.2178,-0.0085,0.0001,-0.308,0.275,-0.0123
2026-09-03T17:05:53Z,2026-09-03 17:05:30,SPXW,2026-09-10,C,7220.0,7747.25,521.9,1.0,539.3,1.0,0.0,0.0,0.0,0.2088,0.9911,0.0001,-0.0676,0.2844,1.37
2026-09-03T17:05:53Z,2026-09-03 17:05:30,SPXW,2026-09-10,P,7220.0,7747.25,0.6,324.0,0.7,188.0,1.35,0.0,3.0,0.2142,-0.0088,0.0001,-0.3148,0.2844,-0.0127
2026-09-03T17:05:53Z,2026-09-03 17:05:30,SPXW,2026-09-10,C,7225.0,7747.25,516.2,1.0,534.3,1.0,0.0,0.0,0.0,0.1836,0.991,0.0001,-0.0736,0.2893,1.3707
2026-09-03T17:05:53Z,2026-09-03 17:05:30,SPXW,2026-09-10,P,7225.0,7747.25,0.65,231.0,0.75,384.0,0.93,5.0,1293.0,0.2143,-0.009,0.0001,-0.3184,0.2893,-0.013
2026-09-03T17:05:53Z,2026-09-03 17:05:30,SPXW,2026-09-10,C,7230.0,7747.25,511.6,1.0,529.3,1.0,0.0,0.0,0.0,0.1969,0.9908,0.0001,-0.0796,0.2944,1.3714
2026-09-03T17:05:53Z,2026-09-03 17:05:30,SPXW,2026-09-10,P,7230.0,7747.25,0.65,290.0,0.75,279.0,1.4,0.0,1.0,0.2124,-0.0092,0.0001,-0.3221,0.2943,-0.0133
2026-09-03T17:05:53Z,2026-09-03 17:05:30,SPXW,2026-09-10,C,7240.0,7747.25,500.8,1.0,519.4,1.0,0.0,0.0,0.0,0.1416,0.9904,0.0001,-0.0919,0.3048,1.3728
2026-09-03T17:05:53Z,2026-09-03 17:05:30,SPXW,2026-09-10,P,7240.0,7747.25,0.65,314.0,0.75,225.0,1.45,0.0,2.0,0.2086,-0.0095,0.0001,-0.3299,0.305,-0.0138
2026-09-03T17:05:53Z,2026-09-03 17:05:30,SPXW,2026-09-10,C,7250.0,7747.25,491.6,1.0,509.4,1.0,433.15,0.0,10.0,0.1918,0.99,0.0001,-0.1047,0.3159,1.3741
2026-09-03T17:05:53Z,2026-09-03 17:05:30,SPXW,2026-09-10,P,7250.0,7747.25,0.7,241.0,0.8,341.0,0.75,28.0,298.0,0.2067,-0.0099,0.0001,-0.338,0.316,-0.0144
2026-09-03T17:05:53Z,2026-09-03 17:05:30,SPXW,2026-09-10,C,7260.0,7747.25,480.7,1.0,499.4,1.0,0.0,0.0,0.0,0.0,0.9896,0.0001,-0.1179,0.3276,1.3754
2026-09-03T17:05:53Z,2026-09-03 17:05:30,SPXW,2026-09-10,P,7260.0,7747.25,0.7,282.0,0.8,220.0,1.6,0.0,11.0,0.2029,-0.0104,0.0001,-0.3466,0.3277,-0.015
2026-09-03T17:05:53Z,2026-09-03 17:05:30,SPXW,2026-09-10,C,7270.0,7747.25,471.2,1.0,489.5,1.0,0.0,0.0,0.0,0.1742,0.9892,0.0001,-0.1316,0.34,1.3767
2026-09-03T17:05:53Z,2026-09-03 17:05:30,SPXW,2026-09-10,P,7270.0,7747.25,0.75,179.0,0.85,331.0,1.7,0.0,22.0,0.2008,-0.0108,0.0001,-0.3556,0.3401,-0.0157
2026-09-03T17:05:53Z,2026-09-03 17:05:30,SPXW,2026-09-10,C,7275.0,7747.25,466.7,1.0,484.5,1.0,517.55,0.0,5.0,0.1868,0.9889,0.0001,-0.1386,0.3465,1.3773
2026-09-03T17:05:53Z,2026-09-03 17:05:30,SPXW,2026-09-10,P,7275.0,7747.25,0.75,256.0,0.85,404.0,0.98,17.0,129.0,0.199,-0.011,0.0001,-0.3604,0.3466,-0.016
2026-09-03T17:05:53Z,2026-09-03 17:05:30,SPXW,2026-09-10,C,7280.0,7747.25,460.7,1.0,479.5,1.0,0.0,0.0,0.0,0.0,0.9887,0.0001,-0.1458,0.3532,1.3779
2026-09-03T17:05:53Z,2026-09-03 17:05:30,SPXW,2026-09-10,P,7280.0,7747.25,0.75,279.0,0.85,215.0,0.8,37.0,36.0,0.1971,-0.0113,0.0001,-0.3652,0.3533,-0.0164
2026-09-03T17:05:53Z,2026-09-03 17:05:30,SPXW,2026-09-10,C,7290.0,7747.25,451.5,1.0,469.5,1.0,0.0,0.0,0.0,0.1759,0.9882,0.0001,-0.1606,0.3673,1.3791
2026-09-03T17:05:53Z,2026-09-03 17:05:30,SPXW,2026-09-10,P,7290.0,7747.25,0.8,241.0,0.9,248.0,1.85,0.0,42.0,0.1948,-0.0118,0.0001,-0.3754,0.3675,-0.0171
2026-09-03T17:05:53Z,2026-09-03 17:05:30,SPXW,2026-09-10,C,7300.0,7747.25,441.5,1.0,459.6,1.0,376.38,0.0,6.0,0.1745,0.9876,0.0001,-0.1761,0.3824,1.3802
2026-09-03T17:05:53Z,2026-09-03 17:05:30,SPXW,2026-09-10,P,7300.0,7747.25,0.8,373.0,0.9,151.0,0.88,73.0,685.0,0.191,-0.0124,0.0001,-0.3862,0.3826,-0.0179
2026-09-03T17:05:53Z,2026-09-03 17:05:30,SPXW,2026-09-10,C,7310.0,7747.25,431.6,1.0,449.6,1.0,0.0,0.0,0.0,0.173,0.987,0.0002,-0.1922,0.3986,1.3812
2026-09-03T17:05:53Z,2026-09-03 17:05:30,SPXW,2026-09-10,P,7310.0,7747.25,0.85,280.0,0.95,237.0,0.95,23.0,3094.0,0.1887,-0.013,0.0002,-0.3977,0.3988,-0.0188
2026-09-03T17:05:53Z,2026-09-03 17:05:30,SPXW,2026-09-10,C,7320.0,7747.25,421.6,1.0,439.6,1.0,0.0,0.0,0.0,0.169,0.9864,0.0002,-0.2092,0.4158,1.3822
2026-09-03T17:05:53Z,2026-09-03 17:05:30,SPXW,2026-09-10,P,7320.0,7747.25,0.85,292.0,1.0,314.0,1.05,72.0,169.0,0.1855,-0.0136,0.0002,-0.41,0.416,-0.0197
2026-09-03T17:05:53Z,2026-09-03 17:05:30,SPXW,2026-09-10,C,7325.0,7747.25,416.4,1.0,434.7,1.0,419.23,1.0,1.0,0.1647,0.986,0.0002,-0.218,0.4249,1.3827
2026-09-03T17:05:53Z,2026-09-03 17:05:30,SPXW,2026-09-10,P,7325.0,7747.25,0.9,267.0,1.0,304.0,0.95,12.0,513.0,0.1843,-0.0139,0.0002,-0.4164,0.4251,-0.0202
2026-09-03T17:05:53Z,2026-09-03 17:05:30,SPXW,2026-09-10,C,7330.0,7747.25,412.0,1.0,428.8,1.0,348.73,0.0,1.0,0.154,0.9857,0.0002,-0.227,0.4343,1.3831
2026-09-03T17:05:53Z,2026-09-03 17:05:30,SPXW,2026-09-10,P,7330.0,7747.25,0.9,269.0,1.0,148.0,1.05,150.0,30.0,0.1823,-0.0143,0.0002,-0.4231,0.4345,-0.0208
2026-09-03T17:05:53Z,2026-09-03 17:05:30,SPXW,2026-09-10,C,7335.0,7747.25,407.0,1.0,424.7,1.0,0.0,0.0,0.0,0.1726,0.9853,0.0002,-0.2362,0.444,1.3835
2026-09-03T17:05:53Z,2026-09-03 17:05:30,SPXW,2026-09-10,P,7335.0,7747.25,0.95,234.0,1.05,231.0,2.55,0.0,10.0,0.1817,-0.0147,0.0002,-0.43,0.4442,-0.0213
2026-09-03T17:05:53Z,2026-09-03 17:05:30,SPXW,2026-09-10,C,7340.0,7747.25,402.1,1.0,419.7,1.0,308.7,0.0,30.0,0.1722,0.9849,0.0002,-0.2457,0.454,1.3839
2026-09-03T17:05:53Z,2026-09-03 17:05:30,SPXW,2026-09-10,P,7340.0,7747.25,0.95,257.0,1.05,186.0,1.07,6.0,31.0,0.1797,-0.015,0.0002,-0.4372,0.4542,-0.0219
2026-09-03T17:05:53Z,2026-09-03 17:05:30,SPXW,2026-09-10,C,7345.0,7747.25,395.9,1.0,414.8,1.0,0.0,0.0,0.0,0.1442,0.9845,0.0002,-0.2554,0.4644,1.3842
2026-09-03T17:05:53Z,2026-09-03 17:05:30,SPXW,2026-09-10,P,7345.0,7747.25,0.95,388.0,1.1,300.0,1.2,60.0,4.0,0.1784,-0.0154,0.0002,-0.4446,0.4646,-0.0225
2026-09-03T17:05:53Z,2026-09-03 17:05:30,SPXW,2026-09-10,C,7350.0,7747.25,392.5,1.0,409.8,1.0,322.78,0.0,1.0,0.1751,0.9841,0.0002,-0.2655,0.4751,1.3846
2026-09-03T17:05:53Z,2026-09-03 17:05:30,SPXW,2026-09-10,P,7350.0,7747.25,1.0,251.0,1.1,346.0,1.08,34.0,196.0,0.1771,-0.0159,0.0002,-0.4523,0.4753,-0.0231
2026-09-03T17:05:53Z,2026-09-03 17:05:30,SPXW,2026-09-10,C,7355.0,7747.25,387.3,1.0,404.8,1.0,0.0,0.0,0.0,0.1704,0.9836,0.0002,-0.2758,0.4862,1.3849
2026-09-03T17:05:53Z,2026-09-03 17:05:30,SPXW,2026-09-10,P,7355.0,7747.25,1.0,271.0,1.15,221.0,1.25,6.0,1.0,0.1757,-0.0163,0.0002,-0.4603,0.4865,-0.0238
2026-09-03T17:05:53Z,2026-09-03 17:05:30,SPXW,2026-09-10,C,7360.0,7747.25,380.9,1.0,399.8,1.0,0.0,0.0,0.0,0.1382,0.9832,0.0002,-0.2864,0.4977,1.3852
2026-09-03T17:05:53Z,2026-09-03 17:05:30,SPXW,2026-09-10,P,7360.0,7747.25,1.05,248.0,1.15,212.0,1.18,8.0,15.0,0.1743,-0.0168,0.0002,-0.4686,0.498,-0.0244
2026-09-03T17:05:53Z,2026-09-03 17:05:30,SPXW,2026-09-10,C,7365.0,7747.25,377.2,1.0,394.9,1.0,0.0,0.0,0.0,0.1664,0.9827,0.0002,-0.2974,0.5097,1.3854
2026-09-03T17:05:53Z,2026-09-03 17:05:30,SPXW,2026-09-10,P,7365.0,7747.25,1.05,272.0,1.2,294.0,1.35,21.0,2.0,0.1729,-0.0173,0.0002,-0.4773,0.51,-0.0251
2026-09-03T17:05:53Z,2026-09-03 17:05:30,SPXW,2026-09-10,C,7370.0,7747.25,371.9,1.0,389.9,1.0,0.0,0.0,0.0,0.1601,0.9822,0.0002,-0.3087,0.5222,1.3856
2026-09-03T17:05:53Z,2026-09-03 17:05:30,SPXW,2026-09-10,P,7370.0,7747.25,1.1,265.0,1.2,214.0,1.24,28.0,115.0,0.1714,-0.0177,0.0002,-0.4862,0.5225,-0.0258
2026-09-03T17:05:53Z,2026-09-03 17:05:30,SPXW,2026-09-10,C,7375.0,7747.25,367.0,1.0,384.9,1.0,298.36,0.0,1.0,0.1596,0.9817,0.0002,-0.3203,0.5352,1.3858
2026-09-03T17:05:53Z,2026-09-03 17:05:30,SPXW,2026-09-10,P,7375.0,7747.25,1.15,94.0,1.25,394.0,1.25,55.0,840.0,0.1705,-0.0183,0.0002,-0.4955,0.5355,-0.0266
2026-09-03T17:05:53Z,2026-09-03 17:05:30,SPXW,2026-09-10,C,7380.0,7747.25,361.7,1.0,380.0,1.0,265.13,0.0,3.0,0.1546,0.9811,0.0002,-0.3323,0.5488,1.386
2026-09-03T17:05:53Z,2026-09-03 17:05:30,SPXW,2026-09-10,P,7380.0,7747.25,1.15,254.0,1.25,162.0,1.2,46.0,336.0,0.1685,-0.0188,0.0002,-0.5052,0.5491,-0.0274
2026-09-03T17:05:53Z,2026-09-03 17:05:30,SPXW,2026-09-10,C,7385.0,7747.25,356.8,1.0,375.0,1.0,0.0,0.0,0.0,0.1541,0.9806,0.0003,-0.3447,0.5629,1.3861
2026-09-03T17:05:53Z,2026-09-03 17:05:30,SPXW,2026-09-10,P,7385.0,7747.25,1.2,243.0,1.3,231.0,3.3,0.0,67.0,0.1675,-0.0194,0.0003,-0.5152,0.5632,-0.0282
2026-09-03T17:05:53Z,2026-09-03 17:05:30,SPXW,2026-09-10,C,7390.0,7747.25,352.1,1.0,370.0,1.0,0.0,0.0,0.0,0.1562,0.98,0.0003,-0.3574,0.5776,1.3862
2026-09-03T17:05:53Z,2026-09-03 17:05:30,SPXW,2026-09-10,P,7390.0,7747.25,1.2,270.0,1.3,71.0,1.35,12.0,100.0,0.166,-0.02,0.0003,-0.5257,0.5779,-0.0291
2026-09-03T17:05:53Z,2026-09-03 17:05:30,SPXW,2026-09-10,C,7395.0,7747.25,347.5,1.0,365.1,1.0,0.0,0.0,0.0,0.1601,0.9793,0.0003,-0.3706,0.5929,1.3863
2026-09-03T17:05:53Z,2026-09-03 17:05:30,SPXW,2026-09-10,P,7395.0,7747.25,1.25,249.0,1.35,146.0,1.4,46.0,147.0,0.1645,-0.0206,0.0003,-0.5366,0.5932,-0.03
2026-09-03T17:05:53Z,2026-09-03 17:05:30,SPXW,2026-09-10,C,7400.0,7747.25,342.2,1.0,360.1,1.0,298.63,0.0,4.0,0.1546,0.9787,0.0003,-0.3842,0.6088,1.3863
2026-09-03T17:05:53Z,2026-09-03 17:05:30,SPXW,2026-09-10,P,7400.0,7747.25,1.3,245.0,1.4,218.0,1.45,149.0,326.0,0.1634,-0.0213,0.0003,-0.5479,0.6092,-0.031
2026-09-03T17:05:53Z,2026-09-03 17:05:30,SPXW,2026-09-10,C,7405.0,7747.25,337.9,1.0,355.2,1.0,0.0,0.0,0.0,0.1609,0.978,0.0003,-0.3983,0.6253,1.3862
2026-09-03T17:05:53Z,2026-09-03 17:05:30,SPXW,2026-09-10,P,7405.0,7747.25,1.35,73.0,1.45,279.0,1.45,41.0,79.0,0.1623,-0.022,0.0003,-0.5596,0.6257,-0.032
2026-09-03T17:05:53Z,2026-09-03 17:05:30,SPXW,2026-09-10,C,7410.0,7747.25,332.3,1.0,350.2,1.0,0.0,0.0,0.0,0.1528,0.9773,0.0003,-0.4129,0.6425,1.3861
2026-09-03T17:05:53Z,2026-09-03 17:05:30,SPXW,2026-09-10,P,7410.0,7747.25,1.35,259.0,1.5,222.0,1.55,58.0,130.0,0.1607,-0.0227,0.0003,-0.5719,0.6429,-0.0331
2026-09-03T17:05:53Z,2026-09-03 17:05:30,SPXW,2026-09-10,C,7415.0,7747.25,327.0,1.0,345.3,1.0,0.0,0.0,0.0,0.1485,0.9765,0.0003,-0.428,0.6603,1.3859
2026-09-03T17:05:53Z,2026-09-03 17:05:30,SPXW,2026-09-10,P,7415.0,7747.25,1.4,245.0,1.5,150.0,1.55,27.0,68.0,0.1591,-0.0235,0.0003,-0.5847,0.6607,-0.0342
2026-09-03T17:05:53Z,2026-09-03 17:05:30,SPXW,2026-09-10,C,7420.0,7747.25,322.4,1.0,340.3,1.0,315.71,0.0,1.0,0.1508,0.9757,0.0003,-0.4436,0.6788,1.3857
2026-09-03T17:05:53Z,2026-09-03 17:05:30,SPXW,2026-09-10,P,7420.0,7747.25,1.45,240.0,1.55,108.0,1.55,34.0,1262.0,0.1579,-0.0243,0.0003,-0.598,0.6792,-0.0354
2026-09-03T17:05:53Z,2026-09-03 17:05:30,SPXW,2026-09-10,C,7425.0,7747.25,317.1,1.0,335.4,1.0,296.08,4.0,5.0,0.1466,0.9748,0.0003,-0.4598,0.698,1.3854
2026-09-03T17:05:53Z,2026-09-03 17:05:30,SPXW,2026-09-10,P,7425.0,7747.25,1.5,236.0,1.6,130.0,1.57,68.0,1416.0,0.1566,-0.0251,0.0003,-0.6119,0.6985,-0.0367
2026-09-03T17:05:53Z,2026-09-03 17:05:30,SPXW,2026-09-10,C,7430.0,7747.25,312.5,1.0,330.4,1.0,0.0,0.0,0.0,0.1485,0.974,0.0004,-0.4766,0.718,1.385
2026-09-03T17:05:53Z,2026-09-03 17:05:30,SPXW,2026-09-10,P,7430.0,7747.25,1.55,283.0,1.65,126.0,1.6,38.0,93.0,0.1553,-0.026,0.0004,-0.6263,0.7185,-0.038
2026-09-03T17:05:53Z,2026-09-03 17:05:30,SPXW,2026-09-10,C,7435.0,7747.25,307.5,1.0,325.5,1.0,290.3,4.0,0.0,0.1474,0.973,0.0004,-0.494,0.739,1.3846
2026-09-03T17:05:53Z,2026-09-03 17:05:30,SPXW,2026-09-10,P,7435.0,7747.25,1.6,294.0,1.7,110.0,2.81,23.0,69.0,0.1541,-0.0269,0.0004,-0.641,0.739,-0.0393
2026-09-03T17:05:53Z,2026-09-03 17:05:30,SPXW,2026-09-10,C,7440.0,7747.25,303.2,1.0,320.5,1.0,290.74,5.0,31.0,0.1511,0.972,0.0004,-0.512,0.7608,1.3841
2026-09-03T17:05:53Z,2026-09-03 17:05:30,SPXW,2026-09-10,P,7440.0,7747.25,1.65,299.0,1.75,144.0,2.22,30.0,122.0,0.1527,-0.0279,0.0004,-0.6567,0.7608,-0.0408
2026-09-03T17:05:53Z,2026-09-03 17:05:30,SPXW,2026-09-10,C,7445.0,7747.25,298.0,1.0,315.6,1.0,0.0,0.0,0.0,0.1482,0.971,0.0004,-0.5307,0.7837,1.3836
2026-09-03T17:05:53Z,2026-09-03 17:05:30,SPXW,2026-09-10,P,7445.0,7747.25,1.7,290.0,1.85,159.0,2.23,27.0,54.0,0.1517,-0.0289,0.0004,-0.6731,0.7837,-0.0423
2026-09-03T17:05:53Z,2026-09-03 17:05:30,SPXW,2026-09-10,C,7450.0,7747.25,293.4,1.0,310.7,1.0,298.42,15.0,23.0,0.1497,0.9699,0.0004,-0.5501,0.8076,1.383
2026-09-03T17:05:53Z,2026-09-03 17:05:30,SPXW,2026-09-10,P,7450.0,7747.25,1.8,36.0,1.9,205.0,1.84,200.0,267.0,0.1507,-0.03,0.0004,-0.6901,0.8076,-0.0438
2026-09-03T17:05:53Z,2026-09-03 17:05:30,SPXW,2026-09-10,C,7455.0,7747.25,288.4,1.0,305.8,1.0,0.0,0.0,0.0,0.1482,0.9688,0.0004,-0.5702,0.8326,1.3822
2026-09-03T17:05:53Z,2026-09-03 17:05:30,SPXW,2026-09-10,P,7455.0,7747.25,1.85,207.0,1.95,112.0,2.49,83.0,108.0,0.1492,-0.0312,0.0004,-0.7079,0.8326,-0.0455
2026-09-03T17:05:53Z,2026-09-03 17:05:30,SPXW,2026-09-10,C,7460.0,7747.25,282.9,1.0,300.8,1.0,234.05,0.0,52.0,0.1425,0.9676,0.0004,-0.591,0.8586,1.3814
2026-09-03T17:05:53Z,2026-09-03 17:05:30,SPXW,2026-09-10,P,7460.0,7747.25,1.9,270.0,2.05,169.0,1.99,39.0,93.0,0.148,-0.0324,0.0004,-0.7264,0.8586,-0.0473
2026-09-03T17:05:53Z,2026-09-03 17:05:30,SPXW,2026-09-10,C,7465.0,7747.25,278.6,1.0,295.9,1.0,0.0,0.0,0.0,0.1458,0.9663,0.0005,-0.6126,0.8856,1.3805
2026-09-03T17:05:53Z,2026-09-03 17:05:30,SPXW,2026-09-10,P,7465.0,7747.25,2.0,134.0,2.1,199.0,2.5,84.0,69.0,0.1468,-0.0336,0.0005,-0.7457,0.8856,-0.0492
2026-09-03T17:05:53Z,2026-09-03 17:05:30,SPXW,2026-09-10,C,7470.0,7747.25,272.6,1.0,291.0,1.0,0.0,0.0,0.0,0.1374,0.965,0.0005,-0.635,0.9138,1.3794
2026-09-03T17:05:53Z,2026-09-03 17:05:30,SPXW,2026-09-10,P,7470.0,7747.25,2.05,204.0,2.2,167.0,2.73,58.0,143.0,0.1456,-0.035,0.0005,-0.7658,0.9138,-0.0512
2026-09-03T17:05:53Z,2026-09-03 17:05:30,SPXW,2026-09-10,C,7475.0,7747.25,267.8,1.0,286.1,1.0,273.77,15.0,30.0,0.1374,0.9636,0.0005,-0.6583,0.9429,1.3783
2026-09-03T17:05:53Z,2026-09-03 17:05:30,SPXW,2026-09-10,P,7475.0,7747.25,2.15,139.0,2.25,122.0,2.28,197.0,374.0,0.1443,-0.0364,0.0005,-0.7867,0.9429,-0.0533
2026-09-03T17:05:53Z,2026-09-03 17:05:30,SPXW,2026-09-10,C,7480.0,7747.25,263.6,1.0,281.2,1.0,193.84,0.0,2.0,0.141,0.9621,0.0005,-0.6825,0.9733,1.377
2026-09-03T17:05:53Z,2026-09-03 17:05:30,SPXW,2026-09-10,P,7480.0,7747.25,2.2,162.0,2.35,193.0,2.55,97.0,206.0,0.1433,-0.0379,0.0005,-0.8086,0.9733,-0.0555
2026-09-03T17:05:53Z,2026-09-03 17:05:30,SPXW,2026-09-10,C,7485.0,7747.25,258.7,1.0,276.3,1.0,0.0,0.0,0.0,0.14,0.9605,0.0006,-0.7076,1.0049,1.3756
2026-09-03T17:05:53Z,2026-09-03 17:05:30,SPXW,2026-09-10,P,7485.0,7747.25,2.3,160.0,2.45,190.0,2.45,143.0,115.0,0.1419,-0.0395,0.0006,-0.8313,1.0049,-0.0579
2026-09-03T17:05:53Z,2026-09-03 17:05:30,SPXW,2026-09-10,C,7490.0,7747.25,254.0,1.0,271.4,1.0,261.26,0.0,1.0,0.14,0.9588,0.0006,-0.7336,1.038,1.3741
2026-09-03T17:05:53Z,2026-09-03 17:05:30,SPXW,2026-09-10,P,7490.0,7747.25,2.4,145.0,2.55,189.0,2.55,99.0,130.0,0.1408,-0.0411,0.0006,-0.855,1.038,-0.0603
2026-09-03T17:05:53Z,2026-09-03 17:05:30,SPXW,2026-09-10,C,7495.0,7747.25,248.3,1.0,266.5,1.0,0.0,0.0,0.0,0.1343,0.9571,0.0006,-0.7606,1.0725,1.3725
2026-09-03T17:05:53Z,2026-09-03 17:05:30,SPXW,2026-09-10,P,7495.0,7747.25,2.5,132.0,2.65,171.0,2.63,29.0,17.0,0.1396,-0.0429,0.0006,-0.8797,1.0725,-0.0629
2026-09-03T17:05:53Z,2026-09-03 17:05:30,SPXW,2026-09-10,C,7500.0,7747.25,243.3,1.0,260.9,2.0,234.39,4.0,72.0,0.1285,0.9552,0.0006,-0.7886,1.1087,1.3708
2026-09-03T17:05:53Z,2026-09-03 17:05:30,SPXW,2026-09-10,P,7500.0,7747.25,2.6,252.0,2.75,163.0,2.75,469.0,548.0,0.1383,-0.0447,0.0006,-0.9054,1.1087,-0.0656
2026-09-03T17:05:53Z,2026-09-03 17:05:30,SPXW,2026-09-10,C,7505.0,7747.25,239.3,1.0,256.7,1.0,0.0,0.0,0.0,0.1362,0.9532,0.0006,-0.8176,1.1464,1.3689
2026-09-03T17:05:53Z,2026-09-03 17:05:30,SPXW,2026-09-10,P,7505.0,7747.25,2.75,101.0,2.85,160.0,2.8,149.0,51.0,0.1373,-0.0467,0.0006,-0.9321,1.1464,-0.0685
2026-09-03T17:05:53Z,2026-09-03 17:05:30,SPXW,2026-09-10,C,7510.0,7747.25,234.5,1.0,251.9,1.0,0.0,0.0,0.0,0.1358,0.9512,0.0007,-0.8478,1.1857,1.3668
2026-09-03T17:05:53Z,2026-09-03 17:05:30,SPXW,2026-09-10,P,7510.0,7747.25,2.85,128.0,3.0,128.0,2.9,229.0,122.0,0.1361,-0.0488,0.0007,-0.9598,1.1857,-0.0715
2026-09-03T17:05:53Z,2026-09-03 17:05:30,SPXW,2026-09-10,C,7515.0,7747.25,229.0,1.0,247.0,1.0,138.61,0.0,5.0,0.1315,0.949,0.0007,-0.879,1.2264,1.3644
2026-09-03T17:05:53Z,2026-09-03 17:05:30,SPXW,2026-09-10,P,7515.0,7747.25,3.0,48.0,3.1,103.0,3.05,84.0,69.0,0.135,-0.051,0.0007,-0.9887,1.2264,-0.0748
2026-09-03T17:05:53Z,2026-09-03 17:05:30,SPXW,2026-09-10,C,7520.0,7747.25,224.8,1.0,242.2,1.0,227.7,1.0,53.0,0.1337,0.9467,0.0007,-0.9113,1.2686,1.3619
2026-09-03T17:05:53Z,2026-09-03 17:05:30,SPXW,2026-09-10,P,7520.0,7747.25,3.1,136.0,3.3,107.0,3.16,119.0,98.0,0.134,-0.0533,0.0007,-1.0187,1.2686,-0.0783
2026-09-03T17:05:53Z,2026-09-03 17:05:30,SPXW,2026-09-10,C,7525.0,7747.25,219.0,1.0,237.3,1.0,212.77,5.0,11.0,0.1282,0.9442,0.0008,-0.9448,1.3123,1.3592
2026-09-03T17:05:53Z,2026-09-03 17:05:30,SPXW,2026-09-10,P,7525.0,7747.25,3.2,300.0,3.4,151.0,3.52,123.0,215.0,0.1329,-0.0557,0.0008,-1.0499,1.3123,-0.082
2026-09-03T17:05:53Z,2026-09-03 17:05:30,SPXW,2026-09-10,C,7530.0,7747.25,214.4,1.0,232.5,1.0,194.68,4.0,2.0,0.1285,0.9416,0.0008,-0.9796,1.3577,1.3563
2026-09-03T17:05:53Z,2026-09-03 17:05:30,SPXW,2026-09-10,P,7530.0,7747.25,3.4,150.0,3.6,217.0,3.9,80.0,85.0,0.1317,-0.0583,0.0008,-1.0823,1.3577,-0.0858
2026-09-03T17:05:53Z,2026-09-03 17:05:30,SPXW,2026-09-10,C,7535.0,7747.25,208.8,1.0,227.7,1.0,207.0,0.0,3.0,0.1244,0.9389,0.0008,-1.0156,1.4051,1.3533
2026-09-03T17:05:53Z,2026-09-03 17:05:30,SPXW,2026-09-10,P,7535.0,7747.25,3.6,88.0,3.7,107.0,3.8,265.0,54.0,0.1309,-0.061,0.0008,-1.116,1.4051,-0.0898
2026-09-03T17:05:53Z,2026-09-03 17:05:30,SPXW,2026-09-10,C,7540.0,7747.25,208.2,1.0,221.9,1.0,224.12,0.0,40.0,0.1357,0.936,0.0009,-1.0528,1.4546,1.35
2026-09-03T17:05:53Z,2026-09-03 17:05:30,SPXW,2026-09-10,P,7540.0,7747.25,3.7,160.0,3.9,167.0,3.9,225.0,188.0,0.1292,-0.0639,0.0009,-1.1509,1.4546,-0.0941
2026-09-03T17:05:53Z,2026-09-03 17:05:30,SPXW,2026-09-10,C,7545.0,7747.25,202.9,1.0,216.3,1.0,0.0,0.0,0.0,0.13,0.9329,0.0009,-1.0913,1.5063,1.3464
2026-09-03T17:05:53Z,2026-09-03 17:05:30,SPXW,2026-09-10,P,7545.0,7747.25,3.9,140.0,4.1,187.0,4.03,78.0,68.0,0.1282,-0.067,0.0009,-1.187,1.5063,-0.0986
2026-09-03T17:05:53Z,2026-09-03 17:05:30,SPXW,2026-09-10,C,7550.0,7747.25,198.6,1.0,211.5,1.0,142.25,0.0,16.0,0.1306,0.9297,0.001,-1.131,1.5599,1.3426
2026-09-03T17:05:53Z,2026-09-03 17:05:30,SPXW,2026-09-10,P,7550.0,7747.25,4.1,111.0,4.3,110.0,4.2,412.0,508.0,0.1272,-0.0702,0.001,-1.2245,1.5599,-0.1034
2026-09-03T17:05:53Z,2026-09-03 17:05:30,SPXW,2026-09-10,C,7555.0,7747.25,193.0,2.0,205.5,1.0,118.1,0.0,18.0,0.1226,0.9263,0.001,-1.1721,1.6152,1.3384
2026-09-03T17:05:53Z,2026-09-03 17:05:30,SPXW,2026-09-10,P,7555.0,7747.25,4.3,110.0,4.5,89.0,4.6,85.0,116.0,0.1261,-0.0736,0.001,-1.2632,1.6152,-0.1085
2026-09-03T17:05:53Z,2026-09-03 17:05:30,SPXW,2026-09-10,C,7560.0,7747.25,188.8,2.0,201.7,1.0,150.27,8.0,38.0,0.1267,0.9227,0.0011,-1.2146,1.6722,1.3339
2026-09-03T17:05:53Z,2026-09-03 17:05:30,SPXW,2026-09-10,P,7560.0,7747.25,4.6,43.0,4.7,45.0,4.73,241.0,209.0,0.1252,-0.0773,0.0011,-1.3034,1.6722,-0.114
2026-09-03T17:05:53Z,2026-09-03 17:05:30,SPXW,2026-09-10,C,7565.0,7747.25,184.3,1.0,197.0,1.0,116.62,0.0,24.0,0.1266,0.9188,0.0011,-1.2584,1.731,1.3291
2026-09-03T17:05:53Z,2026-09-03 17:05:30,SPXW,2026-09-10,P,7565.0,7747.25,4.8,89.0,5.0,94.0,5.05,99.0,113.0,0.1242,-0.0811,0.0011,-1.3448,1.731,-0.1197
2026-09-03T17:05:53Z,2026-09-03 17:05:30,SPXW,2026-09-10,C,7570.0,7747.25,179.3,1.0,191.3,1.0,137.05,0.0,2.0,0.1218,0.9148,0.0012,-1.3036,1.7921,1.3241
2026-09-03T17:05:53Z,2026-09-03 17:05:30,SPXW,2026-09-10,P,7570.0,7747.25,5.1,25.0,5.2,75.0,5.17,181.0,149.0,0.1231,-0.0852,0.0012,-1.3877,1.7921,-0.1257
2026-09-03T17:05:53Z,2026-09-03 17:05:30,SPXW,2026-09-10,C,7575.0,7747.25,174.6,2.0,186.6,1.0,108.57,0.0,43.0,0.121,0.9105,0.0012,-1.3501,1.8556,1.3188
2026-09-03T17:05:53Z,2026-09-03 17:05:30,SPXW,2026-09-10,P,7575.0,7747.25,5.3,88.0,5.5,93.0,5.55,137.0,200.0,0.122,-0.0894,0.0012,-1.4319,1.8556,-0.132
2026-09-03T17:05:53Z,2026-09-03 17:05:30,SPXW,2026-09-10,C,7580.0,7747.25,169.9,1.0,181.9,1.0,112.92,0.0,4.0,0.1201,0.906,0.0013,-1.398,1.9217,1.313
2026-09-03T17:05:53Z,2026-09-03 17:05:30,SPXW,2026-09-10,P,7580.0,7747.25,5.6,86.0,5.8,85.0,5.67,212.0,172.0,0.121,-0.094,0.0013,-1.4775,1.9217,-0.1387
2026-09-03T17:05:53Z,2026-09-03 17:05:30,SPXW,2026-09-10,C,7585.0,7747.25,165.3,2.0,178.1,1.0,107.85,0.0,94.0,0.1217,0.9012,0.0013,-1.4472,1.9899,1.3068
2026-09-03T17:05:53Z,2026-09-03 17:05:30,SPXW,2026-09-10,P,7585.0,7747.25,5.9,85.0,6.1,84.0,6.5,77.0,54.0,0.12,-0.0988,0.0013,-1.5244,1.9899,-0.1458
2026-09-03T17:05:53Z,2026-09-03 17:05:30,SPXW,2026-09-10,C,7590.0,7747.25,160.7,1.0,173.5,1.0,124.57,5.0,14.0,0.121,0.8961,0.0014,-1.4978,2.0599,1.3001
2026-09-03T17:05:53Z,2026-09-03 17:05:30,SPXW,2026-09-10,P,7590.0,7747.25,6.2,82.0,6.4,63.0,6.2,141.0,1008.0,0.1189,-0.1038,0.0014,-1.5726,2.0599,-0.1535
2026-09-03T17:05:53Z,2026-09-03 17:05:30,SPXW,2026-09-10,C,7595.0,7747.25,155.8,1.0,168.8,1.0,99.6,0.0,23.0,0.1192,0.8907,0.0015,-1.5497,2.1314,1.293
2026-09-03T17:05:53Z,2026-09-03 17:05:30,SPXW,2026-09-10,P,7595.0,7747.25,6.6,82.0,6.7,26.0,6.85,147.0,67.0,0.1179,-0.1092,0.0015,-1.6221,2.1314,-0.1616
2026-09-03T17:05:53Z,2026-09-03 17:05:30,SPXW,2026-09-10,C,7600.0,7747.25,152.8,8.0,162.5,8.0,154.85,13.0,314.0,0.1181,0.8851,0.0015,-1.6028,2.2048,1.2855
2026-09-03T17:05:53Z,2026-09-03 17:05:30,SPXW,2026-09-10,P,7600.0,7747.25,6.9,77.0,7.1,58.0,7.0,529.0,1844.0,0.1171,-0.1149,0.0015,-1.673,2.2048,-0.17
2026-09-03T17:05:53Z,2026-09-03 17:05:30,SPXW,2026-09-10,C,7605.0,7747.25,146.5,1.0,159.4,1.0,90.7,0.0,39.0,0.1166,0.8791,0.0016,-1.6572,2.2807,1.2776
2026-09-03T17:05:53Z,2026-09-03 17:05:30,SPXW,2026-09-10,P,7605.0,7747.25,7.3,80.0,7.5,57.0,8.27,113.0,71.0,0.1159,-0.1208,0.0016,-1.725,2.2807,-0.1788
2026-09-03T17:05:53Z,2026-09-03 17:05:30,SPXW,2026-09-10,C,7610.0,7747.25,142.4,1.0,155.0,1.0,150.43,1.0,98.0,0.1171,0.8728,0.0017,-1.7127,2.3592,1.2693
2026-09-03T17:05:53Z,2026-09-03 17:05:30,SPXW,2026-09-10,P,7610.0,7747.25,7.8,22.0,7.9,56.0,7.89,144.0,1083.0,0.1151,-0.1272,0.0017,-1.7782,2.3592,-0.1882
2026-09-03T17:05:53Z,2026-09-03 17:05:30,SPXW,2026-09-10,C,7615.0,7747.25,137.9,1.0,150.5,1.0,85.5,0.0,12.0,0.1163,0.8661,0.0017,-1.7693,2.4398,1.2602
2026-09-03T17:05:53Z,2026-09-03 17:05:30,SPXW,2026-09-10,P,7615.0,7747.25,8.2,69.0,8.4,71.0,9.0,179.0,105.0,0.1142,-0.1339,0.0017,-1.8324,2.4398,-0.1982
2026-09-03T17:05:53Z,2026-09-03 17:05:30,SPXW,2026-09-10,C,7620.0,7747.25,133.3,1.0,145.0,2.0,101.09,4.0,38.0,0.1131,0.859,0.0018,-1.8268,2.5218,1.2505
2026-09-03T17:05:53Z,2026-09-03 17:05:30,SPXW,2026-09-10,P,7620.0,7747.25,8.7,18.0,8.8,46.0,8.9,792.0,183.0,0.1131,-0.1409,0.0018,-1.8877,2.5218,-0.2088
2026-09-03T17:05:53Z,2026-09-03 17:05:30,SPXW,2026-09-10,C,7625.0,7747.25,128.4,1.0,140.6,1.0,102.13,7.0,32.0,0.1115,0.8516,0.0019,-1.8853,2.6046,1.2402
2026-09-03T17:05:53Z,2026-09-03 17:05:30,SPXW,2026-09-10,P,7625.0,7747.25,9.2,18.0,9.3,44.0,9.14,195.0,164.0,0.1121,-0.1484,0.0019,-1.9438,2.6046,-0.2201
2026-09-03T17:05:53Z,2026-09-03 17:05:30,SPXW,2026-09-10,C,7630.0,7747.25,124.3,1.0,135.8,1.0,131.92,7.0,29.0,0.1106,0.8437,0.002,-1.9444,2.6888,1.2295
2026-09-03T17:05:53Z,2026-09-03 17:05:30,SPXW,2026-09-10,P,7630.0,7747.25,9.7,60.0,9.9,52.0,9.61,81.0,174.0,0.1113,-0.1562,0.002,-2.0006,2.6888,-0.2318
2026-09-03T17:05:53Z,2026-09-03 17:05:30,SPXW,2026-09-10,C,7635.0,7747.25,119.5,1.0,132.0,1.0,106.0,5.0,99.0,0.1102,0.8355,0.0021,-2.0042,2.775,1.2183
2026-09-03T17:05:53Z,2026-09-03 17:05:30,SPXW,2026-09-10,P,7635.0,7747.25,10.3,18.0,10.4,50.0,11.28,81.0,182.0,0.1102,-0.1645,0.0021,-2.058,2.775,-0.244
2026-09-03T17:05:53Z,2026-09-03 17:05:30,SPXW,2026-09-10,C,7640.0,7747.25,115.6,1.0,127.6,2.0,121.34,10.0,55.0,0.1101,0.8268,0.0022,-2.0644,2.8633,1.2062
2026-09-03T17:05:53Z,2026-09-03 17:05:30,SPXW,2026-09-10,P,7640.0,7747.25,10.9,17.0,11.0,17.0,12.1,93.0,179.0,0.1093,-0.1732,0.0022,-2.1159,2.8633,-0.2569
2026-09-03T17:05:53Z,2026-09-03 17:05:30,SPXW,2026-09-10,C,7645.0,7747.25,110.1,1.0,123.9,1.0,81.35,20.0,24.0,0.1083,0.8176,0.0022,-2.1247,2.9524,1.1933
2026-09-03T17:05:53Z,2026-09-03 17:05:30,SPXW,2026-09-10,P,7645.0,7747.25,11.5,64.0,11.7,57.0,12.4,57.0,45.0,0.1084,-0.1823,0.0022,-2.1739,2.9524,-0.2708
2026-09-03T17:05:53Z,2026-09-03 17:05:30,SPXW,2026-09-10,C,7650.0,7747.25,108.5,1.0,117.1,1.0,77.94,13.0,150.0,0.1078,0.808,0.0023,-2.185,3.0413,1.1797
2026-09-03T17:05:53Z,2026-09-03 17:05:30,SPXW,2026-09-10,P,7650.0,7747.25,12.2,63.0,12.4,56.0,12.25,205.0,236.0,0.1076,-0.192,0.0023,-2.2319,3.0413,-0.2854
2026-09-03T17:05:53Z,2026-09-03 17:05:30,SPXW,2026-09-10,C,7655.0,7747.25,104.8,2.0,113.3,1.0,103.98,9.0,79.0,0.1086,0.7978,0.0024,-2.2451,3.1299,1.1655
2026-09-03T17:05:53Z,2026-09-03 17:05:30,SPXW,2026-09-10,P,7655.0,7747.25,12.9,63.0,13.1,52.0,14.4,102.0,63.0,0.1066,-0.2021,0.0024,-2.2896,3.1299,-0.3006
2026-09-03T17:05:53Z,2026-09-03 17:05:30,SPXW,2026-09-10,C,7660.0,7747.25,100.0,2.0,108.4,2.0,107.8,38.0,104.0,0.1056,0.7872,0.0025,-2.3047,3.2192,1.1507
2026-09-03T17:05:53Z,2026-09-03 17:05:30,SPXW,2026-09-10,P,7660.0,7747.25,13.7,62.0,13.9,55.0,15.0,376.0,453.0,0.1057,-0.2127,0.0025,-2.3469,3.2192,-0.3163
2026-09-03T17:05:53Z,2026-09-03 17:05:30,SPXW,2026-09-10,C,7665.0,7747.25,95.8,1.0,104.3,1.0,80.5,18.0,48.0,0.1048,0.7761,0.0026,-2.3634,3.3093,1.135
2026-09-03T17:05:53Z,2026-09-03 17:05:30,SPXW,2026-09-10,P,7665.0,7747.25,14.5,61.0,14.7,52.0,14.5,362.0,490.0,0.1048,-0.2239,0.0026,-2.4033,3.3093,-0.333
2026-09-03T17:05:53Z,2026-09-03 17:05:30,SPXW,2026-09-10,C,7670.0,7747.25,91.8,4.0,100.3,3.0,93.02,8.0,92.0,0.1043,0.7644,0.0027,-2.421,3.3989,1.1182
2026-09-03T17:05:53Z,2026-09-03 17:05:30,SPXW,2026-09-10,P,7670.0,7747.25,15.4,61.0,15.6,55.0,15.7,94.0,275.0,0.104,-0.2356,0.0027,-2.4585,3.3989,-0.3507
2026-09-03T17:05:53Z,2026-09-03 17:05:30,SPXW,2026-09-10,C,7675.0,7747.25,87.8,9.0,96.3,12.0,86.77,95.0,352.0,0.1036,0.7522,0.0028,-2.477,3.4863,1.1007
2026-09-03T17:05:53Z,2026-09-03 17:05:30,SPXW,2026-09-10,P,7675.0,7747.25,16.3,61.0,16.5,52.0,16.3,244.0,801.0,0.103,-0.2478,0.0028,-2.5122,3.4863,-0.3692
2026-09-03T17:05:53Z,2026-09-03 17:05:30,SPXW,2026-09-10,C,7680.0,7747.25,86.6,1.0,89.4,1.0,83.5,65.0,62.0,0.1026,0.7394,0.0029,-2.5312,3.5715,1.0826
2026-09-03T17:05:53Z,2026-09-03 17:05:30,SPXW,2026-09-10,P,7680.0,7747.25,17.3,60.0,17.5,51.0,19.1,257.0,558.0,0.1022,-0.2605,0.0029,-2.5641,3.5715,-0.3882
2026-09-03T17:05:53Z,2026-09-03 17:05:30,SPXW,2026-09-10,C,7685.0,7747.25,82.6,1.0,85.6,1.0,82.28,38.0,113.0,0.1013,0.7261,0.003,-2.5832,3.6556,1.0638
2026-09-03T17:05:53Z,2026-09-03 17:05:30,SPXW,2026-09-10,P,7685.0,7747.25,18.3,60.0,18.5,8.0,18.4,451.0,75.0,0.1015,-0.2738,0.003,-2.6138,3.6556,-0.408
2026-09-03T17:05:53Z,2026-09-03 17:05:30,SPXW,2026-09-10,C,7690.0,7747.25,78.7,1.0,81.6,1.0,81.18,35.0,71.0,0.1006,0.7123,0.0031,-2.6326,3.7383,1.0438
2026-09-03T17:05:53Z,2026-09-03 17:05:30,SPXW,2026-09-10,P,7690.0,7747.25,19.5,16.0,19.6,8.0,21.29,146.0,194.0,0.1006,-0.2877,0.0031,-2.6608,3.7383,-0.4289
2026-09-03T17:05:53Z,2026-09-03 17:05:30,SPXW,2026-09-10,C,7695.0,7747.25,74.9,1.0,77.9,1.0,76.3,44.0,31.0,0.0998,0.6978,0.0032,-2.6788,3.8176,1.0228
2026-09-03T17:05:53Z,2026-09-03 17:05:30,SPXW,2026-09-10,P,7695.0,7747.25,20.6,58.0,20.8,7.0,21.8,48.0,21.0,0.0998,-0.3021,0.0032,-2.7046,3.8176,-0.4509
2026-09-03T17:05:53Z,2026-09-03 17:05:30,SPXW,2026-09-10,C,7700.0,7747.25,72.5,2.0,72.7,2.0,69.9,250.0,831.0,0.0992,0.6828,0.0033,-2.7215,3.8922,1.0012
2026-09-03T17:05:53Z,2026-09-03 17:05:30,SPXW,2026-09-10,P,7700.0,7747.25,21.9,57.0,22.1,42.0,21.8,339.0,1568.0,0.0989,-0.3171,0.0033,-2.745,3.8922,-0.4735
2026-09-03T17:05:53Z,2026-09-03 17:05:30,SPXW,2026-09-10,C,7705.0,7747.25,68.8,3.0,69.1,3.0,65.05,224.0,43.0,0.0984,0.6673,0.0034,-2.7603,3.9627,0.979
2026-09-03T17:05:53Z,2026-09-03 17:05:30,SPXW,2026-09-10,P,7705.0,7747.25,23.2,57.0,23.4,7.0,25.0,56.0,51.0,0.098,-0.3326,0.0034,-2.7815,3.9627,-0.4966
2026-09-03T17:05:53Z,2026-09-03 17:05:30,SPXW,2026-09-10,C,7710.0,7747.25,65.3,3.0,65.5,3.0,60.96,103.0,132.0,0.0977,0.6512,0.0035,-2.7948,4.0296,0.9557
2026-09-03T17:05:53Z,2026-09-03 17:05:30,SPXW,2026-09-10,P,7710.0,7747.25,24.6,57.0,24.8,7.0,24.65,508.0,56.0,0.0973,-0.3488,0.0035,-2.8137,4.0296,-0.5208
2026-09-03T17:05:53Z,2026-09-03 17:05:30,SPXW,2026-09-10,C,7715.0,7747.25,61.7,4.0,62.0,4.0,63.6,79.0,29.0,0.0968,0.6345,0.0036,-2.8244,4.0915,0.9313
2026-09-03T17:05:53Z,2026-09-03 17:05:30,SPXW,2026-09-10,P,7715.0,7747.25,26.1,56.0,26.3,7.0,28.5,1354.0,53.0,0.0964,-0.3654,0.0036,-2.841,4.0915,-0.5463
2026-09-03T17:05:53Z,2026-09-03 17:05:30,SPXW,2026-09-10,C,7720.0,7747.25,58.3,5.0,58.6,5.0,58.85,121.0,68.0,0.0961,0.6174,0.0036,-2.8488,4.1464,0.9063
2026-09-03T17:05:53Z,2026-09-03 17:05:30,SPXW,2026-09-10,P,7720.0,7747.25,27.7,49.0,27.9,10.0,30.2,56.0,109.0,0.0957,-0.3826,0.0036,-2.863,4.1464,-0.5722
2026-09-03T17:05:53Z,2026-09-03 17:05:30,SPXW,2026-09-10,C,7725.0,7747.25,55.0,5.0,55.2,5.0,53.08,225.0,764.0,0.0953,0.5997,0.0037,-2.8676,4.1945,0.8809
2026-09-03T17:05:53Z,2026-09-03 17:05:30,SPXW,2026-09-10,P,7725.0,7747.25,29.4,14.0,29.6,41.0,30.5,333.0,223.0,0.095,-0.4002,0.0037,-2.8795,4.1945,-0.5985
2026-09-03T17:05:53Z,2026-09-03 17:05:30,SPXW,2026-09-10,C,7730.0,7747.25,51.8,6.0,52.0,6.0,51.9,395.0,120.0,0.0946,0.5815,0.0038,-2.8804,4.2363,0.8544
2026-09-03T17:05:53Z,2026-09-03 17:05:30,SPXW,2026-09-10,P,7730.0,7747.25,31.1,54.0,31.3,6.0,31.17,71.0,63.0,0.0943,-0.4184,0.0038,-2.89,4.2363,-0.626
2026-09-03T17:05:53Z,2026-09-03 17:05:30,SPXW,2026-09-10,C,7735.0,7747.25,48.6,33.0,48.9,37.0,49.1,117.0,60.0,0.0939,0.5629,0.0039,-2.8868,4.2705,0.8269
2026-09-03T17:05:53Z,2026-09-03 17:05:30,SPXW,2026-09-10,P,7735.0,7747.25,33.0,13.0,33.2,8.0,33.3,39.0,91.0,0.0936,-0.437,0.0039,-2.8941,4.2705,-0.6545
2026-09-03T17:05:53Z,2026-09-03 17:05:30,SPXW,2026-09-10,C,7740.0,7747.25,45.6,14.0,45.8,6.0,45.43,1438.0,118.0,0.0932,0.5438,0.0039,-2.8866,4.2958,0.7991
2026-09-03T17:05:53Z,2026-09-03 17:05:30,SPXW,2026-09-10,P,7740.0,7747.25,34.9,52.0,35.2,39.0,35.3,1365.0,36.0,0.093,-0.4561,0.0039,-2.8915,4.2958,-0.6832
2026-09-03T17:05:53Z,2026-09-03 17:05:30,SPXW,2026-09-10,C,7745.0,7747.25,42.7,11.0,42.9,9.0,41.63,91.0,68.0,0.0926,0.5244,0.004,-2.8794,4.3122,0.771
2026-09-03T17:05:53Z,2026-09-03 17:05:30,SPXW,2026-09-10,P,7745.0,7747.25,37.0,38.0,37.2,6.0,37.2,14.0,61.0,0.0922,-0.4755,0.004,-2.882,4.3122,-0.7122
2026-09-03T17:05:53Z,2026-09-03 17:05:30,SPXW,2026-09-10,C,7750.0,7747.25,39.8,37.0,40.1,41.0,40.3,325.0,723.0,0.0919,0.5046,0.004,-2.8652,4.3195,0.7419
2026-09-03T17:05:53Z,2026-09-03 17:05:30,SPXW,2026-09-10,P,7750.0,7747.25,39.2,13.0,39.4,10.0,38.8,93.0,608.0,0.0916,-0.4953,0.004,-2.8655,4.3195,-0.7423
2026-09-03T17:05:53Z,2026-09-03 17:05:30,SPXW,2026-09-10,C,7755.0,7747.25,37.1,40.0,37.3,6.0,37.52,386.0,188.0,0.0912,0.4846,0.004,-2.8437,4.3169,0.7122
2026-09-03T17:05:53Z,2026-09-03 17:05:30,SPXW,2026-09-10,P,7755.0,7747.25,41.4,48.0,41.7,36.0,41.3,28.0,12.0,0.091,-0.5154,0.004,-2.8416,4.3169,-0.773
2026-09-03T17:05:53Z,2026-09-03 17:05:30,SPXW,2026-09-10,C,7760.0,7747.25,34.5,40.0,34.7,6.0,34.94,243.0,224.0,0.0906,0.4643,0.004,-2.8148,4.3044,0.6827
2026-09-03T17:05:53Z,2026-09-03 17:05:30,SPXW,2026-09-10,P,7760.0,7747.25,43.8,44.0,44.1,38.0,43.65,116.0,53.0,0.0903,-0.5357,0.004,-2.8104,4.3044,-0.8035
2026-09-03T17:05:53Z,2026-09-03 17:05:30,SPXW,2026-09-10,C,7765.0,7747.25,32.0,41.0,32.2,6.0,32.4,1994.0,129.0,0.09,0.4438,0.004,-2.7787,4.2814,0.6528
2026-09-03T17:05:53Z,2026-09-03 17:05:30,SPXW,2026-09-10,P,7765.0,7747.25,46.3,36.0,46.6,35.0,47.31,48.0,10.0,0.0897,-0.5561,0.004,-2.772,4.2814,-0.8343
2026-09-03T17:05:53Z,2026-09-03 17:05:30,SPXW,2026-09-10,C,7770.0,7747.25,29.6,42.0,29.8,6.0,29.9,107.0,288.0,0.0894,0.4233,0.004,-2.7353,4.2472,0.6222
2026-09-03T17:05:53Z,2026-09-03 17:05:30,SPXW,2026-09-10,P,7770.0,7747.25,48.9,38.0,49.2,9.0,50.8,31.0,45.0,0.0892,-0.5767,0.004,-2.7262,4.2472,-0.8658
2026-09-03T17:05:53Z,2026-09-03 17:05:30,SPXW,2026-09-10,C,7775.0,7747.25,27.4,12.0,27.6,49.0,27.77,172.0,1940.0,0.089,0.4027,0.004,-2.6848,4.2026,0.592
2026-09-03T17:05:53Z,2026-09-03 17:05:30,SPXW,2026-09-10,P,7775.0,7747.25,51.7,5.0,51.9,7.0,60.6,13.0,67.0,0.0886,-0.5972,0.004,-2.6734,4.2026,-0.897
2026-09-03T17:05:53Z,2026-09-03 17:05:30,SPXW,2026-09-10,C,7780.0,7747.25,25.2,45.0,25.4,12.0,25.4,273.0,1385.0,0.0884,0.3822,0.004,-2.6274,4.1482,0.5622
2026-09-03T17:05:53Z,2026-09-03 17:05:30,SPXW,2026-09-10,P,7780.0,7747.25,54.5,7.0,54.7,5.0,54.3,5.0,10.0,0.0881,-0.6177,0.004,-2.6137,4.1482,-0.9278
2026-09-03T17:05:53Z,2026-09-03 17:05:30,SPXW,2026-09-10,C,7785.0,7747.25,23.1,45.0,23.4,50.0,21.3,91.0,544.0,0.088,0.3618,0.0039,-2.5635,4.0826,0.532
2026-09-03T17:05:53Z,2026-09-03 17:05:30,SPXW,2026-09-10,P,7785.0,7747.25,57.4,4.0,57.7,4.0,59.2,6.0,1.0,0.0876,-0.6381,0.0039,-2.5474,4.0826,-0.959
2026-09-03T17:05:53Z,2026-09-03 17:05:30,SPXW,2026-09-10,C,7790.0,7747.25,21.2,45.0,21.4,7.0,21.4,106.0,368.0,0.0873,0.3417,0.0039,-2.4932,4.0061,0.5021
2026-09-03T17:05:53Z,2026-09-03 17:05:30,SPXW,2026-09-10,P,7790.0,7747.25,60.5,3.0,60.7,3.0,64.37,3.0,14.0,0.087,-0.6582,0.0039,-2.4748,4.0061,-0.9898
2026-09-03T17:05:53Z,2026-09-03 17:05:30,SPXW,2026-09-10,C,7795.0,7747.25,19.4,46.0,19.6,15.0,20.1,109.0,169.0,0.0868,0.3218,0.0038,-2.4172,3.9212,0.4732
2026-09-03T17:05:53Z,2026-09-03 17:05:30,SPXW,2026-09-10,P,7795.0,7747.25,63.7,3.0,63.9,3.0,67.47,2.0,1.0,0.0865,-0.6781,0.0038,-2.3965,3.9212,-1.0197
2026-09-03T17:05:53Z,2026-09-03 17:05:30,SPXW,2026-09-10,C,7800.0,7747.25,17.7,21.0,17.9,48.0,18.02,142.0,997.0,0.0864,0.3023,0.0037,-2.3359,3.8274,0.4444
2026-09-03T17:05:53Z,2026-09-03 17:05:30,SPXW,2026-09-10,P,7800.0,7747.25,67.0,2.0,67.2,2.0,72.9,7.0,548.0,0.086,-0.6976,0.0037,-2.3128,3.8274,-1.0494
2026-09-03T17:05:53Z,2026-09-03 17:05:30,SPXW,2026-09-10,C,7805.0,7747.25,16.1,23.0,16.3,50.0,16.4,68.0,241.0,0.086,0.2832,0.0036,-2.2496,3.7231,0.4159
2026-09-03T17:05:53Z,2026-09-03 17:05:30,SPXW,2026-09-10,P,7805.0,7747.25,70.1,5.0,70.9,5.0,0.0,0.0,0.0,0.0856,-0.7167,0.0036,-2.2242,3.7231,-1.0788
2026-09-03T17:05:53Z,2026-09-03 17:05:30,SPXW,2026-09-10,C,7810.0,7747.25,14.6,24.0,14.8,51.0,14.45,207.0,416.0,0.0855,0.2646,0.0035,-2.1591,3.6116,0.3887
2026-09-03T17:05:53Z,2026-09-03 17:05:30,SPXW,2026-09-10,P,7810.0,7747.25,73.6,5.0,74.4,5.0,78.94,1.0,5.0,0.0852,-0.7353,0.0035,-2.1314,3.6116,-1.107
2026-09-03T17:05:53Z,2026-09-03 17:05:30,SPXW,2026-09-10,C,7815.0,7747.25,13.2,49.0,13.4,52.0,13.2,90.0,122.0,0.0851,0.2465,0.0034,-2.065,3.4943,0.3622
2026-09-03T17:05:53Z,2026-09-03 17:05:30,SPXW,2026-09-10,P,7815.0,7747.25,76.1,1.0,79.0,1.0,82.59,3.0,10.0,0.0847,-0.7534,0.0034,-2.035,3.4943,-1.1345
2026-09-03T17:05:53Z,2026-09-03 17:05:30,SPXW,2026-09-10,C,7820.0,7747.25,11.9,50.0,12.1,46.0,10.96,1308.0,1566.0,0.0847,0.229,0.0033,-1.968,3.369,0.336
2026-09-03T17:05:53Z,2026-09-03 17:05:30,SPXW,2026-09-10,P,7820.0,7747.25,77.4,1.0,85.3,3.0,150.82,0.0,8.0,0.0845,-0.7709,0.0033,-1.9356,3.369,-1.1616
2026-09-03T17:05:53Z,2026-09-03 17:05:30,SPXW,2026-09-10,C,7825.0,7747.25,10.7,60.0,10.9,54.0,10.95,437.0,317.0,0.0843,0.2122,0.0032,-1.8686,3.2376,0.3113
2026-09-03T17:05:53Z,2026-09-03 17:05:30,SPXW,2026-09-10,P,7825.0,7747.25,81.0,1.0,89.0,3.0,163.59,0.0,16.0,0.0836,-0.7878,0.0032,-1.8339,3.2376,-1.1873
2026-09-03T17:05:53Z,2026-09-03 17:05:30,SPXW,2026-09-10,C,7830.0,7747.25,9.6,62.0,9.8,54.0,9.7,124.0,192.0,0.084,0.1959,0.003,-1.7678,3.1034,0.2876
2026-09-03T17:05:53Z,2026-09-03 17:05:30,SPXW,2026-09-10,P,7830.0,7747.25,84.9,1.0,92.8,3.0,193.25,0.0,0.0,0.0831,-0.804,0.003,-1.7307,3.1034,-1.212
2026-09-03T17:05:53Z,2026-09-03 17:05:30,SPXW,2026-09-10,C,7835.0,7747.25,8.6,68.0,8.8,49.0,8.54,58.0,235.0,0.0837,0.1804,0.0029,-1.6662,2.9649,0.2644
2026-09-03T17:05:53Z,2026-09-03 17:05:30,SPXW,2026-09-10,P,7835.0,7747.25,88.9,1.0,97.4,3.0,109.19,4.0,0.0,0.0838,-0.8195,0.0029,-1.6268,2.9649,-1.2361
2026-09-03T17:05:53Z,2026-09-03 17:05:30,SPXW,2026-09-10,C,7840.0,7747.25,7.7,57.0,7.9,73.0,7.86,148.0,319.0,0.0835,0.1656,0.0027,-1.5646,2.8223,0.2427
2026-09-03T17:05:53Z,2026-09-03 17:05:30,SPXW,2026-09-10,P,7840.0,7747.25,92.9,1.0,101.0,2.0,100.89,1.0,0.0,0.0825,-0.8343,0.0027,-1.5229,2.8223,-1.2588
2026-09-03T17:05:53Z,2026-09-03 17:05:30,SPXW,2026-09-10,C,7845.0,7747.25,6.9,25.0,7.0,9.0,7.03,94.0,204.0,0.0832,0.1516,0.0026,-1.4639,2.6795,0.2222
2026-09-03T17:05:53Z,2026-09-03 17:05:30,SPXW,2026-09-10,P,7845.0,7747.25,97.1,1.0,104.7,2.0,103.0,4.0,0.0,0.0814,-0.8483,0.0026,-1.4198,2.6795,-1.2802
2026-09-03T17:05:53Z,2026-09-03 17:05:30,SPXW,2026-09-10,C,7850.0,7747.25,6.1,77.0,6.3,74.0,5.1,522.0,1101.0,0.083,0.1384,0.0024,-1.3647,2.5363,0.2025
2026-09-03T17:05:53Z,2026-09-03 17:05:30,SPXW,2026-09-10,P,7850.0,7747.25,101.3,1.0,109.4,2.0,173.47,0.0,105.0,0.0819,-0.8615,0.0024,-1.3184,2.5363,-1.3009
2026-09-03T17:05:53Z,2026-09-03 17:05:30,SPXW,2026-09-10,C,7855.0,7747.25,5.4,82.0,5.6,75.0,4.7,262.0,337.0,0.0827,0.126,0.0023,-1.2679,2.3923,0.1842
2026-09-03T17:05:53Z,2026-09-03 17:05:30,SPXW,2026-09-10,P,7855.0,7747.25,105.6,1.0,114.2,3.0,113.46,3.0,0.0,0.0828,-0.874,0.0023,-1.2192,2.3923,-1.3201
2026-09-03T17:05:53Z,2026-09-03 17:05:30,SPXW,2026-09-10,C,7860.0,7747.25,4.8,74.0,5.0,84.0,4.9,89.0,465.0,0.0827,0.1144,0.0022,-1.174,2.2502,0.1673
2026-09-03T17:05:53Z,2026-09-03 17:05:30,SPXW,2026-09-10,P,7860.0,7747.25,107.3,3.0,120.4,3.0,0.0,0.0,0.0,0.0805,-0.8856,0.0022,-1.123,2.2502,-1.338
2026-09-03T17:05:53Z,2026-09-03 17:05:30,SPXW,2026-09-10,C,7865.0,7747.25,4.2,85.0,4.4,66.0,4.4,26.0,158.0,0.0823,0.1036,0.002,-1.0838,2.1113,0.1512
2026-09-03T17:05:53Z,2026-09-03 17:05:30,SPXW,2026-09-10,P,7865.0,7747.25,111.9,1.0,125.1,1.0,0.0,0.0,0.0,0.0813,-0.8964,0.002,-1.0304,2.1113,-1.355
2026-09-03T17:05:53Z,2026-09-03 17:05:30,SPXW,2026-09-10,C,7870.0,7747.25,3.7,91.0,3.9,66.0,4.0,62.0,202.0,0.0824,0.0936,0.0019,-0.9976,1.9751,0.1365
2026-09-03T17:05:53Z,2026-09-03 17:05:30,SPXW,2026-09-10,P,7870.0,7747.25,117.3,1.0,129.6,1.0,0.0,0.0,0.0,0.0836,-0.9064,0.0019,-0.942,1.9751,-1.3707
2026-09-03T17:05:53Z,2026-09-03 17:05:30,SPXW,2026-09-10,C,7875.0,7747.25,3.3,103.0,3.5,99.0,3.7,2507.0,636.0,0.0824,0.0844,0.0017,-0.916,1.843,0.1232
2026-09-03T17:05:53Z,2026-09-03 17:05:30,SPXW,2026-09-10,P,7875.0,7747.25,121.0,3.0,133.8,1.0,190.4,0.0,3.0,0.08,-0.9156,0.0017,-0.858,1.843,-1.385
2026-09-03T17:05:53Z,2026-09-03 17:05:30,SPXW,2026-09-10,C,7880.0,7747.25,2.9,103.0,3.1,99.0,2.45,186.0,230.0,0.0825,0.0759,0.0016,-0.8392,1.7164,0.1107
2026-09-03T17:05:53Z,2026-09-03 17:05:30,SPXW,2026-09-10,P,7880.0,7747.25,125.6,3.0,138.2,1.0,0.0,0.0,0.0,0.0791,-0.924,0.0016,-0.7789,1.7164,-1.3984
2026-09-03T17:05:53Z,2026-09-03 17:05:30,SPXW,2026-09-10,C,7890.0,7747.25,2.25,112.0,2.4,107.0,2.29,92.0,336.0,0.0822,0.0613,0.0014,-0.7011,1.4803,0.0893
2026-09-03T17:05:53Z,2026-09-03 17:05:30,SPXW,2026-09-10,P,7890.0,7747.25,135.0,3.0,147.7,2.0,176.24,1.0,4.0,0.0795,-0.9386,0.0014,-0.6361,1.4803,-1.4218
2026-09-03T17:05:53Z,2026-09-03 17:05:30,SPXW,2026-09-10,C,7900.0,7747.25,1.75,125.0,1.9,196.0,1.78,445.0,854.0,0.0823,0.0494,0.0011,-0.5836,1.2702,0.0717
2026-09-03T17:05:53Z,2026-09-03 17:05:30,SPXW,2026-09-10,P,7900.0,7747.25,143.6,1.0,157.5,1.0,177.0,0.0,21.0,0.0762,-0.9505,0.0011,-0.514,1.2702,-1.4412
2026-09-03T17:05:53Z,2026-09-03 17:05:30,SPXW,2026-09-10,C,7910.0,7747.25,1.35,143.0,1.45,116.0,1.45,220.0,138.0,0.0826,0.0399,0.001,-0.4861,1.0874,0.0579
2026-09-03T17:05:53Z,2026-09-03 17:05:30,SPXW,2026-09-10,P,7910.0,7747.25,153.9,1.0,167.6,1.0,0.0,0.0,0.0,0.0826,-0.96,0.001,-0.4117,1.0874,-1.457
2026-09-03T17:05:53Z,2026-09-03 17:05:30,SPXW,2026-09-10,C,7920.0,7747.25,1.05,163.0,1.15,162.0,1.15,79.0,286.0,0.0832,0.0324,0.0008,-0.4066,0.9315,0.0468
2026-09-03T17:05:53Z,2026-09-03 17:05:30,SPXW,2026-09-10,P,7920.0,7747.25,163.9,1.0,177.3,1.0,0.0,0.0,1.0,0.0852,-0.9676,0.0008,-0.3276,0.9315,-1.47
2026-09-03T17:05:53Z,2026-09-03 17:05:30,SPXW,2026-09-10,C,7925.0,7747.25,0.9,285.0,1.05,282.0,0.98,126.0,534.0,0.0834,0.0292,0.0007,-0.3728,0.8632,0.0423
2026-09-03T17:05:53Z,2026-09-03 17:05:30,SPXW,2026-09-10,P,7925.0,7747.25,169.2,1.0,182.2,2.0,0.0,0.0,1.0,0.0884,-0.9707,0.0007,-0.2915,0.8632,-1.4754
2026-09-03T17:05:53Z,2026-09-03 17:05:30,SPXW,2026-09-10,C,7930.0,7747.25,0.8,206.0,0.9,35.0,0.75,141.0,205.0,0.0835,0.0265,0.0007,-0.3426,0.8008,0.0383
2026-09-03T17:05:53Z,2026-09-03 17:05:30,SPXW,2026-09-10,P,7930.0,7747.25,173.3,1.0,187.1,1.0,0.0,0.0,0.0,0.0838,-0.9735,0.0007,-0.259,0.8008,-1.4804
2026-09-03T17:05:53Z,2026-09-03 17:05:30,SPXW,2026-09-10,C,7940.0,7747.25,0.65,186.0,0.75,146.0,0.6,42.0,19.0,0.0848,0.0219,0.0006,-0.2919,0.6921,0.0316
2026-09-03T17:05:53Z,2026-09-03 17:05:30,SPXW,2026-09-10,P,7940.0,7747.25,183.2,1.0,196.5,1.0,0.0,0.0,0.0,0.0813,-0.978,0.0006,-0.2036,0.6921,-1.4891
2026-09-03T17:05:53Z,2026-09-03 17:05:30,SPXW,2026-09-10,C,7950.0,7747.25,0.55,50.0,0.6,38.0,0.45,101.0,809.0,0.086,0.0184,0.0005,-0.2517,0.6029,0.0264
2026-09-03T17:05:53Z,2026-09-03 17:05:30,SPXW,2026-09-10,P,7950.0,7747.25,193.0,1.0,205.9,1.0,0.0,0.0,0.0,0.0716,-0.9816,0.0005,-0.1588,0.6029,-1.4961
2026-09-03T17:05:53Z,2026-09-03 17:05:30,SPXW,2026-09-10,C,7960.0,7747.25,0.45,236.0,0.55,277.0,0.42,34.0,35.0,0.0878,0.0156,0.0004,-0.22,0.5296,0.0224
2026-09-03T17:05:53Z,2026-09-03 17:05:30,SPXW,2026-09-10,P,7960.0,7747.25,202.9,1.0,215.8,1.0,0.0,0.0,0.0,0.0667,-0.9844,0.0004,-0.1224,0.5296,-1.5021
2026-09-03T17:05:53Z,2026-09-03 17:05:30,SPXW,2026-09-10,C,7975.0,7747.25,0.35,245.0,0.45,406.0,0.35,84.0,205.0,0.0904,0.0125,0.0003,-0.1844,0.4433,0.018
2026-09-03T17:05:53Z,2026-09-03 17:05:30,SPXW,2026-09-10,P,7975.0,7747.25,216.3,1.0,233.4,1.0,0.0,0.0,2.0,0.0945,-0.9874,0.0003,-0.0798,0.4433,-1.5094
2026-09-03T17:05:53Z,2026-09-03 17:05:30,SPXW,2026-09-10,C,8000.0,7747.25,0.25,307.0,0.35,438.0,0.3,152.0,1613.0,0.0955,0.0092,0.0002,-0.1456,0.3434,0.0132
2026-09-03T17:05:53Z,2026-09-03 17:05:30,SPXW,2026-09-10,P,8000.0,7747.25,241.2,1.0,259.0,1.0,0.0,0.0,2.0,0.1094,-0.9907,0.0002,-0.0295,0.3438,-1.519
2026-09-03T17:05:53Z,2026-09-03 17:05:30,SPXW,2026-09-10,C,8025.0,7747.25,0.2,327.0,0.3,446.0,0.2,6.0,218.0,0.1015,0.0072,0.0002,-0.122,0.2782,0.0103
2026-09-03T17:05:53Z,2026-09-03 17:05:30,SPXW,2026-09-10,P,8025.0,7747.25,266.1,1.0,283.6,1.0,0.0,0.0,0.0,0.1132,-0.9927,0.0002,0.0,0.2784,-1.5266
2026-09-03T17:05:53Z,2026-09-03 17:05:30,SPXW,2026-09-10,C,8050.0,7747.25,0.15,413.0,0.25,485.0,0.15,0.0,672.0,0.1068,0.0059,0.0001,-0.1061,0.2322,0.0084
2026-09-03T17:05:53Z,2026-09-03 17:05:30,SPXW,2026-09-10,P,8050.0,7747.25,291.0,1.0,308.8,1.0,0.0,0.0,0.0,0.1237,-0.9941,0.0001,0.0,0.2324,-1.5333
2026-09-03T17:05:53Z,2026-09-03 17:05:30,SPXW,2026-09-10,C,8075.0,7747.25,0.15,275.0,0.2,221.0,0.1,0.0,172.0,0.1128,0.0049,0.0001,-0.0945,0.1982,0.007
2026-09-03T17:05:53Z,2026-09-03 17:05:30,SPXW,2026-09-10,P,8075.0,7747.25,316.0,1.0,333.8,1.0,0.0,0.0,0.0,0.133,-0.995,0.0001,0.0,0.1983,-1.5395
2026-09-03T17:05:53Z,2026-09-03 17:05:30,SPXW,2026-09-10,C,8100.0,7747.25,0.1,687.0,0.2,409.0,0.15,6.0,481.0,0.1184,0.0042,0.0001,-0.0857,0.1721,0.006
2026-09-03T17:05:53Z,2026-09-03 17:05:30,SPXW,2026-09-10,P,8100.0,7747.25,340.9,1.0,358.1,1.0,0.0,0.0,0.0,0.1282,-0.9957,0.0001,0.0,0.1719,-1.5453
2026-09-03T17:05:53Z,2026-09-03 17:05:30,SPXW,2026-09-10,C,8125.0,7747.25,0.1,392.0,0.2,530.0,0.2,0.0,22.0,0.1258,0.0037,0.0001,-0.0785,0.151,0.0052
2026-09-03T17:05:53Z,2026-09-03 17:05:30,SPXW,2026-09-10,P,8125.0,7747.25,365.9,1.0,383.7,1.0,0.0,0.0,0.0,0.1483,-0.9963,0.0001,0.0,0.1509,-1.5509
2026-09-03T17:05:53Z,2026-09-03 17:05:30,SPXW,2026-09-10,C,8150.0,7747.25,0.1,344.0,0.2,825.0,0.45,0.0,43.0,0.1332,0.0032,0.0001,-0.0726,0.1337,0.0046
2026-09-03T17:05:53Z,2026-09-03 17:05:30,SPXW,2026-09-10,P,8150.0,7747.25,390.9,1.0,408.9,1.0,489.77,0.0,1.0,0.1603,-0.9967,0.0001,0.0,0.1336,-1.5563
2026-09-03T17:05:53Z,2026-09-03 17:05:30,SPXW,2026-09-10,C,8175.0,7747.25,0.1,276.0,0.15,256.0,0.18,0.0,17.0,0.1379,0.0029,0.0001,-0.0675,0.1195,0.004
2026-09-03T17:05:53Z,2026-09-03 17:05:30,SPXW,2026-09-10,P,8175.0,7747.25,415.8,1.0,433.7,1.0,0.0,0.0,0.0,0.1647,-0.9971,0.0001,0.0,0.1194,-1.5616
2026-09-03T17:05:53Z,2026-09-03 17:05:30,SPXW,2026-09-10,C,8200.0,7747.25,0.1,80.0,0.15,380.0,0.12,0.0,1323.0,0.145,0.0026,0.0,-0.0631,0.1074,0.0036
2026-09-03T17:05:53Z,2026-09-03 17:05:30,SPXW,2026-09-10,P,8200.0,7747.25,440.8,1.0,458.6,1.0,0.0,0.0,0.0,0.1718,-0.9974,0.0,0.0,0.1074,-1.5668
2026-09-03T17:05:53Z,2026-09-03 17:05:30,SPXW,2026-09-10,C,8225.0,7747.25,0.05,644.0,0.15,422.0,0.52,0.0,15.0,0.149,0.0023,0.0,-0.0592,0.0972,0.0032
2026-09-03T17:05:53Z,2026-09-03 17:05:30,SPXW,2026-09-10,P,8225.0,7747.25,465.8,1.0,483.3,1.0,0.0,0.0,0.0,0.1747,-0.9976,0.0,0.0,0.0971,-1.572
2026-09-03T17:05:53Z,2026-09-03 17:05:30,SPXW,2026-09-10,C,8250.0,7747.25,0.05,356.0,0.15,503.0,0.12,0.0,58.0,0.1559,0.0021,0.0,-0.0558,0.0883,0.0029
2026-09-03T17:05:53Z,2026-09-03 17:05:30,SPXW,2026-09-10,P,8250.0,7747.25,490.8,1.0,508.6,1.0,0.0,0.0,0.0,0.1895,-0.9979,0.0,0.0,0.0883,-1.5771
2026-09-03T17:05:53Z,2026-09-03 17:05:30,SPXW,2026-09-10,C,8275.0,7747.25,0.05,221.0,0.1,118.0,0.05,0.0,23.0,0.1583,0.0019,0.0,-0.0529,0.081,0.0027
2026-09-03T17:05:53Z,2026-09-03 17:05:30,SPXW,2026-09-10,P,8275.0,7747.25,515.7,1.0,533.3,1.0,0.0,0.0,0.0,0.1899,-0.998,0.0,0.0,0.0806,-1.5821
2026-09-03T17:05:53Z,2026-09-03 17:05:30,SPXW,2026-09-10,C,8300.0,7747.25,0.05,217.0,0.1,115.0,0.05,0.0,31.0,0.165,0.0017,0.0,-0.0501,0.0742,0.0024
2026-09-03T17:05:53Z,2026-09-03 17:05:30,SPXW,2026-09-10,P,8300.0,7747.25,540.7,1.0,558.5,1.0,0.0,0.0,0.0,0.2031,-0.9982,0.0,0.0,0.074,-1.5872
2026-09-03T17:05:53Z,2026-09-03 17:05:30,SPXW,2026-09-10,C,8325.0,7747.25,0.05,178.0,0.1,182.0,0.1,1.0,1.0,0.1716,0.0016,0.0,-0.0476,0.0683,0.0022
2026-09-03T17:05:53Z,2026-09-03 17:05:30,SPXW,2026-09-10,P,8325.0,7747.25,566.7,1.0,583.2,1.0,0.0,0.0,0.0,0.2242,-0.9984,0.0,0.0,0.068,-1.5921
2026-09-03T17:05:53Z,2026-09-03 17:05:30,SPXW,2026-09-10,C,8400.0,7747.25,0.05,125.0,0.1,258.0,0.07,0.0,1308.0,0.1911,0.0012,0.0,-0.0411,0.0541,0.0018
2026-09-03T17:05:53Z,2026-09-03 17:05:30,SPXW,2026-09-10,P,8400.0,7747.25,640.6,1.0,658.2,1.0,739.72,0.0,1.0,0.2281,-0.9987,0.0,0.0,0.0539,-1.607
2026-09-03T17:05:53Z,2026-09-03 17:05:30,SPXW,2026-09-10,C,8500.0,7747.25,0.0,0.0,0.1,394.0,0.05,0.0,1.0,0.2096,0.0009,0.0,-0.0344,0.041,0.0013
2026-09-03T17:05:53Z,2026-09-03 17:05:30,SPXW,2026-09-10,P,8500.0,7747.25,741.5,1.0,757.9,1.0,685.25,0.0,2.0,0.276,-0.999,0.0,0.0,0.0408,-1.6266
2026-09-03T17:05:53Z,2026-09-03 17:05:30,SPXW,2026-09-11,C,6975.0,7747.25,768.3,1.0,786.1,1.0,810.4,0.0,3.0,0.2494,0.9935,0.0,0.0,0.2231,1.8945
2026-09-03T17:05:53Z,2026-09-03 17:05:30,SPXW,2026-09-11,P,6975.0,7747.25,0.6,327.0,0.7,288.0,0.7,1.0,994.0,0.2859,-0.0064,0.0,-0.2972,0.2231,-0.0133
2026-09-03T17:05:53Z,2026-09-03 17:05:30,SPXW,2026-09-11,C,6980.0,7747.25,762.2,1.0,781.1,1.0,0.0,0.0,0.0,0.0,0.9934,0.0,0.0,0.2256,1.8957
2026-09-03T17:05:53Z,2026-09-03 17:05:30,SPXW,2026-09-11,P,6980.0,7747.25,0.6,335.0,0.7,203.0,1.55,0.0,31.0,0.2841,-0.0065,0.0,-0.2992,0.2256,-0.0134
2026-09-03T17:05:53Z,2026-09-03 17:05:30,SPXW,2026-09-11,C,6990.0,7747.25,753.5,1.0,771.2,1.0,0.0,0.0,0.0,0.2586,0.9933,0.0001,0.0,0.2307,1.8981
2026-09-03T17:05:53Z,2026-09-03 17:05:30,SPXW,2026-09-11,P,6990.0,7747.25,0.6,495.0,0.7,138.0,0.85,1.0,0.0,0.2807,-0.0066,0.0001,-0.3033,0.2308,-0.0138
2026-09-03T17:05:53Z,2026-09-03 17:05:30,SPXW,2026-09-11,C,7000.0,7747.25,747.0,6.0,758.4,7.0,744.25,0.0,3222.0,0.2768,0.9931,0.0001,0.0,0.236,1.9005
2026-09-03T17:05:53Z,2026-09-03 17:05:30,SPXW,2026-09-11,P,7000.0,7747.25,0.65,56.0,0.75,428.0,0.69,40.0,4651.0,0.2796,-0.0068,0.0001,-0.3074,0.2361,-0.0141
2026-09-03T17:05:53Z,2026-09-03 17:05:30,SPXW,2026-09-11,C,7010.0,7747.25,732.9,1.0,751.2,1.0,0.0,0.0,0.0,0.0,0.9929,0.0001,0.0,0.2415,1.9029
2026-09-03T17:05:53Z,2026-09-03 17:05:30,SPXW,2026-09-11,P,7010.0,7747.25,0.65,288.0,0.75,216.0,0.85,1.0,1.0,0.2761,-0.007,0.0001,-0.3117,0.2416,-0.0145
2026-09-03T17:05:53Z,2026-09-03 17:05:30,SPXW,2026-09-11,C,7020.0,7747.25,722.4,1.0,741.2,1.0,0.0,0.0,0.0,0.0,0.9928,0.0001,0.0,0.2472,1.9052
2026-09-03T17:05:53Z,2026-09-03 17:05:30,SPXW,2026-09-11,P,7020.0,7747.25,0.65,323.0,0.75,204.0,0.0,0.0,0.0,0.2726,-0.0072,0.0001,-0.3161,0.2473,-0.0148
2026-09-03T17:05:53Z,2026-09-03 17:05:30,SPXW,2026-09-11,C,7025.0,7747.25,718.2,1.0,736.2,1.0,778.8,0.0,4.0,0.225,0.9927,0.0001,0.0,0.2502,1.9064
2026-09-03T17:05:53Z,2026-09-03 17:05:30,SPXW,2026-09-11,P,7025.0,7747.25,0.65,568.0,0.75,175.0,2.68,0.0,5435.0,0.2709,-0.0073,0.0001,-0.3183,0.2502,-0.015
2026-09-03T17:05:53Z,2026-09-03 17:05:30,SPXW,2026-09-11,C,7030.0,7747.25,713.7,1.0,731.3,1.0,0.0,0.0,0.0,0.2532,0.9926,0.0001,0.0,0.2532,1.9076
2026-09-03T17:05:53Z,2026-09-03 17:05:30,SPXW,2026-09-11,P,7030.0,7747.25,0.7,35.0,0.75,133.0,1.35,0.0,2.0,0.2703,-0.0074,0.0001,-0.3206,0.2532,-0.0152
2026-09-03T17:05:53Z,2026-09-03 17:05:30,SPXW,2026-09-11,C,7040.0,7747.25,702.5,1.0,721.1,1.0,0.0,0.0,2.0,0.0,0.9924,0.0001,0.0,0.2593,1.9099
2026-09-03T17:05:53Z,2026-09-03 17:05:30,SPXW,2026-09-11,P,7040.0,7747.25,0.7,179.0,0.8,387.0,1.4,0.0,9.0,0.2679,-0.0076,0.0001,-0.3252,0.2593,-0.0156
2026-09-03T17:05:53Z,2026-09-03 17:05:30,SPXW,2026-09-11,C,7050.0,7747.25,692.4,1.0,711.3,1.0,444.83,0.0,3.0,0.0,0.9922,0.0001,-0.0068,0.2657,1.9122
2026-09-03T17:05:53Z,2026-09-03 17:05:30,SPXW,2026-09-11,P,7050.0,7747.25,0.7,288.0,0.8,304.0,0.75,108.0,5161.0,0.2644,-0.0078,0.0001,-0.33,0.2657,-0.0161
2026-09-03T17:05:53Z,2026-09-03 17:05:30,SPXW,2026-09-11,C,7060.0,7747.25,683.6,1.0,701.3,1.0,0.0,0.0,0.0,0.2373,0.992,0.0001,-0.0163,0.2724,1.9145
2026-09-03T17:05:53Z,2026-09-03 17:05:30,SPXW,2026-09-11,P,7060.0,7747.25,0.7,476.0,0.8,136.0,1.57,0.0,206.0,0.2609,-0.008,0.0001,-0.3348,0.2724,-0.0165
2026-09-03T17:05:53Z,2026-09-03 17:05:30,SPXW,2026-09-11,C,7070.0,7747.25,673.1,1.0,691.4,1.0,0.0,0.0,0.0,0.211,0.9917,0.0001,-0.026,0.2792,1.9168
2026-09-03T17:05:53Z,2026-09-03 17:05:30,SPXW,2026-09-11,P,7070.0,7747.25,0.75,174.0,0.85,315.0,1.82,0.0,7.0,0.2594,-0.0082,0.0001,-0.3399,0.2793,-0.017
2026-09-03T17:05:53Z,2026-09-03 17:05:30,SPXW,2026-09-11,C,7075.0,7747.25,668.0,1.0,686.4,1.0,668.57,0.0,2.0,0.1971,0.9916,0.0001,-0.0308,0.2828,1.9179
2026-09-03T17:05:53Z,2026-09-03 17:05:30,SPXW,2026-09-11,P,7075.0,7747.25,0.75,179.0,0.85,298.0,1.09,2.0,155.0,0.2576,-0.0083,0.0001,-0.3425,0.2828,-0.0172
2026-09-03T17:05:53Z,2026-09-03 17:05:30,SPXW,2026-09-11,C,7080.0,7747.25,662.5,1.0,681.4,2.0,0.0,0.0,0.0,0.0,0.9915,0.0001,-0.0357,0.2864,1.919
2026-09-03T17:05:53Z,2026-09-03 17:05:30,SPXW,2026-09-11,P,7080.0,7747.25,0.75,175.0,0.85,197.0,2.15,0.0,64.0,0.2559,-0.0084,0.0001,-0.3451,0.2864,-0.0175
2026-09-03T17:05:53Z,2026-09-03 17:05:30,SPXW,2026-09-11,C,7090.0,7747.25,653.6,1.0,671.4,1.0,0.0,0.0,0.0,0.2286,0.9913,0.0001,-0.0457,0.2939,1.9213
2026-09-03T17:05:53Z,2026-09-03 17:05:30,SPXW,2026-09-11,P,7090.0,7747.25,0.75,302.0,0.9,609.0,1.61,0.0,27.0,0.2533,-0.0087,0.0001,-0.3504,0.2939,-0.018
2026-09-03T17:05:53Z,2026-09-03 17:05:30,SPXW,2026-09-11,C,7100.0,7747.25,643.2,1.0,661.4,1.0,674.31,0.0,7.0,0.2043,0.991,0.0001,-0.0558,0.3016,1.9235
2026-09-03T17:05:53Z,2026-09-03 17:05:30,SPXW,2026-09-11,P,7100.0,7747.25,0.8,194.0,0.9,412.0,0.9,20.0,1336.0,0.2507,-0.0089,0.0001,-0.356,0.3016,-0.0185
2026-09-03T17:05:53Z,2026-09-03 17:05:30,SPXW,2026-09-11,C,7110.0,7747.25,633.5,1.0,650.1,1.0,0.0,0.0,0.0,0.0,0.9907,0.0001,-0.0662,0.3096,1.9256
2026-09-03T17:05:53Z,2026-09-03 17:05:30,SPXW,2026-09-11,P,7110.0,7747.25,0.8,178.0,0.9,196.0,2.37,0.0,8.0,0.2472,-0.0092,0.0001,-0.3617,0.3096,-0.0191
2026-09-03T17:05:53Z,2026-09-03 17:05:30,SPXW,2026-09-11,C,7120.0,7747.25,623.8,1.0,641.5,1.0,0.0,0.0,0.0,0.226,0.9905,0.0001,-0.0768,0.318,1.9278
2026-09-03T17:05:53Z,2026-09-03 17:05:30,SPXW,2026-09-11,P,7120.0,7747.25,0.85,122.0,0.95,390.0,3.3,0.0,55.0,0.2454,-0.0095,0.0001,-0.3677,0.318,-0.0197
2026-09-03T17:05:53Z,2026-09-03 17:05:30,SPXW,2026-09-11,C,7125.0,7747.25,619.2,1.0,636.5,2.0,562.48,0.0,1.0,0.2338,0.9903,0.0001,-0.0821,0.3222,1.9288
2026-09-03T17:05:53Z,2026-09-03 17:05:30,SPXW,2026-09-11,P,7125.0,7747.25,0.85,157.0,0.95,386.0,1.84,0.0,568.0,0.2436,-0.0096,0.0001,-0.3708,0.3223,-0.02
2026-09-03T17:05:53Z,2026-09-03 17:05:30,SPXW,2026-09-11,C,7130.0,7747.25,613.5,1.0,631.5,1.0,558.19,0.0,7.0,0.2122,0.9902,0.0001,-0.0875,0.3266,1.9299
2026-09-03T17:05:53Z,2026-09-03 17:05:30,SPXW,2026-09-11,P,7130.0,7747.25,0.85,175.0,0.95,261.0,2.2,0.0,29.0,0.2418,-0.0098,0.0001,-0.374,0.3268,-0.0203
2026-09-03T17:05:53Z,2026-09-03 17:05:30,SPXW,2026-09-11,C,7140.0,7747.25,603.8,1.0,620.2,1.0,535.0,0.0,1.0,0.0,0.9899,0.0001,-0.0986,0.3357,1.932
2026-09-03T17:05:53Z,2026-09-03 17:05:30,SPXW,2026-09-11,P,7140.0,7747.25,0.85,212.0,0.95,85.0,0.95,100.0,201.0,0.2382,-0.0101,0.0001,-0.3804,0.3358,-0.0209
2026-09-03T17:05:53Z,2026-09-03 17:05:30,SPXW,2026-09-11,C,7150.0,7747.25,597.5,7.0,608.7,7.0,601.03,0.0,211.0,0.2334,0.9895,0.0001,-0.1099,0.3451,1.934
2026-09-03T17:05:53Z,2026-09-03 17:05:30,SPXW,2026-09-11,P,7150.0,7747.25,0.9,154.0,1.0,435.0,0.99,12.0,528.0,0.2363,-0.0104,0.0001,-0.3871,0.3451,-0.0216
2026-09-03T17:05:53Z,2026-09-03 17:05:30,SPXW,2026-09-11,C,7160.0,7747.25,583.4,1.0,601.6,1.0,0.0,0.0,0.0,0.1998,0.9892,0.0001,-0.1215,0.355,1.9361
2026-09-03T17:05:53Z,2026-09-03 17:05:30,SPXW,2026-09-11,P,7160.0,7747.25,0.9,165.0,1.0,162.0,3.92,0.0,31.0,0.2327,-0.0107,0.0001,-0.3941,0.355,-0.0223
2026-09-03T17:05:53Z,2026-09-03 17:05:30,SPXW,2026-09-11,C,7170.0,7747.25,574.4,1.0,590.2,1.0,0.0,0.0,0.0,0.1662,0.9888,0.0001,-0.1334,0.3654,1.9381
2026-09-03T17:05:53Z,2026-09-03 17:05:30,SPXW,2026-09-11,P,7170.0,7747.25,0.95,140.0,1.05,277.0,2.17,0.0,29.0,0.2307,-0.0111,0.0001,-0.4014,0.3654,-0.0231
2026-09-03T17:05:53Z,2026-09-03 17:05:30,SPXW,2026-09-11,C,7175.0,7747.25,568.7,1.0,586.7,1.0,565.68,0.0,7.0,0.2068,0.9886,0.0001,-0.1395,0.3708,1.939
2026-09-03T17:05:53Z,2026-09-03 17:05:30,SPXW,2026-09-11,P,7175.0,7747.25,0.95,158.0,1.05,326.0,1.12,2.0,299.0,0.2288,-0.0113,0.0001,-0.4053,0.371,-0.0235
2026-09-03T17:05:53Z,2026-09-03 17:05:30,SPXW,2026-09-11,C,7180.0,7747.25,564.0,1.0,581.7,1.0,0.0,0.0,0.0,0.212,0.9885,0.0001,-0.1457,0.3763,1.94
2026-09-03T17:05:53Z,2026-09-03 17:05:30,SPXW,2026-09-11,P,7180.0,7747.25,0.95,164.0,1.05,162.0,1.0,5.0,43.0,0.227,-0.0115,0.0001,-0.4092,0.3765,-0.0238
2026-09-03T17:05:53Z,2026-09-03 17:05:30,SPXW,2026-09-11,C,7190.0,7747.25,553.8,1.0,570.4,1.0,0.0,0.0,0.0,0.0,0.9881,0.0001,-0.1583,0.3878,1.9419
2026-09-03T17:05:53Z,2026-09-03 17:05:30,SPXW,2026-09-11,P,7190.0,7747.25,1.0,138.0,1.1,271.0,4.25,0.0,76.0,0.2248,-0.0119,0.0001,-0.4172,0.3881,-0.0247
2026-09-03T17:05:53Z,2026-09-03 17:05:30,SPXW,2026-09-11,C,7200.0,7747.25,543.6,1.0,561.8,1.0,500.04,0.0,17.0,0.1969,0.9876,0.0001,-0.1713,0.4,1.9438
2026-09-03T17:05:53Z,2026-09-03 17:05:30,SPXW,2026-09-11,P,7200.0,7747.25,1.0,188.0,1.1,162.0,1.07,27.0,1213.0,0.2212,-0.0123,0.0001,-0.4256,0.4003,-0.0256
2026-09-03T17:05:53Z,2026-09-03 17:05:30,SPXW,2026-09-11,C,7210.0,7747.25,534.2,1.0,551.8,1.0,498.14,0.0,1.0,0.2063,0.9872,0.0001,-0.1847,0.4129,1.9456
2026-09-03T17:05:53Z,2026-09-03 17:05:30,SPXW,2026-09-11,P,7210.0,7747.25,1.05,152.0,1.15,183.0,1.25,25.0,152.0,0.219,-0.0127,0.0001,-0.4345,0.4132,-0.0265
2026-09-03T17:05:53Z,2026-09-03 17:05:30,SPXW,2026-09-11,C,7220.0,7747.25,523.9,1.0,541.9,1.0,484.27,0.0,5.0,0.1985,0.9867,0.0001,-0.1986,0.4264,1.9473
2026-09-03T17:05:53Z,2026-09-03 17:05:30,SPXW,2026-09-11,P,7220.0,7747.25,1.1,120.0,1.2,291.0,1.3,35.0,1997.0,0.2166,-0.0132,0.0001,-0.4438,0.4268,-0.0275
2026-09-03T17:05:53Z,2026-09-03 17:05:30,SPXW,2026-09-11,C,7225.0,7747.25,518.1,1.0,536.9,2.0,505.96,0.0,6.0,0.1726,0.9865,0.0001,-0.2058,0.4335,1.9482
2026-09-03T17:05:53Z,2026-09-03 17:05:30,SPXW,2026-09-11,P,7225.0,7747.25,1.1,147.0,1.2,266.0,1.3,30.0,258.0,0.2148,-0.0135,0.0001,-0.4486,0.4338,-0.028
2026-09-03T17:05:53Z,2026-09-03 17:05:30,SPXW,2026-09-11,C,7230.0,7747.25,514.5,1.0,531.9,1.0,443.28,0.0,0.0,0.2052,0.9862,0.0001,-0.213,0.4408,1.949
2026-09-03T17:05:53Z,2026-09-03 17:05:30,SPXW,2026-09-11,P,7230.0,7747.25,1.1,151.0,1.2,153.0,1.45,18.0,64.0,0.213,-0.0137,0.0001,-0.4536,0.4411,-0.0285
2026-09-03T17:05:53Z,2026-09-03 17:05:30,SPXW,2026-09-11,C,7240.0,7747.25,504.0,1.0,520.5,1.0,465.06,0.0,6.0,0.0,0.9857,0.0001,-0.228,0.4559,1.9506
2026-09-03T17:05:53Z,2026-09-03 17:05:30,SPXW,2026-09-11,P,7240.0,7747.25,1.15,145.0,1.25,178.0,1.25,25.0,149.0,0.2105,-0.0143,0.0001,-0.464,0.4562,-0.0297
2026-09-03T17:05:53Z,2026-09-03 17:05:30,SPXW,2026-09-11,C,7250.0,7747.25,494.5,1.0,512.0,1.0,424.58,0.0,6.0,0.1988,0.9851,0.0002,-0.2436,0.4718,1.9521
2026-09-03T17:05:53Z,2026-09-03 17:05:30,SPXW,2026-09-11,P,7250.0,7747.25,1.2,115.0,1.3,439.0,1.27,63.0,770.0,0.208,-0.0149,0.0002,-0.475,0.4722,-0.0309
2026-09-03T17:05:53Z,2026-09-03 17:05:30,SPXW,2026-09-11,C,7260.0,7747.25,483.2,1.0,502.0,1.0,416.93,0.0,4.0,0.1667,0.9845,0.0002,-0.2599,0.4887,1.9535
2026-09-03T17:05:53Z,2026-09-03 17:05:30,SPXW,2026-09-11,P,7260.0,7747.25,1.2,243.0,1.35,341.0,1.65,18.0,139.0,0.2049,-0.0155,0.0002,-0.4867,0.489,-0.0322
2026-09-03T17:05:53Z,2026-09-03 17:05:30,SPXW,2026-09-11,C,7270.0,7747.25,474.5,1.0,492.1,1.0,469.25,0.0,1.0,0.1924,0.9838,0.0002,-0.2769,0.5065,1.9549
2026-09-03T17:05:53Z,2026-09-03 17:05:30,SPXW,2026-09-11,P,7270.0,7747.25,1.25,207.0,1.35,158.0,1.32,38.0,1125.0,0.2018,-0.0161,0.0002,-0.499,0.5066,-0.0336
2026-09-03T17:05:53Z,2026-09-03 17:05:30,SPXW,2026-09-11,C,7275.0,7747.25,468.5,1.0,487.1,1.0,428.62,0.0,14.0,0.1726,0.9835,0.0002,-0.2857,0.5158,1.9555
2026-09-03T17:05:53Z,2026-09-03 17:05:30,SPXW,2026-09-11,P,7275.0,7747.25,1.3,124.0,1.4,344.0,1.33,39.0,1457.0,0.201,-0.0165,0.0002,-0.5056,0.5162,-0.0344
2026-09-03T17:05:53Z,2026-09-03 17:05:30,SPXW,2026-09-11,C,7280.0,7747.25,464.7,1.0,482.1,1.0,0.0,0.0,0.0,0.1911,0.9831,0.0002,-0.2947,0.5254,1.9561
2026-09-03T17:05:53Z,2026-09-03 17:05:30,SPXW,2026-09-11,P,7280.0,7747.25,1.3,141.0,1.4,143.0,1.35,120.0,232.0,0.1991,-0.0168,0.0002,-0.5124,0.5258,-0.0351
2026-09-03T17:05:53Z,2026-09-03 17:05:30,SPXW,2026-09-11,C,7290.0,7747.25,453.2,1.0,472.2,1.0,378.07,0.0,10.0,0.1614,0.9823,0.0002,-0.3133,0.5455,1.9572
2026-09-03T17:05:53Z,2026-09-03 17:05:30,SPXW,2026-09-11,P,7290.0,7747.25,1.35,220.0,1.45,196.0,1.45,14.0,599.0,0.1964,-0.0176,0.0002,-0.5264,0.5459,-0.0367
2026-09-03T17:05:53Z,2026-09-03 17:05:30,SPXW,2026-09-11,C,7300.0,7747.25,444.7,1.0,462.3,1.0,454.0,3.0,59.0,0.1858,0.9815,0.0002,-0.3329,0.567,1.9583
2026-09-03T17:05:53Z,2026-09-03 17:05:30,SPXW,2026-09-11,P,7300.0,7747.25,1.4,237.0,1.5,160.0,1.49,408.0,2238.0,0.1936,-0.0184,0.0002,-0.5414,0.5675,-0.0384
2026-09-03T17:05:53Z,2026-09-03 17:05:30,SPXW,2026-09-11,C,7310.0,7747.25,434.9,1.0,452.3,1.0,427.45,1.0,13.0,0.1841,0.9806,0.0002,-0.3535,0.5901,1.9592
2026-09-03T17:05:53Z,2026-09-03 17:05:30,SPXW,2026-09-11,P,7310.0,7747.25,1.45,251.0,1.55,63.0,1.52,25.0,168.0,0.1909,-0.0193,0.0002,-0.5571,0.5901,-0.0402
2026-09-03T17:05:53Z,2026-09-03 17:05:30,SPXW,2026-09-11,C,7320.0,7747.25,424.0,1.0,442.4,1.0,503.67,0.0,7.0,0.17,0.9797,0.0002,-0.3752,0.6149,1.9599
2026-09-03T17:05:53Z,2026-09-03 17:05:30,SPXW,2026-09-11,P,7320.0,7747.25,1.55,124.0,1.65,252.0,1.62,38.0,213.0,0.1889,-0.0203,0.0002,-0.5742,0.6149,-0.0422
2026-09-03T17:05:53Z,2026-09-03 17:05:30,SPXW,2026-09-11,C,7325.0,7747.25,420.0,1.0,436.8,1.0,356.93,0.0,7.0,0.1735,0.9792,0.0002,-0.3865,0.6279,1.9602
2026-09-03T17:05:53Z,2026-09-03 17:05:30,SPXW,2026-09-11,P,7325.0,7747.25,1.55,227.0,1.65,71.0,1.62,60.0,307.0,0.187,-0.0208,0.0002,-0.5832,0.6279,-0.0433
2026-09-03T17:05:53Z,2026-09-03 17:05:30,SPXW,2026-09-11,C,7330.0,7747.25,415.0,1.0,432.5,1.0,242.0,0.0,1.0,0.1794,0.9786,0.0002,-0.3981,0.6414,1.9605
2026-09-03T17:05:53Z,2026-09-03 17:05:30,SPXW,2026-09-11,P,7330.0,7747.25,1.6,151.0,1.7,161.0,1.65,34.0,276.0,0.186,-0.0213,0.0002,-0.5925,0.6414,-0.0444
2026-09-03T17:05:53Z,2026-09-03 17:05:30,SPXW,2026-09-11,C,7335.0,7747.25,410.3,1.0,427.4,1.0,0.0,0.0,0.0,0.1793,0.9781,0.0002,-0.41,0.6553,1.9607
2026-09-03T17:05:53Z,2026-09-03 17:05:30,SPXW,2026-09-11,P,7335.0,7747.25,1.65,101.0,1.75,155.0,2.47,8.0,8.0,0.1849,-0.0218,0.0002,-0.6022,0.6553,-0.0455
2026-09-03T17:05:53Z,2026-09-03 17:05:30,SPXW,2026-09-11,C,7340.0,7747.25,404.9,1.0,422.6,1.0,354.63,0.0,1.0,0.1754,0.9775,0.0002,-0.4223,0.6696,1.9609
2026-09-03T17:05:53Z,2026-09-03 17:05:30,SPXW,2026-09-11,P,7340.0,7747.25,1.65,170.0,1.8,171.0,1.79,37.0,1401.0,0.1834,-0.0224,0.0002,-0.6121,0.6696,-0.0467
2026-09-03T17:05:53Z,2026-09-03 17:05:30,SPXW,2026-09-11,C,7345.0,7747.25,400.1,1.0,417.6,1.0,0.0,0.0,0.0,0.1753,0.9769,0.0003,-0.4349,0.6845,1.961
2026-09-03T17:05:53Z,2026-09-03 17:05:30,SPXW,2026-09-11,P,7345.0,7747.25,1.7,147.0,1.8,65.0,1.8,261.0,0.0,0.1818,-0.023,0.0003,-0.6224,0.6845,-0.048
2026-09-03T17:05:53Z,2026-09-03 17:05:30,SPXW,2026-09-11,C,7350.0,7747.25,395.0,1.0,412.7,1.0,350.62,0.0,16.0,0.1733,0.9763,0.0003,-0.4479,0.6998,1.961
2026-09-03T17:05:53Z,2026-09-03 17:05:30,SPXW,2026-09-11,P,7350.0,7747.25,1.75,139.0,1.85,143.0,1.82,154.0,2629.0,0.1807,-0.0236,0.0003,-0.6332,0.6998,-0.0493
2026-09-03T17:05:53Z,2026-09-03 17:05:30,SPXW,2026-09-11,C,7355.0,7747.25,390.1,1.0,407.7,1.0,0.0,0.0,0.0,0.1722,0.9757,0.0003,-0.4613,0.7155,1.961
2026-09-03T17:05:53Z,2026-09-03 17:05:30,SPXW,2026-09-11,P,7355.0,7747.25,1.8,108.0,1.9,122.0,1.85,13.0,5.0,0.1795,-0.0243,0.0003,-0.6442,0.7155,-0.0507
2026-09-03T17:05:53Z,2026-09-03 17:05:30,SPXW,2026-09-11,C,7360.0,7747.25,384.6,1.0,402.8,1.0,361.77,0.0,33.0,0.1664,0.975,0.0003,-0.4751,0.7318,1.9609
2026-09-03T17:05:53Z,2026-09-03 17:05:30,SPXW,2026-09-11,P,7360.0,7747.25,1.85,103.0,1.95,148.0,1.92,180.0,285.0,0.1783,-0.0249,0.0003,-0.6558,0.7318,-0.0521
2026-09-03T17:05:53Z,2026-09-03 17:05:30,SPXW,2026-09-11,C,7365.0,7747.25,379.7,1.0,397.8,1.0,0.0,0.0,0.0,0.1654,0.9743,0.0003,-0.4894,0.7487,1.9608
2026-09-03T17:05:53Z,2026-09-03 17:05:30,SPXW,2026-09-11,P,7365.0,7747.25,1.85,147.0,2.0,128.0,1.9,33.0,8.0,0.1767,-0.0256,0.0003,-0.6677,0.7487,-0.0536
2026-09-03T17:05:53Z,2026-09-03 17:05:30,SPXW,2026-09-11,C,7370.0,7747.25,375.3,1.0,392.9,1.0,309.95,0.0,42.0,0.1697,0.9736,0.0003,-0.504,0.7662,1.9606
2026-09-03T17:05:53Z,2026-09-03 17:05:30,SPXW,2026-09-11,P,7370.0,7747.25,1.9,169.0,2.05,145.0,1.97,130.0,326.0,0.1755,-0.0264,0.0003,-0.68,0.7662,-0.0552
2026-09-03T17:05:53Z,2026-09-03 17:05:30,SPXW,2026-09-11,C,7375.0,7747.25,369.8,1.0,387.9,1.0,308.29,0.0,45.0,0.1633,0.9728,0.0003,-0.5191,0.7844,1.9604
2026-09-03T17:05:53Z,2026-09-03 17:05:30,SPXW,2026-09-11,P,7375.0,7747.25,1.95,325.0,2.1,227.0,2.03,101.0,1545.0,0.1742,-0.0272,0.0003,-0.6928,0.7844,-0.0568
2026-09-03T17:05:53Z,2026-09-03 17:05:30,SPXW,2026-09-11,C,7380.0,7747.25,365.3,1.0,383.0,1.0,318.89,0.0,2.0,0.1664,0.972,0.0003,-0.5347,0.8032,1.9601
2026-09-03T17:05:53Z,2026-09-03 17:05:30,SPXW,2026-09-11,P,7380.0,7747.25,2.0,242.0,2.15,140.0,2.22,67.0,418.0,0.173,-0.028,0.0003,-0.7061,0.8032,-0.0584
2026-09-03T17:05:53Z,2026-09-03 17:05:30,SPXW,2026-09-11,C,7385.0,7747.25,360.1,1.0,378.0,1.0,0.0,0.0,0.0,0.1628,0.9712,0.0003,-0.5507,0.8228,1.9597
2026-09-03T17:05:53Z,2026-09-03 17:05:30,SPXW,2026-09-11,P,7385.0,7747.25,2.1,70.0,2.2,124.0,3.2,11.0,23.0,0.172,-0.0288,0.0003,-0.7199,0.8228,-0.0602
2026-09-03T17:05:53Z,2026-09-03 17:05:30,SPXW,2026-09-11,C,7390.0,7747.25,354.9,1.0,373.1,1.0,170.2,0.0,2.0,0.1599,0.9703,0.0003,-0.5673,0.8432,1.9593
2026-09-03T17:05:53Z,2026-09-03 17:05:30,SPXW,2026-09-11,P,7390.0,7747.25,2.15,160.0,2.25,123.0,2.62,155.0,371.0,0.1706,-0.0297,0.0003,-0.7341,0.8432,-0.062
2026-09-03T17:05:53Z,2026-09-03 17:05:30,SPXW,2026-09-11,C,7395.0,7747.25,350.7,1.0,368.2,1.0,0.0,0.0,0.0,0.1648,0.9694,0.0004,-0.5843,0.8644,1.9588
2026-09-03T17:05:53Z,2026-09-03 17:05:30,SPXW,2026-09-11,P,7395.0,7747.25,2.2,111.0,2.3,142.0,2.75,24.0,90.0,0.1692,-0.0306,0.0004,-0.7492,0.8648,-0.0639
2026-09-03T17:05:53Z,2026-09-03 17:05:30,SPXW,2026-09-11,C,7400.0,7747.25,346.0,1.0,363.3,1.0,312.59,3.0,23.0,0.1655,0.9684,0.0004,-0.6019,0.8864,1.9581
2026-09-03T17:05:53Z,2026-09-03 17:05:30,SPXW,2026-09-11,P,7400.0,7747.25,2.25,149.0,2.4,333.0,2.35,630.0,1928.0,0.1682,-0.0315,0.0004,-0.7645,0.8868,-0.0659
2026-09-03T17:05:53Z,2026-09-03 17:05:30,SPXW,2026-09-11,C,7405.0,7747.25,340.8,1.0,358.3,1.0,0.0,0.0,0.0,0.162,0.9674,0.0004,-0.6201,0.9091,1.9574
2026-09-03T17:05:53Z,2026-09-03 17:05:30,SPXW,2026-09-11,P,7405.0,7747.25,2.3,190.0,2.45,117.0,2.95,21.0,41.0,0.1668,-0.0325,0.0004,-0.78,0.9091,-0.068
2026-09-03T17:05:53Z,2026-09-03 17:05:30,SPXW,2026-09-11,C,7410.0,7747.25,335.5,1.0,353.4,1.0,238.0,0.0,74.0,0.1586,0.9664,0.0004,-0.6388,0.9327,1.9565
2026-09-03T17:05:53Z,2026-09-03 17:05:30,SPXW,2026-09-11,P,7410.0,7747.25,2.4,119.0,2.5,109.0,2.49,184.0,504.0,0.1656,-0.0336,0.0004,-0.7965,0.9327,-0.0702
2026-09-03T17:05:53Z,2026-09-03 17:05:30,SPXW,2026-09-11,C,7415.0,7747.25,330.3,1.0,348.5,1.0,0.0,0.0,0.0,0.1558,0.9653,0.0004,-0.6582,0.957,1.9556
2026-09-03T17:05:53Z,2026-09-03 17:05:30,SPXW,2026-09-11,P,7415.0,7747.25,2.45,131.0,2.6,115.0,2.62,24.0,49.0,0.1645,-0.0346,0.0004,-0.8135,0.957,-0.0725
2026-09-03T17:05:53Z,2026-09-03 17:05:30,SPXW,2026-09-11,C,7420.0,7747.25,326.1,1.0,343.6,1.0,317.96,0.0,6.0,0.1596,0.9641,0.0004,-0.6781,0.9821,1.9545
2026-09-03T17:05:53Z,2026-09-03 17:05:30,SPXW,2026-09-11,P,7420.0,7747.25,2.55,116.0,2.65,135.0,2.69,42.0,1348.0,0.1633,-0.0358,0.0004,-0.8312,0.9821,-0.075
2026-09-03T17:05:53Z,2026-09-03 17:05:30,SPXW,2026-09-11,C,7425.0,7747.25,321.2,1.0,338.7,1.0,285.19,0.0,51.0,0.1587,0.963,0.0004,-0.6987,1.008,1.9533
2026-09-03T17:05:53Z,2026-09-03 17:05:30,SPXW,2026-09-11,P,7425.0,7747.25,2.6,198.0,2.75,134.0,2.67,106.0,945.0,0.162,-0.037,0.0004,-0.8494,1.008,-0.0775
2026-09-03T17:05:53Z,2026-09-03 17:05:30,SPXW,2026-09-11,C,7430.0,7747.25,316.5,1.0,333.8,1.0,326.31,1.0,44.0,0.1589,0.9617,0.0004,-0.72,1.0348,1.952
2026-09-03T17:05:53Z,2026-09-03 17:05:30,SPXW,2026-09-11,P,7430.0,7747.25,2.7,131.0,2.85,281.0,2.8,206.0,462.0,0.161,-0.0382,0.0004,-0.8684,1.0348,-0.0802
2026-09-03T17:05:53Z,2026-09-03 17:05:30,SPXW,2026-09-11,C,7435.0,7747.25,311.3,1.0,328.9,1.0,0.0,0.0,0.0,0.1562,0.9604,0.0005,-0.7419,1.0626,1.9506
2026-09-03T17:05:53Z,2026-09-03 17:05:30,SPXW,2026-09-11,P,7435.0,7747.25,2.8,98.0,2.95,262.0,3.01,14.0,48.0,0.16,-0.0395,0.0005,-0.8881,1.0626,-0.083
2026-09-03T17:05:53Z,2026-09-03 17:05:30,SPXW,2026-09-11,C,7440.0,7747.25,306.4,1.0,324.0,1.0,316.58,0.0,11.0,0.1551,0.959,0.0005,-0.7646,1.0914,1.9491
2026-09-03T17:05:53Z,2026-09-03 17:05:30,SPXW,2026-09-11,P,7440.0,7747.25,2.9,57.0,3.0,92.0,3.02,92.0,202.0,0.1586,-0.0409,0.0005,-0.9084,1.0914,-0.0858
2026-09-03T17:05:53Z,2026-09-03 17:05:30,SPXW,2026-09-11,C,7445.0,7747.25,300.8,1.0,319.1,1.0,0.0,0.0,0.0,0.1502,0.9576,0.0005,-0.7879,1.1214,1.9475
2026-09-03T17:05:53Z,2026-09-03 17:05:30,SPXW,2026-09-11,P,7445.0,7747.25,3.0,55.0,3.1,95.0,3.7,50.0,88.0,0.1575,-0.0423,0.0005,-0.9295,1.1214,-0.0888
2026-09-03T17:05:53Z,2026-09-03 17:05:30,SPXW,2026-09-11,C,7450.0,7747.25,296.6,1.0,314.2,1.0,232.52,0.0,35.0,0.1529,0.9561,0.0005,-0.812,1.1526,1.9457
2026-09-03T17:05:53Z,2026-09-03 17:05:30,SPXW,2026-09-11,P,7450.0,7747.25,3.1,113.0,3.2,127.0,3.13,450.0,1924.0,0.1564,-0.0438,0.0005,-0.9513,1.1526,-0.092
2026-09-03T17:05:53Z,2026-09-03 17:05:30,SPXW,2026-09-11,C,7455.0,7747.25,291.1,2.0,309.3,1.0,0.0,0.0,0.0,0.1487,0.9545,0.0005,-0.8369,1.185,1.9438
2026-09-03T17:05:53Z,2026-09-03 17:05:30,SPXW,2026-09-11,P,7455.0,7747.25,3.2,173.0,3.4,427.0,5.3,10.0,98.0,0.1556,-0.0454,0.0005,-0.9738,1.185,-0.0953
2026-09-03T17:05:53Z,2026-09-03 17:05:30,SPXW,2026-09-11,C,7460.0,7747.25,286.4,1.0,303.7,1.0,296.77,1.0,160.0,0.145,0.9529,0.0006,-0.8625,1.2186,1.9417
2026-09-03T17:05:53Z,2026-09-03 17:05:30,SPXW,2026-09-11,P,7460.0,7747.25,3.3,117.0,3.5,263.0,3.42,183.0,491.0,0.1544,-0.0471,0.0006,-0.9971,1.2186,-0.0987
2026-09-03T17:05:53Z,2026-09-03 17:05:30,SPXW,2026-09-11,C,7465.0,7747.25,281.3,1.0,299.5,1.0,0.0,0.0,0.0,0.1464,0.9511,0.0006,-0.8889,1.2534,1.9394
2026-09-03T17:05:53Z,2026-09-03 17:05:30,SPXW,2026-09-11,P,7465.0,7747.25,3.4,239.0,3.6,274.0,3.6,46.0,68.0,0.1531,-0.0488,0.0006,-1.0212,1.2534,-0.1024
2026-09-03T17:05:53Z,2026-09-03 17:05:30,SPXW,2026-09-11,C,7470.0,7747.25,276.4,1.0,294.7,1.0,215.0,0.0,35.0,0.1457,0.9493,0.0006,-0.9161,1.2893,1.9369
2026-09-03T17:05:53Z,2026-09-03 17:05:30,SPXW,2026-09-11,P,7470.0,7747.25,3.5,210.0,3.7,135.0,3.6,226.0,661.0,0.1518,-0.0506,0.0006,-1.0462,1.2893,-0.1063
2026-09-03T17:05:53Z,2026-09-03 17:05:30,SPXW,2026-09-11,C,7475.0,7747.25,276.3,8.0,286.5,8.0,209.78,0.0,219.0,0.151,0.9474,0.0006,-0.9442,1.3262,1.9342
2026-09-03T17:05:53Z,2026-09-03 17:05:30,SPXW,2026-09-11,P,7475.0,7747.25,3.7,86.0,3.9,240.0,3.76,352.0,1226.0,0.1512,-0.0525,0.0006,-1.0719,1.3262,-0.1103
2026-09-03T17:05:53Z,2026-09-03 17:05:30,SPXW,2026-09-11,C,7480.0,7747.25,266.6,1.0,284.3,2.0,168.0,0.0,47.0,0.1404,0.9454,0.0006,-0.9731,1.3643,1.9313
2026-09-03T17:05:53Z,2026-09-03 17:05:30,SPXW,2026-09-11,P,7480.0,7747.25,3.8,156.0,4.0,105.0,3.96,294.0,419.0,0.1498,-0.0545,0.0006,-1.0985,1.3643,-0.1146
2026-09-03T17:05:53Z,2026-09-03 17:05:30,SPXW,2026-09-11,C,7485.0,7747.25,261.9,1.0,279.3,1.0,165.4,0.0,7.0,0.1396,0.9434,0.0007,-1.0029,1.4035,1.9282
2026-09-03T17:05:53Z,2026-09-03 17:05:30,SPXW,2026-09-11,P,7485.0,7747.25,4.0,92.0,4.2,307.0,4.4,77.0,74.0,0.1492,-0.0566,0.0007,-1.126,1.4035,-0.119
2026-09-03T17:05:53Z,2026-09-03 17:05:30,SPXW,2026-09-11,C,7490.0,7747.25,257.3,1.0,274.4,2.0,212.62,0.0,11.0,0.1396,0.9412,0.0007,-1.0336,1.4441,1.925
2026-09-03T17:05:53Z,2026-09-03 17:05:30,SPXW,2026-09-11,P,7490.0,7747.25,4.1,158.0,4.3,135.0,4.23,190.0,348.0,0.1477,-0.0587,0.0007,-1.1544,1.4441,-0.1237
2026-09-03T17:05:53Z,2026-09-03 17:05:30,SPXW,2026-09-11,C,7495.0,7747.25,252.8,1.0,270.5,1.0,165.4,0.0,11.0,0.1439,0.9389,0.0007,-1.0652,1.4861,1.9215
2026-09-03T17:05:53Z,2026-09-03 17:05:30,SPXW,2026-09-11,P,7495.0,7747.25,4.3,157.0,4.4,19.0,4.35,158.0,440.0,0.1465,-0.061,0.0007,-1.1837,1.4861,-0.1285
2026-09-03T17:05:53Z,2026-09-03 17:05:30,SPXW,2026-09-11,C,7500.0,7747.25,252.3,8.0,262.1,8.0,211.87,2.0,526.0,0.1456,0.9365,0.0007,-1.0977,1.5298,1.9179
2026-09-03T17:05:53Z,2026-09-03 17:05:30,SPXW,2026-09-11,P,7500.0,7747.25,4.5,85.0,4.6,51.0,4.51,6436.0,1723.0,0.1457,-0.0634,0.0007,-1.2139,1.5298,-0.1335
2026-09-03T17:05:53Z,2026-09-03 17:05:30,SPXW,2026-09-11,C,7505.0,7747.25,243.3,1.0,260.5,2.0,153.6,0.0,24.0,0.1411,0.934,0.0008,-1.1311,1.5752,1.914
2026-09-03T17:05:53Z,2026-09-03 17:05:30,SPXW,2026-09-11,P,7505.0,7747.25,4.7,27.0,4.8,129.0,7.6,25.0,131.0,0.1448,-0.0659,0.0008,-1.2451,1.5752,-0.1388
2026-09-03T17:05:53Z,2026-09-03 17:05:30,SPXW,2026-09-11,C,7510.0,7747.25,238.5,1.0,256.0,1.0,233.25,1.0,17.0,0.1413,0.9314,0.0008,-1.1654,1.6221,1.9098
2026-09-03T17:05:53Z,2026-09-03 17:05:30,SPXW,2026-09-11,P,7510.0,7747.25,4.9,6.0,5.0,138.0,5.0,107.0,260.0,0.1438,-0.0686,0.0008,-1.2771,1.6221,-0.1443
2026-09-03T17:05:53Z,2026-09-03 17:05:30,SPXW,2026-09-11,C,7515.0,7747.25,233.7,1.0,251.3,1.0,148.2,0.0,16.0,0.1406,0.9286,0.0008,-1.2007,1.6704,1.9052
2026-09-03T17:05:53Z,2026-09-03 17:05:30,SPXW,2026-09-11,P,7515.0,7747.25,5.1,6.0,5.2,83.0,5.15,162.0,171.0,0.1427,-0.0713,0.0008,-1.3101,1.6704,-0.1502
2026-09-03T17:05:53Z,2026-09-03 17:05:30,SPXW,2026-09-11,C,7520.0,7747.25,227.5,1.0,246.5,1.0,141.7,0.0,103.0,0.1349,0.9257,0.0008,-1.237,1.72,1.9004
2026-09-03T17:05:53Z,2026-09-03 17:05:30,SPXW,2026-09-11,P,7520.0,7747.25,5.3,24.0,5.4,42.0,5.36,131.0,415.0,0.1416,-0.0742,0.0008,-1.3441,1.72,-0.1564
2026-09-03T17:05:53Z,2026-09-03 17:05:30,SPXW,2026-09-11,C,7525.0,7747.25,223.2,1.0,241.6,1.0,187.47,10.0,48.0,0.1352,0.9227,0.0009,-1.2742,1.7708,1.8952
2026-09-03T17:05:53Z,2026-09-03 17:05:30,SPXW,2026-09-11,P,7525.0,7747.25,5.5,83.0,5.6,22.0,5.55,218.0,1273.0,0.1405,-0.0772,0.0009,-1.379,1.7708,-0.163
2026-09-03T17:05:53Z,2026-09-03 17:05:30,SPXW,2026-09-11,C,7530.0,7747.25,218.1,2.0,237.0,1.0,182.87,4.0,33.0,0.1338,0.9195,0.0009,-1.3124,1.8229,1.8898
2026-09-03T17:05:53Z,2026-09-03 17:05:30,SPXW,2026-09-11,P,7530.0,7747.25,5.7,55.0,5.9,57.0,5.8,183.0,259.0,0.1396,-0.0804,0.0009,-1.4149,1.8229,-0.1698
2026-09-03T17:05:53Z,2026-09-03 17:05:30,SPXW,2026-09-11,C,7535.0,7747.25,214.5,1.0,231.9,1.0,131.4,0.0,30.0,0.1354,0.9162,0.001,-1.3516,1.8766,1.8841
2026-09-03T17:05:53Z,2026-09-03 17:05:30,SPXW,2026-09-11,P,7535.0,7747.25,6.0,49.0,6.1,38.0,6.42,71.0,150.0,0.1386,-0.0838,0.001,-1.4518,1.8766,-0.1768
2026-09-03T17:05:53Z,2026-09-03 17:05:30,SPXW,2026-09-11,C,7540.0,7747.25,214.1,8.0,224.0,8.0,125.7,0.0,244.0,0.1378,0.9127,0.001,-1.3918,1.9321,1.8781
2026-09-03T17:05:53Z,2026-09-03 17:05:30,SPXW,2026-09-11,P,7540.0,7747.25,6.2,55.0,6.4,49.0,6.33,259.0,933.0,0.1376,-0.0872,0.001,-1.4897,1.9321,-0.1842
2026-09-03T17:05:53Z,2026-09-03 17:05:30,SPXW,2026-09-11,C,7545.0,7747.25,208.4,1.0,221.1,1.0,121.8,0.0,29.0,0.139,0.909,0.001,-1.4329,1.9896,1.8718
2026-09-03T17:05:53Z,2026-09-03 17:05:30,SPXW,2026-09-11,P,7545.0,7747.25,6.5,56.0,6.7,58.0,7.6,114.0,137.0,0.1367,-0.0909,0.001,-1.5285,1.9896,-0.1919
2026-09-03T17:05:53Z,2026-09-03 17:05:30,SPXW,2026-09-11,C,7550.0,7747.25,203.2,2.0,216.4,1.0,209.99,203.0,81.0,0.1367,0.9052,0.0011,-1.475,2.049,1.8651
2026-09-03T17:05:53Z,2026-09-03 17:05:30,SPXW,2026-09-11,P,7550.0,7747.25,6.8,78.0,7.0,80.0,6.8,609.0,1734.0,0.1358,-0.0947,0.0011,-1.5683,2.049,-0.2
2026-09-03T17:05:53Z,2026-09-03 17:05:30,SPXW,2026-09-11,C,7555.0,7747.25,199.0,1.0,211.1,1.0,114.4,0.0,18.0,0.1354,0.9012,0.0011,-1.518,2.11,1.8578
2026-09-03T17:05:53Z,2026-09-03 17:05:30,SPXW,2026-09-11,P,7555.0,7747.25,7.1,52.0,7.3,53.0,7.26,58.0,488.0,0.1348,-0.0987,0.0011,-1.609,2.11,-0.2086
2026-09-03T17:05:53Z,2026-09-03 17:05:30,SPXW,2026-09-11,C,7560.0,7747.25,193.9,1.0,205.8,1.0,196.95,6.0,166.0,0.1319,0.897,0.0012,-1.562,2.1723,1.8501
2026-09-03T17:05:53Z,2026-09-03 17:05:30,SPXW,2026-09-11,P,7560.0,7747.25,7.4,49.0,7.6,44.0,7.4,458.0,563.0,0.1337,-0.1029,0.0012,-1.6506,2.1723,-0.2176
2026-09-03T17:05:53Z,2026-09-03 17:05:30,SPXW,2026-09-11,C,7565.0,7747.25,192.8,24.0,198.7,24.0,108.4,0.0,17.0,0.1336,0.8926,0.0012,-1.6068,2.2357,1.842
2026-09-03T17:05:53Z,2026-09-03 17:05:30,SPXW,2026-09-11,P,7565.0,7747.25,7.8,42.0,7.9,33.0,7.8,199.0,126.0,0.1328,-0.1073,0.0012,-1.6932,2.2357,-0.2272
2026-09-03T17:05:53Z,2026-09-03 17:05:30,SPXW,2026-09-11,C,7570.0,7747.25,187.9,24.0,194.1,24.0,132.5,0.0,68.0,0.1321,0.888,0.0012,-1.6526,2.3003,1.8334
2026-09-03T17:05:53Z,2026-09-03 17:05:30,SPXW,2026-09-11,P,7570.0,7747.25,8.1,49.0,8.3,41.0,8.75,153.0,318.0,0.1319,-0.112,0.0012,-1.7367,2.3003,-0.237
2026-09-03T17:05:53Z,2026-09-03 17:05:30,SPXW,2026-09-11,C,7575.0,7747.25,183.6,31.0,189.4,32.0,106.5,0.0,336.0,0.1317,0.8831,0.0013,-1.6992,2.3665,1.8246
2026-09-03T17:05:53Z,2026-09-03 17:05:30,SPXW,2026-09-11,P,7575.0,7747.25,8.5,72.0,8.7,70.0,8.57,884.0,838.0,0.131,-0.1168,0.0013,-1.781,2.3665,-0.2473
2026-09-03T17:05:53Z,2026-09-03 17:05:30,SPXW,2026-09-11,C,7580.0,7747.25,179.0,24.0,184.8,24.0,148.37,1.0,32.0,0.1307,0.8781,0.0013,-1.7467,2.4347,1.8153
2026-09-03T17:05:53Z,2026-09-03 17:05:30,SPXW,2026-09-11,P,7580.0,7747.25,8.9,44.0,9.1,42.0,9.0,421.0,744.0,0.1301,-0.1218,0.0013,-1.8262,2.4347,-0.2579
2026-09-03T17:05:53Z,2026-09-03 17:05:30,SPXW,2026-09-11,C,7585.0,7747.25,174.5,24.0,180.3,24.0,116.04,0.0,20.0,0.1301,0.8728,0.0014,-1.795,2.5048,1.8055
2026-09-03T17:05:53Z,2026-09-03 17:05:30,SPXW,2026-09-11,P,7585.0,7747.25,9.3,42.0,9.5,39.0,9.7,185.0,183.0,0.1291,-0.1272,0.0014,-1.8722,2.5048,-0.2691
2026-09-03T17:05:53Z,2026-09-03 17:05:30,SPXW,2026-09-11,C,7590.0,7747.25,169.7,25.0,175.7,25.0,109.57,0.0,62.0,0.1286,0.8672,0.0014,-1.8439,2.5767,1.795
2026-09-03T17:05:53Z,2026-09-03 17:05:30,SPXW,2026-09-11,P,7590.0,7747.25,9.8,35.0,9.9,26.0,9.9,210.0,1564.0,0.1282,-0.1327,0.0014,-1.9188,2.5767,-0.281
2026-09-03T17:05:53Z,2026-09-03 17:05:30,SPXW,2026-09-11,C,7595.0,7747.25,165.4,25.0,171.2,25.0,136.12,2.0,45.0,0.1281,0.8614,0.0015,-1.8935,2.6498,1.7838
2026-09-03T17:05:53Z,2026-09-03 17:05:30,SPXW,2026-09-11,P,7595.0,7747.25,10.2,40.0,10.4,33.0,10.85,95.0,277.0,0.1273,-0.1385,0.0015,-1.9662,2.6498,-0.2935
2026-09-03T17:05:53Z,2026-09-03 17:05:30,SPXW,2026-09-11,C,7600.0,7747.25,160.7,32.0,166.6,33.0,163.99,18.0,446.0,0.1267,0.8554,0.0016,-1.9438,2.7235,1.772
2026-09-03T17:05:53Z,2026-09-03 17:05:30,SPXW,2026-09-11,P,7600.0,7747.25,10.7,74.0,10.9,71.0,10.8,1725.0,2390.0,0.1264,-0.1445,0.0016,-2.0141,2.7235,-0.3067
2026-09-03T17:05:53Z,2026-09-03 17:05:30,SPXW,2026-09-11,C,7605.0,7747.25,156.6,25.0,162.3,25.0,115.77,1.0,55.0,0.1268,0.849,0.0016,-1.9946,2.7978,1.7598
2026-09-03T17:05:53Z,2026-09-03 17:05:30,SPXW,2026-09-11,P,7605.0,7747.25,11.2,48.0,11.4,41.0,11.15,339.0,937.0,0.1254,-0.1509,0.0016,-2.0626,2.7978,-0.3203
2026-09-03T17:05:53Z,2026-09-03 17:05:30,SPXW,2026-09-11,C,7610.0,7747.25,152.0,25.0,157.7,25.0,156.4,9.0,108.0,0.1253,0.8424,0.0017,-2.0458,2.8734,1.7471
2026-09-03T17:05:53Z,2026-09-03 17:05:30,SPXW,2026-09-11,P,7610.0,7747.25,11.8,30.0,11.9,11.0,11.85,290.0,596.0,0.1246,-0.1575,0.0017,-2.1115,2.8734,-0.3344
2026-09-03T17:05:53Z,2026-09-03 17:05:30,SPXW,2026-09-11,C,7615.0,7747.25,147.6,25.0,153.2,25.0,120.23,4.0,61.0,0.1243,0.8355,0.0017,-2.0974,2.9505,1.7338
2026-09-03T17:05:53Z,2026-09-03 17:05:30,SPXW,2026-09-11,P,7615.0,7747.25,12.3,47.0,12.5,26.0,13.65,124.0,170.0,0.1236,-0.1644,0.0017,-2.1608,2.9505,-0.349
2026-09-03T17:05:53Z,2026-09-03 17:05:30,SPXW,2026-09-11,C,7620.0,7747.25,143.2,26.0,148.8,27.0,147.6,9.0,198.0,0.1234,0.8283,0.0018,-2.1492,3.0293,1.7198
2026-09-03T17:05:53Z,2026-09-03 17:05:30,SPXW,2026-09-11,P,7620.0,7747.25,12.9,46.0,13.1,25.0,12.91,224.0,511.0,0.1227,-0.1716,0.0018,-2.2103,3.0293,-0.3644
2026-09-03T17:05:53Z,2026-09-03 17:05:30,SPXW,2026-09-11,C,7625.0,7747.25,138.9,33.0,144.5,34.0,144.23,24.0,200.0,0.1227,0.8207,0.0018,-2.2012,3.109,1.7049
2026-09-03T17:05:53Z,2026-09-03 17:05:30,SPXW,2026-09-11,P,7625.0,7747.25,13.6,19.0,13.7,21.0,13.6,300.0,950.0,0.1219,-0.1792,0.0018,-2.26,3.109,-0.3806
2026-09-03T17:05:53Z,2026-09-03 17:05:30,SPXW,2026-09-11,C,7630.0,7747.25,134.6,25.0,140.2,25.0,122.6,6.0,165.0,0.1219,0.8129,0.0019,-2.2531,3.1888,1.6892
2026-09-03T17:05:53Z,2026-09-03 17:05:30,SPXW,2026-09-11,P,7630.0,7747.25,14.2,41.0,14.4,24.0,14.27,341.0,596.0,0.121,-0.1871,0.0019,-2.3096,3.1888,-0.3978
2026-09-03T17:05:53Z,2026-09-03 17:05:30,SPXW,2026-09-11,C,7635.0,7747.25,130.3,25.0,135.8,25.0,94.7,7.0,137.0,0.1208,0.8047,0.002,-2.3049,3.2682,1.6728
2026-09-03T17:05:53Z,2026-09-03 17:05:30,SPXW,2026-09-11,P,7635.0,7747.25,14.9,41.0,15.1,24.0,15.25,136.0,336.0,0.1201,-0.1953,0.002,-2.3591,3.2682,-0.4155
2026-09-03T17:05:53Z,2026-09-03 17:05:30,SPXW,2026-09-11,C,7640.0,7747.25,126.1,25.0,131.6,25.0,126.62,10.0,179.0,0.1201,0.7961,0.002,-2.3564,3.3476,1.656
2026-09-03T17:05:53Z,2026-09-03 17:05:30,SPXW,2026-09-11,P,7640.0,7747.25,15.7,15.0,15.8,19.0,15.64,194.0,548.0,0.1193,-0.2038,0.002,-2.4083,3.3476,-0.4337
2026-09-03T17:05:53Z,2026-09-03 17:05:30,SPXW,2026-09-11,C,7645.0,7747.25,121.9,25.0,127.3,25.0,119.78,12.0,77.0,0.1191,0.7872,0.0021,-2.4074,3.4276,1.6385
2026-09-03T17:05:53Z,2026-09-03 17:05:30,SPXW,2026-09-11,P,7645.0,7747.25,16.4,39.0,16.6,24.0,16.38,506.0,581.0,0.1183,-0.2127,0.0021,-2.4571,3.4276,-0.4525
2026-09-03T17:05:53Z,2026-09-03 17:05:30,SPXW,2026-09-11,C,7650.0,7747.25,117.8,32.0,123.1,34.0,115.68,205.0,701.0,0.1184,0.778,0.0022,-2.4579,3.5083,1.6201
2026-09-03T17:05:53Z,2026-09-03 17:05:30,SPXW,2026-09-11,P,7650.0,7747.25,17.2,66.0,17.4,42.0,17.3,1298.0,6090.0,0.1174,-0.222,0.0022,-2.5052,3.5083,-0.4723
2026-09-03T17:05:53Z,2026-09-03 17:05:30,SPXW,2026-09-11,C,7655.0,7747.25,113.6,25.0,119.0,25.0,115.73,10.0,75.0,0.1174,0.7683,0.0022,-2.5075,3.589,1.6006
2026-09-03T17:05:53Z,2026-09-03 17:05:30,SPXW,2026-09-11,P,7655.0,7747.25,18.1,36.0,18.3,23.0,18.29,150.0,683.0,0.1167,-0.2316,0.0022,-2.5525,3.589,-0.4932
2026-09-03T17:05:53Z,2026-09-03 17:05:30,SPXW,2026-09-11,C,7660.0,7747.25,109.4,33.0,114.9,34.0,108.77,125.0,317.0,0.1164,0.7583,0.0023,-2.556,3.6685,1.5801
2026-09-03T17:05:53Z,2026-09-03 17:05:30,SPXW,2026-09-11,P,7660.0,7747.25,19.0,36.0,19.2,23.0,19.28,294.0,743.0,0.1159,-0.2416,0.0023,-2.5988,3.6685,-0.515
2026-09-03T17:05:53Z,2026-09-03 17:05:30,SPXW,2026-09-11,C,7665.0,7747.25,106.6,1.0,109.3,1.0,101.01,43.0,150.0,0.1152,0.7479,0.0024,-2.6034,3.7461,1.5591
2026-09-03T17:05:53Z,2026-09-03 17:05:30,SPXW,2026-09-11,P,7665.0,7747.25,19.9,35.0,20.1,17.0,19.84,151.0,895.0,0.1152,-0.252,0.0024,-2.6438,3.7461,-0.5374
2026-09-03T17:05:53Z,2026-09-03 17:05:30,SPXW,2026-09-11,C,7670.0,7747.25,102.6,1.0,105.3,1.0,98.82,41.0,136.0,0.1143,0.7372,0.0025,-2.6492,3.8223,1.5376
2026-09-03T17:05:53Z,2026-09-03 17:05:30,SPXW,2026-09-11,P,7670.0,7747.25,20.9,36.0,21.1,17.0,22.39,164.0,441.0,0.1143,-0.2628,0.0025,-2.6874,3.8223,-0.5603
2026-09-03T17:05:53Z,2026-09-03 17:05:30,SPXW,2026-09-11,C,7675.0,7747.25,98.6,1.0,101.4,1.0,100.75,482.0,546.0,0.1135,0.726,0.0025,-2.6934,3.8978,1.5152
2026-09-03T17:05:53Z,2026-09-03 17:05:30,SPXW,2026-09-11,P,7675.0,7747.25,22.0,61.0,22.2,47.0,22.02,286.0,2235.0,0.1134,-0.2739,0.0025,-2.7293,3.8978,-0.584
2026-09-03T17:05:53Z,2026-09-03 17:05:30,SPXW,2026-09-11,C,7680.0,7747.25,94.8,1.0,97.5,1.0,95.13,193.0,426.0,0.1128,0.7144,0.0026,-2.7357,3.9724,1.4916
2026-09-03T17:05:53Z,2026-09-03 17:05:30,SPXW,2026-09-11,P,7680.0,7747.25,23.1,34.0,23.3,22.0,23.2,335.0,912.0,0.1126,-0.2855,0.0026,-2.7693,3.9724,-0.609
2026-09-03T17:05:53Z,2026-09-03 17:05:30,SPXW,2026-09-11,C,7685.0,7747.25,92.2,1.0,92.5,7.0,91.33,46.0,244.0,0.1118,0.7025,0.0027,-2.7758,4.0447,1.4668
2026-09-03T17:05:53Z,2026-09-03 17:05:30,SPXW,2026-09-11,P,7685.0,7747.25,24.3,24.0,24.5,27.0,23.99,412.0,1114.0,0.1119,-0.2974,0.0027,-2.807,4.0447,-0.6351
2026-09-03T17:05:53Z,2026-09-03 17:05:30,SPXW,2026-09-11,C,7690.0,7747.25,88.4,9.0,88.6,2.0,89.1,143.0,248.0,0.1111,0.6901,0.0027,-2.8134,4.1136,1.4414
2026-09-03T17:05:53Z,2026-09-03 17:05:30,SPXW,2026-09-11,P,7690.0,7747.25,25.5,24.0,25.7,28.0,25.4,252.0,540.0,0.111,-0.3098,0.0027,-2.8424,4.1136,-0.6619
2026-09-03T17:05:53Z,2026-09-03 17:05:30,SPXW,2026-09-11,C,7695.0,7747.25,84.7,10.0,84.9,3.0,85.1,271.0,146.0,0.1103,0.6774,0.0028,-2.8484,4.1791,1.4155
2026-09-03T17:05:53Z,2026-09-03 17:05:30,SPXW,2026-09-11,P,7695.0,7747.25,26.8,24.0,27.0,22.0,27.1,186.0,298.0,0.1103,-0.3226,0.0028,-2.875,4.1791,-0.6891
2026-09-03T17:05:53Z,2026-09-03 17:05:30,SPXW,2026-09-11,C,7700.0,7747.25,81.0,10.0,81.3,10.0,81.39,787.0,2773.0,0.1095,0.6642,0.0029,-2.8804,4.2418,1.3889
2026-09-03T17:05:53Z,2026-09-03 17:05:30,SPXW,2026-09-11,P,7700.0,7747.25,28.1,61.0,28.3,15.0,28.0,2509.0,3090.0,0.1094,-0.3357,0.0029,-2.9048,4.2418,-0.7171
2026-09-03T17:05:53Z,2026-09-03 17:05:30,SPXW,2026-09-11,C,7705.0,7747.25,77.5,11.0,77.7,4.0,73.2,427.0,454.0,0.1088,0.6507,0.0029,-2.9093,4.3018,1.361
2026-09-03T17:05:53Z,2026-09-03 17:05:30,SPXW,2026-09-11,P,7705.0,7747.25,29.5,36.0,29.8,35.0,29.8,530.0,777.0,0.1088,-0.3492,0.0029,-2.9313,4.3018,-0.7464
2026-09-03T17:05:53Z,2026-09-03 17:05:30,SPXW,2026-09-11,C,7710.0,7747.25,74.0,12.0,74.2,12.0,73.05,282.0,331.0,0.1081,0.6368,0.003,-2.9346,4.358,1.3319
2026-09-03T17:05:53Z,2026-09-03 17:05:30,SPXW,2026-09-11,P,7710.0,7747.25,31.0,22.0,31.2,15.0,31.21,344.0,1360.0,0.108,-0.3632,0.003,-2.9544,4.358,-0.7769
2026-09-03T17:05:53Z,2026-09-03 17:05:30,SPXW,2026-09-11,C,7715.0,7747.25,70.5,12.0,70.7,5.0,70.8,260.0,124.0,0.1074,0.6224,0.0031,-2.9562,4.409,1.3022
2026-09-03T17:05:53Z,2026-09-03 17:05:30,SPXW,2026-09-11,P,7715.0,7747.25,32.6,22.0,32.8,19.0,33.0,98.0,272.0,0.1073,-0.3775,0.0031,-2.9737,4.409,-0.8079
2026-09-03T17:05:53Z,2026-09-03 17:05:30,SPXW,2026-09-11,C,7720.0,7747.25,67.2,12.0,67.4,12.0,63.97,145.0,398.0,0.1067,0.6078,0.0031,-2.9739,4.4547,1.2722
2026-09-03T17:05:53Z,2026-09-03 17:05:30,SPXW,2026-09-11,P,7720.0,7747.25,34.2,21.0,34.4,15.0,35.65,114.0,443.0,0.1065,-0.3922,0.0031,-2.9891,4.4547,-0.8393
2026-09-03T17:05:53Z,2026-09-03 17:05:30,SPXW,2026-09-11,C,7725.0,7747.25,63.9,13.0,64.1,6.0,64.6,258.0,2419.0,0.1059,0.5928,0.0032,-2.9875,4.4956,1.2414
2026-09-03T17:05:53Z,2026-09-03 17:05:30,SPXW,2026-09-11,P,7725.0,7747.25,35.9,52.0,36.2,51.0,37.0,266.0,1924.0,0.1059,-0.4072,0.0032,-3.0003,4.4956,-0.8714
2026-09-03T17:05:53Z,2026-09-03 17:05:30,SPXW,2026-09-11,C,7730.0,7747.25,60.7,13.0,60.9,6.0,59.0,167.0,315.0,0.1052,0.5774,0.0032,-2.9966,4.5315,1.2094
2026-09-03T17:05:53Z,2026-09-03 17:05:30,SPXW,2026-09-11,P,7730.0,7747.25,37.7,19.0,37.9,14.0,37.8,72.0,518.0,0.1051,-0.4225,0.0032,-3.0072,4.5315,-0.9049
2026-09-03T17:05:53Z,2026-09-03 17:05:30,SPXW,2026-09-11,C,7735.0,7747.25,57.6,18.0,57.8,13.0,54.1,288.0,282.0,0.1046,0.5617,0.0032,-3.0011,4.5613,1.1764
2026-09-03T17:05:53Z,2026-09-03 17:05:30,SPXW,2026-09-11,P,7735.0,7747.25,39.6,21.0,39.8,14.0,42.2,133.0,145.0,0.1045,-0.4382,0.0032,-3.0094,4.5613,-0.9393
2026-09-03T17:05:53Z,2026-09-03 17:05:30,SPXW,2026-09-11,C,7740.0,7747.25,54.5,18.0,54.8,17.0,55.3,139.0,269.0,0.1039,0.5457,0.0033,-3.0008,4.5844,1.1432
2026-09-03T17:05:53Z,2026-09-03 17:05:30,SPXW,2026-09-11,P,7740.0,7747.25,41.6,20.0,41.8,18.0,42.02,154.0,276.0,0.1039,-0.4542,0.0033,-3.0068,4.5844,-0.9738
2026-09-03T17:05:53Z,2026-09-03 17:05:30,SPXW,2026-09-11,C,7745.0,7747.25,51.6,18.0,51.8,6.0,52.1,110.0,231.0,0.1033,0.5294,0.0033,-2.9957,4.6007,1.1098
2026-09-03T17:05:53Z,2026-09-03 17:05:30,SPXW,2026-09-11,P,7745.0,7747.25,43.6,19.0,43.8,14.0,46.3,63.0,88.0,0.1032,-0.4705,0.0033,-2.9994,4.6007,-1.0085
2026-09-03T17:05:53Z,2026-09-03 17:05:30,SPXW,2026-09-11,C,7750.0,7747.25,48.7,19.0,49.0,46.0,48.67,865.0,2677.0,0.1027,0.5129,0.0033,-2.9856,4.6102,1.0754
2026-09-03T17:05:53Z,2026-09-03 17:05:30,SPXW,2026-09-11,P,7750.0,7747.25,45.8,7.0,46.0,45.0,46.57,245.0,1244.0,0.1027,-0.487,0.0033,-2.9869,4.6102,-1.0443
2026-09-03T17:05:53Z,2026-09-03 17:05:30,SPXW,2026-09-11,C,7755.0,7747.25,46.0,19.0,46.2,20.0,46.77,278.0,248.0,0.1021,0.4962,0.0034,-2.9702,4.6124,1.0401
2026-09-03T17:05:53Z,2026-09-03 17:05:30,SPXW,2026-09-11,P,7755.0,7747.25,48.0,21.0,48.2,14.0,48.18,292.0,676.0,0.102,-0.5037,0.0034,-2.9693,4.6124,-1.081
2026-09-03T17:05:53Z,2026-09-03 17:05:30,SPXW,2026-09-11,C,7760.0,7747.25,43.3,19.0,43.5,7.0,43.95,251.0,323.0,0.1015,0.4793,0.0034,-2.9496,4.6069,1.0046
2026-09-03T17:05:53Z,2026-09-03 17:05:30,SPXW,2026-09-11,P,7760.0,7747.25,50.3,18.0,50.5,14.0,54.59,57.0,135.0,0.1014,-0.5206,0.0034,-2.9464,4.6069,-1.1178
2026-09-03T17:05:53Z,2026-09-03 17:05:30,SPXW,2026-09-11,C,7765.0,7747.25,40.7,21.0,40.9,7.0,41.2,57.0,319.0,0.1009,0.4623,0.0034,-2.9238,4.5939,0.9695
2026-09-03T17:05:53Z,2026-09-03 17:05:30,SPXW,2026-09-11,P,7765.0,7747.25,52.7,18.0,52.9,13.0,55.5,20.0,90.0,0.1008,-0.5377,0.0034,-2.9183,4.5939,-1.1543
2026-09-03T17:05:53Z,2026-09-03 17:05:30,SPXW,2026-09-11,C,7770.0,7747.25,38.2,21.0,38.5,18.0,38.6,107.0,339.0,0.1003,0.4451,0.0034,-2.8929,4.573,0.9338
2026-09-03T17:05:53Z,2026-09-03 17:05:30,SPXW,2026-09-11,P,7770.0,7747.25,55.2,18.0,55.5,17.0,57.64,57.0,210.0,0.1004,-0.5548,0.0034,-2.8851,4.573,-1.1914
2026-09-03T17:05:53Z,2026-09-03 17:05:30,SPXW,2026-09-11,C,7775.0,7747.25,35.8,45.0,36.1,42.0,36.32,715.0,912.0,0.0999,0.4279,0.0034,-2.8567,4.5435,0.8973
2026-09-03T17:05:53Z,2026-09-03 17:05:30,SPXW,2026-09-11,P,7775.0,7747.25,57.8,41.0,58.1,38.0,57.6,93.0,911.0,0.0998,-0.572,0.0034,-2.8466,4.5435,-1.2292
2026-09-03T17:05:53Z,2026-09-03 17:05:30,SPXW,2026-09-11,C,7780.0,7747.25,33.6,19.0,33.8,20.0,30.42,195.0,514.0,0.0993,0.4107,0.0034,-2.8154,4.5059,0.861
2026-09-03T17:05:53Z,2026-09-03 17:05:30,SPXW,2026-09-11,P,7780.0,7747.25,60.5,17.0,60.8,16.0,60.4,41.0,474.0,0.0993,-0.5893,0.0034,-2.803,4.5059,-1.2669
2026-09-03T17:05:53Z,2026-09-03 17:05:30,SPXW,2026-09-11,C,7785.0,7747.25,31.4,7.0,31.6,20.0,32.0,129.0,194.0,0.0988,0.3935,0.0034,-2.7691,4.4611,0.8254
2026-09-03T17:05:53Z,2026-09-03 17:05:30,SPXW,2026-09-11,P,7785.0,7747.25,63.3,12.0,63.6,12.0,64.9,23.0,22.0,0.0988,-0.6064,0.0034,-2.7544,4.4611,-1.3039
2026-09-03T17:05:53Z,2026-09-03 17:05:30,SPXW,2026-09-11,C,7790.0,7747.25,29.3,21.0,29.5,28.0,29.4,192.0,366.0,0.0984,0.3764,0.0033,-2.718,4.4084,0.7897
2026-09-03T17:05:53Z,2026-09-03 17:05:30,SPXW,2026-09-11,P,7790.0,7747.25,66.2,12.0,66.4,7.0,66.4,43.0,384.0,0.0983,-0.6236,0.0033,-2.701,4.4084,-1.3409
2026-09-03T17:05:53Z,2026-09-03 17:05:30,SPXW,2026-09-11,C,7795.0,7747.25,27.2,21.0,27.5,26.0,27.5,113.0,342.0,0.0979,0.3594,0.0033,-2.6622,4.347,0.7536
2026-09-03T17:05:53Z,2026-09-03 17:05:30,SPXW,2026-09-11,P,7795.0,7747.25,69.2,12.0,69.4,12.0,69.2,30.0,11.0,0.0978,-0.6406,0.0033,-2.6429,4.347,-1.3784
2026-09-03T17:05:53Z,2026-09-03 17:05:30,SPXW,2026-09-11,C,7800.0,7747.25,25.3,48.0,25.5,7.0,25.31,3414.0,1984.0,0.0974,0.3425,0.0032,-2.6019,4.2777,0.7181
2026-09-03T17:05:53Z,2026-09-03 17:05:30,SPXW,2026-09-11,P,7800.0,7747.25,72.3,4.0,72.5,11.0,71.9,33.0,494.0,0.0974,-0.6574,0.0032,-2.5803,4.2777,-1.4153
2026-09-03T17:05:53Z,2026-09-03 17:05:30,SPXW,2026-09-11,C,7805.0,7747.25,23.5,23.0,23.7,17.0,23.8,185.0,213.0,0.097,0.3259,0.0032,-2.5374,4.2023,0.6836
2026-09-03T17:05:53Z,2026-09-03 17:05:30,SPXW,2026-09-11,P,7805.0,7747.25,75.5,3.0,75.7,10.0,77.1,6.0,105.0,0.097,-0.674,0.0032,-2.5135,4.2023,-1.4512
2026-09-03T17:05:53Z,2026-09-03 17:05:30,SPXW,2026-09-11,C,7810.0,7747.25,21.8,24.0,22.0,18.0,19.82,226.0,334.0,0.0966,0.3095,0.0031,-2.469,4.1204,0.6494
2026-09-03T17:05:53Z,2026-09-03 17:05:30,SPXW,2026-09-11,P,7810.0,7747.25,78.7,9.0,79.0,9.0,79.1,26.0,145.0,0.0966,-0.6904,0.0031,-2.4428,4.1204,-1.4868
2026-09-03T17:05:53Z,2026-09-03 17:05:30,SPXW,2026-09-11,C,7815.0,7747.25,20.2,22.0,20.4,31.0,20.3,109.0,151.0,0.0963,0.2934,0.0031,-2.3969,4.0305,0.6151
2026-09-03T17:05:53Z,2026-09-03 17:05:30,SPXW,2026-09-11,P,7815.0,7747.25,82.0,7.0,82.3,7.0,90.77,0.0,2.0,0.0963,-0.7065,0.0031,-2.3684,4.0305,-1.5224
2026-09-03T17:05:53Z,2026-09-03 17:05:30,SPXW,2026-09-11,C,7820.0,7747.25,18.6,26.0,18.8,18.0,18.8,1455.0,422.0,0.0958,0.2777,0.003,-2.3215,3.9338,0.5818
2026-09-03T17:05:53Z,2026-09-03 17:05:30,SPXW,2026-09-11,P,7820.0,7747.25,85.2,24.0,86.1,18.0,88.9,14.0,414.0,0.0958,-0.7223,0.003,-2.2906,3.9338,-1.5571
2026-09-03T17:05:53Z,2026-09-03 17:05:30,SPXW,2026-09-11,C,7825.0,7747.25,17.2,23.0,17.4,60.0,17.4,1085.0,8278.0,0.0956,0.2622,0.0029,-2.243,3.8327,0.5498
2026-09-03T17:05:53Z,2026-09-03 17:05:30,SPXW,2026-09-11,P,7825.0,7747.25,88.7,6.0,89.7,6.0,88.58,4.0,123.0,0.0954,-0.7377,0.0029,-2.2099,3.8327,-1.5905
2026-09-03T17:05:53Z,2026-09-03 17:05:30,SPXW,2026-09-11,C,7830.0,7747.25,15.8,25.0,16.0,32.0,14.52,263.0,254.0,0.0952,0.2472,0.0028,-2.162,3.7271,0.5182
2026-09-03T17:05:53Z,2026-09-03 17:05:30,SPXW,2026-09-11,P,7830.0,7747.25,90.2,25.0,95.5,25.0,93.6,2.0,85.0,0.0952,-0.7527,0.0028,-2.1266,3.7271,-1.6234
2026-09-03T17:05:53Z,2026-09-03 17:05:30,SPXW,2026-09-11,C,7835.0,7747.25,14.5,25.0,14.7,25.0,14.7,109.0,291.0,0.0948,0.2326,0.0028,-2.0789,3.6153,0.487
2026-09-03T17:05:53Z,2026-09-03 17:05:30,SPXW,2026-09-11,P,7835.0,7747.25,93.9,25.0,99.2,27.0,104.59,0.0,21.0,0.0948,-0.7674,0.0028,-2.0412,3.6153,-1.656
2026-09-03T17:05:53Z,2026-09-03 17:05:30,SPXW,2026-09-11,C,7840.0,7747.25,13.3,27.0,13.5,31.0,13.68,274.0,374.0,0.0945,0.2183,0.0027,-1.9939,3.4985,0.4571
2026-09-03T17:05:53Z,2026-09-03 17:05:30,SPXW,2026-09-11,P,7840.0,7747.25,97.6,35.0,103.2,35.0,100.85,1.0,486.0,0.0947,-0.7816,0.0027,-1.9539,3.4985,-1.6872
2026-09-03T17:05:53Z,2026-09-03 17:05:30,SPXW,2026-09-11,C,7845.0,7747.25,12.2,25.0,12.4,35.0,12.4,149.0,293.0,0.0943,0.2046,0.0026,-1.9076,3.3794,0.4286
2026-09-03T17:05:53Z,2026-09-03 17:05:30,SPXW,2026-09-11,P,7845.0,7747.25,101.5,25.0,106.9,27.0,136.22,0.0,8.0,0.0942,-0.7953,0.0026,-1.8653,3.3794,-1.7172
2026-09-03T17:05:53Z,2026-09-03 17:05:30,SPXW,2026-09-11,C,7850.0,7747.25,11.1,56.0,11.3,55.0,11.15,419.0,1141.0,0.0938,0.1913,0.0025,-1.8205,3.2581,0.4006
2026-09-03T17:05:53Z,2026-09-03 17:05:30,SPXW,2026-09-11,P,7850.0,7747.25,105.4,25.0,111.1,27.0,112.07,18.0,149.0,0.0942,-0.8086,0.0025,-1.7759,3.2581,-1.7465
2026-09-03T17:05:53Z,2026-09-03 17:05:30,SPXW,2026-09-11,C,7855.0,7747.25,10.1,42.0,10.3,19.0,10.3,74.0,334.0,0.0935,0.1785,0.0024,-1.733,3.1328,0.3734
2026-09-03T17:05:53Z,2026-09-03 17:05:30,SPXW,2026-09-11,P,7855.0,7747.25,109.3,28.0,115.1,28.0,115.71,8.0,10.0,0.0938,-0.8214,0.0024,-1.686,3.1328,-1.7751
2026-09-03T17:05:53Z,2026-09-03 17:05:30,SPXW,2026-09-11,C,7860.0,7747.25,9.2,45.0,9.4,23.0,9.35,337.0,462.0,0.0933,0.1663,0.0023,-1.6455,3.0051,0.3477
2026-09-03T17:05:53Z,2026-09-03 17:05:30,SPXW,2026-09-11,P,7860.0,7747.25,113.3,28.0,119.2,28.0,211.1,0.0,14.0,0.0934,-0.8336,0.0023,-1.5963,3.0051,-1.8021
2026-09-03T17:05:53Z,2026-09-03 17:05:30,SPXW,2026-09-11,C,7865.0,7747.25,8.4,30.0,8.6,43.0,8.6,114.0,196.0,0.0932,0.1546,0.0022,-1.5585,2.8776,0.3233
2026-09-03T17:05:53Z,2026-09-03 17:05:30,SPXW,2026-09-11,P,7865.0,7747.25,117.5,25.0,123.1,27.0,0.0,0.0,0.0,0.0928,-0.8454,0.0022,-1.507,2.8776,-1.8278
2026-09-03T17:05:53Z,2026-09-03 17:05:30,SPXW,2026-09-11,C,7870.0,7747.25,7.6,48.0,7.8,35.0,6.8,444.0,1303.0,0.0929,0.1434,0.0021,-1.4726,2.7501,0.2996
2026-09-03T17:05:53Z,2026-09-03 17:05:30,SPXW,2026-09-11,P,7870.0,7747.25,121.6,25.0,127.3,27.0,127.56,3.0,11.0,0.0923,-0.8566,0.0021,-1.4188,2.7501,-1.8529
2026-09-03T17:05:53Z,2026-09-03 17:05:30,SPXW,2026-09-11,C,7875.0,7747.25,6.9,73.0,7.1,71.0,7.07,151.0,966.0,0.0928,0.1327,0.002,-1.3881,2.6215,0.2771
2026-09-03T17:05:53Z,2026-09-03 17:05:30,SPXW,2026-09-11,P,7875.0,7747.25,125.8,25.0,131.6,26.0,135.0,2.0,26.0,0.092,-0.8672,0.002,-1.332,2.6215,-1.8768
2026-09-03T17:05:53Z,2026-09-03 17:05:30,SPXW,2026-09-11,C,7880.0,7747.25,6.3,19.0,6.4,30.0,6.32,134.0,488.0,0.0926,0.1227,0.0019,-1.3054,2.4933,0.2561
2026-09-03T17:05:53Z,2026-09-03 17:05:30,SPXW,2026-09-11,P,7880.0,7747.25,130.4,24.0,136.4,25.0,209.47,0.0,18.0,0.0933,-0.8773,0.0019,-1.247,2.4933,-1.8992
2026-09-03T17:05:53Z,2026-09-03 17:05:30,SPXW,2026-09-11,C,7890.0,7747.25,5.1,58.0,5.3,62.0,5.14,142.0,440.0,0.0924,0.1042,0.0017,-1.1471,2.2442,0.2173
2026-09-03T17:05:53Z,2026-09-03 17:05:30,SPXW,2026-09-11,P,7890.0,7747.25,139.0,24.0,144.8,24.0,141.95,6.0,6.0,0.0915,-0.8957,0.0017,-1.0841,2.2442,-1.9407
2026-09-03T17:05:53Z,2026-09-03 17:05:30,SPXW,2026-09-11,C,7900.0,7747.25,4.2,24.0,4.3,89.0,4.21,343.0,2142.0,0.0922,0.088,0.0015,-1.0003,2.0038,0.1834
2026-09-03T17:05:53Z,2026-09-03 17:05:30,SPXW,2026-09-11,P,7900.0,7747.25,145.4,1.0,157.5,1.0,258.14,0.0,57.0,0.094,-0.9119,0.0015,-0.9327,2.0038,-1.9774
2026-09-03T17:05:53Z,2026-09-03 17:05:30,SPXW,2026-09-11,C,7910.0,7747.25,3.4,27.0,3.5,49.0,3.6,98.0,1776.0,0.0921,0.0739,0.0013,-0.8669,1.779,0.1538
2026-09-03T17:05:53Z,2026-09-03 17:05:30,SPXW,2026-09-11,P,7910.0,7747.25,153.7,1.0,167.5,2.0,163.2,3.0,14.0,0.094,-0.926,0.0013,-0.7947,1.779,-2.0097
2026-09-03T17:05:53Z,2026-09-03 17:05:30,SPXW,2026-09-11,C,7920.0,7747.25,2.75,29.0,2.85,56.0,2.7,77.0,1742.0,0.0922,0.0619,0.0011,-0.748,1.5706,0.1288
2026-09-03T17:05:53Z,2026-09-03 17:05:30,SPXW,2026-09-11,P,7920.0,7747.25,163.1,1.0,176.7,1.0,175.91,2.0,6.0,0.094,-0.938,0.0011,-0.6712,1.5706,-2.0375
2026-09-03T17:05:53Z,2026-09-03 17:05:30,SPXW,2026-09-11,C,7925.0,7747.25,2.45,77.0,2.55,67.0,2.5,144.0,1366.0,0.0921,0.0566,0.0011,-0.694,1.4738,0.1177
2026-09-03T17:05:53Z,2026-09-03 17:05:30,SPXW,2026-09-11,P,7925.0,7747.25,167.8,1.0,181.2,1.0,206.0,50.0,82.0,0.0933,-0.9433,0.0011,-0.615,1.4738,-2.0499
2026-09-03T17:05:53Z,2026-09-03 17:05:30,SPXW,2026-09-11,C,7930.0,7747.25,2.2,102.0,2.3,44.0,2.25,135.0,471.0,0.0921,0.0518,0.001,-0.6438,1.3822,0.1074
2026-09-03T17:05:53Z,2026-09-03 17:05:30,SPXW,2026-09-11,P,7930.0,7747.25,172.5,1.0,185.6,1.0,288.91,0.0,34.0,0.0919,-0.9481,0.001,-0.5624,1.3822,-2.0615
2026-09-03T17:05:53Z,2026-09-03 17:05:30,SPXW,2026-09-11,C,7940.0,7747.25,1.75,126.0,1.9,111.0,1.83,221.0,422.0,0.0924,0.0434,0.0009,-0.5542,1.2139,0.0899
2026-09-03T17:05:53Z,2026-09-03 17:05:30,SPXW,2026-09-11,P,7940.0,7747.25,182.3,1.0,195.8,1.0,298.84,0.0,34.0,0.0961,-0.9566,0.0009,-0.4682,1.2139,-2.0818
2026-09-03T17:05:53Z,2026-09-03 17:05:30,SPXW,2026-09-11,C,7950.0,7747.25,1.45,146.0,1.55,109.0,1.51,228.0,1671.0,0.0929,0.0364,0.0007,-0.478,1.066,0.0753
2026-09-03T17:05:53Z,2026-09-03 17:05:30,SPXW,2026-09-11,P,7950.0,7747.25,191.6,1.0,204.3,1.0,257.97,0.0,3.0,0.0887,-0.9635,0.0007,-0.3874,1.066,-2.0991
2026-09-03T17:05:53Z,2026-09-03 17:05:30,SPXW,2026-09-11,C,7960.0,7747.25,1.15,293.0,1.3,165.0,1.2,21.0,577.0,0.0934,0.0307,0.0006,-0.4141,0.9377,0.0634
2026-09-03T17:05:53Z,2026-09-03 17:05:30,SPXW,2026-09-11,P,7960.0,7747.25,201.3,1.0,214.2,1.0,0.0,0.0,0.0,0.0897,-0.9692,0.0006,-0.3189,0.9377,-2.1137
2026-09-03T17:05:53Z,2026-09-03 17:05:30,SPXW,2026-09-11,C,7970.0,7747.25,0.95,345.0,1.05,38.0,1.05,92.0,258.0,0.0939,0.0261,0.0006,-0.3609,0.8274,0.0539
2026-09-03T17:05:53Z,2026-09-03 17:05:30,SPXW,2026-09-11,P,7970.0,7747.25,209.5,1.0,228.2,1.0,188.95,0.0,9.0,0.1065,-0.9738,0.0006,-0.2611,0.8274,-2.126
2026-09-03T17:05:53Z,2026-09-03 17:05:30,SPXW,2026-09-11,C,7975.0,7747.25,0.9,153.0,1.0,154.0,0.8,112.0,2089.0,0.0949,0.0241,0.0005,-0.3379,0.7784,0.0497
2026-09-03T17:05:53Z,2026-09-03 17:05:30,SPXW,2026-09-11,P,7975.0,7747.25,214.4,1.0,233.4,1.0,192.45,0.0,1.0,0.109,-0.9758,0.0005,-0.2358,0.7784,-2.1316
2026-09-03T17:05:53Z,2026-09-03 17:05:30,SPXW,2026-09-11,C,7980.0,7747.25,0.8,193.0,0.9,78.0,0.65,8.0,957.0,0.0951,0.0223,0.0005,-0.317,0.7332,0.046
2026-09-03T17:05:53Z,2026-09-03 17:05:30,SPXW,2026-09-11,P,7980.0,7747.25,219.3,1.0,237.2,1.0,0.0,0.0,8.0,0.104,-0.9776,0.0005,-0.2126,0.7332,-2.1367
2026-09-03T17:05:53Z,2026-09-03 17:05:30,SPXW,2026-09-11,C,7990.0,7747.25,0.7,151.0,0.8,174.0,0.6,68.0,271.0,0.0967,0.0193,0.0004,-0.2809,0.6534,0.0397
2026-09-03T17:05:53Z,2026-09-03 17:05:30,SPXW,2026-09-11,P,7990.0,7747.25,229.2,1.0,247.1,1.0,0.0,0.0,0.0,0.1066,-0.9806,0.0004,-0.1719,0.6534,-2.1457
2026-09-03T17:05:53Z,2026-09-03 17:05:30,SPXW,2026-09-11,C,8000.0,7747.25,0.6,157.0,0.7,402.0,0.62,86.0,4678.0,0.0981,0.0168,0.0004,-0.2512,0.5858,0.0346
2026-09-03T17:05:53Z,2026-09-03 17:05:30,SPXW,2026-09-11,P,8000.0,7747.25,242.3,7.0,252.9,7.0,251.2,7.0,2012.0,0.1021,-0.9831,0.0004,-0.1376,0.5858,-2.1535
2026-09-03T17:05:53Z,2026-09-03 17:05:30,SPXW,2026-09-11,C,8010.0,7747.25,0.5,175.0,0.6,231.0,0.52,18.0,78.0,0.0991,0.0148,0.0003,-0.2267,0.5284,0.0304
2026-09-03T17:05:53Z,2026-09-03 17:05:30,SPXW,2026-09-11,P,8010.0,7747.25,249.0,1.0,266.2,1.0,0.0,0.0,0.0,0.1058,-0.9851,0.0003,-0.1086,0.5284,-2.1605
2026-09-03T17:05:53Z,2026-09-03 17:05:30,SPXW,2026-09-11,C,8020.0,7747.25,0.45,170.0,0.55,278.0,0.23,1.0,190.0,0.1011,0.0132,0.0003,-0.2065,0.4797,0.0269
2026-09-03T17:05:53Z,2026-09-03 17:05:30,SPXW,2026-09-11,P,8020.0,7747.25,260.3,1.0,276.1,1.0,0.0,0.0,8.0,0.1187,-0.9868,0.0003,-0.0838,0.4797,-2.1666
2026-09-03T17:05:53Z,2026-09-03 17:05:30,SPXW,2026-09-11,C,8025.0,7747.25,0.45,51.0,0.55,832.0,0.44,23.0,685.0,0.1027,0.0124,0.0003,-0.1976,0.4577,0.0254
2026-09-03T17:05:53Z,2026-09-03 17:05:30,SPXW,2026-09-11,P,8025.0,7747.25,263.9,1.0,281.3,1.0,299.49,0.0,1.0,0.1112,-0.9875,0.0003,-0.0727,0.4582,-2.1694
2026-09-03T17:05:53Z,2026-09-03 17:05:30,SPXW,2026-09-11,C,8030.0,7747.25,0.4,196.0,0.5,395.0,0.35,30.0,123.0,0.1029,0.0118,0.0003,-0.1897,0.4382,0.0242
2026-09-03T17:05:53Z,2026-09-03 17:05:30,SPXW,2026-09-11,P,8030.0,7747.25,268.9,1.0,286.7,1.0,0.0,0.0,8.0,0.1166,-0.9881,0.0003,-0.0624,0.4382,-2.1721
2026-09-03T17:05:53Z,2026-09-03 17:05:30,SPXW,2026-09-11,C,8040.0,7747.25,0.35,216.0,0.45,367.0,0.4,23.0,444.0,0.1045,0.0106,0.0002,-0.1756,0.4026,0.0218
2026-09-03T17:05:53Z,2026-09-03 17:05:30,SPXW,2026-09-11,P,8040.0,7747.25,280.2,1.0,296.4,1.0,0.0,0.0,0.0,0.1276,-0.9893,0.0002,-0.0437,0.4026,-2.1772
2026-09-03T17:05:53Z,2026-09-03 17:05:30,SPXW,2026-09-11,C,8050.0,7747.25,0.35,179.0,0.45,957.0,0.27,5.0,380.0,0.1076,0.0097,0.0002,-0.1637,0.3716,0.0198
2026-09-03T17:05:53Z,2026-09-03 17:05:30,SPXW,2026-09-11,P,8050.0,7747.25,288.8,1.0,306.3,1.0,320.64,0.0,1.0,0.1193,-0.9902,0.0002,-0.0271,0.3716,-2.182
2026-09-03T17:05:53Z,2026-09-03 17:05:30,SPXW,2026-09-11,C,8060.0,7747.25,0.3,221.0,0.4,698.0,0.26,2.0,109.0,0.1089,0.0089,0.0002,-0.1535,0.3447,0.0181
2026-09-03T17:05:53Z,2026-09-03 17:05:30,SPXW,2026-09-11,P,8060.0,7747.25,298.8,1.0,316.8,1.0,0.0,0.0,0.0,0.1276,-0.9911,0.0002,-0.0123,0.3447,-2.1864
2026-09-03T17:05:53Z,2026-09-03 17:05:30,SPXW,2026-09-11,C,8070.0,7747.25,0.3,193.0,0.4,966.0,0.22,6.0,774.0,0.1119,0.0082,0.0002,-0.1446,0.3211,0.0167
2026-09-03T17:05:53Z,2026-09-03 17:05:30,SPXW,2026-09-11,P,8070.0,7747.25,308.8,1.0,326.3,1.0,0.0,0.0,0.0,0.1265,-0.9918,0.0002,0.0,0.3211,-2.1906
2026-09-03T17:05:53Z,2026-09-03 17:05:30,SPXW,2026-09-11,C,8075.0,7747.25,0.3,51.0,0.35,443.0,0.15,0.0,504.0,0.1124,0.0079,0.0002,-0.1407,0.3103,0.016
2026-09-03T17:05:53Z,2026-09-03 17:05:30,SPXW,2026-09-11,P,8075.0,7747.25,313.7,1.0,331.2,1.0,0.0,0.0,0.0,0.1262,-0.9921,0.0002,0.0,0.3103,-2.1926
2026-09-03T17:05:53Z,2026-09-03 17:05:30,SPXW,2026-09-11,C,8080.0,7747.25,0.25,244.0,0.35,783.0,0.1,0.0,42.0,0.113,0.0076,0.0002,-0.1368,0.2997,0.0154
2026-09-03T17:05:53Z,2026-09-03 17:05:30,SPXW,2026-09-11,P,8080.0,7747.25,318.7,1.0,336.5,1.0,0.0,0.0,0.0,0.1311,-0.9924,0.0002,0.0,0.3002,-2.1946
2026-09-03T17:05:53Z,2026-09-03 17:05:30,SPXW,2026-09-11,C,8090.0,7747.25,0.25,214.0,0.35,851.0,0.12,0.0,34.0,0.116,0.007,0.0001,-0.13,0.2811,0.0143
2026-09-03T17:05:53Z,2026-09-03 17:05:30,SPXW,2026-09-11,P,8090.0,7747.25,328.8,1.0,345.8,1.0,0.0,0.0,0.0,0.1279,-0.9929,0.0001,0.0,0.2815,-2.1984
2026-09-03T17:05:53Z,2026-09-03 17:05:30,SPXW,2026-09-11,C,8100.0,7747.25,0.25,225.0,0.3,194.0,0.25,33.0,1061.0,0.1177,0.0065,0.0001,-0.1239,0.2644,0.0133
2026-09-03T17:05:53Z,2026-09-03 17:05:30,SPXW,2026-09-11,P,8100.0,7747.25,338.7,1.0,356.1,1.0,0.0,0.0,0.0,0.1339,-0.9934,0.0001,0.0,0.2648,-2.2021
2026-09-03T17:05:53Z,2026-09-03 17:05:30,SPXW,2026-09-11,C,8125.0,7747.25,0.2,240.0,0.3,946.0,0.25,10.0,2951.0,0.1237,0.0056,0.0001,-0.1112,0.2291,0.0113
2026-09-03T17:05:53Z,2026-09-03 17:05:30,SPXW,2026-09-11,P,8125.0,7747.25,363.6,1.0,381.0,1.0,443.13,0.0,1.0,0.1402,-0.9944,0.0001,0.0,0.2294,-2.2109
2026-09-03T17:05:53Z,2026-09-03 17:05:30,SPXW,2026-09-11,C,8150.0,7747.25,0.2,176.0,0.25,653.0,0.15,6.0,1263.0,0.1294,0.0048,0.0001,-0.1011,0.201,0.0098
2026-09-03T17:05:53Z,2026-09-03 17:05:30,SPXW,2026-09-11,P,8150.0,7747.25,388.5,1.0,406.3,1.0,0.0,0.0,0.0,0.1514,-0.9951,0.0001,0.0,0.2013,-2.2193
2026-09-03T17:05:53Z,2026-09-03 17:05:30,SPXW,2026-09-11,C,8175.0,7747.25,0.15,282.0,0.25,848.0,0.2,15.0,225.0,0.1347,0.0042,0.0001,-0.0928,0.1782,0.0086
2026-09-03T17:05:53Z,2026-09-03 17:05:30,SPXW,2026-09-11,P,8175.0,7747.25,413.5,1.0,431.0,1.0,0.0,0.0,0.0,0.1562,-0.9957,0.0001,0.0,0.1782,-2.2274
2026-09-03T17:05:53Z,2026-09-03 17:05:30,SPXW,2026-09-11,C,8200.0,7747.25,0.15,228.0,0.25,1188.0,0.1,20.0,580.0,0.1417,0.0037,0.0001,-0.0856,0.1587,0.0075
2026-09-03T17:05:53Z,2026-09-03 17:05:30,SPXW,2026-09-11,P,8200.0,7747.25,438.4,1.0,456.2,1.0,428.91,0.0,1.0,0.1662,-0.9962,0.0001,0.0,0.1589,-2.2352
2026-09-03T17:05:53Z,2026-09-03 17:05:30,SPXW,2026-09-11,C,8225.0,7747.25,0.15,185.0,0.2,526.0,0.15,0.0,796.0,0.1464,0.0033,0.0001,-0.0796,0.143,0.0067
2026-09-03T17:05:53Z,2026-09-03 17:05:30,SPXW,2026-09-11,P,8225.0,7747.25,463.4,1.0,480.9,1.0,0.0,0.0,0.0,0.1704,-0.9966,0.0001,0.0,0.1426,-2.2429
2026-09-03T17:05:53Z,2026-09-03 17:05:30,SPXW,2026-09-11,C,8250.0,7747.25,0.1,698.0,0.2,819.0,0.1,1.0,689.0,0.1509,0.003,0.0,-0.0741,0.1288,0.006
2026-09-03T17:05:53Z,2026-09-03 17:05:30,SPXW,2026-09-11,P,8250.0,7747.25,488.3,1.0,506.5,1.0,478.98,0.0,4.0,0.1861,-0.997,0.0,0.0,0.1288,-2.2505
2026-09-03T17:05:53Z,2026-09-03 17:05:30,SPXW,2026-09-11,C,8275.0,7747.25,0.1,482.0,0.2,996.0,0.15,0.0,139.0,0.1575,0.0027,0.0,-0.0694,0.1168,0.0054
2026-09-03T17:05:53Z,2026-09-03 17:05:30,SPXW,2026-09-11,P,8275.0,7747.25,513.3,1.0,530.8,1.0,0.0,0.0,0.0,0.1842,-0.9972,0.0,0.0,0.1168,-2.2579
2026-09-03T17:05:53Z,2026-09-03 17:05:30,SPXW,2026-09-11,C,8300.0,7747.25,0.1,487.0,0.15,222.0,0.1,1.0,1188.0,0.1613,0.0024,0.0,-0.0651,0.1064,0.0049
2026-09-03T17:05:53Z,2026-09-03 17:05:30,SPXW,2026-09-11,P,8300.0,7747.25,538.3,1.0,555.4,1.0,529.35,0.0,3.0,0.1847,-0.9975,0.0,0.0,0.1064,-2.2652
2026-09-03T17:05:53Z,2026-09-03 17:05:30,SPXW,2026-09-11,C,8325.0,7747.25,0.1,41.0,0.15,275.0,0.1,0.0,1001.0,0.1675,0.0022,0.0,-0.0614,0.0976,0.0044
2026-09-03T17:05:53Z,2026-09-03 17:05:30,SPXW,2026-09-11,P,8325.0,7747.25,563.2,1.0,581.0,1.0,0.0,0.0,0.0,0.2029,-0.9977,0.0,0.0,0.0973,-2.2725
2026-09-03T17:05:53Z,2026-09-03 17:05:30,SPXW,2026-09-11,C,8350.0,7747.25,0.05,892.0,0.15,292.0,0.1,1.0,2659.0,0.1704,0.002,0.0,-0.058,0.0896,0.004
2026-09-03T17:05:53Z,2026-09-03 17:05:30,SPXW,2026-09-11,P,8350.0,7747.25,588.2,1.0,605.7,1.0,0.0,0.0,0.0,0.2059,-0.9979,0.0,0.0,0.0893,-2.2798
2026-09-03T17:05:53Z,2026-09-03 17:05:30,SPXW,2026-09-11,C,8375.0,7747.25,0.05,717.0,0.15,612.0,0.35,0.0,1.0,0.1766,0.0018,0.0,-0.0548,0.0825,0.0037
2026-09-03T17:05:53Z,2026-09-03 17:05:30,SPXW,2026-09-11,P,8375.0,7747.25,613.4,1.0,631.0,1.0,0.0,0.0,0.0,0.223,-0.9981,0.0,0.0,0.0822,-2.2869
2026-09-03T17:05:53Z,2026-09-03 17:05:30,SPXW,2026-09-11,C,8400.0,7747.25,0.05,620.0,0.15,711.0,0.1,1.0,2932.0,0.1831,0.0017,0.0,-0.0519,0.0759,0.0034
2026-09-03T17:05:53Z,2026-09-03 17:05:30,SPXW,2026-09-11,P,8400.0,7747.25,638.1,1.0,655.9,1.0,0.0,0.0,0.0,0.2246,-0.9982,0.0,0.0,0.0759,-2.2941
2026-09-03T17:05:53Z,2026-09-03 17:05:30,SPXW,2026-09-11,C,8450.0,7747.25,0.05,352.0,0.1,135.0,0.05,1.0,109.0,0.1905,0.0014,0.0,-0.0469,0.0653,0.0029
2026-09-03T17:05:53Z,2026-09-03 17:05:30,SPXW,2026-09-11,P,8450.0,7747.25,688.1,1.0,706.8,1.0,753.64,0.0,19.0,0.2554,-0.9985,0.0,0.0,0.0652,-2.3082
2026-09-03T17:05:53Z,2026-09-03 17:05:30,SPXW,2026-09-11,C,8500.0,7747.25,0.05,73.0,0.1,205.0,0.11,0.0,42.0,0.2024,0.0012,0.0,-0.0425,0.0566,0.0025
2026-09-03T17:05:53Z,2026-09-03 17:05:30,SPXW,2026-09-11,P,8500.0,7747.25,738.0,1.0,755.5,1.0,807.13,0.0,20.0,0.2478,-0.9987,0.0,0.0,0.0565,-2.3223
2026-09-03T17:42:27Z,2026-09-03 17:41:31,SPXW,2026-09-03,C,6975.0,7740.4302,756.5,1.0,776.0,1.0,0.0,0.0,0.0,2.3987,0.9996,0.0,-0.025,0.002,0.0
2026-09-03T17:42:27Z,2026-09-03 17:41:31,SPXW,2026-09-03,P,6975.0,7740.4302,0.0,0.0,0.05,1955.0,0.07,0.0,1516.0,1.837,-0.0004,0.0,-0.025,0.002,0.0
2026-09-03T17:42:27Z,2026-09-03 17:41:31,SPXW,2026-09-03,C,7000.0,7740.4302,731.5,1.0,751.0,1.0,716.11,1.0,2.0,2.3248,0.9996,0.0,-0.025,0.002,0.0
2026-09-03T17:42:27Z,2026-09-03 17:41:31,SPXW,2026-09-03,P,7000.0,7740.4302,0.0,0.0,0.05,2441.0,0.05,0.0,840.0,1.7781,-0.0004,0.0,-0.025,0.002,0.0
2026-09-03T17:42:27Z,2026-09-03 17:41:31,SPXW,2026-09-03,C,7020.0,7740.4302,711.5,1.0,728.6,3.0,0.0,0.0,0.0,0.0,0.9996,0.0,-0.025,0.0021,0.0
2026-09-03T17:42:27Z,2026-09-03 17:41:31,SPXW,2026-09-03,P,7020.0,7740.4302,0.0,0.0,0.05,1994.0,0.1,0.0,1.0,1.7311,-0.0004,0.0,-0.025,0.0021,0.0
2026-09-03T17:42:27Z,2026-09-03 17:41:31,SPXW,2026-09-03,C,7025.0,7740.4302,706.5,1.0,725.2,1.0,0.0,0.0,0.0,1.9395,0.9995,0.0,-0.025,0.0021,0.0
2026-09-03T17:42:27Z,2026-09-03 17:41:31,SPXW,2026-09-03,P,7025.0,7740.4302,0.0,0.0,0.05,2284.0,0.1,0.0,438.0,1.7193,-0.0005,0.0,-0.025,0.0021,0.0
2026-09-03T17:42:27Z,2026-09-03 17:41:31,SPXW,2026-09-03,C,7030.0,7740.4302,701.5,1.0,720.2,1.0,0.0,0.0,0.0,1.9265,0.9995,0.0,-0.025,0.0021,0.0
2026-09-03T17:42:27Z,2026-09-03 17:41:31,SPXW,2026-09-03,P,7030.0,7740.4302,0.0,0.0,0.05,1976.0,0.05,0.0,9.0,1.7076,-0.0005,0.0,-0.025,0.0021,0.0
2026-09-03T17:42:27Z,2026-09-03 17:41:31,SPXW,2026-09-03,C,7040.0,7740.4302,689.7,1.0,710.7,1.0,0.0,0.0,0.0,0.0,0.9995,0.0,-0.025,0.0021,0.0
2026-09-03T17:42:27Z,2026-09-03 17:41:31,SPXW,2026-09-03,P,7040.0,7740.4302,0.0,0.0,0.05,2051.0,0.1,0.0,85.0,1.6841,-0.0005,0.0,-0.025,0.0021,0.0
2026-09-03T17:42:27Z,2026-09-03 17:41:31,SPXW,2026-09-03,C,7050.0,7740.4302,681.5,1.0,701.1,1.0,765.55,0.0,0.0,0.0,0.9995,0.0,-0.025,0.0022,0.0
2026-09-03T17:42:27Z,2026-09-03 17:41:31,SPXW,2026-09-03,P,7050.0,7740.4302,0.0,0.0,0.05,2195.0,0.03,2.0,213.0,1.6607,-0.0005,0.0,-0.025,0.0022,0.0
2026-09-03T17:42:27Z,2026-09-03 17:41:31,SPXW,2026-09-03,C,7060.0,7740.4302,669.6,1.0,690.9,1.0,0.0,0.0,0.0,0.0,0.9995,0.0,-0.025,0.0022,0.0
2026-09-03T17:42:27Z,2026-09-03 17:41:31,SPXW,2026-09-03,P,7060.0,7740.4302,0.0,0.0,0.05,2016.0,0.1,0.0,17.0,1.6372,-0.0005,0.0,-0.025,0.0022,0.0
2026-09-03T17:42:27Z,2026-09-03 17:41:31,SPXW,2026-09-03,C,7070.0,7740.4302,660.2,1.0,680.7,1.0,0.0,0.0,0.0,0.0,0.9995,0.0,-0.025,0.0022,0.0
2026-09-03T17:42:27Z,2026-09-03 17:41:31,SPXW,2026-09-03,P,7070.0,7740.4302,0.0,0.0,0.05,1990.0,0.0,0.0,0.0,1.6138,-0.0005,0.0,-0.025,0.0022,0.0
2026-09-03T17:42:27Z,2026-09-03 17:41:31,SPXW,2026-09-03,C,7075.0,7740.4302,656.5,1.0,675.7,1.0,0.0,0.0,0.0,2.0253,0.9995,0.0,-0.025,0.0022,0.0
2026-09-03T17:42:27Z,2026-09-03 17:41:31,SPXW,2026-09-03,P,7075.0,7740.4302,0.0,0.0,0.05,2100.0,0.05,301.0,355.0,1.6021,-0.0005,0.0,-0.025,0.0022,0.0
2026-09-03T17:42:27Z,2026-09-03 17:41:31,SPXW,2026-09-03,C,7080.0,7740.4302,649.6,1.0,670.9,1.0,0.0,0.0,0.0,0.0,0.9995,0.0,-0.025,0.0022,0.0
2026-09-03T17:42:27Z,2026-09-03 17:41:31,SPXW,2026-09-03,P,7080.0,7740.4302,0.0,0.0,0.05,1962.0,0.05,0.0,9.0,1.5904,-0.0005,0.0,-0.025,0.0022,0.0
2026-09-03T17:42:27Z,2026-09-03 17:41:31,SPXW,2026-09-03,C,7090.0,7740.4302,639.5,1.0,660.1,1.0,0.0,0.0,0.0,0.0,0.9995,0.0,-0.025,0.0023,0.0
2026-09-03T17:42:27Z,2026-09-03 17:41:31,SPXW,2026-09-03,P,7090.0,7740.4302,0.0,0.0,0.05,1971.0,0.03,198.0,201.0,1.5669,-0.0005,0.0,-0.025,0.0023,0.0
2026-09-03T17:42:27Z,2026-09-03 17:41:31,SPXW,2026-09-03,C,7100.0,7740.4302,631.5,1.0,650.1,1.0,616.11,1.0,8.0,1.6598,0.9995,0.0,-0.025,0.0023,0.0
2026-09-03T17:42:27Z,2026-09-03 17:41:31,SPXW,2026-09-03,P,7100.0,7740.4302,0.0,0.0,0.05,2273.0,0.05,517.0,1903.0,1.5435,-0.0005,0.0,-0.025,0.0023,0.0
2026-09-03T17:42:27Z,2026-09-03 17:41:31,SPXW,2026-09-03,C,7110.0,7740.4302,621.5,1.0,640.1,1.0,0.0,0.0,0.0,1.6349,0.9995,0.0,-0.025,0.0023,0.0
2026-09-03T17:42:27Z,2026-09-03 17:41:31,SPXW,2026-09-03,P,7110.0,7740.4302,0.0,0.0,0.05,1918.0,0.15,0.0,391.0,1.5201,-0.0005,0.0,-0.025,0.0023,0.0
2026-09-03T17:42:27Z,2026-09-03 17:41:31,SPXW,2026-09-03,C,7120.0,7740.4302,611.5,1.0,630.1,1.0,0.0,0.0,0.0,1.61,0.9995,0.0,-0.025,0.0024,0.0
2026-09-03T17:42:27Z,2026-09-03 17:41:31,SPXW,2026-09-03,P,7120.0,7740.4302,0.0,0.0,0.05,2058.0,0.05,2.0,8.0,1.4968,-0.0005,0.0,-0.025,0.0024,0.0
2026-09-03T17:42:27Z,2026-09-03 17:41:31,SPXW,2026-09-03,C,7125.0,7740.4302,615.7,7.0,616.8,10.0,554.37,0.0,8.0,1.5976,0.9995,0.0,-0.025,0.0024,0.0
2026-09-03T17:42:27Z,2026-09-03 17:41:31,SPXW,2026-09-03,P,7125.0,7740.4302,0.0,0.0,0.05,2163.0,0.1,0.0,308.0,1.4851,-0.0005,0.0,-0.025,0.0024,0.0
2026-09-03T17:42:27Z,2026-09-03 17:41:31,SPXW,2026-09-03,C,7130.0,7740.4302,610.7,7.0,611.8,10.0,0.0,0.0,0.0,1.5851,0.9995,0.0,-0.025,0.0024,0.0
2026-09-03T17:42:27Z,2026-09-03 17:41:31,SPXW,2026-09-03,P,7130.0,7740.4302,0.0,0.0,0.05,2029.0,0.32,0.0,14.0,1.4734,-0.0005,0.0,-0.025,0.0024,0.0
2026-09-03T17:42:27Z,2026-09-03 17:41:31,SPXW,2026-09-03,C,7140.0,7740.4302,600.7,7.0,601.8,10.0,0.0,0.0,0.0,1.5602,0.9995,0.0,-0.025,0.0024,0.0
2026-09-03T17:42:27Z,2026-09-03 17:41:31,SPXW,2026-09-03,P,7140.0,7740.4302,0.0,0.0,0.05,930.0,0.05,0.0,205.0,1.45,-0.0005,0.0,-0.025,0.0024,0.0
2026-09-03T17:42:27Z,2026-09-03 17:41:31,SPXW,2026-09-03,C,7150.0,7740.4302,590.7,7.0,591.8,10.0,562.39,0.0,3.0,1.5353,0.9995,0.0,-0.025,0.0025,0.0
2026-09-03T17:42:27Z,2026-09-03 17:41:31,SPXW,2026-09-03,P,7150.0,7740.4302,0.0,0.0,0.05,1084.0,0.03,80.0,582.0,1.4267,-0.0005,0.0,-0.025,0.0025,0.0
2026-09-03T17:42:27Z,2026-09-03 17:41:31,SPXW,2026-09-03,C,7160.0,7740.4302,580.7,7.0,581.8,7.0,0.0,0.0,0.0,1.5104,0.9994,0.0,-0.025,0.0025,0.0
2026-09-03T17:42:27Z,2026-09-03 17:41:31,SPXW,2026-09-03,P,7160.0,7740.4302,0.0,0.0,0.05,931.0,0.1,0.0,357.0,1.4034,-0.0006,0.0,-0.025,0.0025,0.0
2026-09-03T17:42:27Z,2026-09-03 17:41:31,SPXW,2026-09-03,C,7170.0,7740.4302,570.6,7.0,571.8,7.0,0.0,0.0,0.0,1.4855,0.9994,0.0,-0.025,0.0026,0.0
2026-09-03T17:42:27Z,2026-09-03 17:41:31,SPXW,2026-09-03,P,7170.0,7740.4302,0.0,0.0,0.05,913.0,0.07,0.0,53.0,1.38,-0.0006,0.0,-0.025,0.0026,0.0
2026-09-03T17:42:27Z,2026-09-03 17:41:31,SPXW,2026-09-03,C,7175.0,7740.4302,565.6,7.0,566.8,7.0,515.92,0.0,17.0,1.4731,0.9994,0.0,-0.025,0.0026,0.0
2026-09-03T17:42:27Z,2026-09-03 17:41:31,SPXW,2026-09-03,P,7175.0,7740.4302,0.0,0.0,0.05,1033.0,0.1,0.0,357.0,1.3684,-0.0006,0.0,-0.025,0.0026,0.0
2026-09-03T17:42:27Z,2026-09-03 17:41:31,SPXW,2026-09-03,C,7180.0,7740.4302,560.6,7.0,561.8,7.0,0.0,0.0,0.0,1.4607,0.9994,0.0,-0.025,0.0026,0.0
2026-09-03T17:42:27Z,2026-09-03 17:41:31,SPXW,2026-09-03,P,7180.0,7740.4302,0.0,0.0,0.05,912.0,0.1,0.0,250.0,1.3567,-0.0006,0.0,-0.025,0.0026,0.0
2026-09-03T17:42:27Z,2026-09-03 17:41:31,SPXW,2026-09-03,C,7185.0,7740.4302,555.6,7.0,556.8,7.0,0.0,0.0,0.0,1.4482,0.9994,0.0,-0.025,0.0026,0.0
2026-09-03T17:42:27Z,2026-09-03 17:41:31,SPXW,2026-09-03,P,7185.0,7740.4302,0.0,0.0,0.05,902.0,0.1,0.0,516.0,1.345,-0.0006,0.0,-0.025,0.0026,0.0
2026-09-03T17:42:27Z,2026-09-03 17:41:31,SPXW,2026-09-03,C,7190.0,7740.4302,550.6,7.0,551.8,7.0,0.0,0.0,0.0,1.4358,0.9994,0.0,-0.025,0.0026,0.0
2026-09-03T17:42:27Z,2026-09-03 17:41:31,SPXW,2026-09-03,P,7190.0,7740.4302,0.0,0.0,0.05,886.0,0.1,0.0,673.0,1.3334,-0.0006,0.0,-0.025,0.0026,0.0
2026-09-03T17:42:27Z,2026-09-03 17:41:31,SPXW,2026-09-03,C,7195.0,7740.4302,545.6,7.0,546.8,7.0,0.0,0.0,0.0,1.4234,0.9994,0.0,-0.025,0.0026,0.0
2026-09-03T17:42:27Z,2026-09-03 17:41:31,SPXW,2026-09-03,P,7195.0,7740.4302,0.0,0.0,0.05,873.0,0.1,0.0,437.0,1.3217,-0.0006,0.0,-0.025,0.0026,0.0
2026-09-03T17:42:27Z,2026-09-03 17:41:31,SPXW,2026-09-03,C,7200.0,7740.4302,540.6,7.0,541.8,7.0,478.82,0.0,22.0,1.4109,0.9994,0.0,-0.025,0.0027,0.0
2026-09-03T17:42:27Z,2026-09-03 17:41:31,SPXW,2026-09-03,P,7200.0,7740.4302,0.0,0.0,0.05,1079.0,0.02,1.0,2072.0,1.3101,-0.0006,0.0,-0.025,0.0027,0.0
2026-09-03T17:42:27Z,2026-09-03 17:41:31,SPXW,2026-09-03,C,7205.0,7740.4302,535.6,7.0,536.8,7.0,0.0,0.0,0.0,1.3985,0.9994,0.0,-0.025,0.0027,0.0
2026-09-03T17:42:27Z,2026-09-03 17:41:31,SPXW,2026-09-03,P,7205.0,7740.4302,0.0,0.0,0.05,853.0,0.0,0.0,0.0,1.2984,-0.0006,0.0,-0.025,0.0027,0.0
2026-09-03T17:42:27Z,2026-09-03 17:41:31,SPXW,2026-09-03,C,7210.0,7740.4302,530.6,7.0,531.8,7.0,501.13,2.0,2.0,1.3861,0.9994,0.0,-0.025,0.0027,0.0
2026-09-03T17:42:27Z,2026-09-03 17:41:31,SPXW,2026-09-03,P,7210.0,7740.4302,0.0,0.0,0.05,873.0,0.1,0.0,329.0,1.2868,-0.0006,0.0,-0.025,0.0027,0.0
2026-09-03T17:42:27Z,2026-09-03 17:41:31,SPXW,2026-09-03,C,7215.0,7740.4302,525.6,7.0,526.8,7.0,488.44,1.0,0.0,1.3736,0.9994,0.0,-0.025,0.0027,0.0
2026-09-03T17:42:27Z,2026-09-03 17:41:31,SPXW,2026-09-03,P,7215.0,7740.4302,0.0,0.0,0.05,864.0,0.0,0.0,0.0,1.2751,-0.0006,0.0,-0.025,0.0027,0.0
2026-09-03T17:42:27Z,2026-09-03 17:41:31,SPXW,2026-09-03,C,7220.0,7740.4302,520.6,7.0,521.8,7.0,488.53,1.0,0.0,1.3612,0.9994,0.0,-0.025,0.0028,0.0
2026-09-03T17:42:27Z,2026-09-03 17:41:31,SPXW,2026-09-03,P,7220.0,7740.4302,0.0,0.0,0.05,860.0,0.05,0.0,224.0,1.2634,-0.0006,0.0,-0.025,0.0028,0.0
2026-09-03T17:42:27Z,2026-09-03 17:41:31,SPXW,2026-09-03,C,7225.0,7740.4302,515.6,7.0,516.8,7.0,477.88,2.0,6.0,1.3488,0.9994,0.0,-0.025,0.0028,0.0
2026-09-03T17:42:27Z,2026-09-03 17:41:31,SPXW,2026-09-03,P,7225.0,7740.4302,0.0,0.0,0.05,1000.0,0.05,0.0,257.0,1.2518,-0.0006,0.0,-0.025,0.0028,0.0
2026-09-03T17:42:27Z,2026-09-03 17:41:31,SPXW,2026-09-03,C,7230.0,7740.4302,510.6,7.0,511.8,7.0,478.08,2.0,0.0,1.3363,0.9994,0.0,-0.025,0.0028,0.0
2026-09-03T17:42:27Z,2026-09-03 17:41:31,SPXW,2026-09-03,P,7230.0,7740.4302,0.0,0.0,0.05,827.0,0.05,1.0,72.0,1.2402,-0.0006,0.0,-0.025,0.0028,0.0
2026-09-03T17:42:27Z,2026-09-03 17:41:31,SPXW,2026-09-03,C,7235.0,7740.4302,505.6,7.0,506.8,7.0,468.42,1.0,0.0,1.3239,0.9994,0.0,-0.025,0.0028,0.0
2026-09-03T17:42:27Z,2026-09-03 17:41:31,SPXW,2026-09-03,P,7235.0,7740.4302,0.0,0.0,0.05,794.0,0.05,0.0,228.0,1.2285,-0.0006,0.0,-0.025,0.0028,0.0
2026-09-03T17:42:27Z,2026-09-03 17:41:31,SPXW,2026-09-03,C,7240.0,7740.4302,500.6,7.0,501.8,7.0,468.53,1.0,0.0,1.3115,0.9994,0.0,-0.025,0.0029,0.0
2026-09-03T17:42:27Z,2026-09-03 17:41:31,SPXW,2026-09-03,P,7240.0,7740.4302,0.0,0.0,0.05,786.0,0.07,0.0,162.0,1.2168,-0.0006,0.0,-0.025,0.0029,0.0
2026-09-03T17:42:27Z,2026-09-03 17:41:31,SPXW,2026-09-03,C,7245.0,7740.4302,495.6,7.0,496.8,7.0,0.0,0.0,0.0,1.2991,0.9994,0.0,-0.025,0.0029,0.0
2026-09-03T17:42:27Z,2026-09-03 17:41:31,SPXW,2026-09-03,P,7245.0,7740.4302,0.0,0.0,0.05,779.0,0.05,0.0,52.0,1.2052,-0.0006,0.0,-0.025,0.0029,0.0
2026-09-03T17:42:27Z,2026-09-03 17:41:31,SPXW,2026-09-03,C,7250.0,7740.4302,490.6,7.0,491.8,7.0,417.72,0.0,18.0,1.2866,0.9994,0.0,-0.025,0.0029,0.0
2026-09-03T17:42:27Z,2026-09-03 17:41:31,SPXW,2026-09-03,P,7250.0,7740.4302,0.0,0.0,0.05,887.0,0.05,11.0,455.0,1.1936,-0.0006,0.0,-0.025,0.0029,0.0
2026-09-03T17:42:27Z,2026-09-03 17:41:31,SPXW,2026-09-03,C,7255.0,7740.4302,485.6,7.0,486.8,7.0,0.0,0.0,0.0,1.2742,0.9994,0.0,-0.025,0.0029,0.0
2026-09-03T17:42:27Z,2026-09-03 17:41:31,SPXW,2026-09-03,P,7255.0,7740.4302,0.0,0.0,0.05,766.0,0.05,0.0,48.0,1.1819,-0.0006,0.0,-0.025,0.0029,0.0
2026-09-03T17:42:27Z,2026-09-03 17:41:31,SPXW,2026-09-03,C,7260.0,7740.4302,480.7,7.0,481.8,7.0,0.0,0.0,0.0,1.2618,0.9994,0.0,-0.025,0.003,0.0
2026-09-03T17:42:27Z,2026-09-03 17:41:31,SPXW,2026-09-03,P,7260.0,7740.4302,0.0,0.0,0.05,785.0,0.05,0.0,68.0,1.1703,-0.0006,0.0,-0.025,0.003,0.0
2026-09-03T17:42:27Z,2026-09-03 17:41:31,SPXW,2026-09-03,C,7265.0,7740.4302,475.7,7.0,476.8,7.0,0.0,0.0,0.0,1.2493,0.9993,0.0,-0.025,0.003,0.0
2026-09-03T17:42:27Z,2026-09-03 17:41:31,SPXW,2026-09-03,P,7265.0,7740.4302,0.0,0.0,0.05,794.0,0.05,0.0,112.0,1.1586,-0.0006,0.0,-0.025,0.003,0.0
2026-09-03T17:42:27Z,2026-09-03 17:41:31,SPXW,2026-09-03,C,7270.0,7740.4302,470.7,7.0,471.8,7.0,0.0,0.0,0.0,1.0984,0.9993,0.0,-0.025,0.003,0.0
2026-09-03T17:42:27Z,2026-09-03 17:41:31,SPXW,2026-09-03,P,7270.0,7740.4302,0.0,0.0,0.05,779.0,0.05,5.0,121.0,1.147,-0.0007,0.0,-0.025,0.003,0.0
2026-09-03T17:42:27Z,2026-09-03 17:41:31,SPXW,2026-09-03,C,7275.0,7740.4302,465.7,7.0,466.8,7.0,458.0,1.0,30.0,1.0871,0.9993,0.0,-0.025,0.003,0.0
2026-09-03T17:42:27Z,2026-09-03 17:41:31,SPXW,2026-09-03,P,7275.0,7740.4302,0.0,0.0,0.05,854.0,0.05,0.0,537.0,1.1353,-0.0007,0.0,-0.025,0.003,0.0
2026-09-03T17:42:27Z,2026-09-03 17:41:31,SPXW,2026-09-03,C,7280.0,7740.4302,460.7,7.0,461.8,7.0,0.0,0.0,0.0,1.0759,0.9993,0.0,-0.025,0.0031,0.0
2026-09-03T17:42:27Z,2026-09-03 17:41:31,SPXW,2026-09-03,P,7280.0,7740.4302,0.0,0.0,0.05,772.0,0.05,5.0,175.0,1.1237,-0.0007,0.0,-0.025,0.0031,0.0
2026-09-03T17:42:27Z,2026-09-03 17:41:31,SPXW,2026-09-03,C,7285.0,7740.4302,455.7,7.0,456.8,7.0,0.0,0.0,0.0,1.0647,0.9993,0.0,-0.025,0.0031,0.0
2026-09-03T17:42:27Z,2026-09-03 17:41:31,SPXW,2026-09-03,P,7285.0,7740.4302,0.0,0.0,0.05,781.0,0.03,2.0,123.0,1.112,-0.0007,0.0,-0.025,0.0031,0.0
2026-09-03T17:42:27Z,2026-09-03 17:41:31,SPXW,2026-09-03,C,7290.0,7740.4302,450.7,7.0,451.8,7.0,0.0,0.0,0.0,1.0535,0.9993,0.0,-0.025,0.0031,0.0
2026-09-03T17:42:27Z,2026-09-03 17:41:31,SPXW,2026-09-03,P,7290.0,7740.4302,0.0,0.0,0.05,776.0,0.03,2.0,267.0,1.1004,-0.0007,0.0,-0.025,0.0031,0.0
2026-09-03T17:42:27Z,2026-09-03 17:41:31,SPXW,2026-09-03,C,7295.0,7740.4302,445.7,7.0,446.8,7.0,0.0,0.0,0.0,1.1748,0.9993,0.0,-0.025,0.0032,0.0
2026-09-03T17:42:27Z,2026-09-03 17:41:31,SPXW,2026-09-03,P,7295.0,7740.4302,0.0,0.0,0.05,750.0,0.05,200.0,65.0,1.0888,-0.0007,0.0,-0.025,0.0032,0.0
2026-09-03T17:42:27Z,2026-09-03 17:41:31,SPXW,2026-09-03,C,7300.0,7740.4302,440.7,7.0,441.8,7.0,331.29,0.0,9.0,1.1623,0.9993,0.0,-0.025,0.0032,0.0
2026-09-03T17:42:27Z,2026-09-03 17:41:31,SPXW,2026-09-03,P,7300.0,7740.4302,0.0,0.0,0.05,832.0,0.05,575.0,1428.0,1.0771,-0.0007,0.0,-0.025,0.0032,0.0
2026-09-03T17:42:27Z,2026-09-03 17:41:31,SPXW,2026-09-03,C,7305.0,7740.4302,435.7,7.0,436.8,7.0,0.0,0.0,0.0,1.1499,0.9993,0.0,-0.025,0.0032,0.0
2026-09-03T17:42:27Z,2026-09-03 17:41:31,SPXW,2026-09-03,P,7305.0,7740.4302,0.0,0.0,0.05,871.0,0.05,128.0,99.0,1.0655,-0.0007,0.0,-0.025,0.0032,0.0
2026-09-03T17:42:27Z,2026-09-03 17:41:31,SPXW,2026-09-03,C,7310.0,7740.4302,430.7,7.0,431.8,7.0,318.48,0.0,1.0,1.1374,0.9993,0.0,-0.025,0.0032,0.0
2026-09-03T17:42:27Z,2026-09-03 17:41:31,SPXW,2026-09-03,P,7310.0,7740.4302,0.0,0.0,0.05,756.0,0.02,93.0,432.0,1.0538,-0.0007,0.0,-0.025,0.0032,0.0
2026-09-03T17:42:27Z,2026-09-03 17:41:31,SPXW,2026-09-03,C,7315.0,7740.4302,425.7,7.0,426.8,7.0,0.0,0.0,0.0,1.125,0.9993,0.0,-0.025,0.0033,0.0
2026-09-03T17:42:27Z,2026-09-03 17:41:31,SPXW,2026-09-03,P,7315.0,7740.4302,0.0,0.0,0.05,754.0,0.05,161.0,114.0,1.0422,-0.0007,0.0,-0.025,0.0033,0.0
2026-09-03T17:42:27Z,2026-09-03 17:41:31,SPXW,2026-09-03,C,7320.0,7740.4302,420.7,7.0,421.8,7.0,468.37,0.0,3.0,1.1126,0.9993,0.0,-0.025,0.0033,0.0
2026-09-03T17:42:27Z,2026-09-03 17:41:31,SPXW,2026-09-03,P,7320.0,7740.4302,0.0,0.0,0.05,742.0,0.05,150.0,347.0,1.0305,-0.0007,0.0,-0.025,0.0033,0.0
2026-09-03T17:42:27Z,2026-09-03 17:41:31,SPXW,2026-09-03,C,7325.0,7740.4302,415.7,7.0,416.8,7.0,324.9,0.0,6.0,1.1001,0.9993,0.0,-0.025,0.0034,0.0
2026-09-03T17:42:27Z,2026-09-03 17:41:31,SPXW,2026-09-03,P,7325.0,7740.4302,0.0,0.0,0.05,795.0,0.05,228.0,3671.0,1.0189,-0.0007,0.0,-0.025,0.0034,0.0
2026-09-03T17:42:27Z,2026-09-03 17:41:31,SPXW,2026-09-03,C,7330.0,7740.4302,410.7,7.0,411.8,7.0,0.0,0.0,0.0,1.0877,0.9992,0.0,-0.025,0.0034,0.0
2026-09-03T17:42:27Z,2026-09-03 17:41:31,SPXW,2026-09-03,P,7330.0,7740.4302,0.0,0.0,0.05,809.0,0.05,218.0,196.0,1.0072,-0.0007,0.0,-0.025,0.0034,0.0
2026-09-03T17:42:27Z,2026-09-03 17:41:31,SPXW,2026-09-03,C,7335.0,7740.4302,405.7,7.0,406.8,7.0,0.0,0.0,0.0,1.0752,0.9992,0.0,-0.025,0.0034,0.0
2026-09-03T17:42:27Z,2026-09-03 17:41:31,SPXW,2026-09-03,P,7335.0,7740.4302,0.0,0.0,0.05,806.0,0.03,75.0,1092.0,0.9956,-0.0008,0.0,-0.025,0.0034,0.0
2026-09-03T17:42:27Z,2026-09-03 17:41:31,SPXW,2026-09-03,C,7340.0,7740.4302,400.7,7.0,401.8,7.0,336.56,0.0,31.0,1.0628,0.9992,0.0,-0.025,0.0035,0.0
2026-09-03T17:42:27Z,2026-09-03 17:41:31,SPXW,2026-09-03,P,7340.0,7740.4302,0.0,0.0,0.05,572.0,0.03,258.0,492.0,0.9839,-0.0008,0.0,-0.025,0.0035,0.0
2026-09-03T17:42:27Z,2026-09-03 17:41:31,SPXW,2026-09-03,C,7345.0,7740.4302,395.7,7.0,396.8,7.0,0.0,0.0,0.0,1.0503,0.9992,0.0,-0.025,0.0035,0.0
2026-09-03T17:42:27Z,2026-09-03 17:41:31,SPXW,2026-09-03,P,7345.0,7740.4302,0.0,0.0,0.05,457.0,0.05,112.0,4025.0,0.9723,-0.0008,0.0,-0.025,0.0035,0.0
2026-09-03T17:42:27Z,2026-09-03 17:41:31,SPXW,2026-09-03,C,7350.0,7740.4302,390.7,7.0,391.8,7.0,381.74,3.0,40.0,1.0379,0.9992,0.0,-0.025,0.0035,0.0
2026-09-03T17:42:27Z,2026-09-03 17:41:31,SPXW,2026-09-03,P,7350.0,7740.4302,0.0,0.0,0.05,584.0,0.05,1141.0,5456.0,0.9606,-0.0008,0.0,-0.025,0.0035,0.0
2026-09-03T17:42:27Z,2026-09-03 17:41:31,SPXW,2026-09-03,C,7355.0,7740.4302,385.7,7.0,386.8,7.0,0.0,0.0,0.0,1.0254,0.9992,0.0,-0.025,0.0036,0.0
2026-09-03T17:42:27Z,2026-09-03 17:41:31,SPXW,2026-09-03,P,7355.0,7740.4302,0.0,0.0,0.05,328.0,0.05,899.0,186.0,0.949,-0.0008,0.0,-0.025,0.0036,0.0
2026-09-03T17:42:27Z,2026-09-03 17:41:31,SPXW,2026-09-03,C,7360.0,7740.4302,380.7,7.0,381.8,7.0,380.75,6.0,17.0,1.013,0.9992,0.0,-0.025,0.0036,0.0
2026-09-03T17:42:27Z,2026-09-03 17:41:31,SPXW,2026-09-03,P,7360.0,7740.4302,0.0,0.0,0.05,547.0,0.05,282.0,2122.0,0.9373,-0.0008,0.0,-0.025,0.0036,0.0
2026-09-03T17:42:27Z,2026-09-03 17:41:31,SPXW,2026-09-03,C,7365.0,7740.4302,375.7,7.0,376.8,7.0,304.23,0.0,10.0,1.0005,0.9992,0.0,-0.025,0.0036,0.0
2026-09-03T17:42:27Z,2026-09-03 17:41:31,SPXW,2026-09-03,P,7365.0,7740.4302,0.0,0.0,0.05,178.0,0.05,1282.0,318.0,0.9257,-0.0008,0.0,-0.025,0.0036,0.0
2026-09-03T17:42:27Z,2026-09-03 17:41:31,SPXW,2026-09-03,C,7370.0,7740.4302,370.7,7.0,371.8,7.0,365.67,2.0,3.0,0.988,0.9992,0.0,-0.025,0.0037,0.0
2026-09-03T17:42:27Z,2026-09-03 17:41:31,SPXW,2026-09-03,P,7370.0,7740.4302,0.0,0.0,0.05,302.0,0.05,305.0,296.0,0.914,-0.0008,0.0,-0.025,0.0037,0.0
2026-09-03T17:42:27Z,2026-09-03 17:41:31,SPXW,2026-09-03,C,7375.0,7740.4302,365.7,7.0,366.8,7.0,0.0,0.0,0.0,0.9755,0.9992,0.0,-0.025,0.0037,0.0
2026-09-03T17:42:27Z,2026-09-03 17:41:31,SPXW,2026-09-03,P,7375.0,7740.4302,0.0,0.0,0.05,424.0,0.05,498.0,3506.0,0.9024,-0.0008,0.0,-0.025,0.0037,0.0
2026-09-03T17:42:27Z,2026-09-03 17:41:31,SPXW,2026-09-03,C,7380.0,7740.4302,360.7,7.0,361.8,7.0,360.75,7.0,7.0,0.963,0.9992,0.0,-0.025,0.0038,0.0
2026-09-03T17:42:27Z,2026-09-03 17:41:31,SPXW,2026-09-03,P,7380.0,7740.4302,0.0,0.0,0.05,305.0,0.03,557.0,281.0,0.8907,-0.0008,0.0,-0.025,0.0038,0.0
2026-09-03T17:42:27Z,2026-09-03 17:41:31,SPXW,2026-09-03,C,7385.0,7740.4302,355.7,7.0,356.8,7.0,252.89,0.0,1.0,0.9506,0.9992,0.0,-0.025,0.0038,0.0
2026-09-03T17:42:27Z,2026-09-03 17:41:31,SPXW,2026-09-03,P,7385.0,7740.4302,0.0,0.0,0.05,287.0,0.05,478.0,267.0,0.879,-0.0008,0.0,-0.025,0.0038,0.0
2026-09-03T17:42:27Z,2026-09-03 17:41:31,SPXW,2026-09-03,C,7390.0,7740.4302,350.7,7.0,351.8,7.0,0.0,0.0,0.0,0.9381,0.9992,0.0,-0.025,0.0039,0.0
2026-09-03T17:42:27Z,2026-09-03 17:41:31,SPXW,2026-09-03,P,7390.0,7740.4302,0.0,0.0,0.05,379.0,0.05,1422.0,485.0,0.8674,-0.0008,0.0,-0.025,0.0039,0.0
2026-09-03T17:42:27Z,2026-09-03 17:41:31,SPXW,2026-09-03,C,7395.0,7740.4302,345.7,7.0,346.8,7.0,0.0,0.0,0.0,0.9256,0.9991,0.0,-0.025,0.0039,0.0
2026-09-03T17:42:27Z,2026-09-03 17:41:31,SPXW,2026-09-03,P,7395.0,7740.4302,0.0,0.0,0.05,280.0,0.05,621.0,215.0,0.8557,-0.0009,0.0,-0.025,0.0039,0.0
2026-09-03T17:42:27Z,2026-09-03 17:41:31,SPXW,2026-09-03,C,7400.0,7740.4302,340.7,7.0,341.8,7.0,337.9,15.0,16.0,0.9131,0.9991,0.0,-0.025,0.004,0.0
2026-09-03T17:42:27Z,2026-09-03 17:41:31,SPXW,2026-09-03,P,7400.0,7740.4302,0.0,0.0,0.05,373.0,0.03,1720.0,3493.0,0.844,-0.0009,0.0,-0.025,0.004,0.0
2026-09-03T17:42:27Z,2026-09-03 17:41:31,SPXW,2026-09-03,C,7405.0,7740.4302,335.7,7.0,336.8,7.0,0.0,0.0,0.0,0.9006,0.9991,0.0,-0.025,0.004,0.0
2026-09-03T17:42:27Z,2026-09-03 17:41:31,SPXW,2026-09-03,P,7405.0,7740.4302,0.0,0.0,0.05,272.0,0.05,815.0,94.0,0.8323,-0.0009,0.0,-0.025,0.004,0.0
2026-09-03T17:42:27Z,2026-09-03 17:41:31,SPXW,2026-09-03,C,7410.0,7740.4302,330.7,7.0,331.8,7.0,334.46,6.0,7.0,0.8881,0.9991,0.0,-0.025,0.0041,0.0
2026-09-03T17:42:27Z,2026-09-03 17:41:31,SPXW,2026-09-03,P,7410.0,7740.4302,0.0,0.0,0.05,278.0,0.05,1035.0,362.0,0.8206,-0.0009,0.0,-0.025,0.0041,0.0
2026-09-03T17:42:27Z,2026-09-03 17:41:31,SPXW,2026-09-03,C,7415.0,7740.4302,325.7,7.0,326.8,7.0,0.0,0.0,0.0,0.8756,0.9991,0.0,-0.025,0.0041,0.0
2026-09-03T17:42:27Z,2026-09-03 17:41:31,SPXW,2026-09-03,P,7415.0,7740.4302,0.0,0.0,0.05,282.0,0.05,664.0,1066.0,0.8089,-0.0009,0.0,-0.025,0.0041,0.0
2026-09-03T17:42:27Z,2026-09-03 17:41:31,SPXW,2026-09-03,C,7420.0,7740.4302,320.7,7.0,321.8,7.0,324.34,4.0,5.0,0.863,0.9991,0.0,-0.025,0.0042,0.0
2026-09-03T17:42:27Z,2026-09-03 17:41:31,SPXW,2026-09-03,P,7420.0,7740.4302,0.0,0.0,0.05,271.0,0.05,821.0,349.0,0.7973,-0.0009,0.0,-0.025,0.0042,0.0
2026-09-03T17:42:27Z,2026-09-03 17:41:31,SPXW,2026-09-03,C,7425.0,7740.4302,315.7,7.0,316.8,7.0,319.72,7.0,26.0,0.8505,0.9991,0.0,-0.025,0.0042,0.0
2026-09-03T17:42:27Z,2026-09-03 17:41:31,SPXW,2026-09-03,P,7425.0,7740.4302,0.0,0.0,0.05,245.0,0.05,1094.0,5734.0,0.7856,-0.0009,0.0,-0.025,0.0042,0.0
2026-09-03T17:42:27Z,2026-09-03 17:41:31,SPXW,2026-09-03,C,7430.0,7740.4302,310.7,7.0,311.8,7.0,312.29,7.0,13.0,0.838,0.999,0.0,-0.025,0.0043,0.0
2026-09-03T17:42:27Z,2026-09-03 17:41:31,SPXW,2026-09-03,P,7430.0,7740.4302,0.0,0.0,0.05,122.0,0.05,1602.0,410.0,0.7739,-0.001,0.0,-0.025,0.0043,0.0
2026-09-03T17:42:27Z,2026-09-03 17:41:31,SPXW,2026-09-03,C,7435.0,7740.4302,305.7,7.0,306.8,7.0,285.52,4.0,4.0,0.8255,0.999,0.0,-0.025,0.0044,0.0
2026-09-03T17:42:27Z,2026-09-03 17:41:31,SPXW,2026-09-03,P,7435.0,7740.4302,0.0,0.0,0.05,198.0,0.05,1120.0,5567.0,0.7622,-0.001,0.0,-0.025,0.0044,0.0
2026-09-03T17:42:27Z,2026-09-03 17:41:31,SPXW,2026-09-03,C,7440.0,7740.4302,300.7,7.0,301.8,7.0,301.88,8.0,59.0,0.8129,0.999,0.0,-0.025,0.0044,0.0
2026-09-03T17:42:27Z,2026-09-03 17:41:31,SPXW,2026-09-03,P,7440.0,7740.4302,0.0,0.0,0.05,226.0,0.05,1240.0,708.0,0.7504,-0.001,0.0,-0.025,0.0044,0.0
2026-09-03T17:42:27Z,2026-09-03 17:41:31,SPXW,2026-09-03,C,7445.0,7740.4302,295.7,7.0,296.8,7.0,274.63,0.0,9.0,0.8004,0.9982,0.0,-0.05,0.0076,0.0
2026-09-03T17:42:27Z,2026-09-03 17:41:31,SPXW,2026-09-03,P,7445.0,7740.4302,0.0,0.0,0.1,833.0,0.03,616.0,269.0,0.7833,-0.0018,0.0,-0.05,0.0076,0.0
2026-09-03T17:42:27Z,2026-09-03 17:41:31,SPXW,2026-09-03,C,7450.0,7740.4302,290.7,7.0,291.8,7.0,290.96,4.0,54.0,0.7878,0.9982,0.0001,-0.05,0.0077,0.0
2026-09-03T17:42:27Z,2026-09-03 17:41:31,SPXW,2026-09-03,P,7450.0,7740.4302,0.0,0.0,0.1,828.0,0.04,1057.0,7071.0,0.771,-0.0018,0.0001,-0.05,0.0077,0.0
2026-09-03T17:42:27Z,2026-09-03 17:41:31,SPXW,2026-09-03,C,7455.0,7740.4302,285.7,7.0,286.8,11.0,243.6,2.0,4.0,0.7752,0.9982,0.0001,-0.05,0.0078,0.0
2026-09-03T17:42:27Z,2026-09-03 17:41:31,SPXW,2026-09-03,P,7455.0,7740.4302,0.0,0.0,0.1,814.0,0.05,422.0,294.0,0.7586,-0.0018,0.0001,-0.05,0.0078,0.0
2026-09-03T17:42:27Z,2026-09-03 17:41:31,SPXW,2026-09-03,C,7460.0,7740.4302,280.7,7.0,281.8,11.0,205.99,0.0,13.0,0.7627,0.9982,0.0001,-0.05,0.008,0.0
2026-09-03T17:42:27Z,2026-09-03 17:41:31,SPXW,2026-09-03,P,7460.0,7740.4302,0.0,0.0,0.1,821.0,0.03,357.0,1674.0,0.7463,-0.0018,0.0001,-0.05,0.0079,0.0
2026-09-03T17:42:27Z,2026-09-03 17:41:31,SPXW,2026-09-03,C,7465.0,7740.4302,275.7,7.0,276.8,11.0,0.0,0.0,0.0,0.7501,0.9981,0.0001,-0.05,0.0081,0.0
2026-09-03T17:42:27Z,2026-09-03 17:41:31,SPXW,2026-09-03,P,7465.0,7740.4302,0.0,0.0,0.1,783.0,0.05,466.0,360.0,0.734,-0.0019,0.0001,-0.05,0.0081,0.0
2026-09-03T17:42:27Z,2026-09-03 17:41:31,SPXW,2026-09-03,C,7470.0,7740.4302,270.7,7.0,271.8,11.0,244.59,0.0,3.0,0.7375,0.9981,0.0001,-0.05,0.0082,0.0
2026-09-03T17:42:27Z,2026-09-03 17:41:31,SPXW,2026-09-03,P,7470.0,7740.4302,0.0,0.0,0.1,809.0,0.05,1040.0,512.0,0.7216,-0.0019,0.0001,-0.05,0.0082,0.0
2026-09-03T17:42:27Z,2026-09-03 17:41:31,SPXW,2026-09-03,C,7475.0,7740.4302,265.7,7.0,266.8,11.0,256.68,2.0,13.0,0.7249,0.9989,0.0,-0.025,0.0049,0.0
2026-09-03T17:42:27Z,2026-09-03 17:41:31,SPXW,2026-09-03,P,7475.0,7740.4302,0.0,0.0,0.05,56.0,0.05,1369.0,5230.0,0.6683,-0.0011,0.0,-0.025,0.0049,0.0
2026-09-03T17:42:27Z,2026-09-03 17:41:31,SPXW,2026-09-03,C,7480.0,7740.4302,260.7,7.0,261.8,11.0,228.48,2.0,5.0,0.7123,0.9989,0.0,-0.025,0.005,0.0
2026-09-03T17:42:27Z,2026-09-03 17:41:31,SPXW,2026-09-03,P,7480.0,7740.4302,0.0,0.0,0.05,55.0,0.05,2043.0,651.0,0.6566,-0.0011,0.0,-0.025,0.005,0.0
2026-09-03T17:42:27Z,2026-09-03 17:41:31,SPXW,2026-09-03,C,7485.0,7740.4302,255.7,7.0,256.8,11.0,210.66,2.0,0.0,0.6996,0.9989,0.0,-0.025,0.0051,0.0
2026-09-03T17:42:27Z,2026-09-03 17:41:31,SPXW,2026-09-03,P,7485.0,7740.4302,0.0,0.0,0.05,54.0,0.05,358.0,666.0,0.6444,-0.0011,0.0,-0.025,0.0051,0.0
2026-09-03T17:42:27Z,2026-09-03 17:41:31,SPXW,2026-09-03,C,7490.0,7740.4302,250.7,7.0,251.8,11.0,177.11,0.0,10.0,0.756,0.9972,0.0001,-0.075,0.0118,0.0
2026-09-03T17:42:27Z,2026-09-03 17:41:31,SPXW,2026-09-03,P,7490.0,7740.4302,0.05,96.0,0.1,857.0,0.05,270.0,4487.0,0.6981,-0.0028,0.0001,-0.075,0.0118,0.0
2026-09-03T17:42:27Z,2026-09-03 17:41:31,SPXW,2026-09-03,C,7495.0,7740.4302,245.7,7.0,246.8,11.0,213.36,1.0,10.0,0.7423,0.9971,0.0001,-0.075,0.012,0.0
2026-09-03T17:42:27Z,2026-09-03 17:41:31,SPXW,2026-09-03,P,7495.0,7740.4302,0.05,17.0,0.1,890.0,0.07,428.0,513.0,0.6853,-0.0029,0.0001,-0.075,0.0119,0.0
2026-09-03T17:42:27Z,2026-09-03 17:41:31,SPXW,2026-09-03,C,7500.0,7740.4302,240.7,7.0,241.8,11.0,246.88,9.0,106.0,0.7286,0.9971,0.0001,-0.075,0.0122,0.0
2026-09-03T17:42:27Z,2026-09-03 17:41:31,SPXW,2026-09-03,P,7500.0,7740.4302,0.05,303.0,0.1,887.0,0.05,1176.0,6131.0,0.6725,-0.0029,0.0001,-0.075,0.0122,0.0
2026-09-03T17:42:27Z,2026-09-03 17:41:31,SPXW,2026-09-03,C,7505.0,7740.4302,235.7,7.0,236.8,11.0,240.03,2.0,6.0,0.7149,0.997,0.0001,-0.075,0.0124,0.0
2026-09-03T17:42:27Z,2026-09-03 17:41:31,SPXW,2026-09-03,P,7505.0,7740.4302,0.05,234.0,0.1,913.0,0.05,1356.0,1451.0,0.6597,-0.003,0.0001,-0.075,0.0124,0.0
2026-09-03T17:42:27Z,2026-09-03 17:41:31,SPXW,2026-09-03,C,7510.0,7740.4302,230.7,7.0,231.8,11.0,187.04,1.0,26.0,0.7012,0.997,0.0001,-0.075,0.0126,0.0
2026-09-03T17:42:27Z,2026-09-03 17:41:31,SPXW,2026-09-03,P,7510.0,7740.4302,0.05,206.0,0.1,811.0,0.07,1959.0,934.0,0.6468,-0.003,0.0001,-0.075,0.0126,0.0
2026-09-03T17:42:27Z,2026-09-03 17:41:31,SPXW,2026-09-03,C,7515.0,7740.4302,225.7,7.0,226.8,11.0,230.8,2.0,4.0,0.6874,0.9969,0.0001,-0.075,0.0128,0.0
2026-09-03T17:42:27Z,2026-09-03 17:41:31,SPXW,2026-09-03,P,7515.0,7740.4302,0.05,402.0,0.1,806.0,0.07,1940.0,1241.0,0.6335,-0.0031,0.0001,-0.075,0.0128,0.0
2026-09-03T17:42:27Z,2026-09-03 17:41:31,SPXW,2026-09-03,C,7520.0,7740.4302,220.7,7.0,221.8,11.0,190.41,2.0,18.0,0.6737,0.9969,0.0001,-0.075,0.013,0.0
2026-09-03T17:42:27Z,2026-09-03 17:41:31,SPXW,2026-09-03,P,7520.0,7740.4302,0.05,418.0,0.1,872.0,0.05,3077.0,2867.0,0.6206,-0.0031,0.0001,-0.075,0.013,0.0
2026-09-03T17:42:27Z,2026-09-03 17:41:31,SPXW,2026-09-03,C,7525.0,7740.4302,215.7,7.0,216.8,11.0,142.76,0.0,46.0,0.6599,0.9968,0.0001,-0.075,0.0133,0.0
2026-09-03T17:42:27Z,2026-09-03 17:41:31,SPXW,2026-09-03,P,7525.0,7740.4302,0.05,534.0,0.1,855.0,0.05,2800.0,2612.0,0.6077,-0.0032,0.0001,-0.075,0.0133,0.0
2026-09-03T17:42:27Z,2026-09-03 17:41:31,SPXW,2026-09-03,C,7530.0,7740.4302,210.7,7.0,211.8,11.0,170.83,2.0,6.0,0.6461,0.9967,0.0001,-0.075,0.0135,0.0
2026-09-03T17:42:27Z,2026-09-03 17:41:31,SPXW,2026-09-03,P,7530.0,7740.4302,0.05,612.0,0.1,1015.0,0.07,2925.0,972.0,0.5948,-0.0033,0.0001,-0.075,0.0135,0.0
2026-09-03T17:42:27Z,2026-09-03 17:41:31,SPXW,2026-09-03,C,7535.0,7740.4302,205.7,7.0,206.8,11.0,168.56,1.0,2.0,0.6322,0.9967,0.0001,-0.075,0.0138,0.0
2026-09-03T17:42:27Z,2026-09-03 17:41:31,SPXW,2026-09-03,P,7535.0,7740.4302,0.05,541.0,0.1,834.0,0.07,2995.0,1336.0,0.5819,-0.0033,0.0001,-0.075,0.0138,0.0
2026-09-03T17:42:27Z,2026-09-03 17:41:31,SPXW,2026-09-03,C,7540.0,7740.4302,200.7,7.0,201.8,11.0,132.45,0.0,11.0,0.6184,0.9966,0.0001,-0.075,0.0141,0.0
2026-09-03T17:42:27Z,2026-09-03 17:41:31,SPXW,2026-09-03,P,7540.0,7740.4302,0.05,693.0,0.1,759.0,0.07,2732.0,1062.0,0.569,-0.0034,0.0001,-0.075,0.0141,0.0
2026-09-03T17:42:27Z,2026-09-03 17:41:31,SPXW,2026-09-03,C,7545.0,7740.4302,195.7,7.0,196.8,11.0,125.88,0.0,1.0,0.6045,0.9965,0.0001,-0.075,0.0144,0.0
2026-09-03T17:42:27Z,2026-09-03 17:41:31,SPXW,2026-09-03,P,7545.0,7740.4302,0.05,741.0,0.1,777.0,0.1,2901.0,2600.0,0.556,-0.0035,0.0001,-0.075,0.0144,0.0
2026-09-03T17:42:27Z,2026-09-03 17:41:31,SPXW,2026-09-03,C,7550.0,7740.4302,190.7,7.0,191.8,11.0,192.52,121.0,175.0,0.5906,0.9965,0.0001,-0.075,0.0147,0.0
2026-09-03T17:42:27Z,2026-09-03 17:41:31,SPXW,2026-09-03,P,7550.0,7740.4302,0.05,985.0,0.1,606.0,0.07,3735.0,5191.0,0.5431,-0.0035,0.0001,-0.075,0.0147,0.0
2026-09-03T17:42:27Z,2026-09-03 17:41:31,SPXW,2026-09-03,C,7555.0,7740.4302,185.7,7.0,186.8,11.0,188.43,32.0,16.0,0.5767,0.9964,0.0001,-0.075,0.015,0.0
2026-09-03T17:42:27Z,2026-09-03 17:41:31,SPXW,2026-09-03,P,7555.0,7740.4302,0.05,978.0,0.1,631.0,0.1,2152.0,1196.0,0.5301,-0.0036,0.0001,-0.075,0.015,0.0
2026-09-03T17:42:27Z,2026-09-03 17:41:31,SPXW,2026-09-03,C,7560.0,7740.4302,180.8,7.0,181.8,11.0,151.52,3.0,22.0,0.5628,0.9963,0.0002,-0.075,0.0153,0.0
2026-09-03T17:42:27Z,2026-09-03 17:41:31,SPXW,2026-09-03,P,7560.0,7740.4302,0.05,1237.0,0.1,678.0,0.1,3818.0,1301.0,0.517,-0.0037,0.0002,-0.075,0.0153,0.0
2026-09-03T17:42:27Z,2026-09-03 17:41:31,SPXW,2026-09-03,C,7565.0,7740.4302,175.8,7.0,176.8,11.0,106.0,0.0,28.0,0.5488,0.9943,0.0002,-0.125,0.0225,0.0
2026-09-03T17:42:27Z,2026-09-03 17:41:31,SPXW,2026-09-03,P,7565.0,7740.4302,0.1,9.0,0.15,1061.0,0.1,2767.0,1607.0,0.5322,-0.0057,0.0002,-0.125,0.0225,0.0
2026-09-03T17:42:27Z,2026-09-03 17:41:31,SPXW,2026-09-03,C,7570.0,7740.4302,170.8,7.0,171.8,11.0,176.51,95.0,123.0,0.5348,0.9942,0.0002,-0.125,0.023,0.0
2026-09-03T17:42:27Z,2026-09-03 17:41:31,SPXW,2026-09-03,P,7570.0,7740.4302,0.1,11.0,0.15,938.0,0.1,2904.0,2378.0,0.5186,-0.0058,0.0002,-0.125,0.023,0.0
2026-09-03T17:42:27Z,2026-09-03 17:41:31,SPXW,2026-09-03,C,7575.0,7740.4302,165.8,7.0,166.8,11.0,169.46,8.0,99.0,0.5208,0.994,0.0002,-0.125,0.0235,0.0
2026-09-03T17:42:27Z,2026-09-03 17:41:31,SPXW,2026-09-03,P,7575.0,7740.4302,0.1,9.0,0.15,933.0,0.1,3599.0,2180.0,0.5049,-0.006,0.0002,-0.125,0.0235,0.0
2026-09-03T17:42:27Z,2026-09-03 17:41:31,SPXW,2026-09-03,C,7580.0,7740.4302,160.8,7.0,161.8,7.0,167.63,25.0,60.0,0.5068,0.9939,0.0003,-0.125,0.0241,0.0
2026-09-03T17:42:27Z,2026-09-03 17:41:31,SPXW,2026-09-03,P,7580.0,7740.4302,0.1,12.0,0.15,943.0,0.12,4343.0,2412.0,0.4912,-0.0061,0.0003,-0.125,0.0241,0.0
2026-09-03T17:42:27Z,2026-09-03 17:41:31,SPXW,2026-09-03,C,7585.0,7740.4302,155.8,7.0,156.8,7.0,160.4,64.0,131.0,0.4724,0.9937,0.0003,-0.125,0.0247,0.0
2026-09-03T17:42:27Z,2026-09-03 17:41:31,SPXW,2026-09-03,P,7585.0,7740.4302,0.1,9.0,0.15,871.0,0.15,6062.0,2112.0,0.4774,-0.0063,0.0003,-0.125,0.0247,0.0
2026-09-03T17:42:27Z,2026-09-03 17:41:31,SPXW,2026-09-03,C,7590.0,7740.4302,150.8,7.0,151.9,7.0,148.67,101.0,67.0,0.4786,0.9935,0.0003,-0.125,0.0253,0.0
2026-09-03T17:42:27Z,2026-09-03 17:41:31,SPXW,2026-09-03,P,7590.0,7740.4302,0.1,185.0,0.15,894.0,0.12,4546.0,1807.0,0.4637,-0.0065,0.0003,-0.125,0.0253,0.0
2026-09-03T17:42:27Z,2026-09-03 17:41:31,SPXW,2026-09-03,C,7595.0,7740.4302,145.8,8.0,146.9,7.0,153.05,60.0,92.0,0.4644,0.9934,0.0003,-0.125,0.0259,0.0
2026-09-03T17:42:27Z,2026-09-03 17:41:31,SPXW,2026-09-03,P,7595.0,7740.4302,0.1,190.0,0.15,774.0,0.12,4537.0,1491.0,0.4499,-0.0066,0.0003,-0.125,0.0259,0.0
2026-09-03T17:42:27Z,2026-09-03 17:41:31,SPXW,2026-09-03,C,7600.0,7740.4302,140.7,4.0,141.9,6.0,142.09,144.0,347.0,0.4654,0.9932,0.0003,-0.125,0.0266,0.0
2026-09-03T17:42:27Z,2026-09-03 17:41:31,SPXW,2026-09-03,P,7600.0,7740.4302,0.1,430.0,0.15,762.0,0.12,14743.0,3704.0,0.436,-0.0068,0.0003,-0.125,0.0266,0.0
2026-09-03T17:42:27Z,2026-09-03 17:41:31,SPXW,2026-09-03,C,7605.0,7740.4302,135.7,11.0,136.8,7.0,139.23,141.0,152.0,0.4177,0.993,0.0004,-0.125,0.0274,0.0
2026-09-03T17:42:27Z,2026-09-03 17:41:31,SPXW,2026-09-03,P,7605.0,7740.4302,0.1,393.0,0.15,702.0,0.1,6239.0,1391.0,0.4222,-0.007,0.0004,-0.125,0.0274,0.0
2026-09-03T17:42:27Z,2026-09-03 17:41:31,SPXW,2026-09-03,C,7610.0,7740.4302,130.7,4.0,131.9,6.0,129.21,696.0,849.0,0.4361,0.9928,0.0004,-0.125,0.0282,0.0
2026-09-03T17:42:27Z,2026-09-03 17:41:31,SPXW,2026-09-03,P,7610.0,7740.4302,0.1,528.0,0.15,724.0,0.12,5877.0,1979.0,0.4083,-0.0072,0.0004,-0.125,0.0282,0.0
2026-09-03T17:42:27Z,2026-09-03 17:41:31,SPXW,2026-09-03,C,7615.0,7740.4302,125.7,11.0,126.8,6.0,127.53,740.0,909.0,0.4214,0.9925,0.0004,-0.125,0.029,0.0
2026-09-03T17:42:27Z,2026-09-03 17:41:31,SPXW,2026-09-03,P,7615.0,7740.4302,0.1,511.0,0.15,712.0,0.12,7156.0,1639.0,0.3943,-0.0075,0.0004,-0.125,0.029,0.0
2026-09-03T17:42:27Z,2026-09-03 17:41:31,SPXW,2026-09-03,C,7620.0,7740.4302,120.7,7.0,121.9,7.0,123.22,144.0,360.0,0.4067,0.9923,0.0004,-0.125,0.0299,0.0
2026-09-03T17:42:27Z,2026-09-03 17:41:31,SPXW,2026-09-03,P,7620.0,7740.4302,0.1,760.0,0.15,648.0,0.12,10584.0,1122.0,0.3804,-0.0077,0.0004,-0.125,0.0299,0.0
2026-09-03T17:42:27Z,2026-09-03 17:41:31,SPXW,2026-09-03,C,7625.0,7740.4302,115.7,7.0,116.9,4.0,122.65,116.0,738.0,0.3919,0.992,0.0004,-0.125,0.0309,0.0
2026-09-03T17:42:27Z,2026-09-03 17:41:31,SPXW,2026-09-03,P,7625.0,7740.4302,0.1,807.0,0.15,449.0,0.15,13077.0,3177.0,0.3663,-0.008,0.0004,-0.125,0.0309,0.0
2026-09-03T17:42:27Z,2026-09-03 17:41:31,SPXW,2026-09-03,C,7630.0,7740.4302,110.7,7.0,111.9,10.0,118.53,247.0,464.0,0.377,0.9917,0.0005,-0.125,0.0319,0.0
2026-09-03T17:42:27Z,2026-09-03 17:41:31,SPXW,2026-09-03,P,7630.0,7740.4302,0.1,992.0,0.15,312.0,0.12,12976.0,2757.0,0.3522,-0.0083,0.0005,-0.125,0.0319,0.0
2026-09-03T17:42:27Z,2026-09-03 17:41:31,SPXW,2026-09-03,C,7635.0,7740.4302,105.7,7.0,106.9,10.0,108.1,162.0,466.0,0.3621,0.9888,0.0006,-0.175,0.0413,0.0
2026-09-03T17:42:27Z,2026-09-03 17:41:31,SPXW,2026-09-03,P,7635.0,7740.4302,0.15,12.0,0.2,796.0,0.17,11600.0,2020.0,0.3527,-0.0112,0.0006,-0.175,0.0413,0.0
2026-09-03T17:42:27Z,2026-09-03 17:41:31,SPXW,2026-09-03,C,7640.0,7740.4302,100.7,7.0,101.9,11.0,102.92,493.0,1041.0,0.3471,0.9911,0.0006,-0.125,0.0343,0.0
2026-09-03T17:42:27Z,2026-09-03 17:41:31,SPXW,2026-09-03,P,7640.0,7740.4302,0.1,978.0,0.15,62.0,0.15,17388.0,1530.0,0.3239,-0.0089,0.0006,-0.125,0.0343,0.0
2026-09-03T17:42:27Z,2026-09-03 17:41:31,SPXW,2026-09-03,C,7645.0,7740.4302,95.9,14.0,96.7,14.0,95.74,687.0,456.0,0.3321,0.9879,0.0007,-0.175,0.0444,0.0
2026-09-03T17:42:27Z,2026-09-03 17:41:31,SPXW,2026-09-03,P,7645.0,7740.4302,0.15,38.0,0.2,748.0,0.15,18828.0,1329.0,0.3233,-0.0121,0.0007,-0.175,0.0444,0.0
2026-09-03T17:42:27Z,2026-09-03 17:41:31,SPXW,2026-09-03,C,7650.0,7740.4302,90.9,14.0,91.7,14.0,90.69,737.0,922.0,0.317,0.9874,0.0008,-0.175,0.0461,0.0
2026-09-03T17:42:27Z,2026-09-03 17:41:31,SPXW,2026-09-03,P,7650.0,7740.4302,0.15,119.0,0.2,1132.0,0.17,32974.0,1967.0,0.3085,-0.0126,0.0008,-0.175,0.0461,0.0
2026-09-03T17:42:27Z,2026-09-03 17:41:31,SPXW,2026-09-03,C,7655.0,7740.4302,85.9,14.0,86.7,14.0,85.05,556.0,395.0,0.3018,0.9869,0.0009,-0.175,0.0481,0.0
2026-09-03T17:42:27Z,2026-09-03 17:41:31,SPXW,2026-09-03,P,7655.0,7740.4302,0.15,336.0,0.2,712.0,0.16,28204.0,687.0,0.2936,-0.0131,0.0009,-0.175,0.0481,0.0
2026-09-03T17:42:27Z,2026-09-03 17:41:31,SPXW,2026-09-03,C,7660.0,7740.4302,80.9,14.0,81.8,14.0,79.17,2474.0,792.0,0.2865,0.9862,0.001,-0.175,0.0503,0.0
2026-09-03T17:42:27Z,2026-09-03 17:41:31,SPXW,2026-09-03,P,7660.0,7740.4302,0.15,770.0,0.2,549.0,0.17,34479.0,1145.0,0.2786,-0.0138,0.001,-0.175,0.0503,0.0
2026-09-03T17:42:27Z,2026-09-03 17:41:31,SPXW,2026-09-03,C,7665.0,7740.4302,75.9,14.0,76.8,14.0,74.34,1748.0,1201.0,0.2712,0.9856,0.001,-0.175,0.0526,0.0
2026-09-03T17:42:27Z,2026-09-03 17:41:31,SPXW,2026-09-03,P,7665.0,7740.4302,0.15,892.0,0.2,237.0,0.2,37325.0,1226.0,0.2636,-0.0144,0.001,-0.175,0.0526,0.0
2026-09-03T17:42:27Z,2026-09-03 17:41:31,SPXW,2026-09-03,C,7670.0,7740.4302,71.0,8.0,71.8,14.0,69.5,2642.0,1851.0,0.2638,0.9816,0.0013,-0.225,0.0644,0.0
2026-09-03T17:42:27Z,2026-09-03 17:41:31,SPXW,2026-09-03,P,7670.0,7740.4302,0.15,1314.0,0.2,4.0,0.2,37828.0,1624.0,0.2576,-0.0184,0.0013,-0.225,0.0644,0.0
2026-09-03T17:42:27Z,2026-09-03 17:41:31,SPXW,2026-09-03,C,7675.0,7740.4302,66.0,14.0,66.8,14.0,63.5,5651.0,1979.0,0.2478,0.9805,0.0015,-0.225,0.0678,0.0
2026-09-03T17:42:27Z,2026-09-03 17:41:31,SPXW,2026-09-03,P,7675.0,7740.4302,0.2,475.0,0.25,692.0,0.2,44213.0,1754.0,0.2419,-0.0195,0.0015,-0.225,0.0678,0.0
2026-09-03T17:42:27Z,2026-09-03 17:41:31,SPXW,2026-09-03,C,7680.0,7740.4302,61.0,8.0,61.8,14.0,61.44,5363.0,2163.0,0.2318,0.9793,0.0017,-0.225,0.0716,0.0
2026-09-03T17:42:27Z,2026-09-03 17:41:31,SPXW,2026-09-03,P,7680.0,7740.4302,0.2,1003.0,0.25,298.0,0.2,45368.0,477.0,0.2261,-0.0207,0.0017,-0.225,0.0716,0.0
2026-09-03T17:42:27Z,2026-09-03 17:41:31,SPXW,2026-09-03,C,7685.0,7740.4302,56.0,15.0,56.6,4.0,55.3,4419.0,699.0,0.2086,0.9745,0.0021,-0.275,0.0854,0.0
2026-09-03T17:42:27Z,2026-09-03 17:41:31,SPXW,2026-09-03,P,7685.0,7740.4302,0.25,105.0,0.3,647.0,0.25,38421.0,604.0,0.217,-0.0255,0.0021,-0.275,0.0854,0.0
2026-09-03T17:42:27Z,2026-09-03 17:41:31,SPXW,2026-09-03,C,7690.0,7740.4302,51.2,46.0,51.6,4.0,51.3,13147.0,2094.0,0.1991,0.9726,0.0024,-0.275,0.0908,0.0
2026-09-03T17:42:27Z,2026-09-03 17:41:31,SPXW,2026-09-03,P,7690.0,7740.4302,0.25,970.0,0.3,94.0,0.25,49186.0,521.0,0.2005,-0.0274,0.0024,-0.275,0.0908,0.0
2026-09-03T17:42:27Z,2026-09-03 17:41:31,SPXW,2026-09-03,C,7695.0,7740.4302,46.2,1.0,46.6,1.0,45.0,13514.0,936.0,0.188,0.9667,0.003,-0.325,0.1067,0.0
2026-09-03T17:42:27Z,2026-09-03 17:41:31,SPXW,2026-09-03,P,7695.0,7740.4302,0.3,711.0,0.35,166.0,0.35,43575.0,322.0,0.1892,-0.0333,0.003,-0.325,0.1067,0.0
2026-09-03T17:42:27Z,2026-09-03 17:41:31,SPXW,2026-09-03,C,7700.0,7740.4302,41.4,1.0,41.6,1.0,41.54,44107.0,3695.0,0.1756,0.9563,0.0039,-0.4249,0.1321,0.0
2026-09-03T17:42:27Z,2026-09-03 17:41:31,SPXW,2026-09-03,P,7700.0,7740.4302,0.4,12.0,0.45,581.0,0.4,76958.0,655.0,0.1808,-0.0437,0.0039,-0.4249,0.1321,0.0
2026-09-03T17:42:27Z,2026-09-03 17:41:31,SPXW,2026-09-03,C,7705.0,7740.4302,36.5,1.0,36.7,1.0,35.3,36093.0,1466.0,0.1724,0.9448,0.005,-0.5251,0.1587,0.0
2026-09-03T17:42:27Z,2026-09-03 17:41:31,SPXW,2026-09-03,P,7705.0,7740.4302,0.45,506.0,0.5,79.0,0.5,47210.0,146.0,0.1698,-0.0552,0.005,-0.5251,0.1587,0.0
2026-09-03T17:42:27Z,2026-09-03 17:41:31,SPXW,2026-09-03,C,7710.0,7740.4302,31.6,1.0,31.8,1.0,31.7,52665.0,2843.0,0.1617,0.9314,0.0064,-0.6254,0.1871,0.0
2026-09-03T17:42:27Z,2026-09-03 17:41:31,SPXW,2026-09-03,P,7710.0,7740.4302,0.6,115.0,0.65,320.0,0.62,46169.0,414.0,0.1567,-0.0686,0.0064,-0.6254,0.1871,0.0
2026-09-03T17:42:27Z,2026-09-03 17:41:31,SPXW,2026-09-03,C,7715.0,7740.4302,26.8,18.0,27.0,1.0,27.1,57781.0,2994.0,0.1527,0.9058,0.0086,-0.8638,0.235,0.0
2026-09-03T17:42:27Z,2026-09-03 17:41:31,SPXW,2026-09-03,P,7715.0,7740.4302,0.75,436.0,0.85,386.0,0.8,36760.0,195.0,0.1465,-0.0917,0.0085,-0.8264,0.2307,0.0
2026-09-03T17:42:27Z,2026-09-03 17:41:31,SPXW,2026-09-03,C,7720.0,7740.4302,22.2,3.0,22.4,12.0,22.4,85384.0,5150.0,0.1417,0.8724,0.0114,-1.1638,0.289,0.0
2026-09-03T17:42:27Z,2026-09-03 17:41:31,SPXW,2026-09-03,P,7720.0,7740.4302,1.05,391.0,1.1,7.0,1.1,45579.0,281.0,0.1367,-0.1253,0.0114,-1.127,0.2857,0.0
2026-09-03T17:42:27Z,2026-09-03 17:41:31,SPXW,2026-09-03,C,7725.0,7740.4302,17.6,12.0,17.8,4.0,17.3,75054.0,2498.0,0.1325,0.8211,0.0152,-1.6639,0.357,0.0
2026-09-03T17:42:27Z,2026-09-03 17:41:31,SPXW,2026-09-03,P,7725.0,7740.4302,1.5,240.0,1.6,241.0,1.55,39603.0,303.0,0.1285,-0.177,0.0153,-1.6279,0.3548,0.0
2026-09-03T17:42:27Z,2026-09-03 17:41:31,SPXW,2026-09-03,C,7730.0,7740.4302,13.3,3.0,13.5,38.0,13.5,73367.0,2283.0,0.1225,0.7502,0.0199,-2.3778,0.4281,0.0
2026-09-03T17:42:27Z,2026-09-03 17:41:31,SPXW,2026-09-03,P,7730.0,7740.4302,2.25,7.0,2.3,138.0,2.25,45196.0,433.0,0.1204,-0.2498,0.0199,-2.3778,0.4281,0.0
2026-09-03T17:42:27Z,2026-09-03 17:41:31,SPXW,2026-09-03,C,7735.0,7740.4302,9.4,54.0,9.6,44.0,9.5,66949.0,2567.0,0.1157,0.649,0.0246,-3.5644,0.4938,0.0
2026-09-03T17:42:27Z,2026-09-03 17:41:31,SPXW,2026-09-03,P,7735.0,7740.4302,3.3,140.0,3.5,192.0,3.4,42863.0,136.0,0.1134,-0.351,0.0246,-3.5644,0.4938,0.0
2026-09-03T17:42:27Z,2026-09-03 17:41:31,SPXW,2026-09-03,C,7740.0,7740.4302,6.2,53.0,6.3,37.0,6.2,102858.0,3632.0,0.1094,0.5208,0.0277,-5.3883,0.5274,0.0
2026-09-03T17:42:27Z,2026-09-03 17:41:31,SPXW,2026-09-03,P,7740.0,7740.4302,5.1,4.0,5.2,125.0,5.1,53415.0,311.0,0.1072,-0.4792,0.0277,-5.3883,0.5274,0.0
2026-09-03T17:42:27Z,2026-09-03 17:41:31,SPXW,2026-09-03,C,7745.0,7740.4302,3.7,164.0,3.8,1.0,3.8,88645.0,1787.0,0.1065,0.3804,0.0273,-3.7,0.5063,0.0
2026-09-03T17:42:27Z,2026-09-03 17:41:31,SPXW,2026-09-03,P,7745.0,7740.4302,7.6,20.0,7.8,64.0,7.6,41419.0,167.0,0.1033,-0.621,0.0276,-3.6361,0.5058,0.0
2026-09-03T17:42:27Z,2026-09-03 17:41:31,SPXW,2026-09-03,C,7750.0,7740.4302,2.1,28.0,2.15,88.0,2.1,117062.0,3813.0,0.1044,0.2513,0.0231,-2.0707,0.4305,0.0
2026-09-03T17:42:27Z,2026-09-03 17:41:31,SPXW,2026-09-03,P,7750.0,7740.4302,10.9,5.0,11.1,31.0,11.0,22946.0,873.0,0.101,-0.7504,0.0232,-2.0361,0.4291,0.0
2026-09-03T17:42:27Z,2026-09-03 17:41:31,SPXW,2026-09-03,C,7755.0,7740.4302,1.1,141.0,1.15,131.0,1.15,77038.0,894.0,0.1057,0.1541,0.017,-1.1219,0.329,0.0
2026-09-03T17:42:27Z,2026-09-03 17:41:31,SPXW,2026-09-03,P,7755.0,7740.4302,15.0,1.0,15.1,12.0,14.9,6200.0,92.0,0.0995,-0.8523,0.017,-1.0362,0.321,0.0
2026-09-03T17:42:27Z,2026-09-03 17:41:31,SPXW,2026-09-03,C,7760.0,7740.4302,0.55,432.0,0.6,45.0,0.6,76826.0,3166.0,0.1074,0.0879,0.0112,-0.5745,0.2287,0.0
2026-09-03T17:42:27Z,2026-09-03 17:41:31,SPXW,2026-09-03,P,7760.0,7740.4302,19.2,1.0,19.6,1.0,19.8,4118.0,194.0,0.1004,-0.9121,0.0112,-0.5745,0.2287,0.0
2026-09-03T17:42:27Z,2026-09-03 17:41:31,SPXW,2026-09-03,C,7765.0,7740.4302,0.3,539.0,0.35,123.0,0.3,61114.0,1343.0,0.1127,0.0521,0.0072,-0.3248,0.1574,0.0
2026-09-03T17:42:27Z,2026-09-03 17:41:31,SPXW,2026-09-03,P,7765.0,7740.4302,24.0,1.0,24.3,1.0,25.8,1890.0,71.0,0.1013,-0.9479,0.0072,-0.3248,0.1574,0.0
2026-09-03T17:42:27Z,2026-09-03 17:41:31,SPXW,2026-09-03,C,7770.0,7740.4302,0.2,302.0,0.25,726.0,0.22,62508.0,1129.0,0.1222,0.0354,0.0048,-0.2249,0.117,0.0
2026-09-03T17:42:27Z,2026-09-03 17:41:31,SPXW,2026-09-03,P,7770.0,7740.4302,28.9,5.0,29.2,1.0,29.6,1764.0,76.0,0.1122,-0.9646,0.0048,-0.2249,0.117,0.0
2026-09-03T17:42:27Z,2026-09-03 17:41:31,SPXW,2026-09-03,C,7775.0,7740.4302,0.15,144.0,0.2,1029.0,0.17,51511.0,13357.0,0.1334,0.0264,0.0035,-0.1749,0.0922,0.0
2026-09-03T17:42:27Z,2026-09-03 17:41:31,SPXW,2026-09-03,P,7775.0,7740.4302,33.8,1.0,34.2,1.0,34.55,736.0,77.0,0.1071,-0.9736,0.0035,-0.1749,0.0922,0.0
2026-09-03T17:42:27Z,2026-09-03 17:41:31,SPXW,2026-09-03,C,7780.0,7740.4302,0.1,885.0,0.15,523.0,0.12,25401.0,5042.0,0.142,0.0186,0.0024,-0.125,0.0693,0.0
2026-09-03T17:42:27Z,2026-09-03 17:41:31,SPXW,2026-09-03,P,7780.0,7740.4302,38.7,1.0,39.3,1.0,40.0,475.0,44.0,0.1347,-0.9814,0.0024,-0.125,0.0693,0.0
2026-09-03T17:42:27Z,2026-09-03 17:41:31,SPXW,2026-09-03,C,7785.0,7740.4302,0.1,248.0,0.15,727.0,0.12,15700.0,5445.0,0.1572,0.017,0.002,-0.125,0.0636,0.0
2026-09-03T17:42:27Z,2026-09-03 17:41:31,SPXW,2026-09-03,P,7785.0,7740.4302,43.6,1.0,44.3,1.0,44.42,242.0,24.0,0.1494,-0.983,0.002,-0.125,0.0636,0.0
2026-09-03T17:42:27Z,2026-09-03 17:41:31,SPXW,2026-09-03,C,7790.0,7740.4302,0.1,629.0,0.15,929.0,0.1,29917.0,719.0,0.1723,0.0157,0.0017,-0.125,0.0589,0.0
2026-09-03T17:42:27Z,2026-09-03 17:41:31,SPXW,2026-09-03,P,7790.0,7740.4302,48.7,1.0,49.3,1.0,49.77,110.0,66.0,0.1638,-0.9843,0.0017,-0.125,0.0589,0.0
2026-09-03T17:42:27Z,2026-09-03 17:41:31,SPXW,2026-09-03,C,7795.0,7740.4302,0.05,1426.0,0.1,102.0,0.1,10406.0,808.0,0.1751,0.0098,0.0011,-0.075,0.0399,0.0
2026-09-03T17:42:27Z,2026-09-03 17:41:31,SPXW,2026-09-03,P,7795.0,7740.4302,53.5,8.0,54.3,8.0,55.5,64.0,2.0,0.1607,-0.9902,0.0011,-0.075,0.0399,0.0
2026-09-03T17:42:27Z,2026-09-03 17:41:31,SPXW,2026-09-03,C,7800.0,7740.4302,0.05,989.0,0.1,627.0,0.07,12427.0,2373.0,0.1891,0.0092,0.001,-0.075,0.0373,0.0
2026-09-03T17:42:27Z,2026-09-03 17:41:31,SPXW,2026-09-03,P,7800.0,7740.4302,58.5,8.0,59.3,8.0,61.4,196.0,97.0,0.1738,-0.9908,0.001,-0.075,0.0373,0.0
2026-09-03T17:42:27Z,2026-09-03 17:41:31,SPXW,2026-09-03,C,7805.0,7740.4302,0.05,669.0,0.1,652.0,0.07,6355.0,1187.0,0.2029,0.0086,0.0009,-0.075,0.035,0.0
2026-09-03T17:42:27Z,2026-09-03 17:41:31,SPXW,2026-09-03,P,7805.0,7740.4302,63.5,8.0,64.3,8.0,64.22,33.0,10.0,0.1868,-0.9914,0.0009,-0.075,0.035,0.0
2026-09-03T17:42:27Z,2026-09-03 17:41:31,SPXW,2026-09-03,C,7810.0,7740.4302,0.05,671.0,0.1,844.0,0.07,3902.0,799.0,0.2167,0.0081,0.0008,-0.075,0.033,0.0
2026-09-03T17:42:27Z,2026-09-03 17:41:31,SPXW,2026-09-03,P,7810.0,7740.4302,68.5,8.0,69.3,8.0,95.15,51.0,41.0,0.1996,-0.9919,0.0008,-0.075,0.033,0.0
2026-09-03T17:42:27Z,2026-09-03 17:41:31,SPXW,2026-09-03,C,7815.0,7740.4302,0.05,192.0,0.1,781.0,0.08,2829.0,444.0,0.2303,0.0077,0.0007,-0.075,0.0313,0.0
2026-09-03T17:42:27Z,2026-09-03 17:41:31,SPXW,2026-09-03,P,7815.0,7740.4302,73.5,8.0,74.3,8.0,69.15,6.0,0.0,0.2124,-0.9923,0.0007,-0.075,0.0313,0.0
2026-09-03T17:42:27Z,2026-09-03 17:41:31,SPXW,2026-09-03,C,7820.0,7740.4302,0.0,0.0,0.05,15.0,0.03,2183.0,469.0,0.217,0.003,0.0003,-0.025,0.0141,0.0
2026-09-03T17:42:27Z,2026-09-03 17:41:31,SPXW,2026-09-03,P,7820.0,7740.4302,78.5,8.0,79.3,8.0,82.12,36.0,154.0,0.0,-0.997,0.0003,-0.025,0.0141,0.0
2026-09-03T17:42:27Z,2026-09-03 17:41:31,SPXW,2026-09-03,C,7825.0,7740.4302,0.0,0.0,0.05,23.0,0.05,2243.0,986.0,0.2292,0.0029,0.0003,-0.025,0.0134,0.0
2026-09-03T17:42:27Z,2026-09-03 17:41:31,SPXW,2026-09-03,P,7825.0,7740.4302,83.5,8.0,84.3,8.0,82.0,6.0,36.0,0.0,-0.9971,0.0003,-0.025,0.0134,0.0
2026-09-03T17:42:27Z,2026-09-03 17:41:31,SPXW,2026-09-03,C,7830.0,7740.4302,0.0,0.0,0.05,44.0,0.03,2990.0,691.0,0.2414,0.0027,0.0003,-0.025,0.0127,0.0
2026-09-03T17:42:27Z,2026-09-03 17:41:31,SPXW,2026-09-03,P,7830.0,7740.4302,88.5,8.0,89.3,8.0,85.2,10.0,33.0,0.0,-0.9973,0.0003,-0.025,0.0127,0.0
2026-09-03T17:42:27Z,2026-09-03 17:41:31,SPXW,2026-09-03,C,7835.0,7740.4302,0.0,0.0,0.05,234.0,0.03,3529.0,509.0,0.2535,0.0026,0.0002,-0.025,0.0121,0.0
2026-09-03T17:42:27Z,2026-09-03 17:41:31,SPXW,2026-09-03,P,7835.0,7740.4302,93.5,8.0,94.3,8.0,89.87,15.0,1.0,0.0,-0.9974,0.0002,-0.025,0.0121,0.0
2026-09-03T17:42:27Z,2026-09-03 17:41:31,SPXW,2026-09-03,C,7840.0,7740.4302,0.0,0.0,0.05,290.0,0.05,2495.0,1571.0,0.2656,0.0025,0.0002,-0.025,0.0116,0.0
2026-09-03T17:42:27Z,2026-09-03 17:41:31,SPXW,2026-09-03,P,7840.0,7740.4302,98.4,15.0,99.3,8.0,90.88,11.0,23.0,0.0,-0.9975,0.0002,-0.025,0.0116,0.0
2026-09-03T17:42:27Z,2026-09-03 17:41:31,SPXW,2026-09-03,C,7845.0,7740.4302,0.0,0.0,0.05,645.0,0.03,2859.0,1157.0,0.2776,0.0024,0.0002,-0.025,0.0111,0.0
2026-09-03T17:42:27Z,2026-09-03 17:41:31,SPXW,2026-09-03,P,7845.0,7740.4302,103.3,11.0,104.4,7.0,176.39,0.0,4.0,0.0,-0.9976,0.0002,-0.025,0.0111,0.0
2026-09-03T17:42:27Z,2026-09-03 17:41:31,SPXW,2026-09-03,C,7850.0,7740.4302,0.0,0.0,0.05,628.0,0.05,2694.0,2986.0,0.2895,0.0023,0.0002,-0.025,0.0107,0.0
2026-09-03T17:42:27Z,2026-09-03 17:41:31,SPXW,2026-09-03,P,7850.0,7740.4302,108.3,11.0,109.4,7.0,106.5,43.0,34.0,0.0,-0.9977,0.0002,-0.025,0.0107,0.0
2026-09-03T17:42:27Z,2026-09-03 17:41:31,SPXW,2026-09-03,C,7855.0,7740.4302,0.0,0.0,0.05,827.0,0.05,2431.0,2261.0,0.3014,0.0022,0.0002,-0.025,0.0103,0.0
2026-09-03T17:42:27Z,2026-09-03 17:41:31,SPXW,2026-09-03,P,7855.0,7740.4302,113.3,11.0,114.4,7.0,174.52,0.0,5.0,0.0,-0.9978,0.0002,-0.025,0.0103,0.0
2026-09-03T17:42:27Z,2026-09-03 17:41:31,SPXW,2026-09-03,C,7860.0,7740.4302,0.0,0.0,0.05,898.0,0.03,1779.0,6168.0,0.3133,0.0022,0.0002,-0.025,0.01,0.0
2026-09-03T17:42:27Z,2026-09-03 17:41:31,SPXW,2026-09-03,P,7860.0,7740.4302,118.3,11.0,119.4,7.0,163.0,1.0,30.0,0.0,-0.9978,0.0002,-0.025,0.01,0.0
2026-09-03T17:42:27Z,2026-09-03 17:41:31,SPXW,2026-09-03,C,7865.0,7740.4302,0.0,0.0,0.05,901.0,0.03,1296.0,191.0,0.3251,0.0021,0.0001,-0.025,0.0096,0.0
2026-09-03T17:42:27Z,2026-09-03 17:41:31,SPXW,2026-09-03,P,7865.0,7740.4302,123.3,11.0,124.4,7.0,0.0,0.0,0.0,0.0,-0.9979,0.0001,-0.025,0.0096,0.0
2026-09-03T17:42:27Z,2026-09-03 17:41:31,SPXW,2026-09-03,C,7870.0,7740.4302,0.0,0.0,0.05,730.0,0.03,1372.0,1099.0,0.3369,0.002,0.0001,-0.025,0.0093,0.0
2026-09-03T17:42:27Z,2026-09-03 17:41:31,SPXW,2026-09-03,P,7870.0,7740.4302,128.3,11.0,129.4,7.0,134.39,6.0,7.0,0.0,-0.998,0.0001,-0.025,0.0093,0.0
2026-09-03T17:42:27Z,2026-09-03 17:41:31,SPXW,2026-09-03,C,7875.0,7740.4302,0.0,0.0,0.05,652.0,0.03,341.0,8410.0,0.3486,0.002,0.0001,-0.025,0.009,0.0
2026-09-03T17:42:27Z,2026-09-03 17:41:31,SPXW,2026-09-03,P,7875.0,7740.4302,133.3,11.0,134.4,7.0,150.9,3.0,5.0,0.0,-0.998,0.0001,-0.025,0.009,0.0
2026-09-03T17:42:27Z,2026-09-03 17:41:31,SPXW,2026-09-03,C,7880.0,7740.4302,0.0,0.0,0.05,644.0,0.03,308.0,3659.0,0.3603,0.0019,0.0001,-0.025,0.0087,0.0
2026-09-03T17:42:27Z,2026-09-03 17:41:31,SPXW,2026-09-03,P,7880.0,7740.4302,138.3,11.0,139.4,7.0,169.09,1.0,7.0,0.0,-0.9981,0.0001,-0.025,0.0087,0.0
2026-09-03T17:42:27Z,2026-09-03 17:41:31,SPXW,2026-09-03,C,7885.0,7740.4302,0.0,0.0,0.05,635.0,0.03,272.0,4400.0,0.3719,0.0018,0.0001,-0.025,0.0085,0.0
2026-09-03T17:42:27Z,2026-09-03 17:41:31,SPXW,2026-09-03,P,7885.0,7740.4302,143.3,11.0,144.5,4.0,0.0,0.0,0.0,0.0,-0.9982,0.0001,-0.025,0.0085,0.0
2026-09-03T17:42:27Z,2026-09-03 17:41:31,SPXW,2026-09-03,C,7890.0,7740.4302,0.0,0.0,0.05,650.0,0.03,160.0,590.0,0.3835,0.0018,0.0001,-0.025,0.0082,0.0
2026-09-03T17:42:27Z,2026-09-03 17:41:31,SPXW,2026-09-03,P,7890.0,7740.4302,148.3,11.0,149.5,4.0,0.0,0.0,0.0,0.0,-0.9982,0.0001,-0.025,0.0082,0.0
2026-09-03T17:42:27Z,2026-09-03 17:41:31,SPXW,2026-09-03,C,7895.0,7740.4302,0.0,0.0,0.05,669.0,0.03,29.0,106.0,0.3951,0.0018,0.0001,-0.025,0.008,0.0
2026-09-03T17:42:27Z,2026-09-03 17:41:31,SPXW,2026-09-03,P,7895.0,7740.4302,153.3,11.0,154.5,11.0,0.0,0.0,0.0,0.0,-0.9982,0.0001,-0.025,0.008,0.0
2026-09-03T17:42:27Z,2026-09-03 17:41:31,SPXW,2026-09-03,C,7900.0,7740.4302,0.0,0.0,0.05,744.0,0.05,118.0,3315.0,0.4066,0.0017,0.0001,-0.025,0.0078,0.0
2026-09-03T17:42:27Z,2026-09-03 17:41:31,SPXW,2026-09-03,P,7900.0,7740.4302,158.3,11.0,159.5,11.0,186.45,93.0,165.0,0.0,-0.9983,0.0001,-0.025,0.0078,0.0
2026-09-03T17:42:27Z,2026-09-03 17:41:31,SPXW,2026-09-03,C,7905.0,7740.4302,0.0,0.0,0.05,660.0,0.05,41.0,98.0,0.4181,0.0017,0.0001,-0.025,0.0076,0.0
2026-09-03T17:42:27Z,2026-09-03 17:41:31,SPXW,2026-09-03,P,7905.0,7740.4302,163.3,11.0,164.5,11.0,0.0,0.0,0.0,0.0,-0.9983,0.0001,-0.025,0.0076,0.0
2026-09-03T17:42:27Z,2026-09-03 17:41:31,SPXW,2026-09-03,C,7910.0,7740.4302,0.0,0.0,0.05,1455.0,0.03,34.0,313.0,0.4296,0.0016,0.0001,-0.025,0.0074,0.0
2026-09-03T17:42:27Z,2026-09-03 17:41:31,SPXW,2026-09-03,P,7910.0,7740.4302,168.3,11.0,169.5,11.0,267.12,0.0,1.0,0.0,-0.9984,0.0001,-0.025,0.0074,0.0
2026-09-03T17:42:27Z,2026-09-03 17:41:31,SPXW,2026-09-03,C,7915.0,7740.4302,0.0,0.0,0.05,1471.0,0.05,230.0,83.0,0.441,0.0016,0.0001,-0.025,0.0072,0.0
2026-09-03T17:42:27Z,2026-09-03 17:41:31,SPXW,2026-09-03,P,7915.0,7740.4302,173.3,11.0,174.5,7.0,0.0,0.0,0.0,0.0,-0.9984,0.0001,-0.025,0.0072,0.0
2026-09-03T17:42:27Z,2026-09-03 17:41:31,SPXW,2026-09-03,C,7920.0,7740.4302,0.0,0.0,0.05,1498.0,0.03,214.0,740.0,0.4524,0.0016,0.0001,-0.025,0.0071,0.0
2026-09-03T17:42:27Z,2026-09-03 17:41:31,SPXW,2026-09-03,P,7920.0,7740.4302,178.3,11.0,179.5,7.0,0.0,0.0,0.0,0.0,-0.9984,0.0001,-0.025,0.0071,0.0
2026-09-03T17:42:27Z,2026-09-03 17:41:31,SPXW,2026-09-03,C,7925.0,7740.4302,0.0,0.0,0.05,1707.0,0.05,8.0,587.0,0.4638,0.0015,0.0001,-0.025,0.0069,0.0
2026-09-03T17:42:27Z,2026-09-03 17:41:31,SPXW,2026-09-03,P,7925.0,7740.4302,181.3,4.0,187.9,15.0,209.32,0.0,4.0,0.6601,-0.9985,0.0001,-0.025,0.0069,0.0
2026-09-03T17:42:27Z,2026-09-03 17:41:31,SPXW,2026-09-03,C,7930.0,7740.4302,0.0,0.0,0.05,1555.0,0.03,139.0,315.0,0.4752,0.0015,0.0001,-0.025,0.0068,0.0
2026-09-03T17:42:27Z,2026-09-03 17:41:31,SPXW,2026-09-03,P,7930.0,7740.4302,186.3,4.0,193.2,19.0,0.0,0.0,0.0,0.6573,-0.9985,0.0001,-0.025,0.0068,0.0
2026-09-03T17:42:27Z,2026-09-03 17:41:31,SPXW,2026-09-03,C,7935.0,7740.4302,0.0,0.0,0.05,1541.0,0.03,2.0,18.0,0.4865,0.0014,0.0001,-0.025,0.0066,0.0
2026-09-03T17:42:27Z,2026-09-03 17:41:31,SPXW,2026-09-03,P,7935.0,7740.4302,191.3,4.0,198.2,19.0,0.0,0.0,0.0,0.672,-0.9986,0.0001,-0.025,0.0066,0.0
2026-09-03T17:42:27Z,2026-09-03 17:41:31,SPXW,2026-09-03,C,7940.0,7740.4302,0.0,0.0,0.05,1621.0,0.05,11.0,314.0,0.4978,0.0014,0.0001,-0.025,0.0065,0.0
2026-09-03T17:42:27Z,2026-09-03 17:41:31,SPXW,2026-09-03,P,7940.0,7740.4302,195.9,4.0,202.9,15.0,0.0,0.0,0.0,0.6654,-0.9986,0.0001,-0.025,0.0065,0.0
2026-09-03T17:42:27Z,2026-09-03 17:41:31,SPXW,2026-09-03,C,7945.0,7740.4302,0.0,0.0,0.05,1643.0,0.03,6.0,26.0,0.509,0.0014,0.0001,-0.025,0.0063,0.0
2026-09-03T17:42:27Z,2026-09-03 17:41:31,SPXW,2026-09-03,P,7945.0,7740.4302,197.6,1.0,211.7,4.0,0.0,0.0,0.0,0.6796,-0.9986,0.0001,-0.025,0.0063,0.0
2026-09-03T17:42:27Z,2026-09-03 17:41:31,SPXW,2026-09-03,C,7950.0,7740.4302,0.0,0.0,0.05,1779.0,0.03,5.0,724.0,0.5202,0.0014,0.0001,-0.025,0.0062,0.0
2026-09-03T17:42:27Z,2026-09-03 17:41:31,SPXW,2026-09-03,P,7950.0,7740.4302,203.1,1.0,215.8,1.0,0.0,0.0,0.0,0.7435,-0.9986,0.0001,-0.025,0.0062,0.0
2026-09-03T17:42:27Z,2026-09-03 17:41:31,SPXW,2026-09-03,C,7955.0,7740.4302,0.0,0.0,0.05,1644.0,0.05,0.0,14.0,0.5314,0.0013,0.0001,-0.025,0.0061,0.0
2026-09-03T17:42:27Z,2026-09-03 17:41:31,SPXW,2026-09-03,P,7955.0,7740.4302,208.0,1.0,221.6,1.0,0.0,0.0,0.0,0.7496,-0.9987,0.0001,-0.025,0.0061,0.0
2026-09-03T17:42:27Z,2026-09-03 17:41:31,SPXW,2026-09-03,C,7960.0,7740.4302,0.0,0.0,0.05,1698.0,0.05,0.0,173.0,0.5426,0.0013,0.0001,-0.025,0.006,0.0
2026-09-03T17:42:27Z,2026-09-03 17:41:31,SPXW,2026-09-03,P,7960.0,7740.4302,210.8,4.0,228.5,1.0,221.84,0.0,30.0,0.722,-0.9987,0.0001,-0.025,0.006,0.0
2026-09-03T17:42:27Z,2026-09-03 17:41:31,SPXW,2026-09-03,C,7970.0,7740.4302,0.0,0.0,0.05,1362.0,0.03,0.0,234.0,0.5649,0.0013,0.0001,-0.025,0.0058,0.0
2026-09-03T17:42:27Z,2026-09-03 17:41:31,SPXW,2026-09-03,P,7970.0,7740.4302,219.7,1.0,238.6,1.0,297.21,0.0,3.0,0.0,-0.9987,0.0001,-0.025,0.0058,0.0
2026-09-03T17:42:27Z,2026-09-03 17:41:31,SPXW,2026-09-03,C,7975.0,7740.4302,0.0,0.0,0.05,1648.0,0.1,0.0,465.0,0.576,0.0012,0.0,-0.025,0.0057,0.0
2026-09-03T17:42:27Z,2026-09-03 17:41:31,SPXW,2026-09-03,P,7975.0,7740.4302,224.7,1.0,243.5,1.0,259.12,0.0,1.0,0.0,-0.9988,0.0,-0.025,0.0057,0.0
2026-09-03T17:42:27Z,2026-09-03 17:41:31,SPXW,2026-09-03,C,7980.0,7740.4302,0.0,0.0,0.05,1450.0,0.03,2.0,35.0,0.5871,0.0012,0.0,-0.025,0.0056,0.0
2026-09-03T17:42:27Z,2026-09-03 17:41:31,SPXW,2026-09-03,P,7980.0,7740.4302,229.2,1.0,248.5,1.0,0.0,0.0,0.0,0.0,-0.9988,0.0,-0.025,0.0056,0.0
2026-09-03T17:42:27Z,2026-09-03 17:41:31,SPXW,2026-09-03,C,7990.0,7740.4302,0.0,0.0,0.05,2197.0,0.0,0.0,22.0,0.6092,0.0012,0.0,-0.025,0.0054,0.0
2026-09-03T17:42:27Z,2026-09-03 17:41:31,SPXW,2026-09-03,P,7990.0,7740.4302,241.6,4.0,258.5,1.0,0.0,0.0,0.0,0.8882,-0.9988,0.0,-0.025,0.0054,0.0
2026-09-03T17:42:27Z,2026-09-03 17:41:31,SPXW,2026-09-03,C,8000.0,7740.4302,0.0,0.0,0.05,3183.0,0.03,24.0,510.0,0.6312,0.0012,0.0,-0.025,0.0052,0.0
2026-09-03T17:42:27Z,2026-09-03 17:41:31,SPXW,2026-09-03,P,8000.0,7740.4302,251.6,4.0,268.5,1.0,302.3,2.0,3.0,0.918,-0.9988,0.0,-0.025,0.0052,0.0
2026-09-03T17:42:27Z,2026-09-03 17:41:31,SPXW,2026-09-03,C,8010.0,7740.4302,0.0,0.0,0.05,1908.0,0.03,1.0,0.0,0.6531,0.0011,0.0,-0.025,0.0051,0.0
2026-09-03T17:42:27Z,2026-09-03 17:41:31,SPXW,2026-09-03,P,8010.0,7740.4302,261.6,4.0,278.5,1.0,0.0,0.0,0.0,0.9475,-0.9989,0.0,-0.025,0.0051,0.0
2026-09-03T17:42:27Z,2026-09-03 17:41:31,SPXW,2026-09-03,C,8020.0,7740.4302,0.0,0.0,0.05,1911.0,0.1,0.0,1.0,0.6749,0.0011,0.0,-0.025,0.0049,0.0
2026-09-03T17:42:27Z,2026-09-03 17:41:31,SPXW,2026-09-03,P,8020.0,7740.4302,270.9,4.0,290.2,1.0,0.0,0.0,0.0,1.0525,-0.9989,0.0,-0.025,0.0049,0.0
2026-09-03T17:42:27Z,2026-09-03 17:41:31,SPXW,2026-09-03,C,8025.0,7740.4302,0.0,0.0,0.05,2254.0,0.11,0.0,597.0,0.6858,0.0011,0.0,-0.025,0.0048,0.0
2026-09-03T17:42:27Z,2026-09-03 17:41:31,SPXW,2026-09-03,P,8025.0,7740.4302,274.7,1.0,293.5,1.0,0.0,0.0,0.0,0.0,-0.9989,0.0,-0.025,0.0048,0.0
2026-09-03T17:42:27Z,2026-09-03 17:41:31,SPXW,2026-09-03,C,8030.0,7740.4302,0.0,0.0,0.05,1638.0,0.0,0.0,0.0,0.6966,0.001,0.0,-0.025,0.0048,0.0
2026-09-03T17:42:27Z,2026-09-03 17:41:31,SPXW,2026-09-03,P,8030.0,7740.4302,279.7,1.0,298.5,1.0,0.0,0.0,0.0,0.0,-0.999,0.0,-0.025,0.0048,0.0
2026-09-03T17:42:27Z,2026-09-03 17:41:31,SPXW,2026-09-03,C,8050.0,7740.4302,0.0,0.0,0.05,2078.0,0.07,0.0,675.0,0.7399,0.001,0.0,-0.025,0.0045,0.0
2026-09-03T17:42:27Z,2026-09-03 17:41:31,SPXW,2026-09-03,P,8050.0,7740.4302,299.2,1.0,318.5,1.0,0.0,0.0,0.0,0.0,-0.999,0.0,-0.025,0.0045,0.0
2026-09-03T17:42:27Z,2026-09-03 17:41:31,SPXW,2026-09-03,C,8075.0,7740.4302,0.0,0.0,0.05,2154.0,0.05,0.0,229.0,0.7935,0.0009,0.0,-0.025,0.0042,0.0
2026-09-03T17:42:27Z,2026-09-03 17:41:31,SPXW,2026-09-03,P,8075.0,7740.4302,324.2,1.0,343.5,1.0,0.0,0.0,0.0,0.0,-0.9991,0.0,-0.025,0.0042,0.0
2026-09-03T17:42:27Z,2026-09-03 17:41:31,SPXW,2026-09-03,C,8100.0,7740.4302,0.0,0.0,0.05,2209.0,0.05,0.0,690.0,0.8467,0.0009,0.0,-0.025,0.004,0.0
2026-09-03T17:42:27Z,2026-09-03 17:41:31,SPXW,2026-09-03,P,8100.0,7740.4302,349.7,1.0,368.5,1.0,392.34,0.0,1.0,0.0,-0.9991,0.0,-0.025,0.004,0.0
2026-09-03T17:42:27Z,2026-09-03 17:41:31,SPXW,2026-09-03,C,8125.0,7740.4302,0.0,0.0,0.05,2082.0,0.05,0.0,20.0,0.8995,0.0008,0.0,-0.025,0.0038,0.0
2026-09-03T17:42:27Z,2026-09-03 17:41:31,SPXW,2026-09-03,P,8125.0,7740.4302,374.0,1.0,393.5,1.0,0.0,0.0,0.0,0.0,-0.9992,0.0,-0.025,0.0038,0.0
2026-09-03T17:42:27Z,2026-09-03 17:41:31,SPXW,2026-09-03,C,8150.0,7740.4302,0.0,0.0,0.05,2252.0,0.05,1.0,2301.0,0.9519,0.0008,0.0,-0.025,0.0036,0.0
2026-09-03T17:42:27Z,2026-09-03 17:41:31,SPXW,2026-09-03,P,8150.0,7740.4302,399.7,1.0,418.5,1.0,493.12,0.0,3.0,0.0,-0.9992,0.0,-0.025,0.0036,0.0
2026-09-03T17:42:27Z,2026-09-03 17:41:31,SPXW,2026-09-03,C,8175.0,7740.4302,0.0,0.0,0.05,2282.0,0.1,0.0,162.0,1.0039,0.0008,0.0,-0.025,0.0034,0.0
2026-09-03T17:42:27Z,2026-09-03 17:41:31,SPXW,2026-09-03,P,8175.0,7740.4302,424.7,1.0,445.0,1.0,0.0,0.0,0.0,1.3639,-0.9992,0.0,-0.025,0.0034,0.0
2026-09-03T17:42:27Z,2026-09-03 17:41:31,SPXW,2026-09-03,C,8200.0,7740.4302,0.0,0.0,0.05,2462.0,0.1,0.0,1005.0,1.0555,0.0007,0.0,-0.025,0.0033,0.0
2026-09-03T17:42:27Z,2026-09-03 17:41:31,SPXW,2026-09-03,P,8200.0,7740.4302,449.7,1.0,468.6,1.0,0.0,0.0,0.0,0.0,-0.9993,0.0,-0.025,0.0033,0.0
2026-09-03T17:42:27Z,2026-09-03 17:41:31,SPXW,2026-09-03,C,8225.0,7740.4302,0.0,0.0,0.05,2343.0,0.1,0.0,9.0,1.1068,0.0007,0.0,-0.025,0.0031,0.0
2026-09-03T17:42:27Z,2026-09-03 17:41:31,SPXW,2026-09-03,P,8225.0,7740.4302,474.7,1.0,493.4,1.0,0.0,0.0,0.0,0.0,-0.9993,0.0,-0.025,0.0031,0.0
2026-09-03T17:42:27Z,2026-09-03 17:41:31,SPXW,2026-09-03,C,8250.0,7740.4302,0.0,0.0,0.05,2466.0,0.05,0.0,76.0,1.1578,0.0007,0.0,-0.025,0.003,0.0
2026-09-03T17:42:27Z,2026-09-03 17:41:31,SPXW,2026-09-03,P,8250.0,7740.4302,500.2,1.0,520.2,1.0,0.0,0.0,0.0,1.6564,-0.9993,0.0,-0.025,0.003,0.0
2026-09-03T17:42:27Z,2026-09-03 17:41:31,SPXW,2026-09-03,C,8275.0,7740.4302,0.0,0.0,0.05,2475.0,1.25,0.0,37.0,1.2084,0.0006,0.0,-0.025,0.0029,0.0
2026-09-03T17:42:27Z,2026-09-03 17:41:31,SPXW,2026-09-03,P,8275.0,7740.4302,524.0,1.0,545.5,3.0,0.0,0.0,0.0,1.5906,-0.9994,0.0,-0.025,0.0029,0.0
2026-09-03T17:42:27Z,2026-09-03 17:41:31,SPXW,2026-09-03,C,8300.0,7740.4302,0.0,0.0,0.05,2590.0,0.1,0.0,31.0,1.2588,0.0006,0.0,-0.025,0.0028,0.0
2026-09-03T17:42:27Z,2026-09-03 17:41:31,SPXW,2026-09-03,P,8300.0,7740.4302,549.0,1.0,568.5,1.0,0.0,0.0,0.0,0.0,-0.9994,0.0,-0.025,0.0028,0.0
2026-09-03T17:42:27Z,2026-09-03 17:41:31,SPXW,2026-09-03,C,8325.0,7740.4302,0.0,0.0,0.05,2580.0,0.1,0.0,1.0,1.3088,0.0006,0.0,-0.025,0.0027,0.0
2026-09-03T17:42:27Z,2026-09-03 17:41:31,SPXW,2026-09-03,P,8325.0,7740.4302,574.0,1.0,593.6,1.0,0.0,0.0,0.0,0.0,-0.9994,0.0,-0.025,0.0027,0.0
2026-09-03T17:42:27Z,2026-09-03 17:41:31,SPXW,2026-09-03,C,8400.0,7740.4302,0.0,0.0,0.05,3435.0,0.15,0.0,753.0,1.4572,0.0005,0.0,-0.025,0.0024,0.0
2026-09-03T17:42:27Z,2026-09-03 17:41:31,SPXW,2026-09-03,P,8400.0,7740.4302,649.2,1.0,668.5,1.0,743.42,0.0,3.0,0.0,-0.9995,0.0,-0.025,0.0024,0.0
2026-09-03T17:42:27Z,2026-09-03 17:41:31,SPXW,2026-09-03,C,8500.0,7740.4302,0.0,0.0,0.05,2865.0,0.12,0.0,6.0,1.6513,0.0005,0.0,-0.025,0.0022,0.0
2026-09-03T17:42:27Z,2026-09-03 17:41:31,SPXW,2026-09-03,P,8500.0,7740.4302,749.5,1.0,770.2,1.0,0.0,0.0,0.0,2.1885,-0.9995,0.0,-0.025,0.0022,0.0
2026-09-03T17:42:27Z,2026-09-03 17:41:31,SPXW,2026-09-04,C,6970.0,7740.4302,763.6,1.0,780.4,1.0,664.68,0.0,1.0,0.0,0.9989,0.0,0.0,0.015,0.7622
2026-09-03T17:42:27Z,2026-09-03 17:41:31,SPXW,2026-09-04,P,6970.0,7740.4302,0.05,72.0,0.1,555.0,0.05,24.0,116.0,0.6255,-0.001,0.0,-0.0713,0.0151,-0.0008
2026-09-03T17:42:27Z,2026-09-03 17:41:31,SPXW,2026-09-04,C,6975.0,7740.4302,758.8,1.0,775.4,1.0,708.51,0.0,3.0,0.0,0.9989,0.0,0.0,0.0152,0.7628
2026-09-03T17:42:27Z,2026-09-03 17:41:31,SPXW,2026-09-04,P,6975.0,7740.4302,0.05,96.0,0.1,552.0,0.05,2.0,251.0,0.6216,-0.001,0.0,-0.0716,0.0152,-0.0008
2026-09-03T17:42:27Z,2026-09-03 17:41:31,SPXW,2026-09-04,C,6980.0,7740.4302,752.0,1.0,770.4,1.0,0.0,0.0,0.0,0.0,0.9989,0.0,0.0,0.0153,0.7633
2026-09-03T17:42:27Z,2026-09-03 17:41:31,SPXW,2026-09-04,P,6980.0,7740.4302,0.05,96.0,0.1,553.0,0.05,28.0,240.0,0.6176,-0.001,0.0,-0.0719,0.0154,-0.0008
2026-09-03T17:42:27Z,2026-09-03 17:41:31,SPXW,2026-09-04,C,6990.0,7740.4302,743.6,1.0,759.5,1.0,649.52,0.0,2.0,0.0,0.9989,0.0,0.0,0.0156,0.7644
2026-09-03T17:42:27Z,2026-09-03 17:41:31,SPXW,2026-09-04,P,6990.0,7740.4302,0.05,97.0,0.1,569.0,0.05,3.0,659.0,0.6097,-0.0011,0.0,-0.0725,0.0156,-0.0009
2026-09-03T17:42:27Z,2026-09-03 17:41:31,SPXW,2026-09-04,C,7000.0,7740.4302,740.9,6.0,744.2,1.0,716.22,1.0,4342.0,0.0,0.9988,0.0,0.0,0.0159,0.7654
2026-09-03T17:42:27Z,2026-09-03 17:41:31,SPXW,2026-09-04,P,7000.0,7740.4302,0.05,126.0,0.1,596.0,0.07,5.0,9222.0,0.6019,-0.0011,0.0,-0.0731,0.016,-0.0009
2026-09-03T17:42:27Z,2026-09-03 17:41:31,SPXW,2026-09-04,C,7010.0,7740.4302,723.7,1.0,740.4,1.0,629.84,0.0,2.0,0.0,0.9988,0.0,0.0,0.0162,0.7665
2026-09-03T17:42:27Z,2026-09-03 17:41:31,SPXW,2026-09-04,P,7010.0,7740.4302,0.05,98.0,0.1,598.0,0.07,1.0,282.0,0.594,-0.0011,0.0,-0.0738,0.0162,-0.0009
2026-09-03T17:42:27Z,2026-09-03 17:41:31,SPXW,2026-09-04,C,7020.0,7740.4302,712.1,1.0,729.5,1.0,0.0,0.0,0.0,0.0,0.9988,0.0,0.0,0.0165,0.7676
2026-09-03T17:42:27Z,2026-09-03 17:41:31,SPXW,2026-09-04,P,7020.0,7740.4302,0.05,167.0,0.1,601.0,0.15,0.0,342.0,0.5862,-0.0011,0.0,-0.0745,0.0166,-0.0009
2026-09-03T17:42:27Z,2026-09-03 17:41:31,SPXW,2026-09-04,C,7025.0,7740.4302,708.9,1.0,724.5,1.0,649.44,0.0,1.0,0.0,0.9988,0.0,0.0,0.0167,0.7681
2026-09-03T17:42:27Z,2026-09-03 17:41:31,SPXW,2026-09-04,P,7025.0,7740.4302,0.05,176.0,0.1,596.0,0.1,3.0,2880.0,0.5822,-0.0012,0.0,-0.0748,0.0167,-0.0009
2026-09-03T17:42:27Z,2026-09-03 17:41:31,SPXW,2026-09-04,C,7030.0,7740.4302,702.1,1.0,719.5,1.0,611.47,0.0,1.0,0.0,0.9988,0.0,0.0,0.0168,0.7687
2026-09-03T17:42:27Z,2026-09-03 17:41:31,SPXW,2026-09-04,P,7030.0,7740.4302,0.05,214.0,0.1,602.0,0.05,20.0,98.0,0.5783,-0.0012,0.0,-0.0752,0.0169,-0.0009
2026-09-03T17:42:27Z,2026-09-03 17:41:31,SPXW,2026-09-04,C,7040.0,7740.4302,693.7,1.0,709.5,1.0,705.29,1.0,2.0,0.0,0.9988,0.0,0.0,0.0172,0.7698
2026-09-03T17:42:27Z,2026-09-03 17:41:31,SPXW,2026-09-04,P,7040.0,7740.4302,0.05,219.0,0.1,590.0,0.15,0.0,260.0,0.5705,-0.0012,0.0,-0.0759,0.0172,-0.001
2026-09-03T17:42:27Z,2026-09-03 17:41:31,SPXW,2026-09-04,C,7050.0,7740.4302,683.9,1.0,699.5,1.0,593.82,0.0,182.0,0.0,0.9987,0.0,0.0,0.0175,0.7708
2026-09-03T17:42:27Z,2026-09-03 17:41:31,SPXW,2026-09-04,P,7050.0,7740.4302,0.05,235.0,0.1,583.0,0.05,15.0,4317.0,0.563,-0.0012,0.0,-0.0766,0.0175,-0.001
2026-09-03T17:42:27Z,2026-09-03 17:41:31,SPXW,2026-09-04,C,7060.0,7740.4302,673.7,1.0,689.5,1.0,0.0,0.0,0.0,0.0,0.9987,0.0,0.0,0.0179,0.7719
2026-09-03T17:42:27Z,2026-09-03 17:41:31,SPXW,2026-09-04,P,7060.0,7740.4302,0.05,278.0,0.1,607.0,0.1,91.0,352.0,0.5552,-0.0012,0.0,-0.0773,0.0179,-0.001
2026-09-03T17:42:27Z,2026-09-03 17:41:31,SPXW,2026-09-04,C,7070.0,7740.4302,661.3,3.0,679.5,1.0,600.28,0.0,2.0,0.0,0.9987,0.0,0.0,0.0183,0.773
2026-09-03T17:42:27Z,2026-09-03 17:41:31,SPXW,2026-09-04,P,7070.0,7740.4302,0.05,281.0,0.1,598.0,0.15,0.0,192.0,0.5473,-0.0013,0.0,-0.0781,0.0183,-0.001
2026-09-03T17:42:27Z,2026-09-03 17:41:31,SPXW,2026-09-04,C,7075.0,7740.4302,658.7,1.0,674.5,1.0,670.92,0.0,73.0,0.0,0.9987,0.0,0.0,0.0184,0.7735
2026-09-03T17:42:27Z,2026-09-03 17:41:31,SPXW,2026-09-04,P,7075.0,7740.4302,0.05,288.0,0.1,623.0,0.1,75.0,1041.0,0.5434,-0.0013,0.0,-0.0785,0.0185,-0.001
2026-09-03T17:42:27Z,2026-09-03 17:41:31,SPXW,2026-09-04,C,7080.0,7740.4302,652.1,1.0,670.4,1.0,563.67,0.0,69.0,0.0,0.9987,0.0,0.0,0.0186,0.774
2026-09-03T17:42:27Z,2026-09-03 17:41:31,SPXW,2026-09-04,P,7080.0,7740.4302,0.05,331.0,0.1,531.0,0.1,9.0,91.0,0.5395,-0.0013,0.0,-0.0789,0.0186,-0.001
2026-09-03T17:42:27Z,2026-09-03 17:41:31,SPXW,2026-09-04,C,7090.0,7740.4302,643.7,1.0,659.9,1.0,651.88,1.0,2.0,0.0,0.9986,0.0,0.0,0.019,0.7751
2026-09-03T17:42:27Z,2026-09-03 17:41:31,SPXW,2026-09-04,P,7090.0,7740.4302,0.05,326.0,0.1,501.0,0.1,162.0,273.0,0.5317,-0.0013,0.0,-0.0797,0.019,-0.0011
2026-09-03T17:42:27Z,2026-09-03 17:41:31,SPXW,2026-09-04,C,7100.0,7740.4302,633.7,1.0,648.7,1.0,642.03,2.0,18.0,0.0,0.9986,0.0,0.0,0.0194,0.7762
2026-09-03T17:42:27Z,2026-09-03 17:41:31,SPXW,2026-09-04,P,7100.0,7740.4302,0.05,358.0,0.1,319.0,0.1,15.0,1437.0,0.5238,-0.0014,0.0,-0.0806,0.0195,-0.0011
2026-09-03T17:42:27Z,2026-09-03 17:41:31,SPXW,2026-09-04,C,7110.0,7740.4302,622.1,1.0,639.9,1.0,631.57,2.0,2.0,0.0,0.9986,0.0,0.0,0.0199,0.7773
2026-09-03T17:42:27Z,2026-09-03 17:41:31,SPXW,2026-09-04,P,7110.0,7740.4302,0.05,374.0,0.1,329.0,0.1,8.0,243.0,0.516,-0.0014,0.0,-0.0814,0.0199,-0.0011
2026-09-03T17:42:27Z,2026-09-03 17:41:31,SPXW,2026-09-04,C,7120.0,7740.4302,621.4,7.0,624.0,1.0,566.09,0.0,8.0,0.5122,0.9985,0.0,0.0,0.0203,0.7783
2026-09-03T17:42:27Z,2026-09-03 17:41:31,SPXW,2026-09-04,P,7120.0,7740.4302,0.05,550.0,0.1,300.0,0.07,2.0,393.0,0.5082,-0.0014,0.0,-0.0824,0.0204,-0.0011
2026-09-03T17:42:27Z,2026-09-03 17:41:31,SPXW,2026-09-04,C,7125.0,7740.4302,616.4,7.0,619.0,1.0,617.56,4.0,16.0,0.507,0.9985,0.0,0.0,0.0206,0.7789
2026-09-03T17:42:27Z,2026-09-03 17:41:31,SPXW,2026-09-04,P,7125.0,7740.4302,0.05,558.0,0.1,355.0,0.05,10.0,830.0,0.5043,-0.0014,0.0,-0.0828,0.0206,-0.0012
2026-09-03T17:42:27Z,2026-09-03 17:41:31,SPXW,2026-09-04,C,7130.0,7740.4302,611.3,7.0,614.0,1.0,540.75,0.0,1.0,0.5018,0.9985,0.0,0.0,0.0208,0.7794
2026-09-03T17:42:27Z,2026-09-03 17:41:31,SPXW,2026-09-04,P,7130.0,7740.4302,0.05,569.0,0.1,353.0,0.1,34.0,3798.0,0.5004,-0.0014,0.0,-0.0833,0.0208,-0.0012
2026-09-03T17:42:27Z,2026-09-03 17:41:31,SPXW,2026-09-04,C,7140.0,7740.4302,601.3,8.0,604.0,1.0,514.7,0.0,7.0,0.5144,0.9985,0.0,0.0,0.0213,0.7805
2026-09-03T17:42:27Z,2026-09-03 17:41:31,SPXW,2026-09-04,P,7140.0,7740.4302,0.05,720.0,0.1,216.0,0.1,29.0,12500.0,0.4926,-0.0015,0.0,-0.0843,0.0213,-0.0012
2026-09-03T17:42:27Z,2026-09-03 17:41:31,SPXW,2026-09-04,C,7150.0,7740.4302,591.3,8.0,594.1,1.0,479.56,0.0,15.0,0.5213,0.9984,0.0,0.0,0.0218,0.7815
2026-09-03T17:42:27Z,2026-09-03 17:41:31,SPXW,2026-09-04,P,7150.0,7740.4302,0.05,747.0,0.1,210.0,0.1,104.0,24379.0,0.4848,-0.0015,0.0,-0.0853,0.0218,-0.0012
2026-09-03T17:42:27Z,2026-09-03 17:41:31,SPXW,2026-09-04,C,7160.0,7740.4302,581.3,8.0,584.1,1.0,523.6,0.0,6.0,0.5116,0.9984,0.0,0.0,0.0224,0.7826
2026-09-03T17:42:27Z,2026-09-03 17:41:31,SPXW,2026-09-04,P,7160.0,7740.4302,0.05,721.0,0.1,194.0,0.1,26.0,1694.0,0.4769,-0.0016,0.0,-0.0864,0.0224,-0.0013
2026-09-03T17:42:27Z,2026-09-03 17:41:31,SPXW,2026-09-04,C,7170.0,7740.4302,571.3,7.0,574.1,1.0,0.0,0.0,0.0,0.3989,0.9984,0.0,0.0,0.0229,0.7836
2026-09-03T17:42:27Z,2026-09-03 17:41:31,SPXW,2026-09-04,P,7170.0,7740.4302,0.05,738.0,0.1,134.0,0.07,5.0,442.0,0.4691,-0.0016,0.0,-0.0875,0.0229,-0.0013
2026-09-03T17:42:27Z,2026-09-03 17:41:31,SPXW,2026-09-04,C,7175.0,7740.4302,566.3,7.0,569.1,1.0,455.75,0.0,115.0,0.3873,0.9983,0.0,0.0,0.0232,0.7842
2026-09-03T17:42:27Z,2026-09-03 17:41:31,SPXW,2026-09-04,P,7175.0,7740.4302,0.05,721.0,0.1,130.0,0.1,108.0,478.0,0.4652,-0.0016,0.0,-0.0881,0.0232,-0.0013
2026-09-03T17:42:27Z,2026-09-03 17:41:31,SPXW,2026-09-04,C,7180.0,7740.4302,561.5,7.0,564.1,1.0,286.2,0.0,1.0,0.4921,0.9983,0.0,0.0,0.0235,0.7847
2026-09-03T17:42:27Z,2026-09-03 17:41:31,SPXW,2026-09-04,P,7180.0,7740.4302,0.05,774.0,0.1,125.0,0.1,74.0,188.0,0.4613,-0.0016,0.0,-0.0887,0.0235,-0.0013
2026-09-03T17:42:27Z,2026-09-03 17:41:31,SPXW,2026-09-04,C,7185.0,7740.4302,556.5,7.0,559.1,1.0,0.0,0.0,0.0,0.4873,0.9983,0.0,0.0,0.0238,0.7852
2026-09-03T17:42:27Z,2026-09-03 17:41:31,SPXW,2026-09-04,P,7185.0,7740.4302,0.05,726.0,0.1,122.0,0.25,0.0,18.0,0.4574,-0.0017,0.0,-0.0893,0.0238,-0.0014
2026-09-03T17:42:27Z,2026-09-03 17:41:31,SPXW,2026-09-04,C,7190.0,7740.4302,551.5,7.0,554.1,1.0,493.43,0.0,5.0,0.4824,0.9983,0.0,0.0,0.0241,0.7858
2026-09-03T17:42:27Z,2026-09-03 17:41:31,SPXW,2026-09-04,P,7190.0,7740.4302,0.05,739.0,0.1,115.0,0.1,61.0,1625.0,0.4535,-0.0017,0.0,-0.0899,0.0242,-0.0014
2026-09-03T17:42:27Z,2026-09-03 17:41:31,SPXW,2026-09-04,C,7195.0,7740.4302,546.5,7.0,549.1,1.0,0.0,0.0,0.0,0.4776,0.9982,0.0,0.0,0.0245,0.7863
2026-09-03T17:42:27Z,2026-09-03 17:41:31,SPXW,2026-09-04,P,7195.0,7740.4302,0.05,710.0,0.1,111.0,0.1,6.0,7.0,0.4496,-0.0017,0.0,-0.0905,0.0245,-0.0014
2026-09-03T17:42:27Z,2026-09-03 17:41:31,SPXW,2026-09-04,C,7200.0,7740.4302,541.4,8.0,544.1,1.0,473.59,0.0,37.0,0.4866,0.9982,0.0,0.0,0.0248,0.7868
2026-09-03T17:42:27Z,2026-09-03 17:41:31,SPXW,2026-09-04,P,7200.0,7740.4302,0.05,748.0,0.1,106.0,0.12,89.0,5417.0,0.4457,-0.0017,0.0,-0.0912,0.0248,-0.0014
2026-09-03T17:42:27Z,2026-09-03 17:41:31,SPXW,2026-09-04,C,7205.0,7740.4302,536.4,8.0,539.1,1.0,0.0,0.0,0.0,0.4818,0.9982,0.0,0.0,0.0251,0.7874
2026-09-03T17:42:27Z,2026-09-03 17:41:31,SPXW,2026-09-04,P,7205.0,7740.4302,0.05,736.0,0.1,102.0,0.2,0.0,6.0,0.4418,-0.0018,0.0,-0.0918,0.0252,-0.0014
2026-09-03T17:42:27Z,2026-09-03 17:41:31,SPXW,2026-09-04,C,7210.0,7740.4302,531.4,8.0,534.1,1.0,468.04,0.0,8.0,0.477,0.9982,0.0,0.0,0.0255,0.7879
2026-09-03T17:42:27Z,2026-09-03 17:41:31,SPXW,2026-09-04,P,7210.0,7740.4302,0.05,762.0,0.1,96.0,0.12,11.0,488.0,0.4379,-0.0018,0.0,-0.0925,0.0255,-0.0014
2026-09-03T17:42:27Z,2026-09-03 17:41:31,SPXW,2026-09-04,C,7215.0,7740.4302,526.4,8.0,529.1,1.0,0.0,0.0,0.0,0.4722,0.9981,0.0,0.0,0.0258,0.7884
2026-09-03T17:42:27Z,2026-09-03 17:41:31,SPXW,2026-09-04,P,7215.0,7740.4302,0.05,721.0,0.15,733.0,0.1,1.0,1.0,0.4452,-0.0018,0.0,-0.0932,0.0258,-0.0015
2026-09-03T17:42:27Z,2026-09-03 17:41:31,SPXW,2026-09-04,C,7220.0,7740.4302,521.4,8.0,524.1,1.0,452.66,0.0,12.0,0.4674,0.9981,0.0,0.0,0.0262,0.7889
2026-09-03T17:42:27Z,2026-09-03 17:41:31,SPXW,2026-09-04,P,7220.0,7740.4302,0.05,821.0,0.15,785.0,0.1,78.0,394.0,0.4412,-0.0018,0.0,-0.0939,0.0262,-0.0015
2026-09-03T17:42:27Z,2026-09-03 17:41:31,SPXW,2026-09-04,C,7225.0,7740.4302,516.4,8.0,519.1,1.0,501.0,0.0,57.0,0.4626,0.9981,0.0,0.0,0.0266,0.7894
2026-09-03T17:42:27Z,2026-09-03 17:41:31,SPXW,2026-09-04,P,7225.0,7740.4302,0.05,867.0,0.15,778.0,0.1,100.0,608.0,0.4372,-0.0019,0.0,-0.0946,0.0266,-0.0015
2026-09-03T17:42:27Z,2026-09-03 17:41:31,SPXW,2026-09-04,C,7230.0,7740.4302,511.5,1.0,514.1,1.0,430.53,0.0,4.0,0.3916,0.998,0.0,0.0,0.027,0.79
2026-09-03T17:42:27Z,2026-09-03 17:41:31,SPXW,2026-09-04,P,7230.0,7740.4302,0.05,831.0,0.15,778.0,0.25,0.0,3806.0,0.4332,-0.0019,0.0,-0.0954,0.027,-0.0015
2026-09-03T17:42:27Z,2026-09-03 17:41:31,SPXW,2026-09-04,C,7235.0,7740.4302,506.5,1.0,509.1,1.0,0.0,0.0,0.0,0.3854,0.998,0.0,0.0,0.0274,0.7905
2026-09-03T17:42:27Z,2026-09-03 17:41:31,SPXW,2026-09-04,P,7235.0,7740.4302,0.05,783.0,0.15,741.0,0.25,0.0,17.0,0.4292,-0.0019,0.0,-0.0962,0.0274,-0.0016
2026-09-03T17:42:27Z,2026-09-03 17:41:31,SPXW,2026-09-04,C,7240.0,7740.4302,501.5,1.0,504.1,1.0,469.0,0.0,6.0,0.3792,0.998,0.0,0.0,0.0278,0.791
2026-09-03T17:42:27Z,2026-09-03 17:41:31,SPXW,2026-09-04,P,7240.0,7740.4302,0.05,803.0,0.15,753.0,0.1,85.0,398.0,0.4252,-0.002,0.0,-0.097,0.0278,-0.0016
2026-09-03T17:42:27Z,2026-09-03 17:41:31,SPXW,2026-09-04,C,7245.0,7740.4302,496.6,7.0,499.1,1.0,496.8,2.0,1.0,0.4093,0.998,0.0,0.0,0.0282,0.7915
2026-09-03T17:42:27Z,2026-09-03 17:41:31,SPXW,2026-09-04,P,7245.0,7740.4302,0.05,800.0,0.15,739.0,0.12,1.0,14.0,0.4212,-0.002,0.0,-0.0978,0.0282,-0.0016
2026-09-03T17:42:27Z,2026-09-03 17:41:31,SPXW,2026-09-04,C,7250.0,7740.4302,491.6,7.0,494.1,1.0,461.95,1.0,26.0,0.4043,0.9979,0.0,0.0,0.0286,0.7921
2026-09-03T17:42:27Z,2026-09-03 17:41:31,SPXW,2026-09-04,P,7250.0,7740.4302,0.05,805.0,0.15,741.0,0.12,12.0,4685.0,0.4172,-0.002,0.0,-0.0986,0.0286,-0.0016
2026-09-03T17:42:27Z,2026-09-03 17:41:31,SPXW,2026-09-04,C,7255.0,7740.4302,486.6,7.0,489.1,1.0,0.0,0.0,0.0,0.434,0.9979,0.0,0.0,0.0291,0.7926
2026-09-03T17:42:27Z,2026-09-03 17:41:31,SPXW,2026-09-04,P,7255.0,7740.4302,0.05,782.0,0.15,746.0,0.12,27.0,8.0,0.4133,-0.002,0.0,-0.0995,0.0291,-0.0017
2026-09-03T17:42:27Z,2026-09-03 17:41:31,SPXW,2026-09-04,C,7260.0,7740.4302,481.6,7.0,484.1,1.0,484.49,2.0,8.0,0.4292,0.9979,0.0,0.0,0.0295,0.7931
2026-09-03T17:42:27Z,2026-09-03 17:41:31,SPXW,2026-09-04,P,7260.0,7740.4302,0.05,802.0,0.15,757.0,0.12,1.0,1735.0,0.4093,-0.0021,0.0,-0.1004,0.0295,-0.0017
2026-09-03T17:42:27Z,2026-09-03 17:41:31,SPXW,2026-09-04,C,7265.0,7740.4302,476.6,1.0,479.1,1.0,476.8,2.0,3.0,0.0,0.9978,0.0,0.0,0.03,0.7936
2026-09-03T17:42:27Z,2026-09-03 17:41:31,SPXW,2026-09-04,P,7265.0,7740.4302,0.05,787.0,0.15,731.0,0.15,1.0,9.0,0.4053,-0.0021,0.0,-0.1013,0.03,-0.0017
2026-09-03T17:42:27Z,2026-09-03 17:41:31,SPXW,2026-09-04,C,7270.0,7740.4302,471.6,1.0,474.1,1.0,403.97,0.0,9.0,0.0,0.9978,0.0,0.0,0.0305,0.7941
2026-09-03T17:42:27Z,2026-09-03 17:41:31,SPXW,2026-09-04,P,7270.0,7740.4302,0.05,796.0,0.15,735.0,0.15,83.0,393.0,0.4013,-0.0022,0.0,-0.1022,0.0304,-0.0018
2026-09-03T17:42:27Z,2026-09-03 17:41:31,SPXW,2026-09-04,C,7275.0,7740.4302,466.6,1.0,469.1,1.0,468.72,2.0,9.0,0.0,0.9978,0.0,0.0,0.031,0.7947
2026-09-03T17:42:27Z,2026-09-03 17:41:31,SPXW,2026-09-04,P,7275.0,7740.4302,0.05,802.0,0.15,725.0,0.12,2.0,1006.0,0.3973,-0.0022,0.0,-0.1032,0.0309,-0.0018
2026-09-03T17:42:27Z,2026-09-03 17:41:31,SPXW,2026-09-04,C,7280.0,7740.4302,461.6,1.0,464.1,1.0,464.5,2.0,9.0,0.0,0.9977,0.0,0.0,0.0314,0.7952
2026-09-03T17:42:27Z,2026-09-03 17:41:31,SPXW,2026-09-04,P,7280.0,7740.4302,0.05,795.0,0.15,732.0,0.25,0.0,410.0,0.3933,-0.0022,0.0,-0.1042,0.0314,-0.0018
2026-09-03T17:42:27Z,2026-09-03 17:41:31,SPXW,2026-09-04,C,7285.0,7740.4302,456.6,1.0,459.2,1.0,387.27,0.0,1.0,0.3032,0.9977,0.0,0.0,0.032,0.7957
2026-09-03T17:42:27Z,2026-09-03 17:41:31,SPXW,2026-09-04,P,7285.0,7740.4302,0.05,798.0,0.15,677.0,0.1,12.0,72.0,0.3893,-0.0023,0.0,-0.1052,0.032,-0.0018
2026-09-03T17:42:27Z,2026-09-03 17:41:31,SPXW,2026-09-04,C,7290.0,7740.4302,451.6,1.0,454.2,1.0,457.42,2.0,5.0,0.2806,0.9976,0.0,0.0,0.0325,0.7962
2026-09-03T17:42:27Z,2026-09-03 17:41:31,SPXW,2026-09-04,P,7290.0,7740.4302,0.05,803.0,0.15,728.0,0.1,59.0,362.0,0.3853,-0.0023,0.0,-0.1063,0.0325,-0.0019
2026-09-03T17:42:27Z,2026-09-03 17:41:31,SPXW,2026-09-04,C,7295.0,7740.4302,446.6,1.0,449.2,1.0,448.67,2.0,1.0,0.3808,0.9976,0.0,0.0,0.0331,0.7967
2026-09-03T17:42:27Z,2026-09-03 17:41:31,SPXW,2026-09-04,P,7295.0,7740.4302,0.05,811.0,0.15,768.0,0.12,4.0,45.0,0.3813,-0.0024,0.0,-0.1074,0.0331,-0.0019
2026-09-03T17:42:27Z,2026-09-03 17:41:31,SPXW,2026-09-04,C,7300.0,7740.4302,441.6,1.0,444.2,1.0,371.97,0.0,63.0,0.3759,0.9976,0.0,0.0,0.0336,0.7972
2026-09-03T17:42:27Z,2026-09-03 17:41:31,SPXW,2026-09-04,P,7300.0,7740.4302,0.1,85.0,0.15,738.0,0.1,201.0,4353.0,0.3853,-0.0024,0.0,-0.1085,0.0336,-0.0019
2026-09-03T17:42:27Z,2026-09-03 17:41:31,SPXW,2026-09-04,C,7305.0,7740.4302,436.7,7.0,439.2,1.0,443.1,2.0,1.0,0.3711,0.9975,0.0,0.0,0.0342,0.7977
2026-09-03T17:42:27Z,2026-09-03 17:41:31,SPXW,2026-09-04,P,7305.0,7740.4302,0.1,89.0,0.15,732.0,0.15,5.0,28.0,0.3813,-0.0024,0.0,-0.1097,0.0342,-0.002
2026-09-03T17:42:27Z,2026-09-03 17:41:31,SPXW,2026-09-04,C,7310.0,7740.4302,431.7,7.0,434.2,1.0,438.2,5.0,11.0,0.3662,0.9975,0.0,0.0,0.0348,0.7982
2026-09-03T17:42:27Z,2026-09-03 17:41:31,SPXW,2026-09-04,P,7310.0,7740.4302,0.1,97.0,0.15,713.0,0.15,2.0,386.0,0.3772,-0.0025,0.0,-0.1109,0.0348,-0.002
2026-09-03T17:42:27Z,2026-09-03 17:41:31,SPXW,2026-09-04,C,7315.0,7740.4302,426.6,8.0,429.2,1.0,358.89,0.0,0.0,0.3614,0.9974,0.0,0.0,0.0355,0.7988
2026-09-03T17:42:27Z,2026-09-03 17:41:31,SPXW,2026-09-04,P,7315.0,7740.4302,0.1,107.0,0.15,615.0,0.12,53.0,93.0,0.3731,-0.0025,0.0,-0.1121,0.0355,-0.0021
2026-09-03T17:42:27Z,2026-09-03 17:41:31,SPXW,2026-09-04,C,7320.0,7740.4302,421.6,8.0,424.2,1.0,349.03,0.0,9.0,0.3566,0.9974,0.0,0.0,0.0361,0.7993
2026-09-03T17:42:27Z,2026-09-03 17:41:31,SPXW,2026-09-04,P,7320.0,7740.4302,0.1,173.0,0.15,607.0,0.15,200.0,332.0,0.3691,-0.0026,0.0,-0.1134,0.0361,-0.0021
2026-09-03T17:42:27Z,2026-09-03 17:41:31,SPXW,2026-09-04,C,7325.0,7740.4302,416.6,8.0,419.2,1.0,389.17,0.0,13.0,0.3517,0.9973,0.0,0.0,0.0368,0.7998
2026-09-03T17:42:27Z,2026-09-03 17:41:31,SPXW,2026-09-04,P,7325.0,7740.4302,0.1,240.0,0.15,593.0,0.2,230.0,1879.0,0.365,-0.0026,0.0,-0.1148,0.0368,-0.0021
2026-09-03T17:42:27Z,2026-09-03 17:41:31,SPXW,2026-09-04,C,7330.0,7740.4302,411.6,8.0,414.2,1.0,339.12,0.0,2.0,0.3202,0.9973,0.0,0.0,0.0375,0.8003
2026-09-03T17:42:27Z,2026-09-03 17:41:31,SPXW,2026-09-04,P,7330.0,7740.4302,0.1,245.0,0.15,562.0,0.15,53.0,469.0,0.3609,-0.0027,0.0,-0.1162,0.0375,-0.0022
2026-09-03T17:42:27Z,2026-09-03 17:41:31,SPXW,2026-09-04,C,7335.0,7740.4302,406.6,8.0,409.2,1.0,341.0,0.0,1.0,0.3878,0.9972,0.0001,0.0,0.0383,0.8008
2026-09-03T17:42:27Z,2026-09-03 17:41:31,SPXW,2026-09-04,P,7335.0,7740.4302,0.1,351.0,0.15,552.0,0.2,1.0,95.0,0.3569,-0.0027,0.0001,-0.1176,0.0382,-0.0022
2026-09-03T17:42:27Z,2026-09-03 17:41:31,SPXW,2026-09-04,C,7340.0,7740.4302,401.6,8.0,404.2,1.0,330.13,0.0,4.0,0.383,0.9971,0.0001,0.0,0.039,0.8013
2026-09-03T17:42:27Z,2026-09-03 17:41:31,SPXW,2026-09-04,P,7340.0,7740.4302,0.1,367.0,0.15,376.0,0.17,51.0,1181.0,0.3528,-0.0028,0.0001,-0.1191,0.039,-0.0023
2026-09-03T17:42:27Z,2026-09-03 17:41:31,SPXW,2026-09-04,C,7345.0,7740.4302,396.6,8.0,399.2,1.0,0.0,0.0,0.0,0.3783,0.9971,0.0001,0.0,0.0398,0.8018
2026-09-03T17:42:27Z,2026-09-03 17:41:31,SPXW,2026-09-04,P,7345.0,7740.4302,0.1,350.0,0.15,363.0,0.17,12.0,188.0,0.3487,-0.0029,0.0001,-0.1206,0.0398,-0.0023
2026-09-03T17:42:27Z,2026-09-03 17:41:31,SPXW,2026-09-04,C,7350.0,7740.4302,391.6,8.0,394.2,1.0,320.3,0.0,95.0,0.3736,0.997,0.0001,0.0,0.0407,0.8023
2026-09-03T17:42:27Z,2026-09-03 17:41:31,SPXW,2026-09-04,P,7350.0,7740.4302,0.1,356.0,0.15,366.0,0.2,276.0,2002.0,0.3447,-0.0029,0.0001,-0.1222,0.0406,-0.0024
2026-09-03T17:42:27Z,2026-09-03 17:41:31,SPXW,2026-09-04,C,7355.0,7740.4302,386.6,7.0,389.2,1.0,344.92,2.0,1.0,0.3511,0.997,0.0001,0.0,0.0415,0.8028
2026-09-03T17:42:27Z,2026-09-03 17:41:31,SPXW,2026-09-04,P,7355.0,7740.4302,0.1,536.0,0.15,259.0,0.2,77.0,147.0,0.3406,-0.003,0.0001,-0.1239,0.0415,-0.0024
2026-09-03T17:42:27Z,2026-09-03 17:41:31,SPXW,2026-09-04,C,7360.0,7740.4302,381.8,7.0,384.2,1.0,286.58,0.0,17.0,0.3464,0.9969,0.0001,0.0,0.0424,0.8033
2026-09-03T17:42:27Z,2026-09-03 17:41:31,SPXW,2026-09-04,P,7360.0,7740.4302,0.1,762.0,0.15,245.0,0.15,63.0,813.0,0.3365,-0.0031,0.0001,-0.1256,0.0424,-0.0025
2026-09-03T17:42:27Z,2026-09-03 17:41:31,SPXW,2026-09-04,C,7365.0,7740.4302,376.8,7.0,379.2,1.0,315.63,0.0,1.0,0.3297,0.9968,0.0001,0.0,0.0433,0.8037
2026-09-03T17:42:27Z,2026-09-03 17:41:31,SPXW,2026-09-04,P,7365.0,7740.4302,0.1,793.0,0.15,91.0,0.2,16.0,180.0,0.3324,-0.0031,0.0001,-0.1274,0.0433,-0.0025
2026-09-03T17:42:27Z,2026-09-03 17:41:31,SPXW,2026-09-04,C,7370.0,7740.4302,371.8,7.0,374.2,1.0,286.45,0.0,31.0,0.325,0.9967,0.0001,0.0,0.0443,0.8042
2026-09-03T17:42:27Z,2026-09-03 17:41:31,SPXW,2026-09-04,P,7370.0,7740.4302,0.1,766.0,0.15,68.0,0.2,68.0,921.0,0.3279,-0.0032,0.0001,-0.1293,0.0443,-0.0026
2026-09-03T17:42:27Z,2026-09-03 17:41:31,SPXW,2026-09-04,C,7375.0,7740.4302,366.7,8.0,369.2,1.0,321.57,2.0,88.0,0.3203,0.9967,0.0001,0.0,0.0453,0.8047
2026-09-03T17:42:27Z,2026-09-03 17:41:31,SPXW,2026-09-04,P,7375.0,7740.4302,0.1,785.0,0.15,19.0,0.12,173.0,589.0,0.3243,-0.0033,0.0001,-0.1313,0.0453,-0.0027
2026-09-03T17:42:27Z,2026-09-03 17:41:31,SPXW,2026-09-04,C,7380.0,7740.4302,361.7,8.0,364.2,1.0,353.8,3.0,34.0,0.3156,0.9966,0.0001,0.0,0.0464,0.8052
2026-09-03T17:42:27Z,2026-09-03 17:41:31,SPXW,2026-09-04,P,7380.0,7740.4302,0.1,801.0,0.2,686.0,0.2,42.0,450.0,0.3261,-0.0034,0.0001,-0.1334,0.0463,-0.0027
2026-09-03T17:42:27Z,2026-09-03 17:41:31,SPXW,2026-09-04,C,7385.0,7740.4302,356.7,7.0,359.2,1.0,261.43,0.0,1.0,0.3406,0.9965,0.0001,0.0,0.0474,0.8057
2026-09-03T17:42:27Z,2026-09-03 17:41:31,SPXW,2026-09-04,P,7385.0,7740.4302,0.1,823.0,0.2,704.0,0.2,636.0,397.0,0.3219,-0.0034,0.0001,-0.1355,0.0474,-0.0028
2026-09-03T17:42:27Z,2026-09-03 17:41:31,SPXW,2026-09-04,C,7390.0,7740.4302,351.7,7.0,354.2,1.0,280.15,0.0,36.0,0.3359,0.9964,0.0001,0.0,0.0486,0.8062
2026-09-03T17:42:27Z,2026-09-03 17:41:31,SPXW,2026-09-04,P,7390.0,7740.4302,0.1,810.0,0.2,712.0,0.15,38.0,699.0,0.3178,-0.0035,0.0001,-0.1377,0.0485,-0.0029
2026-09-03T17:42:27Z,2026-09-03 17:41:31,SPXW,2026-09-04,C,7395.0,7740.4302,346.7,7.0,349.2,1.0,301.65,2.0,5.0,0.3312,0.9963,0.0001,0.0,0.0497,0.8066
2026-09-03T17:42:27Z,2026-09-03 17:41:31,SPXW,2026-09-04,P,7395.0,7740.4302,0.1,799.0,0.2,779.0,0.25,124.0,2420.0,0.3136,-0.0036,0.0001,-0.1401,0.0497,-0.003
2026-09-03T17:42:27Z,2026-09-03 17:41:31,SPXW,2026-09-04,C,7400.0,7740.4302,341.7,7.0,344.3,1.0,340.1,5.0,173.0,0.3334,0.9962,0.0001,0.0,0.0509,0.8071
2026-09-03T17:42:27Z,2026-09-03 17:41:31,SPXW,2026-09-04,P,7400.0,7740.4302,0.1,939.0,0.2,753.0,0.17,6426.0,4278.0,0.3095,-0.0037,0.0001,-0.1425,0.0509,-0.003
2026-09-03T17:42:27Z,2026-09-03 17:41:31,SPXW,2026-09-04,C,7405.0,7740.4302,336.7,8.0,339.3,1.0,265.03,0.0,0.0,0.3347,0.9961,0.0001,0.0,0.0522,0.8076
2026-09-03T17:42:27Z,2026-09-03 17:41:31,SPXW,2026-09-04,P,7405.0,7740.4302,0.1,719.0,0.2,715.0,0.22,15.0,249.0,0.3053,-0.0038,0.0001,-0.1451,0.0522,-0.0031
2026-09-03T17:42:27Z,2026-09-03 17:41:31,SPXW,2026-09-04,C,7410.0,7740.4302,331.7,7.0,334.3,1.0,327.59,2.0,58.0,0.3239,0.996,0.0001,0.0,0.0536,0.808
2026-09-03T17:42:27Z,2026-09-03 17:41:31,SPXW,2026-09-04,P,7410.0,7740.4302,0.1,728.0,0.2,695.0,0.17,41.0,516.0,0.3012,-0.0039,0.0001,-0.1478,0.0535,-0.0032
2026-09-03T17:42:27Z,2026-09-03 17:41:31,SPXW,2026-09-04,C,7415.0,7740.4302,326.7,8.0,329.3,1.0,0.0,0.0,1.0,0.3252,0.9959,0.0001,0.0,0.0549,0.8085
2026-09-03T17:42:27Z,2026-09-03 17:41:31,SPXW,2026-09-04,P,7415.0,7740.4302,0.15,77.0,0.2,580.0,0.22,23.0,384.0,0.3018,-0.004,0.0001,-0.1506,0.0549,-0.0033
2026-09-03T17:42:27Z,2026-09-03 17:41:31,SPXW,2026-09-04,C,7420.0,7740.4302,321.7,8.0,324.3,1.0,251.05,0.0,24.0,0.3204,0.9958,0.0001,0.0,0.0564,0.8089
2026-09-03T17:42:27Z,2026-09-03 17:41:31,SPXW,2026-09-04,P,7420.0,7740.4302,0.15,258.0,0.2,434.0,0.17,191.0,1311.0,0.2976,-0.0042,0.0001,-0.1536,0.0563,-0.0034
2026-09-03T17:42:27Z,2026-09-03 17:41:31,SPXW,2026-09-04,C,7425.0,7740.4302,316.9,7.0,319.3,1.0,312.68,3.0,55.0,0.3157,0.9957,0.0001,-0.0036,0.058,0.8094
2026-09-03T17:42:27Z,2026-09-03 17:41:31,SPXW,2026-09-04,P,7425.0,7740.4302,0.15,282.0,0.2,407.0,0.17,4689.0,3091.0,0.2934,-0.0043,0.0001,-0.1567,0.0579,-0.0035
2026-09-03T17:42:27Z,2026-09-03 17:41:31,SPXW,2026-09-04,C,7430.0,7740.4302,311.9,7.0,314.3,1.0,304.28,7.0,18.0,0.2984,0.9955,0.0001,-0.0093,0.0596,0.8098
2026-09-03T17:42:27Z,2026-09-03 17:41:31,SPXW,2026-09-04,P,7430.0,7740.4302,0.15,298.0,0.2,349.0,0.17,70.0,3581.0,0.2892,-0.0044,0.0001,-0.16,0.0595,-0.0036
2026-09-03T17:42:27Z,2026-09-03 17:41:31,SPXW,2026-09-04,C,7435.0,7740.4302,306.9,7.0,309.3,1.0,265.27,2.0,0.0,0.2937,0.9954,0.0001,-0.0152,0.0613,0.8102
2026-09-03T17:42:27Z,2026-09-03 17:41:31,SPXW,2026-09-04,P,7435.0,7740.4302,0.15,332.0,0.2,335.0,0.15,1093.0,409.0,0.285,-0.0045,0.0001,-0.1635,0.0612,-0.0037
2026-09-03T17:42:27Z,2026-09-03 17:41:31,SPXW,2026-09-04,C,7440.0,7740.4302,301.9,7.0,304.3,1.0,230.98,0.0,32.0,0.2891,0.9952,0.0001,-0.0212,0.0631,0.8107
2026-09-03T17:42:27Z,2026-09-03 17:41:31,SPXW,2026-09-04,P,7440.0,7740.4302,0.15,602.0,0.2,281.0,0.17,455.0,1041.0,0.2803,-0.0047,0.0001,-0.167,0.0631,-0.0038
2026-09-03T17:42:27Z,2026-09-03 17:41:31,SPXW,2026-09-04,C,7445.0,7740.4302,296.9,7.0,299.3,1.0,326.02,0.0,3.0,0.2967,0.9951,0.0001,-0.0275,0.065,0.8111
2026-09-03T17:42:27Z,2026-09-03 17:41:31,SPXW,2026-09-04,P,7445.0,7740.4302,0.15,584.0,0.2,10.0,0.17,220.0,568.0,0.2801,-0.0048,0.0001,-0.1709,0.065,-0.004
2026-09-03T17:42:27Z,2026-09-03 17:41:31,SPXW,2026-09-04,C,7450.0,7740.4302,291.8,7.0,294.3,1.0,290.2,7.0,185.0,0.2797,0.9949,0.0001,-0.034,0.067,0.8115
2026-09-03T17:42:27Z,2026-09-03 17:41:31,SPXW,2026-09-04,P,7450.0,7740.4302,0.15,619.0,0.2,11.0,0.2,512.0,4770.0,0.2718,-0.005,0.0001,-0.175,0.067,-0.0041
2026-09-03T17:42:27Z,2026-09-03 17:41:31,SPXW,2026-09-04,C,7455.0,7740.4302,286.8,7.0,289.3,1.0,197.65,0.0,8.0,0.2751,0.9948,0.0001,-0.0408,0.0691,0.8119
2026-09-03T17:42:27Z,2026-09-03 17:41:31,SPXW,2026-09-04,P,7455.0,7740.4302,0.15,720.0,0.2,1.0,0.15,466.0,908.0,0.2676,-0.0052,0.0001,-0.1793,0.0691,-0.0042
2026-09-03T17:42:27Z,2026-09-03 17:41:31,SPXW,2026-09-04,C,7460.0,7740.4302,281.8,7.0,284.3,1.0,287.0,6.0,41.0,0.2704,0.9946,0.0001,-0.0478,0.0714,0.8123
2026-09-03T17:42:27Z,2026-09-03 17:41:31,SPXW,2026-09-04,P,7460.0,7740.4302,0.15,732.0,0.2,1.0,0.2,192.0,805.0,0.2633,-0.0054,0.0001,-0.1839,0.0714,-0.0044
2026-09-03T17:42:27Z,2026-09-03 17:41:31,SPXW,2026-09-04,C,7465.0,7740.4302,276.8,7.0,279.3,1.0,186.9,0.0,0.0,0.2777,0.9944,0.0001,-0.0551,0.0738,0.8127
2026-09-03T17:42:27Z,2026-09-03 17:41:31,SPXW,2026-09-04,P,7465.0,7740.4302,0.15,612.0,0.2,1.0,0.15,467.0,1055.0,0.2594,-0.0056,0.0001,-0.1892,0.0738,-0.0046
2026-09-03T17:42:27Z,2026-09-03 17:41:31,SPXW,2026-09-04,C,7470.0,7740.4302,271.8,7.0,274.3,1.0,276.61,6.0,17.0,0.2611,0.9942,0.0001,-0.0627,0.0763,0.8131
2026-09-03T17:42:27Z,2026-09-03 17:41:31,SPXW,2026-09-04,P,7470.0,7740.4302,0.15,628.0,0.25,635.0,0.2,540.0,1123.0,0.2591,-0.0058,0.0001,-0.194,0.0761,-0.0047
2026-09-03T17:42:27Z,2026-09-03 17:41:31,SPXW,2026-09-04,C,7475.0,7740.4302,267.0,7.0,269.3,1.0,268.04,15.0,89.0,0.2489,0.994,0.0002,-0.0707,0.0789,0.8134
2026-09-03T17:42:27Z,2026-09-03 17:41:31,SPXW,2026-09-04,P,7475.0,7740.4302,0.2,62.0,0.25,511.0,0.22,529.0,2603.0,0.2582,-0.006,0.0001,-0.1996,0.0788,-0.0049
2026-09-03T17:42:27Z,2026-09-03 17:41:31,SPXW,2026-09-04,C,7480.0,7740.4302,262.0,7.0,264.3,1.0,262.97,6.0,57.0,0.258,0.9937,0.0002,-0.079,0.0817,0.8138
2026-09-03T17:42:27Z,2026-09-03 17:41:31,SPXW,2026-09-04,P,7480.0,7740.4302,0.2,151.0,0.25,366.0,0.2,281.0,742.0,0.2538,-0.0062,0.0002,-0.2055,0.0816,-0.0051
2026-09-03T17:42:27Z,2026-09-03 17:41:31,SPXW,2026-09-04,C,7485.0,7740.4302,257.0,7.0,259.3,1.0,208.18,0.0,20.0,0.2588,0.9935,0.0002,-0.0878,0.0846,0.8141
2026-09-03T17:42:27Z,2026-09-03 17:41:31,SPXW,2026-09-04,P,7485.0,7740.4302,0.2,245.0,0.25,346.0,0.2,893.0,715.0,0.2495,-0.0065,0.0002,-0.2118,0.0845,-0.0053
2026-09-03T17:42:27Z,2026-09-03 17:41:31,SPXW,2026-09-04,C,7490.0,7740.4302,252.0,7.0,254.4,1.0,212.24,5.0,36.0,0.2632,0.9932,0.0002,-0.097,0.0878,0.8144
2026-09-03T17:42:27Z,2026-09-03 17:41:31,SPXW,2026-09-04,P,7490.0,7740.4302,0.2,412.0,0.25,265.0,0.2,407.0,1174.0,0.2451,-0.0067,0.0002,-0.2186,0.0876,-0.0055
2026-09-03T17:42:27Z,2026-09-03 17:41:31,SPXW,2026-09-04,C,7495.0,7740.4302,246.9,7.0,249.4,1.0,247.9,2.0,24.0,0.2584,0.9929,0.0002,-0.1068,0.0912,0.8147
2026-09-03T17:42:27Z,2026-09-03 17:41:31,SPXW,2026-09-04,P,7495.0,7740.4302,0.2,531.0,0.25,124.0,0.22,378.0,731.0,0.2406,-0.007,0.0002,-0.2264,0.0912,-0.0058
2026-09-03T17:42:27Z,2026-09-03 17:41:31,SPXW,2026-09-04,C,7500.0,7740.4302,241.8,1.0,244.4,1.0,244.13,16.0,563.0,0.2536,0.9926,0.0002,-0.117,0.0948,0.815
2026-09-03T17:42:27Z,2026-09-03 17:41:31,SPXW,2026-09-04,P,7500.0,7740.4302,0.2,664.0,0.25,16.0,0.2,7916.0,8185.0,0.2363,-0.0074,0.0002,-0.2343,0.0948,-0.006
2026-09-03T17:42:27Z,2026-09-03 17:41:31,SPXW,2026-09-04,C,7505.0,7740.4302,236.9,7.0,239.4,1.0,244.23,5.0,58.0,0.2398,0.9922,0.0002,-0.1279,0.0987,0.8153
2026-09-03T17:42:27Z,2026-09-03 17:41:31,SPXW,2026-09-04,P,7505.0,7740.4302,0.2,582.0,0.3,646.0,0.25,353.0,687.0,0.2348,-0.0077,0.0002,-0.2427,0.0987,-0.0063
2026-09-03T17:42:27Z,2026-09-03 17:41:31,SPXW,2026-09-04,C,7510.0,7740.4302,231.8,8.0,234.4,1.0,236.4,8.0,1067.0,0.2166,0.9919,0.0002,-0.1394,0.1029,0.8156
2026-09-03T17:42:27Z,2026-09-03 17:41:31,SPXW,2026-09-04,P,7510.0,7740.4302,0.2,587.0,0.3,600.0,0.25,501.0,3091.0,0.2304,-0.0081,0.0002,-0.2518,0.1029,-0.0066
2026-09-03T17:42:27Z,2026-09-03 17:41:31,SPXW,2026-09-04,C,7515.0,7740.4302,227.0,7.0,229.4,1.0,185.33,1.0,45.0,0.2252,0.9915,0.0002,-0.1517,0.1074,0.8158
2026-09-03T17:42:27Z,2026-09-03 17:41:31,SPXW,2026-09-04,P,7515.0,7740.4302,0.25,117.0,0.3,482.0,0.25,969.0,9425.0,0.2285,-0.0084,0.0002,-0.2617,0.1074,-0.0069
2026-09-03T17:42:27Z,2026-09-03 17:41:31,SPXW,2026-09-04,C,7520.0,7740.4302,222.1,7.0,224.4,1.0,149.17,0.0,67.0,0.2301,0.9911,0.0002,-0.1649,0.1122,0.816
2026-09-03T17:42:27Z,2026-09-03 17:41:31,SPXW,2026-09-04,P,7520.0,7740.4302,0.25,158.0,0.3,321.0,0.25,5305.0,6762.0,0.224,-0.0089,0.0002,-0.2725,0.1122,-0.0073
2026-09-03T17:42:27Z,2026-09-03 17:41:31,SPXW,2026-09-04,C,7525.0,7740.4302,216.9,1.0,219.4,1.0,225.36,4.0,1208.0,0.2028,0.9906,0.0003,-0.1789,0.1174,0.8161
2026-09-03T17:42:27Z,2026-09-03 17:41:31,SPXW,2026-09-04,P,7525.0,7740.4302,0.25,383.0,0.3,132.0,0.3,7266.0,6585.0,0.2196,-0.0094,0.0003,-0.2841,0.1174,-0.0077
2026-09-03T17:42:27Z,2026-09-03 17:41:31,SPXW,2026-09-04,C,7530.0,7740.4302,212.1,7.0,214.4,1.0,220.89,7.0,59.0,0.2282,0.9901,0.0003,-0.1941,0.1229,0.8162
2026-09-03T17:42:27Z,2026-09-03 17:41:31,SPXW,2026-09-04,P,7530.0,7740.4302,0.25,617.0,0.3,1.0,0.27,2015.0,1376.0,0.2151,-0.0098,0.0003,-0.2968,0.1229,-0.0081
2026-09-03T17:42:27Z,2026-09-03 17:41:31,SPXW,2026-09-04,C,7535.0,7740.4302,207.0,7.0,209.4,1.0,171.14,1.0,20.0,0.2234,0.9895,0.0003,-0.2104,0.1289,0.8163
2026-09-03T17:42:27Z,2026-09-03 17:41:31,SPXW,2026-09-04,P,7535.0,7740.4302,0.25,517.0,0.35,549.0,0.32,2452.0,1645.0,0.2129,-0.0104,0.0003,-0.3107,0.1289,-0.0086
2026-09-03T17:42:27Z,2026-09-03 17:41:31,SPXW,2026-09-04,C,7540.0,7740.4302,202.0,7.0,204.5,1.0,206.64,7.0,68.0,0.2149,0.9889,0.0003,-0.2281,0.1353,0.8164
2026-09-03T17:42:27Z,2026-09-03 17:41:31,SPXW,2026-09-04,P,7540.0,7740.4302,0.3,121.0,0.35,372.0,0.3,1048.0,1204.0,0.2104,-0.011,0.0003,-0.326,0.1353,-0.0091
2026-09-03T17:42:27Z,2026-09-03 17:41:31,SPXW,2026-09-04,C,7545.0,7740.4302,197.0,8.0,199.5,1.0,131.95,0.0,14.0,0.2199,0.9883,0.0003,-0.2472,0.1424,0.8164
2026-09-03T17:42:27Z,2026-09-03 17:41:31,SPXW,2026-09-04,P,7545.0,7740.4302,0.3,185.0,0.35,136.0,0.35,894.0,874.0,0.2058,-0.0117,0.0003,-0.3427,0.1424,-0.0096
2026-09-03T17:42:27Z,2026-09-03 17:41:31,SPXW,2026-09-04,C,7550.0,7740.4302,191.9,8.0,194.5,1.0,197.18,28.0,257.0,0.1923,0.9875,0.0004,-0.268,0.15,0.8163
2026-09-03T17:42:27Z,2026-09-03 17:41:31,SPXW,2026-09-04,P,7550.0,7740.4302,0.3,453.0,0.4,533.0,0.35,3561.0,4546.0,0.2032,-0.0124,0.0004,-0.3611,0.15,-0.0102
2026-09-03T17:42:27Z,2026-09-03 17:41:31,SPXW,2026-09-04,C,7555.0,7740.4302,187.2,7.0,189.8,1.0,164.45,2.0,58.0,0.2038,0.9867,0.0004,-0.2908,0.1584,0.8162
2026-09-03T17:42:27Z,2026-09-03 17:41:31,SPXW,2026-09-04,P,7555.0,7740.4302,0.35,57.0,0.4,369.0,0.35,993.0,1406.0,0.2004,-0.0132,0.0004,-0.3814,0.1584,-0.0109
2026-09-03T17:42:27Z,2026-09-03 17:41:31,SPXW,2026-09-04,C,7560.0,7740.4302,182.1,7.0,184.8,1.0,180.54,8.0,97.0,0.1989,0.9859,0.0004,-0.3156,0.1676,0.816
2026-09-03T17:42:27Z,2026-09-03 17:41:31,SPXW,2026-09-04,P,7560.0,7740.4302,0.35,180.0,0.4,91.0,0.37,1289.0,1048.0,0.1974,-0.0141,0.0004,-0.4039,0.1676,-0.0116
2026-09-03T17:42:27Z,2026-09-03 17:41:31,SPXW,2026-09-04,C,7565.0,7740.4302,177.1,7.0,179.8,1.0,140.23,6.0,78.0,0.1999,0.9849,0.0005,-0.343,0.1775,0.8158
2026-09-03T17:42:27Z,2026-09-03 17:41:31,SPXW,2026-09-04,P,7565.0,7740.4302,0.35,639.0,0.45,386.0,0.43,2167.0,1850.0,0.1943,-0.0151,0.0005,-0.4288,0.1775,-0.0124
2026-09-03T17:42:27Z,2026-09-03 17:41:31,SPXW,2026-09-04,C,7570.0,7740.4302,172.1,1.0,175.2,8.0,178.83,4.0,474.0,0.1821,0.9838,0.0005,-0.3731,0.1883,0.8154
2026-09-03T17:42:27Z,2026-09-03 17:41:31,SPXW,2026-09-04,P,7570.0,7740.4302,0.4,253.0,0.45,107.0,0.5,1559.0,1954.0,0.1895,-0.0162,0.0005,-0.4566,0.1883,-0.0134
2026-09-03T17:42:27Z,2026-09-03 17:41:31,SPXW,2026-09-04,C,7575.0,7740.4302,167.1,1.0,170.2,8.0,171.8,14.0,341.0,0.195,0.9826,0.0005,-0.4066,0.2,0.8149
2026-09-03T17:42:27Z,2026-09-03 17:41:31,SPXW,2026-09-04,P,7575.0,7740.4302,0.45,29.0,0.5,320.0,0.47,1230.0,2740.0,0.1876,-0.0174,0.0005,-0.4873,0.2001,-0.0144
2026-09-03T17:42:27Z,2026-09-03 17:41:31,SPXW,2026-09-04,C,7580.0,7740.4302,162.1,8.0,165.3,1.0,163.88,17.0,395.0,0.176,0.9812,0.0006,-0.4436,0.2129,0.8144
2026-09-03T17:42:27Z,2026-09-03 17:41:31,SPXW,2026-09-04,P,7580.0,7740.4302,0.45,457.0,0.55,546.0,0.51,1484.0,1195.0,0.1842,-0.0187,0.0006,-0.5222,0.2129,-0.0155
2026-09-03T17:42:27Z,2026-09-03 17:41:31,SPXW,2026-09-04,C,7585.0,7740.4302,157.4,7.0,159.9,1.0,117.54,44.0,137.0,0.1847,0.9797,0.0006,-0.4849,0.2272,0.8137
2026-09-03T17:42:27Z,2026-09-03 17:41:31,SPXW,2026-09-04,P,7585.0,7740.4302,0.5,141.0,0.55,93.0,0.55,958.0,673.0,0.1806,-0.0202,0.0006,-0.5611,0.2272,-0.0167
2026-09-03T17:42:27Z,2026-09-03 17:41:31,SPXW,2026-09-04,C,7590.0,7740.4302,152.3,7.0,155.0,1.0,151.22,50.0,171.0,0.184,0.978,0.0007,-0.5309,0.243,0.8128
2026-09-03T17:42:27Z,2026-09-03 17:41:31,SPXW,2026-09-04,P,7590.0,7740.4302,0.55,118.0,0.6,186.0,0.6,1652.0,1155.0,0.1781,-0.0219,0.0007,-0.6047,0.243,-0.0181
2026-09-03T17:42:27Z,2026-09-03 17:41:31,SPXW,2026-09-04,C,7595.0,7740.4302,147.5,7.0,150.0,1.0,153.57,9.0,56.0,0.1787,0.9762,0.0007,-0.5825,0.2602,0.8118
2026-09-03T17:42:27Z,2026-09-03 17:41:31,SPXW,2026-09-04,P,7595.0,7740.4302,0.6,129.0,0.65,182.0,0.65,3942.0,817.0,0.1753,-0.0238,0.0007,-0.6539,0.2602,-0.0197
2026-09-03T17:42:27Z,2026-09-03 17:41:31,SPXW,2026-09-04,C,7600.0,7740.4302,142.3,8.0,145.5,1.0,142.01,76.0,691.0,0.1754,0.974,0.0008,-0.6406,0.279,0.8105
2026-09-03T17:42:27Z,2026-09-03 17:41:31,SPXW,2026-09-04,P,7600.0,7740.4302,0.65,110.0,0.7,72.0,0.75,10165.0,6392.0,0.1724,-0.0259,0.0008,-0.7096,0.279,-0.0215
2026-09-03T17:42:27Z,2026-09-03 17:41:31,SPXW,2026-09-04,C,7605.0,7740.4302,137.5,8.0,140.2,1.0,146.76,68.0,112.0,0.1771,0.9716,0.0009,-0.7062,0.2997,0.8091
2026-09-03T17:42:27Z,2026-09-03 17:41:31,SPXW,2026-09-04,P,7605.0,7740.4302,0.7,394.0,0.8,377.0,0.75,1395.0,1179.0,0.1701,-0.0283,0.0009,-0.7727,0.2997,-0.0235
2026-09-03T17:42:27Z,2026-09-03 17:41:31,SPXW,2026-09-04,C,7610.0,7740.4302,132.6,7.0,135.2,1.0,135.82,44.0,159.0,0.1732,0.969,0.001,-0.7803,0.3227,0.8074
2026-09-03T17:42:27Z,2026-09-03 17:41:31,SPXW,2026-09-04,P,7610.0,7740.4302,0.8,100.0,0.85,183.0,0.86,5408.0,1346.0,0.1676,-0.031,0.001,-0.8444,0.3227,-0.0257
2026-09-03T17:42:27Z,2026-09-03 17:41:31,SPXW,2026-09-04,C,7615.0,7740.4302,127.5,8.0,130.0,1.0,135.8,128.0,235.0,0.1677,0.9659,0.0011,-0.8643,0.3481,0.8054
2026-09-03T17:42:27Z,2026-09-03 17:41:31,SPXW,2026-09-04,P,7615.0,7740.4302,0.85,313.0,0.95,307.0,0.9,1263.0,1044.0,0.1648,-0.034,0.0011,-0.926,0.3481,-0.0283
2026-09-03T17:42:27Z,2026-09-03 17:41:31,SPXW,2026-09-04,C,7620.0,7740.4302,122.6,8.0,125.1,1.0,128.49,61.0,361.0,0.1651,0.9624,0.0012,-0.9599,0.3758,0.803
2026-09-03T17:42:27Z,2026-09-03 17:41:31,SPXW,2026-09-04,P,7620.0,7740.4302,0.95,311.0,1.05,313.0,1.1,2220.0,1251.0,0.1626,-0.0375,0.0012,-1.0188,0.3755,-0.0312
2026-09-03T17:42:27Z,2026-09-03 17:41:31,SPXW,2026-09-04,C,7625.0,7740.4302,117.8,2.0,120.3,1.0,125.83,180.0,849.0,0.1647,0.9585,0.0013,-1.0692,0.4062,0.8002
2026-09-03T17:42:27Z,2026-09-03 17:41:31,SPXW,2026-09-04,P,7625.0,7740.4302,1.1,2.0,1.15,222.0,1.13,1589.0,1886.0,0.1605,-0.0414,0.0013,-1.1257,0.4059,-0.0345
2026-09-03T17:42:27Z,2026-09-03 17:41:31,SPXW,2026-09-04,C,7630.0,7740.4302,112.9,9.0,115.4,2.0,117.4,182.0,732.0,0.1551,0.9541,0.0014,-1.194,0.4398,0.7971
2026-09-03T17:42:27Z,2026-09-03 17:41:31,SPXW,2026-09-04,P,7630.0,7740.4302,1.2,97.0,1.3,382.0,1.35,2317.0,1843.0,0.1581,-0.0458,0.0014,-1.2481,0.4395,-0.0382
2026-09-03T17:42:27Z,2026-09-03 17:41:31,SPXW,2026-09-04,C,7635.0,7740.4302,108.0,9.0,110.5,1.0,107.98,286.0,419.0,0.1577,0.949,0.0016,-1.3369,0.477,0.7934
2026-09-03T17:42:27Z,2026-09-03 17:41:31,SPXW,2026-09-04,P,7635.0,7740.4302,1.35,68.0,1.4,51.0,1.45,1114.0,652.0,0.1558,-0.0509,0.0016,-1.389,0.477,-0.0425
2026-09-03T17:42:27Z,2026-09-03 17:41:31,SPXW,2026-09-04,C,7640.0,7740.4302,103.2,8.0,105.7,1.0,103.0,331.0,319.0,0.1507,0.9433,0.0017,-1.5012,0.5172,0.789
2026-09-03T17:42:27Z,2026-09-03 17:41:31,SPXW,2026-09-04,P,7640.0,7740.4302,1.5,148.0,1.6,279.0,1.6,1719.0,1379.0,0.1531,-0.0566,0.0017,-1.5508,0.5172,-0.0473
2026-09-03T17:42:27Z,2026-09-03 17:41:31,SPXW,2026-09-04,C,7645.0,7740.4302,99.1,5.0,100.7,4.0,98.3,1528.0,274.0,0.1498,0.9368,0.0019,-1.6901,0.561,0.7842
2026-09-03T17:42:27Z,2026-09-03 17:41:31,SPXW,2026-09-04,P,7645.0,7740.4302,1.7,63.0,1.75,62.0,1.73,996.0,566.0,0.1511,-0.0631,0.0019,-1.7373,0.561,-0.0528
2026-09-03T17:42:27Z,2026-09-03 17:41:31,SPXW,2026-09-04,C,7650.0,7740.4302,94.3,5.0,95.9,4.0,93.57,1817.0,1675.0,0.1474,0.9294,0.0021,-1.9072,0.6093,0.7785
2026-09-03T17:42:27Z,2026-09-03 17:41:31,SPXW,2026-09-04,P,7650.0,7740.4302,1.9,131.0,2.0,181.0,2.0,6461.0,4096.0,0.1491,-0.0705,0.0021,-1.952,0.6093,-0.059
2026-09-03T17:42:27Z,2026-09-03 17:41:31,SPXW,2026-09-04,C,7655.0,7740.4302,89.6,1.0,91.2,4.0,93.95,162.0,361.0,0.1445,0.9211,0.0024,-2.1572,0.6614,0.7719
2026-09-03T17:42:27Z,2026-09-03 17:41:31,SPXW,2026-09-04,P,7655.0,7740.4302,2.15,95.0,2.25,170.0,2.25,1209.0,660.0,0.1465,-0.0789,0.0024,-2.1996,0.6614,-0.0661
2026-09-03T17:42:27Z,2026-09-03 17:41:31,SPXW,2026-09-04,C,7660.0,7740.4302,84.9,1.0,86.5,4.0,83.88,217.0,541.0,0.1428,0.9116,0.0026,-2.4454,0.717,0.7645
2026-09-03T17:42:27Z,2026-09-03 17:41:31,SPXW,2026-09-04,P,7660.0,7740.4302,2.45,15.0,2.5,129.0,2.54,2099.0,724.0,0.1447,-0.0883,0.0026,-2.4854,0.717,-0.0741
2026-09-03T17:42:27Z,2026-09-03 17:41:31,SPXW,2026-09-04,C,7665.0,7740.4302,80.2,4.0,81.8,4.0,79.65,217.0,582.0,0.1412,0.9009,0.0029,-2.7765,0.7776,0.756
2026-09-03T17:42:27Z,2026-09-03 17:41:31,SPXW,2026-09-04,P,7665.0,7740.4302,2.75,85.0,2.85,158.0,2.89,3366.0,1256.0,0.1426,-0.099,0.0029,-2.8141,0.7776,-0.0831
2026-09-03T17:42:27Z,2026-09-03 17:41:31,SPXW,2026-09-04,C,7670.0,7740.4302,75.6,4.0,77.1,4.0,75.05,355.0,1040.0,0.1396,0.8889,0.0032,-3.1575,0.8415,0.7462
2026-09-03T17:42:27Z,2026-09-03 17:41:31,SPXW,2026-09-04,P,7670.0,7740.4302,3.1,100.0,3.2,107.0,3.2,2470.0,1308.0,0.1406,-0.1111,0.0032,-3.1927,0.8415,-0.0934
2026-09-03T17:42:27Z,2026-09-03 17:41:31,SPXW,2026-09-04,C,7675.0,7740.4302,71.1,4.0,72.6,4.0,72.02,775.0,1388.0,0.1373,0.8753,0.0035,-3.5949,0.9088,0.7354
2026-09-03T17:42:27Z,2026-09-03 17:41:31,SPXW,2026-09-04,P,7675.0,7740.4302,3.5,202.0,3.6,8.0,3.7,3180.0,2534.0,0.1389,-0.1246,0.0035,-3.6277,0.9088,-0.1048
2026-09-03T17:42:27Z,2026-09-03 17:41:31,SPXW,2026-09-04,C,7680.0,7740.4302,66.5,1.0,68.0,4.0,67.02,1288.0,2021.0,0.1351,0.8602,0.0038,-4.0955,0.9802,0.7231
2026-09-03T17:42:27Z,2026-09-03 17:41:31,SPXW,2026-09-04,P,7680.0,7740.4302,4.0,76.0,4.1,40.0,4.1,2771.0,1776.0,0.137,-0.1397,0.0038,-4.1258,0.9802,-0.1177
2026-09-03T17:42:27Z,2026-09-03 17:41:31,SPXW,2026-09-04,C,7685.0,7740.4302,62.0,4.0,63.5,4.0,61.25,1478.0,653.0,0.1337,0.8434,0.0042,-4.6676,1.0532,0.7092
2026-09-03T17:42:27Z,2026-09-03 17:41:31,SPXW,2026-09-04,P,7685.0,7740.4302,4.6,8.0,4.7,117.0,4.8,2304.0,447.0,0.1346,-0.1566,0.0042,-4.6955,1.0532,-0.1321
2026-09-03T17:42:27Z,2026-09-03 17:41:31,SPXW,2026-09-04,C,7690.0,7740.4302,57.7,4.0,59.0,1.0,58.21,1049.0,708.0,0.1316,0.8246,0.0045,-5.3172,1.1287,0.694
2026-09-03T17:42:27Z,2026-09-03 17:41:31,SPXW,2026-09-04,P,7690.0,7740.4302,5.2,53.0,5.3,103.0,5.6,3169.0,509.0,0.1333,-0.1753,0.0045,-5.3427,1.1287,-0.1479
2026-09-03T17:42:27Z,2026-09-03 17:41:31,SPXW,2026-09-04,C,7695.0,7740.4302,53.4,4.0,54.8,4.0,54.9,1387.0,751.0,0.13,0.804,0.0049,-6.0512,1.2051,0.6768
2026-09-03T17:42:27Z,2026-09-03 17:41:31,SPXW,2026-09-04,P,7695.0,7740.4302,5.9,54.0,6.0,36.0,6.0,2999.0,562.0,0.1312,-0.196,0.0049,-6.0742,1.2051,-0.1657
2026-09-03T17:42:27Z,2026-09-03 17:41:31,SPXW,2026-09-04,C,7700.0,7740.4302,49.2,4.0,50.5,14.0,48.72,4623.0,4723.0,0.1289,0.7813,0.0053,-6.8721,1.2807,0.6581
2026-09-03T17:42:27Z,2026-09-03 17:41:31,SPXW,2026-09-04,P,7700.0,7740.4302,6.7,88.0,6.9,119.0,6.8,8927.0,3395.0,0.1293,-0.2187,0.0053,-6.8928,1.2807,-0.1848
2026-09-03T17:42:27Z,2026-09-03 17:41:31,SPXW,2026-09-04,C,7705.0,7740.4302,45.3,13.0,46.3,14.0,44.4,2214.0,679.0,0.1277,0.7564,0.0057,-7.7766,1.3559,0.6373
2026-09-03T17:42:27Z,2026-09-03 17:41:31,SPXW,2026-09-04,P,7705.0,7740.4302,7.6,108.0,7.8,106.0,7.7,2206.0,352.0,0.1277,-0.2435,0.0057,-7.7949,1.3559,-0.2062
2026-09-03T17:42:27Z,2026-09-03 17:41:31,SPXW,2026-09-04,C,7710.0,7740.4302,41.4,15.0,42.4,15.0,40.78,3807.0,1141.0,0.1259,0.7295,0.0061,-8.7542,1.4269,0.615
2026-09-03T17:42:27Z,2026-09-03 17:41:31,SPXW,2026-09-04,P,7710.0,7740.4302,8.7,35.0,8.8,42.0,8.93,2249.0,901.0,0.1259,-0.2705,0.0061,-8.7701,1.4269,-0.2291
2026-09-03T17:42:27Z,2026-09-03 17:41:31,SPXW,2026-09-04,C,7715.0,7740.4302,38.0,1.0,38.2,15.0,36.0,3181.0,2424.0,0.1246,0.7003,0.0065,-9.7763,1.4946,0.5905
2026-09-03T17:42:27Z,2026-09-03 17:41:31,SPXW,2026-09-04,P,7715.0,7740.4302,9.9,3.0,10.0,47.0,10.1,1920.0,479.0,0.124,-0.2996,0.0065,-9.7897,1.4946,-0.2541
2026-09-03T17:42:27Z,2026-09-03 17:41:31,SPXW,2026-09-04,C,7720.0,7740.4302,34.3,19.0,34.5,3.0,34.2,4580.0,1468.0,0.1228,0.669,0.0069,-10.8013,1.5548,0.5643
2026-09-03T17:42:27Z,2026-09-03 17:41:31,SPXW,2026-09-04,P,7720.0,7740.4302,11.2,6.0,11.3,42.0,11.3,2962.0,873.0,0.1225,-0.331,0.0069,-10.8123,1.5548,-0.2808
2026-09-03T17:42:27Z,2026-09-03 17:41:31,SPXW,2026-09-04,C,7725.0,7740.4302,30.8,5.0,30.9,5.0,30.7,4239.0,3133.0,0.1212,0.6355,0.0072,-11.7617,1.6078,0.5361
2026-09-03T17:42:27Z,2026-09-03 17:41:31,SPXW,2026-09-04,P,7725.0,7740.4302,12.7,2.0,12.8,69.0,12.85,3419.0,1643.0,0.1206,-0.3644,0.0072,-11.7703,1.6078,-0.3096
2026-09-03T17:42:27Z,2026-09-03 17:41:31,SPXW,2026-09-04,C,7730.0,7740.4302,27.4,34.0,27.6,5.0,27.4,3879.0,1025.0,0.1195,0.6,0.0076,-12.5754,1.6501,0.5064
2026-09-03T17:42:27Z,2026-09-03 17:41:31,SPXW,2026-09-04,P,7730.0,7740.4302,14.3,23.0,14.5,65.0,14.42,3754.0,376.0,0.1193,-0.3999,0.0076,-12.5816,1.6501,-0.3398
2026-09-03T17:42:27Z,2026-09-03 17:41:31,SPXW,2026-09-04,C,7735.0,7740.4302,24.3,4.0,24.4,6.0,24.1,2897.0,640.0,0.118,0.5627,0.0078,-13.1478,1.681,0.4748
2026-09-03T17:42:27Z,2026-09-03 17:41:31,SPXW,2026-09-04,P,7735.0,7740.4302,16.1,17.0,16.3,60.0,16.2,1331.0,227.0,0.1174,-0.4372,0.0078,-13.1516,1.681,-0.372
2026-09-03T17:42:27Z,2026-09-03 17:41:31,SPXW,2026-09-04,C,7740.0,7740.4302,21.3,39.0,21.4,6.0,21.5,5002.0,1089.0,0.1162,0.5238,0.008,-13.3894,1.6978,0.4422
2026-09-03T17:42:27Z,2026-09-03 17:41:31,SPXW,2026-09-04,P,7740.0,7740.4302,18.1,22.0,18.3,41.0,18.3,3013.0,661.0,0.116,-0.4762,0.008,-13.3908,1.6978,-0.4052
2026-09-03T17:42:27Z,2026-09-03 17:41:31,SPXW,2026-09-04,C,7745.0,7740.4302,18.5,66.0,18.7,13.0,18.6,3940.0,1555.0,0.1151,0.4836,0.0081,-13.2388,1.6993,0.4079
2026-09-03T17:42:27Z,2026-09-03 17:41:31,SPXW,2026-09-04,P,7745.0,7740.4302,20.4,5.0,20.5,28.0,20.81,2101.0,217.0,0.1146,-0.5164,0.0081,-13.2378,1.6993,-0.44
2026-09-03T17:42:27Z,2026-09-03 17:41:31,SPXW,2026-09-04,C,7750.0,7740.4302,16.0,47.0,16.1,7.0,16.05,10128.0,5368.0,0.1133,0.4424,0.0082,-12.6779,1.6843,0.3734
2026-09-03T17:42:27Z,2026-09-03 17:41:31,SPXW,2026-09-04,P,7750.0,7740.4302,22.8,19.0,23.0,32.0,23.0,2416.0,3284.0,0.1131,-0.5575,0.0082,-12.6745,1.6843,-0.475
2026-09-03T17:42:27Z,2026-09-03 17:41:31,SPXW,2026-09-04,C,7755.0,7740.4302,13.7,20.0,13.8,7.0,13.7,4592.0,1597.0,0.1121,0.4009,0.0081,-11.7477,1.6516,0.3381
2026-09-03T17:42:27Z,2026-09-03 17:41:31,SPXW,2026-09-04,P,7755.0,7740.4302,25.5,7.0,25.6,6.0,25.9,686.0,163.0,0.1116,-0.599,0.0081,-11.7419,1.6516,-0.5108
2026-09-03T17:42:27Z,2026-09-03 17:41:31,SPXW,2026-09-04,C,7760.0,7740.4302,11.5,77.0,11.7,28.0,11.3,4601.0,1311.0,0.1108,0.3596,0.0079,-10.541,1.6018,0.3032
2026-09-03T17:42:27Z,2026-09-03 17:41:31,SPXW,2026-09-04,P,7760.0,7740.4302,28.3,7.0,28.5,18.0,29.88,608.0,288.0,0.1103,-0.6404,0.0079,-10.5327,1.6018,-0.5463
2026-09-03T17:42:27Z,2026-09-03 17:41:31,SPXW,2026-09-04,C,7765.0,7740.4302,9.6,83.0,9.8,23.0,9.29,2655.0,862.0,0.1094,0.3191,0.0076,-9.1804,1.5352,0.269
2026-09-03T17:42:27Z,2026-09-03 17:41:31,SPXW,2026-09-04,P,7765.0,7740.4302,31.5,3.0,31.7,20.0,32.7,351.0,112.0,0.1089,-0.6808,0.0076,-9.1697,1.5352,-0.581
2026-09-03T17:42:27Z,2026-09-03 17:41:31,SPXW,2026-09-04,C,7770.0,7740.4302,8.0,45.0,8.1,10.0,8.07,3621.0,1292.0,0.1082,0.2801,0.0073,-7.7932,1.4533,0.2358
2026-09-03T17:42:27Z,2026-09-03 17:41:31,SPXW,2026-09-04,P,7770.0,7740.4302,34.7,13.0,35.0,13.0,36.98,342.0,281.0,0.1078,-0.7199,0.0073,-7.78,1.4533,-0.6148
2026-09-03T17:42:27Z,2026-09-03 17:41:31,SPXW,2026-09-04,C,7775.0,7740.4302,6.5,98.0,6.7,114.0,6.62,3634.0,1985.0,0.1071,0.2431,0.0068,-6.4787,1.3595,0.2047
2026-09-03T17:42:27Z,2026-09-03 17:41:31,SPXW,2026-09-04,P,7775.0,7740.4302,37.8,5.0,39.1,4.0,37.7,229.0,314.0,0.107,-0.7568,0.0068,-6.4631,1.3595,-0.6465
2026-09-03T17:42:27Z,2026-09-03 17:41:31,SPXW,2026-09-04,C,7780.0,7740.4302,5.3,85.0,5.4,10.0,5.4,3435.0,1256.0,0.1064,0.2088,0.0063,-5.3028,1.2552,0.1756
2026-09-03T17:42:27Z,2026-09-03 17:41:31,SPXW,2026-09-04,P,7780.0,7740.4302,41.3,9.0,42.9,13.0,39.9,70.0,157.0,0.1067,-0.7911,0.0063,-5.2849,1.2552,-0.6761
2026-09-03T17:42:27Z,2026-09-03 17:41:31,SPXW,2026-09-04,C,7785.0,7740.4302,4.2,135.0,4.4,137.0,4.2,2483.0,1035.0,0.1056,0.1776,0.0058,-4.292,1.146,0.1491
2026-09-03T17:42:27Z,2026-09-03 17:41:31,SPXW,2026-09-04,P,7785.0,7740.4302,45.4,9.0,46.8,13.0,47.3,32.0,83.0,0.1064,-0.8224,0.0058,-4.2716,1.146,-0.7032
2026-09-03T17:42:27Z,2026-09-03 17:41:31,SPXW,2026-09-04,C,7790.0,7740.4302,3.3,129.0,3.5,134.0,3.3,3031.0,990.0,0.1051,0.1496,0.0052,-3.4489,1.0344,0.1256
2026-09-03T17:42:27Z,2026-09-03 17:41:31,SPXW,2026-09-04,P,7790.0,7740.4302,49.5,9.0,50.9,4.0,48.0,54.0,164.0,0.1055,-0.8503,0.0052,-3.4261,1.0344,-0.7272
2026-09-03T17:42:27Z,2026-09-03 17:41:31,SPXW,2026-09-04,C,7795.0,7740.4302,2.7,22.0,2.75,16.0,2.65,2314.0,1283.0,0.1048,0.1252,0.0046,-2.7605,0.9243,0.1049
2026-09-03T17:42:27Z,2026-09-03 17:41:31,SPXW,2026-09-04,P,7795.0,7740.4302,53.6,9.0,55.3,13.0,55.4,17.0,66.0,0.1047,-0.8747,0.0046,-2.7353,0.9243,-0.7485
2026-09-03T17:42:27Z,2026-09-03 17:41:31,SPXW,2026-09-04,C,7800.0,7740.4302,2.1,141.0,2.2,162.0,2.1,6886.0,5578.0,0.1045,0.1042,0.004,-2.2072,0.8198,0.0872
2026-09-03T17:42:27Z,2026-09-03 17:41:31,SPXW,2026-09-04,P,7800.0,7740.4302,58.1,4.0,59.6,3.0,59.0,89.0,820.0,0.1054,-0.8957,0.004,-2.1796,0.8198,-0.7667
2026-09-03T17:42:27Z,2026-09-03 17:41:31,SPXW,2026-09-04,C,7805.0,7740.4302,1.65,129.0,1.75,179.0,1.65,3109.0,1064.0,0.1046,0.0865,0.0035,-1.7687,0.7219,0.0724
2026-09-03T17:42:27Z,2026-09-03 17:41:31,SPXW,2026-09-04,P,7805.0,7740.4302,62.6,7.0,64.2,4.0,59.44,7.0,180.0,0.1064,-0.9134,0.0035,-1.7387,0.7219,-0.7821
2026-09-03T17:42:27Z,2026-09-03 17:41:31,SPXW,2026-09-04,C,7810.0,7740.4302,1.3,163.0,1.4,231.0,1.31,4066.0,2570.0,0.105,0.0718,0.003,-1.4241,0.6338,0.0599
2026-09-03T17:42:27Z,2026-09-03 17:41:31,SPXW,2026-09-04,P,7810.0,7740.4302,67.2,8.0,68.8,4.0,68.56,22.0,148.0,0.1054,-0.9281,0.003,-1.3917,0.6338,-0.7951
2026-09-03T17:42:27Z,2026-09-03 17:41:31,SPXW,2026-09-04,C,7815.0,7740.4302,1.05,1.0,1.1,179.0,1.05,2005.0,986.0,0.105,0.0598,0.0026,-1.1556,0.5551,0.0498
2026-09-03T17:42:27Z,2026-09-03 17:41:31,SPXW,2026-09-04,P,7815.0,7740.4302,71.9,5.0,73.6,1.0,71.97,1.0,185.0,0.1066,-0.9402,0.0026,-1.1208,0.5551,-0.8057
2026-09-03T17:42:27Z,2026-09-03 17:41:31,SPXW,2026-09-04,C,7820.0,7740.4302,0.8,293.0,0.9,155.0,0.85,15398.0,3518.0,0.106,0.05,0.0022,-0.947,0.4867,0.0415
2026-09-03T17:42:27Z,2026-09-03 17:41:31,SPXW,2026-09-04,P,7820.0,7740.4302,76.7,4.0,78.4,1.0,73.01,11.0,74.0,0.1091,-0.95,0.0022,-0.9097,0.4867,-0.8146
2026-09-03T17:42:27Z,2026-09-03 17:41:31,SPXW,2026-09-04,C,7825.0,7740.4302,0.65,293.0,0.7,8.0,0.67,13798.0,3450.0,0.1074,0.0421,0.0019,-0.785,0.4274,0.035
2026-09-03T17:42:27Z,2026-09-03 17:41:31,SPXW,2026-09-04,P,7825.0,7740.4302,81.5,5.0,83.2,4.0,147.22,0.0,192.0,0.111,-0.9579,0.0019,-0.7453,0.4274,-0.8217
2026-09-03T17:42:27Z,2026-09-03 17:41:31,SPXW,2026-09-04,C,7830.0,7740.4302,0.55,178.0,0.6,42.0,0.57,10132.0,1761.0,0.1096,0.0357,0.0016,-0.6586,0.3769,0.0296
2026-09-03T17:42:27Z,2026-09-03 17:41:31,SPXW,2026-09-04,P,7830.0,7740.4302,86.5,4.0,88.2,5.0,86.5,4.0,12.0,0.1122,-0.9643,0.0016,-0.6165,0.3769,-0.8276
2026-09-03T17:42:27Z,2026-09-03 17:41:31,SPXW,2026-09-04,C,7835.0,7740.4302,0.45,468.0,0.55,511.0,0.5,7561.0,2392.0,0.112,0.0305,0.0014,-0.5597,0.3338,0.0253
2026-09-03T17:42:27Z,2026-09-03 17:41:31,SPXW,2026-09-04,P,7835.0,7740.4302,91.4,4.0,93.1,5.0,92.55,4.0,2.0,0.1159,-0.9694,0.0014,-0.5152,0.3338,-0.8325
2026-09-03T17:42:27Z,2026-09-03 17:41:31,SPXW,2026-09-04,C,7840.0,7740.4302,0.4,227.0,0.45,127.0,0.4,2322.0,892.0,0.1141,0.0263,0.0012,-0.4815,0.2971,0.0218
2026-09-03T17:42:27Z,2026-09-03 17:41:31,SPXW,2026-09-04,P,7840.0,7740.4302,96.2,5.0,97.9,4.0,105.34,1.0,20.0,0.1156,-0.9736,0.0012,-0.4346,0.2971,-0.8365
2026-09-03T17:42:27Z,2026-09-03 17:41:31,SPXW,2026-09-04,C,7845.0,7740.4302,0.35,170.0,0.4,129.0,0.4,3709.0,1098.0,0.1167,0.0229,0.0011,-0.4191,0.266,0.0189
2026-09-03T17:42:27Z,2026-09-03 17:41:31,SPXW,2026-09-04,P,7845.0,7740.4302,101.2,1.0,103.4,1.0,100.62,9.0,15.0,0.1185,-0.977,0.0011,-0.3698,0.266,-0.8399
2026-09-03T17:42:27Z,2026-09-03 17:41:31,SPXW,2026-09-04,C,7850.0,7740.4302,0.3,454.0,0.35,62.0,0.32,2480.0,5694.0,0.1189,0.0201,0.0009,-0.369,0.2394,0.0166
2026-09-03T17:42:27Z,2026-09-03 17:41:31,SPXW,2026-09-04,P,7850.0,7740.4302,106.1,1.0,108.3,7.0,103.41,23.0,92.0,0.1211,-0.9798,0.0009,-0.3172,0.2394,-0.8428
2026-09-03T17:42:27Z,2026-09-03 17:41:31,SPXW,2026-09-04,C,7855.0,7740.4302,0.3,8.0,0.35,673.0,0.32,174.0,1518.0,0.1237,0.0178,0.0008,-0.3286,0.2166,0.0147
2026-09-03T17:42:27Z,2026-09-03 17:41:31,SPXW,2026-09-04,P,7855.0,7740.4302,111.1,1.0,113.4,7.0,120.35,50.0,5.0,0.1171,-0.9821,0.0008,-0.2741,0.2166,-0.8452
2026-09-03T17:42:27Z,2026-09-03 17:41:31,SPXW,2026-09-04,C,7860.0,7740.4302,0.25,280.0,0.3,194.0,0.3,453.0,1276.0,0.1254,0.0159,0.0007,-0.2949,0.1971,0.0131
2026-09-03T17:42:27Z,2026-09-03 17:41:31,SPXW,2026-09-04,P,7860.0,7740.4302,116.1,1.0,118.4,8.0,116.41,53.0,25.0,0.1129,-0.984,0.0007,-0.2382,0.1971,-0.8474
2026-09-03T17:42:27Z,2026-09-03 17:41:31,SPXW,2026-09-04,C,7865.0,7740.4302,0.25,56.0,0.3,561.0,0.27,460.0,749.0,0.1299,0.0143,0.0006,-0.2672,0.1803,0.0117
2026-09-03T17:42:27Z,2026-09-03 17:41:31,SPXW,2026-09-04,P,7865.0,7740.4302,121.1,1.0,123.3,7.0,164.87,2.0,0.0,0.1174,-0.9856,0.0007,-0.2082,0.1803,-0.8493
2026-09-03T17:42:27Z,2026-09-03 17:41:31,SPXW,2026-09-04,C,7870.0,7740.4302,0.2,572.0,0.3,632.0,0.25,548.0,802.0,0.1328,0.0129,0.0006,-0.2441,0.1656,0.0106
2026-09-03T17:42:27Z,2026-09-03 17:41:31,SPXW,2026-09-04,P,7870.0,7740.4302,126.0,1.0,128.2,7.0,123.14,5.0,17.0,0.1151,-0.987,0.0006,-0.1829,0.1658,-0.8509
2026-09-03T17:42:27Z,2026-09-03 17:41:31,SPXW,2026-09-04,C,7875.0,7740.4302,0.2,314.0,0.25,214.0,0.25,318.0,1108.0,0.1353,0.0118,0.0005,-0.2246,0.1529,0.0097
2026-09-03T17:42:27Z,2026-09-03 17:41:31,SPXW,2026-09-04,P,7875.0,7740.4302,131.0,1.0,133.2,7.0,171.45,2.0,167.0,0.1263,-0.9881,0.0005,-0.1611,0.1531,-0.8524
2026-09-03T17:42:27Z,2026-09-03 17:41:31,SPXW,2026-09-04,C,7880.0,7740.4302,0.2,121.0,0.25,505.0,0.2,3191.0,2952.0,0.1397,0.0108,0.0005,-0.2082,0.1418,0.0089
2026-09-03T17:42:27Z,2026-09-03 17:41:31,SPXW,2026-09-04,P,7880.0,7740.4302,136.0,1.0,138.2,7.0,240.01,0.0,55.0,0.1402,-0.9891,0.0005,-0.1423,0.142,-0.8538
2026-09-03T17:42:27Z,2026-09-03 17:41:31,SPXW,2026-09-04,C,7885.0,7740.4302,0.2,41.0,0.25,551.0,0.21,6375.0,820.0,0.144,0.01,0.0004,-0.1946,0.1324,0.0082
2026-09-03T17:42:27Z,2026-09-03 17:41:31,SPXW,2026-09-04,P,7885.0,7740.4302,141.0,1.0,143.3,7.0,181.82,2.0,0.0,0.1352,-0.99,0.0004,-0.126,0.1324,-0.855
2026-09-03T17:42:27Z,2026-09-03 17:41:31,SPXW,2026-09-04,C,7890.0,7740.4302,0.15,817.0,0.25,669.0,0.2,246.0,1649.0,0.1462,0.0092,0.0004,-0.1826,0.1238,0.0076
2026-09-03T17:42:27Z,2026-09-03 17:41:31,SPXW,2026-09-04,P,7890.0,7740.4302,146.0,1.0,148.3,7.0,247.13,0.0,10.0,0.1326,-0.9907,0.0004,-0.1116,0.1238,-0.8562
2026-09-03T17:42:27Z,2026-09-03 17:41:31,SPXW,2026-09-04,C,7895.0,7740.4302,0.15,772.0,0.25,675.0,0.2,196.0,485.0,0.1505,0.0086,0.0004,-0.1722,0.1162,0.007
2026-09-03T17:42:27Z,2026-09-03 17:41:31,SPXW,2026-09-04,P,7895.0,7740.4302,151.0,1.0,153.3,7.0,215.66,0.0,4.0,0.137,-0.9914,0.0004,-0.0988,0.1162,-0.8573
2026-09-03T17:42:27Z,2026-09-03 17:41:31,SPXW,2026-09-04,C,7900.0,7740.4302,0.15,520.0,0.2,100.0,0.2,9870.0,17805.0,0.1523,0.008,0.0003,-0.1632,0.1094,0.0066
2026-09-03T17:42:27Z,2026-09-03 17:41:31,SPXW,2026-09-04,P,7900.0,7740.4302,155.9,1.0,158.3,7.0,156.35,17.0,34.0,0.1305,-0.9919,0.0003,-0.0873,0.1094,-0.8583
2026-09-03T17:42:27Z,2026-09-03 17:41:31,SPXW,2026-09-04,C,7905.0,7740.4302,0.15,354.0,0.2,332.0,0.2,25.0,499.0,0.1565,0.0075,0.0003,-0.1552,0.1033,0.0062
2026-09-03T17:42:27Z,2026-09-03 17:41:31,SPXW,2026-09-04,P,7905.0,7740.4302,160.9,1.0,163.3,7.0,161.32,1.0,0.0,0.1584,-0.9924,0.0003,-0.0769,0.1033,-0.8592
2026-09-03T17:42:27Z,2026-09-03 17:41:31,SPXW,2026-09-04,C,7910.0,7740.4302,0.15,278.0,0.2,377.0,0.17,333.0,472.0,0.1607,0.0071,0.0003,-0.1482,0.0978,0.0058
2026-09-03T17:42:27Z,2026-09-03 17:41:31,SPXW,2026-09-04,P,7910.0,7740.4302,165.9,1.0,168.2,1.0,166.37,5.0,3.0,0.1629,-0.9928,0.0003,-0.0675,0.0978,-0.8602
2026-09-03T17:42:27Z,2026-09-03 17:41:31,SPXW,2026-09-04,C,7915.0,7740.4302,0.15,123.0,0.2,572.0,0.2,111.0,436.0,0.1649,0.0067,0.0003,-0.1419,0.0929,0.0055
2026-09-03T17:42:27Z,2026-09-03 17:41:31,SPXW,2026-09-04,P,7915.0,7740.4302,170.9,1.0,173.3,7.0,171.32,2.0,5.0,0.1617,-0.9932,0.0003,-0.0588,0.0929,-0.861
2026-09-03T17:42:27Z,2026-09-03 17:41:31,SPXW,2026-09-04,C,7920.0,7740.4302,0.15,68.0,0.2,660.0,0.15,13.0,732.0,0.169,0.0063,0.0002,-0.1363,0.0884,0.0052
2026-09-03T17:42:27Z,2026-09-03 17:41:31,SPXW,2026-09-04,P,7920.0,7740.4302,175.6,1.0,178.3,7.0,176.95,2.0,1.0,0.1661,-0.9936,0.0002,-0.0508,0.0884,-0.8619
2026-09-03T17:42:27Z,2026-09-03 17:41:31,SPXW,2026-09-04,C,7925.0,7740.4302,0.15,38.0,0.2,732.0,0.1,3259.0,2494.0,0.1732,0.006,0.0002,-0.1313,0.0844,0.0049
2026-09-03T17:42:27Z,2026-09-03 17:41:31,SPXW,2026-09-04,P,7925.0,7740.4302,180.6,1.0,183.3,7.0,182.7,2.0,4.0,0.1705,-0.9939,0.0002,-0.0434,0.0844,-0.8627
2026-09-03T17:42:27Z,2026-09-03 17:41:31,SPXW,2026-09-04,C,7930.0,7740.4302,0.1,804.0,0.2,722.0,0.15,62.0,949.0,0.1742,0.0057,0.0002,-0.1268,0.0806,0.0047
2026-09-03T17:42:27Z,2026-09-03 17:41:31,SPXW,2026-09-04,P,7930.0,7740.4302,185.6,1.0,188.3,7.0,252.62,0.0,8.0,0.1749,-0.9942,0.0002,-0.0364,0.0806,-0.8635
2026-09-03T17:42:27Z,2026-09-03 17:41:31,SPXW,2026-09-04,C,7935.0,7740.4302,0.1,793.0,0.2,698.0,0.15,79.0,273.0,0.1783,0.0055,0.0002,-0.1227,0.0772,0.0044
2026-09-03T17:42:27Z,2026-09-03 17:41:31,SPXW,2026-09-04,P,7935.0,7740.4302,189.0,1.0,196.2,1.0,257.4,0.0,1.0,0.2412,-0.9945,0.0002,-0.0299,0.0772,-0.8642
2026-09-03T17:42:27Z,2026-09-03 17:41:31,SPXW,2026-09-04,C,7940.0,7740.4302,0.1,850.0,0.15,54.0,0.15,53.0,809.0,0.1787,0.0052,0.0002,-0.119,0.0741,0.0042
2026-09-03T17:42:27Z,2026-09-03 17:41:31,SPXW,2026-09-04,P,7940.0,7740.4302,194.0,1.0,201.2,1.0,296.55,0.0,3.0,0.2511,-0.9947,0.0002,-0.0238,0.0741,-0.865
2026-09-03T17:42:27Z,2026-09-03 17:41:31,SPXW,2026-09-04,C,7950.0,7740.4302,0.1,681.0,0.15,148.0,0.12,189.0,4404.0,0.1866,0.0048,0.0002,-0.1126,0.0685,0.0039
2026-09-03T17:42:27Z,2026-09-03 17:41:31,SPXW,2026-09-04,P,7950.0,7740.4302,200.3,1.0,214.1,1.0,271.77,0.0,13.0,0.2616,-0.9951,0.0002,-0.0126,0.0685,-0.8664
2026-09-03T17:42:27Z,2026-09-03 17:41:31,SPXW,2026-09-04,C,7960.0,7740.4302,0.1,458.0,0.15,374.0,0.12,7.0,552.0,0.1945,0.0044,0.0002,-0.1072,0.0637,0.0036
2026-09-03T17:42:27Z,2026-09-03 17:41:31,SPXW,2026-09-04,P,7960.0,7740.4302,209.9,1.0,223.6,1.0,316.8,0.0,3.0,0.2558,-0.9955,0.0002,-0.0024,0.0637,-0.8678
2026-09-03T17:42:27Z,2026-09-03 17:41:31,SPXW,2026-09-04,C,7970.0,7740.4302,0.1,290.0,0.15,558.0,0.15,512.0,359.0,0.2024,0.0041,0.0001,-0.1027,0.0596,0.0034
2026-09-03T17:42:27Z,2026-09-03 17:41:31,SPXW,2026-09-04,P,7970.0,7740.4302,217.1,1.0,238.0,1.0,291.85,0.0,35.0,0.2788,-0.9958,0.0001,0.0,0.0596,-0.8692
2026-09-03T17:42:27Z,2026-09-03 17:41:31,SPXW,2026-09-04,C,7975.0,7740.4302,0.1,102.0,0.15,589.0,0.15,255.0,612.0,0.2063,0.004,0.0001,-0.1006,0.0577,0.0032
2026-09-03T17:42:27Z,2026-09-03 17:41:31,SPXW,2026-09-04,P,7975.0,7740.4302,222.1,1.0,241.1,1.0,269.04,2.0,2.0,0.2385,-0.9959,0.0001,0.0,0.0577,-0.8698
2026-09-03T17:42:27Z,2026-09-03 17:41:31,SPXW,2026-09-04,C,7980.0,7740.4302,0.05,836.0,0.1,7.0,0.1,3052.0,474.0,0.1996,0.0039,0.0001,-0.0988,0.056,0.0032
2026-09-03T17:42:27Z,2026-09-03 17:41:31,SPXW,2026-09-04,P,7980.0,7740.4302,228.9,1.0,247.7,1.0,335.88,0.0,51.0,0.2835,-0.9961,0.0001,0.0,0.056,-0.8705
2026-09-03T17:42:27Z,2026-09-03 17:41:31,SPXW,2026-09-04,C,7990.0,7740.4302,0.05,829.0,0.15,691.0,0.1,55.0,346.0,0.213,0.0036,0.0001,-0.0955,0.0528,0.003
2026-09-03T17:42:27Z,2026-09-03 17:41:31,SPXW,2026-09-04,P,7990.0,7740.4302,238.1,1.0,257.5,1.0,319.15,0.0,35.0,0.271,-0.9963,0.0001,0.0,0.0528,-0.8717
2026-09-03T17:42:27Z,2026-09-03 17:41:31,SPXW,2026-09-04,C,8000.0,7740.4302,0.05,854.0,0.15,806.0,0.11,6491.0,7239.0,0.2206,0.0034,0.0001,-0.0926,0.0501,0.0028
2026-09-03T17:42:27Z,2026-09-03 17:41:31,SPXW,2026-09-04,P,8000.0,7740.4302,255.7,1.0,258.3,1.0,259.9,13.0,3136.0,0.2572,-0.9965,0.0001,0.0,0.0501,-0.873
2026-09-03T17:42:27Z,2026-09-03 17:41:31,SPXW,2026-09-04,C,8010.0,7740.4302,0.05,902.0,0.15,868.0,0.1,11.0,235.0,0.2281,0.0033,0.0001,-0.0901,0.0476,0.0026
2026-09-03T17:42:27Z,2026-09-03 17:41:31,SPXW,2026-09-04,P,8010.0,7740.4302,258.8,1.0,277.7,2.0,334.95,0.0,1.0,0.3113,-0.9967,0.0001,0.0,0.0476,-0.8742
2026-09-03T17:42:27Z,2026-09-03 17:41:31,SPXW,2026-09-04,C,8020.0,7740.4302,0.05,918.0,0.1,68.0,0.07,49.0,425.0,0.2292,0.0031,0.0001,-0.088,0.0454,0.0025
2026-09-03T17:42:27Z,2026-09-03 17:41:31,SPXW,2026-09-04,P,8020.0,7740.4302,268.7,1.0,287.2,1.0,347.9,0.0,2.0,0.3073,-0.9968,0.0001,0.0,0.0454,-0.8755
2026-09-03T17:42:27Z,2026-09-03 17:41:31,SPXW,2026-09-04,C,8025.0,7740.4302,0.05,851.0,0.1,178.0,0.05,208.0,755.0,0.2328,0.003,0.0001,-0.087,0.0443,0.0025
2026-09-03T17:42:27Z,2026-09-03 17:41:31,SPXW,2026-09-04,P,8025.0,7740.4302,280.8,1.0,283.4,8.0,353.33,0.0,801.0,0.2246,-0.9969,0.0001,0.0,0.0443,-0.8761
2026-09-03T17:42:27Z,2026-09-03 17:41:31,SPXW,2026-09-04,C,8030.0,7740.4302,0.05,950.0,0.1,190.0,0.05,5.0,195.0,0.2365,0.003,0.0001,-0.0861,0.0434,0.0024
2026-09-03T17:42:27Z,2026-09-03 17:41:31,SPXW,2026-09-04,P,8030.0,7740.4302,278.8,1.0,297.6,1.0,359.71,0.0,2.0,0.3286,-0.997,0.0001,0.0,0.0434,-0.8767
2026-09-03T17:42:27Z,2026-09-03 17:41:31,SPXW,2026-09-04,C,8040.0,7740.4302,0.05,752.0,0.1,311.0,0.05,5.0,178.0,0.2438,0.0028,0.0001,-0.0844,0.0415,0.0023
2026-09-03T17:42:27Z,2026-09-03 17:41:31,SPXW,2026-09-04,P,8040.0,7740.4302,288.6,1.0,307.6,1.0,325.66,1.0,3.0,0.3337,-0.9971,0.0001,0.0,0.0415,-0.8779
2026-09-03T17:42:27Z,2026-09-03 17:41:31,SPXW,2026-09-04,C,8050.0,7740.4302,0.05,708.0,0.1,356.0,0.05,6.0,5657.0,0.251,0.0027,0.0001,-0.0829,0.0399,0.0022
2026-09-03T17:42:27Z,2026-09-03 17:41:31,SPXW,2026-09-04,P,8050.0,7740.4302,305.6,1.0,308.2,1.0,336.08,4.0,206.0,0.247,-0.9972,0.0001,0.0,0.0399,-0.8791
2026-09-03T17:42:27Z,2026-09-03 17:41:31,SPXW,2026-09-04,C,8060.0,7740.4302,0.05,311.0,0.1,568.0,0.05,11.0,67.0,0.2583,0.0026,0.0001,-0.0816,0.0384,0.0021
2026-09-03T17:42:27Z,2026-09-03 17:41:31,SPXW,2026-09-04,P,8060.0,7740.4302,309.5,1.0,328.4,2.0,343.89,2.0,1.0,0.3871,-0.9973,0.0001,0.0,0.0384,-0.8802
2026-09-03T17:42:27Z,2026-09-03 17:41:31,SPXW,2026-09-04,C,8070.0,7740.4302,0.05,282.0,0.1,554.0,0.05,7.0,35.0,0.2655,0.0025,0.0001,-0.0804,0.037,0.002
2026-09-03T17:42:27Z,2026-09-03 17:41:31,SPXW,2026-09-04,P,8070.0,7740.4302,318.7,1.0,337.9,1.0,321.53,6.0,2.0,0.3716,-0.9974,0.0001,0.0,0.037,-0.8814
2026-09-03T17:42:27Z,2026-09-03 17:41:31,SPXW,2026-09-04,C,8075.0,7740.4302,0.05,273.0,0.1,571.0,0.05,7.0,349.0,0.2691,0.0025,0.0001,-0.0798,0.0364,0.002
2026-09-03T17:42:27Z,2026-09-03 17:41:31,SPXW,2026-09-04,P,8075.0,7740.4302,323.7,1.0,340.8,1.0,416.75,0.0,15.0,0.3006,-0.9974,0.0001,0.0,0.0364,-0.882
2026-09-03T17:42:27Z,2026-09-03 17:41:31,SPXW,2026-09-04,C,8080.0,7740.4302,0.05,245.0,0.1,626.0,0.06,12.0,41.0,0.2727,0.0024,0.0001,-0.0793,0.0357,0.002
2026-09-03T17:42:27Z,2026-09-03 17:41:31,SPXW,2026-09-04,P,8080.0,7740.4302,329.0,1.0,347.4,1.0,331.84,2.0,1.0,0.3765,-0.9975,0.0001,0.0,0.0357,-0.8826
2026-09-03T17:42:27Z,2026-09-03 17:41:31,SPXW,2026-09-04,C,8090.0,7740.4302,0.0,0.0,0.1,778.0,0.1,0.0,63.0,0.2699,0.0024,0.0001,-0.0783,0.0346,0.0019
2026-09-03T17:42:27Z,2026-09-03 17:41:31,SPXW,2026-09-04,P,8090.0,7740.4302,339.3,1.0,357.6,2.0,341.5,6.0,16.0,0.3975,-0.9976,0.0001,0.0,0.0346,-0.8837
2026-09-03T17:42:27Z,2026-09-03 17:41:31,SPXW,2026-09-04,C,8100.0,7740.4302,0.0,0.0,0.1,773.0,0.05,11.0,1040.0,0.2768,0.0023,0.0001,-0.0774,0.0335,0.0018
2026-09-03T17:42:27Z,2026-09-03 17:41:31,SPXW,2026-09-04,P,8100.0,7740.4302,349.0,1.0,366.0,1.0,351.59,2.0,102.0,0.3503,-0.9976,0.0001,0.0,0.0335,-0.8849
2026-09-03T17:42:27Z,2026-09-03 17:41:31,SPXW,2026-09-04,C,8110.0,7740.4302,0.0,0.0,0.1,745.0,0.1,0.0,152.0,0.2837,0.0022,0.0,-0.0766,0.0325,0.0018
2026-09-03T17:42:27Z,2026-09-03 17:41:31,SPXW,2026-09-04,P,8110.0,7740.4302,358.7,1.0,377.6,1.0,361.81,4.0,2.0,0.4023,-0.9977,0.0,0.0,0.0325,-0.886
2026-09-03T17:42:27Z,2026-09-03 17:41:31,SPXW,2026-09-04,C,8120.0,7740.4302,0.0,0.0,0.1,760.0,0.1,0.0,637.0,0.2906,0.0022,0.0,-0.0759,0.0316,0.0017
2026-09-03T17:42:27Z,2026-09-03 17:41:31,SPXW,2026-09-04,P,8120.0,7740.4302,368.7,1.0,387.3,1.0,371.7,3.0,1.0,0.4034,-0.9978,0.0,0.0,0.0316,-0.8872
2026-09-03T17:42:27Z,2026-09-03 17:41:31,SPXW,2026-09-04,C,8125.0,7740.4302,0.0,0.0,0.1,781.0,0.05,0.0,449.0,0.294,0.0021,0.0,-0.0755,0.0311,0.0017
2026-09-03T17:42:27Z,2026-09-03 17:41:31,SPXW,2026-09-04,P,8125.0,7740.4302,373.7,1.0,390.8,1.0,458.8,0.0,35.0,0.3433,-0.9978,0.0,0.0,0.0311,-0.8878
2026-09-03T17:42:27Z,2026-09-03 17:41:31,SPXW,2026-09-04,C,8130.0,7740.4302,0.0,0.0,0.1,800.0,0.05,6.0,110.0,0.2974,0.0021,0.0,-0.0752,0.0307,0.0017
2026-09-03T17:42:27Z,2026-09-03 17:41:31,SPXW,2026-09-04,P,8130.0,7740.4302,378.7,1.0,397.6,1.0,396.83,2.0,4.0,0.4209,-0.9978,0.0,0.0,0.0307,-0.8883
2026-09-03T17:42:27Z,2026-09-03 17:41:31,SPXW,2026-09-04,C,8140.0,7740.4302,0.0,0.0,0.1,790.0,0.15,0.0,50.0,0.3043,0.002,0.0,-0.0745,0.0299,0.0016
2026-09-03T17:42:27Z,2026-09-03 17:41:31,SPXW,2026-09-04,P,8140.0,7740.4302,388.0,1.0,407.5,1.0,476.88,0.0,10.0,0.4056,-0.9979,0.0,0.0,0.0299,-0.8895
2026-09-03T17:42:27Z,2026-09-03 17:41:31,SPXW,2026-09-04,C,8150.0,7740.4302,0.0,0.0,0.05,2.0,0.05,3.0,601.0,0.2941,0.002,0.0,-0.0739,0.0291,0.0016
2026-09-03T17:42:27Z,2026-09-03 17:41:31,SPXW,2026-09-04,P,8150.0,7740.4302,398.7,1.0,416.0,1.0,415.02,4.0,2.0,0.3781,-0.998,0.0,0.0,0.0291,-0.8906
2026-09-03T17:42:27Z,2026-09-03 17:41:31,SPXW,2026-09-04,C,8160.0,7740.4302,0.0,0.0,0.1,841.0,0.15,0.0,2.0,0.3179,0.0019,0.0,-0.0734,0.0283,0.0016
2026-09-03T17:42:27Z,2026-09-03 17:41:31,SPXW,2026-09-04,P,8160.0,7740.4302,408.7,1.0,425.7,1.0,498.2,0.0,35.0,0.3648,-0.998,0.0,0.0,0.0283,-0.8918
2026-09-03T17:42:27Z,2026-09-03 17:41:31,SPXW,2026-09-04,C,8170.0,7740.4302,0.0,0.0,0.05,12.0,0.05,1.0,155.0,0.307,0.0019,0.0,-0.0729,0.0276,0.0015
2026-09-03T17:42:27Z,2026-09-03 17:41:31,SPXW,2026-09-04,P,8170.0,7740.4302,418.7,1.0,437.5,1.0,433.92,4.0,11.0,0.455,-0.9981,0.0,0.0,0.0276,-0.8929
2026-09-03T17:42:27Z,2026-09-03 17:41:31,SPXW,2026-09-04,C,8175.0,7740.4302,0.0,0.0,0.05,12.0,0.05,0.0,3077.0,0.3103,0.0019,0.0,-0.0726,0.0273,0.0015
2026-09-03T17:42:27Z,2026-09-03 17:41:31,SPXW,2026-09-04,P,8175.0,7740.4302,424.4,1.0,440.8,1.0,513.75,0.0,7.0,0.4248,-0.9981,0.0,0.0,0.0273,-0.8935
2026-09-03T17:42:27Z,2026-09-03 17:41:31,SPXW,2026-09-04,C,8200.0,7740.4302,0.0,0.0,0.05,611.0,0.05,0.0,810.0,0.3263,0.0018,0.0,-0.0715,0.0257,0.0014
2026-09-03T17:42:27Z,2026-09-03 17:41:31,SPXW,2026-09-04,P,8200.0,7740.4302,449.4,1.0,465.9,1.0,462.69,4.0,8.0,0.4509,-0.9982,0.0,0.0,0.0257,-0.8963
2026-09-03T17:42:27Z,2026-09-03 17:41:31,SPXW,2026-09-04,C,8225.0,7740.4302,0.0,0.0,0.05,143.0,0.05,0.0,400.0,0.3422,0.0017,0.0,-0.0704,0.0244,0.0013
2026-09-03T17:42:27Z,2026-09-03 17:41:31,SPXW,2026-09-04,P,8225.0,7740.4302,474.4,1.0,492.5,1.0,477.23,5.0,2.0,0.5244,-0.9983,0.0,0.0,0.0244,-0.8991
2026-09-03T17:42:27Z,2026-09-03 17:41:31,SPXW,2026-09-04,C,8250.0,7740.4302,0.0,0.0,0.05,446.0,0.1,0.0,4577.0,0.3581,0.0016,0.0,-0.0695,0.0231,0.0013
2026-09-03T17:42:27Z,2026-09-03 17:41:31,SPXW,2026-09-04,P,8250.0,7740.4302,499.4,1.0,515.9,1.0,501.63,1.0,3.0,0.4944,-0.9984,0.0,0.0,0.0231,-0.9019
2026-09-03T17:42:27Z,2026-09-03 17:41:31,SPXW,2026-09-04,C,8275.0,7740.4302,0.0,0.0,0.05,172.0,0.1,0.0,356.0,0.3738,0.0015,0.0,-0.0687,0.022,0.0012
2026-09-03T17:42:27Z,2026-09-03 17:41:31,SPXW,2026-09-04,P,8275.0,7740.4302,523.6,1.0,542.5,1.0,0.0,0.0,0.0,0.5464,-0.9984,0.0,0.0,0.022,-0.9047
2026-09-03T17:42:27Z,2026-09-03 17:41:31,SPXW,2026-09-04,C,8300.0,7740.4302,0.0,0.0,0.05,587.0,0.1,0.0,2546.0,0.3894,0.0014,0.0,-0.0679,0.021,0.0012
2026-09-03T17:42:27Z,2026-09-03 17:41:31,SPXW,2026-09-04,P,8300.0,7740.4302,548.6,1.0,565.7,1.0,0.0,0.0,0.0,0.4725,-0.9985,0.0,0.0,0.021,-0.9075
2026-09-03T17:42:27Z,2026-09-03 17:41:31,SPXW,2026-09-04,C,8325.0,7740.4302,0.0,0.0,0.05,433.0,0.1,0.0,97.0,0.405,0.0014,0.0,-0.0672,0.0202,0.0011
2026-09-03T17:42:27Z,2026-09-03 17:41:31,SPXW,2026-09-04,P,8325.0,7740.4302,573.6,1.0,592.5,1.0,684.15,0.0,3.0,0.5904,-0.9986,0.0,0.0,0.0202,-0.9103
2026-09-03T17:42:27Z,2026-09-03 17:41:31,SPXW,2026-09-04,C,8350.0,7740.4302,0.0,0.0,0.05,494.0,0.05,0.0,237.0,0.4204,0.0013,0.0,-0.0665,0.0193,0.001
2026-09-03T17:42:27Z,2026-09-03 17:41:31,SPXW,2026-09-04,P,8350.0,7740.4302,598.6,1.0,615.8,1.0,0.0,0.0,0.0,0.5235,-0.9986,0.0,0.0,0.0193,-0.9131
2026-09-03T17:42:27Z,2026-09-03 17:41:31,SPXW,2026-09-04,C,8375.0,7740.4302,0.0,0.0,0.05,599.0,0.35,0.0,500.0,0.4358,0.0013,0.0,-0.0658,0.0186,0.001
2026-09-03T17:42:27Z,2026-09-03 17:41:31,SPXW,2026-09-04,P,8375.0,7740.4302,623.4,1.0,642.2,1.0,0.0,0.0,0.0,0.6146,-0.9987,0.0,0.0,0.0186,-0.9158
2026-09-03T17:42:27Z,2026-09-03 17:41:31,SPXW,2026-09-04,C,8400.0,7740.4302,0.0,0.0,0.05,2143.0,0.05,0.0,3929.0,0.451,0.0012,0.0,-0.0652,0.0179,0.001
2026-09-03T17:42:27Z,2026-09-03 17:41:31,SPXW,2026-09-04,P,8400.0,7740.4302,648.6,1.0,665.6,1.0,760.45,0.0,2.0,0.5443,-0.9987,0.0,0.0,0.0179,-0.9186
2026-09-03T17:42:27Z,2026-09-03 17:41:31,SPXW,2026-09-04,C,8425.0,7740.4302,0.0,0.0,0.05,1442.0,0.0,0.0,0.0,0.4662,0.0012,0.0,-0.0646,0.0172,0.0009
2026-09-03T17:42:27Z,2026-09-03 17:41:31,SPXW,2026-09-04,P,8425.0,7740.4302,673.4,1.0,690.8,1.0,0.0,0.0,0.0,0.5649,-0.9988,0.0,0.0,0.0172,-0.9214
2026-09-03T17:42:27Z,2026-09-03 17:41:31,SPXW,2026-09-04,C,8450.0,7740.4302,0.0,0.0,0.05,1495.0,0.05,0.0,44.0,0.4813,0.0011,0.0,-0.064,0.0166,0.0009
2026-09-03T17:42:27Z,2026-09-03 17:41:31,SPXW,2026-09-04,P,8450.0,7740.4302,699.3,1.0,717.7,1.0,0.0,0.0,0.0,0.7288,-0.9988,0.0,0.0,0.0166,-0.9242
2026-09-03T17:42:27Z,2026-09-03 17:41:31,SPXW,2026-09-04,C,8475.0,7740.4302,0.0,0.0,0.05,1506.0,0.1,0.0,13.0,0.4964,0.0011,0.0,-0.0634,0.016,0.0009
2026-09-03T17:42:27Z,2026-09-03 17:41:31,SPXW,2026-09-04,P,8475.0,7740.4302,723.6,1.0,742.4,1.0,0.0,0.0,0.0,0.7159,-0.9989,0.0,0.0,0.016,-0.9269
2026-09-03T17:42:27Z,2026-09-03 17:41:31,SPXW,2026-09-04,C,8500.0,7740.4302,0.0,0.0,0.05,3099.0,0.05,0.0,1006.0,0.5113,0.001,0.0,-0.0628,0.0155,0.0008
2026-09-03T17:42:27Z,2026-09-03 17:41:31,SPXW,2026-09-04,P,8500.0,7740.4302,749.3,1.0,767.7,1.0,0.0,0.0,0.0,0.7723,-0.9989,0.0,0.0,0.0155,-0.9297
2026-09-03T17:42:27Z,2026-09-03 17:41:31,SPXW,2026-09-08,C,6975.0,7740.4302,759.2,1.0,777.0,1.0,0.0,0.0,0.0,0.2945,0.998,0.0,0.0,0.0612,0.9523
2026-09-03T17:42:27Z,2026-09-03 17:41:31,SPXW,2026-09-08,P,6975.0,7740.4302,0.1,606.0,0.2,593.0,0.15,10.0,2562.0,0.3074,-0.0019,0.0,-0.1107,0.0614,-0.002
2026-09-03T17:42:27Z,2026-09-03 17:41:31,SPXW,2026-09-08,C,7000.0,7740.4302,732.1,1.0,752.0,1.0,732.18,0.0,20.0,0.0,0.9979,0.0,0.0,0.0651,0.9556
2026-09-03T17:42:27Z,2026-09-03 17:41:31,SPXW,2026-09-08,P,7000.0,7740.4302,0.1,696.0,0.2,555.0,0.17,50.0,701.0,0.2978,-0.0021,0.0,-0.115,0.0653,-0.0021
2026-09-03T17:42:27Z,2026-09-03 17:41:31,SPXW,2026-09-08,C,7020.0,7740.4302,714.3,1.0,732.0,1.0,0.0,0.0,0.0,0.2833,0.9978,0.0,0.0,0.0685,0.9582
2026-09-03T17:42:27Z,2026-09-03 17:41:31,SPXW,2026-09-08,P,7020.0,7740.4302,0.1,614.0,0.2,440.0,0.3,0.0,24.0,0.29,-0.0022,0.0,-0.1187,0.0687,-0.0022
2026-09-03T17:42:27Z,2026-09-03 17:41:31,SPXW,2026-09-08,C,7025.0,7740.4302,706.9,1.0,727.0,1.0,0.0,0.0,0.0,0.0,0.9977,0.0,0.0,0.0694,0.9589
2026-09-03T17:42:27Z,2026-09-03 17:41:31,SPXW,2026-09-08,P,7025.0,7740.4302,0.1,691.0,0.2,427.0,0.15,4.0,254.0,0.2923,-0.0022,0.0,-0.1196,0.0696,-0.0023
2026-09-03T17:42:27Z,2026-09-03 17:41:31,SPXW,2026-09-08,C,7030.0,7740.4302,703.9,1.0,722.1,1.0,0.0,0.0,0.0,0.0,0.9977,0.0,0.0,0.0703,0.9595
2026-09-03T17:42:27Z,2026-09-03 17:41:31,SPXW,2026-09-08,P,7030.0,7740.4302,0.15,8.0,0.2,426.0,0.3,0.0,7.0,0.2903,-0.0022,0.0,-0.1206,0.0705,-0.0023
2026-09-03T17:42:27Z,2026-09-03 17:41:31,SPXW,2026-09-08,C,7040.0,7740.4302,693.9,1.0,712.1,1.0,0.0,0.0,0.0,0.0,0.9976,0.0,0.0,0.0721,0.9608
2026-09-03T17:42:27Z,2026-09-03 17:41:31,SPXW,2026-09-08,P,7040.0,7740.4302,0.15,95.0,0.2,412.0,0.35,0.0,48.0,0.2864,-0.0023,0.0,-0.1226,0.0724,-0.0024
2026-09-03T17:42:27Z,2026-09-03 17:41:31,SPXW,2026-09-08,C,7050.0,7740.4302,684.3,1.0,702.1,1.0,695.94,1.0,20.0,0.2781,0.9976,0.0,0.0,0.074,0.9621
2026-09-03T17:42:27Z,2026-09-03 17:41:31,SPXW,2026-09-08,P,7050.0,7740.4302,0.15,122.0,0.2,397.0,0.15,2.0,257.0,0.2825,-0.0024,0.0,-0.1246,0.0743,-0.0024
2026-09-03T17:42:27Z,2026-09-03 17:41:31,SPXW,2026-09-08,C,7060.0,7740.4302,674.5,1.0,692.1,1.0,0.0,0.0,0.0,0.2875,0.9975,0.0,0.0,0.0761,0.9634
2026-09-03T17:42:27Z,2026-09-03 17:41:31,SPXW,2026-09-08,P,7060.0,7740.4302,0.15,294.0,0.2,280.0,0.35,0.0,36.0,0.2786,-0.0024,0.0,-0.1267,0.0763,-0.0025
2026-09-03T17:42:27Z,2026-09-03 17:41:31,SPXW,2026-09-08,C,7070.0,7740.4302,663.9,1.0,682.1,1.0,0.0,0.0,0.0,0.0,0.9974,0.0,0.0,0.0782,0.9647
2026-09-03T17:42:27Z,2026-09-03 17:41:31,SPXW,2026-09-08,P,7070.0,7740.4302,0.15,309.0,0.2,262.0,0.4,0.0,36.0,0.2748,-0.0025,0.0,-0.1288,0.0785,-0.0026
2026-09-03T17:42:27Z,2026-09-03 17:41:31,SPXW,2026-09-08,C,7075.0,7740.4302,659.5,1.0,677.1,1.0,596.29,0.0,11.0,0.2805,0.9974,0.0,0.0,0.0793,0.9654
2026-09-03T17:42:27Z,2026-09-03 17:41:31,SPXW,2026-09-08,P,7075.0,7740.4302,0.15,312.0,0.2,221.0,0.2,14.0,414.0,0.2728,-0.0026,0.0,-0.1299,0.0795,-0.0026
2026-09-03T17:42:27Z,2026-09-03 17:41:31,SPXW,2026-09-08,C,7080.0,7740.4302,654.4,1.0,672.1,1.0,0.0,0.0,0.0,0.2716,0.9974,0.0,0.0,0.0804,0.966
2026-09-03T17:42:27Z,2026-09-03 17:41:31,SPXW,2026-09-08,P,7080.0,7740.4302,0.15,316.0,0.2,96.0,0.95,0.0,55.0,0.2709,-0.0026,0.0,-0.131,0.0807,-0.0026
2026-09-03T17:42:27Z,2026-09-03 17:41:31,SPXW,2026-09-08,C,7090.0,7740.4302,644.4,1.0,662.1,1.0,0.0,0.0,0.0,0.2668,0.9973,0.0,0.0,0.0827,0.9673
2026-09-03T17:42:27Z,2026-09-03 17:41:31,SPXW,2026-09-08,P,7090.0,7740.4302,0.15,322.0,0.2,47.0,0.25,8.0,34.0,0.267,-0.0027,0.0,-0.1333,0.083,-0.0027
2026-09-03T17:42:27Z,2026-09-03 17:41:31,SPXW,2026-09-08,C,7100.0,7740.4302,634.4,1.0,651.6,1.0,571.39,0.0,11.0,0.0,0.9972,0.0,0.0,0.0851,0.9686
2026-09-03T17:42:27Z,2026-09-03 17:41:31,SPXW,2026-09-08,P,7100.0,7740.4302,0.15,396.0,0.25,743.0,0.24,110.0,663.0,0.2665,-0.0028,0.0,-0.1357,0.0854,-0.0028
2026-09-03T17:42:27Z,2026-09-03 17:41:31,SPXW,2026-09-08,C,7110.0,7740.4302,623.1,1.0,642.1,1.0,0.0,0.0,0.0,0.0,0.9971,0.0,0.0,0.0876,0.9699
2026-09-03T17:42:27Z,2026-09-03 17:41:31,SPXW,2026-09-08,P,7110.0,7740.4302,0.15,373.0,0.25,482.0,0.4,0.0,26.0,0.2626,-0.0028,0.0,-0.1382,0.0879,-0.0029
2026-09-03T17:42:27Z,2026-09-03 17:41:31,SPXW,2026-09-08,C,7120.0,7740.4302,614.5,1.0,632.4,1.0,511.5,0.0,5.0,0.2744,0.997,0.0,0.0,0.0902,0.9712
2026-09-03T17:42:27Z,2026-09-03 17:41:31,SPXW,2026-09-08,P,7120.0,7740.4302,0.15,552.0,0.25,485.0,0.25,52.0,7.0,0.2588,-0.0029,0.0,-0.1402,0.0902,-0.003
2026-09-03T17:42:27Z,2026-09-03 17:41:31,SPXW,2026-09-08,C,7125.0,7740.4302,609.4,1.0,627.9,1.0,546.81,0.0,8.0,0.2861,0.997,0.0,0.0,0.0916,0.9718
2026-09-03T17:42:27Z,2026-09-03 17:41:31,SPXW,2026-09-08,P,7125.0,7740.4302,0.15,630.0,0.25,562.0,0.29,1071.0,209.0,0.2569,-0.003,0.0,-0.1415,0.0916,-0.003
2026-09-03T17:42:27Z,2026-09-03 17:41:31,SPXW,2026-09-08,C,7130.0,7740.4302,604.5,1.0,622.7,1.0,0.0,0.0,0.0,0.2807,0.9969,0.0,0.0,0.093,0.9724
2026-09-03T17:42:27Z,2026-09-03 17:41:31,SPXW,2026-09-08,P,7130.0,7740.4302,0.15,583.0,0.25,485.0,0.45,0.0,23.0,0.2549,-0.003,0.0,-0.1428,0.093,-0.0031
2026-09-03T17:42:27Z,2026-09-03 17:41:31,SPXW,2026-09-08,C,7140.0,7740.4302,594.5,1.0,611.7,1.0,491.6,0.0,5.0,0.0,0.9968,0.0,0.0,0.0958,0.9737
2026-09-03T17:42:27Z,2026-09-03 17:41:31,SPXW,2026-09-08,P,7140.0,7740.4302,0.15,594.0,0.25,452.0,0.8,0.0,5.0,0.251,-0.0031,0.0,-0.1455,0.0958,-0.0032
2026-09-03T17:42:27Z,2026-09-03 17:41:31,SPXW,2026-09-08,C,7150.0,7740.4302,582.1,1.0,602.4,1.0,521.91,0.0,8.0,0.0,0.9967,0.0,0.0,0.0988,0.975
2026-09-03T17:42:27Z,2026-09-03 17:41:31,SPXW,2026-09-08,P,7150.0,7740.4302,0.15,724.0,0.25,454.0,0.27,9.0,276.0,0.247,-0.0032,0.0,-0.1483,0.0988,-0.0033
2026-09-03T17:42:27Z,2026-09-03 17:41:31,SPXW,2026-09-08,C,7160.0,7740.4302,574.5,1.0,592.5,1.0,0.0,0.0,0.0,0.2599,0.9966,0.0,0.0,0.1019,0.9762
2026-09-03T17:42:27Z,2026-09-03 17:41:31,SPXW,2026-09-08,P,7160.0,7740.4302,0.2,120.0,0.25,376.0,1.35,0.0,46.0,0.246,-0.0033,0.0,-0.1512,0.1019,-0.0034
2026-09-03T17:42:27Z,2026-09-03 17:41:31,SPXW,2026-09-08,C,7170.0,7740.4302,563.2,1.0,581.8,1.0,0.0,0.0,0.0,0.0,0.9965,0.0,0.0,0.1052,0.9775
2026-09-03T17:42:27Z,2026-09-03 17:41:31,SPXW,2026-09-08,P,7170.0,7740.4302,0.2,121.0,0.25,281.0,0.6,0.0,34.0,0.242,-0.0034,0.0,-0.1542,0.1052,-0.0035
2026-09-03T17:42:27Z,2026-09-03 17:41:31,SPXW,2026-09-08,C,7175.0,7740.4302,559.5,1.0,577.2,1.0,497.78,0.0,9.0,0.2397,0.9964,0.0,0.0,0.1069,0.9781
2026-09-03T17:42:27Z,2026-09-03 17:41:31,SPXW,2026-09-08,P,7175.0,7740.4302,0.2,294.0,0.25,266.0,0.2,52.0,118.0,0.24,-0.0035,0.0,-0.1558,0.1069,-0.0036
2026-09-03T17:42:27Z,2026-09-03 17:41:31,SPXW,2026-09-08,C,7180.0,7740.4302,553.2,1.0,572.2,1.0,0.0,0.0,0.0,0.0,0.9964,0.0,0.0,0.1086,0.9787
2026-09-03T17:42:27Z,2026-09-03 17:41:31,SPXW,2026-09-08,P,7180.0,7740.4302,0.2,301.0,0.25,262.0,0.79,0.0,60.0,0.2381,-0.0036,0.0,-0.1574,0.1086,-0.0036
2026-09-03T17:42:27Z,2026-09-03 17:41:31,SPXW,2026-09-08,C,7185.0,7740.4302,549.5,1.0,567.5,1.0,0.0,0.0,0.0,0.2485,0.9963,0.0,0.0,0.1104,0.9793
2026-09-03T17:42:27Z,2026-09-03 17:41:31,SPXW,2026-09-08,P,7185.0,7740.4302,0.2,306.0,0.25,196.0,0.25,53.0,19.0,0.2361,-0.0036,0.0,-0.159,0.1104,-0.0037
2026-09-03T17:42:27Z,2026-09-03 17:41:31,SPXW,2026-09-08,C,7190.0,7740.4302,544.6,1.0,563.1,1.0,0.0,0.0,0.0,0.2663,0.9963,0.0,0.0,0.1122,0.9799
2026-09-03T17:42:27Z,2026-09-03 17:41:31,SPXW,2026-09-08,P,7190.0,7740.4302,0.2,313.0,0.25,65.0,0.25,4.0,130.0,0.2341,-0.0037,0.0,-0.1607,0.1122,-0.0038
2026-09-03T17:42:27Z,2026-09-03 17:41:31,SPXW,2026-09-08,C,7195.0,7740.4302,539.1,1.0,557.6,1.0,0.0,0.0,0.0,0.2305,0.9962,0.0,0.0,0.114,0.9806
2026-09-03T17:42:27Z,2026-09-03 17:41:31,SPXW,2026-09-08,P,7195.0,7740.4302,0.2,320.0,0.25,47.0,0.25,4.0,1.0,0.2321,-0.0037,0.0,-0.1624,0.114,-0.0038
2026-09-03T17:42:27Z,2026-09-03 17:41:31,SPXW,2026-09-08,C,7200.0,7740.4302,532.3,1.0,552.6,1.0,441.22,0.0,10.0,0.0,0.9961,0.0,0.0,0.1159,0.9812
2026-09-03T17:42:27Z,2026-09-03 17:41:31,SPXW,2026-09-08,P,7200.0,7740.4302,0.2,472.0,0.3,581.0,0.3,122.0,440.0,0.2326,-0.0038,0.0,-0.1641,0.1159,-0.0039
2026-09-03T17:42:27Z,2026-09-03 17:41:31,SPXW,2026-09-08,C,7205.0,7740.4302,529.1,1.0,547.6,1.0,0.0,0.0,0.0,0.2259,0.9961,0.0,0.0,0.1179,0.9818
2026-09-03T17:42:27Z,2026-09-03 17:41:31,SPXW,2026-09-08,P,7205.0,7740.4302,0.2,364.0,0.3,473.0,0.25,4.0,4.0,0.2306,-0.0039,0.0,-0.1659,0.1179,-0.004
2026-09-03T17:42:27Z,2026-09-03 17:41:31,SPXW,2026-09-08,C,7210.0,7740.4302,524.6,1.0,542.3,1.0,505.13,2.0,0.0,0.2331,0.996,0.0001,0.0,0.1199,0.9824
2026-09-03T17:42:27Z,2026-09-03 17:41:31,SPXW,2026-09-08,P,7210.0,7740.4302,0.2,390.0,0.3,472.0,0.25,3.0,211.0,0.2286,-0.004,0.0001,-0.1677,0.1199,-0.004
2026-09-03T17:42:27Z,2026-09-03 17:41:31,SPXW,2026-09-08,C,7215.0,7740.4302,519.1,1.0,537.2,1.0,0.0,0.0,0.0,0.0,0.9959,0.0001,0.0,0.122,0.983
2026-09-03T17:42:27Z,2026-09-03 17:41:31,SPXW,2026-09-08,P,7215.0,7740.4302,0.2,532.0,0.25,1.0,0.3,2.0,1.0,0.2242,-0.004,0.0001,-0.1696,0.122,-0.0041
2026-09-03T17:42:27Z,2026-09-03 17:41:31,SPXW,2026-09-08,C,7220.0,7740.4302,514.6,1.0,533.0,1.0,0.0,0.0,0.0,0.25,0.9958,0.0001,0.0,0.1241,0.9836
2026-09-03T17:42:27Z,2026-09-03 17:41:31,SPXW,2026-09-08,P,7220.0,7740.4302,0.2,558.0,0.3,477.0,0.3,36.0,2857.0,0.2246,-0.0041,0.0001,-0.1714,0.1241,-0.0042
2026-09-03T17:42:27Z,2026-09-03 17:41:31,SPXW,2026-09-08,C,7225.0,7740.4302,509.5,1.0,527.7,1.0,554.25,0.0,1.0,0.2369,0.9958,0.0001,0.0,0.1263,0.9842
2026-09-03T17:42:27Z,2026-09-03 17:41:31,SPXW,2026-09-08,P,7225.0,7740.4302,0.2,632.0,0.3,436.0,0.3,5.0,242.0,0.2226,-0.0042,0.0001,-0.1734,0.1263,-0.0043
2026-09-03T17:42:27Z,2026-09-03 17:41:31,SPXW,2026-09-08,C,7230.0,7740.4302,504.6,1.0,522.7,1.0,0.0,0.0,0.0,0.2376,0.9957,0.0001,0.0,0.1286,0.9848
2026-09-03T17:42:27Z,2026-09-03 17:41:31,SPXW,2026-09-08,P,7230.0,7740.4302,0.2,560.0,0.3,423.0,0.3,32.0,52.0,0.2206,-0.0043,0.0001,-0.1754,0.1286,-0.0044
2026-09-03T17:42:27Z,2026-09-03 17:41:31,SPXW,2026-09-08,C,7235.0,7740.4302,499.6,1.0,517.7,1.0,0.0,0.0,0.0,0.2353,0.9956,0.0001,0.0,0.1309,0.9854
2026-09-03T17:42:27Z,2026-09-03 17:41:31,SPXW,2026-09-08,P,7235.0,7740.4302,0.25,62.0,0.3,372.0,0.3,3.0,2.0,0.2208,-0.0043,0.0001,-0.1774,0.1309,-0.0044
2026-09-03T17:42:27Z,2026-09-03 17:41:31,SPXW,2026-09-08,C,7240.0,7740.4302,494.6,1.0,512.0,1.0,0.0,0.0,0.0,0.2034,0.9955,0.0001,0.0,0.1333,0.986
2026-09-03T17:42:27Z,2026-09-03 17:41:31,SPXW,2026-09-08,P,7240.0,7740.4302,0.25,105.0,0.3,351.0,0.3,2.0,153.0,0.2188,-0.0044,0.0001,-0.1794,0.1333,-0.0045
2026-09-03T17:42:27Z,2026-09-03 17:41:31,SPXW,2026-09-08,C,7245.0,7740.4302,489.6,1.0,507.3,1.0,0.0,0.0,0.0,0.2172,0.9954,0.0001,0.0,0.1357,0.9866
2026-09-03T17:42:27Z,2026-09-03 17:41:31,SPXW,2026-09-08,P,7245.0,7740.4302,0.25,113.0,0.3,308.0,0.3,3.0,38.0,0.2168,-0.0045,0.0001,-0.1815,0.1357,-0.0046
2026-09-03T17:42:27Z,2026-09-03 17:41:31,SPXW,2026-09-08,C,7250.0,7740.4302,484.6,1.0,502.3,1.0,0.0,0.0,0.0,0.215,0.9953,0.0001,0.0,0.1383,0.9872
2026-09-03T17:42:27Z,2026-09-03 17:41:31,SPXW,2026-09-08,P,7250.0,7740.4302,0.25,303.0,0.3,282.0,0.3,21.0,973.0,0.2148,-0.0046,0.0001,-0.1837,0.1383,-0.0047
2026-09-03T17:42:27Z,2026-09-03 17:41:31,SPXW,2026-09-08,C,7255.0,7740.4302,479.6,1.0,497.8,1.0,0.0,0.0,0.0,0.2288,0.9952,0.0001,0.0,0.1408,0.9878
2026-09-03T17:42:27Z,2026-09-03 17:41:31,SPXW,2026-09-08,P,7255.0,7740.4302,0.25,295.0,0.3,229.0,0.35,3.0,3.0,0.2128,-0.0047,0.0001,-0.1859,0.1408,-0.0048
2026-09-03T17:42:27Z,2026-09-03 17:41:31,SPXW,2026-09-08,C,7260.0,7740.4302,474.7,1.0,492.8,1.0,379.71,0.0,2.0,0.229,0.9951,0.0001,0.0,0.1435,0.9884
2026-09-03T17:42:27Z,2026-09-03 17:41:31,SPXW,2026-09-08,P,7260.0,7740.4302,0.25,301.0,0.3,55.0,0.3,33.0,112.0,0.2108,-0.0048,0.0001,-0.1882,0.1435,-0.0049
2026-09-03T17:42:27Z,2026-09-03 17:41:31,SPXW,2026-09-08,C,7265.0,7740.4302,468.2,1.0,487.6,1.0,0.0,0.0,0.0,0.0,0.995,0.0001,0.0,0.1463,0.9889
2026-09-03T17:42:27Z,2026-09-03 17:41:31,SPXW,2026-09-08,P,7265.0,7740.4302,0.25,305.0,0.35,467.0,0.3,3.0,16.0,0.2107,-0.0049,0.0001,-0.1905,0.1463,-0.005
2026-09-03T17:42:27Z,2026-09-03 17:41:31,SPXW,2026-09-08,C,7270.0,7740.4302,464.7,1.0,482.6,1.0,0.0,0.0,0.0,0.2193,0.9949,0.0001,0.0,0.1491,0.9895
2026-09-03T17:42:27Z,2026-09-03 17:41:31,SPXW,2026-09-08,P,7270.0,7740.4302,0.25,349.0,0.35,456.0,0.29,23.0,133.0,0.2087,-0.005,0.0001,-0.1929,0.1491,-0.0051
2026-09-03T17:42:27Z,2026-09-03 17:41:31,SPXW,2026-09-08,C,7275.0,7740.4302,459.6,1.0,477.9,1.0,372.5,0.0,1.0,0.2221,0.9948,0.0001,0.0,0.152,0.9901
2026-09-03T17:42:27Z,2026-09-03 17:41:31,SPXW,2026-09-08,P,7275.0,7740.4302,0.25,462.0,0.35,542.0,0.35,3.0,327.0,0.2066,-0.0051,0.0001,-0.1953,0.152,-0.0052
2026-09-03T17:42:27Z,2026-09-03 17:41:31,SPXW,2026-09-08,C,7280.0,7740.4302,454.7,1.0,472.6,1.0,0.0,0.0,0.0,0.2147,0.9947,0.0001,0.0,0.155,0.9907
2026-09-03T17:42:27Z,2026-09-03 17:41:31,SPXW,2026-09-08,P,7280.0,7740.4302,0.25,512.0,0.35,451.0,0.3,4.0,106.0,0.2046,-0.0052,0.0001,-0.1978,0.155,-0.0054
2026-09-03T17:42:27Z,2026-09-03 17:41:31,SPXW,2026-09-08,C,7285.0,7740.4302,448.4,1.0,467.9,1.0,0.0,0.0,0.0,0.0,0.9946,0.0001,0.0,0.1581,0.9912
2026-09-03T17:42:27Z,2026-09-03 17:41:31,SPXW,2026-09-08,P,7285.0,7740.4302,0.25,508.0,0.35,430.0,0.3,3.0,30.0,0.2026,-0.0053,0.0001,-0.2004,0.1581,-0.0055
2026-09-03T17:42:27Z,2026-09-03 17:41:31,SPXW,2026-09-08,C,7290.0,7740.4302,442.2,2.0,463.2,1.0,0.0,0.0,0.0,0.0,0.9945,0.0001,0.0,0.1613,0.9918
2026-09-03T17:42:27Z,2026-09-03 17:41:31,SPXW,2026-09-08,P,7290.0,7740.4302,0.25,512.0,0.35,417.0,0.35,61.0,59.0,0.2005,-0.0054,0.0001,-0.203,0.1613,-0.0056
2026-09-03T17:42:27Z,2026-09-03 17:41:31,SPXW,2026-09-08,C,7295.0,7740.4302,437.2,1.0,457.9,1.0,0.0,0.0,0.0,0.0,0.9944,0.0001,0.0,0.1646,0.9924
2026-09-03T17:42:27Z,2026-09-03 17:41:31,SPXW,2026-09-08,P,7295.0,7740.4302,0.3,71.0,0.35,366.0,0.35,2.0,213.0,0.2003,-0.0056,0.0001,-0.2057,0.1646,-0.0057
2026-09-03T17:42:27Z,2026-09-03 17:41:31,SPXW,2026-09-08,C,7300.0,7740.4302,434.7,1.0,453.3,1.0,367.34,0.0,3.0,0.2209,0.9942,0.0001,0.0,0.1679,0.9929
2026-09-03T17:42:27Z,2026-09-03 17:41:31,SPXW,2026-09-08,P,7300.0,7740.4302,0.3,129.0,0.35,304.0,0.35,17.0,752.0,0.1982,-0.0057,0.0001,-0.2085,0.1679,-0.0058
2026-09-03T17:42:27Z,2026-09-03 17:41:31,SPXW,2026-09-08,C,7305.0,7740.4302,429.3,1.0,447.7,1.0,0.0,0.0,0.0,0.194,0.9941,0.0001,0.0,0.1714,0.9934
2026-09-03T17:42:27Z,2026-09-03 17:41:31,SPXW,2026-09-08,P,7305.0,7740.4302,0.3,296.0,0.35,266.0,0.35,9.0,630.0,0.1962,-0.0058,0.0001,-0.2114,0.1714,-0.006
2026-09-03T17:42:27Z,2026-09-03 17:41:31,SPXW,2026-09-08,C,7310.0,7740.4302,424.9,1.0,443.0,1.0,0.0,0.0,0.0,0.2144,0.994,0.0001,-0.0027,0.175,0.994
2026-09-03T17:42:27Z,2026-09-03 17:41:31,SPXW,2026-09-08,P,7310.0,7740.4302,0.3,295.0,0.35,90.0,0.35,3.0,179.0,0.1941,-0.006,0.0001,-0.2143,0.175,-0.0061
2026-09-03T17:42:27Z,2026-09-03 17:41:31,SPXW,2026-09-08,C,7315.0,7740.4302,419.8,1.0,438.3,1.0,0.0,0.0,0.0,0.2156,0.9938,0.0001,-0.0081,0.1787,0.9945
2026-09-03T17:42:27Z,2026-09-03 17:41:31,SPXW,2026-09-08,P,7315.0,7740.4302,0.3,300.0,0.4,447.0,0.4,3.0,67.0,0.1937,-0.0061,0.0001,-0.2173,0.1787,-0.0063
2026-09-03T17:42:27Z,2026-09-03 17:41:31,SPXW,2026-09-08,C,7320.0,7740.4302,413.5,1.0,432.8,1.0,0.0,0.0,0.0,0.0,0.9937,0.0001,-0.0137,0.1825,0.9951
2026-09-03T17:42:27Z,2026-09-03 17:41:31,SPXW,2026-09-08,P,7320.0,7740.4302,0.3,306.0,0.35,1.0,0.32,7.0,227.0,0.19,-0.0062,0.0001,-0.2204,0.1825,-0.0064
2026-09-03T17:42:27Z,2026-09-03 17:41:31,SPXW,2026-09-08,C,7325.0,7740.4302,409.7,1.0,427.4,1.0,313.58,0.0,6.0,0.1884,0.9935,0.0001,-0.0193,0.1865,0.9956
2026-09-03T17:42:27Z,2026-09-03 17:41:31,SPXW,2026-09-08,P,7325.0,7740.4302,0.3,466.0,0.35,1.0,0.4,8.0,1348.0,0.1879,-0.0064,0.0001,-0.2236,0.1865,-0.0066
2026-09-03T17:42:27Z,2026-09-03 17:41:31,SPXW,2026-09-08,C,7330.0,7740.4302,404.8,1.0,422.4,1.0,336.77,0.0,1.0,0.1892,0.9934,0.0001,-0.0251,0.1906,0.9961
2026-09-03T17:42:27Z,2026-09-03 17:41:31,SPXW,2026-09-08,P,7330.0,7740.4302,0.3,488.0,0.4,432.0,0.4,16.0,155.0,0.1875,-0.0066,0.0001,-0.227,0.1906,-0.0067
2026-09-03T17:42:27Z,2026-09-03 17:41:31,SPXW,2026-09-08,C,7335.0,7740.4302,399.8,1.0,418.1,1.0,0.0,0.0,0.0,0.2027,0.9932,0.0001,-0.0309,0.1948,0.9966
2026-09-03T17:42:27Z,2026-09-03 17:41:31,SPXW,2026-09-08,P,7335.0,7740.4302,0.3,491.0,0.4,406.0,0.4,25.0,22.0,0.1854,-0.0067,0.0001,-0.2304,0.1948,-0.0069
2026-09-03T17:42:27Z,2026-09-03 17:41:31,SPXW,2026-09-08,C,7340.0,7740.4302,393.5,1.0,412.9,1.0,0.0,0.0,0.0,0.0,0.9931,0.0001,-0.0369,0.1992,0.9971
2026-09-03T17:42:27Z,2026-09-03 17:41:31,SPXW,2026-09-08,P,7340.0,7740.4302,0.35,10.0,0.4,351.0,0.45,5.0,266.0,0.1848,-0.0069,0.0001,-0.2339,0.1992,-0.0071
2026-09-03T17:42:27Z,2026-09-03 17:41:31,SPXW,2026-09-08,C,7345.0,7740.4302,388.5,1.0,408.5,1.0,0.0,0.0,0.0,0.176,0.9929,0.0001,-0.043,0.2038,0.9976
2026-09-03T17:42:27Z,2026-09-03 17:41:31,SPXW,2026-09-08,P,7345.0,7740.4302,0.35,158.0,0.4,258.0,0.45,21.0,146.0,0.1827,-0.007,0.0001,-0.2375,0.2038,-0.0073
2026-09-03T17:42:27Z,2026-09-03 17:41:31,SPXW,2026-09-08,C,7350.0,7740.4302,384.9,1.0,402.5,1.0,0.0,0.0,0.0,0.1854,0.9927,0.0001,-0.0492,0.2085,0.9982
2026-09-03T17:42:27Z,2026-09-03 17:41:31,SPXW,2026-09-08,P,7350.0,7740.4302,0.35,301.0,0.45,537.0,0.39,157.0,1282.0,0.182,-0.0072,0.0001,-0.2412,0.2085,-0.0074
2026-09-03T17:42:27Z,2026-09-03 17:41:31,SPXW,2026-09-08,C,7355.0,7740.4302,379.9,1.0,397.5,1.0,0.0,0.0,0.0,0.1831,0.9925,0.0001,-0.0555,0.2134,0.9986
2026-09-03T17:42:27Z,2026-09-03 17:41:31,SPXW,2026-09-08,P,7355.0,7740.4302,0.35,286.0,0.45,424.0,0.4,10.0,275.0,0.1799,-0.0074,0.0001,-0.2451,0.2134,-0.0076
2026-09-03T17:42:27Z,2026-09-03 17:41:31,SPXW,2026-09-08,C,7360.0,7740.4302,373.5,1.0,393.0,1.0,354.11,1.0,1.0,0.1284,0.9923,0.0001,-0.0619,0.2185,0.9991
2026-09-03T17:42:27Z,2026-09-03 17:41:31,SPXW,2026-09-08,P,7360.0,7740.4302,0.35,362.0,0.45,443.0,0.4,27.0,3310.0,0.1778,-0.0076,0.0001,-0.2491,0.2185,-0.0078
2026-09-03T17:42:27Z,2026-09-03 17:41:31,SPXW,2026-09-08,C,7365.0,7740.4302,369.9,1.0,388.6,1.0,0.0,0.0,0.0,0.1981,0.9921,0.0001,-0.0685,0.2238,0.9996
2026-09-03T17:42:27Z,2026-09-03 17:41:31,SPXW,2026-09-08,P,7365.0,7740.4302,0.35,346.0,0.45,415.0,0.5,2.0,133.0,0.1757,-0.0078,0.0001,-0.2533,0.2238,-0.008
2026-09-03T17:42:27Z,2026-09-03 17:41:31,SPXW,2026-09-08,C,7370.0,7740.4302,364.6,1.0,383.0,1.0,0.0,0.0,0.0,0.1807,0.9919,0.0001,-0.0752,0.2293,1.0001
2026-09-03T17:42:27Z,2026-09-03 17:41:31,SPXW,2026-09-08,P,7370.0,7740.4302,0.35,473.0,0.45,388.0,0.45,71.0,196.0,0.1736,-0.008,0.0001,-0.2575,0.2293,-0.0083
2026-09-03T17:42:27Z,2026-09-03 17:41:31,SPXW,2026-09-08,C,7375.0,7740.4302,359.9,1.0,377.6,1.0,264.41,0.0,1.0,0.1763,0.9917,0.0001,-0.0821,0.2351,1.0005
2026-09-03T17:42:27Z,2026-09-03 17:41:31,SPXW,2026-09-08,P,7375.0,7740.4302,0.35,554.0,0.45,322.0,0.5,30.0,397.0,0.1715,-0.0083,0.0001,-0.262,0.2351,-0.0085
2026-09-03T17:42:27Z,2026-09-03 17:41:31,SPXW,2026-09-08,C,7380.0,7740.4302,355.0,1.0,373.1,1.0,0.0,0.0,0.0,0.185,0.9914,0.0001,-0.0891,0.241,1.001
2026-09-03T17:42:27Z,2026-09-03 17:41:31,SPXW,2026-09-08,P,7380.0,7740.4302,0.4,264.0,0.45,231.0,0.5,9.0,177.0,0.1706,-0.0085,0.0001,-0.2666,0.241,-0.0087
2026-09-03T17:42:27Z,2026-09-03 17:41:31,SPXW,2026-09-08,C,7385.0,7740.4302,350.0,1.0,368.9,1.0,331.14,1.0,1.0,0.1936,0.9912,0.0001,-0.0963,0.2472,1.0014
2026-09-03T17:42:27Z,2026-09-03 17:41:31,SPXW,2026-09-08,P,7385.0,7740.4302,0.4,276.0,0.5,413.0,0.5,39.0,92.0,0.1697,-0.0087,0.0001,-0.2714,0.2472,-0.009
2026-09-03T17:42:27Z,2026-09-03 17:41:31,SPXW,2026-09-08,C,7390.0,7740.4302,345.0,1.0,363.4,1.0,280.33,0.0,2.0,0.1847,0.9909,0.0002,-0.1037,0.2536,1.0018
2026-09-03T17:42:27Z,2026-09-03 17:41:31,SPXW,2026-09-08,P,7390.0,7740.4302,0.4,347.0,0.5,428.0,0.55,115.0,176.0,0.1675,-0.009,0.0002,-0.2763,0.2536,-0.0093
2026-09-03T17:42:27Z,2026-09-03 17:41:31,SPXW,2026-09-08,C,7395.0,7740.4302,340.0,1.0,357.7,1.0,0.0,0.0,0.0,0.1712,0.9907,0.0002,-0.1114,0.2602,1.0022
2026-09-03T17:42:27Z,2026-09-03 17:41:31,SPXW,2026-09-08,P,7395.0,7740.4302,0.4,335.0,0.5,399.0,0.45,18.0,231.0,0.1654,-0.0093,0.0002,-0.2815,0.2602,-0.0095
2026-09-03T17:42:27Z,2026-09-03 17:41:31,SPXW,2026-09-08,C,7400.0,7740.4302,335.0,1.0,353.2,1.0,318.3,7.0,14.0,0.1771,0.9904,0.0002,-0.1192,0.2672,1.0026
2026-09-03T17:42:27Z,2026-09-03 17:41:31,SPXW,2026-09-08,P,7400.0,7740.4302,0.4,564.0,0.5,378.0,0.47,230.0,1172.0,0.1633,-0.0096,0.0002,-0.2868,0.2672,-0.0098
2026-09-03T17:42:27Z,2026-09-03 17:41:31,SPXW,2026-09-08,C,7405.0,7740.4302,330.0,1.0,349.0,1.0,0.0,0.0,0.0,0.185,0.9901,0.0002,-0.1272,0.2744,1.003
2026-09-03T17:42:27Z,2026-09-03 17:41:31,SPXW,2026-09-08,P,7405.0,7740.4302,0.45,244.0,0.5,156.0,0.6,22.0,112.0,0.1622,-0.0098,0.0002,-0.2924,0.2744,-0.0102
2026-09-03T17:42:27Z,2026-09-03 17:41:31,SPXW,2026-09-08,C,7410.0,7740.4302,325.1,1.0,343.8,1.0,234.88,0.0,30.0,0.1814,0.9898,0.0002,-0.1355,0.282,1.0033
2026-09-03T17:42:27Z,2026-09-03 17:41:31,SPXW,2026-09-08,P,7410.0,7740.4302,0.45,263.0,0.55,388.0,0.6,95.0,290.0,0.1611,-0.0102,0.0002,-0.2983,0.282,-0.0105
2026-09-03T17:42:27Z,2026-09-03 17:41:31,SPXW,2026-09-08,C,7415.0,7740.4302,320.1,1.0,337.5,1.0,0.0,0.0,0.0,0.16,0.9895,0.0002,-0.144,0.2899,1.0037
2026-09-03T17:42:27Z,2026-09-03 17:41:31,SPXW,2026-09-08,P,7415.0,7740.4302,0.45,308.0,0.55,385.0,0.6,17.0,271.0,0.1589,-0.0105,0.0002,-0.3044,0.2899,-0.0108
2026-09-03T17:42:27Z,2026-09-03 17:41:31,SPXW,2026-09-08,C,7420.0,7740.4302,315.1,1.0,334.1,1.0,298.53,1.0,3.0,0.1798,0.9891,0.0002,-0.1529,0.2982,1.004
2026-09-03T17:42:27Z,2026-09-03 17:41:31,SPXW,2026-09-08,P,7420.0,7740.4302,0.45,315.0,0.55,355.0,0.65,91.0,374.0,0.1568,-0.0108,0.0002,-0.3108,0.2982,-0.0112
2026-09-03T17:42:27Z,2026-09-03 17:41:31,SPXW,2026-09-08,C,7425.0,7740.4302,310.1,1.0,328.9,1.0,267.6,0.0,23.0,0.1752,0.9888,0.0002,-0.162,0.3069,1.0043
2026-09-03T17:42:27Z,2026-09-03 17:41:31,SPXW,2026-09-08,P,7425.0,7740.4302,0.5,101.0,0.55,168.0,0.5,281.0,625.0,0.1556,-0.0112,0.0002,-0.3175,0.3069,-0.0116
2026-09-03T17:42:27Z,2026-09-03 17:41:31,SPXW,2026-09-08,C,7430.0,7740.4302,305.2,1.0,322.9,1.0,280.32,3.0,5.0,0.1615,0.9884,0.0002,-0.1714,0.316,1.0046
2026-09-03T17:42:27Z,2026-09-03 17:41:31,SPXW,2026-09-08,P,7430.0,7740.4302,0.5,264.0,0.6,399.0,0.54,203.0,491.0,0.1543,-0.0116,0.0002,-0.3245,0.316,-0.0119
2026-09-03T17:42:27Z,2026-09-03 17:41:31,SPXW,2026-09-08,C,7435.0,7740.4302,300.2,1.0,318.1,1.0,0.0,0.0,0.0,0.1619,0.988,0.0002,-0.1812,0.3256,1.0049
2026-09-03T17:42:27Z,2026-09-03 17:41:31,SPXW,2026-09-08,P,7435.0,7740.4302,0.5,308.0,0.6,391.0,0.7,51.0,1882.0,0.1521,-0.012,0.0002,-0.3318,0.3256,-0.0124
2026-09-03T17:42:27Z,2026-09-03 17:41:31,SPXW,2026-09-08,C,7440.0,7740.4302,295.2,1.0,314.2,1.0,197.71,0.0,4.0,0.1719,0.9876,0.0002,-0.1913,0.3357,1.0051
2026-09-03T17:42:27Z,2026-09-03 17:41:31,SPXW,2026-09-08,P,7440.0,7740.4302,0.55,60.0,0.6,268.0,0.7,91.0,312.0,0.1508,-0.0124,0.0002,-0.3395,0.3357,-0.0128
2026-09-03T17:42:27Z,2026-09-03 17:41:31,SPXW,2026-09-08,C,7445.0,7740.4302,290.4,1.0,307.8,1.0,0.0,0.0,0.0,0.1558,0.9871,0.0002,-0.2019,0.3462,1.0053
2026-09-03T17:42:27Z,2026-09-03 17:41:31,SPXW,2026-09-08,P,7445.0,7740.4302,0.55,234.0,0.65,372.0,0.65,51.0,557.0,0.1495,-0.0128,0.0002,-0.3476,0.3462,-0.0132
2026-09-03T17:42:27Z,2026-09-03 17:41:31,SPXW,2026-09-08,C,7450.0,7740.4302,285.2,1.0,303.5,1.0,260.77,3.0,5.0,0.1596,0.9866,0.0002,-0.2128,0.3573,1.0055
2026-09-03T17:42:27Z,2026-09-03 17:41:31,SPXW,2026-09-08,P,7450.0,7740.4302,0.55,388.0,0.65,470.0,0.62,593.0,9508.0,0.1472,-0.0133,0.0002,-0.3561,0.3573,-0.0138
2026-09-03T17:42:27Z,2026-09-03 17:41:31,SPXW,2026-09-08,C,7455.0,7740.4302,280.3,1.0,298.2,1.0,0.0,0.0,0.0,0.1549,0.9861,0.0003,-0.2242,0.369,1.0057
2026-09-03T17:42:27Z,2026-09-03 17:41:31,SPXW,2026-09-08,P,7455.0,7740.4302,0.6,98.0,0.65,212.0,0.7,146.0,313.0,0.1458,-0.0138,0.0003,-0.365,0.369,-0.0143
2026-09-03T17:42:27Z,2026-09-03 17:41:31,SPXW,2026-09-08,C,7460.0,7740.4302,275.3,1.0,293.2,1.0,197.57,0.0,9.0,0.1525,0.9856,0.0003,-0.2361,0.3813,1.0058
2026-09-03T17:42:27Z,2026-09-03 17:41:31,SPXW,2026-09-08,P,7460.0,7740.4302,0.6,264.0,0.7,381.0,0.67,103.0,6251.0,0.1444,-0.0144,0.0003,-0.3745,0.3813,-0.0148
2026-09-03T17:42:27Z,2026-09-03 17:41:31,SPXW,2026-09-08,C,7465.0,7740.4302,270.4,1.0,287.9,1.0,0.0,0.0,0.0,0.1476,0.985,0.0003,-0.2485,0.3942,1.0059
2026-09-03T17:42:27Z,2026-09-03 17:41:31,SPXW,2026-09-08,P,7465.0,7740.4302,0.6,377.0,0.7,302.0,0.8,62.0,289.0,0.1429,-0.0149,0.0003,-0.3845,0.3942,-0.0154
2026-09-03T17:42:27Z,2026-09-03 17:41:31,SPXW,2026-09-08,C,7470.0,7740.4302,265.4,1.0,284.4,1.0,0.0,0.0,0.0,0.1604,0.9844,0.0003,-0.2615,0.4078,1.0059
2026-09-03T17:42:27Z,2026-09-03 17:41:31,SPXW,2026-09-08,P,7470.0,7740.4302,0.65,138.0,0.75,355.0,0.7,101.0,478.0,0.1406,-0.0155,0.0003,-0.395,0.4078,-0.0161
2026-09-03T17:42:27Z,2026-09-03 17:41:31,SPXW,2026-09-08,C,7475.0,7740.4302,260.4,1.0,278.3,1.0,260.28,1.0,13.0,0.1475,0.9837,0.0003,-0.2751,0.4222,1.0059
2026-09-03T17:42:27Z,2026-09-03 17:41:31,SPXW,2026-09-08,P,7475.0,7740.4302,0.65,370.0,0.75,334.0,0.72,287.0,1324.0,0.1391,-0.0162,0.0003,-0.4062,0.4222,-0.0168
2026-09-03T17:42:27Z,2026-09-03 17:41:31,SPXW,2026-09-08,C,7480.0,7740.4302,256.2,1.0,274.2,1.0,196.12,0.0,11.0,0.16,0.983,0.0003,-0.2894,0.4374,1.0059
2026-09-03T17:42:27Z,2026-09-03 17:41:31,SPXW,2026-09-08,P,7480.0,7740.4302,0.7,156.0,0.8,368.0,0.8,99.0,295.0,0.1382,-0.0169,0.0003,-0.4181,0.4374,-0.0175
2026-09-03T17:42:27Z,2026-09-03 17:41:31,SPXW,2026-09-08,C,7485.0,7740.4302,250.5,1.0,269.3,1.0,0.0,0.0,0.0,0.1528,0.9823,0.0004,-0.3044,0.4536,1.0058
2026-09-03T17:42:27Z,2026-09-03 17:41:31,SPXW,2026-09-08,P,7485.0,7740.4302,0.7,273.0,0.8,283.0,0.95,160.0,240.0,0.1359,-0.0176,0.0004,-0.4306,0.4536,-0.0183
2026-09-03T17:42:27Z,2026-09-03 17:41:31,SPXW,2026-09-08,C,7490.0,7740.4302,246.3,1.0,264.5,1.0,227.84,1.0,5.0,0.1576,0.9815,0.0004,-0.3202,0.4707,1.0056
2026-09-03T17:42:27Z,2026-09-03 17:41:31,SPXW,2026-09-08,P,7490.0,7740.4302,0.75,235.0,0.85,356.0,0.85,93.0,342.0,0.1348,-0.0184,0.0004,-0.444,0.4707,-0.0191
2026-09-03T17:42:27Z,2026-09-03 17:41:31,SPXW,2026-09-08,C,7495.0,7740.4302,240.6,1.0,259.0,1.0,181.76,0.0,10.0,0.146,0.9807,0.0004,-0.3369,0.4889,1.0054
2026-09-03T17:42:27Z,2026-09-03 17:41:31,SPXW,2026-09-08,P,7495.0,7740.4302,0.8,91.0,0.85,77.0,0.92,246.0,1778.0,0.1331,-0.0193,0.0004,-0.4582,0.4889,-0.02
2026-09-03T17:42:27Z,2026-09-03 17:41:31,SPXW,2026-09-08,C,7500.0,7740.4302,235.7,1.0,253.4,1.0,250.68,8.0,166.0,0.1391,0.9797,0.0004,-0.3544,0.5081,1.0052
2026-09-03T17:42:27Z,2026-09-03 17:41:31,SPXW,2026-09-08,P,7500.0,7740.4302,0.8,391.0,0.9,296.0,0.85,1121.0,3745.0,0.1314,-0.0202,0.0004,-0.4732,0.5081,-0.0209
2026-09-03T17:42:27Z,2026-09-03 17:41:31,SPXW,2026-09-08,C,7505.0,7740.4302,230.8,1.0,248.7,1.0,245.13,5.0,1.0,0.1401,0.9788,0.0004,-0.3728,0.5286,1.0048
2026-09-03T17:42:27Z,2026-09-03 17:41:31,SPXW,2026-09-08,P,7505.0,7740.4302,0.85,230.0,0.95,350.0,1.02,305.0,248.0,0.1302,-0.0212,0.0004,-0.4893,0.5286,-0.0219
2026-09-03T17:42:27Z,2026-09-03 17:41:31,SPXW,2026-09-08,C,7510.0,7740.4302,224.2,1.0,243.4,1.0,192.56,2.0,35.0,0.1165,0.9777,0.0004,-0.3924,0.5502,1.0044
2026-09-03T17:42:27Z,2026-09-03 17:41:31,SPXW,2026-09-08,P,7510.0,7740.4302,0.9,113.0,1.0,345.0,1.05,158.0,393.0,0.1289,-0.0222,0.0004,-0.5064,0.5502,-0.023
2026-09-03T17:42:27Z,2026-09-03 17:41:31,SPXW,2026-09-08,C,7515.0,7740.4302,220.9,1.0,239.7,1.0,140.22,0.0,1.0,0.1431,0.9766,0.0005,-0.413,0.5732,1.0039
2026-09-03T17:42:27Z,2026-09-03 17:41:31,SPXW,2026-09-08,P,7515.0,7740.4302,0.95,92.0,1.05,340.0,1.1,471.0,258.0,0.1275,-0.0234,0.0005,-0.5246,0.5732,-0.0243
2026-09-03T17:42:27Z,2026-09-03 17:41:31,SPXW,2026-09-08,C,7520.0,7740.4302,216.1,1.0,234.0,1.0,172.36,0.0,8.0,0.137,0.9753,0.0005,-0.4349,0.5975,1.0033
2026-09-03T17:42:27Z,2026-09-03 17:41:31,SPXW,2026-09-08,P,7520.0,7740.4302,1.0,86.0,1.1,336.0,1.05,148.0,510.0,0.1261,-0.0246,0.0005,-0.544,0.5975,-0.0256
2026-09-03T17:42:27Z,2026-09-03 17:41:31,SPXW,2026-09-08,C,7525.0,7740.4302,211.0,1.0,229.2,1.0,203.3,6.0,25.0,0.1351,0.974,0.0005,-0.4581,0.6234,1.0026
2026-09-03T17:42:27Z,2026-09-03 17:41:31,SPXW,2026-09-08,P,7525.0,7740.4302,1.05,110.0,1.15,424.0,1.15,259.0,443.0,0.1246,-0.0259,0.0005,-0.5647,0.6234,-0.027
2026-09-03T17:42:27Z,2026-09-03 17:41:31,SPXW,2026-09-08,C,7530.0,7740.4302,207.6,1.0,221.7,1.0,198.61,6.0,34.0,0.1258,0.9726,0.0006,-0.4826,0.6511,1.0018
2026-09-03T17:42:27Z,2026-09-03 17:41:31,SPXW,2026-09-08,P,7530.0,7740.4302,1.1,89.0,1.2,331.0,1.25,118.0,958.0,0.1231,-0.0274,0.0006,-0.5868,0.6511,-0.0284
2026-09-03T17:42:27Z,2026-09-03 17:41:31,SPXW,2026-09-08,C,7535.0,7740.4302,203.1,1.0,214.7,1.0,117.08,0.0,3.0,0.1079,0.971,0.0006,-0.5087,0.6805,1.0008
2026-09-03T17:42:27Z,2026-09-03 17:41:31,SPXW,2026-09-08,P,7535.0,7740.4302,1.15,145.0,1.25,328.0,1.22,142.0,297.0,0.1215,-0.0289,0.0006,-0.6105,0.6805,-0.03
2026-09-03T17:42:27Z,2026-09-03 17:41:31,SPXW,2026-09-08,C,7540.0,7740.4302,197.7,1.0,211.8,1.0,178.45,1.0,3.0,0.1116,0.9694,0.0006,-0.5363,0.7119,0.9998
2026-09-03T17:42:27Z,2026-09-03 17:41:31,SPXW,2026-09-08,P,7540.0,7740.4302,1.2,297.0,1.3,252.0,1.27,249.0,246.0,0.1198,-0.0306,0.0006,-0.6357,0.7119,-0.0318
2026-09-03T17:42:27Z,2026-09-03 17:41:31,SPXW,2026-09-08,C,7545.0,7740.4302,192.8,1.0,206.0,1.0,173.56,1.0,3.0,0.1232,0.9676,0.0007,-0.5656,0.7452,0.9986
2026-09-03T17:42:27Z,2026-09-03 17:41:31,SPXW,2026-09-08,P,7545.0,7740.4302,1.3,79.0,1.4,322.0,1.35,240.0,1533.0,0.1189,-0.0324,0.0007,-0.6625,0.7452,-0.0337
2026-09-03T17:42:27Z,2026-09-03 17:41:31,SPXW,2026-09-08,C,7550.0,7740.4302,191.0,16.0,199.0,16.0,195.04,8.0,165.0,0.1206,0.9656,0.0007,-0.5967,0.7806,0.9972
2026-09-03T17:42:27Z,2026-09-03 17:41:31,SPXW,2026-09-08,P,7550.0,7740.4302,1.35,310.0,1.45,239.0,1.45,3132.0,1167.0,0.1171,-0.0343,0.0007,-0.6912,0.7806,-0.0357
2026-09-03T17:42:27Z,2026-09-03 17:41:31,SPXW,2026-09-08,C,7555.0,7740.4302,186.4,15.0,194.1,16.0,190.06,8.0,18.0,0.118,0.9635,0.0008,-0.6297,0.8181,0.9956
2026-09-03T17:42:27Z,2026-09-03 17:41:31,SPXW,2026-09-08,P,7555.0,7740.4302,1.45,96.0,1.55,300.0,1.52,169.0,315.0,0.116,-0.0364,0.0008,-0.7217,0.8181,-0.038
2026-09-03T17:42:27Z,2026-09-03 17:41:31,SPXW,2026-09-08,C,7560.0,7740.4302,181.2,16.0,189.5,16.0,185.44,7.0,12.0,0.1197,0.9612,0.0008,-0.6648,0.8579,0.9939
2026-09-03T17:42:27Z,2026-09-03 17:41:31,SPXW,2026-09-08,P,7560.0,7740.4302,1.55,21.0,1.65,290.0,1.6,307.0,1586.0,0.1148,-0.0387,0.0008,-0.7543,0.8579,-0.0404
2026-09-03T17:42:27Z,2026-09-03 17:41:31,SPXW,2026-09-08,C,7565.0,7740.4302,176.3,16.0,184.0,16.0,180.43,20.0,16.0,0.1146,0.9587,0.0008,-0.702,0.9004,0.992
2026-09-03T17:42:27Z,2026-09-03 17:41:31,SPXW,2026-09-08,P,7565.0,7740.4302,1.65,27.0,1.75,300.0,1.72,165.0,233.0,0.1135,-0.0412,0.0008,-0.7891,0.9004,-0.043
2026-09-03T17:42:27Z,2026-09-03 17:41:31,SPXW,2026-09-08,C,7570.0,7740.4302,171.4,16.0,179.7,16.0,176.7,8.0,19.0,0.1101,0.956,0.0009,-0.7414,0.9456,0.9898
2026-09-03T17:42:27Z,2026-09-03 17:41:31,SPXW,2026-09-08,P,7570.0,7740.4302,1.75,92.0,1.85,232.0,1.8,210.0,393.0,0.1121,-0.0439,0.0009,-0.8261,0.9456,-0.0458
2026-09-03T17:42:27Z,2026-09-03 17:41:31,SPXW,2026-09-08,C,7575.0,7740.4302,166.5,16.0,174.2,16.0,173.27,13.0,104.0,0.1086,0.9531,0.001,-0.7831,0.9936,0.9875
2026-09-03T17:42:27Z,2026-09-03 17:41:31,SPXW,2026-09-08,P,7575.0,7740.4302,1.85,158.0,1.95,148.0,1.92,337.0,3288.0,0.1106,-0.0469,0.001,-0.8654,0.9936,-0.0489
2026-09-03T17:42:27Z,2026-09-03 17:41:31,SPXW,2026-09-08,C,7580.0,7740.4302,161.7,16.0,169.3,16.0,168.42,202.0,32.0,0.1077,0.9499,0.001,-0.8274,1.0444,0.9848
2026-09-03T17:42:27Z,2026-09-03 17:41:31,SPXW,2026-09-08,P,7580.0,7740.4302,2.0,33.0,2.1,230.0,2.15,369.0,478.0,0.1096,-0.05,0.001,-0.9072,1.0444,-0.0523
2026-09-03T17:42:27Z,2026-09-03 17:41:31,SPXW,2026-09-08,C,7585.0,7740.4302,156.7,16.0,164.4,16.0,167.9,18.0,25.0,0.1055,0.9465,0.0011,-0.8741,1.098,0.9818
2026-09-03T17:42:27Z,2026-09-03 17:41:31,SPXW,2026-09-08,P,7585.0,7740.4302,2.15,35.0,2.2,23.0,2.25,279.0,411.0,0.1081,-0.0535,0.0011,-0.9515,1.098,-0.056
2026-09-03T17:42:27Z,2026-09-03 17:41:31,SPXW,2026-09-08,C,7590.0,7740.4302,152.0,16.0,159.1,16.0,161.8,18.0,62.0,0.1054,0.9427,0.0012,-0.9236,1.1546,0.9785
2026-09-03T17:42:27Z,2026-09-03 17:41:31,SPXW,2026-09-08,P,7590.0,7740.4302,2.3,62.0,2.35,38.0,2.47,205.0,247.0,0.1071,-0.0572,0.0012,-0.9985,1.1546,-0.0599
2026-09-03T17:42:27Z,2026-09-03 17:41:31,SPXW,2026-09-08,C,7595.0,7740.4302,147.2,16.0,154.2,16.0,116.33,10.0,21.0,0.104,0.9386,0.0012,-0.9758,1.2146,0.9749
2026-09-03T17:42:27Z,2026-09-03 17:41:31,SPXW,2026-09-08,P,7595.0,7740.4302,2.45,131.0,2.55,211.0,2.6,220.0,218.0,0.1057,-0.0613,0.0012,-1.0483,1.2146,-0.0642
2026-09-03T17:42:27Z,2026-09-03 17:41:31,SPXW,2026-09-08,C,7600.0,7740.4302,142.9,8.0,149.3,22.0,150.53,15.0,756.0,0.1026,0.9342,0.0013,-1.0309,1.2783,0.971
2026-09-03T17:42:27Z,2026-09-03 17:41:31,SPXW,2026-09-08,P,7600.0,7740.4302,2.65,56.0,2.7,35.0,2.8,961.0,2025.0,0.1044,-0.0657,0.0013,-1.101,1.2783,-0.0688
2026-09-03T17:42:27Z,2026-09-03 17:41:31,SPXW,2026-09-08,C,7605.0,7740.4302,137.8,16.0,144.7,16.0,145.63,17.0,62.0,0.1032,0.9295,0.0014,-1.0889,1.3454,0.9666
2026-09-03T17:42:27Z,2026-09-03 17:41:31,SPXW,2026-09-08,P,7605.0,7740.4302,2.85,51.0,2.9,19.0,3.02,385.0,168.0,0.1032,-0.0705,0.0014,-1.1565,1.3454,-0.0738
2026-09-03T17:42:27Z,2026-09-03 17:41:31,SPXW,2026-09-08,C,7610.0,7740.4302,132.9,16.0,139.7,16.0,138.82,22.0,54.0,0.1006,0.9243,0.0015,-1.1498,1.4157,0.9618
2026-09-03T17:42:27Z,2026-09-03 17:41:31,SPXW,2026-09-08,P,7610.0,7740.4302,3.0,215.0,3.2,159.0,3.3,367.0,474.0,0.1021,-0.0757,0.0015,-1.2149,1.4157,-0.0794
2026-09-03T17:42:27Z,2026-09-03 17:41:31,SPXW,2026-09-08,C,7615.0,7740.4302,128.2,16.0,135.1,16.0,94.63,2.0,79.0,0.1004,0.9186,0.0016,-1.2137,1.4892,0.9564
2026-09-03T17:42:27Z,2026-09-03 17:41:31,SPXW,2026-09-08,P,7615.0,7740.4302,3.3,82.0,3.4,125.0,3.53,175.0,306.0,0.101,-0.0813,0.0016,-1.2765,1.4892,-0.0854
2026-09-03T17:42:27Z,2026-09-03 17:41:31,SPXW,2026-09-08,C,7620.0,7740.4302,123.5,16.0,130.4,16.0,128.19,66.0,131.0,0.0995,0.9125,0.0017,-1.2807,1.5667,0.9507
2026-09-03T17:42:27Z,2026-09-03 17:41:31,SPXW,2026-09-08,P,7620.0,7740.4302,3.5,187.0,3.7,138.0,3.63,454.0,368.0,0.0998,-0.0874,0.0017,-1.341,1.5667,-0.0918
2026-09-03T17:42:27Z,2026-09-03 17:41:31,SPXW,2026-09-08,C,7625.0,7740.4302,119.2,7.0,125.5,22.0,131.08,43.0,1038.0,0.0974,0.9059,0.0018,-1.3507,1.6483,0.9445
2026-09-03T17:42:27Z,2026-09-03 17:41:31,SPXW,2026-09-08,P,7625.0,7740.4302,3.8,126.0,4.0,131.0,3.9,388.0,767.0,0.0987,-0.094,0.0018,-1.4086,1.6483,-0.0987
2026-09-03T17:42:27Z,2026-09-03 17:41:31,SPXW,2026-09-08,C,7630.0,7740.4302,113.8,16.0,120.8,16.0,125.1,37.0,193.0,0.0956,0.8988,0.002,-1.4237,1.7334,0.9375
2026-09-03T17:42:27Z,2026-09-03 17:41:31,SPXW,2026-09-08,P,7630.0,7740.4302,4.1,174.0,4.3,128.0,4.47,251.0,650.0,0.0978,-0.1012,0.002,-1.479,1.7334,-0.1064
2026-09-03T17:42:27Z,2026-09-03 17:41:31,SPXW,2026-09-08,C,7635.0,7740.4302,109.1,18.0,116.3,16.0,120.45,33.0,116.0,0.0949,0.891,0.0021,-1.4995,1.8214,0.9299
2026-09-03T17:42:27Z,2026-09-03 17:41:31,SPXW,2026-09-08,P,7635.0,7740.4302,4.5,78.0,4.6,94.0,4.85,166.0,213.0,0.0964,-0.1089,0.0021,-1.5525,1.8214,-0.1147
2026-09-03T17:42:27Z,2026-09-03 17:41:31,SPXW,2026-09-08,C,7640.0,7740.4302,104.4,16.0,111.7,16.0,111.14,29.0,156.0,0.0937,0.8826,0.0022,-1.5781,1.9128,0.9217
2026-09-03T17:42:27Z,2026-09-03 17:41:31,SPXW,2026-09-08,P,7640.0,7740.4302,4.9,15.0,5.0,104.0,5.2,413.0,372.0,0.0955,-0.1173,0.0022,-1.6286,1.9128,-0.1236
2026-09-03T17:42:27Z,2026-09-03 17:41:31,SPXW,2026-09-08,C,7645.0,7740.4302,99.8,1.0,107.2,16.0,107.6,26.0,152.0,0.0929,0.8736,0.0024,-1.6594,2.0082,0.9128
2026-09-03T17:42:27Z,2026-09-03 17:41:31,SPXW,2026-09-08,P,7645.0,7740.4302,5.3,65.0,5.4,88.0,5.53,175.0,219.0,0.0943,-0.1264,0.0024,-1.7075,2.0082,-0.1331
2026-09-03T17:42:27Z,2026-09-03 17:41:31,SPXW,2026-09-08,C,7650.0,7740.4302,96.4,8.0,102.5,22.0,100.88,83.0,706.0,0.0932,0.8638,0.0025,-1.743,2.107,0.9031
2026-09-03T17:42:27Z,2026-09-03 17:41:31,SPXW,2026-09-08,P,7650.0,7740.4302,5.7,100.0,5.9,102.0,6.0,3634.0,1134.0,0.0935,-0.1362,0.0025,-1.7886,2.107,-0.1436
2026-09-03T17:42:27Z,2026-09-03 17:41:31,SPXW,2026-09-08,C,7655.0,7740.4302,90.7,1.0,98.0,16.0,98.81,24.0,79.0,0.0904,0.8532,0.0027,-1.8286,2.2076,0.8923
2026-09-03T17:42:27Z,2026-09-03 17:41:31,SPXW,2026-09-08,P,7655.0,7740.4302,6.2,94.0,6.4,94.0,6.28,326.0,402.0,0.0924,-0.1468,0.0027,-1.8718,2.2076,-0.155
2026-09-03T17:42:27Z,2026-09-03 17:41:31,SPXW,2026-09-08,C,7660.0,7740.4302,86.2,16.0,93.3,16.0,91.7,84.0,144.0,0.0888,0.8418,0.0029,-1.9159,2.3104,0.8809
2026-09-03T17:42:27Z,2026-09-03 17:41:31,SPXW,2026-09-08,P,7660.0,7740.4302,6.8,6.0,6.9,79.0,6.87,755.0,639.0,0.0912,-0.1582,0.0029,-1.9567,2.3104,-0.1671
2026-09-03T17:42:27Z,2026-09-03 17:41:31,SPXW,2026-09-08,C,7665.0,7740.4302,82.0,16.0,89.1,16.0,92.97,148.0,174.0,0.0877,0.8295,0.0031,-2.0045,2.4164,0.8687
2026-09-03T17:42:27Z,2026-09-03 17:41:31,SPXW,2026-09-08,P,7665.0,7740.4302,7.4,1.0,7.5,85.0,7.9,459.0,219.0,0.0902,-0.1704,0.0031,-2.0428,2.4164,-0.18
2026-09-03T17:42:27Z,2026-09-03 17:41:31,SPXW,2026-09-08,C,7670.0,7740.4302,78.6,7.0,84.7,22.0,88.0,193.0,298.0,0.0878,0.8163,0.0032,-2.0937,2.524,0.8552
2026-09-03T17:42:27Z,2026-09-03 17:41:31,SPXW,2026-09-08,P,7670.0,7740.4302,8.0,76.0,8.2,79.0,8.4,1182.0,320.0,0.0894,-0.1836,0.0032,-2.1296,2.524,-0.1942
2026-09-03T17:42:27Z,2026-09-03 17:41:31,SPXW,2026-09-08,C,7675.0,7740.4302,74.3,8.0,80.4,22.0,79.38,81.0,422.0,0.0868,0.8021,0.0034,-2.1829,2.6311,0.8406
2026-09-03T17:42:27Z,2026-09-03 17:41:31,SPXW,2026-09-08,P,7675.0,7740.4302,8.7,75.0,8.9,74.0,9.4,608.0,2664.0,0.0883,-0.1978,0.0034,-2.2164,2.6311,-0.2094
2026-09-03T17:42:27Z,2026-09-03 17:41:31,SPXW,2026-09-08,C,7680.0,7740.4302,70.1,8.0,76.2,22.0,77.83,110.0,627.0,0.086,0.787,0.0036,-2.2714,2.7386,0.8253
2026-09-03T17:42:27Z,2026-09-03 17:41:31,SPXW,2026-09-08,P,7680.0,7740.4302,9.5,66.0,9.7,77.0,9.57,462.0,767.0,0.0874,-0.213,0.0036,-2.3024,2.7386,-0.2254
2026-09-03T17:42:27Z,2026-09-03 17:41:31,SPXW,2026-09-08,C,7685.0,7740.4302,65.8,3.0,71.4,3.0,72.09,147.0,190.0,0.0853,0.7707,0.0038,-2.3582,2.8467,0.8087
2026-09-03T17:42:27Z,2026-09-03 17:41:31,SPXW,2026-09-08,P,7685.0,7740.4302,10.4,9.0,10.5,38.0,10.87,796.0,545.0,0.0865,-0.2292,0.0038,-2.3868,2.8467,-0.2427
2026-09-03T17:42:27Z,2026-09-03 17:41:31,SPXW,2026-09-08,C,7690.0,7740.4302,64.2,1.0,66.2,1.0,70.32,285.0,460.0,0.0856,0.7535,0.004,-2.4424,2.9523,0.7907
2026-09-03T17:42:27Z,2026-09-03 17:41:31,SPXW,2026-09-08,P,7690.0,7740.4302,11.3,26.0,11.5,83.0,11.67,1067.0,986.0,0.0854,-0.2465,0.004,-2.4685,2.9523,-0.2614
2026-09-03T17:42:27Z,2026-09-03 17:41:31,SPXW,2026-09-08,C,7695.0,7740.4302,60.2,1.0,62.2,1.0,67.0,211.0,1642.0,0.0848,0.7351,0.0042,-2.5229,3.0542,0.7718
2026-09-03T17:42:27Z,2026-09-03 17:41:31,SPXW,2026-09-08,P,7695.0,7740.4302,12.3,45.0,12.5,81.0,12.5,790.0,535.0,0.0846,-0.2649,0.0042,-2.5466,3.0542,-0.281
2026-09-03T17:42:27Z,2026-09-03 17:41:31,SPXW,2026-09-08,C,7700.0,7740.4302,56.3,4.0,57.9,3.0,59.83,1704.0,1507.0,0.0835,0.7156,0.0044,-2.5986,3.1538,0.7518
2026-09-03T17:42:27Z,2026-09-03 17:41:31,SPXW,2026-09-08,P,7700.0,7740.4302,13.4,25.0,13.6,78.0,13.77,1793.0,719.0,0.0837,-0.2844,0.0044,-2.6198,3.1538,-0.3017
2026-09-03T17:42:27Z,2026-09-03 17:41:31,SPXW,2026-09-08,C,7705.0,7740.4302,53.3,11.0,53.5,2.0,52.2,367.0,261.0,0.0831,0.695,0.0046,-2.6682,3.2481,0.7301
2026-09-03T17:42:27Z,2026-09-03 17:41:31,SPXW,2026-09-08,P,7705.0,7740.4302,14.6,22.0,14.8,71.0,14.82,454.0,172.0,0.0828,-0.305,0.0046,-2.687,3.2481,-0.3241
2026-09-03T17:42:27Z,2026-09-03 17:41:31,SPXW,2026-09-08,C,7710.0,7740.4302,49.6,12.0,49.8,3.0,51.4,406.0,351.0,0.0822,0.6732,0.0048,-2.7303,3.3347,0.7076
2026-09-03T17:42:27Z,2026-09-03 17:41:31,SPXW,2026-09-08,P,7710.0,7740.4302,15.9,19.0,16.1,67.0,16.08,518.0,269.0,0.0817,-0.3267,0.0048,-2.7467,3.3347,-0.3472
2026-09-03T17:42:27Z,2026-09-03 17:41:31,SPXW,2026-09-08,C,7715.0,7740.4302,46.0,13.0,46.3,13.0,44.73,1194.0,900.0,0.0813,0.6504,0.005,-2.7838,3.4148,0.6839
2026-09-03T17:42:27Z,2026-09-03 17:41:31,SPXW,2026-09-08,P,7715.0,7740.4302,17.3,18.0,17.5,65.0,17.5,1050.0,832.0,0.081,-0.3496,0.005,-2.7978,3.4148,-0.3716
2026-09-03T17:42:27Z,2026-09-03 17:41:31,SPXW,2026-09-08,C,7720.0,7740.4302,42.5,14.0,42.7,5.0,41.45,887.0,719.0,0.0803,0.6265,0.0051,-2.8272,3.4859,0.6587
2026-09-03T17:42:27Z,2026-09-03 17:41:31,SPXW,2026-09-08,P,7720.0,7740.4302,18.8,1.0,19.0,59.0,19.2,882.0,833.0,0.08,-0.3735,0.0051,-2.8387,3.4859,-0.3975
2026-09-03T17:42:27Z,2026-09-03 17:41:31,SPXW,2026-09-08,C,7725.0,7740.4302,39.2,14.0,39.4,5.0,38.8,1457.0,1770.0,0.0796,0.6015,0.0053,-2.8593,3.5452,0.6329
2026-09-03T17:42:27Z,2026-09-03 17:41:31,SPXW,2026-09-08,P,7725.0,7740.4302,20.4,40.0,20.6,26.0,20.5,1347.0,225.0,0.0792,-0.3984,0.0053,-2.8683,3.5452,-0.424
2026-09-03T17:42:27Z,2026-09-03 17:41:31,SPXW,2026-09-08,C,7730.0,7740.4302,35.9,24.0,36.2,20.0,34.5,336.0,547.0,0.0786,0.5756,0.0054,-2.879,3.5935,0.6057
2026-09-03T17:42:27Z,2026-09-03 17:41:31,SPXW,2026-09-08,P,7730.0,7740.4302,22.2,17.0,22.4,25.0,22.89,579.0,211.0,0.0784,-0.4243,0.0054,-2.8855,3.5935,-0.4519
2026-09-03T17:42:27Z,2026-09-03 17:41:31,SPXW,2026-09-08,C,7735.0,7740.4302,32.9,40.0,33.1,6.0,35.0,545.0,380.0,0.078,0.5489,0.0055,-2.8848,3.6283,0.5774
2026-09-03T17:42:27Z,2026-09-03 17:41:31,SPXW,2026-09-08,P,7735.0,7740.4302,24.1,16.0,24.3,24.0,25.0,249.0,44.0,0.0776,-0.4511,0.0055,-2.889,3.6283,-0.4808
2026-09-03T17:42:27Z,2026-09-03 17:41:31,SPXW,2026-09-08,C,7740.0,7740.4302,29.9,49.0,30.1,6.0,30.1,1477.0,1063.0,0.077,0.5213,0.0056,-2.8763,3.6482,0.5488
2026-09-03T17:42:27Z,2026-09-03 17:41:31,SPXW,2026-09-08,P,7740.0,7740.4302,26.2,6.0,26.4,53.0,27.0,370.0,118.0,0.0767,-0.4786,0.0056,-2.878,3.6482,-0.5101
2026-09-03T17:42:27Z,2026-09-03 17:41:31,SPXW,2026-09-08,C,7745.0,7740.4302,27.1,51.0,27.3,6.0,28.1,814.0,952.0,0.0763,0.4931,0.0057,-2.8526,3.6525,0.5188
2026-09-03T17:42:27Z,2026-09-03 17:41:31,SPXW,2026-09-08,P,7745.0,7740.4302,28.4,6.0,28.5,8.0,28.3,475.0,58.0,0.0759,-0.5068,0.0057,-2.8518,3.6525,-0.5408
2026-09-03T17:42:27Z,2026-09-03 17:41:31,SPXW,2026-09-08,C,7750.0,7740.4302,24.5,44.0,24.6,6.0,24.4,2717.0,663.0,0.0756,0.4644,0.0057,-2.8131,3.6402,0.4888
2026-09-03T17:42:27Z,2026-09-03 17:41:31,SPXW,2026-09-08,P,7750.0,7740.4302,30.7,6.0,30.9,27.0,31.6,1438.0,482.0,0.0753,-0.5356,0.0057,-2.8099,3.6402,-0.5716
2026-09-03T17:42:27Z,2026-09-03 17:41:31,SPXW,2026-09-08,C,7755.0,7740.4302,22.0,30.0,22.2,25.0,20.9,559.0,399.0,0.0749,0.4353,0.0057,-2.758,3.6104,0.4582
2026-09-03T17:42:27Z,2026-09-03 17:41:31,SPXW,2026-09-08,P,7755.0,7740.4302,33.2,6.0,33.4,20.0,33.2,261.0,19.0,0.0745,-0.5646,0.0057,-2.7524,3.6104,-0.6028
2026-09-03T17:42:27Z,2026-09-03 17:41:31,SPXW,2026-09-08,C,7760.0,7740.4302,19.7,20.0,19.8,7.0,20.0,787.0,693.0,0.0741,0.4061,0.0057,-2.6873,3.5623,0.4272
2026-09-03T17:42:27Z,2026-09-03 17:41:31,SPXW,2026-09-08,P,7760.0,7740.4302,35.8,22.0,36.0,6.0,36.3,166.0,105.0,0.074,-0.5939,0.0057,-2.6792,3.5623,-0.6345
2026-09-03T17:42:27Z,2026-09-03 17:41:31,SPXW,2026-09-08,C,7765.0,7740.4302,17.5,31.0,17.6,7.0,16.5,590.0,901.0,0.0735,0.3769,0.0056,-2.6017,3.4973,0.3967
2026-09-03T17:42:27Z,2026-09-03 17:41:31,SPXW,2026-09-08,P,7765.0,7740.4302,38.7,5.0,38.9,33.0,39.2,115.0,38.0,0.0732,-0.6231,0.0056,-2.5912,3.4973,-0.6657
2026-09-03T17:42:27Z,2026-09-03 17:41:31,SPXW,2026-09-08,C,7770.0,7740.4302,15.5,31.0,15.6,7.0,15.5,578.0,1131.0,0.0728,0.3479,0.0055,-2.502,3.4134,0.3658
2026-09-03T17:42:27Z,2026-09-03 17:41:31,SPXW,2026-09-08,P,7770.0,7740.4302,41.6,13.0,41.9,13.0,40.16,69.0,160.0,0.0726,-0.652,0.0055,-2.4891,3.4134,-0.6972
2026-09-03T17:42:27Z,2026-09-03 17:41:31,SPXW,2026-09-08,C,7775.0,7740.4302,13.6,62.0,13.8,22.0,13.3,976.0,1512.0,0.0722,0.3194,0.0054,-2.3895,3.3133,0.336
2026-09-03T17:42:27Z,2026-09-03 17:41:31,SPXW,2026-09-08,P,7775.0,7740.4302,44.8,3.0,45.0,11.0,45.8,56.0,153.0,0.0718,-0.6805,0.0054,-2.3741,3.3133,-0.7277
2026-09-03T17:42:27Z,2026-09-03 17:41:31,SPXW,2026-09-08,C,7780.0,7740.4302,11.9,40.0,12.1,62.0,11.79,628.0,751.0,0.0716,0.2916,0.0052,-2.2658,3.1974,0.3064
2026-09-03T17:42:27Z,2026-09-03 17:41:31,SPXW,2026-09-08,P,7780.0,7740.4302,48.0,8.0,48.3,8.0,49.19,155.0,74.0,0.0712,-0.7083,0.0052,-2.2479,3.1974,-0.758
2026-09-03T17:42:27Z,2026-09-03 17:41:31,SPXW,2026-09-08,C,7785.0,7740.4302,10.4,35.0,10.5,8.0,9.8,338.0,540.0,0.0712,0.2646,0.005,-2.1324,3.0657,0.2781
2026-09-03T17:42:27Z,2026-09-03 17:41:31,SPXW,2026-09-08,P,7785.0,7740.4302,50.9,2.0,52.6,3.0,51.85,19.0,14.0,0.0712,-0.7353,0.005,-2.1121,3.0657,-0.787
2026-09-03T17:42:27Z,2026-09-03 17:41:31,SPXW,2026-09-08,C,7790.0,7740.4302,9.0,7.0,9.1,36.0,8.4,399.0,1573.0,0.0706,0.2387,0.0048,-1.9915,2.923,0.2507
2026-09-03T17:42:27Z,2026-09-03 17:41:31,SPXW,2026-09-08,P,7790.0,7740.4302,52.9,2.0,58.5,1.0,51.15,8.0,40.0,0.0715,-0.7612,0.0048,-1.9688,2.923,-0.8151
2026-09-03T17:42:27Z,2026-09-03 17:41:31,SPXW,2026-09-08,C,7795.0,7740.4302,7.7,75.0,7.8,10.0,7.36,331.0,1161.0,0.07,0.214,0.0045,-1.8451,2.7672,0.2245
2026-09-03T17:42:27Z,2026-09-03 17:41:31,SPXW,2026-09-08,P,7795.0,7740.4302,56.6,1.0,62.3,1.0,74.03,3.0,10.0,0.0709,-0.786,0.0045,-1.8199,2.7672,-0.842
2026-09-03T17:42:27Z,2026-09-03 17:41:31,SPXW,2026-09-08,C,7800.0,7740.4302,6.6,41.0,6.7,45.0,6.6,4154.0,3685.0,0.0695,0.1905,0.0043,-1.6955,2.6042,0.1999
2026-09-03T17:42:27Z,2026-09-03 17:41:31,SPXW,2026-09-08,P,7800.0,7740.4302,60.4,1.0,65.9,13.0,58.65,27.0,979.0,0.0706,-0.8094,0.0043,-1.6679,2.6042,-0.8672
2026-09-03T17:42:27Z,2026-09-03 17:41:31,SPXW,2026-09-08,C,7805.0,7740.4302,5.6,84.0,5.8,77.0,5.2,374.0,2563.0,0.069,0.1686,0.004,-1.5452,2.4337,0.1766
2026-09-03T17:42:27Z,2026-09-03 17:41:31,SPXW,2026-09-08,P,7805.0,7740.4302,64.3,1.0,70.5,1.0,95.0,2.0,15.0,0.0704,-0.8314,0.004,-1.5152,2.4337,-0.8912
2026-09-03T17:42:27Z,2026-09-03 17:41:31,SPXW,2026-09-08,C,7810.0,7740.4302,4.7,94.0,4.9,86.0,4.67,383.0,903.0,0.0687,0.1481,0.0037,-1.3967,2.2595,0.1552
2026-09-03T17:42:27Z,2026-09-03 17:41:31,SPXW,2026-09-08,P,7810.0,7740.4302,68.4,2.0,74.3,1.0,70.13,138.0,29.0,0.0695,-0.8518,0.0037,-1.3643,2.2595,-0.9133
2026-09-03T17:42:27Z,2026-09-03 17:41:31,SPXW,2026-09-08,C,7815.0,7740.4302,4.0,46.0,4.1,60.0,3.7,248.0,713.0,0.0684,0.1294,0.0034,-1.2526,2.0844,0.1353
2026-09-03T17:42:27Z,2026-09-03 17:41:31,SPXW,2026-09-08,P,7815.0,7740.4302,72.6,2.0,78.5,1.0,72.6,0.0,8.0,0.0702,-0.8706,0.0034,-1.2177,2.0844,-0.9339
2026-09-03T17:42:27Z,2026-09-03 17:41:31,SPXW,2026-09-08,C,7820.0,7740.4302,3.3,112.0,3.5,110.0,3.15,764.0,699.0,0.068,0.1123,0.0031,-1.1151,1.9105,0.1175
2026-09-03T17:42:27Z,2026-09-03 17:41:31,SPXW,2026-09-08,P,7820.0,7740.4302,76.8,1.0,83.2,1.0,119.68,4.0,85.0,0.069,-0.8876,0.0031,-1.0777,1.9105,-0.9524
2026-09-03T17:42:27Z,2026-09-03 17:41:31,SPXW,2026-09-08,C,7825.0,7740.4302,2.8,46.0,2.85,19.0,2.65,420.0,548.0,0.0678,0.097,0.0028,-0.9864,1.7415,0.1012
2026-09-03T17:42:27Z,2026-09-03 17:41:31,SPXW,2026-09-08,P,7825.0,7740.4302,80.9,1.0,87.7,1.0,166.2,0.0,25.0,0.0679,-0.9029,0.0028,-0.9466,1.7415,-0.9694
2026-09-03T17:42:27Z,2026-09-03 17:41:31,SPXW,2026-09-08,C,7830.0,7740.4302,2.3,127.0,2.4,118.0,2.21,578.0,1485.0,0.0676,0.0834,0.0025,-0.8678,1.5792,0.0871
2026-09-03T17:42:27Z,2026-09-03 17:41:31,SPXW,2026-09-08,P,7830.0,7740.4302,85.8,1.0,92.3,1.0,87.25,12.0,48.0,0.0693,-0.9165,0.0025,-0.8256,1.5792,-0.9842
2026-09-03T17:42:27Z,2026-09-03 17:41:31,SPXW,2026-09-08,C,7835.0,7740.4302,1.9,125.0,2.0,111.0,1.75,391.0,811.0,0.0674,0.0716,0.0022,-0.7606,1.4262,0.0745
2026-09-03T17:42:27Z,2026-09-03 17:41:31,SPXW,2026-09-08,P,7835.0,7740.4302,90.3,2.0,97.0,1.0,0.0,0.0,0.0,0.0698,-0.9284,0.0022,-0.7159,1.4262,-0.9974
2026-09-03T17:42:27Z,2026-09-03 17:41:31,SPXW,2026-09-08,C,7840.0,7740.4302,1.55,134.0,1.65,79.0,1.45,229.0,678.0,0.0674,0.0613,0.002,-0.665,1.284,0.0638
2026-09-03T17:42:27Z,2026-09-03 17:41:31,SPXW,2026-09-08,P,7840.0,7740.4302,94.5,1.0,101.7,1.0,166.79,0.0,16.0,0.0677,-0.9386,0.002,-0.6179,1.284,-1.0088
2026-09-03T17:42:27Z,2026-09-03 17:41:31,SPXW,2026-09-08,C,7845.0,7740.4302,1.3,124.0,1.4,199.0,1.2,151.0,1012.0,0.0674,0.0525,0.0017,-0.5809,1.1535,0.0545
2026-09-03T17:42:27Z,2026-09-03 17:41:31,SPXW,2026-09-08,P,7845.0,7740.4302,99.4,1.0,106.5,16.0,167.72,0.0,1.0,0.069,-0.9475,0.0017,-0.5314,1.1535,-1.0188
2026-09-03T17:42:27Z,2026-09-03 17:41:31,SPXW,2026-09-08,C,7850.0,7740.4302,1.05,199.0,1.15,31.0,1.1,578.0,1863.0,0.0675,0.045,0.0015,-0.5078,1.0351,0.0467
2026-09-03T17:42:27Z,2026-09-03 17:41:31,SPXW,2026-09-08,P,7850.0,7740.4302,103.4,16.0,111.4,16.0,108.75,10.0,40.0,0.0655,-0.955,0.0015,-0.4558,1.0351,-1.0273
2026-09-03T17:42:27Z,2026-09-03 17:41:31,SPXW,2026-09-08,C,7855.0,7740.4302,0.9,68.0,0.95,8.0,0.85,66.0,402.0,0.0675,0.0386,0.0013,-0.4448,0.9292,0.0401
2026-09-03T17:42:27Z,2026-09-03 17:41:31,SPXW,2026-09-08,P,7855.0,7740.4302,108.7,16.0,116.2,16.0,108.1,20.0,0.0,0.0716,-0.9613,0.0013,-0.3903,0.9292,-1.0346
2026-09-03T17:42:27Z,2026-09-03 17:41:31,SPXW,2026-09-08,C,7860.0,7740.4302,0.75,117.0,0.8,8.0,0.85,149.0,1270.0,0.0681,0.0333,0.0012,-0.3909,0.8345,0.0345
2026-09-03T17:42:27Z,2026-09-03 17:41:31,SPXW,2026-09-08,P,7860.0,7740.4302,113.5,16.0,121.1,16.0,103.25,0.0,3.0,0.0691,-0.9666,0.0012,-0.334,0.8345,-1.0409
2026-09-03T17:42:27Z,2026-09-03 17:41:31,SPXW,2026-09-08,C,7865.0,7740.4302,0.6,240.0,0.7,140.0,0.65,78.0,272.0,0.0685,0.0289,0.001,-0.345,0.751,0.0298
2026-09-03T17:42:27Z,2026-09-03 17:41:31,SPXW,2026-09-08,P,7865.0,7740.4302,118.5,16.0,126.0,16.0,0.0,0.0,0.0,0.0708,-0.9711,0.001,-0.2856,0.751,-1.0462
2026-09-03T17:42:27Z,2026-09-03 17:41:31,SPXW,2026-09-08,C,7870.0,7740.4302,0.5,266.0,0.6,154.0,1.0,94.0,350.0,0.0689,0.0251,0.0009,-0.306,0.6777,0.026
2026-09-03T17:42:27Z,2026-09-03 17:41:31,SPXW,2026-09-08,P,7870.0,7740.4302,123.5,16.0,130.5,16.0,150.45,0.0,2.0,0.0732,-0.9748,0.0009,-0.2442,0.6777,-1.0508
2026-09-03T17:42:27Z,2026-09-03 17:41:31,SPXW,2026-09-08,C,7875.0,7740.4302,0.45,268.0,0.55,505.0,0.47,57.0,2581.0,0.0702,0.022,0.0008,-0.2731,0.6132,0.0227
2026-09-03T17:42:27Z,2026-09-03 17:41:31,SPXW,2026-09-08,P,7875.0,7740.4302,128.4,16.0,135.9,16.0,173.92,32.0,169.0,0.074,-0.9779,0.0008,-0.2089,0.6132,-1.0547
2026-09-03T17:42:27Z,2026-09-03 17:41:31,SPXW,2026-09-08,C,7880.0,7740.4302,0.4,174.0,0.45,123.0,0.45,465.0,1171.0,0.0707,0.0194,0.0007,-0.2452,0.5568,0.02
2026-09-03T17:42:27Z,2026-09-03 17:41:31,SPXW,2026-09-08,P,7880.0,7740.4302,133.3,15.0,141.0,15.0,0.0,0.0,0.0,0.0763,-0.9805,0.0007,-0.1786,0.5568,-1.0581
2026-09-03T17:42:27Z,2026-09-03 17:41:31,SPXW,2026-09-08,C,7885.0,7740.4302,0.35,194.0,0.4,82.0,0.57,30.0,27.0,0.0716,0.0172,0.0006,-0.2217,0.5078,0.0177
2026-09-03T17:42:27Z,2026-09-03 17:41:31,SPXW,2026-09-08,P,7885.0,7740.4302,138.3,15.0,145.9,15.0,0.0,0.0,0.0,0.0778,-0.9827,0.0006,-0.1526,0.5078,-1.061
2026-09-03T17:42:27Z,2026-09-03 17:41:31,SPXW,2026-09-08,C,7890.0,7740.4302,0.3,262.0,0.4,651.0,0.5,331.0,518.0,0.0722,0.0154,0.0006,-0.2018,0.4649,0.0158
2026-09-03T17:42:27Z,2026-09-03 17:41:31,SPXW,2026-09-08,P,7890.0,7740.4302,143.2,15.0,150.8,15.0,125.62,0.0,3.0,0.0781,-0.9846,0.0006,-0.1302,0.4649,-1.0636
2026-09-03T17:42:27Z,2026-09-03 17:41:31,SPXW,2026-09-08,C,7895.0,7740.4302,0.25,309.0,0.35,522.0,0.3,22.0,51.0,0.0735,0.0138,0.0005,-0.1849,0.4273,0.0142
2026-09-03T17:42:27Z,2026-09-03 17:41:31,SPXW,2026-09-08,P,7895.0,7740.4302,148.1,15.0,155.9,15.0,0.0,0.0,1.0,0.0804,-0.9861,0.0005,-0.1109,0.4273,-1.066
2026-09-03T17:42:27Z,2026-09-03 17:41:31,SPXW,2026-09-08,C,7900.0,7740.4302,0.25,226.0,0.3,56.0,0.25,184.0,3986.0,0.0747,0.0125,0.0005,-0.1705,0.3948,0.0129
2026-09-03T17:42:27Z,2026-09-03 17:41:31,SPXW,2026-09-08,P,7900.0,7740.4302,153.1,15.0,160.8,15.0,231.48,0.0,40.0,0.0815,-0.9874,0.0005,-0.0941,0.3945,-1.068
2026-09-03T17:42:27Z,2026-09-03 17:41:31,SPXW,2026-09-08,C,7905.0,7740.4302,0.25,8.0,0.3,369.0,0.12,2.0,22.0,0.0767,0.0114,0.0004,-0.1581,0.366,0.0117
2026-09-03T17:42:27Z,2026-09-03 17:41:31,SPXW,2026-09-08,P,7905.0,7740.4302,158.1,15.0,165.8,15.0,0.0,0.0,0.0,0.0838,-0.9885,0.0004,-0.0794,0.3658,-1.0698
2026-09-03T17:42:27Z,2026-09-03 17:41:31,SPXW,2026-09-08,C,7910.0,7740.4302,0.2,327.0,0.3,563.0,0.35,273.0,1967.0,0.0778,0.0105,0.0004,-0.1476,0.3406,0.0107
2026-09-03T17:42:27Z,2026-09-03 17:41:31,SPXW,2026-09-08,P,7910.0,7740.4302,163.0,15.0,170.7,15.0,249.41,0.0,2.0,0.0834,-0.9895,0.0004,-0.0665,0.3406,-1.0715
2026-09-03T17:42:27Z,2026-09-03 17:41:31,SPXW,2026-09-08,C,7915.0,7740.4302,0.2,250.0,0.25,194.0,0.35,2.0,122.0,0.0788,0.0096,0.0004,-0.1385,0.3183,0.0099
2026-09-03T17:42:27Z,2026-09-03 17:41:31,SPXW,2026-09-08,P,7915.0,7740.4302,168.1,15.0,175.3,15.0,0.0,0.0,0.0,0.0883,-0.9903,0.0004,-0.055,0.3183,-1.073
2026-09-03T17:42:27Z,2026-09-03 17:41:31,SPXW,2026-09-08,C,7920.0,7740.4302,0.2,95.0,0.25,346.0,0.25,9.0,436.0,0.0808,0.0089,0.0003,-0.1307,0.2984,0.0091
2026-09-03T17:42:27Z,2026-09-03 17:41:31,SPXW,2026-09-08,P,7920.0,7740.4302,173.1,15.0,180.3,15.0,258.81,0.0,2.0,0.0905,-0.991,0.0003,-0.0448,0.2985,-1.0744
2026-09-03T17:42:27Z,2026-09-03 17:41:31,SPXW,2026-09-08,C,7925.0,7740.4302,0.2,8.0,0.25,686.0,0.22,14.0,427.0,0.0828,0.0083,0.0003,-0.124,0.2808,0.0085
2026-09-03T17:42:27Z,2026-09-03 17:41:31,SPXW,2026-09-08,P,7925.0,7740.4302,178.0,15.0,185.8,15.0,188.66,0.0,4.0,0.0914,-0.9916,0.0003,-0.0357,0.2809,-1.0758
2026-09-03T17:42:27Z,2026-09-03 17:41:31,SPXW,2026-09-08,C,7930.0,7740.4302,0.15,376.0,0.25,604.0,0.27,1.0,156.0,0.0835,0.0078,0.0003,-0.1181,0.2651,0.0079
2026-09-03T17:42:27Z,2026-09-03 17:41:31,SPXW,2026-09-08,P,7930.0,7740.4302,183.0,15.0,190.3,15.0,0.0,0.0,0.0,0.0936,-0.9921,0.0003,-0.0274,0.2653,-1.077
2026-09-03T17:42:27Z,2026-09-03 17:41:31,SPXW,2026-09-08,C,7940.0,7740.4302,0.15,319.0,0.2,220.0,0.22,147.0,1099.0,0.086,0.0069,0.0002,-0.1085,0.2385,0.007
2026-09-03T17:42:27Z,2026-09-03 17:41:31,SPXW,2026-09-08,P,7940.0,7740.4302,193.0,15.0,200.6,15.0,0.0,0.0,0.0,0.095,-0.993,0.0002,-0.0129,0.2387,-1.0793
2026-09-03T17:42:27Z,2026-09-03 17:41:31,SPXW,2026-09-08,C,7950.0,7740.4302,0.15,304.0,0.2,421.0,0.2,19.0,762.0,0.0899,0.0062,0.0002,-0.101,0.2168,0.0063
2026-09-03T17:42:27Z,2026-09-03 17:41:31,SPXW,2026-09-08,P,7950.0,7740.4302,199.8,1.0,214.1,2.0,298.22,0.0,2.0,0.1038,-0.9937,0.0002,-0.0005,0.2171,-1.0814
2026-09-03T17:42:27Z,2026-09-03 17:41:31,SPXW,2026-09-08,C,7960.0,7740.4302,0.15,8.0,0.2,606.0,0.2,50.0,65.0,0.0937,0.0056,0.0002,-0.0954,0.1992,0.0057
2026-09-03T17:42:27Z,2026-09-03 17:41:31,SPXW,2026-09-08,P,7960.0,7740.4302,210.1,1.0,223.8,2.0,0.0,0.0,0.0,0.1082,-0.9943,0.0002,0.0,0.1992,-1.0833
2026-09-03T17:42:27Z,2026-09-03 17:41:31,SPXW,2026-09-08,C,7970.0,7740.4302,0.1,434.0,0.2,639.0,0.15,5.0,0.0,0.0958,0.0052,0.0002,-0.0904,0.1838,0.0052
2026-09-03T17:42:27Z,2026-09-03 17:41:31,SPXW,2026-09-08,P,7970.0,7740.4302,217.4,1.0,235.3,1.0,0.0,0.0,0.0,0.0,-0.9948,0.0002,0.0,0.1841,-1.0852
2026-09-03T17:42:27Z,2026-09-03 17:41:31,SPXW,2026-09-08,C,7975.0,7740.4302,0.1,427.0,0.2,734.0,0.14,53.0,723.0,0.0976,0.005,0.0002,-0.0884,0.1772,0.005
2026-09-03T17:42:27Z,2026-09-03 17:41:31,SPXW,2026-09-08,P,7975.0,7740.4302,221.1,1.0,240.3,1.0,249.05,0.0,1.0,0.0,-0.995,0.0002,0.0,0.1774,-1.086
2026-09-03T17:42:27Z,2026-09-03 17:41:31,SPXW,2026-09-08,C,7980.0,7740.4302,0.1,419.0,0.15,78.0,0.1,11.0,1.0,0.0975,0.0048,0.0001,-0.0866,0.1711,0.0049
2026-09-03T17:42:27Z,2026-09-03 17:41:31,SPXW,2026-09-08,P,7980.0,7740.4302,226.9,1.0,246.6,1.0,0.0,0.0,0.0,0.1103,-0.9951,0.0001,0.0,0.1713,-1.0869
2026-09-03T17:42:27Z,2026-09-03 17:41:31,SPXW,2026-09-08,C,7990.0,7740.4302,0.1,405.0,0.15,91.0,0.15,197.0,0.0,0.1012,0.0045,0.0001,-0.0834,0.1601,0.0045
2026-09-03T17:42:27Z,2026-09-03 17:41:31,SPXW,2026-09-08,P,7990.0,7740.4302,236.3,1.0,255.4,1.0,0.0,0.0,0.0,0.0,-0.9954,0.0001,0.0,0.1604,-1.0886
2026-09-03T17:42:27Z,2026-09-03 17:41:31,SPXW,2026-09-08,C,8000.0,7740.4302,0.1,342.0,0.15,100.0,0.2,33.0,675.0,0.1048,0.0042,0.0001,-0.0808,0.1507,0.0043
2026-09-03T17:42:27Z,2026-09-03 17:41:31,SPXW,2026-09-08,P,8000.0,7740.4302,246.3,1.0,265.5,1.0,357.95,0.0,7.0,0.0,-0.9957,0.0001,0.0,0.1509,-1.0902
2026-09-03T17:42:27Z,2026-09-03 17:41:31,SPXW,2026-09-08,C,8025.0,7740.4302,0.1,210.0,0.15,432.0,0.1,2.0,418.0,0.1138,0.0037,0.0001,-0.0761,0.1318,0.0037
2026-09-03T17:42:27Z,2026-09-03 17:41:31,SPXW,2026-09-08,P,8025.0,7740.4302,271.0,1.0,290.3,1.0,383.4,0.0,6.0,0.0,-0.9963,0.0001,0.0,0.1318,-1.0942
2026-09-03T17:42:27Z,2026-09-03 17:41:31,SPXW,2026-09-08,C,8050.0,7740.4302,0.05,756.0,0.15,750.0,0.07,3.0,445.0,0.12,0.0032,0.0001,-0.0724,0.1168,0.0033
2026-09-03T17:42:27Z,2026-09-03 17:41:31,SPXW,2026-09-08,P,8050.0,7740.4302,296.2,1.0,315.2,1.0,0.0,0.0,0.0,0.0,-0.9967,0.0001,0.0,0.1172,-1.0981
2026-09-03T17:42:27Z,2026-09-03 17:41:31,SPXW,2026-09-08,C,8075.0,7740.4302,0.05,560.0,0.15,832.0,0.07,10.0,401.0,0.1284,0.003,0.0001,-0.0699,0.1057,0.003
2026-09-03T17:42:27Z,2026-09-03 17:41:31,SPXW,2026-09-08,P,8075.0,7740.4302,321.2,1.0,340.2,1.0,0.0,0.0,0.0,0.0,-0.997,0.0001,0.0,0.1058,-1.1018
2026-09-03T17:42:27Z,2026-09-03 17:41:31,SPXW,2026-09-08,C,8100.0,7740.4302,0.05,469.0,0.15,974.0,0.1,205.0,5459.0,0.137,0.0027,0.0001,-0.068,0.0965,0.0027
2026-09-03T17:42:27Z,2026-09-03 17:41:31,SPXW,2026-09-08,P,8100.0,7740.4302,346.0,1.0,365.3,1.0,422.02,0.0,1.0,0.0,-0.9972,0.0001,0.0,0.0965,-1.1055
2026-09-03T17:42:27Z,2026-09-03 17:41:31,SPXW,2026-09-08,C,8125.0,7740.4302,0.05,204.0,0.1,283.0,0.05,6.0,204.0,0.1418,0.0025,0.0001,-0.0662,0.0884,0.0025
2026-09-03T17:42:27Z,2026-09-03 17:41:31,SPXW,2026-09-08,P,8125.0,7740.4302,370.9,1.0,391.6,1.0,0.0,0.0,0.0,0.0,-0.9974,0.0001,0.0,0.0887,-1.1091
2026-09-03T17:42:27Z,2026-09-03 17:41:31,SPXW,2026-09-08,C,8150.0,7740.4302,0.05,202.0,0.1,296.0,0.05,0.0,112.0,0.15,0.0023,0.0,-0.0648,0.0818,0.0023
2026-09-03T17:42:27Z,2026-09-03 17:41:31,SPXW,2026-09-08,P,8150.0,7740.4302,396.1,1.0,416.4,1.0,0.0,0.0,0.0,0.0,-0.9976,0.0,0.0,0.082,-1.1127
2026-09-03T17:42:27Z,2026-09-03 17:41:31,SPXW,2026-09-08,C,8175.0,7740.4302,0.05,111.0,0.1,398.0,0.05,0.0,25.0,0.1579,0.0022,0.0,-0.0636,0.0763,0.0022
2026-09-03T17:42:27Z,2026-09-03 17:41:31,SPXW,2026-09-08,P,8175.0,7740.4302,421.1,1.0,441.6,1.0,0.0,0.0,0.0,0.1582,-0.9978,0.0,0.0,0.0763,-1.1163
2026-09-03T17:42:27Z,2026-09-03 17:41:31,SPXW,2026-09-08,C,8200.0,7740.4302,0.0,0.0,0.1,363.0,0.05,30.0,294.0,0.1603,0.002,0.0,-0.0623,0.0712,0.002
2026-09-03T17:42:27Z,2026-09-03 17:41:31,SPXW,2026-09-08,P,8200.0,7740.4302,446.6,1.0,465.3,1.0,0.0,0.0,0.0,0.0,-0.9979,0.0,0.0,0.0713,-1.1199
2026-09-03T17:42:27Z,2026-09-03 17:41:31,SPXW,2026-09-08,C,8225.0,7740.4302,0.0,0.0,0.1,642.0,0.05,19.0,26.0,0.1681,0.0019,0.0,-0.0612,0.0667,0.0019
2026-09-03T17:42:27Z,2026-09-03 17:41:31,SPXW,2026-09-08,P,8225.0,7740.4302,471.6,1.0,491.3,1.0,0.0,0.0,0.0,0.1915,-0.998,0.0,0.0,0.0668,-1.1234
2026-09-03T17:42:27Z,2026-09-03 17:41:31,SPXW,2026-09-08,C,8250.0,7740.4302,0.0,0.0,0.1,648.0,0.05,8.0,33.0,0.1758,0.0018,0.0,-0.0602,0.0628,0.0018
2026-09-03T17:42:27Z,2026-09-03 17:41:31,SPXW,2026-09-08,P,8250.0,7740.4302,496.1,1.0,516.3,1.0,0.0,0.0,0.0,0.0,-0.9982,0.0,0.0,0.0628,-1.1269
2026-09-03T17:42:27Z,2026-09-03 17:41:31,SPXW,2026-09-08,C,8275.0,7740.4302,0.0,0.0,0.1,687.0,0.22,0.0,20.0,0.1835,0.0017,0.0,-0.0591,0.0592,0.0017
2026-09-03T17:42:27Z,2026-09-03 17:41:31,SPXW,2026-09-08,P,8275.0,7740.4302,521.9,1.0,541.5,1.0,0.0,0.0,0.0,0.2288,-0.9982,0.0,0.0,0.0592,-1.1304
2026-09-03T17:42:27Z,2026-09-03 17:41:31,SPXW,2026-09-08,C,8300.0,7740.4302,0.0,0.0,0.1,729.0,0.1,0.0,138.0,0.1911,0.0016,0.0,-0.0581,0.0559,0.0016
2026-09-03T17:42:27Z,2026-09-03 17:41:31,SPXW,2026-09-08,P,8300.0,7740.4302,545.8,1.0,565.1,1.0,0.0,0.0,0.0,0.0,-0.9983,0.0,0.0,0.056,-1.134
2026-09-03T17:42:27Z,2026-09-03 17:41:31,SPXW,2026-09-08,C,8325.0,7740.4302,0.0,0.0,0.1,692.0,0.05,0.0,101.0,0.1987,0.0015,0.0,-0.0572,0.053,0.0015
2026-09-03T17:42:27Z,2026-09-03 17:41:31,SPXW,2026-09-08,P,8325.0,7740.4302,571.0,1.0,591.4,1.0,0.0,0.0,0.0,0.1826,-0.9984,0.0,0.0,0.053,-1.1375
2026-09-03T17:42:27Z,2026-09-03 17:41:31,SPXW,2026-09-08,C,8400.0,7740.4302,0.0,0.0,0.1,786.0,0.1,0.0,112.0,0.2211,0.0013,0.0,-0.0543,0.0455,0.0013
2026-09-03T17:42:27Z,2026-09-03 17:41:31,SPXW,2026-09-08,P,8400.0,7740.4302,645.7,1.0,667.0,1.0,0.0,0.0,0.0,0.251,-0.9986,0.0,0.0,0.0455,-1.1479
2026-09-03T17:42:27Z,2026-09-03 17:41:31,SPXW,2026-09-08,C,8500.0,7740.4302,0.0,0.0,0.05,182.0,0.15,0.0,3.0,0.2378,0.0011,0.0,-0.0508,0.0379,0.0011
2026-09-03T17:42:27Z,2026-09-03 17:41:31,SPXW,2026-09-08,P,8500.0,7740.4302,745.9,1.0,766.3,1.0,0.0,0.0,0.0,0.2349,-0.9988,0.0,0.0,0.0379,-1.1618
2026-09-03T17:42:27Z,2026-09-03 17:41:31,SPXW,2026-09-09,C,6975.0,7740.4302,760.0,1.0,778.2,1.0,0.0,0.0,0.0,0.3229,0.9974,0.0,0.0,0.087,1.1419
2026-09-03T17:42:27Z,2026-09-03 17:41:31,SPXW,2026-09-09,P,6975.0,7740.4302,0.15,630.0,0.25,389.0,0.25,100.0,102.0,0.2889,-0.0026,0.0,-0.1361,0.0872,-0.0032
2026-09-03T17:42:27Z,2026-09-03 17:41:31,SPXW,2026-09-09,C,7000.0,7740.4302,735.0,1.0,752.6,1.0,708.22,0.0,6.0,0.2881,0.9972,0.0,0.0,0.0929,1.1458
2026-09-03T17:42:27Z,2026-09-03 17:41:31,SPXW,2026-09-09,P,7000.0,7740.4302,0.2,120.0,0.25,330.0,0.25,76.0,466.0,0.283,-0.0028,0.0,-0.142,0.0931,-0.0034
2026-09-03T17:42:27Z,2026-09-03 17:41:31,SPXW,2026-09-09,C,7025.0,7740.4302,710.1,1.0,728.3,1.0,0.0,0.0,0.0,0.3068,0.997,0.0,0.0,0.0994,1.1496
2026-09-03T17:42:27Z,2026-09-03 17:41:31,SPXW,2026-09-09,P,7025.0,7740.4302,0.2,268.0,0.25,180.0,0.55,0.0,460.0,0.274,-0.003,0.0,-0.1483,0.0996,-0.0036
2026-09-03T17:42:27Z,2026-09-03 17:41:31,SPXW,2026-09-09,C,7050.0,7740.4302,682.6,1.0,703.1,1.0,659.07,0.0,6.0,0.0,0.9967,0.0,0.0,0.1066,1.1534
2026-09-03T17:42:27Z,2026-09-03 17:41:31,SPXW,2026-09-09,P,7050.0,7740.4302,0.2,333.0,0.3,503.0,0.25,43.0,406.0,0.2676,-0.0032,0.0,-0.155,0.1068,-0.0039
2026-09-03T17:42:27Z,2026-09-03 17:41:31,SPXW,2026-09-09,C,7060.0,7740.4302,675.3,1.0,692.7,1.0,0.0,0.0,0.0,0.2791,0.9966,0.0,0.0,0.1096,1.1549
2026-09-03T17:42:27Z,2026-09-03 17:41:31,SPXW,2026-09-09,P,7060.0,7740.4302,0.2,477.0,0.3,368.0,0.0,0.0,0.0,0.264,-0.0033,0.0,-0.1579,0.1098,-0.0041
2026-09-03T17:42:27Z,2026-09-03 17:41:31,SPXW,2026-09-09,C,7070.0,7740.4302,665.3,1.0,682.8,1.0,0.0,0.0,0.0,0.2782,0.9965,0.0,0.0,0.1128,1.1564
2026-09-03T17:42:27Z,2026-09-03 17:41:31,SPXW,2026-09-09,P,7070.0,7740.4302,0.2,484.0,0.3,352.0,0.0,0.0,0.0,0.2603,-0.0034,0.0,-0.1608,0.113,-0.0042
2026-09-03T17:42:27Z,2026-09-03 17:41:31,SPXW,2026-09-09,C,7075.0,7740.4302,660.1,1.0,678.5,1.0,673.85,17.0,0.0,0.29,0.9965,0.0,0.0,0.1144,1.1572
2026-09-03T17:42:27Z,2026-09-03 17:41:31,SPXW,2026-09-09,P,7075.0,7740.4302,0.2,616.0,0.3,341.0,0.3,31.0,563.0,0.2585,-0.0035,0.0,-0.1623,0.1146,-0.0042
2026-09-03T17:42:27Z,2026-09-03 17:41:31,SPXW,2026-09-09,C,7080.0,7740.4302,653.8,1.0,672.5,1.0,0.0,0.0,0.0,0.0,0.9964,0.0,0.0,0.116,1.158
2026-09-03T17:42:27Z,2026-09-03 17:41:31,SPXW,2026-09-09,P,7080.0,7740.4302,0.2,518.0,0.3,331.0,0.0,0.0,0.0,0.2569,-0.0035,0.0,-0.1636,0.1161,-0.0043
2026-09-03T17:42:27Z,2026-09-03 17:41:31,SPXW,2026-09-09,C,7090.0,7740.4302,645.3,1.0,663.2,1.0,0.0,0.0,0.0,0.281,0.9963,0.0,0.0,0.1194,1.1595
2026-09-03T17:42:27Z,2026-09-03 17:41:31,SPXW,2026-09-09,P,7090.0,7740.4302,0.25,94.0,0.3,247.0,0.0,0.0,0.0,0.2554,-0.0036,0.0,-0.1669,0.1197,-0.0045
2026-09-03T17:42:27Z,2026-09-03 17:41:31,SPXW,2026-09-09,C,7100.0,7740.4302,635.2,1.0,653.5,1.0,648.93,18.0,0.0,0.2815,0.9962,0.0,0.0,0.123,1.161
2026-09-03T17:42:27Z,2026-09-03 17:41:31,SPXW,2026-09-09,P,7100.0,7740.4302,0.25,123.0,0.3,219.0,0.32,6.0,609.0,0.2518,-0.0037,0.0,-0.1702,0.1233,-0.0046
2026-09-03T17:42:27Z,2026-09-03 17:41:31,SPXW,2026-09-09,C,7110.0,7740.4302,623.9,1.0,643.6,1.0,0.0,0.0,0.0,0.2323,0.9961,0.0,0.0,0.1267,1.1624
2026-09-03T17:42:27Z,2026-09-03 17:41:31,SPXW,2026-09-09,P,7110.0,7740.4302,0.25,267.0,0.3,67.0,0.45,1.0,0.0,0.2481,-0.0039,0.0,-0.1735,0.127,-0.0048
2026-09-03T17:42:27Z,2026-09-03 17:41:31,SPXW,2026-09-09,C,7120.0,7740.4302,615.4,1.0,632.6,1.0,0.0,0.0,0.0,0.2532,0.996,0.0,0.0,0.1306,1.1639
2026-09-03T17:42:27Z,2026-09-03 17:41:31,SPXW,2026-09-09,P,7120.0,7740.4302,0.25,276.0,0.3,36.0,0.0,0.0,0.0,0.2444,-0.004,0.0,-0.1769,0.1309,-0.0049
2026-09-03T17:42:27Z,2026-09-03 17:41:31,SPXW,2026-09-09,C,7125.0,7740.4302,607.7,1.0,627.6,1.0,547.37,0.0,5.0,0.0,0.9959,0.0,0.0,0.1326,1.1647
2026-09-03T17:42:27Z,2026-09-03 17:41:31,SPXW,2026-09-09,P,7125.0,7740.4302,0.25,460.0,0.35,472.0,0.36,5.0,280.0,0.2447,-0.0041,0.0,-0.1787,0.1329,-0.005
2026-09-03T17:42:27Z,2026-09-03 17:41:31,SPXW,2026-09-09,C,7130.0,7740.4302,605.4,1.0,623.1,1.0,0.0,0.0,0.0,0.2637,0.9958,0.0,0.0,0.1346,1.1654
2026-09-03T17:42:27Z,2026-09-03 17:41:31,SPXW,2026-09-09,P,7130.0,7740.4302,0.25,426.0,0.35,357.0,0.0,0.0,0.0,0.2429,-0.0041,0.0,-0.1805,0.1349,-0.0051
2026-09-03T17:42:27Z,2026-09-03 17:41:31,SPXW,2026-09-09,C,7140.0,7740.4302,595.9,1.0,613.1,1.0,0.0,0.0,0.0,0.2703,0.9957,0.0,0.0,0.1389,1.1669
2026-09-03T17:42:27Z,2026-09-03 17:41:31,SPXW,2026-09-09,P,7140.0,7740.4302,0.25,506.0,0.35,339.0,0.5,50.0,0.0,0.2392,-0.0043,0.0,-0.1842,0.1392,-0.0053
2026-09-03T17:42:27Z,2026-09-03 17:41:31,SPXW,2026-09-09,C,7150.0,7740.4302,585.3,1.0,603.4,1.0,522.45,0.0,5.0,0.2597,0.9955,0.0,0.0,0.1434,1.1683
2026-09-03T17:42:27Z,2026-09-03 17:41:31,SPXW,2026-09-09,P,7150.0,7740.4302,0.3,65.0,0.35,258.0,0.42,1.0,121.0,0.2374,-0.0044,0.0,-0.188,0.1437,-0.0054
2026-09-03T17:42:27Z,2026-09-03 17:41:31,SPXW,2026-09-09,C,7160.0,7740.4302,575.9,1.0,592.7,1.0,0.0,0.0,0.0,0.2531,0.9954,0.0001,0.0,0.148,1.1698
2026-09-03T17:42:27Z,2026-09-03 17:41:31,SPXW,2026-09-09,P,7160.0,7740.4302,0.3,93.0,0.35,238.0,0.35,59.0,0.0,0.2337,-0.0046,0.0001,-0.1919,0.1484,-0.0056
2026-09-03T17:42:27Z,2026-09-03 17:41:31,SPXW,2026-09-09,C,7170.0,7740.4302,565.5,1.0,583.7,1.0,0.0,0.0,0.0,0.2609,0.9952,0.0001,0.0,0.153,1.1712
2026-09-03T17:42:27Z,2026-09-03 17:41:31,SPXW,2026-09-09,P,7170.0,7740.4302,0.3,212.0,0.35,61.0,0.5,2.0,127.0,0.23,-0.0047,0.0001,-0.196,0.1533,-0.0058
2026-09-03T17:42:27Z,2026-09-03 17:41:31,SPXW,2026-09-09,C,7175.0,7740.4302,561.0,1.0,578.2,1.0,521.52,0.0,3.0,0.2587,0.9951,0.0001,0.0,0.1555,1.1719
2026-09-03T17:42:27Z,2026-09-03 17:41:31,SPXW,2026-09-09,P,7175.0,7740.4302,0.3,253.0,0.35,36.0,0.46,14.0,127.0,0.2281,-0.0048,0.0001,-0.1981,0.1559,-0.0059
2026-09-03T17:42:27Z,2026-09-03 17:41:31,SPXW,2026-09-09,C,7180.0,7740.4302,554.0,1.0,573.2,1.0,0.0,0.0,0.0,0.0,0.995,0.0001,0.0,0.1581,1.1726
2026-09-03T17:42:27Z,2026-09-03 17:41:31,SPXW,2026-09-09,P,7180.0,7740.4302,0.3,283.0,0.35,36.0,0.75,0.0,7.0,0.2262,-0.0049,0.0001,-0.2002,0.1585,-0.006
2026-09-03T17:42:27Z,2026-09-03 17:41:31,SPXW,2026-09-09,C,7190.0,7740.4302,546.0,1.0,563.5,1.0,0.0,0.0,0.0,0.2571,0.9948,0.0001,0.0,0.1635,1.1741
2026-09-03T17:42:27Z,2026-09-03 17:41:31,SPXW,2026-09-09,P,7190.0,7740.4302,0.3,453.0,0.4,365.0,0.75,0.0,7.0,0.2243,-0.0051,0.0001,-0.2046,0.1639,-0.0063
2026-09-03T17:42:27Z,2026-09-03 17:41:31,SPXW,2026-09-09,C,7200.0,7740.4302,535.4,1.0,553.8,1.0,545.65,2.0,9.0,0.2477,0.9946,0.0001,0.0,0.1692,1.1755
2026-09-03T17:42:27Z,2026-09-03 17:41:31,SPXW,2026-09-09,P,7200.0,7740.4302,0.35,62.0,0.4,269.0,0.42,11.0,1683.0,0.2222,-0.0053,0.0001,-0.2092,0.1696,-0.0065
2026-09-03T17:42:27Z,2026-09-03 17:41:31,SPXW,2026-09-09,C,7210.0,7740.4302,522.8,2.0,543.9,1.0,0.0,0.0,0.0,0.0,0.9944,0.0001,0.0,0.1751,1.1769
2026-09-03T17:42:27Z,2026-09-03 17:41:31,SPXW,2026-09-09,P,7210.0,7740.4302,0.35,74.0,0.4,246.0,0.95,0.0,55.0,0.2184,-0.0055,0.0001,-0.214,0.1755,-0.0068
2026-09-03T17:42:27Z,2026-09-03 17:41:31,SPXW,2026-09-09,C,7215.0,7740.4302,520.5,1.0,539.1,1.0,0.0,0.0,0.0,0.2476,0.9944,0.0001,0.0,0.1782,1.1775
2026-09-03T17:42:27Z,2026-09-03 17:41:31,SPXW,2026-09-09,P,7215.0,7740.4302,0.35,131.0,0.4,235.0,0.0,0.0,0.0,0.2165,-0.0056,0.0001,-0.2164,0.1786,-0.0069
2026-09-03T17:42:27Z,2026-09-03 17:41:31,SPXW,2026-09-09,C,7220.0,7740.4302,515.4,1.0,533.4,1.0,0.0,0.0,0.0,0.2316,0.9942,0.0001,0.0,0.1813,1.1782
2026-09-03T17:42:27Z,2026-09-03 17:41:31,SPXW,2026-09-09,P,7220.0,7740.4302,0.35,295.0,0.4,76.0,0.55,1.0,85.0,0.2146,-0.0057,0.0001,-0.2189,0.1818,-0.007
2026-09-03T17:42:27Z,2026-09-03 17:41:31,SPXW,2026-09-09,C,7225.0,7740.4302,510.4,1.0,528.0,1.0,0.0,0.0,0.0,0.2203,0.9941,0.0001,0.0,0.1846,1.1789
2026-09-03T17:42:27Z,2026-09-03 17:41:31,SPXW,2026-09-09,P,7225.0,7740.4302,0.35,306.0,0.4,36.0,0.49,4.0,98.0,0.2127,-0.0058,0.0001,-0.2215,0.185,-0.0072
2026-09-03T17:42:27Z,2026-09-03 17:41:31,SPXW,2026-09-09,C,7230.0,7740.4302,505.1,1.0,523.4,1.0,0.0,0.0,0.0,0.2207,0.994,0.0001,0.0,0.1879,1.1796
2026-09-03T17:42:27Z,2026-09-03 17:41:31,SPXW,2026-09-09,P,7230.0,7740.4302,0.35,324.0,0.45,353.0,0.65,1.0,95.0,0.2124,-0.0059,0.0001,-0.2241,0.1883,-0.0073
2026-09-03T17:42:27Z,2026-09-03 17:41:31,SPXW,2026-09-09,C,7235.0,7740.4302,501.1,1.0,518.0,1.0,0.0,0.0,0.0,0.2307,0.9939,0.0001,0.0,0.1913,1.1802
2026-09-03T17:42:27Z,2026-09-03 17:41:31,SPXW,2026-09-09,P,7235.0,7740.4302,0.35,459.0,0.45,344.0,0.0,0.0,0.0,0.2105,-0.0061,0.0001,-0.2268,0.1917,-0.0075
2026-09-03T17:42:27Z,2026-09-03 17:41:31,SPXW,2026-09-09,C,7240.0,7740.4302,493.0,1.0,513.7,1.0,0.0,0.0,0.0,0.0,0.9938,0.0001,0.0,0.1948,1.1809
2026-09-03T17:42:27Z,2026-09-03 17:41:31,SPXW,2026-09-09,P,7240.0,7740.4302,0.35,492.0,0.45,364.0,0.65,2.0,3276.0,0.2086,-0.0062,0.0001,-0.2295,0.1952,-0.0076
2026-09-03T17:42:27Z,2026-09-03 17:41:31,SPXW,2026-09-09,C,7245.0,7740.4302,490.6,1.0,508.7,1.0,0.0,0.0,0.0,0.2297,0.9936,0.0001,0.0,0.1983,1.1816
2026-09-03T17:42:27Z,2026-09-03 17:41:31,SPXW,2026-09-09,P,7245.0,7740.4302,0.4,60.0,0.45,273.0,0.0,0.0,0.0,0.2081,-0.0063,0.0001,-0.2323,0.1988,-0.0078
2026-09-03T17:42:27Z,2026-09-03 17:41:31,SPXW,2026-09-09,C,7250.0,7740.4302,485.5,1.0,504.0,1.0,474.4,0.0,1.0,0.2306,0.9935,0.0001,0.0,0.202,1.1822
2026-09-03T17:42:27Z,2026-09-03 17:41:31,SPXW,2026-09-09,P,7250.0,7740.4302,0.4,62.0,0.45,251.0,0.5,15.0,169.0,0.2063,-0.0064,0.0001,-0.2347,0.202,-0.0079
2026-09-03T17:42:27Z,2026-09-03 17:41:31,SPXW,2026-09-09,C,7255.0,7740.4302,480.5,1.0,498.5,1.0,0.0,0.0,0.0,0.2202,0.9934,0.0001,0.0,0.2058,1.1829
2026-09-03T17:42:27Z,2026-09-03 17:41:31,SPXW,2026-09-09,P,7255.0,7740.4302,0.4,112.0,0.45,244.0,0.0,0.0,0.0,0.2044,-0.0066,0.0001,-0.2376,0.2058,-0.0081
2026-09-03T17:42:27Z,2026-09-03 17:41:31,SPXW,2026-09-09,C,7260.0,7740.4302,475.5,1.0,493.1,1.0,0.0,0.0,0.0,0.2101,0.9932,0.0001,-0.0035,0.2097,1.1836
2026-09-03T17:42:27Z,2026-09-03 17:41:31,SPXW,2026-09-09,P,7260.0,7740.4302,0.4,186.0,0.45,204.0,0.55,53.0,240.0,0.2025,-0.0067,0.0001,-0.2406,0.2097,-0.0083
2026-09-03T17:42:27Z,2026-09-03 17:41:31,SPXW,2026-09-09,C,7265.0,7740.4302,471.2,1.0,489.1,1.0,0.0,0.0,0.0,0.2346,0.9931,0.0001,-0.009,0.2137,1.1842
2026-09-03T17:42:27Z,2026-09-03 17:41:31,SPXW,2026-09-09,P,7265.0,7740.4302,0.4,300.0,0.45,50.0,0.0,0.0,0.0,0.2006,-0.0068,0.0001,-0.2436,0.2137,-0.0084
2026-09-03T17:42:27Z,2026-09-03 17:41:31,SPXW,2026-09-09,C,7270.0,7740.4302,465.2,1.0,483.8,1.0,0.0,0.0,0.0,0.2137,0.993,0.0001,-0.0146,0.2179,1.1848
2026-09-03T17:42:27Z,2026-09-03 17:41:31,SPXW,2026-09-09,P,7270.0,7740.4302,0.4,317.0,0.5,351.0,0.75,1.0,63.0,0.2,-0.007,0.0001,-0.2469,0.2179,-0.0086
2026-09-03T17:42:27Z,2026-09-03 17:41:31,SPXW,2026-09-09,C,7275.0,7740.4302,461.4,1.0,479.1,1.0,0.0,0.0,0.0,0.2324,0.9928,0.0001,-0.0202,0.2222,1.1855
2026-09-03T17:42:27Z,2026-09-03 17:41:31,SPXW,2026-09-09,P,7275.0,7740.4302,0.4,541.0,0.5,431.0,0.55,20.0,327.0,0.1981,-0.0071,0.0001,-0.2502,0.2222,-0.0088
2026-09-03T17:42:27Z,2026-09-03 17:41:31,SPXW,2026-09-09,C,7280.0,7740.4302,455.6,1.0,473.6,1.0,0.0,0.0,0.0,0.2128,0.9926,0.0001,-0.026,0.2266,1.1861
2026-09-03T17:42:27Z,2026-09-03 17:41:31,SPXW,2026-09-09,P,7280.0,7740.4302,0.4,483.0,0.5,343.0,0.75,1.0,215.0,0.1962,-0.0073,0.0001,-0.2535,0.2266,-0.009
2026-09-03T17:42:27Z,2026-09-03 17:41:31,SPXW,2026-09-09,C,7285.0,7740.4302,450.5,1.0,468.3,1.0,0.0,0.0,0.0,0.2036,0.9925,0.0001,-0.0318,0.2311,1.1867
2026-09-03T17:42:27Z,2026-09-03 17:41:31,SPXW,2026-09-09,P,7285.0,7740.4302,0.45,58.0,0.5,258.0,0.55,1.0,0.0,0.1955,-0.0074,0.0001,-0.2568,0.2312,-0.0092
2026-09-03T17:42:27Z,2026-09-03 17:41:31,SPXW,2026-09-09,C,7290.0,7740.4302,445.1,1.0,463.9,1.0,0.0,0.0,0.0,0.2051,0.9923,0.0001,-0.0377,0.2358,1.1873
2026-09-03T17:42:27Z,2026-09-03 17:41:31,SPXW,2026-09-09,P,7290.0,7740.4302,0.45,109.0,0.5,234.0,0.8,2.0,185.0,0.1935,-0.0076,0.0001,-0.2603,0.2359,-0.0094
2026-09-03T17:42:27Z,2026-09-03 17:41:31,SPXW,2026-09-09,C,7295.0,7740.4302,441.2,1.0,458.9,1.0,0.0,0.0,0.0,0.2187,0.9921,0.0001,-0.0437,0.2406,1.1879
2026-09-03T17:42:27Z,2026-09-03 17:41:31,SPXW,2026-09-09,P,7295.0,7740.4302,0.45,184.0,0.5,207.0,0.0,0.0,0.0,0.1916,-0.0078,0.0001,-0.2639,0.2407,-0.0096
2026-09-03T17:42:27Z,2026-09-03 17:41:31,SPXW,2026-09-09,C,7300.0,7740.4302,435.2,1.0,453.7,1.0,439.71,1.0,1.0,0.199,0.992,0.0001,-0.0498,0.2456,1.1885
2026-09-03T17:42:27Z,2026-09-03 17:41:31,SPXW,2026-09-09,P,7300.0,7740.4302,0.45,308.0,0.55,453.0,0.5,92.0,553.0,0.1908,-0.008,0.0001,-0.2675,0.2457,-0.0098
2026-09-03T17:42:27Z,2026-09-03 17:41:31,SPXW,2026-09-09,C,7305.0,7740.4302,430.6,1.0,449.5,1.0,0.0,0.0,0.0,0.2142,0.9918,0.0001,-0.056,0.2508,1.1891
2026-09-03T17:42:27Z,2026-09-03 17:41:31,SPXW,2026-09-09,P,7305.0,7740.4302,0.45,307.0,0.55,336.0,0.7,8.0,0.0,0.1889,-0.0082,0.0001,-0.2713,0.2509,-0.0101
2026-09-03T17:42:27Z,2026-09-03 17:41:31,SPXW,2026-09-09,C,7310.0,7740.4302,425.4,1.0,443.2,1.0,0.0,0.0,0.0,0.1888,0.9916,0.0001,-0.0623,0.2561,1.1897
2026-09-03T17:42:27Z,2026-09-03 17:41:31,SPXW,2026-09-09,P,7310.0,7740.4302,0.45,443.0,0.55,337.0,0.84,3.0,180.0,0.1869,-0.0084,0.0001,-0.2752,0.2562,-0.0103
2026-09-03T17:42:27Z,2026-09-03 17:41:31,SPXW,2026-09-09,C,7315.0,7740.4302,421.4,1.0,439.3,1.0,0.0,0.0,0.0,0.2163,0.9914,0.0001,-0.0688,0.2616,1.1903
2026-09-03T17:42:27Z,2026-09-03 17:41:31,SPXW,2026-09-09,P,7315.0,7740.4302,0.5,56.0,0.55,256.0,0.0,0.0,0.0,0.186,-0.0086,0.0001,-0.2792,0.2617,-0.0106
2026-09-03T17:42:27Z,2026-09-03 17:41:31,SPXW,2026-09-09,C,7320.0,7740.4302,415.7,1.0,434.3,1.0,352.83,0.0,1.0,0.2063,0.9912,0.0001,-0.0753,0.2673,1.1908
2026-09-03T17:42:27Z,2026-09-03 17:41:31,SPXW,2026-09-09,P,7320.0,7740.4302,0.5,106.0,0.55,228.0,0.8,6.0,288.0,0.1841,-0.0088,0.0001,-0.2833,0.2673,-0.0108
2026-09-03T17:42:27Z,2026-09-03 17:41:31,SPXW,2026-09-09,C,7325.0,7740.4302,410.7,1.0,428.8,1.0,0.0,0.0,0.0,0.1976,0.991,0.0001,-0.082,0.2731,1.1914
2026-09-03T17:42:27Z,2026-09-03 17:41:31,SPXW,2026-09-09,P,7325.0,7740.4302,0.5,187.0,0.6,423.0,0.7,43.0,173.0,0.1832,-0.009,0.0001,-0.2875,0.2732,-0.0111
2026-09-03T17:42:27Z,2026-09-03 17:41:31,SPXW,2026-09-09,C,7330.0,7740.4302,405.3,1.0,424.3,1.0,0.0,0.0,0.0,0.1968,0.9907,0.0001,-0.0888,0.2791,1.1919
2026-09-03T17:42:27Z,2026-09-03 17:41:31,SPXW,2026-09-09,P,7330.0,7740.4302,0.5,300.0,0.6,339.0,0.89,4.0,167.0,0.1812,-0.0092,0.0001,-0.2919,0.2792,-0.0114
2026-09-03T17:42:27Z,2026-09-03 17:41:31,SPXW,2026-09-09,C,7335.0,7740.4302,401.5,1.0,418.8,1.0,0.0,0.0,0.0,0.203,0.9905,0.0001,-0.0958,0.2854,1.1924
2026-09-03T17:42:27Z,2026-09-03 17:41:31,SPXW,2026-09-09,P,7335.0,7740.4302,0.5,309.0,0.6,335.0,1.55,0.0,3.0,0.1792,-0.0094,0.0001,-0.2964,0.2854,-0.0117
2026-09-03T17:42:27Z,2026-09-03 17:41:31,SPXW,2026-09-09,C,7340.0,7740.4302,395.8,1.0,414.8,1.0,333.13,0.0,4.0,0.1781,0.9903,0.0001,-0.1029,0.2918,1.193
2026-09-03T17:42:27Z,2026-09-03 17:41:31,SPXW,2026-09-09,P,7340.0,7740.4302,0.5,434.0,0.6,242.0,0.75,2.0,167.0,0.1771,-0.0097,0.0001,-0.3013,0.2922,-0.012
2026-09-03T17:42:27Z,2026-09-03 17:41:31,SPXW,2026-09-09,C,7345.0,7740.4302,391.5,1.0,409.4,1.0,0.0,0.0,0.0,0.2046,0.99,0.0001,-0.1101,0.2985,1.1935
2026-09-03T17:42:27Z,2026-09-03 17:41:31,SPXW,2026-09-09,P,7345.0,7740.4302,0.55,138.0,0.6,220.0,1.6,0.0,10.0,0.1762,-0.0099,0.0001,-0.3059,0.2986,-0.0123
2026-09-03T17:42:27Z,2026-09-03 17:41:31,SPXW,2026-09-09,C,7350.0,7740.4302,383.4,1.0,403.8,1.0,321.25,0.0,3.0,0.0,0.9897,0.0001,-0.1176,0.3054,1.194
2026-09-03T17:42:27Z,2026-09-03 17:41:31,SPXW,2026-09-09,P,7350.0,7740.4302,0.55,189.0,0.65,434.0,0.7,88.0,645.0,0.1751,-0.0102,0.0001,-0.3106,0.3054,-0.0126
2026-09-03T17:42:27Z,2026-09-03 17:41:31,SPXW,2026-09-09,C,7355.0,7740.4302,381.6,1.0,399.7,1.0,0.0,0.0,0.0,0.2036,0.9895,0.0002,-0.1252,0.3126,1.1944
2026-09-03T17:42:27Z,2026-09-03 17:41:31,SPXW,2026-09-09,P,7355.0,7740.4302,0.55,286.0,0.65,324.0,1.8,0.0,1.0,0.1731,-0.0105,0.0002,-0.3158,0.3126,-0.013
2026-09-03T17:42:27Z,2026-09-03 17:41:31,SPXW,2026-09-09,C,7360.0,7740.4302,375.8,1.0,394.7,1.0,355.08,1.0,6.0,0.1938,0.9892,0.0002,-0.133,0.3201,1.1949
2026-09-03T17:42:27Z,2026-09-03 17:41:31,SPXW,2026-09-09,P,7360.0,7740.4302,0.55,423.0,0.65,296.0,0.74,36.0,143.0,0.1711,-0.0107,0.0002,-0.3212,0.3201,-0.0133
2026-09-03T17:42:27Z,2026-09-03 17:41:31,SPXW,2026-09-09,C,7365.0,7740.4302,371.6,1.0,389.2,1.0,0.0,0.0,0.0,0.1944,0.9889,0.0002,-0.141,0.3279,1.1954
2026-09-03T17:42:27Z,2026-09-03 17:41:31,SPXW,2026-09-09,P,7365.0,7740.4302,0.6,88.0,0.65,219.0,0.6,58.0,31.0,0.17,-0.0111,0.0002,-0.3267,0.3279,-0.0137
2026-09-03T17:42:27Z,2026-09-03 17:41:31,SPXW,2026-09-09,C,7370.0,7740.4302,365.9,1.0,383.7,1.0,0.0,0.0,0.0,0.1791,0.9886,0.0002,-0.1493,0.336,1.1958
2026-09-03T17:42:27Z,2026-09-03 17:41:31,SPXW,2026-09-09,P,7370.0,7740.4302,0.6,182.0,0.7,326.0,0.69,12.0,187.0,0.1689,-0.0114,0.0002,-0.3325,0.336,-0.0141
2026-09-03T17:42:27Z,2026-09-03 17:41:31,SPXW,2026-09-09,C,7375.0,7740.4302,358.2,1.0,378.3,1.0,0.0,0.0,0.0,0.0,0.9882,0.0002,-0.1577,0.3444,1.1962
2026-09-03T17:42:27Z,2026-09-03 17:41:31,SPXW,2026-09-09,P,7375.0,7740.4302,0.6,368.0,0.7,398.0,0.8,120.0,433.0,0.1668,-0.0117,0.0002,-0.3385,0.3444,-0.0145
2026-09-03T17:42:27Z,2026-09-03 17:41:31,SPXW,2026-09-09,C,7380.0,7740.4302,356.0,1.0,373.6,1.0,291.99,0.0,1.0,0.1747,0.9879,0.0002,-0.1664,0.3532,1.1966
2026-09-03T17:42:27Z,2026-09-03 17:41:31,SPXW,2026-09-09,P,7380.0,7740.4302,0.6,403.0,0.7,226.0,0.75,21.0,93.0,0.1648,-0.012,0.0002,-0.3448,0.3532,-0.0149
2026-09-03T17:42:27Z,2026-09-03 17:41:31,SPXW,2026-09-09,C,7385.0,7740.4302,351.0,1.0,368.6,1.0,332.25,1.0,0.0,0.1725,0.9875,0.0002,-0.1754,0.3624,1.197
2026-09-03T17:42:27Z,2026-09-03 17:41:31,SPXW,2026-09-09,P,7385.0,7740.4302,0.65,158.0,0.7,130.0,1.15,35.0,209.0,0.1636,-0.0124,0.0002,-0.3513,0.3624,-0.0154
2026-09-03T17:42:27Z,2026-09-03 17:41:31,SPXW,2026-09-09,C,7390.0,7740.4302,346.0,1.0,364.1,1.0,295.26,0.0,30.0,0.176,0.9872,0.0002,-0.1847,0.372,1.1973
2026-09-03T17:42:27Z,2026-09-03 17:41:31,SPXW,2026-09-09,P,7390.0,7740.4302,0.65,269.0,0.75,310.0,1.2,44.0,120.0,0.1624,-0.0128,0.0002,-0.3581,0.372,-0.0158
2026-09-03T17:42:27Z,2026-09-03 17:41:31,SPXW,2026-09-09,C,7395.0,7740.4302,341.1,1.0,359.1,1.0,0.0,0.0,0.0,0.1748,0.9868,0.0002,-0.1942,0.3821,1.1977
2026-09-03T17:42:27Z,2026-09-03 17:41:31,SPXW,2026-09-09,P,7395.0,7740.4302,0.65,404.0,0.75,221.0,1.35,1.0,59.0,0.1604,-0.0132,0.0002,-0.3657,0.3823,-0.0163
2026-09-03T17:42:27Z,2026-09-03 17:41:31,SPXW,2026-09-09,C,7400.0,7740.4302,333.7,1.0,353.5,1.0,273.15,0.0,7.0,0.0,0.9864,0.0002,-0.2041,0.3925,1.198
2026-09-03T17:42:27Z,2026-09-03 17:41:31,SPXW,2026-09-09,P,7400.0,7740.4302,0.7,158.0,0.8,418.0,0.84,62.0,1048.0,0.1598,-0.0136,0.0002,-0.3731,0.3927,-0.0169
2026-09-03T17:42:27Z,2026-09-03 17:41:31,SPXW,2026-09-09,C,7405.0,7740.4302,331.1,1.0,350.2,1.0,0.0,0.0,0.0,0.1599,0.9859,0.0002,-0.2143,0.4034,1.1982
2026-09-03T17:42:27Z,2026-09-03 17:41:31,SPXW,2026-09-09,P,7405.0,7740.4302,0.7,262.0,0.8,296.0,1.0,32.0,228.0,0.1577,-0.014,0.0002,-0.3804,0.4034,-0.0174
2026-09-03T17:42:27Z,2026-09-03 17:41:31,SPXW,2026-09-09,C,7410.0,7740.4302,326.9,1.0,344.2,1.0,0.0,0.0,0.0,0.1763,0.9854,0.0002,-0.2249,0.4148,1.1985
2026-09-03T17:42:27Z,2026-09-03 17:41:31,SPXW,2026-09-09,P,7410.0,7740.4302,0.75,81.0,0.8,171.0,0.94,24.0,259.0,0.1564,-0.0145,0.0002,-0.3885,0.4148,-0.018
2026-09-03T17:42:27Z,2026-09-03 17:41:31,SPXW,2026-09-09,C,7415.0,7740.4302,321.2,1.0,339.3,1.0,0.0,0.0,0.0,0.1687,0.985,0.0002,-0.2358,0.4267,1.1987
2026-09-03T17:42:27Z,2026-09-03 17:41:31,SPXW,2026-09-09,P,7415.0,7740.4302,0.75,260.0,0.85,298.0,1.65,7.0,189.0,0.155,-0.015,0.0002,-0.397,0.4267,-0.0186
2026-09-03T17:42:27Z,2026-09-03 17:41:31,SPXW,2026-09-09,C,7420.0,7740.4302,315.8,1.0,335.0,1.0,299.73,1.0,0.0,0.1691,0.9844,0.0002,-0.2472,0.4391,1.1988
2026-09-03T17:42:27Z,2026-09-03 17:41:31,SPXW,2026-09-09,P,7420.0,7740.4302,0.75,469.0,0.85,209.0,0.85,46.0,1621.0,0.1536,-0.0155,0.0002,-0.406,0.4391,-0.0192
2026-09-03T17:42:27Z,2026-09-03 17:41:31,SPXW,2026-09-09,C,7425.0,7740.4302,309.6,1.0,329.3,1.0,0.0,0.0,0.0,0.1454,0.9839,0.0003,-0.2591,0.4521,1.199
2026-09-03T17:42:27Z,2026-09-03 17:41:31,SPXW,2026-09-09,P,7425.0,7740.4302,0.8,346.0,0.9,398.0,1.05,83.0,1870.0,0.1521,-0.016,0.0003,-0.4154,0.4521,-0.0199
2026-09-03T17:42:27Z,2026-09-03 17:41:31,SPXW,2026-09-09,C,7430.0,7740.4302,303.9,1.0,323.9,1.0,300.9,0.0,4.0,0.1111,0.9833,0.0003,-0.2714,0.4658,1.1991
2026-09-03T17:42:27Z,2026-09-03 17:41:31,SPXW,2026-09-09,P,7430.0,7740.4302,0.8,501.0,0.9,204.0,1.25,80.0,275.0,0.1506,-0.0166,0.0003,-0.4253,0.4658,-0.0207
2026-09-03T17:42:27Z,2026-09-03 17:41:31,SPXW,2026-09-09,C,7435.0,7740.4302,299.7,1.0,318.9,1.0,0.0,0.0,0.0,0.136,0.9827,0.0003,-0.2843,0.4802,1.1991
2026-09-03T17:42:27Z,2026-09-03 17:41:31,SPXW,2026-09-09,P,7435.0,7740.4302,0.85,264.0,0.95,311.0,1.0,41.0,194.0,0.1491,-0.0172,0.0003,-0.4357,0.4802,-0.0214
2026-09-03T17:42:27Z,2026-09-03 17:41:31,SPXW,2026-09-09,C,7440.0,7740.4302,293.9,1.0,314.0,1.0,234.25,0.0,2.0,0.1134,0.9821,0.0003,-0.2977,0.4953,1.1991
2026-09-03T17:42:27Z,2026-09-03 17:41:31,SPXW,2026-09-09,P,7440.0,7740.4302,0.9,78.0,0.95,129.0,1.05,63.0,332.0,0.1476,-0.0179,0.0003,-0.4466,0.4953,-0.0222
2026-09-03T17:42:27Z,2026-09-03 17:41:31,SPXW,2026-09-09,C,7445.0,7740.4302,289.0,1.0,309.4,1.0,0.0,0.0,0.0,0.1278,0.9814,0.0003,-0.3117,0.5113,1.1991
2026-09-03T17:42:27Z,2026-09-03 17:41:31,SPXW,2026-09-09,P,7445.0,7740.4302,0.9,303.0,1.0,284.0,1.2,28.0,94.0,0.146,-0.0186,0.0003,-0.4582,0.5113,-0.0231
2026-09-03T17:42:27Z,2026-09-03 17:41:31,SPXW,2026-09-09,C,7450.0,7740.4302,284.8,1.0,304.6,1.0,228.04,0.0,13.0,0.1415,0.9807,0.0003,-0.3263,0.5281,1.199
2026-09-03T17:42:27Z,2026-09-03 17:41:31,SPXW,2026-09-09,P,7450.0,7740.4302,0.95,190.0,1.05,389.0,1.09,171.0,821.0,0.145,-0.0193,0.0003,-0.4704,0.5281,-0.024
2026-09-03T17:42:27Z,2026-09-03 17:41:31,SPXW,2026-09-09,C,7455.0,7740.4302,279.6,1.0,299.5,1.0,0.0,0.0,0.0,0.1355,0.9799,0.0003,-0.3416,0.5458,1.1989
2026-09-03T17:42:27Z,2026-09-03 17:41:31,SPXW,2026-09-09,P,7455.0,7740.4302,1.0,31.0,1.05,115.0,1.15,27.0,140.0,0.1434,-0.02,0.0003,-0.4832,0.5458,-0.025
2026-09-03T17:42:27Z,2026-09-03 17:41:31,SPXW,2026-09-09,C,7460.0,7740.4302,276.5,1.0,294.3,1.0,0.0,0.0,0.0,0.1506,0.9791,0.0004,-0.3576,0.5645,1.1987
2026-09-03T17:42:27Z,2026-09-03 17:41:31,SPXW,2026-09-09,P,7460.0,7740.4302,1.0,439.0,1.1,202.0,1.15,172.0,227.0,0.1418,-0.0209,0.0004,-0.4968,0.5645,-0.026
2026-09-03T17:42:27Z,2026-09-03 17:41:31,SPXW,2026-09-09,C,7465.0,7740.4302,271.7,1.0,289.6,1.0,0.0,0.0,0.0,0.1521,0.9782,0.0004,-0.3744,0.5841,1.1984
2026-09-03T17:42:27Z,2026-09-03 17:41:31,SPXW,2026-09-09,P,7465.0,7740.4302,1.05,304.0,1.15,268.0,1.1,172.0,215.0,0.1406,-0.0217,0.0004,-0.5111,0.5841,-0.0271
2026-09-03T17:42:27Z,2026-09-03 17:41:31,SPXW,2026-09-09,C,7470.0,7740.4302,264.2,1.0,284.9,1.0,367.52,0.0,2.0,0.129,0.9772,0.0004,-0.392,0.6047,1.198
2026-09-03T17:42:27Z,2026-09-03 17:41:31,SPXW,2026-09-09,P,7470.0,7740.4302,1.1,229.0,1.2,294.0,1.3,160.0,322.0,0.1394,-0.0227,0.0004,-0.5263,0.6047,-0.0283
2026-09-03T17:42:27Z,2026-09-03 17:41:31,SPXW,2026-09-09,C,7475.0,7740.4302,259.5,1.0,280.5,1.0,0.0,0.0,0.0,0.1367,0.9762,0.0004,-0.4105,0.6264,1.1976
2026-09-03T17:42:27Z,2026-09-03 17:41:31,SPXW,2026-09-09,P,7475.0,7740.4302,1.15,212.0,1.25,294.0,1.2,185.0,605.0,0.1381,-0.0237,0.0004,-0.5423,0.6264,-0.0295
2026-09-03T17:42:27Z,2026-09-03 17:41:31,SPXW,2026-09-09,C,7480.0,7740.4302,254.9,1.0,275.4,1.0,199.23,0.0,23.0,0.1372,0.9752,0.0004,-0.4299,0.6492,1.197
2026-09-03T17:42:27Z,2026-09-03 17:41:31,SPXW,2026-09-09,P,7480.0,7740.4302,1.2,174.0,1.3,215.0,1.55,111.0,360.0,0.1368,-0.0247,0.0004,-0.5592,0.6492,-0.0309
2026-09-03T17:42:27Z,2026-09-03 17:41:31,SPXW,2026-09-09,C,7485.0,7740.4302,250.2,1.0,270.6,1.0,0.0,0.0,0.0,0.139,0.974,0.0004,-0.4503,0.6733,1.1964
2026-09-03T17:42:27Z,2026-09-03 17:41:31,SPXW,2026-09-09,P,7485.0,7740.4302,1.25,177.0,1.35,213.0,1.8,62.0,167.0,0.1354,-0.0259,0.0004,-0.5772,0.6733,-0.0323
2026-09-03T17:42:27Z,2026-09-03 17:41:31,SPXW,2026-09-09,C,7490.0,7740.4302,247.1,1.0,265.7,1.0,189.18,0.0,37.0,0.1496,0.9728,0.0005,-0.4717,0.6988,1.1957
2026-09-03T17:42:27Z,2026-09-03 17:41:31,SPXW,2026-09-09,P,7490.0,7740.4302,1.3,180.0,1.4,195.0,1.75,187.0,986.0,0.134,-0.0271,0.0005,-0.5962,0.6988,-0.0339
2026-09-03T17:42:27Z,2026-09-03 17:41:31,SPXW,2026-09-09,C,7495.0,7740.4302,242.2,1.0,260.3,1.0,176.44,0.0,2.0,0.1372,0.9715,0.0005,-0.4943,0.7257,1.1949
2026-09-03T17:42:27Z,2026-09-03 17:41:31,SPXW,2026-09-09,P,7495.0,7740.4302,1.35,248.0,1.45,184.0,1.5,210.0,318.0,0.1326,-0.0284,0.0005,-0.6163,0.7257,-0.0355
2026-09-03T17:42:27Z,2026-09-03 17:41:31,SPXW,2026-09-09,C,7500.0,7740.4302,235.7,2.0,255.8,1.0,218.32,1.0,42.0,0.1368,0.9702,0.0005,-0.518,0.7542,1.194
2026-09-03T17:42:27Z,2026-09-03 17:41:31,SPXW,2026-09-09,P,7500.0,7740.4302,1.4,423.0,1.5,89.0,1.65,344.0,982.0,0.1314,-0.0298,0.0005,-0.6375,0.7542,-0.0372
2026-09-03T17:42:27Z,2026-09-03 17:41:31,SPXW,2026-09-09,C,7505.0,7740.4302,230.2,1.0,250.9,1.0,235.92,0.0,50.0,0.1317,0.9687,0.0005,-0.5429,0.7843,1.193
2026-09-03T17:42:27Z,2026-09-03 17:41:31,SPXW,2026-09-09,P,7505.0,7740.4302,1.5,96.0,1.6,204.0,1.89,82.0,179.0,0.1302,-0.0313,0.0005,-0.66,0.7843,-0.0391
2026-09-03T17:42:27Z,2026-09-03 17:41:31,SPXW,2026-09-09,C,7510.0,7740.4302,224.7,1.0,245.2,1.0,199.92,5.0,69.0,0.12,0.9671,0.0006,-0.5691,0.8161,1.1918
2026-09-03T17:42:27Z,2026-09-03 17:41:31,SPXW,2026-09-09,P,7510.0,7740.4302,1.55,221.0,1.65,82.0,1.75,267.0,194.0,0.1286,-0.0329,0.0006,-0.6838,0.8161,-0.0411
2026-09-03T17:42:27Z,2026-09-03 17:41:31,SPXW,2026-09-09,C,7515.0,7740.4302,226.8,7.0,235.3,7.0,235.61,2.0,963.0,0.1277,0.9654,0.0006,-0.5967,0.8494,1.1904
2026-09-03T17:42:27Z,2026-09-03 17:41:31,SPXW,2026-09-09,P,7515.0,7740.4302,1.65,205.0,1.75,268.0,1.8,125.0,72.0,0.1277,-0.0346,0.0006,-0.7089,0.8494,-0.0432
2026-09-03T17:42:27Z,2026-09-03 17:41:31,SPXW,2026-09-09,C,7520.0,7740.4302,215.4,1.0,236.1,1.0,230.76,2.0,6.0,0.1155,0.9636,0.0006,-0.6257,0.8844,1.1889
2026-09-03T17:42:27Z,2026-09-03 17:41:31,SPXW,2026-09-09,P,7520.0,7740.4302,1.75,62.0,1.8,20.0,1.9,84.0,671.0,0.1267,-0.0364,0.0006,-0.7354,0.8844,-0.0456
2026-09-03T17:42:27Z,2026-09-03 17:41:31,SPXW,2026-09-09,C,7525.0,7740.4302,211.5,1.0,230.2,1.0,150.54,0.0,19.0,0.126,0.9616,0.0007,-0.6562,0.9213,1.1872
2026-09-03T17:42:27Z,2026-09-03 17:41:31,SPXW,2026-09-09,P,7525.0,7740.4302,1.8,398.0,1.9,92.0,2.0,184.0,411.0,0.1252,-0.0383,0.0007,-0.7635,0.9213,-0.0481
2026-09-03T17:42:27Z,2026-09-03 17:41:31,SPXW,2026-09-09,C,7530.0,7740.4302,208.7,1.0,222.4,1.0,208.82,0.0,7.0,0.1199,0.9595,0.0007,-0.6883,0.9602,1.1854
2026-09-03T17:42:27Z,2026-09-03 17:41:31,SPXW,2026-09-09,P,7530.0,7740.4302,1.9,365.0,2.0,74.0,2.0,102.0,331.0,0.124,-0.0404,0.0007,-0.7931,0.9602,-0.0507
2026-09-03T17:42:27Z,2026-09-03 17:41:31,SPXW,2026-09-09,C,7535.0,7740.4302,204.3,1.0,218.2,1.0,163.68,0.0,1.0,0.1256,0.9572,0.0007,-0.722,1.0014,1.1834
2026-09-03T17:42:27Z,2026-09-03 17:41:31,SPXW,2026-09-09,P,7535.0,7740.4302,2.05,28.0,2.1,20.0,2.15,173.0,143.0,0.123,-0.0427,0.0007,-0.8244,1.0014,-0.0535
2026-09-03T17:42:27Z,2026-09-03 17:41:31,SPXW,2026-09-09,C,7540.0,7740.4302,199.6,1.0,212.4,1.0,127.45,0.0,4.0,0.1204,0.9548,0.0008,-0.7573,1.0448,1.1812
2026-09-03T17:42:27Z,2026-09-03 17:41:31,SPXW,2026-09-09,P,7540.0,7740.4302,2.15,65.0,2.25,178.0,2.7,193.0,225.0,0.1217,-0.0451,0.0008,-0.8573,1.0448,-0.0565
2026-09-03T17:42:27Z,2026-09-03 17:41:31,SPXW,2026-09-09,C,7545.0,7740.4302,194.0,1.0,207.5,1.0,0.0,0.0,0.0,0.1139,0.9523,0.0008,-0.7944,1.0905,1.1788
2026-09-03T17:42:27Z,2026-09-03 17:41:31,SPXW,2026-09-09,P,7545.0,7740.4302,2.25,209.0,2.35,71.0,2.5,110.0,117.0,0.1206,-0.0477,0.0008,-0.8919,1.0905,-0.0598
2026-09-03T17:42:27Z,2026-09-03 17:41:31,SPXW,2026-09-09,C,7550.0,7740.4302,189.7,1.0,201.7,2.0,197.35,9.0,26.0,0.1121,0.9495,0.0009,-0.8332,1.1383,1.1761
2026-09-03T17:42:27Z,2026-09-03 17:41:31,SPXW,2026-09-09,P,7550.0,7740.4302,2.4,110.0,2.5,150.0,2.52,3522.0,5508.0,0.1193,-0.0504,0.0009,-0.9283,1.1383,-0.0633
2026-09-03T17:42:27Z,2026-09-03 17:41:31,SPXW,2026-09-09,C,7555.0,7740.4302,184.9,1.0,197.8,1.0,193.24,7.0,3.0,0.1165,0.9465,0.0009,-0.8739,1.1883,1.1731
2026-09-03T17:42:27Z,2026-09-03 17:41:31,SPXW,2026-09-09,P,7555.0,7740.4302,2.55,62.0,2.65,147.0,3.6,124.0,150.0,0.1183,-0.0534,0.0009,-0.9666,1.1883,-0.0671
2026-09-03T17:42:27Z,2026-09-03 17:41:31,SPXW,2026-09-09,C,7560.0,7740.4302,180.1,1.0,193.8,1.0,187.95,4.0,9.0,0.1194,0.9434,0.001,-0.9166,1.2406,1.1699
2026-09-03T17:42:27Z,2026-09-03 17:41:31,SPXW,2026-09-09,P,7560.0,7740.4302,2.7,93.0,2.8,147.0,3.03,232.0,398.0,0.1173,-0.0566,0.001,-1.0067,1.2406,-0.0712
2026-09-03T17:42:27Z,2026-09-03 17:41:31,SPXW,2026-09-09,C,7565.0,7740.4302,175.4,1.0,188.9,1.0,183.81,13.0,6.0,0.1185,0.94,0.001,-0.9611,1.2955,1.1664
2026-09-03T17:42:27Z,2026-09-03 17:41:31,SPXW,2026-09-09,P,7565.0,7740.4302,2.9,22.0,2.95,42.0,3.6,46.0,170.0,0.1163,-0.06,0.001,-1.0488,1.2955,-0.0755
2026-09-03T17:42:27Z,2026-09-03 17:41:31,SPXW,2026-09-09,C,7570.0,7740.4302,170.4,1.0,182.8,1.0,111.79,0.0,6.0,0.1112,0.9363,0.0011,-1.0076,1.3533,1.1627
2026-09-03T17:42:27Z,2026-09-03 17:41:31,SPXW,2026-09-09,P,7570.0,7740.4302,3.0,292.0,3.2,218.0,3.3,64.0,273.0,0.1153,-0.0636,0.0011,-1.0929,1.3533,-0.08
2026-09-03T17:42:27Z,2026-09-03 17:41:31,SPXW,2026-09-09,C,7575.0,7740.4302,165.4,1.0,178.6,1.0,137.26,4.0,168.0,0.112,0.9324,0.0011,-1.0561,1.414,1.1586
2026-09-03T17:42:27Z,2026-09-03 17:41:31,SPXW,2026-09-09,P,7575.0,7740.4302,3.2,259.0,3.4,191.0,3.4,131.0,2711.0,0.1143,-0.0675,0.0011,-1.1389,1.414,-0.0849
2026-09-03T17:42:27Z,2026-09-03 17:41:31,SPXW,2026-09-09,C,7580.0,7740.4302,160.6,1.0,174.0,1.0,86.55,0.0,4.0,0.1116,0.9283,0.0012,-1.1066,1.4771,1.1541
2026-09-03T17:42:27Z,2026-09-03 17:41:31,SPXW,2026-09-09,P,7580.0,7740.4302,3.4,213.0,3.6,118.0,3.6,154.0,356.0,0.1131,-0.0716,0.0012,-1.1869,1.4771,-0.0902
2026-09-03T17:42:27Z,2026-09-03 17:41:31,SPXW,2026-09-09,C,7585.0,7740.4302,155.4,1.0,169.0,1.0,81.0,0.0,4.0,0.1078,0.9238,0.0013,-1.1591,1.5426,1.1492
2026-09-03T17:42:27Z,2026-09-03 17:41:31,SPXW,2026-09-09,P,7585.0,7740.4302,3.7,54.0,3.8,93.0,3.96,139.0,72.0,0.1119,-0.0761,0.0013,-1.237,1.5426,-0.0959
2026-09-03T17:42:27Z,2026-09-03 17:41:31,SPXW,2026-09-09,C,7590.0,7740.4302,150.6,3.0,163.8,1.0,161.85,1.0,14.0,0.1055,0.9191,0.0013,-1.2136,1.6106,1.1439
2026-09-03T17:42:27Z,2026-09-03 17:41:31,SPXW,2026-09-09,P,7590.0,7740.4302,3.9,167.0,4.1,106.0,4.0,214.0,135.0,0.1109,-0.0809,0.0013,-1.2891,1.6106,-0.1021
2026-09-03T17:42:27Z,2026-09-03 17:41:31,SPXW,2026-09-09,C,7595.0,7740.4302,146.3,1.0,159.4,1.0,156.45,4.0,27.0,0.1074,0.914,0.0014,-1.2701,1.6815,1.1383
2026-09-03T17:42:27Z,2026-09-03 17:41:31,SPXW,2026-09-09,P,7595.0,7740.4302,4.2,65.0,4.3,74.0,4.42,136.0,173.0,0.1097,-0.086,0.0014,-1.3432,1.6815,-0.1085
2026-09-03T17:42:27Z,2026-09-03 17:41:31,SPXW,2026-09-09,C,7600.0,7740.4302,144.9,8.0,153.1,7.0,152.74,13.0,1096.0,0.109,0.9085,0.0015,-1.3287,1.7556,1.1323
2026-09-03T17:42:27Z,2026-09-03 17:41:31,SPXW,2026-09-09,P,7600.0,7740.4302,4.5,38.0,4.6,80.0,4.7,331.0,2932.0,0.1088,-0.0914,0.0015,-1.3992,1.7556,-0.1153
2026-09-03T17:42:27Z,2026-09-03 17:41:31,SPXW,2026-09-09,C,7605.0,7740.4302,137.2,1.0,150.4,1.0,147.99,12.0,36.0,0.1077,0.9027,0.0016,-1.3891,1.8327,1.1257
2026-09-03T17:42:27Z,2026-09-03 17:41:31,SPXW,2026-09-09,P,7605.0,7740.4302,4.8,66.0,4.9,76.0,5.1,152.0,113.0,0.1078,-0.0972,0.0016,-1.4572,1.8327,-0.1227
2026-09-03T17:42:27Z,2026-09-03 17:41:31,SPXW,2026-09-09,C,7610.0,7740.4302,131.9,2.0,145.3,1.0,105.04,8.0,28.0,0.1036,0.8965,0.0017,-1.4514,1.9122,1.1186
2026-09-03T17:42:27Z,2026-09-03 17:41:31,SPXW,2026-09-09,P,7610.0,7740.4302,5.1,97.0,5.3,96.0,5.3,129.0,199.0,0.1069,-0.1034,0.0017,-1.5171,1.9122,-0.1307
2026-09-03T17:42:27Z,2026-09-03 17:41:31,SPXW,2026-09-09,C,7615.0,7740.4302,127.8,1.0,140.0,2.0,118.66,5.0,7.0,0.1024,0.8899,0.0018,-1.5155,1.9936,1.1108
2026-09-03T17:42:27Z,2026-09-03 17:41:31,SPXW,2026-09-09,P,7615.0,7740.4302,5.5,23.0,5.6,72.0,6.16,150.0,169.0,0.1058,-0.1101,0.0018,-1.5788,1.9936,-0.1393
2026-09-03T17:42:27Z,2026-09-03 17:41:31,SPXW,2026-09-09,C,7620.0,7740.4302,123.2,1.0,137.1,1.0,126.03,19.0,84.0,0.1027,0.8828,0.0019,-1.5814,2.0776,1.1026
2026-09-03T17:42:27Z,2026-09-03 17:41:31,SPXW,2026-09-09,P,7620.0,7740.4302,5.8,145.0,6.0,73.0,6.17,268.0,158.0,0.1049,-0.1171,0.0019,-1.6422,2.0776,-0.1483
2026-09-03T17:42:27Z,2026-09-03 17:41:31,SPXW,2026-09-09,C,7625.0,7740.4302,121.8,7.0,129.8,7.0,117.71,15.0,1358.0,0.1047,0.8753,0.002,-1.6489,2.1648,1.094
2026-09-03T17:42:27Z,2026-09-03 17:41:31,SPXW,2026-09-09,P,7625.0,7740.4302,6.3,28.0,6.4,69.0,6.5,196.0,1335.0,0.1039,-0.1247,0.002,-1.7072,2.1648,-0.1578
2026-09-03T17:42:27Z,2026-09-03 17:41:31,SPXW,2026-09-09,C,7630.0,7740.4302,113.9,1.0,127.8,1.0,88.37,1.0,51.0,0.1032,0.8672,0.0021,-1.7178,2.2548,1.0846
2026-09-03T17:42:27Z,2026-09-03 17:41:31,SPXW,2026-09-09,P,7630.0,7740.4302,6.7,76.0,6.9,81.0,6.9,160.0,146.0,0.1029,-0.1327,0.0021,-1.7736,2.2548,-0.168
2026-09-03T17:42:27Z,2026-09-03 17:41:31,SPXW,2026-09-09,C,7635.0,7740.4302,108.9,1.0,123.5,1.0,124.37,4.0,85.0,0.0986,0.8587,0.0022,-1.7879,2.3465,1.0743
2026-09-03T17:42:27Z,2026-09-03 17:41:31,SPXW,2026-09-09,P,7635.0,7740.4302,7.2,49.0,7.3,25.0,7.23,158.0,192.0,0.102,-0.1412,0.0022,-1.8414,2.3465,-0.1791
2026-09-03T17:42:27Z,2026-09-03 17:41:31,SPXW,2026-09-09,C,7640.0,7740.4302,107.5,3.0,116.4,1.0,113.78,10.0,103.0,0.1017,0.8496,0.0023,-1.8592,2.4393,1.0634
2026-09-03T17:42:27Z,2026-09-03 17:41:31,SPXW,2026-09-09,P,7640.0,7740.4302,7.7,72.0,7.9,75.0,7.8,169.0,165.0,0.101,-0.1504,0.0023,-1.9102,2.4393,-0.1908
2026-09-03T17:42:27Z,2026-09-03 17:41:31,SPXW,2026-09-09,C,7645.0,7740.4302,103.1,1.0,111.4,1.0,109.29,5.0,63.0,0.0994,0.8399,0.0024,-1.9314,2.534,1.0519
2026-09-03T17:42:27Z,2026-09-03 17:41:31,SPXW,2026-09-09,P,7645.0,7740.4302,8.3,10.0,8.4,64.0,8.65,142.0,341.0,0.1002,-0.16,0.0024,-1.9799,2.534,-0.2031
2026-09-03T17:42:27Z,2026-09-03 17:41:31,SPXW,2026-09-09,C,7650.0,7740.4302,99.5,11.0,106.2,1.0,112.41,44.0,1347.0,0.0981,0.8296,0.0025,-2.0041,2.6312,1.0397
2026-09-03T17:42:27Z,2026-09-03 17:41:31,SPXW,2026-09-09,P,7650.0,7740.4302,8.9,10.0,9.0,64.0,9.5,663.0,562.0,0.0992,-0.1703,0.0025,-2.0502,2.6312,-0.2161
2026-09-03T17:42:27Z,2026-09-03 17:41:31,SPXW,2026-09-09,C,7655.0,7740.4302,94.3,3.0,102.9,1.0,103.91,22.0,64.0,0.0981,0.8187,0.0027,-2.077,2.7298,1.0265
2026-09-03T17:42:27Z,2026-09-03 17:41:31,SPXW,2026-09-09,P,7655.0,7740.4302,9.5,55.0,9.7,65.0,9.92,348.0,136.0,0.0983,-0.1812,0.0027,-2.1207,2.7298,-0.2302
2026-09-03T17:42:27Z,2026-09-03 17:41:31,SPXW,2026-09-09,C,7660.0,7740.4302,90.3,1.0,97.9,1.0,95.79,54.0,84.0,0.0955,0.8071,0.0028,-2.1499,2.828,1.0123
2026-09-03T17:42:27Z,2026-09-03 17:41:31,SPXW,2026-09-09,P,7660.0,7740.4302,10.2,60.0,10.4,63.0,10.69,1159.0,164.0,0.0974,-0.1928,0.0028,-2.1911,2.828,-0.2452
2026-09-03T17:42:27Z,2026-09-03 17:41:31,SPXW,2026-09-09,C,7665.0,7740.4302,86.1,1.0,94.0,1.0,91.3,70.0,90.0,0.0952,0.7948,0.0029,-2.2222,2.926,0.9974
2026-09-03T17:42:27Z,2026-09-03 17:41:31,SPXW,2026-09-09,P,7665.0,7740.4302,10.9,51.0,11.1,27.0,11.3,174.0,136.0,0.0965,-0.2051,0.0029,-2.261,2.926,-0.2609
2026-09-03T17:42:27Z,2026-09-03 17:41:31,SPXW,2026-09-09,C,7670.0,7740.4302,82.7,9.0,89.5,2.0,87.33,103.0,385.0,0.0958,0.7818,0.0031,-2.2937,3.0248,0.9818
2026-09-03T17:42:27Z,2026-09-03 17:41:31,SPXW,2026-09-09,P,7670.0,7740.4302,11.8,8.0,11.9,23.0,11.8,249.0,533.0,0.0956,-0.2181,0.0031,-2.33,3.0248,-0.2773
2026-09-03T17:42:27Z,2026-09-03 17:41:31,SPXW,2026-09-09,C,7675.0,7740.4302,78.6,9.0,85.7,3.0,84.8,70.0,389.0,0.0952,0.7681,0.0032,-2.3637,3.1238,0.9649
2026-09-03T17:42:27Z,2026-09-03 17:41:31,SPXW,2026-09-09,P,7675.0,7740.4302,12.6,62.0,12.8,33.0,13.24,403.0,808.0,0.0948,-0.2318,0.0032,-2.3976,3.1238,-0.295
2026-09-03T17:42:27Z,2026-09-03 17:41:31,SPXW,2026-09-09,C,7680.0,7740.4302,76.9,1.0,79.2,1.0,83.9,62.0,79.0,0.0942,0.7537,0.0033,-2.4317,3.2204,0.9469
2026-09-03T17:42:27Z,2026-09-03 17:41:31,SPXW,2026-09-09,P,7680.0,7740.4302,13.6,8.0,13.7,23.0,14.1,475.0,407.0,0.0938,-0.2462,0.0033,-2.4631,3.2204,-0.3138
2026-09-03T17:42:27Z,2026-09-03 17:41:31,SPXW,2026-09-09,C,7685.0,7740.4302,72.9,1.0,75.2,1.0,67.57,35.0,108.0,0.0933,0.7385,0.0035,-2.4971,3.314,0.9283
2026-09-03T17:42:27Z,2026-09-03 17:41:31,SPXW,2026-09-09,P,7685.0,7740.4302,14.6,8.0,14.7,22.0,15.2,207.0,89.0,0.0929,-0.2615,0.0035,-2.526,3.314,-0.3333
2026-09-03T17:42:27Z,2026-09-03 17:41:31,SPXW,2026-09-09,C,7690.0,7740.4302,69.0,1.0,71.5,4.0,68.38,129.0,196.0,0.092,0.7224,0.0036,-2.5594,3.4061,0.9088
2026-09-03T17:42:27Z,2026-09-03 17:41:31,SPXW,2026-09-09,P,7690.0,7740.4302,15.6,60.0,15.8,56.0,16.2,70.0,161.0,0.0921,-0.2775,0.0036,-2.5859,3.4061,-0.3536
2026-09-03T17:42:27Z,2026-09-03 17:41:31,SPXW,2026-09-09,C,7695.0,7740.4302,65.2,1.0,67.4,1.0,73.39,37.0,96.0,0.0916,0.7057,0.0038,-2.6177,3.4955,0.8878
2026-09-03T17:42:27Z,2026-09-03 17:41:31,SPXW,2026-09-09,P,7695.0,7740.4302,16.8,8.0,17.0,64.0,16.59,69.0,208.0,0.0911,-0.2943,0.0038,-2.6418,3.4955,-0.3754
2026-09-03T17:42:27Z,2026-09-03 17:41:31,SPXW,2026-09-09,C,7700.0,7740.4302,62.3,2.0,62.6,2.0,61.65,1142.0,1047.0,0.0906,0.6881,0.0039,-2.6714,3.5793,0.8658
2026-09-03T17:42:27Z,2026-09-03 17:41:31,SPXW,2026-09-09,P,7700.0,7740.4302,18.0,25.0,18.2,54.0,18.27,458.0,1427.0,0.0904,-0.3118,0.0039,-2.693,3.5793,-0.3982
2026-09-03T17:42:27Z,2026-09-03 17:41:31,SPXW,2026-09-09,C,7705.0,7740.4302,58.6,3.0,58.9,3.0,64.52,132.0,126.0,0.0898,0.6697,0.004,-2.7199,3.6574,0.8433
2026-09-03T17:42:27Z,2026-09-03 17:41:31,SPXW,2026-09-09,P,7705.0,7740.4302,19.3,55.0,19.5,26.0,18.61,555.0,67.0,0.0895,-0.3302,0.004,-2.739,3.6574,-0.4216
2026-09-03T17:42:27Z,2026-09-03 17:41:31,SPXW,2026-09-09,C,7710.0,7740.4302,55.1,4.0,55.4,4.0,54.45,133.0,223.0,0.089,0.6506,0.0042,-2.7624,3.7307,0.8195
2026-09-03T17:42:27Z,2026-09-03 17:41:31,SPXW,2026-09-09,P,7710.0,7740.4302,20.7,53.0,20.9,17.0,21.4,87.0,119.0,0.0887,-0.3493,0.0042,-2.779,3.7307,-0.4462
2026-09-03T17:42:27Z,2026-09-03 17:41:31,SPXW,2026-09-09,C,7715.0,7740.4302,51.6,5.0,51.8,5.0,57.82,64.0,124.0,0.0883,0.6307,0.0043,-2.798,3.7972,0.7944
2026-09-03T17:42:27Z,2026-09-03 17:41:31,SPXW,2026-09-09,P,7715.0,7740.4302,22.2,53.0,22.4,15.0,22.7,72.0,76.0,0.0878,-0.3692,0.0043,-2.8122,3.7972,-0.4722
2026-09-03T17:42:27Z,2026-09-03 17:41:31,SPXW,2026-09-09,C,7720.0,7740.4302,48.2,5.0,48.4,5.0,52.77,152.0,181.0,0.0874,0.6101,0.0044,-2.8261,3.8546,0.7687
2026-09-03T17:42:27Z,2026-09-03 17:41:31,SPXW,2026-09-09,P,7720.0,7740.4302,23.9,7.0,24.1,48.0,24.1,113.0,146.0,0.087,-0.3898,0.0044,-2.8379,3.8546,-0.4986
2026-09-03T17:42:27Z,2026-09-03 17:41:31,SPXW,2026-09-09,C,7725.0,7740.4302,44.9,9.0,45.1,6.0,44.6,315.0,837.0,0.0866,0.5888,0.0045,-2.8462,3.9035,0.7423
2026-09-03T17:42:27Z,2026-09-03 17:41:31,SPXW,2026-09-09,P,7725.0,7740.4302,25.6,7.0,25.8,48.0,26.1,308.0,277.0,0.0865,-0.4111,0.0045,-2.8555,3.9035,-0.5258
2026-09-03T17:42:27Z,2026-09-03 17:41:31,SPXW,2026-09-09,C,7730.0,7740.4302,41.8,12.0,42.0,6.0,45.3,533.0,204.0,0.0859,0.5669,0.0046,-2.8574,3.9433,0.7145
2026-09-03T17:42:27Z,2026-09-03 17:41:31,SPXW,2026-09-09,P,7730.0,7740.4302,27.4,7.0,27.6,17.0,28.24,70.0,136.0,0.0856,-0.4331,0.0046,-2.8643,3.9433,-0.5545
2026-09-03T17:42:27Z,2026-09-03 17:41:31,SPXW,2026-09-09,C,7735.0,7740.4302,38.7,33.0,38.9,6.0,40.98,174.0,220.0,0.0851,0.5443,0.0046,-2.8591,3.972,0.6862
2026-09-03T17:42:27Z,2026-09-03 17:41:31,SPXW,2026-09-09,P,7735.0,7740.4302,29.3,36.0,29.6,44.0,30.7,40.0,35.0,0.0848,-0.4556,0.0046,-2.8636,3.972,-0.5836
2026-09-03T17:42:27Z,2026-09-03 17:41:31,SPXW,2026-09-09,C,7740.0,7740.4302,35.8,35.0,36.0,6.0,35.4,409.0,201.0,0.0845,0.5213,0.0047,-2.8511,3.9892,0.6575
2026-09-03T17:42:27Z,2026-09-03 17:41:31,SPXW,2026-09-09,P,7740.0,7740.4302,31.4,6.0,31.6,15.0,32.5,100.0,55.0,0.0841,-0.4787,0.0047,-2.8531,3.9892,-0.6131
2026-09-03T17:42:27Z,2026-09-03 17:41:31,SPXW,2026-09-09,C,7745.0,7740.4302,33.0,38.0,33.2,6.0,31.7,230.0,263.0,0.0838,0.4977,0.0048,-2.833,3.9944,0.6276
2026-09-03T17:42:27Z,2026-09-03 17:41:31,SPXW,2026-09-09,P,7745.0,7740.4302,33.6,6.0,33.8,44.0,33.6,67.0,36.0,0.0834,-0.5022,0.0048,-2.8325,3.9944,-0.6438
2026-09-03T17:42:27Z,2026-09-03 17:41:31,SPXW,2026-09-09,C,7750.0,7740.4302,30.3,44.0,30.5,6.0,29.1,760.0,1271.0,0.083,0.4738,0.0048,-2.8042,3.9869,0.5975
2026-09-03T17:42:27Z,2026-09-03 17:41:31,SPXW,2026-09-09,P,7750.0,7740.4302,35.9,6.0,36.1,39.0,36.7,174.0,710.0,0.0827,-0.5261,0.0048,-2.8013,3.9869,-0.6748
2026-09-03T17:42:27Z,2026-09-03 17:41:31,SPXW,2026-09-09,C,7755.0,7740.4302,27.8,11.0,28.0,16.0,27.92,523.0,104.0,0.0822,0.4497,0.0048,-2.7649,3.9663,0.5674
2026-09-03T17:42:27Z,2026-09-03 17:41:31,SPXW,2026-09-09,P,7755.0,7740.4302,38.3,6.0,38.5,13.0,38.9,13.0,13.0,0.0822,-0.5502,0.0048,-2.7596,3.9663,-0.7057
2026-09-03T17:42:27Z,2026-09-03 17:41:31,SPXW,2026-09-09,C,7760.0,7740.4302,25.3,49.0,25.5,7.0,28.5,295.0,887.0,0.0816,0.4254,0.0048,-2.7152,3.9316,0.5364
2026-09-03T17:42:27Z,2026-09-03 17:41:31,SPXW,2026-09-09,P,7760.0,7740.4302,40.9,9.0,41.1,12.0,41.4,18.0,48.0,0.0815,-0.5746,0.0048,-2.7074,3.9316,-0.7375
2026-09-03T17:42:27Z,2026-09-03 17:41:31,SPXW,2026-09-09,C,7765.0,7740.4302,23.1,6.0,23.3,52.0,22.68,977.0,473.0,0.081,0.401,0.0048,-2.655,3.8832,0.5056
2026-09-03T17:42:27Z,2026-09-03 17:41:31,SPXW,2026-09-09,P,7765.0,7740.4302,43.6,8.0,43.9,32.0,44.2,12.0,18.0,0.0809,-0.5989,0.0048,-2.6448,3.8832,-0.7691
2026-09-03T17:42:27Z,2026-09-03 17:41:31,SPXW,2026-09-09,C,7770.0,7740.4302,20.9,25.0,21.1,7.0,20.9,139.0,299.0,0.0805,0.3767,0.0047,-2.585,3.8221,0.4752
2026-09-03T17:42:27Z,2026-09-03 17:41:31,SPXW,2026-09-09,P,7770.0,7740.4302,46.5,5.0,46.7,26.0,48.42,18.0,21.0,0.0802,-0.6232,0.0047,-2.5723,3.8221,-0.8003
2026-09-03T17:42:27Z,2026-09-03 17:41:31,SPXW,2026-09-09,C,7775.0,7740.4302,18.9,7.0,19.0,7.0,19.0,742.0,1764.0,0.08,0.3526,0.0046,-2.5056,3.7462,0.4444
2026-09-03T17:42:27Z,2026-09-03 17:41:31,SPXW,2026-09-09,P,7775.0,7740.4302,49.5,4.0,49.7,4.0,50.0,13.0,25.0,0.0797,-0.6474,0.0046,-2.4905,3.7462,-0.832
2026-09-03T17:42:27Z,2026-09-03 17:41:31,SPXW,2026-09-09,C,7780.0,7740.4302,17.0,25.0,17.2,45.0,16.69,187.0,1686.0,0.0794,0.3288,0.0045,-2.4173,3.6575,0.4145
2026-09-03T17:42:27Z,2026-09-03 17:41:31,SPXW,2026-09-09,P,7780.0,7740.4302,52.6,3.0,52.8,3.0,52.5,14.0,29.0,0.0791,-0.6711,0.0045,-2.3997,3.6575,-0.8627
2026-09-03T17:42:27Z,2026-09-03 17:41:31,SPXW,2026-09-09,C,7785.0,7740.4302,15.2,54.0,15.4,8.0,14.55,101.0,247.0,0.0787,0.3054,0.0044,-2.3212,3.5578,0.3851
2026-09-03T17:42:27Z,2026-09-03 17:41:31,SPXW,2026-09-09,P,7785.0,7740.4302,55.5,6.0,56.2,6.0,55.5,1.0,0.0,0.0788,-0.6945,0.0044,-2.3011,3.5578,-0.8929
2026-09-03T17:42:27Z,2026-09-03 17:41:31,SPXW,2026-09-09,C,7790.0,7740.4302,13.6,32.0,13.8,47.0,13.0,223.0,378.0,0.0783,0.2826,0.0043,-2.2179,3.4447,0.3559
2026-09-03T17:42:27Z,2026-09-03 17:41:31,SPXW,2026-09-09,P,7790.0,7740.4302,58.9,6.0,59.6,6.0,58.63,3.0,19.0,0.0783,-0.7173,0.0043,-2.1954,3.4447,-0.9229
2026-09-03T17:42:27Z,2026-09-03 17:41:31,SPXW,2026-09-09,C,7795.0,7740.4302,12.1,57.0,12.3,20.0,12.4,122.0,284.0,0.0778,0.2604,0.0042,-2.1084,3.3217,0.3281
2026-09-03T17:42:27Z,2026-09-03 17:41:31,SPXW,2026-09-09,P,7795.0,7740.4302,61.4,1.0,63.9,1.0,61.93,2.0,0.0,0.0776,-0.7395,0.0042,-2.0835,3.3217,-0.9515
2026-09-03T17:42:27Z,2026-09-03 17:41:31,SPXW,2026-09-09,C,7800.0,7740.4302,10.7,60.0,10.9,8.0,11.2,728.0,1585.0,0.0775,0.239,0.004,-1.994,3.1904,0.3009
2026-09-03T17:42:27Z,2026-09-03 17:41:31,SPXW,2026-09-09,P,7800.0,7740.4302,62.0,3.0,70.7,1.0,67.2,18.0,49.0,0.0774,-0.7609,0.004,-1.9666,3.1904,-0.9795
2026-09-03T17:42:27Z,2026-09-03 17:41:31,SPXW,2026-09-09,C,7805.0,7740.4302,9.5,60.0,9.6,8.0,11.0,174.0,327.0,0.077,0.2184,0.0038,-1.8755,3.0486,0.2747
2026-09-03T17:42:27Z,2026-09-03 17:41:31,SPXW,2026-09-09,P,7805.0,7740.4302,67.2,3.0,74.4,1.0,0.0,0.0,0.0,0.0797,-0.7815,0.0038,-1.8456,3.0486,-1.0066
2026-09-03T17:42:27Z,2026-09-03 17:41:31,SPXW,2026-09-09,C,7810.0,7740.4302,8.4,25.0,8.5,9.0,8.6,566.0,2069.0,0.0767,0.1987,0.0036,-1.7542,2.9012,0.2501
2026-09-03T17:42:27Z,2026-09-03 17:41:31,SPXW,2026-09-09,P,7810.0,7740.4302,71.1,3.0,78.5,3.0,100.82,1.0,28.0,0.0785,-0.8012,0.0036,-1.7219,2.9012,-1.032
2026-09-03T17:42:27Z,2026-09-03 17:41:31,SPXW,2026-09-09,C,7815.0,7740.4302,7.3,68.0,7.5,63.0,7.37,262.0,611.0,0.0762,0.1799,0.0034,-1.6316,2.7485,0.2261
2026-09-03T17:42:27Z,2026-09-03 17:41:31,SPXW,2026-09-09,P,7815.0,7740.4302,74.4,2.0,82.6,3.0,73.21,2.0,4.0,0.0772,-0.82,0.0034,-1.5968,2.7485,-1.0568
2026-09-03T17:42:27Z,2026-09-03 17:41:31,SPXW,2026-09-09,C,7820.0,7740.4302,6.4,34.0,6.5,10.0,6.27,294.0,661.0,0.0758,0.1622,0.0032,-1.5087,2.5902,0.2038
2026-09-03T17:42:27Z,2026-09-03 17:41:31,SPXW,2026-09-09,P,7820.0,7740.4302,78.5,2.0,86.5,2.0,167.82,0.0,18.0,0.0785,-0.8378,0.0032,-1.4715,2.5902,-1.08
2026-09-03T17:42:27Z,2026-09-03 17:41:31,SPXW,2026-09-09,C,7825.0,7740.4302,5.6,17.0,5.7,57.0,5.5,2333.0,18522.0,0.0756,0.1455,0.003,-1.3871,2.4309,0.1827
2026-09-03T17:42:27Z,2026-09-03 17:41:31,SPXW,2026-09-09,P,7825.0,7740.4302,83.4,3.0,90.7,3.0,85.19,1.0,15.0,0.0781,-0.8544,0.003,-1.3475,2.4309,-1.1018
2026-09-03T17:42:27Z,2026-09-03 17:41:31,SPXW,2026-09-09,C,7830.0,7740.4302,4.8,79.0,5.0,83.0,5.15,346.0,1043.0,0.0752,0.13,0.0028,-1.2683,2.2703,0.1629
2026-09-03T17:42:27Z,2026-09-03 17:41:31,SPXW,2026-09-09,P,7830.0,7740.4302,86.6,3.0,94.6,1.0,162.35,0.0,7.0,0.0763,-0.87,0.0028,-1.2262,2.2703,-1.1225
2026-09-03T17:42:27Z,2026-09-03 17:41:31,SPXW,2026-09-09,C,7835.0,7740.4302,4.1,85.0,4.3,86.0,5.27,188.0,439.0,0.075,0.1156,0.0026,-1.1534,2.1102,0.145
2026-09-03T17:42:27Z,2026-09-03 17:41:31,SPXW,2026-09-09,P,7835.0,7740.4302,90.4,3.0,99.4,1.0,0.0,0.0,0.0,0.0784,-0.8844,0.0026,-1.1089,2.1102,-1.1413
2026-09-03T17:42:27Z,2026-09-03 17:41:31,SPXW,2026-09-09,C,7840.0,7740.4302,3.5,92.0,3.7,93.0,3.95,197.0,419.0,0.0747,0.1023,0.0024,-1.0439,1.9538,0.1281
2026-09-03T17:42:27Z,2026-09-03 17:41:31,SPXW,2026-09-09,P,7840.0,7740.4302,96.5,2.0,103.6,1.0,130.8,0.0,15.0,0.0778,-0.8976,0.0024,-0.997,1.9538,-1.1589
2026-09-03T17:42:27Z,2026-09-03 17:41:31,SPXW,2026-09-09,C,7845.0,7740.4302,3.0,98.0,3.2,99.0,3.36,101.0,274.0,0.0745,0.0903,0.0022,-0.9408,1.8015,0.113
2026-09-03T17:42:27Z,2026-09-03 17:41:31,SPXW,2026-09-09,P,7845.0,7740.4302,100.6,3.0,108.1,1.0,0.0,0.0,0.0,0.0768,-0.9096,0.0022,-0.8914,1.8015,-1.1748
2026-09-03T17:42:27Z,2026-09-03 17:41:31,SPXW,2026-09-09,C,7850.0,7740.4302,2.6,104.0,2.7,80.0,2.62,732.0,911.0,0.0743,0.0795,0.002,-0.8449,1.6553,0.0995
2026-09-03T17:42:27Z,2026-09-03 17:41:31,SPXW,2026-09-09,P,7850.0,7740.4302,104.7,2.0,112.4,1.0,151.0,11.0,25.0,0.0768,-0.9204,0.002,-0.793,1.6553,-1.1892
2026-09-03T17:42:27Z,2026-09-03 17:41:31,SPXW,2026-09-09,C,7855.0,7740.4302,2.2,111.0,2.3,45.0,2.95,89.0,273.0,0.074,0.0698,0.0018,-0.7568,1.5167,0.0872
2026-09-03T17:42:27Z,2026-09-03 17:41:31,SPXW,2026-09-09,P,7855.0,7740.4302,108.4,1.0,117.0,1.0,0.0,0.0,0.0,0.0728,-0.9301,0.0018,-0.7025,1.5167,-1.2023
2026-09-03T17:42:27Z,2026-09-03 17:41:31,SPXW,2026-09-09,C,7860.0,7740.4302,1.9,61.0,2.0,106.0,1.91,133.0,531.0,0.0738,0.0613,0.0016,-0.6767,1.3865,0.0765
2026-09-03T17:42:27Z,2026-09-03 17:41:31,SPXW,2026-09-09,P,7860.0,7740.4302,112.1,1.0,124.7,1.0,208.99,0.0,1.0,0.0788,-0.9386,0.0016,-0.6199,1.3865,-1.2138
2026-09-03T17:42:27Z,2026-09-03 17:41:31,SPXW,2026-09-09,C,7865.0,7740.4302,1.6,104.0,1.7,160.0,2.15,296.0,979.0,0.074,0.0537,0.0015,-0.6046,1.2652,0.067
2026-09-03T17:42:27Z,2026-09-03 17:41:31,SPXW,2026-09-09,P,7865.0,7740.4302,116.4,1.0,129.8,1.0,0.0,0.0,0.0,0.0791,-0.9462,0.0015,-0.5453,1.2652,-1.2242
2026-09-03T17:42:27Z,2026-09-03 17:41:31,SPXW,2026-09-09,C,7870.0,7740.4302,1.35,154.0,1.45,69.0,1.6,396.0,329.0,0.074,0.0472,0.0013,-0.5402,1.1535,0.0587
2026-09-03T17:42:27Z,2026-09-03 17:41:31,SPXW,2026-09-09,P,7870.0,7740.4302,121.3,2.0,134.7,3.0,0.0,0.0,0.0,0.0808,-0.9528,0.0013,-0.4785,1.1535,-1.2333
2026-09-03T17:42:27Z,2026-09-03 17:41:31,SPXW,2026-09-09,C,7875.0,7740.4302,1.15,236.0,1.25,152.0,1.6,51.0,328.0,0.0741,0.0414,0.0012,-0.4831,1.0515,0.0516
2026-09-03T17:42:27Z,2026-09-03 17:41:31,SPXW,2026-09-09,P,7875.0,7740.4302,126.0,1.0,139.2,1.0,204.78,0.0,3.0,0.0798,-0.9585,0.0012,-0.419,1.0515,-1.2412
2026-09-03T17:42:27Z,2026-09-03 17:41:31,SPXW,2026-09-09,C,7880.0,7740.4302,1.0,55.0,1.1,162.0,1.0,258.0,680.0,0.0739,0.0365,0.0011,-0.4328,0.9585,0.0453
2026-09-03T17:42:27Z,2026-09-03 17:41:31,SPXW,2026-09-09,P,7880.0,7740.4302,129.9,1.0,143.9,1.0,142.45,25.0,125.0,0.0759,-0.9635,0.0011,-0.3662,0.9585,-1.2483
2026-09-03T17:42:27Z,2026-09-03 17:41:31,SPXW,2026-09-09,C,7885.0,7740.4302,0.85,221.0,0.95,206.0,0.85,45.0,0.0,0.0747,0.0322,0.001,-0.3887,0.8744,0.0399
2026-09-03T17:42:27Z,2026-09-03 17:41:31,SPXW,2026-09-09,P,7885.0,7740.4302,135.9,1.0,149.2,4.0,0.0,0.0,0.0,0.0842,-0.9677,0.001,-0.3196,0.8744,-1.2545
2026-09-03T17:42:27Z,2026-09-03 17:41:31,SPXW,2026-09-09,C,7890.0,7740.4302,0.7,254.0,0.8,73.0,1.05,184.0,526.0,0.0746,0.0285,0.0009,-0.3501,0.799,0.0354
2026-09-03T17:42:27Z,2026-09-03 17:41:31,SPXW,2026-09-09,P,7890.0,7740.4302,141.0,2.0,153.1,1.0,0.0,0.0,0.0,0.0811,-0.9714,0.0009,-0.2786,0.799,-1.2599
2026-09-03T17:42:27Z,2026-09-03 17:41:31,SPXW,2026-09-09,C,7895.0,7740.4302,0.65,8.0,0.7,100.0,0.85,18.0,0.0,0.075,0.0253,0.0008,-0.3164,0.7313,0.0314
2026-09-03T17:42:27Z,2026-09-03 17:41:31,SPXW,2026-09-09,P,7895.0,7740.4302,145.9,1.0,158.4,1.0,0.0,0.0,0.0,0.0846,-0.9746,0.0008,-0.2425,0.7313,-1.2647
2026-09-03T17:42:27Z,2026-09-03 17:41:31,SPXW,2026-09-09,C,7900.0,7740.4302,0.55,355.0,0.65,426.0,0.6,256.0,1270.0,0.0761,0.0226,0.0007,-0.2871,0.6705,0.0279
2026-09-03T17:42:27Z,2026-09-03 17:41:31,SPXW,2026-09-09,P,7900.0,7740.4302,150.8,1.0,163.3,1.0,161.78,25.0,134.0,0.0857,-0.9773,0.0007,-0.2107,0.6705,-1.269
2026-09-03T17:42:27Z,2026-09-03 17:41:31,SPXW,2026-09-09,C,7910.0,7740.4302,0.45,8.0,0.5,209.0,0.55,109.0,164.0,0.0768,0.0182,0.0006,-0.2393,0.568,0.0225
2026-09-03T17:42:27Z,2026-09-03 17:41:31,SPXW,2026-09-09,P,7910.0,7740.4302,159.5,1.0,173.2,1.0,0.0,0.0,0.0,0.0788,-0.9817,0.0006,-0.1581,0.568,-1.276
2026-09-03T17:42:27Z,2026-09-03 17:41:31,SPXW,2026-09-09,C,7920.0,7740.4302,0.35,231.0,0.4,72.0,0.5,133.0,913.0,0.0787,0.015,0.0005,-0.2031,0.4864,0.0184
2026-09-03T17:42:27Z,2026-09-03 17:41:31,SPXW,2026-09-09,P,7920.0,7740.4302,169.2,1.0,182.9,1.0,0.0,0.0,0.0,0.0744,-0.985,0.0005,-0.1169,0.4864,-1.2817
2026-09-03T17:42:27Z,2026-09-03 17:41:31,SPXW,2026-09-09,C,7925.0,7740.4302,0.3,387.0,0.4,576.0,0.55,33.0,420.0,0.0799,0.0136,0.0004,-0.1883,0.4519,0.0168
2026-09-03T17:42:27Z,2026-09-03 17:41:31,SPXW,2026-09-09,P,7925.0,7740.4302,174.0,1.0,188.5,1.0,246.62,0.0,2.0,0.0838,-0.9863,0.0004,-0.0997,0.4519,-1.2842
2026-09-03T17:42:27Z,2026-09-03 17:41:31,SPXW,2026-09-09,C,7930.0,7740.4302,0.3,77.0,0.35,180.0,0.35,111.0,419.0,0.081,0.0125,0.0004,-0.1754,0.4211,0.0154
2026-09-03T17:42:27Z,2026-09-03 17:41:31,SPXW,2026-09-09,P,7930.0,7740.4302,179.1,1.0,193.1,1.0,0.0,0.0,0.0,0.0801,-0.9874,0.0004,-0.0843,0.4211,-1.2864
2026-09-03T17:42:27Z,2026-09-03 17:41:31,SPXW,2026-09-09,C,7940.0,7740.4302,0.25,153.0,0.3,172.0,0.35,18.0,45.0,0.0829,0.0106,0.0003,-0.154,0.3691,0.0131
2026-09-03T17:42:27Z,2026-09-03 17:41:31,SPXW,2026-09-09,P,7940.0,7740.4302,189.3,1.0,203.0,1.0,261.17,0.0,1.0,0.0858,-0.9893,0.0003,-0.0581,0.3691,-1.2904
2026-09-03T17:42:27Z,2026-09-03 17:41:31,SPXW,2026-09-09,C,7950.0,7740.4302,0.2,351.0,0.3,641.0,0.37,54.0,477.0,0.0856,0.0092,0.0003,-0.1374,0.3268,0.0112
2026-09-03T17:42:27Z,2026-09-03 17:41:31,SPXW,2026-09-09,P,7950.0,7740.4302,198.9,1.0,212.6,1.0,290.24,0.0,1.0,0.0,-0.9908,0.0003,-0.0365,0.3268,-1.2938
2026-09-03T17:42:27Z,2026-09-03 17:41:31,SPXW,2026-09-09,C,7960.0,7740.4302,0.2,164.0,0.25,280.0,0.3,1.0,47.0,0.088,0.0081,0.0002,-0.1245,0.2927,0.0099
2026-09-03T17:42:27Z,2026-09-03 17:41:31,SPXW,2026-09-09,P,7960.0,7740.4302,208.8,1.0,222.5,1.0,0.0,0.0,0.0,0.0,-0.9919,0.0002,-0.0186,0.2923,-1.2969
2026-09-03T17:42:27Z,2026-09-03 17:41:31,SPXW,2026-09-09,C,7970.0,7740.4302,0.2,8.0,0.25,569.0,0.0,0.0,0.0,0.0915,0.0072,0.0002,-0.114,0.2642,0.0088
2026-09-03T17:42:27Z,2026-09-03 17:41:31,SPXW,2026-09-09,P,7970.0,7740.4302,216.8,1.0,234.6,1.0,0.0,0.0,0.0,0.0,-0.9928,0.0002,-0.0032,0.2639,-1.2996
2026-09-03T17:42:27Z,2026-09-03 17:41:31,SPXW,2026-09-09,C,7975.0,7740.4302,0.15,385.0,0.25,657.0,0.25,38.0,235.0,0.092,0.0068,0.0002,-0.1095,0.2519,0.0083
2026-09-03T17:42:27Z,2026-09-03 17:41:31,SPXW,2026-09-09,P,7975.0,7740.4302,220.8,1.0,239.1,1.0,288.72,0.0,3.0,0.0,-0.9932,0.0002,0.0,0.2516,-1.3009
2026-09-03T17:42:27Z,2026-09-03 17:41:31,SPXW,2026-09-09,C,8000.0,7740.4302,0.15,250.0,0.2,408.0,0.2,7.0,437.0,0.0992,0.0053,0.0001,-0.0927,0.2031,0.0065
2026-09-03T17:42:27Z,2026-09-03 17:41:31,SPXW,2026-09-09,P,8000.0,7740.4302,246.7,1.0,266.2,1.0,287.86,0.0,1.0,0.118,-0.9946,0.0001,0.0,0.2034,-1.3068
2026-09-03T17:42:27Z,2026-09-03 17:41:31,SPXW,2026-09-09,C,8025.0,7740.4302,0.1,465.0,0.2,711.0,0.15,4.0,345.0,0.1058,0.0044,0.0001,-0.0822,0.1707,0.0054
2026-09-03T17:42:27Z,2026-09-03 17:41:31,SPXW,2026-09-09,P,8025.0,7740.4302,270.7,1.0,291.7,1.0,0.0,0.0,0.0,0.1209,-0.9955,0.0001,0.0,0.1706,-1.312
2026-09-03T17:42:27Z,2026-09-03 17:41:31,SPXW,2026-09-09,C,8050.0,7740.4302,0.1,358.0,0.15,80.0,0.15,2.0,351.0,0.112,0.0037,0.0001,-0.0749,0.1467,0.0046
2026-09-03T17:42:27Z,2026-09-03 17:41:31,SPXW,2026-09-09,P,8050.0,7740.4302,295.4,1.0,313.8,1.0,0.0,0.0,0.0,0.0,-0.9962,0.0001,0.0,0.1471,-1.3169
2026-09-03T17:42:27Z,2026-09-03 17:41:31,SPXW,2026-09-09,C,8075.0,7740.4302,0.1,260.0,0.15,195.0,0.1,16.0,87.0,0.12,0.0033,0.0001,-0.0699,0.1291,0.004
2026-09-03T17:42:27Z,2026-09-03 17:41:31,SPXW,2026-09-09,P,8075.0,7740.4302,320.6,1.0,339.0,1.0,0.0,0.0,0.0,0.0,-0.9966,0.0001,0.0,0.1295,-1.3216
2026-09-03T17:42:27Z,2026-09-03 17:41:31,SPXW,2026-09-09,C,8100.0,7740.4302,0.05,844.0,0.15,386.0,0.11,27.0,56.0,0.1252,0.0029,0.0001,-0.0662,0.1155,0.0035
2026-09-03T17:42:27Z,2026-09-03 17:41:31,SPXW,2026-09-09,P,8100.0,7740.4302,345.6,1.0,363.9,1.0,0.0,0.0,0.0,0.0,-0.997,0.0001,0.0,0.1158,-1.3262
2026-09-03T17:42:27Z,2026-09-03 17:41:31,SPXW,2026-09-09,C,8125.0,7740.4302,0.05,706.0,0.15,712.0,0.1,40.0,12.0,0.1329,0.0026,0.0001,-0.0634,0.1046,0.0032
2026-09-03T17:42:27Z,2026-09-03 17:41:31,SPXW,2026-09-09,P,8125.0,7740.4302,371.1,1.0,391.6,1.0,0.0,0.0,0.0,0.1647,-0.9973,0.0001,0.0,0.1048,-1.3306
2026-09-03T17:42:27Z,2026-09-03 17:41:31,SPXW,2026-09-09,C,8150.0,7740.4302,0.05,390.0,0.15,791.0,0.1,4.0,28.0,0.1405,0.0024,0.0,-0.0611,0.0956,0.0029
2026-09-03T17:42:27Z,2026-09-03 17:41:31,SPXW,2026-09-09,P,8150.0,7740.4302,395.3,1.0,413.7,1.0,0.0,0.0,0.0,0.0,-0.9975,0.0,0.0,0.0957,-1.335
2026-09-03T17:42:27Z,2026-09-03 17:41:31,SPXW,2026-09-09,C,8175.0,7740.4302,0.05,389.0,0.15,802.0,0.1,4.0,28.0,0.148,0.0022,0.0,-0.0592,0.0881,0.0027
2026-09-03T17:42:27Z,2026-09-03 17:41:31,SPXW,2026-09-09,P,8175.0,7740.4302,421.0,1.0,438.9,1.0,0.0,0.0,0.0,0.0,-0.9977,0.0,0.0,0.0881,-1.3393
2026-09-03T17:42:27Z,2026-09-03 17:41:31,SPXW,2026-09-09,C,8200.0,7740.4302,0.05,207.0,0.1,236.0,0.07,3.0,336.0,0.1516,0.0021,0.0,-0.0575,0.0816,0.0025
2026-09-03T17:42:27Z,2026-09-03 17:41:31,SPXW,2026-09-09,P,8200.0,7740.4302,445.8,1.0,463.8,1.0,0.0,0.0,0.0,0.0,-0.9979,0.0,0.0,0.0816,-1.3436
2026-09-03T17:42:27Z,2026-09-03 17:41:31,SPXW,2026-09-09,C,8225.0,7740.4302,0.05,196.0,0.1,248.0,0.39,0.0,4.0,0.1589,0.0019,0.0,-0.056,0.0759,0.0023
2026-09-03T17:42:27Z,2026-09-03 17:41:31,SPXW,2026-09-09,P,8225.0,7740.4302,471.2,1.0,491.5,1.0,0.0,0.0,0.0,0.203,-0.998,0.0,0.0,0.0759,-1.3479
2026-09-03T17:42:27Z,2026-09-03 17:41:31,SPXW,2026-09-09,C,8250.0,7740.4302,0.05,198.0,0.1,311.0,0.15,0.0,109.0,0.1663,0.0018,0.0,-0.0546,0.0708,0.0022
2026-09-03T17:42:27Z,2026-09-03 17:41:31,SPXW,2026-09-09,P,8250.0,7740.4302,495.4,1.0,513.6,1.0,0.0,0.0,0.0,0.0,-0.9981,0.0,0.0,0.071,-1.3522
2026-09-03T17:42:27Z,2026-09-03 17:41:31,SPXW,2026-09-09,C,8275.0,7740.4302,0.05,65.0,0.1,246.0,0.47,0.0,25.0,0.1734,0.0017,0.0,-0.0535,0.0666,0.002
2026-09-03T17:42:27Z,2026-09-03 17:41:31,SPXW,2026-09-09,P,8275.0,7740.4302,520.2,1.0,539.8,1.0,0.0,0.0,0.0,0.0,-0.9982,0.0,0.0,0.0666,-1.3564
2026-09-03T17:42:27Z,2026-09-03 17:41:31,SPXW,2026-09-09,C,8300.0,7740.4302,0.0,0.0,0.1,341.0,0.05,0.0,64.0,0.1747,0.0016,0.0,-0.0523,0.0625,0.0019
2026-09-03T17:42:27Z,2026-09-03 17:41:31,SPXW,2026-09-09,P,8300.0,7740.4302,545.9,1.0,565.9,1.0,0.0,0.0,0.0,0.2105,-0.9983,0.0,0.0,0.0626,-1.3606
2026-09-03T17:42:27Z,2026-09-03 17:41:31,SPXW,2026-09-09,C,8325.0,7740.4302,0.0,0.0,0.1,603.0,0.0,0.0,1.0,0.1814,0.0015,0.0,-0.0512,0.059,0.0018
2026-09-03T17:42:27Z,2026-09-03 17:41:31,SPXW,2026-09-09,P,8325.0,7740.4302,570.2,1.0,591.4,1.0,0.0,0.0,0.0,0.2128,-0.9984,0.0,0.0,0.059,-1.3648
2026-09-03T17:42:27Z,2026-09-03 17:41:31,SPXW,2026-09-09,C,8400.0,7740.4302,0.0,0.0,0.05,132.0,0.05,0.0,135.0,0.1921,0.0013,0.0,-0.0481,0.0499,0.0015
2026-09-03T17:42:27Z,2026-09-03 17:41:31,SPXW,2026-09-09,P,8400.0,7740.4302,645.1,1.0,664.7,1.0,0.0,0.0,0.0,0.0,-0.9986,0.0,0.0,0.0501,-1.3774
2026-09-03T17:42:27Z,2026-09-03 17:41:31,SPXW,2026-09-09,C,8500.0,7740.4302,0.0,0.0,0.1,789.0,0.03,0.0,1501.0,0.229,0.0011,0.0,-0.0446,0.0412,0.0013
2026-09-03T17:42:27Z,2026-09-03 17:41:31,SPXW,2026-09-09,P,8500.0,7740.4302,746.3,1.0,764.3,1.0,0.0,0.0,0.0,0.0,-0.9989,0.0,0.0,0.0413,-1.3941
2026-09-03T17:42:27Z,2026-09-03 17:41:31,SPXW,2026-09-10,C,6975.0,7740.4302,757.8,1.0,778.3,1.0,775.47,0.0,5.0,0.0,0.9962,0.0,0.0,0.1293,1.3305
2026-09-03T17:42:27Z,2026-09-03 17:41:31,SPXW,2026-09-10,P,6975.0,7740.4302,0.3,83.0,0.35,228.0,0.7,0.0,126.0,0.2811,-0.0037,0.0,-0.1786,0.1292,-0.0053
2026-09-03T17:42:27Z,2026-09-03 17:41:31,SPXW,2026-09-10,C,7000.0,7740.4302,735.2,1.0,753.1,1.0,655.82,0.0,15.0,0.2937,0.996,0.0,0.0,0.1376,1.335
2026-09-03T17:42:27Z,2026-09-03 17:41:31,SPXW,2026-09-10,P,7000.0,7740.4302,0.3,235.0,0.4,451.0,0.4,6.0,351.0,0.2745,-0.0039,0.0,-0.1859,0.1375,-0.0057
2026-09-03T17:42:27Z,2026-09-03 17:41:31,SPXW,2026-09-10,C,7025.0,7740.4302,710.9,1.0,728.7,1.0,630.55,0.0,15.0,0.3092,0.9957,0.0,0.0,0.1467,1.3393
2026-09-03T17:42:27Z,2026-09-03 17:41:31,SPXW,2026-09-10,P,7025.0,7740.4302,0.3,544.0,0.4,322.0,0.75,0.0,593.0,0.2658,-0.0042,0.0,-0.1936,0.1466,-0.0061
2026-09-03T17:42:27Z,2026-09-03 17:41:31,SPXW,2026-09-10,C,7050.0,7740.4302,685.9,1.0,703.5,1.0,655.57,0.0,9.0,0.2954,0.9954,0.0,0.0,0.1568,1.3437
2026-09-03T17:42:27Z,2026-09-03 17:41:31,SPXW,2026-09-10,P,7050.0,7740.4302,0.35,121.0,0.4,198.0,0.6,4.0,195.0,0.2589,-0.0045,0.0,-0.2017,0.1567,-0.0065
2026-09-03T17:42:27Z,2026-09-03 17:41:31,SPXW,2026-09-10,C,7075.0,7740.4302,660.4,1.0,678.9,1.0,0.0,0.0,0.0,0.2833,0.995,0.0,0.0,0.1678,1.348
2026-09-03T17:42:27Z,2026-09-03 17:41:31,SPXW,2026-09-10,P,7075.0,7740.4302,0.35,249.0,0.45,354.0,0.85,0.0,92.0,0.2519,-0.0049,0.0,-0.2104,0.1677,-0.007
2026-09-03T17:42:27Z,2026-09-03 17:41:31,SPXW,2026-09-10,C,7100.0,7740.4302,635.8,1.0,653.4,1.0,606.5,0.0,10.0,0.2712,0.9946,0.0001,0.0,0.18,1.3522
2026-09-03T17:42:27Z,2026-09-03 17:41:31,SPXW,2026-09-10,P,7100.0,7740.4302,0.4,99.0,0.45,215.0,0.5,41.0,933.0,0.2447,-0.0053,0.0001,-0.2198,0.1799,-0.0076
2026-09-03T17:42:27Z,2026-09-03 17:41:31,SPXW,2026-09-10,C,7125.0,7740.4302,610.5,1.0,628.7,1.0,0.0,0.0,0.0,0.2609,0.9942,0.0001,0.0,0.1934,1.3563
2026-09-03T17:42:27Z,2026-09-03 17:41:31,SPXW,2026-09-10,P,7125.0,7740.4302,0.4,315.0,0.5,346.0,0.6,29.0,170.0,0.2373,-0.0057,0.0001,-0.2299,0.1933,-0.0082
2026-09-03T17:42:27Z,2026-09-03 17:41:31,SPXW,2026-09-10,C,7150.0,7740.4302,585.6,1.0,603.8,1.0,0.0,0.0,0.0,0.2538,0.9937,0.0001,0.0,0.2083,1.3604
2026-09-03T17:42:27Z,2026-09-03 17:41:31,SPXW,2026-09-10,P,7150.0,7740.4302,0.45,173.0,0.55,453.0,0.6,66.0,853.0,0.2311,-0.0062,0.0001,-0.2409,0.2081,-0.0089
2026-09-03T17:42:27Z,2026-09-03 17:41:31,SPXW,2026-09-10,C,7170.0,7740.4302,565.5,1.0,583.3,1.0,0.0,0.0,0.0,0.2352,0.9933,0.0001,0.0,0.2214,1.3636
2026-09-03T17:42:27Z,2026-09-03 17:41:31,SPXW,2026-09-10,P,7170.0,7740.4302,0.45,454.0,0.55,255.0,0.82,8.0,8.0,0.2239,-0.0066,0.0001,-0.2505,0.2212,-0.0096
2026-09-03T17:42:27Z,2026-09-03 17:41:31,SPXW,2026-09-10,C,7175.0,7740.4302,560.9,1.0,578.3,1.0,522.01,0.0,10.0,0.2403,0.9932,0.0001,0.0,0.2249,1.3644
2026-09-03T17:42:27Z,2026-09-03 17:41:31,SPXW,2026-09-10,P,7175.0,7740.4302,0.5,58.0,0.55,239.0,0.78,4.0,285.0,0.2234,-0.0067,0.0001,-0.253,0.2247,-0.0097
2026-09-03T17:42:27Z,2026-09-03 17:41:31,SPXW,2026-09-10,C,7180.0,7740.4302,555.6,1.0,573.6,1.0,0.0,0.0,0.0,0.2382,0.9931,0.0001,0.0,0.2284,1.3652
2026-09-03T17:42:27Z,2026-09-03 17:41:31,SPXW,2026-09-10,P,7180.0,7740.4302,0.5,133.0,0.55,221.0,0.65,137.0,4.0,0.2215,-0.0069,0.0001,-0.2556,0.2283,-0.0099
2026-09-03T17:42:27Z,2026-09-03 17:41:31,SPXW,2026-09-10,C,7190.0,7740.4302,545.6,1.0,563.9,1.0,0.0,0.0,0.0,0.2387,0.9928,0.0001,-0.0019,0.2359,1.3667
2026-09-03T17:42:27Z,2026-09-03 17:41:31,SPXW,2026-09-10,P,7190.0,7740.4302,0.5,265.0,0.6,338.0,1.25,0.0,2.0,0.2191,-0.0071,0.0001,-0.2609,0.2357,-0.0103
2026-09-03T17:42:27Z,2026-09-03 17:41:31,SPXW,2026-09-10,C,7200.0,7740.4302,536.2,1.0,554.5,1.0,483.02,0.0,12.0,0.2495,0.9926,0.0001,-0.0122,0.2438,1.3683
2026-09-03T17:42:27Z,2026-09-03 17:41:31,SPXW,2026-09-10,P,7200.0,7740.4302,0.5,296.0,0.6,342.0,0.69,68.0,310.0,0.2155,-0.0074,0.0001,-0.2665,0.2435,-0.0106
2026-09-03T17:42:27Z,2026-09-03 17:41:31,SPXW,2026-09-10,C,7210.0,7740.4302,525.7,1.0,544.7,1.0,0.0,0.0,0.0,0.2129,0.9923,0.0001,-0.0226,0.252,1.3698
2026-09-03T17:42:27Z,2026-09-03 17:41:31,SPXW,2026-09-10,P,7210.0,7740.4302,0.5,438.0,0.6,230.0,1.3,0.0,3.0,0.2118,-0.0076,0.0001,-0.2722,0.2518,-0.011
2026-09-03T17:42:27Z,2026-09-03 17:41:31,SPXW,2026-09-10,C,7220.0,7740.4302,515.7,1.0,534.3,1.0,0.0,0.0,0.0,0.2329,0.992,0.0001,-0.0334,0.2608,1.3713
2026-09-03T17:42:27Z,2026-09-03 17:41:31,SPXW,2026-09-10,P,7220.0,7740.4302,0.55,243.0,0.65,345.0,1.35,0.0,3.0,0.2104,-0.0079,0.0001,-0.2783,0.2606,-0.0115
2026-09-03T17:42:27Z,2026-09-03 17:41:31,SPXW,2026-09-10,C,7225.0,7740.4302,510.6,1.0,529.3,1.0,0.0,0.0,0.0,0.2296,0.9918,0.0001,-0.0389,0.2654,1.372
2026-09-03T17:42:27Z,2026-09-03 17:41:31,SPXW,2026-09-10,P,7225.0,7740.4302,0.55,283.0,0.65,447.0,0.93,5.0,1293.0,0.2086,-0.0081,0.0001,-0.2815,0.2651,-0.0117
2026-09-03T17:42:27Z,2026-09-03 17:41:31,SPXW,2026-09-10,C,7230.0,7740.4302,505.7,1.0,524.6,1.0,0.0,0.0,0.0,0.2323,0.9917,0.0001,-0.0444,0.2701,1.3727
2026-09-03T17:42:27Z,2026-09-03 17:41:31,SPXW,2026-09-10,P,7230.0,7740.4302,0.55,287.0,0.65,336.0,1.4,0.0,1.0,0.2067,-0.0083,0.0001,-0.2847,0.2698,-0.0119
2026-09-03T17:42:27Z,2026-09-03 17:41:31,SPXW,2026-09-10,C,7240.0,7740.4302,495.8,1.0,513.9,1.0,0.0,0.0,0.0,0.2208,0.9913,0.0001,-0.0558,0.2798,1.3742
2026-09-03T17:42:27Z,2026-09-03 17:41:31,SPXW,2026-09-10,P,7240.0,7740.4302,0.55,441.0,0.65,219.0,1.45,0.0,2.0,0.203,-0.0086,0.0001,-0.2914,0.2796,-0.0124
2026-09-03T17:42:27Z,2026-09-03 17:41:31,SPXW,2026-09-10,C,7250.0,7740.4302,485.9,1.0,504.4,1.0,433.15,0.0,10.0,0.2239,0.991,0.0001,-0.0676,0.2902,1.3756
2026-09-03T17:42:27Z,2026-09-03 17:41:31,SPXW,2026-09-10,P,7250.0,7740.4302,0.6,238.0,0.7,423.0,0.75,28.0,298.0,0.2013,-0.0089,0.0001,-0.2985,0.2898,-0.0129
2026-09-03T17:42:27Z,2026-09-03 17:41:31,SPXW,2026-09-10,C,7260.0,7740.4302,475.8,1.0,494.7,1.0,0.0,0.0,0.0,0.2218,0.9906,0.0001,-0.0798,0.301,1.3769
2026-09-03T17:42:27Z,2026-09-03 17:41:31,SPXW,2026-09-10,P,7260.0,7740.4302,0.6,287.0,0.7,296.0,1.6,0.0,11.0,0.1976,-0.0093,0.0001,-0.3059,0.3007,-0.0135
2026-09-03T17:42:27Z,2026-09-03 17:41:31,SPXW,2026-09-10,C,7270.0,7740.4302,466.6,1.0,483.7,1.0,0.0,0.0,0.0,0.2154,0.9902,0.0001,-0.0924,0.3126,1.3782
2026-09-03T17:42:27Z,2026-09-03 17:41:31,SPXW,2026-09-10,P,7270.0,7740.4302,0.65,147.0,0.75,338.0,1.7,0.0,22.0,0.1957,-0.0097,0.0001,-0.3139,0.3123,-0.0141
2026-09-03T17:42:27Z,2026-09-03 17:41:31,SPXW,2026-09-10,C,7275.0,7740.4302,460.9,1.0,478.7,1.0,517.55,0.0,5.0,0.205,0.99,0.0001,-0.0989,0.3186,1.3789
2026-09-03T17:42:27Z,2026-09-03 17:41:31,SPXW,2026-09-10,P,7275.0,7740.4302,0.65,241.0,0.75,409.0,0.98,17.0,129.0,0.1939,-0.0099,0.0001,-0.318,0.3183,-0.0144
2026-09-03T17:42:27Z,2026-09-03 17:41:31,SPXW,2026-09-10,C,7280.0,7740.4302,455.9,1.0,473.7,1.0,0.0,0.0,0.0,0.2029,0.9898,0.0001,-0.1055,0.3249,1.3795
2026-09-03T17:42:27Z,2026-09-03 17:41:31,SPXW,2026-09-10,P,7280.0,7740.4302,0.65,270.0,0.75,302.0,0.7,42.0,36.0,0.192,-0.0102,0.0001,-0.3223,0.3245,-0.0147
2026-09-03T17:42:27Z,2026-09-03 17:41:31,SPXW,2026-09-10,C,7290.0,7740.4302,446.6,1.0,464.1,1.0,0.0,0.0,0.0,0.2111,0.9893,0.0001,-0.1192,0.338,1.3807
2026-09-03T17:42:27Z,2026-09-03 17:41:31,SPXW,2026-09-10,P,7290.0,7740.4302,0.7,145.0,0.8,327.0,1.85,0.0,42.0,0.1899,-0.0106,0.0001,-0.3313,0.3376,-0.0154
2026-09-03T17:42:27Z,2026-09-03 17:41:31,SPXW,2026-09-10,C,7300.0,7740.4302,436.3,1.0,454.9,1.0,376.38,0.0,6.0,0.2115,0.9888,0.0001,-0.1335,0.352,1.3819
2026-09-03T17:42:27Z,2026-09-03 17:41:31,SPXW,2026-09-10,P,7300.0,7740.4302,0.7,282.0,0.8,313.0,0.88,73.0,685.0,0.1862,-0.0111,0.0001,-0.3409,0.3516,-0.0162
2026-09-03T17:42:27Z,2026-09-03 17:41:31,SPXW,2026-09-10,C,7310.0,7740.4302,426.1,1.0,444.7,1.0,0.0,0.0,0.0,0.2036,0.9882,0.0001,-0.1485,0.3671,1.383
2026-09-03T17:42:27Z,2026-09-03 17:41:31,SPXW,2026-09-10,P,7310.0,7740.4302,0.75,143.0,0.85,335.0,0.95,23.0,3094.0,0.1839,-0.0117,0.0001,-0.3512,0.3667,-0.0169
2026-09-03T17:42:27Z,2026-09-03 17:41:31,SPXW,2026-09-10,C,7320.0,7740.4302,416.8,1.0,435.0,1.0,0.0,0.0,0.0,0.2079,0.9876,0.0002,-0.1642,0.3834,1.3841
2026-09-03T17:42:27Z,2026-09-03 17:41:31,SPXW,2026-09-10,P,7320.0,7740.4302,0.75,264.0,0.85,270.0,1.05,72.0,169.0,0.1801,-0.0123,0.0002,-0.3622,0.3829,-0.0178
2026-09-03T17:42:27Z,2026-09-03 17:41:31,SPXW,2026-09-10,C,7325.0,7740.4302,408.7,1.0,429.1,1.0,419.23,1.0,1.0,0.1449,0.9873,0.0002,-0.1724,0.392,1.3846
2026-09-03T17:42:27Z,2026-09-03 17:41:31,SPXW,2026-09-10,P,7325.0,7740.4302,0.8,91.0,0.9,394.0,0.95,12.0,513.0,0.1797,-0.0126,0.0002,-0.368,0.3915,-0.0182
2026-09-03T17:42:27Z,2026-09-03 17:41:31,SPXW,2026-09-10,C,7330.0,7740.4302,404.8,1.0,424.3,1.0,348.73,0.0,1.0,0.1755,0.987,0.0002,-0.1808,0.4009,1.3851
2026-09-03T17:42:27Z,2026-09-03 17:41:31,SPXW,2026-09-10,P,7330.0,7740.4302,0.8,233.0,0.9,302.0,1.05,150.0,30.0,0.1777,-0.013,0.0002,-0.3744,0.4009,-0.0188
2026-09-03T17:42:27Z,2026-09-03 17:41:31,SPXW,2026-09-10,C,7335.0,7740.4302,401.2,1.0,419.3,1.0,0.0,0.0,0.0,0.1901,0.9866,0.0002,-0.1894,0.4102,1.3855
2026-09-03T17:42:27Z,2026-09-03 17:41:31,SPXW,2026-09-10,P,7335.0,7740.4302,0.8,260.0,0.9,264.0,1.0,1.0,10.0,0.1757,-0.0133,0.0002,-0.3807,0.4102,-0.0192
2026-09-03T17:42:27Z,2026-09-03 17:41:31,SPXW,2026-09-10,C,7340.0,7740.4302,396.2,1.0,414.0,1.0,308.7,0.0,30.0,0.1849,0.9863,0.0002,-0.1982,0.4198,1.386
2026-09-03T17:42:27Z,2026-09-03 17:41:31,SPXW,2026-09-10,P,7340.0,7740.4302,0.85,141.0,0.95,302.0,1.07,6.0,31.0,0.1752,-0.0136,0.0002,-0.3872,0.4198,-0.0198
2026-09-03T17:42:27Z,2026-09-03 17:41:31,SPXW,2026-09-10,C,7345.0,7740.4302,391.2,1.0,409.3,1.0,0.0,0.0,0.0,0.1858,0.9859,0.0002,-0.2074,0.4297,1.3864
2026-09-03T17:42:27Z,2026-09-03 17:41:31,SPXW,2026-09-10,P,7345.0,7740.4302,0.85,242.0,0.95,283.0,1.2,60.0,4.0,0.1732,-0.014,0.0002,-0.394,0.4297,-0.0203
2026-09-03T17:42:27Z,2026-09-03 17:41:31,SPXW,2026-09-10,C,7350.0,7740.4302,384.1,1.0,403.9,1.0,322.78,0.0,1.0,0.1436,0.9855,0.0002,-0.2168,0.44,1.3868
2026-09-03T17:42:27Z,2026-09-03 17:41:31,SPXW,2026-09-10,P,7350.0,7740.4302,0.85,489.0,0.95,205.0,0.98,35.0,196.0,0.1713,-0.0144,0.0002,-0.4011,0.44,-0.0209
2026-09-03T17:42:27Z,2026-09-03 17:41:31,SPXW,2026-09-10,C,7355.0,7740.4302,381.3,1.0,398.7,1.0,0.0,0.0,0.0,0.1765,0.9851,0.0002,-0.2264,0.4507,1.3871
2026-09-03T17:42:27Z,2026-09-03 17:41:31,SPXW,2026-09-10,P,7355.0,7740.4302,0.9,151.0,1.0,288.0,1.25,6.0,1.0,0.1707,-0.0148,0.0002,-0.4084,0.4507,-0.0215
2026-09-03T17:42:27Z,2026-09-03 17:41:31,SPXW,2026-09-10,C,7360.0,7740.4302,376.4,1.0,394.1,1.0,0.0,0.0,0.0,0.1795,0.9847,0.0002,-0.2364,0.4619,1.3874
2026-09-03T17:42:27Z,2026-09-03 17:41:31,SPXW,2026-09-10,P,7360.0,7740.4302,0.9,253.0,1.0,209.0,1.02,9.0,15.0,0.1687,-0.0152,0.0002,-0.416,0.4619,-0.0222
2026-09-03T17:42:27Z,2026-09-03 17:41:31,SPXW,2026-09-10,C,7365.0,7740.4302,371.5,1.0,389.5,1.0,0.0,0.0,0.0,0.1818,0.9842,0.0002,-0.2467,0.4734,1.3877
2026-09-03T17:42:27Z,2026-09-03 17:41:31,SPXW,2026-09-10,P,7365.0,7740.4302,0.95,149.0,1.05,284.0,1.35,21.0,2.0,0.168,-0.0157,0.0002,-0.424,0.4734,-0.0228
2026-09-03T17:42:27Z,2026-09-03 17:41:31,SPXW,2026-09-10,C,7370.0,7740.4302,363.7,1.0,383.8,1.0,0.0,0.0,0.0,0.0,0.9838,0.0002,-0.2574,0.4854,1.388
2026-09-03T17:42:27Z,2026-09-03 17:41:31,SPXW,2026-09-10,P,7370.0,7740.4302,0.95,290.0,1.05,274.0,1.24,28.0,115.0,0.166,-0.0162,0.0002,-0.4323,0.4854,-0.0235
2026-09-03T17:42:27Z,2026-09-03 17:41:31,SPXW,2026-09-10,C,7375.0,7740.4302,359.2,1.0,378.9,1.0,298.36,0.0,1.0,0.1372,0.9833,0.0002,-0.2684,0.4979,1.3882
2026-09-03T17:42:27Z,2026-09-03 17:41:31,SPXW,2026-09-10,P,7375.0,7740.4302,1.0,142.0,1.1,383.0,1.25,55.0,840.0,0.1652,-0.0167,0.0002,-0.441,0.4979,-0.0242
2026-09-03T17:42:27Z,2026-09-03 17:41:31,SPXW,2026-09-10,C,7380.0,7740.4302,356.7,1.0,374.6,1.0,265.13,0.0,3.0,0.1778,0.9827,0.0002,-0.2798,0.511,1.3884
2026-09-03T17:42:27Z,2026-09-03 17:41:31,SPXW,2026-09-10,P,7380.0,7740.4302,1.0,300.0,1.1,219.0,1.2,46.0,336.0,0.1632,-0.0172,0.0002,-0.45,0.511,-0.025
2026-09-03T17:42:27Z,2026-09-03 17:41:31,SPXW,2026-09-10,C,7385.0,7740.4302,351.5,1.0,370.3,1.0,0.0,0.0,0.0,0.1794,0.9822,0.0002,-0.2915,0.5246,1.3886
2026-09-03T17:42:27Z,2026-09-03 17:41:31,SPXW,2026-09-10,P,7385.0,7740.4302,1.05,149.0,1.15,303.0,3.3,0.0,67.0,0.1624,-0.0177,0.0002,-0.4595,0.5246,-0.0258
2026-09-03T17:42:27Z,2026-09-03 17:41:31,SPXW,2026-09-10,C,7390.0,7740.4302,346.9,1.0,365.4,1.0,0.0,0.0,0.0,0.1806,0.9816,0.0003,-0.3037,0.5389,1.3887
2026-09-03T17:42:27Z,2026-09-03 17:41:31,SPXW,2026-09-10,P,7390.0,7740.4302,1.05,311.0,1.15,208.0,1.35,12.0,100.0,0.1604,-0.0183,0.0003,-0.4693,0.5389,-0.0266
2026-09-03T17:42:27Z,2026-09-03 17:41:31,SPXW,2026-09-10,C,7395.0,7740.4302,342.0,1.0,360.6,1.0,0.0,0.0,0.0,0.1664,0.981,0.0003,-0.3164,0.5538,1.3888
2026-09-03T17:42:27Z,2026-09-03 17:41:31,SPXW,2026-09-10,P,7395.0,7740.4302,1.1,275.0,1.2,284.0,1.25,52.0,147.0,0.1594,-0.0189,0.0003,-0.4796,0.5538,-0.0275
2026-09-03T17:42:27Z,2026-09-03 17:41:31,SPXW,2026-09-10,C,7400.0,7740.4302,334.4,1.0,354.4,1.0,298.63,0.0,4.0,0.1427,0.9804,0.0003,-0.3294,0.5694,1.3888
2026-09-03T17:42:27Z,2026-09-03 17:41:31,SPXW,2026-09-10,P,7400.0,7740.4302,1.15,69.0,1.25,378.0,1.27,159.0,326.0,0.1584,-0.0196,0.0003,-0.4904,0.5694,-0.0284
2026-09-03T17:42:27Z,2026-09-03 17:41:31,SPXW,2026-09-10,C,7405.0,7740.4302,329.2,1.0,349.0,1.0,0.0,0.0,0.0,0.1284,0.9797,0.0003,-0.343,0.5857,1.3888
2026-09-03T17:42:27Z,2026-09-03 17:41:31,SPXW,2026-09-10,P,7405.0,7740.4302,1.15,310.0,1.25,204.0,1.35,46.0,79.0,0.1564,-0.0202,0.0003,-0.5016,0.5857,-0.0294
2026-09-03T17:42:27Z,2026-09-03 17:41:31,SPXW,2026-09-10,C,7410.0,7740.4302,324.3,1.0,344.8,3.0,0.0,0.0,0.0,0.1432,0.979,0.0003,-0.3571,0.6027,1.3887
2026-09-03T17:42:27Z,2026-09-03 17:41:31,SPXW,2026-09-10,P,7410.0,7740.4302,1.2,291.0,1.3,263.0,1.4,64.0,130.0,0.1554,-0.0209,0.0003,-0.5133,0.6027,-0.0304
2026-09-03T17:42:27Z,2026-09-03 17:41:31,SPXW,2026-09-10,C,7415.0,7740.4302,321.9,1.0,339.1,1.0,0.0,0.0,0.0,0.1603,0.9783,0.0003,-0.3717,0.6204,1.3886
2026-09-03T17:42:27Z,2026-09-03 17:41:31,SPXW,2026-09-10,P,7415.0,7740.4302,1.25,177.0,1.35,286.0,1.55,27.0,68.0,0.1543,-0.0216,0.0003,-0.5256,0.6204,-0.0315
2026-09-03T17:42:27Z,2026-09-03 17:41:31,SPXW,2026-09-10,C,7420.0,7740.4302,314.4,1.0,334.7,1.0,315.71,0.0,1.0,0.1392,0.9775,0.0003,-0.3869,0.6389,1.3884
2026-09-03T17:42:27Z,2026-09-03 17:41:31,SPXW,2026-09-10,P,7420.0,7740.4302,1.3,28.0,1.4,212.0,1.33,35.0,1262.0,0.1531,-0.0224,0.0003,-0.5384,0.6389,-0.0326
2026-09-03T17:42:27Z,2026-09-03 17:41:31,SPXW,2026-09-10,C,7425.0,7740.4302,309.6,1.0,329.2,1.0,296.08,4.0,5.0,0.1328,0.9767,0.0003,-0.4026,0.6582,1.3881
2026-09-03T17:42:27Z,2026-09-03 17:41:31,SPXW,2026-09-10,P,7425.0,7740.4302,1.3,325.0,1.4,118.0,1.57,68.0,1416.0,0.1515,-0.0233,0.0003,-0.5518,0.6582,-0.0339
2026-09-03T17:42:27Z,2026-09-03 17:41:31,SPXW,2026-09-10,C,7430.0,7740.4302,304.5,1.0,324.3,1.0,0.0,0.0,0.0,0.1308,0.9758,0.0004,-0.419,0.6783,1.3878
2026-09-03T17:42:27Z,2026-09-03 17:41:31,SPXW,2026-09-10,P,7430.0,7740.4302,1.35,246.0,1.45,102.0,1.55,40.0,93.0,0.1499,-0.0241,0.0004,-0.5659,0.6783,-0.0352
2026-09-03T17:42:27Z,2026-09-03 17:41:31,SPXW,2026-09-10,C,7435.0,7740.4302,299.5,1.0,319.7,1.0,290.3,4.0,0.0,0.1344,0.9749,0.0004,-0.4361,0.6992,1.3874
2026-09-03T17:42:27Z,2026-09-03 17:41:31,SPXW,2026-09-10,P,7435.0,7740.4302,1.4,231.0,1.5,108.0,1.6,24.0,69.0,0.1487,-0.025,0.0004,-0.5806,0.6992,-0.0365
2026-09-03T17:42:27Z,2026-09-03 17:41:31,SPXW,2026-09-10,C,7440.0,7740.4302,294.6,1.0,314.9,1.0,290.74,5.0,31.0,0.1359,0.9739,0.0004,-0.4538,0.7211,1.3869
2026-09-03T17:42:27Z,2026-09-03 17:41:31,SPXW,2026-09-10,P,7440.0,7740.4302,1.45,233.0,1.55,96.0,1.53,31.0,122.0,0.1474,-0.026,0.0004,-0.596,0.7211,-0.038
2026-09-03T17:42:27Z,2026-09-03 17:41:31,SPXW,2026-09-10,C,7445.0,7740.4302,290.2,1.0,310.0,1.0,0.0,0.0,0.0,0.1408,0.9729,0.0004,-0.4722,0.744,1.3864
2026-09-03T17:42:27Z,2026-09-03 17:41:31,SPXW,2026-09-10,P,7445.0,7740.4302,1.5,220.0,1.6,104.0,1.74,28.0,54.0,0.1465,-0.027,0.0004,-0.6121,0.744,-0.0395
2026-09-03T17:42:27Z,2026-09-03 17:41:31,SPXW,2026-09-10,C,7450.0,7740.4302,284.7,1.0,304.5,1.0,298.42,15.0,23.0,0.1284,0.9718,0.0004,-0.4914,0.7681,1.3858
2026-09-03T17:42:27Z,2026-09-03 17:41:31,SPXW,2026-09-10,P,7450.0,7740.4302,1.6,26.0,1.7,286.0,1.85,202.0,267.0,0.1455,-0.0281,0.0004,-0.629,0.7681,-0.041
2026-09-03T17:42:27Z,2026-09-03 17:41:31,SPXW,2026-09-10,C,7455.0,7740.4302,279.8,1.0,299.6,1.0,0.0,0.0,0.0,0.1287,0.9707,0.0004,-0.5114,0.7933,1.3851
2026-09-03T17:42:27Z,2026-09-03 17:41:31,SPXW,2026-09-10,P,7455.0,7740.4302,1.65,142.0,1.75,202.0,2.49,83.0,108.0,0.1441,-0.0293,0.0004,-0.6466,0.7933,-0.0427
2026-09-03T17:42:27Z,2026-09-03 17:41:31,SPXW,2026-09-10,C,7460.0,7740.4302,275.1,1.0,295.9,1.0,234.05,0.0,52.0,0.1408,0.9695,0.0004,-0.5322,0.8198,1.3843
2026-09-03T17:42:27Z,2026-09-03 17:41:31,SPXW,2026-09-10,P,7460.0,7740.4302,1.7,218.0,1.8,141.0,1.9,77.0,93.0,0.1427,-0.0305,0.0004,-0.6651,0.8198,-0.0445
2026-09-03T17:42:27Z,2026-09-03 17:41:31,SPXW,2026-09-10,C,7465.0,7740.4302,270.7,1.0,291.0,1.0,0.0,0.0,0.0,0.1433,0.9682,0.0005,-0.5538,0.8474,1.3834
2026-09-03T17:42:27Z,2026-09-03 17:41:31,SPXW,2026-09-10,P,7465.0,7740.4302,1.75,227.0,1.85,72.0,2.5,84.0,69.0,0.1419,-0.0317,0.0005,-0.6844,0.8474,-0.0463
2026-09-03T17:42:27Z,2026-09-03 17:41:31,SPXW,2026-09-10,C,7470.0,7740.4302,267.9,1.0,285.7,1.0,0.0,0.0,0.0,0.1518,0.9668,0.0005,-0.5764,0.8763,1.3823
2026-09-03T17:42:27Z,2026-09-03 17:41:31,SPXW,2026-09-10,P,7470.0,7740.4302,1.85,122.0,1.95,184.0,2.1,60.0,143.0,0.1404,-0.0331,0.0005,-0.7045,0.8763,-0.0483
2026-09-03T17:42:27Z,2026-09-03 17:41:31,SPXW,2026-09-10,C,7475.0,7740.4302,260.1,1.0,280.6,1.0,273.77,15.0,30.0,0.1321,0.9654,0.0005,-0.5998,0.9064,1.3812
2026-09-03T17:42:27Z,2026-09-03 17:41:31,SPXW,2026-09-10,P,7475.0,7740.4302,1.9,203.0,2.05,192.0,2.19,199.0,374.0,0.1395,-0.0345,0.0005,-0.7256,0.9064,-0.0504
2026-09-03T17:42:27Z,2026-09-03 17:41:31,SPXW,2026-09-10,C,7480.0,7740.4302,258.0,1.0,275.9,1.0,193.84,0.0,2.0,0.1486,0.9639,0.0005,-0.6242,0.9377,1.3798
2026-09-03T17:42:27Z,2026-09-03 17:41:31,SPXW,2026-09-10,P,7480.0,7740.4302,2.0,139.0,2.1,86.0,2.3,98.0,206.0,0.1379,-0.036,0.0005,-0.7477,0.9377,-0.0527
2026-09-03T17:42:27Z,2026-09-03 17:41:31,SPXW,2026-09-10,C,7485.0,7740.4302,250.3,1.0,271.5,1.0,0.0,0.0,0.0,0.1239,0.9623,0.0006,-0.6496,0.9703,1.3784
2026-09-03T17:42:27Z,2026-09-03 17:41:31,SPXW,2026-09-10,P,7485.0,7740.4302,2.1,87.0,2.2,169.0,2.45,143.0,115.0,0.1369,-0.0376,0.0006,-0.7708,0.9703,-0.0551
2026-09-03T17:42:27Z,2026-09-03 17:41:31,SPXW,2026-09-10,C,7490.0,7740.4302,245.4,1.0,266.5,1.0,261.26,0.0,1.0,0.1226,0.9606,0.0006,-0.676,1.0044,1.3768
2026-09-03T17:42:27Z,2026-09-03 17:41:31,SPXW,2026-09-10,P,7490.0,7740.4302,2.2,106.0,2.3,235.0,2.55,99.0,130.0,0.1358,-0.0393,0.0006,-0.7949,1.0044,-0.0576
2026-09-03T17:42:27Z,2026-09-03 17:41:31,SPXW,2026-09-10,C,7495.0,7740.4302,240.5,1.0,261.0,1.0,0.0,0.0,0.0,0.1288,0.9588,0.0006,-0.7036,1.0401,1.3751
2026-09-03T17:42:27Z,2026-09-03 17:41:31,SPXW,2026-09-10,P,7495.0,7740.4302,2.3,82.0,2.4,222.0,2.63,29.0,17.0,0.1347,-0.0411,0.0006,-0.82,1.0401,-0.0603
2026-09-03T17:42:27Z,2026-09-03 17:41:31,SPXW,2026-09-10,C,7500.0,7740.4302,236.9,2.0,256.8,1.0,234.39,4.0,72.0,0.1382,0.9569,0.0006,-0.7322,1.0775,1.3733
2026-09-03T17:42:27Z,2026-09-03 17:41:31,SPXW,2026-09-10,P,7500.0,7740.4302,2.4,90.0,2.5,151.0,2.5,503.0,548.0,0.1335,-0.043,0.0006,-0.8463,1.0775,-0.0631
2026-09-03T17:42:27Z,2026-09-03 17:41:31,SPXW,2026-09-10,C,7505.0,7740.4302,231.5,1.0,250.9,1.0,0.0,0.0,0.0,0.1294,0.9549,0.0007,-0.7619,1.1167,1.3713
2026-09-03T17:42:27Z,2026-09-03 17:41:31,SPXW,2026-09-10,P,7505.0,7740.4302,2.5,151.0,2.6,77.0,2.6,179.0,51.0,0.1325,-0.0451,0.0007,-0.8737,1.1167,-0.066
2026-09-03T17:42:27Z,2026-09-03 17:41:31,SPXW,2026-09-10,C,7510.0,7740.4302,226.6,1.0,246.3,1.0,0.0,0.0,0.0,0.1297,0.9527,0.0007,-0.7928,1.1576,1.3692
2026-09-03T17:42:27Z,2026-09-03 17:41:31,SPXW,2026-09-10,P,7510.0,7740.4302,2.65,24.0,2.75,206.0,2.76,256.0,122.0,0.1314,-0.0472,0.0007,-0.9023,1.1576,-0.0691
2026-09-03T17:42:27Z,2026-09-03 17:41:31,SPXW,2026-09-10,C,7515.0,7740.4302,221.0,1.0,241.5,1.0,138.61,0.0,5.0,0.1254,0.9504,0.0007,-0.825,1.2002,1.3667
2026-09-03T17:42:27Z,2026-09-03 17:41:31,SPXW,2026-09-10,P,7515.0,7740.4302,2.75,191.0,2.85,5.0,3.0,105.0,69.0,0.1303,-0.0495,0.0007,-0.9321,1.2002,-0.0725
2026-09-03T17:42:27Z,2026-09-03 17:41:31,SPXW,2026-09-10,C,7520.0,7740.4302,217.0,1.0,237.1,2.0,227.7,1.0,53.0,0.1306,0.948,0.0008,-0.8583,1.2445,1.3641
2026-09-03T17:42:27Z,2026-09-03 17:41:31,SPXW,2026-09-10,P,7520.0,7740.4302,2.9,111.0,3.0,114.0,3.17,131.0,98.0,0.1295,-0.0519,0.0008,-0.9631,1.2445,-0.0761
2026-09-03T17:42:27Z,2026-09-03 17:41:31,SPXW,2026-09-10,C,7525.0,7740.4302,211.9,1.0,231.0,1.0,212.77,5.0,11.0,0.1227,0.9455,0.0008,-0.893,1.2903,1.3612
2026-09-03T17:42:27Z,2026-09-03 17:41:31,SPXW,2026-09-10,P,7525.0,7740.4302,3.0,298.0,3.2,214.0,3.52,123.0,215.0,0.1281,-0.0544,0.0008,-0.9954,1.2903,-0.0799
2026-09-03T17:42:27Z,2026-09-03 17:41:31,SPXW,2026-09-10,C,7530.0,7740.4302,207.3,1.0,227.8,1.0,194.68,4.0,2.0,0.1298,0.9428,0.0008,-0.9289,1.338,1.3582
2026-09-03T17:42:27Z,2026-09-03 17:41:31,SPXW,2026-09-10,P,7530.0,7740.4302,3.2,124.0,3.3,119.0,3.63,110.0,85.0,0.127,-0.0571,0.0008,-1.0291,1.338,-0.084
2026-09-03T17:42:27Z,2026-09-03 17:41:31,SPXW,2026-09-10,C,7535.0,7740.4302,205.9,1.0,219.6,1.0,207.0,0.0,3.0,0.1194,0.9399,0.0009,-0.9662,1.3878,1.3549
2026-09-03T17:42:27Z,2026-09-03 17:41:31,SPXW,2026-09-10,P,7535.0,7740.4302,3.3,291.0,3.5,189.0,3.5,266.0,54.0,0.1262,-0.06,0.0009,-1.064,1.3878,-0.0882
2026-09-03T17:42:27Z,2026-09-03 17:41:31,SPXW,2026-09-10,C,7540.0,7740.4302,200.2,1.0,214.0,2.0,224.12,0.0,40.0,0.1214,0.9369,0.0009,-1.0049,1.4398,1.3514
2026-09-03T17:42:27Z,2026-09-03 17:41:31,SPXW,2026-09-10,P,7540.0,7740.4302,3.5,288.0,3.7,209.0,3.86,232.0,188.0,0.1249,-0.063,0.0009,-1.1004,1.4398,-0.0926
2026-09-03T17:42:27Z,2026-09-03 17:41:31,SPXW,2026-09-10,C,7545.0,7740.4302,195.6,1.0,208.5,1.0,0.0,0.0,0.0,0.1185,0.9337,0.001,-1.0449,1.4941,1.3477
2026-09-03T17:42:27Z,2026-09-03 17:41:31,SPXW,2026-09-10,P,7545.0,7740.4302,3.7,187.0,3.9,183.0,4.03,78.0,68.0,0.124,-0.0662,0.001,-1.1381,1.4941,-0.0973
2026-09-03T17:42:27Z,2026-09-03 17:41:31,SPXW,2026-09-10,C,7550.0,7740.4302,190.6,1.0,204.5,1.0,142.25,0.0,16.0,0.1181,0.9303,0.001,-1.0864,1.5506,1.3436
2026-09-03T17:42:27Z,2026-09-03 17:41:31,SPXW,2026-09-10,P,7550.0,7740.4302,3.9,115.0,4.1,112.0,4.2,422.0,508.0,0.1229,-0.0696,0.001,-1.1771,1.5506,-0.1024
2026-09-03T17:42:27Z,2026-09-03 17:41:31,SPXW,2026-09-10,C,7555.0,7740.4302,186.7,1.0,200.4,1.0,118.1,0.0,18.0,0.1168,0.9267,0.001,-1.1292,1.6089,1.3391
2026-09-03T17:42:27Z,2026-09-03 17:41:31,SPXW,2026-09-10,P,7555.0,7740.4302,4.1,183.0,4.3,109.0,4.5,89.0,116.0,0.1222,-0.0733,0.001,-1.2176,1.6089,-0.1078
2026-09-03T17:42:27Z,2026-09-03 17:41:31,SPXW,2026-09-10,C,7560.0,7740.4302,181.5,1.0,195.0,1.0,150.27,8.0,38.0,0.1199,0.9228,0.0011,-1.1735,1.6691,1.3343
2026-09-03T17:42:27Z,2026-09-03 17:41:31,SPXW,2026-09-10,P,7560.0,7740.4302,4.4,63.0,4.5,84.0,4.8,255.0,209.0,0.1213,-0.0771,0.0011,-1.2596,1.6691,-0.1136
2026-09-03T17:42:27Z,2026-09-03 17:41:31,SPXW,2026-09-10,C,7565.0,7740.4302,176.5,3.0,189.9,1.0,116.62,0.0,24.0,0.117,0.9188,0.0012,-1.2192,1.7312,1.3292
2026-09-03T17:42:27Z,2026-09-03 17:41:31,SPXW,2026-09-10,P,7565.0,7740.4302,4.6,100.0,4.8,96.0,5.05,99.0,113.0,0.12,-0.0812,0.0012,-1.3029,1.7312,-0.1196
2026-09-03T17:42:27Z,2026-09-03 17:41:31,SPXW,2026-09-10,C,7570.0,7740.4302,172.1,1.0,185.3,1.0,137.05,0.0,2.0,0.1176,0.9145,0.0012,-1.2664,1.7956,1.3238
2026-09-03T17:42:27Z,2026-09-03 17:41:31,SPXW,2026-09-10,P,7570.0,7740.4302,4.9,70.0,5.0,67.0,5.0,199.0,149.0,0.1189,-0.0854,0.0012,-1.3478,1.7956,-0.126
2026-09-03T17:42:27Z,2026-09-03 17:41:31,SPXW,2026-09-10,C,7575.0,7740.4302,167.1,1.0,180.8,1.0,108.57,0.0,43.0,0.1164,0.9099,0.0013,-1.3149,1.8628,1.3181
2026-09-03T17:42:27Z,2026-09-03 17:41:31,SPXW,2026-09-10,P,7575.0,7740.4302,5.2,19.0,5.3,71.0,5.65,139.0,200.0,0.1181,-0.09,0.0013,-1.394,1.8628,-0.1326
2026-09-03T17:42:27Z,2026-09-03 17:41:31,SPXW,2026-09-10,C,7580.0,7740.4302,162.2,3.0,174.9,1.0,112.92,0.0,4.0,0.1114,0.9051,0.0013,-1.3649,1.9325,1.312
2026-09-03T17:42:27Z,2026-09-03 17:41:31,SPXW,2026-09-10,P,7580.0,7740.4302,5.5,19.0,5.6,70.0,5.94,215.0,172.0,0.1171,-0.0948,0.0013,-1.4417,1.9325,-0.1397
2026-09-03T17:42:27Z,2026-09-03 17:41:31,SPXW,2026-09-10,C,7585.0,7740.4302,157.7,1.0,170.5,1.0,107.85,0.0,94.0,0.112,0.9,0.0014,-1.4163,2.0044,1.3053
2026-09-03T17:42:27Z,2026-09-03 17:41:31,SPXW,2026-09-10,P,7585.0,7740.4302,5.8,49.0,5.9,67.0,6.05,99.0,54.0,0.1161,-0.0999,0.0014,-1.4907,2.0044,-0.1474
2026-09-03T17:42:27Z,2026-09-03 17:41:31,SPXW,2026-09-10,C,7590.0,7740.4302,153.1,1.0,167.0,3.0,124.57,5.0,14.0,0.1144,0.8946,0.0015,-1.469,2.078,1.2981
2026-09-03T17:42:27Z,2026-09-03 17:41:31,SPXW,2026-09-10,P,7590.0,7740.4302,6.1,90.0,6.3,87.0,6.38,159.0,1008.0,0.1152,-0.1053,0.0015,-1.5411,2.078,-0.1555
2026-09-03T17:42:27Z,2026-09-03 17:41:31,SPXW,2026-09-10,C,7595.0,7740.4302,149.1,1.0,161.3,1.0,99.6,0.0,23.0,0.1124,0.8889,0.0015,-1.5231,2.1533,1.2905
2026-09-03T17:42:27Z,2026-09-03 17:41:31,SPXW,2026-09-10,P,7595.0,7740.4302,6.5,48.0,6.6,66.0,6.98,173.0,67.0,0.1142,-0.111,0.0015,-1.5928,2.1533,-0.1641
2026-09-03T17:42:27Z,2026-09-03 17:41:31,SPXW,2026-09-10,C,7600.0,7740.4302,146.7,7.0,156.1,7.0,154.85,13.0,314.0,0.114,0.8828,0.0016,-1.5784,2.2307,1.2824
2026-09-03T17:42:27Z,2026-09-03 17:41:31,SPXW,2026-09-10,P,7600.0,7740.4302,6.9,17.0,7.0,64.0,7.1,532.0,1844.0,0.1133,-0.1171,0.0016,-1.6458,2.2307,-0.1731
2026-09-03T17:42:27Z,2026-09-03 17:41:31,SPXW,2026-09-10,C,7605.0,7740.4302,139.9,1.0,153.0,1.0,90.7,0.0,39.0,0.1128,0.8765,0.0017,-1.635,2.3108,1.274
2026-09-03T17:42:27Z,2026-09-03 17:41:31,SPXW,2026-09-10,P,7605.0,7740.4302,7.3,42.0,7.4,62.0,7.6,118.0,71.0,0.1123,-0.1235,0.0017,-1.7,2.3108,-0.1825
2026-09-03T17:42:27Z,2026-09-03 17:41:31,SPXW,2026-09-10,C,7610.0,7740.4302,134.6,1.0,147.9,1.0,150.43,1.0,98.0,0.1087,0.8697,0.0018,-1.6926,2.3934,1.2649
2026-09-03T17:42:27Z,2026-09-03 17:41:31,SPXW,2026-09-10,P,7610.0,7740.4302,7.7,53.0,7.9,80.0,8.05,176.0,1083.0,0.1114,-0.1302,0.0018,-1.7553,2.3934,-0.1925
2026-09-03T17:42:27Z,2026-09-03 17:41:31,SPXW,2026-09-10,C,7615.0,7740.4302,129.9,1.0,144.0,1.0,85.5,0.0,12.0,0.1091,0.8626,0.0018,-1.7512,2.4778,1.2551
2026-09-03T17:42:27Z,2026-09-03 17:41:31,SPXW,2026-09-10,P,7615.0,7740.4302,8.2,10.0,8.3,59.0,9.0,179.0,105.0,0.1107,-0.1374,0.0018,-1.8116,2.4778,-0.2033
2026-09-03T17:42:27Z,2026-09-03 17:41:31,SPXW,2026-09-10,C,7620.0,7740.4302,126.1,1.0,139.8,1.0,101.09,4.0,38.0,0.1103,0.855,0.0019,-1.8107,2.5632,1.2447
2026-09-03T17:42:27Z,2026-09-03 17:41:31,SPXW,2026-09-10,P,7620.0,7740.4302,8.7,10.0,8.8,59.0,8.9,823.0,183.0,0.1098,-0.1449,0.0019,-1.8688,2.5632,-0.2147
2026-09-03T17:42:27Z,2026-09-03 17:41:31,SPXW,2026-09-10,C,7625.0,7740.4302,121.4,1.0,135.1,1.0,102.13,7.0,32.0,0.1084,0.847,0.002,-1.871,2.6496,1.2337
2026-09-03T17:42:27Z,2026-09-03 17:41:31,SPXW,2026-09-10,P,7625.0,7740.4302,9.2,39.0,9.3,23.0,9.7,214.0,164.0,0.1087,-0.1529,0.002,-1.9267,2.6496,-0.2266
2026-09-03T17:42:27Z,2026-09-03 17:41:31,SPXW,2026-09-10,C,7630.0,7740.4302,116.6,1.0,130.3,1.0,131.92,7.0,29.0,0.1061,0.8386,0.0021,-1.9319,2.7379,1.2223
2026-09-03T17:42:27Z,2026-09-03 17:41:31,SPXW,2026-09-10,P,7630.0,7740.4302,9.7,66.0,9.9,57.0,10.0,336.0,174.0,0.108,-0.1613,0.0021,-1.9853,2.7379,-0.239
2026-09-03T17:42:27Z,2026-09-03 17:41:31,SPXW,2026-09-10,C,7635.0,7740.4302,112.6,3.0,125.9,1.0,106.0,5.0,99.0,0.106,0.8298,0.0022,-1.9932,2.8283,1.2101
2026-09-03T17:42:27Z,2026-09-03 17:41:31,SPXW,2026-09-10,P,7635.0,7740.4302,10.3,64.0,10.5,55.0,10.7,84.0,182.0,0.1071,-0.1702,0.0022,-2.0443,2.8283,-0.2521
2026-09-03T17:42:27Z,2026-09-03 17:41:31,SPXW,2026-09-10,C,7640.0,7740.4302,108.0,1.0,121.7,1.0,121.34,10.0,55.0,0.105,0.8205,0.0023,-2.0547,2.92,1.197
2026-09-03T17:42:27Z,2026-09-03 17:41:31,SPXW,2026-09-10,P,7640.0,7740.4302,11.0,8.0,11.1,23.0,10.95,98.0,179.0,0.106,-0.1795,0.0023,-2.1034,2.92,-0.2662
2026-09-03T17:42:27Z,2026-09-03 17:41:31,SPXW,2026-09-10,C,7645.0,7740.4302,106.5,3.0,114.9,1.0,81.35,20.0,24.0,0.1047,0.8106,0.0024,-2.1162,3.0116,1.1831
2026-09-03T17:42:27Z,2026-09-03 17:41:31,SPXW,2026-09-10,P,7645.0,7740.4302,11.7,8.0,11.8,55.0,11.9,61.0,45.0,0.1052,-0.1893,0.0024,-2.1626,3.0116,-0.2811
2026-09-03T17:42:27Z,2026-09-03 17:41:31,SPXW,2026-09-10,C,7650.0,7740.4302,102.8,1.0,109.8,2.0,77.94,13.0,150.0,0.1021,0.8003,0.0025,-2.1774,3.1027,1.1685
2026-09-03T17:42:27Z,2026-09-03 17:41:31,SPXW,2026-09-10,P,7650.0,7740.4302,12.4,8.0,12.5,14.0,12.95,209.0,236.0,0.1042,-0.1996,0.0025,-2.2214,3.1027,-0.2966
2026-09-03T17:42:27Z,2026-09-03 17:41:31,SPXW,2026-09-10,C,7655.0,7740.4302,97.8,3.0,106.3,2.0,103.98,9.0,79.0,0.1025,0.7895,0.0026,-2.238,3.1942,1.1534
2026-09-03T17:42:27Z,2026-09-03 17:41:31,SPXW,2026-09-10,P,7655.0,7740.4302,13.1,55.0,13.3,47.0,13.8,135.0,63.0,0.1034,-0.2105,0.0026,-2.2797,3.1942,-0.3126
2026-09-03T17:42:27Z,2026-09-03 17:41:31,SPXW,2026-09-10,C,7660.0,7740.4302,94.1,1.0,102.1,1.0,107.8,38.0,104.0,0.1024,0.7781,0.0027,-2.2978,3.2867,1.1375
2026-09-03T17:42:27Z,2026-09-03 17:41:31,SPXW,2026-09-10,P,7660.0,7740.4302,14.0,8.0,14.1,21.0,14.0,377.0,453.0,0.1025,-0.2218,0.0027,-2.3372,3.2867,-0.3296
2026-09-03T17:42:27Z,2026-09-03 17:41:31,SPXW,2026-09-10,C,7665.0,7740.4302,90.0,1.0,97.4,4.0,80.5,18.0,48.0,0.0999,0.7662,0.0028,-2.3564,3.3788,1.1204
2026-09-03T17:42:27Z,2026-09-03 17:41:31,SPXW,2026-09-10,P,7665.0,7740.4302,14.8,51.0,15.0,46.0,15.2,373.0,490.0,0.1017,-0.2338,0.0028,-2.3934,3.3788,-0.3476
2026-09-03T17:42:27Z,2026-09-03 17:41:31,SPXW,2026-09-10,C,7670.0,7740.4302,89.1,1.0,91.7,1.0,93.02,8.0,92.0,0.1008,0.7536,0.0029,-2.4133,3.4687,1.1024
2026-09-03T17:42:27Z,2026-09-03 17:41:31,SPXW,2026-09-10,P,7670.0,7740.4302,15.8,8.0,15.9,21.0,15.7,94.0,275.0,0.1008,-0.2463,0.0029,-2.448,3.4687,-0.3666
2026-09-03T17:42:27Z,2026-09-03 17:41:31,SPXW,2026-09-10,C,7675.0,7740.4302,85.1,1.0,87.7,1.0,86.77,95.0,352.0,0.0999,0.7406,0.003,-2.4683,3.5562,1.0838
2026-09-03T17:42:27Z,2026-09-03 17:41:31,SPXW,2026-09-10,P,7675.0,7740.4302,16.8,8.0,16.9,28.0,17.1,268.0,801.0,0.1,-0.2593,0.003,-2.5006,3.5562,-0.3861
2026-09-03T17:42:27Z,2026-09-03 17:41:31,SPXW,2026-09-10,C,7680.0,7740.4302,81.2,1.0,83.5,1.0,83.5,65.0,62.0,0.0994,0.727,0.0031,-2.521,3.6424,1.0645
2026-09-03T17:42:27Z,2026-09-03 17:41:31,SPXW,2026-09-10,P,7680.0,7740.4302,17.8,8.0,18.0,60.0,17.4,267.0,558.0,0.0991,-0.273,0.0031,-2.551,3.6424,-0.4063
2026-09-03T17:42:27Z,2026-09-03 17:41:31,SPXW,2026-09-10,C,7685.0,7740.4302,77.3,1.0,79.5,3.0,82.28,38.0,113.0,0.0986,0.7127,0.0032,-2.571,3.7271,1.0441
2026-09-03T17:42:27Z,2026-09-03 17:41:31,SPXW,2026-09-10,P,7685.0,7740.4302,18.9,17.0,19.1,52.0,19.2,761.0,75.0,0.0984,-0.2872,0.0032,-2.5986,3.7271,-0.4277
2026-09-03T17:42:27Z,2026-09-03 17:41:31,SPXW,2026-09-10,C,7690.0,7740.4302,73.5,1.0,75.9,3.0,81.18,35.0,71.0,0.0977,0.6979,0.0033,-2.6176,3.8083,1.0224
2026-09-03T17:42:27Z,2026-09-03 17:41:31,SPXW,2026-09-10,P,7690.0,7740.4302,20.1,7.0,20.3,51.0,21.29,146.0,194.0,0.0976,-0.302,0.0033,-2.6429,3.8083,-0.4503
2026-09-03T17:42:27Z,2026-09-03 17:41:31,SPXW,2026-09-10,C,7695.0,7740.4302,70.7,2.0,71.0,2.0,76.3,44.0,31.0,0.097,0.6825,0.0034,-2.6606,3.8845,1.0003
2026-09-03T17:42:27Z,2026-09-03 17:41:31,SPXW,2026-09-10,P,7695.0,7740.4302,21.3,55.0,21.5,44.0,21.6,90.0,21.0,0.0966,-0.3174,0.0034,-2.6836,3.8845,-0.4735
2026-09-03T17:42:27Z,2026-09-03 17:41:31,SPXW,2026-09-10,C,7700.0,7740.4302,67.1,3.0,67.4,3.0,67.3,251.0,831.0,0.0961,0.6665,0.0035,-2.6995,3.9565,0.9775
2026-09-03T17:42:27Z,2026-09-03 17:41:31,SPXW,2026-09-10,P,7700.0,7740.4302,22.7,7.0,22.9,57.0,22.89,356.0,1568.0,0.0958,-0.3334,0.0035,-2.7202,3.9565,-0.4972
2026-09-03T17:42:27Z,2026-09-03 17:41:31,SPXW,2026-09-10,C,7705.0,7740.4302,63.5,4.0,63.7,4.0,65.05,224.0,43.0,0.0954,0.65,0.0036,-2.7339,4.0246,0.9535
2026-09-03T17:42:27Z,2026-09-03 17:41:31,SPXW,2026-09-10,P,7705.0,7740.4302,24.1,7.0,24.3,56.0,24.73,61.0,51.0,0.0952,-0.35,0.0036,-2.7522,4.0246,-0.5221
2026-09-03T17:42:27Z,2026-09-03 17:41:31,SPXW,2026-09-10,C,7710.0,7740.4302,60.0,4.0,60.2,4.0,60.96,103.0,132.0,0.0946,0.6328,0.0037,-2.7631,4.0872,0.9283
2026-09-03T17:42:27Z,2026-09-03 17:41:31,SPXW,2026-09-10,P,7710.0,7740.4302,25.6,7.0,25.8,48.0,25.83,803.0,56.0,0.0944,-0.3671,0.0037,-2.7791,4.0872,-0.5483
2026-09-03T17:42:27Z,2026-09-03 17:41:31,SPXW,2026-09-10,C,7715.0,7740.4302,56.6,5.0,56.9,5.0,63.6,79.0,29.0,0.0938,0.6152,0.0038,-2.7869,4.1425,0.9027
2026-09-03T17:42:27Z,2026-09-03 17:41:31,SPXW,2026-09-10,P,7715.0,7740.4302,27.2,7.0,27.4,55.0,26.8,1356.0,53.0,0.0937,-0.3848,0.0038,-2.8005,4.1425,-0.5749
2026-09-03T17:42:27Z,2026-09-03 17:41:31,SPXW,2026-09-10,C,7720.0,7740.4302,53.3,5.0,53.5,5.0,58.85,121.0,68.0,0.093,0.5969,0.0038,-2.8048,4.1908,0.8765
2026-09-03T17:42:27Z,2026-09-03 17:41:31,SPXW,2026-09-10,P,7720.0,7740.4302,28.8,14.0,29.1,55.0,28.7,58.0,109.0,0.0929,-0.403,0.0038,-2.8161,4.1908,-0.602
2026-09-03T17:42:27Z,2026-09-03 17:41:31,SPXW,2026-09-10,C,7725.0,7740.4302,50.0,12.0,50.2,6.0,49.15,228.0,764.0,0.0923,0.5782,0.0039,-2.8165,4.2323,0.8491
2026-09-03T17:42:27Z,2026-09-03 17:41:31,SPXW,2026-09-10,P,7725.0,7740.4302,30.6,13.0,30.8,16.0,30.5,333.0,223.0,0.0921,-0.4217,0.0039,-2.8254,4.2323,-0.6304
2026-09-03T17:42:27Z,2026-09-03 17:41:31,SPXW,2026-09-10,C,7730.0,7740.4302,46.9,31.0,47.1,6.0,49.31,672.0,120.0,0.0916,0.559,0.004,-2.8214,4.2655,0.8207
2026-09-03T17:42:27Z,2026-09-03 17:41:31,SPXW,2026-09-10,P,7730.0,7740.4302,32.4,34.0,32.7,47.0,33.9,118.0,63.0,0.0914,-0.4409,0.004,-2.828,4.2655,-0.6597
2026-09-03T17:42:27Z,2026-09-03 17:41:31,SPXW,2026-09-10,C,7735.0,7740.4302,43.9,34.0,44.2,9.0,42.52,119.0,60.0,0.0909,0.5393,0.004,-2.8194,4.2894,0.7922
2026-09-03T17:42:27Z,2026-09-03 17:41:31,SPXW,2026-09-10,P,7735.0,7740.4302,34.5,6.0,34.7,53.0,34.74,43.0,91.0,0.0908,-0.4606,0.004,-2.8236,4.2894,-0.6892
2026-09-03T17:42:27Z,2026-09-03 17:41:31,SPXW,2026-09-10,C,7740.0,7740.4302,41.0,36.0,41.2,6.0,45.43,1438.0,118.0,0.0902,0.5193,0.0041,-2.8102,4.3039,0.7632
2026-09-03T17:42:27Z,2026-09-03 17:41:31,SPXW,2026-09-10,P,7740.0,7740.4302,36.5,12.0,36.7,10.0,37.8,1369.0,36.0,0.09,-0.4806,0.0041,-2.8121,4.3039,-0.7192
2026-09-03T17:42:27Z,2026-09-03 17:41:31,SPXW,2026-09-10,C,7745.0,7740.4302,38.2,32.0,38.4,6.0,38.8,94.0,68.0,0.0894,0.4989,0.0041,-2.7935,4.3087,0.733
2026-09-03T17:42:27Z,2026-09-03 17:41:31,SPXW,2026-09-10,P,7745.0,7740.4302,38.7,12.0,38.9,8.0,38.08,18.0,61.0,0.0893,-0.501,0.0041,-2.7931,4.3087,-0.7503
2026-09-03T17:42:27Z,2026-09-03 17:41:31,SPXW,2026-09-10,C,7750.0,7740.4302,35.5,35.0,35.7,6.0,35.4,335.0,723.0,0.0889,0.4782,0.0041,-2.7692,4.3029,0.7025
2026-09-03T17:42:27Z,2026-09-03 17:41:31,SPXW,2026-09-10,P,7750.0,7740.4302,41.0,12.0,41.2,10.0,42.2,98.0,608.0,0.0886,-0.5217,0.0041,-2.7665,4.3029,-0.7818
2026-09-03T17:42:27Z,2026-09-03 17:41:31,SPXW,2026-09-10,C,7755.0,7740.4302,32.9,39.0,33.1,6.0,32.2,667.0,188.0,0.0883,0.4573,0.0042,-2.7374,4.2867,0.6722
2026-09-03T17:42:27Z,2026-09-03 17:41:31,SPXW,2026-09-10,P,7755.0,7740.4302,43.4,12.0,43.6,8.0,42.52,30.0,12.0,0.0881,-0.5427,0.0042,-2.7323,4.2867,-0.813
2026-09-03T17:42:27Z,2026-09-03 17:41:31,SPXW,2026-09-10,C,7760.0,7740.4302,30.4,39.0,30.6,6.0,30.6,255.0,224.0,0.0876,0.4362,0.0042,-2.698,4.2591,0.6412
2026-09-03T17:42:27Z,2026-09-03 17:41:31,SPXW,2026-09-10,P,7760.0,7740.4302,46.0,6.0,46.1,4.0,43.65,116.0,53.0,0.0875,-0.5637,0.0042,-2.6906,4.2591,-0.845
2026-09-03T17:42:27Z,2026-09-03 17:41:31,SPXW,2026-09-10,C,7765.0,7740.4302,28.0,42.0,28.2,6.0,27.04,1997.0,129.0,0.0869,0.415,0.0041,-2.651,4.2198,0.6097
2026-09-03T17:42:27Z,2026-09-03 17:41:31,SPXW,2026-09-10,P,7765.0,7740.4302,48.6,6.0,48.8,40.0,47.31,48.0,10.0,0.0869,-0.5849,0.0041,-2.6413,4.2198,-0.8774
2026-09-03T17:42:27Z,2026-09-03 17:41:31,SPXW,2026-09-10,C,7770.0,7740.4302,25.8,43.0,26.1,36.0,29.9,107.0,288.0,0.0865,0.3939,0.0041,-2.5967,4.17,0.5789
2026-09-03T17:42:27Z,2026-09-03 17:41:31,SPXW,2026-09-10,P,7770.0,7740.4302,51.4,5.0,51.6,28.0,50.8,31.0,45.0,0.0863,-0.606,0.0041,-2.5846,4.17,-0.9092
2026-09-03T17:42:27Z,2026-09-03 17:41:31,SPXW,2026-09-10,C,7775.0,7740.4302,23.7,43.0,23.9,7.0,23.2,189.0,1940.0,0.086,0.3728,0.0041,-2.5354,4.1094,0.5481
2026-09-03T17:42:27Z,2026-09-03 17:41:31,SPXW,2026-09-10,P,7775.0,7740.4302,54.2,5.0,54.4,7.0,52.86,15.0,67.0,0.0858,-0.6271,0.0041,-2.521,4.1094,-0.941
2026-09-03T17:42:27Z,2026-09-03 17:41:31,SPXW,2026-09-10,C,7780.0,7740.4302,21.7,19.0,21.9,18.0,22.52,274.0,1385.0,0.0854,0.3519,0.004,-2.4673,4.0365,0.5169
2026-09-03T17:42:27Z,2026-09-03 17:41:31,SPXW,2026-09-10,P,7780.0,7740.4302,57.2,4.0,57.4,4.0,59.1,6.0,10.0,0.0852,-0.648,0.004,-2.4505,4.0365,-0.9731
2026-09-03T17:42:27Z,2026-09-03 17:41:31,SPXW,2026-09-10,C,7785.0,7740.4302,19.8,19.0,20.0,16.0,19.5,92.0,544.0,0.0849,0.3313,0.004,-2.3928,3.9534,0.4866
2026-09-03T17:42:27Z,2026-09-03 17:41:31,SPXW,2026-09-10,P,7785.0,7740.4302,60.3,3.0,60.5,3.0,59.2,6.0,1.0,0.0846,-0.6687,0.004,-2.3737,3.9534,-1.0043
2026-09-03T17:42:27Z,2026-09-03 17:41:31,SPXW,2026-09-10,C,7790.0,7740.4302,18.0,45.0,18.2,7.0,17.64,150.0,368.0,0.0843,0.3109,0.0039,-2.3124,3.8616,0.457
2026-09-03T17:42:27Z,2026-09-03 17:41:31,SPXW,2026-09-10,P,7790.0,7740.4302,63.5,2.0,63.7,2.0,64.37,3.0,14.0,0.0842,-0.689,0.0039,-2.291,3.8616,-1.035
2026-09-03T17:42:27Z,2026-09-03 17:41:31,SPXW,2026-09-10,C,7795.0,7740.4302,16.4,14.0,16.6,55.0,16.1,112.0,169.0,0.0838,0.291,0.0038,-2.2267,3.7588,0.4272
2026-09-03T17:42:27Z,2026-09-03 17:41:31,SPXW,2026-09-10,P,7795.0,7740.4302,66.4,6.0,67.2,5.0,67.47,2.0,1.0,0.0835,-0.7089,0.0038,-2.2029,3.7588,-1.0656
2026-09-03T17:42:27Z,2026-09-03 17:41:31,SPXW,2026-09-10,C,7800.0,7740.4302,14.8,47.0,15.0,22.0,15.4,187.0,997.0,0.0834,0.2715,0.0037,-2.136,3.6464,0.3986
2026-09-03T17:42:27Z,2026-09-03 17:41:31,SPXW,2026-09-10,P,7800.0,7740.4302,69.9,6.0,70.7,6.0,72.9,7.0,548.0,0.083,-0.7284,0.0037,-2.1099,3.6464,-1.0953
2026-09-03T17:42:27Z,2026-09-03 17:41:31,SPXW,2026-09-10,C,7805.0,7740.4302,13.3,56.0,13.5,8.0,12.81,124.0,241.0,0.083,0.2526,0.0036,-2.0411,3.5277,0.3709
2026-09-03T17:42:27Z,2026-09-03 17:41:31,SPXW,2026-09-10,P,7805.0,7740.4302,72.7,1.0,75.1,1.0,0.0,0.0,0.0,0.083,-0.7474,0.0036,-2.0127,3.5277,-1.1239
2026-09-03T17:42:27Z,2026-09-03 17:41:31,SPXW,2026-09-10,C,7810.0,7740.4302,12.0,49.0,12.2,55.0,14.45,207.0,416.0,0.0824,0.2342,0.0034,-1.9428,3.401,0.3435
2026-09-03T17:42:27Z,2026-09-03 17:41:31,SPXW,2026-09-10,P,7810.0,7740.4302,73.2,4.0,81.9,1.0,78.94,1.0,5.0,0.0816,-0.7657,0.0034,-1.912,3.401,-1.1522
2026-09-03T17:42:27Z,2026-09-03 17:41:31,SPXW,2026-09-10,C,7815.0,7740.4302,10.7,59.0,10.9,8.0,10.55,114.0,122.0,0.0821,0.2164,0.0033,-1.8416,3.2662,0.3173
2026-09-03T17:42:27Z,2026-09-03 17:41:31,SPXW,2026-09-10,P,7815.0,7740.4302,78.6,1.0,85.6,1.0,82.59,3.0,10.0,0.0836,-0.7835,0.0033,-1.8084,3.2662,-1.1793
2026-09-03T17:42:27Z,2026-09-03 17:41:31,SPXW,2026-09-10,C,7820.0,7740.4302,9.6,51.0,9.8,54.0,9.9,1365.0,1566.0,0.0815,0.1993,0.0032,-1.7384,3.1276,0.2924
2026-09-03T17:42:27Z,2026-09-03 17:41:31,SPXW,2026-09-10,P,7820.0,7740.4302,80.8,3.0,89.5,1.0,150.82,0.0,8.0,0.0806,-0.8006,0.0032,-1.7029,3.1276,-1.2052
2026-09-03T17:42:27Z,2026-09-03 17:41:31,SPXW,2026-09-10,C,7825.0,7740.4302,8.6,25.0,8.7,8.0,10.95,437.0,317.0,0.0813,0.183,0.003,-1.634,2.9845,0.2681
2026-09-03T17:42:27Z,2026-09-03 17:41:31,SPXW,2026-09-10,P,7825.0,7740.4302,85.4,2.0,93.2,1.0,163.59,0.0,16.0,0.0823,-0.8169,0.003,-1.5962,2.9845,-1.2305
2026-09-03T17:42:27Z,2026-09-03 17:41:31,SPXW,2026-09-10,C,7830.0,7740.4302,7.6,64.0,7.8,61.0,8.9,132.0,192.0,0.0808,0.1674,0.0028,-1.5293,2.8362,0.2451
2026-09-03T17:42:27Z,2026-09-03 17:41:31,SPXW,2026-09-10,P,7830.0,7740.4302,89.2,3.0,97.8,3.0,193.25,0.0,0.0,0.0837,-0.8326,0.0028,-1.4892,2.8362,-1.2545
2026-09-03T17:42:27Z,2026-09-03 17:41:31,SPXW,2026-09-10,C,7835.0,7740.4302,6.7,66.0,6.9,40.0,7.81,61.0,235.0,0.0807,0.1526,0.0027,-1.4251,2.6866,0.2235
2026-09-03T17:42:27Z,2026-09-03 17:41:31,SPXW,2026-09-10,P,7835.0,7740.4302,93.7,2.0,101.9,2.0,109.19,4.0,0.0,0.0814,-0.8474,0.0027,-1.3826,2.6866,-1.277
2026-09-03T17:42:27Z,2026-09-03 17:41:31,SPXW,2026-09-10,C,7840.0,7740.4302,6.0,34.0,6.1,11.0,5.85,159.0,319.0,0.0803,0.1386,0.0025,-1.3224,2.5364,0.2026
2026-09-03T17:42:27Z,2026-09-03 17:41:31,SPXW,2026-09-10,P,7840.0,7740.4302,98.5,3.0,105.8,1.0,100.89,1.0,0.0,0.0826,-0.8614,0.0025,-1.2776,2.5364,-1.2988
2026-09-03T17:42:27Z,2026-09-03 17:41:31,SPXW,2026-09-10,C,7845.0,7740.4302,5.2,77.0,5.4,59.0,5.0,104.0,204.0,0.0801,0.1254,0.0024,-1.2219,2.3848,0.1833
2026-09-03T17:42:27Z,2026-09-03 17:41:31,SPXW,2026-09-10,P,7845.0,7740.4302,101.6,3.0,110.2,1.0,101.3,8.0,0.0,0.0792,-0.8745,0.0024,-1.1747,2.3848,-1.3191
2026-09-03T17:42:27Z,2026-09-03 17:41:31,SPXW,2026-09-10,C,7850.0,7740.4302,4.6,80.0,4.8,79.0,5.11,539.0,1101.0,0.0797,0.1131,0.0022,-1.1244,2.2349,0.1654
2026-09-03T17:42:27Z,2026-09-03 17:41:31,SPXW,2026-09-10,P,7850.0,7740.4302,106.6,2.0,114.8,1.0,173.47,0.0,105.0,0.081,-0.8868,0.0022,-1.0749,2.2349,-1.338
2026-09-03T17:42:27Z,2026-09-03 17:41:31,SPXW,2026-09-10,C,7855.0,7740.4302,4.0,87.0,4.2,70.0,4.38,264.0,337.0,0.0793,0.1017,0.0021,-1.0308,2.0879,0.1484
2026-09-03T17:42:27Z,2026-09-03 17:41:31,SPXW,2026-09-10,P,7855.0,7740.4302,108.5,3.0,121.3,1.0,113.46,3.0,0.0,0.0825,-0.8982,0.0021,-0.979,2.0879,-1.3559
2026-09-03T17:42:27Z,2026-09-03 17:41:31,SPXW,2026-09-10,C,7860.0,7740.4302,3.5,89.0,3.7,87.0,4.4,91.0,465.0,0.0792,0.0912,0.0019,-0.9416,1.9436,0.133
2026-09-03T17:42:27Z,2026-09-03 17:41:31,SPXW,2026-09-10,P,7860.0,7740.4302,114.0,1.0,125.8,1.0,0.0,0.0,0.0,0.0846,-0.9087,0.0019,-0.8874,1.9436,-1.3723
2026-09-03T17:42:27Z,2026-09-03 17:41:31,SPXW,2026-09-10,C,7865.0,7740.4302,3.1,70.0,3.2,72.0,2.95,52.0,158.0,0.079,0.0816,0.0018,-0.8572,1.8039,0.119
2026-09-03T17:42:27Z,2026-09-03 17:41:31,SPXW,2026-09-10,P,7865.0,7740.4302,117.6,3.0,131.2,1.0,0.0,0.0,0.0,0.0821,-0.9184,0.0018,-0.8007,1.8039,-1.3873
2026-09-03T17:42:27Z,2026-09-03 17:41:31,SPXW,2026-09-10,C,7870.0,7740.4302,2.7,50.0,2.8,71.0,3.4,64.0,202.0,0.079,0.0728,0.0016,-0.7783,1.67,0.1059
2026-09-03T17:42:27Z,2026-09-03 17:41:31,SPXW,2026-09-10,P,7870.0,7740.4302,121.8,1.0,135.0,1.0,0.0,0.0,0.0,0.0783,-0.9272,0.0016,-0.7194,1.67,-1.4013
2026-09-03T17:42:27Z,2026-09-03 17:41:31,SPXW,2026-09-10,C,7875.0,7740.4302,2.35,54.0,2.45,69.0,3.7,2507.0,636.0,0.0787,0.0648,0.0015,-0.705,1.5422,0.0943
2026-09-03T17:42:27Z,2026-09-03 17:41:31,SPXW,2026-09-10,P,7875.0,7740.4302,127.2,1.0,140.4,1.0,190.4,0.0,3.0,0.0834,-0.9351,0.0015,-0.6438,1.5422,-1.4139
2026-09-03T17:42:27Z,2026-09-03 17:41:31,SPXW,2026-09-10,C,7880.0,7740.4302,2.05,55.0,2.15,70.0,1.9,196.0,230.0,0.0786,0.0576,0.0014,-0.6374,1.4213,0.0838
2026-09-03T17:42:27Z,2026-09-03 17:41:31,SPXW,2026-09-10,P,7880.0,7740.4302,131.9,1.0,145.2,4.0,0.0,0.0,0.0,0.0841,-0.9423,0.0014,-0.5739,1.4213,-1.4253
2026-09-03T17:42:27Z,2026-09-03 17:41:31,SPXW,2026-09-10,C,7890.0,7740.4302,1.5,144.0,1.65,146.0,1.54,114.0,336.0,0.0786,0.0455,0.0011,-0.5197,1.202,0.066
2026-09-03T17:42:27Z,2026-09-03 17:41:31,SPXW,2026-09-10,P,7890.0,7740.4302,141.4,1.0,154.6,1.0,176.24,1.0,4.0,0.0851,-0.9544,0.0011,-0.4515,1.202,-1.445
2026-09-03T17:42:27Z,2026-09-03 17:41:31,SPXW,2026-09-10,C,7900.0,7740.4302,1.15,57.0,1.25,126.0,1.1,476.0,854.0,0.0791,0.036,0.0009,-0.424,1.0139,0.0521
2026-09-03T17:42:27Z,2026-09-03 17:41:31,SPXW,2026-09-10,P,7900.0,7740.4302,151.1,1.0,163.4,1.0,177.0,0.0,21.0,0.0824,-0.9639,0.0009,-0.3511,1.0139,-1.4609
2026-09-03T17:42:27Z,2026-09-03 17:41:31,SPXW,2026-09-10,C,7910.0,7740.4302,0.85,160.0,0.95,118.0,0.85,251.0,138.0,0.0792,0.0287,0.0008,-0.348,0.8566,0.0415
2026-09-03T17:42:27Z,2026-09-03 17:41:31,SPXW,2026-09-10,P,7910.0,7740.4302,161.2,1.0,174.1,3.0,0.0,0.0,0.0,0.0907,-0.9713,0.0008,-0.2704,0.8566,-1.4734
2026-09-03T17:42:27Z,2026-09-03 17:41:31,SPXW,2026-09-10,C,7920.0,7740.4302,0.65,196.0,0.75,140.0,0.65,92.0,286.0,0.0799,0.0231,0.0006,-0.2888,0.7274,0.0333
2026-09-03T17:42:27Z,2026-09-03 17:41:31,SPXW,2026-09-10,P,7920.0,7740.4302,170.9,1.0,183.9,4.0,0.0,0.0,1.0,0.0926,-0.9768,0.0006,-0.2065,0.7274,-1.4835
2026-09-03T17:42:27Z,2026-09-03 17:41:31,SPXW,2026-09-10,C,7925.0,7740.4302,0.6,79.0,0.65,38.0,0.71,133.0,534.0,0.0804,0.0208,0.0006,-0.2645,0.6722,0.03
2026-09-03T17:42:27Z,2026-09-03 17:41:31,SPXW,2026-09-10,P,7925.0,7740.4302,175.8,1.0,188.1,1.0,0.0,0.0,1.0,0.0895,-0.9791,0.0006,-0.1799,0.6722,-1.4878
2026-09-03T17:42:27Z,2026-09-03 17:41:31,SPXW,2026-09-10,C,7930.0,7740.4302,0.55,51.0,0.6,150.0,0.55,151.0,205.0,0.0807,0.0189,0.0005,-0.2432,0.6228,0.0272
2026-09-03T17:42:27Z,2026-09-03 17:41:31,SPXW,2026-09-10,P,7930.0,7740.4302,179.2,1.0,192.9,1.0,0.0,0.0,0.0,0.0751,-0.9811,0.0005,-0.1563,0.6228,-1.4915
2026-09-03T17:42:27Z,2026-09-03 17:41:31,SPXW,2026-09-10,C,7940.0,7740.4302,0.4,229.0,0.5,165.0,0.6,49.0,19.0,0.082,0.0157,0.0004,-0.2083,0.539,0.0226
2026-09-03T17:42:27Z,2026-09-03 17:41:31,SPXW,2026-09-10,P,7940.0,7740.4302,189.2,1.0,202.9,1.0,0.0,0.0,0.0,0.0788,-0.9842,0.0004,-0.1167,0.539,-1.4981
2026-09-03T17:42:27Z,2026-09-03 17:41:31,SPXW,2026-09-10,C,7950.0,7740.4302,0.35,225.0,0.45,410.0,0.45,102.0,809.0,0.0842,0.0133,0.0004,-0.1816,0.4715,0.019
2026-09-03T17:42:27Z,2026-09-03 17:41:31,SPXW,2026-09-10,P,7950.0,7740.4302,198.9,1.0,213.4,1.0,0.0,0.0,0.0,0.0866,-0.9866,0.0004,-0.0853,0.4715,-1.5035
2026-09-03T17:42:27Z,2026-09-03 17:41:31,SPXW,2026-09-10,C,7960.0,7740.4302,0.3,140.0,0.4,324.0,0.32,38.0,35.0,0.0862,0.0114,0.0003,-0.1611,0.4175,0.0164
2026-09-03T17:42:27Z,2026-09-03 17:41:31,SPXW,2026-09-10,P,7960.0,7740.4302,208.8,1.0,222.5,1.0,0.0,0.0,0.0,0.0,-0.9885,0.0003,-0.0601,0.4175,-1.5081
2026-09-03T17:42:27Z,2026-09-03 17:41:31,SPXW,2026-09-10,C,7975.0,7740.4302,0.25,149.0,0.3,133.0,0.3,104.0,205.0,0.0886,0.0094,0.0003,-0.1385,0.3548,0.0134
2026-09-03T17:42:27Z,2026-09-03 17:41:31,SPXW,2026-09-10,P,7975.0,7740.4302,221.8,1.0,239.6,1.0,0.0,0.0,2.0,0.0667,-0.9905,0.0003,-0.0305,0.3548,-1.5139
2026-09-03T17:42:27Z,2026-09-03 17:41:31,SPXW,2026-09-10,C,8000.0,7740.4302,0.15,685.0,0.25,283.0,0.3,152.0,1613.0,0.0933,0.0072,0.0002,-0.1142,0.2826,0.0103
2026-09-03T17:42:27Z,2026-09-03 17:41:31,SPXW,2026-09-10,P,8000.0,7740.4302,245.7,1.0,264.6,1.0,0.0,0.0,2.0,0.0,-0.9927,0.0002,0.0,0.2826,-1.5218
2026-09-03T17:42:27Z,2026-09-03 17:41:31,SPXW,2026-09-10,C,8025.0,7740.4302,0.15,323.0,0.25,680.0,0.2,8.0,218.0,0.1012,0.0058,0.0001,-0.099,0.2341,0.0083
2026-09-03T17:42:27Z,2026-09-03 17:41:31,SPXW,2026-09-10,P,8025.0,7740.4302,270.6,1.0,289.7,1.0,0.0,0.0,0.0,0.0,-0.9941,0.0001,0.0,0.2341,-1.5286
2026-09-03T17:42:27Z,2026-09-03 17:41:31,SPXW,2026-09-10,C,8050.0,7740.4302,0.1,701.0,0.2,399.0,0.15,0.0,672.0,0.1056,0.0049,0.0001,-0.0885,0.1993,0.0069
2026-09-03T17:42:27Z,2026-09-03 17:41:31,SPXW,2026-09-10,P,8050.0,7740.4302,295.6,1.0,314.6,1.0,0.0,0.0,0.0,0.0,-0.9951,0.0001,0.0,0.1989,-1.5348
2026-09-03T17:42:27Z,2026-09-03 17:41:31,SPXW,2026-09-10,C,8075.0,7740.4302,0.1,370.0,0.2,432.0,0.1,0.0,172.0,0.1131,0.0042,0.0001,-0.0804,0.1725,0.0059
2026-09-03T17:42:27Z,2026-09-03 17:41:31,SPXW,2026-09-10,P,8075.0,7740.4302,320.3,1.0,339.5,1.0,0.0,0.0,0.0,0.0,-0.9958,0.0001,0.0,0.1722,-1.5406
2026-09-03T17:42:27Z,2026-09-03 17:41:31,SPXW,2026-09-10,C,8100.0,7740.4302,0.1,364.0,0.2,755.0,0.15,6.0,481.0,0.1206,0.0036,0.0001,-0.074,0.1512,0.0051
2026-09-03T17:42:27Z,2026-09-03 17:41:31,SPXW,2026-09-10,P,8100.0,7740.4302,345.5,1.0,364.6,1.0,0.0,0.0,0.0,0.0,-0.9963,0.0001,0.0,0.151,-1.5462
2026-09-03T17:42:27Z,2026-09-03 17:41:31,SPXW,2026-09-10,C,8125.0,7740.4302,0.1,342.0,0.2,775.0,0.2,0.0,22.0,0.128,0.0032,0.0001,-0.0688,0.134,0.0045
2026-09-03T17:42:27Z,2026-09-03 17:41:31,SPXW,2026-09-10,P,8125.0,7740.4302,371.5,1.0,391.5,1.0,0.0,0.0,0.0,0.1592,-0.9967,0.0001,0.0,0.1338,-1.5516
2026-09-03T17:42:27Z,2026-09-03 17:41:31,SPXW,2026-09-10,C,8150.0,7740.4302,0.1,263.0,0.15,368.0,0.45,0.0,43.0,0.1329,0.0028,0.0001,-0.0643,0.1198,0.004
2026-09-03T17:42:27Z,2026-09-03 17:41:31,SPXW,2026-09-10,P,8150.0,7740.4302,396.3,1.0,414.5,1.0,489.77,0.0,1.0,0.0,-0.9971,0.0001,0.0,0.1196,-1.5568
2026-09-03T17:42:27Z,2026-09-03 17:41:31,SPXW,2026-09-10,C,8175.0,7740.4302,0.05,762.0,0.15,466.0,0.15,100.0,17.0,0.1371,0.0025,0.0,-0.0605,0.1079,0.0036
2026-09-03T17:42:27Z,2026-09-03 17:41:31,SPXW,2026-09-10,P,8175.0,7740.4302,420.4,1.0,439.5,1.0,0.0,0.0,0.0,0.0,-0.9974,0.0,0.0,0.1077,-1.562
2026-09-03T17:42:27Z,2026-09-03 17:41:31,SPXW,2026-09-10,C,8200.0,7740.4302,0.05,615.0,0.15,475.0,0.12,0.0,1323.0,0.1441,0.0023,0.0,-0.0571,0.0978,0.0032
2026-09-03T17:42:27Z,2026-09-03 17:41:31,SPXW,2026-09-10,P,8200.0,7740.4302,445.2,1.0,464.5,1.0,0.0,0.0,0.0,0.0,-0.9976,0.0,0.0,0.0976,-1.5672
2026-09-03T17:42:27Z,2026-09-03 17:41:31,SPXW,2026-09-10,C,8225.0,7740.4302,0.05,377.0,0.15,544.0,0.52,0.0,15.0,0.151,0.0021,0.0,-0.0541,0.0891,0.0029
2026-09-03T17:42:27Z,2026-09-03 17:41:31,SPXW,2026-09-10,P,8225.0,7740.4302,470.4,1.0,491.4,1.0,0.0,0.0,0.0,0.1753,-0.9978,0.0,0.0,0.089,-1.5723
2026-09-03T17:42:27Z,2026-09-03 17:41:31,SPXW,2026-09-10,C,8250.0,7740.4302,0.05,348.0,0.15,781.0,0.12,0.0,58.0,0.1579,0.0019,0.0,-0.0514,0.0815,0.0027
2026-09-03T17:42:27Z,2026-09-03 17:41:31,SPXW,2026-09-10,P,8250.0,7740.4302,495.1,1.0,514.4,1.0,0.0,0.0,0.0,0.0,-0.998,0.0,0.0,0.0814,-1.5773
2026-09-03T17:42:27Z,2026-09-03 17:41:31,SPXW,2026-09-10,C,8275.0,7740.4302,0.05,220.0,0.1,113.0,0.1,280.0,23.0,0.1608,0.0017,0.0,-0.0487,0.0745,0.0024
2026-09-03T17:42:27Z,2026-09-03 17:41:31,SPXW,2026-09-10,P,8275.0,7740.4302,520.3,1.0,539.4,1.0,0.0,0.0,0.0,0.0,-0.9982,0.0,0.0,0.0749,-1.5823
2026-09-03T17:42:27Z,2026-09-03 17:41:31,SPXW,2026-09-10,C,8300.0,7740.4302,0.05,216.0,0.1,181.0,0.05,0.0,31.0,0.1675,0.0016,0.0,-0.0465,0.0687,0.0022
2026-09-03T17:42:27Z,2026-09-03 17:41:31,SPXW,2026-09-10,P,8300.0,7740.4302,545.8,1.0,564.2,1.0,0.0,0.0,0.0,0.0,-0.9983,0.0,0.0,0.0691,-1.5873
2026-09-03T17:42:27Z,2026-09-03 17:41:31,SPXW,2026-09-10,C,8325.0,7740.4302,0.05,178.0,0.1,257.0,0.1,1.0,1.0,0.1741,0.0015,0.0,-0.0445,0.0636,0.0021
2026-09-03T17:42:27Z,2026-09-03 17:41:31,SPXW,2026-09-10,P,8325.0,7740.4302,570.8,1.0,590.6,1.0,0.0,0.0,0.0,0.1989,-0.9984,0.0,0.0,0.0639,-1.5923
2026-09-03T17:42:27Z,2026-09-03 17:41:31,SPXW,2026-09-10,C,8400.0,7740.4302,0.0,0.0,0.1,216.0,0.07,0.0,1308.0,0.1873,0.0012,0.0,-0.0393,0.0513,0.0016
2026-09-03T17:42:27Z,2026-09-03 17:41:31,SPXW,2026-09-10,P,8400.0,7740.4302,645.7,1.0,663.6,1.0,739.72,0.0,1.0,0.0,-0.9987,0.0,0.0,0.0515,-1.6071
2026-09-03T17:42:27Z,2026-09-03 17:41:31,SPXW,2026-09-10,C,8500.0,7740.4302,0.0,0.0,0.1,404.0,0.05,0.0,1.0,0.212,0.0009,0.0,-0.0338,0.0397,0.0013
2026-09-03T17:42:27Z,2026-09-03 17:41:31,SPXW,2026-09-10,P,8500.0,7740.4302,745.1,1.0,765.5,1.0,685.25,0.0,2.0,0.2134,-0.999,0.0,0.0,0.0397,-1.6266
2026-09-03T17:42:27Z,2026-09-03 17:41:31,SPXW,2026-09-11,C,6970.0,7740.4302,768.1,1.0,785.5,1.0,0.0,0.0,0.0,0.3117,0.9941,0.0,0.0,0.2055,1.8944
2026-09-03T17:42:27Z,2026-09-03 17:41:31,SPXW,2026-09-11,P,6970.0,7740.4302,0.55,45.0,0.6,179.0,0.0,0.0,0.0,0.2821,-0.0058,0.0,-0.268,0.2055,-0.012
2026-09-03T17:42:27Z,2026-09-03 17:41:31,SPXW,2026-09-11,C,6975.0,7740.4302,762.4,1.0,780.8,1.0,810.4,0.0,3.0,0.3031,0.994,0.0,0.0,0.2078,1.8956
2026-09-03T17:42:27Z,2026-09-03 17:41:31,SPXW,2026-09-11,P,6975.0,7740.4302,0.55,178.0,0.65,484.0,0.6,3.0,994.0,0.2816,-0.0059,0.0,-0.2703,0.2082,-0.0122
2026-09-03T17:42:27Z,2026-09-03 17:41:31,SPXW,2026-09-11,C,6980.0,7740.4302,757.6,1.0,775.6,1.0,0.0,0.0,0.0,0.3011,0.994,0.0,0.0,0.2102,1.8968
2026-09-03T17:42:27Z,2026-09-03 17:41:31,SPXW,2026-09-11,P,6980.0,7740.4302,0.55,178.0,0.65,400.0,1.55,0.0,31.0,0.2798,-0.006,0.0,-0.2721,0.2106,-0.0124
2026-09-03T17:42:27Z,2026-09-03 17:41:31,SPXW,2026-09-11,C,6990.0,7740.4302,747.6,1.0,765.1,1.0,0.0,0.0,0.0,0.2877,0.9938,0.0,0.0,0.215,1.8992
2026-09-03T17:42:27Z,2026-09-03 17:41:31,SPXW,2026-09-11,P,6990.0,7740.4302,0.55,426.0,0.65,385.0,0.85,1.0,0.0,0.2764,-0.0061,0.0,-0.2758,0.2154,-0.0127
2026-09-03T17:42:27Z,2026-09-03 17:41:31,SPXW,2026-09-11,C,7000.0,7740.4302,741.5,6.0,751.9,7.0,744.25,0.0,3222.0,0.2794,0.9936,0.0001,0.0,0.22,1.9016
2026-09-03T17:42:27Z,2026-09-03 17:41:31,SPXW,2026-09-11,P,7000.0,7740.4302,0.55,644.0,0.65,349.0,0.65,48.0,4651.0,0.273,-0.0063,0.0001,-0.2797,0.2204,-0.013
2026-09-03T17:42:27Z,2026-09-03 17:41:31,SPXW,2026-09-11,C,7010.0,7740.4302,728.2,1.0,745.7,1.0,0.0,0.0,0.0,0.2998,0.9935,0.0001,0.0,0.2252,1.904
2026-09-03T17:42:27Z,2026-09-03 17:41:31,SPXW,2026-09-11,P,7010.0,7740.4302,0.6,43.0,0.65,221.0,0.85,1.0,1.0,0.271,-0.0064,0.0001,-0.2834,0.2253,-0.0133
2026-09-03T17:42:27Z,2026-09-03 17:41:31,SPXW,2026-09-11,C,7020.0,7740.4302,717.6,1.0,735.7,1.0,0.0,0.0,0.0,0.2866,0.9933,0.0001,0.0,0.2305,1.9064
2026-09-03T17:42:27Z,2026-09-03 17:41:31,SPXW,2026-09-11,P,7020.0,7740.4302,0.6,176.0,0.7,404.0,0.0,0.0,0.0,0.2686,-0.0066,0.0001,-0.2876,0.2309,-0.0137
2026-09-03T17:42:27Z,2026-09-03 17:41:31,SPXW,2026-09-11,C,7025.0,7740.4302,712.5,1.0,731.5,1.0,778.8,0.0,4.0,0.2951,0.9932,0.0001,0.0,0.2332,1.9076
2026-09-03T17:42:27Z,2026-09-03 17:41:31,SPXW,2026-09-11,P,7025.0,7740.4302,0.6,196.0,0.7,514.0,2.68,0.0,5435.0,0.2668,-0.0067,0.0001,-0.2896,0.2336,-0.0139
2026-09-03T17:42:27Z,2026-09-03 17:41:31,SPXW,2026-09-11,C,7030.0,7740.4302,707.6,1.0,725.7,1.0,0.0,0.0,0.0,0.2826,0.9931,0.0001,0.0,0.236,1.9088
2026-09-03T17:42:27Z,2026-09-03 17:41:31,SPXW,2026-09-11,P,7030.0,7740.4302,0.6,350.0,0.7,390.0,1.35,0.0,2.0,0.2651,-0.0068,0.0001,-0.2917,0.2364,-0.0141
2026-09-03T17:42:27Z,2026-09-03 17:41:31,SPXW,2026-09-11,C,7040.0,7740.4302,697.1,1.0,715.8,1.0,0.0,0.0,2.0,0.2715,0.9929,0.0001,0.0,0.2418,1.9112
2026-09-03T17:42:27Z,2026-09-03 17:41:31,SPXW,2026-09-11,P,7040.0,7740.4302,0.6,431.0,0.7,346.0,1.4,0.0,9.0,0.2616,-0.007,0.0001,-0.2959,0.2422,-0.0144
2026-09-03T17:42:27Z,2026-09-03 17:41:31,SPXW,2026-09-11,C,7050.0,7740.4302,687.6,1.0,706.4,1.0,444.83,0.0,3.0,0.2849,0.9928,0.0001,0.0,0.2477,1.9135
2026-09-03T17:42:27Z,2026-09-03 17:41:31,SPXW,2026-09-11,P,7050.0,7740.4302,0.65,43.0,0.75,485.0,0.7,111.0,5161.0,0.2604,-0.0072,0.0001,-0.3002,0.2482,-0.0148
2026-09-03T17:42:27Z,2026-09-03 17:41:31,SPXW,2026-09-11,C,7060.0,7740.4302,678.4,1.0,695.4,1.0,0.0,0.0,0.0,0.2781,0.9926,0.0001,0.0,0.254,1.9158
2026-09-03T17:42:27Z,2026-09-03 17:41:31,SPXW,2026-09-11,P,7060.0,7740.4302,0.65,172.0,0.75,402.0,1.57,0.0,206.0,0.257,-0.0074,0.0001,-0.3047,0.2544,-0.0152
2026-09-03T17:42:27Z,2026-09-03 17:41:31,SPXW,2026-09-11,C,7070.0,7740.4302,667.7,1.0,686.1,1.0,0.0,0.0,0.0,0.274,0.9924,0.0001,0.0,0.2604,1.9181
2026-09-03T17:42:27Z,2026-09-03 17:41:31,SPXW,2026-09-11,P,7070.0,7740.4302,0.65,424.0,0.75,378.0,1.82,0.0,7.0,0.2535,-0.0076,0.0001,-0.3092,0.2609,-0.0157
2026-09-03T17:42:27Z,2026-09-03 17:41:31,SPXW,2026-09-11,C,7075.0,7740.4302,660.4,1.0,680.9,1.0,668.57,0.0,2.0,0.1918,0.9922,0.0001,-0.0016,0.2637,1.9193
2026-09-03T17:42:27Z,2026-09-03 17:41:31,SPXW,2026-09-11,P,7075.0,7740.4302,0.65,493.0,0.75,344.0,1.09,2.0,155.0,0.2517,-0.0077,0.0001,-0.3116,0.2642,-0.0159
2026-09-03T17:42:27Z,2026-09-03 17:41:31,SPXW,2026-09-11,C,7080.0,7740.4302,657.4,1.0,675.6,1.0,0.0,0.0,0.0,0.2573,0.9921,0.0001,-0.0062,0.2671,1.9204
2026-09-03T17:42:27Z,2026-09-03 17:41:31,SPXW,2026-09-11,P,7080.0,7740.4302,0.7,43.0,0.75,217.0,2.15,0.0,64.0,0.2512,-0.0078,0.0001,-0.3137,0.2672,-0.0161
2026-09-03T17:42:27Z,2026-09-03 17:41:31,SPXW,2026-09-11,C,7090.0,7740.4302,645.1,2.0,665.5,1.0,0.0,0.0,0.0,0.0,0.9919,0.0001,-0.0157,0.2742,1.9227
2026-09-03T17:42:27Z,2026-09-03 17:41:31,SPXW,2026-09-11,P,7090.0,7740.4302,0.7,156.0,0.8,394.0,1.61,0.0,27.0,0.2486,-0.008,0.0001,-0.3188,0.2746,-0.0166
2026-09-03T17:42:27Z,2026-09-03 17:41:31,SPXW,2026-09-11,C,7100.0,7740.4302,635.5,1.0,656.2,1.0,674.31,0.0,7.0,0.2135,0.9917,0.0001,-0.0253,0.2814,1.925
2026-09-03T17:42:27Z,2026-09-03 17:41:31,SPXW,2026-09-11,P,7100.0,7740.4302,0.7,211.0,0.8,462.0,0.7,24.0,1336.0,0.2452,-0.0082,0.0001,-0.3233,0.2814,-0.017
2026-09-03T17:42:27Z,2026-09-03 17:41:31,SPXW,2026-09-11,C,7110.0,7740.4302,626.1,1.0,645.7,1.0,0.0,0.0,0.0,0.2139,0.9914,0.0001,-0.0351,0.289,1.9272
2026-09-03T17:42:27Z,2026-09-03 17:41:31,SPXW,2026-09-11,P,7110.0,7740.4302,0.75,43.0,0.8,329.0,2.37,0.0,8.0,0.2427,-0.0085,0.0001,-0.3285,0.289,-0.0175
2026-09-03T17:42:27Z,2026-09-03 17:41:31,SPXW,2026-09-11,C,7120.0,7740.4302,615.5,1.0,635.6,1.0,0.0,0.0,0.0,0.0,0.9912,0.0001,-0.045,0.2969,1.9294
2026-09-03T17:42:27Z,2026-09-03 17:41:31,SPXW,2026-09-11,P,7120.0,7740.4302,0.75,152.0,0.85,386.0,3.3,0.0,55.0,0.2401,-0.0087,0.0001,-0.3338,0.2969,-0.0181
2026-09-03T17:42:27Z,2026-09-03 17:41:31,SPXW,2026-09-11,C,7125.0,7740.4302,612.5,1.0,630.8,1.0,562.48,0.0,1.0,0.2445,0.991,0.0001,-0.0501,0.301,1.9304
2026-09-03T17:42:27Z,2026-09-03 17:41:31,SPXW,2026-09-11,P,7125.0,7740.4302,0.75,184.0,0.85,464.0,1.84,0.0,568.0,0.2383,-0.0089,0.0001,-0.3366,0.301,-0.0184
2026-09-03T17:42:27Z,2026-09-03 17:41:31,SPXW,2026-09-11,C,7130.0,7740.4302,607.9,1.0,626.9,1.0,558.19,0.0,7.0,0.262,0.9909,0.0001,-0.0552,0.3051,1.9315
2026-09-03T17:42:27Z,2026-09-03 17:41:31,SPXW,2026-09-11,P,7130.0,7740.4302,0.75,186.0,0.85,372.0,2.2,0.0,29.0,0.2366,-0.009,0.0001,-0.3394,0.3051,-0.0186
2026-09-03T17:42:27Z,2026-09-03 17:41:31,SPXW,2026-09-11,C,7140.0,7740.4302,596.2,1.0,616.4,1.0,535.0,0.0,1.0,0.2256,0.9906,0.0001,-0.0656,0.3137,1.9337
2026-09-03T17:42:27Z,2026-09-03 17:41:31,SPXW,2026-09-11,P,7140.0,7740.4302,0.8,42.0,0.9,400.0,0.95,100.0,201.0,0.2348,-0.0093,0.0001,-0.3454,0.3138,-0.0193
2026-09-03T17:42:27Z,2026-09-03 17:41:31,SPXW,2026-09-11,C,7150.0,7740.4302,592.0,6.0,602.3,7.0,601.03,0.0,211.0,0.2346,0.9903,0.0001,-0.0762,0.3226,1.9358
2026-09-03T17:42:27Z,2026-09-03 17:41:31,SPXW,2026-09-11,P,7150.0,7740.4302,0.8,179.0,0.9,473.0,0.99,12.0,528.0,0.2313,-0.0096,0.0001,-0.3514,0.3227,-0.0199
2026-09-03T17:42:27Z,2026-09-03 17:41:31,SPXW,2026-09-11,C,7160.0,7740.4302,575.7,1.0,596.2,1.0,0.0,0.0,0.0,0.1972,0.99,0.0001,-0.0871,0.3319,1.9378
2026-09-03T17:42:27Z,2026-09-03 17:41:31,SPXW,2026-09-11,P,7160.0,7740.4302,0.8,335.0,0.9,328.0,3.92,0.0,31.0,0.2278,-0.0099,0.0001,-0.3577,0.332,-0.0206
2026-09-03T17:42:27Z,2026-09-03 17:41:31,SPXW,2026-09-11,C,7170.0,7740.4302,566.3,1.0,585.8,1.0,0.0,0.0,0.0,0.2005,0.9897,0.0001,-0.0982,0.3416,1.9399
2026-09-03T17:42:27Z,2026-09-03 17:41:31,SPXW,2026-09-11,P,7170.0,7740.4302,0.85,147.0,0.95,377.0,2.17,0.0,29.0,0.2258,-0.0102,0.0001,-0.3642,0.3417,-0.0212
2026-09-03T17:42:27Z,2026-09-03 17:41:31,SPXW,2026-09-11,C,7175.0,7740.4302,563.0,1.0,580.7,1.0,565.68,0.0,7.0,0.2305,0.9895,0.0001,-0.1039,0.3467,1.9409
2026-09-03T17:42:27Z,2026-09-03 17:41:31,SPXW,2026-09-11,P,7175.0,7740.4302,0.85,163.0,0.95,455.0,1.12,2.0,299.0,0.224,-0.0104,0.0001,-0.3676,0.3468,-0.0216
2026-09-03T17:42:27Z,2026-09-03 17:41:31,SPXW,2026-09-11,C,7180.0,7740.4302,558.1,1.0,576.3,1.0,0.0,0.0,0.0,0.2373,0.9893,0.0001,-0.1097,0.3519,1.9419
2026-09-03T17:42:27Z,2026-09-03 17:41:31,SPXW,2026-09-11,P,7180.0,7740.4302,0.85,176.0,0.95,342.0,1.0,5.0,43.0,0.2223,-0.0106,0.0001,-0.3711,0.352,-0.022
2026-09-03T17:42:27Z,2026-09-03 17:41:31,SPXW,2026-09-11,C,7190.0,7740.4302,546.4,1.0,567.1,1.0,0.0,0.0,0.0,0.2217,0.989,0.0001,-0.1215,0.3626,1.9439
2026-09-03T17:42:27Z,2026-09-03 17:41:31,SPXW,2026-09-11,P,7190.0,7740.4302,0.9,42.0,1.0,373.0,4.25,0.0,76.0,0.2202,-0.011,0.0001,-0.3783,0.3627,-0.0227
2026-09-03T17:42:27Z,2026-09-03 17:41:31,SPXW,2026-09-11,C,7200.0,7740.4302,535.6,1.0,556.1,1.0,500.04,0.0,17.0,0.1683,0.9886,0.0001,-0.1337,0.374,1.9458
2026-09-03T17:42:27Z,2026-09-03 17:41:31,SPXW,2026-09-11,P,7200.0,7740.4302,0.9,193.0,1.0,446.0,0.94,33.0,1213.0,0.2166,-0.0114,0.0001,-0.3858,0.3741,-0.0236
2026-09-03T17:42:27Z,2026-09-03 17:41:31,SPXW,2026-09-11,C,7210.0,7740.4302,528.2,1.0,546.1,1.0,498.14,0.0,1.0,0.224,0.9882,0.0001,-0.1462,0.386,1.9477
2026-09-03T17:42:27Z,2026-09-03 17:41:31,SPXW,2026-09-11,P,7210.0,7740.4302,0.95,42.0,1.05,363.0,1.25,25.0,152.0,0.2145,-0.0118,0.0001,-0.3938,0.3861,-0.0244
2026-09-03T17:42:27Z,2026-09-03 17:41:31,SPXW,2026-09-11,C,7220.0,7740.4302,518.3,1.0,536.0,1.0,484.27,0.0,5.0,0.22,0.9877,0.0001,-0.1592,0.3987,1.9495
2026-09-03T17:42:27Z,2026-09-03 17:41:31,SPXW,2026-09-11,P,7220.0,7740.4302,0.95,192.0,1.05,350.0,1.3,35.0,1997.0,0.2109,-0.0122,0.0001,-0.4022,0.3988,-0.0253
2026-09-03T17:42:27Z,2026-09-03 17:41:31,SPXW,2026-09-11,C,7225.0,7740.4302,512.9,1.0,531.2,1.0,505.96,0.0,6.0,0.2157,0.9875,0.0001,-0.1658,0.4054,1.9504
2026-09-03T17:42:27Z,2026-09-03 17:41:31,SPXW,2026-09-11,P,7225.0,7740.4302,1.0,41.0,1.05,156.0,1.3,30.0,258.0,0.2097,-0.0124,0.0001,-0.4062,0.4054,-0.0258
2026-09-03T17:42:27Z,2026-09-03 17:41:31,SPXW,2026-09-11,C,7230.0,7740.4302,508.3,1.0,527.3,1.0,443.28,0.0,0.0,0.2289,0.9872,0.0001,-0.1726,0.4122,1.9513
2026-09-03T17:42:27Z,2026-09-03 17:41:31,SPXW,2026-09-11,P,7230.0,7740.4302,1.0,41.0,1.1,355.0,1.45,18.0,64.0,0.2086,-0.0127,0.0001,-0.4107,0.4122,-0.0263
2026-09-03T17:42:27Z,2026-09-03 17:41:31,SPXW,2026-09-11,C,7240.0,7740.4302,496.5,1.0,516.1,1.0,465.06,0.0,6.0,0.1863,0.9867,0.0001,-0.1866,0.4265,1.953
2026-09-03T17:42:27Z,2026-09-03 17:41:31,SPXW,2026-09-11,P,7240.0,7740.4302,1.05,41.0,1.1,143.0,1.25,25.0,149.0,0.2056,-0.0132,0.0001,-0.42,0.4265,-0.0273
2026-09-03T17:42:27Z,2026-09-03 17:41:31,SPXW,2026-09-11,C,7250.0,7740.4302,488.4,1.0,506.6,1.0,424.58,0.0,6.0,0.2152,0.9862,0.0001,-0.2011,0.4417,1.9546
2026-09-03T17:42:27Z,2026-09-03 17:41:31,SPXW,2026-09-11,P,7250.0,7740.4302,1.05,173.0,1.15,433.0,1.27,63.0,770.0,0.2026,-0.0137,0.0001,-0.43,0.4417,-0.0284
2026-09-03T17:42:27Z,2026-09-03 17:41:31,SPXW,2026-09-11,C,7260.0,7740.4302,478.2,1.0,496.7,1.0,416.93,0.0,4.0,0.2102,0.9856,0.0002,-0.2162,0.4578,1.9561
2026-09-03T17:42:27Z,2026-09-03 17:41:31,SPXW,2026-09-11,P,7260.0,7740.4302,1.1,41.0,1.2,343.0,1.65,18.0,139.0,0.2001,-0.0143,0.0002,-0.4405,0.4578,-0.0296
2026-09-03T17:42:27Z,2026-09-03 17:41:31,SPXW,2026-09-11,C,7270.0,7740.4302,468.5,1.0,487.5,1.0,469.25,0.0,1.0,0.2157,0.985,0.0002,-0.2321,0.4748,1.9575
2026-09-03T17:42:27Z,2026-09-03 17:41:31,SPXW,2026-09-11,P,7270.0,7740.4302,1.15,41.0,1.2,136.0,1.19,39.0,1125.0,0.1971,-0.0149,0.0002,-0.4522,0.475,-0.031
2026-09-03T17:42:27Z,2026-09-03 17:41:31,SPXW,2026-09-11,C,7275.0,7740.4302,463.5,1.0,482.0,1.0,428.62,0.0,14.0,0.2095,0.9847,0.0002,-0.2403,0.4837,1.9582
2026-09-03T17:42:27Z,2026-09-03 17:41:31,SPXW,2026-09-11,P,7275.0,7740.4302,1.15,52.0,1.25,436.0,1.22,41.0,1457.0,0.1958,-0.0152,0.0002,-0.4576,0.4837,-0.0316
2026-09-03T17:42:27Z,2026-09-03 17:41:31,SPXW,2026-09-11,C,7280.0,7740.4302,458.6,1.0,476.8,1.0,0.0,0.0,0.0,0.2066,0.9844,0.0002,-0.2487,0.4929,1.9588
2026-09-03T17:42:27Z,2026-09-03 17:41:31,SPXW,2026-09-11,P,7280.0,7740.4302,1.15,320.0,1.25,202.0,1.35,120.0,232.0,0.1945,-0.0156,0.0002,-0.4638,0.4929,-0.0323
2026-09-03T17:42:27Z,2026-09-03 17:41:31,SPXW,2026-09-11,C,7290.0,7740.4302,448.8,1.0,467.6,1.0,378.07,0.0,10.0,0.2104,0.9836,0.0002,-0.2662,0.5121,1.9601
2026-09-03T17:42:27Z,2026-09-03 17:41:31,SPXW,2026-09-11,P,7290.0,7740.4302,1.2,188.0,1.3,223.0,1.35,19.0,599.0,0.1913,-0.0163,0.0002,-0.4766,0.5121,-0.0339
2026-09-03T17:42:27Z,2026-09-03 17:41:31,SPXW,2026-09-11,C,7300.0,7740.4302,438.7,1.0,457.4,1.0,454.0,3.0,59.0,0.204,0.9829,0.0002,-0.2846,0.5326,1.9612
2026-09-03T17:42:27Z,2026-09-03 17:41:31,SPXW,2026-09-11,P,7300.0,7740.4302,1.3,1.0,1.35,221.0,1.34,446.0,2238.0,0.1892,-0.017,0.0002,-0.4904,0.5326,-0.0355
2026-09-03T17:42:27Z,2026-09-03 17:41:31,SPXW,2026-09-11,C,7310.0,7740.4302,428.8,1.0,447.0,1.0,427.45,1.0,13.0,0.1976,0.982,0.0002,-0.304,0.5547,1.9622
2026-09-03T17:42:27Z,2026-09-03 17:41:31,SPXW,2026-09-11,P,7310.0,7740.4302,1.3,101.0,1.4,221.0,1.52,25.0,168.0,0.1859,-0.0179,0.0002,-0.5052,0.5547,-0.0372
2026-09-03T17:42:27Z,2026-09-03 17:41:31,SPXW,2026-09-11,C,7320.0,7740.4302,418.9,1.0,437.0,1.0,503.67,0.0,7.0,0.1942,0.9811,0.0002,-0.3245,0.5784,1.963
2026-09-03T17:42:27Z,2026-09-03 17:41:31,SPXW,2026-09-11,P,7320.0,7740.4302,1.35,216.0,1.45,201.0,1.62,38.0,213.0,0.1831,-0.0188,0.0002,-0.5211,0.5784,-0.0391
2026-09-03T17:42:27Z,2026-09-03 17:41:31,SPXW,2026-09-11,C,7325.0,7740.4302,411.8,1.0,431.6,1.0,356.93,0.0,7.0,0.1673,0.9806,0.0002,-0.3352,0.591,1.9634
2026-09-03T17:42:27Z,2026-09-03 17:41:31,SPXW,2026-09-11,P,7325.0,7740.4302,1.4,58.0,1.5,326.0,1.49,75.0,307.0,0.1822,-0.0193,0.0002,-0.5295,0.591,-0.0401
2026-09-03T17:42:27Z,2026-09-03 17:41:31,SPXW,2026-09-11,C,7330.0,7740.4302,409.0,1.0,426.5,1.0,242.0,0.0,1.0,0.1869,0.9802,0.0002,-0.3462,0.604,1.9638
2026-09-03T17:42:27Z,2026-09-03 17:41:31,SPXW,2026-09-11,P,7330.0,7740.4302,1.45,32.0,1.5,147.0,1.5,35.0,276.0,0.1808,-0.0198,0.0002,-0.5382,0.604,-0.0411
2026-09-03T17:42:27Z,2026-09-03 17:41:31,SPXW,2026-09-11,C,7335.0,7740.4302,403.4,1.0,422.3,1.0,0.0,0.0,0.0,0.1865,0.9796,0.0002,-0.3575,0.6175,1.964
2026-09-03T17:42:27Z,2026-09-03 17:41:31,SPXW,2026-09-11,P,7335.0,7740.4302,1.45,108.0,1.55,206.0,2.47,8.0,8.0,0.1793,-0.0203,0.0002,-0.5472,0.6175,-0.0422
2026-09-03T17:42:27Z,2026-09-03 17:41:31,SPXW,2026-09-11,C,7340.0,7740.4302,399.2,1.0,416.6,1.0,354.63,0.0,1.0,0.1852,0.9791,0.0002,-0.3692,0.6316,1.9643
2026-09-03T17:42:27Z,2026-09-03 17:41:31,SPXW,2026-09-11,P,7340.0,7740.4302,1.5,43.0,1.6,321.0,1.79,37.0,1401.0,0.1783,-0.0208,0.0002,-0.5566,0.6316,-0.0433
2026-09-03T17:42:27Z,2026-09-03 17:41:31,SPXW,2026-09-11,C,7345.0,7740.4302,393.7,1.0,411.9,1.0,0.0,0.0,0.0,0.1816,0.9785,0.0002,-0.3813,0.6461,1.9644
2026-09-03T17:42:27Z,2026-09-03 17:41:31,SPXW,2026-09-11,P,7345.0,7740.4302,1.55,31.0,1.6,133.0,1.7,266.0,0.0,0.1768,-0.0214,0.0002,-0.5663,0.6461,-0.0445
2026-09-03T17:42:27Z,2026-09-03 17:41:31,SPXW,2026-09-11,C,7350.0,7740.4302,389.4,1.0,407.3,1.0,350.62,0.0,16.0,0.1873,0.9779,0.0003,-0.3937,0.6612,1.9645
2026-09-03T17:42:27Z,2026-09-03 17:41:31,SPXW,2026-09-11,P,7350.0,7740.4302,1.55,67.0,1.65,156.0,1.65,189.0,2629.0,0.1753,-0.022,0.0003,-0.5765,0.6612,-0.0458
2026-09-03T17:42:27Z,2026-09-03 17:41:31,SPXW,2026-09-11,C,7355.0,7740.4302,381.8,1.0,402.3,1.0,0.0,0.0,0.0,0.164,0.9773,0.0003,-0.4065,0.6767,1.9646
2026-09-03T17:42:27Z,2026-09-03 17:41:31,SPXW,2026-09-11,P,7355.0,7740.4302,1.6,51.0,1.7,124.0,1.85,13.0,5.0,0.1742,-0.0226,0.0003,-0.587,0.6767,-0.0471
2026-09-03T17:42:27Z,2026-09-03 17:41:31,SPXW,2026-09-11,C,7360.0,7740.4302,379.3,1.0,397.8,1.0,361.77,0.0,33.0,0.1857,0.9766,0.0003,-0.4198,0.6929,1.9646
2026-09-03T17:42:27Z,2026-09-03 17:41:31,SPXW,2026-09-11,P,7360.0,7740.4302,1.65,42.0,1.75,145.0,1.73,183.0,285.0,0.1731,-0.0233,0.0003,-0.5979,0.6929,-0.0485
2026-09-03T17:42:27Z,2026-09-03 17:41:31,SPXW,2026-09-11,C,7365.0,7740.4302,371.9,1.0,391.9,1.0,0.0,0.0,0.0,0.1568,0.976,0.0003,-0.4335,0.7096,1.9645
2026-09-03T17:42:27Z,2026-09-03 17:41:31,SPXW,2026-09-11,P,7365.0,7740.4302,1.7,30.0,1.75,78.0,1.9,35.0,8.0,0.1715,-0.024,0.0003,-0.6093,0.7096,-0.05
2026-09-03T17:42:27Z,2026-09-03 17:41:31,SPXW,2026-09-11,C,7370.0,7740.4302,369.5,1.0,387.9,1.0,309.95,0.0,42.0,0.1742,0.9752,0.0003,-0.4476,0.7268,1.9643
2026-09-03T17:42:27Z,2026-09-03 17:41:31,SPXW,2026-09-11,P,7370.0,7740.4302,1.75,29.0,1.8,78.0,1.83,152.0,326.0,0.1704,-0.0247,0.0003,-0.6211,0.7268,-0.0515
2026-09-03T17:42:27Z,2026-09-03 17:41:31,SPXW,2026-09-11,C,7375.0,7740.4302,362.0,1.0,382.2,1.0,308.29,0.0,45.0,0.1572,0.9745,0.0003,-0.4622,0.7448,1.9641
2026-09-03T17:42:27Z,2026-09-03 17:41:31,SPXW,2026-09-11,P,7375.0,7740.4302,1.8,29.0,1.85,80.0,1.87,190.0,1545.0,0.1692,-0.0254,0.0003,-0.6334,0.7448,-0.053
2026-09-03T17:42:27Z,2026-09-03 17:41:31,SPXW,2026-09-11,C,7380.0,7740.4302,359.6,1.0,377.6,1.0,318.89,0.0,2.0,0.1778,0.9737,0.0003,-0.4773,0.7634,1.9638
2026-09-03T17:42:27Z,2026-09-03 17:41:31,SPXW,2026-09-11,P,7380.0,7740.4302,1.85,29.0,1.9,80.0,2.09,86.0,418.0,0.1679,-0.0262,0.0003,-0.6463,0.7634,-0.0547
2026-09-03T17:42:27Z,2026-09-03 17:41:31,SPXW,2026-09-11,C,7385.0,7740.4302,352.1,1.0,372.1,3.0,0.0,0.0,0.0,0.1532,0.9729,0.0003,-0.493,0.7828,1.9635
2026-09-03T17:42:27Z,2026-09-03 17:41:31,SPXW,2026-09-11,P,7385.0,7740.4302,1.9,28.0,1.95,77.0,3.2,11.0,23.0,0.1667,-0.027,0.0003,-0.6596,0.7828,-0.0564
2026-09-03T17:42:27Z,2026-09-03 17:41:31,SPXW,2026-09-11,C,7390.0,7740.4302,349.7,1.0,367.0,1.0,170.2,0.0,2.0,0.1705,0.972,0.0003,-0.5091,0.803,1.9631
2026-09-03T17:42:27Z,2026-09-03 17:41:31,SPXW,2026-09-11,P,7390.0,7740.4302,1.95,28.0,2.0,77.0,2.15,160.0,371.0,0.1654,-0.0279,0.0003,-0.6734,0.803,-0.0582
2026-09-03T17:42:27Z,2026-09-03 17:41:31,SPXW,2026-09-11,C,7395.0,7740.4302,342.8,1.0,362.5,1.0,0.0,0.0,0.0,0.1588,0.9712,0.0003,-0.5258,0.824,1.9626
2026-09-03T17:42:27Z,2026-09-03 17:41:31,SPXW,2026-09-11,P,7395.0,7740.4302,2.0,28.0,2.1,138.0,2.75,24.0,90.0,0.1644,-0.0288,0.0003,-0.6878,0.824,-0.06
2026-09-03T17:42:27Z,2026-09-03 17:41:31,SPXW,2026-09-11,C,7400.0,7740.4302,340.1,1.0,358.6,1.0,312.59,3.0,23.0,0.1773,0.9702,0.0004,-0.5431,0.8459,1.962
2026-09-03T17:42:27Z,2026-09-03 17:41:31,SPXW,2026-09-11,P,7400.0,7740.4302,2.05,33.0,2.15,127.0,2.17,715.0,1928.0,0.1631,-0.0297,0.0004,-0.7028,0.8459,-0.062
2026-09-03T17:42:27Z,2026-09-03 17:41:31,SPXW,2026-09-11,C,7405.0,7740.4302,335.0,1.0,352.2,1.0,0.0,0.0,0.0,0.1671,0.9692,0.0004,-0.561,0.8688,1.9613
2026-09-03T17:42:27Z,2026-09-03 17:41:31,SPXW,2026-09-11,P,7405.0,7740.4302,2.1,53.0,2.2,64.0,2.35,86.0,41.0,0.1617,-0.0307,0.0004,-0.7184,0.8688,-0.064
2026-09-03T17:42:27Z,2026-09-03 17:41:31,SPXW,2026-09-11,C,7410.0,7740.4302,329.7,1.0,347.3,1.0,238.0,0.0,74.0,0.1638,0.9682,0.0004,-0.5795,0.8925,1.9605
2026-09-03T17:42:27Z,2026-09-03 17:41:31,SPXW,2026-09-11,P,7410.0,7740.4302,2.2,27.0,2.25,75.0,2.5,185.0,504.0,0.1606,-0.0317,0.0004,-0.7346,0.8925,-0.0662
2026-09-03T17:42:27Z,2026-09-03 17:41:31,SPXW,2026-09-11,C,7415.0,7740.4302,322.5,1.0,343.8,1.0,0.0,0.0,0.0,0.1574,0.9671,0.0004,-0.5986,0.9172,1.9596
2026-09-03T17:42:27Z,2026-09-03 17:41:31,SPXW,2026-09-11,P,7415.0,7740.4302,2.25,32.0,2.35,111.0,2.62,24.0,49.0,0.1595,-0.0328,0.0004,-0.7514,0.9172,-0.0685
2026-09-03T17:42:27Z,2026-09-03 17:41:31,SPXW,2026-09-11,C,7420.0,7740.4302,318.4,1.0,338.8,1.0,317.96,0.0,6.0,0.1607,0.966,0.0004,-0.6184,0.9427,1.9586
2026-09-03T17:42:27Z,2026-09-03 17:41:31,SPXW,2026-09-11,P,7420.0,7740.4302,2.3,92.0,2.4,93.0,2.55,183.0,1348.0,0.1584,-0.0339,0.0004,-0.7689,0.9427,-0.0709
2026-09-03T17:42:27Z,2026-09-03 17:41:31,SPXW,2026-09-11,C,7425.0,7740.4302,315.4,1.0,334.1,1.0,285.19,0.0,51.0,0.1607,0.9648,0.0004,-0.6389,0.9692,1.9574
2026-09-03T17:42:27Z,2026-09-03 17:41:31,SPXW,2026-09-11,P,7425.0,7740.4302,2.4,31.0,2.5,128.0,2.59,136.0,945.0,0.1572,-0.0351,0.0004,-0.7871,0.9692,-0.0735
2026-09-03T17:42:27Z,2026-09-03 17:41:31,SPXW,2026-09-11,C,7430.0,7740.4302,308.6,1.0,329.0,1.0,326.31,1.0,44.0,0.1492,0.9635,0.0004,-0.6601,0.9965,1.9561
2026-09-03T17:42:27Z,2026-09-03 17:41:31,SPXW,2026-09-11,P,7430.0,7740.4302,2.5,25.0,2.6,127.0,2.8,206.0,462.0,0.1562,-0.0364,0.0004,-0.806,0.9965,-0.0762
2026-09-03T17:42:27Z,2026-09-03 17:41:31,SPXW,2026-09-11,C,7435.0,7740.4302,305.7,1.0,322.7,1.0,0.0,0.0,0.0,0.1604,0.9622,0.0005,-0.6821,1.0249,1.9546
2026-09-03T17:42:27Z,2026-09-03 17:41:31,SPXW,2026-09-11,P,7435.0,7740.4302,2.55,40.0,2.65,75.0,3.01,14.0,48.0,0.1547,-0.0377,0.0005,-0.8256,1.0249,-0.079
2026-09-03T17:42:27Z,2026-09-03 17:41:31,SPXW,2026-09-11,C,7440.0,7740.4302,300.9,1.0,318.2,1.0,316.58,0.0,11.0,0.1615,0.9608,0.0005,-0.7048,1.0542,1.9531
2026-09-03T17:42:27Z,2026-09-03 17:41:31,SPXW,2026-09-11,P,7440.0,7740.4302,2.65,71.0,2.75,143.0,3.02,92.0,202.0,0.1537,-0.0391,0.0005,-0.8461,1.0542,-0.0819
2026-09-03T17:42:27Z,2026-09-03 17:41:31,SPXW,2026-09-11,C,7445.0,7740.4302,296.0,1.0,313.6,1.0,0.0,0.0,0.0,0.1615,0.9594,0.0005,-0.7283,1.0848,1.9514
2026-09-03T17:42:27Z,2026-09-03 17:41:31,SPXW,2026-09-11,P,7445.0,7740.4302,2.75,48.0,2.85,190.0,3.7,50.0,88.0,0.1526,-0.0405,0.0005,-0.8673,1.0848,-0.0849
2026-09-03T17:42:27Z,2026-09-03 17:41:31,SPXW,2026-09-11,C,7450.0,7740.4302,288.9,1.0,308.2,1.0,232.52,0.0,35.0,0.1473,0.9579,0.0005,-0.7526,1.1166,1.9496
2026-09-03T17:42:27Z,2026-09-03 17:41:31,SPXW,2026-09-11,P,7450.0,7740.4302,2.85,49.0,2.95,166.0,2.9,1263.0,1924.0,0.1515,-0.042,0.0005,-0.8893,1.1166,-0.0881
2026-09-03T17:42:27Z,2026-09-03 17:41:31,SPXW,2026-09-11,C,7455.0,7740.4302,286.3,1.0,304.3,1.0,0.0,0.0,0.0,0.1611,0.9563,0.0005,-0.7778,1.1498,1.9476
2026-09-03T17:42:27Z,2026-09-03 17:41:31,SPXW,2026-09-11,P,7455.0,7740.4302,2.95,81.0,3.1,194.0,3.3,11.0,98.0,0.1506,-0.0436,0.0005,-0.9121,1.1498,-0.0914
2026-09-03T17:42:27Z,2026-09-03 17:41:31,SPXW,2026-09-11,C,7460.0,7740.4302,279.7,1.0,299.9,1.0,296.77,1.0,160.0,0.1547,0.9546,0.0006,-0.8038,1.1844,1.9455
2026-09-03T17:42:27Z,2026-09-03 17:41:31,SPXW,2026-09-11,P,7460.0,7740.4302,3.0,467.0,3.2,191.0,3.42,183.0,491.0,0.1496,-0.0453,0.0006,-0.9358,1.1844,-0.095
2026-09-03T17:42:27Z,2026-09-03 17:41:31,SPXW,2026-09-11,C,7465.0,7740.4302,274.7,1.0,295.0,1.0,0.0,0.0,0.0,0.1444,0.9528,0.0006,-0.8306,1.2203,1.9431
2026-09-03T17:42:27Z,2026-09-03 17:41:31,SPXW,2026-09-11,P,7465.0,7740.4302,3.2,26.0,3.3,180.0,3.3,63.0,68.0,0.1484,-0.0471,0.0006,-0.9603,1.2203,-0.0987
2026-09-03T17:42:27Z,2026-09-03 17:41:31,SPXW,2026-09-11,C,7470.0,7740.4302,269.3,1.0,289.2,1.0,215.0,0.0,35.0,0.1455,0.951,0.0006,-0.8583,1.2574,1.9406
2026-09-03T17:42:27Z,2026-09-03 17:41:31,SPXW,2026-09-11,P,7470.0,7740.4302,3.3,101.0,3.5,233.0,3.48,254.0,661.0,0.1475,-0.0489,0.0006,-0.9858,1.2574,-0.1026
2026-09-03T17:42:27Z,2026-09-03 17:41:31,SPXW,2026-09-11,C,7475.0,7740.4302,270.3,8.0,279.8,7.0,209.78,0.0,219.0,0.1475,0.949,0.0006,-0.887,1.2958,1.9378
2026-09-03T17:42:27Z,2026-09-03 17:41:31,SPXW,2026-09-11,P,7475.0,7740.4302,3.4,292.0,3.6,187.0,3.71,371.0,1226.0,0.1462,-0.0509,0.0006,-1.0121,1.2958,-0.1068
2026-09-03T17:42:27Z,2026-09-03 17:41:31,SPXW,2026-09-11,C,7480.0,7740.4302,260.3,2.0,279.5,1.0,168.0,0.0,47.0,0.1465,0.947,0.0006,-0.9166,1.3354,1.9348
2026-09-03T17:42:27Z,2026-09-03 17:41:31,SPXW,2026-09-11,P,7480.0,7740.4302,3.6,40.0,3.7,157.0,3.9,299.0,419.0,0.1452,-0.0529,0.0006,-1.0394,1.3354,-0.1111
2026-09-03T17:42:27Z,2026-09-03 17:41:31,SPXW,2026-09-11,C,7485.0,7740.4302,255.8,1.0,274.6,1.0,165.4,0.0,7.0,0.1466,0.9448,0.0007,-0.9471,1.3762,1.9315
2026-09-03T17:42:27Z,2026-09-03 17:41:31,SPXW,2026-09-11,P,7485.0,7740.4302,3.7,251.0,3.8,6.0,4.0,97.0,74.0,0.1442,-0.0551,0.0007,-1.0676,1.3762,-0.1157
2026-09-03T17:42:27Z,2026-09-03 17:41:31,SPXW,2026-09-11,C,7490.0,7740.4302,250.4,2.0,270.3,1.0,212.62,0.0,11.0,0.1454,0.9426,0.0007,-0.9787,1.4184,1.9281
2026-09-03T17:42:27Z,2026-09-03 17:41:31,SPXW,2026-09-11,P,7490.0,7740.4302,3.9,39.0,4.0,132.0,4.1,200.0,348.0,0.1432,-0.0573,0.0007,-1.0969,1.4184,-0.1205
2026-09-03T17:42:27Z,2026-09-03 17:41:31,SPXW,2026-09-11,C,7495.0,7740.4302,245.0,1.0,265.7,1.0,165.4,0.0,11.0,0.143,0.9402,0.0007,-1.0112,1.4622,1.9245
2026-09-03T17:42:27Z,2026-09-03 17:41:31,SPXW,2026-09-11,P,7495.0,7740.4302,4.0,257.0,4.2,175.0,4.28,280.0,440.0,0.142,-0.0597,0.0007,-1.1271,1.4622,-0.1255
2026-09-03T17:42:27Z,2026-09-03 17:41:31,SPXW,2026-09-11,C,7500.0,7740.4302,246.2,8.0,255.6,7.0,211.87,2.0,526.0,0.1425,0.9377,0.0008,-1.0447,1.5077,1.9206
2026-09-03T17:42:27Z,2026-09-03 17:41:31,SPXW,2026-09-11,P,7500.0,7740.4302,4.2,232.0,4.4,174.0,4.4,6467.0,1723.0,0.1412,-0.0622,0.0008,-1.1583,1.5077,-0.1307
2026-09-03T17:42:27Z,2026-09-03 17:41:31,SPXW,2026-09-11,C,7505.0,7740.4302,236.5,2.0,254.7,1.0,153.6,0.0,24.0,0.1402,0.9351,0.0008,-1.0792,1.555,1.9165
2026-09-03T17:42:27Z,2026-09-03 17:41:31,SPXW,2026-09-11,P,7505.0,7740.4302,4.4,120.0,4.5,25.0,4.85,30.0,131.0,0.1403,-0.0648,0.0008,-1.1905,1.555,-0.1362
2026-09-03T17:42:27Z,2026-09-03 17:41:31,SPXW,2026-09-11,C,7510.0,7740.4302,232.0,1.0,250.5,1.0,233.25,1.0,17.0,0.1422,0.9324,0.0008,-1.1148,1.604,1.9121
2026-09-03T17:42:27Z,2026-09-03 17:41:31,SPXW,2026-09-11,P,7510.0,7740.4302,4.6,77.0,4.7,26.0,4.79,230.0,260.0,0.1394,-0.0675,0.0008,-1.2238,1.604,-0.142
2026-09-03T17:42:27Z,2026-09-03 17:41:31,SPXW,2026-09-11,C,7515.0,7740.4302,226.2,1.0,246.0,1.0,148.2,0.0,16.0,0.1344,0.9295,0.0008,-1.1513,1.6546,1.9074
2026-09-03T17:42:27Z,2026-09-03 17:41:31,SPXW,2026-09-11,P,7515.0,7740.4302,4.8,49.0,4.9,30.0,5.25,173.0,171.0,0.1384,-0.0704,0.0008,-1.258,1.6546,-0.1481
2026-09-03T17:42:27Z,2026-09-03 17:41:31,SPXW,2026-09-11,C,7520.0,7740.4302,221.3,1.0,241.0,1.0,141.7,0.0,103.0,0.1367,0.9265,0.0009,-1.1889,1.7066,1.9022
2026-09-03T17:42:27Z,2026-09-03 17:41:31,SPXW,2026-09-11,P,7520.0,7740.4302,5.0,173.0,5.2,97.0,5.31,133.0,415.0,0.1373,-0.0734,0.0009,-1.2933,1.7066,-0.1546
2026-09-03T17:42:27Z,2026-09-03 17:41:31,SPXW,2026-09-11,C,7525.0,7740.4302,217.6,1.0,236.2,1.0,187.47,10.0,48.0,0.1389,0.9233,0.0009,-1.2276,1.7599,1.8968
2026-09-03T17:42:27Z,2026-09-03 17:41:31,SPXW,2026-09-11,P,7525.0,7740.4302,5.2,162.0,5.4,85.0,5.45,241.0,1273.0,0.1365,-0.0766,0.0009,-1.3296,1.7599,-0.1614
2026-09-03T17:42:27Z,2026-09-03 17:41:31,SPXW,2026-09-11,C,7530.0,7740.4302,211.4,2.0,230.9,1.0,182.87,4.0,33.0,0.1319,0.92,0.001,-1.2673,1.8146,1.891
2026-09-03T17:42:27Z,2026-09-03 17:41:31,SPXW,2026-09-11,P,7530.0,7740.4302,5.5,53.0,5.6,29.0,5.7,194.0,259.0,0.1356,-0.0799,0.001,-1.367,1.8146,-0.1686
2026-09-03T17:42:27Z,2026-09-03 17:41:31,SPXW,2026-09-11,C,7535.0,7740.4302,207.9,1.0,227.7,1.0,131.4,0.0,30.0,0.1354,0.9165,0.001,-1.308,1.871,1.8849
2026-09-03T17:42:27Z,2026-09-03 17:41:31,SPXW,2026-09-11,P,7535.0,7740.4302,5.7,126.0,5.9,47.0,6.42,71.0,150.0,0.1346,-0.0834,0.001,-1.4055,1.871,-0.176
2026-09-03T17:42:27Z,2026-09-03 17:41:31,SPXW,2026-09-11,C,7540.0,7740.4302,207.8,7.0,217.6,7.0,125.7,0.0,244.0,0.1346,0.9128,0.001,-1.3498,1.9292,1.8786
2026-09-03T17:42:27Z,2026-09-03 17:41:31,SPXW,2026-09-11,P,7540.0,7740.4302,6.0,128.0,6.2,57.0,6.26,291.0,933.0,0.1336,-0.0871,0.001,-1.445,1.9292,-0.1837
2026-09-03T17:42:27Z,2026-09-03 17:41:31,SPXW,2026-09-11,C,7545.0,7740.4302,200.4,1.0,214.1,1.0,121.8,0.0,29.0,0.1307,0.9089,0.0011,-1.3926,1.9896,1.8719
2026-09-03T17:42:27Z,2026-09-03 17:41:31,SPXW,2026-09-11,P,7545.0,7740.4302,6.3,55.0,6.5,55.0,7.6,114.0,137.0,0.1327,-0.091,0.0011,-1.4855,1.9896,-0.1918
2026-09-03T17:42:27Z,2026-09-03 17:41:31,SPXW,2026-09-11,C,7550.0,7740.4302,195.4,1.0,209.1,2.0,209.99,203.0,81.0,0.1285,0.9049,0.0011,-1.4364,2.052,1.8647
2026-09-03T17:42:27Z,2026-09-03 17:41:31,SPXW,2026-09-11,P,7550.0,7740.4302,6.6,78.0,6.8,78.0,6.71,684.0,1734.0,0.1318,-0.095,0.0011,-1.527,2.052,-0.2003
2026-09-03T17:42:27Z,2026-09-03 17:41:31,SPXW,2026-09-11,C,7555.0,7740.4302,191.0,1.0,205.4,1.0,114.4,0.0,18.0,0.1309,0.9007,0.0012,-1.4812,2.116,1.857
2026-09-03T17:42:27Z,2026-09-03 17:41:31,SPXW,2026-09-11,P,7555.0,7740.4302,6.9,121.0,7.1,54.0,7.47,85.0,488.0,0.1308,-0.0992,0.0012,-1.5695,2.116,-0.2094
2026-09-03T17:42:27Z,2026-09-03 17:41:31,SPXW,2026-09-11,C,7560.0,7740.4302,187.1,1.0,199.0,1.0,196.95,6.0,166.0,0.1275,0.8962,0.0012,-1.527,2.1813,1.8488
2026-09-03T17:42:27Z,2026-09-03 17:41:31,SPXW,2026-09-11,P,7560.0,7740.4302,7.3,15.0,7.4,43.0,7.82,466.0,563.0,0.13,-0.1037,0.0012,-1.613,2.1813,-0.219
2026-09-03T17:42:27Z,2026-09-03 17:41:31,SPXW,2026-09-11,C,7565.0,7740.4302,186.1,25.0,192.0,24.0,108.4,0.0,17.0,0.1298,0.8916,0.0012,-1.5738,2.2478,1.8401
2026-09-03T17:42:27Z,2026-09-03 17:41:31,SPXW,2026-09-11,P,7565.0,7740.4302,7.6,48.0,7.8,53.0,8.11,205.0,126.0,0.129,-0.1084,0.0012,-1.6574,2.2478,-0.2291
2026-09-03T17:42:27Z,2026-09-03 17:41:31,SPXW,2026-09-11,C,7570.0,7740.4302,181.5,25.0,187.3,24.0,132.5,0.0,68.0,0.1287,0.8867,0.0013,-1.6214,2.3156,1.831
2026-09-03T17:42:27Z,2026-09-03 17:41:31,SPXW,2026-09-11,P,7570.0,7740.4302,8.0,34.0,8.1,42.0,8.75,153.0,318.0,0.1283,-0.1132,0.0013,-1.7028,2.3156,-0.2395
2026-09-03T17:42:27Z,2026-09-03 17:41:31,SPXW,2026-09-11,C,7575.0,7740.4302,177.0,32.0,182.8,32.0,106.5,0.0,336.0,0.1282,0.8816,0.0013,-1.67,2.3852,1.8216
2026-09-03T17:42:27Z,2026-09-03 17:41:31,SPXW,2026-09-11,P,7575.0,7740.4302,8.4,37.0,8.5,64.0,8.48,903.0,838.0,0.1272,-0.1184,0.0013,-1.749,2.3852,-0.2503
2026-09-03T17:42:27Z,2026-09-03 17:41:31,SPXW,2026-09-11,C,7580.0,7740.4302,172.4,25.0,178.1,24.0,148.37,1.0,32.0,0.127,0.8762,0.0014,-1.7193,2.4568,1.8116
2026-09-03T17:42:27Z,2026-09-03 17:41:31,SPXW,2026-09-11,P,7580.0,7740.4302,8.8,36.0,8.9,38.0,9.1,438.0,744.0,0.1265,-0.1237,0.0014,-1.796,2.4568,-0.2616
2026-09-03T17:42:27Z,2026-09-03 17:41:31,SPXW,2026-09-11,C,7585.0,7740.4302,167.8,25.0,173.6,24.0,116.04,0.0,20.0,0.1262,0.8706,0.0014,-1.7694,2.5305,1.8011
2026-09-03T17:42:27Z,2026-09-03 17:41:31,SPXW,2026-09-11,P,7585.0,7740.4302,9.2,41.0,9.4,42.0,9.46,188.0,183.0,0.1256,-0.1293,0.0014,-1.8438,2.5305,-0.2735
2026-09-03T17:42:27Z,2026-09-03 17:41:31,SPXW,2026-09-11,C,7590.0,7740.4302,163.3,26.0,169.0,25.0,109.57,0.0,62.0,0.1252,0.8647,0.0015,-1.8202,2.6056,1.7898
2026-09-03T17:42:27Z,2026-09-03 17:41:31,SPXW,2026-09-11,P,7590.0,7740.4302,9.7,34.0,9.8,24.0,9.95,212.0,1564.0,0.1247,-0.1352,0.0015,-1.8924,2.6056,-0.2862
2026-09-03T17:42:27Z,2026-09-03 17:41:31,SPXW,2026-09-11,C,7595.0,7740.4302,158.7,26.0,164.6,25.0,136.12,2.0,45.0,0.1244,0.8585,0.0016,-1.8717,2.6817,1.7778
2026-09-03T17:42:27Z,2026-09-03 17:41:31,SPXW,2026-09-11,P,7595.0,7740.4302,10.2,23.0,10.3,35.0,10.37,147.0,277.0,0.1239,-0.1414,0.0016,-1.9415,2.6817,-0.2995
2026-09-03T17:42:27Z,2026-09-03 17:41:31,SPXW,2026-09-11,C,7600.0,7740.4302,154.2,33.0,160.0,33.0,163.99,18.0,446.0,0.1232,0.8521,0.0016,-1.9237,2.7583,1.7653
2026-09-03T17:42:27Z,2026-09-03 17:41:31,SPXW,2026-09-11,P,7600.0,7740.4302,10.7,22.0,10.8,59.0,10.75,1779.0,2390.0,0.123,-0.1478,0.0016,-1.9912,2.7583,-0.3134
2026-09-03T17:42:27Z,2026-09-03 17:41:31,SPXW,2026-09-11,C,7605.0,7740.4302,149.9,26.0,155.5,25.0,115.77,1.0,55.0,0.1225,0.8454,0.0017,-1.9762,2.8358,1.7523
2026-09-03T17:42:27Z,2026-09-03 17:41:31,SPXW,2026-09-11,P,7605.0,7740.4302,11.2,45.0,11.4,48.0,11.5,352.0,937.0,0.1222,-0.1546,0.0017,-2.0414,2.8358,-0.3278
2026-09-03T17:42:27Z,2026-09-03 17:41:31,SPXW,2026-09-11,C,7610.0,7740.4302,145.5,25.0,151.1,25.0,146.99,10.0,108.0,0.1218,0.8383,0.0018,-2.029,2.9147,1.7388
2026-09-03T17:42:27Z,2026-09-03 17:41:31,SPXW,2026-09-11,P,7610.0,7740.4302,11.8,24.0,11.9,23.0,12.3,301.0,596.0,0.1212,-0.1616,0.0018,-2.0919,2.9147,-0.3426
2026-09-03T17:42:27Z,2026-09-03 17:41:31,SPXW,2026-09-11,C,7615.0,7740.4302,141.1,26.0,146.7,26.0,120.23,4.0,61.0,0.1209,0.831,0.0018,-2.0821,2.9954,1.7246
2026-09-03T17:42:27Z,2026-09-03 17:41:31,SPXW,2026-09-11,P,7615.0,7740.4302,12.4,21.0,12.5,33.0,12.71,126.0,170.0,0.1204,-0.169,0.0018,-2.1427,2.9954,-0.3582
2026-09-03T17:42:27Z,2026-09-03 17:41:31,SPXW,2026-09-11,C,7620.0,7740.4302,136.7,26.0,142.3,26.0,143.54,10.0,198.0,0.1199,0.8233,0.0019,-2.1353,3.0773,1.7095
2026-09-03T17:42:27Z,2026-09-03 17:41:31,SPXW,2026-09-11,P,7620.0,7740.4302,13.0,24.0,13.2,46.0,13.4,255.0,511.0,0.1194,-0.1766,0.0019,-2.1936,3.0773,-0.3747
2026-09-03T17:42:27Z,2026-09-03 17:41:31,SPXW,2026-09-11,C,7625.0,7740.4302,132.5,35.0,137.9,35.0,144.23,24.0,200.0,0.1191,0.8152,0.0019,-2.1885,3.1595,1.6934
2026-09-03T17:42:27Z,2026-09-03 17:41:31,SPXW,2026-09-11,P,7625.0,7740.4302,13.7,9.0,13.8,57.0,13.97,385.0,950.0,0.1187,-0.1847,0.0019,-2.2445,3.1595,-0.3921
2026-09-03T17:42:27Z,2026-09-03 17:41:31,SPXW,2026-09-11,C,7630.0,7740.4302,128.2,26.0,133.7,26.0,135.1,7.0,165.0,0.1184,0.8069,0.002,-2.2415,3.2413,1.6767
2026-09-03T17:42:27Z,2026-09-03 17:41:31,SPXW,2026-09-11,P,7630.0,7740.4302,14.4,9.0,14.5,32.0,14.41,343.0,596.0,0.1178,-0.193,0.002,-2.2952,3.2413,-0.4102
2026-09-03T17:42:27Z,2026-09-03 17:41:31,SPXW,2026-09-11,C,7635.0,7740.4302,123.9,27.0,129.4,27.0,94.7,7.0,137.0,0.1174,0.7982,0.0021,-2.2942,3.3227,1.6594
2026-09-03T17:42:27Z,2026-09-03 17:41:31,SPXW,2026-09-11,P,7635.0,7740.4302,15.1,19.0,15.3,46.0,15.3,168.0,336.0,0.1169,-0.2018,0.0021,-2.3456,3.3227,-0.4288
2026-09-03T17:42:27Z,2026-09-03 17:41:31,SPXW,2026-09-11,C,7640.0,7740.4302,119.8,27.0,125.2,27.0,126.62,10.0,179.0,0.1168,0.7891,0.0022,-2.3465,3.4047,1.6416
2026-09-03T17:42:27Z,2026-09-03 17:41:31,SPXW,2026-09-11,P,7640.0,7740.4302,15.9,9.0,16.0,32.0,16.52,227.0,548.0,0.1161,-0.2108,0.0022,-2.3955,3.4047,-0.4481
2026-09-03T17:42:27Z,2026-09-03 17:41:31,SPXW,2026-09-11,C,7645.0,7740.4302,115.6,29.0,121.0,29.0,119.78,12.0,77.0,0.1158,0.7796,0.0022,-2.398,3.4874,1.6228
2026-09-03T17:42:27Z,2026-09-03 17:41:31,SPXW,2026-09-11,P,7645.0,7740.4302,16.6,42.0,16.8,24.0,17.5,510.0,581.0,0.1152,-0.2203,0.0022,-2.4448,3.4874,-0.4682
2026-09-03T17:42:27Z,2026-09-03 17:41:31,SPXW,2026-09-11,C,7650.0,7740.4302,111.5,37.0,116.7,37.0,115.68,205.0,701.0,0.1148,0.7698,0.0023,-2.4487,3.5702,1.6029
2026-09-03T17:42:27Z,2026-09-03 17:41:31,SPXW,2026-09-11,P,7650.0,7740.4302,17.5,61.0,17.7,55.0,17.8,1340.0,6090.0,0.1144,-0.2302,0.0023,-2.4932,3.5702,-0.4895
2026-09-03T17:42:27Z,2026-09-03 17:41:31,SPXW,2026-09-11,C,7655.0,7740.4302,107.4,28.0,112.7,28.0,115.73,10.0,75.0,0.1141,0.7595,0.0024,-2.4983,3.6517,1.582
2026-09-03T17:42:27Z,2026-09-03 17:41:31,SPXW,2026-09-11,P,7655.0,7740.4302,18.4,41.0,18.6,30.0,18.6,162.0,683.0,0.1136,-0.2404,0.0024,-2.5404,3.6517,-0.5117
2026-09-03T17:42:27Z,2026-09-03 17:41:31,SPXW,2026-09-11,C,7660.0,7740.4302,105.0,1.0,107.5,1.0,104.65,128.0,317.0,0.1127,0.7489,0.0024,-2.5465,3.7313,1.5604
2026-09-03T17:42:27Z,2026-09-03 17:41:31,SPXW,2026-09-11,P,7660.0,7740.4302,19.4,16.0,19.5,8.0,19.5,302.0,743.0,0.1127,-0.251,0.0024,-2.5864,3.7313,-0.5347
2026-09-03T17:42:27Z,2026-09-03 17:41:31,SPXW,2026-09-11,C,7665.0,7740.4302,101.0,1.0,103.5,1.0,101.01,43.0,150.0,0.1119,0.7379,0.0025,-2.5933,3.8093,1.5384
2026-09-03T17:42:27Z,2026-09-03 17:41:31,SPXW,2026-09-11,P,7665.0,7740.4302,20.4,16.0,20.5,8.0,20.5,167.0,895.0,0.1119,-0.262,0.0025,-2.6308,3.8093,-0.5581
2026-09-03T17:42:27Z,2026-09-03 17:41:31,SPXW,2026-09-11,C,7670.0,7740.4302,97.0,1.0,99.4,1.0,98.53,44.0,136.0,0.1112,0.7264,0.0026,-2.6382,3.8865,1.5155
2026-09-03T17:42:27Z,2026-09-03 17:41:31,SPXW,2026-09-11,P,7670.0,7740.4302,21.4,39.0,21.6,30.0,21.5,176.0,441.0,0.1112,-0.2735,0.0026,-2.6735,3.8865,-0.5824
2026-09-03T17:42:27Z,2026-09-03 17:41:31,SPXW,2026-09-11,C,7675.0,7740.4302,93.2,1.0,95.4,1.0,94.43,483.0,546.0,0.1103,0.7146,0.0026,-2.6812,3.9627,1.4913
2026-09-03T17:42:27Z,2026-09-03 17:41:31,SPXW,2026-09-11,P,7675.0,7740.4302,22.5,49.0,22.7,58.0,22.72,331.0,2235.0,0.1104,-0.2853,0.0026,-2.7141,3.9627,-0.6079
2026-09-03T17:42:27Z,2026-09-03 17:41:31,SPXW,2026-09-11,C,7680.0,7740.4302,89.3,1.0,91.6,1.0,95.13,193.0,426.0,0.1098,0.7024,0.0027,-2.7218,4.0366,1.466
2026-09-03T17:42:27Z,2026-09-03 17:41:31,SPXW,2026-09-11,P,7680.0,7740.4302,23.7,16.0,23.9,34.0,23.9,340.0,912.0,0.1096,-0.2976,0.0027,-2.7524,4.0366,-0.6346
2026-09-03T17:42:27Z,2026-09-03 17:41:31,SPXW,2026-09-11,C,7685.0,7740.4302,86.6,1.0,86.8,9.0,91.33,46.0,244.0,0.109,0.6897,0.0028,-2.7598,4.1068,1.4399
2026-09-03T17:42:27Z,2026-09-03 17:41:31,SPXW,2026-09-11,P,7685.0,7740.4302,24.9,22.0,25.1,23.0,25.52,424.0,1114.0,0.1089,-0.3102,0.0028,-2.7881,4.1068,-0.6621
2026-09-03T17:42:27Z,2026-09-03 17:41:31,SPXW,2026-09-11,C,7690.0,7740.4302,82.9,3.0,83.1,10.0,81.43,144.0,248.0,0.1082,0.6766,0.0029,-2.795,4.1734,1.4134
2026-09-03T17:42:27Z,2026-09-03 17:41:31,SPXW,2026-09-11,P,7690.0,7740.4302,26.2,20.0,26.4,23.0,26.8,261.0,540.0,0.1081,-0.3233,0.0029,-2.821,4.1734,-0.6899
2026-09-03T17:42:27Z,2026-09-03 17:41:31,SPXW,2026-09-11,C,7695.0,7740.4302,79.2,10.0,79.4,3.0,83.8,274.0,146.0,0.1076,0.6631,0.0029,-2.8272,4.2372,1.386
2026-09-03T17:42:27Z,2026-09-03 17:41:31,SPXW,2026-09-11,P,7695.0,7740.4302,27.6,7.0,27.8,28.0,28.15,194.0,298.0,0.1072,-0.3368,0.0029,-2.8508,4.2372,-0.7186
2026-09-03T17:42:27Z,2026-09-03 17:41:31,SPXW,2026-09-11,C,7700.0,7740.4302,75.7,6.0,75.9,11.0,79.1,790.0,2773.0,0.1068,0.6492,0.003,-2.856,4.2981,1.3574
2026-09-03T17:42:27Z,2026-09-03 17:41:31,SPXW,2026-09-11,P,7700.0,7740.4302,29.0,7.0,29.2,53.0,29.25,2721.0,3090.0,0.1065,-0.3507,0.003,-2.8774,4.2981,-0.7487
2026-09-03T17:42:27Z,2026-09-03 17:41:31,SPXW,2026-09-11,C,7705.0,7740.4302,72.2,1.0,72.4,12.0,73.2,427.0,454.0,0.106,0.635,0.0031,-2.8811,4.3547,1.3275
2026-09-03T17:42:27Z,2026-09-03 17:41:31,SPXW,2026-09-11,P,7705.0,7740.4302,30.5,7.0,30.7,20.0,31.2,552.0,777.0,0.1058,-0.3649,0.0031,-2.9002,4.3547,-0.7799
2026-09-03T17:42:27Z,2026-09-03 17:41:31,SPXW,2026-09-11,C,7710.0,7740.4302,68.7,12.0,69.0,12.0,72.96,286.0,331.0,0.1053,0.6203,0.0031,-2.9023,4.4059,1.2971
2026-09-03T17:42:27Z,2026-09-03 17:41:31,SPXW,2026-09-11,P,7710.0,7740.4302,32.1,7.0,32.2,15.0,32.7,349.0,1360.0,0.105,-0.3796,0.0031,-2.919,4.4059,-0.8117
2026-09-03T17:42:27Z,2026-09-03 17:41:31,SPXW,2026-09-11,C,7715.0,7740.4302,65.4,12.0,65.6,5.0,70.8,260.0,124.0,0.1046,0.6052,0.0032,-2.9194,4.4516,1.2664
2026-09-03T17:42:27Z,2026-09-03 17:41:31,SPXW,2026-09-11,P,7715.0,7740.4302,33.7,15.0,33.9,22.0,34.5,119.0,272.0,0.1044,-0.3947,0.0032,-2.9338,4.4516,-0.8438
2026-09-03T17:42:27Z,2026-09-03 17:41:31,SPXW,2026-09-11,C,7720.0,7740.4302,62.1,17.0,62.3,6.0,62.54,151.0,398.0,0.104,0.5898,0.0032,-2.9321,4.4924,1.2347
2026-09-03T17:42:27Z,2026-09-03 17:41:31,SPXW,2026-09-11,P,7720.0,7740.4302,35.4,15.0,35.6,22.0,35.5,124.0,443.0,0.1037,-0.4101,0.0032,-2.9443,4.4924,-0.8768
2026-09-03T17:42:27Z,2026-09-03 17:41:31,SPXW,2026-09-11,C,7725.0,7740.4302,58.9,17.0,59.1,6.0,59.31,261.0,2419.0,0.1032,0.574,0.0033,-2.9403,4.5278,1.2016
2026-09-03T17:42:27Z,2026-09-03 17:41:31,SPXW,2026-09-11,P,7725.0,7740.4302,37.2,19.0,37.4,22.0,38.0,273.0,1924.0,0.103,-0.4259,0.0033,-2.9502,4.5278,-0.9113
2026-09-03T17:42:27Z,2026-09-03 17:41:31,SPXW,2026-09-11,C,7730.0,7740.4302,55.8,17.0,56.0,6.0,54.9,173.0,315.0,0.1026,0.5579,0.0033,-2.9436,4.5566,1.1678
2026-09-03T17:42:27Z,2026-09-03 17:41:31,SPXW,2026-09-11,P,7730.0,7740.4302,39.1,7.0,39.3,19.0,40.18,78.0,518.0,0.1023,-0.442,0.0033,-2.9511,4.5566,-0.9464
2026-09-03T17:42:27Z,2026-09-03 17:41:31,SPXW,2026-09-11,C,7735.0,7740.4302,52.8,17.0,53.0,6.0,53.4,291.0,282.0,0.102,0.5415,0.0034,-2.9418,4.5784,1.1339
2026-09-03T17:42:27Z,2026-09-03 17:41:31,SPXW,2026-09-11,P,7735.0,7740.4302,41.1,7.0,41.3,26.0,41.7,170.0,145.0,0.1017,-0.4584,0.0034,-2.9471,4.5784,-0.9817
2026-09-03T17:42:27Z,2026-09-03 17:41:31,SPXW,2026-09-11,C,7740.0,7740.4302,49.8,18.0,50.1,17.0,48.9,165.0,269.0,0.1013,0.5248,0.0034,-2.9351,4.5931,1.0996
2026-09-03T17:42:27Z,2026-09-03 17:41:31,SPXW,2026-09-11,P,7740.0,7740.4302,43.1,19.0,43.3,6.0,44.37,167.0,276.0,0.101,-0.4751,0.0034,-2.938,4.5931,-1.0174
2026-09-03T17:42:27Z,2026-09-03 17:41:31,SPXW,2026-09-11,C,7745.0,7740.4302,47.0,18.0,47.2,7.0,47.3,126.0,231.0,0.1006,0.5078,0.0034,-2.9231,4.6007,1.0641
2026-09-03T17:42:27Z,2026-09-03 17:41:31,SPXW,2026-09-11,P,7745.0,7740.4302,45.3,7.0,45.5,24.0,44.57,65.0,88.0,0.1004,-0.4921,0.0034,-2.9238,4.6007,-1.0543
2026-09-03T17:42:27Z,2026-09-03 17:41:31,SPXW,2026-09-11,C,7750.0,7740.4302,44.3,14.0,44.5,19.0,43.5,895.0,2677.0,0.1001,0.4906,0.0034,-2.9057,4.6004,1.0278
2026-09-03T17:42:27Z,2026-09-03 17:41:31,SPXW,2026-09-11,P,7750.0,7740.4302,47.5,19.0,47.7,6.0,48.32,283.0,1244.0,0.0997,-0.5093,0.0034,-2.904,4.6004,-1.092
2026-09-03T17:42:27Z,2026-09-03 17:41:31,SPXW,2026-09-11,C,7755.0,7740.4302,41.6,18.0,41.8,7.0,45.28,283.0,248.0,0.0994,0.4733,0.0035,-2.8828,4.5923,0.9916
2026-09-03T17:42:27Z,2026-09-03 17:41:31,SPXW,2026-09-11,P,7755.0,7740.4302,49.9,6.0,50.1,28.0,48.18,292.0,676.0,0.0992,-0.5266,0.0035,-2.8789,4.5923,-1.1294
2026-09-03T17:42:27Z,2026-09-03 17:41:31,SPXW,2026-09-11,C,7760.0,7740.4302,39.1,6.0,39.3,19.0,38.6,264.0,323.0,0.0989,0.4558,0.0035,-2.8547,4.5761,0.9556
2026-09-03T17:42:27Z,2026-09-03 17:41:31,SPXW,2026-09-11,P,7760.0,7740.4302,52.3,6.0,52.5,17.0,51.52,58.0,135.0,0.0986,-0.5441,0.0035,-2.8484,4.5761,-1.1669
2026-09-03T17:42:27Z,2026-09-03 17:41:31,SPXW,2026-09-11,C,7765.0,7740.4302,36.6,19.0,36.8,7.0,36.8,62.0,319.0,0.0983,0.4382,0.0035,-2.8211,4.5514,0.9187
2026-09-03T17:42:27Z,2026-09-03 17:41:31,SPXW,2026-09-11,P,7765.0,7740.4302,54.8,18.0,55.1,27.0,55.8,21.0,90.0,0.0981,-0.5617,0.0035,-2.8125,4.5514,-1.2051
2026-09-03T17:42:27Z,2026-09-03 17:41:31,SPXW,2026-09-11,C,7770.0,7740.4302,34.2,20.0,34.4,7.0,33.9,119.0,339.0,0.0976,0.4206,0.0035,-2.7822,4.5178,0.8813
2026-09-03T17:42:27Z,2026-09-03 17:41:31,SPXW,2026-09-11,P,7770.0,7740.4302,57.5,6.0,57.7,23.0,57.64,57.0,210.0,0.0975,-0.5794,0.0035,-2.7713,4.5178,-1.2439
2026-09-03T17:42:27Z,2026-09-03 17:41:31,SPXW,2026-09-11,C,7775.0,7740.4302,32.0,14.0,32.2,22.0,32.2,725.0,912.0,0.0973,0.4029,0.0034,-2.7379,4.4761,0.8444
2026-09-03T17:42:27Z,2026-09-03 17:41:31,SPXW,2026-09-11,P,7775.0,7740.4302,60.2,6.0,60.4,23.0,60.4,107.0,911.0,0.0969,-0.597,0.0034,-2.7247,4.4761,-1.2822
2026-09-03T17:42:27Z,2026-09-03 17:41:31,SPXW,2026-09-11,C,7780.0,7740.4302,29.8,27.0,30.0,7.0,29.4,202.0,514.0,0.0967,0.3853,0.0034,-2.6885,4.4268,0.808
2026-09-03T17:42:27Z,2026-09-03 17:41:31,SPXW,2026-09-11,P,7780.0,7740.4302,63.0,5.0,63.2,12.0,63.35,43.0,474.0,0.0965,-0.6146,0.0034,-2.673,4.4268,-1.3199
2026-09-03T17:42:27Z,2026-09-03 17:41:31,SPXW,2026-09-11,C,7785.0,7740.4302,27.7,25.0,27.9,7.0,32.0,129.0,194.0,0.0961,0.3678,0.0034,-2.6343,4.3687,0.7711
2026-09-03T17:42:27Z,2026-09-03 17:41:31,SPXW,2026-09-11,P,7785.0,7740.4302,66.0,5.0,66.2,12.0,64.9,23.0,22.0,0.096,-0.6321,0.0034,-2.6165,4.3687,-1.3582
2026-09-03T17:42:27Z,2026-09-03 17:41:31,SPXW,2026-09-11,C,7790.0,7740.4302,25.7,26.0,25.9,7.0,28.08,196.0,366.0,0.0958,0.3504,0.0034,-2.5752,4.3015,0.7342
2026-09-03T17:42:27Z,2026-09-03 17:41:31,SPXW,2026-09-11,P,7790.0,7740.4302,69.0,4.0,69.2,11.0,69.87,46.0,384.0,0.0955,-0.6495,0.0034,-2.5551,4.3015,-1.3964
2026-09-03T17:42:27Z,2026-09-03 17:41:31,SPXW,2026-09-11,C,7795.0,7740.4302,23.9,19.0,24.0,7.0,24.57,136.0,342.0,0.0953,0.3332,0.0033,-2.5115,4.227,0.6983
2026-09-03T17:42:27Z,2026-09-03 17:41:31,SPXW,2026-09-11,P,7795.0,7740.4302,72.1,3.0,72.3,10.0,69.2,30.0,11.0,0.095,-0.6667,0.0033,-2.4891,4.227,-1.4337
2026-09-03T17:42:27Z,2026-09-03 17:41:31,SPXW,2026-09-11,C,7800.0,7740.4302,22.1,29.0,22.3,21.0,21.6,3450.0,1984.0,0.0948,0.3163,0.0032,-2.4435,4.1462,0.6632
2026-09-03T17:42:27Z,2026-09-03 17:41:31,SPXW,2026-09-11,P,7800.0,7740.4302,75.3,3.0,75.5,10.0,76.2,39.0,494.0,0.0945,-0.6836,0.0032,-2.4188,4.1462,-1.4702
2026-09-03T17:42:27Z,2026-09-03 17:41:31,SPXW,2026-09-11,C,7805.0,7740.4302,20.4,30.0,20.6,21.0,19.83,200.0,213.0,0.0943,0.2996,0.0032,-2.3716,4.0575,0.6278
2026-09-03T17:42:27Z,2026-09-03 17:41:31,SPXW,2026-09-11,P,7805.0,7740.4302,78.6,1.0,78.8,7.0,77.0,9.0,105.0,0.094,-0.7003,0.0032,-2.3446,4.0575,-1.5069
2026-09-03T17:42:27Z,2026-09-03 17:41:31,SPXW,2026-09-11,C,7810.0,7740.4302,18.8,32.0,19.0,21.0,18.7,231.0,334.0,0.0939,0.2832,0.0031,-2.296,3.9606,0.5931
2026-09-03T17:42:27Z,2026-09-03 17:41:31,SPXW,2026-09-11,P,7810.0,7740.4302,82.0,1.0,82.2,7.0,78.85,27.0,145.0,0.0936,-0.7167,0.0031,-2.2667,3.9606,-1.5431
2026-09-03T17:42:27Z,2026-09-03 17:41:31,SPXW,2026-09-11,C,7815.0,7740.4302,17.3,33.0,17.5,24.0,16.95,183.0,151.0,0.0934,0.2672,0.003,-2.217,3.8581,0.5597
2026-09-03T17:42:27Z,2026-09-03 17:41:31,SPXW,2026-09-11,P,7815.0,7740.4302,85.5,1.0,85.7,7.0,90.77,0.0,2.0,0.0932,-0.7327,0.003,-2.1854,3.8581,-1.5778
2026-09-03T17:42:27Z,2026-09-03 17:41:31,SPXW,2026-09-11,C,7820.0,7740.4302,15.9,29.0,16.1,40.0,16.55,1468.0,422.0,0.0931,0.2515,0.003,-2.1351,3.7511,0.527
2026-09-03T17:42:27Z,2026-09-03 17:41:31,SPXW,2026-09-11,P,7820.0,7740.4302,87.7,1.0,90.2,1.0,88.9,14.0,414.0,0.0931,-0.7484,0.003,-2.1012,3.7511,-1.6118
2026-09-03T17:42:27Z,2026-09-03 17:41:31,SPXW,2026-09-11,C,7825.0,7740.4302,14.6,23.0,14.7,8.0,14.25,1103.0,8278.0,0.0928,0.2362,0.0029,-2.0507,3.6378,0.4946
2026-09-03T17:42:27Z,2026-09-03 17:41:31,SPXW,2026-09-11,P,7825.0,7740.4302,90.5,30.0,95.8,30.0,88.58,4.0,123.0,0.093,-0.7637,0.0029,-2.0145,3.6378,-1.6457
2026-09-03T17:42:27Z,2026-09-03 17:41:31,SPXW,2026-09-11,C,7830.0,7740.4302,13.3,44.0,13.5,23.0,13.07,937.0,254.0,0.0924,0.2214,0.0028,-1.9642,3.5182,0.4632
2026-09-03T17:42:27Z,2026-09-03 17:41:31,SPXW,2026-09-11,P,7830.0,7740.4302,94.1,29.0,99.6,29.0,93.6,2.0,85.0,0.0924,-0.7785,0.0028,-1.9256,3.5182,-1.6784
2026-09-03T17:42:27Z,2026-09-03 17:41:31,SPXW,2026-09-11,C,7835.0,7740.4302,12.1,46.0,12.3,25.0,11.95,160.0,291.0,0.0921,0.207,0.0027,-1.876,3.3956,0.4334
2026-09-03T17:42:27Z,2026-09-03 17:41:31,SPXW,2026-09-11,P,7835.0,7740.4302,98.0,29.0,103.4,29.0,104.59,0.0,21.0,0.0922,-0.7929,0.0027,-1.8352,3.3956,-1.7096
2026-09-03T17:42:27Z,2026-09-03 17:41:31,SPXW,2026-09-11,C,7840.0,7740.4302,11.1,27.0,11.2,9.0,10.92,283.0,374.0,0.0917,0.1931,0.0026,-1.7868,3.2705,0.4043
2026-09-03T17:42:27Z,2026-09-03 17:41:31,SPXW,2026-09-11,P,7840.0,7740.4302,101.9,35.0,107.4,35.0,100.85,1.0,486.0,0.0919,-0.8068,0.0026,-1.7436,3.2705,-1.7401
2026-09-03T17:42:27Z,2026-09-03 17:41:31,SPXW,2026-09-11,C,7845.0,7740.4302,10.1,9.0,10.2,25.0,10.3,170.0,293.0,0.0914,0.1798,0.0025,-1.697,3.1412,0.3758
2026-09-03T17:42:27Z,2026-09-03 17:41:31,SPXW,2026-09-11,P,7845.0,7740.4302,105.8,28.0,111.4,28.0,136.22,0.0,8.0,0.0915,-0.8201,0.0025,-1.6515,3.1412,-1.7699
2026-09-03T17:42:27Z,2026-09-03 17:41:31,SPXW,2026-09-11,C,7850.0,7740.4302,9.1,70.0,9.3,54.0,9.08,431.0,1141.0,0.091,0.167,0.0024,-1.607,3.0087,0.3489
2026-09-03T17:42:27Z,2026-09-03 17:41:31,SPXW,2026-09-11,P,7850.0,7740.4302,109.4,25.0,115.4,28.0,112.07,18.0,149.0,0.0913,-0.833,0.0024,-1.5592,3.0087,-1.7982
2026-09-03T17:42:27Z,2026-09-03 17:41:31,SPXW,2026-09-11,C,7855.0,7740.4302,8.2,42.0,8.4,27.0,9.4,79.0,334.0,0.0908,0.1547,0.0023,-1.5174,2.8759,0.3234
2026-09-03T17:42:27Z,2026-09-03 17:41:31,SPXW,2026-09-11,P,7855.0,7740.4302,114.0,25.0,119.6,27.0,115.71,8.0,10.0,0.0909,-0.8452,0.0023,-1.4674,2.8759,-1.825
2026-09-03T17:42:27Z,2026-09-03 17:41:31,SPXW,2026-09-11,C,7860.0,7740.4302,7.4,44.0,7.6,29.0,7.7,339.0,462.0,0.0905,0.143,0.0022,-1.4288,2.7429,0.2986
2026-09-03T17:42:27Z,2026-09-03 17:41:31,SPXW,2026-09-11,P,7860.0,7740.4302,118.1,25.0,123.8,27.0,211.1,0.0,14.0,0.0905,-0.857,0.0022,-1.3765,2.7429,-1.8512
2026-09-03T17:42:27Z,2026-09-03 17:41:31,SPXW,2026-09-11,C,7865.0,7740.4302,6.7,45.0,6.9,33.0,6.65,120.0,196.0,0.0902,0.1318,0.002,-1.3417,2.6086,0.275
2026-09-03T17:42:27Z,2026-09-03 17:41:31,SPXW,2026-09-11,P,7865.0,7740.4302,122.4,25.0,128.1,27.0,0.0,0.0,0.0,0.0904,-0.8681,0.002,-1.287,2.6086,-1.8762
2026-09-03T17:42:27Z,2026-09-03 17:41:31,SPXW,2026-09-11,C,7870.0,7740.4302,6.0,53.0,6.2,36.0,6.46,445.0,1303.0,0.09,0.1213,0.0019,-1.2565,2.4745,0.2532
2026-09-03T17:42:27Z,2026-09-03 17:41:31,SPXW,2026-09-11,P,7870.0,7740.4302,126.3,24.0,132.4,24.0,127.56,3.0,11.0,0.0905,-0.8786,0.0019,-1.1995,2.4745,-1.8994
2026-09-03T17:42:27Z,2026-09-03 17:41:31,SPXW,2026-09-11,C,7875.0,7740.4302,5.4,83.0,5.6,70.0,5.45,160.0,966.0,0.0898,0.1114,0.0018,-1.1736,2.343,0.2324
2026-09-03T17:42:27Z,2026-09-03 17:41:31,SPXW,2026-09-11,P,7875.0,7740.4302,131.1,24.0,136.8,24.0,135.0,2.0,26.0,0.0899,-0.8885,0.0018,-1.1143,2.343,-1.9215
2026-09-03T17:42:27Z,2026-09-03 17:41:31,SPXW,2026-09-11,C,7880.0,7740.4302,4.9,55.0,5.0,38.0,5.23,148.0,488.0,0.0894,0.102,0.0017,-1.0935,2.2135,0.2126
2026-09-03T17:42:27Z,2026-09-03 17:41:31,SPXW,2026-09-11,P,7880.0,7740.4302,135.4,24.0,141.1,24.0,209.47,0.0,18.0,0.0891,-0.8979,0.0017,-1.0319,2.2135,-1.9427
2026-09-03T17:42:27Z,2026-09-03 17:41:31,SPXW,2026-09-11,C,7890.0,7740.4302,3.9,53.0,4.0,37.0,3.9,166.0,440.0,0.0892,0.0852,0.0015,-0.9431,1.9618,0.1775
2026-09-03T17:42:27Z,2026-09-03 17:41:31,SPXW,2026-09-11,P,7890.0,7740.4302,140.8,1.0,154.4,2.0,141.95,6.0,6.0,0.0905,-0.9147,0.0015,-0.8769,1.9618,-1.9805
2026-09-03T17:42:27Z,2026-09-03 17:41:31,SPXW,2026-09-11,C,7900.0,7740.4302,3.1,86.0,3.2,18.0,3.15,401.0,2142.0,0.0889,0.0707,0.0013,-0.8074,1.7271,0.1469
2026-09-03T17:42:27Z,2026-09-03 17:41:31,SPXW,2026-09-11,P,7900.0,7740.4302,150.3,1.0,163.0,1.0,258.14,0.0,57.0,0.0896,-0.9292,0.0013,-0.7366,1.7271,-2.0138
2026-09-03T17:42:27Z,2026-09-03 17:41:31,SPXW,2026-09-11,C,7910.0,7740.4302,2.5,20.0,2.6,61.0,3.06,120.0,1776.0,0.0889,0.0585,0.0011,-0.6878,1.511,0.1215
2026-09-03T17:42:27Z,2026-09-03 17:41:31,SPXW,2026-09-11,P,7910.0,7740.4302,159.9,1.0,172.6,1.0,163.2,3.0,14.0,0.0913,-0.9414,0.0011,-0.6123,1.511,-2.0419
2026-09-03T17:42:27Z,2026-09-03 17:41:31,SPXW,2026-09-11,C,7920.0,7740.4302,1.95,115.0,2.1,120.0,2.5,79.0,1742.0,0.0888,0.0483,0.001,-0.5845,1.3174,0.1
2026-09-03T17:42:27Z,2026-09-03 17:41:31,SPXW,2026-09-11,P,7920.0,7740.4302,169.5,1.0,182.1,1.0,175.91,2.0,6.0,0.0923,-0.9516,0.001,-0.5045,1.3174,-2.0662
2026-09-03T17:42:27Z,2026-09-03 17:41:31,SPXW,2026-09-11,C,7925.0,7740.4302,1.75,101.0,1.85,44.0,1.76,195.0,1366.0,0.089,0.0439,0.0009,-0.5388,1.229,0.091
2026-09-03T17:42:27Z,2026-09-03 17:41:31,SPXW,2026-09-11,P,7925.0,7740.4302,174.3,1.0,187.5,1.0,206.0,50.0,82.0,0.0956,-0.956,0.0009,-0.4565,1.229,-2.0766
2026-09-03T17:42:27Z,2026-09-03 17:41:31,SPXW,2026-09-11,C,7930.0,7740.4302,1.55,207.0,1.65,47.0,1.6,184.0,471.0,0.089,0.04,0.0008,-0.497,1.1464,0.0828
2026-09-03T17:42:27Z,2026-09-03 17:41:31,SPXW,2026-09-11,P,7930.0,7740.4302,177.9,1.0,191.6,1.0,288.91,0.0,34.0,0.0867,-0.96,0.0008,-0.4124,1.1464,-2.0862
2026-09-03T17:42:27Z,2026-09-03 17:41:31,SPXW,2026-09-11,C,7940.0,7740.4302,1.25,209.0,1.35,151.0,1.27,235.0,422.0,0.0895,0.0332,0.0007,-0.4242,0.9985,0.0685
2026-09-03T17:42:27Z,2026-09-03 17:41:31,SPXW,2026-09-11,P,7940.0,7740.4302,188.5,1.0,201.8,1.0,298.84,0.0,34.0,0.0949,-0.9667,0.0007,-0.335,0.9985,-2.1032
2026-09-03T17:42:27Z,2026-09-03 17:41:31,SPXW,2026-09-11,C,7950.0,7740.4302,1.0,310.0,1.1,129.0,1.05,245.0,1671.0,0.09,0.0278,0.0006,-0.3644,0.8722,0.0573
2026-09-03T17:42:27Z,2026-09-03 17:41:31,SPXW,2026-09-11,P,7950.0,7740.4302,198.3,1.0,211.3,1.0,257.97,0.0,3.0,0.0952,-0.9722,0.0006,-0.2706,0.8722,-2.1171
2026-09-03T17:42:27Z,2026-09-03 17:41:31,SPXW,2026-09-11,C,7960.0,7740.4302,0.8,482.0,0.9,71.0,1.2,21.0,577.0,0.0906,0.0234,0.0005,-0.3159,0.7655,0.0482
2026-09-03T17:42:27Z,2026-09-03 17:41:31,SPXW,2026-09-11,P,7960.0,7740.4302,207.7,1.0,221.5,1.0,0.0,0.0,0.0,0.0972,-0.9765,0.0005,-0.2174,0.7655,-2.1289
2026-09-03T17:42:27Z,2026-09-03 17:41:31,SPXW,2026-09-11,C,7970.0,7740.4302,0.65,514.0,0.75,58.0,0.9,96.0,258.0,0.0913,0.02,0.0004,-0.2767,0.6767,0.0411
2026-09-03T17:42:27Z,2026-09-03 17:41:31,SPXW,2026-09-11,P,7970.0,7740.4302,214.9,1.0,232.7,1.0,188.95,0.0,9.0,0.0867,-0.9799,0.0004,-0.1736,0.6763,-2.1388
2026-09-03T17:42:27Z,2026-09-03 17:41:31,SPXW,2026-09-11,C,7975.0,7740.4302,0.6,612.0,0.7,72.0,0.84,125.0,2089.0,0.0921,0.0185,0.0004,-0.2599,0.6375,0.0381
2026-09-03T17:42:27Z,2026-09-03 17:41:31,SPXW,2026-09-11,P,7975.0,7740.4302,219.6,1.0,237.6,1.0,192.45,0.0,1.0,0.0826,-0.9814,0.0004,-0.1547,0.6374,-2.1431
2026-09-03T17:42:27Z,2026-09-03 17:41:31,SPXW,2026-09-11,C,7980.0,7740.4302,0.55,272.0,0.65,150.0,0.75,10.0,957.0,0.0927,0.0172,0.0004,-0.2449,0.6017,0.0354
2026-09-03T17:42:27Z,2026-09-03 17:41:31,SPXW,2026-09-11,P,7980.0,7740.4302,223.5,1.0,244.8,1.0,0.0,0.0,8.0,0.0975,-0.9827,0.0004,-0.1375,0.6019,-2.1472
2026-09-03T17:42:27Z,2026-09-03 17:41:31,SPXW,2026-09-11,C,7990.0,7740.4302,0.5,163.0,0.6,489.0,0.6,68.0,271.0,0.0949,0.0151,0.0003,-0.2199,0.5397,0.0309
2026-09-03T17:42:27Z,2026-09-03 17:41:31,SPXW,2026-09-11,P,7990.0,7740.4302,233.4,1.0,253.0,1.0,0.0,0.0,0.0,0.0,-0.9848,0.0003,-0.1076,0.5397,-2.1545
2026-09-03T17:42:27Z,2026-09-03 17:41:31,SPXW,2026-09-11,C,8000.0,7740.4302,0.45,51.0,0.5,135.0,0.5,112.0,4678.0,0.0963,0.0133,0.0003,-0.1994,0.4878,0.0272
2026-09-03T17:42:27Z,2026-09-03 17:41:31,SPXW,2026-09-11,P,8000.0,7740.4302,248.5,7.0,258.2,7.0,251.2,7.0,2012.0,0.0986,-0.9866,0.0003,-0.0825,0.4878,-2.1609
2026-09-03T17:42:27Z,2026-09-03 17:41:31,SPXW,2026-09-11,C,8010.0,7740.4302,0.4,51.0,0.45,146.0,0.52,18.0,78.0,0.0981,0.0119,0.0003,-0.1827,0.4442,0.0243
2026-09-03T17:42:27Z,2026-09-03 17:41:31,SPXW,2026-09-11,P,8010.0,7740.4302,253.1,1.0,274.0,1.0,0.0,0.0,0.0,0.1142,-0.988,0.0003,-0.0612,0.4442,-2.1665
2026-09-03T17:42:27Z,2026-09-03 17:41:31,SPXW,2026-09-11,C,8020.0,7740.4302,0.35,194.0,0.45,716.0,0.23,1.0,190.0,0.1005,0.0107,0.0002,-0.169,0.4073,0.0219
2026-09-03T17:42:27Z,2026-09-03 17:41:31,SPXW,2026-09-11,P,8020.0,7740.4302,263.2,1.0,284.3,1.0,0.0,0.0,8.0,0.1032,-0.9892,0.0002,-0.0428,0.4073,-2.1717
2026-09-03T17:42:27Z,2026-09-03 17:41:31,SPXW,2026-09-11,C,8025.0,7740.4302,0.35,51.0,0.4,153.0,0.41,25.0,685.0,0.1013,0.0102,0.0002,-0.163,0.3908,0.0208
2026-09-03T17:42:27Z,2026-09-03 17:41:31,SPXW,2026-09-11,P,8025.0,7740.4302,269.5,1.0,287.5,1.0,299.49,0.0,1.0,0.0963,-0.9897,0.0002,-0.0345,0.3908,-2.1741
2026-09-03T17:42:27Z,2026-09-03 17:41:31,SPXW,2026-09-11,C,8030.0,7740.4302,0.3,208.0,0.4,751.0,0.35,30.0,123.0,0.1019,0.0097,0.0002,-0.1575,0.3756,0.0199
2026-09-03T17:42:27Z,2026-09-03 17:41:31,SPXW,2026-09-11,P,8030.0,7740.4302,273.4,1.0,292.6,1.0,0.0,0.0,8.0,0.0,-0.9902,0.0002,-0.0268,0.3756,-2.1764
2026-09-03T17:42:27Z,2026-09-03 17:41:31,SPXW,2026-09-11,C,8040.0,7740.4302,0.3,204.0,0.4,771.0,0.35,46.0,444.0,0.105,0.0089,0.0002,-0.1479,0.3481,0.0181
2026-09-03T17:42:27Z,2026-09-03 17:41:31,SPXW,2026-09-11,P,8040.0,7740.4302,283.9,1.0,304.2,1.0,0.0,0.0,0.0,0.1174,-0.991,0.0002,-0.0125,0.3481,-2.1809
2026-09-03T17:42:27Z,2026-09-03 17:41:31,SPXW,2026-09-11,C,8050.0,7740.4302,0.25,391.0,0.35,801.0,0.3,7.0,380.0,0.1061,0.0082,0.0002,-0.1396,0.3242,0.0167
2026-09-03T17:42:27Z,2026-09-03 17:41:31,SPXW,2026-09-11,P,8050.0,7740.4302,293.6,1.0,312.5,1.0,320.64,0.0,1.0,0.0,-0.9917,0.0002,0.0,0.3242,-2.1851
2026-09-03T17:42:27Z,2026-09-03 17:41:31,SPXW,2026-09-11,C,8060.0,7740.4302,0.25,227.0,0.35,811.0,0.35,3.0,109.0,0.1091,0.0076,0.0002,-0.1324,0.3032,0.0155
2026-09-03T17:42:27Z,2026-09-03 17:41:31,SPXW,2026-09-11,P,8060.0,7740.4302,303.8,1.0,322.5,1.0,0.0,0.0,0.0,0.0,-0.9923,0.0002,0.0,0.3032,-2.189
2026-09-03T17:42:27Z,2026-09-03 17:41:31,SPXW,2026-09-11,C,8070.0,7740.4302,0.25,226.0,0.3,206.0,0.22,6.0,774.0,0.111,0.0071,0.0001,-0.1261,0.2845,0.0144
2026-09-03T17:42:27Z,2026-09-03 17:41:31,SPXW,2026-09-11,P,8070.0,7740.4302,314.3,1.0,334.3,1.0,0.0,0.0,0.0,0.1331,-0.9928,0.0001,0.0,0.2845,-2.1928
2026-09-03T17:42:27Z,2026-09-03 17:41:31,SPXW,2026-09-11,C,8075.0,7740.4302,0.2,409.0,0.3,446.0,0.3,2.0,504.0,0.1113,0.0068,0.0001,-0.1232,0.2759,0.0139
2026-09-03T17:42:27Z,2026-09-03 17:41:31,SPXW,2026-09-11,P,8075.0,7740.4302,319.3,1.0,339.0,1.0,0.0,0.0,0.0,0.132,-0.9931,0.0001,0.0,0.2759,-2.1947
2026-09-03T17:42:27Z,2026-09-03 17:41:31,SPXW,2026-09-11,C,8080.0,7740.4302,0.2,305.0,0.3,845.0,0.1,0.0,42.0,0.1128,0.0066,0.0001,-0.1205,0.2677,0.0134
2026-09-03T17:42:27Z,2026-09-03 17:41:31,SPXW,2026-09-11,P,8080.0,7740.4302,323.0,1.0,344.6,1.0,0.0,0.0,0.0,0.1258,-0.9933,0.0001,0.0,0.2677,-2.1965
2026-09-03T17:42:27Z,2026-09-03 17:41:31,SPXW,2026-09-11,C,8090.0,7740.4302,0.2,245.0,0.3,842.0,0.12,0.0,34.0,0.1157,0.0062,0.0001,-0.1154,0.2525,0.0126
2026-09-03T17:42:27Z,2026-09-03 17:41:31,SPXW,2026-09-11,P,8090.0,7740.4302,333.2,1.0,352.8,1.0,0.0,0.0,0.0,0.0,-0.9937,0.0001,0.0,0.2525,-2.2002
2026-09-03T17:42:27Z,2026-09-03 17:41:31,SPXW,2026-09-11,C,8100.0,7740.4302,0.2,234.0,0.3,972.0,0.25,33.0,1061.0,0.1186,0.0058,0.0001,-0.1109,0.2387,0.0118
2026-09-03T17:42:27Z,2026-09-03 17:41:31,SPXW,2026-09-11,P,8100.0,7740.4302,343.0,1.0,364.2,1.0,0.0,0.0,0.0,0.1266,-0.9941,0.0001,0.0,0.2387,-2.2037
2026-09-03T17:42:27Z,2026-09-03 17:41:31,SPXW,2026-09-11,C,8125.0,7740.4302,0.2,173.0,0.25,524.0,0.25,10.0,2951.0,0.1244,0.005,0.0001,-0.101,0.2092,0.0102
2026-09-03T17:42:27Z,2026-09-03 17:41:31,SPXW,2026-09-11,P,8125.0,7740.4302,367.9,1.0,389.2,1.0,443.13,0.0,1.0,0.1334,-0.9949,0.0001,0.0,0.2092,-2.2121
2026-09-03T17:42:27Z,2026-09-03 17:41:31,SPXW,2026-09-11,C,8150.0,7740.4302,0.15,357.0,0.25,919.0,0.15,6.0,1263.0,0.1299,0.0044,0.0001,-0.0929,0.1851,0.0089
2026-09-03T17:42:27Z,2026-09-03 17:41:31,SPXW,2026-09-11,P,8150.0,7740.4302,393.6,1.0,414.6,1.0,0.0,0.0,0.0,0.1577,-0.9955,0.0001,0.0,0.1851,-2.2202
2026-09-03T17:42:27Z,2026-09-03 17:41:31,SPXW,2026-09-11,C,8175.0,7740.4302,0.15,242.0,0.25,882.0,0.2,15.0,225.0,0.1368,0.0039,0.0001,-0.086,0.1651,0.0078
2026-09-03T17:42:27Z,2026-09-03 17:41:31,SPXW,2026-09-11,P,8175.0,7740.4302,418.0,1.0,437.2,1.0,0.0,0.0,0.0,0.0,-0.996,0.0001,0.0,0.1651,-2.2281
2026-09-03T17:42:27Z,2026-09-03 17:41:31,SPXW,2026-09-11,C,8200.0,7740.4302,0.15,180.0,0.2,488.0,0.1,20.0,580.0,0.1418,0.0034,0.0001,-0.08,0.1482,0.007
2026-09-03T17:42:27Z,2026-09-03 17:41:31,SPXW,2026-09-11,P,8200.0,7740.4302,443.0,1.0,462.2,1.0,428.91,0.0,1.0,0.0,-0.9965,0.0001,0.0,0.1482,-2.2358
2026-09-03T17:42:27Z,2026-09-03 17:41:31,SPXW,2026-09-11,C,8225.0,7740.4302,0.1,706.0,0.2,556.0,0.15,0.0,796.0,0.1464,0.0031,0.0001,-0.0748,0.1338,0.0062
2026-09-03T17:42:27Z,2026-09-03 17:41:31,SPXW,2026-09-11,P,8225.0,7740.4302,467.7,1.0,487.1,1.0,0.0,0.0,0.0,0.0,-0.9968,0.0001,0.0,0.1338,-2.2434
2026-09-03T17:42:27Z,2026-09-03 17:41:31,SPXW,2026-09-11,C,8250.0,7740.4302,0.1,492.0,0.2,888.0,0.1,1.0,689.0,0.153,0.0028,0.0,-0.0702,0.1214,0.0056
2026-09-03T17:42:27Z,2026-09-03 17:41:31,SPXW,2026-09-11,P,8250.0,7740.4302,492.9,1.0,514.2,1.0,478.98,0.0,4.0,0.1766,-0.9971,0.0,0.0,0.1214,-2.2508
2026-09-03T17:42:27Z,2026-09-03 17:41:31,SPXW,2026-09-11,C,8275.0,7740.4302,0.1,263.0,0.2,1047.0,0.15,0.0,139.0,0.1596,0.0025,0.0,-0.0661,0.1106,0.0051
2026-09-03T17:42:27Z,2026-09-03 17:41:31,SPXW,2026-09-11,P,8275.0,7740.4302,518.9,1.0,537.0,1.0,0.0,0.0,0.0,0.0,-0.9974,0.0,0.0,0.1106,-2.2582
2026-09-03T17:42:27Z,2026-09-03 17:41:31,SPXW,2026-09-11,C,8300.0,7740.4302,0.1,217.0,0.15,283.0,0.1,1.0,1188.0,0.1634,0.0023,0.0,-0.0624,0.1013,0.0046
2026-09-03T17:42:27Z,2026-09-03 17:41:31,SPXW,2026-09-11,P,8300.0,7740.4302,542.6,1.0,562.0,1.0,529.35,0.0,3.0,0.0,-0.9976,0.0,0.0,0.1013,-2.2655
2026-09-03T17:42:27Z,2026-09-03 17:41:31,SPXW,2026-09-11,C,8325.0,7740.4302,0.05,922.0,0.15,276.0,0.1,0.0,1001.0,0.1664,0.0021,0.0,-0.059,0.093,0.0042
2026-09-03T17:42:27Z,2026-09-03 17:41:31,SPXW,2026-09-11,P,8325.0,7740.4302,567.6,1.0,589.1,1.0,0.0,0.0,0.0,0.1938,-0.9978,0.0,0.0,0.093,-2.2727
2026-09-03T17:42:27Z,2026-09-03 17:41:31,SPXW,2026-09-11,C,8350.0,7740.4302,0.05,767.0,0.15,375.0,0.1,51.0,2659.0,0.1727,0.0019,0.0,-0.056,0.0857,0.0039
2026-09-03T17:42:27Z,2026-09-03 17:41:31,SPXW,2026-09-11,P,8350.0,7740.4302,592.8,1.0,611.8,1.0,0.0,0.0,0.0,0.0,-0.998,0.0,0.0,0.0857,-2.2799
2026-09-03T17:42:27Z,2026-09-03 17:41:31,SPXW,2026-09-11,C,8375.0,7740.4302,0.05,676.0,0.15,462.0,0.35,0.0,1.0,0.1789,0.0018,0.0,-0.0532,0.0792,0.0035
2026-09-03T17:42:27Z,2026-09-03 17:41:31,SPXW,2026-09-11,P,8375.0,7740.4302,617.7,1.0,637.4,1.0,0.0,0.0,0.0,0.0,-0.9981,0.0,0.0,0.0792,-2.2871
2026-09-03T17:42:27Z,2026-09-03 17:41:31,SPXW,2026-09-11,C,8400.0,7740.4302,0.05,612.0,0.15,721.0,0.1,1.0,2932.0,0.1851,0.0016,0.0,-0.0507,0.0734,0.0033
2026-09-03T17:42:27Z,2026-09-03 17:41:31,SPXW,2026-09-11,P,8400.0,7740.4302,642.5,1.0,661.8,1.0,0.0,0.0,0.0,0.0,-0.9983,0.0,0.0,0.0734,-2.2942
2026-09-03T17:42:27Z,2026-09-03 17:41:31,SPXW,2026-09-11,C,8450.0,7740.4302,0.05,391.0,0.1,173.0,0.05,1.0,109.0,0.1927,0.0014,0.0,-0.0461,0.0635,0.0028
2026-09-03T17:42:27Z,2026-09-03 17:41:31,SPXW,2026-09-11,P,8450.0,7740.4302,693.2,1.0,711.8,1.0,753.64,0.0,19.0,0.0,-0.9985,0.0,0.0,0.0635,-2.3083
2026-09-03T17:42:27Z,2026-09-03 17:41:31,SPXW,2026-09-11,C,8500.0,7740.4302,0.05,87.0,0.1,196.0,0.1,1.0,42.0,0.2046,0.0012,0.0,-0.0421,0.0553,0.0024
2026-09-03T17:42:27Z,2026-09-03 17:41:31,SPXW,2026-09-11,P,8500.0,7740.4302,742.9,1.0,761.5,1.0,807.13,0.0,20.0,0.0,-0.9987,0.0,0.0,0.0553,-2.3224
