fetched_utc,quote_utc,root,expiry,type,strike,spot,bid,bid_size,ask,ask_size,last,volume,open_interest,iv,delta,gamma,theta,vega,rho
2026-09-23T17:54:02Z,2026-09-23 03:56:05,SPXW,2026-09-23,C,6990.0,7764.6401,754.9,25.0,798.6,25.0,0.0,0.0,0.0,0.0,0.9996,0.0,-0.025,0.0051,0.0
2026-09-23T17:54:02Z,2026-09-23 03:56:05,SPXW,2026-09-23,P,6990.0,7764.6401,0.0,0.0,0.05,457.0,0.15,0.0,224.0,0.739,-0.0004,0.0,-0.025,0.0051,0.0
2026-09-23T17:54:02Z,2026-09-23 03:56:05,SPXW,2026-09-23,C,7000.0,7764.6401,744.9,25.0,788.6,25.0,625.57,0.0,3.0,0.0,0.9996,0.0,-0.025,0.0052,0.0
2026-09-23T17:54:02Z,2026-09-23 03:56:05,SPXW,2026-09-23,P,7000.0,7764.6401,0.0,0.0,0.05,453.0,0.05,1132.0,7163.0,0.7296,-0.0004,0.0,-0.025,0.0052,0.0
2026-09-23T17:54:02Z,2026-09-23 03:56:05,SPXW,2026-09-23,C,7010.0,7764.6401,734.9,25.0,778.6,25.0,0.0,0.0,0.0,0.0,0.9996,0.0,-0.025,0.0052,0.0
2026-09-23T17:54:02Z,2026-09-23 03:56:05,SPXW,2026-09-23,P,7010.0,7764.6401,0.0,0.0,0.05,444.0,0.05,10.0,14.0,0.7204,-0.0004,0.0,-0.025,0.0052,0.0
2026-09-23T17:54:02Z,2026-09-23 03:56:05,SPXW,2026-09-23,C,7020.0,7764.6401,725.0,1.0,768.6,25.0,0.0,0.0,0.0,0.0,0.9996,0.0,-0.025,0.0053,0.0
2026-09-23T17:54:02Z,2026-09-23 03:56:05,SPXW,2026-09-23,P,7020.0,7764.6401,0.0,0.0,0.05,440.0,0.45,0.0,22.0,0.7111,-0.0004,0.0,-0.025,0.0053,0.0
2026-09-23T17:54:02Z,2026-09-23 03:56:05,SPXW,2026-09-23,C,7025.0,7764.6401,719.9,25.0,763.6,25.0,0.0,0.0,0.0,0.0,0.9996,0.0,-0.025,0.0054,0.0
2026-09-23T17:54:02Z,2026-09-23 03:56:05,SPXW,2026-09-23,P,7025.0,7764.6401,0.0,0.0,0.05,449.0,0.05,66.0,682.0,0.7064,-0.0004,0.0,-0.025,0.0054,0.0
2026-09-23T17:54:02Z,2026-09-23 03:56:05,SPXW,2026-09-23,C,7030.0,7764.6401,714.9,25.0,758.6,25.0,0.0,0.0,0.0,0.0,0.9996,0.0,-0.025,0.0054,0.0
2026-09-23T17:54:02Z,2026-09-23 03:56:05,SPXW,2026-09-23,P,7030.0,7764.6401,0.0,0.0,0.05,140.0,0.45,0.0,53.0,0.7018,-0.0004,0.0,-0.025,0.0054,0.0
2026-09-23T17:54:02Z,2026-09-23 03:56:05,SPXW,2026-09-23,C,7040.0,7764.6401,704.9,25.0,748.6,25.0,0.0,0.0,0.0,0.0,0.9996,0.0,-0.025,0.0054,0.0
2026-09-23T17:54:02Z,2026-09-23 03:56:05,SPXW,2026-09-23,P,7040.0,7764.6401,0.0,0.0,0.05,139.0,0.15,0.0,55.0,0.6925,-0.0004,0.0,-0.025,0.0054,0.0
2026-09-23T17:54:02Z,2026-09-23 03:56:05,SPXW,2026-09-23,C,7050.0,7764.6401,694.9,25.0,738.6,25.0,627.58,0.0,5.0,0.0,0.9996,0.0,-0.025,0.0055,0.0
2026-09-23T17:54:02Z,2026-09-23 03:56:05,SPXW,2026-09-23,P,7050.0,7764.6401,0.0,0.0,0.05,64.0,0.05,63.0,1705.0,0.6832,-0.0004,0.0,-0.025,0.0055,0.0
2026-09-23T17:54:02Z,2026-09-23 03:56:05,SPXW,2026-09-23,C,7060.0,7764.6401,684.9,25.0,728.6,25.0,0.0,0.0,0.0,0.0,0.9995,0.0,-0.025,0.0056,0.0
2026-09-23T17:54:02Z,2026-09-23 03:56:05,SPXW,2026-09-23,P,7060.0,7764.6401,0.0,0.0,0.05,63.0,0.15,0.0,38.0,0.674,-0.0005,0.0,-0.025,0.0056,0.0
2026-09-23T17:54:02Z,2026-09-23 03:56:05,SPXW,2026-09-23,C,7070.0,7764.6401,674.9,25.0,718.6,25.0,0.0,0.0,0.0,0.0,0.9995,0.0,-0.025,0.0057,0.0
2026-09-23T17:54:02Z,2026-09-23 03:56:05,SPXW,2026-09-23,P,7070.0,7764.6401,0.0,0.0,0.05,63.0,0.15,0.0,30.0,0.6642,-0.0005,0.0,-0.025,0.0057,0.0
2026-09-23T17:54:02Z,2026-09-23 03:56:05,SPXW,2026-09-23,C,7075.0,7764.6401,669.9,25.0,713.6,25.0,0.0,0.0,0.0,0.0,0.9995,0.0,-0.025,0.0057,0.0
2026-09-23T17:54:02Z,2026-09-23 03:56:05,SPXW,2026-09-23,P,7075.0,7764.6401,0.0,0.0,0.05,62.0,0.15,0.0,620.0,0.6596,-0.0005,0.0,-0.025,0.0057,0.0
2026-09-23T17:54:02Z,2026-09-23 03:56:05,SPXW,2026-09-23,C,7080.0,7764.6401,664.9,25.0,708.6,25.0,0.0,0.0,0.0,0.0,0.9995,0.0,-0.025,0.0057,0.0
2026-09-23T17:54:02Z,2026-09-23 03:56:05,SPXW,2026-09-23,P,7080.0,7764.6401,0.0,0.0,0.05,62.0,0.05,12.0,142.0,0.655,-0.0005,0.0,-0.025,0.0058,0.0
2026-09-23T17:54:02Z,2026-09-23 03:56:05,SPXW,2026-09-23,C,7090.0,7764.6401,654.9,26.0,698.6,25.0,0.0,0.0,0.0,0.0,0.9995,0.0,-0.025,0.0058,0.0
2026-09-23T17:54:02Z,2026-09-23 03:56:05,SPXW,2026-09-23,P,7090.0,7764.6401,0.0,0.0,0.05,62.0,0.15,0.0,39.0,0.6462,-0.0005,0.0,-0.025,0.0058,0.0
2026-09-23T17:54:02Z,2026-09-23 03:56:05,SPXW,2026-09-23,C,7100.0,7764.6401,644.9,25.0,688.6,25.0,541.53,0.0,25.0,0.0,0.9995,0.0,-0.025,0.0059,0.0
2026-09-23T17:54:02Z,2026-09-23 03:56:05,SPXW,2026-09-23,P,7100.0,7764.6401,0.0,0.0,0.05,62.0,0.15,0.0,3398.0,0.6369,-0.0005,0.0,-0.025,0.0059,0.0
2026-09-23T17:54:02Z,2026-09-23 03:56:05,SPXW,2026-09-23,C,7105.0,7764.6401,639.9,25.0,683.6,25.0,655.68,1.0,1.0,0.0,0.9995,0.0,-0.025,0.006,0.0
2026-09-23T17:54:02Z,2026-09-23 03:56:05,SPXW,2026-09-23,P,7105.0,7764.6401,0.0,0.0,0.05,61.0,0.15,0.0,6.0,0.6323,-0.0005,0.0,-0.025,0.006,0.0
2026-09-23T17:54:02Z,2026-09-23 03:56:05,SPXW,2026-09-23,C,7110.0,7764.6401,634.9,25.0,678.6,25.0,0.0,0.0,0.0,0.0,0.9995,0.0,-0.025,0.006,0.0
2026-09-23T17:54:02Z,2026-09-23 03:56:05,SPXW,2026-09-23,P,7110.0,7764.6401,0.0,0.0,0.05,61.0,0.15,0.0,1101.0,0.6277,-0.0005,0.0,-0.025,0.006,0.0
2026-09-23T17:54:02Z,2026-09-23 03:56:05,SPXW,2026-09-23,C,7115.0,7764.6401,630.0,1.0,673.6,25.0,0.0,0.0,0.0,0.0,0.9995,0.0,-0.025,0.006,0.0
2026-09-23T17:54:02Z,2026-09-23 03:56:05,SPXW,2026-09-23,P,7115.0,7764.6401,0.0,0.0,0.05,60.0,0.2,0.0,12.0,0.6231,-0.0005,0.0,-0.025,0.006,0.0
2026-09-23T17:54:02Z,2026-09-23 03:56:05,SPXW,2026-09-23,C,7120.0,7764.6401,624.9,26.0,668.6,25.0,0.0,0.0,0.0,0.0,0.9995,0.0,-0.025,0.0061,0.0
2026-09-23T17:54:02Z,2026-09-23 03:56:05,SPXW,2026-09-23,P,7120.0,7764.6401,0.0,0.0,0.05,60.0,0.2,0.0,3145.0,0.6185,-0.0005,0.0,-0.025,0.0061,0.0
2026-09-23T17:54:02Z,2026-09-23 03:56:05,SPXW,2026-09-23,C,7125.0,7764.6401,619.9,25.0,663.6,25.0,0.0,0.0,0.0,0.0,0.9995,0.0,-0.025,0.0061,0.0
2026-09-23T17:54:02Z,2026-09-23 03:56:05,SPXW,2026-09-23,P,7125.0,7764.6401,0.0,0.0,0.05,60.0,0.07,7.0,335.0,0.6138,-0.0005,0.0,-0.025,0.0061,0.0
2026-09-23T17:54:02Z,2026-09-23 03:56:05,SPXW,2026-09-23,C,7130.0,7764.6401,614.9,25.0,658.6,25.0,0.0,0.0,0.0,0.0,0.9995,0.0,-0.025,0.0062,0.0
2026-09-23T17:54:02Z,2026-09-23 03:56:05,SPXW,2026-09-23,P,7130.0,7764.6401,0.0,0.0,0.05,60.0,0.1,167.0,69.0,0.6092,-0.0005,0.0,-0.025,0.0062,0.0
2026-09-23T17:54:02Z,2026-09-23 03:56:05,SPXW,2026-09-23,C,7135.0,7764.6401,609.9,26.0,653.6,25.0,0.0,0.0,0.0,0.0,0.9995,0.0,-0.025,0.0062,0.0
2026-09-23T17:54:02Z,2026-09-23 03:56:05,SPXW,2026-09-23,P,7135.0,7764.6401,0.0,0.0,0.05,60.0,0.07,40.0,18.0,0.6046,-0.0005,0.0,-0.025,0.0062,0.0
2026-09-23T17:54:02Z,2026-09-23 03:56:05,SPXW,2026-09-23,C,7140.0,7764.6401,604.9,25.0,648.6,25.0,0.0,0.0,0.0,0.0,0.9995,0.0,-0.025,0.0062,0.0
2026-09-23T17:54:02Z,2026-09-23 03:56:05,SPXW,2026-09-23,P,7140.0,7764.6401,0.0,0.0,0.05,60.0,0.07,21.0,97.0,0.6,-0.0005,0.0,-0.025,0.0062,0.0
2026-09-23T17:54:02Z,2026-09-23 03:56:05,SPXW,2026-09-23,C,7145.0,7764.6401,599.9,25.0,643.6,25.0,617.69,1.0,1.0,0.0,0.9995,0.0,-0.025,0.0063,0.0
2026-09-23T17:54:02Z,2026-09-23 03:56:05,SPXW,2026-09-23,P,7145.0,7764.6401,0.0,0.0,0.05,59.0,0.07,4.0,7.0,0.5954,-0.0005,0.0,-0.025,0.0063,0.0
2026-09-23T17:54:02Z,2026-09-23 03:56:05,SPXW,2026-09-23,C,7150.0,7764.6401,594.9,25.0,638.6,25.0,491.48,0.0,20.0,0.0,0.9995,0.0,-0.025,0.0064,0.0
2026-09-23T17:54:02Z,2026-09-23 03:56:05,SPXW,2026-09-23,P,7150.0,7764.6401,0.0,0.0,0.05,59.0,0.1,213.0,1396.0,0.5908,-0.0005,0.0,-0.025,0.0064,0.0
2026-09-23T17:54:02Z,2026-09-23 03:56:05,SPXW,2026-09-23,C,7155.0,7764.6401,589.9,26.0,633.6,25.0,0.0,0.0,0.0,0.0,0.9995,0.0,-0.025,0.0064,0.0
2026-09-23T17:54:02Z,2026-09-23 03:56:05,SPXW,2026-09-23,P,7155.0,7764.6401,0.0,0.0,0.05,59.0,0.2,0.0,82.0,0.5861,-0.0005,0.0,-0.025,0.0064,0.0
2026-09-23T17:54:02Z,2026-09-23 03:56:05,SPXW,2026-09-23,C,7160.0,7764.6401,584.9,25.0,628.6,25.0,0.0,0.0,0.0,0.0,0.9995,0.0,-0.025,0.0064,0.0
2026-09-23T17:54:02Z,2026-09-23 03:56:05,SPXW,2026-09-23,P,7160.0,7764.6401,0.0,0.0,0.05,58.0,0.07,23.0,219.0,0.5815,-0.0005,0.0,-0.025,0.0064,0.0
2026-09-23T17:54:02Z,2026-09-23 03:56:05,SPXW,2026-09-23,C,7165.0,7764.6401,579.9,26.0,623.6,25.0,0.0,0.0,0.0,0.0,0.9995,0.0,-0.025,0.0065,0.0
2026-09-23T17:54:02Z,2026-09-23 03:56:05,SPXW,2026-09-23,P,7165.0,7764.6401,0.0,0.0,0.05,58.0,0.07,5.0,6.0,0.5769,-0.0005,0.0,-0.025,0.0065,0.0
2026-09-23T17:54:02Z,2026-09-23 03:56:05,SPXW,2026-09-23,C,7170.0,7764.6401,574.9,25.0,618.6,25.0,0.0,0.0,0.0,0.0,0.9995,0.0,-0.025,0.0065,0.0
2026-09-23T17:54:02Z,2026-09-23 03:56:05,SPXW,2026-09-23,P,7170.0,7764.6401,0.0,0.0,0.05,58.0,0.07,6.0,220.0,0.5723,-0.0005,0.0,-0.025,0.0065,0.0
2026-09-23T17:54:02Z,2026-09-23 03:56:05,SPXW,2026-09-23,C,7175.0,7764.6401,569.9,25.0,613.6,25.0,550.78,0.0,4.0,0.0,0.9995,0.0,-0.025,0.0066,0.0
2026-09-23T17:54:02Z,2026-09-23 03:56:05,SPXW,2026-09-23,P,7175.0,7764.6401,0.0,0.0,0.05,58.0,0.1,2.0,564.0,0.5677,-0.0005,0.0,-0.025,0.0066,0.0
2026-09-23T17:54:02Z,2026-09-23 03:56:05,SPXW,2026-09-23,C,7180.0,7764.6401,564.9,25.0,608.6,25.0,573.76,0.0,1.0,0.0,0.9995,0.0,-0.025,0.0066,0.0
2026-09-23T17:54:02Z,2026-09-23 03:56:05,SPXW,2026-09-23,P,7180.0,7764.6401,0.0,0.0,0.05,58.0,0.07,1.0,124.0,0.5631,-0.0005,0.0,-0.025,0.0066,0.0
2026-09-23T17:54:02Z,2026-09-23 03:56:05,SPXW,2026-09-23,C,7185.0,7764.6401,559.9,25.0,603.6,25.0,0.0,0.0,0.0,0.0,0.9994,0.0,-0.025,0.0067,0.0
2026-09-23T17:54:02Z,2026-09-23 03:56:05,SPXW,2026-09-23,P,7185.0,7764.6401,0.0,0.0,0.05,57.0,0.2,0.0,203.0,0.5585,-0.0006,0.0,-0.025,0.0067,0.0
2026-09-23T17:54:02Z,2026-09-23 03:56:05,SPXW,2026-09-23,C,7190.0,7764.6401,554.9,25.0,598.6,25.0,0.0,0.0,0.0,0.0,0.9994,0.0,-0.025,0.0068,0.0
2026-09-23T17:54:02Z,2026-09-23 03:56:05,SPXW,2026-09-23,P,7190.0,7764.6401,0.0,0.0,0.05,57.0,0.2,0.0,188.0,0.5539,-0.0006,0.0,-0.025,0.0068,0.0
2026-09-23T17:54:02Z,2026-09-23 03:56:05,SPXW,2026-09-23,C,7195.0,7764.6401,549.9,25.0,593.6,25.0,0.0,0.0,0.0,0.0,0.9994,0.0,-0.025,0.0068,0.0
2026-09-23T17:54:02Z,2026-09-23 03:56:05,SPXW,2026-09-23,P,7195.0,7764.6401,0.0,0.0,0.05,57.0,0.2,0.0,7.0,0.5493,-0.0006,0.0,-0.025,0.0068,0.0
2026-09-23T17:54:02Z,2026-09-23 03:56:05,SPXW,2026-09-23,C,7200.0,7764.6401,545.4,1.0,588.6,25.0,551.0,0.0,6.0,0.0,0.9994,0.0,-0.025,0.0069,0.0
2026-09-23T17:54:02Z,2026-09-23 03:56:05,SPXW,2026-09-23,P,7200.0,7764.6401,0.0,0.0,0.05,56.0,0.07,117.0,972.0,0.5447,-0.0006,0.0,-0.025,0.0069,0.0
2026-09-23T17:54:02Z,2026-09-23 03:56:05,SPXW,2026-09-23,C,7205.0,7764.6401,539.9,25.0,583.6,25.0,0.0,0.0,0.0,0.0,0.9994,0.0,-0.025,0.0069,0.0
2026-09-23T17:54:02Z,2026-09-23 03:56:05,SPXW,2026-09-23,P,7205.0,7764.6401,0.0,0.0,0.05,56.0,0.2,0.0,79.0,0.5401,-0.0006,0.0,-0.025,0.0069,0.0
2026-09-23T17:54:02Z,2026-09-23 03:56:05,SPXW,2026-09-23,C,7210.0,7764.6401,534.9,25.0,578.6,25.0,0.0,0.0,12.0,0.0,0.9994,0.0,-0.025,0.007,0.0
2026-09-23T17:54:02Z,2026-09-23 03:56:05,SPXW,2026-09-23,P,7210.0,7764.6401,0.0,0.0,0.05,56.0,0.07,1.0,48.0,0.5355,-0.0006,0.0,-0.025,0.007,0.0
2026-09-23T17:54:02Z,2026-09-23 03:56:05,SPXW,2026-09-23,C,7215.0,7764.6401,529.9,25.0,573.6,25.0,0.0,0.0,0.0,0.0,0.9994,0.0,-0.025,0.007,0.0
2026-09-23T17:54:02Z,2026-09-23 03:56:05,SPXW,2026-09-23,P,7215.0,7764.6401,0.0,0.0,0.05,55.0,0.15,4.0,32.0,0.5309,-0.0006,0.0,-0.025,0.007,0.0
2026-09-23T17:54:02Z,2026-09-23 03:56:05,SPXW,2026-09-23,C,7220.0,7764.6401,524.9,25.0,568.6,25.0,0.0,0.0,0.0,0.0,0.9994,0.0,-0.025,0.0071,0.0
2026-09-23T17:54:02Z,2026-09-23 03:56:05,SPXW,2026-09-23,P,7220.0,7764.6401,0.0,0.0,0.05,55.0,0.07,48.0,74.0,0.5263,-0.0006,0.0,-0.025,0.0071,0.0
2026-09-23T17:54:02Z,2026-09-23 03:56:05,SPXW,2026-09-23,C,7225.0,7764.6401,520.1,1.0,563.6,25.0,527.84,0.0,6.0,0.0,0.9994,0.0,-0.025,0.0072,0.0
2026-09-23T17:54:02Z,2026-09-23 03:56:05,SPXW,2026-09-23,P,7225.0,7764.6401,0.0,0.0,0.05,55.0,0.07,76.0,419.0,0.5217,-0.0006,0.0,-0.025,0.0072,0.0
2026-09-23T17:54:02Z,2026-09-23 03:56:05,SPXW,2026-09-23,C,7230.0,7764.6401,514.9,25.0,558.6,25.0,0.0,0.0,0.0,0.0,0.9994,0.0,-0.025,0.0072,0.0
2026-09-23T17:54:02Z,2026-09-23 03:56:05,SPXW,2026-09-23,P,7230.0,7764.6401,0.0,0.0,0.05,55.0,0.08,8.0,2180.0,0.5171,-0.0006,0.0,-0.025,0.0072,0.0
2026-09-23T17:54:02Z,2026-09-23 03:56:05,SPXW,2026-09-23,C,7235.0,7764.6401,509.9,25.0,553.6,25.0,0.0,0.0,0.0,0.0,0.9994,0.0,-0.025,0.0073,0.0
2026-09-23T17:54:02Z,2026-09-23 03:56:05,SPXW,2026-09-23,P,7235.0,7764.6401,0.0,0.0,0.05,55.0,0.1,100.0,17.0,0.5125,-0.0006,0.0,-0.025,0.0073,0.0
2026-09-23T17:54:02Z,2026-09-23 03:56:05,SPXW,2026-09-23,C,7240.0,7764.6401,504.9,25.0,548.6,25.0,0.0,0.0,0.0,0.0,0.9994,0.0,-0.025,0.0073,0.0
2026-09-23T17:54:02Z,2026-09-23 03:56:05,SPXW,2026-09-23,P,7240.0,7764.6401,0.0,0.0,0.05,54.0,0.07,3.0,250.0,0.5079,-0.0006,0.0,-0.025,0.0073,0.0
2026-09-23T17:54:02Z,2026-09-23 03:56:05,SPXW,2026-09-23,C,7245.0,7764.6401,499.9,25.0,543.6,25.0,0.0,0.0,0.0,0.0,0.9994,0.0,-0.025,0.0074,0.0
2026-09-23T17:54:02Z,2026-09-23 03:56:05,SPXW,2026-09-23,P,7245.0,7764.6401,0.0,0.0,0.05,54.0,0.25,0.0,66.0,0.5033,-0.0006,0.0,-0.025,0.0074,0.0
2026-09-23T17:54:02Z,2026-09-23 03:56:05,SPXW,2026-09-23,C,7250.0,7764.6401,494.9,25.0,538.6,25.0,314.04,0.0,2.0,0.0,0.9994,0.0,-0.025,0.0075,0.0
2026-09-23T17:54:02Z,2026-09-23 03:56:05,SPXW,2026-09-23,P,7250.0,7764.6401,0.0,0.0,0.05,54.0,0.1,141.0,343.0,0.4987,-0.0006,0.0,-0.025,0.0075,0.0
2026-09-23T17:54:02Z,2026-09-23 03:56:05,SPXW,2026-09-23,C,7255.0,7764.6401,489.9,25.0,533.6,25.0,0.0,0.0,0.0,0.0,0.9994,0.0,-0.025,0.0075,0.0
2026-09-23T17:54:02Z,2026-09-23 03:56:05,SPXW,2026-09-23,P,7255.0,7764.6401,0.0,0.0,0.05,53.0,0.1,6.0,207.0,0.4941,-0.0006,0.0,-0.025,0.0075,0.0
2026-09-23T17:54:02Z,2026-09-23 03:56:05,SPXW,2026-09-23,C,7260.0,7764.6401,484.9,25.0,528.6,25.0,0.0,0.0,0.0,0.0,0.9994,0.0,-0.025,0.0076,0.0
2026-09-23T17:54:02Z,2026-09-23 03:56:05,SPXW,2026-09-23,P,7260.0,7764.6401,0.0,0.0,0.05,53.0,0.1,23.0,187.0,0.4895,-0.0006,0.0,-0.025,0.0076,0.0
2026-09-23T17:54:02Z,2026-09-23 03:56:05,SPXW,2026-09-23,C,7265.0,7764.6401,479.9,25.0,523.6,25.0,0.0,0.0,0.0,0.0,0.9994,0.0,-0.025,0.0077,0.0
2026-09-23T17:54:02Z,2026-09-23 03:56:05,SPXW,2026-09-23,P,7265.0,7764.6401,0.0,0.0,0.05,25.0,0.1,2.0,552.0,0.4849,-0.0006,0.0,-0.025,0.0077,0.0
2026-09-23T17:54:02Z,2026-09-23 03:56:05,SPXW,2026-09-23,C,7270.0,7764.6401,474.9,25.0,518.6,25.0,0.0,0.0,0.0,0.0,0.9994,0.0,-0.025,0.0077,0.0
2026-09-23T17:54:02Z,2026-09-23 03:56:05,SPXW,2026-09-23,P,7270.0,7764.6401,0.0,0.0,0.05,25.0,0.1,5.0,510.0,0.4803,-0.0006,0.0,-0.025,0.0077,0.0
2026-09-23T17:54:02Z,2026-09-23 03:56:05,SPXW,2026-09-23,C,7275.0,7764.6401,469.9,25.0,513.6,25.0,454.12,0.0,4.0,0.0,0.9994,0.0,-0.025,0.0078,0.0
2026-09-23T17:54:02Z,2026-09-23 03:56:05,SPXW,2026-09-23,P,7275.0,7764.6401,0.0,0.0,0.05,25.0,0.1,399.0,636.0,0.4757,-0.0006,0.0,-0.025,0.0078,0.0
2026-09-23T17:54:02Z,2026-09-23 03:56:05,SPXW,2026-09-23,C,7280.0,7764.6401,464.9,25.0,508.6,25.0,0.0,0.0,0.0,0.0,0.9994,0.0,-0.025,0.0079,0.0
2026-09-23T17:54:02Z,2026-09-23 03:56:05,SPXW,2026-09-23,P,7280.0,7764.6401,0.0,0.0,0.05,25.0,0.15,40.0,116.0,0.4711,-0.0006,0.0,-0.025,0.0079,0.0
2026-09-23T17:54:02Z,2026-09-23 03:56:05,SPXW,2026-09-23,C,7285.0,7764.6401,459.9,25.0,503.6,25.0,0.0,0.0,0.0,0.0,0.9994,0.0,-0.025,0.008,0.0
2026-09-23T17:54:02Z,2026-09-23 03:56:05,SPXW,2026-09-23,P,7285.0,7764.6401,0.0,0.0,0.05,25.0,0.25,0.0,189.0,0.4665,-0.0006,0.0,-0.025,0.008,0.0
2026-09-23T17:54:02Z,2026-09-23 03:56:05,SPXW,2026-09-23,C,7290.0,7764.6401,454.9,25.0,498.6,25.0,325.88,0.0,30.0,0.0,0.9994,0.0,-0.025,0.008,0.0
2026-09-23T17:54:02Z,2026-09-23 03:56:05,SPXW,2026-09-23,P,7290.0,7764.6401,0.0,0.0,0.05,25.0,0.1,101.0,254.0,0.4619,-0.0006,0.0,-0.025,0.008,0.0
2026-09-23T17:54:02Z,2026-09-23 03:56:05,SPXW,2026-09-23,C,7295.0,7764.6401,449.9,25.0,493.6,25.0,0.0,0.0,0.0,0.0,0.9993,0.0,-0.025,0.0081,0.0
2026-09-23T17:54:02Z,2026-09-23 03:56:05,SPXW,2026-09-23,P,7295.0,7764.6401,0.0,0.0,0.05,25.0,0.1,252.0,58.0,0.4573,-0.0007,0.0,-0.025,0.0081,0.0
2026-09-23T17:54:02Z,2026-09-23 03:56:05,SPXW,2026-09-23,C,7300.0,7764.6401,444.9,25.0,488.6,25.0,0.0,0.0,0.0,0.0,0.9993,0.0,-0.025,0.0082,0.0
2026-09-23T17:54:02Z,2026-09-23 03:56:05,SPXW,2026-09-23,P,7300.0,7764.6401,0.0,0.0,0.05,25.0,0.1,531.0,1246.0,0.4527,-0.0007,0.0,-0.025,0.0082,0.0
2026-09-23T17:54:02Z,2026-09-23 03:56:05,SPXW,2026-09-23,C,7305.0,7764.6401,440.1,1.0,483.6,25.0,0.0,0.0,0.0,0.0,0.9993,0.0,-0.025,0.0083,0.0
2026-09-23T17:54:02Z,2026-09-23 03:56:05,SPXW,2026-09-23,P,7305.0,7764.6401,0.0,0.0,0.05,25.0,0.1,23.0,606.0,0.4481,-0.0007,0.0,-0.025,0.0083,0.0
2026-09-23T17:54:02Z,2026-09-23 03:56:05,SPXW,2026-09-23,C,7310.0,7764.6401,434.9,25.0,478.6,25.0,0.0,0.0,0.0,0.0,0.9993,0.0,-0.025,0.0083,0.0
2026-09-23T17:54:02Z,2026-09-23 03:56:05,SPXW,2026-09-23,P,7310.0,7764.6401,0.0,0.0,0.05,25.0,0.1,365.0,125.0,0.4435,-0.0007,0.0,-0.025,0.0083,0.0
2026-09-23T17:54:02Z,2026-09-23 03:56:05,SPXW,2026-09-23,C,7315.0,7764.6401,429.9,25.0,473.6,25.0,0.0,0.0,0.0,0.0,0.9993,0.0,-0.025,0.0084,0.0
2026-09-23T17:54:02Z,2026-09-23 03:56:05,SPXW,2026-09-23,P,7315.0,7764.6401,0.0,0.0,0.05,25.0,0.1,130.0,160.0,0.4389,-0.0007,0.0,-0.025,0.0084,0.0
2026-09-23T17:54:02Z,2026-09-23 03:56:05,SPXW,2026-09-23,C,7320.0,7764.6401,424.9,25.0,468.6,25.0,0.0,0.0,0.0,0.0,0.9993,0.0,-0.025,0.0085,0.0
2026-09-23T17:54:02Z,2026-09-23 03:56:05,SPXW,2026-09-23,P,7320.0,7764.6401,0.0,0.0,0.05,25.0,0.1,65.0,113.0,0.4343,-0.0007,0.0,-0.025,0.0085,0.0
2026-09-23T17:54:02Z,2026-09-23 03:56:05,SPXW,2026-09-23,C,7325.0,7764.6401,420.2,1.0,463.6,25.0,0.0,0.0,0.0,0.0,0.9993,0.0,-0.025,0.0086,0.0
2026-09-23T17:54:02Z,2026-09-23 03:56:05,SPXW,2026-09-23,P,7325.0,7764.6401,0.0,0.0,0.05,25.0,0.1,318.0,314.0,0.4297,-0.0007,0.0,-0.025,0.0086,0.0
2026-09-23T17:54:02Z,2026-09-23 03:56:05,SPXW,2026-09-23,C,7330.0,7764.6401,414.9,25.0,458.6,25.0,0.0,0.0,0.0,0.0,0.9993,0.0,-0.025,0.0087,0.0
2026-09-23T17:54:02Z,2026-09-23 03:56:05,SPXW,2026-09-23,P,7330.0,7764.6401,0.0,0.0,0.05,25.0,0.07,29.0,378.0,0.4251,-0.0007,0.0,-0.025,0.0087,0.0
2026-09-23T17:54:02Z,2026-09-23 03:56:05,SPXW,2026-09-23,C,7335.0,7764.6401,409.9,25.0,453.6,25.0,0.0,0.0,0.0,0.0,0.9993,0.0,-0.025,0.0088,0.0
2026-09-23T17:54:02Z,2026-09-23 03:56:05,SPXW,2026-09-23,P,7335.0,7764.6401,0.0,0.0,0.05,25.0,0.1,1464.0,209.0,0.4206,-0.0007,0.0,-0.025,0.0088,0.0
2026-09-23T17:54:02Z,2026-09-23 03:56:05,SPXW,2026-09-23,C,7340.0,7764.6401,404.9,25.0,448.6,25.0,355.09,0.0,1.0,0.0,0.9993,0.0,-0.025,0.0089,0.0
2026-09-23T17:54:02Z,2026-09-23 03:56:05,SPXW,2026-09-23,P,7340.0,7764.6401,0.0,0.0,0.05,25.0,0.1,19.0,177.0,0.416,-0.0007,0.0,-0.025,0.0089,0.0
2026-09-23T17:54:02Z,2026-09-23 03:56:05,SPXW,2026-09-23,C,7345.0,7764.6401,399.9,25.0,443.6,25.0,0.0,0.0,0.0,0.0,0.9993,0.0,-0.025,0.009,0.0
2026-09-23T17:54:02Z,2026-09-23 03:56:05,SPXW,2026-09-23,P,7345.0,7764.6401,0.0,0.0,0.05,25.0,0.1,21.0,443.0,0.4114,-0.0007,0.0,-0.025,0.009,0.0
2026-09-23T17:54:02Z,2026-09-23 03:56:05,SPXW,2026-09-23,C,7350.0,7764.6401,394.9,26.0,438.6,25.0,0.0,0.0,0.0,0.0,0.9987,0.0,-0.05,0.0153,0.0
2026-09-23T17:54:02Z,2026-09-23 03:56:05,SPXW,2026-09-23,P,7350.0,7764.6401,0.0,0.0,0.1,158.0,0.1,181.0,257.0,0.4301,-0.0013,0.0,-0.05,0.0153,0.0
2026-09-23T17:54:02Z,2026-09-23 03:56:05,SPXW,2026-09-23,C,7355.0,7764.6401,389.9,25.0,433.6,25.0,0.0,0.0,0.0,0.0,0.9987,0.0,-0.05,0.0155,0.0
2026-09-23T17:54:02Z,2026-09-23 03:56:05,SPXW,2026-09-23,P,7355.0,7764.6401,0.0,0.0,0.1,157.0,0.3,0.0,291.0,0.4253,-0.0013,0.0,-0.05,0.0155,0.0
2026-09-23T17:54:02Z,2026-09-23 03:56:05,SPXW,2026-09-23,C,7360.0,7764.6401,384.9,25.0,428.6,25.0,410.54,10.0,1.0,0.0,0.9987,0.0,-0.05,0.0156,0.0
2026-09-23T17:54:02Z,2026-09-23 03:56:05,SPXW,2026-09-23,P,7360.0,7764.6401,0.0,0.0,0.1,155.0,0.1,127.0,187.0,0.4205,-0.0013,0.0,-0.05,0.0156,0.0
2026-09-23T17:54:02Z,2026-09-23 03:56:05,SPXW,2026-09-23,C,7365.0,7764.6401,379.9,25.0,423.6,25.0,405.56,10.0,0.0,0.0,0.9987,0.0,-0.05,0.0158,0.0
2026-09-23T17:54:02Z,2026-09-23 03:56:05,SPXW,2026-09-23,P,7365.0,7764.6401,0.0,0.0,0.1,153.0,0.1,6.0,211.0,0.4156,-0.0013,0.0,-0.05,0.0158,0.0
2026-09-23T17:54:02Z,2026-09-23 03:56:05,SPXW,2026-09-23,C,7370.0,7764.6401,374.9,25.0,418.6,25.0,0.0,0.0,0.0,0.0,0.9986,0.0,-0.05,0.016,0.0
2026-09-23T17:54:02Z,2026-09-23 03:56:05,SPXW,2026-09-23,P,7370.0,7764.6401,0.0,0.0,0.1,153.0,0.1,986.0,227.0,0.4108,-0.0014,0.0,-0.05,0.016,0.0
2026-09-23T17:54:02Z,2026-09-23 03:56:05,SPXW,2026-09-23,C,7375.0,7764.6401,370.0,25.0,413.6,25.0,0.0,0.0,0.0,0.0,0.9986,0.0,-0.05,0.0162,0.0
2026-09-23T17:54:02Z,2026-09-23 03:56:05,SPXW,2026-09-23,P,7375.0,7764.6401,0.0,0.0,0.1,149.0,0.1,132.0,575.0,0.406,-0.0014,0.0,-0.05,0.0162,0.0
2026-09-23T17:54:02Z,2026-09-23 03:56:05,SPXW,2026-09-23,C,7380.0,7764.6401,365.0,25.0,408.6,25.0,382.6,0.0,4.0,0.0,0.9986,0.0,-0.05,0.0164,0.0
2026-09-23T17:54:02Z,2026-09-23 03:56:05,SPXW,2026-09-23,P,7380.0,7764.6401,0.0,0.0,0.1,151.0,0.1,155.0,337.0,0.4012,-0.0014,0.0,-0.05,0.0164,0.0
2026-09-23T17:54:02Z,2026-09-23 03:56:05,SPXW,2026-09-23,C,7385.0,7764.6401,360.0,25.0,403.6,25.0,190.28,0.0,1.0,0.0,0.9986,0.0,-0.05,0.0165,0.0
2026-09-23T17:54:02Z,2026-09-23 03:56:05,SPXW,2026-09-23,P,7385.0,7764.6401,0.0,0.0,0.1,135.0,0.15,41.0,215.0,0.3963,-0.0014,0.0,-0.05,0.0165,0.0
2026-09-23T17:54:02Z,2026-09-23 03:56:05,SPXW,2026-09-23,C,7390.0,7764.6401,355.0,25.0,398.6,25.0,237.43,0.0,30.0,0.0,0.9986,0.0,-0.05,0.0167,0.0
2026-09-23T17:54:02Z,2026-09-23 03:56:05,SPXW,2026-09-23,P,7390.0,7764.6401,0.0,0.0,0.1,141.0,0.15,67.0,538.0,0.3915,-0.0014,0.0,-0.05,0.0167,0.0
2026-09-23T17:54:02Z,2026-09-23 03:56:05,SPXW,2026-09-23,C,7395.0,7764.6401,350.0,25.0,393.6,25.0,0.0,0.0,0.0,0.0,0.9986,0.0,-0.05,0.0169,0.0
2026-09-23T17:54:02Z,2026-09-23 03:56:05,SPXW,2026-09-23,P,7395.0,7764.6401,0.0,0.0,0.1,145.0,0.09,235.0,105.0,0.3867,-0.0014,0.0,-0.05,0.0169,0.0
2026-09-23T17:54:02Z,2026-09-23 03:56:05,SPXW,2026-09-23,C,7400.0,7764.6401,345.0,25.0,388.7,25.0,365.31,2.0,16.0,0.0,0.9986,0.0,-0.05,0.0171,0.0
2026-09-23T17:54:02Z,2026-09-23 03:56:05,SPXW,2026-09-23,P,7400.0,7764.6401,0.0,0.0,0.1,143.0,0.05,1047.0,818.0,0.3818,-0.0014,0.0,-0.05,0.0171,0.0
2026-09-23T17:54:02Z,2026-09-23 03:56:05,SPXW,2026-09-23,C,7405.0,7764.6401,340.0,25.0,383.7,25.0,0.0,0.0,0.0,0.0,0.9985,0.0,-0.05,0.0173,0.0
2026-09-23T17:54:02Z,2026-09-23 03:56:05,SPXW,2026-09-23,P,7405.0,7764.6401,0.0,0.0,0.1,142.0,0.1,9.0,235.0,0.377,-0.0015,0.0,-0.05,0.0173,0.0
2026-09-23T17:54:02Z,2026-09-23 03:56:05,SPXW,2026-09-23,C,7410.0,7764.6401,335.0,25.0,378.7,25.0,356.14,2.0,0.0,0.0,0.9985,0.0,-0.05,0.0176,0.0
2026-09-23T17:54:02Z,2026-09-23 03:56:05,SPXW,2026-09-23,P,7410.0,7764.6401,0.0,0.0,0.1,140.0,0.27,75.0,162.0,0.3722,-0.0015,0.0,-0.05,0.0176,0.0
2026-09-23T17:54:02Z,2026-09-23 03:56:05,SPXW,2026-09-23,C,7415.0,7764.6401,330.0,25.0,373.7,25.0,0.0,0.0,0.0,0.0,0.9985,0.0,-0.05,0.0178,0.0
2026-09-23T17:54:02Z,2026-09-23 03:56:05,SPXW,2026-09-23,P,7415.0,7764.6401,0.0,0.0,0.1,137.0,0.05,182.0,606.0,0.3673,-0.0015,0.0,-0.05,0.0178,0.0
2026-09-23T17:54:02Z,2026-09-23 03:56:05,SPXW,2026-09-23,C,7420.0,7764.6401,325.0,25.0,368.7,25.0,346.57,1.0,2.0,0.0,0.9985,0.0,-0.05,0.018,0.0
2026-09-23T17:54:02Z,2026-09-23 03:56:05,SPXW,2026-09-23,P,7420.0,7764.6401,0.0,0.0,0.1,135.0,0.05,122.0,193.0,0.3625,-0.0015,0.0,-0.05,0.018,0.0
2026-09-23T17:54:02Z,2026-09-23 03:56:05,SPXW,2026-09-23,C,7425.0,7764.6401,320.0,25.0,363.7,25.0,198.5,0.0,1.0,0.0,0.9985,0.0,-0.05,0.0182,0.0
2026-09-23T17:54:02Z,2026-09-23 03:56:05,SPXW,2026-09-23,P,7425.0,7764.6401,0.0,0.0,0.1,134.0,0.05,126.0,520.0,0.3577,-0.0015,0.0,-0.05,0.0182,0.0
2026-09-23T17:54:02Z,2026-09-23 03:56:05,SPXW,2026-09-23,C,7430.0,7764.6401,315.0,25.0,358.7,25.0,205.37,0.0,1.0,0.0,0.9984,0.0,-0.05,0.0185,0.0
2026-09-23T17:54:02Z,2026-09-23 03:56:05,SPXW,2026-09-23,P,7430.0,7764.6401,0.0,0.0,0.1,132.0,0.1,81.0,402.0,0.3528,-0.0016,0.0,-0.05,0.0185,0.0
2026-09-23T17:54:02Z,2026-09-23 03:56:05,SPXW,2026-09-23,C,7435.0,7764.6401,310.0,25.0,353.7,25.0,325.01,1.0,0.0,0.0,0.9984,0.0,-0.05,0.0187,0.0
2026-09-23T17:54:02Z,2026-09-23 03:56:05,SPXW,2026-09-23,P,7435.0,7764.6401,0.0,0.0,0.1,129.0,0.1,87.0,592.0,0.348,-0.0016,0.0,-0.05,0.0187,0.0
2026-09-23T17:54:02Z,2026-09-23 03:56:05,SPXW,2026-09-23,C,7440.0,7764.6401,305.0,25.0,348.7,25.0,194.4,0.0,0.0,0.0,0.9984,0.0,-0.05,0.019,0.0
2026-09-23T17:54:02Z,2026-09-23 03:56:05,SPXW,2026-09-23,P,7440.0,7764.6401,0.0,0.0,0.1,116.0,0.1,165.0,297.0,0.3431,-0.0016,0.0,-0.05,0.019,0.0
2026-09-23T17:54:02Z,2026-09-23 03:56:05,SPXW,2026-09-23,C,7445.0,7764.6401,300.0,25.0,343.7,25.0,315.79,3.0,1.0,0.0,0.9984,0.0,-0.05,0.0192,0.0
2026-09-23T17:54:02Z,2026-09-23 03:56:05,SPXW,2026-09-23,P,7445.0,7764.6401,0.0,0.0,0.1,114.0,0.1,141.0,1660.0,0.3383,-0.0016,0.0,-0.05,0.0192,0.0
2026-09-23T17:54:02Z,2026-09-23 03:56:05,SPXW,2026-09-23,C,7450.0,7764.6401,295.0,26.0,338.7,25.0,324.81,11.0,15.0,0.0,0.9984,0.0,-0.05,0.0195,0.0
2026-09-23T17:54:02Z,2026-09-23 03:56:05,SPXW,2026-09-23,P,7450.0,7764.6401,0.0,0.0,0.1,130.0,0.1,220.0,1790.0,0.3334,-0.0016,0.0,-0.05,0.0195,0.0
2026-09-23T17:54:02Z,2026-09-23 03:56:05,SPXW,2026-09-23,C,7455.0,7764.6401,290.0,25.0,333.7,25.0,0.0,0.0,0.0,0.0,0.9983,0.0,-0.05,0.0198,0.0
2026-09-23T17:54:02Z,2026-09-23 03:56:05,SPXW,2026-09-23,P,7455.0,7764.6401,0.0,0.0,0.1,117.0,0.1,169.0,328.0,0.3286,-0.0017,0.0,-0.05,0.0198,0.0
2026-09-23T17:54:02Z,2026-09-23 03:56:05,SPXW,2026-09-23,C,7460.0,7764.6401,285.0,25.0,328.7,25.0,300.5,0.0,3.0,0.0,0.9983,0.0,-0.05,0.02,0.0
2026-09-23T17:54:02Z,2026-09-23 03:56:05,SPXW,2026-09-23,P,7460.0,7764.6401,0.0,0.0,0.1,116.0,0.1,123.0,846.0,0.3237,-0.0017,0.0,-0.05,0.02,0.0
2026-09-23T17:54:02Z,2026-09-23 03:56:05,SPXW,2026-09-23,C,7465.0,7764.6401,280.0,25.0,323.7,25.0,296.99,6.0,1.0,0.0,0.9983,0.0,-0.05,0.0204,0.0
2026-09-23T17:54:02Z,2026-09-23 03:56:05,SPXW,2026-09-23,P,7465.0,7764.6401,0.0,0.0,0.1,114.0,0.1,59.0,160.0,0.3189,-0.0017,0.0,-0.05,0.0204,0.0
2026-09-23T17:54:02Z,2026-09-23 03:56:05,SPXW,2026-09-23,C,7470.0,7764.6401,275.0,25.0,318.7,25.0,303.75,5.0,3.0,0.0,0.9983,0.0,-0.05,0.0207,0.0
2026-09-23T17:54:02Z,2026-09-23 03:56:05,SPXW,2026-09-23,P,7470.0,7764.6401,0.0,0.0,0.1,55.0,0.1,66.0,256.0,0.314,-0.0017,0.0,-0.05,0.0207,0.0
2026-09-23T17:54:02Z,2026-09-23 03:56:05,SPXW,2026-09-23,C,7475.0,7764.6401,270.0,25.0,313.7,25.0,293.9,1.0,5.0,0.0,0.9982,0.0,-0.05,0.021,0.0
2026-09-23T17:54:02Z,2026-09-23 03:56:05,SPXW,2026-09-23,P,7475.0,7764.6401,0.0,0.0,0.1,53.0,0.1,2673.0,508.0,0.309,-0.0018,0.0,-0.05,0.021,0.0
2026-09-23T17:54:02Z,2026-09-23 03:56:05,SPXW,2026-09-23,C,7480.0,7764.6401,265.0,25.0,308.7,25.0,286.06,3.0,0.0,0.0,0.9975,0.0001,-0.075,0.0285,0.0
2026-09-23T17:54:02Z,2026-09-23 03:56:05,SPXW,2026-09-23,P,7480.0,7764.6401,0.05,24.0,0.1,53.0,0.1,97.0,315.0,0.3158,-0.0025,0.0001,-0.075,0.0285,0.0
2026-09-23T17:54:02Z,2026-09-23 03:56:05,SPXW,2026-09-23,C,7485.0,7764.6401,260.0,25.0,303.7,25.0,0.0,0.0,0.0,0.0,0.9975,0.0001,-0.075,0.0289,0.0
2026-09-23T17:54:02Z,2026-09-23 03:56:05,SPXW,2026-09-23,P,7485.0,7764.6401,0.05,23.0,0.1,52.0,0.1,1733.0,143.0,0.3108,-0.0025,0.0001,-0.075,0.0289,0.0
2026-09-23T17:54:02Z,2026-09-23 03:56:05,SPXW,2026-09-23,C,7490.0,7764.6401,255.0,25.0,298.7,25.0,280.83,1.0,1.0,0.0,0.9974,0.0001,-0.075,0.0294,0.0
2026-09-23T17:54:02Z,2026-09-23 03:56:05,SPXW,2026-09-23,P,7490.0,7764.6401,0.05,22.0,0.1,51.0,0.1,137.0,152.0,0.3058,-0.0026,0.0001,-0.075,0.0294,0.0
2026-09-23T17:54:02Z,2026-09-23 03:56:05,SPXW,2026-09-23,C,7495.0,7764.6401,250.0,25.0,293.7,25.0,154.54,0.0,5.0,0.0,0.9974,0.0001,-0.075,0.0298,0.0
2026-09-23T17:54:02Z,2026-09-23 03:56:05,SPXW,2026-09-23,P,7495.0,7764.6401,0.05,22.0,0.1,50.0,0.12,129.0,188.0,0.3007,-0.0026,0.0001,-0.075,0.0298,0.0
2026-09-23T17:54:02Z,2026-09-23 03:56:05,SPXW,2026-09-23,C,7500.0,7764.6401,270.6,3.0,271.5,3.0,267.8,15.0,98.0,0.265,0.9974,0.0001,-0.075,0.0303,0.0
2026-09-23T17:54:02Z,2026-09-23 03:56:05,SPXW,2026-09-23,P,7500.0,7764.6401,0.05,123.0,0.1,50.0,0.1,4196.0,1307.0,0.2957,-0.0026,0.0001,-0.075,0.0303,0.0
2026-09-23T17:54:02Z,2026-09-23 03:56:05,SPXW,2026-09-23,C,7505.0,7764.6401,240.0,25.0,283.7,25.0,276.01,1.0,29.0,0.0,0.9973,0.0001,-0.075,0.0308,0.0
2026-09-23T17:54:02Z,2026-09-23 03:56:05,SPXW,2026-09-23,P,7505.0,7764.6401,0.05,239.0,0.1,48.0,0.1,107.0,175.0,0.2907,-0.0027,0.0001,-0.075,0.0308,0.0
2026-09-23T17:54:02Z,2026-09-23 03:56:05,SPXW,2026-09-23,C,7510.0,7764.6401,235.0,25.0,278.7,25.0,262.75,2.0,2.0,0.0,0.9973,0.0001,-0.075,0.0313,0.0
2026-09-23T17:54:02Z,2026-09-23 03:56:05,SPXW,2026-09-23,P,7510.0,7764.6401,0.05,238.0,0.1,48.0,0.15,208.0,495.0,0.2856,-0.0027,0.0001,-0.075,0.0313,0.0
2026-09-23T17:54:02Z,2026-09-23 03:56:05,SPXW,2026-09-23,C,7515.0,7764.6401,230.0,25.0,273.7,25.0,256.01,10.0,2.0,0.0,0.9972,0.0001,-0.075,0.0318,0.0
2026-09-23T17:54:02Z,2026-09-23 03:56:05,SPXW,2026-09-23,P,7515.0,7764.6401,0.05,241.0,0.1,47.0,0.1,3037.0,118.0,0.2806,-0.0028,0.0001,-0.075,0.0318,0.0
2026-09-23T17:54:02Z,2026-09-23 03:56:05,SPXW,2026-09-23,C,7520.0,7764.6401,225.0,25.0,268.7,25.0,251.01,10.0,9.0,0.0,0.9972,0.0001,-0.075,0.0324,0.0
2026-09-23T17:54:02Z,2026-09-23 03:56:05,SPXW,2026-09-23,P,7520.0,7764.6401,0.05,231.0,0.1,24.0,0.15,149.0,207.0,0.2756,-0.0028,0.0001,-0.075,0.0324,0.0
2026-09-23T17:54:02Z,2026-09-23 03:56:05,SPXW,2026-09-23,C,7525.0,7764.6401,220.0,25.0,263.7,25.0,246.29,10.0,20.0,0.0,0.9964,0.0001,-0.1,0.0404,0.0
2026-09-23T17:54:02Z,2026-09-23 03:56:05,SPXW,2026-09-23,P,7525.0,7764.6401,0.05,244.0,0.15,117.0,0.15,154.0,208.0,0.2783,-0.0036,0.0001,-0.1,0.0404,0.0
2026-09-23T17:54:02Z,2026-09-23 03:56:05,SPXW,2026-09-23,C,7530.0,7764.6401,228.9,2.0,253.0,1.0,241.05,4.0,50.0,0.0,0.9963,0.0001,-0.1,0.0411,0.0
2026-09-23T17:54:02Z,2026-09-23 03:56:05,SPXW,2026-09-23,P,7530.0,7764.6401,0.05,312.0,0.15,115.0,0.12,327.0,220.0,0.2731,-0.0037,0.0001,-0.1,0.0411,0.0
2026-09-23T17:54:02Z,2026-09-23 03:56:05,SPXW,2026-09-23,C,7535.0,7764.6401,223.9,2.0,248.0,1.0,124.7,0.0,37.0,0.0,0.9962,0.0001,-0.1,0.0418,0.0
2026-09-23T17:54:02Z,2026-09-23 03:56:05,SPXW,2026-09-23,P,7535.0,7764.6401,0.05,343.0,0.15,105.0,0.15,174.0,410.0,0.268,-0.0038,0.0001,-0.1,0.0418,0.0
2026-09-23T17:54:02Z,2026-09-23 03:56:05,SPXW,2026-09-23,C,7540.0,7764.6401,218.9,2.0,242.9,1.0,221.73,41.0,53.0,0.0,0.9962,0.0001,-0.1,0.0426,0.0
2026-09-23T17:54:02Z,2026-09-23 03:56:05,SPXW,2026-09-23,P,7540.0,7764.6401,0.05,360.0,0.15,107.0,0.1,714.0,534.0,0.2628,-0.0038,0.0001,-0.1,0.0426,0.0
2026-09-23T17:54:02Z,2026-09-23 03:56:05,SPXW,2026-09-23,C,7545.0,7764.6401,213.9,2.0,238.0,2.0,224.52,1.0,21.0,0.0,0.9961,0.0001,-0.1,0.0434,0.0
2026-09-23T17:54:02Z,2026-09-23 03:56:05,SPXW,2026-09-23,P,7545.0,7764.6401,0.05,362.0,0.15,97.0,0.15,300.0,720.0,0.2576,-0.0039,0.0001,-0.1,0.0434,0.0
2026-09-23T17:54:02Z,2026-09-23 03:56:05,SPXW,2026-09-23,C,7550.0,7764.6401,208.9,2.0,233.0,1.0,219.87,17.0,52.0,0.0,0.996,0.0001,-0.1,0.0442,0.0
2026-09-23T17:54:02Z,2026-09-23 03:56:05,SPXW,2026-09-23,P,7550.0,7764.6401,0.05,394.0,0.15,103.0,0.15,421.0,1978.0,0.2524,-0.004,0.0001,-0.1,0.0442,0.0
2026-09-23T17:54:02Z,2026-09-23 03:56:05,SPXW,2026-09-23,C,7555.0,7764.6401,203.9,2.0,228.0,1.0,214.12,4.0,31.0,0.0,0.996,0.0001,-0.1,0.045,0.0
2026-09-23T17:54:02Z,2026-09-23 03:56:05,SPXW,2026-09-23,P,7555.0,7764.6401,0.05,392.0,0.15,51.0,0.15,492.0,621.0,0.2472,-0.004,0.0001,-0.1,0.045,0.0
2026-09-23T17:54:02Z,2026-09-23 03:56:05,SPXW,2026-09-23,C,7560.0,7764.6401,200.9,2.0,223.5,2.0,216.27,16.0,53.0,0.3338,0.9959,0.0001,-0.1,0.0459,0.0
2026-09-23T17:54:02Z,2026-09-23 03:56:05,SPXW,2026-09-23,P,7560.0,7764.6401,0.05,410.0,0.15,47.0,0.15,293.0,477.0,0.2419,-0.0041,0.0001,-0.1,0.0459,0.0
2026-09-23T17:54:02Z,2026-09-23 03:56:05,SPXW,2026-09-23,C,7565.0,7764.6401,195.9,2.0,216.0,1.0,207.15,2.0,39.0,0.0,0.995,0.0002,-0.125,0.0546,0.0
2026-09-23T17:54:02Z,2026-09-23 03:56:05,SPXW,2026-09-23,P,7565.0,7764.6401,0.1,19.0,0.15,46.0,0.15,147.0,198.0,0.2424,-0.005,0.0002,-0.125,0.0546,0.0
2026-09-23T17:54:02Z,2026-09-23 03:56:05,SPXW,2026-09-23,C,7570.0,7764.6401,191.0,1.0,211.0,1.0,195.2,17.0,37.0,0.0,0.9949,0.0002,-0.125,0.0558,0.0
2026-09-23T17:54:02Z,2026-09-23 03:56:05,SPXW,2026-09-23,P,7570.0,7764.6401,0.1,114.0,0.15,44.0,0.15,279.0,298.0,0.2371,-0.0051,0.0002,-0.125,0.0558,0.0
2026-09-23T17:54:02Z,2026-09-23 03:56:05,SPXW,2026-09-23,C,7575.0,7764.6401,186.1,1.0,206.0,1.0,192.74,15.0,83.0,0.0,0.9948,0.0002,-0.125,0.0569,0.0
2026-09-23T17:54:02Z,2026-09-23 03:56:05,SPXW,2026-09-23,P,7575.0,7764.6401,0.1,111.0,0.15,44.0,0.15,2995.0,1444.0,0.2317,-0.0052,0.0002,-0.125,0.0569,0.0
2026-09-23T17:54:02Z,2026-09-23 03:56:05,SPXW,2026-09-23,C,7580.0,7764.6401,181.1,1.0,201.1,4.0,189.7,2.0,58.0,0.0,0.9947,0.0002,-0.125,0.0582,0.0
2026-09-23T17:54:02Z,2026-09-23 03:56:05,SPXW,2026-09-23,P,7580.0,7764.6401,0.1,134.0,0.15,25.0,0.15,660.0,548.0,0.2259,-0.0054,0.0002,-0.125,0.0583,0.0
2026-09-23T17:54:02Z,2026-09-23 03:56:05,SPXW,2026-09-23,C,7585.0,7764.6401,176.1,2.0,196.1,4.0,192.01,3.0,88.0,0.0,0.9937,0.0002,-0.15,0.0671,0.0
2026-09-23T17:54:02Z,2026-09-23 03:56:05,SPXW,2026-09-23,P,7585.0,7764.6401,0.1,196.0,0.2,95.0,0.2,1999.0,1292.0,0.2251,-0.0063,0.0002,-0.15,0.0673,0.0
2026-09-23T17:54:02Z,2026-09-23 03:56:05,SPXW,2026-09-23,C,7590.0,7764.6401,171.2,1.0,190.0,1.0,181.47,2.0,98.0,0.0,0.9936,0.0002,-0.15,0.0686,0.0
2026-09-23T17:54:02Z,2026-09-23 03:56:05,SPXW,2026-09-23,P,7590.0,7764.6401,0.1,244.0,0.2,95.0,0.15,4965.0,205.0,0.2196,-0.0065,0.0002,-0.15,0.0688,0.0
2026-09-23T17:54:02Z,2026-09-23 03:56:05,SPXW,2026-09-23,C,7595.0,7764.6401,175.6,2.0,176.6,4.0,166.51,7.0,85.0,0.2096,0.9934,0.0003,-0.15,0.0702,0.0
2026-09-23T17:54:02Z,2026-09-23 03:56:05,SPXW,2026-09-23,P,7595.0,7764.6401,0.1,278.0,0.2,43.0,0.2,420.0,238.0,0.2142,-0.0066,0.0003,-0.15,0.0703,0.0
2026-09-23T17:54:02Z,2026-09-23 03:56:05,SPXW,2026-09-23,C,7600.0,7764.6401,170.6,2.0,171.6,4.0,168.21,29.0,321.0,0.2042,0.9924,0.0003,-0.175,0.0795,0.0
2026-09-23T17:54:02Z,2026-09-23 03:56:05,SPXW,2026-09-23,P,7600.0,7764.6401,0.15,105.0,0.2,47.0,0.22,1661.0,779.0,0.2125,-0.0076,0.0003,-0.175,0.0797,0.0
2026-09-23T17:54:02Z,2026-09-23 03:56:05,SPXW,2026-09-23,C,7605.0,7764.6401,165.6,2.0,166.6,4.0,171.15,5.0,274.0,0.1988,0.9922,0.0003,-0.175,0.0814,0.0
2026-09-23T17:54:02Z,2026-09-23 03:56:05,SPXW,2026-09-23,P,7605.0,7764.6401,0.15,120.0,0.2,26.0,0.22,3658.0,165.0,0.2069,-0.0078,0.0003,-0.175,0.0816,0.0
2026-09-23T17:54:02Z,2026-09-23 03:56:05,SPXW,2026-09-23,C,7610.0,7764.6401,160.6,4.0,161.6,1.0,166.15,3.0,143.0,0.2013,0.9911,0.0004,-0.2,0.091,0.0
2026-09-23T17:54:02Z,2026-09-23 03:56:05,SPXW,2026-09-23,P,7610.0,7764.6401,0.15,219.0,0.25,86.0,0.25,577.0,1634.0,0.2051,-0.0089,0.0004,-0.2,0.091,0.0
2026-09-23T17:54:02Z,2026-09-23 03:56:05,SPXW,2026-09-23,C,7615.0,7764.6401,155.6,4.0,156.7,2.0,159.87,3.0,113.0,0.1958,0.9909,0.0004,-0.2,0.0933,0.0
2026-09-23T17:54:02Z,2026-09-23 03:56:05,SPXW,2026-09-23,P,7615.0,7764.6401,0.15,262.0,0.25,40.0,0.25,891.0,599.0,0.1995,-0.0091,0.0004,-0.2,0.0933,0.0
2026-09-23T17:54:02Z,2026-09-23 03:56:05,SPXW,2026-09-23,C,7620.0,7764.6401,150.6,1.0,151.7,2.0,146.92,16.0,148.0,0.1902,0.9898,0.0004,-0.225,0.1032,0.0
2026-09-23T17:54:02Z,2026-09-23 03:56:05,SPXW,2026-09-23,P,7620.0,7764.6401,0.2,90.0,0.25,25.0,0.25,782.0,460.0,0.1967,-0.0102,0.0004,-0.225,0.1032,0.0
2026-09-23T17:54:02Z,2026-09-23 03:56:05,SPXW,2026-09-23,C,7625.0,7764.6401,145.7,2.0,146.7,2.0,151.91,9.0,518.0,0.1846,0.9886,0.0005,-0.25,0.1131,0.0
2026-09-23T17:54:02Z,2026-09-23 03:56:05,SPXW,2026-09-23,P,7625.0,7764.6401,0.2,232.0,0.3,47.0,0.27,526.0,954.0,0.1935,-0.0114,0.0005,-0.25,0.1131,0.0
2026-09-23T17:54:02Z,2026-09-23 03:56:05,SPXW,2026-09-23,C,7630.0,7764.6401,140.7,2.0,141.7,4.0,146.25,159.0,505.0,0.1848,0.9883,0.0005,-0.25,0.1161,0.0
2026-09-23T17:54:02Z,2026-09-23 03:56:05,SPXW,2026-09-23,P,7630.0,7764.6401,0.2,294.0,0.3,40.0,0.3,843.0,555.0,0.1875,-0.0117,0.0005,-0.25,0.1162,0.0
2026-09-23T17:54:02Z,2026-09-23 03:56:05,SPXW,2026-09-23,C,7635.0,7764.6401,135.7,4.0,136.7,1.0,140.67,19.0,418.0,0.1838,0.9861,0.0006,-0.3,0.1337,0.0
2026-09-23T17:54:02Z,2026-09-23 03:56:05,SPXW,2026-09-23,P,7635.0,7764.6401,0.25,185.0,0.35,87.0,0.35,1395.0,782.0,0.1863,-0.0139,0.0006,-0.3,0.1337,0.0
2026-09-23T17:54:02Z,2026-09-23 03:56:05,SPXW,2026-09-23,C,7640.0,7764.6401,130.7,1.0,131.8,2.0,137.97,144.0,195.0,0.1779,0.9848,0.0006,-0.325,0.1444,0.0
2026-09-23T17:54:02Z,2026-09-23 03:56:05,SPXW,2026-09-23,P,7640.0,7764.6401,0.3,20.0,0.35,48.0,0.4,1910.0,605.0,0.1824,-0.0152,0.0006,-0.325,0.1444,0.0
2026-09-23T17:54:02Z,2026-09-23 03:56:05,SPXW,2026-09-23,C,7645.0,7764.6401,125.8,2.0,126.8,2.0,121.56,55.0,566.0,0.172,0.9834,0.0007,-0.35,0.1553,0.0
2026-09-23T17:54:02Z,2026-09-23 03:56:05,SPXW,2026-09-23,P,7645.0,7764.6401,0.3,96.0,0.4,46.0,0.4,1525.0,304.0,0.1782,-0.0166,0.0007,-0.35,0.1553,0.0
2026-09-23T17:54:02Z,2026-09-23 03:56:05,SPXW,2026-09-23,C,7650.0,7764.6401,120.8,2.0,121.8,4.0,117.2,120.0,807.0,0.17,0.9811,0.0008,-0.4,0.173,0.0
2026-09-23T17:54:02Z,2026-09-23 03:56:05,SPXW,2026-09-23,P,7650.0,7764.6401,0.35,24.0,0.45,78.0,0.47,2581.0,864.0,0.1754,-0.0189,0.0008,-0.4,0.173,0.0
2026-09-23T17:54:02Z,2026-09-23 03:56:05,SPXW,2026-09-23,C,7655.0,7764.6401,115.9,2.0,116.9,2.0,120.72,21.0,919.0,0.1674,0.9796,0.0009,-0.425,0.1848,0.0
2026-09-23T17:54:02Z,2026-09-23 03:56:05,SPXW,2026-09-23,P,7655.0,7764.6401,0.4,28.0,0.45,22.0,0.5,907.0,230.0,0.1708,-0.0204,0.0009,-0.425,0.1848,0.0
2026-09-23T17:54:02Z,2026-09-23 03:56:05,SPXW,2026-09-23,C,7660.0,7764.6401,110.9,2.0,111.9,4.0,108.55,98.0,237.0,0.1642,0.9771,0.001,-0.475,0.2034,0.0
2026-09-23T17:54:02Z,2026-09-23 03:56:05,SPXW,2026-09-23,P,7660.0,7764.6401,0.45,18.0,0.5,42.0,0.55,1841.0,319.0,0.1673,-0.0229,0.001,-0.475,0.2034,0.0
2026-09-23T17:54:02Z,2026-09-23 03:56:05,SPXW,2026-09-23,C,7665.0,7764.6401,106.0,2.0,107.0,2.0,112.35,18.0,482.0,0.1607,0.9745,0.0011,-0.525,0.222,0.0
2026-09-23T17:54:02Z,2026-09-23 03:56:05,SPXW,2026-09-23,P,7665.0,7764.6401,0.5,22.0,0.55,21.0,0.61,1319.0,267.0,0.1633,-0.0255,0.0011,-0.525,0.2222,0.0
2026-09-23T17:54:02Z,2026-09-23 03:56:05,SPXW,2026-09-23,C,7670.0,7764.6401,101.0,2.0,102.0,4.0,97.57,39.0,979.0,0.1568,0.9718,0.0012,-0.575,0.2413,0.0
2026-09-23T17:54:02Z,2026-09-23 03:56:05,SPXW,2026-09-23,P,7670.0,7764.6401,0.55,28.0,0.6,20.0,0.75,1748.0,549.0,0.1591,-0.0283,0.0012,-0.575,0.2415,0.0
2026-09-23T17:54:02Z,2026-09-23 03:56:05,SPXW,2026-09-23,C,7675.0,7764.6401,96.2,2.0,97.0,3.0,102.26,30.0,293.0,0.1525,0.968,0.0014,-0.6498,0.2669,0.0
2026-09-23T17:54:02Z,2026-09-23 03:56:05,SPXW,2026-09-23,P,7675.0,7764.6401,0.6,47.0,0.7,38.0,0.85,3223.0,990.0,0.1557,-0.0321,0.0014,-0.65,0.2672,0.0
2026-09-23T17:54:02Z,2026-09-23 03:56:05,SPXW,2026-09-23,C,7680.0,7764.6401,91.2,3.0,92.1,3.0,88.81,138.0,396.0,0.15,0.964,0.0016,-0.725,0.2929,0.0
2026-09-23T17:54:02Z,2026-09-23 03:56:05,SPXW,2026-09-23,P,7680.0,7764.6401,0.7,33.0,0.75,18.0,0.95,3009.0,311.0,0.1519,-0.036,0.0016,-0.725,0.2932,0.0
2026-09-23T17:54:02Z,2026-09-23 03:56:05,SPXW,2026-09-23,C,7685.0,7764.6401,86.3,2.0,87.2,2.0,93.4,73.0,646.0,0.1468,0.959,0.0018,-0.825,0.3244,0.0
2026-09-23T17:54:02Z,2026-09-23 03:56:05,SPXW,2026-09-23,P,7685.0,7764.6401,0.8,15.0,0.85,16.0,1.1,5576.0,152.0,0.1487,-0.041,0.0018,-0.825,0.3244,0.0
2026-09-23T17:54:02Z,2026-09-23 03:56:05,SPXW,2026-09-23,C,7690.0,7764.6401,81.4,3.0,82.3,3.0,77.85,208.0,514.0,0.1431,0.9528,0.002,-0.9498,0.3615,0.0
2026-09-23T17:54:02Z,2026-09-23 03:56:05,SPXW,2026-09-23,P,7690.0,7764.6401,0.9,32.0,1.0,42.0,1.25,4881.0,437.0,0.1455,-0.0472,0.002,-0.9498,0.3615,0.0
2026-09-23T17:54:02Z,2026-09-23 03:56:05,SPXW,2026-09-23,C,7695.0,7764.6401,76.6,2.0,77.4,3.0,73.6,113.0,997.0,0.1403,0.9472,0.0023,-1.05,0.3943,0.0
2026-09-23T17:54:02Z,2026-09-23 03:56:05,SPXW,2026-09-23,P,7695.0,7764.6401,1.0,51.0,1.1,36.0,1.45,3768.0,305.0,0.1409,-0.0529,0.0023,-1.0501,0.3947,0.0
2026-09-23T17:54:02Z,2026-09-23 03:56:05,SPXW,2026-09-23,C,7700.0,7764.6401,71.7,2.0,72.6,3.0,68.19,490.0,655.0,0.1368,0.9395,0.0026,-1.1999,0.4363,0.0
2026-09-23T17:54:02Z,2026-09-23 03:56:05,SPXW,2026-09-23,P,7700.0,7764.6401,1.15,49.0,1.25,26.0,1.7,9101.0,1484.0,0.1373,-0.0606,0.0026,-1.2,0.4368,0.0
2026-09-23T17:54:02Z,2026-09-23 03:56:05,SPXW,2026-09-23,C,7705.0,7764.6401,66.9,2.0,67.7,2.0,64.6,659.0,251.0,0.1327,0.9298,0.003,-1.3998,0.4873,0.0
2026-09-23T17:54:02Z,2026-09-23 03:56:05,SPXW,2026-09-23,P,7705.0,7764.6401,1.35,33.0,1.45,33.0,1.93,4493.0,173.0,0.1344,-0.0702,0.003,-1.3998,0.4873,0.0
2026-09-23T17:54:02Z,2026-09-23 03:56:05,SPXW,2026-09-23,C,7710.0,7764.6401,62.1,3.0,62.9,2.0,58.95,447.0,425.0,0.1301,0.9195,0.0034,-1.5999,0.5378,0.0
2026-09-23T17:54:02Z,2026-09-23 03:56:05,SPXW,2026-09-23,P,7710.0,7764.6401,1.55,46.0,1.65,16.0,2.21,3341.0,329.0,0.1306,-0.0805,0.0034,-1.5999,0.5378,0.0
2026-09-23T17:54:02Z,2026-09-23 03:56:05,SPXW,2026-09-23,C,7715.0,7764.6401,57.5,3.0,58.2,3.0,54.83,392.0,452.0,0.1275,0.9062,0.0039,-1.8749,0.5987,0.0
2026-09-23T17:54:02Z,2026-09-23 03:56:05,SPXW,2026-09-23,P,7715.0,7764.6401,1.8,41.0,1.95,30.0,2.35,4466.0,393.0,0.1275,-0.0938,0.0039,-1.8749,0.5987,0.0
2026-09-23T17:54:02Z,2026-09-23 03:56:05,SPXW,2026-09-23,C,7720.0,7764.6401,52.7,5.0,53.5,2.0,50.5,790.0,679.0,0.1239,0.8907,0.0045,-2.2,0.6649,0.0
2026-09-23T17:54:02Z,2026-09-23 03:56:05,SPXW,2026-09-23,P,7720.0,7764.6401,2.15,19.0,2.25,29.0,2.97,4408.0,709.0,0.1244,-0.1093,0.0045,-2.2,0.6649,0.0
2026-09-23T17:54:02Z,2026-09-23 03:56:05,SPXW,2026-09-23,C,7725.0,7764.6401,48.2,3.0,48.9,3.0,46.23,962.0,1367.0,0.121,0.8729,0.0051,-2.5749,0.7348,0.0
2026-09-23T17:54:02Z,2026-09-23 03:56:05,SPXW,2026-09-23,P,7725.0,7764.6401,2.5,34.0,2.65,27.0,3.5,5005.0,564.0,0.121,-0.1271,0.0051,-2.5749,0.7348,0.0
2026-09-23T17:54:02Z,2026-09-23 03:56:05,SPXW,2026-09-23,C,7730.0,7764.6401,43.7,3.0,44.4,3.0,41.19,1381.0,813.0,0.1177,0.8513,0.0059,-3.0498,0.8122,0.0
2026-09-23T17:54:02Z,2026-09-23 03:56:05,SPXW,2026-09-23,P,7730.0,7764.6401,3.0,12.0,3.2,41.0,4.16,4773.0,625.0,0.1181,-0.1487,0.0059,-3.0498,0.8122,0.0
2026-09-23T17:54:02Z,2026-09-23 03:56:05,SPXW,2026-09-23,C,7735.0,7764.6401,39.2,3.0,39.8,3.0,37.16,1057.0,1239.0,0.1145,0.8265,0.0067,-3.5991,0.8918,0.0
2026-09-23T17:54:02Z,2026-09-23 03:56:05,SPXW,2026-09-23,P,7735.0,7764.6401,3.5,28.0,3.7,15.0,4.85,5696.0,228.0,0.1149,-0.1735,0.0067,-3.5991,0.8918,0.0
2026-09-23T17:54:02Z,2026-09-23 03:56:05,SPXW,2026-09-23,C,7740.0,7764.6401,34.9,6.0,35.5,3.0,33.2,545.0,482.0,0.1113,0.7967,0.0075,-4.2962,0.976,0.0
2026-09-23T17:54:02Z,2026-09-23 03:56:05,SPXW,2026-09-23,P,7740.0,7764.6401,4.2,27.0,4.4,9.0,5.85,5705.0,371.0,0.1121,-0.2033,0.0075,-4.2962,0.976,0.0
2026-09-23T17:54:02Z,2026-09-23 03:56:05,SPXW,2026-09-23,C,7745.0,7764.6401,30.9,3.0,31.4,6.0,28.99,1159.0,1434.0,0.1087,0.7611,0.0084,-5.1944,1.0631,0.0
2026-09-23T17:54:02Z,2026-09-23 03:56:05,SPXW,2026-09-23,P,7745.0,7764.6401,5.1,24.0,5.3,25.0,7.0,3437.0,293.0,0.11,-0.2389,0.0084,-5.1944,1.0631,0.0
2026-09-23T17:54:02Z,2026-09-23 03:56:05,SPXW,2026-09-23,C,7750.0,7764.6401,26.9,5.0,27.4,3.0,25.3,2769.0,2249.0,0.1065,0.7204,0.0093,-6.2878,1.1452,0.0
2026-09-23T17:54:02Z,2026-09-23 03:56:05,SPXW,2026-09-23,P,7750.0,7764.6401,6.2,5.0,6.4,22.0,8.4,6673.0,2247.0,0.1081,-0.2796,0.0093,-6.2878,1.1452,0.0
2026-09-23T17:54:02Z,2026-09-23 03:56:05,SPXW,2026-09-23,C,7755.0,7764.6401,23.3,3.0,23.6,6.0,22.0,2140.0,687.0,0.1051,0.6755,0.0102,-7.5338,1.2176,0.0
2026-09-23T17:54:02Z,2026-09-23 03:56:05,SPXW,2026-09-23,P,7755.0,7764.6401,7.4,23.0,7.7,24.0,10.0,3481.0,204.0,0.1058,-0.3245,0.0102,-7.5338,1.2176,0.0
2026-09-23T17:54:02Z,2026-09-23 03:56:05,SPXW,2026-09-23,C,7760.0,7764.6401,19.8,12.0,20.2,13.0,18.7,4326.0,1343.0,0.1035,0.6255,0.0109,-9.0393,1.2776,0.0
2026-09-23T17:54:02Z,2026-09-23 03:56:05,SPXW,2026-09-23,P,7760.0,7764.6401,9.0,3.0,9.2,9.0,11.76,6136.0,260.0,0.1037,-0.3745,0.0109,-9.0393,1.2776,0.0
2026-09-23T17:54:02Z,2026-09-23 03:56:05,SPXW,2026-09-23,C,7765.0,7764.6401,16.7,9.0,17.0,11.0,15.7,7496.0,1175.0,0.1018,0.5706,0.0114,-10.895,1.3193,0.0
2026-09-23T17:54:02Z,2026-09-23 03:56:05,SPXW,2026-09-23,P,7765.0,7764.6401,10.8,13.0,11.1,22.0,14.05,5076.0,462.0,0.1028,-0.4294,0.0114,-10.895,1.3193,0.0
2026-09-23T17:54:02Z,2026-09-23 03:56:05,SPXW,2026-09-23,C,7770.0,7764.6401,13.9,1.0,14.1,1.0,13.3,11212.0,1547.0,0.1011,0.5129,0.0117,-13.0772,1.3378,0.0
2026-09-23T17:54:02Z,2026-09-23 03:56:05,SPXW,2026-09-23,P,7770.0,7764.6401,13.0,8.0,13.3,20.0,16.5,5971.0,428.0,0.1017,-0.4871,0.0117,-13.0772,1.3378,0.0
2026-09-23T17:54:02Z,2026-09-23 03:56:05,SPXW,2026-09-23,C,7775.0,7764.6401,11.4,13.0,11.7,20.0,11.0,12043.0,2933.0,0.1004,0.4541,0.0117,-11.6083,1.3305,0.0
2026-09-23T17:54:02Z,2026-09-23 03:56:05,SPXW,2026-09-23,P,7775.0,7764.6401,15.5,4.0,15.8,18.0,19.2,4497.0,185.0,0.1014,-0.5459,0.0117,-11.6083,1.3305,0.0
2026-09-23T17:54:02Z,2026-09-23 03:56:05,SPXW,2026-09-23,C,7780.0,7764.6401,9.4,1.0,9.5,15.0,9.2,10304.0,2384.0,0.1001,0.3957,0.0115,-9.4173,1.2966,0.0
2026-09-23T17:54:02Z,2026-09-23 03:56:05,SPXW,2026-09-23,P,7780.0,7764.6401,18.3,13.0,18.6,5.0,22.12,2571.0,152.0,0.1008,-0.6043,0.0115,-9.4173,1.2966,0.0
2026-09-23T17:54:02Z,2026-09-23 03:56:05,SPXW,2026-09-23,C,7785.0,7764.6401,7.4,24.0,7.7,21.0,7.5,4249.0,1581.0,0.1,0.3399,0.0109,-7.5938,1.2388,0.0
2026-09-23T17:54:02Z,2026-09-23 03:56:05,SPXW,2026-09-23,P,7785.0,7764.6401,21.5,9.0,21.8,4.0,25.7,880.0,160.0,0.101,-0.6601,0.0109,-7.5938,1.2388,0.0
2026-09-23T17:54:02Z,2026-09-23 03:56:05,SPXW,2026-09-23,C,7790.0,7764.6401,5.9,35.0,6.2,26.0,6.1,4905.0,2434.0,0.1009,0.2886,0.0101,-6.1056,1.1625,0.0
2026-09-23T17:54:02Z,2026-09-23 03:56:05,SPXW,2026-09-23,P,7790.0,7764.6401,24.9,6.0,25.4,3.0,29.13,598.0,70.0,0.1016,-0.7114,0.0101,-6.1056,1.1625,0.0
2026-09-23T17:54:02Z,2026-09-23 03:56:05,SPXW,2026-09-23,C,7795.0,7764.6401,4.7,36.0,4.9,14.0,4.93,5156.0,1050.0,0.1011,0.2408,0.0092,-4.8057,1.0693,0.0
2026-09-23T17:54:02Z,2026-09-23 03:56:05,SPXW,2026-09-23,P,7795.0,7764.6401,28.7,3.0,29.2,6.0,32.91,250.0,103.0,0.1023,-0.7592,0.0092,-4.8057,1.0693,0.0
2026-09-23T17:54:02Z,2026-09-23 03:56:05,SPXW,2026-09-23,C,7800.0,7764.6401,3.8,1.0,3.9,7.0,3.9,11250.0,2239.0,0.1025,0.2008,0.0082,-3.8512,0.9721,0.0
2026-09-23T17:54:02Z,2026-09-23 03:56:05,SPXW,2026-09-23,P,7800.0,7764.6401,32.7,3.0,33.2,3.0,36.4,694.0,774.0,0.1034,-0.7992,0.0082,-3.8512,0.9721,0.0
2026-09-23T17:54:02Z,2026-09-23 03:56:05,SPXW,2026-09-23,C,7805.0,7764.6401,3.0,18.0,3.2,32.0,3.0,4666.0,678.0,0.1044,0.167,0.0072,-3.1029,0.875,0.0
2026-09-23T17:54:02Z,2026-09-23 03:56:05,SPXW,2026-09-23,P,7805.0,7764.6401,36.9,3.0,37.4,3.0,40.9,116.0,108.0,0.1053,-0.833,0.0072,-3.1029,0.875,0.0
2026-09-23T17:54:02Z,2026-09-23 03:56:05,SPXW,2026-09-23,C,7810.0,7764.6401,2.35,34.0,2.5,29.0,2.5,6041.0,883.0,0.1053,0.1361,0.0062,-2.428,0.773,0.0
2026-09-23T17:54:02Z,2026-09-23 03:56:05,SPXW,2026-09-23,P,7810.0,7764.6401,41.3,3.0,41.8,3.0,46.0,79.0,9.0,0.1074,-0.8639,0.0062,-2.428,0.773,0.0
2026-09-23T17:54:02Z,2026-09-23 03:56:05,SPXW,2026-09-23,C,7815.0,7764.6401,1.9,39.0,2.0,10.0,1.97,3249.0,758.0,0.1074,0.1121,0.0053,-1.9504,0.6818,0.0
2026-09-23T17:54:02Z,2026-09-23 03:56:05,SPXW,2026-09-23,P,7815.0,7764.6401,45.6,2.0,46.5,3.0,49.52,67.0,9.0,0.1086,-0.8879,0.0053,-1.9504,0.6818,0.0
2026-09-23T17:54:02Z,2026-09-23 03:56:05,SPXW,2026-09-23,C,7820.0,7764.6401,1.55,5.0,1.6,1.0,1.57,4392.0,823.0,0.1096,0.0924,0.0045,-1.5752,0.5986,0.0
2026-09-23T17:54:02Z,2026-09-23 03:56:05,SPXW,2026-09-23,P,7820.0,7764.6401,50.3,2.0,51.1,2.0,54.07,54.0,15.0,0.1114,-0.9076,0.0045,-1.5752,0.5986,0.0
2026-09-23T17:54:02Z,2026-09-23 03:56:05,SPXW,2026-09-23,C,7825.0,7764.6401,1.25,48.0,1.3,1.0,1.3,4671.0,676.0,0.1118,0.0761,0.0038,-1.2751,0.5232,0.0
2026-09-23T17:54:02Z,2026-09-23 03:56:05,SPXW,2026-09-23,P,7825.0,7764.6401,55.0,2.0,55.8,2.0,59.93,22.0,6.0,0.114,-0.9239,0.0038,-1.2751,0.5232,0.0
2026-09-23T17:54:02Z,2026-09-23 03:56:05,SPXW,2026-09-23,C,7830.0,7764.6401,1.05,6.0,1.1,9.0,1.1,5415.0,457.0,0.1151,0.0643,0.0033,-1.0751,0.4632,0.0
2026-09-23T17:54:02Z,2026-09-23 03:56:05,SPXW,2026-09-23,P,7830.0,7764.6401,59.8,2.0,60.6,2.0,63.11,40.0,20.0,0.1164,-0.9357,0.0033,-1.0751,0.4632,0.0
2026-09-23T17:54:02Z,2026-09-23 03:56:05,SPXW,2026-09-23,C,7835.0,7764.6401,0.85,39.0,0.95,39.0,0.88,3381.0,189.0,0.1181,0.0541,0.0028,-0.9001,0.4079,0.0
2026-09-23T17:54:02Z,2026-09-23 03:56:05,SPXW,2026-09-23,P,7835.0,7764.6401,64.6,3.0,65.4,2.0,67.9,18.0,6.0,0.1202,-0.9459,0.0028,-0.9001,0.4079,0.0
2026-09-23T17:54:02Z,2026-09-23 03:56:05,SPXW,2026-09-23,C,7840.0,7764.6401,0.7,43.0,0.8,24.0,0.72,3707.0,695.0,0.1209,0.0454,0.0024,-0.7501,0.3574,0.0
2026-09-23T17:54:02Z,2026-09-23 03:56:05,SPXW,2026-09-23,P,7840.0,7764.6401,69.4,2.0,70.3,2.0,73.3,18.0,13.0,0.1233,-0.9546,0.0024,-0.7501,0.3574,0.0
2026-09-23T17:54:02Z,2026-09-23 03:56:05,SPXW,2026-09-23,C,7845.0,7764.6401,0.6,51.0,0.7,57.0,0.6,4106.0,593.0,0.1247,0.039,0.002,-0.6501,0.3183,0.0
2026-09-23T17:54:02Z,2026-09-23 03:56:05,SPXW,2026-09-23,P,7845.0,7764.6401,74.3,3.0,75.2,3.0,0.0,0.0,0.0,0.1272,-0.9609,0.002,-0.6502,0.3187,0.0
2026-09-23T17:54:02Z,2026-09-23 03:56:05,SPXW,2026-09-23,C,7850.0,7764.6401,0.5,83.0,0.6,38.0,0.57,11619.0,4935.0,0.1276,0.0331,0.0017,-0.55,0.2801,0.0
2026-09-23T17:54:02Z,2026-09-23 03:56:05,SPXW,2026-09-23,P,7850.0,7764.6401,79.2,2.0,80.1,3.0,82.49,678.0,13.0,0.1305,-0.9668,0.0017,-0.5501,0.2804,0.0
2026-09-23T17:54:02Z,2026-09-23 03:56:05,SPXW,2026-09-23,C,7855.0,7764.6401,0.45,57.0,0.55,76.0,0.48,1603.0,178.0,0.132,0.0296,0.0015,-0.5,0.2557,0.0
2026-09-23T17:54:02Z,2026-09-23 03:56:05,SPXW,2026-09-23,P,7855.0,7764.6401,84.0,4.0,85.1,4.0,87.49,9.0,0.0,0.1331,-0.9704,0.0015,-0.5,0.256,0.0
2026-09-23T17:54:02Z,2026-09-23 03:56:05,SPXW,2026-09-23,C,7860.0,7764.6401,0.4,60.0,0.5,132.0,0.42,1653.0,492.0,0.1363,0.0262,0.0013,-0.45,0.232,0.0
2026-09-23T17:54:02Z,2026-09-23 03:56:05,SPXW,2026-09-23,P,7860.0,7764.6401,89.0,4.0,90.0,2.0,91.0,34.0,1.0,0.1373,-0.9737,0.0013,-0.45,0.2325,0.0
2026-09-23T17:54:02Z,2026-09-23 03:56:05,SPXW,2026-09-23,C,7865.0,7764.6401,0.35,44.0,0.4,20.0,0.4,1368.0,447.0,0.1383,0.0221,0.0011,-0.3751,0.2024,0.0
2026-09-23T17:54:02Z,2026-09-23 03:56:05,SPXW,2026-09-23,P,7865.0,7764.6401,93.9,2.0,95.0,1.0,95.7,14.0,0.0,0.1412,-0.9779,0.0011,-0.3751,0.2024,0.0
2026-09-23T17:54:02Z,2026-09-23 03:56:05,SPXW,2026-09-23,C,7870.0,7764.6401,0.3,57.0,0.4,136.0,0.34,2702.0,699.0,0.1432,0.0202,0.001,-0.35,0.1872,0.0
2026-09-23T17:54:02Z,2026-09-23 03:56:05,SPXW,2026-09-23,P,7870.0,7764.6401,98.9,4.0,99.9,2.0,101.98,34.0,1.0,0.1446,-0.9798,0.001,-0.35,0.1876,0.0
2026-09-23T17:54:02Z,2026-09-23 03:56:05,SPXW,2026-09-23,C,7875.0,7764.6401,0.25,132.0,0.35,115.0,0.32,2627.0,786.0,0.1456,0.0173,0.0009,-0.3,0.1656,0.0
2026-09-23T17:54:02Z,2026-09-23 03:56:05,SPXW,2026-09-23,P,7875.0,7764.6401,103.8,2.0,104.9,4.0,106.98,22.0,6.0,0.1476,-0.9827,0.0009,-0.3,0.1656,0.0
2026-09-23T17:54:02Z,2026-09-23 03:56:05,SPXW,2026-09-23,C,7880.0,7764.6401,0.2,189.0,0.3,44.0,0.3,1755.0,906.0,0.1482,0.0145,0.0007,-0.25,0.1433,0.0
2026-09-23T17:54:02Z,2026-09-23 03:56:05,SPXW,2026-09-23,P,7880.0,7764.6401,108.8,2.0,109.8,2.0,250.51,0.0,1.0,0.1536,-0.9854,0.0008,-0.25,0.1437,0.0
2026-09-23T17:54:02Z,2026-09-23 03:56:05,SPXW,2026-09-23,C,7885.0,7764.6401,0.2,49.0,0.25,24.0,0.25,529.0,0.0,0.1514,0.013,0.0007,-0.225,0.1304,0.0
2026-09-23T17:54:02Z,2026-09-23 03:56:05,SPXW,2026-09-23,P,7885.0,7764.6401,113.8,4.0,114.8,2.0,0.0,0.0,0.0,0.1558,-0.987,0.0007,-0.225,0.1304,0.0
2026-09-23T17:54:02Z,2026-09-23 03:56:05,SPXW,2026-09-23,C,7890.0,7764.6401,0.15,199.0,0.25,103.0,0.25,1416.0,516.0,0.1551,0.0114,0.0006,-0.2,0.1171,0.0
2026-09-23T17:54:02Z,2026-09-23 03:56:05,SPXW,2026-09-23,P,7890.0,7764.6401,118.8,1.0,119.8,4.0,0.0,0.0,0.0,0.1574,-0.9885,0.0006,-0.2,0.1174,0.0
2026-09-23T17:54:02Z,2026-09-23 03:56:05,SPXW,2026-09-23,C,7895.0,7764.6401,0.15,46.0,0.25,119.0,0.25,335.0,0.0,0.1604,0.0111,0.0005,-0.2,0.1136,0.0
2026-09-23T17:54:02Z,2026-09-23 03:56:05,SPXW,2026-09-23,P,7895.0,7764.6401,123.7,2.0,124.8,4.0,0.0,0.0,0.0,0.163,-0.9889,0.0005,-0.2,0.1137,0.0
2026-09-23T17:54:02Z,2026-09-23 03:56:05,SPXW,2026-09-23,C,7900.0,7764.6401,0.1,219.0,0.15,30.0,0.15,6388.0,1910.0,0.1568,0.0074,0.0004,-0.125,0.0819,0.0
2026-09-23T17:54:02Z,2026-09-23 03:56:05,SPXW,2026-09-23,P,7900.0,7764.6401,128.7,2.0,129.7,2.0,132.71,12.0,9.0,0.1687,-0.9925,0.0004,-0.125,0.082,0.0
2026-09-23T17:54:02Z,2026-09-23 03:56:05,SPXW,2026-09-23,C,7905.0,7764.6401,0.1,137.0,0.15,1.0,0.15,583.0,0.0,0.1621,0.0072,0.0004,-0.125,0.0794,0.0
2026-09-23T17:54:02Z,2026-09-23 03:56:05,SPXW,2026-09-23,P,7905.0,7764.6401,124.4,2.0,144.2,1.0,145.94,1.0,0.0,0.1868,-0.9928,0.0004,-0.125,0.0795,0.0
2026-09-23T17:54:02Z,2026-09-23 03:56:05,SPXW,2026-09-23,C,7910.0,7764.6401,0.1,19.0,0.15,20.0,0.15,858.0,660.0,0.1674,0.007,0.0004,-0.125,0.0771,0.0
2026-09-23T17:54:02Z,2026-09-23 03:56:05,SPXW,2026-09-23,P,7910.0,7764.6401,129.4,2.0,149.2,1.0,144.37,12.0,1.0,0.1926,-0.993,0.0004,-0.125,0.0772,0.0
2026-09-23T17:54:02Z,2026-09-23 03:56:05,SPXW,2026-09-23,C,7915.0,7764.6401,0.05,377.0,0.15,51.0,0.15,426.0,0.0,0.1685,0.0057,0.0003,-0.1,0.0647,0.0
2026-09-23T17:54:02Z,2026-09-23 03:56:05,SPXW,2026-09-23,P,7915.0,7764.6401,134.4,2.0,154.2,1.0,0.0,0.0,0.0,0.1985,-0.9943,0.0003,-0.1,0.0649,0.0
2026-09-23T17:54:02Z,2026-09-23 03:56:05,SPXW,2026-09-23,C,7920.0,7764.6401,0.05,349.0,0.15,117.0,0.17,496.0,423.0,0.1737,0.0056,0.0003,-0.1,0.063,0.0
2026-09-23T17:54:02Z,2026-09-23 03:56:05,SPXW,2026-09-23,P,7920.0,7764.6401,139.4,2.0,159.2,1.0,151.79,11.0,0.0,0.2044,-0.9944,0.0003,-0.1,0.0631,0.0
2026-09-23T17:54:02Z,2026-09-23 03:56:05,SPXW,2026-09-23,C,7925.0,7764.6401,0.05,226.0,0.1,4.0,0.15,346.0,743.0,0.1732,0.0043,0.0002,-0.075,0.0506,0.0
2026-09-23T17:54:02Z,2026-09-23 03:56:05,SPXW,2026-09-23,P,7925.0,7764.6401,144.4,1.0,164.1,1.0,153.89,5.0,4.0,0.2102,-0.9957,0.0002,-0.075,0.0507,0.0
2026-09-23T17:54:02Z,2026-09-23 03:56:05,SPXW,2026-09-23,C,7930.0,7764.6401,0.05,153.0,0.15,143.0,0.1,290.0,394.0,0.1837,0.0053,0.0002,-0.1,0.0597,0.0
2026-09-23T17:54:02Z,2026-09-23 03:56:05,SPXW,2026-09-23,P,7930.0,7764.6401,149.4,1.0,169.1,1.0,160.5,2.0,0.0,0.216,-0.9947,0.0002,-0.1,0.0598,0.0
2026-09-23T17:54:02Z,2026-09-23 03:56:05,SPXW,2026-09-23,C,7935.0,7764.6401,0.05,125.0,0.15,140.0,0.1,187.0,0.0,0.1886,0.0052,0.0002,-0.1,0.0583,0.0
2026-09-23T17:54:02Z,2026-09-23 03:56:05,SPXW,2026-09-23,P,7935.0,7764.6401,154.4,1.0,174.1,1.0,0.0,0.0,0.0,0.2217,-0.9948,0.0002,-0.1,0.0583,0.0
2026-09-23T17:54:02Z,2026-09-23 03:56:05,SPXW,2026-09-23,C,7940.0,7764.6401,0.05,21.0,0.1,24.0,0.1,1034.0,93.0,0.1882,0.004,0.0002,-0.075,0.0467,0.0
2026-09-23T17:54:02Z,2026-09-23 03:56:05,SPXW,2026-09-23,P,7940.0,7764.6401,159.3,2.0,179.2,2.0,0.0,0.0,0.0,0.2184,-0.996,0.0002,-0.075,0.0468,0.0
2026-09-23T17:54:02Z,2026-09-23 03:56:05,SPXW,2026-09-23,C,7945.0,7764.6401,0.05,45.0,0.1,54.0,0.1,319.0,0.0,0.1928,0.0039,0.0002,-0.075,0.0457,0.0
2026-09-23T17:54:02Z,2026-09-23 03:56:05,SPXW,2026-09-23,P,7945.0,7764.6401,164.3,2.0,184.2,2.0,0.0,0.0,0.0,0.2239,-0.9961,0.0002,-0.075,0.0457,0.0
2026-09-23T17:54:02Z,2026-09-23 03:56:05,SPXW,2026-09-23,C,7950.0,7764.6401,0.05,22.0,0.1,63.0,0.1,561.0,1159.0,0.1977,0.0038,0.0002,-0.075,0.0446,0.0
2026-09-23T17:54:02Z,2026-09-23 03:56:05,SPXW,2026-09-23,P,7950.0,7764.6401,169.4,1.0,189.2,2.0,0.0,0.0,0.0,0.2344,-0.9962,0.0002,-0.075,0.0446,0.0
2026-09-23T17:54:02Z,2026-09-23 03:56:05,SPXW,2026-09-23,C,7955.0,7764.6401,0.0,0.0,0.1,105.0,0.1,63.0,0.0,0.1946,0.0027,0.0001,-0.05,0.033,0.0
2026-09-23T17:54:02Z,2026-09-23 03:56:05,SPXW,2026-09-23,P,7955.0,7764.6401,174.4,1.0,194.2,2.0,0.0,0.0,0.0,0.24,-0.9973,0.0001,-0.05,0.033,0.0
2026-09-23T17:54:02Z,2026-09-23 03:56:05,SPXW,2026-09-23,C,7960.0,7764.6401,0.0,0.0,0.1,121.0,0.1,67.0,0.0,0.1993,0.0026,0.0001,-0.05,0.0322,0.0
2026-09-23T17:54:02Z,2026-09-23 03:56:05,SPXW,2026-09-23,P,7960.0,7764.6401,179.4,1.0,199.2,2.0,0.0,0.0,0.0,0.2456,-0.9974,0.0001,-0.05,0.0322,0.0
2026-09-23T17:54:02Z,2026-09-23 03:56:05,SPXW,2026-09-23,C,7965.0,7764.6401,0.0,0.0,0.1,130.0,0.1,115.0,0.0,0.204,0.0026,0.0001,-0.05,0.0315,0.0
2026-09-23T17:54:02Z,2026-09-23 03:56:05,SPXW,2026-09-23,P,7965.0,7764.6401,176.5,25.0,220.0,1.0,0.0,0.0,0.0,0.2459,-0.9974,0.0001,-0.05,0.0315,0.0
2026-09-23T17:54:02Z,2026-09-23 03:56:05,SPXW,2026-09-23,C,7970.0,7764.6401,0.0,0.0,0.1,131.0,0.1,197.0,0.0,0.2087,0.0025,0.0001,-0.05,0.0308,0.0
2026-09-23T17:54:02Z,2026-09-23 03:56:05,SPXW,2026-09-23,P,7970.0,7764.6401,181.5,25.0,224.9,1.0,0.0,0.0,0.0,0.3986,-0.9975,0.0001,-0.05,0.0308,0.0
2026-09-23T17:54:02Z,2026-09-23 03:56:05,SPXW,2026-09-23,C,7975.0,7764.6401,0.0,0.0,0.1,135.0,0.1,342.0,383.0,0.2134,0.0025,0.0001,-0.05,0.0301,0.0
2026-09-23T17:54:02Z,2026-09-23 03:56:05,SPXW,2026-09-23,P,7975.0,7764.6401,186.5,25.0,229.9,1.0,0.0,0.0,0.0,0.4061,-0.9975,0.0001,-0.05,0.0301,0.0
2026-09-23T17:54:02Z,2026-09-23 03:56:05,SPXW,2026-09-23,C,7980.0,7764.6401,0.0,0.0,0.1,144.0,0.1,18.0,0.0,0.2183,0.0024,0.0001,-0.05,0.0294,0.0
2026-09-23T17:54:02Z,2026-09-23 03:56:05,SPXW,2026-09-23,P,7980.0,7764.6401,191.5,25.0,234.9,1.0,0.0,0.0,0.0,0.4137,-0.9976,0.0001,-0.05,0.0295,0.0
2026-09-23T17:54:02Z,2026-09-23 03:56:05,SPXW,2026-09-23,C,7985.0,7764.6401,0.0,0.0,0.1,135.0,0.08,4025.0,0.0,0.2229,0.0024,0.0001,-0.05,0.0289,0.0
2026-09-23T17:54:02Z,2026-09-23 03:56:05,SPXW,2026-09-23,P,7985.0,7764.6401,196.5,25.0,240.2,25.0,0.0,0.0,0.0,0.4245,-0.9976,0.0001,-0.05,0.0289,0.0
2026-09-23T17:54:02Z,2026-09-23 03:56:05,SPXW,2026-09-23,C,7990.0,7764.6401,0.0,0.0,0.1,149.0,0.05,31.0,0.0,0.2276,0.0023,0.0001,-0.05,0.0283,0.0
2026-09-23T17:54:02Z,2026-09-23 03:56:05,SPXW,2026-09-23,P,7990.0,7764.6401,201.5,25.0,245.2,25.0,0.0,0.0,0.0,0.432,-0.9977,0.0001,-0.05,0.0283,0.0
2026-09-23T17:54:02Z,2026-09-23 03:56:05,SPXW,2026-09-23,C,7995.0,7764.6401,0.0,0.0,0.1,152.0,0.1,69.0,0.0,0.2322,0.0023,0.0001,-0.05,0.0277,0.0
2026-09-23T17:54:02Z,2026-09-23 03:56:05,SPXW,2026-09-23,P,7995.0,7764.6401,206.5,25.0,250.1,25.0,0.0,0.0,0.0,0.2548,-0.9977,0.0001,-0.05,0.0278,0.0
2026-09-23T17:54:02Z,2026-09-23 03:56:05,SPXW,2026-09-23,C,8000.0,7764.6401,0.0,0.0,0.1,160.0,0.1,888.0,3883.0,0.2367,0.0023,0.0001,-0.05,0.0272,0.0
2026-09-23T17:54:02Z,2026-09-23 03:56:05,SPXW,2026-09-23,P,8000.0,7764.6401,228.6,3.0,229.6,3.0,0.0,0.0,0.0,0.2598,-0.9977,0.0001,-0.05,0.0272,0.0
2026-09-23T17:54:02Z,2026-09-23 03:56:05,SPXW,2026-09-23,C,8010.0,7764.6401,0.0,0.0,0.1,152.0,0.05,57.0,0.0,0.2461,0.0022,0.0001,-0.05,0.0262,0.0
2026-09-23T17:54:02Z,2026-09-23 03:56:05,SPXW,2026-09-23,P,8010.0,7764.6401,221.5,25.0,265.1,25.0,0.0,0.0,0.0,0.4606,-0.9978,0.0001,-0.05,0.0263,0.0
2026-09-23T17:54:02Z,2026-09-23 03:56:05,SPXW,2026-09-23,C,8020.0,7764.6401,0.0,0.0,0.05,22.0,0.05,78.0,0.0,0.2402,0.0012,0.0,-0.025,0.0153,0.0
2026-09-23T17:54:02Z,2026-09-23 03:56:05,SPXW,2026-09-23,P,8020.0,7764.6401,231.4,25.0,275.1,25.0,0.0,0.0,0.0,0.474,-0.9988,0.0,-0.025,0.0154,0.0
2026-09-23T17:54:02Z,2026-09-23 03:56:05,SPXW,2026-09-23,C,8025.0,7764.6401,0.0,0.0,0.05,22.0,0.07,204.0,159.0,0.2446,0.0012,0.0,-0.025,0.0151,0.0
2026-09-23T17:54:02Z,2026-09-23 03:56:05,SPXW,2026-09-23,P,8025.0,7764.6401,236.4,25.0,280.0,1.0,383.87,0.0,2.0,0.4801,-0.9988,0.0,-0.025,0.0151,0.0
2026-09-23T17:54:02Z,2026-09-23 03:56:05,SPXW,2026-09-23,C,8030.0,7764.6401,0.0,0.0,0.05,22.0,0.05,48.0,0.0,0.2489,0.0012,0.0,-0.025,0.0148,0.0
2026-09-23T17:54:02Z,2026-09-23 03:56:05,SPXW,2026-09-23,P,8030.0,7764.6401,241.4,25.0,285.1,25.0,0.0,0.0,0.0,0.4886,-0.9988,0.0,-0.025,0.0148,0.0
2026-09-23T17:54:02Z,2026-09-23 03:56:05,SPXW,2026-09-23,C,8040.0,7764.6401,0.0,0.0,0.05,23.0,0.05,938.0,0.0,0.2576,0.0011,0.0,-0.025,0.0143,0.0
2026-09-23T17:54:02Z,2026-09-23 03:56:05,SPXW,2026-09-23,P,8040.0,7764.6401,251.4,25.0,295.1,25.0,0.0,0.0,0.0,0.503,-0.9989,0.0,-0.025,0.0143,0.0
2026-09-23T17:54:02Z,2026-09-23 03:56:05,SPXW,2026-09-23,C,8050.0,7764.6401,0.0,0.0,0.05,30.0,0.05,482.0,397.0,0.2662,0.0011,0.0,-0.025,0.0139,0.0
2026-09-23T17:54:02Z,2026-09-23 03:56:05,SPXW,2026-09-23,P,8050.0,7764.6401,261.4,25.0,305.1,25.0,302.45,0.0,0.0,0.5173,-0.9989,0.0,-0.025,0.0139,0.0
2026-09-23T17:54:02Z,2026-09-23 03:56:05,SPXW,2026-09-23,C,8060.0,7764.6401,0.0,0.0,0.05,32.0,0.05,204.0,0.0,0.2751,0.001,0.0,-0.025,0.0134,0.0
2026-09-23T17:54:02Z,2026-09-23 03:56:05,SPXW,2026-09-23,P,8060.0,7764.6401,271.4,25.0,315.1,25.0,0.0,0.0,0.0,0.5316,-0.999,0.0,-0.025,0.0134,0.0
2026-09-23T17:54:02Z,2026-09-23 03:56:05,SPXW,2026-09-23,C,8070.0,7764.6401,0.0,0.0,0.05,60.0,0.1,61.0,0.0,0.2837,0.001,0.0,-0.025,0.013,0.0
2026-09-23T17:54:02Z,2026-09-23 03:56:05,SPXW,2026-09-23,P,8070.0,7764.6401,281.4,25.0,325.1,25.0,0.0,0.0,0.0,0.5458,-0.999,0.0,-0.025,0.013,0.0
2026-09-23T17:54:02Z,2026-09-23 03:56:05,SPXW,2026-09-23,C,8075.0,7764.6401,0.0,0.0,0.05,61.0,0.05,464.0,130.0,0.2879,0.001,0.0,-0.025,0.0128,0.0
2026-09-23T17:54:02Z,2026-09-23 03:56:05,SPXW,2026-09-23,P,8075.0,7764.6401,286.4,25.0,329.7,1.0,0.0,0.0,0.0,0.5474,-0.999,0.0,-0.025,0.0128,0.0
2026-09-23T17:54:02Z,2026-09-23 03:56:05,SPXW,2026-09-23,C,8100.0,7764.6401,0.0,0.0,0.05,55.0,0.05,646.0,173.0,0.3091,0.0009,0.0,-0.025,0.012,0.0
2026-09-23T17:54:02Z,2026-09-23 03:56:05,SPXW,2026-09-23,P,8100.0,7764.6401,311.4,25.0,354.9,1.0,0.0,0.0,0.0,0.5849,-0.999,0.0,-0.025,0.012,0.0
2026-09-23T17:54:02Z,2026-09-23 03:56:05,SPXW,2026-09-23,C,8125.0,7764.6401,0.0,0.0,0.05,383.0,0.05,262.0,197.0,0.3301,0.0009,0.0,-0.025,0.0112,0.0
2026-09-23T17:54:02Z,2026-09-23 03:56:05,SPXW,2026-09-23,P,8125.0,7764.6401,336.4,25.0,379.9,1.0,0.0,0.0,0.0,0.6193,-0.9991,0.0,-0.025,0.0112,0.0
2026-09-23T17:54:02Z,2026-09-23 03:56:05,SPXW,2026-09-23,C,8150.0,7764.6401,0.0,0.0,0.05,405.0,0.05,608.0,136.0,0.3509,0.0008,0.0,-0.025,0.0106,0.0
2026-09-23T17:54:02Z,2026-09-23 03:56:05,SPXW,2026-09-23,P,8150.0,7764.6401,361.4,25.0,404.9,1.0,524.12,0.0,2.0,0.6532,-0.9992,0.0,-0.025,0.0106,0.0
2026-09-23T17:54:02Z,2026-09-23 03:56:05,SPXW,2026-09-23,C,8175.0,7764.6401,0.0,0.0,0.05,417.0,0.05,354.0,70.0,0.3716,0.0008,0.0,-0.025,0.01,0.0
2026-09-23T17:54:02Z,2026-09-23 03:56:05,SPXW,2026-09-23,P,8175.0,7764.6401,386.4,25.0,430.0,1.0,0.0,0.0,0.0,0.6882,-0.9992,0.0,-0.025,0.01,0.0
2026-09-23T17:54:02Z,2026-09-23 03:56:05,SPXW,2026-09-23,C,8200.0,7764.6401,0.0,0.0,0.05,438.0,0.05,131.0,43.0,0.3921,0.0008,0.0,-0.025,0.0095,0.0
2026-09-23T17:54:02Z,2026-09-23 03:56:05,SPXW,2026-09-23,P,8200.0,7764.6401,411.4,25.0,455.1,25.0,574.02,0.0,2.0,0.723,-0.9992,0.0,-0.025,0.0095,0.0
2026-09-23T17:54:02Z,2026-09-23 03:56:05,SPXW,2026-09-23,C,8225.0,7764.6401,0.0,0.0,0.05,443.0,0.1,0.0,3.0,0.4125,0.0007,0.0,-0.025,0.009,0.0
2026-09-23T17:54:02Z,2026-09-23 03:56:05,SPXW,2026-09-23,P,8225.0,7764.6401,436.4,25.0,479.9,1.0,0.0,0.0,0.0,0.7525,-0.9993,0.0,-0.025,0.009,0.0
2026-09-23T17:54:02Z,2026-09-23 03:56:05,SPXW,2026-09-23,C,8250.0,7764.6401,0.0,0.0,0.05,483.0,0.03,18.0,102.0,0.4327,0.0007,0.0,-0.025,0.0086,0.0
2026-09-23T17:54:02Z,2026-09-23 03:56:05,SPXW,2026-09-23,P,8250.0,7764.6401,461.4,25.0,505.1,26.0,0.0,0.0,0.0,0.7883,-0.9993,0.0,-0.025,0.0086,0.0
2026-09-23T17:54:02Z,2026-09-23 03:56:05,SPXW,2026-09-23,C,8275.0,7764.6401,0.0,0.0,0.05,483.0,0.05,0.0,186.0,0.4528,0.0007,0.0,-0.025,0.0083,0.0
2026-09-23T17:54:02Z,2026-09-23 03:56:05,SPXW,2026-09-23,P,8275.0,7764.6401,486.4,25.0,529.6,1.0,0.0,0.0,0.0,0.8115,-0.9993,0.0,-0.025,0.0083,0.0
2026-09-23T17:54:02Z,2026-09-23 03:56:05,SPXW,2026-09-23,C,8300.0,7764.6401,0.0,0.0,0.05,535.0,0.06,0.0,2341.0,0.4728,0.0006,0.0,-0.025,0.0079,0.0
2026-09-23T17:54:02Z,2026-09-23 03:56:05,SPXW,2026-09-23,P,8300.0,7764.6401,511.4,25.0,554.9,1.0,0.0,0.0,0.0,0.8487,-0.9994,0.0,-0.025,0.0079,0.0
2026-09-23T17:54:02Z,2026-09-23 03:56:05,SPXW,2026-09-23,C,8400.0,7764.6401,0.0,0.0,0.05,560.0,0.05,0.0,992.0,0.552,0.0006,0.0,-0.025,0.0068,0.0
2026-09-23T17:54:02Z,2026-09-23 03:56:05,SPXW,2026-09-23,P,8400.0,7764.6401,611.4,25.0,655.0,1.0,0.0,0.0,0.0,0.9749,-0.9994,0.0,-0.025,0.0069,0.0
2026-09-23T17:54:02Z,2026-09-23 03:56:05,SPXW,2026-09-23,C,8500.0,7764.6401,0.0,0.0,0.05,600.0,0.05,0.0,338.0,0.6288,0.0005,0.0,-0.025,0.006,0.0
2026-09-23T17:54:02Z,2026-09-23 03:56:05,SPXW,2026-09-23,P,8500.0,7764.6401,711.4,25.0,755.1,25.0,0.0,0.0,0.0,1.0974,-0.9995,0.0,-0.025,0.006,0.0
2026-09-23T17:54:02Z,2026-09-23 03:56:05,SPXW,2026-09-24,C,7000.0,7764.6401,756.8,2.0,780.8,2.0,754.46,0.0,1.0,0.0,0.999,0.0,-0.0637,0.0175,0.1914
2026-09-23T17:54:02Z,2026-09-23 03:56:05,SPXW,2026-09-24,P,7000.0,7764.6401,0.0,0.0,0.1,30.0,0.15,13.0,269.0,0.4889,-0.0009,0.0,-0.0637,0.0175,-0.0002
2026-09-23T17:54:02Z,2026-09-23 03:56:05,SPXW,2026-09-24,C,7025.0,7764.6401,731.6,2.0,755.6,2.0,729.82,0.0,2.0,0.0,0.9989,0.0,-0.0677,0.0189,0.1921
2026-09-23T17:54:02Z,2026-09-23 03:56:05,SPXW,2026-09-24,P,7025.0,7764.6401,0.0,0.0,0.1,29.0,0.1,54.0,237.0,0.4736,-0.001,0.0,-0.0677,0.0189,-0.0002
2026-09-23T17:54:02Z,2026-09-23 03:56:05,SPXW,2026-09-24,C,7040.0,7764.6401,716.7,2.0,740.7,2.0,714.5,0.0,1.0,0.0,0.9989,0.0,-0.0702,0.0198,0.1925
2026-09-23T17:54:02Z,2026-09-23 03:56:05,SPXW,2026-09-24,P,7040.0,7764.6401,0.05,25.0,0.1,28.0,0.0,0.0,0.0,0.4797,-0.0011,0.0,-0.0703,0.0198,-0.0002
2026-09-23T17:54:02Z,2026-09-23 03:56:05,SPXW,2026-09-24,C,7050.0,7764.6401,706.6,2.0,730.6,2.0,0.0,0.0,0.0,0.0,0.9989,0.0,-0.072,0.0204,0.1928
2026-09-23T17:54:02Z,2026-09-23 03:56:05,SPXW,2026-09-24,P,7050.0,7764.6401,0.05,27.0,0.1,27.0,0.12,4.0,738.0,0.4733,-0.0011,0.0,-0.0721,0.0204,-0.0002
2026-09-23T17:54:02Z,2026-09-23 03:56:05,SPXW,2026-09-24,C,7060.0,7764.6401,696.8,2.0,720.8,2.0,0.0,0.0,0.0,0.0,0.9988,0.0,-0.0739,0.0211,0.193
2026-09-23T17:54:02Z,2026-09-23 03:56:05,SPXW,2026-09-24,P,7060.0,7764.6401,0.05,27.0,0.1,27.0,0.15,2.0,211.0,0.467,-0.0012,0.0,-0.0739,0.0211,-0.0002
2026-09-23T17:54:02Z,2026-09-23 03:56:05,SPXW,2026-09-24,C,7070.0,7764.6401,686.7,2.0,710.7,2.0,0.0,0.0,0.0,0.0,0.9988,0.0,-0.0758,0.0218,0.1933
2026-09-23T17:54:02Z,2026-09-23 03:56:05,SPXW,2026-09-24,P,7070.0,7764.6401,0.05,28.0,0.1,26.0,0.25,0.0,2.0,0.4606,-0.0012,0.0,-0.0759,0.0218,-0.0002
2026-09-23T17:54:02Z,2026-09-23 03:56:05,SPXW,2026-09-24,C,7075.0,7764.6401,681.7,2.0,705.7,2.0,562.16,0.0,58.0,0.0,0.9988,0.0,-0.0768,0.0221,0.1934
2026-09-23T17:54:02Z,2026-09-23 03:56:05,SPXW,2026-09-24,P,7075.0,7764.6401,0.05,28.0,0.1,26.0,0.12,3.0,254.0,0.4575,-0.0012,0.0,-0.0769,0.0221,-0.0002
2026-09-23T17:54:02Z,2026-09-23 03:56:05,SPXW,2026-09-24,C,7080.0,7764.6401,676.8,2.0,700.8,2.0,556.96,0.0,58.0,0.0,0.9987,0.0,-0.0779,0.0225,0.1936
2026-09-23T17:54:02Z,2026-09-23 03:56:05,SPXW,2026-09-24,P,7080.0,7764.6401,0.05,28.0,0.1,25.0,0.15,8.0,77.0,0.4543,-0.0012,0.0,-0.0779,0.0225,-0.0002
2026-09-23T17:54:02Z,2026-09-23 03:56:05,SPXW,2026-09-24,C,7090.0,7764.6401,666.8,2.0,690.8,2.0,0.0,0.0,0.0,0.0,0.9987,0.0,-0.0799,0.0232,0.1938
2026-09-23T17:54:02Z,2026-09-23 03:56:05,SPXW,2026-09-24,P,7090.0,7764.6401,0.05,28.0,0.1,25.0,0.35,0.0,2.0,0.448,-0.0013,0.0,-0.08,0.0232,-0.0003
2026-09-23T17:54:02Z,2026-09-23 03:56:05,SPXW,2026-09-24,C,7100.0,7764.6401,656.6,2.0,680.6,2.0,670.22,0.0,1.0,0.0,0.9986,0.0,-0.0821,0.024,0.1941
2026-09-23T17:54:02Z,2026-09-23 03:56:05,SPXW,2026-09-24,P,7100.0,7764.6401,0.05,48.0,0.1,24.0,0.15,285.0,613.0,0.4416,-0.0013,0.0,-0.0822,0.024,-0.0003
2026-09-23T17:54:02Z,2026-09-23 03:56:05,SPXW,2026-09-24,C,7110.0,7764.6401,646.7,2.0,670.7,2.0,0.0,0.0,0.0,0.0,0.9986,0.0,-0.0844,0.0248,0.1944
2026-09-23T17:54:02Z,2026-09-23 03:56:05,SPXW,2026-09-24,P,7110.0,7764.6401,0.05,29.0,0.1,6.0,0.25,0.0,41.0,0.4353,-0.0014,0.0,-0.0844,0.0248,-0.0003
2026-09-23T17:54:02Z,2026-09-23 03:56:05,SPXW,2026-09-24,C,7120.0,7764.6401,636.7,2.0,660.7,2.0,0.0,0.0,0.0,0.0,0.9986,0.0,-0.0867,0.0257,0.1946
2026-09-23T17:54:02Z,2026-09-23 03:56:05,SPXW,2026-09-24,P,7120.0,7764.6401,0.05,29.0,0.15,122.0,0.1,10.0,44.0,0.4397,-0.0014,0.0,-0.0867,0.0257,-0.0003
2026-09-23T17:54:02Z,2026-09-23 03:56:05,SPXW,2026-09-24,C,7125.0,7764.6401,631.5,2.0,655.5,2.0,0.0,0.0,0.0,0.0,0.9985,0.0,-0.0879,0.0261,0.1948
2026-09-23T17:54:02Z,2026-09-23 03:56:05,SPXW,2026-09-24,P,7125.0,7764.6401,0.05,29.0,0.15,120.0,0.1,8.0,322.0,0.4364,-0.0014,0.0,-0.088,0.0262,-0.0003
2026-09-23T17:54:02Z,2026-09-23 03:56:05,SPXW,2026-09-24,C,7130.0,7764.6401,626.7,2.0,650.7,2.0,0.0,0.0,0.0,0.0,0.9985,0.0,-0.0892,0.0266,0.1949
2026-09-23T17:54:02Z,2026-09-23 03:56:05,SPXW,2026-09-24,P,7130.0,7764.6401,0.05,29.0,0.15,119.0,0.17,2.0,34.0,0.4332,-0.0015,0.0,-0.0892,0.0266,-0.0003
2026-09-23T17:54:02Z,2026-09-23 03:56:05,SPXW,2026-09-24,C,7140.0,7764.6401,616.7,2.0,640.7,2.0,0.0,0.0,0.0,0.0,0.9984,0.0,-0.0917,0.0276,0.1952
2026-09-23T17:54:02Z,2026-09-23 03:56:05,SPXW,2026-09-24,P,7140.0,7764.6401,0.05,30.0,0.15,120.0,0.3,0.0,32.0,0.4268,-0.0015,0.0,-0.0917,0.0276,-0.0003
2026-09-23T17:54:02Z,2026-09-23 03:56:05,SPXW,2026-09-24,C,7150.0,7764.6401,606.7,2.0,630.7,2.0,476.82,0.0,3.0,0.0,0.9984,0.0,-0.0943,0.0286,0.1954
2026-09-23T17:54:02Z,2026-09-23 03:56:05,SPXW,2026-09-24,P,7150.0,7764.6401,0.05,30.0,0.15,119.0,0.15,31.0,246.0,0.4203,-0.0016,0.0,-0.0944,0.0286,-0.0003
2026-09-23T17:54:02Z,2026-09-23 03:56:05,SPXW,2026-09-24,C,7160.0,7764.6401,596.7,2.0,620.7,2.0,0.0,0.0,0.0,0.0,0.9983,0.0,-0.0971,0.0296,0.1957
2026-09-23T17:54:02Z,2026-09-23 03:56:05,SPXW,2026-09-24,P,7160.0,7764.6401,0.05,30.0,0.15,118.0,0.2,1.0,172.0,0.4138,-0.0016,0.0,-0.0971,0.0296,-0.0003
2026-09-23T17:54:02Z,2026-09-23 03:56:05,SPXW,2026-09-24,C,7170.0,7764.6401,586.8,2.0,610.8,2.0,0.0,0.0,0.0,0.0,0.9982,0.0,-0.1,0.0307,0.1959
2026-09-23T17:54:02Z,2026-09-23 03:56:05,SPXW,2026-09-24,P,7170.0,7764.6401,0.05,148.0,0.15,116.0,0.1,2.0,87.0,0.4074,-0.0017,0.0,-0.1,0.0307,-0.0004
2026-09-23T17:54:02Z,2026-09-23 03:56:05,SPXW,2026-09-24,C,7175.0,7764.6401,581.7,2.0,605.7,2.0,0.0,0.0,0.0,0.0,0.9982,0.0,-0.1015,0.0313,0.1961
2026-09-23T17:54:02Z,2026-09-23 03:56:05,SPXW,2026-09-24,P,7175.0,7764.6401,0.05,155.0,0.15,113.0,0.1,81.0,3720.0,0.4042,-0.0018,0.0,-0.1015,0.0313,-0.0004
2026-09-23T17:54:02Z,2026-09-23 03:56:05,SPXW,2026-09-24,C,7180.0,7764.6401,576.7,2.0,600.7,2.0,0.0,0.0,0.0,0.0,0.9982,0.0,-0.103,0.0319,0.1962
2026-09-23T17:54:02Z,2026-09-23 03:56:05,SPXW,2026-09-24,P,7180.0,7764.6401,0.05,148.0,0.15,89.0,0.1,1.0,253.0,0.4009,-0.0018,0.0,-0.103,0.0319,-0.0004
2026-09-23T17:54:02Z,2026-09-23 03:56:05,SPXW,2026-09-24,C,7185.0,7764.6401,571.8,2.0,595.8,2.0,0.0,0.0,0.0,0.0,0.9981,0.0,-0.1045,0.0325,0.1963
2026-09-23T17:54:02Z,2026-09-23 03:56:05,SPXW,2026-09-24,P,7185.0,7764.6401,0.05,152.0,0.15,88.0,0.45,0.0,3.0,0.3977,-0.0018,0.0,-0.1046,0.0325,-0.0004
2026-09-23T17:54:02Z,2026-09-23 03:56:05,SPXW,2026-09-24,C,7190.0,7764.6401,566.8,2.0,590.8,2.0,0.0,0.0,0.0,0.0,0.9981,0.0,-0.1061,0.0331,0.1965
2026-09-23T17:54:02Z,2026-09-23 03:56:05,SPXW,2026-09-24,P,7190.0,7764.6401,0.05,156.0,0.15,29.0,0.15,100.0,172.0,0.3945,-0.0019,0.0,-0.1062,0.0331,-0.0004
2026-09-23T17:54:02Z,2026-09-23 03:56:05,SPXW,2026-09-24,C,7195.0,7764.6401,561.8,2.0,585.8,2.0,0.0,0.0,0.0,0.0,0.9981,0.0,-0.1078,0.0337,0.1966
2026-09-23T17:54:02Z,2026-09-23 03:56:05,SPXW,2026-09-24,P,7195.0,7764.6401,0.05,202.0,0.15,28.0,0.15,666.0,10.0,0.3913,-0.0019,0.0,-0.1078,0.0338,-0.0004
2026-09-23T17:54:02Z,2026-09-23 03:56:05,SPXW,2026-09-24,C,7200.0,7764.6401,556.7,2.0,580.7,2.0,561.1,0.0,0.0,0.0,0.998,0.0,-0.1094,0.0344,0.1967
2026-09-23T17:54:02Z,2026-09-23 03:56:05,SPXW,2026-09-24,P,7200.0,7764.6401,0.05,207.0,0.15,27.0,0.15,386.0,492.0,0.388,-0.0019,0.0,-0.1095,0.0344,-0.0004
2026-09-23T17:54:02Z,2026-09-23 03:56:05,SPXW,2026-09-24,C,7205.0,7764.6401,551.8,2.0,575.8,2.0,0.0,0.0,0.0,0.0,0.998,0.0,-0.1111,0.035,0.1968
2026-09-23T17:54:02Z,2026-09-23 03:56:05,SPXW,2026-09-24,P,7205.0,7764.6401,0.05,214.0,0.15,27.0,0.1,8.0,7.0,0.3848,-0.002,0.0,-0.1112,0.0351,-0.0004
2026-09-23T17:54:02Z,2026-09-23 03:56:05,SPXW,2026-09-24,C,7210.0,7764.6401,546.8,2.0,570.8,2.0,0.0,0.0,0.0,0.0,0.998,0.0,-0.1128,0.0357,0.197
2026-09-23T17:54:02Z,2026-09-23 03:56:05,SPXW,2026-09-24,P,7210.0,7764.6401,0.05,220.0,0.15,26.0,0.15,29.0,140.0,0.3816,-0.002,0.0,-0.1129,0.0357,-0.0004
2026-09-23T17:54:02Z,2026-09-23 03:56:05,SPXW,2026-09-24,C,7215.0,7764.6401,541.8,2.0,565.8,2.0,0.0,0.0,0.0,0.0,0.9979,0.0,-0.1146,0.0364,0.1971
2026-09-23T17:54:02Z,2026-09-23 03:56:05,SPXW,2026-09-24,P,7215.0,7764.6401,0.05,224.0,0.15,26.0,0.25,1.0,2.0,0.3784,-0.0021,0.0,-0.1147,0.0364,-0.0004
2026-09-23T17:54:02Z,2026-09-23 03:56:05,SPXW,2026-09-24,C,7220.0,7764.6401,536.6,2.0,560.6,2.0,0.0,0.0,0.0,0.0,0.9979,0.0,-0.1165,0.0371,0.1972
2026-09-23T17:54:02Z,2026-09-23 03:56:05,SPXW,2026-09-24,P,7220.0,7764.6401,0.05,211.0,0.15,25.0,0.15,1.0,247.0,0.3751,-0.0021,0.0,-0.1165,0.0371,-0.0004
2026-09-23T17:54:02Z,2026-09-23 03:56:05,SPXW,2026-09-24,C,7225.0,7764.6401,531.7,2.0,555.7,2.0,0.0,0.0,0.0,0.0,0.9978,0.0,-0.1183,0.0378,0.1974
2026-09-23T17:54:02Z,2026-09-23 03:56:05,SPXW,2026-09-24,P,7225.0,7764.6401,0.05,216.0,0.15,24.0,0.15,4.0,226.0,0.3719,-0.0022,0.0,-0.1184,0.0379,-0.0004
2026-09-23T17:54:02Z,2026-09-23 03:56:05,SPXW,2026-09-24,C,7230.0,7764.6401,526.6,2.0,550.6,2.0,0.0,0.0,0.0,0.0,0.9978,0.0,-0.1202,0.0386,0.1975
2026-09-23T17:54:02Z,2026-09-23 03:56:05,SPXW,2026-09-24,P,7230.0,7764.6401,0.1,22.0,0.15,24.0,0.25,2.0,91.0,0.3762,-0.0022,0.0,-0.1204,0.0386,-0.0004
2026-09-23T17:54:02Z,2026-09-23 03:56:05,SPXW,2026-09-24,C,7235.0,7764.6401,521.7,2.0,545.7,2.0,0.0,0.0,0.0,0.0,0.9977,0.0,-0.1222,0.0394,0.1976
2026-09-23T17:54:02Z,2026-09-23 03:56:05,SPXW,2026-09-24,P,7235.0,7764.6401,0.1,22.0,0.15,23.0,0.15,6.0,26.0,0.3729,-0.0022,0.0,-0.1223,0.0394,-0.0005
2026-09-23T17:54:02Z,2026-09-23 03:56:05,SPXW,2026-09-24,C,7240.0,7764.6401,516.7,2.0,540.7,2.0,0.0,0.0,0.0,0.0,0.9977,0.0,-0.1242,0.0402,0.1977
2026-09-23T17:54:02Z,2026-09-23 03:56:05,SPXW,2026-09-24,P,7240.0,7764.6401,0.1,24.0,0.15,23.0,0.2,70.0,109.0,0.3696,-0.0023,0.0,-0.1244,0.0402,-0.0005
2026-09-23T17:54:02Z,2026-09-23 03:56:05,SPXW,2026-09-24,C,7245.0,7764.6401,511.7,2.0,535.7,2.0,0.0,0.0,0.0,0.0,0.9976,0.0,-0.1263,0.041,0.1978
2026-09-23T17:54:02Z,2026-09-23 03:56:05,SPXW,2026-09-24,P,7245.0,7764.6401,0.1,24.0,0.15,22.0,1.25,0.0,13.0,0.3663,-0.0023,0.0,-0.1264,0.041,-0.0005
2026-09-23T17:54:02Z,2026-09-23 03:56:05,SPXW,2026-09-24,C,7250.0,7764.6401,506.9,2.0,530.9,2.0,520.05,4.0,6.0,0.0,0.9976,0.0,-0.1284,0.0418,0.198
2026-09-23T17:54:02Z,2026-09-23 03:56:05,SPXW,2026-09-24,P,7250.0,7764.6401,0.1,25.0,0.15,22.0,0.15,53.0,185.0,0.363,-0.0024,0.0,-0.1285,0.0418,-0.0005
2026-09-23T17:54:02Z,2026-09-23 03:56:05,SPXW,2026-09-24,C,7255.0,7764.6401,501.7,2.0,525.7,2.0,0.0,0.0,0.0,0.0,0.9975,0.0,-0.1305,0.0426,0.1981
2026-09-23T17:54:02Z,2026-09-23 03:56:05,SPXW,2026-09-24,P,7255.0,7764.6401,0.1,25.0,0.15,22.0,0.15,2.0,313.0,0.3599,-0.0024,0.0,-0.1306,0.0427,-0.0005
2026-09-23T17:54:02Z,2026-09-23 03:56:05,SPXW,2026-09-24,C,7260.0,7764.6401,496.7,2.0,520.7,2.0,0.0,0.0,0.0,0.0,0.9975,0.0,-0.1327,0.0435,0.1982
2026-09-23T17:54:02Z,2026-09-23 03:56:05,SPXW,2026-09-24,P,7260.0,7764.6401,0.1,25.0,0.2,112.0,0.15,2.0,89.0,0.3627,-0.0025,0.0,-0.1329,0.0436,-0.0005
2026-09-23T17:54:02Z,2026-09-23 03:56:05,SPXW,2026-09-24,C,7265.0,7764.6401,491.7,2.0,515.7,2.0,0.0,0.0,0.0,0.0,0.9974,0.0,-0.135,0.0444,0.1984
2026-09-23T17:54:02Z,2026-09-23 03:56:05,SPXW,2026-09-24,P,7265.0,7764.6401,0.1,25.0,0.2,111.0,0.15,3.0,416.0,0.3594,-0.0026,0.0,-0.1352,0.0445,-0.0005
2026-09-23T17:54:02Z,2026-09-23 03:56:05,SPXW,2026-09-24,C,7270.0,7764.6401,486.7,2.0,510.7,2.0,0.0,0.0,0.0,0.0,0.9974,0.0,-0.1373,0.0454,0.1985
2026-09-23T17:54:02Z,2026-09-23 03:56:05,SPXW,2026-09-24,P,7270.0,7764.6401,0.1,26.0,0.2,106.0,0.15,77.0,415.0,0.356,-0.0026,0.0,-0.1375,0.0454,-0.0005
2026-09-23T17:54:02Z,2026-09-23 03:56:05,SPXW,2026-09-24,C,7275.0,7764.6401,481.8,2.0,505.8,2.0,511.53,0.0,1.0,0.0,0.9973,0.0,-0.1397,0.0464,0.1986
2026-09-23T17:54:02Z,2026-09-23 03:56:05,SPXW,2026-09-24,P,7275.0,7764.6401,0.1,26.0,0.2,110.0,0.22,5.0,271.0,0.3527,-0.0027,0.0,-0.1399,0.0464,-0.0006
2026-09-23T17:54:02Z,2026-09-23 03:56:05,SPXW,2026-09-24,C,7280.0,7764.6401,476.7,2.0,500.7,2.0,0.0,0.0,0.0,0.0,0.9972,0.0,-0.1421,0.0474,0.1987
2026-09-23T17:54:02Z,2026-09-23 03:56:05,SPXW,2026-09-24,P,7280.0,7764.6401,0.1,27.0,0.2,111.0,0.17,12.0,77.0,0.3494,-0.0027,0.0,-0.1423,0.0474,-0.0006
2026-09-23T17:54:02Z,2026-09-23 03:56:05,SPXW,2026-09-24,C,7285.0,7764.6401,471.7,2.0,495.7,2.0,0.0,0.0,0.0,0.0,0.9972,0.0,-0.1446,0.0484,0.1989
2026-09-23T17:54:02Z,2026-09-23 03:56:05,SPXW,2026-09-24,P,7285.0,7764.6401,0.1,27.0,0.2,107.0,0.25,3.0,69.0,0.3461,-0.0028,0.0,-0.1448,0.0485,-0.0006
2026-09-23T17:54:02Z,2026-09-23 03:56:05,SPXW,2026-09-24,C,7290.0,7764.6401,466.8,2.0,490.8,2.0,329.38,0.0,30.0,0.0,0.9971,0.0,-0.1472,0.0495,0.199
2026-09-23T17:54:02Z,2026-09-23 03:56:05,SPXW,2026-09-24,P,7290.0,7764.6401,0.1,135.0,0.2,105.0,0.25,2.0,73.0,0.3427,-0.0029,0.0,-0.1474,0.0495,-0.0006
2026-09-23T17:54:02Z,2026-09-23 03:56:05,SPXW,2026-09-24,C,7295.0,7764.6401,461.8,2.0,485.8,2.0,0.0,0.0,0.0,0.0,0.997,0.0,-0.1499,0.0506,0.1991
2026-09-23T17:54:02Z,2026-09-23 03:56:05,SPXW,2026-09-24,P,7295.0,7764.6401,0.1,134.0,0.2,51.0,0.25,4.0,52.0,0.3394,-0.0029,0.0,-0.15,0.0506,-0.0006
2026-09-23T17:54:02Z,2026-09-23 03:56:05,SPXW,2026-09-24,C,7300.0,7764.6401,456.7,2.0,480.7,2.0,337.73,0.0,2.0,0.0,0.997,0.0,-0.1526,0.0517,0.1992
2026-09-23T17:54:02Z,2026-09-23 03:56:05,SPXW,2026-09-24,P,7300.0,7764.6401,0.1,141.0,0.2,50.0,0.21,116.0,487.0,0.3361,-0.003,0.0,-0.1528,0.0518,-0.0006
2026-09-23T17:54:02Z,2026-09-23 03:56:05,SPXW,2026-09-24,C,7305.0,7764.6401,451.8,2.0,475.8,2.0,0.0,0.0,0.0,0.0,0.9969,0.0,-0.1554,0.0529,0.1994
2026-09-23T17:54:02Z,2026-09-23 03:56:05,SPXW,2026-09-24,P,7305.0,7764.6401,0.1,151.0,0.2,25.0,0.25,3.0,98.0,0.3327,-0.0031,0.0,-0.1556,0.0529,-0.0006
2026-09-23T17:54:02Z,2026-09-23 03:56:05,SPXW,2026-09-24,C,7310.0,7764.6401,446.7,2.0,470.7,2.0,338.85,0.0,1.0,0.0,0.9968,0.0,-0.1582,0.0541,0.1995
2026-09-23T17:54:02Z,2026-09-23 03:56:05,SPXW,2026-09-24,P,7310.0,7764.6401,0.1,146.0,0.2,23.0,0.25,25.0,128.0,0.3293,-0.0032,0.0,-0.1585,0.0542,-0.0006
2026-09-23T17:54:02Z,2026-09-23 03:56:05,SPXW,2026-09-24,C,7315.0,7764.6401,441.8,2.0,465.8,2.0,0.0,0.0,0.0,0.0,0.9967,0.0001,-0.1612,0.0553,0.1996
2026-09-23T17:54:02Z,2026-09-23 03:56:05,SPXW,2026-09-24,P,7315.0,7764.6401,0.1,192.0,0.2,23.0,0.25,4.0,159.0,0.326,-0.0032,0.0001,-0.1615,0.0554,-0.0007
2026-09-23T17:54:02Z,2026-09-23 03:56:05,SPXW,2026-09-24,C,7320.0,7764.6401,436.9,2.0,460.9,2.0,0.0,0.0,0.0,0.0,0.9966,0.0001,-0.1642,0.0566,0.1997
2026-09-23T17:54:02Z,2026-09-23 03:56:05,SPXW,2026-09-24,P,7320.0,7764.6401,0.1,203.0,0.2,22.0,0.2,3.0,104.0,0.3226,-0.0033,0.0001,-0.1645,0.0567,-0.0007
2026-09-23T17:54:02Z,2026-09-23 03:56:05,SPXW,2026-09-24,C,7325.0,7764.6401,431.7,2.0,455.7,2.0,0.0,0.0,0.0,0.0,0.9966,0.0001,-0.1673,0.0579,0.1998
2026-09-23T17:54:02Z,2026-09-23 03:56:05,SPXW,2026-09-24,P,7325.0,7764.6401,0.1,211.0,0.2,21.0,0.2,8.0,260.0,0.3193,-0.0034,0.0001,-0.1676,0.058,-0.0007
2026-09-23T17:54:02Z,2026-09-23 03:56:05,SPXW,2026-09-24,C,7330.0,7764.6401,426.8,2.0,450.8,2.0,319.05,0.0,1.0,0.0,0.9965,0.0001,-0.1706,0.0592,0.2
2026-09-23T17:54:02Z,2026-09-23 03:56:05,SPXW,2026-09-24,P,7330.0,7764.6401,0.15,21.0,0.2,20.0,0.2,92.0,278.0,0.3209,-0.0035,0.0001,-0.1709,0.0594,-0.0007
2026-09-23T17:54:02Z,2026-09-23 03:56:05,SPXW,2026-09-24,C,7335.0,7764.6401,421.8,2.0,445.8,2.0,0.0,0.0,0.0,0.0,0.9964,0.0001,-0.1739,0.0606,0.2001
2026-09-23T17:54:02Z,2026-09-23 03:56:05,SPXW,2026-09-24,P,7335.0,7764.6401,0.15,22.0,0.2,21.0,0.2,4.0,115.0,0.3174,-0.0036,0.0001,-0.1742,0.0608,-0.0007
2026-09-23T17:54:02Z,2026-09-23 03:56:05,SPXW,2026-09-24,C,7340.0,7764.6401,416.9,2.0,440.9,2.0,286.9,0.0,2.0,0.0,0.9963,0.0001,-0.1773,0.062,0.2002
2026-09-23T17:54:02Z,2026-09-23 03:56:05,SPXW,2026-09-24,P,7340.0,7764.6401,0.15,23.0,0.25,103.0,0.2,44.0,259.0,0.3184,-0.0037,0.0001,-0.1777,0.0622,-0.0008
2026-09-23T17:54:02Z,2026-09-23 03:56:05,SPXW,2026-09-24,C,7345.0,7764.6401,411.9,2.0,435.9,2.0,0.0,0.0,0.0,0.0,0.9962,0.0001,-0.1808,0.0635,0.2003
2026-09-23T17:54:02Z,2026-09-23 03:56:05,SPXW,2026-09-24,P,7345.0,7764.6401,0.15,23.0,0.25,101.0,0.2,25.0,80.0,0.315,-0.0038,0.0001,-0.1812,0.0637,-0.0008
2026-09-23T17:54:02Z,2026-09-23 03:56:05,SPXW,2026-09-24,C,7350.0,7764.6401,406.9,2.0,430.9,2.0,420.39,4.0,18.0,0.0,0.9961,0.0001,-0.1844,0.065,0.2004
2026-09-23T17:54:02Z,2026-09-23 03:56:05,SPXW,2026-09-24,P,7350.0,7764.6401,0.15,24.0,0.25,101.0,0.2,18.0,387.0,0.3115,-0.0039,0.0001,-0.1848,0.0652,-0.0008
2026-09-23T17:54:02Z,2026-09-23 03:56:05,SPXW,2026-09-24,C,7355.0,7764.6401,401.9,2.0,425.9,2.0,0.0,0.0,0.0,0.0,0.996,0.0001,-0.1881,0.0666,0.2005
2026-09-23T17:54:02Z,2026-09-23 03:56:05,SPXW,2026-09-24,P,7355.0,7764.6401,0.15,24.0,0.25,101.0,0.2,5.0,49.0,0.3081,-0.004,0.0001,-0.1886,0.0668,-0.0008
2026-09-23T17:54:02Z,2026-09-23 03:56:05,SPXW,2026-09-24,C,7360.0,7764.6401,396.8,2.0,420.8,2.0,272.88,0.0,1.0,0.0,0.9959,0.0001,-0.192,0.0682,0.2006
2026-09-23T17:54:02Z,2026-09-23 03:56:05,SPXW,2026-09-24,P,7360.0,7764.6401,0.15,25.0,0.25,99.0,0.3,102.0,99.0,0.3047,-0.0041,0.0001,-0.1924,0.0684,-0.0008
2026-09-23T17:54:02Z,2026-09-23 03:56:05,SPXW,2026-09-24,C,7365.0,7764.6401,391.9,2.0,415.9,2.0,0.0,0.0,0.0,0.0,0.9958,0.0001,-0.1959,0.0699,0.2008
2026-09-23T17:54:02Z,2026-09-23 03:56:05,SPXW,2026-09-24,P,7365.0,7764.6401,0.15,151.0,0.25,48.0,0.25,5.0,88.0,0.3013,-0.0042,0.0001,-0.1964,0.0701,-0.0009
2026-09-23T17:54:02Z,2026-09-23 03:56:05,SPXW,2026-09-24,C,7370.0,7764.6401,386.8,2.0,410.8,2.0,0.0,0.0,0.0,0.0,0.9957,0.0001,-0.2,0.0717,0.2009
2026-09-23T17:54:02Z,2026-09-23 03:56:05,SPXW,2026-09-24,P,7370.0,7764.6401,0.15,150.0,0.25,22.0,0.25,25.0,284.0,0.2978,-0.0043,0.0001,-0.2005,0.0719,-0.0009
2026-09-23T17:54:02Z,2026-09-23 03:56:05,SPXW,2026-09-24,C,7375.0,7764.6401,381.6,2.0,405.6,2.0,0.0,0.0,0.0,0.0,0.9956,0.0001,-0.2043,0.0735,0.201
2026-09-23T17:54:02Z,2026-09-23 03:56:05,SPXW,2026-09-24,P,7375.0,7764.6401,0.15,164.0,0.25,21.0,0.3,104.0,725.0,0.2944,-0.0044,0.0001,-0.2047,0.0737,-0.0009
2026-09-23T17:54:02Z,2026-09-23 03:56:05,SPXW,2026-09-24,C,7380.0,7764.6401,376.9,2.0,400.9,2.0,0.0,0.0,0.0,0.0,0.9954,0.0001,-0.2086,0.0754,0.2011
2026-09-23T17:54:02Z,2026-09-23 03:56:05,SPXW,2026-09-24,P,7380.0,7764.6401,0.15,163.0,0.25,20.0,0.27,23.0,258.0,0.2913,-0.0045,0.0001,-0.2086,0.0754,-0.0009
2026-09-23T17:54:02Z,2026-09-23 03:56:05,SPXW,2026-09-24,C,7385.0,7764.6401,371.9,2.0,395.9,2.0,250.29,0.0,1.0,0.0,0.9953,0.0001,-0.2131,0.0773,0.2012
2026-09-23T17:54:02Z,2026-09-23 03:56:05,SPXW,2026-09-24,P,7385.0,7764.6401,0.15,187.0,0.25,19.0,0.25,29.0,164.0,0.2879,-0.0047,0.0001,-0.2131,0.0773,-0.001
2026-09-23T17:54:02Z,2026-09-23 03:56:05,SPXW,2026-09-24,C,7390.0,7764.6401,366.9,2.0,390.9,2.0,241.45,0.0,30.0,0.0,0.9952,0.0001,-0.2178,0.0794,0.2013
2026-09-23T17:54:02Z,2026-09-23 03:56:05,SPXW,2026-09-24,P,7390.0,7764.6401,0.2,19.0,0.25,19.0,0.25,76.0,140.0,0.2881,-0.0048,0.0001,-0.2178,0.0794,-0.001
2026-09-23T17:54:02Z,2026-09-23 03:56:05,SPXW,2026-09-24,C,7395.0,7764.6401,364.1,1.0,385.9,2.0,0.0,0.0,0.0,0.0,0.995,0.0001,-0.2226,0.0815,0.2014
2026-09-23T17:54:02Z,2026-09-23 03:56:05,SPXW,2026-09-24,P,7395.0,7764.6401,0.2,21.0,0.3,97.0,0.3,8.0,206.0,0.2879,-0.0049,0.0001,-0.2226,0.0815,-0.001
2026-09-23T17:54:02Z,2026-09-23 03:56:05,SPXW,2026-09-24,C,7400.0,7764.6401,359.1,1.0,380.9,2.0,231.2,0.0,2.0,0.0,0.9949,0.0001,-0.2276,0.0837,0.2015
2026-09-23T17:54:02Z,2026-09-23 03:56:05,SPXW,2026-09-24,P,7400.0,7764.6401,0.2,22.0,0.3,96.0,0.25,313.0,1981.0,0.2844,-0.0051,0.0001,-0.2276,0.0837,-0.001
2026-09-23T17:54:02Z,2026-09-23 03:56:05,SPXW,2026-09-24,C,7405.0,7764.6401,354.0,3.0,375.9,2.0,0.0,0.0,0.0,0.0,0.9947,0.0001,-0.2327,0.086,0.2016
2026-09-23T17:54:02Z,2026-09-23 03:56:05,SPXW,2026-09-24,P,7405.0,7764.6401,0.2,22.0,0.3,96.0,0.25,4.0,599.0,0.2809,-0.0052,0.0001,-0.2327,0.086,-0.0011
2026-09-23T17:54:02Z,2026-09-23 03:56:05,SPXW,2026-09-24,C,7410.0,7764.6401,349.0,3.0,370.9,2.0,0.0,0.0,0.0,0.0,0.9946,0.0001,-0.2381,0.0883,0.2017
2026-09-23T17:54:02Z,2026-09-23 03:56:05,SPXW,2026-09-24,P,7410.0,7764.6401,0.2,23.0,0.3,47.0,0.25,125.0,459.0,0.2774,-0.0054,0.0001,-0.2381,0.0883,-0.0011
2026-09-23T17:54:02Z,2026-09-23 03:56:05,SPXW,2026-09-24,C,7415.0,7764.6401,344.1,1.0,366.0,2.0,0.0,0.0,0.0,0.0,0.9944,0.0001,-0.2436,0.0908,0.2018
2026-09-23T17:54:02Z,2026-09-23 03:56:05,SPXW,2026-09-24,P,7415.0,7764.6401,0.2,96.0,0.3,21.0,0.3,11.0,298.0,0.2739,-0.0056,0.0001,-0.2436,0.0908,-0.0011
2026-09-23T17:54:02Z,2026-09-23 03:56:05,SPXW,2026-09-24,C,7420.0,7764.6401,339.1,1.0,360.7,2.0,216.36,0.0,1.0,0.0,0.9942,0.0001,-0.2494,0.0933,0.2019
2026-09-23T17:54:02Z,2026-09-23 03:56:05,SPXW,2026-09-24,P,7420.0,7764.6401,0.2,143.0,0.3,20.0,0.3,12.0,1603.0,0.2704,-0.0057,0.0001,-0.2494,0.0933,-0.0012
2026-09-23T17:54:02Z,2026-09-23 03:56:05,SPXW,2026-09-24,C,7425.0,7764.6401,334.1,2.0,355.9,2.0,210.3,0.0,3.0,0.0,0.994,0.0001,-0.2554,0.0959,0.202
2026-09-23T17:54:02Z,2026-09-23 03:56:05,SPXW,2026-09-24,P,7425.0,7764.6401,0.2,149.0,0.3,19.0,0.3,26.0,1868.0,0.2668,-0.0059,0.0001,-0.2556,0.096,-0.0012
2026-09-23T17:54:02Z,2026-09-23 03:56:05,SPXW,2026-09-24,C,7430.0,7764.6401,329.1,1.0,350.9,2.0,0.0,0.0,1.0,0.0,0.9939,0.0001,-0.2616,0.0987,0.2021
2026-09-23T17:54:02Z,2026-09-23 03:56:05,SPXW,2026-09-24,P,7430.0,7764.6401,0.2,173.0,0.3,18.0,0.3,162.0,381.0,0.2633,-0.0061,0.0001,-0.2618,0.0987,-0.0013
2026-09-23T17:54:02Z,2026-09-23 03:56:05,SPXW,2026-09-24,C,7435.0,7764.6401,324.1,1.0,346.0,2.0,0.0,0.0,0.0,0.0,0.9937,0.0001,-0.2681,0.1015,0.2022
2026-09-23T17:54:02Z,2026-09-23 03:56:05,SPXW,2026-09-24,P,7435.0,7764.6401,0.25,18.0,0.3,18.0,0.32,5.0,137.0,0.2626,-0.0063,0.0001,-0.2683,0.1016,-0.0013
2026-09-23T17:54:02Z,2026-09-23 03:56:05,SPXW,2026-09-24,C,7440.0,7764.6401,319.2,1.0,340.9,2.0,190.45,0.0,86.0,0.0,0.9935,0.0001,-0.2748,0.1044,0.2023
2026-09-23T17:54:02Z,2026-09-23 03:56:05,SPXW,2026-09-24,P,7440.0,7764.6401,0.25,20.0,0.35,91.0,0.3,32.0,281.0,0.2616,-0.0065,0.0001,-0.275,0.1045,-0.0013
2026-09-23T17:54:02Z,2026-09-23 03:56:05,SPXW,2026-09-24,C,7445.0,7764.6401,314.2,1.0,335.9,2.0,0.0,0.0,0.0,0.0,0.9932,0.0001,-0.2818,0.1075,0.2024
2026-09-23T17:54:02Z,2026-09-23 03:56:05,SPXW,2026-09-24,P,7445.0,7764.6401,0.25,21.0,0.35,90.0,0.4,5.0,46.0,0.258,-0.0067,0.0001,-0.282,0.1076,-0.0014
2026-09-23T17:54:02Z,2026-09-23 03:56:05,SPXW,2026-09-24,C,7450.0,7764.6401,309.1,3.0,331.0,2.0,185.99,0.0,12.0,0.0,0.993,0.0001,-0.2892,0.1107,0.2025
2026-09-23T17:54:02Z,2026-09-23 03:56:05,SPXW,2026-09-24,P,7450.0,7764.6401,0.25,22.0,0.35,44.0,0.32,53.0,494.0,0.2545,-0.007,0.0001,-0.2894,0.1108,-0.0014
2026-09-23T17:54:02Z,2026-09-23 03:56:05,SPXW,2026-09-24,C,7455.0,7764.6401,304.1,3.0,325.8,2.0,0.0,0.0,0.0,0.0,0.9928,0.0001,-0.2968,0.1141,0.2026
2026-09-23T17:54:02Z,2026-09-23 03:56:05,SPXW,2026-09-24,P,7455.0,7764.6401,0.25,90.0,0.35,18.0,0.35,47.0,114.0,0.2509,-0.0072,0.0001,-0.297,0.1142,-0.0015
2026-09-23T17:54:02Z,2026-09-23 03:56:05,SPXW,2026-09-24,C,7460.0,7764.6401,299.1,3.0,320.9,2.0,188.23,0.0,2.0,0.0,0.9925,0.0002,-0.3047,0.1176,0.2027
2026-09-23T17:54:02Z,2026-09-23 03:56:05,SPXW,2026-09-24,P,7460.0,7764.6401,0.25,144.0,0.35,17.0,0.34,148.0,382.0,0.2473,-0.0074,0.0002,-0.305,0.1177,-0.0015
2026-09-23T17:54:02Z,2026-09-23 03:56:05,SPXW,2026-09-24,C,7465.0,7764.6401,294.1,3.0,316.1,2.0,0.0,0.0,0.0,0.0,0.9923,0.0002,-0.313,0.1213,0.2028
2026-09-23T17:54:02Z,2026-09-23 03:56:05,SPXW,2026-09-24,P,7465.0,7764.6401,0.25,162.0,0.35,17.0,0.35,53.0,118.0,0.2437,-0.0077,0.0002,-0.3133,0.1214,-0.0016
2026-09-23T17:54:02Z,2026-09-23 03:56:05,SPXW,2026-09-24,C,7470.0,7764.6401,289.1,3.0,311.1,2.0,244.6,0.0,2.0,0.0,0.992,0.0002,-0.3217,0.1252,0.2028
2026-09-23T17:54:02Z,2026-09-23 03:56:05,SPXW,2026-09-24,P,7470.0,7764.6401,0.3,19.0,0.4,87.0,0.37,124.0,303.0,0.2446,-0.008,0.0002,-0.322,0.1253,-0.0016
2026-09-23T17:54:02Z,2026-09-23 03:56:05,SPXW,2026-09-24,C,7475.0,7764.6401,284.1,3.0,306.0,2.0,187.93,0.0,5.0,0.0,0.9917,0.0002,-0.3308,0.1293,0.2029
2026-09-23T17:54:02Z,2026-09-23 03:56:05,SPXW,2026-09-24,P,7475.0,7764.6401,0.3,20.0,0.4,87.0,0.4,74.0,294.0,0.2409,-0.0083,0.0002,-0.3311,0.1294,-0.0017
2026-09-23T17:54:02Z,2026-09-23 03:56:05,SPXW,2026-09-24,C,7480.0,7764.6401,279.1,3.0,301.1,2.0,105.6,0.0,1.0,0.0,0.9914,0.0002,-0.3404,0.1336,0.203
2026-09-23T17:54:02Z,2026-09-23 03:56:05,SPXW,2026-09-24,P,7480.0,7764.6401,0.3,20.0,0.4,42.0,0.4,29.0,374.0,0.2373,-0.0086,0.0002,-0.3406,0.1337,-0.0018
2026-09-23T17:54:02Z,2026-09-23 03:56:05,SPXW,2026-09-24,C,7485.0,7764.6401,274.2,1.0,296.0,2.0,285.29,2.0,4.0,0.0,0.9911,0.0002,-0.3504,0.138,0.2031
2026-09-23T17:54:02Z,2026-09-23 03:56:05,SPXW,2026-09-24,P,7485.0,7764.6401,0.3,46.0,0.4,17.0,0.37,94.0,224.0,0.2336,-0.0089,0.0002,-0.3507,0.1382,-0.0018
2026-09-23T17:54:02Z,2026-09-23 03:56:05,SPXW,2026-09-24,C,7490.0,7764.6401,269.2,2.0,290.9,2.0,233.6,0.0,20.0,0.0,0.9907,0.0002,-0.3609,0.1427,0.2031
2026-09-23T17:54:02Z,2026-09-23 03:56:05,SPXW,2026-09-24,P,7490.0,7764.6401,0.3,88.0,0.4,16.0,0.4,23.0,287.0,0.23,-0.0092,0.0002,-0.3612,0.1429,-0.0019
2026-09-23T17:54:02Z,2026-09-23 03:56:05,SPXW,2026-09-24,C,7495.0,7764.6401,264.2,2.0,285.8,2.0,0.0,0.0,1.0,0.0,0.9904,0.0002,-0.372,0.1476,0.2032
2026-09-23T17:54:02Z,2026-09-23 03:56:05,SPXW,2026-09-24,P,7495.0,7764.6401,0.35,16.0,0.4,16.0,0.4,10.0,170.0,0.2282,-0.0096,0.0002,-0.3723,0.1478,-0.002
2026-09-23T17:54:02Z,2026-09-23 03:56:05,SPXW,2026-09-24,C,7500.0,7764.6401,259.2,3.0,281.0,2.0,270.74,1.0,40.0,0.0,0.99,0.0002,-0.3837,0.1528,0.2032
2026-09-23T17:54:02Z,2026-09-23 03:56:05,SPXW,2026-09-24,P,7500.0,7764.6401,0.35,19.0,0.45,42.0,0.4,1135.0,454.0,0.2265,-0.01,0.0002,-0.3837,0.1528,-0.0021
2026-09-23T17:54:02Z,2026-09-23 03:56:05,SPXW,2026-09-24,C,7505.0,7764.6401,254.2,3.0,276.1,2.0,146.36,0.0,2.0,0.0,0.9896,0.0002,-0.3961,0.1582,0.2033
2026-09-23T17:54:02Z,2026-09-23 03:56:05,SPXW,2026-09-24,P,7505.0,7764.6401,0.35,20.0,0.45,17.0,0.42,19.0,66.0,0.2228,-0.0104,0.0002,-0.3961,0.1582,-0.0022
2026-09-23T17:54:02Z,2026-09-23 03:56:05,SPXW,2026-09-24,C,7510.0,7764.6401,249.3,1.0,271.1,2.0,260.82,1.0,37.0,0.0,0.9892,0.0002,-0.4091,0.1638,0.2034
2026-09-23T17:54:02Z,2026-09-23 03:56:05,SPXW,2026-09-24,P,7510.0,7764.6401,0.35,45.0,0.45,16.0,0.45,64.0,191.0,0.219,-0.0108,0.0002,-0.4091,0.1638,-0.0022
2026-09-23T17:54:02Z,2026-09-23 03:56:05,SPXW,2026-09-24,C,7515.0,7764.6401,244.3,1.0,266.2,2.0,255.36,1.0,19.0,0.0,0.9887,0.0003,-0.423,0.1698,0.2034
2026-09-23T17:54:02Z,2026-09-23 03:56:05,SPXW,2026-09-24,P,7515.0,7764.6401,0.35,84.0,0.45,15.0,0.45,68.0,438.0,0.2153,-0.0112,0.0003,-0.423,0.1698,-0.0023
2026-09-23T17:54:02Z,2026-09-23 03:56:05,SPXW,2026-09-24,C,7520.0,7764.6401,239.3,2.0,261.1,2.0,192.56,0.0,118.0,0.0,0.9882,0.0003,-0.4376,0.1762,0.2034
2026-09-23T17:54:02Z,2026-09-23 03:56:05,SPXW,2026-09-24,P,7520.0,7764.6401,0.4,19.0,0.5,39.0,0.46,82.0,295.0,0.2147,-0.0118,0.0003,-0.438,0.1764,-0.0024
2026-09-23T17:54:02Z,2026-09-23 03:56:05,SPXW,2026-09-24,C,7525.0,7764.6401,234.3,3.0,256.1,2.0,218.09,0.0,19.0,0.0,0.9877,0.0003,-0.4532,0.1829,0.2035
2026-09-23T17:54:02Z,2026-09-23 03:56:05,SPXW,2026-09-24,P,7525.0,7764.6401,0.4,43.0,0.5,15.0,0.5,615.0,744.0,0.211,-0.0123,0.0003,-0.4536,0.1831,-0.0025
2026-09-23T17:54:02Z,2026-09-23 03:56:05,SPXW,2026-09-24,C,7530.0,7764.6401,229.3,3.0,251.1,2.0,212.91,0.0,33.0,0.0,0.9872,0.0003,-0.4697,0.1901,0.2035
2026-09-23T17:54:02Z,2026-09-23 03:56:05,SPXW,2026-09-24,P,7530.0,7764.6401,0.4,81.0,0.5,15.0,0.45,125.0,328.0,0.2072,-0.0128,0.0003,-0.4701,0.1903,-0.0026
2026-09-23T17:54:02Z,2026-09-23 03:56:05,SPXW,2026-09-24,C,7535.0,7764.6401,224.3,3.0,246.1,2.0,122.68,0.0,14.0,0.0,0.9866,0.0003,-0.4873,0.1977,0.2035
2026-09-23T17:54:02Z,2026-09-23 03:56:05,SPXW,2026-09-24,P,7535.0,7764.6401,0.45,20.0,0.55,44.0,0.5,153.0,101.0,0.2063,-0.0134,0.0003,-0.4878,0.1979,-0.0028
2026-09-23T17:54:02Z,2026-09-23 03:56:05,SPXW,2026-09-24,C,7540.0,7764.6401,219.3,3.0,241.1,2.0,231.6,0.0,23.0,0.0,0.9859,0.0003,-0.506,0.2058,0.2035
2026-09-23T17:54:02Z,2026-09-23 03:56:05,SPXW,2026-09-24,P,7540.0,7764.6401,0.45,22.0,0.55,19.0,0.5,151.0,527.0,0.2025,-0.014,0.0003,-0.506,0.2058,-0.0029
2026-09-23T17:54:02Z,2026-09-23 03:56:05,SPXW,2026-09-24,C,7545.0,7764.6401,214.3,2.0,236.2,2.0,180.7,0.0,10.0,0.0,0.9853,0.0004,-0.5261,0.2144,0.2035
2026-09-23T17:54:02Z,2026-09-23 03:56:05,SPXW,2026-09-24,P,7545.0,7764.6401,0.45,90.0,0.55,14.0,0.55,172.0,326.0,0.1987,-0.0147,0.0004,-0.5261,0.2144,-0.0031
2026-09-23T17:54:02Z,2026-09-23 03:56:05,SPXW,2026-09-24,C,7550.0,7764.6401,209.4,3.0,231.3,2.0,219.17,8.0,46.0,0.0,0.9845,0.0004,-0.5476,0.2234,0.2035
2026-09-23T17:54:02Z,2026-09-23 03:56:05,SPXW,2026-09-24,P,7550.0,7764.6401,0.5,21.0,0.6,44.0,0.55,262.0,1142.0,0.1974,-0.0154,0.0004,-0.5476,0.2234,-0.0032
2026-09-23T17:54:02Z,2026-09-23 03:56:05,SPXW,2026-09-24,C,7555.0,7764.6401,204.4,2.0,226.2,2.0,150.15,0.0,15.0,0.0,0.9838,0.0004,-0.5707,0.2331,0.2034
2026-09-23T17:54:02Z,2026-09-23 03:56:05,SPXW,2026-09-24,P,7555.0,7764.6401,0.5,44.0,0.6,19.0,0.56,32.0,332.0,0.1935,-0.0162,0.0004,-0.5707,0.2331,-0.0034
2026-09-23T17:54:02Z,2026-09-23 03:56:05,SPXW,2026-09-24,C,7560.0,7764.6401,200.3,4.0,219.4,2.0,218.0,0.0,47.0,0.0,0.9829,0.0004,-0.5956,0.2433,0.2034
2026-09-23T17:54:02Z,2026-09-23 03:56:05,SPXW,2026-09-24,P,7560.0,7764.6401,0.55,19.0,0.65,41.0,0.6,131.0,233.0,0.192,-0.017,0.0004,-0.5956,0.2433,-0.0036
2026-09-23T17:54:02Z,2026-09-23 03:56:05,SPXW,2026-09-24,C,7565.0,7764.6401,196.4,2.0,214.3,2.0,103.3,0.0,23.0,0.0,0.982,0.0004,-0.6224,0.2542,0.2034
2026-09-23T17:54:02Z,2026-09-23 03:56:05,SPXW,2026-09-24,P,7565.0,7764.6401,0.55,42.0,0.65,17.0,0.6,107.0,199.0,0.188,-0.018,0.0004,-0.6224,0.2542,-0.0037
2026-09-23T17:54:02Z,2026-09-23 03:56:05,SPXW,2026-09-24,C,7570.0,7764.6401,191.5,3.0,209.4,2.0,196.99,1.0,22.0,0.0,0.981,0.0005,-0.6512,0.266,0.2033
2026-09-23T17:54:02Z,2026-09-23 03:56:05,SPXW,2026-09-24,P,7570.0,7764.6401,0.6,18.0,0.7,39.0,0.6,129.0,185.0,0.1862,-0.019,0.0005,-0.6512,0.266,-0.0039
2026-09-23T17:54:02Z,2026-09-23 03:56:05,SPXW,2026-09-24,C,7575.0,7764.6401,186.5,3.0,204.3,1.0,193.77,3.0,39.0,0.0,0.98,0.0005,-0.6824,0.2786,0.2032
2026-09-23T17:54:02Z,2026-09-23 03:56:05,SPXW,2026-09-24,P,7575.0,7764.6401,0.65,4.0,0.75,39.0,0.65,819.0,752.0,0.1843,-0.02,0.0005,-0.6824,0.2786,-0.0042
2026-09-23T17:54:02Z,2026-09-23 03:56:05,SPXW,2026-09-24,C,7580.0,7764.6401,181.5,2.0,199.2,1.0,197.62,0.0,38.0,0.0,0.9788,0.0005,-0.7161,0.2922,0.2031
2026-09-23T17:54:02Z,2026-09-23 03:56:05,SPXW,2026-09-24,P,7580.0,7764.6401,0.65,19.0,0.75,16.0,0.7,186.0,298.0,0.1802,-0.0212,0.0005,-0.7161,0.2922,-0.0044
2026-09-23T17:54:02Z,2026-09-23 03:56:05,SPXW,2026-09-24,C,7585.0,7764.6401,176.6,3.0,194.7,2.0,187.06,30.0,55.0,0.0,0.9775,0.0006,-0.7527,0.3067,0.203
2026-09-23T17:54:02Z,2026-09-23 03:56:05,SPXW,2026-09-24,P,7585.0,7764.6401,0.7,18.0,0.8,37.0,0.75,1285.0,1326.0,0.178,-0.0224,0.0006,-0.7527,0.3067,-0.0047
2026-09-23T17:54:02Z,2026-09-23 03:56:05,SPXW,2026-09-24,C,7590.0,7764.6401,171.7,1.0,189.7,2.0,182.82,1.0,105.0,0.0,0.9762,0.0006,-0.7925,0.3222,0.2028
2026-09-23T17:54:02Z,2026-09-23 03:56:05,SPXW,2026-09-24,P,7590.0,7764.6401,0.75,18.0,0.85,37.0,0.8,161.0,248.0,0.1757,-0.0238,0.0006,-0.7925,0.3222,-0.005
2026-09-23T17:54:02Z,2026-09-23 03:56:05,SPXW,2026-09-24,C,7595.0,7764.6401,176.8,2.0,178.0,3.0,176.23,481.0,474.0,0.1715,0.9747,0.0006,-0.8359,0.3388,0.2026
2026-09-23T17:54:02Z,2026-09-23 03:56:05,SPXW,2026-09-24,P,7595.0,7764.6401,0.8,16.0,0.9,36.0,0.8,215.0,143.0,0.1732,-0.0253,0.0006,-0.8359,0.3388,-0.0053
2026-09-23T17:54:02Z,2026-09-23 03:56:05,SPXW,2026-09-24,C,7600.0,7764.6401,171.9,3.0,173.0,2.0,182.43,2.0,147.0,0.1674,0.973,0.0007,-0.8832,0.3566,0.2024
2026-09-23T17:54:02Z,2026-09-23 03:56:05,SPXW,2026-09-24,P,7600.0,7764.6401,0.85,3.0,0.95,35.0,0.87,1853.0,950.0,0.1706,-0.0269,0.0007,-0.8832,0.3566,-0.0056
2026-09-23T17:54:02Z,2026-09-23 03:56:05,SPXW,2026-09-24,C,7605.0,7764.6401,156.8,3.0,174.9,2.0,126.6,0.0,74.0,0.0,0.9712,0.0007,-0.9349,0.3758,0.2022
2026-09-23T17:54:02Z,2026-09-23 03:56:05,SPXW,2026-09-24,P,7605.0,7764.6401,0.9,15.0,1.0,34.0,0.95,207.0,170.0,0.1679,-0.0287,0.0007,-0.9349,0.3758,-0.006
2026-09-23T17:54:02Z,2026-09-23 03:56:05,SPXW,2026-09-24,C,7610.0,7764.6401,162.0,2.0,163.1,2.0,161.85,11.0,247.0,0.1636,0.9693,0.0008,-0.9914,0.3967,0.2019
2026-09-23T17:54:02Z,2026-09-23 03:56:05,SPXW,2026-09-24,P,7610.0,7764.6401,0.95,15.0,1.05,14.0,1.05,7417.0,1415.0,0.1651,-0.0307,0.0008,-0.9914,0.3967,-0.0064
2026-09-23T17:54:02Z,2026-09-23 03:56:05,SPXW,2026-09-24,C,7615.0,7764.6401,157.1,3.0,158.2,2.0,163.61,15.0,258.0,0.0,0.9671,0.0008,-1.0531,0.4193,0.2016
2026-09-23T17:54:02Z,2026-09-23 03:56:05,SPXW,2026-09-24,P,7615.0,7764.6401,1.0,15.0,1.1,13.0,1.05,115.0,145.0,0.1621,-0.0328,0.0008,-1.0531,0.4193,-0.0069
2026-09-23T17:54:02Z,2026-09-23 03:56:05,SPXW,2026-09-24,C,7620.0,7764.6401,142.0,1.0,160.1,2.0,157.06,10.0,84.0,0.0,0.9647,0.0009,-1.1208,0.4435,0.2012
2026-09-23T17:54:02Z,2026-09-23 03:56:05,SPXW,2026-09-24,P,7620.0,7764.6401,1.05,36.0,1.2,31.0,1.15,6389.0,285.0,0.1597,-0.0352,0.0009,-1.1208,0.4435,-0.0074
2026-09-23T17:54:02Z,2026-09-23 03:56:05,SPXW,2026-09-24,C,7625.0,7764.6401,147.2,2.0,148.4,3.0,149.43,2.0,133.0,0.157,0.9621,0.001,-1.1952,0.4694,0.2008
2026-09-23T17:54:02Z,2026-09-23 03:56:05,SPXW,2026-09-24,P,7625.0,7764.6401,1.15,15.0,1.3,30.0,1.2,177.0,403.0,0.1577,-0.0378,0.001,-1.1952,0.4694,-0.0079
2026-09-23T17:54:02Z,2026-09-23 03:56:05,SPXW,2026-09-24,C,7630.0,7764.6401,132.1,3.0,150.3,2.0,141.73,3.0,84.0,0.0,0.9592,0.0011,-1.2769,0.4973,0.2003
2026-09-23T17:54:02Z,2026-09-23 03:56:05,SPXW,2026-09-24,P,7630.0,7764.6401,1.25,14.0,1.35,13.0,1.27,329.0,377.0,0.155,-0.0407,0.0011,-1.2769,0.4973,-0.0085
2026-09-23T17:54:02Z,2026-09-23 03:56:05,SPXW,2026-09-24,C,7635.0,7764.6401,127.2,3.0,145.4,2.0,131.08,0.0,91.0,0.0,0.9561,0.0012,-1.3666,0.5275,0.1998
2026-09-23T17:54:02Z,2026-09-23 03:56:05,SPXW,2026-09-24,P,7635.0,7764.6401,1.35,23.0,1.45,12.0,1.4,305.0,209.0,0.1526,-0.0439,0.0012,-1.3666,0.5275,-0.0092
2026-09-23T17:54:02Z,2026-09-23 03:56:05,SPXW,2026-09-24,C,7640.0,7764.6401,132.5,3.0,133.6,2.0,134.87,7.0,182.0,0.1489,0.9526,0.0012,-1.4651,0.5603,0.1992
2026-09-23T17:54:02Z,2026-09-23 03:56:05,SPXW,2026-09-24,P,7640.0,7764.6401,1.45,22.0,1.6,29.0,1.67,2283.0,2151.0,0.1505,-0.0474,0.0012,-1.4651,0.5603,-0.0099
2026-09-23T17:54:02Z,2026-09-23 03:56:05,SPXW,2026-09-24,C,7645.0,7764.6401,127.6,3.0,128.8,3.0,125.2,491.0,569.0,0.1481,0.9487,0.0013,-1.5733,0.5956,0.1985
2026-09-23T17:54:02Z,2026-09-23 03:56:05,SPXW,2026-09-24,P,7645.0,7764.6401,1.55,19.0,1.7,23.0,1.6,115.0,176.0,0.1477,-0.0513,0.0013,-1.5733,0.5956,-0.0108
2026-09-23T17:54:02Z,2026-09-23 03:56:05,SPXW,2026-09-24,C,7650.0,7764.6401,122.8,2.0,123.9,3.0,120.47,28.0,345.0,0.1451,0.9444,0.0014,-1.6924,0.6332,0.1977
2026-09-23T17:54:02Z,2026-09-23 03:56:05,SPXW,2026-09-24,P,7650.0,7764.6401,1.7,18.0,1.85,22.0,1.75,1753.0,1352.0,0.1457,-0.0556,0.0014,-1.6924,0.6332,-0.0117
2026-09-23T17:54:02Z,2026-09-23 03:56:05,SPXW,2026-09-24,C,7655.0,7764.6401,117.9,2.0,119.1,3.0,123.37,5.0,320.0,0.1428,0.9396,0.0016,-1.8234,0.6736,0.1969
2026-09-23T17:54:02Z,2026-09-23 03:56:05,SPXW,2026-09-24,P,7655.0,7764.6401,1.85,16.0,2.0,21.0,1.85,262.0,166.0,0.1433,-0.0603,0.0016,-1.8234,0.6736,-0.0127
2026-09-23T17:54:02Z,2026-09-23 03:56:05,SPXW,2026-09-24,C,7660.0,7764.6401,113.1,2.0,114.2,2.0,118.52,80.0,282.0,0.1402,0.9344,0.0017,-1.967,0.7173,0.1959
2026-09-23T17:54:02Z,2026-09-23 03:56:05,SPXW,2026-09-24,P,7660.0,7764.6401,2.0,18.0,2.15,8.0,2.11,388.0,302.0,0.1408,-0.0656,0.0017,-1.967,0.7173,-0.0138
2026-09-23T17:54:02Z,2026-09-23 03:56:05,SPXW,2026-09-24,C,7665.0,7764.6401,108.3,2.0,109.4,2.0,111.96,29.0,102.0,0.1382,0.9286,0.0018,-2.1245,0.7644,0.1948
2026-09-23T17:54:02Z,2026-09-23 03:56:05,SPXW,2026-09-24,P,7665.0,7764.6401,2.2,16.0,2.35,8.0,2.4,2268.0,2052.0,0.1387,-0.0714,0.0018,-2.1245,0.7644,-0.015
2026-09-23T17:54:02Z,2026-09-23 03:56:05,SPXW,2026-09-24,C,7670.0,7764.6401,103.5,2.0,104.6,2.0,99.59,11.0,168.0,0.1358,0.9221,0.002,-2.2972,0.8145,0.1936
2026-09-23T17:54:02Z,2026-09-23 03:56:05,SPXW,2026-09-24,P,7670.0,7764.6401,2.4,14.0,2.55,7.0,2.5,354.0,200.0,0.1363,-0.0779,0.002,-2.2972,0.8145,-0.0164
2026-09-23T17:54:02Z,2026-09-23 03:56:05,SPXW,2026-09-24,C,7675.0,7764.6401,98.8,2.0,99.8,2.0,93.12,47.0,574.0,0.1338,0.9149,0.0022,-2.4863,0.8676,0.1922
2026-09-23T17:54:02Z,2026-09-23 03:56:05,SPXW,2026-09-24,P,7675.0,7764.6401,2.65,16.0,2.8,19.0,2.77,1969.0,1425.0,0.1343,-0.0851,0.0022,-2.4863,0.8676,-0.0179
2026-09-23T17:54:02Z,2026-09-23 03:56:05,SPXW,2026-09-24,C,7680.0,7764.6401,94.0,2.0,95.0,2.0,99.94,9.0,102.0,0.1315,0.9069,0.0024,-2.6928,0.9248,0.1906
2026-09-23T17:54:02Z,2026-09-23 03:56:05,SPXW,2026-09-24,P,7680.0,7764.6401,2.9,13.0,3.1,18.0,3.3,372.0,211.0,0.1322,-0.0931,0.0024,-2.6928,0.9248,-0.0196
2026-09-23T17:54:02Z,2026-09-23 03:56:05,SPXW,2026-09-24,C,7685.0,7764.6401,89.3,2.0,90.3,2.0,91.68,1963.0,2029.0,0.1294,0.898,0.0026,-2.9176,0.986,0.1889
2026-09-23T17:54:02Z,2026-09-23 03:56:05,SPXW,2026-09-24,P,7685.0,7764.6401,3.2,11.0,3.4,15.0,3.4,292.0,141.0,0.1301,-0.1019,0.0026,-2.9176,0.986,-0.0215
2026-09-23T17:54:02Z,2026-09-23 03:56:05,SPXW,2026-09-24,C,7690.0,7764.6401,84.6,3.0,85.7,2.0,85.22,167.0,278.0,0.1275,0.8882,0.0028,-3.1621,1.05,0.1869
2026-09-23T17:54:02Z,2026-09-23 03:56:05,SPXW,2026-09-24,P,7690.0,7764.6401,3.5,22.0,3.7,16.0,3.6,229.0,208.0,0.1276,-0.1118,0.0028,-3.1621,1.05,-0.0236
2026-09-23T17:54:02Z,2026-09-23 03:56:05,SPXW,2026-09-24,C,7695.0,7764.6401,80.0,2.0,81.0,2.0,80.64,908.0,1053.0,0.1252,0.8773,0.0031,-3.4272,1.1176,0.1847
2026-09-23T17:54:02Z,2026-09-23 03:56:05,SPXW,2026-09-24,P,7695.0,7764.6401,3.9,11.0,4.1,12.0,4.4,330.0,99.0,0.1258,-0.1227,0.0031,-3.4272,1.1176,-0.0259
2026-09-23T17:54:02Z,2026-09-23 03:56:05,SPXW,2026-09-24,C,7700.0,7764.6401,75.4,2.0,76.4,2.0,81.14,545.0,1155.0,0.123,0.8652,0.0033,-3.713,1.1897,0.1823
2026-09-23T17:54:02Z,2026-09-23 03:56:05,SPXW,2026-09-24,P,7700.0,7764.6401,4.3,11.0,4.5,13.0,4.9,2103.0,1234.0,0.1235,-0.1348,0.0033,-3.713,1.1897,-0.0285
2026-09-23T17:54:02Z,2026-09-23 03:56:05,SPXW,2026-09-24,C,7705.0,7764.6401,70.9,2.0,71.9,3.0,68.39,68.0,167.0,0.1208,0.8517,0.0036,-4.0198,1.2644,0.1795
2026-09-23T17:54:02Z,2026-09-23 03:56:05,SPXW,2026-09-24,P,7705.0,7764.6401,4.8,7.0,5.0,16.0,5.3,251.0,162.0,0.1213,-0.1483,0.0036,-4.0198,1.2644,-0.0314
2026-09-23T17:54:02Z,2026-09-23 03:56:05,SPXW,2026-09-24,C,7710.0,7764.6401,66.4,3.0,67.4,3.0,63.63,1999.0,2167.0,0.119,0.8368,0.0039,-4.3473,1.3416,0.1765
2026-09-23T17:54:02Z,2026-09-23 03:56:05,SPXW,2026-09-24,P,7710.0,7764.6401,5.3,7.0,5.5,21.0,5.7,437.0,568.0,0.1195,-0.1632,0.0039,-4.3473,1.3416,-0.0346
2026-09-23T17:54:02Z,2026-09-23 03:56:05,SPXW,2026-09-24,C,7715.0,7764.6401,62.0,3.0,63.1,3.0,59.03,127.0,204.0,0.1167,0.8202,0.0042,-4.6936,1.4224,0.1731
2026-09-23T17:54:02Z,2026-09-23 03:56:05,SPXW,2026-09-24,P,7715.0,7764.6401,5.9,4.0,6.1,18.0,6.31,460.0,210.0,0.1175,-0.1797,0.0042,-4.6936,1.4224,-0.0381
2026-09-23T17:54:02Z,2026-09-23 03:56:05,SPXW,2026-09-24,C,7720.0,7764.6401,57.7,3.0,58.8,3.0,58.66,967.0,1122.0,0.115,0.802,0.0046,-5.0562,1.5042,0.1693
2026-09-23T17:54:02Z,2026-09-23 03:56:05,SPXW,2026-09-24,P,7720.0,7764.6401,6.6,4.0,6.8,18.0,7.2,651.0,245.0,0.1157,-0.198,0.0046,-5.0562,1.5042,-0.0421
2026-09-23T17:54:02Z,2026-09-23 03:56:05,SPXW,2026-09-24,C,7725.0,7764.6401,53.4,3.0,54.5,2.0,50.88,132.0,264.0,0.1133,0.7818,0.0049,-5.4313,1.5865,0.1652
2026-09-23T17:54:02Z,2026-09-23 03:56:05,SPXW,2026-09-24,P,7725.0,7764.6401,7.3,12.0,7.6,18.0,7.95,694.0,285.0,0.1138,-0.2181,0.0049,-5.4313,1.5865,-0.0463
2026-09-23T17:54:02Z,2026-09-23 03:56:05,SPXW,2026-09-24,C,7730.0,7764.6401,49.3,3.0,50.4,2.0,47.73,176.0,438.0,0.1115,0.7598,0.0052,-5.8125,1.6697,0.1605
2026-09-23T17:54:02Z,2026-09-23 03:56:05,SPXW,2026-09-24,P,7730.0,7764.6401,8.2,12.0,8.5,18.0,9.1,420.0,104.0,0.1122,-0.2402,0.0052,-5.8125,1.6697,-0.0511
2026-09-23T17:54:02Z,2026-09-23 03:56:05,SPXW,2026-09-24,C,7735.0,7764.6401,45.4,3.0,46.4,2.0,48.31,98.0,155.0,0.1102,0.7356,0.0056,-6.1922,1.7495,0.1555
2026-09-23T17:54:02Z,2026-09-23 03:56:05,SPXW,2026-09-24,P,7735.0,7764.6401,9.2,5.0,9.5,17.0,10.2,314.0,76.0,0.1106,-0.2644,0.0056,-6.1922,1.7495,-0.0563
2026-09-23T17:54:02Z,2026-09-23 03:56:05,SPXW,2026-09-24,C,7740.0,7764.6401,41.7,3.0,42.1,3.0,39.4,280.0,357.0,0.1083,0.7094,0.0059,-6.5608,1.827,0.15
2026-09-23T17:54:02Z,2026-09-23 03:56:05,SPXW,2026-09-24,P,7740.0,7764.6401,10.3,12.0,10.6,17.0,11.5,346.0,158.0,0.1089,-0.2906,0.0059,-6.5608,1.827,-0.0619
2026-09-23T17:54:02Z,2026-09-23 03:56:05,SPXW,2026-09-24,C,7745.0,7764.6401,38.1,3.0,38.4,6.0,36.51,271.0,369.0,0.107,0.6811,0.0063,-6.9057,1.8985,0.144
2026-09-23T17:54:02Z,2026-09-23 03:56:05,SPXW,2026-09-24,P,7745.0,7764.6401,11.6,4.0,11.8,7.0,13.3,263.0,91.0,0.1071,-0.3189,0.0063,-6.9057,1.8985,-0.068
2026-09-23T17:54:02Z,2026-09-23 03:56:05,SPXW,2026-09-24,C,7750.0,7764.6401,34.5,5.0,34.8,3.0,33.2,988.0,824.0,0.1059,0.6508,0.0066,-7.2145,1.9624,0.1377
2026-09-23T17:54:02Z,2026-09-23 03:56:05,SPXW,2026-09-24,P,7750.0,7764.6401,13.0,5.0,13.3,12.0,14.46,518.0,249.0,0.1062,-0.3492,0.0066,-7.2145,1.9624,-0.0745
2026-09-23T17:54:02Z,2026-09-23 03:56:05,SPXW,2026-09-24,C,7755.0,7764.6401,31.1,6.0,31.4,3.0,29.4,305.0,341.0,0.1047,0.6186,0.0068,-7.4721,2.0171,0.1308
2026-09-23T17:54:02Z,2026-09-23 03:56:05,SPXW,2026-09-24,P,7755.0,7764.6401,14.6,4.0,14.9,12.0,16.3,483.0,67.0,0.105,-0.3814,0.0068,-7.4721,2.0171,-0.0814
2026-09-23T17:54:02Z,2026-09-23 03:56:05,SPXW,2026-09-24,C,7760.0,7764.6401,27.9,7.0,28.2,3.0,26.85,699.0,448.0,0.1037,0.5847,0.0071,-7.6656,2.0595,0.1238
2026-09-23T17:54:02Z,2026-09-23 03:56:05,SPXW,2026-09-24,P,7760.0,7764.6401,16.4,3.0,16.7,12.0,18.29,778.0,129.0,0.104,-0.4152,0.0071,-7.6656,2.0595,-0.0887
2026-09-23T17:54:02Z,2026-09-23 03:56:05,SPXW,2026-09-24,C,7765.0,7764.6401,24.9,9.0,25.2,3.0,24.12,1190.0,367.0,0.1026,0.5495,0.0072,-7.7816,2.0888,0.1163
2026-09-23T17:54:02Z,2026-09-23 03:56:05,SPXW,2026-09-24,P,7765.0,7764.6401,18.4,3.0,18.7,12.0,20.4,589.0,109.0,0.103,-0.4505,0.0072,-7.7816,2.0888,-0.0963
2026-09-23T17:54:02Z,2026-09-23 03:56:05,SPXW,2026-09-24,C,7770.0,7764.6401,22.1,14.0,22.4,3.0,21.45,1594.0,720.0,0.1019,0.5133,0.0074,-7.8114,2.1027,0.1086
2026-09-23T17:54:02Z,2026-09-23 03:56:05,SPXW,2026-09-24,P,7770.0,7764.6401,20.6,3.0,20.9,12.0,23.4,1326.0,189.0,0.1022,-0.4867,0.0074,-7.8114,2.1027,-0.104
2026-09-23T17:54:02Z,2026-09-23 03:56:05,SPXW,2026-09-24,C,7775.0,7764.6401,19.5,17.0,19.8,3.0,18.7,2058.0,1819.0,0.1014,0.4765,0.0074,-7.7485,2.1004,0.1008
2026-09-23T17:54:02Z,2026-09-23 03:56:05,SPXW,2026-09-24,P,7775.0,7764.6401,23.0,3.0,23.3,9.0,26.2,1163.0,99.0,0.1018,-0.5235,0.0074,-7.7485,2.1004,-0.112
2026-09-23T17:54:02Z,2026-09-23 03:56:05,SPXW,2026-09-24,C,7780.0,7764.6401,17.2,9.0,17.5,12.0,16.8,1001.0,1870.0,0.1011,0.4396,0.0074,-7.5931,2.0817,0.093
2026-09-23T17:54:02Z,2026-09-23 03:56:05,SPXW,2026-09-24,P,7780.0,7764.6401,25.6,16.0,26.0,16.0,29.3,478.0,56.0,0.1012,-0.5604,0.0074,-7.5931,2.0817,-0.12
2026-09-23T17:54:02Z,2026-09-23 03:56:05,SPXW,2026-09-24,C,7785.0,7764.6401,15.0,17.0,15.3,3.0,14.7,1339.0,506.0,0.1005,0.403,0.0072,-7.3486,2.0461,0.0852
2026-09-23T17:54:02Z,2026-09-23 03:56:05,SPXW,2026-09-24,P,7785.0,7764.6401,28.5,3.0,28.8,7.0,32.3,296.0,20.0,0.1009,-0.597,0.0072,-7.3486,2.0461,-0.1279
2026-09-23T17:54:02Z,2026-09-23 03:56:05,SPXW,2026-09-24,C,7790.0,7764.6401,13.1,17.0,13.4,12.0,12.6,690.0,394.0,0.1006,0.3672,0.007,-7.0251,1.9956,0.0776
2026-09-23T17:54:02Z,2026-09-23 03:56:05,SPXW,2026-09-24,P,7790.0,7764.6401,31.5,9.0,31.9,9.0,34.1,284.0,60.0,0.1007,-0.6328,0.007,-7.0251,1.9956,-0.1356
2026-09-23T17:54:02Z,2026-09-23 03:56:05,SPXW,2026-09-24,C,7795.0,7764.6401,11.4,9.0,11.6,5.0,11.2,473.0,477.0,0.1005,0.3326,0.0068,-6.6351,1.93,0.0703
2026-09-23T17:54:02Z,2026-09-23 03:56:05,SPXW,2026-09-24,P,7795.0,7764.6401,34.8,7.0,35.1,4.0,38.9,123.0,24.0,0.1009,-0.6674,0.0068,-6.6351,1.93,-0.1431
2026-09-23T17:54:02Z,2026-09-23 03:56:05,SPXW,2026-09-24,C,7800.0,7764.6401,9.8,18.0,10.1,12.0,9.52,4460.0,1415.0,0.1005,0.2996,0.0065,-6.195,1.8532,0.0633
2026-09-23T17:54:02Z,2026-09-23 03:56:05,SPXW,2026-09-24,P,7800.0,7764.6401,37.9,3.0,38.9,2.0,41.18,151.0,334.0,0.1009,-0.7004,0.0065,-6.195,1.8532,-0.1502
2026-09-23T17:54:02Z,2026-09-23 03:56:05,SPXW,2026-09-24,C,7805.0,7764.6401,8.5,8.0,8.7,5.0,8.4,373.0,658.0,0.1008,0.2685,0.0062,-5.7212,1.7652,0.0567
2026-09-23T17:54:02Z,2026-09-23 03:56:05,SPXW,2026-09-24,P,7805.0,7764.6401,41.5,2.0,42.5,3.0,45.22,71.0,15.0,0.101,-0.7315,0.0062,-5.7212,1.7652,-0.157
2026-09-23T17:54:02Z,2026-09-23 03:56:05,SPXW,2026-09-24,C,7810.0,7764.6401,7.3,8.0,7.4,1.0,7.12,690.0,760.0,0.1008,0.2395,0.0058,-5.2309,1.671,0.0505
2026-09-23T17:54:02Z,2026-09-23 03:56:05,SPXW,2026-09-24,P,7810.0,7764.6401,45.3,3.0,46.4,3.0,48.08,51.0,29.0,0.1016,-0.7605,0.0058,-5.2309,1.671,-0.1633
2026-09-23T17:54:02Z,2026-09-23 03:56:05,SPXW,2026-09-24,C,7815.0,7764.6401,6.2,18.0,6.4,5.0,6.1,376.0,569.0,0.1011,0.2127,0.0054,-4.7394,1.5701,0.0448
2026-09-23T17:54:02Z,2026-09-23 03:56:05,SPXW,2026-09-24,P,7815.0,7764.6401,49.3,2.0,50.3,3.0,57.2,4.0,4.0,0.102,-0.7872,0.0054,-4.7394,1.5701,-0.1691
2026-09-23T17:54:02Z,2026-09-23 03:56:05,SPXW,2026-09-24,C,7820.0,7764.6401,5.3,20.0,5.5,4.0,5.4,665.0,738.0,0.1017,0.1882,0.005,-4.2598,1.468,0.0396
2026-09-23T17:54:02Z,2026-09-23 03:56:05,SPXW,2026-09-24,P,7820.0,7764.6401,53.4,2.0,54.4,2.0,53.19,6.0,6.0,0.1026,-0.8117,0.005,-4.2598,1.468,-0.1744
2026-09-23T17:54:02Z,2026-09-23 03:56:05,SPXW,2026-09-24,C,7825.0,7764.6401,4.6,14.0,4.8,15.0,4.49,485.0,973.0,0.1029,0.1661,0.0046,-3.8031,1.3639,0.0349
2026-09-23T17:54:02Z,2026-09-23 03:56:05,SPXW,2026-09-24,P,7825.0,7764.6401,57.6,3.0,58.7,3.0,60.44,12.0,15.0,0.1031,-0.8339,0.0046,-3.8031,1.3639,-0.1793
2026-09-23T17:54:02Z,2026-09-23 03:56:05,SPXW,2026-09-24,C,7830.0,7764.6401,3.9,22.0,4.1,7.0,3.8,707.0,1013.0,0.1034,0.1462,0.0042,-3.3768,1.2624,0.0307
2026-09-23T17:54:02Z,2026-09-23 03:56:05,SPXW,2026-09-24,P,7830.0,7764.6401,61.9,3.0,63.0,3.0,64.49,7.0,12.0,0.104,-0.8538,0.0042,-3.3768,1.2624,-0.1836
2026-09-23T17:54:02Z,2026-09-23 03:56:05,SPXW,2026-09-24,C,7835.0,7764.6401,3.4,5.0,3.6,25.0,3.3,324.0,277.0,0.1049,0.1285,0.0038,-2.9864,1.1631,0.027
2026-09-23T17:54:02Z,2026-09-23 03:56:05,SPXW,2026-09-24,P,7835.0,7764.6401,66.4,3.0,67.5,3.0,0.0,0.0,0.0,0.1047,-0.8715,0.0038,-2.9864,1.1631,-0.1875
2026-09-23T17:54:02Z,2026-09-23 03:56:05,SPXW,2026-09-24,C,7840.0,7764.6401,2.9,24.0,3.0,1.0,2.81,405.0,683.0,0.1052,0.1129,0.0034,-2.634,1.0687,0.0237
2026-09-23T17:54:02Z,2026-09-23 03:56:05,SPXW,2026-09-24,P,7840.0,7764.6401,70.9,3.0,72.0,3.0,65.42,2.0,12.0,0.106,-0.8871,0.0034,-2.634,1.0687,-0.1909
2026-09-23T17:54:02Z,2026-09-23 03:56:05,SPXW,2026-09-24,C,7845.0,7764.6401,2.5,23.0,2.65,25.0,2.4,210.0,85.0,0.1067,0.0992,0.0031,-2.3204,0.9798,0.0208
2026-09-23T17:54:02Z,2026-09-23 03:56:05,SPXW,2026-09-24,P,7845.0,7764.6401,75.5,3.0,76.6,3.0,72.78,10.0,0.0,0.1068,-0.9008,0.0031,-2.3204,0.9798,-0.194
2026-09-23T17:54:02Z,2026-09-23 03:56:05,SPXW,2026-09-24,C,7850.0,7764.6401,2.15,27.0,2.3,26.0,2.1,883.0,967.0,0.1079,0.0872,0.0028,-2.0441,0.8962,0.0182
2026-09-23T17:54:02Z,2026-09-23 03:56:05,SPXW,2026-09-24,P,7850.0,7764.6401,80.1,2.0,81.2,2.0,83.55,9.0,14.0,0.1086,-0.9128,0.0028,-2.0441,0.8962,-0.1966
2026-09-23T17:54:02Z,2026-09-23 03:56:05,SPXW,2026-09-24,C,7855.0,7764.6401,1.9,6.0,2.0,13.0,1.76,567.0,226.0,0.1094,0.0768,0.0025,-1.8023,0.8198,0.016
2026-09-23T17:54:02Z,2026-09-23 03:56:05,SPXW,2026-09-24,P,7855.0,7764.6401,84.8,2.0,85.9,2.0,90.4,5.0,0.0,0.1099,-0.9232,0.0025,-1.8023,0.8198,-0.199
2026-09-23T17:54:02Z,2026-09-23 03:56:05,SPXW,2026-09-24,C,7860.0,7764.6401,1.65,6.0,1.75,14.0,1.6,335.0,763.0,0.1109,0.0677,0.0022,-1.5925,0.7493,0.0141
2026-09-23T17:54:02Z,2026-09-23 03:56:05,SPXW,2026-09-24,P,7860.0,7764.6401,89.5,3.0,90.7,2.0,89.75,0.0,1.0,0.1114,-0.9322,0.0022,-1.5925,0.7493,-0.201
2026-09-23T17:54:02Z,2026-09-23 03:56:05,SPXW,2026-09-24,C,7865.0,7764.6401,1.45,6.0,1.55,14.0,1.27,335.0,235.0,0.1126,0.0599,0.002,-1.4106,0.685,0.0125
2026-09-23T17:54:02Z,2026-09-23 03:56:05,SPXW,2026-09-24,P,7865.0,7764.6401,94.3,3.0,95.5,3.0,0.0,0.0,0.0,0.1123,-0.94,0.002,-1.4106,0.685,-0.2028
2026-09-23T17:54:02Z,2026-09-23 03:56:05,SPXW,2026-09-24,C,7870.0,7764.6401,1.25,7.0,1.3,2.0,1.14,331.0,718.0,0.1134,0.0532,0.0018,-1.2534,0.627,0.0111
2026-09-23T17:54:02Z,2026-09-23 03:56:05,SPXW,2026-09-24,P,7870.0,7764.6401,99.1,3.0,100.3,2.0,0.0,0.0,0.0,0.1144,-0.9468,0.0018,-1.2534,0.627,-0.2044
2026-09-23T17:54:02Z,2026-09-23 03:56:05,SPXW,2026-09-24,C,7875.0,7764.6401,1.1,7.0,1.25,8.0,1.0,459.0,836.0,0.116,0.0473,0.0016,-1.1177,0.5743,0.0098
2026-09-23T17:54:02Z,2026-09-23 03:56:05,SPXW,2026-09-24,P,7875.0,7764.6401,104.0,2.0,105.1,3.0,244.77,0.0,4.0,0.1172,-0.9526,0.0016,-1.1177,0.5743,-0.2057
2026-09-23T17:54:02Z,2026-09-23 03:56:05,SPXW,2026-09-24,C,7880.0,7764.6401,1.0,7.0,1.1,8.0,0.9,542.0,535.0,0.1179,0.0422,0.0014,-1.0004,0.5266,0.0088
2026-09-23T17:54:02Z,2026-09-23 03:56:05,SPXW,2026-09-24,P,7880.0,7764.6401,108.9,2.0,110.0,2.0,107.85,4.0,10.0,0.1186,-0.9577,0.0014,-1.0004,0.5266,-0.2069
2026-09-23T17:54:02Z,2026-09-23 03:56:05,SPXW,2026-09-24,C,7885.0,7764.6401,0.85,33.0,1.0,12.0,0.8,209.0,0.0,0.1194,0.0378,0.0013,-0.8986,0.4838,0.0079
2026-09-23T17:54:02Z,2026-09-23 03:56:05,SPXW,2026-09-24,P,7885.0,7764.6401,107.4,2.0,124.5,1.0,0.0,0.0,0.0,0.1477,-0.9621,0.0013,-0.8986,0.4838,-0.208
2026-09-23T17:54:02Z,2026-09-23 03:56:05,SPXW,2026-09-24,C,7890.0,7764.6401,0.8,11.0,0.9,16.0,0.7,443.0,602.0,0.1218,0.034,0.0012,-0.8104,0.4453,0.0071
2026-09-23T17:54:02Z,2026-09-23 03:56:05,SPXW,2026-09-24,P,7890.0,7764.6401,112.3,2.0,129.4,1.0,0.0,0.0,0.0,0.1512,-0.9659,0.0012,-0.8104,0.4453,-0.2089
2026-09-23T17:54:02Z,2026-09-23 03:56:05,SPXW,2026-09-24,C,7895.0,7764.6401,0.7,36.0,0.8,13.0,0.6,124.0,0.0,0.1234,0.0307,0.0011,-0.7337,0.4104,0.0064
2026-09-23T17:54:02Z,2026-09-23 03:56:05,SPXW,2026-09-24,P,7895.0,7764.6401,117.2,2.0,134.4,1.0,0.0,0.0,0.0,0.1554,-0.9693,0.0011,-0.7337,0.4104,-0.2098
2026-09-23T17:54:02Z,2026-09-23 03:56:05,SPXW,2026-09-24,C,7900.0,7764.6401,0.7,50.0,0.75,15.0,0.57,804.0,565.0,0.1267,0.0278,0.001,-0.6667,0.3789,0.0058
2026-09-23T17:54:02Z,2026-09-23 03:56:05,SPXW,2026-09-24,P,7900.0,7764.6401,128.5,3.0,129.7,3.0,127.65,4.0,36.0,0.1271,-0.9722,0.001,-0.6667,0.3789,-0.2105
2026-09-23T17:54:02Z,2026-09-23 03:56:05,SPXW,2026-09-24,C,7905.0,7764.6401,0.6,39.0,0.7,18.0,0.45,62.0,0.0,0.1285,0.0252,0.0009,-0.608,0.3506,0.0052
2026-09-23T17:54:02Z,2026-09-23 03:56:05,SPXW,2026-09-24,P,7905.0,7764.6401,127.1,2.0,144.3,1.0,0.0,0.0,0.0,0.1634,-0.9748,0.0009,-0.608,0.3506,-0.2112
2026-09-23T17:54:02Z,2026-09-23 03:56:05,SPXW,2026-09-24,C,7910.0,7764.6401,0.55,40.0,0.65,16.0,0.45,175.0,252.0,0.1308,0.023,0.0008,-0.5565,0.3251,0.0047
2026-09-23T17:54:02Z,2026-09-23 03:56:05,SPXW,2026-09-24,P,7910.0,7764.6401,132.1,2.0,149.2,1.0,0.0,0.0,0.0,0.1674,-0.977,0.0008,-0.5565,0.3251,-0.2118
2026-09-23T17:54:02Z,2026-09-23 03:56:05,SPXW,2026-09-24,C,7915.0,7764.6401,0.5,40.0,0.6,16.0,0.45,182.0,0.0,0.133,0.021,0.0007,-0.5112,0.302,0.0043
2026-09-23T17:54:02Z,2026-09-23 03:56:05,SPXW,2026-09-24,P,7915.0,7764.6401,137.0,2.0,154.2,1.0,0.0,0.0,0.0,0.1713,-0.979,0.0007,-0.5112,0.302,-0.2124
2026-09-23T17:54:02Z,2026-09-23 03:56:05,SPXW,2026-09-24,C,7920.0,7764.6401,0.45,42.0,0.55,17.0,0.4,111.0,265.0,0.1349,0.0192,0.0007,-0.471,0.2809,0.004
2026-09-23T17:54:02Z,2026-09-23 03:56:05,SPXW,2026-09-24,P,7920.0,7764.6401,142.0,2.0,159.1,1.0,0.0,0.0,0.0,0.1751,-0.9808,0.0007,-0.471,0.2809,-0.2128
2026-09-23T17:54:02Z,2026-09-23 03:56:05,SPXW,2026-09-24,C,7925.0,7764.6401,0.4,53.0,0.5,16.0,0.4,123.0,331.0,0.1366,0.0176,0.0006,-0.4354,0.2619,0.0036
2026-09-23T17:54:02Z,2026-09-23 03:56:05,SPXW,2026-09-24,P,7925.0,7764.6401,147.0,2.0,164.1,1.0,0.0,0.0,0.0,0.1797,-0.9823,0.0006,-0.4354,0.2619,-0.2133
2026-09-23T17:54:02Z,2026-09-23 03:56:05,SPXW,2026-09-24,C,7930.0,7764.6401,0.4,43.0,0.5,19.0,0.4,411.0,214.0,0.1403,0.0163,0.0006,-0.4037,0.2446,0.0034
2026-09-23T17:54:02Z,2026-09-23 03:56:05,SPXW,2026-09-24,P,7930.0,7764.6401,152.2,2.0,169.0,1.0,0.0,0.0,0.0,0.1851,-0.9837,0.0006,-0.4037,0.2446,-0.2137
2026-09-23T17:54:02Z,2026-09-23 03:56:05,SPXW,2026-09-24,C,7935.0,7764.6401,0.35,54.0,0.45,17.0,0.35,97.0,0.0,0.1417,0.015,0.0005,-0.3755,0.229,0.0031
2026-09-23T17:54:02Z,2026-09-23 03:56:05,SPXW,2026-09-24,P,7935.0,7764.6401,157.2,1.0,173.9,1.0,0.0,0.0,0.0,0.1888,-0.9849,0.0005,-0.3755,0.229,-0.2141
2026-09-23T17:54:02Z,2026-09-23 03:56:05,SPXW,2026-09-24,C,7940.0,7764.6401,0.35,43.0,0.45,48.0,0.34,201.0,132.0,0.1454,0.0139,0.0005,-0.3502,0.2146,0.0029
2026-09-23T17:54:02Z,2026-09-23 03:56:05,SPXW,2026-09-24,P,7940.0,7764.6401,161.9,2.0,178.9,1.0,0.0,0.0,0.0,0.1906,-0.986,0.0005,-0.3502,0.2146,-0.2145
2026-09-23T17:54:02Z,2026-09-23 03:56:05,SPXW,2026-09-24,C,7945.0,7764.6401,0.3,58.0,0.4,17.0,0.3,80.0,0.0,0.1464,0.0129,0.0004,-0.3276,0.2015,0.0027
2026-09-23T17:54:02Z,2026-09-23 03:56:05,SPXW,2026-09-24,P,7945.0,7764.6401,166.9,2.0,183.9,1.0,0.0,0.0,0.0,0.1951,-0.987,0.0004,-0.3276,0.2015,-0.2148
2026-09-23T17:54:02Z,2026-09-23 03:56:05,SPXW,2026-09-24,C,7950.0,7764.6401,0.3,44.0,0.4,20.0,0.3,492.0,396.0,0.15,0.012,0.0004,-0.3072,0.1895,0.0025
2026-09-23T17:54:02Z,2026-09-23 03:56:05,SPXW,2026-09-24,P,7950.0,7764.6401,171.9,2.0,188.9,1.0,181.65,5.0,2.0,0.1995,-0.9879,0.0004,-0.3072,0.1895,-0.2152
2026-09-23T17:54:02Z,2026-09-23 03:56:05,SPXW,2026-09-24,C,7955.0,7764.6401,0.25,126.0,0.35,20.0,0.2,26.0,0.0,0.1506,0.0112,0.0004,-0.2883,0.1783,0.0023
2026-09-23T17:54:02Z,2026-09-23 03:56:05,SPXW,2026-09-24,P,7955.0,7764.6401,176.9,2.0,193.9,1.0,0.0,0.0,0.0,0.204,-0.9888,0.0004,-0.2887,0.1786,-0.2155
2026-09-23T17:54:02Z,2026-09-23 03:56:05,SPXW,2026-09-24,C,7960.0,7764.6401,0.25,45.0,0.35,21.0,0.25,38.0,0.0,0.154,0.0105,0.0003,-0.272,0.1686,0.0022
2026-09-23T17:54:02Z,2026-09-23 03:56:05,SPXW,2026-09-24,P,7960.0,7764.6401,181.8,2.0,198.8,1.0,0.0,0.0,0.0,0.2064,-0.9895,0.0003,-0.272,0.1686,-0.2158
2026-09-23T17:54:02Z,2026-09-23 03:56:05,SPXW,2026-09-24,C,7965.0,7764.6401,0.25,45.0,0.35,23.0,0.25,9.0,0.0,0.1575,0.0098,0.0003,-0.2569,0.1594,0.002
2026-09-23T17:54:02Z,2026-09-23 03:56:05,SPXW,2026-09-24,P,7965.0,7764.6401,186.8,2.0,203.8,1.0,0.0,0.0,0.0,0.2107,-0.9901,0.0003,-0.2569,0.1594,-0.216
2026-09-23T17:54:02Z,2026-09-23 03:56:05,SPXW,2026-09-24,C,7970.0,7764.6401,0.25,16.0,0.35,83.0,0.25,9.0,0.0,0.161,0.0092,0.0003,-0.2432,0.1509,0.0019
2026-09-23T17:54:02Z,2026-09-23 03:56:05,SPXW,2026-09-24,P,7970.0,7764.6401,192.0,1.0,208.7,1.0,0.0,0.0,0.0,0.2161,-0.9907,0.0003,-0.2432,0.1509,-0.2163
2026-09-23T17:54:02Z,2026-09-23 03:56:05,SPXW,2026-09-24,C,7975.0,7764.6401,0.2,45.0,0.3,21.0,0.26,70.0,307.0,0.1609,0.0087,0.0003,-0.2304,0.1429,0.0018
2026-09-23T17:54:02Z,2026-09-23 03:56:05,SPXW,2026-09-24,P,7975.0,7764.6401,195.2,2.0,213.7,1.0,0.0,0.0,0.0,0.1983,-0.9913,0.0003,-0.2307,0.1431,-0.2165
2026-09-23T17:54:02Z,2026-09-23 03:56:05,SPXW,2026-09-24,C,7980.0,7764.6401,0.2,46.0,0.3,22.0,0.2,53.0,0.0,0.1643,0.0082,0.0003,-0.219,0.1357,0.0017
2026-09-23T17:54:02Z,2026-09-23 03:56:05,SPXW,2026-09-24,P,7980.0,7764.6401,200.2,2.0,218.7,1.0,0.0,0.0,0.0,0.2024,-0.9918,0.0003,-0.2193,0.1359,-0.2168
2026-09-23T17:54:02Z,2026-09-23 03:56:05,SPXW,2026-09-24,C,7985.0,7764.6401,0.2,18.0,0.3,67.0,0.35,8.0,0.0,0.1677,0.0077,0.0002,-0.2086,0.129,0.0016
2026-09-23T17:54:02Z,2026-09-23 03:56:05,SPXW,2026-09-24,P,7985.0,7764.6401,204.7,2.0,225.7,1.0,0.0,0.0,0.0,0.2312,-0.9922,0.0002,-0.2088,0.1292,-0.217
2026-09-23T17:54:02Z,2026-09-23 03:56:05,SPXW,2026-09-24,C,7990.0,7764.6401,0.2,18.0,0.3,78.0,0.2,10.0,0.0,0.1711,0.0073,0.0002,-0.199,0.1228,0.0015
2026-09-23T17:54:02Z,2026-09-23 03:56:05,SPXW,2026-09-24,P,7990.0,7764.6401,209.6,2.0,230.7,1.0,0.0,0.0,0.0,0.2345,-0.9926,0.0002,-0.1993,0.123,-0.2172
2026-09-23T17:54:02Z,2026-09-23 03:56:05,SPXW,2026-09-24,C,7995.0,7764.6401,0.15,141.0,0.25,19.0,0.3,17.0,0.0,0.17,0.0069,0.0002,-0.1902,0.1171,0.0014
2026-09-23T17:54:02Z,2026-09-23 03:56:05,SPXW,2026-09-24,P,7995.0,7764.6401,214.5,2.0,235.7,1.0,0.0,0.0,0.0,0.2377,-0.993,0.0002,-0.1904,0.1173,-0.2174
2026-09-23T17:54:02Z,2026-09-23 03:56:05,SPXW,2026-09-24,C,8000.0,7764.6401,0.15,47.0,0.25,22.0,0.17,133.0,400.0,0.1734,0.0066,0.0002,-0.1819,0.1117,0.0013
2026-09-23T17:54:02Z,2026-09-23 03:56:05,SPXW,2026-09-24,P,8000.0,7764.6401,219.7,2.0,240.6,1.0,311.91,0.0,1.0,0.2442,-0.9934,0.0002,-0.1823,0.112,-0.2177
2026-09-23T17:54:02Z,2026-09-23 03:56:05,SPXW,2026-09-24,C,8010.0,7764.6401,0.15,19.0,0.25,77.0,0.2,1.0,0.0,0.1798,0.006,0.0002,-0.1679,0.1025,0.0012
2026-09-23T17:54:02Z,2026-09-23 03:56:05,SPXW,2026-09-24,P,8010.0,7764.6401,229.5,2.0,253.5,2.0,0.0,0.0,0.0,0.2734,-0.994,0.0002,-0.1679,0.1025,-0.2181
2026-09-23T17:54:02Z,2026-09-23 03:56:05,SPXW,2026-09-24,C,8020.0,7764.6401,0.15,19.0,0.2,20.0,0.15,36.0,0.0,0.1838,0.0054,0.0002,-0.1552,0.094,0.0011
2026-09-23T17:54:02Z,2026-09-23 03:56:05,SPXW,2026-09-24,P,8020.0,7764.6401,239.4,2.0,263.4,2.0,0.0,0.0,0.0,0.2805,-0.9945,0.0002,-0.1556,0.0942,-0.2184
2026-09-23T17:54:02Z,2026-09-23 03:56:05,SPXW,2026-09-24,C,8025.0,7764.6401,0.1,159.0,0.2,20.0,0.15,95.0,288.0,0.1838,0.0052,0.0001,-0.1498,0.0903,0.001
2026-09-23T17:54:02Z,2026-09-23 03:56:05,SPXW,2026-09-24,P,8025.0,7764.6401,244.5,2.0,268.5,2.0,0.0,0.0,0.0,0.2868,-0.9948,0.0001,-0.1501,0.0905,-0.2186
2026-09-23T17:54:02Z,2026-09-23 03:56:05,SPXW,2026-09-24,C,8030.0,7764.6401,0.1,149.0,0.2,28.0,0.15,24.0,0.0,0.187,0.005,0.0001,-0.1448,0.0868,0.001
2026-09-23T17:54:02Z,2026-09-23 03:56:05,SPXW,2026-09-24,P,8030.0,7764.6401,249.4,2.0,273.4,2.0,0.0,0.0,0.0,0.2893,-0.995,0.0001,-0.145,0.087,-0.2188
2026-09-23T17:54:02Z,2026-09-23 03:56:05,SPXW,2026-09-24,C,8040.0,7764.6401,0.1,21.0,0.2,85.0,0.15,66.0,0.0,0.1932,0.0046,0.0001,-0.1357,0.0806,0.0009
2026-09-23T17:54:02Z,2026-09-23 03:56:05,SPXW,2026-09-24,P,8040.0,7764.6401,259.4,2.0,283.4,2.0,0.0,0.0,0.0,0.2981,-0.9954,0.0001,-0.1358,0.0806,-0.2192
2026-09-23T17:54:02Z,2026-09-23 03:56:05,SPXW,2026-09-24,C,8050.0,7764.6401,0.1,20.0,0.2,96.0,0.15,45.0,196.0,0.1995,0.0042,0.0001,-0.1277,0.075,0.0009
2026-09-23T17:54:02Z,2026-09-23 03:56:05,SPXW,2026-09-24,P,8050.0,7764.6401,269.4,2.0,293.4,2.0,302.29,0.0,2.0,0.3069,-0.9957,0.0001,-0.1278,0.0751,-0.2195
2026-09-23T17:54:02Z,2026-09-23 03:56:05,SPXW,2026-09-24,C,8060.0,7764.6401,0.1,21.0,0.15,26.0,0.15,51.0,0.0,0.2018,0.0039,0.0001,-0.1208,0.0701,0.0008
2026-09-23T17:54:02Z,2026-09-23 03:56:05,SPXW,2026-09-24,P,8060.0,7764.6401,279.5,2.0,303.5,2.0,0.0,0.0,0.0,0.3175,-0.996,0.0001,-0.1208,0.0701,-0.2198
2026-09-23T17:54:02Z,2026-09-23 03:56:05,SPXW,2026-09-24,C,8070.0,7764.6401,0.05,261.0,0.15,28.0,0.1,26.0,0.0,0.2034,0.0037,0.0001,-0.1146,0.0658,0.0007
2026-09-23T17:54:02Z,2026-09-23 03:56:05,SPXW,2026-09-24,P,8070.0,7764.6401,289.6,2.0,313.6,2.0,0.0,0.0,0.0,0.3282,-0.9963,0.0001,-0.1146,0.0658,-0.2202
2026-09-23T17:54:02Z,2026-09-23 03:56:05,SPXW,2026-09-24,C,8075.0,7764.6401,0.05,162.0,0.15,28.0,0.1,41.0,48.0,0.2064,0.0035,0.0001,-0.1117,0.0638,0.0007
2026-09-23T17:54:02Z,2026-09-23 03:56:05,SPXW,2026-09-24,P,8075.0,7764.6401,294.5,2.0,318.5,2.0,0.0,0.0,0.0,0.3305,-0.9964,0.0001,-0.1117,0.0638,-0.2203
2026-09-23T17:54:02Z,2026-09-23 03:56:05,SPXW,2026-09-24,C,8100.0,7764.6401,0.05,24.0,0.15,107.0,0.1,55.0,170.0,0.2213,0.003,0.0001,-0.0998,0.0552,0.0006
2026-09-23T17:54:02Z,2026-09-23 03:56:05,SPXW,2026-09-24,P,8100.0,7764.6401,319.4,2.0,343.4,2.0,0.0,0.0,0.0,0.3498,-0.9969,0.0001,-0.0998,0.0552,-0.2211
2026-09-23T17:54:02Z,2026-09-23 03:56:05,SPXW,2026-09-24,C,8125.0,7764.6401,0.05,23.0,0.1,25.0,0.1,32.0,27.0,0.2299,0.0026,0.0001,-0.0908,0.0485,0.0005
2026-09-23T17:54:02Z,2026-09-23 03:56:05,SPXW,2026-09-24,P,8125.0,7764.6401,344.6,2.0,368.6,2.0,0.0,0.0,0.0,0.3752,-0.9973,0.0001,-0.0908,0.0485,-0.2219
2026-09-23T17:54:02Z,2026-09-23 03:56:05,SPXW,2026-09-24,C,8150.0,7764.6401,0.05,23.0,0.1,27.0,0.1,1.0,68.0,0.2442,0.0023,0.0001,-0.0837,0.0432,0.0005
2026-09-23T17:54:02Z,2026-09-23 03:56:05,SPXW,2026-09-24,P,8150.0,7764.6401,369.4,2.0,393.4,2.0,0.0,0.0,0.0,0.3916,-0.9976,0.0001,-0.0837,0.0432,-0.2226
2026-09-23T17:54:02Z,2026-09-23 03:56:05,SPXW,2026-09-24,C,8175.0,7764.6401,0.0,0.0,0.1,29.0,0.05,29.0,56.0,0.2495,0.0021,0.0,-0.078,0.0389,0.0004
2026-09-23T17:54:02Z,2026-09-23 03:56:05,SPXW,2026-09-24,P,8175.0,7764.6401,394.4,2.0,418.4,2.0,0.0,0.0,0.0,0.4122,-0.9979,0.0,-0.078,0.0389,-0.2234
2026-09-23T17:54:02Z,2026-09-23 03:56:05,SPXW,2026-09-24,C,8200.0,7764.6401,0.0,0.0,0.1,31.0,0.1,2.0,68.0,0.2632,0.0019,0.0,-0.0734,0.0354,0.0004
2026-09-23T17:54:02Z,2026-09-23 03:56:05,SPXW,2026-09-24,P,8200.0,7764.6401,419.4,2.0,443.4,2.0,0.0,0.0,0.0,0.4325,-0.9981,0.0,-0.0734,0.0354,-0.2241
2026-09-23T17:54:02Z,2026-09-23 03:56:05,SPXW,2026-09-24,C,8225.0,7764.6401,0.0,0.0,0.1,94.0,0.05,49.0,3.0,0.2773,0.0017,0.0,-0.0694,0.0323,0.0004
2026-09-23T17:54:02Z,2026-09-23 03:56:05,SPXW,2026-09-24,P,8225.0,7764.6401,444.5,2.0,468.5,2.0,0.0,0.0,0.0,0.4551,-0.9982,0.0,-0.0695,0.0324,-0.2248
2026-09-23T17:54:02Z,2026-09-23 03:56:05,SPXW,2026-09-24,C,8250.0,7764.6401,0.0,0.0,0.1,104.0,0.1,0.0,2.0,0.2908,0.0016,0.0,-0.0662,0.0298,0.0003
2026-09-23T17:54:02Z,2026-09-23 03:56:05,SPXW,2026-09-24,P,8250.0,7764.6401,469.4,2.0,493.4,2.0,0.0,0.0,0.0,0.4725,-0.9984,0.0,-0.0663,0.0299,-0.2255
2026-09-23T17:54:02Z,2026-09-23 03:56:05,SPXW,2026-09-24,C,8275.0,7764.6401,0.0,0.0,0.1,94.0,0.05,3.0,7.0,0.3042,0.0015,0.0,-0.0634,0.0277,0.0003
2026-09-23T17:54:02Z,2026-09-23 03:56:05,SPXW,2026-09-24,P,8275.0,7764.6401,494.4,2.0,518.4,2.0,0.0,0.0,0.0,0.4922,-0.9985,0.0,-0.0635,0.0277,-0.2262
2026-09-23T17:54:02Z,2026-09-23 03:56:05,SPXW,2026-09-24,C,8300.0,7764.6401,0.0,0.0,0.1,117.0,0.08,0.0,8.0,0.3175,0.0014,0.0,-0.0609,0.0258,0.0003
2026-09-23T17:54:02Z,2026-09-23 03:56:05,SPXW,2026-09-24,P,8300.0,7764.6401,519.6,2.0,543.6,2.0,0.0,0.0,0.0,0.5172,-0.9986,0.0,-0.061,0.0258,-0.2269
2026-09-23T17:54:02Z,2026-09-23 03:56:05,SPXW,2026-09-24,C,8400.0,7764.6401,0.0,0.0,0.05,25.0,0.05,12.0,8.0,0.3509,0.0011,0.0,-0.0534,0.0202,0.0002
2026-09-23T17:54:02Z,2026-09-23 03:56:05,SPXW,2026-09-24,P,8400.0,7764.6401,619.5,2.0,643.5,2.0,0.0,0.0,0.0,0.5914,-0.9989,0.0,-0.0535,0.0203,-0.2297
2026-09-23T17:54:02Z,2026-09-23 03:56:05,SPXW,2026-09-24,C,8500.0,7764.6401,0.0,0.0,0.05,30.0,0.05,0.0,3.0,0.3996,0.0009,0.0,-0.048,0.0165,0.0002
2026-09-23T17:54:02Z,2026-09-23 03:56:05,SPXW,2026-09-24,P,8500.0,7764.6401,719.3,2.0,743.3,2.0,0.0,0.0,0.0,0.6592,-0.9991,0.0,-0.048,0.0165,-0.2325
2026-09-23T17:54:02Z,2026-09-23 03:56:05,SPXW,2026-09-25,C,6990.0,7764.6401,769.1,2.0,793.1,2.0,706.63,0.0,2.0,0.0,0.998,0.0,-0.1513,0.0437,0.7635
2026-09-23T17:54:02Z,2026-09-23 03:56:05,SPXW,2026-09-25,P,6990.0,7764.6401,0.1,106.0,0.2,56.0,0.22,1.0,942.0,0.4307,-0.002,0.0,-0.1518,0.0439,-0.0016
2026-09-23T17:54:02Z,2026-09-23 03:56:05,SPXW,2026-09-25,C,7000.0,7764.6401,773.3,2.0,774.8,2.0,651.9,0.0,4780.0,0.4499,0.9979,0.0,-0.1548,0.045,0.7646
2026-09-23T17:54:02Z,2026-09-23 03:56:05,SPXW,2026-09-25,P,7000.0,7764.6401,0.1,93.0,0.2,55.0,0.2,318.0,8211.0,0.4254,-0.002,0.0,-0.1552,0.0451,-0.0017
2026-09-23T17:54:02Z,2026-09-23 03:56:05,SPXW,2026-09-25,C,7010.0,7764.6401,749.2,2.0,773.2,2.0,621.98,0.0,7.0,0.0,0.9979,0.0,-0.1583,0.0463,0.7656
2026-09-23T17:54:02Z,2026-09-23 03:56:05,SPXW,2026-09-25,P,7010.0,7764.6401,0.1,115.0,0.2,53.0,0.4,0.0,72.0,0.4201,-0.0021,0.0,-0.1587,0.0464,-0.0017
2026-09-23T17:54:02Z,2026-09-23 03:56:05,SPXW,2026-09-25,C,7020.0,7764.6401,739.2,2.0,763.2,2.0,610.5,0.0,2.0,0.0,0.9978,0.0,-0.1619,0.0476,0.7667
2026-09-23T17:54:02Z,2026-09-23 03:56:05,SPXW,2026-09-25,P,7020.0,7764.6401,0.1,121.0,0.2,52.0,0.25,13.0,83.0,0.4148,-0.0022,0.0,-0.1624,0.0478,-0.0018
2026-09-23T17:54:02Z,2026-09-23 03:56:05,SPXW,2026-09-25,C,7025.0,7764.6401,734.2,2.0,758.2,2.0,0.0,0.0,0.0,0.0,0.9978,0.0,-0.1638,0.0483,0.7672
2026-09-23T17:54:02Z,2026-09-23 03:56:05,SPXW,2026-09-25,P,7025.0,7764.6401,0.15,26.0,0.2,52.0,0.25,25.0,3879.0,0.4181,-0.0022,0.0,-0.1642,0.0485,-0.0018
2026-09-23T17:54:02Z,2026-09-23 03:56:05,SPXW,2026-09-25,C,7030.0,7764.6401,729.2,2.0,753.2,2.0,0.0,0.0,0.0,0.0,0.9977,0.0,-0.1657,0.049,0.7677
2026-09-23T17:54:02Z,2026-09-23 03:56:05,SPXW,2026-09-25,P,7030.0,7764.6401,0.15,26.0,0.2,26.0,0.3,26.0,108.0,0.4154,-0.0022,0.0,-0.1661,0.0492,-0.0018
2026-09-23T17:54:02Z,2026-09-23 03:56:05,SPXW,2026-09-25,C,7040.0,7764.6401,719.2,2.0,743.2,2.0,0.0,0.0,0.0,0.0,0.9976,0.0,-0.1695,0.0505,0.7687
2026-09-23T17:54:02Z,2026-09-23 03:56:05,SPXW,2026-09-25,P,7040.0,7764.6401,0.15,27.0,0.2,26.0,0.15,108.0,5666.0,0.41,-0.0023,0.0,-0.17,0.0506,-0.0019
2026-09-23T17:54:02Z,2026-09-23 03:56:05,SPXW,2026-09-25,C,7050.0,7764.6401,709.3,2.0,733.3,2.0,580.65,0.0,3.0,0.0,0.9976,0.0,-0.1735,0.052,0.7698
2026-09-23T17:54:02Z,2026-09-23 03:56:05,SPXW,2026-09-25,P,7050.0,7764.6401,0.15,28.0,0.25,121.0,0.2,169.0,5771.0,0.4098,-0.0024,0.0,-0.174,0.0522,-0.002
2026-09-23T17:54:02Z,2026-09-23 03:56:05,SPXW,2026-09-25,C,7060.0,7764.6401,699.3,2.0,723.3,2.0,579.04,0.0,53.0,0.0,0.9975,0.0,-0.1776,0.0536,0.7708
2026-09-23T17:54:02Z,2026-09-23 03:56:05,SPXW,2026-09-25,P,7060.0,7764.6401,0.15,29.0,0.25,122.0,0.3,8.0,3059.0,0.4048,-0.0025,0.0,-0.1776,0.0536,-0.002
2026-09-23T17:54:02Z,2026-09-23 03:56:05,SPXW,2026-09-25,C,7070.0,7764.6401,689.2,2.0,713.2,2.0,579.56,0.0,10.0,0.0,0.9974,0.0,-0.1819,0.0552,0.7718
2026-09-23T17:54:02Z,2026-09-23 03:56:05,SPXW,2026-09-25,P,7070.0,7764.6401,0.15,30.0,0.25,119.0,0.2,1.0,735.0,0.3994,-0.0025,0.0,-0.1819,0.0552,-0.0021
2026-09-23T17:54:02Z,2026-09-23 03:56:05,SPXW,2026-09-25,C,7075.0,7764.6401,684.5,1.0,708.3,1.0,570.77,0.0,2.0,0.0,0.9974,0.0,-0.1841,0.056,0.7723
2026-09-23T17:54:02Z,2026-09-23 03:56:05,SPXW,2026-09-25,P,7075.0,7764.6401,0.15,30.0,0.25,121.0,0.5,0.0,253.0,0.3967,-0.0026,0.0,-0.1841,0.056,-0.0021
2026-09-23T17:54:02Z,2026-09-23 03:56:05,SPXW,2026-09-25,C,7080.0,7764.6401,679.2,2.0,703.2,2.0,565.82,0.0,277.0,0.0,0.9973,0.0,-0.1863,0.0569,0.7728
2026-09-23T17:54:02Z,2026-09-23 03:56:05,SPXW,2026-09-25,P,7080.0,7764.6401,0.15,31.0,0.25,56.0,0.5,0.0,345.0,0.394,-0.0026,0.0,-0.1863,0.0569,-0.0022
2026-09-23T17:54:02Z,2026-09-23 03:56:05,SPXW,2026-09-25,C,7090.0,7764.6401,669.2,2.0,693.2,2.0,0.0,0.0,4.0,0.0,0.9972,0.0,-0.1908,0.0587,0.7739
2026-09-23T17:54:02Z,2026-09-23 03:56:05,SPXW,2026-09-25,P,7090.0,7764.6401,0.15,88.0,0.25,54.0,0.22,6.0,73.0,0.3886,-0.0027,0.0,-0.1908,0.0587,-0.0022
2026-09-23T17:54:02Z,2026-09-23 03:56:05,SPXW,2026-09-25,C,7100.0,7764.6401,659.3,2.0,683.3,2.0,550.46,0.0,11.0,0.0,0.9972,0.0,-0.1955,0.0606,0.7749
2026-09-23T17:54:02Z,2026-09-23 03:56:05,SPXW,2026-09-25,P,7100.0,7764.6401,0.15,98.0,0.25,53.0,0.25,1817.0,3852.0,0.3832,-0.0028,0.0,-0.1955,0.0606,-0.0023
2026-09-23T17:54:02Z,2026-09-23 03:56:05,SPXW,2026-09-25,C,7105.0,7764.6401,654.3,2.0,678.3,2.0,658.68,1.0,0.0,0.0,0.9971,0.0,-0.1979,0.0615,0.7754
2026-09-23T17:54:02Z,2026-09-23 03:56:05,SPXW,2026-09-25,P,7105.0,7764.6401,0.15,86.0,0.25,52.0,1.0,0.0,15.0,0.3805,-0.0029,0.0,-0.1979,0.0615,-0.0023
2026-09-23T17:54:02Z,2026-09-23 03:56:05,SPXW,2026-09-25,C,7110.0,7764.6401,649.1,2.0,673.1,2.0,0.0,0.0,0.0,0.0,0.997,0.0,-0.2004,0.0625,0.7759
2026-09-23T17:54:02Z,2026-09-23 03:56:05,SPXW,2026-09-25,P,7110.0,7764.6401,0.15,87.0,0.25,51.0,0.35,24.0,56.0,0.3778,-0.0029,0.0,-0.2004,0.0625,-0.0024
2026-09-23T17:54:02Z,2026-09-23 03:56:05,SPXW,2026-09-25,C,7115.0,7764.6401,644.3,2.0,668.3,2.0,519.52,0.0,5.0,0.0,0.997,0.0,-0.2029,0.0635,0.7764
2026-09-23T17:54:02Z,2026-09-23 03:56:05,SPXW,2026-09-25,P,7115.0,7764.6401,0.15,108.0,0.25,50.0,1.05,0.0,23.0,0.3751,-0.003,0.0,-0.2029,0.0635,-0.0024
2026-09-23T17:54:02Z,2026-09-23 03:56:05,SPXW,2026-09-25,C,7120.0,7764.6401,639.2,2.0,663.2,2.0,476.68,0.0,10.0,0.0,0.997,0.0,-0.2054,0.0646,0.7769
2026-09-23T17:54:02Z,2026-09-23 03:56:05,SPXW,2026-09-25,P,7120.0,7764.6401,0.2,25.0,0.25,24.0,0.55,0.0,79.0,0.3767,-0.003,0.0,-0.2054,0.0646,-0.0025
2026-09-23T17:54:02Z,2026-09-23 03:56:05,SPXW,2026-09-25,C,7125.0,7764.6401,634.2,2.0,658.2,2.0,722.92,0.0,4.0,0.0,0.9969,0.0,-0.208,0.0656,0.7774
2026-09-23T17:54:02Z,2026-09-23 03:56:05,SPXW,2026-09-25,P,7125.0,7764.6401,0.2,24.0,0.25,24.0,0.27,3.0,445.0,0.374,-0.0031,0.0,-0.208,0.0656,-0.0025
2026-09-23T17:54:02Z,2026-09-23 03:56:05,SPXW,2026-09-25,C,7130.0,7764.6401,629.2,2.0,653.2,2.0,0.0,0.0,0.0,0.0,0.9968,0.0,-0.2106,0.0667,0.7779
2026-09-23T17:54:02Z,2026-09-23 03:56:05,SPXW,2026-09-25,P,7130.0,7764.6401,0.2,25.0,0.25,24.0,0.6,0.0,189.0,0.3712,-0.0031,0.0,-0.2106,0.0667,-0.0026
2026-09-23T17:54:02Z,2026-09-23 03:56:05,SPXW,2026-09-25,C,7135.0,7764.6401,624.3,2.0,648.3,2.0,0.0,0.0,0.0,0.0,0.9968,0.0,-0.2133,0.0678,0.7784
2026-09-23T17:54:02Z,2026-09-23 03:56:05,SPXW,2026-09-25,P,7135.0,7764.6401,0.2,26.0,0.3,112.0,0.35,8.0,34.0,0.3723,-0.0032,0.0,-0.2134,0.0678,-0.0026
2026-09-23T17:54:02Z,2026-09-23 03:56:05,SPXW,2026-09-25,C,7140.0,7764.6401,619.4,2.0,643.4,2.0,485.4,0.0,1.0,0.0,0.9967,0.0,-0.216,0.0689,0.7789
2026-09-23T17:54:02Z,2026-09-23 03:56:05,SPXW,2026-09-25,P,7140.0,7764.6401,0.2,26.0,0.3,117.0,0.25,7.0,5506.0,0.3696,-0.0032,0.0,-0.2161,0.069,-0.0026
2026-09-23T17:54:02Z,2026-09-23 03:56:05,SPXW,2026-09-25,C,7145.0,7764.6401,614.3,2.0,638.3,2.0,0.0,0.0,0.0,0.0,0.9967,0.0,-0.2188,0.07,0.7794
2026-09-23T17:54:02Z,2026-09-23 03:56:05,SPXW,2026-09-25,P,7145.0,7764.6401,0.2,27.0,0.3,115.0,0.25,2.0,46.0,0.3668,-0.0033,0.0,-0.2189,0.0701,-0.0027
2026-09-23T17:54:02Z,2026-09-23 03:56:05,SPXW,2026-09-25,C,7150.0,7764.6401,609.2,2.0,633.2,2.0,622.23,0.0,15.0,0.0,0.9966,0.0,-0.2216,0.0712,0.7799
2026-09-23T17:54:02Z,2026-09-23 03:56:05,SPXW,2026-09-25,P,7150.0,7764.6401,0.2,28.0,0.3,118.0,0.25,25.0,4980.0,0.3641,-0.0033,0.0,-0.2217,0.0712,-0.0028
2026-09-23T17:54:02Z,2026-09-23 03:56:05,SPXW,2026-09-25,C,7155.0,7764.6401,604.3,2.0,628.3,2.0,0.0,0.0,0.0,0.0,0.9966,0.0,-0.2245,0.0724,0.7804
2026-09-23T17:54:02Z,2026-09-23 03:56:05,SPXW,2026-09-25,P,7155.0,7764.6401,0.2,28.0,0.3,114.0,0.55,0.0,25.0,0.3613,-0.0034,0.0,-0.2246,0.0724,-0.0028
2026-09-23T17:54:02Z,2026-09-23 03:56:05,SPXW,2026-09-25,C,7160.0,7764.6401,599.3,2.0,623.3,2.0,0.0,0.0,0.0,0.0,0.9965,0.0,-0.2274,0.0736,0.7809
2026-09-23T17:54:02Z,2026-09-23 03:56:05,SPXW,2026-09-25,P,7160.0,7764.6401,0.2,29.0,0.3,53.0,0.55,0.0,3158.0,0.3586,-0.0035,0.0,-0.2275,0.0736,-0.0028
2026-09-23T17:54:02Z,2026-09-23 03:56:05,SPXW,2026-09-25,C,7165.0,7764.6401,594.2,2.0,618.2,2.0,477.85,0.0,10.0,0.0,0.9964,0.0,-0.2304,0.0748,0.7814
2026-09-23T17:54:02Z,2026-09-23 03:56:05,SPXW,2026-09-25,P,7165.0,7764.6401,0.2,29.0,0.3,52.0,0.55,0.0,149.0,0.3558,-0.0035,0.0,-0.2305,0.0749,-0.0029
2026-09-23T17:54:02Z,2026-09-23 03:56:05,SPXW,2026-09-25,C,7170.0,7764.6401,589.3,2.0,613.3,2.0,0.0,0.0,0.0,0.0,0.9964,0.0,-0.2334,0.0761,0.7819
2026-09-23T17:54:02Z,2026-09-23 03:56:05,SPXW,2026-09-25,P,7170.0,7764.6401,0.2,89.0,0.3,51.0,0.4,5.0,908.0,0.3531,-0.0036,0.0,-0.2335,0.0761,-0.003
2026-09-23T17:54:02Z,2026-09-23 03:56:05,SPXW,2026-09-25,C,7175.0,7764.6401,584.1,2.0,608.1,2.0,503.42,0.0,7.0,0.0,0.9963,0.0,-0.2365,0.0774,0.7824
2026-09-23T17:54:02Z,2026-09-23 03:56:05,SPXW,2026-09-25,P,7175.0,7764.6401,0.2,85.0,0.3,51.0,0.27,44.0,641.0,0.3503,-0.0037,0.0,-0.2366,0.0774,-0.003
2026-09-23T17:54:02Z,2026-09-23 03:56:05,SPXW,2026-09-25,C,7180.0,7764.6401,579.1,2.0,603.1,2.0,498.61,0.0,2.0,0.0,0.9962,0.0,-0.2396,0.0787,0.7829
2026-09-23T17:54:02Z,2026-09-23 03:56:05,SPXW,2026-09-25,P,7180.0,7764.6401,0.2,94.0,0.3,50.0,0.4,42.0,256.0,0.3476,-0.0037,0.0,-0.2398,0.0787,-0.0031
2026-09-23T17:54:02Z,2026-09-23 03:56:05,SPXW,2026-09-25,C,7185.0,7764.6401,574.5,2.0,598.5,2.0,0.0,0.0,0.0,0.0,0.9962,0.0,-0.2429,0.08,0.7834
2026-09-23T17:54:02Z,2026-09-23 03:56:05,SPXW,2026-09-25,P,7185.0,7764.6401,0.2,82.0,0.3,24.0,0.55,0.0,34.0,0.3448,-0.0038,0.0,-0.243,0.0801,-0.0031
2026-09-23T17:54:02Z,2026-09-23 03:56:05,SPXW,2026-09-25,C,7190.0,7764.6401,569.4,2.0,593.4,2.0,0.0,0.0,0.0,0.0,0.9961,0.0,-0.2461,0.0814,0.7838
2026-09-23T17:54:02Z,2026-09-23 03:56:05,SPXW,2026-09-25,P,7190.0,7764.6401,0.2,82.0,0.3,23.0,0.45,9.0,232.0,0.3421,-0.0039,0.0,-0.2462,0.0814,-0.0032
2026-09-23T17:54:02Z,2026-09-23 03:56:05,SPXW,2026-09-25,C,7195.0,7764.6401,564.3,2.0,588.3,2.0,0.0,0.0,0.0,0.0,0.996,0.0,-0.2494,0.0828,0.7843
2026-09-23T17:54:02Z,2026-09-23 03:56:05,SPXW,2026-09-25,P,7195.0,7764.6401,0.25,23.0,0.3,23.0,0.6,0.0,142.0,0.3427,-0.004,0.0,-0.2496,0.0828,-0.0032
2026-09-23T17:54:02Z,2026-09-23 03:56:05,SPXW,2026-09-25,C,7200.0,7764.6401,559.3,2.0,583.3,2.0,425.0,0.0,65.0,0.0,0.9959,0.0,-0.2528,0.0842,0.7848
2026-09-23T17:54:02Z,2026-09-23 03:56:05,SPXW,2026-09-25,P,7200.0,7764.6401,0.25,24.0,0.35,107.0,0.32,154.0,1868.0,0.343,-0.004,0.0,-0.253,0.0843,-0.0033
2026-09-23T17:54:02Z,2026-09-23 03:56:05,SPXW,2026-09-25,C,7205.0,7764.6401,554.2,2.0,578.2,2.0,438.27,0.0,10.0,0.0,0.9959,0.0,-0.2563,0.0857,0.7853
2026-09-23T17:54:02Z,2026-09-23 03:56:05,SPXW,2026-09-25,P,7205.0,7764.6401,0.25,25.0,0.35,114.0,0.3,22.0,269.0,0.3402,-0.0041,0.0,-0.2565,0.0858,-0.0034
2026-09-23T17:54:02Z,2026-09-23 03:56:05,SPXW,2026-09-25,C,7210.0,7764.6401,549.3,2.0,573.3,2.0,524.4,0.0,1.0,0.0,0.9958,0.0,-0.2598,0.0872,0.7858
2026-09-23T17:54:02Z,2026-09-23 03:56:05,SPXW,2026-09-25,P,7210.0,7764.6401,0.25,25.0,0.35,111.0,0.45,30.0,1424.0,0.3374,-0.0042,0.0,-0.26,0.0873,-0.0034
2026-09-23T17:54:02Z,2026-09-23 03:56:05,SPXW,2026-09-25,C,7215.0,7764.6401,544.4,2.0,568.4,2.0,419.99,0.0,5.0,0.0,0.9957,0.0001,-0.2634,0.0888,0.7863
2026-09-23T17:54:02Z,2026-09-23 03:56:05,SPXW,2026-09-25,P,7215.0,7764.6401,0.25,26.0,0.35,110.0,0.3,2.0,76.0,0.3346,-0.0043,0.0001,-0.2636,0.0889,-0.0035
2026-09-23T17:54:02Z,2026-09-23 03:56:05,SPXW,2026-09-25,C,7220.0,7764.6401,539.4,2.0,563.4,2.0,0.0,0.0,225.0,0.0,0.9956,0.0001,-0.2671,0.0904,0.7867
2026-09-23T17:54:02Z,2026-09-23 03:56:05,SPXW,2026-09-25,P,7220.0,7764.6401,0.25,24.0,0.35,52.0,0.3,2.0,839.0,0.3318,-0.0044,0.0001,-0.2673,0.0904,-0.0036
2026-09-23T17:54:02Z,2026-09-23 03:56:05,SPXW,2026-09-25,C,7225.0,7764.6401,534.4,2.0,558.4,2.0,482.61,0.0,6.0,0.0,0.9955,0.0001,-0.2708,0.092,0.7872
2026-09-23T17:54:02Z,2026-09-23 03:56:05,SPXW,2026-09-25,P,7225.0,7764.6401,0.25,27.0,0.35,51.0,0.3,25.0,930.0,0.329,-0.0044,0.0001,-0.271,0.0921,-0.0036
2026-09-23T17:54:02Z,2026-09-23 03:56:05,SPXW,2026-09-25,C,7230.0,7764.6401,529.4,2.0,553.4,2.0,509.06,0.0,5.0,0.0,0.9954,0.0001,-0.2746,0.0936,0.7877
2026-09-23T17:54:02Z,2026-09-23 03:56:05,SPXW,2026-09-25,P,7230.0,7764.6401,0.25,28.0,0.35,50.0,0.35,229.0,270.0,0.3262,-0.0045,0.0001,-0.2748,0.0938,-0.0037
2026-09-23T17:54:02Z,2026-09-23 03:56:05,SPXW,2026-09-25,C,7235.0,7764.6401,524.4,2.0,548.4,2.0,0.0,0.0,0.0,0.0,0.9954,0.0001,-0.2784,0.0954,0.7882
2026-09-23T17:54:02Z,2026-09-23 03:56:05,SPXW,2026-09-25,P,7235.0,7764.6401,0.25,85.0,0.35,24.0,0.3,2.0,178.0,0.3234,-0.0046,0.0001,-0.2787,0.0955,-0.0038
2026-09-23T17:54:02Z,2026-09-23 03:56:05,SPXW,2026-09-25,C,7240.0,7764.6401,519.4,2.0,543.4,2.0,308.92,0.0,30.0,0.0,0.9953,0.0001,-0.2824,0.0971,0.7886
2026-09-23T17:54:02Z,2026-09-23 03:56:05,SPXW,2026-09-25,P,7240.0,7764.6401,0.25,82.0,0.35,23.0,0.39,15.0,1078.0,0.3206,-0.0047,0.0001,-0.2827,0.0972,-0.0039
2026-09-23T17:54:02Z,2026-09-23 03:56:05,SPXW,2026-09-25,C,7245.0,7764.6401,514.5,2.0,538.5,2.0,0.0,0.0,0.0,0.0,0.9952,0.0001,-0.2864,0.0989,0.7891
2026-09-23T17:54:02Z,2026-09-23 03:56:05,SPXW,2026-09-25,P,7245.0,7764.6401,0.25,78.0,0.35,23.0,0.25,3.0,75.0,0.3178,-0.0048,0.0001,-0.2867,0.099,-0.004
2026-09-23T17:54:02Z,2026-09-23 03:56:05,SPXW,2026-09-25,C,7250.0,7764.6401,509.5,2.0,533.5,2.0,518.65,3.0,4.0,0.0,0.9951,0.0001,-0.2905,0.1008,0.7896
2026-09-23T17:54:02Z,2026-09-23 03:56:05,SPXW,2026-09-25,P,7250.0,7764.6401,0.25,78.0,0.35,22.0,0.35,97.0,5399.0,0.315,-0.0049,0.0001,-0.2908,0.1009,-0.004
2026-09-23T17:54:02Z,2026-09-23 03:56:05,SPXW,2026-09-25,C,7255.0,7764.6401,504.2,2.0,528.2,2.0,0.0,0.0,0.0,0.0,0.995,0.0001,-0.2947,0.1027,0.79
2026-09-23T17:54:02Z,2026-09-23 03:56:05,SPXW,2026-09-25,P,7255.0,7764.6401,0.3,22.0,0.35,22.0,0.35,100.0,366.0,0.3149,-0.005,0.0001,-0.2951,0.1028,-0.0041
2026-09-23T17:54:02Z,2026-09-23 03:56:05,SPXW,2026-09-25,C,7260.0,7764.6401,499.5,2.0,523.5,2.0,449.06,0.0,14.0,0.0,0.9949,0.0001,-0.299,0.1046,0.7905
2026-09-23T17:54:02Z,2026-09-23 03:56:05,SPXW,2026-09-25,P,7260.0,7764.6401,0.3,23.0,0.4,103.0,0.45,27.0,184.0,0.3147,-0.0051,0.0001,-0.2994,0.1048,-0.0042
2026-09-23T17:54:02Z,2026-09-23 03:56:05,SPXW,2026-09-25,C,7265.0,7764.6401,496.9,1.0,518.5,2.0,0.0,0.0,0.0,0.0,0.9948,0.0001,-0.3034,0.1066,0.791
2026-09-23T17:54:02Z,2026-09-23 03:56:05,SPXW,2026-09-25,P,7265.0,7764.6401,0.3,24.0,0.4,109.0,0.75,0.0,130.0,0.3118,-0.0052,0.0001,-0.3037,0.1068,-0.0043
2026-09-23T17:54:02Z,2026-09-23 03:56:05,SPXW,2026-09-25,C,7270.0,7764.6401,491.9,1.0,513.4,2.0,420.07,0.0,12.0,0.0,0.9946,0.0001,-0.3078,0.1087,0.7914
2026-09-23T17:54:02Z,2026-09-23 03:56:05,SPXW,2026-09-25,P,7270.0,7764.6401,0.3,25.0,0.4,105.0,0.47,102.0,441.0,0.309,-0.0053,0.0001,-0.3082,0.1089,-0.0044
2026-09-23T17:54:02Z,2026-09-23 03:56:05,SPXW,2026-09-25,C,7275.0,7764.6401,486.9,1.0,508.3,2.0,490.99,1.0,25.0,0.0,0.9945,0.0001,-0.3124,0.1108,0.7919
2026-09-23T17:54:02Z,2026-09-23 03:56:05,SPXW,2026-09-25,P,7275.0,7764.6401,0.3,25.0,0.4,49.0,0.4,399.0,863.0,0.3062,-0.0054,0.0001,-0.3127,0.111,-0.0045
2026-09-23T17:54:02Z,2026-09-23 03:56:05,SPXW,2026-09-25,C,7280.0,7764.6401,481.9,1.0,503.4,2.0,497.53,0.0,1.0,0.0,0.9944,0.0001,-0.317,0.113,0.7923
2026-09-23T17:54:02Z,2026-09-23 03:56:05,SPXW,2026-09-25,P,7280.0,7764.6401,0.3,26.0,0.4,24.0,0.4,39.0,1553.0,0.3033,-0.0056,0.0001,-0.3174,0.1131,-0.0046
2026-09-23T17:54:02Z,2026-09-23 03:56:05,SPXW,2026-09-25,C,7285.0,7764.6401,476.9,1.0,498.5,2.0,0.0,0.0,0.0,0.0,0.9943,0.0001,-0.3218,0.1152,0.7928
2026-09-23T17:54:02Z,2026-09-23 03:56:05,SPXW,2026-09-25,P,7285.0,7764.6401,0.3,27.0,0.4,23.0,0.5,105.0,409.0,0.3005,-0.0057,0.0001,-0.3222,0.1153,-0.0047
2026-09-23T17:54:02Z,2026-09-23 03:56:05,SPXW,2026-09-25,C,7290.0,7764.6401,471.9,1.0,493.6,2.0,0.0,0.0,0.0,0.0,0.9942,0.0001,-0.3266,0.1174,0.7932
2026-09-23T17:54:02Z,2026-09-23 03:56:05,SPXW,2026-09-25,P,7290.0,7764.6401,0.3,81.0,0.4,22.0,0.4,34.0,360.0,0.2977,-0.0058,0.0001,-0.327,0.1176,-0.0048
2026-09-23T17:54:02Z,2026-09-23 03:56:05,SPXW,2026-09-25,C,7295.0,7764.6401,466.9,1.0,488.5,2.0,0.0,0.0,0.0,0.0,0.994,0.0001,-0.3316,0.1197,0.7936
2026-09-23T17:54:02Z,2026-09-23 03:56:05,SPXW,2026-09-25,P,7295.0,7764.6401,0.3,84.0,0.4,21.0,0.48,157.0,466.0,0.2948,-0.0059,0.0001,-0.332,0.1199,-0.0049
2026-09-23T17:54:02Z,2026-09-23 03:56:05,SPXW,2026-09-25,C,7300.0,7764.6401,473.7,3.0,475.0,2.0,473.0,1.0,58.0,0.2984,0.9939,0.0001,-0.3367,0.1221,0.7941
2026-09-23T17:54:02Z,2026-09-23 03:56:05,SPXW,2026-09-25,P,7300.0,7764.6401,0.3,99.0,0.4,20.0,0.39,354.0,8968.0,0.292,-0.006,0.0001,-0.3371,0.1223,-0.005
2026-09-23T17:54:02Z,2026-09-23 03:56:05,SPXW,2026-09-25,C,7305.0,7764.6401,456.9,1.0,478.5,2.0,0.0,0.0,0.0,0.0,0.9938,0.0001,-0.3419,0.1245,0.7945
2026-09-23T17:54:02Z,2026-09-23 03:56:05,SPXW,2026-09-25,P,7305.0,7764.6401,0.35,20.0,0.4,21.0,0.5,6.0,787.0,0.2916,-0.0062,0.0001,-0.3419,0.1245,-0.0051
2026-09-23T17:54:02Z,2026-09-23 03:56:05,SPXW,2026-09-25,C,7310.0,7764.6401,451.9,1.0,473.6,2.0,467.79,0.0,7.0,0.0,0.9936,0.0001,-0.3472,0.127,0.795
2026-09-23T17:54:02Z,2026-09-23 03:56:05,SPXW,2026-09-25,P,7310.0,7764.6401,0.35,23.0,0.45,105.0,0.52,8.0,477.0,0.2907,-0.0063,0.0001,-0.3476,0.1272,-0.0052
2026-09-23T17:54:02Z,2026-09-23 03:56:05,SPXW,2026-09-25,C,7315.0,7764.6401,446.9,1.0,468.6,2.0,0.0,0.0,0.0,0.0,0.9935,0.0001,-0.3526,0.1296,0.7954
2026-09-23T17:54:02Z,2026-09-23 03:56:05,SPXW,2026-09-25,P,7315.0,7764.6401,0.35,23.0,0.45,101.0,0.85,0.0,159.0,0.2878,-0.0065,0.0001,-0.3531,0.1298,-0.0053
2026-09-23T17:54:02Z,2026-09-23 03:56:05,SPXW,2026-09-25,C,7320.0,7764.6401,442.0,1.0,463.6,2.0,312.93,0.0,18.0,0.0,0.9934,0.0001,-0.3582,0.1322,0.7958
2026-09-23T17:54:02Z,2026-09-23 03:56:05,SPXW,2026-09-25,P,7320.0,7764.6401,0.35,24.0,0.45,24.0,0.42,77.0,378.0,0.285,-0.0066,0.0001,-0.3586,0.1324,-0.0055
2026-09-23T17:54:02Z,2026-09-23 03:56:05,SPXW,2026-09-25,C,7325.0,7764.6401,437.0,1.0,458.4,2.0,0.0,0.0,0.0,0.0,0.9932,0.0001,-0.3639,0.1349,0.7962
2026-09-23T17:54:02Z,2026-09-23 03:56:05,SPXW,2026-09-25,P,7325.0,7764.6401,0.35,25.0,0.45,23.0,0.4,57.0,2550.0,0.2821,-0.0068,0.0001,-0.3643,0.1351,-0.0056
2026-09-23T17:54:02Z,2026-09-23 03:56:05,SPXW,2026-09-25,C,7330.0,7764.6401,432.0,1.0,453.5,2.0,298.38,0.0,1.0,0.0,0.993,0.0001,-0.3697,0.1377,0.7966
2026-09-23T17:54:02Z,2026-09-23 03:56:05,SPXW,2026-09-25,P,7330.0,7764.6401,0.35,26.0,0.45,22.0,0.45,41.0,1367.0,0.2792,-0.0069,0.0001,-0.3702,0.1379,-0.0057
2026-09-23T17:54:02Z,2026-09-23 03:56:05,SPXW,2026-09-25,C,7335.0,7764.6401,427.0,1.0,448.5,2.0,0.0,0.0,0.0,0.0,0.9929,0.0001,-0.3757,0.1405,0.7971
2026-09-23T17:54:02Z,2026-09-23 03:56:05,SPXW,2026-09-25,P,7335.0,7764.6401,0.35,77.0,0.45,21.0,0.65,93.0,350.0,0.2763,-0.0071,0.0001,-0.3762,0.1407,-0.0058
2026-09-23T17:54:02Z,2026-09-23 03:56:05,SPXW,2026-09-25,C,7340.0,7764.6401,422.0,1.0,443.7,2.0,309.72,0.0,43.0,0.0,0.9927,0.0001,-0.3818,0.1435,0.7975
2026-09-23T17:54:02Z,2026-09-23 03:56:05,SPXW,2026-09-25,P,7340.0,7764.6401,0.35,106.0,0.45,20.0,0.49,23.0,380.0,0.2734,-0.0072,0.0001,-0.3823,0.1437,-0.006
2026-09-23T17:54:02Z,2026-09-23 03:56:05,SPXW,2026-09-25,C,7345.0,7764.6401,417.0,1.0,438.6,2.0,432.9,0.0,3.0,0.0,0.9926,0.0001,-0.388,0.1465,0.7979
2026-09-23T17:54:02Z,2026-09-23 03:56:05,SPXW,2026-09-25,P,7345.0,7764.6401,0.35,112.0,0.45,20.0,0.45,36.0,473.0,0.2706,-0.0074,0.0001,-0.3885,0.1468,-0.0061
2026-09-23T17:54:02Z,2026-09-23 03:56:05,SPXW,2026-09-25,C,7350.0,7764.6401,411.9,1.0,433.6,2.0,209.9,0.0,46.0,0.0,0.9924,0.0001,-0.3944,0.1497,0.7983
2026-09-23T17:54:02Z,2026-09-23 03:56:05,SPXW,2026-09-25,P,7350.0,7764.6401,0.4,21.0,0.5,100.0,0.45,184.0,1755.0,0.2716,-0.0076,0.0001,-0.3944,0.1497,-0.0063
2026-09-23T17:54:02Z,2026-09-23 03:56:05,SPXW,2026-09-25,C,7355.0,7764.6401,406.9,1.0,428.7,2.0,281.14,0.0,1.0,0.0,0.9922,0.0001,-0.401,0.1529,0.7987
2026-09-23T17:54:02Z,2026-09-23 03:56:05,SPXW,2026-09-25,P,7355.0,7764.6401,0.4,22.0,0.5,23.0,0.47,15.0,246.0,0.2687,-0.0078,0.0001,-0.401,0.1529,-0.0064
2026-09-23T17:54:02Z,2026-09-23 03:56:05,SPXW,2026-09-25,C,7360.0,7764.6401,401.9,1.0,423.6,2.0,282.09,0.0,8.0,0.0,0.992,0.0001,-0.4077,0.1563,0.7991
2026-09-23T17:54:02Z,2026-09-23 03:56:05,SPXW,2026-09-25,P,7360.0,7764.6401,0.4,23.0,0.5,22.0,0.53,55.0,1009.0,0.2658,-0.008,0.0001,-0.4077,0.1563,-0.0066
2026-09-23T17:54:02Z,2026-09-23 03:56:05,SPXW,2026-09-25,C,7365.0,7764.6401,396.9,1.0,418.6,2.0,415.82,0.0,1.0,0.0,0.9918,0.0001,-0.4146,0.1598,0.7994
2026-09-23T17:54:02Z,2026-09-23 03:56:05,SPXW,2026-09-25,P,7365.0,7764.6401,0.4,24.0,0.5,21.0,0.65,2.0,330.0,0.2629,-0.0081,0.0001,-0.4146,0.1598,-0.0067
2026-09-23T17:54:02Z,2026-09-23 03:56:05,SPXW,2026-09-25,C,7370.0,7764.6401,391.9,1.0,413.6,2.0,0.0,0.0,0.0,0.0,0.9916,0.0001,-0.4217,0.1634,0.7998
2026-09-23T17:54:02Z,2026-09-23 03:56:05,SPXW,2026-09-25,P,7370.0,7764.6401,0.4,44.0,0.5,20.0,0.52,127.0,723.0,0.26,-0.0084,0.0001,-0.4217,0.1634,-0.0069
2026-09-23T17:54:02Z,2026-09-23 03:56:05,SPXW,2026-09-25,C,7375.0,7764.6401,386.9,1.0,408.6,2.0,254.94,0.0,39.0,0.0,0.9914,0.0001,-0.429,0.1671,0.8002
2026-09-23T17:54:02Z,2026-09-23 03:56:05,SPXW,2026-09-25,P,7375.0,7764.6401,0.4,99.0,0.5,19.0,0.5,57.0,2456.0,0.2571,-0.0086,0.0001,-0.429,0.1671,-0.0071
2026-09-23T17:54:02Z,2026-09-23 03:56:05,SPXW,2026-09-25,C,7380.0,7764.6401,381.9,1.0,403.7,2.0,205.07,0.0,7.0,0.0,0.9912,0.0001,-0.4365,0.1709,0.8006
2026-09-23T17:54:02Z,2026-09-23 03:56:05,SPXW,2026-09-25,P,7380.0,7764.6401,0.4,109.0,0.5,19.0,0.5,85.0,1123.0,0.2541,-0.0088,0.0001,-0.4365,0.1709,-0.0073
2026-09-23T17:54:02Z,2026-09-23 03:56:05,SPXW,2026-09-25,C,7385.0,7764.6401,376.9,1.0,398.5,2.0,246.47,0.0,6.0,0.0,0.991,0.0001,-0.4442,0.1748,0.8009
2026-09-23T17:54:02Z,2026-09-23 03:56:05,SPXW,2026-09-25,P,7385.0,7764.6401,0.45,21.0,0.55,71.0,0.5,7.0,466.0,0.2545,-0.009,0.0001,-0.4442,0.1748,-0.0074
2026-09-23T17:54:02Z,2026-09-23 03:56:05,SPXW,2026-09-25,C,7390.0,7764.6401,371.9,2.0,393.8,2.0,240.44,0.0,3.0,0.0,0.9907,0.0001,-0.4521,0.1788,0.8013
2026-09-23T17:54:02Z,2026-09-23 03:56:05,SPXW,2026-09-25,P,7390.0,7764.6401,0.45,22.0,0.55,22.0,0.52,126.0,586.0,0.2515,-0.0092,0.0001,-0.4521,0.1788,-0.0076
2026-09-23T17:54:02Z,2026-09-23 03:56:05,SPXW,2026-09-25,C,7395.0,7764.6401,366.9,2.0,388.7,2.0,0.0,0.0,0.0,0.0,0.9905,0.0001,-0.4602,0.183,0.8016
2026-09-23T17:54:02Z,2026-09-23 03:56:05,SPXW,2026-09-25,P,7395.0,7764.6401,0.45,23.0,0.55,20.0,0.51,75.0,399.0,0.2486,-0.0095,0.0001,-0.4602,0.183,-0.0079
2026-09-23T17:54:02Z,2026-09-23 03:56:05,SPXW,2026-09-25,C,7400.0,7764.6401,361.9,2.0,383.7,2.0,378.21,2.0,193.0,0.0,0.9902,0.0002,-0.4686,0.1873,0.802
2026-09-23T17:54:02Z,2026-09-23 03:56:05,SPXW,2026-09-25,P,7400.0,7764.6401,0.45,47.0,0.55,19.0,0.54,564.0,2890.0,0.2456,-0.0097,0.0002,-0.4686,0.1873,-0.0081
2026-09-23T17:54:02Z,2026-09-23 03:56:05,SPXW,2026-09-25,C,7405.0,7764.6401,356.9,3.0,378.7,2.0,247.94,0.0,50.0,0.0,0.99,0.0002,-0.4773,0.1917,0.8023
2026-09-23T17:54:02Z,2026-09-23 03:56:05,SPXW,2026-09-25,P,7405.0,7764.6401,0.45,95.0,0.55,18.0,0.55,42.0,481.0,0.2427,-0.01,0.0002,-0.4773,0.1917,-0.0083
2026-09-23T17:54:02Z,2026-09-23 03:56:05,SPXW,2026-09-25,C,7410.0,7764.6401,351.9,3.0,373.7,2.0,218.21,0.0,3.0,0.0,0.9897,0.0002,-0.4863,0.1963,0.8026
2026-09-23T17:54:02Z,2026-09-23 03:56:05,SPXW,2026-09-25,P,7410.0,7764.6401,0.45,95.0,0.55,18.0,0.59,67.0,1984.0,0.2397,-0.0103,0.0002,-0.4863,0.1963,-0.0085
2026-09-23T17:54:02Z,2026-09-23 03:56:05,SPXW,2026-09-25,C,7415.0,7764.6401,346.9,4.0,368.8,2.0,164.4,0.0,3.0,0.0,0.9894,0.0002,-0.4955,0.2011,0.8029
2026-09-23T17:54:02Z,2026-09-23 03:56:05,SPXW,2026-09-25,P,7415.0,7764.6401,0.5,21.0,0.6,21.0,0.5,361.0,1764.0,0.2396,-0.0106,0.0002,-0.4955,0.2011,-0.0088
2026-09-23T17:54:02Z,2026-09-23 03:56:05,SPXW,2026-09-25,C,7420.0,7764.6401,341.9,4.0,363.7,2.0,357.8,0.0,6.0,0.0,0.9891,0.0002,-0.505,0.206,0.8032
2026-09-23T17:54:02Z,2026-09-23 03:56:05,SPXW,2026-09-25,P,7420.0,7764.6401,0.5,22.0,0.6,19.0,0.57,120.0,763.0,0.2366,-0.0108,0.0002,-0.505,0.206,-0.009
2026-09-23T17:54:02Z,2026-09-23 03:56:05,SPXW,2026-09-25,C,7425.0,7764.6401,336.9,4.0,358.8,2.0,353.84,2.0,128.0,0.0,0.9888,0.0002,-0.5149,0.2111,0.8035
2026-09-23T17:54:02Z,2026-09-23 03:56:05,SPXW,2026-09-25,P,7425.0,7764.6401,0.5,46.0,0.6,18.0,0.55,63.0,1462.0,0.2336,-0.0112,0.0002,-0.5149,0.2111,-0.0093
2026-09-23T17:54:02Z,2026-09-23 03:56:05,SPXW,2026-09-25,C,7430.0,7764.6401,331.9,3.0,353.8,2.0,225.99,0.0,5.0,0.0,0.9885,0.0002,-0.5251,0.2164,0.8038
2026-09-23T17:54:02Z,2026-09-23 03:56:05,SPXW,2026-09-25,P,7430.0,7764.6401,0.5,87.0,0.6,18.0,0.6,72.0,513.0,0.2306,-0.0115,0.0002,-0.5251,0.2164,-0.0095
2026-09-23T17:54:02Z,2026-09-23 03:56:05,SPXW,2026-09-25,C,7435.0,7764.6401,327.0,3.0,348.8,2.0,190.8,0.0,2.0,0.0,0.9882,0.0002,-0.5356,0.2219,0.804
2026-09-23T17:54:02Z,2026-09-23 03:56:05,SPXW,2026-09-25,P,7435.0,7764.6401,0.55,20.0,0.65,20.0,0.6,191.0,562.0,0.2302,-0.0118,0.0002,-0.5356,0.2219,-0.0098
2026-09-23T17:54:02Z,2026-09-23 03:56:05,SPXW,2026-09-25,C,7440.0,7764.6401,322.0,4.0,343.7,2.0,323.29,1.0,67.0,0.0,0.9878,0.0002,-0.5466,0.2276,0.8043
2026-09-23T17:54:02Z,2026-09-23 03:56:05,SPXW,2026-09-25,P,7440.0,7764.6401,0.55,22.0,0.65,19.0,0.62,304.0,1112.0,0.2272,-0.0122,0.0002,-0.5466,0.2276,-0.0101
2026-09-23T17:54:02Z,2026-09-23 03:56:05,SPXW,2026-09-25,C,7445.0,7764.6401,317.0,4.0,338.9,2.0,143.9,0.0,3.0,0.0,0.9874,0.0002,-0.5579,0.2336,0.8046
2026-09-23T17:54:02Z,2026-09-23 03:56:05,SPXW,2026-09-25,P,7445.0,7764.6401,0.55,46.0,0.65,17.0,0.65,108.0,429.0,0.2241,-0.0125,0.0002,-0.5579,0.2336,-0.0104
2026-09-23T17:54:02Z,2026-09-23 03:56:05,SPXW,2026-09-25,C,7450.0,7764.6401,312.0,4.0,333.8,2.0,328.7,2.0,103.0,0.0,0.987,0.0002,-0.5697,0.2399,0.8048
2026-09-23T17:54:02Z,2026-09-23 03:56:05,SPXW,2026-09-25,P,7450.0,7764.6401,0.55,90.0,0.65,17.0,0.61,546.0,12068.0,0.2211,-0.0129,0.0002,-0.5697,0.2399,-0.0107
2026-09-23T17:54:02Z,2026-09-23 03:56:05,SPXW,2026-09-25,C,7455.0,7764.6401,307.1,1.0,328.7,2.0,321.08,1.0,2.0,0.0,0.9866,0.0002,-0.582,0.2464,0.805
2026-09-23T17:54:02Z,2026-09-23 03:56:05,SPXW,2026-09-25,P,7455.0,7764.6401,0.6,20.0,0.7,19.0,0.63,161.0,818.0,0.2203,-0.0133,0.0002,-0.5824,0.2467,-0.0111
2026-09-23T17:54:02Z,2026-09-23 03:56:05,SPXW,2026-09-25,C,7460.0,7764.6401,302.1,1.0,323.9,2.0,249.2,0.0,11.0,0.0,0.9862,0.0002,-0.5948,0.2533,0.8052
2026-09-23T17:54:02Z,2026-09-23 03:56:05,SPXW,2026-09-25,P,7460.0,7764.6401,0.6,27.0,0.7,22.0,0.65,95.0,706.0,0.2173,-0.0137,0.0002,-0.5952,0.2535,-0.0114
2026-09-23T17:54:02Z,2026-09-23 03:56:05,SPXW,2026-09-25,C,7465.0,7764.6401,297.1,3.0,318.7,2.0,174.24,0.0,9.0,0.0,0.9858,0.0002,-0.6081,0.2604,0.8054
2026-09-23T17:54:02Z,2026-09-23 03:56:05,SPXW,2026-09-25,P,7465.0,7764.6401,0.6,50.0,0.7,22.0,0.65,89.0,454.0,0.2142,-0.0142,0.0002,-0.6085,0.2606,-0.0118
2026-09-23T17:54:02Z,2026-09-23 03:56:05,SPXW,2026-09-25,C,7470.0,7764.6401,292.1,3.0,313.9,2.0,265.03,0.0,28.0,0.0,0.9853,0.0003,-0.622,0.2678,0.8055
2026-09-23T17:54:02Z,2026-09-23 03:56:05,SPXW,2026-09-25,P,7470.0,7764.6401,0.65,25.0,0.75,23.0,0.7,72.0,1111.0,0.2133,-0.0146,0.0003,-0.6224,0.268,-0.0122
2026-09-23T17:54:02Z,2026-09-23 03:56:05,SPXW,2026-09-25,C,7475.0,7764.6401,287.2,1.0,308.9,2.0,290.4,0.0,79.0,0.0,0.9848,0.0003,-0.6365,0.2755,0.8057
2026-09-23T17:54:02Z,2026-09-23 03:56:05,SPXW,2026-09-25,P,7475.0,7764.6401,0.65,24.0,0.75,22.0,0.67,186.0,2292.0,0.2102,-0.0151,0.0003,-0.637,0.2757,-0.0126
2026-09-23T17:54:02Z,2026-09-23 03:56:05,SPXW,2026-09-25,C,7480.0,7764.6401,282.2,1.0,304.0,2.0,284.27,1.0,22.0,0.0,0.9843,0.0003,-0.6518,0.2835,0.8058
2026-09-23T17:54:02Z,2026-09-23 03:56:05,SPXW,2026-09-25,P,7480.0,7764.6401,0.65,97.0,0.8,87.0,0.7,131.0,1188.0,0.2082,-0.0156,0.0003,-0.6518,0.2835,-0.013
2026-09-23T17:54:02Z,2026-09-23 03:56:05,SPXW,2026-09-25,C,7485.0,7764.6401,277.2,1.0,299.0,2.0,293.37,1.0,36.0,0.0,0.9838,0.0003,-0.6677,0.2919,0.8059
2026-09-23T17:54:02Z,2026-09-23 03:56:05,SPXW,2026-09-25,P,7485.0,7764.6401,0.7,22.0,0.8,24.0,0.7,169.0,449.0,0.2061,-0.0162,0.0003,-0.6677,0.2919,-0.0135
2026-09-23T17:54:02Z,2026-09-23 03:56:05,SPXW,2026-09-25,C,7490.0,7764.6401,272.2,2.0,294.0,2.0,116.17,0.0,13.0,0.0,0.9832,0.0003,-0.6845,0.3006,0.8059
2026-09-23T17:54:02Z,2026-09-23 03:56:05,SPXW,2026-09-25,P,7490.0,7764.6401,0.7,28.0,0.8,21.0,0.77,82.0,857.0,0.2029,-0.0167,0.0003,-0.6845,0.3006,-0.014
2026-09-23T17:54:02Z,2026-09-23 03:56:05,SPXW,2026-09-25,C,7495.0,7764.6401,267.3,1.0,289.1,2.0,278.71,1.0,7.0,0.0,0.9826,0.0003,-0.7022,0.3098,0.806
2026-09-23T17:54:02Z,2026-09-23 03:56:05,SPXW,2026-09-25,P,7495.0,7764.6401,0.75,20.0,0.85,19.0,0.75,114.0,664.0,0.2016,-0.0174,0.0003,-0.7022,0.3098,-0.0144
2026-09-23T17:54:02Z,2026-09-23 03:56:05,SPXW,2026-09-25,C,7500.0,7764.6401,262.3,1.0,284.1,2.0,269.26,2.0,124.0,0.0,0.982,0.0003,-0.7207,0.3195,0.806
2026-09-23T17:54:02Z,2026-09-23 03:56:05,SPXW,2026-09-25,P,7500.0,7764.6401,0.8,1.0,0.85,19.0,0.8,937.0,10530.0,0.1994,-0.018,0.0003,-0.7207,0.3195,-0.015
2026-09-23T17:54:02Z,2026-09-23 03:56:05,SPXW,2026-09-25,C,7505.0,7764.6401,257.3,1.0,279.2,2.0,222.11,0.0,25.0,0.0,0.9813,0.0003,-0.7403,0.3297,0.806
2026-09-23T17:54:02Z,2026-09-23 03:56:05,SPXW,2026-09-25,P,7505.0,7764.6401,0.8,20.0,0.9,41.0,0.8,71.0,483.0,0.1971,-0.0187,0.0003,-0.7403,0.3297,-0.0156
2026-09-23T17:54:02Z,2026-09-23 03:56:05,SPXW,2026-09-25,C,7510.0,7764.6401,252.3,3.0,273.9,2.0,259.31,1.0,30.0,0.0,0.9806,0.0004,-0.7609,0.3405,0.8059
2026-09-23T17:54:02Z,2026-09-23 03:56:05,SPXW,2026-09-25,P,7510.0,7764.6401,0.8,27.0,0.9,19.0,0.85,85.0,1102.0,0.1939,-0.0194,0.0004,-0.7609,0.3405,-0.0162
2026-09-23T17:54:02Z,2026-09-23 03:56:05,SPXW,2026-09-25,C,7515.0,7764.6401,247.3,4.0,269.2,2.0,263.32,0.0,16.0,0.0,0.9798,0.0004,-0.7827,0.352,0.8058
2026-09-23T17:54:02Z,2026-09-23 03:56:05,SPXW,2026-09-25,P,7515.0,7764.6401,0.85,21.0,0.95,19.0,0.85,24.0,638.0,0.1923,-0.0202,0.0004,-0.7827,0.352,-0.0168
2026-09-23T17:54:02Z,2026-09-23 03:56:05,SPXW,2026-09-25,C,7520.0,7764.6401,242.3,4.0,264.2,2.0,249.34,1.0,75.0,0.0,0.979,0.0004,-0.8058,0.364,0.8057
2026-09-23T17:54:02Z,2026-09-23 03:56:05,SPXW,2026-09-25,P,7520.0,7764.6401,0.9,4.0,1.0,39.0,0.9,203.0,560.0,0.1906,-0.021,0.0004,-0.8058,0.364,-0.0175
2026-09-23T17:54:02Z,2026-09-23 03:56:05,SPXW,2026-09-25,C,7525.0,7764.6401,237.4,1.0,259.0,2.0,255.57,3.0,109.0,0.0,0.9781,0.0004,-0.8302,0.3768,0.8055
2026-09-23T17:54:02Z,2026-09-23 03:56:05,SPXW,2026-09-25,P,7525.0,7764.6401,0.9,25.0,1.0,18.0,1.0,754.0,1573.0,0.1874,-0.0218,0.0004,-0.8302,0.3768,-0.0182
2026-09-23T17:54:02Z,2026-09-23 03:56:05,SPXW,2026-09-25,C,7530.0,7764.6401,232.4,4.0,254.2,2.0,250.86,3.0,128.0,0.0,0.9772,0.0004,-0.8562,0.3902,0.8053
2026-09-23T17:54:02Z,2026-09-23 03:56:05,SPXW,2026-09-25,P,7530.0,7764.6401,0.95,20.0,1.05,18.0,1.0,1723.0,1099.0,0.1856,-0.0228,0.0004,-0.8562,0.3902,-0.019
2026-09-23T17:54:02Z,2026-09-23 03:56:05,SPXW,2026-09-25,C,7535.0,7764.6401,227.4,4.0,249.3,2.0,243.33,0.0,64.0,0.0,0.9762,0.0004,-0.8838,0.4043,0.805
2026-09-23T17:54:02Z,2026-09-23 03:56:05,SPXW,2026-09-25,P,7535.0,7764.6401,1.0,20.0,1.1,39.0,0.95,155.0,650.0,0.1837,-0.0238,0.0004,-0.8838,0.4043,-0.0198
2026-09-23T17:54:02Z,2026-09-23 03:56:05,SPXW,2026-09-25,C,7540.0,7764.6401,222.5,4.0,244.4,2.0,164.29,0.0,56.0,0.0,0.9751,0.0005,-0.9132,0.4192,0.8046
2026-09-23T17:54:02Z,2026-09-23 03:56:05,SPXW,2026-09-25,P,7540.0,7764.6401,1.05,3.0,1.15,37.0,1.05,381.0,661.0,0.1818,-0.0248,0.0005,-0.9132,0.4192,-0.0207
2026-09-23T17:54:02Z,2026-09-23 03:56:05,SPXW,2026-09-25,C,7545.0,7764.6401,217.5,4.0,239.4,2.0,228.73,1.0,55.0,0.0,0.974,0.0005,-0.9445,0.435,0.8042
2026-09-23T17:54:02Z,2026-09-23 03:56:05,SPXW,2026-09-25,P,7545.0,7764.6401,1.05,23.0,1.2,36.0,1.05,155.0,737.0,0.1791,-0.026,0.0005,-0.9445,0.435,-0.0217
2026-09-23T17:54:02Z,2026-09-23 03:56:05,SPXW,2026-09-25,C,7550.0,7764.6401,224.7,3.0,225.9,3.0,231.5,7.0,266.0,0.1788,0.9728,0.0005,-0.9779,0.4516,0.8037
2026-09-23T17:54:02Z,2026-09-23 03:56:05,SPXW,2026-09-25,P,7550.0,7764.6401,1.1,22.0,1.25,36.0,1.2,692.0,4316.0,0.177,-0.0272,0.0005,-0.9779,0.4516,-0.0227
2026-09-23T17:54:02Z,2026-09-23 03:56:05,SPXW,2026-09-25,C,7555.0,7764.6401,207.6,4.0,229.5,2.0,221.75,1.0,65.0,0.0,0.9715,0.0006,-1.0135,0.4694,0.8032
2026-09-23T17:54:02Z,2026-09-23 03:56:05,SPXW,2026-09-25,P,7555.0,7764.6401,1.15,22.0,1.3,35.0,1.2,339.0,691.0,0.1748,-0.0285,0.0006,-1.0135,0.4694,-0.0238
2026-09-23T17:54:02Z,2026-09-23 03:56:05,SPXW,2026-09-25,C,7560.0,7764.6401,202.7,4.0,226.2,2.0,220.34,0.0,112.0,0.1449,0.9701,0.0006,-1.0516,0.4883,0.8026
2026-09-23T17:54:02Z,2026-09-23 03:56:05,SPXW,2026-09-25,P,7560.0,7764.6401,1.25,19.0,1.35,16.0,1.25,654.0,1423.0,0.1732,-0.0299,0.0006,-1.0516,0.4883,-0.025
2026-09-23T17:54:02Z,2026-09-23 03:56:05,SPXW,2026-09-25,C,7565.0,7764.6401,199.8,2.0,217.9,2.0,169.8,0.0,88.0,0.0,0.9686,0.0006,-1.0922,0.5085,0.8018
2026-09-23T17:54:02Z,2026-09-23 03:56:05,SPXW,2026-09-25,P,7565.0,7764.6401,1.3,16.0,1.4,16.0,1.37,62.0,396.0,0.1709,-0.0314,0.0006,-1.0922,0.5085,-0.0262
2026-09-23T17:54:02Z,2026-09-23 03:56:05,SPXW,2026-09-25,C,7570.0,7764.6401,194.8,4.0,212.9,1.0,212.55,2.0,51.0,0.0,0.9669,0.0006,-1.1356,0.53,0.801
2026-09-23T17:54:02Z,2026-09-23 03:56:05,SPXW,2026-09-25,P,7570.0,7764.6401,1.35,17.0,1.5,33.0,1.35,346.0,5347.0,0.169,-0.033,0.0006,-1.1356,0.53,-0.0276
2026-09-23T17:54:02Z,2026-09-23 03:56:05,SPXW,2026-09-25,C,7575.0,7764.6401,200.0,3.0,201.2,3.0,201.0,0.0,271.0,0.1678,0.9652,0.0007,-1.182,0.5528,0.8
2026-09-23T17:54:02Z,2026-09-23 03:56:05,SPXW,2026-09-25,P,7575.0,7764.6401,1.45,3.0,1.55,15.0,1.45,365.0,3621.0,0.167,-0.0348,0.0007,-1.182,0.5528,-0.0291
2026-09-23T17:54:02Z,2026-09-23 03:56:05,SPXW,2026-09-25,C,7580.0,7764.6401,195.1,3.0,196.3,3.0,203.41,0.0,267.0,0.1651,0.9632,0.0007,-1.2316,0.5768,0.799
2026-09-23T17:54:02Z,2026-09-23 03:56:05,SPXW,2026-09-25,P,7580.0,7764.6401,1.5,20.0,1.65,32.0,1.5,368.0,2004.0,0.165,-0.0367,0.0007,-1.2316,0.5768,-0.0308
2026-09-23T17:54:02Z,2026-09-23 03:56:05,SPXW,2026-09-25,C,7585.0,7764.6401,180.1,3.0,198.2,2.0,186.74,0.0,101.0,0.108,0.9612,0.0008,-1.2848,0.6022,0.7978
2026-09-23T17:54:02Z,2026-09-23 03:56:05,SPXW,2026-09-25,P,7585.0,7764.6401,1.6,16.0,1.7,15.0,1.6,153.0,629.0,0.1628,-0.0388,0.0008,-1.2848,0.6022,-0.0325
2026-09-23T17:54:02Z,2026-09-23 03:56:05,SPXW,2026-09-25,C,7590.0,7764.6401,175.2,2.0,193.1,1.0,188.88,23.0,217.0,0.105,0.959,0.0008,-1.3418,0.6292,0.7964
2026-09-23T17:54:02Z,2026-09-23 03:56:05,SPXW,2026-09-25,P,7590.0,7764.6401,1.7,3.0,1.8,14.0,1.67,1264.0,542.0,0.161,-0.041,0.0008,-1.3418,0.6292,-0.0344
2026-09-23T17:54:02Z,2026-09-23 03:56:05,SPXW,2026-09-25,C,7595.0,7764.6401,170.3,1.0,188.2,2.0,182.28,5.0,274.0,0.1119,0.9566,0.0009,-1.4026,0.6581,0.795
2026-09-23T17:54:02Z,2026-09-23 03:56:05,SPXW,2026-09-25,P,7595.0,7764.6401,1.8,12.0,1.9,14.0,1.75,310.0,2673.0,0.1591,-0.0434,0.0009,-1.4026,0.6581,-0.0364
2026-09-23T17:54:02Z,2026-09-23 03:56:05,SPXW,2026-09-25,C,7600.0,7764.6401,175.5,3.0,176.7,3.0,172.83,124.0,1423.0,0.1574,0.954,0.0009,-1.4677,0.6889,0.7934
2026-09-23T17:54:02Z,2026-09-23 03:56:05,SPXW,2026-09-25,P,7600.0,7764.6401,1.9,11.0,2.0,14.0,1.95,2112.0,4084.0,0.157,-0.046,0.0009,-1.4677,0.6889,-0.0386
2026-09-23T17:54:02Z,2026-09-23 03:56:05,SPXW,2026-09-25,C,7605.0,7764.6401,160.5,2.0,178.7,2.0,160.9,4.0,288.0,0.1226,0.9512,0.001,-1.5371,0.7218,0.7915
2026-09-23T17:54:02Z,2026-09-23 03:56:05,SPXW,2026-09-25,P,7605.0,7764.6401,2.0,19.0,2.1,11.0,1.95,469.0,448.0,0.1549,-0.0488,0.001,-1.5371,0.7218,-0.0409
2026-09-23T17:54:02Z,2026-09-23 03:56:05,SPXW,2026-09-25,C,7610.0,7764.6401,165.7,3.0,166.9,3.0,166.59,14.0,281.0,0.1536,0.9481,0.001,-1.6113,0.7565,0.7895
2026-09-23T17:54:02Z,2026-09-23 03:56:05,SPXW,2026-09-25,P,7610.0,7764.6401,2.15,12.0,2.25,10.0,2.2,198.0,1923.0,0.1533,-0.0518,0.001,-1.6113,0.7565,-0.0436
2026-09-23T17:54:02Z,2026-09-23 03:56:05,SPXW,2026-09-25,C,7615.0,7764.6401,150.7,4.0,168.8,1.0,161.76,22.0,209.0,0.1207,0.9448,0.0011,-1.6904,0.793,0.7872
2026-09-23T17:54:02Z,2026-09-23 03:56:05,SPXW,2026-09-25,P,7615.0,7764.6401,2.25,18.0,2.4,9.0,2.22,1422.0,1460.0,0.1513,-0.0551,0.0011,-1.6904,0.793,-0.0464
2026-09-23T17:54:02Z,2026-09-23 03:56:05,SPXW,2026-09-25,C,7620.0,7764.6401,156.0,3.0,157.2,3.0,158.0,15.0,281.0,0.1499,0.9412,0.0012,-1.7748,0.8315,0.7847
2026-09-23T17:54:02Z,2026-09-23 03:56:05,SPXW,2026-09-25,P,7620.0,7764.6401,2.4,18.0,2.55,9.0,2.35,275.0,754.0,0.1494,-0.0587,0.0012,-1.7748,0.8315,-0.0494
2026-09-23T17:54:02Z,2026-09-23 03:56:05,SPXW,2026-09-25,C,7625.0,7764.6401,151.2,3.0,152.4,3.0,146.33,16.0,1048.0,0.1479,0.9374,0.0012,-1.8647,0.8724,0.782
2026-09-23T17:54:02Z,2026-09-23 03:56:05,SPXW,2026-09-25,P,7625.0,7764.6401,2.55,17.0,2.7,9.0,2.55,832.0,3130.0,0.1474,-0.0626,0.0012,-1.8647,0.8724,-0.0527
2026-09-23T17:54:02Z,2026-09-23 03:56:05,SPXW,2026-09-25,C,7630.0,7764.6401,146.4,4.0,147.5,3.0,151.58,22.0,527.0,0.1457,0.9332,0.0013,-1.9601,0.916,0.779
2026-09-23T17:54:02Z,2026-09-23 03:56:05,SPXW,2026-09-25,P,7630.0,7764.6401,2.75,10.0,2.85,9.0,2.8,407.0,906.0,0.1456,-0.0668,0.0013,-1.9601,0.916,-0.0562
2026-09-23T17:54:02Z,2026-09-23 03:56:05,SPXW,2026-09-25,C,7635.0,7764.6401,141.6,3.0,142.7,3.0,147.95,33.0,333.0,0.144,0.9286,0.0014,-2.0613,0.9622,0.7757
2026-09-23T17:54:02Z,2026-09-23 03:56:05,SPXW,2026-09-25,P,7635.0,7764.6401,2.95,8.0,3.1,20.0,2.9,367.0,1269.0,0.1442,-0.0713,0.0014,-2.0613,0.9622,-0.0601
2026-09-23T17:54:02Z,2026-09-23 03:56:05,SPXW,2026-09-25,C,7640.0,7764.6401,136.8,4.0,137.9,3.0,143.15,110.0,535.0,0.1421,0.9237,0.0015,-2.1685,1.0106,0.772
2026-09-23T17:54:02Z,2026-09-23 03:56:05,SPXW,2026-09-25,P,7640.0,7764.6401,3.1,17.0,3.3,19.0,3.2,884.0,901.0,0.142,-0.0763,0.0015,-2.1685,1.0106,-0.0643
2026-09-23T17:54:02Z,2026-09-23 03:56:05,SPXW,2026-09-25,C,7645.0,7764.6401,132.0,3.0,133.2,3.0,127.94,10.0,559.0,0.1405,0.9184,0.0016,-2.2819,1.0611,0.768
2026-09-23T17:54:02Z,2026-09-23 03:56:05,SPXW,2026-09-25,P,7645.0,7764.6401,3.3,17.0,3.5,20.0,3.45,473.0,573.0,0.14,-0.0816,0.0016,-2.2819,1.0611,-0.0689
2026-09-23T17:54:02Z,2026-09-23 03:56:05,SPXW,2026-09-25,C,7650.0,7764.6401,127.2,3.0,128.4,3.0,124.58,152.0,2617.0,0.1387,0.9126,0.0017,-2.4016,1.1142,0.7636
2026-09-23T17:54:02Z,2026-09-23 03:56:05,SPXW,2026-09-25,P,7650.0,7764.6401,3.6,15.0,3.7,13.0,3.61,1453.0,2872.0,0.1383,-0.0874,0.0017,-2.4016,1.1142,-0.0737
2026-09-23T17:54:02Z,2026-09-23 03:56:05,SPXW,2026-09-25,C,7655.0,7764.6401,122.5,3.0,123.7,3.0,111.63,4.0,407.0,0.1368,0.9063,0.0018,-2.5277,1.1705,0.7589
2026-09-23T17:54:02Z,2026-09-23 03:56:05,SPXW,2026-09-25,P,7655.0,7764.6401,3.8,15.0,4.0,19.0,3.99,307.0,435.0,0.1364,-0.0936,0.0018,-2.5277,1.1705,-0.079
2026-09-23T17:54:02Z,2026-09-23 03:56:05,SPXW,2026-09-25,C,7660.0,7764.6401,117.8,3.0,119.0,3.0,116.3,153.0,540.0,0.1351,0.8996,0.002,-2.66,1.2297,0.7537
2026-09-23T17:54:02Z,2026-09-23 03:56:05,SPXW,2026-09-25,P,7660.0,7764.6401,4.1,15.0,4.3,18.0,4.22,494.0,1139.0,0.1347,-0.1004,0.002,-2.66,1.2297,-0.0848
2026-09-23T17:54:02Z,2026-09-23 03:56:05,SPXW,2026-09-25,C,7665.0,7764.6401,113.1,3.0,114.3,3.0,111.92,12.0,947.0,0.1332,0.8922,0.0021,-2.7988,1.2911,0.7479
2026-09-23T17:54:02Z,2026-09-23 03:56:05,SPXW,2026-09-25,P,7665.0,7764.6401,4.4,15.0,4.6,18.0,4.55,321.0,526.0,0.1328,-0.1077,0.0021,-2.7988,1.2911,-0.0911
2026-09-23T17:54:02Z,2026-09-23 03:56:05,SPXW,2026-09-25,C,7670.0,7764.6401,108.5,3.0,109.6,3.0,106.58,40.0,527.0,0.1318,0.8843,0.0022,-2.9439,1.3545,0.7417
2026-09-23T17:54:02Z,2026-09-23 03:56:05,SPXW,2026-09-25,P,7670.0,7764.6401,4.8,13.0,5.0,16.0,4.91,587.0,1040.0,0.1315,-0.1156,0.0022,-2.9439,1.3545,-0.0979
2026-09-23T17:54:02Z,2026-09-23 03:56:05,SPXW,2026-09-25,C,7675.0,7764.6401,103.9,3.0,105.0,3.0,101.93,73.0,1608.0,0.1302,0.8757,0.0024,-3.0952,1.4209,0.735
2026-09-23T17:54:02Z,2026-09-23 03:56:05,SPXW,2026-09-25,P,7675.0,7764.6401,5.2,7.0,5.4,15.0,5.51,2576.0,913.0,0.13,-0.1242,0.0024,-3.0952,1.4209,-0.1051
2026-09-23T17:54:02Z,2026-09-23 03:56:05,SPXW,2026-09-25,C,7680.0,7764.6401,99.3,3.0,100.4,3.0,100.42,39.0,481.0,0.1284,0.8665,0.0025,-3.2523,1.4906,0.7276
2026-09-23T17:54:02Z,2026-09-23 03:56:05,SPXW,2026-09-25,P,7680.0,7764.6401,5.6,12.0,5.8,15.0,5.81,355.0,616.0,0.1282,-0.1335,0.0025,-3.2523,1.4906,-0.113
2026-09-23T17:54:02Z,2026-09-23 03:56:05,SPXW,2026-09-25,C,7685.0,7764.6401,94.8,3.0,95.9,3.0,91.2,425.0,516.0,0.1267,0.8564,0.0027,-3.4151,1.5623,0.7195
2026-09-23T17:54:02Z,2026-09-23 03:56:05,SPXW,2026-09-25,P,7685.0,7764.6401,6.0,12.0,6.2,14.0,6.2,407.0,293.0,0.1261,-0.1435,0.0027,-3.4151,1.5623,-0.1217
2026-09-23T17:54:02Z,2026-09-23 03:56:05,SPXW,2026-09-25,C,7690.0,7764.6401,90.2,3.0,91.4,3.0,91.29,457.0,553.0,0.1247,0.8456,0.0028,-3.5831,1.6353,0.7108
2026-09-23T17:54:02Z,2026-09-23 03:56:05,SPXW,2026-09-25,P,7690.0,7764.6401,6.5,7.0,6.7,8.0,6.75,758.0,550.0,0.1245,-0.1544,0.0028,-3.5831,1.6353,-0.131
2026-09-23T17:54:02Z,2026-09-23 03:56:05,SPXW,2026-09-25,C,7695.0,7764.6401,85.8,3.0,86.9,3.0,89.21,32.0,434.0,0.1234,0.8338,0.003,-3.7558,1.7108,0.7014
2026-09-23T17:54:02Z,2026-09-23 03:56:05,SPXW,2026-09-25,P,7695.0,7764.6401,7.0,20.0,7.3,20.0,7.4,452.0,405.0,0.1229,-0.1661,0.003,-3.7558,1.7108,-0.1409
2026-09-23T17:54:02Z,2026-09-23 03:56:05,SPXW,2026-09-25,C,7700.0,7764.6401,81.4,4.0,82.5,3.0,77.25,482.0,4693.0,0.1212,0.8212,0.0032,-3.9324,1.7889,0.6911
2026-09-23T17:54:02Z,2026-09-23 03:56:05,SPXW,2026-09-25,P,7700.0,7764.6401,7.6,21.0,7.9,19.0,8.05,2668.0,3172.0,0.1213,-0.1788,0.0032,-3.9324,1.7889,-0.1518
2026-09-23T17:54:02Z,2026-09-23 03:56:05,SPXW,2026-09-25,C,7705.0,7764.6401,77.0,3.0,78.2,3.0,75.91,189.0,511.0,0.1199,0.8075,0.0034,-4.1118,1.8677,0.6798
2026-09-23T17:54:02Z,2026-09-23 03:56:05,SPXW,2026-09-25,P,7705.0,7764.6401,8.3,5.0,8.6,20.0,8.78,522.0,266.0,0.12,-0.1924,0.0034,-4.1118,1.8677,-0.1636
2026-09-23T17:54:02Z,2026-09-23 03:56:05,SPXW,2026-09-25,C,7710.0,7764.6401,72.8,3.0,73.9,3.0,71.1,275.0,692.0,0.1185,0.7928,0.0036,-4.293,1.9464,0.6678
2026-09-23T17:54:02Z,2026-09-23 03:56:05,SPXW,2026-09-25,P,7710.0,7764.6401,9.0,19.0,9.3,20.0,9.8,617.0,1144.0,0.1184,-0.2072,0.0036,-4.293,1.9464,-0.1762
2026-09-23T17:54:02Z,2026-09-23 03:56:05,SPXW,2026-09-25,C,7715.0,7764.6401,68.6,4.0,69.7,3.0,65.88,200.0,1521.0,0.1167,0.777,0.0038,-4.4746,2.0264,0.6549
2026-09-23T17:54:02Z,2026-09-23 03:56:05,SPXW,2026-09-25,P,7715.0,7764.6401,9.8,12.0,10.1,19.0,10.82,370.0,250.0,0.1169,-0.223,0.0038,-4.4746,2.0264,-0.1896
2026-09-23T17:54:02Z,2026-09-23 03:56:05,SPXW,2026-09-25,C,7720.0,7764.6401,64.5,4.0,65.6,4.0,62.84,176.0,912.0,0.1154,0.76,0.004,-4.6546,2.1065,0.6407
2026-09-23T17:54:02Z,2026-09-23 03:56:05,SPXW,2026-09-25,P,7720.0,7764.6401,10.7,4.0,11.0,19.0,11.71,793.0,647.0,0.1156,-0.24,0.004,-4.6546,2.1065,-0.2044
2026-09-23T17:54:02Z,2026-09-23 03:56:05,SPXW,2026-09-25,C,7725.0,7764.6401,60.4,3.0,61.5,3.0,58.72,1031.0,3617.0,0.1142,0.7417,0.0042,-4.831,2.184,0.6256
2026-09-23T17:54:02Z,2026-09-23 03:56:05,SPXW,2026-09-25,P,7725.0,7764.6401,11.6,19.0,11.9,4.0,12.9,1090.0,975.0,0.1144,-0.2582,0.0042,-4.831,2.184,-0.22
2026-09-23T17:54:02Z,2026-09-23 03:56:05,SPXW,2026-09-25,C,7730.0,7764.6401,56.7,3.0,57.2,3.0,53.0,406.0,3014.0,0.1122,0.7223,0.0044,-5.0016,2.2598,0.6096
2026-09-23T17:54:02Z,2026-09-23 03:56:05,SPXW,2026-09-25,P,7730.0,7764.6401,12.7,5.0,13.0,18.0,14.11,692.0,642.0,0.1128,-0.2777,0.0044,-5.0016,2.2598,-0.2366
2026-09-23T17:54:02Z,2026-09-23 03:56:05,SPXW,2026-09-25,C,7735.0,7764.6401,52.9,3.0,53.4,3.0,51.22,1000.0,1057.0,0.1111,0.7016,0.0046,-5.1633,2.3334,0.5921
2026-09-23T17:54:02Z,2026-09-23 03:56:05,SPXW,2026-09-25,P,7735.0,7764.6401,13.8,19.0,14.2,18.0,15.0,331.0,318.0,0.1117,-0.2984,0.0046,-5.1633,2.3334,-0.2546
2026-09-23T17:54:02Z,2026-09-23 03:56:05,SPXW,2026-09-25,C,7740.0,7764.6401,49.3,3.0,49.7,6.0,47.55,434.0,1666.0,0.1102,0.6796,0.0048,-5.3132,2.4013,0.5738
2026-09-23T17:54:02Z,2026-09-23 03:56:05,SPXW,2026-09-25,P,7740.0,7764.6401,15.1,18.0,15.5,18.0,16.6,816.0,451.0,0.1104,-0.3203,0.0048,-5.3132,2.4013,-0.2735
2026-09-23T17:54:02Z,2026-09-23 03:56:05,SPXW,2026-09-25,C,7745.0,7764.6401,45.7,5.0,46.1,8.0,43.65,1322.0,1470.0,0.1093,0.6564,0.005,-5.4483,2.4639,0.5546
2026-09-23T17:54:02Z,2026-09-23 03:56:05,SPXW,2026-09-25,P,7745.0,7764.6401,16.6,4.0,16.9,18.0,18.2,559.0,312.0,0.1094,-0.3435,0.005,-5.4483,2.4639,-0.2932
2026-09-23T17:54:02Z,2026-09-23 03:56:05,SPXW,2026-09-25,C,7750.0,7764.6401,42.2,6.0,42.6,3.0,40.11,1506.0,4136.0,0.1081,0.6321,0.0052,-5.565,2.5206,0.5339
2026-09-23T17:54:02Z,2026-09-23 03:56:05,SPXW,2026-09-25,P,7750.0,7764.6401,18.1,3.0,18.4,11.0,19.9,2183.0,3079.0,0.1083,-0.3678,0.0052,-5.565,2.5206,-0.3144
2026-09-23T17:54:02Z,2026-09-23 03:56:05,SPXW,2026-09-25,C,7755.0,7764.6401,38.9,7.0,39.3,3.0,37.37,614.0,1544.0,0.1072,0.6067,0.0054,-5.66,2.5681,0.5127
2026-09-23T17:54:02Z,2026-09-23 03:56:05,SPXW,2026-09-25,P,7755.0,7764.6401,19.7,18.0,20.1,12.0,21.37,380.0,227.0,0.1074,-0.3932,0.0054,-5.66,2.5681,-0.3362
2026-09-23T17:54:02Z,2026-09-23 03:56:05,SPXW,2026-09-25,C,7760.0,7764.6401,35.7,10.0,36.1,3.0,33.91,720.0,714.0,0.1063,0.5804,0.0055,-5.7305,2.6067,0.4906
2026-09-23T17:54:02Z,2026-09-23 03:56:05,SPXW,2026-09-25,P,7760.0,7764.6401,21.6,3.0,21.9,8.0,23.47,658.0,410.0,0.1065,-0.4196,0.0055,-5.7305,2.6067,-0.3589
2026-09-23T17:54:02Z,2026-09-23 03:56:05,SPXW,2026-09-25,C,7765.0,7764.6401,32.7,9.0,33.1,4.0,31.0,860.0,820.0,0.1056,0.5532,0.0056,-5.7732,2.6353,0.4674
2026-09-23T17:54:02Z,2026-09-23 03:56:05,SPXW,2026-09-25,P,7765.0,7764.6401,23.5,18.0,23.9,11.0,25.4,950.0,209.0,0.1058,-0.4468,0.0056,-5.7732,2.6353,-0.3826
2026-09-23T17:54:02Z,2026-09-23 03:56:05,SPXW,2026-09-25,C,7770.0,7764.6401,29.8,12.0,30.2,3.0,29.01,1418.0,1253.0,0.1049,0.5253,0.0057,-5.7863,2.652,0.4442
2026-09-23T17:54:02Z,2026-09-23 03:56:05,SPXW,2026-09-25,P,7770.0,7764.6401,25.7,9.0,26.1,17.0,28.04,738.0,295.0,0.1051,-0.4746,0.0057,-5.7863,2.652,-0.4063
2026-09-23T17:54:02Z,2026-09-23 03:56:05,SPXW,2026-09-25,C,7775.0,7764.6401,27.2,9.0,27.5,3.0,25.8,1793.0,2543.0,0.1043,0.497,0.0057,-5.7682,2.657,0.4201
2026-09-23T17:54:02Z,2026-09-23 03:56:05,SPXW,2026-09-25,P,7775.0,7764.6401,28.0,9.0,28.4,12.0,30.65,845.0,1222.0,0.1045,-0.5029,0.0057,-5.7682,2.657,-0.431
2026-09-23T17:54:02Z,2026-09-23 03:56:05,SPXW,2026-09-25,C,7780.0,7764.6401,24.6,17.0,25.0,3.0,24.02,1109.0,1131.0,0.1039,0.4685,0.0057,-5.7176,2.6495,0.396
2026-09-23T17:54:02Z,2026-09-23 03:56:05,SPXW,2026-09-25,P,7780.0,7764.6401,30.4,17.0,30.8,8.0,33.02,405.0,377.0,0.1042,-0.5315,0.0057,-5.7176,2.6495,-0.4557
2026-09-23T17:54:02Z,2026-09-23 03:56:05,SPXW,2026-09-25,C,7785.0,7764.6401,22.3,15.0,22.6,3.0,21.61,495.0,1032.0,0.1035,0.4399,0.0057,-5.6351,2.6295,0.3719
2026-09-23T17:54:02Z,2026-09-23 03:56:05,SPXW,2026-09-25,P,7785.0,7764.6401,33.1,9.0,33.5,12.0,35.1,188.0,176.0,0.1036,-0.5601,0.0057,-5.6351,2.6295,-0.4803
2026-09-23T17:54:02Z,2026-09-23 03:56:05,SPXW,2026-09-25,C,7790.0,7764.6401,20.1,15.0,20.4,3.0,19.38,968.0,2473.0,0.1032,0.4115,0.0056,-5.5212,2.5964,0.3476
2026-09-23T17:54:02Z,2026-09-23 03:56:05,SPXW,2026-09-25,P,7790.0,7764.6401,35.9,4.0,36.3,7.0,38.0,272.0,141.0,0.1032,-0.5885,0.0056,-5.5212,2.5964,-0.5051
2026-09-23T17:54:02Z,2026-09-23 03:56:05,SPXW,2026-09-25,C,7795.0,7764.6401,18.1,9.0,18.4,4.0,17.1,550.0,843.0,0.1028,0.3834,0.0055,-5.3778,2.552,0.3241
2026-09-23T17:54:02Z,2026-09-23 03:56:05,SPXW,2026-09-25,P,7795.0,7764.6401,38.8,9.0,39.3,9.0,41.7,125.0,65.0,0.1031,-0.6165,0.0055,-5.3778,2.552,-0.5292
2026-09-23T17:54:02Z,2026-09-23 03:56:05,SPXW,2026-09-25,C,7800.0,7764.6401,16.2,18.0,16.5,3.0,15.4,4460.0,6520.0,0.1028,0.356,0.0054,-5.2076,2.4956,0.3007
2026-09-23T17:54:02Z,2026-09-23 03:56:05,SPXW,2026-09-25,P,7800.0,7764.6401,42.0,3.0,42.4,5.0,45.19,416.0,2227.0,0.1028,-0.6439,0.0054,-5.2076,2.4956,-0.5531
2026-09-23T17:54:02Z,2026-09-23 03:56:05,SPXW,2026-09-25,C,7805.0,7764.6401,14.5,18.0,14.8,5.0,14.43,1668.0,1009.0,0.1027,0.3294,0.0053,-5.0134,2.4288,0.2782
2026-09-23T17:54:02Z,2026-09-23 03:56:05,SPXW,2026-09-25,P,7805.0,7764.6401,45.3,3.0,45.7,7.0,48.65,153.0,53.0,0.1028,-0.6705,0.0053,-5.0134,2.4288,-0.5762
2026-09-23T17:54:02Z,2026-09-23 03:56:05,SPXW,2026-09-25,C,7810.0,7764.6401,12.9,18.0,13.2,4.0,12.57,893.0,1536.0,0.1025,0.3037,0.0051,-4.7992,2.3536,0.2565
2026-09-23T17:54:02Z,2026-09-23 03:56:05,SPXW,2026-09-25,P,7810.0,7764.6401,48.3,3.0,49.5,4.0,51.74,135.0,70.0,0.1027,-0.6962,0.0051,-4.7992,2.3536,-0.5984
2026-09-23T17:54:02Z,2026-09-23 03:56:05,SPXW,2026-09-25,C,7815.0,7764.6401,11.5,18.0,11.8,5.0,11.1,808.0,944.0,0.1027,0.2791,0.0049,-4.5686,2.2688,0.2354
2026-09-23T17:54:02Z,2026-09-23 03:56:05,SPXW,2026-09-25,P,7815.0,7764.6401,51.9,5.0,53.0,4.0,55.29,73.0,54.0,0.1028,-0.7208,0.0049,-4.5686,2.2688,-0.62
2026-09-23T17:54:02Z,2026-09-23 03:56:05,SPXW,2026-09-25,C,7820.0,7764.6401,10.2,19.0,10.5,5.0,10.11,1218.0,1277.0,0.1027,0.2557,0.0047,-4.3257,2.1787,0.2158
2026-09-23T17:54:02Z,2026-09-23 03:56:05,SPXW,2026-09-25,P,7820.0,7764.6401,55.6,4.0,56.7,3.0,59.28,49.0,45.0,0.1029,-0.7442,0.0047,-4.3257,2.1787,-0.6402
2026-09-23T17:54:02Z,2026-09-23 03:56:05,SPXW,2026-09-25,C,7825.0,7764.6401,9.1,12.0,9.3,4.0,8.8,1290.0,4201.0,0.103,0.2336,0.0044,-4.0748,2.083,0.1968
2026-09-23T17:54:02Z,2026-09-23 03:56:05,SPXW,2026-09-25,P,7825.0,7764.6401,59.4,3.0,60.6,3.0,63.6,47.0,139.0,0.1029,-0.7664,0.0044,-4.0748,2.083,-0.6597
2026-09-23T17:54:02Z,2026-09-23 03:56:05,SPXW,2026-09-25,C,7830.0,7764.6401,8.0,20.0,8.3,12.0,8.0,685.0,778.0,0.1032,0.2128,0.0042,-3.8196,1.9825,0.1792
2026-09-23T17:54:02Z,2026-09-23 03:56:05,SPXW,2026-09-25,P,7830.0,7764.6401,63.4,3.0,64.5,3.0,67.93,4.0,9.0,0.1034,-0.7872,0.0042,-3.8196,1.9825,-0.6779
2026-09-23T17:54:02Z,2026-09-23 03:56:05,SPXW,2026-09-25,C,7835.0,7764.6401,7.1,20.0,7.3,4.0,7.18,373.0,477.0,0.1034,0.1933,0.004,-3.564,1.8812,0.1628
2026-09-23T17:54:02Z,2026-09-23 03:56:05,SPXW,2026-09-25,P,7835.0,7764.6401,67.4,4.0,68.6,3.0,69.27,2.0,0.0,0.1036,-0.8067,0.004,-3.564,1.8812,-0.6948
2026-09-23T17:54:02Z,2026-09-23 03:56:05,SPXW,2026-09-25,C,7840.0,7764.6401,6.3,15.0,6.5,7.0,6.3,844.0,3443.0,0.104,0.1752,0.0037,-3.3114,1.7775,0.1473
2026-09-23T17:54:02Z,2026-09-23 03:56:05,SPXW,2026-09-25,P,7840.0,7764.6401,64.9,2.0,82.5,1.0,71.05,3.0,10.0,0.1039,-0.8248,0.0037,-3.3114,1.7775,-0.7108
2026-09-23T17:54:02Z,2026-09-23 03:56:05,SPXW,2026-09-25,C,7845.0,7764.6401,5.5,21.0,5.8,21.0,5.3,2309.0,860.0,0.104,0.1585,0.0034,-3.0648,1.674,0.1333
2026-09-23T17:54:02Z,2026-09-23 03:56:05,SPXW,2026-09-25,P,7845.0,7764.6401,75.9,3.0,77.0,3.0,76.41,1.0,1.0,0.1043,-0.8415,0.0034,-3.0648,1.674,-0.7254
2026-09-23T17:54:02Z,2026-09-23 03:56:05,SPXW,2026-09-25,C,7850.0,7764.6401,4.9,22.0,5.1,7.0,4.7,4147.0,3023.0,0.1049,0.1431,0.0032,-2.8269,1.5727,0.1203
2026-09-23T17:54:02Z,2026-09-23 03:56:05,SPXW,2026-09-25,P,7850.0,7764.6401,80.2,3.0,81.3,4.0,80.28,627.0,68.0,0.1052,-0.8568,0.0032,-2.8269,1.5727,-0.739
2026-09-23T17:54:02Z,2026-09-23 03:56:05,SPXW,2026-09-25,C,7855.0,7764.6401,4.3,25.0,4.6,28.0,4.2,2078.0,670.0,0.1053,0.129,0.003,-2.6,1.4724,0.1083
2026-09-23T17:54:02Z,2026-09-23 03:56:05,SPXW,2026-09-25,P,7855.0,7764.6401,84.6,3.0,85.8,3.0,88.49,2.0,1.0,0.1057,-0.8709,0.003,-2.6,1.4724,-0.7515
2026-09-23T17:54:02Z,2026-09-23 03:56:05,SPXW,2026-09-25,C,7860.0,7764.6401,3.8,28.0,4.1,30.0,3.87,633.0,1094.0,0.106,0.1162,0.0028,-2.3855,1.3755,0.0976
2026-09-23T17:54:02Z,2026-09-23 03:56:05,SPXW,2026-09-25,P,7860.0,7764.6401,89.1,3.0,90.3,3.0,92.94,12.0,5.0,0.1064,-0.8837,0.0028,-2.3855,1.3755,-0.7628
2026-09-23T17:54:02Z,2026-09-23 03:56:05,SPXW,2026-09-25,C,7865.0,7764.6401,3.4,14.0,3.6,25.0,3.35,984.0,1312.0,0.1071,0.1047,0.0025,-2.1849,1.2833,0.0877
2026-09-23T17:54:02Z,2026-09-23 03:56:05,SPXW,2026-09-25,P,7865.0,7764.6401,93.7,3.0,94.8,3.0,95.15,1.0,1.0,0.1067,-0.8953,0.0025,-2.1849,1.2833,-0.7732
2026-09-23T17:54:02Z,2026-09-23 03:56:05,SPXW,2026-09-25,C,7870.0,7764.6401,3.0,27.0,3.2,28.0,2.95,768.0,1227.0,0.1078,0.0942,0.0023,-1.9989,1.1944,0.0789
2026-09-23T17:54:02Z,2026-09-23 03:56:05,SPXW,2026-09-25,P,7870.0,7764.6401,98.3,3.0,99.4,3.0,0.0,0.0,0.0,0.1074,-0.9057,0.0023,-1.9989,1.1944,-0.7826
2026-09-23T17:54:02Z,2026-09-23 03:56:05,SPXW,2026-09-25,C,7875.0,7764.6401,2.7,15.0,2.85,8.0,2.66,1081.0,1039.0,0.1089,0.0848,0.0021,-1.8274,1.1106,0.071
2026-09-23T17:54:02Z,2026-09-23 03:56:05,SPXW,2026-09-25,P,7875.0,7764.6401,102.9,3.0,104.1,3.0,114.83,22.0,21.0,0.1082,-0.9151,0.0021,-1.8274,1.1106,-0.791
2026-09-23T17:54:02Z,2026-09-23 03:56:05,SPXW,2026-09-25,C,7880.0,7764.6401,2.4,17.0,2.55,10.0,2.35,924.0,1798.0,0.1098,0.0764,0.002,-1.6706,1.0325,0.0639
2026-09-23T17:54:02Z,2026-09-23 03:56:05,SPXW,2026-09-25,P,7880.0,7764.6401,107.6,3.0,108.8,3.0,252.93,0.0,156.0,0.1092,-0.9235,0.002,-1.6706,1.0325,-0.7986
2026-09-23T17:54:02Z,2026-09-23 03:56:05,SPXW,2026-09-25,C,7885.0,7764.6401,2.15,15.0,2.3,19.0,2.0,1352.0,582.0,0.111,0.069,0.0018,-1.5279,0.9591,0.0576
2026-09-23T17:54:02Z,2026-09-23 03:56:05,SPXW,2026-09-25,P,7885.0,7764.6401,112.3,3.0,113.5,4.0,124.65,0.0,1.0,0.1109,-0.931,0.0018,-1.5279,0.9591,-0.8055
2026-09-23T17:54:02Z,2026-09-23 03:56:05,SPXW,2026-09-25,C,7890.0,7764.6401,1.9,18.0,2.05,11.0,1.86,686.0,881.0,0.1118,0.0623,0.0016,-1.3986,0.8906,0.052
2026-09-23T17:54:02Z,2026-09-23 03:56:05,SPXW,2026-09-25,P,7890.0,7764.6401,117.1,3.0,118.3,3.0,118.1,0.0,12.0,0.1117,-0.9376,0.0016,-1.3986,0.8906,-0.8116
2026-09-23T17:54:02Z,2026-09-23 03:56:05,SPXW,2026-09-25,C,7895.0,7764.6401,1.7,19.0,1.85,11.0,1.65,433.0,0.0,0.1129,0.0564,0.0015,-1.2816,0.8276,0.047
2026-09-23T17:54:02Z,2026-09-23 03:56:05,SPXW,2026-09-25,P,7895.0,7764.6401,115.4,2.0,132.7,1.0,0.0,0.0,0.0,0.1298,-0.9436,0.0015,-1.2816,0.8276,-0.8172
2026-09-23T17:54:02Z,2026-09-23 03:56:05,SPXW,2026-09-25,C,7900.0,7764.6401,1.55,11.0,1.65,11.0,1.45,13928.0,2833.0,0.1141,0.0511,0.0014,-1.1763,0.7695,0.0426
2026-09-23T17:54:02Z,2026-09-23 03:56:05,SPXW,2026-09-25,P,7900.0,7764.6401,126.7,3.0,127.9,3.0,125.9,7.0,161.0,0.1137,-0.9488,0.0014,-1.1763,0.7695,-0.8222
2026-09-23T17:54:02Z,2026-09-23 03:56:05,SPXW,2026-09-25,C,7905.0,7764.6401,1.35,12.0,1.5,13.0,1.35,283.0,0.0,0.115,0.0464,0.0013,-1.0816,0.7157,0.0386
2026-09-23T17:54:02Z,2026-09-23 03:56:05,SPXW,2026-09-25,P,7905.0,7764.6401,125.3,1.0,142.4,1.0,135.24,2.0,0.0,0.1357,-0.9535,0.0013,-1.0816,0.7157,-0.8267
2026-09-23T17:54:02Z,2026-09-23 03:56:05,SPXW,2026-09-25,C,7910.0,7764.6401,1.25,9.0,1.35,13.0,1.2,562.0,950.0,0.1165,0.0423,0.0012,-0.9963,0.6662,0.0352
2026-09-23T17:54:02Z,2026-09-23 03:56:05,SPXW,2026-09-25,P,7910.0,7764.6401,136.4,3.0,137.6,3.0,140.46,0.0,36.0,0.1161,-0.9577,0.0012,-0.9963,0.6662,-0.8306
2026-09-23T17:54:02Z,2026-09-23 03:56:05,SPXW,2026-09-25,C,7915.0,7764.6401,1.1,13.0,1.25,14.0,1.05,265.0,0.0,0.1177,0.0386,0.0011,-0.9196,0.621,0.0321
2026-09-23T17:54:02Z,2026-09-23 03:56:05,SPXW,2026-09-25,P,7915.0,7764.6401,134.9,2.0,152.1,1.0,0.0,0.0,0.0,0.1396,-0.9614,0.0011,-0.9196,0.621,-0.8343
2026-09-23T17:54:02Z,2026-09-23 03:56:05,SPXW,2026-09-25,C,7920.0,7764.6401,1.0,18.0,1.1,5.0,0.95,710.0,1216.0,0.1187,0.0353,0.001,-0.8506,0.5796,0.0293
2026-09-23T17:54:02Z,2026-09-23 03:56:05,SPXW,2026-09-25,P,7920.0,7764.6401,139.8,2.0,157.0,1.0,327.23,0.0,34.0,0.1422,-0.9647,0.001,-0.8506,0.5796,-0.8376
2026-09-23T17:54:02Z,2026-09-23 03:56:05,SPXW,2026-09-25,C,7925.0,7764.6401,0.9,41.0,1.05,23.0,0.85,834.0,1422.0,0.1204,0.0323,0.0009,-0.7886,0.5415,0.0268
2026-09-23T17:54:02Z,2026-09-23 03:56:05,SPXW,2026-09-25,P,7925.0,7764.6401,151.1,3.0,152.3,3.0,154.78,0.0,8.0,0.1196,-0.9676,0.0009,-0.7886,0.5415,-0.8407
2026-09-23T17:54:02Z,2026-09-23 03:56:05,SPXW,2026-09-25,C,7930.0,7764.6401,0.8,43.0,0.95,21.0,0.8,1165.0,1000.0,0.1214,0.0297,0.0008,-0.7327,0.5064,0.0246
2026-09-23T17:54:02Z,2026-09-23 03:56:05,SPXW,2026-09-25,P,7930.0,7764.6401,149.7,1.0,166.8,1.0,246.03,0.0,0.0,0.1479,-0.9702,0.0008,-0.7327,0.5064,-0.8434
2026-09-23T17:54:02Z,2026-09-23 03:56:05,SPXW,2026-09-25,C,7935.0,7764.6401,0.75,45.0,0.85,22.0,0.7,63.0,0.0,0.1228,0.0274,0.0008,-0.6822,0.4743,0.0227
2026-09-23T17:54:02Z,2026-09-23 03:56:05,SPXW,2026-09-25,P,7935.0,7764.6401,154.6,2.0,171.8,1.0,0.0,0.0,0.0,0.151,-0.9726,0.0008,-0.6822,0.4743,-0.8459
2026-09-23T17:54:02Z,2026-09-23 03:56:05,SPXW,2026-09-25,C,7940.0,7764.6401,0.7,40.0,0.8,23.0,0.61,586.0,994.0,0.1247,0.0253,0.0007,-0.6365,0.445,0.0209
2026-09-23T17:54:02Z,2026-09-23 03:56:05,SPXW,2026-09-25,P,7940.0,7764.6401,159.5,2.0,176.7,1.0,252.89,0.0,2.0,0.1533,-0.9747,0.0007,-0.6365,0.445,-0.8482
2026-09-23T17:54:02Z,2026-09-23 03:56:05,SPXW,2026-09-25,C,7945.0,7764.6401,0.65,15.0,0.75,25.0,0.62,189.0,0.0,0.1264,0.0234,0.0006,-0.5953,0.418,0.0193
2026-09-23T17:54:02Z,2026-09-23 03:56:05,SPXW,2026-09-25,P,7945.0,7764.6401,164.5,2.0,181.6,1.0,0.0,0.0,0.0,0.1562,-0.9766,0.0006,-0.5953,0.418,-0.8503
2026-09-23T17:54:02Z,2026-09-23 03:56:05,SPXW,2026-09-25,C,7950.0,7764.6401,0.6,42.0,0.7,26.0,0.55,2783.0,9000.0,0.1281,0.0217,0.0006,-0.5579,0.3932,0.0179
2026-09-23T17:54:02Z,2026-09-23 03:56:05,SPXW,2026-09-25,P,7950.0,7764.6401,175.8,3.0,176.9,3.0,173.39,0.0,30.0,0.128,-0.9783,0.0006,-0.5579,0.3932,-0.8523
2026-09-23T17:54:02Z,2026-09-23 03:56:05,SPXW,2026-09-25,C,7955.0,7764.6401,0.55,44.0,0.65,19.0,0.5,25.0,0.0,0.1295,0.0202,0.0006,-0.5239,0.3703,0.0166
2026-09-23T17:54:02Z,2026-09-23 03:56:05,SPXW,2026-09-25,P,7955.0,7764.6401,174.4,2.0,191.5,1.0,0.0,0.0,0.0,0.162,-0.9798,0.0006,-0.5239,0.3703,-0.8541
2026-09-23T17:54:02Z,2026-09-23 03:56:05,SPXW,2026-09-25,C,7960.0,7764.6401,0.5,52.0,0.6,26.0,0.5,466.0,1756.0,0.1309,0.0188,0.0005,-0.4929,0.3492,0.0155
2026-09-23T17:54:02Z,2026-09-23 03:56:05,SPXW,2026-09-25,P,7960.0,7764.6401,179.4,2.0,196.5,1.0,0.0,0.0,0.0,0.1656,-0.9812,0.0005,-0.4929,0.3492,-0.8558
2026-09-23T17:54:02Z,2026-09-23 03:56:05,SPXW,2026-09-25,C,7965.0,7764.6401,0.45,44.0,0.55,16.0,0.45,56.0,0.0,0.132,0.0175,0.0005,-0.4647,0.3298,0.0145
2026-09-23T17:54:02Z,2026-09-23 03:56:05,SPXW,2026-09-25,P,7965.0,7764.6401,184.3,2.0,201.4,1.0,0.0,0.0,0.0,0.1676,-0.9824,0.0005,-0.4647,0.3298,-0.8574
2026-09-23T17:54:02Z,2026-09-23 03:56:05,SPXW,2026-09-25,C,7970.0,7764.6401,0.45,54.0,0.55,32.0,0.45,73.0,636.0,0.1349,0.0164,0.0004,-0.4389,0.3119,0.0135
2026-09-23T17:54:02Z,2026-09-23 03:56:05,SPXW,2026-09-25,P,7970.0,7764.6401,189.3,2.0,206.4,1.0,202.59,8.0,8.0,0.1711,-0.9836,0.0004,-0.4389,0.3119,-0.8589
2026-09-23T17:54:02Z,2026-09-23 03:56:05,SPXW,2026-09-25,C,7975.0,7764.6401,0.4,55.0,0.5,31.0,0.4,77.0,687.0,0.1359,0.0153,0.0004,-0.4153,0.2954,0.0126
2026-09-23T17:54:02Z,2026-09-23 03:56:05,SPXW,2026-09-25,P,7975.0,7764.6401,194.5,2.0,211.3,1.0,203.82,10.0,8.0,0.1754,-0.9846,0.0004,-0.4153,0.2954,-0.8603
2026-09-23T17:54:02Z,2026-09-23 03:56:05,SPXW,2026-09-25,C,7980.0,7764.6401,0.4,55.0,0.5,38.0,0.4,251.0,363.0,0.1387,0.0144,0.0004,-0.3938,0.2801,0.0118
2026-09-23T17:54:02Z,2026-09-23 03:56:05,SPXW,2026-09-25,P,7980.0,7764.6401,197.2,2.0,216.2,1.0,0.0,0.0,0.0,0.1552,-0.9856,0.0004,-0.3938,0.2801,-0.8617
2026-09-23T17:54:02Z,2026-09-23 03:56:05,SPXW,2026-09-25,C,7985.0,7764.6401,0.35,46.0,0.45,21.0,0.3,52.0,0.0,0.1394,0.0135,0.0004,-0.3739,0.2659,0.0111
2026-09-23T17:54:02Z,2026-09-23 03:56:05,SPXW,2026-09-25,P,7985.0,7764.6401,202.0,2.0,224.1,3.0,0.0,0.0,0.0,0.1847,-0.9864,0.0004,-0.3739,0.2659,-0.8629
2026-09-23T17:54:02Z,2026-09-23 03:56:05,SPXW,2026-09-25,C,7990.0,7764.6401,0.35,47.0,0.45,21.0,0.35,103.0,874.0,0.1422,0.0127,0.0004,-0.3557,0.2526,0.0105
2026-09-23T17:54:02Z,2026-09-23 03:56:05,SPXW,2026-09-25,P,7990.0,7764.6401,207.0,2.0,228.2,1.0,316.25,0.0,1.0,0.1807,-0.9872,0.0004,-0.3557,0.2526,-0.8641
2026-09-23T17:54:02Z,2026-09-23 03:56:05,SPXW,2026-09-25,C,7995.0,7764.6401,0.3,47.0,0.4,21.0,0.3,86.0,0.0,0.1425,0.012,0.0003,-0.3388,0.2404,0.0099
2026-09-23T17:54:02Z,2026-09-23 03:56:05,SPXW,2026-09-25,P,7995.0,7764.6401,211.9,2.0,233.2,1.0,0.0,0.0,0.0,0.1885,-0.9879,0.0003,-0.3388,0.2404,-0.8653
2026-09-23T17:54:02Z,2026-09-23 03:56:05,SPXW,2026-09-25,C,8000.0,7764.6401,0.3,46.0,0.4,23.0,0.34,1142.0,7478.0,0.1454,0.0114,0.0003,-0.3228,0.2287,0.0093
2026-09-23T17:54:02Z,2026-09-23 03:56:05,SPXW,2026-09-25,P,8000.0,7764.6401,225.4,3.0,226.6,3.0,348.32,0.0,2379.0,0.1464,-0.9886,0.0003,-0.3233,0.229,-0.8664
2026-09-23T17:54:02Z,2026-09-23 03:56:05,SPXW,2026-09-25,C,8010.0,7764.6401,0.25,99.0,0.4,95.0,0.3,139.0,646.0,0.1494,0.0102,0.0003,-0.2956,0.2086,0.0084
2026-09-23T17:54:02Z,2026-09-23 03:56:05,SPXW,2026-09-25,P,8010.0,7764.6401,226.9,2.0,248.1,1.0,0.0,0.0,0.0,0.1988,-0.9898,0.0003,-0.2956,0.2086,-0.8684
2026-09-23T17:54:02Z,2026-09-23 03:56:05,SPXW,2026-09-25,C,8020.0,7764.6401,0.25,47.0,0.35,24.0,0.3,51.0,437.0,0.1533,0.0092,0.0002,-0.2719,0.1909,0.0075
2026-09-23T17:54:02Z,2026-09-23 03:56:05,SPXW,2026-09-25,P,8020.0,7764.6401,236.9,2.0,258.0,1.0,375.65,0.0,1.0,0.2047,-0.9908,0.0002,-0.2719,0.1909,-0.8704
2026-09-23T17:54:02Z,2026-09-23 03:56:05,SPXW,2026-09-25,C,8025.0,7764.6401,0.25,20.0,0.35,24.0,0.27,61.0,423.0,0.156,0.0088,0.0002,-0.2612,0.1829,0.0072
2026-09-23T17:54:02Z,2026-09-23 03:56:05,SPXW,2026-09-25,P,8025.0,7764.6401,242.0,2.0,263.0,1.0,253.31,2.0,1.0,0.2089,-0.9912,0.0002,-0.2612,0.1829,-0.8713
2026-09-23T17:54:02Z,2026-09-23 03:56:05,SPXW,2026-09-25,C,8030.0,7764.6401,0.25,20.0,0.35,81.0,0.25,41.0,141.0,0.1587,0.0084,0.0002,-0.2513,0.1753,0.0068
2026-09-23T17:54:02Z,2026-09-23 03:56:05,SPXW,2026-09-25,P,8030.0,7764.6401,246.8,2.0,268.0,1.0,383.45,0.0,2.0,0.2105,-0.9916,0.0002,-0.2513,0.1753,-0.8722
2026-09-23T17:54:02Z,2026-09-23 03:56:05,SPXW,2026-09-25,C,8040.0,7764.6401,0.2,51.0,0.3,22.0,0.2,9.0,102.0,0.1605,0.0076,0.0002,-0.2334,0.1616,0.0062
2026-09-23T17:54:02Z,2026-09-23 03:56:05,SPXW,2026-09-25,P,8040.0,7764.6401,256.9,2.0,278.0,1.0,0.0,0.0,0.0,0.2162,-0.9923,0.0002,-0.2334,0.1616,-0.8738
2026-09-23T17:54:02Z,2026-09-23 03:56:05,SPXW,2026-09-25,C,8050.0,7764.6401,0.2,21.0,0.3,31.0,0.2,18.0,917.0,0.1657,0.007,0.0002,-0.2178,0.1495,0.0057
2026-09-23T17:54:02Z,2026-09-23 03:56:05,SPXW,2026-09-25,P,8050.0,7764.6401,266.9,2.0,287.9,1.0,274.5,4.0,3.0,0.2228,-0.993,0.0002,-0.2178,0.1495,-0.8755
2026-09-23T17:54:02Z,2026-09-23 03:56:05,SPXW,2026-09-25,C,8060.0,7764.6401,0.2,21.0,0.3,84.0,0.25,30.0,72.0,0.1711,0.0064,0.0002,-0.2036,0.1386,0.0052
2026-09-23T17:54:02Z,2026-09-23 03:56:05,SPXW,2026-09-25,P,8060.0,7764.6401,276.9,2.0,298.0,1.0,304.73,0.0,2.0,0.2304,-0.9935,0.0002,-0.204,0.1389,-0.877
2026-09-23T17:54:02Z,2026-09-23 03:56:05,SPXW,2026-09-25,C,8070.0,7764.6401,0.15,108.0,0.25,27.0,0.2,21.0,79.0,0.1719,0.0059,0.0001,-0.1915,0.1291,0.0048
2026-09-23T17:54:02Z,2026-09-23 03:56:05,SPXW,2026-09-25,P,8070.0,7764.6401,287.1,2.0,307.9,1.0,0.0,0.0,0.0,0.239,-0.994,0.0001,-0.1919,0.1294,-0.8785
2026-09-23T17:54:02Z,2026-09-23 03:56:05,SPXW,2026-09-25,C,8075.0,7764.6401,0.15,26.0,0.25,23.0,0.22,102.0,815.0,0.1744,0.0057,0.0001,-0.186,0.1248,0.0046
2026-09-23T17:54:02Z,2026-09-23 03:56:05,SPXW,2026-09-25,P,8075.0,7764.6401,291.8,2.0,315.8,2.0,453.09,0.0,42.0,0.2591,-0.9942,0.0001,-0.1863,0.1251,-0.8793
2026-09-23T17:54:02Z,2026-09-23 03:56:05,SPXW,2026-09-25,C,8080.0,7764.6401,0.15,25.0,0.25,30.0,0.18,58.0,115.0,0.177,0.0055,0.0001,-0.1808,0.1207,0.0045
2026-09-23T17:54:02Z,2026-09-23 03:56:05,SPXW,2026-09-25,P,8080.0,7764.6401,296.9,2.0,320.9,2.0,0.0,0.0,0.0,0.2641,-0.9945,0.0001,-0.1811,0.121,-0.88
2026-09-23T17:54:02Z,2026-09-23 03:56:05,SPXW,2026-09-25,C,8090.0,7764.6401,0.15,24.0,0.25,32.0,0.15,69.0,38.0,0.1821,0.0051,0.0001,-0.1711,0.1131,0.0042
2026-09-23T17:54:02Z,2026-09-23 03:56:05,SPXW,2026-09-25,P,8090.0,7764.6401,306.8,2.0,330.8,2.0,0.0,0.0,0.0,0.2694,-0.9948,0.0001,-0.1715,0.1134,-0.8814
2026-09-23T17:54:02Z,2026-09-23 03:56:05,SPXW,2026-09-25,C,8100.0,7764.6401,0.15,22.0,0.25,86.0,0.15,242.0,1258.0,0.1871,0.0048,0.0001,-0.1626,0.1063,0.0039
2026-09-23T17:54:02Z,2026-09-23 03:56:05,SPXW,2026-09-25,P,8100.0,7764.6401,316.7,2.0,340.7,2.0,327.52,3.0,6.0,0.2745,-0.9952,0.0001,-0.1629,0.1066,-0.8828
2026-09-23T17:54:02Z,2026-09-23 03:56:05,SPXW,2026-09-25,C,8110.0,7764.6401,0.15,22.0,0.2,26.0,0.15,32.0,20.0,0.1893,0.0045,0.0001,-0.1549,0.1001,0.0036
2026-09-23T17:54:02Z,2026-09-23 03:56:05,SPXW,2026-09-25,P,8110.0,7764.6401,326.8,2.0,350.8,2.0,488.45,0.0,37.0,0.2829,-0.9955,0.0001,-0.1552,0.1004,-0.8841
2026-09-23T17:54:02Z,2026-09-23 03:56:05,SPXW,2026-09-25,C,8120.0,7764.6401,0.15,86.0,0.2,28.0,0.17,63.0,0.0,0.1912,0.0042,0.0001,-0.148,0.0946,0.0034
2026-09-23T17:54:02Z,2026-09-23 03:56:05,SPXW,2026-09-25,P,8120.0,7764.6401,336.8,2.0,360.8,2.0,0.0,0.0,0.0,0.2897,-0.9958,0.0001,-0.1483,0.0948,-0.8854
2026-09-23T17:54:02Z,2026-09-23 03:56:05,SPXW,2026-09-25,C,8125.0,7764.6401,0.1,87.0,0.2,29.0,0.15,9.0,561.0,0.1936,0.0041,0.0001,-0.1448,0.092,0.0033
2026-09-23T17:54:02Z,2026-09-23 03:56:05,SPXW,2026-09-25,P,8125.0,7764.6401,341.8,2.0,365.8,2.0,502.73,0.0,1.0,0.293,-0.9959,0.0001,-0.145,0.0922,-0.8861
2026-09-23T17:54:02Z,2026-09-23 03:56:05,SPXW,2026-09-25,C,8130.0,7764.6401,0.1,87.0,0.2,30.0,0.15,64.0,0.0,0.196,0.004,0.0001,-0.1417,0.0896,0.0032
2026-09-23T17:54:02Z,2026-09-23 03:56:05,SPXW,2026-09-25,P,8130.0,7764.6401,346.7,2.0,370.7,2.0,0.0,0.0,0.0,0.2946,-0.996,0.0001,-0.142,0.0898,-0.8867
2026-09-23T17:54:02Z,2026-09-23 03:56:05,SPXW,2026-09-25,C,8140.0,7764.6401,0.1,28.0,0.2,31.0,0.15,80.0,0.0,0.2008,0.0037,0.0001,-0.136,0.085,0.003
2026-09-23T17:54:02Z,2026-09-23 03:56:05,SPXW,2026-09-25,P,8140.0,7764.6401,356.7,2.0,380.7,2.0,0.0,0.0,0.0,0.3013,-0.9962,0.0001,-0.1362,0.0852,-0.888
2026-09-23T17:54:02Z,2026-09-23 03:56:05,SPXW,2026-09-25,C,8150.0,7764.6401,0.1,28.0,0.2,86.0,0.15,7.0,265.0,0.2056,0.0035,0.0001,-0.1308,0.0808,0.0029
2026-09-23T17:54:02Z,2026-09-23 03:56:05,SPXW,2026-09-25,P,8150.0,7764.6401,366.7,2.0,390.7,2.0,0.0,0.0,0.0,0.3079,-0.9964,0.0001,-0.131,0.081,-0.8892
2026-09-23T17:54:02Z,2026-09-23 03:56:05,SPXW,2026-09-25,C,8160.0,7764.6401,0.1,26.0,0.2,110.0,0.25,56.0,0.0,0.2104,0.0034,0.0001,-0.1261,0.077,0.0027
2026-09-23T17:54:02Z,2026-09-23 03:56:05,SPXW,2026-09-25,P,8160.0,7764.6401,376.7,2.0,400.7,2.0,0.0,0.0,0.0,0.3145,-0.9966,0.0001,-0.1263,0.0771,-0.8905
2026-09-23T17:54:02Z,2026-09-23 03:56:05,SPXW,2026-09-25,C,8170.0,7764.6401,0.1,25.0,0.2,102.0,0.1,64.0,0.0,0.2151,0.0032,0.0001,-0.1217,0.0735,0.0026
2026-09-23T17:54:02Z,2026-09-23 03:56:05,SPXW,2026-09-25,P,8170.0,7764.6401,386.8,2.0,410.8,2.0,0.0,0.0,0.0,0.3229,-0.9968,0.0001,-0.1219,0.0736,-0.8917
2026-09-23T17:54:02Z,2026-09-23 03:56:05,SPXW,2026-09-25,C,8175.0,7764.6401,0.1,25.0,0.2,100.0,0.15,76.0,13678.0,0.2175,0.0031,0.0001,-0.1197,0.0718,0.0025
2026-09-23T17:54:02Z,2026-09-23 03:56:05,SPXW,2026-09-25,P,8175.0,7764.6401,391.7,2.0,415.7,2.0,0.0,0.0,0.0,0.3243,-0.9968,0.0001,-0.1199,0.0719,-0.8923
2026-09-23T17:54:02Z,2026-09-23 03:56:05,SPXW,2026-09-25,C,8180.0,7764.6401,0.1,24.0,0.15,27.0,0.1,58.0,0.0,0.216,0.003,0.0001,-0.1177,0.0702,0.0024
2026-09-23T17:54:02Z,2026-09-23 03:56:05,SPXW,2026-09-25,P,8180.0,7764.6401,396.7,2.0,420.7,2.0,0.0,0.0,0.0,0.3276,-0.9969,0.0001,-0.1179,0.0703,-0.8929
2026-09-23T17:54:02Z,2026-09-23 03:56:05,SPXW,2026-09-25,C,8190.0,7764.6401,0.1,24.0,0.15,28.0,0.1,50.0,0.0,0.2206,0.0029,0.0001,-0.114,0.0672,0.0023
2026-09-23T17:54:02Z,2026-09-23 03:56:05,SPXW,2026-09-25,P,8190.0,7764.6401,406.7,2.0,430.7,2.0,0.0,0.0,0.0,0.3341,-0.997,0.0001,-0.1142,0.0673,-0.8942
2026-09-23T17:54:02Z,2026-09-23 03:56:05,SPXW,2026-09-25,C,8200.0,7764.6401,0.05,197.0,0.15,29.0,0.1,12.0,1199.0,0.2206,0.0028,0.0001,-0.1106,0.0644,0.0022
2026-09-23T17:54:02Z,2026-09-23 03:56:05,SPXW,2026-09-25,P,8200.0,7764.6401,416.9,2.0,440.9,2.0,466.2,0.0,1.0,0.3444,-0.9972,0.0001,-0.1108,0.0645,-0.8953
2026-09-23T17:54:02Z,2026-09-23 03:56:05,SPXW,2026-09-25,C,8210.0,7764.6401,0.05,197.0,0.15,31.0,0.1,64.0,0.0,0.2251,0.0026,0.0,-0.1075,0.0618,0.0021
2026-09-23T17:54:02Z,2026-09-23 03:56:05,SPXW,2026-09-25,P,8210.0,7764.6401,426.7,2.0,450.7,2.0,0.0,0.0,0.0,0.3471,-0.9973,0.0,-0.1076,0.0619,-0.8965
2026-09-23T17:54:02Z,2026-09-23 03:56:05,SPXW,2026-09-25,C,8220.0,7764.6401,0.05,197.0,0.15,32.0,0.1,138.0,0.0,0.2296,0.0025,0.0,-0.1045,0.0594,0.002
2026-09-23T17:54:02Z,2026-09-23 03:56:05,SPXW,2026-09-25,P,8220.0,7764.6401,436.6,2.0,460.6,2.0,0.0,0.0,0.0,0.3515,-0.9974,0.0,-0.1046,0.0594,-0.8977
2026-09-23T17:54:02Z,2026-09-23 03:56:05,SPXW,2026-09-25,C,8225.0,7764.6401,0.05,196.0,0.15,32.0,0.15,31.0,117.0,0.2319,0.0025,0.0,-0.1031,0.0582,0.002
2026-09-23T17:54:02Z,2026-09-23 03:56:05,SPXW,2026-09-25,P,8225.0,7764.6401,441.9,2.0,465.9,2.0,458.22,0.0,1.0,0.3607,-0.9975,0.0,-0.1032,0.0583,-0.8983
2026-09-23T17:54:02Z,2026-09-23 03:56:05,SPXW,2026-09-25,C,8230.0,7764.6401,0.05,96.0,0.15,33.0,0.1,10.0,0.0,0.2342,0.0024,0.0,-0.1017,0.0571,0.002
2026-09-23T17:54:02Z,2026-09-23 03:56:05,SPXW,2026-09-25,P,8230.0,7764.6401,446.7,2.0,470.7,2.0,0.0,0.0,0.0,0.3599,-0.9975,0.0,-0.1018,0.0572,-0.8989
2026-09-23T17:54:02Z,2026-09-23 03:56:05,SPXW,2026-09-25,C,8250.0,7764.6401,0.05,31.0,0.15,93.0,0.05,11.0,437.0,0.2432,0.0023,0.0,-0.0967,0.0531,0.0018
2026-09-23T17:54:02Z,2026-09-23 03:56:05,SPXW,2026-09-25,P,8250.0,7764.6401,466.7,2.0,490.7,2.0,0.0,0.0,0.0,0.3727,-0.9977,0.0,-0.0968,0.0532,-0.9012
2026-09-23T17:54:02Z,2026-09-23 03:56:05,SPXW,2026-09-25,C,8275.0,7764.6401,0.05,30.0,0.15,124.0,0.1,4.0,120.0,0.2544,0.0021,0.0,-0.0913,0.0487,0.0017
2026-09-23T17:54:02Z,2026-09-23 03:56:05,SPXW,2026-09-25,P,8275.0,7764.6401,491.8,2.0,515.8,2.0,0.0,0.0,0.0,0.3906,-0.9979,0.0,-0.0913,0.0488,-0.9041
2026-09-23T17:54:02Z,2026-09-23 03:56:05,SPXW,2026-09-25,C,8300.0,7764.6401,0.05,28.0,0.1,28.0,0.05,53.0,966.0,0.2588,0.0019,0.0,-0.0865,0.0449,0.0015
2026-09-23T17:54:02Z,2026-09-23 03:56:05,SPXW,2026-09-25,P,8300.0,7764.6401,516.5,2.0,540.5,2.0,518.75,8.0,0.0,0.3998,-0.9981,0.0,-0.0866,0.045,-0.907
2026-09-23T17:54:02Z,2026-09-23 03:56:05,SPXW,2026-09-25,C,8325.0,7764.6401,0.05,27.0,0.1,30.0,0.05,76.0,9.0,0.2696,0.0018,0.0,-0.0824,0.0416,0.0014
2026-09-23T17:54:02Z,2026-09-23 03:56:05,SPXW,2026-09-25,P,8325.0,7764.6401,541.6,2.0,565.6,2.0,0.0,0.0,0.0,0.4175,-0.9982,0.0,-0.0824,0.0416,-0.9099
2026-09-23T17:54:02Z,2026-09-23 03:56:05,SPXW,2026-09-25,C,8350.0,7764.6401,0.0,0.0,0.1,32.0,0.05,256.0,492.0,0.271,0.0016,0.0,-0.0786,0.0387,0.0013
2026-09-23T17:54:02Z,2026-09-23 03:56:05,SPXW,2026-09-25,P,8350.0,7764.6401,566.7,2.0,590.7,2.0,577.44,3.0,0.0,0.4352,-0.9983,0.0,-0.0787,0.0387,-0.9127
2026-09-23T17:54:02Z,2026-09-23 03:56:05,SPXW,2026-09-25,C,8375.0,7764.6401,0.0,0.0,0.1,34.0,0.1,1.0,87.0,0.2814,0.0015,0.0,-0.0753,0.0361,0.0012
2026-09-23T17:54:02Z,2026-09-23 03:56:05,SPXW,2026-09-25,P,8375.0,7764.6401,591.8,2.0,615.8,2.0,0.0,0.0,0.0,0.4529,-0.9984,0.0,-0.0754,0.0361,-0.9155
2026-09-23T17:54:02Z,2026-09-23 03:56:05,SPXW,2026-09-25,C,8400.0,7764.6401,0.0,0.0,0.1,36.0,0.15,0.0,340.0,0.2917,0.0014,0.0,-0.0723,0.0338,0.0011
2026-09-23T17:54:02Z,2026-09-23 03:56:05,SPXW,2026-09-25,P,8400.0,7764.6401,616.6,2.0,640.6,2.0,0.0,0.0,0.0,0.4634,-0.9985,0.0,-0.0723,0.0338,-0.9184
2026-09-23T17:54:02Z,2026-09-23 03:56:05,SPXW,2026-09-25,C,8425.0,7764.6401,0.0,0.0,0.1,106.0,0.15,0.0,8.0,0.3019,0.0013,0.0,-0.0695,0.0317,0.0011
2026-09-23T17:54:02Z,2026-09-23 03:56:05,SPXW,2026-09-25,P,8425.0,7764.6401,641.5,2.0,665.5,2.0,0.0,0.0,0.0,0.476,-0.9986,0.0,-0.0695,0.0318,-0.9212
2026-09-23T17:54:02Z,2026-09-23 03:56:05,SPXW,2026-09-25,C,8450.0,7764.6401,0.0,0.0,0.1,113.0,0.1,2450.0,313.0,0.3122,0.0012,0.0,-0.0664,0.0297,0.001
2026-09-23T17:54:02Z,2026-09-23 03:56:05,SPXW,2026-09-25,P,8450.0,7764.6401,666.5,2.0,690.5,2.0,689.09,0.0,10.0,0.4909,-0.9987,0.0,-0.0669,0.0299,-0.924
2026-09-23T17:54:02Z,2026-09-23 03:56:05,SPXW,2026-09-25,C,8475.0,7764.6401,0.0,0.0,0.1,107.0,0.0,0.0,0.0,0.3223,0.0012,0.0,-0.0641,0.0281,0.0009
2026-09-23T17:54:02Z,2026-09-23 03:56:05,SPXW,2026-09-25,P,8475.0,7764.6401,691.5,2.0,715.5,2.0,0.0,0.0,0.0,0.5057,-0.9988,0.0,-0.0646,0.0282,-0.9268
2026-09-23T17:54:02Z,2026-09-23 03:56:05,SPXW,2026-09-25,C,8500.0,7764.6401,0.0,0.0,0.1,138.0,0.05,8.0,1746.0,0.3324,0.0011,0.0,-0.0619,0.0265,0.0009
2026-09-23T17:54:02Z,2026-09-23 03:56:05,SPXW,2026-09-25,P,8500.0,7764.6401,716.4,2.0,740.4,2.0,738.44,0.0,10.0,0.5177,-0.9988,0.0,-0.0623,0.0267,-0.9296
2026-09-23T17:54:02Z,2026-09-23 03:56:05,SPXW,2026-09-25,C,8525.0,7764.6401,0.0,0.0,0.1,125.0,0.05,7.0,0.0,0.3424,0.001,0.0,-0.0599,0.0251,0.0008
2026-09-23T17:54:02Z,2026-09-23 03:56:05,SPXW,2026-09-25,P,8525.0,7764.6401,741.6,2.0,765.6,2.0,0.0,0.0,0.0,0.5378,-0.9989,0.0,-0.0602,0.0252,-0.9323
2026-09-23T17:54:02Z,2026-09-23 03:56:05,SPXW,2026-09-28,C,7000.0,7764.6401,760.0,2.0,784.0,2.0,648.61,0.0,26.0,0.0,0.997,0.0,-0.1652,0.094,0.9546
2026-09-23T17:54:02Z,2026-09-23 03:56:05,SPXW,2026-09-28,P,7000.0,7764.6401,0.2,30.0,0.3,50.0,0.3,2513.0,4447.0,0.3068,-0.0029,0.0,-0.1656,0.0943,-0.003
2026-09-23T17:54:02Z,2026-09-23 03:56:05,SPXW,2026-09-28,C,7025.0,7764.6401,735.0,2.0,759.0,2.0,0.0,0.0,0.0,0.0,0.9968,0.0,-0.1753,0.1016,0.9578
2026-09-23T17:54:02Z,2026-09-23 03:56:05,SPXW,2026-09-28,P,7025.0,7764.6401,0.25,24.0,0.35,114.0,0.25,4.0,206.0,0.3028,-0.0032,0.0,-0.1758,0.102,-0.0033
2026-09-23T17:54:02Z,2026-09-23 03:56:05,SPXW,2026-09-28,C,7050.0,7764.6401,710.2,2.0,734.2,2.0,598.25,0.0,7.0,0.0,0.9965,0.0,-0.1862,0.11,0.9609
2026-09-23T17:54:02Z,2026-09-23 03:56:05,SPXW,2026-09-28,P,7050.0,7764.6401,0.25,27.0,0.35,50.0,0.3,10.0,551.0,0.2936,-0.0035,0.0,-0.1862,0.11,-0.0036
2026-09-23T17:54:02Z,2026-09-23 03:56:05,SPXW,2026-09-28,C,7075.0,7764.6401,685.2,2.0,709.2,2.0,0.0,0.0,0.0,0.0,0.9962,0.0,-0.1979,0.1191,0.964
2026-09-23T17:54:02Z,2026-09-23 03:56:05,SPXW,2026-09-28,P,7075.0,7764.6401,0.25,90.0,0.35,23.0,0.42,21.0,78.0,0.2837,-0.0038,0.0,-0.1984,0.1195,-0.0039
2026-09-23T17:54:02Z,2026-09-23 03:56:05,SPXW,2026-09-28,C,7100.0,7764.6401,660.2,2.0,684.2,2.0,517.71,0.0,1.0,0.0,0.9958,0.0,-0.2106,0.1292,0.967
2026-09-23T17:54:02Z,2026-09-23 03:56:05,SPXW,2026-09-28,P,7100.0,7764.6401,0.3,26.0,0.4,50.0,0.35,15.0,1628.0,0.2785,-0.0042,0.0,-0.211,0.1296,-0.0043
2026-09-23T17:54:02Z,2026-09-23 03:56:05,SPXW,2026-09-28,C,7110.0,7764.6401,650.3,2.0,674.3,2.0,0.0,0.0,0.0,0.0,0.9956,0.0,-0.2159,0.1336,0.9683
2026-09-23T17:54:02Z,2026-09-23 03:56:05,SPXW,2026-09-28,P,7110.0,7764.6401,0.3,27.0,0.4,48.0,0.4,14.0,15.0,0.2746,-0.0043,0.0,-0.2164,0.134,-0.0045
2026-09-23T17:54:02Z,2026-09-23 03:56:05,SPXW,2026-09-28,C,7120.0,7764.6401,640.3,2.0,664.3,2.0,0.0,0.0,0.0,0.0,0.9955,0.0,-0.2214,0.1382,0.9695
2026-09-23T17:54:02Z,2026-09-23 03:56:05,SPXW,2026-09-28,P,7120.0,7764.6401,0.3,85.0,0.4,22.0,0.75,0.0,13.0,0.2711,-0.0045,0.0,-0.2214,0.1382,-0.0046
2026-09-23T17:54:02Z,2026-09-23 03:56:05,SPXW,2026-09-28,C,7125.0,7764.6401,635.3,2.0,659.3,2.0,0.0,0.0,0.0,0.0,0.9954,0.0,-0.2242,0.1405,0.9701
2026-09-23T17:54:02Z,2026-09-23 03:56:05,SPXW,2026-09-28,P,7125.0,7764.6401,0.3,87.0,0.4,22.0,0.4,3.0,526.0,0.269,-0.0046,0.0,-0.2244,0.1406,-0.0047
2026-09-23T17:54:02Z,2026-09-23 03:56:05,SPXW,2026-09-28,C,7130.0,7764.6401,630.3,2.0,654.3,2.0,0.0,0.0,0.0,0.0,0.9953,0.0,-0.227,0.1429,0.9707
2026-09-23T17:54:02Z,2026-09-23 03:56:05,SPXW,2026-09-28,P,7130.0,7764.6401,0.35,22.0,0.45,106.0,0.4,61.0,8.0,0.271,-0.0046,0.0,-0.2271,0.143,-0.0048
2026-09-23T17:54:02Z,2026-09-23 03:56:05,SPXW,2026-09-28,C,7140.0,7764.6401,620.3,2.0,644.3,2.0,0.0,0.0,0.0,0.0,0.9951,0.0,-0.2329,0.1479,0.9718
2026-09-23T17:54:02Z,2026-09-23 03:56:05,SPXW,2026-09-28,P,7140.0,7764.6401,0.35,24.0,0.45,49.0,0.4,1.0,12.0,0.2671,-0.0048,0.0,-0.233,0.148,-0.005
2026-09-23T17:54:02Z,2026-09-23 03:56:05,SPXW,2026-09-28,C,7150.0,7764.6401,610.3,2.0,634.3,2.0,611.72,0.0,21.0,0.0,0.995,0.0001,-0.2389,0.1531,0.973
2026-09-23T17:54:02Z,2026-09-23 03:56:05,SPXW,2026-09-28,P,7150.0,7764.6401,0.35,25.0,0.45,47.0,0.4,5.0,404.0,0.2631,-0.005,0.0001,-0.2391,0.1533,-0.0052
2026-09-23T17:54:02Z,2026-09-23 03:56:05,SPXW,2026-09-28,C,7160.0,7764.6401,600.2,2.0,624.2,2.0,0.0,0.0,0.0,0.0,0.9948,0.0001,-0.2451,0.1585,0.9742
2026-09-23T17:54:02Z,2026-09-23 03:56:05,SPXW,2026-09-28,P,7160.0,7764.6401,0.35,27.0,0.45,21.0,0.6,8.0,24.0,0.2592,-0.0052,0.0001,-0.2452,0.1586,-0.0054
2026-09-23T17:54:02Z,2026-09-23 03:56:05,SPXW,2026-09-28,C,7170.0,7764.6401,592.8,1.0,614.4,2.0,0.0,0.0,0.0,0.0,0.9946,0.0001,-0.2515,0.1642,0.9753
2026-09-23T17:54:02Z,2026-09-23 03:56:05,SPXW,2026-09-28,P,7170.0,7764.6401,0.35,85.0,0.5,103.0,0.3,18.0,43.0,0.2569,-0.0054,0.0001,-0.2518,0.1644,-0.0056
2026-09-23T17:54:02Z,2026-09-23 03:56:05,SPXW,2026-09-28,C,7175.0,7764.6401,587.8,1.0,609.4,2.0,575.52,0.0,6.0,0.0,0.9944,0.0001,-0.2548,0.1671,0.9759
2026-09-23T17:54:02Z,2026-09-23 03:56:05,SPXW,2026-09-28,P,7175.0,7764.6401,0.4,22.0,0.5,49.0,0.47,25.0,151.0,0.2566,-0.0055,0.0001,-0.2549,0.1672,-0.0057
2026-09-23T17:54:02Z,2026-09-23 03:56:05,SPXW,2026-09-28,C,7180.0,7764.6401,582.9,1.0,604.4,2.0,0.0,0.0,0.0,0.0,0.9943,0.0001,-0.2581,0.17,0.9765
2026-09-23T17:54:02Z,2026-09-23 03:56:05,SPXW,2026-09-28,P,7180.0,7764.6401,0.4,23.0,0.5,48.0,0.45,2.0,15.0,0.2546,-0.0056,0.0001,-0.2582,0.1701,-0.0058
2026-09-23T17:54:02Z,2026-09-23 03:56:05,SPXW,2026-09-28,C,7190.0,7764.6401,572.9,1.0,594.4,2.0,0.0,0.0,0.0,0.0,0.9941,0.0001,-0.265,0.1762,0.9776
2026-09-23T17:54:02Z,2026-09-23 03:56:05,SPXW,2026-09-28,P,7190.0,7764.6401,0.4,24.0,0.5,46.0,0.3,9.0,55.0,0.2507,-0.0058,0.0001,-0.2651,0.1762,-0.0061
2026-09-23T17:54:02Z,2026-09-23 03:56:05,SPXW,2026-09-28,C,7200.0,7764.6401,562.9,1.0,584.4,2.0,488.16,0.0,6.0,0.0,0.9939,0.0001,-0.272,0.1825,0.9787
2026-09-23T17:54:02Z,2026-09-23 03:56:05,SPXW,2026-09-28,P,7200.0,7764.6401,0.4,26.0,0.5,20.0,0.52,64.0,1181.0,0.2466,-0.0061,0.0001,-0.2722,0.1827,-0.0063
2026-09-23T17:54:02Z,2026-09-23 03:56:05,SPXW,2026-09-28,C,7210.0,7764.6401,552.9,1.0,574.4,2.0,0.0,0.0,0.0,0.0,0.9936,0.0001,-0.2794,0.1892,0.9798
2026-09-23T17:54:02Z,2026-09-23 03:56:05,SPXW,2026-09-28,P,7210.0,7764.6401,0.45,21.0,0.55,48.0,0.75,1.0,24.0,0.2456,-0.0063,0.0001,-0.2796,0.1894,-0.0066
2026-09-23T17:54:02Z,2026-09-23 03:56:05,SPXW,2026-09-28,C,7220.0,7764.6401,542.9,1.0,564.4,2.0,411.58,0.0,0.0,0.0,0.9934,0.0001,-0.2869,0.1961,0.9809
2026-09-23T17:54:02Z,2026-09-23 03:56:05,SPXW,2026-09-28,P,7220.0,7764.6401,0.45,23.0,0.55,46.0,0.75,1.0,95.0,0.2416,-0.0066,0.0001,-0.2872,0.1963,-0.0068
2026-09-23T17:54:02Z,2026-09-23 03:56:05,SPXW,2026-09-28,C,7225.0,7764.6401,537.9,1.0,559.4,2.0,413.47,0.0,1.0,0.0,0.9932,0.0001,-0.2908,0.1997,0.9815
2026-09-23T17:54:02Z,2026-09-23 03:56:05,SPXW,2026-09-28,P,7225.0,7764.6401,0.45,23.0,0.55,21.0,0.55,25.0,124.0,0.2396,-0.0067,0.0001,-0.291,0.1999,-0.007
2026-09-23T17:54:02Z,2026-09-23 03:56:05,SPXW,2026-09-28,C,7230.0,7764.6401,532.9,1.0,554.4,2.0,414.9,0.0,1.0,0.0,0.9931,0.0001,-0.2948,0.2034,0.982
2026-09-23T17:54:02Z,2026-09-23 03:56:05,SPXW,2026-09-28,P,7230.0,7764.6401,0.45,24.0,0.55,20.0,0.55,9.0,157.0,0.2375,-0.0069,0.0001,-0.2951,0.2038,-0.0071
2026-09-23T17:54:02Z,2026-09-23 03:56:05,SPXW,2026-09-28,C,7240.0,7764.6401,522.9,1.0,544.6,2.0,410.86,0.0,1.0,0.0,0.9928,0.0001,-0.3029,0.2111,0.9831
2026-09-23T17:54:02Z,2026-09-23 03:56:05,SPXW,2026-09-28,P,7240.0,7764.6401,0.45,76.0,0.6,48.0,0.58,16.0,39.0,0.2348,-0.0072,0.0001,-0.3032,0.2115,-0.0074
2026-09-23T17:54:02Z,2026-09-23 03:56:05,SPXW,2026-09-28,C,7250.0,7764.6401,512.9,1.0,534.6,2.0,380.8,0.0,3.0,0.0,0.9925,0.0001,-0.3112,0.2192,0.9841
2026-09-23T17:54:02Z,2026-09-23 03:56:05,SPXW,2026-09-28,P,7250.0,7764.6401,0.5,22.0,0.6,46.0,0.57,74.0,756.0,0.2321,-0.0075,0.0001,-0.3116,0.2196,-0.0078
2026-09-23T17:54:02Z,2026-09-23 03:56:05,SPXW,2026-09-28,C,7255.0,7764.6401,507.9,1.0,529.5,2.0,375.6,0.0,1.0,0.0,0.9923,0.0001,-0.3155,0.2234,0.9846
2026-09-23T17:54:02Z,2026-09-23 03:56:05,SPXW,2026-09-28,P,7255.0,7764.6401,0.5,23.0,0.6,21.0,1.05,0.0,8.0,0.2301,-0.0076,0.0001,-0.3158,0.2236,-0.0079
2026-09-23T17:54:02Z,2026-09-23 03:56:05,SPXW,2026-09-28,C,7260.0,7764.6401,503.0,1.0,524.6,2.0,0.0,0.0,0.0,0.0,0.9922,0.0001,-0.3199,0.2277,0.9852
2026-09-23T17:54:02Z,2026-09-23 03:56:05,SPXW,2026-09-28,P,7260.0,7764.6401,0.5,23.0,0.6,20.0,1.05,0.0,88.0,0.228,-0.0078,0.0001,-0.3203,0.2281,-0.0081
2026-09-23T17:54:02Z,2026-09-23 03:56:05,SPXW,2026-09-28,C,7265.0,7764.6401,498.0,1.0,519.6,2.0,0.0,0.0,0.0,0.0,0.992,0.0001,-0.3244,0.2321,0.9857
2026-09-23T17:54:02Z,2026-09-23 03:56:05,SPXW,2026-09-28,P,7265.0,7764.6401,0.5,24.0,0.6,19.0,1.15,0.0,6.0,0.226,-0.008,0.0001,-0.3248,0.2325,-0.0083
2026-09-23T17:54:02Z,2026-09-23 03:56:05,SPXW,2026-09-28,C,7270.0,7764.6401,493.0,1.0,514.6,2.0,0.0,0.0,0.0,0.0,0.9918,0.0001,-0.3289,0.2366,0.9862
2026-09-23T17:54:02Z,2026-09-23 03:56:05,SPXW,2026-09-28,P,7270.0,7764.6401,0.5,25.0,0.65,46.0,0.58,3.0,63.0,0.2251,-0.0082,0.0001,-0.3293,0.2371,-0.0084
2026-09-23T17:54:02Z,2026-09-23 03:56:05,SPXW,2026-09-28,C,7275.0,7764.6401,488.0,1.0,509.5,2.0,0.0,0.0,0.0,0.0,0.9916,0.0001,-0.3335,0.2413,0.9867
2026-09-23T17:54:02Z,2026-09-23 03:56:05,SPXW,2026-09-28,P,7275.0,7764.6401,0.55,20.0,0.65,45.0,0.65,14.0,280.0,0.2243,-0.0083,0.0001,-0.334,0.2417,-0.0086
2026-09-23T17:54:02Z,2026-09-23 03:56:05,SPXW,2026-09-28,C,7280.0,7764.6401,483.0,1.0,504.5,2.0,0.0,0.0,0.0,0.0,0.9914,0.0001,-0.3382,0.246,0.9872
2026-09-23T17:54:02Z,2026-09-23 03:56:05,SPXW,2026-09-28,P,7280.0,7764.6401,0.55,21.0,0.65,44.0,0.6,2.0,50.0,0.2222,-0.0085,0.0001,-0.3387,0.2465,-0.0088
2026-09-23T17:54:02Z,2026-09-23 03:56:05,SPXW,2026-09-28,C,7285.0,7764.6401,478.0,1.0,499.6,2.0,0.0,0.0,0.0,0.0,0.9913,0.0001,-0.343,0.2509,0.9876
2026-09-23T17:54:02Z,2026-09-23 03:56:05,SPXW,2026-09-28,P,7285.0,7764.6401,0.55,22.0,0.65,19.0,0.6,51.0,61.0,0.2202,-0.0087,0.0001,-0.3435,0.2514,-0.009
2026-09-23T17:54:02Z,2026-09-23 03:56:05,SPXW,2026-09-28,C,7290.0,7764.6401,473.0,1.0,494.6,2.0,0.0,0.0,0.0,0.0,0.9911,0.0001,-0.3479,0.2559,0.9881
2026-09-23T17:54:02Z,2026-09-23 03:56:05,SPXW,2026-09-28,P,7290.0,7764.6401,0.55,23.0,0.65,18.0,0.6,11.0,116.0,0.2181,-0.0089,0.0001,-0.3484,0.2564,-0.0092
2026-09-23T17:54:02Z,2026-09-23 03:56:05,SPXW,2026-09-28,C,7295.0,7764.6401,468.0,1.0,489.7,2.0,0.0,0.0,0.0,0.0,0.9909,0.0001,-0.3529,0.261,0.9886
2026-09-23T17:54:02Z,2026-09-23 03:56:05,SPXW,2026-09-28,P,7295.0,7764.6401,0.55,24.0,0.65,18.0,0.65,1.0,51.0,0.2161,-0.0091,0.0001,-0.3533,0.2614,-0.0094
2026-09-23T17:54:02Z,2026-09-23 03:56:05,SPXW,2026-09-28,C,7300.0,7764.6401,463.0,1.0,484.7,2.0,310.17,0.0,1.0,0.0,0.9907,0.0001,-0.358,0.2662,0.9891
2026-09-23T17:54:02Z,2026-09-23 03:56:05,SPXW,2026-09-28,P,7300.0,7764.6401,0.55,96.0,0.7,45.0,0.67,68.0,1084.0,0.2153,-0.0093,0.0001,-0.358,0.2662,-0.0096
2026-09-23T17:54:02Z,2026-09-23 03:56:05,SPXW,2026-09-28,C,7305.0,7764.6401,458.6,1.0,479.6,2.0,0.0,0.0,0.0,0.0,0.9904,0.0001,-0.3632,0.2716,0.9895
2026-09-23T17:54:02Z,2026-09-23 03:56:05,SPXW,2026-09-28,P,7305.0,7764.6401,0.6,20.0,0.7,43.0,0.65,9.0,233.0,0.2143,-0.0095,0.0001,-0.3632,0.2716,-0.0099
2026-09-23T17:54:02Z,2026-09-23 03:56:05,SPXW,2026-09-28,C,7310.0,7764.6401,453.6,1.0,474.6,2.0,0.0,0.0,0.0,0.0,0.9902,0.0001,-0.3685,0.2771,0.99
2026-09-23T17:54:02Z,2026-09-23 03:56:05,SPXW,2026-09-28,P,7310.0,7764.6401,0.6,21.0,0.7,19.0,0.65,1.0,39.0,0.2122,-0.0097,0.0001,-0.3685,0.2771,-0.0101
2026-09-23T17:54:02Z,2026-09-23 03:56:05,SPXW,2026-09-28,C,7315.0,7764.6401,448.6,1.0,469.7,2.0,0.0,0.0,0.0,0.0,0.99,0.0001,-0.3739,0.2827,0.9904
2026-09-23T17:54:02Z,2026-09-23 03:56:05,SPXW,2026-09-28,P,7315.0,7764.6401,0.6,23.0,0.7,18.0,0.65,1.0,129.0,0.2102,-0.01,0.0001,-0.3739,0.2827,-0.0103
2026-09-23T17:54:02Z,2026-09-23 03:56:05,SPXW,2026-09-28,C,7320.0,7764.6401,443.6,1.0,464.7,2.0,248.11,0.0,30.0,0.0,0.9898,0.0001,-0.3794,0.2885,0.9909
2026-09-23T17:54:02Z,2026-09-23 03:56:05,SPXW,2026-09-28,P,7320.0,7764.6401,0.6,23.0,0.75,44.0,0.7,1.0,91.0,0.2091,-0.0102,0.0001,-0.3794,0.2885,-0.0106
2026-09-23T17:54:02Z,2026-09-23 03:56:05,SPXW,2026-09-28,C,7325.0,7764.6401,438.6,1.0,459.7,2.0,312.59,0.0,1.0,0.0,0.9895,0.0001,-0.3851,0.2944,0.9913
2026-09-23T17:54:02Z,2026-09-23 03:56:05,SPXW,2026-09-28,P,7325.0,7764.6401,0.6,87.0,0.75,43.0,0.7,35.0,175.0,0.2069,-0.0104,0.0001,-0.3852,0.2945,-0.0108
2026-09-23T17:54:02Z,2026-09-23 03:56:05,SPXW,2026-09-28,C,7330.0,7764.6401,433.7,1.0,454.7,2.0,0.0,0.0,0.0,0.0,0.9893,0.0001,-0.3908,0.3005,0.9917
2026-09-23T17:54:02Z,2026-09-23 03:56:05,SPXW,2026-09-28,P,7330.0,7764.6401,0.65,21.0,0.75,19.0,0.7,17.0,137.0,0.2059,-0.0107,0.0001,-0.3908,0.3005,-0.0111
2026-09-23T17:54:02Z,2026-09-23 03:56:05,SPXW,2026-09-28,C,7335.0,7764.6401,428.7,1.0,449.6,2.0,0.0,0.0,0.0,0.0,0.989,0.0001,-0.3967,0.3068,0.9921
2026-09-23T17:54:02Z,2026-09-23 03:56:05,SPXW,2026-09-28,P,7335.0,7764.6401,0.65,21.0,0.75,18.0,0.7,1.0,194.0,0.2038,-0.0109,0.0001,-0.3967,0.3068,-0.0114
2026-09-23T17:54:02Z,2026-09-23 03:56:05,SPXW,2026-09-28,C,7340.0,7764.6401,423.7,1.0,444.8,2.0,293.62,0.0,3.0,0.0,0.9888,0.0001,-0.4028,0.3132,0.9926
2026-09-23T17:54:02Z,2026-09-23 03:56:05,SPXW,2026-09-28,P,7340.0,7764.6401,0.65,22.0,0.75,17.0,0.7,49.0,134.0,0.2016,-0.0112,0.0001,-0.4029,0.3134,-0.0116
2026-09-23T17:54:02Z,2026-09-23 03:56:05,SPXW,2026-09-28,C,7345.0,7764.6401,418.8,1.0,439.7,2.0,0.0,0.0,0.0,0.0,0.9885,0.0001,-0.4089,0.3199,0.993
2026-09-23T17:54:02Z,2026-09-23 03:56:05,SPXW,2026-09-28,P,7345.0,7764.6401,0.65,47.0,0.8,42.0,0.75,11.0,40.0,0.2005,-0.0115,0.0001,-0.4089,0.3199,-0.0119
2026-09-23T17:54:02Z,2026-09-23 03:56:05,SPXW,2026-09-28,C,7350.0,7764.6401,413.7,1.0,434.8,2.0,388.64,0.0,8.0,0.0,0.9882,0.0002,-0.4152,0.3268,0.9933
2026-09-23T17:54:02Z,2026-09-23 03:56:05,SPXW,2026-09-28,P,7350.0,7764.6401,0.7,20.0,0.8,18.0,0.8,60.0,416.0,0.1993,-0.0117,0.0002,-0.4152,0.3268,-0.0122
2026-09-23T17:54:02Z,2026-09-23 03:56:05,SPXW,2026-09-28,C,7355.0,7764.6401,408.8,1.0,429.9,2.0,0.0,0.0,0.0,0.0,0.9879,0.0002,-0.4217,0.3339,0.9937
2026-09-23T17:54:02Z,2026-09-23 03:56:05,SPXW,2026-09-28,P,7355.0,7764.6401,0.7,21.0,0.8,17.0,0.75,7.0,53.0,0.1971,-0.012,0.0002,-0.4218,0.3341,-0.0125
2026-09-23T17:54:02Z,2026-09-23 03:56:05,SPXW,2026-09-28,C,7360.0,7764.6401,403.8,1.0,424.8,2.0,345.16,0.0,1.0,0.0,0.9876,0.0002,-0.4283,0.3412,0.9941
2026-09-23T17:54:02Z,2026-09-23 03:56:05,SPXW,2026-09-28,P,7360.0,7764.6401,0.7,22.0,0.85,42.0,0.75,8.0,147.0,0.1959,-0.0123,0.0002,-0.4285,0.3414,-0.0128
2026-09-23T17:54:02Z,2026-09-23 03:56:05,SPXW,2026-09-28,C,7365.0,7764.6401,398.8,1.0,419.8,2.0,0.0,0.0,9.0,0.0,0.9873,0.0002,-0.4351,0.3488,0.9945
2026-09-23T17:54:02Z,2026-09-23 03:56:05,SPXW,2026-09-28,P,7365.0,7764.6401,0.75,19.0,0.85,41.0,0.75,7.0,52.0,0.1946,-0.0127,0.0002,-0.4352,0.349,-0.0132
2026-09-23T17:54:02Z,2026-09-23 03:56:05,SPXW,2026-09-28,C,7370.0,7764.6401,393.8,1.0,414.7,2.0,0.0,0.0,0.0,0.0,0.987,0.0002,-0.442,0.3566,0.9948
2026-09-23T17:54:02Z,2026-09-23 03:56:05,SPXW,2026-09-28,P,7370.0,7764.6401,0.75,20.0,0.85,16.0,0.8,10.0,123.0,0.1925,-0.013,0.0002,-0.4422,0.3568,-0.0135
2026-09-23T17:54:02Z,2026-09-23 03:56:05,SPXW,2026-09-28,C,7375.0,7764.6401,388.8,1.0,409.8,2.0,0.0,0.0,0.0,0.0,0.9866,0.0002,-0.4491,0.3647,0.9951
2026-09-23T17:54:02Z,2026-09-23 03:56:05,SPXW,2026-09-28,P,7375.0,7764.6401,0.75,22.0,0.9,41.0,0.8,15.0,311.0,0.1911,-0.0133,0.0002,-0.4493,0.3649,-0.0138
2026-09-23T17:54:02Z,2026-09-23 03:56:05,SPXW,2026-09-28,C,7380.0,7764.6401,383.9,1.0,404.9,2.0,261.93,0.0,1.0,0.0,0.9863,0.0002,-0.4564,0.373,0.9955
2026-09-23T17:54:02Z,2026-09-23 03:56:05,SPXW,2026-09-28,P,7380.0,7764.6401,0.8,19.0,0.9,39.0,0.85,11.0,115.0,0.1898,-0.0137,0.0002,-0.4566,0.3732,-0.0142
2026-09-23T17:54:02Z,2026-09-23 03:56:05,SPXW,2026-09-28,C,7385.0,7764.6401,378.9,1.0,399.9,2.0,341.39,0.0,1.0,0.0,0.9859,0.0002,-0.464,0.3816,0.9958
2026-09-23T17:54:02Z,2026-09-23 03:56:05,SPXW,2026-09-28,P,7385.0,7764.6401,0.8,20.0,0.9,16.0,0.85,37.0,115.0,0.1876,-0.014,0.0002,-0.4642,0.3818,-0.0146
2026-09-23T17:54:02Z,2026-09-23 03:56:05,SPXW,2026-09-28,C,7390.0,7764.6401,373.9,1.0,395.0,2.0,0.0,0.0,0.0,0.0,0.9856,0.0002,-0.4717,0.3904,0.996
2026-09-23T17:54:02Z,2026-09-23 03:56:05,SPXW,2026-09-28,P,7390.0,7764.6401,0.8,21.0,0.95,40.0,0.84,32.0,286.0,0.1862,-0.0144,0.0002,-0.4719,0.3906,-0.015
2026-09-23T17:54:02Z,2026-09-23 03:56:05,SPXW,2026-09-28,C,7395.0,7764.6401,368.9,1.0,389.9,2.0,0.0,0.0,0.0,0.0,0.9852,0.0002,-0.4796,0.3995,0.9963
2026-09-23T17:54:02Z,2026-09-23 03:56:05,SPXW,2026-09-28,P,7395.0,7764.6401,0.85,20.0,0.95,38.0,0.9,12.0,50.0,0.1848,-0.0148,0.0002,-0.4798,0.3997,-0.0154
2026-09-23T17:54:02Z,2026-09-23 03:56:05,SPXW,2026-09-28,C,7400.0,7764.6401,363.9,1.0,385.0,2.0,366.17,0.0,5.0,0.0,0.9848,0.0002,-0.4878,0.4089,0.9966
2026-09-23T17:54:02Z,2026-09-23 03:56:05,SPXW,2026-09-28,P,7400.0,7764.6401,0.85,24.0,0.95,21.0,0.85,101.0,564.0,0.1826,-0.0152,0.0002,-0.488,0.4091,-0.0158
2026-09-23T17:54:02Z,2026-09-23 03:56:05,SPXW,2026-09-28,C,7405.0,7764.6401,358.9,1.0,380.0,2.0,216.75,0.0,0.0,0.0,0.9844,0.0002,-0.4963,0.4185,0.9968
2026-09-23T17:54:02Z,2026-09-23 03:56:05,SPXW,2026-09-28,P,7405.0,7764.6401,0.85,19.0,1.0,40.0,0.95,11.0,104.0,0.1812,-0.0156,0.0002,-0.4965,0.4188,-0.0163
2026-09-23T17:54:02Z,2026-09-23 03:56:05,SPXW,2026-09-28,C,7410.0,7764.6401,353.9,1.0,374.8,2.0,0.0,0.0,0.0,0.0,0.9839,0.0002,-0.505,0.4286,0.997
2026-09-23T17:54:02Z,2026-09-23 03:56:05,SPXW,2026-09-28,P,7410.0,7764.6401,0.9,21.0,1.0,38.0,0.95,37.0,169.0,0.1797,-0.016,0.0002,-0.5052,0.4288,-0.0167
2026-09-23T17:54:02Z,2026-09-23 03:56:05,SPXW,2026-09-28,C,7415.0,7764.6401,348.9,1.0,369.8,2.0,180.7,0.0,2.0,0.0,0.9835,0.0002,-0.514,0.4389,0.9972
2026-09-23T17:54:02Z,2026-09-23 03:56:05,SPXW,2026-09-28,P,7415.0,7764.6401,0.9,27.0,1.05,43.0,0.9,82.0,3045.0,0.1782,-0.0165,0.0002,-0.5142,0.4392,-0.0172
2026-09-23T17:54:02Z,2026-09-23 03:56:05,SPXW,2026-09-28,C,7420.0,7764.6401,343.9,1.0,365.1,2.0,362.65,1.0,31.0,0.0,0.983,0.0002,-0.5232,0.4496,0.9974
2026-09-23T17:54:02Z,2026-09-23 03:56:05,SPXW,2026-09-28,P,7420.0,7764.6401,0.95,16.0,1.05,37.0,0.99,26.0,147.0,0.1766,-0.017,0.0002,-0.5235,0.4499,-0.0177
2026-09-23T17:54:02Z,2026-09-23 03:56:05,SPXW,2026-09-28,C,7425.0,7764.6401,339.0,1.0,360.1,2.0,302.21,0.0,2.0,0.0,0.9825,0.0002,-0.5328,0.4608,0.9976
2026-09-23T17:54:02Z,2026-09-23 03:56:05,SPXW,2026-09-28,P,7425.0,7764.6401,0.95,22.0,1.1,38.0,1.0,23.0,503.0,0.175,-0.0175,0.0002,-0.5331,0.4611,-0.0182
2026-09-23T17:54:02Z,2026-09-23 03:56:05,SPXW,2026-09-28,C,7430.0,7764.6401,334.0,1.0,354.9,2.0,0.0,0.0,0.0,0.0,0.982,0.0003,-0.5428,0.4724,0.9977
2026-09-23T17:54:02Z,2026-09-23 03:56:05,SPXW,2026-09-28,P,7430.0,7764.6401,1.0,16.0,1.1,37.0,1.0,25.0,199.0,0.1735,-0.018,0.0003,-0.543,0.4727,-0.0188
2026-09-23T17:54:02Z,2026-09-23 03:56:05,SPXW,2026-09-28,C,7435.0,7764.6401,329.0,1.0,350.2,2.0,228.6,0.0,2.0,0.0,0.9814,0.0003,-0.553,0.4845,0.9978
2026-09-23T17:54:02Z,2026-09-23 03:56:05,SPXW,2026-09-28,P,7435.0,7764.6401,1.0,21.0,1.15,36.0,1.1,71.0,62.0,0.1718,-0.0186,0.0003,-0.5533,0.4848,-0.0194
2026-09-23T17:54:02Z,2026-09-23 03:56:05,SPXW,2026-09-28,C,7440.0,7764.6401,324.0,1.0,345.3,2.0,324.06,1.0,1.0,0.0,0.9809,0.0003,-0.5636,0.497,0.9979
2026-09-23T17:54:02Z,2026-09-23 03:56:05,SPXW,2026-09-28,P,7440.0,7764.6401,1.05,16.0,1.15,36.0,1.1,61.0,211.0,0.1702,-0.0191,0.0003,-0.5639,0.4974,-0.0199
2026-09-23T17:54:02Z,2026-09-23 03:56:05,SPXW,2026-09-28,C,7445.0,7764.6401,319.1,1.0,340.2,2.0,208.27,0.0,2.0,0.0,0.9803,0.0003,-0.5747,0.5102,0.998
2026-09-23T17:54:02Z,2026-09-23 03:56:05,SPXW,2026-09-28,P,7445.0,7764.6401,1.05,20.0,1.2,35.0,1.09,20.0,190.0,0.1686,-0.0197,0.0003,-0.5747,0.5102,-0.0205
2026-09-23T17:54:02Z,2026-09-23 03:56:05,SPXW,2026-09-28,C,7450.0,7764.6401,314.1,1.0,335.3,2.0,332.7,1.0,25.0,0.0,0.9796,0.0003,-0.5861,0.5238,0.998
2026-09-23T17:54:02Z,2026-09-23 03:56:05,SPXW,2026-09-28,P,7450.0,7764.6401,1.1,25.0,1.2,39.0,1.15,362.0,1138.0,0.1669,-0.0203,0.0003,-0.5861,0.5238,-0.0212
2026-09-23T17:54:02Z,2026-09-23 03:56:05,SPXW,2026-09-28,C,7455.0,7764.6401,309.1,1.0,330.4,2.0,0.0,0.0,0.0,0.0,0.979,0.0003,-0.598,0.538,0.998
2026-09-23T17:54:02Z,2026-09-23 03:56:05,SPXW,2026-09-28,P,7455.0,7764.6401,1.15,15.0,1.25,35.0,1.15,73.0,313.0,0.1658,-0.021,0.0003,-0.598,0.538,-0.0219
2026-09-23T17:54:02Z,2026-09-23 03:56:05,SPXW,2026-09-28,C,7460.0,7764.6401,304.1,1.0,325.3,2.0,314.57,2.0,17.0,0.0,0.9783,0.0003,-0.6103,0.5527,0.998
2026-09-23T17:54:02Z,2026-09-23 03:56:05,SPXW,2026-09-28,P,7460.0,7764.6401,1.15,19.0,1.3,35.0,1.2,152.0,134.0,0.164,-0.0216,0.0003,-0.6103,0.5527,-0.0226
2026-09-23T17:54:02Z,2026-09-23 03:56:05,SPXW,2026-09-28,C,7465.0,7764.6401,299.2,1.0,320.4,2.0,190.28,0.0,3.0,0.0,0.9776,0.0003,-0.6232,0.5681,0.9979
2026-09-23T17:54:02Z,2026-09-23 03:56:05,SPXW,2026-09-28,P,7465.0,7764.6401,1.2,16.0,1.3,21.0,1.25,42.0,129.0,0.1623,-0.0224,0.0003,-0.6232,0.5681,-0.0233
2026-09-23T17:54:02Z,2026-09-23 03:56:05,SPXW,2026-09-28,C,7470.0,7764.6401,294.2,1.0,315.3,2.0,185.88,0.0,5.0,0.0,0.9768,0.0004,-0.6366,0.584,0.9978
2026-09-23T17:54:02Z,2026-09-23 03:56:05,SPXW,2026-09-28,P,7470.0,7764.6401,1.25,15.0,1.35,34.0,1.25,11.0,106.0,0.1609,-0.0231,0.0004,-0.6369,0.5844,-0.0242
2026-09-23T17:54:02Z,2026-09-23 03:56:05,SPXW,2026-09-28,C,7475.0,7764.6401,289.5,1.0,310.2,2.0,174.47,0.0,5.0,0.0,0.976,0.0004,-0.6505,0.6006,0.9976
2026-09-23T17:54:02Z,2026-09-23 03:56:05,SPXW,2026-09-28,P,7475.0,7764.6401,1.3,19.0,1.4,38.0,1.3,134.0,450.0,0.1596,-0.0239,0.0004,-0.6509,0.601,-0.025
2026-09-23T17:54:02Z,2026-09-23 03:56:05,SPXW,2026-09-28,C,7480.0,7764.6401,284.3,1.0,305.5,2.0,286.24,4.0,41.0,0.0,0.9752,0.0004,-0.6651,0.6179,0.9974
2026-09-23T17:54:02Z,2026-09-23 03:56:05,SPXW,2026-09-28,P,7480.0,7764.6401,1.3,19.0,1.45,33.0,1.35,30.0,175.0,0.1578,-0.0248,0.0004,-0.6654,0.6183,-0.0259
2026-09-23T17:54:02Z,2026-09-23 03:56:05,SPXW,2026-09-28,C,7485.0,7764.6401,279.4,1.0,300.4,2.0,290.69,0.0,6.0,0.0,0.9743,0.0004,-0.6803,0.6359,0.9972
2026-09-23T17:54:02Z,2026-09-23 03:56:05,SPXW,2026-09-28,P,7485.0,7764.6401,1.35,19.0,1.5,33.0,1.45,25.0,158.0,0.1564,-0.0256,0.0004,-0.6807,0.6364,-0.0268
2026-09-23T17:54:02Z,2026-09-23 03:56:05,SPXW,2026-09-28,C,7490.0,7764.6401,274.4,1.0,295.7,2.0,269.4,0.0,10.0,0.0791,0.9734,0.0004,-0.6962,0.6547,0.9969
2026-09-23T17:54:02Z,2026-09-23 03:56:05,SPXW,2026-09-28,P,7490.0,7764.6401,1.4,22.0,1.55,36.0,1.4,50.0,232.0,0.1549,-0.0266,0.0004,-0.6966,0.6552,-0.0278
2026-09-23T17:54:02Z,2026-09-23 03:56:05,SPXW,2026-09-28,C,7495.0,7764.6401,269.4,1.0,290.6,2.0,152.38,0.0,6.0,0.0,0.9724,0.0004,-0.7128,0.6745,0.9966
2026-09-23T17:54:02Z,2026-09-23 03:56:05,SPXW,2026-09-28,P,7495.0,7764.6401,1.45,18.0,1.6,32.0,1.45,10.0,231.0,0.1535,-0.0275,0.0004,-0.7128,0.6745,-0.0288
2026-09-23T17:54:02Z,2026-09-23 03:56:05,SPXW,2026-09-28,C,7500.0,7764.6401,264.4,1.0,285.7,2.0,144.91,0.0,45.0,0.0,0.9714,0.0004,-0.7301,0.6952,0.9962
2026-09-23T17:54:02Z,2026-09-23 03:56:05,SPXW,2026-09-28,P,7500.0,7764.6401,1.5,21.0,1.65,35.0,1.6,168.0,1421.0,0.152,-0.0286,0.0004,-0.7301,0.6952,-0.0299
2026-09-23T17:54:02Z,2026-09-23 03:56:05,SPXW,2026-09-28,C,7505.0,7764.6401,259.5,1.0,280.8,2.0,120.46,0.0,2.0,0.104,0.9703,0.0005,-0.7483,0.7169,0.9957
2026-09-23T17:54:02Z,2026-09-23 03:56:05,SPXW,2026-09-28,P,7505.0,7764.6401,1.55,17.0,1.7,31.0,1.55,40.0,306.0,0.1504,-0.0297,0.0005,-0.7483,0.7169,-0.031
2026-09-23T17:54:02Z,2026-09-23 03:56:05,SPXW,2026-09-28,C,7510.0,7764.6401,254.6,1.0,275.8,2.0,92.82,0.0,20.0,0.1066,0.9691,0.0005,-0.7673,0.7397,0.9952
2026-09-23T17:54:02Z,2026-09-23 03:56:05,SPXW,2026-09-28,P,7510.0,7764.6401,1.6,17.0,1.75,30.0,1.65,77.0,239.0,0.1488,-0.0308,0.0005,-0.7673,0.7397,-0.0323
2026-09-23T17:54:02Z,2026-09-23 03:56:05,SPXW,2026-09-28,C,7515.0,7764.6401,249.6,1.0,270.9,2.0,89.67,0.0,8.0,0.1082,0.9679,0.0005,-0.7871,0.7636,0.9946
2026-09-23T17:54:02Z,2026-09-23 03:56:05,SPXW,2026-09-28,P,7515.0,7764.6401,1.7,13.0,1.8,30.0,1.7,458.0,901.0,0.1475,-0.0321,0.0005,-0.7871,0.7636,-0.0336
2026-09-23T17:54:02Z,2026-09-23 03:56:05,SPXW,2026-09-28,C,7520.0,7764.6401,244.7,1.0,266.0,2.0,147.83,0.0,14.0,0.1116,0.9666,0.0005,-0.808,0.7886,0.9939
2026-09-23T17:54:02Z,2026-09-23 03:56:05,SPXW,2026-09-28,P,7520.0,7764.6401,1.75,16.0,1.9,30.0,1.65,48.0,598.0,0.1462,-0.0334,0.0005,-0.808,0.7886,-0.0349
2026-09-23T17:54:02Z,2026-09-23 03:56:05,SPXW,2026-09-28,C,7525.0,7764.6401,239.8,1.0,261.0,2.0,126.93,0.0,16.0,0.1117,0.9652,0.0005,-0.8298,0.8147,0.9931
2026-09-23T17:54:02Z,2026-09-23 03:56:05,SPXW,2026-09-28,P,7525.0,7764.6401,1.8,20.0,1.95,33.0,1.73,52.0,260.0,0.1445,-0.0347,0.0005,-0.8298,0.8147,-0.0364
2026-09-23T17:54:02Z,2026-09-23 03:56:05,SPXW,2026-09-28,C,7530.0,7764.6401,234.8,1.0,256.2,2.0,241.03,1.0,21.0,0.1134,0.9638,0.0006,-0.8527,0.8419,0.9922
2026-09-23T17:54:02Z,2026-09-23 03:56:05,SPXW,2026-09-28,P,7530.0,7764.6401,1.9,12.0,2.0,12.0,1.92,75.0,125.0,0.1431,-0.0362,0.0006,-0.8527,0.8419,-0.038
2026-09-23T17:54:02Z,2026-09-23 03:56:05,SPXW,2026-09-28,C,7535.0,7764.6401,229.9,1.0,251.3,2.0,195.71,0.0,3.0,0.1144,0.9622,0.0006,-0.8767,0.8703,0.9912
2026-09-23T17:54:02Z,2026-09-23 03:56:05,SPXW,2026-09-28,P,7535.0,7764.6401,1.95,18.0,2.1,31.0,1.85,43.0,371.0,0.1416,-0.0378,0.0006,-0.8767,0.8703,-0.0396
2026-09-23T17:54:02Z,2026-09-23 03:56:05,SPXW,2026-09-28,C,7540.0,7764.6401,225.0,1.0,246.2,2.0,231.18,1.0,24.0,0.1122,0.9606,0.0006,-0.9018,0.9001,0.9902
2026-09-23T17:54:02Z,2026-09-23 03:56:05,SPXW,2026-09-28,P,7540.0,7764.6401,2.05,15.0,2.2,30.0,2.1,53.0,518.0,0.1404,-0.0394,0.0006,-0.9018,0.9001,-0.0414
2026-09-23T17:54:02Z,2026-09-23 03:56:05,SPXW,2026-09-28,C,7545.0,7764.6401,220.1,1.0,241.4,2.0,121.9,0.0,18.0,0.114,0.9588,0.0006,-0.9282,0.9314,0.989
2026-09-23T17:54:02Z,2026-09-23 03:56:05,SPXW,2026-09-28,P,7545.0,7764.6401,2.1,17.0,2.25,14.0,2.15,107.0,487.0,0.1385,-0.0412,0.0006,-0.9282,0.9314,-0.0432
2026-09-23T17:54:02Z,2026-09-23 03:56:05,SPXW,2026-09-28,C,7550.0,7764.6401,215.2,1.0,236.6,2.0,221.57,5.0,66.0,0.1152,0.9569,0.0007,-0.9559,0.9644,0.9877
2026-09-23T17:54:02Z,2026-09-23 03:56:05,SPXW,2026-09-28,P,7550.0,7764.6401,2.2,17.0,2.35,14.0,2.25,399.0,913.0,0.1372,-0.043,0.0007,-0.9559,0.9644,-0.0452
2026-09-23T17:54:02Z,2026-09-23 03:56:05,SPXW,2026-09-28,C,7555.0,7764.6401,210.3,1.0,231.6,2.0,101.77,0.0,10.0,0.114,0.955,0.0007,-0.9848,0.9991,0.9864
2026-09-23T17:54:02Z,2026-09-23 03:56:05,SPXW,2026-09-28,P,7555.0,7764.6401,2.35,9.0,2.45,10.0,2.35,97.0,178.0,0.1361,-0.045,0.0007,-0.9848,0.9991,-0.0472
2026-09-23T17:54:02Z,2026-09-23 03:56:05,SPXW,2026-09-28,C,7560.0,7764.6401,205.4,1.0,226.1,1.0,97.87,0.0,13.0,0.1073,0.9528,0.0008,-1.0151,1.0355,0.9848
2026-09-23T17:54:02Z,2026-09-23 03:56:05,SPXW,2026-09-28,P,7560.0,7764.6401,2.45,9.0,2.55,10.0,2.45,91.0,256.0,0.1346,-0.0471,0.0008,-1.0151,1.0355,-0.0494
2026-09-23T17:54:02Z,2026-09-23 03:56:05,SPXW,2026-09-28,C,7565.0,7764.6401,200.5,1.0,219.9,1.0,183.91,0.0,27.0,0.0838,0.9506,0.0008,-1.0468,1.0735,0.9831
2026-09-23T17:54:02Z,2026-09-23 03:56:05,SPXW,2026-09-28,P,7565.0,7764.6401,2.55,9.0,2.7,21.0,2.5,17.0,157.0,0.1333,-0.0494,0.0008,-1.0468,1.0735,-0.0518
2026-09-23T17:54:02Z,2026-09-23 03:56:05,SPXW,2026-09-28,C,7570.0,7764.6401,197.6,1.0,215.2,1.0,106.11,0.0,15.0,0.1148,0.9482,0.0008,-1.08,1.1132,0.9812
2026-09-23T17:54:02Z,2026-09-23 03:56:05,SPXW,2026-09-28,P,7570.0,7764.6401,2.65,18.0,2.8,7.0,2.61,79.0,203.0,0.1318,-0.0517,0.0008,-1.08,1.1132,-0.0544
2026-09-23T17:54:02Z,2026-09-23 03:56:05,SPXW,2026-09-28,C,7575.0,7764.6401,192.7,1.0,210.3,2.0,203.65,1.0,453.0,0.1138,0.9457,0.0009,-1.1148,1.1545,0.9792
2026-09-23T17:54:02Z,2026-09-23 03:56:05,SPXW,2026-09-28,P,7575.0,7764.6401,2.8,8.0,2.9,7.0,2.75,307.0,410.0,0.1304,-0.0543,0.0009,-1.1148,1.1545,-0.0571
2026-09-23T17:54:02Z,2026-09-23 03:56:05,SPXW,2026-09-28,C,7580.0,7764.6401,187.9,1.0,205.3,2.0,188.0,0.0,40.0,0.1128,0.943,0.0009,-1.1511,1.1977,0.977
2026-09-23T17:54:02Z,2026-09-23 03:56:05,SPXW,2026-09-28,P,7580.0,7764.6401,2.95,8.0,3.1,23.0,2.65,98.0,271.0,0.1291,-0.057,0.0009,-1.1511,1.1977,-0.06
2026-09-23T17:54:02Z,2026-09-23 03:56:05,SPXW,2026-09-28,C,7585.0,7764.6401,183.0,1.0,200.8,2.0,131.4,0.0,43.0,0.1141,0.9401,0.001,-1.1891,1.2429,0.9746
2026-09-23T17:54:02Z,2026-09-23 03:56:05,SPXW,2026-09-28,P,7585.0,7764.6401,3.0,16.0,3.2,7.0,3.3,106.0,127.0,0.1274,-0.0599,0.001,-1.1891,1.2429,-0.0631
2026-09-23T17:54:02Z,2026-09-23 03:56:05,SPXW,2026-09-28,C,7590.0,7764.6401,178.2,1.0,196.0,2.0,123.0,0.0,52.0,0.1139,0.937,0.001,-1.2287,1.2905,0.9721
2026-09-23T17:54:02Z,2026-09-23 03:56:05,SPXW,2026-09-28,P,7590.0,7764.6401,3.2,15.0,3.4,19.0,2.87,40.0,210.0,0.1264,-0.063,0.001,-1.2287,1.2905,-0.0663
2026-09-23T17:54:02Z,2026-09-23 03:56:05,SPXW,2026-09-28,C,7595.0,7764.6401,173.3,1.0,191.2,2.0,86.23,0.0,23.0,0.1129,0.9337,0.0011,-1.27,1.3404,0.9693
2026-09-23T17:54:02Z,2026-09-23 03:56:05,SPXW,2026-09-28,P,7595.0,7764.6401,3.4,8.0,3.6,41.0,3.53,47.0,84.0,0.1253,-0.0662,0.0011,-1.27,1.3404,-0.0697
2026-09-23T17:54:02Z,2026-09-23 03:56:05,SPXW,2026-09-28,C,7600.0,7764.6401,178.0,4.0,179.3,3.0,167.45,5.0,443.0,0.1225,0.9302,0.0011,-1.3129,1.3925,0.9663
2026-09-23T17:54:02Z,2026-09-23 03:56:05,SPXW,2026-09-28,P,7600.0,7764.6401,3.5,18.0,3.7,9.0,3.5,643.0,2117.0,0.1234,-0.0697,0.0011,-1.3129,1.3925,-0.0734
2026-09-23T17:54:02Z,2026-09-23 03:56:05,SPXW,2026-09-28,C,7605.0,7764.6401,163.7,1.0,181.3,2.0,177.56,0.0,42.0,0.1102,0.9265,0.0012,-1.3576,1.4467,0.963
2026-09-23T17:54:02Z,2026-09-23 03:56:05,SPXW,2026-09-28,P,7605.0,7764.6401,3.7,15.0,3.9,6.0,3.4,152.0,216.0,0.1221,-0.0734,0.0012,-1.3576,1.4467,-0.0774
2026-09-23T17:54:02Z,2026-09-23 03:56:05,SPXW,2026-09-28,C,7610.0,7764.6401,158.9,1.0,176.6,2.0,163.71,1.0,38.0,0.1099,0.9226,0.0012,-1.4041,1.5028,0.9594
2026-09-23T17:54:02Z,2026-09-23 03:56:05,SPXW,2026-09-28,P,7610.0,7764.6401,3.9,15.0,4.1,6.0,3.5,1259.0,240.0,0.1208,-0.0774,0.0012,-1.4041,1.5028,-0.0817
2026-09-23T17:54:02Z,2026-09-23 03:56:05,SPXW,2026-09-28,C,7615.0,7764.6401,154.1,1.0,171.8,2.0,145.87,0.0,88.0,0.1089,0.9183,0.0013,-1.4524,1.561,0.9556
2026-09-23T17:54:02Z,2026-09-23 03:56:05,SPXW,2026-09-28,P,7615.0,7764.6401,4.1,14.0,4.3,18.0,4.1,207.0,176.0,0.1194,-0.0816,0.0013,-1.4524,1.561,-0.0862
2026-09-23T17:54:02Z,2026-09-23 03:56:05,SPXW,2026-09-28,C,7620.0,7764.6401,149.4,1.0,167.1,2.0,164.96,8.0,91.0,0.1086,0.9138,0.0014,-1.5024,1.6218,0.9515
2026-09-23T17:54:02Z,2026-09-23 03:56:05,SPXW,2026-09-28,P,7620.0,7764.6401,4.4,7.0,4.6,17.0,4.6,183.0,226.0,0.1185,-0.0861,0.0014,-1.5024,1.6218,-0.091
2026-09-23T17:54:02Z,2026-09-23 03:56:05,SPXW,2026-09-28,C,7625.0,7764.6401,144.6,1.0,162.5,2.0,150.55,5.0,137.0,0.1081,0.909,0.0014,-1.5542,1.6854,0.9471
2026-09-23T17:54:02Z,2026-09-23 03:56:05,SPXW,2026-09-28,P,7625.0,7764.6401,4.6,15.0,4.8,19.0,4.6,167.0,436.0,0.1169,-0.0909,0.0014,-1.5542,1.6854,-0.096
2026-09-23T17:54:02Z,2026-09-23 03:56:05,SPXW,2026-09-28,C,7630.0,7764.6401,139.9,1.0,157.5,1.0,138.98,323.0,689.0,0.1064,0.9039,0.0015,-1.6077,1.7518,0.9424
2026-09-23T17:54:02Z,2026-09-23 03:56:05,SPXW,2026-09-28,P,7630.0,7764.6401,4.9,15.0,5.1,19.0,5.15,261.0,342.0,0.1158,-0.096,0.0015,-1.6077,1.7518,-0.1015
2026-09-23T17:54:02Z,2026-09-23 03:56:05,SPXW,2026-09-28,C,7635.0,7764.6401,135.2,1.0,152.6,2.0,147.08,16.0,72.0,0.1049,0.8985,0.0016,-1.663,1.8204,0.9372
2026-09-23T17:54:02Z,2026-09-23 03:56:05,SPXW,2026-09-28,P,7635.0,7764.6401,5.2,6.0,5.4,15.0,4.77,109.0,772.0,0.1146,-0.1015,0.0016,-1.663,1.8204,-0.1073
2026-09-23T17:54:02Z,2026-09-23 03:56:05,SPXW,2026-09-28,C,7640.0,7764.6401,130.5,1.0,148.4,2.0,141.11,15.0,180.0,0.1056,0.8926,0.0017,-1.7199,1.891,0.9316
2026-09-23T17:54:02Z,2026-09-23 03:56:05,SPXW,2026-09-28,P,7640.0,7764.6401,5.5,11.0,5.7,15.0,5.8,1191.0,214.0,0.1133,-0.1073,0.0017,-1.7199,1.891,-0.1136
2026-09-23T17:54:02Z,2026-09-23 03:56:05,SPXW,2026-09-28,C,7645.0,7764.6401,125.9,1.0,143.8,2.0,146.88,4.0,63.0,0.1051,0.8864,0.0018,-1.7786,1.9637,0.9256
2026-09-23T17:54:02Z,2026-09-23 03:56:05,SPXW,2026-09-28,P,7645.0,7764.6401,5.8,11.0,6.0,14.0,5.5,206.0,122.0,0.1119,-0.1135,0.0018,-1.7786,1.9637,-0.1203
2026-09-23T17:54:02Z,2026-09-23 03:56:05,SPXW,2026-09-28,C,7650.0,7764.6401,130.6,3.0,132.0,3.0,120.75,3.0,410.0,0.1101,0.8798,0.0018,-1.8389,2.0391,0.9194
2026-09-23T17:54:02Z,2026-09-23 03:56:05,SPXW,2026-09-28,P,7650.0,7764.6401,6.2,7.0,6.4,15.0,6.4,186.0,971.0,0.1109,-0.1201,0.0018,-1.8389,2.0391,-0.1272
2026-09-23T17:54:02Z,2026-09-23 03:56:05,SPXW,2026-09-28,C,7655.0,7764.6401,116.6,1.0,134.6,2.0,130.27,2.0,95.0,0.1033,0.8728,0.002,-1.9007,2.1176,0.9126
2026-09-23T17:54:02Z,2026-09-23 03:56:05,SPXW,2026-09-28,P,7655.0,7764.6401,6.6,5.0,6.8,13.0,7.0,44.0,187.0,0.1097,-0.1272,0.002,-1.9007,2.1176,-0.1347
2026-09-23T17:54:02Z,2026-09-23 03:56:05,SPXW,2026-09-28,C,7660.0,7764.6401,112.0,1.0,129.7,2.0,123.88,15.0,166.0,0.1015,0.8653,0.002,-1.964,2.1987,0.9052
2026-09-23T17:54:02Z,2026-09-23 03:56:05,SPXW,2026-09-28,P,7660.0,7764.6401,7.0,5.0,7.2,12.0,7.3,227.0,381.0,0.1085,-0.1347,0.002,-1.964,2.1987,-0.1427
2026-09-23T17:54:02Z,2026-09-23 03:56:05,SPXW,2026-09-28,C,7665.0,7764.6401,107.4,1.0,125.2,2.0,124.92,0.0,89.0,0.1006,0.8573,0.0022,-2.0287,2.2815,0.8972
2026-09-23T17:54:02Z,2026-09-23 03:56:05,SPXW,2026-09-28,P,7665.0,7764.6401,7.4,9.0,7.6,11.0,7.8,133.0,89.0,0.107,-0.1427,0.0022,-2.0287,2.2815,-0.1514
2026-09-23T17:54:02Z,2026-09-23 03:56:05,SPXW,2026-09-28,C,7670.0,7764.6401,102.9,1.0,120.7,1.0,110.22,18.0,337.0,0.0997,0.8487,0.0023,-2.0946,2.3656,0.8887
2026-09-23T17:54:02Z,2026-09-23 03:56:05,SPXW,2026-09-28,P,7670.0,7764.6401,7.9,7.0,8.1,8.0,8.1,80.0,283.0,0.106,-0.1512,0.0023,-2.0946,2.3656,-0.1606
2026-09-23T17:54:02Z,2026-09-23 03:56:05,SPXW,2026-09-28,C,7675.0,7764.6401,107.9,3.0,109.2,3.0,105.82,23.0,257.0,0.1042,0.8396,0.0024,-2.1617,2.452,0.8798
2026-09-23T17:54:02Z,2026-09-23 03:56:05,SPXW,2026-09-28,P,7675.0,7764.6401,8.4,7.0,8.6,13.0,8.86,324.0,892.0,0.1047,-0.1603,0.0024,-2.1617,2.452,-0.1703
2026-09-23T17:54:02Z,2026-09-23 03:56:05,SPXW,2026-09-28,C,7680.0,7764.6401,93.9,1.0,111.9,2.0,107.31,4.0,89.0,0.098,0.8299,0.0025,-2.2298,2.5412,0.8702
2026-09-23T17:54:02Z,2026-09-23 03:56:05,SPXW,2026-09-28,P,7680.0,7764.6401,9.0,7.0,9.2,21.0,9.5,182.0,449.0,0.1037,-0.17,0.0025,-2.2298,2.5412,-0.1805
2026-09-23T17:54:02Z,2026-09-23 03:56:05,SPXW,2026-09-28,C,7685.0,7764.6401,89.5,1.0,107.6,2.0,102.79,19.0,37.0,0.0972,0.8196,0.0026,-2.2985,2.6323,0.8597
2026-09-23T17:54:02Z,2026-09-23 03:56:05,SPXW,2026-09-28,P,7685.0,7764.6401,9.6,4.0,9.8,19.0,10.32,289.0,57.0,0.1026,-0.1804,0.0026,-2.2985,2.6323,-0.1917
2026-09-23T17:54:02Z,2026-09-23 03:56:05,SPXW,2026-09-28,C,7690.0,7764.6401,85.2,1.0,103.3,2.0,91.83,10.0,144.0,0.0965,0.8086,0.0028,-2.3678,2.7238,0.8484
2026-09-23T17:54:02Z,2026-09-23 03:56:05,SPXW,2026-09-28,P,7690.0,7764.6401,10.2,6.0,10.5,21.0,9.1,125.0,371.0,0.1014,-0.1914,0.0028,-2.3678,2.7238,-0.2036
2026-09-23T17:54:02Z,2026-09-23 03:56:05,SPXW,2026-09-28,C,7695.0,7764.6401,80.9,1.0,99.1,2.0,87.58,60.0,95.0,0.0958,0.7968,0.0029,-2.4373,2.8154,0.8366
2026-09-23T17:54:02Z,2026-09-23 03:56:05,SPXW,2026-09-28,P,7695.0,7764.6401,10.9,4.0,11.2,18.0,11.6,82.0,76.0,0.1003,-0.2031,0.0029,-2.4373,2.8154,-0.2162
2026-09-23T17:54:02Z,2026-09-23 03:56:05,SPXW,2026-09-28,C,7700.0,7764.6401,86.2,3.0,87.5,3.0,94.09,37.0,908.0,0.0988,0.7844,0.003,-2.5066,2.9083,0.824
2026-09-23T17:54:02Z,2026-09-23 03:56:05,SPXW,2026-09-28,P,7700.0,7764.6401,11.7,6.0,11.9,13.0,12.67,445.0,1309.0,0.0992,-0.2156,0.003,-2.5066,2.9083,-0.2294
2026-09-23T17:54:02Z,2026-09-23 03:56:05,SPXW,2026-09-28,C,7705.0,7764.6401,72.5,1.0,90.7,2.0,85.09,136.0,201.0,0.094,0.7712,0.0032,-2.5754,3.0023,0.8105
2026-09-23T17:54:02Z,2026-09-23 03:56:05,SPXW,2026-09-28,P,7705.0,7764.6401,12.5,4.0,12.7,4.0,13.5,148.0,733.0,0.0981,-0.2288,0.0032,-2.5754,3.0023,-0.2436
2026-09-23T17:54:02Z,2026-09-23 03:56:05,SPXW,2026-09-28,C,7710.0,7764.6401,68.4,1.0,86.6,2.0,80.37,8.0,167.0,0.0932,0.7571,0.0033,-2.6432,3.0951,0.7959
2026-09-23T17:54:02Z,2026-09-23 03:56:05,SPXW,2026-09-28,P,7710.0,7764.6401,13.4,5.0,13.6,11.0,12.4,98.0,317.0,0.0971,-0.2428,0.0033,-2.6432,3.0951,-0.2589
2026-09-23T17:54:02Z,2026-09-23 03:56:05,SPXW,2026-09-28,C,7715.0,7764.6401,73.9,3.0,75.1,3.0,71.41,364.0,698.0,0.0957,0.7423,0.0034,-2.7094,3.1854,0.7806
2026-09-23T17:54:02Z,2026-09-23 03:56:05,SPXW,2026-09-28,P,7715.0,7764.6401,14.3,4.0,14.6,11.0,14.78,121.0,109.0,0.0961,-0.2577,0.0034,-2.7094,3.1854,-0.2748
2026-09-23T17:54:02Z,2026-09-23 03:56:05,SPXW,2026-09-28,C,7720.0,7764.6401,69.9,3.0,71.2,3.0,69.71,79.0,234.0,0.0947,0.7266,0.0036,-2.7734,3.2745,0.7647
2026-09-23T17:54:02Z,2026-09-23 03:56:05,SPXW,2026-09-28,P,7720.0,7764.6401,15.4,5.0,15.6,4.0,16.7,227.0,247.0,0.0952,-0.2734,0.0036,-2.7734,3.2745,-0.2915
2026-09-23T17:54:02Z,2026-09-23 03:56:05,SPXW,2026-09-28,C,7725.0,7764.6401,66.4,3.0,66.8,3.0,67.51,291.0,461.0,0.0936,0.71,0.0037,-2.8347,3.362,0.7474
2026-09-23T17:54:02Z,2026-09-23 03:56:05,SPXW,2026-09-28,P,7725.0,7764.6401,16.5,5.0,16.8,18.0,17.87,744.0,807.0,0.0943,-0.2899,0.0037,-2.8347,3.362,-0.3094
2026-09-23T17:54:02Z,2026-09-23 03:56:05,SPXW,2026-09-28,C,7730.0,7764.6401,62.7,3.0,63.0,3.0,61.17,97.0,284.0,0.0928,0.6926,0.0039,-2.8923,3.4451,0.7292
2026-09-23T17:54:02Z,2026-09-23 03:56:05,SPXW,2026-09-28,P,7730.0,7764.6401,17.7,5.0,18.0,12.0,19.7,227.0,572.0,0.0934,-0.3073,0.0039,-2.8923,3.4451,-0.3283
2026-09-23T17:54:02Z,2026-09-23 03:56:05,SPXW,2026-09-28,C,7735.0,7764.6401,59.0,4.0,59.3,3.0,58.4,191.0,266.0,0.0921,0.6744,0.004,-2.9456,3.5225,0.7104
2026-09-23T17:54:02Z,2026-09-23 03:56:05,SPXW,2026-09-28,P,7735.0,7764.6401,19.0,5.0,19.3,11.0,18.4,144.0,92.0,0.0926,-0.3256,0.004,-2.9456,3.5225,-0.3478
2026-09-23T17:54:02Z,2026-09-23 03:56:05,SPXW,2026-09-28,C,7740.0,7764.6401,55.4,5.0,55.7,2.0,54.62,125.0,191.0,0.0913,0.6553,0.0041,-2.994,3.5953,0.6906
2026-09-23T17:54:02Z,2026-09-23 03:56:05,SPXW,2026-09-28,P,7740.0,7764.6401,20.4,4.0,20.7,10.0,22.45,163.0,165.0,0.0917,-0.3446,0.0041,-2.994,3.5953,-0.3682
2026-09-23T17:54:02Z,2026-09-23 03:56:05,SPXW,2026-09-28,C,7745.0,7764.6401,51.9,9.0,52.3,3.0,52.7,192.0,251.0,0.0906,0.6355,0.0042,-3.0363,3.6622,0.6697
2026-09-23T17:54:02Z,2026-09-23 03:56:05,SPXW,2026-09-28,P,7745.0,7764.6401,21.9,3.0,22.2,1.0,23.8,62.0,49.0,0.0911,-0.3645,0.0042,-3.0363,3.6622,-0.3899
2026-09-23T17:54:02Z,2026-09-23 03:56:05,SPXW,2026-09-28,C,7750.0,7764.6401,48.6,6.0,48.9,3.0,46.95,476.0,995.0,0.09,0.6149,0.0044,-3.0718,3.7204,0.6481
2026-09-23T17:54:02Z,2026-09-23 03:56:05,SPXW,2026-09-28,P,7750.0,7764.6401,23.6,4.0,23.9,11.0,25.1,542.0,355.0,0.0904,-0.3851,0.0044,-3.0718,3.7204,-0.4122
2026-09-23T17:54:02Z,2026-09-23 03:56:05,SPXW,2026-09-28,C,7755.0,7764.6401,45.3,10.0,45.7,3.0,44.0,188.0,582.0,0.0893,0.5936,0.0044,-3.0999,3.77,0.6261
2026-09-23T17:54:02Z,2026-09-23 03:56:05,SPXW,2026-09-28,P,7755.0,7764.6401,25.4,3.0,25.7,12.0,28.0,123.0,40.0,0.0898,-0.4064,0.0044,-3.0999,3.77,-0.4349
2026-09-23T17:54:02Z,2026-09-23 03:56:05,SPXW,2026-09-28,C,7760.0,7764.6401,42.2,11.0,42.6,3.0,41.2,257.0,1695.0,0.0886,0.5717,0.0045,-3.1198,3.811,0.6029
2026-09-23T17:54:02Z,2026-09-23 03:56:05,SPXW,2026-09-28,P,7760.0,7764.6401,27.2,3.0,27.6,11.0,29.0,1205.0,92.0,0.0892,-0.4283,0.0045,-3.1198,3.811,-0.4587
2026-09-23T17:54:02Z,2026-09-23 03:56:05,SPXW,2026-09-28,C,7765.0,7764.6401,39.3,9.0,39.6,3.0,37.8,233.0,140.0,0.0882,0.5493,0.0046,-3.1307,3.8414,0.5792
2026-09-23T17:54:02Z,2026-09-23 03:56:05,SPXW,2026-09-28,P,7765.0,7764.6401,29.3,3.0,29.6,12.0,31.32,351.0,38.0,0.0886,-0.4507,0.0046,-3.1307,3.8414,-0.4831
2026-09-23T17:54:02Z,2026-09-23 03:56:05,SPXW,2026-09-28,C,7770.0,7764.6401,36.4,12.0,36.8,3.0,35.05,327.0,634.0,0.0877,0.5264,0.0046,-3.1322,3.8604,0.5555
2026-09-23T17:54:02Z,2026-09-23 03:56:05,SPXW,2026-09-28,P,7770.0,7764.6401,31.4,3.0,31.7,8.0,34.6,105.0,92.0,0.0882,-0.4735,0.0046,-3.1322,3.8604,-0.5075
2026-09-23T17:54:02Z,2026-09-23 03:56:05,SPXW,2026-09-28,C,7775.0,7764.6401,33.7,17.0,34.1,3.0,32.9,528.0,2239.0,0.0874,0.5032,0.0047,-3.124,3.8681,0.5309
2026-09-23T17:54:02Z,2026-09-23 03:56:05,SPXW,2026-09-28,P,7775.0,7764.6401,33.7,4.0,34.0,9.0,35.7,315.0,136.0,0.0878,-0.4967,0.0047,-3.124,3.8681,-0.5328
2026-09-23T17:54:02Z,2026-09-23 03:56:05,SPXW,2026-09-28,C,7780.0,7764.6401,31.1,17.0,31.5,3.0,30.3,326.0,878.0,0.0869,0.4798,0.0047,-3.1057,3.8639,0.5061
2026-09-23T17:54:02Z,2026-09-23 03:56:05,SPXW,2026-09-28,P,7780.0,7764.6401,36.1,4.0,36.4,8.0,36.8,104.0,143.0,0.0874,-0.5201,0.0047,-3.1057,3.8639,-0.5583
2026-09-23T17:54:02Z,2026-09-23 03:56:05,SPXW,2026-09-28,C,7785.0,7764.6401,28.7,18.0,29.0,3.0,28.0,264.0,189.0,0.0866,0.4563,0.0047,-3.0772,3.8476,0.4816
2026-09-23T17:54:02Z,2026-09-23 03:56:05,SPXW,2026-09-28,P,7785.0,7764.6401,38.6,4.0,39.0,11.0,41.3,41.0,15.0,0.087,-0.5436,0.0047,-3.0772,3.8476,-0.5835
2026-09-23T17:54:02Z,2026-09-23 03:56:05,SPXW,2026-09-28,C,7790.0,7764.6401,26.4,12.0,26.7,3.0,25.8,197.0,262.0,0.0863,0.4329,0.0047,-3.0387,3.8189,0.4567
2026-09-23T17:54:02Z,2026-09-23 03:56:05,SPXW,2026-09-28,P,7790.0,7764.6401,41.3,3.0,41.7,10.0,42.8,88.0,19.0,0.0868,-0.5671,0.0047,-3.0387,3.8189,-0.609
2026-09-23T17:54:02Z,2026-09-23 03:56:05,SPXW,2026-09-28,C,7795.0,7764.6401,24.3,1.0,24.6,3.0,27.2,124.0,133.0,0.0862,0.4095,0.0046,-2.9902,3.7777,0.4318
2026-09-23T17:54:02Z,2026-09-23 03:56:05,SPXW,2026-09-28,P,7795.0,7764.6401,44.2,3.0,44.5,7.0,47.8,70.0,7.0,0.0865,-0.5904,0.0046,-2.9902,3.7777,-0.6346
2026-09-23T17:54:02Z,2026-09-23 03:56:05,SPXW,2026-09-28,C,7800.0,7764.6401,22.2,12.0,22.5,3.0,21.3,626.0,3205.0,0.0859,0.3865,0.0046,-2.9323,3.7258,0.4078
2026-09-23T17:54:02Z,2026-09-23 03:56:05,SPXW,2026-09-28,P,7800.0,7764.6401,47.1,3.0,47.5,6.0,43.7,31.0,577.0,0.0863,-0.6135,0.0046,-2.9323,3.7258,-0.6594
2026-09-23T17:54:02Z,2026-09-23 03:56:05,SPXW,2026-09-28,C,7805.0,7764.6401,20.3,12.0,20.6,3.0,20.15,36.0,0.0,0.0858,0.3638,0.0045,-2.8657,3.6622,0.3836
2026-09-23T17:54:02Z,2026-09-23 03:56:05,SPXW,2026-09-28,P,7805.0,7764.6401,50.2,3.0,50.6,5.0,54.0,4.0,0.0,0.0861,-0.6362,0.0045,-2.8657,3.6622,-0.6841
2026-09-23T17:54:02Z,2026-09-23 03:56:05,SPXW,2026-09-28,C,7810.0,7764.6401,18.6,1.0,18.8,4.0,18.0,222.0,508.0,0.0858,0.3416,0.0044,-2.7907,3.5871,0.36
2026-09-23T17:54:02Z,2026-09-23 03:56:05,SPXW,2026-09-28,P,7810.0,7764.6401,53.4,3.0,53.8,5.0,61.32,12.0,30.0,0.0861,-0.6584,0.0044,-2.7907,3.5871,-0.7085
2026-09-23T17:54:02Z,2026-09-23 03:56:05,SPXW,2026-09-28,C,7815.0,7764.6401,16.9,5.0,17.2,4.0,16.3,78.0,0.0,0.0856,0.3199,0.0043,-2.7083,3.5038,0.3373
2026-09-23T17:54:02Z,2026-09-23 03:56:05,SPXW,2026-09-28,P,7815.0,7764.6401,56.8,3.0,57.1,3.0,56.1,5.0,0.0,0.0861,-0.6801,0.0043,-2.7083,3.5038,-0.7318
2026-09-23T17:54:02Z,2026-09-23 03:56:05,SPXW,2026-09-28,C,7820.0,7764.6401,15.3,18.0,15.7,12.0,14.9,182.0,329.0,0.0857,0.2989,0.0042,-2.6194,3.4115,0.315
2026-09-23T17:54:02Z,2026-09-23 03:56:05,SPXW,2026-09-28,P,7820.0,7764.6401,59.7,3.0,61.0,3.0,54.5,8.0,8.0,0.0859,-0.7011,0.0042,-2.6194,3.4115,-0.7548
2026-09-23T17:54:02Z,2026-09-23 03:56:05,SPXW,2026-09-28,C,7825.0,7764.6401,13.9,19.0,14.2,4.0,13.64,846.0,1683.0,0.0854,0.2786,0.004,-2.5249,3.3099,0.2934
2026-09-23T17:54:02Z,2026-09-23 03:56:05,SPXW,2026-09-28,P,7825.0,7764.6401,63.3,3.0,64.6,3.0,187.0,0.0,98.0,0.0859,-0.7213,0.004,-2.5249,3.3099,-0.7771
2026-09-23T17:54:02Z,2026-09-23 03:56:05,SPXW,2026-09-28,C,7830.0,7764.6401,12.6,19.0,12.9,4.0,12.24,158.0,597.0,0.0855,0.2592,0.0039,-2.4257,3.2029,0.273
2026-09-23T17:54:02Z,2026-09-23 03:56:05,SPXW,2026-09-28,P,7830.0,7764.6401,60.1,2.0,78.5,3.0,73.9,0.0,10.0,0.0912,-0.7408,0.0039,-2.4257,3.2029,-0.7982
2026-09-23T17:54:02Z,2026-09-23 03:56:05,SPXW,2026-09-28,C,7835.0,7764.6401,11.4,19.0,11.7,4.0,11.5,97.0,0.0,0.0856,0.2405,0.0037,-2.323,3.0909,0.2532
2026-09-23T17:54:02Z,2026-09-23 03:56:05,SPXW,2026-09-28,P,7835.0,7764.6401,63.8,2.0,82.3,3.0,0.0,0.0,0.0,0.0913,-0.7594,0.0037,-2.323,3.0909,-0.8187
2026-09-23T17:54:02Z,2026-09-23 03:56:05,SPXW,2026-09-28,C,7840.0,7764.6401,10.3,21.0,10.6,4.0,10.0,232.0,955.0,0.0858,0.2227,0.0036,-2.2175,2.9725,0.2342
2026-09-23T17:54:02Z,2026-09-23 03:56:05,SPXW,2026-09-28,P,7840.0,7764.6401,67.7,2.0,86.1,2.0,72.92,2.0,2.0,0.0915,-0.7772,0.0036,-2.2175,2.9725,-0.8383
2026-09-23T17:54:02Z,2026-09-23 03:56:05,SPXW,2026-09-28,C,7845.0,7764.6401,9.3,21.0,9.6,13.0,9.2,24.0,0.0,0.0858,0.2058,0.0034,-2.1103,2.8513,0.2166
2026-09-23T17:54:02Z,2026-09-23 03:56:05,SPXW,2026-09-28,P,7845.0,7764.6401,71.8,2.0,90.1,1.0,79.27,1.0,0.0,0.0921,-0.7941,0.0034,-2.1103,2.8513,-0.8567
2026-09-23T17:54:02Z,2026-09-23 03:56:05,SPXW,2026-09-28,C,7850.0,7764.6401,8.4,13.0,8.7,13.0,8.41,324.0,410.0,0.0861,0.1899,0.0032,-2.0023,2.7289,0.1997
2026-09-23T17:54:02Z,2026-09-23 03:56:05,SPXW,2026-09-28,P,7850.0,7764.6401,75.9,2.0,94.2,2.0,83.28,1.0,31.0,0.0927,-0.8101,0.0032,-2.0023,2.7289,-0.8743
2026-09-23T17:54:02Z,2026-09-23 03:56:05,SPXW,2026-09-28,C,7855.0,7764.6401,7.6,7.0,7.8,5.0,7.7,47.0,0.0,0.0862,0.1748,0.0031,-1.8945,2.6037,0.1836
2026-09-23T17:54:02Z,2026-09-23 03:56:05,SPXW,2026-09-28,P,7855.0,7764.6401,80.2,1.0,98.3,1.0,0.0,0.0,0.0,0.0933,-0.8251,0.0031,-1.8945,2.6037,-0.8911
2026-09-23T17:54:02Z,2026-09-23 03:56:05,SPXW,2026-09-28,C,7860.0,7764.6401,6.8,21.0,7.1,13.0,6.76,108.0,297.0,0.0865,0.1607,0.0029,-1.7875,2.4778,0.1688
2026-09-23T17:54:02Z,2026-09-23 03:56:05,SPXW,2026-09-28,P,7860.0,7764.6401,84.4,2.0,102.6,2.0,0.0,0.0,0.0,0.094,-0.8393,0.0029,-1.7875,2.4778,-0.9066
2026-09-23T17:54:02Z,2026-09-23 03:56:05,SPXW,2026-09-28,C,7865.0,7764.6401,6.1,23.0,6.4,14.0,6.3,93.0,0.0,0.0867,0.1474,0.0027,-1.6822,2.3538,0.1548
2026-09-23T17:54:02Z,2026-09-23 03:56:05,SPXW,2026-09-28,P,7865.0,7764.6401,88.8,2.0,107.0,4.0,0.0,0.0,0.0,0.095,-0.8526,0.0027,-1.6822,2.3538,-0.9212
2026-09-23T17:54:02Z,2026-09-23 03:56:05,SPXW,2026-09-28,C,7870.0,7764.6401,5.5,24.0,5.7,5.0,6.0,79.0,439.0,0.0869,0.135,0.0026,-1.5794,2.2305,0.1416
2026-09-23T17:54:02Z,2026-09-23 03:56:05,SPXW,2026-09-28,P,7870.0,7764.6401,93.4,1.0,111.2,2.0,96.38,1.0,0.0,0.0958,-0.8649,0.0026,-1.5794,2.2305,-0.9351
2026-09-23T17:54:02Z,2026-09-23 03:56:05,SPXW,2026-09-28,C,7875.0,7764.6401,4.9,26.0,5.2,16.0,5.0,662.0,337.0,0.0872,0.1236,0.0024,-1.4795,2.1084,0.1295
2026-09-23T17:54:02Z,2026-09-23 03:56:05,SPXW,2026-09-28,P,7875.0,7764.6401,97.6,2.0,115.7,1.0,109.12,2.0,15.0,0.0963,-0.8764,0.0024,-1.4795,2.1084,-0.9478
2026-09-23T17:54:02Z,2026-09-23 03:56:05,SPXW,2026-09-28,C,7880.0,7764.6401,4.4,28.0,4.7,28.0,4.3,171.0,334.0,0.0876,0.1129,0.0022,-1.3832,1.9899,0.1184
2026-09-23T17:54:02Z,2026-09-23 03:56:05,SPXW,2026-09-28,P,7880.0,7764.6401,102.1,2.0,120.2,1.0,113.55,0.0,3.0,0.0972,-0.887,0.0022,-1.3832,1.9899,-0.9597
2026-09-23T17:54:02Z,2026-09-23 03:56:05,SPXW,2026-09-28,C,7885.0,7764.6401,4.0,23.0,4.2,12.0,4.1,184.0,0.0,0.088,0.1031,0.0021,-1.291,1.8752,0.1079
2026-09-23T17:54:02Z,2026-09-23 03:56:05,SPXW,2026-09-28,P,7885.0,7764.6401,106.7,2.0,124.8,3.0,0.0,0.0,0.0,0.0984,-0.8969,0.0021,-1.291,1.8752,-0.9708
2026-09-23T17:54:02Z,2026-09-23 03:56:05,SPXW,2026-09-28,C,7890.0,7764.6401,3.6,25.0,3.8,25.0,3.5,333.0,645.0,0.0885,0.094,0.002,-1.2031,1.7637,0.0983
2026-09-23T17:54:02Z,2026-09-23 03:56:05,SPXW,2026-09-28,P,7890.0,7764.6401,111.4,2.0,129.1,1.0,0.0,0.0,0.0,0.0989,-0.9059,0.002,-1.2031,1.7637,-0.9811
2026-09-23T17:54:02Z,2026-09-23 03:56:05,SPXW,2026-09-28,C,7895.0,7764.6401,3.2,27.0,3.4,7.0,2.95,103.0,0.0,0.0887,0.0858,0.0018,-1.1199,1.6565,0.0897
2026-09-23T17:54:02Z,2026-09-23 03:56:05,SPXW,2026-09-28,P,7895.0,7764.6401,116.0,2.0,133.9,2.0,0.0,0.0,0.0,0.1003,-0.9142,0.0018,-1.1199,1.6565,-0.9904
2026-09-23T17:54:02Z,2026-09-23 03:56:05,SPXW,2026-09-28,C,7900.0,7764.6401,2.95,8.0,3.1,18.0,2.85,1491.0,5435.0,0.0896,0.0782,0.0017,-1.0415,1.5546,0.0817
2026-09-23T17:54:02Z,2026-09-23 03:56:05,SPXW,2026-09-28,P,7900.0,7764.6401,120.7,2.0,138.4,1.0,132.12,2.0,6.0,0.1011,-0.9218,0.0017,-1.0415,1.5546,-0.9991
2026-09-23T17:54:02Z,2026-09-23 03:56:05,SPXW,2026-09-28,C,7905.0,7764.6401,2.65,8.0,2.8,15.0,2.6,125.0,0.0,0.09,0.0713,0.0016,-0.9681,1.4577,0.0743
2026-09-23T17:54:02Z,2026-09-23 03:56:05,SPXW,2026-09-28,P,7905.0,7764.6401,125.8,1.0,143.1,1.0,0.0,0.0,0.0,0.1034,-0.9287,0.0016,-0.9681,1.4577,-1.0071
2026-09-23T17:54:02Z,2026-09-23 03:56:05,SPXW,2026-09-28,C,7910.0,7764.6401,2.4,8.0,2.55,17.0,2.3,50.0,0.0,0.0905,0.065,0.0014,-0.8997,1.3657,0.0678
2026-09-23T17:54:02Z,2026-09-23 03:56:05,SPXW,2026-09-28,P,7910.0,7764.6401,130.1,2.0,148.0,2.0,0.0,0.0,0.0,0.1039,-0.935,0.0014,-0.8997,1.3657,-1.0144
2026-09-23T17:54:02Z,2026-09-23 03:56:05,SPXW,2026-09-28,C,7915.0,7764.6401,2.15,15.0,2.3,16.0,2.1,63.0,0.0,0.0912,0.0593,0.0013,-0.8361,1.2789,0.0619
2026-09-23T17:54:02Z,2026-09-23 03:56:05,SPXW,2026-09-28,P,7915.0,7764.6401,134.9,2.0,152.8,2.0,0.0,0.0,0.0,0.1054,-0.9407,0.0013,-0.8361,1.2789,-1.021
2026-09-23T17:54:02Z,2026-09-23 03:56:05,SPXW,2026-09-28,C,7920.0,7764.6401,1.95,8.0,2.1,18.0,1.85,37.0,0.0,0.0918,0.0542,0.0012,-0.7772,1.1976,0.0564
2026-09-23T17:54:02Z,2026-09-23 03:56:05,SPXW,2026-09-28,P,7920.0,7764.6401,139.9,1.0,157.5,2.0,0.0,0.0,0.0,0.1072,-0.9458,0.0012,-0.7772,1.1976,-1.0271
2026-09-23T17:54:02Z,2026-09-23 03:56:05,SPXW,2026-09-28,C,7925.0,7764.6401,1.75,12.0,1.85,4.0,1.7,2898.0,8295.0,0.0921,0.0495,0.0011,-0.723,1.1216,0.0515
2026-09-23T17:54:02Z,2026-09-23 03:56:05,SPXW,2026-09-28,P,7925.0,7764.6401,144.5,2.0,162.3,1.0,251.81,0.0,7.0,0.108,-0.9505,0.0011,-0.723,1.1216,-1.0328
2026-09-23T17:54:02Z,2026-09-23 03:56:05,SPXW,2026-09-28,C,7930.0,7764.6401,1.55,8.0,1.7,11.0,1.5,113.0,0.0,0.0927,0.0453,0.0011,-0.6732,1.0505,0.0471
2026-09-23T17:54:02Z,2026-09-23 03:56:05,SPXW,2026-09-28,P,7930.0,7764.6401,149.4,2.0,167.2,1.0,0.0,0.0,0.0,0.11,-0.9547,0.0011,-0.6732,1.0505,-1.0378
2026-09-23T17:54:02Z,2026-09-23 03:56:05,SPXW,2026-09-28,C,7935.0,7764.6401,1.4,9.0,1.55,9.0,1.35,263.0,0.0,0.0933,0.0415,0.001,-0.6274,0.9843,0.0432
2026-09-23T17:54:02Z,2026-09-23 03:56:05,SPXW,2026-09-28,P,7935.0,7764.6401,154.3,2.0,172.1,1.0,0.0,0.0,0.0,0.1119,-0.9584,0.001,-0.6274,0.9843,-1.0424
2026-09-23T17:54:02Z,2026-09-23 03:56:05,SPXW,2026-09-28,C,7940.0,7764.6401,1.3,9.0,1.45,12.0,1.25,100.0,0.0,0.0944,0.0381,0.0009,-0.5855,0.9229,0.0396
2026-09-23T17:54:02Z,2026-09-23 03:56:05,SPXW,2026-09-28,P,7940.0,7764.6401,159.1,2.0,176.9,1.0,0.0,0.0,0.0,0.113,-0.9618,0.0009,-0.5855,0.9229,-1.0467
2026-09-23T17:54:02Z,2026-09-23 03:56:05,SPXW,2026-09-28,C,7945.0,7764.6401,1.15,31.0,1.3,12.0,1.1,173.0,0.0,0.0948,0.035,0.0008,-0.5472,0.866,0.0363
2026-09-23T17:54:02Z,2026-09-23 03:56:05,SPXW,2026-09-28,P,7945.0,7764.6401,164.0,2.0,181.7,1.0,0.0,0.0,0.0,0.1145,-0.9649,0.0008,-0.5472,0.866,-1.0506
2026-09-23T17:54:02Z,2026-09-23 03:56:05,SPXW,2026-09-28,C,7950.0,7764.6401,1.05,42.0,1.2,23.0,1.05,507.0,1184.0,0.0956,0.0323,0.0008,-0.5122,0.8134,0.0334
2026-09-23T17:54:02Z,2026-09-23 03:56:05,SPXW,2026-09-28,P,7950.0,7764.6401,168.9,2.0,186.7,1.0,218.4,0.0,4.0,0.1167,-0.9677,0.0008,-0.5122,0.8134,-1.0542
2026-09-23T17:54:02Z,2026-09-23 03:56:05,SPXW,2026-09-28,C,7955.0,7764.6401,0.95,38.0,1.1,19.0,0.95,132.0,0.0,0.0963,0.0298,0.0007,-0.4802,0.7647,0.0309
2026-09-23T17:54:02Z,2026-09-23 03:56:05,SPXW,2026-09-28,P,7955.0,7764.6401,173.9,2.0,191.5,1.0,0.0,0.0,0.0,0.1184,-0.9702,0.0007,-0.4802,0.7647,-1.0574
2026-09-23T17:54:02Z,2026-09-23 03:56:05,SPXW,2026-09-28,C,7960.0,7764.6401,0.9,14.0,1.0,16.0,0.85,151.0,0.0,0.0973,0.0276,0.0007,-0.4511,0.7196,0.0286
2026-09-23T17:54:02Z,2026-09-23 03:56:05,SPXW,2026-09-28,P,7960.0,7764.6401,178.8,2.0,196.5,2.0,0.0,0.0,0.0,0.1206,-0.9724,0.0007,-0.4511,0.7196,-1.0604
2026-09-23T17:54:02Z,2026-09-23 03:56:05,SPXW,2026-09-28,C,7965.0,7764.6401,0.8,40.0,0.95,21.0,0.8,87.0,0.0,0.0982,0.0255,0.0006,-0.4244,0.678,0.0264
2026-09-23T17:54:02Z,2026-09-23 03:56:05,SPXW,2026-09-28,P,7965.0,7764.6401,183.7,2.0,201.4,2.0,0.0,0.0,0.0,0.1222,-0.9744,0.0006,-0.4244,0.678,-1.0632
2026-09-23T17:54:02Z,2026-09-23 03:56:05,SPXW,2026-09-28,C,7970.0,7764.6401,0.75,41.0,0.85,16.0,0.75,104.0,0.0,0.0989,0.0237,0.0006,-0.4002,0.6396,0.0245
2026-09-23T17:54:02Z,2026-09-23 03:56:05,SPXW,2026-09-28,P,7970.0,7764.6401,188.7,2.0,206.3,1.0,0.0,0.0,0.0,0.1243,-0.9762,0.0006,-0.4002,0.6396,-1.0658
2026-09-23T17:54:02Z,2026-09-23 03:56:05,SPXW,2026-09-28,C,7975.0,7764.6401,0.7,42.0,0.8,17.0,0.7,473.0,774.0,0.1,0.0221,0.0005,-0.378,0.6042,0.0228
2026-09-23T17:54:02Z,2026-09-23 03:56:05,SPXW,2026-09-28,P,7975.0,7764.6401,193.6,2.0,211.2,1.0,292.96,0.0,8.0,0.1258,-0.9779,0.0005,-0.378,0.6042,-1.0683
2026-09-23T17:54:02Z,2026-09-23 03:56:05,SPXW,2026-09-28,C,7980.0,7764.6401,0.65,43.0,0.75,18.0,0.6,44.0,0.0,0.101,0.0206,0.0005,-0.3578,0.5714,0.0212
2026-09-23T17:54:02Z,2026-09-23 03:56:05,SPXW,2026-09-28,P,7980.0,7764.6401,196.4,1.0,216.2,2.0,0.0,0.0,0.0,0.1163,-0.9794,0.0005,-0.3578,0.5714,-1.0705
2026-09-23T17:54:02Z,2026-09-23 03:56:05,SPXW,2026-09-28,C,7985.0,7764.6401,0.6,43.0,0.7,18.0,0.55,72.0,0.0,0.102,0.0192,0.0005,-0.3392,0.5412,0.0199
2026-09-23T17:54:02Z,2026-09-23 03:56:05,SPXW,2026-09-28,P,7985.0,7764.6401,201.3,2.0,224.1,4.0,0.0,0.0,0.0,0.1336,-0.9807,0.0005,-0.3392,0.5412,-1.0726
2026-09-23T17:54:02Z,2026-09-23 03:56:05,SPXW,2026-09-28,C,7990.0,7764.6401,0.55,43.0,0.65,17.0,0.55,38.0,0.0,0.1028,0.018,0.0004,-0.3223,0.5132,0.0186
2026-09-23T17:54:02Z,2026-09-23 03:56:05,SPXW,2026-09-28,P,7990.0,7764.6401,206.2,2.0,228.1,1.0,0.0,0.0,0.0,0.1308,-0.9819,0.0004,-0.3223,0.5132,-1.0745
2026-09-23T17:54:02Z,2026-09-23 03:56:05,SPXW,2026-09-28,C,7995.0,7764.6401,0.5,43.0,0.65,25.0,0.5,38.0,0.0,0.1042,0.0169,0.0004,-0.3067,0.4873,0.0174
2026-09-23T17:54:02Z,2026-09-23 03:56:05,SPXW,2026-09-28,P,7995.0,7764.6401,211.3,2.0,232.9,1.0,0.0,0.0,0.0,0.1327,-0.983,0.0004,-0.3067,0.4873,-1.0763
2026-09-23T17:54:02Z,2026-09-23 03:56:05,SPXW,2026-09-28,C,8000.0,7764.6401,0.5,17.0,0.6,29.0,0.55,349.0,1532.0,0.1056,0.0159,0.0004,-0.2924,0.4632,0.0164
2026-09-23T17:54:02Z,2026-09-23 03:56:05,SPXW,2026-09-28,P,8000.0,7764.6401,216.2,2.0,238.0,1.0,0.0,0.0,0.0,0.1351,-0.984,0.0004,-0.2924,0.4632,-1.0781
2026-09-23T17:54:02Z,2026-09-23 03:56:05,SPXW,2026-09-28,C,8010.0,7764.6401,0.4,45.0,0.55,25.0,0.45,62.0,0.0,0.1074,0.0141,0.0003,-0.2672,0.4204,0.0145
2026-09-23T17:54:02Z,2026-09-23 03:56:05,SPXW,2026-09-28,P,8010.0,7764.6401,226.1,2.0,247.9,1.0,0.0,0.0,0.0,0.1388,-0.9858,0.0003,-0.2672,0.4204,-1.0813
2026-09-23T17:54:02Z,2026-09-23 03:56:05,SPXW,2026-09-28,C,8020.0,7764.6401,0.4,18.0,0.5,22.0,0.4,52.0,0.0,0.1105,0.0126,0.0003,-0.2456,0.383,0.013
2026-09-23T17:54:02Z,2026-09-23 03:56:05,SPXW,2026-09-28,P,8020.0,7764.6401,236.2,2.0,257.9,2.0,0.0,0.0,0.0,0.1441,-0.9873,0.0003,-0.2458,0.3835,-1.0842
2026-09-23T17:54:02Z,2026-09-23 03:56:05,SPXW,2026-09-28,C,8025.0,7764.6401,0.35,46.0,0.45,20.0,0.35,146.0,429.0,0.1107,0.012,0.0003,-0.2361,0.3664,0.0123
2026-09-23T17:54:02Z,2026-09-23 03:56:05,SPXW,2026-09-28,P,8025.0,7764.6401,241.1,2.0,262.9,2.0,0.0,0.0,0.0,0.1459,-0.9879,0.0003,-0.2364,0.3669,-1.0856
2026-09-23T17:54:02Z,2026-09-23 03:56:05,SPXW,2026-09-28,C,8030.0,7764.6401,0.35,18.0,0.45,20.0,0.35,56.0,0.0,0.1125,0.0114,0.0003,-0.2275,0.3514,0.0117
2026-09-23T17:54:02Z,2026-09-23 03:56:05,SPXW,2026-09-28,P,8030.0,7764.6401,246.1,2.0,267.8,2.0,0.0,0.0,0.0,0.1477,-0.9885,0.0003,-0.2275,0.3514,-1.0868
2026-09-23T17:54:02Z,2026-09-23 03:56:05,SPXW,2026-09-28,C,8040.0,7764.6401,0.3,21.0,0.45,77.0,0.4,59.0,0.0,0.1154,0.0104,0.0002,-0.2118,0.3234,0.0106
2026-09-23T17:54:02Z,2026-09-23 03:56:05,SPXW,2026-09-28,P,8040.0,7764.6401,256.2,2.0,277.6,1.0,0.0,0.0,0.0,0.1518,-0.9896,0.0002,-0.2118,0.3234,-1.0893
2026-09-23T17:54:02Z,2026-09-23 03:56:05,SPXW,2026-09-28,C,8050.0,7764.6401,0.3,34.0,0.4,28.0,0.3,87.0,370.0,0.1181,0.0094,0.0002,-0.198,0.2986,0.0097
2026-09-23T17:54:02Z,2026-09-23 03:56:05,SPXW,2026-09-28,P,8050.0,7764.6401,266.0,2.0,287.6,1.0,333.26,0.0,2.0,0.1551,-0.9905,0.0002,-0.1982,0.2989,-1.0916
2026-09-23T17:54:02Z,2026-09-23 03:56:05,SPXW,2026-09-28,C,8060.0,7764.6401,0.25,23.0,0.4,80.0,0.35,71.0,0.0,0.1207,0.0087,0.0002,-0.1861,0.2772,0.0088
2026-09-23T17:54:02Z,2026-09-23 03:56:05,SPXW,2026-09-28,P,8060.0,7764.6401,276.2,2.0,297.6,1.0,0.0,0.0,0.0,0.161,-0.9913,0.0002,-0.1863,0.2774,-1.0938
2026-09-23T17:54:02Z,2026-09-23 03:56:05,SPXW,2026-09-28,C,8070.0,7764.6401,0.25,21.0,0.35,21.0,0.65,59.0,0.0,0.1232,0.008,0.0002,-0.1757,0.2582,0.0082
2026-09-23T17:54:02Z,2026-09-23 03:56:05,SPXW,2026-09-28,P,8070.0,7764.6401,286.0,2.0,307.5,1.0,0.0,0.0,0.0,0.1636,-0.992,0.0002,-0.1759,0.2584,-1.0959
2026-09-23T17:54:02Z,2026-09-23 03:56:05,SPXW,2026-09-28,C,8075.0,7764.6401,0.25,21.0,0.35,28.0,0.3,73.0,463.0,0.125,0.0077,0.0002,-0.171,0.2495,0.0078
2026-09-23T17:54:02Z,2026-09-23 03:56:05,SPXW,2026-09-28,P,8075.0,7764.6401,291.0,2.0,312.5,1.0,0.0,0.0,0.0,0.1659,-0.9923,0.0002,-0.1711,0.2497,-1.0969
2026-09-23T17:54:02Z,2026-09-23 03:56:05,SPXW,2026-09-28,C,8100.0,7764.6401,0.2,24.0,0.3,26.0,0.25,69.0,377.0,0.1311,0.0064,0.0001,-0.1512,0.2127,0.0066
2026-09-23T17:54:02Z,2026-09-23 03:56:05,SPXW,2026-09-28,P,8100.0,7764.6401,315.8,2.0,337.6,1.0,0.0,0.0,0.0,0.1765,-0.9935,0.0001,-0.1512,0.2127,-1.1016
2026-09-23T17:54:02Z,2026-09-23 03:56:05,SPXW,2026-09-28,C,8125.0,7764.6401,0.2,21.0,0.3,58.0,0.25,120.0,207.0,0.14,0.0055,0.0001,-0.1358,0.1839,0.0056
2026-09-23T17:54:02Z,2026-09-23 03:56:05,SPXW,2026-09-28,P,8125.0,7764.6401,340.9,2.0,364.9,2.0,0.0,0.0,0.0,0.2032,-0.9945,0.0001,-0.136,0.1843,-1.106
2026-09-23T17:54:02Z,2026-09-23 03:56:05,SPXW,2026-09-28,C,8150.0,7764.6401,0.15,26.0,0.25,28.0,0.2,42.0,14.0,0.145,0.0047,0.0001,-0.1239,0.1615,0.0048
2026-09-23T17:54:02Z,2026-09-23 03:56:05,SPXW,2026-09-28,P,8150.0,7764.6401,365.9,2.0,389.9,2.0,0.0,0.0,0.0,0.2148,-0.9952,0.0001,-0.124,0.1618,-1.1102
2026-09-23T17:54:02Z,2026-09-23 03:56:05,SPXW,2026-09-28,C,8175.0,7764.6401,0.15,24.0,0.25,31.0,0.2,63.0,29.0,0.1534,0.0042,0.0001,-0.1142,0.1434,0.0042
2026-09-23T17:54:02Z,2026-09-23 03:56:05,SPXW,2026-09-28,P,8175.0,7764.6401,390.7,2.0,414.7,2.0,0.0,0.0,0.0,0.2237,-0.9958,0.0001,-0.1142,0.1435,-1.1142
2026-09-23T17:54:02Z,2026-09-23 03:56:05,SPXW,2026-09-28,C,8200.0,7764.6401,0.1,89.0,0.2,26.0,0.2,56.0,118.0,0.157,0.0037,0.0001,-0.106,0.1284,0.0037
2026-09-23T17:54:02Z,2026-09-23 03:56:05,SPXW,2026-09-28,P,8200.0,7764.6401,415.7,2.0,439.7,2.0,0.0,0.0,0.0,0.235,-0.9963,0.0001,-0.106,0.1284,-1.1181
2026-09-23T17:54:02Z,2026-09-23 03:56:05,SPXW,2026-09-28,C,8225.0,7764.6401,0.1,28.0,0.2,30.0,0.15,62.0,12.0,0.165,0.0033,0.0001,-0.099,0.1157,0.0033
2026-09-23T17:54:02Z,2026-09-23 03:56:05,SPXW,2026-09-28,P,8225.0,7764.6401,440.8,2.0,464.8,2.0,0.0,0.0,0.0,0.2475,-0.9966,0.0001,-0.099,0.1157,-1.1219
2026-09-23T17:54:02Z,2026-09-23 03:56:05,SPXW,2026-09-28,C,8250.0,7764.6401,0.1,26.0,0.2,33.0,0.15,25.0,4.0,0.173,0.003,0.0,-0.0928,0.1049,0.003
2026-09-23T17:54:02Z,2026-09-23 03:56:05,SPXW,2026-09-28,P,8250.0,7764.6401,465.8,2.0,489.8,2.0,0.0,0.0,0.0,0.2586,-0.997,0.0,-0.0928,0.1049,-1.1257
2026-09-23T17:54:02Z,2026-09-23 03:56:05,SPXW,2026-09-28,C,8275.0,7764.6401,0.1,25.0,0.2,116.0,0.1,64.0,3.0,0.181,0.0027,0.0,-0.0873,0.0954,0.0027
2026-09-23T17:54:02Z,2026-09-23 03:56:05,SPXW,2026-09-28,P,8275.0,7764.6401,490.7,2.0,514.7,2.0,0.0,0.0,0.0,0.2682,-0.9973,0.0,-0.0873,0.0954,-1.1294
2026-09-23T17:54:02Z,2026-09-23 03:56:05,SPXW,2026-09-28,C,8300.0,7764.6401,0.05,197.0,0.15,29.0,0.1,58.0,33.0,0.1818,0.0024,0.0,-0.0823,0.0872,0.0025
2026-09-23T17:54:02Z,2026-09-23 03:56:05,SPXW,2026-09-28,P,8300.0,7764.6401,515.9,2.0,539.9,2.0,0.0,0.0,0.0,0.2819,-0.9975,0.0,-0.0823,0.0872,-1.133
2026-09-23T17:54:02Z,2026-09-23 03:56:05,SPXW,2026-09-28,C,8400.0,7764.6401,0.05,28.0,0.15,125.0,0.1,68.0,18.0,0.2119,0.0017,0.0,-0.066,0.0626,0.0017
2026-09-23T17:54:02Z,2026-09-23 03:56:05,SPXW,2026-09-28,P,8400.0,7764.6401,615.5,2.0,639.5,2.0,0.0,0.0,0.0,0.3185,-0.9982,0.0,-0.066,0.0626,-1.1475
2026-09-23T17:54:02Z,2026-09-23 03:56:05,SPXW,2026-09-28,C,8500.0,7764.6401,0.0,0.0,0.1,35.0,0.1,1.0,160.0,0.2278,0.0012,0.0,-0.0532,0.0461,0.0012
2026-09-23T17:54:02Z,2026-09-23 03:56:05,SPXW,2026-09-28,P,8500.0,7764.6401,715.5,2.0,739.5,2.0,0.0,0.0,0.0,0.3598,-0.9987,0.0,-0.0532,0.0461,-1.1616
2026-09-23T17:54:02Z,2026-09-23 03:56:05,SPXW,2026-09-29,C,7000.0,7764.6401,761.1,2.0,785.1,2.0,0.0,0.0,0.0,0.0,0.9961,0.0,-0.2019,0.1303,1.1443
2026-09-23T17:54:02Z,2026-09-23 03:56:05,SPXW,2026-09-29,P,7000.0,7764.6401,0.3,27.0,0.4,23.0,0.4,105.0,1125.0,0.293,-0.0039,0.0,-0.2023,0.1307,-0.0048
2026-09-23T17:54:02Z,2026-09-23 03:56:05,SPXW,2026-09-29,C,7025.0,7764.6401,736.1,2.0,760.1,2.0,0.0,0.0,0.0,0.0,0.9958,0.0,-0.2147,0.141,1.1479
2026-09-23T17:54:02Z,2026-09-23 03:56:05,SPXW,2026-09-29,P,7025.0,7764.6401,0.35,24.0,0.45,49.0,0.4,6.0,106.0,0.288,-0.0042,0.0,-0.2151,0.1414,-0.0052
2026-09-23T17:54:02Z,2026-09-23 03:56:05,SPXW,2026-09-29,C,7050.0,7764.6401,711.1,2.0,735.1,2.0,650.74,0.0,13.0,0.0,0.9954,0.0,-0.2284,0.1529,1.1516
2026-09-23T17:54:02Z,2026-09-23 03:56:05,SPXW,2026-09-29,P,7050.0,7764.6401,0.35,27.0,0.5,50.0,0.45,37.0,297.0,0.281,-0.0046,0.0,-0.2284,0.1529,-0.0057
2026-09-23T17:54:02Z,2026-09-23 03:56:05,SPXW,2026-09-29,C,7075.0,7764.6401,686.3,2.0,710.3,2.0,0.0,0.0,0.0,0.0,0.9949,0.0,-0.2431,0.166,1.1551
2026-09-23T17:54:02Z,2026-09-23 03:56:05,SPXW,2026-09-29,P,7075.0,7764.6401,0.4,24.0,0.5,21.0,0.45,102.0,132.0,0.2736,-0.005,0.0,-0.2432,0.1661,-0.0062
2026-09-23T17:54:02Z,2026-09-23 03:56:05,SPXW,2026-09-29,C,7100.0,7764.6401,661.3,2.0,685.3,2.0,600.97,0.0,13.0,0.0,0.9944,0.0001,-0.2589,0.1804,1.1586
2026-09-23T17:54:02Z,2026-09-23 03:56:05,SPXW,2026-09-29,P,7100.0,7764.6401,0.45,22.0,0.55,46.0,0.5,171.0,500.0,0.2675,-0.0055,0.0001,-0.259,0.1805,-0.0069
2026-09-23T17:54:02Z,2026-09-23 03:56:05,SPXW,2026-09-29,C,7110.0,7764.6401,651.3,2.0,675.3,2.0,0.0,0.0,0.0,0.0,0.9942,0.0001,-0.2656,0.1865,1.16
2026-09-23T17:54:02Z,2026-09-23 03:56:05,SPXW,2026-09-29,P,7110.0,7764.6401,0.45,24.0,0.55,21.0,0.55,5.0,15.0,0.2638,-0.0057,0.0001,-0.2657,0.1866,-0.0071
2026-09-23T17:54:02Z,2026-09-23 03:56:05,SPXW,2026-09-29,C,7120.0,7764.6401,641.4,2.0,665.4,2.0,0.0,0.0,0.0,0.0,0.994,0.0001,-0.2724,0.1929,1.1614
2026-09-23T17:54:02Z,2026-09-23 03:56:05,SPXW,2026-09-29,P,7120.0,7764.6401,0.45,25.0,0.6,48.0,0.55,5.0,5.0,0.2615,-0.006,0.0001,-0.2725,0.193,-0.0074
2026-09-23T17:54:02Z,2026-09-23 03:56:05,SPXW,2026-09-29,C,7125.0,7764.6401,636.4,2.0,660.4,2.0,618.9,0.0,1.0,0.0,0.9939,0.0001,-0.2759,0.1962,1.162
2026-09-23T17:54:02Z,2026-09-23 03:56:05,SPXW,2026-09-29,P,7125.0,7764.6401,0.45,26.0,0.6,47.0,0.55,3.0,65.0,0.2597,-0.0061,0.0001,-0.276,0.1963,-0.0076
2026-09-23T17:54:02Z,2026-09-23 03:56:05,SPXW,2026-09-29,C,7130.0,7764.6401,631.3,2.0,655.3,2.0,0.0,0.0,0.0,0.0,0.9938,0.0001,-0.2795,0.1995,1.1627
2026-09-23T17:54:02Z,2026-09-23 03:56:05,SPXW,2026-09-29,P,7130.0,7764.6401,0.5,22.0,0.6,46.0,0.55,2.0,0.0,0.2592,-0.0062,0.0001,-0.2796,0.1996,-0.0077
2026-09-23T17:54:02Z,2026-09-23 03:56:05,SPXW,2026-09-29,C,7140.0,7764.6401,621.3,2.0,645.3,2.0,0.0,0.0,0.0,0.0,0.9935,0.0001,-0.2868,0.2064,1.164
2026-09-23T17:54:02Z,2026-09-23 03:56:05,SPXW,2026-09-29,P,7140.0,7764.6401,0.5,23.0,0.6,20.0,0.55,1.0,0.0,0.2555,-0.0064,0.0001,-0.2868,0.2064,-0.008
2026-09-23T17:54:02Z,2026-09-23 03:56:05,SPXW,2026-09-29,C,7150.0,7764.6401,611.4,2.0,635.4,2.0,0.0,0.0,0.0,0.0,0.9933,0.0001,-0.2943,0.2136,1.1654
2026-09-23T17:54:02Z,2026-09-23 03:56:05,SPXW,2026-09-29,P,7150.0,7764.6401,0.55,1.0,0.65,46.0,0.65,33.0,373.0,0.2543,-0.0067,0.0001,-0.2943,0.2136,-0.0083
2026-09-23T17:54:02Z,2026-09-23 03:56:05,SPXW,2026-09-29,C,7160.0,7764.6401,601.4,2.0,625.4,2.0,0.0,0.0,0.0,0.0,0.993,0.0001,-0.302,0.221,1.1667
2026-09-23T17:54:02Z,2026-09-23 03:56:05,SPXW,2026-09-29,P,7160.0,7764.6401,0.55,22.0,0.65,44.0,0.6,1.0,10.0,0.2504,-0.007,0.0001,-0.3023,0.2213,-0.0086
2026-09-23T17:54:02Z,2026-09-23 03:56:05,SPXW,2026-09-29,C,7170.0,7764.6401,591.5,2.0,615.5,2.0,0.0,0.0,0.0,0.0,0.9927,0.0001,-0.31,0.2289,1.168
2026-09-23T17:54:02Z,2026-09-23 03:56:05,SPXW,2026-09-29,P,7170.0,7764.6401,0.55,23.0,0.65,19.0,0.6,7.0,9.0,0.2467,-0.0072,0.0001,-0.3103,0.2292,-0.009
2026-09-23T17:54:02Z,2026-09-23 03:56:05,SPXW,2026-09-29,C,7175.0,7764.6401,586.4,2.0,610.4,2.0,0.0,0.0,0.0,0.0,0.9926,0.0001,-0.3141,0.2329,1.1686
2026-09-23T17:54:02Z,2026-09-23 03:56:05,SPXW,2026-09-29,P,7175.0,7764.6401,0.55,24.0,0.7,46.0,0.65,49.0,277.0,0.246,-0.0074,0.0001,-0.3144,0.2332,-0.0092
2026-09-23T17:54:02Z,2026-09-23 03:56:05,SPXW,2026-09-29,C,7180.0,7764.6401,581.4,2.0,605.4,2.0,0.0,0.0,4.0,0.0,0.9924,0.0001,-0.3183,0.2371,1.1693
2026-09-23T17:54:02Z,2026-09-23 03:56:05,SPXW,2026-09-29,P,7180.0,7764.6401,0.55,25.0,0.7,45.0,0.65,6.0,3.0,0.2441,-0.0075,0.0001,-0.3185,0.2374,-0.0094
2026-09-23T17:54:02Z,2026-09-23 03:56:05,SPXW,2026-09-29,C,7190.0,7764.6401,571.5,2.0,595.5,2.0,0.0,0.0,0.0,0.0,0.9921,0.0001,-0.3267,0.2457,1.1705
2026-09-23T17:54:02Z,2026-09-23 03:56:05,SPXW,2026-09-29,P,7190.0,7764.6401,0.6,21.0,0.7,42.0,0.65,1.0,5.0,0.2415,-0.0078,0.0001,-0.327,0.246,-0.0097
2026-09-23T17:54:02Z,2026-09-23 03:56:05,SPXW,2026-09-29,C,7200.0,7764.6401,561.5,2.0,585.5,2.0,502.17,0.0,3.0,0.0,0.9918,0.0001,-0.3355,0.2547,1.1718
2026-09-23T17:54:02Z,2026-09-23 03:56:05,SPXW,2026-09-29,P,7200.0,7764.6401,0.6,23.0,0.75,45.0,0.65,112.0,128.0,0.2388,-0.0081,0.0001,-0.3358,0.255,-0.0101
2026-09-23T17:54:02Z,2026-09-23 03:56:05,SPXW,2026-09-29,C,7210.0,7764.6401,551.6,2.0,575.6,2.0,0.0,0.0,0.0,0.0,0.9915,0.0001,-0.3445,0.2641,1.173
2026-09-23T17:54:02Z,2026-09-23 03:56:05,SPXW,2026-09-29,P,7210.0,7764.6401,0.65,20.0,0.75,43.0,0.7,5.0,3.0,0.236,-0.0085,0.0001,-0.3448,0.2644,-0.0106
2026-09-23T17:54:02Z,2026-09-23 03:56:05,SPXW,2026-09-29,C,7220.0,7764.6401,541.5,2.0,565.5,2.0,0.0,0.0,0.0,0.0,0.9911,0.0001,-0.3538,0.2739,1.1742
2026-09-23T17:54:02Z,2026-09-23 03:56:05,SPXW,2026-09-29,P,7220.0,7764.6401,0.65,22.0,0.75,18.0,0.7,3.0,18.0,0.2322,-0.0088,0.0001,-0.3542,0.2742,-0.011
2026-09-23T17:54:02Z,2026-09-23 03:56:05,SPXW,2026-09-29,C,7225.0,7764.6401,536.5,2.0,560.5,2.0,493.5,0.0,3.0,0.0,0.991,0.0001,-0.3586,0.279,1.1748
2026-09-23T17:54:02Z,2026-09-23 03:56:05,SPXW,2026-09-29,P,7225.0,7764.6401,0.65,23.0,0.8,43.0,0.5,7.0,108.0,0.2313,-0.009,0.0001,-0.3589,0.2793,-0.0112
2026-09-23T17:54:02Z,2026-09-23 03:56:05,SPXW,2026-09-29,C,7230.0,7764.6401,531.3,2.0,555.3,2.0,0.0,0.0,0.0,0.0,0.9908,0.0001,-0.3635,0.2841,1.1753
2026-09-23T17:54:02Z,2026-09-23 03:56:05,SPXW,2026-09-29,P,7230.0,7764.6401,0.65,24.0,0.8,42.0,0.75,145.0,27.0,0.2293,-0.0092,0.0001,-0.3638,0.2845,-0.0115
2026-09-23T17:54:02Z,2026-09-23 03:56:05,SPXW,2026-09-29,C,7240.0,7764.6401,521.6,2.0,545.6,2.0,0.0,0.0,0.0,0.0,0.9904,0.0001,-0.3734,0.2948,1.1765
2026-09-23T17:54:02Z,2026-09-23 03:56:05,SPXW,2026-09-29,P,7240.0,7764.6401,0.7,22.0,0.8,41.0,0.75,2.0,54.0,0.2265,-0.0096,0.0001,-0.3738,0.2951,-0.012
2026-09-23T17:54:02Z,2026-09-23 03:56:05,SPXW,2026-09-29,C,7250.0,7764.6401,511.7,2.0,535.7,2.0,0.0,0.0,0.0,0.0,0.99,0.0001,-0.3838,0.3059,1.1776
2026-09-23T17:54:02Z,2026-09-23 03:56:05,SPXW,2026-09-29,P,7250.0,7764.6401,0.7,23.0,0.85,42.0,0.85,51.0,250.0,0.2235,-0.01,0.0001,-0.3841,0.3062,-0.0125
2026-09-23T17:54:02Z,2026-09-23 03:56:05,SPXW,2026-09-29,C,7255.0,7764.6401,506.6,2.0,530.6,2.0,0.0,0.0,0.0,0.0,0.9897,0.0001,-0.3891,0.3116,1.1782
2026-09-23T17:54:02Z,2026-09-23 03:56:05,SPXW,2026-09-29,P,7255.0,7764.6401,0.75,20.0,0.85,41.0,0.8,7.0,0.0,0.2225,-0.0102,0.0001,-0.3894,0.312,-0.0128
2026-09-23T17:54:02Z,2026-09-23 03:56:05,SPXW,2026-09-29,C,7260.0,7764.6401,501.8,2.0,525.8,2.0,0.0,0.0,0.0,0.0,0.9895,0.0001,-0.3945,0.3175,1.1787
2026-09-23T17:54:02Z,2026-09-23 03:56:05,SPXW,2026-09-29,P,7260.0,7764.6401,0.75,21.0,0.85,41.0,0.8,8.0,59.0,0.2205,-0.0105,0.0001,-0.3948,0.3179,-0.0131
2026-09-23T17:54:02Z,2026-09-23 03:56:05,SPXW,2026-09-29,C,7265.0,7764.6401,496.7,2.0,520.7,2.0,0.0,0.0,0.0,0.0,0.9893,0.0001,-0.4,0.3235,1.1792
2026-09-23T17:54:02Z,2026-09-23 03:56:05,SPXW,2026-09-29,P,7265.0,7764.6401,0.75,22.0,0.9,42.0,0.8,5.0,1.0,0.2195,-0.0107,0.0001,-0.4003,0.3239,-0.0134
2026-09-23T17:54:02Z,2026-09-23 03:56:05,SPXW,2026-09-29,C,7270.0,7764.6401,491.7,2.0,515.7,2.0,0.0,0.0,0.0,0.0,0.989,0.0001,-0.4056,0.3296,1.1798
2026-09-23T17:54:02Z,2026-09-23 03:56:05,SPXW,2026-09-29,P,7270.0,7764.6401,0.75,23.0,0.9,41.0,0.8,5.0,6.0,0.2176,-0.0109,0.0001,-0.4057,0.3298,-0.0136
2026-09-23T17:54:02Z,2026-09-23 03:56:05,SPXW,2026-09-29,C,7275.0,7764.6401,486.8,2.0,510.8,2.0,0.0,0.0,0.0,0.0,0.9888,0.0001,-0.4112,0.336,1.1803
2026-09-23T17:54:02Z,2026-09-23 03:56:05,SPXW,2026-09-29,P,7275.0,7764.6401,0.8,20.0,0.9,40.0,0.85,30.0,221.0,0.2164,-0.0112,0.0001,-0.4116,0.3364,-0.0139
2026-09-23T17:54:02Z,2026-09-23 03:56:05,SPXW,2026-09-29,C,7280.0,7764.6401,481.8,2.0,505.8,2.0,0.0,0.0,0.0,0.0,0.9886,0.0001,-0.417,0.3425,1.1808
2026-09-23T17:54:02Z,2026-09-23 03:56:05,SPXW,2026-09-29,P,7280.0,7764.6401,0.8,21.0,0.95,41.0,0.85,3.0,16.0,0.2153,-0.0114,0.0001,-0.4174,0.3429,-0.0142
2026-09-23T17:54:02Z,2026-09-23 03:56:05,SPXW,2026-09-29,C,7285.0,7764.6401,476.7,2.0,500.7,2.0,0.0,0.0,0.0,0.0,0.9883,0.0001,-0.4229,0.3492,1.1813
2026-09-23T17:54:02Z,2026-09-23 03:56:05,SPXW,2026-09-29,P,7285.0,7764.6401,0.8,22.0,0.95,40.0,0.85,3.0,9.0,0.2133,-0.0117,0.0001,-0.4233,0.3496,-0.0146
2026-09-23T17:54:02Z,2026-09-23 03:56:05,SPXW,2026-09-29,C,7290.0,7764.6401,471.9,2.0,495.9,2.0,0.0,0.0,0.0,0.0,0.988,0.0001,-0.4289,0.356,1.1818
2026-09-23T17:54:02Z,2026-09-23 03:56:05,SPXW,2026-09-29,P,7290.0,7764.6401,0.85,19.0,0.95,39.0,0.9,7.0,7.0,0.2121,-0.0119,0.0001,-0.4293,0.3565,-0.0149
2026-09-23T17:54:02Z,2026-09-23 03:56:05,SPXW,2026-09-29,C,7295.0,7764.6401,466.8,2.0,490.8,2.0,0.0,0.0,0.0,0.0,0.9878,0.0001,-0.4351,0.3631,1.1823
2026-09-23T17:54:02Z,2026-09-23 03:56:05,SPXW,2026-09-29,P,7295.0,7764.6401,0.85,20.0,0.95,22.0,0.9,4.0,5.0,0.2102,-0.0122,0.0001,-0.4355,0.3636,-0.0152
2026-09-23T17:54:02Z,2026-09-23 03:56:05,SPXW,2026-09-29,C,7300.0,7764.6401,461.9,2.0,485.9,2.0,485.07,1.0,1.0,0.0,0.9875,0.0001,-0.4413,0.3703,1.1827
2026-09-23T17:54:02Z,2026-09-23 03:56:05,SPXW,2026-09-29,P,7300.0,7764.6401,0.85,27.0,0.95,6.0,0.95,192.0,646.0,0.209,-0.0125,0.0001,-0.4417,0.3708,-0.0156
2026-09-23T17:54:02Z,2026-09-23 03:56:05,SPXW,2026-09-29,C,7305.0,7764.6401,456.8,2.0,480.8,2.0,0.0,0.0,0.0,0.0,0.9872,0.0001,-0.4477,0.3777,1.1832
2026-09-23T17:54:02Z,2026-09-23 03:56:05,SPXW,2026-09-29,P,7305.0,7764.6401,0.9,19.0,1.0,38.0,0.95,71.0,24.0,0.2079,-0.0127,0.0001,-0.4477,0.3777,-0.0159
2026-09-23T17:54:02Z,2026-09-23 03:56:05,SPXW,2026-09-29,C,7310.0,7764.6401,451.9,2.0,475.9,2.0,0.0,0.0,0.0,0.0,0.9869,0.0001,-0.4542,0.3854,1.1837
2026-09-23T17:54:02Z,2026-09-23 03:56:05,SPXW,2026-09-29,P,7310.0,7764.6401,0.9,20.0,1.0,22.0,0.95,23.0,181.0,0.2059,-0.013,0.0001,-0.4542,0.3854,-0.0163
2026-09-23T17:54:02Z,2026-09-23 03:56:05,SPXW,2026-09-29,C,7315.0,7764.6401,446.9,2.0,470.9,2.0,0.0,0.0,0.0,0.0,0.9866,0.0002,-0.4608,0.3932,1.1841
2026-09-23T17:54:02Z,2026-09-23 03:56:05,SPXW,2026-09-29,P,7315.0,7764.6401,0.9,21.0,1.05,39.0,0.95,3.0,4.0,0.2046,-0.0133,0.0002,-0.4608,0.3932,-0.0167
2026-09-23T17:54:02Z,2026-09-23 03:56:05,SPXW,2026-09-29,C,7320.0,7764.6401,441.8,2.0,465.8,2.0,0.0,0.0,0.0,0.0,0.9863,0.0002,-0.4675,0.4013,1.1845
2026-09-23T17:54:02Z,2026-09-23 03:56:05,SPXW,2026-09-29,P,7320.0,7764.6401,0.95,19.0,1.05,38.0,1.0,11.0,65.0,0.2033,-0.0136,0.0002,-0.4675,0.4013,-0.017
2026-09-23T17:54:02Z,2026-09-23 03:56:05,SPXW,2026-09-29,C,7325.0,7764.6401,437.0,2.0,461.0,2.0,460.14,1.0,2.0,0.0,0.986,0.0002,-0.4744,0.4095,1.1849
2026-09-23T17:54:02Z,2026-09-23 03:56:05,SPXW,2026-09-29,P,7325.0,7764.6401,0.95,20.0,1.05,22.0,1.0,34.0,179.0,0.2013,-0.014,0.0002,-0.4744,0.4095,-0.0175
2026-09-23T17:54:02Z,2026-09-23 03:56:05,SPXW,2026-09-29,C,7330.0,7764.6401,432.0,2.0,456.0,2.0,0.0,0.0,0.0,0.0,0.9856,0.0002,-0.4815,0.418,1.1853
2026-09-23T17:54:02Z,2026-09-23 03:56:05,SPXW,2026-09-29,P,7330.0,7764.6401,0.95,18.0,1.1,38.0,1.05,1.0,64.0,0.2,-0.0143,0.0002,-0.4815,0.418,-0.0179
2026-09-23T17:54:02Z,2026-09-23 03:56:05,SPXW,2026-09-29,C,7335.0,7764.6401,427.0,2.0,451.0,2.0,0.0,0.0,0.0,0.0,0.9853,0.0002,-0.4887,0.4267,1.1857
2026-09-23T17:54:02Z,2026-09-23 03:56:05,SPXW,2026-09-29,P,7335.0,7764.6401,1.0,19.0,1.1,38.0,1.05,1.0,2.0,0.1987,-0.0147,0.0002,-0.4887,0.4267,-0.0183
2026-09-23T17:54:02Z,2026-09-23 03:56:05,SPXW,2026-09-29,C,7340.0,7764.6401,422.1,2.0,446.1,2.0,317.79,0.0,30.0,0.0,0.985,0.0002,-0.4961,0.4356,1.1861
2026-09-23T17:54:02Z,2026-09-23 03:56:05,SPXW,2026-09-29,P,7340.0,7764.6401,1.0,18.0,1.1,22.0,0.84,9.0,47.0,0.1967,-0.015,0.0002,-0.4961,0.4356,-0.0188
2026-09-23T17:54:02Z,2026-09-23 03:56:05,SPXW,2026-09-29,C,7345.0,7764.6401,417.0,2.0,441.0,2.0,0.0,0.0,0.0,0.0,0.9846,0.0002,-0.5036,0.4447,1.1864
2026-09-23T17:54:02Z,2026-09-23 03:56:05,SPXW,2026-09-29,P,7345.0,7764.6401,1.05,19.0,1.15,38.0,1.05,7.0,13.0,0.1959,-0.0154,0.0002,-0.5036,0.4447,-0.0192
2026-09-23T17:54:02Z,2026-09-23 03:56:05,SPXW,2026-09-29,C,7350.0,7764.6401,412.0,2.0,436.0,2.0,0.0,0.0,0.0,0.0,0.9842,0.0002,-0.5113,0.4541,1.1868
2026-09-23T17:54:02Z,2026-09-23 03:56:05,SPXW,2026-09-29,P,7350.0,7764.6401,1.05,21.0,1.15,22.0,1.1,41.0,209.0,0.1939,-0.0158,0.0002,-0.5113,0.4541,-0.0197
2026-09-23T17:54:02Z,2026-09-23 03:56:05,SPXW,2026-09-29,C,7355.0,7764.6401,407.0,2.0,431.0,2.0,0.0,0.0,0.0,0.0,0.9838,0.0002,-0.5192,0.4637,1.1871
2026-09-23T17:54:02Z,2026-09-23 03:56:05,SPXW,2026-09-29,P,7355.0,7764.6401,1.05,22.0,1.2,37.0,1.1,9.0,40.0,0.1925,-0.0162,0.0002,-0.5192,0.4637,-0.0202
2026-09-23T17:54:02Z,2026-09-23 03:56:05,SPXW,2026-09-29,C,7360.0,7764.6401,401.9,2.0,425.9,2.0,346.75,0.0,1.0,0.0,0.9834,0.0002,-0.5273,0.4736,1.1874
2026-09-23T17:54:02Z,2026-09-23 03:56:05,SPXW,2026-09-29,P,7360.0,7764.6401,1.1,20.0,1.2,22.0,1.17,2.0,85.0,0.1911,-0.0166,0.0002,-0.5273,0.4736,-0.0208
2026-09-23T17:54:02Z,2026-09-23 03:56:05,SPXW,2026-09-29,C,7365.0,7764.6401,397.1,2.0,421.1,2.0,0.0,0.0,0.0,0.0,0.983,0.0002,-0.5356,0.4838,1.1877
2026-09-23T17:54:02Z,2026-09-23 03:56:05,SPXW,2026-09-29,P,7365.0,7764.6401,1.1,22.0,1.25,36.0,1.15,21.0,1.0,0.1896,-0.017,0.0002,-0.5356,0.4838,-0.0213
2026-09-23T17:54:02Z,2026-09-23 03:56:05,SPXW,2026-09-29,C,7370.0,7764.6401,392.1,2.0,416.1,2.0,0.0,0.0,0.0,0.0,0.9825,0.0002,-0.5442,0.4944,1.188
2026-09-23T17:54:02Z,2026-09-23 03:56:05,SPXW,2026-09-29,P,7370.0,7764.6401,1.15,16.0,1.25,21.0,1.15,12.0,267.0,0.1882,-0.0174,0.0002,-0.5442,0.4944,-0.0218
2026-09-23T17:54:02Z,2026-09-23 03:56:05,SPXW,2026-09-29,C,7375.0,7764.6401,387.1,2.0,411.1,2.0,341.22,0.0,0.0,0.0,0.9821,0.0002,-0.5529,0.5052,1.1882
2026-09-23T17:54:02Z,2026-09-23 03:56:05,SPXW,2026-09-29,P,7375.0,7764.6401,1.15,20.0,1.3,36.0,1.2,30.0,157.0,0.1867,-0.0179,0.0002,-0.5529,0.5052,-0.0224
2026-09-23T17:54:02Z,2026-09-23 03:56:05,SPXW,2026-09-29,C,7380.0,7764.6401,382.3,2.0,406.3,2.0,0.0,0.0,0.0,0.0,0.9816,0.0002,-0.5619,0.5165,1.1884
2026-09-23T17:54:02Z,2026-09-23 03:56:05,SPXW,2026-09-29,P,7380.0,7764.6401,1.2,16.0,1.3,21.0,1.2,274.0,157.0,0.1852,-0.0183,0.0002,-0.5619,0.5165,-0.023
2026-09-23T17:54:02Z,2026-09-23 03:56:05,SPXW,2026-09-29,C,7385.0,7764.6401,377.2,2.0,401.2,2.0,343.02,0.0,1.0,0.0,0.9811,0.0002,-0.5711,0.5281,1.1887
2026-09-23T17:54:02Z,2026-09-23 03:56:05,SPXW,2026-09-29,P,7385.0,7764.6401,1.2,20.0,1.35,35.0,1.25,5.0,20.0,0.1836,-0.0188,0.0002,-0.5711,0.5281,-0.0236
2026-09-23T17:54:02Z,2026-09-23 03:56:05,SPXW,2026-09-29,C,7390.0,7764.6401,372.2,2.0,396.2,2.0,0.0,0.0,0.0,0.0,0.9806,0.0002,-0.5805,0.5401,1.1888
2026-09-23T17:54:02Z,2026-09-23 03:56:05,SPXW,2026-09-29,P,7390.0,7764.6401,1.25,20.0,1.35,21.0,1.25,190.0,216.0,0.1821,-0.0193,0.0002,-0.5805,0.5401,-0.0242
2026-09-23T17:54:02Z,2026-09-23 03:56:05,SPXW,2026-09-29,C,7395.0,7764.6401,367.1,2.0,391.1,2.0,0.0,0.0,0.0,0.0,0.9801,0.0002,-0.5903,0.5526,1.189
2026-09-23T17:54:02Z,2026-09-23 03:56:05,SPXW,2026-09-29,P,7395.0,7764.6401,1.3,19.0,1.4,35.0,1.3,2.0,39.0,0.1811,-0.0198,0.0002,-0.5903,0.5526,-0.0249
2026-09-23T17:54:02Z,2026-09-23 03:56:05,SPXW,2026-09-29,C,7400.0,7764.6401,365.2,1.0,386.4,2.0,274.21,0.0,6.0,0.0,0.9796,0.0003,-0.6002,0.5655,1.1892
2026-09-23T17:54:02Z,2026-09-23 03:56:05,SPXW,2026-09-29,P,7400.0,7764.6401,1.3,24.0,1.4,26.0,1.35,354.0,299.0,0.179,-0.0204,0.0003,-0.6002,0.5655,-0.0256
2026-09-23T17:54:02Z,2026-09-23 03:56:05,SPXW,2026-09-29,C,7405.0,7764.6401,360.2,1.0,381.4,2.0,0.0,0.0,0.0,0.0,0.979,0.0003,-0.6105,0.5788,1.1893
2026-09-23T17:54:02Z,2026-09-23 03:56:05,SPXW,2026-09-29,P,7405.0,7764.6401,1.35,15.0,1.45,21.0,1.37,35.0,14.0,0.1778,-0.021,0.0003,-0.6109,0.5792,-0.0263
2026-09-23T17:54:02Z,2026-09-23 03:56:05,SPXW,2026-09-29,C,7410.0,7764.6401,355.2,1.0,376.5,2.0,0.0,0.0,0.0,0.0,0.9784,0.0003,-0.6211,0.5925,1.1893
2026-09-23T17:54:02Z,2026-09-23 03:56:05,SPXW,2026-09-29,P,7410.0,7764.6401,1.4,14.0,1.5,35.0,1.43,21.0,27.0,0.1767,-0.0216,0.0003,-0.6215,0.5929,-0.027
2026-09-23T17:54:02Z,2026-09-23 03:56:05,SPXW,2026-09-29,C,7415.0,7764.6401,350.3,1.0,371.4,2.0,0.0,0.0,0.0,0.0,0.9778,0.0003,-0.6321,0.6067,1.1894
2026-09-23T17:54:02Z,2026-09-23 03:56:05,SPXW,2026-09-29,P,7415.0,7764.6401,1.4,18.0,1.5,20.0,1.4,8.0,58.0,0.1746,-0.0222,0.0003,-0.6324,0.6071,-0.0278
2026-09-23T17:54:02Z,2026-09-23 03:56:05,SPXW,2026-09-29,C,7420.0,7764.6401,345.3,1.0,366.5,1.0,356.1,0.0,5.0,0.0,0.9772,0.0003,-0.6434,0.6213,1.1894
2026-09-23T17:54:02Z,2026-09-23 03:56:05,SPXW,2026-09-29,P,7420.0,7764.6401,1.45,18.0,1.55,20.0,1.45,15.0,58.0,0.1734,-0.0228,0.0003,-0.6437,0.6218,-0.0286
2026-09-23T17:54:02Z,2026-09-23 03:56:05,SPXW,2026-09-29,C,7425.0,7764.6401,340.4,1.0,361.5,2.0,0.0,0.0,0.0,0.0,0.9765,0.0003,-0.655,0.6364,1.1893
2026-09-23T17:54:02Z,2026-09-23 03:56:05,SPXW,2026-09-29,P,7425.0,7764.6401,1.5,18.0,1.6,20.0,1.55,36.0,86.0,0.1722,-0.0235,0.0003,-0.6554,0.6369,-0.0295
2026-09-23T17:54:02Z,2026-09-23 03:56:05,SPXW,2026-09-29,C,7430.0,7764.6401,335.4,1.0,356.6,2.0,299.1,0.0,1.0,0.0,0.9758,0.0003,-0.667,0.652,1.1893
2026-09-23T17:54:02Z,2026-09-23 03:56:05,SPXW,2026-09-29,P,7430.0,7764.6401,1.5,18.0,1.65,33.0,1.55,41.0,254.0,0.1705,-0.0242,0.0003,-0.6674,0.6525,-0.0304
2026-09-23T17:54:02Z,2026-09-23 03:56:05,SPXW,2026-09-29,C,7435.0,7764.6401,330.4,1.0,351.7,2.0,0.0,0.0,0.0,0.0,0.9751,0.0003,-0.6794,0.6681,1.1892
2026-09-23T17:54:02Z,2026-09-23 03:56:05,SPXW,2026-09-29,P,7435.0,7764.6401,1.55,18.0,1.65,20.0,1.6,29.0,252.0,0.1688,-0.0249,0.0003,-0.6794,0.6681,-0.0313
2026-09-23T17:54:02Z,2026-09-23 03:56:05,SPXW,2026-09-29,C,7440.0,7764.6401,325.5,1.0,346.6,2.0,338.23,3.0,30.0,0.0,0.9743,0.0003,-0.6923,0.6848,1.189
2026-09-23T17:54:02Z,2026-09-23 03:56:05,SPXW,2026-09-29,P,7440.0,7764.6401,1.6,14.0,1.7,20.0,1.55,73.0,255.0,0.1675,-0.0256,0.0003,-0.6923,0.6848,-0.0323
2026-09-23T17:54:02Z,2026-09-23 03:56:05,SPXW,2026-09-29,C,7445.0,7764.6401,320.5,1.0,341.8,2.0,331.45,0.0,1.0,0.1331,0.9735,0.0004,-0.7056,0.7022,1.1888
2026-09-23T17:54:02Z,2026-09-23 03:56:05,SPXW,2026-09-29,P,7445.0,7764.6401,1.65,17.0,1.75,19.0,1.65,26.0,220.0,0.1662,-0.0264,0.0004,-0.7056,0.7022,-0.0333
2026-09-23T17:54:02Z,2026-09-23 03:56:05,SPXW,2026-09-29,C,7450.0,7764.6401,315.6,1.0,336.8,2.0,325.17,1.0,9.0,0.1333,0.9727,0.0004,-0.7194,0.7202,1.1886
2026-09-23T17:54:02Z,2026-09-23 03:56:05,SPXW,2026-09-29,P,7450.0,7764.6401,1.7,17.0,1.8,23.0,1.75,3130.0,728.0,0.1648,-0.0273,0.0004,-0.7194,0.7202,-0.0343
2026-09-23T17:54:02Z,2026-09-23 03:56:05,SPXW,2026-09-29,C,7455.0,7764.6401,310.7,1.0,331.8,2.0,179.09,0.0,1.0,0.1333,0.9718,0.0004,-0.7337,0.7389,1.1884
2026-09-23T17:54:02Z,2026-09-23 03:56:05,SPXW,2026-09-29,P,7455.0,7764.6401,1.75,17.0,1.85,23.0,1.75,6.0,646.0,0.1634,-0.0281,0.0004,-0.7337,0.7389,-0.0354
2026-09-23T17:54:02Z,2026-09-23 03:56:05,SPXW,2026-09-29,C,7460.0,7764.6401,305.9,1.0,326.8,2.0,0.0,0.0,0.0,0.1348,0.9709,0.0004,-0.7484,0.7584,1.188
2026-09-23T17:54:02Z,2026-09-23 03:56:05,SPXW,2026-09-29,P,7460.0,7764.6401,1.8,16.0,1.9,23.0,1.8,36.0,727.0,0.162,-0.029,0.0004,-0.7484,0.7584,-0.0365
2026-09-23T17:54:02Z,2026-09-23 03:56:05,SPXW,2026-09-29,C,7465.0,7764.6401,300.8,1.0,322.0,2.0,0.0,0.0,0.0,0.1344,0.97,0.0004,-0.7638,0.7788,1.1877
2026-09-23T17:54:02Z,2026-09-23 03:56:05,SPXW,2026-09-29,P,7465.0,7764.6401,1.85,16.0,1.95,22.0,1.6,12.0,701.0,0.1605,-0.03,0.0004,-0.7638,0.7788,-0.0377
2026-09-23T17:54:02Z,2026-09-23 03:56:05,SPXW,2026-09-29,C,7470.0,7764.6401,295.8,1.0,317.0,2.0,0.0,0.0,0.0,0.1323,0.969,0.0004,-0.7796,0.8,1.1872
2026-09-23T17:54:02Z,2026-09-23 03:56:05,SPXW,2026-09-29,P,7470.0,7764.6401,1.9,16.0,2.0,4.0,1.85,71.0,535.0,0.1593,-0.031,0.0004,-0.7796,0.8,-0.039
2026-09-23T17:54:02Z,2026-09-23 03:56:05,SPXW,2026-09-29,C,7475.0,7764.6401,290.9,1.0,312.1,2.0,312.75,1.0,84.0,0.1332,0.9679,0.0004,-0.7961,0.822,1.1867
2026-09-23T17:54:02Z,2026-09-23 03:56:05,SPXW,2026-09-29,P,7475.0,7764.6401,1.95,20.0,2.05,4.0,1.9,431.0,861.0,0.1578,-0.032,0.0004,-0.7961,0.822,-0.0403
2026-09-23T17:54:02Z,2026-09-23 03:56:05,SPXW,2026-09-29,C,7480.0,7764.6401,285.9,1.0,307.2,2.0,291.93,1.0,4.0,0.1324,0.9668,0.0004,-0.8132,0.8448,1.1862
2026-09-23T17:54:02Z,2026-09-23 03:56:05,SPXW,2026-09-29,P,7480.0,7764.6401,2.0,20.0,2.1,4.0,1.8,103.0,468.0,0.1562,-0.0331,0.0004,-0.8132,0.8448,-0.0417
2026-09-23T17:54:02Z,2026-09-23 03:56:05,SPXW,2026-09-29,C,7485.0,7764.6401,280.9,1.0,302.1,2.0,109.8,0.0,4.0,0.1291,0.9657,0.0005,-0.8309,0.8685,1.1855
2026-09-23T17:54:02Z,2026-09-23 03:56:05,SPXW,2026-09-29,P,7485.0,7764.6401,2.1,15.0,2.2,21.0,2.1,382.0,777.0,0.155,-0.0343,0.0005,-0.8309,0.8685,-0.0432
2026-09-23T17:54:02Z,2026-09-23 03:56:05,SPXW,2026-09-29,C,7490.0,7764.6401,276.0,1.0,297.2,2.0,293.9,2.0,2.0,0.1295,0.9644,0.0005,-0.8494,0.893,1.1848
2026-09-23T17:54:02Z,2026-09-23 03:56:05,SPXW,2026-09-29,P,7490.0,7764.6401,2.15,15.0,2.25,4.0,2.2,118.0,447.0,0.1537,-0.0355,0.0005,-0.8494,0.893,-0.0447
2026-09-23T17:54:02Z,2026-09-23 03:56:05,SPXW,2026-09-29,C,7495.0,7764.6401,271.1,1.0,292.5,2.0,0.0,0.0,0.0,0.1319,0.9632,0.0005,-0.8685,0.9185,1.184
2026-09-23T17:54:02Z,2026-09-23 03:56:05,SPXW,2026-09-29,P,7495.0,7764.6401,2.2,19.0,2.35,21.0,2.15,337.0,670.0,0.152,-0.0368,0.0005,-0.8685,0.9185,-0.0464
2026-09-23T17:54:02Z,2026-09-23 03:56:05,SPXW,2026-09-29,C,7500.0,7764.6401,266.2,1.0,287.5,2.0,278.92,2.0,43.0,0.1308,0.9618,0.0005,-0.8884,0.9449,1.183
2026-09-23T17:54:02Z,2026-09-23 03:56:05,SPXW,2026-09-29,P,7500.0,7764.6401,2.3,14.0,2.4,4.0,2.36,398.0,789.0,0.151,-0.0381,0.0005,-0.8884,0.9449,-0.0481
2026-09-23T17:54:02Z,2026-09-23 03:56:05,SPXW,2026-09-29,C,7505.0,7764.6401,261.2,1.0,282.6,2.0,137.77,0.0,1.0,0.1296,0.9604,0.0005,-0.9092,0.9724,1.1821
2026-09-23T17:54:02Z,2026-09-23 03:56:05,SPXW,2026-09-29,P,7505.0,7764.6401,2.35,14.0,2.55,27.0,2.24,189.0,566.0,0.1495,-0.0395,0.0005,-0.9092,0.9724,-0.0499
2026-09-23T17:54:02Z,2026-09-23 03:56:05,SPXW,2026-09-29,C,7510.0,7764.6401,256.3,1.0,277.7,2.0,270.99,3.0,2.0,0.1293,0.9589,0.0006,-0.9307,1.0011,1.181
2026-09-23T17:54:02Z,2026-09-23 03:56:05,SPXW,2026-09-29,P,7510.0,7764.6401,2.45,14.0,2.6,27.0,2.35,41.0,198.0,0.148,-0.041,0.0006,-0.9307,1.0011,-0.0518
2026-09-23T17:54:02Z,2026-09-23 03:56:05,SPXW,2026-09-29,C,7515.0,7764.6401,251.4,1.0,272.8,2.0,159.1,0.0,6.0,0.1288,0.9574,0.0006,-0.953,1.0311,1.1799
2026-09-23T17:54:02Z,2026-09-23 03:56:05,SPXW,2026-09-29,P,7515.0,7764.6401,2.55,14.0,2.7,26.0,2.6,49.0,21.0,0.1468,-0.0426,0.0006,-0.953,1.0311,-0.0537
2026-09-23T17:54:02Z,2026-09-23 03:56:05,SPXW,2026-09-29,C,7520.0,7764.6401,246.5,1.0,267.9,2.0,263.91,0.0,18.0,0.1283,0.9557,0.0006,-0.9763,1.0624,1.1786
2026-09-23T17:54:02Z,2026-09-23 03:56:05,SPXW,2026-09-29,P,7520.0,7764.6401,2.65,10.0,2.8,25.0,2.65,65.0,1019.0,0.1455,-0.0442,0.0006,-0.9763,1.0624,-0.0558
2026-09-23T17:54:02Z,2026-09-23 03:56:05,SPXW,2026-09-29,C,7525.0,7764.6401,241.6,1.0,263.0,2.0,209.57,0.0,20.0,0.1276,0.954,0.0006,-1.0004,1.0951,1.1773
2026-09-23T17:54:02Z,2026-09-23 03:56:05,SPXW,2026-09-29,P,7525.0,7764.6401,2.7,16.0,2.85,3.0,2.75,61.0,438.0,0.1437,-0.046,0.0006,-1.0004,1.0951,-0.058
2026-09-23T17:54:02Z,2026-09-23 03:56:05,SPXW,2026-09-29,C,7530.0,7764.6401,236.7,1.0,258.1,2.0,142.6,0.0,6.0,0.1268,0.9522,0.0007,-1.0255,1.1292,1.1758
2026-09-23T17:54:02Z,2026-09-23 03:56:05,SPXW,2026-09-29,P,7530.0,7764.6401,2.85,10.0,3.0,24.0,2.85,94.0,579.0,0.1428,-0.0478,0.0007,-1.0255,1.1292,-0.0603
2026-09-23T17:54:02Z,2026-09-23 03:56:05,SPXW,2026-09-29,C,7535.0,7764.6401,231.8,1.0,253.1,2.0,84.2,0.0,3.0,0.1253,0.9502,0.0007,-1.0516,1.1646,1.1741
2026-09-23T17:54:02Z,2026-09-23 03:56:05,SPXW,2026-09-29,P,7535.0,7764.6401,2.95,9.0,3.1,21.0,3.03,312.0,206.0,0.1414,-0.0497,0.0007,-1.0516,1.1646,-0.0628
2026-09-23T17:54:02Z,2026-09-23 03:56:05,SPXW,2026-09-29,C,7540.0,7764.6401,226.9,1.0,248.3,2.0,239.96,2.0,6.0,0.125,0.9482,0.0007,-1.0786,1.2012,1.1723
2026-09-23T17:54:02Z,2026-09-23 03:56:05,SPXW,2026-09-29,P,7540.0,7764.6401,3.0,8.0,3.2,7.0,3.1,176.0,126.0,0.1397,-0.0518,0.0007,-1.0786,1.2012,-0.0654
2026-09-23T17:54:02Z,2026-09-23 03:56:05,SPXW,2026-09-29,C,7545.0,7764.6401,222.1,1.0,243.5,2.0,78.95,0.0,7.0,0.1252,0.946,0.0008,-1.1067,1.2392,1.1703
2026-09-23T17:54:02Z,2026-09-23 03:56:05,SPXW,2026-09-29,P,7545.0,7764.6401,3.1,8.0,3.4,20.0,3.2,71.0,69.0,0.1386,-0.0539,0.0008,-1.1067,1.2392,-0.0682
2026-09-23T17:54:02Z,2026-09-23 03:56:05,SPXW,2026-09-29,C,7550.0,7764.6401,217.2,1.0,238.6,2.0,228.26,1.0,37.0,0.124,0.9438,0.0008,-1.1359,1.2786,1.1682
2026-09-23T17:54:02Z,2026-09-23 03:56:05,SPXW,2026-09-29,P,7550.0,7764.6401,3.3,10.0,3.5,23.0,3.3,236.0,538.0,0.1375,-0.0562,0.0008,-1.1359,1.2786,-0.0711
2026-09-23T17:54:02Z,2026-09-23 03:56:05,SPXW,2026-09-29,C,7555.0,7764.6401,212.3,1.0,233.7,2.0,213.35,2.0,11.0,0.1228,0.9414,0.0008,-1.1662,1.3195,1.166
2026-09-23T17:54:02Z,2026-09-23 03:56:05,SPXW,2026-09-29,P,7555.0,7764.6401,3.4,9.0,3.6,20.0,3.5,15.0,49.0,0.1359,-0.0586,0.0008,-1.1662,1.3195,-0.0742
2026-09-23T17:54:02Z,2026-09-23 03:56:05,SPXW,2026-09-29,C,7560.0,7764.6401,207.5,1.0,228.9,2.0,207.05,0.0,85.0,0.1226,0.9388,0.0008,-1.1976,1.3623,1.1636
2026-09-23T17:54:02Z,2026-09-23 03:56:05,SPXW,2026-09-29,P,7560.0,7764.6401,3.6,7.0,3.8,19.0,3.6,126.0,177.0,0.135,-0.0611,0.0008,-1.1976,1.3623,-0.0774
2026-09-23T17:54:02Z,2026-09-23 03:56:05,SPXW,2026-09-29,C,7565.0,7764.6401,202.6,1.0,225.7,1.0,202.35,0.0,12.0,0.1289,0.9362,0.0009,-1.2302,1.4069,1.1611
2026-09-23T17:54:02Z,2026-09-23 03:56:05,SPXW,2026-09-29,P,7565.0,7764.6401,3.7,9.0,3.9,19.0,3.9,43.0,93.0,0.1333,-0.0638,0.0009,-1.2302,1.4069,-0.0807
2026-09-23T17:54:02Z,2026-09-23 03:56:05,SPXW,2026-09-29,C,7570.0,7764.6401,199.8,1.0,217.6,2.0,199.22,1.0,6.0,0.1226,0.9333,0.0009,-1.2639,1.4535,1.1583
2026-09-23T17:54:02Z,2026-09-23 03:56:05,SPXW,2026-09-29,P,7570.0,7764.6401,3.9,8.0,4.1,18.0,4.01,191.0,286.0,0.1323,-0.0666,0.0009,-1.2639,1.4535,-0.0843
2026-09-23T17:54:02Z,2026-09-23 03:56:05,SPXW,2026-09-29,C,7575.0,7764.6401,194.9,1.0,212.8,2.0,204.23,6.0,32.0,0.1214,0.9303,0.001,-1.2988,1.502,1.1553
2026-09-23T17:54:02Z,2026-09-23 03:56:05,SPXW,2026-09-29,P,7575.0,7764.6401,4.0,9.0,4.3,18.0,4.1,541.0,272.0,0.1309,-0.0696,0.001,-1.2988,1.502,-0.0881
2026-09-23T17:54:02Z,2026-09-23 03:56:05,SPXW,2026-09-29,C,7580.0,7764.6401,190.1,1.0,208.0,2.0,206.73,0.0,61.0,0.1207,0.9272,0.001,-1.3348,1.5521,1.1521
2026-09-23T17:54:02Z,2026-09-23 03:56:05,SPXW,2026-09-29,P,7580.0,7764.6401,4.2,7.0,4.5,17.0,4.3,425.0,316.0,0.1297,-0.0728,0.001,-1.3348,1.5521,-0.0922
2026-09-23T17:54:02Z,2026-09-23 03:56:05,SPXW,2026-09-29,C,7585.0,7764.6401,185.3,1.0,203.0,2.0,103.8,0.0,60.0,0.119,0.9238,0.001,-1.3721,1.6037,1.1486
2026-09-23T17:54:02Z,2026-09-23 03:56:05,SPXW,2026-09-29,P,7585.0,7764.6401,4.4,7.0,4.7,17.0,4.6,207.0,87.0,0.1285,-0.0761,0.001,-1.3721,1.6037,-0.0965
2026-09-23T17:54:02Z,2026-09-23 03:56:05,SPXW,2026-09-29,C,7590.0,7764.6401,180.5,1.0,198.2,2.0,199.1,13.0,31.0,0.118,0.9203,0.0011,-1.4107,1.657,1.1448
2026-09-23T17:54:02Z,2026-09-23 03:56:05,SPXW,2026-09-29,P,7590.0,7764.6401,4.6,8.0,4.9,17.0,4.78,540.0,280.0,0.1272,-0.0797,0.0011,-1.4107,1.657,-0.1011
2026-09-23T17:54:02Z,2026-09-23 03:56:05,SPXW,2026-09-29,C,7595.0,7764.6401,175.7,1.0,193.4,2.0,183.43,3.0,40.0,0.117,0.9166,0.0012,-1.4504,1.7123,1.1409
2026-09-23T17:54:02Z,2026-09-23 03:56:05,SPXW,2026-09-29,P,7595.0,7764.6401,4.8,7.0,5.0,12.0,5.0,507.0,45.0,0.1255,-0.0834,0.0012,-1.4504,1.7123,-0.1058
2026-09-23T17:54:02Z,2026-09-23 03:56:05,SPXW,2026-09-29,C,7600.0,7764.6401,180.4,3.0,181.9,3.0,189.8,17.0,216.0,0.1249,0.9126,0.0012,-1.4915,1.7697,1.1367
2026-09-23T17:54:02Z,2026-09-23 03:56:05,SPXW,2026-09-29,P,7600.0,7764.6401,5.1,9.0,5.3,20.0,5.2,910.0,1091.0,0.1247,-0.0874,0.0012,-1.4915,1.7697,-0.1108
2026-09-23T17:54:02Z,2026-09-23 03:56:05,SPXW,2026-09-29,C,7605.0,7764.6401,166.3,1.0,184.1,2.0,173.98,3.0,62.0,0.1163,0.9084,0.0013,-1.5337,1.8296,1.1322
2026-09-23T17:54:02Z,2026-09-23 03:56:05,SPXW,2026-09-29,P,7605.0,7764.6401,5.3,6.0,5.5,11.0,4.8,166.0,87.0,0.1232,-0.0915,0.0013,-1.5337,1.8296,-0.1161
2026-09-23T17:54:02Z,2026-09-23 03:56:05,SPXW,2026-09-29,C,7610.0,7764.6401,161.5,1.0,179.3,2.0,180.0,14.0,90.0,0.1149,0.904,0.0013,-1.5772,1.8918,1.1274
2026-09-23T17:54:02Z,2026-09-23 03:56:05,SPXW,2026-09-29,P,7610.0,7764.6401,5.6,6.0,5.8,16.0,5.7,182.0,149.0,0.1222,-0.0959,0.0013,-1.5772,1.8918,-0.1218
2026-09-23T17:54:02Z,2026-09-23 03:56:05,SPXW,2026-09-29,C,7615.0,7764.6401,156.8,1.0,174.7,2.0,125.68,0.0,42.0,0.1144,0.8993,0.0014,-1.6219,1.956,1.1222
2026-09-23T17:54:02Z,2026-09-23 03:56:05,SPXW,2026-09-29,P,7615.0,7764.6401,5.9,5.0,6.1,15.0,6.2,311.0,72.0,0.1211,-0.1006,0.0014,-1.6219,1.956,-0.1278
2026-09-23T17:54:02Z,2026-09-23 03:56:05,SPXW,2026-09-29,C,7620.0,7764.6401,152.1,1.0,170.0,2.0,107.28,0.0,28.0,0.1134,0.8944,0.0014,-1.6678,2.0217,1.1166
2026-09-23T17:54:02Z,2026-09-23 03:56:05,SPXW,2026-09-29,P,7620.0,7764.6401,6.2,5.0,6.4,15.0,6.5,223.0,87.0,0.1199,-0.1056,0.0014,-1.6678,2.0217,-0.1342
2026-09-23T17:54:02Z,2026-09-23 03:56:05,SPXW,2026-09-29,C,7625.0,7764.6401,147.4,1.0,165.2,1.0,162.36,0.0,63.0,0.112,0.8892,0.0015,-1.715,2.0891,1.1107
2026-09-23T17:54:02Z,2026-09-23 03:56:05,SPXW,2026-09-29,P,7625.0,7764.6401,6.5,7.0,6.7,9.0,6.8,617.0,176.0,0.1186,-0.1108,0.0015,-1.715,2.0891,-0.141
2026-09-23T17:54:02Z,2026-09-23 03:56:05,SPXW,2026-09-29,C,7630.0,7764.6401,152.2,3.0,153.7,3.0,144.6,3.0,66.0,0.1175,0.8836,0.0016,-1.7633,2.1586,1.1044
2026-09-23T17:54:02Z,2026-09-23 03:56:05,SPXW,2026-09-29,P,7630.0,7764.6401,6.8,5.0,7.0,9.0,7.2,190.0,85.0,0.1172,-0.1163,0.0016,-1.7633,2.1586,-0.1481
2026-09-23T17:54:02Z,2026-09-23 03:56:05,SPXW,2026-09-29,C,7635.0,7764.6401,138.2,1.0,156.1,2.0,91.4,0.0,31.0,0.1109,0.8778,0.0016,-1.8128,2.2306,1.0978
2026-09-23T17:54:02Z,2026-09-23 03:56:05,SPXW,2026-09-29,P,7635.0,7764.6401,7.2,5.0,7.4,8.0,7.54,185.0,160.0,0.1163,-0.1222,0.0016,-1.8128,2.2306,-0.1555
2026-09-23T17:54:02Z,2026-09-23 03:56:05,SPXW,2026-09-29,C,7640.0,7764.6401,133.5,1.0,151.5,2.0,138.99,1.0,121.0,0.1098,0.8715,0.0017,-1.8634,2.3053,1.0907
2026-09-23T17:54:02Z,2026-09-23 03:56:05,SPXW,2026-09-29,P,7640.0,7764.6401,7.6,5.0,7.8,13.0,7.94,98.0,128.0,0.1152,-0.1284,0.0017,-1.8634,2.3053,-0.1634
2026-09-23T17:54:02Z,2026-09-23 03:56:05,SPXW,2026-09-29,C,7645.0,7764.6401,129.0,1.0,146.6,2.0,145.74,0.0,26.0,0.1083,0.865,0.0018,-1.915,2.3821,1.0831
2026-09-23T17:54:02Z,2026-09-23 03:56:05,SPXW,2026-09-29,P,7645.0,7764.6401,8.0,6.0,8.2,7.0,7.12,100.0,85.0,0.114,-0.135,0.0018,-1.915,2.3821,-0.1718
2026-09-23T17:54:02Z,2026-09-23 03:56:05,SPXW,2026-09-29,C,7650.0,7764.6401,124.4,1.0,142.3,1.0,131.2,5.0,1107.0,0.1078,0.858,0.0019,-1.9676,2.4603,1.0748
2026-09-23T17:54:02Z,2026-09-23 03:56:05,SPXW,2026-09-29,P,7650.0,7764.6401,8.4,8.0,8.6,7.0,8.8,453.0,5082.0,0.1127,-0.1419,0.0019,-1.9676,2.4603,-0.1809
2026-09-23T17:54:02Z,2026-09-23 03:56:05,SPXW,2026-09-29,C,7655.0,7764.6401,119.9,1.0,137.6,1.0,74.8,0.0,27.0,0.1066,0.8506,0.002,-2.0212,2.5398,1.0661
2026-09-23T17:54:02Z,2026-09-23 03:56:05,SPXW,2026-09-29,P,7655.0,7764.6401,8.8,17.0,9.1,6.0,8.6,221.0,27.0,0.1115,-0.1493,0.002,-2.0212,2.5398,-0.1905
2026-09-23T17:54:02Z,2026-09-23 03:56:05,SPXW,2026-09-29,C,7660.0,7764.6401,115.3,1.0,133.2,2.0,131.0,12.0,69.0,0.1056,0.8428,0.0021,-2.0757,2.6209,1.057
2026-09-23T17:54:02Z,2026-09-23 03:56:05,SPXW,2026-09-29,P,7660.0,7764.6401,9.3,17.0,9.6,6.0,9.9,326.0,2539.0,0.1104,-0.1571,0.0021,-2.0757,2.6209,-0.2004
2026-09-23T17:54:02Z,2026-09-23 03:56:05,SPXW,2026-09-29,C,7665.0,7764.6401,110.8,1.0,128.8,2.0,128.49,0.0,76.0,0.1047,0.8346,0.0022,-2.1309,2.7044,1.0473
2026-09-23T17:54:02Z,2026-09-23 03:56:05,SPXW,2026-09-29,P,7665.0,7764.6401,9.8,14.0,10.1,6.0,10.49,75.0,74.0,0.1091,-0.1654,0.0022,-2.1309,2.7044,-0.2109
2026-09-23T17:54:02Z,2026-09-23 03:56:05,SPXW,2026-09-29,C,7670.0,7764.6401,106.4,1.0,124.5,2.0,114.58,3.0,60.0,0.1041,0.8259,0.0022,-2.1868,2.7901,1.037
2026-09-23T17:54:02Z,2026-09-23 03:56:05,SPXW,2026-09-29,P,7670.0,7764.6401,10.4,14.0,10.7,6.0,11.1,84.0,80.0,0.1081,-0.1741,0.0022,-2.1868,2.7901,-0.2221
2026-09-23T17:54:02Z,2026-09-23 03:56:05,SPXW,2026-09-29,C,7675.0,7764.6401,111.5,3.0,113.0,3.0,109.3,5.0,4093.0,0.1073,0.8166,0.0023,-2.2432,2.877,1.0257
2026-09-23T17:54:02Z,2026-09-23 03:56:05,SPXW,2026-09-29,P,7675.0,7764.6401,11.1,2.0,11.3,8.0,9.7,144.0,4117.0,0.1072,-0.1833,0.0023,-2.2432,2.877,-0.2341
2026-09-23T17:54:02Z,2026-09-23 03:56:05,SPXW,2026-09-29,C,7680.0,7764.6401,97.7,1.0,115.8,2.0,104.85,4.0,31.0,0.1023,0.8069,0.0024,-2.2998,2.9641,1.0138
2026-09-23T17:54:02Z,2026-09-23 03:56:05,SPXW,2026-09-29,P,7680.0,7764.6401,11.6,15.0,12.0,7.0,12.5,79.0,199.0,0.1061,-0.1931,0.0024,-2.2998,2.9641,-0.2468
2026-09-23T17:54:02Z,2026-09-23 03:56:05,SPXW,2026-09-29,C,7685.0,7764.6401,93.4,1.0,111.4,2.0,93.55,0.0,25.0,0.1012,0.7965,0.0026,-2.3566,3.0514,1.0014
2026-09-23T17:54:02Z,2026-09-23 03:56:05,SPXW,2026-09-29,P,7685.0,7764.6401,12.3,14.0,12.7,7.0,13.07,57.0,68.0,0.1051,-0.2034,0.0026,-2.3566,3.0514,-0.2601
2026-09-23T17:54:02Z,2026-09-23 03:56:05,SPXW,2026-09-29,C,7690.0,7764.6401,89.1,1.0,107.2,2.0,101.53,65.0,38.0,0.1003,0.7856,0.0026,-2.4134,3.1398,0.9884
2026-09-23T17:54:02Z,2026-09-23 03:56:05,SPXW,2026-09-29,P,7690.0,7764.6401,13.1,14.0,13.5,7.0,13.8,86.0,52.0,0.1041,-0.2143,0.0026,-2.4134,3.1398,-0.2739
2026-09-23T17:54:02Z,2026-09-23 03:56:05,SPXW,2026-09-29,C,7695.0,7764.6401,84.9,1.0,103.0,2.0,93.17,20.0,56.0,0.0994,0.7742,0.0028,-2.4697,3.2295,0.9744
2026-09-23T17:54:02Z,2026-09-23 03:56:05,SPXW,2026-09-29,P,7695.0,7764.6401,13.9,14.0,14.3,7.0,13.02,87.0,94.0,0.1031,-0.2258,0.0028,-2.4697,3.2295,-0.2887
2026-09-23T17:54:02Z,2026-09-23 03:56:05,SPXW,2026-09-29,C,7700.0,7764.6401,90.3,3.0,91.8,3.0,96.35,27.0,4172.0,0.1024,0.762,0.0029,-2.5254,3.3187,0.9594
2026-09-23T17:54:02Z,2026-09-23 03:56:05,SPXW,2026-09-29,P,7700.0,7764.6401,14.8,15.0,15.1,9.0,15.93,1489.0,689.0,0.1022,-0.2379,0.0029,-2.5254,3.3187,-0.3046
2026-09-23T17:54:02Z,2026-09-23 03:56:05,SPXW,2026-09-29,C,7705.0,7764.6401,76.7,1.0,95.0,2.0,81.73,2.0,42.0,0.098,0.7493,0.003,-2.5801,3.4059,0.9436
2026-09-23T17:54:02Z,2026-09-23 03:56:05,SPXW,2026-09-29,P,7705.0,7764.6401,15.7,13.0,16.1,7.0,14.65,36.0,31.0,0.1012,-0.2507,0.003,-2.5801,3.4059,-0.3211
2026-09-23T17:54:02Z,2026-09-23 03:56:05,SPXW,2026-09-29,C,7710.0,7764.6401,72.7,1.0,91.1,2.0,89.67,16.0,79.0,0.0974,0.7359,0.0031,-2.6334,3.4915,0.9274
2026-09-23T17:54:02Z,2026-09-23 03:56:05,SPXW,2026-09-29,P,7710.0,7764.6401,16.7,13.0,17.1,7.0,17.84,93.0,112.0,0.1003,-0.2641,0.0031,-2.6334,3.4915,-0.3382
2026-09-23T17:54:02Z,2026-09-23 03:56:05,SPXW,2026-09-29,C,7715.0,7764.6401,68.8,1.0,87.1,2.0,73.82,40.0,139.0,0.0965,0.7218,0.0032,-2.685,3.5763,0.9102
2026-09-23T17:54:02Z,2026-09-23 03:56:05,SPXW,2026-09-29,P,7715.0,7764.6401,17.7,13.0,18.1,7.0,17.37,70.0,15.0,0.0994,-0.2781,0.0032,-2.685,3.5763,-0.3562
2026-09-23T17:54:02Z,2026-09-23 03:56:05,SPXW,2026-09-29,C,7720.0,7764.6401,64.9,1.0,84.4,2.0,80.25,32.0,1331.0,0.0973,0.7071,0.0033,-2.7342,3.6593,0.8918
2026-09-23T17:54:02Z,2026-09-23 03:56:05,SPXW,2026-09-29,P,7720.0,7764.6401,18.9,14.0,19.3,7.0,20.6,274.0,51.0,0.0986,-0.2928,0.0033,-2.7342,3.6593,-0.3754
2026-09-23T17:54:02Z,2026-09-23 03:56:05,SPXW,2026-09-29,C,7725.0,7764.6401,71.1,3.0,71.6,3.0,69.31,120.0,112.0,0.0978,0.6918,0.0034,-2.7808,3.7382,0.8725
2026-09-23T17:54:02Z,2026-09-23 03:56:05,SPXW,2026-09-29,P,7725.0,7764.6401,20.1,14.0,20.5,8.0,22.0,72.0,130.0,0.0978,-0.3082,0.0034,-2.7808,3.7382,-0.3955
2026-09-23T17:54:02Z,2026-09-23 03:56:05,SPXW,2026-09-29,C,7730.0,7764.6401,67.4,3.0,67.9,3.0,68.02,12.0,97.0,0.097,0.6757,0.0035,-2.8242,3.8123,0.8528
2026-09-23T17:54:02Z,2026-09-23 03:56:05,SPXW,2026-09-29,P,7730.0,7764.6401,21.4,14.0,21.8,7.0,23.28,75.0,55.0,0.0969,-0.3242,0.0035,-2.8242,3.8123,-0.4161
2026-09-23T17:54:02Z,2026-09-23 03:56:05,SPXW,2026-09-29,C,7735.0,7764.6401,63.8,5.0,64.3,5.0,62.49,47.0,84.0,0.0962,0.6591,0.0036,-2.8639,3.8826,0.8322
2026-09-23T17:54:02Z,2026-09-23 03:56:05,SPXW,2026-09-29,P,7735.0,7764.6401,22.8,15.0,23.2,8.0,24.72,77.0,19.0,0.0962,-0.3409,0.0036,-2.8639,3.8826,-0.4375
2026-09-23T17:54:02Z,2026-09-23 03:56:05,SPXW,2026-09-29,C,7740.0,7764.6401,60.3,5.0,60.8,5.0,66.58,52.0,152.0,0.0955,0.6418,0.0037,-2.8993,3.9485,0.8104
2026-09-23T17:54:02Z,2026-09-23 03:56:05,SPXW,2026-09-29,P,7740.0,7764.6401,24.3,6.0,24.7,7.0,26.2,116.0,387.0,0.0955,-0.3582,0.0037,-2.8993,3.9485,-0.4601
2026-09-23T17:54:02Z,2026-09-23 03:56:05,SPXW,2026-09-29,C,7745.0,7764.6401,56.9,6.0,57.4,6.0,59.2,24.0,71.0,0.0949,0.6239,0.0038,-2.93,4.0075,0.7879
2026-09-23T17:54:02Z,2026-09-23 03:56:05,SPXW,2026-09-29,P,7745.0,7764.6401,25.9,6.0,26.3,7.0,24.2,29.0,39.0,0.0948,-0.376,0.0038,-2.93,4.0075,-0.4835
2026-09-23T17:54:02Z,2026-09-23 03:56:05,SPXW,2026-09-29,C,7750.0,7764.6401,53.6,6.0,54.1,6.0,52.7,199.0,169.0,0.0943,0.6055,0.0039,-2.9553,4.059,0.765
2026-09-23T17:54:02Z,2026-09-23 03:56:05,SPXW,2026-09-29,P,7750.0,7764.6401,27.6,5.0,28.0,9.0,29.47,164.0,133.0,0.0942,-0.3945,0.0039,-2.9553,4.059,-0.5071
2026-09-23T17:54:02Z,2026-09-23 03:56:05,SPXW,2026-09-29,C,7755.0,7764.6401,50.4,7.0,50.9,7.0,49.0,117.0,46.0,0.0937,0.5866,0.0039,-2.975,4.1035,0.7414
2026-09-23T17:54:02Z,2026-09-23 03:56:05,SPXW,2026-09-29,P,7755.0,7764.6401,29.4,5.0,29.8,9.0,32.1,54.0,6.0,0.0936,-0.4134,0.0039,-2.975,4.1035,-0.5316
2026-09-23T17:54:02Z,2026-09-23 03:56:05,SPXW,2026-09-29,C,7760.0,7764.6401,47.3,7.0,47.8,7.0,47.0,414.0,110.0,0.0931,0.5672,0.004,-2.9884,4.1403,0.7167
2026-09-23T17:54:02Z,2026-09-23 03:56:05,SPXW,2026-09-29,P,7760.0,7764.6401,31.3,5.0,31.7,8.0,33.42,73.0,53.0,0.093,-0.4328,0.004,-2.9884,4.1403,-0.5571
2026-09-23T17:54:02Z,2026-09-23 03:56:05,SPXW,2026-09-29,C,7765.0,7764.6401,44.3,8.0,44.8,8.0,43.02,186.0,78.0,0.0925,0.5474,0.004,-2.9952,4.1678,0.6918
2026-09-23T17:54:02Z,2026-09-23 03:56:05,SPXW,2026-09-29,P,7765.0,7764.6401,33.3,6.0,33.7,9.0,35.7,345.0,15.0,0.0925,-0.4526,0.004,-2.9952,4.1678,-0.5828
2026-09-23T17:54:02Z,2026-09-23 03:56:05,SPXW,2026-09-29,C,7770.0,7764.6401,41.4,8.0,41.9,8.0,40.23,245.0,105.0,0.0919,0.5272,0.0041,-2.9951,4.1859,0.6667
2026-09-23T17:54:02Z,2026-09-23 03:56:05,SPXW,2026-09-29,P,7770.0,7764.6401,35.4,6.0,35.8,8.0,37.15,94.0,47.0,0.092,-0.4728,0.0041,-2.9951,4.1859,-0.6087
2026-09-23T17:54:02Z,2026-09-23 03:56:05,SPXW,2026-09-29,C,7775.0,7764.6401,38.8,7.0,39.2,9.0,37.8,63.0,187.0,0.0916,0.5068,0.0041,-2.9878,4.1943,0.6409
2026-09-23T17:54:02Z,2026-09-23 03:56:05,SPXW,2026-09-29,P,7775.0,7764.6401,37.7,5.0,38.1,8.0,39.9,57.0,34.0,0.0916,-0.4932,0.0041,-2.9878,4.1943,-0.6354
2026-09-23T17:54:02Z,2026-09-23 03:56:05,SPXW,2026-09-29,C,7780.0,7764.6401,36.1,13.0,36.6,8.0,34.63,566.0,2931.0,0.0913,0.4862,0.0041,-2.9731,4.1927,0.6146
2026-09-23T17:54:02Z,2026-09-23 03:56:05,SPXW,2026-09-29,P,7780.0,7764.6401,40.1,5.0,40.5,8.0,43.0,395.0,77.0,0.0913,-0.5138,0.0041,-2.9731,4.1927,-0.6625
2026-09-23T17:54:02Z,2026-09-23 03:56:05,SPXW,2026-09-29,C,7785.0,7764.6401,33.7,6.0,34.1,9.0,32.23,153.0,21.0,0.0909,0.4655,0.0041,-2.9509,4.1809,0.5887
2026-09-23T17:54:02Z,2026-09-23 03:56:05,SPXW,2026-09-29,P,7785.0,7764.6401,42.6,5.0,43.0,8.0,45.3,13.0,2.0,0.0909,-0.5345,0.0041,-2.9509,4.1809,-0.6892
2026-09-23T17:54:02Z,2026-09-23 03:56:05,SPXW,2026-09-29,C,7790.0,7764.6401,31.3,6.0,31.7,9.0,30.5,65.0,1602.0,0.0907,0.4447,0.0041,-2.9213,4.1588,0.5626
2026-09-23T17:54:02Z,2026-09-23 03:56:05,SPXW,2026-09-29,P,7790.0,7764.6401,45.2,5.0,45.6,7.0,48.0,36.0,12.0,0.0906,-0.5552,0.0041,-2.9213,4.1588,-0.7161
2026-09-23T17:54:02Z,2026-09-23 03:56:05,SPXW,2026-09-29,C,7795.0,7764.6401,29.0,15.0,29.4,8.0,28.05,98.0,61.0,0.0903,0.424,0.0041,-2.8844,4.1257,0.5361
2026-09-23T17:54:02Z,2026-09-23 03:56:05,SPXW,2026-09-29,P,7795.0,7764.6401,47.9,1.0,48.3,7.0,50.8,15.0,0.0,0.0903,-0.5759,0.0041,-2.8844,4.1257,-0.7435
2026-09-23T17:54:02Z,2026-09-23 03:56:05,SPXW,2026-09-29,C,7800.0,7764.6401,26.9,7.0,27.3,9.0,26.49,762.0,1084.0,0.0901,0.4034,0.0041,-2.8401,4.0826,0.51
2026-09-23T17:54:02Z,2026-09-23 03:56:05,SPXW,2026-09-29,P,7800.0,7764.6401,50.7,7.0,51.2,7.0,50.5,7.0,397.0,0.0899,-0.5965,0.0041,-2.8401,4.0826,-0.7703
2026-09-23T17:54:02Z,2026-09-23 03:56:05,SPXW,2026-09-29,C,7805.0,7764.6401,24.9,1.0,25.3,8.0,24.2,65.0,0.0,0.09,0.3831,0.004,-2.789,4.0304,0.4846
2026-09-23T17:54:02Z,2026-09-23 03:56:05,SPXW,2026-09-29,P,7805.0,7764.6401,53.7,6.0,54.2,6.0,57.3,7.0,0.0,0.0898,-0.6169,0.004,-2.789,4.0304,-0.7966
2026-09-23T17:54:02Z,2026-09-23 03:56:05,SPXW,2026-09-29,C,7810.0,7764.6401,23.0,1.0,23.4,8.0,22.21,98.0,439.0,0.0896,0.363,0.004,-2.7315,3.9679,0.4589
2026-09-23T17:54:02Z,2026-09-23 03:56:05,SPXW,2026-09-29,P,7810.0,7764.6401,56.8,5.0,57.3,5.0,64.5,4.0,1.0,0.0896,-0.637,0.004,-2.7315,3.9679,-0.8231
2026-09-23T17:54:02Z,2026-09-23 03:56:05,SPXW,2026-09-29,C,7815.0,7764.6401,21.2,1.0,21.6,8.0,20.5,32.0,0.0,0.0897,0.3432,0.0039,-2.6678,3.8955,0.4337
2026-09-23T17:54:02Z,2026-09-23 03:56:05,SPXW,2026-09-29,P,7815.0,7764.6401,60.0,5.0,60.5,5.0,56.2,10.0,0.0,0.0895,-0.6567,0.0039,-2.6678,3.8955,-0.8491
2026-09-23T17:54:02Z,2026-09-23 03:56:05,SPXW,2026-09-29,C,7820.0,7764.6401,19.5,14.0,19.9,8.0,21.71,88.0,324.0,0.0895,0.3239,0.0038,-2.5984,3.8159,0.4095
2026-09-23T17:54:02Z,2026-09-23 03:56:05,SPXW,2026-09-29,P,7820.0,7764.6401,63.3,3.0,63.8,3.0,67.1,1.0,0.0,0.0893,-0.676,0.0038,-2.5984,3.8159,-0.8742
2026-09-23T17:54:02Z,2026-09-23 03:56:05,SPXW,2026-09-29,C,7825.0,7764.6401,17.9,14.0,18.3,8.0,17.64,262.0,359.0,0.0894,0.3051,0.0037,-2.5241,3.7289,0.3856
2026-09-23T17:54:02Z,2026-09-23 03:56:05,SPXW,2026-09-29,P,7825.0,7764.6401,66.4,3.0,67.8,3.0,71.1,9.0,1.0,0.0896,-0.6949,0.0037,-2.5241,3.7289,-0.8988
2026-09-23T17:54:02Z,2026-09-23 03:56:05,SPXW,2026-09-29,C,7830.0,7764.6401,16.4,13.0,16.8,7.0,16.33,89.0,140.0,0.0892,0.2868,0.0036,-2.4454,3.6332,0.3622
2026-09-23T17:54:02Z,2026-09-23 03:56:05,SPXW,2026-09-29,P,7830.0,7764.6401,63.0,2.0,81.2,1.0,0.0,0.0,0.0,0.0937,-0.7132,0.0036,-2.4454,3.6332,-0.9231
2026-09-23T17:54:02Z,2026-09-23 03:56:05,SPXW,2026-09-29,C,7835.0,7764.6401,15.1,9.0,15.4,9.0,14.68,89.0,0.0,0.0893,0.2691,0.0035,-2.3628,3.5314,0.3398
2026-09-23T17:54:02Z,2026-09-23 03:56:05,SPXW,2026-09-29,P,7835.0,7764.6401,66.5,2.0,84.8,1.0,73.1,1.0,0.0,0.0936,-0.7309,0.0035,-2.3628,3.5314,-0.9463
2026-09-23T17:54:02Z,2026-09-23 03:56:05,SPXW,2026-09-29,C,7840.0,7764.6401,13.8,14.0,14.2,7.0,13.77,1312.0,176.0,0.0892,0.252,0.0034,-2.2771,3.4257,0.3184
2026-09-23T17:54:02Z,2026-09-23 03:56:05,SPXW,2026-09-29,P,7840.0,7764.6401,70.2,2.0,88.5,1.0,72.76,3.0,0.0,0.0936,-0.7479,0.0034,-2.2771,3.4257,-0.9686
2026-09-23T17:54:02Z,2026-09-23 03:56:05,SPXW,2026-09-29,C,7845.0,7764.6401,12.6,16.0,13.0,9.0,12.54,143.0,0.0,0.0894,0.2356,0.0033,-2.189,3.3147,0.2973
2026-09-23T17:54:02Z,2026-09-23 03:56:05,SPXW,2026-09-29,P,7845.0,7764.6401,74.1,2.0,92.3,1.0,88.32,1.0,0.0,0.0939,-0.7644,0.0033,-2.189,3.3147,-0.9904
2026-09-23T17:54:02Z,2026-09-23 03:56:05,SPXW,2026-09-29,C,7850.0,7764.6401,11.6,2.0,11.9,9.0,11.6,617.0,296.0,0.0892,0.2199,0.0031,-2.0989,3.1984,0.2773
2026-09-23T17:54:02Z,2026-09-23 03:56:05,SPXW,2026-09-29,P,7850.0,7764.6401,77.9,2.0,96.2,1.0,80.13,2.0,3.0,0.094,-0.7801,0.0031,-2.0989,3.1984,-1.0113
2026-09-23T17:54:02Z,2026-09-23 03:56:05,SPXW,2026-09-29,C,7855.0,7764.6401,10.5,17.0,10.8,9.0,10.33,82.0,0.0,0.0894,0.2048,0.003,-2.0077,3.0804,0.2584
2026-09-23T17:54:02Z,2026-09-23 03:56:05,SPXW,2026-09-29,P,7855.0,7764.6401,81.9,2.0,100.2,1.0,0.0,0.0,0.0,0.0943,-0.7951,0.003,-2.0077,3.0804,-1.031
2026-09-23T17:54:02Z,2026-09-23 03:56:05,SPXW,2026-09-29,C,7860.0,7764.6401,9.6,10.0,9.9,8.0,9.3,91.0,2657.0,0.0896,0.1905,0.0029,-1.9159,2.9612,0.2402
2026-09-23T17:54:02Z,2026-09-23 03:56:05,SPXW,2026-09-29,P,7860.0,7764.6401,86.2,2.0,104.3,1.0,98.95,1.0,0.0,0.0951,-0.8094,0.0029,-1.9159,2.9612,-1.05
2026-09-23T17:54:02Z,2026-09-23 03:56:05,SPXW,2026-09-29,C,7865.0,7764.6401,8.7,16.0,9.0,8.0,8.54,31.0,0.0,0.0896,0.1769,0.0027,-1.8241,2.8392,0.2228
2026-09-23T17:54:02Z,2026-09-23 03:56:05,SPXW,2026-09-29,P,7865.0,7764.6401,90.4,2.0,108.4,1.0,104.88,1.0,0.0,0.0955,-0.823,0.0027,-1.8241,2.8392,-1.0682
2026-09-23T17:54:02Z,2026-09-23 03:56:05,SPXW,2026-09-29,C,7870.0,7764.6401,7.9,17.0,8.2,8.0,7.98,53.0,167.0,0.0897,0.164,0.0026,-1.7328,2.7162,0.2066
2026-09-23T17:54:02Z,2026-09-23 03:56:05,SPXW,2026-09-29,P,7870.0,7764.6401,94.5,2.0,112.6,1.0,101.76,5.0,1.0,0.0958,-0.8359,0.0026,-1.7328,2.7162,-1.0852
2026-09-23T17:54:02Z,2026-09-23 03:56:05,SPXW,2026-09-29,C,7875.0,7764.6401,7.2,14.0,7.5,6.0,7.3,122.0,164.0,0.09,0.1519,0.0025,-1.6426,2.5946,0.1913
2026-09-23T17:54:02Z,2026-09-23 03:56:05,SPXW,2026-09-29,P,7875.0,7764.6401,98.9,2.0,116.9,2.0,0.0,0.0,0.0,0.0965,-0.8481,0.0025,-1.6426,2.5946,-1.1013
2026-09-23T17:54:02Z,2026-09-23 03:56:05,SPXW,2026-09-29,C,7880.0,7764.6401,6.5,16.0,6.8,7.0,6.55,408.0,143.0,0.09,0.1404,0.0024,-1.554,2.4739,0.1767
2026-09-23T17:54:02Z,2026-09-23 03:56:05,SPXW,2026-09-29,P,7880.0,7764.6401,103.3,2.0,121.2,1.0,0.0,0.0,0.0,0.0971,-0.8595,0.0024,-1.554,2.4739,-1.1168
2026-09-23T17:54:02Z,2026-09-23 03:56:05,SPXW,2026-09-29,C,7885.0,7764.6401,5.9,19.0,6.2,10.0,6.3,50.0,0.0,0.0903,0.1297,0.0022,-1.4674,2.3535,0.163
2026-09-23T17:54:02Z,2026-09-23 03:56:05,SPXW,2026-09-29,P,7885.0,7764.6401,107.7,2.0,125.6,1.0,0.0,0.0,0.0,0.0977,-0.8702,0.0022,-1.4674,2.3535,-1.1313
2026-09-23T17:54:02Z,2026-09-23 03:56:05,SPXW,2026-09-29,C,7890.0,7764.6401,5.3,21.0,5.6,12.0,5.4,169.0,571.0,0.0903,0.1196,0.0021,-1.383,2.2352,0.1504
2026-09-23T17:54:02Z,2026-09-23 03:56:05,SPXW,2026-09-29,P,7890.0,7764.6401,112.2,2.0,130.1,2.0,115.95,1.0,0.0,0.0986,-0.8803,0.0021,-1.383,2.2352,-1.1447
2026-09-23T17:54:02Z,2026-09-23 03:56:05,SPXW,2026-09-29,C,7895.0,7764.6401,4.8,24.0,5.1,14.0,4.8,301.0,0.0,0.0906,0.1103,0.002,-1.3015,2.1203,0.1386
2026-09-23T17:54:02Z,2026-09-23 03:56:05,SPXW,2026-09-29,P,7895.0,7764.6401,116.9,1.0,134.5,2.0,0.0,0.0,0.0,0.0995,-0.8897,0.002,-1.3015,2.1203,-1.1574
2026-09-23T17:54:02Z,2026-09-23 03:56:05,SPXW,2026-09-29,C,7900.0,7764.6401,4.4,20.0,4.7,20.0,4.1,396.0,458.0,0.0909,0.1015,0.0018,-1.2229,2.0083,0.1274
2026-09-23T17:54:02Z,2026-09-23 03:56:05,SPXW,2026-09-29,P,7900.0,7764.6401,121.1,2.0,139.1,3.0,140.08,21.0,15.0,0.0996,-0.8984,0.0018,-1.2229,2.0083,-1.1694
2026-09-23T17:54:02Z,2026-09-23 03:56:05,SPXW,2026-09-29,C,7905.0,7764.6401,4.0,6.0,4.2,12.0,3.9,130.0,0.0,0.0913,0.0934,0.0017,-1.1476,1.8989,0.1171
2026-09-23T17:54:02Z,2026-09-23 03:56:05,SPXW,2026-09-29,P,7905.0,7764.6401,125.8,2.0,143.7,2.0,0.0,0.0,0.0,0.1007,-0.9066,0.0017,-1.1476,1.8989,-1.1805
2026-09-23T17:54:02Z,2026-09-23 03:56:05,SPXW,2026-09-29,C,7910.0,7764.6401,3.6,20.0,3.9,21.0,4.3,111.0,0.0,0.0915,0.0859,0.0016,-1.0757,1.7934,0.1077
2026-09-23T17:54:02Z,2026-09-23 03:56:05,SPXW,2026-09-29,P,7910.0,7764.6401,130.5,2.0,148.3,3.0,0.0,0.0,0.0,0.1017,-0.9141,0.0016,-1.0757,1.7934,-1.1907
2026-09-23T17:54:02Z,2026-09-23 03:56:05,SPXW,2026-09-29,C,7915.0,7764.6401,3.3,6.0,3.5,7.0,3.6,50.0,0.0,0.0921,0.0789,0.0015,-1.0074,1.6925,0.0989
2026-09-23T17:54:02Z,2026-09-23 03:56:05,SPXW,2026-09-29,P,7915.0,7764.6401,135.1,2.0,152.9,2.0,0.0,0.0,0.0,0.1024,-0.921,0.0015,-1.0074,1.6925,-1.2003
2026-09-23T17:54:02Z,2026-09-23 03:56:05,SPXW,2026-09-29,C,7920.0,7764.6401,3.0,7.0,3.2,8.0,3.0,88.0,0.0,0.0925,0.0725,0.0014,-0.9427,1.5958,0.0908
2026-09-23T17:54:02Z,2026-09-23 03:56:05,SPXW,2026-09-29,P,7920.0,7764.6401,140.1,2.0,157.6,2.0,0.0,0.0,0.0,0.1042,-0.9274,0.0014,-0.9427,1.5958,-1.2093
2026-09-23T17:54:02Z,2026-09-23 03:56:05,SPXW,2026-09-29,C,7925.0,7764.6401,2.7,7.0,2.9,7.0,2.65,146.0,371.0,0.0928,0.0666,0.0013,-0.8818,1.5032,0.0833
2026-09-23T17:54:02Z,2026-09-23 03:56:05,SPXW,2026-09-29,P,7925.0,7764.6401,144.6,1.0,162.3,1.0,163.93,15.0,15.0,0.1046,-0.9333,0.0013,-0.8818,1.5032,-1.2176
2026-09-23T17:54:02Z,2026-09-23 03:56:05,SPXW,2026-09-29,C,7930.0,7764.6401,2.45,7.0,2.65,9.0,2.47,727.0,0.0,0.0933,0.0612,0.0012,-0.8245,1.415,0.0766
2026-09-23T17:54:02Z,2026-09-23 03:56:05,SPXW,2026-09-29,P,7930.0,7764.6401,149.3,2.0,167.1,2.0,0.0,0.0,0.0,0.1057,-0.9387,0.0012,-0.8245,1.415,-1.2251
2026-09-23T17:54:02Z,2026-09-23 03:56:05,SPXW,2026-09-29,C,7940.0,7764.6401,2.05,8.0,2.2,8.0,2.02,534.0,0.0,0.0943,0.0518,0.0011,-0.721,1.2532,0.0646
2026-09-23T17:54:02Z,2026-09-23 03:56:05,SPXW,2026-09-29,P,7940.0,7764.6401,158.8,2.0,176.7,2.0,0.0,0.0,0.0,0.1079,-0.9482,0.0011,-0.721,1.2532,-1.2388
2026-09-23T17:54:02Z,2026-09-23 03:56:05,SPXW,2026-09-29,C,7950.0,7764.6401,1.7,8.0,1.8,4.0,1.65,544.0,198.0,0.0951,0.0439,0.0009,-0.6314,1.1094,0.0547
2026-09-23T17:54:02Z,2026-09-23 03:56:05,SPXW,2026-09-29,P,7950.0,7764.6401,168.5,2.0,186.3,1.0,179.03,3.0,1.0,0.1104,-0.9561,0.0009,-0.6314,1.1094,-1.2503
2026-09-23T17:54:02Z,2026-09-23 03:56:05,SPXW,2026-09-29,C,7960.0,7764.6401,1.4,9.0,1.55,11.0,1.4,198.0,0.0,0.0964,0.0374,0.0008,-0.5546,0.9831,0.0465
2026-09-23T17:54:02Z,2026-09-23 03:56:05,SPXW,2026-09-29,P,7960.0,7764.6401,178.5,1.0,196.0,1.0,0.0,0.0,0.0,0.1142,-0.9626,0.0008,-0.5546,0.9831,-1.2601
2026-09-23T17:54:02Z,2026-09-23 03:56:05,SPXW,2026-09-29,C,7970.0,7764.6401,1.15,32.0,1.35,11.0,1.15,350.0,0.0,0.0977,0.032,0.0007,-0.4894,0.8734,0.0397
2026-09-23T17:54:02Z,2026-09-23 03:56:05,SPXW,2026-09-29,P,7970.0,7764.6401,188.1,2.0,205.8,2.0,0.0,0.0,0.0,0.1167,-0.968,0.0007,-0.4894,0.8734,-1.2685
2026-09-23T17:54:02Z,2026-09-23 03:56:05,SPXW,2026-09-29,C,7975.0,7764.6401,1.1,13.0,1.25,18.0,1.1,443.0,451.0,0.0988,0.0297,0.0006,-0.4607,0.8241,0.0369
2026-09-23T17:54:02Z,2026-09-23 03:56:05,SPXW,2026-09-29,P,7975.0,7764.6401,193.0,2.0,210.6,1.0,0.0,0.0,0.0,0.1178,-0.9703,0.0006,-0.4607,0.8241,-1.2722
2026-09-23T17:54:02Z,2026-09-23 03:56:05,SPXW,2026-09-29,C,7980.0,7764.6401,1.0,14.0,1.15,18.0,1.0,250.0,0.0,0.0993,0.0276,0.0006,-0.4343,0.7783,0.0342
2026-09-23T17:54:02Z,2026-09-23 03:56:05,SPXW,2026-09-29,P,7980.0,7764.6401,196.1,2.0,215.6,2.0,0.0,0.0,0.0,0.1113,-0.9724,0.0006,-0.4343,0.7783,-1.2757
2026-09-23T17:54:02Z,2026-09-23 03:56:05,SPXW,2026-09-29,C,7990.0,7764.6401,0.85,40.0,1.0,20.0,0.85,205.0,0.0,0.1008,0.0239,0.0005,-0.3879,0.6964,0.0296
2026-09-23T17:54:02Z,2026-09-23 03:56:05,SPXW,2026-09-29,P,7990.0,7764.6401,205.6,2.0,227.4,1.0,0.0,0.0,0.0,0.1221,-0.976,0.0005,-0.3879,0.6964,-1.2819
2026-09-23T17:54:02Z,2026-09-23 03:56:05,SPXW,2026-09-29,C,8000.0,7764.6401,0.75,23.0,0.85,24.0,0.75,601.0,423.0,0.1024,0.0209,0.0005,-0.3491,0.6262,0.0259
2026-09-23T17:54:02Z,2026-09-23 03:56:05,SPXW,2026-09-29,P,8000.0,7764.6401,215.5,2.0,239.5,2.0,336.91,0.0,1.0,0.1351,-0.979,0.0005,-0.3491,0.6262,-1.2873
2026-09-23T17:54:02Z,2026-09-23 03:56:05,SPXW,2026-09-29,C,8025.0,7764.6401,0.55,16.0,0.65,18.0,0.55,195.0,259.0,0.1074,0.0155,0.0003,-0.2767,0.4908,0.0191
2026-09-23T17:54:02Z,2026-09-23 03:56:05,SPXW,2026-09-29,P,8025.0,7764.6401,240.3,2.0,264.3,2.0,0.0,0.0,0.0,0.1451,-0.9845,0.0003,-0.2767,0.4908,-1.2982
2026-09-23T17:54:02Z,2026-09-23 03:56:05,SPXW,2026-09-29,C,8050.0,7764.6401,0.4,61.0,0.55,34.0,0.45,156.0,478.0,0.1136,0.012,0.0003,-0.2292,0.3973,0.0148
2026-09-23T17:54:02Z,2026-09-23 03:56:05,SPXW,2026-09-29,P,8050.0,7764.6401,265.1,2.0,289.1,2.0,0.0,0.0,0.0,0.1547,-0.9879,0.0003,-0.2292,0.3973,-1.3066
2026-09-23T17:54:02Z,2026-09-23 03:56:05,SPXW,2026-09-29,C,8075.0,7764.6401,0.35,19.0,0.45,24.0,0.35,58.0,163.0,0.119,0.0097,0.0002,-0.1967,0.3306,0.0119
2026-09-23T17:54:02Z,2026-09-23 03:56:05,SPXW,2026-09-29,P,8075.0,7764.6401,290.1,2.0,314.1,2.0,298.74,0.0,1.0,0.1658,-0.9903,0.0002,-0.1967,0.3306,-1.3136
2026-09-23T17:54:02Z,2026-09-23 03:56:05,SPXW,2026-09-29,C,8100.0,7764.6401,0.3,20.0,0.4,25.0,0.3,465.0,345.0,0.1254,0.0081,0.0002,-0.1736,0.2817,0.0099
2026-09-23T17:54:02Z,2026-09-23 03:56:05,SPXW,2026-09-29,P,8100.0,7764.6401,315.0,2.0,339.0,2.0,0.0,0.0,0.0,0.1758,-0.9919,0.0002,-0.1736,0.2817,-1.3197
2026-09-23T17:54:02Z,2026-09-23 03:56:05,SPXW,2026-09-29,C,8125.0,7764.6401,0.25,22.0,0.35,24.0,0.3,16.0,76.0,0.1315,0.0069,0.0001,-0.1562,0.2438,0.0084
2026-09-23T17:54:02Z,2026-09-23 03:56:05,SPXW,2026-09-29,P,8125.0,7764.6401,339.9,2.0,363.9,2.0,0.0,0.0,0.0,0.1856,-0.9931,0.0001,-0.1564,0.2443,-1.3253
2026-09-23T17:54:02Z,2026-09-23 03:56:05,SPXW,2026-09-29,C,8150.0,7764.6401,0.2,25.0,0.35,28.0,0.25,27.0,43.0,0.1382,0.006,0.0001,-0.1428,0.2146,0.0073
2026-09-23T17:54:02Z,2026-09-23 03:56:05,SPXW,2026-09-29,P,8150.0,7764.6401,364.9,2.0,388.9,2.0,0.0,0.0,0.0,0.1962,-0.994,0.0001,-0.143,0.2149,-1.3305
2026-09-23T17:54:02Z,2026-09-23 03:56:05,SPXW,2026-09-29,C,8175.0,7764.6401,0.2,23.0,0.3,26.0,0.3,2.0,12.0,0.1446,0.0052,0.0001,-0.132,0.1908,0.0064
2026-09-23T17:54:02Z,2026-09-23 03:56:05,SPXW,2026-09-29,P,8175.0,7764.6401,389.8,2.0,413.8,2.0,0.0,0.0,0.0,0.2056,-0.9947,0.0001,-0.1321,0.1911,-1.3355
2026-09-23T17:54:02Z,2026-09-23 03:56:05,SPXW,2026-09-29,C,8200.0,7764.6401,0.15,28.0,0.3,56.0,0.2,359.0,14.0,0.1507,0.0046,0.0001,-0.1229,0.1712,0.0057
2026-09-23T17:54:02Z,2026-09-23 03:56:05,SPXW,2026-09-29,P,8200.0,7764.6401,414.8,2.0,438.8,2.0,0.0,0.0,0.0,0.216,-0.9953,0.0001,-0.123,0.1714,-1.3404
2026-09-23T17:54:02Z,2026-09-23 03:56:05,SPXW,2026-09-29,C,8225.0,7764.6401,0.15,26.0,0.25,26.0,0.2,0.0,3.0,0.1564,0.0042,0.0001,-0.1151,0.1546,0.0051
2026-09-23T17:54:02Z,2026-09-23 03:56:05,SPXW,2026-09-29,P,8225.0,7764.6401,439.8,2.0,463.8,2.0,0.0,0.0,0.0,0.2264,-0.9958,0.0001,-0.1152,0.1547,-1.345
2026-09-23T17:54:02Z,2026-09-23 03:56:05,SPXW,2026-09-29,C,8250.0,7764.6401,0.15,24.0,0.25,29.0,0.0,0.0,0.0,0.1639,0.0038,0.0001,-0.1082,0.1404,0.0046
2026-09-23T17:54:02Z,2026-09-23 03:56:05,SPXW,2026-09-29,P,8250.0,7764.6401,464.8,2.0,488.8,2.0,0.0,0.0,0.0,0.2366,-0.9962,0.0001,-0.1082,0.1404,-1.3497
2026-09-23T17:54:02Z,2026-09-23 03:56:05,SPXW,2026-09-29,C,8275.0,7764.6401,0.1,30.0,0.25,125.0,0.15,13.0,50.0,0.1694,0.0034,0.0001,-0.1018,0.1277,0.0041
2026-09-23T17:54:02Z,2026-09-23 03:56:05,SPXW,2026-09-29,P,8275.0,7764.6401,489.8,2.0,513.8,2.0,0.0,0.0,0.0,0.2468,-0.9966,0.0001,-0.102,0.128,-1.3542
2026-09-23T17:54:02Z,2026-09-23 03:56:05,SPXW,2026-09-29,C,8300.0,7764.6401,0.1,28.0,0.2,28.0,0.26,0.0,15.0,0.1741,0.0031,0.0,-0.0961,0.1168,0.0037
2026-09-23T17:54:02Z,2026-09-23 03:56:05,SPXW,2026-09-29,P,8300.0,7764.6401,514.7,2.0,538.7,2.0,0.0,0.0,0.0,0.2554,-0.9969,0.0,-0.0963,0.1171,-1.3587
2026-09-23T17:54:02Z,2026-09-23 03:56:05,SPXW,2026-09-29,C,8400.0,7764.6401,0.05,131.0,0.15,30.0,0.1,13.0,4.0,0.1954,0.0022,0.0,-0.0769,0.0836,0.0026
2026-09-23T17:54:02Z,2026-09-23 03:56:05,SPXW,2026-09-29,P,8400.0,7764.6401,614.8,2.0,638.8,2.0,0.0,0.0,0.0,0.2964,-0.9978,0.0,-0.077,0.0838,-1.3762
2026-09-23T17:54:02Z,2026-09-23 03:56:05,SPXW,2026-09-29,C,8500.0,7764.6401,0.0,0.0,0.1,29.0,0.1,6.0,1.0,0.21,0.0016,0.0,-0.0616,0.0611,0.0019
2026-09-23T17:54:02Z,2026-09-23 03:56:05,SPXW,2026-09-29,P,8500.0,7764.6401,714.7,2.0,738.7,2.0,0.0,0.0,0.0,0.3333,-0.9984,0.0,-0.0617,0.0613,-1.3934
2026-09-23T17:54:02Z,2026-09-23 03:56:05,SPXW,2026-09-30,C,6990.0,7764.6401,771.2,2.0,795.2,2.0,667.07,0.0,6.0,0.0,0.9948,0.0,-0.2522,0.1809,1.3311
2026-09-23T17:54:02Z,2026-09-23 03:56:05,SPXW,2026-09-30,P,6990.0,7764.6401,0.45,55.0,0.6,25.0,0.75,482.0,3062.0,0.2892,-0.0052,0.0,-0.2522,0.1809,-0.0075
2026-09-23T17:54:02Z,2026-09-23 03:56:05,SPXW,2026-09-30,C,6995.0,7764.6401,766.4,2.0,790.4,2.0,818.86,0.0,10.0,0.0,0.9947,0.0,-0.255,0.1836,1.332
2026-09-23T17:54:02Z,2026-09-23 03:56:05,SPXW,2026-09-30,P,6995.0,7764.6401,0.45,80.0,0.6,25.0,0.7,1.0,167.0,0.2872,-0.0053,0.0,-0.2554,0.184,-0.0076
2026-09-23T17:54:02Z,2026-09-23 03:56:05,SPXW,2026-09-30,C,7000.0,7764.6401,761.4,2.0,785.4,2.0,624.9,0.0,16333.0,0.0,0.9946,0.0,-0.2578,0.1863,1.3328
2026-09-23T17:54:02Z,2026-09-23 03:56:05,SPXW,2026-09-30,P,7000.0,7764.6401,0.45,84.0,0.65,82.0,0.65,5377.0,39810.0,0.2869,-0.0054,0.0,-0.2582,0.1867,-0.0078
2026-09-23T17:54:02Z,2026-09-23 03:56:05,SPXW,2026-09-30,C,7005.0,7764.6401,756.4,2.0,780.4,2.0,666.15,0.0,238.0,0.0,0.9945,0.0,-0.2606,0.189,1.3336
2026-09-23T17:54:02Z,2026-09-23 03:56:05,SPXW,2026-09-30,P,7005.0,7764.6401,0.45,86.0,0.65,82.0,1.22,0.0,256.0,0.2852,-0.0054,0.0,-0.261,0.1895,-0.0079
2026-09-23T17:54:02Z,2026-09-23 03:56:05,SPXW,2026-09-30,C,7010.0,7764.6401,751.3,2.0,775.3,2.0,642.92,0.0,37.0,0.0,0.9945,0.0,-0.2635,0.1918,1.3344
2026-09-23T17:54:02Z,2026-09-23 03:56:05,SPXW,2026-09-30,P,7010.0,7764.6401,0.45,90.0,0.65,25.0,1.15,0.0,122.0,0.2834,-0.0055,0.0,-0.2639,0.1923,-0.008
2026-09-23T17:54:02Z,2026-09-23 03:56:05,SPXW,2026-09-30,C,7015.0,7764.6401,746.5,2.0,770.5,2.0,656.39,0.0,86.0,0.0,0.9944,0.0,-0.2664,0.1947,1.3352
2026-09-23T17:54:02Z,2026-09-23 03:56:05,SPXW,2026-09-30,P,7015.0,7764.6401,0.45,93.0,0.65,25.0,1.25,0.0,103.0,0.282,-0.0056,0.0,-0.2664,0.1947,-0.0081
2026-09-23T17:54:02Z,2026-09-23 03:56:05,SPXW,2026-09-30,C,7020.0,7764.6401,741.5,2.0,765.5,2.0,757.29,1.0,83.0,0.0,0.9943,0.0,-0.2693,0.1976,1.3361
2026-09-23T17:54:02Z,2026-09-23 03:56:05,SPXW,2026-09-30,P,7020.0,7764.6401,0.5,57.0,0.65,25.0,8.8,0.0,445.0,0.2814,-0.0057,0.0,-0.2698,0.198,-0.0083
2026-09-23T17:54:02Z,2026-09-23 03:56:05,SPXW,2026-09-30,C,7025.0,7764.6401,736.3,2.0,760.3,2.0,751.91,1.0,115.0,0.0,0.9942,0.0,-0.2723,0.2005,1.3369
2026-09-23T17:54:02Z,2026-09-23 03:56:05,SPXW,2026-09-30,P,7025.0,7764.6401,0.5,76.0,0.65,25.0,1.3,0.0,418.0,0.2796,-0.0058,0.0,-0.2727,0.201,-0.0084
2026-09-23T17:54:02Z,2026-09-23 03:56:05,SPXW,2026-09-30,C,7030.0,7764.6401,731.5,2.0,755.5,2.0,616.29,0.0,463.0,0.0,0.9941,0.0,-0.2753,0.2035,1.3377
2026-09-23T17:54:02Z,2026-09-23 03:56:05,SPXW,2026-09-30,P,7030.0,7764.6401,0.5,78.0,0.65,25.0,0.8,1.0,1064.0,0.2781,-0.0059,0.0,-0.2753,0.2035,-0.0086
2026-09-23T17:54:02Z,2026-09-23 03:56:05,SPXW,2026-09-30,C,7035.0,7764.6401,726.5,2.0,750.5,2.0,636.93,0.0,40.0,0.0,0.994,0.0,-0.2784,0.2065,1.3385
2026-09-23T17:54:02Z,2026-09-23 03:56:05,SPXW,2026-09-30,P,7035.0,7764.6401,0.5,82.0,0.7,81.0,2.9,0.0,180.0,0.2776,-0.006,0.0,-0.2784,0.2066,-0.0087
2026-09-23T17:54:02Z,2026-09-23 03:56:05,SPXW,2026-09-30,C,7040.0,7764.6401,721.5,2.0,745.5,2.0,682.53,0.0,85.0,0.0,0.9939,0.0001,-0.2814,0.2096,1.3393
2026-09-23T17:54:02Z,2026-09-23 03:56:05,SPXW,2026-09-30,P,7040.0,7764.6401,0.5,86.0,0.7,25.0,1.25,0.0,603.0,0.2759,-0.0061,0.0001,-0.2815,0.2097,-0.0089
2026-09-23T17:54:02Z,2026-09-23 03:56:05,SPXW,2026-09-30,C,7045.0,7764.6401,716.5,2.0,740.5,2.0,709.44,0.0,63.0,0.0,0.9938,0.0001,-0.2846,0.2127,1.3401
2026-09-23T17:54:02Z,2026-09-23 03:56:05,SPXW,2026-09-30,P,7045.0,7764.6401,0.5,90.0,0.7,25.0,3.6,0.0,118.0,0.2741,-0.0062,0.0001,-0.2846,0.2128,-0.009
2026-09-23T17:54:02Z,2026-09-23 03:56:05,SPXW,2026-09-30,C,7050.0,7764.6401,711.5,2.0,735.5,2.0,566.7,0.0,344.0,0.0,0.9937,0.0001,-0.2877,0.2159,1.3409
2026-09-23T17:54:02Z,2026-09-23 03:56:05,SPXW,2026-09-30,P,7050.0,7764.6401,0.5,94.0,0.7,25.0,0.75,5.0,1276.0,0.2724,-0.0063,0.0001,-0.2877,0.2159,-0.0092
2026-09-23T17:54:02Z,2026-09-23 03:56:05,SPXW,2026-09-30,C,7055.0,7764.6401,706.7,2.0,730.7,2.0,702.11,0.0,47.0,0.0,0.9936,0.0001,-0.2909,0.2191,1.3417
2026-09-23T17:54:02Z,2026-09-23 03:56:05,SPXW,2026-09-30,P,7055.0,7764.6401,0.55,49.0,0.7,25.0,4.4,0.0,205.0,0.2719,-0.0064,0.0001,-0.291,0.2192,-0.0093
2026-09-23T17:54:02Z,2026-09-23 03:56:05,SPXW,2026-09-30,C,7060.0,7764.6401,701.7,2.0,725.7,2.0,642.5,0.0,375.0,0.0,0.9935,0.0001,-0.2941,0.2224,1.3425
2026-09-23T17:54:02Z,2026-09-23 03:56:05,SPXW,2026-09-30,P,7060.0,7764.6401,0.55,76.0,0.7,25.0,3.2,0.0,243.0,0.2702,-0.0065,0.0001,-0.2941,0.2224,-0.0095
2026-09-23T17:54:02Z,2026-09-23 03:56:05,SPXW,2026-09-30,C,7065.0,7764.6401,696.5,2.0,720.5,2.0,530.8,0.0,22.0,0.0,0.9934,0.0001,-0.2974,0.2257,1.3433
2026-09-23T17:54:02Z,2026-09-23 03:56:05,SPXW,2026-09-30,P,7065.0,7764.6401,0.55,80.0,0.75,80.0,1.4,0.0,48.0,0.2696,-0.0066,0.0001,-0.2975,0.2258,-0.0096
2026-09-23T17:54:02Z,2026-09-23 03:56:05,SPXW,2026-09-30,C,7070.0,7764.6401,691.5,2.0,715.5,2.0,641.91,0.0,62.0,0.0,0.9932,0.0001,-0.3007,0.2291,1.3441
2026-09-23T17:54:02Z,2026-09-23 03:56:05,SPXW,2026-09-30,P,7070.0,7764.6401,0.55,83.0,0.75,24.0,0.9,50.0,236.0,0.2678,-0.0067,0.0001,-0.3008,0.2292,-0.0098
2026-09-23T17:54:02Z,2026-09-23 03:56:05,SPXW,2026-09-30,C,7075.0,7764.6401,686.4,2.0,710.4,2.0,769.32,0.0,105.0,0.0,0.9931,0.0001,-0.3041,0.2326,1.3449
2026-09-23T17:54:02Z,2026-09-23 03:56:05,SPXW,2026-09-30,P,7075.0,7764.6401,0.55,87.0,0.75,24.0,1.35,0.0,1002.0,0.266,-0.0069,0.0001,-0.3042,0.2328,-0.01
2026-09-23T17:54:02Z,2026-09-23 03:56:05,SPXW,2026-09-30,C,7080.0,7764.6401,681.5,2.0,705.5,2.0,670.11,0.0,29.0,0.0,0.993,0.0001,-0.3074,0.2362,1.3457
2026-09-23T17:54:02Z,2026-09-23 03:56:05,SPXW,2026-09-30,P,7080.0,7764.6401,0.55,90.0,0.75,24.0,1.35,0.0,1239.0,0.2643,-0.007,0.0001,-0.3074,0.2362,-0.0101
2026-09-23T17:54:02Z,2026-09-23 03:56:05,SPXW,2026-09-30,C,7085.0,7764.6401,676.6,2.0,700.6,2.0,759.82,0.0,21.0,0.0,0.9929,0.0001,-0.3109,0.2398,1.3465
2026-09-23T17:54:02Z,2026-09-23 03:56:05,SPXW,2026-09-30,P,7085.0,7764.6401,0.6,51.0,0.75,24.0,4.5,0.0,125.0,0.2636,-0.0071,0.0001,-0.3111,0.24,-0.0103
2026-09-23T17:54:02Z,2026-09-23 03:56:05,SPXW,2026-09-30,C,7090.0,7764.6401,671.6,2.0,695.6,2.0,722.22,0.0,42.0,0.0,0.9928,0.0001,-0.3144,0.2434,1.3473
2026-09-23T17:54:02Z,2026-09-23 03:56:05,SPXW,2026-09-30,P,7090.0,7764.6401,0.6,75.0,0.75,24.0,1.48,0.0,8596.0,0.2619,-0.0072,0.0001,-0.3144,0.2434,-0.0105
2026-09-23T17:54:02Z,2026-09-23 03:56:05,SPXW,2026-09-30,C,7095.0,7764.6401,666.7,2.0,690.7,2.0,206.39,0.0,17.0,0.0,0.9926,0.0001,-0.3179,0.2472,1.348
2026-09-23T17:54:02Z,2026-09-23 03:56:05,SPXW,2026-09-30,P,7095.0,7764.6401,0.6,79.0,0.8,77.0,1.42,0.0,102.0,0.2612,-0.0073,0.0001,-0.318,0.2473,-0.0107
2026-09-23T17:54:02Z,2026-09-23 03:56:05,SPXW,2026-09-30,C,7100.0,7764.6401,661.7,2.0,685.7,2.0,546.14,0.0,828.0,0.0,0.9925,0.0001,-0.3214,0.251,1.3488
2026-09-23T17:54:02Z,2026-09-23 03:56:05,SPXW,2026-09-30,P,7100.0,7764.6401,0.6,83.0,0.8,24.0,0.71,1399.0,7083.0,0.2594,-0.0075,0.0001,-0.3215,0.2512,-0.0108
2026-09-23T17:54:02Z,2026-09-23 03:56:05,SPXW,2026-09-30,C,7105.0,7764.6401,656.5,2.0,680.5,2.0,599.37,0.0,45.0,0.0,0.9924,0.0001,-0.325,0.255,1.3496
2026-09-23T17:54:02Z,2026-09-23 03:56:05,SPXW,2026-09-30,P,7105.0,7764.6401,0.6,86.0,0.8,24.0,1.08,16.0,20009.0,0.2576,-0.0076,0.0001,-0.3252,0.2552,-0.0111
2026-09-23T17:54:02Z,2026-09-23 03:56:05,SPXW,2026-09-30,C,7110.0,7764.6401,651.7,2.0,675.7,2.0,444.52,0.0,102.0,0.0,0.9922,0.0001,-0.3287,0.259,1.3504
2026-09-23T17:54:02Z,2026-09-23 03:56:05,SPXW,2026-09-30,P,7110.0,7764.6401,0.65,52.0,0.8,24.0,1.52,0.0,121.0,0.257,-0.0077,0.0001,-0.3287,0.259,-0.0112
2026-09-23T17:54:02Z,2026-09-23 03:56:05,SPXW,2026-09-30,C,7115.0,7764.6401,646.8,2.0,670.8,2.0,686.2,0.0,35.0,0.0,0.9921,0.0001,-0.3323,0.263,1.3511
2026-09-23T17:54:02Z,2026-09-23 03:56:05,SPXW,2026-09-30,P,7115.0,7764.6401,0.65,73.0,0.8,24.0,0.83,5.0,127.0,0.2551,-0.0079,0.0001,-0.3325,0.2632,-0.0114
2026-09-23T17:54:02Z,2026-09-23 03:56:05,SPXW,2026-09-30,C,7120.0,7764.6401,641.8,1.0,665.7,1.0,614.23,0.0,124.0,0.0,0.992,0.0001,-0.3361,0.2672,1.3519
2026-09-23T17:54:02Z,2026-09-23 03:56:05,SPXW,2026-09-30,P,7120.0,7764.6401,0.65,77.0,0.85,76.0,13.98,0.0,588.0,0.2544,-0.008,0.0001,-0.3363,0.2674,-0.0116
2026-09-23T17:54:02Z,2026-09-23 03:56:05,SPXW,2026-09-30,C,7125.0,7764.6401,636.7,2.0,660.7,2.0,607.56,0.0,2706.0,0.0,0.9918,0.0001,-0.3398,0.2714,1.3526
2026-09-23T17:54:02Z,2026-09-23 03:56:05,SPXW,2026-09-30,P,7125.0,7764.6401,0.65,81.0,0.85,24.0,1.0,6.0,6041.0,0.2527,-0.0081,0.0001,-0.3398,0.2714,-0.0118
2026-09-23T17:54:02Z,2026-09-23 03:56:05,SPXW,2026-09-30,C,7130.0,7764.6401,631.7,2.0,655.7,2.0,428.23,0.0,44.0,0.0,0.9917,0.0001,-0.3437,0.2757,1.3534
2026-09-23T17:54:02Z,2026-09-23 03:56:05,SPXW,2026-09-30,P,7130.0,7764.6401,0.65,85.0,0.85,24.0,1.02,17.0,167.0,0.2509,-0.0083,0.0001,-0.3437,0.2757,-0.012
2026-09-23T17:54:02Z,2026-09-23 03:56:05,SPXW,2026-09-30,C,7135.0,7764.6401,626.8,2.0,650.8,2.0,640.96,0.0,67.0,0.0,0.9915,0.0001,-0.3476,0.2801,1.3541
2026-09-23T17:54:02Z,2026-09-23 03:56:05,SPXW,2026-09-30,P,7135.0,7764.6401,0.7,51.0,0.85,24.0,1.06,45.0,181.0,0.2501,-0.0084,0.0001,-0.3476,0.2801,-0.0123
2026-09-23T17:54:02Z,2026-09-23 03:56:05,SPXW,2026-09-30,C,7140.0,7764.6401,621.8,2.0,645.8,2.0,688.73,0.0,26.0,0.0,0.9914,0.0001,-0.3515,0.2846,1.3549
2026-09-23T17:54:02Z,2026-09-23 03:56:05,SPXW,2026-09-30,P,7140.0,7764.6401,0.7,72.0,0.85,24.0,1.55,0.0,433.0,0.2483,-0.0086,0.0001,-0.3515,0.2846,-0.0125
2026-09-23T17:54:02Z,2026-09-23 03:56:05,SPXW,2026-09-30,C,7145.0,7764.6401,616.8,2.0,640.8,2.0,661.8,0.0,15.0,0.0,0.9912,0.0001,-0.3555,0.2891,1.3556
2026-09-23T17:54:02Z,2026-09-23 03:56:05,SPXW,2026-09-30,P,7145.0,7764.6401,0.7,77.0,0.9,24.0,4.0,0.0,96.0,0.2475,-0.0087,0.0001,-0.3555,0.2891,-0.0127
2026-09-23T17:54:02Z,2026-09-23 03:56:05,SPXW,2026-09-30,C,7150.0,7764.6401,611.7,2.0,635.7,2.0,506.48,0.0,44.0,0.0,0.9911,0.0001,-0.3595,0.2938,1.3563
2026-09-23T17:54:02Z,2026-09-23 03:56:05,SPXW,2026-09-30,P,7150.0,7764.6401,0.7,80.0,0.9,24.0,0.95,18.0,4814.0,0.2457,-0.0089,0.0001,-0.3595,0.2938,-0.0129
2026-09-23T17:54:02Z,2026-09-23 03:56:05,SPXW,2026-09-30,C,7155.0,7764.6401,606.9,2.0,630.9,2.0,504.17,0.0,326.0,0.0,0.9909,0.0001,-0.3636,0.2985,1.357
2026-09-23T17:54:02Z,2026-09-23 03:56:05,SPXW,2026-09-30,P,7155.0,7764.6401,0.7,85.0,0.9,24.0,3.3,0.0,20019.0,0.2438,-0.0091,0.0001,-0.3637,0.2986,-0.0132
2026-09-23T17:54:02Z,2026-09-23 03:56:05,SPXW,2026-09-30,C,7160.0,7764.6401,601.6,2.0,625.6,2.0,616.82,0.0,40.0,0.0,0.9908,0.0001,-0.3678,0.3033,1.3577
2026-09-23T17:54:02Z,2026-09-23 03:56:05,SPXW,2026-09-30,P,7160.0,7764.6401,0.75,45.0,0.9,24.0,1.0,1.0,97.0,0.2429,-0.0092,0.0001,-0.3679,0.3034,-0.0134
2026-09-23T17:54:02Z,2026-09-23 03:56:05,SPXW,2026-09-30,C,7165.0,7764.6401,596.8,2.0,620.8,2.0,593.15,0.0,33.0,0.0,0.9906,0.0001,-0.372,0.3082,1.3584
2026-09-23T17:54:02Z,2026-09-23 03:56:05,SPXW,2026-09-30,P,7165.0,7764.6401,0.75,74.0,0.95,24.0,0.98,1.0,174.0,0.242,-0.0094,0.0001,-0.3721,0.3083,-0.0137
2026-09-23T17:54:02Z,2026-09-23 03:56:05,SPXW,2026-09-30,C,7170.0,7764.6401,591.9,2.0,615.9,2.0,605.92,0.0,55.0,0.0,0.9904,0.0001,-0.3762,0.3131,1.3591
2026-09-23T17:54:02Z,2026-09-23 03:56:05,SPXW,2026-09-30,P,7170.0,7764.6401,0.75,79.0,0.95,24.0,1.92,0.0,156.0,0.2402,-0.0096,0.0001,-0.3764,0.3134,-0.014
2026-09-23T17:54:02Z,2026-09-23 03:56:05,SPXW,2026-09-30,C,7175.0,7764.6401,586.9,2.0,610.9,2.0,482.38,0.0,247.0,0.0,0.9902,0.0001,-0.3806,0.3182,1.3598
2026-09-23T17:54:02Z,2026-09-23 03:56:05,SPXW,2026-09-30,P,7175.0,7764.6401,0.75,82.0,0.95,24.0,1.07,7.0,699.0,0.2383,-0.0098,0.0001,-0.3808,0.3184,-0.0142
2026-09-23T17:54:02Z,2026-09-23 03:56:05,SPXW,2026-09-30,C,7180.0,7764.6401,581.9,2.0,605.9,2.0,458.53,0.0,71.0,0.0,0.99,0.0001,-0.385,0.3233,1.3605
2026-09-23T17:54:02Z,2026-09-23 03:56:05,SPXW,2026-09-30,P,7180.0,7764.6401,0.8,44.0,0.95,24.0,1.3,1.0,1145.0,0.2374,-0.0099,0.0001,-0.3852,0.3236,-0.0145
2026-09-23T17:54:02Z,2026-09-23 03:56:05,SPXW,2026-09-30,C,7185.0,7764.6401,576.9,2.0,600.9,2.0,347.9,0.0,154.0,0.0,0.9899,0.0001,-0.3894,0.3286,1.3612
2026-09-23T17:54:02Z,2026-09-23 03:56:05,SPXW,2026-09-30,P,7185.0,7764.6401,0.8,72.0,1.0,24.0,1.83,0.0,234.0,0.2364,-0.0101,0.0001,-0.3896,0.3289,-0.0148
2026-09-23T17:54:02Z,2026-09-23 03:56:05,SPXW,2026-09-30,C,7190.0,7764.6401,571.9,2.0,595.9,2.0,448.83,0.0,62.0,0.0,0.9897,0.0001,-0.3939,0.3339,1.3619
2026-09-23T17:54:02Z,2026-09-23 03:56:05,SPXW,2026-09-30,P,7190.0,7764.6401,0.8,77.0,1.0,24.0,0.58,20.0,1798.0,0.2346,-0.0103,0.0001,-0.3942,0.3342,-0.015
2026-09-23T17:54:02Z,2026-09-23 03:56:05,SPXW,2026-09-30,C,7195.0,7764.6401,566.7,2.0,590.7,2.0,506.85,0.0,65.0,0.0,0.9895,0.0001,-0.3985,0.3394,1.3626
2026-09-23T17:54:02Z,2026-09-23 03:56:05,SPXW,2026-09-30,P,7195.0,7764.6401,0.8,81.0,1.0,24.0,0.95,2.0,2025.0,0.2328,-0.0105,0.0001,-0.3988,0.3397,-0.0153
2026-09-23T17:54:02Z,2026-09-23 03:56:05,SPXW,2026-09-30,C,7200.0,7764.6401,576.2,3.0,577.8,3.0,501.39,0.0,511.0,0.2379,0.9893,0.0001,-0.4032,0.345,1.3632
2026-09-23T17:54:02Z,2026-09-23 03:56:05,SPXW,2026-09-30,P,7200.0,7764.6401,0.9,7.0,1.0,31.0,0.96,52.0,8291.0,0.2325,-0.0107,0.0001,-0.4034,0.3453,-0.0156
2026-09-23T17:54:02Z,2026-09-23 03:56:05,SPXW,2026-09-30,C,7205.0,7764.6401,557.0,2.0,581.0,2.0,418.61,0.0,78.0,0.0,0.9891,0.0001,-0.4079,0.3507,1.3639
2026-09-23T17:54:02Z,2026-09-23 03:56:05,SPXW,2026-09-30,P,7205.0,7764.6401,0.85,73.0,1.05,24.0,1.05,8.0,157.0,0.2307,-0.0109,0.0001,-0.4082,0.351,-0.0159
2026-09-23T17:54:02Z,2026-09-23 03:56:05,SPXW,2026-09-30,C,7210.0,7764.6401,552.1,2.0,576.1,2.0,478.72,0.0,41.0,0.0,0.9889,0.0001,-0.4127,0.3566,1.3645
2026-09-23T17:54:02Z,2026-09-23 03:56:05,SPXW,2026-09-30,P,7210.0,7764.6401,0.85,78.0,1.05,24.0,1.15,7.0,211.0,0.2289,-0.0111,0.0001,-0.413,0.3569,-0.0162
2026-09-23T17:54:02Z,2026-09-23 03:56:05,SPXW,2026-09-30,C,7215.0,7764.6401,547.0,2.0,571.0,2.0,473.44,0.0,67.0,0.0,0.9887,0.0001,-0.4176,0.3625,1.3652
2026-09-23T17:54:02Z,2026-09-23 03:56:05,SPXW,2026-09-30,P,7215.0,7764.6401,0.85,82.0,1.05,24.0,1.35,4.0,67.0,0.227,-0.0113,0.0001,-0.4179,0.3628,-0.0165
2026-09-23T17:54:02Z,2026-09-23 03:56:05,SPXW,2026-09-30,C,7220.0,7764.6401,542.1,2.0,566.1,2.0,557.75,10.0,113.0,0.0,0.9884,0.0001,-0.4226,0.3686,1.3658
2026-09-23T17:54:02Z,2026-09-23 03:56:05,SPXW,2026-09-30,P,7220.0,7764.6401,0.9,45.0,1.05,24.0,1.05,7.0,274.0,0.2259,-0.0115,0.0001,-0.4228,0.369,-0.0168
2026-09-23T17:54:02Z,2026-09-23 03:56:05,SPXW,2026-09-30,C,7225.0,7764.6401,537.0,2.0,561.0,2.0,410.85,0.0,92.0,0.0,0.9882,0.0001,-0.4276,0.3749,1.3665
2026-09-23T17:54:02Z,2026-09-23 03:56:05,SPXW,2026-09-30,P,7225.0,7764.6401,0.9,73.0,1.1,23.0,1.05,5.0,429.0,0.2248,-0.0118,0.0001,-0.4279,0.3753,-0.0172
2026-09-23T17:54:02Z,2026-09-23 03:56:05,SPXW,2026-09-30,C,7230.0,7764.6401,532.1,2.0,556.1,2.0,480.81,0.0,38.0,0.0,0.988,0.0001,-0.4327,0.3813,1.3671
2026-09-23T17:54:02Z,2026-09-23 03:56:05,SPXW,2026-09-30,P,7230.0,7764.6401,0.9,79.0,1.1,23.0,1.22,10.0,140.0,0.223,-0.012,0.0001,-0.433,0.3817,-0.0175
2026-09-23T17:54:02Z,2026-09-23 03:56:05,SPXW,2026-09-30,C,7235.0,7764.6401,527.1,2.0,551.1,2.0,348.0,0.0,70.0,0.0,0.9878,0.0001,-0.4379,0.3879,1.3677
2026-09-23T17:54:02Z,2026-09-23 03:56:05,SPXW,2026-09-30,P,7235.0,7764.6401,0.95,44.0,1.1,23.0,1.14,6.0,394.0,0.2219,-0.0122,0.0001,-0.4382,0.3883,-0.0178
2026-09-23T17:54:02Z,2026-09-23 03:56:05,SPXW,2026-09-30,C,7240.0,7764.6401,522.1,2.0,546.1,2.0,472.81,0.0,235.0,0.0,0.9875,0.0001,-0.4432,0.3947,1.3683
2026-09-23T17:54:02Z,2026-09-23 03:56:05,SPXW,2026-09-30,P,7240.0,7764.6401,0.95,71.0,1.15,23.0,2.1,0.0,1940.0,0.2207,-0.0125,0.0001,-0.4435,0.395,-0.0182
2026-09-23T17:54:02Z,2026-09-23 03:56:05,SPXW,2026-09-30,C,7245.0,7764.6401,517.3,2.0,541.3,2.0,386.56,0.0,19.0,0.0,0.9873,0.0001,-0.4486,0.4016,1.3689
2026-09-23T17:54:02Z,2026-09-23 03:56:05,SPXW,2026-09-30,P,7245.0,7764.6401,0.95,77.0,1.15,23.0,1.3,1.0,76.0,0.2189,-0.0127,0.0001,-0.4489,0.4019,-0.0186
2026-09-23T17:54:02Z,2026-09-23 03:56:05,SPXW,2026-09-30,C,7250.0,7764.6401,512.1,2.0,536.1,2.0,527.46,10.0,89.0,0.0,0.987,0.0001,-0.4541,0.4087,1.3695
2026-09-23T17:54:02Z,2026-09-23 03:56:05,SPXW,2026-09-30,P,7250.0,7764.6401,1.05,6.0,1.15,29.0,1.15,139.0,5339.0,0.2184,-0.013,0.0001,-0.4544,0.409,-0.0189
2026-09-23T17:54:02Z,2026-09-23 03:56:05,SPXW,2026-09-30,C,7255.0,7764.6401,507.2,2.0,531.2,2.0,379.6,0.0,48.0,0.0,0.9867,0.0001,-0.4597,0.4159,1.3701
2026-09-23T17:54:02Z,2026-09-23 03:56:05,SPXW,2026-09-30,P,7255.0,7764.6401,1.0,72.0,1.2,23.0,1.32,10.0,217.0,0.2165,-0.0132,0.0001,-0.46,0.4163,-0.0193
2026-09-23T17:54:02Z,2026-09-23 03:56:05,SPXW,2026-09-30,C,7260.0,7764.6401,502.2,2.0,526.2,2.0,392.32,0.0,145.0,0.0,0.9865,0.0001,-0.4654,0.4233,1.3706
2026-09-23T17:54:02Z,2026-09-23 03:56:05,SPXW,2026-09-30,P,7260.0,7764.6401,1.0,76.0,1.2,23.0,2.1,0.0,244.0,0.2146,-0.0135,0.0001,-0.4656,0.4237,-0.0197
2026-09-23T17:54:02Z,2026-09-23 03:56:05,SPXW,2026-09-30,C,7265.0,7764.6401,497.2,2.0,521.2,2.0,353.4,0.0,48.0,0.0,0.9862,0.0001,-0.4711,0.4309,1.3712
2026-09-23T17:54:02Z,2026-09-23 03:56:05,SPXW,2026-09-30,P,7265.0,7764.6401,1.05,43.0,1.2,23.0,2.39,0.0,204.0,0.2134,-0.0138,0.0001,-0.4714,0.4313,-0.0201
2026-09-23T17:54:02Z,2026-09-23 03:56:05,SPXW,2026-09-30,C,7270.0,7764.6401,492.3,2.0,516.3,2.0,513.14,2.0,61.0,0.0,0.9859,0.0001,-0.477,0.4387,1.3717
2026-09-23T17:54:02Z,2026-09-23 03:56:05,SPXW,2026-09-30,P,7270.0,7764.6401,1.05,72.0,1.25,23.0,2.45,0.0,173.0,0.2122,-0.0141,0.0001,-0.4773,0.4391,-0.0205
2026-09-23T17:54:02Z,2026-09-23 03:56:05,SPXW,2026-09-30,C,7275.0,7764.6401,487.2,2.0,511.2,2.0,486.12,0.0,189.0,0.0,0.9856,0.0001,-0.483,0.4466,1.3722
2026-09-23T17:54:02Z,2026-09-23 03:56:05,SPXW,2026-09-30,P,7275.0,7764.6401,1.05,78.0,1.25,23.0,1.65,5.0,1324.0,0.2103,-0.0144,0.0001,-0.4834,0.447,-0.021
2026-09-23T17:54:02Z,2026-09-23 03:56:05,SPXW,2026-09-30,C,7280.0,7764.6401,482.1,2.0,506.1,2.0,503.19,1.0,187.0,0.0,0.9853,0.0002,-0.4892,0.4547,1.3727
2026-09-23T17:54:02Z,2026-09-23 03:56:05,SPXW,2026-09-30,P,7280.0,7764.6401,1.1,45.0,1.25,23.0,1.43,2.0,203.0,0.209,-0.0147,0.0002,-0.4895,0.4552,-0.0214
2026-09-23T17:54:02Z,2026-09-23 03:56:05,SPXW,2026-09-30,C,7285.0,7764.6401,477.3,2.0,501.3,2.0,465.66,0.0,52.0,0.0,0.985,0.0002,-0.4954,0.463,1.3732
2026-09-23T17:54:02Z,2026-09-23 03:56:05,SPXW,2026-09-30,P,7285.0,7764.6401,1.1,74.0,1.3,23.0,2.49,0.0,300.0,0.2078,-0.015,0.0002,-0.4958,0.4635,-0.0219
2026-09-23T17:54:02Z,2026-09-23 03:56:05,SPXW,2026-09-30,C,7290.0,7764.6401,472.4,2.0,496.4,2.0,477.77,1.0,297.0,0.0,0.9847,0.0002,-0.5018,0.4715,1.3737
2026-09-23T17:54:02Z,2026-09-23 03:56:05,SPXW,2026-09-30,P,7290.0,7764.6401,1.15,42.0,1.3,23.0,1.28,100.0,360.0,0.2065,-0.0153,0.0002,-0.5022,0.472,-0.0224
2026-09-23T17:54:02Z,2026-09-23 03:56:05,SPXW,2026-09-30,C,7295.0,7764.6401,467.4,2.0,491.4,2.0,342.66,0.0,139.0,0.0,0.9844,0.0002,-0.5084,0.4802,1.3742
2026-09-23T17:54:02Z,2026-09-23 03:56:05,SPXW,2026-09-30,P,7295.0,7764.6401,1.15,72.0,1.35,23.0,1.72,10.0,221.0,0.2052,-0.0156,0.0002,-0.5087,0.4807,-0.0229
2026-09-23T17:54:02Z,2026-09-23 03:56:05,SPXW,2026-09-30,C,7300.0,7764.6401,462.4,2.0,486.4,2.0,475.75,0.0,3540.0,0.0,0.984,0.0002,-0.515,0.4891,1.3746
2026-09-23T17:54:02Z,2026-09-23 03:56:05,SPXW,2026-09-30,P,7300.0,7764.6401,1.2,5.0,1.35,28.0,1.26,193.0,5457.0,0.2039,-0.016,0.0002,-0.515,0.4891,-0.0233
2026-09-23T17:54:02Z,2026-09-23 03:56:05,SPXW,2026-09-30,C,7305.0,7764.6401,457.5,2.0,481.5,2.0,360.13,0.0,43.0,0.0,0.9837,0.0002,-0.5219,0.4982,1.3751
2026-09-23T17:54:02Z,2026-09-23 03:56:05,SPXW,2026-09-30,P,7305.0,7764.6401,1.2,68.0,1.4,22.0,2.58,0.0,145.0,0.2025,-0.0163,0.0002,-0.5222,0.4987,-0.0239
2026-09-23T17:54:02Z,2026-09-23 03:56:05,SPXW,2026-09-30,C,7310.0,7764.6401,452.4,2.0,476.4,2.0,408.27,0.0,2006.0,0.0,0.9833,0.0002,-0.5288,0.5076,1.3755
2026-09-23T17:54:02Z,2026-09-23 03:56:05,SPXW,2026-09-30,P,7310.0,7764.6401,1.2,75.0,1.4,23.0,1.89,1.0,152.0,0.2007,-0.0167,0.0002,-0.5288,0.5076,-0.0244
2026-09-23T17:54:02Z,2026-09-23 03:56:05,SPXW,2026-09-30,C,7315.0,7764.6401,447.6,2.0,471.6,2.0,328.94,0.0,244.0,0.0,0.9829,0.0002,-0.536,0.5172,1.3759
2026-09-23T17:54:02Z,2026-09-23 03:56:05,SPXW,2026-09-30,P,7315.0,7764.6401,1.25,45.0,1.4,22.0,2.87,0.0,141.0,0.1993,-0.017,0.0002,-0.536,0.5172,-0.025
2026-09-23T17:54:02Z,2026-09-23 03:56:05,SPXW,2026-09-30,C,7320.0,7764.6401,442.6,2.0,466.6,2.0,439.64,0.0,836.0,0.0,0.9826,0.0002,-0.5433,0.5271,1.3763
2026-09-23T17:54:02Z,2026-09-23 03:56:05,SPXW,2026-09-30,P,7320.0,7764.6401,1.25,73.0,1.45,22.0,1.55,11.0,516.0,0.1979,-0.0174,0.0002,-0.5433,0.5271,-0.0255
2026-09-23T17:54:02Z,2026-09-23 03:56:05,SPXW,2026-09-30,C,7325.0,7764.6401,437.6,2.0,461.6,2.0,434.69,0.0,251.0,0.0,0.9822,0.0002,-0.5508,0.5373,1.3767
2026-09-23T17:54:02Z,2026-09-23 03:56:05,SPXW,2026-09-30,P,7325.0,7764.6401,1.3,45.0,1.45,22.0,1.6,81.0,1676.0,0.1965,-0.0178,0.0002,-0.5508,0.5373,-0.0261
2026-09-23T17:54:02Z,2026-09-23 03:56:05,SPXW,2026-09-30,C,7330.0,7764.6401,432.6,2.0,456.6,2.0,317.78,0.0,208.0,0.0,0.9817,0.0002,-0.5584,0.5478,1.377
2026-09-23T17:54:02Z,2026-09-23 03:56:05,SPXW,2026-09-30,P,7330.0,7764.6401,1.3,73.0,1.5,22.0,1.95,8.0,185.0,0.1951,-0.0182,0.0002,-0.5584,0.5478,-0.0267
2026-09-23T17:54:02Z,2026-09-23 03:56:05,SPXW,2026-09-30,C,7335.0,7764.6401,427.6,2.0,451.6,2.0,313.33,0.0,197.0,0.0,0.9813,0.0002,-0.5663,0.5587,1.3774
2026-09-23T17:54:02Z,2026-09-23 03:56:05,SPXW,2026-09-30,P,7335.0,7764.6401,1.35,44.0,1.5,22.0,1.85,17.0,169.0,0.1937,-0.0186,0.0002,-0.5663,0.5587,-0.0273
2026-09-23T17:54:02Z,2026-09-23 03:56:05,SPXW,2026-09-30,C,7340.0,7764.6401,422.6,2.0,446.6,2.0,439.15,5.0,279.0,0.0,0.9809,0.0002,-0.5743,0.5699,1.3777
2026-09-23T17:54:02Z,2026-09-23 03:56:05,SPXW,2026-09-30,P,7340.0,7764.6401,1.35,90.0,1.55,22.0,2.77,0.0,501.0,0.1922,-0.0191,0.0002,-0.5743,0.5699,-0.0279
2026-09-23T17:54:02Z,2026-09-23 03:56:05,SPXW,2026-09-30,C,7345.0,7764.6401,417.6,2.0,441.6,2.0,277.97,0.0,211.0,0.0,0.9804,0.0002,-0.5826,0.5814,1.378
2026-09-23T17:54:02Z,2026-09-23 03:56:05,SPXW,2026-09-30,P,7345.0,7764.6401,1.4,69.0,1.6,22.0,1.5,4.0,386.0,0.1913,-0.0196,0.0002,-0.5826,0.5814,-0.0286
2026-09-23T17:54:02Z,2026-09-23 03:56:05,SPXW,2026-09-30,C,7350.0,7764.6401,412.8,2.0,436.8,2.0,433.81,0.0,623.0,0.0,0.98,0.0002,-0.591,0.5933,1.3782
2026-09-23T17:54:02Z,2026-09-23 03:56:05,SPXW,2026-09-30,P,7350.0,7764.6401,1.45,45.0,1.6,27.0,1.52,3106.0,4117.0,0.1898,-0.02,0.0002,-0.591,0.5933,-0.0293
2026-09-23T17:54:02Z,2026-09-23 03:56:05,SPXW,2026-09-30,C,7355.0,7764.6401,407.7,2.0,431.7,2.0,317.8,0.0,7.0,0.0,0.9795,0.0002,-0.5997,0.6056,1.3785
2026-09-23T17:54:02Z,2026-09-23 03:56:05,SPXW,2026-09-30,P,7355.0,7764.6401,1.45,71.0,1.65,22.0,1.55,23.0,182.0,0.1883,-0.0205,0.0002,-0.5997,0.6056,-0.03
2026-09-23T17:54:02Z,2026-09-23 03:56:05,SPXW,2026-09-30,C,7360.0,7764.6401,402.6,2.0,426.6,2.0,338.85,0.0,216.0,0.0,0.979,0.0002,-0.6087,0.6182,1.3787
2026-09-23T17:54:02Z,2026-09-23 03:56:05,SPXW,2026-09-30,P,7360.0,7764.6401,1.5,39.0,1.65,22.0,1.6,4.0,829.0,0.1868,-0.021,0.0002,-0.6087,0.6182,-0.0307
2026-09-23T17:54:02Z,2026-09-23 03:56:05,SPXW,2026-09-30,C,7365.0,7764.6401,397.9,1.0,421.8,1.0,334.2,0.0,8.0,0.0,0.9784,0.0002,-0.6178,0.6312,1.3789
2026-09-23T17:54:02Z,2026-09-23 03:56:05,SPXW,2026-09-30,P,7365.0,7764.6401,1.5,89.0,1.7,21.0,1.9,13.0,196.0,0.1852,-0.0216,0.0002,-0.6181,0.6316,-0.0315
2026-09-23T17:54:02Z,2026-09-23 03:56:05,SPXW,2026-09-30,C,7370.0,7764.6401,392.9,2.0,416.9,2.0,286.9,0.0,52.0,0.0,0.9779,0.0002,-0.6273,0.6446,1.3791
2026-09-23T17:54:02Z,2026-09-23 03:56:05,SPXW,2026-09-30,P,7370.0,7764.6401,1.55,69.0,1.75,21.0,1.92,5.0,237.0,0.1842,-0.0221,0.0002,-0.6273,0.6446,-0.0323
2026-09-23T17:54:02Z,2026-09-23 03:56:05,SPXW,2026-09-30,C,7375.0,7764.6401,387.9,2.0,411.9,2.0,404.35,5.0,166.0,0.0,0.9773,0.0003,-0.637,0.6584,1.3792
2026-09-23T17:54:02Z,2026-09-23 03:56:05,SPXW,2026-09-30,P,7375.0,7764.6401,1.6,47.0,1.8,21.0,1.7,100.0,460.0,0.1831,-0.0226,0.0003,-0.637,0.6584,-0.0332
2026-09-23T17:54:02Z,2026-09-23 03:56:05,SPXW,2026-09-30,C,7380.0,7764.6401,382.9,2.0,406.9,2.0,391.66,2.0,114.0,0.0,0.9768,0.0003,-0.647,0.6726,1.3792
2026-09-23T17:54:02Z,2026-09-23 03:56:05,SPXW,2026-09-30,P,7380.0,7764.6401,1.65,38.0,1.8,21.0,2.02,57.0,866.0,0.1815,-0.0232,0.0003,-0.647,0.6726,-0.034
2026-09-23T17:54:02Z,2026-09-23 03:56:05,SPXW,2026-09-30,C,7385.0,7764.6401,377.9,2.0,401.9,2.0,459.79,0.0,21.0,0.0,0.9762,0.0003,-0.6573,0.6871,1.3793
2026-09-23T17:54:02Z,2026-09-23 03:56:05,SPXW,2026-09-30,P,7385.0,7764.6401,1.65,68.0,1.85,21.0,3.3,0.0,84.0,0.1799,-0.0238,0.0003,-0.6573,0.6871,-0.0349
2026-09-23T17:54:02Z,2026-09-23 03:56:05,SPXW,2026-09-30,C,7390.0,7764.6401,373.0,2.0,397.0,2.0,381.71,2.0,32.0,0.0,0.9755,0.0003,-0.6679,0.7022,1.3793
2026-09-23T17:54:02Z,2026-09-23 03:56:05,SPXW,2026-09-30,P,7390.0,7764.6401,1.7,66.0,1.9,21.0,1.88,24.0,334.0,0.1787,-0.0244,0.0003,-0.6679,0.7022,-0.0359
2026-09-23T17:54:02Z,2026-09-23 03:56:05,SPXW,2026-09-30,C,7395.0,7764.6401,368.1,2.0,392.1,2.0,460.16,0.0,14.0,0.0,0.9749,0.0003,-0.6788,0.7176,1.3793
2026-09-23T17:54:02Z,2026-09-23 03:56:05,SPXW,2026-09-30,P,7395.0,7764.6401,1.75,46.0,1.95,20.0,1.82,36.0,231.0,0.1775,-0.0251,0.0003,-0.6788,0.7176,-0.0369
2026-09-23T17:54:02Z,2026-09-23 03:56:05,SPXW,2026-09-30,C,7400.0,7764.6401,363.1,2.0,387.1,2.0,376.8,4.0,1954.0,0.0,0.9742,0.0003,-0.6901,0.7336,1.3792
2026-09-23T17:54:02Z,2026-09-23 03:56:05,SPXW,2026-09-30,P,7400.0,7764.6401,1.85,4.0,2.0,24.0,1.99,420.0,9021.0,0.1766,-0.0258,0.0003,-0.6901,0.7336,-0.0379
2026-09-23T17:54:02Z,2026-09-23 03:56:05,SPXW,2026-09-30,C,7405.0,7764.6401,358.1,2.0,382.1,2.0,242.28,0.0,20.0,0.0,0.9735,0.0003,-0.7017,0.7502,1.3792
2026-09-23T17:54:02Z,2026-09-23 03:56:05,SPXW,2026-09-30,P,7405.0,7764.6401,1.85,44.0,2.05,20.0,1.9,25.0,197.0,0.175,-0.0265,0.0003,-0.7017,0.7502,-0.0389
2026-09-23T17:54:02Z,2026-09-23 03:56:05,SPXW,2026-09-30,C,7410.0,7764.6401,353.3,2.0,377.3,2.0,340.54,0.0,117.0,0.0,0.9727,0.0003,-0.7138,0.7673,1.379
2026-09-23T17:54:02Z,2026-09-23 03:56:05,SPXW,2026-09-30,P,7410.0,7764.6401,1.9,36.0,2.1,20.0,2.1,30.0,891.0,0.1736,-0.0272,0.0003,-0.7138,0.7673,-0.04
2026-09-23T17:54:02Z,2026-09-23 03:56:05,SPXW,2026-09-30,C,7415.0,7764.6401,348.2,2.0,372.2,2.0,428.05,0.0,22.0,0.0,0.972,0.0003,-0.7262,0.785,1.3788
2026-09-23T17:54:02Z,2026-09-23 03:56:05,SPXW,2026-09-30,P,7415.0,7764.6401,1.9,78.0,2.15,20.0,1.95,2.0,162.0,0.172,-0.028,0.0003,-0.7262,0.785,-0.0411
2026-09-23T17:54:02Z,2026-09-23 03:56:05,SPXW,2026-09-30,C,7420.0,7764.6401,343.4,2.0,367.4,2.0,182.38,0.0,1027.0,0.0,0.9712,0.0003,-0.7389,0.8035,1.3786
2026-09-23T17:54:02Z,2026-09-23 03:56:05,SPXW,2026-09-30,P,7420.0,7764.6401,1.95,62.0,2.2,19.0,2.67,12.0,271.0,0.1706,-0.0288,0.0003,-0.7389,0.8035,-0.0423
2026-09-23T17:54:02Z,2026-09-23 03:56:05,SPXW,2026-09-30,C,7425.0,7764.6401,338.5,2.0,362.5,2.0,337.74,0.0,282.0,0.0,0.9703,0.0004,-0.7522,0.8226,1.3784
2026-09-23T17:54:02Z,2026-09-23 03:56:05,SPXW,2026-09-30,P,7425.0,7764.6401,2.0,76.0,2.25,19.0,2.19,115.0,998.0,0.1692,-0.0296,0.0004,-0.7522,0.8226,-0.0435
2026-09-23T17:54:02Z,2026-09-23 03:56:05,SPXW,2026-09-30,C,7430.0,7764.6401,333.3,2.0,357.3,2.0,162.46,0.0,65.0,0.0,0.9695,0.0004,-0.7658,0.8424,1.3781
2026-09-23T17:54:02Z,2026-09-23 03:56:05,SPXW,2026-09-30,P,7430.0,7764.6401,2.1,42.0,2.3,19.0,2.27,10.0,450.0,0.1682,-0.0305,0.0004,-0.7658,0.8424,-0.0448
2026-09-23T17:54:02Z,2026-09-23 03:56:05,SPXW,2026-09-30,C,7435.0,7764.6401,328.5,2.0,352.5,2.0,360.33,0.0,21.0,0.0,0.9686,0.0004,-0.7799,0.863,1.3777
2026-09-23T17:54:02Z,2026-09-23 03:56:05,SPXW,2026-09-30,P,7435.0,7764.6401,2.15,42.0,2.35,19.0,2.3,26.0,263.0,0.1668,-0.0314,0.0004,-0.7799,0.863,-0.0461
2026-09-23T17:54:02Z,2026-09-23 03:56:05,SPXW,2026-09-30,C,7440.0,7764.6401,323.6,2.0,347.6,2.0,221.63,0.0,124.0,0.0,0.9676,0.0004,-0.7945,0.8843,1.3772
2026-09-23T17:54:02Z,2026-09-23 03:56:05,SPXW,2026-09-30,P,7440.0,7764.6401,2.2,42.0,2.4,19.0,2.35,32.0,962.0,0.1653,-0.0324,0.0004,-0.7945,0.8843,-0.0475
2026-09-23T17:54:02Z,2026-09-23 03:56:05,SPXW,2026-09-30,C,7445.0,7764.6401,318.7,2.0,342.7,2.0,411.83,0.0,8.0,0.0,0.9666,0.0004,-0.8096,0.9063,1.3767
2026-09-23T17:54:02Z,2026-09-23 03:56:05,SPXW,2026-09-30,P,7445.0,7764.6401,2.25,59.0,2.5,18.0,2.47,5.0,319.0,0.1641,-0.0334,0.0004,-0.8096,0.9063,-0.049
2026-09-23T17:54:02Z,2026-09-23 03:56:05,SPXW,2026-09-30,C,7450.0,7764.6401,313.8,2.0,337.8,2.0,326.17,2.0,1428.0,0.0,0.9656,0.0004,-0.8252,0.929,1.3761
2026-09-23T17:54:02Z,2026-09-23 03:56:05,SPXW,2026-09-30,P,7450.0,7764.6401,2.35,4.0,2.55,22.0,2.49,510.0,9119.0,0.1629,-0.0344,0.0004,-0.8252,0.929,-0.0506
2026-09-23T17:54:02Z,2026-09-23 03:56:05,SPXW,2026-09-30,C,7455.0,7764.6401,308.9,2.0,332.9,2.0,276.59,0.0,35.0,0.0,0.9645,0.0004,-0.8413,0.9525,1.3754
2026-09-23T17:54:02Z,2026-09-23 03:56:05,SPXW,2026-09-30,P,7455.0,7764.6401,2.4,41.0,2.6,18.0,2.6,87.0,161.0,0.1614,-0.0355,0.0004,-0.8413,0.9525,-0.0522
2026-09-23T17:54:02Z,2026-09-23 03:56:05,SPXW,2026-09-30,C,7460.0,7764.6401,303.9,2.0,327.9,2.0,313.15,0.0,57.0,0.0,0.9634,0.0004,-0.858,0.9767,1.3747
2026-09-23T17:54:02Z,2026-09-23 03:56:05,SPXW,2026-09-30,P,7460.0,7764.6401,2.5,4.0,2.7,21.0,2.57,11.0,511.0,0.1601,-0.0366,0.0004,-0.858,0.9767,-0.0539
2026-09-23T17:54:02Z,2026-09-23 03:56:05,SPXW,2026-09-30,C,7465.0,7764.6401,299.0,2.0,323.0,2.0,147.13,0.0,23.0,0.0,0.9622,0.0005,-0.8753,1.0017,1.3739
2026-09-23T17:54:02Z,2026-09-23 03:56:05,SPXW,2026-09-30,P,7465.0,7764.6401,2.5,56.0,2.75,17.0,2.68,58.0,383.0,0.1586,-0.0378,0.0005,-0.8753,1.0017,-0.0557
2026-09-23T17:54:02Z,2026-09-23 03:56:05,SPXW,2026-09-30,C,7470.0,7764.6401,294.0,2.0,318.0,2.0,181.58,0.0,52.0,0.0,0.9609,0.0005,-0.8932,1.0276,1.373
2026-09-23T17:54:02Z,2026-09-23 03:56:05,SPXW,2026-09-30,P,7470.0,7764.6401,2.6,38.0,2.85,17.0,2.55,29.0,211.0,0.1575,-0.039,0.0005,-0.8932,1.0276,-0.0575
2026-09-23T17:54:02Z,2026-09-23 03:56:05,SPXW,2026-09-30,C,7475.0,7764.6401,289.2,2.0,313.2,2.0,294.81,1.0,301.0,0.0988,0.9596,0.0005,-0.9117,1.0545,1.372
2026-09-23T17:54:02Z,2026-09-23 03:56:05,SPXW,2026-09-30,P,7475.0,7764.6401,2.75,4.0,2.9,4.0,2.83,52.0,2895.0,0.1564,-0.0403,0.0005,-0.9117,1.0545,-0.0594
2026-09-23T17:54:02Z,2026-09-23 03:56:05,SPXW,2026-09-30,C,7480.0,7764.6401,284.1,2.0,308.1,2.0,293.73,0.0,119.0,0.0,0.9583,0.0005,-0.9308,1.0825,1.371
2026-09-23T17:54:02Z,2026-09-23 03:56:05,SPXW,2026-09-30,P,7480.0,7764.6401,2.8,3.0,3.0,19.0,3.02,15.0,587.0,0.155,-0.0417,0.0005,-0.9308,1.0825,-0.0614
2026-09-23T17:54:02Z,2026-09-23 03:56:05,SPXW,2026-09-30,C,7485.0,7764.6401,279.2,2.0,303.2,2.0,228.39,0.0,13.0,0.0949,0.9568,0.0005,-0.9506,1.1116,1.3699
2026-09-23T17:54:02Z,2026-09-23 03:56:05,SPXW,2026-09-30,P,7485.0,7764.6401,2.85,46.0,3.1,16.0,2.9,26.0,245.0,0.1536,-0.0431,0.0005,-0.9506,1.1116,-0.0635
2026-09-23T17:54:02Z,2026-09-23 03:56:05,SPXW,2026-09-30,C,7490.0,7764.6401,274.5,2.0,298.5,2.0,252.15,0.0,109.0,0.1102,0.9554,0.0005,-0.9711,1.1418,1.3686
2026-09-23T17:54:02Z,2026-09-23 03:56:05,SPXW,2026-09-30,P,7490.0,7764.6401,3.0,9.0,3.2,15.0,2.9,59.0,239.0,0.1526,-0.0446,0.0005,-0.9711,1.1418,-0.0657
2026-09-23T17:54:02Z,2026-09-23 03:56:05,SPXW,2026-09-30,C,7495.0,7764.6401,269.6,2.0,293.6,2.0,109.9,0.0,17.0,0.1116,0.9538,0.0006,-0.9923,1.1733,1.3673
2026-09-23T17:54:02Z,2026-09-23 03:56:05,SPXW,2026-09-30,P,7495.0,7764.6401,3.1,9.0,3.3,15.0,3.17,18.0,333.0,0.1509,-0.0462,0.0006,-0.9923,1.1733,-0.068
2026-09-23T17:54:02Z,2026-09-23 03:56:05,SPXW,2026-09-30,C,7500.0,7764.6401,278.8,3.0,280.4,3.0,279.35,10.0,4389.0,0.1511,0.9522,0.0006,-1.0143,1.2059,1.3658
2026-09-23T17:54:02Z,2026-09-23 03:56:05,SPXW,2026-09-30,P,7500.0,7764.6401,3.2,12.0,3.4,18.0,3.3,2382.0,29514.0,0.15,-0.0478,0.0006,-1.0143,1.2059,-0.0704
2026-09-23T17:54:02Z,2026-09-23 03:56:05,SPXW,2026-09-30,C,7505.0,7764.6401,259.8,2.0,283.8,2.0,147.49,0.0,256.0,0.1132,0.9504,0.0006,-1.0369,1.2397,1.3642
2026-09-23T17:54:02Z,2026-09-23 03:56:05,SPXW,2026-09-30,P,7505.0,7764.6401,3.3,9.0,3.5,14.0,3.16,14.0,246.0,0.1487,-0.0495,0.0006,-1.0369,1.2397,-0.073
2026-09-23T17:54:02Z,2026-09-23 03:56:05,SPXW,2026-09-30,C,7510.0,7764.6401,254.9,2.0,278.9,2.0,260.06,1.0,142.0,0.1135,0.9486,0.0006,-1.0604,1.2745,1.3624
2026-09-23T17:54:02Z,2026-09-23 03:56:05,SPXW,2026-09-30,P,7510.0,7764.6401,3.4,11.0,3.6,3.0,3.3,52.0,1655.0,0.1473,-0.0514,0.0006,-1.0604,1.2745,-0.0757
2026-09-23T17:54:02Z,2026-09-23 03:56:05,SPXW,2026-09-30,C,7515.0,7764.6401,250.1,2.0,274.1,2.0,228.07,0.0,395.0,0.1155,0.9467,0.0006,-1.0846,1.3104,1.3605
2026-09-23T17:54:02Z,2026-09-23 03:56:05,SPXW,2026-09-30,P,7515.0,7764.6401,3.5,12.0,3.7,3.0,3.37,37.0,3557.0,0.1459,-0.0532,0.0006,-1.0846,1.3104,-0.0786
2026-09-23T17:54:02Z,2026-09-23 03:56:05,SPXW,2026-09-30,C,7520.0,7764.6401,245.2,2.0,269.2,2.0,260.12,1.0,178.0,0.1152,0.9448,0.0007,-1.1097,1.3474,1.3585
2026-09-23T17:54:02Z,2026-09-23 03:56:05,SPXW,2026-09-30,P,7520.0,7764.6401,3.6,35.0,3.9,13.0,3.4,44.0,324.0,0.1449,-0.0552,0.0007,-1.1097,1.3474,-0.0816
2026-09-23T17:54:02Z,2026-09-23 03:56:05,SPXW,2026-09-30,C,7525.0,7764.6401,240.4,2.0,264.4,2.0,255.96,5.0,1275.0,0.1164,0.9427,0.0007,-1.1356,1.3858,1.3564
2026-09-23T17:54:02Z,2026-09-23 03:56:05,SPXW,2026-09-30,P,7525.0,7764.6401,3.8,3.0,4.0,16.0,3.8,88.0,17029.0,0.1438,-0.0573,0.0007,-1.1356,1.3858,-0.0847
2026-09-23T17:54:02Z,2026-09-23 03:56:05,SPXW,2026-09-30,C,7530.0,7764.6401,235.5,2.0,259.5,2.0,213.82,0.0,482.0,0.1158,0.9405,0.0007,-1.1623,1.4255,1.3541
2026-09-23T17:54:02Z,2026-09-23 03:56:05,SPXW,2026-09-30,P,7530.0,7764.6401,3.9,8.0,4.2,13.0,3.7,2050.0,312.0,0.1426,-0.0595,0.0007,-1.1623,1.4255,-0.0879
2026-09-23T17:54:02Z,2026-09-23 03:56:05,SPXW,2026-09-30,C,7535.0,7764.6401,230.7,2.0,254.7,2.0,205.0,0.0,48.0,0.1165,0.9382,0.0008,-1.1899,1.4668,1.3516
2026-09-23T17:54:02Z,2026-09-23 03:56:05,SPXW,2026-09-30,P,7535.0,7764.6401,4.0,34.0,4.3,13.0,4.27,79.0,256.0,0.141,-0.0618,0.0008,-1.1899,1.4668,-0.0913
2026-09-23T17:54:02Z,2026-09-23 03:56:05,SPXW,2026-09-30,C,7540.0,7764.6401,225.9,2.0,249.9,2.0,174.46,0.0,54.0,0.1168,0.9358,0.0008,-1.2184,1.5098,1.3491
2026-09-23T17:54:02Z,2026-09-23 03:56:05,SPXW,2026-09-30,P,7540.0,7764.6401,4.2,8.0,4.5,13.0,4.0,69.0,1252.0,0.1402,-0.0642,0.0008,-1.2184,1.5098,-0.0949
2026-09-23T17:54:02Z,2026-09-23 03:56:05,SPXW,2026-09-30,C,7545.0,7764.6401,221.0,2.0,245.0,2.0,121.7,0.0,704.0,0.1159,0.9332,0.0008,-1.2477,1.5544,1.3463
2026-09-23T17:54:02Z,2026-09-23 03:56:05,SPXW,2026-09-30,P,7545.0,7764.6401,4.4,8.0,4.6,12.0,4.06,35.0,951.0,0.1389,-0.0667,0.0008,-1.2477,1.5544,-0.0986
2026-09-23T17:54:02Z,2026-09-23 03:56:05,SPXW,2026-09-30,C,7550.0,7764.6401,215.9,2.0,239.9,2.0,227.91,34.0,2243.0,0.1126,0.9306,0.0008,-1.2779,1.6006,1.3433
2026-09-23T17:54:02Z,2026-09-23 03:56:05,SPXW,2026-09-30,P,7550.0,7764.6401,4.5,11.0,4.8,15.0,4.8,1377.0,5550.0,0.1375,-0.0694,0.0008,-1.2779,1.6006,-0.1026
2026-09-23T17:54:02Z,2026-09-23 03:56:05,SPXW,2026-09-30,C,7555.0,7764.6401,211.4,2.0,235.4,2.0,199.4,0.0,84.0,0.1158,0.9278,0.0009,-1.3091,1.6482,1.34
2026-09-23T17:54:02Z,2026-09-23 03:56:05,SPXW,2026-09-30,P,7555.0,7764.6401,4.7,8.0,5.0,12.0,4.38,35.0,261.0,0.1364,-0.0722,0.0009,-1.3091,1.6482,-0.1068
2026-09-23T17:54:02Z,2026-09-23 03:56:05,SPXW,2026-09-30,C,7560.0,7764.6401,206.6,2.0,230.6,2.0,230.45,0.0,98.0,0.1155,0.9248,0.0009,-1.3411,1.6972,1.3365
2026-09-23T17:54:02Z,2026-09-23 03:56:05,SPXW,2026-09-30,P,7560.0,7764.6401,4.9,8.0,5.2,12.0,4.6,64.0,514.0,0.1353,-0.0751,0.0009,-1.3411,1.6972,-0.1112
2026-09-23T17:54:02Z,2026-09-23 03:56:05,SPXW,2026-09-30,C,7565.0,7764.6401,202.3,2.0,226.2,2.0,112.09,0.0,106.0,0.1189,0.9218,0.001,-1.3741,1.7474,1.3328
2026-09-23T17:54:02Z,2026-09-23 03:56:05,SPXW,2026-09-30,P,7565.0,7764.6401,5.1,8.0,5.4,11.0,4.9,62.0,112.0,0.1341,-0.0782,0.001,-1.3741,1.7474,-0.1159
2026-09-23T17:54:02Z,2026-09-23 03:56:05,SPXW,2026-09-30,C,7570.0,7764.6401,199.4,2.0,219.4,2.0,208.32,0.0,123.0,0.1178,0.9185,0.001,-1.4081,1.7992,1.3289
2026-09-23T17:54:02Z,2026-09-23 03:56:05,SPXW,2026-09-30,P,7570.0,7764.6401,5.3,20.0,5.6,12.0,5.04,154.0,498.0,0.1329,-0.0815,0.001,-1.4081,1.7992,-0.1207
2026-09-23T17:54:02Z,2026-09-23 03:56:05,SPXW,2026-09-30,C,7575.0,7764.6401,194.6,2.0,214.6,2.0,207.15,1.0,1145.0,0.117,0.9151,0.001,-1.443,1.8528,1.3248
2026-09-23T17:54:02Z,2026-09-23 03:56:05,SPXW,2026-09-30,P,7575.0,7764.6401,5.6,10.0,5.8,15.0,5.93,222.0,2820.0,0.1318,-0.0849,0.001,-1.443,1.8528,-0.1258
2026-09-23T17:54:02Z,2026-09-23 03:56:05,SPXW,2026-09-30,C,7580.0,7764.6401,189.9,1.0,209.8,1.0,196.92,1.0,122.0,0.1164,0.9115,0.0011,-1.4788,1.9083,1.3205
2026-09-23T17:54:02Z,2026-09-23 03:56:05,SPXW,2026-09-30,P,7580.0,7764.6401,5.8,10.0,6.0,15.0,5.5,99.0,565.0,0.1305,-0.0884,0.0011,-1.4788,1.9083,-0.1311
2026-09-23T17:54:02Z,2026-09-23 03:56:05,SPXW,2026-09-30,C,7585.0,7764.6401,185.1,2.0,205.1,2.0,101.8,0.0,47.0,0.1158,0.9078,0.0011,-1.5155,1.9659,1.3159
2026-09-23T17:54:02Z,2026-09-23 03:56:05,SPXW,2026-09-30,P,7585.0,7764.6401,6.1,7.0,6.3,11.0,6.38,668.0,224.0,0.1296,-0.0922,0.0011,-1.5155,1.9659,-0.1366
2026-09-23T17:54:02Z,2026-09-23 03:56:05,SPXW,2026-09-30,C,7590.0,7764.6401,180.4,2.0,200.4,2.0,167.93,0.0,133.0,0.1153,0.9038,0.0012,-1.5532,2.0255,1.311
2026-09-23T17:54:02Z,2026-09-23 03:56:05,SPXW,2026-09-30,P,7590.0,7764.6401,6.3,7.0,6.5,11.0,6.72,43.0,285.0,0.1281,-0.0962,0.0012,-1.5532,2.0255,-0.1425
2026-09-23T17:54:02Z,2026-09-23 03:56:05,SPXW,2026-09-30,C,7595.0,7764.6401,175.7,2.0,195.7,2.0,177.51,2.0,98.0,0.1148,0.8996,0.0012,-1.5918,2.0867,1.3057
2026-09-23T17:54:02Z,2026-09-23 03:56:05,SPXW,2026-09-30,P,7595.0,7764.6401,6.6,6.0,6.8,11.0,7.02,133.0,151.0,0.1271,-0.1003,0.0012,-1.5918,2.0867,-0.1488
2026-09-23T17:54:02Z,2026-09-23 03:56:05,SPXW,2026-09-30,C,7600.0,7764.6401,182.6,4.0,184.1,3.0,180.46,49.0,4655.0,0.1266,0.8953,0.0013,-1.6313,2.1493,1.3
2026-09-23T17:54:02Z,2026-09-23 03:56:05,SPXW,2026-09-30,P,7600.0,7764.6401,6.9,8.0,7.1,12.0,7.2,2522.0,15859.0,0.126,-0.1047,0.0013,-1.6313,2.1493,-0.1554
2026-09-23T17:54:02Z,2026-09-23 03:56:05,SPXW,2026-09-30,C,7605.0,7764.6401,166.1,2.0,186.1,2.0,176.82,3.0,146.0,0.1122,0.8907,0.0013,-1.6717,2.2133,1.294
2026-09-23T17:54:02Z,2026-09-23 03:56:05,SPXW,2026-09-30,P,7605.0,7764.6401,7.2,6.0,7.4,10.0,7.67,232.0,262.0,0.1248,-0.1093,0.0013,-1.6717,2.2133,-0.1624
2026-09-23T17:54:02Z,2026-09-23 03:56:05,SPXW,2026-09-30,C,7610.0,7764.6401,161.7,2.0,181.7,2.0,185.34,0.0,638.0,0.1129,0.8858,0.0014,-1.7131,2.2788,1.2877
2026-09-23T17:54:02Z,2026-09-23 03:56:05,SPXW,2026-09-30,P,7610.0,7764.6401,7.6,6.0,7.8,10.0,7.95,109.0,242.0,0.124,-0.1141,0.0014,-1.7131,2.2788,-0.1696
2026-09-23T17:54:02Z,2026-09-23 03:56:05,SPXW,2026-09-30,C,7615.0,7764.6401,157.1,2.0,177.1,2.0,167.93,6.0,226.0,0.1125,0.8808,0.0014,-1.7553,2.3464,1.2811
2026-09-23T17:54:02Z,2026-09-23 03:56:05,SPXW,2026-09-30,P,7615.0,7764.6401,7.9,6.0,8.1,9.0,8.25,193.0,2414.0,0.1226,-0.1192,0.0014,-1.7553,2.3464,-0.1772
2026-09-23T17:54:02Z,2026-09-23 03:56:05,SPXW,2026-09-30,C,7620.0,7764.6401,164.0,3.0,165.5,3.0,164.33,53.0,228.0,0.1222,0.8754,0.0015,-1.7983,2.4162,1.2742
2026-09-23T17:54:02Z,2026-09-23 03:56:05,SPXW,2026-09-30,P,7620.0,7764.6401,8.3,5.0,8.5,8.0,8.74,268.0,409.0,0.1217,-0.1246,0.0015,-1.7983,2.4162,-0.185
2026-09-23T17:54:02Z,2026-09-23 03:56:05,SPXW,2026-09-30,C,7625.0,7764.6401,147.9,2.0,167.9,2.0,159.37,52.0,538.0,0.1111,0.8698,0.0016,-1.8422,2.4883,1.2668
2026-09-23T17:54:02Z,2026-09-23 03:56:05,SPXW,2026-09-30,P,7625.0,7764.6401,8.7,7.0,8.9,10.0,8.43,205.0,1967.0,0.1206,-0.1302,0.0016,-1.8422,2.4883,-0.1934
2026-09-23T17:54:02Z,2026-09-23 03:56:05,SPXW,2026-09-30,C,7630.0,7764.6401,143.3,1.0,163.2,1.0,154.92,0.0,411.0,0.11,0.8639,0.0016,-1.8868,2.562,1.2588
2026-09-23T17:54:02Z,2026-09-23 03:56:05,SPXW,2026-09-30,P,7630.0,7764.6401,9.1,5.0,9.3,8.0,8.41,31.0,353.0,0.1195,-0.1361,0.0016,-1.8868,2.562,-0.2024
2026-09-23T17:54:02Z,2026-09-23 03:56:05,SPXW,2026-09-30,C,7635.0,7764.6401,138.8,1.0,158.7,1.0,150.91,20.0,586.0,0.1095,0.8576,0.0017,-1.9322,2.6369,1.2502
2026-09-23T17:54:02Z,2026-09-23 03:56:05,SPXW,2026-09-30,P,7635.0,7764.6401,9.5,7.0,9.8,9.0,8.9,39.0,286.0,0.1184,-0.1423,0.0017,-1.9322,2.6369,-0.2119
2026-09-23T17:54:02Z,2026-09-23 03:56:05,SPXW,2026-09-30,C,7640.0,7764.6401,134.0,2.0,154.0,2.0,154.58,0.0,260.0,0.1078,0.8511,0.0017,-1.9783,2.7127,1.2413
2026-09-23T17:54:02Z,2026-09-23 03:56:05,SPXW,2026-09-30,P,7640.0,7764.6401,10.0,7.0,10.3,9.0,9.3,93.0,445.0,0.1175,-0.1489,0.0017,-1.9783,2.7127,-0.2218
2026-09-23T17:54:02Z,2026-09-23 03:56:05,SPXW,2026-09-30,C,7645.0,7764.6401,129.6,2.0,149.6,2.0,132.02,3.0,739.0,0.1075,0.8442,0.0018,-2.0251,2.7899,1.232
2026-09-23T17:54:02Z,2026-09-23 03:56:05,SPXW,2026-09-30,P,7645.0,7764.6401,10.5,7.0,10.8,9.0,9.85,131.0,813.0,0.1164,-0.1558,0.0018,-2.0251,2.7899,-0.2321
2026-09-23T17:54:02Z,2026-09-23 03:56:05,SPXW,2026-09-30,C,7650.0,7764.6401,136.8,3.0,138.2,3.0,135.04,33.0,2724.0,0.1154,0.8369,0.0019,-2.0724,2.8691,1.2222
2026-09-23T17:54:02Z,2026-09-23 03:56:05,SPXW,2026-09-30,P,7650.0,7764.6401,11.0,7.0,11.3,14.0,11.59,1947.0,6643.0,0.1153,-0.163,0.0019,-2.0724,2.8691,-0.2428
2026-09-23T17:54:02Z,2026-09-23 03:56:05,SPXW,2026-09-30,C,7655.0,7764.6401,120.8,2.0,140.8,2.0,131.34,1.0,288.0,0.1064,0.8293,0.002,-2.1202,2.9504,1.2118
2026-09-23T17:54:02Z,2026-09-23 03:56:05,SPXW,2026-09-30,P,7655.0,7764.6401,11.6,4.0,11.8,7.0,10.85,15.0,106.0,0.1142,-0.1706,0.002,-2.1202,2.9504,-0.2542
2026-09-23T17:54:02Z,2026-09-23 03:56:05,SPXW,2026-09-30,C,7660.0,7764.6401,116.3,2.0,136.3,2.0,129.75,19.0,279.0,0.1052,0.8213,0.002,-2.1684,3.0331,1.2006
2026-09-23T17:54:02Z,2026-09-23 03:56:05,SPXW,2026-09-30,P,7660.0,7764.6401,12.2,6.0,12.4,9.0,11.03,77.0,235.0,0.1132,-0.1787,0.002,-2.1684,3.0331,-0.2663
2026-09-23T17:54:02Z,2026-09-23 03:56:05,SPXW,2026-09-30,C,7665.0,7764.6401,112.1,2.0,132.1,2.0,117.57,5.0,307.0,0.1051,0.8129,0.0021,-2.2169,3.1163,1.1887
2026-09-23T17:54:02Z,2026-09-23 03:56:05,SPXW,2026-09-30,P,7665.0,7764.6401,12.8,6.0,13.1,13.0,13.5,40.0,268.0,0.1123,-0.1871,0.0021,-2.2169,3.1163,-0.2791
2026-09-23T17:54:02Z,2026-09-23 03:56:05,SPXW,2026-09-30,C,7670.0,7764.6401,107.8,2.0,127.8,2.0,119.73,1.0,176.0,0.1044,0.804,0.0022,-2.2656,3.1995,1.1763
2026-09-23T17:54:02Z,2026-09-23 03:56:05,SPXW,2026-09-30,P,7670.0,7764.6401,13.5,6.0,13.8,13.0,14.4,87.0,322.0,0.1114,-0.1959,0.0022,-2.2656,3.1995,-0.2925
2026-09-23T17:54:02Z,2026-09-23 03:56:05,SPXW,2026-09-30,C,7675.0,7764.6401,103.4,2.0,123.4,2.0,114.09,4.0,3561.0,0.1032,0.7948,0.0023,-2.3143,3.283,1.1634
2026-09-23T17:54:02Z,2026-09-23 03:56:05,SPXW,2026-09-30,P,7675.0,7764.6401,14.2,6.0,14.5,13.0,15.11,1477.0,3409.0,0.1104,-0.2052,0.0023,-2.3143,3.283,-0.3064
2026-09-23T17:54:02Z,2026-09-23 03:56:05,SPXW,2026-09-30,C,7680.0,7764.6401,99.3,2.0,119.3,2.0,111.8,8.0,269.0,0.1029,0.785,0.0024,-2.3628,3.3678,1.1499
2026-09-23T17:54:02Z,2026-09-23 03:56:05,SPXW,2026-09-30,P,7680.0,7764.6401,15.0,4.0,15.2,7.0,16.06,104.0,210.0,0.1094,-0.215,0.0024,-2.3628,3.3678,-0.3209
2026-09-23T17:54:02Z,2026-09-23 03:56:05,SPXW,2026-09-30,C,7685.0,7764.6401,95.1,2.0,115.1,2.0,100.96,6.0,105.0,0.1022,0.7748,0.0024,-2.4111,3.4535,1.1354
2026-09-23T17:54:02Z,2026-09-23 03:56:05,SPXW,2026-09-30,P,7685.0,7764.6401,15.8,6.0,16.0,8.0,15.0,151.0,377.0,0.1084,-0.2252,0.0024,-2.4111,3.4535,-0.3362
2026-09-23T17:54:02Z,2026-09-23 03:56:05,SPXW,2026-09-30,C,7690.0,7764.6401,90.9,2.0,110.9,2.0,101.04,9.0,208.0,0.1012,0.7641,0.0025,-2.4588,3.539,1.12
2026-09-23T17:54:02Z,2026-09-23 03:56:05,SPXW,2026-09-30,P,7690.0,7764.6401,16.6,4.0,16.9,11.0,17.96,90.0,218.0,0.1075,-0.2359,0.0025,-2.4588,3.539,-0.3526
2026-09-23T17:54:02Z,2026-09-23 03:56:05,SPXW,2026-09-30,C,7695.0,7764.6401,87.0,2.0,107.0,2.0,100.1,5.0,553.0,0.101,0.7529,0.0026,-2.5058,3.6228,1.1039
2026-09-23T17:54:02Z,2026-09-23 03:56:05,SPXW,2026-09-30,P,7695.0,7764.6401,17.5,4.0,17.8,11.0,18.9,66.0,184.0,0.1067,-0.2471,0.0026,-2.5058,3.6228,-0.3697
2026-09-23T17:54:02Z,2026-09-23 03:56:05,SPXW,2026-09-30,C,7700.0,7764.6401,94.3,3.0,95.8,3.0,97.37,38.0,5323.0,0.1059,0.7412,0.0027,-2.5518,3.705,1.0873
2026-09-23T17:54:02Z,2026-09-23 03:56:05,SPXW,2026-09-30,P,7700.0,7764.6401,18.5,5.0,18.8,12.0,19.91,341.0,8247.0,0.1058,-0.2588,0.0027,-2.5518,3.705,-0.3872
2026-09-23T17:54:02Z,2026-09-23 03:56:05,SPXW,2026-09-30,C,7705.0,7764.6401,79.2,2.0,99.2,2.0,82.98,9.0,306.0,0.1001,0.7289,0.0028,-2.5966,3.7864,1.0701
2026-09-23T17:54:02Z,2026-09-23 03:56:05,SPXW,2026-09-30,P,7705.0,7764.6401,19.5,5.0,19.8,5.0,20.76,88.0,720.0,0.1049,-0.2711,0.0028,-2.5966,3.7864,-0.4054
2026-09-23T17:54:02Z,2026-09-23 03:56:05,SPXW,2026-09-30,C,7710.0,7764.6401,86.7,3.0,87.2,3.0,89.42,45.0,905.0,0.1035,0.7162,0.0029,-2.6398,3.867,1.0518
2026-09-23T17:54:02Z,2026-09-23 03:56:05,SPXW,2026-09-30,P,7710.0,7764.6401,20.6,4.0,20.9,4.0,22.3,2124.0,214.0,0.1042,-0.2838,0.0029,-2.6398,3.867,-0.4247
2026-09-23T17:54:02Z,2026-09-23 03:56:05,SPXW,2026-09-30,C,7715.0,7764.6401,82.8,3.0,83.3,3.0,81.2,41.0,227.0,0.1028,0.7029,0.003,-2.6811,3.9454,1.0324
2026-09-23T17:54:02Z,2026-09-23 03:56:05,SPXW,2026-09-30,P,7715.0,7764.6401,21.8,4.0,22.1,11.0,22.7,28.0,127.0,0.1034,-0.2971,0.003,-2.6811,3.9454,-0.445
2026-09-23T17:54:02Z,2026-09-23 03:56:05,SPXW,2026-09-30,C,7720.0,7764.6401,79.2,3.0,79.6,3.0,78.6,64.0,280.0,0.1022,0.6891,0.003,-2.7202,4.0198,1.0124
2026-09-23T17:54:02Z,2026-09-23 03:56:05,SPXW,2026-09-30,P,7720.0,7764.6401,23.0,4.0,23.3,1.0,24.68,165.0,304.0,0.1026,-0.3109,0.003,-2.7202,4.0198,-0.466
2026-09-23T17:54:02Z,2026-09-23 03:56:05,SPXW,2026-09-30,C,7725.0,7764.6401,75.6,4.0,75.9,3.0,73.8,284.0,1559.0,0.1014,0.6748,0.0031,-2.7568,4.0903,0.9919
2026-09-23T17:54:02Z,2026-09-23 03:56:05,SPXW,2026-09-30,P,7725.0,7764.6401,24.3,13.0,24.7,13.0,26.5,1161.0,577.0,0.1018,-0.3252,0.0031,-2.7568,4.0903,-0.4874
2026-09-23T17:54:02Z,2026-09-23 03:56:05,SPXW,2026-09-30,C,7730.0,7764.6401,72.0,5.0,72.3,3.0,72.1,52.0,737.0,0.1007,0.66,0.0032,-2.7906,4.1575,0.9707
2026-09-23T17:54:02Z,2026-09-23 03:56:05,SPXW,2026-09-30,P,7730.0,7764.6401,25.7,13.0,26.1,12.0,25.55,109.0,302.0,0.1011,-0.34,0.0032,-2.7906,4.1575,-0.5096
2026-09-23T17:54:02Z,2026-09-23 03:56:05,SPXW,2026-09-30,C,7735.0,7764.6401,68.4,5.0,68.8,3.0,68.6,2063.0,190.0,0.1001,0.6446,0.0033,-2.8212,4.2211,0.9483
2026-09-23T17:54:02Z,2026-09-23 03:56:05,SPXW,2026-09-30,P,7735.0,7764.6401,27.2,4.0,27.6,12.0,29.16,1992.0,160.0,0.1005,-0.3553,0.0033,-2.8212,4.2211,-0.533
2026-09-23T17:54:02Z,2026-09-23 03:56:05,SPXW,2026-09-30,C,7740.0,7764.6401,65.0,6.0,65.4,3.0,63.33,71.0,365.0,0.0995,0.6289,0.0033,-2.8481,4.2792,0.925
2026-09-23T17:54:02Z,2026-09-23 03:56:05,SPXW,2026-09-30,P,7740.0,7764.6401,28.7,12.0,29.1,3.0,31.25,83.0,245.0,0.0998,-0.3711,0.0033,-2.8481,4.2792,-0.5572
2026-09-23T17:54:02Z,2026-09-23 03:56:05,SPXW,2026-09-30,C,7745.0,7764.6401,61.7,6.0,62.0,3.0,60.01,76.0,140.0,0.0989,0.6126,0.0034,-2.871,4.3308,0.9016
2026-09-23T17:54:02Z,2026-09-23 03:56:05,SPXW,2026-09-30,P,7745.0,7764.6401,30.4,3.0,30.8,11.0,32.58,20.0,212.0,0.0992,-0.3873,0.0034,-2.871,4.3308,-0.5816
2026-09-23T17:54:02Z,2026-09-23 03:56:05,SPXW,2026-09-30,C,7750.0,7764.6401,58.4,7.0,58.8,3.0,65.05,1877.0,7023.0,0.0983,0.596,0.0035,-2.8898,4.3763,0.8776
2026-09-23T17:54:02Z,2026-09-23 03:56:05,SPXW,2026-09-30,P,7750.0,7764.6401,32.1,12.0,32.6,12.0,34.09,2392.0,1870.0,0.0987,-0.404,0.0035,-2.8898,4.3763,-0.6066
2026-09-23T17:54:02Z,2026-09-23 03:56:05,SPXW,2026-09-30,C,7755.0,7764.6401,55.3,7.0,55.6,3.0,59.82,75.0,459.0,0.0978,0.579,0.0035,-2.9039,4.4158,0.8526
2026-09-23T17:54:02Z,2026-09-23 03:56:05,SPXW,2026-09-30,P,7755.0,7764.6401,34.0,3.0,34.4,11.0,35.93,57.0,66.0,0.0981,-0.421,0.0035,-2.9039,4.4158,-0.6325
2026-09-23T17:54:02Z,2026-09-23 03:56:05,SPXW,2026-09-30,C,7760.0,7764.6401,52.2,9.0,52.6,3.0,51.34,2068.0,1061.0,0.0972,0.5616,0.0036,-2.9132,4.4482,0.8268
2026-09-23T17:54:02Z,2026-09-23 03:56:05,SPXW,2026-09-30,P,7760.0,7764.6401,35.9,12.0,36.4,12.0,38.1,155.0,353.0,0.0977,-0.4384,0.0036,-2.9132,4.4482,-0.6592
2026-09-23T17:54:02Z,2026-09-23 03:56:05,SPXW,2026-09-30,C,7765.0,7764.6401,49.3,9.0,49.6,3.0,48.35,220.0,907.0,0.0968,0.5439,0.0036,-2.9173,4.4725,0.801
2026-09-23T17:54:02Z,2026-09-23 03:56:05,SPXW,2026-09-30,P,7765.0,7764.6401,38.0,3.0,38.4,11.0,38.9,111.0,107.0,0.0971,-0.4561,0.0036,-2.9173,4.4725,-0.686
2026-09-23T17:54:02Z,2026-09-23 03:56:05,SPXW,2026-09-30,C,7770.0,7764.6401,46.4,9.0,46.8,3.0,45.5,168.0,1577.0,0.0963,0.526,0.0036,-2.9161,4.4887,0.7751
2026-09-23T17:54:02Z,2026-09-23 03:56:05,SPXW,2026-09-30,P,7770.0,7764.6401,40.1,11.0,40.6,11.0,42.0,681.0,199.0,0.0968,-0.474,0.0036,-2.9161,4.4887,-0.7129
2026-09-23T17:54:02Z,2026-09-23 03:56:05,SPXW,2026-09-30,C,7775.0,7764.6401,43.7,9.0,44.0,3.0,42.45,1417.0,1348.0,0.096,0.5078,0.0037,-2.9094,4.4968,0.7483
2026-09-23T17:54:02Z,2026-09-23 03:56:05,SPXW,2026-09-30,P,7775.0,7764.6401,42.4,4.0,42.8,12.0,45.4,936.0,608.0,0.0962,-0.4922,0.0037,-2.9094,4.4968,-0.7406
2026-09-23T17:54:02Z,2026-09-23 03:56:05,SPXW,2026-09-30,C,7780.0,7764.6401,41.0,19.0,41.4,3.0,44.27,141.0,325.0,0.0956,0.4895,0.0037,-2.897,4.4962,0.721
2026-09-23T17:54:02Z,2026-09-23 03:56:05,SPXW,2026-09-30,P,7780.0,7764.6401,44.8,3.0,45.2,11.0,48.0,159.0,91.0,0.0959,-0.5105,0.0037,-2.897,4.4962,-0.7688
2026-09-23T17:54:02Z,2026-09-23 03:56:05,SPXW,2026-09-30,C,7785.0,7764.6401,38.5,12.0,38.9,3.0,37.8,118.0,3431.0,0.0952,0.4711,0.0037,-2.8788,4.487,0.6941
2026-09-23T17:54:02Z,2026-09-23 03:56:05,SPXW,2026-09-30,P,7785.0,7764.6401,47.2,3.0,47.6,8.0,48.9,106.0,92.0,0.0957,-0.5289,0.0037,-2.8788,4.487,-0.7967
2026-09-23T17:54:02Z,2026-09-23 03:56:05,SPXW,2026-09-30,C,7790.0,7764.6401,36.1,12.0,36.4,3.0,35.63,170.0,2780.0,0.0949,0.4526,0.0037,-2.855,4.4691,0.6673
2026-09-23T17:54:02Z,2026-09-23 03:56:05,SPXW,2026-09-30,P,7790.0,7764.6401,49.8,4.0,50.2,12.0,50.1,63.0,295.0,0.0953,-0.5474,0.0037,-2.855,4.4691,-0.8245
2026-09-23T17:54:02Z,2026-09-23 03:56:05,SPXW,2026-09-30,C,7795.0,7764.6401,33.8,10.0,34.1,3.0,33.2,78.0,1134.0,0.0946,0.4342,0.0037,-2.8255,4.442,0.6399
2026-09-23T17:54:02Z,2026-09-23 03:56:05,SPXW,2026-09-30,P,7795.0,7764.6401,52.5,3.0,52.9,11.0,54.1,47.0,75.0,0.095,-0.5658,0.0037,-2.8255,4.442,-0.8529
2026-09-23T17:54:02Z,2026-09-23 03:56:05,SPXW,2026-09-30,C,7800.0,7764.6401,31.6,12.0,31.9,3.0,31.31,977.0,9999.0,0.0944,0.4158,0.0036,-2.7903,4.4056,0.6125
2026-09-23T17:54:02Z,2026-09-23 03:56:05,SPXW,2026-09-30,P,7800.0,7764.6401,55.3,3.0,55.7,11.0,57.84,666.0,1393.0,0.0947,-0.5842,0.0036,-2.7903,4.4056,-0.8812
2026-09-23T17:54:02Z,2026-09-23 03:56:05,SPXW,2026-09-30,C,7805.0,7764.6401,29.5,12.0,29.8,3.0,29.9,43.0,222.0,0.0942,0.3975,0.0036,-2.7496,4.3613,0.5857
2026-09-23T17:54:02Z,2026-09-23 03:56:05,SPXW,2026-09-30,P,7805.0,7764.6401,58.2,3.0,58.6,10.0,55.5,67.0,32.0,0.0945,-0.6025,0.0036,-2.7496,4.3613,-0.9089
2026-09-23T17:54:02Z,2026-09-23 03:56:05,SPXW,2026-09-30,C,7810.0,7764.6401,27.5,12.0,27.9,12.0,31.09,78.0,358.0,0.094,0.3794,0.0036,-2.7038,4.309,0.5593
2026-09-23T17:54:02Z,2026-09-23 03:56:05,SPXW,2026-09-30,P,7810.0,7764.6401,61.2,3.0,61.6,6.0,58.5,36.0,73.0,0.0943,-0.6206,0.0036,-2.7038,4.309,-0.9363
2026-09-23T17:54:02Z,2026-09-23 03:56:05,SPXW,2026-09-30,C,7815.0,7764.6401,25.6,12.0,26.0,12.0,29.77,170.0,468.0,0.0938,0.3615,0.0035,-2.6529,4.2477,0.5326
2026-09-23T17:54:02Z,2026-09-23 03:56:05,SPXW,2026-09-30,P,7815.0,7764.6401,64.3,3.0,64.7,6.0,61.6,71.0,39.0,0.0941,-0.6385,0.0035,-2.6529,4.2477,-0.9639
2026-09-23T17:54:02Z,2026-09-23 03:56:05,SPXW,2026-09-30,C,7820.0,7764.6401,23.8,13.0,24.2,12.0,23.1,77.0,1023.0,0.0936,0.3439,0.0035,-2.5972,4.178,0.5064
2026-09-23T17:54:02Z,2026-09-23 03:56:05,SPXW,2026-09-30,P,7820.0,7764.6401,67.5,3.0,67.9,5.0,64.5,36.0,113.0,0.094,-0.6561,0.0035,-2.5972,4.178,-0.9911
2026-09-23T17:54:02Z,2026-09-23 03:56:05,SPXW,2026-09-30,C,7825.0,7764.6401,22.1,13.0,22.5,13.0,21.55,522.0,3377.0,0.0935,0.3266,0.0034,-2.5371,4.102,0.4812
2026-09-23T17:54:02Z,2026-09-23 03:56:05,SPXW,2026-09-30,P,7825.0,7764.6401,70.8,3.0,71.1,4.0,72.4,269.0,189.0,0.0939,-0.6734,0.0034,-2.5371,4.102,-1.0173
2026-09-23T17:54:02Z,2026-09-23 03:56:05,SPXW,2026-09-30,C,7830.0,7764.6401,20.5,12.0,20.9,12.0,20.48,145.0,632.0,0.0934,0.3097,0.0033,-2.4731,4.0199,0.4564
2026-09-23T17:54:02Z,2026-09-23 03:56:05,SPXW,2026-09-30,P,7830.0,7764.6401,74.1,3.0,74.5,3.0,75.7,90.0,81.0,0.0937,-0.6903,0.0033,-2.4731,4.0199,-1.0431
2026-09-23T17:54:02Z,2026-09-23 03:56:05,SPXW,2026-09-30,C,7835.0,7764.6401,19.0,12.0,19.3,4.0,18.94,97.0,560.0,0.0933,0.2932,0.0032,-2.4054,3.9302,0.4317
2026-09-23T17:54:02Z,2026-09-23 03:56:05,SPXW,2026-09-30,P,7835.0,7764.6401,70.2,2.0,90.2,2.0,79.5,48.0,18.0,0.0996,-0.7068,0.0032,-2.4054,3.9302,-1.0687
2026-09-23T17:54:02Z,2026-09-23 03:56:05,SPXW,2026-09-30,C,7840.0,7764.6401,17.6,11.0,17.9,5.0,17.05,126.0,472.0,0.0933,0.2771,0.0032,-2.3345,3.834,0.4078
2026-09-23T17:54:02Z,2026-09-23 03:56:05,SPXW,2026-09-30,P,7840.0,7764.6401,73.7,2.0,93.7,2.0,78.6,10.0,77.0,0.0995,-0.7228,0.0032,-2.3345,3.834,-1.0935
2026-09-23T17:54:02Z,2026-09-23 03:56:05,SPXW,2026-09-30,C,7845.0,7764.6401,16.2,12.0,16.6,12.0,16.33,75.0,321.0,0.0932,0.2615,0.0031,-2.2608,3.7341,0.3851
2026-09-23T17:54:02Z,2026-09-23 03:56:05,SPXW,2026-09-30,P,7845.0,7764.6401,77.3,2.0,97.3,2.0,90.5,0.0,45.0,0.0995,-0.7385,0.0031,-2.2608,3.7341,-1.1173
2026-09-23T17:54:02Z,2026-09-23 03:56:05,SPXW,2026-09-30,C,7850.0,7764.6401,15.0,13.0,15.3,6.0,15.11,1536.0,6683.0,0.0932,0.2464,0.003,-2.1848,3.6303,0.3628
2026-09-23T17:54:02Z,2026-09-23 03:56:05,SPXW,2026-09-30,P,7850.0,7764.6401,87.9,3.0,89.3,3.0,86.92,2.0,2818.0,0.0928,-0.7536,0.003,-2.1848,3.6303,-1.1405
2026-09-23T17:54:02Z,2026-09-23 03:56:05,SPXW,2026-09-30,C,7855.0,7764.6401,13.8,11.0,14.1,4.0,16.07,47.0,123.0,0.0931,0.2318,0.0029,-2.107,3.5212,0.3409
2026-09-23T17:54:02Z,2026-09-23 03:56:05,SPXW,2026-09-30,P,7855.0,7764.6401,84.9,2.0,104.9,2.0,99.7,0.0,15.0,0.0999,-0.7681,0.0029,-2.107,3.5212,-1.1633
2026-09-23T17:54:02Z,2026-09-23 03:56:05,SPXW,2026-09-30,C,7860.0,7764.6401,12.7,13.0,13.0,4.0,13.08,373.0,1098.0,0.0931,0.2178,0.0028,-2.0277,3.4081,0.3202
2026-09-23T17:54:02Z,2026-09-23 03:56:05,SPXW,2026-09-30,P,7860.0,7764.6401,89.1,2.0,109.1,2.0,98.3,0.0,207.0,0.101,-0.7822,0.0028,-2.0277,3.4081,-1.185
2026-09-23T17:54:02Z,2026-09-23 03:56:05,SPXW,2026-09-30,C,7865.0,7764.6401,11.7,11.0,12.0,11.0,11.78,68.0,149.0,0.0932,0.2043,0.0027,-1.9474,3.2939,0.3005
2026-09-23T17:54:02Z,2026-09-23 03:56:05,SPXW,2026-09-30,P,7865.0,7764.6401,93.0,2.0,113.0,2.0,152.2,0.0,25.0,0.1011,-0.7957,0.0027,-1.9474,3.2939,-1.2057
2026-09-23T17:54:02Z,2026-09-23 03:56:05,SPXW,2026-09-30,C,7870.0,7764.6401,10.7,13.0,11.0,4.0,10.95,90.0,797.0,0.0932,0.1914,0.0026,-1.8666,3.1783,0.2814
2026-09-23T17:54:02Z,2026-09-23 03:56:05,SPXW,2026-09-30,P,7870.0,7764.6401,97.0,2.0,117.0,2.0,99.98,11.0,39.0,0.1013,-0.8086,0.0026,-1.8666,3.1783,-1.2258
2026-09-23T17:54:02Z,2026-09-23 03:56:05,SPXW,2026-09-30,C,7875.0,7764.6401,9.8,13.0,10.1,2.0,9.7,766.0,2167.0,0.0932,0.179,0.0025,-1.7858,3.0601,0.2629
2026-09-23T17:54:02Z,2026-09-23 03:56:05,SPXW,2026-09-30,P,7875.0,7764.6401,101.1,2.0,121.1,2.0,103.99,1.0,13.0,0.1016,-0.821,0.0025,-1.7858,3.0601,-1.2452
2026-09-23T17:54:02Z,2026-09-23 03:56:05,SPXW,2026-09-30,C,7880.0,7764.6401,9.0,14.0,9.3,7.0,9.1,160.0,593.0,0.0932,0.1672,0.0024,-1.7052,2.9404,0.2455
2026-09-23T17:54:02Z,2026-09-23 03:56:05,SPXW,2026-09-30,P,7880.0,7764.6401,105.4,2.0,125.4,2.0,236.6,0.0,14.0,0.1024,-0.8327,0.0024,-1.7052,2.9404,-1.2635
2026-09-23T17:54:02Z,2026-09-23 03:56:05,SPXW,2026-09-30,C,7885.0,7764.6401,8.3,12.0,8.6,12.0,8.7,16.0,268.0,0.0935,0.156,0.0023,-1.6253,2.8218,0.2292
2026-09-23T17:54:02Z,2026-09-23 03:56:05,SPXW,2026-09-30,P,7885.0,7764.6401,109.6,2.0,129.6,2.0,181.4,0.0,31.0,0.1028,-0.8439,0.0023,-1.6253,2.8218,-1.2808
2026-09-23T17:54:02Z,2026-09-23 03:56:05,SPXW,2026-09-30,C,7890.0,7764.6401,7.6,12.0,7.9,14.0,7.9,1074.0,8453.0,0.0936,0.1454,0.0022,-1.5465,2.7042,0.2134
2026-09-23T17:54:02Z,2026-09-23 03:56:05,SPXW,2026-09-30,P,7890.0,7764.6401,114.1,1.0,134.0,1.0,119.5,11.0,128.0,0.1038,-0.8546,0.0022,-1.5465,2.7042,-1.2975
2026-09-23T17:54:02Z,2026-09-23 03:56:05,SPXW,2026-09-30,C,7895.0,7764.6401,6.9,13.0,7.2,13.0,6.82,51.0,205.0,0.0935,0.1354,0.002,-1.4692,2.5867,0.1984
2026-09-23T17:54:02Z,2026-09-23 03:56:05,SPXW,2026-09-30,P,7895.0,7764.6401,118.4,2.0,138.4,2.0,124.95,4.0,10.0,0.1044,-0.8646,0.002,-1.4692,2.5867,-1.3135
2026-09-23T17:54:02Z,2026-09-23 03:56:05,SPXW,2026-09-30,C,7900.0,7764.6401,6.3,16.0,6.6,21.0,6.3,1999.0,19145.0,0.0937,0.1259,0.002,-1.3936,2.4699,0.1844
2026-09-23T17:54:02Z,2026-09-23 03:56:05,SPXW,2026-09-30,P,7900.0,7764.6401,129.1,4.0,130.6,3.0,125.95,16.0,1750.0,0.0933,-0.8741,0.002,-1.3936,2.4699,-1.3284
2026-09-23T17:54:02Z,2026-09-23 03:56:05,SPXW,2026-09-30,C,7905.0,7764.6401,5.8,16.0,6.1,18.0,5.8,88.0,364.0,0.094,0.1169,0.0018,-1.32,2.3557,0.1714
2026-09-23T17:54:02Z,2026-09-23 03:56:05,SPXW,2026-09-30,P,7905.0,7764.6401,127.4,1.0,147.3,1.0,210.41,0.0,10.0,0.1061,-0.883,0.0018,-1.32,2.3557,-1.3424
2026-09-23T17:54:02Z,2026-09-23 03:56:05,SPXW,2026-09-30,C,7910.0,7764.6401,5.3,20.0,5.5,3.0,6.08,102.0,648.0,0.094,0.1086,0.0018,-1.2488,2.2446,0.159
2026-09-23T17:54:02Z,2026-09-23 03:56:05,SPXW,2026-09-30,P,7910.0,7764.6401,131.8,2.0,151.8,2.0,142.24,5.0,39.0,0.1066,-0.8914,0.0018,-1.2488,2.2446,-1.3558
2026-09-23T17:54:02Z,2026-09-23 03:56:05,SPXW,2026-09-30,C,7915.0,7764.6401,4.8,18.0,5.1,18.0,4.85,518.0,538.0,0.0943,0.1007,0.0016,-1.1802,2.1359,0.1473
2026-09-23T17:54:02Z,2026-09-23 03:56:05,SPXW,2026-09-30,P,7915.0,7764.6401,136.5,2.0,156.5,2.0,302.97,0.0,9.0,0.1081,-0.8993,0.0016,-1.1802,2.1359,-1.3684
2026-09-23T17:54:02Z,2026-09-23 03:56:05,SPXW,2026-09-30,C,7920.0,7764.6401,4.4,20.0,4.7,20.0,4.81,82.0,313.0,0.0944,0.0934,0.0016,-1.1142,2.0297,0.1365
2026-09-23T17:54:02Z,2026-09-23 03:56:05,SPXW,2026-09-30,P,7920.0,7764.6401,141.2,1.0,161.1,1.0,281.24,0.0,12.0,0.1093,-0.9066,0.0016,-1.1142,2.0297,-1.3802
2026-09-23T17:54:02Z,2026-09-23 03:56:05,SPXW,2026-09-30,C,7925.0,7764.6401,4.0,24.0,4.3,24.0,4.1,1060.0,2901.0,0.0948,0.0865,0.0015,-1.0511,1.927,0.1266
2026-09-23T17:54:02Z,2026-09-23 03:56:05,SPXW,2026-09-30,P,7925.0,7764.6401,145.6,2.0,165.6,2.0,298.3,0.0,76.0,0.1095,-0.9134,0.0015,-1.0511,1.927,-1.3911
2026-09-23T17:54:02Z,2026-09-23 03:56:05,SPXW,2026-09-30,C,7930.0,7764.6401,3.7,8.0,3.9,8.0,3.5,59.0,502.0,0.0951,0.0802,0.0014,-0.9909,1.8286,0.1172
2026-09-23T17:54:02Z,2026-09-23 03:56:05,SPXW,2026-09-30,P,7930.0,7764.6401,150.5,2.0,170.5,2.0,291.91,0.0,7.0,0.1117,-0.9198,0.0014,-0.9909,1.8286,-1.4014
2026-09-23T17:54:02Z,2026-09-23 03:56:05,SPXW,2026-09-30,C,7935.0,7764.6401,3.3,22.0,3.6,8.0,3.55,27.0,177.0,0.0952,0.0743,0.0013,-0.9338,1.7342,0.1084
2026-09-23T17:54:02Z,2026-09-23 03:56:05,SPXW,2026-09-30,P,7935.0,7764.6401,155.0,2.0,175.0,2.0,205.0,0.0,7.0,0.1119,-0.9257,0.0013,-0.9338,1.7342,-1.4111
2026-09-23T17:54:02Z,2026-09-23 03:56:05,SPXW,2026-09-30,C,7940.0,7764.6401,3.1,8.0,3.3,11.0,3.15,120.0,602.0,0.0955,0.0688,0.0012,-0.8798,1.6434,0.1004
2026-09-23T17:54:02Z,2026-09-23 03:56:05,SPXW,2026-09-30,P,7940.0,7764.6401,159.7,1.0,179.6,1.0,228.21,0.0,11.0,0.1127,-0.9311,0.0012,-0.8798,1.6434,-1.4201
2026-09-23T17:54:02Z,2026-09-23 03:56:05,SPXW,2026-09-30,C,7945.0,7764.6401,2.8,8.0,3.0,8.0,2.65,66.0,510.0,0.0958,0.0638,0.0012,-0.8289,1.5565,0.093
2026-09-23T17:54:02Z,2026-09-23 03:56:05,SPXW,2026-09-30,P,7945.0,7764.6401,164.4,2.0,184.4,2.0,204.96,0.0,11.0,0.1139,-0.9362,0.0012,-0.8289,1.5565,-1.4284
2026-09-23T17:54:02Z,2026-09-23 03:56:05,SPXW,2026-09-30,C,7950.0,7764.6401,2.6,8.0,2.75,12.0,3.1,1039.0,27188.0,0.0963,0.0592,0.0011,-0.781,1.4741,0.0863
2026-09-23T17:54:02Z,2026-09-23 03:56:05,SPXW,2026-09-30,P,7950.0,7764.6401,169.3,1.0,189.2,1.0,171.19,7.0,512.0,0.1156,-0.9408,0.0011,-0.781,1.4741,-1.4362
2026-09-23T17:54:02Z,2026-09-23 03:56:05,SPXW,2026-09-30,C,7955.0,7764.6401,2.35,8.0,2.5,8.0,2.45,128.0,1158.0,0.0966,0.0549,0.001,-0.736,1.3961,0.0799
2026-09-23T17:54:02Z,2026-09-23 03:56:05,SPXW,2026-09-30,P,7955.0,7764.6401,174.0,2.0,194.0,2.0,328.27,0.0,24.0,0.1167,-0.9451,0.001,-0.736,1.3961,-1.4434
2026-09-23T17:54:02Z,2026-09-23 03:56:05,SPXW,2026-09-30,C,7960.0,7764.6401,2.15,17.0,2.45,51.0,2.42,178.0,291.0,0.0977,0.0509,0.001,-0.694,1.3223,0.0741
2026-09-23T17:54:02Z,2026-09-23 03:56:05,SPXW,2026-09-30,P,7960.0,7764.6401,179.0,1.0,198.8,1.0,219.0,0.0,14.0,0.1186,-0.949,0.001,-0.694,1.3223,-1.4502
2026-09-23T17:54:02Z,2026-09-23 03:56:05,SPXW,2026-09-30,C,7965.0,7764.6401,1.95,18.0,2.25,55.0,2.25,105.0,278.0,0.098,0.0473,0.0009,-0.6548,1.2524,0.0688
2026-09-23T17:54:02Z,2026-09-23 03:56:05,SPXW,2026-09-30,P,7965.0,7764.6401,183.8,1.0,203.6,1.0,246.1,0.0,6.0,0.1198,-0.9526,0.0009,-0.6548,1.2524,-1.4565
2026-09-23T17:54:02Z,2026-09-23 03:56:05,SPXW,2026-09-30,C,7970.0,7764.6401,1.8,19.0,2.1,56.0,2.1,39.0,236.0,0.0987,0.044,0.0008,-0.6183,1.1865,0.064
2026-09-23T17:54:02Z,2026-09-23 03:56:05,SPXW,2026-09-30,P,7970.0,7764.6401,188.7,2.0,208.7,2.0,343.07,0.0,38.0,0.1222,-0.956,0.0008,-0.6183,1.1865,-1.4622
2026-09-23T17:54:02Z,2026-09-23 03:56:05,SPXW,2026-09-30,C,7975.0,7764.6401,1.65,25.0,1.85,5.0,1.8,114.0,1933.0,0.0989,0.041,0.0008,-0.5843,1.1246,0.0596
2026-09-23T17:54:02Z,2026-09-23 03:56:05,SPXW,2026-09-30,P,7975.0,7764.6401,193.5,2.0,213.5,2.0,381.5,0.0,18.0,0.1234,-0.959,0.0008,-0.5843,1.1246,-1.4676
2026-09-23T17:54:02Z,2026-09-23 03:56:05,SPXW,2026-09-30,C,7980.0,7764.6401,1.55,21.0,1.8,62.0,1.5,231.0,174.0,0.0999,0.0382,0.0007,-0.5528,1.0665,0.0555
2026-09-23T17:54:02Z,2026-09-23 03:56:05,SPXW,2026-09-30,P,7980.0,7764.6401,196.2,2.0,216.2,2.0,282.63,0.0,29.0,0.1098,-0.9618,0.0007,-0.5528,1.0665,-1.4727
2026-09-23T17:54:02Z,2026-09-23 03:56:05,SPXW,2026-09-30,C,7985.0,7764.6401,1.45,22.0,1.65,43.0,1.75,56.0,189.0,0.1004,0.0357,0.0007,-0.5235,1.0121,0.0517
2026-09-23T17:54:02Z,2026-09-23 03:56:05,SPXW,2026-09-30,P,7985.0,7764.6401,201.0,2.0,225.0,2.0,235.8,0.0,1.0,0.1249,-0.9643,0.0007,-0.5235,1.0121,-1.4774
2026-09-23T17:54:02Z,2026-09-23 03:56:05,SPXW,2026-09-30,C,7990.0,7764.6401,1.35,29.0,1.5,6.0,1.45,89.0,2569.0,0.1009,0.0333,0.0006,-0.4964,0.9611,0.0483
2026-09-23T17:54:02Z,2026-09-23 03:56:05,SPXW,2026-09-30,P,7990.0,7764.6401,205.8,2.0,229.8,2.0,228.18,0.0,112.0,0.1259,-0.9666,0.0006,-0.4964,0.9611,-1.4818
2026-09-23T17:54:02Z,2026-09-23 03:56:05,SPXW,2026-09-30,C,7995.0,7764.6401,1.25,24.0,1.45,44.0,1.45,26.0,169.0,0.1018,0.0312,0.0006,-0.4713,0.9133,0.0452
2026-09-23T17:54:02Z,2026-09-23 03:56:05,SPXW,2026-09-30,P,7995.0,7764.6401,210.7,2.0,234.7,2.0,310.27,0.0,7.0,0.1275,-0.9688,0.0006,-0.4713,0.9133,-1.4858
2026-09-23T17:54:02Z,2026-09-23 03:56:05,SPXW,2026-09-30,C,8000.0,7764.6401,1.15,30.0,1.3,6.0,1.21,2743.0,42673.0,0.1021,0.0292,0.0006,-0.448,0.8685,0.0424
2026-09-23T17:54:02Z,2026-09-23 03:56:05,SPXW,2026-09-30,P,8000.0,7764.6401,223.7,3.0,225.3,3.0,216.0,5.0,16071.0,0.0997,-0.9707,0.0006,-0.448,0.8685,-1.4896
2026-09-23T17:54:02Z,2026-09-23 03:56:05,SPXW,2026-09-30,C,8005.0,7764.6401,1.1,32.0,1.25,7.0,1.1,98.0,2075.0,0.1032,0.0275,0.0005,-0.4265,0.8267,0.0398
2026-09-23T17:54:02Z,2026-09-23 03:56:05,SPXW,2026-09-30,P,8005.0,7764.6401,220.6,2.0,244.6,2.0,344.4,0.0,8.0,0.1313,-0.9725,0.0005,-0.4265,0.8267,-1.4932
2026-09-23T17:54:02Z,2026-09-23 03:56:05,SPXW,2026-09-30,C,8010.0,7764.6401,1.0,26.0,1.2,48.0,1.21,159.0,514.0,0.104,0.0258,0.0005,-0.4066,0.7876,0.0374
2026-09-23T17:54:02Z,2026-09-23 03:56:05,SPXW,2026-09-30,P,8010.0,7764.6401,225.5,2.0,249.5,2.0,251.99,0.0,20.0,0.1328,-0.9742,0.0005,-0.4066,0.7876,-1.4965
2026-09-23T17:54:02Z,2026-09-23 03:56:05,SPXW,2026-09-30,C,8015.0,7764.6401,0.95,26.0,1.15,49.0,1.12,73.0,179.0,0.105,0.0243,0.0005,-0.3881,0.7511,0.0352
2026-09-23T17:54:02Z,2026-09-23 03:56:05,SPXW,2026-09-30,P,8015.0,7764.6401,230.4,2.0,254.4,2.0,0.0,0.0,3.0,0.1343,-0.9757,0.0005,-0.3881,0.7511,-1.4997
2026-09-23T17:54:02Z,2026-09-23 03:56:05,SPXW,2026-09-30,C,8020.0,7764.6401,0.9,27.0,1.1,49.0,0.9,46.0,264.0,0.106,0.0229,0.0004,-0.371,0.7171,0.0331
2026-09-23T17:54:02Z,2026-09-23 03:56:05,SPXW,2026-09-30,P,8020.0,7764.6401,235.4,2.0,259.4,2.0,0.0,0.0,3.0,0.1365,-0.977,0.0004,-0.371,0.7171,-1.5027
2026-09-23T17:54:02Z,2026-09-23 03:56:05,SPXW,2026-09-30,C,8025.0,7764.6401,0.85,27.0,1.05,50.0,0.85,15.0,557.0,0.107,0.0217,0.0004,-0.3552,0.6852,0.0313
2026-09-23T17:54:02Z,2026-09-23 03:56:05,SPXW,2026-09-30,P,8025.0,7764.6401,240.3,2.0,264.3,2.0,307.25,0.0,15.0,0.1379,-0.9783,0.0004,-0.3552,0.6852,-1.5055
2026-09-23T17:54:02Z,2026-09-23 03:56:05,SPXW,2026-09-30,C,8030.0,7764.6401,0.8,28.0,1.0,79.0,0.85,103.0,237.0,0.1079,0.0205,0.0004,-0.3406,0.6554,0.0296
2026-09-23T17:54:02Z,2026-09-23 03:56:05,SPXW,2026-09-30,P,8030.0,7764.6401,245.3,2.0,269.3,2.0,345.62,0.0,5.0,0.1401,-0.9795,0.0004,-0.3406,0.6554,-1.5082
2026-09-23T17:54:02Z,2026-09-23 03:56:05,SPXW,2026-09-30,C,8035.0,7764.6401,0.75,28.0,0.95,53.0,0.95,166.0,168.0,0.1087,0.0194,0.0004,-0.327,0.6275,0.028
2026-09-23T17:54:02Z,2026-09-23 03:56:05,SPXW,2026-09-30,P,8035.0,7764.6401,250.1,2.0,274.1,2.0,0.0,0.0,0.0,0.1407,-0.9805,0.0004,-0.327,0.6275,-1.5107
2026-09-23T17:54:02Z,2026-09-23 03:56:05,SPXW,2026-09-30,C,8040.0,7764.6401,0.75,28.0,0.9,54.0,0.8,27.0,95.0,0.11,0.0184,0.0004,-0.3143,0.6014,0.0266
2026-09-23T17:54:02Z,2026-09-23 03:56:05,SPXW,2026-09-30,P,8040.0,7764.6401,255.2,2.0,279.2,2.0,320.75,0.0,8.0,0.1436,-0.9815,0.0004,-0.3143,0.6014,-1.513
2026-09-23T17:54:02Z,2026-09-23 03:56:05,SPXW,2026-09-30,C,8045.0,7764.6401,0.7,28.0,0.85,44.0,0.7,43.0,544.0,0.1107,0.0175,0.0004,-0.3026,0.5769,0.0253
2026-09-23T17:54:02Z,2026-09-23 03:56:05,SPXW,2026-09-30,P,8045.0,7764.6401,260.1,2.0,284.1,2.0,319.57,0.0,1.0,0.1449,-0.9824,0.0004,-0.3026,0.5769,-1.5153
2026-09-23T17:54:02Z,2026-09-23 03:56:05,SPXW,2026-09-30,C,8050.0,7764.6401,0.65,38.0,0.8,10.0,0.7,34.0,4692.0,0.1114,0.0167,0.0003,-0.2916,0.554,0.024
2026-09-23T17:54:02Z,2026-09-23 03:56:05,SPXW,2026-09-30,P,8050.0,7764.6401,265.2,2.0,289.2,2.0,364.81,0.0,4.0,0.1479,-0.9833,0.0003,-0.2916,0.554,-1.5175
2026-09-23T17:54:02Z,2026-09-23 03:56:05,SPXW,2026-09-30,C,8055.0,7764.6401,0.6,28.0,0.8,66.0,0.65,13.0,309.0,0.1126,0.0159,0.0003,-0.2814,0.5324,0.0229
2026-09-23T17:54:02Z,2026-09-23 03:56:05,SPXW,2026-09-30,P,8055.0,7764.6401,270.0,2.0,294.0,2.0,0.0,0.0,0.0,0.1484,-0.9841,0.0003,-0.2814,0.5324,-1.5196
2026-09-23T17:54:02Z,2026-09-23 03:56:05,SPXW,2026-09-30,C,8060.0,7764.6401,0.6,28.0,0.75,46.0,0.65,12.0,177.0,0.1137,0.0152,0.0003,-0.272,0.5123,0.0218
2026-09-23T17:54:02Z,2026-09-23 03:56:05,SPXW,2026-09-30,P,8060.0,7764.6401,275.0,2.0,299.0,2.0,296.28,0.0,12.0,0.1505,-0.9848,0.0003,-0.272,0.5123,-1.5217
2026-09-23T17:54:02Z,2026-09-23 03:56:05,SPXW,2026-09-30,C,8065.0,7764.6401,0.55,28.0,0.75,58.0,0.6,13.0,131.0,0.1148,0.0145,0.0003,-0.2631,0.4933,0.0208
2026-09-23T17:54:02Z,2026-09-23 03:56:05,SPXW,2026-09-30,P,8065.0,7764.6401,280.0,2.0,304.0,2.0,307.0,0.0,1.0,0.1526,-0.9855,0.0003,-0.2631,0.4933,-1.5236
2026-09-23T17:54:02Z,2026-09-23 03:56:05,SPXW,2026-09-30,C,8070.0,7764.6401,0.55,28.0,0.7,47.0,0.6,12.0,236.0,0.1158,0.0139,0.0003,-0.2548,0.4755,0.0199
2026-09-23T17:54:02Z,2026-09-23 03:56:05,SPXW,2026-09-30,P,8070.0,7764.6401,285.1,2.0,309.1,2.0,363.07,0.0,301.0,0.1555,-0.9861,0.0003,-0.2548,0.4755,-1.5255
2026-09-23T17:54:02Z,2026-09-23 03:56:05,SPXW,2026-09-30,C,8075.0,7764.6401,0.5,28.0,0.7,59.0,0.55,14.0,1086.0,0.1168,0.0133,0.0003,-0.2471,0.4587,0.0191
2026-09-23T17:54:02Z,2026-09-23 03:56:05,SPXW,2026-09-30,P,8075.0,7764.6401,290.0,2.0,314.0,2.0,314.0,0.0,1.0,0.1568,-0.9867,0.0003,-0.2471,0.4587,-1.5273
2026-09-23T17:54:02Z,2026-09-23 03:56:05,SPXW,2026-09-30,C,8080.0,7764.6401,0.5,28.0,0.65,48.0,0.55,13.0,110.0,0.1178,0.0127,0.0002,-0.2398,0.4429,0.0183
2026-09-23T17:54:02Z,2026-09-23 03:56:05,SPXW,2026-09-30,P,8080.0,7764.6401,295.0,2.0,319.0,2.0,337.5,0.0,1.0,0.1588,-0.9872,0.0002,-0.2398,0.4429,-1.529
2026-09-23T17:54:02Z,2026-09-23 03:56:05,SPXW,2026-09-30,C,8085.0,7764.6401,0.45,28.0,0.65,61.0,0.55,14.0,145.0,0.1188,0.0122,0.0002,-0.233,0.4279,0.0176
2026-09-23T17:54:02Z,2026-09-23 03:56:05,SPXW,2026-09-30,P,8085.0,7764.6401,299.9,2.0,323.9,2.0,0.0,0.0,0.0,0.16,-0.9877,0.0002,-0.233,0.4279,-1.5307
2026-09-23T17:54:02Z,2026-09-23 03:56:05,SPXW,2026-09-30,C,8090.0,7764.6401,0.45,28.0,0.65,97.0,0.5,16.0,81.0,0.1204,0.0118,0.0002,-0.2266,0.4138,0.0169
2026-09-23T17:54:02Z,2026-09-23 03:56:05,SPXW,2026-09-30,P,8090.0,7764.6401,305.1,2.0,329.1,2.0,0.0,0.0,0.0,0.1639,-0.9882,0.0002,-0.2266,0.4138,-1.5323
2026-09-23T17:54:02Z,2026-09-23 03:56:05,SPXW,2026-09-30,C,8095.0,7764.6401,0.45,28.0,0.6,50.0,0.5,13.0,45.0,0.1214,0.0113,0.0002,-0.2204,0.4,0.0162
2026-09-23T17:54:02Z,2026-09-23 03:56:05,SPXW,2026-09-30,P,8095.0,7764.6401,310.0,2.0,334.0,2.0,0.0,0.0,0.0,0.1651,-0.9886,0.0002,-0.2206,0.4004,-1.5339
2026-09-23T17:54:02Z,2026-09-23 03:56:05,SPXW,2026-09-30,C,8100.0,7764.6401,0.4,28.0,0.6,60.0,0.46,1044.0,6975.0,0.1222,0.0109,0.0002,-0.2149,0.3878,0.0157
2026-09-23T17:54:02Z,2026-09-23 03:56:05,SPXW,2026-09-30,P,8100.0,7764.6401,314.8,2.0,338.8,2.0,325.49,1.0,21.0,0.1653,-0.9891,0.0002,-0.2149,0.3878,-1.5355
2026-09-23T17:54:02Z,2026-09-23 03:56:05,SPXW,2026-09-30,C,8105.0,7764.6401,0.4,28.0,0.6,95.0,0.45,13.0,75.0,0.1238,0.0105,0.0002,-0.2095,0.3758,0.0151
2026-09-23T17:54:02Z,2026-09-23 03:56:05,SPXW,2026-09-30,P,8105.0,7764.6401,320.1,2.0,344.1,2.0,0.0,0.0,0.0,0.1701,-0.9894,0.0002,-0.2095,0.3758,-1.537
2026-09-23T17:54:02Z,2026-09-23 03:56:05,SPXW,2026-09-30,C,8110.0,7764.6401,0.4,28.0,0.55,52.0,0.45,21.0,135.0,0.1246,0.0101,0.0002,-0.2043,0.3641,0.0145
2026-09-23T17:54:02Z,2026-09-23 03:56:05,SPXW,2026-09-30,P,8110.0,7764.6401,324.9,2.0,348.9,2.0,0.0,0.0,0.0,0.1703,-0.9898,0.0002,-0.2045,0.3644,-1.5385
2026-09-23T17:54:02Z,2026-09-23 03:56:05,SPXW,2026-09-30,C,8115.0,7764.6401,0.35,80.0,0.55,58.0,0.45,13.0,65.0,0.1253,0.0098,0.0002,-0.1997,0.3537,0.014
2026-09-23T17:54:02Z,2026-09-23 03:56:05,SPXW,2026-09-30,P,8115.0,7764.6401,330.0,2.0,354.0,2.0,0.0,0.0,0.0,0.1733,-0.9902,0.0002,-0.1997,0.3537,-1.54
2026-09-23T17:54:02Z,2026-09-23 03:56:05,SPXW,2026-09-30,C,8120.0,7764.6401,0.35,28.0,0.55,62.0,0.45,13.0,205.0,0.1269,0.0095,0.0002,-0.1951,0.3434,0.0136
2026-09-23T17:54:02Z,2026-09-23 03:56:05,SPXW,2026-09-30,P,8120.0,7764.6401,334.8,2.0,358.8,2.0,0.0,0.0,0.0,0.1735,-0.9905,0.0002,-0.1951,0.3434,-1.5414
2026-09-23T17:54:02Z,2026-09-23 03:56:05,SPXW,2026-09-30,C,8125.0,7764.6401,0.35,28.0,0.55,95.0,0.4,12.0,1188.0,0.1285,0.0092,0.0002,-0.1908,0.3337,0.0131
2026-09-23T17:54:02Z,2026-09-23 03:56:05,SPXW,2026-09-30,P,8125.0,7764.6401,339.8,2.0,363.8,2.0,495.68,0.0,0.0,0.1755,-0.9908,0.0002,-0.1908,0.3337,-1.5428
2026-09-23T17:54:02Z,2026-09-23 03:56:05,SPXW,2026-09-30,C,8130.0,7764.6401,0.35,28.0,0.55,101.0,0.4,22.0,143.0,0.1301,0.0089,0.0002,-0.1866,0.3241,0.0127
2026-09-23T17:54:02Z,2026-09-23 03:56:05,SPXW,2026-09-30,P,8130.0,7764.6401,344.8,2.0,368.8,2.0,0.0,0.0,0.0,0.1775,-0.9911,0.0002,-0.1867,0.3244,-1.5442
2026-09-23T17:54:02Z,2026-09-23 03:56:05,SPXW,2026-09-30,C,8135.0,7764.6401,0.3,81.0,0.5,54.0,0.4,12.0,41.0,0.1297,0.0086,0.0002,-0.1829,0.3156,0.0123
2026-09-23T17:54:02Z,2026-09-23 03:56:05,SPXW,2026-09-30,P,8135.0,7764.6401,349.8,2.0,373.8,2.0,0.0,0.0,0.0,0.1795,-0.9914,0.0002,-0.1829,0.3156,-1.5456
2026-09-23T17:54:02Z,2026-09-23 03:56:05,SPXW,2026-09-30,C,8140.0,7764.6401,0.3,82.0,0.5,58.0,0.4,12.0,61.0,0.1314,0.0083,0.0001,-0.1789,0.3066,0.0119
2026-09-23T17:54:02Z,2026-09-23 03:56:05,SPXW,2026-09-30,P,8140.0,7764.6401,354.9,2.0,378.9,2.0,0.0,0.0,0.0,0.1825,-0.9916,0.0001,-0.1792,0.3071,-1.5469
2026-09-23T17:54:02Z,2026-09-23 03:56:05,SPXW,2026-09-30,C,8145.0,7764.6401,0.3,82.0,0.5,92.0,0.55,0.0,58.0,0.1329,0.0081,0.0001,-0.1754,0.2986,0.0115
2026-09-23T17:54:02Z,2026-09-23 03:56:05,SPXW,2026-09-30,P,8145.0,7764.6401,359.7,2.0,383.7,2.0,0.0,0.0,0.0,0.1826,-0.9919,0.0001,-0.1756,0.299,-1.5482
2026-09-23T17:54:02Z,2026-09-23 03:56:05,SPXW,2026-09-30,C,8150.0,7764.6401,0.3,28.0,0.5,95.0,0.45,751.0,2186.0,0.1345,0.0078,0.0001,-0.172,0.2908,0.0112
2026-09-23T17:54:02Z,2026-09-23 03:56:05,SPXW,2026-09-30,P,8150.0,7764.6401,364.8,1.0,388.7,1.0,399.67,0.0,4.0,0.1851,-0.9921,0.0001,-0.1722,0.2913,-1.5495
2026-09-23T17:54:02Z,2026-09-23 03:56:05,SPXW,2026-09-30,C,8155.0,7764.6401,0.3,28.0,0.5,99.0,0.45,0.0,176.0,0.136,0.0076,0.0001,-0.1689,0.2836,0.0109
2026-09-23T17:54:02Z,2026-09-23 03:56:05,SPXW,2026-09-30,P,8155.0,7764.6401,369.8,2.0,393.8,2.0,0.0,0.0,0.0,0.1876,-0.9923,0.0001,-0.169,0.2839,-1.5508
2026-09-23T17:54:02Z,2026-09-23 03:56:05,SPXW,2026-09-30,C,8160.0,7764.6401,0.25,83.0,0.45,52.0,0.62,0.0,131.0,0.1354,0.0074,0.0001,-0.1657,0.2764,0.0106
2026-09-23T17:54:02Z,2026-09-23 03:56:05,SPXW,2026-09-30,P,8160.0,7764.6401,374.8,2.0,398.8,2.0,412.15,0.0,2.0,0.1896,-0.9926,0.0001,-0.1659,0.2768,-1.552
2026-09-23T17:54:02Z,2026-09-23 03:56:05,SPXW,2026-09-30,C,8165.0,7764.6401,0.25,83.0,0.45,56.0,1.38,0.0,103.0,0.1369,0.0072,0.0001,-0.1628,0.2696,0.0103
2026-09-23T17:54:02Z,2026-09-23 03:56:05,SPXW,2026-09-30,P,8165.0,7764.6401,379.7,2.0,403.7,2.0,0.0,0.0,0.0,0.1905,-0.9928,0.0001,-0.1629,0.27,-1.5533
2026-09-23T17:54:02Z,2026-09-23 03:56:05,SPXW,2026-09-30,C,8170.0,7764.6401,0.25,84.0,0.45,87.0,0.15,0.0,2039.0,0.1384,0.007,0.0001,-0.1599,0.2631,0.01
2026-09-23T17:54:02Z,2026-09-23 03:56:05,SPXW,2026-09-30,P,8170.0,7764.6401,384.6,2.0,408.6,2.0,0.0,0.0,0.0,0.1915,-0.993,0.0001,-0.1601,0.2635,-1.5545
2026-09-23T17:54:02Z,2026-09-23 03:56:05,SPXW,2026-09-30,C,8175.0,7764.6401,0.25,84.0,0.45,90.0,0.3,0.0,2073.0,0.1399,0.0068,0.0001,-0.1572,0.2568,0.0097
2026-09-23T17:54:02Z,2026-09-23 03:56:05,SPXW,2026-09-30,P,8175.0,7764.6401,389.9,2.0,413.9,2.0,548.1,0.0,0.0,0.1966,-0.9931,0.0001,-0.1573,0.2572,-1.5558
2026-09-23T17:54:02Z,2026-09-23 03:56:05,SPXW,2026-09-30,C,8180.0,7764.6401,0.25,84.0,0.45,95.0,0.39,36.0,127.0,0.1414,0.0066,0.0001,-0.1545,0.2508,0.0095
2026-09-23T17:54:02Z,2026-09-23 03:56:05,SPXW,2026-09-30,P,8180.0,7764.6401,394.9,2.0,418.9,2.0,0.0,0.0,0.0,0.1986,-0.9933,0.0001,-0.1547,0.2512,-1.557
2026-09-23T17:54:02Z,2026-09-23 03:56:05,SPXW,2026-09-30,C,8185.0,7764.6401,0.2,79.0,0.45,98.0,0.47,0.0,83.0,0.1417,0.0065,0.0001,-0.152,0.2451,0.0092
2026-09-23T17:54:02Z,2026-09-23 03:56:05,SPXW,2026-09-30,P,8185.0,7764.6401,399.6,2.0,423.6,2.0,0.0,0.0,0.0,0.1974,-0.9935,0.0001,-0.1522,0.2454,-1.5582
2026-09-23T17:54:02Z,2026-09-23 03:56:05,SPXW,2026-09-30,C,8190.0,7764.6401,0.2,84.0,0.45,102.0,0.35,5.0,220.0,0.1432,0.0063,0.0001,-0.1496,0.2395,0.009
2026-09-23T17:54:02Z,2026-09-23 03:56:05,SPXW,2026-09-30,P,8190.0,7764.6401,404.6,2.0,428.6,2.0,0.0,0.0,0.0,0.1993,-0.9937,0.0001,-0.1497,0.2398,-1.5594
2026-09-23T17:54:02Z,2026-09-23 03:56:05,SPXW,2026-09-30,C,8195.0,7764.6401,0.2,84.0,0.4,52.0,0.5,0.0,141.0,0.1434,0.0062,0.0001,-0.1472,0.2342,0.0088
2026-09-23T17:54:02Z,2026-09-23 03:56:05,SPXW,2026-09-30,P,8195.0,7764.6401,409.8,2.0,433.8,2.0,0.0,0.0,0.0,0.2034,-0.9938,0.0001,-0.1474,0.2345,-1.5606
2026-09-23T17:54:02Z,2026-09-23 03:56:05,SPXW,2026-09-30,C,8200.0,7764.6401,0.25,85.0,0.4,55.0,0.26,6.0,19727.0,0.1449,0.006,0.0001,-0.1449,0.229,0.0086
2026-09-23T17:54:02Z,2026-09-23 03:56:05,SPXW,2026-09-30,P,8200.0,7764.6401,414.7,2.0,438.7,2.0,518.58,0.0,55.0,0.2044,-0.994,0.0001,-0.1451,0.2293,-1.5617
2026-09-23T17:54:02Z,2026-09-23 03:56:05,SPXW,2026-09-30,C,8205.0,7764.6401,0.2,87.0,0.4,86.0,0.39,0.0,494.0,0.1463,0.0059,0.0001,-0.1429,0.2243,0.0084
2026-09-23T17:54:02Z,2026-09-23 03:56:05,SPXW,2026-09-30,P,8205.0,7764.6401,419.7,2.0,443.7,2.0,0.0,0.0,0.0,0.2063,-0.9941,0.0001,-0.1429,0.2243,-1.5629
2026-09-23T17:54:02Z,2026-09-23 03:56:05,SPXW,2026-09-30,C,8210.0,7764.6401,0.2,86.0,0.4,90.0,0.27,0.0,108.0,0.1478,0.0057,0.0001,-0.1407,0.2195,0.0081
2026-09-23T17:54:02Z,2026-09-23 03:56:05,SPXW,2026-09-30,P,8210.0,7764.6401,424.5,2.0,448.5,2.0,0.0,0.0,0.0,0.206,-0.9942,0.0001,-0.1407,0.2195,-1.5641
2026-09-23T17:54:02Z,2026-09-23 03:56:05,SPXW,2026-09-30,C,8215.0,7764.6401,0.2,87.0,0.4,93.0,0.3,0.0,43.0,0.1492,0.0056,0.0001,-0.1387,0.2148,0.008
2026-09-23T17:54:02Z,2026-09-23 03:56:05,SPXW,2026-09-30,P,8215.0,7764.6401,429.6,2.0,453.6,2.0,0.0,0.0,0.0,0.2091,-0.9944,0.0001,-0.1387,0.2148,-1.5652
2026-09-23T17:54:02Z,2026-09-23 03:56:05,SPXW,2026-09-30,C,8220.0,7764.6401,0.2,59.0,0.4,96.0,1.56,0.0,154.0,0.1507,0.0055,0.0001,-0.1367,0.2103,0.0078
2026-09-23T17:54:02Z,2026-09-23 03:56:05,SPXW,2026-09-30,P,8220.0,7764.6401,434.5,2.0,458.5,2.0,0.0,0.0,0.0,0.2099,-0.9945,0.0001,-0.1367,0.2103,-1.5664
2026-09-23T17:54:02Z,2026-09-23 03:56:05,SPXW,2026-09-30,C,8225.0,7764.6401,0.2,59.0,0.4,99.0,0.27,0.0,587.0,0.1524,0.0053,0.0001,-0.1345,0.2055,0.0076
2026-09-23T17:54:02Z,2026-09-23 03:56:05,SPXW,2026-09-30,P,8225.0,7764.6401,439.6,2.0,463.6,2.0,630.35,0.0,1.0,0.213,-0.9946,0.0001,-0.1347,0.206,-1.5675
2026-09-23T17:54:02Z,2026-09-23 03:56:05,SPXW,2026-09-30,C,8230.0,7764.6401,0.2,60.0,0.4,103.0,0.45,0.0,93.0,0.1536,0.0052,0.0001,-0.1328,0.2018,0.0074
2026-09-23T17:54:02Z,2026-09-23 03:56:05,SPXW,2026-09-30,P,8230.0,7764.6401,444.6,2.0,468.6,2.0,429.32,0.0,40.0,0.2149,-0.9948,0.0001,-0.1328,0.2018,-1.5686
2026-09-23T17:54:02Z,2026-09-23 03:56:05,SPXW,2026-09-30,C,8235.0,7764.6401,0.15,86.0,0.4,106.0,0.25,0.0,12.0,0.1537,0.0051,0.0001,-0.1309,0.1975,0.0072
2026-09-23T17:54:02Z,2026-09-23 03:56:05,SPXW,2026-09-30,P,8235.0,7764.6401,449.5,2.0,473.5,2.0,433.82,0.0,40.0,0.2157,-0.9949,0.0001,-0.131,0.1977,-1.5698
2026-09-23T17:54:02Z,2026-09-23 03:56:05,SPXW,2026-09-30,C,8240.0,7764.6401,0.15,84.0,0.35,60.0,0.25,0.0,51.0,0.1537,0.005,0.0001,-0.129,0.1932,0.0071
2026-09-23T17:54:02Z,2026-09-23 03:56:05,SPXW,2026-09-30,P,8240.0,7764.6401,454.5,2.0,478.5,2.0,0.0,0.0,0.0,0.2176,-0.995,0.0001,-0.1292,0.1937,-1.5709
2026-09-23T17:54:02Z,2026-09-23 03:56:05,SPXW,2026-09-30,C,8245.0,7764.6401,0.15,91.0,0.35,83.0,0.35,0.0,45.0,0.1551,0.0049,0.0001,-0.1272,0.1894,0.0069
2026-09-23T17:54:02Z,2026-09-23 03:56:05,SPXW,2026-09-30,P,8245.0,7764.6401,459.5,2.0,483.5,2.0,0.0,0.0,0.0,0.2195,-0.9951,0.0001,-0.1274,0.1898,-1.572
2026-09-23T17:54:02Z,2026-09-23 03:56:05,SPXW,2026-09-30,C,8250.0,7764.6401,0.2,88.0,0.35,86.0,0.3,3.0,2943.0,0.1565,0.0048,0.0001,-0.1255,0.1857,0.0068
2026-09-23T17:54:02Z,2026-09-23 03:56:05,SPXW,2026-09-30,P,8250.0,7764.6401,464.6,2.0,488.6,2.0,0.0,0.0,0.0,0.2226,-0.9952,0.0001,-0.1257,0.1861,-1.5731
2026-09-23T17:54:02Z,2026-09-23 03:56:05,SPXW,2026-09-30,C,8255.0,7764.6401,0.15,87.0,0.35,89.0,0.45,1.0,28.0,0.158,0.0047,0.0001,-0.1239,0.1821,0.0066
2026-09-23T17:54:02Z,2026-09-23 03:56:05,SPXW,2026-09-30,P,8255.0,7764.6401,469.6,2.0,493.6,2.0,0.0,0.0,0.0,0.2245,-0.9953,0.0001,-0.1241,0.1825,-1.5742
2026-09-23T17:54:02Z,2026-09-23 03:56:05,SPXW,2026-09-30,C,8260.0,7764.6401,0.15,89.0,0.35,92.0,0.32,0.0,64.0,0.1594,0.0046,0.0001,-0.1222,0.1785,0.0065
2026-09-23T17:54:02Z,2026-09-23 03:56:05,SPXW,2026-09-30,P,8260.0,7764.6401,474.6,2.0,498.6,2.0,0.0,0.0,0.0,0.2264,-0.9954,0.0001,-0.1225,0.179,-1.5753
2026-09-23T17:54:02Z,2026-09-23 03:56:05,SPXW,2026-09-30,C,8270.0,7764.6401,0.2,62.0,0.3,98.0,0.4,0.0,2252.0,0.1622,0.0044,0.0001,-0.1191,0.1718,0.0062
2026-09-23T17:54:02Z,2026-09-23 03:56:05,SPXW,2026-09-30,P,8270.0,7764.6401,484.5,2.0,508.5,2.0,0.0,0.0,0.0,0.2291,-0.9956,0.0001,-0.1193,0.1722,-1.5775
2026-09-23T17:54:02Z,2026-09-23 03:56:05,SPXW,2026-09-30,C,8275.0,7764.6401,0.15,62.0,0.35,101.0,0.4,0.0,4303.0,0.1636,0.0043,0.0001,-0.1176,0.1686,0.0061
2026-09-23T17:54:02Z,2026-09-23 03:56:05,SPXW,2026-09-30,P,8275.0,7764.6401,489.6,2.0,513.6,2.0,0.0,0.0,0.0,0.2322,-0.9957,0.0001,-0.1178,0.169,-1.5786
2026-09-23T17:54:02Z,2026-09-23 03:56:05,SPXW,2026-09-30,C,8280.0,7764.6401,0.15,62.0,0.35,103.0,0.25,0.0,2197.0,0.1651,0.0042,0.0001,-0.1161,0.1655,0.006
2026-09-23T17:54:02Z,2026-09-23 03:56:05,SPXW,2026-09-30,P,8280.0,7764.6401,494.5,2.0,518.5,2.0,0.0,0.0,0.0,0.2329,-0.9958,0.0001,-0.1163,0.1658,-1.5796
2026-09-23T17:54:02Z,2026-09-23 03:56:05,SPXW,2026-09-30,C,8290.0,7764.6401,0.15,63.0,0.3,67.0,1.02,0.0,36.0,0.1659,0.004,0.0001,-0.1134,0.1598,0.0057
2026-09-23T17:54:02Z,2026-09-23 03:56:05,SPXW,2026-09-30,P,8290.0,7764.6401,504.5,2.0,528.5,2.0,0.0,0.0,0.0,0.2366,-0.9959,0.0001,-0.1134,0.1598,-1.5818
2026-09-23T17:54:02Z,2026-09-23 03:56:05,SPXW,2026-09-30,C,8300.0,7764.6401,0.15,93.0,0.3,92.0,0.25,1.0,8321.0,0.1669,0.0039,0.0001,-0.1105,0.1537,0.0055
2026-09-23T17:54:02Z,2026-09-23 03:56:05,SPXW,2026-09-30,P,8300.0,7764.6401,514.4,2.0,538.4,2.0,527.16,10.0,6.0,0.2392,-0.9961,0.0001,-0.1107,0.1541,-1.5839
2026-09-23T17:54:02Z,2026-09-23 03:56:05,SPXW,2026-09-30,C,8310.0,7764.6401,0.1,90.0,0.3,158.0,0.72,0.0,45.0,0.1696,0.0037,0.0001,-0.1078,0.1483,0.0053
2026-09-23T17:54:02Z,2026-09-23 03:56:05,SPXW,2026-09-30,P,8310.0,7764.6401,524.4,2.0,548.4,2.0,0.0,0.0,0.0,0.2429,-0.9962,0.0001,-0.108,0.1486,-1.5861
2026-09-23T17:54:02Z,2026-09-23 03:56:05,SPXW,2026-09-30,C,8320.0,7764.6401,0.1,86.0,0.3,169.0,0.49,0.0,42.0,0.1724,0.0036,0.0,-0.1053,0.1432,0.0051
2026-09-23T17:54:02Z,2026-09-23 03:56:05,SPXW,2026-09-30,P,8320.0,7764.6401,534.4,2.0,558.4,2.0,0.0,0.0,0.0,0.2467,-0.9964,0.0001,-0.1055,0.1435,-1.5882
2026-09-23T17:54:02Z,2026-09-23 03:56:05,SPXW,2026-09-30,C,8325.0,7764.6401,0.15,65.0,0.25,174.0,0.19,0.0,15045.0,0.1737,0.0035,0.0,-0.104,0.1407,0.005
2026-09-23T17:54:02Z,2026-09-23 03:56:05,SPXW,2026-09-30,P,8325.0,7764.6401,539.5,2.0,563.5,2.0,0.0,0.0,0.0,0.2498,-0.9964,0.0,-0.1042,0.141,-1.5892
2026-09-23T17:54:02Z,2026-09-23 03:56:05,SPXW,2026-09-30,C,8330.0,7764.6401,0.1,63.0,0.3,181.0,0.12,0.0,17.0,0.1751,0.0035,0.0,-0.1028,0.1383,0.0049
2026-09-23T17:54:02Z,2026-09-23 03:56:05,SPXW,2026-09-30,P,8330.0,7764.6401,544.4,2.0,568.4,2.0,0.0,0.0,0.0,0.2504,-0.9965,0.0,-0.103,0.1386,-1.5903
2026-09-23T17:54:02Z,2026-09-23 03:56:05,SPXW,2026-09-30,C,8340.0,7764.6401,0.1,65.0,0.3,191.0,0.45,0.0,12.0,0.1778,0.0033,0.0,-0.1004,0.1336,0.0047
2026-09-23T17:54:02Z,2026-09-23 03:56:05,SPXW,2026-09-30,P,8340.0,7764.6401,554.4,2.0,578.4,2.0,0.0,0.0,0.0,0.2541,-0.9966,0.0,-0.1006,0.1338,-1.5924
2026-09-23T17:54:02Z,2026-09-23 03:56:05,SPXW,2026-09-30,C,8350.0,7764.6401,0.1,66.0,0.3,201.0,0.25,0.0,1193.0,0.1806,0.0032,0.0,-0.0981,0.1291,0.0045
2026-09-23T17:54:02Z,2026-09-23 03:56:05,SPXW,2026-09-30,P,8350.0,7764.6401,564.4,2.0,588.4,2.0,576.92,0.0,6.0,0.2578,-0.9968,0.0,-0.0983,0.1294,-1.5945
2026-09-23T17:54:02Z,2026-09-23 03:56:05,SPXW,2026-09-30,C,8360.0,7764.6401,0.1,67.0,0.25,67.0,1.15,0.0,46.0,0.1808,0.0031,0.0,-0.096,0.1249,0.0044
2026-09-23T17:54:02Z,2026-09-23 03:56:05,SPXW,2026-09-30,P,8360.0,7764.6401,574.4,2.0,598.4,2.0,0.0,0.0,0.0,0.2615,-0.9969,0.0,-0.096,0.125,-1.5966
2026-09-23T17:54:02Z,2026-09-23 03:56:05,SPXW,2026-09-30,C,8370.0,7764.6401,0.05,205.0,0.25,65.0,0.25,0.0,27.0,0.1809,0.003,0.0,-0.0938,0.1208,0.0042
2026-09-23T17:54:02Z,2026-09-23 03:56:05,SPXW,2026-09-30,P,8370.0,7764.6401,584.3,2.0,608.3,2.0,0.0,0.0,0.0,0.2638,-0.997,0.0,-0.0938,0.1209,-1.5986
2026-09-23T17:54:02Z,2026-09-23 03:56:05,SPXW,2026-09-30,C,8375.0,7764.6401,0.05,203.0,0.25,63.0,0.65,0.0,40.0,0.1822,0.0029,0.0,-0.0927,0.1188,0.0041
2026-09-23T17:54:02Z,2026-09-23 03:56:05,SPXW,2026-09-30,P,8375.0,7764.6401,589.5,2.0,613.5,2.0,0.0,0.0,0.0,0.2684,-0.997,0.0,-0.0928,0.1189,-1.5997
2026-09-23T17:54:02Z,2026-09-23 03:56:05,SPXW,2026-09-30,C,8380.0,7764.6401,0.05,201.0,0.25,65.0,0.1,0.0,41.0,0.1835,0.0029,0.0,-0.0917,0.1168,0.0041
2026-09-23T17:54:02Z,2026-09-23 03:56:05,SPXW,2026-09-30,P,8380.0,7764.6401,594.3,2.0,618.3,2.0,0.0,0.0,0.0,0.2675,-0.9971,0.0,-0.0917,0.117,-1.6007
2026-09-23T17:54:02Z,2026-09-23 03:56:05,SPXW,2026-09-30,C,8390.0,7764.6401,0.05,198.0,0.25,139.0,0.87,0.0,33.0,0.1861,0.0028,0.0,-0.0896,0.113,0.0039
2026-09-23T17:54:02Z,2026-09-23 03:56:05,SPXW,2026-09-30,P,8390.0,7764.6401,604.4,2.0,628.4,2.0,0.0,0.0,0.0,0.2725,-0.9972,0.0,-0.0896,0.1132,-1.6027
2026-09-23T17:54:02Z,2026-09-23 03:56:05,SPXW,2026-09-30,C,8400.0,7764.6401,0.05,194.0,0.25,175.0,0.17,1.0,4654.0,0.1887,0.0027,0.0,-0.0876,0.1094,0.0038
2026-09-23T17:54:02Z,2026-09-23 03:56:05,SPXW,2026-09-30,P,8400.0,7764.6401,614.4,2.0,638.4,2.0,894.0,0.0,4.0,0.2762,-0.9973,0.0,-0.0876,0.1095,-1.6048
2026-09-23T17:54:02Z,2026-09-23 03:56:05,SPXW,2026-09-30,C,8410.0,7764.6401,0.05,192.0,0.25,184.0,0.5,0.0,32.0,0.1914,0.0026,0.0,-0.0856,0.1059,0.0037
2026-09-23T17:54:02Z,2026-09-23 03:56:05,SPXW,2026-09-30,P,8410.0,7764.6401,624.2,2.0,648.2,2.0,0.0,0.0,0.0,0.277,-0.9974,0.0,-0.0857,0.106,-1.6068
2026-09-23T17:54:02Z,2026-09-23 03:56:05,SPXW,2026-09-30,C,8420.0,7764.6401,0.05,197.0,0.25,192.0,0.35,0.0,46.0,0.194,0.0025,0.0,-0.0837,0.1026,0.0035
2026-09-23T17:54:02Z,2026-09-23 03:56:05,SPXW,2026-09-30,P,8420.0,7764.6401,634.2,2.0,658.2,2.0,0.0,0.0,0.0,0.2806,-0.9975,0.0,-0.0838,0.1026,-1.6089
2026-09-23T17:54:02Z,2026-09-23 03:56:05,SPXW,2026-09-30,C,8425.0,7764.6401,0.05,168.0,0.25,195.0,0.24,0.0,114.0,0.1955,0.0025,0.0,-0.0826,0.1008,0.0035
2026-09-23T17:54:02Z,2026-09-23 03:56:05,SPXW,2026-09-30,P,8425.0,7764.6401,639.4,2.0,663.4,2.0,0.0,0.0,0.0,0.2853,-0.9975,0.0,-0.0828,0.101,-1.6099
2026-09-23T17:54:02Z,2026-09-23 03:56:05,SPXW,2026-09-30,C,8430.0,7764.6401,0.05,172.0,0.2,71.0,0.07,0.0,6006.0,0.1934,0.0024,0.0,-0.0819,0.0994,0.0034
2026-09-23T17:54:02Z,2026-09-23 03:56:05,SPXW,2026-09-30,P,8430.0,7764.6401,644.3,2.0,668.3,2.0,0.0,0.0,0.0,0.2857,-0.9976,0.0,-0.0819,0.0994,-1.6109
2026-09-23T17:54:02Z,2026-09-23 03:56:05,SPXW,2026-09-30,C,8440.0,7764.6401,0.05,173.0,0.2,72.0,0.16,0.0,837.0,0.1959,0.0023,0.0,-0.08,0.0963,0.0033
2026-09-23T17:54:02Z,2026-09-23 03:56:05,SPXW,2026-09-30,P,8440.0,7764.6401,654.3,2.0,678.3,2.0,0.0,0.0,0.0,0.2893,-0.9976,0.0,-0.08,0.0963,-1.613
2026-09-23T17:54:02Z,2026-09-23 03:56:05,SPXW,2026-09-30,C,8450.0,7764.6401,0.05,172.0,0.2,73.0,0.1,0.0,1274.0,0.1985,0.0023,0.0,-0.0782,0.0933,0.0032
2026-09-23T17:54:02Z,2026-09-23 03:56:05,SPXW,2026-09-30,P,8450.0,7764.6401,664.2,2.0,688.2,2.0,985.92,0.0,1.0,0.2914,-0.9977,0.0,-0.0783,0.0933,-1.615
2026-09-23T17:54:02Z,2026-09-23 03:56:05,SPXW,2026-09-30,C,8460.0,7764.6401,0.05,172.0,0.2,68.0,0.75,0.0,6001.0,0.201,0.0022,0.0,-0.0765,0.0904,0.0031
2026-09-23T17:54:02Z,2026-09-23 03:56:05,SPXW,2026-09-30,P,8460.0,7764.6401,674.3,2.0,698.3,2.0,0.0,0.0,0.0,0.2965,-0.9978,0.0,-0.0765,0.0905,-1.617
2026-09-23T17:54:02Z,2026-09-23 03:56:05,SPXW,2026-09-30,C,8470.0,7764.6401,0.05,100.0,0.2,74.0,0.65,0.0,46.0,0.2036,0.0021,0.0,-0.0748,0.0877,0.003
2026-09-23T17:54:02Z,2026-09-23 03:56:05,SPXW,2026-09-30,P,8470.0,7764.6401,684.4,2.0,708.4,2.0,0.0,0.0,0.0,0.3016,-0.9978,0.0,-0.0748,0.0877,-1.619
2026-09-23T17:54:02Z,2026-09-23 03:56:05,SPXW,2026-09-30,C,8475.0,7764.6401,0.05,100.0,0.2,76.0,0.25,0.0,1741.0,0.2049,0.0021,0.0,-0.074,0.0863,0.0029
2026-09-23T17:54:02Z,2026-09-23 03:56:05,SPXW,2026-09-30,P,8475.0,7764.6401,689.2,2.0,713.2,2.0,1030.84,0.0,2.0,0.3004,-0.9979,0.0,-0.074,0.0864,-1.62
2026-09-23T17:54:02Z,2026-09-23 03:56:05,SPXW,2026-09-30,C,8480.0,7764.6401,0.05,100.0,0.2,78.0,0.3,0.0,39.0,0.2062,0.002,0.0,-0.0731,0.085,0.0029
2026-09-23T17:54:02Z,2026-09-23 03:56:05,SPXW,2026-09-30,P,8480.0,7764.6401,694.3,2.0,718.3,2.0,0.0,0.0,0.0,0.3037,-0.9979,0.0,-0.0732,0.085,-1.621
2026-09-23T17:54:02Z,2026-09-23 03:56:05,SPXW,2026-09-30,C,8490.0,7764.6401,0.05,100.0,0.2,82.0,0.15,0.0,59.0,0.2087,0.002,0.0,-0.0715,0.0824,0.0028
2026-09-23T17:54:02Z,2026-09-23 03:56:05,SPXW,2026-09-30,P,8490.0,7764.6401,704.3,2.0,728.3,2.0,0.0,0.0,0.0,0.3073,-0.998,0.0,-0.0715,0.0825,-1.6231
2026-09-23T17:54:02Z,2026-09-23 03:56:05,SPXW,2026-09-30,C,8500.0,7764.6401,0.05,200.0,0.2,88.0,0.15,2001.0,11700.0,0.2112,0.0019,0.0,-0.0699,0.0799,0.0027
2026-09-23T17:54:02Z,2026-09-23 03:56:05,SPXW,2026-09-30,P,8500.0,7764.6401,714.3,2.0,738.3,2.0,890.33,0.0,7.0,0.3108,-0.998,0.0,-0.0699,0.08,-1.6251
2026-09-23T17:54:02Z,2026-09-23 03:56:05,SPXW,2026-09-30,C,8510.0,7764.6401,0.05,100.0,0.2,92.0,0.5,0.0,87.0,0.2138,0.0019,0.0,-0.0683,0.0775,0.0026
2026-09-23T17:54:02Z,2026-09-23 03:56:05,SPXW,2026-09-30,P,8510.0,7764.6401,724.2,2.0,748.2,2.0,0.0,0.0,0.0,0.3128,-0.9981,0.0,-0.0684,0.0776,-1.6271
2026-09-23T17:54:02Z,2026-09-23 03:56:05,SPXW,2026-09-30,C,8520.0,7764.6401,0.05,100.0,0.15,98.0,0.1,0.0,9.0,0.2163,0.0018,0.0,-0.0668,0.0752,0.0025
2026-09-23T17:54:02Z,2026-09-23 03:56:05,SPXW,2026-09-30,P,8520.0,7764.6401,734.1,2.0,758.1,2.0,0.0,0.0,0.0,0.3148,-0.9982,0.0,-0.0669,0.0752,-1.6291
2026-09-23T17:54:02Z,2026-09-23 03:56:05,SPXW,2026-09-30,C,8525.0,7764.6401,0.05,100.0,0.15,100.0,0.65,0.0,8.0,0.2175,0.0018,0.0,-0.0661,0.074,0.0025
2026-09-23T17:54:02Z,2026-09-23 03:56:05,SPXW,2026-09-30,P,8525.0,7764.6401,739.3,2.0,763.3,2.0,0.0,0.0,0.0,0.3197,-0.9982,0.0,-0.0661,0.0741,-1.6301
2026-09-23T17:54:02Z,2026-09-23 03:56:05,SPXW,2026-09-30,C,8530.0,7764.6401,0.05,100.0,0.15,76.0,0.65,0.0,5.0,0.2146,0.0017,0.0,-0.0653,0.0729,0.0024
2026-09-23T17:54:02Z,2026-09-23 03:56:05,SPXW,2026-09-30,P,8530.0,7764.6401,744.2,2.0,768.2,2.0,0.0,0.0,0.0,0.3199,-0.9982,0.0,-0.0654,0.073,-1.6311
2026-09-23T17:54:02Z,2026-09-23 03:56:05,SPXW,2026-09-30,C,8540.0,7764.6401,0.05,100.0,0.15,81.0,0.1,200.0,104.0,0.2171,0.0017,0.0,-0.0639,0.0707,0.0024
2026-09-23T17:54:02Z,2026-09-23 03:56:05,SPXW,2026-09-30,P,8540.0,7764.6401,754.1,2.0,778.1,2.0,0.0,0.0,0.0,0.3218,-0.9983,0.0,-0.0639,0.0708,-1.633
2026-09-23T18:19:37Z,2026-09-23 03:56:05,SPXW,2026-09-23,C,6990.0,7764.6401,754.9,25.0,798.6,25.0,0.0,0.0,0.0,0.0,0.9996,0.0,-0.025,0.0051,0.0
2026-09-23T18:19:37Z,2026-09-23 03:56:05,SPXW,2026-09-23,P,6990.0,7764.6401,0.0,0.0,0.05,457.0,0.15,0.0,224.0,0.739,-0.0004,0.0,-0.025,0.0051,0.0
2026-09-23T18:19:37Z,2026-09-23 03:56:05,SPXW,2026-09-23,C,7000.0,7764.6401,744.9,25.0,788.6,25.0,625.57,0.0,3.0,0.0,0.9996,0.0,-0.025,0.0052,0.0
2026-09-23T18:19:37Z,2026-09-23 03:56:05,SPXW,2026-09-23,P,7000.0,7764.6401,0.0,0.0,0.05,453.0,0.05,1132.0,7163.0,0.7296,-0.0004,0.0,-0.025,0.0052,0.0
2026-09-23T18:19:37Z,2026-09-23 03:56:05,SPXW,2026-09-23,C,7010.0,7764.6401,734.9,25.0,778.6,25.0,0.0,0.0,0.0,0.0,0.9996,0.0,-0.025,0.0052,0.0
2026-09-23T18:19:37Z,2026-09-23 03:56:05,SPXW,2026-09-23,P,7010.0,7764.6401,0.0,0.0,0.05,444.0,0.05,10.0,14.0,0.7204,-0.0004,0.0,-0.025,0.0052,0.0
2026-09-23T18:19:37Z,2026-09-23 03:56:05,SPXW,2026-09-23,C,7020.0,7764.6401,725.0,1.0,768.6,25.0,0.0,0.0,0.0,0.0,0.9996,0.0,-0.025,0.0053,0.0
2026-09-23T18:19:37Z,2026-09-23 03:56:05,SPXW,2026-09-23,P,7020.0,7764.6401,0.0,0.0,0.05,440.0,0.45,0.0,22.0,0.7111,-0.0004,0.0,-0.025,0.0053,0.0
2026-09-23T18:19:37Z,2026-09-23 03:56:05,SPXW,2026-09-23,C,7025.0,7764.6401,719.9,25.0,763.6,25.0,0.0,0.0,0.0,0.0,0.9996,0.0,-0.025,0.0054,0.0
2026-09-23T18:19:37Z,2026-09-23 03:56:05,SPXW,2026-09-23,P,7025.0,7764.6401,0.0,0.0,0.05,449.0,0.05,66.0,682.0,0.7064,-0.0004,0.0,-0.025,0.0054,0.0
2026-09-23T18:19:37Z,2026-09-23 03:56:05,SPXW,2026-09-23,C,7030.0,7764.6401,714.9,25.0,758.6,25.0,0.0,0.0,0.0,0.0,0.9996,0.0,-0.025,0.0054,0.0
2026-09-23T18:19:37Z,2026-09-23 03:56:05,SPXW,2026-09-23,P,7030.0,7764.6401,0.0,0.0,0.05,140.0,0.45,0.0,53.0,0.7018,-0.0004,0.0,-0.025,0.0054,0.0
2026-09-23T18:19:37Z,2026-09-23 03:56:05,SPXW,2026-09-23,C,7040.0,7764.6401,704.9,25.0,748.6,25.0,0.0,0.0,0.0,0.0,0.9996,0.0,-0.025,0.0054,0.0
2026-09-23T18:19:37Z,2026-09-23 03:56:05,SPXW,2026-09-23,P,7040.0,7764.6401,0.0,0.0,0.05,139.0,0.15,0.0,55.0,0.6925,-0.0004,0.0,-0.025,0.0054,0.0
2026-09-23T18:19:37Z,2026-09-23 03:56:05,SPXW,2026-09-23,C,7050.0,7764.6401,694.9,25.0,738.6,25.0,627.58,0.0,5.0,0.0,0.9996,0.0,-0.025,0.0055,0.0
2026-09-23T18:19:37Z,2026-09-23 03:56:05,SPXW,2026-09-23,P,7050.0,7764.6401,0.0,0.0,0.05,64.0,0.05,63.0,1705.0,0.6832,-0.0004,0.0,-0.025,0.0055,0.0
2026-09-23T18:19:37Z,2026-09-23 03:56:05,SPXW,2026-09-23,C,7060.0,7764.6401,684.9,25.0,728.6,25.0,0.0,0.0,0.0,0.0,0.9995,0.0,-0.025,0.0056,0.0
2026-09-23T18:19:37Z,2026-09-23 03:56:05,SPXW,2026-09-23,P,7060.0,7764.6401,0.0,0.0,0.05,63.0,0.15,0.0,38.0,0.674,-0.0005,0.0,-0.025,0.0056,0.0
2026-09-23T18:19:37Z,2026-09-23 03:56:05,SPXW,2026-09-23,C,7070.0,7764.6401,674.9,25.0,718.6,25.0,0.0,0.0,0.0,0.0,0.9995,0.0,-0.025,0.0057,0.0
2026-09-23T18:19:37Z,2026-09-23 03:56:05,SPXW,2026-09-23,P,7070.0,7764.6401,0.0,0.0,0.05,63.0,0.15,0.0,30.0,0.6642,-0.0005,0.0,-0.025,0.0057,0.0
2026-09-23T18:19:37Z,2026-09-23 03:56:05,SPXW,2026-09-23,C,7075.0,7764.6401,669.9,25.0,713.6,25.0,0.0,0.0,0.0,0.0,0.9995,0.0,-0.025,0.0057,0.0
2026-09-23T18:19:37Z,2026-09-23 03:56:05,SPXW,2026-09-23,P,7075.0,7764.6401,0.0,0.0,0.05,62.0,0.15,0.0,620.0,0.6596,-0.0005,0.0,-0.025,0.0057,0.0
2026-09-23T18:19:37Z,2026-09-23 03:56:05,SPXW,2026-09-23,C,7080.0,7764.6401,664.9,25.0,708.6,25.0,0.0,0.0,0.0,0.0,0.9995,0.0,-0.025,0.0057,0.0
2026-09-23T18:19:37Z,2026-09-23 03:56:05,SPXW,2026-09-23,P,7080.0,7764.6401,0.0,0.0,0.05,62.0,0.05,12.0,142.0,0.655,-0.0005,0.0,-0.025,0.0058,0.0
2026-09-23T18:19:37Z,2026-09-23 03:56:05,SPXW,2026-09-23,C,7090.0,7764.6401,654.9,26.0,698.6,25.0,0.0,0.0,0.0,0.0,0.9995,0.0,-0.025,0.0058,0.0
2026-09-23T18:19:37Z,2026-09-23 03:56:05,SPXW,2026-09-23,P,7090.0,7764.6401,0.0,0.0,0.05,62.0,0.15,0.0,39.0,0.6462,-0.0005,0.0,-0.025,0.0058,0.0
2026-09-23T18:19:37Z,2026-09-23 03:56:05,SPXW,2026-09-23,C,7100.0,7764.6401,644.9,25.0,688.6,25.0,541.53,0.0,25.0,0.0,0.9995,0.0,-0.025,0.0059,0.0
2026-09-23T18:19:37Z,2026-09-23 03:56:05,SPXW,2026-09-23,P,7100.0,7764.6401,0.0,0.0,0.05,62.0,0.15,0.0,3398.0,0.6369,-0.0005,0.0,-0.025,0.0059,0.0
2026-09-23T18:19:37Z,2026-09-23 03:56:05,SPXW,2026-09-23,C,7105.0,7764.6401,639.9,25.0,683.6,25.0,655.68,1.0,1.0,0.0,0.9995,0.0,-0.025,0.006,0.0
2026-09-23T18:19:37Z,2026-09-23 03:56:05,SPXW,2026-09-23,P,7105.0,7764.6401,0.0,0.0,0.05,61.0,0.15,0.0,6.0,0.6323,-0.0005,0.0,-0.025,0.006,0.0
2026-09-23T18:19:37Z,2026-09-23 03:56:05,SPXW,2026-09-23,C,7110.0,7764.6401,634.9,25.0,678.6,25.0,0.0,0.0,0.0,0.0,0.9995,0.0,-0.025,0.006,0.0
2026-09-23T18:19:37Z,2026-09-23 03:56:05,SPXW,2026-09-23,P,7110.0,7764.6401,0.0,0.0,0.05,61.0,0.15,0.0,1101.0,0.6277,-0.0005,0.0,-0.025,0.006,0.0
2026-09-23T18:19:37Z,2026-09-23 03:56:05,SPXW,2026-09-23,C,7115.0,7764.6401,630.0,1.0,673.6,25.0,0.0,0.0,0.0,0.0,0.9995,0.0,-0.025,0.006,0.0
2026-09-23T18:19:37Z,2026-09-23 03:56:05,SPXW,2026-09-23,P,7115.0,7764.6401,0.0,0.0,0.05,60.0,0.2,0.0,12.0,0.6231,-0.0005,0.0,-0.025,0.006,0.0
2026-09-23T18:19:37Z,2026-09-23 03:56:05,SPXW,2026-09-23,C,7120.0,7764.6401,624.9,26.0,668.6,25.0,0.0,0.0,0.0,0.0,0.9995,0.0,-0.025,0.0061,0.0
2026-09-23T18:19:37Z,2026-09-23 03:56:05,SPXW,2026-09-23,P,7120.0,7764.6401,0.0,0.0,0.05,60.0,0.2,0.0,3145.0,0.6185,-0.0005,0.0,-0.025,0.0061,0.0
2026-09-23T18:19:37Z,2026-09-23 03:56:05,SPXW,2026-09-23,C,7125.0,7764.6401,619.9,25.0,663.6,25.0,0.0,0.0,0.0,0.0,0.9995,0.0,-0.025,0.0061,0.0
2026-09-23T18:19:37Z,2026-09-23 03:56:05,SPXW,2026-09-23,P,7125.0,7764.6401,0.0,0.0,0.05,60.0,0.07,7.0,335.0,0.6138,-0.0005,0.0,-0.025,0.0061,0.0
2026-09-23T18:19:37Z,2026-09-23 03:56:05,SPXW,2026-09-23,C,7130.0,7764.6401,614.9,25.0,658.6,25.0,0.0,0.0,0.0,0.0,0.9995,0.0,-0.025,0.0062,0.0
2026-09-23T18:19:37Z,2026-09-23 03:56:05,SPXW,2026-09-23,P,7130.0,7764.6401,0.0,0.0,0.05,60.0,0.1,167.0,69.0,0.6092,-0.0005,0.0,-0.025,0.0062,0.0
2026-09-23T18:19:37Z,2026-09-23 03:56:05,SPXW,2026-09-23,C,7135.0,7764.6401,609.9,26.0,653.6,25.0,0.0,0.0,0.0,0.0,0.9995,0.0,-0.025,0.0062,0.0
2026-09-23T18:19:37Z,2026-09-23 03:56:05,SPXW,2026-09-23,P,7135.0,7764.6401,0.0,0.0,0.05,60.0,0.07,40.0,18.0,0.6046,-0.0005,0.0,-0.025,0.0062,0.0
2026-09-23T18:19:37Z,2026-09-23 03:56:05,SPXW,2026-09-23,C,7140.0,7764.6401,604.9,25.0,648.6,25.0,0.0,0.0,0.0,0.0,0.9995,0.0,-0.025,0.0062,0.0
2026-09-23T18:19:37Z,2026-09-23 03:56:05,SPXW,2026-09-23,P,7140.0,7764.6401,0.0,0.0,0.05,60.0,0.07,21.0,97.0,0.6,-0.0005,0.0,-0.025,0.0062,0.0
2026-09-23T18:19:37Z,2026-09-23 03:56:05,SPXW,2026-09-23,C,7145.0,7764.6401,599.9,25.0,643.6,25.0,617.69,1.0,1.0,0.0,0.9995,0.0,-0.025,0.0063,0.0
2026-09-23T18:19:37Z,2026-09-23 03:56:05,SPXW,2026-09-23,P,7145.0,7764.6401,0.0,0.0,0.05,59.0,0.07,4.0,7.0,0.5954,-0.0005,0.0,-0.025,0.0063,0.0
2026-09-23T18:19:37Z,2026-09-23 03:56:05,SPXW,2026-09-23,C,7150.0,7764.6401,594.9,25.0,638.6,25.0,491.48,0.0,20.0,0.0,0.9995,0.0,-0.025,0.0064,0.0
2026-09-23T18:19:37Z,2026-09-23 03:56:05,SPXW,2026-09-23,P,7150.0,7764.6401,0.0,0.0,0.05,59.0,0.1,213.0,1396.0,0.5908,-0.0005,0.0,-0.025,0.0064,0.0
2026-09-23T18:19:37Z,2026-09-23 03:56:05,SPXW,2026-09-23,C,7155.0,7764.6401,589.9,26.0,633.6,25.0,0.0,0.0,0.0,0.0,0.9995,0.0,-0.025,0.0064,0.0
2026-09-23T18:19:37Z,2026-09-23 03:56:05,SPXW,2026-09-23,P,7155.0,7764.6401,0.0,0.0,0.05,59.0,0.2,0.0,82.0,0.5861,-0.0005,0.0,-0.025,0.0064,0.0
2026-09-23T18:19:37Z,2026-09-23 03:56:05,SPXW,2026-09-23,C,7160.0,7764.6401,584.9,25.0,628.6,25.0,0.0,0.0,0.0,0.0,0.9995,0.0,-0.025,0.0064,0.0
2026-09-23T18:19:37Z,2026-09-23 03:56:05,SPXW,2026-09-23,P,7160.0,7764.6401,0.0,0.0,0.05,58.0,0.07,23.0,219.0,0.5815,-0.0005,0.0,-0.025,0.0064,0.0
2026-09-23T18:19:37Z,2026-09-23 03:56:05,SPXW,2026-09-23,C,7165.0,7764.6401,579.9,26.0,623.6,25.0,0.0,0.0,0.0,0.0,0.9995,0.0,-0.025,0.0065,0.0
2026-09-23T18:19:37Z,2026-09-23 03:56:05,SPXW,2026-09-23,P,7165.0,7764.6401,0.0,0.0,0.05,58.0,0.07,5.0,6.0,0.5769,-0.0005,0.0,-0.025,0.0065,0.0
2026-09-23T18:19:37Z,2026-09-23 03:56:05,SPXW,2026-09-23,C,7170.0,7764.6401,574.9,25.0,618.6,25.0,0.0,0.0,0.0,0.0,0.9995,0.0,-0.025,0.0065,0.0
2026-09-23T18:19:37Z,2026-09-23 03:56:05,SPXW,2026-09-23,P,7170.0,7764.6401,0.0,0.0,0.05,58.0,0.07,6.0,220.0,0.5723,-0.0005,0.0,-0.025,0.0065,0.0
2026-09-23T18:19:37Z,2026-09-23 03:56:05,SPXW,2026-09-23,C,7175.0,7764.6401,569.9,25.0,613.6,25.0,550.78,0.0,4.0,0.0,0.9995,0.0,-0.025,0.0066,0.0
2026-09-23T18:19:37Z,2026-09-23 03:56:05,SPXW,2026-09-23,P,7175.0,7764.6401,0.0,0.0,0.05,58.0,0.1,2.0,564.0,0.5677,-0.0005,0.0,-0.025,0.0066,0.0
2026-09-23T18:19:37Z,2026-09-23 03:56:05,SPXW,2026-09-23,C,7180.0,7764.6401,564.9,25.0,608.6,25.0,573.76,0.0,1.0,0.0,0.9995,0.0,-0.025,0.0066,0.0
2026-09-23T18:19:37Z,2026-09-23 03:56:05,SPXW,2026-09-23,P,7180.0,7764.6401,0.0,0.0,0.05,58.0,0.07,1.0,124.0,0.5631,-0.0005,0.0,-0.025,0.0066,0.0
2026-09-23T18:19:37Z,2026-09-23 03:56:05,SPXW,2026-09-23,C,7185.0,7764.6401,559.9,25.0,603.6,25.0,0.0,0.0,0.0,0.0,0.9994,0.0,-0.025,0.0067,0.0
2026-09-23T18:19:37Z,2026-09-23 03:56:05,SPXW,2026-09-23,P,7185.0,7764.6401,0.0,0.0,0.05,57.0,0.2,0.0,203.0,0.5585,-0.0006,0.0,-0.025,0.0067,0.0
2026-09-23T18:19:37Z,2026-09-23 03:56:05,SPXW,2026-09-23,C,7190.0,7764.6401,554.9,25.0,598.6,25.0,0.0,0.0,0.0,0.0,0.9994,0.0,-0.025,0.0068,0.0
2026-09-23T18:19:37Z,2026-09-23 03:56:05,SPXW,2026-09-23,P,7190.0,7764.6401,0.0,0.0,0.05,57.0,0.2,0.0,188.0,0.5539,-0.0006,0.0,-0.025,0.0068,0.0
2026-09-23T18:19:37Z,2026-09-23 03:56:05,SPXW,2026-09-23,C,7195.0,7764.6401,549.9,25.0,593.6,25.0,0.0,0.0,0.0,0.0,0.9994,0.0,-0.025,0.0068,0.0
2026-09-23T18:19:37Z,2026-09-23 03:56:05,SPXW,2026-09-23,P,7195.0,7764.6401,0.0,0.0,0.05,57.0,0.2,0.0,7.0,0.5493,-0.0006,0.0,-0.025,0.0068,0.0
2026-09-23T18:19:37Z,2026-09-23 03:56:05,SPXW,2026-09-23,C,7200.0,7764.6401,545.4,1.0,588.6,25.0,551.0,0.0,6.0,0.0,0.9994,0.0,-0.025,0.0069,0.0
2026-09-23T18:19:37Z,2026-09-23 03:56:05,SPXW,2026-09-23,P,7200.0,7764.6401,0.0,0.0,0.05,56.0,0.07,117.0,972.0,0.5447,-0.0006,0.0,-0.025,0.0069,0.0
2026-09-23T18:19:37Z,2026-09-23 03:56:05,SPXW,2026-09-23,C,7205.0,7764.6401,539.9,25.0,583.6,25.0,0.0,0.0,0.0,0.0,0.9994,0.0,-0.025,0.0069,0.0
2026-09-23T18:19:37Z,2026-09-23 03:56:05,SPXW,2026-09-23,P,7205.0,7764.6401,0.0,0.0,0.05,56.0,0.2,0.0,79.0,0.5401,-0.0006,0.0,-0.025,0.0069,0.0
2026-09-23T18:19:37Z,2026-09-23 03:56:05,SPXW,2026-09-23,C,7210.0,7764.6401,534.9,25.0,578.6,25.0,0.0,0.0,12.0,0.0,0.9994,0.0,-0.025,0.007,0.0
2026-09-23T18:19:37Z,2026-09-23 03:56:05,SPXW,2026-09-23,P,7210.0,7764.6401,0.0,0.0,0.05,56.0,0.07,1.0,48.0,0.5355,-0.0006,0.0,-0.025,0.007,0.0
2026-09-23T18:19:37Z,2026-09-23 03:56:05,SPXW,2026-09-23,C,7215.0,7764.6401,529.9,25.0,573.6,25.0,0.0,0.0,0.0,0.0,0.9994,0.0,-0.025,0.007,0.0
2026-09-23T18:19:37Z,2026-09-23 03:56:05,SPXW,2026-09-23,P,7215.0,7764.6401,0.0,0.0,0.05,55.0,0.15,4.0,32.0,0.5309,-0.0006,0.0,-0.025,0.007,0.0
2026-09-23T18:19:37Z,2026-09-23 03:56:05,SPXW,2026-09-23,C,7220.0,7764.6401,524.9,25.0,568.6,25.0,0.0,0.0,0.0,0.0,0.9994,0.0,-0.025,0.0071,0.0
2026-09-23T18:19:37Z,2026-09-23 03:56:05,SPXW,2026-09-23,P,7220.0,7764.6401,0.0,0.0,0.05,55.0,0.07,48.0,74.0,0.5263,-0.0006,0.0,-0.025,0.0071,0.0
2026-09-23T18:19:37Z,2026-09-23 03:56:05,SPXW,2026-09-23,C,7225.0,7764.6401,520.1,1.0,563.6,25.0,527.84,0.0,6.0,0.0,0.9994,0.0,-0.025,0.0072,0.0
2026-09-23T18:19:37Z,2026-09-23 03:56:05,SPXW,2026-09-23,P,7225.0,7764.6401,0.0,0.0,0.05,55.0,0.07,76.0,419.0,0.5217,-0.0006,0.0,-0.025,0.0072,0.0
2026-09-23T18:19:37Z,2026-09-23 03:56:05,SPXW,2026-09-23,C,7230.0,7764.6401,514.9,25.0,558.6,25.0,0.0,0.0,0.0,0.0,0.9994,0.0,-0.025,0.0072,0.0
2026-09-23T18:19:37Z,2026-09-23 03:56:05,SPXW,2026-09-23,P,7230.0,7764.6401,0.0,0.0,0.05,55.0,0.08,8.0,2180.0,0.5171,-0.0006,0.0,-0.025,0.0072,0.0
2026-09-23T18:19:37Z,2026-09-23 03:56:05,SPXW,2026-09-23,C,7235.0,7764.6401,509.9,25.0,553.6,25.0,0.0,0.0,0.0,0.0,0.9994,0.0,-0.025,0.0073,0.0
2026-09-23T18:19:37Z,2026-09-23 03:56:05,SPXW,2026-09-23,P,7235.0,7764.6401,0.0,0.0,0.05,55.0,0.1,100.0,17.0,0.5125,-0.0006,0.0,-0.025,0.0073,0.0
2026-09-23T18:19:37Z,2026-09-23 03:56:05,SPXW,2026-09-23,C,7240.0,7764.6401,504.9,25.0,548.6,25.0,0.0,0.0,0.0,0.0,0.9994,0.0,-0.025,0.0073,0.0
2026-09-23T18:19:37Z,2026-09-23 03:56:05,SPXW,2026-09-23,P,7240.0,7764.6401,0.0,0.0,0.05,54.0,0.07,3.0,250.0,0.5079,-0.0006,0.0,-0.025,0.0073,0.0
2026-09-23T18:19:37Z,2026-09-23 03:56:05,SPXW,2026-09-23,C,7245.0,7764.6401,499.9,25.0,543.6,25.0,0.0,0.0,0.0,0.0,0.9994,0.0,-0.025,0.0074,0.0
2026-09-23T18:19:37Z,2026-09-23 03:56:05,SPXW,2026-09-23,P,7245.0,7764.6401,0.0,0.0,0.05,54.0,0.25,0.0,66.0,0.5033,-0.0006,0.0,-0.025,0.0074,0.0
2026-09-23T18:19:37Z,2026-09-23 03:56:05,SPXW,2026-09-23,C,7250.0,7764.6401,494.9,25.0,538.6,25.0,314.04,0.0,2.0,0.0,0.9994,0.0,-0.025,0.0075,0.0
2026-09-23T18:19:37Z,2026-09-23 03:56:05,SPXW,2026-09-23,P,7250.0,7764.6401,0.0,0.0,0.05,54.0,0.1,141.0,343.0,0.4987,-0.0006,0.0,-0.025,0.0075,0.0
2026-09-23T18:19:37Z,2026-09-23 03:56:05,SPXW,2026-09-23,C,7255.0,7764.6401,489.9,25.0,533.6,25.0,0.0,0.0,0.0,0.0,0.9994,0.0,-0.025,0.0075,0.0
2026-09-23T18:19:37Z,2026-09-23 03:56:05,SPXW,2026-09-23,P,7255.0,7764.6401,0.0,0.0,0.05,53.0,0.1,6.0,207.0,0.4941,-0.0006,0.0,-0.025,0.0075,0.0
2026-09-23T18:19:37Z,2026-09-23 03:56:05,SPXW,2026-09-23,C,7260.0,7764.6401,484.9,25.0,528.6,25.0,0.0,0.0,0.0,0.0,0.9994,0.0,-0.025,0.0076,0.0
2026-09-23T18:19:37Z,2026-09-23 03:56:05,SPXW,2026-09-23,P,7260.0,7764.6401,0.0,0.0,0.05,53.0,0.1,23.0,187.0,0.4895,-0.0006,0.0,-0.025,0.0076,0.0
2026-09-23T18:19:37Z,2026-09-23 03:56:05,SPXW,2026-09-23,C,7265.0,7764.6401,479.9,25.0,523.6,25.0,0.0,0.0,0.0,0.0,0.9994,0.0,-0.025,0.0077,0.0
2026-09-23T18:19:37Z,2026-09-23 03:56:05,SPXW,2026-09-23,P,7265.0,7764.6401,0.0,0.0,0.05,25.0,0.1,2.0,552.0,0.4849,-0.0006,0.0,-0.025,0.0077,0.0
2026-09-23T18:19:37Z,2026-09-23 03:56:05,SPXW,2026-09-23,C,7270.0,7764.6401,474.9,25.0,518.6,25.0,0.0,0.0,0.0,0.0,0.9994,0.0,-0.025,0.0077,0.0
2026-09-23T18:19:37Z,2026-09-23 03:56:05,SPXW,2026-09-23,P,7270.0,7764.6401,0.0,0.0,0.05,25.0,0.1,5.0,510.0,0.4803,-0.0006,0.0,-0.025,0.0077,0.0
2026-09-23T18:19:37Z,2026-09-23 03:56:05,SPXW,2026-09-23,C,7275.0,7764.6401,469.9,25.0,513.6,25.0,454.12,0.0,4.0,0.0,0.9994,0.0,-0.025,0.0078,0.0
2026-09-23T18:19:37Z,2026-09-23 03:56:05,SPXW,2026-09-23,P,7275.0,7764.6401,0.0,0.0,0.05,25.0,0.1,399.0,636.0,0.4757,-0.0006,0.0,-0.025,0.0078,0.0
2026-09-23T18:19:37Z,2026-09-23 03:56:05,SPXW,2026-09-23,C,7280.0,7764.6401,464.9,25.0,508.6,25.0,0.0,0.0,0.0,0.0,0.9994,0.0,-0.025,0.0079,0.0
2026-09-23T18:19:37Z,2026-09-23 03:56:05,SPXW,2026-09-23,P,7280.0,7764.6401,0.0,0.0,0.05,25.0,0.15,40.0,116.0,0.4711,-0.0006,0.0,-0.025,0.0079,0.0
2026-09-23T18:19:37Z,2026-09-23 03:56:05,SPXW,2026-09-23,C,7285.0,7764.6401,459.9,25.0,503.6,25.0,0.0,0.0,0.0,0.0,0.9994,0.0,-0.025,0.008,0.0
2026-09-23T18:19:37Z,2026-09-23 03:56:05,SPXW,2026-09-23,P,7285.0,7764.6401,0.0,0.0,0.05,25.0,0.25,0.0,189.0,0.4665,-0.0006,0.0,-0.025,0.008,0.0
2026-09-23T18:19:37Z,2026-09-23 03:56:05,SPXW,2026-09-23,C,7290.0,7764.6401,454.9,25.0,498.6,25.0,325.88,0.0,30.0,0.0,0.9994,0.0,-0.025,0.008,0.0
2026-09-23T18:19:37Z,2026-09-23 03:56:05,SPXW,2026-09-23,P,7290.0,7764.6401,0.0,0.0,0.05,25.0,0.1,101.0,254.0,0.4619,-0.0006,0.0,-0.025,0.008,0.0
2026-09-23T18:19:37Z,2026-09-23 03:56:05,SPXW,2026-09-23,C,7295.0,7764.6401,449.9,25.0,493.6,25.0,0.0,0.0,0.0,0.0,0.9993,0.0,-0.025,0.0081,0.0
2026-09-23T18:19:37Z,2026-09-23 03:56:05,SPXW,2026-09-23,P,7295.0,7764.6401,0.0,0.0,0.05,25.0,0.1,252.0,58.0,0.4573,-0.0007,0.0,-0.025,0.0081,0.0
2026-09-23T18:19:37Z,2026-09-23 03:56:05,SPXW,2026-09-23,C,7300.0,7764.6401,444.9,25.0,488.6,25.0,0.0,0.0,0.0,0.0,0.9993,0.0,-0.025,0.0082,0.0
2026-09-23T18:19:37Z,2026-09-23 03:56:05,SPXW,2026-09-23,P,7300.0,7764.6401,0.0,0.0,0.05,25.0,0.1,531.0,1246.0,0.4527,-0.0007,0.0,-0.025,0.0082,0.0
2026-09-23T18:19:37Z,2026-09-23 03:56:05,SPXW,2026-09-23,C,7305.0,7764.6401,440.1,1.0,483.6,25.0,0.0,0.0,0.0,0.0,0.9993,0.0,-0.025,0.0083,0.0
2026-09-23T18:19:37Z,2026-09-23 03:56:05,SPXW,2026-09-23,P,7305.0,7764.6401,0.0,0.0,0.05,25.0,0.1,23.0,606.0,0.4481,-0.0007,0.0,-0.025,0.0083,0.0
2026-09-23T18:19:37Z,2026-09-23 03:56:05,SPXW,2026-09-23,C,7310.0,7764.6401,434.9,25.0,478.6,25.0,0.0,0.0,0.0,0.0,0.9993,0.0,-0.025,0.0083,0.0
2026-09-23T18:19:37Z,2026-09-23 03:56:05,SPXW,2026-09-23,P,7310.0,7764.6401,0.0,0.0,0.05,25.0,0.1,365.0,125.0,0.4435,-0.0007,0.0,-0.025,0.0083,0.0
2026-09-23T18:19:37Z,2026-09-23 03:56:05,SPXW,2026-09-23,C,7315.0,7764.6401,429.9,25.0,473.6,25.0,0.0,0.0,0.0,0.0,0.9993,0.0,-0.025,0.0084,0.0
2026-09-23T18:19:37Z,2026-09-23 03:56:05,SPXW,2026-09-23,P,7315.0,7764.6401,0.0,0.0,0.05,25.0,0.1,130.0,160.0,0.4389,-0.0007,0.0,-0.025,0.0084,0.0
2026-09-23T18:19:37Z,2026-09-23 03:56:05,SPXW,2026-09-23,C,7320.0,7764.6401,424.9,25.0,468.6,25.0,0.0,0.0,0.0,0.0,0.9993,0.0,-0.025,0.0085,0.0
2026-09-23T18:19:37Z,2026-09-23 03:56:05,SPXW,2026-09-23,P,7320.0,7764.6401,0.0,0.0,0.05,25.0,0.1,65.0,113.0,0.4343,-0.0007,0.0,-0.025,0.0085,0.0
2026-09-23T18:19:37Z,2026-09-23 03:56:05,SPXW,2026-09-23,C,7325.0,7764.6401,420.2,1.0,463.6,25.0,0.0,0.0,0.0,0.0,0.9993,0.0,-0.025,0.0086,0.0
2026-09-23T18:19:37Z,2026-09-23 03:56:05,SPXW,2026-09-23,P,7325.0,7764.6401,0.0,0.0,0.05,25.0,0.1,318.0,314.0,0.4297,-0.0007,0.0,-0.025,0.0086,0.0
2026-09-23T18:19:37Z,2026-09-23 03:56:05,SPXW,2026-09-23,C,7330.0,7764.6401,414.9,25.0,458.6,25.0,0.0,0.0,0.0,0.0,0.9993,0.0,-0.025,0.0087,0.0
2026-09-23T18:19:37Z,2026-09-23 03:56:05,SPXW,2026-09-23,P,7330.0,7764.6401,0.0,0.0,0.05,25.0,0.07,29.0,378.0,0.4251,-0.0007,0.0,-0.025,0.0087,0.0
2026-09-23T18:19:37Z,2026-09-23 03:56:05,SPXW,2026-09-23,C,7335.0,7764.6401,409.9,25.0,453.6,25.0,0.0,0.0,0.0,0.0,0.9993,0.0,-0.025,0.0088,0.0
2026-09-23T18:19:37Z,2026-09-23 03:56:05,SPXW,2026-09-23,P,7335.0,7764.6401,0.0,0.0,0.05,25.0,0.1,1464.0,209.0,0.4206,-0.0007,0.0,-0.025,0.0088,0.0
2026-09-23T18:19:37Z,2026-09-23 03:56:05,SPXW,2026-09-23,C,7340.0,7764.6401,404.9,25.0,448.6,25.0,355.09,0.0,1.0,0.0,0.9993,0.0,-0.025,0.0089,0.0
2026-09-23T18:19:37Z,2026-09-23 03:56:05,SPXW,2026-09-23,P,7340.0,7764.6401,0.0,0.0,0.05,25.0,0.1,19.0,177.0,0.416,-0.0007,0.0,-0.025,0.0089,0.0
2026-09-23T18:19:37Z,2026-09-23 03:56:05,SPXW,2026-09-23,C,7345.0,7764.6401,399.9,25.0,443.6,25.0,0.0,0.0,0.0,0.0,0.9993,0.0,-0.025,0.009,0.0
2026-09-23T18:19:37Z,2026-09-23 03:56:05,SPXW,2026-09-23,P,7345.0,7764.6401,0.0,0.0,0.05,25.0,0.1,21.0,443.0,0.4114,-0.0007,0.0,-0.025,0.009,0.0
2026-09-23T18:19:37Z,2026-09-23 03:56:05,SPXW,2026-09-23,C,7350.0,7764.6401,394.9,26.0,438.6,25.0,0.0,0.0,0.0,0.0,0.9987,0.0,-0.05,0.0153,0.0
2026-09-23T18:19:37Z,2026-09-23 03:56:05,SPXW,2026-09-23,P,7350.0,7764.6401,0.0,0.0,0.1,158.0,0.1,181.0,257.0,0.4301,-0.0013,0.0,-0.05,0.0153,0.0
2026-09-23T18:19:37Z,2026-09-23 03:56:05,SPXW,2026-09-23,C,7355.0,7764.6401,389.9,25.0,433.6,25.0,0.0,0.0,0.0,0.0,0.9987,0.0,-0.05,0.0155,0.0
2026-09-23T18:19:37Z,2026-09-23 03:56:05,SPXW,2026-09-23,P,7355.0,7764.6401,0.0,0.0,0.1,157.0,0.3,0.0,291.0,0.4253,-0.0013,0.0,-0.05,0.0155,0.0
2026-09-23T18:19:37Z,2026-09-23 03:56:05,SPXW,2026-09-23,C,7360.0,7764.6401,384.9,25.0,428.6,25.0,410.54,10.0,1.0,0.0,0.9987,0.0,-0.05,0.0156,0.0
2026-09-23T18:19:37Z,2026-09-23 03:56:05,SPXW,2026-09-23,P,7360.0,7764.6401,0.0,0.0,0.1,155.0,0.1,127.0,187.0,0.4205,-0.0013,0.0,-0.05,0.0156,0.0
2026-09-23T18:19:37Z,2026-09-23 03:56:05,SPXW,2026-09-23,C,7365.0,7764.6401,379.9,25.0,423.6,25.0,405.56,10.0,0.0,0.0,0.9987,0.0,-0.05,0.0158,0.0
2026-09-23T18:19:37Z,2026-09-23 03:56:05,SPXW,2026-09-23,P,7365.0,7764.6401,0.0,0.0,0.1,153.0,0.1,6.0,211.0,0.4156,-0.0013,0.0,-0.05,0.0158,0.0
2026-09-23T18:19:37Z,2026-09-23 03:56:05,SPXW,2026-09-23,C,7370.0,7764.6401,374.9,25.0,418.6,25.0,0.0,0.0,0.0,0.0,0.9986,0.0,-0.05,0.016,0.0
2026-09-23T18:19:37Z,2026-09-23 03:56:05,SPXW,2026-09-23,P,7370.0,7764.6401,0.0,0.0,0.1,153.0,0.1,986.0,227.0,0.4108,-0.0014,0.0,-0.05,0.016,0.0
2026-09-23T18:19:37Z,2026-09-23 03:56:05,SPXW,2026-09-23,C,7375.0,7764.6401,370.0,25.0,413.6,25.0,0.0,0.0,0.0,0.0,0.9986,0.0,-0.05,0.0162,0.0
2026-09-23T18:19:37Z,2026-09-23 03:56:05,SPXW,2026-09-23,P,7375.0,7764.6401,0.0,0.0,0.1,149.0,0.1,132.0,575.0,0.406,-0.0014,0.0,-0.05,0.0162,0.0
2026-09-23T18:19:37Z,2026-09-23 03:56:05,SPXW,2026-09-23,C,7380.0,7764.6401,365.0,25.0,408.6,25.0,382.6,0.0,4.0,0.0,0.9986,0.0,-0.05,0.0164,0.0
2026-09-23T18:19:37Z,2026-09-23 03:56:05,SPXW,2026-09-23,P,7380.0,7764.6401,0.0,0.0,0.1,151.0,0.1,155.0,337.0,0.4012,-0.0014,0.0,-0.05,0.0164,0.0
2026-09-23T18:19:37Z,2026-09-23 03:56:05,SPXW,2026-09-23,C,7385.0,7764.6401,360.0,25.0,403.6,25.0,190.28,0.0,1.0,0.0,0.9986,0.0,-0.05,0.0165,0.0
2026-09-23T18:19:37Z,2026-09-23 03:56:05,SPXW,2026-09-23,P,7385.0,7764.6401,0.0,0.0,0.1,135.0,0.15,41.0,215.0,0.3963,-0.0014,0.0,-0.05,0.0165,0.0
2026-09-23T18:19:37Z,2026-09-23 03:56:05,SPXW,2026-09-23,C,7390.0,7764.6401,355.0,25.0,398.6,25.0,237.43,0.0,30.0,0.0,0.9986,0.0,-0.05,0.0167,0.0
2026-09-23T18:19:37Z,2026-09-23 03:56:05,SPXW,2026-09-23,P,7390.0,7764.6401,0.0,0.0,0.1,141.0,0.15,67.0,538.0,0.3915,-0.0014,0.0,-0.05,0.0167,0.0
2026-09-23T18:19:37Z,2026-09-23 03:56:05,SPXW,2026-09-23,C,7395.0,7764.6401,350.0,25.0,393.6,25.0,0.0,0.0,0.0,0.0,0.9986,0.0,-0.05,0.0169,0.0
2026-09-23T18:19:37Z,2026-09-23 03:56:05,SPXW,2026-09-23,P,7395.0,7764.6401,0.0,0.0,0.1,145.0,0.09,235.0,105.0,0.3867,-0.0014,0.0,-0.05,0.0169,0.0
2026-09-23T18:19:37Z,2026-09-23 03:56:05,SPXW,2026-09-23,C,7400.0,7764.6401,345.0,25.0,388.7,25.0,365.31,2.0,16.0,0.0,0.9986,0.0,-0.05,0.0171,0.0
2026-09-23T18:19:37Z,2026-09-23 03:56:05,SPXW,2026-09-23,P,7400.0,7764.6401,0.0,0.0,0.1,143.0,0.05,1047.0,818.0,0.3818,-0.0014,0.0,-0.05,0.0171,0.0
2026-09-23T18:19:37Z,2026-09-23 03:56:05,SPXW,2026-09-23,C,7405.0,7764.6401,340.0,25.0,383.7,25.0,0.0,0.0,0.0,0.0,0.9985,0.0,-0.05,0.0173,0.0
2026-09-23T18:19:37Z,2026-09-23 03:56:05,SPXW,2026-09-23,P,7405.0,7764.6401,0.0,0.0,0.1,142.0,0.1,9.0,235.0,0.377,-0.0015,0.0,-0.05,0.0173,0.0
2026-09-23T18:19:37Z,2026-09-23 03:56:05,SPXW,2026-09-23,C,7410.0,7764.6401,335.0,25.0,378.7,25.0,356.14,2.0,0.0,0.0,0.9985,0.0,-0.05,0.0176,0.0
2026-09-23T18:19:37Z,2026-09-23 03:56:05,SPXW,2026-09-23,P,7410.0,7764.6401,0.0,0.0,0.1,140.0,0.27,75.0,162.0,0.3722,-0.0015,0.0,-0.05,0.0176,0.0
2026-09-23T18:19:37Z,2026-09-23 03:56:05,SPXW,2026-09-23,C,7415.0,7764.6401,330.0,25.0,373.7,25.0,0.0,0.0,0.0,0.0,0.9985,0.0,-0.05,0.0178,0.0
2026-09-23T18:19:37Z,2026-09-23 03:56:05,SPXW,2026-09-23,P,7415.0,7764.6401,0.0,0.0,0.1,137.0,0.05,182.0,606.0,0.3673,-0.0015,0.0,-0.05,0.0178,0.0
2026-09-23T18:19:37Z,2026-09-23 03:56:05,SPXW,2026-09-23,C,7420.0,7764.6401,325.0,25.0,368.7,25.0,346.57,1.0,2.0,0.0,0.9985,0.0,-0.05,0.018,0.0
2026-09-23T18:19:37Z,2026-09-23 03:56:05,SPXW,2026-09-23,P,7420.0,7764.6401,0.0,0.0,0.1,135.0,0.05,122.0,193.0,0.3625,-0.0015,0.0,-0.05,0.018,0.0
2026-09-23T18:19:37Z,2026-09-23 03:56:05,SPXW,2026-09-23,C,7425.0,7764.6401,320.0,25.0,363.7,25.0,198.5,0.0,1.0,0.0,0.9985,0.0,-0.05,0.0182,0.0
2026-09-23T18:19:37Z,2026-09-23 03:56:05,SPXW,2026-09-23,P,7425.0,7764.6401,0.0,0.0,0.1,134.0,0.05,126.0,520.0,0.3577,-0.0015,0.0,-0.05,0.0182,0.0
2026-09-23T18:19:37Z,2026-09-23 03:56:05,SPXW,2026-09-23,C,7430.0,7764.6401,315.0,25.0,358.7,25.0,205.37,0.0,1.0,0.0,0.9984,0.0,-0.05,0.0185,0.0
2026-09-23T18:19:37Z,2026-09-23 03:56:05,SPXW,2026-09-23,P,7430.0,7764.6401,0.0,0.0,0.1,132.0,0.1,81.0,402.0,0.3528,-0.0016,0.0,-0.05,0.0185,0.0
2026-09-23T18:19:37Z,2026-09-23 03:56:05,SPXW,2026-09-23,C,7435.0,7764.6401,310.0,25.0,353.7,25.0,325.01,1.0,0.0,0.0,0.9984,0.0,-0.05,0.0187,0.0
2026-09-23T18:19:37Z,2026-09-23 03:56:05,SPXW,2026-09-23,P,7435.0,7764.6401,0.0,0.0,0.1,129.0,0.1,87.0,592.0,0.348,-0.0016,0.0,-0.05,0.0187,0.0
2026-09-23T18:19:37Z,2026-09-23 03:56:05,SPXW,2026-09-23,C,7440.0,7764.6401,305.0,25.0,348.7,25.0,194.4,0.0,0.0,0.0,0.9984,0.0,-0.05,0.019,0.0
2026-09-23T18:19:37Z,2026-09-23 03:56:05,SPXW,2026-09-23,P,7440.0,7764.6401,0.0,0.0,0.1,116.0,0.1,165.0,297.0,0.3431,-0.0016,0.0,-0.05,0.019,0.0
2026-09-23T18:19:37Z,2026-09-23 03:56:05,SPXW,2026-09-23,C,7445.0,7764.6401,300.0,25.0,343.7,25.0,315.79,3.0,1.0,0.0,0.9984,0.0,-0.05,0.0192,0.0
2026-09-23T18:19:37Z,2026-09-23 03:56:05,SPXW,2026-09-23,P,7445.0,7764.6401,0.0,0.0,0.1,114.0,0.1,141.0,1660.0,0.3383,-0.0016,0.0,-0.05,0.0192,0.0
2026-09-23T18:19:37Z,2026-09-23 03:56:05,SPXW,2026-09-23,C,7450.0,7764.6401,295.0,26.0,338.7,25.0,324.81,11.0,15.0,0.0,0.9984,0.0,-0.05,0.0195,0.0
2026-09-23T18:19:37Z,2026-09-23 03:56:05,SPXW,2026-09-23,P,7450.0,7764.6401,0.0,0.0,0.1,130.0,0.1,220.0,1790.0,0.3334,-0.0016,0.0,-0.05,0.0195,0.0
2026-09-23T18:19:37Z,2026-09-23 03:56:05,SPXW,2026-09-23,C,7455.0,7764.6401,290.0,25.0,333.7,25.0,0.0,0.0,0.0,0.0,0.9983,0.0,-0.05,0.0198,0.0
2026-09-23T18:19:37Z,2026-09-23 03:56:05,SPXW,2026-09-23,P,7455.0,7764.6401,0.0,0.0,0.1,117.0,0.1,169.0,328.0,0.3286,-0.0017,0.0,-0.05,0.0198,0.0
2026-09-23T18:19:37Z,2026-09-23 03:56:05,SPXW,2026-09-23,C,7460.0,7764.6401,285.0,25.0,328.7,25.0,300.5,0.0,3.0,0.0,0.9983,0.0,-0.05,0.02,0.0
2026-09-23T18:19:37Z,2026-09-23 03:56:05,SPXW,2026-09-23,P,7460.0,7764.6401,0.0,0.0,0.1,116.0,0.1,123.0,846.0,0.3237,-0.0017,0.0,-0.05,0.02,0.0
2026-09-23T18:19:37Z,2026-09-23 03:56:05,SPXW,2026-09-23,C,7465.0,7764.6401,280.0,25.0,323.7,25.0,296.99,6.0,1.0,0.0,0.9983,0.0,-0.05,0.0204,0.0
2026-09-23T18:19:37Z,2026-09-23 03:56:05,SPXW,2026-09-23,P,7465.0,7764.6401,0.0,0.0,0.1,114.0,0.1,59.0,160.0,0.3189,-0.0017,0.0,-0.05,0.0204,0.0
2026-09-23T18:19:37Z,2026-09-23 03:56:05,SPXW,2026-09-23,C,7470.0,7764.6401,275.0,25.0,318.7,25.0,303.75,5.0,3.0,0.0,0.9983,0.0,-0.05,0.0207,0.0
2026-09-23T18:19:37Z,2026-09-23 03:56:05,SPXW,2026-09-23,P,7470.0,7764.6401,0.0,0.0,0.1,55.0,0.1,66.0,256.0,0.314,-0.0017,0.0,-0.05,0.0207,0.0
2026-09-23T18:19:37Z,2026-09-23 03:56:05,SPXW,2026-09-23,C,7475.0,7764.6401,270.0,25.0,313.7,25.0,293.9,1.0,5.0,0.0,0.9982,0.0,-0.05,0.021,0.0
2026-09-23T18:19:37Z,2026-09-23 03:56:05,SPXW,2026-09-23,P,7475.0,7764.6401,0.0,0.0,0.1,53.0,0.1,2673.0,508.0,0.309,-0.0018,0.0,-0.05,0.021,0.0
2026-09-23T18:19:37Z,2026-09-23 03:56:05,SPXW,2026-09-23,C,7480.0,7764.6401,265.0,25.0,308.7,25.0,286.06,3.0,0.0,0.0,0.9975,0.0001,-0.075,0.0285,0.0
2026-09-23T18:19:37Z,2026-09-23 03:56:05,SPXW,2026-09-23,P,7480.0,7764.6401,0.05,24.0,0.1,53.0,0.1,97.0,315.0,0.3158,-0.0025,0.0001,-0.075,0.0285,0.0
2026-09-23T18:19:37Z,2026-09-23 03:56:05,SPXW,2026-09-23,C,7485.0,7764.6401,260.0,25.0,303.7,25.0,0.0,0.0,0.0,0.0,0.9975,0.0001,-0.075,0.0289,0.0
2026-09-23T18:19:37Z,2026-09-23 03:56:05,SPXW,2026-09-23,P,7485.0,7764.6401,0.05,23.0,0.1,52.0,0.1,1733.0,143.0,0.3108,-0.0025,0.0001,-0.075,0.0289,0.0
2026-09-23T18:19:37Z,2026-09-23 03:56:05,SPXW,2026-09-23,C,7490.0,7764.6401,255.0,25.0,298.7,25.0,280.83,1.0,1.0,0.0,0.9974,0.0001,-0.075,0.0294,0.0
2026-09-23T18:19:37Z,2026-09-23 03:56:05,SPXW,2026-09-23,P,7490.0,7764.6401,0.05,22.0,0.1,51.0,0.1,137.0,152.0,0.3058,-0.0026,0.0001,-0.075,0.0294,0.0
2026-09-23T18:19:37Z,2026-09-23 03:56:05,SPXW,2026-09-23,C,7495.0,7764.6401,250.0,25.0,293.7,25.0,154.54,0.0,5.0,0.0,0.9974,0.0001,-0.075,0.0298,0.0
2026-09-23T18:19:37Z,2026-09-23 03:56:05,SPXW,2026-09-23,P,7495.0,7764.6401,0.05,22.0,0.1,50.0,0.12,129.0,188.0,0.3007,-0.0026,0.0001,-0.075,0.0298,0.0
2026-09-23T18:19:37Z,2026-09-23 03:56:05,SPXW,2026-09-23,C,7500.0,7764.6401,270.6,3.0,271.5,3.0,267.8,15.0,98.0,0.265,0.9974,0.0001,-0.075,0.0303,0.0
2026-09-23T18:19:37Z,2026-09-23 03:56:05,SPXW,2026-09-23,P,7500.0,7764.6401,0.05,123.0,0.1,50.0,0.1,4196.0,1307.0,0.2957,-0.0026,0.0001,-0.075,0.0303,0.0
2026-09-23T18:19:37Z,2026-09-23 03:56:05,SPXW,2026-09-23,C,7505.0,7764.6401,240.0,25.0,283.7,25.0,276.01,1.0,29.0,0.0,0.9973,0.0001,-0.075,0.0308,0.0
2026-09-23T18:19:37Z,2026-09-23 03:56:05,SPXW,2026-09-23,P,7505.0,7764.6401,0.05,239.0,0.1,48.0,0.1,107.0,175.0,0.2907,-0.0027,0.0001,-0.075,0.0308,0.0
2026-09-23T18:19:37Z,2026-09-23 03:56:05,SPXW,2026-09-23,C,7510.0,7764.6401,235.0,25.0,278.7,25.0,262.75,2.0,2.0,0.0,0.9973,0.0001,-0.075,0.0313,0.0
2026-09-23T18:19:37Z,2026-09-23 03:56:05,SPXW,2026-09-23,P,7510.0,7764.6401,0.05,238.0,0.1,48.0,0.15,208.0,495.0,0.2856,-0.0027,0.0001,-0.075,0.0313,0.0
2026-09-23T18:19:37Z,2026-09-23 03:56:05,SPXW,2026-09-23,C,7515.0,7764.6401,230.0,25.0,273.7,25.0,256.01,10.0,2.0,0.0,0.9972,0.0001,-0.075,0.0318,0.0
2026-09-23T18:19:37Z,2026-09-23 03:56:05,SPXW,2026-09-23,P,7515.0,7764.6401,0.05,241.0,0.1,47.0,0.1,3037.0,118.0,0.2806,-0.0028,0.0001,-0.075,0.0318,0.0
2026-09-23T18:19:37Z,2026-09-23 03:56:05,SPXW,2026-09-23,C,7520.0,7764.6401,225.0,25.0,268.7,25.0,251.01,10.0,9.0,0.0,0.9972,0.0001,-0.075,0.0324,0.0
2026-09-23T18:19:37Z,2026-09-23 03:56:05,SPXW,2026-09-23,P,7520.0,7764.6401,0.05,231.0,0.1,24.0,0.15,149.0,207.0,0.2756,-0.0028,0.0001,-0.075,0.0324,0.0
2026-09-23T18:19:37Z,2026-09-23 03:56:05,SPXW,2026-09-23,C,7525.0,7764.6401,220.0,25.0,263.7,25.0,246.29,10.0,20.0,0.0,0.9964,0.0001,-0.1,0.0404,0.0
2026-09-23T18:19:37Z,2026-09-23 03:56:05,SPXW,2026-09-23,P,7525.0,7764.6401,0.05,244.0,0.15,117.0,0.15,154.0,208.0,0.2783,-0.0036,0.0001,-0.1,0.0404,0.0
2026-09-23T18:19:37Z,2026-09-23 03:56:05,SPXW,2026-09-23,C,7530.0,7764.6401,228.9,2.0,253.0,1.0,241.05,4.0,50.0,0.0,0.9963,0.0001,-0.1,0.0411,0.0
2026-09-23T18:19:37Z,2026-09-23 03:56:05,SPXW,2026-09-23,P,7530.0,7764.6401,0.05,312.0,0.15,115.0,0.12,327.0,220.0,0.2731,-0.0037,0.0001,-0.1,0.0411,0.0
2026-09-23T18:19:37Z,2026-09-23 03:56:05,SPXW,2026-09-23,C,7535.0,7764.6401,223.9,2.0,248.0,1.0,124.7,0.0,37.0,0.0,0.9962,0.0001,-0.1,0.0418,0.0
2026-09-23T18:19:37Z,2026-09-23 03:56:05,SPXW,2026-09-23,P,7535.0,7764.6401,0.05,343.0,0.15,105.0,0.15,174.0,410.0,0.268,-0.0038,0.0001,-0.1,0.0418,0.0
2026-09-23T18:19:37Z,2026-09-23 03:56:05,SPXW,2026-09-23,C,7540.0,7764.6401,218.9,2.0,242.9,1.0,221.73,41.0,53.0,0.0,0.9962,0.0001,-0.1,0.0426,0.0
2026-09-23T18:19:37Z,2026-09-23 03:56:05,SPXW,2026-09-23,P,7540.0,7764.6401,0.05,360.0,0.15,107.0,0.1,714.0,534.0,0.2628,-0.0038,0.0001,-0.1,0.0426,0.0
2026-09-23T18:19:37Z,2026-09-23 03:56:05,SPXW,2026-09-23,C,7545.0,7764.6401,213.9,2.0,238.0,2.0,224.52,1.0,21.0,0.0,0.9961,0.0001,-0.1,0.0434,0.0
2026-09-23T18:19:37Z,2026-09-23 03:56:05,SPXW,2026-09-23,P,7545.0,7764.6401,0.05,362.0,0.15,97.0,0.15,300.0,720.0,0.2576,-0.0039,0.0001,-0.1,0.0434,0.0
2026-09-23T18:19:37Z,2026-09-23 03:56:05,SPXW,2026-09-23,C,7550.0,7764.6401,208.9,2.0,233.0,1.0,219.87,17.0,52.0,0.0,0.996,0.0001,-0.1,0.0442,0.0
2026-09-23T18:19:37Z,2026-09-23 03:56:05,SPXW,2026-09-23,P,7550.0,7764.6401,0.05,394.0,0.15,103.0,0.15,421.0,1978.0,0.2524,-0.004,0.0001,-0.1,0.0442,0.0
2026-09-23T18:19:37Z,2026-09-23 03:56:05,SPXW,2026-09-23,C,7555.0,7764.6401,203.9,2.0,228.0,1.0,214.12,4.0,31.0,0.0,0.996,0.0001,-0.1,0.045,0.0
2026-09-23T18:19:37Z,2026-09-23 03:56:05,SPXW,2026-09-23,P,7555.0,7764.6401,0.05,392.0,0.15,51.0,0.15,492.0,621.0,0.2472,-0.004,0.0001,-0.1,0.045,0.0
2026-09-23T18:19:37Z,2026-09-23 03:56:05,SPXW,2026-09-23,C,7560.0,7764.6401,200.9,2.0,223.5,2.0,216.27,16.0,53.0,0.3338,0.9959,0.0001,-0.1,0.0459,0.0
2026-09-23T18:19:37Z,2026-09-23 03:56:05,SPXW,2026-09-23,P,7560.0,7764.6401,0.05,410.0,0.15,47.0,0.15,293.0,477.0,0.2419,-0.0041,0.0001,-0.1,0.0459,0.0
2026-09-23T18:19:37Z,2026-09-23 03:56:05,SPXW,2026-09-23,C,7565.0,7764.6401,195.9,2.0,216.0,1.0,207.15,2.0,39.0,0.0,0.995,0.0002,-0.125,0.0546,0.0
2026-09-23T18:19:37Z,2026-09-23 03:56:05,SPXW,2026-09-23,P,7565.0,7764.6401,0.1,19.0,0.15,46.0,0.15,147.0,198.0,0.2424,-0.005,0.0002,-0.125,0.0546,0.0
2026-09-23T18:19:37Z,2026-09-23 03:56:05,SPXW,2026-09-23,C,7570.0,7764.6401,191.0,1.0,211.0,1.0,195.2,17.0,37.0,0.0,0.9949,0.0002,-0.125,0.0558,0.0
2026-09-23T18:19:37Z,2026-09-23 03:56:05,SPXW,2026-09-23,P,7570.0,7764.6401,0.1,114.0,0.15,44.0,0.15,279.0,298.0,0.2371,-0.0051,0.0002,-0.125,0.0558,0.0
2026-09-23T18:19:37Z,2026-09-23 03:56:05,SPXW,2026-09-23,C,7575.0,7764.6401,186.1,1.0,206.0,1.0,192.74,15.0,83.0,0.0,0.9948,0.0002,-0.125,0.0569,0.0
2026-09-23T18:19:37Z,2026-09-23 03:56:05,SPXW,2026-09-23,P,7575.0,7764.6401,0.1,111.0,0.15,44.0,0.15,2995.0,1444.0,0.2317,-0.0052,0.0002,-0.125,0.0569,0.0
2026-09-23T18:19:37Z,2026-09-23 03:56:05,SPXW,2026-09-23,C,7580.0,7764.6401,181.1,1.0,201.1,4.0,189.7,2.0,58.0,0.0,0.9947,0.0002,-0.125,0.0582,0.0
2026-09-23T18:19:37Z,2026-09-23 03:56:05,SPXW,2026-09-23,P,7580.0,7764.6401,0.1,134.0,0.15,25.0,0.15,660.0,548.0,0.2259,-0.0054,0.0002,-0.125,0.0583,0.0
2026-09-23T18:19:37Z,2026-09-23 03:56:05,SPXW,2026-09-23,C,7585.0,7764.6401,176.1,2.0,196.1,4.0,192.01,3.0,88.0,0.0,0.9937,0.0002,-0.15,0.0671,0.0
2026-09-23T18:19:37Z,2026-09-23 03:56:05,SPXW,2026-09-23,P,7585.0,7764.6401,0.1,196.0,0.2,95.0,0.2,1999.0,1292.0,0.2251,-0.0063,0.0002,-0.15,0.0673,0.0
2026-09-23T18:19:37Z,2026-09-23 03:56:05,SPXW,2026-09-23,C,7590.0,7764.6401,171.2,1.0,190.0,1.0,181.47,2.0,98.0,0.0,0.9936,0.0002,-0.15,0.0686,0.0
2026-09-23T18:19:37Z,2026-09-23 03:56:05,SPXW,2026-09-23,P,7590.0,7764.6401,0.1,244.0,0.2,95.0,0.15,4965.0,205.0,0.2196,-0.0065,0.0002,-0.15,0.0688,0.0
2026-09-23T18:19:37Z,2026-09-23 03:56:05,SPXW,2026-09-23,C,7595.0,7764.6401,175.6,2.0,176.6,4.0,166.51,7.0,85.0,0.2096,0.9934,0.0003,-0.15,0.0702,0.0
2026-09-23T18:19:37Z,2026-09-23 03:56:05,SPXW,2026-09-23,P,7595.0,7764.6401,0.1,278.0,0.2,43.0,0.2,420.0,238.0,0.2142,-0.0066,0.0003,-0.15,0.0703,0.0
2026-09-23T18:19:37Z,2026-09-23 03:56:05,SPXW,2026-09-23,C,7600.0,7764.6401,170.6,2.0,171.6,4.0,168.21,29.0,321.0,0.2042,0.9924,0.0003,-0.175,0.0795,0.0
2026-09-23T18:19:37Z,2026-09-23 03:56:05,SPXW,2026-09-23,P,7600.0,7764.6401,0.15,105.0,0.2,47.0,0.22,1661.0,779.0,0.2125,-0.0076,0.0003,-0.175,0.0797,0.0
2026-09-23T18:19:37Z,2026-09-23 03:56:05,SPXW,2026-09-23,C,7605.0,7764.6401,165.6,2.0,166.6,4.0,171.15,5.0,274.0,0.1988,0.9922,0.0003,-0.175,0.0814,0.0
2026-09-23T18:19:37Z,2026-09-23 03:56:05,SPXW,2026-09-23,P,7605.0,7764.6401,0.15,120.0,0.2,26.0,0.22,3658.0,165.0,0.2069,-0.0078,0.0003,-0.175,0.0816,0.0
2026-09-23T18:19:37Z,2026-09-23 03:56:05,SPXW,2026-09-23,C,7610.0,7764.6401,160.6,4.0,161.6,1.0,166.15,3.0,143.0,0.2013,0.9911,0.0004,-0.2,0.091,0.0
2026-09-23T18:19:37Z,2026-09-23 03:56:05,SPXW,2026-09-23,P,7610.0,7764.6401,0.15,219.0,0.25,86.0,0.25,577.0,1634.0,0.2051,-0.0089,0.0004,-0.2,0.091,0.0
2026-09-23T18:19:37Z,2026-09-23 03:56:05,SPXW,2026-09-23,C,7615.0,7764.6401,155.6,4.0,156.7,2.0,159.87,3.0,113.0,0.1958,0.9909,0.0004,-0.2,0.0933,0.0
2026-09-23T18:19:37Z,2026-09-23 03:56:05,SPXW,2026-09-23,P,7615.0,7764.6401,0.15,262.0,0.25,40.0,0.25,891.0,599.0,0.1995,-0.0091,0.0004,-0.2,0.0933,0.0
2026-09-23T18:19:37Z,2026-09-23 03:56:05,SPXW,2026-09-23,C,7620.0,7764.6401,150.6,1.0,151.7,2.0,146.92,16.0,148.0,0.1902,0.9898,0.0004,-0.225,0.1032,0.0
2026-09-23T18:19:37Z,2026-09-23 03:56:05,SPXW,2026-09-23,P,7620.0,7764.6401,0.2,90.0,0.25,25.0,0.25,782.0,460.0,0.1967,-0.0102,0.0004,-0.225,0.1032,0.0
2026-09-23T18:19:37Z,2026-09-23 03:56:05,SPXW,2026-09-23,C,7625.0,7764.6401,145.7,2.0,146.7,2.0,151.91,9.0,518.0,0.1846,0.9886,0.0005,-0.25,0.1131,0.0
2026-09-23T18:19:37Z,2026-09-23 03:56:05,SPXW,2026-09-23,P,7625.0,7764.6401,0.2,232.0,0.3,47.0,0.27,526.0,954.0,0.1935,-0.0114,0.0005,-0.25,0.1131,0.0
2026-09-23T18:19:37Z,2026-09-23 03:56:05,SPXW,2026-09-23,C,7630.0,7764.6401,140.7,2.0,141.7,4.0,146.25,159.0,505.0,0.1848,0.9883,0.0005,-0.25,0.1161,0.0
2026-09-23T18:19:37Z,2026-09-23 03:56:05,SPXW,2026-09-23,P,7630.0,7764.6401,0.2,294.0,0.3,40.0,0.3,843.0,555.0,0.1875,-0.0117,0.0005,-0.25,0.1162,0.0
2026-09-23T18:19:37Z,2026-09-23 03:56:05,SPXW,2026-09-23,C,7635.0,7764.6401,135.7,4.0,136.7,1.0,140.67,19.0,418.0,0.1838,0.9861,0.0006,-0.3,0.1337,0.0
2026-09-23T18:19:37Z,2026-09-23 03:56:05,SPXW,2026-09-23,P,7635.0,7764.6401,0.25,185.0,0.35,87.0,0.35,1395.0,782.0,0.1863,-0.0139,0.0006,-0.3,0.1337,0.0
2026-09-23T18:19:37Z,2026-09-23 03:56:05,SPXW,2026-09-23,C,7640.0,7764.6401,130.7,1.0,131.8,2.0,137.97,144.0,195.0,0.1779,0.9848,0.0006,-0.325,0.1444,0.0
2026-09-23T18:19:37Z,2026-09-23 03:56:05,SPXW,2026-09-23,P,7640.0,7764.6401,0.3,20.0,0.35,48.0,0.4,1910.0,605.0,0.1824,-0.0152,0.0006,-0.325,0.1444,0.0
2026-09-23T18:19:37Z,2026-09-23 03:56:05,SPXW,2026-09-23,C,7645.0,7764.6401,125.8,2.0,126.8,2.0,121.56,55.0,566.0,0.172,0.9834,0.0007,-0.35,0.1553,0.0
2026-09-23T18:19:37Z,2026-09-23 03:56:05,SPXW,2026-09-23,P,7645.0,7764.6401,0.3,96.0,0.4,46.0,0.4,1525.0,304.0,0.1782,-0.0166,0.0007,-0.35,0.1553,0.0
2026-09-23T18:19:37Z,2026-09-23 03:56:05,SPXW,2026-09-23,C,7650.0,7764.6401,120.8,2.0,121.8,4.0,117.2,120.0,807.0,0.17,0.9811,0.0008,-0.4,0.173,0.0
2026-09-23T18:19:37Z,2026-09-23 03:56:05,SPXW,2026-09-23,P,7650.0,7764.6401,0.35,24.0,0.45,78.0,0.47,2581.0,864.0,0.1754,-0.0189,0.0008,-0.4,0.173,0.0
2026-09-23T18:19:37Z,2026-09-23 03:56:05,SPXW,2026-09-23,C,7655.0,7764.6401,115.9,2.0,116.9,2.0,120.72,21.0,919.0,0.1674,0.9796,0.0009,-0.425,0.1848,0.0
2026-09-23T18:19:37Z,2026-09-23 03:56:05,SPXW,2026-09-23,P,7655.0,7764.6401,0.4,28.0,0.45,22.0,0.5,907.0,230.0,0.1708,-0.0204,0.0009,-0.425,0.1848,0.0
2026-09-23T18:19:37Z,2026-09-23 03:56:05,SPXW,2026-09-23,C,7660.0,7764.6401,110.9,2.0,111.9,4.0,108.55,98.0,237.0,0.1642,0.9771,0.001,-0.475,0.2034,0.0
2026-09-23T18:19:37Z,2026-09-23 03:56:05,SPXW,2026-09-23,P,7660.0,7764.6401,0.45,18.0,0.5,42.0,0.55,1841.0,319.0,0.1673,-0.0229,0.001,-0.475,0.2034,0.0
2026-09-23T18:19:37Z,2026-09-23 03:56:05,SPXW,2026-09-23,C,7665.0,7764.6401,106.0,2.0,107.0,2.0,112.35,18.0,482.0,0.1607,0.9745,0.0011,-0.525,0.222,0.0
2026-09-23T18:19:37Z,2026-09-23 03:56:05,SPXW,2026-09-23,P,7665.0,7764.6401,0.5,22.0,0.55,21.0,0.61,1319.0,267.0,0.1633,-0.0255,0.0011,-0.525,0.2222,0.0
2026-09-23T18:19:37Z,2026-09-23 03:56:05,SPXW,2026-09-23,C,7670.0,7764.6401,101.0,2.0,102.0,4.0,97.57,39.0,979.0,0.1568,0.9718,0.0012,-0.575,0.2413,0.0
2026-09-23T18:19:37Z,2026-09-23 03:56:05,SPXW,2026-09-23,P,7670.0,7764.6401,0.55,28.0,0.6,20.0,0.75,1748.0,549.0,0.1591,-0.0283,0.0012,-0.575,0.2415,0.0
2026-09-23T18:19:37Z,2026-09-23 03:56:05,SPXW,2026-09-23,C,7675.0,7764.6401,96.2,2.0,97.0,3.0,102.26,30.0,293.0,0.1525,0.968,0.0014,-0.6498,0.2669,0.0
2026-09-23T18:19:37Z,2026-09-23 03:56:05,SPXW,2026-09-23,P,7675.0,7764.6401,0.6,47.0,0.7,38.0,0.85,3223.0,990.0,0.1557,-0.0321,0.0014,-0.65,0.2672,0.0
2026-09-23T18:19:37Z,2026-09-23 03:56:05,SPXW,2026-09-23,C,7680.0,7764.6401,91.2,3.0,92.1,3.0,88.81,138.0,396.0,0.15,0.964,0.0016,-0.725,0.2929,0.0
2026-09-23T18:19:37Z,2026-09-23 03:56:05,SPXW,2026-09-23,P,7680.0,7764.6401,0.7,33.0,0.75,18.0,0.95,3009.0,311.0,0.1519,-0.036,0.0016,-0.725,0.2932,0.0
2026-09-23T18:19:37Z,2026-09-23 03:56:05,SPXW,2026-09-23,C,7685.0,7764.6401,86.3,2.0,87.2,2.0,93.4,73.0,646.0,0.1468,0.959,0.0018,-0.825,0.3244,0.0
2026-09-23T18:19:37Z,2026-09-23 03:56:05,SPXW,2026-09-23,P,7685.0,7764.6401,0.8,15.0,0.85,16.0,1.1,5576.0,152.0,0.1487,-0.041,0.0018,-0.825,0.3244,0.0
2026-09-23T18:19:37Z,2026-09-23 03:56:05,SPXW,2026-09-23,C,7690.0,7764.6401,81.4,3.0,82.3,3.0,77.85,208.0,514.0,0.1431,0.9528,0.002,-0.9498,0.3615,0.0
2026-09-23T18:19:37Z,2026-09-23 03:56:05,SPXW,2026-09-23,P,7690.0,7764.6401,0.9,32.0,1.0,42.0,1.25,4881.0,437.0,0.1455,-0.0472,0.002,-0.9498,0.3615,0.0
2026-09-23T18:19:37Z,2026-09-23 03:56:05,SPXW,2026-09-23,C,7695.0,7764.6401,76.6,2.0,77.4,3.0,73.6,113.0,997.0,0.1403,0.9472,0.0023,-1.05,0.3943,0.0
2026-09-23T18:19:37Z,2026-09-23 03:56:05,SPXW,2026-09-23,P,7695.0,7764.6401,1.0,51.0,1.1,36.0,1.45,3768.0,305.0,0.1409,-0.0529,0.0023,-1.0501,0.3947,0.0
2026-09-23T18:19:37Z,2026-09-23 03:56:05,SPXW,2026-09-23,C,7700.0,7764.6401,71.7,2.0,72.6,3.0,68.19,490.0,655.0,0.1368,0.9395,0.0026,-1.1999,0.4363,0.0
2026-09-23T18:19:37Z,2026-09-23 03:56:05,SPXW,2026-09-23,P,7700.0,7764.6401,1.15,49.0,1.25,26.0,1.7,9101.0,1484.0,0.1373,-0.0606,0.0026,-1.2,0.4368,0.0
2026-09-23T18:19:37Z,2026-09-23 03:56:05,SPXW,2026-09-23,C,7705.0,7764.6401,66.9,2.0,67.7,2.0,64.6,659.0,251.0,0.1327,0.9298,0.003,-1.3998,0.4873,0.0
2026-09-23T18:19:37Z,2026-09-23 03:56:05,SPXW,2026-09-23,P,7705.0,7764.6401,1.35,33.0,1.45,33.0,1.93,4493.0,173.0,0.1344,-0.0702,0.003,-1.3998,0.4873,0.0
2026-09-23T18:19:37Z,2026-09-23 03:56:05,SPXW,2026-09-23,C,7710.0,7764.6401,62.1,3.0,62.9,2.0,58.95,447.0,425.0,0.1301,0.9195,0.0034,-1.5999,0.5378,0.0
2026-09-23T18:19:37Z,2026-09-23 03:56:05,SPXW,2026-09-23,P,7710.0,7764.6401,1.55,46.0,1.65,16.0,2.21,3341.0,329.0,0.1306,-0.0805,0.0034,-1.5999,0.5378,0.0
2026-09-23T18:19:37Z,2026-09-23 03:56:05,SPXW,2026-09-23,C,7715.0,7764.6401,57.5,3.0,58.2,3.0,54.83,392.0,452.0,0.1275,0.9062,0.0039,-1.8749,0.5987,0.0
2026-09-23T18:19:37Z,2026-09-23 03:56:05,SPXW,2026-09-23,P,7715.0,7764.6401,1.8,41.0,1.95,30.0,2.35,4466.0,393.0,0.1275,-0.0938,0.0039,-1.8749,0.5987,0.0
2026-09-23T18:19:37Z,2026-09-23 03:56:05,SPXW,2026-09-23,C,7720.0,7764.6401,52.7,5.0,53.5,2.0,50.5,790.0,679.0,0.1239,0.8907,0.0045,-2.2,0.6649,0.0
2026-09-23T18:19:37Z,2026-09-23 03:56:05,SPXW,2026-09-23,P,7720.0,7764.6401,2.15,19.0,2.25,29.0,2.97,4408.0,709.0,0.1244,-0.1093,0.0045,-2.2,0.6649,0.0
2026-09-23T18:19:37Z,2026-09-23 03:56:05,SPXW,2026-09-23,C,7725.0,7764.6401,48.2,3.0,48.9,3.0,46.23,962.0,1367.0,0.121,0.8729,0.0051,-2.5749,0.7348,0.0
2026-09-23T18:19:37Z,2026-09-23 03:56:05,SPXW,2026-09-23,P,7725.0,7764.6401,2.5,34.0,2.65,27.0,3.5,5005.0,564.0,0.121,-0.1271,0.0051,-2.5749,0.7348,0.0
2026-09-23T18:19:37Z,2026-09-23 03:56:05,SPXW,2026-09-23,C,7730.0,7764.6401,43.7,3.0,44.4,3.0,41.19,1381.0,813.0,0.1177,0.8513,0.0059,-3.0498,0.8122,0.0
2026-09-23T18:19:37Z,2026-09-23 03:56:05,SPXW,2026-09-23,P,7730.0,7764.6401,3.0,12.0,3.2,41.0,4.16,4773.0,625.0,0.1181,-0.1487,0.0059,-3.0498,0.8122,0.0
2026-09-23T18:19:37Z,2026-09-23 03:56:05,SPXW,2026-09-23,C,7735.0,7764.6401,39.2,3.0,39.8,3.0,37.16,1057.0,1239.0,0.1145,0.8265,0.0067,-3.5991,0.8918,0.0
2026-09-23T18:19:37Z,2026-09-23 03:56:05,SPXW,2026-09-23,P,7735.0,7764.6401,3.5,28.0,3.7,15.0,4.85,5696.0,228.0,0.1149,-0.1735,0.0067,-3.5991,0.8918,0.0
2026-09-23T18:19:37Z,2026-09-23 03:56:05,SPXW,2026-09-23,C,7740.0,7764.6401,34.9,6.0,35.5,3.0,33.2,545.0,482.0,0.1113,0.7967,0.0075,-4.2962,0.976,0.0
2026-09-23T18:19:37Z,2026-09-23 03:56:05,SPXW,2026-09-23,P,7740.0,7764.6401,4.2,27.0,4.4,9.0,5.85,5705.0,371.0,0.1121,-0.2033,0.0075,-4.2962,0.976,0.0
2026-09-23T18:19:37Z,2026-09-23 03:56:05,SPXW,2026-09-23,C,7745.0,7764.6401,30.9,3.0,31.4,6.0,28.99,1159.0,1434.0,0.1087,0.7611,0.0084,-5.1944,1.0631,0.0
2026-09-23T18:19:37Z,2026-09-23 03:56:05,SPXW,2026-09-23,P,7745.0,7764.6401,5.1,24.0,5.3,25.0,7.0,3437.0,293.0,0.11,-0.2389,0.0084,-5.1944,1.0631,0.0
2026-09-23T18:19:37Z,2026-09-23 03:56:05,SPXW,2026-09-23,C,7750.0,7764.6401,26.9,5.0,27.4,3.0,25.3,2769.0,2249.0,0.1065,0.7204,0.0093,-6.2878,1.1452,0.0
2026-09-23T18:19:37Z,2026-09-23 03:56:05,SPXW,2026-09-23,P,7750.0,7764.6401,6.2,5.0,6.4,22.0,8.4,6673.0,2247.0,0.1081,-0.2796,0.0093,-6.2878,1.1452,0.0
2026-09-23T18:19:37Z,2026-09-23 03:56:05,SPXW,2026-09-23,C,7755.0,7764.6401,23.3,3.0,23.6,6.0,22.0,2140.0,687.0,0.1051,0.6755,0.0102,-7.5338,1.2176,0.0
2026-09-23T18:19:37Z,2026-09-23 03:56:05,SPXW,2026-09-23,P,7755.0,7764.6401,7.4,23.0,7.7,24.0,10.0,3481.0,204.0,0.1058,-0.3245,0.0102,-7.5338,1.2176,0.0
2026-09-23T18:19:37Z,2026-09-23 03:56:05,SPXW,2026-09-23,C,7760.0,7764.6401,19.8,12.0,20.2,13.0,18.7,4326.0,1343.0,0.1035,0.6255,0.0109,-9.0393,1.2776,0.0
2026-09-23T18:19:37Z,2026-09-23 03:56:05,SPXW,2026-09-23,P,7760.0,7764.6401,9.0,3.0,9.2,9.0,11.76,6136.0,260.0,0.1037,-0.3745,0.0109,-9.0393,1.2776,0.0
2026-09-23T18:19:37Z,2026-09-23 03:56:05,SPXW,2026-09-23,C,7765.0,7764.6401,16.7,9.0,17.0,11.0,15.7,7496.0,1175.0,0.1018,0.5706,0.0114,-10.895,1.3193,0.0
2026-09-23T18:19:37Z,2026-09-23 03:56:05,SPXW,2026-09-23,P,7765.0,7764.6401,10.8,13.0,11.1,22.0,14.05,5076.0,462.0,0.1028,-0.4294,0.0114,-10.895,1.3193,0.0
2026-09-23T18:19:37Z,2026-09-23 03:56:05,SPXW,2026-09-23,C,7770.0,7764.6401,13.9,1.0,14.1,1.0,13.3,11212.0,1547.0,0.1011,0.5129,0.0117,-13.0772,1.3378,0.0
2026-09-23T18:19:37Z,2026-09-23 03:56:05,SPXW,2026-09-23,P,7770.0,7764.6401,13.0,8.0,13.3,20.0,16.5,5971.0,428.0,0.1017,-0.4871,0.0117,-13.0772,1.3378,0.0
2026-09-23T18:19:37Z,2026-09-23 03:56:05,SPXW,2026-09-23,C,7775.0,7764.6401,11.4,13.0,11.7,20.0,11.0,12043.0,2933.0,0.1004,0.4541,0.0117,-11.6083,1.3305,0.0
2026-09-23T18:19:37Z,2026-09-23 03:56:05,SPXW,2026-09-23,P,7775.0,7764.6401,15.5,4.0,15.8,18.0,19.2,4497.0,185.0,0.1014,-0.5459,0.0117,-11.6083,1.3305,0.0
2026-09-23T18:19:37Z,2026-09-23 03:56:05,SPXW,2026-09-23,C,7780.0,7764.6401,9.4,1.0,9.5,15.0,9.2,10304.0,2384.0,0.1001,0.3957,0.0115,-9.4173,1.2966,0.0
2026-09-23T18:19:37Z,2026-09-23 03:56:05,SPXW,2026-09-23,P,7780.0,7764.6401,18.3,13.0,18.6,5.0,22.12,2571.0,152.0,0.1008,-0.6043,0.0115,-9.4173,1.2966,0.0
2026-09-23T18:19:37Z,2026-09-23 03:56:05,SPXW,2026-09-23,C,7785.0,7764.6401,7.4,24.0,7.7,21.0,7.5,4249.0,1581.0,0.1,0.3399,0.0109,-7.5938,1.2388,0.0
2026-09-23T18:19:37Z,2026-09-23 03:56:05,SPXW,2026-09-23,P,7785.0,7764.6401,21.5,9.0,21.8,4.0,25.7,880.0,160.0,0.101,-0.6601,0.0109,-7.5938,1.2388,0.0
2026-09-23T18:19:37Z,2026-09-23 03:56:05,SPXW,2026-09-23,C,7790.0,7764.6401,5.9,35.0,6.2,26.0,6.1,4905.0,2434.0,0.1009,0.2886,0.0101,-6.1056,1.1625,0.0
2026-09-23T18:19:37Z,2026-09-23 03:56:05,SPXW,2026-09-23,P,7790.0,7764.6401,24.9,6.0,25.4,3.0,29.13,598.0,70.0,0.1016,-0.7114,0.0101,-6.1056,1.1625,0.0
2026-09-23T18:19:37Z,2026-09-23 03:56:05,SPXW,2026-09-23,C,7795.0,7764.6401,4.7,36.0,4.9,14.0,4.93,5156.0,1050.0,0.1011,0.2408,0.0092,-4.8057,1.0693,0.0
2026-09-23T18:19:37Z,2026-09-23 03:56:05,SPXW,2026-09-23,P,7795.0,7764.6401,28.7,3.0,29.2,6.0,32.91,250.0,103.0,0.1023,-0.7592,0.0092,-4.8057,1.0693,0.0
2026-09-23T18:19:37Z,2026-09-23 03:56:05,SPXW,2026-09-23,C,7800.0,7764.6401,3.8,1.0,3.9,7.0,3.9,11250.0,2239.0,0.1025,0.2008,0.0082,-3.8512,0.9721,0.0
2026-09-23T18:19:37Z,2026-09-23 03:56:05,SPXW,2026-09-23,P,7800.0,7764.6401,32.7,3.0,33.2,3.0,36.4,694.0,774.0,0.1034,-0.7992,0.0082,-3.8512,0.9721,0.0
2026-09-23T18:19:37Z,2026-09-23 03:56:05,SPXW,2026-09-23,C,7805.0,7764.6401,3.0,18.0,3.2,32.0,3.0,4666.0,678.0,0.1044,0.167,0.0072,-3.1029,0.875,0.0
2026-09-23T18:19:37Z,2026-09-23 03:56:05,SPXW,2026-09-23,P,7805.0,7764.6401,36.9,3.0,37.4,3.0,40.9,116.0,108.0,0.1053,-0.833,0.0072,-3.1029,0.875,0.0
2026-09-23T18:19:37Z,2026-09-23 03:56:05,SPXW,2026-09-23,C,7810.0,7764.6401,2.35,34.0,2.5,29.0,2.5,6041.0,883.0,0.1053,0.1361,0.0062,-2.428,0.773,0.0
2026-09-23T18:19:37Z,2026-09-23 03:56:05,SPXW,2026-09-23,P,7810.0,7764.6401,41.3,3.0,41.8,3.0,46.0,79.0,9.0,0.1074,-0.8639,0.0062,-2.428,0.773,0.0
2026-09-23T18:19:37Z,2026-09-23 03:56:05,SPXW,2026-09-23,C,7815.0,7764.6401,1.9,39.0,2.0,10.0,1.97,3249.0,758.0,0.1074,0.1121,0.0053,-1.9504,0.6818,0.0
2026-09-23T18:19:37Z,2026-09-23 03:56:05,SPXW,2026-09-23,P,7815.0,7764.6401,45.6,2.0,46.5,3.0,49.52,67.0,9.0,0.1086,-0.8879,0.0053,-1.9504,0.6818,0.0
2026-09-23T18:19:37Z,2026-09-23 03:56:05,SPXW,2026-09-23,C,7820.0,7764.6401,1.55,5.0,1.6,1.0,1.57,4392.0,823.0,0.1096,0.0924,0.0045,-1.5752,0.5986,0.0
2026-09-23T18:19:37Z,2026-09-23 03:56:05,SPXW,2026-09-23,P,7820.0,7764.6401,50.3,2.0,51.1,2.0,54.07,54.0,15.0,0.1114,-0.9076,0.0045,-1.5752,0.5986,0.0
2026-09-23T18:19:37Z,2026-09-23 03:56:05,SPXW,2026-09-23,C,7825.0,7764.6401,1.25,48.0,1.3,1.0,1.3,4671.0,676.0,0.1118,0.0761,0.0038,-1.2751,0.5232,0.0
2026-09-23T18:19:37Z,2026-09-23 03:56:05,SPXW,2026-09-23,P,7825.0,7764.6401,55.0,2.0,55.8,2.0,59.93,22.0,6.0,0.114,-0.9239,0.0038,-1.2751,0.5232,0.0
2026-09-23T18:19:37Z,2026-09-23 03:56:05,SPXW,2026-09-23,C,7830.0,7764.6401,1.05,6.0,1.1,9.0,1.1,5415.0,457.0,0.1151,0.0643,0.0033,-1.0751,0.4632,0.0
2026-09-23T18:19:37Z,2026-09-23 03:56:05,SPXW,2026-09-23,P,7830.0,7764.6401,59.8,2.0,60.6,2.0,63.11,40.0,20.0,0.1164,-0.9357,0.0033,-1.0751,0.4632,0.0
2026-09-23T18:19:37Z,2026-09-23 03:56:05,SPXW,2026-09-23,C,7835.0,7764.6401,0.85,39.0,0.95,39.0,0.88,3381.0,189.0,0.1181,0.0541,0.0028,-0.9001,0.4079,0.0
2026-09-23T18:19:37Z,2026-09-23 03:56:05,SPXW,2026-09-23,P,7835.0,7764.6401,64.6,3.0,65.4,2.0,67.9,18.0,6.0,0.1202,-0.9459,0.0028,-0.9001,0.4079,0.0
2026-09-23T18:19:37Z,2026-09-23 03:56:05,SPXW,2026-09-23,C,7840.0,7764.6401,0.7,43.0,0.8,24.0,0.72,3707.0,695.0,0.1209,0.0454,0.0024,-0.7501,0.3574,0.0
2026-09-23T18:19:37Z,2026-09-23 03:56:05,SPXW,2026-09-23,P,7840.0,7764.6401,69.4,2.0,70.3,2.0,73.3,18.0,13.0,0.1233,-0.9546,0.0024,-0.7501,0.3574,0.0
2026-09-23T18:19:37Z,2026-09-23 03:56:05,SPXW,2026-09-23,C,7845.0,7764.6401,0.6,51.0,0.7,57.0,0.6,4106.0,593.0,0.1247,0.039,0.002,-0.6501,0.3183,0.0
2026-09-23T18:19:37Z,2026-09-23 03:56:05,SPXW,2026-09-23,P,7845.0,7764.6401,74.3,3.0,75.2,3.0,0.0,0.0,0.0,0.1272,-0.9609,0.002,-0.6502,0.3187,0.0
2026-09-23T18:19:37Z,2026-09-23 03:56:05,SPXW,2026-09-23,C,7850.0,7764.6401,0.5,83.0,0.6,38.0,0.57,11619.0,4935.0,0.1276,0.0331,0.0017,-0.55,0.2801,0.0
2026-09-23T18:19:37Z,2026-09-23 03:56:05,SPXW,2026-09-23,P,7850.0,7764.6401,79.2,2.0,80.1,3.0,82.49,678.0,13.0,0.1305,-0.9668,0.0017,-0.5501,0.2804,0.0
2026-09-23T18:19:37Z,2026-09-23 03:56:05,SPXW,2026-09-23,C,7855.0,7764.6401,0.45,57.0,0.55,76.0,0.48,1603.0,178.0,0.132,0.0296,0.0015,-0.5,0.2557,0.0
2026-09-23T18:19:37Z,2026-09-23 03:56:05,SPXW,2026-09-23,P,7855.0,7764.6401,84.0,4.0,85.1,4.0,87.49,9.0,0.0,0.1331,-0.9704,0.0015,-0.5,0.256,0.0
2026-09-23T18:19:37Z,2026-09-23 03:56:05,SPXW,2026-09-23,C,7860.0,7764.6401,0.4,60.0,0.5,132.0,0.42,1653.0,492.0,0.1363,0.0262,0.0013,-0.45,0.232,0.0
2026-09-23T18:19:37Z,2026-09-23 03:56:05,SPXW,2026-09-23,P,7860.0,7764.6401,89.0,4.0,90.0,2.0,91.0,34.0,1.0,0.1373,-0.9737,0.0013,-0.45,0.2325,0.0
2026-09-23T18:19:37Z,2026-09-23 03:56:05,SPXW,2026-09-23,C,7865.0,7764.6401,0.35,44.0,0.4,20.0,0.4,1368.0,447.0,0.1383,0.0221,0.0011,-0.3751,0.2024,0.0
2026-09-23T18:19:37Z,2026-09-23 03:56:05,SPXW,2026-09-23,P,7865.0,7764.6401,93.9,2.0,95.0,1.0,95.7,14.0,0.0,0.1412,-0.9779,0.0011,-0.3751,0.2024,0.0
2026-09-23T18:19:37Z,2026-09-23 03:56:05,SPXW,2026-09-23,C,7870.0,7764.6401,0.3,57.0,0.4,136.0,0.34,2702.0,699.0,0.1432,0.0202,0.001,-0.35,0.1872,0.0
2026-09-23T18:19:37Z,2026-09-23 03:56:05,SPXW,2026-09-23,P,7870.0,7764.6401,98.9,4.0,99.9,2.0,101.98,34.0,1.0,0.1446,-0.9798,0.001,-0.35,0.1876,0.0
2026-09-23T18:19:37Z,2026-09-23 03:56:05,SPXW,2026-09-23,C,7875.0,7764.6401,0.25,132.0,0.35,115.0,0.32,2627.0,786.0,0.1456,0.0173,0.0009,-0.3,0.1656,0.0
2026-09-23T18:19:37Z,2026-09-23 03:56:05,SPXW,2026-09-23,P,7875.0,7764.6401,103.8,2.0,104.9,4.0,106.98,22.0,6.0,0.1476,-0.9827,0.0009,-0.3,0.1656,0.0
2026-09-23T18:19:37Z,2026-09-23 03:56:05,SPXW,2026-09-23,C,7880.0,7764.6401,0.2,189.0,0.3,44.0,0.3,1755.0,906.0,0.1482,0.0145,0.0007,-0.25,0.1433,0.0
2026-09-23T18:19:37Z,2026-09-23 03:56:05,SPXW,2026-09-23,P,7880.0,7764.6401,108.8,2.0,109.8,2.0,250.51,0.0,1.0,0.1536,-0.9854,0.0008,-0.25,0.1437,0.0
2026-09-23T18:19:37Z,2026-09-23 03:56:05,SPXW,2026-09-23,C,7885.0,7764.6401,0.2,49.0,0.25,24.0,0.25,529.0,0.0,0.1514,0.013,0.0007,-0.225,0.1304,0.0
2026-09-23T18:19:37Z,2026-09-23 03:56:05,SPXW,2026-09-23,P,7885.0,7764.6401,113.8,4.0,114.8,2.0,0.0,0.0,0.0,0.1558,-0.987,0.0007,-0.225,0.1304,0.0
2026-09-23T18:19:37Z,2026-09-23 03:56:05,SPXW,2026-09-23,C,7890.0,7764.6401,0.15,199.0,0.25,103.0,0.25,1416.0,516.0,0.1551,0.0114,0.0006,-0.2,0.1171,0.0
2026-09-23T18:19:37Z,2026-09-23 03:56:05,SPXW,2026-09-23,P,7890.0,7764.6401,118.8,1.0,119.8,4.0,0.0,0.0,0.0,0.1574,-0.9885,0.0006,-0.2,0.1174,0.0
2026-09-23T18:19:37Z,2026-09-23 03:56:05,SPXW,2026-09-23,C,7895.0,7764.6401,0.15,46.0,0.25,119.0,0.25,335.0,0.0,0.1604,0.0111,0.0005,-0.2,0.1136,0.0
2026-09-23T18:19:37Z,2026-09-23 03:56:05,SPXW,2026-09-23,P,7895.0,7764.6401,123.7,2.0,124.8,4.0,0.0,0.0,0.0,0.163,-0.9889,0.0005,-0.2,0.1137,0.0
2026-09-23T18:19:37Z,2026-09-23 03:56:05,SPXW,2026-09-23,C,7900.0,7764.6401,0.1,219.0,0.15,30.0,0.15,6388.0,1910.0,0.1568,0.0074,0.0004,-0.125,0.0819,0.0
2026-09-23T18:19:37Z,2026-09-23 03:56:05,SPXW,2026-09-23,P,7900.0,7764.6401,128.7,2.0,129.7,2.0,132.71,12.0,9.0,0.1687,-0.9925,0.0004,-0.125,0.082,0.0
2026-09-23T18:19:37Z,2026-09-23 03:56:05,SPXW,2026-09-23,C,7905.0,7764.6401,0.1,137.0,0.15,1.0,0.15,583.0,0.0,0.1621,0.0072,0.0004,-0.125,0.0794,0.0
2026-09-23T18:19:37Z,2026-09-23 03:56:05,SPXW,2026-09-23,P,7905.0,7764.6401,124.4,2.0,144.2,1.0,145.94,1.0,0.0,0.1868,-0.9928,0.0004,-0.125,0.0795,0.0
2026-09-23T18:19:37Z,2026-09-23 03:56:05,SPXW,2026-09-23,C,7910.0,7764.6401,0.1,19.0,0.15,20.0,0.15,858.0,660.0,0.1674,0.007,0.0004,-0.125,0.0771,0.0
2026-09-23T18:19:37Z,2026-09-23 03:56:05,SPXW,2026-09-23,P,7910.0,7764.6401,129.4,2.0,149.2,1.0,144.37,12.0,1.0,0.1926,-0.993,0.0004,-0.125,0.0772,0.0
2026-09-23T18:19:37Z,2026-09-23 03:56:05,SPXW,2026-09-23,C,7915.0,7764.6401,0.05,377.0,0.15,51.0,0.15,426.0,0.0,0.1685,0.0057,0.0003,-0.1,0.0647,0.0
2026-09-23T18:19:37Z,2026-09-23 03:56:05,SPXW,2026-09-23,P,7915.0,7764.6401,134.4,2.0,154.2,1.0,0.0,0.0,0.0,0.1985,-0.9943,0.0003,-0.1,0.0649,0.0
2026-09-23T18:19:37Z,2026-09-23 03:56:05,SPXW,2026-09-23,C,7920.0,7764.6401,0.05,349.0,0.15,117.0,0.17,496.0,423.0,0.1737,0.0056,0.0003,-0.1,0.063,0.0
2026-09-23T18:19:37Z,2026-09-23 03:56:05,SPXW,2026-09-23,P,7920.0,7764.6401,139.4,2.0,159.2,1.0,151.79,11.0,0.0,0.2044,-0.9944,0.0003,-0.1,0.0631,0.0
2026-09-23T18:19:37Z,2026-09-23 03:56:05,SPXW,2026-09-23,C,7925.0,7764.6401,0.05,226.0,0.1,4.0,0.15,346.0,743.0,0.1732,0.0043,0.0002,-0.075,0.0506,0.0
2026-09-23T18:19:37Z,2026-09-23 03:56:05,SPXW,2026-09-23,P,7925.0,7764.6401,144.4,1.0,164.1,1.0,153.89,5.0,4.0,0.2102,-0.9957,0.0002,-0.075,0.0507,0.0
2026-09-23T18:19:37Z,2026-09-23 03:56:05,SPXW,2026-09-23,C,7930.0,7764.6401,0.05,153.0,0.15,143.0,0.1,290.0,394.0,0.1837,0.0053,0.0002,-0.1,0.0597,0.0
2026-09-23T18:19:37Z,2026-09-23 03:56:05,SPXW,2026-09-23,P,7930.0,7764.6401,149.4,1.0,169.1,1.0,160.5,2.0,0.0,0.216,-0.9947,0.0002,-0.1,0.0598,0.0
2026-09-23T18:19:37Z,2026-09-23 03:56:05,SPXW,2026-09-23,C,7935.0,7764.6401,0.05,125.0,0.15,140.0,0.1,187.0,0.0,0.1886,0.0052,0.0002,-0.1,0.0583,0.0
2026-09-23T18:19:37Z,2026-09-23 03:56:05,SPXW,2026-09-23,P,7935.0,7764.6401,154.4,1.0,174.1,1.0,0.0,0.0,0.0,0.2217,-0.9948,0.0002,-0.1,0.0583,0.0
2026-09-23T18:19:37Z,2026-09-23 03:56:05,SPXW,2026-09-23,C,7940.0,7764.6401,0.05,21.0,0.1,24.0,0.1,1034.0,93.0,0.1882,0.004,0.0002,-0.075,0.0467,0.0
2026-09-23T18:19:37Z,2026-09-23 03:56:05,SPXW,2026-09-23,P,7940.0,7764.6401,159.3,2.0,179.2,2.0,0.0,0.0,0.0,0.2184,-0.996,0.0002,-0.075,0.0468,0.0
2026-09-23T18:19:37Z,2026-09-23 03:56:05,SPXW,2026-09-23,C,7945.0,7764.6401,0.05,45.0,0.1,54.0,0.1,319.0,0.0,0.1928,0.0039,0.0002,-0.075,0.0457,0.0
2026-09-23T18:19:37Z,2026-09-23 03:56:05,SPXW,2026-09-23,P,7945.0,7764.6401,164.3,2.0,184.2,2.0,0.0,0.0,0.0,0.2239,-0.9961,0.0002,-0.075,0.0457,0.0
2026-09-23T18:19:37Z,2026-09-23 03:56:05,SPXW,2026-09-23,C,7950.0,7764.6401,0.05,22.0,0.1,63.0,0.1,561.0,1159.0,0.1977,0.0038,0.0002,-0.075,0.0446,0.0
2026-09-23T18:19:37Z,2026-09-23 03:56:05,SPXW,2026-09-23,P,7950.0,7764.6401,169.4,1.0,189.2,2.0,0.0,0.0,0.0,0.2344,-0.9962,0.0002,-0.075,0.0446,0.0
2026-09-23T18:19:37Z,2026-09-23 03:56:05,SPXW,2026-09-23,C,7955.0,7764.6401,0.0,0.0,0.1,105.0,0.1,63.0,0.0,0.1946,0.0027,0.0001,-0.05,0.033,0.0
2026-09-23T18:19:37Z,2026-09-23 03:56:05,SPXW,2026-09-23,P,7955.0,7764.6401,174.4,1.0,194.2,2.0,0.0,0.0,0.0,0.24,-0.9973,0.0001,-0.05,0.033,0.0
2026-09-23T18:19:37Z,2026-09-23 03:56:05,SPXW,2026-09-23,C,7960.0,7764.6401,0.0,0.0,0.1,121.0,0.1,67.0,0.0,0.1993,0.0026,0.0001,-0.05,0.0322,0.0
2026-09-23T18:19:37Z,2026-09-23 03:56:05,SPXW,2026-09-23,P,7960.0,7764.6401,179.4,1.0,199.2,2.0,0.0,0.0,0.0,0.2456,-0.9974,0.0001,-0.05,0.0322,0.0
2026-09-23T18:19:37Z,2026-09-23 03:56:05,SPXW,2026-09-23,C,7965.0,7764.6401,0.0,0.0,0.1,130.0,0.1,115.0,0.0,0.204,0.0026,0.0001,-0.05,0.0315,0.0
2026-09-23T18:19:37Z,2026-09-23 03:56:05,SPXW,2026-09-23,P,7965.0,7764.6401,176.5,25.0,220.0,1.0,0.0,0.0,0.0,0.2459,-0.9974,0.0001,-0.05,0.0315,0.0
2026-09-23T18:19:37Z,2026-09-23 03:56:05,SPXW,2026-09-23,C,7970.0,7764.6401,0.0,0.0,0.1,131.0,0.1,197.0,0.0,0.2087,0.0025,0.0001,-0.05,0.0308,0.0
2026-09-23T18:19:37Z,2026-09-23 03:56:05,SPXW,2026-09-23,P,7970.0,7764.6401,181.5,25.0,224.9,1.0,0.0,0.0,0.0,0.3986,-0.9975,0.0001,-0.05,0.0308,0.0
2026-09-23T18:19:37Z,2026-09-23 03:56:05,SPXW,2026-09-23,C,7975.0,7764.6401,0.0,0.0,0.1,135.0,0.1,342.0,383.0,0.2134,0.0025,0.0001,-0.05,0.0301,0.0
2026-09-23T18:19:37Z,2026-09-23 03:56:05,SPXW,2026-09-23,P,7975.0,7764.6401,186.5,25.0,229.9,1.0,0.0,0.0,0.0,0.4061,-0.9975,0.0001,-0.05,0.0301,0.0
2026-09-23T18:19:37Z,2026-09-23 03:56:05,SPXW,2026-09-23,C,7980.0,7764.6401,0.0,0.0,0.1,144.0,0.1,18.0,0.0,0.2183,0.0024,0.0001,-0.05,0.0294,0.0
2026-09-23T18:19:37Z,2026-09-23 03:56:05,SPXW,2026-09-23,P,7980.0,7764.6401,191.5,25.0,234.9,1.0,0.0,0.0,0.0,0.4137,-0.9976,0.0001,-0.05,0.0295,0.0
2026-09-23T18:19:37Z,2026-09-23 03:56:05,SPXW,2026-09-23,C,7985.0,7764.6401,0.0,0.0,0.1,135.0,0.08,4025.0,0.0,0.2229,0.0024,0.0001,-0.05,0.0289,0.0
2026-09-23T18:19:37Z,2026-09-23 03:56:05,SPXW,2026-09-23,P,7985.0,7764.6401,196.5,25.0,240.2,25.0,0.0,0.0,0.0,0.4245,-0.9976,0.0001,-0.05,0.0289,0.0
2026-09-23T18:19:37Z,2026-09-23 03:56:05,SPXW,2026-09-23,C,7990.0,7764.6401,0.0,0.0,0.1,149.0,0.05,31.0,0.0,0.2276,0.0023,0.0001,-0.05,0.0283,0.0
2026-09-23T18:19:37Z,2026-09-23 03:56:05,SPXW,2026-09-23,P,7990.0,7764.6401,201.5,25.0,245.2,25.0,0.0,0.0,0.0,0.432,-0.9977,0.0001,-0.05,0.0283,0.0
2026-09-23T18:19:37Z,2026-09-23 03:56:05,SPXW,2026-09-23,C,7995.0,7764.6401,0.0,0.0,0.1,152.0,0.1,69.0,0.0,0.2322,0.0023,0.0001,-0.05,0.0277,0.0
2026-09-23T18:19:37Z,2026-09-23 03:56:05,SPXW,2026-09-23,P,7995.0,7764.6401,206.5,25.0,250.1,25.0,0.0,0.0,0.0,0.2548,-0.9977,0.0001,-0.05,0.0278,0.0
2026-09-23T18:19:37Z,2026-09-23 03:56:05,SPXW,2026-09-23,C,8000.0,7764.6401,0.0,0.0,0.1,160.0,0.1,888.0,3883.0,0.2367,0.0023,0.0001,-0.05,0.0272,0.0
2026-09-23T18:19:37Z,2026-09-23 03:56:05,SPXW,2026-09-23,P,8000.0,7764.6401,228.6,3.0,229.6,3.0,0.0,0.0,0.0,0.2598,-0.9977,0.0001,-0.05,0.0272,0.0
2026-09-23T18:19:37Z,2026-09-23 03:56:05,SPXW,2026-09-23,C,8010.0,7764.6401,0.0,0.0,0.1,152.0,0.05,57.0,0.0,0.2461,0.0022,0.0001,-0.05,0.0262,0.0
2026-09-23T18:19:37Z,2026-09-23 03:56:05,SPXW,2026-09-23,P,8010.0,7764.6401,221.5,25.0,265.1,25.0,0.0,0.0,0.0,0.4606,-0.9978,0.0001,-0.05,0.0263,0.0
2026-09-23T18:19:37Z,2026-09-23 03:56:05,SPXW,2026-09-23,C,8020.0,7764.6401,0.0,0.0,0.05,22.0,0.05,78.0,0.0,0.2402,0.0012,0.0,-0.025,0.0153,0.0
2026-09-23T18:19:37Z,2026-09-23 03:56:05,SPXW,2026-09-23,P,8020.0,7764.6401,231.4,25.0,275.1,25.0,0.0,0.0,0.0,0.474,-0.9988,0.0,-0.025,0.0154,0.0
2026-09-23T18:19:37Z,2026-09-23 03:56:05,SPXW,2026-09-23,C,8025.0,7764.6401,0.0,0.0,0.05,22.0,0.07,204.0,159.0,0.2446,0.0012,0.0,-0.025,0.0151,0.0
2026-09-23T18:19:37Z,2026-09-23 03:56:05,SPXW,2026-09-23,P,8025.0,7764.6401,236.4,25.0,280.0,1.0,383.87,0.0,2.0,0.4801,-0.9988,0.0,-0.025,0.0151,0.0
2026-09-23T18:19:37Z,2026-09-23 03:56:05,SPXW,2026-09-23,C,8030.0,7764.6401,0.0,0.0,0.05,22.0,0.05,48.0,0.0,0.2489,0.0012,0.0,-0.025,0.0148,0.0
2026-09-23T18:19:37Z,2026-09-23 03:56:05,SPXW,2026-09-23,P,8030.0,7764.6401,241.4,25.0,285.1,25.0,0.0,0.0,0.0,0.4886,-0.9988,0.0,-0.025,0.0148,0.0
2026-09-23T18:19:37Z,2026-09-23 03:56:05,SPXW,2026-09-23,C,8040.0,7764.6401,0.0,0.0,0.05,23.0,0.05,938.0,0.0,0.2576,0.0011,0.0,-0.025,0.0143,0.0
2026-09-23T18:19:37Z,2026-09-23 03:56:05,SPXW,2026-09-23,P,8040.0,7764.6401,251.4,25.0,295.1,25.0,0.0,0.0,0.0,0.503,-0.9989,0.0,-0.025,0.0143,0.0
2026-09-23T18:19:37Z,2026-09-23 03:56:05,SPXW,2026-09-23,C,8050.0,7764.6401,0.0,0.0,0.05,30.0,0.05,482.0,397.0,0.2662,0.0011,0.0,-0.025,0.0139,0.0
2026-09-23T18:19:37Z,2026-09-23 03:56:05,SPXW,2026-09-23,P,8050.0,7764.6401,261.4,25.0,305.1,25.0,302.45,0.0,0.0,0.5173,-0.9989,0.0,-0.025,0.0139,0.0
2026-09-23T18:19:37Z,2026-09-23 03:56:05,SPXW,2026-09-23,C,8060.0,7764.6401,0.0,0.0,0.05,32.0,0.05,204.0,0.0,0.2751,0.001,0.0,-0.025,0.0134,0.0
2026-09-23T18:19:37Z,2026-09-23 03:56:05,SPXW,2026-09-23,P,8060.0,7764.6401,271.4,25.0,315.1,25.0,0.0,0.0,0.0,0.5316,-0.999,0.0,-0.025,0.0134,0.0
2026-09-23T18:19:37Z,2026-09-23 03:56:05,SPXW,2026-09-23,C,8070.0,7764.6401,0.0,0.0,0.05,60.0,0.1,61.0,0.0,0.2837,0.001,0.0,-0.025,0.013,0.0
2026-09-23T18:19:37Z,2026-09-23 03:56:05,SPXW,2026-09-23,P,8070.0,7764.6401,281.4,25.0,325.1,25.0,0.0,0.0,0.0,0.5458,-0.999,0.0,-0.025,0.013,0.0
2026-09-23T18:19:37Z,2026-09-23 03:56:05,SPXW,2026-09-23,C,8075.0,7764.6401,0.0,0.0,0.05,61.0,0.05,464.0,130.0,0.2879,0.001,0.0,-0.025,0.0128,0.0
2026-09-23T18:19:37Z,2026-09-23 03:56:05,SPXW,2026-09-23,P,8075.0,7764.6401,286.4,25.0,329.7,1.0,0.0,0.0,0.0,0.5474,-0.999,0.0,-0.025,0.0128,0.0
2026-09-23T18:19:37Z,2026-09-23 03:56:05,SPXW,2026-09-23,C,8100.0,7764.6401,0.0,0.0,0.05,55.0,0.05,646.0,173.0,0.3091,0.0009,0.0,-0.025,0.012,0.0
2026-09-23T18:19:37Z,2026-09-23 03:56:05,SPXW,2026-09-23,P,8100.0,7764.6401,311.4,25.0,354.9,1.0,0.0,0.0,0.0,0.5849,-0.999,0.0,-0.025,0.012,0.0
2026-09-23T18:19:37Z,2026-09-23 03:56:05,SPXW,2026-09-23,C,8125.0,7764.6401,0.0,0.0,0.05,383.0,0.05,262.0,197.0,0.3301,0.0009,0.0,-0.025,0.0112,0.0
2026-09-23T18:19:37Z,2026-09-23 03:56:05,SPXW,2026-09-23,P,8125.0,7764.6401,336.4,25.0,379.9,1.0,0.0,0.0,0.0,0.6193,-0.9991,0.0,-0.025,0.0112,0.0
2026-09-23T18:19:37Z,2026-09-23 03:56:05,SPXW,2026-09-23,C,8150.0,7764.6401,0.0,0.0,0.05,405.0,0.05,608.0,136.0,0.3509,0.0008,0.0,-0.025,0.0106,0.0
2026-09-23T18:19:37Z,2026-09-23 03:56:05,SPXW,2026-09-23,P,8150.0,7764.6401,361.4,25.0,404.9,1.0,524.12,0.0,2.0,0.6532,-0.9992,0.0,-0.025,0.0106,0.0
2026-09-23T18:19:37Z,2026-09-23 03:56:05,SPXW,2026-09-23,C,8175.0,7764.6401,0.0,0.0,0.05,417.0,0.05,354.0,70.0,0.3716,0.0008,0.0,-0.025,0.01,0.0
2026-09-23T18:19:37Z,2026-09-23 03:56:05,SPXW,2026-09-23,P,8175.0,7764.6401,386.4,25.0,430.0,1.0,0.0,0.0,0.0,0.6882,-0.9992,0.0,-0.025,0.01,0.0
2026-09-23T18:19:37Z,2026-09-23 03:56:05,SPXW,2026-09-23,C,8200.0,7764.6401,0.0,0.0,0.05,438.0,0.05,131.0,43.0,0.3921,0.0008,0.0,-0.025,0.0095,0.0
2026-09-23T18:19:37Z,2026-09-23 03:56:05,SPXW,2026-09-23,P,8200.0,7764.6401,411.4,25.0,455.1,25.0,574.02,0.0,2.0,0.723,-0.9992,0.0,-0.025,0.0095,0.0
2026-09-23T18:19:37Z,2026-09-23 03:56:05,SPXW,2026-09-23,C,8225.0,7764.6401,0.0,0.0,0.05,443.0,0.1,0.0,3.0,0.4125,0.0007,0.0,-0.025,0.009,0.0
2026-09-23T18:19:37Z,2026-09-23 03:56:05,SPXW,2026-09-23,P,8225.0,7764.6401,436.4,25.0,479.9,1.0,0.0,0.0,0.0,0.7525,-0.9993,0.0,-0.025,0.009,0.0
2026-09-23T18:19:37Z,2026-09-23 03:56:05,SPXW,2026-09-23,C,8250.0,7764.6401,0.0,0.0,0.05,483.0,0.03,18.0,102.0,0.4327,0.0007,0.0,-0.025,0.0086,0.0
2026-09-23T18:19:37Z,2026-09-23 03:56:05,SPXW,2026-09-23,P,8250.0,7764.6401,461.4,25.0,505.1,26.0,0.0,0.0,0.0,0.7883,-0.9993,0.0,-0.025,0.0086,0.0
2026-09-23T18:19:37Z,2026-09-23 03:56:05,SPXW,2026-09-23,C,8275.0,7764.6401,0.0,0.0,0.05,483.0,0.05,0.0,186.0,0.4528,0.0007,0.0,-0.025,0.0083,0.0
2026-09-23T18:19:37Z,2026-09-23 03:56:05,SPXW,2026-09-23,P,8275.0,7764.6401,486.4,25.0,529.6,1.0,0.0,0.0,0.0,0.8115,-0.9993,0.0,-0.025,0.0083,0.0
2026-09-23T18:19:37Z,2026-09-23 03:56:05,SPXW,2026-09-23,C,8300.0,7764.6401,0.0,0.0,0.05,535.0,0.06,0.0,2341.0,0.4728,0.0006,0.0,-0.025,0.0079,0.0
2026-09-23T18:19:37Z,2026-09-23 03:56:05,SPXW,2026-09-23,P,8300.0,7764.6401,511.4,25.0,554.9,1.0,0.0,0.0,0.0,0.8487,-0.9994,0.0,-0.025,0.0079,0.0
2026-09-23T18:19:37Z,2026-09-23 03:56:05,SPXW,2026-09-23,C,8400.0,7764.6401,0.0,0.0,0.05,560.0,0.05,0.0,992.0,0.552,0.0006,0.0,-0.025,0.0068,0.0
2026-09-23T18:19:37Z,2026-09-23 03:56:05,SPXW,2026-09-23,P,8400.0,7764.6401,611.4,25.0,655.0,1.0,0.0,0.0,0.0,0.9749,-0.9994,0.0,-0.025,0.0069,0.0
2026-09-23T18:19:37Z,2026-09-23 03:56:05,SPXW,2026-09-23,C,8500.0,7764.6401,0.0,0.0,0.05,600.0,0.05,0.0,338.0,0.6288,0.0005,0.0,-0.025,0.006,0.0
2026-09-23T18:19:37Z,2026-09-23 03:56:05,SPXW,2026-09-23,P,8500.0,7764.6401,711.4,25.0,755.1,25.0,0.0,0.0,0.0,1.0974,-0.9995,0.0,-0.025,0.006,0.0
2026-09-23T18:19:37Z,2026-09-23 03:56:05,SPXW,2026-09-24,C,7000.0,7764.6401,756.8,2.0,780.8,2.0,754.46,0.0,1.0,0.0,0.999,0.0,-0.0637,0.0175,0.1914
2026-09-23T18:19:37Z,2026-09-23 03:56:05,SPXW,2026-09-24,P,7000.0,7764.6401,0.0,0.0,0.1,30.0,0.15,13.0,269.0,0.4889,-0.0009,0.0,-0.0637,0.0175,-0.0002
2026-09-23T18:19:37Z,2026-09-23 03:56:05,SPXW,2026-09-24,C,7025.0,7764.6401,731.6,2.0,755.6,2.0,729.82,0.0,2.0,0.0,0.9989,0.0,-0.0677,0.0189,0.1921
2026-09-23T18:19:37Z,2026-09-23 03:56:05,SPXW,2026-09-24,P,7025.0,7764.6401,0.0,0.0,0.1,29.0,0.1,54.0,237.0,0.4736,-0.001,0.0,-0.0677,0.0189,-0.0002
2026-09-23T18:19:37Z,2026-09-23 03:56:05,SPXW,2026-09-24,C,7040.0,7764.6401,716.7,2.0,740.7,2.0,714.5,0.0,1.0,0.0,0.9989,0.0,-0.0702,0.0198,0.1925
2026-09-23T18:19:37Z,2026-09-23 03:56:05,SPXW,2026-09-24,P,7040.0,7764.6401,0.05,25.0,0.1,28.0,0.0,0.0,0.0,0.4797,-0.0011,0.0,-0.0703,0.0198,-0.0002
2026-09-23T18:19:37Z,2026-09-23 03:56:05,SPXW,2026-09-24,C,7050.0,7764.6401,706.6,2.0,730.6,2.0,0.0,0.0,0.0,0.0,0.9989,0.0,-0.072,0.0204,0.1928
2026-09-23T18:19:37Z,2026-09-23 03:56:05,SPXW,2026-09-24,P,7050.0,7764.6401,0.05,27.0,0.1,27.0,0.12,4.0,738.0,0.4733,-0.0011,0.0,-0.0721,0.0204,-0.0002
2026-09-23T18:19:37Z,2026-09-23 03:56:05,SPXW,2026-09-24,C,7060.0,7764.6401,696.8,2.0,720.8,2.0,0.0,0.0,0.0,0.0,0.9988,0.0,-0.0739,0.0211,0.193
2026-09-23T18:19:37Z,2026-09-23 03:56:05,SPXW,2026-09-24,P,7060.0,7764.6401,0.05,27.0,0.1,27.0,0.15,2.0,211.0,0.467,-0.0012,0.0,-0.0739,0.0211,-0.0002
2026-09-23T18:19:37Z,2026-09-23 03:56:05,SPXW,2026-09-24,C,7070.0,7764.6401,686.7,2.0,710.7,2.0,0.0,0.0,0.0,0.0,0.9988,0.0,-0.0758,0.0218,0.1933
2026-09-23T18:19:37Z,2026-09-23 03:56:05,SPXW,2026-09-24,P,7070.0,7764.6401,0.05,28.0,0.1,26.0,0.25,0.0,2.0,0.4606,-0.0012,0.0,-0.0759,0.0218,-0.0002
2026-09-23T18:19:37Z,2026-09-23 03:56:05,SPXW,2026-09-24,C,7075.0,7764.6401,681.7,2.0,705.7,2.0,562.16,0.0,58.0,0.0,0.9988,0.0,-0.0768,0.0221,0.1934
2026-09-23T18:19:37Z,2026-09-23 03:56:05,SPXW,2026-09-24,P,7075.0,7764.6401,0.05,28.0,0.1,26.0,0.12,3.0,254.0,0.4575,-0.0012,0.0,-0.0769,0.0221,-0.0002
2026-09-23T18:19:37Z,2026-09-23 03:56:05,SPXW,2026-09-24,C,7080.0,7764.6401,676.8,2.0,700.8,2.0,556.96,0.0,58.0,0.0,0.9987,0.0,-0.0779,0.0225,0.1936
2026-09-23T18:19:37Z,2026-09-23 03:56:05,SPXW,2026-09-24,P,7080.0,7764.6401,0.05,28.0,0.1,25.0,0.15,8.0,77.0,0.4543,-0.0012,0.0,-0.0779,0.0225,-0.0002
2026-09-23T18:19:37Z,2026-09-23 03:56:05,SPXW,2026-09-24,C,7090.0,7764.6401,666.8,2.0,690.8,2.0,0.0,0.0,0.0,0.0,0.9987,0.0,-0.0799,0.0232,0.1938
2026-09-23T18:19:37Z,2026-09-23 03:56:05,SPXW,2026-09-24,P,7090.0,7764.6401,0.05,28.0,0.1,25.0,0.35,0.0,2.0,0.448,-0.0013,0.0,-0.08,0.0232,-0.0003
2026-09-23T18:19:37Z,2026-09-23 03:56:05,SPXW,2026-09-24,C,7100.0,7764.6401,656.6,2.0,680.6,2.0,670.22,0.0,1.0,0.0,0.9986,0.0,-0.0821,0.024,0.1941
2026-09-23T18:19:37Z,2026-09-23 03:56:05,SPXW,2026-09-24,P,7100.0,7764.6401,0.05,48.0,0.1,24.0,0.15,285.0,613.0,0.4416,-0.0013,0.0,-0.0822,0.024,-0.0003
2026-09-23T18:19:37Z,2026-09-23 03:56:05,SPXW,2026-09-24,C,7110.0,7764.6401,646.7,2.0,670.7,2.0,0.0,0.0,0.0,0.0,0.9986,0.0,-0.0844,0.0248,0.1944
2026-09-23T18:19:37Z,2026-09-23 03:56:05,SPXW,2026-09-24,P,7110.0,7764.6401,0.05,29.0,0.1,6.0,0.25,0.0,41.0,0.4353,-0.0014,0.0,-0.0844,0.0248,-0.0003
2026-09-23T18:19:37Z,2026-09-23 03:56:05,SPXW,2026-09-24,C,7120.0,7764.6401,636.7,2.0,660.7,2.0,0.0,0.0,0.0,0.0,0.9986,0.0,-0.0867,0.0257,0.1946
2026-09-23T18:19:37Z,2026-09-23 03:56:05,SPXW,2026-09-24,P,7120.0,7764.6401,0.05,29.0,0.15,122.0,0.1,10.0,44.0,0.4397,-0.0014,0.0,-0.0867,0.0257,-0.0003
2026-09-23T18:19:37Z,2026-09-23 03:56:05,SPXW,2026-09-24,C,7125.0,7764.6401,631.5,2.0,655.5,2.0,0.0,0.0,0.0,0.0,0.9985,0.0,-0.0879,0.0261,0.1948
2026-09-23T18:19:37Z,2026-09-23 03:56:05,SPXW,2026-09-24,P,7125.0,7764.6401,0.05,29.0,0.15,120.0,0.1,8.0,322.0,0.4364,-0.0014,0.0,-0.088,0.0262,-0.0003
2026-09-23T18:19:37Z,2026-09-23 03:56:05,SPXW,2026-09-24,C,7130.0,7764.6401,626.7,2.0,650.7,2.0,0.0,0.0,0.0,0.0,0.9985,0.0,-0.0892,0.0266,0.1949
2026-09-23T18:19:37Z,2026-09-23 03:56:05,SPXW,2026-09-24,P,7130.0,7764.6401,0.05,29.0,0.15,119.0,0.17,2.0,34.0,0.4332,-0.0015,0.0,-0.0892,0.0266,-0.0003
2026-09-23T18:19:37Z,2026-09-23 03:56:05,SPXW,2026-09-24,C,7140.0,7764.6401,616.7,2.0,640.7,2.0,0.0,0.0,0.0,0.0,0.9984,0.0,-0.0917,0.0276,0.1952
2026-09-23T18:19:37Z,2026-09-23 03:56:05,SPXW,2026-09-24,P,7140.0,7764.6401,0.05,30.0,0.15,120.0,0.3,0.0,32.0,0.4268,-0.0015,0.0,-0.0917,0.0276,-0.0003
2026-09-23T18:19:37Z,2026-09-23 03:56:05,SPXW,2026-09-24,C,7150.0,7764.6401,606.7,2.0,630.7,2.0,476.82,0.0,3.0,0.0,0.9984,0.0,-0.0943,0.0286,0.1954
2026-09-23T18:19:37Z,2026-09-23 03:56:05,SPXW,2026-09-24,P,7150.0,7764.6401,0.05,30.0,0.15,119.0,0.15,31.0,246.0,0.4203,-0.0016,0.0,-0.0944,0.0286,-0.0003
2026-09-23T18:19:37Z,2026-09-23 03:56:05,SPXW,2026-09-24,C,7160.0,7764.6401,596.7,2.0,620.7,2.0,0.0,0.0,0.0,0.0,0.9983,0.0,-0.0971,0.0296,0.1957
2026-09-23T18:19:37Z,2026-09-23 03:56:05,SPXW,2026-09-24,P,7160.0,7764.6401,0.05,30.0,0.15,118.0,0.2,1.0,172.0,0.4138,-0.0016,0.0,-0.0971,0.0296,-0.0003
2026-09-23T18:19:37Z,2026-09-23 03:56:05,SPXW,2026-09-24,C,7170.0,7764.6401,586.8,2.0,610.8,2.0,0.0,0.0,0.0,0.0,0.9982,0.0,-0.1,0.0307,0.1959
2026-09-23T18:19:37Z,2026-09-23 03:56:05,SPXW,2026-09-24,P,7170.0,7764.6401,0.05,148.0,0.15,116.0,0.1,2.0,87.0,0.4074,-0.0017,0.0,-0.1,0.0307,-0.0004
2026-09-23T18:19:37Z,2026-09-23 03:56:05,SPXW,2026-09-24,C,7175.0,7764.6401,581.7,2.0,605.7,2.0,0.0,0.0,0.0,0.0,0.9982,0.0,-0.1015,0.0313,0.1961
2026-09-23T18:19:37Z,2026-09-23 03:56:05,SPXW,2026-09-24,P,7175.0,7764.6401,0.05,155.0,0.15,113.0,0.1,81.0,3720.0,0.4042,-0.0018,0.0,-0.1015,0.0313,-0.0004
2026-09-23T18:19:37Z,2026-09-23 03:56:05,SPXW,2026-09-24,C,7180.0,7764.6401,576.7,2.0,600.7,2.0,0.0,0.0,0.0,0.0,0.9982,0.0,-0.103,0.0319,0.1962
2026-09-23T18:19:37Z,2026-09-23 03:56:05,SPXW,2026-09-24,P,7180.0,7764.6401,0.05,148.0,0.15,89.0,0.1,1.0,253.0,0.4009,-0.0018,0.0,-0.103,0.0319,-0.0004
2026-09-23T18:19:37Z,2026-09-23 03:56:05,SPXW,2026-09-24,C,7185.0,7764.6401,571.8,2.0,595.8,2.0,0.0,0.0,0.0,0.0,0.9981,0.0,-0.1045,0.0325,0.1963
2026-09-23T18:19:37Z,2026-09-23 03:56:05,SPXW,2026-09-24,P,7185.0,7764.6401,0.05,152.0,0.15,88.0,0.45,0.0,3.0,0.3977,-0.0018,0.0,-0.1046,0.0325,-0.0004
2026-09-23T18:19:37Z,2026-09-23 03:56:05,SPXW,2026-09-24,C,7190.0,7764.6401,566.8,2.0,590.8,2.0,0.0,0.0,0.0,0.0,0.9981,0.0,-0.1061,0.0331,0.1965
2026-09-23T18:19:37Z,2026-09-23 03:56:05,SPXW,2026-09-24,P,7190.0,7764.6401,0.05,156.0,0.15,29.0,0.15,100.0,172.0,0.3945,-0.0019,0.0,-0.1062,0.0331,-0.0004
2026-09-23T18:19:37Z,2026-09-23 03:56:05,SPXW,2026-09-24,C,7195.0,7764.6401,561.8,2.0,585.8,2.0,0.0,0.0,0.0,0.0,0.9981,0.0,-0.1078,0.0337,0.1966
2026-09-23T18:19:37Z,2026-09-23 03:56:05,SPXW,2026-09-24,P,7195.0,7764.6401,0.05,202.0,0.15,28.0,0.15,666.0,10.0,0.3913,-0.0019,0.0,-0.1078,0.0338,-0.0004
2026-09-23T18:19:37Z,2026-09-23 03:56:05,SPXW,2026-09-24,C,7200.0,7764.6401,556.7,2.0,580.7,2.0,561.1,0.0,0.0,0.0,0.998,0.0,-0.1094,0.0344,0.1967
2026-09-23T18:19:37Z,2026-09-23 03:56:05,SPXW,2026-09-24,P,7200.0,7764.6401,0.05,207.0,0.15,27.0,0.15,386.0,492.0,0.388,-0.0019,0.0,-0.1095,0.0344,-0.0004
2026-09-23T18:19:37Z,2026-09-23 03:56:05,SPXW,2026-09-24,C,7205.0,7764.6401,551.8,2.0,575.8,2.0,0.0,0.0,0.0,0.0,0.998,0.0,-0.1111,0.035,0.1968
2026-09-23T18:19:37Z,2026-09-23 03:56:05,SPXW,2026-09-24,P,7205.0,7764.6401,0.05,214.0,0.15,27.0,0.1,8.0,7.0,0.3848,-0.002,0.0,-0.1112,0.0351,-0.0004
2026-09-23T18:19:37Z,2026-09-23 03:56:05,SPXW,2026-09-24,C,7210.0,7764.6401,546.8,2.0,570.8,2.0,0.0,0.0,0.0,0.0,0.998,0.0,-0.1128,0.0357,0.197
2026-09-23T18:19:37Z,2026-09-23 03:56:05,SPXW,2026-09-24,P,7210.0,7764.6401,0.05,220.0,0.15,26.0,0.15,29.0,140.0,0.3816,-0.002,0.0,-0.1129,0.0357,-0.0004
2026-09-23T18:19:37Z,2026-09-23 03:56:05,SPXW,2026-09-24,C,7215.0,7764.6401,541.8,2.0,565.8,2.0,0.0,0.0,0.0,0.0,0.9979,0.0,-0.1146,0.0364,0.1971
2026-09-23T18:19:37Z,2026-09-23 03:56:05,SPXW,2026-09-24,P,7215.0,7764.6401,0.05,224.0,0.15,26.0,0.25,1.0,2.0,0.3784,-0.0021,0.0,-0.1147,0.0364,-0.0004
2026-09-23T18:19:37Z,2026-09-23 03:56:05,SPXW,2026-09-24,C,7220.0,7764.6401,536.6,2.0,560.6,2.0,0.0,0.0,0.0,0.0,0.9979,0.0,-0.1165,0.0371,0.1972
2026-09-23T18:19:37Z,2026-09-23 03:56:05,SPXW,2026-09-24,P,7220.0,7764.6401,0.05,211.0,0.15,25.0,0.15,1.0,247.0,0.3751,-0.0021,0.0,-0.1165,0.0371,-0.0004
2026-09-23T18:19:37Z,2026-09-23 03:56:05,SPXW,2026-09-24,C,7225.0,7764.6401,531.7,2.0,555.7,2.0,0.0,0.0,0.0,0.0,0.9978,0.0,-0.1183,0.0378,0.1974
2026-09-23T18:19:37Z,2026-09-23 03:56:05,SPXW,2026-09-24,P,7225.0,7764.6401,0.05,216.0,0.15,24.0,0.15,4.0,226.0,0.3719,-0.0022,0.0,-0.1184,0.0379,-0.0004
2026-09-23T18:19:37Z,2026-09-23 03:56:05,SPXW,2026-09-24,C,7230.0,7764.6401,526.6,2.0,550.6,2.0,0.0,0.0,0.0,0.0,0.9978,0.0,-0.1202,0.0386,0.1975
2026-09-23T18:19:37Z,2026-09-23 03:56:05,SPXW,2026-09-24,P,7230.0,7764.6401,0.1,22.0,0.15,24.0,0.25,2.0,91.0,0.3762,-0.0022,0.0,-0.1204,0.0386,-0.0004
2026-09-23T18:19:37Z,2026-09-23 03:56:05,SPXW,2026-09-24,C,7235.0,7764.6401,521.7,2.0,545.7,2.0,0.0,0.0,0.0,0.0,0.9977,0.0,-0.1222,0.0394,0.1976
2026-09-23T18:19:37Z,2026-09-23 03:56:05,SPXW,2026-09-24,P,7235.0,7764.6401,0.1,22.0,0.15,23.0,0.15,6.0,26.0,0.3729,-0.0022,0.0,-0.1223,0.0394,-0.0005
2026-09-23T18:19:37Z,2026-09-23 03:56:05,SPXW,2026-09-24,C,7240.0,7764.6401,516.7,2.0,540.7,2.0,0.0,0.0,0.0,0.0,0.9977,0.0,-0.1242,0.0402,0.1977
2026-09-23T18:19:37Z,2026-09-23 03:56:05,SPXW,2026-09-24,P,7240.0,7764.6401,0.1,24.0,0.15,23.0,0.2,70.0,109.0,0.3696,-0.0023,0.0,-0.1244,0.0402,-0.0005
2026-09-23T18:19:37Z,2026-09-23 03:56:05,SPXW,2026-09-24,C,7245.0,7764.6401,511.7,2.0,535.7,2.0,0.0,0.0,0.0,0.0,0.9976,0.0,-0.1263,0.041,0.1978
2026-09-23T18:19:37Z,2026-09-23 03:56:05,SPXW,2026-09-24,P,7245.0,7764.6401,0.1,24.0,0.15,22.0,1.25,0.0,13.0,0.3663,-0.0023,0.0,-0.1264,0.041,-0.0005
2026-09-23T18:19:37Z,2026-09-23 03:56:05,SPXW,2026-09-24,C,7250.0,7764.6401,506.9,2.0,530.9,2.0,520.05,4.0,6.0,0.0,0.9976,0.0,-0.1284,0.0418,0.198
2026-09-23T18:19:37Z,2026-09-23 03:56:05,SPXW,2026-09-24,P,7250.0,7764.6401,0.1,25.0,0.15,22.0,0.15,53.0,185.0,0.363,-0.0024,0.0,-0.1285,0.0418,-0.0005
2026-09-23T18:19:37Z,2026-09-23 03:56:05,SPXW,2026-09-24,C,7255.0,7764.6401,501.7,2.0,525.7,2.0,0.0,0.0,0.0,0.0,0.9975,0.0,-0.1305,0.0426,0.1981
2026-09-23T18:19:37Z,2026-09-23 03:56:05,SPXW,2026-09-24,P,7255.0,7764.6401,0.1,25.0,0.15,22.0,0.15,2.0,313.0,0.3599,-0.0024,0.0,-0.1306,0.0427,-0.0005
2026-09-23T18:19:37Z,2026-09-23 03:56:05,SPXW,2026-09-24,C,7260.0,7764.6401,496.7,2.0,520.7,2.0,0.0,0.0,0.0,0.0,0.9975,0.0,-0.1327,0.0435,0.1982
2026-09-23T18:19:37Z,2026-09-23 03:56:05,SPXW,2026-09-24,P,7260.0,7764.6401,0.1,25.0,0.2,112.0,0.15,2.0,89.0,0.3627,-0.0025,0.0,-0.1329,0.0436,-0.0005
2026-09-23T18:19:37Z,2026-09-23 03:56:05,SPXW,2026-09-24,C,7265.0,7764.6401,491.7,2.0,515.7,2.0,0.0,0.0,0.0,0.0,0.9974,0.0,-0.135,0.0444,0.1984
2026-09-23T18:19:37Z,2026-09-23 03:56:05,SPXW,2026-09-24,P,7265.0,7764.6401,0.1,25.0,0.2,111.0,0.15,3.0,416.0,0.3594,-0.0026,0.0,-0.1352,0.0445,-0.0005
2026-09-23T18:19:37Z,2026-09-23 03:56:05,SPXW,2026-09-24,C,7270.0,7764.6401,486.7,2.0,510.7,2.0,0.0,0.0,0.0,0.0,0.9974,0.0,-0.1373,0.0454,0.1985
2026-09-23T18:19:37Z,2026-09-23 03:56:05,SPXW,2026-09-24,P,7270.0,7764.6401,0.1,26.0,0.2,106.0,0.15,77.0,415.0,0.356,-0.0026,0.0,-0.1375,0.0454,-0.0005
2026-09-23T18:19:37Z,2026-09-23 03:56:05,SPXW,2026-09-24,C,7275.0,7764.6401,481.8,2.0,505.8,2.0,511.53,0.0,1.0,0.0,0.9973,0.0,-0.1397,0.0464,0.1986
2026-09-23T18:19:37Z,2026-09-23 03:56:05,SPXW,2026-09-24,P,7275.0,7764.6401,0.1,26.0,0.2,110.0,0.22,5.0,271.0,0.3527,-0.0027,0.0,-0.1399,0.0464,-0.0006
2026-09-23T18:19:37Z,2026-09-23 03:56:05,SPXW,2026-09-24,C,7280.0,7764.6401,476.7,2.0,500.7,2.0,0.0,0.0,0.0,0.0,0.9972,0.0,-0.1421,0.0474,0.1987
2026-09-23T18:19:37Z,2026-09-23 03:56:05,SPXW,2026-09-24,P,7280.0,7764.6401,0.1,27.0,0.2,111.0,0.17,12.0,77.0,0.3494,-0.0027,0.0,-0.1423,0.0474,-0.0006
2026-09-23T18:19:37Z,2026-09-23 03:56:05,SPXW,2026-09-24,C,7285.0,7764.6401,471.7,2.0,495.7,2.0,0.0,0.0,0.0,0.0,0.9972,0.0,-0.1446,0.0484,0.1989
2026-09-23T18:19:37Z,2026-09-23 03:56:05,SPXW,2026-09-24,P,7285.0,7764.6401,0.1,27.0,0.2,107.0,0.25,3.0,69.0,0.3461,-0.0028,0.0,-0.1448,0.0485,-0.0006
2026-09-23T18:19:37Z,2026-09-23 03:56:05,SPXW,2026-09-24,C,7290.0,7764.6401,466.8,2.0,490.8,2.0,329.38,0.0,30.0,0.0,0.9971,0.0,-0.1472,0.0495,0.199
2026-09-23T18:19:37Z,2026-09-23 03:56:05,SPXW,2026-09-24,P,7290.0,7764.6401,0.1,135.0,0.2,105.0,0.25,2.0,73.0,0.3427,-0.0029,0.0,-0.1474,0.0495,-0.0006
2026-09-23T18:19:37Z,2026-09-23 03:56:05,SPXW,2026-09-24,C,7295.0,7764.6401,461.8,2.0,485.8,2.0,0.0,0.0,0.0,0.0,0.997,0.0,-0.1499,0.0506,0.1991
2026-09-23T18:19:37Z,2026-09-23 03:56:05,SPXW,2026-09-24,P,7295.0,7764.6401,0.1,134.0,0.2,51.0,0.25,4.0,52.0,0.3394,-0.0029,0.0,-0.15,0.0506,-0.0006
2026-09-23T18:19:37Z,2026-09-23 03:56:05,SPXW,2026-09-24,C,7300.0,7764.6401,456.7,2.0,480.7,2.0,337.73,0.0,2.0,0.0,0.997,0.0,-0.1526,0.0517,0.1992
2026-09-23T18:19:37Z,2026-09-23 03:56:05,SPXW,2026-09-24,P,7300.0,7764.6401,0.1,141.0,0.2,50.0,0.21,116.0,487.0,0.3361,-0.003,0.0,-0.1528,0.0518,-0.0006
2026-09-23T18:19:37Z,2026-09-23 03:56:05,SPXW,2026-09-24,C,7305.0,7764.6401,451.8,2.0,475.8,2.0,0.0,0.0,0.0,0.0,0.9969,0.0,-0.1554,0.0529,0.1994
2026-09-23T18:19:37Z,2026-09-23 03:56:05,SPXW,2026-09-24,P,7305.0,7764.6401,0.1,151.0,0.2,25.0,0.25,3.0,98.0,0.3327,-0.0031,0.0,-0.1556,0.0529,-0.0006
2026-09-23T18:19:37Z,2026-09-23 03:56:05,SPXW,2026-09-24,C,7310.0,7764.6401,446.7,2.0,470.7,2.0,338.85,0.0,1.0,0.0,0.9968,0.0,-0.1582,0.0541,0.1995
2026-09-23T18:19:37Z,2026-09-23 03:56:05,SPXW,2026-09-24,P,7310.0,7764.6401,0.1,146.0,0.2,23.0,0.25,25.0,128.0,0.3293,-0.0032,0.0,-0.1585,0.0542,-0.0006
2026-09-23T18:19:37Z,2026-09-23 03:56:05,SPXW,2026-09-24,C,7315.0,7764.6401,441.8,2.0,465.8,2.0,0.0,0.0,0.0,0.0,0.9967,0.0001,-0.1612,0.0553,0.1996
2026-09-23T18:19:37Z,2026-09-23 03:56:05,SPXW,2026-09-24,P,7315.0,7764.6401,0.1,192.0,0.2,23.0,0.25,4.0,159.0,0.326,-0.0032,0.0001,-0.1615,0.0554,-0.0007
2026-09-23T18:19:37Z,2026-09-23 03:56:05,SPXW,2026-09-24,C,7320.0,7764.6401,436.9,2.0,460.9,2.0,0.0,0.0,0.0,0.0,0.9966,0.0001,-0.1642,0.0566,0.1997
2026-09-23T18:19:37Z,2026-09-23 03:56:05,SPXW,2026-09-24,P,7320.0,7764.6401,0.1,203.0,0.2,22.0,0.2,3.0,104.0,0.3226,-0.0033,0.0001,-0.1645,0.0567,-0.0007
2026-09-23T18:19:37Z,2026-09-23 03:56:05,SPXW,2026-09-24,C,7325.0,7764.6401,431.7,2.0,455.7,2.0,0.0,0.0,0.0,0.0,0.9966,0.0001,-0.1673,0.0579,0.1998
2026-09-23T18:19:37Z,2026-09-23 03:56:05,SPXW,2026-09-24,P,7325.0,7764.6401,0.1,211.0,0.2,21.0,0.2,8.0,260.0,0.3193,-0.0034,0.0001,-0.1676,0.058,-0.0007
2026-09-23T18:19:37Z,2026-09-23 03:56:05,SPXW,2026-09-24,C,7330.0,7764.6401,426.8,2.0,450.8,2.0,319.05,0.0,1.0,0.0,0.9965,0.0001,-0.1706,0.0592,0.2
2026-09-23T18:19:37Z,2026-09-23 03:56:05,SPXW,2026-09-24,P,7330.0,7764.6401,0.15,21.0,0.2,20.0,0.2,92.0,278.0,0.3209,-0.0035,0.0001,-0.1709,0.0594,-0.0007
2026-09-23T18:19:37Z,2026-09-23 03:56:05,SPXW,2026-09-24,C,7335.0,7764.6401,421.8,2.0,445.8,2.0,0.0,0.0,0.0,0.0,0.9964,0.0001,-0.1739,0.0606,0.2001
2026-09-23T18:19:37Z,2026-09-23 03:56:05,SPXW,2026-09-24,P,7335.0,7764.6401,0.15,22.0,0.2,21.0,0.2,4.0,115.0,0.3174,-0.0036,0.0001,-0.1742,0.0608,-0.0007
2026-09-23T18:19:37Z,2026-09-23 03:56:05,SPXW,2026-09-24,C,7340.0,7764.6401,416.9,2.0,440.9,2.0,286.9,0.0,2.0,0.0,0.9963,0.0001,-0.1773,0.062,0.2002
2026-09-23T18:19:37Z,2026-09-23 03:56:05,SPXW,2026-09-24,P,7340.0,7764.6401,0.15,23.0,0.25,103.0,0.2,44.0,259.0,0.3184,-0.0037,0.0001,-0.1777,0.0622,-0.0008
2026-09-23T18:19:37Z,2026-09-23 03:56:05,SPXW,2026-09-24,C,7345.0,7764.6401,411.9,2.0,435.9,2.0,0.0,0.0,0.0,0.0,0.9962,0.0001,-0.1808,0.0635,0.2003
2026-09-23T18:19:37Z,2026-09-23 03:56:05,SPXW,2026-09-24,P,7345.0,7764.6401,0.15,23.0,0.25,101.0,0.2,25.0,80.0,0.315,-0.0038,0.0001,-0.1812,0.0637,-0.0008
2026-09-23T18:19:37Z,2026-09-23 03:56:05,SPXW,2026-09-24,C,7350.0,7764.6401,406.9,2.0,430.9,2.0,420.39,4.0,18.0,0.0,0.9961,0.0001,-0.1844,0.065,0.2004
2026-09-23T18:19:37Z,2026-09-23 03:56:05,SPXW,2026-09-24,P,7350.0,7764.6401,0.15,24.0,0.25,101.0,0.2,18.0,387.0,0.3115,-0.0039,0.0001,-0.1848,0.0652,-0.0008
2026-09-23T18:19:37Z,2026-09-23 03:56:05,SPXW,2026-09-24,C,7355.0,7764.6401,401.9,2.0,425.9,2.0,0.0,0.0,0.0,0.0,0.996,0.0001,-0.1881,0.0666,0.2005
2026-09-23T18:19:37Z,2026-09-23 03:56:05,SPXW,2026-09-24,P,7355.0,7764.6401,0.15,24.0,0.25,101.0,0.2,5.0,49.0,0.3081,-0.004,0.0001,-0.1886,0.0668,-0.0008
2026-09-23T18:19:37Z,2026-09-23 03:56:05,SPXW,2026-09-24,C,7360.0,7764.6401,396.8,2.0,420.8,2.0,272.88,0.0,1.0,0.0,0.9959,0.0001,-0.192,0.0682,0.2006
2026-09-23T18:19:37Z,2026-09-23 03:56:05,SPXW,2026-09-24,P,7360.0,7764.6401,0.15,25.0,0.25,99.0,0.3,102.0,99.0,0.3047,-0.0041,0.0001,-0.1924,0.0684,-0.0008
2026-09-23T18:19:37Z,2026-09-23 03:56:05,SPXW,2026-09-24,C,7365.0,7764.6401,391.9,2.0,415.9,2.0,0.0,0.0,0.0,0.0,0.9958,0.0001,-0.1959,0.0699,0.2008
2026-09-23T18:19:37Z,2026-09-23 03:56:05,SPXW,2026-09-24,P,7365.0,7764.6401,0.15,151.0,0.25,48.0,0.25,5.0,88.0,0.3013,-0.0042,0.0001,-0.1964,0.0701,-0.0009
2026-09-23T18:19:37Z,2026-09-23 03:56:05,SPXW,2026-09-24,C,7370.0,7764.6401,386.8,2.0,410.8,2.0,0.0,0.0,0.0,0.0,0.9957,0.0001,-0.2,0.0717,0.2009
2026-09-23T18:19:37Z,2026-09-23 03:56:05,SPXW,2026-09-24,P,7370.0,7764.6401,0.15,150.0,0.25,22.0,0.25,25.0,284.0,0.2978,-0.0043,0.0001,-0.2005,0.0719,-0.0009
2026-09-23T18:19:37Z,2026-09-23 03:56:05,SPXW,2026-09-24,C,7375.0,7764.6401,381.6,2.0,405.6,2.0,0.0,0.0,0.0,0.0,0.9956,0.0001,-0.2043,0.0735,0.201
2026-09-23T18:19:37Z,2026-09-23 03:56:05,SPXW,2026-09-24,P,7375.0,7764.6401,0.15,164.0,0.25,21.0,0.3,104.0,725.0,0.2944,-0.0044,0.0001,-0.2047,0.0737,-0.0009
2026-09-23T18:19:37Z,2026-09-23 03:56:05,SPXW,2026-09-24,C,7380.0,7764.6401,376.9,2.0,400.9,2.0,0.0,0.0,0.0,0.0,0.9954,0.0001,-0.2086,0.0754,0.2011
2026-09-23T18:19:37Z,2026-09-23 03:56:05,SPXW,2026-09-24,P,7380.0,7764.6401,0.15,163.0,0.25,20.0,0.27,23.0,258.0,0.2913,-0.0045,0.0001,-0.2086,0.0754,-0.0009
2026-09-23T18:19:37Z,2026-09-23 03:56:05,SPXW,2026-09-24,C,7385.0,7764.6401,371.9,2.0,395.9,2.0,250.29,0.0,1.0,0.0,0.9953,0.0001,-0.2131,0.0773,0.2012
2026-09-23T18:19:37Z,2026-09-23 03:56:05,SPXW,2026-09-24,P,7385.0,7764.6401,0.15,187.0,0.25,19.0,0.25,29.0,164.0,0.2879,-0.0047,0.0001,-0.2131,0.0773,-0.001
2026-09-23T18:19:37Z,2026-09-23 03:56:05,SPXW,2026-09-24,C,7390.0,7764.6401,366.9,2.0,390.9,2.0,241.45,0.0,30.0,0.0,0.9952,0.0001,-0.2178,0.0794,0.2013
2026-09-23T18:19:37Z,2026-09-23 03:56:05,SPXW,2026-09-24,P,7390.0,7764.6401,0.2,19.0,0.25,19.0,0.25,76.0,140.0,0.2881,-0.0048,0.0001,-0.2178,0.0794,-0.001
2026-09-23T18:19:37Z,2026-09-23 03:56:05,SPXW,2026-09-24,C,7395.0,7764.6401,364.1,1.0,385.9,2.0,0.0,0.0,0.0,0.0,0.995,0.0001,-0.2226,0.0815,0.2014
2026-09-23T18:19:37Z,2026-09-23 03:56:05,SPXW,2026-09-24,P,7395.0,7764.6401,0.2,21.0,0.3,97.0,0.3,8.0,206.0,0.2879,-0.0049,0.0001,-0.2226,0.0815,-0.001
2026-09-23T18:19:37Z,2026-09-23 03:56:05,SPXW,2026-09-24,C,7400.0,7764.6401,359.1,1.0,380.9,2.0,231.2,0.0,2.0,0.0,0.9949,0.0001,-0.2276,0.0837,0.2015
2026-09-23T18:19:37Z,2026-09-23 03:56:05,SPXW,2026-09-24,P,7400.0,7764.6401,0.2,22.0,0.3,96.0,0.25,313.0,1981.0,0.2844,-0.0051,0.0001,-0.2276,0.0837,-0.001
2026-09-23T18:19:37Z,2026-09-23 03:56:05,SPXW,2026-09-24,C,7405.0,7764.6401,354.0,3.0,375.9,2.0,0.0,0.0,0.0,0.0,0.9947,0.0001,-0.2327,0.086,0.2016
2026-09-23T18:19:37Z,2026-09-23 03:56:05,SPXW,2026-09-24,P,7405.0,7764.6401,0.2,22.0,0.3,96.0,0.25,4.0,599.0,0.2809,-0.0052,0.0001,-0.2327,0.086,-0.0011
2026-09-23T18:19:37Z,2026-09-23 03:56:05,SPXW,2026-09-24,C,7410.0,7764.6401,349.0,3.0,370.9,2.0,0.0,0.0,0.0,0.0,0.9946,0.0001,-0.2381,0.0883,0.2017
2026-09-23T18:19:37Z,2026-09-23 03:56:05,SPXW,2026-09-24,P,7410.0,7764.6401,0.2,23.0,0.3,47.0,0.25,125.0,459.0,0.2774,-0.0054,0.0001,-0.2381,0.0883,-0.0011
2026-09-23T18:19:37Z,2026-09-23 03:56:05,SPXW,2026-09-24,C,7415.0,7764.6401,344.1,1.0,366.0,2.0,0.0,0.0,0.0,0.0,0.9944,0.0001,-0.2436,0.0908,0.2018
2026-09-23T18:19:37Z,2026-09-23 03:56:05,SPXW,2026-09-24,P,7415.0,7764.6401,0.2,96.0,0.3,21.0,0.3,11.0,298.0,0.2739,-0.0056,0.0001,-0.2436,0.0908,-0.0011
2026-09-23T18:19:37Z,2026-09-23 03:56:05,SPXW,2026-09-24,C,7420.0,7764.6401,339.1,1.0,360.7,2.0,216.36,0.0,1.0,0.0,0.9942,0.0001,-0.2494,0.0933,0.2019
2026-09-23T18:19:37Z,2026-09-23 03:56:05,SPXW,2026-09-24,P,7420.0,7764.6401,0.2,143.0,0.3,20.0,0.3,12.0,1603.0,0.2704,-0.0057,0.0001,-0.2494,0.0933,-0.0012
2026-09-23T18:19:37Z,2026-09-23 03:56:05,SPXW,2026-09-24,C,7425.0,7764.6401,334.1,2.0,355.9,2.0,210.3,0.0,3.0,0.0,0.994,0.0001,-0.2554,0.0959,0.202
2026-09-23T18:19:37Z,2026-09-23 03:56:05,SPXW,2026-09-24,P,7425.0,7764.6401,0.2,149.0,0.3,19.0,0.3,26.0,1868.0,0.2668,-0.0059,0.0001,-0.2556,0.096,-0.0012
2026-09-23T18:19:37Z,2026-09-23 03:56:05,SPXW,2026-09-24,C,7430.0,7764.6401,329.1,1.0,350.9,2.0,0.0,0.0,1.0,0.0,0.9939,0.0001,-0.2616,0.0987,0.2021
2026-09-23T18:19:37Z,2026-09-23 03:56:05,SPXW,2026-09-24,P,7430.0,7764.6401,0.2,173.0,0.3,18.0,0.3,162.0,381.0,0.2633,-0.0061,0.0001,-0.2618,0.0987,-0.0013
2026-09-23T18:19:37Z,2026-09-23 03:56:05,SPXW,2026-09-24,C,7435.0,7764.6401,324.1,1.0,346.0,2.0,0.0,0.0,0.0,0.0,0.9937,0.0001,-0.2681,0.1015,0.2022
2026-09-23T18:19:37Z,2026-09-23 03:56:05,SPXW,2026-09-24,P,7435.0,7764.6401,0.25,18.0,0.3,18.0,0.32,5.0,137.0,0.2626,-0.0063,0.0001,-0.2683,0.1016,-0.0013
2026-09-23T18:19:37Z,2026-09-23 03:56:05,SPXW,2026-09-24,C,7440.0,7764.6401,319.2,1.0,340.9,2.0,190.45,0.0,86.0,0.0,0.9935,0.0001,-0.2748,0.1044,0.2023
2026-09-23T18:19:37Z,2026-09-23 03:56:05,SPXW,2026-09-24,P,7440.0,7764.6401,0.25,20.0,0.35,91.0,0.3,32.0,281.0,0.2616,-0.0065,0.0001,-0.275,0.1045,-0.0013
2026-09-23T18:19:37Z,2026-09-23 03:56:05,SPXW,2026-09-24,C,7445.0,7764.6401,314.2,1.0,335.9,2.0,0.0,0.0,0.0,0.0,0.9932,0.0001,-0.2818,0.1075,0.2024
2026-09-23T18:19:37Z,2026-09-23 03:56:05,SPXW,2026-09-24,P,7445.0,7764.6401,0.25,21.0,0.35,90.0,0.4,5.0,46.0,0.258,-0.0067,0.0001,-0.282,0.1076,-0.0014
2026-09-23T18:19:37Z,2026-09-23 03:56:05,SPXW,2026-09-24,C,7450.0,7764.6401,309.1,3.0,331.0,2.0,185.99,0.0,12.0,0.0,0.993,0.0001,-0.2892,0.1107,0.2025
2026-09-23T18:19:37Z,2026-09-23 03:56:05,SPXW,2026-09-24,P,7450.0,7764.6401,0.25,22.0,0.35,44.0,0.32,53.0,494.0,0.2545,-0.007,0.0001,-0.2894,0.1108,-0.0014
2026-09-23T18:19:37Z,2026-09-23 03:56:05,SPXW,2026-09-24,C,7455.0,7764.6401,304.1,3.0,325.8,2.0,0.0,0.0,0.0,0.0,0.9928,0.0001,-0.2968,0.1141,0.2026
2026-09-23T18:19:37Z,2026-09-23 03:56:05,SPXW,2026-09-24,P,7455.0,7764.6401,0.25,90.0,0.35,18.0,0.35,47.0,114.0,0.2509,-0.0072,0.0001,-0.297,0.1142,-0.0015
2026-09-23T18:19:37Z,2026-09-23 03:56:05,SPXW,2026-09-24,C,7460.0,7764.6401,299.1,3.0,320.9,2.0,188.23,0.0,2.0,0.0,0.9925,0.0002,-0.3047,0.1176,0.2027
2026-09-23T18:19:37Z,2026-09-23 03:56:05,SPXW,2026-09-24,P,7460.0,7764.6401,0.25,144.0,0.35,17.0,0.34,148.0,382.0,0.2473,-0.0074,0.0002,-0.305,0.1177,-0.0015
2026-09-23T18:19:37Z,2026-09-23 03:56:05,SPXW,2026-09-24,C,7465.0,7764.6401,294.1,3.0,316.1,2.0,0.0,0.0,0.0,0.0,0.9923,0.0002,-0.313,0.1213,0.2028
2026-09-23T18:19:37Z,2026-09-23 03:56:05,SPXW,2026-09-24,P,7465.0,7764.6401,0.25,162.0,0.35,17.0,0.35,53.0,118.0,0.2437,-0.0077,0.0002,-0.3133,0.1214,-0.0016
2026-09-23T18:19:37Z,2026-09-23 03:56:05,SPXW,2026-09-24,C,7470.0,7764.6401,289.1,3.0,311.1,2.0,244.6,0.0,2.0,0.0,0.992,0.0002,-0.3217,0.1252,0.2028
2026-09-23T18:19:37Z,2026-09-23 03:56:05,SPXW,2026-09-24,P,7470.0,7764.6401,0.3,19.0,0.4,87.0,0.37,124.0,303.0,0.2446,-0.008,0.0002,-0.322,0.1253,-0.0016
2026-09-23T18:19:37Z,2026-09-23 03:56:05,SPXW,2026-09-24,C,7475.0,7764.6401,284.1,3.0,306.0,2.0,187.93,0.0,5.0,0.0,0.9917,0.0002,-0.3308,0.1293,0.2029
2026-09-23T18:19:37Z,2026-09-23 03:56:05,SPXW,2026-09-24,P,7475.0,7764.6401,0.3,20.0,0.4,87.0,0.4,74.0,294.0,0.2409,-0.0083,0.0002,-0.3311,0.1294,-0.0017
2026-09-23T18:19:37Z,2026-09-23 03:56:05,SPXW,2026-09-24,C,7480.0,7764.6401,279.1,3.0,301.1,2.0,105.6,0.0,1.0,0.0,0.9914,0.0002,-0.3404,0.1336,0.203
2026-09-23T18:19:37Z,2026-09-23 03:56:05,SPXW,2026-09-24,P,7480.0,7764.6401,0.3,20.0,0.4,42.0,0.4,29.0,374.0,0.2373,-0.0086,0.0002,-0.3406,0.1337,-0.0018
2026-09-23T18:19:37Z,2026-09-23 03:56:05,SPXW,2026-09-24,C,7485.0,7764.6401,274.2,1.0,296.0,2.0,285.29,2.0,4.0,0.0,0.9911,0.0002,-0.3504,0.138,0.2031
2026-09-23T18:19:37Z,2026-09-23 03:56:05,SPXW,2026-09-24,P,7485.0,7764.6401,0.3,46.0,0.4,17.0,0.37,94.0,224.0,0.2336,-0.0089,0.0002,-0.3507,0.1382,-0.0018
2026-09-23T18:19:37Z,2026-09-23 03:56:05,SPXW,2026-09-24,C,7490.0,7764.6401,269.2,2.0,290.9,2.0,233.6,0.0,20.0,0.0,0.9907,0.0002,-0.3609,0.1427,0.2031
2026-09-23T18:19:37Z,2026-09-23 03:56:05,SPXW,2026-09-24,P,7490.0,7764.6401,0.3,88.0,0.4,16.0,0.4,23.0,287.0,0.23,-0.0092,0.0002,-0.3612,0.1429,-0.0019
2026-09-23T18:19:37Z,2026-09-23 03:56:05,SPXW,2026-09-24,C,7495.0,7764.6401,264.2,2.0,285.8,2.0,0.0,0.0,1.0,0.0,0.9904,0.0002,-0.372,0.1476,0.2032
2026-09-23T18:19:37Z,2026-09-23 03:56:05,SPXW,2026-09-24,P,7495.0,7764.6401,0.35,16.0,0.4,16.0,0.4,10.0,170.0,0.2282,-0.0096,0.0002,-0.3723,0.1478,-0.002
2026-09-23T18:19:37Z,2026-09-23 03:56:05,SPXW,2026-09-24,C,7500.0,7764.6401,259.2,3.0,281.0,2.0,270.74,1.0,40.0,0.0,0.99,0.0002,-0.3837,0.1528,0.2032
2026-09-23T18:19:37Z,2026-09-23 03:56:05,SPXW,2026-09-24,P,7500.0,7764.6401,0.35,19.0,0.45,42.0,0.4,1135.0,454.0,0.2265,-0.01,0.0002,-0.3837,0.1528,-0.0021
2026-09-23T18:19:37Z,2026-09-23 03:56:05,SPXW,2026-09-24,C,7505.0,7764.6401,254.2,3.0,276.1,2.0,146.36,0.0,2.0,0.0,0.9896,0.0002,-0.3961,0.1582,0.2033
2026-09-23T18:19:37Z,2026-09-23 03:56:05,SPXW,2026-09-24,P,7505.0,7764.6401,0.35,20.0,0.45,17.0,0.42,19.0,66.0,0.2228,-0.0104,0.0002,-0.3961,0.1582,-0.0022
2026-09-23T18:19:37Z,2026-09-23 03:56:05,SPXW,2026-09-24,C,7510.0,7764.6401,249.3,1.0,271.1,2.0,260.82,1.0,37.0,0.0,0.9892,0.0002,-0.4091,0.1638,0.2034
2026-09-23T18:19:37Z,2026-09-23 03:56:05,SPXW,2026-09-24,P,7510.0,7764.6401,0.35,45.0,0.45,16.0,0.45,64.0,191.0,0.219,-0.0108,0.0002,-0.4091,0.1638,-0.0022
2026-09-23T18:19:37Z,2026-09-23 03:56:05,SPXW,2026-09-24,C,7515.0,7764.6401,244.3,1.0,266.2,2.0,255.36,1.0,19.0,0.0,0.9887,0.0003,-0.423,0.1698,0.2034
2026-09-23T18:19:37Z,2026-09-23 03:56:05,SPXW,2026-09-24,P,7515.0,7764.6401,0.35,84.0,0.45,15.0,0.45,68.0,438.0,0.2153,-0.0112,0.0003,-0.423,0.1698,-0.0023
2026-09-23T18:19:37Z,2026-09-23 03:56:05,SPXW,2026-09-24,C,7520.0,7764.6401,239.3,2.0,261.1,2.0,192.56,0.0,118.0,0.0,0.9882,0.0003,-0.4376,0.1762,0.2034
2026-09-23T18:19:37Z,2026-09-23 03:56:05,SPXW,2026-09-24,P,7520.0,7764.6401,0.4,19.0,0.5,39.0,0.46,82.0,295.0,0.2147,-0.0118,0.0003,-0.438,0.1764,-0.0024
2026-09-23T18:19:37Z,2026-09-23 03:56:05,SPXW,2026-09-24,C,7525.0,7764.6401,234.3,3.0,256.1,2.0,218.09,0.0,19.0,0.0,0.9877,0.0003,-0.4532,0.1829,0.2035
2026-09-23T18:19:37Z,2026-09-23 03:56:05,SPXW,2026-09-24,P,7525.0,7764.6401,0.4,43.0,0.5,15.0,0.5,615.0,744.0,0.211,-0.0123,0.0003,-0.4536,0.1831,-0.0025
2026-09-23T18:19:37Z,2026-09-23 03:56:05,SPXW,2026-09-24,C,7530.0,7764.6401,229.3,3.0,251.1,2.0,212.91,0.0,33.0,0.0,0.9872,0.0003,-0.4697,0.1901,0.2035
2026-09-23T18:19:37Z,2026-09-23 03:56:05,SPXW,2026-09-24,P,7530.0,7764.6401,0.4,81.0,0.5,15.0,0.45,125.0,328.0,0.2072,-0.0128,0.0003,-0.4701,0.1903,-0.0026
2026-09-23T18:19:37Z,2026-09-23 03:56:05,SPXW,2026-09-24,C,7535.0,7764.6401,224.3,3.0,246.1,2.0,122.68,0.0,14.0,0.0,0.9866,0.0003,-0.4873,0.1977,0.2035
2026-09-23T18:19:37Z,2026-09-23 03:56:05,SPXW,2026-09-24,P,7535.0,7764.6401,0.45,20.0,0.55,44.0,0.5,153.0,101.0,0.2063,-0.0134,0.0003,-0.4878,0.1979,-0.0028
2026-09-23T18:19:37Z,2026-09-23 03:56:05,SPXW,2026-09-24,C,7540.0,7764.6401,219.3,3.0,241.1,2.0,231.6,0.0,23.0,0.0,0.9859,0.0003,-0.506,0.2058,0.2035
2026-09-23T18:19:37Z,2026-09-23 03:56:05,SPXW,2026-09-24,P,7540.0,7764.6401,0.45,22.0,0.55,19.0,0.5,151.0,527.0,0.2025,-0.014,0.0003,-0.506,0.2058,-0.0029
2026-09-23T18:19:37Z,2026-09-23 03:56:05,SPXW,2026-09-24,C,7545.0,7764.6401,214.3,2.0,236.2,2.0,180.7,0.0,10.0,0.0,0.9853,0.0004,-0.5261,0.2144,0.2035
2026-09-23T18:19:37Z,2026-09-23 03:56:05,SPXW,2026-09-24,P,7545.0,7764.6401,0.45,90.0,0.55,14.0,0.55,172.0,326.0,0.1987,-0.0147,0.0004,-0.5261,0.2144,-0.0031
2026-09-23T18:19:37Z,2026-09-23 03:56:05,SPXW,2026-09-24,C,7550.0,7764.6401,209.4,3.0,231.3,2.0,219.17,8.0,46.0,0.0,0.9845,0.0004,-0.5476,0.2234,0.2035
2026-09-23T18:19:37Z,2026-09-23 03:56:05,SPXW,2026-09-24,P,7550.0,7764.6401,0.5,21.0,0.6,44.0,0.55,262.0,1142.0,0.1974,-0.0154,0.0004,-0.5476,0.2234,-0.0032
2026-09-23T18:19:37Z,2026-09-23 03:56:05,SPXW,2026-09-24,C,7555.0,7764.6401,204.4,2.0,226.2,2.0,150.15,0.0,15.0,0.0,0.9838,0.0004,-0.5707,0.2331,0.2034
2026-09-23T18:19:37Z,2026-09-23 03:56:05,SPXW,2026-09-24,P,7555.0,7764.6401,0.5,44.0,0.6,19.0,0.56,32.0,332.0,0.1935,-0.0162,0.0004,-0.5707,0.2331,-0.0034
2026-09-23T18:19:37Z,2026-09-23 03:56:05,SPXW,2026-09-24,C,7560.0,7764.6401,200.3,4.0,219.4,2.0,218.0,0.0,47.0,0.0,0.9829,0.0004,-0.5956,0.2433,0.2034
2026-09-23T18:19:37Z,2026-09-23 03:56:05,SPXW,2026-09-24,P,7560.0,7764.6401,0.55,19.0,0.65,41.0,0.6,131.0,233.0,0.192,-0.017,0.0004,-0.5956,0.2433,-0.0036
2026-09-23T18:19:37Z,2026-09-23 03:56:05,SPXW,2026-09-24,C,7565.0,7764.6401,196.4,2.0,214.3,2.0,103.3,0.0,23.0,0.0,0.982,0.0004,-0.6224,0.2542,0.2034
2026-09-23T18:19:37Z,2026-09-23 03:56:05,SPXW,2026-09-24,P,7565.0,7764.6401,0.55,42.0,0.65,17.0,0.6,107.0,199.0,0.188,-0.018,0.0004,-0.6224,0.2542,-0.0037
2026-09-23T18:19:37Z,2026-09-23 03:56:05,SPXW,2026-09-24,C,7570.0,7764.6401,191.5,3.0,209.4,2.0,196.99,1.0,22.0,0.0,0.981,0.0005,-0.6512,0.266,0.2033
2026-09-23T18:19:37Z,2026-09-23 03:56:05,SPXW,2026-09-24,P,7570.0,7764.6401,0.6,18.0,0.7,39.0,0.6,129.0,185.0,0.1862,-0.019,0.0005,-0.6512,0.266,-0.0039
2026-09-23T18:19:37Z,2026-09-23 03:56:05,SPXW,2026-09-24,C,7575.0,7764.6401,186.5,3.0,204.3,1.0,193.77,3.0,39.0,0.0,0.98,0.0005,-0.6824,0.2786,0.2032
2026-09-23T18:19:37Z,2026-09-23 03:56:05,SPXW,2026-09-24,P,7575.0,7764.6401,0.65,4.0,0.75,39.0,0.65,819.0,752.0,0.1843,-0.02,0.0005,-0.6824,0.2786,-0.0042
2026-09-23T18:19:37Z,2026-09-23 03:56:05,SPXW,2026-09-24,C,7580.0,7764.6401,181.5,2.0,199.2,1.0,197.62,0.0,38.0,0.0,0.9788,0.0005,-0.7161,0.2922,0.2031
2026-09-23T18:19:37Z,2026-09-23 03:56:05,SPXW,2026-09-24,P,7580.0,7764.6401,0.65,19.0,0.75,16.0,0.7,186.0,298.0,0.1802,-0.0212,0.0005,-0.7161,0.2922,-0.0044
2026-09-23T18:19:37Z,2026-09-23 03:56:05,SPXW,2026-09-24,C,7585.0,7764.6401,176.6,3.0,194.7,2.0,187.06,30.0,55.0,0.0,0.9775,0.0006,-0.7527,0.3067,0.203
2026-09-23T18:19:37Z,2026-09-23 03:56:05,SPXW,2026-09-24,P,7585.0,7764.6401,0.7,18.0,0.8,37.0,0.75,1285.0,1326.0,0.178,-0.0224,0.0006,-0.7527,0.3067,-0.0047
2026-09-23T18:19:37Z,2026-09-23 03:56:05,SPXW,2026-09-24,C,7590.0,7764.6401,171.7,1.0,189.7,2.0,182.82,1.0,105.0,0.0,0.9762,0.0006,-0.7925,0.3222,0.2028
2026-09-23T18:19:37Z,2026-09-23 03:56:05,SPXW,2026-09-24,P,7590.0,7764.6401,0.75,18.0,0.85,37.0,0.8,161.0,248.0,0.1757,-0.0238,0.0006,-0.7925,0.3222,-0.005
2026-09-23T18:19:37Z,2026-09-23 03:56:05,SPXW,2026-09-24,C,7595.0,7764.6401,176.8,2.0,178.0,3.0,176.23,481.0,474.0,0.1715,0.9747,0.0006,-0.8359,0.3388,0.2026
2026-09-23T18:19:37Z,2026-09-23 03:56:05,SPXW,2026-09-24,P,7595.0,7764.6401,0.8,16.0,0.9,36.0,0.8,215.0,143.0,0.1732,-0.0253,0.0006,-0.8359,0.3388,-0.0053
2026-09-23T18:19:37Z,2026-09-23 03:56:05,SPXW,2026-09-24,C,7600.0,7764.6401,171.9,3.0,173.0,2.0,182.43,2.0,147.0,0.1674,0.973,0.0007,-0.8832,0.3566,0.2024
2026-09-23T18:19:37Z,2026-09-23 03:56:05,SPXW,2026-09-24,P,7600.0,7764.6401,0.85,3.0,0.95,35.0,0.87,1853.0,950.0,0.1706,-0.0269,0.0007,-0.8832,0.3566,-0.0056
2026-09-23T18:19:37Z,2026-09-23 03:56:05,SPXW,2026-09-24,C,7605.0,7764.6401,156.8,3.0,174.9,2.0,126.6,0.0,74.0,0.0,0.9712,0.0007,-0.9349,0.3758,0.2022
2026-09-23T18:19:37Z,2026-09-23 03:56:05,SPXW,2026-09-24,P,7605.0,7764.6401,0.9,15.0,1.0,34.0,0.95,207.0,170.0,0.1679,-0.0287,0.0007,-0.9349,0.3758,-0.006
2026-09-23T18:19:37Z,2026-09-23 03:56:05,SPXW,2026-09-24,C,7610.0,7764.6401,162.0,2.0,163.1,2.0,161.85,11.0,247.0,0.1636,0.9693,0.0008,-0.9914,0.3967,0.2019
2026-09-23T18:19:37Z,2026-09-23 03:56:05,SPXW,2026-09-24,P,7610.0,7764.6401,0.95,15.0,1.05,14.0,1.05,7417.0,1415.0,0.1651,-0.0307,0.0008,-0.9914,0.3967,-0.0064
2026-09-23T18:19:37Z,2026-09-23 03:56:05,SPXW,2026-09-24,C,7615.0,7764.6401,157.1,3.0,158.2,2.0,163.61,15.0,258.0,0.0,0.9671,0.0008,-1.0531,0.4193,0.2016
2026-09-23T18:19:37Z,2026-09-23 03:56:05,SPXW,2026-09-24,P,7615.0,7764.6401,1.0,15.0,1.1,13.0,1.05,115.0,145.0,0.1621,-0.0328,0.0008,-1.0531,0.4193,-0.0069
2026-09-23T18:19:37Z,2026-09-23 03:56:05,SPXW,2026-09-24,C,7620.0,7764.6401,142.0,1.0,160.1,2.0,157.06,10.0,84.0,0.0,0.9647,0.0009,-1.1208,0.4435,0.2012
2026-09-23T18:19:37Z,2026-09-23 03:56:05,SPXW,2026-09-24,P,7620.0,7764.6401,1.05,36.0,1.2,31.0,1.15,6389.0,285.0,0.1597,-0.0352,0.0009,-1.1208,0.4435,-0.0074
2026-09-23T18:19:37Z,2026-09-23 03:56:05,SPXW,2026-09-24,C,7625.0,7764.6401,147.2,2.0,148.4,3.0,149.43,2.0,133.0,0.157,0.9621,0.001,-1.1952,0.4694,0.2008
2026-09-23T18:19:37Z,2026-09-23 03:56:05,SPXW,2026-09-24,P,7625.0,7764.6401,1.15,15.0,1.3,30.0,1.2,177.0,403.0,0.1577,-0.0378,0.001,-1.1952,0.4694,-0.0079
2026-09-23T18:19:37Z,2026-09-23 03:56:05,SPXW,2026-09-24,C,7630.0,7764.6401,132.1,3.0,150.3,2.0,141.73,3.0,84.0,0.0,0.9592,0.0011,-1.2769,0.4973,0.2003
2026-09-23T18:19:37Z,2026-09-23 03:56:05,SPXW,2026-09-24,P,7630.0,7764.6401,1.25,14.0,1.35,13.0,1.27,329.0,377.0,0.155,-0.0407,0.0011,-1.2769,0.4973,-0.0085
2026-09-23T18:19:37Z,2026-09-23 03:56:05,SPXW,2026-09-24,C,7635.0,7764.6401,127.2,3.0,145.4,2.0,131.08,0.0,91.0,0.0,0.9561,0.0012,-1.3666,0.5275,0.1998
2026-09-23T18:19:37Z,2026-09-23 03:56:05,SPXW,2026-09-24,P,7635.0,7764.6401,1.35,23.0,1.45,12.0,1.4,305.0,209.0,0.1526,-0.0439,0.0012,-1.3666,0.5275,-0.0092
2026-09-23T18:19:37Z,2026-09-23 03:56:05,SPXW,2026-09-24,C,7640.0,7764.6401,132.5,3.0,133.6,2.0,134.87,7.0,182.0,0.1489,0.9526,0.0012,-1.4651,0.5603,0.1992
2026-09-23T18:19:37Z,2026-09-23 03:56:05,SPXW,2026-09-24,P,7640.0,7764.6401,1.45,22.0,1.6,29.0,1.67,2283.0,2151.0,0.1505,-0.0474,0.0012,-1.4651,0.5603,-0.0099
2026-09-23T18:19:37Z,2026-09-23 03:56:05,SPXW,2026-09-24,C,7645.0,7764.6401,127.6,3.0,128.8,3.0,125.2,491.0,569.0,0.1481,0.9487,0.0013,-1.5733,0.5956,0.1985
2026-09-23T18:19:37Z,2026-09-23 03:56:05,SPXW,2026-09-24,P,7645.0,7764.6401,1.55,19.0,1.7,23.0,1.6,115.0,176.0,0.1477,-0.0513,0.0013,-1.5733,0.5956,-0.0108
2026-09-23T18:19:37Z,2026-09-23 03:56:05,SPXW,2026-09-24,C,7650.0,7764.6401,122.8,2.0,123.9,3.0,120.47,28.0,345.0,0.1451,0.9444,0.0014,-1.6924,0.6332,0.1977
2026-09-23T18:19:37Z,2026-09-23 03:56:05,SPXW,2026-09-24,P,7650.0,7764.6401,1.7,18.0,1.85,22.0,1.75,1753.0,1352.0,0.1457,-0.0556,0.0014,-1.6924,0.6332,-0.0117
2026-09-23T18:19:37Z,2026-09-23 03:56:05,SPXW,2026-09-24,C,7655.0,7764.6401,117.9,2.0,119.1,3.0,123.37,5.0,320.0,0.1428,0.9396,0.0016,-1.8234,0.6736,0.1969
2026-09-23T18:19:37Z,2026-09-23 03:56:05,SPXW,2026-09-24,P,7655.0,7764.6401,1.85,16.0,2.0,21.0,1.85,262.0,166.0,0.1433,-0.0603,0.0016,-1.8234,0.6736,-0.0127
2026-09-23T18:19:37Z,2026-09-23 03:56:05,SPXW,2026-09-24,C,7660.0,7764.6401,113.1,2.0,114.2,2.0,118.52,80.0,282.0,0.1402,0.9344,0.0017,-1.967,0.7173,0.1959
2026-09-23T18:19:37Z,2026-09-23 03:56:05,SPXW,2026-09-24,P,7660.0,7764.6401,2.0,18.0,2.15,8.0,2.11,388.0,302.0,0.1408,-0.0656,0.0017,-1.967,0.7173,-0.0138
2026-09-23T18:19:37Z,2026-09-23 03:56:05,SPXW,2026-09-24,C,7665.0,7764.6401,108.3,2.0,109.4,2.0,111.96,29.0,102.0,0.1382,0.9286,0.0018,-2.1245,0.7644,0.1948
2026-09-23T18:19:37Z,2026-09-23 03:56:05,SPXW,2026-09-24,P,7665.0,7764.6401,2.2,16.0,2.35,8.0,2.4,2268.0,2052.0,0.1387,-0.0714,0.0018,-2.1245,0.7644,-0.015
2026-09-23T18:19:37Z,2026-09-23 03:56:05,SPXW,2026-09-24,C,7670.0,7764.6401,103.5,2.0,104.6,2.0,99.59,11.0,168.0,0.1358,0.9221,0.002,-2.2972,0.8145,0.1936
2026-09-23T18:19:37Z,2026-09-23 03:56:05,SPXW,2026-09-24,P,7670.0,7764.6401,2.4,14.0,2.55,7.0,2.5,354.0,200.0,0.1363,-0.0779,0.002,-2.2972,0.8145,-0.0164
2026-09-23T18:19:37Z,2026-09-23 03:56:05,SPXW,2026-09-24,C,7675.0,7764.6401,98.8,2.0,99.8,2.0,93.12,47.0,574.0,0.1338,0.9149,0.0022,-2.4863,0.8676,0.1922
2026-09-23T18:19:37Z,2026-09-23 03:56:05,SPXW,2026-09-24,P,7675.0,7764.6401,2.65,16.0,2.8,19.0,2.77,1969.0,1425.0,0.1343,-0.0851,0.0022,-2.4863,0.8676,-0.0179
2026-09-23T18:19:37Z,2026-09-23 03:56:05,SPXW,2026-09-24,C,7680.0,7764.6401,94.0,2.0,95.0,2.0,99.94,9.0,102.0,0.1315,0.9069,0.0024,-2.6928,0.9248,0.1906
2026-09-23T18:19:37Z,2026-09-23 03:56:05,SPXW,2026-09-24,P,7680.0,7764.6401,2.9,13.0,3.1,18.0,3.3,372.0,211.0,0.1322,-0.0931,0.0024,-2.6928,0.9248,-0.0196
2026-09-23T18:19:37Z,2026-09-23 03:56:05,SPXW,2026-09-24,C,7685.0,7764.6401,89.3,2.0,90.3,2.0,91.68,1963.0,2029.0,0.1294,0.898,0.0026,-2.9176,0.986,0.1889
2026-09-23T18:19:37Z,2026-09-23 03:56:05,SPXW,2026-09-24,P,7685.0,7764.6401,3.2,11.0,3.4,15.0,3.4,292.0,141.0,0.1301,-0.1019,0.0026,-2.9176,0.986,-0.0215
2026-09-23T18:19:37Z,2026-09-23 03:56:05,SPXW,2026-09-24,C,7690.0,7764.6401,84.6,3.0,85.7,2.0,85.22,167.0,278.0,0.1275,0.8882,0.0028,-3.1621,1.05,0.1869
2026-09-23T18:19:37Z,2026-09-23 03:56:05,SPXW,2026-09-24,P,7690.0,7764.6401,3.5,22.0,3.7,16.0,3.6,229.0,208.0,0.1276,-0.1118,0.0028,-3.1621,1.05,-0.0236
2026-09-23T18:19:37Z,2026-09-23 03:56:05,SPXW,2026-09-24,C,7695.0,7764.6401,80.0,2.0,81.0,2.0,80.64,908.0,1053.0,0.1252,0.8773,0.0031,-3.4272,1.1176,0.1847
2026-09-23T18:19:37Z,2026-09-23 03:56:05,SPXW,2026-09-24,P,7695.0,7764.6401,3.9,11.0,4.1,12.0,4.4,330.0,99.0,0.1258,-0.1227,0.0031,-3.4272,1.1176,-0.0259
2026-09-23T18:19:37Z,2026-09-23 03:56:05,SPXW,2026-09-24,C,7700.0,7764.6401,75.4,2.0,76.4,2.0,81.14,545.0,1155.0,0.123,0.8652,0.0033,-3.713,1.1897,0.1823
2026-09-23T18:19:37Z,2026-09-23 03:56:05,SPXW,2026-09-24,P,7700.0,7764.6401,4.3,11.0,4.5,13.0,4.9,2103.0,1234.0,0.1235,-0.1348,0.0033,-3.713,1.1897,-0.0285
2026-09-23T18:19:37Z,2026-09-23 03:56:05,SPXW,2026-09-24,C,7705.0,7764.6401,70.9,2.0,71.9,3.0,68.39,68.0,167.0,0.1208,0.8517,0.0036,-4.0198,1.2644,0.1795
2026-09-23T18:19:37Z,2026-09-23 03:56:05,SPXW,2026-09-24,P,7705.0,7764.6401,4.8,7.0,5.0,16.0,5.3,251.0,162.0,0.1213,-0.1483,0.0036,-4.0198,1.2644,-0.0314
2026-09-23T18:19:37Z,2026-09-23 03:56:05,SPXW,2026-09-24,C,7710.0,7764.6401,66.4,3.0,67.4,3.0,63.63,1999.0,2167.0,0.119,0.8368,0.0039,-4.3473,1.3416,0.1765
2026-09-23T18:19:37Z,2026-09-23 03:56:05,SPXW,2026-09-24,P,7710.0,7764.6401,5.3,7.0,5.5,21.0,5.7,437.0,568.0,0.1195,-0.1632,0.0039,-4.3473,1.3416,-0.0346
2026-09-23T18:19:37Z,2026-09-23 03:56:05,SPXW,2026-09-24,C,7715.0,7764.6401,62.0,3.0,63.1,3.0,59.03,127.0,204.0,0.1167,0.8202,0.0042,-4.6936,1.4224,0.1731
2026-09-23T18:19:37Z,2026-09-23 03:56:05,SPXW,2026-09-24,P,7715.0,7764.6401,5.9,4.0,6.1,18.0,6.31,460.0,210.0,0.1175,-0.1797,0.0042,-4.6936,1.4224,-0.0381
2026-09-23T18:19:37Z,2026-09-23 03:56:05,SPXW,2026-09-24,C,7720.0,7764.6401,57.7,3.0,58.8,3.0,58.66,967.0,1122.0,0.115,0.802,0.0046,-5.0562,1.5042,0.1693
2026-09-23T18:19:37Z,2026-09-23 03:56:05,SPXW,2026-09-24,P,7720.0,7764.6401,6.6,4.0,6.8,18.0,7.2,651.0,245.0,0.1157,-0.198,0.0046,-5.0562,1.5042,-0.0421
2026-09-23T18:19:37Z,2026-09-23 03:56:05,SPXW,2026-09-24,C,7725.0,7764.6401,53.4,3.0,54.5,2.0,50.88,132.0,264.0,0.1133,0.7818,0.0049,-5.4313,1.5865,0.1652
2026-09-23T18:19:37Z,2026-09-23 03:56:05,SPXW,2026-09-24,P,7725.0,7764.6401,7.3,12.0,7.6,18.0,7.95,694.0,285.0,0.1138,-0.2181,0.0049,-5.4313,1.5865,-0.0463
2026-09-23T18:19:37Z,2026-09-23 03:56:05,SPXW,2026-09-24,C,7730.0,7764.6401,49.3,3.0,50.4,2.0,47.73,176.0,438.0,0.1115,0.7598,0.0052,-5.8125,1.6697,0.1605
2026-09-23T18:19:37Z,2026-09-23 03:56:05,SPXW,2026-09-24,P,7730.0,7764.6401,8.2,12.0,8.5,18.0,9.1,420.0,104.0,0.1122,-0.2402,0.0052,-5.8125,1.6697,-0.0511
2026-09-23T18:19:37Z,2026-09-23 03:56:05,SPXW,2026-09-24,C,7735.0,7764.6401,45.4,3.0,46.4,2.0,48.31,98.0,155.0,0.1102,0.7356,0.0056,-6.1922,1.7495,0.1555
2026-09-23T18:19:37Z,2026-09-23 03:56:05,SPXW,2026-09-24,P,7735.0,7764.6401,9.2,5.0,9.5,17.0,10.2,314.0,76.0,0.1106,-0.2644,0.0056,-6.1922,1.7495,-0.0563
2026-09-23T18:19:37Z,2026-09-23 03:56:05,SPXW,2026-09-24,C,7740.0,7764.6401,41.7,3.0,42.1,3.0,39.4,280.0,357.0,0.1083,0.7094,0.0059,-6.5608,1.827,0.15
2026-09-23T18:19:37Z,2026-09-23 03:56:05,SPXW,2026-09-24,P,7740.0,7764.6401,10.3,12.0,10.6,17.0,11.5,346.0,158.0,0.1089,-0.2906,0.0059,-6.5608,1.827,-0.0619
2026-09-23T18:19:37Z,2026-09-23 03:56:05,SPXW,2026-09-24,C,7745.0,7764.6401,38.1,3.0,38.4,6.0,36.51,271.0,369.0,0.107,0.6811,0.0063,-6.9057,1.8985,0.144
2026-09-23T18:19:37Z,2026-09-23 03:56:05,SPXW,2026-09-24,P,7745.0,7764.6401,11.6,4.0,11.8,7.0,13.3,263.0,91.0,0.1071,-0.3189,0.0063,-6.9057,1.8985,-0.068
2026-09-23T18:19:37Z,2026-09-23 03:56:05,SPXW,2026-09-24,C,7750.0,7764.6401,34.5,5.0,34.8,3.0,33.2,988.0,824.0,0.1059,0.6508,0.0066,-7.2145,1.9624,0.1377
2026-09-23T18:19:37Z,2026-09-23 03:56:05,SPXW,2026-09-24,P,7750.0,7764.6401,13.0,5.0,13.3,12.0,14.46,518.0,249.0,0.1062,-0.3492,0.0066,-7.2145,1.9624,-0.0745
2026-09-23T18:19:37Z,2026-09-23 03:56:05,SPXW,2026-09-24,C,7755.0,7764.6401,31.1,6.0,31.4,3.0,29.4,305.0,341.0,0.1047,0.6186,0.0068,-7.4721,2.0171,0.1308
2026-09-23T18:19:37Z,2026-09-23 03:56:05,SPXW,2026-09-24,P,7755.0,7764.6401,14.6,4.0,14.9,12.0,16.3,483.0,67.0,0.105,-0.3814,0.0068,-7.4721,2.0171,-0.0814
2026-09-23T18:19:37Z,2026-09-23 03:56:05,SPXW,2026-09-24,C,7760.0,7764.6401,27.9,7.0,28.2,3.0,26.85,699.0,448.0,0.1037,0.5847,0.0071,-7.6656,2.0595,0.1238
2026-09-23T18:19:37Z,2026-09-23 03:56:05,SPXW,2026-09-24,P,7760.0,7764.6401,16.4,3.0,16.7,12.0,18.29,778.0,129.0,0.104,-0.4152,0.0071,-7.6656,2.0595,-0.0887
2026-09-23T18:19:37Z,2026-09-23 03:56:05,SPXW,2026-09-24,C,7765.0,7764.6401,24.9,9.0,25.2,3.0,24.12,1190.0,367.0,0.1026,0.5495,0.0072,-7.7816,2.0888,0.1163
2026-09-23T18:19:37Z,2026-09-23 03:56:05,SPXW,2026-09-24,P,7765.0,7764.6401,18.4,3.0,18.7,12.0,20.4,589.0,109.0,0.103,-0.4505,0.0072,-7.7816,2.0888,-0.0963
2026-09-23T18:19:37Z,2026-09-23 03:56:05,SPXW,2026-09-24,C,7770.0,7764.6401,22.1,14.0,22.4,3.0,21.45,1594.0,720.0,0.1019,0.5133,0.0074,-7.8114,2.1027,0.1086
2026-09-23T18:19:37Z,2026-09-23 03:56:05,SPXW,2026-09-24,P,7770.0,7764.6401,20.6,3.0,20.9,12.0,23.4,1326.0,189.0,0.1022,-0.4867,0.0074,-7.8114,2.1027,-0.104
2026-09-23T18:19:37Z,2026-09-23 03:56:05,SPXW,2026-09-24,C,7775.0,7764.6401,19.5,17.0,19.8,3.0,18.7,2058.0,1819.0,0.1014,0.4765,0.0074,-7.7485,2.1004,0.1008
2026-09-23T18:19:37Z,2026-09-23 03:56:05,SPXW,2026-09-24,P,7775.0,7764.6401,23.0,3.0,23.3,9.0,26.2,1163.0,99.0,0.1018,-0.5235,0.0074,-7.7485,2.1004,-0.112
2026-09-23T18:19:37Z,2026-09-23 03:56:05,SPXW,2026-09-24,C,7780.0,7764.6401,17.2,9.0,17.5,12.0,16.8,1001.0,1870.0,0.1011,0.4396,0.0074,-7.5931,2.0817,0.093
2026-09-23T18:19:37Z,2026-09-23 03:56:05,SPXW,2026-09-24,P,7780.0,7764.6401,25.6,16.0,26.0,16.0,29.3,478.0,56.0,0.1012,-0.5604,0.0074,-7.5931,2.0817,-0.12
2026-09-23T18:19:37Z,2026-09-23 03:56:05,SPXW,2026-09-24,C,7785.0,7764.6401,15.0,17.0,15.3,3.0,14.7,1339.0,506.0,0.1005,0.403,0.0072,-7.3486,2.0461,0.0852
2026-09-23T18:19:37Z,2026-09-23 03:56:05,SPXW,2026-09-24,P,7785.0,7764.6401,28.5,3.0,28.8,7.0,32.3,296.0,20.0,0.1009,-0.597,0.0072,-7.3486,2.0461,-0.1279
2026-09-23T18:19:37Z,2026-09-23 03:56:05,SPXW,2026-09-24,C,7790.0,7764.6401,13.1,17.0,13.4,12.0,12.6,690.0,394.0,0.1006,0.3672,0.007,-7.0251,1.9956,0.0776
2026-09-23T18:19:37Z,2026-09-23 03:56:05,SPXW,2026-09-24,P,7790.0,7764.6401,31.5,9.0,31.9,9.0,34.1,284.0,60.0,0.1007,-0.6328,0.007,-7.0251,1.9956,-0.1356
2026-09-23T18:19:37Z,2026-09-23 03:56:05,SPXW,2026-09-24,C,7795.0,7764.6401,11.4,9.0,11.6,5.0,11.2,473.0,477.0,0.1005,0.3326,0.0068,-6.6351,1.93,0.0703
2026-09-23T18:19:37Z,2026-09-23 03:56:05,SPXW,2026-09-24,P,7795.0,7764.6401,34.8,7.0,35.1,4.0,38.9,123.0,24.0,0.1009,-0.6674,0.0068,-6.6351,1.93,-0.1431
2026-09-23T18:19:37Z,2026-09-23 03:56:05,SPXW,2026-09-24,C,7800.0,7764.6401,9.8,18.0,10.1,12.0,9.52,4460.0,1415.0,0.1005,0.2996,0.0065,-6.195,1.8532,0.0633
2026-09-23T18:19:37Z,2026-09-23 03:56:05,SPXW,2026-09-24,P,7800.0,7764.6401,37.9,3.0,38.9,2.0,41.18,151.0,334.0,0.1009,-0.7004,0.0065,-6.195,1.8532,-0.1502
2026-09-23T18:19:37Z,2026-09-23 03:56:05,SPXW,2026-09-24,C,7805.0,7764.6401,8.5,8.0,8.7,5.0,8.4,373.0,658.0,0.1008,0.2685,0.0062,-5.7212,1.7652,0.0567
2026-09-23T18:19:37Z,2026-09-23 03:56:05,SPXW,2026-09-24,P,7805.0,7764.6401,41.5,2.0,42.5,3.0,45.22,71.0,15.0,0.101,-0.7315,0.0062,-5.7212,1.7652,-0.157
2026-09-23T18:19:37Z,2026-09-23 03:56:05,SPXW,2026-09-24,C,7810.0,7764.6401,7.3,8.0,7.4,1.0,7.12,690.0,760.0,0.1008,0.2395,0.0058,-5.2309,1.671,0.0505
2026-09-23T18:19:37Z,2026-09-23 03:56:05,SPXW,2026-09-24,P,7810.0,7764.6401,45.3,3.0,46.4,3.0,48.08,51.0,29.0,0.1016,-0.7605,0.0058,-5.2309,1.671,-0.1633
2026-09-23T18:19:37Z,2026-09-23 03:56:05,SPXW,2026-09-24,C,7815.0,7764.6401,6.2,18.0,6.4,5.0,6.1,376.0,569.0,0.1011,0.2127,0.0054,-4.7394,1.5701,0.0448
2026-09-23T18:19:37Z,2026-09-23 03:56:05,SPXW,2026-09-24,P,7815.0,7764.6401,49.3,2.0,50.3,3.0,57.2,4.0,4.0,0.102,-0.7872,0.0054,-4.7394,1.5701,-0.1691
2026-09-23T18:19:37Z,2026-09-23 03:56:05,SPXW,2026-09-24,C,7820.0,7764.6401,5.3,20.0,5.5,4.0,5.4,665.0,738.0,0.1017,0.1882,0.005,-4.2598,1.468,0.0396
2026-09-23T18:19:37Z,2026-09-23 03:56:05,SPXW,2026-09-24,P,7820.0,7764.6401,53.4,2.0,54.4,2.0,53.19,6.0,6.0,0.1026,-0.8117,0.005,-4.2598,1.468,-0.1744
2026-09-23T18:19:37Z,2026-09-23 03:56:05,SPXW,2026-09-24,C,7825.0,7764.6401,4.6,14.0,4.8,15.0,4.49,485.0,973.0,0.1029,0.1661,0.0046,-3.8031,1.3639,0.0349
2026-09-23T18:19:37Z,2026-09-23 03:56:05,SPXW,2026-09-24,P,7825.0,7764.6401,57.6,3.0,58.7,3.0,60.44,12.0,15.0,0.1031,-0.8339,0.0046,-3.8031,1.3639,-0.1793
2026-09-23T18:19:37Z,2026-09-23 03:56:05,SPXW,2026-09-24,C,7830.0,7764.6401,3.9,22.0,4.1,7.0,3.8,707.0,1013.0,0.1034,0.1462,0.0042,-3.3768,1.2624,0.0307
2026-09-23T18:19:37Z,2026-09-23 03:56:05,SPXW,2026-09-24,P,7830.0,7764.6401,61.9,3.0,63.0,3.0,64.49,7.0,12.0,0.104,-0.8538,0.0042,-3.3768,1.2624,-0.1836
2026-09-23T18:19:37Z,2026-09-23 03:56:05,SPXW,2026-09-24,C,7835.0,7764.6401,3.4,5.0,3.6,25.0,3.3,324.0,277.0,0.1049,0.1285,0.0038,-2.9864,1.1631,0.027
2026-09-23T18:19:37Z,2026-09-23 03:56:05,SPXW,2026-09-24,P,7835.0,7764.6401,66.4,3.0,67.5,3.0,0.0,0.0,0.0,0.1047,-0.8715,0.0038,-2.9864,1.1631,-0.1875
2026-09-23T18:19:37Z,2026-09-23 03:56:05,SPXW,2026-09-24,C,7840.0,7764.6401,2.9,24.0,3.0,1.0,2.81,405.0,683.0,0.1052,0.1129,0.0034,-2.634,1.0687,0.0237
2026-09-23T18:19:37Z,2026-09-23 03:56:05,SPXW,2026-09-24,P,7840.0,7764.6401,70.9,3.0,72.0,3.0,65.42,2.0,12.0,0.106,-0.8871,0.0034,-2.634,1.0687,-0.1909
2026-09-23T18:19:37Z,2026-09-23 03:56:05,SPXW,2026-09-24,C,7845.0,7764.6401,2.5,23.0,2.65,25.0,2.4,210.0,85.0,0.1067,0.0992,0.0031,-2.3204,0.9798,0.0208
2026-09-23T18:19:37Z,2026-09-23 03:56:05,SPXW,2026-09-24,P,7845.0,7764.6401,75.5,3.0,76.6,3.0,72.78,10.0,0.0,0.1068,-0.9008,0.0031,-2.3204,0.9798,-0.194
2026-09-23T18:19:37Z,2026-09-23 03:56:05,SPXW,2026-09-24,C,7850.0,7764.6401,2.15,27.0,2.3,26.0,2.1,883.0,967.0,0.1079,0.0872,0.0028,-2.0441,0.8962,0.0182
2026-09-23T18:19:37Z,2026-09-23 03:56:05,SPXW,2026-09-24,P,7850.0,7764.6401,80.1,2.0,81.2,2.0,83.55,9.0,14.0,0.1086,-0.9128,0.0028,-2.0441,0.8962,-0.1966
2026-09-23T18:19:37Z,2026-09-23 03:56:05,SPXW,2026-09-24,C,7855.0,7764.6401,1.9,6.0,2.0,13.0,1.76,567.0,226.0,0.1094,0.0768,0.0025,-1.8023,0.8198,0.016
2026-09-23T18:19:37Z,2026-09-23 03:56:05,SPXW,2026-09-24,P,7855.0,7764.6401,84.8,2.0,85.9,2.0,90.4,5.0,0.0,0.1099,-0.9232,0.0025,-1.8023,0.8198,-0.199
2026-09-23T18:19:37Z,2026-09-23 03:56:05,SPXW,2026-09-24,C,7860.0,7764.6401,1.65,6.0,1.75,14.0,1.6,335.0,763.0,0.1109,0.0677,0.0022,-1.5925,0.7493,0.0141
2026-09-23T18:19:37Z,2026-09-23 03:56:05,SPXW,2026-09-24,P,7860.0,7764.6401,89.5,3.0,90.7,2.0,89.75,0.0,1.0,0.1114,-0.9322,0.0022,-1.5925,0.7493,-0.201
2026-09-23T18:19:37Z,2026-09-23 03:56:05,SPXW,2026-09-24,C,7865.0,7764.6401,1.45,6.0,1.55,14.0,1.27,335.0,235.0,0.1126,0.0599,0.002,-1.4106,0.685,0.0125
2026-09-23T18:19:37Z,2026-09-23 03:56:05,SPXW,2026-09-24,P,7865.0,7764.6401,94.3,3.0,95.5,3.0,0.0,0.0,0.0,0.1123,-0.94,0.002,-1.4106,0.685,-0.2028
2026-09-23T18:19:37Z,2026-09-23 03:56:05,SPXW,2026-09-24,C,7870.0,7764.6401,1.25,7.0,1.3,2.0,1.14,331.0,718.0,0.1134,0.0532,0.0018,-1.2534,0.627,0.0111
2026-09-23T18:19:37Z,2026-09-23 03:56:05,SPXW,2026-09-24,P,7870.0,7764.6401,99.1,3.0,100.3,2.0,0.0,0.0,0.0,0.1144,-0.9468,0.0018,-1.2534,0.627,-0.2044
2026-09-23T18:19:37Z,2026-09-23 03:56:05,SPXW,2026-09-24,C,7875.0,7764.6401,1.1,7.0,1.25,8.0,1.0,459.0,836.0,0.116,0.0473,0.0016,-1.1177,0.5743,0.0098
2026-09-23T18:19:37Z,2026-09-23 03:56:05,SPXW,2026-09-24,P,7875.0,7764.6401,104.0,2.0,105.1,3.0,244.77,0.0,4.0,0.1172,-0.9526,0.0016,-1.1177,0.5743,-0.2057
2026-09-23T18:19:37Z,2026-09-23 03:56:05,SPXW,2026-09-24,C,7880.0,7764.6401,1.0,7.0,1.1,8.0,0.9,542.0,535.0,0.1179,0.0422,0.0014,-1.0004,0.5266,0.0088
2026-09-23T18:19:37Z,2026-09-23 03:56:05,SPXW,2026-09-24,P,7880.0,7764.6401,108.9,2.0,110.0,2.0,107.85,4.0,10.0,0.1186,-0.9577,0.0014,-1.0004,0.5266,-0.2069
2026-09-23T18:19:37Z,2026-09-23 03:56:05,SPXW,2026-09-24,C,7885.0,7764.6401,0.85,33.0,1.0,12.0,0.8,209.0,0.0,0.1194,0.0378,0.0013,-0.8986,0.4838,0.0079
2026-09-23T18:19:37Z,2026-09-23 03:56:05,SPXW,2026-09-24,P,7885.0,7764.6401,107.4,2.0,124.5,1.0,0.0,0.0,0.0,0.1477,-0.9621,0.0013,-0.8986,0.4838,-0.208
2026-09-23T18:19:37Z,2026-09-23 03:56:05,SPXW,2026-09-24,C,7890.0,7764.6401,0.8,11.0,0.9,16.0,0.7,443.0,602.0,0.1218,0.034,0.0012,-0.8104,0.4453,0.0071
2026-09-23T18:19:37Z,2026-09-23 03:56:05,SPXW,2026-09-24,P,7890.0,7764.6401,112.3,2.0,129.4,1.0,0.0,0.0,0.0,0.1512,-0.9659,0.0012,-0.8104,0.4453,-0.2089
2026-09-23T18:19:37Z,2026-09-23 03:56:05,SPXW,2026-09-24,C,7895.0,7764.6401,0.7,36.0,0.8,13.0,0.6,124.0,0.0,0.1234,0.0307,0.0011,-0.7337,0.4104,0.0064
2026-09-23T18:19:37Z,2026-09-23 03:56:05,SPXW,2026-09-24,P,7895.0,7764.6401,117.2,2.0,134.4,1.0,0.0,0.0,0.0,0.1554,-0.9693,0.0011,-0.7337,0.4104,-0.2098
2026-09-23T18:19:37Z,2026-09-23 03:56:05,SPXW,2026-09-24,C,7900.0,7764.6401,0.7,50.0,0.75,15.0,0.57,804.0,565.0,0.1267,0.0278,0.001,-0.6667,0.3789,0.0058
2026-09-23T18:19:37Z,2026-09-23 03:56:05,SPXW,2026-09-24,P,7900.0,7764.6401,128.5,3.0,129.7,3.0,127.65,4.0,36.0,0.1271,-0.9722,0.001,-0.6667,0.3789,-0.2105
2026-09-23T18:19:37Z,2026-09-23 03:56:05,SPXW,2026-09-24,C,7905.0,7764.6401,0.6,39.0,0.7,18.0,0.45,62.0,0.0,0.1285,0.0252,0.0009,-0.608,0.3506,0.0052
2026-09-23T18:19:37Z,2026-09-23 03:56:05,SPXW,2026-09-24,P,7905.0,7764.6401,127.1,2.0,144.3,1.0,0.0,0.0,0.0,0.1634,-0.9748,0.0009,-0.608,0.3506,-0.2112
2026-09-23T18:19:37Z,2026-09-23 03:56:05,SPXW,2026-09-24,C,7910.0,7764.6401,0.55,40.0,0.65,16.0,0.45,175.0,252.0,0.1308,0.023,0.0008,-0.5565,0.3251,0.0047
2026-09-23T18:19:37Z,2026-09-23 03:56:05,SPXW,2026-09-24,P,7910.0,7764.6401,132.1,2.0,149.2,1.0,0.0,0.0,0.0,0.1674,-0.977,0.0008,-0.5565,0.3251,-0.2118
2026-09-23T18:19:37Z,2026-09-23 03:56:05,SPXW,2026-09-24,C,7915.0,7764.6401,0.5,40.0,0.6,16.0,0.45,182.0,0.0,0.133,0.021,0.0007,-0.5112,0.302,0.0043
2026-09-23T18:19:37Z,2026-09-23 03:56:05,SPXW,2026-09-24,P,7915.0,7764.6401,137.0,2.0,154.2,1.0,0.0,0.0,0.0,0.1713,-0.979,0.0007,-0.5112,0.302,-0.2124
2026-09-23T18:19:37Z,2026-09-23 03:56:05,SPXW,2026-09-24,C,7920.0,7764.6401,0.45,42.0,0.55,17.0,0.4,111.0,265.0,0.1349,0.0192,0.0007,-0.471,0.2809,0.004
2026-09-23T18:19:37Z,2026-09-23 03:56:05,SPXW,2026-09-24,P,7920.0,7764.6401,142.0,2.0,159.1,1.0,0.0,0.0,0.0,0.1751,-0.9808,0.0007,-0.471,0.2809,-0.2128
2026-09-23T18:19:37Z,2026-09-23 03:56:05,SPXW,2026-09-24,C,7925.0,7764.6401,0.4,53.0,0.5,16.0,0.4,123.0,331.0,0.1366,0.0176,0.0006,-0.4354,0.2619,0.0036
2026-09-23T18:19:37Z,2026-09-23 03:56:05,SPXW,2026-09-24,P,7925.0,7764.6401,147.0,2.0,164.1,1.0,0.0,0.0,0.0,0.1797,-0.9823,0.0006,-0.4354,0.2619,-0.2133
2026-09-23T18:19:37Z,2026-09-23 03:56:05,SPXW,2026-09-24,C,7930.0,7764.6401,0.4,43.0,0.5,19.0,0.4,411.0,214.0,0.1403,0.0163,0.0006,-0.4037,0.2446,0.0034
2026-09-23T18:19:37Z,2026-09-23 03:56:05,SPXW,2026-09-24,P,7930.0,7764.6401,152.2,2.0,169.0,1.0,0.0,0.0,0.0,0.1851,-0.9837,0.0006,-0.4037,0.2446,-0.2137
2026-09-23T18:19:37Z,2026-09-23 03:56:05,SPXW,2026-09-24,C,7935.0,7764.6401,0.35,54.0,0.45,17.0,0.35,97.0,0.0,0.1417,0.015,0.0005,-0.3755,0.229,0.0031
2026-09-23T18:19:37Z,2026-09-23 03:56:05,SPXW,2026-09-24,P,7935.0,7764.6401,157.2,1.0,173.9,1.0,0.0,0.0,0.0,0.1888,-0.9849,0.0005,-0.3755,0.229,-0.2141
2026-09-23T18:19:37Z,2026-09-23 03:56:05,SPXW,2026-09-24,C,7940.0,7764.6401,0.35,43.0,0.45,48.0,0.34,201.0,132.0,0.1454,0.0139,0.0005,-0.3502,0.2146,0.0029
2026-09-23T18:19:37Z,2026-09-23 03:56:05,SPXW,2026-09-24,P,7940.0,7764.6401,161.9,2.0,178.9,1.0,0.0,0.0,0.0,0.1906,-0.986,0.0005,-0.3502,0.2146,-0.2145
2026-09-23T18:19:37Z,2026-09-23 03:56:05,SPXW,2026-09-24,C,7945.0,7764.6401,0.3,58.0,0.4,17.0,0.3,80.0,0.0,0.1464,0.0129,0.0004,-0.3276,0.2015,0.0027
2026-09-23T18:19:37Z,2026-09-23 03:56:05,SPXW,2026-09-24,P,7945.0,7764.6401,166.9,2.0,183.9,1.0,0.0,0.0,0.0,0.1951,-0.987,0.0004,-0.3276,0.2015,-0.2148
2026-09-23T18:19:37Z,2026-09-23 03:56:05,SPXW,2026-09-24,C,7950.0,7764.6401,0.3,44.0,0.4,20.0,0.3,492.0,396.0,0.15,0.012,0.0004,-0.3072,0.1895,0.0025
2026-09-23T18:19:37Z,2026-09-23 03:56:05,SPXW,2026-09-24,P,7950.0,7764.6401,171.9,2.0,188.9,1.0,181.65,5.0,2.0,0.1995,-0.9879,0.0004,-0.3072,0.1895,-0.2152
2026-09-23T18:19:37Z,2026-09-23 03:56:05,SPXW,2026-09-24,C,7955.0,7764.6401,0.25,126.0,0.35,20.0,0.2,26.0,0.0,0.1506,0.0112,0.0004,-0.2883,0.1783,0.0023
2026-09-23T18:19:37Z,2026-09-23 03:56:05,SPXW,2026-09-24,P,7955.0,7764.6401,176.9,2.0,193.9,1.0,0.0,0.0,0.0,0.204,-0.9888,0.0004,-0.2887,0.1786,-0.2155
2026-09-23T18:19:37Z,2026-09-23 03:56:05,SPXW,2026-09-24,C,7960.0,7764.6401,0.25,45.0,0.35,21.0,0.25,38.0,0.0,0.154,0.0105,0.0003,-0.272,0.1686,0.0022
2026-09-23T18:19:37Z,2026-09-23 03:56:05,SPXW,2026-09-24,P,7960.0,7764.6401,181.8,2.0,198.8,1.0,0.0,0.0,0.0,0.2064,-0.9895,0.0003,-0.272,0.1686,-0.2158
2026-09-23T18:19:37Z,2026-09-23 03:56:05,SPXW,2026-09-24,C,7965.0,7764.6401,0.25,45.0,0.35,23.0,0.25,9.0,0.0,0.1575,0.0098,0.0003,-0.2569,0.1594,0.002
2026-09-23T18:19:37Z,2026-09-23 03:56:05,SPXW,2026-09-24,P,7965.0,7764.6401,186.8,2.0,203.8,1.0,0.0,0.0,0.0,0.2107,-0.9901,0.0003,-0.2569,0.1594,-0.216
2026-09-23T18:19:37Z,2026-09-23 03:56:05,SPXW,2026-09-24,C,7970.0,7764.6401,0.25,16.0,0.35,83.0,0.25,9.0,0.0,0.161,0.0092,0.0003,-0.2432,0.1509,0.0019
2026-09-23T18:19:37Z,2026-09-23 03:56:05,SPXW,2026-09-24,P,7970.0,7764.6401,192.0,1.0,208.7,1.0,0.0,0.0,0.0,0.2161,-0.9907,0.0003,-0.2432,0.1509,-0.2163
2026-09-23T18:19:37Z,2026-09-23 03:56:05,SPXW,2026-09-24,C,7975.0,7764.6401,0.2,45.0,0.3,21.0,0.26,70.0,307.0,0.1609,0.0087,0.0003,-0.2304,0.1429,0.0018
2026-09-23T18:19:37Z,2026-09-23 03:56:05,SPXW,2026-09-24,P,7975.0,7764.6401,195.2,2.0,213.7,1.0,0.0,0.0,0.0,0.1983,-0.9913,0.0003,-0.2307,0.1431,-0.2165
2026-09-23T18:19:37Z,2026-09-23 03:56:05,SPXW,2026-09-24,C,7980.0,7764.6401,0.2,46.0,0.3,22.0,0.2,53.0,0.0,0.1643,0.0082,0.0003,-0.219,0.1357,0.0017
2026-09-23T18:19:37Z,2026-09-23 03:56:05,SPXW,2026-09-24,P,7980.0,7764.6401,200.2,2.0,218.7,1.0,0.0,0.0,0.0,0.2024,-0.9918,0.0003,-0.2193,0.1359,-0.2168
2026-09-23T18:19:37Z,2026-09-23 03:56:05,SPXW,2026-09-24,C,7985.0,7764.6401,0.2,18.0,0.3,67.0,0.35,8.0,0.0,0.1677,0.0077,0.0002,-0.2086,0.129,0.0016
2026-09-23T18:19:37Z,2026-09-23 03:56:05,SPXW,2026-09-24,P,7985.0,7764.6401,204.7,2.0,225.7,1.0,0.0,0.0,0.0,0.2312,-0.9922,0.0002,-0.2088,0.1292,-0.217
2026-09-23T18:19:37Z,2026-09-23 03:56:05,SPXW,2026-09-24,C,7990.0,7764.6401,0.2,18.0,0.3,78.0,0.2,10.0,0.0,0.1711,0.0073,0.0002,-0.199,0.1228,0.0015
2026-09-23T18:19:37Z,2026-09-23 03:56:05,SPXW,2026-09-24,P,7990.0,7764.6401,209.6,2.0,230.7,1.0,0.0,0.0,0.0,0.2345,-0.9926,0.0002,-0.1993,0.123,-0.2172
2026-09-23T18:19:37Z,2026-09-23 03:56:05,SPXW,2026-09-24,C,7995.0,7764.6401,0.15,141.0,0.25,19.0,0.3,17.0,0.0,0.17,0.0069,0.0002,-0.1902,0.1171,0.0014
2026-09-23T18:19:37Z,2026-09-23 03:56:05,SPXW,2026-09-24,P,7995.0,7764.6401,214.5,2.0,235.7,1.0,0.0,0.0,0.0,0.2377,-0.993,0.0002,-0.1904,0.1173,-0.2174
2026-09-23T18:19:37Z,2026-09-23 03:56:05,SPXW,2026-09-24,C,8000.0,7764.6401,0.15,47.0,0.25,22.0,0.17,133.0,400.0,0.1734,0.0066,0.0002,-0.1819,0.1117,0.0013
2026-09-23T18:19:37Z,2026-09-23 03:56:05,SPXW,2026-09-24,P,8000.0,7764.6401,219.7,2.0,240.6,1.0,311.91,0.0,1.0,0.2442,-0.9934,0.0002,-0.1823,0.112,-0.2177
2026-09-23T18:19:37Z,2026-09-23 03:56:05,SPXW,2026-09-24,C,8010.0,7764.6401,0.15,19.0,0.25,77.0,0.2,1.0,0.0,0.1798,0.006,0.0002,-0.1679,0.1025,0.0012
2026-09-23T18:19:37Z,2026-09-23 03:56:05,SPXW,2026-09-24,P,8010.0,7764.6401,229.5,2.0,253.5,2.0,0.0,0.0,0.0,0.2734,-0.994,0.0002,-0.1679,0.1025,-0.2181
2026-09-23T18:19:37Z,2026-09-23 03:56:05,SPXW,2026-09-24,C,8020.0,7764.6401,0.15,19.0,0.2,20.0,0.15,36.0,0.0,0.1838,0.0054,0.0002,-0.1552,0.094,0.0011
2026-09-23T18:19:37Z,2026-09-23 03:56:05,SPXW,2026-09-24,P,8020.0,7764.6401,239.4,2.0,263.4,2.0,0.0,0.0,0.0,0.2805,-0.9945,0.0002,-0.1556,0.0942,-0.2184
2026-09-23T18:19:37Z,2026-09-23 03:56:05,SPXW,2026-09-24,C,8025.0,7764.6401,0.1,159.0,0.2,20.0,0.15,95.0,288.0,0.1838,0.0052,0.0001,-0.1498,0.0903,0.001
2026-09-23T18:19:37Z,2026-09-23 03:56:05,SPXW,2026-09-24,P,8025.0,7764.6401,244.5,2.0,268.5,2.0,0.0,0.0,0.0,0.2868,-0.9948,0.0001,-0.1501,0.0905,-0.2186
2026-09-23T18:19:37Z,2026-09-23 03:56:05,SPXW,2026-09-24,C,8030.0,7764.6401,0.1,149.0,0.2,28.0,0.15,24.0,0.0,0.187,0.005,0.0001,-0.1448,0.0868,0.001
2026-09-23T18:19:37Z,2026-09-23 03:56:05,SPXW,2026-09-24,P,8030.0,7764.6401,249.4,2.0,273.4,2.0,0.0,0.0,0.0,0.2893,-0.995,0.0001,-0.145,0.087,-0.2188
2026-09-23T18:19:37Z,2026-09-23 03:56:05,SPXW,2026-09-24,C,8040.0,7764.6401,0.1,21.0,0.2,85.0,0.15,66.0,0.0,0.1932,0.0046,0.0001,-0.1357,0.0806,0.0009
2026-09-23T18:19:37Z,2026-09-23 03:56:05,SPXW,2026-09-24,P,8040.0,7764.6401,259.4,2.0,283.4,2.0,0.0,0.0,0.0,0.2981,-0.9954,0.0001,-0.1358,0.0806,-0.2192
2026-09-23T18:19:37Z,2026-09-23 03:56:05,SPXW,2026-09-24,C,8050.0,7764.6401,0.1,20.0,0.2,96.0,0.15,45.0,196.0,0.1995,0.0042,0.0001,-0.1277,0.075,0.0009
2026-09-23T18:19:37Z,2026-09-23 03:56:05,SPXW,2026-09-24,P,8050.0,7764.6401,269.4,2.0,293.4,2.0,302.29,0.0,2.0,0.3069,-0.9957,0.0001,-0.1278,0.0751,-0.2195
2026-09-23T18:19:37Z,2026-09-23 03:56:05,SPXW,2026-09-24,C,8060.0,7764.6401,0.1,21.0,0.15,26.0,0.15,51.0,0.0,0.2018,0.0039,0.0001,-0.1208,0.0701,0.0008
2026-09-23T18:19:37Z,2026-09-23 03:56:05,SPXW,2026-09-24,P,8060.0,7764.6401,279.5,2.0,303.5,2.0,0.0,0.0,0.0,0.3175,-0.996,0.0001,-0.1208,0.0701,-0.2198
2026-09-23T18:19:37Z,2026-09-23 03:56:05,SPXW,2026-09-24,C,8070.0,7764.6401,0.05,261.0,0.15,28.0,0.1,26.0,0.0,0.2034,0.0037,0.0001,-0.1146,0.0658,0.0007
2026-09-23T18:19:37Z,2026-09-23 03:56:05,SPXW,2026-09-24,P,8070.0,7764.6401,289.6,2.0,313.6,2.0,0.0,0.0,0.0,0.3282,-0.9963,0.0001,-0.1146,0.0658,-0.2202
2026-09-23T18:19:37Z,2026-09-23 03:56:05,SPXW,2026-09-24,C,8075.0,7764.6401,0.05,162.0,0.15,28.0,0.1,41.0,48.0,0.2064,0.0035,0.0001,-0.1117,0.0638,0.0007
2026-09-23T18:19:37Z,2026-09-23 03:56:05,SPXW,2026-09-24,P,8075.0,7764.6401,294.5,2.0,318.5,2.0,0.0,0.0,0.0,0.3305,-0.9964,0.0001,-0.1117,0.0638,-0.2203
2026-09-23T18:19:37Z,2026-09-23 03:56:05,SPXW,2026-09-24,C,8100.0,7764.6401,0.05,24.0,0.15,107.0,0.1,55.0,170.0,0.2213,0.003,0.0001,-0.0998,0.0552,0.0006
2026-09-23T18:19:37Z,2026-09-23 03:56:05,SPXW,2026-09-24,P,8100.0,7764.6401,319.4,2.0,343.4,2.0,0.0,0.0,0.0,0.3498,-0.9969,0.0001,-0.0998,0.0552,-0.2211
2026-09-23T18:19:37Z,2026-09-23 03:56:05,SPXW,2026-09-24,C,8125.0,7764.6401,0.05,23.0,0.1,25.0,0.1,32.0,27.0,0.2299,0.0026,0.0001,-0.0908,0.0485,0.0005
2026-09-23T18:19:37Z,2026-09-23 03:56:05,SPXW,2026-09-24,P,8125.0,7764.6401,344.6,2.0,368.6,2.0,0.0,0.0,0.0,0.3752,-0.9973,0.0001,-0.0908,0.0485,-0.2219
2026-09-23T18:19:37Z,2026-09-23 03:56:05,SPXW,2026-09-24,C,8150.0,7764.6401,0.05,23.0,0.1,27.0,0.1,1.0,68.0,0.2442,0.0023,0.0001,-0.0837,0.0432,0.0005
2026-09-23T18:19:37Z,2026-09-23 03:56:05,SPXW,2026-09-24,P,8150.0,7764.6401,369.4,2.0,393.4,2.0,0.0,0.0,0.0,0.3916,-0.9976,0.0001,-0.0837,0.0432,-0.2226
2026-09-23T18:19:37Z,2026-09-23 03:56:05,SPXW,2026-09-24,C,8175.0,7764.6401,0.0,0.0,0.1,29.0,0.05,29.0,56.0,0.2495,0.0021,0.0,-0.078,0.0389,0.0004
2026-09-23T18:19:37Z,2026-09-23 03:56:05,SPXW,2026-09-24,P,8175.0,7764.6401,394.4,2.0,418.4,2.0,0.0,0.0,0.0,0.4122,-0.9979,0.0,-0.078,0.0389,-0.2234
2026-09-23T18:19:37Z,2026-09-23 03:56:05,SPXW,2026-09-24,C,8200.0,7764.6401,0.0,0.0,0.1,31.0,0.1,2.0,68.0,0.2632,0.0019,0.0,-0.0734,0.0354,0.0004
2026-09-23T18:19:37Z,2026-09-23 03:56:05,SPXW,2026-09-24,P,8200.0,7764.6401,419.4,2.0,443.4,2.0,0.0,0.0,0.0,0.4325,-0.9981,0.0,-0.0734,0.0354,-0.2241
2026-09-23T18:19:37Z,2026-09-23 03:56:05,SPXW,2026-09-24,C,8225.0,7764.6401,0.0,0.0,0.1,94.0,0.05,49.0,3.0,0.2773,0.0017,0.0,-0.0694,0.0323,0.0004
2026-09-23T18:19:37Z,2026-09-23 03:56:05,SPXW,2026-09-24,P,8225.0,7764.6401,444.5,2.0,468.5,2.0,0.0,0.0,0.0,0.4551,-0.9982,0.0,-0.0695,0.0324,-0.2248
2026-09-23T18:19:37Z,2026-09-23 03:56:05,SPXW,2026-09-24,C,8250.0,7764.6401,0.0,0.0,0.1,104.0,0.1,0.0,2.0,0.2908,0.0016,0.0,-0.0662,0.0298,0.0003
2026-09-23T18:19:37Z,2026-09-23 03:56:05,SPXW,2026-09-24,P,8250.0,7764.6401,469.4,2.0,493.4,2.0,0.0,0.0,0.0,0.4725,-0.9984,0.0,-0.0663,0.0299,-0.2255
2026-09-23T18:19:37Z,2026-09-23 03:56:05,SPXW,2026-09-24,C,8275.0,7764.6401,0.0,0.0,0.1,94.0,0.05,3.0,7.0,0.3042,0.0015,0.0,-0.0634,0.0277,0.0003
2026-09-23T18:19:37Z,2026-09-23 03:56:05,SPXW,2026-09-24,P,8275.0,7764.6401,494.4,2.0,518.4,2.0,0.0,0.0,0.0,0.4922,-0.9985,0.0,-0.0635,0.0277,-0.2262
2026-09-23T18:19:37Z,2026-09-23 03:56:05,SPXW,2026-09-24,C,8300.0,7764.6401,0.0,0.0,0.1,117.0,0.08,0.0,8.0,0.3175,0.0014,0.0,-0.0609,0.0258,0.0003
2026-09-23T18:19:37Z,2026-09-23 03:56:05,SPXW,2026-09-24,P,8300.0,7764.6401,519.6,2.0,543.6,2.0,0.0,0.0,0.0,0.5172,-0.9986,0.0,-0.061,0.0258,-0.2269
2026-09-23T18:19:37Z,2026-09-23 03:56:05,SPXW,2026-09-24,C,8400.0,7764.6401,0.0,0.0,0.05,25.0,0.05,12.0,8.0,0.3509,0.0011,0.0,-0.0534,0.0202,0.0002
2026-09-23T18:19:37Z,2026-09-23 03:56:05,SPXW,2026-09-24,P,8400.0,7764.6401,619.5,2.0,643.5,2.0,0.0,0.0,0.0,0.5914,-0.9989,0.0,-0.0535,0.0203,-0.2297
2026-09-23T18:19:37Z,2026-09-23 03:56:05,SPXW,2026-09-24,C,8500.0,7764.6401,0.0,0.0,0.05,30.0,0.05,0.0,3.0,0.3996,0.0009,0.0,-0.048,0.0165,0.0002
2026-09-23T18:19:37Z,2026-09-23 03:56:05,SPXW,2026-09-24,P,8500.0,7764.6401,719.3,2.0,743.3,2.0,0.0,0.0,0.0,0.6592,-0.9991,0.0,-0.048,0.0165,-0.2325
2026-09-23T18:19:37Z,2026-09-23 03:56:05,SPXW,2026-09-25,C,6990.0,7764.6401,769.1,2.0,793.1,2.0,706.63,0.0,2.0,0.0,0.998,0.0,-0.1513,0.0437,0.7635
2026-09-23T18:19:37Z,2026-09-23 03:56:05,SPXW,2026-09-25,P,6990.0,7764.6401,0.1,106.0,0.2,56.0,0.22,1.0,942.0,0.4307,-0.002,0.0,-0.1518,0.0439,-0.0016
2026-09-23T18:19:37Z,2026-09-23 03:56:05,SPXW,2026-09-25,C,7000.0,7764.6401,773.3,2.0,774.8,2.0,651.9,0.0,4780.0,0.4499,0.9979,0.0,-0.1548,0.045,0.7646
2026-09-23T18:19:37Z,2026-09-23 03:56:05,SPXW,2026-09-25,P,7000.0,7764.6401,0.1,93.0,0.2,55.0,0.2,318.0,8211.0,0.4254,-0.002,0.0,-0.1552,0.0451,-0.0017
2026-09-23T18:19:37Z,2026-09-23 03:56:05,SPXW,2026-09-25,C,7010.0,7764.6401,749.2,2.0,773.2,2.0,621.98,0.0,7.0,0.0,0.9979,0.0,-0.1583,0.0463,0.7656
2026-09-23T18:19:37Z,2026-09-23 03:56:05,SPXW,2026-09-25,P,7010.0,7764.6401,0.1,115.0,0.2,53.0,0.4,0.0,72.0,0.4201,-0.0021,0.0,-0.1587,0.0464,-0.0017
2026-09-23T18:19:37Z,2026-09-23 03:56:05,SPXW,2026-09-25,C,7020.0,7764.6401,739.2,2.0,763.2,2.0,610.5,0.0,2.0,0.0,0.9978,0.0,-0.1619,0.0476,0.7667
2026-09-23T18:19:37Z,2026-09-23 03:56:05,SPXW,2026-09-25,P,7020.0,7764.6401,0.1,121.0,0.2,52.0,0.25,13.0,83.0,0.4148,-0.0022,0.0,-0.1624,0.0478,-0.0018
2026-09-23T18:19:37Z,2026-09-23 03:56:05,SPXW,2026-09-25,C,7025.0,7764.6401,734.2,2.0,758.2,2.0,0.0,0.0,0.0,0.0,0.9978,0.0,-0.1638,0.0483,0.7672
2026-09-23T18:19:37Z,2026-09-23 03:56:05,SPXW,2026-09-25,P,7025.0,7764.6401,0.15,26.0,0.2,52.0,0.25,25.0,3879.0,0.4181,-0.0022,0.0,-0.1642,0.0485,-0.0018
2026-09-23T18:19:37Z,2026-09-23 03:56:05,SPXW,2026-09-25,C,7030.0,7764.6401,729.2,2.0,753.2,2.0,0.0,0.0,0.0,0.0,0.9977,0.0,-0.1657,0.049,0.7677
2026-09-23T18:19:37Z,2026-09-23 03:56:05,SPXW,2026-09-25,P,7030.0,7764.6401,0.15,26.0,0.2,26.0,0.3,26.0,108.0,0.4154,-0.0022,0.0,-0.1661,0.0492,-0.0018
2026-09-23T18:19:37Z,2026-09-23 03:56:05,SPXW,2026-09-25,C,7040.0,7764.6401,719.2,2.0,743.2,2.0,0.0,0.0,0.0,0.0,0.9976,0.0,-0.1695,0.0505,0.7687
2026-09-23T18:19:37Z,2026-09-23 03:56:05,SPXW,2026-09-25,P,7040.0,7764.6401,0.15,27.0,0.2,26.0,0.15,108.0,5666.0,0.41,-0.0023,0.0,-0.17,0.0506,-0.0019
2026-09-23T18:19:37Z,2026-09-23 03:56:05,SPXW,2026-09-25,C,7050.0,7764.6401,709.3,2.0,733.3,2.0,580.65,0.0,3.0,0.0,0.9976,0.0,-0.1735,0.052,0.7698
2026-09-23T18:19:37Z,2026-09-23 03:56:05,SPXW,2026-09-25,P,7050.0,7764.6401,0.15,28.0,0.25,121.0,0.2,169.0,5771.0,0.4098,-0.0024,0.0,-0.174,0.0522,-0.002
2026-09-23T18:19:37Z,2026-09-23 03:56:05,SPXW,2026-09-25,C,7060.0,7764.6401,699.3,2.0,723.3,2.0,579.04,0.0,53.0,0.0,0.9975,0.0,-0.1776,0.0536,0.7708
2026-09-23T18:19:37Z,2026-09-23 03:56:05,SPXW,2026-09-25,P,7060.0,7764.6401,0.15,29.0,0.25,122.0,0.3,8.0,3059.0,0.4048,-0.0025,0.0,-0.1776,0.0536,-0.002
2026-09-23T18:19:37Z,2026-09-23 03:56:05,SPXW,2026-09-25,C,7070.0,7764.6401,689.2,2.0,713.2,2.0,579.56,0.0,10.0,0.0,0.9974,0.0,-0.1819,0.0552,0.7718
2026-09-23T18:19:37Z,2026-09-23 03:56:05,SPXW,2026-09-25,P,7070.0,7764.6401,0.15,30.0,0.25,119.0,0.2,1.0,735.0,0.3994,-0.0025,0.0,-0.1819,0.0552,-0.0021
2026-09-23T18:19:37Z,2026-09-23 03:56:05,SPXW,2026-09-25,C,7075.0,7764.6401,684.5,1.0,708.3,1.0,570.77,0.0,2.0,0.0,0.9974,0.0,-0.1841,0.056,0.7723
2026-09-23T18:19:37Z,2026-09-23 03:56:05,SPXW,2026-09-25,P,7075.0,7764.6401,0.15,30.0,0.25,121.0,0.5,0.0,253.0,0.3967,-0.0026,0.0,-0.1841,0.056,-0.0021
2026-09-23T18:19:37Z,2026-09-23 03:56:05,SPXW,2026-09-25,C,7080.0,7764.6401,679.2,2.0,703.2,2.0,565.82,0.0,277.0,0.0,0.9973,0.0,-0.1863,0.0569,0.7728
2026-09-23T18:19:37Z,2026-09-23 03:56:05,SPXW,2026-09-25,P,7080.0,7764.6401,0.15,31.0,0.25,56.0,0.5,0.0,345.0,0.394,-0.0026,0.0,-0.1863,0.0569,-0.0022
2026-09-23T18:19:37Z,2026-09-23 03:56:05,SPXW,2026-09-25,C,7090.0,7764.6401,669.2,2.0,693.2,2.0,0.0,0.0,4.0,0.0,0.9972,0.0,-0.1908,0.0587,0.7739
2026-09-23T18:19:37Z,2026-09-23 03:56:05,SPXW,2026-09-25,P,7090.0,7764.6401,0.15,88.0,0.25,54.0,0.22,6.0,73.0,0.3886,-0.0027,0.0,-0.1908,0.0587,-0.0022
2026-09-23T18:19:37Z,2026-09-23 03:56:05,SPXW,2026-09-25,C,7100.0,7764.6401,659.3,2.0,683.3,2.0,550.46,0.0,11.0,0.0,0.9972,0.0,-0.1955,0.0606,0.7749
2026-09-23T18:19:37Z,2026-09-23 03:56:05,SPXW,2026-09-25,P,7100.0,7764.6401,0.15,98.0,0.25,53.0,0.25,1817.0,3852.0,0.3832,-0.0028,0.0,-0.1955,0.0606,-0.0023
2026-09-23T18:19:37Z,2026-09-23 03:56:05,SPXW,2026-09-25,C,7105.0,7764.6401,654.3,2.0,678.3,2.0,658.68,1.0,0.0,0.0,0.9971,0.0,-0.1979,0.0615,0.7754
2026-09-23T18:19:37Z,2026-09-23 03:56:05,SPXW,2026-09-25,P,7105.0,7764.6401,0.15,86.0,0.25,52.0,1.0,0.0,15.0,0.3805,-0.0029,0.0,-0.1979,0.0615,-0.0023
2026-09-23T18:19:37Z,2026-09-23 03:56:05,SPXW,2026-09-25,C,7110.0,7764.6401,649.1,2.0,673.1,2.0,0.0,0.0,0.0,0.0,0.997,0.0,-0.2004,0.0625,0.7759
2026-09-23T18:19:37Z,2026-09-23 03:56:05,SPXW,2026-09-25,P,7110.0,7764.6401,0.15,87.0,0.25,51.0,0.35,24.0,56.0,0.3778,-0.0029,0.0,-0.2004,0.0625,-0.0024
2026-09-23T18:19:37Z,2026-09-23 03:56:05,SPXW,2026-09-25,C,7115.0,7764.6401,644.3,2.0,668.3,2.0,519.52,0.0,5.0,0.0,0.997,0.0,-0.2029,0.0635,0.7764
2026-09-23T18:19:37Z,2026-09-23 03:56:05,SPXW,2026-09-25,P,7115.0,7764.6401,0.15,108.0,0.25,50.0,1.05,0.0,23.0,0.3751,-0.003,0.0,-0.2029,0.0635,-0.0024
2026-09-23T18:19:37Z,2026-09-23 03:56:05,SPXW,2026-09-25,C,7120.0,7764.6401,639.2,2.0,663.2,2.0,476.68,0.0,10.0,0.0,0.997,0.0,-0.2054,0.0646,0.7769
2026-09-23T18:19:37Z,2026-09-23 03:56:05,SPXW,2026-09-25,P,7120.0,7764.6401,0.2,25.0,0.25,24.0,0.55,0.0,79.0,0.3767,-0.003,0.0,-0.2054,0.0646,-0.0025
2026-09-23T18:19:37Z,2026-09-23 03:56:05,SPXW,2026-09-25,C,7125.0,7764.6401,634.2,2.0,658.2,2.0,722.92,0.0,4.0,0.0,0.9969,0.0,-0.208,0.0656,0.7774
2026-09-23T18:19:37Z,2026-09-23 03:56:05,SPXW,2026-09-25,P,7125.0,7764.6401,0.2,24.0,0.25,24.0,0.27,3.0,445.0,0.374,-0.0031,0.0,-0.208,0.0656,-0.0025
2026-09-23T18:19:37Z,2026-09-23 03:56:05,SPXW,2026-09-25,C,7130.0,7764.6401,629.2,2.0,653.2,2.0,0.0,0.0,0.0,0.0,0.9968,0.0,-0.2106,0.0667,0.7779
2026-09-23T18:19:37Z,2026-09-23 03:56:05,SPXW,2026-09-25,P,7130.0,7764.6401,0.2,25.0,0.25,24.0,0.6,0.0,189.0,0.3712,-0.0031,0.0,-0.2106,0.0667,-0.0026
2026-09-23T18:19:37Z,2026-09-23 03:56:05,SPXW,2026-09-25,C,7135.0,7764.6401,624.3,2.0,648.3,2.0,0.0,0.0,0.0,0.0,0.9968,0.0,-0.2133,0.0678,0.7784
2026-09-23T18:19:37Z,2026-09-23 03:56:05,SPXW,2026-09-25,P,7135.0,7764.6401,0.2,26.0,0.3,112.0,0.35,8.0,34.0,0.3723,-0.0032,0.0,-0.2134,0.0678,-0.0026
2026-09-23T18:19:37Z,2026-09-23 03:56:05,SPXW,2026-09-25,C,7140.0,7764.6401,619.4,2.0,643.4,2.0,485.4,0.0,1.0,0.0,0.9967,0.0,-0.216,0.0689,0.7789
2026-09-23T18:19:37Z,2026-09-23 03:56:05,SPXW,2026-09-25,P,7140.0,7764.6401,0.2,26.0,0.3,117.0,0.25,7.0,5506.0,0.3696,-0.0032,0.0,-0.2161,0.069,-0.0026
2026-09-23T18:19:37Z,2026-09-23 03:56:05,SPXW,2026-09-25,C,7145.0,7764.6401,614.3,2.0,638.3,2.0,0.0,0.0,0.0,0.0,0.9967,0.0,-0.2188,0.07,0.7794
2026-09-23T18:19:37Z,2026-09-23 03:56:05,SPXW,2026-09-25,P,7145.0,7764.6401,0.2,27.0,0.3,115.0,0.25,2.0,46.0,0.3668,-0.0033,0.0,-0.2189,0.0701,-0.0027
2026-09-23T18:19:37Z,2026-09-23 03:56:05,SPXW,2026-09-25,C,7150.0,7764.6401,609.2,2.0,633.2,2.0,622.23,0.0,15.0,0.0,0.9966,0.0,-0.2216,0.0712,0.7799
2026-09-23T18:19:37Z,2026-09-23 03:56:05,SPXW,2026-09-25,P,7150.0,7764.6401,0.2,28.0,0.3,118.0,0.25,25.0,4980.0,0.3641,-0.0033,0.0,-0.2217,0.0712,-0.0028
2026-09-23T18:19:37Z,2026-09-23 03:56:05,SPXW,2026-09-25,C,7155.0,7764.6401,604.3,2.0,628.3,2.0,0.0,0.0,0.0,0.0,0.9966,0.0,-0.2245,0.0724,0.7804
2026-09-23T18:19:37Z,2026-09-23 03:56:05,SPXW,2026-09-25,P,7155.0,7764.6401,0.2,28.0,0.3,114.0,0.55,0.0,25.0,0.3613,-0.0034,0.0,-0.2246,0.0724,-0.0028
2026-09-23T18:19:37Z,2026-09-23 03:56:05,SPXW,2026-09-25,C,7160.0,7764.6401,599.3,2.0,623.3,2.0,0.0,0.0,0.0,0.0,0.9965,0.0,-0.2274,0.0736,0.7809
2026-09-23T18:19:37Z,2026-09-23 03:56:05,SPXW,2026-09-25,P,7160.0,7764.6401,0.2,29.0,0.3,53.0,0.55,0.0,3158.0,0.3586,-0.0035,0.0,-0.2275,0.0736,-0.0028
2026-09-23T18:19:37Z,2026-09-23 03:56:05,SPXW,2026-09-25,C,7165.0,7764.6401,594.2,2.0,618.2,2.0,477.85,0.0,10.0,0.0,0.9964,0.0,-0.2304,0.0748,0.7814
2026-09-23T18:19:37Z,2026-09-23 03:56:05,SPXW,2026-09-25,P,7165.0,7764.6401,0.2,29.0,0.3,52.0,0.55,0.0,149.0,0.3558,-0.0035,0.0,-0.2305,0.0749,-0.0029
2026-09-23T18:19:37Z,2026-09-23 03:56:05,SPXW,2026-09-25,C,7170.0,7764.6401,589.3,2.0,613.3,2.0,0.0,0.0,0.0,0.0,0.9964,0.0,-0.2334,0.0761,0.7819
2026-09-23T18:19:37Z,2026-09-23 03:56:05,SPXW,2026-09-25,P,7170.0,7764.6401,0.2,89.0,0.3,51.0,0.4,5.0,908.0,0.3531,-0.0036,0.0,-0.2335,0.0761,-0.003
2026-09-23T18:19:37Z,2026-09-23 03:56:05,SPXW,2026-09-25,C,7175.0,7764.6401,584.1,2.0,608.1,2.0,503.42,0.0,7.0,0.0,0.9963,0.0,-0.2365,0.0774,0.7824
2026-09-23T18:19:37Z,2026-09-23 03:56:05,SPXW,2026-09-25,P,7175.0,7764.6401,0.2,85.0,0.3,51.0,0.27,44.0,641.0,0.3503,-0.0037,0.0,-0.2366,0.0774,-0.003
2026-09-23T18:19:37Z,2026-09-23 03:56:05,SPXW,2026-09-25,C,7180.0,7764.6401,579.1,2.0,603.1,2.0,498.61,0.0,2.0,0.0,0.9962,0.0,-0.2396,0.0787,0.7829
2026-09-23T18:19:37Z,2026-09-23 03:56:05,SPXW,2026-09-25,P,7180.0,7764.6401,0.2,94.0,0.3,50.0,0.4,42.0,256.0,0.3476,-0.0037,0.0,-0.2398,0.0787,-0.0031
2026-09-23T18:19:37Z,2026-09-23 03:56:05,SPXW,2026-09-25,C,7185.0,7764.6401,574.5,2.0,598.5,2.0,0.0,0.0,0.0,0.0,0.9962,0.0,-0.2429,0.08,0.7834
2026-09-23T18:19:37Z,2026-09-23 03:56:05,SPXW,2026-09-25,P,7185.0,7764.6401,0.2,82.0,0.3,24.0,0.55,0.0,34.0,0.3448,-0.0038,0.0,-0.243,0.0801,-0.0031
2026-09-23T18:19:37Z,2026-09-23 03:56:05,SPXW,2026-09-25,C,7190.0,7764.6401,569.4,2.0,593.4,2.0,0.0,0.0,0.0,0.0,0.9961,0.0,-0.2461,0.0814,0.7838
2026-09-23T18:19:37Z,2026-09-23 03:56:05,SPXW,2026-09-25,P,7190.0,7764.6401,0.2,82.0,0.3,23.0,0.45,9.0,232.0,0.3421,-0.0039,0.0,-0.2462,0.0814,-0.0032
2026-09-23T18:19:37Z,2026-09-23 03:56:05,SPXW,2026-09-25,C,7195.0,7764.6401,564.3,2.0,588.3,2.0,0.0,0.0,0.0,0.0,0.996,0.0,-0.2494,0.0828,0.7843
2026-09-23T18:19:37Z,2026-09-23 03:56:05,SPXW,2026-09-25,P,7195.0,7764.6401,0.25,23.0,0.3,23.0,0.6,0.0,142.0,0.3427,-0.004,0.0,-0.2496,0.0828,-0.0032
2026-09-23T18:19:37Z,2026-09-23 03:56:05,SPXW,2026-09-25,C,7200.0,7764.6401,559.3,2.0,583.3,2.0,425.0,0.0,65.0,0.0,0.9959,0.0,-0.2528,0.0842,0.7848
2026-09-23T18:19:37Z,2026-09-23 03:56:05,SPXW,2026-09-25,P,7200.0,7764.6401,0.25,24.0,0.35,107.0,0.32,154.0,1868.0,0.343,-0.004,0.0,-0.253,0.0843,-0.0033
2026-09-23T18:19:37Z,2026-09-23 03:56:05,SPXW,2026-09-25,C,7205.0,7764.6401,554.2,2.0,578.2,2.0,438.27,0.0,10.0,0.0,0.9959,0.0,-0.2563,0.0857,0.7853
2026-09-23T18:19:37Z,2026-09-23 03:56:05,SPXW,2026-09-25,P,7205.0,7764.6401,0.25,25.0,0.35,114.0,0.3,22.0,269.0,0.3402,-0.0041,0.0,-0.2565,0.0858,-0.0034
2026-09-23T18:19:37Z,2026-09-23 03:56:05,SPXW,2026-09-25,C,7210.0,7764.6401,549.3,2.0,573.3,2.0,524.4,0.0,1.0,0.0,0.9958,0.0,-0.2598,0.0872,0.7858
2026-09-23T18:19:37Z,2026-09-23 03:56:05,SPXW,2026-09-25,P,7210.0,7764.6401,0.25,25.0,0.35,111.0,0.45,30.0,1424.0,0.3374,-0.0042,0.0,-0.26,0.0873,-0.0034
2026-09-23T18:19:37Z,2026-09-23 03:56:05,SPXW,2026-09-25,C,7215.0,7764.6401,544.4,2.0,568.4,2.0,419.99,0.0,5.0,0.0,0.9957,0.0001,-0.2634,0.0888,0.7863
2026-09-23T18:19:37Z,2026-09-23 03:56:05,SPXW,2026-09-25,P,7215.0,7764.6401,0.25,26.0,0.35,110.0,0.3,2.0,76.0,0.3346,-0.0043,0.0001,-0.2636,0.0889,-0.0035
2026-09-23T18:19:37Z,2026-09-23 03:56:05,SPXW,2026-09-25,C,7220.0,7764.6401,539.4,2.0,563.4,2.0,0.0,0.0,225.0,0.0,0.9956,0.0001,-0.2671,0.0904,0.7867
2026-09-23T18:19:37Z,2026-09-23 03:56:05,SPXW,2026-09-25,P,7220.0,7764.6401,0.25,24.0,0.35,52.0,0.3,2.0,839.0,0.3318,-0.0044,0.0001,-0.2673,0.0904,-0.0036
2026-09-23T18:19:37Z,2026-09-23 03:56:05,SPXW,2026-09-25,C,7225.0,7764.6401,534.4,2.0,558.4,2.0,482.61,0.0,6.0,0.0,0.9955,0.0001,-0.2708,0.092,0.7872
2026-09-23T18:19:37Z,2026-09-23 03:56:05,SPXW,2026-09-25,P,7225.0,7764.6401,0.25,27.0,0.35,51.0,0.3,25.0,930.0,0.329,-0.0044,0.0001,-0.271,0.0921,-0.0036
2026-09-23T18:19:37Z,2026-09-23 03:56:05,SPXW,2026-09-25,C,7230.0,7764.6401,529.4,2.0,553.4,2.0,509.06,0.0,5.0,0.0,0.9954,0.0001,-0.2746,0.0936,0.7877
2026-09-23T18:19:37Z,2026-09-23 03:56:05,SPXW,2026-09-25,P,7230.0,7764.6401,0.25,28.0,0.35,50.0,0.35,229.0,270.0,0.3262,-0.0045,0.0001,-0.2748,0.0938,-0.0037
2026-09-23T18:19:37Z,2026-09-23 03:56:05,SPXW,2026-09-25,C,7235.0,7764.6401,524.4,2.0,548.4,2.0,0.0,0.0,0.0,0.0,0.9954,0.0001,-0.2784,0.0954,0.7882
2026-09-23T18:19:37Z,2026-09-23 03:56:05,SPXW,2026-09-25,P,7235.0,7764.6401,0.25,85.0,0.35,24.0,0.3,2.0,178.0,0.3234,-0.0046,0.0001,-0.2787,0.0955,-0.0038
2026-09-23T18:19:37Z,2026-09-23 03:56:05,SPXW,2026-09-25,C,7240.0,7764.6401,519.4,2.0,543.4,2.0,308.92,0.0,30.0,0.0,0.9953,0.0001,-0.2824,0.0971,0.7886
2026-09-23T18:19:37Z,2026-09-23 03:56:05,SPXW,2026-09-25,P,7240.0,7764.6401,0.25,82.0,0.35,23.0,0.39,15.0,1078.0,0.3206,-0.0047,0.0001,-0.2827,0.0972,-0.0039
2026-09-23T18:19:37Z,2026-09-23 03:56:05,SPXW,2026-09-25,C,7245.0,7764.6401,514.5,2.0,538.5,2.0,0.0,0.0,0.0,0.0,0.9952,0.0001,-0.2864,0.0989,0.7891
2026-09-23T18:19:37Z,2026-09-23 03:56:05,SPXW,2026-09-25,P,7245.0,7764.6401,0.25,78.0,0.35,23.0,0.25,3.0,75.0,0.3178,-0.0048,0.0001,-0.2867,0.099,-0.004
2026-09-23T18:19:37Z,2026-09-23 03:56:05,SPXW,2026-09-25,C,7250.0,7764.6401,509.5,2.0,533.5,2.0,518.65,3.0,4.0,0.0,0.9951,0.0001,-0.2905,0.1008,0.7896
2026-09-23T18:19:37Z,2026-09-23 03:56:05,SPXW,2026-09-25,P,7250.0,7764.6401,0.25,78.0,0.35,22.0,0.35,97.0,5399.0,0.315,-0.0049,0.0001,-0.2908,0.1009,-0.004
2026-09-23T18:19:37Z,2026-09-23 03:56:05,SPXW,2026-09-25,C,7255.0,7764.6401,504.2,2.0,528.2,2.0,0.0,0.0,0.0,0.0,0.995,0.0001,-0.2947,0.1027,0.79
2026-09-23T18:19:37Z,2026-09-23 03:56:05,SPXW,2026-09-25,P,7255.0,7764.6401,0.3,22.0,0.35,22.0,0.35,100.0,366.0,0.3149,-0.005,0.0001,-0.2951,0.1028,-0.0041
2026-09-23T18:19:37Z,2026-09-23 03:56:05,SPXW,2026-09-25,C,7260.0,7764.6401,499.5,2.0,523.5,2.0,449.06,0.0,14.0,0.0,0.9949,0.0001,-0.299,0.1046,0.7905
2026-09-23T18:19:37Z,2026-09-23 03:56:05,SPXW,2026-09-25,P,7260.0,7764.6401,0.3,23.0,0.4,103.0,0.45,27.0,184.0,0.3147,-0.0051,0.0001,-0.2994,0.1048,-0.0042
2026-09-23T18:19:37Z,2026-09-23 03:56:05,SPXW,2026-09-25,C,7265.0,7764.6401,496.9,1.0,518.5,2.0,0.0,0.0,0.0,0.0,0.9948,0.0001,-0.3034,0.1066,0.791
2026-09-23T18:19:37Z,2026-09-23 03:56:05,SPXW,2026-09-25,P,7265.0,7764.6401,0.3,24.0,0.4,109.0,0.75,0.0,130.0,0.3118,-0.0052,0.0001,-0.3037,0.1068,-0.0043
2026-09-23T18:19:37Z,2026-09-23 03:56:05,SPXW,2026-09-25,C,7270.0,7764.6401,491.9,1.0,513.4,2.0,420.07,0.0,12.0,0.0,0.9946,0.0001,-0.3078,0.1087,0.7914
2026-09-23T18:19:37Z,2026-09-23 03:56:05,SPXW,2026-09-25,P,7270.0,7764.6401,0.3,25.0,0.4,105.0,0.47,102.0,441.0,0.309,-0.0053,0.0001,-0.3082,0.1089,-0.0044
2026-09-23T18:19:37Z,2026-09-23 03:56:05,SPXW,2026-09-25,C,7275.0,7764.6401,486.9,1.0,508.3,2.0,490.99,1.0,25.0,0.0,0.9945,0.0001,-0.3124,0.1108,0.7919
2026-09-23T18:19:37Z,2026-09-23 03:56:05,SPXW,2026-09-25,P,7275.0,7764.6401,0.3,25.0,0.4,49.0,0.4,399.0,863.0,0.3062,-0.0054,0.0001,-0.3127,0.111,-0.0045
2026-09-23T18:19:37Z,2026-09-23 03:56:05,SPXW,2026-09-25,C,7280.0,7764.6401,481.9,1.0,503.4,2.0,497.53,0.0,1.0,0.0,0.9944,0.0001,-0.317,0.113,0.7923
2026-09-23T18:19:37Z,2026-09-23 03:56:05,SPXW,2026-09-25,P,7280.0,7764.6401,0.3,26.0,0.4,24.0,0.4,39.0,1553.0,0.3033,-0.0056,0.0001,-0.3174,0.1131,-0.0046
2026-09-23T18:19:37Z,2026-09-23 03:56:05,SPXW,2026-09-25,C,7285.0,7764.6401,476.9,1.0,498.5,2.0,0.0,0.0,0.0,0.0,0.9943,0.0001,-0.3218,0.1152,0.7928
2026-09-23T18:19:37Z,2026-09-23 03:56:05,SPXW,2026-09-25,P,7285.0,7764.6401,0.3,27.0,0.4,23.0,0.5,105.0,409.0,0.3005,-0.0057,0.0001,-0.3222,0.1153,-0.0047
2026-09-23T18:19:37Z,2026-09-23 03:56:05,SPXW,2026-09-25,C,7290.0,7764.6401,471.9,1.0,493.6,2.0,0.0,0.0,0.0,0.0,0.9942,0.0001,-0.3266,0.1174,0.7932
2026-09-23T18:19:37Z,2026-09-23 03:56:05,SPXW,2026-09-25,P,7290.0,7764.6401,0.3,81.0,0.4,22.0,0.4,34.0,360.0,0.2977,-0.0058,0.0001,-0.327,0.1176,-0.0048
2026-09-23T18:19:37Z,2026-09-23 03:56:05,SPXW,2026-09-25,C,7295.0,7764.6401,466.9,1.0,488.5,2.0,0.0,0.0,0.0,0.0,0.994,0.0001,-0.3316,0.1197,0.7936
2026-09-23T18:19:37Z,2026-09-23 03:56:05,SPXW,2026-09-25,P,7295.0,7764.6401,0.3,84.0,0.4,21.0,0.48,157.0,466.0,0.2948,-0.0059,0.0001,-0.332,0.1199,-0.0049
2026-09-23T18:19:37Z,2026-09-23 03:56:05,SPXW,2026-09-25,C,7300.0,7764.6401,473.7,3.0,475.0,2.0,473.0,1.0,58.0,0.2984,0.9939,0.0001,-0.3367,0.1221,0.7941
2026-09-23T18:19:37Z,2026-09-23 03:56:05,SPXW,2026-09-25,P,7300.0,7764.6401,0.3,99.0,0.4,20.0,0.39,354.0,8968.0,0.292,-0.006,0.0001,-0.3371,0.1223,-0.005
2026-09-23T18:19:37Z,2026-09-23 03:56:05,SPXW,2026-09-25,C,7305.0,7764.6401,456.9,1.0,478.5,2.0,0.0,0.0,0.0,0.0,0.9938,0.0001,-0.3419,0.1245,0.7945
2026-09-23T18:19:37Z,2026-09-23 03:56:05,SPXW,2026-09-25,P,7305.0,7764.6401,0.35,20.0,0.4,21.0,0.5,6.0,787.0,0.2916,-0.0062,0.0001,-0.3419,0.1245,-0.0051
2026-09-23T18:19:37Z,2026-09-23 03:56:05,SPXW,2026-09-25,C,7310.0,7764.6401,451.9,1.0,473.6,2.0,467.79,0.0,7.0,0.0,0.9936,0.0001,-0.3472,0.127,0.795
2026-09-23T18:19:37Z,2026-09-23 03:56:05,SPXW,2026-09-25,P,7310.0,7764.6401,0.35,23.0,0.45,105.0,0.52,8.0,477.0,0.2907,-0.0063,0.0001,-0.3476,0.1272,-0.0052
2026-09-23T18:19:37Z,2026-09-23 03:56:05,SPXW,2026-09-25,C,7315.0,7764.6401,446.9,1.0,468.6,2.0,0.0,0.0,0.0,0.0,0.9935,0.0001,-0.3526,0.1296,0.7954
2026-09-23T18:19:37Z,2026-09-23 03:56:05,SPXW,2026-09-25,P,7315.0,7764.6401,0.35,23.0,0.45,101.0,0.85,0.0,159.0,0.2878,-0.0065,0.0001,-0.3531,0.1298,-0.0053
2026-09-23T18:19:37Z,2026-09-23 03:56:05,SPXW,2026-09-25,C,7320.0,7764.6401,442.0,1.0,463.6,2.0,312.93,0.0,18.0,0.0,0.9934,0.0001,-0.3582,0.1322,0.7958
2026-09-23T18:19:37Z,2026-09-23 03:56:05,SPXW,2026-09-25,P,7320.0,7764.6401,0.35,24.0,0.45,24.0,0.42,77.0,378.0,0.285,-0.0066,0.0001,-0.3586,0.1324,-0.0055
2026-09-23T18:19:37Z,2026-09-23 03:56:05,SPXW,2026-09-25,C,7325.0,7764.6401,437.0,1.0,458.4,2.0,0.0,0.0,0.0,0.0,0.9932,0.0001,-0.3639,0.1349,0.7962
2026-09-23T18:19:37Z,2026-09-23 03:56:05,SPXW,2026-09-25,P,7325.0,7764.6401,0.35,25.0,0.45,23.0,0.4,57.0,2550.0,0.2821,-0.0068,0.0001,-0.3643,0.1351,-0.0056
2026-09-23T18:19:37Z,2026-09-23 03:56:05,SPXW,2026-09-25,C,7330.0,7764.6401,432.0,1.0,453.5,2.0,298.38,0.0,1.0,0.0,0.993,0.0001,-0.3697,0.1377,0.7966
2026-09-23T18:19:37Z,2026-09-23 03:56:05,SPXW,2026-09-25,P,7330.0,7764.6401,0.35,26.0,0.45,22.0,0.45,41.0,1367.0,0.2792,-0.0069,0.0001,-0.3702,0.1379,-0.0057
2026-09-23T18:19:37Z,2026-09-23 03:56:05,SPXW,2026-09-25,C,7335.0,7764.6401,427.0,1.0,448.5,2.0,0.0,0.0,0.0,0.0,0.9929,0.0001,-0.3757,0.1405,0.7971
2026-09-23T18:19:37Z,2026-09-23 03:56:05,SPXW,2026-09-25,P,7335.0,7764.6401,0.35,77.0,0.45,21.0,0.65,93.0,350.0,0.2763,-0.0071,0.0001,-0.3762,0.1407,-0.0058
2026-09-23T18:19:37Z,2026-09-23 03:56:05,SPXW,2026-09-25,C,7340.0,7764.6401,422.0,1.0,443.7,2.0,309.72,0.0,43.0,0.0,0.9927,0.0001,-0.3818,0.1435,0.7975
2026-09-23T18:19:37Z,2026-09-23 03:56:05,SPXW,2026-09-25,P,7340.0,7764.6401,0.35,106.0,0.45,20.0,0.49,23.0,380.0,0.2734,-0.0072,0.0001,-0.3823,0.1437,-0.006
2026-09-23T18:19:37Z,2026-09-23 03:56:05,SPXW,2026-09-25,C,7345.0,7764.6401,417.0,1.0,438.6,2.0,432.9,0.0,3.0,0.0,0.9926,0.0001,-0.388,0.1465,0.7979
2026-09-23T18:19:37Z,2026-09-23 03:56:05,SPXW,2026-09-25,P,7345.0,7764.6401,0.35,112.0,0.45,20.0,0.45,36.0,473.0,0.2706,-0.0074,0.0001,-0.3885,0.1468,-0.0061
2026-09-23T18:19:37Z,2026-09-23 03:56:05,SPXW,2026-09-25,C,7350.0,7764.6401,411.9,1.0,433.6,2.0,209.9,0.0,46.0,0.0,0.9924,0.0001,-0.3944,0.1497,0.7983
2026-09-23T18:19:37Z,2026-09-23 03:56:05,SPXW,2026-09-25,P,7350.0,7764.6401,0.4,21.0,0.5,100.0,0.45,184.0,1755.0,0.2716,-0.0076,0.0001,-0.3944,0.1497,-0.0063
2026-09-23T18:19:37Z,2026-09-23 03:56:05,SPXW,2026-09-25,C,7355.0,7764.6401,406.9,1.0,428.7,2.0,281.14,0.0,1.0,0.0,0.9922,0.0001,-0.401,0.1529,0.7987
2026-09-23T18:19:37Z,2026-09-23 03:56:05,SPXW,2026-09-25,P,7355.0,7764.6401,0.4,22.0,0.5,23.0,0.47,15.0,246.0,0.2687,-0.0078,0.0001,-0.401,0.1529,-0.0064
2026-09-23T18:19:37Z,2026-09-23 03:56:05,SPXW,2026-09-25,C,7360.0,7764.6401,401.9,1.0,423.6,2.0,282.09,0.0,8.0,0.0,0.992,0.0001,-0.4077,0.1563,0.7991
2026-09-23T18:19:37Z,2026-09-23 03:56:05,SPXW,2026-09-25,P,7360.0,7764.6401,0.4,23.0,0.5,22.0,0.53,55.0,1009.0,0.2658,-0.008,0.0001,-0.4077,0.1563,-0.0066
2026-09-23T18:19:37Z,2026-09-23 03:56:05,SPXW,2026-09-25,C,7365.0,7764.6401,396.9,1.0,418.6,2.0,415.82,0.0,1.0,0.0,0.9918,0.0001,-0.4146,0.1598,0.7994
2026-09-23T18:19:37Z,2026-09-23 03:56:05,SPXW,2026-09-25,P,7365.0,7764.6401,0.4,24.0,0.5,21.0,0.65,2.0,330.0,0.2629,-0.0081,0.0001,-0.4146,0.1598,-0.0067
2026-09-23T18:19:37Z,2026-09-23 03:56:05,SPXW,2026-09-25,C,7370.0,7764.6401,391.9,1.0,413.6,2.0,0.0,0.0,0.0,0.0,0.9916,0.0001,-0.4217,0.1634,0.7998
2026-09-23T18:19:37Z,2026-09-23 03:56:05,SPXW,2026-09-25,P,7370.0,7764.6401,0.4,44.0,0.5,20.0,0.52,127.0,723.0,0.26,-0.0084,0.0001,-0.4217,0.1634,-0.0069
2026-09-23T18:19:37Z,2026-09-23 03:56:05,SPXW,2026-09-25,C,7375.0,7764.6401,386.9,1.0,408.6,2.0,254.94,0.0,39.0,0.0,0.9914,0.0001,-0.429,0.1671,0.8002
2026-09-23T18:19:37Z,2026-09-23 03:56:05,SPXW,2026-09-25,P,7375.0,7764.6401,0.4,99.0,0.5,19.0,0.5,57.0,2456.0,0.2571,-0.0086,0.0001,-0.429,0.1671,-0.0071
2026-09-23T18:19:37Z,2026-09-23 03:56:05,SPXW,2026-09-25,C,7380.0,7764.6401,381.9,1.0,403.7,2.0,205.07,0.0,7.0,0.0,0.9912,0.0001,-0.4365,0.1709,0.8006
2026-09-23T18:19:37Z,2026-09-23 03:56:05,SPXW,2026-09-25,P,7380.0,7764.6401,0.4,109.0,0.5,19.0,0.5,85.0,1123.0,0.2541,-0.0088,0.0001,-0.4365,0.1709,-0.0073
2026-09-23T18:19:37Z,2026-09-23 03:56:05,SPXW,2026-09-25,C,7385.0,7764.6401,376.9,1.0,398.5,2.0,246.47,0.0,6.0,0.0,0.991,0.0001,-0.4442,0.1748,0.8009
2026-09-23T18:19:37Z,2026-09-23 03:56:05,SPXW,2026-09-25,P,7385.0,7764.6401,0.45,21.0,0.55,71.0,0.5,7.0,466.0,0.2545,-0.009,0.0001,-0.4442,0.1748,-0.0074
2026-09-23T18:19:37Z,2026-09-23 03:56:05,SPXW,2026-09-25,C,7390.0,7764.6401,371.9,2.0,393.8,2.0,240.44,0.0,3.0,0.0,0.9907,0.0001,-0.4521,0.1788,0.8013
2026-09-23T18:19:37Z,2026-09-23 03:56:05,SPXW,2026-09-25,P,7390.0,7764.6401,0.45,22.0,0.55,22.0,0.52,126.0,586.0,0.2515,-0.0092,0.0001,-0.4521,0.1788,-0.0076
2026-09-23T18:19:37Z,2026-09-23 03:56:05,SPXW,2026-09-25,C,7395.0,7764.6401,366.9,2.0,388.7,2.0,0.0,0.0,0.0,0.0,0.9905,0.0001,-0.4602,0.183,0.8016
2026-09-23T18:19:37Z,2026-09-23 03:56:05,SPXW,2026-09-25,P,7395.0,7764.6401,0.45,23.0,0.55,20.0,0.51,75.0,399.0,0.2486,-0.0095,0.0001,-0.4602,0.183,-0.0079
2026-09-23T18:19:37Z,2026-09-23 03:56:05,SPXW,2026-09-25,C,7400.0,7764.6401,361.9,2.0,383.7,2.0,378.21,2.0,193.0,0.0,0.9902,0.0002,-0.4686,0.1873,0.802
2026-09-23T18:19:37Z,2026-09-23 03:56:05,SPXW,2026-09-25,P,7400.0,7764.6401,0.45,47.0,0.55,19.0,0.54,564.0,2890.0,0.2456,-0.0097,0.0002,-0.4686,0.1873,-0.0081
2026-09-23T18:19:37Z,2026-09-23 03:56:05,SPXW,2026-09-25,C,7405.0,7764.6401,356.9,3.0,378.7,2.0,247.94,0.0,50.0,0.0,0.99,0.0002,-0.4773,0.1917,0.8023
2026-09-23T18:19:37Z,2026-09-23 03:56:05,SPXW,2026-09-25,P,7405.0,7764.6401,0.45,95.0,0.55,18.0,0.55,42.0,481.0,0.2427,-0.01,0.0002,-0.4773,0.1917,-0.0083
2026-09-23T18:19:37Z,2026-09-23 03:56:05,SPXW,2026-09-25,C,7410.0,7764.6401,351.9,3.0,373.7,2.0,218.21,0.0,3.0,0.0,0.9897,0.0002,-0.4863,0.1963,0.8026
2026-09-23T18:19:37Z,2026-09-23 03:56:05,SPXW,2026-09-25,P,7410.0,7764.6401,0.45,95.0,0.55,18.0,0.59,67.0,1984.0,0.2397,-0.0103,0.0002,-0.4863,0.1963,-0.0085
2026-09-23T18:19:37Z,2026-09-23 03:56:05,SPXW,2026-09-25,C,7415.0,7764.6401,346.9,4.0,368.8,2.0,164.4,0.0,3.0,0.0,0.9894,0.0002,-0.4955,0.2011,0.8029
2026-09-23T18:19:37Z,2026-09-23 03:56:05,SPXW,2026-09-25,P,7415.0,7764.6401,0.5,21.0,0.6,21.0,0.5,361.0,1764.0,0.2396,-0.0106,0.0002,-0.4955,0.2011,-0.0088
2026-09-23T18:19:37Z,2026-09-23 03:56:05,SPXW,2026-09-25,C,7420.0,7764.6401,341.9,4.0,363.7,2.0,357.8,0.0,6.0,0.0,0.9891,0.0002,-0.505,0.206,0.8032
2026-09-23T18:19:37Z,2026-09-23 03:56:05,SPXW,2026-09-25,P,7420.0,7764.6401,0.5,22.0,0.6,19.0,0.57,120.0,763.0,0.2366,-0.0108,0.0002,-0.505,0.206,-0.009
2026-09-23T18:19:37Z,2026-09-23 03:56:05,SPXW,2026-09-25,C,7425.0,7764.6401,336.9,4.0,358.8,2.0,353.84,2.0,128.0,0.0,0.9888,0.0002,-0.5149,0.2111,0.8035
2026-09-23T18:19:37Z,2026-09-23 03:56:05,SPXW,2026-09-25,P,7425.0,7764.6401,0.5,46.0,0.6,18.0,0.55,63.0,1462.0,0.2336,-0.0112,0.0002,-0.5149,0.2111,-0.0093
2026-09-23T18:19:37Z,2026-09-23 03:56:05,SPXW,2026-09-25,C,7430.0,7764.6401,331.9,3.0,353.8,2.0,225.99,0.0,5.0,0.0,0.9885,0.0002,-0.5251,0.2164,0.8038
2026-09-23T18:19:37Z,2026-09-23 03:56:05,SPXW,2026-09-25,P,7430.0,7764.6401,0.5,87.0,0.6,18.0,0.6,72.0,513.0,0.2306,-0.0115,0.0002,-0.5251,0.2164,-0.0095
2026-09-23T18:19:37Z,2026-09-23 03:56:05,SPXW,2026-09-25,C,7435.0,7764.6401,327.0,3.0,348.8,2.0,190.8,0.0,2.0,0.0,0.9882,0.0002,-0.5356,0.2219,0.804
2026-09-23T18:19:37Z,2026-09-23 03:56:05,SPXW,2026-09-25,P,7435.0,7764.6401,0.55,20.0,0.65,20.0,0.6,191.0,562.0,0.2302,-0.0118,0.0002,-0.5356,0.2219,-0.0098
2026-09-23T18:19:37Z,2026-09-23 03:56:05,SPXW,2026-09-25,C,7440.0,7764.6401,322.0,4.0,343.7,2.0,323.29,1.0,67.0,0.0,0.9878,0.0002,-0.5466,0.2276,0.8043
2026-09-23T18:19:37Z,2026-09-23 03:56:05,SPXW,2026-09-25,P,7440.0,7764.6401,0.55,22.0,0.65,19.0,0.62,304.0,1112.0,0.2272,-0.0122,0.0002,-0.5466,0.2276,-0.0101
2026-09-23T18:19:37Z,2026-09-23 03:56:05,SPXW,2026-09-25,C,7445.0,7764.6401,317.0,4.0,338.9,2.0,143.9,0.0,3.0,0.0,0.9874,0.0002,-0.5579,0.2336,0.8046
2026-09-23T18:19:37Z,2026-09-23 03:56:05,SPXW,2026-09-25,P,7445.0,7764.6401,0.55,46.0,0.65,17.0,0.65,108.0,429.0,0.2241,-0.0125,0.0002,-0.5579,0.2336,-0.0104
2026-09-23T18:19:37Z,2026-09-23 03:56:05,SPXW,2026-09-25,C,7450.0,7764.6401,312.0,4.0,333.8,2.0,328.7,2.0,103.0,0.0,0.987,0.0002,-0.5697,0.2399,0.8048
2026-09-23T18:19:37Z,2026-09-23 03:56:05,SPXW,2026-09-25,P,7450.0,7764.6401,0.55,90.0,0.65,17.0,0.61,546.0,12068.0,0.2211,-0.0129,0.0002,-0.5697,0.2399,-0.0107
2026-09-23T18:19:37Z,2026-09-23 03:56:05,SPXW,2026-09-25,C,7455.0,7764.6401,307.1,1.0,328.7,2.0,321.08,1.0,2.0,0.0,0.9866,0.0002,-0.582,0.2464,0.805
2026-09-23T18:19:37Z,2026-09-23 03:56:05,SPXW,2026-09-25,P,7455.0,7764.6401,0.6,20.0,0.7,19.0,0.63,161.0,818.0,0.2203,-0.0133,0.0002,-0.5824,0.2467,-0.0111
2026-09-23T18:19:37Z,2026-09-23 03:56:05,SPXW,2026-09-25,C,7460.0,7764.6401,302.1,1.0,323.9,2.0,249.2,0.0,11.0,0.0,0.9862,0.0002,-0.5948,0.2533,0.8052
2026-09-23T18:19:37Z,2026-09-23 03:56:05,SPXW,2026-09-25,P,7460.0,7764.6401,0.6,27.0,0.7,22.0,0.65,95.0,706.0,0.2173,-0.0137,0.0002,-0.5952,0.2535,-0.0114
2026-09-23T18:19:37Z,2026-09-23 03:56:05,SPXW,2026-09-25,C,7465.0,7764.6401,297.1,3.0,318.7,2.0,174.24,0.0,9.0,0.0,0.9858,0.0002,-0.6081,0.2604,0.8054
2026-09-23T18:19:37Z,2026-09-23 03:56:05,SPXW,2026-09-25,P,7465.0,7764.6401,0.6,50.0,0.7,22.0,0.65,89.0,454.0,0.2142,-0.0142,0.0002,-0.6085,0.2606,-0.0118
2026-09-23T18:19:37Z,2026-09-23 03:56:05,SPXW,2026-09-25,C,7470.0,7764.6401,292.1,3.0,313.9,2.0,265.03,0.0,28.0,0.0,0.9853,0.0003,-0.622,0.2678,0.8055
2026-09-23T18:19:37Z,2026-09-23 03:56:05,SPXW,2026-09-25,P,7470.0,7764.6401,0.65,25.0,0.75,23.0,0.7,72.0,1111.0,0.2133,-0.0146,0.0003,-0.6224,0.268,-0.0122
2026-09-23T18:19:37Z,2026-09-23 03:56:05,SPXW,2026-09-25,C,7475.0,7764.6401,287.2,1.0,308.9,2.0,290.4,0.0,79.0,0.0,0.9848,0.0003,-0.6365,0.2755,0.8057
2026-09-23T18:19:37Z,2026-09-23 03:56:05,SPXW,2026-09-25,P,7475.0,7764.6401,0.65,24.0,0.75,22.0,0.67,186.0,2292.0,0.2102,-0.0151,0.0003,-0.637,0.2757,-0.0126
2026-09-23T18:19:37Z,2026-09-23 03:56:05,SPXW,2026-09-25,C,7480.0,7764.6401,282.2,1.0,304.0,2.0,284.27,1.0,22.0,0.0,0.9843,0.0003,-0.6518,0.2835,0.8058
2026-09-23T18:19:37Z,2026-09-23 03:56:05,SPXW,2026-09-25,P,7480.0,7764.6401,0.65,97.0,0.8,87.0,0.7,131.0,1188.0,0.2082,-0.0156,0.0003,-0.6518,0.2835,-0.013
2026-09-23T18:19:37Z,2026-09-23 03:56:05,SPXW,2026-09-25,C,7485.0,7764.6401,277.2,1.0,299.0,2.0,293.37,1.0,36.0,0.0,0.9838,0.0003,-0.6677,0.2919,0.8059
2026-09-23T18:19:37Z,2026-09-23 03:56:05,SPXW,2026-09-25,P,7485.0,7764.6401,0.7,22.0,0.8,24.0,0.7,169.0,449.0,0.2061,-0.0162,0.0003,-0.6677,0.2919,-0.0135
2026-09-23T18:19:37Z,2026-09-23 03:56:05,SPXW,2026-09-25,C,7490.0,7764.6401,272.2,2.0,294.0,2.0,116.17,0.0,13.0,0.0,0.9832,0.0003,-0.6845,0.3006,0.8059
2026-09-23T18:19:37Z,2026-09-23 03:56:05,SPXW,2026-09-25,P,7490.0,7764.6401,0.7,28.0,0.8,21.0,0.77,82.0,857.0,0.2029,-0.0167,0.0003,-0.6845,0.3006,-0.014
2026-09-23T18:19:37Z,2026-09-23 03:56:05,SPXW,2026-09-25,C,7495.0,7764.6401,267.3,1.0,289.1,2.0,278.71,1.0,7.0,0.0,0.9826,0.0003,-0.7022,0.3098,0.806
2026-09-23T18:19:37Z,2026-09-23 03:56:05,SPXW,2026-09-25,P,7495.0,7764.6401,0.75,20.0,0.85,19.0,0.75,114.0,664.0,0.2016,-0.0174,0.0003,-0.7022,0.3098,-0.0144
2026-09-23T18:19:37Z,2026-09-23 03:56:05,SPXW,2026-09-25,C,7500.0,7764.6401,262.3,1.0,284.1,2.0,269.26,2.0,124.0,0.0,0.982,0.0003,-0.7207,0.3195,0.806
2026-09-23T18:19:37Z,2026-09-23 03:56:05,SPXW,2026-09-25,P,7500.0,7764.6401,0.8,1.0,0.85,19.0,0.8,937.0,10530.0,0.1994,-0.018,0.0003,-0.7207,0.3195,-0.015
2026-09-23T18:19:37Z,2026-09-23 03:56:05,SPXW,2026-09-25,C,7505.0,7764.6401,257.3,1.0,279.2,2.0,222.11,0.0,25.0,0.0,0.9813,0.0003,-0.7403,0.3297,0.806
2026-09-23T18:19:37Z,2026-09-23 03:56:05,SPXW,2026-09-25,P,7505.0,7764.6401,0.8,20.0,0.9,41.0,0.8,71.0,483.0,0.1971,-0.0187,0.0003,-0.7403,0.3297,-0.0156
2026-09-23T18:19:37Z,2026-09-23 03:56:05,SPXW,2026-09-25,C,7510.0,7764.6401,252.3,3.0,273.9,2.0,259.31,1.0,30.0,0.0,0.9806,0.0004,-0.7609,0.3405,0.8059
2026-09-23T18:19:37Z,2026-09-23 03:56:05,SPXW,2026-09-25,P,7510.0,7764.6401,0.8,27.0,0.9,19.0,0.85,85.0,1102.0,0.1939,-0.0194,0.0004,-0.7609,0.3405,-0.0162
2026-09-23T18:19:37Z,2026-09-23 03:56:05,SPXW,2026-09-25,C,7515.0,7764.6401,247.3,4.0,269.2,2.0,263.32,0.0,16.0,0.0,0.9798,0.0004,-0.7827,0.352,0.8058
2026-09-23T18:19:37Z,2026-09-23 03:56:05,SPXW,2026-09-25,P,7515.0,7764.6401,0.85,21.0,0.95,19.0,0.85,24.0,638.0,0.1923,-0.0202,0.0004,-0.7827,0.352,-0.0168
2026-09-23T18:19:37Z,2026-09-23 03:56:05,SPXW,2026-09-25,C,7520.0,7764.6401,242.3,4.0,264.2,2.0,249.34,1.0,75.0,0.0,0.979,0.0004,-0.8058,0.364,0.8057
2026-09-23T18:19:37Z,2026-09-23 03:56:05,SPXW,2026-09-25,P,7520.0,7764.6401,0.9,4.0,1.0,39.0,0.9,203.0,560.0,0.1906,-0.021,0.0004,-0.8058,0.364,-0.0175
2026-09-23T18:19:37Z,2026-09-23 03:56:05,SPXW,2026-09-25,C,7525.0,7764.6401,237.4,1.0,259.0,2.0,255.57,3.0,109.0,0.0,0.9781,0.0004,-0.8302,0.3768,0.8055
2026-09-23T18:19:37Z,2026-09-23 03:56:05,SPXW,2026-09-25,P,7525.0,7764.6401,0.9,25.0,1.0,18.0,1.0,754.0,1573.0,0.1874,-0.0218,0.0004,-0.8302,0.3768,-0.0182
2026-09-23T18:19:37Z,2026-09-23 03:56:05,SPXW,2026-09-25,C,7530.0,7764.6401,232.4,4.0,254.2,2.0,250.86,3.0,128.0,0.0,0.9772,0.0004,-0.8562,0.3902,0.8053
2026-09-23T18:19:37Z,2026-09-23 03:56:05,SPXW,2026-09-25,P,7530.0,7764.6401,0.95,20.0,1.05,18.0,1.0,1723.0,1099.0,0.1856,-0.0228,0.0004,-0.8562,0.3902,-0.019
2026-09-23T18:19:37Z,2026-09-23 03:56:05,SPXW,2026-09-25,C,7535.0,7764.6401,227.4,4.0,249.3,2.0,243.33,0.0,64.0,0.0,0.9762,0.0004,-0.8838,0.4043,0.805
2026-09-23T18:19:37Z,2026-09-23 03:56:05,SPXW,2026-09-25,P,7535.0,7764.6401,1.0,20.0,1.1,39.0,0.95,155.0,650.0,0.1837,-0.0238,0.0004,-0.8838,0.4043,-0.0198
2026-09-23T18:19:37Z,2026-09-23 03:56:05,SPXW,2026-09-25,C,7540.0,7764.6401,222.5,4.0,244.4,2.0,164.29,0.0,56.0,0.0,0.9751,0.0005,-0.9132,0.4192,0.8046
2026-09-23T18:19:37Z,2026-09-23 03:56:05,SPXW,2026-09-25,P,7540.0,7764.6401,1.05,3.0,1.15,37.0,1.05,381.0,661.0,0.1818,-0.0248,0.0005,-0.9132,0.4192,-0.0207
2026-09-23T18:19:37Z,2026-09-23 03:56:05,SPXW,2026-09-25,C,7545.0,7764.6401,217.5,4.0,239.4,2.0,228.73,1.0,55.0,0.0,0.974,0.0005,-0.9445,0.435,0.8042
2026-09-23T18:19:37Z,2026-09-23 03:56:05,SPXW,2026-09-25,P,7545.0,7764.6401,1.05,23.0,1.2,36.0,1.05,155.0,737.0,0.1791,-0.026,0.0005,-0.9445,0.435,-0.0217
2026-09-23T18:19:37Z,2026-09-23 03:56:05,SPXW,2026-09-25,C,7550.0,7764.6401,224.7,3.0,225.9,3.0,231.5,7.0,266.0,0.1788,0.9728,0.0005,-0.9779,0.4516,0.8037
2026-09-23T18:19:37Z,2026-09-23 03:56:05,SPXW,2026-09-25,P,7550.0,7764.6401,1.1,22.0,1.25,36.0,1.2,692.0,4316.0,0.177,-0.0272,0.0005,-0.9779,0.4516,-0.0227
2026-09-23T18:19:37Z,2026-09-23 03:56:05,SPXW,2026-09-25,C,7555.0,7764.6401,207.6,4.0,229.5,2.0,221.75,1.0,65.0,0.0,0.9715,0.0006,-1.0135,0.4694,0.8032
2026-09-23T18:19:37Z,2026-09-23 03:56:05,SPXW,2026-09-25,P,7555.0,7764.6401,1.15,22.0,1.3,35.0,1.2,339.0,691.0,0.1748,-0.0285,0.0006,-1.0135,0.4694,-0.0238
2026-09-23T18:19:37Z,2026-09-23 03:56:05,SPXW,2026-09-25,C,7560.0,7764.6401,202.7,4.0,226.2,2.0,220.34,0.0,112.0,0.1449,0.9701,0.0006,-1.0516,0.4883,0.8026
2026-09-23T18:19:37Z,2026-09-23 03:56:05,SPXW,2026-09-25,P,7560.0,7764.6401,1.25,19.0,1.35,16.0,1.25,654.0,1423.0,0.1732,-0.0299,0.0006,-1.0516,0.4883,-0.025
2026-09-23T18:19:37Z,2026-09-23 03:56:05,SPXW,2026-09-25,C,7565.0,7764.6401,199.8,2.0,217.9,2.0,169.8,0.0,88.0,0.0,0.9686,0.0006,-1.0922,0.5085,0.8018
2026-09-23T18:19:37Z,2026-09-23 03:56:05,SPXW,2026-09-25,P,7565.0,7764.6401,1.3,16.0,1.4,16.0,1.37,62.0,396.0,0.1709,-0.0314,0.0006,-1.0922,0.5085,-0.0262
2026-09-23T18:19:37Z,2026-09-23 03:56:05,SPXW,2026-09-25,C,7570.0,7764.6401,194.8,4.0,212.9,1.0,212.55,2.0,51.0,0.0,0.9669,0.0006,-1.1356,0.53,0.801
2026-09-23T18:19:37Z,2026-09-23 03:56:05,SPXW,2026-09-25,P,7570.0,7764.6401,1.35,17.0,1.5,33.0,1.35,346.0,5347.0,0.169,-0.033,0.0006,-1.1356,0.53,-0.0276
2026-09-23T18:19:37Z,2026-09-23 03:56:05,SPXW,2026-09-25,C,7575.0,7764.6401,200.0,3.0,201.2,3.0,201.0,0.0,271.0,0.1678,0.9652,0.0007,-1.182,0.5528,0.8
2026-09-23T18:19:37Z,2026-09-23 03:56:05,SPXW,2026-09-25,P,7575.0,7764.6401,1.45,3.0,1.55,15.0,1.45,365.0,3621.0,0.167,-0.0348,0.0007,-1.182,0.5528,-0.0291
2026-09-23T18:19:37Z,2026-09-23 03:56:05,SPXW,2026-09-25,C,7580.0,7764.6401,195.1,3.0,196.3,3.0,203.41,0.0,267.0,0.1651,0.9632,0.0007,-1.2316,0.5768,0.799
2026-09-23T18:19:37Z,2026-09-23 03:56:05,SPXW,2026-09-25,P,7580.0,7764.6401,1.5,20.0,1.65,32.0,1.5,368.0,2004.0,0.165,-0.0367,0.0007,-1.2316,0.5768,-0.0308
2026-09-23T18:19:37Z,2026-09-23 03:56:05,SPXW,2026-09-25,C,7585.0,7764.6401,180.1,3.0,198.2,2.0,186.74,0.0,101.0,0.108,0.9612,0.0008,-1.2848,0.6022,0.7978
2026-09-23T18:19:37Z,2026-09-23 03:56:05,SPXW,2026-09-25,P,7585.0,7764.6401,1.6,16.0,1.7,15.0,1.6,153.0,629.0,0.1628,-0.0388,0.0008,-1.2848,0.6022,-0.0325
2026-09-23T18:19:37Z,2026-09-23 03:56:05,SPXW,2026-09-25,C,7590.0,7764.6401,175.2,2.0,193.1,1.0,188.88,23.0,217.0,0.105,0.959,0.0008,-1.3418,0.6292,0.7964
2026-09-23T18:19:37Z,2026-09-23 03:56:05,SPXW,2026-09-25,P,7590.0,7764.6401,1.7,3.0,1.8,14.0,1.67,1264.0,542.0,0.161,-0.041,0.0008,-1.3418,0.6292,-0.0344
2026-09-23T18:19:37Z,2026-09-23 03:56:05,SPXW,2026-09-25,C,7595.0,7764.6401,170.3,1.0,188.2,2.0,182.28,5.0,274.0,0.1119,0.9566,0.0009,-1.4026,0.6581,0.795
2026-09-23T18:19:37Z,2026-09-23 03:56:05,SPXW,2026-09-25,P,7595.0,7764.6401,1.8,12.0,1.9,14.0,1.75,310.0,2673.0,0.1591,-0.0434,0.0009,-1.4026,0.6581,-0.0364
2026-09-23T18:19:37Z,2026-09-23 03:56:05,SPXW,2026-09-25,C,7600.0,7764.6401,175.5,3.0,176.7,3.0,172.83,124.0,1423.0,0.1574,0.954,0.0009,-1.4677,0.6889,0.7934
2026-09-23T18:19:37Z,2026-09-23 03:56:05,SPXW,2026-09-25,P,7600.0,7764.6401,1.9,11.0,2.0,14.0,1.95,2112.0,4084.0,0.157,-0.046,0.0009,-1.4677,0.6889,-0.0386
2026-09-23T18:19:37Z,2026-09-23 03:56:05,SPXW,2026-09-25,C,7605.0,7764.6401,160.5,2.0,178.7,2.0,160.9,4.0,288.0,0.1226,0.9512,0.001,-1.5371,0.7218,0.7915
2026-09-23T18:19:37Z,2026-09-23 03:56:05,SPXW,2026-09-25,P,7605.0,7764.6401,2.0,19.0,2.1,11.0,1.95,469.0,448.0,0.1549,-0.0488,0.001,-1.5371,0.7218,-0.0409
2026-09-23T18:19:37Z,2026-09-23 03:56:05,SPXW,2026-09-25,C,7610.0,7764.6401,165.7,3.0,166.9,3.0,166.59,14.0,281.0,0.1536,0.9481,0.001,-1.6113,0.7565,0.7895
2026-09-23T18:19:37Z,2026-09-23 03:56:05,SPXW,2026-09-25,P,7610.0,7764.6401,2.15,12.0,2.25,10.0,2.2,198.0,1923.0,0.1533,-0.0518,0.001,-1.6113,0.7565,-0.0436
2026-09-23T18:19:37Z,2026-09-23 03:56:05,SPXW,2026-09-25,C,7615.0,7764.6401,150.7,4.0,168.8,1.0,161.76,22.0,209.0,0.1207,0.9448,0.0011,-1.6904,0.793,0.7872
2026-09-23T18:19:37Z,2026-09-23 03:56:05,SPXW,2026-09-25,P,7615.0,7764.6401,2.25,18.0,2.4,9.0,2.22,1422.0,1460.0,0.1513,-0.0551,0.0011,-1.6904,0.793,-0.0464
2026-09-23T18:19:37Z,2026-09-23 03:56:05,SPXW,2026-09-25,C,7620.0,7764.6401,156.0,3.0,157.2,3.0,158.0,15.0,281.0,0.1499,0.9412,0.0012,-1.7748,0.8315,0.7847
2026-09-23T18:19:37Z,2026-09-23 03:56:05,SPXW,2026-09-25,P,7620.0,7764.6401,2.4,18.0,2.55,9.0,2.35,275.0,754.0,0.1494,-0.0587,0.0012,-1.7748,0.8315,-0.0494
2026-09-23T18:19:37Z,2026-09-23 03:56:05,SPXW,2026-09-25,C,7625.0,7764.6401,151.2,3.0,152.4,3.0,146.33,16.0,1048.0,0.1479,0.9374,0.0012,-1.8647,0.8724,0.782
2026-09-23T18:19:37Z,2026-09-23 03:56:05,SPXW,2026-09-25,P,7625.0,7764.6401,2.55,17.0,2.7,9.0,2.55,832.0,3130.0,0.1474,-0.0626,0.0012,-1.8647,0.8724,-0.0527
2026-09-23T18:19:37Z,2026-09-23 03:56:05,SPXW,2026-09-25,C,7630.0,7764.6401,146.4,4.0,147.5,3.0,151.58,22.0,527.0,0.1457,0.9332,0.0013,-1.9601,0.916,0.779
2026-09-23T18:19:37Z,2026-09-23 03:56:05,SPXW,2026-09-25,P,7630.0,7764.6401,2.75,10.0,2.85,9.0,2.8,407.0,906.0,0.1456,-0.0668,0.0013,-1.9601,0.916,-0.0562
2026-09-23T18:19:37Z,2026-09-23 03:56:05,SPXW,2026-09-25,C,7635.0,7764.6401,141.6,3.0,142.7,3.0,147.95,33.0,333.0,0.144,0.9286,0.0014,-2.0613,0.9622,0.7757
2026-09-23T18:19:37Z,2026-09-23 03:56:05,SPXW,2026-09-25,P,7635.0,7764.6401,2.95,8.0,3.1,20.0,2.9,367.0,1269.0,0.1442,-0.0713,0.0014,-2.0613,0.9622,-0.0601
2026-09-23T18:19:37Z,2026-09-23 03:56:05,SPXW,2026-09-25,C,7640.0,7764.6401,136.8,4.0,137.9,3.0,143.15,110.0,535.0,0.1421,0.9237,0.0015,-2.1685,1.0106,0.772
2026-09-23T18:19:37Z,2026-09-23 03:56:05,SPXW,2026-09-25,P,7640.0,7764.6401,3.1,17.0,3.3,19.0,3.2,884.0,901.0,0.142,-0.0763,0.0015,-2.1685,1.0106,-0.0643
2026-09-23T18:19:37Z,2026-09-23 03:56:05,SPXW,2026-09-25,C,7645.0,7764.6401,132.0,3.0,133.2,3.0,127.94,10.0,559.0,0.1405,0.9184,0.0016,-2.2819,1.0611,0.768
2026-09-23T18:19:37Z,2026-09-23 03:56:05,SPXW,2026-09-25,P,7645.0,7764.6401,3.3,17.0,3.5,20.0,3.45,473.0,573.0,0.14,-0.0816,0.0016,-2.2819,1.0611,-0.0689
2026-09-23T18:19:37Z,2026-09-23 03:56:05,SPXW,2026-09-25,C,7650.0,7764.6401,127.2,3.0,128.4,3.0,124.58,152.0,2617.0,0.1387,0.9126,0.0017,-2.4016,1.1142,0.7636
2026-09-23T18:19:37Z,2026-09-23 03:56:05,SPXW,2026-09-25,P,7650.0,7764.6401,3.6,15.0,3.7,13.0,3.61,1453.0,2872.0,0.1383,-0.0874,0.0017,-2.4016,1.1142,-0.0737
2026-09-23T18:19:37Z,2026-09-23 03:56:05,SPXW,2026-09-25,C,7655.0,7764.6401,122.5,3.0,123.7,3.0,111.63,4.0,407.0,0.1368,0.9063,0.0018,-2.5277,1.1705,0.7589
2026-09-23T18:19:37Z,2026-09-23 03:56:05,SPXW,2026-09-25,P,7655.0,7764.6401,3.8,15.0,4.0,19.0,3.99,307.0,435.0,0.1364,-0.0936,0.0018,-2.5277,1.1705,-0.079
2026-09-23T18:19:37Z,2026-09-23 03:56:05,SPXW,2026-09-25,C,7660.0,7764.6401,117.8,3.0,119.0,3.0,116.3,153.0,540.0,0.1351,0.8996,0.002,-2.66,1.2297,0.7537
2026-09-23T18:19:37Z,2026-09-23 03:56:05,SPXW,2026-09-25,P,7660.0,7764.6401,4.1,15.0,4.3,18.0,4.22,494.0,1139.0,0.1347,-0.1004,0.002,-2.66,1.2297,-0.0848
2026-09-23T18:19:37Z,2026-09-23 03:56:05,SPXW,2026-09-25,C,7665.0,7764.6401,113.1,3.0,114.3,3.0,111.92,12.0,947.0,0.1332,0.8922,0.0021,-2.7988,1.2911,0.7479
2026-09-23T18:19:37Z,2026-09-23 03:56:05,SPXW,2026-09-25,P,7665.0,7764.6401,4.4,15.0,4.6,18.0,4.55,321.0,526.0,0.1328,-0.1077,0.0021,-2.7988,1.2911,-0.0911
2026-09-23T18:19:37Z,2026-09-23 03:56:05,SPXW,2026-09-25,C,7670.0,7764.6401,108.5,3.0,109.6,3.0,106.58,40.0,527.0,0.1318,0.8843,0.0022,-2.9439,1.3545,0.7417
2026-09-23T18:19:37Z,2026-09-23 03:56:05,SPXW,2026-09-25,P,7670.0,7764.6401,4.8,13.0,5.0,16.0,4.91,587.0,1040.0,0.1315,-0.1156,0.0022,-2.9439,1.3545,-0.0979
2026-09-23T18:19:37Z,2026-09-23 03:56:05,SPXW,2026-09-25,C,7675.0,7764.6401,103.9,3.0,105.0,3.0,101.93,73.0,1608.0,0.1302,0.8757,0.0024,-3.0952,1.4209,0.735
2026-09-23T18:19:37Z,2026-09-23 03:56:05,SPXW,2026-09-25,P,7675.0,7764.6401,5.2,7.0,5.4,15.0,5.51,2576.0,913.0,0.13,-0.1242,0.0024,-3.0952,1.4209,-0.1051
2026-09-23T18:19:37Z,2026-09-23 03:56:05,SPXW,2026-09-25,C,7680.0,7764.6401,99.3,3.0,100.4,3.0,100.42,39.0,481.0,0.1284,0.8665,0.0025,-3.2523,1.4906,0.7276
2026-09-23T18:19:37Z,2026-09-23 03:56:05,SPXW,2026-09-25,P,7680.0,7764.6401,5.6,12.0,5.8,15.0,5.81,355.0,616.0,0.1282,-0.1335,0.0025,-3.2523,1.4906,-0.113
2026-09-23T18:19:37Z,2026-09-23 03:56:05,SPXW,2026-09-25,C,7685.0,7764.6401,94.8,3.0,95.9,3.0,91.2,425.0,516.0,0.1267,0.8564,0.0027,-3.4151,1.5623,0.7195
2026-09-23T18:19:37Z,2026-09-23 03:56:05,SPXW,2026-09-25,P,7685.0,7764.6401,6.0,12.0,6.2,14.0,6.2,407.0,293.0,0.1261,-0.1435,0.0027,-3.4151,1.5623,-0.1217
2026-09-23T18:19:37Z,2026-09-23 03:56:05,SPXW,2026-09-25,C,7690.0,7764.6401,90.2,3.0,91.4,3.0,91.29,457.0,553.0,0.1247,0.8456,0.0028,-3.5831,1.6353,0.7108
2026-09-23T18:19:37Z,2026-09-23 03:56:05,SPXW,2026-09-25,P,7690.0,7764.6401,6.5,7.0,6.7,8.0,6.75,758.0,550.0,0.1245,-0.1544,0.0028,-3.5831,1.6353,-0.131
2026-09-23T18:19:37Z,2026-09-23 03:56:05,SPXW,2026-09-25,C,7695.0,7764.6401,85.8,3.0,86.9,3.0,89.21,32.0,434.0,0.1234,0.8338,0.003,-3.7558,1.7108,0.7014
2026-09-23T18:19:37Z,2026-09-23 03:56:05,SPXW,2026-09-25,P,7695.0,7764.6401,7.0,20.0,7.3,20.0,7.4,452.0,405.0,0.1229,-0.1661,0.003,-3.7558,1.7108,-0.1409
2026-09-23T18:19:37Z,2026-09-23 03:56:05,SPXW,2026-09-25,C,7700.0,7764.6401,81.4,4.0,82.5,3.0,77.25,482.0,4693.0,0.1212,0.8212,0.0032,-3.9324,1.7889,0.6911
2026-09-23T18:19:37Z,2026-09-23 03:56:05,SPXW,2026-09-25,P,7700.0,7764.6401,7.6,21.0,7.9,19.0,8.05,2668.0,3172.0,0.1213,-0.1788,0.0032,-3.9324,1.7889,-0.1518
2026-09-23T18:19:37Z,2026-09-23 03:56:05,SPXW,2026-09-25,C,7705.0,7764.6401,77.0,3.0,78.2,3.0,75.91,189.0,511.0,0.1199,0.8075,0.0034,-4.1118,1.8677,0.6798
2026-09-23T18:19:37Z,2026-09-23 03:56:05,SPXW,2026-09-25,P,7705.0,7764.6401,8.3,5.0,8.6,20.0,8.78,522.0,266.0,0.12,-0.1924,0.0034,-4.1118,1.8677,-0.1636
2026-09-23T18:19:37Z,2026-09-23 03:56:05,SPXW,2026-09-25,C,7710.0,7764.6401,72.8,3.0,73.9,3.0,71.1,275.0,692.0,0.1185,0.7928,0.0036,-4.293,1.9464,0.6678
2026-09-23T18:19:37Z,2026-09-23 03:56:05,SPXW,2026-09-25,P,7710.0,7764.6401,9.0,19.0,9.3,20.0,9.8,617.0,1144.0,0.1184,-0.2072,0.0036,-4.293,1.9464,-0.1762
2026-09-23T18:19:37Z,2026-09-23 03:56:05,SPXW,2026-09-25,C,7715.0,7764.6401,68.6,4.0,69.7,3.0,65.88,200.0,1521.0,0.1167,0.777,0.0038,-4.4746,2.0264,0.6549
2026-09-23T18:19:37Z,2026-09-23 03:56:05,SPXW,2026-09-25,P,7715.0,7764.6401,9.8,12.0,10.1,19.0,10.82,370.0,250.0,0.1169,-0.223,0.0038,-4.4746,2.0264,-0.1896
2026-09-23T18:19:37Z,2026-09-23 03:56:05,SPXW,2026-09-25,C,7720.0,7764.6401,64.5,4.0,65.6,4.0,62.84,176.0,912.0,0.1154,0.76,0.004,-4.6546,2.1065,0.6407
2026-09-23T18:19:37Z,2026-09-23 03:56:05,SPXW,2026-09-25,P,7720.0,7764.6401,10.7,4.0,11.0,19.0,11.71,793.0,647.0,0.1156,-0.24,0.004,-4.6546,2.1065,-0.2044
2026-09-23T18:19:37Z,2026-09-23 03:56:05,SPXW,2026-09-25,C,7725.0,7764.6401,60.4,3.0,61.5,3.0,58.72,1031.0,3617.0,0.1142,0.7417,0.0042,-4.831,2.184,0.6256
2026-09-23T18:19:37Z,2026-09-23 03:56:05,SPXW,2026-09-25,P,7725.0,7764.6401,11.6,19.0,11.9,4.0,12.9,1090.0,975.0,0.1144,-0.2582,0.0042,-4.831,2.184,-0.22
2026-09-23T18:19:37Z,2026-09-23 03:56:05,SPXW,2026-09-25,C,7730.0,7764.6401,56.7,3.0,57.2,3.0,53.0,406.0,3014.0,0.1122,0.7223,0.0044,-5.0016,2.2598,0.6096
2026-09-23T18:19:37Z,2026-09-23 03:56:05,SPXW,2026-09-25,P,7730.0,7764.6401,12.7,5.0,13.0,18.0,14.11,692.0,642.0,0.1128,-0.2777,0.0044,-5.0016,2.2598,-0.2366
2026-09-23T18:19:37Z,2026-09-23 03:56:05,SPXW,2026-09-25,C,7735.0,7764.6401,52.9,3.0,53.4,3.0,51.22,1000.0,1057.0,0.1111,0.7016,0.0046,-5.1633,2.3334,0.5921
2026-09-23T18:19:37Z,2026-09-23 03:56:05,SPXW,2026-09-25,P,7735.0,7764.6401,13.8,19.0,14.2,18.0,15.0,331.0,318.0,0.1117,-0.2984,0.0046,-5.1633,2.3334,-0.2546
2026-09-23T18:19:37Z,2026-09-23 03:56:05,SPXW,2026-09-25,C,7740.0,7764.6401,49.3,3.0,49.7,6.0,47.55,434.0,1666.0,0.1102,0.6796,0.0048,-5.3132,2.4013,0.5738
2026-09-23T18:19:37Z,2026-09-23 03:56:05,SPXW,2026-09-25,P,7740.0,7764.6401,15.1,18.0,15.5,18.0,16.6,816.0,451.0,0.1104,-0.3203,0.0048,-5.3132,2.4013,-0.2735
2026-09-23T18:19:37Z,2026-09-23 03:56:05,SPXW,2026-09-25,C,7745.0,7764.6401,45.7,5.0,46.1,8.0,43.65,1322.0,1470.0,0.1093,0.6564,0.005,-5.4483,2.4639,0.5546
2026-09-23T18:19:37Z,2026-09-23 03:56:05,SPXW,2026-09-25,P,7745.0,7764.6401,16.6,4.0,16.9,18.0,18.2,559.0,312.0,0.1094,-0.3435,0.005,-5.4483,2.4639,-0.2932
2026-09-23T18:19:37Z,2026-09-23 03:56:05,SPXW,2026-09-25,C,7750.0,7764.6401,42.2,6.0,42.6,3.0,40.11,1506.0,4136.0,0.1081,0.6321,0.0052,-5.565,2.5206,0.5339
2026-09-23T18:19:37Z,2026-09-23 03:56:05,SPXW,2026-09-25,P,7750.0,7764.6401,18.1,3.0,18.4,11.0,19.9,2183.0,3079.0,0.1083,-0.3678,0.0052,-5.565,2.5206,-0.3144
2026-09-23T18:19:37Z,2026-09-23 03:56:05,SPXW,2026-09-25,C,7755.0,7764.6401,38.9,7.0,39.3,3.0,37.37,614.0,1544.0,0.1072,0.6067,0.0054,-5.66,2.5681,0.5127
2026-09-23T18:19:37Z,2026-09-23 03:56:05,SPXW,2026-09-25,P,7755.0,7764.6401,19.7,18.0,20.1,12.0,21.37,380.0,227.0,0.1074,-0.3932,0.0054,-5.66,2.5681,-0.3362
2026-09-23T18:19:37Z,2026-09-23 03:56:05,SPXW,2026-09-25,C,7760.0,7764.6401,35.7,10.0,36.1,3.0,33.91,720.0,714.0,0.1063,0.5804,0.0055,-5.7305,2.6067,0.4906
2026-09-23T18:19:37Z,2026-09-23 03:56:05,SPXW,2026-09-25,P,7760.0,7764.6401,21.6,3.0,21.9,8.0,23.47,658.0,410.0,0.1065,-0.4196,0.0055,-5.7305,2.6067,-0.3589
2026-09-23T18:19:37Z,2026-09-23 03:56:05,SPXW,2026-09-25,C,7765.0,7764.6401,32.7,9.0,33.1,4.0,31.0,860.0,820.0,0.1056,0.5532,0.0056,-5.7732,2.6353,0.4674
2026-09-23T18:19:37Z,2026-09-23 03:56:05,SPXW,2026-09-25,P,7765.0,7764.6401,23.5,18.0,23.9,11.0,25.4,950.0,209.0,0.1058,-0.4468,0.0056,-5.7732,2.6353,-0.3826
2026-09-23T18:19:37Z,2026-09-23 03:56:05,SPXW,2026-09-25,C,7770.0,7764.6401,29.8,12.0,30.2,3.0,29.01,1418.0,1253.0,0.1049,0.5253,0.0057,-5.7863,2.652,0.4442
2026-09-23T18:19:37Z,2026-09-23 03:56:05,SPXW,2026-09-25,P,7770.0,7764.6401,25.7,9.0,26.1,17.0,28.04,738.0,295.0,0.1051,-0.4746,0.0057,-5.7863,2.652,-0.4063
2026-09-23T18:19:37Z,2026-09-23 03:56:05,SPXW,2026-09-25,C,7775.0,7764.6401,27.2,9.0,27.5,3.0,25.8,1793.0,2543.0,0.1043,0.497,0.0057,-5.7682,2.657,0.4201
2026-09-23T18:19:37Z,2026-09-23 03:56:05,SPXW,2026-09-25,P,7775.0,7764.6401,28.0,9.0,28.4,12.0,30.65,845.0,1222.0,0.1045,-0.5029,0.0057,-5.7682,2.657,-0.431
2026-09-23T18:19:37Z,2026-09-23 03:56:05,SPXW,2026-09-25,C,7780.0,7764.6401,24.6,17.0,25.0,3.0,24.02,1109.0,1131.0,0.1039,0.4685,0.0057,-5.7176,2.6495,0.396
2026-09-23T18:19:37Z,2026-09-23 03:56:05,SPXW,2026-09-25,P,7780.0,7764.6401,30.4,17.0,30.8,8.0,33.02,405.0,377.0,0.1042,-0.5315,0.0057,-5.7176,2.6495,-0.4557
2026-09-23T18:19:37Z,2026-09-23 03:56:05,SPXW,2026-09-25,C,7785.0,7764.6401,22.3,15.0,22.6,3.0,21.61,495.0,1032.0,0.1035,0.4399,0.0057,-5.6351,2.6295,0.3719
2026-09-23T18:19:37Z,2026-09-23 03:56:05,SPXW,2026-09-25,P,7785.0,7764.6401,33.1,9.0,33.5,12.0,35.1,188.0,176.0,0.1036,-0.5601,0.0057,-5.6351,2.6295,-0.4803
2026-09-23T18:19:37Z,2026-09-23 03:56:05,SPXW,2026-09-25,C,7790.0,7764.6401,20.1,15.0,20.4,3.0,19.38,968.0,2473.0,0.1032,0.4115,0.0056,-5.5212,2.5964,0.3476
2026-09-23T18:19:37Z,2026-09-23 03:56:05,SPXW,2026-09-25,P,7790.0,7764.6401,35.9,4.0,36.3,7.0,38.0,272.0,141.0,0.1032,-0.5885,0.0056,-5.5212,2.5964,-0.5051
2026-09-23T18:19:37Z,2026-09-23 03:56:05,SPXW,2026-09-25,C,7795.0,7764.6401,18.1,9.0,18.4,4.0,17.1,550.0,843.0,0.1028,0.3834,0.0055,-5.3778,2.552,0.3241
2026-09-23T18:19:37Z,2026-09-23 03:56:05,SPXW,2026-09-25,P,7795.0,7764.6401,38.8,9.0,39.3,9.0,41.7,125.0,65.0,0.1031,-0.6165,0.0055,-5.3778,2.552,-0.5292
2026-09-23T18:19:37Z,2026-09-23 03:56:05,SPXW,2026-09-25,C,7800.0,7764.6401,16.2,18.0,16.5,3.0,15.4,4460.0,6520.0,0.1028,0.356,0.0054,-5.2076,2.4956,0.3007
2026-09-23T18:19:37Z,2026-09-23 03:56:05,SPXW,2026-09-25,P,7800.0,7764.6401,42.0,3.0,42.4,5.0,45.19,416.0,2227.0,0.1028,-0.6439,0.0054,-5.2076,2.4956,-0.5531
2026-09-23T18:19:37Z,2026-09-23 03:56:05,SPXW,2026-09-25,C,7805.0,7764.6401,14.5,18.0,14.8,5.0,14.43,1668.0,1009.0,0.1027,0.3294,0.0053,-5.0134,2.4288,0.2782
2026-09-23T18:19:37Z,2026-09-23 03:56:05,SPXW,2026-09-25,P,7805.0,7764.6401,45.3,3.0,45.7,7.0,48.65,153.0,53.0,0.1028,-0.6705,0.0053,-5.0134,2.4288,-0.5762
2026-09-23T18:19:37Z,2026-09-23 03:56:05,SPXW,2026-09-25,C,7810.0,7764.6401,12.9,18.0,13.2,4.0,12.57,893.0,1536.0,0.1025,0.3037,0.0051,-4.7992,2.3536,0.2565
2026-09-23T18:19:37Z,2026-09-23 03:56:05,SPXW,2026-09-25,P,7810.0,7764.6401,48.3,3.0,49.5,4.0,51.74,135.0,70.0,0.1027,-0.6962,0.0051,-4.7992,2.3536,-0.5984
2026-09-23T18:19:37Z,2026-09-23 03:56:05,SPXW,2026-09-25,C,7815.0,7764.6401,11.5,18.0,11.8,5.0,11.1,808.0,944.0,0.1027,0.2791,0.0049,-4.5686,2.2688,0.2354
2026-09-23T18:19:37Z,2026-09-23 03:56:05,SPXW,2026-09-25,P,7815.0,7764.6401,51.9,5.0,53.0,4.0,55.29,73.0,54.0,0.1028,-0.7208,0.0049,-4.5686,2.2688,-0.62
2026-09-23T18:19:37Z,2026-09-23 03:56:05,SPXW,2026-09-25,C,7820.0,7764.6401,10.2,19.0,10.5,5.0,10.11,1218.0,1277.0,0.1027,0.2557,0.0047,-4.3257,2.1787,0.2158
2026-09-23T18:19:37Z,2026-09-23 03:56:05,SPXW,2026-09-25,P,7820.0,7764.6401,55.6,4.0,56.7,3.0,59.28,49.0,45.0,0.1029,-0.7442,0.0047,-4.3257,2.1787,-0.6402
2026-09-23T18:19:37Z,2026-09-23 03:56:05,SPXW,2026-09-25,C,7825.0,7764.6401,9.1,12.0,9.3,4.0,8.8,1290.0,4201.0,0.103,0.2336,0.0044,-4.0748,2.083,0.1968
2026-09-23T18:19:37Z,2026-09-23 03:56:05,SPXW,2026-09-25,P,7825.0,7764.6401,59.4,3.0,60.6,3.0,63.6,47.0,139.0,0.1029,-0.7664,0.0044,-4.0748,2.083,-0.6597
2026-09-23T18:19:37Z,2026-09-23 03:56:05,SPXW,2026-09-25,C,7830.0,7764.6401,8.0,20.0,8.3,12.0,8.0,685.0,778.0,0.1032,0.2128,0.0042,-3.8196,1.9825,0.1792
2026-09-23T18:19:37Z,2026-09-23 03:56:05,SPXW,2026-09-25,P,7830.0,7764.6401,63.4,3.0,64.5,3.0,67.93,4.0,9.0,0.1034,-0.7872,0.0042,-3.8196,1.9825,-0.6779
2026-09-23T18:19:37Z,2026-09-23 03:56:05,SPXW,2026-09-25,C,7835.0,7764.6401,7.1,20.0,7.3,4.0,7.18,373.0,477.0,0.1034,0.1933,0.004,-3.564,1.8812,0.1628
2026-09-23T18:19:37Z,2026-09-23 03:56:05,SPXW,2026-09-25,P,7835.0,7764.6401,67.4,4.0,68.6,3.0,69.27,2.0,0.0,0.1036,-0.8067,0.004,-3.564,1.8812,-0.6948
2026-09-23T18:19:37Z,2026-09-23 03:56:05,SPXW,2026-09-25,C,7840.0,7764.6401,6.3,15.0,6.5,7.0,6.3,844.0,3443.0,0.104,0.1752,0.0037,-3.3114,1.7775,0.1473
2026-09-23T18:19:37Z,2026-09-23 03:56:05,SPXW,2026-09-25,P,7840.0,7764.6401,64.9,2.0,82.5,1.0,71.05,3.0,10.0,0.1039,-0.8248,0.0037,-3.3114,1.7775,-0.7108
2026-09-23T18:19:37Z,2026-09-23 03:56:05,SPXW,2026-09-25,C,7845.0,7764.6401,5.5,21.0,5.8,21.0,5.3,2309.0,860.0,0.104,0.1585,0.0034,-3.0648,1.674,0.1333
2026-09-23T18:19:37Z,2026-09-23 03:56:05,SPXW,2026-09-25,P,7845.0,7764.6401,75.9,3.0,77.0,3.0,76.41,1.0,1.0,0.1043,-0.8415,0.0034,-3.0648,1.674,-0.7254
2026-09-23T18:19:37Z,2026-09-23 03:56:05,SPXW,2026-09-25,C,7850.0,7764.6401,4.9,22.0,5.1,7.0,4.7,4147.0,3023.0,0.1049,0.1431,0.0032,-2.8269,1.5727,0.1203
2026-09-23T18:19:37Z,2026-09-23 03:56:05,SPXW,2026-09-25,P,7850.0,7764.6401,80.2,3.0,81.3,4.0,80.28,627.0,68.0,0.1052,-0.8568,0.0032,-2.8269,1.5727,-0.739
2026-09-23T18:19:37Z,2026-09-23 03:56:05,SPXW,2026-09-25,C,7855.0,7764.6401,4.3,25.0,4.6,28.0,4.2,2078.0,670.0,0.1053,0.129,0.003,-2.6,1.4724,0.1083
2026-09-23T18:19:37Z,2026-09-23 03:56:05,SPXW,2026-09-25,P,7855.0,7764.6401,84.6,3.0,85.8,3.0,88.49,2.0,1.0,0.1057,-0.8709,0.003,-2.6,1.4724,-0.7515
2026-09-23T18:19:37Z,2026-09-23 03:56:05,SPXW,2026-09-25,C,7860.0,7764.6401,3.8,28.0,4.1,30.0,3.87,633.0,1094.0,0.106,0.1162,0.0028,-2.3855,1.3755,0.0976
2026-09-23T18:19:37Z,2026-09-23 03:56:05,SPXW,2026-09-25,P,7860.0,7764.6401,89.1,3.0,90.3,3.0,92.94,12.0,5.0,0.1064,-0.8837,0.0028,-2.3855,1.3755,-0.7628
2026-09-23T18:19:37Z,2026-09-23 03:56:05,SPXW,2026-09-25,C,7865.0,7764.6401,3.4,14.0,3.6,25.0,3.35,984.0,1312.0,0.1071,0.1047,0.0025,-2.1849,1.2833,0.0877
2026-09-23T18:19:37Z,2026-09-23 03:56:05,SPXW,2026-09-25,P,7865.0,7764.6401,93.7,3.0,94.8,3.0,95.15,1.0,1.0,0.1067,-0.8953,0.0025,-2.1849,1.2833,-0.7732
2026-09-23T18:19:37Z,2026-09-23 03:56:05,SPXW,2026-09-25,C,7870.0,7764.6401,3.0,27.0,3.2,28.0,2.95,768.0,1227.0,0.1078,0.0942,0.0023,-1.9989,1.1944,0.0789
2026-09-23T18:19:37Z,2026-09-23 03:56:05,SPXW,2026-09-25,P,7870.0,7764.6401,98.3,3.0,99.4,3.0,0.0,0.0,0.0,0.1074,-0.9057,0.0023,-1.9989,1.1944,-0.7826
2026-09-23T18:19:37Z,2026-09-23 03:56:05,SPXW,2026-09-25,C,7875.0,7764.6401,2.7,15.0,2.85,8.0,2.66,1081.0,1039.0,0.1089,0.0848,0.0021,-1.8274,1.1106,0.071
2026-09-23T18:19:37Z,2026-09-23 03:56:05,SPXW,2026-09-25,P,7875.0,7764.6401,102.9,3.0,104.1,3.0,114.83,22.0,21.0,0.1082,-0.9151,0.0021,-1.8274,1.1106,-0.791
2026-09-23T18:19:37Z,2026-09-23 03:56:05,SPXW,2026-09-25,C,7880.0,7764.6401,2.4,17.0,2.55,10.0,2.35,924.0,1798.0,0.1098,0.0764,0.002,-1.6706,1.0325,0.0639
2026-09-23T18:19:37Z,2026-09-23 03:56:05,SPXW,2026-09-25,P,7880.0,7764.6401,107.6,3.0,108.8,3.0,252.93,0.0,156.0,0.1092,-0.9235,0.002,-1.6706,1.0325,-0.7986
2026-09-23T18:19:37Z,2026-09-23 03:56:05,SPXW,2026-09-25,C,7885.0,7764.6401,2.15,15.0,2.3,19.0,2.0,1352.0,582.0,0.111,0.069,0.0018,-1.5279,0.9591,0.0576
2026-09-23T18:19:37Z,2026-09-23 03:56:05,SPXW,2026-09-25,P,7885.0,7764.6401,112.3,3.0,113.5,4.0,124.65,0.0,1.0,0.1109,-0.931,0.0018,-1.5279,0.9591,-0.8055
2026-09-23T18:19:37Z,2026-09-23 03:56:05,SPXW,2026-09-25,C,7890.0,7764.6401,1.9,18.0,2.05,11.0,1.86,686.0,881.0,0.1118,0.0623,0.0016,-1.3986,0.8906,0.052
2026-09-23T18:19:37Z,2026-09-23 03:56:05,SPXW,2026-09-25,P,7890.0,7764.6401,117.1,3.0,118.3,3.0,118.1,0.0,12.0,0.1117,-0.9376,0.0016,-1.3986,0.8906,-0.8116
2026-09-23T18:19:37Z,2026-09-23 03:56:05,SPXW,2026-09-25,C,7895.0,7764.6401,1.7,19.0,1.85,11.0,1.65,433.0,0.0,0.1129,0.0564,0.0015,-1.2816,0.8276,0.047
2026-09-23T18:19:37Z,2026-09-23 03:56:05,SPXW,2026-09-25,P,7895.0,7764.6401,115.4,2.0,132.7,1.0,0.0,0.0,0.0,0.1298,-0.9436,0.0015,-1.2816,0.8276,-0.8172
2026-09-23T18:19:37Z,2026-09-23 03:56:05,SPXW,2026-09-25,C,7900.0,7764.6401,1.55,11.0,1.65,11.0,1.45,13928.0,2833.0,0.1141,0.0511,0.0014,-1.1763,0.7695,0.0426
2026-09-23T18:19:37Z,2026-09-23 03:56:05,SPXW,2026-09-25,P,7900.0,7764.6401,126.7,3.0,127.9,3.0,125.9,7.0,161.0,0.1137,-0.9488,0.0014,-1.1763,0.7695,-0.8222
2026-09-23T18:19:37Z,2026-09-23 03:56:05,SPXW,2026-09-25,C,7905.0,7764.6401,1.35,12.0,1.5,13.0,1.35,283.0,0.0,0.115,0.0464,0.0013,-1.0816,0.7157,0.0386
2026-09-23T18:19:37Z,2026-09-23 03:56:05,SPXW,2026-09-25,P,7905.0,7764.6401,125.3,1.0,142.4,1.0,135.24,2.0,0.0,0.1357,-0.9535,0.0013,-1.0816,0.7157,-0.8267
2026-09-23T18:19:37Z,2026-09-23 03:56:05,SPXW,2026-09-25,C,7910.0,7764.6401,1.25,9.0,1.35,13.0,1.2,562.0,950.0,0.1165,0.0423,0.0012,-0.9963,0.6662,0.0352
2026-09-23T18:19:37Z,2026-09-23 03:56:05,SPXW,2026-09-25,P,7910.0,7764.6401,136.4,3.0,137.6,3.0,140.46,0.0,36.0,0.1161,-0.9577,0.0012,-0.9963,0.6662,-0.8306
2026-09-23T18:19:37Z,2026-09-23 03:56:05,SPXW,2026-09-25,C,7915.0,7764.6401,1.1,13.0,1.25,14.0,1.05,265.0,0.0,0.1177,0.0386,0.0011,-0.9196,0.621,0.0321
2026-09-23T18:19:37Z,2026-09-23 03:56:05,SPXW,2026-09-25,P,7915.0,7764.6401,134.9,2.0,152.1,1.0,0.0,0.0,0.0,0.1396,-0.9614,0.0011,-0.9196,0.621,-0.8343
2026-09-23T18:19:37Z,2026-09-23 03:56:05,SPXW,2026-09-25,C,7920.0,7764.6401,1.0,18.0,1.1,5.0,0.95,710.0,1216.0,0.1187,0.0353,0.001,-0.8506,0.5796,0.0293
2026-09-23T18:19:37Z,2026-09-23 03:56:05,SPXW,2026-09-25,P,7920.0,7764.6401,139.8,2.0,157.0,1.0,327.23,0.0,34.0,0.1422,-0.9647,0.001,-0.8506,0.5796,-0.8376
2026-09-23T18:19:37Z,2026-09-23 03:56:05,SPXW,2026-09-25,C,7925.0,7764.6401,0.9,41.0,1.05,23.0,0.85,834.0,1422.0,0.1204,0.0323,0.0009,-0.7886,0.5415,0.0268
2026-09-23T18:19:37Z,2026-09-23 03:56:05,SPXW,2026-09-25,P,7925.0,7764.6401,151.1,3.0,152.3,3.0,154.78,0.0,8.0,0.1196,-0.9676,0.0009,-0.7886,0.5415,-0.8407
2026-09-23T18:19:37Z,2026-09-23 03:56:05,SPXW,2026-09-25,C,7930.0,7764.6401,0.8,43.0,0.95,21.0,0.8,1165.0,1000.0,0.1214,0.0297,0.0008,-0.7327,0.5064,0.0246
2026-09-23T18:19:37Z,2026-09-23 03:56:05,SPXW,2026-09-25,P,7930.0,7764.6401,149.7,1.0,166.8,1.0,246.03,0.0,0.0,0.1479,-0.9702,0.0008,-0.7327,0.5064,-0.8434
2026-09-23T18:19:37Z,2026-09-23 03:56:05,SPXW,2026-09-25,C,7935.0,7764.6401,0.75,45.0,0.85,22.0,0.7,63.0,0.0,0.1228,0.0274,0.0008,-0.6822,0.4743,0.0227
2026-09-23T18:19:37Z,2026-09-23 03:56:05,SPXW,2026-09-25,P,7935.0,7764.6401,154.6,2.0,171.8,1.0,0.0,0.0,0.0,0.151,-0.9726,0.0008,-0.6822,0.4743,-0.8459
2026-09-23T18:19:37Z,2026-09-23 03:56:05,SPXW,2026-09-25,C,7940.0,7764.6401,0.7,40.0,0.8,23.0,0.61,586.0,994.0,0.1247,0.0253,0.0007,-0.6365,0.445,0.0209
2026-09-23T18:19:37Z,2026-09-23 03:56:05,SPXW,2026-09-25,P,7940.0,7764.6401,159.5,2.0,176.7,1.0,252.89,0.0,2.0,0.1533,-0.9747,0.0007,-0.6365,0.445,-0.8482
2026-09-23T18:19:37Z,2026-09-23 03:56:05,SPXW,2026-09-25,C,7945.0,7764.6401,0.65,15.0,0.75,25.0,0.62,189.0,0.0,0.1264,0.0234,0.0006,-0.5953,0.418,0.0193
2026-09-23T18:19:37Z,2026-09-23 03:56:05,SPXW,2026-09-25,P,7945.0,7764.6401,164.5,2.0,181.6,1.0,0.0,0.0,0.0,0.1562,-0.9766,0.0006,-0.5953,0.418,-0.8503
2026-09-23T18:19:37Z,2026-09-23 03:56:05,SPXW,2026-09-25,C,7950.0,7764.6401,0.6,42.0,0.7,26.0,0.55,2783.0,9000.0,0.1281,0.0217,0.0006,-0.5579,0.3932,0.0179
2026-09-23T18:19:37Z,2026-09-23 03:56:05,SPXW,2026-09-25,P,7950.0,7764.6401,175.8,3.0,176.9,3.0,173.39,0.0,30.0,0.128,-0.9783,0.0006,-0.5579,0.3932,-0.8523
2026-09-23T18:19:37Z,2026-09-23 03:56:05,SPXW,2026-09-25,C,7955.0,7764.6401,0.55,44.0,0.65,19.0,0.5,25.0,0.0,0.1295,0.0202,0.0006,-0.5239,0.3703,0.0166
2026-09-23T18:19:37Z,2026-09-23 03:56:05,SPXW,2026-09-25,P,7955.0,7764.6401,174.4,2.0,191.5,1.0,0.0,0.0,0.0,0.162,-0.9798,0.0006,-0.5239,0.3703,-0.8541
2026-09-23T18:19:37Z,2026-09-23 03:56:05,SPXW,2026-09-25,C,7960.0,7764.6401,0.5,52.0,0.6,26.0,0.5,466.0,1756.0,0.1309,0.0188,0.0005,-0.4929,0.3492,0.0155
2026-09-23T18:19:37Z,2026-09-23 03:56:05,SPXW,2026-09-25,P,7960.0,7764.6401,179.4,2.0,196.5,1.0,0.0,0.0,0.0,0.1656,-0.9812,0.0005,-0.4929,0.3492,-0.8558
2026-09-23T18:19:37Z,2026-09-23 03:56:05,SPXW,2026-09-25,C,7965.0,7764.6401,0.45,44.0,0.55,16.0,0.45,56.0,0.0,0.132,0.0175,0.0005,-0.4647,0.3298,0.0145
2026-09-23T18:19:37Z,2026-09-23 03:56:05,SPXW,2026-09-25,P,7965.0,7764.6401,184.3,2.0,201.4,1.0,0.0,0.0,0.0,0.1676,-0.9824,0.0005,-0.4647,0.3298,-0.8574
2026-09-23T18:19:37Z,2026-09-23 03:56:05,SPXW,2026-09-25,C,7970.0,7764.6401,0.45,54.0,0.55,32.0,0.45,73.0,636.0,0.1349,0.0164,0.0004,-0.4389,0.3119,0.0135
2026-09-23T18:19:37Z,2026-09-23 03:56:05,SPXW,2026-09-25,P,7970.0,7764.6401,189.3,2.0,206.4,1.0,202.59,8.0,8.0,0.1711,-0.9836,0.0004,-0.4389,0.3119,-0.8589
2026-09-23T18:19:37Z,2026-09-23 03:56:05,SPXW,2026-09-25,C,7975.0,7764.6401,0.4,55.0,0.5,31.0,0.4,77.0,687.0,0.1359,0.0153,0.0004,-0.4153,0.2954,0.0126
2026-09-23T18:19:37Z,2026-09-23 03:56:05,SPXW,2026-09-25,P,7975.0,7764.6401,194.5,2.0,211.3,1.0,203.82,10.0,8.0,0.1754,-0.9846,0.0004,-0.4153,0.2954,-0.8603
2026-09-23T18:19:37Z,2026-09-23 03:56:05,SPXW,2026-09-25,C,7980.0,7764.6401,0.4,55.0,0.5,38.0,0.4,251.0,363.0,0.1387,0.0144,0.0004,-0.3938,0.2801,0.0118
2026-09-23T18:19:37Z,2026-09-23 03:56:05,SPXW,2026-09-25,P,7980.0,7764.6401,197.2,2.0,216.2,1.0,0.0,0.0,0.0,0.1552,-0.9856,0.0004,-0.3938,0.2801,-0.8617
2026-09-23T18:19:37Z,2026-09-23 03:56:05,SPXW,2026-09-25,C,7985.0,7764.6401,0.35,46.0,0.45,21.0,0.3,52.0,0.0,0.1394,0.0135,0.0004,-0.3739,0.2659,0.0111
2026-09-23T18:19:37Z,2026-09-23 03:56:05,SPXW,2026-09-25,P,7985.0,7764.6401,202.0,2.0,224.1,3.0,0.0,0.0,0.0,0.1847,-0.9864,0.0004,-0.3739,0.2659,-0.8629
2026-09-23T18:19:37Z,2026-09-23 03:56:05,SPXW,2026-09-25,C,7990.0,7764.6401,0.35,47.0,0.45,21.0,0.35,103.0,874.0,0.1422,0.0127,0.0004,-0.3557,0.2526,0.0105
2026-09-23T18:19:37Z,2026-09-23 03:56:05,SPXW,2026-09-25,P,7990.0,7764.6401,207.0,2.0,228.2,1.0,316.25,0.0,1.0,0.1807,-0.9872,0.0004,-0.3557,0.2526,-0.8641
2026-09-23T18:19:37Z,2026-09-23 03:56:05,SPXW,2026-09-25,C,7995.0,7764.6401,0.3,47.0,0.4,21.0,0.3,86.0,0.0,0.1425,0.012,0.0003,-0.3388,0.2404,0.0099
2026-09-23T18:19:37Z,2026-09-23 03:56:05,SPXW,2026-09-25,P,7995.0,7764.6401,211.9,2.0,233.2,1.0,0.0,0.0,0.0,0.1885,-0.9879,0.0003,-0.3388,0.2404,-0.8653
2026-09-23T18:19:37Z,2026-09-23 03:56:05,SPXW,2026-09-25,C,8000.0,7764.6401,0.3,46.0,0.4,23.0,0.34,1142.0,7478.0,0.1454,0.0114,0.0003,-0.3228,0.2287,0.0093
2026-09-23T18:19:37Z,2026-09-23 03:56:05,SPXW,2026-09-25,P,8000.0,7764.6401,225.4,3.0,226.6,3.0,348.32,0.0,2379.0,0.1464,-0.9886,0.0003,-0.3233,0.229,-0.8664
2026-09-23T18:19:37Z,2026-09-23 03:56:05,SPXW,2026-09-25,C,8010.0,7764.6401,0.25,99.0,0.4,95.0,0.3,139.0,646.0,0.1494,0.0102,0.0003,-0.2956,0.2086,0.0084
2026-09-23T18:19:37Z,2026-09-23 03:56:05,SPXW,2026-09-25,P,8010.0,7764.6401,226.9,2.0,248.1,1.0,0.0,0.0,0.0,0.1988,-0.9898,0.0003,-0.2956,0.2086,-0.8684
2026-09-23T18:19:37Z,2026-09-23 03:56:05,SPXW,2026-09-25,C,8020.0,7764.6401,0.25,47.0,0.35,24.0,0.3,51.0,437.0,0.1533,0.0092,0.0002,-0.2719,0.1909,0.0075
2026-09-23T18:19:37Z,2026-09-23 03:56:05,SPXW,2026-09-25,P,8020.0,7764.6401,236.9,2.0,258.0,1.0,375.65,0.0,1.0,0.2047,-0.9908,0.0002,-0.2719,0.1909,-0.8704
2026-09-23T18:19:37Z,2026-09-23 03:56:05,SPXW,2026-09-25,C,8025.0,7764.6401,0.25,20.0,0.35,24.0,0.27,61.0,423.0,0.156,0.0088,0.0002,-0.2612,0.1829,0.0072
2026-09-23T18:19:37Z,2026-09-23 03:56:05,SPXW,2026-09-25,P,8025.0,7764.6401,242.0,2.0,263.0,1.0,253.31,2.0,1.0,0.2089,-0.9912,0.0002,-0.2612,0.1829,-0.8713
2026-09-23T18:19:37Z,2026-09-23 03:56:05,SPXW,2026-09-25,C,8030.0,7764.6401,0.25,20.0,0.35,81.0,0.25,41.0,141.0,0.1587,0.0084,0.0002,-0.2513,0.1753,0.0068
2026-09-23T18:19:37Z,2026-09-23 03:56:05,SPXW,2026-09-25,P,8030.0,7764.6401,246.8,2.0,268.0,1.0,383.45,0.0,2.0,0.2105,-0.9916,0.0002,-0.2513,0.1753,-0.8722
2026-09-23T18:19:37Z,2026-09-23 03:56:05,SPXW,2026-09-25,C,8040.0,7764.6401,0.2,51.0,0.3,22.0,0.2,9.0,102.0,0.1605,0.0076,0.0002,-0.2334,0.1616,0.0062
2026-09-23T18:19:37Z,2026-09-23 03:56:05,SPXW,2026-09-25,P,8040.0,7764.6401,256.9,2.0,278.0,1.0,0.0,0.0,0.0,0.2162,-0.9923,0.0002,-0.2334,0.1616,-0.8738
2026-09-23T18:19:37Z,2026-09-23 03:56:05,SPXW,2026-09-25,C,8050.0,7764.6401,0.2,21.0,0.3,31.0,0.2,18.0,917.0,0.1657,0.007,0.0002,-0.2178,0.1495,0.0057
2026-09-23T18:19:37Z,2026-09-23 03:56:05,SPXW,2026-09-25,P,8050.0,7764.6401,266.9,2.0,287.9,1.0,274.5,4.0,3.0,0.2228,-0.993,0.0002,-0.2178,0.1495,-0.8755
2026-09-23T18:19:37Z,2026-09-23 03:56:05,SPXW,2026-09-25,C,8060.0,7764.6401,0.2,21.0,0.3,84.0,0.25,30.0,72.0,0.1711,0.0064,0.0002,-0.2036,0.1386,0.0052
2026-09-23T18:19:37Z,2026-09-23 03:56:05,SPXW,2026-09-25,P,8060.0,7764.6401,276.9,2.0,298.0,1.0,304.73,0.0,2.0,0.2304,-0.9935,0.0002,-0.204,0.1389,-0.877
2026-09-23T18:19:37Z,2026-09-23 03:56:05,SPXW,2026-09-25,C,8070.0,7764.6401,0.15,108.0,0.25,27.0,0.2,21.0,79.0,0.1719,0.0059,0.0001,-0.1915,0.1291,0.0048
2026-09-23T18:19:37Z,2026-09-23 03:56:05,SPXW,2026-09-25,P,8070.0,7764.6401,287.1,2.0,307.9,1.0,0.0,0.0,0.0,0.239,-0.994,0.0001,-0.1919,0.1294,-0.8785
2026-09-23T18:19:37Z,2026-09-23 03:56:05,SPXW,2026-09-25,C,8075.0,7764.6401,0.15,26.0,0.25,23.0,0.22,102.0,815.0,0.1744,0.0057,0.0001,-0.186,0.1248,0.0046
2026-09-23T18:19:37Z,2026-09-23 03:56:05,SPXW,2026-09-25,P,8075.0,7764.6401,291.8,2.0,315.8,2.0,453.09,0.0,42.0,0.2591,-0.9942,0.0001,-0.1863,0.1251,-0.8793
2026-09-23T18:19:37Z,2026-09-23 03:56:05,SPXW,2026-09-25,C,8080.0,7764.6401,0.15,25.0,0.25,30.0,0.18,58.0,115.0,0.177,0.0055,0.0001,-0.1808,0.1207,0.0045
2026-09-23T18:19:37Z,2026-09-23 03:56:05,SPXW,2026-09-25,P,8080.0,7764.6401,296.9,2.0,320.9,2.0,0.0,0.0,0.0,0.2641,-0.9945,0.0001,-0.1811,0.121,-0.88
2026-09-23T18:19:37Z,2026-09-23 03:56:05,SPXW,2026-09-25,C,8090.0,7764.6401,0.15,24.0,0.25,32.0,0.15,69.0,38.0,0.1821,0.0051,0.0001,-0.1711,0.1131,0.0042
2026-09-23T18:19:37Z,2026-09-23 03:56:05,SPXW,2026-09-25,P,8090.0,7764.6401,306.8,2.0,330.8,2.0,0.0,0.0,0.0,0.2694,-0.9948,0.0001,-0.1715,0.1134,-0.8814
2026-09-23T18:19:37Z,2026-09-23 03:56:05,SPXW,2026-09-25,C,8100.0,7764.6401,0.15,22.0,0.25,86.0,0.15,242.0,1258.0,0.1871,0.0048,0.0001,-0.1626,0.1063,0.0039
2026-09-23T18:19:37Z,2026-09-23 03:56:05,SPXW,2026-09-25,P,8100.0,7764.6401,316.7,2.0,340.7,2.0,327.52,3.0,6.0,0.2745,-0.9952,0.0001,-0.1629,0.1066,-0.8828
2026-09-23T18:19:37Z,2026-09-23 03:56:05,SPXW,2026-09-25,C,8110.0,7764.6401,0.15,22.0,0.2,26.0,0.15,32.0,20.0,0.1893,0.0045,0.0001,-0.1549,0.1001,0.0036
2026-09-23T18:19:37Z,2026-09-23 03:56:05,SPXW,2026-09-25,P,8110.0,7764.6401,326.8,2.0,350.8,2.0,488.45,0.0,37.0,0.2829,-0.9955,0.0001,-0.1552,0.1004,-0.8841
2026-09-23T18:19:37Z,2026-09-23 03:56:05,SPXW,2026-09-25,C,8120.0,7764.6401,0.15,86.0,0.2,28.0,0.17,63.0,0.0,0.1912,0.0042,0.0001,-0.148,0.0946,0.0034
2026-09-23T18:19:37Z,2026-09-23 03:56:05,SPXW,2026-09-25,P,8120.0,7764.6401,336.8,2.0,360.8,2.0,0.0,0.0,0.0,0.2897,-0.9958,0.0001,-0.1483,0.0948,-0.8854
2026-09-23T18:19:37Z,2026-09-23 03:56:05,SPXW,2026-09-25,C,8125.0,7764.6401,0.1,87.0,0.2,29.0,0.15,9.0,561.0,0.1936,0.0041,0.0001,-0.1448,0.092,0.0033
2026-09-23T18:19:37Z,2026-09-23 03:56:05,SPXW,2026-09-25,P,8125.0,7764.6401,341.8,2.0,365.8,2.0,502.73,0.0,1.0,0.293,-0.9959,0.0001,-0.145,0.0922,-0.8861
2026-09-23T18:19:37Z,2026-09-23 03:56:05,SPXW,2026-09-25,C,8130.0,7764.6401,0.1,87.0,0.2,30.0,0.15,64.0,0.0,0.196,0.004,0.0001,-0.1417,0.0896,0.0032
2026-09-23T18:19:37Z,2026-09-23 03:56:05,SPXW,2026-09-25,P,8130.0,7764.6401,346.7,2.0,370.7,2.0,0.0,0.0,0.0,0.2946,-0.996,0.0001,-0.142,0.0898,-0.8867
2026-09-23T18:19:37Z,2026-09-23 03:56:05,SPXW,2026-09-25,C,8140.0,7764.6401,0.1,28.0,0.2,31.0,0.15,80.0,0.0,0.2008,0.0037,0.0001,-0.136,0.085,0.003
2026-09-23T18:19:37Z,2026-09-23 03:56:05,SPXW,2026-09-25,P,8140.0,7764.6401,356.7,2.0,380.7,2.0,0.0,0.0,0.0,0.3013,-0.9962,0.0001,-0.1362,0.0852,-0.888
2026-09-23T18:19:37Z,2026-09-23 03:56:05,SPXW,2026-09-25,C,8150.0,7764.6401,0.1,28.0,0.2,86.0,0.15,7.0,265.0,0.2056,0.0035,0.0001,-0.1308,0.0808,0.0029
2026-09-23T18:19:37Z,2026-09-23 03:56:05,SPXW,2026-09-25,P,8150.0,7764.6401,366.7,2.0,390.7,2.0,0.0,0.0,0.0,0.3079,-0.9964,0.0001,-0.131,0.081,-0.8892
2026-09-23T18:19:37Z,2026-09-23 03:56:05,SPXW,2026-09-25,C,8160.0,7764.6401,0.1,26.0,0.2,110.0,0.25,56.0,0.0,0.2104,0.0034,0.0001,-0.1261,0.077,0.0027
2026-09-23T18:19:37Z,2026-09-23 03:56:05,SPXW,2026-09-25,P,8160.0,7764.6401,376.7,2.0,400.7,2.0,0.0,0.0,0.0,0.3145,-0.9966,0.0001,-0.1263,0.0771,-0.8905
2026-09-23T18:19:37Z,2026-09-23 03:56:05,SPXW,2026-09-25,C,8170.0,7764.6401,0.1,25.0,0.2,102.0,0.1,64.0,0.0,0.2151,0.0032,0.0001,-0.1217,0.0735,0.0026
2026-09-23T18:19:37Z,2026-09-23 03:56:05,SPXW,2026-09-25,P,8170.0,7764.6401,386.8,2.0,410.8,2.0,0.0,0.0,0.0,0.3229,-0.9968,0.0001,-0.1219,0.0736,-0.8917
2026-09-23T18:19:37Z,2026-09-23 03:56:05,SPXW,2026-09-25,C,8175.0,7764.6401,0.1,25.0,0.2,100.0,0.15,76.0,13678.0,0.2175,0.0031,0.0001,-0.1197,0.0718,0.0025
2026-09-23T18:19:37Z,2026-09-23 03:56:05,SPXW,2026-09-25,P,8175.0,7764.6401,391.7,2.0,415.7,2.0,0.0,0.0,0.0,0.3243,-0.9968,0.0001,-0.1199,0.0719,-0.8923
2026-09-23T18:19:37Z,2026-09-23 03:56:05,SPXW,2026-09-25,C,8180.0,7764.6401,0.1,24.0,0.15,27.0,0.1,58.0,0.0,0.216,0.003,0.0001,-0.1177,0.0702,0.0024
2026-09-23T18:19:37Z,2026-09-23 03:56:05,SPXW,2026-09-25,P,8180.0,7764.6401,396.7,2.0,420.7,2.0,0.0,0.0,0.0,0.3276,-0.9969,0.0001,-0.1179,0.0703,-0.8929
2026-09-23T18:19:37Z,2026-09-23 03:56:05,SPXW,2026-09-25,C,8190.0,7764.6401,0.1,24.0,0.15,28.0,0.1,50.0,0.0,0.2206,0.0029,0.0001,-0.114,0.0672,0.0023
2026-09-23T18:19:37Z,2026-09-23 03:56:05,SPXW,2026-09-25,P,8190.0,7764.6401,406.7,2.0,430.7,2.0,0.0,0.0,0.0,0.3341,-0.997,0.0001,-0.1142,0.0673,-0.8942
2026-09-23T18:19:37Z,2026-09-23 03:56:05,SPXW,2026-09-25,C,8200.0,7764.6401,0.05,197.0,0.15,29.0,0.1,12.0,1199.0,0.2206,0.0028,0.0001,-0.1106,0.0644,0.0022
2026-09-23T18:19:37Z,2026-09-23 03:56:05,SPXW,2026-09-25,P,8200.0,7764.6401,416.9,2.0,440.9,2.0,466.2,0.0,1.0,0.3444,-0.9972,0.0001,-0.1108,0.0645,-0.8953
2026-09-23T18:19:37Z,2026-09-23 03:56:05,SPXW,2026-09-25,C,8210.0,7764.6401,0.05,197.0,0.15,31.0,0.1,64.0,0.0,0.2251,0.0026,0.0,-0.1075,0.0618,0.0021
2026-09-23T18:19:37Z,2026-09-23 03:56:05,SPXW,2026-09-25,P,8210.0,7764.6401,426.7,2.0,450.7,2.0,0.0,0.0,0.0,0.3471,-0.9973,0.0,-0.1076,0.0619,-0.8965
2026-09-23T18:19:37Z,2026-09-23 03:56:05,SPXW,2026-09-25,C,8220.0,7764.6401,0.05,197.0,0.15,32.0,0.1,138.0,0.0,0.2296,0.0025,0.0,-0.1045,0.0594,0.002
2026-09-23T18:19:37Z,2026-09-23 03:56:05,SPXW,2026-09-25,P,8220.0,7764.6401,436.6,2.0,460.6,2.0,0.0,0.0,0.0,0.3515,-0.9974,0.0,-0.1046,0.0594,-0.8977
2026-09-23T18:19:37Z,2026-09-23 03:56:05,SPXW,2026-09-25,C,8225.0,7764.6401,0.05,196.0,0.15,32.0,0.15,31.0,117.0,0.2319,0.0025,0.0,-0.1031,0.0582,0.002
2026-09-23T18:19:37Z,2026-09-23 03:56:05,SPXW,2026-09-25,P,8225.0,7764.6401,441.9,2.0,465.9,2.0,458.22,0.0,1.0,0.3607,-0.9975,0.0,-0.1032,0.0583,-0.8983
2026-09-23T18:19:37Z,2026-09-23 03:56:05,SPXW,2026-09-25,C,8230.0,7764.6401,0.05,96.0,0.15,33.0,0.1,10.0,0.0,0.2342,0.0024,0.0,-0.1017,0.0571,0.002
2026-09-23T18:19:37Z,2026-09-23 03:56:05,SPXW,2026-09-25,P,8230.0,7764.6401,446.7,2.0,470.7,2.0,0.0,0.0,0.0,0.3599,-0.9975,0.0,-0.1018,0.0572,-0.8989
2026-09-23T18:19:37Z,2026-09-23 03:56:05,SPXW,2026-09-25,C,8250.0,7764.6401,0.05,31.0,0.15,93.0,0.05,11.0,437.0,0.2432,0.0023,0.0,-0.0967,0.0531,0.0018
2026-09-23T18:19:37Z,2026-09-23 03:56:05,SPXW,2026-09-25,P,8250.0,7764.6401,466.7,2.0,490.7,2.0,0.0,0.0,0.0,0.3727,-0.9977,0.0,-0.0968,0.0532,-0.9012
2026-09-23T18:19:37Z,2026-09-23 03:56:05,SPXW,2026-09-25,C,8275.0,7764.6401,0.05,30.0,0.15,124.0,0.1,4.0,120.0,0.2544,0.0021,0.0,-0.0913,0.0487,0.0017
2026-09-23T18:19:37Z,2026-09-23 03:56:05,SPXW,2026-09-25,P,8275.0,7764.6401,491.8,2.0,515.8,2.0,0.0,0.0,0.0,0.3906,-0.9979,0.0,-0.0913,0.0488,-0.9041
2026-09-23T18:19:37Z,2026-09-23 03:56:05,SPXW,2026-09-25,C,8300.0,7764.6401,0.05,28.0,0.1,28.0,0.05,53.0,966.0,0.2588,0.0019,0.0,-0.0865,0.0449,0.0015
2026-09-23T18:19:37Z,2026-09-23 03:56:05,SPXW,2026-09-25,P,8300.0,7764.6401,516.5,2.0,540.5,2.0,518.75,8.0,0.0,0.3998,-0.9981,0.0,-0.0866,0.045,-0.907
2026-09-23T18:19:37Z,2026-09-23 03:56:05,SPXW,2026-09-25,C,8325.0,7764.6401,0.05,27.0,0.1,30.0,0.05,76.0,9.0,0.2696,0.0018,0.0,-0.0824,0.0416,0.0014
2026-09-23T18:19:37Z,2026-09-23 03:56:05,SPXW,2026-09-25,P,8325.0,7764.6401,541.6,2.0,565.6,2.0,0.0,0.0,0.0,0.4175,-0.9982,0.0,-0.0824,0.0416,-0.9099
2026-09-23T18:19:37Z,2026-09-23 03:56:05,SPXW,2026-09-25,C,8350.0,7764.6401,0.0,0.0,0.1,32.0,0.05,256.0,492.0,0.271,0.0016,0.0,-0.0786,0.0387,0.0013
2026-09-23T18:19:37Z,2026-09-23 03:56:05,SPXW,2026-09-25,P,8350.0,7764.6401,566.7,2.0,590.7,2.0,577.44,3.0,0.0,0.4352,-0.9983,0.0,-0.0787,0.0387,-0.9127
2026-09-23T18:19:37Z,2026-09-23 03:56:05,SPXW,2026-09-25,C,8375.0,7764.6401,0.0,0.0,0.1,34.0,0.1,1.0,87.0,0.2814,0.0015,0.0,-0.0753,0.0361,0.0012
2026-09-23T18:19:37Z,2026-09-23 03:56:05,SPXW,2026-09-25,P,8375.0,7764.6401,591.8,2.0,615.8,2.0,0.0,0.0,0.0,0.4529,-0.9984,0.0,-0.0754,0.0361,-0.9155
2026-09-23T18:19:37Z,2026-09-23 03:56:05,SPXW,2026-09-25,C,8400.0,7764.6401,0.0,0.0,0.1,36.0,0.15,0.0,340.0,0.2917,0.0014,0.0,-0.0723,0.0338,0.0011
2026-09-23T18:19:37Z,2026-09-23 03:56:05,SPXW,2026-09-25,P,8400.0,7764.6401,616.6,2.0,640.6,2.0,0.0,0.0,0.0,0.4634,-0.9985,0.0,-0.0723,0.0338,-0.9184
2026-09-23T18:19:37Z,2026-09-23 03:56:05,SPXW,2026-09-25,C,8425.0,7764.6401,0.0,0.0,0.1,106.0,0.15,0.0,8.0,0.3019,0.0013,0.0,-0.0695,0.0317,0.0011
2026-09-23T18:19:37Z,2026-09-23 03:56:05,SPXW,2026-09-25,P,8425.0,7764.6401,641.5,2.0,665.5,2.0,0.0,0.0,0.0,0.476,-0.9986,0.0,-0.0695,0.0318,-0.9212
2026-09-23T18:19:37Z,2026-09-23 03:56:05,SPXW,2026-09-25,C,8450.0,7764.6401,0.0,0.0,0.1,113.0,0.1,2450.0,313.0,0.3122,0.0012,0.0,-0.0664,0.0297,0.001
2026-09-23T18:19:37Z,2026-09-23 03:56:05,SPXW,2026-09-25,P,8450.0,7764.6401,666.5,2.0,690.5,2.0,689.09,0.0,10.0,0.4909,-0.9987,0.0,-0.0669,0.0299,-0.924
2026-09-23T18:19:37Z,2026-09-23 03:56:05,SPXW,2026-09-25,C,8475.0,7764.6401,0.0,0.0,0.1,107.0,0.0,0.0,0.0,0.3223,0.0012,0.0,-0.0641,0.0281,0.0009
2026-09-23T18:19:37Z,2026-09-23 03:56:05,SPXW,2026-09-25,P,8475.0,7764.6401,691.5,2.0,715.5,2.0,0.0,0.0,0.0,0.5057,-0.9988,0.0,-0.0646,0.0282,-0.9268
2026-09-23T18:19:37Z,2026-09-23 03:56:05,SPXW,2026-09-25,C,8500.0,7764.6401,0.0,0.0,0.1,138.0,0.05,8.0,1746.0,0.3324,0.0011,0.0,-0.0619,0.0265,0.0009
2026-09-23T18:19:37Z,2026-09-23 03:56:05,SPXW,2026-09-25,P,8500.0,7764.6401,716.4,2.0,740.4,2.0,738.44,0.0,10.0,0.5177,-0.9988,0.0,-0.0623,0.0267,-0.9296
2026-09-23T18:19:37Z,2026-09-23 03:56:05,SPXW,2026-09-25,C,8525.0,7764.6401,0.0,0.0,0.1,125.0,0.05,7.0,0.0,0.3424,0.001,0.0,-0.0599,0.0251,0.0008
2026-09-23T18:19:37Z,2026-09-23 03:56:05,SPXW,2026-09-25,P,8525.0,7764.6401,741.6,2.0,765.6,2.0,0.0,0.0,0.0,0.5378,-0.9989,0.0,-0.0602,0.0252,-0.9323
2026-09-23T18:19:37Z,2026-09-23 03:56:05,SPXW,2026-09-28,C,7000.0,7764.6401,760.0,2.0,784.0,2.0,648.61,0.0,26.0,0.0,0.997,0.0,-0.1652,0.094,0.9546
2026-09-23T18:19:37Z,2026-09-23 03:56:05,SPXW,2026-09-28,P,7000.0,7764.6401,0.2,30.0,0.3,50.0,0.3,2513.0,4447.0,0.3068,-0.0029,0.0,-0.1656,0.0943,-0.003
2026-09-23T18:19:37Z,2026-09-23 03:56:05,SPXW,2026-09-28,C,7025.0,7764.6401,735.0,2.0,759.0,2.0,0.0,0.0,0.0,0.0,0.9968,0.0,-0.1753,0.1016,0.9578
2026-09-23T18:19:37Z,2026-09-23 03:56:05,SPXW,2026-09-28,P,7025.0,7764.6401,0.25,24.0,0.35,114.0,0.25,4.0,206.0,0.3028,-0.0032,0.0,-0.1758,0.102,-0.0033
2026-09-23T18:19:37Z,2026-09-23 03:56:05,SPXW,2026-09-28,C,7050.0,7764.6401,710.2,2.0,734.2,2.0,598.25,0.0,7.0,0.0,0.9965,0.0,-0.1862,0.11,0.9609
2026-09-23T18:19:37Z,2026-09-23 03:56:05,SPXW,2026-09-28,P,7050.0,7764.6401,0.25,27.0,0.35,50.0,0.3,10.0,551.0,0.2936,-0.0035,0.0,-0.1862,0.11,-0.0036
2026-09-23T18:19:37Z,2026-09-23 03:56:05,SPXW,2026-09-28,C,7075.0,7764.6401,685.2,2.0,709.2,2.0,0.0,0.0,0.0,0.0,0.9962,0.0,-0.1979,0.1191,0.964
2026-09-23T18:19:37Z,2026-09-23 03:56:05,SPXW,2026-09-28,P,7075.0,7764.6401,0.25,90.0,0.35,23.0,0.42,21.0,78.0,0.2837,-0.0038,0.0,-0.1984,0.1195,-0.0039
2026-09-23T18:19:37Z,2026-09-23 03:56:05,SPXW,2026-09-28,C,7100.0,7764.6401,660.2,2.0,684.2,2.0,517.71,0.0,1.0,0.0,0.9958,0.0,-0.2106,0.1292,0.967
2026-09-23T18:19:37Z,2026-09-23 03:56:05,SPXW,2026-09-28,P,7100.0,7764.6401,0.3,26.0,0.4,50.0,0.35,15.0,1628.0,0.2785,-0.0042,0.0,-0.211,0.1296,-0.0043
2026-09-23T18:19:37Z,2026-09-23 03:56:05,SPXW,2026-09-28,C,7110.0,7764.6401,650.3,2.0,674.3,2.0,0.0,0.0,0.0,0.0,0.9956,0.0,-0.2159,0.1336,0.9683
2026-09-23T18:19:37Z,2026-09-23 03:56:05,SPXW,2026-09-28,P,7110.0,7764.6401,0.3,27.0,0.4,48.0,0.4,14.0,15.0,0.2746,-0.0043,0.0,-0.2164,0.134,-0.0045
2026-09-23T18:19:37Z,2026-09-23 03:56:05,SPXW,2026-09-28,C,7120.0,7764.6401,640.3,2.0,664.3,2.0,0.0,0.0,0.0,0.0,0.9955,0.0,-0.2214,0.1382,0.9695
2026-09-23T18:19:37Z,2026-09-23 03:56:05,SPXW,2026-09-28,P,7120.0,7764.6401,0.3,85.0,0.4,22.0,0.75,0.0,13.0,0.2711,-0.0045,0.0,-0.2214,0.1382,-0.0046
2026-09-23T18:19:37Z,2026-09-23 03:56:05,SPXW,2026-09-28,C,7125.0,7764.6401,635.3,2.0,659.3,2.0,0.0,0.0,0.0,0.0,0.9954,0.0,-0.2242,0.1405,0.9701
2026-09-23T18:19:37Z,2026-09-23 03:56:05,SPXW,2026-09-28,P,7125.0,7764.6401,0.3,87.0,0.4,22.0,0.4,3.0,526.0,0.269,-0.0046,0.0,-0.2244,0.1406,-0.0047
2026-09-23T18:19:37Z,2026-09-23 03:56:05,SPXW,2026-09-28,C,7130.0,7764.6401,630.3,2.0,654.3,2.0,0.0,0.0,0.0,0.0,0.9953,0.0,-0.227,0.1429,0.9707
2026-09-23T18:19:37Z,2026-09-23 03:56:05,SPXW,2026-09-28,P,7130.0,7764.6401,0.35,22.0,0.45,106.0,0.4,61.0,8.0,0.271,-0.0046,0.0,-0.2271,0.143,-0.0048
2026-09-23T18:19:37Z,2026-09-23 03:56:05,SPXW,2026-09-28,C,7140.0,7764.6401,620.3,2.0,644.3,2.0,0.0,0.0,0.0,0.0,0.9951,0.0,-0.2329,0.1479,0.9718
2026-09-23T18:19:37Z,2026-09-23 03:56:05,SPXW,2026-09-28,P,7140.0,7764.6401,0.35,24.0,0.45,49.0,0.4,1.0,12.0,0.2671,-0.0048,0.0,-0.233,0.148,-0.005
2026-09-23T18:19:37Z,2026-09-23 03:56:05,SPXW,2026-09-28,C,7150.0,7764.6401,610.3,2.0,634.3,2.0,611.72,0.0,21.0,0.0,0.995,0.0001,-0.2389,0.1531,0.973
2026-09-23T18:19:37Z,2026-09-23 03:56:05,SPXW,2026-09-28,P,7150.0,7764.6401,0.35,25.0,0.45,47.0,0.4,5.0,404.0,0.2631,-0.005,0.0001,-0.2391,0.1533,-0.0052
2026-09-23T18:19:37Z,2026-09-23 03:56:05,SPXW,2026-09-28,C,7160.0,7764.6401,600.2,2.0,624.2,2.0,0.0,0.0,0.0,0.0,0.9948,0.0001,-0.2451,0.1585,0.9742
2026-09-23T18:19:37Z,2026-09-23 03:56:05,SPXW,2026-09-28,P,7160.0,7764.6401,0.35,27.0,0.45,21.0,0.6,8.0,24.0,0.2592,-0.0052,0.0001,-0.2452,0.1586,-0.0054
2026-09-23T18:19:37Z,2026-09-23 03:56:05,SPXW,2026-09-28,C,7170.0,7764.6401,592.8,1.0,614.4,2.0,0.0,0.0,0.0,0.0,0.9946,0.0001,-0.2515,0.1642,0.9753
2026-09-23T18:19:37Z,2026-09-23 03:56:05,SPXW,2026-09-28,P,7170.0,7764.6401,0.35,85.0,0.5,103.0,0.3,18.0,43.0,0.2569,-0.0054,0.0001,-0.2518,0.1644,-0.0056
2026-09-23T18:19:37Z,2026-09-23 03:56:05,SPXW,2026-09-28,C,7175.0,7764.6401,587.8,1.0,609.4,2.0,575.52,0.0,6.0,0.0,0.9944,0.0001,-0.2548,0.1671,0.9759
2026-09-23T18:19:37Z,2026-09-23 03:56:05,SPXW,2026-09-28,P,7175.0,7764.6401,0.4,22.0,0.5,49.0,0.47,25.0,151.0,0.2566,-0.0055,0.0001,-0.2549,0.1672,-0.0057
2026-09-23T18:19:37Z,2026-09-23 03:56:05,SPXW,2026-09-28,C,7180.0,7764.6401,582.9,1.0,604.4,2.0,0.0,0.0,0.0,0.0,0.9943,0.0001,-0.2581,0.17,0.9765
2026-09-23T18:19:37Z,2026-09-23 03:56:05,SPXW,2026-09-28,P,7180.0,7764.6401,0.4,23.0,0.5,48.0,0.45,2.0,15.0,0.2546,-0.0056,0.0001,-0.2582,0.1701,-0.0058
2026-09-23T18:19:37Z,2026-09-23 03:56:05,SPXW,2026-09-28,C,7190.0,7764.6401,572.9,1.0,594.4,2.0,0.0,0.0,0.0,0.0,0.9941,0.0001,-0.265,0.1762,0.9776
2026-09-23T18:19:37Z,2026-09-23 03:56:05,SPXW,2026-09-28,P,7190.0,7764.6401,0.4,24.0,0.5,46.0,0.3,9.0,55.0,0.2507,-0.0058,0.0001,-0.2651,0.1762,-0.0061
2026-09-23T18:19:37Z,2026-09-23 03:56:05,SPXW,2026-09-28,C,7200.0,7764.6401,562.9,1.0,584.4,2.0,488.16,0.0,6.0,0.0,0.9939,0.0001,-0.272,0.1825,0.9787
2026-09-23T18:19:37Z,2026-09-23 03:56:05,SPXW,2026-09-28,P,7200.0,7764.6401,0.4,26.0,0.5,20.0,0.52,64.0,1181.0,0.2466,-0.0061,0.0001,-0.2722,0.1827,-0.0063
2026-09-23T18:19:37Z,2026-09-23 03:56:05,SPXW,2026-09-28,C,7210.0,7764.6401,552.9,1.0,574.4,2.0,0.0,0.0,0.0,0.0,0.9936,0.0001,-0.2794,0.1892,0.9798
2026-09-23T18:19:37Z,2026-09-23 03:56:05,SPXW,2026-09-28,P,7210.0,7764.6401,0.45,21.0,0.55,48.0,0.75,1.0,24.0,0.2456,-0.0063,0.0001,-0.2796,0.1894,-0.0066
2026-09-23T18:19:37Z,2026-09-23 03:56:05,SPXW,2026-09-28,C,7220.0,7764.6401,542.9,1.0,564.4,2.0,411.58,0.0,0.0,0.0,0.9934,0.0001,-0.2869,0.1961,0.9809
2026-09-23T18:19:37Z,2026-09-23 03:56:05,SPXW,2026-09-28,P,7220.0,7764.6401,0.45,23.0,0.55,46.0,0.75,1.0,95.0,0.2416,-0.0066,0.0001,-0.2872,0.1963,-0.0068
2026-09-23T18:19:37Z,2026-09-23 03:56:05,SPXW,2026-09-28,C,7225.0,7764.6401,537.9,1.0,559.4,2.0,413.47,0.0,1.0,0.0,0.9932,0.0001,-0.2908,0.1997,0.9815
2026-09-23T18:19:37Z,2026-09-23 03:56:05,SPXW,2026-09-28,P,7225.0,7764.6401,0.45,23.0,0.55,21.0,0.55,25.0,124.0,0.2396,-0.0067,0.0001,-0.291,0.1999,-0.007
2026-09-23T18:19:37Z,2026-09-23 03:56:05,SPXW,2026-09-28,C,7230.0,7764.6401,532.9,1.0,554.4,2.0,414.9,0.0,1.0,0.0,0.9931,0.0001,-0.2948,0.2034,0.982
2026-09-23T18:19:37Z,2026-09-23 03:56:05,SPXW,2026-09-28,P,7230.0,7764.6401,0.45,24.0,0.55,20.0,0.55,9.0,157.0,0.2375,-0.0069,0.0001,-0.2951,0.2038,-0.0071
2026-09-23T18:19:37Z,2026-09-23 03:56:05,SPXW,2026-09-28,C,7240.0,7764.6401,522.9,1.0,544.6,2.0,410.86,0.0,1.0,0.0,0.9928,0.0001,-0.3029,0.2111,0.9831
2026-09-23T18:19:37Z,2026-09-23 03:56:05,SPXW,2026-09-28,P,7240.0,7764.6401,0.45,76.0,0.6,48.0,0.58,16.0,39.0,0.2348,-0.0072,0.0001,-0.3032,0.2115,-0.0074
2026-09-23T18:19:37Z,2026-09-23 03:56:05,SPXW,2026-09-28,C,7250.0,7764.6401,512.9,1.0,534.6,2.0,380.8,0.0,3.0,0.0,0.9925,0.0001,-0.3112,0.2192,0.9841
2026-09-23T18:19:37Z,2026-09-23 03:56:05,SPXW,2026-09-28,P,7250.0,7764.6401,0.5,22.0,0.6,46.0,0.57,74.0,756.0,0.2321,-0.0075,0.0001,-0.3116,0.2196,-0.0078
2026-09-23T18:19:37Z,2026-09-23 03:56:05,SPXW,2026-09-28,C,7255.0,7764.6401,507.9,1.0,529.5,2.0,375.6,0.0,1.0,0.0,0.9923,0.0001,-0.3155,0.2234,0.9846
2026-09-23T18:19:37Z,2026-09-23 03:56:05,SPXW,2026-09-28,P,7255.0,7764.6401,0.5,23.0,0.6,21.0,1.05,0.0,8.0,0.2301,-0.0076,0.0001,-0.3158,0.2236,-0.0079
2026-09-23T18:19:37Z,2026-09-23 03:56:05,SPXW,2026-09-28,C,7260.0,7764.6401,503.0,1.0,524.6,2.0,0.0,0.0,0.0,0.0,0.9922,0.0001,-0.3199,0.2277,0.9852
2026-09-23T18:19:37Z,2026-09-23 03:56:05,SPXW,2026-09-28,P,7260.0,7764.6401,0.5,23.0,0.6,20.0,1.05,0.0,88.0,0.228,-0.0078,0.0001,-0.3203,0.2281,-0.0081
2026-09-23T18:19:37Z,2026-09-23 03:56:05,SPXW,2026-09-28,C,7265.0,7764.6401,498.0,1.0,519.6,2.0,0.0,0.0,0.0,0.0,0.992,0.0001,-0.3244,0.2321,0.9857
2026-09-23T18:19:37Z,2026-09-23 03:56:05,SPXW,2026-09-28,P,7265.0,7764.6401,0.5,24.0,0.6,19.0,1.15,0.0,6.0,0.226,-0.008,0.0001,-0.3248,0.2325,-0.0083
2026-09-23T18:19:37Z,2026-09-23 03:56:05,SPXW,2026-09-28,C,7270.0,7764.6401,493.0,1.0,514.6,2.0,0.0,0.0,0.0,0.0,0.9918,0.0001,-0.3289,0.2366,0.9862
2026-09-23T18:19:37Z,2026-09-23 03:56:05,SPXW,2026-09-28,P,7270.0,7764.6401,0.5,25.0,0.65,46.0,0.58,3.0,63.0,0.2251,-0.0082,0.0001,-0.3293,0.2371,-0.0084
2026-09-23T18:19:37Z,2026-09-23 03:56:05,SPXW,2026-09-28,C,7275.0,7764.6401,488.0,1.0,509.5,2.0,0.0,0.0,0.0,0.0,0.9916,0.0001,-0.3335,0.2413,0.9867
2026-09-23T18:19:37Z,2026-09-23 03:56:05,SPXW,2026-09-28,P,7275.0,7764.6401,0.55,20.0,0.65,45.0,0.65,14.0,280.0,0.2243,-0.0083,0.0001,-0.334,0.2417,-0.0086
2026-09-23T18:19:37Z,2026-09-23 03:56:05,SPXW,2026-09-28,C,7280.0,7764.6401,483.0,1.0,504.5,2.0,0.0,0.0,0.0,0.0,0.9914,0.0001,-0.3382,0.246,0.9872
2026-09-23T18:19:37Z,2026-09-23 03:56:05,SPXW,2026-09-28,P,7280.0,7764.6401,0.55,21.0,0.65,44.0,0.6,2.0,50.0,0.2222,-0.0085,0.0001,-0.3387,0.2465,-0.0088
2026-09-23T18:19:37Z,2026-09-23 03:56:05,SPXW,2026-09-28,C,7285.0,7764.6401,478.0,1.0,499.6,2.0,0.0,0.0,0.0,0.0,0.9913,0.0001,-0.343,0.2509,0.9876
2026-09-23T18:19:37Z,2026-09-23 03:56:05,SPXW,2026-09-28,P,7285.0,7764.6401,0.55,22.0,0.65,19.0,0.6,51.0,61.0,0.2202,-0.0087,0.0001,-0.3435,0.2514,-0.009
2026-09-23T18:19:37Z,2026-09-23 03:56:05,SPXW,2026-09-28,C,7290.0,7764.6401,473.0,1.0,494.6,2.0,0.0,0.0,0.0,0.0,0.9911,0.0001,-0.3479,0.2559,0.9881
2026-09-23T18:19:37Z,2026-09-23 03:56:05,SPXW,2026-09-28,P,7290.0,7764.6401,0.55,23.0,0.65,18.0,0.6,11.0,116.0,0.2181,-0.0089,0.0001,-0.3484,0.2564,-0.0092
2026-09-23T18:19:37Z,2026-09-23 03:56:05,SPXW,2026-09-28,C,7295.0,7764.6401,468.0,1.0,489.7,2.0,0.0,0.0,0.0,0.0,0.9909,0.0001,-0.3529,0.261,0.9886
2026-09-23T18:19:37Z,2026-09-23 03:56:05,SPXW,2026-09-28,P,7295.0,7764.6401,0.55,24.0,0.65,18.0,0.65,1.0,51.0,0.2161,-0.0091,0.0001,-0.3533,0.2614,-0.0094
2026-09-23T18:19:37Z,2026-09-23 03:56:05,SPXW,2026-09-28,C,7300.0,7764.6401,463.0,1.0,484.7,2.0,310.17,0.0,1.0,0.0,0.9907,0.0001,-0.358,0.2662,0.9891
2026-09-23T18:19:37Z,2026-09-23 03:56:05,SPXW,2026-09-28,P,7300.0,7764.6401,0.55,96.0,0.7,45.0,0.67,68.0,1084.0,0.2153,-0.0093,0.0001,-0.358,0.2662,-0.0096
2026-09-23T18:19:37Z,2026-09-23 03:56:05,SPXW,2026-09-28,C,7305.0,7764.6401,458.6,1.0,479.6,2.0,0.0,0.0,0.0,0.0,0.9904,0.0001,-0.3632,0.2716,0.9895
2026-09-23T18:19:37Z,2026-09-23 03:56:05,SPXW,2026-09-28,P,7305.0,7764.6401,0.6,20.0,0.7,43.0,0.65,9.0,233.0,0.2143,-0.0095,0.0001,-0.3632,0.2716,-0.0099
2026-09-23T18:19:37Z,2026-09-23 03:56:05,SPXW,2026-09-28,C,7310.0,7764.6401,453.6,1.0,474.6,2.0,0.0,0.0,0.0,0.0,0.9902,0.0001,-0.3685,0.2771,0.99
2026-09-23T18:19:37Z,2026-09-23 03:56:05,SPXW,2026-09-28,P,7310.0,7764.6401,0.6,21.0,0.7,19.0,0.65,1.0,39.0,0.2122,-0.0097,0.0001,-0.3685,0.2771,-0.0101
2026-09-23T18:19:37Z,2026-09-23 03:56:05,SPXW,2026-09-28,C,7315.0,7764.6401,448.6,1.0,469.7,2.0,0.0,0.0,0.0,0.0,0.99,0.0001,-0.3739,0.2827,0.9904
2026-09-23T18:19:37Z,2026-09-23 03:56:05,SPXW,2026-09-28,P,7315.0,7764.6401,0.6,23.0,0.7,18.0,0.65,1.0,129.0,0.2102,-0.01,0.0001,-0.3739,0.2827,-0.0103
2026-09-23T18:19:37Z,2026-09-23 03:56:05,SPXW,2026-09-28,C,7320.0,7764.6401,443.6,1.0,464.7,2.0,248.11,0.0,30.0,0.0,0.9898,0.0001,-0.3794,0.2885,0.9909
2026-09-23T18:19:37Z,2026-09-23 03:56:05,SPXW,2026-09-28,P,7320.0,7764.6401,0.6,23.0,0.75,44.0,0.7,1.0,91.0,0.2091,-0.0102,0.0001,-0.3794,0.2885,-0.0106
2026-09-23T18:19:37Z,2026-09-23 03:56:05,SPXW,2026-09-28,C,7325.0,7764.6401,438.6,1.0,459.7,2.0,312.59,0.0,1.0,0.0,0.9895,0.0001,-0.3851,0.2944,0.9913
2026-09-23T18:19:37Z,2026-09-23 03:56:05,SPXW,2026-09-28,P,7325.0,7764.6401,0.6,87.0,0.75,43.0,0.7,35.0,175.0,0.2069,-0.0104,0.0001,-0.3852,0.2945,-0.0108
2026-09-23T18:19:37Z,2026-09-23 03:56:05,SPXW,2026-09-28,C,7330.0,7764.6401,433.7,1.0,454.7,2.0,0.0,0.0,0.0,0.0,0.9893,0.0001,-0.3908,0.3005,0.9917
2026-09-23T18:19:37Z,2026-09-23 03:56:05,SPXW,2026-09-28,P,7330.0,7764.6401,0.65,21.0,0.75,19.0,0.7,17.0,137.0,0.2059,-0.0107,0.0001,-0.3908,0.3005,-0.0111
2026-09-23T18:19:37Z,2026-09-23 03:56:05,SPXW,2026-09-28,C,7335.0,7764.6401,428.7,1.0,449.6,2.0,0.0,0.0,0.0,0.0,0.989,0.0001,-0.3967,0.3068,0.9921
2026-09-23T18:19:37Z,2026-09-23 03:56:05,SPXW,2026-09-28,P,7335.0,7764.6401,0.65,21.0,0.75,18.0,0.7,1.0,194.0,0.2038,-0.0109,0.0001,-0.3967,0.3068,-0.0114
2026-09-23T18:19:37Z,2026-09-23 03:56:05,SPXW,2026-09-28,C,7340.0,7764.6401,423.7,1.0,444.8,2.0,293.62,0.0,3.0,0.0,0.9888,0.0001,-0.4028,0.3132,0.9926
2026-09-23T18:19:37Z,2026-09-23 03:56:05,SPXW,2026-09-28,P,7340.0,7764.6401,0.65,22.0,0.75,17.0,0.7,49.0,134.0,0.2016,-0.0112,0.0001,-0.4029,0.3134,-0.0116
2026-09-23T18:19:37Z,2026-09-23 03:56:05,SPXW,2026-09-28,C,7345.0,7764.6401,418.8,1.0,439.7,2.0,0.0,0.0,0.0,0.0,0.9885,0.0001,-0.4089,0.3199,0.993
2026-09-23T18:19:37Z,2026-09-23 03:56:05,SPXW,2026-09-28,P,7345.0,7764.6401,0.65,47.0,0.8,42.0,0.75,11.0,40.0,0.2005,-0.0115,0.0001,-0.4089,0.3199,-0.0119
2026-09-23T18:19:37Z,2026-09-23 03:56:05,SPXW,2026-09-28,C,7350.0,7764.6401,413.7,1.0,434.8,2.0,388.64,0.0,8.0,0.0,0.9882,0.0002,-0.4152,0.3268,0.9933
2026-09-23T18:19:37Z,2026-09-23 03:56:05,SPXW,2026-09-28,P,7350.0,7764.6401,0.7,20.0,0.8,18.0,0.8,60.0,416.0,0.1993,-0.0117,0.0002,-0.4152,0.3268,-0.0122
2026-09-23T18:19:37Z,2026-09-23 03:56:05,SPXW,2026-09-28,C,7355.0,7764.6401,408.8,1.0,429.9,2.0,0.0,0.0,0.0,0.0,0.9879,0.0002,-0.4217,0.3339,0.9937
2026-09-23T18:19:37Z,2026-09-23 03:56:05,SPXW,2026-09-28,P,7355.0,7764.6401,0.7,21.0,0.8,17.0,0.75,7.0,53.0,0.1971,-0.012,0.0002,-0.4218,0.3341,-0.0125
2026-09-23T18:19:37Z,2026-09-23 03:56:05,SPXW,2026-09-28,C,7360.0,7764.6401,403.8,1.0,424.8,2.0,345.16,0.0,1.0,0.0,0.9876,0.0002,-0.4283,0.3412,0.9941
2026-09-23T18:19:37Z,2026-09-23 03:56:05,SPXW,2026-09-28,P,7360.0,7764.6401,0.7,22.0,0.85,42.0,0.75,8.0,147.0,0.1959,-0.0123,0.0002,-0.4285,0.3414,-0.0128
2026-09-23T18:19:37Z,2026-09-23 03:56:05,SPXW,2026-09-28,C,7365.0,7764.6401,398.8,1.0,419.8,2.0,0.0,0.0,9.0,0.0,0.9873,0.0002,-0.4351,0.3488,0.9945
2026-09-23T18:19:37Z,2026-09-23 03:56:05,SPXW,2026-09-28,P,7365.0,7764.6401,0.75,19.0,0.85,41.0,0.75,7.0,52.0,0.1946,-0.0127,0.0002,-0.4352,0.349,-0.0132
2026-09-23T18:19:37Z,2026-09-23 03:56:05,SPXW,2026-09-28,C,7370.0,7764.6401,393.8,1.0,414.7,2.0,0.0,0.0,0.0,0.0,0.987,0.0002,-0.442,0.3566,0.9948
2026-09-23T18:19:37Z,2026-09-23 03:56:05,SPXW,2026-09-28,P,7370.0,7764.6401,0.75,20.0,0.85,16.0,0.8,10.0,123.0,0.1925,-0.013,0.0002,-0.4422,0.3568,-0.0135
2026-09-23T18:19:37Z,2026-09-23 03:56:05,SPXW,2026-09-28,C,7375.0,7764.6401,388.8,1.0,409.8,2.0,0.0,0.0,0.0,0.0,0.9866,0.0002,-0.4491,0.3647,0.9951
2026-09-23T18:19:37Z,2026-09-23 03:56:05,SPXW,2026-09-28,P,7375.0,7764.6401,0.75,22.0,0.9,41.0,0.8,15.0,311.0,0.1911,-0.0133,0.0002,-0.4493,0.3649,-0.0138
2026-09-23T18:19:37Z,2026-09-23 03:56:05,SPXW,2026-09-28,C,7380.0,7764.6401,383.9,1.0,404.9,2.0,261.93,0.0,1.0,0.0,0.9863,0.0002,-0.4564,0.373,0.9955
2026-09-23T18:19:37Z,2026-09-23 03:56:05,SPXW,2026-09-28,P,7380.0,7764.6401,0.8,19.0,0.9,39.0,0.85,11.0,115.0,0.1898,-0.0137,0.0002,-0.4566,0.3732,-0.0142
2026-09-23T18:19:37Z,2026-09-23 03:56:05,SPXW,2026-09-28,C,7385.0,7764.6401,378.9,1.0,399.9,2.0,341.39,0.0,1.0,0.0,0.9859,0.0002,-0.464,0.3816,0.9958
2026-09-23T18:19:37Z,2026-09-23 03:56:05,SPXW,2026-09-28,P,7385.0,7764.6401,0.8,20.0,0.9,16.0,0.85,37.0,115.0,0.1876,-0.014,0.0002,-0.4642,0.3818,-0.0146
2026-09-23T18:19:37Z,2026-09-23 03:56:05,SPXW,2026-09-28,C,7390.0,7764.6401,373.9,1.0,395.0,2.0,0.0,0.0,0.0,0.0,0.9856,0.0002,-0.4717,0.3904,0.996
2026-09-23T18:19:37Z,2026-09-23 03:56:05,SPXW,2026-09-28,P,7390.0,7764.6401,0.8,21.0,0.95,40.0,0.84,32.0,286.0,0.1862,-0.0144,0.0002,-0.4719,0.3906,-0.015
2026-09-23T18:19:37Z,2026-09-23 03:56:05,SPXW,2026-09-28,C,7395.0,7764.6401,368.9,1.0,389.9,2.0,0.0,0.0,0.0,0.0,0.9852,0.0002,-0.4796,0.3995,0.9963
2026-09-23T18:19:37Z,2026-09-23 03:56:05,SPXW,2026-09-28,P,7395.0,7764.6401,0.85,20.0,0.95,38.0,0.9,12.0,50.0,0.1848,-0.0148,0.0002,-0.4798,0.3997,-0.0154
2026-09-23T18:19:37Z,2026-09-23 03:56:05,SPXW,2026-09-28,C,7400.0,7764.6401,363.9,1.0,385.0,2.0,366.17,0.0,5.0,0.0,0.9848,0.0002,-0.4878,0.4089,0.9966
2026-09-23T18:19:37Z,2026-09-23 03:56:05,SPXW,2026-09-28,P,7400.0,7764.6401,0.85,24.0,0.95,21.0,0.85,101.0,564.0,0.1826,-0.0152,0.0002,-0.488,0.4091,-0.0158
2026-09-23T18:19:37Z,2026-09-23 03:56:05,SPXW,2026-09-28,C,7405.0,7764.6401,358.9,1.0,380.0,2.0,216.75,0.0,0.0,0.0,0.9844,0.0002,-0.4963,0.4185,0.9968
2026-09-23T18:19:37Z,2026-09-23 03:56:05,SPXW,2026-09-28,P,7405.0,7764.6401,0.85,19.0,1.0,40.0,0.95,11.0,104.0,0.1812,-0.0156,0.0002,-0.4965,0.4188,-0.0163
2026-09-23T18:19:37Z,2026-09-23 03:56:05,SPXW,2026-09-28,C,7410.0,7764.6401,353.9,1.0,374.8,2.0,0.0,0.0,0.0,0.0,0.9839,0.0002,-0.505,0.4286,0.997
2026-09-23T18:19:37Z,2026-09-23 03:56:05,SPXW,2026-09-28,P,7410.0,7764.6401,0.9,21.0,1.0,38.0,0.95,37.0,169.0,0.1797,-0.016,0.0002,-0.5052,0.4288,-0.0167
2026-09-23T18:19:37Z,2026-09-23 03:56:05,SPXW,2026-09-28,C,7415.0,7764.6401,348.9,1.0,369.8,2.0,180.7,0.0,2.0,0.0,0.9835,0.0002,-0.514,0.4389,0.9972
2026-09-23T18:19:37Z,2026-09-23 03:56:05,SPXW,2026-09-28,P,7415.0,7764.6401,0.9,27.0,1.05,43.0,0.9,82.0,3045.0,0.1782,-0.0165,0.0002,-0.5142,0.4392,-0.0172
2026-09-23T18:19:37Z,2026-09-23 03:56:05,SPXW,2026-09-28,C,7420.0,7764.6401,343.9,1.0,365.1,2.0,362.65,1.0,31.0,0.0,0.983,0.0002,-0.5232,0.4496,0.9974
2026-09-23T18:19:37Z,2026-09-23 03:56:05,SPXW,2026-09-28,P,7420.0,7764.6401,0.95,16.0,1.05,37.0,0.99,26.0,147.0,0.1766,-0.017,0.0002,-0.5235,0.4499,-0.0177
2026-09-23T18:19:37Z,2026-09-23 03:56:05,SPXW,2026-09-28,C,7425.0,7764.6401,339.0,1.0,360.1,2.0,302.21,0.0,2.0,0.0,0.9825,0.0002,-0.5328,0.4608,0.9976
2026-09-23T18:19:37Z,2026-09-23 03:56:05,SPXW,2026-09-28,P,7425.0,7764.6401,0.95,22.0,1.1,38.0,1.0,23.0,503.0,0.175,-0.0175,0.0002,-0.5331,0.4611,-0.0182
2026-09-23T18:19:37Z,2026-09-23 03:56:05,SPXW,2026-09-28,C,7430.0,7764.6401,334.0,1.0,354.9,2.0,0.0,0.0,0.0,0.0,0.982,0.0003,-0.5428,0.4724,0.9977
2026-09-23T18:19:37Z,2026-09-23 03:56:05,SPXW,2026-09-28,P,7430.0,7764.6401,1.0,16.0,1.1,37.0,1.0,25.0,199.0,0.1735,-0.018,0.0003,-0.543,0.4727,-0.0188
2026-09-23T18:19:37Z,2026-09-23 03:56:05,SPXW,2026-09-28,C,7435.0,7764.6401,329.0,1.0,350.2,2.0,228.6,0.0,2.0,0.0,0.9814,0.0003,-0.553,0.4845,0.9978
2026-09-23T18:19:37Z,2026-09-23 03:56:05,SPXW,2026-09-28,P,7435.0,7764.6401,1.0,21.0,1.15,36.0,1.1,71.0,62.0,0.1718,-0.0186,0.0003,-0.5533,0.4848,-0.0194
2026-09-23T18:19:37Z,2026-09-23 03:56:05,SPXW,2026-09-28,C,7440.0,7764.6401,324.0,1.0,345.3,2.0,324.06,1.0,1.0,0.0,0.9809,0.0003,-0.5636,0.497,0.9979
2026-09-23T18:19:37Z,2026-09-23 03:56:05,SPXW,2026-09-28,P,7440.0,7764.6401,1.05,16.0,1.15,36.0,1.1,61.0,211.0,0.1702,-0.0191,0.0003,-0.5639,0.4974,-0.0199
2026-09-23T18:19:37Z,2026-09-23 03:56:05,SPXW,2026-09-28,C,7445.0,7764.6401,319.1,1.0,340.2,2.0,208.27,0.0,2.0,0.0,0.9803,0.0003,-0.5747,0.5102,0.998
2026-09-23T18:19:37Z,2026-09-23 03:56:05,SPXW,2026-09-28,P,7445.0,7764.6401,1.05,20.0,1.2,35.0,1.09,20.0,190.0,0.1686,-0.0197,0.0003,-0.5747,0.5102,-0.0205
2026-09-23T18:19:37Z,2026-09-23 03:56:05,SPXW,2026-09-28,C,7450.0,7764.6401,314.1,1.0,335.3,2.0,332.7,1.0,25.0,0.0,0.9796,0.0003,-0.5861,0.5238,0.998
2026-09-23T18:19:37Z,2026-09-23 03:56:05,SPXW,2026-09-28,P,7450.0,7764.6401,1.1,25.0,1.2,39.0,1.15,362.0,1138.0,0.1669,-0.0203,0.0003,-0.5861,0.5238,-0.0212
2026-09-23T18:19:37Z,2026-09-23 03:56:05,SPXW,2026-09-28,C,7455.0,7764.6401,309.1,1.0,330.4,2.0,0.0,0.0,0.0,0.0,0.979,0.0003,-0.598,0.538,0.998
2026-09-23T18:19:37Z,2026-09-23 03:56:05,SPXW,2026-09-28,P,7455.0,7764.6401,1.15,15.0,1.25,35.0,1.15,73.0,313.0,0.1658,-0.021,0.0003,-0.598,0.538,-0.0219
2026-09-23T18:19:37Z,2026-09-23 03:56:05,SPXW,2026-09-28,C,7460.0,7764.6401,304.1,1.0,325.3,2.0,314.57,2.0,17.0,0.0,0.9783,0.0003,-0.6103,0.5527,0.998
2026-09-23T18:19:37Z,2026-09-23 03:56:05,SPXW,2026-09-28,P,7460.0,7764.6401,1.15,19.0,1.3,35.0,1.2,152.0,134.0,0.164,-0.0216,0.0003,-0.6103,0.5527,-0.0226
2026-09-23T18:19:37Z,2026-09-23 03:56:05,SPXW,2026-09-28,C,7465.0,7764.6401,299.2,1.0,320.4,2.0,190.28,0.0,3.0,0.0,0.9776,0.0003,-0.6232,0.5681,0.9979
2026-09-23T18:19:37Z,2026-09-23 03:56:05,SPXW,2026-09-28,P,7465.0,7764.6401,1.2,16.0,1.3,21.0,1.25,42.0,129.0,0.1623,-0.0224,0.0003,-0.6232,0.5681,-0.0233
2026-09-23T18:19:37Z,2026-09-23 03:56:05,SPXW,2026-09-28,C,7470.0,7764.6401,294.2,1.0,315.3,2.0,185.88,0.0,5.0,0.0,0.9768,0.0004,-0.6366,0.584,0.9978
2026-09-23T18:19:37Z,2026-09-23 03:56:05,SPXW,2026-09-28,P,7470.0,7764.6401,1.25,15.0,1.35,34.0,1.25,11.0,106.0,0.1609,-0.0231,0.0004,-0.6369,0.5844,-0.0242
2026-09-23T18:19:37Z,2026-09-23 03:56:05,SPXW,2026-09-28,C,7475.0,7764.6401,289.5,1.0,310.2,2.0,174.47,0.0,5.0,0.0,0.976,0.0004,-0.6505,0.6006,0.9976
2026-09-23T18:19:37Z,2026-09-23 03:56:05,SPXW,2026-09-28,P,7475.0,7764.6401,1.3,19.0,1.4,38.0,1.3,134.0,450.0,0.1596,-0.0239,0.0004,-0.6509,0.601,-0.025
2026-09-23T18:19:37Z,2026-09-23 03:56:05,SPXW,2026-09-28,C,7480.0,7764.6401,284.3,1.0,305.5,2.0,286.24,4.0,41.0,0.0,0.9752,0.0004,-0.6651,0.6179,0.9974
2026-09-23T18:19:37Z,2026-09-23 03:56:05,SPXW,2026-09-28,P,7480.0,7764.6401,1.3,19.0,1.45,33.0,1.35,30.0,175.0,0.1578,-0.0248,0.0004,-0.6654,0.6183,-0.0259
2026-09-23T18:19:37Z,2026-09-23 03:56:05,SPXW,2026-09-28,C,7485.0,7764.6401,279.4,1.0,300.4,2.0,290.69,0.0,6.0,0.0,0.9743,0.0004,-0.6803,0.6359,0.9972
2026-09-23T18:19:37Z,2026-09-23 03:56:05,SPXW,2026-09-28,P,7485.0,7764.6401,1.35,19.0,1.5,33.0,1.45,25.0,158.0,0.1564,-0.0256,0.0004,-0.6807,0.6364,-0.0268
2026-09-23T18:19:37Z,2026-09-23 03:56:05,SPXW,2026-09-28,C,7490.0,7764.6401,274.4,1.0,295.7,2.0,269.4,0.0,10.0,0.0791,0.9734,0.0004,-0.6962,0.6547,0.9969
2026-09-23T18:19:37Z,2026-09-23 03:56:05,SPXW,2026-09-28,P,7490.0,7764.6401,1.4,22.0,1.55,36.0,1.4,50.0,232.0,0.1549,-0.0266,0.0004,-0.6966,0.6552,-0.0278
2026-09-23T18:19:37Z,2026-09-23 03:56:05,SPXW,2026-09-28,C,7495.0,7764.6401,269.4,1.0,290.6,2.0,152.38,0.0,6.0,0.0,0.9724,0.0004,-0.7128,0.6745,0.9966
2026-09-23T18:19:37Z,2026-09-23 03:56:05,SPXW,2026-09-28,P,7495.0,7764.6401,1.45,18.0,1.6,32.0,1.45,10.0,231.0,0.1535,-0.0275,0.0004,-0.7128,0.6745,-0.0288
2026-09-23T18:19:37Z,2026-09-23 03:56:05,SPXW,2026-09-28,C,7500.0,7764.6401,264.4,1.0,285.7,2.0,144.91,0.0,45.0,0.0,0.9714,0.0004,-0.7301,0.6952,0.9962
2026-09-23T18:19:37Z,2026-09-23 03:56:05,SPXW,2026-09-28,P,7500.0,7764.6401,1.5,21.0,1.65,35.0,1.6,168.0,1421.0,0.152,-0.0286,0.0004,-0.7301,0.6952,-0.0299
2026-09-23T18:19:37Z,2026-09-23 03:56:05,SPXW,2026-09-28,C,7505.0,7764.6401,259.5,1.0,280.8,2.0,120.46,0.0,2.0,0.104,0.9703,0.0005,-0.7483,0.7169,0.9957
2026-09-23T18:19:37Z,2026-09-23 03:56:05,SPXW,2026-09-28,P,7505.0,7764.6401,1.55,17.0,1.7,31.0,1.55,40.0,306.0,0.1504,-0.0297,0.0005,-0.7483,0.7169,-0.031
2026-09-23T18:19:37Z,2026-09-23 03:56:05,SPXW,2026-09-28,C,7510.0,7764.6401,254.6,1.0,275.8,2.0,92.82,0.0,20.0,0.1066,0.9691,0.0005,-0.7673,0.7397,0.9952
2026-09-23T18:19:37Z,2026-09-23 03:56:05,SPXW,2026-09-28,P,7510.0,7764.6401,1.6,17.0,1.75,30.0,1.65,77.0,239.0,0.1488,-0.0308,0.0005,-0.7673,0.7397,-0.0323
2026-09-23T18:19:37Z,2026-09-23 03:56:05,SPXW,2026-09-28,C,7515.0,7764.6401,249.6,1.0,270.9,2.0,89.67,0.0,8.0,0.1082,0.9679,0.0005,-0.7871,0.7636,0.9946
2026-09-23T18:19:37Z,2026-09-23 03:56:05,SPXW,2026-09-28,P,7515.0,7764.6401,1.7,13.0,1.8,30.0,1.7,458.0,901.0,0.1475,-0.0321,0.0005,-0.7871,0.7636,-0.0336
2026-09-23T18:19:37Z,2026-09-23 03:56:05,SPXW,2026-09-28,C,7520.0,7764.6401,244.7,1.0,266.0,2.0,147.83,0.0,14.0,0.1116,0.9666,0.0005,-0.808,0.7886,0.9939
2026-09-23T18:19:37Z,2026-09-23 03:56:05,SPXW,2026-09-28,P,7520.0,7764.6401,1.75,16.0,1.9,30.0,1.65,48.0,598.0,0.1462,-0.0334,0.0005,-0.808,0.7886,-0.0349
2026-09-23T18:19:37Z,2026-09-23 03:56:05,SPXW,2026-09-28,C,7525.0,7764.6401,239.8,1.0,261.0,2.0,126.93,0.0,16.0,0.1117,0.9652,0.0005,-0.8298,0.8147,0.9931
2026-09-23T18:19:37Z,2026-09-23 03:56:05,SPXW,2026-09-28,P,7525.0,7764.6401,1.8,20.0,1.95,33.0,1.73,52.0,260.0,0.1445,-0.0347,0.0005,-0.8298,0.8147,-0.0364
2026-09-23T18:19:37Z,2026-09-23 03:56:05,SPXW,2026-09-28,C,7530.0,7764.6401,234.8,1.0,256.2,2.0,241.03,1.0,21.0,0.1134,0.9638,0.0006,-0.8527,0.8419,0.9922
2026-09-23T18:19:37Z,2026-09-23 03:56:05,SPXW,2026-09-28,P,7530.0,7764.6401,1.9,12.0,2.0,12.0,1.92,75.0,125.0,0.1431,-0.0362,0.0006,-0.8527,0.8419,-0.038
2026-09-23T18:19:37Z,2026-09-23 03:56:05,SPXW,2026-09-28,C,7535.0,7764.6401,229.9,1.0,251.3,2.0,195.71,0.0,3.0,0.1144,0.9622,0.0006,-0.8767,0.8703,0.9912
2026-09-23T18:19:37Z,2026-09-23 03:56:05,SPXW,2026-09-28,P,7535.0,7764.6401,1.95,18.0,2.1,31.0,1.85,43.0,371.0,0.1416,-0.0378,0.0006,-0.8767,0.8703,-0.0396
2026-09-23T18:19:37Z,2026-09-23 03:56:05,SPXW,2026-09-28,C,7540.0,7764.6401,225.0,1.0,246.2,2.0,231.18,1.0,24.0,0.1122,0.9606,0.0006,-0.9018,0.9001,0.9902
2026-09-23T18:19:37Z,2026-09-23 03:56:05,SPXW,2026-09-28,P,7540.0,7764.6401,2.05,15.0,2.2,30.0,2.1,53.0,518.0,0.1404,-0.0394,0.0006,-0.9018,0.9001,-0.0414
2026-09-23T18:19:37Z,2026-09-23 03:56:05,SPXW,2026-09-28,C,7545.0,7764.6401,220.1,1.0,241.4,2.0,121.9,0.0,18.0,0.114,0.9588,0.0006,-0.9282,0.9314,0.989
2026-09-23T18:19:37Z,2026-09-23 03:56:05,SPXW,2026-09-28,P,7545.0,7764.6401,2.1,17.0,2.25,14.0,2.15,107.0,487.0,0.1385,-0.0412,0.0006,-0.9282,0.9314,-0.0432
2026-09-23T18:19:37Z,2026-09-23 03:56:05,SPXW,2026-09-28,C,7550.0,7764.6401,215.2,1.0,236.6,2.0,221.57,5.0,66.0,0.1152,0.9569,0.0007,-0.9559,0.9644,0.9877
2026-09-23T18:19:37Z,2026-09-23 03:56:05,SPXW,2026-09-28,P,7550.0,7764.6401,2.2,17.0,2.35,14.0,2.25,399.0,913.0,0.1372,-0.043,0.0007,-0.9559,0.9644,-0.0452
2026-09-23T18:19:37Z,2026-09-23 03:56:05,SPXW,2026-09-28,C,7555.0,7764.6401,210.3,1.0,231.6,2.0,101.77,0.0,10.0,0.114,0.955,0.0007,-0.9848,0.9991,0.9864
2026-09-23T18:19:37Z,2026-09-23 03:56:05,SPXW,2026-09-28,P,7555.0,7764.6401,2.35,9.0,2.45,10.0,2.35,97.0,178.0,0.1361,-0.045,0.0007,-0.9848,0.9991,-0.0472
2026-09-23T18:19:37Z,2026-09-23 03:56:05,SPXW,2026-09-28,C,7560.0,7764.6401,205.4,1.0,226.1,1.0,97.87,0.0,13.0,0.1073,0.9528,0.0008,-1.0151,1.0355,0.9848
2026-09-23T18:19:37Z,2026-09-23 03:56:05,SPXW,2026-09-28,P,7560.0,7764.6401,2.45,9.0,2.55,10.0,2.45,91.0,256.0,0.1346,-0.0471,0.0008,-1.0151,1.0355,-0.0494
2026-09-23T18:19:37Z,2026-09-23 03:56:05,SPXW,2026-09-28,C,7565.0,7764.6401,200.5,1.0,219.9,1.0,183.91,0.0,27.0,0.0838,0.9506,0.0008,-1.0468,1.0735,0.9831
2026-09-23T18:19:37Z,2026-09-23 03:56:05,SPXW,2026-09-28,P,7565.0,7764.6401,2.55,9.0,2.7,21.0,2.5,17.0,157.0,0.1333,-0.0494,0.0008,-1.0468,1.0735,-0.0518
2026-09-23T18:19:37Z,2026-09-23 03:56:05,SPXW,2026-09-28,C,7570.0,7764.6401,197.6,1.0,215.2,1.0,106.11,0.0,15.0,0.1148,0.9482,0.0008,-1.08,1.1132,0.9812
2026-09-23T18:19:37Z,2026-09-23 03:56:05,SPXW,2026-09-28,P,7570.0,7764.6401,2.65,18.0,2.8,7.0,2.61,79.0,203.0,0.1318,-0.0517,0.0008,-1.08,1.1132,-0.0544
2026-09-23T18:19:37Z,2026-09-23 03:56:05,SPXW,2026-09-28,C,7575.0,7764.6401,192.7,1.0,210.3,2.0,203.65,1.0,453.0,0.1138,0.9457,0.0009,-1.1148,1.1545,0.9792
2026-09-23T18:19:37Z,2026-09-23 03:56:05,SPXW,2026-09-28,P,7575.0,7764.6401,2.8,8.0,2.9,7.0,2.75,307.0,410.0,0.1304,-0.0543,0.0009,-1.1148,1.1545,-0.0571
2026-09-23T18:19:37Z,2026-09-23 03:56:05,SPXW,2026-09-28,C,7580.0,7764.6401,187.9,1.0,205.3,2.0,188.0,0.0,40.0,0.1128,0.943,0.0009,-1.1511,1.1977,0.977
2026-09-23T18:19:37Z,2026-09-23 03:56:05,SPXW,2026-09-28,P,7580.0,7764.6401,2.95,8.0,3.1,23.0,2.65,98.0,271.0,0.1291,-0.057,0.0009,-1.1511,1.1977,-0.06
2026-09-23T18:19:37Z,2026-09-23 03:56:05,SPXW,2026-09-28,C,7585.0,7764.6401,183.0,1.0,200.8,2.0,131.4,0.0,43.0,0.1141,0.9401,0.001,-1.1891,1.2429,0.9746
2026-09-23T18:19:37Z,2026-09-23 03:56:05,SPXW,2026-09-28,P,7585.0,7764.6401,3.0,16.0,3.2,7.0,3.3,106.0,127.0,0.1274,-0.0599,0.001,-1.1891,1.2429,-0.0631
2026-09-23T18:19:37Z,2026-09-23 03:56:05,SPXW,2026-09-28,C,7590.0,7764.6401,178.2,1.0,196.0,2.0,123.0,0.0,52.0,0.1139,0.937,0.001,-1.2287,1.2905,0.9721
2026-09-23T18:19:37Z,2026-09-23 03:56:05,SPXW,2026-09-28,P,7590.0,7764.6401,3.2,15.0,3.4,19.0,2.87,40.0,210.0,0.1264,-0.063,0.001,-1.2287,1.2905,-0.0663
2026-09-23T18:19:37Z,2026-09-23 03:56:05,SPXW,2026-09-28,C,7595.0,7764.6401,173.3,1.0,191.2,2.0,86.23,0.0,23.0,0.1129,0.9337,0.0011,-1.27,1.3404,0.9693
2026-09-23T18:19:37Z,2026-09-23 03:56:05,SPXW,2026-09-28,P,7595.0,7764.6401,3.4,8.0,3.6,41.0,3.53,47.0,84.0,0.1253,-0.0662,0.0011,-1.27,1.3404,-0.0697
2026-09-23T18:19:37Z,2026-09-23 03:56:05,SPXW,2026-09-28,C,7600.0,7764.6401,178.0,4.0,179.3,3.0,167.45,5.0,443.0,0.1225,0.9302,0.0011,-1.3129,1.3925,0.9663
2026-09-23T18:19:37Z,2026-09-23 03:56:05,SPXW,2026-09-28,P,7600.0,7764.6401,3.5,18.0,3.7,9.0,3.5,643.0,2117.0,0.1234,-0.0697,0.0011,-1.3129,1.3925,-0.0734
2026-09-23T18:19:37Z,2026-09-23 03:56:05,SPXW,2026-09-28,C,7605.0,7764.6401,163.7,1.0,181.3,2.0,177.56,0.0,42.0,0.1102,0.9265,0.0012,-1.3576,1.4467,0.963
2026-09-23T18:19:37Z,2026-09-23 03:56:05,SPXW,2026-09-28,P,7605.0,7764.6401,3.7,15.0,3.9,6.0,3.4,152.0,216.0,0.1221,-0.0734,0.0012,-1.3576,1.4467,-0.0774
2026-09-23T18:19:37Z,2026-09-23 03:56:05,SPXW,2026-09-28,C,7610.0,7764.6401,158.9,1.0,176.6,2.0,163.71,1.0,38.0,0.1099,0.9226,0.0012,-1.4041,1.5028,0.9594
2026-09-23T18:19:37Z,2026-09-23 03:56:05,SPXW,2026-09-28,P,7610.0,7764.6401,3.9,15.0,4.1,6.0,3.5,1259.0,240.0,0.1208,-0.0774,0.0012,-1.4041,1.5028,-0.0817
2026-09-23T18:19:37Z,2026-09-23 03:56:05,SPXW,2026-09-28,C,7615.0,7764.6401,154.1,1.0,171.8,2.0,145.87,0.0,88.0,0.1089,0.9183,0.0013,-1.4524,1.561,0.9556
2026-09-23T18:19:37Z,2026-09-23 03:56:05,SPXW,2026-09-28,P,7615.0,7764.6401,4.1,14.0,4.3,18.0,4.1,207.0,176.0,0.1194,-0.0816,0.0013,-1.4524,1.561,-0.0862
2026-09-23T18:19:37Z,2026-09-23 03:56:05,SPXW,2026-09-28,C,7620.0,7764.6401,149.4,1.0,167.1,2.0,164.96,8.0,91.0,0.1086,0.9138,0.0014,-1.5024,1.6218,0.9515
2026-09-23T18:19:37Z,2026-09-23 03:56:05,SPXW,2026-09-28,P,7620.0,7764.6401,4.4,7.0,4.6,17.0,4.6,183.0,226.0,0.1185,-0.0861,0.0014,-1.5024,1.6218,-0.091
2026-09-23T18:19:37Z,2026-09-23 03:56:05,SPXW,2026-09-28,C,7625.0,7764.6401,144.6,1.0,162.5,2.0,150.55,5.0,137.0,0.1081,0.909,0.0014,-1.5542,1.6854,0.9471
2026-09-23T18:19:37Z,2026-09-23 03:56:05,SPXW,2026-09-28,P,7625.0,7764.6401,4.6,15.0,4.8,19.0,4.6,167.0,436.0,0.1169,-0.0909,0.0014,-1.5542,1.6854,-0.096
2026-09-23T18:19:37Z,2026-09-23 03:56:05,SPXW,2026-09-28,C,7630.0,7764.6401,139.9,1.0,157.5,1.0,138.98,323.0,689.0,0.1064,0.9039,0.0015,-1.6077,1.7518,0.9424
2026-09-23T18:19:37Z,2026-09-23 03:56:05,SPXW,2026-09-28,P,7630.0,7764.6401,4.9,15.0,5.1,19.0,5.15,261.0,342.0,0.1158,-0.096,0.0015,-1.6077,1.7518,-0.1015
2026-09-23T18:19:37Z,2026-09-23 03:56:05,SPXW,2026-09-28,C,7635.0,7764.6401,135.2,1.0,152.6,2.0,147.08,16.0,72.0,0.1049,0.8985,0.0016,-1.663,1.8204,0.9372
2026-09-23T18:19:37Z,2026-09-23 03:56:05,SPXW,2026-09-28,P,7635.0,7764.6401,5.2,6.0,5.4,15.0,4.77,109.0,772.0,0.1146,-0.1015,0.0016,-1.663,1.8204,-0.1073
2026-09-23T18:19:37Z,2026-09-23 03:56:05,SPXW,2026-09-28,C,7640.0,7764.6401,130.5,1.0,148.4,2.0,141.11,15.0,180.0,0.1056,0.8926,0.0017,-1.7199,1.891,0.9316
2026-09-23T18:19:37Z,2026-09-23 03:56:05,SPXW,2026-09-28,P,7640.0,7764.6401,5.5,11.0,5.7,15.0,5.8,1191.0,214.0,0.1133,-0.1073,0.0017,-1.7199,1.891,-0.1136
2026-09-23T18:19:37Z,2026-09-23 03:56:05,SPXW,2026-09-28,C,7645.0,7764.6401,125.9,1.0,143.8,2.0,146.88,4.0,63.0,0.1051,0.8864,0.0018,-1.7786,1.9637,0.9256
2026-09-23T18:19:37Z,2026-09-23 03:56:05,SPXW,2026-09-28,P,7645.0,7764.6401,5.8,11.0,6.0,14.0,5.5,206.0,122.0,0.1119,-0.1135,0.0018,-1.7786,1.9637,-0.1203
2026-09-23T18:19:37Z,2026-09-23 03:56:05,SPXW,2026-09-28,C,7650.0,7764.6401,130.6,3.0,132.0,3.0,120.75,3.0,410.0,0.1101,0.8798,0.0018,-1.8389,2.0391,0.9194
2026-09-23T18:19:37Z,2026-09-23 03:56:05,SPXW,2026-09-28,P,7650.0,7764.6401,6.2,7.0,6.4,15.0,6.4,186.0,971.0,0.1109,-0.1201,0.0018,-1.8389,2.0391,-0.1272
2026-09-23T18:19:37Z,2026-09-23 03:56:05,SPXW,2026-09-28,C,7655.0,7764.6401,116.6,1.0,134.6,2.0,130.27,2.0,95.0,0.1033,0.8728,0.002,-1.9007,2.1176,0.9126
2026-09-23T18:19:37Z,2026-09-23 03:56:05,SPXW,2026-09-28,P,7655.0,7764.6401,6.6,5.0,6.8,13.0,7.0,44.0,187.0,0.1097,-0.1272,0.002,-1.9007,2.1176,-0.1347
2026-09-23T18:19:37Z,2026-09-23 03:56:05,SPXW,2026-09-28,C,7660.0,7764.6401,112.0,1.0,129.7,2.0,123.88,15.0,166.0,0.1015,0.8653,0.002,-1.964,2.1987,0.9052
2026-09-23T18:19:37Z,2026-09-23 03:56:05,SPXW,2026-09-28,P,7660.0,7764.6401,7.0,5.0,7.2,12.0,7.3,227.0,381.0,0.1085,-0.1347,0.002,-1.964,2.1987,-0.1427
2026-09-23T18:19:37Z,2026-09-23 03:56:05,SPXW,2026-09-28,C,7665.0,7764.6401,107.4,1.0,125.2,2.0,124.92,0.0,89.0,0.1006,0.8573,0.0022,-2.0287,2.2815,0.8972
2026-09-23T18:19:37Z,2026-09-23 03:56:05,SPXW,2026-09-28,P,7665.0,7764.6401,7.4,9.0,7.6,11.0,7.8,133.0,89.0,0.107,-0.1427,0.0022,-2.0287,2.2815,-0.1514
2026-09-23T18:19:37Z,2026-09-23 03:56:05,SPXW,2026-09-28,C,7670.0,7764.6401,102.9,1.0,120.7,1.0,110.22,18.0,337.0,0.0997,0.8487,0.0023,-2.0946,2.3656,0.8887
2026-09-23T18:19:37Z,2026-09-23 03:56:05,SPXW,2026-09-28,P,7670.0,7764.6401,7.9,7.0,8.1,8.0,8.1,80.0,283.0,0.106,-0.1512,0.0023,-2.0946,2.3656,-0.1606
2026-09-23T18:19:37Z,2026-09-23 03:56:05,SPXW,2026-09-28,C,7675.0,7764.6401,107.9,3.0,109.2,3.0,105.82,23.0,257.0,0.1042,0.8396,0.0024,-2.1617,2.452,0.8798
2026-09-23T18:19:37Z,2026-09-23 03:56:05,SPXW,2026-09-28,P,7675.0,7764.6401,8.4,7.0,8.6,13.0,8.86,324.0,892.0,0.1047,-0.1603,0.0024,-2.1617,2.452,-0.1703
2026-09-23T18:19:37Z,2026-09-23 03:56:05,SPXW,2026-09-28,C,7680.0,7764.6401,93.9,1.0,111.9,2.0,107.31,4.0,89.0,0.098,0.8299,0.0025,-2.2298,2.5412,0.8702
2026-09-23T18:19:37Z,2026-09-23 03:56:05,SPXW,2026-09-28,P,7680.0,7764.6401,9.0,7.0,9.2,21.0,9.5,182.0,449.0,0.1037,-0.17,0.0025,-2.2298,2.5412,-0.1805
2026-09-23T18:19:37Z,2026-09-23 03:56:05,SPXW,2026-09-28,C,7685.0,7764.6401,89.5,1.0,107.6,2.0,102.79,19.0,37.0,0.0972,0.8196,0.0026,-2.2985,2.6323,0.8597
2026-09-23T18:19:37Z,2026-09-23 03:56:05,SPXW,2026-09-28,P,7685.0,7764.6401,9.6,4.0,9.8,19.0,10.32,289.0,57.0,0.1026,-0.1804,0.0026,-2.2985,2.6323,-0.1917
2026-09-23T18:19:37Z,2026-09-23 03:56:05,SPXW,2026-09-28,C,7690.0,7764.6401,85.2,1.0,103.3,2.0,91.83,10.0,144.0,0.0965,0.8086,0.0028,-2.3678,2.7238,0.8484
2026-09-23T18:19:37Z,2026-09-23 03:56:05,SPXW,2026-09-28,P,7690.0,7764.6401,10.2,6.0,10.5,21.0,9.1,125.0,371.0,0.1014,-0.1914,0.0028,-2.3678,2.7238,-0.2036
2026-09-23T18:19:37Z,2026-09-23 03:56:05,SPXW,2026-09-28,C,7695.0,7764.6401,80.9,1.0,99.1,2.0,87.58,60.0,95.0,0.0958,0.7968,0.0029,-2.4373,2.8154,0.8366
2026-09-23T18:19:37Z,2026-09-23 03:56:05,SPXW,2026-09-28,P,7695.0,7764.6401,10.9,4.0,11.2,18.0,11.6,82.0,76.0,0.1003,-0.2031,0.0029,-2.4373,2.8154,-0.2162
2026-09-23T18:19:37Z,2026-09-23 03:56:05,SPXW,2026-09-28,C,7700.0,7764.6401,86.2,3.0,87.5,3.0,94.09,37.0,908.0,0.0988,0.7844,0.003,-2.5066,2.9083,0.824
2026-09-23T18:19:37Z,2026-09-23 03:56:05,SPXW,2026-09-28,P,7700.0,7764.6401,11.7,6.0,11.9,13.0,12.67,445.0,1309.0,0.0992,-0.2156,0.003,-2.5066,2.9083,-0.2294
2026-09-23T18:19:37Z,2026-09-23 03:56:05,SPXW,2026-09-28,C,7705.0,7764.6401,72.5,1.0,90.7,2.0,85.09,136.0,201.0,0.094,0.7712,0.0032,-2.5754,3.0023,0.8105
2026-09-23T18:19:37Z,2026-09-23 03:56:05,SPXW,2026-09-28,P,7705.0,7764.6401,12.5,4.0,12.7,4.0,13.5,148.0,733.0,0.0981,-0.2288,0.0032,-2.5754,3.0023,-0.2436
2026-09-23T18:19:37Z,2026-09-23 03:56:05,SPXW,2026-09-28,C,7710.0,7764.6401,68.4,1.0,86.6,2.0,80.37,8.0,167.0,0.0932,0.7571,0.0033,-2.6432,3.0951,0.7959
2026-09-23T18:19:37Z,2026-09-23 03:56:05,SPXW,2026-09-28,P,7710.0,7764.6401,13.4,5.0,13.6,11.0,12.4,98.0,317.0,0.0971,-0.2428,0.0033,-2.6432,3.0951,-0.2589
2026-09-23T18:19:37Z,2026-09-23 03:56:05,SPXW,2026-09-28,C,7715.0,7764.6401,73.9,3.0,75.1,3.0,71.41,364.0,698.0,0.0957,0.7423,0.0034,-2.7094,3.1854,0.7806
2026-09-23T18:19:37Z,2026-09-23 03:56:05,SPXW,2026-09-28,P,7715.0,7764.6401,14.3,4.0,14.6,11.0,14.78,121.0,109.0,0.0961,-0.2577,0.0034,-2.7094,3.1854,-0.2748
2026-09-23T18:19:37Z,2026-09-23 03:56:05,SPXW,2026-09-28,C,7720.0,7764.6401,69.9,3.0,71.2,3.0,69.71,79.0,234.0,0.0947,0.7266,0.0036,-2.7734,3.2745,0.7647
2026-09-23T18:19:37Z,2026-09-23 03:56:05,SPXW,2026-09-28,P,7720.0,7764.6401,15.4,5.0,15.6,4.0,16.7,227.0,247.0,0.0952,-0.2734,0.0036,-2.7734,3.2745,-0.2915
2026-09-23T18:19:37Z,2026-09-23 03:56:05,SPXW,2026-09-28,C,7725.0,7764.6401,66.4,3.0,66.8,3.0,67.51,291.0,461.0,0.0936,0.71,0.0037,-2.8347,3.362,0.7474
2026-09-23T18:19:37Z,2026-09-23 03:56:05,SPXW,2026-09-28,P,7725.0,7764.6401,16.5,5.0,16.8,18.0,17.87,744.0,807.0,0.0943,-0.2899,0.0037,-2.8347,3.362,-0.3094
2026-09-23T18:19:37Z,2026-09-23 03:56:05,SPXW,2026-09-28,C,7730.0,7764.6401,62.7,3.0,63.0,3.0,61.17,97.0,284.0,0.0928,0.6926,0.0039,-2.8923,3.4451,0.7292
2026-09-23T18:19:37Z,2026-09-23 03:56:05,SPXW,2026-09-28,P,7730.0,7764.6401,17.7,5.0,18.0,12.0,19.7,227.0,572.0,0.0934,-0.3073,0.0039,-2.8923,3.4451,-0.3283
2026-09-23T18:19:37Z,2026-09-23 03:56:05,SPXW,2026-09-28,C,7735.0,7764.6401,59.0,4.0,59.3,3.0,58.4,191.0,266.0,0.0921,0.6744,0.004,-2.9456,3.5225,0.7104
2026-09-23T18:19:37Z,2026-09-23 03:56:05,SPXW,2026-09-28,P,7735.0,7764.6401,19.0,5.0,19.3,11.0,18.4,144.0,92.0,0.0926,-0.3256,0.004,-2.9456,3.5225,-0.3478
2026-09-23T18:19:37Z,2026-09-23 03:56:05,SPXW,2026-09-28,C,7740.0,7764.6401,55.4,5.0,55.7,2.0,54.62,125.0,191.0,0.0913,0.6553,0.0041,-2.994,3.5953,0.6906
2026-09-23T18:19:37Z,2026-09-23 03:56:05,SPXW,2026-09-28,P,7740.0,7764.6401,20.4,4.0,20.7,10.0,22.45,163.0,165.0,0.0917,-0.3446,0.0041,-2.994,3.5953,-0.3682
2026-09-23T18:19:37Z,2026-09-23 03:56:05,SPXW,2026-09-28,C,7745.0,7764.6401,51.9,9.0,52.3,3.0,52.7,192.0,251.0,0.0906,0.6355,0.0042,-3.0363,3.6622,0.6697
2026-09-23T18:19:37Z,2026-09-23 03:56:05,SPXW,2026-09-28,P,7745.0,7764.6401,21.9,3.0,22.2,1.0,23.8,62.0,49.0,0.0911,-0.3645,0.0042,-3.0363,3.6622,-0.3899
2026-09-23T18:19:37Z,2026-09-23 03:56:05,SPXW,2026-09-28,C,7750.0,7764.6401,48.6,6.0,48.9,3.0,46.95,476.0,995.0,0.09,0.6149,0.0044,-3.0718,3.7204,0.6481
2026-09-23T18:19:37Z,2026-09-23 03:56:05,SPXW,2026-09-28,P,7750.0,7764.6401,23.6,4.0,23.9,11.0,25.1,542.0,355.0,0.0904,-0.3851,0.0044,-3.0718,3.7204,-0.4122
2026-09-23T18:19:37Z,2026-09-23 03:56:05,SPXW,2026-09-28,C,7755.0,7764.6401,45.3,10.0,45.7,3.0,44.0,188.0,582.0,0.0893,0.5936,0.0044,-3.0999,3.77,0.6261
2026-09-23T18:19:37Z,2026-09-23 03:56:05,SPXW,2026-09-28,P,7755.0,7764.6401,25.4,3.0,25.7,12.0,28.0,123.0,40.0,0.0898,-0.4064,0.0044,-3.0999,3.77,-0.4349
2026-09-23T18:19:37Z,2026-09-23 03:56:05,SPXW,2026-09-28,C,7760.0,7764.6401,42.2,11.0,42.6,3.0,41.2,257.0,1695.0,0.0886,0.5717,0.0045,-3.1198,3.811,0.6029
2026-09-23T18:19:37Z,2026-09-23 03:56:05,SPXW,2026-09-28,P,7760.0,7764.6401,27.2,3.0,27.6,11.0,29.0,1205.0,92.0,0.0892,-0.4283,0.0045,-3.1198,3.811,-0.4587
2026-09-23T18:19:37Z,2026-09-23 03:56:05,SPXW,2026-09-28,C,7765.0,7764.6401,39.3,9.0,39.6,3.0,37.8,233.0,140.0,0.0882,0.5493,0.0046,-3.1307,3.8414,0.5792
2026-09-23T18:19:37Z,2026-09-23 03:56:05,SPXW,2026-09-28,P,7765.0,7764.6401,29.3,3.0,29.6,12.0,31.32,351.0,38.0,0.0886,-0.4507,0.0046,-3.1307,3.8414,-0.4831
2026-09-23T18:19:37Z,2026-09-23 03:56:05,SPXW,2026-09-28,C,7770.0,7764.6401,36.4,12.0,36.8,3.0,35.05,327.0,634.0,0.0877,0.5264,0.0046,-3.1322,3.8604,0.5555
2026-09-23T18:19:37Z,2026-09-23 03:56:05,SPXW,2026-09-28,P,7770.0,7764.6401,31.4,3.0,31.7,8.0,34.6,105.0,92.0,0.0882,-0.4735,0.0046,-3.1322,3.8604,-0.5075
2026-09-23T18:19:37Z,2026-09-23 03:56:05,SPXW,2026-09-28,C,7775.0,7764.6401,33.7,17.0,34.1,3.0,32.9,528.0,2239.0,0.0874,0.5032,0.0047,-3.124,3.8681,0.5309
2026-09-23T18:19:37Z,2026-09-23 03:56:05,SPXW,2026-09-28,P,7775.0,7764.6401,33.7,4.0,34.0,9.0,35.7,315.0,136.0,0.0878,-0.4967,0.0047,-3.124,3.8681,-0.5328
2026-09-23T18:19:37Z,2026-09-23 03:56:05,SPXW,2026-09-28,C,7780.0,7764.6401,31.1,17.0,31.5,3.0,30.3,326.0,878.0,0.0869,0.4798,0.0047,-3.1057,3.8639,0.5061
2026-09-23T18:19:37Z,2026-09-23 03:56:05,SPXW,2026-09-28,P,7780.0,7764.6401,36.1,4.0,36.4,8.0,36.8,104.0,143.0,0.0874,-0.5201,0.0047,-3.1057,3.8639,-0.5583
2026-09-23T18:19:37Z,2026-09-23 03:56:05,SPXW,2026-09-28,C,7785.0,7764.6401,28.7,18.0,29.0,3.0,28.0,264.0,189.0,0.0866,0.4563,0.0047,-3.0772,3.8476,0.4816
2026-09-23T18:19:37Z,2026-09-23 03:56:05,SPXW,2026-09-28,P,7785.0,7764.6401,38.6,4.0,39.0,11.0,41.3,41.0,15.0,0.087,-0.5436,0.0047,-3.0772,3.8476,-0.5835
2026-09-23T18:19:37Z,2026-09-23 03:56:05,SPXW,2026-09-28,C,7790.0,7764.6401,26.4,12.0,26.7,3.0,25.8,197.0,262.0,0.0863,0.4329,0.0047,-3.0387,3.8189,0.4567
2026-09-23T18:19:37Z,2026-09-23 03:56:05,SPXW,2026-09-28,P,7790.0,7764.6401,41.3,3.0,41.7,10.0,42.8,88.0,19.0,0.0868,-0.5671,0.0047,-3.0387,3.8189,-0.609
2026-09-23T18:19:37Z,2026-09-23 03:56:05,SPXW,2026-09-28,C,7795.0,7764.6401,24.3,1.0,24.6,3.0,27.2,124.0,133.0,0.0862,0.4095,0.0046,-2.9902,3.7777,0.4318
2026-09-23T18:19:37Z,2026-09-23 03:56:05,SPXW,2026-09-28,P,7795.0,7764.6401,44.2,3.0,44.5,7.0,47.8,70.0,7.0,0.0865,-0.5904,0.0046,-2.9902,3.7777,-0.6346
2026-09-23T18:19:37Z,2026-09-23 03:56:05,SPXW,2026-09-28,C,7800.0,7764.6401,22.2,12.0,22.5,3.0,21.3,626.0,3205.0,0.0859,0.3865,0.0046,-2.9323,3.7258,0.4078
2026-09-23T18:19:37Z,2026-09-23 03:56:05,SPXW,2026-09-28,P,7800.0,7764.6401,47.1,3.0,47.5,6.0,43.7,31.0,577.0,0.0863,-0.6135,0.0046,-2.9323,3.7258,-0.6594
2026-09-23T18:19:37Z,2026-09-23 03:56:05,SPXW,2026-09-28,C,7805.0,7764.6401,20.3,12.0,20.6,3.0,20.15,36.0,0.0,0.0858,0.3638,0.0045,-2.8657,3.6622,0.3836
2026-09-23T18:19:37Z,2026-09-23 03:56:05,SPXW,2026-09-28,P,7805.0,7764.6401,50.2,3.0,50.6,5.0,54.0,4.0,0.0,0.0861,-0.6362,0.0045,-2.8657,3.6622,-0.6841
2026-09-23T18:19:37Z,2026-09-23 03:56:05,SPXW,2026-09-28,C,7810.0,7764.6401,18.6,1.0,18.8,4.0,18.0,222.0,508.0,0.0858,0.3416,0.0044,-2.7907,3.5871,0.36
2026-09-23T18:19:37Z,2026-09-23 03:56:05,SPXW,2026-09-28,P,7810.0,7764.6401,53.4,3.0,53.8,5.0,61.32,12.0,30.0,0.0861,-0.6584,0.0044,-2.7907,3.5871,-0.7085
2026-09-23T18:19:37Z,2026-09-23 03:56:05,SPXW,2026-09-28,C,7815.0,7764.6401,16.9,5.0,17.2,4.0,16.3,78.0,0.0,0.0856,0.3199,0.0043,-2.7083,3.5038,0.3373
2026-09-23T18:19:37Z,2026-09-23 03:56:05,SPXW,2026-09-28,P,7815.0,7764.6401,56.8,3.0,57.1,3.0,56.1,5.0,0.0,0.0861,-0.6801,0.0043,-2.7083,3.5038,-0.7318
2026-09-23T18:19:37Z,2026-09-23 03:56:05,SPXW,2026-09-28,C,7820.0,7764.6401,15.3,18.0,15.7,12.0,14.9,182.0,329.0,0.0857,0.2989,0.0042,-2.6194,3.4115,0.315
2026-09-23T18:19:37Z,2026-09-23 03:56:05,SPXW,2026-09-28,P,7820.0,7764.6401,59.7,3.0,61.0,3.0,54.5,8.0,8.0,0.0859,-0.7011,0.0042,-2.6194,3.4115,-0.7548
2026-09-23T18:19:37Z,2026-09-23 03:56:05,SPXW,2026-09-28,C,7825.0,7764.6401,13.9,19.0,14.2,4.0,13.64,846.0,1683.0,0.0854,0.2786,0.004,-2.5249,3.3099,0.2934
2026-09-23T18:19:37Z,2026-09-23 03:56:05,SPXW,2026-09-28,P,7825.0,7764.6401,63.3,3.0,64.6,3.0,187.0,0.0,98.0,0.0859,-0.7213,0.004,-2.5249,3.3099,-0.7771
2026-09-23T18:19:37Z,2026-09-23 03:56:05,SPXW,2026-09-28,C,7830.0,7764.6401,12.6,19.0,12.9,4.0,12.24,158.0,597.0,0.0855,0.2592,0.0039,-2.4257,3.2029,0.273
2026-09-23T18:19:37Z,2026-09-23 03:56:05,SPXW,2026-09-28,P,7830.0,7764.6401,60.1,2.0,78.5,3.0,73.9,0.0,10.0,0.0912,-0.7408,0.0039,-2.4257,3.2029,-0.7982
2026-09-23T18:19:37Z,2026-09-23 03:56:05,SPXW,2026-09-28,C,7835.0,7764.6401,11.4,19.0,11.7,4.0,11.5,97.0,0.0,0.0856,0.2405,0.0037,-2.323,3.0909,0.2532
2026-09-23T18:19:37Z,2026-09-23 03:56:05,SPXW,2026-09-28,P,7835.0,7764.6401,63.8,2.0,82.3,3.0,0.0,0.0,0.0,0.0913,-0.7594,0.0037,-2.323,3.0909,-0.8187
2026-09-23T18:19:37Z,2026-09-23 03:56:05,SPXW,2026-09-28,C,7840.0,7764.6401,10.3,21.0,10.6,4.0,10.0,232.0,955.0,0.0858,0.2227,0.0036,-2.2175,2.9725,0.2342
2026-09-23T18:19:37Z,2026-09-23 03:56:05,SPXW,2026-09-28,P,7840.0,7764.6401,67.7,2.0,86.1,2.0,72.92,2.0,2.0,0.0915,-0.7772,0.0036,-2.2175,2.9725,-0.8383
2026-09-23T18:19:37Z,2026-09-23 03:56:05,SPXW,2026-09-28,C,7845.0,7764.6401,9.3,21.0,9.6,13.0,9.2,24.0,0.0,0.0858,0.2058,0.0034,-2.1103,2.8513,0.2166
2026-09-23T18:19:37Z,2026-09-23 03:56:05,SPXW,2026-09-28,P,7845.0,7764.6401,71.8,2.0,90.1,1.0,79.27,1.0,0.0,0.0921,-0.7941,0.0034,-2.1103,2.8513,-0.8567
2026-09-23T18:19:37Z,2026-09-23 03:56:05,SPXW,2026-09-28,C,7850.0,7764.6401,8.4,13.0,8.7,13.0,8.41,324.0,410.0,0.0861,0.1899,0.0032,-2.0023,2.7289,0.1997
2026-09-23T18:19:37Z,2026-09-23 03:56:05,SPXW,2026-09-28,P,7850.0,7764.6401,75.9,2.0,94.2,2.0,83.28,1.0,31.0,0.0927,-0.8101,0.0032,-2.0023,2.7289,-0.8743
2026-09-23T18:19:37Z,2026-09-23 03:56:05,SPXW,2026-09-28,C,7855.0,7764.6401,7.6,7.0,7.8,5.0,7.7,47.0,0.0,0.0862,0.1748,0.0031,-1.8945,2.6037,0.1836
2026-09-23T18:19:37Z,2026-09-23 03:56:05,SPXW,2026-09-28,P,7855.0,7764.6401,80.2,1.0,98.3,1.0,0.0,0.0,0.0,0.0933,-0.8251,0.0031,-1.8945,2.6037,-0.8911
2026-09-23T18:19:37Z,2026-09-23 03:56:05,SPXW,2026-09-28,C,7860.0,7764.6401,6.8,21.0,7.1,13.0,6.76,108.0,297.0,0.0865,0.1607,0.0029,-1.7875,2.4778,0.1688
2026-09-23T18:19:37Z,2026-09-23 03:56:05,SPXW,2026-09-28,P,7860.0,7764.6401,84.4,2.0,102.6,2.0,0.0,0.0,0.0,0.094,-0.8393,0.0029,-1.7875,2.4778,-0.9066
2026-09-23T18:19:37Z,2026-09-23 03:56:05,SPXW,2026-09-28,C,7865.0,7764.6401,6.1,23.0,6.4,14.0,6.3,93.0,0.0,0.0867,0.1474,0.0027,-1.6822,2.3538,0.1548
2026-09-23T18:19:37Z,2026-09-23 03:56:05,SPXW,2026-09-28,P,7865.0,7764.6401,88.8,2.0,107.0,4.0,0.0,0.0,0.0,0.095,-0.8526,0.0027,-1.6822,2.3538,-0.9212
2026-09-23T18:19:37Z,2026-09-23 03:56:05,SPXW,2026-09-28,C,7870.0,7764.6401,5.5,24.0,5.7,5.0,6.0,79.0,439.0,0.0869,0.135,0.0026,-1.5794,2.2305,0.1416
2026-09-23T18:19:37Z,2026-09-23 03:56:05,SPXW,2026-09-28,P,7870.0,7764.6401,93.4,1.0,111.2,2.0,96.38,1.0,0.0,0.0958,-0.8649,0.0026,-1.5794,2.2305,-0.9351
2026-09-23T18:19:37Z,2026-09-23 03:56:05,SPXW,2026-09-28,C,7875.0,7764.6401,4.9,26.0,5.2,16.0,5.0,662.0,337.0,0.0872,0.1236,0.0024,-1.4795,2.1084,0.1295
2026-09-23T18:19:37Z,2026-09-23 03:56:05,SPXW,2026-09-28,P,7875.0,7764.6401,97.6,2.0,115.7,1.0,109.12,2.0,15.0,0.0963,-0.8764,0.0024,-1.4795,2.1084,-0.9478
2026-09-23T18:19:37Z,2026-09-23 03:56:05,SPXW,2026-09-28,C,7880.0,7764.6401,4.4,28.0,4.7,28.0,4.3,171.0,334.0,0.0876,0.1129,0.0022,-1.3832,1.9899,0.1184
2026-09-23T18:19:37Z,2026-09-23 03:56:05,SPXW,2026-09-28,P,7880.0,7764.6401,102.1,2.0,120.2,1.0,113.55,0.0,3.0,0.0972,-0.887,0.0022,-1.3832,1.9899,-0.9597
2026-09-23T18:19:37Z,2026-09-23 03:56:05,SPXW,2026-09-28,C,7885.0,7764.6401,4.0,23.0,4.2,12.0,4.1,184.0,0.0,0.088,0.1031,0.0021,-1.291,1.8752,0.1079
2026-09-23T18:19:37Z,2026-09-23 03:56:05,SPXW,2026-09-28,P,7885.0,7764.6401,106.7,2.0,124.8,3.0,0.0,0.0,0.0,0.0984,-0.8969,0.0021,-1.291,1.8752,-0.9708
2026-09-23T18:19:37Z,2026-09-23 03:56:05,SPXW,2026-09-28,C,7890.0,7764.6401,3.6,25.0,3.8,25.0,3.5,333.0,645.0,0.0885,0.094,0.002,-1.2031,1.7637,0.0983
2026-09-23T18:19:37Z,2026-09-23 03:56:05,SPXW,2026-09-28,P,7890.0,7764.6401,111.4,2.0,129.1,1.0,0.0,0.0,0.0,0.0989,-0.9059,0.002,-1.2031,1.7637,-0.9811
2026-09-23T18:19:37Z,2026-09-23 03:56:05,SPXW,2026-09-28,C,7895.0,7764.6401,3.2,27.0,3.4,7.0,2.95,103.0,0.0,0.0887,0.0858,0.0018,-1.1199,1.6565,0.0897
2026-09-23T18:19:37Z,2026-09-23 03:56:05,SPXW,2026-09-28,P,7895.0,7764.6401,116.0,2.0,133.9,2.0,0.0,0.0,0.0,0.1003,-0.9142,0.0018,-1.1199,1.6565,-0.9904
2026-09-23T18:19:37Z,2026-09-23 03:56:05,SPXW,2026-09-28,C,7900.0,7764.6401,2.95,8.0,3.1,18.0,2.85,1491.0,5435.0,0.0896,0.0782,0.0017,-1.0415,1.5546,0.0817
2026-09-23T18:19:37Z,2026-09-23 03:56:05,SPXW,2026-09-28,P,7900.0,7764.6401,120.7,2.0,138.4,1.0,132.12,2.0,6.0,0.1011,-0.9218,0.0017,-1.0415,1.5546,-0.9991
2026-09-23T18:19:37Z,2026-09-23 03:56:05,SPXW,2026-09-28,C,7905.0,7764.6401,2.65,8.0,2.8,15.0,2.6,125.0,0.0,0.09,0.0713,0.0016,-0.9681,1.4577,0.0743
2026-09-23T18:19:37Z,2026-09-23 03:56:05,SPXW,2026-09-28,P,7905.0,7764.6401,125.8,1.0,143.1,1.0,0.0,0.0,0.0,0.1034,-0.9287,0.0016,-0.9681,1.4577,-1.0071
2026-09-23T18:19:37Z,2026-09-23 03:56:05,SPXW,2026-09-28,C,7910.0,7764.6401,2.4,8.0,2.55,17.0,2.3,50.0,0.0,0.0905,0.065,0.0014,-0.8997,1.3657,0.0678
2026-09-23T18:19:37Z,2026-09-23 03:56:05,SPXW,2026-09-28,P,7910.0,7764.6401,130.1,2.0,148.0,2.0,0.0,0.0,0.0,0.1039,-0.935,0.0014,-0.8997,1.3657,-1.0144
2026-09-23T18:19:37Z,2026-09-23 03:56:05,SPXW,2026-09-28,C,7915.0,7764.6401,2.15,15.0,2.3,16.0,2.1,63.0,0.0,0.0912,0.0593,0.0013,-0.8361,1.2789,0.0619
2026-09-23T18:19:37Z,2026-09-23 03:56:05,SPXW,2026-09-28,P,7915.0,7764.6401,134.9,2.0,152.8,2.0,0.0,0.0,0.0,0.1054,-0.9407,0.0013,-0.8361,1.2789,-1.021
2026-09-23T18:19:37Z,2026-09-23 03:56:05,SPXW,2026-09-28,C,7920.0,7764.6401,1.95,8.0,2.1,18.0,1.85,37.0,0.0,0.0918,0.0542,0.0012,-0.7772,1.1976,0.0564
2026-09-23T18:19:37Z,2026-09-23 03:56:05,SPXW,2026-09-28,P,7920.0,7764.6401,139.9,1.0,157.5,2.0,0.0,0.0,0.0,0.1072,-0.9458,0.0012,-0.7772,1.1976,-1.0271
2026-09-23T18:19:37Z,2026-09-23 03:56:05,SPXW,2026-09-28,C,7925.0,7764.6401,1.75,12.0,1.85,4.0,1.7,2898.0,8295.0,0.0921,0.0495,0.0011,-0.723,1.1216,0.0515
2026-09-23T18:19:37Z,2026-09-23 03:56:05,SPXW,2026-09-28,P,7925.0,7764.6401,144.5,2.0,162.3,1.0,251.81,0.0,7.0,0.108,-0.9505,0.0011,-0.723,1.1216,-1.0328
2026-09-23T18:19:37Z,2026-09-23 03:56:05,SPXW,2026-09-28,C,7930.0,7764.6401,1.55,8.0,1.7,11.0,1.5,113.0,0.0,0.0927,0.0453,0.0011,-0.6732,1.0505,0.0471
2026-09-23T18:19:37Z,2026-09-23 03:56:05,SPXW,2026-09-28,P,7930.0,7764.6401,149.4,2.0,167.2,1.0,0.0,0.0,0.0,0.11,-0.9547,0.0011,-0.6732,1.0505,-1.0378
2026-09-23T18:19:37Z,2026-09-23 03:56:05,SPXW,2026-09-28,C,7935.0,7764.6401,1.4,9.0,1.55,9.0,1.35,263.0,0.0,0.0933,0.0415,0.001,-0.6274,0.9843,0.0432
2026-09-23T18:19:37Z,2026-09-23 03:56:05,SPXW,2026-09-28,P,7935.0,7764.6401,154.3,2.0,172.1,1.0,0.0,0.0,0.0,0.1119,-0.9584,0.001,-0.6274,0.9843,-1.0424
2026-09-23T18:19:37Z,2026-09-23 03:56:05,SPXW,2026-09-28,C,7940.0,7764.6401,1.3,9.0,1.45,12.0,1.25,100.0,0.0,0.0944,0.0381,0.0009,-0.5855,0.9229,0.0396
2026-09-23T18:19:37Z,2026-09-23 03:56:05,SPXW,2026-09-28,P,7940.0,7764.6401,159.1,2.0,176.9,1.0,0.0,0.0,0.0,0.113,-0.9618,0.0009,-0.5855,0.9229,-1.0467
2026-09-23T18:19:37Z,2026-09-23 03:56:05,SPXW,2026-09-28,C,7945.0,7764.6401,1.15,31.0,1.3,12.0,1.1,173.0,0.0,0.0948,0.035,0.0008,-0.5472,0.866,0.0363
2026-09-23T18:19:37Z,2026-09-23 03:56:05,SPXW,2026-09-28,P,7945.0,7764.6401,164.0,2.0,181.7,1.0,0.0,0.0,0.0,0.1145,-0.9649,0.0008,-0.5472,0.866,-1.0506
2026-09-23T18:19:37Z,2026-09-23 03:56:05,SPXW,2026-09-28,C,7950.0,7764.6401,1.05,42.0,1.2,23.0,1.05,507.0,1184.0,0.0956,0.0323,0.0008,-0.5122,0.8134,0.0334
2026-09-23T18:19:37Z,2026-09-23 03:56:05,SPXW,2026-09-28,P,7950.0,7764.6401,168.9,2.0,186.7,1.0,218.4,0.0,4.0,0.1167,-0.9677,0.0008,-0.5122,0.8134,-1.0542
2026-09-23T18:19:37Z,2026-09-23 03:56:05,SPXW,2026-09-28,C,7955.0,7764.6401,0.95,38.0,1.1,19.0,0.95,132.0,0.0,0.0963,0.0298,0.0007,-0.4802,0.7647,0.0309
2026-09-23T18:19:37Z,2026-09-23 03:56:05,SPXW,2026-09-28,P,7955.0,7764.6401,173.9,2.0,191.5,1.0,0.0,0.0,0.0,0.1184,-0.9702,0.0007,-0.4802,0.7647,-1.0574
2026-09-23T18:19:37Z,2026-09-23 03:56:05,SPXW,2026-09-28,C,7960.0,7764.6401,0.9,14.0,1.0,16.0,0.85,151.0,0.0,0.0973,0.0276,0.0007,-0.4511,0.7196,0.0286
2026-09-23T18:19:37Z,2026-09-23 03:56:05,SPXW,2026-09-28,P,7960.0,7764.6401,178.8,2.0,196.5,2.0,0.0,0.0,0.0,0.1206,-0.9724,0.0007,-0.4511,0.7196,-1.0604
2026-09-23T18:19:37Z,2026-09-23 03:56:05,SPXW,2026-09-28,C,7965.0,7764.6401,0.8,40.0,0.95,21.0,0.8,87.0,0.0,0.0982,0.0255,0.0006,-0.4244,0.678,0.0264
2026-09-23T18:19:37Z,2026-09-23 03:56:05,SPXW,2026-09-28,P,7965.0,7764.6401,183.7,2.0,201.4,2.0,0.0,0.0,0.0,0.1222,-0.9744,0.0006,-0.4244,0.678,-1.0632
2026-09-23T18:19:37Z,2026-09-23 03:56:05,SPXW,2026-09-28,C,7970.0,7764.6401,0.75,41.0,0.85,16.0,0.75,104.0,0.0,0.0989,0.0237,0.0006,-0.4002,0.6396,0.0245
2026-09-23T18:19:37Z,2026-09-23 03:56:05,SPXW,2026-09-28,P,7970.0,7764.6401,188.7,2.0,206.3,1.0,0.0,0.0,0.0,0.1243,-0.9762,0.0006,-0.4002,0.6396,-1.0658
2026-09-23T18:19:37Z,2026-09-23 03:56:05,SPXW,2026-09-28,C,7975.0,7764.6401,0.7,42.0,0.8,17.0,0.7,473.0,774.0,0.1,0.0221,0.0005,-0.378,0.6042,0.0228
2026-09-23T18:19:37Z,2026-09-23 03:56:05,SPXW,2026-09-28,P,7975.0,7764.6401,193.6,2.0,211.2,1.0,292.96,0.0,8.0,0.1258,-0.9779,0.0005,-0.378,0.6042,-1.0683
2026-09-23T18:19:37Z,2026-09-23 03:56:05,SPXW,2026-09-28,C,7980.0,7764.6401,0.65,43.0,0.75,18.0,0.6,44.0,0.0,0.101,0.0206,0.0005,-0.3578,0.5714,0.0212
2026-09-23T18:19:37Z,2026-09-23 03:56:05,SPXW,2026-09-28,P,7980.0,7764.6401,196.4,1.0,216.2,2.0,0.0,0.0,0.0,0.1163,-0.9794,0.0005,-0.3578,0.5714,-1.0705
2026-09-23T18:19:37Z,2026-09-23 03:56:05,SPXW,2026-09-28,C,7985.0,7764.6401,0.6,43.0,0.7,18.0,0.55,72.0,0.0,0.102,0.0192,0.0005,-0.3392,0.5412,0.0199
2026-09-23T18:19:37Z,2026-09-23 03:56:05,SPXW,2026-09-28,P,7985.0,7764.6401,201.3,2.0,224.1,4.0,0.0,0.0,0.0,0.1336,-0.9807,0.0005,-0.3392,0.5412,-1.0726
2026-09-23T18:19:37Z,2026-09-23 03:56:05,SPXW,2026-09-28,C,7990.0,7764.6401,0.55,43.0,0.65,17.0,0.55,38.0,0.0,0.1028,0.018,0.0004,-0.3223,0.5132,0.0186
2026-09-23T18:19:37Z,2026-09-23 03:56:05,SPXW,2026-09-28,P,7990.0,7764.6401,206.2,2.0,228.1,1.0,0.0,0.0,0.0,0.1308,-0.9819,0.0004,-0.3223,0.5132,-1.0745
2026-09-23T18:19:37Z,2026-09-23 03:56:05,SPXW,2026-09-28,C,7995.0,7764.6401,0.5,43.0,0.65,25.0,0.5,38.0,0.0,0.1042,0.0169,0.0004,-0.3067,0.4873,0.0174
2026-09-23T18:19:37Z,2026-09-23 03:56:05,SPXW,2026-09-28,P,7995.0,7764.6401,211.3,2.0,232.9,1.0,0.0,0.0,0.0,0.1327,-0.983,0.0004,-0.3067,0.4873,-1.0763
2026-09-23T18:19:37Z,2026-09-23 03:56:05,SPXW,2026-09-28,C,8000.0,7764.6401,0.5,17.0,0.6,29.0,0.55,349.0,1532.0,0.1056,0.0159,0.0004,-0.2924,0.4632,0.0164
2026-09-23T18:19:37Z,2026-09-23 03:56:05,SPXW,2026-09-28,P,8000.0,7764.6401,216.2,2.0,238.0,1.0,0.0,0.0,0.0,0.1351,-0.984,0.0004,-0.2924,0.4632,-1.0781
2026-09-23T18:19:37Z,2026-09-23 03:56:05,SPXW,2026-09-28,C,8010.0,7764.6401,0.4,45.0,0.55,25.0,0.45,62.0,0.0,0.1074,0.0141,0.0003,-0.2672,0.4204,0.0145
2026-09-23T18:19:37Z,2026-09-23 03:56:05,SPXW,2026-09-28,P,8010.0,7764.6401,226.1,2.0,247.9,1.0,0.0,0.0,0.0,0.1388,-0.9858,0.0003,-0.2672,0.4204,-1.0813
2026-09-23T18:19:37Z,2026-09-23 03:56:05,SPXW,2026-09-28,C,8020.0,7764.6401,0.4,18.0,0.5,22.0,0.4,52.0,0.0,0.1105,0.0126,0.0003,-0.2456,0.383,0.013
2026-09-23T18:19:37Z,2026-09-23 03:56:05,SPXW,2026-09-28,P,8020.0,7764.6401,236.2,2.0,257.9,2.0,0.0,0.0,0.0,0.1441,-0.9873,0.0003,-0.2458,0.3835,-1.0842
2026-09-23T18:19:37Z,2026-09-23 03:56:05,SPXW,2026-09-28,C,8025.0,7764.6401,0.35,46.0,0.45,20.0,0.35,146.0,429.0,0.1107,0.012,0.0003,-0.2361,0.3664,0.0123
2026-09-23T18:19:37Z,2026-09-23 03:56:05,SPXW,2026-09-28,P,8025.0,7764.6401,241.1,2.0,262.9,2.0,0.0,0.0,0.0,0.1459,-0.9879,0.0003,-0.2364,0.3669,-1.0856
2026-09-23T18:19:37Z,2026-09-23 03:56:05,SPXW,2026-09-28,C,8030.0,7764.6401,0.35,18.0,0.45,20.0,0.35,56.0,0.0,0.1125,0.0114,0.0003,-0.2275,0.3514,0.0117
2026-09-23T18:19:37Z,2026-09-23 03:56:05,SPXW,2026-09-28,P,8030.0,7764.6401,246.1,2.0,267.8,2.0,0.0,0.0,0.0,0.1477,-0.9885,0.0003,-0.2275,0.3514,-1.0868
2026-09-23T18:19:37Z,2026-09-23 03:56:05,SPXW,2026-09-28,C,8040.0,7764.6401,0.3,21.0,0.45,77.0,0.4,59.0,0.0,0.1154,0.0104,0.0002,-0.2118,0.3234,0.0106
2026-09-23T18:19:37Z,2026-09-23 03:56:05,SPXW,2026-09-28,P,8040.0,7764.6401,256.2,2.0,277.6,1.0,0.0,0.0,0.0,0.1518,-0.9896,0.0002,-0.2118,0.3234,-1.0893
2026-09-23T18:19:37Z,2026-09-23 03:56:05,SPXW,2026-09-28,C,8050.0,7764.6401,0.3,34.0,0.4,28.0,0.3,87.0,370.0,0.1181,0.0094,0.0002,-0.198,0.2986,0.0097
2026-09-23T18:19:37Z,2026-09-23 03:56:05,SPXW,2026-09-28,P,8050.0,7764.6401,266.0,2.0,287.6,1.0,333.26,0.0,2.0,0.1551,-0.9905,0.0002,-0.1982,0.2989,-1.0916
2026-09-23T18:19:37Z,2026-09-23 03:56:05,SPXW,2026-09-28,C,8060.0,7764.6401,0.25,23.0,0.4,80.0,0.35,71.0,0.0,0.1207,0.0087,0.0002,-0.1861,0.2772,0.0088
2026-09-23T18:19:37Z,2026-09-23 03:56:05,SPXW,2026-09-28,P,8060.0,7764.6401,276.2,2.0,297.6,1.0,0.0,0.0,0.0,0.161,-0.9913,0.0002,-0.1863,0.2774,-1.0938
2026-09-23T18:19:37Z,2026-09-23 03:56:05,SPXW,2026-09-28,C,8070.0,7764.6401,0.25,21.0,0.35,21.0,0.65,59.0,0.0,0.1232,0.008,0.0002,-0.1757,0.2582,0.0082
2026-09-23T18:19:37Z,2026-09-23 03:56:05,SPXW,2026-09-28,P,8070.0,7764.6401,286.0,2.0,307.5,1.0,0.0,0.0,0.0,0.1636,-0.992,0.0002,-0.1759,0.2584,-1.0959
2026-09-23T18:19:37Z,2026-09-23 03:56:05,SPXW,2026-09-28,C,8075.0,7764.6401,0.25,21.0,0.35,28.0,0.3,73.0,463.0,0.125,0.0077,0.0002,-0.171,0.2495,0.0078
2026-09-23T18:19:37Z,2026-09-23 03:56:05,SPXW,2026-09-28,P,8075.0,7764.6401,291.0,2.0,312.5,1.0,0.0,0.0,0.0,0.1659,-0.9923,0.0002,-0.1711,0.2497,-1.0969
2026-09-23T18:19:37Z,2026-09-23 03:56:05,SPXW,2026-09-28,C,8100.0,7764.6401,0.2,24.0,0.3,26.0,0.25,69.0,377.0,0.1311,0.0064,0.0001,-0.1512,0.2127,0.0066
2026-09-23T18:19:37Z,2026-09-23 03:56:05,SPXW,2026-09-28,P,8100.0,7764.6401,315.8,2.0,337.6,1.0,0.0,0.0,0.0,0.1765,-0.9935,0.0001,-0.1512,0.2127,-1.1016
2026-09-23T18:19:37Z,2026-09-23 03:56:05,SPXW,2026-09-28,C,8125.0,7764.6401,0.2,21.0,0.3,58.0,0.25,120.0,207.0,0.14,0.0055,0.0001,-0.1358,0.1839,0.0056
2026-09-23T18:19:37Z,2026-09-23 03:56:05,SPXW,2026-09-28,P,8125.0,7764.6401,340.9,2.0,364.9,2.0,0.0,0.0,0.0,0.2032,-0.9945,0.0001,-0.136,0.1843,-1.106
2026-09-23T18:19:37Z,2026-09-23 03:56:05,SPXW,2026-09-28,C,8150.0,7764.6401,0.15,26.0,0.25,28.0,0.2,42.0,14.0,0.145,0.0047,0.0001,-0.1239,0.1615,0.0048
2026-09-23T18:19:37Z,2026-09-23 03:56:05,SPXW,2026-09-28,P,8150.0,7764.6401,365.9,2.0,389.9,2.0,0.0,0.0,0.0,0.2148,-0.9952,0.0001,-0.124,0.1618,-1.1102
2026-09-23T18:19:37Z,2026-09-23 03:56:05,SPXW,2026-09-28,C,8175.0,7764.6401,0.15,24.0,0.25,31.0,0.2,63.0,29.0,0.1534,0.0042,0.0001,-0.1142,0.1434,0.0042
2026-09-23T18:19:37Z,2026-09-23 03:56:05,SPXW,2026-09-28,P,8175.0,7764.6401,390.7,2.0,414.7,2.0,0.0,0.0,0.0,0.2237,-0.9958,0.0001,-0.1142,0.1435,-1.1142
2026-09-23T18:19:37Z,2026-09-23 03:56:05,SPXW,2026-09-28,C,8200.0,7764.6401,0.1,89.0,0.2,26.0,0.2,56.0,118.0,0.157,0.0037,0.0001,-0.106,0.1284,0.0037
2026-09-23T18:19:37Z,2026-09-23 03:56:05,SPXW,2026-09-28,P,8200.0,7764.6401,415.7,2.0,439.7,2.0,0.0,0.0,0.0,0.235,-0.9963,0.0001,-0.106,0.1284,-1.1181
2026-09-23T18:19:37Z,2026-09-23 03:56:05,SPXW,2026-09-28,C,8225.0,7764.6401,0.1,28.0,0.2,30.0,0.15,62.0,12.0,0.165,0.0033,0.0001,-0.099,0.1157,0.0033
2026-09-23T18:19:37Z,2026-09-23 03:56:05,SPXW,2026-09-28,P,8225.0,7764.6401,440.8,2.0,464.8,2.0,0.0,0.0,0.0,0.2475,-0.9966,0.0001,-0.099,0.1157,-1.1219
2026-09-23T18:19:37Z,2026-09-23 03:56:05,SPXW,2026-09-28,C,8250.0,7764.6401,0.1,26.0,0.2,33.0,0.15,25.0,4.0,0.173,0.003,0.0,-0.0928,0.1049,0.003
2026-09-23T18:19:37Z,2026-09-23 03:56:05,SPXW,2026-09-28,P,8250.0,7764.6401,465.8,2.0,489.8,2.0,0.0,0.0,0.0,0.2586,-0.997,0.0,-0.0928,0.1049,-1.1257
2026-09-23T18:19:37Z,2026-09-23 03:56:05,SPXW,2026-09-28,C,8275.0,7764.6401,0.1,25.0,0.2,116.0,0.1,64.0,3.0,0.181,0.0027,0.0,-0.0873,0.0954,0.0027
2026-09-23T18:19:37Z,2026-09-23 03:56:05,SPXW,2026-09-28,P,8275.0,7764.6401,490.7,2.0,514.7,2.0,0.0,0.0,0.0,0.2682,-0.9973,0.0,-0.0873,0.0954,-1.1294
2026-09-23T18:19:37Z,2026-09-23 03:56:05,SPXW,2026-09-28,C,8300.0,7764.6401,0.05,197.0,0.15,29.0,0.1,58.0,33.0,0.1818,0.0024,0.0,-0.0823,0.0872,0.0025
2026-09-23T18:19:37Z,2026-09-23 03:56:05,SPXW,2026-09-28,P,8300.0,7764.6401,515.9,2.0,539.9,2.0,0.0,0.0,0.0,0.2819,-0.9975,0.0,-0.0823,0.0872,-1.133
2026-09-23T18:19:37Z,2026-09-23 03:56:05,SPXW,2026-09-28,C,8400.0,7764.6401,0.05,28.0,0.15,125.0,0.1,68.0,18.0,0.2119,0.0017,0.0,-0.066,0.0626,0.0017
2026-09-23T18:19:37Z,2026-09-23 03:56:05,SPXW,2026-09-28,P,8400.0,7764.6401,615.5,2.0,639.5,2.0,0.0,0.0,0.0,0.3185,-0.9982,0.0,-0.066,0.0626,-1.1475
2026-09-23T18:19:37Z,2026-09-23 03:56:05,SPXW,2026-09-28,C,8500.0,7764.6401,0.0,0.0,0.1,35.0,0.1,1.0,160.0,0.2278,0.0012,0.0,-0.0532,0.0461,0.0012
2026-09-23T18:19:37Z,2026-09-23 03:56:05,SPXW,2026-09-28,P,8500.0,7764.6401,715.5,2.0,739.5,2.0,0.0,0.0,0.0,0.3598,-0.9987,0.0,-0.0532,0.0461,-1.1616
2026-09-23T18:19:37Z,2026-09-23 03:56:05,SPXW,2026-09-29,C,7000.0,7764.6401,761.1,2.0,785.1,2.0,0.0,0.0,0.0,0.0,0.9961,0.0,-0.2019,0.1303,1.1443
2026-09-23T18:19:37Z,2026-09-23 03:56:05,SPXW,2026-09-29,P,7000.0,7764.6401,0.3,27.0,0.4,23.0,0.4,105.0,1125.0,0.293,-0.0039,0.0,-0.2023,0.1307,-0.0048
2026-09-23T18:19:37Z,2026-09-23 03:56:05,SPXW,2026-09-29,C,7025.0,7764.6401,736.1,2.0,760.1,2.0,0.0,0.0,0.0,0.0,0.9958,0.0,-0.2147,0.141,1.1479
2026-09-23T18:19:37Z,2026-09-23 03:56:05,SPXW,2026-09-29,P,7025.0,7764.6401,0.35,24.0,0.45,49.0,0.4,6.0,106.0,0.288,-0.0042,0.0,-0.2151,0.1414,-0.0052
2026-09-23T18:19:37Z,2026-09-23 03:56:05,SPXW,2026-09-29,C,7050.0,7764.6401,711.1,2.0,735.1,2.0,650.74,0.0,13.0,0.0,0.9954,0.0,-0.2284,0.1529,1.1516
2026-09-23T18:19:37Z,2026-09-23 03:56:05,SPXW,2026-09-29,P,7050.0,7764.6401,0.35,27.0,0.5,50.0,0.45,37.0,297.0,0.281,-0.0046,0.0,-0.2284,0.1529,-0.0057
2026-09-23T18:19:37Z,2026-09-23 03:56:05,SPXW,2026-09-29,C,7075.0,7764.6401,686.3,2.0,710.3,2.0,0.0,0.0,0.0,0.0,0.9949,0.0,-0.2431,0.166,1.1551
2026-09-23T18:19:37Z,2026-09-23 03:56:05,SPXW,2026-09-29,P,7075.0,7764.6401,0.4,24.0,0.5,21.0,0.45,102.0,132.0,0.2736,-0.005,0.0,-0.2432,0.1661,-0.0062
2026-09-23T18:19:37Z,2026-09-23 03:56:05,SPXW,2026-09-29,C,7100.0,7764.6401,661.3,2.0,685.3,2.0,600.97,0.0,13.0,0.0,0.9944,0.0001,-0.2589,0.1804,1.1586
2026-09-23T18:19:37Z,2026-09-23 03:56:05,SPXW,2026-09-29,P,7100.0,7764.6401,0.45,22.0,0.55,46.0,0.5,171.0,500.0,0.2675,-0.0055,0.0001,-0.259,0.1805,-0.0069
2026-09-23T18:19:37Z,2026-09-23 03:56:05,SPXW,2026-09-29,C,7110.0,7764.6401,651.3,2.0,675.3,2.0,0.0,0.0,0.0,0.0,0.9942,0.0001,-0.2656,0.1865,1.16
2026-09-23T18:19:37Z,2026-09-23 03:56:05,SPXW,2026-09-29,P,7110.0,7764.6401,0.45,24.0,0.55,21.0,0.55,5.0,15.0,0.2638,-0.0057,0.0001,-0.2657,0.1866,-0.0071
2026-09-23T18:19:37Z,2026-09-23 03:56:05,SPXW,2026-09-29,C,7120.0,7764.6401,641.4,2.0,665.4,2.0,0.0,0.0,0.0,0.0,0.994,0.0001,-0.2724,0.1929,1.1614
2026-09-23T18:19:37Z,2026-09-23 03:56:05,SPXW,2026-09-29,P,7120.0,7764.6401,0.45,25.0,0.6,48.0,0.55,5.0,5.0,0.2615,-0.006,0.0001,-0.2725,0.193,-0.0074
2026-09-23T18:19:37Z,2026-09-23 03:56:05,SPXW,2026-09-29,C,7125.0,7764.6401,636.4,2.0,660.4,2.0,618.9,0.0,1.0,0.0,0.9939,0.0001,-0.2759,0.1962,1.162
2026-09-23T18:19:37Z,2026-09-23 03:56:05,SPXW,2026-09-29,P,7125.0,7764.6401,0.45,26.0,0.6,47.0,0.55,3.0,65.0,0.2597,-0.0061,0.0001,-0.276,0.1963,-0.0076
2026-09-23T18:19:37Z,2026-09-23 03:56:05,SPXW,2026-09-29,C,7130.0,7764.6401,631.3,2.0,655.3,2.0,0.0,0.0,0.0,0.0,0.9938,0.0001,-0.2795,0.1995,1.1627
2026-09-23T18:19:37Z,2026-09-23 03:56:05,SPXW,2026-09-29,P,7130.0,7764.6401,0.5,22.0,0.6,46.0,0.55,2.0,0.0,0.2592,-0.0062,0.0001,-0.2796,0.1996,-0.0077
2026-09-23T18:19:37Z,2026-09-23 03:56:05,SPXW,2026-09-29,C,7140.0,7764.6401,621.3,2.0,645.3,2.0,0.0,0.0,0.0,0.0,0.9935,0.0001,-0.2868,0.2064,1.164
2026-09-23T18:19:37Z,2026-09-23 03:56:05,SPXW,2026-09-29,P,7140.0,7764.6401,0.5,23.0,0.6,20.0,0.55,1.0,0.0,0.2555,-0.0064,0.0001,-0.2868,0.2064,-0.008
2026-09-23T18:19:37Z,2026-09-23 03:56:05,SPXW,2026-09-29,C,7150.0,7764.6401,611.4,2.0,635.4,2.0,0.0,0.0,0.0,0.0,0.9933,0.0001,-0.2943,0.2136,1.1654
2026-09-23T18:19:37Z,2026-09-23 03:56:05,SPXW,2026-09-29,P,7150.0,7764.6401,0.55,1.0,0.65,46.0,0.65,33.0,373.0,0.2543,-0.0067,0.0001,-0.2943,0.2136,-0.0083
2026-09-23T18:19:37Z,2026-09-23 03:56:05,SPXW,2026-09-29,C,7160.0,7764.6401,601.4,2.0,625.4,2.0,0.0,0.0,0.0,0.0,0.993,0.0001,-0.302,0.221,1.1667
2026-09-23T18:19:37Z,2026-09-23 03:56:05,SPXW,2026-09-29,P,7160.0,7764.6401,0.55,22.0,0.65,44.0,0.6,1.0,10.0,0.2504,-0.007,0.0001,-0.3023,0.2213,-0.0086
2026-09-23T18:19:37Z,2026-09-23 03:56:05,SPXW,2026-09-29,C,7170.0,7764.6401,591.5,2.0,615.5,2.0,0.0,0.0,0.0,0.0,0.9927,0.0001,-0.31,0.2289,1.168
2026-09-23T18:19:37Z,2026-09-23 03:56:05,SPXW,2026-09-29,P,7170.0,7764.6401,0.55,23.0,0.65,19.0,0.6,7.0,9.0,0.2467,-0.0072,0.0001,-0.3103,0.2292,-0.009
2026-09-23T18:19:37Z,2026-09-23 03:56:05,SPXW,2026-09-29,C,7175.0,7764.6401,586.4,2.0,610.4,2.0,0.0,0.0,0.0,0.0,0.9926,0.0001,-0.3141,0.2329,1.1686
2026-09-23T18:19:37Z,2026-09-23 03:56:05,SPXW,2026-09-29,P,7175.0,7764.6401,0.55,24.0,0.7,46.0,0.65,49.0,277.0,0.246,-0.0074,0.0001,-0.3144,0.2332,-0.0092
2026-09-23T18:19:37Z,2026-09-23 03:56:05,SPXW,2026-09-29,C,7180.0,7764.6401,581.4,2.0,605.4,2.0,0.0,0.0,4.0,0.0,0.9924,0.0001,-0.3183,0.2371,1.1693
2026-09-23T18:19:37Z,2026-09-23 03:56:05,SPXW,2026-09-29,P,7180.0,7764.6401,0.55,25.0,0.7,45.0,0.65,6.0,3.0,0.2441,-0.0075,0.0001,-0.3185,0.2374,-0.0094
2026-09-23T18:19:37Z,2026-09-23 03:56:05,SPXW,2026-09-29,C,7190.0,7764.6401,571.5,2.0,595.5,2.0,0.0,0.0,0.0,0.0,0.9921,0.0001,-0.3267,0.2457,1.1705
2026-09-23T18:19:37Z,2026-09-23 03:56:05,SPXW,2026-09-29,P,7190.0,7764.6401,0.6,21.0,0.7,42.0,0.65,1.0,5.0,0.2415,-0.0078,0.0001,-0.327,0.246,-0.0097
2026-09-23T18:19:37Z,2026-09-23 03:56:05,SPXW,2026-09-29,C,7200.0,7764.6401,561.5,2.0,585.5,2.0,502.17,0.0,3.0,0.0,0.9918,0.0001,-0.3355,0.2547,1.1718
2026-09-23T18:19:37Z,2026-09-23 03:56:05,SPXW,2026-09-29,P,7200.0,7764.6401,0.6,23.0,0.75,45.0,0.65,112.0,128.0,0.2388,-0.0081,0.0001,-0.3358,0.255,-0.0101
2026-09-23T18:19:37Z,2026-09-23 03:56:05,SPXW,2026-09-29,C,7210.0,7764.6401,551.6,2.0,575.6,2.0,0.0,0.0,0.0,0.0,0.9915,0.0001,-0.3445,0.2641,1.173
2026-09-23T18:19:37Z,2026-09-23 03:56:05,SPXW,2026-09-29,P,7210.0,7764.6401,0.65,20.0,0.75,43.0,0.7,5.0,3.0,0.236,-0.0085,0.0001,-0.3448,0.2644,-0.0106
2026-09-23T18:19:37Z,2026-09-23 03:56:05,SPXW,2026-09-29,C,7220.0,7764.6401,541.5,2.0,565.5,2.0,0.0,0.0,0.0,0.0,0.9911,0.0001,-0.3538,0.2739,1.1742
2026-09-23T18:19:37Z,2026-09-23 03:56:05,SPXW,2026-09-29,P,7220.0,7764.6401,0.65,22.0,0.75,18.0,0.7,3.0,18.0,0.2322,-0.0088,0.0001,-0.3542,0.2742,-0.011
2026-09-23T18:19:37Z,2026-09-23 03:56:05,SPXW,2026-09-29,C,7225.0,7764.6401,536.5,2.0,560.5,2.0,493.5,0.0,3.0,0.0,0.991,0.0001,-0.3586,0.279,1.1748
2026-09-23T18:19:37Z,2026-09-23 03:56:05,SPXW,2026-09-29,P,7225.0,7764.6401,0.65,23.0,0.8,43.0,0.5,7.0,108.0,0.2313,-0.009,0.0001,-0.3589,0.2793,-0.0112
2026-09-23T18:19:37Z,2026-09-23 03:56:05,SPXW,2026-09-29,C,7230.0,7764.6401,531.3,2.0,555.3,2.0,0.0,0.0,0.0,0.0,0.9908,0.0001,-0.3635,0.2841,1.1753
2026-09-23T18:19:37Z,2026-09-23 03:56:05,SPXW,2026-09-29,P,7230.0,7764.6401,0.65,24.0,0.8,42.0,0.75,145.0,27.0,0.2293,-0.0092,0.0001,-0.3638,0.2845,-0.0115
2026-09-23T18:19:37Z,2026-09-23 03:56:05,SPXW,2026-09-29,C,7240.0,7764.6401,521.6,2.0,545.6,2.0,0.0,0.0,0.0,0.0,0.9904,0.0001,-0.3734,0.2948,1.1765
2026-09-23T18:19:37Z,2026-09-23 03:56:05,SPXW,2026-09-29,P,7240.0,7764.6401,0.7,22.0,0.8,41.0,0.75,2.0,54.0,0.2265,-0.0096,0.0001,-0.3738,0.2951,-0.012
2026-09-23T18:19:37Z,2026-09-23 03:56:05,SPXW,2026-09-29,C,7250.0,7764.6401,511.7,2.0,535.7,2.0,0.0,0.0,0.0,0.0,0.99,0.0001,-0.3838,0.3059,1.1776
2026-09-23T18:19:37Z,2026-09-23 03:56:05,SPXW,2026-09-29,P,7250.0,7764.6401,0.7,23.0,0.85,42.0,0.85,51.0,250.0,0.2235,-0.01,0.0001,-0.3841,0.3062,-0.0125
2026-09-23T18:19:37Z,2026-09-23 03:56:05,SPXW,2026-09-29,C,7255.0,7764.6401,506.6,2.0,530.6,2.0,0.0,0.0,0.0,0.0,0.9897,0.0001,-0.3891,0.3116,1.1782
2026-09-23T18:19:37Z,2026-09-23 03:56:05,SPXW,2026-09-29,P,7255.0,7764.6401,0.75,20.0,0.85,41.0,0.8,7.0,0.0,0.2225,-0.0102,0.0001,-0.3894,0.312,-0.0128
2026-09-23T18:19:37Z,2026-09-23 03:56:05,SPXW,2026-09-29,C,7260.0,7764.6401,501.8,2.0,525.8,2.0,0.0,0.0,0.0,0.0,0.9895,0.0001,-0.3945,0.3175,1.1787
2026-09-23T18:19:37Z,2026-09-23 03:56:05,SPXW,2026-09-29,P,7260.0,7764.6401,0.75,21.0,0.85,41.0,0.8,8.0,59.0,0.2205,-0.0105,0.0001,-0.3948,0.3179,-0.0131
2026-09-23T18:19:37Z,2026-09-23 03:56:05,SPXW,2026-09-29,C,7265.0,7764.6401,496.7,2.0,520.7,2.0,0.0,0.0,0.0,0.0,0.9893,0.0001,-0.4,0.3235,1.1792
2026-09-23T18:19:37Z,2026-09-23 03:56:05,SPXW,2026-09-29,P,7265.0,7764.6401,0.75,22.0,0.9,42.0,0.8,5.0,1.0,0.2195,-0.0107,0.0001,-0.4003,0.3239,-0.0134
2026-09-23T18:19:37Z,2026-09-23 03:56:05,SPXW,2026-09-29,C,7270.0,7764.6401,491.7,2.0,515.7,2.0,0.0,0.0,0.0,0.0,0.989,0.0001,-0.4056,0.3296,1.1798
2026-09-23T18:19:37Z,2026-09-23 03:56:05,SPXW,2026-09-29,P,7270.0,7764.6401,0.75,23.0,0.9,41.0,0.8,5.0,6.0,0.2176,-0.0109,0.0001,-0.4057,0.3298,-0.0136
2026-09-23T18:19:37Z,2026-09-23 03:56:05,SPXW,2026-09-29,C,7275.0,7764.6401,486.8,2.0,510.8,2.0,0.0,0.0,0.0,0.0,0.9888,0.0001,-0.4112,0.336,1.1803
2026-09-23T18:19:37Z,2026-09-23 03:56:05,SPXW,2026-09-29,P,7275.0,7764.6401,0.8,20.0,0.9,40.0,0.85,30.0,221.0,0.2164,-0.0112,0.0001,-0.4116,0.3364,-0.0139
2026-09-23T18:19:37Z,2026-09-23 03:56:05,SPXW,2026-09-29,C,7280.0,7764.6401,481.8,2.0,505.8,2.0,0.0,0.0,0.0,0.0,0.9886,0.0001,-0.417,0.3425,1.1808
2026-09-23T18:19:37Z,2026-09-23 03:56:05,SPXW,2026-09-29,P,7280.0,7764.6401,0.8,21.0,0.95,41.0,0.85,3.0,16.0,0.2153,-0.0114,0.0001,-0.4174,0.3429,-0.0142
2026-09-23T18:19:37Z,2026-09-23 03:56:05,SPXW,2026-09-29,C,7285.0,7764.6401,476.7,2.0,500.7,2.0,0.0,0.0,0.0,0.0,0.9883,0.0001,-0.4229,0.3492,1.1813
2026-09-23T18:19:37Z,2026-09-23 03:56:05,SPXW,2026-09-29,P,7285.0,7764.6401,0.8,22.0,0.95,40.0,0.85,3.0,9.0,0.2133,-0.0117,0.0001,-0.4233,0.3496,-0.0146
2026-09-23T18:19:37Z,2026-09-23 03:56:05,SPXW,2026-09-29,C,7290.0,7764.6401,471.9,2.0,495.9,2.0,0.0,0.0,0.0,0.0,0.988,0.0001,-0.4289,0.356,1.1818
2026-09-23T18:19:37Z,2026-09-23 03:56:05,SPXW,2026-09-29,P,7290.0,7764.6401,0.85,19.0,0.95,39.0,0.9,7.0,7.0,0.2121,-0.0119,0.0001,-0.4293,0.3565,-0.0149
2026-09-23T18:19:37Z,2026-09-23 03:56:05,SPXW,2026-09-29,C,7295.0,7764.6401,466.8,2.0,490.8,2.0,0.0,0.0,0.0,0.0,0.9878,0.0001,-0.4351,0.3631,1.1823
2026-09-23T18:19:37Z,2026-09-23 03:56:05,SPXW,2026-09-29,P,7295.0,7764.6401,0.85,20.0,0.95,22.0,0.9,4.0,5.0,0.2102,-0.0122,0.0001,-0.4355,0.3636,-0.0152
2026-09-23T18:19:37Z,2026-09-23 03:56:05,SPXW,2026-09-29,C,7300.0,7764.6401,461.9,2.0,485.9,2.0,485.07,1.0,1.0,0.0,0.9875,0.0001,-0.4413,0.3703,1.1827
2026-09-23T18:19:37Z,2026-09-23 03:56:05,SPXW,2026-09-29,P,7300.0,7764.6401,0.85,27.0,0.95,6.0,0.95,192.0,646.0,0.209,-0.0125,0.0001,-0.4417,0.3708,-0.0156
2026-09-23T18:19:37Z,2026-09-23 03:56:05,SPXW,2026-09-29,C,7305.0,7764.6401,456.8,2.0,480.8,2.0,0.0,0.0,0.0,0.0,0.9872,0.0001,-0.4477,0.3777,1.1832
2026-09-23T18:19:37Z,2026-09-23 03:56:05,SPXW,2026-09-29,P,7305.0,7764.6401,0.9,19.0,1.0,38.0,0.95,71.0,24.0,0.2079,-0.0127,0.0001,-0.4477,0.3777,-0.0159
2026-09-23T18:19:37Z,2026-09-23 03:56:05,SPXW,2026-09-29,C,7310.0,7764.6401,451.9,2.0,475.9,2.0,0.0,0.0,0.0,0.0,0.9869,0.0001,-0.4542,0.3854,1.1837
2026-09-23T18:19:37Z,2026-09-23 03:56:05,SPXW,2026-09-29,P,7310.0,7764.6401,0.9,20.0,1.0,22.0,0.95,23.0,181.0,0.2059,-0.013,0.0001,-0.4542,0.3854,-0.0163
2026-09-23T18:19:37Z,2026-09-23 03:56:05,SPXW,2026-09-29,C,7315.0,7764.6401,446.9,2.0,470.9,2.0,0.0,0.0,0.0,0.0,0.9866,0.0002,-0.4608,0.3932,1.1841
2026-09-23T18:19:37Z,2026-09-23 03:56:05,SPXW,2026-09-29,P,7315.0,7764.6401,0.9,21.0,1.05,39.0,0.95,3.0,4.0,0.2046,-0.0133,0.0002,-0.4608,0.3932,-0.0167
2026-09-23T18:19:37Z,2026-09-23 03:56:05,SPXW,2026-09-29,C,7320.0,7764.6401,441.8,2.0,465.8,2.0,0.0,0.0,0.0,0.0,0.9863,0.0002,-0.4675,0.4013,1.1845
2026-09-23T18:19:37Z,2026-09-23 03:56:05,SPXW,2026-09-29,P,7320.0,7764.6401,0.95,19.0,1.05,38.0,1.0,11.0,65.0,0.2033,-0.0136,0.0002,-0.4675,0.4013,-0.017
2026-09-23T18:19:37Z,2026-09-23 03:56:05,SPXW,2026-09-29,C,7325.0,7764.6401,437.0,2.0,461.0,2.0,460.14,1.0,2.0,0.0,0.986,0.0002,-0.4744,0.4095,1.1849
2026-09-23T18:19:37Z,2026-09-23 03:56:05,SPXW,2026-09-29,P,7325.0,7764.6401,0.95,20.0,1.05,22.0,1.0,34.0,179.0,0.2013,-0.014,0.0002,-0.4744,0.4095,-0.0175
2026-09-23T18:19:37Z,2026-09-23 03:56:05,SPXW,2026-09-29,C,7330.0,7764.6401,432.0,2.0,456.0,2.0,0.0,0.0,0.0,0.0,0.9856,0.0002,-0.4815,0.418,1.1853
2026-09-23T18:19:37Z,2026-09-23 03:56:05,SPXW,2026-09-29,P,7330.0,7764.6401,0.95,18.0,1.1,38.0,1.05,1.0,64.0,0.2,-0.0143,0.0002,-0.4815,0.418,-0.0179
2026-09-23T18:19:37Z,2026-09-23 03:56:05,SPXW,2026-09-29,C,7335.0,7764.6401,427.0,2.0,451.0,2.0,0.0,0.0,0.0,0.0,0.9853,0.0002,-0.4887,0.4267,1.1857
2026-09-23T18:19:37Z,2026-09-23 03:56:05,SPXW,2026-09-29,P,7335.0,7764.6401,1.0,19.0,1.1,38.0,1.05,1.0,2.0,0.1987,-0.0147,0.0002,-0.4887,0.4267,-0.0183
2026-09-23T18:19:37Z,2026-09-23 03:56:05,SPXW,2026-09-29,C,7340.0,7764.6401,422.1,2.0,446.1,2.0,317.79,0.0,30.0,0.0,0.985,0.0002,-0.4961,0.4356,1.1861
2026-09-23T18:19:37Z,2026-09-23 03:56:05,SPXW,2026-09-29,P,7340.0,7764.6401,1.0,18.0,1.1,22.0,0.84,9.0,47.0,0.1967,-0.015,0.0002,-0.4961,0.4356,-0.0188
2026-09-23T18:19:37Z,2026-09-23 03:56:05,SPXW,2026-09-29,C,7345.0,7764.6401,417.0,2.0,441.0,2.0,0.0,0.0,0.0,0.0,0.9846,0.0002,-0.5036,0.4447,1.1864
2026-09-23T18:19:37Z,2026-09-23 03:56:05,SPXW,2026-09-29,P,7345.0,7764.6401,1.05,19.0,1.15,38.0,1.05,7.0,13.0,0.1959,-0.0154,0.0002,-0.5036,0.4447,-0.0192
2026-09-23T18:19:37Z,2026-09-23 03:56:05,SPXW,2026-09-29,C,7350.0,7764.6401,412.0,2.0,436.0,2.0,0.0,0.0,0.0,0.0,0.9842,0.0002,-0.5113,0.4541,1.1868
2026-09-23T18:19:37Z,2026-09-23 03:56:05,SPXW,2026-09-29,P,7350.0,7764.6401,1.05,21.0,1.15,22.0,1.1,41.0,209.0,0.1939,-0.0158,0.0002,-0.5113,0.4541,-0.0197
2026-09-23T18:19:37Z,2026-09-23 03:56:05,SPXW,2026-09-29,C,7355.0,7764.6401,407.0,2.0,431.0,2.0,0.0,0.0,0.0,0.0,0.9838,0.0002,-0.5192,0.4637,1.1871
2026-09-23T18:19:37Z,2026-09-23 03:56:05,SPXW,2026-09-29,P,7355.0,7764.6401,1.05,22.0,1.2,37.0,1.1,9.0,40.0,0.1925,-0.0162,0.0002,-0.5192,0.4637,-0.0202
2026-09-23T18:19:37Z,2026-09-23 03:56:05,SPXW,2026-09-29,C,7360.0,7764.6401,401.9,2.0,425.9,2.0,346.75,0.0,1.0,0.0,0.9834,0.0002,-0.5273,0.4736,1.1874
2026-09-23T18:19:37Z,2026-09-23 03:56:05,SPXW,2026-09-29,P,7360.0,7764.6401,1.1,20.0,1.2,22.0,1.17,2.0,85.0,0.1911,-0.0166,0.0002,-0.5273,0.4736,-0.0208
2026-09-23T18:19:37Z,2026-09-23 03:56:05,SPXW,2026-09-29,C,7365.0,7764.6401,397.1,2.0,421.1,2.0,0.0,0.0,0.0,0.0,0.983,0.0002,-0.5356,0.4838,1.1877
2026-09-23T18:19:37Z,2026-09-23 03:56:05,SPXW,2026-09-29,P,7365.0,7764.6401,1.1,22.0,1.25,36.0,1.15,21.0,1.0,0.1896,-0.017,0.0002,-0.5356,0.4838,-0.0213
2026-09-23T18:19:37Z,2026-09-23 03:56:05,SPXW,2026-09-29,C,7370.0,7764.6401,392.1,2.0,416.1,2.0,0.0,0.0,0.0,0.0,0.9825,0.0002,-0.5442,0.4944,1.188
2026-09-23T18:19:37Z,2026-09-23 03:56:05,SPXW,2026-09-29,P,7370.0,7764.6401,1.15,16.0,1.25,21.0,1.15,12.0,267.0,0.1882,-0.0174,0.0002,-0.5442,0.4944,-0.0218
2026-09-23T18:19:37Z,2026-09-23 03:56:05,SPXW,2026-09-29,C,7375.0,7764.6401,387.1,2.0,411.1,2.0,341.22,0.0,0.0,0.0,0.9821,0.0002,-0.5529,0.5052,1.1882
2026-09-23T18:19:37Z,2026-09-23 03:56:05,SPXW,2026-09-29,P,7375.0,7764.6401,1.15,20.0,1.3,36.0,1.2,30.0,157.0,0.1867,-0.0179,0.0002,-0.5529,0.5052,-0.0224
2026-09-23T18:19:37Z,2026-09-23 03:56:05,SPXW,2026-09-29,C,7380.0,7764.6401,382.3,2.0,406.3,2.0,0.0,0.0,0.0,0.0,0.9816,0.0002,-0.5619,0.5165,1.1884
2026-09-23T18:19:37Z,2026-09-23 03:56:05,SPXW,2026-09-29,P,7380.0,7764.6401,1.2,16.0,1.3,21.0,1.2,274.0,157.0,0.1852,-0.0183,0.0002,-0.5619,0.5165,-0.023
2026-09-23T18:19:37Z,2026-09-23 03:56:05,SPXW,2026-09-29,C,7385.0,7764.6401,377.2,2.0,401.2,2.0,343.02,0.0,1.0,0.0,0.9811,0.0002,-0.5711,0.5281,1.1887
2026-09-23T18:19:37Z,2026-09-23 03:56:05,SPXW,2026-09-29,P,7385.0,7764.6401,1.2,20.0,1.35,35.0,1.25,5.0,20.0,0.1836,-0.0188,0.0002,-0.5711,0.5281,-0.0236
2026-09-23T18:19:37Z,2026-09-23 03:56:05,SPXW,2026-09-29,C,7390.0,7764.6401,372.2,2.0,396.2,2.0,0.0,0.0,0.0,0.0,0.9806,0.0002,-0.5805,0.5401,1.1888
2026-09-23T18:19:37Z,2026-09-23 03:56:05,SPXW,2026-09-29,P,7390.0,7764.6401,1.25,20.0,1.35,21.0,1.25,190.0,216.0,0.1821,-0.0193,0.0002,-0.5805,0.5401,-0.0242
2026-09-23T18:19:37Z,2026-09-23 03:56:05,SPXW,2026-09-29,C,7395.0,7764.6401,367.1,2.0,391.1,2.0,0.0,0.0,0.0,0.0,0.9801,0.0002,-0.5903,0.5526,1.189
2026-09-23T18:19:37Z,2026-09-23 03:56:05,SPXW,2026-09-29,P,7395.0,7764.6401,1.3,19.0,1.4,35.0,1.3,2.0,39.0,0.1811,-0.0198,0.0002,-0.5903,0.5526,-0.0249
2026-09-23T18:19:37Z,2026-09-23 03:56:05,SPXW,2026-09-29,C,7400.0,7764.6401,365.2,1.0,386.4,2.0,274.21,0.0,6.0,0.0,0.9796,0.0003,-0.6002,0.5655,1.1892
2026-09-23T18:19:37Z,2026-09-23 03:56:05,SPXW,2026-09-29,P,7400.0,7764.6401,1.3,24.0,1.4,26.0,1.35,354.0,299.0,0.179,-0.0204,0.0003,-0.6002,0.5655,-0.0256
2026-09-23T18:19:37Z,2026-09-23 03:56:05,SPXW,2026-09-29,C,7405.0,7764.6401,360.2,1.0,381.4,2.0,0.0,0.0,0.0,0.0,0.979,0.0003,-0.6105,0.5788,1.1893
2026-09-23T18:19:37Z,2026-09-23 03:56:05,SPXW,2026-09-29,P,7405.0,7764.6401,1.35,15.0,1.45,21.0,1.37,35.0,14.0,0.1778,-0.021,0.0003,-0.6109,0.5792,-0.0263
2026-09-23T18:19:37Z,2026-09-23 03:56:05,SPXW,2026-09-29,C,7410.0,7764.6401,355.2,1.0,376.5,2.0,0.0,0.0,0.0,0.0,0.9784,0.0003,-0.6211,0.5925,1.1893
2026-09-23T18:19:37Z,2026-09-23 03:56:05,SPXW,2026-09-29,P,7410.0,7764.6401,1.4,14.0,1.5,35.0,1.43,21.0,27.0,0.1767,-0.0216,0.0003,-0.6215,0.5929,-0.027
2026-09-23T18:19:37Z,2026-09-23 03:56:05,SPXW,2026-09-29,C,7415.0,7764.6401,350.3,1.0,371.4,2.0,0.0,0.0,0.0,0.0,0.9778,0.0003,-0.6321,0.6067,1.1894
2026-09-23T18:19:37Z,2026-09-23 03:56:05,SPXW,2026-09-29,P,7415.0,7764.6401,1.4,18.0,1.5,20.0,1.4,8.0,58.0,0.1746,-0.0222,0.0003,-0.6324,0.6071,-0.0278
2026-09-23T18:19:37Z,2026-09-23 03:56:05,SPXW,2026-09-29,C,7420.0,7764.6401,345.3,1.0,366.5,1.0,356.1,0.0,5.0,0.0,0.9772,0.0003,-0.6434,0.6213,1.1894
2026-09-23T18:19:37Z,2026-09-23 03:56:05,SPXW,2026-09-29,P,7420.0,7764.6401,1.45,18.0,1.55,20.0,1.45,15.0,58.0,0.1734,-0.0228,0.0003,-0.6437,0.6218,-0.0286
2026-09-23T18:19:37Z,2026-09-23 03:56:05,SPXW,2026-09-29,C,7425.0,7764.6401,340.4,1.0,361.5,2.0,0.0,0.0,0.0,0.0,0.9765,0.0003,-0.655,0.6364,1.1893
2026-09-23T18:19:37Z,2026-09-23 03:56:05,SPXW,2026-09-29,P,7425.0,7764.6401,1.5,18.0,1.6,20.0,1.55,36.0,86.0,0.1722,-0.0235,0.0003,-0.6554,0.6369,-0.0295
2026-09-23T18:19:37Z,2026-09-23 03:56:05,SPXW,2026-09-29,C,7430.0,7764.6401,335.4,1.0,356.6,2.0,299.1,0.0,1.0,0.0,0.9758,0.0003,-0.667,0.652,1.1893
2026-09-23T18:19:37Z,2026-09-23 03:56:05,SPXW,2026-09-29,P,7430.0,7764.6401,1.5,18.0,1.65,33.0,1.55,41.0,254.0,0.1705,-0.0242,0.0003,-0.6674,0.6525,-0.0304
2026-09-23T18:19:37Z,2026-09-23 03:56:05,SPXW,2026-09-29,C,7435.0,7764.6401,330.4,1.0,351.7,2.0,0.0,0.0,0.0,0.0,0.9751,0.0003,-0.6794,0.6681,1.1892
2026-09-23T18:19:37Z,2026-09-23 03:56:05,SPXW,2026-09-29,P,7435.0,7764.6401,1.55,18.0,1.65,20.0,1.6,29.0,252.0,0.1688,-0.0249,0.0003,-0.6794,0.6681,-0.0313
2026-09-23T18:19:37Z,2026-09-23 03:56:05,SPXW,2026-09-29,C,7440.0,7764.6401,325.5,1.0,346.6,2.0,338.23,3.0,30.0,0.0,0.9743,0.0003,-0.6923,0.6848,1.189
2026-09-23T18:19:37Z,2026-09-23 03:56:05,SPXW,2026-09-29,P,7440.0,7764.6401,1.6,14.0,1.7,20.0,1.55,73.0,255.0,0.1675,-0.0256,0.0003,-0.6923,0.6848,-0.0323
2026-09-23T18:19:37Z,2026-09-23 03:56:05,SPXW,2026-09-29,C,7445.0,7764.6401,320.5,1.0,341.8,2.0,331.45,0.0,1.0,0.1331,0.9735,0.0004,-0.7056,0.7022,1.1888
2026-09-23T18:19:37Z,2026-09-23 03:56:05,SPXW,2026-09-29,P,7445.0,7764.6401,1.65,17.0,1.75,19.0,1.65,26.0,220.0,0.1662,-0.0264,0.0004,-0.7056,0.7022,-0.0333
2026-09-23T18:19:37Z,2026-09-23 03:56:05,SPXW,2026-09-29,C,7450.0,7764.6401,315.6,1.0,336.8,2.0,325.17,1.0,9.0,0.1333,0.9727,0.0004,-0.7194,0.7202,1.1886
2026-09-23T18:19:37Z,2026-09-23 03:56:05,SPXW,2026-09-29,P,7450.0,7764.6401,1.7,17.0,1.8,23.0,1.75,3130.0,728.0,0.1648,-0.0273,0.0004,-0.7194,0.7202,-0.0343
2026-09-23T18:19:37Z,2026-09-23 03:56:05,SPXW,2026-09-29,C,7455.0,7764.6401,310.7,1.0,331.8,2.0,179.09,0.0,1.0,0.1333,0.9718,0.0004,-0.7337,0.7389,1.1884
2026-09-23T18:19:37Z,2026-09-23 03:56:05,SPXW,2026-09-29,P,7455.0,7764.6401,1.75,17.0,1.85,23.0,1.75,6.0,646.0,0.1634,-0.0281,0.0004,-0.7337,0.7389,-0.0354
2026-09-23T18:19:37Z,2026-09-23 03:56:05,SPXW,2026-09-29,C,7460.0,7764.6401,305.9,1.0,326.8,2.0,0.0,0.0,0.0,0.1348,0.9709,0.0004,-0.7484,0.7584,1.188
2026-09-23T18:19:37Z,2026-09-23 03:56:05,SPXW,2026-09-29,P,7460.0,7764.6401,1.8,16.0,1.9,23.0,1.8,36.0,727.0,0.162,-0.029,0.0004,-0.7484,0.7584,-0.0365
2026-09-23T18:19:37Z,2026-09-23 03:56:05,SPXW,2026-09-29,C,7465.0,7764.6401,300.8,1.0,322.0,2.0,0.0,0.0,0.0,0.1344,0.97,0.0004,-0.7638,0.7788,1.1877
2026-09-23T18:19:37Z,2026-09-23 03:56:05,SPXW,2026-09-29,P,7465.0,7764.6401,1.85,16.0,1.95,22.0,1.6,12.0,701.0,0.1605,-0.03,0.0004,-0.7638,0.7788,-0.0377
2026-09-23T18:19:37Z,2026-09-23 03:56:05,SPXW,2026-09-29,C,7470.0,7764.6401,295.8,1.0,317.0,2.0,0.0,0.0,0.0,0.1323,0.969,0.0004,-0.7796,0.8,1.1872
2026-09-23T18:19:37Z,2026-09-23 03:56:05,SPXW,2026-09-29,P,7470.0,7764.6401,1.9,16.0,2.0,4.0,1.85,71.0,535.0,0.1593,-0.031,0.0004,-0.7796,0.8,-0.039
2026-09-23T18:19:37Z,2026-09-23 03:56:05,SPXW,2026-09-29,C,7475.0,7764.6401,290.9,1.0,312.1,2.0,312.75,1.0,84.0,0.1332,0.9679,0.0004,-0.7961,0.822,1.1867
2026-09-23T18:19:37Z,2026-09-23 03:56:05,SPXW,2026-09-29,P,7475.0,7764.6401,1.95,20.0,2.05,4.0,1.9,431.0,861.0,0.1578,-0.032,0.0004,-0.7961,0.822,-0.0403
2026-09-23T18:19:37Z,2026-09-23 03:56:05,SPXW,2026-09-29,C,7480.0,7764.6401,285.9,1.0,307.2,2.0,291.93,1.0,4.0,0.1324,0.9668,0.0004,-0.8132,0.8448,1.1862
2026-09-23T18:19:37Z,2026-09-23 03:56:05,SPXW,2026-09-29,P,7480.0,7764.6401,2.0,20.0,2.1,4.0,1.8,103.0,468.0,0.1562,-0.0331,0.0004,-0.8132,0.8448,-0.0417
2026-09-23T18:19:37Z,2026-09-23 03:56:05,SPXW,2026-09-29,C,7485.0,7764.6401,280.9,1.0,302.1,2.0,109.8,0.0,4.0,0.1291,0.9657,0.0005,-0.8309,0.8685,1.1855
2026-09-23T18:19:37Z,2026-09-23 03:56:05,SPXW,2026-09-29,P,7485.0,7764.6401,2.1,15.0,2.2,21.0,2.1,382.0,777.0,0.155,-0.0343,0.0005,-0.8309,0.8685,-0.0432
2026-09-23T18:19:37Z,2026-09-23 03:56:05,SPXW,2026-09-29,C,7490.0,7764.6401,276.0,1.0,297.2,2.0,293.9,2.0,2.0,0.1295,0.9644,0.0005,-0.8494,0.893,1.1848
2026-09-23T18:19:37Z,2026-09-23 03:56:05,SPXW,2026-09-29,P,7490.0,7764.6401,2.15,15.0,2.25,4.0,2.2,118.0,447.0,0.1537,-0.0355,0.0005,-0.8494,0.893,-0.0447
2026-09-23T18:19:37Z,2026-09-23 03:56:05,SPXW,2026-09-29,C,7495.0,7764.6401,271.1,1.0,292.5,2.0,0.0,0.0,0.0,0.1319,0.9632,0.0005,-0.8685,0.9185,1.184
2026-09-23T18:19:37Z,2026-09-23 03:56:05,SPXW,2026-09-29,P,7495.0,7764.6401,2.2,19.0,2.35,21.0,2.15,337.0,670.0,0.152,-0.0368,0.0005,-0.8685,0.9185,-0.0464
2026-09-23T18:19:37Z,2026-09-23 03:56:05,SPXW,2026-09-29,C,7500.0,7764.6401,266.2,1.0,287.5,2.0,278.92,2.0,43.0,0.1308,0.9618,0.0005,-0.8884,0.9449,1.183
2026-09-23T18:19:37Z,2026-09-23 03:56:05,SPXW,2026-09-29,P,7500.0,7764.6401,2.3,14.0,2.4,4.0,2.36,398.0,789.0,0.151,-0.0381,0.0005,-0.8884,0.9449,-0.0481
2026-09-23T18:19:37Z,2026-09-23 03:56:05,SPXW,2026-09-29,C,7505.0,7764.6401,261.2,1.0,282.6,2.0,137.77,0.0,1.0,0.1296,0.9604,0.0005,-0.9092,0.9724,1.1821
2026-09-23T18:19:37Z,2026-09-23 03:56:05,SPXW,2026-09-29,P,7505.0,7764.6401,2.35,14.0,2.55,27.0,2.24,189.0,566.0,0.1495,-0.0395,0.0005,-0.9092,0.9724,-0.0499
2026-09-23T18:19:37Z,2026-09-23 03:56:05,SPXW,2026-09-29,C,7510.0,7764.6401,256.3,1.0,277.7,2.0,270.99,3.0,2.0,0.1293,0.9589,0.0006,-0.9307,1.0011,1.181
2026-09-23T18:19:37Z,2026-09-23 03:56:05,SPXW,2026-09-29,P,7510.0,7764.6401,2.45,14.0,2.6,27.0,2.35,41.0,198.0,0.148,-0.041,0.0006,-0.9307,1.0011,-0.0518
2026-09-23T18:19:37Z,2026-09-23 03:56:05,SPXW,2026-09-29,C,7515.0,7764.6401,251.4,1.0,272.8,2.0,159.1,0.0,6.0,0.1288,0.9574,0.0006,-0.953,1.0311,1.1799
2026-09-23T18:19:37Z,2026-09-23 03:56:05,SPXW,2026-09-29,P,7515.0,7764.6401,2.55,14.0,2.7,26.0,2.6,49.0,21.0,0.1468,-0.0426,0.0006,-0.953,1.0311,-0.0537
2026-09-23T18:19:37Z,2026-09-23 03:56:05,SPXW,2026-09-29,C,7520.0,7764.6401,246.5,1.0,267.9,2.0,263.91,0.0,18.0,0.1283,0.9557,0.0006,-0.9763,1.0624,1.1786
2026-09-23T18:19:37Z,2026-09-23 03:56:05,SPXW,2026-09-29,P,7520.0,7764.6401,2.65,10.0,2.8,25.0,2.65,65.0,1019.0,0.1455,-0.0442,0.0006,-0.9763,1.0624,-0.0558
2026-09-23T18:19:37Z,2026-09-23 03:56:05,SPXW,2026-09-29,C,7525.0,7764.6401,241.6,1.0,263.0,2.0,209.57,0.0,20.0,0.1276,0.954,0.0006,-1.0004,1.0951,1.1773
2026-09-23T18:19:37Z,2026-09-23 03:56:05,SPXW,2026-09-29,P,7525.0,7764.6401,2.7,16.0,2.85,3.0,2.75,61.0,438.0,0.1437,-0.046,0.0006,-1.0004,1.0951,-0.058
2026-09-23T18:19:37Z,2026-09-23 03:56:05,SPXW,2026-09-29,C,7530.0,7764.6401,236.7,1.0,258.1,2.0,142.6,0.0,6.0,0.1268,0.9522,0.0007,-1.0255,1.1292,1.1758
2026-09-23T18:19:37Z,2026-09-23 03:56:05,SPXW,2026-09-29,P,7530.0,7764.6401,2.85,10.0,3.0,24.0,2.85,94.0,579.0,0.1428,-0.0478,0.0007,-1.0255,1.1292,-0.0603
2026-09-23T18:19:37Z,2026-09-23 03:56:05,SPXW,2026-09-29,C,7535.0,7764.6401,231.8,1.0,253.1,2.0,84.2,0.0,3.0,0.1253,0.9502,0.0007,-1.0516,1.1646,1.1741
2026-09-23T18:19:37Z,2026-09-23 03:56:05,SPXW,2026-09-29,P,7535.0,7764.6401,2.95,9.0,3.1,21.0,3.03,312.0,206.0,0.1414,-0.0497,0.0007,-1.0516,1.1646,-0.0628
2026-09-23T18:19:37Z,2026-09-23 03:56:05,SPXW,2026-09-29,C,7540.0,7764.6401,226.9,1.0,248.3,2.0,239.96,2.0,6.0,0.125,0.9482,0.0007,-1.0786,1.2012,1.1723
2026-09-23T18:19:37Z,2026-09-23 03:56:05,SPXW,2026-09-29,P,7540.0,7764.6401,3.0,8.0,3.2,7.0,3.1,176.0,126.0,0.1397,-0.0518,0.0007,-1.0786,1.2012,-0.0654
2026-09-23T18:19:37Z,2026-09-23 03:56:05,SPXW,2026-09-29,C,7545.0,7764.6401,222.1,1.0,243.5,2.0,78.95,0.0,7.0,0.1252,0.946,0.0008,-1.1067,1.2392,1.1703
2026-09-23T18:19:37Z,2026-09-23 03:56:05,SPXW,2026-09-29,P,7545.0,7764.6401,3.1,8.0,3.4,20.0,3.2,71.0,69.0,0.1386,-0.0539,0.0008,-1.1067,1.2392,-0.0682
2026-09-23T18:19:37Z,2026-09-23 03:56:05,SPXW,2026-09-29,C,7550.0,7764.6401,217.2,1.0,238.6,2.0,228.26,1.0,37.0,0.124,0.9438,0.0008,-1.1359,1.2786,1.1682
2026-09-23T18:19:37Z,2026-09-23 03:56:05,SPXW,2026-09-29,P,7550.0,7764.6401,3.3,10.0,3.5,23.0,3.3,236.0,538.0,0.1375,-0.0562,0.0008,-1.1359,1.2786,-0.0711
2026-09-23T18:19:37Z,2026-09-23 03:56:05,SPXW,2026-09-29,C,7555.0,7764.6401,212.3,1.0,233.7,2.0,213.35,2.0,11.0,0.1228,0.9414,0.0008,-1.1662,1.3195,1.166
2026-09-23T18:19:37Z,2026-09-23 03:56:05,SPXW,2026-09-29,P,7555.0,7764.6401,3.4,9.0,3.6,20.0,3.5,15.0,49.0,0.1359,-0.0586,0.0008,-1.1662,1.3195,-0.0742
2026-09-23T18:19:37Z,2026-09-23 03:56:05,SPXW,2026-09-29,C,7560.0,7764.6401,207.5,1.0,228.9,2.0,207.05,0.0,85.0,0.1226,0.9388,0.0008,-1.1976,1.3623,1.1636
2026-09-23T18:19:37Z,2026-09-23 03:56:05,SPXW,2026-09-29,P,7560.0,7764.6401,3.6,7.0,3.8,19.0,3.6,126.0,177.0,0.135,-0.0611,0.0008,-1.1976,1.3623,-0.0774
2026-09-23T18:19:37Z,2026-09-23 03:56:05,SPXW,2026-09-29,C,7565.0,7764.6401,202.6,1.0,225.7,1.0,202.35,0.0,12.0,0.1289,0.9362,0.0009,-1.2302,1.4069,1.1611
2026-09-23T18:19:37Z,2026-09-23 03:56:05,SPXW,2026-09-29,P,7565.0,7764.6401,3.7,9.0,3.9,19.0,3.9,43.0,93.0,0.1333,-0.0638,0.0009,-1.2302,1.4069,-0.0807
2026-09-23T18:19:37Z,2026-09-23 03:56:05,SPXW,2026-09-29,C,7570.0,7764.6401,199.8,1.0,217.6,2.0,199.22,1.0,6.0,0.1226,0.9333,0.0009,-1.2639,1.4535,1.1583
2026-09-23T18:19:37Z,2026-09-23 03:56:05,SPXW,2026-09-29,P,7570.0,7764.6401,3.9,8.0,4.1,18.0,4.01,191.0,286.0,0.1323,-0.0666,0.0009,-1.2639,1.4535,-0.0843
2026-09-23T18:19:37Z,2026-09-23 03:56:05,SPXW,2026-09-29,C,7575.0,7764.6401,194.9,1.0,212.8,2.0,204.23,6.0,32.0,0.1214,0.9303,0.001,-1.2988,1.502,1.1553
2026-09-23T18:19:37Z,2026-09-23 03:56:05,SPXW,2026-09-29,P,7575.0,7764.6401,4.0,9.0,4.3,18.0,4.1,541.0,272.0,0.1309,-0.0696,0.001,-1.2988,1.502,-0.0881
2026-09-23T18:19:37Z,2026-09-23 03:56:05,SPXW,2026-09-29,C,7580.0,7764.6401,190.1,1.0,208.0,2.0,206.73,0.0,61.0,0.1207,0.9272,0.001,-1.3348,1.5521,1.1521
2026-09-23T18:19:37Z,2026-09-23 03:56:05,SPXW,2026-09-29,P,7580.0,7764.6401,4.2,7.0,4.5,17.0,4.3,425.0,316.0,0.1297,-0.0728,0.001,-1.3348,1.5521,-0.0922
2026-09-23T18:19:37Z,2026-09-23 03:56:05,SPXW,2026-09-29,C,7585.0,7764.6401,185.3,1.0,203.0,2.0,103.8,0.0,60.0,0.119,0.9238,0.001,-1.3721,1.6037,1.1486
2026-09-23T18:19:37Z,2026-09-23 03:56:05,SPXW,2026-09-29,P,7585.0,7764.6401,4.4,7.0,4.7,17.0,4.6,207.0,87.0,0.1285,-0.0761,0.001,-1.3721,1.6037,-0.0965
2026-09-23T18:19:37Z,2026-09-23 03:56:05,SPXW,2026-09-29,C,7590.0,7764.6401,180.5,1.0,198.2,2.0,199.1,13.0,31.0,0.118,0.9203,0.0011,-1.4107,1.657,1.1448
2026-09-23T18:19:37Z,2026-09-23 03:56:05,SPXW,2026-09-29,P,7590.0,7764.6401,4.6,8.0,4.9,17.0,4.78,540.0,280.0,0.1272,-0.0797,0.0011,-1.4107,1.657,-0.1011
2026-09-23T18:19:37Z,2026-09-23 03:56:05,SPXW,2026-09-29,C,7595.0,7764.6401,175.7,1.0,193.4,2.0,183.43,3.0,40.0,0.117,0.9166,0.0012,-1.4504,1.7123,1.1409
2026-09-23T18:19:37Z,2026-09-23 03:56:05,SPXW,2026-09-29,P,7595.0,7764.6401,4.8,7.0,5.0,12.0,5.0,507.0,45.0,0.1255,-0.0834,0.0012,-1.4504,1.7123,-0.1058
2026-09-23T18:19:37Z,2026-09-23 03:56:05,SPXW,2026-09-29,C,7600.0,7764.6401,180.4,3.0,181.9,3.0,189.8,17.0,216.0,0.1249,0.9126,0.0012,-1.4915,1.7697,1.1367
2026-09-23T18:19:37Z,2026-09-23 03:56:05,SPXW,2026-09-29,P,7600.0,7764.6401,5.1,9.0,5.3,20.0,5.2,910.0,1091.0,0.1247,-0.0874,0.0012,-1.4915,1.7697,-0.1108
2026-09-23T18:19:37Z,2026-09-23 03:56:05,SPXW,2026-09-29,C,7605.0,7764.6401,166.3,1.0,184.1,2.0,173.98,3.0,62.0,0.1163,0.9084,0.0013,-1.5337,1.8296,1.1322
2026-09-23T18:19:37Z,2026-09-23 03:56:05,SPXW,2026-09-29,P,7605.0,7764.6401,5.3,6.0,5.5,11.0,4.8,166.0,87.0,0.1232,-0.0915,0.0013,-1.5337,1.8296,-0.1161
2026-09-23T18:19:37Z,2026-09-23 03:56:05,SPXW,2026-09-29,C,7610.0,7764.6401,161.5,1.0,179.3,2.0,180.0,14.0,90.0,0.1149,0.904,0.0013,-1.5772,1.8918,1.1274
2026-09-23T18:19:37Z,2026-09-23 03:56:05,SPXW,2026-09-29,P,7610.0,7764.6401,5.6,6.0,5.8,16.0,5.7,182.0,149.0,0.1222,-0.0959,0.0013,-1.5772,1.8918,-0.1218
2026-09-23T18:19:37Z,2026-09-23 03:56:05,SPXW,2026-09-29,C,7615.0,7764.6401,156.8,1.0,174.7,2.0,125.68,0.0,42.0,0.1144,0.8993,0.0014,-1.6219,1.956,1.1222
2026-09-23T18:19:37Z,2026-09-23 03:56:05,SPXW,2026-09-29,P,7615.0,7764.6401,5.9,5.0,6.1,15.0,6.2,311.0,72.0,0.1211,-0.1006,0.0014,-1.6219,1.956,-0.1278
2026-09-23T18:19:37Z,2026-09-23 03:56:05,SPXW,2026-09-29,C,7620.0,7764.6401,152.1,1.0,170.0,2.0,107.28,0.0,28.0,0.1134,0.8944,0.0014,-1.6678,2.0217,1.1166
2026-09-23T18:19:37Z,2026-09-23 03:56:05,SPXW,2026-09-29,P,7620.0,7764.6401,6.2,5.0,6.4,15.0,6.5,223.0,87.0,0.1199,-0.1056,0.0014,-1.6678,2.0217,-0.1342
2026-09-23T18:19:37Z,2026-09-23 03:56:05,SPXW,2026-09-29,C,7625.0,7764.6401,147.4,1.0,165.2,1.0,162.36,0.0,63.0,0.112,0.8892,0.0015,-1.715,2.0891,1.1107
2026-09-23T18:19:37Z,2026-09-23 03:56:05,SPXW,2026-09-29,P,7625.0,7764.6401,6.5,7.0,6.7,9.0,6.8,617.0,176.0,0.1186,-0.1108,0.0015,-1.715,2.0891,-0.141
2026-09-23T18:19:37Z,2026-09-23 03:56:05,SPXW,2026-09-29,C,7630.0,7764.6401,152.2,3.0,153.7,3.0,144.6,3.0,66.0,0.1175,0.8836,0.0016,-1.7633,2.1586,1.1044
2026-09-23T18:19:37Z,2026-09-23 03:56:05,SPXW,2026-09-29,P,7630.0,7764.6401,6.8,5.0,7.0,9.0,7.2,190.0,85.0,0.1172,-0.1163,0.0016,-1.7633,2.1586,-0.1481
2026-09-23T18:19:37Z,2026-09-23 03:56:05,SPXW,2026-09-29,C,7635.0,7764.6401,138.2,1.0,156.1,2.0,91.4,0.0,31.0,0.1109,0.8778,0.0016,-1.8128,2.2306,1.0978
2026-09-23T18:19:37Z,2026-09-23 03:56:05,SPXW,2026-09-29,P,7635.0,7764.6401,7.2,5.0,7.4,8.0,7.54,185.0,160.0,0.1163,-0.1222,0.0016,-1.8128,2.2306,-0.1555
2026-09-23T18:19:37Z,2026-09-23 03:56:05,SPXW,2026-09-29,C,7640.0,7764.6401,133.5,1.0,151.5,2.0,138.99,1.0,121.0,0.1098,0.8715,0.0017,-1.8634,2.3053,1.0907
2026-09-23T18:19:37Z,2026-09-23 03:56:05,SPXW,2026-09-29,P,7640.0,7764.6401,7.6,5.0,7.8,13.0,7.94,98.0,128.0,0.1152,-0.1284,0.0017,-1.8634,2.3053,-0.1634
2026-09-23T18:19:37Z,2026-09-23 03:56:05,SPXW,2026-09-29,C,7645.0,7764.6401,129.0,1.0,146.6,2.0,145.74,0.0,26.0,0.1083,0.865,0.0018,-1.915,2.3821,1.0831
2026-09-23T18:19:37Z,2026-09-23 03:56:05,SPXW,2026-09-29,P,7645.0,7764.6401,8.0,6.0,8.2,7.0,7.12,100.0,85.0,0.114,-0.135,0.0018,-1.915,2.3821,-0.1718
2026-09-23T18:19:37Z,2026-09-23 03:56:05,SPXW,2026-09-29,C,7650.0,7764.6401,124.4,1.0,142.3,1.0,131.2,5.0,1107.0,0.1078,0.858,0.0019,-1.9676,2.4603,1.0748
2026-09-23T18:19:37Z,2026-09-23 03:56:05,SPXW,2026-09-29,P,7650.0,7764.6401,8.4,8.0,8.6,7.0,8.8,453.0,5082.0,0.1127,-0.1419,0.0019,-1.9676,2.4603,-0.1809
2026-09-23T18:19:37Z,2026-09-23 03:56:05,SPXW,2026-09-29,C,7655.0,7764.6401,119.9,1.0,137.6,1.0,74.8,0.0,27.0,0.1066,0.8506,0.002,-2.0212,2.5398,1.0661
2026-09-23T18:19:37Z,2026-09-23 03:56:05,SPXW,2026-09-29,P,7655.0,7764.6401,8.8,17.0,9.1,6.0,8.6,221.0,27.0,0.1115,-0.1493,0.002,-2.0212,2.5398,-0.1905
2026-09-23T18:19:37Z,2026-09-23 03:56:05,SPXW,2026-09-29,C,7660.0,7764.6401,115.3,1.0,133.2,2.0,131.0,12.0,69.0,0.1056,0.8428,0.0021,-2.0757,2.6209,1.057
2026-09-23T18:19:37Z,2026-09-23 03:56:05,SPXW,2026-09-29,P,7660.0,7764.6401,9.3,17.0,9.6,6.0,9.9,326.0,2539.0,0.1104,-0.1571,0.0021,-2.0757,2.6209,-0.2004
2026-09-23T18:19:37Z,2026-09-23 03:56:05,SPXW,2026-09-29,C,7665.0,7764.6401,110.8,1.0,128.8,2.0,128.49,0.0,76.0,0.1047,0.8346,0.0022,-2.1309,2.7044,1.0473
2026-09-23T18:19:37Z,2026-09-23 03:56:05,SPXW,2026-09-29,P,7665.0,7764.6401,9.8,14.0,10.1,6.0,10.49,75.0,74.0,0.1091,-0.1654,0.0022,-2.1309,2.7044,-0.2109
2026-09-23T18:19:37Z,2026-09-23 03:56:05,SPXW,2026-09-29,C,7670.0,7764.6401,106.4,1.0,124.5,2.0,114.58,3.0,60.0,0.1041,0.8259,0.0022,-2.1868,2.7901,1.037
2026-09-23T18:19:37Z,2026-09-23 03:56:05,SPXW,2026-09-29,P,7670.0,7764.6401,10.4,14.0,10.7,6.0,11.1,84.0,80.0,0.1081,-0.1741,0.0022,-2.1868,2.7901,-0.2221
2026-09-23T18:19:37Z,2026-09-23 03:56:05,SPXW,2026-09-29,C,7675.0,7764.6401,111.5,3.0,113.0,3.0,109.3,5.0,4093.0,0.1073,0.8166,0.0023,-2.2432,2.877,1.0257
2026-09-23T18:19:37Z,2026-09-23 03:56:05,SPXW,2026-09-29,P,7675.0,7764.6401,11.1,2.0,11.3,8.0,9.7,144.0,4117.0,0.1072,-0.1833,0.0023,-2.2432,2.877,-0.2341
2026-09-23T18:19:37Z,2026-09-23 03:56:05,SPXW,2026-09-29,C,7680.0,7764.6401,97.7,1.0,115.8,2.0,104.85,4.0,31.0,0.1023,0.8069,0.0024,-2.2998,2.9641,1.0138
2026-09-23T18:19:37Z,2026-09-23 03:56:05,SPXW,2026-09-29,P,7680.0,7764.6401,11.6,15.0,12.0,7.0,12.5,79.0,199.0,0.1061,-0.1931,0.0024,-2.2998,2.9641,-0.2468
2026-09-23T18:19:37Z,2026-09-23 03:56:05,SPXW,2026-09-29,C,7685.0,7764.6401,93.4,1.0,111.4,2.0,93.55,0.0,25.0,0.1012,0.7965,0.0026,-2.3566,3.0514,1.0014
2026-09-23T18:19:37Z,2026-09-23 03:56:05,SPXW,2026-09-29,P,7685.0,7764.6401,12.3,14.0,12.7,7.0,13.07,57.0,68.0,0.1051,-0.2034,0.0026,-2.3566,3.0514,-0.2601
2026-09-23T18:19:37Z,2026-09-23 03:56:05,SPXW,2026-09-29,C,7690.0,7764.6401,89.1,1.0,107.2,2.0,101.53,65.0,38.0,0.1003,0.7856,0.0026,-2.4134,3.1398,0.9884
2026-09-23T18:19:37Z,2026-09-23 03:56:05,SPXW,2026-09-29,P,7690.0,7764.6401,13.1,14.0,13.5,7.0,13.8,86.0,52.0,0.1041,-0.2143,0.0026,-2.4134,3.1398,-0.2739
2026-09-23T18:19:37Z,2026-09-23 03:56:05,SPXW,2026-09-29,C,7695.0,7764.6401,84.9,1.0,103.0,2.0,93.17,20.0,56.0,0.0994,0.7742,0.0028,-2.4697,3.2295,0.9744
2026-09-23T18:19:37Z,2026-09-23 03:56:05,SPXW,2026-09-29,P,7695.0,7764.6401,13.9,14.0,14.3,7.0,13.02,87.0,94.0,0.1031,-0.2258,0.0028,-2.4697,3.2295,-0.2887
2026-09-23T18:19:37Z,2026-09-23 03:56:05,SPXW,2026-09-29,C,7700.0,7764.6401,90.3,3.0,91.8,3.0,96.35,27.0,4172.0,0.1024,0.762,0.0029,-2.5254,3.3187,0.9594
2026-09-23T18:19:37Z,2026-09-23 03:56:05,SPXW,2026-09-29,P,7700.0,7764.6401,14.8,15.0,15.1,9.0,15.93,1489.0,689.0,0.1022,-0.2379,0.0029,-2.5254,3.3187,-0.3046
2026-09-23T18:19:37Z,2026-09-23 03:56:05,SPXW,2026-09-29,C,7705.0,7764.6401,76.7,1.0,95.0,2.0,81.73,2.0,42.0,0.098,0.7493,0.003,-2.5801,3.4059,0.9436
2026-09-23T18:19:37Z,2026-09-23 03:56:05,SPXW,2026-09-29,P,7705.0,7764.6401,15.7,13.0,16.1,7.0,14.65,36.0,31.0,0.1012,-0.2507,0.003,-2.5801,3.4059,-0.3211
2026-09-23T18:19:37Z,2026-09-23 03:56:05,SPXW,2026-09-29,C,7710.0,7764.6401,72.7,1.0,91.1,2.0,89.67,16.0,79.0,0.0974,0.7359,0.0031,-2.6334,3.4915,0.9274
2026-09-23T18:19:37Z,2026-09-23 03:56:05,SPXW,2026-09-29,P,7710.0,7764.6401,16.7,13.0,17.1,7.0,17.84,93.0,112.0,0.1003,-0.2641,0.0031,-2.6334,3.4915,-0.3382
2026-09-23T18:19:37Z,2026-09-23 03:56:05,SPXW,2026-09-29,C,7715.0,7764.6401,68.8,1.0,87.1,2.0,73.82,40.0,139.0,0.0965,0.7218,0.0032,-2.685,3.5763,0.9102
2026-09-23T18:19:37Z,2026-09-23 03:56:05,SPXW,2026-09-29,P,7715.0,7764.6401,17.7,13.0,18.1,7.0,17.37,70.0,15.0,0.0994,-0.2781,0.0032,-2.685,3.5763,-0.3562
2026-09-23T18:19:37Z,2026-09-23 03:56:05,SPXW,2026-09-29,C,7720.0,7764.6401,64.9,1.0,84.4,2.0,80.25,32.0,1331.0,0.0973,0.7071,0.0033,-2.7342,3.6593,0.8918
2026-09-23T18:19:37Z,2026-09-23 03:56:05,SPXW,2026-09-29,P,7720.0,7764.6401,18.9,14.0,19.3,7.0,20.6,274.0,51.0,0.0986,-0.2928,0.0033,-2.7342,3.6593,-0.3754
2026-09-23T18:19:37Z,2026-09-23 03:56:05,SPXW,2026-09-29,C,7725.0,7764.6401,71.1,3.0,71.6,3.0,69.31,120.0,112.0,0.0978,0.6918,0.0034,-2.7808,3.7382,0.8725
2026-09-23T18:19:37Z,2026-09-23 03:56:05,SPXW,2026-09-29,P,7725.0,7764.6401,20.1,14.0,20.5,8.0,22.0,72.0,130.0,0.0978,-0.3082,0.0034,-2.7808,3.7382,-0.3955
2026-09-23T18:19:37Z,2026-09-23 03:56:05,SPXW,2026-09-29,C,7730.0,7764.6401,67.4,3.0,67.9,3.0,68.02,12.0,97.0,0.097,0.6757,0.0035,-2.8242,3.8123,0.8528
2026-09-23T18:19:37Z,2026-09-23 03:56:05,SPXW,2026-09-29,P,7730.0,7764.6401,21.4,14.0,21.8,7.0,23.28,75.0,55.0,0.0969,-0.3242,0.0035,-2.8242,3.8123,-0.4161
2026-09-23T18:19:37Z,2026-09-23 03:56:05,SPXW,2026-09-29,C,7735.0,7764.6401,63.8,5.0,64.3,5.0,62.49,47.0,84.0,0.0962,0.6591,0.0036,-2.8639,3.8826,0.8322
2026-09-23T18:19:37Z,2026-09-23 03:56:05,SPXW,2026-09-29,P,7735.0,7764.6401,22.8,15.0,23.2,8.0,24.72,77.0,19.0,0.0962,-0.3409,0.0036,-2.8639,3.8826,-0.4375
2026-09-23T18:19:37Z,2026-09-23 03:56:05,SPXW,2026-09-29,C,7740.0,7764.6401,60.3,5.0,60.8,5.0,66.58,52.0,152.0,0.0955,0.6418,0.0037,-2.8993,3.9485,0.8104
2026-09-23T18:19:37Z,2026-09-23 03:56:05,SPXW,2026-09-29,P,7740.0,7764.6401,24.3,6.0,24.7,7.0,26.2,116.0,387.0,0.0955,-0.3582,0.0037,-2.8993,3.9485,-0.4601
2026-09-23T18:19:37Z,2026-09-23 03:56:05,SPXW,2026-09-29,C,7745.0,7764.6401,56.9,6.0,57.4,6.0,59.2,24.0,71.0,0.0949,0.6239,0.0038,-2.93,4.0075,0.7879
2026-09-23T18:19:37Z,2026-09-23 03:56:05,SPXW,2026-09-29,P,7745.0,7764.6401,25.9,6.0,26.3,7.0,24.2,29.0,39.0,0.0948,-0.376,0.0038,-2.93,4.0075,-0.4835
2026-09-23T18:19:37Z,2026-09-23 03:56:05,SPXW,2026-09-29,C,7750.0,7764.6401,53.6,6.0,54.1,6.0,52.7,199.0,169.0,0.0943,0.6055,0.0039,-2.9553,4.059,0.765
2026-09-23T18:19:37Z,2026-09-23 03:56:05,SPXW,2026-09-29,P,7750.0,7764.6401,27.6,5.0,28.0,9.0,29.47,164.0,133.0,0.0942,-0.3945,0.0039,-2.9553,4.059,-0.5071
2026-09-23T18:19:37Z,2026-09-23 03:56:05,SPXW,2026-09-29,C,7755.0,7764.6401,50.4,7.0,50.9,7.0,49.0,117.0,46.0,0.0937,0.5866,0.0039,-2.975,4.1035,0.7414
2026-09-23T18:19:37Z,2026-09-23 03:56:05,SPXW,2026-09-29,P,7755.0,7764.6401,29.4,5.0,29.8,9.0,32.1,54.0,6.0,0.0936,-0.4134,0.0039,-2.975,4.1035,-0.5316
2026-09-23T18:19:37Z,2026-09-23 03:56:05,SPXW,2026-09-29,C,7760.0,7764.6401,47.3,7.0,47.8,7.0,47.0,414.0,110.0,0.0931,0.5672,0.004,-2.9884,4.1403,0.7167
2026-09-23T18:19:37Z,2026-09-23 03:56:05,SPXW,2026-09-29,P,7760.0,7764.6401,31.3,5.0,31.7,8.0,33.42,73.0,53.0,0.093,-0.4328,0.004,-2.9884,4.1403,-0.5571
2026-09-23T18:19:37Z,2026-09-23 03:56:05,SPXW,2026-09-29,C,7765.0,7764.6401,44.3,8.0,44.8,8.0,43.02,186.0,78.0,0.0925,0.5474,0.004,-2.9952,4.1678,0.6918
2026-09-23T18:19:37Z,2026-09-23 03:56:05,SPXW,2026-09-29,P,7765.0,7764.6401,33.3,6.0,33.7,9.0,35.7,345.0,15.0,0.0925,-0.4526,0.004,-2.9952,4.1678,-0.5828
2026-09-23T18:19:37Z,2026-09-23 03:56:05,SPXW,2026-09-29,C,7770.0,7764.6401,41.4,8.0,41.9,8.0,40.23,245.0,105.0,0.0919,0.5272,0.0041,-2.9951,4.1859,0.6667
2026-09-23T18:19:37Z,2026-09-23 03:56:05,SPXW,2026-09-29,P,7770.0,7764.6401,35.4,6.0,35.8,8.0,37.15,94.0,47.0,0.092,-0.4728,0.0041,-2.9951,4.1859,-0.6087
2026-09-23T18:19:37Z,2026-09-23 03:56:05,SPXW,2026-09-29,C,7775.0,7764.6401,38.8,7.0,39.2,9.0,37.8,63.0,187.0,0.0916,0.5068,0.0041,-2.9878,4.1943,0.6409
2026-09-23T18:19:37Z,2026-09-23 03:56:05,SPXW,2026-09-29,P,7775.0,7764.6401,37.7,5.0,38.1,8.0,39.9,57.0,34.0,0.0916,-0.4932,0.0041,-2.9878,4.1943,-0.6354
2026-09-23T18:19:37Z,2026-09-23 03:56:05,SPXW,2026-09-29,C,7780.0,7764.6401,36.1,13.0,36.6,8.0,34.63,566.0,2931.0,0.0913,0.4862,0.0041,-2.9731,4.1927,0.6146
2026-09-23T18:19:37Z,2026-09-23 03:56:05,SPXW,2026-09-29,P,7780.0,7764.6401,40.1,5.0,40.5,8.0,43.0,395.0,77.0,0.0913,-0.5138,0.0041,-2.9731,4.1927,-0.6625
2026-09-23T18:19:37Z,2026-09-23 03:56:05,SPXW,2026-09-29,C,7785.0,7764.6401,33.7,6.0,34.1,9.0,32.23,153.0,21.0,0.0909,0.4655,0.0041,-2.9509,4.1809,0.5887
2026-09-23T18:19:37Z,2026-09-23 03:56:05,SPXW,2026-09-29,P,7785.0,7764.6401,42.6,5.0,43.0,8.0,45.3,13.0,2.0,0.0909,-0.5345,0.0041,-2.9509,4.1809,-0.6892
2026-09-23T18:19:37Z,2026-09-23 03:56:05,SPXW,2026-09-29,C,7790.0,7764.6401,31.3,6.0,31.7,9.0,30.5,65.0,1602.0,0.0907,0.4447,0.0041,-2.9213,4.1588,0.5626
2026-09-23T18:19:37Z,2026-09-23 03:56:05,SPXW,2026-09-29,P,7790.0,7764.6401,45.2,5.0,45.6,7.0,48.0,36.0,12.0,0.0906,-0.5552,0.0041,-2.9213,4.1588,-0.7161
2026-09-23T18:19:37Z,2026-09-23 03:56:05,SPXW,2026-09-29,C,7795.0,7764.6401,29.0,15.0,29.4,8.0,28.05,98.0,61.0,0.0903,0.424,0.0041,-2.8844,4.1257,0.5361
2026-09-23T18:19:37Z,2026-09-23 03:56:05,SPXW,2026-09-29,P,7795.0,7764.6401,47.9,1.0,48.3,7.0,50.8,15.0,0.0,0.0903,-0.5759,0.0041,-2.8844,4.1257,-0.7435
2026-09-23T18:19:37Z,2026-09-23 03:56:05,SPXW,2026-09-29,C,7800.0,7764.6401,26.9,7.0,27.3,9.0,26.49,762.0,1084.0,0.0901,0.4034,0.0041,-2.8401,4.0826,0.51
2026-09-23T18:19:37Z,2026-09-23 03:56:05,SPXW,2026-09-29,P,7800.0,7764.6401,50.7,7.0,51.2,7.0,50.5,7.0,397.0,0.0899,-0.5965,0.0041,-2.8401,4.0826,-0.7703
2026-09-23T18:19:37Z,2026-09-23 03:56:05,SPXW,2026-09-29,C,7805.0,7764.6401,24.9,1.0,25.3,8.0,24.2,65.0,0.0,0.09,0.3831,0.004,-2.789,4.0304,0.4846
2026-09-23T18:19:37Z,2026-09-23 03:56:05,SPXW,2026-09-29,P,7805.0,7764.6401,53.7,6.0,54.2,6.0,57.3,7.0,0.0,0.0898,-0.6169,0.004,-2.789,4.0304,-0.7966
2026-09-23T18:19:37Z,2026-09-23 03:56:05,SPXW,2026-09-29,C,7810.0,7764.6401,23.0,1.0,23.4,8.0,22.21,98.0,439.0,0.0896,0.363,0.004,-2.7315,3.9679,0.4589
2026-09-23T18:19:37Z,2026-09-23 03:56:05,SPXW,2026-09-29,P,7810.0,7764.6401,56.8,5.0,57.3,5.0,64.5,4.0,1.0,0.0896,-0.637,0.004,-2.7315,3.9679,-0.8231
2026-09-23T18:19:37Z,2026-09-23 03:56:05,SPXW,2026-09-29,C,7815.0,7764.6401,21.2,1.0,21.6,8.0,20.5,32.0,0.0,0.0897,0.3432,0.0039,-2.6678,3.8955,0.4337
2026-09-23T18:19:37Z,2026-09-23 03:56:05,SPXW,2026-09-29,P,7815.0,7764.6401,60.0,5.0,60.5,5.0,56.2,10.0,0.0,0.0895,-0.6567,0.0039,-2.6678,3.8955,-0.8491
2026-09-23T18:19:37Z,2026-09-23 03:56:05,SPXW,2026-09-29,C,7820.0,7764.6401,19.5,14.0,19.9,8.0,21.71,88.0,324.0,0.0895,0.3239,0.0038,-2.5984,3.8159,0.4095
2026-09-23T18:19:37Z,2026-09-23 03:56:05,SPXW,2026-09-29,P,7820.0,7764.6401,63.3,3.0,63.8,3.0,67.1,1.0,0.0,0.0893,-0.676,0.0038,-2.5984,3.8159,-0.8742
2026-09-23T18:19:37Z,2026-09-23 03:56:05,SPXW,2026-09-29,C,7825.0,7764.6401,17.9,14.0,18.3,8.0,17.64,262.0,359.0,0.0894,0.3051,0.0037,-2.5241,3.7289,0.3856
2026-09-23T18:19:37Z,2026-09-23 03:56:05,SPXW,2026-09-29,P,7825.0,7764.6401,66.4,3.0,67.8,3.0,71.1,9.0,1.0,0.0896,-0.6949,0.0037,-2.5241,3.7289,-0.8988
2026-09-23T18:19:37Z,2026-09-23 03:56:05,SPXW,2026-09-29,C,7830.0,7764.6401,16.4,13.0,16.8,7.0,16.33,89.0,140.0,0.0892,0.2868,0.0036,-2.4454,3.6332,0.3622
2026-09-23T18:19:37Z,2026-09-23 03:56:05,SPXW,2026-09-29,P,7830.0,7764.6401,63.0,2.0,81.2,1.0,0.0,0.0,0.0,0.0937,-0.7132,0.0036,-2.4454,3.6332,-0.9231
2026-09-23T18:19:37Z,2026-09-23 03:56:05,SPXW,2026-09-29,C,7835.0,7764.6401,15.1,9.0,15.4,9.0,14.68,89.0,0.0,0.0893,0.2691,0.0035,-2.3628,3.5314,0.3398
2026-09-23T18:19:37Z,2026-09-23 03:56:05,SPXW,2026-09-29,P,7835.0,7764.6401,66.5,2.0,84.8,1.0,73.1,1.0,0.0,0.0936,-0.7309,0.0035,-2.3628,3.5314,-0.9463
2026-09-23T18:19:37Z,2026-09-23 03:56:05,SPXW,2026-09-29,C,7840.0,7764.6401,13.8,14.0,14.2,7.0,13.77,1312.0,176.0,0.0892,0.252,0.0034,-2.2771,3.4257,0.3184
2026-09-23T18:19:37Z,2026-09-23 03:56:05,SPXW,2026-09-29,P,7840.0,7764.6401,70.2,2.0,88.5,1.0,72.76,3.0,0.0,0.0936,-0.7479,0.0034,-2.2771,3.4257,-0.9686
2026-09-23T18:19:37Z,2026-09-23 03:56:05,SPXW,2026-09-29,C,7845.0,7764.6401,12.6,16.0,13.0,9.0,12.54,143.0,0.0,0.0894,0.2356,0.0033,-2.189,3.3147,0.2973
2026-09-23T18:19:37Z,2026-09-23 03:56:05,SPXW,2026-09-29,P,7845.0,7764.6401,74.1,2.0,92.3,1.0,88.32,1.0,0.0,0.0939,-0.7644,0.0033,-2.189,3.3147,-0.9904
2026-09-23T18:19:37Z,2026-09-23 03:56:05,SPXW,2026-09-29,C,7850.0,7764.6401,11.6,2.0,11.9,9.0,11.6,617.0,296.0,0.0892,0.2199,0.0031,-2.0989,3.1984,0.2773
2026-09-23T18:19:37Z,2026-09-23 03:56:05,SPXW,2026-09-29,P,7850.0,7764.6401,77.9,2.0,96.2,1.0,80.13,2.0,3.0,0.094,-0.7801,0.0031,-2.0989,3.1984,-1.0113
2026-09-23T18:19:37Z,2026-09-23 03:56:05,SPXW,2026-09-29,C,7855.0,7764.6401,10.5,17.0,10.8,9.0,10.33,82.0,0.0,0.0894,0.2048,0.003,-2.0077,3.0804,0.2584
2026-09-23T18:19:37Z,2026-09-23 03:56:05,SPXW,2026-09-29,P,7855.0,7764.6401,81.9,2.0,100.2,1.0,0.0,0.0,0.0,0.0943,-0.7951,0.003,-2.0077,3.0804,-1.031
2026-09-23T18:19:37Z,2026-09-23 03:56:05,SPXW,2026-09-29,C,7860.0,7764.6401,9.6,10.0,9.9,8.0,9.3,91.0,2657.0,0.0896,0.1905,0.0029,-1.9159,2.9612,0.2402
2026-09-23T18:19:37Z,2026-09-23 03:56:05,SPXW,2026-09-29,P,7860.0,7764.6401,86.2,2.0,104.3,1.0,98.95,1.0,0.0,0.0951,-0.8094,0.0029,-1.9159,2.9612,-1.05
2026-09-23T18:19:37Z,2026-09-23 03:56:05,SPXW,2026-09-29,C,7865.0,7764.6401,8.7,16.0,9.0,8.0,8.54,31.0,0.0,0.0896,0.1769,0.0027,-1.8241,2.8392,0.2228
2026-09-23T18:19:37Z,2026-09-23 03:56:05,SPXW,2026-09-29,P,7865.0,7764.6401,90.4,2.0,108.4,1.0,104.88,1.0,0.0,0.0955,-0.823,0.0027,-1.8241,2.8392,-1.0682
2026-09-23T18:19:37Z,2026-09-23 03:56:05,SPXW,2026-09-29,C,7870.0,7764.6401,7.9,17.0,8.2,8.0,7.98,53.0,167.0,0.0897,0.164,0.0026,-1.7328,2.7162,0.2066
2026-09-23T18:19:37Z,2026-09-23 03:56:05,SPXW,2026-09-29,P,7870.0,7764.6401,94.5,2.0,112.6,1.0,101.76,5.0,1.0,0.0958,-0.8359,0.0026,-1.7328,2.7162,-1.0852
2026-09-23T18:19:37Z,2026-09-23 03:56:05,SPXW,2026-09-29,C,7875.0,7764.6401,7.2,14.0,7.5,6.0,7.3,122.0,164.0,0.09,0.1519,0.0025,-1.6426,2.5946,0.1913
2026-09-23T18:19:37Z,2026-09-23 03:56:05,SPXW,2026-09-29,P,7875.0,7764.6401,98.9,2.0,116.9,2.0,0.0,0.0,0.0,0.0965,-0.8481,0.0025,-1.6426,2.5946,-1.1013
2026-09-23T18:19:37Z,2026-09-23 03:56:05,SPXW,2026-09-29,C,7880.0,7764.6401,6.5,16.0,6.8,7.0,6.55,408.0,143.0,0.09,0.1404,0.0024,-1.554,2.4739,0.1767
2026-09-23T18:19:37Z,2026-09-23 03:56:05,SPXW,2026-09-29,P,7880.0,7764.6401,103.3,2.0,121.2,1.0,0.0,0.0,0.0,0.0971,-0.8595,0.0024,-1.554,2.4739,-1.1168
2026-09-23T18:19:37Z,2026-09-23 03:56:05,SPXW,2026-09-29,C,7885.0,7764.6401,5.9,19.0,6.2,10.0,6.3,50.0,0.0,0.0903,0.1297,0.0022,-1.4674,2.3535,0.163
2026-09-23T18:19:37Z,2026-09-23 03:56:05,SPXW,2026-09-29,P,7885.0,7764.6401,107.7,2.0,125.6,1.0,0.0,0.0,0.0,0.0977,-0.8702,0.0022,-1.4674,2.3535,-1.1313
2026-09-23T18:19:37Z,2026-09-23 03:56:05,SPXW,2026-09-29,C,7890.0,7764.6401,5.3,21.0,5.6,12.0,5.4,169.0,571.0,0.0903,0.1196,0.0021,-1.383,2.2352,0.1504
2026-09-23T18:19:37Z,2026-09-23 03:56:05,SPXW,2026-09-29,P,7890.0,7764.6401,112.2,2.0,130.1,2.0,115.95,1.0,0.0,0.0986,-0.8803,0.0021,-1.383,2.2352,-1.1447
2026-09-23T18:19:37Z,2026-09-23 03:56:05,SPXW,2026-09-29,C,7895.0,7764.6401,4.8,24.0,5.1,14.0,4.8,301.0,0.0,0.0906,0.1103,0.002,-1.3015,2.1203,0.1386
2026-09-23T18:19:37Z,2026-09-23 03:56:05,SPXW,2026-09-29,P,7895.0,7764.6401,116.9,1.0,134.5,2.0,0.0,0.0,0.0,0.0995,-0.8897,0.002,-1.3015,2.1203,-1.1574
2026-09-23T18:19:37Z,2026-09-23 03:56:05,SPXW,2026-09-29,C,7900.0,7764.6401,4.4,20.0,4.7,20.0,4.1,396.0,458.0,0.0909,0.1015,0.0018,-1.2229,2.0083,0.1274
2026-09-23T18:19:37Z,2026-09-23 03:56:05,SPXW,2026-09-29,P,7900.0,7764.6401,121.1,2.0,139.1,3.0,140.08,21.0,15.0,0.0996,-0.8984,0.0018,-1.2229,2.0083,-1.1694
2026-09-23T18:19:37Z,2026-09-23 03:56:05,SPXW,2026-09-29,C,7905.0,7764.6401,4.0,6.0,4.2,12.0,3.9,130.0,0.0,0.0913,0.0934,0.0017,-1.1476,1.8989,0.1171
2026-09-23T18:19:37Z,2026-09-23 03:56:05,SPXW,2026-09-29,P,7905.0,7764.6401,125.8,2.0,143.7,2.0,0.0,0.0,0.0,0.1007,-0.9066,0.0017,-1.1476,1.8989,-1.1805
2026-09-23T18:19:37Z,2026-09-23 03:56:05,SPXW,2026-09-29,C,7910.0,7764.6401,3.6,20.0,3.9,21.0,4.3,111.0,0.0,0.0915,0.0859,0.0016,-1.0757,1.7934,0.1077
2026-09-23T18:19:37Z,2026-09-23 03:56:05,SPXW,2026-09-29,P,7910.0,7764.6401,130.5,2.0,148.3,3.0,0.0,0.0,0.0,0.1017,-0.9141,0.0016,-1.0757,1.7934,-1.1907
2026-09-23T18:19:37Z,2026-09-23 03:56:05,SPXW,2026-09-29,C,7915.0,7764.6401,3.3,6.0,3.5,7.0,3.6,50.0,0.0,0.0921,0.0789,0.0015,-1.0074,1.6925,0.0989
2026-09-23T18:19:37Z,2026-09-23 03:56:05,SPXW,2026-09-29,P,7915.0,7764.6401,135.1,2.0,152.9,2.0,0.0,0.0,0.0,0.1024,-0.921,0.0015,-1.0074,1.6925,-1.2003
2026-09-23T18:19:37Z,2026-09-23 03:56:05,SPXW,2026-09-29,C,7920.0,7764.6401,3.0,7.0,3.2,8.0,3.0,88.0,0.0,0.0925,0.0725,0.0014,-0.9427,1.5958,0.0908
2026-09-23T18:19:37Z,2026-09-23 03:56:05,SPXW,2026-09-29,P,7920.0,7764.6401,140.1,2.0,157.6,2.0,0.0,0.0,0.0,0.1042,-0.9274,0.0014,-0.9427,1.5958,-1.2093
2026-09-23T18:19:37Z,2026-09-23 03:56:05,SPXW,2026-09-29,C,7925.0,7764.6401,2.7,7.0,2.9,7.0,2.65,146.0,371.0,0.0928,0.0666,0.0013,-0.8818,1.5032,0.0833
2026-09-23T18:19:37Z,2026-09-23 03:56:05,SPXW,2026-09-29,P,7925.0,7764.6401,144.6,1.0,162.3,1.0,163.93,15.0,15.0,0.1046,-0.9333,0.0013,-0.8818,1.5032,-1.2176
2026-09-23T18:19:37Z,2026-09-23 03:56:05,SPXW,2026-09-29,C,7930.0,7764.6401,2.45,7.0,2.65,9.0,2.47,727.0,0.0,0.0933,0.0612,0.0012,-0.8245,1.415,0.0766
2026-09-23T18:19:37Z,2026-09-23 03:56:05,SPXW,2026-09-29,P,7930.0,7764.6401,149.3,2.0,167.1,2.0,0.0,0.0,0.0,0.1057,-0.9387,0.0012,-0.8245,1.415,-1.2251
2026-09-23T18:19:37Z,2026-09-23 03:56:05,SPXW,2026-09-29,C,7940.0,7764.6401,2.05,8.0,2.2,8.0,2.02,534.0,0.0,0.0943,0.0518,0.0011,-0.721,1.2532,0.0646
2026-09-23T18:19:37Z,2026-09-23 03:56:05,SPXW,2026-09-29,P,7940.0,7764.6401,158.8,2.0,176.7,2.0,0.0,0.0,0.0,0.1079,-0.9482,0.0011,-0.721,1.2532,-1.2388
2026-09-23T18:19:37Z,2026-09-23 03:56:05,SPXW,2026-09-29,C,7950.0,7764.6401,1.7,8.0,1.8,4.0,1.65,544.0,198.0,0.0951,0.0439,0.0009,-0.6314,1.1094,0.0547
2026-09-23T18:19:37Z,2026-09-23 03:56:05,SPXW,2026-09-29,P,7950.0,7764.6401,168.5,2.0,186.3,1.0,179.03,3.0,1.0,0.1104,-0.9561,0.0009,-0.6314,1.1094,-1.2503
2026-09-23T18:19:37Z,2026-09-23 03:56:05,SPXW,2026-09-29,C,7960.0,7764.6401,1.4,9.0,1.55,11.0,1.4,198.0,0.0,0.0964,0.0374,0.0008,-0.5546,0.9831,0.0465
2026-09-23T18:19:37Z,2026-09-23 03:56:05,SPXW,2026-09-29,P,7960.0,7764.6401,178.5,1.0,196.0,1.0,0.0,0.0,0.0,0.1142,-0.9626,0.0008,-0.5546,0.9831,-1.2601
2026-09-23T18:19:37Z,2026-09-23 03:56:05,SPXW,2026-09-29,C,7970.0,7764.6401,1.15,32.0,1.35,11.0,1.15,350.0,0.0,0.0977,0.032,0.0007,-0.4894,0.8734,0.0397
2026-09-23T18:19:37Z,2026-09-23 03:56:05,SPXW,2026-09-29,P,7970.0,7764.6401,188.1,2.0,205.8,2.0,0.0,0.0,0.0,0.1167,-0.968,0.0007,-0.4894,0.8734,-1.2685
2026-09-23T18:19:37Z,2026-09-23 03:56:05,SPXW,2026-09-29,C,7975.0,7764.6401,1.1,13.0,1.25,18.0,1.1,443.0,451.0,0.0988,0.0297,0.0006,-0.4607,0.8241,0.0369
2026-09-23T18:19:37Z,2026-09-23 03:56:05,SPXW,2026-09-29,P,7975.0,7764.6401,193.0,2.0,210.6,1.0,0.0,0.0,0.0,0.1178,-0.9703,0.0006,-0.4607,0.8241,-1.2722
2026-09-23T18:19:37Z,2026-09-23 03:56:05,SPXW,2026-09-29,C,7980.0,7764.6401,1.0,14.0,1.15,18.0,1.0,250.0,0.0,0.0993,0.0276,0.0006,-0.4343,0.7783,0.0342
2026-09-23T18:19:37Z,2026-09-23 03:56:05,SPXW,2026-09-29,P,7980.0,7764.6401,196.1,2.0,215.6,2.0,0.0,0.0,0.0,0.1113,-0.9724,0.0006,-0.4343,0.7783,-1.2757
2026-09-23T18:19:37Z,2026-09-23 03:56:05,SPXW,2026-09-29,C,7990.0,7764.6401,0.85,40.0,1.0,20.0,0.85,205.0,0.0,0.1008,0.0239,0.0005,-0.3879,0.6964,0.0296
2026-09-23T18:19:37Z,2026-09-23 03:56:05,SPXW,2026-09-29,P,7990.0,7764.6401,205.6,2.0,227.4,1.0,0.0,0.0,0.0,0.1221,-0.976,0.0005,-0.3879,0.6964,-1.2819
2026-09-23T18:19:37Z,2026-09-23 03:56:05,SPXW,2026-09-29,C,8000.0,7764.6401,0.75,23.0,0.85,24.0,0.75,601.0,423.0,0.1024,0.0209,0.0005,-0.3491,0.6262,0.0259
2026-09-23T18:19:37Z,2026-09-23 03:56:05,SPXW,2026-09-29,P,8000.0,7764.6401,215.5,2.0,239.5,2.0,336.91,0.0,1.0,0.1351,-0.979,0.0005,-0.3491,0.6262,-1.2873
2026-09-23T18:19:37Z,2026-09-23 03:56:05,SPXW,2026-09-29,C,8025.0,7764.6401,0.55,16.0,0.65,18.0,0.55,195.0,259.0,0.1074,0.0155,0.0003,-0.2767,0.4908,0.0191
2026-09-23T18:19:37Z,2026-09-23 03:56:05,SPXW,2026-09-29,P,8025.0,7764.6401,240.3,2.0,264.3,2.0,0.0,0.0,0.0,0.1451,-0.9845,0.0003,-0.2767,0.4908,-1.2982
2026-09-23T18:19:37Z,2026-09-23 03:56:05,SPXW,2026-09-29,C,8050.0,7764.6401,0.4,61.0,0.55,34.0,0.45,156.0,478.0,0.1136,0.012,0.0003,-0.2292,0.3973,0.0148
2026-09-23T18:19:37Z,2026-09-23 03:56:05,SPXW,2026-09-29,P,8050.0,7764.6401,265.1,2.0,289.1,2.0,0.0,0.0,0.0,0.1547,-0.9879,0.0003,-0.2292,0.3973,-1.3066
2026-09-23T18:19:37Z,2026-09-23 03:56:05,SPXW,2026-09-29,C,8075.0,7764.6401,0.35,19.0,0.45,24.0,0.35,58.0,163.0,0.119,0.0097,0.0002,-0.1967,0.3306,0.0119
2026-09-23T18:19:37Z,2026-09-23 03:56:05,SPXW,2026-09-29,P,8075.0,7764.6401,290.1,2.0,314.1,2.0,298.74,0.0,1.0,0.1658,-0.9903,0.0002,-0.1967,0.3306,-1.3136
2026-09-23T18:19:37Z,2026-09-23 03:56:05,SPXW,2026-09-29,C,8100.0,7764.6401,0.3,20.0,0.4,25.0,0.3,465.0,345.0,0.1254,0.0081,0.0002,-0.1736,0.2817,0.0099
2026-09-23T18:19:37Z,2026-09-23 03:56:05,SPXW,2026-09-29,P,8100.0,7764.6401,315.0,2.0,339.0,2.0,0.0,0.0,0.0,0.1758,-0.9919,0.0002,-0.1736,0.2817,-1.3197
2026-09-23T18:19:37Z,2026-09-23 03:56:05,SPXW,2026-09-29,C,8125.0,7764.6401,0.25,22.0,0.35,24.0,0.3,16.0,76.0,0.1315,0.0069,0.0001,-0.1562,0.2438,0.0084
2026-09-23T18:19:37Z,2026-09-23 03:56:05,SPXW,2026-09-29,P,8125.0,7764.6401,339.9,2.0,363.9,2.0,0.0,0.0,0.0,0.1856,-0.9931,0.0001,-0.1564,0.2443,-1.3253
2026-09-23T18:19:37Z,2026-09-23 03:56:05,SPXW,2026-09-29,C,8150.0,7764.6401,0.2,25.0,0.35,28.0,0.25,27.0,43.0,0.1382,0.006,0.0001,-0.1428,0.2146,0.0073
2026-09-23T18:19:37Z,2026-09-23 03:56:05,SPXW,2026-09-29,P,8150.0,7764.6401,364.9,2.0,388.9,2.0,0.0,0.0,0.0,0.1962,-0.994,0.0001,-0.143,0.2149,-1.3305
2026-09-23T18:19:37Z,2026-09-23 03:56:05,SPXW,2026-09-29,C,8175.0,7764.6401,0.2,23.0,0.3,26.0,0.3,2.0,12.0,0.1446,0.0052,0.0001,-0.132,0.1908,0.0064
2026-09-23T18:19:37Z,2026-09-23 03:56:05,SPXW,2026-09-29,P,8175.0,7764.6401,389.8,2.0,413.8,2.0,0.0,0.0,0.0,0.2056,-0.9947,0.0001,-0.1321,0.1911,-1.3355
2026-09-23T18:19:37Z,2026-09-23 03:56:05,SPXW,2026-09-29,C,8200.0,7764.6401,0.15,28.0,0.3,56.0,0.2,359.0,14.0,0.1507,0.0046,0.0001,-0.1229,0.1712,0.0057
2026-09-23T18:19:37Z,2026-09-23 03:56:05,SPXW,2026-09-29,P,8200.0,7764.6401,414.8,2.0,438.8,2.0,0.0,0.0,0.0,0.216,-0.9953,0.0001,-0.123,0.1714,-1.3404
2026-09-23T18:19:37Z,2026-09-23 03:56:05,SPXW,2026-09-29,C,8225.0,7764.6401,0.15,26.0,0.25,26.0,0.2,0.0,3.0,0.1564,0.0042,0.0001,-0.1151,0.1546,0.0051
2026-09-23T18:19:37Z,2026-09-23 03:56:05,SPXW,2026-09-29,P,8225.0,7764.6401,439.8,2.0,463.8,2.0,0.0,0.0,0.0,0.2264,-0.9958,0.0001,-0.1152,0.1547,-1.345
2026-09-23T18:19:37Z,2026-09-23 03:56:05,SPXW,2026-09-29,C,8250.0,7764.6401,0.15,24.0,0.25,29.0,0.0,0.0,0.0,0.1639,0.0038,0.0001,-0.1082,0.1404,0.0046
2026-09-23T18:19:37Z,2026-09-23 03:56:05,SPXW,2026-09-29,P,8250.0,7764.6401,464.8,2.0,488.8,2.0,0.0,0.0,0.0,0.2366,-0.9962,0.0001,-0.1082,0.1404,-1.3497
2026-09-23T18:19:37Z,2026-09-23 03:56:05,SPXW,2026-09-29,C,8275.0,7764.6401,0.1,30.0,0.25,125.0,0.15,13.0,50.0,0.1694,0.0034,0.0001,-0.1018,0.1277,0.0041
2026-09-23T18:19:37Z,2026-09-23 03:56:05,SPXW,2026-09-29,P,8275.0,7764.6401,489.8,2.0,513.8,2.0,0.0,0.0,0.0,0.2468,-0.9966,0.0001,-0.102,0.128,-1.3542
2026-09-23T18:19:37Z,2026-09-23 03:56:05,SPXW,2026-09-29,C,8300.0,7764.6401,0.1,28.0,0.2,28.0,0.26,0.0,15.0,0.1741,0.0031,0.0,-0.0961,0.1168,0.0037
2026-09-23T18:19:37Z,2026-09-23 03:56:05,SPXW,2026-09-29,P,8300.0,7764.6401,514.7,2.0,538.7,2.0,0.0,0.0,0.0,0.2554,-0.9969,0.0,-0.0963,0.1171,-1.3587
2026-09-23T18:19:37Z,2026-09-23 03:56:05,SPXW,2026-09-29,C,8400.0,7764.6401,0.05,131.0,0.15,30.0,0.1,13.0,4.0,0.1954,0.0022,0.0,-0.0769,0.0836,0.0026
2026-09-23T18:19:37Z,2026-09-23 03:56:05,SPXW,2026-09-29,P,8400.0,7764.6401,614.8,2.0,638.8,2.0,0.0,0.0,0.0,0.2964,-0.9978,0.0,-0.077,0.0838,-1.3762
2026-09-23T18:19:37Z,2026-09-23 03:56:05,SPXW,2026-09-29,C,8500.0,7764.6401,0.0,0.0,0.1,29.0,0.1,6.0,1.0,0.21,0.0016,0.0,-0.0616,0.0611,0.0019
2026-09-23T18:19:37Z,2026-09-23 03:56:05,SPXW,2026-09-29,P,8500.0,7764.6401,714.7,2.0,738.7,2.0,0.0,0.0,0.0,0.3333,-0.9984,0.0,-0.0617,0.0613,-1.3934
2026-09-23T18:19:37Z,2026-09-23 03:56:05,SPXW,2026-09-30,C,6990.0,7764.6401,771.2,2.0,795.2,2.0,667.07,0.0,6.0,0.0,0.9948,0.0,-0.2522,0.1809,1.3311
2026-09-23T18:19:37Z,2026-09-23 03:56:05,SPXW,2026-09-30,P,6990.0,7764.6401,0.45,55.0,0.6,25.0,0.75,482.0,3062.0,0.2892,-0.0052,0.0,-0.2522,0.1809,-0.0075
2026-09-23T18:19:37Z,2026-09-23 03:56:05,SPXW,2026-09-30,C,6995.0,7764.6401,766.4,2.0,790.4,2.0,818.86,0.0,10.0,0.0,0.9947,0.0,-0.255,0.1836,1.332
2026-09-23T18:19:37Z,2026-09-23 03:56:05,SPXW,2026-09-30,P,6995.0,7764.6401,0.45,80.0,0.6,25.0,0.7,1.0,167.0,0.2872,-0.0053,0.0,-0.2554,0.184,-0.0076
2026-09-23T18:19:37Z,2026-09-23 03:56:05,SPXW,2026-09-30,C,7000.0,7764.6401,761.4,2.0,785.4,2.0,624.9,0.0,16333.0,0.0,0.9946,0.0,-0.2578,0.1863,1.3328
2026-09-23T18:19:37Z,2026-09-23 03:56:05,SPXW,2026-09-30,P,7000.0,7764.6401,0.45,84.0,0.65,82.0,0.65,5377.0,39810.0,0.2869,-0.0054,0.0,-0.2582,0.1867,-0.0078
2026-09-23T18:19:37Z,2026-09-23 03:56:05,SPXW,2026-09-30,C,7005.0,7764.6401,756.4,2.0,780.4,2.0,666.15,0.0,238.0,0.0,0.9945,0.0,-0.2606,0.189,1.3336
2026-09-23T18:19:37Z,2026-09-23 03:56:05,SPXW,2026-09-30,P,7005.0,7764.6401,0.45,86.0,0.65,82.0,1.22,0.0,256.0,0.2852,-0.0054,0.0,-0.261,0.1895,-0.0079
2026-09-23T18:19:37Z,2026-09-23 03:56:05,SPXW,2026-09-30,C,7010.0,7764.6401,751.3,2.0,775.3,2.0,642.92,0.0,37.0,0.0,0.9945,0.0,-0.2635,0.1918,1.3344
2026-09-23T18:19:37Z,2026-09-23 03:56:05,SPXW,2026-09-30,P,7010.0,7764.6401,0.45,90.0,0.65,25.0,1.15,0.0,122.0,0.2834,-0.0055,0.0,-0.2639,0.1923,-0.008
2026-09-23T18:19:37Z,2026-09-23 03:56:05,SPXW,2026-09-30,C,7015.0,7764.6401,746.5,2.0,770.5,2.0,656.39,0.0,86.0,0.0,0.9944,0.0,-0.2664,0.1947,1.3352
2026-09-23T18:19:37Z,2026-09-23 03:56:05,SPXW,2026-09-30,P,7015.0,7764.6401,0.45,93.0,0.65,25.0,1.25,0.0,103.0,0.282,-0.0056,0.0,-0.2664,0.1947,-0.0081
2026-09-23T18:19:37Z,2026-09-23 03:56:05,SPXW,2026-09-30,C,7020.0,7764.6401,741.5,2.0,765.5,2.0,757.29,1.0,83.0,0.0,0.9943,0.0,-0.2693,0.1976,1.3361
2026-09-23T18:19:37Z,2026-09-23 03:56:05,SPXW,2026-09-30,P,7020.0,7764.6401,0.5,57.0,0.65,25.0,8.8,0.0,445.0,0.2814,-0.0057,0.0,-0.2698,0.198,-0.0083
2026-09-23T18:19:37Z,2026-09-23 03:56:05,SPXW,2026-09-30,C,7025.0,7764.6401,736.3,2.0,760.3,2.0,751.91,1.0,115.0,0.0,0.9942,0.0,-0.2723,0.2005,1.3369
2026-09-23T18:19:37Z,2026-09-23 03:56:05,SPXW,2026-09-30,P,7025.0,7764.6401,0.5,76.0,0.65,25.0,1.3,0.0,418.0,0.2796,-0.0058,0.0,-0.2727,0.201,-0.0084
2026-09-23T18:19:37Z,2026-09-23 03:56:05,SPXW,2026-09-30,C,7030.0,7764.6401,731.5,2.0,755.5,2.0,616.29,0.0,463.0,0.0,0.9941,0.0,-0.2753,0.2035,1.3377
2026-09-23T18:19:37Z,2026-09-23 03:56:05,SPXW,2026-09-30,P,7030.0,7764.6401,0.5,78.0,0.65,25.0,0.8,1.0,1064.0,0.2781,-0.0059,0.0,-0.2753,0.2035,-0.0086
2026-09-23T18:19:37Z,2026-09-23 03:56:05,SPXW,2026-09-30,C,7035.0,7764.6401,726.5,2.0,750.5,2.0,636.93,0.0,40.0,0.0,0.994,0.0,-0.2784,0.2065,1.3385
2026-09-23T18:19:37Z,2026-09-23 03:56:05,SPXW,2026-09-30,P,7035.0,7764.6401,0.5,82.0,0.7,81.0,2.9,0.0,180.0,0.2776,-0.006,0.0,-0.2784,0.2066,-0.0087
2026-09-23T18:19:37Z,2026-09-23 03:56:05,SPXW,2026-09-30,C,7040.0,7764.6401,721.5,2.0,745.5,2.0,682.53,0.0,85.0,0.0,0.9939,0.0001,-0.2814,0.2096,1.3393
2026-09-23T18:19:37Z,2026-09-23 03:56:05,SPXW,2026-09-30,P,7040.0,7764.6401,0.5,86.0,0.7,25.0,1.25,0.0,603.0,0.2759,-0.0061,0.0001,-0.2815,0.2097,-0.0089
2026-09-23T18:19:37Z,2026-09-23 03:56:05,SPXW,2026-09-30,C,7045.0,7764.6401,716.5,2.0,740.5,2.0,709.44,0.0,63.0,0.0,0.9938,0.0001,-0.2846,0.2127,1.3401
2026-09-23T18:19:37Z,2026-09-23 03:56:05,SPXW,2026-09-30,P,7045.0,7764.6401,0.5,90.0,0.7,25.0,3.6,0.0,118.0,0.2741,-0.0062,0.0001,-0.2846,0.2128,-0.009
2026-09-23T18:19:37Z,2026-09-23 03:56:05,SPXW,2026-09-30,C,7050.0,7764.6401,711.5,2.0,735.5,2.0,566.7,0.0,344.0,0.0,0.9937,0.0001,-0.2877,0.2159,1.3409
2026-09-23T18:19:37Z,2026-09-23 03:56:05,SPXW,2026-09-30,P,7050.0,7764.6401,0.5,94.0,0.7,25.0,0.75,5.0,1276.0,0.2724,-0.0063,0.0001,-0.2877,0.2159,-0.0092
2026-09-23T18:19:37Z,2026-09-23 03:56:05,SPXW,2026-09-30,C,7055.0,7764.6401,706.7,2.0,730.7,2.0,702.11,0.0,47.0,0.0,0.9936,0.0001,-0.2909,0.2191,1.3417
2026-09-23T18:19:37Z,2026-09-23 03:56:05,SPXW,2026-09-30,P,7055.0,7764.6401,0.55,49.0,0.7,25.0,4.4,0.0,205.0,0.2719,-0.0064,0.0001,-0.291,0.2192,-0.0093
2026-09-23T18:19:37Z,2026-09-23 03:56:05,SPXW,2026-09-30,C,7060.0,7764.6401,701.7,2.0,725.7,2.0,642.5,0.0,375.0,0.0,0.9935,0.0001,-0.2941,0.2224,1.3425
2026-09-23T18:19:37Z,2026-09-23 03:56:05,SPXW,2026-09-30,P,7060.0,7764.6401,0.55,76.0,0.7,25.0,3.2,0.0,243.0,0.2702,-0.0065,0.0001,-0.2941,0.2224,-0.0095
2026-09-23T18:19:37Z,2026-09-23 03:56:05,SPXW,2026-09-30,C,7065.0,7764.6401,696.5,2.0,720.5,2.0,530.8,0.0,22.0,0.0,0.9934,0.0001,-0.2974,0.2257,1.3433
2026-09-23T18:19:37Z,2026-09-23 03:56:05,SPXW,2026-09-30,P,7065.0,7764.6401,0.55,80.0,0.75,80.0,1.4,0.0,48.0,0.2696,-0.0066,0.0001,-0.2975,0.2258,-0.0096
2026-09-23T18:19:37Z,2026-09-23 03:56:05,SPXW,2026-09-30,C,7070.0,7764.6401,691.5,2.0,715.5,2.0,641.91,0.0,62.0,0.0,0.9932,0.0001,-0.3007,0.2291,1.3441
2026-09-23T18:19:37Z,2026-09-23 03:56:05,SPXW,2026-09-30,P,7070.0,7764.6401,0.55,83.0,0.75,24.0,0.9,50.0,236.0,0.2678,-0.0067,0.0001,-0.3008,0.2292,-0.0098
2026-09-23T18:19:37Z,2026-09-23 03:56:05,SPXW,2026-09-30,C,7075.0,7764.6401,686.4,2.0,710.4,2.0,769.32,0.0,105.0,0.0,0.9931,0.0001,-0.3041,0.2326,1.3449
2026-09-23T18:19:37Z,2026-09-23 03:56:05,SPXW,2026-09-30,P,7075.0,7764.6401,0.55,87.0,0.75,24.0,1.35,0.0,1002.0,0.266,-0.0069,0.0001,-0.3042,0.2328,-0.01
2026-09-23T18:19:37Z,2026-09-23 03:56:05,SPXW,2026-09-30,C,7080.0,7764.6401,681.5,2.0,705.5,2.0,670.11,0.0,29.0,0.0,0.993,0.0001,-0.3074,0.2362,1.3457
2026-09-23T18:19:37Z,2026-09-23 03:56:05,SPXW,2026-09-30,P,7080.0,7764.6401,0.55,90.0,0.75,24.0,1.35,0.0,1239.0,0.2643,-0.007,0.0001,-0.3074,0.2362,-0.0101
2026-09-23T18:19:37Z,2026-09-23 03:56:05,SPXW,2026-09-30,C,7085.0,7764.6401,676.6,2.0,700.6,2.0,759.82,0.0,21.0,0.0,0.9929,0.0001,-0.3109,0.2398,1.3465
2026-09-23T18:19:37Z,2026-09-23 03:56:05,SPXW,2026-09-30,P,7085.0,7764.6401,0.6,51.0,0.75,24.0,4.5,0.0,125.0,0.2636,-0.0071,0.0001,-0.3111,0.24,-0.0103
2026-09-23T18:19:37Z,2026-09-23 03:56:05,SPXW,2026-09-30,C,7090.0,7764.6401,671.6,2.0,695.6,2.0,722.22,0.0,42.0,0.0,0.9928,0.0001,-0.3144,0.2434,1.3473
2026-09-23T18:19:37Z,2026-09-23 03:56:05,SPXW,2026-09-30,P,7090.0,7764.6401,0.6,75.0,0.75,24.0,1.48,0.0,8596.0,0.2619,-0.0072,0.0001,-0.3144,0.2434,-0.0105
2026-09-23T18:19:37Z,2026-09-23 03:56:05,SPXW,2026-09-30,C,7095.0,7764.6401,666.7,2.0,690.7,2.0,206.39,0.0,17.0,0.0,0.9926,0.0001,-0.3179,0.2472,1.348
2026-09-23T18:19:37Z,2026-09-23 03:56:05,SPXW,2026-09-30,P,7095.0,7764.6401,0.6,79.0,0.8,77.0,1.42,0.0,102.0,0.2612,-0.0073,0.0001,-0.318,0.2473,-0.0107
2026-09-23T18:19:37Z,2026-09-23 03:56:05,SPXW,2026-09-30,C,7100.0,7764.6401,661.7,2.0,685.7,2.0,546.14,0.0,828.0,0.0,0.9925,0.0001,-0.3214,0.251,1.3488
2026-09-23T18:19:37Z,2026-09-23 03:56:05,SPXW,2026-09-30,P,7100.0,7764.6401,0.6,83.0,0.8,24.0,0.71,1399.0,7083.0,0.2594,-0.0075,0.0001,-0.3215,0.2512,-0.0108
2026-09-23T18:19:37Z,2026-09-23 03:56:05,SPXW,2026-09-30,C,7105.0,7764.6401,656.5,2.0,680.5,2.0,599.37,0.0,45.0,0.0,0.9924,0.0001,-0.325,0.255,1.3496
2026-09-23T18:19:37Z,2026-09-23 03:56:05,SPXW,2026-09-30,P,7105.0,7764.6401,0.6,86.0,0.8,24.0,1.08,16.0,20009.0,0.2576,-0.0076,0.0001,-0.3252,0.2552,-0.0111
2026-09-23T18:19:37Z,2026-09-23 03:56:05,SPXW,2026-09-30,C,7110.0,7764.6401,651.7,2.0,675.7,2.0,444.52,0.0,102.0,0.0,0.9922,0.0001,-0.3287,0.259,1.3504
2026-09-23T18:19:37Z,2026-09-23 03:56:05,SPXW,2026-09-30,P,7110.0,7764.6401,0.65,52.0,0.8,24.0,1.52,0.0,121.0,0.257,-0.0077,0.0001,-0.3287,0.259,-0.0112
2026-09-23T18:19:37Z,2026-09-23 03:56:05,SPXW,2026-09-30,C,7115.0,7764.6401,646.8,2.0,670.8,2.0,686.2,0.0,35.0,0.0,0.9921,0.0001,-0.3323,0.263,1.3511
2026-09-23T18:19:37Z,2026-09-23 03:56:05,SPXW,2026-09-30,P,7115.0,7764.6401,0.65,73.0,0.8,24.0,0.83,5.0,127.0,0.2551,-0.0079,0.0001,-0.3325,0.2632,-0.0114
2026-09-23T18:19:37Z,2026-09-23 03:56:05,SPXW,2026-09-30,C,7120.0,7764.6401,641.8,1.0,665.7,1.0,614.23,0.0,124.0,0.0,0.992,0.0001,-0.3361,0.2672,1.3519
2026-09-23T18:19:37Z,2026-09-23 03:56:05,SPXW,2026-09-30,P,7120.0,7764.6401,0.65,77.0,0.85,76.0,13.98,0.0,588.0,0.2544,-0.008,0.0001,-0.3363,0.2674,-0.0116
2026-09-23T18:19:37Z,2026-09-23 03:56:05,SPXW,2026-09-30,C,7125.0,7764.6401,636.7,2.0,660.7,2.0,607.56,0.0,2706.0,0.0,0.9918,0.0001,-0.3398,0.2714,1.3526
2026-09-23T18:19:37Z,2026-09-23 03:56:05,SPXW,2026-09-30,P,7125.0,7764.6401,0.65,81.0,0.85,24.0,1.0,6.0,6041.0,0.2527,-0.0081,0.0001,-0.3398,0.2714,-0.0118
2026-09-23T18:19:37Z,2026-09-23 03:56:05,SPXW,2026-09-30,C,7130.0,7764.6401,631.7,2.0,655.7,2.0,428.23,0.0,44.0,0.0,0.9917,0.0001,-0.3437,0.2757,1.3534
2026-09-23T18:19:37Z,2026-09-23 03:56:05,SPXW,2026-09-30,P,7130.0,7764.6401,0.65,85.0,0.85,24.0,1.02,17.0,167.0,0.2509,-0.0083,0.0001,-0.3437,0.2757,-0.012
2026-09-23T18:19:37Z,2026-09-23 03:56:05,SPXW,2026-09-30,C,7135.0,7764.6401,626.8,2.0,650.8,2.0,640.96,0.0,67.0,0.0,0.9915,0.0001,-0.3476,0.2801,1.3541
2026-09-23T18:19:37Z,2026-09-23 03:56:05,SPXW,2026-09-30,P,7135.0,7764.6401,0.7,51.0,0.85,24.0,1.06,45.0,181.0,0.2501,-0.0084,0.0001,-0.3476,0.2801,-0.0123
2026-09-23T18:19:37Z,2026-09-23 03:56:05,SPXW,2026-09-30,C,7140.0,7764.6401,621.8,2.0,645.8,2.0,688.73,0.0,26.0,0.0,0.9914,0.0001,-0.3515,0.2846,1.3549
2026-09-23T18:19:37Z,2026-09-23 03:56:05,SPXW,2026-09-30,P,7140.0,7764.6401,0.7,72.0,0.85,24.0,1.55,0.0,433.0,0.2483,-0.0086,0.0001,-0.3515,0.2846,-0.0125
2026-09-23T18:19:37Z,2026-09-23 03:56:05,SPXW,2026-09-30,C,7145.0,7764.6401,616.8,2.0,640.8,2.0,661.8,0.0,15.0,0.0,0.9912,0.0001,-0.3555,0.2891,1.3556
2026-09-23T18:19:37Z,2026-09-23 03:56:05,SPXW,2026-09-30,P,7145.0,7764.6401,0.7,77.0,0.9,24.0,4.0,0.0,96.0,0.2475,-0.0087,0.0001,-0.3555,0.2891,-0.0127
2026-09-23T18:19:37Z,2026-09-23 03:56:05,SPXW,2026-09-30,C,7150.0,7764.6401,611.7,2.0,635.7,2.0,506.48,0.0,44.0,0.0,0.9911,0.0001,-0.3595,0.2938,1.3563
2026-09-23T18:19:37Z,2026-09-23 03:56:05,SPXW,2026-09-30,P,7150.0,7764.6401,0.7,80.0,0.9,24.0,0.95,18.0,4814.0,0.2457,-0.0089,0.0001,-0.3595,0.2938,-0.0129
2026-09-23T18:19:37Z,2026-09-23 03:56:05,SPXW,2026-09-30,C,7155.0,7764.6401,606.9,2.0,630.9,2.0,504.17,0.0,326.0,0.0,0.9909,0.0001,-0.3636,0.2985,1.357
2026-09-23T18:19:37Z,2026-09-23 03:56:05,SPXW,2026-09-30,P,7155.0,7764.6401,0.7,85.0,0.9,24.0,3.3,0.0,20019.0,0.2438,-0.0091,0.0001,-0.3637,0.2986,-0.0132
2026-09-23T18:19:37Z,2026-09-23 03:56:05,SPXW,2026-09-30,C,7160.0,7764.6401,601.6,2.0,625.6,2.0,616.82,0.0,40.0,0.0,0.9908,0.0001,-0.3678,0.3033,1.3577
2026-09-23T18:19:37Z,2026-09-23 03:56:05,SPXW,2026-09-30,P,7160.0,7764.6401,0.75,45.0,0.9,24.0,1.0,1.0,97.0,0.2429,-0.0092,0.0001,-0.3679,0.3034,-0.0134
2026-09-23T18:19:37Z,2026-09-23 03:56:05,SPXW,2026-09-30,C,7165.0,7764.6401,596.8,2.0,620.8,2.0,593.15,0.0,33.0,0.0,0.9906,0.0001,-0.372,0.3082,1.3584
2026-09-23T18:19:37Z,2026-09-23 03:56:05,SPXW,2026-09-30,P,7165.0,7764.6401,0.75,74.0,0.95,24.0,0.98,1.0,174.0,0.242,-0.0094,0.0001,-0.3721,0.3083,-0.0137
2026-09-23T18:19:37Z,2026-09-23 03:56:05,SPXW,2026-09-30,C,7170.0,7764.6401,591.9,2.0,615.9,2.0,605.92,0.0,55.0,0.0,0.9904,0.0001,-0.3762,0.3131,1.3591
2026-09-23T18:19:37Z,2026-09-23 03:56:05,SPXW,2026-09-30,P,7170.0,7764.6401,0.75,79.0,0.95,24.0,1.92,0.0,156.0,0.2402,-0.0096,0.0001,-0.3764,0.3134,-0.014
2026-09-23T18:19:37Z,2026-09-23 03:56:05,SPXW,2026-09-30,C,7175.0,7764.6401,586.9,2.0,610.9,2.0,482.38,0.0,247.0,0.0,0.9902,0.0001,-0.3806,0.3182,1.3598
2026-09-23T18:19:37Z,2026-09-23 03:56:05,SPXW,2026-09-30,P,7175.0,7764.6401,0.75,82.0,0.95,24.0,1.07,7.0,699.0,0.2383,-0.0098,0.0001,-0.3808,0.3184,-0.0142
2026-09-23T18:19:37Z,2026-09-23 03:56:05,SPXW,2026-09-30,C,7180.0,7764.6401,581.9,2.0,605.9,2.0,458.53,0.0,71.0,0.0,0.99,0.0001,-0.385,0.3233,1.3605
2026-09-23T18:19:37Z,2026-09-23 03:56:05,SPXW,2026-09-30,P,7180.0,7764.6401,0.8,44.0,0.95,24.0,1.3,1.0,1145.0,0.2374,-0.0099,0.0001,-0.3852,0.3236,-0.0145
2026-09-23T18:19:37Z,2026-09-23 03:56:05,SPXW,2026-09-30,C,7185.0,7764.6401,576.9,2.0,600.9,2.0,347.9,0.0,154.0,0.0,0.9899,0.0001,-0.3894,0.3286,1.3612
2026-09-23T18:19:37Z,2026-09-23 03:56:05,SPXW,2026-09-30,P,7185.0,7764.6401,0.8,72.0,1.0,24.0,1.83,0.0,234.0,0.2364,-0.0101,0.0001,-0.3896,0.3289,-0.0148
2026-09-23T18:19:37Z,2026-09-23 03:56:05,SPXW,2026-09-30,C,7190.0,7764.6401,571.9,2.0,595.9,2.0,448.83,0.0,62.0,0.0,0.9897,0.0001,-0.3939,0.3339,1.3619
2026-09-23T18:19:37Z,2026-09-23 03:56:05,SPXW,2026-09-30,P,7190.0,7764.6401,0.8,77.0,1.0,24.0,0.58,20.0,1798.0,0.2346,-0.0103,0.0001,-0.3942,0.3342,-0.015
2026-09-23T18:19:37Z,2026-09-23 03:56:05,SPXW,2026-09-30,C,7195.0,7764.6401,566.7,2.0,590.7,2.0,506.85,0.0,65.0,0.0,0.9895,0.0001,-0.3985,0.3394,1.3626
2026-09-23T18:19:37Z,2026-09-23 03:56:05,SPXW,2026-09-30,P,7195.0,7764.6401,0.8,81.0,1.0,24.0,0.95,2.0,2025.0,0.2328,-0.0105,0.0001,-0.3988,0.3397,-0.0153
2026-09-23T18:19:37Z,2026-09-23 03:56:05,SPXW,2026-09-30,C,7200.0,7764.6401,576.2,3.0,577.8,3.0,501.39,0.0,511.0,0.2379,0.9893,0.0001,-0.4032,0.345,1.3632
2026-09-23T18:19:37Z,2026-09-23 03:56:05,SPXW,2026-09-30,P,7200.0,7764.6401,0.9,7.0,1.0,31.0,0.96,52.0,8291.0,0.2325,-0.0107,0.0001,-0.4034,0.3453,-0.0156
2026-09-23T18:19:37Z,2026-09-23 03:56:05,SPXW,2026-09-30,C,7205.0,7764.6401,557.0,2.0,581.0,2.0,418.61,0.0,78.0,0.0,0.9891,0.0001,-0.4079,0.3507,1.3639
2026-09-23T18:19:37Z,2026-09-23 03:56:05,SPXW,2026-09-30,P,7205.0,7764.6401,0.85,73.0,1.05,24.0,1.05,8.0,157.0,0.2307,-0.0109,0.0001,-0.4082,0.351,-0.0159
2026-09-23T18:19:37Z,2026-09-23 03:56:05,SPXW,2026-09-30,C,7210.0,7764.6401,552.1,2.0,576.1,2.0,478.72,0.0,41.0,0.0,0.9889,0.0001,-0.4127,0.3566,1.3645
2026-09-23T18:19:37Z,2026-09-23 03:56:05,SPXW,2026-09-30,P,7210.0,7764.6401,0.85,78.0,1.05,24.0,1.15,7.0,211.0,0.2289,-0.0111,0.0001,-0.413,0.3569,-0.0162
2026-09-23T18:19:37Z,2026-09-23 03:56:05,SPXW,2026-09-30,C,7215.0,7764.6401,547.0,2.0,571.0,2.0,473.44,0.0,67.0,0.0,0.9887,0.0001,-0.4176,0.3625,1.3652
2026-09-23T18:19:37Z,2026-09-23 03:56:05,SPXW,2026-09-30,P,7215.0,7764.6401,0.85,82.0,1.05,24.0,1.35,4.0,67.0,0.227,-0.0113,0.0001,-0.4179,0.3628,-0.0165
2026-09-23T18:19:37Z,2026-09-23 03:56:05,SPXW,2026-09-30,C,7220.0,7764.6401,542.1,2.0,566.1,2.0,557.75,10.0,113.0,0.0,0.9884,0.0001,-0.4226,0.3686,1.3658
2026-09-23T18:19:37Z,2026-09-23 03:56:05,SPXW,2026-09-30,P,7220.0,7764.6401,0.9,45.0,1.05,24.0,1.05,7.0,274.0,0.2259,-0.0115,0.0001,-0.4228,0.369,-0.0168
2026-09-23T18:19:37Z,2026-09-23 03:56:05,SPXW,2026-09-30,C,7225.0,7764.6401,537.0,2.0,561.0,2.0,410.85,0.0,92.0,0.0,0.9882,0.0001,-0.4276,0.3749,1.3665
2026-09-23T18:19:37Z,2026-09-23 03:56:05,SPXW,2026-09-30,P,7225.0,7764.6401,0.9,73.0,1.1,23.0,1.05,5.0,429.0,0.2248,-0.0118,0.0001,-0.4279,0.3753,-0.0172
2026-09-23T18:19:37Z,2026-09-23 03:56:05,SPXW,2026-09-30,C,7230.0,7764.6401,532.1,2.0,556.1,2.0,480.81,0.0,38.0,0.0,0.988,0.0001,-0.4327,0.3813,1.3671
2026-09-23T18:19:37Z,2026-09-23 03:56:05,SPXW,2026-09-30,P,7230.0,7764.6401,0.9,79.0,1.1,23.0,1.22,10.0,140.0,0.223,-0.012,0.0001,-0.433,0.3817,-0.0175
2026-09-23T18:19:37Z,2026-09-23 03:56:05,SPXW,2026-09-30,C,7235.0,7764.6401,527.1,2.0,551.1,2.0,348.0,0.0,70.0,0.0,0.9878,0.0001,-0.4379,0.3879,1.3677
2026-09-23T18:19:37Z,2026-09-23 03:56:05,SPXW,2026-09-30,P,7235.0,7764.6401,0.95,44.0,1.1,23.0,1.14,6.0,394.0,0.2219,-0.0122,0.0001,-0.4382,0.3883,-0.0178
2026-09-23T18:19:37Z,2026-09-23 03:56:05,SPXW,2026-09-30,C,7240.0,7764.6401,522.1,2.0,546.1,2.0,472.81,0.0,235.0,0.0,0.9875,0.0001,-0.4432,0.3947,1.3683
2026-09-23T18:19:37Z,2026-09-23 03:56:05,SPXW,2026-09-30,P,7240.0,7764.6401,0.95,71.0,1.15,23.0,2.1,0.0,1940.0,0.2207,-0.0125,0.0001,-0.4435,0.395,-0.0182
2026-09-23T18:19:37Z,2026-09-23 03:56:05,SPXW,2026-09-30,C,7245.0,7764.6401,517.3,2.0,541.3,2.0,386.56,0.0,19.0,0.0,0.9873,0.0001,-0.4486,0.4016,1.3689
2026-09-23T18:19:37Z,2026-09-23 03:56:05,SPXW,2026-09-30,P,7245.0,7764.6401,0.95,77.0,1.15,23.0,1.3,1.0,76.0,0.2189,-0.0127,0.0001,-0.4489,0.4019,-0.0186
2026-09-23T18:19:37Z,2026-09-23 03:56:05,SPXW,2026-09-30,C,7250.0,7764.6401,512.1,2.0,536.1,2.0,527.46,10.0,89.0,0.0,0.987,0.0001,-0.4541,0.4087,1.3695
2026-09-23T18:19:37Z,2026-09-23 03:56:05,SPXW,2026-09-30,P,7250.0,7764.6401,1.05,6.0,1.15,29.0,1.15,139.0,5339.0,0.2184,-0.013,0.0001,-0.4544,0.409,-0.0189
2026-09-23T18:19:37Z,2026-09-23 03:56:05,SPXW,2026-09-30,C,7255.0,7764.6401,507.2,2.0,531.2,2.0,379.6,0.0,48.0,0.0,0.9867,0.0001,-0.4597,0.4159,1.3701
2026-09-23T18:19:37Z,2026-09-23 03:56:05,SPXW,2026-09-30,P,7255.0,7764.6401,1.0,72.0,1.2,23.0,1.32,10.0,217.0,0.2165,-0.0132,0.0001,-0.46,0.4163,-0.0193
2026-09-23T18:19:37Z,2026-09-23 03:56:05,SPXW,2026-09-30,C,7260.0,7764.6401,502.2,2.0,526.2,2.0,392.32,0.0,145.0,0.0,0.9865,0.0001,-0.4654,0.4233,1.3706
2026-09-23T18:19:37Z,2026-09-23 03:56:05,SPXW,2026-09-30,P,7260.0,7764.6401,1.0,76.0,1.2,23.0,2.1,0.0,244.0,0.2146,-0.0135,0.0001,-0.4656,0.4237,-0.0197
2026-09-23T18:19:37Z,2026-09-23 03:56:05,SPXW,2026-09-30,C,7265.0,7764.6401,497.2,2.0,521.2,2.0,353.4,0.0,48.0,0.0,0.9862,0.0001,-0.4711,0.4309,1.3712
2026-09-23T18:19:37Z,2026-09-23 03:56:05,SPXW,2026-09-30,P,7265.0,7764.6401,1.05,43.0,1.2,23.0,2.39,0.0,204.0,0.2134,-0.0138,0.0001,-0.4714,0.4313,-0.0201
2026-09-23T18:19:37Z,2026-09-23 03:56:05,SPXW,2026-09-30,C,7270.0,7764.6401,492.3,2.0,516.3,2.0,513.14,2.0,61.0,0.0,0.9859,0.0001,-0.477,0.4387,1.3717
2026-09-23T18:19:37Z,2026-09-23 03:56:05,SPXW,2026-09-30,P,7270.0,7764.6401,1.05,72.0,1.25,23.0,2.45,0.0,173.0,0.2122,-0.0141,0.0001,-0.4773,0.4391,-0.0205
2026-09-23T18:19:37Z,2026-09-23 03:56:05,SPXW,2026-09-30,C,7275.0,7764.6401,487.2,2.0,511.2,2.0,486.12,0.0,189.0,0.0,0.9856,0.0001,-0.483,0.4466,1.3722
2026-09-23T18:19:37Z,2026-09-23 03:56:05,SPXW,2026-09-30,P,7275.0,7764.6401,1.05,78.0,1.25,23.0,1.65,5.0,1324.0,0.2103,-0.0144,0.0001,-0.4834,0.447,-0.021
2026-09-23T18:19:37Z,2026-09-23 03:56:05,SPXW,2026-09-30,C,7280.0,7764.6401,482.1,2.0,506.1,2.0,503.19,1.0,187.0,0.0,0.9853,0.0002,-0.4892,0.4547,1.3727
2026-09-23T18:19:37Z,2026-09-23 03:56:05,SPXW,2026-09-30,P,7280.0,7764.6401,1.1,45.0,1.25,23.0,1.43,2.0,203.0,0.209,-0.0147,0.0002,-0.4895,0.4552,-0.0214
2026-09-23T18:19:37Z,2026-09-23 03:56:05,SPXW,2026-09-30,C,7285.0,7764.6401,477.3,2.0,501.3,2.0,465.66,0.0,52.0,0.0,0.985,0.0002,-0.4954,0.463,1.3732
2026-09-23T18:19:37Z,2026-09-23 03:56:05,SPXW,2026-09-30,P,7285.0,7764.6401,1.1,74.0,1.3,23.0,2.49,0.0,300.0,0.2078,-0.015,0.0002,-0.4958,0.4635,-0.0219
2026-09-23T18:19:37Z,2026-09-23 03:56:05,SPXW,2026-09-30,C,7290.0,7764.6401,472.4,2.0,496.4,2.0,477.77,1.0,297.0,0.0,0.9847,0.0002,-0.5018,0.4715,1.3737
2026-09-23T18:19:37Z,2026-09-23 03:56:05,SPXW,2026-09-30,P,7290.0,7764.6401,1.15,42.0,1.3,23.0,1.28,100.0,360.0,0.2065,-0.0153,0.0002,-0.5022,0.472,-0.0224
2026-09-23T18:19:37Z,2026-09-23 03:56:05,SPXW,2026-09-30,C,7295.0,7764.6401,467.4,2.0,491.4,2.0,342.66,0.0,139.0,0.0,0.9844,0.0002,-0.5084,0.4802,1.3742
2026-09-23T18:19:37Z,2026-09-23 03:56:05,SPXW,2026-09-30,P,7295.0,7764.6401,1.15,72.0,1.35,23.0,1.72,10.0,221.0,0.2052,-0.0156,0.0002,-0.5087,0.4807,-0.0229
2026-09-23T18:19:37Z,2026-09-23 03:56:05,SPXW,2026-09-30,C,7300.0,7764.6401,462.4,2.0,486.4,2.0,475.75,0.0,3540.0,0.0,0.984,0.0002,-0.515,0.4891,1.3746
2026-09-23T18:19:37Z,2026-09-23 03:56:05,SPXW,2026-09-30,P,7300.0,7764.6401,1.2,5.0,1.35,28.0,1.26,193.0,5457.0,0.2039,-0.016,0.0002,-0.515,0.4891,-0.0233
2026-09-23T18:19:37Z,2026-09-23 03:56:05,SPXW,2026-09-30,C,7305.0,7764.6401,457.5,2.0,481.5,2.0,360.13,0.0,43.0,0.0,0.9837,0.0002,-0.5219,0.4982,1.3751
2026-09-23T18:19:37Z,2026-09-23 03:56:05,SPXW,2026-09-30,P,7305.0,7764.6401,1.2,68.0,1.4,22.0,2.58,0.0,145.0,0.2025,-0.0163,0.0002,-0.5222,0.4987,-0.0239
2026-09-23T18:19:37Z,2026-09-23 03:56:05,SPXW,2026-09-30,C,7310.0,7764.6401,452.4,2.0,476.4,2.0,408.27,0.0,2006.0,0.0,0.9833,0.0002,-0.5288,0.5076,1.3755
2026-09-23T18:19:37Z,2026-09-23 03:56:05,SPXW,2026-09-30,P,7310.0,7764.6401,1.2,75.0,1.4,23.0,1.89,1.0,152.0,0.2007,-0.0167,0.0002,-0.5288,0.5076,-0.0244
2026-09-23T18:19:37Z,2026-09-23 03:56:05,SPXW,2026-09-30,C,7315.0,7764.6401,447.6,2.0,471.6,2.0,328.94,0.0,244.0,0.0,0.9829,0.0002,-0.536,0.5172,1.3759
2026-09-23T18:19:37Z,2026-09-23 03:56:05,SPXW,2026-09-30,P,7315.0,7764.6401,1.25,45.0,1.4,22.0,2.87,0.0,141.0,0.1993,-0.017,0.0002,-0.536,0.5172,-0.025
2026-09-23T18:19:37Z,2026-09-23 03:56:05,SPXW,2026-09-30,C,7320.0,7764.6401,442.6,2.0,466.6,2.0,439.64,0.0,836.0,0.0,0.9826,0.0002,-0.5433,0.5271,1.3763
2026-09-23T18:19:37Z,2026-09-23 03:56:05,SPXW,2026-09-30,P,7320.0,7764.6401,1.25,73.0,1.45,22.0,1.55,11.0,516.0,0.1979,-0.0174,0.0002,-0.5433,0.5271,-0.0255
2026-09-23T18:19:37Z,2026-09-23 03:56:05,SPXW,2026-09-30,C,7325.0,7764.6401,437.6,2.0,461.6,2.0,434.69,0.0,251.0,0.0,0.9822,0.0002,-0.5508,0.5373,1.3767
2026-09-23T18:19:37Z,2026-09-23 03:56:05,SPXW,2026-09-30,P,7325.0,7764.6401,1.3,45.0,1.45,22.0,1.6,81.0,1676.0,0.1965,-0.0178,0.0002,-0.5508,0.5373,-0.0261
2026-09-23T18:19:37Z,2026-09-23 03:56:05,SPXW,2026-09-30,C,7330.0,7764.6401,432.6,2.0,456.6,2.0,317.78,0.0,208.0,0.0,0.9817,0.0002,-0.5584,0.5478,1.377
2026-09-23T18:19:37Z,2026-09-23 03:56:05,SPXW,2026-09-30,P,7330.0,7764.6401,1.3,73.0,1.5,22.0,1.95,8.0,185.0,0.1951,-0.0182,0.0002,-0.5584,0.5478,-0.0267
2026-09-23T18:19:37Z,2026-09-23 03:56:05,SPXW,2026-09-30,C,7335.0,7764.6401,427.6,2.0,451.6,2.0,313.33,0.0,197.0,0.0,0.9813,0.0002,-0.5663,0.5587,1.3774
2026-09-23T18:19:37Z,2026-09-23 03:56:05,SPXW,2026-09-30,P,7335.0,7764.6401,1.35,44.0,1.5,22.0,1.85,17.0,169.0,0.1937,-0.0186,0.0002,-0.5663,0.5587,-0.0273
2026-09-23T18:19:37Z,2026-09-23 03:56:05,SPXW,2026-09-30,C,7340.0,7764.6401,422.6,2.0,446.6,2.0,439.15,5.0,279.0,0.0,0.9809,0.0002,-0.5743,0.5699,1.3777
2026-09-23T18:19:37Z,2026-09-23 03:56:05,SPXW,2026-09-30,P,7340.0,7764.6401,1.35,90.0,1.55,22.0,2.77,0.0,501.0,0.1922,-0.0191,0.0002,-0.5743,0.5699,-0.0279
2026-09-23T18:19:37Z,2026-09-23 03:56:05,SPXW,2026-09-30,C,7345.0,7764.6401,417.6,2.0,441.6,2.0,277.97,0.0,211.0,0.0,0.9804,0.0002,-0.5826,0.5814,1.378
2026-09-23T18:19:37Z,2026-09-23 03:56:05,SPXW,2026-09-30,P,7345.0,7764.6401,1.4,69.0,1.6,22.0,1.5,4.0,386.0,0.1913,-0.0196,0.0002,-0.5826,0.5814,-0.0286
2026-09-23T18:19:37Z,2026-09-23 03:56:05,SPXW,2026-09-30,C,7350.0,7764.6401,412.8,2.0,436.8,2.0,433.81,0.0,623.0,0.0,0.98,0.0002,-0.591,0.5933,1.3782
2026-09-23T18:19:37Z,2026-09-23 03:56:05,SPXW,2026-09-30,P,7350.0,7764.6401,1.45,45.0,1.6,27.0,1.52,3106.0,4117.0,0.1898,-0.02,0.0002,-0.591,0.5933,-0.0293
2026-09-23T18:19:37Z,2026-09-23 03:56:05,SPXW,2026-09-30,C,7355.0,7764.6401,407.7,2.0,431.7,2.0,317.8,0.0,7.0,0.0,0.9795,0.0002,-0.5997,0.6056,1.3785
2026-09-23T18:19:37Z,2026-09-23 03:56:05,SPXW,2026-09-30,P,7355.0,7764.6401,1.45,71.0,1.65,22.0,1.55,23.0,182.0,0.1883,-0.0205,0.0002,-0.5997,0.6056,-0.03
2026-09-23T18:19:37Z,2026-09-23 03:56:05,SPXW,2026-09-30,C,7360.0,7764.6401,402.6,2.0,426.6,2.0,338.85,0.0,216.0,0.0,0.979,0.0002,-0.6087,0.6182,1.3787
2026-09-23T18:19:37Z,2026-09-23 03:56:05,SPXW,2026-09-30,P,7360.0,7764.6401,1.5,39.0,1.65,22.0,1.6,4.0,829.0,0.1868,-0.021,0.0002,-0.6087,0.6182,-0.0307
2026-09-23T18:19:37Z,2026-09-23 03:56:05,SPXW,2026-09-30,C,7365.0,7764.6401,397.9,1.0,421.8,1.0,334.2,0.0,8.0,0.0,0.9784,0.0002,-0.6178,0.6312,1.3789
2026-09-23T18:19:37Z,2026-09-23 03:56:05,SPXW,2026-09-30,P,7365.0,7764.6401,1.5,89.0,1.7,21.0,1.9,13.0,196.0,0.1852,-0.0216,0.0002,-0.6181,0.6316,-0.0315
2026-09-23T18:19:37Z,2026-09-23 03:56:05,SPXW,2026-09-30,C,7370.0,7764.6401,392.9,2.0,416.9,2.0,286.9,0.0,52.0,0.0,0.9779,0.0002,-0.6273,0.6446,1.3791
2026-09-23T18:19:37Z,2026-09-23 03:56:05,SPXW,2026-09-30,P,7370.0,7764.6401,1.55,69.0,1.75,21.0,1.92,5.0,237.0,0.1842,-0.0221,0.0002,-0.6273,0.6446,-0.0323
2026-09-23T18:19:37Z,2026-09-23 03:56:05,SPXW,2026-09-30,C,7375.0,7764.6401,387.9,2.0,411.9,2.0,404.35,5.0,166.0,0.0,0.9773,0.0003,-0.637,0.6584,1.3792
2026-09-23T18:19:37Z,2026-09-23 03:56:05,SPXW,2026-09-30,P,7375.0,7764.6401,1.6,47.0,1.8,21.0,1.7,100.0,460.0,0.1831,-0.0226,0.0003,-0.637,0.6584,-0.0332
2026-09-23T18:19:37Z,2026-09-23 03:56:05,SPXW,2026-09-30,C,7380.0,7764.6401,382.9,2.0,406.9,2.0,391.66,2.0,114.0,0.0,0.9768,0.0003,-0.647,0.6726,1.3792
2026-09-23T18:19:37Z,2026-09-23 03:56:05,SPXW,2026-09-30,P,7380.0,7764.6401,1.65,38.0,1.8,21.0,2.02,57.0,866.0,0.1815,-0.0232,0.0003,-0.647,0.6726,-0.034
2026-09-23T18:19:37Z,2026-09-23 03:56:05,SPXW,2026-09-30,C,7385.0,7764.6401,377.9,2.0,401.9,2.0,459.79,0.0,21.0,0.0,0.9762,0.0003,-0.6573,0.6871,1.3793
2026-09-23T18:19:37Z,2026-09-23 03:56:05,SPXW,2026-09-30,P,7385.0,7764.6401,1.65,68.0,1.85,21.0,3.3,0.0,84.0,0.1799,-0.0238,0.0003,-0.6573,0.6871,-0.0349
2026-09-23T18:19:37Z,2026-09-23 03:56:05,SPXW,2026-09-30,C,7390.0,7764.6401,373.0,2.0,397.0,2.0,381.71,2.0,32.0,0.0,0.9755,0.0003,-0.6679,0.7022,1.3793
2026-09-23T18:19:37Z,2026-09-23 03:56:05,SPXW,2026-09-30,P,7390.0,7764.6401,1.7,66.0,1.9,21.0,1.88,24.0,334.0,0.1787,-0.0244,0.0003,-0.6679,0.7022,-0.0359
2026-09-23T18:19:37Z,2026-09-23 03:56:05,SPXW,2026-09-30,C,7395.0,7764.6401,368.1,2.0,392.1,2.0,460.16,0.0,14.0,0.0,0.9749,0.0003,-0.6788,0.7176,1.3793
2026-09-23T18:19:37Z,2026-09-23 03:56:05,SPXW,2026-09-30,P,7395.0,7764.6401,1.75,46.0,1.95,20.0,1.82,36.0,231.0,0.1775,-0.0251,0.0003,-0.6788,0.7176,-0.0369
2026-09-23T18:19:37Z,2026-09-23 03:56:05,SPXW,2026-09-30,C,7400.0,7764.6401,363.1,2.0,387.1,2.0,376.8,4.0,1954.0,0.0,0.9742,0.0003,-0.6901,0.7336,1.3792
2026-09-23T18:19:37Z,2026-09-23 03:56:05,SPXW,2026-09-30,P,7400.0,7764.6401,1.85,4.0,2.0,24.0,1.99,420.0,9021.0,0.1766,-0.0258,0.0003,-0.6901,0.7336,-0.0379
2026-09-23T18:19:37Z,2026-09-23 03:56:05,SPXW,2026-09-30,C,7405.0,7764.6401,358.1,2.0,382.1,2.0,242.28,0.0,20.0,0.0,0.9735,0.0003,-0.7017,0.7502,1.3792
2026-09-23T18:19:37Z,2026-09-23 03:56:05,SPXW,2026-09-30,P,7405.0,7764.6401,1.85,44.0,2.05,20.0,1.9,25.0,197.0,0.175,-0.0265,0.0003,-0.7017,0.7502,-0.0389
2026-09-23T18:19:37Z,2026-09-23 03:56:05,SPXW,2026-09-30,C,7410.0,7764.6401,353.3,2.0,377.3,2.0,340.54,0.0,117.0,0.0,0.9727,0.0003,-0.7138,0.7673,1.379
2026-09-23T18:19:37Z,2026-09-23 03:56:05,SPXW,2026-09-30,P,7410.0,7764.6401,1.9,36.0,2.1,20.0,2.1,30.0,891.0,0.1736,-0.0272,0.0003,-0.7138,0.7673,-0.04
2026-09-23T18:19:37Z,2026-09-23 03:56:05,SPXW,2026-09-30,C,7415.0,7764.6401,348.2,2.0,372.2,2.0,428.05,0.0,22.0,0.0,0.972,0.0003,-0.7262,0.785,1.3788
2026-09-23T18:19:37Z,2026-09-23 03:56:05,SPXW,2026-09-30,P,7415.0,7764.6401,1.9,78.0,2.15,20.0,1.95,2.0,162.0,0.172,-0.028,0.0003,-0.7262,0.785,-0.0411
2026-09-23T18:19:37Z,2026-09-23 03:56:05,SPXW,2026-09-30,C,7420.0,7764.6401,343.4,2.0,367.4,2.0,182.38,0.0,1027.0,0.0,0.9712,0.0003,-0.7389,0.8035,1.3786
2026-09-23T18:19:37Z,2026-09-23 03:56:05,SPXW,2026-09-30,P,7420.0,7764.6401,1.95,62.0,2.2,19.0,2.67,12.0,271.0,0.1706,-0.0288,0.0003,-0.7389,0.8035,-0.0423
2026-09-23T18:19:37Z,2026-09-23 03:56:05,SPXW,2026-09-30,C,7425.0,7764.6401,338.5,2.0,362.5,2.0,337.74,0.0,282.0,0.0,0.9703,0.0004,-0.7522,0.8226,1.3784
2026-09-23T18:19:37Z,2026-09-23 03:56:05,SPXW,2026-09-30,P,7425.0,7764.6401,2.0,76.0,2.25,19.0,2.19,115.0,998.0,0.1692,-0.0296,0.0004,-0.7522,0.8226,-0.0435
2026-09-23T18:19:37Z,2026-09-23 03:56:05,SPXW,2026-09-30,C,7430.0,7764.6401,333.3,2.0,357.3,2.0,162.46,0.0,65.0,0.0,0.9695,0.0004,-0.7658,0.8424,1.3781
2026-09-23T18:19:37Z,2026-09-23 03:56:05,SPXW,2026-09-30,P,7430.0,7764.6401,2.1,42.0,2.3,19.0,2.27,10.0,450.0,0.1682,-0.0305,0.0004,-0.7658,0.8424,-0.0448
2026-09-23T18:19:37Z,2026-09-23 03:56:05,SPXW,2026-09-30,C,7435.0,7764.6401,328.5,2.0,352.5,2.0,360.33,0.0,21.0,0.0,0.9686,0.0004,-0.7799,0.863,1.3777
2026-09-23T18:19:37Z,2026-09-23 03:56:05,SPXW,2026-09-30,P,7435.0,7764.6401,2.15,42.0,2.35,19.0,2.3,26.0,263.0,0.1668,-0.0314,0.0004,-0.7799,0.863,-0.0461
2026-09-23T18:19:37Z,2026-09-23 03:56:05,SPXW,2026-09-30,C,7440.0,7764.6401,323.6,2.0,347.6,2.0,221.63,0.0,124.0,0.0,0.9676,0.0004,-0.7945,0.8843,1.3772
2026-09-23T18:19:37Z,2026-09-23 03:56:05,SPXW,2026-09-30,P,7440.0,7764.6401,2.2,42.0,2.4,19.0,2.35,32.0,962.0,0.1653,-0.0324,0.0004,-0.7945,0.8843,-0.0475
2026-09-23T18:19:37Z,2026-09-23 03:56:05,SPXW,2026-09-30,C,7445.0,7764.6401,318.7,2.0,342.7,2.0,411.83,0.0,8.0,0.0,0.9666,0.0004,-0.8096,0.9063,1.3767
2026-09-23T18:19:37Z,2026-09-23 03:56:05,SPXW,2026-09-30,P,7445.0,7764.6401,2.25,59.0,2.5,18.0,2.47,5.0,319.0,0.1641,-0.0334,0.0004,-0.8096,0.9063,-0.049
2026-09-23T18:19:37Z,2026-09-23 03:56:05,SPXW,2026-09-30,C,7450.0,7764.6401,313.8,2.0,337.8,2.0,326.17,2.0,1428.0,0.0,0.9656,0.0004,-0.8252,0.929,1.3761
2026-09-23T18:19:37Z,2026-09-23 03:56:05,SPXW,2026-09-30,P,7450.0,7764.6401,2.35,4.0,2.55,22.0,2.49,510.0,9119.0,0.1629,-0.0344,0.0004,-0.8252,0.929,-0.0506
2026-09-23T18:19:37Z,2026-09-23 03:56:05,SPXW,2026-09-30,C,7455.0,7764.6401,308.9,2.0,332.9,2.0,276.59,0.0,35.0,0.0,0.9645,0.0004,-0.8413,0.9525,1.3754
2026-09-23T18:19:37Z,2026-09-23 03:56:05,SPXW,2026-09-30,P,7455.0,7764.6401,2.4,41.0,2.6,18.0,2.6,87.0,161.0,0.1614,-0.0355,0.0004,-0.8413,0.9525,-0.0522
2026-09-23T18:19:37Z,2026-09-23 03:56:05,SPXW,2026-09-30,C,7460.0,7764.6401,303.9,2.0,327.9,2.0,313.15,0.0,57.0,0.0,0.9634,0.0004,-0.858,0.9767,1.3747
2026-09-23T18:19:37Z,2026-09-23 03:56:05,SPXW,2026-09-30,P,7460.0,7764.6401,2.5,4.0,2.7,21.0,2.57,11.0,511.0,0.1601,-0.0366,0.0004,-0.858,0.9767,-0.0539
2026-09-23T18:19:37Z,2026-09-23 03:56:05,SPXW,2026-09-30,C,7465.0,7764.6401,299.0,2.0,323.0,2.0,147.13,0.0,23.0,0.0,0.9622,0.0005,-0.8753,1.0017,1.3739
2026-09-23T18:19:37Z,2026-09-23 03:56:05,SPXW,2026-09-30,P,7465.0,7764.6401,2.5,56.0,2.75,17.0,2.68,58.0,383.0,0.1586,-0.0378,0.0005,-0.8753,1.0017,-0.0557
2026-09-23T18:19:37Z,2026-09-23 03:56:05,SPXW,2026-09-30,C,7470.0,7764.6401,294.0,2.0,318.0,2.0,181.58,0.0,52.0,0.0,0.9609,0.0005,-0.8932,1.0276,1.373
2026-09-23T18:19:37Z,2026-09-23 03:56:05,SPXW,2026-09-30,P,7470.0,7764.6401,2.6,38.0,2.85,17.0,2.55,29.0,211.0,0.1575,-0.039,0.0005,-0.8932,1.0276,-0.0575
2026-09-23T18:19:37Z,2026-09-23 03:56:05,SPXW,2026-09-30,C,7475.0,7764.6401,289.2,2.0,313.2,2.0,294.81,1.0,301.0,0.0988,0.9596,0.0005,-0.9117,1.0545,1.372
2026-09-23T18:19:37Z,2026-09-23 03:56:05,SPXW,2026-09-30,P,7475.0,7764.6401,2.75,4.0,2.9,4.0,2.83,52.0,2895.0,0.1564,-0.0403,0.0005,-0.9117,1.0545,-0.0594
2026-09-23T18:19:37Z,2026-09-23 03:56:05,SPXW,2026-09-30,C,7480.0,7764.6401,284.1,2.0,308.1,2.0,293.73,0.0,119.0,0.0,0.9583,0.0005,-0.9308,1.0825,1.371
2026-09-23T18:19:37Z,2026-09-23 03:56:05,SPXW,2026-09-30,P,7480.0,7764.6401,2.8,3.0,3.0,19.0,3.02,15.0,587.0,0.155,-0.0417,0.0005,-0.9308,1.0825,-0.0614
2026-09-23T18:19:37Z,2026-09-23 03:56:05,SPXW,2026-09-30,C,7485.0,7764.6401,279.2,2.0,303.2,2.0,228.39,0.0,13.0,0.0949,0.9568,0.0005,-0.9506,1.1116,1.3699
2026-09-23T18:19:37Z,2026-09-23 03:56:05,SPXW,2026-09-30,P,7485.0,7764.6401,2.85,46.0,3.1,16.0,2.9,26.0,245.0,0.1536,-0.0431,0.0005,-0.9506,1.1116,-0.0635
2026-09-23T18:19:37Z,2026-09-23 03:56:05,SPXW,2026-09-30,C,7490.0,7764.6401,274.5,2.0,298.5,2.0,252.15,0.0,109.0,0.1102,0.9554,0.0005,-0.9711,1.1418,1.3686
2026-09-23T18:19:37Z,2026-09-23 03:56:05,SPXW,2026-09-30,P,7490.0,7764.6401,3.0,9.0,3.2,15.0,2.9,59.0,239.0,0.1526,-0.0446,0.0005,-0.9711,1.1418,-0.0657
2026-09-23T18:19:37Z,2026-09-23 03:56:05,SPXW,2026-09-30,C,7495.0,7764.6401,269.6,2.0,293.6,2.0,109.9,0.0,17.0,0.1116,0.9538,0.0006,-0.9923,1.1733,1.3673
2026-09-23T18:19:37Z,2026-09-23 03:56:05,SPXW,2026-09-30,P,7495.0,7764.6401,3.1,9.0,3.3,15.0,3.17,18.0,333.0,0.1509,-0.0462,0.0006,-0.9923,1.1733,-0.068
2026-09-23T18:19:37Z,2026-09-23 03:56:05,SPXW,2026-09-30,C,7500.0,7764.6401,278.8,3.0,280.4,3.0,279.35,10.0,4389.0,0.1511,0.9522,0.0006,-1.0143,1.2059,1.3658
2026-09-23T18:19:37Z,2026-09-23 03:56:05,SPXW,2026-09-30,P,7500.0,7764.6401,3.2,12.0,3.4,18.0,3.3,2382.0,29514.0,0.15,-0.0478,0.0006,-1.0143,1.2059,-0.0704
2026-09-23T18:19:37Z,2026-09-23 03:56:05,SPXW,2026-09-30,C,7505.0,7764.6401,259.8,2.0,283.8,2.0,147.49,0.0,256.0,0.1132,0.9504,0.0006,-1.0369,1.2397,1.3642
2026-09-23T18:19:37Z,2026-09-23 03:56:05,SPXW,2026-09-30,P,7505.0,7764.6401,3.3,9.0,3.5,14.0,3.16,14.0,246.0,0.1487,-0.0495,0.0006,-1.0369,1.2397,-0.073
2026-09-23T18:19:37Z,2026-09-23 03:56:05,SPXW,2026-09-30,C,7510.0,7764.6401,254.9,2.0,278.9,2.0,260.06,1.0,142.0,0.1135,0.9486,0.0006,-1.0604,1.2745,1.3624
2026-09-23T18:19:37Z,2026-09-23 03:56:05,SPXW,2026-09-30,P,7510.0,7764.6401,3.4,11.0,3.6,3.0,3.3,52.0,1655.0,0.1473,-0.0514,0.0006,-1.0604,1.2745,-0.0757
2026-09-23T18:19:37Z,2026-09-23 03:56:05,SPXW,2026-09-30,C,7515.0,7764.6401,250.1,2.0,274.1,2.0,228.07,0.0,395.0,0.1155,0.9467,0.0006,-1.0846,1.3104,1.3605
2026-09-23T18:19:37Z,2026-09-23 03:56:05,SPXW,2026-09-30,P,7515.0,7764.6401,3.5,12.0,3.7,3.0,3.37,37.0,3557.0,0.1459,-0.0532,0.0006,-1.0846,1.3104,-0.0786
2026-09-23T18:19:37Z,2026-09-23 03:56:05,SPXW,2026-09-30,C,7520.0,7764.6401,245.2,2.0,269.2,2.0,260.12,1.0,178.0,0.1152,0.9448,0.0007,-1.1097,1.3474,1.3585
2026-09-23T18:19:37Z,2026-09-23 03:56:05,SPXW,2026-09-30,P,7520.0,7764.6401,3.6,35.0,3.9,13.0,3.4,44.0,324.0,0.1449,-0.0552,0.0007,-1.1097,1.3474,-0.0816
2026-09-23T18:19:37Z,2026-09-23 03:56:05,SPXW,2026-09-30,C,7525.0,7764.6401,240.4,2.0,264.4,2.0,255.96,5.0,1275.0,0.1164,0.9427,0.0007,-1.1356,1.3858,1.3564
2026-09-23T18:19:37Z,2026-09-23 03:56:05,SPXW,2026-09-30,P,7525.0,7764.6401,3.8,3.0,4.0,16.0,3.8,88.0,17029.0,0.1438,-0.0573,0.0007,-1.1356,1.3858,-0.0847
2026-09-23T18:19:37Z,2026-09-23 03:56:05,SPXW,2026-09-30,C,7530.0,7764.6401,235.5,2.0,259.5,2.0,213.82,0.0,482.0,0.1158,0.9405,0.0007,-1.1623,1.4255,1.3541
2026-09-23T18:19:37Z,2026-09-23 03:56:05,SPXW,2026-09-30,P,7530.0,7764.6401,3.9,8.0,4.2,13.0,3.7,2050.0,312.0,0.1426,-0.0595,0.0007,-1.1623,1.4255,-0.0879
2026-09-23T18:19:37Z,2026-09-23 03:56:05,SPXW,2026-09-30,C,7535.0,7764.6401,230.7,2.0,254.7,2.0,205.0,0.0,48.0,0.1165,0.9382,0.0008,-1.1899,1.4668,1.3516
2026-09-23T18:19:37Z,2026-09-23 03:56:05,SPXW,2026-09-30,P,7535.0,7764.6401,4.0,34.0,4.3,13.0,4.27,79.0,256.0,0.141,-0.0618,0.0008,-1.1899,1.4668,-0.0913
2026-09-23T18:19:37Z,2026-09-23 03:56:05,SPXW,2026-09-30,C,7540.0,7764.6401,225.9,2.0,249.9,2.0,174.46,0.0,54.0,0.1168,0.9358,0.0008,-1.2184,1.5098,1.3491
2026-09-23T18:19:37Z,2026-09-23 03:56:05,SPXW,2026-09-30,P,7540.0,7764.6401,4.2,8.0,4.5,13.0,4.0,69.0,1252.0,0.1402,-0.0642,0.0008,-1.2184,1.5098,-0.0949
2026-09-23T18:19:37Z,2026-09-23 03:56:05,SPXW,2026-09-30,C,7545.0,7764.6401,221.0,2.0,245.0,2.0,121.7,0.0,704.0,0.1159,0.9332,0.0008,-1.2477,1.5544,1.3463
2026-09-23T18:19:37Z,2026-09-23 03:56:05,SPXW,2026-09-30,P,7545.0,7764.6401,4.4,8.0,4.6,12.0,4.06,35.0,951.0,0.1389,-0.0667,0.0008,-1.2477,1.5544,-0.0986
2026-09-23T18:19:37Z,2026-09-23 03:56:05,SPXW,2026-09-30,C,7550.0,7764.6401,215.9,2.0,239.9,2.0,227.91,34.0,2243.0,0.1126,0.9306,0.0008,-1.2779,1.6006,1.3433
2026-09-23T18:19:37Z,2026-09-23 03:56:05,SPXW,2026-09-30,P,7550.0,7764.6401,4.5,11.0,4.8,15.0,4.8,1377.0,5550.0,0.1375,-0.0694,0.0008,-1.2779,1.6006,-0.1026
2026-09-23T18:19:37Z,2026-09-23 03:56:05,SPXW,2026-09-30,C,7555.0,7764.6401,211.4,2.0,235.4,2.0,199.4,0.0,84.0,0.1158,0.9278,0.0009,-1.3091,1.6482,1.34
2026-09-23T18:19:37Z,2026-09-23 03:56:05,SPXW,2026-09-30,P,7555.0,7764.6401,4.7,8.0,5.0,12.0,4.38,35.0,261.0,0.1364,-0.0722,0.0009,-1.3091,1.6482,-0.1068
2026-09-23T18:19:37Z,2026-09-23 03:56:05,SPXW,2026-09-30,C,7560.0,7764.6401,206.6,2.0,230.6,2.0,230.45,0.0,98.0,0.1155,0.9248,0.0009,-1.3411,1.6972,1.3365
2026-09-23T18:19:37Z,2026-09-23 03:56:05,SPXW,2026-09-30,P,7560.0,7764.6401,4.9,8.0,5.2,12.0,4.6,64.0,514.0,0.1353,-0.0751,0.0009,-1.3411,1.6972,-0.1112
2026-09-23T18:19:37Z,2026-09-23 03:56:05,SPXW,2026-09-30,C,7565.0,7764.6401,202.3,2.0,226.2,2.0,112.09,0.0,106.0,0.1189,0.9218,0.001,-1.3741,1.7474,1.3328
2026-09-23T18:19:37Z,2026-09-23 03:56:05,SPXW,2026-09-30,P,7565.0,7764.6401,5.1,8.0,5.4,11.0,4.9,62.0,112.0,0.1341,-0.0782,0.001,-1.3741,1.7474,-0.1159
2026-09-23T18:19:37Z,2026-09-23 03:56:05,SPXW,2026-09-30,C,7570.0,7764.6401,199.4,2.0,219.4,2.0,208.32,0.0,123.0,0.1178,0.9185,0.001,-1.4081,1.7992,1.3289
2026-09-23T18:19:37Z,2026-09-23 03:56:05,SPXW,2026-09-30,P,7570.0,7764.6401,5.3,20.0,5.6,12.0,5.04,154.0,498.0,0.1329,-0.0815,0.001,-1.4081,1.7992,-0.1207
2026-09-23T18:19:37Z,2026-09-23 03:56:05,SPXW,2026-09-30,C,7575.0,7764.6401,194.6,2.0,214.6,2.0,207.15,1.0,1145.0,0.117,0.9151,0.001,-1.443,1.8528,1.3248
2026-09-23T18:19:37Z,2026-09-23 03:56:05,SPXW,2026-09-30,P,7575.0,7764.6401,5.6,10.0,5.8,15.0,5.93,222.0,2820.0,0.1318,-0.0849,0.001,-1.443,1.8528,-0.1258
2026-09-23T18:19:37Z,2026-09-23 03:56:05,SPXW,2026-09-30,C,7580.0,7764.6401,189.9,1.0,209.8,1.0,196.92,1.0,122.0,0.1164,0.9115,0.0011,-1.4788,1.9083,1.3205
2026-09-23T18:19:37Z,2026-09-23 03:56:05,SPXW,2026-09-30,P,7580.0,7764.6401,5.8,10.0,6.0,15.0,5.5,99.0,565.0,0.1305,-0.0884,0.0011,-1.4788,1.9083,-0.1311
2026-09-23T18:19:37Z,2026-09-23 03:56:05,SPXW,2026-09-30,C,7585.0,7764.6401,185.1,2.0,205.1,2.0,101.8,0.0,47.0,0.1158,0.9078,0.0011,-1.5155,1.9659,1.3159
2026-09-23T18:19:37Z,2026-09-23 03:56:05,SPXW,2026-09-30,P,7585.0,7764.6401,6.1,7.0,6.3,11.0,6.38,668.0,224.0,0.1296,-0.0922,0.0011,-1.5155,1.9659,-0.1366
2026-09-23T18:19:37Z,2026-09-23 03:56:05,SPXW,2026-09-30,C,7590.0,7764.6401,180.4,2.0,200.4,2.0,167.93,0.0,133.0,0.1153,0.9038,0.0012,-1.5532,2.0255,1.311
2026-09-23T18:19:37Z,2026-09-23 03:56:05,SPXW,2026-09-30,P,7590.0,7764.6401,6.3,7.0,6.5,11.0,6.72,43.0,285.0,0.1281,-0.0962,0.0012,-1.5532,2.0255,-0.1425
2026-09-23T18:19:37Z,2026-09-23 03:56:05,SPXW,2026-09-30,C,7595.0,7764.6401,175.7,2.0,195.7,2.0,177.51,2.0,98.0,0.1148,0.8996,0.0012,-1.5918,2.0867,1.3057
2026-09-23T18:19:37Z,2026-09-23 03:56:05,SPXW,2026-09-30,P,7595.0,7764.6401,6.6,6.0,6.8,11.0,7.02,133.0,151.0,0.1271,-0.1003,0.0012,-1.5918,2.0867,-0.1488
2026-09-23T18:19:37Z,2026-09-23 03:56:05,SPXW,2026-09-30,C,7600.0,7764.6401,182.6,4.0,184.1,3.0,180.46,49.0,4655.0,0.1266,0.8953,0.0013,-1.6313,2.1493,1.3
2026-09-23T18:19:37Z,2026-09-23 03:56:05,SPXW,2026-09-30,P,7600.0,7764.6401,6.9,8.0,7.1,12.0,7.2,2522.0,15859.0,0.126,-0.1047,0.0013,-1.6313,2.1493,-0.1554
2026-09-23T18:19:37Z,2026-09-23 03:56:05,SPXW,2026-09-30,C,7605.0,7764.6401,166.1,2.0,186.1,2.0,176.82,3.0,146.0,0.1122,0.8907,0.0013,-1.6717,2.2133,1.294
2026-09-23T18:19:37Z,2026-09-23 03:56:05,SPXW,2026-09-30,P,7605.0,7764.6401,7.2,6.0,7.4,10.0,7.67,232.0,262.0,0.1248,-0.1093,0.0013,-1.6717,2.2133,-0.1624
2026-09-23T18:19:37Z,2026-09-23 03:56:05,SPXW,2026-09-30,C,7610.0,7764.6401,161.7,2.0,181.7,2.0,185.34,0.0,638.0,0.1129,0.8858,0.0014,-1.7131,2.2788,1.2877
2026-09-23T18:19:37Z,2026-09-23 03:56:05,SPXW,2026-09-30,P,7610.0,7764.6401,7.6,6.0,7.8,10.0,7.95,109.0,242.0,0.124,-0.1141,0.0014,-1.7131,2.2788,-0.1696
2026-09-23T18:19:37Z,2026-09-23 03:56:05,SPXW,2026-09-30,C,7615.0,7764.6401,157.1,2.0,177.1,2.0,167.93,6.0,226.0,0.1125,0.8808,0.0014,-1.7553,2.3464,1.2811
2026-09-23T18:19:37Z,2026-09-23 03:56:05,SPXW,2026-09-30,P,7615.0,7764.6401,7.9,6.0,8.1,9.0,8.25,193.0,2414.0,0.1226,-0.1192,0.0014,-1.7553,2.3464,-0.1772
2026-09-23T18:19:37Z,2026-09-23 03:56:05,SPXW,2026-09-30,C,7620.0,7764.6401,164.0,3.0,165.5,3.0,164.33,53.0,228.0,0.1222,0.8754,0.0015,-1.7983,2.4162,1.2742
2026-09-23T18:19:37Z,2026-09-23 03:56:05,SPXW,2026-09-30,P,7620.0,7764.6401,8.3,5.0,8.5,8.0,8.74,268.0,409.0,0.1217,-0.1246,0.0015,-1.7983,2.4162,-0.185
2026-09-23T18:19:37Z,2026-09-23 03:56:05,SPXW,2026-09-30,C,7625.0,7764.6401,147.9,2.0,167.9,2.0,159.37,52.0,538.0,0.1111,0.8698,0.0016,-1.8422,2.4883,1.2668
2026-09-23T18:19:37Z,2026-09-23 03:56:05,SPXW,2026-09-30,P,7625.0,7764.6401,8.7,7.0,8.9,10.0,8.43,205.0,1967.0,0.1206,-0.1302,0.0016,-1.8422,2.4883,-0.1934
2026-09-23T18:19:37Z,2026-09-23 03:56:05,SPXW,2026-09-30,C,7630.0,7764.6401,143.3,1.0,163.2,1.0,154.92,0.0,411.0,0.11,0.8639,0.0016,-1.8868,2.562,1.2588
2026-09-23T18:19:37Z,2026-09-23 03:56:05,SPXW,2026-09-30,P,7630.0,7764.6401,9.1,5.0,9.3,8.0,8.41,31.0,353.0,0.1195,-0.1361,0.0016,-1.8868,2.562,-0.2024
2026-09-23T18:19:37Z,2026-09-23 03:56:05,SPXW,2026-09-30,C,7635.0,7764.6401,138.8,1.0,158.7,1.0,150.91,20.0,586.0,0.1095,0.8576,0.0017,-1.9322,2.6369,1.2502
2026-09-23T18:19:37Z,2026-09-23 03:56:05,SPXW,2026-09-30,P,7635.0,7764.6401,9.5,7.0,9.8,9.0,8.9,39.0,286.0,0.1184,-0.1423,0.0017,-1.9322,2.6369,-0.2119
2026-09-23T18:19:37Z,2026-09-23 03:56:05,SPXW,2026-09-30,C,7640.0,7764.6401,134.0,2.0,154.0,2.0,154.58,0.0,260.0,0.1078,0.8511,0.0017,-1.9783,2.7127,1.2413
2026-09-23T18:19:37Z,2026-09-23 03:56:05,SPXW,2026-09-30,P,7640.0,7764.6401,10.0,7.0,10.3,9.0,9.3,93.0,445.0,0.1175,-0.1489,0.0017,-1.9783,2.7127,-0.2218
2026-09-23T18:19:37Z,2026-09-23 03:56:05,SPXW,2026-09-30,C,7645.0,7764.6401,129.6,2.0,149.6,2.0,132.02,3.0,739.0,0.1075,0.8442,0.0018,-2.0251,2.7899,1.232
2026-09-23T18:19:37Z,2026-09-23 03:56:05,SPXW,2026-09-30,P,7645.0,7764.6401,10.5,7.0,10.8,9.0,9.85,131.0,813.0,0.1164,-0.1558,0.0018,-2.0251,2.7899,-0.2321
2026-09-23T18:19:37Z,2026-09-23 03:56:05,SPXW,2026-09-30,C,7650.0,7764.6401,136.8,3.0,138.2,3.0,135.04,33.0,2724.0,0.1154,0.8369,0.0019,-2.0724,2.8691,1.2222
2026-09-23T18:19:37Z,2026-09-23 03:56:05,SPXW,2026-09-30,P,7650.0,7764.6401,11.0,7.0,11.3,14.0,11.59,1947.0,6643.0,0.1153,-0.163,0.0019,-2.0724,2.8691,-0.2428
2026-09-23T18:19:37Z,2026-09-23 03:56:05,SPXW,2026-09-30,C,7655.0,7764.6401,120.8,2.0,140.8,2.0,131.34,1.0,288.0,0.1064,0.8293,0.002,-2.1202,2.9504,1.2118
2026-09-23T18:19:37Z,2026-09-23 03:56:05,SPXW,2026-09-30,P,7655.0,7764.6401,11.6,4.0,11.8,7.0,10.85,15.0,106.0,0.1142,-0.1706,0.002,-2.1202,2.9504,-0.2542
2026-09-23T18:19:37Z,2026-09-23 03:56:05,SPXW,2026-09-30,C,7660.0,7764.6401,116.3,2.0,136.3,2.0,129.75,19.0,279.0,0.1052,0.8213,0.002,-2.1684,3.0331,1.2006
2026-09-23T18:19:37Z,2026-09-23 03:56:05,SPXW,2026-09-30,P,7660.0,7764.6401,12.2,6.0,12.4,9.0,11.03,77.0,235.0,0.1132,-0.1787,0.002,-2.1684,3.0331,-0.2663
2026-09-23T18:19:37Z,2026-09-23 03:56:05,SPXW,2026-09-30,C,7665.0,7764.6401,112.1,2.0,132.1,2.0,117.57,5.0,307.0,0.1051,0.8129,0.0021,-2.2169,3.1163,1.1887
2026-09-23T18:19:37Z,2026-09-23 03:56:05,SPXW,2026-09-30,P,7665.0,7764.6401,12.8,6.0,13.1,13.0,13.5,40.0,268.0,0.1123,-0.1871,0.0021,-2.2169,3.1163,-0.2791
2026-09-23T18:19:37Z,2026-09-23 03:56:05,SPXW,2026-09-30,C,7670.0,7764.6401,107.8,2.0,127.8,2.0,119.73,1.0,176.0,0.1044,0.804,0.0022,-2.2656,3.1995,1.1763
2026-09-23T18:19:37Z,2026-09-23 03:56:05,SPXW,2026-09-30,P,7670.0,7764.6401,13.5,6.0,13.8,13.0,14.4,87.0,322.0,0.1114,-0.1959,0.0022,-2.2656,3.1995,-0.2925
2026-09-23T18:19:37Z,2026-09-23 03:56:05,SPXW,2026-09-30,C,7675.0,7764.6401,103.4,2.0,123.4,2.0,114.09,4.0,3561.0,0.1032,0.7948,0.0023,-2.3143,3.283,1.1634
2026-09-23T18:19:37Z,2026-09-23 03:56:05,SPXW,2026-09-30,P,7675.0,7764.6401,14.2,6.0,14.5,13.0,15.11,1477.0,3409.0,0.1104,-0.2052,0.0023,-2.3143,3.283,-0.3064
2026-09-23T18:19:37Z,2026-09-23 03:56:05,SPXW,2026-09-30,C,7680.0,7764.6401,99.3,2.0,119.3,2.0,111.8,8.0,269.0,0.1029,0.785,0.0024,-2.3628,3.3678,1.1499
2026-09-23T18:19:37Z,2026-09-23 03:56:05,SPXW,2026-09-30,P,7680.0,7764.6401,15.0,4.0,15.2,7.0,16.06,104.0,210.0,0.1094,-0.215,0.0024,-2.3628,3.3678,-0.3209
2026-09-23T18:19:37Z,2026-09-23 03:56:05,SPXW,2026-09-30,C,7685.0,7764.6401,95.1,2.0,115.1,2.0,100.96,6.0,105.0,0.1022,0.7748,0.0024,-2.4111,3.4535,1.1354
2026-09-23T18:19:37Z,2026-09-23 03:56:05,SPXW,2026-09-30,P,7685.0,7764.6401,15.8,6.0,16.0,8.0,15.0,151.0,377.0,0.1084,-0.2252,0.0024,-2.4111,3.4535,-0.3362
2026-09-23T18:19:37Z,2026-09-23 03:56:05,SPXW,2026-09-30,C,7690.0,7764.6401,90.9,2.0,110.9,2.0,101.04,9.0,208.0,0.1012,0.7641,0.0025,-2.4588,3.539,1.12
2026-09-23T18:19:37Z,2026-09-23 03:56:05,SPXW,2026-09-30,P,7690.0,7764.6401,16.6,4.0,16.9,11.0,17.96,90.0,218.0,0.1075,-0.2359,0.0025,-2.4588,3.539,-0.3526
2026-09-23T18:19:37Z,2026-09-23 03:56:05,SPXW,2026-09-30,C,7695.0,7764.6401,87.0,2.0,107.0,2.0,100.1,5.0,553.0,0.101,0.7529,0.0026,-2.5058,3.6228,1.1039
2026-09-23T18:19:37Z,2026-09-23 03:56:05,SPXW,2026-09-30,P,7695.0,7764.6401,17.5,4.0,17.8,11.0,18.9,66.0,184.0,0.1067,-0.2471,0.0026,-2.5058,3.6228,-0.3697
2026-09-23T18:19:37Z,2026-09-23 03:56:05,SPXW,2026-09-30,C,7700.0,7764.6401,94.3,3.0,95.8,3.0,97.37,38.0,5323.0,0.1059,0.7412,0.0027,-2.5518,3.705,1.0873
2026-09-23T18:19:37Z,2026-09-23 03:56:05,SPXW,2026-09-30,P,7700.0,7764.6401,18.5,5.0,18.8,12.0,19.91,341.0,8247.0,0.1058,-0.2588,0.0027,-2.5518,3.705,-0.3872
2026-09-23T18:19:37Z,2026-09-23 03:56:05,SPXW,2026-09-30,C,7705.0,7764.6401,79.2,2.0,99.2,2.0,82.98,9.0,306.0,0.1001,0.7289,0.0028,-2.5966,3.7864,1.0701
2026-09-23T18:19:37Z,2026-09-23 03:56:05,SPXW,2026-09-30,P,7705.0,7764.6401,19.5,5.0,19.8,5.0,20.76,88.0,720.0,0.1049,-0.2711,0.0028,-2.5966,3.7864,-0.4054
2026-09-23T18:19:37Z,2026-09-23 03:56:05,SPXW,2026-09-30,C,7710.0,7764.6401,86.7,3.0,87.2,3.0,89.42,45.0,905.0,0.1035,0.7162,0.0029,-2.6398,3.867,1.0518
2026-09-23T18:19:37Z,2026-09-23 03:56:05,SPXW,2026-09-30,P,7710.0,7764.6401,20.6,4.0,20.9,4.0,22.3,2124.0,214.0,0.1042,-0.2838,0.0029,-2.6398,3.867,-0.4247
2026-09-23T18:19:37Z,2026-09-23 03:56:05,SPXW,2026-09-30,C,7715.0,7764.6401,82.8,3.0,83.3,3.0,81.2,41.0,227.0,0.1028,0.7029,0.003,-2.6811,3.9454,1.0324
2026-09-23T18:19:37Z,2026-09-23 03:56:05,SPXW,2026-09-30,P,7715.0,7764.6401,21.8,4.0,22.1,11.0,22.7,28.0,127.0,0.1034,-0.2971,0.003,-2.6811,3.9454,-0.445
2026-09-23T18:19:37Z,2026-09-23 03:56:05,SPXW,2026-09-30,C,7720.0,7764.6401,79.2,3.0,79.6,3.0,78.6,64.0,280.0,0.1022,0.6891,0.003,-2.7202,4.0198,1.0124
2026-09-23T18:19:37Z,2026-09-23 03:56:05,SPXW,2026-09-30,P,7720.0,7764.6401,23.0,4.0,23.3,1.0,24.68,165.0,304.0,0.1026,-0.3109,0.003,-2.7202,4.0198,-0.466
2026-09-23T18:19:37Z,2026-09-23 03:56:05,SPXW,2026-09-30,C,7725.0,7764.6401,75.6,4.0,75.9,3.0,73.8,284.0,1559.0,0.1014,0.6748,0.0031,-2.7568,4.0903,0.9919
2026-09-23T18:19:37Z,2026-09-23 03:56:05,SPXW,2026-09-30,P,7725.0,7764.6401,24.3,13.0,24.7,13.0,26.5,1161.0,577.0,0.1018,-0.3252,0.0031,-2.7568,4.0903,-0.4874
2026-09-23T18:19:37Z,2026-09-23 03:56:05,SPXW,2026-09-30,C,7730.0,7764.6401,72.0,5.0,72.3,3.0,72.1,52.0,737.0,0.1007,0.66,0.0032,-2.7906,4.1575,0.9707
2026-09-23T18:19:37Z,2026-09-23 03:56:05,SPXW,2026-09-30,P,7730.0,7764.6401,25.7,13.0,26.1,12.0,25.55,109.0,302.0,0.1011,-0.34,0.0032,-2.7906,4.1575,-0.5096
2026-09-23T18:19:37Z,2026-09-23 03:56:05,SPXW,2026-09-30,C,7735.0,7764.6401,68.4,5.0,68.8,3.0,68.6,2063.0,190.0,0.1001,0.6446,0.0033,-2.8212,4.2211,0.9483
2026-09-23T18:19:37Z,2026-09-23 03:56:05,SPXW,2026-09-30,P,7735.0,7764.6401,27.2,4.0,27.6,12.0,29.16,1992.0,160.0,0.1005,-0.3553,0.0033,-2.8212,4.2211,-0.533
2026-09-23T18:19:37Z,2026-09-23 03:56:05,SPXW,2026-09-30,C,7740.0,7764.6401,65.0,6.0,65.4,3.0,63.33,71.0,365.0,0.0995,0.6289,0.0033,-2.8481,4.2792,0.925
2026-09-23T18:19:37Z,2026-09-23 03:56:05,SPXW,2026-09-30,P,7740.0,7764.6401,28.7,12.0,29.1,3.0,31.25,83.0,245.0,0.0998,-0.3711,0.0033,-2.8481,4.2792,-0.5572
2026-09-23T18:19:37Z,2026-09-23 03:56:05,SPXW,2026-09-30,C,7745.0,7764.6401,61.7,6.0,62.0,3.0,60.01,76.0,140.0,0.0989,0.6126,0.0034,-2.871,4.3308,0.9016
2026-09-23T18:19:37Z,2026-09-23 03:56:05,SPXW,2026-09-30,P,7745.0,7764.6401,30.4,3.0,30.8,11.0,32.58,20.0,212.0,0.0992,-0.3873,0.0034,-2.871,4.3308,-0.5816
2026-09-23T18:19:37Z,2026-09-23 03:56:05,SPXW,2026-09-30,C,7750.0,7764.6401,58.4,7.0,58.8,3.0,65.05,1877.0,7023.0,0.0983,0.596,0.0035,-2.8898,4.3763,0.8776
2026-09-23T18:19:37Z,2026-09-23 03:56:05,SPXW,2026-09-30,P,7750.0,7764.6401,32.1,12.0,32.6,12.0,34.09,2392.0,1870.0,0.0987,-0.404,0.0035,-2.8898,4.3763,-0.6066
2026-09-23T18:19:37Z,2026-09-23 03:56:05,SPXW,2026-09-30,C,7755.0,7764.6401,55.3,7.0,55.6,3.0,59.82,75.0,459.0,0.0978,0.579,0.0035,-2.9039,4.4158,0.8526
2026-09-23T18:19:37Z,2026-09-23 03:56:05,SPXW,2026-09-30,P,7755.0,7764.6401,34.0,3.0,34.4,11.0,35.93,57.0,66.0,0.0981,-0.421,0.0035,-2.9039,4.4158,-0.6325
2026-09-23T18:19:37Z,2026-09-23 03:56:05,SPXW,2026-09-30,C,7760.0,7764.6401,52.2,9.0,52.6,3.0,51.34,2068.0,1061.0,0.0972,0.5616,0.0036,-2.9132,4.4482,0.8268
2026-09-23T18:19:37Z,2026-09-23 03:56:05,SPXW,2026-09-30,P,7760.0,7764.6401,35.9,12.0,36.4,12.0,38.1,155.0,353.0,0.0977,-0.4384,0.0036,-2.9132,4.4482,-0.6592
2026-09-23T18:19:37Z,2026-09-23 03:56:05,SPXW,2026-09-30,C,7765.0,7764.6401,49.3,9.0,49.6,3.0,48.35,220.0,907.0,0.0968,0.5439,0.0036,-2.9173,4.4725,0.801
2026-09-23T18:19:37Z,2026-09-23 03:56:05,SPXW,2026-09-30,P,7765.0,7764.6401,38.0,3.0,38.4,11.0,38.9,111.0,107.0,0.0971,-0.4561,0.0036,-2.9173,4.4725,-0.686
2026-09-23T18:19:37Z,2026-09-23 03:56:05,SPXW,2026-09-30,C,7770.0,7764.6401,46.4,9.0,46.8,3.0,45.5,168.0,1577.0,0.0963,0.526,0.0036,-2.9161,4.4887,0.7751
2026-09-23T18:19:37Z,2026-09-23 03:56:05,SPXW,2026-09-30,P,7770.0,7764.6401,40.1,11.0,40.6,11.0,42.0,681.0,199.0,0.0968,-0.474,0.0036,-2.9161,4.4887,-0.7129
2026-09-23T18:19:37Z,2026-09-23 03:56:05,SPXW,2026-09-30,C,7775.0,7764.6401,43.7,9.0,44.0,3.0,42.45,1417.0,1348.0,0.096,0.5078,0.0037,-2.9094,4.4968,0.7483
2026-09-23T18:19:37Z,2026-09-23 03:56:05,SPXW,2026-09-30,P,7775.0,7764.6401,42.4,4.0,42.8,12.0,45.4,936.0,608.0,0.0962,-0.4922,0.0037,-2.9094,4.4968,-0.7406
2026-09-23T18:19:37Z,2026-09-23 03:56:05,SPXW,2026-09-30,C,7780.0,7764.6401,41.0,19.0,41.4,3.0,44.27,141.0,325.0,0.0956,0.4895,0.0037,-2.897,4.4962,0.721
2026-09-23T18:19:37Z,2026-09-23 03:56:05,SPXW,2026-09-30,P,7780.0,7764.6401,44.8,3.0,45.2,11.0,48.0,159.0,91.0,0.0959,-0.5105,0.0037,-2.897,4.4962,-0.7688
2026-09-23T18:19:37Z,2026-09-23 03:56:05,SPXW,2026-09-30,C,7785.0,7764.6401,38.5,12.0,38.9,3.0,37.8,118.0,3431.0,0.0952,0.4711,0.0037,-2.8788,4.487,0.6941
2026-09-23T18:19:37Z,2026-09-23 03:56:05,SPXW,2026-09-30,P,7785.0,7764.6401,47.2,3.0,47.6,8.0,48.9,106.0,92.0,0.0957,-0.5289,0.0037,-2.8788,4.487,-0.7967
2026-09-23T18:19:37Z,2026-09-23 03:56:05,SPXW,2026-09-30,C,7790.0,7764.6401,36.1,12.0,36.4,3.0,35.63,170.0,2780.0,0.0949,0.4526,0.0037,-2.855,4.4691,0.6673
2026-09-23T18:19:37Z,2026-09-23 03:56:05,SPXW,2026-09-30,P,7790.0,7764.6401,49.8,4.0,50.2,12.0,50.1,63.0,295.0,0.0953,-0.5474,0.0037,-2.855,4.4691,-0.8245
2026-09-23T18:19:37Z,2026-09-23 03:56:05,SPXW,2026-09-30,C,7795.0,7764.6401,33.8,10.0,34.1,3.0,33.2,78.0,1134.0,0.0946,0.4342,0.0037,-2.8255,4.442,0.6399
2026-09-23T18:19:37Z,2026-09-23 03:56:05,SPXW,2026-09-30,P,7795.0,7764.6401,52.5,3.0,52.9,11.0,54.1,47.0,75.0,0.095,-0.5658,0.0037,-2.8255,4.442,-0.8529
2026-09-23T18:19:37Z,2026-09-23 03:56:05,SPXW,2026-09-30,C,7800.0,7764.6401,31.6,12.0,31.9,3.0,31.31,977.0,9999.0,0.0944,0.4158,0.0036,-2.7903,4.4056,0.6125
2026-09-23T18:19:37Z,2026-09-23 03:56:05,SPXW,2026-09-30,P,7800.0,7764.6401,55.3,3.0,55.7,11.0,57.84,666.0,1393.0,0.0947,-0.5842,0.0036,-2.7903,4.4056,-0.8812
2026-09-23T18:19:37Z,2026-09-23 03:56:05,SPXW,2026-09-30,C,7805.0,7764.6401,29.5,12.0,29.8,3.0,29.9,43.0,222.0,0.0942,0.3975,0.0036,-2.7496,4.3613,0.5857
2026-09-23T18:19:37Z,2026-09-23 03:56:05,SPXW,2026-09-30,P,7805.0,7764.6401,58.2,3.0,58.6,10.0,55.5,67.0,32.0,0.0945,-0.6025,0.0036,-2.7496,4.3613,-0.9089
2026-09-23T18:19:37Z,2026-09-23 03:56:05,SPXW,2026-09-30,C,7810.0,7764.6401,27.5,12.0,27.9,12.0,31.09,78.0,358.0,0.094,0.3794,0.0036,-2.7038,4.309,0.5593
2026-09-23T18:19:37Z,2026-09-23 03:56:05,SPXW,2026-09-30,P,7810.0,7764.6401,61.2,3.0,61.6,6.0,58.5,36.0,73.0,0.0943,-0.6206,0.0036,-2.7038,4.309,-0.9363
2026-09-23T18:19:37Z,2026-09-23 03:56:05,SPXW,2026-09-30,C,7815.0,7764.6401,25.6,12.0,26.0,12.0,29.77,170.0,468.0,0.0938,0.3615,0.0035,-2.6529,4.2477,0.5326
2026-09-23T18:19:37Z,2026-09-23 03:56:05,SPXW,2026-09-30,P,7815.0,7764.6401,64.3,3.0,64.7,6.0,61.6,71.0,39.0,0.0941,-0.6385,0.0035,-2.6529,4.2477,-0.9639
2026-09-23T18:19:37Z,2026-09-23 03:56:05,SPXW,2026-09-30,C,7820.0,7764.6401,23.8,13.0,24.2,12.0,23.1,77.0,1023.0,0.0936,0.3439,0.0035,-2.5972,4.178,0.5064
2026-09-23T18:19:37Z,2026-09-23 03:56:05,SPXW,2026-09-30,P,7820.0,7764.6401,67.5,3.0,67.9,5.0,64.5,36.0,113.0,0.094,-0.6561,0.0035,-2.5972,4.178,-0.9911
2026-09-23T18:19:37Z,2026-09-23 03:56:05,SPXW,2026-09-30,C,7825.0,7764.6401,22.1,13.0,22.5,13.0,21.55,522.0,3377.0,0.0935,0.3266,0.0034,-2.5371,4.102,0.4812
2026-09-23T18:19:37Z,2026-09-23 03:56:05,SPXW,2026-09-30,P,7825.0,7764.6401,70.8,3.0,71.1,4.0,72.4,269.0,189.0,0.0939,-0.6734,0.0034,-2.5371,4.102,-1.0173
2026-09-23T18:19:37Z,2026-09-23 03:56:05,SPXW,2026-09-30,C,7830.0,7764.6401,20.5,12.0,20.9,12.0,20.48,145.0,632.0,0.0934,0.3097,0.0033,-2.4731,4.0199,0.4564
2026-09-23T18:19:37Z,2026-09-23 03:56:05,SPXW,2026-09-30,P,7830.0,7764.6401,74.1,3.0,74.5,3.0,75.7,90.0,81.0,0.0937,-0.6903,0.0033,-2.4731,4.0199,-1.0431
2026-09-23T18:19:37Z,2026-09-23 03:56:05,SPXW,2026-09-30,C,7835.0,7764.6401,19.0,12.0,19.3,4.0,18.94,97.0,560.0,0.0933,0.2932,0.0032,-2.4054,3.9302,0.4317
2026-09-23T18:19:37Z,2026-09-23 03:56:05,SPXW,2026-09-30,P,7835.0,7764.6401,70.2,2.0,90.2,2.0,79.5,48.0,18.0,0.0996,-0.7068,0.0032,-2.4054,3.9302,-1.0687
2026-09-23T18:19:37Z,2026-09-23 03:56:05,SPXW,2026-09-30,C,7840.0,7764.6401,17.6,11.0,17.9,5.0,17.05,126.0,472.0,0.0933,0.2771,0.0032,-2.3345,3.834,0.4078
2026-09-23T18:19:37Z,2026-09-23 03:56:05,SPXW,2026-09-30,P,7840.0,7764.6401,73.7,2.0,93.7,2.0,78.6,10.0,77.0,0.0995,-0.7228,0.0032,-2.3345,3.834,-1.0935
2026-09-23T18:19:37Z,2026-09-23 03:56:05,SPXW,2026-09-30,C,7845.0,7764.6401,16.2,12.0,16.6,12.0,16.33,75.0,321.0,0.0932,0.2615,0.0031,-2.2608,3.7341,0.3851
2026-09-23T18:19:37Z,2026-09-23 03:56:05,SPXW,2026-09-30,P,7845.0,7764.6401,77.3,2.0,97.3,2.0,90.5,0.0,45.0,0.0995,-0.7385,0.0031,-2.2608,3.7341,-1.1173
2026-09-23T18:19:37Z,2026-09-23 03:56:05,SPXW,2026-09-30,C,7850.0,7764.6401,15.0,13.0,15.3,6.0,15.11,1536.0,6683.0,0.0932,0.2464,0.003,-2.1848,3.6303,0.3628
2026-09-23T18:19:37Z,2026-09-23 03:56:05,SPXW,2026-09-30,P,7850.0,7764.6401,87.9,3.0,89.3,3.0,86.92,2.0,2818.0,0.0928,-0.7536,0.003,-2.1848,3.6303,-1.1405
2026-09-23T18:19:37Z,2026-09-23 03:56:05,SPXW,2026-09-30,C,7855.0,7764.6401,13.8,11.0,14.1,4.0,16.07,47.0,123.0,0.0931,0.2318,0.0029,-2.107,3.5212,0.3409
2026-09-23T18:19:37Z,2026-09-23 03:56:05,SPXW,2026-09-30,P,7855.0,7764.6401,84.9,2.0,104.9,2.0,99.7,0.0,15.0,0.0999,-0.7681,0.0029,-2.107,3.5212,-1.1633
2026-09-23T18:19:37Z,2026-09-23 03:56:05,SPXW,2026-09-30,C,7860.0,7764.6401,12.7,13.0,13.0,4.0,13.08,373.0,1098.0,0.0931,0.2178,0.0028,-2.0277,3.4081,0.3202
2026-09-23T18:19:37Z,2026-09-23 03:56:05,SPXW,2026-09-30,P,7860.0,7764.6401,89.1,2.0,109.1,2.0,98.3,0.0,207.0,0.101,-0.7822,0.0028,-2.0277,3.4081,-1.185
2026-09-23T18:19:37Z,2026-09-23 03:56:05,SPXW,2026-09-30,C,7865.0,7764.6401,11.7,11.0,12.0,11.0,11.78,68.0,149.0,0.0932,0.2043,0.0027,-1.9474,3.2939,0.3005
2026-09-23T18:19:37Z,2026-09-23 03:56:05,SPXW,2026-09-30,P,7865.0,7764.6401,93.0,2.0,113.0,2.0,152.2,0.0,25.0,0.1011,-0.7957,0.0027,-1.9474,3.2939,-1.2057
2026-09-23T18:19:37Z,2026-09-23 03:56:05,SPXW,2026-09-30,C,7870.0,7764.6401,10.7,13.0,11.0,4.0,10.95,90.0,797.0,0.0932,0.1914,0.0026,-1.8666,3.1783,0.2814
2026-09-23T18:19:37Z,2026-09-23 03:56:05,SPXW,2026-09-30,P,7870.0,7764.6401,97.0,2.0,117.0,2.0,99.98,11.0,39.0,0.1013,-0.8086,0.0026,-1.8666,3.1783,-1.2258
2026-09-23T18:19:37Z,2026-09-23 03:56:05,SPXW,2026-09-30,C,7875.0,7764.6401,9.8,13.0,10.1,2.0,9.7,766.0,2167.0,0.0932,0.179,0.0025,-1.7858,3.0601,0.2629
2026-09-23T18:19:37Z,2026-09-23 03:56:05,SPXW,2026-09-30,P,7875.0,7764.6401,101.1,2.0,121.1,2.0,103.99,1.0,13.0,0.1016,-0.821,0.0025,-1.7858,3.0601,-1.2452
2026-09-23T18:19:37Z,2026-09-23 03:56:05,SPXW,2026-09-30,C,7880.0,7764.6401,9.0,14.0,9.3,7.0,9.1,160.0,593.0,0.0932,0.1672,0.0024,-1.7052,2.9404,0.2455
2026-09-23T18:19:37Z,2026-09-23 03:56:05,SPXW,2026-09-30,P,7880.0,7764.6401,105.4,2.0,125.4,2.0,236.6,0.0,14.0,0.1024,-0.8327,0.0024,-1.7052,2.9404,-1.2635
2026-09-23T18:19:37Z,2026-09-23 03:56:05,SPXW,2026-09-30,C,7885.0,7764.6401,8.3,12.0,8.6,12.0,8.7,16.0,268.0,0.0935,0.156,0.0023,-1.6253,2.8218,0.2292
2026-09-23T18:19:37Z,2026-09-23 03:56:05,SPXW,2026-09-30,P,7885.0,7764.6401,109.6,2.0,129.6,2.0,181.4,0.0,31.0,0.1028,-0.8439,0.0023,-1.6253,2.8218,-1.2808
2026-09-23T18:19:37Z,2026-09-23 03:56:05,SPXW,2026-09-30,C,7890.0,7764.6401,7.6,12.0,7.9,14.0,7.9,1074.0,8453.0,0.0936,0.1454,0.0022,-1.5465,2.7042,0.2134
2026-09-23T18:19:37Z,2026-09-23 03:56:05,SPXW,2026-09-30,P,7890.0,7764.6401,114.1,1.0,134.0,1.0,119.5,11.0,128.0,0.1038,-0.8546,0.0022,-1.5465,2.7042,-1.2975
2026-09-23T18:19:37Z,2026-09-23 03:56:05,SPXW,2026-09-30,C,7895.0,7764.6401,6.9,13.0,7.2,13.0,6.82,51.0,205.0,0.0935,0.1354,0.002,-1.4692,2.5867,0.1984
2026-09-23T18:19:37Z,2026-09-23 03:56:05,SPXW,2026-09-30,P,7895.0,7764.6401,118.4,2.0,138.4,2.0,124.95,4.0,10.0,0.1044,-0.8646,0.002,-1.4692,2.5867,-1.3135
2026-09-23T18:19:37Z,2026-09-23 03:56:05,SPXW,2026-09-30,C,7900.0,7764.6401,6.3,16.0,6.6,21.0,6.3,1999.0,19145.0,0.0937,0.1259,0.002,-1.3936,2.4699,0.1844
2026-09-23T18:19:37Z,2026-09-23 03:56:05,SPXW,2026-09-30,P,7900.0,7764.6401,129.1,4.0,130.6,3.0,125.95,16.0,1750.0,0.0933,-0.8741,0.002,-1.3936,2.4699,-1.3284
2026-09-23T18:19:37Z,2026-09-23 03:56:05,SPXW,2026-09-30,C,7905.0,7764.6401,5.8,16.0,6.1,18.0,5.8,88.0,364.0,0.094,0.1169,0.0018,-1.32,2.3557,0.1714
2026-09-23T18:19:37Z,2026-09-23 03:56:05,SPXW,2026-09-30,P,7905.0,7764.6401,127.4,1.0,147.3,1.0,210.41,0.0,10.0,0.1061,-0.883,0.0018,-1.32,2.3557,-1.3424
2026-09-23T18:19:37Z,2026-09-23 03:56:05,SPXW,2026-09-30,C,7910.0,7764.6401,5.3,20.0,5.5,3.0,6.08,102.0,648.0,0.094,0.1086,0.0018,-1.2488,2.2446,0.159
2026-09-23T18:19:37Z,2026-09-23 03:56:05,SPXW,2026-09-30,P,7910.0,7764.6401,131.8,2.0,151.8,2.0,142.24,5.0,39.0,0.1066,-0.8914,0.0018,-1.2488,2.2446,-1.3558
2026-09-23T18:19:37Z,2026-09-23 03:56:05,SPXW,2026-09-30,C,7915.0,7764.6401,4.8,18.0,5.1,18.0,4.85,518.0,538.0,0.0943,0.1007,0.0016,-1.1802,2.1359,0.1473
2026-09-23T18:19:37Z,2026-09-23 03:56:05,SPXW,2026-09-30,P,7915.0,7764.6401,136.5,2.0,156.5,2.0,302.97,0.0,9.0,0.1081,-0.8993,0.0016,-1.1802,2.1359,-1.3684
2026-09-23T18:19:37Z,2026-09-23 03:56:05,SPXW,2026-09-30,C,7920.0,7764.6401,4.4,20.0,4.7,20.0,4.81,82.0,313.0,0.0944,0.0934,0.0016,-1.1142,2.0297,0.1365
2026-09-23T18:19:37Z,2026-09-23 03:56:05,SPXW,2026-09-30,P,7920.0,7764.6401,141.2,1.0,161.1,1.0,281.24,0.0,12.0,0.1093,-0.9066,0.0016,-1.1142,2.0297,-1.3802
2026-09-23T18:19:37Z,2026-09-23 03:56:05,SPXW,2026-09-30,C,7925.0,7764.6401,4.0,24.0,4.3,24.0,4.1,1060.0,2901.0,0.0948,0.0865,0.0015,-1.0511,1.927,0.1266
2026-09-23T18:19:37Z,2026-09-23 03:56:05,SPXW,2026-09-30,P,7925.0,7764.6401,145.6,2.0,165.6,2.0,298.3,0.0,76.0,0.1095,-0.9134,0.0015,-1.0511,1.927,-1.3911
2026-09-23T18:19:37Z,2026-09-23 03:56:05,SPXW,2026-09-30,C,7930.0,7764.6401,3.7,8.0,3.9,8.0,3.5,59.0,502.0,0.0951,0.0802,0.0014,-0.9909,1.8286,0.1172
2026-09-23T18:19:37Z,2026-09-23 03:56:05,SPXW,2026-09-30,P,7930.0,7764.6401,150.5,2.0,170.5,2.0,291.91,0.0,7.0,0.1117,-0.9198,0.0014,-0.9909,1.8286,-1.4014
2026-09-23T18:19:37Z,2026-09-23 03:56:05,SPXW,2026-09-30,C,7935.0,7764.6401,3.3,22.0,3.6,8.0,3.55,27.0,177.0,0.0952,0.0743,0.0013,-0.9338,1.7342,0.1084
2026-09-23T18:19:37Z,2026-09-23 03:56:05,SPXW,2026-09-30,P,7935.0,7764.6401,155.0,2.0,175.0,2.0,205.0,0.0,7.0,0.1119,-0.9257,0.0013,-0.9338,1.7342,-1.4111
2026-09-23T18:19:37Z,2026-09-23 03:56:05,SPXW,2026-09-30,C,7940.0,7764.6401,3.1,8.0,3.3,11.0,3.15,120.0,602.0,0.0955,0.0688,0.0012,-0.8798,1.6434,0.1004
2026-09-23T18:19:37Z,2026-09-23 03:56:05,SPXW,2026-09-30,P,7940.0,7764.6401,159.7,1.0,179.6,1.0,228.21,0.0,11.0,0.1127,-0.9311,0.0012,-0.8798,1.6434,-1.4201
2026-09-23T18:19:37Z,2026-09-23 03:56:05,SPXW,2026-09-30,C,7945.0,7764.6401,2.8,8.0,3.0,8.0,2.65,66.0,510.0,0.0958,0.0638,0.0012,-0.8289,1.5565,0.093
2026-09-23T18:19:37Z,2026-09-23 03:56:05,SPXW,2026-09-30,P,7945.0,7764.6401,164.4,2.0,184.4,2.0,204.96,0.0,11.0,0.1139,-0.9362,0.0012,-0.8289,1.5565,-1.4284
2026-09-23T18:19:37Z,2026-09-23 03:56:05,SPXW,2026-09-30,C,7950.0,7764.6401,2.6,8.0,2.75,12.0,3.1,1039.0,27188.0,0.0963,0.0592,0.0011,-0.781,1.4741,0.0863
2026-09-23T18:19:37Z,2026-09-23 03:56:05,SPXW,2026-09-30,P,7950.0,7764.6401,169.3,1.0,189.2,1.0,171.19,7.0,512.0,0.1156,-0.9408,0.0011,-0.781,1.4741,-1.4362
2026-09-23T18:19:37Z,2026-09-23 03:56:05,SPXW,2026-09-30,C,7955.0,7764.6401,2.35,8.0,2.5,8.0,2.45,128.0,1158.0,0.0966,0.0549,0.001,-0.736,1.3961,0.0799
2026-09-23T18:19:37Z,2026-09-23 03:56:05,SPXW,2026-09-30,P,7955.0,7764.6401,174.0,2.0,194.0,2.0,328.27,0.0,24.0,0.1167,-0.9451,0.001,-0.736,1.3961,-1.4434
2026-09-23T18:19:37Z,2026-09-23 03:56:05,SPXW,2026-09-30,C,7960.0,7764.6401,2.15,17.0,2.45,51.0,2.42,178.0,291.0,0.0977,0.0509,0.001,-0.694,1.3223,0.0741
2026-09-23T18:19:37Z,2026-09-23 03:56:05,SPXW,2026-09-30,P,7960.0,7764.6401,179.0,1.0,198.8,1.0,219.0,0.0,14.0,0.1186,-0.949,0.001,-0.694,1.3223,-1.4502
2026-09-23T18:19:37Z,2026-09-23 03:56:05,SPXW,2026-09-30,C,7965.0,7764.6401,1.95,18.0,2.25,55.0,2.25,105.0,278.0,0.098,0.0473,0.0009,-0.6548,1.2524,0.0688
2026-09-23T18:19:37Z,2026-09-23 03:56:05,SPXW,2026-09-30,P,7965.0,7764.6401,183.8,1.0,203.6,1.0,246.1,0.0,6.0,0.1198,-0.9526,0.0009,-0.6548,1.2524,-1.4565
2026-09-23T18:19:37Z,2026-09-23 03:56:05,SPXW,2026-09-30,C,7970.0,7764.6401,1.8,19.0,2.1,56.0,2.1,39.0,236.0,0.0987,0.044,0.0008,-0.6183,1.1865,0.064
2026-09-23T18:19:37Z,2026-09-23 03:56:05,SPXW,2026-09-30,P,7970.0,7764.6401,188.7,2.0,208.7,2.0,343.07,0.0,38.0,0.1222,-0.956,0.0008,-0.6183,1.1865,-1.4622
2026-09-23T18:19:37Z,2026-09-23 03:56:05,SPXW,2026-09-30,C,7975.0,7764.6401,1.65,25.0,1.85,5.0,1.8,114.0,1933.0,0.0989,0.041,0.0008,-0.5843,1.1246,0.0596
2026-09-23T18:19:37Z,2026-09-23 03:56:05,SPXW,2026-09-30,P,7975.0,7764.6401,193.5,2.0,213.5,2.0,381.5,0.0,18.0,0.1234,-0.959,0.0008,-0.5843,1.1246,-1.4676
2026-09-23T18:19:37Z,2026-09-23 03:56:05,SPXW,2026-09-30,C,7980.0,7764.6401,1.55,21.0,1.8,62.0,1.5,231.0,174.0,0.0999,0.0382,0.0007,-0.5528,1.0665,0.0555
2026-09-23T18:19:37Z,2026-09-23 03:56:05,SPXW,2026-09-30,P,7980.0,7764.6401,196.2,2.0,216.2,2.0,282.63,0.0,29.0,0.1098,-0.9618,0.0007,-0.5528,1.0665,-1.4727
2026-09-23T18:19:37Z,2026-09-23 03:56:05,SPXW,2026-09-30,C,7985.0,7764.6401,1.45,22.0,1.65,43.0,1.75,56.0,189.0,0.1004,0.0357,0.0007,-0.5235,1.0121,0.0517
2026-09-23T18:19:37Z,2026-09-23 03:56:05,SPXW,2026-09-30,P,7985.0,7764.6401,201.0,2.0,225.0,2.0,235.8,0.0,1.0,0.1249,-0.9643,0.0007,-0.5235,1.0121,-1.4774
2026-09-23T18:19:37Z,2026-09-23 03:56:05,SPXW,2026-09-30,C,7990.0,7764.6401,1.35,29.0,1.5,6.0,1.45,89.0,2569.0,0.1009,0.0333,0.0006,-0.4964,0.9611,0.0483
2026-09-23T18:19:37Z,2026-09-23 03:56:05,SPXW,2026-09-30,P,7990.0,7764.6401,205.8,2.0,229.8,2.0,228.18,0.0,112.0,0.1259,-0.9666,0.0006,-0.4964,0.9611,-1.4818
2026-09-23T18:19:37Z,2026-09-23 03:56:05,SPXW,2026-09-30,C,7995.0,7764.6401,1.25,24.0,1.45,44.0,1.45,26.0,169.0,0.1018,0.0312,0.0006,-0.4713,0.9133,0.0452
2026-09-23T18:19:37Z,2026-09-23 03:56:05,SPXW,2026-09-30,P,7995.0,7764.6401,210.7,2.0,234.7,2.0,310.27,0.0,7.0,0.1275,-0.9688,0.0006,-0.4713,0.9133,-1.4858
2026-09-23T18:19:37Z,2026-09-23 03:56:05,SPXW,2026-09-30,C,8000.0,7764.6401,1.15,30.0,1.3,6.0,1.21,2743.0,42673.0,0.1021,0.0292,0.0006,-0.448,0.8685,0.0424
2026-09-23T18:19:37Z,2026-09-23 03:56:05,SPXW,2026-09-30,P,8000.0,7764.6401,223.7,3.0,225.3,3.0,216.0,5.0,16071.0,0.0997,-0.9707,0.0006,-0.448,0.8685,-1.4896
2026-09-23T18:19:37Z,2026-09-23 03:56:05,SPXW,2026-09-30,C,8005.0,7764.6401,1.1,32.0,1.25,7.0,1.1,98.0,2075.0,0.1032,0.0275,0.0005,-0.4265,0.8267,0.0398
2026-09-23T18:19:37Z,2026-09-23 03:56:05,SPXW,2026-09-30,P,8005.0,7764.6401,220.6,2.0,244.6,2.0,344.4,0.0,8.0,0.1313,-0.9725,0.0005,-0.4265,0.8267,-1.4932
2026-09-23T18:19:37Z,2026-09-23 03:56:05,SPXW,2026-09-30,C,8010.0,7764.6401,1.0,26.0,1.2,48.0,1.21,159.0,514.0,0.104,0.0258,0.0005,-0.4066,0.7876,0.0374
2026-09-23T18:19:37Z,2026-09-23 03:56:05,SPXW,2026-09-30,P,8010.0,7764.6401,225.5,2.0,249.5,2.0,251.99,0.0,20.0,0.1328,-0.9742,0.0005,-0.4066,0.7876,-1.4965
2026-09-23T18:19:37Z,2026-09-23 03:56:05,SPXW,2026-09-30,C,8015.0,7764.6401,0.95,26.0,1.15,49.0,1.12,73.0,179.0,0.105,0.0243,0.0005,-0.3881,0.7511,0.0352
2026-09-23T18:19:37Z,2026-09-23 03:56:05,SPXW,2026-09-30,P,8015.0,7764.6401,230.4,2.0,254.4,2.0,0.0,0.0,3.0,0.1343,-0.9757,0.0005,-0.3881,0.7511,-1.4997
2026-09-23T18:19:37Z,2026-09-23 03:56:05,SPXW,2026-09-30,C,8020.0,7764.6401,0.9,27.0,1.1,49.0,0.9,46.0,264.0,0.106,0.0229,0.0004,-0.371,0.7171,0.0331
2026-09-23T18:19:37Z,2026-09-23 03:56:05,SPXW,2026-09-30,P,8020.0,7764.6401,235.4,2.0,259.4,2.0,0.0,0.0,3.0,0.1365,-0.977,0.0004,-0.371,0.7171,-1.5027
2026-09-23T18:19:37Z,2026-09-23 03:56:05,SPXW,2026-09-30,C,8025.0,7764.6401,0.85,27.0,1.05,50.0,0.85,15.0,557.0,0.107,0.0217,0.0004,-0.3552,0.6852,0.0313
2026-09-23T18:19:37Z,2026-09-23 03:56:05,SPXW,2026-09-30,P,8025.0,7764.6401,240.3,2.0,264.3,2.0,307.25,0.0,15.0,0.1379,-0.9783,0.0004,-0.3552,0.6852,-1.5055
2026-09-23T18:19:37Z,2026-09-23 03:56:05,SPXW,2026-09-30,C,8030.0,7764.6401,0.8,28.0,1.0,79.0,0.85,103.0,237.0,0.1079,0.0205,0.0004,-0.3406,0.6554,0.0296
2026-09-23T18:19:37Z,2026-09-23 03:56:05,SPXW,2026-09-30,P,8030.0,7764.6401,245.3,2.0,269.3,2.0,345.62,0.0,5.0,0.1401,-0.9795,0.0004,-0.3406,0.6554,-1.5082
2026-09-23T18:19:37Z,2026-09-23 03:56:05,SPXW,2026-09-30,C,8035.0,7764.6401,0.75,28.0,0.95,53.0,0.95,166.0,168.0,0.1087,0.0194,0.0004,-0.327,0.6275,0.028
2026-09-23T18:19:37Z,2026-09-23 03:56:05,SPXW,2026-09-30,P,8035.0,7764.6401,250.1,2.0,274.1,2.0,0.0,0.0,0.0,0.1407,-0.9805,0.0004,-0.327,0.6275,-1.5107
2026-09-23T18:19:37Z,2026-09-23 03:56:05,SPXW,2026-09-30,C,8040.0,7764.6401,0.75,28.0,0.9,54.0,0.8,27.0,95.0,0.11,0.0184,0.0004,-0.3143,0.6014,0.0266
2026-09-23T18:19:37Z,2026-09-23 03:56:05,SPXW,2026-09-30,P,8040.0,7764.6401,255.2,2.0,279.2,2.0,320.75,0.0,8.0,0.1436,-0.9815,0.0004,-0.3143,0.6014,-1.513
2026-09-23T18:19:37Z,2026-09-23 03:56:05,SPXW,2026-09-30,C,8045.0,7764.6401,0.7,28.0,0.85,44.0,0.7,43.0,544.0,0.1107,0.0175,0.0004,-0.3026,0.5769,0.0253
2026-09-23T18:19:37Z,2026-09-23 03:56:05,SPXW,2026-09-30,P,8045.0,7764.6401,260.1,2.0,284.1,2.0,319.57,0.0,1.0,0.1449,-0.9824,0.0004,-0.3026,0.5769,-1.5153
2026-09-23T18:19:37Z,2026-09-23 03:56:05,SPXW,2026-09-30,C,8050.0,7764.6401,0.65,38.0,0.8,10.0,0.7,34.0,4692.0,0.1114,0.0167,0.0003,-0.2916,0.554,0.024
2026-09-23T18:19:37Z,2026-09-23 03:56:05,SPXW,2026-09-30,P,8050.0,7764.6401,265.2,2.0,289.2,2.0,364.81,0.0,4.0,0.1479,-0.9833,0.0003,-0.2916,0.554,-1.5175
2026-09-23T18:19:37Z,2026-09-23 03:56:05,SPXW,2026-09-30,C,8055.0,7764.6401,0.6,28.0,0.8,66.0,0.65,13.0,309.0,0.1126,0.0159,0.0003,-0.2814,0.5324,0.0229
2026-09-23T18:19:37Z,2026-09-23 03:56:05,SPXW,2026-09-30,P,8055.0,7764.6401,270.0,2.0,294.0,2.0,0.0,0.0,0.0,0.1484,-0.9841,0.0003,-0.2814,0.5324,-1.5196
2026-09-23T18:19:37Z,2026-09-23 03:56:05,SPXW,2026-09-30,C,8060.0,7764.6401,0.6,28.0,0.75,46.0,0.65,12.0,177.0,0.1137,0.0152,0.0003,-0.272,0.5123,0.0218
2026-09-23T18:19:37Z,2026-09-23 03:56:05,SPXW,2026-09-30,P,8060.0,7764.6401,275.0,2.0,299.0,2.0,296.28,0.0,12.0,0.1505,-0.9848,0.0003,-0.272,0.5123,-1.5217
2026-09-23T18:19:37Z,2026-09-23 03:56:05,SPXW,2026-09-30,C,8065.0,7764.6401,0.55,28.0,0.75,58.0,0.6,13.0,131.0,0.1148,0.0145,0.0003,-0.2631,0.4933,0.0208
2026-09-23T18:19:37Z,2026-09-23 03:56:05,SPXW,2026-09-30,P,8065.0,7764.6401,280.0,2.0,304.0,2.0,307.0,0.0,1.0,0.1526,-0.9855,0.0003,-0.2631,0.4933,-1.5236
2026-09-23T18:19:37Z,2026-09-23 03:56:05,SPXW,2026-09-30,C,8070.0,7764.6401,0.55,28.0,0.7,47.0,0.6,12.0,236.0,0.1158,0.0139,0.0003,-0.2548,0.4755,0.0199
2026-09-23T18:19:37Z,2026-09-23 03:56:05,SPXW,2026-09-30,P,8070.0,7764.6401,285.1,2.0,309.1,2.0,363.07,0.0,301.0,0.1555,-0.9861,0.0003,-0.2548,0.4755,-1.5255
2026-09-23T18:19:37Z,2026-09-23 03:56:05,SPXW,2026-09-30,C,8075.0,7764.6401,0.5,28.0,0.7,59.0,0.55,14.0,1086.0,0.1168,0.0133,0.0003,-0.2471,0.4587,0.0191
2026-09-23T18:19:37Z,2026-09-23 03:56:05,SPXW,2026-09-30,P,8075.0,7764.6401,290.0,2.0,314.0,2.0,314.0,0.0,1.0,0.1568,-0.9867,0.0003,-0.2471,0.4587,-1.5273
2026-09-23T18:19:37Z,2026-09-23 03:56:05,SPXW,2026-09-30,C,8080.0,7764.6401,0.5,28.0,0.65,48.0,0.55,13.0,110.0,0.1178,0.0127,0.0002,-0.2398,0.4429,0.0183
2026-09-23T18:19:37Z,2026-09-23 03:56:05,SPXW,2026-09-30,P,8080.0,7764.6401,295.0,2.0,319.0,2.0,337.5,0.0,1.0,0.1588,-0.9872,0.0002,-0.2398,0.4429,-1.529
2026-09-23T18:19:37Z,2026-09-23 03:56:05,SPXW,2026-09-30,C,8085.0,7764.6401,0.45,28.0,0.65,61.0,0.55,14.0,145.0,0.1188,0.0122,0.0002,-0.233,0.4279,0.0176
2026-09-23T18:19:37Z,2026-09-23 03:56:05,SPXW,2026-09-30,P,8085.0,7764.6401,299.9,2.0,323.9,2.0,0.0,0.0,0.0,0.16,-0.9877,0.0002,-0.233,0.4279,-1.5307
2026-09-23T18:19:37Z,2026-09-23 03:56:05,SPXW,2026-09-30,C,8090.0,7764.6401,0.45,28.0,0.65,97.0,0.5,16.0,81.0,0.1204,0.0118,0.0002,-0.2266,0.4138,0.0169
2026-09-23T18:19:37Z,2026-09-23 03:56:05,SPXW,2026-09-30,P,8090.0,7764.6401,305.1,2.0,329.1,2.0,0.0,0.0,0.0,0.1639,-0.9882,0.0002,-0.2266,0.4138,-1.5323
2026-09-23T18:19:37Z,2026-09-23 03:56:05,SPXW,2026-09-30,C,8095.0,7764.6401,0.45,28.0,0.6,50.0,0.5,13.0,45.0,0.1214,0.0113,0.0002,-0.2204,0.4,0.0162
2026-09-23T18:19:37Z,2026-09-23 03:56:05,SPXW,2026-09-30,P,8095.0,7764.6401,310.0,2.0,334.0,2.0,0.0,0.0,0.0,0.1651,-0.9886,0.0002,-0.2206,0.4004,-1.5339
2026-09-23T18:19:37Z,2026-09-23 03:56:05,SPXW,2026-09-30,C,8100.0,7764.6401,0.4,28.0,0.6,60.0,0.46,1044.0,6975.0,0.1222,0.0109,0.0002,-0.2149,0.3878,0.0157
2026-09-23T18:19:37Z,2026-09-23 03:56:05,SPXW,2026-09-30,P,8100.0,7764.6401,314.8,2.0,338.8,2.0,325.49,1.0,21.0,0.1653,-0.9891,0.0002,-0.2149,0.3878,-1.5355
2026-09-23T18:19:37Z,2026-09-23 03:56:05,SPXW,2026-09-30,C,8105.0,7764.6401,0.4,28.0,0.6,95.0,0.45,13.0,75.0,0.1238,0.0105,0.0002,-0.2095,0.3758,0.0151
2026-09-23T18:19:37Z,2026-09-23 03:56:05,SPXW,2026-09-30,P,8105.0,7764.6401,320.1,2.0,344.1,2.0,0.0,0.0,0.0,0.1701,-0.9894,0.0002,-0.2095,0.3758,-1.537
2026-09-23T18:19:37Z,2026-09-23 03:56:05,SPXW,2026-09-30,C,8110.0,7764.6401,0.4,28.0,0.55,52.0,0.45,21.0,135.0,0.1246,0.0101,0.0002,-0.2043,0.3641,0.0145
2026-09-23T18:19:37Z,2026-09-23 03:56:05,SPXW,2026-09-30,P,8110.0,7764.6401,324.9,2.0,348.9,2.0,0.0,0.0,0.0,0.1703,-0.9898,0.0002,-0.2045,0.3644,-1.5385
2026-09-23T18:19:37Z,2026-09-23 03:56:05,SPXW,2026-09-30,C,8115.0,7764.6401,0.35,80.0,0.55,58.0,0.45,13.0,65.0,0.1253,0.0098,0.0002,-0.1997,0.3537,0.014
2026-09-23T18:19:37Z,2026-09-23 03:56:05,SPXW,2026-09-30,P,8115.0,7764.6401,330.0,2.0,354.0,2.0,0.0,0.0,0.0,0.1733,-0.9902,0.0002,-0.1997,0.3537,-1.54
2026-09-23T18:19:37Z,2026-09-23 03:56:05,SPXW,2026-09-30,C,8120.0,7764.6401,0.35,28.0,0.55,62.0,0.45,13.0,205.0,0.1269,0.0095,0.0002,-0.1951,0.3434,0.0136
2026-09-23T18:19:37Z,2026-09-23 03:56:05,SPXW,2026-09-30,P,8120.0,7764.6401,334.8,2.0,358.8,2.0,0.0,0.0,0.0,0.1735,-0.9905,0.0002,-0.1951,0.3434,-1.5414
2026-09-23T18:19:37Z,2026-09-23 03:56:05,SPXW,2026-09-30,C,8125.0,7764.6401,0.35,28.0,0.55,95.0,0.4,12.0,1188.0,0.1285,0.0092,0.0002,-0.1908,0.3337,0.0131
2026-09-23T18:19:37Z,2026-09-23 03:56:05,SPXW,2026-09-30,P,8125.0,7764.6401,339.8,2.0,363.8,2.0,495.68,0.0,0.0,0.1755,-0.9908,0.0002,-0.1908,0.3337,-1.5428
2026-09-23T18:19:37Z,2026-09-23 03:56:05,SPXW,2026-09-30,C,8130.0,7764.6401,0.35,28.0,0.55,101.0,0.4,22.0,143.0,0.1301,0.0089,0.0002,-0.1866,0.3241,0.0127
2026-09-23T18:19:37Z,2026-09-23 03:56:05,SPXW,2026-09-30,P,8130.0,7764.6401,344.8,2.0,368.8,2.0,0.0,0.0,0.0,0.1775,-0.9911,0.0002,-0.1867,0.3244,-1.5442
2026-09-23T18:19:37Z,2026-09-23 03:56:05,SPXW,2026-09-30,C,8135.0,7764.6401,0.3,81.0,0.5,54.0,0.4,12.0,41.0,0.1297,0.0086,0.0002,-0.1829,0.3156,0.0123
2026-09-23T18:19:37Z,2026-09-23 03:56:05,SPXW,2026-09-30,P,8135.0,7764.6401,349.8,2.0,373.8,2.0,0.0,0.0,0.0,0.1795,-0.9914,0.0002,-0.1829,0.3156,-1.5456
2026-09-23T18:19:37Z,2026-09-23 03:56:05,SPXW,2026-09-30,C,8140.0,7764.6401,0.3,82.0,0.5,58.0,0.4,12.0,61.0,0.1314,0.0083,0.0001,-0.1789,0.3066,0.0119
2026-09-23T18:19:37Z,2026-09-23 03:56:05,SPXW,2026-09-30,P,8140.0,7764.6401,354.9,2.0,378.9,2.0,0.0,0.0,0.0,0.1825,-0.9916,0.0001,-0.1792,0.3071,-1.5469
2026-09-23T18:19:37Z,2026-09-23 03:56:05,SPXW,2026-09-30,C,8145.0,7764.6401,0.3,82.0,0.5,92.0,0.55,0.0,58.0,0.1329,0.0081,0.0001,-0.1754,0.2986,0.0115
2026-09-23T18:19:37Z,2026-09-23 03:56:05,SPXW,2026-09-30,P,8145.0,7764.6401,359.7,2.0,383.7,2.0,0.0,0.0,0.0,0.1826,-0.9919,0.0001,-0.1756,0.299,-1.5482
2026-09-23T18:19:37Z,2026-09-23 03:56:05,SPXW,2026-09-30,C,8150.0,7764.6401,0.3,28.0,0.5,95.0,0.45,751.0,2186.0,0.1345,0.0078,0.0001,-0.172,0.2908,0.0112
2026-09-23T18:19:37Z,2026-09-23 03:56:05,SPXW,2026-09-30,P,8150.0,7764.6401,364.8,1.0,388.7,1.0,399.67,0.0,4.0,0.1851,-0.9921,0.0001,-0.1722,0.2913,-1.5495
2026-09-23T18:19:37Z,2026-09-23 03:56:05,SPXW,2026-09-30,C,8155.0,7764.6401,0.3,28.0,0.5,99.0,0.45,0.0,176.0,0.136,0.0076,0.0001,-0.1689,0.2836,0.0109
2026-09-23T18:19:37Z,2026-09-23 03:56:05,SPXW,2026-09-30,P,8155.0,7764.6401,369.8,2.0,393.8,2.0,0.0,0.0,0.0,0.1876,-0.9923,0.0001,-0.169,0.2839,-1.5508
2026-09-23T18:19:37Z,2026-09-23 03:56:05,SPXW,2026-09-30,C,8160.0,7764.6401,0.25,83.0,0.45,52.0,0.62,0.0,131.0,0.1354,0.0074,0.0001,-0.1657,0.2764,0.0106
2026-09-23T18:19:37Z,2026-09-23 03:56:05,SPXW,2026-09-30,P,8160.0,7764.6401,374.8,2.0,398.8,2.0,412.15,0.0,2.0,0.1896,-0.9926,0.0001,-0.1659,0.2768,-1.552
2026-09-23T18:19:37Z,2026-09-23 03:56:05,SPXW,2026-09-30,C,8165.0,7764.6401,0.25,83.0,0.45,56.0,1.38,0.0,103.0,0.1369,0.0072,0.0001,-0.1628,0.2696,0.0103
2026-09-23T18:19:37Z,2026-09-23 03:56:05,SPXW,2026-09-30,P,8165.0,7764.6401,379.7,2.0,403.7,2.0,0.0,0.0,0.0,0.1905,-0.9928,0.0001,-0.1629,0.27,-1.5533
2026-09-23T18:19:37Z,2026-09-23 03:56:05,SPXW,2026-09-30,C,8170.0,7764.6401,0.25,84.0,0.45,87.0,0.15,0.0,2039.0,0.1384,0.007,0.0001,-0.1599,0.2631,0.01
2026-09-23T18:19:37Z,2026-09-23 03:56:05,SPXW,2026-09-30,P,8170.0,7764.6401,384.6,2.0,408.6,2.0,0.0,0.0,0.0,0.1915,-0.993,0.0001,-0.1601,0.2635,-1.5545
2026-09-23T18:19:37Z,2026-09-23 03:56:05,SPXW,2026-09-30,C,8175.0,7764.6401,0.25,84.0,0.45,90.0,0.3,0.0,2073.0,0.1399,0.0068,0.0001,-0.1572,0.2568,0.0097
2026-09-23T18:19:37Z,2026-09-23 03:56:05,SPXW,2026-09-30,P,8175.0,7764.6401,389.9,2.0,413.9,2.0,548.1,0.0,0.0,0.1966,-0.9931,0.0001,-0.1573,0.2572,-1.5558
2026-09-23T18:19:37Z,2026-09-23 03:56:05,SPXW,2026-09-30,C,8180.0,7764.6401,0.25,84.0,0.45,95.0,0.39,36.0,127.0,0.1414,0.0066,0.0001,-0.1545,0.2508,0.0095
2026-09-23T18:19:37Z,2026-09-23 03:56:05,SPXW,2026-09-30,P,8180.0,7764.6401,394.9,2.0,418.9,2.0,0.0,0.0,0.0,0.1986,-0.9933,0.0001,-0.1547,0.2512,-1.557
2026-09-23T18:19:37Z,2026-09-23 03:56:05,SPXW,2026-09-30,C,8185.0,7764.6401,0.2,79.0,0.45,98.0,0.47,0.0,83.0,0.1417,0.0065,0.0001,-0.152,0.2451,0.0092
2026-09-23T18:19:37Z,2026-09-23 03:56:05,SPXW,2026-09-30,P,8185.0,7764.6401,399.6,2.0,423.6,2.0,0.0,0.0,0.0,0.1974,-0.9935,0.0001,-0.1522,0.2454,-1.5582
2026-09-23T18:19:37Z,2026-09-23 03:56:05,SPXW,2026-09-30,C,8190.0,7764.6401,0.2,84.0,0.45,102.0,0.35,5.0,220.0,0.1432,0.0063,0.0001,-0.1496,0.2395,0.009
2026-09-23T18:19:37Z,2026-09-23 03:56:05,SPXW,2026-09-30,P,8190.0,7764.6401,404.6,2.0,428.6,2.0,0.0,0.0,0.0,0.1993,-0.9937,0.0001,-0.1497,0.2398,-1.5594
2026-09-23T18:19:37Z,2026-09-23 03:56:05,SPXW,2026-09-30,C,8195.0,7764.6401,0.2,84.0,0.4,52.0,0.5,0.0,141.0,0.1434,0.0062,0.0001,-0.1472,0.2342,0.0088
2026-09-23T18:19:37Z,2026-09-23 03:56:05,SPXW,2026-09-30,P,8195.0,7764.6401,409.8,2.0,433.8,2.0,0.0,0.0,0.0,0.2034,-0.9938,0.0001,-0.1474,0.2345,-1.5606
2026-09-23T18:19:37Z,2026-09-23 03:56:05,SPXW,2026-09-30,C,8200.0,7764.6401,0.25,85.0,0.4,55.0,0.26,6.0,19727.0,0.1449,0.006,0.0001,-0.1449,0.229,0.0086
2026-09-23T18:19:37Z,2026-09-23 03:56:05,SPXW,2026-09-30,P,8200.0,7764.6401,414.7,2.0,438.7,2.0,518.58,0.0,55.0,0.2044,-0.994,0.0001,-0.1451,0.2293,-1.5617
2026-09-23T18:19:37Z,2026-09-23 03:56:05,SPXW,2026-09-30,C,8205.0,7764.6401,0.2,87.0,0.4,86.0,0.39,0.0,494.0,0.1463,0.0059,0.0001,-0.1429,0.2243,0.0084
2026-09-23T18:19:37Z,2026-09-23 03:56:05,SPXW,2026-09-30,P,8205.0,7764.6401,419.7,2.0,443.7,2.0,0.0,0.0,0.0,0.2063,-0.9941,0.0001,-0.1429,0.2243,-1.5629
2026-09-23T18:19:37Z,2026-09-23 03:56:05,SPXW,2026-09-30,C,8210.0,7764.6401,0.2,86.0,0.4,90.0,0.27,0.0,108.0,0.1478,0.0057,0.0001,-0.1407,0.2195,0.0081
2026-09-23T18:19:37Z,2026-09-23 03:56:05,SPXW,2026-09-30,P,8210.0,7764.6401,424.5,2.0,448.5,2.0,0.0,0.0,0.0,0.206,-0.9942,0.0001,-0.1407,0.2195,-1.5641
2026-09-23T18:19:37Z,2026-09-23 03:56:05,SPXW,2026-09-30,C,8215.0,7764.6401,0.2,87.0,0.4,93.0,0.3,0.0,43.0,0.1492,0.0056,0.0001,-0.1387,0.2148,0.008
2026-09-23T18:19:37Z,2026-09-23 03:56:05,SPXW,2026-09-30,P,8215.0,7764.6401,429.6,2.0,453.6,2.0,0.0,0.0,0.0,0.2091,-0.9944,0.0001,-0.1387,0.2148,-1.5652
2026-09-23T18:19:37Z,2026-09-23 03:56:05,SPXW,2026-09-30,C,8220.0,7764.6401,0.2,59.0,0.4,96.0,1.56,0.0,154.0,0.1507,0.0055,0.0001,-0.1367,0.2103,0.0078
2026-09-23T18:19:37Z,2026-09-23 03:56:05,SPXW,2026-09-30,P,8220.0,7764.6401,434.5,2.0,458.5,2.0,0.0,0.0,0.0,0.2099,-0.9945,0.0001,-0.1367,0.2103,-1.5664
2026-09-23T18:19:37Z,2026-09-23 03:56:05,SPXW,2026-09-30,C,8225.0,7764.6401,0.2,59.0,0.4,99.0,0.27,0.0,587.0,0.1524,0.0053,0.0001,-0.1345,0.2055,0.0076
2026-09-23T18:19:37Z,2026-09-23 03:56:05,SPXW,2026-09-30,P,8225.0,7764.6401,439.6,2.0,463.6,2.0,630.35,0.0,1.0,0.213,-0.9946,0.0001,-0.1347,0.206,-1.5675
2026-09-23T18:19:37Z,2026-09-23 03:56:05,SPXW,2026-09-30,C,8230.0,7764.6401,0.2,60.0,0.4,103.0,0.45,0.0,93.0,0.1536,0.0052,0.0001,-0.1328,0.2018,0.0074
2026-09-23T18:19:37Z,2026-09-23 03:56:05,SPXW,2026-09-30,P,8230.0,7764.6401,444.6,2.0,468.6,2.0,429.32,0.0,40.0,0.2149,-0.9948,0.0001,-0.1328,0.2018,-1.5686
2026-09-23T18:19:37Z,2026-09-23 03:56:05,SPXW,2026-09-30,C,8235.0,7764.6401,0.15,86.0,0.4,106.0,0.25,0.0,12.0,0.1537,0.0051,0.0001,-0.1309,0.1975,0.0072
2026-09-23T18:19:37Z,2026-09-23 03:56:05,SPXW,2026-09-30,P,8235.0,7764.6401,449.5,2.0,473.5,2.0,433.82,0.0,40.0,0.2157,-0.9949,0.0001,-0.131,0.1977,-1.5698
2026-09-23T18:19:37Z,2026-09-23 03:56:05,SPXW,2026-09-30,C,8240.0,7764.6401,0.15,84.0,0.35,60.0,0.25,0.0,51.0,0.1537,0.005,0.0001,-0.129,0.1932,0.0071
2026-09-23T18:19:37Z,2026-09-23 03:56:05,SPXW,2026-09-30,P,8240.0,7764.6401,454.5,2.0,478.5,2.0,0.0,0.0,0.0,0.2176,-0.995,0.0001,-0.1292,0.1937,-1.5709
2026-09-23T18:19:37Z,2026-09-23 03:56:05,SPXW,2026-09-30,C,8245.0,7764.6401,0.15,91.0,0.35,83.0,0.35,0.0,45.0,0.1551,0.0049,0.0001,-0.1272,0.1894,0.0069
2026-09-23T18:19:37Z,2026-09-23 03:56:05,SPXW,2026-09-30,P,8245.0,7764.6401,459.5,2.0,483.5,2.0,0.0,0.0,0.0,0.2195,-0.9951,0.0001,-0.1274,0.1898,-1.572
2026-09-23T18:19:37Z,2026-09-23 03:56:05,SPXW,2026-09-30,C,8250.0,7764.6401,0.2,88.0,0.35,86.0,0.3,3.0,2943.0,0.1565,0.0048,0.0001,-0.1255,0.1857,0.0068
2026-09-23T18:19:37Z,2026-09-23 03:56:05,SPXW,2026-09-30,P,8250.0,7764.6401,464.6,2.0,488.6,2.0,0.0,0.0,0.0,0.2226,-0.9952,0.0001,-0.1257,0.1861,-1.5731
2026-09-23T18:19:37Z,2026-09-23 03:56:05,SPXW,2026-09-30,C,8255.0,7764.6401,0.15,87.0,0.35,89.0,0.45,1.0,28.0,0.158,0.0047,0.0001,-0.1239,0.1821,0.0066
2026-09-23T18:19:37Z,2026-09-23 03:56:05,SPXW,2026-09-30,P,8255.0,7764.6401,469.6,2.0,493.6,2.0,0.0,0.0,0.0,0.2245,-0.9953,0.0001,-0.1241,0.1825,-1.5742
2026-09-23T18:19:37Z,2026-09-23 03:56:05,SPXW,2026-09-30,C,8260.0,7764.6401,0.15,89.0,0.35,92.0,0.32,0.0,64.0,0.1594,0.0046,0.0001,-0.1222,0.1785,0.0065
2026-09-23T18:19:37Z,2026-09-23 03:56:05,SPXW,2026-09-30,P,8260.0,7764.6401,474.6,2.0,498.6,2.0,0.0,0.0,0.0,0.2264,-0.9954,0.0001,-0.1225,0.179,-1.5753
2026-09-23T18:19:37Z,2026-09-23 03:56:05,SPXW,2026-09-30,C,8270.0,7764.6401,0.2,62.0,0.3,98.0,0.4,0.0,2252.0,0.1622,0.0044,0.0001,-0.1191,0.1718,0.0062
2026-09-23T18:19:37Z,2026-09-23 03:56:05,SPXW,2026-09-30,P,8270.0,7764.6401,484.5,2.0,508.5,2.0,0.0,0.0,0.0,0.2291,-0.9956,0.0001,-0.1193,0.1722,-1.5775
2026-09-23T18:19:37Z,2026-09-23 03:56:05,SPXW,2026-09-30,C,8275.0,7764.6401,0.15,62.0,0.35,101.0,0.4,0.0,4303.0,0.1636,0.0043,0.0001,-0.1176,0.1686,0.0061
2026-09-23T18:19:37Z,2026-09-23 03:56:05,SPXW,2026-09-30,P,8275.0,7764.6401,489.6,2.0,513.6,2.0,0.0,0.0,0.0,0.2322,-0.9957,0.0001,-0.1178,0.169,-1.5786
2026-09-23T18:19:37Z,2026-09-23 03:56:05,SPXW,2026-09-30,C,8280.0,7764.6401,0.15,62.0,0.35,103.0,0.25,0.0,2197.0,0.1651,0.0042,0.0001,-0.1161,0.1655,0.006
2026-09-23T18:19:37Z,2026-09-23 03:56:05,SPXW,2026-09-30,P,8280.0,7764.6401,494.5,2.0,518.5,2.0,0.0,0.0,0.0,0.2329,-0.9958,0.0001,-0.1163,0.1658,-1.5796
2026-09-23T18:19:37Z,2026-09-23 03:56:05,SPXW,2026-09-30,C,8290.0,7764.6401,0.15,63.0,0.3,67.0,1.02,0.0,36.0,0.1659,0.004,0.0001,-0.1134,0.1598,0.0057
2026-09-23T18:19:37Z,2026-09-23 03:56:05,SPXW,2026-09-30,P,8290.0,7764.6401,504.5,2.0,528.5,2.0,0.0,0.0,0.0,0.2366,-0.9959,0.0001,-0.1134,0.1598,-1.5818
2026-09-23T18:19:37Z,2026-09-23 03:56:05,SPXW,2026-09-30,C,8300.0,7764.6401,0.15,93.0,0.3,92.0,0.25,1.0,8321.0,0.1669,0.0039,0.0001,-0.1105,0.1537,0.0055
2026-09-23T18:19:37Z,2026-09-23 03:56:05,SPXW,2026-09-30,P,8300.0,7764.6401,514.4,2.0,538.4,2.0,527.16,10.0,6.0,0.2392,-0.9961,0.0001,-0.1107,0.1541,-1.5839
2026-09-23T18:19:37Z,2026-09-23 03:56:05,SPXW,2026-09-30,C,8310.0,7764.6401,0.1,90.0,0.3,158.0,0.72,0.0,45.0,0.1696,0.0037,0.0001,-0.1078,0.1483,0.0053
2026-09-23T18:19:37Z,2026-09-23 03:56:05,SPXW,2026-09-30,P,8310.0,7764.6401,524.4,2.0,548.4,2.0,0.0,0.0,0.0,0.2429,-0.9962,0.0001,-0.108,0.1486,-1.5861
2026-09-23T18:19:37Z,2026-09-23 03:56:05,SPXW,2026-09-30,C,8320.0,7764.6401,0.1,86.0,0.3,169.0,0.49,0.0,42.0,0.1724,0.0036,0.0,-0.1053,0.1432,0.0051
2026-09-23T18:19:37Z,2026-09-23 03:56:05,SPXW,2026-09-30,P,8320.0,7764.6401,534.4,2.0,558.4,2.0,0.0,0.0,0.0,0.2467,-0.9964,0.0001,-0.1055,0.1435,-1.5882
2026-09-23T18:19:37Z,2026-09-23 03:56:05,SPXW,2026-09-30,C,8325.0,7764.6401,0.15,65.0,0.25,174.0,0.19,0.0,15045.0,0.1737,0.0035,0.0,-0.104,0.1407,0.005
2026-09-23T18:19:37Z,2026-09-23 03:56:05,SPXW,2026-09-30,P,8325.0,7764.6401,539.5,2.0,563.5,2.0,0.0,0.0,0.0,0.2498,-0.9964,0.0,-0.1042,0.141,-1.5892
2026-09-23T18:19:37Z,2026-09-23 03:56:05,SPXW,2026-09-30,C,8330.0,7764.6401,0.1,63.0,0.3,181.0,0.12,0.0,17.0,0.1751,0.0035,0.0,-0.1028,0.1383,0.0049
2026-09-23T18:19:37Z,2026-09-23 03:56:05,SPXW,2026-09-30,P,8330.0,7764.6401,544.4,2.0,568.4,2.0,0.0,0.0,0.0,0.2504,-0.9965,0.0,-0.103,0.1386,-1.5903
2026-09-23T18:19:37Z,2026-09-23 03:56:05,SPXW,2026-09-30,C,8340.0,7764.6401,0.1,65.0,0.3,191.0,0.45,0.0,12.0,0.1778,0.0033,0.0,-0.1004,0.1336,0.0047
2026-09-23T18:19:37Z,2026-09-23 03:56:05,SPXW,2026-09-30,P,8340.0,7764.6401,554.4,2.0,578.4,2.0,0.0,0.0,0.0,0.2541,-0.9966,0.0,-0.1006,0.1338,-1.5924
2026-09-23T18:19:37Z,2026-09-23 03:56:05,SPXW,2026-09-30,C,8350.0,7764.6401,0.1,66.0,0.3,201.0,0.25,0.0,1193.0,0.1806,0.0032,0.0,-0.0981,0.1291,0.0045
2026-09-23T18:19:37Z,2026-09-23 03:56:05,SPXW,2026-09-30,P,8350.0,7764.6401,564.4,2.0,588.4,2.0,576.92,0.0,6.0,0.2578,-0.9968,0.0,-0.0983,0.1294,-1.5945
2026-09-23T18:19:37Z,2026-09-23 03:56:05,SPXW,2026-09-30,C,8360.0,7764.6401,0.1,67.0,0.25,67.0,1.15,0.0,46.0,0.1808,0.0031,0.0,-0.096,0.1249,0.0044
2026-09-23T18:19:37Z,2026-09-23 03:56:05,SPXW,2026-09-30,P,8360.0,7764.6401,574.4,2.0,598.4,2.0,0.0,0.0,0.0,0.2615,-0.9969,0.0,-0.096,0.125,-1.5966
2026-09-23T18:19:37Z,2026-09-23 03:56:05,SPXW,2026-09-30,C,8370.0,7764.6401,0.05,205.0,0.25,65.0,0.25,0.0,27.0,0.1809,0.003,0.0,-0.0938,0.1208,0.0042
2026-09-23T18:19:37Z,2026-09-23 03:56:05,SPXW,2026-09-30,P,8370.0,7764.6401,584.3,2.0,608.3,2.0,0.0,0.0,0.0,0.2638,-0.997,0.0,-0.0938,0.1209,-1.5986
2026-09-23T18:19:37Z,2026-09-23 03:56:05,SPXW,2026-09-30,C,8375.0,7764.6401,0.05,203.0,0.25,63.0,0.65,0.0,40.0,0.1822,0.0029,0.0,-0.0927,0.1188,0.0041
2026-09-23T18:19:37Z,2026-09-23 03:56:05,SPXW,2026-09-30,P,8375.0,7764.6401,589.5,2.0,613.5,2.0,0.0,0.0,0.0,0.2684,-0.997,0.0,-0.0928,0.1189,-1.5997
2026-09-23T18:19:37Z,2026-09-23 03:56:05,SPXW,2026-09-30,C,8380.0,7764.6401,0.05,201.0,0.25,65.0,0.1,0.0,41.0,0.1835,0.0029,0.0,-0.0917,0.1168,0.0041
2026-09-23T18:19:37Z,2026-09-23 03:56:05,SPXW,2026-09-30,P,8380.0,7764.6401,594.3,2.0,618.3,2.0,0.0,0.0,0.0,0.2675,-0.9971,0.0,-0.0917,0.117,-1.6007
2026-09-23T18:19:37Z,2026-09-23 03:56:05,SPXW,2026-09-30,C,8390.0,7764.6401,0.05,198.0,0.25,139.0,0.87,0.0,33.0,0.1861,0.0028,0.0,-0.0896,0.113,0.0039
2026-09-23T18:19:37Z,2026-09-23 03:56:05,SPXW,2026-09-30,P,8390.0,7764.6401,604.4,2.0,628.4,2.0,0.0,0.0,0.0,0.2725,-0.9972,0.0,-0.0896,0.1132,-1.6027
2026-09-23T18:19:37Z,2026-09-23 03:56:05,SPXW,2026-09-30,C,8400.0,7764.6401,0.05,194.0,0.25,175.0,0.17,1.0,4654.0,0.1887,0.0027,0.0,-0.0876,0.1094,0.0038
2026-09-23T18:19:37Z,2026-09-23 03:56:05,SPXW,2026-09-30,P,8400.0,7764.6401,614.4,2.0,638.4,2.0,894.0,0.0,4.0,0.2762,-0.9973,0.0,-0.0876,0.1095,-1.6048
2026-09-23T18:19:37Z,2026-09-23 03:56:05,SPXW,2026-09-30,C,8410.0,7764.6401,0.05,192.0,0.25,184.0,0.5,0.0,32.0,0.1914,0.0026,0.0,-0.0856,0.1059,0.0037
2026-09-23T18:19:37Z,2026-09-23 03:56:05,SPXW,2026-09-30,P,8410.0,7764.6401,624.2,2.0,648.2,2.0,0.0,0.0,0.0,0.277,-0.9974,0.0,-0.0857,0.106,-1.6068
2026-09-23T18:19:37Z,2026-09-23 03:56:05,SPXW,2026-09-30,C,8420.0,7764.6401,0.05,197.0,0.25,192.0,0.35,0.0,46.0,0.194,0.0025,0.0,-0.0837,0.1026,0.0035
2026-09-23T18:19:37Z,2026-09-23 03:56:05,SPXW,2026-09-30,P,8420.0,7764.6401,634.2,2.0,658.2,2.0,0.0,0.0,0.0,0.2806,-0.9975,0.0,-0.0838,0.1026,-1.6089
2026-09-23T18:19:37Z,2026-09-23 03:56:05,SPXW,2026-09-30,C,8425.0,7764.6401,0.05,168.0,0.25,195.0,0.24,0.0,114.0,0.1955,0.0025,0.0,-0.0826,0.1008,0.0035
2026-09-23T18:19:37Z,2026-09-23 03:56:05,SPXW,2026-09-30,P,8425.0,7764.6401,639.4,2.0,663.4,2.0,0.0,0.0,0.0,0.2853,-0.9975,0.0,-0.0828,0.101,-1.6099
2026-09-23T18:19:37Z,2026-09-23 03:56:05,SPXW,2026-09-30,C,8430.0,7764.6401,0.05,172.0,0.2,71.0,0.07,0.0,6006.0,0.1934,0.0024,0.0,-0.0819,0.0994,0.0034
2026-09-23T18:19:37Z,2026-09-23 03:56:05,SPXW,2026-09-30,P,8430.0,7764.6401,644.3,2.0,668.3,2.0,0.0,0.0,0.0,0.2857,-0.9976,0.0,-0.0819,0.0994,-1.6109
2026-09-23T18:19:37Z,2026-09-23 03:56:05,SPXW,2026-09-30,C,8440.0,7764.6401,0.05,173.0,0.2,72.0,0.16,0.0,837.0,0.1959,0.0023,0.0,-0.08,0.0963,0.0033
2026-09-23T18:19:37Z,2026-09-23 03:56:05,SPXW,2026-09-30,P,8440.0,7764.6401,654.3,2.0,678.3,2.0,0.0,0.0,0.0,0.2893,-0.9976,0.0,-0.08,0.0963,-1.613
2026-09-23T18:19:37Z,2026-09-23 03:56:05,SPXW,2026-09-30,C,8450.0,7764.6401,0.05,172.0,0.2,73.0,0.1,0.0,1274.0,0.1985,0.0023,0.0,-0.0782,0.0933,0.0032
2026-09-23T18:19:37Z,2026-09-23 03:56:05,SPXW,2026-09-30,P,8450.0,7764.6401,664.2,2.0,688.2,2.0,985.92,0.0,1.0,0.2914,-0.9977,0.0,-0.0783,0.0933,-1.615
2026-09-23T18:19:37Z,2026-09-23 03:56:05,SPXW,2026-09-30,C,8460.0,7764.6401,0.05,172.0,0.2,68.0,0.75,0.0,6001.0,0.201,0.0022,0.0,-0.0765,0.0904,0.0031
2026-09-23T18:19:37Z,2026-09-23 03:56:05,SPXW,2026-09-30,P,8460.0,7764.6401,674.3,2.0,698.3,2.0,0.0,0.0,0.0,0.2965,-0.9978,0.0,-0.0765,0.0905,-1.617
2026-09-23T18:19:37Z,2026-09-23 03:56:05,SPXW,2026-09-30,C,8470.0,7764.6401,0.05,100.0,0.2,74.0,0.65,0.0,46.0,0.2036,0.0021,0.0,-0.0748,0.0877,0.003
2026-09-23T18:19:37Z,2026-09-23 03:56:05,SPXW,2026-09-30,P,8470.0,7764.6401,684.4,2.0,708.4,2.0,0.0,0.0,0.0,0.3016,-0.9978,0.0,-0.0748,0.0877,-1.619
2026-09-23T18:19:37Z,2026-09-23 03:56:05,SPXW,2026-09-30,C,8475.0,7764.6401,0.05,100.0,0.2,76.0,0.25,0.0,1741.0,0.2049,0.0021,0.0,-0.074,0.0863,0.0029
2026-09-23T18:19:37Z,2026-09-23 03:56:05,SPXW,2026-09-30,P,8475.0,7764.6401,689.2,2.0,713.2,2.0,1030.84,0.0,2.0,0.3004,-0.9979,0.0,-0.074,0.0864,-1.62
2026-09-23T18:19:37Z,2026-09-23 03:56:05,SPXW,2026-09-30,C,8480.0,7764.6401,0.05,100.0,0.2,78.0,0.3,0.0,39.0,0.2062,0.002,0.0,-0.0731,0.085,0.0029
2026-09-23T18:19:37Z,2026-09-23 03:56:05,SPXW,2026-09-30,P,8480.0,7764.6401,694.3,2.0,718.3,2.0,0.0,0.0,0.0,0.3037,-0.9979,0.0,-0.0732,0.085,-1.621
2026-09-23T18:19:37Z,2026-09-23 03:56:05,SPXW,2026-09-30,C,8490.0,7764.6401,0.05,100.0,0.2,82.0,0.15,0.0,59.0,0.2087,0.002,0.0,-0.0715,0.0824,0.0028
2026-09-23T18:19:37Z,2026-09-23 03:56:05,SPXW,2026-09-30,P,8490.0,7764.6401,704.3,2.0,728.3,2.0,0.0,0.0,0.0,0.3073,-0.998,0.0,-0.0715,0.0825,-1.6231
2026-09-23T18:19:37Z,2026-09-23 03:56:05,SPXW,2026-09-30,C,8500.0,7764.6401,0.05,200.0,0.2,88.0,0.15,2001.0,11700.0,0.2112,0.0019,0.0,-0.0699,0.0799,0.0027
2026-09-23T18:19:37Z,2026-09-23 03:56:05,SPXW,2026-09-30,P,8500.0,7764.6401,714.3,2.0,738.3,2.0,890.33,0.0,7.0,0.3108,-0.998,0.0,-0.0699,0.08,-1.6251
2026-09-23T18:19:37Z,2026-09-23 03:56:05,SPXW,2026-09-30,C,8510.0,7764.6401,0.05,100.0,0.2,92.0,0.5,0.0,87.0,0.2138,0.0019,0.0,-0.0683,0.0775,0.0026
2026-09-23T18:19:37Z,2026-09-23 03:56:05,SPXW,2026-09-30,P,8510.0,7764.6401,724.2,2.0,748.2,2.0,0.0,0.0,0.0,0.3128,-0.9981,0.0,-0.0684,0.0776,-1.6271
2026-09-23T18:19:37Z,2026-09-23 03:56:05,SPXW,2026-09-30,C,8520.0,7764.6401,0.05,100.0,0.15,98.0,0.1,0.0,9.0,0.2163,0.0018,0.0,-0.0668,0.0752,0.0025
2026-09-23T18:19:37Z,2026-09-23 03:56:05,SPXW,2026-09-30,P,8520.0,7764.6401,734.1,2.0,758.1,2.0,0.0,0.0,0.0,0.3148,-0.9982,0.0,-0.0669,0.0752,-1.6291
2026-09-23T18:19:37Z,2026-09-23 03:56:05,SPXW,2026-09-30,C,8525.0,7764.6401,0.05,100.0,0.15,100.0,0.65,0.0,8.0,0.2175,0.0018,0.0,-0.0661,0.074,0.0025
2026-09-23T18:19:37Z,2026-09-23 03:56:05,SPXW,2026-09-30,P,8525.0,7764.6401,739.3,2.0,763.3,2.0,0.0,0.0,0.0,0.3197,-0.9982,0.0,-0.0661,0.0741,-1.6301
2026-09-23T18:19:37Z,2026-09-23 03:56:05,SPXW,2026-09-30,C,8530.0,7764.6401,0.05,100.0,0.15,76.0,0.65,0.0,5.0,0.2146,0.0017,0.0,-0.0653,0.0729,0.0024
2026-09-23T18:19:37Z,2026-09-23 03:56:05,SPXW,2026-09-30,P,8530.0,7764.6401,744.2,2.0,768.2,2.0,0.0,0.0,0.0,0.3199,-0.9982,0.0,-0.0654,0.073,-1.6311
2026-09-23T18:19:37Z,2026-09-23 03:56:05,SPXW,2026-09-30,C,8540.0,7764.6401,0.05,100.0,0.15,81.0,0.1,200.0,104.0,0.2171,0.0017,0.0,-0.0639,0.0707,0.0024
2026-09-23T18:19:37Z,2026-09-23 03:56:05,SPXW,2026-09-30,P,8540.0,7764.6401,754.1,2.0,778.1,2.0,0.0,0.0,0.0,0.3218,-0.9983,0.0,-0.0639,0.0708,-1.633
